name,position,team,week,opponent_team,pass_yds,pass_td,pass_att,pass_cmp,pass_int,rush_yds,rush_td,carries,rec,rec_yds,rec_td,targets,return_td,off_fumble_return_td,two_pt,fg_0_19,fg_20_29,fg_30_39,fg_40_49,fg_50_plus,fg_60_plus,pat_made,def_td,def_safety,def_return_td,def_xp_returned,def_points_allowed
A.J. Derby,TE,NE,1,ARI,0,0,0,0,0,0,0,0,0,0,0,0,0,0,0,0,0,0,0,0,0,0,,,,,
A.J. Green,WR,CIN,1,NYJ,0,0,0,0,0,0,0,0,12,180,1,13,0,0,0,0,0,0,0,0,0,0,,,,,
ARI,DEF,ARI,1,NE,,,,,,,,,,,,,,,,,,,,,,,0,0,0,0,23.0
ATL,DEF,ATL,1,TB,,,,,,,,,,,,,,,,,,,,,,,0,0,0,0,31.0
Aaron Burbridge,WR,SF,1,LA,0,0,0,0,0,0,0,0,0,0,0,0,0,0,0,0,0,0,0,0,0,0,,,,,
Aaron Rodgers,QB,GB,1,JAX,199,2,34,20,0,16,1,4,0,0,0,0,0,0,0,0,0,0,0,0,0,0,,,,,
Adam Humphries,WR,TB,1,ATL,0,0,0,0,0,7,0,1,3,34,0,5,0,0,0,0,0,0,0,0,0,0,,,,,
Adam Thielen,WR,MIN,1,TEN,0,0,0,0,0,0,0,0,4,54,0,5,0,0,0,0,0,0,0,0,0,0,,,,,
Adam Vinatieri,K,IND,1,DET,0,0,0,0,0,0,0,0,0,0,0,0,0,0,0,0,0,0,1,1,0,3,,,,,
Adrian Peterson,RB,MIN,1,TEN,0,0,0,0,0,31,0,19,0,0,0,2,0,0,0,0,0,0,0,0,0,0,,,,,
Albert Wilson,WR,KC,1,LAC,0,0,0,0,0,0,0,0,3,1,0,5,0,0,0,0,0,0,0,0,0,0,,,,,
Alex Erickson,WR,CIN,1,NYJ,0,0,0,0,0,0,0,0,0,0,0,0,0,0,0,0,0,0,0,0,0,0,,,,,
Alex Smith,QB,KC,1,LAC,363,2,48,34,1,15,1,4,0,0,0,0,0,0,0,0,0,0,0,0,0,0,,,,,
Alfred Blue,RB,HOU,1,CHI,0,0,0,0,0,4,0,1,0,0,0,0,0,0,0,0,0,0,0,0,0,0,,,,,
Alfred Morris,RB,DAL,1,NYG,0,0,0,0,0,35,0,7,0,0,0,1,0,0,0,0,0,0,0,0,0,0,,,,,
Allen Hurns,WR,JAX,1,GB,0,0,0,0,0,0,0,0,4,75,0,5,0,0,0,0,0,0,0,0,0,0,,,,,
Allen Robinson,WR,JAX,1,GB,0,0,0,0,0,0,0,0,6,72,0,15,0,0,0,0,0,0,0,0,0,0,,,,,
Alshon Jeffery,WR,CHI,1,HOU,0,0,0,0,0,0,0,0,4,105,0,6,0,0,0,0,0,0,0,0,0,0,,,,,
Amari Cooper,WR,LV,1,NO,0,0,0,0,0,0,0,0,6,137,0,11,0,0,1,0,0,0,0,0,0,0,,,,,
Ameer Abdullah,RB,DET,1,IND,0,0,0,0,0,63,0,12,5,57,1,5,0,0,0,0,0,0,0,0,0,0,,,,,
Andre Ellington,RB,ARI,1,NE,0,0,0,0,0,0,0,0,2,8,0,2,0,0,0,0,0,0,0,0,0,0,,,,,
Andre Holmes,WR,LV,1,NO,0,0,0,0,0,0,0,0,0,0,0,1,0,0,0,0,0,0,0,0,0,0,,,,,
Andre Johnson,WR,TEN,1,MIN,0,0,0,0,0,0,0,0,3,30,0,7,0,0,0,0,0,0,0,0,0,0,,,,,
Andre Roberts,WR,DET,1,IND,0,0,0,0,0,0,0,0,1,8,0,1,0,0,0,0,0,0,0,0,0,0,,,,,
Andrew Franks,K,MIA,1,SEA,0,0,0,0,0,0,0,0,0,0,0,0,0,0,0,0,0,0,1,0,0,1,,,,,
Andrew Hawkins,WR,CLE,1,PHI,0,0,0,0,0,-1,0,1,0,0,0,3,0,0,0,0,0,0,0,0,0,0,,,,,
Andrew Luck,QB,IND,1,DET,385,4,47,31,0,21,0,3,0,0,0,0,0,0,1,0,0,0,0,0,0,0,,,,,
Andy Dalton,QB,CIN,1,NYJ,366,1,30,23,1,7,0,3,0,0,0,0,0,0,0,0,0,0,0,0,0,0,,,,,
Anquan Boldin,WR,DET,1,IND,0,0,0,0,0,0,0,0,3,35,0,3,0,0,0,0,0,0,0,0,0,0,,,,,
Antonio Brown,WR,PIT,1,WAS,0,0,0,0,0,0,0,0,8,126,2,11,0,0,0,0,0,0,0,0,0,0,,,,,
Antonio Gates,TE,LAC,1,KC,0,0,0,0,0,0,0,0,3,20,0,4,0,0,0,0,0,0,0,0,0,0,,,,,
Arian Foster,RB,MIA,1,SEA,0,0,0,0,0,38,0,13,3,62,0,5,0,0,0,0,0,0,0,0,0,0,,,,,
Arrelious Benn,WR,JAX,1,GB,0,0,0,0,0,0,0,0,0,0,0,0,0,0,0,0,0,0,0,0,0,0,,,,,
Austin Hooper,TE,ATL,1,TB,0,0,0,0,0,0,0,0,1,14,0,1,0,0,0,0,0,0,0,0,0,0,,,,,
Austin Seferian-Jenkins,TE,TB,1,ATL,0,0,0,0,0,0,0,0,1,30,1,1,0,0,0,0,0,0,0,0,0,0,,,,,
BAL,DEF,BAL,1,BUF,,,,,,,,,,,,,,,,,,,,,,,0,0,0,0,7.0
BUF,DEF,BUF,1,BAL,,,,,,,,,,,,,,,,,,,,,,,0,0,0,0,13.0
Ben Roethlisberger,QB,PIT,1,WAS,300,3,37,27,1,-2,0,1,0,0,0,0,0,0,0,0,0,0,0,0,0,0,,,,,
Benny Cunningham,RB,LA,1,SF,0,0,0,0,0,1,0,1,1,7,0,1,0,0,0,0,0,0,0,0,0,0,,,,,
Bilal Powell,RB,NYJ,1,CIN,0,0,0,0,0,41,0,4,2,7,0,4,0,0,0,0,0,0,0,0,0,0,,,,,
Blaine Gabbert,QB,SF,1,LA,170,1,35,22,0,43,0,9,1,-16,0,1,0,0,0,0,0,0,0,0,0,0,,,,,
Blair Walsh,K,MIN,1,TEN,0,0,0,0,0,0,0,0,0,0,0,0,0,0,0,0,0,2,1,1,0,1,,,,,
Blake Bortles,QB,JAX,1,GB,320,1,39,24,1,2,0,2,0,0,0,0,0,0,0,0,0,0,0,0,0,0,,,,,
Bradley Sowell,TE,SEA,1,MIA,0,0,0,0,0,0,0,0,0,0,0,0,0,0,0,0,0,0,0,0,0,0,,,,,
Brandin Cooks,WR,NO,1,LV,0,0,0,0,0,11,0,1,6,143,2,9,0,0,0,0,0,0,0,0,0,0,,,,,
Brandon Bolden,RB,NE,1,ARI,0,0,0,0,0,4,0,1,0,0,0,0,0,0,0,0,0,0,0,0,0,0,,,,,
Brandon LaFell,WR,CIN,1,NYJ,0,0,0,0,0,0,0,0,4,91,0,4,0,0,0,0,0,0,0,0,0,0,,,,,
Brandon Marshall,WR,NYJ,1,CIN,0,0,0,0,0,0,0,0,3,32,0,8,0,0,0,0,0,0,0,0,0,0,,,,,
Brandon McManus,K,DEN,1,CAR,0,0,0,0,0,0,0,0,0,0,0,0,0,0,0,0,0,0,0,0,0,3,,,,,
Brandon Myers,TE,TB,1,ATL,0,0,0,0,0,0,0,0,1,4,1,1,0,0,0,0,0,0,0,0,0,0,,,,,
Brandon Tate,WR,BUF,1,BAL,0,0,0,0,0,0,0,0,0,0,0,0,0,0,0,0,0,0,0,0,0,0,,,,,
Brandon Williams,TE,SEA,1,MIA,0,0,0,0,0,0,0,0,0,0,0,0,0,0,0,0,0,0,0,0,0,0,,,,,
Braxton Miller,WR,HOU,1,CHI,0,0,0,0,0,0,0,0,1,6,0,3,0,0,0,0,0,0,0,0,0,0,,,,,
Brent Celek,TE,PHI,1,CLE,0,0,0,0,0,0,0,0,1,11,0,1,0,0,0,0,0,0,0,0,0,0,,,,,
Breshad Perriman,WR,BAL,1,BUF,0,0,0,0,0,0,0,0,1,35,0,2,0,0,0,0,0,0,0,0,0,0,,,,,
Brian Quick,WR,LA,1,SF,0,0,0,0,0,0,0,0,3,23,0,5,0,0,0,0,0,0,0,0,0,0,,,,,
Brice Butler,WR,DAL,1,NYG,0,0,0,0,0,0,0,0,1,16,0,2,0,0,0,0,0,0,0,0,0,0,,,,,
Brock Osweiler,QB,HOU,1,CHI,231,2,35,22,1,14,0,4,0,0,0,0,0,0,0,0,0,0,0,0,0,0,,,,,
C.J. Anderson,RB,DEN,1,CAR,0,0,0,0,0,92,1,20,4,47,1,5,0,0,0,0,0,0,0,0,0,0,,,,,
C.J. Fiedorowicz,TE,HOU,1,CHI,0,0,0,0,0,0,0,0,1,6,0,2,0,0,0,0,0,0,0,0,0,0,,,,,
C.J. Prosise,RB,SEA,1,MIA,0,0,0,0,0,-2,0,1,1,13,0,1,0,0,0,0,0,0,0,0,0,0,,,,,
C.J. Uzomah,TE,CIN,1,NYJ,0,0,0,0,0,0,0,0,2,59,0,5,0,0,0,0,0,0,0,0,0,0,,,,,
CAR,DEF,CAR,1,DEN,,,,,,,,,,,,,,,,,,,,,,,0,0,0,0,21.0
CHI,DEF,CHI,1,HOU,,,,,,,,,,,,,,,,,,,,,,,0,0,0,0,23.0
CIN,DEF,CIN,1,NYJ,,,,,,,,,,,,,,,,,,,,,,,0,0,0,0,22.0
CLE,DEF,CLE,1,PHI,,,,,,,,,,,,,,,,,,,,,,,0,0,0,0,29.0
Cairo Santos,K,KC,1,LAC,0,0,0,0,0,0,0,0,0,0,0,0,0,0,0,0,0,1,1,0,0,3,,,,,
Caleb Sturgis,K,PHI,1,CLE,0,0,0,0,0,0,0,0,0,0,0,0,0,0,0,0,1,1,0,0,0,3,,,,,
Cam Newton,QB,CAR,1,DEN,194,1,33,18,1,54,1,11,0,0,0,0,0,0,0,0,0,0,0,0,0,0,,,,,
Cameron Brate,TE,TB,1,ATL,0,0,0,0,0,0,0,0,3,30,0,3,0,0,0,0,0,0,0,0,0,0,,,,,
Carlos Hyde,RB,SF,1,LA,0,0,0,0,0,88,2,23,2,5,0,3,0,0,0,0,0,0,0,0,0,0,,,,,
Carson Palmer,QB,ARI,1,NE,271,2,37,24,0,1,0,2,0,0,0,0,0,0,0,0,0,0,0,0,0,0,,,,,
Carson Wentz,QB,PHI,1,CLE,278,2,37,22,0,1,0,2,0,0,0,0,0,0,0,0,0,0,0,0,0,0,,,,,
Case Keenum,QB,LA,1,SF,130,0,35,17,2,10,0,3,0,0,0,0,0,0,0,0,0,0,0,0,0,0,,,,,
Chandler Catanzaro,K,ARI,1,NE,0,0,0,0,0,0,0,0,0,0,0,0,0,0,0,0,0,0,0,0,0,3,,,,,
Charcandrick West,RB,KC,1,LAC,0,0,0,0,0,-1,0,3,6,24,0,6,0,0,0,0,0,0,0,0,0,0,,,,,
Charles Clay,TE,BUF,1,BAL,0,0,0,0,0,0,0,0,2,40,0,3,0,0,0,0,0,0,0,0,0,0,,,,,
Charles D. Johnson,WR,MIN,1,TEN,0,0,0,0,0,0,0,0,1,5,0,6,0,0,0,0,0,0,0,0,0,0,,,,,
Charles Sims,RB,TB,1,ATL,0,0,0,0,0,9,0,4,3,32,1,3,0,0,0,0,0,0,0,0,0,0,,,,,
Chase Reynolds,RB,LA,1,SF,0,0,0,0,0,0,0,0,0,0,0,0,0,0,0,0,0,0,0,0,0,0,,,,,
Chris Boswell,K,PIT,1,WAS,0,0,0,0,0,0,0,0,0,0,0,0,0,0,0,0,0,0,1,0,0,5,,,,,
Chris Conley,WR,KC,1,LAC,0,0,0,0,0,0,0,0,4,43,0,7,0,0,0,0,0,0,0,0,0,0,,,,,
Chris Hogan,WR,NE,1,ARI,0,0,0,0,0,0,0,0,3,60,1,4,0,0,0,0,0,0,0,0,0,0,,,,,
Chris Johnson,RB,ARI,1,NE,0,0,0,0,0,2,0,1,0,0,0,0,0,0,0,0,0,0,0,0,0,0,,,,,
Chris Moore,WR,BAL,1,BUF,0,0,0,0,0,0,0,0,1,13,0,2,0,0,0,0,0,0,0,0,0,0,,,,,
Chris Thompson,RB,WAS,1,PIT,0,0,0,0,0,23,1,4,2,16,0,2,0,0,0,0,0,0,0,0,0,0,,,,,
Christine Michael,RB,SEA,1,MIA,0,0,0,0,0,66,0,15,2,5,0,4,0,0,0,0,0,0,0,0,0,0,,,,,
Clive Walford,TE,LV,1,NO,0,0,0,0,0,0,0,0,3,25,0,5,0,0,0,0,0,0,0,0,0,0,,,,,
Coby Fleener,TE,NO,1,LV,0,0,0,0,0,0,0,0,1,6,0,4,0,0,0,0,0,0,0,0,0,0,,,,,
Cody Latimer,WR,DEN,1,CAR,0,0,0,0,0,0,0,0,0,0,0,0,0,0,0,0,0,0,0,0,0,0,,,,,
Cole Beasley,WR,DAL,1,NYG,0,0,0,0,0,0,0,0,8,65,0,12,0,0,0,0,0,0,0,0,0,0,,,,,
Cole Wick,TE,DET,1,IND,0,0,0,0,0,0,0,0,1,5,0,1,0,0,0,0,0,0,0,0,0,0,,,,,
Connor Barth,K,CHI,1,HOU,0,0,0,0,0,0,0,0,0,0,0,0,0,0,0,0,0,0,0,0,0,2,,,,,
Cordarrelle Patterson,RB,MIN,1,TEN,0,0,0,0,0,8,0,1,1,6,0,1,0,0,0,0,0,0,0,0,0,0,,,,,
Corey Brown,WR,CAR,1,DEN,0,0,0,0,0,0,0,0,1,11,0,2,0,0,0,0,0,0,0,0,0,0,,,,,
Corey Coleman,WR,CLE,1,PHI,0,0,0,0,0,0,0,0,2,69,0,5,0,0,0,0,0,0,0,0,0,0,,,,,
Corey Grant,RB,JAX,1,GB,0,0,0,0,0,0,0,0,0,0,0,0,0,0,0,0,0,0,0,0,0,0,,,,,
Crockett Gillmore,TE,BAL,1,BUF,0,0,0,0,0,0,0,0,1,5,0,1,0,0,0,0,0,0,0,0,0,0,,,,,
DAL,DEF,DAL,1,NYG,,,,,,,,,,,,,,,,,,,,,,,0,0,0,0,20.0
DEN,DEF,DEN,1,CAR,,,,,,,,,,,,,,,,,,,,,,,0,0,0,0,20.0
DET,DEF,DET,1,IND,,,,,,,,,,,,,,,,,,,,,,,0,1,0,0,35.0
Dak Prescott,QB,DAL,1,NYG,227,0,45,25,0,12,0,2,0,0,0,0,0,0,0,0,0,0,0,0,0,0,,,,,
Damien Williams,RB,MIA,1,SEA,0,0,0,0,0,9,0,2,1,29,0,2,0,0,0,0,0,0,0,0,0,0,,,,,
Dan Bailey,K,DAL,1,NYG,0,0,0,0,0,0,0,0,0,0,0,0,0,0,0,0,2,0,0,2,0,1,,,,,
Dan Carpenter,K,BUF,1,BAL,0,0,0,0,0,0,0,0,0,0,0,0,0,0,0,0,0,0,0,0,0,1,,,,,
Daniel Lasco,RB,NO,1,LV,0,0,0,0,0,0,0,0,0,0,0,0,0,0,0,0,0,0,0,0,0,0,,,,,
Danny Amendola,WR,NE,1,ARI,0,0,0,0,0,0,0,0,3,48,0,4,0,0,0,0,0,0,0,0,0,0,,,,,
Danny Woodhead,RB,LAC,1,KC,0,0,0,0,0,89,0,16,5,31,1,7,0,0,0,0,0,0,0,0,0,0,,,,,
Darren Sproles,RB,PHI,1,CLE,0,0,0,0,0,12,0,5,2,24,0,5,0,0,0,0,0,0,0,0,0,0,,,,,
Davante Adams,WR,GB,1,JAX,0,0,0,0,0,0,0,0,3,50,1,7,0,0,0,0,0,0,0,0,0,0,,,,,
David Johnson,RB,ARI,1,NE,0,0,0,0,0,89,1,16,4,43,0,6,0,0,0,0,0,0,0,0,0,0,,,,,
DeAndre Hopkins,WR,HOU,1,CHI,0,0,0,0,0,0,0,0,5,54,1,8,0,0,0,0,0,0,0,0,0,0,,,,,
DeAndre Washington,RB,LV,1,NO,0,0,0,0,0,14,0,5,1,10,0,1,0,0,0,0,0,0,0,0,0,0,,,,,
DeAngelo Williams,RB,PIT,1,WAS,0,0,0,0,0,143,2,26,6,28,0,9,0,0,0,0,0,0,0,0,0,0,,,,,
DeMarco Murray,RB,TEN,1,MIN,0,0,0,0,0,42,0,13,5,35,2,7,0,0,0,0,0,0,0,0,0,0,,,,,
DeSean Jackson,WR,WAS,1,PIT,0,0,0,0,0,0,0,0,6,102,0,10,0,0,0,0,0,0,0,0,0,0,,,,,
Delanie Walker,TE,TEN,1,MIN,0,0,0,0,0,0,0,0,3,42,0,5,0,0,0,0,0,0,0,0,0,0,,,,,
Demaryius Thomas,WR,DEN,1,CAR,0,0,0,0,0,0,0,0,4,48,0,6,0,0,0,0,0,0,0,0,0,0,,,,,
Demetrius Harris,TE,KC,1,LAC,0,0,0,0,0,0,0,0,2,20,0,3,0,0,0,0,0,0,0,0,0,0,,,,,
Denard Robinson,RB,JAX,1,GB,0,0,0,0,0,7,0,3,0,0,0,0,0,0,0,0,0,0,0,0,0,0,,,,,
Dennis Pitta,TE,BAL,1,BUF,0,0,0,0,0,0,0,0,3,39,0,4,0,0,0,0,0,0,0,0,0,0,,,,,
Deonte Thompson,WR,CHI,1,HOU,0,0,0,0,0,0,0,0,0,0,0,0,0,0,0,0,0,0,0,0,0,0,,,,,
Derek Carr,QB,LV,1,NO,319,1,38,24,0,16,0,2,0,0,0,0,0,0,2,0,0,0,0,0,0,0,,,,,
Derrick Henry,RB,TEN,1,MIN,0,0,0,0,0,3,0,5,2,41,0,2,0,0,0,0,0,0,0,0,0,0,,,,,
Devin Funchess,WR,CAR,1,DEN,0,0,0,0,0,0,0,0,1,9,0,4,0,0,0,0,0,0,0,0,0,0,,,,,
Devin Hester,WR,BAL,1,BUF,0,0,0,0,0,0,0,0,0,0,0,0,0,0,0,0,0,0,0,0,0,0,,,,,
Devonta Freeman,RB,ATL,1,TB,0,0,0,0,0,20,0,11,4,20,0,4,0,0,0,0,0,0,0,0,0,0,,,,,
Devontae Booker,RB,DEN,1,CAR,0,0,0,0,0,8,0,3,0,0,0,0,0,0,0,0,0,0,0,0,0,0,,,,,
Dez Bryant,WR,DAL,1,NYG,0,0,0,0,0,0,0,0,1,8,0,5,0,0,0,0,0,0,0,0,0,0,,,,,
Donte Moncrief,WR,IND,1,DET,0,0,0,0,0,0,0,0,6,64,1,7,0,0,0,0,0,0,0,0,0,0,,,,,
Dontrelle Inman,WR,LAC,1,KC,0,0,0,0,0,0,0,0,1,6,0,3,0,0,0,0,0,0,0,0,0,0,,,,,
Dorial Green-Beckham,WR,PHI,1,CLE,0,0,0,0,0,0,0,0,2,14,0,2,0,0,0,0,0,0,0,0,0,0,,,,,
Doug Baldwin,WR,SEA,1,MIA,0,0,0,0,0,0,0,0,9,92,1,11,0,0,0,0,0,0,0,0,0,0,,,,,
Doug Martin,RB,TB,1,ATL,0,0,0,0,0,62,0,18,5,34,0,5,0,0,0,0,0,0,0,0,0,0,,,,,
Drew Brees,QB,NO,1,LV,423,4,42,28,0,5,0,2,0,0,0,0,0,0,0,0,0,0,0,0,0,0,,,,,
Duke Johnson,RB,CLE,1,PHI,0,0,0,0,0,22,0,3,3,28,0,5,0,0,0,0,0,0,0,0,0,0,,,,,
Dustin Hopkins,K,WAS,1,PIT,0,0,0,0,0,0,0,0,0,0,0,0,0,0,0,0,0,2,1,0,0,1,,,,,
Dwayne Allen,TE,IND,1,DET,0,0,0,0,0,0,0,0,4,53,1,6,0,0,1,0,0,0,0,0,0,0,,,,,
Dwayne Harris,WR,NYG,1,DAL,0,0,0,0,0,0,0,0,0,0,0,0,0,0,0,0,0,0,0,0,0,0,,,,,
Dwayne Washington,RB,DET,1,IND,0,0,0,0,0,1,1,2,0,0,0,0,0,0,0,0,0,0,0,0,0,0,,,,,
Eddie Lacy,RB,GB,1,JAX,0,0,0,0,0,61,0,14,1,17,0,2,0,0,0,0,0,0,0,0,0,0,,,,,
Eddie Royal,WR,CHI,1,HOU,0,0,0,0,0,0,0,0,4,57,1,6,0,0,0,0,0,0,0,0,0,0,,,,,
Eli Manning,QB,NYG,1,DAL,207,3,28,19,1,0,0,0,0,0,0,0,0,0,0,0,0,0,0,0,0,0,,,,,
Eli Rogers,WR,PIT,1,WAS,0,0,0,0,0,0,0,0,6,59,1,7,0,0,0,0,0,0,0,0,0,0,,,,,
Emmanuel Sanders,WR,DEN,1,CAR,0,0,0,0,0,0,0,0,5,49,0,8,0,0,0,0,0,0,0,0,0,0,,,,,
Eric Decker,WR,NYJ,1,CIN,0,0,0,0,0,0,0,0,2,37,1,7,0,0,0,0,0,0,0,0,0,0,,,,,
Eric Ebron,TE,DET,1,IND,0,0,0,0,0,0,0,0,5,46,1,5,0,0,0,0,0,0,0,0,0,0,,,,,
Eric Weems,WR,ATL,1,TB,0,0,0,0,0,0,0,0,0,0,0,0,0,0,0,0,0,0,0,0,0,0,,,,,
Erik Swoope,TE,IND,1,DET,0,0,0,0,0,0,0,0,0,0,0,0,0,0,0,0,0,0,0,0,0,0,,,,,
Ezekiel Elliott,RB,DAL,1,NYG,0,0,0,0,0,51,1,20,1,1,0,2,0,0,0,0,0,0,0,0,0,0,,,,,
Fitzgerald Toussaint,RB,PIT,1,WAS,0,0,0,0,0,6,0,3,0,0,0,0,0,0,0,0,0,0,0,0,0,0,,,,,
Fozzy Whittaker,RB,CAR,1,DEN,0,0,0,0,0,13,0,3,1,4,0,1,0,0,0,0,0,0,0,0,0,0,,,,,
Frank Gore,RB,IND,1,DET,0,0,0,0,0,59,0,14,4,19,0,6,0,0,0,0,0,0,0,0,0,0,,,,,
GB,DEF,GB,1,JAX,,,,,,,,,,,,,,,,,,,,,,,0,0,0,0,23.0
Garrett Celek,TE,SF,1,LA,0,0,0,0,0,0,0,0,1,15,0,4,0,0,0,0,0,0,0,0,0,0,,,,,
Gary Barnidge,TE,CLE,1,PHI,0,0,0,0,0,0,0,0,0,0,0,2,0,0,0,0,0,0,0,0,0,0,,,,,
Gavin Escobar,TE,DAL,1,NYG,0,0,0,0,0,0,0,0,0,0,0,0,0,0,0,0,0,0,0,0,0,0,,,,,
Geoff Swaim,TE,DAL,1,NYG,0,0,0,0,0,0,0,0,1,21,0,1,0,0,0,0,0,0,0,0,0,0,,,,,
Giovani Bernard,RB,CIN,1,NYJ,0,0,0,0,0,25,0,5,2,5,0,4,0,0,0,0,0,0,0,0,0,0,,,,,
Golden Tate,WR,DET,1,IND,0,0,0,0,0,2,0,1,7,41,0,7,0,0,0,0,0,0,0,0,0,0,,,,,
Graham Gano,K,CAR,1,DEN,0,0,0,0,0,0,0,0,0,0,0,0,0,0,0,0,0,1,1,0,0,2,,,,,
Greg Olsen,TE,CAR,1,DEN,0,0,0,0,0,0,0,0,7,73,0,9,0,0,0,0,0,0,0,0,0,0,,,,,
Greg Salas,WR,BUF,1,BAL,0,0,0,0,0,0,0,0,0,0,0,1,0,0,0,0,0,0,0,0,0,0,,,,,
Greg Zuerlein,K,LA,1,SF,0,0,0,0,0,0,0,0,0,0,0,0,0,0,0,0,0,0,0,0,0,0,,,,,
HOU,DEF,HOU,1,CHI,,,,,,,,,,,,,,,,,,,,,,,0,0,0,0,14.0
Harry Douglas,WR,TEN,1,MIN,0,0,0,0,0,0,0,0,2,21,0,5,0,0,0,0,0,0,0,0,0,0,,,,,
Hunter Henry,TE,LAC,1,KC,0,0,0,0,0,0,0,0,1,20,0,2,0,0,0,0,0,0,0,0,0,0,,,,,
IND,DEF,IND,1,DET,,,,,,,,,,,,,,,,,,,,,,,0,0,0,0,39.0
Isaiah Crowell,RB,CLE,1,PHI,0,0,0,0,0,62,1,12,2,16,0,2,0,0,0,0,0,0,0,0,0,0,,,,,
J.J. Nelson,WR,ARI,1,NE,0,0,0,0,0,0,0,0,1,11,0,2,0,0,0,0,0,0,0,0,0,0,,,,,
JAX,DEF,JAX,1,GB,,,,,,,,,,,,,,,,,,,,,,,0,0,0,0,27.0
Jack Doyle,TE,IND,1,DET,0,0,0,0,0,0,0,0,3,35,2,4,0,0,0,0,0,0,0,0,0,0,,,,,
Jacob Tamme,TE,ATL,1,TB,0,0,0,0,0,0,0,0,6,51,0,8,0,0,0,0,0,0,0,0,0,0,,,,,
Jakeem Grant,WR,MIA,1,SEA,0,0,0,0,0,0,0,0,0,0,0,0,0,0,0,0,0,0,0,0,0,0,,,,,
Jalen Richard,RB,LV,1,NO,0,0,0,0,0,84,1,3,2,11,0,2,0,0,0,0,0,0,0,0,0,0,,,,,
Jalin Marshall,WR,NYJ,1,CIN,0,0,0,0,0,0,0,0,0,0,0,0,0,0,0,0,0,0,0,0,0,0,,,,,
Jameis Winston,QB,TB,1,ATL,281,4,32,23,1,3,0,4,0,0,0,0,0,0,0,0,0,0,0,0,0,0,,,,,
James O'Shaughnessy,TE,KC,1,LAC,0,0,0,0,0,0,0,0,0,0,0,0,0,0,0,0,0,0,0,0,0,0,,,,,
James Starks,RB,GB,1,JAX,0,0,0,0,0,7,0,4,1,6,0,1,0,0,0,0,0,0,0,0,0,0,,,,,
James White,RB,NE,1,ARI,0,0,0,0,0,4,0,1,5,40,0,7,0,0,0,0,0,0,0,0,0,0,,,,,
James Wright,WR,CIN,1,NYJ,0,0,0,0,0,-6,0,2,1,7,0,1,0,0,0,0,0,0,0,0,0,0,,,,,
Jamison Crowder,WR,WAS,1,PIT,0,0,0,0,0,0,0,0,6,58,0,10,0,0,0,0,0,0,0,0,0,0,,,,,
Jamize Olawale,RB,LV,1,NO,0,0,0,0,0,2,1,1,0,0,0,0,0,0,0,0,0,0,0,0,0,0,,,,,
Jared Abbrederis,WR,GB,1,JAX,0,0,0,0,0,0,0,0,1,8,0,1,0,0,0,0,0,0,0,0,0,0,,,,,
Jared Cook,TE,GB,1,JAX,0,0,0,0,0,0,0,0,1,7,0,2,0,0,0,0,0,0,0,0,0,0,,,,,
Jaron Brown,WR,ARI,1,NE,0,0,0,0,0,0,0,0,1,18,0,2,0,0,0,0,0,0,0,0,0,0,,,,,
Jarvis Landry,WR,MIA,1,SEA,0,0,0,0,0,0,0,0,7,59,0,10,0,0,0,0,0,0,0,0,0,0,,,,,
Jason Myers,K,JAX,1,GB,0,0,0,0,0,0,0,0,0,0,0,0,0,0,0,0,1,1,0,1,0,2,,,,,
Jason Witten,TE,DAL,1,NYG,0,0,0,0,0,0,0,0,9,66,0,14,0,0,0,0,0,0,0,0,0,0,,,,,
Jay Cutler,QB,CHI,1,HOU,216,1,29,16,1,12,0,2,0,0,0,0,0,0,0,0,0,0,0,0,0,0,,,,,
Jeremy Hill,RB,CIN,1,NYJ,0,0,0,0,0,31,1,9,0,0,0,0,0,0,0,0,0,0,0,0,0,0,,,,,
Jeremy Kerley,WR,SF,1,LA,0,0,0,0,0,0,0,0,7,61,0,11,0,0,0,0,0,0,0,0,0,0,,,,,
Jeremy Langford,RB,CHI,1,HOU,0,0,0,0,0,57,1,17,2,6,0,4,0,0,0,0,0,0,0,0,0,0,,,,,
Jeremy Maclin,WR,KC,1,LAC,0,0,0,0,0,-1,0,1,5,63,1,7,0,0,0,0,0,0,0,0,0,0,,,,,
Jerick McKinnon,RB,MIN,1,TEN,0,0,0,0,0,6,0,1,1,3,0,2,0,0,0,0,0,0,0,0,0,0,,,,,
Jermaine Gresham,TE,ARI,1,NE,0,0,0,0,0,0,0,0,4,41,0,4,0,0,0,0,0,0,0,0,0,0,,,,,
Jermaine Kearse,WR,SEA,1,MIA,0,0,0,0,0,0,0,0,5,57,0,7,0,0,0,0,0,0,0,0,0,0,,,,,
Jesse James,TE,PIT,1,WAS,0,0,0,0,0,0,0,0,5,31,0,7,0,0,0,0,0,0,0,0,0,0,,,,,
Jimmy Garoppolo,QB,NE,1,ARI,264,1,33,24,0,12,0,4,1,3,0,1,0,0,0,0,0,0,0,0,0,0,,,,,
Jimmy Graham,TE,SEA,1,MIA,0,0,0,0,0,0,0,0,1,11,0,1,0,0,0,0,0,0,0,0,0,0,,,,,
Joe Flacco,QB,BAL,1,BUF,258,1,33,22,0,-3,0,4,0,0,0,0,0,0,0,0,0,0,0,0,0,0,,,,,
John Brown,WR,ARI,1,NE,0,0,0,0,0,0,0,0,1,8,0,4,0,0,0,0,0,0,0,0,0,0,,,,,
Johnny Holton,WR,LV,1,NO,0,0,0,0,0,0,0,0,0,0,0,0,0,0,0,0,0,0,0,0,0,0,,,,,
Jonathan Grimes,RB,HOU,1,CHI,0,0,0,0,0,0,0,0,0,0,0,0,0,0,0,0,0,0,0,0,0,0,,,,,
Jonathan Stewart,RB,CAR,1,DEN,0,0,0,0,0,64,0,15,0,0,0,1,0,0,0,0,0,0,0,0,0,0,,,,,
Jordan Cameron,TE,MIA,1,SEA,0,0,0,0,0,0,0,0,2,6,0,3,0,0,0,0,0,0,0,0,0,0,,,,,
Jordan Gay,K,BUF,1,BAL,0,0,0,0,0,0,0,0,0,0,0,0,0,0,0,0,0,0,0,0,0,0,,,,,
Jordan Matthews,TE,PHI,1,CLE,0,0,0,0,0,0,0,0,7,114,1,14,0,0,0,0,0,0,0,0,0,0,,,,,
Jordan Norwood,WR,DEN,1,CAR,0,0,0,0,0,0,0,0,0,0,0,1,0,0,0,0,0,0,0,0,0,0,,,,,
Jordan Reed,TE,WAS,1,PIT,0,0,0,0,0,0,0,0,7,64,0,11,0,0,0,0,0,0,0,0,0,0,,,,,
Jordy Nelson,WR,GB,1,JAX,0,0,0,0,0,0,0,0,6,32,1,9,0,0,0,0,0,0,0,0,0,0,,,,,
Josh Doctson,WR,WAS,1,PIT,0,0,0,0,0,0,0,0,1,9,0,1,0,0,0,0,0,0,0,0,0,0,,,,,
Josh Ferguson,RB,IND,1,DET,0,0,0,0,0,-2,0,1,2,26,0,2,0,0,0,0,0,0,0,0,0,0,,,,,
Josh Huff,WR,PHI,1,CLE,0,0,0,0,0,0,0,0,0,0,0,3,0,0,0,0,0,0,0,0,0,0,,,,,
Josh Lambo,K,LAC,1,KC,0,0,0,0,0,0,0,0,0,0,0,0,0,0,0,0,2,0,0,0,0,3,,,,,
Julian Edelman,WR,NE,1,ARI,0,0,0,0,0,16,0,3,7,66,0,7,0,0,0,0,0,0,0,0,0,0,,,,,
Julio Jones,WR,ATL,1,TB,0,0,0,0,0,0,0,0,4,66,1,8,0,0,0,0,0,0,0,0,0,0,,,,,
Julius Thomas,TE,JAX,1,GB,0,0,0,0,0,0,0,0,5,64,1,5,0,0,0,0,0,0,0,0,0,0,,,,,
Justin Forsett,RB,BAL,1,BUF,0,0,0,0,0,41,0,10,2,15,0,2,0,0,0,0,0,0,0,0,0,0,,,,,
Justin Hardy,WR,ATL,1,TB,0,0,0,0,0,0,0,0,1,0,0,2,0,0,0,0,0,0,0,0,0,0,,,,,
Justin Tucker,K,BAL,1,BUF,0,0,0,0,0,0,0,0,0,0,0,0,0,0,0,0,0,1,0,1,0,1,,,,,
KC,DEF,KC,1,LAC,,,,,,,,,,,,,,,,,,,,,,,0,0,0,0,27.0
Ka'Deem Carey,RB,CHI,1,HOU,0,0,0,0,0,4,0,1,0,0,0,0,0,0,0,0,0,0,0,0,0,0,,,,,
Kamar Aiken,WR,BAL,1,BUF,0,0,0,0,0,0,0,0,2,14,0,2,0,0,0,0,0,0,0,0,0,0,,,,,
Kapri Bibbs,RB,DEN,1,CAR,0,0,0,0,0,0,0,0,1,6,0,1,0,0,0,0,0,0,0,0,0,0,,,,,
Keenan Allen,WR,LAC,1,KC,0,0,0,0,0,0,0,0,6,63,0,7,0,0,0,0,0,0,0,0,0,0,,,,,
Kellen Davis,TE,NYJ,1,CIN,0,0,0,0,0,0,0,0,0,0,0,0,0,0,0,0,0,0,0,0,0,0,,,,,
Kelvin Benjamin,WR,CAR,1,DEN,0,0,0,0,0,0,0,0,6,91,1,12,0,0,0,0,0,0,0,0,0,0,,,,,
Kenjon Barner,RB,PHI,1,CLE,0,0,0,0,0,42,0,4,0,0,0,0,0,0,0,0,0,0,0,0,0,0,,,,,
Kenny Britt,WR,LA,1,SF,0,0,0,0,0,0,0,0,4,67,0,6,0,0,0,0,0,0,0,0,0,0,,,,,
Kenny Stills,WR,MIA,1,SEA,0,0,0,0,0,0,0,0,1,16,0,5,0,0,0,0,0,0,0,0,0,0,,,,,
Kevin White,WR,CHI,1,HOU,0,0,0,0,0,0,0,0,3,34,0,7,0,0,0,0,0,0,0,0,0,0,,,,,
Kirk Cousins,QB,WAS,1,PIT,329,0,43,30,2,8,0,1,0,0,0,0,0,0,0,0,0,0,0,0,0,0,,,,,
Kyle Juszczyk,RB,BAL,1,BUF,0,0,0,0,0,2,0,1,2,21,0,3,0,0,0,0,0,0,0,0,0,0,,,,,
Kyle Rudolph,TE,MIN,1,TEN,0,0,0,0,0,0,0,0,4,65,0,8,0,0,0,0,0,0,0,0,0,0,,,,,
LA,DEF,LA,1,SF,,,,,,,,,,,,,,,,,,,,,,,0,0,0,0,28.0
LAC,DEF,LAC,1,KC,,,,,,,,,,,,,,,,,,,,,,,0,0,0,0,0.0
LV,DEF,LV,1,NO,,,,,,,,,,,,,,,,,,,,,,,0,0,0,0,0.0
Lamar Miller,RB,HOU,1,CHI,0,0,0,0,0,106,0,28,4,11,0,4,0,0,0,0,0,0,0,0,0,0,,,,,
Lance Dunbar,RB,DAL,1,NYG,0,0,0,0,0,0,0,0,1,16,0,2,0,0,0,0,0,0,0,0,0,0,,,,,
Lance Kendricks,TE,LA,1,SF,0,0,0,0,0,0,0,0,2,15,0,3,0,0,0,0,0,0,0,0,0,0,,,,,
Larry Donnell,TE,NYG,1,DAL,0,0,0,0,0,0,0,0,1,15,1,2,0,0,0,0,0,0,0,0,0,0,,,,,
Larry Fitzgerald,WR,ARI,1,NE,0,0,0,0,0,0,0,0,8,81,2,10,0,0,0,0,0,0,0,0,0,0,,,,,
Latavius Murray,RB,LV,1,NO,0,0,0,0,0,59,1,14,1,13,0,2,0,0,0,0,0,0,0,0,0,0,,,,,
LeGarrette Blount,RB,NE,1,ARI,0,0,0,0,0,70,1,22,0,0,0,0,0,0,0,0,0,0,0,0,0,0,,,,,
LeSean McCoy,RB,BUF,1,BAL,0,0,0,0,0,58,1,16,4,12,0,4,0,0,0,0,0,0,0,0,0,0,,,,,
Lee Smith,TE,LV,1,NO,0,0,0,0,0,0,0,0,0,0,0,0,0,0,0,0,0,0,0,0,0,0,,,,,
Leonte Carroo,WR,MIA,1,SEA,0,0,0,0,0,0,0,0,2,14,0,2,0,0,0,0,0,0,0,0,0,0,,,,,
Logan Paulsen,TE,CHI,1,HOU,0,0,0,0,0,0,0,0,0,0,0,1,0,0,0,0,0,0,0,0,0,0,,,,,
Lucky Whitehead,WR,DAL,1,NYG,0,0,0,0,0,0,0,0,0,0,0,0,0,0,0,0,0,0,0,0,0,0,,,,,
Luke Willson,TE,SEA,1,MIA,0,0,0,0,0,0,0,0,2,26,0,4,0,0,0,0,0,0,0,0,0,0,,,,,
MIA,DEF,MIA,1,SEA,,,,,,,,,,,,,,,,,,,,,,,0,0,0,0,12.0
MIN,DEF,MIN,1,TEN,,,,,,,,,,,,,,,,,,,,,,,1,0,0,0,16.0
Malcolm Brown,RB,LA,1,SF,0,0,0,0,0,5,0,1,1,8,0,1,0,0,0,0,0,0,0,0,0,0,,,,,
Malcolm Johnson,RB,CLE,1,PHI,0,0,0,0,0,0,0,0,2,9,0,2,0,0,0,0,0,0,0,0,0,0,,,,,
Malcolm Mitchell,WR,NE,1,ARI,0,0,0,0,0,0,0,0,2,33,0,5,0,0,0,0,0,0,0,0,0,0,,,,,
MarQueis Gray,TE,MIA,1,SEA,0,0,0,0,0,0,0,0,0,0,0,0,0,0,0,0,0,0,0,0,0,0,,,,,
Marc Mariani,WR,TEN,1,MIN,0,0,0,0,0,0,0,0,0,0,0,0,0,0,0,0,0,0,0,0,0,0,,,,,
Marcedes Lewis,TE,JAX,1,GB,0,0,0,0,0,0,0,0,2,48,0,2,0,0,0,0,0,0,0,0,0,0,,,,,
Marcus Mariota,QB,TEN,1,MIN,271,2,41,25,1,19,0,4,0,0,0,0,0,0,0,0,0,0,0,0,0,0,,,,,
Marcus Murphy,RB,NO,1,LV,0,0,0,0,0,0,0,0,0,0,0,0,0,0,0,0,0,0,0,0,0,0,,,,,
Mark Ingram,RB,NO,1,LV,0,0,0,0,0,58,0,12,2,29,0,2,0,0,0,0,0,0,0,0,0,0,,,,,
Marqise Lee,WR,JAX,1,GB,0,0,0,0,0,0,0,0,2,22,0,4,0,0,0,0,0,0,0,0,0,0,,,,,
Martellus Bennett,TE,NE,1,ARI,0,0,0,0,0,0,0,0,3,14,0,5,0,0,0,0,0,0,0,0,0,0,,,,,
Marvin Jones,WR,DET,1,IND,0,0,0,0,0,0,0,0,4,85,0,10,0,0,0,0,0,0,0,0,0,0,,,,,
Mason Crosby,K,GB,1,JAX,0,0,0,0,0,0,0,0,0,0,0,0,0,0,0,0,2,0,0,0,0,3,,,,,
Matt Asiata,RB,MIN,1,TEN,0,0,0,0,0,13,0,4,0,0,0,0,0,0,0,0,0,0,0,0,0,0,,,,,
Matt Bryant,K,ATL,1,TB,0,0,0,0,0,0,0,0,0,0,0,0,0,0,0,0,1,2,0,0,0,1,,,,,
Matt Forte,RB,NYJ,1,CIN,0,0,0,0,0,96,0,22,5,59,0,7,0,0,0,0,0,0,0,0,0,0,,,,,
Matt Jones,RB,WAS,1,PIT,0,0,0,0,0,24,0,7,1,9,0,1,0,0,0,0,0,0,0,0,0,0,,,,,
Matt Prater,K,DET,1,IND,0,0,0,0,0,0,0,0,0,0,0,0,0,0,0,0,0,0,1,0,0,4,,,,,
Matt Ryan,QB,ATL,1,TB,334,2,39,27,0,10,0,3,0,0,0,0,0,0,1,0,0,0,0,0,0,0,,,,,
Matthew Stafford,QB,DET,1,IND,340,3,39,31,0,5,0,2,0,0,0,0,0,0,0,0,0,0,0,0,0,0,,,,,
Melvin Gordon,RB,LAC,1,KC,0,0,0,0,0,57,2,14,0,0,0,0,0,0,0,0,0,0,0,0,0,0,,,,,
Michael Crabtree,WR,LV,1,NO,0,0,0,0,0,0,0,0,7,87,0,9,0,0,1,0,0,0,0,0,0,0,,,,,
Michael Floyd,WR,ARI,1,NE,0,0,0,0,0,0,0,0,3,61,0,7,0,0,0,0,0,0,0,0,0,0,,,,,
Michael Thomas,WR,NO,1,LV,0,0,0,0,0,0,0,0,6,58,0,6,0,0,0,0,0,0,0,0,0,0,,,,,
Mike Davis,RB,SF,1,LA,0,0,0,0,0,1,0,3,0,0,0,0,0,0,0,0,0,0,0,0,0,0,,,,,
Mike Evans,WR,TB,1,ATL,0,0,0,0,0,0,0,0,5,99,1,7,0,0,0,0,0,0,0,0,0,0,,,,,
Mike Gillislee,RB,BUF,1,BAL,0,0,0,0,0,0,0,0,1,-4,0,1,0,0,0,0,0,0,0,0,0,0,,,,,
Mike Nugent,K,CIN,1,NYJ,0,0,0,0,0,0,0,0,0,0,0,0,0,0,0,0,1,1,1,0,0,2,,,,,
Mike Wallace,WR,BAL,1,BUF,0,0,0,0,0,11,0,1,3,91,1,6,0,0,0,0,0,0,0,0,0,0,,,,,
Mohamed Sanu,WR,ATL,1,TB,0,0,0,0,0,0,0,0,5,80,1,8,0,0,1,0,0,0,0,0,0,0,,,,,
NE,DEF,NE,1,ARI,,,,,,,,,,,,,,,,,,,,,,,0,0,0,0,21.0
NO,DEF,NO,1,LV,,,,,,,,,,,,,,,,,,,,,,,0,0,0,0,35.0
NYG,DEF,NYG,1,DAL,,,,,,,,,,,,,,,,,,,,,,,0,0,0,0,19.0
NYJ,DEF,NYJ,1,CIN,,,,,,,,,,,,,,,,,,,,,,,0,0,0,0,23.0
Nelson Agholor,WR,PHI,1,CLE,0,0,0,0,0,0,0,0,4,57,1,5,0,0,0,0,0,0,0,0,0,0,,,,,
Nick Folk,K,NYJ,1,CIN,0,0,0,0,0,0,0,0,0,0,0,0,0,0,0,0,2,0,1,0,0,1,,,,,
Nick Novak,K,HOU,1,CHI,0,0,0,0,0,0,0,0,0,0,0,0,0,0,0,0,2,1,0,0,0,2,,,,,
Nick O'Leary,TE,BUF,1,BAL,0,0,0,0,0,0,0,0,0,0,0,1,0,0,0,0,0,0,0,0,0,0,,,,,
Odell Beckham Jr.,WR,NYG,1,DAL,0,0,0,0,0,0,0,0,4,73,0,8,0,0,0,0,0,0,0,0,0,0,,,,,
PHI,DEF,PHI,1,CLE,,,,,,,,,,,,,,,,,,,,,,,0,1,0,0,10.0
PIT,DEF,PIT,1,WAS,,,,,,,,,,,,,,,,,,,,,,,0,0,0,0,16.0
Patrick DiMarco,RB,ATL,1,TB,0,0,0,0,0,0,0,0,1,8,0,1,0,0,0,0,0,0,0,0,0,0,,,,,
Patrick Murray,K,CLE,1,PHI,0,0,0,0,0,0,0,0,0,0,0,0,0,0,0,0,0,1,0,0,0,1,,,,,
Paul Richardson,WR,SEA,1,MIA,0,0,0,0,0,0,0,0,1,11,0,2,0,0,0,0,0,0,0,0,0,0,,,,,
Phil Dawson,K,SF,1,LA,0,0,0,0,0,0,0,0,0,0,0,0,0,0,0,0,0,0,0,0,0,4,,,,,
Philip Rivers,QB,LAC,1,KC,243,1,36,25,0,9,0,2,0,0,0,0,0,0,0,0,0,0,0,0,0,0,,,,,
Phillip Dorsett,WR,IND,1,DET,0,0,0,0,0,0,0,0,4,94,0,6,0,0,0,0,0,0,0,0,0,0,,,,,
Pierre Garcon,WR,WAS,1,PIT,0,0,0,0,0,0,0,0,6,51,0,6,0,0,0,0,0,0,0,0,0,0,,,,,
Quan Bray,WR,IND,1,DET,0,0,0,0,0,0,0,0,0,0,0,0,0,0,0,0,0,0,0,0,0,0,,,,,
Quincy Enunwa,WR,NYJ,1,CIN,0,0,0,0,0,0,0,0,7,54,1,8,0,0,0,0,0,0,0,0,0,0,,,,,
Quinton Patton,WR,SF,1,LA,0,0,0,0,0,0,0,0,5,60,0,5,0,0,0,0,0,0,0,0,0,0,,,,,
Randall Cobb,WR,GB,1,JAX,0,0,0,0,0,11,0,3,6,57,0,8,0,0,0,0,0,0,0,0,0,0,,,,,
Randy Bullock,K,NYG,1,DAL,0,0,0,0,0,0,0,0,0,0,0,0,0,0,0,0,0,0,0,0,0,2,,,,,
Rashad Greene,WR,JAX,1,GB,0,0,0,0,0,0,0,0,1,9,0,2,0,0,0,0,0,0,0,0,0,0,,,,,
Rashad Jennings,RB,NYG,1,DAL,0,0,0,0,0,75,0,18,1,3,0,2,0,0,0,0,0,0,0,0,0,0,,,,,
Reggie Bush,RB,BUF,1,BAL,0,0,0,0,0,-4,0,3,0,0,0,1,0,0,0,0,0,0,0,0,0,0,,,,,
Rhett Ellison,TE,MIN,1,TEN,0,0,0,0,0,0,0,0,0,0,0,0,0,0,0,0,0,0,0,0,0,0,,,,,
Ricardo Louis,WR,CLE,1,PHI,0,0,0,0,0,0,0,0,0,0,0,0,0,0,0,0,0,0,0,0,0,0,,,,,
Richard Rodgers,TE,GB,1,JAX,0,0,0,0,0,0,0,0,1,22,0,3,0,0,0,0,0,0,0,0,0,0,,,,,
Rishard Matthews,WR,TEN,1,MIN,0,0,0,0,0,0,0,0,3,26,0,4,0,0,0,0,0,0,0,0,0,0,,,,,
Robert Griffin III,QB,CLE,1,PHI,190,0,26,12,1,37,0,5,0,0,0,0,0,0,0,0,0,0,0,0,0,0,,,,,
Robert Turbin,RB,IND,1,DET,0,0,0,0,0,4,0,1,2,15,0,2,0,0,0,0,0,0,0,0,0,0,,,,,
Robert Woods,WR,BUF,1,BAL,0,0,0,0,0,0,0,0,4,20,0,5,0,0,0,0,0,0,0,0,0,0,,,,,
Roberto Aguayo,K,TB,1,ATL,0,0,0,0,0,0,0,0,0,0,0,0,0,0,0,0,0,0,1,0,0,4,,,,,
Ross Travis,TE,KC,1,LAC,0,0,0,0,0,0,0,0,0,0,0,1,0,0,0,0,0,0,0,0,0,0,,,,,
Russell Shepard,WR,TB,1,ATL,0,0,0,0,0,9,0,1,0,0,0,0,0,0,0,0,0,0,0,0,0,0,,,,,
Russell Wilson,QB,SEA,1,MIA,258,1,43,27,1,16,0,4,0,0,0,0,0,0,0,0,0,0,0,0,0,0,,,,,
Ryan Fitzpatrick,QB,NYJ,1,CIN,189,2,35,19,1,15,0,4,0,0,0,0,0,0,0,0,0,0,0,0,0,0,,,,,
Ryan Grant,WR,WAS,1,PIT,0,0,0,0,0,0,0,0,0,0,0,1,0,0,0,0,0,0,0,0,0,0,,,,,
Ryan Griffin,TE,HOU,1,CHI,0,0,0,0,0,0,0,0,2,17,0,2,0,0,0,0,0,0,0,0,0,0,,,,,
Ryan Mathews,RB,PHI,1,CLE,0,0,0,0,0,77,1,22,0,0,0,0,0,0,0,0,0,0,0,0,0,0,,,,,
Ryan Succop,K,TEN,1,MIN,0,0,0,0,0,0,0,0,0,0,0,0,0,0,0,0,1,0,0,0,0,1,,,,,
Ryan Tannehill,QB,MIA,1,SEA,186,0,29,16,0,17,1,5,0,0,0,0,0,0,0,0,0,0,0,0,0,0,,,,,
SEA,DEF,SEA,1,MIA,,,,,,,,,,,,,,,,,,,,,,,0,0,0,0,10.0
SF,DEF,SF,1,LA,,,,,,,,,,,,,,,,,,,,,,,0,0,0,0,0.0
Sammie Coates,WR,PIT,1,WAS,0,0,0,0,0,0,0,0,2,56,0,3,0,0,0,0,0,0,0,0,0,0,,,,,
Sammy Watkins,WR,BUF,1,BAL,0,0,0,0,0,0,0,0,4,43,0,6,0,0,0,0,0,0,0,0,0,0,,,,,
Sebastian Janikowski,K,LV,1,NO,0,0,0,0,0,0,0,0,0,0,0,0,0,0,0,0,0,1,1,0,0,1,,,,,
Seth Roberts,WR,LV,1,NO,0,0,0,0,0,0,0,0,2,19,1,4,0,0,0,0,0,0,0,0,0,0,,,,,
Shane Vereen,RB,NYG,1,DAL,0,0,0,0,0,38,0,6,3,23,0,5,0,0,0,0,0,0,0,0,0,0,,,,,
Shaun Draughn,RB,SF,1,LA,0,0,0,0,0,18,1,7,2,18,0,2,0,0,0,0,0,0,0,0,0,0,,,,,
Shaun Hill,QB,MIN,1,TEN,236,0,33,18,0,8,0,2,0,0,0,0,0,0,0,0,0,0,0,0,0,0,,,,,
Spencer Ware,RB,KC,1,LAC,0,0,0,0,0,70,1,11,7,129,0,8,0,0,0,0,0,0,0,0,0,0,,,,,
Stefon Diggs,WR,MIN,1,TEN,0,0,0,0,0,-1,0,1,7,103,0,9,0,0,0,0,0,0,0,0,0,0,,,,,
Stephen Anderson,TE,HOU,1,CHI,0,0,0,0,0,0,0,0,3,25,0,3,0,0,0,0,0,0,0,0,0,0,,,,,
Stephen Gostkowski,K,NE,1,ARI,0,0,0,0,0,0,0,0,0,0,0,0,0,0,0,0,0,1,1,1,0,2,,,,,
Sterling Shepard,WR,NYG,1,DAL,0,0,0,0,0,0,0,0,3,43,1,4,0,0,0,0,0,0,0,0,0,0,,,,,
Steve Smith,WR,BAL,1,BUF,0,0,0,0,0,0,0,0,5,19,0,8,0,0,0,0,0,0,0,0,0,0,,,,,
Steven Hauschka,K,SEA,1,MIA,0,0,0,0,0,0,0,0,0,0,0,0,0,0,0,0,0,2,0,0,0,0,,,,,
T.J. Yeldon,RB,JAX,1,GB,0,0,0,0,0,39,1,21,4,30,0,6,0,0,0,0,0,0,0,0,0,0,,,,,
T.Y. Hilton,WR,IND,1,DET,0,0,0,0,0,0,0,0,6,79,0,12,0,0,0,0,0,0,0,0,0,0,,,,,
TB,DEF,TB,1,ATL,,,,,,,,,,,,,,,,,,,,,,,0,0,0,0,24.0
TEN,DEF,TEN,1,MIN,,,,,,,,,,,,,,,,,,,,,,,0,0,0,0,25.0
Taiwan Jones,RB,LV,1,NO,0,0,0,0,0,-8,0,1,2,17,0,2,0,0,0,0,0,0,0,0,0,0,,,,,
Tajae Sharpe,WR,TEN,1,MIN,0,0,0,0,0,0,0,0,7,76,0,11,0,0,0,0,0,0,0,0,0,0,,,,,
Tavon Austin,WR,LA,1,SF,0,0,0,0,0,2,0,1,4,13,0,12,0,0,0,0,0,0,0,0,0,0,,,,,
Ted Ginn,WR,CAR,1,DEN,0,0,0,0,0,20,0,1,1,5,0,1,0,0,0,0,0,0,0,0,0,0,,,,,
Terrance West,RB,BAL,1,BUF,0,0,0,0,0,32,0,12,2,6,0,2,0,0,0,0,0,0,0,0,0,0,,,,,
Terrance Williams,WR,DAL,1,NYG,0,0,0,0,0,0,0,0,3,34,0,4,0,0,0,0,0,0,0,0,0,0,,,,,
Terrelle Pryor,WR,CLE,1,PHI,0,0,0,0,0,0,0,0,3,68,0,7,0,0,0,0,0,0,0,0,0,0,,,,,
Tevin Coleman,RB,ATL,1,TB,0,0,0,0,0,22,0,8,5,95,0,6,0,0,0,0,0,0,0,0,0,0,,,,,
Theo Riddick,RB,DET,1,IND,0,0,0,0,0,45,1,7,5,63,1,5,0,0,0,0,0,0,0,0,0,0,,,,,
Thomas Rawls,RB,SEA,1,MIA,0,0,0,0,0,32,0,12,3,26,0,3,0,0,0,0,0,0,0,0,0,0,,,,,
Tim Hightower,RB,NO,1,LV,0,0,0,0,0,9,0,4,1,1,0,1,0,0,0,0,0,0,0,0,0,0,,,,,
Todd Gurley,RB,LA,1,SF,0,0,0,0,0,47,0,17,1,-5,0,3,0,0,0,0,0,0,0,0,0,0,,,,,
Torrey Smith,WR,SF,1,LA,0,0,0,0,0,0,0,0,2,13,0,6,0,0,0,0,0,0,0,0,0,0,,,,,
Travaris Cadet,RB,NO,1,LV,0,0,0,0,0,1,0,1,3,14,1,7,0,0,0,0,0,0,0,0,0,0,,,,,
Travis Benjamin,WR,LAC,1,KC,0,0,0,0,0,0,0,0,7,32,0,8,0,0,0,0,0,0,0,0,0,0,,,,,
Travis Kelce,TE,KC,1,LAC,0,0,0,0,0,0,0,0,6,74,0,7,0,0,0,0,0,0,0,0,0,0,,,,,
Trevor Siemian,QB,DEN,1,CAR,178,1,26,18,2,20,0,5,0,0,0,0,0,0,0,0,0,0,0,0,0,0,,,,,
Troy Niklas,TE,ARI,1,NE,0,0,0,0,0,0,0,0,0,0,0,0,0,0,0,0,0,0,0,0,0,0,,,,,
Ty Montgomery,WR,GB,1,JAX,0,0,0,0,0,0,0,0,0,0,0,0,0,0,0,0,0,0,0,0,0,0,,,,,
Tyler Boyd,WR,CIN,1,NYJ,0,0,0,0,0,0,0,0,2,24,0,3,0,0,0,0,0,0,0,0,0,0,,,,,
Tyler Ervin,RB,HOU,1,CHI,0,0,0,0,0,3,0,1,1,5,0,2,0,0,0,0,0,0,0,0,0,0,,,,,
Tyler Higbee,TE,LA,1,SF,0,0,0,0,0,0,0,0,1,2,0,4,0,0,0,0,0,0,0,0,0,0,,,,,
Tyler Lockett,WR,SEA,1,MIA,0,0,0,0,0,0,0,0,3,17,0,8,0,0,0,0,0,0,0,0,0,0,,,,,
Tyreek Hill,WR,KC,1,LAC,0,0,0,0,0,0,0,0,1,9,1,1,0,0,0,0,0,0,0,0,0,0,,,,,
Tyrell Williams,WR,LAC,1,KC,0,0,0,0,0,0,0,0,2,71,0,5,0,0,0,0,0,0,0,0,0,0,,,,,
Tyrod Taylor,QB,BUF,1,BAL,111,0,22,15,0,11,0,5,0,0,0,0,0,0,0,0,0,0,0,0,0,0,,,,,
Vance McDonald,TE,SF,1,LA,0,0,0,0,0,0,0,0,2,14,1,3,0,0,0,0,0,0,0,0,0,0,,,,,
Vernon Davis,TE,WAS,1,PIT,0,0,0,0,0,0,0,0,1,20,0,1,0,0,0,0,0,0,0,0,0,0,,,,,
Victor Cruz,WR,NYG,1,DAL,0,0,0,0,0,0,0,0,4,34,1,4,0,0,0,0,0,0,0,0,0,0,,,,,
Vincent Jackson,WR,TB,1,ATL,0,0,0,0,0,0,0,0,2,18,0,7,0,0,0,0,0,0,0,0,0,0,,,,,
Virgil Green,TE,DEN,1,CAR,0,0,0,0,0,0,0,0,4,28,0,5,0,0,0,0,0,0,0,0,0,0,,,,,
WAS,DEF,WAS,1,PIT,,,,,,,,,,,,,,,,,,,,,,,0,0,0,0,38.0
Wendell Smallwood,RB,PHI,1,CLE,0,0,0,0,0,1,0,1,0,0,0,0,0,0,0,0,0,0,0,0,0,0,,,,,
Wil Lutz,K,NO,1,LV,0,0,0,0,0,0,0,0,0,0,0,0,0,0,0,0,1,0,1,0,0,4,,,,,
Will Fuller,WR,HOU,1,CHI,0,0,0,0,0,0,0,0,5,107,1,11,0,0,0,0,0,0,0,0,0,0,,,,,
Will Tye,TE,NYG,1,DAL,0,0,0,0,0,0,0,0,3,16,0,3,0,0,0,0,0,0,0,0,0,0,,,,,
Willie Snead,WR,NO,1,LV,0,0,0,0,0,0,0,0,9,172,1,9,0,0,0,0,0,0,0,0,0,0,,,,,
Zach Ertz,TE,PHI,1,CLE,0,0,0,0,0,0,0,0,6,58,0,7,0,0,0,0,0,0,0,0,0,0,,,,,
Zach Miller,TE,CHI,1,HOU,0,0,0,0,0,0,0,0,3,14,0,4,0,0,0,0,0,0,0,0,0,0,,,,,
A.J. Green,WR,CIN,2,PIT,0,0,0,0,0,0,0,0,2,38,0,8,0,0,0,0,0,0,0,0,0,0,,,,,
ARI,DEF,ARI,2,TB,,,,,,,,,,,,,,,,,,,,,,,1,0,0,0,7.0
ATL,DEF,ATL,2,LV,,,,,,,,,,,,,,,,,,,,,,,0,0,0,0,28.0
Aaron Burbridge,WR,SF,2,CAR,0,0,0,0,0,0,0,0,0,0,0,1,0,0,0,0,0,0,0,0,0,0,,,,,
Aaron Rodgers,QB,GB,2,MIN,213,1,36,20,1,29,1,3,0,0,0,0,0,0,0,0,0,0,0,0,0,0,,,,,
Adam Humphries,WR,TB,2,ARI,0,0,0,0,0,0,0,0,6,67,0,8,0,0,0,0,0,0,0,0,0,0,,,,,
Adam Thielen,WR,MIN,2,GB,0,0,0,0,0,0,0,0,4,41,0,5,0,0,0,0,0,0,0,0,0,0,,,,,
Adam Vinatieri,K,IND,2,DEN,0,0,0,0,0,0,0,0,0,0,0,0,0,0,0,0,0,0,1,1,0,2,,,,,
Adrian Peterson,RB,MIN,2,GB,0,0,0,0,0,19,0,12,2,7,0,3,0,0,0,0,0,0,0,0,0,0,,,,,
Albert Wilson,WR,KC,2,HOU,0,0,0,0,0,0,0,0,2,11,0,3,0,0,0,0,0,0,0,0,0,0,,,,,
Aldrick Robinson,WR,ATL,2,LV,0,0,0,0,0,0,0,0,3,39,0,4,0,0,0,0,0,0,0,0,0,0,,,,,
Alex Collins,RB,SEA,2,LA,0,0,0,0,0,0,0,2,0,0,0,0,0,0,0,0,0,0,0,0,0,0,,,,,
Alex Erickson,WR,CIN,2,PIT,0,0,0,0,0,0,0,0,1,20,0,1,0,0,0,0,0,0,0,0,0,0,,,,,
Alex Smith,QB,KC,2,HOU,186,0,37,20,0,2,0,2,0,0,0,0,0,0,0,0,0,0,0,0,0,0,,,,,
Alfred Blue,RB,HOU,2,KC,0,0,0,0,0,11,0,5,0,0,0,0,0,0,0,0,0,0,0,0,0,0,,,,,
Alfred Morris,RB,DAL,2,WAS,0,0,0,0,0,7,1,5,0,0,0,0,0,0,0,0,0,0,0,0,0,0,,,,,
Allen Hurns,WR,JAX,2,LAC,0,0,0,0,0,0,0,0,5,64,0,10,0,0,0,0,0,0,0,0,0,0,,,,,
Allen Robinson,WR,JAX,2,LAC,0,0,0,0,0,0,0,0,3,54,0,5,0,0,0,0,0,0,0,0,0,0,,,,,
Alshon Jeffery,WR,CHI,2,PHI,0,0,0,0,0,0,0,0,5,96,0,7,0,0,0,0,0,0,0,0,0,0,,,,,
Amari Cooper,WR,LV,2,ATL,0,0,0,0,0,0,0,0,5,71,0,9,0,0,0,0,0,0,0,0,0,0,,,,,
Ameer Abdullah,RB,DET,2,TEN,0,0,0,0,0,38,0,6,0,0,0,0,0,0,0,0,0,0,0,0,0,0,,,,,
Andre Ellington,RB,ARI,2,TB,0,0,0,0,0,2,0,1,1,9,0,1,0,0,0,0,0,0,0,0,0,0,,,,,
Andre Holmes,WR,LV,2,ATL,0,0,0,0,0,0,0,0,1,6,1,3,0,0,0,0,0,0,0,0,0,0,,,,,
Andre Johnson,WR,TEN,2,DET,0,0,0,0,0,0,0,0,1,9,1,2,0,0,0,0,0,0,0,0,0,0,,,,,
Andre Roberts,WR,DET,2,TEN,0,0,0,0,0,0,0,0,0,0,0,0,0,0,0,0,0,0,0,0,0,0,,,,,
Andrew Franks,K,MIA,2,NE,0,0,0,0,0,0,0,0,0,0,0,0,0,0,0,0,1,0,0,0,0,3,,,,,
Andrew Hawkins,WR,CLE,2,BAL,0,0,0,0,0,0,0,0,3,28,0,3,0,0,0,0,0,0,0,0,0,0,,,,,
Andrew Luck,QB,IND,2,DEN,197,1,40,21,1,22,0,3,0,0,0,0,0,0,0,0,0,0,0,0,0,0,,,,,
Andy Dalton,QB,CIN,2,PIT,366,1,54,31,0,7,0,2,0,0,0,0,0,0,0,0,0,0,0,0,0,0,,,,,
Anquan Boldin,WR,DET,2,TEN,0,0,0,0,0,0,0,0,4,48,1,7,0,0,0,0,0,0,0,0,0,0,,,,,
Anthony Fasano,TE,TEN,2,DET,0,0,0,0,0,0,0,0,1,1,0,3,0,0,0,0,0,0,0,0,0,0,,,,,
Antonio Andrews,RB,TEN,2,DET,0,0,0,0,0,0,0,0,0,0,0,0,0,0,0,0,0,0,0,0,0,0,,,,,
Antonio Brown,WR,PIT,2,CIN,0,0,0,0,0,0,0,0,4,39,0,11,0,0,0,0,0,0,0,0,0,0,,,,,
Antonio Gates,TE,LAC,2,JAX,0,0,0,0,0,0,0,0,3,15,1,5,0,0,0,0,0,0,0,0,0,0,,,,,
Arian Foster,RB,MIA,2,NE,0,0,0,0,0,9,0,3,0,0,0,0,0,0,0,0,0,0,0,0,0,0,,,,,
Arrelious Benn,WR,JAX,2,LAC,0,0,0,0,0,0,0,0,1,9,0,2,0,0,0,0,0,0,0,0,0,0,,,,,
Austin Hooper,TE,ATL,2,LV,0,0,0,0,0,0,0,0,3,84,0,3,0,0,0,0,0,0,0,0,0,0,,,,,
Austin Seferian-Jenkins,TE,TB,2,ARI,0,0,0,0,0,0,0,0,2,14,0,2,0,0,0,0,0,0,0,0,0,0,,,,,
BAL,DEF,BAL,2,CLE,,,,,,,,,,,,,,,,,,,,,,,0,0,0,0,20.0
BUF,DEF,BUF,2,NYJ,,,,,,,,,,,,,,,,,,,,,,,0,0,0,0,37.0
Ben Koyack,TE,JAX,2,LAC,0,0,0,0,0,0,0,0,0,0,0,0,0,0,0,0,0,0,0,0,0,0,,,,,
Ben Roethlisberger,QB,PIT,2,CIN,259,3,37,19,2,14,0,1,0,0,0,0,0,0,0,0,0,0,0,0,0,0,,,,,
Benny Cunningham,RB,LA,2,SEA,0,0,0,0,0,2,0,1,1,7,0,2,0,0,0,0,0,0,0,0,0,0,,,,,
Bilal Powell,RB,NYJ,2,BUF,0,0,0,0,0,2,0,1,1,1,0,2,0,0,0,0,0,0,0,0,0,0,,,,,
Blaine Gabbert,QB,SF,2,CAR,243,2,36,17,2,10,1,3,0,0,0,0,0,0,0,0,0,0,0,0,0,0,,,,,
Blair Walsh,K,MIN,2,GB,0,0,0,0,0,0,0,0,0,0,0,0,0,0,0,0,0,0,1,0,0,2,,,,,
Blake Bell,TE,SF,2,CAR,0,0,0,0,0,0,0,0,1,6,0,2,0,0,0,0,0,0,0,0,0,0,,,,,
Blake Bortles,QB,JAX,2,LAC,329,2,50,31,2,34,0,3,0,0,0,0,0,0,0,0,0,0,0,0,0,0,,,,,
Bradley Sowell,TE,SEA,2,LA,0,0,0,0,0,0,0,0,0,0,0,0,0,0,0,0,0,0,0,0,0,0,,,,,
Brandin Cooks,WR,NO,2,NYG,0,0,0,0,0,0,0,0,7,68,0,9,0,0,0,0,0,0,0,0,0,0,,,,,
Brandon Bostick,TE,NYJ,2,BUF,0,0,0,0,0,0,0,0,0,0,0,1,0,0,0,0,0,0,0,0,0,0,,,,,
Brandon Coleman,WR,NO,2,NYG,0,0,0,0,0,0,0,0,2,15,0,4,0,0,0,0,0,0,0,0,0,0,,,,,
Brandon LaFell,WR,CIN,2,PIT,0,0,0,0,0,0,0,0,3,39,0,8,0,0,0,0,0,0,0,0,0,0,,,,,
Brandon Marshall,WR,NYJ,2,BUF,0,0,0,0,0,0,0,0,6,101,0,9,0,0,0,0,0,0,0,0,0,0,,,,,
Brandon McManus,K,DEN,2,IND,0,0,0,0,0,0,0,0,0,0,0,0,0,0,0,0,1,2,1,0,0,2,,,,,
Brandon Myers,TE,TB,2,ARI,0,0,0,0,0,0,0,0,0,0,0,0,0,0,0,0,0,0,0,0,0,0,,,,,
Brandon Tate,WR,BUF,2,NYJ,0,0,0,0,0,0,0,0,0,0,0,0,0,0,0,0,0,0,0,0,0,0,,,,,
Braxton Miller,WR,HOU,2,KC,0,0,0,0,0,-2,0,1,1,3,0,3,0,0,0,0,0,0,0,0,0,0,,,,,
Brent Celek,TE,PHI,2,CHI,0,0,0,0,0,0,0,0,0,0,0,1,0,0,0,0,0,0,0,0,0,0,,,,,
Breshad Perriman,WR,BAL,2,CLE,0,0,0,0,0,0,0,0,2,32,0,5,0,0,0,0,0,0,0,0,0,0,,,,,
Brian Hoyer,QB,CHI,2,PHI,78,0,12,9,0,0,0,0,0,0,0,0,0,0,0,0,0,0,0,0,0,0,,,,,
Brian Quick,WR,LA,2,SEA,0,0,0,0,0,0,0,0,1,8,0,1,0,0,0,0,0,0,0,0,0,0,,,,,
Brice Butler,WR,DAL,2,WAS,0,0,0,0,0,0,0,0,0,0,0,1,0,0,0,0,0,0,0,0,0,0,,,,,
Brock Osweiler,QB,HOU,2,KC,268,1,33,19,2,-3,0,2,0,0,0,0,0,0,0,0,0,0,0,0,0,0,,,,,
C.J. Anderson,RB,DEN,2,IND,0,0,0,0,0,74,1,20,3,19,0,5,0,0,0,0,0,0,0,0,0,0,,,,,
C.J. Fiedorowicz,TE,HOU,2,KC,0,0,0,0,0,0,0,0,1,1,0,1,0,0,0,0,0,0,0,0,0,0,,,,,
C.J. Uzomah,TE,CIN,2,PIT,0,0,0,0,0,0,0,0,3,9,0,8,0,0,0,0,0,0,0,0,0,0,,,,,
CAR,DEF,CAR,2,SF,,,,,,,,,,,,,,,,,,,,,,,0,0,0,0,27.0
CHI,DEF,CHI,2,PHI,,,,,,,,,,,,,,,,,,,,,,,0,0,0,0,29.0
CIN,DEF,CIN,2,PIT,,,,,,,,,,,,,,,,,,,,,,,0,0,0,0,24.0
CLE,DEF,CLE,2,BAL,,,,,,,,,,,,,,,,,,,,,,,0,0,0,0,25.0
Cairo Santos,K,KC,2,HOU,0,0,0,0,0,0,0,0,0,0,0,0,0,0,0,0,0,2,1,1,0,0,,,,,
Caleb Sturgis,K,PHI,2,CHI,0,0,0,0,0,0,0,0,0,0,0,0,0,0,0,0,2,0,0,1,0,2,,,,,
Cam Newton,QB,CAR,2,SF,353,4,40,24,1,37,0,6,0,0,0,0,0,0,0,0,0,0,0,0,0,0,,,,,
Cameron Brate,TE,TB,2,ARI,0,0,0,0,0,0,0,0,3,16,0,4,0,0,0,0,0,0,0,0,0,0,,,,,
Carlos Hyde,RB,SF,2,CAR,0,0,0,0,0,34,0,14,3,18,0,3,0,0,0,0,0,0,0,0,0,0,,,,,
Carson Palmer,QB,ARI,2,TB,304,3,30,17,0,0,0,0,0,0,0,0,0,0,0,0,0,0,0,0,0,0,,,,,
Carson Wentz,QB,PHI,2,CHI,190,1,34,21,0,10,0,6,0,0,0,0,0,0,0,0,0,0,0,0,0,0,,,,,
Case Keenum,QB,LA,2,SEA,239,0,30,18,0,5,0,3,0,0,0,0,0,0,0,0,0,0,0,0,0,0,,,,,
Cecil Shorts,WR,TB,2,ARI,0,0,0,0,0,0,0,0,1,12,0,2,0,0,0,0,0,0,0,0,0,0,,,,,
Chandler Catanzaro,K,ARI,2,TB,0,0,0,0,0,0,0,0,0,0,0,0,0,0,0,0,1,0,1,0,0,4,,,,,
Charcandrick West,RB,KC,2,HOU,0,0,0,0,0,61,0,6,1,2,0,2,0,0,0,0,0,0,0,0,0,0,,,,,
Charles Clay,TE,BUF,2,NYJ,0,0,0,0,0,0,0,0,5,27,0,7,0,0,0,0,0,0,0,0,0,0,,,,,
Charles D. Johnson,WR,MIN,2,GB,0,0,0,0,0,0,0,0,2,15,0,2,0,0,0,0,0,0,0,0,0,0,,,,,
Charles Sims,RB,TB,2,ARI,0,0,0,0,0,24,0,9,3,4,0,5,0,0,0,0,0,0,0,0,0,0,,,,,
Chester Rogers,WR,IND,2,DEN,0,0,0,0,0,0,0,0,0,0,0,1,0,0,0,0,0,0,0,0,0,0,,,,,
Chris Boswell,K,PIT,2,CIN,0,0,0,0,0,0,0,0,0,0,0,0,0,0,0,0,0,0,1,0,0,3,,,,,
Chris Conley,WR,KC,2,HOU,0,0,0,0,0,0,0,0,2,15,0,4,0,0,0,0,0,0,0,0,0,0,,,,,
Chris Hogan,WR,NE,2,MIA,0,0,0,0,0,0,0,0,4,59,0,6,0,0,0,0,0,0,0,0,0,0,,,,,
Chris Johnson,RB,ARI,2,TB,0,0,0,0,0,54,1,16,0,0,0,0,0,0,0,0,0,0,0,0,0,0,,,,,
Chris Moore,WR,BAL,2,CLE,0,0,0,0,0,0,0,0,1,9,0,2,0,0,0,0,0,0,0,0,0,0,,,,,
Chris Thompson,RB,WAS,2,DAL,0,0,0,0,0,1,0,2,3,57,0,4,0,0,0,0,0,0,0,0,0,0,,,,,
Christine Michael,RB,SEA,2,LA,0,0,0,0,0,60,0,10,3,26,0,4,0,0,0,0,0,0,0,0,0,0,,,,,
Clive Walford,TE,LV,2,ATL,0,0,0,0,0,0,0,0,6,50,1,7,0,0,0,0,0,0,0,0,0,0,,,,,
Coby Fleener,TE,NO,2,NYG,0,0,0,0,0,0,0,0,2,29,0,8,0,0,0,0,0,0,0,0,0,0,,,,,
Cody Latimer,WR,DEN,2,IND,0,0,0,0,0,0,0,0,2,12,0,2,0,0,0,0,0,0,0,0,0,0,,,,,
Cole Beasley,WR,DAL,2,WAS,0,0,0,0,0,0,0,0,5,75,0,6,0,0,0,0,0,0,0,0,0,0,,,,,
Connor Barth,K,CHI,2,PHI,0,0,0,0,0,0,0,0,0,0,0,0,0,0,0,0,0,0,0,0,0,2,,,,,
Cordarrelle Patterson,RB,MIN,2,GB,0,0,0,0,0,-2,0,1,0,0,0,0,0,0,0,0,0,0,0,0,0,0,,,,,
Corey Brown,WR,CAR,2,SF,0,0,0,0,0,0,0,0,3,15,0,6,0,0,0,0,0,0,0,0,0,0,,,,,
Corey Coleman,WR,CLE,2,BAL,0,0,0,0,0,0,0,0,5,104,2,8,0,0,0,0,0,0,0,0,0,0,,,,,
Corey Grant,RB,JAX,2,LAC,0,0,0,0,0,0,0,0,1,15,1,1,0,0,0,0,0,0,0,0,0,0,,,,,
Cory Harkey,TE,LA,2,SEA,0,0,0,0,0,0,0,0,0,0,0,0,0,0,0,0,0,0,0,0,0,0,,,,,
Crockett Gillmore,TE,BAL,2,CLE,0,0,0,0,0,0,0,0,1,22,0,3,0,0,0,0,0,0,0,0,0,0,,,,,
D.J. Foster,RB,NE,2,MIA,0,0,0,0,0,7,0,1,1,2,0,2,0,0,0,0,0,0,0,0,0,0,,,,,
DAL,DEF,DAL,2,WAS,,,,,,,,,,,,,,,,,,,,,,,0,0,0,0,23.0
DEN,DEF,DEN,2,IND,,,,,,,,,,,,,,,,,,,,,,,1,0,0,0,20.0
DET,DEF,DET,2,TEN,,,,,,,,,,,,,,,,,,,,,,,0,1,0,0,16.0
Dak Prescott,QB,DAL,2,WAS,292,0,30,22,0,6,1,1,0,0,0,0,0,0,0,0,0,0,0,0,0,0,,,,,
Dan Bailey,K,DAL,2,WAS,0,0,0,0,0,0,0,0,0,0,0,0,0,0,0,0,1,1,0,0,0,3,,,,,
Dan Carpenter,K,BUF,2,NYJ,0,0,0,0,0,0,0,0,0,0,0,0,0,0,0,0,0,1,0,0,0,4,,,,,
Danny Amendola,WR,NE,2,MIA,0,0,0,0,0,0,0,0,4,48,2,4,0,0,0,0,0,0,0,0,0,0,,,,,
Danny Woodhead,RB,LAC,2,JAX,0,0,0,0,0,27,0,3,1,4,0,1,0,0,0,0,0,0,0,0,0,0,,,,,
Darren Fells,TE,ARI,2,TB,0,0,0,0,0,0,0,0,4,31,0,5,0,0,0,0,0,0,0,0,0,0,,,,,
Darren Sproles,RB,PHI,2,CHI,0,0,0,0,0,40,0,12,2,8,0,2,0,0,0,0,0,0,0,0,0,0,,,,,
Darrius Heyward-Bey,WR,PIT,2,CIN,0,0,0,0,0,0,0,0,1,7,0,2,0,0,0,0,0,0,0,0,0,0,,,,,
Daryl Richardson,RB,PIT,2,CIN,0,0,0,0,0,6,0,1,0,0,0,0,0,0,0,0,0,0,0,0,0,0,,,,,
Davante Adams,WR,GB,2,MIN,0,0,0,0,0,0,0,0,3,26,0,7,0,0,0,0,0,0,0,0,0,0,,,,,
David Johnson,TE,PIT,2,CIN,0,0,0,0,0,0,0,0,1,5,0,1,0,0,0,0,0,0,0,0,0,0,,,,,
David Johnson,RB,ARI,2,TB,0,0,0,0,0,45,0,12,3,98,0,5,0,0,0,0,0,0,0,0,0,0,,,,,
DeAndre Hopkins,WR,HOU,2,KC,0,0,0,0,0,0,0,0,7,113,1,11,0,0,0,0,0,0,0,0,0,0,,,,,
DeAndre Washington,RB,LV,2,ATL,0,0,0,0,0,46,0,7,1,6,0,1,0,0,0,0,0,0,0,0,0,0,,,,,
DeAngelo Williams,RB,PIT,2,CIN,0,0,0,0,0,94,0,32,4,38,1,5,0,0,0,0,0,0,0,0,0,0,,,,,
DeMarco Murray,RB,TEN,2,DET,0,0,0,0,0,89,0,12,7,56,0,7,0,0,0,0,0,0,0,0,0,0,,,,,
DeSean Jackson,WR,WAS,2,DAL,0,0,0,0,0,0,0,0,3,40,0,5,0,0,0,0,0,0,0,0,0,0,,,,,
DeVante Parker,WR,MIA,2,NE,0,0,0,0,0,0,0,0,8,106,0,13,0,0,0,0,0,0,0,0,0,0,,,,,
Delanie Walker,TE,TEN,2,DET,0,0,0,0,0,0,0,0,6,83,1,6,0,0,0,0,0,0,0,0,0,0,,,,,
Demarcus Robinson,WR,KC,2,HOU,0,0,0,0,0,0,0,0,0,0,0,0,0,0,0,0,0,0,0,0,0,0,,,,,
Demaryius Thomas,WR,DEN,2,IND,0,0,0,0,0,0,0,0,5,90,0,7,0,0,1,0,0,0,0,0,0,0,,,,,
Demetrius Harris,TE,KC,2,HOU,0,0,0,0,0,0,0,0,0,0,0,1,0,0,0,0,0,0,0,0,0,0,,,,,
Denard Robinson,RB,JAX,2,LAC,0,0,0,0,0,7,0,1,1,7,0,2,0,0,0,0,0,0,0,0,0,0,,,,,
Dennis Pitta,TE,BAL,2,CLE,0,0,0,0,0,0,0,0,9,102,0,12,0,0,0,0,0,0,0,0,0,0,,,,,
Deonte Thompson,WR,CHI,2,PHI,0,0,0,0,0,0,0,0,0,0,0,0,0,0,0,0,0,0,0,0,0,0,,,,,
Derek Carr,QB,LV,2,ATL,299,3,45,34,0,10,0,2,0,0,0,0,0,0,0,0,0,0,0,0,0,0,,,,,
Derrick Henry,RB,TEN,2,DET,0,0,0,0,0,40,0,9,1,9,0,1,0,0,0,0,0,0,0,0,0,0,,,,,
Devin Funchess,WR,CAR,2,SF,0,0,0,0,0,0,0,0,2,19,1,4,0,0,0,0,0,0,0,0,0,0,,,,,
Devin Hester,WR,BAL,2,CLE,0,0,0,0,0,0,0,0,0,0,0,0,0,0,0,0,0,0,0,0,0,0,,,,,
Devonta Freeman,RB,ATL,2,LV,0,0,0,0,0,93,0,17,0,0,0,0,0,0,0,0,0,0,0,0,0,0,,,,,
Devontae Booker,RB,DEN,2,IND,0,0,0,0,0,46,0,9,1,5,0,1,0,0,0,0,0,0,0,0,0,0,,,,,
Dez Bryant,WR,DAL,2,WAS,0,0,0,0,0,0,0,0,7,102,0,12,0,0,0,0,0,0,0,0,0,0,,,,,
Dion Sims,TE,MIA,2,NE,0,0,0,0,0,0,0,0,1,21,0,1,0,0,0,0,0,0,0,0,0,0,,,,,
Donte Moncrief,WR,IND,2,DEN,0,0,0,0,0,0,0,0,1,9,0,3,0,0,0,0,0,0,0,0,0,0,,,,,
Dontrelle Inman,WR,LAC,2,JAX,0,0,0,0,0,0,0,0,1,7,0,3,0,0,0,0,0,0,0,0,0,0,,,,,
Dorial Green-Beckham,WR,PHI,2,CHI,0,0,0,0,0,0,0,0,2,18,0,4,0,0,0,0,0,0,0,0,0,0,,,,,
Doug Baldwin,WR,SEA,2,LA,0,0,0,0,0,0,0,0,3,20,0,6,0,0,0,0,0,0,0,0,0,0,,,,,
Doug Martin,RB,TB,2,ARI,0,0,0,0,0,23,0,7,0,0,0,0,0,0,0,0,0,0,0,0,0,0,,,,,
Drew Brees,QB,NO,2,NYG,263,1,44,29,0,0,0,0,0,0,0,0,0,0,0,0,0,0,0,0,0,0,,,,,
Drew Stanton,QB,ARI,2,TB,11,0,4,1,0,0,0,0,0,0,0,0,0,0,0,0,0,0,0,0,0,0,,,,,
Duke Johnson,RB,CLE,2,BAL,0,0,0,0,0,12,0,3,4,44,0,5,0,0,0,0,0,0,0,0,0,0,,,,,
Dustin Hopkins,K,WAS,2,DAL,0,0,0,0,0,0,0,0,0,0,0,0,0,0,0,0,2,1,0,0,0,2,,,,,
Dwayne Allen,TE,IND,2,DEN,0,0,0,0,0,0,0,0,2,25,0,4,0,0,0,0,0,0,0,0,0,0,,,,,
Dwayne Harris,WR,NYG,2,NO,0,0,0,0,0,0,0,0,0,0,0,0,0,0,0,0,0,0,0,0,0,0,,,,,
Dwayne Washington,RB,DET,2,TEN,0,0,0,0,0,31,0,4,0,0,0,0,0,0,0,0,0,0,0,0,0,0,,,,,
EJ Manuel,QB,BUF,2,NYJ,10,0,1,1,0,2,0,2,0,0,0,0,0,0,0,0,0,0,0,0,0,0,,,,,
Ed Dickson,TE,CAR,2,SF,0,0,0,0,0,0,0,0,0,0,0,1,0,0,0,0,0,0,0,0,0,0,,,,,
Eddie Lacy,RB,GB,2,MIN,0,0,0,0,0,50,0,12,0,0,0,1,0,0,0,0,0,0,0,0,0,0,,,,,
Eddie Royal,WR,CHI,2,PHI,0,0,0,0,0,0,0,0,4,52,0,6,1,0,0,0,0,0,0,0,0,0,,,,,
Eli Manning,QB,NYG,2,NO,368,0,41,32,0,-4,0,4,0,0,0,0,0,0,0,0,0,0,0,0,0,0,,,,,
Eli Rogers,WR,PIT,2,CIN,0,0,0,0,0,0,0,0,1,9,0,3,0,0,0,0,0,0,0,0,0,0,,,,,
Emmanuel Sanders,WR,DEN,2,IND,0,0,0,0,0,0,0,0,3,39,0,8,0,0,0,0,0,0,0,0,0,0,,,,,
Eric Decker,WR,NYJ,2,BUF,0,0,0,0,0,0,0,0,6,126,1,8,0,0,0,0,0,0,0,0,0,0,,,,,
Eric Ebron,TE,DET,2,TEN,0,0,0,0,0,0,0,0,4,53,0,7,0,0,0,0,0,0,0,0,0,0,,,,,
Eric Weems,WR,ATL,2,LV,0,0,0,0,0,0,0,0,0,0,0,0,0,0,0,0,0,0,0,0,0,0,,,,,
Ezekiel Elliott,RB,DAL,2,WAS,0,0,0,0,0,83,1,21,2,4,0,2,0,0,0,0,0,0,0,0,0,0,,,,,
Fitzgerald Toussaint,RB,PIT,2,CIN,0,0,0,0,0,4,0,1,1,9,0,1,0,0,0,0,0,0,0,0,0,0,,,,,
Fozzy Whittaker,RB,CAR,2,SF,0,0,0,0,0,100,0,16,3,31,0,4,0,0,0,0,0,0,0,0,0,0,,,,,
Frank Gore,RB,IND,2,DEN,0,0,0,0,0,44,0,13,3,19,1,3,0,0,0,0,0,0,0,0,0,0,,,,,
GB,DEF,GB,2,MIN,,,,,,,,,,,,,,,,,,,,,,,0,0,0,0,17.0
Garrett Celek,TE,SF,2,CAR,0,0,0,0,0,0,0,0,1,12,0,2,0,0,0,0,0,0,0,0,0,0,,,,,
Gary Barnidge,TE,CLE,2,BAL,0,0,0,0,0,0,0,0,4,37,0,5,0,0,0,0,0,0,0,0,0,0,,,,,
Geoff Swaim,TE,DAL,2,WAS,0,0,0,0,0,0,0,0,2,29,0,2,0,0,0,0,0,0,0,0,0,0,,,,,
George Atkinson,RB,CLE,2,BAL,0,0,0,0,0,0,0,0,0,0,0,0,0,0,0,0,0,0,0,0,0,0,,,,,
Giovani Bernard,RB,CIN,2,PIT,0,0,0,0,0,17,0,5,9,100,1,11,0,0,0,0,0,0,0,0,0,0,,,,,
Golden Tate,WR,DET,2,TEN,0,0,0,0,0,0,0,0,2,13,0,9,0,0,0,0,0,0,0,0,0,0,,,,,
Graham Gano,K,CAR,2,SF,0,0,0,0,0,0,0,0,0,0,0,0,0,0,0,0,0,2,2,0,0,4,,,,,
Greg Olsen,TE,CAR,2,SF,0,0,0,0,0,0,0,0,5,122,1,8,0,0,0,0,0,0,0,0,0,0,,,,,
Greg Salas,WR,BUF,2,NYJ,0,0,0,0,0,0,0,0,4,89,1,5,0,0,0,0,0,0,0,0,0,0,,,,,
Greg Zuerlein,K,LA,2,SEA,0,0,0,0,0,0,0,0,0,0,0,0,0,0,0,0,1,1,1,0,0,0,,,,,
HOU,DEF,HOU,2,KC,,,,,,,,,,,,,,,,,,,,,,,0,0,0,0,12.0
IND,DEF,IND,2,DEN,,,,,,,,,,,,,,,,,,,,,,,0,0,0,0,34.0
Isaiah Crowell,RB,CLE,2,BAL,0,0,0,0,0,133,1,18,1,15,0,1,0,0,0,0,0,0,0,0,0,0,,,,,
JAX,DEF,JAX,2,LAC,,,,,,,,,,,,,,,,,,,,,,,0,0,0,0,38.0
Jack Doyle,TE,IND,2,DEN,0,0,0,0,0,0,0,0,4,37,0,5,0,0,0,0,0,0,0,0,0,0,,,,,
Jacob Tamme,TE,ATL,2,LV,0,0,0,0,0,0,0,0,5,75,1,8,0,0,0,0,0,0,0,0,0,0,,,,,
Jacoby Brissett,QB,NE,2,MIA,92,0,9,6,0,12,0,4,0,0,0,0,0,0,0,0,0,0,0,0,0,0,,,,,
Jacquizz Rodgers,RB,TB,2,ARI,0,0,0,0,0,29,0,2,0,0,0,1,0,0,0,0,0,0,0,0,0,0,,,,,
Jaelen Strong,WR,HOU,2,KC,0,0,0,0,0,0,0,0,0,0,0,1,0,0,0,0,0,0,0,0,0,0,,,,,
Jalen Richard,RB,LV,2,ATL,0,0,0,0,0,17,0,6,1,10,0,1,0,0,0,0,0,0,0,0,0,0,,,,,
Jalin Marshall,WR,NYJ,2,BUF,0,0,0,0,0,0,0,0,3,45,0,4,0,0,0,0,0,0,0,0,0,0,,,,,
Jameis Winston,QB,TB,2,ARI,243,1,52,27,4,9,0,3,0,0,0,0,0,0,0,0,0,0,0,0,0,0,,,,,
James O'Shaughnessy,TE,KC,2,HOU,0,0,0,0,0,0,0,0,0,0,0,0,0,0,0,0,0,0,0,0,0,0,,,,,
James Starks,RB,GB,2,MIN,0,0,0,0,0,3,0,7,1,16,0,1,0,0,0,0,0,0,0,0,0,0,,,,,
James White,RB,NE,2,MIA,0,0,0,0,0,19,0,4,2,10,0,4,0,0,0,0,0,0,0,0,0,0,,,,,
James Wright,WR,CIN,2,PIT,0,0,0,0,0,0,0,0,1,10,0,1,0,0,0,0,0,0,0,0,0,0,,,,,
Jamison Crowder,WR,WAS,2,DAL,0,0,0,0,0,0,0,0,6,39,1,8,0,0,0,0,0,0,0,0,0,0,,,,,
Jamize Olawale,RB,LV,2,ATL,0,0,0,0,0,11,0,1,2,28,0,2,0,0,0,0,0,0,0,0,0,0,,,,,
Jared Cook,TE,GB,2,MIN,0,0,0,0,0,0,0,0,4,31,0,6,0,0,0,0,0,0,0,0,0,0,,,,,
Jaron Brown,WR,ARI,2,TB,0,0,0,0,0,0,0,0,2,78,1,2,0,0,0,0,0,0,0,0,0,0,,,,,
Jarvis Landry,WR,MIA,2,NE,0,0,0,0,0,0,0,0,10,135,0,13,0,0,0,0,0,0,0,0,0,0,,,,,
Jason Myers,K,JAX,2,LAC,0,0,0,0,0,0,0,0,0,0,0,0,0,0,0,0,0,0,0,0,0,2,,,,,
Jason Witten,TE,DAL,2,WAS,0,0,0,0,0,0,0,0,3,51,0,4,0,0,0,0,0,0,0,0,0,0,,,,,
Jay Ajayi,RB,MIA,2,NE,0,0,0,0,0,14,0,5,4,31,0,4,0,0,0,0,0,0,0,0,0,0,,,,,
Jay Cutler,QB,CHI,2,PHI,157,0,17,12,1,0,0,0,0,0,0,0,0,0,0,0,0,0,0,0,0,0,,,,,
Jeremy Hill,RB,CIN,2,PIT,0,0,0,0,0,22,0,11,3,37,0,5,0,0,0,0,0,0,0,0,0,0,,,,,
Jeremy Kerley,WR,SF,2,CAR,0,0,0,0,0,0,0,0,3,29,0,6,0,0,0,0,0,0,0,0,0,0,,,,,
Jeremy Langford,RB,CHI,2,PHI,0,0,0,0,0,28,1,11,1,6,0,2,0,0,0,0,0,0,0,0,0,0,,,,,
Jeremy Maclin,WR,KC,2,HOU,0,0,0,0,0,0,0,0,6,68,0,15,0,0,0,0,0,0,0,0,0,0,,,,,
Jerick McKinnon,RB,MIN,2,GB,0,0,0,0,0,2,0,2,1,-1,0,1,0,0,0,0,0,0,0,0,0,0,,,,,
Jermaine Gresham,TE,ARI,2,TB,0,0,0,0,0,0,0,0,0,0,0,1,0,0,0,0,0,0,0,0,0,0,,,,,
Jermaine Kearse,WR,SEA,2,LA,0,0,0,0,0,0,0,0,2,11,0,6,0,0,0,0,0,0,0,0,0,0,,,,,
Jesse James,TE,PIT,2,CIN,0,0,0,0,0,0,0,0,3,29,1,5,0,0,0,0,0,0,0,0,0,0,,,,,
Jimmy Garoppolo,QB,NE,2,MIA,232,3,26,18,0,0,0,0,0,0,0,0,0,0,0,0,0,0,0,0,0,0,,,,,
Jimmy Graham,TE,SEA,2,LA,0,0,0,0,0,0,0,0,3,42,0,4,0,0,0,0,0,0,0,0,0,0,,,,,
Joe Flacco,QB,BAL,2,CLE,302,2,45,25,2,1,0,1,0,0,0,0,0,0,0,0,0,0,0,0,0,0,,,,,
John Brown,WR,ARI,2,TB,0,0,0,0,0,0,0,0,1,14,0,3,0,0,0,0,0,0,0,0,0,0,,,,,
Johnny Holton,WR,LV,2,ATL,0,0,0,0,0,14,0,1,1,4,0,1,0,0,0,0,0,0,0,0,0,0,,,,,
Jonathan Grimes,RB,HOU,2,KC,0,0,0,0,0,8,0,1,1,13,0,3,0,0,0,0,0,0,0,0,0,0,,,,,
Jonathan Stewart,RB,CAR,2,SF,0,0,0,0,0,9,0,5,2,7,0,2,0,0,0,0,0,0,0,0,0,0,,,,,
Jordan Cameron,TE,MIA,2,NE,0,0,0,0,0,0,0,0,5,49,1,7,0,0,0,0,0,0,0,0,0,0,,,,,
Jordan Howard,RB,CHI,2,PHI,0,0,0,0,0,22,0,3,2,9,0,2,0,0,0,0,0,0,0,0,0,0,,,,,
Jordan Matthews,TE,PHI,2,CHI,0,0,0,0,0,0,0,0,6,71,0,9,0,0,0,0,0,0,0,0,0,0,,,,,
Jordan Norwood,WR,DEN,2,IND,0,0,0,0,0,0,0,0,3,24,0,4,0,0,0,0,0,0,0,0,0,0,,,,,
Jordan Reed,TE,WAS,2,DAL,0,0,0,0,0,0,0,0,5,70,0,7,0,0,0,0,0,0,0,0,0,0,,,,,
Jordan Taylor,WR,DEN,2,IND,0,0,0,0,0,0,0,0,1,20,0,1,0,0,0,0,0,0,0,0,0,0,,,,,
Jordy Nelson,WR,GB,2,MIN,0,0,0,0,0,0,0,0,5,73,1,11,0,0,0,0,0,0,0,0,0,0,,,,,
Josh Bellamy,WR,CHI,2,PHI,0,0,0,0,0,0,0,0,0,0,0,0,0,0,0,0,0,0,0,0,0,0,,,,,
Josh Brown,K,NYG,2,NO,0,0,0,0,0,0,0,0,0,0,0,0,0,0,0,1,1,0,1,0,0,1,,,,,
Josh Doctson,WR,WAS,2,DAL,0,0,0,0,0,0,0,0,1,57,0,5,0,0,0,0,0,0,0,0,0,0,,,,,
Josh Ferguson,RB,IND,2,DEN,0,0,0,0,0,7,0,2,5,29,0,5,0,0,0,0,0,0,0,0,0,0,,,,,
Josh Huff,WR,PHI,2,CHI,0,0,0,0,0,0,0,1,1,-1,0,1,0,0,0,0,0,0,0,0,0,0,,,,,
Josh Lambo,K,LAC,2,JAX,0,0,0,0,0,0,0,0,0,0,0,0,0,0,0,0,1,0,0,0,0,5,,,,,
Josh McCown,QB,CLE,2,BAL,260,2,33,20,2,0,0,2,0,0,0,0,0,0,0,0,0,0,0,0,0,0,,,,,
Julian Edelman,WR,NE,2,MIA,0,0,0,0,0,0,0,0,7,76,0,10,0,0,0,0,0,0,0,0,0,0,,,,,
Julio Jones,WR,ATL,2,LV,0,0,0,0,0,0,0,0,5,106,1,5,0,0,0,0,0,0,0,0,0,0,,,,,
Julius Thomas,TE,JAX,2,LAC,0,0,0,0,0,0,0,0,4,71,0,7,0,0,0,0,0,0,0,0,0,0,,,,,
Justin Forsett,RB,BAL,2,CLE,0,0,0,0,0,37,0,14,3,9,0,5,0,0,0,0,0,0,0,0,0,0,,,,,
Justin Hardy,WR,ATL,2,LV,0,0,0,0,0,0,0,0,1,8,1,3,0,0,0,0,0,0,0,0,0,0,,,,,
Justin Tucker,K,BAL,2,CLE,0,0,0,0,0,0,0,0,0,0,0,0,0,0,0,0,0,0,2,1,0,2,,,,,
KC,DEF,KC,2,HOU,,,,,,,,,,,,,,,,,,,,,,,0,0,0,0,19.0
Ka'Deem Carey,RB,CHI,2,PHI,0,0,0,0,0,3,0,2,1,3,0,1,0,0,0,0,0,0,0,0,0,0,,,,,
Kamar Aiken,WR,BAL,2,CLE,0,0,0,0,0,0,0,0,0,0,0,1,0,0,0,0,0,0,0,0,0,0,,,,,
Kapri Bibbs,RB,DEN,2,IND,0,0,0,0,0,7,0,1,0,0,0,1,0,0,0,0,0,0,0,0,0,0,,,,,
Kellen Clemens,QB,LAC,2,JAX,0,0,1,0,0,-1,0,2,0,0,0,0,0,0,0,0,0,0,0,0,0,0,,,,,
Kellen Davis,TE,NYJ,2,BUF,0,0,0,0,0,0,0,0,0,0,0,1,0,0,0,0,0,0,0,0,0,0,,,,,
Kelvin Benjamin,WR,CAR,2,SF,0,0,0,0,0,0,0,0,7,108,2,9,0,0,0,0,0,0,0,0,0,0,,,,,
Kenjon Barner,RB,PHI,2,CHI,0,0,0,0,0,2,0,2,0,0,0,0,0,0,0,0,0,0,0,0,0,0,,,,,
Kenneth Farrow,RB,LAC,2,JAX,0,0,0,0,0,13,0,4,0,0,0,1,0,0,0,0,0,0,0,0,0,0,,,,,
Kenny Britt,WR,LA,2,SEA,0,0,0,0,0,0,0,0,6,94,0,10,0,0,0,0,0,0,0,0,0,0,,,,,
Kenny Stills,WR,MIA,2,NE,0,0,0,0,0,0,0,0,2,39,1,4,0,0,0,0,0,0,0,0,0,0,,,,,
Kenyan Drake,RB,MIA,2,NE,0,0,0,0,0,12,1,2,2,6,0,2,0,0,0,0,0,0,0,0,0,0,,,,,
Kevin White,WR,CHI,2,PHI,0,0,0,0,0,9,0,1,4,36,0,6,0,0,0,0,0,0,0,0,0,0,,,,,
Kirk Cousins,QB,WAS,2,DAL,364,1,46,28,1,20,0,2,0,0,0,0,0,0,0,0,0,0,0,0,0,0,,,,,
Knile Davis,RB,KC,2,HOU,0,0,0,0,0,0,0,0,0,0,0,0,0,0,0,0,0,0,0,0,0,0,,,,,
Kyle Juszczyk,RB,BAL,2,CLE,0,0,0,0,0,0,0,0,1,8,0,2,0,0,0,0,0,0,0,0,0,0,,,,,
Kyle Rudolph,TE,MIN,2,GB,0,0,0,0,0,0,0,0,3,31,1,8,0,0,0,0,0,0,0,0,0,0,,,,,
LA,DEF,LA,2,SEA,,,,,,,,,,,,,,,,,,,,,,,0,0,0,0,3.0
LAC,DEF,LAC,2,JAX,,,,,,,,,,,,,,,,,,,,,,,0,0,0,0,0.0
LV,DEF,LV,2,ATL,,,,,,,,,,,,,,,,,,,,,,,0,0,0,0,0.0
Lamar Miller,RB,HOU,2,KC,0,0,0,0,0,83,0,25,2,14,0,2,0,0,0,0,0,0,0,0,0,0,,,,,
Lance Dunbar,RB,DAL,2,WAS,0,0,0,0,0,6,0,3,2,26,0,2,0,0,0,0,0,0,0,0,0,0,,,,,
Lance Kendricks,TE,LA,2,SEA,0,0,0,0,0,0,0,0,4,61,0,6,0,0,0,0,0,0,0,0,0,0,,,,,
Larry Donnell,TE,NYG,2,NO,0,0,0,0,0,0,0,0,4,24,0,5,0,0,0,0,0,0,0,0,0,0,,,,,
Larry Fitzgerald,WR,ARI,2,TB,0,0,0,0,0,4,0,1,5,77,1,10,0,0,0,0,0,0,0,0,0,0,,,,,
Latavius Murray,RB,LV,2,ATL,0,0,0,0,0,57,1,8,6,44,0,6,0,0,0,0,0,0,0,0,0,0,,,,,
LeGarrette Blount,RB,NE,2,MIA,0,0,0,0,0,123,1,29,0,0,0,0,0,0,0,0,0,0,0,0,0,0,,,,,
LeSean McCoy,RB,BUF,2,NYJ,0,0,0,0,0,59,0,15,4,31,0,5,0,0,0,0,0,0,0,0,0,0,,,,,
Lee Smith,TE,LV,2,ATL,0,0,0,0,0,0,0,0,4,24,0,4,0,0,0,0,0,0,0,0,0,0,,,,,
Levine Toilolo,TE,ATL,2,LV,0,0,0,0,0,0,0,0,2,21,0,2,0,0,0,0,0,0,0,0,0,0,,,,,
Lucky Whitehead,WR,DAL,2,WAS,0,0,0,0,0,0,0,0,0,0,0,0,0,0,0,0,0,0,0,0,0,0,,,,,
Luke Willson,TE,SEA,2,LA,0,0,0,0,0,0,0,0,1,6,0,1,0,0,0,0,0,0,0,0,0,0,,,,,
MIA,DEF,MIA,2,NE,,,,,,,,,,,,,,,,,,,,,,,0,0,0,0,31.0
MIN,DEF,MIN,2,GB,,,,,,,,,,,,,,,,,,,,,,,0,0,0,0,14.0
Malcolm Mitchell,WR,NE,2,MIA,0,0,0,0,0,0,0,0,1,15,0,2,0,0,0,0,0,0,0,0,0,0,,,,,
MarQueis Gray,TE,MIA,2,NE,0,0,0,0,0,0,0,0,0,0,0,0,0,0,0,0,0,0,0,0,0,0,,,,,
Marc Mariani,WR,TEN,2,DET,0,0,0,0,0,0,0,0,0,0,0,0,0,0,0,0,0,0,0,0,0,0,,,,,
Marcedes Lewis,TE,JAX,2,LAC,0,0,0,0,0,0,0,0,2,17,1,3,0,0,0,0,0,0,0,0,0,0,,,,,
Marcus Mariota,QB,TEN,2,DET,238,2,33,25,1,11,0,2,0,0,0,0,0,0,0,0,0,0,0,0,0,0,,,,,
Mark Ingram,RB,NO,2,NYG,0,0,0,0,0,30,0,9,4,17,0,4,0,0,0,0,0,0,0,0,0,0,,,,,
Marqise Lee,WR,JAX,2,LAC,0,0,0,0,0,0,0,0,5,75,0,7,0,0,0,0,0,0,0,0,0,0,,,,,
Marquise Goodwin,WR,BUF,2,NYJ,0,0,0,0,0,0,0,0,2,112,1,5,0,0,0,0,0,0,0,0,0,0,,,,,
Martellus Bennett,TE,NE,2,MIA,0,0,0,0,0,0,0,0,5,114,1,6,0,0,0,0,0,0,0,0,0,0,,,,,
Marvin Jones,WR,DET,2,TEN,0,0,0,0,0,0,0,0,8,118,0,11,0,0,0,0,0,0,0,0,0,0,,,,,
Mason Crosby,K,GB,2,MIN,0,0,0,0,0,0,0,0,0,0,0,0,0,0,0,0,0,0,0,0,0,2,,,,,
Matt Asiata,RB,MIN,2,GB,0,0,0,0,0,14,0,6,1,11,0,1,0,0,0,0,0,0,0,0,0,0,,,,,
Matt Bryant,K,ATL,2,LV,0,0,0,0,0,0,0,0,0,0,0,0,0,0,0,0,2,0,0,0,0,3,,,,,
Matt Cassel,QB,TEN,2,DET,0,0,0,0,0,-1,0,1,0,0,0,0,0,0,0,0,0,0,0,0,0,0,,,,,
Matt Forte,RB,NYJ,2,BUF,0,0,0,0,0,100,3,30,2,9,0,3,0,0,0,0,0,0,0,0,0,0,,,,,
Matt Jones,RB,WAS,2,DAL,0,0,0,0,0,61,1,13,1,4,0,1,0,0,0,0,0,0,0,0,0,0,,,,,
Matt Prater,K,DET,2,TEN,0,0,0,0,0,0,0,0,0,0,0,0,0,0,0,0,1,0,1,0,0,1,,,,,
Matt Ryan,QB,ATL,2,LV,396,3,34,26,1,0,0,0,0,0,0,0,0,0,1,0,0,0,0,0,0,0,,,,,
Matthew Slater,WR,NE,2,MIA,0,0,0,0,0,0,0,0,0,0,0,1,0,0,0,0,0,0,0,0,0,0,,,,,
Matthew Stafford,QB,DET,2,TEN,260,1,40,22,1,31,0,2,0,0,0,0,0,0,0,0,0,0,0,0,0,0,,,,,
Melvin Gordon,RB,LAC,2,JAX,0,0,0,0,0,102,1,24,3,18,0,3,0,0,0,0,0,0,0,0,0,0,,,,,
Michael Crabtree,WR,LV,2,ATL,0,0,0,0,0,0,0,0,4,31,1,5,0,0,0,0,0,0,0,0,0,0,,,,,
Michael Floyd,WR,ARI,2,TB,0,0,0,0,0,0,0,0,2,8,1,6,0,0,0,0,0,0,0,0,0,0,,,,,
Michael Thomas,WR,NO,2,NYG,0,0,0,0,0,0,0,0,4,56,0,5,0,0,0,0,0,0,0,0,0,0,,,,,
Mike Davis,RB,SF,2,CAR,0,0,0,0,0,0,0,0,1,10,0,1,0,0,0,0,0,0,0,0,0,0,,,,,
Mike Evans,WR,TB,2,ARI,0,0,0,0,0,0,0,0,6,70,1,18,0,0,0,0,0,0,0,0,0,0,,,,,
Mike Gillislee,RB,BUF,2,NYJ,0,0,0,0,0,0,0,0,1,18,1,1,0,0,0,0,0,0,0,0,0,0,,,,,
Mike Nugent,K,CIN,2,PIT,0,0,0,0,0,0,0,0,0,0,0,0,0,0,0,0,2,1,0,0,0,1,,,,,
Mike Wallace,WR,BAL,2,CLE,0,0,0,0,0,0,0,0,4,41,2,6,0,0,0,0,0,0,0,0,0,0,,,,,
Mohamed Sanu,WR,ATL,2,LV,0,0,0,0,0,0,0,0,3,19,0,5,0,0,0,0,0,0,0,0,0,0,,,,,
NE,DEF,NE,2,MIA,,,,,,,,,,,,,,,,,,,,,,,0,0,0,0,24.0
NO,DEF,NO,2,NYG,,,,,,,,,,,,,,,,,,,,,,,0,0,0,0,16.0
NYG,DEF,NYG,2,NO,,,,,,,,,,,,,,,,,,,,,,,0,0,0,0,13.0
NYJ,DEF,NYJ,2,BUF,,,,,,,,,,,,,,,,,,,,,,,0,0,0,0,31.0
Neal Sterling,TE,JAX,2,LAC,0,0,0,0,0,0,0,0,0,0,0,0,0,0,0,0,0,0,0,0,0,0,,,,,
Nelson Agholor,WR,PHI,2,CHI,0,0,0,0,0,0,0,0,4,42,0,7,0,0,0,0,0,0,0,0,0,0,,,,,
Nick Folk,K,NYJ,2,BUF,0,0,0,0,0,0,0,0,0,0,0,0,0,0,0,0,2,1,0,0,0,4,,,,,
Nick Novak,K,HOU,2,KC,0,0,0,0,0,0,0,0,0,0,0,0,0,0,0,0,1,2,1,0,0,1,,,,,
Nick O'Leary,TE,BUF,2,NYJ,0,0,0,0,0,0,0,0,0,0,0,0,0,0,0,0,0,0,0,0,0,0,,,,,
Niles Paul,TE,WAS,2,DAL,0,0,0,0,0,0,0,0,1,16,0,1,0,0,0,0,0,0,0,0,0,0,,,,,
Odell Beckham Jr.,WR,NYG,2,NO,0,0,0,0,0,0,0,0,8,86,0,11,0,0,0,0,0,0,0,0,0,0,,,,,
Orleans Darkwa,RB,NYG,2,NO,0,0,0,0,0,-1,0,1,1,3,0,1,0,0,0,0,0,0,0,0,0,0,,,,,
PHI,DEF,PHI,2,CHI,,,,,,,,,,,,,,,,,,,,,,,0,0,0,0,14.0
PIT,DEF,PIT,2,CIN,,,,,,,,,,,,,,,,,,,,,,,0,0,0,0,16.0
Patrick Murray,K,CLE,2,BAL,0,0,0,0,0,0,0,0,0,0,0,0,0,0,0,0,0,0,0,0,0,2,,,,,
Paul Richardson,WR,SEA,2,LA,0,0,0,0,0,0,0,0,3,35,0,6,0,0,0,0,0,0,0,0,0,0,,,,,
Phil Dawson,K,SF,2,CAR,0,0,0,0,0,0,0,0,0,0,0,0,0,0,0,0,1,1,0,0,0,3,,,,,
Philip Rivers,QB,LAC,2,JAX,220,4,24,17,0,10,0,1,0,0,0,0,0,0,0,0,0,0,0,0,0,0,,,,,
Phillip Dorsett,WR,IND,2,DEN,0,0,0,0,0,0,0,0,1,30,0,5,0,0,0,0,0,0,0,0,0,0,,,,,
Phillip Supernaw,TE,TEN,2,DET,0,0,0,0,0,0,0,0,1,7,0,1,0,0,0,0,0,0,0,0,0,0,,,,,
Pierre Garcon,WR,WAS,2,DAL,0,0,0,0,0,0,0,0,2,25,0,7,0,0,0,0,0,0,0,0,0,0,,,,,
Quan Bray,WR,IND,2,DEN,0,0,0,0,0,0,0,0,1,7,0,1,0,0,0,0,0,0,0,0,0,0,,,,,
Quincy Enunwa,WR,NYJ,2,BUF,0,0,0,0,0,0,0,0,6,92,0,6,0,0,0,0,0,0,0,0,0,0,,,,,
Quinton Patton,WR,SF,2,CAR,0,0,0,0,0,0,0,0,3,25,0,6,0,0,0,0,0,0,0,0,0,0,,,,,
Randall Cobb,WR,GB,2,MIN,0,0,0,0,0,1,0,1,5,42,0,7,0,0,0,0,0,0,0,0,0,0,,,,,
Rashad Greene,WR,JAX,2,LAC,0,0,0,0,0,0,0,0,1,7,0,3,0,0,0,0,0,0,0,0,0,0,,,,,
Rashad Jennings,RB,NYG,2,NO,0,0,0,0,0,27,0,13,2,13,0,2,0,0,0,0,0,0,0,0,0,0,,,,,
Rashard Higgins,WR,CLE,2,BAL,0,0,0,0,0,0,0,0,0,0,0,1,0,0,0,0,0,0,0,0,0,0,,,,,
Rex Burkhead,RB,CIN,2,PIT,0,0,0,0,0,0,0,0,0,0,0,0,0,0,0,0,0,0,0,0,0,0,,,,,
Ricardo Louis,WR,CLE,2,BAL,0,0,0,0,0,0,0,0,0,0,0,0,0,0,0,0,0,0,0,0,0,0,,,,,
Richard Rodgers,TE,GB,2,MIN,0,0,0,0,0,0,0,0,2,25,0,2,0,0,0,0,0,0,0,0,0,0,,,,,
Rishard Matthews,WR,TEN,2,DET,0,0,0,0,0,0,0,0,4,40,0,6,0,0,0,0,0,0,0,0,0,0,,,,,
Robert Turbin,RB,IND,2,DEN,0,0,0,0,0,10,1,3,0,0,0,1,0,0,0,0,0,0,0,0,0,0,,,,,
Robert Woods,WR,BUF,2,NYJ,0,0,0,0,0,0,0,0,1,10,0,2,0,0,0,0,0,0,0,0,0,0,,,,,
Roberto Aguayo,K,TB,2,ARI,0,0,0,0,0,0,0,0,0,0,0,0,0,0,0,0,0,0,0,0,0,1,,,,,
Rod Smith,RB,DAL,2,WAS,0,0,0,0,0,0,0,0,0,0,0,0,0,0,0,0,0,0,0,0,0,0,,,,,
Rod Streater,WR,SF,2,CAR,0,0,0,0,0,0,0,0,1,13,0,2,0,0,0,0,0,0,0,0,0,0,,,,,
Ross Travis,TE,KC,2,HOU,0,0,0,0,0,0,0,0,0,0,0,0,0,0,0,0,0,0,0,0,0,0,,,,,
Russell Shepard,WR,TB,2,ARI,0,0,0,0,0,0,0,0,2,16,0,2,0,0,0,0,0,0,0,0,0,0,,,,,
Russell Wilson,QB,SEA,2,LA,254,0,35,22,0,14,0,5,0,0,0,0,0,0,0,0,0,0,0,0,0,0,,,,,
Ryan Fitzpatrick,QB,NYJ,2,BUF,374,1,34,24,0,21,0,5,0,0,0,0,0,0,0,0,0,0,0,0,0,0,,,,,
Ryan Grant,WR,WAS,2,DAL,0,0,0,0,0,0,0,0,1,5,0,1,0,0,0,0,0,0,0,0,0,0,,,,,
Ryan Griffin,TE,HOU,2,KC,0,0,0,0,0,0,0,0,1,5,0,2,0,0,0,0,0,0,0,0,0,0,,,,,
Ryan Mathews,RB,PHI,2,CHI,0,0,0,0,0,32,2,9,1,3,0,1,0,0,0,0,0,0,0,0,0,0,,,,,
Ryan Succop,K,TEN,2,DET,0,0,0,0,0,0,0,0,0,0,0,0,0,0,0,0,0,0,1,0,0,1,,,,,
Ryan Tannehill,QB,MIA,2,NE,387,2,45,32,2,35,0,6,0,0,0,0,0,0,0,0,0,0,0,0,0,0,,,,,
SEA,DEF,SEA,2,LA,,,,,,,,,,,,,,,,,,,,,,,0,0,0,0,9.0
SF,DEF,SF,2,CAR,,,,,,,,,,,,,,,,,,,,,,,0,0,0,0,46.0
Sam Bradford,QB,MIN,2,GB,286,2,31,22,0,-3,0,1,0,0,0,0,0,0,0,0,0,0,0,0,0,0,,,,,
Sammie Coates,WR,PIT,2,CIN,0,0,0,0,0,6,0,1,2,97,0,5,0,0,0,0,0,0,0,0,0,0,,,,,
Sammy Watkins,WR,BUF,2,NYJ,0,0,0,0,0,0,0,0,2,20,0,5,0,0,0,0,0,0,0,0,0,0,,,,,
Sean McGrath,TE,LAC,2,JAX,0,0,0,0,0,0,0,0,0,0,0,0,0,0,0,0,0,0,0,0,0,0,,,,,
Sebastian Janikowski,K,LV,2,ATL,0,0,0,0,0,0,0,0,0,0,0,0,0,0,0,0,0,0,0,0,0,4,,,,,
Seth Roberts,WR,LV,2,ATL,0,0,0,0,0,0,0,0,3,25,0,6,0,0,0,0,0,0,0,0,0,0,,,,,
Shane Vereen,RB,NYG,2,NO,0,0,0,0,0,42,0,14,3,24,0,3,0,0,0,0,0,0,0,0,0,0,,,,,
Shaun Draughn,RB,SF,2,CAR,0,0,0,0,0,21,0,9,0,0,0,1,0,0,0,0,0,0,0,0,0,0,,,,,
Spencer Ware,RB,KC,2,HOU,0,0,0,0,0,57,0,10,2,48,0,3,0,0,0,0,0,0,0,0,0,0,,,,,
Stefon Diggs,WR,MIN,2,GB,0,0,0,0,0,0,0,0,9,182,1,11,0,0,0,0,0,0,0,0,0,0,,,,,
Stephen Anderson,TE,HOU,2,KC,0,0,0,0,0,0,0,0,2,15,0,3,0,0,0,0,0,0,0,0,0,0,,,,,
Stephen Gostkowski,K,NE,2,MIA,0,0,0,0,0,0,0,0,0,0,0,0,0,0,0,0,0,1,0,0,0,4,,,,,
Sterling Shepard,WR,NYG,2,NO,0,0,0,0,0,0,0,0,8,117,0,8,0,0,0,0,0,0,0,0,0,0,,,,,
Steve Smith,WR,BAL,2,CLE,0,0,0,0,0,0,0,0,3,64,0,6,0,0,0,0,0,0,0,0,0,0,,,,,
Steven Hauschka,K,SEA,2,LA,0,0,0,0,0,0,0,0,0,0,0,0,0,0,0,0,1,0,0,0,0,0,,,,,
T.J. Yeldon,RB,JAX,2,LAC,0,0,0,0,0,28,0,7,8,10,0,9,0,0,0,0,0,0,0,0,0,0,,,,,
T.Y. Hilton,WR,IND,2,DEN,0,0,0,0,0,0,0,0,4,41,0,11,0,0,0,0,0,0,0,0,0,0,,,,,
TB,DEF,TB,2,ARI,,,,,,,,,,,,,,,,,,,,,,,0,0,0,0,40.0
TEN,DEF,TEN,2,DET,,,,,,,,,,,,,,,,,,,,,,,0,0,0,0,15.0
Taiwan Jones,RB,LV,2,ATL,0,0,0,0,0,0,0,0,0,0,0,0,0,0,0,0,0,0,0,0,0,0,,,,,
Tajae Sharpe,WR,TEN,2,DET,0,0,0,0,0,0,0,0,4,33,0,7,0,0,0,0,0,0,0,0,0,0,,,,,
Tavon Austin,WR,LA,2,SEA,0,0,0,0,0,6,0,2,5,50,0,9,0,0,0,0,0,0,0,0,0,0,,,,,
Taylor Gabriel,WR,ATL,2,LV,0,0,0,0,0,0,0,0,2,19,0,2,0,0,0,0,0,0,0,0,0,0,,,,,
Ted Ginn,WR,CAR,2,SF,0,0,0,0,0,5,0,1,2,51,0,4,0,0,0,0,0,0,0,0,0,0,,,,,
Terrance West,RB,BAL,2,CLE,0,0,0,0,0,42,0,11,1,15,0,3,0,0,0,0,0,0,0,0,0,0,,,,,
Terrelle Pryor,WR,CLE,2,BAL,0,0,0,0,0,0,0,0,3,32,0,10,0,0,0,0,0,0,0,0,0,0,,,,,
Tevin Coleman,RB,ATL,2,LV,0,0,0,0,0,46,1,12,2,25,0,2,0,0,0,0,0,0,0,0,0,0,,,,,
Theo Riddick,RB,DET,2,TEN,0,0,0,0,0,37,0,11,4,28,0,5,0,0,0,0,0,0,0,0,0,0,,,,,
Thomas Rawls,RB,SEA,2,LA,0,0,0,0,0,-7,0,7,3,15,0,3,0,0,0,0,0,0,0,0,0,0,,,,,
Tim Hightower,RB,NO,2,NYG,0,0,0,0,0,9,0,3,0,0,0,0,0,0,0,0,0,0,0,0,0,0,,,,,
Todd Gurley,RB,LA,2,SEA,0,0,0,0,0,51,0,19,1,19,0,1,0,0,0,0,0,0,0,0,0,0,,,,,
Tommylee Lewis,WR,NO,2,NYG,0,0,0,0,0,0,0,0,1,-1,0,1,0,0,0,0,0,0,0,0,0,0,,,,,
Torrey Smith,WR,SF,2,CAR,0,0,0,0,0,0,0,0,3,55,1,10,0,0,0,0,0,0,0,0,0,0,,,,,
Travaris Cadet,RB,NO,2,NYG,0,0,0,0,0,0,0,0,2,17,0,3,0,0,0,0,0,0,0,0,0,0,,,,,
Travis Benjamin,WR,LAC,2,JAX,0,0,0,0,0,-1,0,1,6,115,2,6,0,0,0,0,0,0,0,0,0,0,,,,,
Travis Kelce,TE,KC,2,HOU,0,0,0,0,0,0,0,0,5,34,0,7,0,0,0,0,0,0,0,0,0,0,,,,,
Trevor Davis,WR,GB,2,MIN,0,0,0,0,0,0,0,0,0,0,0,1,0,0,0,0,0,0,0,0,0,0,,,,,
Trevor Siemian,QB,DEN,2,IND,266,0,33,22,1,7,0,1,0,0,0,0,0,0,1,0,0,0,0,0,0,0,,,,,
Trey Burton,TE,PHI,2,CHI,0,0,0,0,0,0,0,0,5,49,1,7,0,0,0,0,0,0,0,0,0,0,,,,,
Troy Niklas,TE,ARI,2,TB,0,0,0,0,0,0,0,0,0,0,0,1,0,0,0,0,0,0,0,0,0,0,,,,,
Ty Montgomery,WR,GB,2,MIN,0,0,0,0,0,0,0,0,0,0,0,0,0,0,0,0,0,0,0,0,0,0,,,,,
Tyler Boyd,WR,CIN,2,PIT,0,0,0,0,0,0,0,0,6,78,0,8,0,0,0,0,0,0,0,0,0,0,,,,,
Tyler Ervin,RB,HOU,2,KC,0,0,0,0,0,0,0,0,0,0,0,0,0,0,0,0,0,0,0,0,0,0,,,,,
Tyler Kroft,TE,CIN,2,PIT,0,0,0,0,0,0,0,0,3,35,0,4,0,0,0,0,0,0,0,0,0,0,,,,,
Tyler Lockett,WR,SEA,2,LA,0,0,0,0,0,0,0,0,4,99,0,4,0,0,0,0,0,0,0,0,0,0,,,,,
Tyreek Hill,WR,KC,2,HOU,0,0,0,0,0,-1,0,1,2,8,0,2,0,0,0,0,0,0,0,0,0,0,,,,,
Tyrell Williams,WR,LAC,2,JAX,0,0,0,0,0,0,0,0,3,61,1,6,0,0,0,0,0,0,0,0,0,0,,,,,
Tyrod Taylor,QB,BUF,2,NYJ,297,3,30,18,1,25,0,2,0,0,0,0,0,0,0,0,0,0,0,0,0,0,,,,,
Vance McDonald,TE,SF,2,CAR,0,0,0,0,0,0,0,0,1,75,1,2,0,0,0,0,0,0,0,0,0,0,,,,,
Vernon Davis,TE,WAS,2,DAL,0,0,0,0,0,0,0,0,5,51,0,5,0,0,0,0,0,0,0,0,0,0,,,,,
Victor Cruz,WR,NYG,2,NO,0,0,0,0,0,0,0,0,4,91,0,8,0,0,0,0,0,0,0,0,0,0,,,,,
Vincent Jackson,WR,TB,2,ARI,0,0,0,0,0,0,0,0,4,44,0,9,0,0,0,0,0,0,0,0,0,0,,,,,
Virgil Green,TE,DEN,2,IND,0,0,0,0,0,0,0,0,3,46,0,3,0,0,0,0,0,0,0,0,0,0,,,,,
WAS,DEF,WAS,2,DAL,,,,,,,,,,,,,,,,,,,,,,,0,0,0,0,27.0
Wendell Smallwood,RB,PHI,2,CHI,0,0,0,0,0,16,0,2,0,0,0,1,0,0,0,0,0,0,0,0,0,0,,,,,
Wil Lutz,K,NO,2,NYG,0,0,0,0,0,0,0,0,0,0,0,0,0,0,0,0,0,1,1,0,0,1,,,,,
Will Fuller,WR,HOU,2,KC,0,0,0,0,0,0,0,0,4,104,0,7,0,0,0,0,0,0,0,0,0,0,,,,,
Will Tye,TE,NYG,2,NO,0,0,0,0,0,0,0,0,2,10,0,3,0,0,0,0,0,0,0,0,0,0,,,,,
Willie Snead,WR,NO,2,NYG,0,0,0,0,0,0,0,0,5,54,1,8,0,0,0,0,0,0,0,0,0,0,,,,,
Xavier Grimble,TE,PIT,2,CIN,0,0,0,0,0,0,0,0,2,26,1,4,0,0,0,0,0,0,0,0,0,0,,,,,
Zach Miller,TE,CHI,2,PHI,0,0,0,0,0,0,0,0,4,33,0,5,0,0,0,0,0,0,0,0,0,0,,,,,
A.J. Green,WR,CIN,3,DEN,0,0,0,0,0,0,0,0,8,77,0,11,0,0,0,0,0,0,0,0,0,0,,,,,
ARI,DEF,ARI,3,BUF,,,,,,,,,,,,,,,,,,,,,,,0,1,0,0,33.0
ATL,DEF,ATL,3,NO,,,,,,,,,,,,,,,,,,,,,,,1,0,0,0,32.0
Aaron Burbridge,WR,SF,3,SEA,0,0,0,0,0,0,0,0,0,0,0,0,0,0,0,0,0,0,0,0,0,0,,,,,
Aaron Rodgers,QB,GB,3,DET,205,4,24,15,0,22,0,5,0,0,0,0,0,0,0,0,0,0,0,0,0,0,,,,,
Adam Humphries,WR,TB,3,LA,0,0,0,0,0,0,0,0,9,100,0,12,0,0,0,0,0,0,0,0,0,0,,,,,
Adam Thielen,WR,MIN,3,CAR,0,0,0,0,0,0,0,0,3,29,0,4,0,0,0,0,0,0,0,0,0,0,,,,,
Adam Vinatieri,K,IND,3,LAC,0,0,0,0,0,0,0,0,0,0,0,0,0,0,0,0,0,2,0,0,0,2,,,,,
Alan Cross,TE,TB,3,LA,0,0,0,0,0,0,0,0,0,0,0,1,0,0,0,0,0,0,0,0,0,0,,,,,
Aldrick Robinson,WR,ATL,3,NO,0,0,0,0,0,0,0,0,1,4,0,2,0,0,0,0,0,0,0,0,0,0,,,,,
Alex Collins,RB,SEA,3,SF,0,0,0,0,0,12,0,4,2,19,0,2,0,0,0,0,0,0,0,0,0,0,,,,,
Alex Erickson,WR,CIN,3,DEN,0,0,0,0,0,0,0,0,0,0,0,0,0,0,0,0,0,0,0,0,0,0,,,,,
Alex Smith,QB,KC,3,NYJ,237,1,33,25,0,-3,0,3,0,0,0,0,0,0,0,0,0,0,0,0,0,0,,,,,
Alfred Blue,RB,HOU,3,NE,0,0,0,0,0,12,0,2,0,0,0,0,0,0,0,0,0,0,0,0,0,0,,,,,
Alfred Morris,RB,DAL,3,CHI,0,0,0,0,0,19,1,5,1,2,0,1,0,0,0,0,0,0,0,0,0,0,,,,,
Allen Hurns,WR,JAX,3,BAL,0,0,0,0,0,0,0,0,4,40,0,8,0,0,0,0,0,0,0,0,0,0,,,,,
Allen Robinson,WR,JAX,3,BAL,0,0,0,0,0,0,0,0,7,57,2,11,0,0,0,0,0,0,0,0,0,0,,,,,
Alshon Jeffery,WR,CHI,3,DAL,0,0,0,0,0,0,0,0,5,70,0,7,0,0,0,0,0,0,0,0,0,0,,,,,
Amari Cooper,WR,LV,3,TEN,0,0,0,0,0,0,0,0,4,62,0,9,0,0,0,0,0,0,0,0,0,0,,,,,
Andre Ellington,RB,ARI,3,BUF,0,0,0,0,0,0,0,0,0,0,0,0,0,0,0,0,0,0,0,0,0,0,,,,,
Andre Holmes,WR,LV,3,TEN,0,0,0,0,0,0,0,0,1,8,0,1,0,0,0,0,0,0,0,0,0,0,,,,,
Andre Johnson,WR,TEN,3,LV,0,0,0,0,0,0,0,0,0,0,0,3,0,0,0,0,0,0,0,0,0,0,,,,,
Andre Roberts,WR,DET,3,GB,0,0,0,0,0,0,0,0,0,0,0,1,0,0,0,0,0,0,0,0,0,0,,,,,
Andrew Franks,K,MIA,3,CLE,0,0,0,0,0,0,0,0,0,0,0,0,0,0,0,0,0,1,0,0,0,3,,,,,
Andrew Hawkins,WR,CLE,3,MIA,0,0,0,0,0,1,0,1,2,14,0,4,0,0,0,0,0,0,0,0,0,0,,,,,
Andrew Luck,QB,IND,3,LAC,331,1,37,24,1,0,0,0,0,0,0,0,0,0,0,0,0,0,0,0,0,0,,,,,
Andy Dalton,QB,CIN,3,DEN,206,0,31,21,1,40,0,6,0,0,0,0,0,0,0,0,0,0,0,0,0,0,,,,,
Anquan Boldin,WR,DET,3,GB,0,0,0,0,0,0,0,0,4,22,1,6,0,0,0,0,0,0,0,0,0,0,,,,,
Anthony Fasano,TE,TEN,3,LV,0,0,0,0,0,0,0,0,0,0,0,0,0,0,0,0,0,0,0,0,0,0,,,,,
Antonio Andrews,RB,TEN,3,LV,0,0,0,0,0,0,0,0,0,0,0,0,0,0,0,0,0,0,0,0,0,0,,,,,
Antonio Brown,WR,PIT,3,PHI,0,0,0,0,0,0,0,0,12,140,0,18,0,0,0,0,0,0,0,0,0,0,,,,,
Arrelious Benn,WR,JAX,3,BAL,0,0,0,0,0,0,0,0,0,0,0,0,0,0,0,0,0,0,0,0,0,0,,,,,
Austin Hooper,TE,ATL,3,NO,0,0,0,0,0,0,0,0,0,0,0,0,0,0,0,0,0,0,0,0,0,0,,,,,
BAL,DEF,BAL,3,JAX,,,,,,,,,,,,,,,,,,,,,,,0,0,0,0,17.0
BUF,DEF,BUF,3,ARI,,,,,,,,,,,,,,,,,,,,,,,0,0,0,0,18.0
Ben Roethlisberger,QB,PIT,3,PHI,257,0,44,24,1,7,0,1,0,0,0,0,0,0,0,0,0,0,0,0,0,0,,,,,
Bennie Fowler,WR,DEN,3,CIN,0,0,0,0,0,0,0,0,1,13,0,1,0,0,0,0,0,0,0,0,0,0,,,,,
Benny Cunningham,RB,LA,3,TB,0,0,0,0,0,29,0,2,1,10,0,1,0,0,0,0,0,0,0,0,0,0,,,,,
Bilal Powell,RB,NYJ,3,KC,0,0,0,0,0,30,0,4,6,41,0,6,0,0,0,0,0,0,0,0,0,0,,,,,
Blaine Gabbert,QB,SF,3,SEA,119,0,25,14,1,22,0,5,0,0,0,0,0,0,0,0,0,0,0,0,0,0,,,,,
Blair Walsh,K,MIN,3,CAR,0,0,0,0,0,0,0,0,0,0,0,0,0,0,0,0,1,1,0,0,0,0,,,,,
Blake Bell,TE,SF,3,SEA,0,0,0,0,0,0,0,0,0,0,0,1,0,0,0,0,0,0,0,0,0,0,,,,,
Blake Bortles,QB,JAX,3,BAL,194,2,38,24,3,17,0,3,0,0,0,0,0,0,0,0,0,0,0,0,0,0,,,,,
Bobby Rainey,RB,NYG,3,WAS,0,0,0,0,0,0,0,0,1,24,0,2,0,0,0,0,0,0,0,0,0,0,,,,,
Bradley Marquez,WR,LA,3,TB,0,0,0,0,0,0,0,0,1,12,0,2,0,0,0,0,0,0,0,0,0,0,,,,,
Braedon Bowman,TE,NYJ,3,KC,0,0,0,0,0,0,0,0,0,0,0,0,0,0,0,0,0,0,0,0,0,0,,,,,
Brandin Cooks,WR,NO,3,ATL,0,0,0,0,0,6,0,1,2,13,0,8,0,0,0,0,0,0,0,0,0,0,,,,,
Brandon Bolden,RB,NE,3,HOU,0,0,0,0,0,0,0,0,0,0,0,0,0,0,0,0,0,0,0,0,0,0,,,,,
Brandon Coleman,WR,NO,3,ATL,0,0,0,0,0,0,0,0,7,78,0,8,0,0,0,0,0,0,0,0,0,0,,,,,
Brandon LaFell,WR,CIN,3,DEN,0,0,0,0,0,-2,0,1,2,34,0,3,0,0,0,0,0,0,0,0,0,0,,,,,
Brandon Marshall,WR,NYJ,3,KC,0,0,0,0,0,0,0,0,3,27,0,10,0,0,0,0,0,0,0,0,0,0,,,,,
Brandon McManus,K,DEN,3,CIN,0,0,0,0,0,0,0,0,0,0,0,0,0,0,0,0,1,0,0,0,0,2,,,,,
Brandon Myers,TE,TB,3,LA,0,0,0,0,0,0,0,0,1,7,0,3,0,0,0,0,0,0,0,0,0,0,,,,,
Brandon Tate,WR,BUF,3,ARI,0,0,0,0,0,0,0,0,0,0,0,0,0,0,0,0,0,0,0,0,0,0,,,,,
Brent Celek,TE,PHI,3,PIT,0,0,0,0,0,0,0,0,3,61,0,4,0,0,0,0,0,0,0,0,0,0,,,,,
Breshad Perriman,WR,BAL,3,JAX,0,0,0,0,0,2,0,1,2,22,0,4,0,0,0,0,0,0,0,0,0,0,,,,,
Brian Hoyer,QB,CHI,3,DAL,317,2,49,30,0,2,0,2,0,0,0,0,0,0,0,0,0,0,0,0,0,0,,,,,
Brian Quick,WR,LA,3,TB,0,0,0,0,0,0,0,0,2,53,1,2,0,0,0,0,0,0,0,0,0,0,,,,,
Brice Butler,WR,DAL,3,CHI,0,0,0,0,0,0,0,0,0,0,0,1,0,0,0,0,0,0,0,0,0,0,,,,,
Brock Osweiler,QB,HOU,3,NE,196,0,41,24,1,13,0,1,0,0,0,0,0,0,0,0,0,0,0,0,0,0,,,,,
C.J. Anderson,RB,DEN,3,CIN,0,0,0,0,0,37,0,14,1,4,0,4,0,0,0,0,0,0,0,0,0,0,,,,,
C.J. Fiedorowicz,TE,HOU,3,NE,0,0,0,0,0,0,0,0,0,0,0,1,0,0,0,0,0,0,0,0,0,0,,,,,
C.J. Uzomah,TE,CIN,3,DEN,0,0,0,0,0,0,0,0,2,31,0,4,0,0,0,0,0,0,0,0,0,0,,,,,
CAR,DEF,CAR,3,MIN,,,,,,,,,,,,,,,,,,,,,,,0,0,0,0,22.0
CHI,DEF,CHI,3,DAL,,,,,,,,,,,,,,,,,,,,,,,0,0,0,0,31.0
CIN,DEF,CIN,3,DEN,,,,,,,,,,,,,,,,,,,,,,,0,0,0,0,29.0
CLE,DEF,CLE,3,MIA,,,,,,,,,,,,,,,,,,,,,,,1,0,0,0,30.0
Cairo Santos,K,KC,3,NYJ,0,0,0,0,0,0,0,0,0,0,0,0,0,0,0,0,1,0,0,0,0,3,,,,,
Caleb Sturgis,K,PHI,3,PIT,0,0,0,0,0,0,0,0,0,0,0,0,0,0,0,0,1,1,0,0,0,4,,,,,
Cam Newton,QB,CAR,3,MIN,262,0,35,21,3,26,1,7,0,0,0,0,0,0,0,0,0,0,0,0,0,0,,,,,
Cameron Artis-Payne,RB,CAR,3,MIN,0,0,0,0,0,47,0,12,1,11,0,1,0,0,0,0,0,0,0,0,0,0,,,,,
Cameron Brate,TE,TB,3,LA,0,0,0,0,0,0,0,0,5,46,2,10,0,0,0,0,0,0,0,0,0,0,,,,,
Cameron Meredith,WR,CHI,3,DAL,0,0,0,0,0,0,0,0,2,24,0,3,0,0,0,0,0,0,0,0,0,0,,,,,
Carlos Hyde,RB,SF,3,SEA,0,0,0,0,0,103,2,21,1,2,0,1,0,0,1,0,0,0,0,0,0,0,,,,,
Carson Palmer,QB,ARI,3,BUF,287,0,50,26,4,0,0,0,0,0,0,0,0,0,0,0,0,0,0,0,0,0,,,,,
Carson Wentz,QB,PHI,3,PIT,301,2,31,23,0,10,0,1,0,0,0,0,0,0,0,0,0,0,0,0,0,0,,,,,
Case Keenum,QB,LA,3,TB,190,2,26,14,1,1,0,2,0,0,0,0,0,0,0,0,0,0,0,0,0,0,,,,,
Chandler Catanzaro,K,ARI,3,BUF,0,0,0,0,0,0,0,0,0,0,0,0,0,0,0,0,0,0,0,0,1,1,,,,,
Charcandrick West,RB,KC,3,NYJ,0,0,0,0,0,3,0,3,3,8,0,3,0,0,0,0,0,0,0,0,0,0,,,,,
Charles Clay,TE,BUF,3,ARI,0,0,0,0,0,0,0,0,0,0,0,2,0,0,0,0,0,0,0,0,0,0,,,,,
Charles D. Johnson,WR,MIN,3,CAR,0,0,0,0,0,0,0,0,0,0,0,2,0,0,0,0,0,0,0,0,0,0,,,,,
Charles Sims,RB,TB,3,LA,0,0,0,0,0,55,1,13,6,69,0,8,0,0,0,0,0,0,0,0,0,0,,,,,
Chester Rogers,WR,IND,3,LAC,0,0,0,0,0,0,0,0,0,0,0,2,0,0,0,0,0,0,0,0,0,0,,,,,
Chris Boswell,K,PIT,3,PHI,0,0,0,0,0,0,0,0,0,0,0,0,0,0,0,0,0,0,1,0,0,0,,,,,
Chris Conley,WR,KC,3,NYJ,0,0,0,0,0,0,0,0,3,44,0,5,0,0,0,0,0,0,0,0,0,0,,,,,
Chris Hogan,WR,NE,3,HOU,0,0,0,0,0,0,0,0,1,3,0,3,0,0,0,0,0,0,0,0,0,0,,,,,
Chris Ivory,RB,JAX,3,BAL,0,0,0,0,0,14,0,12,1,9,0,1,0,0,0,0,0,0,0,0,0,0,,,,,
Chris Johnson,RB,ARI,3,BUF,0,0,0,0,0,5,0,2,0,0,0,0,0,0,0,0,0,0,0,0,0,0,,,,,
Chris Moore,WR,BAL,3,JAX,0,0,0,0,0,0,0,0,1,2,0,1,0,0,0,0,0,0,0,0,0,0,,,,,
Chris Thompson,RB,WAS,3,NYG,0,0,0,0,0,23,0,6,1,-7,0,2,0,0,0,0,0,0,0,0,0,0,,,,,
Christine Michael,RB,SEA,3,SF,0,0,0,0,0,106,2,20,2,5,0,3,0,0,0,0,0,0,0,0,0,0,,,,,
Clive Walford,TE,LV,3,TEN,0,0,0,0,0,0,0,0,2,27,0,3,0,0,0,0,0,0,0,0,0,0,,,,,
Coby Fleener,TE,NO,3,ATL,0,0,0,0,0,0,0,0,7,109,1,11,0,0,0,0,0,0,0,0,0,0,,,,,
Cody Kessler,QB,CLE,3,MIA,244,0,33,21,0,-1,0,2,0,0,0,0,0,0,1,0,0,0,0,0,0,0,,,,,
Cody Latimer,WR,DEN,3,CIN,0,0,0,0,0,0,0,0,1,10,0,1,0,0,0,0,0,0,0,0,0,0,,,,,
Cody Parkey,K,CLE,3,MIA,0,0,0,0,0,0,0,0,0,0,0,0,0,0,0,0,0,1,2,0,0,1,,,,,
Cole Beasley,WR,DAL,3,CHI,0,0,0,0,0,0,0,0,7,73,0,7,0,0,0,0,0,0,0,0,0,0,,,,,
Cole Wick,TE,DET,3,GB,0,0,0,0,0,0,0,0,1,13,0,1,0,0,0,0,0,0,0,0,0,0,,,,,
Connor Barth,K,CHI,3,DAL,0,0,0,0,0,0,0,0,0,0,0,0,0,0,0,0,0,1,0,0,0,2,,,,,
Cordarrelle Patterson,RB,MIN,3,CAR,0,0,0,0,0,0,0,0,1,8,0,1,0,0,0,0,0,0,0,0,0,0,,,,,
Corey Brown,WR,CAR,3,MIN,0,0,0,0,0,0,0,0,4,57,0,5,0,0,0,0,0,0,0,0,0,0,,,,,
Corey Grant,RB,JAX,3,BAL,0,0,0,0,0,0,0,0,0,0,0,0,0,0,0,0,0,0,0,0,0,0,,,,,
DAL,DEF,DAL,3,CHI,,,,,,,,,,,,,,,,,,,,,,,0,0,0,0,17.0
DEN,DEF,DEN,3,CIN,,,,,,,,,,,,,,,,,,,,,,,0,0,0,0,17.0
DET,DEF,DET,3,GB,,,,,,,,,,,,,,,,,,,,,,,0,0,0,0,34.0
Dak Prescott,QB,DAL,3,CHI,248,1,24,19,0,36,1,4,0,0,0,0,0,0,0,0,0,0,0,0,0,0,,,,,
Damien Williams,RB,MIA,3,CLE,0,0,0,0,0,15,0,1,3,10,1,3,0,0,0,0,0,0,0,0,0,0,,,,,
Dan Bailey,K,DAL,3,CHI,0,0,0,0,0,0,0,0,0,0,0,0,0,0,0,0,0,0,1,0,0,4,,,,,
Dan Carpenter,K,BUF,3,ARI,0,0,0,0,0,0,0,0,0,0,0,0,0,0,0,1,0,0,1,0,0,3,,,,,
Danny Amendola,WR,NE,3,HOU,0,0,0,0,0,0,0,0,2,23,0,2,0,0,0,0,0,0,0,0,0,0,,,,,
Darren Fells,TE,ARI,3,BUF,0,0,0,0,0,0,0,0,2,15,0,2,0,0,0,0,0,0,0,0,0,0,,,,,
Darren Sproles,RB,PHI,3,PIT,0,0,0,0,0,-1,0,2,6,128,1,6,0,0,0,0,0,0,0,0,0,0,,,,,
Darrius Heyward-Bey,WR,PIT,3,PHI,0,0,0,0,0,0,0,0,0,0,0,1,0,0,0,0,0,0,0,0,0,0,,,,,
Daryl Richardson,RB,PIT,3,PHI,0,0,0,0,0,1,0,1,0,0,0,0,0,0,0,0,0,0,0,0,0,0,,,,,
Davante Adams,WR,GB,3,DET,0,0,0,0,0,0,0,0,2,23,1,2,0,0,0,0,0,0,0,0,0,0,,,,,
David Johnson,RB,ARI,3,BUF,0,0,0,0,0,83,2,19,3,28,0,6,0,0,0,0,0,0,0,0,0,0,,,,,
DeAndre Hopkins,WR,HOU,3,NE,0,0,0,0,0,0,0,0,4,56,0,8,0,0,0,0,0,0,0,0,0,0,,,,,
DeAndre Washington,RB,LV,3,TEN,0,0,0,0,0,57,0,6,1,5,0,1,0,0,0,0,0,0,0,0,0,0,,,,,
DeAngelo Williams,RB,PIT,3,PHI,0,0,0,0,0,21,0,8,4,23,0,7,0,0,0,0,0,0,0,0,0,0,,,,,
DeMarco Murray,RB,TEN,3,LV,0,0,0,0,0,114,1,16,5,41,0,5,0,0,0,0,0,0,0,0,0,0,,,,,
DeSean Jackson,WR,WAS,3,NYG,0,0,0,0,0,0,0,0,5,96,1,8,0,0,0,0,0,0,0,0,0,0,,,,,
DeVante Parker,WR,MIA,3,CLE,0,0,0,0,0,0,0,0,3,51,1,6,0,0,0,0,0,0,0,0,0,0,,,,,
Demaryius Thomas,WR,DEN,3,CIN,0,0,0,0,0,0,0,0,6,100,1,7,0,0,0,0,0,0,0,0,0,0,,,,,
Demetrius Harris,TE,KC,3,NYJ,0,0,0,0,0,0,0,0,2,14,0,3,0,1,0,0,0,0,0,0,0,0,,,,,
Denard Robinson,RB,JAX,3,BAL,0,0,0,0,0,0,0,0,0,0,0,0,0,0,0,0,0,0,0,0,0,0,,,,,
Dennis Pitta,TE,BAL,3,JAX,0,0,0,0,0,0,0,0,6,42,0,8,0,0,0,0,0,0,0,0,0,0,,,,,
Deonte Thompson,WR,CHI,3,DAL,0,0,0,0,0,0,0,0,0,0,0,0,0,0,0,0,0,0,0,0,0,0,,,,,
Derek Anderson,QB,CAR,3,MIN,3,0,1,1,0,0,0,0,0,0,0,0,0,0,0,0,0,0,0,0,0,0,,,,,
Derek Carr,QB,LV,3,TEN,249,1,35,21,1,-1,0,1,0,0,0,0,0,0,0,0,0,0,0,0,0,0,,,,,
Derrick Henry,RB,TEN,3,LV,0,0,0,0,0,45,0,10,0,0,0,0,0,0,0,0,0,0,0,0,0,0,,,,,
Devin Funchess,WR,CAR,3,MIN,0,0,0,0,0,0,0,0,0,0,0,2,0,0,0,0,0,0,0,0,0,0,,,,,
Devin Hester,WR,BAL,3,JAX,0,0,0,0,0,0,0,0,0,0,0,0,0,0,0,0,0,0,0,0,0,0,,,,,
Devonta Freeman,RB,ATL,3,NO,0,0,0,0,0,152,0,14,5,55,1,5,0,0,0,0,0,0,0,0,0,0,,,,,
Devontae Booker,RB,DEN,3,CIN,0,0,0,0,0,8,0,4,1,17,0,1,0,0,0,0,0,0,0,0,0,0,,,,,
Dexter McCluster,WR,LAC,3,IND,0,0,0,0,0,0,0,0,2,9,0,3,0,0,0,0,0,0,0,0,0,0,,,,,
Dez Bryant,WR,DAL,3,CHI,0,0,0,0,0,0,0,0,3,40,1,6,0,0,0,0,0,0,0,0,0,0,,,,,
Dion Sims,TE,MIA,3,CLE,0,0,0,0,0,0,0,0,4,46,0,4,0,0,0,0,0,0,0,0,0,0,,,,,
Dontrelle Inman,WR,LAC,3,IND,0,0,0,0,0,0,0,0,3,32,0,4,0,0,0,0,0,0,0,0,0,0,,,,,
Dorial Green-Beckham,WR,PHI,3,PIT,0,0,0,0,0,0,0,0,3,33,0,4,0,0,0,0,0,0,0,0,0,0,,,,,
Doug Baldwin,WR,SEA,3,SF,0,0,0,0,0,-4,0,1,8,164,1,10,0,0,0,0,0,0,0,0,0,0,,,,,
Drew Brees,QB,NO,3,ATL,376,3,54,36,1,9,0,2,0,0,0,0,0,0,0,0,0,0,0,0,0,0,,,,,
Duke Johnson,RB,CLE,3,MIA,0,0,0,0,0,69,0,10,5,12,0,7,0,0,0,0,0,0,0,0,0,0,,,,,
Dustin Hopkins,K,WAS,3,NYG,0,0,0,0,0,0,0,0,0,0,0,0,0,0,0,0,1,2,2,0,0,2,,,,,
Dwayne Allen,TE,IND,3,LAC,0,0,0,0,0,0,0,0,3,35,0,5,0,0,0,0,0,0,0,0,0,0,,,,,
Dwayne Harris,WR,NYG,3,WAS,0,0,0,0,0,0,0,0,0,0,0,0,0,0,0,0,0,0,0,0,0,0,,,,,
Dwayne Washington,RB,DET,3,GB,0,0,0,0,0,38,0,10,1,-3,0,1,0,0,0,0,0,0,0,0,0,0,,,,,
Ed Dickson,TE,CAR,3,MIN,0,0,0,0,0,0,0,0,1,23,0,1,0,0,0,0,0,0,0,0,0,0,,,,,
Eddie Lacy,RB,GB,3,DET,0,0,0,0,0,103,0,17,1,2,0,2,0,0,0,0,0,0,0,0,0,0,,,,,
Eddie Royal,WR,CHI,3,DAL,0,0,0,0,0,0,0,0,3,21,0,3,0,0,0,0,0,0,0,0,0,0,,,,,
Eli Manning,QB,NYG,3,WAS,350,1,38,25,2,0,0,0,0,0,0,0,0,0,0,0,0,0,0,0,0,0,,,,,
Eli Rogers,WR,PIT,3,PHI,0,0,0,0,0,0,0,0,2,32,0,5,0,0,0,0,0,0,0,0,0,0,,,,,
Emmanuel Sanders,WR,DEN,3,CIN,0,0,0,0,0,0,0,0,9,117,2,13,0,0,0,0,0,0,0,0,0,0,,,,,
Eric Decker,WR,NYJ,3,KC,0,0,0,0,0,0,0,0,1,31,0,6,0,0,0,0,0,0,0,0,0,0,,,,,
Eric Ebron,TE,DET,3,GB,0,0,0,0,0,0,0,0,5,69,0,8,0,0,0,0,0,0,0,0,0,0,,,,,
Eric Weems,WR,ATL,3,NO,0,0,0,0,0,0,0,0,0,0,0,0,0,0,0,0,0,0,0,0,0,0,,,,,
Ezekiel Elliott,RB,DAL,3,CHI,0,0,0,0,0,140,0,30,2,20,0,2,0,0,0,0,0,0,0,0,0,0,,,,,
Fitzgerald Toussaint,RB,PIT,3,PHI,0,0,0,0,0,0,0,0,0,0,0,0,0,0,0,0,0,0,0,0,0,0,,,,,
Fozzy Whittaker,RB,CAR,3,MIN,0,0,0,0,0,22,0,5,5,34,0,6,0,0,0,0,0,0,0,0,0,0,,,,,
Frank Gore,RB,IND,3,LAC,0,0,0,0,0,82,1,21,1,1,0,3,0,0,0,0,0,0,0,0,0,0,,,,,
GB,DEF,GB,3,DET,,,,,,,,,,,,,,,,,,,,,,,0,0,0,0,27.0
Garrett Celek,TE,SF,3,SEA,0,0,0,0,0,0,0,0,3,25,0,4,0,0,0,0,0,0,0,0,0,0,,,,,
Gary Barnidge,TE,CLE,3,MIA,0,0,0,0,0,0,0,0,5,66,0,6,0,0,1,0,0,0,0,0,0,0,,,,,
Geoff Swaim,TE,DAL,3,CHI,0,0,0,0,0,0,0,0,0,0,0,1,0,0,0,0,0,0,0,0,0,0,,,,,
George Atkinson,RB,CLE,3,MIA,0,0,0,0,0,0,0,0,0,0,0,0,0,0,0,0,0,0,0,0,0,0,,,,,
Giovani Bernard,RB,CIN,3,DEN,0,0,0,0,0,8,0,5,5,36,0,5,0,0,0,0,0,0,0,0,0,0,,,,,
Golden Tate,WR,DET,3,GB,0,0,0,0,0,-8,0,1,4,40,0,6,0,0,0,0,0,0,0,0,0,0,,,,,
Graham Gano,K,CAR,3,MIN,0,0,0,0,0,0,0,0,0,0,0,0,0,0,0,0,0,0,1,0,0,1,,,,,
Greg Olsen,TE,CAR,3,MIN,0,0,0,0,0,0,0,0,6,64,0,10,0,0,0,0,0,0,0,0,0,0,,,,,
Greg Zuerlein,K,LA,3,TB,0,0,0,0,0,0,0,0,0,0,0,0,0,0,0,0,0,0,0,1,0,4,,,,,
HOU,DEF,HOU,3,NE,,,,,,,,,,,,,,,,,,,,,,,0,0,0,0,27.0
Harry Douglas,WR,TEN,3,LV,0,0,0,0,0,0,0,0,2,20,0,4,0,0,0,0,0,0,0,0,0,0,,,,,
Hunter Henry,TE,LAC,3,IND,0,0,0,0,0,0,0,0,5,72,0,5,0,0,0,0,0,0,0,0,0,0,,,,,
IND,DEF,IND,3,LAC,,,,,,,,,,,,,,,,,,,,,,,0,0,0,0,22.0
Isaiah Crowell,RB,CLE,3,MIA,0,0,0,0,0,79,0,15,0,0,0,1,0,0,0,0,0,0,0,0,0,0,,,,,
Isaiah Pead,RB,MIA,3,CLE,0,0,0,0,0,17,0,5,0,0,0,0,0,0,0,0,0,0,0,0,0,0,,,,,
JAX,DEF,JAX,3,BAL,,,,,,,,,,,,,,,,,,,,,,,0,0,0,0,19.0
Jace Amaro,TE,TEN,3,LV,0,0,0,0,0,0,0,0,3,59,0,4,0,0,0,0,0,0,0,0,0,0,,,,,
Jack Doyle,TE,IND,3,LAC,0,0,0,0,0,0,0,0,6,65,0,6,0,0,0,0,0,0,0,0,0,0,,,,,
Jacob Tamme,TE,ATL,3,NO,0,0,0,0,0,0,0,0,3,28,0,4,0,0,0,0,0,0,0,0,0,0,,,,,
Jacoby Brissett,QB,NE,3,HOU,103,0,19,11,0,48,1,8,0,0,0,0,0,0,0,0,0,0,0,0,0,0,,,,,
Jacquizz Rodgers,RB,TB,3,LA,0,0,0,0,0,15,0,5,1,8,0,1,0,0,0,0,0,0,0,0,0,0,,,,,
Jaelen Strong,WR,HOU,3,NE,0,0,0,0,0,0,0,0,1,15,0,4,0,0,0,0,0,0,0,0,0,0,,,,,
Jakeem Grant,WR,MIA,3,CLE,0,0,0,0,0,0,0,0,0,0,0,0,0,0,0,0,0,0,0,0,0,0,,,,,
Jalen Richard,RB,LV,3,TEN,0,0,0,0,0,28,0,6,1,13,0,1,0,0,0,0,0,0,0,0,0,0,,,,,
Jalin Marshall,WR,NYJ,3,KC,0,0,0,0,0,0,0,0,2,19,0,5,0,0,0,0,0,0,0,0,0,0,,,,,
Jalston Fowler,RB,TEN,3,LV,0,0,0,0,0,0,0,0,1,14,0,1,0,0,0,0,0,0,0,0,0,0,,,,,
Jameis Winston,QB,TB,3,LA,405,3,58,36,1,13,0,4,0,0,0,0,0,0,0,0,0,0,0,0,0,0,,,,,
James O'Shaughnessy,TE,KC,3,NYJ,0,0,0,0,0,0,0,0,0,0,0,0,0,0,0,0,0,0,0,0,0,0,,,,,
James Starks,RB,GB,3,DET,0,0,0,0,0,-1,0,1,1,9,0,2,0,0,0,0,0,0,0,0,0,0,,,,,
James White,RB,NE,3,HOU,0,0,0,0,0,12,0,3,1,2,0,2,0,0,0,0,0,0,0,0,0,0,,,,,
James Wright,WR,CIN,3,DEN,0,0,0,0,0,0,0,0,1,10,0,1,0,0,0,0,0,0,0,0,0,0,,,,,
Jamison Crowder,WR,WAS,3,NYG,0,0,0,0,0,0,0,0,4,78,1,7,0,0,0,0,0,0,0,0,0,0,,,,,
Jamize Olawale,RB,LV,3,TEN,0,0,0,0,0,0,0,1,0,0,0,1,0,0,0,0,0,0,0,0,0,0,,,,,
Jared Cook,TE,GB,3,DET,0,0,0,0,0,0,0,0,1,15,0,3,0,0,0,0,0,0,0,0,0,0,,,,,
Jaron Brown,WR,ARI,3,BUF,0,0,0,0,0,0,0,0,3,49,0,6,0,0,0,0,0,0,0,0,0,0,,,,,
Jarvis Landry,WR,MIA,3,CLE,0,0,0,0,0,16,0,2,7,120,1,12,0,0,0,0,0,0,0,0,0,0,,,,,
Jason Myers,K,JAX,3,BAL,0,0,0,0,0,0,0,0,0,0,0,0,0,0,0,0,0,0,1,0,0,2,,,,,
Jason Witten,TE,DAL,3,CHI,0,0,0,0,0,0,0,0,2,25,0,2,0,0,0,0,0,0,0,0,0,0,,,,,
Jay Ajayi,RB,MIA,3,CLE,0,0,0,0,0,28,1,7,0,0,0,0,0,0,0,0,0,0,0,0,0,0,,,,,
Jeff Heuerman,TE,DEN,3,CIN,0,0,0,0,0,0,0,0,1,29,0,1,0,0,0,0,0,0,0,0,0,0,,,,,
Jeff Janis,WR,GB,3,DET,0,0,0,0,0,0,0,0,0,0,0,0,0,0,0,0,0,0,0,0,0,0,,,,,
Jeremy Hill,RB,CIN,3,DEN,0,0,0,0,0,97,2,17,0,0,0,0,0,0,0,0,0,0,0,0,0,0,,,,,
Jeremy Kerley,WR,SF,3,SEA,0,0,0,0,0,0,0,0,2,24,0,6,0,0,0,0,0,0,0,0,0,0,,,,,
Jeremy Langford,RB,CHI,3,DAL,0,0,0,0,0,31,0,3,2,15,0,3,0,0,0,0,0,0,0,0,0,0,,,,,
Jeremy Maclin,WR,KC,3,NYJ,0,0,0,0,0,0,0,0,4,35,0,7,0,0,0,0,0,0,0,0,0,0,,,,,
Jerick McKinnon,RB,MIN,3,CAR,0,0,0,0,0,45,0,16,1,2,0,2,0,0,1,0,0,0,0,0,0,0,,,,,
Jermaine Gresham,TE,ARI,3,BUF,0,0,0,0,0,0,0,0,0,0,0,1,0,0,0,0,0,0,0,0,0,0,,,,,
Jermaine Kearse,WR,SEA,3,SF,0,0,0,0,0,0,0,0,2,11,0,2,0,0,0,0,0,0,0,0,0,0,,,,,
Jesse James,TE,PIT,3,PHI,0,0,0,0,0,0,0,0,2,10,0,4,0,0,0,0,0,0,0,0,0,0,,,,,
Jimmy Graham,TE,SEA,3,SF,0,0,0,0,0,0,0,0,6,100,1,9,0,0,0,0,0,0,0,0,0,0,,,,,
Joe Flacco,QB,BAL,3,JAX,214,0,40,29,2,12,1,3,0,0,0,0,0,0,0,0,0,0,0,0,0,0,,,,,
Joe Webb,QB,CAR,3,MIN,0,0,0,0,0,0,0,0,0,0,0,0,0,0,0,0,0,0,0,0,0,0,,,,,
John Brown,WR,ARI,3,BUF,0,0,0,0,0,0,0,0,6,70,0,11,0,0,0,0,0,0,0,0,0,0,,,,,
John Phillips,TE,DEN,3,CIN,0,0,0,0,0,0,0,0,2,9,1,4,0,0,0,0,0,0,0,0,0,0,,,,,
Johnny Holton,WR,LV,3,TEN,0,0,0,0,0,2,0,1,0,0,0,0,0,0,0,0,0,0,0,0,0,0,,,,,
Jonathan Grimes,RB,HOU,3,NE,0,0,0,0,0,4,0,3,4,15,0,4,0,0,0,0,0,0,0,0,0,0,,,,,
Jonathan Williams,RB,BUF,3,ARI,0,0,0,0,0,2,0,3,0,0,0,0,0,0,0,0,0,0,0,0,0,0,,,,,
Jordan Cameron,TE,MIA,3,CLE,0,0,0,0,0,0,0,0,1,5,0,1,0,0,0,0,0,0,0,0,0,0,,,,,
Jordan Gay,K,BUF,3,ARI,0,0,0,0,0,0,0,0,0,0,0,0,0,0,0,0,0,0,0,0,0,0,,,,,
Jordan Howard,RB,CHI,3,DAL,0,0,0,0,0,45,0,9,4,47,0,6,0,0,0,0,0,0,0,0,0,0,,,,,
Jordan Matthews,TE,PHI,3,PIT,0,0,0,0,0,0,0,0,2,19,1,3,0,0,0,0,0,0,0,0,0,0,,,,,
Jordan Norwood,WR,DEN,3,CIN,0,0,0,0,0,0,0,1,0,0,0,2,0,0,0,0,0,0,0,0,0,0,,,,,
Jordan Reed,TE,WAS,3,NYG,0,0,0,0,0,0,0,0,4,56,0,7,0,0,0,0,0,0,0,0,0,0,,,,,
Jordan Todman,RB,IND,3,LAC,0,0,0,0,0,0,0,0,0,0,0,0,0,0,0,0,0,0,0,0,0,0,,,,,
Jordy Nelson,WR,GB,3,DET,0,0,0,0,0,0,0,0,6,101,2,7,0,0,0,0,0,0,0,0,0,0,,,,,
Josh Brown,K,NYG,3,WAS,0,0,0,0,0,0,0,0,0,0,0,0,0,0,0,0,1,1,0,0,0,3,,,,,
Josh Ferguson,RB,IND,3,LAC,0,0,0,0,0,2,0,1,3,29,0,4,0,0,0,0,0,0,0,0,0,0,,,,,
Josh Huff,WR,PHI,3,PIT,0,0,0,0,0,0,0,0,4,20,0,5,0,0,0,0,0,0,0,0,0,0,,,,,
Josh Lambo,K,LAC,3,IND,0,0,0,0,0,0,0,0,0,0,0,0,0,0,0,0,1,1,1,0,0,1,,,,,
Julian Edelman,WR,NE,3,HOU,0,0,0,0,0,14,0,3,4,38,0,6,0,0,0,0,0,0,0,0,0,0,,,,,
Julio Jones,WR,ATL,3,NO,0,0,0,0,0,0,0,0,1,16,0,7,0,0,0,0,0,0,0,0,0,0,,,,,
Julius Thomas,TE,JAX,3,BAL,0,0,0,0,0,0,0,0,2,13,0,5,0,0,0,0,0,0,0,0,0,0,,,,,
Justin Forsett,RB,BAL,3,JAX,0,0,0,0,0,20,0,7,6,12,0,7,0,0,0,0,0,0,0,0,0,0,,,,,
Justin Hardy,WR,ATL,3,NO,0,0,0,0,0,0,0,0,2,26,1,2,0,0,0,0,0,0,0,0,0,0,,,,,
Justin Perillo,TE,GB,3,DET,0,0,0,0,0,0,0,0,1,13,0,1,0,0,0,0,0,0,0,0,0,0,,,,,
Justin Tucker,K,BAL,3,JAX,0,0,0,0,0,0,0,0,0,0,0,0,0,0,0,0,0,1,2,1,0,1,,,,,
KC,DEF,KC,3,NYJ,,,,,,,,,,,,,,,,,,,,,,,1,0,0,0,3.0
Kamar Aiken,WR,BAL,3,JAX,0,0,0,0,0,0,0,0,1,5,0,1,0,0,0,0,0,0,0,0,0,0,,,,,
Kapri Bibbs,RB,DEN,3,CIN,0,0,0,0,0,0,0,0,0,0,0,0,0,0,0,0,0,0,0,0,0,0,,,,,
Kelvin Benjamin,WR,CAR,3,MIN,0,0,0,0,0,0,0,0,0,0,0,1,0,0,0,0,0,0,0,0,0,0,,,,,
Kenjon Barner,RB,PHI,3,PIT,0,0,0,0,0,42,1,8,0,0,0,0,0,0,0,0,0,0,0,0,0,0,,,,,
Kenny Britt,WR,LA,3,TB,0,0,0,0,0,0,0,0,4,38,0,6,0,0,0,0,0,0,0,0,0,0,,,,,
Kenny Stills,WR,MIA,3,CLE,0,0,0,0,0,0,0,0,5,76,0,8,0,0,0,0,0,0,0,0,0,0,,,,,
Kenyan Drake,RB,MIA,3,CLE,0,0,0,0,0,37,0,9,2,11,0,2,0,0,0,0,0,0,0,0,0,0,,,,,
Kevin White,WR,CHI,3,DAL,0,0,0,0,0,0,0,0,6,62,0,14,0,0,0,0,0,0,0,0,0,0,,,,,
Kirk Cousins,QB,WAS,3,NYG,296,2,35,21,0,-5,0,3,0,0,0,0,0,0,0,0,0,0,0,0,0,0,,,,,
Kyle Juszczyk,RB,BAL,3,JAX,0,0,0,0,0,0,0,0,1,2,0,1,0,0,0,0,0,0,0,0,0,0,,,,,
Kyle Rudolph,TE,MIN,3,CAR,0,0,0,0,0,0,0,0,7,70,1,10,0,0,0,0,0,0,0,0,0,0,,,,,
LA,DEF,LA,3,TB,,,,,,,,,,,,,,,,,,,,,,,0,0,0,0,32.0
LAC,DEF,LAC,3,IND,,,,,,,,,,,,,,,,,,,,,,,0,0,0,0,0.0
LV,DEF,LV,3,TEN,,,,,,,,,,,,,,,,,,,,,,,0,0,0,0,0.0
Lamar Miller,RB,HOU,3,NE,0,0,0,0,0,80,0,21,4,27,0,5,0,0,0,0,0,0,0,0,0,0,,,,,
Lance Dunbar,RB,DAL,3,CHI,0,0,0,0,0,1,1,1,0,0,0,0,0,0,0,0,0,0,0,0,0,0,,,,,
Lance Kendricks,TE,LA,3,TB,0,0,0,0,0,0,0,0,0,0,0,4,0,0,0,0,0,0,0,0,0,0,,,,,
Larry Donnell,TE,NYG,3,WAS,0,0,0,0,0,0,0,0,3,11,0,4,0,0,0,0,0,0,0,0,0,0,,,,,
Larry Fitzgerald,WR,ARI,3,BUF,0,0,0,0,0,0,0,0,7,60,0,12,0,0,0,0,0,0,0,0,0,0,,,,,
Latavius Murray,RB,LV,3,TEN,0,0,0,0,0,37,1,10,1,1,0,1,0,0,0,0,0,0,0,0,0,0,,,,,
LeGarrette Blount,RB,NE,3,HOU,0,0,0,0,0,105,2,24,0,0,0,0,0,0,0,0,0,0,0,0,0,0,,,,,
LeSean McCoy,RB,BUF,3,ARI,0,0,0,0,0,110,2,17,3,6,0,4,0,0,0,0,0,0,0,0,0,0,,,,,
Lee Smith,TE,LV,3,TEN,0,0,0,0,0,0,0,0,1,4,0,1,0,0,0,0,0,0,0,0,0,0,,,,,
Lucky Whitehead,WR,DAL,3,CHI,0,0,0,0,0,3,0,1,0,0,0,0,0,0,0,0,0,0,0,0,0,0,,,,,
Luke Willson,TE,SEA,3,SF,0,0,0,0,0,0,0,0,2,9,0,3,0,0,0,0,0,0,0,0,0,0,,,,,
MIA,DEF,MIA,3,CLE,,,,,,,,,,,,,,,,,,,,,,,0,0,0,0,24.0
MIN,DEF,MIN,3,CAR,,,,,,,,,,,,,,,,,,,,,,,0,1,0,0,10.0
Malcolm Johnson,RB,CLE,3,MIA,0,0,0,0,0,0,0,0,1,3,0,1,0,0,0,0,0,0,0,0,0,0,,,,,
Malcolm Mitchell,WR,NE,3,HOU,0,0,0,0,0,0,0,0,1,27,0,2,0,0,0,0,0,0,0,0,0,0,,,,,
Marc Mariani,WR,TEN,3,LV,0,0,0,0,0,0,0,0,0,0,0,0,0,0,0,0,0,0,0,0,0,0,,,,,
Marcedes Lewis,TE,JAX,3,BAL,0,0,0,0,0,0,0,0,3,20,0,3,0,0,0,0,0,0,0,0,0,0,,,,,
Marcus Mariota,QB,TEN,3,LV,214,0,33,17,2,22,0,3,0,0,0,0,0,0,0,0,0,0,0,0,0,0,,,,,
Mark Ingram,RB,NO,3,ATL,0,0,0,0,0,77,0,15,4,30,1,6,0,0,1,0,0,0,0,0,0,0,,,,,
Markus Wheaton,WR,PIT,3,PHI,0,0,0,0,0,0,0,0,1,2,0,5,0,0,0,0,0,0,0,0,0,0,,,,,
Marqise Lee,WR,JAX,3,BAL,0,0,0,0,0,0,0,0,5,44,0,7,0,0,0,0,0,0,0,0,0,0,,,,,
Marquise Goodwin,WR,BUF,3,ARI,0,0,0,0,0,0,0,0,1,6,0,5,0,0,0,0,0,0,0,0,0,0,,,,,
Martellus Bennett,TE,NE,3,HOU,0,0,0,0,0,6,0,1,2,10,0,3,0,0,0,0,0,0,0,0,0,0,,,,,
Marvin Jones,WR,DET,3,GB,0,0,0,0,0,0,0,0,6,205,2,8,0,0,0,0,0,0,0,0,0,0,,,,,
Mason Crosby,K,GB,3,DET,0,0,0,0,0,0,0,0,0,0,0,0,0,0,0,0,0,1,1,0,0,4,,,,,
Matt Asiata,RB,MIN,3,CAR,0,0,0,0,0,15,0,6,1,4,0,1,0,0,0,0,0,0,0,0,0,0,,,,,
Matt Bryant,K,ATL,3,NO,0,0,0,0,0,0,0,0,0,0,0,0,0,0,0,0,1,0,0,0,0,6,,,,,
Matt Forte,RB,NYJ,3,KC,0,0,0,0,0,65,0,15,2,-1,0,4,0,0,0,0,0,0,0,0,0,0,,,,,
Matt Jones,RB,WAS,3,NYG,0,0,0,0,0,65,0,17,2,14,0,2,0,0,0,0,0,0,0,0,0,0,,,,,
Matt Prater,K,DET,3,GB,0,0,0,0,0,0,0,0,0,0,0,0,0,0,0,0,0,0,1,1,0,3,,,,,
Matt Ryan,QB,ATL,3,NO,240,2,30,20,0,23,0,5,0,0,0,0,0,0,0,0,0,0,0,0,0,0,,,,,
Matthew Stafford,QB,DET,3,GB,385,3,41,28,1,11,0,2,0,0,0,0,0,0,0,0,0,0,0,0,0,0,,,,,
Maxx Williams,TE,BAL,3,JAX,0,0,0,0,0,0,0,0,0,0,0,0,0,0,0,0,0,0,0,0,0,0,,,,,
Melvin Gordon,RB,LAC,3,IND,0,0,0,0,0,35,1,16,4,43,0,7,0,0,0,0,0,0,0,0,0,0,,,,,
Michael Crabtree,WR,LV,3,TEN,0,0,0,0,0,0,0,0,8,102,0,11,0,0,0,0,0,0,0,0,0,0,,,,,
Michael Floyd,WR,ARI,3,BUF,0,0,0,0,0,0,0,0,4,65,0,11,0,0,0,0,0,0,0,0,0,0,,,,,
Michael Thomas,WR,NO,3,ATL,0,0,0,0,0,0,0,0,7,71,1,11,0,0,0,0,0,0,0,0,0,0,,,,,
Mike Evans,WR,TB,3,LA,0,0,0,0,0,0,0,0,10,132,1,14,0,0,0,0,0,0,0,0,0,0,,,,,
Mike Gillislee,RB,BUF,3,ARI,0,0,0,0,0,20,0,3,0,0,0,0,0,0,0,0,0,0,0,0,0,0,,,,,
Mike Nugent,K,CIN,3,DEN,0,0,0,0,0,0,0,0,0,0,0,0,0,0,0,0,0,1,0,0,0,2,,,,,
Mike Thomas,WR,LA,3,TB,0,0,0,0,0,0,0,0,0,0,0,1,0,0,0,0,0,0,0,0,0,0,,,,,
Mike Wallace,WR,BAL,3,JAX,0,0,0,0,0,5,0,1,3,34,0,6,0,0,0,0,0,0,0,0,0,0,,,,,
Mohamed Sanu,WR,ATL,3,NO,0,0,0,0,0,0,0,0,3,31,0,4,0,0,0,0,0,0,0,0,0,0,,,,,
NE,DEF,NE,3,HOU,,,,,,,,,,,,,,,,,,,,,,,0,0,0,0,0.0
NO,DEF,NO,3,ATL,,,,,,,,,,,,,,,,,,,,,,,0,0,0,0,45.0
NYG,DEF,NYG,3,WAS,,,,,,,,,,,,,,,,,,,,,,,0,0,0,0,29.0
NYJ,DEF,NYJ,3,KC,,,,,,,,,,,,,,,,,,,,,,,0,0,0,0,24.0
Nelson Agholor,WR,PHI,3,PIT,0,0,0,0,0,0,0,0,3,21,0,3,0,0,0,0,0,0,0,0,0,0,,,,,
Nick Folk,K,NYJ,3,KC,0,0,0,0,0,0,0,0,0,0,0,0,0,0,0,0,1,0,0,0,0,0,,,,,
Nick Novak,K,HOU,3,NE,0,0,0,0,0,0,0,0,0,0,0,0,0,0,0,0,0,0,0,0,0,0,,,,,
Nick O'Leary,TE,BUF,3,ARI,0,0,0,0,0,0,0,0,1,28,0,1,0,0,0,0,0,0,0,0,0,0,,,,,
Niles Paul,TE,WAS,3,NYG,0,0,0,0,0,0,0,0,0,0,0,0,0,0,0,0,0,0,0,0,0,0,,,,,
Odell Beckham Jr.,WR,NYG,3,WAS,0,0,0,0,0,0,0,0,7,121,0,11,0,0,0,0,0,0,0,0,0,0,,,,,
Orleans Darkwa,RB,NYG,3,WAS,0,0,0,0,0,53,1,10,1,9,0,1,0,0,0,0,0,0,0,0,0,0,,,,,
PHI,DEF,PHI,3,PIT,,,,,,,,,,,,,,,,,,,,,,,0,0,0,0,3.0
PIT,DEF,PIT,3,PHI,,,,,,,,,,,,,,,,,,,,,,,0,0,0,0,34.0
Paul Perkins,RB,NYG,3,WAS,0,0,0,0,0,0,0,0,0,0,0,0,0,0,0,0,0,0,0,0,0,0,,,,,
Paul Richardson,WR,SEA,3,SF,0,0,0,0,0,0,0,0,0,0,0,0,0,0,0,0,0,0,0,0,0,0,,,,,
Phil Dawson,K,SF,3,SEA,0,0,0,0,0,0,0,0,0,0,0,0,0,0,0,0,1,0,0,0,0,1,,,,,
Philip Rivers,QB,LAC,3,IND,326,0,39,26,0,2,0,1,0,0,0,0,0,0,0,0,0,0,0,0,0,0,,,,,
Phillip Dorsett,WR,IND,3,LAC,0,0,0,0,0,0,0,0,3,27,0,4,0,0,0,0,0,0,0,0,0,0,,,,,
Phillip Supernaw,TE,TEN,3,LV,0,0,0,0,0,0,0,0,0,0,0,1,0,0,0,0,0,0,0,0,0,0,,,,,
Pierre Garcon,WR,WAS,3,NYG,0,0,0,0,0,0,0,0,5,59,0,7,0,0,0,0,0,0,0,0,0,0,,,,,
Quan Bray,WR,IND,3,LAC,0,0,0,0,0,0,0,0,0,0,0,0,0,0,0,0,0,0,0,0,0,0,,,,,
Quincy Enunwa,WR,NYJ,3,KC,0,0,0,0,0,0,0,0,4,37,0,11,0,0,0,0,0,0,0,0,0,0,,,,,
Quinton Patton,WR,SF,3,SEA,0,0,0,0,0,0,0,0,1,8,0,4,0,0,0,0,0,0,0,0,0,0,,,,,
Randall Cobb,WR,GB,3,DET,0,0,0,0,0,0,0,0,1,33,0,3,0,0,0,0,0,0,0,0,0,0,,,,,
Rashad Greene,WR,JAX,3,BAL,0,0,0,0,0,0,0,0,0,0,0,0,0,0,0,0,0,0,0,0,0,0,,,,,
Rashard Higgins,WR,CLE,3,MIA,0,0,0,0,0,0,0,0,0,0,0,1,0,0,0,0,0,0,0,0,0,0,,,,,
Rex Burkhead,RB,CIN,3,DEN,0,0,0,0,0,0,0,0,0,0,0,0,0,0,0,0,0,0,0,0,0,0,,,,,
Rhett Ellison,TE,MIN,3,CAR,0,0,0,0,0,0,0,0,1,18,0,1,0,0,0,0,0,0,0,0,0,0,,,,,
Ricardo Louis,WR,CLE,3,MIA,0,0,0,0,0,0,0,0,3,40,0,4,0,0,0,0,0,0,0,0,0,0,,,,,
Richard Rodgers,TE,GB,3,DET,0,0,0,0,0,0,0,0,2,9,1,3,0,0,0,0,0,0,0,0,0,0,,,,,
Rishard Matthews,WR,TEN,3,LV,0,0,0,0,0,0,0,0,3,32,0,8,0,0,0,0,0,0,0,0,0,0,,,,,
Rob Gronkowski,TE,NE,3,HOU,0,0,0,0,0,0,0,0,0,0,0,1,0,0,0,0,0,0,0,0,0,0,,,,,
Rob Kelley,RB,WAS,3,NYG,0,0,0,0,0,7,0,4,0,0,0,0,0,0,0,0,0,0,0,0,0,0,,,,,
Robbie Chosen,WR,NYJ,3,KC,0,0,0,0,0,0,0,0,2,34,0,2,0,0,0,0,0,0,0,0,0,0,,,,,
Robert Turbin,RB,IND,3,LAC,0,0,0,0,0,9,1,4,0,0,0,0,0,0,0,0,0,0,0,0,0,0,,,,,
Robert Woods,WR,BUF,3,ARI,0,0,0,0,0,0,0,0,6,51,0,8,0,0,0,0,0,0,0,0,0,0,,,,,
Roberto Aguayo,K,TB,3,LA,0,0,0,0,0,0,0,0,0,0,0,0,0,0,0,0,0,0,0,0,0,2,,,,,
Rod Smith,RB,DAL,3,CHI,0,0,0,0,0,0,0,0,0,0,0,0,0,0,0,0,0,0,0,0,0,0,,,,,
Rod Streater,WR,SF,3,SEA,0,0,0,0,0,0,0,0,1,19,0,1,0,0,0,0,0,0,0,0,0,0,,,,,
Ross Travis,TE,KC,3,NYJ,0,0,0,0,0,0,0,0,2,10,0,2,0,0,0,0,0,0,0,0,0,0,,,,,
Russell Shepard,WR,TB,3,LA,0,0,0,0,0,0,0,0,1,6,0,2,0,0,0,0,0,0,0,0,0,0,,,,,
Russell Wilson,QB,SEA,3,SF,243,1,23,15,0,3,0,1,0,0,0,0,0,0,0,0,0,0,0,0,0,0,,,,,
Ryan Fitzpatrick,QB,NYJ,3,KC,188,0,44,20,6,22,0,3,0,0,0,0,0,0,0,0,0,0,0,0,0,0,,,,,
Ryan Grant,WR,WAS,3,NYG,0,0,0,0,0,0,0,0,0,0,0,1,0,0,0,0,0,0,0,0,0,0,,,,,
Ryan Griffin,TE,HOU,3,NE,0,0,0,0,0,0,0,0,8,52,0,10,0,0,0,0,0,0,0,0,0,0,,,,,
Ryan Mathews,RB,PHI,3,PIT,0,0,0,0,0,-5,0,2,0,0,0,0,0,0,0,0,0,0,0,0,0,0,,,,,
Ryan Succop,K,TEN,3,LV,0,0,0,0,0,0,0,0,0,0,0,0,0,0,0,0,0,1,0,0,0,1,,,,,
Ryan Tannehill,QB,MIA,3,CLE,319,3,39,25,2,2,0,1,0,0,0,0,0,0,0,0,0,0,0,0,0,0,,,,,
SEA,DEF,SEA,3,SF,,,,,,,,,,,,,,,,,,,,,,,0,0,0,0,18.0
SF,DEF,SF,3,SEA,,,,,,,,,,,,,,,,,,,,,,,0,0,0,0,37.0
Sam Bradford,QB,MIN,3,CAR,171,1,28,18,0,-2,0,2,0,0,0,0,0,0,0,0,0,0,0,0,0,0,,,,,
Sammie Coates,WR,PIT,3,PHI,0,0,0,0,0,0,0,0,3,50,0,4,0,0,0,0,0,0,0,0,0,0,,,,,
Sean McGrath,TE,LAC,3,IND,0,0,0,0,0,0,0,0,1,13,0,1,0,0,0,0,0,0,0,0,0,0,,,,,
Sebastian Janikowski,K,LV,3,TEN,0,0,0,0,0,0,0,0,0,0,0,0,0,0,0,0,0,0,0,1,0,2,,,,,
Seth Roberts,WR,LV,3,TEN,0,0,0,0,0,0,0,0,2,27,1,6,0,0,0,0,0,0,0,0,0,0,,,,,
Shane Vereen,RB,NYG,3,WAS,0,0,0,0,0,67,1,11,2,28,0,5,0,0,0,0,0,0,0,0,0,0,,,,,
Shaun Draughn,RB,SF,3,SEA,0,0,0,0,0,10,0,5,1,2,0,2,0,0,0,0,0,0,0,0,0,0,,,,,
Spencer Ware,RB,KC,3,NYJ,0,0,0,0,0,75,0,20,1,8,0,1,0,0,0,0,0,0,0,0,0,0,,,,,
Stefon Diggs,WR,MIN,3,CAR,0,0,0,0,0,0,0,0,4,40,0,7,0,0,0,0,0,0,0,0,0,0,,,,,
Stephen Anderson,TE,HOU,3,NE,0,0,0,0,0,0,0,0,0,0,0,1,0,0,0,0,0,0,0,0,0,0,,,,,
Stephen Gostkowski,K,NE,3,HOU,0,0,0,0,0,0,0,0,0,0,0,0,0,0,0,0,2,0,0,0,0,3,,,,,
Sterling Shepard,WR,NYG,3,WAS,0,0,0,0,0,0,0,0,5,73,1,7,0,0,0,0,0,0,0,0,0,0,,,,,
Steve Smith,WR,BAL,3,JAX,0,0,0,0,0,0,0,0,8,87,0,11,0,0,0,0,0,0,0,0,0,0,,,,,
Steven Hauschka,K,SEA,3,SF,0,0,0,0,0,0,0,0,0,0,0,0,0,0,0,0,1,2,0,0,0,4,,,,,
T.J. Yeldon,RB,JAX,3,BAL,0,0,0,0,0,17,0,6,2,11,0,3,0,0,0,0,0,0,0,0,0,0,,,,,
T.Y. Hilton,WR,IND,3,LAC,0,0,0,0,0,0,0,0,8,174,1,11,0,0,0,0,0,0,0,0,0,0,,,,,
TB,DEF,TB,3,LA,,,,,,,,,,,,,,,,,,,,,,,1,0,0,0,37.0
TEN,DEF,TEN,3,LV,,,,,,,,,,,,,,,,,,,,,,,0,0,0,0,17.0
Taiwan Jones,RB,LV,3,TEN,0,0,0,0,0,0,0,0,0,0,0,0,0,0,0,0,0,0,0,0,0,0,,,,,
Tajae Sharpe,WR,TEN,3,LV,0,0,0,0,0,0,0,0,3,48,0,7,0,0,0,0,0,0,0,0,0,0,,,,,
Tanner McEvoy,WR,SEA,3,SF,0,0,0,0,0,0,0,0,0,0,0,1,0,0,0,0,0,0,0,0,0,0,,,,,
Tavon Austin,WR,LA,3,TB,0,0,0,0,0,22,0,2,5,82,1,8,0,0,0,0,0,0,0,0,0,0,,,,,
Taylor Gabriel,WR,ATL,3,NO,0,0,0,0,0,0,0,0,2,33,0,3,0,0,0,0,0,0,0,0,0,0,,,,,
Ted Ginn,WR,CAR,3,MIN,0,0,0,0,0,5,0,2,3,62,0,7,0,0,0,0,0,0,0,0,0,0,,,,,
Terrance West,RB,BAL,3,JAX,0,0,0,0,0,45,0,10,1,8,0,1,0,0,0,0,0,0,0,0,0,0,,,,,
Terrance Williams,WR,DAL,3,CHI,0,0,0,0,0,0,0,0,4,88,0,4,0,0,0,0,0,0,0,0,0,0,,,,,
Terrelle Pryor,WR,CLE,3,MIA,35,0,5,3,0,21,1,4,8,144,0,14,0,0,0,0,0,0,0,0,0,0,,,,,
Terrence Magee,RB,SEA,3,SF,0,0,0,0,0,12,0,3,0,0,0,0,0,0,0,0,0,0,0,0,0,0,,,,,
Tevin Coleman,RB,ATL,3,NO,0,0,0,0,0,42,3,12,3,47,0,3,0,0,0,0,0,0,0,0,0,0,,,,,
Theo Riddick,RB,DET,3,GB,0,0,0,0,0,9,0,10,7,39,0,9,0,0,0,0,0,0,0,0,0,0,,,,,
Tim Hightower,RB,NO,3,ATL,0,0,0,0,0,19,0,3,0,0,0,0,0,0,0,0,0,0,0,0,0,0,,,,,
Todd Gurley,RB,LA,3,TB,0,0,0,0,0,85,2,27,1,-5,0,2,0,0,0,0,0,0,0,0,0,0,,,,,
Tommylee Lewis,WR,NO,3,ATL,0,0,0,0,0,1,0,1,3,43,0,4,0,0,0,0,0,0,0,0,0,0,,,,,
Torrey Smith,WR,SF,3,SEA,0,0,0,0,0,0,0,0,3,35,0,4,0,0,0,0,0,0,0,0,0,0,,,,,
Travaris Cadet,RB,NO,3,ATL,0,0,0,0,0,0,0,0,6,32,0,6,0,0,0,0,0,0,0,0,0,0,,,,,
Travis Benjamin,WR,LAC,3,IND,0,0,0,0,0,0,0,0,4,82,0,7,0,0,0,0,0,0,0,0,0,0,,,,,
Travis Kelce,TE,KC,3,NYJ,0,0,0,0,0,0,0,0,6,89,1,7,0,0,0,0,0,0,0,0,0,0,,,,,
Trevone Boykin,QB,SEA,3,SF,65,1,9,7,1,-2,0,2,0,0,0,0,0,0,0,0,0,0,0,0,0,0,,,,,
Trevor Davis,WR,GB,3,DET,0,0,0,0,0,0,0,0,0,0,0,1,0,0,0,0,0,0,0,0,0,0,,,,,
Trevor Siemian,QB,DEN,3,CIN,312,4,35,23,0,5,0,3,0,0,0,0,0,0,0,0,0,0,0,0,0,0,,,,,
Trey Burton,TE,PHI,3,PIT,0,0,0,0,0,0,0,0,2,19,0,6,0,0,0,0,0,0,0,0,0,0,,,,,
Troy Niklas,TE,ARI,3,BUF,0,0,0,0,0,0,0,0,1,0,0,1,0,0,0,0,0,0,0,0,0,0,,,,,
Ty Montgomery,WR,GB,3,DET,0,0,0,0,0,-1,0,1,0,0,0,0,0,0,0,0,0,0,0,0,0,0,,,,,
Tyler Boyd,WR,CIN,3,DEN,0,0,0,0,0,0,0,0,3,18,0,4,0,0,0,0,0,0,0,0,0,0,,,,,
Tyler Ervin,RB,HOU,3,NE,0,0,0,0,0,0,0,0,0,0,0,0,0,0,0,0,0,0,0,0,0,0,,,,,
Tyler Higbee,TE,LA,3,TB,0,0,0,0,0,0,0,0,0,0,0,0,0,0,0,0,0,0,0,0,0,0,,,,,
Tyler Lockett,WR,SEA,3,SF,0,0,0,0,0,0,0,0,0,0,0,0,0,0,0,0,0,0,0,0,0,0,,,,,
Tyreek Hill,WR,KC,3,NYJ,0,0,0,0,0,-3,0,1,3,26,0,4,0,0,0,0,0,0,0,0,0,0,,,,,
Tyrell Williams,WR,LAC,3,IND,0,0,0,0,0,0,0,0,6,69,0,9,0,0,0,0,0,0,0,0,0,0,,,,,
Tyrod Taylor,QB,BUF,3,ARI,119,0,25,14,1,76,1,9,0,0,0,0,0,0,0,0,0,0,0,0,0,0,,,,,
Vance McDonald,TE,SF,3,SEA,0,0,0,0,0,0,0,0,2,4,0,2,0,0,0,0,0,0,0,0,0,0,,,,,
Victor Cruz,WR,NYG,3,WAS,0,0,0,0,0,0,0,0,3,70,0,3,0,0,0,0,0,0,0,0,0,0,,,,,
Vincent Jackson,WR,TB,3,LA,0,0,0,0,0,0,0,0,3,37,0,6,0,0,0,0,0,0,0,0,0,0,,,,,
WAS,DEF,WAS,3,NYG,,,,,,,,,,,,,,,,,,,,,,,0,0,0,0,27.0
Walt Powell,WR,BUF,3,ARI,0,0,0,0,0,0,0,0,3,28,0,5,0,0,0,0,0,0,0,0,0,0,,,,,
Wendell Smallwood,RB,PHI,3,PIT,0,0,0,0,0,79,1,17,0,0,0,0,0,0,0,0,0,0,0,0,0,0,,,,,
Wil Lutz,K,NO,3,ATL,0,0,0,0,0,0,0,0,0,0,0,0,0,0,0,0,0,0,0,1,0,3,,,,,
Will Fuller,WR,HOU,3,NE,0,0,0,0,0,0,0,0,3,31,0,7,0,0,0,0,0,0,0,0,0,0,,,,,
Will Tye,TE,NYG,3,WAS,0,0,0,0,0,0,0,0,3,14,0,5,0,0,0,0,0,0,0,0,0,0,,,,,
Zach Miller,TE,CHI,3,DAL,0,0,0,0,0,0,0,0,8,78,2,9,0,0,0,0,0,0,0,0,0,0,,,,,
A.J. Green,WR,CIN,4,MIA,0,0,0,0,0,0,0,0,10,173,1,12,0,0,0,0,0,0,0,0,0,0,,,,,
ARI,DEF,ARI,4,LA,,,,,,,,,,,,,,,,,,,,,,,0,0,0,0,17.0
ATL,DEF,ATL,4,CAR,,,,,,,,,,,,,,,,,,,,,,,1,0,0,0,33.0
Aaron Burbridge,WR,SF,4,DAL,0,0,0,0,0,0,0,0,1,5,0,2,0,0,0,0,0,0,0,0,0,0,,,,,
Adam Humphries,WR,TB,4,DEN,0,0,0,0,0,0,0,0,1,4,0,4,0,0,0,0,0,0,0,0,0,0,,,,,
Adam Thielen,WR,MIN,4,NYG,0,0,0,0,0,0,0,0,2,21,0,3,0,0,0,0,0,0,0,0,0,0,,,,,
Adam Vinatieri,K,IND,4,JAX,0,0,0,0,0,0,0,0,0,0,0,0,0,0,0,0,0,0,1,1,0,3,,,,,
Alan Cross,TE,TB,4,DEN,0,0,0,0,0,0,0,0,0,0,0,1,0,0,0,0,0,0,0,0,0,0,,,,,
Albert Wilson,WR,KC,4,PIT,0,0,0,0,0,0,0,0,5,52,0,8,0,0,0,0,0,0,0,0,0,0,,,,,
Aldrick Robinson,WR,ATL,4,CAR,0,0,0,0,0,0,0,0,2,48,1,3,0,0,0,0,0,0,0,0,0,0,,,,,
Alex Collins,RB,SEA,4,NYJ,0,0,0,0,0,1,0,1,0,0,0,0,0,0,0,0,0,0,0,0,0,0,,,,,
Alex Erickson,WR,CIN,4,MIA,0,0,0,0,0,0,0,0,0,0,0,0,0,0,0,0,0,0,0,0,0,0,,,,,
Alex Smith,QB,KC,4,PIT,287,2,50,30,1,2,0,1,0,0,0,0,0,0,0,0,0,0,0,0,0,0,,,,,
Alfred Blue,RB,HOU,4,TEN,0,0,0,0,0,19,0,3,1,4,0,1,0,0,0,0,0,0,0,0,0,0,,,,,
Alfred Morris,RB,DAL,4,SF,0,0,0,0,0,34,0,7,0,0,0,0,0,0,0,0,0,0,0,0,0,0,,,,,
Allen Hurns,WR,JAX,4,IND,0,0,0,0,0,0,0,0,2,47,1,4,0,0,0,0,0,0,0,0,0,0,,,,,
Allen Robinson,WR,JAX,4,IND,0,0,0,0,0,0,0,0,5,55,1,10,0,0,0,0,0,0,0,0,0,0,,,,,
Alshon Jeffery,WR,CHI,4,DET,0,0,0,0,0,0,0,0,3,46,0,5,0,0,0,0,0,0,0,0,0,0,,,,,
Amari Cooper,WR,LV,4,BAL,0,0,0,0,0,0,0,0,5,48,0,6,0,0,0,0,0,0,0,0,0,0,,,,,
Andre Ellington,RB,ARI,4,LA,0,0,0,0,0,0,0,1,1,4,0,1,0,0,0,0,0,0,0,0,0,0,,,,,
Andre Holmes,WR,LV,4,BAL,0,0,0,0,0,0,0,0,0,0,0,0,0,0,0,0,0,0,0,0,0,0,,,,,
Andre Johnson,WR,TEN,4,HOU,0,0,0,0,0,0,0,0,3,33,0,5,0,0,0,0,0,0,0,0,0,0,,,,,
Andre Roberts,WR,DET,4,CHI,0,0,0,0,0,0,0,0,1,8,0,1,1,0,0,0,0,0,0,0,0,0,,,,,
Andrew Franks,K,MIA,4,CIN,0,0,0,0,0,0,0,0,0,0,0,0,0,0,0,0,0,0,0,0,0,1,,,,,
Andrew Hawkins,WR,CLE,4,WAS,0,0,0,0,0,0,0,0,3,28,0,3,0,0,0,0,0,0,0,0,0,0,,,,,
Andrew Luck,QB,IND,4,JAX,234,2,42,27,1,23,0,4,0,0,0,0,0,0,0,0,0,0,0,0,0,0,,,,,
Andy Dalton,QB,CIN,4,MIA,296,1,31,22,0,-12,0,6,0,0,0,0,0,0,0,0,0,0,0,0,0,0,,,,,
Anquan Boldin,WR,DET,4,CHI,0,0,0,0,0,0,0,0,6,31,0,8,0,0,0,0,0,0,0,0,0,0,,,,,
Anthony Fasano,TE,TEN,4,HOU,0,0,0,0,0,0,0,0,0,0,0,1,0,0,0,0,0,0,0,0,0,0,,,,,
Antonio Andrews,RB,TEN,4,HOU,0,0,0,0,0,0,0,0,0,0,0,0,0,0,0,0,0,0,0,0,0,0,,,,,
Antonio Brown,WR,PIT,4,KC,0,0,0,0,0,0,0,0,4,64,2,5,0,0,0,0,0,0,0,0,0,0,,,,,
Arrelious Benn,WR,JAX,4,IND,0,0,0,0,0,0,0,0,1,1,0,2,0,0,0,0,0,0,0,0,0,0,,,,,
Austin Hooper,TE,ATL,4,CAR,0,0,0,0,0,0,0,0,1,42,1,1,0,0,0,0,0,0,0,0,0,0,,,,,
BAL,DEF,BAL,4,LV,,,,,,,,,,,,,,,,,,,,,,,0,0,0,0,28.0
BUF,DEF,BUF,4,NE,,,,,,,,,,,,,,,,,,,,,,,0,0,0,0,0.0
Ben Braunecker,TE,CHI,4,DET,0,0,0,0,0,0,0,0,0,0,0,0,0,0,0,0,0,0,0,0,0,0,,,,,
Ben Roethlisberger,QB,PIT,4,KC,300,5,27,22,0,-1,0,1,0,0,0,0,0,0,1,0,0,0,0,0,0,0,,,,,
Bennie Fowler,WR,DEN,4,TB,0,0,0,0,0,0,0,0,0,0,0,3,0,0,0,0,0,0,0,0,0,0,,,,,
Benny Cunningham,RB,LA,4,ARI,0,0,0,0,0,0,0,0,0,0,0,0,0,0,0,0,0,0,0,0,0,0,,,,,
Bilal Powell,RB,NYJ,4,SEA,0,0,0,0,0,26,0,4,6,54,0,9,0,0,0,0,0,0,0,0,0,0,,,,,
Blaine Gabbert,QB,SF,4,DAL,196,1,23,16,1,27,0,12,0,0,0,0,0,0,0,0,0,0,0,0,0,0,,,,,
Blair Walsh,K,MIN,4,NYG,0,0,0,0,0,0,0,0,0,0,0,0,0,0,0,0,0,0,1,0,0,3,,,,,
Blake Bortles,QB,JAX,4,IND,207,2,33,19,0,36,1,7,0,0,0,0,0,0,0,0,0,0,0,0,0,0,,,,,
Bobby Rainey,RB,NYG,4,MIN,0,0,0,0,0,22,0,4,7,43,0,9,0,0,0,0,0,0,0,0,0,0,,,,,
Braedon Bowman,TE,NYJ,4,SEA,0,0,0,0,0,0,0,0,0,0,0,1,0,0,0,0,0,0,0,0,0,0,,,,,
Brandin Cooks,WR,NO,4,LAC,0,0,0,0,0,0,0,0,3,31,0,6,0,0,0,0,0,0,0,0,0,0,,,,,
Brandon Bolden,RB,NE,4,BUF,0,0,0,0,0,0,0,0,2,15,0,3,0,0,0,0,0,0,0,0,0,0,,,,,
Brandon Coleman,WR,NO,4,LAC,0,0,0,0,0,0,0,0,2,17,0,3,0,0,0,0,0,0,0,0,0,0,,,,,
Brandon LaFell,WR,CIN,4,MIA,0,0,0,0,0,0,0,0,4,44,0,6,0,0,0,0,0,0,0,0,0,0,,,,,
Brandon Marshall,WR,NYJ,4,SEA,0,0,0,0,0,0,0,0,4,89,1,12,0,0,0,0,0,0,0,0,0,0,,,,,
Brandon McManus,K,DEN,4,TB,0,0,0,0,0,0,0,0,0,0,0,0,0,0,0,0,1,1,0,0,0,3,,,,,
Brandon Tate,WR,BUF,4,NE,0,0,0,0,0,4,0,1,0,0,0,0,0,0,0,0,0,0,0,0,0,0,,,,,
Breshad Perriman,WR,BAL,4,LV,0,0,0,0,0,0,0,0,3,24,0,5,0,0,0,0,0,0,0,0,0,0,,,,,
Brian Hoyer,QB,CHI,4,DET,302,2,36,28,0,-3,0,3,0,0,0,0,0,0,0,0,0,0,0,0,0,0,,,,,
Brian Quick,WR,LA,4,ARI,0,0,0,0,0,0,0,0,2,69,2,6,0,0,0,0,0,0,0,0,0,0,,,,,
Brice Butler,WR,DAL,4,SF,0,0,0,0,0,0,0,0,5,41,1,9,0,0,0,0,0,0,0,0,0,0,,,,,
Brock Osweiler,QB,HOU,4,TEN,254,2,37,25,2,14,0,1,0,0,0,0,0,0,0,0,0,0,0,0,0,0,,,,,
Bryan Walters,WR,JAX,4,IND,0,0,0,0,0,0,0,0,0,0,0,1,0,0,0,0,0,0,0,0,0,0,,,,,
C.J. Anderson,RB,DEN,4,TB,0,0,0,0,0,49,1,19,1,3,0,1,0,0,0,0,0,0,0,0,0,0,,,,,
C.J. Fiedorowicz,TE,HOU,4,TEN,0,0,0,0,0,0,0,0,4,48,1,5,0,0,0,0,0,0,0,0,0,0,,,,,
C.J. Spiller,RB,SEA,4,NYJ,0,0,0,0,0,12,0,2,2,5,1,3,0,0,0,0,0,0,0,0,0,0,,,,,
C.J. Uzomah,TE,CIN,4,MIA,0,0,0,0,0,0,0,0,4,45,0,5,0,0,0,0,0,0,0,0,0,0,,,,,
CAR,DEF,CAR,4,ATL,,,,,,,,,,,,,,,,,,,,,,,1,0,0,0,48.0
CHI,DEF,CHI,4,DET,,,,,,,,,,,,,,,,,,,,,,,0,0,0,0,14.0
CIN,DEF,CIN,4,MIA,,,,,,,,,,,,,,,,,,,,,,,0,0,0,0,7.0
CLE,DEF,CLE,4,WAS,,,,,,,,,,,,,,,,,,,,,,,0,0,0,0,31.0
Cairo Santos,K,KC,4,PIT,0,0,0,0,0,0,0,0,0,0,0,0,0,0,0,0,0,0,0,0,0,2,,,,,
Cam Newton,QB,CAR,4,ATL,165,1,25,14,0,30,0,5,0,0,0,0,0,0,1,0,0,0,0,0,0,0,,,,,
Cameron Artis-Payne,RB,CAR,4,ATL,0,0,0,0,0,12,0,6,0,0,0,0,0,0,0,0,0,0,0,0,0,0,,,,,
Cameron Brate,TE,TB,4,DEN,0,0,0,0,0,0,0,0,5,67,0,8,0,0,0,0,0,0,0,0,0,0,,,,,
Cameron Meredith,WR,CHI,4,DET,0,0,0,0,0,0,0,0,4,28,0,5,0,0,0,0,0,0,0,0,0,0,,,,,
Carlos Hyde,RB,SF,4,DAL,0,0,0,0,0,74,1,15,1,5,0,1,0,0,0,0,0,0,0,0,0,0,,,,,
Carson Palmer,QB,ARI,4,LA,288,1,36,23,1,0,0,0,0,0,0,0,0,0,0,0,0,0,0,0,0,0,,,,,
Case Keenum,QB,LA,4,ARI,266,2,30,18,0,14,0,3,0,0,0,0,0,0,0,0,0,0,0,0,0,0,,,,,
Chandler Catanzaro,K,ARI,4,LA,0,0,0,0,0,0,0,0,0,0,0,0,0,0,0,0,2,0,0,0,0,1,,,,,
Charles Clay,TE,BUF,4,NE,0,0,0,0,0,0,0,0,5,47,0,7,0,0,0,0,0,0,0,0,0,0,,,,,
Charles D. Johnson,WR,MIN,4,NYG,0,0,0,0,0,0,0,0,2,70,0,4,0,0,0,0,0,0,0,0,0,0,,,,,
Charles Sims,RB,TB,4,DEN,0,0,0,0,0,28,0,15,2,7,0,3,0,0,0,0,0,0,0,0,0,0,,,,,
Charone Peake,WR,NYJ,4,SEA,0,0,0,0,0,0,0,0,3,30,0,3,0,1,0,0,0,0,0,0,0,0,,,,,
Chester Rogers,WR,IND,4,JAX,0,0,0,0,0,0,0,0,2,39,0,3,0,0,0,0,0,0,0,0,0,0,,,,,
Chris Boswell,K,PIT,4,KC,0,0,0,0,0,0,0,0,0,0,0,0,0,0,0,0,0,0,0,0,0,5,,,,,
Chris Conley,WR,KC,4,PIT,0,0,0,0,0,0,0,0,6,70,0,7,0,0,0,0,0,0,0,0,0,0,,,,,
Chris Hogan,WR,NE,4,BUF,0,0,0,0,0,0,0,0,0,0,0,2,0,0,0,0,0,0,0,0,0,0,,,,,
Chris Ivory,RB,JAX,4,IND,0,0,0,0,0,29,0,8,0,0,0,1,0,0,0,0,0,0,0,0,0,0,,,,,
Chris Johnson,RB,ARI,4,LA,0,0,0,0,0,34,0,6,0,0,0,1,0,0,0,0,0,0,0,0,0,0,,,,,
Chris Moore,WR,BAL,4,LV,0,0,0,0,0,0,0,0,1,6,0,4,0,0,0,0,0,0,0,0,0,0,,,,,
Chris Thompson,RB,WAS,4,CLE,0,0,0,0,0,24,0,3,2,16,1,4,0,0,0,0,0,0,0,0,0,0,,,,,
Christine Michael,RB,SEA,4,NYJ,0,0,0,0,0,58,0,18,5,32,1,6,0,0,0,0,0,0,0,0,0,0,,,,,
Clive Walford,TE,LV,4,BAL,0,0,0,0,0,0,0,0,2,23,0,4,0,0,0,0,0,0,0,0,0,0,,,,,
Coby Fleener,TE,NO,4,LAC,0,0,0,0,0,0,0,0,3,19,0,5,0,0,0,0,0,0,0,0,0,0,,,,,
Cody Kessler,QB,CLE,4,WAS,223,1,40,28,1,2,0,2,0,0,0,0,0,0,0,0,0,0,0,0,0,0,,,,,
Cody Latimer,WR,DEN,4,TB,0,0,0,0,0,0,0,0,0,0,0,2,0,0,0,0,0,0,0,0,0,0,,,,,
Cody Parkey,K,CLE,4,WAS,0,0,0,0,0,0,0,0,0,0,0,0,0,0,0,0,0,0,1,1,0,2,,,,,
Cole Beasley,WR,DAL,4,SF,0,0,0,0,0,7,0,1,3,66,0,4,0,0,0,0,0,0,0,0,0,0,,,,,
Cole Wick,TE,DET,4,CHI,0,0,0,0,0,0,0,0,0,0,0,1,0,0,0,0,0,0,0,0,0,0,,,,,
Connor Barth,K,CHI,4,DET,0,0,0,0,0,0,0,0,0,0,0,0,0,0,0,0,1,0,0,0,0,2,,,,,
Cordarrelle Patterson,RB,MIN,4,NYG,0,0,0,0,0,2,0,1,5,38,0,6,0,0,0,0,0,0,0,0,0,0,,,,,
Corey Brown,WR,CAR,4,ATL,0,0,0,0,0,0,0,0,5,48,1,7,0,0,0,0,0,0,0,0,0,0,,,,,
Corey Grant,RB,JAX,4,IND,0,0,0,0,0,0,0,0,0,0,0,0,0,0,0,0,0,0,0,0,0,0,,,,,
Crockett Gillmore,TE,BAL,4,LV,0,0,0,0,0,0,0,0,2,16,0,2,0,0,0,0,0,0,0,0,0,0,,,,,
DAL,DEF,DAL,4,SF,,,,,,,,,,,,,,,,,,,,,,,0,0,0,0,17.0
DEN,DEF,DEN,4,TB,,,,,,,,,,,,,,,,,,,,,,,0,0,0,0,7.0
DET,DEF,DET,4,CHI,,,,,,,,,,,,,,,,,,,,,,,0,0,0,0,17.0
Dak Prescott,QB,DAL,4,SF,245,2,32,23,0,3,0,5,0,0,0,0,0,0,0,0,0,0,0,0,0,0,,,,,
Damien Williams,RB,MIA,4,CIN,0,0,0,0,0,9,0,2,1,6,0,2,0,0,0,0,0,0,0,0,0,0,,,,,
Dan Bailey,K,DAL,4,SF,0,0,0,0,0,0,0,0,0,0,0,0,0,0,0,0,1,0,0,0,0,3,,,,,
Dan Carpenter,K,BUF,4,NE,0,0,0,0,0,0,0,0,0,0,0,0,0,0,0,0,0,1,2,0,0,1,,,,,
Daniel Lasco,RB,NO,4,LAC,0,0,0,0,0,12,0,4,1,7,0,2,0,0,0,0,0,0,0,0,0,0,,,,,
Danny Amendola,WR,NE,4,BUF,0,0,0,0,0,0,0,0,0,0,0,2,0,0,0,0,0,0,0,0,0,0,,,,,
Darren Fells,TE,ARI,4,LA,0,0,0,0,0,0,0,0,2,7,0,2,0,0,0,0,0,0,0,0,0,0,,,,,
Darrius Heyward-Bey,WR,PIT,4,KC,0,0,0,0,0,0,0,0,1,31,1,1,0,0,0,0,0,0,0,0,0,0,,,,,
David Johnson,TE,PIT,4,KC,0,0,0,0,0,0,0,0,1,26,0,1,0,0,0,0,0,0,0,0,0,0,,,,,
David Johnson,RB,ARI,4,LA,0,0,0,0,0,83,0,17,4,41,0,4,0,0,0,0,0,0,0,0,0,0,,,,,
DeAndre Hopkins,WR,HOU,4,TEN,0,0,0,0,0,0,0,0,1,4,0,6,0,0,0,0,0,0,0,0,0,0,,,,,
DeAndre Washington,RB,LV,4,BAL,0,0,0,0,0,30,0,5,3,16,0,3,0,0,0,0,0,0,0,0,0,0,,,,,
DeAngelo Williams,RB,PIT,4,KC,0,0,0,0,0,7,1,4,1,2,0,1,0,0,0,0,0,0,0,0,0,0,,,,,
DeMarco Murray,RB,TEN,4,HOU,0,0,0,0,0,95,2,25,2,24,0,2,0,0,0,0,0,0,0,0,0,0,,,,,
DeSean Jackson,WR,WAS,4,CLE,0,0,0,0,0,0,0,0,1,5,0,2,0,0,0,0,0,0,0,0,0,0,,,,,
DeVante Parker,WR,MIA,4,CIN,0,0,0,0,0,0,0,0,2,20,0,3,0,0,0,0,0,0,0,0,0,0,,,,,
Delanie Walker,TE,TEN,4,HOU,0,0,0,0,0,0,0,0,2,34,0,8,0,0,0,0,0,0,0,0,0,0,,,,,
Demarcus Robinson,WR,KC,4,PIT,0,0,0,0,0,0,0,0,0,0,0,0,0,0,0,0,0,0,0,0,0,0,,,,,
Demaryius Thomas,WR,DEN,4,TB,0,0,0,0,0,0,0,0,6,94,1,7,0,0,0,0,0,0,0,0,0,0,,,,,
Demetrius Harris,TE,KC,4,PIT,0,0,0,0,0,0,0,0,1,12,0,1,0,0,0,0,0,0,0,0,0,0,,,,,
Dennis Pitta,TE,BAL,4,LV,0,0,0,0,0,0,0,0,3,17,0,5,0,0,0,0,0,0,0,0,0,0,,,,,
Deonte Thompson,WR,CHI,4,DET,0,0,0,0,0,0,0,0,0,0,0,0,0,0,0,0,0,0,0,0,0,0,,,,,
Derek Anderson,QB,CAR,4,ATL,172,2,23,17,2,0,0,0,0,0,0,0,0,0,1,0,0,0,0,0,0,0,,,,,
Derek Carr,QB,LV,4,BAL,199,4,35,25,0,-2,0,3,0,0,0,0,0,0,0,0,0,0,0,0,0,0,,,,,
Derrick Henry,RB,TEN,4,HOU,0,0,0,0,0,9,0,3,0,0,0,0,0,0,0,0,0,0,0,0,0,0,,,,,
Devin Funchess,WR,CAR,4,ATL,0,0,0,0,0,0,0,0,2,56,0,3,0,0,0,0,0,0,0,0,0,0,,,,,
Devin Hester,WR,BAL,4,LV,0,0,0,0,0,0,0,0,0,0,0,0,0,0,0,0,0,0,0,0,0,0,,,,,
Devonta Freeman,RB,ATL,4,CAR,0,0,0,0,0,57,1,13,2,7,0,3,0,0,0,0,0,0,0,0,0,0,,,,,
Devontae Booker,RB,DEN,4,TB,0,0,0,0,0,30,0,7,0,0,0,1,0,0,0,0,0,0,0,0,0,0,,,,,
Dexter McCluster,WR,LAC,4,NO,0,0,0,0,0,2,0,1,2,9,0,3,0,0,0,0,0,0,0,0,0,0,,,,,
Dion Sims,TE,MIA,4,CIN,0,0,0,0,0,0,0,0,1,9,0,2,0,0,0,0,0,0,0,0,0,0,,,,,
Dontrelle Inman,WR,LAC,4,NO,0,0,0,0,0,0,0,0,7,120,1,11,0,0,0,0,0,0,0,0,0,0,,,,,
Doug Baldwin,WR,SEA,4,NYJ,0,0,0,0,0,0,0,0,4,54,0,4,0,0,0,0,0,0,0,0,0,0,,,,,
Drew Brees,QB,NO,4,LAC,207,2,36,23,2,-4,0,4,0,0,0,0,0,0,0,0,0,0,0,0,0,0,,,,,
Drew Stanton,QB,ARI,4,LA,37,0,11,4,2,0,0,0,0,0,0,0,0,0,0,0,0,0,0,0,0,0,,,,,
Duke Johnson,RB,CLE,4,WAS,0,0,0,0,0,45,0,8,6,31,0,8,0,0,0,0,0,0,0,0,0,0,,,,,
Dustin Hopkins,K,WAS,4,CLE,0,0,0,0,0,0,0,0,0,0,0,0,0,0,0,0,0,0,1,0,0,4,,,,,
Dwayne Allen,TE,IND,4,JAX,0,0,0,0,0,0,0,0,2,20,0,4,0,0,0,0,0,0,0,0,0,0,,,,,
Dwayne Harris,WR,NYG,4,MIN,0,0,0,0,0,0,0,0,0,0,0,0,0,0,0,0,0,0,0,0,0,0,,,,,
Dwayne Washington,RB,DET,4,CHI,0,0,0,0,0,6,0,2,1,8,0,1,0,0,0,0,0,0,0,0,0,0,,,,,
Ed Dickson,TE,CAR,4,ATL,0,0,0,0,0,0,0,0,2,17,0,2,0,0,0,0,0,0,0,0,0,0,,,,,
Eddie Royal,WR,CHI,4,DET,0,0,0,0,0,0,0,0,7,111,1,7,0,0,0,0,0,0,0,0,0,0,,,,,
Eli Manning,QB,NYG,4,MIN,261,0,45,25,1,0,0,0,0,0,0,0,0,0,0,0,0,0,0,0,0,0,,,,,
Emmanuel Sanders,WR,DEN,4,TB,0,0,0,0,0,0,0,0,8,88,1,13,0,0,0,0,0,0,0,0,0,0,,,,,
Eric Ebron,TE,DET,4,CHI,0,0,0,0,0,0,0,0,4,42,0,5,0,0,0,0,0,0,0,0,0,0,,,,,
Eric Weems,WR,ATL,4,CAR,0,0,0,0,0,0,0,0,0,0,0,0,0,0,0,0,0,0,0,0,0,0,,,,,
Erik Swoope,TE,IND,4,JAX,0,0,0,0,0,0,0,0,0,0,0,0,0,0,0,0,0,0,0,0,0,0,,,,,
Ezekiel Elliott,RB,DAL,4,SF,0,0,0,0,0,138,1,23,1,19,0,1,0,0,0,0,0,0,0,0,0,0,,,,,
Fozzy Whittaker,RB,CAR,4,ATL,0,0,0,0,0,6,0,3,9,86,0,9,0,0,0,0,0,0,0,0,0,0,,,,,
Frank Gore,RB,IND,4,JAX,0,0,0,0,0,68,1,16,5,27,0,6,0,0,0,0,0,0,0,0,0,0,,,,,
Freddie Martino,WR,TB,4,DEN,0,0,0,0,0,0,0,0,0,0,0,1,0,0,0,0,0,0,0,0,0,0,,,,,
Garrett Celek,TE,SF,4,DAL,0,0,0,0,0,0,0,0,5,79,0,5,0,0,0,0,0,0,0,0,0,0,,,,,
Gary Barnidge,TE,CLE,4,WAS,0,0,0,0,0,0,0,0,7,57,0,7,0,0,0,0,0,0,0,0,0,0,,,,,
Geoff Swaim,TE,DAL,4,SF,0,0,0,0,0,0,0,0,0,0,0,0,0,0,0,0,0,0,0,0,0,0,,,,,
George Atkinson,RB,CLE,4,WAS,0,0,0,0,0,0,0,0,0,0,0,0,0,0,0,0,0,0,0,0,0,0,,,,,
Giovani Bernard,RB,CIN,4,MIA,0,0,0,0,0,18,0,10,3,24,0,4,0,0,0,0,0,0,0,0,0,0,,,,,
Golden Tate,WR,DET,4,CHI,0,0,0,0,0,0,0,0,1,1,0,4,0,0,1,0,0,0,0,0,0,0,,,,,
Graham Gano,K,CAR,4,ATL,0,0,0,0,0,0,0,0,0,0,0,0,0,0,0,0,0,0,0,1,0,2,,,,,
Greg Olsen,TE,CAR,4,ATL,0,0,0,0,0,0,0,0,6,76,1,13,0,0,1,0,0,0,0,0,0,0,,,,,
Greg Zuerlein,K,LA,4,ARI,0,0,0,0,0,0,0,0,0,0,0,0,0,0,0,0,1,0,0,0,0,2,,,,,
HOU,DEF,HOU,4,TEN,,,,,,,,,,,,,,,,,,,,,,,0,0,0,0,20.0
Hunter Henry,TE,LAC,4,NO,0,0,0,0,0,0,0,0,4,61,1,7,0,0,0,0,0,0,0,0,0,0,,,,,
IND,DEF,IND,4,JAX,,,,,,,,,,,,,,,,,,,,,,,0,0,0,0,30.0
Ifeanyi Momah,TE,ARI,4,LA,0,0,0,0,0,0,0,0,0,0,0,0,0,0,0,0,0,0,0,0,0,0,,,,,
Isaiah Crowell,RB,CLE,4,WAS,0,0,0,0,0,120,1,16,3,22,0,4,0,0,0,0,0,0,0,0,0,0,,,,,
Isaiah Pead,RB,MIA,4,CIN,0,0,0,0,0,5,0,3,1,6,0,1,0,0,0,0,0,0,0,0,0,0,,,,,
J.J. Nelson,WR,ARI,4,LA,0,0,0,0,0,0,0,0,1,24,0,1,0,0,0,0,0,0,0,0,0,0,,,,,
JAX,DEF,JAX,4,IND,,,,,,,,,,,,,,,,,,,,,,,0,0,0,0,27.0
Jack Doyle,TE,IND,4,JAX,0,0,0,0,0,0,0,0,1,6,0,1,0,0,0,0,0,0,0,0,0,0,,,,,
Jacob Tamme,TE,ATL,4,CAR,0,0,0,0,0,0,0,0,2,3,1,2,0,0,0,0,0,0,0,0,0,0,,,,,
Jacoby Brissett,QB,NE,4,BUF,205,0,27,17,0,23,0,4,0,0,0,0,0,0,0,0,0,0,0,0,0,0,,,,,
Jacquizz Rodgers,RB,TB,4,DEN,0,0,0,0,0,25,0,6,1,4,0,2,0,0,0,0,0,0,0,0,0,0,,,,,
Jaelen Strong,WR,HOU,4,TEN,0,0,0,0,0,0,0,0,5,31,0,6,0,0,0,0,0,0,0,0,0,0,,,,,
Jakeem Grant,WR,MIA,4,CIN,0,0,0,0,0,0,0,0,0,0,0,0,0,0,0,0,0,0,0,0,0,0,,,,,
Jalen Richard,RB,LV,4,BAL,0,0,0,0,0,15,0,2,1,5,0,3,0,0,0,0,0,0,0,0,0,0,,,,,
Jamaal Charles,RB,KC,4,PIT,0,0,0,0,0,7,0,2,0,0,0,1,0,0,0,0,0,0,0,0,0,0,,,,,
Jameis Winston,QB,TB,4,DEN,179,0,35,17,2,19,1,5,0,0,0,0,0,0,0,0,0,0,0,0,0,0,,,,,
James White,RB,NE,4,BUF,0,0,0,0,0,12,0,4,5,50,0,5,0,0,0,0,0,0,0,0,0,0,,,,,
Jamison Crowder,WR,WAS,4,CLE,0,0,0,0,0,0,0,0,2,21,0,3,0,0,0,0,0,0,0,0,0,0,,,,,
Jamize Olawale,RB,LV,4,BAL,0,0,0,0,0,0,0,1,0,0,0,0,0,0,0,0,0,0,0,0,0,0,,,,,
Jaron Brown,WR,ARI,4,LA,0,0,0,0,0,0,0,0,1,7,0,5,0,0,0,0,0,0,0,0,0,0,,,,,
Jarvis Landry,WR,MIA,4,CIN,0,0,0,0,0,0,0,0,7,61,0,10,0,0,0,0,0,0,0,0,0,0,,,,,
Jason Myers,K,JAX,4,IND,0,0,0,0,0,0,0,0,0,0,0,0,0,0,0,0,1,0,2,0,0,3,,,,,
Jason Witten,TE,DAL,4,SF,0,0,0,0,0,0,0,0,7,47,0,9,0,0,0,0,0,0,0,0,0,0,,,,,
Javorius Allen,RB,BAL,4,LV,0,0,0,0,0,13,0,3,2,15,0,3,0,0,0,0,0,0,0,0,0,0,,,,,
Jay Ajayi,RB,MIA,4,CIN,0,0,0,0,0,33,0,6,2,13,0,2,0,0,0,0,0,0,0,0,0,0,,,,,
Jeff Heuerman,TE,DEN,4,TB,0,0,0,0,0,0,0,0,1,19,0,1,0,0,0,0,0,0,0,0,0,0,,,,,
Jeremy Hill,RB,CIN,4,MIA,0,0,0,0,0,71,0,21,0,0,0,1,0,0,0,0,0,0,0,0,0,0,,,,,
Jeremy Kerley,WR,SF,4,DAL,0,0,0,0,0,0,0,0,6,88,1,9,0,0,0,0,0,0,0,0,0,0,,,,,
Jeremy Maclin,WR,KC,4,PIT,0,0,0,0,0,0,0,0,5,78,0,8,0,0,0,0,0,0,0,0,0,0,,,,,
Jeremy Ross,WR,NYJ,4,SEA,0,0,0,0,0,0,0,0,0,0,0,0,0,0,0,0,0,0,0,0,0,0,,,,,
Jerick McKinnon,RB,MIN,4,NYG,0,0,0,0,0,85,1,18,3,10,0,5,0,0,0,0,0,0,0,0,0,0,,,,,
Jermaine Gresham,TE,ARI,4,LA,0,0,0,0,0,0,0,0,0,0,0,1,0,0,0,0,0,0,0,0,0,0,,,,,
Jermaine Kearse,WR,SEA,4,NYJ,0,0,0,0,0,0,0,0,3,23,0,3,0,0,0,0,0,0,0,0,0,0,,,,,
Jesse James,TE,PIT,4,KC,0,0,0,0,0,0,0,0,2,15,1,2,0,0,0,0,0,0,0,0,0,0,,,,,
Jimmy Graham,TE,SEA,4,NYJ,0,0,0,0,0,0,0,0,6,113,0,8,0,0,0,0,0,0,0,0,0,0,,,,,
Joe Flacco,QB,BAL,4,LV,298,1,52,32,0,1,1,1,0,0,0,0,0,0,1,0,0,0,0,0,0,0,,,,,
Joe Webb,QB,CAR,4,ATL,0,0,0,0,0,0,0,0,1,3,0,1,0,0,0,0,0,0,0,0,0,0,,,,,
John Brown,WR,ARI,4,LA,0,0,0,0,0,0,0,0,10,144,0,16,0,0,0,0,0,0,0,0,0,0,,,,,
Joique Bell,RB,CHI,4,DET,0,0,0,0,0,6,0,3,0,0,0,0,0,0,0,0,0,0,0,0,0,0,,,,,
Jordan Howard,RB,CHI,4,DET,0,0,0,0,0,111,0,23,3,21,0,4,0,0,0,0,0,0,0,0,0,0,,,,,
Jordan Norwood,WR,DEN,4,TB,0,0,0,0,0,0,0,0,2,25,0,2,0,0,0,0,0,0,0,0,0,0,,,,,
Jordan Reed,TE,WAS,4,CLE,0,0,0,0,0,0,0,0,9,73,2,10,0,0,0,0,0,0,0,0,0,0,,,,,
Jordan Taylor,WR,DEN,4,TB,0,0,0,0,0,0,0,0,1,9,0,1,0,0,0,0,0,0,0,0,0,0,,,,,
Jordan Todman,RB,IND,4,JAX,0,0,0,0,0,0,0,0,0,0,0,0,0,0,0,0,0,0,0,0,0,0,,,,,
Josh Brown,K,NYG,4,MIN,0,0,0,0,0,0,0,0,0,0,0,0,0,0,0,0,0,0,1,0,0,1,,,,,
Josh Ferguson,RB,IND,4,JAX,0,0,0,0,0,-2,0,3,7,33,0,10,0,0,0,0,0,0,0,0,0,0,,,,,
Josh Lambo,K,LAC,4,NO,0,0,0,0,0,0,0,0,0,0,0,0,0,0,0,0,0,1,1,0,0,4,,,,,
Julian Edelman,WR,NE,4,BUF,0,0,0,0,0,1,0,1,1,16,0,4,0,0,0,0,0,0,0,0,0,0,,,,,
Julio Jones,WR,ATL,4,CAR,0,0,0,0,0,0,0,0,12,300,1,15,0,0,0,0,0,0,0,0,0,0,,,,,
Justin Hardy,WR,ATL,4,CAR,0,0,0,0,0,0,0,0,0,0,0,0,0,0,0,0,0,0,0,0,0,0,,,,,
Justin Tucker,K,BAL,4,LV,0,0,0,0,0,0,0,0,0,0,0,0,0,0,0,0,1,0,1,0,0,1,,,,,
KC,DEF,KC,4,PIT,,,,,,,,,,,,,,,,,,,,,,,0,0,0,0,43.0
Kamar Aiken,WR,BAL,4,LV,0,0,0,0,0,0,0,0,3,9,0,4,0,0,0,0,0,0,0,0,0,0,,,,,
Kapri Bibbs,RB,DEN,4,TB,0,0,0,0,0,14,0,3,0,0,0,0,0,0,0,0,0,0,0,0,0,0,,,,,
Keith Mumphery,WR,HOU,4,TEN,0,0,0,0,0,0,0,0,0,0,0,0,0,0,0,0,0,0,0,0,0,0,,,,,
Kellen Davis,TE,NYJ,4,SEA,0,0,0,0,0,0,0,0,0,0,0,0,0,0,0,0,0,0,0,0,0,0,,,,,
Kelvin Benjamin,WR,CAR,4,ATL,0,0,0,0,0,0,0,0,3,39,1,7,0,0,0,0,0,0,0,0,0,0,,,,,
Kendall Wright,WR,TEN,4,HOU,0,0,0,0,0,0,0,0,2,14,0,3,0,0,0,0,0,0,0,0,0,0,,,,,
Kenny Britt,WR,LA,4,ARI,0,0,0,0,0,0,0,0,4,82,0,4,0,0,0,0,0,0,0,0,0,0,,,,,
Kenny Stills,WR,MIA,4,CIN,0,0,0,0,0,0,0,0,1,74,1,3,0,0,0,0,0,0,0,0,0,0,,,,,
Kenyan Drake,RB,MIA,4,CIN,0,0,0,0,0,15,0,2,0,0,0,0,0,0,0,0,0,0,0,0,0,0,,,,,
Kevin White,WR,CHI,4,DET,0,0,0,0,0,0,0,0,6,55,0,9,0,0,0,0,0,0,0,0,0,0,,,,,
Khari Lee,TE,DET,4,CHI,0,0,0,0,0,0,0,0,0,0,0,1,0,0,0,0,0,0,0,0,0,0,,,,,
Kirk Cousins,QB,WAS,4,CLE,183,3,27,21,1,0,0,0,0,0,0,0,0,0,0,0,0,0,0,0,0,0,,,,,
Knile Davis,RB,KC,4,PIT,0,0,0,0,0,-2,0,1,2,14,0,3,0,0,0,0,0,0,0,0,0,0,,,,,
Kyle Juszczyk,RB,BAL,4,LV,0,0,0,0,0,0,0,0,6,56,0,7,0,0,0,0,0,0,0,0,0,0,,,,,
Kyle Rudolph,TE,MIN,4,NYG,0,0,0,0,0,0,0,0,5,55,1,7,0,0,0,0,0,0,0,0,0,0,,,,,
LA,DEF,LA,4,ARI,,,,,,,,,,,,,,,,,,,,,,,0,0,0,0,13.0
LAC,DEF,LAC,4,NO,,,,,,,,,,,,,,,,,,,,,,,0,0,0,0,0.0
LV,DEF,LV,4,BAL,,,,,,,,,,,,,,,,,,,,,,,0,0,0,0,0.0
Lamar Miller,RB,HOU,4,TEN,0,0,0,0,0,82,0,19,3,26,0,3,0,0,0,0,0,0,0,0,0,0,,,,,
Lance Dunbar,RB,DAL,4,SF,0,0,0,0,0,2,0,1,2,14,0,2,0,0,0,0,0,0,0,0,0,0,,,,,
Lance Kendricks,TE,LA,4,ARI,0,0,0,0,0,0,0,0,5,52,0,7,0,0,0,0,0,0,0,0,0,0,,,,,
Landry Jones,QB,PIT,4,KC,0,0,0,0,0,0,0,2,0,0,0,0,0,0,0,0,0,0,0,0,0,0,,,,,
Laquon Treadwell,WR,MIN,4,NYG,0,0,0,0,0,0,0,0,0,0,0,0,0,0,0,0,0,0,0,0,0,0,,,,,
Larry Fitzgerald,WR,ARI,4,LA,0,0,0,0,0,1,0,1,5,62,0,7,0,0,0,0,0,0,0,0,0,0,,,,,
Latavius Murray,RB,LV,4,BAL,0,0,0,0,0,19,0,8,2,5,0,2,0,0,0,0,0,0,0,0,0,0,,,,,
Le'Veon Bell,RB,PIT,4,KC,0,0,0,0,0,144,0,18,5,34,0,6,0,0,0,0,0,0,0,0,0,0,,,,,
LeGarrette Blount,RB,NE,4,BUF,0,0,0,0,0,54,0,13,3,4,0,3,0,0,0,0,0,0,0,0,0,0,,,,,
LeSean McCoy,RB,BUF,4,NE,0,0,0,0,0,70,0,19,6,38,1,6,0,0,0,0,0,0,0,0,0,0,,,,,
Lee Smith,TE,LV,4,BAL,0,0,0,0,0,0,0,0,1,1,0,1,0,0,0,0,0,0,0,0,0,0,,,,,
Leonte Carroo,WR,MIA,4,CIN,0,0,0,0,0,0,0,0,0,0,0,1,0,0,0,0,0,0,0,0,0,0,,,,,
Levine Toilolo,TE,ATL,4,CAR,0,0,0,0,0,0,0,0,0,0,0,1,0,0,0,0,0,0,0,0,0,0,,,,,
Logan Paulsen,TE,CHI,4,DET,0,0,0,0,0,0,0,0,2,10,0,3,0,0,0,0,0,0,0,0,0,0,,,,,
Lucky Whitehead,WR,DAL,4,SF,0,0,0,0,0,8,0,1,0,0,0,0,0,0,0,0,0,0,0,0,0,0,,,,,
Luke Willson,TE,SEA,4,NYJ,0,0,0,0,0,0,0,0,0,0,0,3,0,0,0,0,0,0,0,0,0,0,,,,,
MIA,DEF,MIA,4,CIN,,,,,,,,,,,,,,,,,,,,,,,0,0,0,0,22.0
MIN,DEF,MIN,4,NYG,,,,,,,,,,,,,,,,,,,,,,,0,0,0,0,10.0
Malcolm Brown,RB,LA,4,ARI,0,0,0,0,0,0,0,0,0,0,0,0,0,0,0,0,0,0,0,0,0,0,,,,,
Malcolm Johnson,RB,CLE,4,WAS,0,0,0,0,0,2,0,1,1,11,0,1,0,0,0,0,0,0,0,0,0,0,,,,,
MarQueis Gray,TE,MIA,4,CIN,0,0,0,0,0,0,0,0,0,0,0,1,0,0,0,0,0,0,0,0,0,0,,,,,
Marc Mariani,WR,TEN,4,HOU,0,0,0,0,0,0,0,0,0,0,0,0,0,0,0,0,0,0,0,0,0,0,,,,,
Marcedes Lewis,TE,JAX,4,IND,0,0,0,0,0,0,0,0,1,12,0,2,0,0,0,0,0,0,0,0,0,0,,,,,
Marcus Mariota,QB,TEN,4,HOU,202,0,29,13,1,20,0,4,0,0,0,0,0,0,0,0,0,0,0,0,0,0,,,,,
Mark Ingram,RB,NO,4,LAC,0,0,0,0,0,56,1,18,6,49,0,7,0,0,0,0,0,0,0,0,0,0,,,,,
Markus Wheaton,WR,PIT,4,KC,0,0,0,0,0,0,0,0,1,30,1,1,0,0,1,0,0,0,0,0,0,0,,,,,
Marqise Lee,WR,JAX,4,IND,0,0,0,0,0,0,0,0,4,28,0,6,0,0,0,0,0,0,0,0,0,0,,,,,
Marquise Goodwin,WR,BUF,4,NE,0,0,0,0,0,0,0,0,1,12,0,5,0,0,0,0,0,0,0,0,0,0,,,,,
Martellus Bennett,TE,NE,4,BUF,0,0,0,0,0,0,0,0,5,109,0,6,0,0,0,0,0,0,0,0,0,0,,,,,
Marvin Jones,WR,DET,4,CHI,0,0,0,0,0,0,0,0,5,74,0,7,0,0,0,0,0,0,0,0,0,0,,,,,
Matt Asiata,RB,MIN,4,NYG,0,0,0,0,0,6,1,6,2,12,0,2,0,0,0,0,0,0,0,0,0,0,,,,,
Matt Bryant,K,ATL,4,CAR,0,0,0,0,0,0,0,0,0,0,0,0,0,0,0,0,1,0,0,1,0,6,,,,,
Matt Forte,RB,NYJ,4,SEA,0,0,0,0,0,27,0,14,2,16,0,3,0,0,0,0,0,0,0,0,0,0,,,,,
Matt Jones,RB,WAS,4,CLE,0,0,0,0,0,117,1,22,2,21,0,2,0,0,0,0,0,0,0,0,0,0,,,,,
Matt Prater,K,DET,4,CHI,0,0,0,0,0,0,0,0,0,0,0,0,0,0,0,0,1,0,0,1,0,0,,,,,
Matt Ryan,QB,ATL,4,CAR,503,4,37,28,1,14,0,4,0,0,0,0,0,0,0,0,0,0,0,0,0,0,,,,,
Matthew Slater,WR,NE,4,BUF,0,0,0,0,0,0,0,0,0,0,0,0,0,0,0,0,0,0,0,0,0,0,,,,,
Matthew Stafford,QB,DET,4,CHI,213,0,36,23,2,17,0,2,0,0,0,0,0,0,1,0,0,0,0,0,0,0,,,,,
Maxx Williams,TE,BAL,4,LV,0,0,0,0,0,0,0,0,0,0,0,0,0,0,0,0,0,0,0,0,0,0,,,,,
Melvin Gordon,RB,LAC,4,NO,0,0,0,0,0,36,2,19,6,43,0,7,0,0,0,0,0,0,0,0,0,0,,,,,
Michael Crabtree,WR,LV,4,BAL,0,0,0,0,0,0,0,0,7,88,3,12,0,0,0,0,0,0,0,0,0,0,,,,,
Michael Floyd,WR,ARI,4,LA,0,0,0,0,0,0,0,0,3,36,1,7,0,0,0,0,0,0,0,0,0,0,,,,,
Michael Thomas,WR,NO,4,LAC,0,0,0,0,0,0,0,0,4,44,1,9,0,0,0,0,0,0,0,0,0,0,,,,,
Mike Davis,RB,SF,4,DAL,0,0,0,0,0,0,0,0,0,0,0,0,0,0,0,0,0,0,0,0,0,0,,,,,
Mike Evans,WR,TB,4,DEN,0,0,0,0,0,0,0,0,5,59,0,11,0,0,0,0,0,0,0,0,0,0,,,,,
Mike Gillislee,RB,BUF,4,NE,0,0,0,0,0,30,0,6,1,13,0,2,0,0,0,0,0,0,0,0,0,0,,,,,
Mike Nugent,K,CIN,4,MIA,0,0,0,0,0,0,0,0,0,0,0,0,0,0,0,0,2,0,3,0,0,1,,,,,
Mike Wallace,WR,BAL,4,LV,0,0,0,0,0,3,0,1,4,44,0,9,0,0,1,0,0,0,0,0,0,0,,,,,
Mohamed Sanu,WR,ATL,4,CAR,0,0,0,0,0,0,0,0,2,22,0,3,0,0,0,0,0,0,0,0,0,0,,,,,
MyCole Pruitt,TE,MIN,4,NYG,0,0,0,0,0,0,0,0,1,7,0,1,0,0,0,0,0,0,0,0,0,0,,,,,
Mychal Rivera,TE,LV,4,BAL,0,0,0,0,0,0,0,0,1,1,0,1,0,0,0,0,0,0,0,0,0,0,,,,,
NE,DEF,NE,4,BUF,,,,,,,,,,,,,,,,,,,,,,,0,0,0,0,16.0
NO,DEF,NO,4,LAC,,,,,,,,,,,,,,,,,,,,,,,0,0,0,0,34.0
NYG,DEF,NYG,4,MIN,,,,,,,,,,,,,,,,,,,,,,,0,0,0,0,24.0
NYJ,DEF,NYJ,4,SEA,,,,,,,,,,,,,,,,,,,,,,,0,0,0,0,27.0
Neal Sterling,TE,JAX,4,IND,0,0,0,0,0,0,0,0,1,10,0,1,0,0,0,0,0,0,0,0,0,0,,,,,
Nick Folk,K,NYJ,4,SEA,0,0,0,0,0,0,0,0,0,0,0,0,0,0,0,0,0,1,0,0,0,2,,,,,
Nick Novak,K,HOU,4,TEN,0,0,0,0,0,0,0,0,0,0,0,0,0,0,0,0,0,0,1,1,0,3,,,,,
Nick O'Leary,TE,BUF,4,NE,0,0,0,0,0,0,0,0,2,20,0,2,0,0,0,0,0,0,0,0,0,0,,,,,
Niles Paul,TE,WAS,4,CLE,0,0,0,0,0,0,0,0,0,0,0,0,0,0,0,0,0,0,0,0,0,0,,,,,
Odell Beckham Jr.,WR,NYG,4,MIN,0,0,0,0,0,0,0,0,3,23,0,9,0,0,0,0,0,0,0,0,0,0,,,,,
Orleans Darkwa,RB,NYG,4,MIN,0,0,0,0,0,48,1,12,0,0,0,2,0,0,0,0,0,0,0,0,0,0,,,,,
Orson Charles,TE,DET,4,CHI,0,0,0,0,0,0,0,0,0,0,0,0,0,0,0,0,0,0,0,0,0,0,,,,,
PIT,DEF,PIT,4,KC,,,,,,,,,,,,,,,,,,,,,,,0,0,0,0,14.0
Patrick DiMarco,RB,ATL,4,CAR,0,0,0,0,0,0,0,0,1,18,0,2,0,0,0,0,0,0,0,0,0,0,,,,,
Paul Perkins,RB,NYG,4,MIN,0,0,0,0,0,8,0,2,2,72,0,3,0,0,0,0,0,0,0,0,0,0,,,,,
Paul Richardson,WR,SEA,4,NYJ,0,0,0,0,0,0,0,0,1,27,0,1,0,0,0,0,0,0,0,0,0,0,,,,,
Paxton Lynch,QB,DEN,4,TB,170,1,24,14,0,-4,0,3,0,0,0,0,0,0,0,0,0,0,0,0,0,0,,,,,
Phil Dawson,K,SF,4,DAL,0,0,0,0,0,0,0,0,0,0,0,0,0,0,0,0,0,1,0,0,0,2,,,,,
Philip Rivers,QB,LAC,4,NO,321,2,43,28,1,0,0,1,0,0,0,0,0,0,0,0,0,0,0,0,0,0,,,,,
Phillip Dorsett,WR,IND,4,JAX,0,0,0,0,0,3,0,1,1,64,1,3,0,0,0,0,0,0,0,0,0,0,,,,,
Pierre Garcon,WR,WAS,4,CLE,0,0,0,0,0,0,0,0,4,39,0,5,0,0,0,0,0,0,0,0,0,0,,,,,
Quan Bray,WR,IND,4,JAX,0,0,0,0,0,0,0,0,0,0,0,0,0,0,0,0,0,0,0,0,0,0,,,,,
Quincy Enunwa,WR,NYJ,4,SEA,0,0,0,0,0,0,0,0,6,60,0,7,0,0,0,0,0,0,0,0,0,0,,,,,
Quinton Patton,WR,SF,4,DAL,0,0,0,0,0,0,0,0,1,13,0,3,0,0,0,0,0,0,0,0,0,0,,,,,
Randall Telfer,TE,CLE,4,WAS,0,0,0,0,0,0,0,0,0,0,0,1,0,0,0,0,0,0,0,0,0,0,,,,,
Rashad Greene,WR,JAX,4,IND,0,0,0,0,0,0,0,0,1,8,0,1,0,0,0,0,0,0,0,0,0,0,,,,,
Rhett Ellison,TE,MIN,4,NYG,0,0,0,0,0,0,0,0,1,2,0,1,0,0,0,0,0,0,0,0,0,0,,,,,
Ricardo Louis,WR,CLE,4,WAS,0,0,0,0,0,0,0,0,3,28,0,5,0,0,0,0,0,0,0,0,0,0,,,,,
Rishard Matthews,WR,TEN,4,HOU,0,0,0,0,0,0,0,0,2,82,0,2,0,0,0,0,0,0,0,0,0,0,,,,,
Rob Gronkowski,TE,NE,4,BUF,0,0,0,0,0,0,0,0,1,11,0,2,0,0,0,0,0,0,0,0,0,0,,,,,
Rob Kelley,RB,WAS,4,CLE,0,0,0,0,0,4,0,1,0,0,0,0,0,0,0,0,0,0,0,0,0,0,,,,,
Robbie Chosen,WR,NYJ,4,SEA,0,0,0,0,0,0,0,0,2,12,0,6,0,0,0,0,0,0,0,0,0,0,,,,,
Robert Turbin,RB,IND,4,JAX,0,0,0,0,0,2,0,1,2,3,0,3,0,0,0,0,0,0,0,0,0,0,,,,,
Robert Woods,WR,BUF,4,NE,0,0,0,0,0,0,0,0,7,89,0,10,0,0,0,0,0,0,0,0,0,0,,,,,
Roberto Aguayo,K,TB,4,DEN,0,0,0,0,0,0,0,0,0,0,0,0,0,0,0,0,0,0,0,0,0,1,,,,,
Ross Travis,TE,KC,4,PIT,0,0,0,0,0,0,0,0,0,0,0,1,0,0,0,0,0,0,0,0,0,0,,,,,
Russell Wilson,QB,SEA,4,NYJ,309,3,32,23,0,-5,0,5,0,0,0,0,0,0,0,0,0,0,0,0,0,0,,,,,
Ryan Fitzpatrick,QB,NYJ,4,SEA,261,1,41,23,3,5,0,2,0,0,0,0,0,0,0,0,0,0,0,0,0,0,,,,,
Ryan Griffin,TE,HOU,4,TEN,0,0,0,0,0,0,0,0,3,54,0,5,0,0,0,0,0,0,0,0,0,0,,,,,
Ryan Succop,K,TEN,4,HOU,0,0,0,0,0,0,0,0,0,0,0,0,0,0,0,0,1,0,1,0,0,2,,,,,
Ryan Tannehill,QB,MIA,4,CIN,189,1,25,15,1,0,0,0,0,0,0,0,0,0,0,0,0,0,0,0,0,0,,,,,
SEA,DEF,SEA,4,NYJ,,,,,,,,,,,,,,,,,,,,,,,0,0,0,0,17.0
SF,DEF,SF,4,DAL,,,,,,,,,,,,,,,,,,,,,,,0,0,0,0,24.0
Sam Bradford,QB,MIN,4,NYG,262,1,36,26,0,6,0,4,0,0,0,0,0,0,0,0,0,0,0,0,0,0,,,,,
Sammie Coates,WR,PIT,4,KC,0,0,0,0,0,-1,0,1,6,79,0,8,0,0,0,0,0,0,0,0,0,0,,,,,
Sebastian Janikowski,K,LV,4,BAL,0,0,0,0,0,0,0,0,0,0,0,0,0,0,0,0,0,0,0,0,0,4,,,,,
Seth Roberts,WR,LV,4,BAL,0,0,0,0,0,0,0,0,3,12,1,3,0,0,0,0,0,0,0,0,0,0,,,,,
Shaun Draughn,RB,SF,4,DAL,0,0,0,0,0,5,0,2,1,3,0,1,0,0,0,0,0,0,0,0,0,0,,,,,
Spencer Ware,RB,KC,4,PIT,0,0,0,0,0,82,0,13,1,14,0,5,0,0,0,0,0,0,0,0,0,0,,,,,
Stefon Diggs,WR,MIN,4,NYG,0,0,0,0,0,-1,0,1,5,47,0,7,0,0,0,0,0,0,0,0,0,0,,,,,
Stephen Gostkowski,K,NE,4,BUF,0,0,0,0,0,0,0,0,0,0,0,0,0,0,0,0,0,0,0,0,0,0,,,,,
Sterling Shepard,WR,NYG,4,MIN,0,0,0,0,0,0,0,0,4,30,0,7,0,0,0,0,0,0,0,0,0,0,,,,,
Steve Smith,WR,BAL,4,LV,0,0,0,0,0,0,0,0,8,111,1,11,0,0,0,0,0,0,0,0,0,0,,,,,
Steven Hauschka,K,SEA,4,NYJ,0,0,0,0,0,0,0,0,0,0,0,0,0,0,0,0,0,1,0,1,0,3,,,,,
T.J. Yeldon,RB,JAX,4,IND,0,0,0,0,0,71,0,14,4,46,0,5,0,0,0,0,0,0,0,0,0,0,,,,,
T.Y. Hilton,WR,IND,4,JAX,0,0,0,0,0,0,0,0,7,42,1,10,0,0,0,0,0,0,0,0,0,0,,,,,
TB,DEF,TB,4,DEN,,,,,,,,,,,,,,,,,,,,,,,0,0,0,0,27.0
TEN,DEF,TEN,4,HOU,,,,,,,,,,,,,,,,,,,,,,,0,0,0,0,27.0
Tajae Sharpe,WR,TEN,4,HOU,0,0,0,0,0,0,0,0,2,15,0,7,0,0,0,0,0,0,0,0,0,0,,,,,
Tanner McEvoy,WR,SEA,4,NYJ,0,0,0,0,0,0,0,0,1,42,1,1,0,0,0,0,0,0,0,0,0,0,,,,,
Tavon Austin,WR,LA,4,ARI,0,0,0,0,0,-6,0,1,2,14,0,6,0,0,0,0,0,0,0,0,0,0,,,,,
Taylor Gabriel,WR,ATL,4,CAR,0,0,0,0,0,0,0,0,3,49,0,3,0,0,0,0,0,0,0,0,0,0,,,,,
Ted Ginn,WR,CAR,4,ATL,0,0,0,0,0,0,0,0,2,14,0,5,0,0,0,0,0,0,0,0,0,0,,,,,
Temarrick Hemingway,TE,LA,4,ARI,0,0,0,0,0,0,0,0,0,0,0,0,0,0,0,0,0,0,0,0,0,0,,,,,
Terrance West,RB,BAL,4,LV,0,0,0,0,0,113,1,21,0,0,0,0,0,0,0,0,0,0,0,0,0,0,,,,,
Terrance Williams,WR,DAL,4,SF,0,0,0,0,0,0,0,0,4,44,1,6,0,0,0,0,0,0,0,0,0,0,,,,,
Terrelle Pryor,WR,CLE,4,WAS,0,0,0,0,0,-6,0,1,5,46,1,9,0,0,0,0,0,0,0,0,0,0,,,,,
Tevin Coleman,RB,ATL,4,CAR,0,0,0,0,0,19,0,8,3,14,0,4,0,0,0,0,0,0,0,0,0,0,,,,,
Theo Riddick,RB,DET,4,CHI,0,0,0,0,0,31,0,11,4,27,0,7,0,0,0,0,0,0,0,0,0,0,,,,,
Tim Hightower,RB,NO,4,LAC,0,0,0,0,0,11,0,4,0,0,0,0,0,0,0,0,0,0,0,0,0,0,,,,,
Todd Gurley,RB,LA,4,ARI,0,0,0,0,0,33,0,19,5,49,0,5,0,0,0,0,0,0,0,0,0,0,,,,,
Tommylee Lewis,WR,NO,4,LAC,0,0,0,0,0,3,0,1,1,10,0,1,0,0,0,0,0,0,0,0,0,0,,,,,
Torrey Smith,WR,SF,4,DAL,0,0,0,0,0,0,0,0,1,3,0,2,0,0,0,0,0,0,0,0,0,0,,,,,
Travaris Cadet,RB,NO,4,LAC,0,0,0,0,0,0,0,0,0,0,0,0,0,0,0,0,0,0,0,0,0,0,,,,,
Travis Benjamin,WR,LAC,4,NO,0,0,0,0,0,0,0,0,4,48,0,7,0,0,0,0,0,0,0,0,0,0,,,,,
Travis Kelce,TE,KC,4,PIT,0,0,0,0,0,0,0,0,5,23,1,8,0,0,0,0,0,0,0,0,0,0,,,,,
Trevor Siemian,QB,DEN,4,TB,68,1,7,5,0,0,0,0,0,0,0,0,0,0,0,0,0,0,0,0,0,0,,,,,
Tyler Boyd,WR,CIN,4,MIA,0,0,0,0,0,0,0,0,1,10,0,3,0,0,0,0,0,0,0,0,0,0,,,,,
Tyler Ervin,RB,HOU,4,TEN,0,0,0,0,0,0,0,0,0,0,0,0,0,0,0,0,0,0,0,0,0,0,,,,,
Tyler Higbee,TE,LA,4,ARI,0,0,0,0,0,0,0,0,0,0,0,1,0,0,0,0,0,0,0,0,0,0,,,,,
Tyler Lockett,WR,SEA,4,NYJ,0,0,0,0,0,0,0,0,1,13,0,3,0,0,0,0,0,0,0,0,0,0,,,,,
Tyreek Hill,WR,KC,4,PIT,0,0,0,0,0,-2,0,1,5,24,1,7,0,0,0,0,0,0,0,0,0,0,,,,,
Tyrell Williams,WR,LAC,4,NO,0,0,0,0,0,0,0,0,5,40,0,8,0,0,0,0,0,0,0,0,0,0,,,,,
Tyrod Taylor,QB,BUF,4,NE,246,1,39,27,0,28,0,5,0,0,0,0,0,0,0,0,0,0,0,0,0,0,,,,,
Vernon Davis,TE,WAS,4,CLE,0,0,0,0,0,0,0,0,1,8,0,1,0,0,0,0,0,0,0,0,0,0,,,,,
Victor Cruz,WR,NYG,4,MIN,0,0,0,0,0,0,0,0,5,50,0,9,0,0,0,0,0,0,0,0,0,0,,,,,
Vincent Jackson,WR,TB,4,DEN,0,0,0,0,0,0,0,0,3,38,0,5,0,0,0,0,0,0,0,0,0,0,,,,,
WAS,DEF,WAS,4,CLE,,,,,,,,,,,,,,,,,,,,,,,0,0,0,0,20.0
Walt Powell,WR,BUF,4,NE,0,0,0,0,0,0,0,0,4,22,0,5,0,0,0,0,0,0,0,0,0,0,,,,,
Wil Lutz,K,NO,4,LAC,0,0,0,0,0,0,0,0,0,0,0,0,0,0,0,0,0,0,0,0,0,5,,,,,
Will Fuller,WR,HOU,4,TEN,0,0,0,0,0,0,0,0,7,81,1,9,1,0,0,0,0,0,0,0,0,0,,,,,
Will Tye,TE,NYG,4,MIN,0,0,0,0,0,0,0,0,4,43,0,6,0,0,0,0,0,0,0,0,0,0,,,,,
Willie Snead,WR,NO,4,LAC,0,0,0,0,0,0,0,0,1,23,0,1,0,0,0,0,0,0,0,0,0,0,,,,,
Xavier Grimble,TE,PIT,4,KC,0,0,0,0,0,0,0,0,1,19,0,2,0,0,0,0,0,0,0,0,0,0,,,,,
Zach Miller,TE,CHI,4,DET,0,0,0,0,0,0,0,0,3,31,1,3,0,0,0,0,0,0,0,0,0,0,,,,,
Zach Zenner,RB,DET,4,CHI,0,0,0,0,0,12,0,3,1,22,0,1,0,0,0,0,0,0,0,0,0,0,,,,,
A.J. Green,WR,CIN,5,DAL,0,0,0,0,0,0,0,0,4,50,0,8,0,0,0,0,0,0,0,0,0,0,,,,,
ARI,DEF,ARI,5,SF,,,,,,,,,,,,,,,,,,,,,,,0,1,0,0,21.0
ATL,DEF,ATL,5,DEN,,,,,,,,,,,,,,,,,,,,,,,0,0,0,0,16.0
Aaron Burbridge,WR,SF,5,ARI,0,0,0,0,0,0,0,0,0,0,0,0,0,0,0,0,0,0,0,0,0,0,,,,,
Aaron Rodgers,QB,GB,5,NYG,259,2,45,23,2,15,0,5,0,0,0,0,0,0,0,0,0,0,0,0,0,0,,,,,
Adam Humphries,WR,TB,5,CAR,0,0,0,0,0,0,0,0,1,11,0,2,0,0,1,0,0,0,0,0,0,0,,,,,
Adam Thielen,WR,MIN,5,HOU,0,0,0,0,0,0,0,0,7,127,1,8,0,0,0,0,0,0,0,0,0,0,,,,,
Adam Vinatieri,K,IND,5,CHI,0,0,0,0,0,0,0,0,0,0,0,0,0,0,0,0,1,0,2,2,0,2,,,,,
Alan Cross,TE,TB,5,CAR,0,0,0,0,0,0,0,0,1,5,0,1,0,0,0,0,0,0,0,0,0,0,,,,,
Aldrick Robinson,WR,ATL,5,DEN,0,0,0,0,0,0,0,0,0,0,0,1,0,0,0,0,0,0,0,0,0,0,,,,,
Alex Erickson,WR,CIN,5,DAL,0,0,0,0,0,0,0,0,0,0,0,0,0,0,0,0,0,0,0,0,0,0,,,,,
Alfred Blue,RB,HOU,5,MIN,0,0,0,0,0,39,0,6,0,0,0,0,0,0,0,0,0,0,0,0,0,0,,,,,
Alfred Morris,RB,DAL,5,CIN,0,0,0,0,0,33,0,6,0,0,0,1,0,0,0,0,0,0,0,0,0,0,,,,,
Alshon Jeffery,WR,CHI,5,IND,0,0,0,0,0,0,0,0,5,77,0,6,0,0,0,0,0,0,0,0,0,0,,,,,
Amari Cooper,WR,LV,5,LAC,0,0,0,0,0,0,0,0,6,138,1,12,0,0,1,0,0,0,0,0,0,0,,,,,
Andre Ellington,RB,ARI,5,SF,0,0,0,0,0,19,0,6,0,0,0,0,0,0,0,0,0,0,0,0,0,0,,,,,
Andre Holmes,WR,LV,5,LAC,0,0,0,0,0,0,0,0,2,13,0,3,0,0,0,0,0,0,0,0,0,0,,,,,
Andre Johnson,WR,TEN,5,MIA,0,0,0,0,0,0,0,0,2,13,1,4,0,0,0,0,0,0,0,0,0,0,,,,,
Andre Roberts,WR,DET,5,PHI,0,0,0,0,0,0,0,0,0,0,0,1,0,0,0,0,0,0,0,0,0,0,,,,,
Andrew Franks,K,MIA,5,TEN,0,0,0,0,0,0,0,0,0,0,0,0,0,0,0,0,1,0,0,0,0,2,,,,,
Andrew Hawkins,WR,CLE,5,NE,0,0,0,0,0,0,0,0,4,56,1,7,0,0,0,0,0,0,0,0,0,0,,,,,
Andrew Luck,QB,IND,5,CHI,322,2,39,28,0,13,0,5,0,0,0,0,0,0,0,0,0,0,0,0,0,0,,,,,
Andy Dalton,QB,CIN,5,DAL,269,2,41,29,0,34,0,6,0,0,0,0,0,0,0,0,0,0,0,0,0,0,,,,,
Anquan Boldin,WR,DET,5,PHI,0,0,0,0,0,0,0,0,4,48,0,4,0,0,0,0,0,0,0,0,0,0,,,,,
Anthony Fasano,TE,TEN,5,MIA,0,0,0,0,0,0,0,0,1,10,0,1,0,0,0,0,0,0,0,0,0,0,,,,,
Antonio Brown,WR,PIT,5,NYJ,0,0,0,0,0,0,0,0,9,78,1,11,0,0,0,0,0,0,0,0,0,0,,,,,
Antonio Gates,TE,LAC,5,LV,0,0,0,0,0,0,0,0,4,30,1,5,0,0,0,0,0,0,0,0,0,0,,,,,
Austin Hooper,TE,ATL,5,DEN,0,0,0,0,0,0,0,0,1,14,0,1,0,0,0,0,0,0,0,0,0,0,,,,,
Austin Seferian-Jenkins,TE,NYJ,5,PIT,0,0,0,0,0,0,0,0,2,17,0,2,0,0,0,0,0,0,0,0,0,0,,,,,
BAL,DEF,BAL,5,WAS,,,,,,,,,,,,,,,,,,,,,,,0,0,0,0,16.0
BUF,DEF,BUF,5,LA,,,,,,,,,,,,,,,,,,,,,,,1,0,0,0,19.0
Ben Roethlisberger,QB,PIT,5,NYJ,380,4,47,34,0,0,0,0,0,0,0,0,0,0,0,0,0,0,0,0,0,0,,,,,
Bennie Fowler,WR,DEN,5,ATL,0,0,0,0,0,0,0,0,2,13,0,2,0,0,0,0,0,0,0,0,0,0,,,,,
Bilal Powell,RB,NYJ,5,PIT,0,0,0,0,0,10,0,4,6,41,0,8,0,0,0,0,0,0,0,0,0,0,,,,,
Blaine Gabbert,QB,SF,5,ARI,162,1,31,18,2,70,1,10,0,0,0,0,0,0,0,0,0,0,0,0,0,0,,,,,
Blair Walsh,K,MIN,5,HOU,0,0,0,0,0,0,0,0,0,0,0,0,0,0,0,1,0,0,0,0,0,4,,,,,
Blake Bell,TE,SF,5,ARI,0,0,0,0,0,0,0,0,1,4,0,2,0,0,0,0,0,0,0,0,0,0,,,,,
Bobby Rainey,RB,NYG,5,GB,0,0,0,0,0,22,0,5,6,52,0,6,0,0,0,0,0,0,0,0,0,0,,,,,
Bradley Marquez,WR,LA,5,BUF,0,0,0,0,0,2,0,1,0,0,0,0,0,0,0,0,0,0,0,0,0,0,,,,,
Brandon Bostick,TE,NYJ,5,PIT,0,0,0,0,0,0,0,0,1,9,0,1,0,0,0,0,0,0,0,0,0,0,,,,,
Brandon LaFell,WR,CIN,5,DAL,0,0,0,0,0,0,0,0,8,68,2,11,0,0,0,0,0,0,0,0,0,0,,,,,
Brandon Marshall,WR,NYJ,5,PIT,0,0,0,0,0,0,0,0,8,114,1,15,0,0,0,0,0,0,0,0,0,0,,,,,
Brandon McManus,K,DEN,5,ATL,0,0,0,0,0,0,0,0,0,0,0,0,0,0,0,0,0,1,2,0,0,1,,,,,
Brandon Myers,TE,TB,5,CAR,0,0,0,0,0,0,0,0,1,12,0,1,0,0,0,0,0,0,0,0,0,0,,,,,
Brandon Tate,WR,BUF,5,LA,0,0,0,0,0,0,0,0,0,0,0,0,0,0,0,0,0,0,0,0,0,0,,,,,
Braxton Miller,WR,HOU,5,MIN,0,0,0,0,0,0,0,0,1,12,0,1,0,0,0,0,0,0,0,0,0,0,,,,,
Breshad Perriman,WR,BAL,5,WAS,0,0,0,0,0,0,0,0,2,11,0,5,0,0,0,0,0,0,0,0,0,0,,,,,
Brian Hoyer,QB,CHI,5,IND,397,2,43,33,0,-1,0,1,0,0,0,0,0,0,0,0,0,0,0,0,0,0,,,,,
Brian Quick,WR,LA,5,BUF,0,0,0,0,0,0,0,0,3,51,0,4,0,0,0,0,0,0,0,0,0,0,,,,,
Brice Butler,WR,DAL,5,CIN,0,0,0,0,0,0,0,0,2,20,0,3,0,0,0,0,0,0,0,0,0,0,,,,,
Brittan Golden,WR,ARI,5,SF,0,0,0,0,0,0,0,0,0,0,0,0,0,0,0,0,0,0,0,0,0,0,,,,,
Brock Osweiler,QB,HOU,5,MIN,184,1,42,19,1,0,0,0,0,0,0,0,0,0,0,0,0,0,0,0,0,0,,,,,
C.J. Anderson,RB,DEN,5,ATL,0,0,0,0,0,41,0,11,3,21,0,4,0,0,0,0,0,0,0,0,0,0,,,,,
C.J. Fiedorowicz,TE,HOU,5,MIN,0,0,0,0,0,0,0,0,4,61,0,8,0,0,0,0,0,0,0,0,0,0,,,,,
C.J. Uzomah,TE,CIN,5,DAL,0,0,0,0,0,0,0,0,5,43,0,5,0,0,0,0,0,0,0,0,0,0,,,,,
CAR,DEF,CAR,5,TB,,,,,,,,,,,,,,,,,,,,,,,0,0,0,0,17.0
CHI,DEF,CHI,5,IND,,,,,,,,,,,,,,,,,,,,,,,0,0,0,0,29.0
CIN,DEF,CIN,5,DAL,,,,,,,,,,,,,,,,,,,,,,,0,0,0,0,28.0
CLE,DEF,CLE,5,NE,,,,,,,,,,,,,,,,,,,,,,,0,0,0,0,33.0
Caleb Sturgis,K,PHI,5,DET,0,0,0,0,0,0,0,0,0,0,0,0,0,0,0,0,0,1,1,1,0,2,,,,,
Cameron Artis-Payne,RB,CAR,5,TB,0,0,0,0,0,85,2,18,0,0,0,0,0,0,0,0,0,0,0,0,0,0,,,,,
Cameron Brate,TE,TB,5,CAR,0,0,0,0,0,0,0,0,1,38,0,3,0,0,0,0,0,0,0,0,0,0,,,,,
Cameron Meredith,WR,CHI,5,IND,0,0,0,0,0,6,0,1,9,130,1,12,0,0,0,0,0,0,0,0,0,0,,,,,
Carlos Hyde,RB,SF,5,ARI,0,0,0,0,0,78,1,22,6,36,0,6,0,0,0,0,0,0,0,0,0,0,,,,,
Carson Wentz,QB,PHI,5,DET,238,2,33,25,1,14,0,2,0,0,0,0,0,0,0,0,0,0,0,0,0,0,,,,,
Case Keenum,QB,LA,5,BUF,271,0,31,21,2,0,0,0,0,0,0,0,0,0,0,0,0,0,0,0,0,0,,,,,
Chandler Catanzaro,K,ARI,5,SF,0,0,0,0,0,0,0,0,0,0,0,0,0,0,0,0,0,1,0,0,0,4,,,,,
Charles Clay,TE,BUF,5,LA,0,0,0,0,0,0,0,0,5,73,0,5,0,0,0,0,0,0,0,0,0,0,,,,,
Charles D. Johnson,WR,MIN,5,HOU,0,0,0,0,0,0,0,0,1,2,0,1,0,0,0,0,0,0,0,0,0,0,,,,,
Charlie Whitehurst,QB,CLE,5,NE,182,1,24,14,1,1,0,2,0,0,0,0,0,0,0,0,0,0,0,0,0,0,,,,,
Charone Peake,WR,NYJ,5,PIT,0,0,0,0,0,0,0,0,1,6,0,1,0,0,0,0,0,0,0,0,0,0,,,,,
Chester Rogers,WR,IND,5,CHI,0,0,0,0,0,0,0,0,3,24,0,6,0,0,0,0,0,0,0,0,0,0,,,,,
Chris Boswell,K,PIT,5,NYJ,0,0,0,0,0,0,0,0,0,0,0,0,0,0,0,0,0,0,1,0,0,4,,,,,
Chris Hogan,WR,NE,5,CLE,0,0,0,0,0,2,0,1,4,114,0,5,0,0,0,0,0,0,0,0,0,0,,,,,
Chris Thompson,RB,WAS,5,BAL,0,0,0,0,0,12,0,2,4,33,0,4,0,0,0,0,0,0,0,0,0,0,,,,,
Cody Core,WR,CIN,5,DAL,0,0,0,0,0,0,0,0,0,0,0,0,0,0,0,0,0,0,0,0,0,0,,,,,
Cody Kessler,QB,CLE,5,NE,62,1,8,5,0,0,0,1,0,0,0,0,0,0,0,0,0,0,0,0,0,0,,,,,
Cody Latimer,WR,DEN,5,ATL,0,0,0,0,0,0,0,0,0,0,0,0,0,0,0,0,0,0,0,0,0,0,,,,,
Cody Parkey,K,CLE,5,NE,0,0,0,0,0,0,0,0,0,0,0,0,0,0,0,0,0,0,0,0,0,1,,,,,
Cole Beasley,WR,DAL,5,CIN,0,0,0,0,0,0,0,0,4,53,1,4,0,0,0,0,0,0,0,0,0,0,,,,,
Connor Barth,K,CHI,5,IND,0,0,0,0,0,0,0,0,0,0,0,0,0,0,0,0,1,1,1,0,0,2,,,,,
Connor Hamlett,TE,CLE,5,NE,0,0,0,0,0,0,0,0,1,17,1,1,0,0,0,0,0,0,0,0,0,0,,,,,
Cordarrelle Patterson,RB,MIN,5,HOU,0,0,0,0,0,7,0,1,4,39,1,6,0,0,0,0,0,0,0,0,0,0,,,,,
Corey Brown,WR,CAR,5,TB,0,0,0,0,0,0,0,0,2,13,0,4,0,0,0,0,0,0,0,0,0,0,,,,,
Crockett Gillmore,TE,BAL,5,WAS,0,0,0,0,0,0,0,0,4,28,1,7,0,0,0,0,0,0,0,0,0,0,,,,,
D.J. Foster,RB,NE,5,CLE,0,0,0,0,0,17,0,6,0,0,0,0,0,0,0,0,0,0,0,0,0,0,,,,,
DAL,DEF,DAL,5,CIN,,,,,,,,,,,,,,,,,,,,,,,0,0,0,0,14.0
DEN,DEF,DEN,5,ATL,,,,,,,,,,,,,,,,,,,,,,,0,0,0,0,23.0
DET,DEF,DET,5,PHI,,,,,,,,,,,,,,,,,,,,,,,0,0,0,0,23.0
Dak Prescott,QB,DAL,5,CIN,227,1,24,18,0,4,1,7,0,0,0,0,0,0,0,0,0,0,0,0,0,0,,,,,
Damien Williams,RB,MIA,5,TEN,0,0,0,0,0,3,0,1,2,67,0,2,0,0,0,0,0,0,0,0,0,0,,,,,
Dan Bailey,K,DAL,5,CIN,0,0,0,0,0,0,0,0,0,0,0,0,0,0,0,0,0,0,0,0,0,4,,,,,
Dan Carpenter,K,BUF,5,LA,0,0,0,0,0,0,0,0,0,0,0,0,0,0,0,0,1,0,0,0,0,3,,,,,
Danny Amendola,WR,NE,5,CLE,0,0,0,0,0,0,0,0,2,11,0,2,0,0,0,0,0,0,0,0,0,0,,,,,
Darren Sproles,RB,PHI,5,DET,0,0,0,0,0,45,0,5,4,23,0,4,0,0,0,0,0,0,0,0,0,0,,,,,
Davante Adams,WR,GB,5,NYG,0,0,0,0,0,0,0,0,5,85,1,8,0,0,0,0,0,0,0,0,0,0,,,,,
David Johnson,RB,ARI,5,SF,0,0,0,0,0,157,2,27,3,28,0,6,0,0,0,0,0,0,0,0,0,0,,,,,
DeAndre Hopkins,WR,HOU,5,MIN,0,0,0,0,0,0,0,0,5,56,1,9,0,0,0,0,0,0,0,0,0,0,,,,,
DeAndre Washington,RB,LV,5,LAC,0,0,0,0,0,23,0,9,5,29,0,6,0,0,0,0,0,0,0,0,0,0,,,,,
DeAngelo Williams,RB,PIT,5,NYJ,0,0,0,0,0,0,0,1,0,0,0,1,0,0,0,0,0,0,0,0,0,0,,,,,
DeMarco Murray,RB,TEN,5,MIA,0,0,0,0,0,121,0,27,5,16,0,6,0,0,0,0,0,0,0,0,0,0,,,,,
DeSean Jackson,WR,WAS,5,BAL,0,0,0,0,0,0,0,0,3,35,0,7,0,0,0,0,0,0,0,0,0,0,,,,,
DeVante Parker,WR,MIA,5,TEN,0,0,0,0,0,0,0,0,2,70,0,3,0,0,0,0,0,0,0,0,0,0,,,,,
Delanie Walker,TE,TEN,5,MIA,0,0,0,0,0,0,0,0,5,66,1,8,0,0,0,0,0,0,0,0,0,0,,,,,
Demaryius Thomas,WR,DEN,5,ATL,0,0,0,0,0,0,0,0,5,49,1,7,0,0,0,0,0,0,0,0,0,0,,,,,
Dennis Pitta,TE,BAL,5,WAS,0,0,0,0,0,0,0,0,7,59,0,8,0,0,0,0,0,0,0,0,0,0,,,,,
Deonte Thompson,WR,CHI,5,IND,0,0,0,0,0,0,0,0,0,0,0,0,0,0,0,0,0,0,0,0,0,0,,,,,
Derek Anderson,QB,CAR,5,TB,278,0,28,18,2,4,0,1,0,0,0,0,0,0,0,0,0,0,0,0,0,0,,,,,
Derek Carr,QB,LV,5,LAC,317,2,40,25,1,13,0,2,0,0,0,0,0,0,1,0,0,0,0,0,0,0,,,,,
Derrick Henry,RB,TEN,5,MIA,0,0,0,0,0,54,0,7,0,0,0,0,0,0,0,0,0,0,0,0,0,0,,,,,
Devin Hester,WR,BAL,5,WAS,0,0,0,0,0,0,0,0,0,0,0,0,0,0,0,0,0,0,0,0,0,0,,,,,
Devonta Freeman,RB,ATL,5,DEN,0,0,0,0,0,88,1,23,3,35,0,5,0,0,0,0,0,0,0,0,0,0,,,,,
Devontae Booker,RB,DEN,5,ATL,0,0,0,0,0,23,0,6,4,36,0,6,0,0,0,0,0,0,0,0,0,0,,,,,
Dexter McCluster,WR,LAC,5,LV,0,0,0,0,0,1,0,1,0,0,0,0,0,0,0,0,0,0,0,0,0,0,,,,,
Dion Sims,TE,MIA,5,TEN,0,0,0,0,0,0,0,0,1,6,0,3,0,0,0,0,0,0,0,0,0,0,,,,,
Dominique Jones,TE,MIA,5,TEN,0,0,0,0,0,0,0,0,2,4,0,2,0,0,0,0,0,0,0,0,0,0,,,,,
Dontrelle Inman,WR,LAC,5,LV,0,0,0,0,0,0,0,0,1,3,0,3,0,0,0,0,0,0,0,0,0,0,,,,,
Dorial Green-Beckham,WR,PHI,5,DET,0,0,0,0,0,0,0,0,3,43,0,4,0,0,0,0,0,0,0,0,0,0,,,,,
Drew Stanton,QB,ARI,5,SF,124,2,28,11,0,-2,0,2,0,0,0,0,0,0,0,0,0,0,0,0,0,0,,,,,
Duke Johnson,RB,CLE,5,NE,0,0,0,0,0,1,0,4,2,21,0,3,0,0,0,0,0,0,0,0,0,0,,,,,
Dustin Hopkins,K,WAS,5,BAL,0,0,0,0,0,0,0,0,0,0,0,0,0,0,0,0,1,0,0,0,0,1,,,,,
Dwayne Allen,TE,IND,5,CHI,0,0,0,0,0,0,0,0,6,50,1,6,0,0,0,0,0,0,0,0,0,0,,,,,
Dwayne Harris,WR,NYG,5,GB,0,0,0,0,0,0,0,0,0,0,0,0,0,0,0,0,0,0,0,0,0,0,,,,,
Ed Dickson,TE,CAR,5,TB,0,0,0,0,0,0,0,0,0,0,0,0,0,0,0,0,0,0,0,0,0,0,,,,,
Eddie Lacy,RB,GB,5,NYG,0,0,0,0,0,81,0,11,1,3,0,1,0,0,0,0,0,0,0,0,0,0,,,,,
Eddie Royal,WR,CHI,5,IND,0,0,0,0,0,0,0,0,7,43,0,9,0,0,0,0,0,0,0,0,0,0,,,,,
Eli Manning,QB,NYG,5,GB,199,1,35,18,0,1,0,1,0,0,0,0,0,0,0,0,0,0,0,0,0,0,,,,,
Emmanuel Sanders,WR,DEN,5,ATL,0,0,0,0,0,0,0,0,7,80,0,9,0,0,0,0,0,0,0,0,0,0,,,,,
Eric Weems,WR,ATL,5,DEN,0,0,0,0,0,0,0,0,0,0,0,0,0,0,0,0,0,0,0,0,0,0,,,,,
Ezekiel Elliott,RB,DAL,5,CIN,0,0,0,0,0,134,2,15,3,37,0,4,0,0,0,0,0,0,0,0,0,0,,,,,
Fozzy Whittaker,RB,CAR,5,TB,0,0,0,0,0,45,0,5,1,9,0,1,0,0,0,0,0,0,0,0,0,0,,,,,
Frank Gore,RB,IND,5,CHI,0,0,0,0,0,75,0,14,1,4,0,2,0,0,0,0,0,0,0,0,0,0,,,,,
GB,DEF,GB,5,NYG,,,,,,,,,,,,,,,,,,,,,,,0,0,0,0,16.0
Garrett Celek,TE,SF,5,ARI,0,0,0,0,0,0,0,0,1,4,0,5,0,0,0,0,0,0,0,0,0,0,,,,,
Gary Barnidge,TE,CLE,5,NE,0,0,0,0,0,0,0,0,5,76,0,8,0,0,0,0,0,0,0,0,0,0,,,,,
Geoff Swaim,TE,DAL,5,CIN,0,0,0,0,0,0,0,0,0,0,0,1,0,0,0,0,0,0,0,0,0,0,,,,,
George Atkinson,RB,CLE,5,NE,0,0,0,0,0,0,0,0,0,0,0,0,0,0,0,0,0,0,0,0,0,0,,,,,
Giovani Bernard,RB,CIN,5,DAL,0,0,0,0,0,50,0,9,6,46,0,6,0,0,0,0,0,0,0,0,0,0,,,,,
Golden Tate,WR,DET,5,PHI,0,0,0,0,0,6,0,3,3,39,0,5,0,0,0,0,0,0,0,0,0,0,,,,,
Graham Gano,K,CAR,5,TB,0,0,0,0,0,0,0,0,0,0,0,0,0,0,0,0,0,0,0,0,0,2,,,,,
Greg Olsen,TE,CAR,5,TB,0,0,0,0,0,0,0,0,9,181,0,13,0,0,0,0,0,0,0,0,0,0,,,,,
Greg Zuerlein,K,LA,5,BUF,0,0,0,0,0,0,0,0,0,0,0,0,0,0,0,0,1,2,0,1,0,1,,,,,
HOU,DEF,HOU,5,MIN,,,,,,,,,,,,,,,,,,,,,,,0,0,0,0,31.0
Hakeem Valles,TE,ARI,5,SF,0,0,0,0,0,0,0,0,0,0,0,1,0,0,0,0,0,0,0,0,0,0,,,,,
Hunter Henry,TE,LAC,5,LV,0,0,0,0,0,0,0,0,3,74,1,4,0,0,0,0,0,0,0,0,0,0,,,,,
IND,DEF,IND,5,CHI,,,,,,,,,,,,,,,,,,,,,,,0,0,0,0,23.0
Ifeanyi Momah,TE,ARI,5,SF,0,0,0,0,0,0,0,0,0,0,0,0,0,0,0,0,0,0,0,0,0,0,,,,,
Isaiah Crowell,RB,CLE,5,NE,0,0,0,0,0,22,0,13,1,18,0,3,0,0,0,0,0,0,0,0,0,0,,,,,
J.J. Nelson,WR,ARI,5,SF,0,0,0,0,0,0,0,0,0,0,0,1,0,0,0,0,0,0,0,0,0,0,,,,,
Jack Doyle,TE,IND,5,CHI,0,0,0,0,0,0,0,0,2,8,0,3,0,0,0,0,0,0,0,0,0,0,,,,,
Jacob Tamme,TE,ATL,5,DEN,0,0,0,0,0,0,0,0,1,1,0,1,0,0,0,0,0,0,0,0,0,0,,,,,
Jacquizz Rodgers,RB,TB,5,CAR,0,0,0,0,0,101,0,30,5,28,0,6,0,0,0,0,0,0,0,0,0,0,,,,,
Jaelen Strong,WR,HOU,5,MIN,0,0,0,0,0,0,0,0,5,39,0,9,0,0,0,0,0,0,0,0,0,0,,,,,
Jakeem Grant,WR,MIA,5,TEN,0,0,0,0,0,0,0,0,0,0,0,0,1,0,0,0,0,0,0,0,0,0,,,,,
Jalen Richard,RB,LV,5,LAC,0,0,0,0,0,31,0,8,6,66,0,7,0,0,0,0,0,0,0,0,0,0,,,,,
Jameis Winston,QB,TB,5,CAR,219,1,30,18,0,6,0,4,0,0,0,0,0,0,1,0,0,0,0,0,0,0,,,,,
James Starks,RB,GB,5,NYG,0,0,0,0,0,33,0,12,3,19,0,6,0,0,0,0,0,0,0,0,0,0,,,,,
James White,RB,NE,5,CLE,0,0,0,0,0,26,0,5,4,63,0,6,0,0,0,0,0,0,0,0,0,0,,,,,
Jamison Crowder,WR,WAS,5,BAL,0,0,0,0,0,0,0,0,3,35,0,3,1,0,0,0,0,0,0,0,0,0,,,,,
Jamize Olawale,RB,LV,5,LAC,0,0,0,0,0,22,1,6,1,2,0,1,0,0,0,0,0,0,0,0,0,0,,,,,
Jarius Wright,WR,MIN,5,HOU,0,0,0,0,0,0,0,0,4,32,0,4,0,0,0,0,0,0,0,0,0,0,,,,,
Jaron Brown,WR,ARI,5,SF,0,0,0,0,0,0,0,0,0,0,0,2,0,0,0,0,0,0,0,0,0,0,,,,,
Jarvis Landry,WR,MIA,5,TEN,0,0,0,0,0,2,0,1,3,28,0,3,0,0,0,0,0,0,0,0,0,0,,,,,
Jason Witten,TE,DAL,5,CIN,0,0,0,0,0,0,0,0,3,43,0,5,0,0,0,0,0,0,0,0,0,0,,,,,
Javorius Allen,RB,BAL,5,WAS,0,0,0,0,0,18,0,4,1,0,0,1,0,0,0,0,0,0,0,0,0,0,,,,,
Jay Ajayi,RB,MIA,5,TEN,0,0,0,0,0,42,1,13,0,0,0,1,0,0,0,0,0,0,0,0,0,0,,,,,
Je'Ron Hamm,TE,SF,5,ARI,0,0,0,0,0,0,0,0,0,0,0,0,0,0,0,0,0,0,0,0,0,0,,,,,
Jeff Heuerman,TE,DEN,5,ATL,0,0,0,0,0,0,0,0,0,0,0,1,0,0,0,0,0,0,0,0,0,0,,,,,
Jeff Janis,WR,GB,5,NYG,0,0,0,0,0,0,0,0,0,0,0,0,0,0,0,0,0,0,0,0,0,0,,,,,
Jerell Adams,TE,NYG,5,GB,0,0,0,0,0,0,0,0,2,27,0,2,0,0,0,0,0,0,0,0,0,0,,,,,
Jeremy Hill,RB,CIN,5,DAL,0,0,0,0,0,12,0,4,0,0,0,1,0,0,0,0,0,0,0,0,0,0,,,,,
Jeremy Kerley,WR,SF,5,ARI,0,0,0,0,0,0,0,0,8,102,1,14,0,0,0,0,0,0,0,0,0,0,,,,,
Jeremy Ross,WR,NYJ,5,PIT,0,0,0,0,0,0,0,0,0,0,0,0,0,0,0,0,0,0,0,0,0,0,,,,,
Jerick McKinnon,RB,MIN,5,HOU,0,0,0,0,0,36,0,20,1,10,0,3,0,0,0,0,0,0,0,0,0,0,,,,,
Jermaine Gresham,TE,ARI,5,SF,0,0,0,0,0,0,0,0,1,4,0,1,0,0,0,0,0,0,0,0,0,0,,,,,
Jesse James,TE,PIT,5,NYJ,0,0,0,0,0,0,0,0,6,43,1,8,0,0,0,0,0,0,0,0,0,0,,,,,
Jimmy Garoppolo,QB,NE,5,CLE,0,0,1,0,0,-3,0,2,0,0,0,0,0,0,0,0,0,0,0,0,0,0,,,,,
Joe Flacco,QB,BAL,5,WAS,210,1,46,30,0,6,0,1,0,0,0,0,0,0,0,0,0,0,0,0,0,0,,,,,
John Brown,WR,ARI,5,SF,0,0,0,0,0,0,0,0,1,11,0,5,0,0,0,0,0,0,0,0,0,0,,,,,
John Phillips,TE,DEN,5,ATL,0,0,0,0,0,0,0,0,0,0,0,1,0,0,0,0,0,0,0,0,0,0,,,,,
Johnny Holton,WR,LV,5,LAC,0,0,0,0,0,0,0,0,0,0,0,0,0,0,0,0,0,0,0,0,0,0,,,,,
Jordan Howard,RB,CHI,5,IND,0,0,0,0,0,118,0,16,3,45,1,3,0,0,0,0,0,0,0,0,0,0,,,,,
Jordan Matthews,TE,PHI,5,DET,0,0,0,0,0,0,0,0,4,65,0,4,0,0,0,0,0,0,0,0,0,0,,,,,
Jordan Norwood,WR,DEN,5,ATL,0,0,0,0,0,0,0,0,2,24,0,3,0,0,0,0,0,0,0,0,0,0,,,,,
Jordan Reed,TE,WAS,5,BAL,0,0,0,0,0,0,0,0,8,53,0,11,0,0,0,0,0,0,0,0,0,0,,,,,
Jordan Todman,RB,IND,5,CHI,0,0,0,0,0,0,0,0,0,0,0,0,0,0,0,0,0,0,0,0,0,0,,,,,
Jordy Nelson,WR,GB,5,NYG,0,0,0,0,0,0,0,0,4,38,1,13,0,0,0,0,0,0,0,0,0,0,,,,,
Josh Bellamy,WR,CHI,5,IND,0,0,0,0,0,0,0,0,1,14,0,1,0,0,0,0,0,0,0,0,0,0,,,,,
Josh Brown,K,NYG,5,GB,0,0,0,0,0,0,0,0,0,0,0,0,0,0,0,0,0,1,2,0,0,1,,,,,
Josh Ferguson,RB,IND,5,CHI,0,0,0,0,0,3,0,1,2,10,0,3,0,0,0,0,0,0,0,0,0,0,,,,,
Josh Huff,WR,PHI,5,DET,0,0,0,0,0,10,0,2,3,5,1,3,0,0,0,0,0,0,0,0,0,0,,,,,
Josh Lambo,K,LAC,5,LV,0,0,0,0,0,0,0,0,0,0,0,0,0,0,0,0,0,1,0,0,0,4,,,,,
Julian Edelman,WR,NE,5,CLE,0,0,0,0,0,0,0,0,5,35,0,10,0,0,0,0,0,0,0,0,0,0,,,,,
Julio Jones,WR,ATL,5,DEN,0,0,0,0,0,0,0,0,2,29,0,6,0,0,0,0,0,0,0,0,0,0,,,,,
Justin Hunter,WR,BUF,5,LA,0,0,0,0,0,0,0,0,1,4,1,1,0,0,0,0,0,0,0,0,0,0,,,,,
Justin Tucker,K,BAL,5,WAS,0,0,1,0,0,0,0,0,0,0,0,0,0,0,0,0,0,1,0,0,0,1,,,,,
Ka'Deem Carey,RB,CHI,5,IND,0,0,0,0,0,2,0,1,1,15,0,1,0,0,0,0,0,0,0,0,0,0,,,,,
Kamar Aiken,WR,BAL,5,WAS,0,0,0,0,0,0,0,0,0,0,0,3,0,0,0,0,0,0,0,0,0,0,,,,,
Kelvin Benjamin,WR,CAR,5,TB,0,0,0,0,0,0,0,0,5,70,0,9,0,0,0,0,0,0,0,0,0,0,,,,,
Kendall Wright,WR,TEN,5,MIA,0,0,0,0,0,0,0,0,1,9,0,1,0,0,0,0,0,0,0,0,0,0,,,,,
Kenneth Dixon,RB,BAL,5,WAS,0,0,0,0,0,-1,0,3,1,6,0,1,0,0,0,0,0,0,0,0,0,0,,,,,
Kenny Britt,WR,LA,5,BUF,0,0,0,0,0,0,0,0,5,75,0,6,0,0,0,0,0,0,0,0,0,0,,,,,
Kenny Stills,WR,MIA,5,TEN,0,0,0,0,0,0,0,0,0,0,0,1,0,0,0,0,0,0,0,0,0,0,,,,,
Kenyan Drake,RB,MIA,5,TEN,0,0,0,0,0,4,0,2,2,16,0,3,0,0,0,0,0,0,0,0,0,0,,,,,
Kirk Cousins,QB,WAS,5,BAL,260,1,41,29,1,-1,0,1,0,0,0,0,0,0,0,0,0,0,0,0,0,0,,,,,
Kyle Juszczyk,RB,BAL,5,WAS,0,0,0,0,0,0,0,0,3,20,0,5,0,0,0,0,0,0,0,0,0,0,,,,,
Kyle Rudolph,TE,MIN,5,HOU,0,0,0,0,0,0,0,0,2,15,0,4,0,0,0,0,0,0,0,0,0,0,,,,,
LA,DEF,LA,5,BUF,,,,,,,,,,,,,,,,,,,,,,,0,0,0,0,30.0
LAC,DEF,LAC,5,LV,,,,,,,,,,,,,,,,,,,,,,,0,0,0,0,0.0
LV,DEF,LV,5,LAC,,,,,,,,,,,,,,,,,,,,,,,0,0,0,0,0.0
Lamar Miller,RB,HOU,5,MIN,0,0,0,0,0,20,0,8,1,4,0,3,0,0,0,0,0,0,0,0,0,0,,,,,
Lance Kendricks,TE,LA,5,BUF,0,0,0,0,0,0,0,0,2,24,0,3,0,0,0,0,0,0,0,0,0,0,,,,,
Landry Jones,QB,PIT,5,NYJ,0,0,0,0,0,-2,0,2,0,0,0,0,0,0,0,0,0,0,0,0,0,0,,,,,
Larry Fitzgerald,WR,ARI,5,SF,0,0,0,0,0,0,0,0,6,81,2,8,0,0,0,0,0,0,0,0,0,0,,,,,
Le'Veon Bell,RB,PIT,5,NYJ,0,0,0,0,0,66,0,20,9,88,0,11,0,0,0,0,0,0,0,0,0,0,,,,,
LeGarrette Blount,RB,NE,5,CLE,0,0,0,0,0,37,1,18,0,0,0,0,0,0,0,0,0,0,0,0,0,0,,,,,
LeSean McCoy,RB,BUF,5,LA,0,0,0,0,0,150,0,18,2,8,0,2,0,0,0,0,0,0,0,0,0,0,,,,,
Levine Toilolo,TE,ATL,5,DEN,0,0,0,0,0,0,0,0,0,0,0,1,0,0,0,0,0,0,0,0,0,0,,,,,
Logan Paulsen,TE,CHI,5,IND,0,0,0,0,0,0,0,0,0,0,0,1,0,0,0,0,0,0,0,0,0,0,,,,,
Lucky Whitehead,WR,DAL,5,CIN,0,0,0,0,0,9,0,1,0,0,0,0,0,0,0,0,0,0,0,0,0,0,,,,,
MIA,DEF,MIA,5,TEN,,,,,,,,,,,,,,,,,,,,,,,0,0,0,0,30.0
MIN,DEF,MIN,5,HOU,,,,,,,,,,,,,,,,,,,,,,,0,0,0,0,13.0
Malcolm Brown,RB,LA,5,BUF,0,0,0,0,0,2,0,2,1,26,0,1,0,0,0,0,0,0,0,0,0,0,,,,,
Malcolm Johnson,RB,CLE,5,NE,0,0,0,0,0,0,0,0,0,0,0,1,0,0,0,0,0,0,0,0,0,0,,,,,
Malcolm Mitchell,WR,NE,5,CLE,0,0,0,0,0,0,0,0,2,7,0,3,0,0,0,0,0,0,0,0,0,0,,,,,
Marc Mariani,WR,TEN,5,MIA,0,0,0,0,0,0,0,0,0,0,0,0,0,0,0,0,0,0,0,0,0,0,,,,,
Marcus Mariota,QB,TEN,5,MIA,163,3,29,20,0,60,1,7,0,0,0,0,0,0,0,0,0,0,0,0,0,0,,,,,
Markus Wheaton,WR,PIT,5,NYJ,0,0,0,0,0,0,0,0,2,19,0,3,0,0,0,0,0,0,0,0,0,0,,,,,
Marquise Goodwin,WR,BUF,5,LA,0,0,0,0,0,0,0,0,2,13,1,6,0,0,0,0,0,0,0,0,0,0,,,,,
Martellus Bennett,TE,NE,5,CLE,0,0,0,0,0,0,0,0,6,67,3,8,0,0,0,0,0,0,0,0,0,0,,,,,
Marvin Jones,WR,DET,5,PHI,0,0,0,0,0,0,0,0,4,37,1,5,0,0,0,0,0,0,0,0,0,0,,,,,
Mason Crosby,K,GB,5,NYG,0,0,0,0,0,0,0,0,0,0,0,0,0,0,0,0,1,1,1,0,0,2,,,,,
Matt Asiata,RB,MIN,5,HOU,0,0,0,0,0,55,1,14,3,46,0,3,0,0,0,0,0,0,0,0,0,0,,,,,
Matt Bryant,K,ATL,5,DEN,0,0,0,0,0,0,0,0,0,0,0,0,0,0,0,0,1,1,1,0,0,2,,,,,
Matt Forte,RB,NYJ,5,PIT,0,0,0,0,0,53,0,12,2,7,0,2,0,0,0,0,0,0,0,0,0,0,,,,,
Matt Jones,RB,WAS,5,BAL,0,0,0,0,0,31,0,14,2,25,0,2,0,0,0,0,0,0,0,0,0,0,,,,,
Matt Prater,K,DET,5,PHI,0,0,0,0,0,0,0,0,0,0,0,0,0,0,0,0,1,0,0,0,0,3,,,,,
Matt Ryan,QB,ATL,5,DEN,267,1,28,15,0,3,0,3,0,0,0,0,0,0,0,0,0,0,0,0,0,0,,,,,
Matthew Slater,WR,NE,5,CLE,0,0,0,0,0,5,0,1,0,0,0,0,0,0,0,0,0,0,0,0,0,0,,,,,
Matthew Stafford,QB,DET,5,PHI,180,3,25,19,0,16,0,6,0,0,0,0,0,0,0,0,0,0,0,0,0,0,,,,,
Melvin Gordon,RB,LAC,5,LV,0,0,0,0,0,69,0,16,1,18,1,1,0,0,0,0,0,0,0,0,0,0,,,,,
Michael Crabtree,WR,LV,5,LAC,0,0,0,0,0,0,0,0,3,47,1,7,0,0,0,0,0,0,0,0,0,0,,,,,
Michael Floyd,WR,ARI,5,SF,0,0,0,0,0,0,0,0,0,0,0,3,0,0,0,0,0,0,0,0,0,0,,,,,
Mike Davis,RB,SF,5,ARI,0,0,0,0,0,4,0,2,0,0,0,0,0,0,0,0,0,0,0,0,0,0,,,,,
Mike Evans,WR,TB,5,CAR,0,0,0,0,0,0,0,0,6,89,1,12,0,0,0,0,0,0,0,0,0,0,,,,,
Mike Gillislee,RB,BUF,5,LA,0,0,0,0,0,6,1,2,0,0,0,0,0,0,0,0,0,0,0,0,0,0,,,,,
Mike Nugent,K,CIN,5,DAL,0,0,0,0,0,0,0,0,0,0,0,0,0,0,0,0,0,0,0,0,0,2,,,,,
Mike Thomas,WR,LA,5,BUF,0,0,0,0,0,0,0,0,0,0,0,0,0,0,0,0,0,0,0,0,0,0,,,,,
Mike Wallace,WR,BAL,5,WAS,0,0,0,0,0,0,0,0,7,63,0,11,0,0,0,0,0,0,0,0,0,0,,,,,
Mohamed Sanu,WR,ATL,5,DEN,0,0,0,0,0,0,0,0,3,43,0,6,0,0,0,0,0,0,0,0,0,0,,,,,
NE,DEF,NE,5,CLE,,,,,,,,,,,,,,,,,,,,,,,0,1,0,0,13.0
NYG,DEF,NYG,5,GB,,,,,,,,,,,,,,,,,,,,,,,0,0,0,0,23.0
NYJ,DEF,NYJ,5,PIT,,,,,,,,,,,,,,,,,,,,,,,0,0,0,0,31.0
Nelson Agholor,WR,PHI,5,DET,0,0,0,0,0,5,0,1,2,27,0,7,0,0,0,0,0,0,0,0,0,0,,,,,
Nick Folk,K,NYJ,5,PIT,0,0,0,0,0,0,0,0,0,0,0,0,0,0,0,0,0,1,1,0,0,1,,,,,
Nick Novak,K,HOU,5,MIN,0,0,0,0,0,0,0,0,0,0,0,0,0,0,0,0,0,2,0,0,0,1,,,,,
Odell Beckham Jr.,WR,NYG,5,GB,0,0,0,0,0,0,0,0,5,56,1,12,0,0,0,0,0,0,0,0,0,0,,,,,
Orleans Darkwa,RB,NYG,5,GB,0,0,0,0,0,11,0,7,0,0,0,0,0,0,0,0,0,0,0,0,0,0,,,,,
PHI,DEF,PHI,5,DET,,,,,,,,,,,,,,,,,,,,,,,0,0,0,0,24.0
PIT,DEF,PIT,5,NYJ,,,,,,,,,,,,,,,,,,,,,,,0,0,0,0,13.0
Patrick DiMarco,RB,ATL,5,DEN,0,0,0,0,0,0,0,0,1,13,0,1,0,0,0,0,0,0,0,0,0,0,,,,,
Paul Perkins,RB,NYG,5,GB,0,0,0,0,0,9,0,2,1,13,0,2,0,0,0,0,0,0,0,0,0,0,,,,,
Paxton Lynch,QB,DEN,5,ATL,223,1,35,23,1,18,0,6,0,0,0,0,0,0,0,0,0,0,0,0,0,0,,,,,
Peyton Barber,RB,TB,5,CAR,0,0,0,0,0,6,0,3,0,0,0,0,0,0,0,0,0,0,0,0,0,0,,,,,
Pharoh Cooper,WR,LA,5,BUF,0,0,0,0,0,0,0,0,0,0,0,1,0,0,0,0,0,0,0,0,0,0,,,,,
Phil Dawson,K,SF,5,ARI,0,0,0,0,0,0,0,0,0,0,0,0,0,0,0,0,0,0,0,0,0,3,,,,,
Philip Rivers,QB,LAC,5,LV,359,4,30,21,2,0,0,0,0,0,0,0,0,0,0,0,0,0,0,0,0,0,,,,,
Phillip Dorsett,WR,IND,5,CHI,0,0,0,0,0,0,0,0,2,26,0,3,0,0,0,0,0,0,0,0,0,0,,,,,
Pierre Garcon,WR,WAS,5,BAL,0,0,0,0,0,0,0,0,5,56,1,7,0,0,0,0,0,0,0,0,0,0,,,,,
Quan Bray,WR,IND,5,CHI,0,0,0,0,0,7,0,1,2,29,0,3,0,0,0,0,0,0,0,0,0,0,,,,,
Quincy Enunwa,WR,NYJ,5,PIT,0,0,0,0,0,0,0,0,4,51,0,7,0,0,0,0,0,0,0,0,0,0,,,,,
Quinton Patton,WR,SF,5,ARI,0,0,0,0,0,0,0,0,2,16,0,2,0,0,0,0,0,0,0,0,0,0,,,,,
Randall Cobb,WR,GB,5,NYG,0,0,0,0,0,0,0,1,9,108,0,11,0,0,0,0,0,0,0,0,0,0,,,,,
Rashad Ross,WR,WAS,5,BAL,0,0,0,0,0,0,0,0,1,8,0,1,0,0,0,0,0,0,0,0,0,0,,,,,
Rashard Higgins,WR,CLE,5,NE,0,0,0,0,0,0,0,0,0,0,0,1,0,0,0,0,0,0,0,0,0,0,,,,,
Reggie Bush,RB,BUF,5,LA,0,0,0,0,0,3,0,1,0,0,0,0,0,0,0,0,0,0,0,0,0,0,,,,,
Rex Burkhead,RB,CIN,5,DAL,0,0,0,0,0,0,0,0,0,0,0,0,0,0,0,0,0,0,0,0,0,0,,,,,
Ricardo Louis,WR,CLE,5,NE,0,0,0,0,0,0,0,0,2,13,0,5,0,0,0,0,0,0,0,0,0,0,,,,,
Richard Rodgers,TE,GB,5,NYG,0,0,0,0,0,0,0,0,1,6,0,5,0,0,0,0,0,0,0,0,0,0,,,,,
Rishard Matthews,WR,TEN,5,MIA,0,0,0,0,0,0,0,0,4,32,1,4,0,0,0,0,0,0,0,0,0,0,,,,,
Rob Gronkowski,TE,NE,5,CLE,0,0,0,0,0,0,0,0,5,109,0,7,0,0,0,0,0,0,0,0,0,0,,,,,
Rob Kelley,RB,WAS,5,BAL,0,0,0,0,0,18,0,3,0,0,0,0,0,0,0,0,0,0,0,0,0,0,,,,,
Robbie Chosen,WR,NYJ,5,PIT,0,0,0,0,0,0,0,0,1,10,0,2,0,0,0,0,0,0,0,0,0,0,,,,,
Robert Woods,WR,BUF,5,LA,0,0,0,0,0,0,0,0,2,26,0,6,0,0,0,0,0,0,0,0,0,0,,,,,
Roberto Aguayo,K,TB,5,CAR,0,0,0,0,0,0,0,0,0,0,0,0,0,0,0,0,0,3,0,0,0,0,,,,,
Rod Smith,RB,DAL,5,CIN,0,0,0,0,0,0,0,0,1,4,0,1,0,0,0,0,0,0,0,0,0,0,,,,,
Rod Streater,WR,SF,5,ARI,0,0,0,0,0,0,0,0,0,0,0,1,0,0,0,0,0,0,0,0,0,0,,,,,
Roger Lewis,WR,NYG,5,GB,0,0,0,0,0,0,0,0,0,0,0,0,0,0,0,0,0,0,0,0,0,0,,,,,
Russell Shepard,WR,TB,5,CAR,0,0,0,0,0,0,0,0,0,0,0,0,0,0,0,0,0,0,0,0,0,0,,,,,
Ryan Fitzpatrick,QB,NYJ,5,PIT,255,1,38,25,0,9,0,1,0,0,0,0,0,0,0,0,0,0,0,0,0,0,,,,,
Ryan Griffin,TE,HOU,5,MIN,0,0,0,0,0,0,0,0,2,8,0,6,0,0,0,0,0,0,0,0,0,0,,,,,
Ryan Mathews,RB,PHI,5,DET,0,0,0,0,0,42,0,11,5,33,1,5,0,0,0,0,0,0,0,0,0,0,,,,,
Ryan Succop,K,TEN,5,MIA,0,0,0,0,0,0,0,0,0,0,0,0,0,0,0,0,0,0,1,0,0,3,,,,,
Ryan Tannehill,QB,MIA,5,TEN,191,0,18,12,2,0,0,0,0,0,0,0,0,0,0,0,0,0,0,0,0,0,,,,,
SF,DEF,SF,5,ARI,,,,,,,,,,,,,,,,,,,,,,,0,0,0,0,33.0
Sam Bradford,QB,MIN,5,HOU,271,2,30,22,0,-2,0,2,0,0,0,0,0,0,0,0,0,0,0,0,0,0,,,,,
Sammie Coates,WR,PIT,5,NYJ,0,0,0,0,0,0,0,0,6,139,2,11,0,0,0,0,0,0,0,0,0,0,,,,,
Sean McGrath,TE,LAC,5,LV,0,0,0,0,0,0,0,0,0,0,0,0,0,0,0,0,0,0,0,0,0,0,,,,,
Sebastian Janikowski,K,LV,5,LAC,0,0,0,0,0,0,0,0,0,0,0,0,0,0,0,0,2,0,1,1,0,2,,,,,
Seth Roberts,WR,LV,5,LAC,0,0,0,0,0,0,0,0,2,22,0,3,0,0,0,0,0,0,0,0,0,0,,,,,
Shaun Draughn,RB,SF,5,ARI,0,0,0,0,0,-1,0,2,0,0,0,0,0,0,0,0,0,0,0,0,0,0,,,,,
Stepfan Taylor,RB,ARI,5,SF,0,0,0,0,0,-2,0,2,0,0,0,0,0,0,0,0,0,0,0,0,0,0,,,,,
Stephen Gostkowski,K,NE,5,CLE,0,0,0,0,0,0,0,0,0,0,0,0,0,0,0,0,0,1,0,0,0,4,,,,,
Sterling Shepard,WR,NYG,5,GB,0,0,0,0,0,0,0,0,2,14,0,7,0,0,0,0,0,0,0,0,0,0,,,,,
Steve Smith,WR,BAL,5,WAS,0,0,0,0,0,0,0,0,3,29,0,3,0,0,0,0,0,0,0,0,0,0,,,,,
T.Y. Hilton,WR,IND,5,CHI,0,0,0,0,0,0,0,0,10,171,1,11,0,0,0,0,0,0,0,0,0,0,,,,,
TB,DEF,TB,5,CAR,,,,,,,,,,,,,,,,,,,,,,,0,0,0,0,14.0
TEN,DEF,TEN,5,MIA,,,,,,,,,,,,,,,,,,,,,,,0,0,0,0,17.0
Tajae Sharpe,WR,TEN,5,MIA,0,0,0,0,0,0,0,0,2,17,0,4,0,0,0,0,0,0,0,0,0,0,,,,,
Tavarres King,WR,NYG,5,GB,0,0,0,0,0,0,0,0,0,0,0,1,0,0,0,0,0,0,0,0,0,0,,,,,
Tavon Austin,WR,LA,5,BUF,0,0,0,0,0,26,0,3,7,59,0,10,0,0,0,0,0,0,0,0,0,0,,,,,
Ted Ginn,WR,CAR,5,TB,0,0,0,0,0,0,0,0,1,5,0,1,0,0,0,0,0,0,0,0,0,0,,,,,
Terrance West,RB,BAL,5,WAS,0,0,0,0,0,95,0,11,2,-6,0,3,0,0,0,0,0,0,0,0,0,0,,,,,
Terrance Williams,WR,DAL,5,CIN,0,0,0,0,0,0,0,0,5,70,0,5,0,0,0,0,0,0,0,0,0,0,,,,,
Terrelle Pryor,WR,CLE,5,NE,5,0,3,1,0,3,0,2,5,48,0,6,0,0,0,0,0,0,0,0,0,0,,,,,
Tevin Coleman,RB,ATL,5,DEN,0,0,0,0,0,31,0,6,4,132,1,6,0,0,0,0,0,0,0,0,0,0,,,,,
Theo Riddick,RB,DET,5,PHI,0,0,0,0,0,49,0,11,6,33,2,6,0,0,0,0,0,0,0,0,0,0,,,,,
Todd Gurley,RB,LA,5,BUF,0,0,0,0,0,72,1,23,3,36,0,5,0,0,0,0,0,0,0,0,0,0,,,,,
Tom Brady,QB,NE,5,CLE,406,3,40,28,0,14,0,2,0,0,0,0,0,0,0,0,0,0,0,0,0,0,,,,,
Torrey Smith,WR,SF,5,ARI,0,0,0,0,0,0,0,0,0,0,0,1,0,0,0,0,0,0,0,0,0,0,,,,,
Travis Benjamin,WR,LAC,5,LV,0,0,0,0,0,0,0,0,7,117,0,11,0,0,0,0,0,0,0,0,0,0,,,,,
Trevor Davis,WR,GB,5,NYG,0,0,0,0,0,0,0,0,0,0,0,0,0,0,0,0,0,0,0,0,0,0,,,,,
Trey Burton,TE,PHI,5,DET,0,0,0,0,0,0,0,0,1,5,0,2,0,0,0,0,0,0,0,0,0,0,,,,,
Ty Montgomery,WR,GB,5,NYG,0,0,0,0,0,1,0,1,0,0,0,0,0,0,0,0,0,0,0,0,0,0,,,,,
Tyler Boyd,WR,CIN,5,DAL,0,0,0,0,0,0,0,0,3,33,0,5,0,0,0,0,0,0,0,0,0,0,,,,,
Tyler Ervin,RB,HOU,5,MIN,0,0,0,0,0,0,0,0,0,0,0,0,0,0,0,0,0,0,0,0,0,0,,,,,
Tyler Higbee,TE,LA,5,BUF,0,0,0,0,0,0,0,0,0,0,0,1,0,0,0,0,0,0,0,0,0,0,,,,,
Tyler Kroft,TE,CIN,5,DAL,0,0,0,0,0,0,0,0,3,29,0,3,0,0,0,0,0,0,0,0,0,0,,,,,
Tyrell Williams,WR,LAC,5,LV,0,0,0,0,0,0,0,0,5,117,1,6,0,0,0,0,0,0,0,0,0,0,,,,,
Tyrod Taylor,QB,BUF,5,LA,124,2,23,12,0,28,0,5,0,0,0,0,0,0,0,0,0,0,0,0,0,0,,,,,
Vernon Davis,TE,WAS,5,BAL,0,0,0,0,0,0,0,0,3,15,0,4,0,0,0,0,0,0,0,0,0,0,,,,,
Victor Cruz,WR,NYG,5,GB,0,0,0,0,0,0,0,0,0,0,0,2,0,0,0,0,0,0,0,0,0,0,,,,,
Vincent Jackson,WR,TB,5,CAR,0,0,0,0,0,0,0,0,3,36,0,5,0,0,0,0,0,0,0,0,0,0,,,,,
WAS,DEF,WAS,5,BAL,,,,,,,,,,,,,,,,,,,,,,,0,0,0,0,10.0
Walt Powell,WR,BUF,5,LA,0,0,0,0,0,0,0,0,0,0,0,1,0,0,0,0,0,0,0,0,0,0,,,,,
Will Fuller,WR,HOU,5,MIN,0,0,0,0,0,0,0,0,1,4,0,6,0,0,0,0,0,0,0,0,0,0,,,,,
Will Tye,TE,NYG,5,GB,0,0,0,0,0,0,0,0,2,37,0,3,0,0,0,0,0,0,0,0,0,0,,,,,
Xavier Grimble,TE,PIT,5,NYJ,0,0,0,0,0,0,0,0,2,13,0,2,0,0,0,0,0,0,0,0,0,0,,,,,
Zach Ertz,TE,PHI,5,DET,0,0,0,0,0,0,0,0,3,37,0,3,0,0,0,0,0,0,0,0,0,0,,,,,
Zach Miller,TE,CHI,5,IND,0,0,0,0,0,0,0,0,7,73,0,8,0,0,0,0,0,0,0,0,0,0,,,,,
Zach Zenner,RB,DET,5,PHI,0,0,0,0,0,9,0,7,2,23,0,2,0,0,0,0,0,0,0,0,0,0,,,,,
A.J. Green,WR,CIN,6,NE,0,0,0,0,0,0,0,0,6,88,0,10,0,0,0,0,0,0,0,0,0,0,,,,,
ARI,DEF,ARI,6,NYJ,,,,,,,,,,,,,,,,,,,,,,,0,0,0,0,3.0
ATL,DEF,ATL,6,SEA,,,,,,,,,,,,,,,,,,,,,,,0,0,0,0,26.0
Aaron Burbridge,WR,SF,6,BUF,0,0,0,0,0,0,0,0,0,0,0,0,0,0,0,0,0,0,0,0,0,0,,,,,
Aaron Rodgers,QB,GB,6,DAL,294,1,42,31,1,7,0,3,0,0,0,0,0,0,0,0,0,0,0,0,0,0,,,,,
Adam Vinatieri,K,IND,6,HOU,0,0,0,0,0,0,0,0,0,0,0,0,0,0,0,0,0,2,1,0,0,2,,,,,
Albert Wilson,WR,KC,6,LV,0,0,0,0,0,0,0,0,1,26,0,1,0,0,0,0,0,0,0,0,0,0,,,,,
Aldrick Robinson,WR,ATL,6,SEA,0,0,0,0,0,0,0,0,1,8,0,2,0,0,0,0,0,0,0,0,0,0,,,,,
Alex Collins,RB,SEA,6,ATL,0,0,0,0,0,2,1,1,1,9,0,1,0,0,0,0,0,0,0,0,0,0,,,,,
Alex Erickson,WR,CIN,6,NE,0,0,0,0,0,0,0,0,0,0,0,0,0,0,0,0,0,0,0,0,0,0,,,,,
Alex Smith,QB,KC,6,LV,224,0,22,19,0,-1,0,3,0,0,0,0,0,0,0,0,0,0,0,0,0,0,,,,,
Alfred Blue,RB,HOU,6,IND,0,0,0,0,0,13,0,2,0,0,0,0,0,0,0,0,0,0,0,0,0,0,,,,,
Alfred Morris,RB,DAL,6,GB,0,0,0,0,0,2,0,3,0,0,0,0,0,0,0,0,0,0,0,0,0,0,,,,,
Allen Hurns,WR,JAX,6,CHI,0,0,0,0,0,0,0,0,5,74,0,11,0,0,0,0,0,0,0,0,0,0,,,,,
Allen Robinson,WR,JAX,6,CHI,0,0,0,0,0,0,0,0,3,49,0,6,0,0,0,0,0,0,0,0,0,0,,,,,
Alshon Jeffery,WR,CHI,6,JAX,0,0,0,0,0,0,0,0,7,93,0,13,0,0,0,0,0,0,0,0,0,0,,,,,
Amari Cooper,WR,LV,6,KC,0,0,0,0,0,0,0,0,10,129,0,13,0,0,0,0,0,0,0,0,0,0,,,,,
Andre Ellington,RB,ARI,6,NYJ,0,0,0,0,0,25,0,5,0,0,0,0,0,0,0,0,0,0,0,0,0,0,,,,,
Andre Holmes,WR,LV,6,KC,0,0,0,0,0,0,0,0,2,11,1,2,0,0,0,0,0,0,0,0,0,0,,,,,
Andre Roberts,WR,DET,6,LA,0,0,0,0,0,0,0,0,2,13,1,2,0,0,0,0,0,0,0,0,0,0,,,,,
Andrew Franks,K,MIA,6,PIT,0,0,0,0,0,0,0,0,0,0,0,0,0,0,0,0,1,2,0,0,0,3,,,,,
Andrew Hawkins,WR,CLE,6,TEN,0,0,0,0,0,0,0,0,3,48,0,4,0,0,0,0,0,0,0,0,0,0,,,,,
Andrew Luck,QB,IND,6,HOU,252,1,32,21,1,53,1,7,0,0,0,0,0,0,0,0,0,0,0,0,0,0,,,,,
Andy Dalton,QB,CIN,6,NE,254,1,31,21,0,17,1,2,0,0,0,0,0,0,0,0,0,0,0,0,0,0,,,,,
Anquan Boldin,WR,DET,6,LA,0,0,0,0,0,0,0,0,8,60,1,9,0,0,0,0,0,0,0,0,0,0,,,,,
Anthony Fasano,TE,TEN,6,CLE,0,0,0,0,0,0,0,0,1,15,1,1,0,0,0,0,0,0,0,0,0,0,,,,,
Antonio Andrews,RB,TEN,6,CLE,0,0,0,0,0,0,0,0,0,0,0,0,0,0,0,0,0,0,0,0,0,0,,,,,
Antonio Brown,WR,PIT,6,MIA,0,0,0,0,0,6,0,1,4,39,0,8,0,0,0,0,0,0,0,0,0,0,,,,,
Antonio Gates,TE,LAC,6,DEN,0,0,0,0,0,0,0,0,2,16,0,6,0,0,0,0,0,0,0,0,0,0,,,,,
Arian Foster,RB,MIA,6,PIT,0,0,0,0,0,3,0,3,2,12,0,2,0,0,0,0,0,0,0,0,0,0,,,,,
Arrelious Benn,WR,JAX,6,CHI,0,0,0,0,0,0,0,0,1,51,1,1,0,0,0,0,0,0,0,0,0,0,,,,,
BAL,DEF,BAL,6,NYG,,,,,,,,,,,,,,,,,,,,,,,0,0,0,0,27.0
BUF,DEF,BUF,6,SF,,,,,,,,,,,,,,,,,,,,,,,0,0,0,0,16.0
Ben Roethlisberger,QB,PIT,6,MIA,189,1,34,19,2,0,0,0,0,0,0,0,0,0,1,0,0,0,0,0,0,0,,,,,
Bennie Fowler,WR,DEN,6,LAC,0,0,0,0,0,0,0,0,3,22,1,7,0,0,0,0,0,0,0,0,0,0,,,,,
Benny Cunningham,RB,LA,6,DET,0,0,0,0,0,9,0,2,2,14,0,2,0,0,0,0,0,0,0,0,0,0,,,,,
Bilal Powell,RB,NYJ,6,ARI,0,0,0,0,0,10,0,3,3,12,0,4,0,0,0,0,0,0,0,0,0,0,,,,,
Blake Bortles,QB,JAX,6,CHI,271,1,33,20,1,1,0,3,0,0,0,0,0,0,0,0,0,0,0,0,0,0,,,,,
Bobby Rainey,RB,NYG,6,BAL,0,0,0,0,0,13,0,6,2,16,0,3,0,0,0,0,0,0,0,0,0,0,,,,,
Bradley Marquez,WR,LA,6,DET,0,0,0,0,0,0,0,0,1,13,0,1,0,0,0,0,0,0,0,0,0,0,,,,,
Brandin Cooks,WR,NO,6,CAR,0,0,0,0,0,2,0,1,7,173,1,9,0,0,0,0,0,0,0,0,0,0,,,,,
Brandon Coleman,WR,NO,6,CAR,0,0,0,0,0,0,0,0,1,6,0,2,0,0,0,0,0,0,0,0,0,0,,,,,
Brandon LaFell,WR,CIN,6,NE,0,0,0,0,0,0,0,0,2,13,1,5,0,0,0,0,0,0,0,0,0,0,,,,,
Brandon Marshall,WR,NYJ,6,ARI,0,0,0,0,0,0,0,0,3,70,0,6,0,0,0,0,0,0,0,0,0,0,,,,,
Brandon McManus,K,DEN,6,LAC,0,0,0,0,0,0,0,0,0,0,0,0,0,0,0,0,1,0,1,0,0,1,,,,,
Brandon Tate,WR,BUF,6,SF,0,0,0,0,0,0,0,0,0,0,0,0,0,0,0,0,0,0,0,0,0,0,,,,,
Brandon Williams,TE,SEA,6,ATL,0,0,0,0,0,0,0,0,0,0,0,0,0,0,0,0,0,0,0,0,0,0,,,,,
Braxton Miller,WR,HOU,6,IND,0,0,0,0,0,0,0,0,2,13,0,4,0,0,0,0,0,0,0,0,0,0,,,,,
Breshad Perriman,WR,BAL,6,NYG,0,0,0,0,0,0,0,0,3,48,0,8,0,0,0,0,0,0,0,0,0,0,,,,,
Brian Hoyer,QB,CHI,6,JAX,302,0,49,30,0,0,0,1,0,0,0,0,0,0,0,0,0,0,0,0,0,0,,,,,
Brian Quick,WR,LA,6,DET,0,0,0,0,0,0,0,0,5,61,0,5,0,0,0,0,0,0,0,0,0,0,,,,,
Brice Butler,WR,DAL,6,GB,0,0,0,0,0,0,0,0,1,20,1,3,0,0,0,0,0,0,0,0,0,0,,,,,
Brittan Golden,WR,ARI,6,NYJ,0,0,0,0,0,0,0,0,0,0,0,0,0,0,0,0,0,0,0,0,0,0,,,,,
Brock Osweiler,QB,HOU,6,IND,269,2,39,25,1,-4,0,2,0,0,0,0,0,0,0,0,0,0,0,0,0,0,,,,,
Bryan Walters,WR,JAX,6,CHI,0,0,0,0,0,0,0,0,0,0,0,0,0,0,0,0,0,0,0,0,0,0,,,,,
C.J. Anderson,RB,DEN,6,LAC,0,0,0,0,0,37,0,10,4,34,0,5,0,0,0,0,0,0,0,0,0,0,,,,,
C.J. Fiedorowicz,TE,HOU,6,IND,0,0,0,0,0,0,0,0,6,85,1,7,0,0,0,0,0,0,0,0,0,0,,,,,
C.J. Spiller,RB,SEA,6,ATL,0,0,0,0,0,-3,0,1,3,38,0,6,0,0,0,0,0,0,0,0,0,0,,,,,
C.J. Uzomah,TE,CIN,6,NE,0,0,0,0,0,0,0,0,1,6,0,2,0,0,0,0,0,0,0,0,0,0,,,,,
CAR,DEF,CAR,6,NO,,,,,,,,,,,,,,,,,,,,,,,0,0,0,0,41.0
CHI,DEF,CHI,6,JAX,,,,,,,,,,,,,,,,,,,,,,,0,0,0,0,17.0
CIN,DEF,CIN,6,NE,,,,,,,,,,,,,,,,,,,,,,,0,0,0,0,35.0
CLE,DEF,CLE,6,TEN,,,,,,,,,,,,,,,,,,,,,,,0,0,0,0,28.0
Cairo Santos,K,KC,6,LV,0,0,0,0,0,0,0,0,0,0,0,0,0,0,0,0,1,0,1,0,0,2,,,,,
Caleb Sturgis,K,PHI,6,WAS,0,0,0,0,0,0,0,0,0,0,0,0,0,0,0,0,1,1,0,0,0,2,,,,,
Cam Newton,QB,CAR,6,NO,322,2,47,27,1,1,1,2,0,0,0,0,0,0,1,0,0,0,0,0,0,0,,,,,
Cameron Meredith,WR,CHI,6,JAX,0,0,0,0,0,0,0,0,11,113,0,15,0,0,0,0,0,0,0,0,0,0,,,,,
Carlos Hyde,RB,SF,6,BUF,0,0,0,0,0,52,0,14,0,0,0,0,0,0,0,0,0,0,0,0,0,0,,,,,
Carson Palmer,QB,ARI,6,NYJ,213,1,34,23,0,-1,0,3,0,0,0,0,0,0,0,0,0,0,0,0,0,0,,,,,
Carson Wentz,QB,PHI,6,WAS,179,0,22,11,0,2,0,2,0,0,0,0,0,0,0,0,0,0,0,0,0,0,,,,,
Case Keenum,QB,LA,6,DET,321,3,32,27,1,7,1,3,0,0,0,0,0,0,0,0,0,0,0,0,0,0,,,,,
Chandler Catanzaro,K,ARI,6,NYJ,0,0,0,0,0,0,0,0,0,0,0,0,0,0,0,0,0,0,0,0,0,4,,,,,
Charcandrick West,RB,KC,6,LV,0,0,0,0,0,19,0,3,0,0,0,0,0,0,0,0,0,0,0,0,0,0,,,,,
Charles Clay,TE,BUF,6,SF,0,0,0,0,0,0,0,0,5,52,0,7,0,0,0,0,0,0,0,0,0,0,,,,,
Charone Peake,WR,NYJ,6,ARI,0,0,0,0,0,0,0,0,5,43,0,10,0,0,0,0,0,0,0,0,0,0,,,,,
Chase Reynolds,RB,LA,6,DET,0,0,0,0,0,0,0,0,0,0,0,0,0,0,0,0,0,0,0,0,0,0,,,,,
Chester Rogers,WR,IND,6,HOU,0,0,0,0,0,0,0,0,4,63,0,4,0,0,0,0,0,0,0,0,0,0,,,,,
Chris Boswell,K,PIT,6,MIA,0,0,0,0,0,0,0,0,0,0,0,0,0,0,0,0,0,0,0,0,0,1,,,,,
Chris Conley,WR,KC,6,LV,0,0,0,0,0,0,0,0,3,26,0,4,0,0,0,0,0,0,0,0,0,0,,,,,
Chris Hogan,WR,NE,6,CIN,0,0,0,0,0,0,0,0,1,39,0,1,0,0,0,0,0,0,0,0,0,0,,,,,
Chris Ivory,RB,JAX,6,CHI,0,0,0,0,0,32,1,11,2,3,0,2,0,0,0,0,0,0,0,0,0,0,,,,,
Chris Moore,WR,BAL,6,NYG,0,0,0,0,0,0,0,0,0,0,0,0,0,0,0,0,0,0,0,0,0,0,,,,,
Chris Thompson,RB,WAS,6,PHI,0,0,0,0,0,37,0,9,3,29,0,3,0,0,0,0,0,0,0,0,0,0,,,,,
Christine Michael,RB,SEA,6,ATL,0,0,0,0,0,64,2,18,3,19,0,3,0,0,0,0,0,0,0,0,0,0,,,,,
Clay Harbor,TE,DET,6,LA,0,0,0,0,0,0,0,0,1,3,0,1,0,0,0,0,0,0,0,0,0,0,,,,,
Clive Walford,TE,LV,6,KC,0,0,0,0,0,0,0,0,2,25,0,2,0,0,0,0,0,0,0,0,0,0,,,,,
Cobi Hamilton,WR,PIT,6,MIA,0,0,0,0,0,0,0,0,2,36,1,2,0,0,0,0,0,0,0,0,0,0,,,,,
Coby Fleener,TE,NO,6,CAR,0,0,0,0,0,2,1,1,6,74,1,7,0,0,0,0,0,0,0,0,0,0,,,,,
Cody Kessler,QB,CLE,6,TEN,336,2,41,26,0,3,0,1,0,0,0,0,0,0,0,0,0,0,0,0,0,0,,,,,
Cody Parkey,K,CLE,6,TEN,0,0,0,0,0,0,0,0,0,0,0,0,0,0,0,0,0,1,1,0,0,2,,,,,
Cole Beasley,WR,DAL,6,GB,0,0,0,0,0,0,0,0,6,58,2,6,0,0,0,0,0,0,0,0,0,0,,,,,
Colin Kaepernick,QB,SF,6,BUF,187,1,29,13,0,66,0,8,0,0,0,0,0,0,0,0,0,0,0,0,0,0,,,,,
Connor Barth,K,CHI,6,JAX,0,0,0,0,0,0,0,0,0,0,0,0,0,0,0,0,1,2,0,0,0,1,,,,,
Corey Brown,WR,CAR,6,NO,0,0,0,0,0,0,0,0,2,33,0,4,0,0,0,0,0,0,0,0,0,0,,,,,
Crockett Gillmore,TE,BAL,6,NYG,0,0,0,0,0,0,0,0,0,0,0,1,0,0,0,0,0,0,0,0,0,0,,,,,
D.J. Foster,RB,NE,6,CIN,0,0,0,0,0,0,0,0,0,0,0,0,0,0,0,0,0,0,0,0,0,0,,,,,
DAL,DEF,DAL,6,GB,,,,,,,,,,,,,,,,,,,,,,,0,0,0,0,16.0
DEN,DEF,DEN,6,LAC,,,,,,,,,,,,,,,,,,,,,,,0,0,0,0,21.0
DET,DEF,DET,6,LA,,,,,,,,,,,,,,,,,,,,,,,0,0,0,0,28.0
Dak Prescott,QB,DAL,6,GB,247,3,27,18,1,6,0,1,0,0,0,0,0,0,0,0,0,0,0,0,0,0,,,,,
Damien Williams,RB,MIA,6,PIT,0,0,0,0,0,12,1,6,2,5,0,2,0,0,0,0,0,0,0,0,0,0,,,,,
Dan Bailey,K,DAL,6,GB,0,0,0,0,0,0,0,0,0,0,0,0,0,0,0,0,1,1,1,0,0,3,,,,,
Dan Carpenter,K,BUF,6,SF,0,0,0,0,0,0,0,0,0,0,0,0,0,0,0,0,0,0,1,0,0,6,,,,,
Daniel Lasco,RB,NO,6,CAR,0,0,0,0,0,5,0,2,1,4,0,2,0,0,0,0,0,0,0,0,0,0,,,,,
Danny Amendola,WR,NE,6,CIN,0,0,0,0,0,0,0,0,2,30,0,2,0,0,0,0,0,0,0,0,0,0,,,,,
Darren Fells,TE,ARI,6,NYJ,0,0,0,0,0,0,0,0,1,8,0,1,0,0,0,0,0,0,0,0,0,0,,,,,
Darren Sproles,RB,PHI,6,WAS,0,0,0,0,0,20,0,4,1,4,0,1,0,0,0,0,0,0,0,0,0,0,,,,,
Darren Waller,TE,BAL,6,NYG,0,0,0,0,0,0,0,0,0,0,0,0,0,0,0,0,0,0,0,0,0,0,,,,,
Darrius Heyward-Bey,WR,PIT,6,MIA,0,0,0,0,0,60,1,1,0,0,0,2,0,0,0,0,0,0,0,0,0,0,,,,,
Davante Adams,WR,GB,6,DAL,0,0,0,0,0,0,0,0,2,34,0,3,0,0,0,0,0,0,0,0,0,0,,,,,
David Johnson,TE,PIT,6,MIA,0,0,0,0,0,0,0,0,0,0,0,1,0,0,0,0,0,0,0,0,0,0,,,,,
David Johnson,RB,ARI,6,NYJ,0,0,0,0,0,111,3,22,3,27,0,6,0,0,0,0,0,0,0,0,0,0,,,,,
De'Anthony Thomas,WR,KC,6,LV,0,0,0,0,0,0,0,0,2,14,0,2,0,0,0,0,0,0,0,0,0,0,,,,,
DeAndre Hopkins,WR,HOU,6,IND,0,0,0,0,0,0,0,0,9,71,0,15,0,0,0,0,0,0,0,0,0,0,,,,,
DeAndre Washington,RB,LV,6,KC,0,0,0,0,0,49,0,10,0,0,0,1,0,0,0,0,0,0,0,0,0,0,,,,,
DeAngelo Williams,RB,PIT,6,MIA,0,0,0,0,0,10,0,3,0,0,0,0,0,0,0,0,0,0,0,0,0,0,,,,,
DeMarco Murray,RB,TEN,6,CLE,0,0,0,0,0,65,1,21,0,0,0,2,0,0,0,0,0,0,0,0,0,0,,,,,
DeSean Jackson,WR,WAS,6,PHI,0,0,0,0,0,0,0,0,4,55,0,9,0,0,0,0,0,0,0,0,0,0,,,,,
DeVante Parker,WR,MIA,6,PIT,0,0,0,0,0,0,0,0,5,28,0,7,0,0,0,0,0,0,0,0,0,0,,,,,
Delanie Walker,TE,TEN,6,CLE,0,0,0,0,0,0,0,0,1,21,0,2,0,0,0,0,0,0,0,0,0,0,,,,,
Demaryius Thomas,WR,DEN,6,LAC,0,0,0,0,0,0,0,0,5,35,0,10,0,0,0,0,0,0,0,0,0,0,,,,,
Demetrius Harris,TE,KC,6,LV,0,0,0,0,0,0,0,0,1,11,0,2,0,0,0,0,0,0,0,0,0,0,,,,,
Denard Robinson,RB,JAX,6,CHI,0,0,0,0,0,0,0,0,0,0,0,0,0,0,0,0,0,0,0,0,0,0,,,,,
Dennis Pitta,TE,BAL,6,NYG,0,0,0,0,0,0,0,0,6,36,0,10,0,0,0,0,0,0,0,0,0,0,,,,,
Derek Carr,QB,LV,6,KC,225,1,34,22,1,8,0,3,0,0,0,0,0,0,0,0,0,0,0,0,0,0,,,,,
Derrick Henry,RB,TEN,6,CLE,0,0,0,0,0,7,0,2,2,20,0,2,0,0,0,0,0,0,0,0,0,0,,,,,
Devin Funchess,WR,CAR,6,NO,0,0,0,0,0,0,0,0,2,28,1,6,0,0,1,0,0,0,0,0,0,0,,,,,
Devonta Freeman,RB,ATL,6,SEA,0,0,0,0,0,40,0,12,3,10,0,5,0,0,0,0,0,0,0,0,0,0,,,,,
Devontae Booker,RB,DEN,6,LAC,0,0,0,0,0,46,0,5,2,7,0,2,0,0,0,0,0,0,0,0,0,0,,,,,
Dexter McCluster,WR,LAC,6,DEN,0,0,0,0,0,0,0,0,2,15,0,2,0,0,0,0,0,0,0,0,0,0,,,,,
Dion Sims,TE,MIA,6,PIT,0,0,0,0,0,0,0,0,1,12,0,2,0,0,0,0,0,0,0,0,0,0,,,,,
Dominique Jones,TE,MIA,6,PIT,0,0,0,0,0,0,0,0,1,8,0,2,0,0,0,0,0,0,0,0,0,0,,,,,
Dontrelle Inman,WR,LAC,6,DEN,0,0,0,0,0,0,0,0,1,11,0,1,0,0,0,0,0,0,0,0,0,0,,,,,
Dorial Green-Beckham,WR,PHI,6,WAS,0,0,0,0,0,0,0,0,1,23,0,4,0,0,0,0,0,0,0,0,0,0,,,,,
Doug Baldwin,WR,SEA,6,ATL,0,0,0,0,0,0,0,0,4,31,0,5,0,0,0,0,0,0,0,0,0,0,,,,,
Drew Brees,QB,NO,6,CAR,465,4,49,34,1,0,0,0,0,0,0,0,0,0,0,0,0,0,0,0,0,0,,,,,
Drew Stanton,QB,ARI,6,NYJ,12,0,1,1,0,-1,0,1,0,0,0,0,0,0,0,0,0,0,0,0,0,0,,,,,
Duke Johnson,RB,CLE,6,TEN,0,0,0,0,0,18,1,4,4,56,0,6,0,0,0,0,0,0,0,0,0,0,,,,,
Dustin Hopkins,K,WAS,6,PHI,0,0,0,0,0,0,0,0,0,0,0,0,0,0,0,0,0,1,0,1,0,3,,,,,
Dwayne Allen,TE,IND,6,HOU,0,0,0,0,0,0,0,0,1,9,0,2,0,0,0,0,0,0,0,0,0,0,,,,,
Dwayne Harris,WR,NYG,6,BAL,0,0,0,0,0,0,0,0,0,0,0,0,0,0,0,0,0,0,0,0,0,0,,,,,
EJ Manuel,QB,BUF,6,SF,0,0,2,0,0,11,0,3,0,0,0,0,0,0,0,0,0,0,0,0,0,0,,,,,
Ed Dickson,TE,CAR,6,NO,0,0,0,0,0,0,0,0,3,23,1,4,0,0,0,0,0,0,0,0,0,0,,,,,
Eddie Lacy,RB,GB,6,DAL,0,0,0,0,0,65,0,17,1,6,0,1,0,0,0,0,0,0,0,0,0,0,,,,,
Eddie Royal,WR,CHI,6,JAX,0,0,0,0,0,0,0,0,4,54,0,6,0,0,0,0,0,0,0,0,0,0,,,,,
Eli Manning,QB,NYG,6,BAL,403,3,46,32,2,0,0,0,0,0,0,0,0,0,0,0,0,0,0,0,0,0,,,,,
Eli Rogers,WR,PIT,6,MIA,0,0,0,0,0,0,0,0,4,35,0,5,0,0,0,0,0,0,0,0,0,0,,,,,
Emmanuel Sanders,WR,DEN,6,LAC,0,0,0,0,0,0,0,0,4,40,0,6,0,0,0,0,0,0,0,0,0,0,,,,,
Eric Weems,WR,ATL,6,SEA,0,0,0,0,0,0,0,0,0,0,0,0,0,0,0,0,0,0,0,0,0,0,,,,,
Erik Swoope,TE,IND,6,HOU,0,0,0,0,0,0,0,0,2,42,0,3,0,0,0,0,0,0,0,0,0,0,,,,,
Ezekiel Elliott,RB,DAL,6,GB,0,0,0,0,0,157,0,28,2,17,0,4,0,0,0,0,0,0,0,0,0,0,,,,,
Fitzgerald Toussaint,RB,PIT,6,MIA,0,0,0,0,0,0,0,0,0,0,0,0,0,0,0,0,0,0,0,0,0,0,,,,,
Fozzy Whittaker,RB,CAR,6,NO,0,0,0,0,0,-1,0,1,1,4,0,2,0,0,0,0,0,0,0,0,0,0,,,,,
Frank Gore,RB,IND,6,HOU,0,0,0,0,0,106,0,22,1,2,0,1,0,0,0,0,0,0,0,0,0,0,,,,,
GB,DEF,GB,6,DAL,,,,,,,,,,,,,,,,,,,,,,,0,0,0,0,30.0
Gary Barnidge,TE,CLE,6,TEN,0,0,0,0,0,0,0,0,3,59,0,5,0,0,0,0,0,0,0,0,0,0,,,,,
Geno Smith,QB,NYJ,6,ARI,31,0,6,4,1,2,0,1,0,0,0,0,0,0,0,0,0,0,0,0,0,0,,,,,
George Atkinson,RB,CLE,6,TEN,0,0,0,0,0,0,0,0,0,0,0,0,0,0,0,0,0,0,0,0,0,0,,,,,
Giovani Bernard,RB,CIN,6,NE,0,0,0,0,0,49,0,15,4,45,0,5,0,0,0,0,0,0,0,0,0,0,,,,,
Golden Tate,WR,DET,6,LA,0,0,0,0,0,3,0,1,8,165,1,10,0,0,0,0,0,0,0,0,0,0,,,,,
Graham Gano,K,CAR,6,NO,0,0,0,0,0,0,0,0,0,0,0,0,0,0,0,0,0,0,1,0,0,3,,,,,
Greg Olsen,TE,CAR,6,NO,0,0,0,0,0,0,0,0,6,94,0,7,0,0,0,0,0,0,0,0,0,0,,,,,
Greg Zuerlein,K,LA,6,DET,0,0,0,0,0,0,0,0,0,0,0,0,0,0,0,0,0,0,0,0,0,4,,,,,
Griff Whalen,WR,LAC,6,DEN,0,0,0,0,0,0,0,0,0,0,0,1,0,0,0,0,0,0,0,0,0,0,,,,,
HOU,DEF,HOU,6,IND,,,,,,,,,,,,,,,,,,,,,,,0,0,0,0,23.0
Hunter Henry,TE,LAC,6,DEN,0,0,0,0,0,0,0,0,6,83,1,8,0,0,0,0,0,0,0,0,0,0,,,,,
IND,DEF,IND,6,HOU,,,,,,,,,,,,,,,,,,,,,,,0,0,0,0,26.0
Ifeanyi Momah,TE,ARI,6,NYJ,0,0,0,0,0,0,0,0,0,0,0,1,0,0,0,0,0,0,0,0,0,0,,,,,
Isaiah Crowell,RB,CLE,6,TEN,0,0,0,0,0,16,0,9,2,20,0,2,0,0,0,0,0,0,0,0,0,0,,,,,
J.J. Nelson,WR,ARI,6,NYJ,0,0,0,0,0,23,0,2,2,16,0,2,0,0,0,0,0,0,0,0,0,0,,,,,
JAX,DEF,JAX,6,CHI,,,,,,,,,,,,,,,,,,,,,,,0,0,0,0,16.0
Jack Doyle,TE,IND,6,HOU,0,0,0,0,0,0,0,0,4,53,1,4,0,0,0,0,0,0,0,0,0,0,,,,,
Jacob Tamme,TE,ATL,6,SEA,0,0,0,0,0,0,0,0,2,16,0,3,0,0,0,0,0,0,0,0,0,0,,,,,
Jaelen Strong,WR,HOU,6,IND,0,0,0,0,0,0,0,0,1,36,0,2,0,0,0,0,0,0,0,0,0,0,,,,,
Jake Lampman,WR,NO,6,CAR,0,0,0,0,0,0,0,0,0,0,0,0,0,0,0,0,0,0,0,0,0,0,,,,,
Jakeem Grant,WR,MIA,6,PIT,0,0,0,0,0,0,0,0,0,0,0,0,0,0,0,0,0,0,0,0,0,0,,,,,
Jalen Richard,RB,LV,6,KC,0,0,0,0,0,7,0,4,2,5,0,3,0,0,0,0,0,0,0,0,0,0,,,,,
Jalin Marshall,WR,NYJ,6,ARI,0,0,0,0,0,0,0,0,1,11,0,3,0,0,0,0,0,0,0,0,0,0,,,,,
Jalston Fowler,RB,TEN,6,CLE,0,0,0,0,0,0,0,0,0,0,0,0,0,0,0,0,0,0,0,0,0,0,,,,,
Jamaal Charles,RB,KC,6,LV,0,0,0,0,0,33,1,9,2,14,0,2,0,0,0,0,0,0,0,0,0,0,,,,,
James O'Shaughnessy,TE,KC,6,LV,0,0,0,0,0,0,0,0,0,0,0,0,0,0,0,0,0,0,0,0,0,0,,,,,
James White,RB,NE,6,CIN,0,0,0,0,0,19,0,7,8,47,2,9,0,0,0,0,0,0,0,0,0,0,,,,,
James Wright,WR,CIN,6,NE,0,0,0,0,0,0,0,0,1,1,0,1,0,0,0,0,0,0,0,0,0,0,,,,,
Jamison Crowder,WR,WAS,6,PHI,0,0,0,0,0,-9,0,1,3,52,1,4,0,0,0,0,0,0,0,0,0,0,,,,,
Jared Abbrederis,WR,GB,6,DAL,0,0,0,0,0,0,0,0,0,0,0,1,0,0,0,0,0,0,0,0,0,0,,,,,
Jaron Brown,WR,ARI,6,NYJ,0,0,0,0,0,0,0,0,4,35,0,5,0,0,0,0,0,0,0,0,0,0,,,,,
Jarvis Landry,WR,MIA,6,PIT,0,0,0,0,0,0,0,0,7,91,0,9,0,0,0,0,0,0,0,0,0,0,,,,,
Jason Myers,K,JAX,6,CHI,0,0,0,0,0,0,0,0,0,0,0,0,0,0,0,0,0,1,0,0,0,2,,,,,
Jason Witten,TE,DAL,6,GB,0,0,0,0,0,0,0,0,4,42,0,8,0,0,0,0,0,0,0,0,0,0,,,,,
Jay Ajayi,RB,MIA,6,PIT,0,0,0,0,0,204,2,25,1,3,0,2,0,0,0,0,0,0,0,0,0,0,,,,,
Jeff Janis,WR,GB,6,DAL,0,0,0,0,0,0,0,0,2,14,0,2,0,0,0,0,0,0,0,0,0,0,,,,,
Jerell Adams,TE,NYG,6,BAL,0,0,0,0,0,0,0,0,0,0,0,0,0,0,0,0,0,0,0,0,0,0,,,,,
Jeremy Hill,RB,CIN,6,NE,0,0,0,0,0,38,0,13,1,3,0,1,0,0,0,0,0,0,0,0,0,0,,,,,
Jeremy Kerley,WR,SF,6,BUF,0,0,0,0,0,0,0,0,2,12,0,7,0,0,0,0,0,0,0,0,0,0,,,,,
Jeremy Maclin,WR,KC,6,LV,0,0,1,0,0,0,0,0,3,49,0,3,0,0,0,0,0,0,0,0,0,0,,,,,
Jermaine Gresham,TE,ARI,6,NYJ,0,0,0,0,0,0,0,0,1,14,0,2,0,0,0,0,0,0,0,0,0,0,,,,,
Jermaine Kearse,WR,SEA,6,ATL,0,0,0,0,0,0,0,0,3,35,0,5,0,0,0,0,0,0,0,0,0,0,,,,,
Jesse James,TE,PIT,6,MIA,0,0,0,0,0,0,0,0,2,13,0,3,0,0,0,0,0,0,0,0,0,0,,,,,
Jimmy Graham,TE,SEA,6,ATL,0,0,0,0,0,0,0,0,6,89,0,9,0,0,0,0,0,0,0,0,0,0,,,,,
Joe Flacco,QB,BAL,6,NYG,307,0,48,26,0,0,0,1,0,0,0,0,0,0,0,0,0,0,0,0,0,0,,,,,
John Brown,WR,ARI,6,NYJ,0,0,0,0,0,0,0,0,5,54,0,7,0,0,0,0,0,0,0,0,0,0,,,,,
John Phillips,TE,DEN,6,LAC,0,0,0,0,0,0,0,0,3,31,0,3,0,0,0,0,0,0,0,0,0,0,,,,,
Jonathan Stewart,RB,CAR,6,NO,0,0,0,0,0,85,2,19,0,0,0,1,0,0,0,0,0,0,0,0,0,0,,,,,
Jonathan Williams,RB,BUF,6,SF,0,0,0,0,0,21,0,5,0,0,0,0,0,0,0,0,0,0,0,0,0,0,,,,,
Jordan Howard,RB,CHI,6,JAX,0,0,0,0,0,34,1,15,2,6,0,4,0,0,0,0,0,0,0,0,0,0,,,,,
Jordan Matthews,TE,PHI,6,WAS,0,0,0,0,0,0,0,0,3,75,0,7,0,0,0,0,0,0,0,0,0,0,,,,,
Jordan Norwood,WR,DEN,6,LAC,0,0,0,0,0,0,0,0,5,39,0,7,0,0,0,0,0,0,0,0,0,0,,,,,
Jordan Payton,WR,CLE,6,TEN,0,0,0,0,0,0,0,0,0,0,0,2,0,0,0,0,0,0,0,0,0,0,,,,,
Jordan Taylor,WR,DEN,6,LAC,0,0,0,0,0,0,0,0,1,1,0,3,0,0,0,0,0,0,0,0,0,0,,,,,
Jordan Todman,RB,IND,6,HOU,0,0,0,0,0,0,0,0,0,0,0,0,0,0,0,0,0,0,0,0,0,0,,,,,
Jordy Nelson,WR,GB,6,DAL,0,0,0,0,0,0,0,0,5,68,0,7,0,0,0,0,0,0,0,0,0,0,,,,,
Josh Bellamy,WR,CHI,6,JAX,0,0,0,0,0,7,0,1,0,0,0,0,0,0,0,0,0,0,0,0,0,0,,,,,
Josh Brown,K,NYG,6,BAL,0,0,0,0,0,0,0,0,0,0,0,0,0,0,0,0,1,1,0,0,0,3,,,,,
Josh Ferguson,RB,IND,6,HOU,0,0,0,0,0,0,0,0,0,0,0,0,0,0,0,0,0,0,0,0,0,0,,,,,
Josh Hill,TE,NO,6,CAR,0,0,0,0,0,0,0,0,2,23,1,5,0,0,0,0,0,0,0,0,0,0,,,,,
Josh Huff,WR,PHI,6,WAS,0,0,0,0,0,0,0,0,0,0,0,0,0,0,0,0,0,0,0,0,0,0,,,,,
Josh Lambo,K,LAC,6,DEN,0,0,0,0,0,0,0,0,0,0,0,0,0,0,0,0,1,3,0,0,0,1,,,,,
Julian Edelman,WR,NE,6,CIN,0,0,0,0,0,8,0,1,4,30,0,7,0,0,0,0,0,0,0,0,0,0,,,,,
Julio Jones,WR,ATL,6,SEA,0,0,0,0,0,0,0,0,7,139,1,9,0,0,0,0,0,0,0,0,0,0,,,,,
Julius Thomas,TE,JAX,6,CHI,0,0,0,0,0,0,0,0,2,28,0,4,0,0,0,0,0,0,0,0,0,0,,,,,
Justin Forsett,RB,DET,6,LA,0,0,0,0,0,5,0,5,0,0,0,1,0,0,0,0,0,0,0,0,0,0,,,,,
Justin Hardy,WR,ATL,6,SEA,0,0,0,0,0,0,0,0,3,30,0,3,0,0,0,0,0,0,0,0,0,0,,,,,
Justin Hunter,WR,BUF,6,SF,0,0,0,0,0,0,0,0,1,30,1,3,0,0,0,0,0,0,0,0,0,0,,,,,
Justin Perillo,TE,GB,6,DAL,0,0,0,0,0,0,0,0,1,4,0,1,0,0,0,0,0,0,0,0,0,0,,,,,
Justin Tucker,K,BAL,6,NYG,0,0,0,0,0,0,0,0,0,0,0,0,0,0,0,0,1,2,0,0,0,2,,,,,
KC,DEF,KC,6,LV,,,,,,,,,,,,,,,,,,,,,,,0,0,0,0,10.0
Ka'Deem Carey,RB,CHI,6,JAX,0,0,0,0,0,50,0,9,0,0,0,1,0,0,0,0,0,0,0,0,0,0,,,,,
Kamar Aiken,WR,BAL,6,NYG,0,0,0,0,0,0,0,0,4,64,0,6,0,0,0,0,0,0,0,0,0,0,,,,,
Keith Mumphery,WR,HOU,6,IND,0,0,0,0,0,0,0,0,0,0,0,0,0,0,0,0,0,0,0,0,0,0,,,,,
Kellen Davis,TE,NYJ,6,ARI,0,0,0,0,0,0,0,0,0,0,0,0,0,0,0,0,0,0,0,0,0,0,,,,,
Kelvin Benjamin,WR,CAR,6,NO,0,0,0,0,0,0,0,0,8,86,0,14,0,0,0,0,0,0,0,0,0,0,,,,,
Kendall Wright,WR,TEN,6,CLE,0,0,0,0,0,0,0,0,8,133,1,9,0,0,0,0,0,0,0,0,0,0,,,,,
Kenjon Barner,RB,PHI,6,WAS,0,0,0,0,0,6,0,2,0,0,0,0,0,0,0,0,0,0,0,0,0,0,,,,,
Kenneth Dixon,RB,BAL,6,NYG,0,0,0,0,0,11,0,2,1,1,0,2,0,0,0,0,0,0,0,0,0,0,,,,,
Kenneth Farrow,RB,LAC,6,DEN,0,0,0,0,0,5,0,2,0,0,0,0,0,0,0,0,0,0,0,0,0,0,,,,,
Kenny Britt,WR,LA,6,DET,0,0,0,0,0,0,0,0,7,136,2,8,0,0,0,0,0,0,0,0,0,0,,,,,
Kenny Stills,WR,MIA,6,PIT,0,0,0,0,0,0,0,0,2,12,0,3,0,0,0,0,0,0,0,0,0,0,,,,,
Kenyan Drake,RB,MIA,6,PIT,0,0,0,0,0,0,0,0,0,0,0,0,0,0,0,0,0,0,0,0,0,0,,,,,
Keshawn Martin,WR,SF,6,BUF,0,0,0,0,0,0,0,0,0,0,0,0,0,0,0,0,0,0,0,0,0,0,,,,,
Kirk Cousins,QB,WAS,6,PHI,263,2,34,18,1,8,0,2,0,0,0,0,0,0,0,0,0,0,0,0,0,0,,,,,
Kyle Juszczyk,RB,BAL,6,NYG,0,0,0,0,0,0,0,0,4,25,0,6,0,0,0,0,0,0,0,0,0,0,,,,,
LA,DEF,LA,6,DET,,,,,,,,,,,,,,,,,,,,,,,0,0,0,0,31.0
LAC,DEF,LAC,6,DEN,,,,,,,,,,,,,,,,,,,,,,,0,1,0,0,0.0
LV,DEF,LV,6,KC,,,,,,,,,,,,,,,,,,,,,,,0,0,0,0,0.0
Lamar Miller,RB,HOU,6,IND,0,0,0,0,0,149,1,24,3,29,1,4,0,0,0,0,0,0,0,0,0,0,,,,,
Lance Kendricks,TE,LA,6,DET,0,0,0,0,0,0,0,0,5,34,1,8,0,0,0,0,0,0,0,0,0,0,,,,,
Landry Jones,QB,PIT,6,MIA,0,0,1,0,0,-1,0,1,0,0,0,0,0,0,0,0,0,0,0,0,0,0,,,,,
Larry Donnell,TE,NYG,6,BAL,0,0,0,0,0,0,0,0,6,34,0,7,0,0,0,0,0,0,0,0,0,0,,,,,
Larry Fitzgerald,WR,ARI,6,NYJ,0,0,0,0,0,0,0,0,6,49,0,9,0,0,0,0,0,0,0,0,0,0,,,,,
Le'Veon Bell,RB,PIT,6,MIA,0,0,0,0,0,53,0,10,6,55,0,7,0,0,1,0,0,0,0,0,0,0,,,,,
LeGarrette Blount,RB,NE,6,CIN,0,0,0,0,0,50,1,13,2,20,0,2,0,0,0,0,0,0,0,0,0,0,,,,,
LeSean McCoy,RB,BUF,6,SF,0,0,0,0,0,140,3,19,1,2,0,2,0,0,0,0,0,0,0,0,0,0,,,,,
Levine Toilolo,TE,ATL,6,SEA,0,0,0,0,0,0,0,0,3,69,1,4,0,0,0,0,0,0,0,0,0,0,,,,,
Logan Paulsen,TE,CHI,6,JAX,0,0,0,0,0,0,0,0,0,0,0,0,0,0,0,0,0,0,0,0,0,0,,,,,
Lucky Whitehead,WR,DAL,6,GB,0,0,0,0,0,26,0,1,1,35,0,1,0,0,0,0,0,0,0,0,0,0,,,,,
Luke Willson,TE,SEA,6,ATL,0,0,0,0,0,0,0,0,1,9,0,1,0,0,0,0,0,0,0,0,0,0,,,,,
MIA,DEF,MIA,6,PIT,,,,,,,,,,,,,,,,,,,,,,,0,0,0,0,15.0
MarQueis Gray,TE,MIA,6,PIT,0,0,0,0,0,0,0,0,3,81,0,3,0,0,0,0,0,0,0,0,0,0,,,,,
Marc Mariani,WR,TEN,6,CLE,0,0,0,0,0,0,0,0,0,0,0,0,0,0,0,0,0,0,0,0,0,0,,,,,
Marcedes Lewis,TE,JAX,6,CHI,0,0,0,0,0,0,0,0,0,0,0,1,0,0,0,0,0,0,0,0,0,0,,,,,
Marcus Mariota,QB,TEN,6,CLE,284,3,24,17,1,64,0,7,0,0,0,0,0,0,0,0,0,0,0,0,0,0,,,,,
Mark Ingram,RB,NO,6,CAR,0,0,0,0,0,51,0,16,2,9,0,3,0,0,0,0,0,0,0,0,0,0,,,,,
Marqise Lee,WR,JAX,6,CHI,0,0,0,0,0,0,0,0,6,61,0,6,0,0,0,0,0,0,0,0,0,0,,,,,
Marquise Goodwin,WR,BUF,6,SF,0,0,0,0,0,0,0,0,2,22,0,4,0,0,0,0,0,0,0,0,0,0,,,,,
Martellus Bennett,TE,NE,6,CIN,0,0,0,0,0,0,0,0,5,48,0,5,0,0,0,0,0,0,0,0,0,0,,,,,
Marvin Jones,WR,DET,6,LA,0,0,0,0,0,3,0,1,2,10,1,6,0,0,0,0,0,0,0,0,0,0,,,,,
Mason Crosby,K,GB,6,DAL,0,0,0,0,0,0,0,0,0,0,0,0,0,0,0,0,0,2,1,0,0,1,,,,,
Matt Bryant,K,ATL,6,SEA,0,0,0,0,0,0,0,0,0,0,0,0,0,0,0,0,0,1,0,0,0,3,,,,,
Matt Forte,RB,NYJ,6,ARI,0,0,0,0,0,19,0,9,1,3,0,3,0,0,0,0,0,0,0,0,0,0,,,,,
Matt Jones,RB,WAS,6,PHI,0,0,0,0,0,135,1,16,0,0,0,0,0,0,0,0,0,0,0,0,0,0,,,,,
Matt Prater,K,DET,6,LA,0,0,0,0,0,0,0,0,0,0,0,0,0,0,0,0,0,1,0,0,0,4,,,,,
Matt Ryan,QB,ATL,6,SEA,335,3,42,27,1,2,0,1,0,0,0,0,0,0,0,0,0,0,0,0,0,0,,,,,
Matthew Stafford,QB,DET,6,LA,270,4,31,23,0,14,0,5,0,0,0,0,0,0,0,0,0,0,0,0,0,0,,,,,
Melvin Gordon,RB,LAC,6,DEN,0,0,0,0,0,94,0,27,0,0,0,2,0,0,0,0,0,0,0,0,0,0,,,,,
Michael Crabtree,WR,LV,6,KC,0,0,0,0,0,0,0,0,2,10,0,4,0,0,0,0,0,0,0,0,0,0,,,,,
Michael Floyd,WR,ARI,6,NYJ,0,0,0,0,0,0,0,0,2,22,1,2,0,0,0,0,0,0,0,0,0,0,,,,,
Michael Thomas,WR,NO,6,CAR,0,0,0,0,0,0,0,0,5,78,1,5,0,0,0,0,0,0,0,0,0,0,,,,,
Mike Davis,RB,SF,6,BUF,0,0,0,0,0,13,0,5,1,6,0,3,0,0,0,0,0,0,0,0,0,0,,,,,
Mike Gillislee,RB,BUF,6,SF,0,0,0,0,0,61,1,6,0,0,0,0,0,0,0,0,0,0,0,0,0,0,,,,,
Mike Nugent,K,CIN,6,NE,0,0,0,0,0,0,0,0,0,0,0,0,0,0,0,0,1,0,0,0,0,2,,,,,
Mike Wallace,WR,BAL,6,NYG,0,0,0,0,0,0,0,0,4,97,0,9,0,0,0,0,0,0,0,0,0,0,,,,,
Mohamed Sanu,WR,ATL,6,SEA,0,0,0,0,0,0,0,0,5,47,1,10,0,0,0,0,0,0,0,0,0,0,,,,,
Mychal Rivera,TE,LV,6,KC,0,0,0,0,0,0,0,0,1,16,0,2,0,0,0,0,0,0,0,0,0,0,,,,,
NE,DEF,NE,6,CIN,,,,,,,,,,,,,,,,,,,,,,,0,1,0,0,17.0
NO,DEF,NO,6,CAR,,,,,,,,,,,,,,,,,,,,,,,0,0,0,0,38.0
NYG,DEF,NYG,6,BAL,,,,,,,,,,,,,,,,,,,,,,,0,0,0,0,23.0
NYJ,DEF,NYJ,6,ARI,,,,,,,,,,,,,,,,,,,,,,,0,0,0,0,28.0
Nelson Agholor,WR,PHI,6,WAS,0,0,0,0,0,0,0,0,3,34,0,4,0,0,0,0,0,0,0,0,0,0,,,,,
Nick Folk,K,NYJ,6,ARI,0,0,0,0,0,0,0,0,0,0,0,0,0,0,0,0,0,1,0,0,0,0,,,,,
Nick Novak,K,HOU,6,IND,0,0,0,0,0,0,0,0,0,0,0,0,0,0,0,0,1,1,0,0,0,2,,,,,
Nick O'Leary,TE,BUF,6,SF,0,0,0,0,0,0,0,0,2,29,0,2,0,0,0,0,0,0,0,0,0,0,,,,,
Odell Beckham Jr.,WR,NYG,6,BAL,0,0,0,0,0,0,0,0,8,222,2,10,0,0,0,0,0,0,0,0,0,0,,,,,
PHI,DEF,PHI,6,WAS,,,,,,,,,,,,,,,,,,,,,,,1,0,0,0,27.0
PIT,DEF,PIT,6,MIA,,,,,,,,,,,,,,,,,,,,,,,0,0,0,0,30.0
Patrick DiMarco,RB,ATL,6,SEA,0,0,0,0,0,0,0,0,1,3,0,1,0,0,0,0,0,0,0,0,0,0,,,,,
Paul Perkins,RB,NYG,6,BAL,0,0,0,0,0,10,0,2,2,16,0,2,0,0,0,0,0,0,0,0,0,0,,,,,
Phil Dawson,K,SF,6,BUF,0,0,0,0,0,0,0,0,0,0,0,0,0,0,0,0,0,1,2,0,0,1,,,,,
Philip Rivers,QB,LAC,6,DEN,178,1,29,18,0,0,0,0,0,0,0,0,0,0,0,0,0,0,0,0,0,0,,,,,
Phillip Dorsett,WR,IND,6,HOU,0,0,0,0,0,0,0,0,2,12,0,5,0,0,0,0,0,0,0,0,0,0,,,,,
Phillip Supernaw,TE,TEN,6,CLE,0,0,0,0,0,0,0,0,2,25,0,2,0,0,0,0,0,0,0,0,0,0,,,,,
Pierre Garcon,WR,WAS,6,PHI,0,0,0,0,0,0,0,0,6,77,0,11,0,0,0,0,0,0,0,0,0,0,,,,,
Quan Bray,WR,IND,6,HOU,0,0,0,0,0,0,0,0,0,0,0,0,0,0,0,0,0,0,0,0,0,0,,,,,
Quincy Enunwa,WR,NYJ,6,ARI,0,0,0,0,0,0,0,0,3,42,0,5,0,0,0,0,0,0,0,0,0,0,,,,,
Quinton Patton,WR,SF,6,BUF,0,0,0,0,0,0,0,0,4,52,0,7,0,0,0,0,0,0,0,0,0,0,,,,,
Randall Cobb,WR,GB,6,DAL,0,0,0,0,0,0,0,0,7,53,1,11,0,0,0,0,0,0,0,0,0,0,,,,,
Rashad Jennings,RB,NYG,6,BAL,0,0,0,0,0,15,0,9,4,20,0,4,0,0,0,0,0,0,0,0,0,0,,,,,
Rashard Higgins,WR,CLE,6,TEN,0,0,0,0,0,0,0,0,1,14,0,1,0,0,0,0,0,0,0,0,0,0,,,,,
Reggie Bush,RB,BUF,6,SF,0,0,0,0,0,6,0,2,0,0,0,0,0,0,0,0,0,0,0,0,0,0,,,,,
Rex Burkhead,RB,CIN,6,NE,0,0,0,0,0,16,0,2,0,0,0,0,0,0,0,0,0,0,0,0,0,0,,,,,
Ricardo Louis,WR,CLE,6,TEN,0,0,0,0,0,0,0,0,5,65,0,9,0,0,0,0,0,0,0,0,0,0,,,,,
Richard Rodgers,TE,GB,6,DAL,0,0,0,0,0,0,0,0,2,15,0,3,0,0,0,0,0,0,0,0,0,0,,,,,
Rishard Matthews,WR,TEN,6,CLE,0,0,0,0,0,0,0,0,3,70,1,3,0,0,0,0,0,0,0,0,0,0,,,,,
Rob Gronkowski,TE,NE,6,CIN,0,0,0,0,0,0,0,0,7,162,1,9,0,0,0,0,0,0,0,0,0,0,,,,,
Rob Kelley,RB,WAS,6,PHI,0,0,0,0,0,59,0,5,0,0,0,0,0,0,0,0,0,0,0,0,0,0,,,,,
Robbie Chosen,WR,NYJ,6,ARI,0,0,0,0,0,0,0,0,4,24,0,6,0,0,0,0,0,0,0,0,0,0,,,,,
Robert Turbin,RB,IND,6,HOU,0,0,0,0,0,2,0,3,4,22,0,4,0,0,0,0,0,0,0,0,0,0,,,,,
Robert Woods,WR,BUF,6,SF,0,0,0,0,0,6,0,1,5,44,1,6,0,0,0,0,0,0,0,0,0,0,,,,,
Rod Streater,WR,SF,6,BUF,0,0,0,0,0,0,0,0,1,16,0,1,0,0,0,0,0,0,0,0,0,0,,,,,
Roger Lewis,WR,NYG,6,BAL,0,0,0,0,0,0,0,0,1,24,1,3,0,0,0,0,0,0,0,0,0,0,,,,,
Russell Wilson,QB,SEA,6,ATL,270,0,37,25,0,7,0,6,0,0,0,0,0,0,0,0,0,0,0,0,0,0,,,,,
Ryan Fitzpatrick,QB,NYJ,6,ARI,174,0,31,16,1,2,0,1,0,0,0,0,0,0,0,0,0,0,0,0,0,0,,,,,
Ryan Grant,WR,WAS,6,PHI,0,0,0,0,0,0,0,0,0,0,0,1,0,0,0,0,0,0,0,0,0,0,,,,,
Ryan Griffin,TE,HOU,6,IND,0,0,0,0,0,0,0,0,3,31,0,5,0,0,0,0,0,0,0,0,0,0,,,,,
Ryan Mathews,RB,PHI,6,WAS,0,0,0,0,0,60,0,9,0,0,0,0,0,0,0,0,0,0,0,0,0,0,,,,,
Ryan Succop,K,TEN,6,CLE,0,0,0,0,0,0,0,0,0,0,0,0,0,0,0,0,0,0,0,0,0,4,,,,,
Ryan Tannehill,QB,MIA,6,PIT,252,0,32,24,0,3,0,2,0,0,0,0,0,0,0,0,0,0,0,0,0,0,,,,,
SEA,DEF,SEA,6,ATL,,,,,,,,,,,,,,,,,,,,,,,0,0,0,0,24.0
SF,DEF,SF,6,BUF,,,,,,,,,,,,,,,,,,,,,,,0,0,0,0,45.0
Sammie Coates,WR,PIT,6,MIA,0,0,0,0,0,0,0,0,0,0,0,4,0,0,0,0,0,0,0,0,0,0,,,,,
Sean McGrath,TE,LAC,6,DEN,0,0,0,0,0,0,0,0,0,0,0,0,0,0,0,0,0,0,0,0,0,0,,,,,
Sebastian Janikowski,K,LV,6,KC,0,0,0,0,0,0,0,0,0,0,0,0,0,0,0,0,0,0,1,0,0,1,,,,,
Seth Roberts,WR,LV,6,KC,0,0,0,0,0,0,0,0,3,29,0,6,0,0,0,0,0,0,0,0,0,0,,,,,
Shaun Draughn,RB,SF,6,BUF,0,0,0,0,0,2,0,1,0,0,0,1,0,0,0,0,0,0,0,0,0,0,,,,,
Spencer Ware,RB,KC,6,LV,0,0,0,0,0,131,1,24,2,32,0,2,0,0,0,0,0,0,0,0,0,0,,,,,
Stepfan Taylor,RB,ARI,6,NYJ,0,0,0,0,0,14,0,2,0,0,0,0,0,0,0,0,0,0,0,0,0,0,,,,,
Stephen Gostkowski,K,NE,6,CIN,0,0,0,0,0,0,0,0,0,0,0,0,0,0,0,0,0,1,1,0,0,3,,,,,
Sterling Shepard,WR,NYG,6,BAL,0,0,0,0,0,0,0,0,4,25,0,8,0,0,0,0,0,0,0,0,0,0,,,,,
Steven Hauschka,K,SEA,6,ATL,0,0,0,0,0,0,0,0,0,0,0,0,0,0,0,0,0,0,2,0,0,2,,,,,
T.J. Yeldon,RB,JAX,6,CHI,0,0,0,0,0,21,0,6,1,5,0,2,0,0,0,0,0,0,0,0,0,0,,,,,
T.Y. Hilton,WR,IND,6,HOU,0,0,0,0,0,0,0,0,3,49,0,9,0,0,0,0,0,0,0,0,0,0,,,,,
TEN,DEF,TEN,6,CLE,,,,,,,,,,,,,,,,,,,,,,,0,0,0,0,26.0
Tajae Sharpe,WR,TEN,6,CLE,0,0,0,0,0,1,0,1,0,0,0,3,0,0,0,0,0,0,0,0,0,0,,,,,
Tanner McEvoy,WR,SEA,6,ATL,0,0,0,0,0,0,0,0,1,17,0,1,0,0,0,0,0,0,0,0,0,0,,,,,
Tavon Austin,WR,LA,6,DET,0,0,0,0,0,2,0,3,3,24,0,4,0,0,0,0,0,0,0,0,0,0,,,,,
Taylor Gabriel,WR,ATL,6,SEA,0,0,0,0,0,0,0,0,1,6,0,2,0,0,0,0,0,0,0,0,0,0,,,,,
Ted Ginn,WR,CAR,6,NO,0,0,0,0,0,6,0,2,5,54,0,8,0,0,0,0,0,0,0,0,0,0,,,,,
Terrance West,RB,BAL,6,NYG,0,0,0,0,0,87,2,23,4,36,0,6,0,0,0,0,0,0,0,0,0,0,,,,,
Terrance Williams,WR,DAL,6,GB,0,0,0,0,0,0,0,0,4,75,0,5,0,0,0,0,0,0,0,0,0,0,,,,,
Terrelle Pryor,WR,CLE,6,TEN,1,0,1,1,0,3,0,1,9,75,2,13,0,0,0,0,0,0,0,0,0,0,,,,,
Tevin Coleman,RB,ATL,6,SEA,0,0,0,0,0,10,0,5,1,7,0,2,0,0,0,0,0,0,0,0,0,0,,,,,
Tim Hightower,RB,NO,6,CAR,0,0,0,0,0,0,0,0,0,0,0,0,0,0,0,0,0,0,0,0,0,0,,,,,
Todd Gurley,RB,LA,6,DET,0,0,0,0,0,58,0,14,4,39,0,4,0,0,0,0,0,0,0,0,0,0,,,,,
Tom Brady,QB,NE,6,CIN,376,3,35,29,0,2,0,2,0,0,0,0,0,0,0,0,0,0,0,0,0,0,,,,,
Tommylee Lewis,WR,NO,6,CAR,0,0,0,0,0,0,0,0,2,24,0,3,0,0,0,0,0,0,0,0,0,0,,,,,
Torrey Smith,WR,SF,6,BUF,0,0,0,0,0,0,0,0,3,76,1,7,0,0,0,0,0,0,0,0,0,0,,,,,
Travaris Cadet,RB,NO,6,CAR,0,0,0,0,0,3,0,1,4,27,0,5,0,0,0,0,0,0,0,0,0,0,,,,,
Travis Benjamin,WR,LAC,6,DEN,0,0,0,0,0,0,0,0,3,17,0,5,0,0,0,0,0,0,0,0,0,0,,,,,
Travis Kelce,TE,KC,6,LV,0,0,0,0,0,0,0,0,3,32,0,3,0,0,0,0,0,0,0,0,0,0,,,,,
Trevor Davis,WR,GB,6,DAL,0,0,0,0,0,0,0,0,0,0,0,0,0,0,0,0,0,0,0,0,0,0,,,,,
Trevor Siemian,QB,DEN,6,LAC,230,1,50,30,0,1,0,1,0,0,0,0,0,0,0,0,0,0,0,0,0,0,,,,,
Trey Burton,TE,PHI,6,WAS,0,0,0,0,0,0,0,0,1,7,0,1,0,0,0,0,0,0,0,0,0,0,,,,,
Ty Montgomery,WR,GB,6,DAL,0,0,0,0,0,6,0,3,10,98,0,12,0,0,0,0,0,0,0,0,0,0,,,,,
Tyler Boyd,WR,CIN,6,NE,0,0,0,0,0,0,0,0,4,79,0,5,0,0,0,0,0,0,0,0,0,0,,,,,
Tyler Ervin,RB,HOU,6,IND,0,0,0,0,0,0,0,0,1,4,0,2,0,0,0,0,0,0,0,0,0,0,,,,,
Tyler Kroft,TE,CIN,6,NE,0,0,0,0,0,0,0,0,2,19,0,2,0,0,0,0,0,0,0,0,0,0,,,,,
Tyler Lockett,WR,SEA,6,ATL,0,0,0,0,0,2,0,1,3,23,0,5,0,0,0,0,0,0,0,0,0,0,,,,,
Tyreek Hill,WR,KC,6,LV,0,0,0,0,0,0,0,0,2,20,0,2,0,0,0,0,0,0,0,0,0,0,,,,,
Tyrell Williams,WR,LAC,6,DEN,0,0,0,0,0,0,0,0,3,28,0,3,0,0,0,0,0,0,0,0,0,0,,,,,
Tyrod Taylor,QB,BUF,6,SF,179,2,25,16,0,68,0,8,0,0,0,0,0,0,0,0,0,0,0,0,0,0,,,,,
Vance McDonald,TE,SF,6,BUF,0,0,0,0,0,0,0,0,2,25,0,2,0,0,0,0,0,0,0,0,0,0,,,,,
Vernon Davis,TE,WAS,6,PHI,0,0,0,0,0,0,0,0,2,50,1,4,0,0,0,0,0,0,0,0,0,0,,,,,
Victor Cruz,WR,NYG,6,BAL,0,0,0,0,0,0,0,0,3,31,0,7,0,0,0,0,0,0,0,0,0,0,,,,,
Virgil Green,TE,DEN,6,LAC,0,0,0,0,0,0,0,0,3,21,0,4,0,0,0,0,0,0,0,0,0,0,,,,,
WAS,DEF,WAS,6,PHI,,,,,,,,,,,,,,,,,,,,,,,0,0,0,0,20.0
Wendell Smallwood,RB,PHI,6,WAS,0,0,0,0,0,6,0,4,1,14,0,2,1,0,0,0,0,0,0,0,0,0,,,,,
Wil Lutz,K,NO,6,CAR,0,0,0,0,0,0,0,0,0,0,0,0,0,0,0,0,0,1,0,1,0,5,,,,,
Will Tye,TE,NYG,6,BAL,0,0,0,0,0,0,0,0,2,15,0,2,0,0,0,0,0,0,0,0,0,0,,,,,
Willie Snead,WR,NO,6,CAR,0,0,0,0,0,0,0,0,4,47,0,7,0,0,0,0,0,0,0,0,0,0,,,,,
Xavier Grimble,TE,PIT,6,MIA,0,0,0,0,0,0,0,0,1,11,0,3,0,0,0,0,0,0,0,0,0,0,,,,,
Zach Ertz,TE,PHI,6,WAS,0,0,0,0,0,0,0,0,1,22,0,3,0,0,0,0,0,0,0,0,0,0,,,,,
Zach Miller,TE,CHI,6,JAX,0,0,0,0,0,0,0,0,6,36,0,10,0,0,0,0,0,0,0,0,0,0,,,,,
Zach Zenner,RB,DET,6,LA,0,0,0,0,0,58,0,14,2,19,0,2,0,0,0,0,0,0,0,0,0,0,,,,,
A.J. Green,WR,CIN,7,CLE,0,0,0,0,0,0,0,0,8,169,1,8,0,0,0,0,0,0,0,0,0,0,,,,,
ARI,DEF,ARI,7,SEA,,,,,,,,,,,,,,,,,,,,,,,0,0,0,0,6.0
ATL,DEF,ATL,7,LAC,,,,,,,,,,,,,,,,,,,,,,,0,0,0,0,33.0
Aaron Burbridge,WR,SF,7,TB,0,0,0,0,0,0,0,0,1,15,0,2,0,0,0,0,0,0,0,0,0,0,,,,,
Aaron Rodgers,QB,GB,7,CHI,326,3,56,39,0,7,0,2,0,0,0,0,0,0,0,0,0,0,0,0,0,0,,,,,
Adam Humphries,WR,TB,7,SF,0,0,0,0,0,6,0,1,2,17,0,3,0,0,0,0,0,0,0,0,0,0,,,,,
Adam Thielen,WR,MIN,7,PHI,0,0,0,0,0,0,0,0,2,52,0,5,0,0,0,0,0,0,0,0,0,0,,,,,
Adam Vinatieri,K,IND,7,TEN,0,0,0,0,0,0,0,0,0,0,0,0,0,0,0,0,1,1,0,0,0,4,,,,,
Albert Wilson,WR,KC,7,NO,0,0,0,0,0,0,0,0,1,4,0,1,0,0,0,0,0,0,0,0,0,0,,,,,
Aldrick Robinson,WR,ATL,7,LAC,0,0,0,0,0,0,0,0,0,0,0,1,0,0,0,0,0,0,0,0,0,0,,,,,
Alex Collins,RB,SEA,7,ARI,0,0,0,0,0,2,0,1,0,0,0,0,0,0,0,0,0,0,0,0,0,0,,,,,
Alex Erickson,WR,CIN,7,CLE,0,0,0,0,0,0,0,0,0,0,0,0,0,0,0,0,0,0,0,0,0,0,,,,,
Alex Smith,QB,KC,7,NO,214,2,24,17,0,7,0,4,0,0,0,0,0,0,0,0,0,0,0,0,0,0,,,,,
Alfred Blue,RB,HOU,7,DEN,0,0,0,0,0,63,0,11,0,0,0,3,0,0,0,0,0,0,0,0,0,0,,,,,
Allen Hurns,WR,JAX,7,LV,0,0,0,0,0,0,0,0,4,45,0,7,0,0,0,0,0,0,0,0,0,0,,,,,
Allen Robinson,WR,JAX,7,LV,0,0,0,0,0,0,0,0,2,9,0,8,0,0,0,0,0,0,0,0,0,0,,,,,
Alshon Jeffery,WR,CHI,7,GB,0,0,0,0,0,0,0,0,3,33,0,11,0,0,0,0,0,0,0,0,0,0,,,,,
Amari Cooper,WR,LV,7,JAX,0,0,0,0,0,0,0,0,4,29,0,5,0,0,0,0,0,0,0,0,0,0,,,,,
Andre Ellington,RB,ARI,7,SEA,0,0,0,0,0,7,0,2,0,0,0,1,0,0,0,0,0,0,0,0,0,0,,,,,
Andre Holmes,WR,LV,7,JAX,0,0,0,0,0,0,0,0,1,5,0,1,0,0,0,0,0,0,0,0,0,0,,,,,
Andre Johnson,WR,TEN,7,IND,0,0,0,0,0,0,0,0,0,0,0,2,0,0,0,0,0,0,0,0,0,0,,,,,
Andre Roberts,WR,DET,7,WAS,0,0,0,0,0,0,0,0,1,20,0,2,0,0,0,0,0,0,0,0,0,0,,,,,
Andrew Franks,K,MIA,7,BUF,0,0,0,0,0,0,0,0,0,0,0,0,0,0,0,0,0,2,0,0,0,2,,,,,
Andrew Hawkins,WR,CLE,7,CIN,0,0,0,0,0,0,0,0,2,19,0,4,0,0,0,0,0,0,0,0,0,0,,,,,
Andrew Luck,QB,IND,7,TEN,353,3,39,27,0,17,0,5,0,0,0,0,0,0,0,0,0,0,0,0,0,0,,,,,
Andy Dalton,QB,CIN,7,CLE,308,2,28,19,0,0,0,0,0,0,0,0,0,0,0,0,0,0,0,0,0,0,,,,,
Anquan Boldin,WR,DET,7,WAS,0,0,0,0,0,0,0,0,3,28,1,4,0,0,0,0,0,0,0,0,0,0,,,,,
Anthony Fasano,TE,TEN,7,IND,0,0,0,0,0,0,0,0,1,10,0,2,0,0,0,0,0,0,0,0,0,0,,,,,
Antone Smith,RB,TB,7,SF,0,0,0,0,0,6,0,1,2,41,0,3,0,0,0,0,0,0,0,0,0,0,,,,,
Antonio Brown,WR,PIT,7,NE,0,0,0,0,0,13,0,1,7,106,0,11,0,0,0,0,0,0,0,0,0,0,,,,,
Antonio Gates,TE,LAC,7,ATL,0,0,0,0,0,0,0,0,5,38,0,10,0,0,0,0,0,0,0,0,0,0,,,,,
Arian Foster,RB,MIA,7,BUF,0,0,0,0,0,5,0,3,1,4,0,3,0,0,0,0,0,0,0,0,0,0,,,,,
Arrelious Benn,WR,JAX,7,LV,0,0,0,0,0,0,0,0,1,39,0,2,0,0,0,0,0,0,0,0,0,0,,,,,
Austin Hooper,TE,ATL,7,LAC,0,0,0,0,0,0,0,0,0,0,0,0,0,0,0,0,0,0,0,0,0,0,,,,,
BAL,DEF,BAL,7,NYJ,,,,,,,,,,,,,,,,,,,,,,,0,0,0,0,24.0
BUF,DEF,BUF,7,MIA,,,,,,,,,,,,,,,,,,,,,,,0,0,0,0,28.0
Bennie Fowler,WR,DEN,7,HOU,0,0,0,0,0,0,0,0,1,7,0,1,0,0,0,0,0,0,0,0,0,0,,,,,
Benny Cunningham,RB,LA,7,NYG,0,0,0,0,0,4,0,3,1,5,0,1,0,0,0,0,0,0,0,0,0,0,,,,,
Bilal Powell,RB,NYJ,7,BAL,0,0,0,0,0,18,0,4,0,0,0,0,0,0,0,0,0,0,0,0,0,0,,,,,
Blair Walsh,K,MIN,7,PHI,0,0,0,0,0,0,0,0,0,0,0,0,0,0,0,0,0,0,1,0,0,1,,,,,
Blake Bell,TE,SF,7,TB,0,0,0,0,0,0,0,0,0,0,0,0,0,0,0,0,0,0,0,0,0,0,,,,,
Blake Bortles,QB,JAX,7,LV,246,1,43,23,2,33,0,5,0,0,0,0,0,0,0,0,0,0,0,0,0,0,,,,,
Bobby Rainey,RB,NYG,7,LA,0,0,0,0,0,1,0,1,1,-2,0,1,0,0,0,0,0,0,0,0,0,0,,,,,
Bradley Marquez,WR,LA,7,NYG,0,0,0,0,0,0,0,0,0,0,0,1,0,0,0,0,0,0,0,0,0,0,,,,,
Bradley Sowell,TE,SEA,7,ARI,0,0,0,0,0,0,0,0,0,0,0,0,0,0,0,0,0,0,0,0,0,0,,,,,
Brandin Cooks,WR,NO,7,KC,0,0,0,0,0,0,0,0,7,58,1,9,0,0,0,0,0,0,0,0,0,0,,,,,
Brandon Bolden,RB,NE,7,PIT,0,0,0,0,0,0,0,0,0,0,0,1,0,0,0,0,0,0,0,0,0,0,,,,,
Brandon Bostick,TE,NYJ,7,BAL,0,0,0,0,0,0,0,0,0,0,0,1,0,0,0,0,0,0,0,0,0,0,,,,,
Brandon Coleman,WR,NO,7,KC,0,0,0,0,0,0,0,0,1,10,1,1,0,0,0,0,0,0,0,0,0,0,,,,,
Brandon LaFell,WR,CIN,7,CLE,0,0,0,0,0,0,0,0,4,83,1,5,0,0,0,0,0,0,0,0,0,0,,,,,
Brandon Marshall,WR,NYJ,7,BAL,0,0,0,0,0,0,0,0,3,39,0,8,0,0,0,0,0,0,0,0,0,0,,,,,
Brandon McManus,K,DEN,7,HOU,0,0,0,0,0,0,0,0,0,0,0,0,0,0,0,0,1,1,0,0,0,3,,,,,
Brandon Tate,WR,BUF,7,MIA,0,0,0,0,0,0,0,0,2,31,0,2,0,0,0,0,0,0,0,0,0,0,,,,,
Brandon Williams,TE,SEA,7,ARI,0,0,0,0,0,0,0,0,0,0,0,0,0,0,0,0,0,0,0,0,0,0,,,,,
Braxton Miller,WR,HOU,7,DEN,0,0,0,0,0,0,0,0,0,0,0,0,0,0,0,0,0,0,0,0,0,0,,,,,
Brent Celek,TE,PHI,7,MIN,0,0,0,0,0,0,0,0,1,7,0,2,0,0,0,0,0,0,0,0,0,0,,,,,
Breshad Perriman,WR,BAL,7,NYJ,0,0,0,0,0,0,0,0,1,11,0,5,0,0,0,0,0,0,0,0,0,0,,,,,
Brian Hoyer,QB,CHI,7,GB,49,0,11,4,0,0,0,0,0,0,0,0,0,0,0,0,0,0,0,0,0,0,,,,,
Brian Quick,WR,LA,7,NYG,0,0,0,0,0,0,0,0,4,92,0,9,0,0,0,0,0,0,0,0,0,0,,,,,
Brittan Golden,WR,ARI,7,SEA,0,0,0,0,0,0,0,0,0,0,0,1,0,0,0,0,0,0,0,0,0,0,,,,,
Brock Osweiler,QB,HOU,7,DEN,131,0,41,22,0,16,0,3,0,0,0,0,0,0,0,0,0,0,0,0,0,0,,,,,
C.J. Anderson,RB,DEN,7,HOU,0,0,0,0,0,107,1,16,0,0,0,0,0,0,0,0,0,0,0,0,0,0,,,,,
C.J. Fiedorowicz,TE,HOU,7,DEN,0,0,0,0,0,0,0,0,5,35,0,7,0,0,0,0,0,0,0,0,0,0,,,,,
C.J. Prosise,RB,SEA,7,ARI,0,0,0,0,0,0,0,1,2,17,0,3,0,0,0,0,0,0,0,0,0,0,,,,,
CHI,DEF,CHI,7,GB,,,,,,,,,,,,,,,,,,,,,,,0,0,0,0,26.0
CIN,DEF,CIN,7,CLE,,,,,,,,,,,,,,,,,,,,,,,0,0,0,0,17.0
CLE,DEF,CLE,7,CIN,,,,,,,,,,,,,,,,,,,,,,,0,0,0,0,31.0
Cairo Santos,K,KC,7,NO,0,0,0,0,0,0,0,0,0,0,0,0,0,0,0,0,0,1,1,0,0,3,,,,,
Caleb Sturgis,K,PHI,7,MIN,0,0,0,0,0,0,0,0,0,0,0,0,0,0,0,0,1,1,0,0,0,1,,,,,
Cameron Brate,TE,TB,7,SF,0,0,0,0,0,0,0,0,3,29,0,3,0,0,0,0,0,0,0,0,0,0,,,,,
Cameron Meredith,WR,CHI,7,GB,0,0,0,0,0,0,0,0,1,12,0,2,0,0,0,0,0,0,0,0,0,0,,,,,
Carson Palmer,QB,ARI,7,SEA,342,0,49,29,0,8,0,1,0,0,0,0,0,0,0,0,0,0,0,0,0,0,,,,,
Carson Wentz,QB,PHI,7,MIN,138,1,28,16,2,6,0,5,0,0,0,0,0,0,1,0,0,0,0,0,0,0,,,,,
Case Keenum,QB,LA,7,NYG,291,1,53,32,4,3,0,1,0,0,0,0,0,0,0,0,0,0,0,0,0,0,,,,,
Chandler Catanzaro,K,ARI,7,SEA,0,0,0,0,0,0,0,0,0,0,0,0,0,0,0,0,0,0,2,0,0,0,,,,,
Charcandrick West,RB,KC,7,NO,0,0,0,0,0,5,0,4,1,3,0,3,0,0,0,0,0,0,0,0,0,0,,,,,
Charles Clay,TE,BUF,7,MIA,0,0,0,0,0,0,0,0,2,29,0,5,0,0,0,0,0,0,0,0,0,0,,,,,
Charles D. Johnson,WR,MIN,7,PHI,0,0,0,0,0,0,0,0,0,0,0,1,0,0,0,0,0,0,0,0,0,0,,,,,
Charone Peake,WR,NYJ,7,BAL,0,0,0,0,0,0,0,0,1,8,0,2,0,0,0,0,0,0,0,0,0,0,,,,,
Chase Reynolds,RB,LA,7,NYG,0,0,0,0,0,0,0,0,0,0,0,0,0,0,0,0,0,0,0,0,0,0,,,,,
Chester Rogers,WR,IND,7,TEN,0,0,0,0,0,0,0,0,2,30,0,3,0,0,0,0,0,0,0,0,0,0,,,,,
Chris Boswell,K,PIT,7,NE,0,0,0,0,0,0,0,0,0,0,0,0,0,0,0,0,0,1,2,0,0,1,,,,,
Chris Conley,WR,KC,7,NO,0,0,0,0,0,0,0,0,2,29,0,2,0,0,0,0,0,0,0,0,0,0,,,,,
Chris Hogan,WR,NE,7,PIT,0,0,0,0,0,0,0,0,2,25,0,2,0,0,0,0,0,0,0,0,0,0,,,,,
Chris Ivory,RB,JAX,7,LV,0,0,0,0,0,48,0,5,2,3,0,4,0,0,0,0,0,0,0,0,0,0,,,,,
Chris Moore,WR,BAL,7,NYJ,0,0,0,0,0,0,0,0,2,11,0,4,0,1,0,0,0,0,0,0,0,0,,,,,
Chris Thompson,RB,WAS,7,DET,0,0,0,0,0,73,0,12,7,40,0,7,0,0,0,0,0,0,0,0,0,0,,,,,
Christine Michael,RB,SEA,7,ARI,0,0,0,0,0,52,0,16,3,3,0,3,0,0,0,0,0,0,0,0,0,0,,,,,
Clay Harbor,TE,DET,7,WAS,0,0,0,0,0,0,0,0,2,16,0,2,0,0,0,0,0,0,0,0,0,0,,,,,
Clive Walford,TE,LV,7,JAX,0,0,0,0,0,0,0,0,1,5,0,2,0,0,0,0,0,0,0,0,0,0,,,,,
Cobi Hamilton,WR,PIT,7,NE,0,0,0,0,0,0,0,0,3,36,0,6,0,0,0,0,0,0,0,0,0,0,,,,,
Coby Fleener,TE,NO,7,KC,0,0,0,0,0,0,0,0,2,44,0,2,0,0,0,0,0,0,0,0,0,0,,,,,
Cody Kessler,QB,CLE,7,CIN,82,0,11,9,0,-2,0,1,0,0,0,0,0,0,0,0,0,0,0,0,0,0,,,,,
Cody Parkey,K,CLE,7,CIN,0,0,0,0,0,0,0,0,0,0,0,0,0,0,0,0,1,0,0,0,0,2,,,,,
Colin Kaepernick,QB,SF,7,TB,143,1,34,16,1,84,0,9,0,0,0,0,0,0,0,0,0,0,0,0,0,0,,,,,
Connor Barth,K,CHI,7,GB,0,0,0,0,0,0,0,0,0,0,0,0,0,0,0,0,0,1,0,0,0,1,,,,,
Cordarrelle Patterson,RB,MIN,7,PHI,0,0,0,0,0,0,0,0,7,67,1,7,0,0,0,0,0,0,0,0,0,0,,,,,
DEN,DEF,DEN,7,HOU,,,,,,,,,,,,,,,,,,,,,,,0,0,0,0,9.0
DET,DEF,DET,7,WAS,,,,,,,,,,,,,,,,,,,,,,,0,0,0,0,17.0
Damien Williams,RB,MIA,7,BUF,0,0,0,0,0,16,1,4,0,0,0,1,0,0,0,0,0,0,0,0,0,0,,,,,
Dan Carpenter,K,BUF,7,MIA,0,0,0,0,0,0,0,0,0,0,0,0,0,0,0,0,1,0,0,0,0,2,,,,,
Danny Amendola,WR,NE,7,PIT,0,0,0,0,0,0,0,0,0,0,0,0,0,0,0,0,0,0,0,0,0,0,,,,,
Darren Sproles,RB,PHI,7,MIN,0,0,0,0,0,26,0,3,2,23,0,3,0,0,0,0,0,0,0,0,0,0,,,,,
Darren Waller,TE,BAL,7,NYJ,0,0,0,0,0,0,0,0,0,0,0,0,0,0,0,0,0,0,0,0,0,0,,,,,
Darrius Heyward-Bey,WR,PIT,7,NE,0,0,0,0,0,0,0,0,3,30,1,7,0,0,0,0,0,0,0,0,0,0,,,,,
Davante Adams,WR,GB,7,CHI,0,0,0,0,0,0,0,0,13,132,2,16,0,0,0,0,0,0,0,0,0,0,,,,,
David Johnson,TE,PIT,7,NE,0,0,0,0,0,0,0,0,1,5,0,1,0,0,0,0,0,0,0,0,0,0,,,,,
David Johnson,RB,ARI,7,SEA,0,0,0,0,0,113,0,33,8,58,0,13,0,0,0,0,0,0,0,0,0,0,,,,,
De'Anthony Thomas,WR,KC,7,NO,0,0,0,0,0,0,0,0,2,12,0,2,0,0,0,0,0,0,0,0,0,0,,,,,
DeAndre Hopkins,WR,HOU,7,DEN,0,0,0,0,0,0,0,0,5,36,0,12,0,0,0,0,0,0,0,0,0,0,,,,,
DeAndre Washington,RB,LV,7,JAX,0,0,0,0,0,16,0,5,1,6,0,2,0,0,0,0,0,0,0,0,0,0,,,,,
DeMarco Murray,RB,TEN,7,IND,0,0,0,0,0,107,1,25,3,20,0,5,0,0,0,0,0,0,0,0,0,0,,,,,
DeSean Jackson,WR,WAS,7,DET,0,0,0,0,0,0,0,0,5,35,0,8,0,0,0,0,0,0,0,0,0,0,,,,,
DeVante Parker,WR,MIA,7,BUF,0,0,0,0,0,0,0,0,3,20,0,4,0,0,0,0,0,0,0,0,0,0,,,,,
Delanie Walker,TE,TEN,7,IND,0,0,0,0,0,0,0,0,7,84,1,8,0,0,0,0,0,0,0,0,0,0,,,,,
Demarcus Robinson,WR,KC,7,NO,0,0,0,0,0,0,0,0,0,0,0,0,0,0,0,0,0,0,0,0,0,0,,,,,
Demaryius Thomas,WR,DEN,7,HOU,0,0,0,0,0,0,0,0,6,40,1,10,0,0,0,0,0,0,0,0,0,0,,,,,
Demetrius Harris,TE,KC,7,NO,0,0,0,0,0,0,0,0,1,10,0,3,0,0,0,0,0,0,0,0,0,0,,,,,
Denard Robinson,RB,JAX,7,LV,0,0,0,0,0,0,0,0,0,0,0,0,0,0,0,0,0,0,0,0,0,0,,,,,
Dennis Pitta,TE,BAL,7,NYJ,0,0,0,0,0,0,0,0,4,40,0,10,0,0,0,0,0,0,0,0,0,0,,,,,
Deonte Thompson,WR,CHI,7,GB,0,0,0,0,0,0,0,0,1,4,0,2,0,0,0,0,0,0,0,0,0,0,,,,,
Derek Carr,QB,LV,7,JAX,200,1,37,23,0,4,0,4,0,0,0,0,0,0,0,0,0,0,0,0,0,0,,,,,
Derrick Henry,RB,TEN,7,IND,0,0,0,0,0,3,0,1,0,0,0,1,0,0,0,0,0,0,0,0,0,0,,,,,
Devin Hester,WR,BAL,7,NYJ,0,0,0,0,0,0,0,0,0,0,0,0,0,0,0,0,0,0,0,0,0,0,,,,,
Devin Street,WR,IND,7,TEN,0,0,0,0,0,0,0,0,1,20,0,3,0,0,0,0,0,0,0,0,0,0,,,,,
Devonta Freeman,RB,ATL,7,LAC,0,0,0,0,0,58,0,15,5,42,0,6,0,0,0,0,0,0,0,0,0,0,,,,,
Devontae Booker,RB,DEN,7,HOU,0,0,0,0,0,83,1,17,1,4,0,2,0,0,0,0,0,0,0,0,0,0,,,,,
Dexter McCluster,WR,LAC,7,ATL,0,0,0,0,0,-1,0,1,0,0,0,2,0,0,0,0,0,0,0,0,0,0,,,,,
Don Jackson,RB,GB,7,CHI,0,0,0,0,0,6,0,2,0,0,0,1,0,0,0,0,0,0,0,0,0,0,,,,,
Dontrelle Inman,WR,LAC,7,ATL,0,0,0,0,0,0,0,0,3,58,0,6,0,0,0,0,0,0,0,0,0,0,,,,,
Dorial Green-Beckham,WR,PHI,7,MIN,0,0,0,0,0,0,0,0,2,8,1,4,0,0,0,0,0,0,0,0,0,0,,,,,
Doug Baldwin,WR,SEA,7,ARI,0,0,0,0,0,0,0,0,6,69,0,9,0,0,0,0,0,0,0,0,0,0,,,,,
Drew Brees,QB,NO,7,KC,367,3,48,37,1,0,0,0,0,0,0,0,0,0,0,0,0,0,0,0,0,0,,,,,
DuJuan Harris,RB,SF,7,TB,0,0,0,0,0,39,0,11,2,18,0,2,0,0,0,0,0,0,0,0,0,0,,,,,
Duke Johnson,RB,CLE,7,CIN,0,0,0,0,0,15,0,6,4,18,0,5,0,0,0,0,0,0,0,0,0,0,,,,,
Dustin Hopkins,K,WAS,7,DET,0,0,0,0,0,0,0,0,0,0,0,0,0,0,0,0,0,1,0,0,0,2,,,,,
Dwayne Harris,WR,NYG,7,LA,0,0,0,0,0,0,0,0,0,0,0,0,0,0,0,0,0,0,0,0,0,0,,,,,
Eli Manning,QB,NYG,7,LA,196,0,37,24,0,-2,0,2,0,0,0,0,0,0,0,0,0,0,0,0,0,0,,,,,
Emmanuel Sanders,WR,DEN,7,HOU,0,0,0,0,0,0,0,0,4,86,0,8,0,0,0,0,0,0,0,0,0,0,,,,,
Eric Weems,WR,ATL,7,LAC,0,0,0,0,0,0,0,0,0,0,0,0,0,0,0,0,0,0,0,0,0,0,,,,,
Erik Swoope,TE,IND,7,TEN,0,0,0,0,0,0,0,0,2,51,0,5,0,0,0,0,0,0,0,0,0,0,,,,,
Fitzgerald Toussaint,RB,PIT,7,NE,0,0,0,0,0,0,0,0,0,0,0,0,0,0,0,0,0,0,0,0,0,0,,,,,
Frank Gore,RB,IND,7,TEN,0,0,0,0,0,61,0,17,5,22,1,5,0,0,0,0,0,0,0,0,0,0,,,,,
GB,DEF,GB,7,CHI,,,,,,,,,,,,,,,,,,,,,,,0,0,0,0,10.0
Garrett Celek,TE,SF,7,TB,0,0,0,0,0,0,0,0,1,4,0,3,0,0,0,0,0,0,0,0,0,0,,,,,
Gary Barnidge,TE,CLE,7,CIN,0,0,0,0,0,0,0,0,6,66,0,7,0,0,0,0,0,0,0,0,0,0,,,,,
Geno Smith,QB,NYJ,7,BAL,95,1,8,4,0,7,0,1,0,0,0,0,0,0,0,0,0,0,0,0,0,0,,,,,
Giovani Bernard,RB,CIN,7,CLE,0,0,0,0,0,80,1,17,1,7,0,2,0,0,0,0,0,0,0,0,0,0,,,,,
Golden Tate,WR,DET,7,WAS,0,0,0,0,0,0,0,0,6,93,0,12,0,0,0,0,0,0,0,0,0,0,,,,,
Greg Zuerlein,K,LA,7,NYG,0,0,0,0,0,0,0,0,0,0,0,0,0,0,0,0,0,1,0,0,0,1,,,,,
Griff Whalen,WR,LAC,7,ATL,0,0,0,0,0,0,0,0,1,12,0,1,0,0,0,0,0,0,0,0,0,0,,,,,
HOU,DEF,HOU,7,DEN,,,,,,,,,,,,,,,,,,,,,,,0,0,0,0,27.0
Hunter Henry,TE,LAC,7,ATL,0,0,0,0,0,0,0,0,1,16,0,3,0,0,0,0,0,0,0,0,0,0,,,,,
IND,DEF,IND,7,TEN,,,,,,,,,,,,,,,,,,,,,,,0,0,0,0,26.0
Ifeanyi Momah,TE,ARI,7,SEA,0,0,0,0,0,0,0,0,2,50,0,2,0,0,0,0,0,0,0,0,0,0,,,,,
Isaiah Crowell,RB,CLE,7,CIN,0,0,0,0,0,63,1,12,3,16,0,4,0,0,0,0,0,0,0,0,0,0,,,,,
J.J. Nelson,WR,ARI,7,SEA,0,0,0,0,0,4,0,1,3,84,0,7,0,0,0,0,0,0,0,0,0,0,,,,,
JAX,DEF,JAX,7,LV,,,,,,,,,,,,,,,,,,,,,,,0,0,0,0,33.0
Jack Doyle,TE,IND,7,TEN,0,0,0,0,0,0,0,0,9,78,1,10,0,0,0,0,0,0,0,0,0,0,,,,,
Jacob Tamme,TE,ATL,7,LAC,0,0,0,0,0,0,0,0,1,17,1,3,0,0,0,0,0,0,0,0,0,0,,,,,
Jacquizz Rodgers,RB,TB,7,SF,0,0,0,0,0,154,0,26,1,9,0,1,0,0,0,0,0,0,0,0,0,0,,,,,
Jaelen Strong,WR,HOU,7,DEN,0,0,0,0,0,0,0,0,2,10,0,2,0,0,0,0,0,0,0,0,0,0,,,,,
Jakeem Grant,WR,MIA,7,BUF,0,0,0,0,0,0,0,0,0,0,0,0,0,0,0,0,0,0,0,0,0,0,,,,,
Jalen Richard,RB,LV,7,JAX,0,0,0,0,0,1,0,1,1,0,0,1,0,0,0,0,0,0,0,0,0,0,,,,,
Jalin Marshall,WR,NYJ,7,BAL,0,0,0,0,0,0,0,0,0,0,0,0,0,0,0,0,0,0,0,0,0,0,,,,,
Jalston Fowler,RB,TEN,7,IND,0,0,0,0,0,0,0,0,0,0,0,0,0,0,0,0,0,0,0,0,0,0,,,,,
Jamaal Charles,RB,KC,7,NO,0,0,0,0,0,0,0,1,0,0,0,0,0,0,0,0,0,0,0,0,0,0,,,,,
Jameis Winston,QB,TB,7,SF,269,3,30,21,1,-1,0,1,0,0,0,0,0,0,0,0,0,0,0,0,0,0,,,,,
James O'Shaughnessy,TE,KC,7,NO,0,0,0,0,0,0,0,0,0,0,0,0,0,0,0,0,0,0,0,0,0,0,,,,,
James White,RB,NE,7,PIT,0,0,0,0,0,0,0,0,2,32,1,5,0,0,0,0,0,0,0,0,0,0,,,,,
James Wright,WR,CIN,7,CLE,0,0,0,0,0,0,0,0,0,0,0,2,0,0,0,0,0,0,0,0,0,0,,,,,
Jamison Crowder,WR,WAS,7,DET,0,0,0,0,0,0,0,0,7,108,0,9,0,0,0,0,0,0,0,0,0,0,,,,,
Jamize Olawale,RB,LV,7,JAX,0,0,0,0,0,12,0,3,0,0,0,0,0,0,0,0,0,0,0,0,0,0,,,,,
Jarvis Landry,WR,MIA,7,BUF,0,0,0,0,0,0,0,0,5,78,0,8,0,0,1,0,0,0,0,0,0,0,,,,,
Jason Myers,K,JAX,7,LV,0,0,0,0,0,0,0,0,0,0,0,0,0,0,0,0,1,1,1,0,0,1,,,,,
Jay Ajayi,RB,MIA,7,BUF,0,0,0,0,0,214,1,28,1,2,0,1,0,0,0,0,0,0,0,0,0,0,,,,,
Jeff Janis,WR,GB,7,CHI,0,0,0,0,0,0,0,0,2,9,0,5,0,0,0,0,0,0,0,0,0,0,,,,,
Jerell Adams,TE,NYG,7,LA,0,0,0,0,0,0,0,0,1,5,0,1,0,0,0,0,0,0,0,0,0,0,,,,,
Jeremy Hill,RB,CIN,7,CLE,0,0,0,0,0,168,1,9,2,24,0,2,0,0,0,0,0,0,0,0,0,0,,,,,
Jeremy Kerley,WR,SF,7,TB,0,0,0,0,0,0,0,0,2,15,0,5,0,0,0,0,0,0,0,0,0,0,,,,,
Jeremy Maclin,WR,KC,7,NO,0,0,0,0,0,0,0,0,4,40,0,5,0,0,0,0,0,0,0,0,0,0,,,,,
Jerick McKinnon,RB,MIN,7,PHI,0,0,0,0,0,43,0,11,1,5,0,1,0,0,0,0,0,0,0,0,0,0,,,,,
Jermaine Gresham,TE,ARI,7,SEA,0,0,0,0,0,0,0,0,2,15,0,4,0,0,0,0,0,0,0,0,0,0,,,,,
Jermaine Kearse,WR,SEA,7,ARI,0,0,0,0,0,0,0,0,3,51,0,4,0,0,0,0,0,0,0,0,0,0,,,,,
Jesse James,TE,PIT,7,NE,0,0,0,0,0,0,0,0,2,18,0,2,0,0,0,0,0,0,0,0,0,0,,,,,
Jimmy Graham,TE,SEA,7,ARI,0,0,0,0,0,0,0,0,5,53,0,10,0,0,0,0,0,0,0,0,0,0,,,,,
Joe Flacco,QB,BAL,7,NYJ,248,0,44,25,2,1,0,1,0,0,0,0,0,0,0,0,0,0,0,0,0,0,,,,,
Johnny Holton,WR,LV,7,JAX,0,0,0,0,0,25,0,2,0,0,0,0,0,0,0,0,0,0,0,0,0,0,,,,,
Jordan Howard,RB,CHI,7,GB,0,0,0,0,0,22,0,7,0,0,0,1,0,0,0,0,0,0,0,0,0,0,,,,,
Jordan Matthews,TE,PHI,7,MIN,0,0,0,0,0,0,0,0,3,10,0,4,0,0,0,0,0,0,0,0,0,0,,,,,
Jordan Norwood,WR,DEN,7,HOU,0,0,0,0,0,0,0,0,1,8,0,2,0,0,0,0,0,0,0,0,0,0,,,,,
Jordan Todman,RB,IND,7,TEN,0,0,0,0,0,0,0,0,0,0,0,0,0,0,0,0,0,0,0,0,0,0,,,,,
Jordy Nelson,WR,GB,7,CHI,0,0,0,0,0,0,0,0,1,9,0,4,0,0,0,0,0,0,0,0,0,0,,,,,
Josh Bellamy,WR,CHI,7,GB,0,0,0,0,0,0,0,0,2,32,0,4,0,0,0,0,0,0,0,0,0,0,,,,,
Josh Ferguson,RB,IND,7,TEN,0,0,0,0,0,0,0,0,0,0,0,0,0,0,0,0,0,0,0,0,0,0,,,,,
Josh Hill,TE,NO,7,KC,0,0,0,0,0,0,0,0,1,6,0,1,0,0,0,0,0,0,0,0,0,0,,,,,
Josh Huff,WR,PHI,7,MIN,0,0,0,0,0,0,0,0,4,39,0,4,1,0,0,0,0,0,0,0,0,0,,,,,
Josh Lambo,K,LAC,7,ATL,0,0,0,0,0,0,0,0,0,0,0,0,0,0,0,0,0,2,2,0,0,3,,,,,
Julian Edelman,WR,NE,7,PIT,0,0,0,0,0,0,0,0,9,60,0,10,0,0,0,0,0,0,0,0,0,0,,,,,
Julio Jones,WR,ATL,7,LAC,0,0,0,0,0,0,0,0,9,174,0,15,0,0,0,0,0,0,0,0,0,0,,,,,
Julius Thomas,TE,JAX,7,LV,0,0,0,0,0,0,0,0,3,20,1,7,0,0,0,0,0,0,0,0,0,0,,,,,
Justin Forsett,RB,DET,7,WAS,0,0,0,0,0,33,0,8,2,15,0,2,0,0,0,0,0,0,0,0,0,0,,,,,
Justin Hardy,WR,ATL,7,LAC,0,0,0,0,0,0,0,0,2,6,0,2,0,0,0,0,0,0,0,0,0,0,,,,,
Justin Hunter,WR,BUF,7,MIA,0,0,0,0,0,0,0,0,2,25,0,4,0,0,0,0,0,0,0,0,0,0,,,,,
Justin Tucker,K,BAL,7,NYJ,0,0,0,0,0,0,0,0,0,0,0,0,0,0,0,0,0,0,2,1,0,1,,,,,
KC,DEF,KC,7,NO,,,,,,,,,,,,,,,,,,,,,,,1,0,0,0,21.0
Ka'Deem Carey,RB,CHI,7,GB,0,0,0,0,0,48,0,10,1,9,0,1,0,0,0,0,0,0,0,0,0,0,,,,,
Kamar Aiken,WR,BAL,7,NYJ,0,0,0,0,0,0,0,0,3,55,0,6,0,0,0,0,0,0,0,0,0,0,,,,,
Kellen Davis,TE,NYJ,7,BAL,0,0,0,0,0,0,0,0,0,0,0,0,0,0,0,0,0,0,0,0,0,0,,,,,
Kendall Wright,WR,TEN,7,IND,0,0,0,0,0,0,0,0,2,12,0,4,0,0,0,0,0,0,0,0,0,0,,,,,
Kenneth Dixon,RB,BAL,7,NYJ,0,0,0,0,0,0,0,1,1,-1,0,1,0,0,0,0,0,0,0,0,0,0,,,,,
Kenneth Farrow,RB,LAC,7,ATL,0,0,0,0,0,13,0,2,0,0,0,0,0,0,0,0,0,0,0,0,0,0,,,,,
Kenny Britt,WR,LA,7,NYG,0,0,0,0,0,0,0,0,3,43,0,8,0,0,0,0,0,0,0,0,0,0,,,,,
Kenny Stills,WR,MIA,7,BUF,0,0,0,0,0,0,0,0,5,100,1,8,0,0,0,0,0,0,0,0,0,0,,,,,
Kenyan Drake,RB,MIA,7,BUF,0,0,0,0,0,0,0,0,0,0,0,0,0,0,0,0,0,0,0,0,0,0,,,,,
Kevin Hogan,QB,CLE,7,CIN,100,0,24,12,2,104,1,7,0,0,0,0,0,0,0,0,0,0,0,0,0,0,,,,,
Kirk Cousins,QB,WAS,7,DET,301,1,39,30,0,15,1,3,0,0,0,0,0,0,0,0,0,0,0,0,0,0,,,,,
Knile Davis,RB,GB,7,CHI,0,0,0,0,0,1,0,2,0,0,0,0,0,0,0,0,0,0,0,0,0,0,,,,,
Kyle Juszczyk,RB,BAL,7,NYJ,0,0,0,0,0,0,0,0,1,2,0,1,0,0,0,0,0,0,0,0,0,0,,,,,
Kyle Rudolph,TE,MIN,7,PHI,0,0,0,0,0,0,0,0,5,55,0,11,0,0,0,0,0,0,0,0,0,0,,,,,
LA,DEF,LA,7,NYG,,,,,,,,,,,,,,,,,,,,,,,0,0,0,0,17.0
LAC,DEF,LAC,7,ATL,,,,,,,,,,,,,,,,,,,,,,,0,0,0,0,0.0
LV,DEF,LV,7,JAX,,,,,,,,,,,,,,,,,,,,,,,0,0,0,0,0.0
Lamar Miller,RB,HOU,7,DEN,0,0,0,0,0,61,0,11,3,6,0,4,0,0,0,0,0,0,0,0,0,0,,,,,
Lance Kendricks,TE,LA,7,NYG,0,0,0,0,0,0,0,0,7,55,0,9,0,0,0,0,0,0,0,0,0,0,,,,,
Landry Jones,QB,PIT,7,NE,281,1,47,29,1,0,0,0,0,0,0,0,0,0,0,0,0,0,0,0,0,0,,,,,
Larry Donnell,TE,NYG,7,LA,0,0,0,0,0,0,0,0,1,8,0,3,0,0,0,0,0,0,0,0,0,0,,,,,
Larry Fitzgerald,WR,ARI,7,SEA,0,0,0,0,0,0,0,0,9,70,0,14,0,0,0,0,0,0,0,0,0,0,,,,,
Latavius Murray,RB,LV,7,JAX,0,0,0,0,0,59,2,18,2,4,0,5,0,0,0,0,0,0,0,0,0,0,,,,,
Le'Veon Bell,RB,PIT,7,NE,0,0,0,0,0,81,0,21,10,68,0,13,0,0,0,0,0,0,0,0,0,0,,,,,
LeGarrette Blount,RB,NE,7,PIT,0,0,0,0,0,127,2,24,1,7,0,1,0,0,0,0,0,0,0,0,0,0,,,,,
LeSean McCoy,RB,BUF,7,MIA,0,0,0,0,0,11,0,8,0,0,0,0,0,0,0,0,0,0,0,0,0,0,,,,,
Levine Toilolo,TE,ATL,7,LAC,0,0,0,0,0,0,0,0,1,5,0,1,0,0,0,0,0,0,0,0,0,0,,,,,
Lorenzo Taliaferro,RB,BAL,7,NYJ,0,0,0,0,0,0,0,1,3,10,0,3,0,0,0,0,0,0,0,0,0,0,,,,,
MIA,DEF,MIA,7,BUF,,,,,,,,,,,,,,,,,,,,,,,0,0,0,0,25.0
MIN,DEF,MIN,7,PHI,,,,,,,,,,,,,,,,,,,,,,,0,0,0,0,21.0
Malcolm Brown,RB,LA,7,NYG,0,0,0,0,0,0,0,0,0,0,0,0,0,0,0,0,0,0,0,0,0,0,,,,,
Malcolm Johnson,RB,CLE,7,CIN,0,0,0,0,0,0,0,0,1,21,0,2,0,0,0,0,0,0,0,0,0,0,,,,,
Malcolm Mitchell,WR,NE,7,PIT,0,0,0,0,0,0,0,0,0,0,0,1,0,0,0,0,0,0,0,0,0,0,,,,,
Marc Mariani,WR,TEN,7,IND,0,0,0,0,0,0,0,0,0,0,0,0,0,0,0,0,0,0,0,0,0,0,,,,,
Marcedes Lewis,TE,JAX,7,LV,0,0,0,0,0,0,0,0,1,11,0,3,0,0,0,0,0,0,0,0,0,0,,,,,
Marcus Mariota,QB,TEN,7,IND,232,2,37,22,0,14,0,2,0,0,0,0,0,0,0,0,0,0,0,0,0,0,,,,,
Mark Ingram,RB,NO,7,KC,0,0,0,0,0,62,0,16,4,20,1,4,0,0,0,0,0,0,0,0,0,0,,,,,
Marqise Lee,WR,JAX,7,LV,0,0,0,0,0,0,0,0,7,107,0,8,0,0,0,0,0,0,0,0,0,0,,,,,
Marquise Goodwin,WR,BUF,7,MIA,0,0,0,0,0,0,0,0,4,93,1,7,0,0,0,0,0,0,0,0,0,0,,,,,
Martellus Bennett,TE,NE,7,PIT,0,0,0,0,0,0,0,0,1,5,0,2,0,0,0,0,0,0,0,0,0,0,,,,,
Marvin Jones,WR,DET,7,WAS,0,0,0,0,0,0,0,0,4,94,0,5,0,0,0,0,0,0,0,0,0,0,,,,,
Mason Crosby,K,GB,7,CHI,0,0,0,0,0,0,0,0,0,0,0,0,0,0,0,0,0,1,1,0,0,2,,,,,
Matt Asiata,RB,MIN,7,PHI,0,0,0,0,0,55,0,12,6,25,0,8,0,0,0,0,0,0,0,0,0,0,,,,,
Matt Barkley,QB,CHI,7,GB,81,0,15,6,2,-1,0,1,0,0,0,0,0,0,0,0,0,0,0,0,0,0,,,,,
Matt Bryant,K,ATL,7,LAC,0,0,0,0,0,0,0,0,0,0,0,0,0,0,0,0,1,1,1,0,0,3,,,,,
Matt Forte,RB,NYJ,7,BAL,0,0,0,0,0,100,1,30,4,54,1,4,0,0,0,0,0,0,0,0,0,0,,,,,
Matt Jones,RB,WAS,7,DET,0,0,0,0,0,27,0,10,0,0,0,0,0,0,0,0,0,0,0,0,0,0,,,,,
Matt Prater,K,DET,7,WAS,0,0,0,0,0,0,0,0,0,0,0,0,0,0,0,0,1,0,1,0,0,2,,,,,
Matt Ryan,QB,ATL,7,LAC,273,1,34,22,1,8,0,3,0,0,0,0,0,0,0,0,0,0,0,0,0,0,,,,,
Matthew Stafford,QB,DET,7,WAS,266,1,29,18,0,32,0,2,0,0,0,0,0,0,0,0,0,0,0,0,0,0,,,,,
Melvin Gordon,RB,LAC,7,ATL,0,0,0,0,0,68,2,22,6,53,1,7,0,0,0,0,0,0,0,0,0,0,,,,,
Michael Crabtree,WR,LV,7,JAX,0,0,0,0,0,0,0,0,8,96,1,11,0,0,0,0,0,0,0,0,0,0,,,,,
Michael Floyd,WR,ARI,7,SEA,0,0,0,0,0,0,0,0,5,65,0,7,0,0,0,0,0,0,0,0,0,0,,,,,
Michael Thomas,WR,NO,7,KC,0,0,0,0,0,0,0,0,10,130,0,13,0,0,0,0,0,0,0,0,0,0,,,,,
Mike Davis,RB,SF,7,TB,0,0,0,0,0,21,1,7,0,0,0,0,0,0,0,0,0,0,0,0,0,0,,,,,
Mike Evans,WR,TB,7,SF,0,0,0,0,0,0,0,0,8,96,2,13,0,0,0,0,0,0,0,0,0,0,,,,,
Mike Gillislee,RB,BUF,7,MIA,0,0,0,0,0,20,0,5,0,0,0,0,0,0,0,0,0,0,0,0,0,0,,,,,
Mike Nugent,K,CIN,7,CLE,0,0,0,0,0,0,0,0,0,0,0,0,0,0,0,0,0,1,0,0,0,4,,,,,
Mike Thomas,WR,LA,7,NYG,0,0,0,0,0,0,0,0,0,0,0,1,0,0,0,0,0,0,0,0,0,0,,,,,
Mike Wallace,WR,BAL,7,NYJ,0,0,0,0,0,0,0,0,10,120,0,13,0,0,0,0,0,0,0,0,0,0,,,,,
Mohamed Sanu,WR,ATL,7,LAC,0,0,0,0,0,0,0,0,2,16,0,4,0,0,0,0,0,0,0,0,0,0,,,,,
Mychal Rivera,TE,LV,7,JAX,0,0,0,0,0,0,0,0,1,13,0,1,0,0,0,0,0,0,0,0,0,0,,,,,
NE,DEF,NE,7,PIT,,,,,,,,,,,,,,,,,,,,,,,0,0,0,0,16.0
NO,DEF,NO,7,KC,,,,,,,,,,,,,,,,,,,,,,,0,0,0,0,27.0
NYG,DEF,NYG,7,LA,,,,,,,,,,,,,,,,,,,,,,,1,0,0,0,10.0
NYJ,DEF,NYJ,7,BAL,,,,,,,,,,,,,,,,,,,,,,,0,0,0,0,16.0
Nelson Agholor,WR,PHI,7,MIN,0,0,0,0,0,0,0,0,2,10,0,6,0,0,0,0,0,0,0,0,0,0,,,,,
Nick Folk,K,NYJ,7,BAL,0,0,0,0,0,0,0,0,0,0,0,0,0,0,0,0,1,0,0,0,0,3,,,,,
Nick Novak,K,HOU,7,DEN,0,0,0,0,0,0,0,0,0,0,0,0,0,0,0,0,1,0,2,0,0,0,,,,,
Nick O'Leary,TE,BUF,7,MIA,0,0,0,0,0,0,0,0,1,7,0,1,0,0,0,0,0,0,0,0,0,0,,,,,
Nick Vannett,TE,SEA,7,ARI,0,0,0,0,0,0,0,0,0,0,0,1,0,0,0,0,0,0,0,0,0,0,,,,,
Niles Paul,TE,WAS,7,DET,0,0,0,0,0,0,0,0,1,11,0,1,0,0,0,0,0,0,0,0,0,0,,,,,
Odell Beckham Jr.,WR,NYG,7,LA,0,0,0,0,0,0,0,0,5,49,0,9,0,0,0,0,0,0,0,0,0,0,,,,,
Orleans Darkwa,RB,NYG,7,LA,0,0,0,0,0,0,0,0,0,0,0,0,0,0,0,0,0,0,0,0,0,0,,,,,
PHI,DEF,PHI,7,MIN,,,,,,,,,,,,,,,,,,,,,,,0,0,0,0,10.0
PIT,DEF,PIT,7,NE,,,,,,,,,,,,,,,,,,,,,,,0,0,0,0,27.0
Patrick DiMarco,RB,ATL,7,LAC,0,0,0,0,0,0,0,0,1,3,0,1,0,0,0,0,0,0,0,0,0,0,,,,,
Paul Perkins,RB,NYG,7,LA,0,0,0,0,0,12,0,4,1,4,0,1,0,0,0,0,0,0,0,0,0,0,,,,,
Paul Richardson,WR,SEA,7,ARI,0,0,0,0,0,0,0,0,1,10,0,2,0,0,0,0,0,0,0,0,0,0,,,,,
Peyton Barber,RB,TB,7,SF,0,0,0,0,0,84,1,12,0,0,0,0,0,0,0,0,0,0,0,0,0,0,,,,,
Phil Dawson,K,SF,7,TB,0,0,0,0,0,0,0,0,0,0,0,0,0,0,0,0,1,0,0,0,0,2,,,,,
Philip Rivers,QB,LAC,7,ATL,371,1,44,27,1,-2,0,1,0,0,0,0,0,0,0,0,0,0,0,0,0,0,,,,,
Pierre Garcon,WR,WAS,7,DET,0,0,0,0,0,0,0,0,2,22,0,5,0,0,0,0,0,0,0,0,0,0,,,,,
Quincy Enunwa,WR,NYJ,7,BAL,0,0,0,0,0,0,0,0,2,73,1,4,0,0,0,0,0,0,0,0,0,0,,,,,
Quinton Patton,WR,SF,7,TB,0,0,0,0,0,0,0,0,3,13,0,4,0,0,0,0,0,0,0,0,0,0,,,,,
Randall Cobb,WR,GB,7,CHI,0,0,0,0,0,21,0,5,11,95,1,15,0,0,0,0,0,0,0,0,0,0,,,,,
Rashad Greene,WR,JAX,7,LV,0,0,0,0,0,0,0,0,2,8,0,2,0,0,0,0,0,0,0,0,0,0,,,,,
Rashad Jennings,RB,NYG,7,LA,0,0,0,0,0,25,1,13,2,24,0,3,0,0,0,0,0,0,0,0,0,0,,,,,
Rashard Higgins,WR,CLE,7,CIN,0,0,0,0,0,0,0,0,2,19,0,2,0,0,0,0,0,0,0,0,0,0,,,,,
Reggie Bush,RB,BUF,7,MIA,0,0,0,0,0,1,1,1,1,13,0,2,0,0,1,0,0,0,0,0,0,0,,,,,
Rex Burkhead,RB,CIN,7,CLE,0,0,0,0,0,23,0,4,1,10,0,1,0,0,0,0,0,0,0,0,0,0,,,,,
Rhett Ellison,TE,MIN,7,PHI,0,0,0,0,0,0,0,0,0,0,0,0,0,0,0,0,0,0,0,0,0,0,,,,,
Ricardo Louis,WR,CLE,7,CIN,0,0,0,0,0,0,0,0,1,5,0,3,0,0,0,0,0,0,0,0,0,0,,,,,
Richard Rodgers,TE,GB,7,CHI,0,0,0,0,0,0,0,0,1,7,0,1,0,0,0,0,0,0,0,0,0,0,,,,,
Rishard Matthews,WR,TEN,7,IND,0,0,0,0,0,0,0,0,4,37,0,7,0,0,0,0,0,0,0,0,0,0,,,,,
Rob Gronkowski,TE,NE,7,PIT,0,0,0,0,0,0,0,0,4,93,1,4,0,0,0,0,0,0,0,0,0,0,,,,,
Rob Kelley,RB,WAS,7,DET,0,0,0,0,0,15,0,4,1,1,1,1,0,0,0,0,0,0,0,0,0,0,,,,,
Robbie Chosen,WR,NYJ,7,BAL,0,0,0,0,0,30,0,1,3,41,0,3,0,0,0,0,0,0,0,0,0,0,,,,,
Robbie Gould,K,NYG,7,LA,0,0,0,0,0,0,0,0,0,0,0,0,0,0,0,0,1,0,0,0,0,2,,,,,
Robert Turbin,RB,IND,7,TEN,0,0,0,0,0,3,0,2,1,19,0,1,0,0,0,0,0,0,0,0,0,0,,,,,
Roberto Aguayo,K,TB,7,SF,0,0,0,0,0,0,0,0,0,0,0,0,0,0,0,0,0,2,0,0,0,4,,,,,
Rod Streater,WR,SF,7,TB,0,0,0,0,0,0,0,0,0,0,0,1,0,0,0,0,0,0,0,0,0,0,,,,,
Roger Lewis,WR,NYG,7,LA,0,0,0,0,0,0,0,0,1,7,0,1,0,0,0,0,0,0,0,0,0,0,,,,,
Ronnie Hillman,RB,MIN,7,PHI,0,0,0,0,0,-6,0,1,1,2,0,1,0,0,0,0,0,0,0,0,0,0,,,,,
Russell Shepard,WR,TB,7,SF,0,0,0,0,0,0,0,0,5,77,1,6,0,0,0,0,0,0,0,0,0,0,,,,,
Russell Wilson,QB,SEA,7,ARI,225,0,37,24,0,-2,0,1,1,-1,0,1,0,0,0,0,0,0,0,0,0,0,,,,,
Ryan Fitzpatrick,QB,NYJ,7,BAL,120,1,14,9,0,-1,0,1,0,0,0,0,0,0,0,0,0,0,0,0,0,0,,,,,
Ryan Grant,WR,WAS,7,DET,0,0,0,0,0,0,0,0,1,5,0,2,0,0,0,0,0,0,0,0,0,0,,,,,
Ryan Griffin,TE,HOU,7,DEN,0,0,0,0,0,0,0,0,2,13,0,5,0,0,0,0,0,0,0,0,0,0,,,,,
Ryan Mathews,RB,PHI,7,MIN,0,0,0,0,0,56,0,14,1,27,0,1,0,0,0,0,0,0,0,0,0,0,,,,,
Ryan Succop,K,TEN,7,IND,0,0,0,0,0,0,0,0,0,0,0,0,0,0,0,0,0,0,2,0,0,2,,,,,
Ryan Tannehill,QB,MIA,7,BUF,204,1,25,15,0,21,0,6,0,0,0,0,0,0,1,0,0,0,0,0,0,0,,,,,
SEA,DEF,SEA,7,ARI,,,,,,,,,,,,,,,,,,,,,,,0,0,0,0,6.0
SF,DEF,SF,7,TB,,,,,,,,,,,,,,,,,,,,,,,0,0,0,0,34.0
Sam Bradford,QB,MIN,7,PHI,224,1,41,24,1,-1,0,1,0,0,0,0,0,0,0,0,0,0,0,0,0,0,,,,,
Sammie Coates,WR,PIT,7,NE,0,0,0,0,0,0,0,0,1,4,0,1,0,0,0,0,0,0,0,0,0,0,,,,,
Sebastian Janikowski,K,LV,7,JAX,0,0,0,0,0,0,0,0,0,0,0,0,0,0,0,0,1,1,1,1,0,3,,,,,
Seth Roberts,WR,LV,7,JAX,0,0,0,0,0,0,0,0,4,42,0,9,0,0,0,0,0,0,0,0,0,0,,,,,
Shaun Draughn,RB,SF,7,TB,0,0,0,0,0,16,0,1,5,37,1,7,0,0,0,0,0,0,0,0,0,0,,,,,
Spencer Ware,RB,KC,7,NO,0,0,0,0,0,77,0,17,2,54,1,2,0,0,0,0,0,0,0,0,0,0,,,,,
Stefon Diggs,WR,MIN,7,PHI,0,0,0,0,0,0,0,0,2,18,0,5,0,0,0,0,0,0,0,0,0,0,,,,,
Stephen Gostkowski,K,NE,7,PIT,0,0,0,0,0,0,0,0,0,0,0,0,0,0,0,0,0,0,0,0,0,3,,,,,
Sterling Shepard,WR,NYG,7,LA,0,0,0,0,0,0,0,0,5,32,0,7,0,0,0,0,0,0,0,0,0,0,,,,,
Steven Hauschka,K,SEA,7,ARI,0,0,0,0,0,0,0,0,0,0,0,0,0,0,0,0,0,1,1,0,0,0,,,,,
T.J. Yeldon,RB,JAX,7,LV,0,0,0,0,0,24,0,6,1,4,0,2,0,0,0,0,0,0,0,0,0,0,,,,,
T.Y. Hilton,WR,IND,7,TEN,0,0,0,0,0,0,0,0,7,133,1,12,0,0,0,0,0,0,0,0,0,0,,,,,
TB,DEF,TB,7,SF,,,,,,,,,,,,,,,,,,,,,,,0,0,0,0,17.0
TEN,DEF,TEN,7,IND,,,,,,,,,,,,,,,,,,,,,,,0,0,0,0,34.0
Tajae Sharpe,WR,TEN,7,IND,0,0,0,0,0,0,0,0,4,59,0,6,0,0,0,0,0,0,0,0,0,0,,,,,
Tanner McEvoy,WR,SEA,7,ARI,0,0,0,0,0,0,0,0,1,10,0,1,0,0,0,0,0,0,0,0,0,0,,,,,
Tavon Austin,WR,LA,7,NYG,0,0,0,0,0,10,0,1,10,57,1,15,0,0,0,0,0,0,0,0,0,0,,,,,
Terrance West,RB,BAL,7,NYJ,0,0,0,0,0,10,0,8,0,0,0,0,0,0,0,0,0,0,0,0,0,0,,,,,
Terrelle Pryor,WR,CLE,7,CIN,0,0,0,0,0,0,0,0,2,18,0,4,0,0,0,0,0,0,0,0,0,0,,,,,
Tevin Coleman,RB,ATL,7,LAC,0,0,0,0,0,64,1,8,1,10,0,1,0,0,0,0,0,0,0,0,0,0,,,,,
Tim Hightower,RB,NO,7,KC,0,0,0,0,0,39,0,5,1,5,0,1,0,0,0,0,0,0,0,0,0,0,,,,,
Todd Gurley,RB,LA,7,NYG,0,0,0,0,0,57,0,15,6,35,0,7,0,0,0,0,0,0,0,0,0,0,,,,,
Tom Brady,QB,NE,7,PIT,222,2,26,19,0,13,0,5,0,0,0,0,0,0,0,0,0,0,0,0,0,0,,,,,
Tommylee Lewis,WR,NO,7,KC,0,0,0,0,0,0,0,0,0,0,0,0,0,0,0,0,0,0,0,0,0,0,,,,,
Torrey Smith,WR,SF,7,TB,0,0,0,0,0,0,0,0,1,17,0,2,0,0,0,0,0,0,0,0,0,0,,,,,
Travaris Cadet,RB,NO,7,KC,0,0,0,0,0,0,0,0,2,7,0,4,0,0,0,0,0,0,0,0,0,0,,,,,
Travis Benjamin,WR,LAC,7,ATL,0,0,1,0,0,0,0,0,4,54,0,5,0,0,0,0,0,0,0,0,0,0,,,,,
Travis Kelce,TE,KC,7,NO,0,0,0,0,0,0,0,0,2,24,0,3,0,0,0,0,0,0,0,0,0,0,,,,,
Trevor Davis,WR,GB,7,CHI,0,0,0,0,0,0,0,0,0,0,0,0,0,0,0,0,0,0,0,0,0,0,,,,,
Trevor Siemian,QB,DEN,7,HOU,157,1,25,14,0,-1,0,1,0,0,0,0,0,0,0,0,0,0,0,0,0,0,,,,,
Trey Burton,TE,PHI,7,MIN,0,0,0,0,0,0,0,0,0,0,0,1,0,0,0,0,0,0,0,0,0,0,,,,,
Troymaine Pope,RB,NYJ,7,BAL,0,0,0,0,0,1,0,1,0,0,0,0,0,0,0,0,0,0,0,0,0,0,,,,,
Ty Montgomery,WR,GB,7,CHI,0,0,0,0,0,60,0,9,10,66,0,13,0,0,0,0,0,0,0,0,0,0,,,,,
Tyler Boyd,WR,CIN,7,CLE,0,0,0,0,0,0,0,0,1,3,0,3,0,0,0,0,0,0,0,0,0,0,,,,,
Tyler Eifert,TE,CIN,7,CLE,0,0,0,0,0,0,0,0,1,9,0,2,0,0,0,0,0,0,0,0,0,0,,,,,
Tyler Ervin,RB,HOU,7,DEN,0,0,0,0,0,0,0,0,1,9,0,1,0,0,0,0,0,0,0,0,0,0,,,,,
Tyler Higbee,TE,LA,7,NYG,0,0,0,0,0,0,0,0,1,4,0,1,0,0,0,0,0,0,0,0,0,0,,,,,
Tyler Kroft,TE,CIN,7,CLE,0,0,0,0,0,0,0,0,1,3,0,1,0,0,0,0,0,0,0,0,0,0,,,,,
Tyler Lockett,WR,SEA,7,ARI,0,0,0,0,0,0,0,0,2,13,0,2,0,0,0,0,0,0,0,0,0,0,,,,,
Tyreek Hill,WR,KC,7,NO,0,0,0,0,0,23,0,2,1,38,1,1,0,0,0,0,0,0,0,0,0,0,,,,,
Tyrell Williams,WR,LAC,7,ATL,0,0,0,0,0,0,0,0,7,140,0,10,0,0,0,0,0,0,0,0,0,0,,,,,
Tyrod Taylor,QB,BUF,7,MIA,221,1,28,14,0,35,1,7,0,0,0,0,0,0,1,0,0,0,0,0,0,0,,,,,
Vance McDonald,TE,SF,7,TB,0,0,0,0,0,0,0,0,1,24,0,6,0,0,0,0,0,0,0,0,0,0,,,,,
Vernon Davis,TE,WAS,7,DET,0,0,0,0,0,0,0,0,6,79,0,6,0,0,0,0,0,0,0,0,0,0,,,,,
Victor Cruz,WR,NYG,7,LA,0,0,0,0,0,0,0,0,5,55,0,8,0,0,0,0,0,0,0,0,0,0,,,,,
WAS,DEF,WAS,7,DET,,,,,,,,,,,,,,,,,,,,,,,0,0,0,0,20.0
Walt Powell,WR,BUF,7,MIA,0,0,0,0,0,0,0,0,2,23,0,4,0,0,0,0,0,0,0,0,0,0,,,,,
Wendell Smallwood,RB,PHI,7,MIN,0,0,0,0,0,13,0,4,0,0,0,0,0,0,0,0,0,0,0,0,0,0,,,,,
Wil Lutz,K,NO,7,KC,0,0,0,0,0,0,0,0,0,0,0,0,0,0,0,0,0,0,0,0,0,3,,,,,
Will Fuller,WR,HOU,7,DEN,0,0,0,0,0,0,0,0,4,22,0,7,0,0,0,0,0,0,0,0,0,0,,,,,
Will Tye,TE,NYG,7,LA,0,0,0,0,0,0,0,0,2,14,0,3,0,0,0,0,0,0,0,0,0,0,,,,,
Willie Snead,WR,NO,7,KC,0,0,0,0,0,0,0,0,9,87,0,11,0,0,0,0,0,0,0,0,0,0,,,,,
Xavier Grimble,TE,PIT,7,NE,0,0,0,0,0,0,0,0,2,14,0,5,0,0,0,0,0,0,0,0,0,0,,,,,
Zach Ertz,TE,PHI,7,MIN,0,0,0,0,0,0,0,0,1,14,0,3,0,0,0,0,0,0,0,0,0,0,,,,,
Zach Miller,TE,CHI,7,GB,0,0,0,0,0,0,0,0,2,40,0,5,0,0,0,0,0,0,0,0,0,0,,,,,
Zach Zenner,RB,DET,7,WAS,0,0,0,0,0,29,1,9,0,0,0,2,0,0,0,0,0,0,0,0,0,0,,,,,
A.J. Green,WR,CIN,8,WAS,0,0,0,0,0,0,0,0,9,121,0,18,0,0,0,0,0,0,0,0,0,0,,,,,
ARI,DEF,ARI,8,CAR,,,,,,,,,,,,,,,,,,,,,,,0,0,0,0,30.0
ATL,DEF,ATL,8,GB,,,,,,,,,,,,,,,,,,,,,,,0,0,0,0,32.0
Aaron Rodgers,QB,GB,8,ATL,246,4,38,28,0,60,0,6,0,0,0,0,0,0,1,0,0,0,0,0,0,0,,,,,
Adam Humphries,WR,TB,8,LV,0,0,0,0,0,0,0,0,3,58,0,4,0,0,0,0,0,0,0,0,0,0,,,,,
Adam Thielen,WR,MIN,8,CHI,0,0,0,0,0,0,0,0,3,40,0,5,0,0,0,0,0,0,0,0,0,0,,,,,
Adam Vinatieri,K,IND,8,KC,0,0,0,0,0,0,0,0,0,0,0,0,0,0,0,0,0,0,0,0,0,2,,,,,
Aldrick Robinson,WR,ATL,8,GB,0,0,0,0,0,0,0,0,0,0,0,1,0,0,0,0,0,0,0,0,0,0,,,,,
Alex Erickson,WR,CIN,8,WAS,0,0,0,0,0,0,0,0,0,0,0,0,0,0,0,0,0,0,0,0,0,0,,,,,
Alex Smith,QB,KC,8,IND,127,1,19,9,0,9,0,2,0,0,0,0,0,0,0,0,0,0,0,0,0,0,,,,,
Alfred Blue,RB,HOU,8,DET,0,0,0,0,0,41,0,9,0,0,0,0,0,0,0,0,0,0,0,0,0,0,,,,,
Alfred Morris,RB,DAL,8,PHI,0,0,0,0,0,6,0,3,0,0,0,0,0,0,0,0,0,0,0,0,0,0,,,,,
Allen Hurns,WR,JAX,8,TEN,0,0,0,0,0,0,0,0,7,98,1,11,0,0,0,0,0,0,0,0,0,0,,,,,
Allen Robinson,WR,JAX,8,TEN,0,0,0,0,0,0,0,0,6,70,0,15,0,0,0,0,0,0,0,0,0,0,,,,,
Alshon Jeffery,WR,CHI,8,MIN,0,0,0,0,0,0,0,0,4,63,1,8,0,0,0,0,0,0,0,0,0,0,,,,,
Amari Cooper,WR,LV,8,TB,0,0,0,0,0,0,0,0,12,173,1,15,0,0,0,0,0,0,0,0,0,0,,,,,
Andre Ellington,RB,ARI,8,CAR,0,0,0,0,0,0,0,0,1,16,0,1,0,0,0,0,0,0,0,0,0,0,,,,,
Andre Holmes,WR,LV,8,TB,0,0,0,0,0,0,0,0,1,0,0,1,0,0,0,0,0,0,0,0,0,0,,,,,
Andre Roberts,WR,DET,8,HOU,0,0,0,0,0,0,0,0,0,0,0,0,0,0,0,0,0,0,0,0,0,0,,,,,
Andrew Hawkins,WR,CLE,8,NYJ,0,0,0,0,0,0,0,0,5,31,2,9,0,0,0,0,0,0,0,0,0,0,,,,,
Andrew Luck,QB,IND,8,KC,210,2,35,19,1,60,0,9,0,0,0,0,0,0,0,0,0,0,0,0,0,0,,,,,
Andy Dalton,QB,CIN,8,WAS,284,1,42,27,1,21,1,4,0,0,0,0,0,0,0,0,0,0,0,0,0,0,,,,,
Anquan Boldin,WR,DET,8,HOU,0,0,0,0,0,0,0,0,1,4,0,3,0,0,0,0,0,0,0,0,0,0,,,,,
Antone Smith,RB,TB,8,LV,0,0,0,0,0,16,0,4,1,9,0,2,0,0,0,0,0,0,0,0,0,0,,,,,
Antonio Gates,TE,LAC,8,DEN,0,0,0,0,0,0,0,0,4,33,1,9,0,0,0,0,0,0,0,0,0,0,,,,,
Arrelious Benn,WR,JAX,8,TEN,0,0,0,0,0,0,0,0,0,0,0,1,0,0,0,0,0,0,0,0,0,0,,,,,
Austin Hooper,TE,ATL,8,GB,0,0,0,0,0,0,0,0,5,41,0,5,0,0,0,0,0,0,0,0,0,0,,,,,
BUF,DEF,BUF,8,NE,,,,,,,,,,,,,,,,,,,,,,,0,0,0,0,41.0
Ben Braunecker,TE,CHI,8,MIN,0,0,0,0,0,0,0,0,1,8,0,1,0,0,0,0,0,0,0,0,0,0,,,,,
Ben Koyack,TE,JAX,8,TEN,0,0,0,0,0,0,0,0,5,41,0,5,0,0,0,0,0,0,0,0,0,0,,,,,
Bennie Fowler,WR,DEN,8,LAC,0,0,0,0,0,0,0,0,0,0,0,1,0,0,0,0,0,0,0,0,0,0,,,,,
Bilal Powell,RB,NYJ,8,CLE,0,0,0,0,0,76,1,6,1,3,0,3,0,0,0,0,0,0,0,0,0,0,,,,,
Blair Walsh,K,MIN,8,CHI,0,0,0,0,0,0,0,0,0,0,0,0,0,0,0,0,0,1,0,0,0,1,,,,,
Blake Bortles,QB,JAX,8,TEN,337,3,54,33,0,22,0,4,0,0,0,0,0,0,1,0,0,0,0,0,0,0,,,,,
Brandin Cooks,WR,NO,8,SEA,0,0,0,0,0,0,0,0,4,44,1,6,0,0,0,0,0,0,0,0,0,0,,,,,
Brandon Bostick,TE,NYJ,8,CLE,0,0,0,0,0,0,0,0,1,4,0,1,0,0,0,0,0,0,0,0,0,0,,,,,
Brandon Coleman,WR,NO,8,SEA,0,0,0,0,0,0,0,0,2,44,0,2,0,0,0,0,0,0,0,0,0,0,,,,,
Brandon LaFell,WR,CIN,8,WAS,0,0,0,0,0,0,0,0,1,6,0,2,0,0,0,0,0,0,0,0,0,0,,,,,
Brandon Marshall,WR,NYJ,8,CLE,0,0,0,0,0,0,0,0,4,68,0,9,0,0,0,0,0,0,0,0,0,0,,,,,
Brandon McManus,K,DEN,8,LAC,0,0,0,0,0,0,0,0,0,0,0,0,0,0,0,0,2,0,0,0,0,3,,,,,
Brandon Tate,WR,BUF,8,NE,0,0,0,0,0,14,0,1,2,17,0,3,0,0,0,0,0,0,0,0,0,0,,,,,
Braxton Miller,WR,HOU,8,DET,0,0,0,0,0,0,0,0,3,18,0,3,0,0,0,0,0,0,0,0,0,0,,,,,
Brice Butler,WR,DAL,8,PHI,0,0,0,0,0,0,0,0,1,19,0,3,0,0,0,0,0,0,0,0,0,0,,,,,
Brittan Golden,WR,ARI,8,CAR,0,0,0,0,0,0,0,0,2,29,0,2,0,0,0,0,0,0,0,0,0,0,,,,,
Brock Osweiler,QB,HOU,8,DET,186,1,29,20,1,-3,0,3,0,0,0,0,0,0,0,0,0,0,0,0,0,0,,,,,
Bryan Walters,WR,JAX,8,TEN,0,0,0,0,0,0,0,0,2,14,1,2,0,0,0,0,0,0,0,0,0,0,,,,,
C.J. Fiedorowicz,TE,HOU,8,DET,0,0,0,0,0,0,0,0,5,43,1,7,0,0,0,0,0,0,0,0,0,0,,,,,
C.J. Prosise,RB,SEA,8,NO,0,0,0,0,0,23,0,4,4,80,0,4,0,0,0,0,0,0,0,0,0,0,,,,,
CAR,DEF,CAR,8,ARI,,,,,,,,,,,,,,,,,,,,,,,0,0,0,0,20.0
CHI,DEF,CHI,8,MIN,,,,,,,,,,,,,,,,,,,,,,,0,0,0,0,10.0
CIN,DEF,CIN,8,WAS,,,,,,,,,,,,,,,,,,,,,,,0,0,0,0,27.0
CLE,DEF,CLE,8,NYJ,,,,,,,,,,,,,,,,,,,,,,,0,0,0,0,31.0
Cairo Santos,K,KC,8,IND,0,0,0,0,0,0,0,0,0,0,0,0,0,0,0,0,1,1,1,0,0,3,,,,,
Caleb Sturgis,K,PHI,8,DAL,0,0,0,0,0,0,0,0,0,0,0,0,0,0,0,0,0,2,0,1,0,2,,,,,
Cam Newton,QB,CAR,8,ARI,212,0,27,14,0,43,0,7,0,0,0,0,0,0,0,0,0,0,0,0,0,0,,,,,
Cameron Brate,TE,TB,8,LV,0,0,0,0,0,0,0,0,3,22,1,5,0,0,0,0,0,0,0,0,0,0,,,,,
Cameron Meredith,WR,CHI,8,MIN,0,0,0,0,0,0,0,0,1,24,0,2,0,0,0,0,0,0,0,0,0,0,,,,,
Carson Palmer,QB,ARI,8,CAR,363,3,46,35,1,0,0,0,0,0,0,0,0,0,0,0,0,0,0,0,0,0,,,,,
Carson Wentz,QB,PHI,8,DAL,202,1,43,32,0,-3,0,1,0,0,0,0,0,0,0,0,0,0,0,0,0,0,,,,,
Cecil Shorts,WR,TB,8,LV,0,0,0,0,0,0,0,0,0,0,0,4,0,0,0,0,0,0,0,0,0,0,,,,,
Chandler Catanzaro,K,ARI,8,CAR,0,0,0,0,0,0,0,0,0,0,0,0,0,0,0,0,0,0,0,0,0,2,,,,,
Charcandrick West,RB,KC,8,IND,0,0,0,0,0,52,0,14,2,8,0,3,0,0,0,0,0,0,0,0,0,0,,,,,
Charles Clay,TE,BUF,8,NE,0,0,0,0,0,0,0,0,2,6,0,6,0,0,0,0,0,0,0,0,0,0,,,,,
Charles D. Johnson,WR,MIN,8,CHI,0,0,0,0,0,0,0,0,0,0,0,0,0,0,0,0,0,0,0,0,0,0,,,,,
Charone Peake,WR,NYJ,8,CLE,0,0,0,0,0,0,0,0,1,13,0,1,0,0,0,0,0,0,0,0,0,0,,,,,
Chris Conley,WR,KC,8,IND,0,0,0,0,0,0,0,0,3,59,0,5,0,0,0,0,0,0,0,0,0,0,,,,,
Chris Hogan,WR,NE,8,BUF,0,0,0,0,0,0,0,0,4,91,1,4,0,0,0,0,0,0,0,0,0,0,,,,,
Chris Ivory,RB,JAX,8,TEN,0,0,0,0,0,6,0,4,1,6,0,1,0,0,0,0,0,0,0,0,0,0,,,,,
Chris Thompson,RB,WAS,8,CIN,0,0,0,0,0,14,0,7,5,27,0,5,0,0,0,0,0,0,0,0,0,0,,,,,
Christine Michael,RB,SEA,8,NO,0,0,0,0,0,40,1,10,1,2,0,2,0,0,0,0,0,0,0,0,0,0,,,,,
Clive Walford,TE,LV,8,TB,0,0,0,0,0,0,0,0,3,31,0,4,0,0,0,0,0,0,0,0,0,0,,,,,
Coby Fleener,TE,NO,8,SEA,0,0,0,0,0,0,0,0,4,36,0,4,0,0,0,0,0,0,0,0,0,0,,,,,
Cody Parkey,K,CLE,8,NYJ,0,0,0,0,0,0,0,0,0,0,0,0,0,0,0,0,1,0,1,0,0,2,,,,,
Cole Beasley,WR,DAL,8,PHI,0,0,1,0,0,0,0,0,4,53,0,7,0,0,0,0,0,0,0,0,0,0,,,,,
Connor Barth,K,CHI,8,MIN,0,0,0,0,0,0,0,0,0,0,0,0,0,0,0,0,1,1,0,0,0,2,,,,,
Cordarrelle Patterson,RB,MIN,8,CHI,0,0,0,0,0,0,0,0,3,36,0,3,0,0,0,0,0,0,0,0,0,0,,,,,
Corey Brown,WR,CAR,8,ARI,0,0,0,0,0,0,0,0,1,3,0,5,0,0,0,0,0,0,0,0,0,0,,,,,
DAL,DEF,DAL,8,PHI,,,,,,,,,,,,,,,,,,,,,,,0,0,0,0,23.0
DEN,DEF,DEN,8,LAC,,,,,,,,,,,,,,,,,,,,,,,1,0,0,0,19.0
DET,DEF,DET,8,HOU,,,,,,,,,,,,,,,,,,,,,,,0,0,0,0,20.0
Dak Prescott,QB,DAL,8,PHI,287,2,39,19,1,38,1,7,0,0,0,0,0,0,0,0,0,0,0,0,0,0,,,,,
Dan Bailey,K,DAL,8,PHI,0,0,0,0,0,0,0,0,0,0,0,0,0,0,0,0,1,1,1,0,0,2,,,,,
Dan Carpenter,K,BUF,8,NE,0,0,0,0,0,0,0,0,0,0,0,0,0,0,0,0,1,0,0,0,0,2,,,,,
Daniel Lasco,RB,NO,8,SEA,0,0,0,0,0,15,0,5,0,0,0,0,0,0,0,0,0,0,0,0,0,0,,,,,
Danny Amendola,WR,NE,8,BUF,0,0,0,0,0,0,0,0,3,29,1,4,0,0,0,0,0,0,0,0,0,0,,,,,
Darren Sproles,RB,PHI,8,DAL,0,0,0,0,0,86,0,15,5,17,0,7,0,0,0,0,0,0,0,0,0,0,,,,,
Davante Adams,WR,GB,8,ATL,0,0,0,0,0,0,0,0,12,74,0,14,0,0,0,0,0,0,0,0,0,0,,,,,
David Johnson,RB,ARI,8,CAR,0,0,0,0,0,24,0,10,7,84,0,9,0,0,0,0,0,0,0,0,0,0,,,,,
De'Anthony Thomas,WR,KC,8,IND,0,0,0,0,0,2,0,2,0,0,0,1,0,0,0,0,0,0,0,0,0,0,,,,,
DeAndre Hopkins,WR,HOU,8,DET,0,0,0,0,0,0,0,0,4,44,0,7,0,0,0,0,0,0,0,0,0,0,,,,,
DeAndre Washington,RB,LV,8,TB,0,0,0,0,0,32,0,5,0,0,0,0,0,0,0,0,0,0,0,0,0,0,,,,,
DeMarco Murray,RB,TEN,8,JAX,0,0,0,0,0,123,1,21,1,5,0,2,0,0,0,0,0,0,0,0,0,0,,,,,
DeSean Jackson,WR,WAS,8,CIN,0,0,0,0,0,0,0,0,3,48,0,7,0,0,0,0,0,0,0,0,0,0,,,,,
Delanie Walker,TE,TEN,8,JAX,0,0,0,0,0,3,0,1,4,75,0,5,0,0,0,0,0,0,0,0,0,0,,,,,
Demarcus Robinson,WR,KC,8,IND,0,0,0,0,0,0,0,0,0,0,0,0,0,0,0,0,0,0,0,0,0,0,,,,,
Demaryius Thomas,WR,DEN,8,LAC,0,0,0,0,0,0,0,0,5,79,0,10,0,0,0,0,0,0,0,0,0,0,,,,,
Demetrius Harris,TE,KC,8,IND,0,0,0,0,0,0,0,0,3,13,0,4,0,0,0,0,0,0,0,0,0,0,,,,,
Deonte Thompson,WR,CHI,8,MIN,0,0,0,0,0,0,0,0,0,0,0,1,0,0,0,0,0,0,0,0,0,0,,,,,
Derek Carr,QB,LV,8,TB,513,4,59,40,0,13,0,1,0,0,0,0,0,0,0,0,0,0,0,0,0,0,,,,,
Derrick Henry,RB,TEN,8,JAX,0,0,0,0,0,60,1,16,4,37,0,5,0,0,0,0,0,0,0,0,0,0,,,,,
Devin Funchess,WR,CAR,8,ARI,0,0,0,0,0,0,0,0,3,38,0,4,0,0,0,0,0,0,0,0,0,0,,,,,
Devin Street,WR,IND,8,KC,0,0,0,0,0,0,0,0,0,0,0,3,0,0,0,0,0,0,0,0,0,0,,,,,
Devonta Freeman,RB,ATL,8,GB,0,0,0,0,0,35,1,11,4,23,1,6,0,0,0,0,0,0,0,0,0,0,,,,,
Devontae Booker,RB,DEN,8,LAC,0,0,0,0,0,54,1,19,5,30,0,6,0,0,0,0,0,0,0,0,0,0,,,,,
Dexter McCluster,WR,LAC,8,DEN,0,0,0,0,0,0,0,0,1,3,0,1,0,0,0,0,0,0,0,0,0,0,,,,,
Dez Bryant,WR,DAL,8,PHI,0,0,0,0,0,0,0,0,4,113,1,14,0,0,0,0,0,0,0,0,0,0,,,,,
Don Jackson,RB,GB,8,ATL,0,0,0,0,0,10,0,4,0,0,0,0,0,0,0,0,0,0,0,0,0,0,,,,,
Donte Moncrief,WR,IND,8,KC,0,0,0,0,0,-1,0,1,4,41,1,9,0,0,0,0,0,0,0,0,0,0,,,,,
Dontrelle Inman,WR,LAC,8,DEN,0,0,0,0,0,0,0,0,4,72,0,7,0,0,0,0,0,0,0,0,0,0,,,,,
Dorial Green-Beckham,WR,PHI,8,DAL,0,0,0,0,0,0,0,0,5,55,0,9,0,0,0,0,0,0,0,0,0,0,,,,,
Doug Baldwin,WR,SEA,8,NO,0,0,0,0,0,0,0,0,4,51,0,6,0,0,0,0,0,0,0,0,0,0,,,,,
Drew Brees,QB,NO,8,SEA,265,1,35,27,0,1,1,1,0,0,0,0,0,0,0,0,0,0,0,0,0,0,,,,,
Duke Johnson,RB,CLE,8,NYJ,0,0,0,0,0,29,0,4,6,87,0,8,0,0,0,0,0,0,0,0,0,0,,,,,
Dustin Hopkins,K,WAS,8,CIN,0,0,0,0,0,0,0,0,0,0,0,0,0,0,0,0,1,0,1,0,0,3,,,,,
EJ Manuel,QB,BUF,8,NE,35,0,2,1,0,0,0,0,0,0,0,0,0,0,1,0,0,0,0,0,0,0,,,,,
Emmanuel Sanders,WR,DEN,8,LAC,0,0,0,0,0,0,0,0,4,68,0,10,0,0,0,0,0,0,0,0,0,0,,,,,
Eric Ebron,TE,DET,8,HOU,0,0,0,0,0,0,0,0,7,79,0,10,0,0,0,0,0,0,0,0,0,0,,,,,
Eric Weems,WR,ATL,8,GB,0,0,0,0,0,0,0,0,0,0,0,0,0,0,0,0,0,0,0,0,0,0,,,,,
Erik Swoope,TE,IND,8,KC,0,0,0,0,0,0,0,0,2,30,0,3,0,0,0,0,0,0,0,0,0,0,,,,,
Ezekiel Elliott,RB,DAL,8,PHI,0,0,0,0,0,96,0,22,4,52,0,4,0,0,0,0,0,0,0,0,0,0,,,,,
Fozzy Whittaker,RB,CAR,8,ARI,0,0,0,0,0,1,0,2,1,9,0,2,0,0,0,0,0,0,0,0,0,0,,,,,
Frank Gore,RB,IND,8,KC,0,0,0,0,0,37,0,9,2,25,1,3,0,0,0,0,0,0,0,0,0,0,,,,,
GB,DEF,GB,8,ATL,,,,,,,,,,,,,,,,,,,,,,,0,0,0,0,33.0
Gary Barnidge,TE,CLE,8,NYJ,0,0,0,0,0,0,0,0,3,42,0,7,0,0,0,0,0,0,0,0,0,0,,,,,
Gavin Escobar,TE,DAL,8,PHI,0,0,0,0,0,0,0,0,0,0,0,0,0,0,0,0,0,0,0,0,0,0,,,,,
Geoff Swaim,TE,DAL,8,PHI,0,0,0,0,0,0,0,0,1,8,0,1,0,0,0,0,0,0,0,0,0,0,,,,,
George Atkinson,RB,CLE,8,NYJ,0,0,0,0,0,0,0,0,0,0,0,0,0,0,0,0,0,0,0,0,0,0,,,,,
Geronimo Allison,WR,GB,8,ATL,0,0,0,0,0,0,0,0,2,21,1,4,0,0,0,0,0,0,0,0,0,0,,,,,
Giovani Bernard,RB,CIN,8,WAS,0,0,0,0,0,52,1,11,1,14,0,1,0,0,0,0,0,0,0,0,0,0,,,,,
Golden Tate,WR,DET,8,HOU,0,0,0,0,0,0,0,0,7,42,0,9,0,0,0,0,0,0,0,0,0,0,,,,,
Graham Gano,K,CAR,8,ARI,0,0,0,0,0,0,0,0,0,0,0,0,0,0,0,0,1,0,1,1,0,3,,,,,
Greg Olsen,TE,CAR,8,ARI,0,0,0,0,0,0,0,0,1,11,0,3,0,0,0,0,0,0,0,0,0,0,,,,,
Griff Whalen,WR,LAC,8,DEN,0,0,0,0,0,0,0,0,0,0,0,1,0,0,0,0,0,0,0,0,0,0,,,,,
HOU,DEF,HOU,8,DET,,,,,,,,,,,,,,,,,,,,,,,0,0,0,0,13.0
Hunter Henry,TE,LAC,8,DEN,0,0,0,0,0,0,0,0,2,14,0,4,0,0,0,0,0,0,0,0,0,0,,,,,
IND,DEF,IND,8,KC,,,,,,,,,,,,,,,,,,,,,,,0,0,0,0,30.0
Ifeanyi Momah,TE,ARI,8,CAR,0,0,0,0,0,0,0,0,0,0,0,1,0,0,0,0,0,0,0,0,0,0,,,,,
Isaiah Crowell,RB,CLE,8,NYJ,0,0,0,0,0,29,1,11,2,34,0,2,0,0,0,0,0,0,0,0,0,0,,,,,
J.J. Nelson,WR,ARI,8,CAR,0,0,0,0,0,0,0,0,8,79,2,12,0,0,0,0,0,0,0,0,0,0,,,,,
JAX,DEF,JAX,8,TEN,,,,,,,,,,,,,,,,,,,,,,,0,0,0,0,36.0
Jack Doyle,TE,IND,8,KC,0,0,0,0,0,0,0,0,2,36,0,3,0,0,0,0,0,0,0,0,0,0,,,,,
Jacob Tamme,TE,ATL,8,GB,0,0,0,0,0,0,0,0,2,19,0,2,0,0,0,0,0,0,0,0,0,0,,,,,
Jacquizz Rodgers,RB,TB,8,LV,0,0,0,0,0,69,1,19,1,9,0,1,0,0,0,0,0,0,0,0,0,0,,,,,
Jalen Richard,RB,LV,8,TB,0,0,0,0,0,34,0,5,2,3,0,2,0,0,0,0,0,0,0,0,0,0,,,,,
Jalin Marshall,WR,NYJ,8,CLE,0,0,0,0,0,0,0,0,0,0,0,0,0,0,0,0,0,0,0,0,0,0,,,,,
Jameis Winston,QB,TB,8,LV,180,2,32,16,0,16,0,3,0,0,0,0,0,0,1,0,0,0,0,0,0,0,,,,,
James White,RB,NE,8,BUF,0,0,0,0,0,15,0,2,2,14,0,5,0,0,0,0,0,0,0,0,0,0,,,,,
James Wright,WR,CIN,8,WAS,0,0,0,0,0,0,0,0,0,0,0,0,0,0,0,0,0,0,0,0,0,0,,,,,
Jamison Crowder,WR,WAS,8,CIN,0,0,0,0,0,0,0,0,9,107,1,13,0,0,0,0,0,0,0,0,0,0,,,,,
Jamize Olawale,RB,LV,8,TB,0,0,0,0,0,-1,0,1,2,69,0,2,0,0,0,0,0,0,0,0,0,0,,,,,
Jason Myers,K,JAX,8,TEN,0,0,0,0,0,0,0,0,0,0,0,0,0,0,0,0,0,0,0,0,0,2,,,,,
Jason Witten,TE,DAL,8,PHI,0,0,0,0,0,0,0,0,2,16,1,3,0,0,0,0,0,0,0,0,0,0,,,,,
Jay Cutler,QB,CHI,8,MIN,252,1,31,20,0,2,0,1,0,0,0,0,0,0,0,0,0,0,0,0,0,0,,,,,
Jeff Janis,WR,GB,8,ATL,0,0,0,0,0,0,0,0,4,30,1,4,0,0,0,0,0,0,0,0,0,0,,,,,
Jeremy Hill,RB,CIN,8,WAS,0,0,0,0,0,76,1,20,1,-3,0,1,0,0,0,0,0,0,0,0,0,0,,,,,
Jeremy Langford,RB,CHI,8,MIN,0,0,0,0,0,0,0,0,1,11,0,1,0,0,0,0,0,0,0,0,0,0,,,,,
Jeremy Maclin,WR,KC,8,IND,0,0,0,0,0,0,0,0,3,43,1,10,0,0,0,0,0,0,0,0,0,0,,,,,
Jermaine Gresham,TE,ARI,8,CAR,0,0,0,0,0,0,0,0,3,32,0,5,0,0,0,0,0,0,0,0,0,0,,,,,
Jermaine Kearse,WR,SEA,8,NO,0,0,0,0,0,0,0,0,4,57,0,7,0,0,0,0,0,0,0,0,0,0,,,,,
Jimmy Garoppolo,QB,NE,8,BUF,0,0,0,0,0,-1,0,1,0,0,0,0,0,0,0,0,0,0,0,0,0,0,,,,,
Jimmy Graham,TE,SEA,8,NO,0,0,0,0,0,0,0,0,3,34,0,5,0,0,0,0,0,0,0,0,0,0,,,,,
Joe Webb,QB,CAR,8,ARI,0,0,0,0,0,0,0,0,0,0,0,0,0,0,0,0,0,0,0,0,0,0,,,,,
John Brown,WR,ARI,8,CAR,0,0,0,0,0,0,0,0,4,49,1,4,0,0,0,0,0,0,0,0,0,0,,,,,
John Phillips,TE,DEN,8,LAC,0,0,0,0,0,0,0,0,0,0,0,0,0,0,0,0,0,0,0,0,0,0,,,,,
Johnny Holton,WR,LV,8,TB,0,0,0,0,0,2,0,1,0,0,0,0,0,0,0,0,0,0,0,0,0,0,,,,,
Jonathan Grimes,RB,HOU,8,DET,0,0,0,0,0,11,0,2,0,0,0,0,0,0,0,0,0,0,0,0,0,0,,,,,
Jonathan Stewart,RB,CAR,8,ARI,0,0,0,0,0,95,2,25,1,25,0,2,0,0,0,0,0,0,0,0,0,0,,,,,
Jonathan Williams,RB,BUF,8,NE,0,0,0,0,0,12,1,5,0,0,0,0,0,0,0,0,0,0,0,0,0,0,,,,,
Jordan Howard,RB,CHI,8,MIN,0,0,0,0,0,153,1,26,4,49,0,4,0,0,0,0,0,0,0,0,0,0,,,,,
Jordan Matthews,TE,PHI,8,DAL,0,0,0,0,0,0,0,0,11,65,1,15,0,0,0,0,0,0,0,0,0,0,,,,,
Jordan Norwood,WR,DEN,8,LAC,0,0,0,0,0,0,0,0,1,9,0,3,0,0,0,0,0,0,0,0,0,0,,,,,
Jordan Payton,WR,CLE,8,NYJ,0,0,0,0,0,0,0,0,1,3,0,1,0,0,0,0,0,0,0,0,0,0,,,,,
Jordan Reed,TE,WAS,8,CIN,0,0,0,0,0,0,0,0,9,99,1,13,0,0,0,0,0,0,0,0,0,0,,,,,
Jordan Taylor,WR,DEN,8,LAC,0,0,0,0,0,0,0,0,1,35,0,1,0,0,0,0,0,0,0,0,0,0,,,,,
Jordan Todman,RB,IND,8,KC,0,0,0,0,0,0,0,0,0,0,0,0,0,0,0,0,0,0,0,0,0,0,,,,,
Jordy Nelson,WR,GB,8,ATL,0,0,0,0,0,0,0,0,4,94,1,9,0,0,0,0,0,0,0,0,0,0,,,,,
Josh Bellamy,WR,CHI,8,MIN,0,0,0,0,0,0,0,0,1,4,0,2,0,0,0,0,0,0,0,0,0,0,,,,,
Josh Ferguson,RB,IND,8,KC,0,0,0,0,0,0,0,0,0,0,0,0,0,0,0,0,0,0,0,0,0,0,,,,,
Josh Hill,TE,NO,8,SEA,0,0,0,0,0,0,0,0,1,3,0,1,0,0,0,0,0,0,0,0,0,0,,,,,
Josh Huff,WR,PHI,8,DAL,0,0,1,0,0,0,0,0,1,9,0,1,0,0,0,0,0,0,0,0,0,0,,,,,
Josh Lambo,K,LAC,8,DEN,0,0,0,0,0,0,0,0,0,0,0,0,0,0,0,0,0,0,0,0,0,1,,,,,
Josh McCown,QB,CLE,8,NYJ,341,2,49,25,2,10,0,3,0,0,0,0,0,0,1,0,0,0,0,0,0,0,,,,,
Julian Edelman,WR,NE,8,BUF,0,0,0,0,0,0,0,1,4,37,1,8,0,0,0,0,0,0,0,0,0,0,,,,,
Julio Jones,WR,ATL,8,GB,0,0,0,0,0,0,0,0,3,29,0,5,0,0,0,0,0,0,0,0,0,0,,,,,
Julius Thomas,TE,JAX,8,TEN,0,0,0,0,0,0,0,0,3,28,1,6,0,0,0,0,0,0,0,0,0,0,,,,,
Justin Hardy,WR,ATL,8,GB,0,0,0,0,0,0,0,0,1,13,0,1,0,0,0,0,0,0,0,0,0,0,,,,,
Justin Hunter,WR,BUF,8,NE,0,0,0,0,0,0,0,0,1,7,0,5,0,0,0,0,0,0,0,0,0,0,,,,,
Juwan Thompson,RB,DEN,8,LAC,0,0,0,0,0,1,1,1,0,0,0,0,0,0,0,0,0,0,0,0,0,0,,,,,
KC,DEF,KC,8,IND,,,,,,,,,,,,,,,,,,,,,,,0,0,0,0,14.0
Ka'Deem Carey,RB,CHI,8,MIN,0,0,0,0,0,3,0,2,0,0,0,0,0,0,0,0,0,0,0,0,0,0,,,,,
Kapri Bibbs,RB,DEN,8,LAC,0,0,0,0,0,4,0,2,0,0,0,0,0,0,0,0,0,0,0,0,0,0,,,,,
Kelvin Benjamin,WR,CAR,8,ARI,0,0,0,0,0,0,0,0,2,73,0,5,0,0,0,0,0,0,0,0,0,0,,,,,
Kendall Wright,WR,TEN,8,JAX,0,0,0,0,0,15,0,1,4,84,1,5,0,0,0,0,0,0,0,0,0,0,,,,,
Kenjon Barner,RB,PHI,8,DAL,0,0,0,0,0,9,0,3,1,5,0,1,0,0,0,0,0,0,0,0,0,0,,,,,
Kenneth Farrow,RB,LAC,8,DEN,0,0,0,0,0,12,0,3,0,0,0,0,0,0,0,0,0,0,0,0,0,0,,,,,
Kevin Hogan,QB,CLE,8,NYJ,4,0,2,2,0,0,0,0,0,0,0,0,0,0,0,0,0,0,0,0,0,0,,,,,
Kirk Cousins,QB,WAS,8,CIN,458,2,56,38,1,-1,0,3,0,0,0,0,0,0,0,0,0,0,0,0,0,0,,,,,
Knile Davis,RB,GB,8,ATL,0,0,0,0,0,4,0,3,2,4,0,2,0,0,0,0,0,0,0,0,0,0,,,,,
Kyle Rudolph,TE,MIN,8,CHI,0,0,0,0,0,0,0,0,5,31,0,6,0,0,0,0,0,0,0,0,0,0,,,,,
LAC,DEF,LAC,8,DEN,,,,,,,,,,,,,,,,,,,,,,,1,0,0,0,0.0
LV,DEF,LV,8,TB,,,,,,,,,,,,,,,,,,,,,,,0,0,0,0,0.0
Lamar Miller,RB,HOU,8,DET,0,0,0,0,0,56,1,17,2,7,0,3,0,0,0,0,0,0,0,0,0,0,,,,,
Larry Fitzgerald,WR,ARI,8,CAR,0,0,0,0,0,0,0,0,10,74,0,11,0,0,0,0,0,0,0,0,0,0,,,,,
Latavius Murray,RB,LV,8,TB,0,0,0,0,0,48,0,11,5,23,0,7,0,0,0,0,0,0,0,0,0,0,,,,,
LeGarrette Blount,RB,NE,8,BUF,0,0,0,0,0,43,1,18,0,0,0,0,0,0,0,0,0,0,0,0,0,0,,,,,
Levine Toilolo,TE,ATL,8,GB,0,0,0,0,0,0,0,0,0,0,0,1,0,0,0,0,0,0,0,0,0,0,,,,,
Logan Paulsen,TE,CHI,8,MIN,0,0,0,0,0,0,0,0,1,5,0,2,0,0,0,0,0,0,0,0,0,0,,,,,
Lucky Whitehead,WR,DAL,8,PHI,0,0,0,0,0,17,0,1,0,0,0,0,0,0,0,0,0,0,0,0,0,0,,,,,
Luke Stocker,TE,TB,8,LV,0,0,0,0,0,0,0,0,2,8,0,2,0,0,0,0,0,0,0,0,0,0,,,,,
MIN,DEF,MIN,8,CHI,,,,,,,,,,,,,,,,,,,,,,,0,0,0,0,20.0
Marc Mariani,WR,TEN,8,JAX,0,0,0,0,0,0,0,0,0,0,0,0,0,0,0,0,0,0,0,0,0,0,,,,,
Marcedes Lewis,TE,JAX,8,TEN,0,0,0,0,0,0,0,0,4,23,0,6,0,0,0,0,0,0,0,0,0,0,,,,,
Marcus Mariota,QB,TEN,8,JAX,270,2,22,18,0,11,0,3,0,0,0,0,0,0,0,0,0,0,0,0,0,0,,,,,
Mark Ingram,RB,NO,8,SEA,0,0,0,0,0,5,0,3,0,0,0,0,0,0,0,0,0,0,0,0,0,0,,,,,
Marqise Lee,WR,JAX,8,TEN,0,0,0,0,0,0,0,0,1,21,0,3,0,0,0,0,0,0,0,0,0,0,,,,,
Martellus Bennett,TE,NE,8,BUF,0,0,0,0,0,0,0,0,4,35,0,5,0,0,0,0,0,0,0,0,0,0,,,,,
Marvin Jones,WR,DET,8,HOU,0,0,0,0,0,0,0,0,3,33,0,7,0,0,0,0,0,0,0,0,0,0,,,,,
Mason Crosby,K,GB,8,ATL,0,0,0,0,0,0,0,0,0,0,0,0,0,0,0,0,1,0,0,0,0,3,,,,,
Matt Asiata,RB,MIN,8,CHI,0,0,0,0,0,42,0,14,2,36,0,5,0,0,0,0,0,0,0,0,0,0,,,,,
Matt Bryant,K,ATL,8,GB,0,0,0,0,0,0,0,0,0,0,0,0,0,0,0,0,0,1,1,0,0,3,,,,,
Matt Cassel,QB,TEN,8,JAX,10,0,1,1,0,2,0,1,0,0,0,0,0,0,0,0,0,0,0,0,0,0,,,,,
Matt Forte,RB,NYJ,8,CLE,0,0,0,0,0,82,2,25,2,16,0,3,0,0,0,0,0,0,0,0,0,0,,,,,
Matt Prater,K,DET,8,HOU,0,0,0,0,0,0,0,0,0,0,0,0,0,0,0,0,0,1,1,0,0,1,,,,,
Matt Ryan,QB,ATL,8,GB,288,3,35,28,0,9,0,2,0,0,0,0,0,0,0,0,0,0,0,0,0,0,,,,,
Matthew Slater,WR,NE,8,BUF,0,0,0,0,0,0,0,0,0,0,0,0,0,0,0,0,0,0,0,0,0,0,,,,,
Matthew Stafford,QB,DET,8,HOU,240,1,41,27,0,0,0,0,0,0,0,0,0,0,0,0,0,0,0,0,0,0,,,,,
Maurice Harris,WR,WAS,8,CIN,0,0,0,0,0,0,0,0,0,0,0,2,0,0,0,0,0,0,0,0,0,0,,,,,
Melvin Gordon,RB,LAC,8,DEN,0,0,0,0,0,111,0,23,4,44,0,7,0,0,0,0,0,0,0,0,0,0,,,,,
Michael Crabtree,WR,LV,8,TB,0,0,0,0,0,0,0,0,8,108,0,16,0,0,0,0,0,0,0,0,0,0,,,,,
Michael Thomas,WR,NO,8,SEA,0,0,0,0,0,0,0,0,6,63,0,6,0,0,0,0,0,0,0,0,0,0,,,,,
Mike Evans,WR,TB,8,LV,0,0,0,0,0,0,0,0,4,50,0,11,0,0,1,0,0,0,0,0,0,0,,,,,
Mike Gillislee,RB,BUF,8,NE,0,0,0,0,0,85,1,12,3,9,0,3,0,0,0,0,0,0,0,0,0,0,,,,,
Mike Nugent,K,CIN,8,WAS,0,0,0,0,0,0,0,0,0,0,0,0,0,0,0,0,0,0,0,0,0,3,,,,,
Mohamed Sanu,WR,ATL,8,GB,0,0,0,0,0,0,0,0,9,84,1,10,0,0,0,0,0,0,0,0,0,0,,,,,
Mychal Rivera,TE,LV,8,TB,0,0,0,0,0,0,0,0,3,36,1,3,0,0,0,0,0,0,0,0,0,0,,,,,
NE,DEF,NE,8,BUF,,,,,,,,,,,,,,,,,,,,,,,0,0,0,0,25.0
NO,DEF,NO,8,SEA,,,,,,,,,,,,,,,,,,,,,,,0,0,0,0,20.0
NYJ,DEF,NYJ,8,CLE,,,,,,,,,,,,,,,,,,,,,,,0,0,0,0,28.0
Nelson Agholor,WR,PHI,8,DAL,0,0,0,0,0,0,0,0,3,25,0,4,0,0,0,0,0,0,0,0,0,0,,,,,
Nick Foles,QB,KC,8,IND,223,2,22,16,0,-1,0,1,0,0,0,0,0,0,0,0,0,0,0,0,0,0,,,,,
Nick Folk,K,NYJ,8,CLE,0,0,0,0,0,0,0,0,0,0,0,0,0,0,0,0,1,0,0,0,0,4,,,,,
Nick Novak,K,HOU,8,DET,0,0,0,0,0,0,0,0,0,0,0,0,0,0,0,0,0,2,0,0,0,2,,,,,
Nick O'Leary,TE,BUF,8,NE,0,0,0,0,0,0,0,0,1,10,0,1,0,0,1,0,0,0,0,0,0,0,,,,,
Nick Vannett,TE,SEA,8,NO,0,0,0,0,0,0,0,0,1,7,0,1,0,0,0,0,0,0,0,0,0,0,,,,,
PHI,DEF,PHI,8,DAL,,,,,,,,,,,,,,,,,,,,,,,0,0,0,0,29.0
Paul Richardson,WR,SEA,8,NO,0,0,0,0,0,0,0,0,2,33,0,3,0,0,0,0,0,0,0,0,0,0,,,,,
Peyton Barber,RB,TB,8,LV,0,0,0,0,0,1,0,1,0,0,0,0,0,0,0,0,0,0,0,0,0,0,,,,,
Philip Rivers,QB,LAC,8,DEN,267,2,47,20,3,0,0,0,0,0,0,0,0,0,0,0,0,0,0,0,0,0,,,,,
Phillip Dorsett,WR,IND,8,KC,0,0,0,0,0,0,0,0,5,33,0,5,0,0,0,0,0,0,0,0,0,0,,,,,
Phillip Supernaw,TE,TEN,8,JAX,0,0,0,0,0,0,0,0,1,30,0,1,0,0,0,0,0,0,0,0,0,0,,,,,
Pierre Garcon,WR,WAS,8,CIN,0,0,0,0,0,0,0,0,6,67,0,7,0,0,0,0,0,0,0,0,0,0,,,,,
Quincy Enunwa,WR,NYJ,8,CLE,0,0,0,0,0,0,0,0,4,93,1,11,0,0,0,0,0,0,0,0,0,0,,,,,
Randall Telfer,TE,CLE,8,NYJ,0,0,0,0,0,0,0,0,0,0,0,3,0,0,0,0,0,0,0,0,0,0,,,,,
Rashard Higgins,WR,CLE,8,NYJ,0,0,0,0,0,0,0,0,1,10,0,1,0,0,0,0,0,0,0,0,0,0,,,,,
Reggie Bush,RB,BUF,8,NE,0,0,0,0,0,-8,0,2,2,34,0,3,0,0,0,0,0,0,0,0,0,0,,,,,
Rex Burkhead,RB,CIN,8,WAS,0,0,0,0,0,0,0,0,0,0,0,0,0,0,0,0,0,0,0,0,0,0,,,,,
Ricardo Louis,WR,CLE,8,NYJ,0,0,0,0,0,0,0,0,2,32,0,7,0,0,0,0,0,0,0,0,0,0,,,,,
Rishard Matthews,WR,TEN,8,JAX,0,0,0,0,0,0,0,0,4,38,1,4,0,0,0,0,0,0,0,0,0,0,,,,,
Rob Gronkowski,TE,NE,8,BUF,0,0,0,0,0,0,0,0,5,109,1,7,0,0,0,0,0,0,0,0,0,0,,,,,
Rob Kelley,RB,WAS,8,CIN,0,0,0,0,0,87,1,21,0,0,0,2,0,0,0,0,0,0,0,0,0,0,,,,,
Robbie Chosen,WR,NYJ,8,CLE,0,0,0,0,0,0,0,0,3,31,0,6,0,0,0,0,0,0,0,0,0,0,,,,,
Robert Turbin,RB,IND,8,KC,0,0,0,0,0,9,0,2,3,25,0,3,0,0,0,0,0,0,0,0,0,0,,,,,
Robert Woods,WR,BUF,8,NE,0,0,0,0,0,0,0,0,4,50,0,7,0,0,0,0,0,0,0,0,0,0,,,,,
Roberto Aguayo,K,TB,8,LV,0,0,0,0,0,0,0,0,0,0,0,0,0,0,0,0,0,0,1,0,0,1,,,,,
Rod Smith,RB,DAL,8,PHI,0,0,0,0,0,0,0,0,0,0,0,0,0,0,0,0,0,0,0,0,0,0,,,,,
Ronnie Hillman,RB,MIN,8,CHI,0,0,0,0,0,15,0,4,2,9,0,5,0,0,0,0,0,0,0,0,0,0,,,,,
Russell Shepard,WR,TB,8,LV,0,0,0,0,0,0,0,0,2,24,1,3,0,0,0,0,0,0,0,0,0,0,,,,,
Russell Wilson,QB,SEA,8,NO,253,0,34,22,1,11,0,3,0,0,0,0,0,0,0,0,0,0,0,0,0,0,,,,,
Ryan Fitzpatrick,QB,NYJ,8,CLE,228,1,34,16,0,13,0,4,0,0,0,0,0,0,0,0,0,0,0,0,0,0,,,,,
Ryan Grant,WR,WAS,8,CIN,0,0,0,0,0,0,0,0,1,17,0,2,0,0,0,0,0,0,0,0,0,0,,,,,
Ryan Griffin,TE,HOU,8,DET,0,0,0,0,0,0,0,0,3,34,0,3,0,0,0,0,0,0,0,0,0,0,,,,,
Ryan Mathews,RB,PHI,8,DAL,0,0,0,0,0,10,1,4,1,1,0,1,0,0,0,0,0,0,0,0,0,0,,,,,
Ryan Succop,K,TEN,8,JAX,0,0,0,0,0,0,0,0,0,0,0,0,0,0,0,0,1,2,0,0,0,3,,,,,
SEA,DEF,SEA,8,NO,,,,,,,,,,,,,,,,,,,,,,,0,0,0,0,25.0
Sam Bradford,QB,MIN,8,CHI,228,1,37,23,0,0,0,0,0,0,0,0,0,0,0,0,0,0,0,0,0,0,,,,,
Sean McGrath,TE,LAC,8,DEN,0,0,0,0,0,0,0,0,0,0,0,0,0,0,0,0,0,0,0,0,0,0,,,,,
Sebastian Janikowski,K,LV,8,TB,0,0,0,0,0,0,0,0,0,0,0,0,0,0,0,0,0,1,0,0,0,3,,,,,
Seth DeValve,TE,CLE,8,NYJ,0,0,0,0,0,0,0,0,1,5,0,1,0,0,0,0,0,0,0,0,0,0,,,,,
Seth Roberts,WR,LV,8,TB,0,0,0,0,0,0,0,0,3,69,1,7,0,0,0,0,0,0,0,0,0,0,,,,,
Spencer Ware,RB,KC,8,IND,0,0,0,0,0,19,0,7,2,28,0,2,0,0,0,0,0,0,0,0,0,0,,,,,
Stefon Diggs,WR,MIN,8,CHI,0,0,0,0,0,0,0,0,8,76,1,13,0,0,0,0,0,0,0,0,0,0,,,,,
Stephen Anderson,TE,HOU,8,DET,0,0,0,0,0,0,0,0,2,17,0,2,0,0,0,0,0,0,0,0,0,0,,,,,
Stephen Gostkowski,K,NE,8,BUF,0,0,0,0,0,0,0,0,0,0,0,0,0,0,0,0,0,1,0,1,0,5,,,,,
Steven Hauschka,K,SEA,8,NO,0,0,0,0,0,0,0,0,0,0,0,0,0,0,0,0,1,0,1,0,0,2,,,,,
T.J. Yeldon,RB,JAX,8,TEN,0,0,0,0,0,20,0,3,4,36,0,4,0,0,0,0,0,0,0,0,0,0,,,,,
T.Y. Hilton,WR,IND,8,KC,0,0,0,0,0,0,0,0,1,20,0,6,0,0,0,0,0,0,0,0,0,0,,,,,
TB,DEF,TB,8,LV,,,,,,,,,,,,,,,,,,,,,,,0,0,0,0,30.0
TEN,DEF,TEN,8,JAX,,,,,,,,,,,,,,,,,,,,,,,0,0,0,0,22.0
Tajae Sharpe,WR,TEN,8,JAX,0,0,0,0,0,0,0,0,1,11,0,1,0,0,0,0,0,0,0,0,0,0,,,,,
Tanner McEvoy,WR,SEA,8,NO,43,0,1,1,0,0,0,0,0,0,0,0,0,0,0,0,0,0,0,0,0,0,,,,,
Taylor Gabriel,WR,ATL,8,GB,0,0,0,0,0,0,0,0,3,68,1,3,0,0,0,0,0,0,0,0,0,0,,,,,
Ted Ginn,WR,CAR,8,ARI,0,0,0,0,0,0,0,0,5,53,0,6,0,0,0,0,0,0,0,0,0,0,,,,,
Terrance Williams,WR,DAL,8,PHI,0,0,0,0,0,0,0,0,2,25,0,7,0,0,0,0,0,0,0,0,0,0,,,,,
Terrelle Pryor,WR,CLE,8,NYJ,0,0,0,0,0,0,0,0,6,101,0,12,0,0,1,0,0,0,0,0,0,0,,,,,
Terron Ward,RB,ATL,8,GB,0,0,0,0,0,46,0,6,1,11,0,1,0,0,0,0,0,0,0,0,0,0,,,,,
Theo Riddick,RB,DET,8,HOU,0,0,0,0,0,56,0,11,8,77,1,11,0,0,0,0,0,0,0,0,0,0,,,,,
Tim Hightower,RB,NO,8,SEA,0,0,0,0,0,102,0,26,1,0,0,3,0,0,0,0,0,0,0,0,0,0,,,,,
Tom Brady,QB,NE,8,BUF,315,4,33,22,0,15,0,1,0,0,0,0,0,0,0,0,0,0,0,0,0,0,,,,,
Tommylee Lewis,WR,NO,8,SEA,0,0,0,0,0,0,0,0,0,0,0,0,0,0,0,0,0,0,0,0,0,0,,,,,
Travaris Cadet,RB,NO,8,SEA,0,0,0,0,0,0,0,0,1,7,0,2,0,0,0,0,0,0,0,0,0,0,,,,,
Travis Benjamin,WR,LAC,8,DEN,0,0,0,0,0,0,0,0,3,44,1,9,0,0,0,0,0,0,0,0,0,0,,,,,
Travis Kelce,TE,KC,8,IND,0,0,0,0,0,0,0,0,7,101,1,10,0,0,0,0,0,0,0,0,0,0,,,,,
Trevor Davis,WR,GB,8,ATL,0,0,0,0,0,0,0,0,3,24,1,4,0,0,0,0,0,0,0,0,0,0,,,,,
Trevor Siemian,QB,DEN,8,LAC,276,0,38,20,1,-2,0,3,0,0,0,0,0,0,0,0,0,0,0,0,0,0,,,,,
Trey Burton,TE,PHI,8,DAL,0,0,0,0,0,0,0,0,1,6,0,2,0,0,0,0,0,0,0,0,0,0,,,,,
Tyler Boyd,WR,CIN,8,WAS,0,0,0,0,0,3,0,1,5,38,0,7,0,0,0,0,0,0,0,0,0,0,,,,,
Tyler Eifert,TE,CIN,8,WAS,0,0,0,0,0,0,0,0,9,102,1,12,0,0,0,0,0,0,0,0,0,0,,,,,
Tyler Ervin,RB,HOU,8,DET,0,0,0,0,0,0,0,0,0,0,0,0,0,0,0,0,0,0,0,0,0,0,,,,,
Tyler Kroft,TE,CIN,8,WAS,0,0,0,0,0,0,0,0,1,6,0,1,0,0,0,0,0,0,0,0,0,0,,,,,
Tyler Lockett,WR,SEA,8,NO,0,0,0,0,0,0,0,0,4,32,0,4,0,0,0,0,0,0,0,0,0,0,,,,,
Tyreek Hill,WR,KC,8,IND,0,0,0,0,0,7,0,1,5,98,1,6,0,0,0,0,0,0,0,0,0,0,,,,,
Tyrell Williams,WR,LAC,8,DEN,0,0,0,0,0,0,0,0,1,4,0,6,0,0,0,0,0,0,0,0,0,0,,,,,
Tyrod Taylor,QB,BUF,8,NE,183,0,38,19,0,48,1,5,0,0,0,0,0,0,0,0,0,0,0,0,0,0,,,,,
Vernon Davis,TE,WAS,8,CIN,0,0,0,0,0,0,0,0,5,93,0,5,0,0,0,0,0,0,0,0,0,0,,,,,
Virgil Green,TE,DEN,8,LAC,0,0,0,0,0,0,0,0,4,55,0,6,0,0,0,0,0,0,0,0,0,0,,,,,
WAS,DEF,WAS,8,CIN,,,,,,,,,,,,,,,,,,,,,,,0,0,0,0,27.0
Walt Powell,WR,BUF,8,NE,0,0,0,0,0,0,0,0,3,59,0,8,0,0,0,0,0,0,0,0,0,0,,,,,
Wendell Smallwood,RB,PHI,8,DAL,0,0,0,0,0,-5,0,1,0,0,0,0,0,0,0,0,0,0,0,0,0,0,,,,,
Wil Lutz,K,NO,8,SEA,0,0,0,0,0,0,0,0,0,0,0,0,0,0,0,0,2,0,1,1,0,1,,,,,
Will Fuller,WR,HOU,8,DET,0,0,0,0,0,0,0,0,1,23,0,4,0,0,0,0,0,0,0,0,0,0,,,,,
Willie Snead,WR,NO,8,SEA,0,0,0,0,0,0,0,0,6,56,0,8,0,0,0,0,0,0,0,0,0,0,,,,,
Zach Ertz,TE,PHI,8,DAL,0,0,0,0,0,0,0,0,4,19,0,4,0,0,0,0,0,0,0,0,0,0,,,,,
Zach Miller,TE,CHI,8,MIN,0,0,0,0,0,0,0,0,7,88,0,10,0,0,0,0,0,0,0,0,0,0,,,,,
Zach Zenner,RB,DET,8,HOU,0,0,0,0,0,2,0,3,1,5,0,1,0,0,0,0,0,0,0,0,0,0,,,,,
A.J. Derby,TE,DEN,9,LV,0,0,0,0,0,0,0,0,0,0,0,1,0,0,0,0,0,0,0,0,0,0,,,,,
ATL,DEF,ATL,9,TB,,,,,,,,,,,,,,,,,,,,,,,0,0,0,0,28.0
Aaron Burbridge,WR,SF,9,NO,0,0,0,0,0,0,0,0,0,0,0,2,0,0,0,0,0,0,0,0,0,0,,,,,
Aaron Rodgers,QB,GB,9,IND,297,3,43,26,1,43,0,6,0,0,0,0,0,0,0,0,0,0,0,0,0,0,,,,,
Adam Humphries,WR,TB,9,ATL,0,0,0,0,0,0,0,0,5,46,1,7,0,0,0,0,0,0,0,0,0,0,,,,,
Adam Thielen,WR,MIN,9,DET,0,0,0,0,0,0,0,0,4,68,0,6,0,0,0,0,0,0,0,0,0,0,,,,,
Adam Vinatieri,K,IND,9,GB,0,0,0,0,0,0,0,0,0,0,0,0,0,0,0,0,1,0,0,0,0,4,,,,,
Alan Cross,TE,TB,9,ATL,0,0,0,0,0,0,0,0,0,0,0,0,0,0,0,0,0,0,0,0,0,0,,,,,
Albert Wilson,WR,KC,9,JAX,0,0,0,0,0,-5,0,1,3,42,1,8,0,0,0,0,0,0,0,0,0,0,,,,,
Alfred Morris,RB,DAL,9,CLE,0,0,0,0,0,56,0,17,0,0,0,0,0,0,0,0,0,0,0,0,0,0,,,,,
Allen Hurns,WR,JAX,9,KC,0,0,0,0,0,0,0,0,0,0,0,4,0,0,0,0,0,0,0,0,0,0,,,,,
Allen Robinson,WR,JAX,9,KC,0,0,0,0,0,0,0,0,7,76,1,12,0,0,0,0,0,0,0,0,0,0,,,,,
Amari Cooper,WR,LV,9,DEN,0,0,0,0,0,0,0,0,6,56,0,8,0,0,0,0,0,0,0,0,0,0,,,,,
Andre Holmes,WR,LV,9,DEN,0,0,0,0,0,0,0,0,2,27,0,3,0,0,0,0,0,0,0,0,0,0,,,,,
Andre Roberts,WR,DET,9,MIN,0,0,0,0,0,0,0,0,1,27,0,1,0,0,0,0,0,0,0,0,0,0,,,,,
Andrew Franks,K,MIA,9,NYJ,0,0,0,0,0,0,0,0,0,0,0,0,0,0,0,0,1,1,0,0,0,3,,,,,
Andrew Hawkins,WR,CLE,9,DAL,0,0,0,0,0,0,0,0,2,13,0,4,0,0,0,0,0,0,0,0,0,0,,,,,
Andrew Luck,QB,IND,9,GB,281,1,36,23,2,15,0,7,0,0,0,0,0,0,0,0,0,0,0,0,0,0,,,,,
Anquan Boldin,WR,DET,9,MIN,0,0,0,0,0,0,0,0,2,10,1,4,0,0,0,0,0,0,0,0,0,0,,,,,
Anthony Fasano,TE,TEN,9,LAC,0,0,0,0,0,0,0,0,1,9,0,1,0,0,0,0,0,0,0,0,0,0,,,,,
Antone Smith,RB,TB,9,ATL,0,0,0,0,0,25,0,5,3,27,0,4,0,0,0,0,0,0,0,0,0,0,,,,,
Antonio Andrews,RB,TEN,9,LAC,0,0,0,0,0,15,0,2,0,0,0,0,0,0,0,0,0,0,0,0,0,0,,,,,
Antonio Brown,WR,PIT,9,BAL,0,0,0,0,0,0,0,0,7,85,1,11,0,0,0,0,0,0,0,0,0,0,,,,,
Antonio Gates,TE,LAC,9,TEN,0,0,0,0,0,0,0,0,5,75,1,9,0,0,0,0,0,0,0,0,0,0,,,,,
Arrelious Benn,WR,JAX,9,KC,0,0,0,0,0,0,0,0,1,16,0,1,0,0,0,0,0,0,0,0,0,0,,,,,
Austin Hooper,TE,ATL,9,TB,0,0,0,0,0,0,0,0,3,46,1,6,0,0,0,0,0,0,0,0,0,0,,,,,
Austin Seferian-Jenkins,TE,NYJ,9,MIA,0,0,0,0,0,0,0,0,0,0,0,1,0,0,0,0,0,0,0,0,0,0,,,,,
BAL,DEF,BAL,9,PIT,,,,,,,,,,,,,,,,,,,,,,,0,0,0,0,14.0
BUF,DEF,BUF,9,SEA,,,,,,,,,,,,,,,,,,,,,,,0,0,0,0,31.0
Ben Roethlisberger,QB,PIT,9,BAL,264,1,45,23,1,3,1,3,0,0,0,0,0,0,0,0,0,0,0,0,0,0,,,,,
Bennie Fowler,WR,DEN,9,LV,0,0,0,0,0,0,0,0,1,4,0,1,0,0,0,0,0,0,0,0,0,0,,,,,
Benny Cunningham,RB,LA,9,CAR,0,0,0,0,0,10,0,3,5,32,0,6,0,0,0,0,0,0,0,0,0,0,,,,,
Bilal Powell,RB,NYJ,9,MIA,0,0,0,0,0,22,0,6,4,29,0,4,0,0,0,0,0,0,0,0,0,0,,,,,
Blair Walsh,K,MIN,9,DET,0,0,0,0,0,0,0,0,0,0,0,0,0,0,0,0,0,1,0,0,0,1,,,,,
Blake Bortles,QB,JAX,9,KC,252,2,41,22,1,54,0,6,0,0,0,0,0,0,0,0,0,0,0,0,0,0,,,,,
Bradley Marquez,WR,LA,9,CAR,0,0,0,0,0,0,0,0,0,0,0,1,0,0,0,0,0,0,0,0,0,0,,,,,
Brandin Cooks,WR,NO,9,SF,0,0,0,0,0,0,0,0,5,66,0,6,0,0,0,0,0,0,0,0,0,0,,,,,
Brandon Coleman,WR,NO,9,SF,0,0,0,0,0,0,0,0,2,25,0,2,0,0,0,0,0,0,0,0,0,0,,,,,
Brandon Marshall,WR,NYJ,9,MIA,0,0,0,0,0,0,0,0,5,46,0,8,0,0,0,0,0,0,0,0,0,0,,,,,
Brandon McManus,K,DEN,9,LV,0,0,0,0,0,0,0,0,0,0,0,0,0,0,0,0,0,0,1,1,0,2,,,,,
Brandon Myers,TE,TB,9,ATL,0,0,0,0,0,0,0,0,0,0,0,0,0,0,1,0,0,0,0,0,0,0,,,,,
Brandon Williams,TE,SEA,9,BUF,0,0,0,0,0,0,0,0,1,16,0,2,0,0,0,0,0,0,0,0,0,0,,,,,
Breshad Perriman,WR,BAL,9,PIT,0,0,0,0,0,0,0,0,3,33,0,4,0,0,0,0,0,0,0,0,0,0,,,,,
Brian Quick,WR,LA,9,CAR,0,0,0,0,0,0,0,0,4,48,0,6,0,0,0,0,0,0,0,0,0,0,,,,,
Brice Butler,WR,DAL,9,CLE,0,0,0,0,0,0,0,0,1,9,0,1,0,0,0,0,0,0,0,0,0,0,,,,,
Bryan Walters,WR,JAX,9,KC,0,0,0,0,0,0,0,0,0,0,0,1,0,0,0,0,0,0,0,0,0,0,,,,,
Bryce Petty,QB,NYJ,9,MIA,19,0,2,2,0,0,0,0,0,0,0,0,0,0,0,0,0,0,0,0,0,0,,,,,
Bryce Treggs,WR,PHI,9,NYG,0,0,0,0,0,0,0,0,2,69,0,4,0,0,0,0,0,0,0,0,0,0,,,,,
C.J. Prosise,RB,SEA,9,BUF,0,0,0,0,0,9,0,3,1,6,0,1,0,0,0,0,0,0,0,0,0,0,,,,,
C.J. Spiller,RB,NYJ,9,MIA,0,0,0,0,0,0,0,0,0,0,0,0,0,0,0,0,0,0,0,0,0,0,,,,,
CAR,DEF,CAR,9,LA,,,,,,,,,,,,,,,,,,,,,,,0,0,0,0,10.0
CLE,DEF,CLE,9,DAL,,,,,,,,,,,,,,,,,,,,,,,0,0,0,0,35.0
Cairo Santos,K,KC,9,JAX,0,0,0,0,0,0,0,0,0,0,0,0,0,0,0,0,2,1,0,1,0,1,,,,,
Caleb Sturgis,K,PHI,9,NYG,0,0,0,0,0,0,0,0,0,0,0,0,0,0,0,0,1,2,0,0,0,2,,,,,
Cam Newton,QB,CAR,9,LA,225,1,32,20,0,16,0,7,0,0,0,0,0,0,0,0,0,0,0,0,0,0,,,,,
Cameron Brate,TE,TB,9,ATL,0,0,0,0,0,0,0,0,5,43,1,6,0,0,0,0,0,0,0,0,0,0,,,,,
Carson Wentz,QB,PHI,9,NYG,364,0,47,27,2,-4,0,4,0,0,0,0,0,0,0,0,0,0,0,0,0,0,,,,,
Case Keenum,QB,LA,9,CAR,296,1,46,27,1,0,0,0,0,0,0,0,0,0,0,0,0,0,0,0,0,0,,,,,
Cecil Shorts,WR,TB,9,ATL,0,0,0,0,0,0,0,0,1,20,0,4,0,0,0,0,0,0,0,0,0,0,,,,,
Charcandrick West,RB,KC,9,JAX,0,0,0,0,0,39,0,13,3,35,0,4,0,0,0,0,0,0,0,0,0,0,,,,,
Charles Clay,TE,BUF,9,SEA,0,0,0,0,0,0,0,0,3,9,0,4,0,0,0,0,0,0,0,0,0,0,,,,,
Charles D. Johnson,WR,MIN,9,DET,0,0,0,0,0,0,0,0,1,9,0,3,0,0,0,0,0,0,0,0,0,0,,,,,
Charone Peake,WR,NYJ,9,MIA,0,0,0,0,0,0,0,0,0,0,0,0,0,0,0,0,0,0,0,0,0,0,,,,,
Chase Reynolds,RB,LA,9,CAR,0,0,0,0,0,0,0,0,0,0,0,0,0,0,0,0,0,0,0,0,0,0,,,,,
Chester Rogers,WR,IND,9,GB,0,0,0,0,0,0,0,0,0,0,0,0,0,0,0,0,0,0,0,0,0,0,,,,,
Chris Boswell,K,PIT,9,BAL,0,0,0,0,0,0,0,0,0,0,0,0,0,0,0,0,0,0,0,0,0,2,,,,,
Chris Conley,WR,KC,9,JAX,0,0,0,0,0,0,0,0,3,28,0,4,0,0,0,0,0,0,0,0,0,0,,,,,
Chris Ivory,RB,JAX,9,KC,0,0,0,0,0,107,0,18,1,0,0,2,0,0,0,0,0,0,0,0,0,0,,,,,
Chris Moore,WR,BAL,9,PIT,0,0,0,0,0,2,0,1,0,0,0,0,1,0,0,0,0,0,0,0,0,0,,,,,
Christine Michael,RB,SEA,9,BUF,0,0,0,0,0,1,1,5,0,0,0,0,0,0,0,0,0,0,0,0,0,0,,,,,
Clive Walford,TE,LV,9,DEN,0,0,0,0,0,0,0,0,2,13,0,3,0,0,0,0,0,0,0,0,0,0,,,,,
Cobi Hamilton,WR,PIT,9,BAL,0,0,0,0,0,0,0,0,0,0,0,1,0,0,0,0,0,0,0,0,0,0,,,,,
Coby Fleener,TE,NO,9,SF,0,0,0,0,0,0,0,0,3,42,0,6,0,0,0,0,0,0,0,0,0,0,,,,,
Cody Kessler,QB,CLE,9,DAL,203,1,27,19,0,11,0,2,0,0,0,0,0,0,0,0,0,0,0,0,0,0,,,,,
Cody Parkey,K,CLE,9,DAL,0,0,0,0,0,0,0,0,0,0,0,0,0,0,0,0,0,1,0,0,0,1,,,,,
Cole Beasley,WR,DAL,9,CLE,0,0,0,0,0,0,0,0,6,56,1,6,0,0,0,0,0,0,0,0,0,0,,,,,
Colin Kaepernick,QB,SF,9,NO,398,2,39,24,1,23,0,5,0,0,0,0,0,0,0,0,0,0,0,0,0,0,,,,,
Cordarrelle Patterson,RB,MIN,9,DET,0,0,0,0,0,0,0,0,6,45,0,8,0,0,0,0,0,0,0,0,0,0,,,,,
Corey Brown,WR,CAR,9,LA,0,0,0,0,0,0,0,0,1,11,0,2,0,0,0,0,0,0,0,0,0,0,,,,,
Corey Coleman,WR,CLE,9,DAL,0,0,0,0,0,0,0,0,3,41,0,7,0,0,0,0,0,0,0,0,0,0,,,,,
DAL,DEF,DAL,9,CLE,,,,,,,,,,,,,,,,,,,,,,,0,0,0,0,10.0
DEN,DEF,DEN,9,LV,,,,,,,,,,,,,,,,,,,,,,,0,0,0,0,30.0
DET,DEF,DET,9,MIN,,,,,,,,,,,,,,,,,,,,,,,0,0,0,0,16.0
Dak Prescott,QB,DAL,9,CLE,247,3,27,21,0,20,0,4,0,0,0,0,0,0,0,0,0,0,0,0,0,0,,,,,
Damien Williams,RB,MIA,9,NYJ,0,0,0,0,0,29,0,5,2,20,0,3,0,0,0,0,0,0,0,0,0,0,,,,,
Dan Bailey,K,DAL,9,CLE,0,0,0,0,0,0,0,0,0,0,0,0,0,0,0,0,0,0,0,0,0,5,,,,,
Dan Carpenter,K,BUF,9,SEA,0,0,0,0,0,0,0,0,0,0,0,0,0,0,0,0,0,1,0,0,0,2,,,,,
Darren Sproles,RB,PHI,9,NYG,0,0,0,0,0,57,0,13,3,14,0,9,0,0,0,0,0,0,0,0,0,0,,,,,
Darren Waller,TE,BAL,9,PIT,0,0,0,0,0,0,0,0,2,17,0,3,0,0,0,0,0,0,0,0,0,0,,,,,
Darrius Heyward-Bey,WR,PIT,9,BAL,0,0,0,0,0,0,0,0,0,0,0,2,0,0,0,0,0,0,0,0,0,0,,,,,
Davante Adams,WR,GB,9,IND,0,0,0,0,0,0,0,0,4,41,1,8,0,0,0,0,0,0,0,0,0,0,,,,,
David Johnson,TE,PIT,9,BAL,0,0,0,0,0,0,0,0,1,15,0,2,0,0,0,0,0,0,0,0,0,0,,,,,
De'Anthony Thomas,WR,KC,9,JAX,0,0,0,0,0,0,0,0,0,0,0,0,0,0,0,0,0,0,0,0,0,0,,,,,
DeAndre Washington,RB,LV,9,DEN,0,0,0,0,0,35,0,10,1,0,0,1,0,0,0,0,0,0,0,0,0,0,,,,,
DeAngelo Williams,RB,PIT,9,BAL,0,0,0,0,0,1,0,1,0,0,0,0,0,0,0,0,0,0,0,0,0,0,,,,,
DeMarco Murray,RB,TEN,9,LAC,0,0,0,0,0,51,1,14,7,29,0,7,0,0,0,0,0,0,0,0,0,0,,,,,
DeVante Parker,WR,MIA,9,NYJ,0,0,0,0,0,0,0,0,2,8,0,4,0,0,0,0,0,0,0,0,0,0,,,,,
Delanie Walker,TE,TEN,9,LAC,0,0,0,0,0,0,0,0,5,42,1,9,0,0,0,0,0,0,0,0,0,0,,,,,
Demarcus Robinson,WR,KC,9,JAX,0,0,0,0,0,0,0,0,0,0,0,0,0,0,0,0,0,0,0,0,0,0,,,,,
Demaryius Thomas,WR,DEN,9,LV,0,0,0,0,0,0,0,0,5,56,0,10,0,0,0,0,0,0,0,0,0,0,,,,,
Demetrius Harris,TE,KC,9,JAX,0,0,0,0,0,0,0,0,0,0,0,1,0,0,0,0,0,0,0,0,0,0,,,,,
Denard Robinson,RB,JAX,9,KC,0,0,0,0,0,0,0,0,0,0,0,0,0,0,0,0,0,0,0,0,0,0,,,,,
Dennis Pitta,TE,BAL,9,PIT,0,0,0,0,0,0,0,0,2,14,0,3,0,0,0,0,0,0,0,0,0,0,,,,,
Derek Carr,QB,LV,9,DEN,184,0,31,20,0,3,0,4,0,0,0,0,0,0,0,0,0,0,0,0,0,0,,,,,
Devin Funchess,WR,CAR,9,LA,0,0,0,0,0,0,0,0,1,28,0,5,0,0,0,0,0,0,0,0,0,0,,,,,
Devin Hester,WR,BAL,9,PIT,0,0,0,0,0,0,0,0,0,0,0,0,0,0,0,0,0,0,0,0,0,0,,,,,
Devonta Freeman,RB,ATL,9,TB,0,0,0,0,0,77,0,17,2,28,0,2,0,0,0,0,0,0,0,0,0,0,,,,,
Devontae Booker,RB,DEN,9,LV,0,0,0,0,0,22,0,10,1,8,0,3,0,0,0,0,0,0,0,0,0,0,,,,,
Dez Bryant,WR,DAL,9,CLE,0,0,0,0,0,0,0,0,1,19,0,4,0,0,0,0,0,0,0,0,0,0,,,,,
Dominique Jones,TE,MIA,9,NYJ,0,0,0,0,0,0,0,0,3,42,1,4,0,0,0,0,0,0,0,0,0,0,,,,,
Don Jackson,RB,GB,9,IND,0,0,0,0,0,16,0,4,0,0,0,0,0,0,0,0,0,0,0,0,0,0,,,,,
Donte Moncrief,WR,IND,9,GB,0,0,0,0,0,0,0,0,3,55,1,6,0,0,0,0,0,0,0,0,0,0,,,,,
Dontrelle Inman,WR,LAC,9,TEN,0,0,0,0,0,0,0,0,6,56,0,9,0,0,0,0,0,0,0,0,0,0,,,,,
Dorial Green-Beckham,WR,PHI,9,NYG,0,0,0,0,0,0,0,0,0,0,0,5,0,0,0,0,0,0,0,0,0,0,,,,,
Doug Baldwin,WR,SEA,9,BUF,0,0,0,0,0,0,0,0,6,89,0,6,0,0,0,0,0,0,0,0,0,0,,,,,
Drew Brees,QB,NO,9,SF,323,3,39,28,0,-2,0,2,0,0,0,0,0,0,0,0,0,0,0,0,0,0,,,,,
DuJuan Harris,RB,SF,9,NO,0,0,0,0,0,59,0,10,5,83,1,6,0,0,0,0,0,0,0,0,0,0,,,,,
Duke Johnson,RB,CLE,9,DAL,0,0,0,0,0,30,0,5,2,16,0,2,0,0,0,0,0,0,0,0,0,0,,,,,
Dwayne Allen,TE,IND,9,GB,0,0,0,0,0,0,0,0,1,15,0,2,0,0,0,0,0,0,0,0,0,0,,,,,
Dwayne Harris,WR,NYG,9,PHI,0,0,0,0,0,0,0,0,0,0,0,0,0,0,0,0,0,0,0,0,0,0,,,,,
Dwayne Washington,RB,DET,9,MIN,0,0,0,0,0,26,0,10,0,0,0,1,0,0,0,0,0,0,0,0,0,0,,,,,
Ed Dickson,TE,CAR,9,LA,0,0,0,0,0,0,0,0,2,17,0,3,0,0,0,0,0,0,0,0,0,0,,,,,
Eli Manning,QB,NYG,9,PHI,257,4,36,22,2,-4,0,2,0,0,0,0,0,0,0,0,0,0,0,0,0,0,,,,,
Eli Rogers,WR,PIT,9,BAL,0,0,0,0,0,0,0,0,6,103,0,10,0,0,0,0,0,0,0,0,0,0,,,,,
Emmanuel Sanders,WR,DEN,9,LV,0,0,0,0,0,0,0,0,5,47,0,11,0,0,0,0,0,0,0,0,0,0,,,,,
Eric Ebron,TE,DET,9,MIN,0,0,0,0,0,0,0,0,7,92,0,8,0,0,0,0,0,0,0,0,0,0,,,,,
Eric Weems,WR,ATL,9,TB,0,0,0,0,0,0,0,0,0,0,0,0,0,0,0,0,0,0,0,0,0,0,,,,,
Erik Swoope,TE,IND,9,GB,0,0,0,0,0,0,0,0,1,7,0,1,0,0,0,0,0,0,0,0,0,0,,,,,
Ezekiel Elliott,RB,DAL,9,CLE,0,0,0,0,0,92,2,18,1,5,0,1,0,0,0,0,0,0,0,0,0,0,,,,,
Fozzy Whittaker,RB,CAR,9,LA,0,0,0,0,0,0,0,1,1,1,0,1,0,0,0,0,0,0,0,0,0,0,,,,,
Frank Gore,RB,IND,9,GB,0,0,0,0,0,60,2,19,2,11,0,2,0,0,0,0,0,0,0,0,0,0,,,,,
Freddie Martino,WR,TB,9,ATL,0,0,0,0,0,0,0,0,1,9,0,2,0,0,0,0,0,0,0,0,0,0,,,,,
GB,DEF,GB,9,IND,,,,,,,,,,,,,,,,,,,,,,,0,0,0,0,31.0
Garrett Celek,TE,SF,9,NO,0,0,0,0,0,0,0,0,4,76,0,6,0,0,0,0,0,0,0,0,0,0,,,,,
Gary Barnidge,TE,CLE,9,DAL,0,0,0,0,0,0,0,0,3,23,0,3,0,0,0,0,0,0,0,0,0,0,,,,,
Gavin Escobar,TE,DAL,9,CLE,0,0,0,0,0,0,0,0,1,2,1,1,0,0,0,0,0,0,0,0,0,0,,,,,
Geoff Swaim,TE,DAL,9,CLE,0,0,0,0,0,0,0,0,2,11,0,2,0,0,0,0,0,0,0,0,0,0,,,,,
George Atkinson,RB,CLE,9,DAL,0,0,0,0,0,0,0,0,0,0,0,0,0,0,0,0,0,0,0,0,0,0,,,,,
Geronimo Allison,WR,GB,9,IND,0,0,0,0,0,0,0,0,0,0,0,1,0,0,0,0,0,0,0,0,0,0,,,,,
Golden Tate,WR,DET,9,MIN,0,0,0,0,0,1,0,1,11,79,1,12,0,0,0,0,0,0,0,0,0,0,,,,,
Graham Gano,K,CAR,9,LA,0,0,0,0,0,0,0,0,0,0,0,0,0,0,0,0,0,2,0,0,0,1,,,,,
Greg Olsen,TE,CAR,9,LA,0,0,0,0,0,0,0,0,5,52,1,7,0,0,0,0,0,0,0,0,0,0,,,,,
Greg Zuerlein,K,LA,9,CAR,0,0,0,0,0,0,0,0,0,0,0,0,0,0,0,0,1,0,0,0,0,1,,,,,
Harry Douglas,WR,TEN,9,LAC,0,0,0,0,0,0,0,0,2,48,0,2,0,0,0,0,0,0,0,0,0,0,,,,,
IND,DEF,IND,9,GB,,,,,,,,,,,,,,,,,,,,,,,0,0,0,0,26.0
Isaiah Burse,WR,LAC,9,TEN,0,0,0,0,0,0,0,0,0,0,0,0,0,0,0,0,0,0,0,0,0,0,,,,,
Isaiah Crowell,RB,CLE,9,DAL,0,0,0,0,0,4,0,6,4,63,0,4,0,0,0,0,0,0,0,0,0,0,,,,,
JAX,DEF,JAX,9,KC,,,,,,,,,,,,,,,,,,,,,,,0,0,0,0,19.0
Jack Doyle,TE,IND,9,GB,0,0,0,0,0,0,0,0,5,61,0,9,0,0,0,0,0,0,0,0,0,0,,,,,
Jake Lampman,WR,NO,9,SF,0,0,0,0,0,0,0,0,0,0,0,0,0,0,0,0,0,0,0,0,0,0,,,,,
Jakeem Grant,WR,MIA,9,NYJ,0,0,0,0,0,0,0,0,0,0,0,1,0,0,0,0,0,0,0,0,0,0,,,,,
Jalen Richard,RB,LV,9,DEN,0,0,0,0,0,62,0,8,2,10,0,3,0,0,0,0,0,0,0,0,0,0,,,,,
Jalin Marshall,WR,NYJ,9,MIA,0,0,0,0,0,0,0,0,3,59,1,4,0,0,0,0,0,0,0,0,0,0,,,,,
Jameis Winston,QB,TB,9,ATL,261,3,37,23,0,11,0,3,0,0,0,0,0,0,0,0,0,0,0,0,0,0,,,,,
James O'Shaughnessy,TE,KC,9,JAX,0,0,0,0,0,0,0,0,1,0,0,1,0,0,0,0,0,0,0,0,0,0,,,,,
Jamize Olawale,RB,LV,9,DEN,0,0,0,0,0,4,0,1,0,0,0,1,0,0,0,0,0,0,0,0,0,0,,,,,
Jarvis Landry,WR,MIA,9,NYJ,0,0,1,0,0,0,0,0,3,33,0,6,0,0,0,0,0,0,0,0,0,0,,,,,
Jason Myers,K,JAX,9,KC,0,0,0,0,0,0,0,0,0,0,0,0,0,0,0,0,0,0,0,0,0,2,,,,,
Jason Witten,TE,DAL,9,CLE,0,0,0,0,0,0,0,0,8,134,1,10,0,0,0,0,0,0,0,0,0,0,,,,,
Javorius Allen,RB,BAL,9,PIT,0,0,0,0,0,0,0,0,0,0,0,0,0,0,0,0,0,0,0,0,0,0,,,,,
Jay Ajayi,RB,MIA,9,NYJ,0,0,0,0,0,111,1,24,3,19,0,4,0,0,0,0,0,0,0,0,0,0,,,,,
Jeff Janis,WR,GB,9,IND,0,0,0,0,0,0,0,0,1,25,0,2,0,0,0,0,0,0,0,0,0,0,,,,,
Jerell Adams,TE,NYG,9,PHI,0,0,0,0,0,0,0,0,3,24,0,4,0,0,0,0,0,0,0,0,0,0,,,,,
Jeremy Butler,WR,LAC,9,TEN,0,0,0,0,0,0,0,0,1,5,0,1,0,0,0,0,0,0,0,0,0,0,,,,,
Jeremy Kerley,WR,SF,9,NO,0,0,0,0,0,0,0,0,3,22,0,6,0,0,0,0,0,0,0,0,0,0,,,,,
Jeremy Maclin,WR,KC,9,JAX,0,0,0,0,0,0,0,0,0,0,0,1,0,0,0,0,0,0,0,0,0,0,,,,,
Jerick McKinnon,RB,MIN,9,DET,0,0,0,0,0,8,0,7,0,0,0,0,0,0,0,0,0,0,0,0,0,0,,,,,
Jermaine Kearse,WR,SEA,9,BUF,0,0,0,0,0,0,0,0,2,36,0,4,0,0,0,0,0,0,0,0,0,0,,,,,
Jesse James,TE,PIT,9,BAL,0,0,0,0,0,0,0,0,2,13,0,4,0,0,0,0,0,0,0,0,0,0,,,,,
Jimmy Graham,TE,SEA,9,BUF,0,0,0,0,0,0,0,0,8,103,2,8,0,0,0,0,0,0,0,0,0,0,,,,,
Joe Flacco,QB,BAL,9,PIT,241,1,30,18,1,12,0,3,0,0,0,0,0,0,1,0,0,0,0,0,0,0,,,,,
Joe Webb,QB,CAR,9,LA,0,0,0,0,0,0,0,0,0,0,0,0,0,0,0,0,0,0,0,0,0,0,,,,,
Jonathan Stewart,RB,CAR,9,LA,0,0,0,0,0,42,0,15,0,0,0,0,0,0,0,0,0,0,0,0,0,0,,,,,
Jonathan Williams,RB,BUF,9,SEA,0,0,1,0,0,0,0,0,0,0,0,0,0,0,0,0,0,0,0,0,0,0,,,,,
Jordan Matthews,TE,PHI,9,NYG,0,0,0,0,0,0,0,0,6,88,0,10,0,0,0,0,0,0,0,0,0,0,,,,,
Jordan Norwood,WR,DEN,9,LV,0,0,0,0,0,0,0,0,2,56,1,4,0,0,0,0,0,0,0,0,0,0,,,,,
Jordan Taylor,WR,DEN,9,LV,0,0,0,0,0,0,0,0,1,6,0,1,0,0,0,0,0,0,0,0,0,0,,,,,
Jordan Todman,RB,IND,9,GB,0,0,0,0,0,0,0,0,0,0,0,0,1,0,0,0,0,0,0,0,0,0,,,,,
Jordy Nelson,WR,GB,9,IND,0,0,0,0,0,0,0,0,7,94,1,13,0,0,0,0,0,0,0,0,0,0,,,,,
Josh Ferguson,RB,IND,9,GB,0,0,0,0,0,0,0,0,1,9,0,1,0,0,0,0,0,0,0,0,0,0,,,,,
Josh Hill,TE,NO,9,SF,0,0,0,0,0,0,0,0,4,40,0,4,0,0,0,0,0,0,0,0,0,0,,,,,
Josh Lambo,K,LAC,9,TEN,0,0,0,0,0,0,0,0,0,0,0,0,0,0,0,0,1,2,0,0,0,4,,,,,
Josh Perkins,TE,ATL,9,TB,0,0,0,0,0,0,0,0,0,0,0,1,0,0,0,0,0,0,0,0,0,0,,,,,
Julio Jones,WR,ATL,9,TB,0,0,0,0,0,0,0,0,8,111,1,11,0,0,0,0,0,0,0,0,0,0,,,,,
Julius Thomas,TE,JAX,9,KC,0,0,0,0,0,0,0,0,2,21,0,2,0,0,0,0,0,0,0,0,0,0,,,,,
Justin Hunter,WR,BUF,9,SEA,0,0,0,0,0,0,0,0,1,5,1,1,0,0,0,0,0,0,0,0,0,0,,,,,
Justin Perillo,TE,GB,9,IND,0,0,0,0,0,0,0,0,2,18,0,2,0,0,0,0,0,0,0,0,0,0,,,,,
Justin Tucker,K,BAL,9,PIT,0,0,0,0,0,0,0,0,0,0,0,0,0,0,0,0,0,0,2,0,0,1,,,,,
KC,DEF,KC,9,JAX,,,,,,,,,,,,,,,,,,,,,,,0,0,0,0,14.0
Kamar Aiken,WR,BAL,9,PIT,0,0,0,0,0,0,0,0,1,9,0,2,0,0,0,0,0,0,0,0,0,0,,,,,
Kapri Bibbs,RB,DEN,9,LV,0,0,0,0,0,11,0,2,1,69,1,1,0,0,0,0,0,0,0,0,0,0,,,,,
Kelvin Benjamin,WR,CAR,9,LA,0,0,0,0,0,0,0,0,5,76,0,7,0,0,0,0,0,0,0,0,0,0,,,,,
Kendall Wright,WR,TEN,9,LAC,0,0,0,0,0,0,0,0,2,64,0,5,0,0,0,0,0,0,0,0,0,0,,,,,
Kenjon Barner,RB,PHI,9,NYG,0,0,0,0,0,3,1,1,0,0,0,0,0,0,0,0,0,0,0,0,0,0,,,,,
Kenneth Dixon,RB,BAL,9,PIT,0,0,0,0,0,13,0,9,2,0,0,2,0,0,0,0,0,0,0,0,0,0,,,,,
Kenneth Farrow,RB,LAC,9,TEN,0,0,0,0,0,15,0,4,1,4,0,2,0,0,0,0,0,0,0,0,0,0,,,,,
Kenny Britt,WR,LA,9,CAR,0,0,0,0,0,0,0,0,4,49,1,6,0,0,0,0,0,0,0,0,0,0,,,,,
Kenny Stills,WR,MIA,9,NYJ,0,0,0,0,0,0,0,0,1,11,0,1,0,0,0,0,0,0,0,0,0,0,,,,,
Kenyan Drake,RB,MIA,9,NYJ,0,0,0,0,0,0,0,0,1,6,0,1,1,0,0,0,0,0,0,0,0,0,,,,,
Knile Davis,RB,KC,9,JAX,0,0,0,0,0,10,0,3,1,7,0,1,0,0,0,0,0,0,0,0,0,0,,,,,
Kyle Juszczyk,RB,BAL,9,PIT,0,0,0,0,0,2,0,1,0,0,0,0,0,0,0,0,0,0,0,0,0,0,,,,,
Kyle Rudolph,TE,MIN,9,DET,0,0,0,0,0,0,0,0,1,1,1,3,0,0,0,0,0,0,0,0,0,0,,,,,
LA,DEF,LA,9,CAR,,,,,,,,,,,,,,,,,,,,,,,0,0,0,0,13.0
LAC,DEF,LAC,9,TEN,,,,,,,,,,,,,,,,,,,,,,,1,0,0,0,0.0
LV,DEF,LV,9,DEN,,,,,,,,,,,,,,,,,,,,,,,0,0,0,0,0.0
Lance Kendricks,TE,LA,9,CAR,0,0,0,0,0,0,0,0,7,90,0,12,0,0,0,0,0,0,0,0,0,0,,,,,
Laquon Treadwell,WR,MIN,9,DET,0,0,0,0,0,0,0,0,1,15,0,1,0,0,0,0,0,0,0,0,0,0,,,,,
Latavius Murray,RB,LV,9,DEN,0,0,0,0,0,114,3,20,1,13,0,1,0,0,0,0,0,0,0,0,0,0,,,,,
Le'Veon Bell,RB,PIT,9,BAL,0,0,0,0,0,32,0,14,6,38,0,9,0,0,0,0,0,0,0,0,0,0,,,,,
LeSean McCoy,RB,BUF,9,SEA,0,0,0,0,0,85,0,21,4,35,0,5,0,0,0,0,0,0,0,0,0,0,,,,,
Leonte Carroo,WR,MIA,9,NYJ,0,0,0,0,0,0,0,0,0,0,0,1,0,0,0,0,0,0,0,0,0,0,,,,,
Levine Toilolo,TE,ATL,9,TB,0,0,0,0,0,0,0,0,1,32,1,1,0,0,0,0,0,0,0,0,0,0,,,,,
Lucky Whitehead,WR,DAL,9,CLE,0,0,0,0,0,2,0,1,0,0,0,0,0,0,0,0,0,0,0,0,0,0,,,,,
MIA,DEF,MIA,9,NYJ,,,,,,,,,,,,,,,,,,,,,,,0,0,0,0,23.0
MIN,DEF,MIN,9,DET,,,,,,,,,,,,,,,,,,,,,,,0,0,0,0,22.0
Malcolm Brown,RB,LA,9,CAR,0,0,0,0,0,0,0,1,0,0,0,0,0,0,0,0,0,0,0,0,0,0,,,,,
MarQueis Gray,TE,MIA,9,NYJ,0,0,0,0,0,0,0,0,2,10,0,4,0,0,0,0,0,0,0,0,0,0,,,,,
Marc Mariani,WR,TEN,9,LAC,0,0,0,0,0,0,0,0,0,0,0,0,0,0,0,0,0,0,0,0,0,0,,,,,
Marcedes Lewis,TE,JAX,9,KC,0,0,0,0,0,0,0,0,2,23,0,4,0,0,0,0,0,0,0,0,0,0,,,,,
Marcus Mariota,QB,TEN,9,LAC,313,3,43,27,2,14,1,3,0,0,0,0,0,0,0,0,0,0,0,0,0,0,,,,,
Mark Ingram,RB,NO,9,SF,0,0,0,0,0,158,1,15,2,13,1,2,0,0,0,0,0,0,0,0,0,0,,,,,
Mark Sanchez,QB,DAL,9,CLE,8,0,1,1,0,-2,0,2,0,0,0,0,0,0,0,0,0,0,0,0,0,0,,,,,
Marqise Lee,WR,JAX,9,KC,0,0,0,0,0,11,0,1,4,84,0,8,0,0,0,0,0,0,0,0,0,0,,,,,
Marquise Goodwin,WR,BUF,9,SEA,0,0,0,0,0,0,0,0,4,43,0,5,0,0,0,0,0,0,0,0,0,0,,,,,
Marvin Jones,WR,DET,9,MIN,0,0,0,0,0,0,0,0,1,5,0,5,0,0,0,0,0,0,0,0,0,0,,,,,
Mason Crosby,K,GB,9,IND,0,0,0,0,0,0,0,0,0,0,0,0,0,0,0,0,1,1,0,0,0,2,,,,,
Matt Asiata,RB,MIN,9,DET,0,0,0,0,0,27,0,9,2,14,0,2,0,0,0,0,0,0,0,0,0,0,,,,,
Matt Bryant,K,ATL,9,TB,0,0,0,0,0,0,0,0,0,0,0,0,0,0,0,0,1,0,1,1,0,4,,,,,
Matt Forte,RB,NYJ,9,MIA,0,0,0,0,0,92,1,12,1,5,0,2,0,0,0,0,0,0,0,0,0,0,,,,,
Matt Prater,K,DET,9,MIN,0,0,0,0,0,0,0,0,0,0,0,0,0,0,0,0,0,0,1,2,0,1,,,,,
Matt Ryan,QB,ATL,9,TB,344,4,34,25,0,0,0,2,0,0,0,0,0,0,0,0,0,0,0,0,0,0,,,,,
Matt Schaub,QB,ATL,9,TB,0,0,0,0,0,-2,0,2,0,0,0,0,0,0,0,0,0,0,0,0,0,0,,,,,
Matthew Stafford,QB,DET,9,MIN,219,2,36,23,1,0,0,0,0,0,0,0,0,0,0,0,0,0,0,0,0,0,,,,,
Melvin Gordon,RB,LAC,9,TEN,0,0,0,0,0,196,1,32,4,65,0,4,0,0,0,0,0,0,0,0,0,0,,,,,
Michael Crabtree,WR,LV,9,DEN,0,0,0,0,0,0,0,0,2,27,0,6,0,0,0,0,0,0,0,0,0,0,,,,,
Michael Thomas,WR,NO,9,SF,0,0,0,0,0,0,0,0,5,73,2,8,0,0,0,0,0,0,0,0,0,0,,,,,
Mike Davis,RB,SF,9,NO,0,0,0,0,0,11,0,2,1,9,0,1,0,0,0,0,0,0,0,0,0,0,,,,,
Mike Evans,WR,TB,9,ATL,0,0,0,0,0,0,0,0,11,150,2,17,0,0,0,0,0,0,0,0,0,0,,,,,
Mike Gillislee,RB,BUF,9,SEA,0,0,0,0,0,32,1,8,2,4,0,2,0,0,0,0,0,0,0,0,0,0,,,,,
Mike Glennon,QB,TB,9,ATL,75,1,11,10,0,0,0,0,0,0,0,0,0,0,1,0,0,0,0,0,0,0,,,,,
Mike James,RB,TB,9,ATL,0,0,0,0,0,3,0,1,3,17,0,3,0,0,0,0,0,0,0,0,0,0,,,,,
Mike Wallace,WR,BAL,9,PIT,0,0,0,0,0,0,0,0,4,124,1,6,0,0,0,0,0,0,0,0,0,0,,,,,
Mohamed Sanu,WR,ATL,9,TB,0,0,0,0,0,0,0,0,5,74,0,7,0,0,0,0,0,0,0,0,0,0,,,,,
Mychal Rivera,TE,LV,9,DEN,0,0,0,0,0,0,0,0,1,6,0,1,0,0,0,0,0,0,0,0,0,0,,,,,
NO,DEF,NO,9,SF,,,,,,,,,,,,,,,,,,,,,,,0,0,0,0,23.0
NYG,DEF,NYG,9,PHI,,,,,,,,,,,,,,,,,,,,,,,0,0,0,0,23.0
NYJ,DEF,NYJ,9,MIA,,,,,,,,,,,,,,,,,,,,,,,0,0,0,0,27.0
Nelson Agholor,WR,PHI,9,NYG,0,0,0,0,0,0,0,0,4,41,0,7,0,0,0,0,0,0,0,0,0,0,,,,,
Nick Foles,QB,KC,9,JAX,187,1,33,20,0,-3,0,3,0,0,0,0,0,0,0,0,0,0,0,0,0,0,,,,,
Nick Folk,K,NYJ,9,MIA,0,0,0,0,0,0,0,0,0,0,0,0,0,0,0,0,3,0,0,0,0,2,,,,,
Odell Beckham Jr.,WR,NYG,9,PHI,0,0,0,0,0,0,0,0,4,46,2,10,0,0,0,0,0,0,0,0,0,0,,,,,
PHI,DEF,PHI,9,NYG,,,,,,,,,,,,,,,,,,,,,,,0,0,0,0,28.0
PIT,DEF,PIT,9,BAL,,,,,,,,,,,,,,,,,,,,,,,0,0,0,0,21.0
Patrick DiMarco,RB,ATL,9,TB,0,0,0,0,0,0,0,0,1,1,1,1,0,0,0,0,0,0,0,0,0,0,,,,,
Paul Perkins,RB,NYG,9,PHI,0,0,0,0,0,32,0,11,3,15,0,3,0,0,0,0,0,0,0,0,0,0,,,,,
Paul Richardson,WR,SEA,9,BUF,0,0,0,0,0,0,0,0,1,15,0,1,0,0,0,0,0,0,0,0,0,0,,,,,
Peyton Barber,RB,TB,9,ATL,0,0,0,0,0,31,0,11,4,24,0,5,0,0,0,0,0,0,0,0,0,0,,,,,
Pharoh Cooper,WR,LA,9,CAR,0,0,0,0,0,0,0,0,1,3,0,1,0,0,0,0,0,0,0,0,0,0,,,,,
Phil Dawson,K,SF,9,NO,0,0,0,0,0,0,0,0,0,0,0,0,0,0,0,0,0,0,3,0,0,2,,,,,
Philip Rivers,QB,LAC,9,TEN,275,2,33,24,0,-3,0,3,0,0,0,0,0,0,0,0,0,0,0,0,0,0,,,,,
Phillip Dorsett,WR,IND,9,GB,0,0,0,0,0,0,0,0,2,28,0,4,0,0,0,0,0,0,0,0,0,0,,,,,
Quincy Enunwa,WR,NYJ,9,MIA,0,0,0,0,0,0,0,0,1,25,0,4,0,0,0,0,0,0,0,0,0,0,,,,,
Quinton Patton,WR,SF,9,NO,0,0,0,0,0,0,0,0,6,106,0,9,0,0,0,0,0,0,0,0,0,0,,,,,
Randall Cobb,WR,GB,9,IND,0,0,0,0,0,0,0,0,2,14,1,2,0,0,0,0,0,0,0,0,0,0,,,,,
Rashad Jennings,RB,NYG,9,PHI,0,0,0,0,0,26,0,11,3,13,0,3,0,0,0,0,0,0,0,0,0,0,,,,,
Reggie Bush,RB,BUF,9,SEA,0,0,0,0,0,0,0,0,2,22,0,2,0,0,0,0,0,0,0,0,0,0,,,,,
Rhett Ellison,TE,MIN,9,DET,0,0,0,0,0,1,1,1,1,4,0,1,0,0,0,0,0,0,0,0,0,0,,,,,
Ricardo Louis,WR,CLE,9,DAL,0,0,0,0,0,0,0,0,0,0,0,0,0,0,0,0,0,0,0,0,0,0,,,,,
Richard Rodgers,TE,GB,9,IND,0,0,0,0,0,0,0,0,6,64,0,10,0,0,0,0,0,0,0,0,0,0,,,,,
Rishard Matthews,WR,TEN,9,LAC,0,0,0,0,0,0,0,0,6,63,2,10,0,0,0,0,0,0,0,0,0,0,,,,,
Robbie Chosen,WR,NYJ,9,MIA,0,0,0,0,0,0,0,0,4,49,0,6,0,0,0,0,0,0,0,0,0,0,,,,,
Robbie Gould,K,NYG,9,PHI,0,0,0,0,0,0,0,0,0,0,0,0,0,0,0,0,0,0,0,0,0,4,,,,,
Robert Turbin,RB,IND,9,GB,0,0,0,0,0,10,0,2,2,13,0,3,0,0,0,0,0,0,0,0,0,0,,,,,
Robert Woods,WR,BUF,9,SEA,0,0,0,0,0,0,0,0,10,162,0,13,0,0,0,0,0,0,0,0,0,0,,,,,
Roberto Aguayo,K,TB,9,ATL,0,0,0,0,0,0,0,0,0,0,0,0,0,0,0,0,0,0,0,0,0,2,,,,,
Rod Streater,WR,SF,9,NO,0,0,0,0,0,0,0,0,0,0,0,0,0,0,0,0,0,0,0,0,0,0,,,,,
Roger Lewis,WR,NYG,9,PHI,0,0,0,0,0,0,0,0,1,30,1,2,0,0,0,0,0,0,0,0,0,0,,,,,
Ronnie Hillman,RB,MIN,9,DET,0,0,0,0,0,30,0,7,1,32,0,1,0,0,0,0,0,0,0,0,0,0,,,,,
Russell Wilson,QB,SEA,9,BUF,282,2,26,20,0,10,1,3,0,0,0,0,0,0,0,0,0,0,0,0,0,0,,,,,
Ryan Fitzpatrick,QB,NYJ,9,MIA,194,1,27,16,2,26,0,3,0,0,0,0,0,0,0,0,0,0,0,0,0,0,,,,,
Ryan Mallett,QB,BAL,9,PIT,9,0,1,1,0,0,0,0,0,0,0,0,0,0,0,0,0,0,0,0,0,0,,,,,
Ryan Mathews,RB,PHI,9,NYG,0,0,0,0,0,15,1,5,1,0,0,1,0,0,0,0,0,0,0,0,0,0,,,,,
Ryan Succop,K,TEN,9,LAC,0,0,0,0,0,0,0,0,0,0,0,0,0,0,0,0,0,0,0,0,0,5,,,,,
Ryan Tannehill,QB,MIA,9,NYJ,149,1,28,17,0,-3,0,2,0,0,0,0,0,0,0,0,0,0,0,0,0,0,,,,,
SEA,DEF,SEA,9,BUF,,,,,,,,,,,,,,,,,,,,,,,0,0,0,0,25.0
SF,DEF,SF,9,NO,,,,,,,,,,,,,,,,,,,,,,,0,0,0,0,41.0
Sam Bradford,QB,MIN,9,DET,273,1,40,31,0,0,0,0,1,5,0,1,0,0,0,0,0,0,0,0,0,0,,,,,
Sammie Coates,WR,PIT,9,BAL,0,0,0,0,0,0,0,0,0,0,0,5,0,0,0,0,0,0,0,0,0,0,,,,,
Sebastian Janikowski,K,LV,9,DEN,0,0,0,0,0,0,0,0,0,0,0,0,0,0,0,0,2,1,0,0,0,3,,,,,
Seth Roberts,WR,LV,9,DEN,0,0,0,0,0,0,0,0,3,32,0,3,0,0,0,0,0,0,0,0,0,0,,,,,
Shaun Draughn,RB,SF,9,NO,0,0,0,0,0,0,0,0,0,0,0,0,0,0,0,0,0,0,0,0,0,0,,,,,
Stefon Diggs,WR,MIN,9,DET,0,0,0,0,0,12,0,1,13,80,0,14,0,0,0,0,0,0,0,0,0,0,,,,,
Sterling Shepard,WR,NYG,9,PHI,0,0,0,0,0,0,0,0,3,50,1,6,0,0,0,0,0,0,0,0,0,0,,,,,
Stevan Ridley,RB,ATL,9,TB,0,0,0,0,0,7,0,3,0,0,0,0,0,0,0,0,0,0,0,0,0,0,,,,,
Steve Smith,WR,BAL,9,PIT,0,0,0,0,0,0,0,0,4,47,0,7,0,0,1,0,0,0,0,0,0,0,,,,,
Steven Hauschka,K,SEA,9,BUF,0,0,0,0,0,0,0,0,0,0,0,0,0,0,0,0,0,0,1,0,0,4,,,,,
T.J. Yeldon,RB,JAX,9,KC,0,0,0,0,0,33,0,7,5,32,1,6,0,0,0,0,0,0,0,0,0,0,,,,,
T.Y. Hilton,WR,IND,9,GB,0,0,0,0,0,0,0,0,6,82,0,8,0,0,0,0,0,0,0,0,0,0,,,,,
TB,DEF,TB,9,ATL,,,,,,,,,,,,,,,,,,,,,,,0,0,0,0,43.0
TEN,DEF,TEN,9,LAC,,,,,,,,,,,,,,,,,,,,,,,0,0,0,0,43.0
Taiwan Jones,RB,LV,9,DEN,0,0,0,0,0,0,0,0,0,0,0,0,0,0,0,0,0,0,0,0,0,0,,,,,
Tajae Sharpe,WR,TEN,9,LAC,0,0,0,0,0,0,0,0,4,58,0,8,0,0,0,0,0,0,0,0,0,0,,,,,
Tavon Austin,WR,LA,9,CAR,0,0,0,0,0,1,0,1,1,17,0,2,0,0,0,0,0,0,0,0,0,0,,,,,
Taylor Gabriel,WR,ATL,9,TB,0,0,0,0,0,24,1,2,5,52,0,5,0,0,0,0,0,0,0,0,0,0,,,,,
Ted Ginn,WR,CAR,9,LA,0,0,0,0,0,0,0,0,5,40,0,7,0,0,0,0,0,0,0,0,0,0,,,,,
Terrance West,RB,BAL,9,PIT,0,0,0,0,0,21,0,15,1,6,0,3,0,0,0,0,0,0,0,0,0,0,,,,,
Terrance Williams,WR,DAL,9,CLE,0,0,0,0,0,0,0,0,2,19,0,3,0,0,0,0,0,0,0,0,0,0,,,,,
Terrelle Pryor,WR,CLE,9,DAL,0,0,0,0,0,0,0,0,5,47,1,7,0,0,0,0,0,0,0,0,0,0,,,,,
Terron Ward,RB,ATL,9,TB,0,0,0,0,0,30,0,8,0,0,0,0,0,0,0,0,0,0,0,0,0,0,,,,,
Theo Riddick,RB,DET,9,MIN,0,0,0,0,0,70,0,14,1,6,0,3,0,0,0,0,0,0,0,0,0,0,,,,,
Tim Hightower,RB,NO,9,SF,0,0,0,0,0,87,1,23,1,15,0,1,0,0,0,0,0,0,0,0,0,0,,,,,
Todd Gurley,RB,LA,9,CAR,0,0,0,0,0,48,0,12,4,26,0,5,0,0,0,0,0,0,0,0,0,0,,,,,
Torrey Smith,WR,SF,9,NO,0,0,0,0,0,0,0,0,2,18,0,3,0,0,0,0,0,0,0,0,0,0,,,,,
Travaris Cadet,RB,NO,9,SF,0,0,0,0,0,0,0,0,1,4,0,1,0,0,0,0,0,0,0,0,0,0,,,,,
Travis Benjamin,WR,LAC,9,TEN,0,0,0,0,0,0,0,0,1,5,0,1,0,0,0,0,0,0,0,0,0,0,,,,,
Travis Kelce,TE,KC,9,JAX,0,0,0,0,0,0,0,0,5,58,0,7,0,0,0,0,0,0,0,0,0,0,,,,,
Trevor Davis,WR,GB,9,IND,0,0,0,0,0,0,0,0,0,0,0,0,0,0,0,0,0,0,0,0,0,0,,,,,
Trevor Siemian,QB,DEN,9,LV,283,2,37,18,1,0,0,0,0,0,0,0,0,0,0,0,0,0,0,0,0,0,,,,,
Trey Burton,TE,PHI,9,NYG,0,0,0,0,0,0,0,0,3,55,0,3,0,0,0,0,0,0,0,0,0,0,,,,,
Ty Montgomery,WR,GB,9,IND,0,0,0,0,0,53,0,7,3,38,0,3,0,0,0,0,0,0,0,0,0,0,,,,,
Tyler Higbee,TE,LA,9,CAR,0,0,0,0,0,0,0,0,1,31,0,7,0,0,0,0,0,0,0,0,0,0,,,,,
Tyler Lockett,WR,SEA,9,BUF,0,0,0,0,0,13,0,1,1,17,0,2,0,0,0,0,0,0,0,0,0,0,,,,,
Tyreek Hill,WR,KC,9,JAX,0,0,0,0,0,21,0,2,3,11,0,5,0,0,0,0,0,0,0,0,0,0,,,,,
Tyrell Williams,WR,LAC,9,TEN,0,0,0,0,0,0,0,0,6,65,1,7,0,0,0,0,0,0,0,0,0,0,,,,,
Tyrod Taylor,QB,BUF,9,SEA,289,1,38,27,1,43,1,8,0,0,0,0,0,0,1,0,0,0,0,0,0,0,,,,,
Vance McDonald,TE,SF,9,NO,0,0,0,0,0,0,0,0,3,84,1,6,0,0,0,0,0,0,0,0,0,0,,,,,
Victor Cruz,WR,NYG,9,PHI,0,0,0,0,0,0,0,0,1,46,0,1,0,0,0,0,0,0,0,0,0,0,,,,,
Virgil Green,TE,DEN,9,LV,0,0,0,0,0,0,0,0,2,37,0,4,0,0,0,0,0,0,0,0,0,0,,,,,
Walt Powell,WR,BUF,9,SEA,0,0,0,0,0,0,0,0,1,9,0,1,0,0,0,0,0,0,0,0,0,0,,,,,
Wendell Smallwood,RB,PHI,9,NYG,0,0,0,0,0,25,0,2,0,0,0,0,0,0,0,0,0,0,0,0,0,0,,,,,
Wil Lutz,K,NO,9,SF,0,0,0,0,0,0,0,0,0,0,0,0,0,0,0,0,1,0,1,0,0,5,,,,,
Will Tye,TE,NYG,9,PHI,0,0,0,0,0,0,0,0,4,33,0,7,0,0,0,0,0,0,0,0,0,0,,,,,
Willie Snead,WR,NO,9,SF,0,0,0,0,0,0,0,0,3,36,0,7,0,0,0,0,0,0,0,0,0,0,,,,,
Xavier Grimble,TE,PIT,9,BAL,0,0,0,0,0,0,0,0,1,10,0,1,0,0,0,0,0,0,0,0,0,0,,,,,
Zach Ertz,TE,PHI,9,NYG,0,0,0,0,0,0,0,0,8,97,0,8,0,0,0,0,0,0,0,0,0,0,,,,,
A.J. Derby,TE,DEN,10,NO,0,0,0,0,0,0,0,0,2,22,0,3,0,0,0,0,0,0,0,0,0,0,,,,,
A.J. Green,WR,CIN,10,NYG,0,0,0,0,0,0,0,0,7,68,1,11,0,0,0,0,0,0,0,0,0,0,,,,,
ARI,DEF,ARI,10,SF,,,,,,,,,,,,,,,,,,,,,,,0,0,0,0,20.0
ATL,DEF,ATL,10,PHI,,,,,,,,,,,,,,,,,,,,,,,0,0,0,0,24.0
Aaron Burbridge,WR,SF,10,ARI,0,0,0,0,0,0,0,0,0,0,0,0,0,0,0,0,0,0,0,0,0,0,,,,,
Aaron Rodgers,QB,GB,10,TEN,371,2,51,31,2,27,1,3,0,0,0,0,0,0,0,0,0,0,0,0,0,0,,,,,
Adam Humphries,WR,TB,10,CHI,0,0,0,0,0,2,0,1,5,46,0,8,0,0,0,0,0,0,0,0,0,0,,,,,
Adam Thielen,WR,MIN,10,WAS,0,0,0,0,0,11,0,1,3,21,1,4,0,0,0,0,0,0,0,0,0,0,,,,,
Akeem Hunt,RB,HOU,10,JAX,0,0,0,0,0,52,0,8,1,1,0,2,0,0,0,0,0,0,0,0,0,0,,,,,
Alan Cross,TE,TB,10,CHI,0,0,0,0,0,0,0,0,0,0,0,0,0,0,0,0,0,0,0,0,0,0,,,,,
Albert Wilson,WR,KC,10,CAR,0,0,0,0,0,0,0,0,4,25,0,7,0,0,0,0,0,0,0,0,0,0,,,,,
Aldrick Robinson,WR,ATL,10,PHI,0,0,0,0,0,0,0,0,1,2,0,1,0,0,0,0,0,0,0,0,0,0,,,,,
Alex Collins,RB,SEA,10,NE,0,0,0,0,0,2,0,1,0,0,0,0,0,0,0,0,0,0,0,0,0,0,,,,,
Alex Erickson,WR,CIN,10,NYG,0,0,0,0,0,0,0,0,0,0,0,0,0,0,0,0,0,0,0,0,0,0,,,,,
Alex Smith,QB,KC,10,CAR,178,0,38,25,1,13,0,4,0,0,0,0,0,0,1,0,0,0,0,0,0,0,,,,,
Alfred Blue,RB,HOU,10,JAX,0,0,0,0,0,23,0,7,0,0,0,0,0,0,0,0,0,0,0,0,0,0,,,,,
Alfred Morris,RB,DAL,10,PIT,0,0,0,0,0,13,0,4,1,6,0,1,0,0,0,0,0,0,0,0,0,0,,,,,
Allen Hurns,WR,JAX,10,HOU,0,0,0,0,0,0,0,0,2,13,0,7,0,0,0,0,0,0,0,0,0,0,,,,,
Allen Robinson,WR,JAX,10,HOU,0,0,0,0,0,0,0,0,9,107,1,13,0,0,1,0,0,0,0,0,0,0,,,,,
Alshon Jeffery,WR,CHI,10,TB,0,0,0,0,0,0,0,0,4,47,0,9,0,0,0,0,0,0,0,0,0,0,,,,,
Andre Ellington,RB,ARI,10,SF,0,0,0,0,0,-1,0,2,0,0,0,0,0,0,0,0,0,0,0,0,0,0,,,,,
Andrew Franks,K,MIA,10,LAC,0,0,0,0,0,0,0,0,0,0,0,0,0,0,0,0,1,0,0,0,0,4,,,,,
Andrew Hawkins,WR,CLE,10,BAL,0,0,0,0,0,0,0,0,0,0,0,1,0,0,0,0,0,0,0,0,0,0,,,,,
Andy Dalton,QB,CIN,10,NYG,204,1,29,16,1,15,0,1,0,0,0,0,0,0,0,0,0,0,0,0,0,0,,,,,
Anthony Fasano,TE,TEN,10,GB,0,0,0,0,0,0,0,0,1,9,1,1,0,0,0,0,0,0,0,0,0,0,,,,,
Antonio Brown,WR,PIT,10,DAL,0,0,0,0,0,-10,0,1,14,154,1,18,0,0,0,0,0,0,0,0,0,0,,,,,
Antonio Gates,TE,LAC,10,MIA,0,0,0,0,0,0,0,0,4,63,1,9,0,0,0,0,0,0,0,0,0,0,,,,,
Arrelious Benn,WR,JAX,10,HOU,0,0,0,0,0,0,0,0,0,0,0,0,0,0,0,0,0,0,0,0,0,0,,,,,
Austin Hooper,TE,ATL,10,PHI,0,0,0,0,0,0,0,0,1,8,0,3,0,0,0,0,0,0,0,0,0,0,,,,,
BAL,DEF,BAL,10,CLE,,,,,,,,,,,,,,,,,,,,,,,0,0,0,0,7.0
Ben Braunecker,TE,CHI,10,TB,0,0,0,0,0,0,0,0,0,0,0,0,0,0,0,0,0,0,0,0,0,0,,,,,
Ben Koyack,TE,JAX,10,HOU,0,0,0,0,0,0,0,0,3,35,0,3,0,0,0,0,0,0,0,0,0,0,,,,,
Ben Roethlisberger,QB,PIT,10,DAL,408,3,46,37,0,1,0,1,0,0,0,0,0,0,0,0,0,0,0,0,0,0,,,,,
Bennie Fowler,WR,DEN,10,NO,0,0,0,0,0,0,0,0,0,0,0,0,0,0,0,0,0,0,0,0,0,0,,,,,
Benny Cunningham,RB,LA,10,NYJ,0,0,0,0,0,40,0,6,3,7,0,5,0,0,0,0,0,0,0,0,0,0,,,,,
Bilal Powell,RB,NYJ,10,LA,0,0,0,0,0,37,0,4,7,52,1,7,0,0,0,0,0,0,0,0,0,0,,,,,
Blair Walsh,K,MIN,10,WAS,0,0,0,0,0,0,0,0,0,0,0,0,0,0,0,0,0,0,0,0,0,2,,,,,
Blake Bortles,QB,JAX,10,HOU,265,2,49,32,1,11,0,3,0,0,0,0,0,0,1,0,0,0,0,0,0,0,,,,,
Bobby Rainey,RB,NYG,10,CIN,0,0,0,0,0,0,0,0,0,0,0,0,0,0,0,0,0,0,0,0,0,0,,,,,
Brandin Cooks,WR,NO,10,DEN,0,0,0,0,0,0,0,0,3,98,1,5,0,0,0,0,0,0,0,0,0,0,,,,,
Brandon Coleman,WR,NO,10,DEN,0,0,0,0,0,0,0,0,1,19,0,1,0,0,0,0,0,0,0,0,0,0,,,,,
Brandon LaFell,WR,CIN,10,NYG,0,0,0,0,0,0,0,0,1,9,0,2,0,0,0,0,0,0,0,0,0,0,,,,,
Brandon Marshall,WR,NYJ,10,LA,0,0,0,0,0,0,0,0,4,15,0,6,0,0,0,0,0,0,0,0,0,0,,,,,
Brandon McManus,K,DEN,10,NO,0,0,0,0,0,0,0,0,0,0,0,0,0,0,0,0,1,1,0,1,0,2,,,,,
Brandon Myers,TE,TB,10,CHI,0,0,0,0,0,0,0,0,1,6,0,1,0,0,0,0,0,0,0,0,0,0,,,,,
Braxton Miller,WR,HOU,10,JAX,0,0,0,0,0,0,0,0,1,10,0,2,0,0,0,0,0,0,0,0,0,0,,,,,
Brent Celek,TE,PHI,10,ATL,0,0,0,0,0,0,0,0,1,9,0,1,0,0,0,0,0,0,0,0,0,0,,,,,
Breshad Perriman,WR,BAL,10,CLE,0,0,0,0,0,0,0,0,3,64,1,4,0,0,0,0,0,0,0,0,0,0,,,,,
Brett Hundley,QB,GB,10,TEN,8,0,4,1,0,0,0,0,0,0,0,0,0,0,0,0,0,0,0,0,0,0,,,,,
Brian Quick,WR,LA,10,NYJ,0,0,0,0,0,0,0,0,2,16,0,4,0,0,0,0,0,0,0,0,0,0,,,,,
Brittan Golden,WR,ARI,10,SF,0,0,0,0,0,0,0,0,0,0,0,0,0,0,0,0,0,0,0,0,0,0,,,,,
Brock Osweiler,QB,HOU,10,JAX,99,2,27,14,0,23,0,3,0,0,0,0,0,0,0,0,0,0,0,0,0,0,,,,,
Bryce Petty,QB,NYJ,10,LA,163,1,32,19,1,0,0,0,0,0,0,0,0,0,0,0,0,0,0,0,0,0,,,,,
C.J. Fiedorowicz,TE,HOU,10,JAX,0,0,0,0,0,0,0,0,3,26,0,5,0,0,0,0,0,0,0,0,0,0,,,,,
C.J. Prosise,RB,SEA,10,NE,0,0,0,0,0,66,0,17,7,87,0,7,0,0,0,0,0,0,0,0,0,0,,,,,
C.J. Spiller,RB,NYJ,10,LA,0,0,0,0,0,4,0,1,0,0,0,1,0,0,0,0,0,0,0,0,0,0,,,,,
CAR,DEF,CAR,10,KC,,,,,,,,,,,,,,,,,,,,,,,0,0,0,0,20.0
CHI,DEF,CHI,10,TB,,,,,,,,,,,,,,,,,,,,,,,0,0,0,0,36.0
CIN,DEF,CIN,10,NYG,,,,,,,,,,,,,,,,,,,,,,,0,0,0,0,21.0
CLE,DEF,CLE,10,BAL,,,,,,,,,,,,,,,,,,,,,,,0,0,0,0,28.0
Cairo Santos,K,KC,10,CAR,0,0,0,0,0,0,0,0,0,0,0,0,0,0,0,0,0,3,1,0,0,0,,,,,
Caleb Sturgis,K,PHI,10,ATL,0,0,0,0,0,0,0,0,0,0,0,0,0,0,0,0,2,0,1,0,0,1,,,,,
Cam Newton,QB,CAR,10,KC,261,1,38,23,1,54,1,12,0,0,0,0,0,0,0,0,0,0,0,0,0,0,,,,,
Cameron Brate,TE,TB,10,CHI,0,0,0,0,0,0,0,0,7,84,1,7,0,0,0,0,0,0,0,0,0,0,,,,,
Cameron Meredith,WR,CHI,10,TB,0,0,0,0,0,0,0,0,1,50,1,2,0,0,0,0,0,0,0,0,0,0,,,,,
Carlos Hyde,RB,SF,10,ARI,0,0,0,0,0,14,0,13,0,0,0,1,0,0,0,0,0,0,0,0,0,0,,,,,
Carson Palmer,QB,ARI,10,SF,376,1,49,30,2,16,0,1,0,0,0,0,0,0,0,0,0,0,0,0,0,0,,,,,
Carson Wentz,QB,PHI,10,ATL,231,0,36,25,0,10,0,4,0,0,0,0,0,0,0,0,0,0,0,0,0,0,,,,,
Case Keenum,QB,LA,10,NYJ,165,0,30,17,0,11,0,5,0,0,0,0,0,0,0,0,0,0,0,0,0,0,,,,,
Cecil Shorts,WR,TB,10,CHI,0,0,0,0,0,0,0,0,2,38,0,5,0,0,0,0,0,0,0,0,0,0,,,,,
Chandler Catanzaro,K,ARI,10,SF,0,0,0,0,0,0,0,0,0,0,0,0,0,0,0,1,0,2,0,0,0,2,,,,,
Charcandrick West,RB,KC,10,CAR,0,0,0,0,0,5,0,2,3,5,0,3,0,0,0,0,0,0,0,0,0,0,,,,,
Charone Peake,WR,NYJ,10,LA,0,0,0,0,0,0,0,0,2,9,0,2,0,0,0,0,0,0,0,0,0,0,,,,,
Chase Reynolds,RB,LA,10,NYJ,0,0,0,0,0,0,0,0,0,0,0,0,0,0,0,0,0,0,0,0,0,0,,,,,
Chris Boswell,K,PIT,10,DAL,0,0,0,0,0,0,0,0,0,0,0,0,0,0,0,0,1,1,0,0,0,0,,,,,
Chris Conley,WR,KC,10,CAR,0,0,0,0,0,0,0,0,1,12,0,3,0,0,0,0,0,0,0,0,0,0,,,,,
Chris Harper,WR,SF,10,ARI,0,0,0,0,0,0,0,0,0,0,0,1,0,0,0,0,0,0,0,0,0,0,,,,,
Chris Hogan,WR,NE,10,SEA,0,0,0,0,0,0,0,0,0,0,0,3,0,0,0,0,0,0,0,0,0,0,,,,,
Chris Ivory,RB,JAX,10,HOU,0,0,0,0,0,31,0,9,2,10,0,3,0,0,0,0,0,0,0,0,0,0,,,,,
Chris Moore,WR,BAL,10,CLE,0,0,0,0,0,10,0,1,0,0,0,0,0,0,0,0,0,0,0,0,0,0,,,,,
Chris Thompson,RB,WAS,10,MIN,0,0,0,0,0,25,0,4,3,11,0,3,0,0,0,0,0,0,0,0,0,0,,,,,
Christine Michael,RB,SEA,10,NE,0,0,0,0,0,22,0,5,1,4,0,1,0,0,0,0,0,0,0,0,0,0,,,,,
Cobi Hamilton,WR,PIT,10,DAL,0,0,0,0,0,0,0,0,1,39,0,1,0,0,0,0,0,0,0,0,0,0,,,,,
Coby Fleener,TE,NO,10,DEN,0,0,0,0,0,0,0,0,2,26,0,2,0,0,0,0,0,0,0,0,0,0,,,,,
Cody Kessler,QB,CLE,10,BAL,91,1,18,11,0,3,0,1,0,0,0,0,0,0,0,0,0,0,0,0,0,0,,,,,
Cody Latimer,WR,DEN,10,NO,0,0,0,0,0,0,0,0,0,0,0,0,0,0,0,0,0,0,0,0,0,0,,,,,
Cody Parkey,K,CLE,10,BAL,0,0,0,0,0,0,0,0,0,0,0,0,0,0,0,0,0,0,0,0,0,1,,,,,
Cole Beasley,WR,DAL,10,PIT,0,0,0,0,0,0,0,0,5,33,0,9,0,0,0,0,0,0,0,0,0,0,,,,,
Colin Kaepernick,QB,SF,10,ARI,210,1,30,17,0,55,1,10,0,0,0,0,0,0,0,0,0,0,0,0,0,0,,,,,
Connor Barth,K,CHI,10,TB,0,0,0,0,0,0,0,0,0,0,0,0,0,0,0,0,0,0,0,1,0,1,,,,,
Cordarrelle Patterson,RB,MIN,10,WAS,0,0,0,0,0,0,0,0,3,17,0,4,0,0,0,0,0,0,0,0,0,0,,,,,
Corey Brown,WR,CAR,10,KC,0,0,0,0,0,0,0,0,1,3,0,1,0,0,0,0,0,0,0,0,0,0,,,,,
Corey Coleman,WR,CLE,10,BAL,0,0,0,0,0,0,0,0,3,17,0,5,0,0,0,0,0,0,0,0,0,0,,,,,
DAL,DEF,DAL,10,PIT,,,,,,,,,,,,,,,,,,,,,,,0,0,0,0,30.0
DEN,DEF,DEN,10,NO,,,,,,,,,,,,,,,,,,,,,,,0,0,0,0,23.0
Dak Prescott,QB,DAL,10,PIT,319,2,32,22,0,0,0,0,0,0,0,0,0,0,0,0,0,0,0,0,0,0,,,,,
Damien Williams,RB,MIA,10,LAC,0,0,0,0,0,2,1,2,1,18,1,1,0,0,0,0,0,0,0,0,0,0,,,,,
Dan Bailey,K,DAL,10,PIT,0,0,0,0,0,0,0,0,0,0,0,0,0,0,0,0,0,1,1,1,0,2,,,,,
Danny Amendola,WR,NE,10,SEA,0,0,0,0,0,0,0,0,1,14,0,1,0,0,0,0,0,0,0,0,0,0,,,,,
Darren Sproles,RB,PHI,10,ATL,0,0,0,0,0,19,0,2,8,57,0,10,0,0,0,0,0,0,0,0,0,0,,,,,
Darren Waller,TE,BAL,10,CLE,0,0,0,0,0,0,0,0,2,14,1,2,0,0,0,0,0,0,0,0,0,0,,,,,
Davante Adams,WR,GB,10,TEN,0,0,0,0,0,0,0,0,6,156,0,9,0,0,0,0,0,0,0,0,0,0,,,,,
David Johnson,TE,PIT,10,DAL,0,0,0,0,0,0,0,0,1,2,0,1,0,0,0,0,0,0,0,0,0,0,,,,,
David Johnson,RB,ARI,10,SF,0,0,0,0,0,55,1,19,5,46,1,7,0,0,0,0,0,0,0,0,0,0,,,,,
DeAndre Hopkins,WR,HOU,10,JAX,0,0,0,0,0,0,0,0,5,48,0,13,0,0,0,0,0,0,0,0,0,0,,,,,
DeMarco Murray,RB,TEN,10,GB,10,1,1,1,0,123,1,17,2,33,0,3,0,0,0,0,0,0,0,0,0,0,,,,,
DeVante Parker,WR,MIA,10,LAC,0,0,0,0,0,0,0,0,5,103,0,8,0,0,0,0,0,0,0,0,0,0,,,,,
Delanie Walker,TE,TEN,10,GB,0,0,0,0,0,0,0,0,9,124,1,11,0,0,0,0,0,0,0,0,0,0,,,,,
Demarcus Robinson,WR,KC,10,CAR,0,0,0,0,0,0,0,0,0,0,0,0,0,0,0,0,0,0,0,0,0,0,,,,,
Demaryius Thomas,WR,DEN,10,NO,0,0,0,0,0,0,0,0,8,87,1,11,0,0,0,0,0,0,0,0,0,0,,,,,
Demetrius Harris,TE,KC,10,CAR,0,0,0,0,0,0,0,0,0,0,0,1,0,0,0,0,0,0,0,0,0,0,,,,,
Dennis Pitta,TE,BAL,10,CLE,0,0,0,0,0,0,0,0,6,26,0,6,0,0,0,0,0,0,0,0,0,0,,,,,
Deonte Thompson,WR,CHI,10,TB,0,0,0,0,0,0,0,0,0,0,0,0,0,0,0,0,0,0,0,0,0,0,,,,,
Derrick Henry,RB,TEN,10,GB,0,0,0,0,0,31,0,9,0,0,0,0,0,0,0,0,0,0,0,0,0,0,,,,,
Devin Funchess,WR,CAR,10,KC,0,0,0,0,0,0,0,0,3,56,1,4,0,0,0,0,0,0,0,0,0,0,,,,,
Devin Hester,WR,BAL,10,CLE,0,0,0,0,0,0,0,0,0,0,0,0,0,0,0,0,0,0,0,0,0,0,,,,,
Devonta Freeman,RB,ATL,10,PHI,0,0,0,0,0,49,0,12,3,32,0,3,0,0,0,0,0,0,0,0,0,0,,,,,
Devontae Booker,RB,DEN,10,NO,0,0,0,0,0,76,0,24,2,12,0,2,0,0,0,0,0,0,0,0,0,0,,,,,
Dez Bryant,WR,DAL,10,PIT,0,0,0,0,0,0,0,0,6,116,1,9,0,0,0,0,0,0,0,0,0,0,,,,,
Dion Sims,TE,MIA,10,LAC,0,0,0,0,0,0,0,0,0,0,0,1,0,0,0,0,0,0,0,0,0,0,,,,,
Dominique Jones,TE,MIA,10,LAC,0,0,0,0,0,0,0,0,0,0,0,1,0,0,0,0,0,0,0,0,0,0,,,,,
Dontrelle Inman,WR,LAC,10,MIA,0,0,0,0,0,0,0,0,5,43,0,9,0,0,0,0,0,0,0,0,0,0,,,,,
Doug Baldwin,WR,SEA,10,NE,0,0,0,0,0,0,0,0,6,59,3,8,0,0,0,0,0,0,0,0,0,0,,,,,
Doug Martin,RB,TB,10,CHI,0,0,0,0,0,33,1,16,1,13,0,2,0,0,0,0,0,0,0,0,0,0,,,,,
Drew Brees,QB,NO,10,DEN,303,3,29,21,2,9,0,2,0,0,0,0,0,0,0,0,0,0,0,0,0,0,,,,,
DuJuan Harris,RB,SF,10,ARI,0,0,0,0,0,14,0,5,0,0,0,0,0,0,0,0,0,0,0,0,0,0,,,,,
Duke Johnson,RB,CLE,10,BAL,0,0,0,0,0,6,0,2,3,25,0,5,0,0,0,0,0,0,0,0,0,0,,,,,
Dustin Hopkins,K,WAS,10,MIN,0,0,0,0,0,0,0,0,0,0,0,0,0,0,0,0,1,2,0,1,0,2,,,,,
Dwayne Harris,WR,NYG,10,CIN,0,0,0,0,0,0,0,0,0,0,0,0,0,0,0,0,0,0,0,0,0,0,,,,,
Ed Dickson,TE,CAR,10,KC,0,0,0,0,0,0,0,0,1,26,0,2,0,0,0,0,0,0,0,0,0,0,,,,,
Eddie Royal,WR,CHI,10,TB,0,0,0,0,0,0,0,0,1,24,0,2,0,0,0,0,0,0,0,0,0,0,,,,,
Eli Manning,QB,NYG,10,CIN,240,3,44,28,2,4,0,3,0,0,0,0,0,0,0,0,0,0,0,0,0,0,,,,,
Eli Rogers,WR,PIT,10,DAL,0,0,0,0,0,0,0,0,4,42,1,5,0,0,0,0,0,0,0,0,0,0,,,,,
Emmanuel Sanders,WR,DEN,10,NO,0,0,0,0,0,0,0,0,5,54,0,9,0,0,0,0,0,0,0,0,0,0,,,,,
Eric Weems,WR,ATL,10,PHI,0,0,0,0,0,0,0,0,0,0,0,0,0,0,0,0,0,0,0,0,0,0,,,,,
Ezekiel Elliott,RB,DAL,10,PIT,0,0,0,0,0,114,2,21,2,95,1,2,0,0,0,0,0,0,0,0,0,0,,,,,
Fitzgerald Toussaint,RB,PIT,10,DAL,0,0,0,0,0,0,0,0,0,0,0,0,0,0,0,0,0,0,0,0,0,0,,,,,
Fozzy Whittaker,RB,CAR,10,KC,0,0,0,0,0,5,0,2,1,9,0,2,0,0,0,0,0,0,0,0,0,0,,,,,
Freddie Martino,WR,TB,10,CHI,0,0,0,0,0,0,0,0,1,43,1,1,0,0,0,0,0,0,0,0,0,0,,,,,
GB,DEF,GB,10,TEN,,,,,,,,,,,,,,,,,,,,,,,0,0,0,0,47.0
Garrett Celek,TE,SF,10,ARI,0,0,0,0,0,0,0,0,0,0,0,0,0,0,0,0,0,0,0,0,0,0,,,,,
Gary Barnidge,TE,CLE,10,BAL,0,0,0,0,0,0,0,0,1,8,0,4,0,0,0,0,0,0,0,0,0,0,,,,,
Geronimo Allison,WR,GB,10,TEN,0,0,0,0,0,0,0,0,1,17,0,2,0,0,0,0,0,0,0,0,0,0,,,,,
Giovani Bernard,RB,CIN,10,NYG,0,0,0,0,0,17,0,7,3,19,0,5,0,0,0,0,0,0,0,0,0,0,,,,,
Graham Gano,K,CAR,10,KC,0,0,0,0,0,0,0,0,0,0,0,0,0,0,0,0,0,0,1,0,0,2,,,,,
Greg Olsen,TE,CAR,10,KC,0,0,0,0,0,0,0,0,5,39,0,8,0,0,0,0,0,0,0,0,0,0,,,,,
Greg Zuerlein,K,LA,10,NYJ,0,0,0,0,0,0,0,0,0,0,0,0,0,0,0,0,1,2,0,0,0,0,,,,,
Griff Whalen,WR,LAC,10,MIA,0,0,0,0,0,0,0,0,1,10,0,1,0,0,0,0,0,0,0,0,0,0,,,,,
HOU,DEF,HOU,10,JAX,,,,,,,,,,,,,,,,,,,,,,,1,0,0,0,21.0
Hakeem Valles,TE,ARI,10,SF,0,0,0,0,0,0,0,0,0,0,0,1,0,0,0,0,0,0,0,0,0,0,,,,,
Hunter Henry,TE,LAC,10,MIA,0,0,0,0,0,0,0,0,2,11,1,2,0,0,0,0,0,0,0,0,0,0,,,,,
Isaiah Burse,WR,LAC,10,MIA,0,0,0,0,0,0,0,0,0,0,0,1,0,0,0,0,0,0,0,0,0,0,,,,,
Isaiah Crowell,RB,CLE,10,BAL,0,0,0,0,0,23,0,9,3,30,0,5,0,0,0,0,0,0,0,0,0,0,,,,,
J.J. Nelson,WR,ARI,10,SF,0,0,0,0,0,0,0,0,2,29,0,6,0,0,0,0,0,0,0,0,0,0,,,,,
JAX,DEF,JAX,10,HOU,,,,,,,,,,,,,,,,,,,,,,,0,0,0,0,24.0
Jake Lampman,WR,NO,10,DEN,0,0,0,0,0,0,0,0,0,0,0,0,0,0,0,0,0,0,0,0,0,0,,,,,
Jakeem Grant,WR,MIA,10,LAC,0,0,0,0,0,0,0,0,0,0,0,0,0,0,0,0,0,0,0,0,0,0,,,,,
Jalin Marshall,WR,NYJ,10,LA,0,0,0,0,0,0,0,0,0,0,0,0,0,0,0,0,0,0,0,0,0,0,,,,,
Jameis Winston,QB,TB,10,CHI,312,2,33,23,1,0,0,0,0,0,0,0,0,0,0,0,0,0,0,0,0,0,,,,,
James O'Shaughnessy,TE,KC,10,CAR,0,0,0,0,0,0,0,0,0,0,0,0,0,0,0,0,0,0,0,0,0,0,,,,,
James Starks,RB,GB,10,TEN,0,0,0,0,0,33,0,7,3,11,1,4,0,0,0,0,0,0,0,0,0,0,,,,,
James White,RB,NE,10,SEA,0,0,0,0,0,5,0,2,4,32,0,4,0,0,0,0,0,0,0,0,0,0,,,,,
Jamison Crowder,WR,WAS,10,MIN,0,0,0,0,0,7,0,1,4,37,1,6,0,0,0,0,0,0,0,0,0,0,,,,,
Jarius Wright,WR,MIN,10,WAS,0,0,0,0,0,0,0,0,1,9,0,1,0,0,0,0,0,0,0,0,0,0,,,,,
Jarvis Landry,WR,MIA,10,LAC,0,0,0,0,0,0,0,0,6,53,0,6,0,0,0,0,0,0,0,0,0,0,,,,,
Jason Myers,K,JAX,10,HOU,0,0,0,0,0,0,0,0,0,0,0,0,0,0,0,0,0,0,1,1,0,1,,,,,
Jason Witten,TE,DAL,10,PIT,0,0,0,0,0,0,0,0,6,59,0,8,0,0,0,0,0,0,0,0,0,0,,,,,
Javorius Allen,RB,BAL,10,CLE,0,0,0,0,0,3,0,2,0,0,0,0,0,0,0,0,0,0,0,0,0,0,,,,,
Jay Ajayi,RB,MIA,10,LAC,0,0,0,0,0,79,0,19,1,1,0,1,0,0,0,0,0,0,0,0,0,0,,,,,
Jay Cutler,QB,CHI,10,TB,182,1,30,16,2,7,0,1,0,0,0,0,0,0,0,0,0,0,0,0,0,0,,,,,
Jeff Janis,WR,GB,10,TEN,0,0,0,0,0,0,0,0,0,0,0,3,0,0,0,0,0,0,0,0,0,0,,,,,
Jerell Adams,TE,NYG,10,CIN,0,0,0,0,0,0,0,0,3,18,1,3,0,0,0,0,0,0,0,0,0,0,,,,,
Jeremy Hill,RB,CIN,10,NYG,0,0,0,0,0,46,1,15,0,0,0,0,0,0,0,0,0,0,0,0,0,0,,,,,
Jeremy Kerley,WR,SF,10,ARI,0,0,0,0,0,0,0,0,7,71,1,7,0,0,0,0,0,0,0,0,0,0,,,,,
Jeremy Langford,RB,CHI,10,TB,0,0,0,0,0,16,0,2,4,10,0,5,0,0,0,0,0,0,0,0,0,0,,,,,
Jerick McKinnon,RB,MIN,10,WAS,0,0,0,0,0,16,0,6,3,17,0,4,0,0,0,0,0,0,0,0,0,0,,,,,
Jermaine Gresham,TE,ARI,10,SF,0,0,0,0,0,0,0,0,4,38,0,6,0,0,0,0,0,0,0,0,0,0,,,,,
Jermaine Kearse,WR,SEA,10,NE,0,0,0,0,0,0,0,0,2,26,0,7,0,0,0,0,0,0,0,0,0,0,,,,,
Jesse James,TE,PIT,10,DAL,0,0,0,0,0,0,0,0,4,59,0,4,0,0,0,0,0,0,0,0,0,0,,,,,
Jimmy Graham,TE,SEA,10,NE,0,0,0,0,0,0,0,0,4,48,0,4,0,0,0,0,0,0,0,0,0,0,,,,,
Joe Flacco,QB,BAL,10,CLE,296,3,41,30,2,3,0,1,0,0,0,0,0,0,1,0,0,0,0,0,0,0,,,,,
John Brown,WR,ARI,10,SF,0,0,0,0,0,10,0,1,2,30,0,4,0,0,0,0,0,0,0,0,0,0,,,,,
Jonathan Stewart,RB,CAR,10,KC,0,0,0,0,0,39,0,13,0,0,0,1,0,0,0,0,0,0,0,0,0,0,,,,,
Jordan Howard,RB,CHI,10,TB,0,0,0,0,0,100,0,15,0,0,0,0,0,0,0,0,0,0,0,0,0,0,,,,,
Jordan Matthews,TE,PHI,10,ATL,0,0,0,0,0,0,0,0,6,73,0,10,0,0,0,0,0,0,0,0,0,0,,,,,
Jordan Norwood,WR,DEN,10,NO,0,0,0,0,0,0,0,0,3,18,0,3,0,0,0,0,0,0,0,0,0,0,,,,,
Jordan Reed,TE,WAS,10,MIN,0,0,0,0,0,0,0,0,2,41,0,4,0,0,0,0,0,0,0,0,0,0,,,,,
Jordan Taylor,WR,DEN,10,NO,0,0,0,0,0,0,0,0,2,32,1,2,0,0,0,0,0,0,0,0,0,0,,,,,
Jordy Nelson,WR,GB,10,TEN,0,0,0,0,0,0,0,0,12,126,1,18,0,0,0,0,0,0,0,0,0,0,,,,,
Josh Bellamy,WR,CHI,10,TB,0,0,0,0,0,0,0,0,0,0,0,1,0,0,0,0,0,0,0,0,0,0,,,,,
Josh Hill,TE,NO,10,DEN,0,0,0,0,0,0,0,0,0,0,0,1,0,0,0,0,0,0,0,0,0,0,,,,,
Josh Lambo,K,LAC,10,MIA,0,0,0,0,0,0,0,0,0,0,0,0,0,0,0,0,0,0,1,0,0,3,,,,,
Josh McCown,QB,CLE,10,BAL,59,0,13,6,2,0,0,0,0,0,0,0,0,0,0,0,0,0,0,0,0,0,,,,,
Josh Perkins,TE,ATL,10,PHI,0,0,0,0,0,0,0,0,0,0,0,0,0,0,0,0,0,0,0,0,0,0,,,,,
Julian Edelman,WR,NE,10,SEA,0,0,0,0,0,0,0,0,7,99,0,9,0,0,0,0,0,0,0,0,0,0,,,,,
Julio Jones,WR,ATL,10,PHI,0,0,0,0,0,0,0,0,10,135,0,16,0,0,0,0,0,0,0,0,0,0,,,,,
Julius Thomas,TE,JAX,10,HOU,0,0,0,0,0,0,0,0,6,24,1,10,0,0,0,0,0,0,0,0,0,0,,,,,
Justin Perillo,TE,GB,10,TEN,0,0,0,0,0,0,0,0,0,0,0,1,0,0,0,0,0,0,0,0,0,0,,,,,
Justin Tucker,K,BAL,10,CLE,0,0,0,0,0,0,0,0,0,0,0,0,0,0,0,0,1,0,1,0,0,2,,,,,
KC,DEF,KC,10,CAR,,,,,,,,,,,,,,,,,,,,,,,1,0,0,0,17.0
Ka'Deem Carey,RB,CHI,10,TB,0,0,0,0,0,-1,0,2,1,16,0,1,0,0,0,0,0,0,0,0,0,0,,,,,
Kamar Aiken,WR,BAL,10,CLE,0,0,0,0,0,0,0,0,2,15,0,4,0,0,0,0,0,0,0,0,0,0,,,,,
Kapri Bibbs,RB,DEN,10,NO,0,0,0,0,0,22,0,7,0,0,0,1,0,0,0,0,0,0,0,0,0,0,,,,,
Kelvin Benjamin,WR,CAR,10,KC,0,0,0,0,0,0,0,0,7,84,0,12,0,0,0,0,0,0,0,0,0,0,,,,,
Kendall Wright,WR,TEN,10,GB,0,0,0,0,0,0,0,0,2,8,1,3,0,0,0,0,0,0,0,0,0,0,,,,,
Kenjon Barner,RB,PHI,10,ATL,0,0,0,0,0,0,0,0,0,0,0,0,0,0,0,0,0,0,0,0,0,0,,,,,
Kenneth Dixon,RB,BAL,10,CLE,0,0,0,0,0,38,0,6,5,42,0,7,0,0,0,0,0,0,0,0,0,0,,,,,
Kenneth Farrow,RB,LAC,10,MIA,0,0,0,0,0,0,0,0,0,0,0,0,0,0,0,0,0,0,0,0,0,0,,,,,
Kenny Britt,WR,LA,10,NYJ,0,0,0,0,0,0,0,0,7,109,0,10,0,0,0,0,0,0,0,0,0,0,,,,,
Kenny Stills,WR,MIA,10,LAC,0,0,0,0,0,0,0,0,2,47,1,3,0,0,0,0,0,0,0,0,0,0,,,,,
Kenyan Drake,RB,MIA,10,LAC,0,0,0,0,0,9,0,1,0,0,0,0,0,0,0,0,0,0,0,0,0,0,,,,,
Kevin Hogan,QB,CLE,10,BAL,0,0,0,0,0,1,0,1,0,0,0,0,0,0,0,0,0,0,0,0,0,0,,,,,
Kirk Cousins,QB,WAS,10,MIN,262,2,33,22,0,-1,0,1,0,0,0,0,0,0,0,0,0,0,0,0,0,0,,,,,
Knile Davis,RB,KC,10,CAR,0,0,0,0,0,0,0,0,0,0,0,0,0,0,0,0,0,0,0,0,0,0,,,,,
Kyle Juszczyk,RB,BAL,10,CLE,0,0,0,0,0,3,0,1,2,4,0,3,0,0,1,0,0,0,0,0,0,0,,,,,
Kyle Rudolph,TE,MIN,10,WAS,0,0,0,0,0,0,0,0,5,69,1,8,0,0,0,0,0,0,0,0,0,0,,,,,
LA,DEF,LA,10,NYJ,,,,,,,,,,,,,,,,,,,,,,,0,0,0,0,6.0
LAC,DEF,LAC,10,MIA,,,,,,,,,,,,,,,,,,,,,,,0,0,0,0,0.0
Ladarius Green,TE,PIT,10,DAL,0,0,0,0,0,0,0,0,3,30,0,4,0,0,0,0,0,0,0,0,0,0,,,,,
Lamar Miller,RB,HOU,10,JAX,0,0,0,0,0,83,0,15,0,0,0,0,0,0,0,0,0,0,0,0,0,0,,,,,
Lance Dunbar,RB,DAL,10,PIT,0,0,0,0,0,0,0,0,0,0,0,1,0,0,0,0,0,0,0,0,0,0,,,,,
Lance Kendricks,TE,LA,10,NYJ,0,0,0,0,0,0,0,0,1,0,0,2,0,0,0,0,0,0,0,0,0,0,,,,,
Larry Fitzgerald,WR,ARI,10,SF,0,0,0,0,0,0,0,0,12,132,0,18,0,0,0,0,0,0,0,0,0,0,,,,,
Le'Veon Bell,RB,PIT,10,DAL,0,0,0,0,0,57,1,17,9,77,1,10,0,0,0,0,0,0,0,0,0,0,,,,,
LeGarrette Blount,RB,NE,10,SEA,0,0,0,0,0,69,3,21,0,0,0,0,0,0,0,0,0,0,0,0,0,0,,,,,
Logan Paulsen,TE,CHI,10,TB,0,0,0,0,0,0,0,0,0,0,0,1,0,0,0,0,0,0,0,0,0,0,,,,,
Lucky Whitehead,WR,DAL,10,PIT,0,0,0,0,0,0,0,0,1,5,0,1,0,0,0,0,0,0,0,0,0,0,,,,,
Luke Stocker,TE,TB,10,CHI,0,0,0,0,0,0,0,0,1,11,0,2,0,0,0,0,0,0,0,0,0,0,,,,,
MIA,DEF,MIA,10,LAC,,,,,,,,,,,,,,,,,,,,,,,1,0,0,0,24.0
MIN,DEF,MIN,10,WAS,,,,,,,,,,,,,,,,,,,,,,,0,0,0,0,26.0
Malcolm Mitchell,WR,NE,10,SEA,0,0,0,0,0,0,0,0,1,13,0,2,0,0,0,0,0,0,0,0,0,0,,,,,
MarQueis Gray,TE,MIA,10,LAC,0,0,0,0,0,0,0,0,2,18,0,2,0,0,0,0,0,0,0,0,0,0,,,,,
Marc Mariani,WR,TEN,10,GB,0,0,0,0,0,0,0,0,0,0,0,0,0,0,0,0,0,0,0,0,0,0,,,,,
Marcedes Lewis,TE,JAX,10,HOU,0,0,0,0,0,0,0,0,3,-1,0,4,0,0,0,0,0,0,0,0,0,0,,,,,
Marcus Mariota,QB,TEN,10,GB,295,4,26,19,0,0,0,5,0,0,0,0,0,0,0,0,0,0,0,0,0,0,,,,,
Mark Ingram,RB,NO,10,DEN,0,0,0,0,0,50,0,11,2,13,0,2,0,0,0,0,0,0,0,0,0,0,,,,,
Marqise Lee,WR,JAX,10,HOU,0,0,0,0,0,6,0,1,4,50,0,6,0,0,0,0,0,0,0,0,0,0,,,,,
Martellus Bennett,TE,NE,10,SEA,0,0,0,0,0,0,0,0,7,102,0,7,0,0,0,0,0,0,0,0,0,0,,,,,
Mason Crosby,K,GB,10,TEN,0,0,0,0,0,0,0,0,0,0,0,0,0,0,0,0,1,1,0,0,0,1,,,,,
Matt Asiata,RB,MIN,10,WAS,0,0,0,0,0,13,1,9,1,2,0,1,0,0,0,0,0,0,0,0,0,0,,,,,
Matt Bryant,K,ATL,10,PHI,0,0,0,0,0,0,0,0,0,0,0,0,0,0,0,0,0,1,2,0,0,0,,,,,
Matt Forte,RB,NYJ,10,LA,0,0,0,0,0,98,0,20,2,11,0,3,0,0,0,0,0,0,0,0,0,0,,,,,
Matt Ryan,QB,ATL,10,PHI,267,1,33,18,1,0,0,0,0,0,0,0,0,0,0,0,0,0,0,0,0,0,,,,,
Matthew Slater,WR,NE,10,SEA,0,0,0,0,0,0,0,0,0,0,0,0,0,0,0,0,0,0,0,0,0,0,,,,,
Maurice Harris,WR,WAS,10,MIN,0,0,0,0,0,0,0,0,3,28,0,3,0,0,0,0,0,0,0,0,0,0,,,,,
Melvin Gordon,RB,LAC,10,MIA,0,0,0,0,0,70,0,24,5,62,0,8,0,0,0,0,0,0,0,0,0,0,,,,,
Michael Floyd,WR,ARI,10,SF,0,0,0,0,0,0,0,0,5,101,0,6,0,0,0,0,0,0,0,0,0,0,,,,,
Michael Thomas,WR,NO,10,DEN,0,0,0,0,0,0,0,0,4,40,0,6,0,0,0,0,0,0,0,0,0,0,,,,,
Mike Evans,WR,TB,10,CHI,0,0,0,0,0,0,0,0,4,66,0,5,0,0,0,0,0,0,0,0,0,0,,,,,
Mike James,RB,TB,10,CHI,0,0,0,0,0,7,0,2,1,5,0,1,0,0,0,0,0,0,0,0,0,0,,,,,
Mike Nugent,K,CIN,10,NYG,0,0,0,0,0,0,0,0,0,0,0,0,0,0,0,0,1,1,0,0,0,2,,,,,
Mike Thomas,WR,LA,10,NYJ,0,0,0,0,0,0,0,0,0,0,0,0,0,0,0,0,0,0,0,0,0,0,,,,,
Mike Wallace,WR,BAL,10,CLE,0,0,0,0,0,0,0,0,4,59,0,5,0,0,0,0,0,0,0,0,0,0,,,,,
Mohamed Sanu,WR,ATL,10,PHI,0,0,0,0,0,0,0,0,2,14,0,2,0,0,0,0,0,0,0,0,0,0,,,,,
NE,DEF,NE,10,SEA,,,,,,,,,,,,,,,,,,,,,,,0,0,0,0,31.0
NO,DEF,NO,10,DEN,,,,,,,,,,,,,,,,,,,,,,,0,0,0,0,25.0
NYG,DEF,NYG,10,CIN,,,,,,,,,,,,,,,,,,,,,,,0,0,0,0,20.0
NYJ,DEF,NYJ,10,LA,,,,,,,,,,,,,,,,,,,,,,,0,0,0,0,9.0
Nelson Agholor,WR,PHI,10,ATL,0,0,0,0,0,0,0,0,2,7,0,5,0,0,0,0,0,0,0,0,0,0,,,,,
Nick Folk,K,NYJ,10,LA,0,0,0,0,0,0,0,0,0,0,0,0,0,0,0,0,0,0,0,0,0,0,,,,,
Nick Novak,K,HOU,10,JAX,0,0,0,0,0,0,0,0,0,0,0,0,0,0,0,0,0,0,0,1,0,3,,,,,
Odell Beckham Jr.,WR,NYG,10,CIN,0,0,0,0,0,0,0,0,10,97,1,11,0,0,0,0,0,0,0,0,0,0,,,,,
Orleans Darkwa,RB,NYG,10,CIN,0,0,0,0,0,0,0,0,0,0,0,0,0,0,0,0,0,0,0,0,0,0,,,,,
PHI,DEF,PHI,10,ATL,,,,,,,,,,,,,,,,,,,,,,,0,0,0,0,15.0
PIT,DEF,PIT,10,DAL,,,,,,,,,,,,,,,,,,,,,,,0,0,0,0,35.0
Paul Perkins,RB,NYG,10,CIN,0,0,0,0,0,31,0,9,0,0,0,3,0,0,0,0,0,0,0,0,0,0,,,,,
Paul Richardson,WR,SEA,10,NE,0,0,0,0,0,0,0,0,2,52,0,3,0,0,0,0,0,0,0,0,0,0,,,,,
Peyton Barber,RB,TB,10,CHI,0,0,0,0,0,38,0,12,0,0,0,0,0,0,0,0,0,0,0,0,0,0,,,,,
Pharoh Cooper,WR,LA,10,NYJ,0,0,0,0,0,0,0,0,1,6,0,1,0,0,0,0,0,0,0,0,0,0,,,,,
Phil Dawson,K,SF,10,ARI,0,0,0,0,0,0,0,0,0,0,0,0,0,0,0,0,0,0,1,1,0,2,,,,,
Philip Rivers,QB,LAC,10,MIA,326,3,44,23,4,0,0,0,0,0,0,0,0,0,0,0,0,0,0,0,0,0,,,,,
Phillip Supernaw,TE,TEN,10,GB,0,0,0,0,0,0,0,0,0,0,0,0,0,0,0,0,0,0,0,0,0,0,,,,,
Pierre Garcon,WR,WAS,10,MIN,0,0,0,0,0,0,0,0,6,81,0,10,0,0,0,0,0,0,0,0,0,0,,,,,
Quincy Enunwa,WR,NYJ,10,LA,0,0,0,0,0,0,0,0,1,7,0,6,0,0,0,0,0,0,0,0,0,0,,,,,
Quinton Patton,WR,SF,10,ARI,0,0,0,0,0,0,0,0,3,52,0,9,0,0,0,0,0,0,0,0,0,0,,,,,
Randall Cobb,WR,GB,10,TEN,0,0,0,0,0,0,0,0,4,31,0,8,0,0,0,0,0,0,0,0,0,0,,,,,
Randall Telfer,TE,CLE,10,BAL,0,0,0,0,0,0,0,0,1,-3,0,1,0,0,0,0,0,0,0,0,0,0,,,,,
Rashad Greene,WR,JAX,10,HOU,0,0,0,0,0,0,0,0,0,0,0,0,0,0,0,0,0,0,0,0,0,0,,,,,
Rashad Jennings,RB,NYG,10,CIN,0,0,0,0,0,87,0,15,3,22,0,6,0,0,0,0,0,0,0,0,0,0,,,,,
Rashad Ross,WR,WAS,10,MIN,0,0,0,0,0,0,0,0,0,0,0,0,0,0,0,0,0,0,0,0,0,0,,,,,
Rex Burkhead,RB,CIN,10,NYG,0,0,0,0,0,0,0,0,0,0,0,0,0,0,0,0,0,0,0,0,0,0,,,,,
Rhett Ellison,TE,MIN,10,WAS,0,0,0,0,0,0,0,0,2,8,0,2,0,0,0,0,0,0,0,0,0,0,,,,,
Richard Rodgers,TE,GB,10,TEN,0,0,0,0,0,0,0,0,4,27,0,7,0,0,0,0,0,0,0,0,0,0,,,,,
Rishard Matthews,WR,TEN,10,GB,0,0,0,0,0,0,0,0,3,63,1,5,0,0,0,0,0,0,0,0,0,0,,,,,
Rob Gronkowski,TE,NE,10,SEA,0,0,0,0,0,0,0,0,3,56,0,6,0,0,0,0,0,0,0,0,0,0,,,,,
Rob Kelley,RB,WAS,10,MIN,0,0,0,0,0,97,0,22,1,-2,0,1,0,0,0,0,0,0,0,0,0,0,,,,,
Robbie Chosen,WR,NYJ,10,LA,0,0,0,0,0,0,0,0,3,69,0,6,0,0,0,0,0,0,0,0,0,0,,,,,
Robbie Gould,K,NYG,10,CIN,0,0,0,0,0,0,0,0,0,0,0,0,0,0,0,0,0,0,0,0,0,3,,,,,
Roberto Aguayo,K,TB,10,CHI,0,0,0,0,0,0,0,0,0,0,0,0,0,0,0,0,1,1,0,0,0,4,,,,,
Rod Streater,WR,SF,10,ARI,0,0,0,0,0,0,0,0,1,11,0,2,0,0,0,0,0,0,0,0,0,0,,,,,
Roger Lewis,WR,NYG,10,CIN,0,0,0,0,0,0,0,0,1,2,0,4,0,0,0,0,0,0,0,0,0,0,,,,,
Ronnie Hillman,RB,MIN,10,WAS,0,0,0,0,0,2,0,4,0,0,0,0,0,0,0,0,0,0,0,0,0,0,,,,,
Ross Travis,TE,KC,10,CAR,0,0,0,0,0,0,0,0,1,5,0,2,0,0,0,0,0,0,0,0,0,0,,,,,
Russell Wilson,QB,SEA,10,NE,348,3,37,25,0,6,0,3,0,0,0,0,0,0,0,0,0,0,0,0,0,0,,,,,
Ryan Grant,WR,WAS,10,MIN,0,0,0,0,0,0,0,0,0,0,0,3,0,0,0,0,0,0,0,0,0,0,,,,,
Ryan Griffin,TE,HOU,10,JAX,0,0,0,0,0,0,0,0,3,7,1,4,0,0,0,0,0,0,0,0,0,0,,,,,
Ryan Hewitt,TE,CIN,10,NYG,0,0,0,0,0,0,0,0,0,0,0,0,0,0,0,0,0,0,0,0,0,0,,,,,
Ryan Mallett,QB,BAL,10,CLE,0,0,0,0,0,-3,0,2,0,0,0,0,0,0,0,0,0,0,0,0,0,0,,,,,
Ryan Mathews,RB,PHI,10,ATL,0,0,0,0,0,109,2,19,2,30,0,2,0,0,1,0,0,0,0,0,0,0,,,,,
Ryan Succop,K,TEN,10,GB,0,0,0,0,0,0,0,0,0,0,0,0,0,0,0,0,1,0,0,1,0,5,,,,,
Ryan Tannehill,QB,MIA,10,LAC,240,2,24,17,0,16,0,3,0,0,0,0,0,0,0,0,0,0,0,0,0,0,,,,,
SEA,DEF,SEA,10,NE,,,,,,,,,,,,,,,,,,,,,,,0,0,0,0,24.0
SF,DEF,SF,10,ARI,,,,,,,,,,,,,,,,,,,,,,,0,0,0,0,23.0
Sam Bradford,QB,MIN,10,WAS,307,2,40,31,1,0,0,0,0,0,0,0,0,0,0,0,0,0,0,0,0,0,,,,,
Sammie Coates,WR,PIT,10,DAL,0,0,0,0,0,0,0,0,0,0,0,1,0,0,0,0,0,0,0,0,0,0,,,,,
Sean McGrath,TE,LAC,10,MIA,0,0,0,0,0,0,0,0,1,12,0,1,0,0,0,0,0,0,0,0,0,0,,,,,
Seth DeValve,TE,CLE,10,BAL,0,0,0,0,0,0,0,0,1,25,1,1,0,0,0,0,0,0,0,0,0,0,,,,,
Spencer Ware,RB,KC,10,CAR,0,0,0,0,0,61,0,13,3,11,0,3,0,0,0,0,0,0,0,0,0,0,,,,,
Stefon Diggs,WR,MIN,10,WAS,0,0,0,0,0,0,0,0,13,164,0,15,0,0,0,0,0,0,0,0,0,0,,,,,
Stephen Anderson,TE,HOU,10,JAX,0,0,0,0,0,0,0,0,1,7,1,1,0,0,0,0,0,0,0,0,0,0,,,,,
Stephen Gostkowski,K,NE,10,SEA,0,0,0,0,0,0,0,0,0,0,0,0,0,0,0,0,0,1,0,0,0,3,,,,,
Sterling Shepard,WR,NYG,10,CIN,0,0,0,0,0,0,0,0,5,42,1,7,0,0,0,0,0,0,0,0,0,0,,,,,
Steve Smith,WR,BAL,10,CLE,0,0,0,0,0,0,0,0,5,60,1,7,0,0,0,0,0,0,0,0,0,0,,,,,
Steven Hauschka,K,SEA,10,NE,0,0,0,0,0,0,0,0,0,0,0,0,0,0,0,0,2,1,1,0,0,1,,,,,
T.J. Yeldon,RB,JAX,10,HOU,0,0,0,0,0,32,0,9,3,27,0,3,0,0,0,0,0,0,0,0,0,0,,,,,
TB,DEF,TB,10,CHI,,,,,,,,,,,,,,,,,,,,,,,1,1,0,0,10.0
TEN,DEF,TEN,10,GB,,,,,,,,,,,,,,,,,,,,,,,0,0,0,0,25.0
Tajae Sharpe,WR,TEN,10,GB,0,0,0,0,0,0,0,0,3,68,1,4,0,0,0,0,0,0,0,0,0,0,,,,,
Tavarres King,WR,NYG,10,CIN,0,0,0,0,0,0,0,0,1,6,0,2,0,0,0,0,0,0,0,0,0,0,,,,,
Tavon Austin,WR,LA,10,NYJ,0,0,0,0,0,10,0,2,2,19,0,7,0,0,0,0,0,0,0,0,0,0,,,,,
Taylor Gabriel,WR,ATL,10,PHI,0,0,0,0,0,0,0,0,1,76,1,5,0,0,0,0,0,0,0,0,0,0,,,,,
Ted Ginn,WR,CAR,10,KC,0,0,0,0,0,1,0,1,5,44,0,8,0,0,0,0,0,0,0,0,0,0,,,,,
Terrance West,RB,BAL,10,CLE,0,0,0,0,0,65,0,21,1,12,0,2,0,0,0,0,0,0,0,0,0,0,,,,,
Terrance Williams,WR,DAL,10,PIT,0,0,0,0,0,0,0,0,1,5,0,1,0,0,0,0,0,0,0,0,0,0,,,,,
Terrelle Pryor,WR,CLE,10,BAL,0,0,0,0,0,0,0,0,5,48,0,9,0,0,0,0,0,0,0,0,0,0,,,,,
Terron Ward,RB,ATL,10,PHI,0,0,0,0,0,-1,0,1,0,0,0,1,0,0,0,0,0,0,0,0,0,0,,,,,
Tim Hightower,RB,NO,10,DEN,0,0,0,0,0,21,0,8,2,34,0,2,0,0,0,0,0,0,0,0,0,0,,,,,
Todd Gurley,RB,LA,10,NYJ,0,0,0,0,0,64,0,21,1,8,0,1,0,0,0,0,0,0,0,0,0,0,,,,,
Tom Brady,QB,NE,10,SEA,316,0,32,23,1,7,0,5,0,0,0,0,0,0,0,0,0,0,0,0,0,0,,,,,
Torrey Smith,WR,SF,10,ARI,0,0,0,0,0,0,0,0,2,26,0,4,0,0,0,0,0,0,0,0,0,0,,,,,
Travaris Cadet,RB,NO,10,DEN,0,0,0,0,0,0,0,0,2,26,0,3,0,0,0,0,0,0,0,0,0,0,,,,,
Travis Kelce,TE,KC,10,CAR,0,0,0,0,0,0,0,0,3,31,0,6,0,0,1,0,0,0,0,0,0,0,,,,,
Trevor Davis,WR,GB,10,TEN,0,0,0,0,0,0,0,0,0,0,0,1,0,0,0,0,0,0,0,0,0,0,,,,,
Trevor Siemian,QB,DEN,10,NO,258,2,40,25,2,5,0,6,0,0,0,0,0,0,0,0,0,0,0,0,0,0,,,,,
Ty Montgomery,WR,GB,10,TEN,0,0,0,0,0,9,0,3,2,11,0,2,0,0,0,0,0,0,0,0,0,0,,,,,
Tyler Boyd,WR,CIN,10,NYG,0,0,0,0,0,0,0,0,2,12,0,4,0,0,0,0,0,0,0,0,0,0,,,,,
Tyler Eifert,TE,CIN,10,NYG,0,0,0,0,0,0,0,0,3,96,0,5,0,0,0,0,0,0,0,0,0,0,,,,,
Tyler Ervin,RB,HOU,10,JAX,0,0,0,0,0,0,0,0,0,0,0,0,0,0,0,0,0,0,0,0,0,0,,,,,
Tyler Kroft,TE,CIN,10,NYG,0,0,0,0,0,0,0,0,0,0,0,1,0,0,0,0,0,0,0,0,0,0,,,,,
Tyler Lockett,WR,SEA,10,NE,0,0,0,0,0,0,0,0,3,72,0,6,0,0,0,0,0,0,0,0,0,0,,,,,
Tyreek Hill,WR,KC,10,CAR,0,0,0,0,0,12,0,1,10,89,0,13,0,0,0,0,0,0,0,0,0,0,,,,,
Tyrell Williams,WR,LAC,10,MIA,0,0,0,0,0,0,0,0,5,125,1,11,0,0,0,0,0,0,0,0,0,0,,,,,
Vance McDonald,TE,SF,10,ARI,0,0,0,0,0,0,0,0,4,50,0,6,0,0,0,0,0,0,0,0,0,0,,,,,
Vernon Davis,TE,WAS,10,MIN,0,0,0,0,0,0,0,0,3,66,1,3,0,0,0,0,0,0,0,0,0,0,,,,,
Virgil Green,TE,DEN,10,NO,0,0,0,0,0,0,0,0,2,24,0,6,0,0,0,0,0,0,0,0,0,0,,,,,
WAS,DEF,WAS,10,MIN,,,,,,,,,,,,,,,,,,,,,,,0,0,0,0,20.0
Wendell Smallwood,RB,PHI,10,ATL,0,0,0,0,0,70,0,13,0,0,0,1,0,0,0,0,0,0,0,0,0,0,,,,,
Wil Lutz,K,NO,10,DEN,0,0,0,0,0,0,0,0,0,0,0,0,0,0,0,0,0,1,0,0,0,2,,,,,
Will Tye,TE,NYG,10,CIN,0,0,0,0,0,0,0,0,5,53,0,8,0,0,0,0,0,0,0,0,0,0,,,,,
Willie Snead,WR,NO,10,DEN,0,0,0,0,0,0,0,0,5,47,2,7,0,0,0,0,0,0,0,0,0,0,,,,,
Xavier Grimble,TE,PIT,10,DAL,0,0,0,0,0,0,0,0,1,5,0,2,0,0,0,0,0,0,0,0,0,0,,,,,
Zach Ertz,TE,PHI,10,ATL,0,0,0,0,0,0,0,0,6,55,0,7,0,0,0,0,0,0,0,0,0,0,,,,,
Zach Miller,TE,CHI,10,TB,0,0,0,0,0,0,0,0,4,32,0,7,0,0,0,0,0,0,0,0,0,0,,,,,
A.J. Green,WR,CIN,11,BUF,0,0,0,0,0,0,0,0,0,0,0,1,0,0,0,0,0,0,0,0,0,0,,,,,
ARI,DEF,ARI,11,MIN,,,,,,,,,,,,,,,,,,,,,,,0,0,0,0,30.0
Aaron Burbridge,WR,SF,11,NE,0,0,0,0,0,0,0,0,0,0,0,1,0,0,0,0,0,0,0,0,0,0,,,,,
Aaron Rodgers,QB,GB,11,WAS,351,3,41,26,0,33,0,3,0,0,0,0,0,0,0,0,0,0,0,0,0,0,,,,,
Adam Humphries,WR,TB,11,KC,0,0,0,0,0,0,0,0,4,47,0,7,0,0,0,0,0,0,0,0,0,0,,,,,
Adam Thielen,WR,MIN,11,ARI,0,0,0,0,0,0,0,0,5,65,1,5,0,0,0,0,0,0,0,0,0,0,,,,,
Adam Vinatieri,K,IND,11,TEN,0,0,0,0,0,0,0,0,0,0,0,0,0,0,0,0,0,0,1,0,0,3,,,,,
Akeem Hunt,RB,HOU,11,LV,0,0,0,0,0,-2,0,5,0,0,0,0,0,0,0,0,0,0,0,0,0,0,,,,,
Alan Cross,TE,TB,11,KC,0,0,0,0,0,0,0,0,1,3,1,1,0,0,0,0,0,0,0,0,0,0,,,,,
Albert Wilson,WR,KC,11,TB,0,0,0,0,0,0,0,0,4,19,1,4,0,0,0,0,0,0,0,0,0,0,,,,,
Alex Erickson,WR,CIN,11,BUF,0,0,0,0,0,0,0,0,1,7,0,2,0,0,0,0,0,0,0,0,0,0,,,,,
Alex Smith,QB,KC,11,TB,261,1,31,24,1,10,1,2,0,0,0,0,0,0,0,0,0,0,0,0,0,0,,,,,
Alfred Morris,RB,DAL,11,BAL,0,0,0,0,0,3,0,2,0,0,0,0,0,0,0,0,0,0,0,0,0,0,,,,,
Allen Hurns,WR,JAX,11,DET,0,0,0,0,0,0,0,0,1,9,0,2,0,0,0,0,0,0,0,0,0,0,,,,,
Allen Robinson,WR,JAX,11,DET,0,0,0,0,0,0,0,0,3,18,1,7,0,0,0,0,0,0,0,0,0,0,,,,,
Amari Cooper,WR,LV,11,HOU,0,0,0,0,0,0,0,0,4,57,1,5,0,0,0,0,0,0,0,0,0,0,,,,,
Andre Ellington,RB,ARI,11,MIN,0,0,0,0,0,21,0,5,1,2,0,2,0,0,0,0,0,0,0,0,0,0,,,,,
Andre Holmes,WR,LV,11,HOU,0,0,0,0,0,0,0,0,0,0,0,0,0,0,0,0,0,0,0,0,0,0,,,,,
Andre Roberts,WR,DET,11,JAX,0,0,0,0,0,0,0,0,1,44,0,1,1,0,0,0,0,0,0,0,0,0,,,,,
Andrew Franks,K,MIA,11,LA,0,0,0,0,0,0,0,0,0,0,0,0,0,0,0,0,0,0,0,0,0,2,,,,,
Andrew Hawkins,WR,CLE,11,PIT,0,0,0,0,0,0,0,0,1,20,0,1,0,0,0,0,0,0,0,0,0,0,,,,,
Andrew Luck,QB,IND,11,TEN,262,2,28,15,1,22,0,8,0,0,0,0,0,0,0,0,0,0,0,0,0,0,,,,,
Andy Dalton,QB,CIN,11,BUF,207,1,43,24,2,10,1,4,0,0,0,0,0,0,0,0,0,0,0,0,0,0,,,,,
Anquan Boldin,WR,DET,11,JAX,0,0,0,0,0,0,0,0,6,37,0,9,0,0,0,0,0,0,0,0,0,0,,,,,
Anthony Fasano,TE,TEN,11,IND,0,0,0,0,0,0,0,0,0,0,0,0,0,0,0,0,0,0,0,0,0,0,,,,,
Antonio Andrews,RB,TEN,11,IND,0,0,0,0,0,0,0,0,0,0,0,0,0,0,0,0,0,0,0,0,0,0,,,,,
Antonio Brown,WR,PIT,11,CLE,0,0,0,0,0,0,0,0,8,76,0,10,0,0,0,0,0,0,0,0,0,0,,,,,
BAL,DEF,BAL,11,DAL,,,,,,,,,,,,,,,,,,,,,,,0,0,0,0,27.0
BUF,DEF,BUF,11,CIN,,,,,,,,,,,,,,,,,,,,,,,0,0,0,0,12.0
Ben Koyack,TE,JAX,11,DET,0,0,0,0,0,0,0,0,0,0,0,1,0,0,0,0,0,0,0,0,0,0,,,,,
Ben Roethlisberger,QB,PIT,11,CLE,167,0,36,23,0,0,0,0,0,0,0,0,0,0,1,0,0,0,0,0,0,0,,,,,
Benny Cunningham,RB,LA,11,MIA,0,0,0,0,0,7,0,2,1,-3,0,2,0,0,0,0,0,0,0,0,0,0,,,,,
Blake Bell,TE,SF,11,NE,0,0,0,0,0,0,0,0,0,0,0,0,0,0,0,0,0,0,0,0,0,0,,,,,
Blake Bortles,QB,JAX,11,DET,202,2,35,22,2,3,0,1,0,0,0,0,0,0,0,0,0,0,0,0,0,0,,,,,
Bradley Marquez,WR,LA,11,MIA,0,0,0,0,0,0,0,0,0,0,0,0,0,0,0,0,0,0,0,0,0,0,,,,,
Brandin Cooks,WR,NO,11,CAR,0,0,0,0,0,7,0,2,7,42,0,8,0,0,0,0,0,0,0,0,0,0,,,,,
Brandon Coleman,WR,NO,11,CAR,0,0,0,0,0,0,0,0,1,9,1,2,0,0,0,0,0,0,0,0,0,0,,,,,
Brandon LaFell,WR,CIN,11,BUF,0,0,0,0,0,0,0,0,4,32,0,9,0,0,0,0,0,0,0,0,0,0,,,,,
Brandon Myers,TE,TB,11,KC,0,0,0,0,0,0,0,0,0,0,0,0,0,0,0,0,0,0,0,0,0,0,,,,,
Brandon Tate,WR,BUF,11,CIN,0,0,0,0,0,0,0,0,2,48,0,3,0,0,0,0,0,0,0,0,0,0,,,,,
Braxton Miller,WR,HOU,11,LV,0,0,0,0,0,1,0,1,5,25,1,7,0,0,0,0,0,0,0,0,0,0,,,,,
Brent Celek,TE,PHI,11,SEA,0,0,0,0,0,0,0,0,1,19,0,1,0,0,0,0,0,0,0,0,0,0,,,,,
Brett Hundley,QB,GB,11,WAS,9,0,3,1,1,0,0,1,0,0,0,0,0,0,0,0,0,0,0,0,0,0,,,,,
Brian Quick,WR,LA,11,MIA,0,0,0,0,0,0,0,0,3,21,0,5,0,0,0,0,0,0,0,0,0,0,,,,,
Brice Butler,WR,DAL,11,BAL,0,0,0,0,0,0,0,0,2,49,0,2,0,0,0,0,0,0,0,0,0,0,,,,,
Brittan Golden,WR,ARI,11,MIN,0,0,0,0,0,0,0,0,0,0,0,0,0,0,0,0,0,0,0,0,0,0,,,,,
Brock Osweiler,QB,HOU,11,LV,243,1,39,26,1,19,0,2,1,-6,0,1,0,0,0,0,0,0,0,0,0,0,,,,,
Bryce Treggs,WR,PHI,11,SEA,0,0,0,0,0,0,0,0,0,0,0,2,0,0,0,0,0,0,0,0,0,0,,,,,
C.J. Fiedorowicz,TE,HOU,11,LV,0,0,0,0,0,0,0,0,6,82,0,10,0,0,0,0,0,0,0,0,0,0,,,,,
C.J. Prosise,RB,SEA,11,PHI,0,0,0,0,0,76,1,4,2,5,0,3,0,0,0,0,0,0,0,0,0,0,,,,,
CAR,DEF,CAR,11,NO,,,,,,,,,,,,,,,,,,,,,,,0,0,0,0,20.0
CHI,DEF,CHI,11,NYG,,,,,,,,,,,,,,,,,,,,,,,0,0,0,0,22.0
CIN,DEF,CIN,11,BUF,,,,,,,,,,,,,,,,,,,,,,,0,0,0,0,16.0
CLE,DEF,CLE,11,PIT,,,,,,,,,,,,,,,,,,,,,,,0,0,0,0,24.0
Cairo Santos,K,KC,11,TB,0,0,0,0,0,0,0,0,0,0,0,0,0,0,0,0,1,0,0,0,0,2,,,,,
Caleb Sturgis,K,PHI,11,SEA,0,0,0,0,0,0,0,0,0,0,0,0,0,0,0,0,0,0,0,0,0,1,,,,,
Cam Newton,QB,CAR,11,NO,192,1,33,14,0,7,0,5,0,0,0,0,0,0,0,0,0,0,0,0,0,0,,,,,
Cameron Brate,TE,TB,11,KC,0,0,0,0,0,0,0,0,2,18,0,3,0,0,0,0,0,0,0,0,0,0,,,,,
Cameron Meredith,WR,CHI,11,NYG,0,0,0,0,0,0,0,0,4,49,0,4,0,0,0,0,0,0,0,0,0,0,,,,,
Carlos Hyde,RB,SF,11,NE,0,0,0,0,0,86,0,19,3,24,0,3,0,0,0,0,0,0,0,0,0,0,,,,,
Carson Palmer,QB,ARI,11,MIN,198,2,38,20,2,11,0,1,0,0,0,0,0,0,0,0,0,0,0,0,0,0,,,,,
Carson Wentz,QB,PHI,11,SEA,218,2,45,23,2,2,0,1,0,0,0,0,0,0,1,0,0,0,0,0,0,0,,,,,
Cecil Shorts,WR,TB,11,KC,0,0,0,0,0,0,0,0,5,62,0,7,0,0,0,0,0,0,0,0,0,0,,,,,
Chad Henne,QB,JAX,11,DET,0,0,0,0,0,-2,0,1,0,0,0,0,0,0,0,0,0,0,0,0,0,0,,,,,
Chandler Catanzaro,K,ARI,11,MIN,0,0,0,0,0,0,0,0,0,0,0,0,0,0,0,0,0,1,0,0,0,3,,,,,
Charcandrick West,RB,KC,11,TB,0,0,0,0,0,0,0,0,3,42,0,3,0,0,0,0,0,0,0,0,0,0,,,,,
Charles Clay,TE,BUF,11,CIN,0,0,0,0,0,0,0,0,5,23,0,7,0,0,0,0,0,0,0,0,0,0,,,,,
Chester Rogers,WR,IND,11,TEN,0,0,0,0,0,0,0,0,0,0,0,0,0,0,0,0,0,0,0,0,0,0,,,,,
Chris Boswell,K,PIT,11,CLE,0,0,0,0,0,0,0,0,0,0,0,0,0,0,0,0,1,2,0,0,0,1,,,,,
Chris Conley,WR,KC,11,TB,0,0,0,0,0,0,0,0,4,28,0,8,0,0,0,0,0,0,0,0,0,0,,,,,
Chris Harper,WR,SF,11,NE,0,0,0,0,0,0,0,0,2,35,0,2,0,0,0,0,0,0,0,0,0,0,,,,,
Chris Ivory,RB,JAX,11,DET,0,0,0,0,0,39,0,17,6,75,0,6,0,0,0,0,0,0,0,0,0,0,,,,,
Chris Thompson,RB,WAS,11,GB,0,0,0,0,0,10,0,2,1,9,0,3,0,0,0,0,0,0,0,0,0,0,,,,,
Clive Walford,TE,LV,11,HOU,0,0,0,0,0,0,0,0,2,28,0,4,0,0,0,0,0,0,0,0,0,0,,,,,
Cobi Hamilton,WR,PIT,11,CLE,0,0,0,0,0,0,0,0,2,11,0,5,0,0,0,0,0,0,0,0,0,0,,,,,
Coby Fleener,TE,NO,11,CAR,0,0,0,0,0,0,0,0,3,17,1,5,0,0,0,0,0,0,0,0,0,0,,,,,
Cody Kessler,QB,CLE,11,PIT,128,0,14,7,1,2,0,1,0,0,0,0,0,0,0,0,0,0,0,0,0,0,,,,,
Cody Parkey,K,CLE,11,PIT,0,0,0,0,0,0,0,0,0,0,0,0,0,0,0,0,1,0,0,0,0,0,,,,,
Cole Beasley,WR,DAL,11,BAL,0,0,0,0,0,0,0,0,5,59,1,6,0,0,0,0,0,0,0,0,0,0,,,,,
Colin Kaepernick,QB,SF,11,NE,206,2,30,16,0,32,0,4,0,0,0,0,0,0,0,0,0,0,0,0,0,0,,,,,
Connor Barth,K,CHI,11,NYG,0,0,0,0,0,0,0,0,0,0,0,0,0,0,0,0,0,0,1,0,0,1,,,,,
Cordarrelle Patterson,RB,MIN,11,ARI,0,0,0,0,0,0,0,0,4,53,0,8,1,0,0,0,0,0,0,0,0,0,,,,,
Corey Brown,WR,CAR,11,NO,0,0,0,0,0,0,0,0,0,0,0,3,0,0,0,0,0,0,0,0,0,0,,,,,
Corey Coleman,WR,CLE,11,PIT,0,0,0,0,0,0,0,0,4,39,0,12,0,0,0,0,0,0,0,0,0,0,,,,,
DAL,DEF,DAL,11,BAL,,,,,,,,,,,,,,,,,,,,,,,0,0,0,0,17.0
DET,DEF,DET,11,JAX,,,,,,,,,,,,,,,,,,,,,,,1,0,0,0,19.0
Dak Prescott,QB,DAL,11,BAL,301,3,36,27,0,16,0,2,0,0,0,0,0,0,0,0,0,0,0,0,0,0,,,,,
Damien Williams,RB,MIA,11,LA,0,0,0,0,0,0,0,0,0,0,0,1,0,0,0,0,0,0,0,0,0,0,,,,,
Dan Bailey,K,DAL,11,BAL,0,0,0,0,0,0,0,0,0,0,0,0,0,0,0,0,1,1,0,0,0,3,,,,,
Dan Carpenter,K,BUF,11,CIN,0,0,0,0,0,0,0,0,0,0,0,0,0,0,0,0,2,0,0,1,0,1,,,,,
Danny Amendola,WR,NE,11,SF,0,0,0,0,0,0,0,0,2,2,1,3,0,0,0,0,0,0,0,0,0,0,,,,,
Darren Fells,TE,ARI,11,MIN,0,0,0,0,0,0,0,0,1,22,0,1,0,0,0,0,0,0,0,0,0,0,,,,,
Darren Sproles,RB,PHI,11,SEA,0,0,0,0,0,15,0,2,1,6,0,1,0,0,0,0,0,0,0,0,0,0,,,,,
Davante Adams,WR,GB,11,WAS,0,0,0,0,0,0,0,0,3,42,0,6,0,0,0,0,0,0,0,0,0,0,,,,,
David Johnson,TE,PIT,11,CLE,0,0,0,0,0,0,0,0,0,0,0,0,0,0,1,0,0,0,0,0,0,0,,,,,
David Johnson,RB,ARI,11,MIN,0,0,0,0,0,103,1,22,7,57,1,11,0,0,0,0,0,0,0,0,0,0,,,,,
De'Anthony Thomas,WR,KC,11,TB,0,0,0,0,0,0,0,0,0,0,0,0,0,0,0,0,0,0,0,0,0,0,,,,,
DeAndre Hopkins,WR,HOU,11,LV,0,0,0,0,0,0,0,0,5,58,0,6,0,0,0,0,0,0,0,0,0,0,,,,,
DeAndre Washington,RB,LV,11,HOU,0,0,0,0,0,0,0,1,0,0,0,1,0,0,0,0,0,0,0,0,0,0,,,,,
DeMarco Murray,RB,TEN,11,IND,0,0,0,0,0,70,0,21,3,9,1,3,0,0,0,0,0,0,0,0,0,0,,,,,
DeSean Jackson,WR,WAS,11,GB,0,0,0,0,0,0,0,0,4,51,1,6,0,0,0,0,0,0,0,0,0,0,,,,,
DeVante Parker,WR,MIA,11,LA,0,0,0,0,0,0,0,0,8,79,1,10,0,0,0,0,0,0,0,0,0,0,,,,,
Delanie Walker,TE,TEN,11,IND,0,0,0,0,0,0,0,0,4,36,0,6,0,0,0,0,0,0,0,0,0,0,,,,,
Denard Robinson,RB,JAX,11,DET,0,0,0,0,0,21,0,3,1,4,0,1,0,0,0,0,0,0,0,0,0,0,,,,,
Dennis Pitta,TE,BAL,11,DAL,0,0,0,0,0,0,0,0,3,30,0,5,0,0,0,0,0,0,0,0,0,0,,,,,
Deonte Thompson,WR,CHI,11,NYG,0,0,0,0,0,0,0,0,1,10,0,1,0,0,0,0,0,0,0,0,0,0,,,,,
Derek Carr,QB,LV,11,HOU,295,3,31,21,1,-2,0,2,0,0,0,0,0,0,0,0,0,0,0,0,0,0,,,,,
Devin Funchess,WR,CAR,11,NO,0,0,0,0,0,0,0,0,2,32,0,7,0,0,0,0,0,0,0,0,0,0,,,,,
Devin Hester,WR,BAL,11,DAL,0,0,0,0,0,0,0,0,0,0,0,0,0,0,0,0,0,0,0,0,0,0,,,,,
Dez Bryant,WR,DAL,11,BAL,0,0,0,0,0,0,0,0,6,80,2,8,0,0,0,0,0,0,0,0,0,0,,,,,
Dion Lewis,RB,NE,11,SF,0,0,0,0,0,23,0,5,3,26,0,5,0,0,0,0,0,0,0,0,0,0,,,,,
Dion Sims,TE,MIA,11,LA,0,0,0,0,0,0,0,0,3,20,0,4,0,0,0,0,0,0,0,0,0,0,,,,,
Donte Moncrief,WR,IND,11,TEN,0,0,0,0,0,0,0,0,4,37,1,7,0,0,0,0,0,0,0,0,0,0,,,,,
Dorial Green-Beckham,WR,PHI,11,SEA,0,0,0,0,0,0,0,0,5,54,1,8,0,0,0,0,0,0,0,0,0,0,,,,,
Doug Baldwin,WR,SEA,11,PHI,15,1,1,1,0,0,0,0,4,104,0,5,0,0,0,0,0,0,0,0,0,0,,,,,
Doug Martin,RB,TB,11,KC,0,0,0,0,0,63,0,24,3,42,0,4,0,0,0,0,0,0,0,0,0,0,,,,,
Drew Brees,QB,NO,11,CAR,285,2,44,35,1,0,0,2,0,0,0,0,0,0,0,0,0,0,0,0,0,0,,,,,
DuJuan Harris,RB,SF,11,NE,0,0,0,0,0,4,0,4,0,0,0,0,0,0,0,0,0,0,0,0,0,0,,,,,
Duke Johnson,RB,CLE,11,PIT,0,0,0,0,0,10,0,2,3,46,0,4,0,0,0,0,0,0,0,0,0,0,,,,,
Dustin Hopkins,K,WAS,11,GB,0,0,0,0,0,0,0,0,0,0,0,0,0,0,0,0,0,1,0,0,0,3,,,,,
Dwayne Allen,TE,IND,11,TEN,0,0,0,0,0,0,0,0,0,0,0,2,0,0,0,0,0,0,0,0,0,0,,,,,
Dwayne Harris,WR,NYG,11,CHI,0,0,0,0,0,0,0,0,0,0,0,0,0,0,0,0,0,0,0,0,0,0,,,,,
Dwayne Washington,RB,DET,11,JAX,0,0,0,0,0,6,0,13,2,15,0,2,0,0,0,0,0,0,0,0,0,0,,,,,
Ed Dickson,TE,CAR,11,NO,0,0,0,0,0,0,0,0,0,0,0,1,0,0,0,0,0,0,0,0,0,0,,,,,
Eddie Royal,WR,CHI,11,NYG,0,0,0,0,0,0,0,0,2,13,0,3,0,0,0,0,0,0,0,0,0,0,,,,,
Eli Manning,QB,NYG,11,CHI,227,2,36,21,0,1,0,4,0,0,0,0,0,0,0,0,0,0,0,0,0,0,,,,,
Eli Rogers,WR,PIT,11,CLE,0,0,0,0,0,0,0,0,4,20,0,6,0,0,0,0,0,0,0,0,0,0,,,,,
Eric Ebron,TE,DET,11,JAX,0,0,0,0,0,1,1,1,3,70,0,5,0,0,0,0,0,0,0,0,0,0,,,,,
Erik Swoope,TE,IND,11,TEN,0,0,0,0,0,0,0,0,0,0,0,0,0,0,0,0,0,0,0,0,0,0,,,,,
Ezekiel Elliott,RB,DAL,11,BAL,0,0,0,0,0,97,0,25,4,30,0,5,0,0,0,0,0,0,0,0,0,0,,,,,
Fozzy Whittaker,RB,CAR,11,NO,0,0,0,0,0,0,0,1,0,0,0,0,0,0,0,0,0,0,0,0,0,0,,,,,
Frank Gore,RB,IND,11,TEN,0,0,0,0,0,50,0,18,4,71,0,4,0,0,0,0,0,0,0,0,0,0,,,,,
GB,DEF,GB,11,WAS,,,,,,,,,,,,,,,,,,,,,,,0,0,0,0,42.0
Garrett Celek,TE,SF,11,NE,0,0,0,0,0,0,0,0,3,41,0,3,0,0,0,0,0,0,0,0,0,0,,,,,
Gary Barnidge,TE,CLE,11,PIT,0,0,0,0,0,0,0,0,2,23,1,6,0,0,0,0,0,0,0,0,0,0,,,,,
Gavin Escobar,TE,DAL,11,BAL,0,0,0,0,0,0,0,0,2,21,0,3,0,0,0,0,0,0,0,0,0,0,,,,,
George Atkinson,RB,CLE,11,PIT,0,0,0,0,0,0,0,0,0,0,0,0,0,0,0,0,0,0,0,0,0,0,,,,,
Geronimo Allison,WR,GB,11,WAS,0,0,0,0,0,0,0,0,0,0,0,1,0,0,0,0,0,0,0,0,0,0,,,,,
Giovani Bernard,RB,CIN,11,BUF,0,0,0,0,0,21,0,7,5,40,0,8,0,0,0,0,0,0,0,0,0,0,,,,,
Golden Tate,WR,DET,11,JAX,0,0,0,0,0,-6,0,1,3,27,0,4,0,0,0,0,0,0,0,0,0,0,,,,,
Graham Gano,K,CAR,11,NO,0,0,0,0,0,0,0,0,0,0,0,0,0,0,0,0,0,1,2,0,0,2,,,,,
Greg Olsen,TE,CAR,11,NO,0,0,0,0,0,0,0,0,4,33,0,7,0,0,0,0,0,0,0,0,0,0,,,,,
Greg Zuerlein,K,LA,11,MIA,0,0,0,0,0,0,0,0,0,0,0,0,0,0,0,0,0,0,1,0,0,1,,,,,
HOU,DEF,HOU,11,LV,,,,,,,,,,,,,,,,,,,,,,,0,0,0,0,27.0
Harry Douglas,WR,TEN,11,IND,0,0,0,0,0,0,0,0,1,3,0,1,0,0,0,0,0,0,0,0,0,0,,,,,
IND,DEF,IND,11,TEN,,,,,,,,,,,,,,,,,,,,,,,0,0,0,0,17.0
Isaiah Crowell,RB,CLE,11,PIT,0,0,0,0,0,10,0,8,5,13,0,5,0,0,0,0,0,0,0,0,0,0,,,,,
J.J. Nelson,WR,ARI,11,MIN,0,0,0,0,0,0,0,0,1,0,0,5,0,0,0,0,0,0,0,0,0,0,,,,,
JAX,DEF,JAX,11,DET,,,,,,,,,,,,,,,,,,,,,,,0,0,0,0,26.0
Jack Doyle,TE,IND,11,TEN,0,0,0,0,0,0,0,0,1,7,0,2,0,0,0,0,0,0,0,0,0,0,,,,,
Jake Lampman,WR,NO,11,CAR,0,0,0,0,0,0,0,0,0,0,0,0,0,0,0,0,0,0,0,0,0,0,,,,,
Jakeem Grant,WR,MIA,11,LA,0,0,0,0,0,0,0,0,0,0,0,0,0,0,0,0,0,0,0,0,0,0,,,,,
Jalen Richard,RB,LV,11,HOU,0,0,0,0,0,2,0,3,3,50,1,3,0,0,0,0,0,0,0,0,0,0,,,,,
Jalston Fowler,RB,TEN,11,IND,0,0,0,0,0,0,0,0,0,0,0,0,0,0,0,0,0,0,0,0,0,0,,,,,
Jameis Winston,QB,TB,11,KC,331,1,39,24,0,22,0,5,0,0,0,0,0,0,0,0,0,0,0,0,0,0,,,,,
James O'Shaughnessy,TE,KC,11,TB,0,0,0,0,0,0,0,0,0,0,0,0,0,0,0,0,0,0,0,0,0,0,,,,,
James Starks,RB,GB,11,WAS,0,0,0,0,0,25,0,9,5,46,1,6,0,0,0,0,0,0,0,0,0,0,,,,,
James White,RB,NE,11,SF,0,0,0,0,0,0,0,0,6,63,1,6,0,0,0,0,0,0,0,0,0,0,,,,,
James Wright,WR,CIN,11,BUF,0,0,0,0,0,0,0,0,2,22,0,3,0,0,0,0,0,0,0,0,0,0,,,,,
Jamison Crowder,WR,WAS,11,GB,0,0,0,0,0,0,0,0,3,102,1,3,0,0,0,0,0,0,0,0,0,0,,,,,
Jamize Olawale,RB,LV,11,HOU,0,0,0,0,0,-3,0,2,3,90,1,3,0,0,0,0,0,0,0,0,0,0,,,,,
Jared Cook,TE,GB,11,WAS,0,0,0,0,0,0,0,0,6,105,1,11,0,0,0,0,0,0,0,0,0,0,,,,,
Jared Goff,QB,LA,11,MIA,134,0,31,17,0,11,0,4,0,0,0,0,0,0,0,0,0,0,0,0,0,0,,,,,
Jarvis Landry,WR,MIA,11,LA,0,0,0,0,0,0,0,0,5,28,1,5,0,0,0,0,0,0,0,0,0,0,,,,,
Jason Myers,K,JAX,11,DET,0,0,0,0,0,0,0,0,0,0,0,0,0,0,0,0,1,0,0,1,0,1,,,,,
Jason Witten,TE,DAL,11,BAL,0,0,0,0,0,0,0,0,5,37,0,7,0,0,0,0,0,0,0,0,0,0,,,,,
Jay Ajayi,RB,MIA,11,LA,0,0,0,0,0,77,0,16,3,7,0,4,0,0,0,0,0,0,0,0,0,0,,,,,
Jay Cutler,QB,CHI,11,NYG,252,1,30,17,1,3,0,1,0,0,0,0,0,0,0,0,0,0,0,0,0,0,,,,,
Jeff Janis,WR,GB,11,WAS,0,0,0,0,0,0,0,0,0,0,0,1,0,0,0,0,0,0,0,0,0,0,,,,,
Jerell Adams,TE,NYG,11,CHI,0,0,0,0,0,0,0,0,0,0,0,1,0,0,0,0,0,0,0,0,0,0,,,,,
Jeremy Hill,RB,CIN,11,BUF,0,0,0,0,0,62,0,16,2,1,0,2,0,0,0,0,0,0,0,0,0,0,,,,,
Jeremy Kerley,WR,SF,11,NE,0,0,0,0,0,0,0,0,0,0,0,6,0,0,0,0,0,0,0,0,0,0,,,,,
Jeremy Langford,RB,CHI,11,NYG,0,0,0,0,0,8,1,6,3,30,0,3,0,0,0,0,0,0,0,0,0,0,,,,,
Jerick McKinnon,RB,MIN,11,ARI,0,0,0,0,0,44,0,16,1,-3,0,1,0,0,0,0,0,0,0,0,0,0,,,,,
Jermaine Gresham,TE,ARI,11,MIN,0,0,0,0,0,0,0,0,2,33,1,2,0,0,0,0,0,0,0,0,0,0,,,,,
Jermaine Kearse,WR,SEA,11,PHI,0,0,0,0,0,0,0,0,2,29,0,6,0,0,0,0,0,0,0,0,0,0,,,,,
Jesse James,TE,PIT,11,CLE,0,0,0,0,0,0,0,0,1,5,0,4,0,0,0,0,0,0,0,0,0,0,,,,,
Jimmy Graham,TE,SEA,11,PHI,0,0,0,0,0,0,0,0,3,46,1,5,0,0,0,0,0,0,0,0,0,0,,,,,
Joe Flacco,QB,BAL,11,DAL,269,1,35,23,0,6,0,1,0,0,0,0,0,0,0,0,0,0,0,0,0,0,,,,,
Joe Webb,QB,CAR,11,NO,0,0,0,0,0,0,0,0,0,0,0,0,0,0,0,0,0,0,0,0,0,0,,,,,
John Brown,WR,ARI,11,MIN,0,0,0,0,0,0,0,0,0,0,0,4,0,0,0,0,0,0,0,0,0,0,,,,,
John Phillips,TE,NO,11,CAR,0,0,0,0,0,0,0,0,1,0,0,1,0,0,0,0,0,0,0,0,0,0,,,,,
Jonathan Stewart,RB,CAR,11,NO,0,0,0,0,0,31,1,18,1,8,0,4,0,0,0,0,0,0,0,0,0,0,,,,,
Jonathan Williams,RB,BUF,11,CIN,0,0,0,0,0,26,0,4,1,0,0,1,0,0,0,0,0,0,0,0,0,0,,,,,
Jordan Howard,RB,CHI,11,NYG,0,0,0,0,0,77,0,17,1,22,0,8,0,0,0,0,0,0,0,0,0,0,,,,,
Jordan Matthews,TE,PHI,11,SEA,0,0,0,0,0,0,0,0,5,59,0,10,0,0,0,0,0,0,0,0,0,0,,,,,
Jordan Reed,TE,WAS,11,GB,0,0,0,0,0,0,0,0,5,79,0,6,0,0,0,0,0,0,0,0,0,0,,,,,
Jordan Todman,RB,IND,11,TEN,0,0,0,0,0,0,0,0,0,0,0,1,0,0,0,0,0,0,0,0,0,0,,,,,
Jordy Nelson,WR,GB,11,WAS,0,0,0,0,0,0,0,0,3,28,1,5,0,0,0,0,0,0,0,0,0,0,,,,,
Josh Bellamy,WR,CHI,11,NYG,0,0,0,0,0,0,0,0,2,32,0,2,0,0,0,0,0,0,0,0,0,0,,,,,
Josh Ferguson,RB,IND,11,TEN,0,0,0,0,0,0,0,0,0,0,0,0,0,0,0,0,0,0,0,0,0,0,,,,,
Josh Hill,TE,NO,11,CAR,0,0,0,0,0,0,0,0,0,0,0,2,0,0,0,0,0,0,0,0,0,0,,,,,
Josh McCown,QB,CLE,11,PIT,118,1,27,14,0,11,0,2,0,0,0,0,0,0,0,0,0,0,0,0,0,0,,,,,
Julian Edelman,WR,NE,11,SF,0,0,0,0,0,12,0,2,8,77,1,17,0,0,0,0,0,0,0,0,0,0,,,,,
Julius Thomas,TE,JAX,11,DET,0,0,0,0,0,0,0,0,3,12,0,5,0,0,0,0,0,0,0,0,0,0,,,,,
Justin Tucker,K,BAL,11,DAL,0,0,0,0,0,0,0,0,0,0,0,0,0,0,0,0,0,0,1,0,0,2,,,,,
KC,DEF,KC,11,TB,,,,,,,,,,,,,,,,,,,,,,,0,0,0,0,19.0
Kai Forbath,K,MIN,11,ARI,0,0,0,0,0,0,0,0,0,0,0,0,0,0,0,0,1,0,0,0,0,3,,,,,
Kamar Aiken,WR,BAL,11,DAL,0,0,0,0,0,0,0,0,3,35,0,5,0,0,0,0,0,0,0,0,0,0,,,,,
Keith Mumphery,WR,HOU,11,LV,0,0,0,0,0,0,0,0,2,12,0,2,0,0,0,0,0,0,0,0,0,0,,,,,
Kelvin Benjamin,WR,CAR,11,NO,0,0,0,0,0,0,0,0,3,56,0,4,0,0,0,0,0,0,0,0,0,0,,,,,
Kendall Wright,WR,TEN,11,IND,0,0,0,0,0,0,0,0,4,52,0,6,0,0,0,0,0,0,0,0,0,0,,,,,
Kenjon Barner,RB,PHI,11,SEA,0,0,0,0,0,17,0,3,0,0,0,1,0,0,0,0,0,0,0,0,0,0,,,,,
Kenneth Dixon,RB,BAL,11,DAL,0,0,0,0,0,40,0,6,0,0,0,1,0,0,0,0,0,0,0,0,0,0,,,,,
Kenny Britt,WR,LA,11,MIA,0,0,0,0,0,0,0,0,5,43,0,7,0,0,0,0,0,0,0,0,0,0,,,,,
Kenny Stills,WR,MIA,11,LA,0,0,0,0,0,0,0,0,4,33,0,9,0,0,0,0,0,0,0,0,0,0,,,,,
Kenyan Drake,RB,MIA,11,LA,0,0,0,0,0,2,0,1,0,0,0,0,0,0,0,0,0,0,0,0,0,0,,,,,
Kirk Cousins,QB,WAS,11,GB,375,3,30,21,0,4,0,4,0,0,0,0,0,0,0,0,0,0,0,0,0,0,,,,,
Knile Davis,RB,KC,11,TB,0,0,0,0,0,0,0,0,0,0,0,0,0,0,0,0,0,0,0,0,0,0,,,,,
Kyle Juszczyk,RB,BAL,11,DAL,0,0,0,0,0,0,0,0,3,32,0,3,0,0,0,0,0,0,0,0,0,0,,,,,
Kyle Rudolph,TE,MIN,11,ARI,0,0,0,0,0,0,0,0,2,12,0,3,0,0,0,0,0,0,0,0,0,0,,,,,
LA,DEF,LA,11,MIA,,,,,,,,,,,,,,,,,,,,,,,0,0,0,0,14.0
LV,DEF,LV,11,HOU,,,,,,,,,,,,,,,,,,,,,,,0,0,0,0,0.0
Ladarius Green,TE,PIT,11,CLE,0,0,0,0,0,0,0,0,0,0,0,2,0,0,0,0,0,0,0,0,0,0,,,,,
Lamar Miller,RB,HOU,11,LV,0,0,0,0,0,104,1,24,2,9,0,3,0,0,0,0,0,0,0,0,0,0,,,,,
Lance Dunbar,RB,DAL,11,BAL,0,0,0,0,0,2,0,1,2,14,0,3,0,0,0,0,0,0,0,0,0,0,,,,,
Lance Kendricks,TE,LA,11,MIA,0,0,0,0,0,0,0,0,4,38,0,7,0,0,0,0,0,0,0,0,0,0,,,,,
Larry Fitzgerald,WR,ARI,11,MIN,0,0,0,0,0,0,0,0,6,63,0,7,0,0,0,0,0,0,0,0,0,0,,,,,
Latavius Murray,RB,LV,11,HOU,0,0,0,0,0,33,0,12,5,59,0,5,0,0,0,0,0,0,0,0,0,0,,,,,
Le'Veon Bell,RB,PIT,11,CLE,0,0,0,0,0,146,1,28,8,55,0,9,0,0,0,0,0,0,0,0,0,0,,,,,
LeGarrette Blount,RB,NE,11,SF,0,0,0,0,0,124,0,19,0,0,0,0,0,0,0,0,0,0,0,0,0,0,,,,,
LeSean McCoy,RB,BUF,11,CIN,0,0,0,0,0,33,1,5,2,12,0,3,0,0,0,0,0,0,0,0,0,0,,,,,
Logan Paulsen,TE,CHI,11,NYG,0,0,0,0,0,0,0,0,0,0,0,1,0,0,0,0,0,0,0,0,0,0,,,,,
Lucky Whitehead,WR,DAL,11,BAL,0,0,0,0,0,0,0,0,0,0,0,0,0,0,0,0,0,0,0,0,0,0,,,,,
Luke Willson,TE,SEA,11,PHI,0,0,0,0,0,0,0,0,1,12,0,1,0,0,0,0,0,0,0,0,0,0,,,,,
MIA,DEF,MIA,11,LA,,,,,,,,,,,,,,,,,,,,,,,0,0,0,0,10.0
MIN,DEF,MIN,11,ARI,,,,,,,,,,,,,,,,,,,,,,,1,0,0,0,24.0
Malcolm Brown,RB,LA,11,MIA,0,0,0,0,0,0,0,0,0,0,0,0,0,0,0,0,0,0,0,0,0,0,,,,,
Malcolm Mitchell,WR,NE,11,SF,0,0,0,0,0,0,0,0,4,98,1,5,0,0,0,0,0,0,0,0,0,0,,,,,
MarQueis Gray,TE,MIA,11,LA,0,0,0,0,0,0,0,0,1,5,0,1,0,0,0,0,0,0,0,0,0,0,,,,,
Marc Mariani,WR,TEN,11,IND,0,0,0,0,0,0,0,0,0,0,0,0,0,0,0,0,0,0,0,0,0,0,,,,,
Marcedes Lewis,TE,JAX,11,DET,0,0,0,0,0,0,0,0,2,16,0,2,0,0,0,0,0,0,0,0,0,0,,,,,
Marcus Mariota,QB,TEN,11,IND,290,2,38,25,0,29,0,5,0,0,0,0,0,0,0,0,0,0,0,0,0,0,,,,,
Marcus Murphy,RB,NO,11,CAR,0,0,0,0,0,0,0,0,1,3,0,1,0,0,0,0,0,0,0,0,0,0,,,,,
Mark Ingram,RB,NO,11,CAR,0,0,0,0,0,28,0,7,3,47,0,4,0,0,0,0,0,0,0,0,0,0,,,,,
Marqise Lee,WR,JAX,11,DET,0,0,0,0,0,6,0,1,4,52,1,8,0,0,0,0,0,0,0,0,0,0,,,,,
Marquess Wilson,WR,CHI,11,NYG,0,0,0,0,0,0,0,0,1,35,0,4,0,0,0,0,0,0,0,0,0,0,,,,,
Marquise Goodwin,WR,BUF,11,CIN,0,0,0,0,0,0,0,0,2,15,0,3,0,0,0,0,0,0,0,0,0,0,,,,,
Martellus Bennett,TE,NE,11,SF,0,0,0,0,0,0,0,0,1,14,0,2,0,0,0,0,0,0,0,0,0,0,,,,,
Marvin Jones,WR,DET,11,JAX,0,0,0,0,0,0,0,0,1,15,0,2,0,0,0,0,0,0,0,0,0,0,,,,,
Mason Crosby,K,GB,11,WAS,0,0,0,0,0,0,0,0,0,0,0,0,0,0,0,0,0,1,0,0,0,3,,,,,
Matt Asiata,RB,MIN,11,ARI,0,0,0,0,0,20,1,5,1,7,0,1,0,0,0,0,0,0,0,0,0,0,,,,,
Matt Prater,K,DET,11,JAX,0,0,0,0,0,0,0,0,0,0,0,0,0,0,0,0,1,0,1,0,0,2,,,,,
Matthew Stafford,QB,DET,11,JAX,278,0,33,24,0,0,0,2,0,0,0,0,0,0,0,0,0,0,0,0,0,0,,,,,
Maurice Harris,WR,WAS,11,GB,0,0,0,0,0,0,0,0,1,14,0,1,0,0,0,0,0,0,0,0,0,0,,,,,
Michael Crabtree,WR,LV,11,HOU,0,0,0,0,0,0,0,0,3,5,0,7,0,0,0,0,0,0,0,0,0,0,,,,,
Michael Floyd,WR,ARI,11,MIN,0,0,0,0,0,0,0,0,2,21,0,5,0,0,0,0,0,0,0,0,0,0,,,,,
Michael Thomas,WR,NO,11,CAR,0,0,0,0,0,0,0,0,5,68,0,5,0,0,0,0,0,0,0,0,0,0,,,,,
Mike Evans,WR,TB,11,KC,0,0,0,0,0,0,0,0,6,105,0,13,0,0,0,0,0,0,0,0,0,0,,,,,
Mike Gillislee,RB,BUF,11,CIN,0,0,0,0,0,72,0,14,0,0,0,1,0,0,0,0,0,0,0,0,0,0,,,,,
Mike James,RB,TB,11,KC,0,0,0,0,0,9,0,1,0,0,0,0,0,0,0,0,0,0,0,0,0,0,,,,,
Mike Nugent,K,CIN,11,BUF,0,0,0,0,0,0,0,0,0,0,0,0,0,0,0,0,0,0,0,0,0,0,,,,,
Mike Wallace,WR,BAL,11,DAL,0,0,0,0,0,13,0,1,5,62,0,10,0,0,0,0,0,0,0,0,0,0,,,,,
NE,DEF,NE,11,SF,,,,,,,,,,,,,,,,,,,,,,,0,0,0,0,17.0
NO,DEF,NO,11,CAR,,,,,,,,,,,,,,,,,,,,,,,0,0,0,0,23.0
NYG,DEF,NYG,11,CHI,,,,,,,,,,,,,,,,,,,,,,,0,0,0,0,16.0
Nelson Agholor,WR,PHI,11,SEA,0,0,0,0,0,0,0,0,0,0,0,3,0,0,1,0,0,0,0,0,0,0,,,,,
Nick Novak,K,HOU,11,LV,0,0,0,0,0,0,0,0,0,0,0,0,0,0,0,0,1,1,0,0,0,2,,,,,
Odell Beckham Jr.,WR,NYG,11,CHI,0,0,0,0,0,0,0,0,5,46,0,7,0,0,0,0,0,0,0,0,0,0,,,,,
Orleans Darkwa,RB,NYG,11,CHI,0,0,0,0,0,0,0,0,0,0,0,0,0,0,0,0,0,0,0,0,0,0,,,,,
PHI,DEF,PHI,11,SEA,,,,,,,,,,,,,,,,,,,,,,,0,0,0,0,26.0
PIT,DEF,PIT,11,CLE,,,,,,,,,,,,,,,,,,,,,,,0,0,0,0,9.0
Paul Perkins,RB,NYG,11,CHI,0,0,0,0,0,16,0,4,2,19,0,2,0,0,0,0,0,0,0,0,0,0,,,,,
Paul Richardson,WR,SEA,11,PHI,0,0,0,0,0,0,0,0,1,6,0,3,0,0,0,0,0,0,0,0,0,0,,,,,
Percy Harvin,WR,BUF,11,CIN,0,0,0,0,0,11,0,1,2,6,0,4,0,0,0,0,0,0,0,0,0,0,,,,,
Peyton Barber,RB,TB,11,KC,0,0,0,0,0,22,0,4,0,0,0,0,0,0,0,0,0,0,0,0,0,0,,,,,
Pharoh Cooper,WR,LA,11,MIA,0,0,0,0,0,0,0,0,1,10,0,1,0,0,0,0,0,0,0,0,0,0,,,,,
Phil Dawson,K,SF,11,NE,0,0,0,0,0,0,0,0,0,0,0,0,0,0,0,0,0,1,0,0,0,2,,,,,
Phillip Dorsett,WR,IND,11,TEN,0,0,0,0,0,0,0,0,1,50,0,3,0,0,0,0,0,0,0,0,0,0,,,,,
Pierre Garcon,WR,WAS,11,GB,0,0,0,0,0,0,0,0,6,116,1,7,0,0,0,0,0,0,0,0,0,0,,,,,
Quinton Patton,WR,SF,11,NE,0,0,0,0,0,0,0,0,2,17,0,5,0,0,0,0,0,0,0,0,0,0,,,,,
Randall Cobb,WR,GB,11,WAS,0,0,0,0,0,0,0,0,3,84,0,5,0,0,0,0,0,0,0,0,0,0,,,,,
Rashad Greene,WR,JAX,11,DET,0,0,0,0,0,0,0,0,0,0,0,0,0,0,0,0,0,0,0,0,0,0,,,,,
Rashad Jennings,RB,NYG,11,CHI,0,0,0,0,0,85,1,21,5,44,0,6,0,0,0,0,0,0,0,0,0,0,,,,,
Rashard Higgins,WR,CLE,11,PIT,0,0,0,0,0,0,0,0,0,0,0,1,0,0,0,0,0,0,0,0,0,0,,,,,
Reggie Bush,RB,BUF,11,CIN,0,0,0,0,0,0,0,0,2,21,0,2,0,0,0,0,0,0,0,0,0,0,,,,,
Rex Burkhead,RB,CIN,11,BUF,0,0,0,0,0,0,0,0,1,14,0,1,0,0,0,0,0,0,0,0,0,0,,,,,
Rhett Ellison,TE,MIN,11,ARI,0,0,0,0,0,0,0,0,1,-2,0,3,0,0,0,0,0,0,0,0,0,0,,,,,
Richard Rodgers,TE,GB,11,WAS,0,0,0,0,0,0,0,0,4,28,0,4,0,0,0,0,0,0,0,0,0,0,,,,,
Rishard Matthews,WR,TEN,11,IND,0,0,0,0,0,0,0,0,9,122,0,13,0,0,0,0,0,0,0,0,0,0,,,,,
Rob Kelley,RB,WAS,11,GB,0,0,0,0,0,137,3,24,0,0,0,2,0,0,0,0,0,0,0,0,0,0,,,,,
Robbie Gould,K,NYG,11,CHI,0,0,0,0,0,0,0,0,0,0,0,0,0,0,0,0,0,0,1,0,0,1,,,,,
Robert Turbin,RB,IND,11,TEN,0,0,0,0,0,4,1,2,0,0,0,0,0,0,0,0,0,0,0,0,0,0,,,,,
Robert Woods,WR,BUF,11,CIN,0,0,0,0,0,0,0,0,3,41,0,3,0,0,0,0,0,0,0,0,0,0,,,,,
Roberto Aguayo,K,TB,11,KC,0,0,0,0,0,0,0,0,0,0,0,0,0,0,0,0,1,2,1,0,0,1,,,,,
Rod Streater,WR,SF,11,NE,0,0,0,0,0,0,0,0,0,0,0,1,0,0,0,0,0,0,0,0,0,0,,,,,
Roger Lewis,WR,NYG,11,CHI,0,0,0,0,0,0,0,0,1,8,0,2,0,0,0,0,0,0,0,0,0,0,,,,,
Ronnie Hillman,RB,MIN,11,ARI,0,0,0,0,0,9,0,2,0,0,0,0,0,0,0,0,0,0,0,0,0,0,,,,,
Russell Shepard,WR,TB,11,KC,0,0,0,0,0,0,0,0,3,54,0,4,0,0,0,0,0,0,0,0,0,0,,,,,
Russell Wilson,QB,SEA,11,PHI,272,1,31,18,0,19,0,8,1,15,1,1,0,0,0,0,0,0,0,0,0,0,,,,,
Ryan Grant,WR,WAS,11,GB,0,0,0,0,0,0,0,0,1,4,0,1,0,0,0,0,0,0,0,0,0,0,,,,,
Ryan Griffin,TE,HOU,11,LV,0,0,0,0,0,0,0,0,3,32,0,5,0,0,0,0,0,0,0,0,0,0,,,,,
Ryan Mathews,RB,PHI,11,SEA,0,0,0,0,0,31,0,7,0,0,0,0,0,0,0,0,0,0,0,0,0,0,,,,,
Ryan Succop,K,TEN,11,IND,0,0,0,0,0,0,0,0,0,0,0,0,0,0,0,0,0,0,1,0,0,2,,,,,
Ryan Tannehill,QB,MIA,11,LA,172,2,34,24,1,19,0,2,0,0,0,0,0,0,0,0,0,0,0,0,0,0,,,,,
SEA,DEF,SEA,11,PHI,,,,,,,,,,,,,,,,,,,,,,,0,0,0,0,15.0
SF,DEF,SF,11,NE,,,,,,,,,,,,,,,,,,,,,,,0,0,0,0,30.0
Sam Bradford,QB,MIN,11,ARI,169,1,28,20,0,-1,0,1,0,0,0,0,0,0,0,0,0,0,0,0,0,0,,,,,
Sammie Coates,WR,PIT,11,CLE,0,0,0,0,0,0,0,0,0,0,0,0,0,0,0,0,0,0,0,0,0,0,,,,,
Sebastian Janikowski,K,LV,11,HOU,0,0,0,0,0,0,0,0,0,0,0,0,0,0,0,1,1,0,0,0,0,3,,,,,
Seth DeValve,TE,CLE,11,PIT,0,0,0,0,0,0,0,0,1,8,0,1,0,0,0,0,0,0,0,0,0,0,,,,,
Seth Roberts,WR,LV,11,HOU,0,0,0,0,0,0,0,0,1,6,0,3,0,0,0,0,0,0,0,0,0,0,,,,,
Shaun Draughn,RB,SF,11,NE,0,0,0,0,0,0,0,0,3,43,1,3,0,0,0,0,0,0,0,0,0,0,,,,,
Spencer Ware,RB,KC,11,TB,0,0,0,0,0,69,0,17,2,16,0,2,0,0,0,0,0,0,0,0,0,0,,,,,
Stefon Diggs,WR,MIN,11,ARI,0,0,0,0,0,0,0,0,6,37,0,7,0,0,0,0,0,0,0,0,0,0,,,,,
Stephen Anderson,TE,HOU,11,LV,0,0,0,0,0,0,0,0,1,14,0,1,0,0,0,0,0,0,0,0,0,0,,,,,
Stephen Gostkowski,K,NE,11,SF,0,0,0,0,0,0,0,0,0,0,0,0,0,0,0,0,0,1,0,0,0,3,,,,,
Sterling Shepard,WR,NYG,11,CHI,0,0,0,0,0,0,0,0,5,50,1,11,0,0,0,0,0,0,0,0,0,0,,,,,
Steve Smith,WR,BAL,11,DAL,0,0,0,0,0,0,0,0,8,99,1,9,0,0,0,0,0,0,0,0,0,0,,,,,
Steven Hauschka,K,SEA,11,PHI,0,0,0,0,0,0,0,0,0,0,0,0,0,0,0,0,1,1,0,0,0,2,,,,,
T.J. Yeldon,RB,JAX,11,DET,0,0,0,0,0,16,0,4,2,16,0,3,0,0,0,0,0,0,0,0,0,0,,,,,
T.Y. Hilton,WR,IND,11,TEN,0,0,0,0,0,0,0,0,5,97,1,9,0,0,0,0,0,0,0,0,0,0,,,,,
TB,DEF,TB,11,KC,,,,,,,,,,,,,,,,,,,,,,,0,0,0,0,17.0
TEN,DEF,TEN,11,IND,,,,,,,,,,,,,,,,,,,,,,,0,0,0,0,24.0
Taiwan Jones,RB,LV,11,HOU,0,0,0,0,0,0,0,0,0,0,0,0,0,0,0,0,0,0,0,0,0,0,,,,,
Tajae Sharpe,WR,TEN,11,IND,0,0,0,0,0,0,0,0,4,68,1,7,0,0,0,0,0,0,0,0,0,0,,,,,
Tavon Austin,WR,LA,11,MIA,0,0,0,0,0,8,0,2,1,21,0,2,0,0,0,0,0,0,0,0,0,0,,,,,
Ted Ginn,WR,CAR,11,NO,0,0,0,0,0,13,0,1,3,46,1,4,0,0,0,0,0,0,0,0,0,0,,,,,
Terrance West,RB,BAL,11,DAL,0,0,0,0,0,42,1,8,1,11,0,2,0,0,0,0,0,0,0,0,0,0,,,,,
Terrance Williams,WR,DAL,11,BAL,0,0,0,0,0,0,0,0,1,11,0,2,0,0,0,0,0,0,0,0,0,0,,,,,
Terrelle Pryor,WR,CLE,11,PIT,0,0,0,0,0,0,0,0,5,97,0,10,0,0,0,0,0,0,0,0,0,0,,,,,
Theo Riddick,RB,DET,11,JAX,0,0,0,0,0,13,0,4,8,70,0,10,0,0,0,0,0,0,0,0,0,0,,,,,
Thomas Rawls,RB,SEA,11,PHI,0,0,0,0,0,57,0,14,3,31,0,4,0,0,0,0,0,0,0,0,0,0,,,,,
Tim Hightower,RB,NO,11,CAR,0,0,0,0,0,69,0,12,8,57,0,9,0,0,0,0,0,0,0,0,0,0,,,,,
Todd Gurley,RB,LA,11,MIA,0,0,0,0,0,76,1,20,0,0,0,2,0,0,0,0,0,0,0,0,0,0,,,,,
Tom Brady,QB,NE,11,SF,280,4,40,24,0,12,0,4,0,0,0,0,0,0,0,0,0,0,0,0,0,0,,,,,
Travis Kelce,TE,KC,11,TB,0,0,0,0,0,-5,0,1,7,108,0,9,0,0,0,0,0,0,0,0,0,0,,,,,
Trevone Boykin,QB,SEA,11,PHI,0,0,0,0,0,-5,0,1,0,0,0,0,0,0,0,0,0,0,0,0,0,0,,,,,
Trey Burton,TE,PHI,11,SEA,0,0,0,0,0,0,0,0,1,14,0,2,0,0,0,0,0,0,0,0,0,0,,,,,
Troymaine Pope,RB,SEA,11,PHI,0,0,0,0,0,3,0,2,0,0,0,0,0,0,0,0,0,0,0,0,0,0,,,,,
Ty Montgomery,WR,GB,11,WAS,0,0,0,0,0,17,0,4,3,27,0,4,0,0,0,0,0,0,0,0,0,0,,,,,
Tyler Boyd,WR,CIN,11,BUF,0,0,0,0,0,0,0,0,6,54,1,8,0,0,0,0,0,0,0,0,0,0,,,,,
Tyler Eifert,TE,CIN,11,BUF,0,0,0,0,0,0,0,0,3,37,0,6,0,0,0,0,0,0,0,0,0,0,,,,,
Tyler Ervin,RB,HOU,11,LV,0,0,0,0,0,0,0,0,0,0,0,0,0,0,0,0,0,0,0,0,0,0,,,,,
Tyler Higbee,TE,LA,11,MIA,0,0,0,0,0,0,0,0,2,4,0,3,0,0,0,0,0,0,0,0,0,0,,,,,
Tyler Lockett,WR,SEA,11,PHI,0,0,0,0,0,0,0,0,2,39,0,3,0,0,0,0,0,0,0,0,0,0,,,,,
Tyreek Hill,WR,KC,11,TB,0,0,0,0,0,8,0,1,4,53,0,5,0,0,0,0,0,0,0,0,0,0,,,,,
Tyrod Taylor,QB,BUF,11,CIN,166,0,27,19,1,39,0,9,0,0,0,0,0,0,0,0,0,0,0,0,0,0,,,,,
Vance McDonald,TE,SF,11,NE,0,0,0,0,0,0,0,0,3,46,1,6,0,0,0,0,0,0,0,0,0,0,,,,,
Vernon Davis,TE,WAS,11,GB,0,0,0,0,0,0,0,0,0,0,0,1,0,0,0,0,0,0,0,0,0,0,,,,,
Victor Cruz,WR,NYG,11,CHI,0,0,0,0,0,0,0,0,1,48,0,2,0,0,0,0,0,0,0,0,0,0,,,,,
Vince Mayle,TE,DAL,11,BAL,0,0,0,0,0,0,0,0,0,0,0,0,0,0,0,0,0,0,0,0,0,0,,,,,
WAS,DEF,WAS,11,GB,,,,,,,,,,,,,,,,,,,,,,,0,0,0,0,24.0
Wendell Smallwood,RB,PHI,11,SEA,0,0,0,0,0,48,0,13,4,31,0,5,0,0,0,0,0,0,0,0,0,0,,,,,
Wil Lutz,K,NO,11,CAR,0,0,0,0,0,0,0,0,0,0,0,0,0,0,0,0,1,1,0,0,0,2,,,,,
Will Fuller,WR,HOU,11,LV,0,0,0,0,0,0,0,0,1,17,0,4,0,0,0,0,0,0,0,0,0,0,,,,,
Will Tye,TE,NYG,11,CHI,0,0,0,0,0,0,0,0,2,12,1,5,0,0,0,0,0,0,0,0,0,0,,,,,
Willie Snead,WR,NO,11,CAR,0,0,0,0,0,0,0,0,4,33,0,5,0,0,0,0,0,0,0,0,0,0,,,,,
Zach Ertz,TE,PHI,11,SEA,0,0,0,0,0,0,0,0,6,35,1,11,0,0,0,0,0,0,0,0,0,0,,,,,
Zach Miller,TE,CHI,11,NYG,0,0,0,0,0,0,0,0,3,61,1,3,0,0,0,0,0,0,0,0,0,0,,,,,
A.J. Derby,TE,DEN,12,KC,0,0,0,0,0,0,0,0,4,43,0,4,0,0,0,0,0,0,0,0,0,0,,,,,
ARI,DEF,ARI,12,ATL,,,,,,,,,,,,,,,,,,,,,,,0,0,0,0,38.0
ATL,DEF,ATL,12,ARI,,,,,,,,,,,,,,,,,,,,,,,0,0,0,0,19.0
Aaron Burbridge,WR,SF,12,MIA,0,0,0,0,0,0,0,0,0,0,0,0,0,0,0,0,0,0,0,0,0,0,,,,,
Aaron Rodgers,QB,GB,12,PHI,313,2,39,30,0,26,0,6,0,0,0,0,0,0,0,0,0,0,0,0,0,0,,,,,
Adam Humphries,WR,TB,12,SEA,0,0,0,0,0,3,0,2,1,18,0,1,0,0,0,0,0,0,0,0,0,0,,,,,
Adam Thielen,WR,MIN,12,DET,0,0,0,0,0,0,0,0,8,53,0,11,0,0,0,0,0,0,0,0,0,0,,,,,
Adam Vinatieri,K,IND,12,PIT,0,0,0,0,0,0,0,0,0,0,0,0,0,0,0,0,0,0,0,0,0,1,,,,,
Akeem Hunt,RB,HOU,12,LAC,0,0,0,0,0,19,0,2,0,0,0,0,0,0,0,0,0,0,0,0,0,0,,,,,
Alan Cross,TE,TB,12,SEA,0,0,0,0,0,0,0,0,1,10,0,1,0,0,0,0,0,0,0,0,0,0,,,,,
Albert Wilson,WR,KC,12,DEN,0,0,0,0,0,0,0,0,2,6,0,6,0,0,0,0,0,0,0,0,0,0,,,,,
Alex Erickson,WR,CIN,12,BAL,0,0,0,0,0,0,0,0,1,7,0,1,0,0,0,0,0,0,0,0,0,0,,,,,
Alex Smith,QB,KC,12,DEN,220,1,44,26,0,2,0,2,0,0,0,0,0,0,1,0,0,0,0,0,0,0,,,,,
Alfred Morris,RB,DAL,12,WAS,0,0,0,0,0,12,0,1,0,0,0,0,0,0,0,0,0,0,0,0,0,0,,,,,
Allen Hurns,WR,JAX,12,BUF,0,0,0,0,0,0,0,0,1,12,1,7,0,0,0,0,0,0,0,0,0,0,,,,,
Allen Robinson,WR,JAX,12,BUF,0,0,0,0,0,0,0,0,2,24,0,4,0,0,0,0,0,0,0,0,0,0,,,,,
Amari Cooper,WR,LV,12,CAR,0,0,0,0,0,0,0,0,4,22,0,7,0,0,0,0,0,0,0,0,0,0,,,,,
Andre Ellington,RB,ARI,12,ATL,0,0,0,0,0,0,0,0,2,19,0,5,0,0,0,0,0,0,0,0,0,0,,,,,
Andre Holmes,WR,LV,12,CAR,0,0,0,0,0,0,0,0,0,0,0,1,0,0,0,0,0,0,0,0,0,0,,,,,
Andre Roberts,WR,DET,12,MIN,0,0,0,0,0,0,0,0,2,19,0,4,0,0,0,0,0,0,0,0,0,0,,,,,
Andrew Franks,K,MIA,12,SF,0,0,0,0,0,0,0,0,0,0,0,0,0,0,0,0,1,0,0,0,0,4,,,,,
Andrew Hawkins,WR,CLE,12,NYG,0,0,0,0,0,0,0,0,0,0,0,2,0,0,0,0,0,0,0,0,0,0,,,,,
Andy Dalton,QB,CIN,12,BAL,283,1,48,26,0,14,0,3,0,0,0,0,0,0,0,0,0,0,0,0,0,0,,,,,
Anquan Boldin,WR,DET,12,MIN,0,0,0,0,0,0,0,0,7,69,1,9,0,0,0,0,0,0,0,0,0,0,,,,,
Anthony Fasano,TE,TEN,12,CHI,0,0,0,0,0,0,0,0,0,0,0,1,0,0,0,0,0,0,0,0,0,0,,,,,
Antonio Brown,WR,PIT,12,IND,0,0,0,0,0,0,0,0,5,91,3,6,0,0,0,0,0,0,0,0,0,0,,,,,
Austin Hooper,TE,ATL,12,ARI,0,0,0,0,0,0,0,0,2,8,0,2,0,0,0,0,0,0,0,0,0,0,,,,,
Austin Seferian-Jenkins,TE,NYJ,12,NE,0,0,0,0,0,0,0,0,1,9,0,2,0,0,0,0,0,0,0,0,0,0,,,,,
BAL,DEF,BAL,12,CIN,,,,,,,,,,,,,,,,,,,,,,,0,0,0,0,14.0
BUF,DEF,BUF,12,JAX,,,,,,,,,,,,,,,,,,,,,,,0,0,0,0,21.0
Ben Braunecker,TE,CHI,12,TEN,0,0,0,0,0,0,0,0,1,14,0,2,0,0,0,0,0,0,0,0,0,0,,,,,
Ben Koyack,TE,JAX,12,BUF,0,0,0,0,0,0,0,0,2,23,0,2,0,0,0,0,0,0,0,0,0,0,,,,,
Ben Roethlisberger,QB,PIT,12,IND,221,3,20,14,0,0,0,0,0,0,0,0,0,0,0,0,0,0,0,0,0,0,,,,,
Bennie Fowler,WR,DEN,12,KC,0,0,0,0,0,0,0,0,1,76,1,2,0,0,0,0,0,0,0,0,0,0,,,,,
Benny Cunningham,RB,LA,12,NO,0,0,0,0,0,0,0,0,1,12,0,1,0,0,0,0,0,0,0,0,0,0,,,,,
Bilal Powell,RB,NYJ,12,NE,0,0,0,0,0,36,0,8,1,7,0,3,0,0,0,0,0,0,0,0,0,0,,,,,
Blake Bell,TE,SF,12,MIA,0,0,0,0,0,0,0,0,0,0,0,1,0,0,0,0,0,0,0,0,0,0,,,,,
Blake Bortles,QB,JAX,12,BUF,126,2,26,13,0,81,0,8,0,0,0,0,0,0,0,0,0,0,0,0,0,0,,,,,
Bobby Rainey,RB,NYG,12,CLE,0,0,0,0,0,0,0,0,0,0,0,0,0,0,0,0,0,0,0,0,0,0,,,,,
Bradley Marquez,WR,LA,12,NO,0,0,0,0,0,0,0,0,1,12,0,1,0,0,0,0,0,0,0,0,0,0,,,,,
Brandon Bostick,TE,NYJ,12,NE,0,0,0,0,0,0,0,0,2,14,0,2,0,0,0,0,0,0,0,0,0,0,,,,,
Brandon Coleman,WR,NO,12,LA,0,0,0,0,0,0,0,0,1,3,1,1,0,0,0,0,0,0,0,0,0,0,,,,,
Brandon LaFell,WR,CIN,12,BAL,0,0,0,0,0,0,0,0,3,38,0,9,0,0,0,0,0,0,0,0,0,0,,,,,
Brandon Marshall,WR,NYJ,12,NE,0,0,0,0,0,0,0,0,6,67,1,9,0,0,0,0,0,0,0,0,0,0,,,,,
Brandon McManus,K,DEN,12,KC,0,0,0,0,0,0,0,0,0,0,0,0,0,0,0,0,0,1,1,0,0,3,,,,,
Brandon Tate,WR,BUF,12,JAX,0,0,0,0,0,0,0,0,1,8,0,1,0,0,0,0,0,0,0,0,0,0,,,,,
Braxton Miller,WR,HOU,12,LAC,0,0,0,0,0,1,0,1,1,12,0,3,0,0,0,0,0,0,0,0,0,0,,,,,
Breshad Perriman,WR,BAL,12,CIN,0,0,0,0,0,0,0,0,1,14,1,3,0,0,0,0,0,0,0,0,0,0,,,,,
Brian Quick,WR,LA,12,NO,0,0,0,0,0,0,0,0,1,3,0,3,0,0,0,0,0,0,0,0,0,0,,,,,
Brice Butler,WR,DAL,12,WAS,0,0,0,0,0,0,0,0,0,0,0,2,0,0,0,0,0,0,0,0,0,0,,,,,
Brittan Golden,WR,ARI,12,ATL,0,0,0,0,0,0,0,0,1,-1,0,3,0,0,0,0,0,0,0,0,0,0,,,,,
Brock Osweiler,QB,HOU,12,LAC,246,0,37,22,3,23,1,3,0,0,0,0,0,0,0,0,0,0,0,0,0,0,,,,,
Bryan Walters,WR,JAX,12,BUF,0,0,0,0,0,0,0,0,0,0,0,0,0,0,0,0,0,0,0,0,0,0,,,,,
Bryce Treggs,WR,PHI,12,GB,0,0,0,0,0,3,0,1,1,11,0,3,0,0,0,0,0,0,0,0,0,0,,,,,
C.J. Fiedorowicz,TE,HOU,12,LAC,0,0,0,0,0,0,0,0,4,42,0,6,0,0,0,0,0,0,0,0,0,0,,,,,
C.J. Spiller,RB,NYJ,12,NE,0,0,0,0,0,0,0,0,0,0,0,1,0,0,0,0,0,0,0,0,0,0,,,,,
CAR,DEF,CAR,12,LV,,,,,,,,,,,,,,,,,,,,,,,0,0,0,0,35.0
CHI,DEF,CHI,12,TEN,,,,,,,,,,,,,,,,,,,,,,,0,0,0,0,27.0
CIN,DEF,CIN,12,BAL,,,,,,,,,,,,,,,,,,,,,,,0,1,0,0,19.0
CLE,DEF,CLE,12,NYG,,,,,,,,,,,,,,,,,,,,,,,0,0,0,0,27.0
Cairo Santos,K,KC,12,DEN,0,0,0,0,0,0,0,0,0,0,0,0,0,0,0,0,0,2,0,0,0,2,,,,,
Caleb Sturgis,K,PHI,12,GB,0,0,0,0,0,0,0,0,0,0,0,0,0,0,0,0,0,0,1,1,0,1,,,,,
Cam Newton,QB,CAR,12,LV,246,2,29,14,1,6,1,3,0,0,0,0,0,0,0,0,0,0,0,0,0,0,,,,,
Cameron Brate,TE,TB,12,SEA,0,0,0,0,0,0,0,0,4,49,0,5,0,0,0,0,0,0,0,0,0,0,,,,,
Cameron Meredith,WR,CHI,12,TEN,0,0,0,0,0,0,0,0,2,19,0,9,0,0,0,0,0,0,0,0,0,0,,,,,
Carlos Hyde,RB,SF,12,MIA,0,0,0,0,0,65,0,13,5,30,1,6,0,0,0,0,0,0,0,0,0,0,,,,,
Carson Palmer,QB,ARI,12,ATL,289,2,45,25,1,0,0,1,0,0,0,0,0,0,0,0,0,0,0,0,0,0,,,,,
Carson Wentz,QB,PHI,12,GB,254,0,36,24,1,33,1,4,0,0,0,0,0,0,0,0,0,0,0,0,0,0,,,,,
Cecil Shorts,WR,TB,12,SEA,0,0,0,0,0,0,0,0,1,6,0,3,0,0,0,0,0,0,0,0,0,0,,,,,
Cedric Peerman,RB,CIN,12,BAL,0,0,0,0,0,0,0,0,0,0,0,0,0,0,0,0,0,0,0,0,0,0,,,,,
Chandler Catanzaro,K,ARI,12,ATL,0,0,0,0,0,0,0,0,0,0,0,0,0,0,0,0,1,0,0,1,0,1,,,,,
Charcandrick West,RB,KC,12,DEN,0,0,0,0,0,8,0,3,0,0,0,1,0,0,0,0,0,0,0,0,0,0,,,,,
Charles Clay,TE,BUF,12,JAX,0,0,0,0,0,0,0,0,2,17,0,4,0,0,0,0,0,0,0,0,0,0,,,,,
Charles D. Johnson,WR,MIN,12,DET,0,0,0,0,0,0,0,0,2,12,0,2,0,0,0,0,0,0,0,0,0,0,,,,,
Chase Reynolds,RB,LA,12,NO,0,0,0,0,0,0,0,0,0,0,0,0,0,0,0,0,0,0,0,0,0,0,,,,,
Chester Rogers,WR,IND,12,PIT,0,0,0,0,0,0,0,0,0,0,0,1,0,0,0,0,0,0,0,0,0,0,,,,,
Chris Boswell,K,PIT,12,IND,0,0,0,0,0,0,0,0,0,0,0,0,0,0,0,0,0,0,0,0,0,4,,,,,
Chris Conley,WR,KC,12,DEN,0,0,0,0,0,0,0,0,3,26,0,4,0,0,0,0,0,0,0,0,0,0,,,,,
Chris Harper,WR,SF,12,MIA,0,0,0,0,0,0,0,0,2,32,0,4,0,0,0,0,0,0,0,0,0,0,,,,,
Chris Hogan,WR,NE,12,NYJ,0,0,0,0,0,0,0,0,4,70,0,5,0,0,0,0,0,0,0,0,0,0,,,,,
Chris Ivory,RB,JAX,12,BUF,0,0,0,0,0,44,1,9,1,11,0,1,0,0,0,0,0,0,0,0,0,0,,,,,
Chris Moore,WR,BAL,12,CIN,0,0,0,0,0,0,0,0,0,0,0,0,0,0,0,0,0,0,0,0,0,0,,,,,
Chris Thompson,RB,WAS,12,DAL,0,0,0,0,0,17,0,4,5,17,0,6,0,0,0,0,0,0,0,0,0,0,,,,,
Christine Michael,RB,GB,12,PHI,0,0,0,0,0,4,0,1,0,0,0,0,0,0,0,0,0,0,0,0,0,0,,,,,
Clive Walford,TE,LV,12,CAR,0,0,0,0,0,0,0,0,3,43,1,4,0,0,0,0,0,0,0,0,0,0,,,,,
Cobi Hamilton,WR,PIT,12,IND,0,0,0,0,0,0,0,0,1,5,0,1,0,0,0,0,0,0,0,0,0,0,,,,,
Coby Fleener,TE,NO,12,LA,0,0,0,0,0,0,0,0,4,59,0,4,0,0,0,0,0,0,0,0,0,0,,,,,
Cody Core,WR,CIN,12,BAL,0,0,0,0,0,0,0,0,0,0,0,1,0,0,0,0,0,0,0,0,0,0,,,,,
Cody Parkey,K,CLE,12,NYG,0,0,0,0,0,0,0,0,0,0,0,0,0,0,0,0,2,0,0,0,0,1,,,,,
Cole Beasley,WR,DAL,12,WAS,0,0,0,0,0,0,0,0,5,56,0,6,0,0,0,0,0,0,0,0,0,0,,,,,
Colin Kaepernick,QB,SF,12,MIA,296,3,46,29,1,113,0,10,0,0,0,0,0,0,0,0,0,0,0,0,0,0,,,,,
Connor Barth,K,CHI,12,TEN,0,0,0,0,0,0,0,0,0,0,0,0,0,0,0,0,0,0,0,0,0,3,,,,,
Cordarrelle Patterson,RB,MIN,12,DET,0,0,0,0,0,22,0,1,5,15,0,5,0,0,0,0,0,0,0,0,0,0,,,,,
Corey Brown,WR,CAR,12,LV,0,0,0,0,0,0,0,0,0,0,0,0,0,0,0,0,0,0,0,0,0,0,,,,,
Corey Coleman,WR,CLE,12,NYG,0,0,0,0,0,0,0,0,3,38,1,7,0,0,0,0,0,0,0,0,0,0,,,,,
Corey Grant,RB,JAX,12,BUF,0,0,0,0,0,0,0,0,0,0,0,0,0,0,0,0,0,0,0,0,0,0,,,,,
DAL,DEF,DAL,12,WAS,,,,,,,,,,,,,,,,,,,,,,,0,0,0,0,26.0
DEN,DEF,DEN,12,KC,,,,,,,,,,,,,,,,,,,,,,,0,0,0,0,30.0
DET,DEF,DET,12,MIN,,,,,,,,,,,,,,,,,,,,,,,0,0,0,0,13.0
Dak Prescott,QB,DAL,12,WAS,195,1,24,17,0,39,1,8,0,0,0,0,0,0,0,0,0,0,0,0,0,0,,,,,
Damien Williams,RB,MIA,12,SF,0,0,0,0,0,7,0,1,2,11,0,2,0,0,0,0,0,0,0,0,0,0,,,,,
Dan Bailey,K,DAL,12,WAS,0,0,0,0,0,0,0,0,0,0,0,0,0,0,0,0,0,0,1,0,0,4,,,,,
Dan Carpenter,K,BUF,12,JAX,0,0,0,0,0,0,0,0,0,0,0,0,0,0,0,0,0,0,0,0,0,2,,,,,
Daniel Brown,TE,CHI,12,TEN,0,0,0,0,0,0,0,0,3,24,1,4,0,0,0,0,0,0,0,0,0,0,,,,,
Danny Amendola,WR,NE,12,NYJ,0,0,0,0,0,0,0,0,1,8,0,1,0,0,0,0,0,0,0,0,0,0,,,,,
Danny Vitale,RB,CLE,12,NYG,0,0,0,0,0,0,0,0,1,-4,0,1,0,0,0,0,0,0,0,0,0,0,,,,,
Darren Sproles,RB,PHI,12,GB,0,0,0,0,0,6,0,3,5,48,0,7,0,0,0,0,0,0,0,0,0,0,,,,,
Darren Waller,TE,BAL,12,CIN,0,0,0,0,0,0,0,0,2,14,0,2,0,0,0,0,0,0,0,0,0,0,,,,,
Davante Adams,WR,GB,12,PHI,0,0,0,0,0,0,0,0,5,113,2,6,0,0,0,0,0,0,0,0,0,0,,,,,
David Johnson,RB,ARI,12,ATL,0,0,0,0,0,58,0,13,8,103,1,11,0,0,0,0,0,0,0,0,0,0,,,,,
De'Anthony Thomas,WR,KC,12,DEN,0,0,0,0,0,0,0,0,1,4,0,1,0,0,0,0,0,0,0,0,0,0,,,,,
DeAndre Hopkins,WR,HOU,12,LAC,0,0,0,0,0,0,0,0,5,70,0,10,0,0,0,0,0,0,0,0,0,0,,,,,
DeMarco Murray,RB,TEN,12,CHI,0,0,0,0,0,43,0,17,5,41,0,5,0,0,0,0,0,0,0,0,0,0,,,,,
DeSean Jackson,WR,WAS,12,DAL,0,0,0,0,0,0,0,0,4,118,1,8,0,0,0,0,0,0,0,0,0,0,,,,,
DeVante Parker,WR,MIA,12,SF,0,0,0,0,0,0,0,0,3,64,0,6,0,0,0,0,0,0,0,0,0,0,,,,,
Delanie Walker,TE,TEN,12,CHI,0,0,0,0,0,0,0,0,3,50,1,4,0,0,0,0,0,0,0,0,0,0,,,,,
Demarcus Robinson,WR,KC,12,DEN,0,0,0,0,0,0,0,0,0,0,0,0,0,0,0,0,0,0,0,0,0,0,,,,,
Demaryius Thomas,WR,DEN,12,KC,0,0,0,0,0,0,0,0,5,60,0,8,0,0,0,0,0,0,0,0,0,0,,,,,
Demetrius Harris,TE,KC,12,DEN,0,0,0,0,0,0,0,0,0,0,0,1,0,0,1,0,0,0,0,0,0,0,,,,,
Denard Robinson,RB,JAX,12,BUF,0,0,0,0,0,39,0,13,0,0,0,0,0,0,0,0,0,0,0,0,0,0,,,,,
Dennis Pitta,TE,BAL,12,CIN,0,0,0,0,0,0,0,0,3,34,0,5,0,0,0,0,0,0,0,0,0,0,,,,,
Deonte Thompson,WR,CHI,12,TEN,0,0,0,0,0,0,0,0,5,44,1,9,0,0,0,0,0,0,0,0,0,0,,,,,
Derek Carr,QB,LV,12,CAR,315,2,38,26,1,-12,0,5,0,0,0,0,0,0,1,0,0,0,0,0,0,0,,,,,
Derek Carrier,TE,WAS,12,DAL,0,0,0,0,0,0,0,0,1,4,0,1,0,0,0,0,0,0,0,0,0,0,,,,,
Derrick Henry,RB,TEN,12,CHI,0,0,0,0,0,60,1,8,0,0,0,0,0,0,0,0,0,0,0,0,0,0,,,,,
Devin Funchess,WR,CAR,12,LV,0,0,0,0,0,0,0,0,2,19,0,2,0,0,0,0,0,0,0,0,0,0,,,,,
Devin Hester,WR,BAL,12,CIN,0,0,0,0,0,0,0,0,0,0,0,0,0,0,0,0,0,0,0,0,0,0,,,,,
Devonta Freeman,RB,ATL,12,ARI,0,0,0,0,0,60,2,16,2,17,0,3,0,0,0,0,0,0,0,0,0,0,,,,,
Devontae Booker,RB,DEN,12,KC,0,0,0,0,0,79,0,24,1,22,0,2,0,0,0,0,0,0,0,0,0,0,,,,,
Dez Bryant,WR,DAL,12,WAS,0,0,0,0,0,0,0,0,5,72,0,7,0,0,0,0,0,0,0,0,0,0,,,,,
Dion Lewis,RB,NE,12,NYJ,0,0,0,0,0,24,0,6,4,34,0,7,0,0,0,0,0,0,0,0,0,0,,,,,
Dion Sims,TE,MIA,12,SF,0,0,0,0,0,0,0,0,4,53,1,4,0,0,0,0,0,0,0,0,0,0,,,,,
Donte Moncrief,WR,IND,12,PIT,0,0,0,0,0,0,0,0,6,45,1,11,0,0,0,0,0,0,0,0,0,0,,,,,
Dontrelle Inman,WR,LAC,12,HOU,0,0,0,0,0,0,0,0,6,119,1,6,0,0,0,0,0,0,0,0,0,0,,,,,
Dorial Green-Beckham,WR,PHI,12,GB,0,0,0,0,0,0,0,0,6,82,0,10,0,0,0,0,0,0,0,0,0,0,,,,,
Doug Baldwin,WR,SEA,12,TB,0,0,0,0,0,0,0,0,7,34,0,8,0,0,0,0,0,0,0,0,0,0,,,,,
Doug Martin,RB,TB,12,SEA,0,0,0,0,0,87,0,23,2,3,0,2,0,0,0,0,0,0,0,0,0,0,,,,,
Drew Brees,QB,NO,12,LA,310,4,36,28,0,1,1,1,0,0,0,0,0,0,0,0,0,0,0,0,0,0,,,,,
DuJuan Harris,RB,SF,12,MIA,0,0,0,0,0,15,0,2,0,0,0,0,0,0,0,0,0,0,0,0,0,0,,,,,
Duke Johnson,RB,CLE,12,NYG,0,0,1,0,0,14,0,5,3,26,0,5,0,0,0,0,0,0,0,0,0,0,,,,,
Dustin Hopkins,K,WAS,12,DAL,0,0,0,0,0,0,0,0,0,0,0,0,0,0,0,0,2,0,0,0,0,2,,,,,
Dwayne Allen,TE,IND,12,PIT,0,0,0,0,0,0,0,0,5,49,0,6,0,0,0,0,0,0,0,0,0,0,,,,,
Dwayne Harris,WR,NYG,12,CLE,0,0,0,0,0,0,0,0,1,13,1,1,0,0,0,0,0,0,0,0,0,0,,,,,
Dwayne Washington,RB,DET,12,MIN,0,0,0,0,0,19,0,5,0,0,0,0,0,0,0,0,0,0,0,0,0,0,,,,,
Eddie Royal,WR,CHI,12,TEN,0,0,0,0,0,0,0,0,1,-6,0,1,0,0,0,0,0,0,0,0,0,0,,,,,
Eli Manning,QB,NYG,12,CLE,194,3,27,15,0,-2,0,2,0,0,0,0,0,0,0,0,0,0,0,0,0,0,,,,,
Eli Rogers,WR,PIT,12,IND,0,0,0,0,0,0,0,0,2,36,0,2,0,0,0,0,0,0,0,0,0,0,,,,,
Emmanuel Sanders,WR,DEN,12,KC,0,0,0,0,0,0,0,0,7,162,1,10,0,0,0,0,0,0,0,0,0,0,,,,,
Eric Ebron,TE,DET,12,MIN,0,0,0,0,0,0,0,0,0,0,0,1,0,0,0,0,0,0,0,0,0,0,,,,,
Eric Weems,WR,ATL,12,ARI,0,0,0,0,0,0,0,0,0,0,0,0,0,0,0,0,0,0,0,0,0,0,,,,,
Erik Swoope,TE,IND,12,PIT,0,0,0,0,0,0,0,0,1,35,0,2,0,0,0,0,0,0,0,0,0,0,,,,,
Ezekiel Elliott,RB,DAL,12,WAS,0,0,0,0,0,97,2,20,2,23,0,2,0,0,0,0,0,0,0,0,0,0,,,,,
Fitzgerald Toussaint,RB,PIT,12,IND,0,0,0,0,0,28,0,6,0,0,0,0,0,0,0,0,0,0,0,0,0,0,,,,,
Fozzy Whittaker,RB,CAR,12,LV,0,0,0,0,0,14,0,4,0,0,0,2,0,0,0,0,0,0,0,0,0,0,,,,,
Frank Gore,RB,IND,12,PIT,0,0,0,0,0,28,0,15,1,3,0,1,0,0,0,0,0,0,0,0,0,0,,,,,
GB,DEF,GB,12,PHI,,,,,,,,,,,,,,,,,,,,,,,0,0,0,0,13.0
Garrett Celek,TE,SF,12,MIA,0,0,0,0,0,0,0,0,2,19,1,3,0,0,0,0,0,0,0,0,0,0,,,,,
Gary Barnidge,TE,CLE,12,NYG,0,0,0,0,0,0,0,0,1,11,0,3,0,0,0,0,0,0,0,0,0,0,,,,,
George Farmer,RB,SEA,12,TB,0,0,0,0,0,0,0,0,1,4,0,2,0,0,0,0,0,0,0,0,0,0,,,,,
Golden Tate,WR,DET,12,MIN,0,0,0,0,0,0,0,0,5,77,0,7,0,0,0,0,0,0,0,0,0,0,,,,,
Graham Gano,K,CAR,12,LV,0,0,0,0,0,0,0,0,0,0,0,0,0,0,0,0,0,0,0,0,0,2,,,,,
Greg Olsen,TE,CAR,12,LV,0,0,0,0,0,0,0,0,4,45,0,5,0,0,0,0,0,0,0,0,0,0,,,,,
Greg Zuerlein,K,LA,12,NO,0,0,0,0,0,0,0,0,0,0,0,0,0,0,0,0,0,0,0,0,0,3,,,,,
HOU,DEF,HOU,12,LAC,,,,,,,,,,,,,,,,,,,,,,,0,0,0,0,21.0
Harry Douglas,WR,TEN,12,CHI,0,0,0,0,0,0,0,0,2,60,0,2,0,0,0,0,0,0,0,0,0,0,,,,,
Hunter Henry,TE,LAC,12,HOU,0,0,0,0,0,0,0,0,2,20,1,3,0,0,0,0,0,0,0,0,0,0,,,,,
IND,DEF,IND,12,PIT,,,,,,,,,,,,,,,,,,,,,,,0,0,0,0,28.0
Isaiah Burse,WR,LAC,12,HOU,0,0,0,0,0,0,0,0,0,0,0,0,0,0,0,0,0,0,0,0,0,0,,,,,
Isaiah Crowell,RB,CLE,12,NYG,0,0,0,0,0,44,0,16,6,47,0,7,0,0,0,0,0,0,0,0,0,0,,,,,
J.J. Nelson,WR,ARI,12,ATL,0,0,0,0,0,0,0,0,2,30,0,4,0,0,0,0,0,0,0,0,0,0,,,,,
JAX,DEF,JAX,12,BUF,,,,,,,,,,,,,,,,,,,,,,,0,0,0,0,28.0
Jack Doyle,TE,IND,12,PIT,0,0,0,0,0,0,0,0,2,25,0,2,0,0,0,0,0,0,0,0,0,0,,,,,
Jakeem Grant,WR,MIA,12,SF,0,0,0,0,0,0,0,0,0,0,0,0,0,0,0,0,0,0,0,0,0,0,,,,,
Jalen Richard,RB,LV,12,CAR,0,0,0,0,0,23,0,7,0,0,0,0,0,0,0,0,0,0,0,0,0,0,,,,,
Jalin Marshall,WR,NYJ,12,NE,0,0,0,0,0,0,0,0,2,6,0,3,0,0,0,0,0,0,0,0,0,0,,,,,
Jameis Winston,QB,TB,12,SEA,220,2,28,21,1,12,0,5,0,0,0,0,0,0,0,0,0,0,0,0,0,0,,,,,
James O'Shaughnessy,TE,KC,12,DEN,0,0,0,0,0,0,0,0,1,-1,0,1,0,0,0,0,0,0,0,0,0,0,,,,,
James Starks,RB,GB,12,PHI,0,0,0,0,0,41,0,17,5,27,0,5,0,0,0,0,0,0,0,0,0,0,,,,,
James White,RB,NE,12,NYJ,0,0,0,0,0,0,0,0,4,22,0,9,0,0,0,0,0,0,0,0,0,0,,,,,
James Wright,WR,CIN,12,BAL,0,0,0,0,0,0,0,0,3,23,0,6,0,0,0,0,0,0,0,0,0,0,,,,,
Jamison Crowder,WR,WAS,12,DAL,0,0,0,0,0,0,0,0,8,88,0,10,0,0,0,0,0,0,0,0,0,0,,,,,
Jamize Olawale,RB,LV,12,CAR,0,0,0,0,0,0,0,0,1,8,0,1,0,0,0,0,0,0,0,0,0,0,,,,,
Jared Cook,TE,GB,12,PHI,0,0,0,0,0,0,0,0,1,7,0,2,0,0,0,0,0,0,0,0,0,0,,,,,
Jared Goff,QB,LA,12,NO,214,3,32,20,1,0,0,0,0,0,0,0,0,0,0,0,0,0,0,0,0,0,,,,,
Jarvis Landry,WR,MIA,12,SF,0,0,0,0,0,0,0,0,4,47,0,7,0,0,0,0,0,0,0,0,0,0,,,,,
Jason Myers,K,JAX,12,BUF,0,0,0,0,0,0,0,0,0,0,0,0,0,0,0,0,0,0,0,0,0,3,,,,,
Jason Witten,TE,DAL,12,WAS,0,0,0,0,0,0,0,0,3,33,0,3,0,0,0,0,0,0,0,0,0,0,,,,,
Jay Ajayi,RB,MIA,12,SF,0,0,0,0,0,45,1,18,1,11,0,2,0,0,0,0,0,0,0,0,0,0,,,,,
Jeff Janis,WR,GB,12,PHI,0,0,0,0,0,0,0,0,1,7,0,1,0,0,0,0,0,0,0,0,0,0,,,,,
Jeremy Butler,WR,LAC,12,HOU,0,0,0,0,0,0,0,0,1,6,0,1,0,0,0,0,0,0,0,0,0,0,,,,,
Jeremy Hill,RB,CIN,12,BAL,0,0,0,0,0,21,0,12,6,61,0,6,0,0,0,0,0,0,0,0,0,0,,,,,
Jeremy Kerley,WR,SF,12,MIA,0,0,0,0,0,0,0,0,2,24,0,4,0,0,0,0,0,0,0,0,0,0,,,,,
Jeremy Langford,RB,CHI,12,TEN,0,0,0,0,0,5,0,1,0,0,0,2,0,0,0,0,0,0,0,0,0,0,,,,,
Jeremy Ross,WR,NYJ,12,NE,0,0,0,0,0,0,0,0,0,0,0,0,0,0,0,0,0,0,0,0,0,0,,,,,
Jerick McKinnon,RB,MIN,12,DET,0,0,0,0,0,31,0,9,3,45,0,3,0,0,0,0,0,0,0,0,0,0,,,,,
Jermaine Gresham,TE,ARI,12,ATL,0,0,0,0,0,0,0,0,5,35,1,10,0,0,0,0,0,0,0,0,0,0,,,,,
Jermaine Kearse,WR,SEA,12,TB,0,0,0,0,0,0,0,0,1,18,0,5,0,0,0,0,0,0,0,0,0,0,,,,,
Jesse James,TE,PIT,12,IND,0,0,0,0,0,0,0,0,0,0,0,1,0,0,0,0,0,0,0,0,0,0,,,,,
Jimmy Graham,TE,SEA,12,TB,0,0,0,0,0,0,0,0,6,67,0,7,0,0,0,0,0,0,0,0,0,0,,,,,
Joe Flacco,QB,BAL,12,CIN,234,1,36,25,1,19,0,2,0,0,0,0,0,0,0,0,0,0,0,0,0,0,,,,,
John Brown,WR,ARI,12,ATL,0,0,0,0,0,0,0,0,1,19,0,2,0,0,0,0,0,0,0,0,0,0,,,,,
Johnny Holton,WR,LV,12,CAR,0,0,0,0,0,0,0,0,1,30,0,1,0,0,0,0,0,0,0,0,0,0,,,,,
Jonathan Grimes,RB,HOU,12,LAC,0,0,0,0,0,14,0,2,0,0,0,0,0,0,0,0,0,0,0,0,0,0,,,,,
Jonathan Stewart,RB,CAR,12,LV,0,0,0,0,0,96,2,17,0,0,0,1,0,0,0,0,0,0,0,0,0,0,,,,,
Jonathan Williams,RB,BUF,12,JAX,0,0,0,0,0,12,0,3,0,0,0,1,0,0,0,0,0,0,0,0,0,0,,,,,
Jordan Gay,K,BUF,12,JAX,0,0,0,0,0,0,0,0,0,0,0,0,0,0,0,0,0,0,0,0,0,0,,,,,
Jordan Howard,RB,CHI,12,TEN,0,0,0,0,0,84,0,18,3,43,0,5,0,0,0,0,0,0,0,0,0,0,,,,,
Jordan Matthews,TE,PHI,12,GB,0,0,0,0,0,0,0,0,4,47,0,4,0,0,0,0,0,0,0,0,0,0,,,,,
Jordan Norwood,WR,DEN,12,KC,0,0,0,0,0,0,0,0,0,0,0,1,0,0,0,0,0,0,0,0,0,0,,,,,
Jordan Reed,TE,WAS,12,DAL,0,0,0,0,0,0,0,0,10,95,2,12,0,0,0,0,0,0,0,0,0,0,,,,,
Jordan Taylor,WR,DEN,12,KC,0,0,0,0,0,0,0,0,1,6,1,4,0,0,0,0,0,0,0,0,0,0,,,,,
Jordan Todman,RB,IND,12,PIT,0,0,0,0,0,37,0,3,0,0,0,0,0,0,0,0,0,0,0,0,0,0,,,,,
Jordy Nelson,WR,GB,12,PHI,0,0,0,0,0,0,0,0,8,91,0,12,0,0,0,0,0,0,0,0,0,0,,,,,
Josh Bellamy,WR,CHI,12,TEN,0,0,0,0,0,0,0,0,4,41,0,9,0,0,0,0,0,0,0,0,0,0,,,,,
Josh Ferguson,RB,IND,12,PIT,0,0,0,0,0,0,0,0,0,0,0,0,0,0,0,0,0,0,0,0,0,0,,,,,
Josh Hill,TE,NO,12,LA,0,0,0,0,0,0,0,0,6,74,0,6,0,0,0,0,0,0,0,0,0,0,,,,,
Josh Lambo,K,LAC,12,HOU,0,0,0,0,0,0,0,0,0,0,0,0,0,0,0,0,0,0,0,0,0,3,,,,,
Josh McCown,QB,CLE,12,NYG,322,1,43,25,0,0,0,0,0,0,0,0,0,0,0,0,0,0,0,0,0,0,,,,,
Julian Edelman,WR,NE,12,NYJ,0,0,0,0,0,0,0,0,8,83,0,11,0,0,0,0,0,0,0,0,0,0,,,,,
Julio Jones,WR,ATL,12,ARI,0,0,0,0,0,0,0,0,4,35,0,7,0,0,0,0,0,0,0,0,0,0,,,,,
Justin Hardy,WR,ATL,12,ARI,0,0,0,0,0,0,0,0,3,47,0,4,0,0,0,0,0,0,0,0,0,0,,,,,
Justin Hunter,WR,BUF,12,JAX,0,0,0,0,0,0,0,0,1,16,1,1,0,0,0,0,0,0,0,0,0,0,,,,,
Justin Tucker,K,BAL,12,CIN,0,0,0,0,0,0,0,0,0,0,0,0,0,0,0,0,0,1,0,3,0,1,,,,,
KC,DEF,KC,12,DEN,,,,,,,,,,,,,,,,,,,,,,,0,1,0,0,27.0
Ka'Deem Carey,RB,CHI,12,TEN,0,0,0,0,0,6,0,1,1,12,0,1,0,0,0,0,0,0,0,0,0,0,,,,,
Kai Forbath,K,MIN,12,DET,0,0,0,0,0,0,0,0,0,0,0,0,0,0,0,0,1,1,0,0,0,1,,,,,
Kamar Aiken,WR,BAL,12,CIN,0,0,0,0,0,0,0,0,2,30,0,2,0,0,0,0,0,0,0,0,0,0,,,,,
Kapri Bibbs,RB,DEN,12,KC,0,0,0,0,0,22,0,9,0,0,0,0,0,0,0,0,0,0,0,0,0,0,,,,,
Kelvin Benjamin,WR,CAR,12,LV,0,0,0,0,0,0,0,0,2,53,1,6,0,0,0,0,0,0,0,0,0,0,,,,,
Kendall Wright,WR,TEN,12,CHI,0,0,0,0,0,0,0,0,0,0,0,1,0,0,0,0,0,0,0,0,0,0,,,,,
Kenjon Barner,RB,PHI,12,GB,0,0,0,0,0,2,0,1,1,10,0,1,0,0,0,0,0,0,0,0,0,0,,,,,
Kenneth Dixon,RB,BAL,12,CIN,0,0,0,0,0,49,0,13,4,31,0,4,0,0,0,0,0,0,0,0,0,0,,,,,
Kenneth Farrow,RB,LAC,12,HOU,0,0,0,0,0,-3,0,1,0,0,0,0,0,0,0,0,0,0,0,0,0,0,,,,,
Kenny Britt,WR,LA,12,NO,0,0,0,0,0,0,0,0,5,52,1,10,0,0,0,0,0,0,0,0,0,0,,,,,
Kenny Stills,WR,MIA,12,SF,0,0,0,0,0,0,0,0,3,72,1,6,0,0,0,0,0,0,0,0,0,0,,,,,
Kenyan Drake,RB,MIA,12,SF,0,0,0,0,0,9,0,1,0,0,0,0,0,0,0,0,0,0,0,0,0,0,,,,,
Kerwynn Williams,RB,ARI,12,ATL,0,0,0,0,0,0,0,0,0,0,0,0,0,0,0,0,0,0,0,0,0,0,,,,,
Kirk Cousins,QB,WAS,12,DAL,449,3,53,41,0,2,0,1,0,0,0,0,0,0,0,0,0,0,0,0,0,0,,,,,
Knile Davis,RB,KC,12,DEN,0,0,0,0,0,6,0,3,0,0,0,0,0,0,0,0,0,0,0,0,0,0,,,,,
Kyle Juszczyk,RB,BAL,12,CIN,0,0,0,0,0,0,0,0,3,18,0,5,0,0,0,0,0,0,0,0,0,0,,,,,
Kyle Rudolph,TE,MIN,12,DET,0,0,0,0,0,0,0,0,9,64,0,10,0,0,0,0,0,0,0,0,0,0,,,,,
LA,DEF,LA,12,NO,,,,,,,,,,,,,,,,,,,,,,,0,0,0,0,49.0
LAC,DEF,LAC,12,HOU,,,,,,,,,,,,,,,,,,,,,,,0,0,0,0,0.0
LV,DEF,LV,12,CAR,,,,,,,,,,,,,,,,,,,,,,,1,0,0,0,0.0
Ladarius Green,TE,PIT,12,IND,0,0,0,0,0,0,0,0,2,67,0,3,0,0,0,0,0,0,0,0,0,0,,,,,
Lamar Miller,RB,HOU,12,LAC,0,0,0,0,0,57,0,19,3,18,0,4,0,0,0,0,0,0,0,0,0,0,,,,,
Lance Dunbar,RB,DAL,12,WAS,0,0,0,0,0,0,0,0,1,1,0,1,0,0,0,0,0,0,0,0,0,0,,,,,
Lance Kendricks,TE,LA,12,NO,0,0,0,0,0,0,0,0,4,51,1,7,0,0,0,0,0,0,0,0,0,0,,,,,
Landry Jones,QB,PIT,12,IND,0,0,1,0,0,0,0,0,0,0,0,0,0,0,0,0,0,0,0,0,0,0,,,,,
Larry Fitzgerald,WR,ARI,12,ATL,0,0,0,0,0,0,0,0,4,53,0,4,0,0,0,0,0,0,0,0,0,0,,,,,
Latavius Murray,RB,LV,12,CAR,0,0,0,0,0,45,1,19,3,43,0,4,0,0,0,0,0,0,0,0,0,0,,,,,
Le'Veon Bell,RB,PIT,12,IND,0,0,0,0,0,120,1,23,4,22,0,5,0,0,0,0,0,0,0,0,0,0,,,,,
LeGarrette Blount,RB,NE,12,NYJ,0,0,0,0,0,67,0,11,0,0,0,1,0,0,0,0,0,0,0,0,0,0,,,,,
LeSean McCoy,RB,BUF,12,JAX,0,0,0,0,0,103,2,19,2,31,0,2,0,0,1,0,0,0,0,0,0,0,,,,,
Leonte Carroo,WR,MIA,12,SF,0,0,0,0,0,0,0,0,1,15,1,1,0,0,0,0,0,0,0,0,0,0,,,,,
Levine Toilolo,TE,ATL,12,ARI,0,0,0,0,0,0,0,0,1,18,0,1,0,0,0,0,0,0,0,0,0,0,,,,,
Logan Paulsen,TE,CHI,12,TEN,0,0,0,0,0,0,0,0,0,0,0,1,0,0,0,0,0,0,0,0,0,0,,,,,
Lucky Whitehead,WR,DAL,12,WAS,0,0,0,0,0,15,0,1,0,0,0,0,0,0,0,0,0,0,0,0,0,0,,,,,
Luke Stocker,TE,TB,12,SEA,0,0,0,0,0,0,0,0,1,3,0,1,0,0,0,0,0,0,0,0,0,0,,,,,
Luke Willson,TE,SEA,12,TB,0,0,0,0,0,0,0,0,1,11,0,1,0,0,0,0,0,0,0,0,0,0,,,,,
MIA,DEF,MIA,12,SF,,,,,,,,,,,,,,,,,,,,,,,0,0,0,0,24.0
MIN,DEF,MIN,12,DET,,,,,,,,,,,,,,,,,,,,,,,0,0,0,0,16.0
Malcolm Brown,RB,LA,12,NO,0,0,0,0,0,9,0,3,0,0,0,0,0,0,0,0,0,0,0,0,0,0,,,,,
Malcolm Mitchell,WR,NE,12,NYJ,0,0,0,0,0,0,0,0,5,42,2,7,0,0,0,0,0,0,0,0,0,0,,,,,
MarQueis Gray,TE,MIA,12,SF,0,0,0,0,0,0,0,0,2,12,0,2,0,0,0,0,0,0,0,0,0,0,,,,,
Marc Mariani,WR,TEN,12,CHI,0,0,0,0,0,0,0,0,0,0,0,0,0,0,0,0,0,0,0,0,0,0,,,,,
Marcus Mariota,QB,TEN,12,CHI,226,2,23,15,0,46,0,4,0,0,0,0,0,0,0,0,0,0,0,0,0,0,,,,,
Mark Ingram,RB,NO,12,LA,0,0,0,0,0,146,1,14,1,21,1,2,0,0,0,0,0,0,0,0,0,0,,,,,
Marqise Lee,WR,JAX,12,BUF,0,0,0,0,0,2,0,1,4,37,1,6,0,0,0,0,0,0,0,0,0,0,,,,,
Marquess Wilson,WR,CHI,12,TEN,0,0,0,0,0,0,0,0,8,125,1,11,0,0,0,0,0,0,0,0,0,0,,,,,
Marquise Goodwin,WR,BUF,12,JAX,0,0,0,0,0,0,0,0,2,13,0,4,0,0,0,0,0,0,0,0,0,0,,,,,
Martellus Bennett,TE,NE,12,NYJ,0,0,0,0,0,4,0,1,3,22,0,5,0,0,0,0,0,0,0,0,0,0,,,,,
Marvin Jones,WR,DET,12,MIN,0,0,0,0,0,0,0,0,4,54,0,11,0,0,0,0,0,0,0,0,0,0,,,,,
Mason Crosby,K,GB,12,PHI,0,0,0,0,0,0,0,0,0,0,0,0,0,0,0,0,0,2,0,0,0,3,,,,,
Matt Asiata,RB,MIN,12,DET,0,0,0,0,0,27,1,5,3,14,0,3,0,0,0,0,0,0,0,0,0,0,,,,,
Matt Barkley,QB,CHI,12,TEN,316,3,54,28,2,0,0,2,0,0,0,0,0,0,0,0,0,0,0,0,0,0,,,,,
Matt Bryant,K,ATL,12,ARI,0,0,0,0,0,0,0,0,0,0,0,0,0,0,0,0,0,0,1,0,0,5,,,,,
Matt Forte,RB,NYJ,12,NE,0,0,0,0,0,27,0,13,3,23,0,4,0,0,0,0,0,0,0,0,0,0,,,,,
Matt McGloin,QB,LV,12,CAR,0,0,1,0,0,0,0,0,0,0,0,0,0,0,0,0,0,0,0,0,0,0,,,,,
Matt Prater,K,DET,12,MIN,0,0,0,0,0,0,0,0,0,0,0,0,0,0,0,0,1,0,2,0,0,1,,,,,
Matt Ryan,QB,ATL,12,ARI,269,2,34,26,1,15,0,4,0,0,0,0,0,0,0,0,0,0,0,0,0,0,,,,,
Matthew Stafford,QB,DET,12,MIN,232,1,40,23,0,30,0,4,0,0,0,0,0,0,0,0,0,0,0,0,0,0,,,,,
Maurice Harris,WR,WAS,12,DAL,0,0,0,0,0,0,0,0,2,11,0,2,0,0,0,0,0,0,0,0,0,0,,,,,
Melvin Gordon,RB,LAC,12,HOU,0,0,0,0,0,70,0,17,4,19,0,4,0,0,0,0,0,0,0,0,0,0,,,,,
Michael Crabtree,WR,LV,12,CAR,0,0,0,0,0,0,0,0,8,110,0,13,0,0,0,0,0,0,0,0,0,0,,,,,
Michael Floyd,WR,ARI,12,ATL,0,0,0,0,0,0,0,0,2,31,0,5,0,0,0,0,0,0,0,0,0,0,,,,,
Michael Thomas,WR,NO,12,LA,0,0,0,0,0,0,0,0,9,108,2,10,0,0,0,0,0,0,0,0,0,0,,,,,
Mike Evans,WR,TB,12,SEA,0,0,0,0,0,0,0,0,8,104,2,11,0,0,0,0,0,0,0,0,0,0,,,,,
Mike Nugent,K,CIN,12,BAL,0,0,0,0,0,0,0,0,0,0,0,0,0,0,0,0,1,1,0,0,0,0,,,,,
Mike Wallace,WR,BAL,12,CIN,0,0,0,0,0,-1,0,1,3,57,0,4,0,0,0,0,0,0,0,0,0,0,,,,,
Mohamed Sanu,WR,ATL,12,ARI,0,0,0,0,0,5,0,1,8,65,0,8,0,0,0,0,0,0,0,0,0,0,,,,,
Mychal Rivera,TE,LV,12,CAR,0,0,0,0,0,0,0,0,2,13,0,2,0,0,0,0,0,0,0,0,0,0,,,,,
NE,DEF,NE,12,NYJ,,,,,,,,,,,,,,,,,,,,,,,0,0,0,0,17.0
NO,DEF,NO,12,LA,,,,,,,,,,,,,,,,,,,,,,,0,0,0,0,21.0
NYG,DEF,NYG,12,CLE,,,,,,,,,,,,,,,,,,,,,,,0,0,0,0,13.0
NYJ,DEF,NYJ,12,NE,,,,,,,,,,,,,,,,,,,,,,,0,0,0,0,22.0
Neal Sterling,TE,JAX,12,BUF,0,0,0,0,0,0,0,0,2,16,0,3,0,0,0,0,0,0,0,0,0,0,,,,,
Nick Folk,K,NYJ,12,NE,0,0,0,0,0,0,0,0,0,0,0,0,0,0,0,0,0,0,0,1,0,2,,,,,
Nick Novak,K,HOU,12,LAC,0,0,0,0,0,0,0,0,0,0,0,0,0,0,0,1,0,0,1,0,0,1,,,,,
Nick O'Leary,TE,BUF,12,JAX,0,0,0,0,0,0,0,0,0,0,0,1,0,0,0,0,0,0,0,0,0,0,,,,,
Odell Beckham Jr.,WR,NYG,12,CLE,0,0,0,0,0,0,0,0,6,96,2,11,0,0,0,0,0,0,0,0,0,0,,,,,
PHI,DEF,PHI,12,GB,,,,,,,,,,,,,,,,,,,,,,,0,0,0,0,27.0
PIT,DEF,PIT,12,IND,,,,,,,,,,,,,,,,,,,,,,,0,0,0,0,7.0
Patrick DiMarco,RB,ATL,12,ARI,0,0,0,0,0,0,0,0,0,0,0,1,0,0,0,0,0,0,0,0,0,0,,,,,
Paul Perkins,RB,NYG,12,CLE,0,0,0,0,0,29,0,9,2,14,0,2,0,0,0,0,0,0,0,0,0,0,,,,,
Paul Richardson,WR,SEA,12,TB,0,0,0,0,0,0,0,0,1,17,0,3,0,0,0,0,0,0,0,0,0,0,,,,,
Peyton Barber,RB,TB,12,SEA,0,0,0,0,0,16,0,5,1,4,0,1,0,0,0,0,0,0,0,0,0,0,,,,,
Phil Dawson,K,SF,12,MIA,0,0,0,0,0,0,0,0,0,0,0,0,0,0,0,0,0,1,0,0,0,3,,,,,
Philip Rivers,QB,LAC,12,HOU,242,3,30,22,1,0,0,0,0,0,0,0,0,0,0,0,0,0,0,0,0,0,,,,,
Phillip Dorsett,WR,IND,12,PIT,0,0,0,0,0,0,0,0,3,31,0,6,0,0,0,0,0,0,0,0,0,0,,,,,
Pierre Garcon,WR,WAS,12,DAL,0,0,0,0,0,0,0,0,4,43,0,4,0,0,0,0,0,0,0,0,0,0,,,,,
Quincy Enunwa,WR,NYJ,12,NE,0,0,0,0,0,0,0,0,5,109,1,5,0,0,0,0,0,0,0,0,0,0,,,,,
Quinton Patton,WR,SF,12,MIA,0,0,0,0,0,0,0,0,1,12,0,1,0,0,0,0,0,0,0,0,0,0,,,,,
Randall Cobb,WR,GB,12,PHI,0,0,0,0,0,0,0,0,6,41,0,7,0,0,0,0,0,0,0,0,0,0,,,,,
Rashad Greene,WR,JAX,12,BUF,0,0,0,0,0,0,0,0,0,0,0,0,0,0,0,0,0,0,0,0,0,0,,,,,
Rashad Jennings,RB,NYG,12,CLE,0,0,0,0,0,55,0,15,2,4,0,2,0,0,0,0,0,0,0,0,0,0,,,,,
Rashard Higgins,WR,CLE,12,NYG,0,0,0,0,0,0,0,0,2,34,0,2,0,0,0,0,0,0,0,0,0,0,,,,,
Rex Burkhead,RB,CIN,12,BAL,0,0,0,0,0,29,0,5,2,19,0,2,0,0,0,0,0,0,0,0,0,0,,,,,
Rhett Ellison,TE,MIN,12,DET,0,0,0,0,0,0,0,0,1,21,0,2,0,0,0,0,0,0,0,0,0,0,,,,,
Ricardo Louis,WR,CLE,12,NYG,0,0,0,0,0,0,0,0,0,0,0,0,0,0,0,0,0,0,0,0,0,0,,,,,
Richard Rodgers,TE,GB,12,PHI,0,0,0,0,0,0,0,0,0,0,0,1,0,0,0,0,0,0,0,0,0,0,,,,,
Rishard Matthews,WR,TEN,12,CHI,0,0,0,0,0,0,0,0,3,64,1,7,0,0,0,0,0,0,0,0,0,0,,,,,
Rob Gronkowski,TE,NE,12,NYJ,0,0,0,0,0,0,0,0,0,0,0,2,0,0,0,0,0,0,0,0,0,0,,,,,
Rob Kelley,RB,WAS,12,DAL,0,0,0,0,0,37,0,14,2,5,0,2,0,0,0,0,0,0,0,0,0,0,,,,,
Robbie Chosen,WR,NYJ,12,NE,0,0,0,0,0,0,0,0,2,34,0,2,0,0,0,0,0,0,0,0,0,0,,,,,
Robbie Gould,K,NYG,12,CLE,0,0,0,0,0,0,0,0,0,0,0,0,0,0,0,0,0,0,0,0,0,3,,,,,
Robert Turbin,RB,IND,12,PIT,0,0,0,0,0,20,0,2,2,-2,0,3,0,0,0,0,0,0,0,0,0,0,,,,,
Roberto Aguayo,K,TB,12,SEA,0,0,0,0,0,0,0,0,0,0,0,0,0,0,0,0,0,0,0,0,0,2,,,,,
Rod Streater,WR,SF,12,MIA,0,0,0,0,0,0,0,0,4,46,0,5,0,0,0,0,0,0,0,0,0,0,,,,,
Roger Lewis,WR,NYG,12,CLE,0,0,0,0,0,0,0,0,1,18,0,4,0,0,0,0,0,0,0,0,0,0,,,,,
Russell Shepard,WR,TB,12,SEA,0,0,0,0,0,0,0,0,2,23,0,3,0,0,0,0,0,0,0,0,0,0,,,,,
Russell Wilson,QB,SEA,12,TB,151,0,33,17,2,80,0,8,0,0,0,0,0,0,0,0,0,0,0,0,0,0,,,,,
Ryan Fitzpatrick,QB,NYJ,12,NE,269,2,32,22,0,1,0,2,0,0,0,0,0,0,0,0,0,0,0,0,0,0,,,,,
Ryan Grant,WR,WAS,12,DAL,0,0,0,0,0,0,0,0,0,0,0,1,0,0,0,0,0,0,0,0,0,0,,,,,
Ryan Griffin,TE,HOU,12,LAC,0,0,0,0,0,0,0,0,4,36,0,5,0,0,0,0,0,0,0,0,0,0,,,,,
Ryan Hewitt,TE,CIN,12,BAL,0,0,0,0,0,0,0,0,1,5,0,2,0,0,0,0,0,0,0,0,0,0,,,,,
Ryan Succop,K,TEN,12,CHI,0,0,0,0,0,0,0,0,0,0,0,0,0,0,0,1,0,1,0,0,0,3,,,,,
Ryan Tannehill,QB,MIA,12,SF,285,3,30,20,0,34,0,6,0,0,0,0,0,0,0,0,0,0,0,0,0,0,,,,,
SEA,DEF,SEA,12,TB,,,,,,,,,,,,,,,,,,,,,,,0,1,0,0,14.0
SF,DEF,SF,12,MIA,,,,,,,,,,,,,,,,,,,,,,,0,0,0,0,31.0
Sam Bradford,QB,MIN,12,DET,224,0,37,31,1,0,0,0,0,0,0,0,0,0,0,0,0,0,0,0,0,0,,,,,
Sammie Coates,WR,PIT,12,IND,0,0,0,0,0,0,0,0,0,0,0,3,0,0,0,0,0,0,0,0,0,0,,,,,
Sammy Watkins,WR,BUF,12,JAX,0,0,0,0,0,0,0,0,3,80,0,3,0,0,0,0,0,0,0,0,0,0,,,,,
Scott Tolzien,QB,IND,12,PIT,205,1,36,22,2,6,0,3,0,0,0,0,0,0,0,0,0,0,0,0,0,0,,,,,
Sean McGrath,TE,LAC,12,HOU,0,0,0,0,0,0,0,0,0,0,0,0,0,0,0,0,0,0,0,0,0,0,,,,,
Sebastian Janikowski,K,LV,12,CAR,0,0,0,0,0,0,0,0,0,0,0,0,0,0,0,0,2,0,0,0,0,3,,,,,
Seth DeValve,TE,CLE,12,NYG,0,0,0,0,0,0,0,0,3,39,0,4,0,0,0,0,0,0,0,0,0,0,,,,,
Seth Roberts,WR,LV,12,CAR,0,0,0,0,0,0,0,0,3,31,1,4,0,0,1,0,0,0,0,0,0,0,,,,,
Shaun Draughn,RB,SF,12,MIA,0,0,0,0,0,0,0,0,6,49,0,6,0,0,0,0,0,0,0,0,0,0,,,,,
Spencer Ware,RB,KC,12,DEN,0,0,0,0,0,64,0,17,2,32,0,2,0,0,0,0,0,0,0,0,0,0,,,,,
Stephen Anderson,TE,HOU,12,LAC,0,0,0,0,0,0,0,0,1,8,0,1,0,0,0,0,0,0,0,0,0,0,,,,,
Stephen Gostkowski,K,NE,12,NYJ,0,0,0,0,0,0,0,0,0,0,0,0,0,0,0,0,2,0,1,0,0,1,,,,,
Sterling Shepard,WR,NYG,12,CLE,0,0,0,0,0,22,0,1,0,0,0,0,0,0,0,0,0,0,0,0,0,0,,,,,
Steve Smith,WR,BAL,12,CIN,0,0,0,0,0,0,0,0,4,20,0,4,0,0,0,0,0,0,0,0,0,0,,,,,
Steven Hauschka,K,SEA,12,TB,0,0,0,0,0,0,0,0,0,0,0,0,0,0,0,0,0,0,1,0,0,0,,,,,
T.J. Yeldon,RB,JAX,12,BUF,0,0,0,0,0,17,0,6,1,3,0,2,0,0,0,0,0,0,0,0,0,0,,,,,
T.Y. Hilton,WR,IND,12,PIT,0,0,0,0,0,0,0,0,3,54,0,5,0,0,0,0,0,0,0,0,0,0,,,,,
TB,DEF,TB,12,SEA,,,,,,,,,,,,,,,,,,,,,,,0,0,0,0,5.0
TEN,DEF,TEN,12,CHI,,,,,,,,,,,,,,,,,,,,,,,0,0,0,0,21.0
Taiwan Jones,RB,LV,12,CAR,0,0,0,0,0,0,0,0,1,15,0,1,0,0,0,0,0,0,0,0,0,0,,,,,
Tajae Sharpe,WR,TEN,12,CHI,0,0,0,0,0,0,0,0,2,11,0,3,0,0,0,0,0,0,0,0,0,0,,,,,
Tavon Austin,WR,LA,12,NO,0,0,0,0,0,10,0,1,4,45,1,4,0,0,0,0,0,0,0,0,0,0,,,,,
Taylor Gabriel,WR,ATL,12,ARI,0,0,0,0,0,27,0,1,4,75,2,5,0,0,0,0,0,0,0,0,0,0,,,,,
Ted Ginn,WR,CAR,12,LV,0,0,0,0,0,13,0,1,4,115,1,10,0,0,0,0,0,0,0,0,0,0,,,,,
Terrance West,RB,BAL,12,CIN,0,0,0,0,0,48,0,13,3,16,0,4,0,0,0,0,0,0,0,0,0,0,,,,,
Terrance Williams,WR,DAL,12,WAS,0,0,0,0,0,0,0,0,1,10,1,2,0,0,0,0,0,0,0,0,0,0,,,,,
Terrelle Pryor,WR,CLE,12,NYG,0,0,0,0,0,0,0,0,6,131,0,12,0,0,0,0,0,0,0,0,0,0,,,,,
Tevin Coleman,RB,ATL,12,ARI,0,0,0,0,0,9,1,8,2,4,0,2,0,0,0,0,0,0,0,0,0,0,,,,,
Theo Riddick,RB,DET,12,MIN,0,0,0,0,0,45,0,9,5,13,0,5,0,0,0,0,0,0,0,0,0,0,,,,,
Thomas Rawls,RB,SEA,12,TB,0,0,0,0,0,38,0,12,0,0,0,1,0,0,0,0,0,0,0,0,0,0,,,,,
Tim Hightower,RB,NO,12,LA,0,0,0,0,0,51,0,15,2,54,1,2,0,0,0,0,0,0,0,0,0,0,,,,,
Todd Gurley,RB,LA,12,NO,0,0,0,0,0,50,0,13,4,39,0,4,0,0,0,0,0,0,0,0,0,0,,,,,
Tom Brady,QB,NE,12,NYJ,286,2,50,30,0,-4,0,3,0,0,0,0,0,0,0,0,0,0,0,0,0,0,,,,,
Tommylee Lewis,WR,NO,12,LA,0,0,0,0,0,7,0,1,0,0,0,2,0,0,0,0,0,0,0,0,0,0,,,,,
Torrey Smith,WR,SF,12,MIA,0,0,0,0,0,0,0,0,3,24,1,7,0,0,0,0,0,0,0,0,0,0,,,,,
Travaris Cadet,RB,NO,12,LA,0,0,0,0,0,0,0,0,0,0,0,0,0,0,0,0,0,0,0,0,0,0,,,,,
Travis Benjamin,WR,LAC,12,HOU,0,0,0,0,0,0,0,0,1,8,0,2,0,0,0,0,0,0,0,0,0,0,,,,,
Travis Kelce,TE,KC,12,DEN,0,0,0,0,0,0,0,0,8,101,0,15,0,0,0,0,0,0,0,0,0,0,,,,,
Trevor Siemian,QB,DEN,12,KC,368,3,34,20,0,23,0,5,0,0,0,0,0,0,0,0,0,0,0,0,0,0,,,,,
Trey Burton,TE,PHI,12,GB,0,0,0,0,0,0,0,0,3,10,0,4,0,0,0,0,0,0,0,0,0,0,,,,,
Ty Montgomery,WR,GB,12,PHI,0,0,0,0,0,2,0,1,2,12,0,2,0,0,0,0,0,0,0,0,0,0,,,,,
Tyler Boyd,WR,CIN,12,BAL,0,0,0,0,0,0,0,0,5,62,0,9,0,0,0,0,0,0,0,0,0,0,,,,,
Tyler Eifert,TE,CIN,12,BAL,0,0,0,0,0,0,0,0,5,68,1,11,0,0,0,0,0,0,0,0,0,0,,,,,
Tyler Higbee,TE,LA,12,NO,0,0,0,0,0,0,0,0,0,0,0,1,0,0,0,0,0,0,0,0,0,0,,,,,
Tyler Kroft,TE,CIN,12,BAL,0,0,0,0,0,0,0,0,0,0,0,0,0,0,0,0,0,0,0,0,0,0,,,,,
Tyler Lockett,WR,SEA,12,TB,0,0,0,0,0,9,0,1,0,0,0,6,0,0,0,0,0,0,0,0,0,0,,,,,
Tyreek Hill,WR,KC,12,DEN,0,0,0,0,0,3,1,1,9,52,1,10,1,0,0,0,0,0,0,0,0,0,,,,,
Tyrell Williams,WR,LAC,12,HOU,0,0,0,0,0,0,0,0,8,70,1,14,0,0,0,0,0,0,0,0,0,0,,,,,
Tyrod Taylor,QB,BUF,12,JAX,166,1,18,12,0,38,1,7,0,0,0,0,0,0,0,0,0,0,0,0,0,0,,,,,
Vance McDonald,TE,SF,12,MIA,0,0,0,0,0,0,0,0,4,60,0,8,0,0,0,0,0,0,0,0,0,0,,,,,
Vernon Davis,TE,WAS,12,DAL,0,0,0,0,0,0,0,0,5,68,0,7,0,0,0,0,0,0,0,0,0,0,,,,,
Victor Cruz,WR,NYG,12,CLE,0,0,0,0,0,0,0,0,1,37,0,5,0,0,0,0,0,0,0,0,0,0,,,,,
Vince Mayle,TE,DAL,12,WAS,0,0,0,0,0,0,0,0,0,0,0,0,0,0,0,0,0,0,0,0,0,0,,,,,
WAS,DEF,WAS,12,DAL,,,,,,,,,,,,,,,,,,,,,,,0,0,0,0,31.0
Walt Powell,WR,BUF,12,JAX,0,0,0,0,0,0,0,0,1,1,0,1,0,0,0,0,0,0,0,0,0,0,,,,,
Wendell Smallwood,RB,PHI,12,GB,0,0,0,0,0,37,0,9,1,10,0,1,0,0,0,0,0,0,0,0,0,0,,,,,
Wil Lutz,K,NO,12,LA,0,0,0,0,0,0,0,0,0,0,0,0,0,0,0,0,0,0,0,0,0,7,,,,,
Will Fuller,WR,HOU,12,LAC,0,0,0,0,0,0,0,0,4,60,0,6,0,0,0,0,0,0,0,0,0,0,,,,,
Will Tye,TE,NYG,12,CLE,0,0,0,0,0,0,0,0,2,12,0,2,0,0,0,0,0,0,0,0,0,0,,,,,
Willie Snead,WR,NO,12,LA,50,1,1,1,0,0,0,0,5,38,0,7,0,0,0,0,0,0,0,0,0,0,,,,,
Zach Ertz,TE,PHI,12,GB,0,0,0,0,0,0,0,0,3,36,0,6,0,0,0,0,0,0,0,0,0,0,,,,,
Zach Zenner,RB,DET,12,MIN,0,0,0,0,0,0,0,1,0,0,0,0,0,0,0,0,0,0,0,0,0,0,,,,,
A.J. Derby,TE,DEN,13,JAX,0,0,0,0,0,0,0,0,1,3,0,1,0,0,0,0,0,0,0,0,0,0,,,,,
ARI,DEF,ARI,13,WAS,,,,,,,,,,,,,,,,,,,,,,,0,0,0,0,23.0
ATL,DEF,ATL,13,KC,,,,,,,,,,,,,,,,,,,,,,,0,0,0,0,29.0
Aaron Burbridge,WR,SF,13,CHI,0,0,0,0,0,0,0,0,0,0,0,0,0,0,0,0,0,0,0,0,0,0,,,,,
Aaron Rodgers,QB,GB,13,HOU,209,2,30,20,0,16,0,3,0,0,0,0,0,0,0,0,0,0,0,0,0,0,,,,,
Adam Humphries,WR,TB,13,LAC,0,0,0,0,0,0,0,0,2,19,0,2,0,0,0,0,0,0,0,0,0,0,,,,,
Adam Thielen,WR,MIN,13,DAL,0,0,0,0,0,0,0,0,7,86,0,9,0,0,0,0,0,0,0,0,0,0,,,,,
Adam Vinatieri,K,IND,13,NYJ,0,0,0,0,0,0,0,0,0,0,0,0,0,0,0,0,0,1,0,1,0,5,,,,,
Akeem Hunt,RB,HOU,13,GB,0,0,0,0,0,0,0,0,0,0,0,0,0,0,0,0,0,0,0,0,0,0,,,,,
Alan Cross,TE,TB,13,LAC,0,0,0,0,0,0,0,0,1,8,0,2,0,0,0,0,0,0,0,0,0,0,,,,,
Albert Wilson,WR,KC,13,ATL,0,0,0,0,0,55,1,1,4,48,0,4,0,0,0,0,0,0,0,0,0,0,,,,,
Aldrick Robinson,WR,ATL,13,KC,0,0,0,0,0,0,0,0,2,18,1,3,0,0,0,0,0,0,0,0,0,0,,,,,
Alex Ellis,TE,JAX,13,DEN,0,0,0,0,0,0,0,0,0,0,0,0,0,0,0,0,0,0,0,0,0,0,,,,,
Alex Erickson,WR,CIN,13,PHI,0,0,0,0,0,0,0,0,1,16,0,1,0,0,0,0,0,0,0,0,0,0,,,,,
Alex Smith,QB,KC,13,ATL,270,1,25,21,0,-3,0,3,0,0,0,0,0,0,0,0,0,0,0,0,0,0,,,,,
Alfred Blue,RB,HOU,13,GB,0,0,0,0,0,38,0,5,2,3,0,2,0,0,0,0,0,0,0,0,0,0,,,,,
Alfred Morris,RB,DAL,13,MIN,0,0,0,0,0,11,0,1,0,0,0,0,0,0,0,0,0,0,0,0,0,0,,,,,
Allen Robinson,WR,JAX,13,DEN,0,0,0,0,0,0,0,0,3,31,0,10,0,0,0,0,0,0,0,0,0,0,,,,,
Amari Cooper,WR,LV,13,BUF,0,0,0,0,0,0,0,1,2,59,1,4,0,0,0,0,0,0,0,0,0,0,,,,,
Andre Ellington,RB,ARI,13,WAS,0,0,0,0,0,5,0,5,1,10,0,2,0,0,0,0,0,0,0,0,0,0,,,,,
Andre Holmes,WR,LV,13,BUF,0,0,0,0,0,0,0,0,0,0,0,1,0,0,0,0,0,0,0,0,0,0,,,,,
Andre Roberts,WR,DET,13,NO,0,0,0,0,0,0,0,0,4,35,0,7,0,0,0,0,0,0,0,0,0,0,,,,,
Andrew Franks,K,MIA,13,BAL,0,0,0,0,0,0,0,0,0,0,0,0,0,0,0,0,0,0,0,0,0,0,,,,,
Andrew Luck,QB,IND,13,NYJ,278,4,28,22,0,26,0,3,0,0,0,0,0,0,0,0,0,0,0,0,0,0,,,,,
Andy Dalton,QB,CIN,13,PHI,332,2,31,23,0,9,0,2,0,0,0,0,0,0,0,0,0,0,0,0,0,0,,,,,
Anquan Boldin,WR,DET,13,NO,0,0,0,0,0,0,0,0,4,40,0,6,0,0,0,0,0,0,0,0,0,0,,,,,
Antonio Brown,WR,PIT,13,NYG,0,0,0,0,0,0,0,0,6,54,1,7,0,0,0,0,0,0,0,0,0,0,,,,,
Antonio Gates,TE,LAC,13,TB,0,0,0,0,0,0,0,0,4,37,0,4,0,0,0,0,0,0,0,0,0,0,,,,,
Arrelious Benn,WR,JAX,13,DEN,0,0,0,0,0,0,0,0,0,0,0,0,0,0,0,0,0,0,0,0,0,0,,,,,
Austin Hooper,TE,ATL,13,KC,0,0,0,0,0,0,0,0,0,0,0,1,0,0,0,0,0,0,0,0,0,0,,,,,
Austin Seferian-Jenkins,TE,NYJ,13,IND,0,0,0,0,0,0,0,0,2,29,0,5,0,0,0,0,0,0,0,0,0,0,,,,,
BAL,DEF,BAL,13,MIA,,,,,,,,,,,,,,,,,,,,,,,0,0,0,0,6.0
BUF,DEF,BUF,13,LV,,,,,,,,,,,,,,,,,,,,,,,0,0,0,0,38.0
Ben Braunecker,TE,CHI,13,SF,0,0,0,0,0,0,0,0,0,0,0,0,0,0,0,0,0,0,0,0,0,0,,,,,
Ben Koyack,TE,JAX,13,DEN,0,0,0,0,0,0,0,0,1,4,0,3,0,0,0,0,0,0,0,0,0,0,,,,,
Ben Roethlisberger,QB,PIT,13,NYG,289,2,36,24,1,0,0,0,0,0,0,0,0,0,0,0,0,0,0,0,0,0,,,,,
Benny Cunningham,RB,LA,13,NE,0,0,0,0,0,-1,0,1,0,0,0,0,0,0,0,0,0,0,0,0,0,0,,,,,
Bilal Powell,RB,NYJ,13,IND,0,0,0,0,0,3,0,1,0,0,0,1,0,0,0,0,0,0,0,0,0,0,,,,,
Blaine Gabbert,QB,SF,13,CHI,35,0,10,4,0,1,0,1,0,0,0,0,0,0,0,0,0,0,0,0,0,0,,,,,
Blake Bortles,QB,JAX,13,DEN,181,0,42,19,2,29,1,2,0,0,0,0,0,0,0,0,0,0,0,0,0,0,,,,,
Bobby Rainey,RB,NYG,13,PIT,0,0,0,0,0,0,0,0,0,0,0,0,0,0,0,0,0,0,0,0,0,0,,,,,
Bradley Marquez,WR,LA,13,NE,0,0,0,0,0,0,0,0,0,0,0,1,0,0,0,0,0,0,0,0,0,0,,,,,
Bradley Sowell,TE,SEA,13,CAR,0,0,0,0,0,0,0,0,0,0,0,0,0,0,0,0,0,0,0,0,0,0,,,,,
Brandin Cooks,WR,NO,13,DET,0,0,0,0,0,4,0,1,7,73,0,9,0,0,0,0,0,0,0,0,0,0,,,,,
Brandon Bolden,RB,NE,13,LA,0,0,0,0,0,0,0,0,0,0,0,0,0,0,0,0,0,0,0,0,0,0,,,,,
Brandon Bostick,TE,NYJ,13,IND,0,0,0,0,0,0,0,0,1,12,0,1,0,0,0,0,0,0,0,0,0,0,,,,,
Brandon LaFell,WR,CIN,13,PHI,0,0,0,0,0,0,0,0,5,95,1,7,0,0,0,0,0,0,0,0,0,0,,,,,
Brandon Marshall,WR,NYJ,13,IND,0,0,0,0,0,0,0,0,4,43,0,8,0,0,0,0,0,0,0,0,0,0,,,,,
Brandon McManus,K,DEN,13,JAX,0,0,0,0,0,0,0,0,0,0,0,0,0,0,0,0,0,1,1,0,0,2,,,,,
Brandon Myers,TE,TB,13,LAC,0,0,0,0,0,0,0,0,0,0,0,1,0,0,0,0,0,0,0,0,0,0,,,,,
Brandon Tate,WR,BUF,13,LV,0,0,0,0,0,0,0,0,1,13,0,1,0,0,0,0,0,0,0,0,0,0,,,,,
Braxton Miller,WR,HOU,13,GB,0,0,0,0,0,0,0,0,0,0,0,2,0,0,0,0,0,0,0,0,0,0,,,,,
Brenton Bersin,WR,CAR,13,SEA,0,0,0,0,0,0,0,0,1,7,0,1,0,0,0,0,0,0,0,0,0,0,,,,,
Breshad Perriman,WR,BAL,13,MIA,0,0,0,0,0,0,0,0,2,59,1,3,0,0,0,0,0,0,0,0,0,0,,,,,
Brian Quick,WR,LA,13,NE,0,0,0,0,0,0,0,0,5,48,0,8,0,0,0,0,0,0,0,0,0,0,,,,,
Brittan Golden,WR,ARI,13,WAS,0,0,0,0,0,0,0,0,0,0,0,0,0,0,0,0,0,0,0,0,0,0,,,,,
Brock Osweiler,QB,HOU,13,GB,202,2,35,22,0,20,0,3,0,-8,0,0,0,0,0,0,0,0,0,0,0,0,,,,,
Bryan Walters,WR,JAX,13,DEN,0,0,0,0,0,0,0,0,3,31,0,6,0,0,0,0,0,0,0,0,0,0,,,,,
Bryce Petty,QB,NYJ,13,IND,135,1,25,11,2,0,0,0,0,0,0,0,0,0,0,0,0,0,0,0,0,0,,,,,
C.J. Fiedorowicz,TE,HOU,13,GB,0,0,0,0,0,0,0,0,6,44,0,9,0,0,0,0,0,0,0,0,0,0,,,,,
C.J. Spiller,RB,NYJ,13,IND,0,0,0,0,0,5,0,2,1,7,0,2,0,0,0,0,0,0,0,0,0,0,,,,,
CAR,DEF,CAR,13,SEA,,,,,,,,,,,,,,,,,,,,,,,0,0,0,0,40.0
CHI,DEF,CHI,13,SF,,,,,,,,,,,,,,,,,,,,,,,0,1,0,0,6.0
CIN,DEF,CIN,13,PHI,,,,,,,,,,,,,,,,,,,,,,,0,0,0,0,14.0
Cairo Santos,K,KC,13,ATL,0,0,0,0,0,0,0,0,0,0,0,0,0,0,0,0,0,0,0,0,0,3,,,,,
Caleb Sturgis,K,PHI,13,CIN,0,0,0,0,0,0,0,0,0,0,0,0,0,0,0,0,0,0,0,0,0,2,,,,,
Cam Newton,QB,CAR,13,SEA,182,1,32,14,0,12,0,3,0,0,0,0,0,0,0,0,0,0,0,0,0,0,,,,,
Cameron Brate,TE,TB,13,LAC,0,0,0,0,0,0,0,0,6,86,1,9,0,0,0,0,0,0,0,0,0,0,,,,,
Cameron Meredith,WR,CHI,13,SF,0,0,0,0,0,0,0,0,3,67,0,4,0,0,0,0,0,0,0,0,0,0,,,,,
Carlos Hyde,RB,SF,13,CHI,0,0,0,0,0,92,0,20,1,6,0,2,0,0,0,0,0,0,0,0,0,0,,,,,
Carson Palmer,QB,ARI,13,WAS,300,3,46,30,0,-1,0,1,0,0,0,0,0,0,0,0,0,0,0,0,0,0,,,,,
Carson Wentz,QB,PHI,13,CIN,308,1,60,36,3,16,0,3,1,7,0,1,0,0,0,0,0,0,0,0,0,0,,,,,
Cecil Shorts,WR,TB,13,LAC,0,0,0,0,0,0,0,0,1,14,0,2,0,0,0,0,0,0,0,0,0,0,,,,,
Chandler Catanzaro,K,ARI,13,WAS,0,0,0,0,0,0,0,0,0,0,0,0,0,0,0,0,1,0,0,0,0,4,,,,,
Charcandrick West,RB,KC,13,ATL,0,0,0,0,0,0,0,1,0,0,0,0,0,0,0,0,0,0,0,0,0,0,,,,,
Charles D. Johnson,WR,MIN,13,DAL,0,0,0,0,0,0,0,0,3,36,0,5,0,0,0,0,0,0,0,0,0,0,,,,,
Charone Peake,WR,NYJ,13,IND,0,0,0,0,0,0,0,0,0,0,0,2,0,0,0,0,0,0,0,0,0,0,,,,,
Chase Reynolds,RB,LA,13,NE,0,0,0,0,0,0,0,0,0,0,0,0,0,0,0,0,0,0,0,0,0,0,,,,,
Chester Rogers,WR,IND,13,NYJ,0,0,0,0,0,0,0,0,0,0,0,0,0,0,0,0,0,0,0,0,0,0,,,,,
Chris Conley,WR,KC,13,ATL,0,0,0,0,0,0,0,0,0,0,0,2,0,0,0,0,0,0,0,0,0,0,,,,,
Chris Harper,WR,SF,13,CHI,0,0,0,0,0,0,0,0,1,6,0,2,0,0,0,0,0,0,0,0,0,0,,,,,
Chris Hogan,WR,NE,13,LA,0,0,0,0,0,0,0,0,4,23,1,5,0,0,0,0,0,0,0,0,0,0,,,,,
Chris Moore,WR,BAL,13,MIA,0,0,0,0,0,7,0,1,0,0,0,2,0,0,0,0,0,0,0,0,0,0,,,,,
Chris Thompson,RB,WAS,13,ARI,0,0,0,0,0,24,0,2,1,21,0,2,0,0,0,0,0,0,0,0,0,0,,,,,
Christine Michael,RB,GB,13,HOU,0,0,0,0,0,19,0,9,0,0,0,0,0,0,0,0,0,0,0,0,0,0,,,,,
Clive Walford,TE,LV,13,BUF,0,0,0,0,0,0,0,0,1,18,0,3,0,0,0,0,0,0,0,0,0,0,,,,,
Cobi Hamilton,WR,PIT,13,NYG,0,0,0,0,0,0,0,0,2,11,0,3,0,0,0,0,0,0,0,0,0,0,,,,,
Coby Fleener,TE,NO,13,DET,0,0,0,0,0,0,0,0,5,86,0,7,0,0,0,0,0,0,0,0,0,0,,,,,
Cody Core,WR,CIN,13,PHI,0,0,0,0,0,0,0,0,2,58,0,2,0,0,0,0,0,0,0,0,0,0,,,,,
Cody Latimer,WR,DEN,13,JAX,0,0,0,0,0,0,0,0,1,10,0,1,0,0,0,0,0,0,0,0,0,0,,,,,
Cole Beasley,WR,DAL,13,MIN,0,0,0,0,0,0,0,0,2,23,0,4,0,0,0,0,0,0,0,0,0,0,,,,,
Colin Kaepernick,QB,SF,13,CHI,4,0,5,1,0,20,0,6,0,0,0,0,0,0,0,0,0,0,0,0,0,0,,,,,
Connor Barth,K,CHI,13,SF,0,0,0,0,0,0,0,0,0,0,0,0,0,0,0,0,0,0,1,0,0,3,,,,,
Cordarrelle Patterson,RB,MIN,13,DAL,0,0,0,0,0,6,0,2,2,10,0,3,0,0,0,0,0,0,0,0,0,0,,,,,
Corey Brown,WR,CAR,13,SEA,0,0,0,0,0,-3,0,1,0,0,0,2,0,0,0,0,0,0,0,0,0,0,,,,,
Corey Grant,RB,JAX,13,DEN,0,0,0,0,0,2,0,1,0,0,0,0,0,0,0,0,0,0,0,0,0,0,,,,,
DAL,DEF,DAL,13,MIN,,,,,,,,,,,,,,,,,,,,,,,0,0,0,0,15.0
DEN,DEF,DEN,13,JAX,,,,,,,,,,,,,,,,,,,,,,,1,0,0,0,10.0
DET,DEF,DET,13,NO,,,,,,,,,,,,,,,,,,,,,,,0,0,0,0,13.0
Dak Prescott,QB,DAL,13,MIN,139,1,18,12,0,37,0,6,0,0,0,0,0,0,0,0,0,0,0,0,0,0,,,,,
Damien Williams,RB,MIA,13,BAL,0,0,0,0,0,1,0,1,2,8,0,2,0,0,0,0,0,0,0,0,0,0,,,,,
Dan Bailey,K,DAL,13,MIN,0,0,0,0,0,0,0,0,0,0,0,0,0,0,0,0,0,1,0,0,0,2,,,,,
Dan Carpenter,K,BUF,13,LV,0,0,0,0,0,0,0,0,0,0,0,0,0,0,0,0,1,0,0,0,0,3,,,,,
Daniel Brown,TE,CHI,13,SF,0,0,0,0,0,0,0,0,2,13,0,2,0,0,0,0,0,0,0,0,0,0,,,,,
Danny Amendola,WR,NE,13,LA,0,0,0,0,0,0,0,0,3,30,0,4,0,0,0,0,0,0,0,0,0,0,,,,,
Darren Fells,TE,ARI,13,WAS,0,0,0,0,0,0,0,0,1,9,0,1,0,0,0,0,0,0,0,0,0,0,,,,,
Darren Sproles,RB,PHI,13,CIN,0,0,0,0,0,14,1,7,6,35,0,6,0,0,0,0,0,0,0,0,0,0,,,,,
Darren Waller,TE,BAL,13,MIA,0,0,0,0,0,0,0,0,1,15,0,2,0,0,0,0,0,0,0,0,0,0,,,,,
Davante Adams,WR,GB,13,HOU,0,0,0,0,0,0,0,0,1,17,0,7,0,0,0,0,0,0,0,0,0,0,,,,,
David Johnson,TE,PIT,13,NYG,0,0,0,0,0,0,0,0,0,0,0,1,0,0,0,0,0,0,0,0,0,0,,,,,
David Johnson,RB,ARI,13,WAS,0,0,0,0,0,84,1,18,9,91,1,12,0,0,0,0,0,0,0,0,0,0,,,,,
De'Anthony Thomas,WR,KC,13,ATL,0,0,0,0,0,23,0,1,0,0,0,0,0,0,0,0,0,0,0,0,0,0,,,,,
DeAndre Hopkins,WR,HOU,13,GB,0,0,0,0,0,0,0,0,3,58,1,8,0,0,0,0,0,0,0,0,0,0,,,,,
DeSean Jackson,WR,WAS,13,ARI,0,0,0,0,0,0,0,0,1,59,0,4,0,0,0,0,0,0,0,0,0,0,,,,,
DeVante Parker,WR,MIA,13,BAL,0,0,0,0,0,0,0,0,3,34,1,4,0,0,0,0,0,0,0,0,0,0,,,,,
Demaryius Thomas,WR,DEN,13,JAX,0,0,0,0,0,0,0,0,6,61,0,10,0,0,0,0,0,0,0,0,0,0,,,,,
Demetrius Harris,TE,KC,13,ATL,0,0,0,0,0,0,0,0,1,6,0,1,0,0,0,0,0,0,0,0,0,0,,,,,
Denard Robinson,RB,JAX,13,DEN,0,0,0,0,0,53,0,17,1,11,0,1,0,0,0,0,0,0,0,0,0,0,,,,,
Dennis Pitta,TE,BAL,13,MIA,0,0,0,0,0,0,0,0,9,90,2,11,0,0,0,0,0,0,0,0,0,0,,,,,
Deonte Thompson,WR,CHI,13,SF,0,0,0,0,0,0,0,0,2,19,0,3,0,0,0,0,0,0,0,0,0,0,,,,,
Derek Anderson,QB,CAR,13,SEA,0,0,1,0,1,0,0,0,0,0,0,0,0,0,0,0,0,0,0,0,0,0,,,,,
Derek Carr,QB,LV,13,BUF,260,2,35,19,0,4,0,2,0,0,0,0,0,0,1,0,0,0,0,0,0,0,,,,,
Derek Carrier,TE,WAS,13,ARI,0,0,0,0,0,0,0,0,1,6,0,1,0,0,0,0,0,0,0,0,0,0,,,,,
Devin Funchess,WR,CAR,13,SEA,0,0,0,0,0,0,0,0,2,44,0,4,0,0,0,0,0,0,0,0,0,0,,,,,
Devin Hester,WR,BAL,13,MIA,0,0,0,0,0,0,0,0,0,0,0,0,0,0,0,0,0,0,0,0,0,0,,,,,
Devonta Freeman,RB,ATL,13,KC,0,0,0,0,0,56,2,15,4,49,0,5,0,0,0,0,0,0,0,0,0,0,,,,,
Devontae Booker,RB,DEN,13,JAX,0,0,0,0,0,35,1,18,1,2,0,1,0,0,0,0,0,0,0,0,0,0,,,,,
Dez Bryant,WR,DAL,13,MIN,0,0,0,0,0,0,0,0,4,84,1,6,0,0,0,0,0,0,0,0,0,0,,,,,
Dezmin Lewis,WR,BUF,13,LV,0,0,0,0,0,0,0,0,0,0,0,1,0,0,0,0,0,0,0,0,0,0,,,,,
Dion Lewis,RB,NE,13,LA,0,0,0,0,0,27,0,5,4,11,0,5,0,0,0,0,0,0,0,0,0,0,,,,,
Dion Sims,TE,MIA,13,BAL,0,0,0,0,0,0,0,0,3,39,0,4,0,0,0,0,0,0,0,0,0,0,,,,,
Dominique Jones,TE,MIA,13,BAL,0,0,0,0,0,0,0,0,1,7,0,1,0,0,0,0,0,0,0,0,0,0,,,,,
Donte Moncrief,WR,IND,13,NYJ,0,0,0,0,0,0,0,0,4,26,1,6,0,0,0,0,0,0,0,0,0,0,,,,,
Dontrelle Inman,WR,LAC,13,TB,0,0,0,0,0,0,0,0,2,49,1,5,0,0,0,0,0,0,0,0,0,0,,,,,
Dorial Green-Beckham,WR,PHI,13,CIN,0,0,0,0,0,0,0,0,4,29,0,10,0,0,0,0,0,0,0,0,0,0,,,,,
Doug Baldwin,WR,SEA,13,CAR,0,0,0,0,0,0,0,0,7,65,0,7,0,0,0,0,0,0,0,0,0,0,,,,,
Doug Martin,RB,TB,13,LAC,0,0,0,0,0,45,1,17,1,23,0,1,0,0,0,0,0,0,0,0,0,0,,,,,
Drew Brees,QB,NO,13,DET,326,0,44,31,3,0,0,0,0,0,0,0,0,0,0,0,0,0,0,0,0,0,,,,,
DuJuan Harris,RB,SF,13,CHI,0,0,0,0,0,8,0,2,0,0,0,0,0,0,0,0,0,0,0,0,0,0,,,,,
Dustin Hopkins,K,WAS,13,ARI,0,0,0,0,0,0,0,0,0,0,0,0,0,0,0,0,1,0,1,1,0,2,,,,,
Dwayne Allen,TE,IND,13,NYJ,0,0,0,0,0,0,0,0,4,72,3,4,0,0,0,0,0,0,0,0,0,0,,,,,
Dwayne Harris,WR,NYG,13,PIT,0,0,0,0,0,0,0,0,0,0,0,0,0,0,0,0,0,0,0,0,0,0,,,,,
Dwayne Washington,RB,DET,13,NO,0,0,0,0,0,21,0,7,2,19,0,2,0,0,0,0,0,0,0,0,0,0,,,,,
Ed Dickson,TE,CAR,13,SEA,0,0,0,0,0,0,0,0,0,0,0,1,0,0,0,0,0,0,0,0,0,0,,,,,
Eli Manning,QB,NYG,13,PIT,195,2,39,24,2,-1,0,1,0,0,0,0,0,0,0,0,0,0,0,0,0,0,,,,,
Eli Rogers,WR,PIT,13,NYG,0,0,0,0,0,0,0,0,1,18,0,3,0,0,0,0,0,0,0,0,0,0,,,,,
Emmanuel Sanders,WR,DEN,13,JAX,0,0,0,0,0,4,0,1,3,28,0,9,0,0,0,0,0,0,0,0,0,0,,,,,
Eric Ebron,TE,DET,13,NO,0,0,0,0,0,0,0,0,4,38,0,6,0,0,0,0,0,0,0,0,0,0,,,,,
Eric Weems,WR,ATL,13,KC,0,0,0,0,0,0,0,0,0,0,0,0,0,0,0,0,0,0,0,0,0,0,,,,,
Erik Swoope,TE,IND,13,NYJ,0,0,0,0,0,0,0,0,2,15,0,3,0,0,0,0,0,0,0,0,0,0,,,,,
Ezekiel Elliott,RB,DAL,13,MIN,0,0,0,0,0,86,1,20,4,19,0,5,0,0,0,0,0,0,0,0,0,0,,,,,
Fitzgerald Toussaint,RB,PIT,13,NYG,0,0,0,0,0,0,0,0,0,0,0,0,0,0,0,0,0,0,0,0,0,0,,,,,
Fozzy Whittaker,RB,CAR,13,SEA,0,0,0,0,0,3,0,1,0,0,0,0,0,0,0,0,0,0,0,0,0,0,,,,,
Frank Gore,RB,IND,13,NYJ,0,0,0,0,0,79,0,20,0,0,0,1,0,0,0,0,0,0,0,0,0,0,,,,,
Freddie Martino,WR,TB,13,LAC,0,0,0,0,0,0,0,0,4,56,0,4,0,0,0,0,0,0,0,0,0,0,,,,,
GB,DEF,GB,13,HOU,,,,,,,,,,,,,,,,,,,,,,,0,0,0,0,13.0
Gavin Escobar,TE,DAL,13,MIN,0,0,0,0,0,0,0,0,0,0,0,0,0,0,0,0,0,0,0,0,0,0,,,,,
George Farmer,RB,SEA,13,CAR,0,0,0,0,0,1,0,1,0,0,0,1,0,0,0,0,0,0,0,0,0,0,,,,,
Gerald Christian,TE,BUF,13,LV,0,0,0,0,0,0,0,0,1,14,0,2,0,0,0,0,0,0,0,0,0,0,,,,,
Golden Tate,WR,DET,13,NO,0,0,0,0,0,0,0,0,8,145,1,10,0,0,0,0,0,0,0,0,0,0,,,,,
Graham Gano,K,CAR,13,SEA,0,0,0,0,0,0,0,0,0,0,0,0,0,0,0,0,0,0,0,0,0,1,,,,,
Greg Olsen,TE,CAR,13,SEA,0,0,0,0,0,0,0,0,3,30,0,7,0,0,0,0,0,0,0,0,0,0,,,,,
Greg Zuerlein,K,LA,13,NE,0,0,0,0,0,0,0,0,0,0,0,0,0,0,0,0,0,0,1,0,0,1,,,,,
HOU,DEF,HOU,13,GB,,,,,,,,,,,,,,,,,,,,,,,0,0,0,0,21.0
Hakeem Valles,TE,ARI,13,WAS,0,0,0,0,0,0,0,0,0,0,0,0,0,0,0,0,0,0,0,0,0,0,,,,,
Hunter Henry,TE,LAC,13,TB,0,0,0,0,0,0,0,0,1,14,0,1,0,0,0,0,0,0,0,0,0,0,,,,,
IND,DEF,IND,13,NYJ,,,,,,,,,,,,,,,,,,,,,,,0,0,0,0,10.0
Isaiah Burse,WR,LAC,13,TB,0,0,0,0,0,0,0,0,0,0,0,0,0,0,0,0,0,0,0,0,0,0,,,,,
J.J. Nelson,WR,ARI,13,WAS,0,0,0,0,0,0,0,0,1,42,1,2,0,0,0,0,0,0,0,0,0,0,,,,,
JAX,DEF,JAX,13,DEN,,,,,,,,,,,,,,,,,,,,,,,0,0,0,0,20.0
Jack Doyle,TE,IND,13,NYJ,0,0,0,0,0,0,0,0,4,30,0,4,0,0,0,0,0,0,0,0,0,0,,,,,
Jacquizz Rodgers,RB,TB,13,LAC,0,0,0,0,0,29,0,7,1,21,0,1,0,0,0,0,0,0,0,0,0,0,,,,,
Jakeem Grant,WR,MIA,13,BAL,0,0,0,0,0,0,0,0,0,0,0,0,0,0,0,0,0,0,0,0,0,0,,,,,
Jalen Richard,RB,LV,13,BUF,0,0,0,0,0,53,0,9,0,0,0,0,0,0,0,0,0,0,0,0,0,0,,,,,
Jameis Winston,QB,TB,13,LAC,280,1,30,20,1,1,0,4,0,0,0,0,0,0,1,0,0,0,0,0,0,0,,,,,
James Starks,RB,GB,13,HOU,0,0,0,0,0,1,0,4,0,0,0,0,0,0,0,0,0,0,0,0,0,0,,,,,
James White,RB,NE,13,LA,0,0,0,0,0,17,0,3,4,18,0,5,0,0,0,0,0,0,0,0,0,0,,,,,
James Wright,WR,CIN,13,PHI,0,0,0,0,0,0,0,0,2,20,0,2,0,0,0,0,0,0,0,0,0,0,,,,,
Jamison Crowder,WR,WAS,13,ARI,0,0,0,0,0,0,0,0,3,42,1,8,0,0,0,0,0,0,0,0,0,0,,,,,
Jared Cook,TE,GB,13,HOU,0,0,0,0,0,0,0,0,3,19,0,4,0,0,0,0,0,0,0,0,0,0,,,,,
Jared Goff,QB,LA,13,NE,161,1,32,14,2,-1,0,1,0,0,0,0,0,0,0,0,0,0,0,0,0,0,,,,,
Jarvis Landry,WR,MIA,13,BAL,0,0,0,0,0,-1,0,1,11,87,0,14,0,0,0,0,0,0,0,0,0,0,,,,,
Jason Myers,K,JAX,13,DEN,0,0,0,0,0,0,0,0,0,0,0,0,0,0,0,0,0,0,1,0,0,1,,,,,
Jay Ajayi,RB,MIA,13,BAL,0,0,0,0,0,61,0,12,6,26,0,7,0,0,0,0,0,0,0,0,0,0,,,,,
Jeff Janis,WR,GB,13,HOU,0,0,0,0,0,19,0,1,0,0,0,0,0,0,0,0,0,0,0,0,0,0,,,,,
Jerell Adams,TE,NYG,13,PIT,0,0,0,0,0,0,0,0,1,10,0,3,0,0,0,0,0,0,0,0,0,0,,,,,
Jeremy Hill,RB,CIN,13,PHI,0,0,0,0,0,33,1,23,2,12,0,3,0,0,0,0,0,0,0,0,0,0,,,,,
Jeremy Kerley,WR,SF,13,CHI,0,0,0,0,0,0,0,0,1,18,0,2,0,0,0,0,0,0,0,0,0,0,,,,,
Jeremy Langford,RB,CHI,13,SF,0,0,0,0,0,2,0,1,0,0,0,0,0,0,0,0,0,0,0,0,0,0,,,,,
Jeremy Ross,WR,NYJ,13,IND,0,0,0,0,0,0,0,0,0,0,0,0,0,0,0,0,0,0,0,0,0,0,,,,,
Jerick McKinnon,RB,MIN,13,DAL,0,0,1,0,0,41,0,9,5,14,1,6,0,0,0,0,0,0,0,0,0,0,,,,,
Jermaine Gresham,TE,ARI,13,WAS,0,0,0,0,0,0,0,0,5,52,0,6,0,0,0,0,0,0,0,0,0,0,,,,,
Jermaine Kearse,WR,SEA,13,CAR,0,0,0,0,0,0,0,0,5,68,0,9,0,0,0,0,0,0,0,0,0,0,,,,,
Jesse James,TE,PIT,13,NYG,0,0,0,0,0,0,0,0,3,32,0,4,0,0,0,0,0,0,0,0,0,0,,,,,
Jimmy Graham,TE,SEA,13,CAR,0,0,0,0,0,0,0,0,6,63,1,9,0,0,0,0,0,0,0,0,0,0,,,,,
Joe Flacco,QB,BAL,13,MIA,381,4,47,36,1,0,0,0,0,0,0,0,0,0,0,0,0,0,0,0,0,0,,,,,
Joe Webb,QB,CAR,13,SEA,0,0,0,0,0,0,0,0,0,0,0,0,0,0,0,0,0,0,0,0,0,0,,,,,
John Brown,WR,ARI,13,WAS,0,0,0,0,0,0,0,0,0,0,0,1,0,0,0,0,0,0,0,0,0,0,,,,,
Johnny Holton,WR,LV,13,BUF,0,0,0,0,0,0,0,0,0,0,0,0,0,0,0,0,0,0,0,0,0,0,,,,,
Jonathan Grimes,RB,HOU,13,GB,0,0,0,0,0,43,0,5,1,15,0,1,0,0,0,0,0,0,0,0,0,0,,,,,
Jonathan Stewart,RB,CAR,13,SEA,0,0,0,0,0,50,0,11,1,3,0,1,0,0,0,0,0,0,0,0,0,0,,,,,
Jordan Howard,RB,CHI,13,SF,0,0,0,0,0,117,3,32,0,0,0,1,0,0,0,0,0,0,0,0,0,0,,,,,
Jordan Norwood,WR,DEN,13,JAX,0,0,0,0,0,0,0,0,0,0,0,1,0,0,0,0,0,0,0,0,0,0,,,,,
Jordan Todman,RB,IND,13,NYJ,0,0,0,0,0,3,0,2,0,0,0,0,0,0,0,0,0,0,0,0,0,0,,,,,
Jordy Nelson,WR,GB,13,HOU,0,0,0,0,0,0,0,0,8,118,1,10,0,0,0,0,0,0,0,0,0,0,,,,,
Josh Bellamy,WR,CHI,13,SF,0,0,0,0,0,12,0,1,4,93,0,6,0,0,0,0,0,0,0,0,0,0,,,,,
Josh Ferguson,RB,IND,13,NYJ,0,0,0,0,0,11,0,5,0,0,0,0,0,0,0,0,0,0,0,0,0,0,,,,,
Josh Hill,TE,NO,13,DET,0,0,0,0,0,0,0,0,1,3,0,2,0,0,0,0,0,0,0,0,0,0,,,,,
Josh Lambo,K,LAC,13,TB,0,0,0,0,0,0,0,0,0,0,0,0,0,0,0,0,0,0,0,0,0,3,,,,,
Josh Perkins,TE,ATL,13,KC,0,0,0,0,0,0,0,0,0,0,0,0,0,0,0,0,0,0,0,0,0,0,,,,,
Julian Edelman,WR,NE,13,LA,0,0,0,0,0,0,0,0,8,101,0,12,0,0,0,0,0,0,0,0,0,0,,,,,
Julio Jones,WR,ATL,13,KC,0,0,0,0,0,0,0,0,7,113,0,9,0,0,0,0,0,0,0,0,0,0,,,,,
Justin Hardy,WR,ATL,13,KC,0,0,0,0,0,0,0,0,1,5,0,3,0,0,0,0,0,0,0,0,0,0,,,,,
Justin Hunter,WR,BUF,13,LV,0,0,0,0,0,0,0,0,1,22,0,4,0,0,0,0,0,0,0,0,0,0,,,,,
Justin Tucker,K,BAL,13,MIA,0,0,0,0,0,0,0,0,0,0,0,0,0,0,0,0,0,0,0,1,0,5,,,,,
Juwan Thompson,RB,DEN,13,JAX,0,0,0,0,0,5,0,2,0,0,0,0,0,0,0,0,0,0,0,0,0,0,,,,,
KC,DEF,KC,13,ATL,,,,,,,,,,,,,,,,,,,,,,,1,0,0,0,28.0
Ka'Deem Carey,RB,CHI,13,SF,0,0,0,0,0,8,0,2,0,0,0,1,0,0,0,0,0,0,0,0,0,0,,,,,
Kai Forbath,K,MIN,13,DAL,0,0,0,0,0,0,0,0,0,0,0,0,0,0,0,0,0,2,1,0,0,0,,,,,
Kalif Raymond,WR,DEN,13,JAX,0,0,0,0,0,0,0,0,0,0,0,0,0,0,0,0,0,0,0,0,0,0,,,,,
Kamar Aiken,WR,BAL,13,MIA,0,0,0,0,0,0,0,0,3,41,0,3,0,0,0,0,0,0,0,0,0,0,,,,,
Kapri Bibbs,RB,DEN,13,JAX,0,0,0,0,0,49,0,5,0,0,0,0,0,0,0,0,0,0,0,0,0,0,,,,,
Keith Mumphery,WR,HOU,13,GB,0,0,0,0,0,0,0,0,0,0,0,0,0,0,0,0,0,0,0,0,0,0,,,,,
Kelvin Benjamin,WR,CAR,13,SEA,0,0,0,0,0,0,0,0,2,18,0,9,0,0,0,0,0,0,0,0,0,0,,,,,
Kenjon Barner,RB,PHI,13,CIN,0,0,0,0,0,0,0,0,1,2,0,3,0,0,0,0,0,0,0,0,0,0,,,,,
Kenneth Dixon,RB,BAL,13,MIA,0,0,0,0,0,56,0,6,4,21,0,4,0,0,0,0,0,0,0,0,0,0,,,,,
Kenneth Farrow,RB,LAC,13,TB,0,0,0,0,0,15,0,4,0,0,0,0,0,0,0,0,0,0,0,0,0,0,,,,,
Kenny Britt,WR,LA,13,NE,0,0,0,0,0,0,0,0,2,67,1,6,0,0,0,0,0,0,0,0,0,0,,,,,
Kenny Stills,WR,MIA,13,BAL,0,0,0,0,0,0,0,0,2,21,0,5,0,0,0,0,0,0,0,0,0,0,,,,,
Kenyan Drake,RB,MIA,13,BAL,0,0,0,0,0,1,0,1,1,4,0,1,0,0,0,0,0,0,0,0,0,0,,,,,
Kirk Cousins,QB,WAS,13,ARI,271,1,37,21,1,0,1,2,0,0,0,0,0,0,0,0,0,0,0,0,0,0,,,,,
Kyle Juszczyk,RB,BAL,13,MIA,0,0,0,0,0,0,0,0,1,6,0,1,0,0,0,0,0,0,0,0,0,0,,,,,
Kyle Rudolph,TE,MIN,13,DAL,0,0,0,0,0,0,0,0,6,45,0,12,0,0,0,0,0,0,0,0,0,0,,,,,
LA,DEF,LA,13,NE,,,,,,,,,,,,,,,,,,,,,,,0,0,0,0,26.0
LAC,DEF,LAC,13,TB,,,,,,,,,,,,,,,,,,,,,,,0,0,0,0,0.0
LV,DEF,LV,13,BUF,,,,,,,,,,,,,,,,,,,,,,,0,0,0,0,0.0
Ladarius Green,TE,PIT,13,NYG,0,0,0,0,0,0,0,0,6,110,1,11,0,0,0,0,0,0,0,0,0,0,,,,,
Lamar Miller,RB,HOU,13,GB,0,0,0,0,0,22,0,14,1,-4,0,1,0,0,0,0,0,0,0,0,0,0,,,,,
Lance Dunbar,RB,DAL,13,MIN,0,0,0,0,0,0,0,0,0,0,0,0,0,0,0,0,0,0,0,0,0,0,,,,,
Lance Kendricks,TE,LA,13,NE,0,0,0,0,0,0,0,0,2,13,0,5,0,0,0,0,0,0,0,0,0,0,,,,,
Landry Jones,QB,PIT,13,NYG,0,0,0,0,0,-1,0,1,0,0,0,0,0,0,0,0,0,0,0,0,0,0,,,,,
Laquon Treadwell,WR,MIN,13,DAL,0,0,0,0,0,0,0,0,0,0,0,2,0,0,0,0,0,0,0,0,0,0,,,,,
Larry Donnell,TE,NYG,13,PIT,0,0,0,0,0,0,0,0,0,0,0,1,0,0,0,0,0,0,0,0,0,0,,,,,
Larry Fitzgerald,WR,ARI,13,WAS,0,0,0,0,0,0,0,0,10,78,0,11,0,0,0,0,0,0,0,0,0,0,,,,,
Latavius Murray,RB,LV,13,BUF,0,0,0,0,0,82,2,20,3,23,0,5,0,0,0,0,0,0,0,0,0,0,,,,,
Le'Veon Bell,RB,PIT,13,NYG,0,0,1,0,0,118,0,29,6,64,0,7,0,0,0,0,0,0,0,0,0,0,,,,,
LeGarrette Blount,RB,NE,13,LA,0,0,0,0,0,88,1,18,0,0,0,0,0,0,0,0,0,0,0,0,0,0,,,,,
LeSean McCoy,RB,BUF,13,LV,0,0,0,0,0,130,0,17,7,61,0,7,0,0,0,0,0,0,0,0,0,0,,,,,
Leonte Carroo,WR,MIA,13,BAL,0,0,0,0,0,0,0,0,0,0,0,1,0,0,0,0,0,0,0,0,0,0,,,,,
Levine Toilolo,TE,ATL,13,KC,0,0,0,0,0,0,0,0,1,42,0,1,0,0,0,0,0,0,0,0,0,0,,,,,
Lucky Whitehead,WR,DAL,13,MIN,0,0,0,0,0,6,0,1,0,0,0,0,0,0,0,0,0,0,0,0,0,0,,,,,
MIA,DEF,MIA,13,BAL,,,,,,,,,,,,,,,,,,,,,,,0,0,0,0,38.0
MIN,DEF,MIN,13,DAL,,,,,,,,,,,,,,,,,,,,,,,0,0,0,0,17.0
Malcolm Mitchell,WR,NE,13,LA,0,0,0,0,0,0,0,0,8,82,0,10,0,0,0,0,0,0,0,0,0,0,,,,,
Mark Ingram,RB,NO,13,DET,0,0,0,0,0,37,0,7,5,16,0,5,0,0,0,0,0,0,0,0,0,0,,,,,
Marqise Lee,WR,JAX,13,DEN,0,0,0,0,0,10,0,2,3,34,0,9,0,0,0,0,0,0,0,0,0,0,,,,,
Marquess Wilson,WR,CHI,13,SF,0,0,0,0,0,0,0,0,0,0,0,1,0,0,0,0,0,0,0,0,0,0,,,,,
Marquise Goodwin,WR,BUF,13,LV,0,0,0,0,0,0,0,0,4,35,0,8,0,0,0,0,0,0,0,0,0,0,,,,,
Martellus Bennett,TE,NE,13,LA,0,0,0,0,0,0,0,0,2,4,0,4,0,0,0,0,0,0,0,0,0,0,,,,,
Mason Crosby,K,GB,13,HOU,0,0,0,0,0,0,0,0,0,0,0,0,0,0,0,0,0,0,0,0,0,3,,,,,
Matt Asiata,RB,MIN,13,DAL,0,0,0,0,0,30,0,6,1,-3,0,1,0,0,0,0,0,0,0,0,0,0,,,,,
Matt Barkley,QB,CHI,13,SF,192,0,18,11,0,3,0,4,0,0,0,0,0,0,0,0,0,0,0,0,0,0,,,,,
Matt Bryant,K,ATL,13,KC,0,0,0,0,0,0,0,0,0,0,0,0,0,0,0,0,2,0,0,1,0,1,,,,,
Matt Forte,RB,NYJ,13,IND,0,0,0,0,0,25,0,9,3,54,0,4,0,0,0,0,0,0,0,0,0,0,,,,,
Matt Prater,K,DET,13,NO,0,0,0,0,0,0,0,0,0,0,0,0,0,0,0,0,3,1,0,1,0,1,,,,,
Matt Ryan,QB,ATL,13,KC,297,1,34,22,1,23,0,3,0,0,0,0,0,0,0,0,0,0,0,0,0,0,,,,,
Matthew Stafford,QB,DET,13,NO,341,2,42,30,0,22,0,3,0,0,0,0,0,0,0,0,0,0,0,0,0,0,,,,,
Maurice Harris,WR,WAS,13,ARI,0,0,0,0,0,0,0,0,1,-2,0,1,0,0,0,0,0,0,0,0,0,0,,,,,
Melvin Gordon,RB,LAC,13,TB,0,0,0,0,0,84,1,17,4,54,0,6,0,0,0,0,0,0,0,0,0,0,,,,,
Michael Crabtree,WR,LV,13,BUF,0,0,0,0,0,0,0,0,7,74,1,11,0,0,0,0,0,0,0,0,0,0,,,,,
Michael Floyd,WR,ARI,13,WAS,0,0,0,0,0,0,0,0,3,18,1,8,0,0,0,0,0,0,0,0,0,0,,,,,
Michael Thomas,WR,NO,13,DET,0,0,0,0,0,0,0,0,4,42,0,5,0,0,0,0,0,0,0,0,0,0,,,,,
Mike Evans,WR,TB,13,LAC,0,0,0,0,0,0,0,0,3,38,0,6,0,0,1,0,0,0,0,0,0,0,,,,,
Mike Gillislee,RB,BUF,13,LV,0,0,0,0,0,49,2,8,0,0,0,0,0,0,0,0,0,0,0,0,0,0,,,,,
Mike Nugent,K,CIN,13,PHI,0,0,0,0,0,0,0,0,0,0,0,0,0,0,0,0,1,3,0,0,0,2,,,,,
Mike Thomas,WR,LA,13,NE,0,0,0,0,0,0,0,0,0,0,0,1,0,0,0,0,0,0,0,0,0,0,,,,,
Mike Wallace,WR,BAL,13,MIA,0,0,0,0,0,0,0,0,6,59,0,7,0,0,0,0,0,0,0,0,0,0,,,,,
Mohamed Sanu,WR,ATL,13,KC,0,0,0,0,0,0,0,0,2,26,0,3,0,0,0,0,0,0,0,0,0,0,,,,,
Mychal Rivera,TE,LV,13,BUF,0,0,0,0,0,0,0,0,3,57,0,5,0,0,0,0,0,0,0,0,0,0,,,,,
NE,DEF,NE,13,LA,,,,,,,,,,,,,,,,,,,,,,,0,0,0,0,10.0
NO,DEF,NO,13,DET,,,,,,,,,,,,,,,,,,,,,,,0,0,0,0,28.0
NYG,DEF,NYG,13,PIT,,,,,,,,,,,,,,,,,,,,,,,0,0,0,0,24.0
NYJ,DEF,NYJ,13,IND,,,,,,,,,,,,,,,,,,,,,,,0,0,0,0,41.0
Neal Sterling,TE,JAX,13,DEN,0,0,0,0,0,0,0,0,5,43,0,6,0,0,0,0,0,0,0,0,0,0,,,,,
Nelson Agholor,WR,PHI,13,CIN,0,0,0,0,0,4,0,1,4,23,0,5,0,0,0,0,0,0,0,0,0,0,,,,,
Nick Boyle,TE,BAL,13,MIA,0,0,0,0,0,0,0,0,2,24,0,2,0,0,0,0,0,0,0,0,0,0,,,,,
Nick Folk,K,NYJ,13,IND,0,0,0,0,0,0,0,0,0,0,0,0,0,0,0,0,0,1,0,0,0,1,,,,,
Nick Novak,K,HOU,13,GB,0,0,0,0,0,0,0,0,0,0,0,0,0,0,0,0,0,0,0,0,0,1,,,,,
Nick O'Leary,TE,BUF,13,LV,0,0,0,0,0,0,0,0,1,8,0,3,0,0,0,0,0,0,0,0,0,0,,,,,
Nick Vannett,TE,SEA,13,CAR,0,0,0,0,0,0,0,0,2,25,0,2,0,0,0,0,0,0,0,0,0,0,,,,,
Odell Beckham Jr.,WR,NYG,13,PIT,0,0,0,0,0,0,0,0,10,100,0,16,0,0,0,0,0,0,0,0,0,0,,,,,
PHI,DEF,PHI,13,CIN,,,,,,,,,,,,,,,,,,,,,,,0,0,0,0,32.0
PIT,DEF,PIT,13,NYG,,,,,,,,,,,,,,,,,,,,,,,0,1,0,0,14.0
Patrick DiMarco,RB,ATL,13,KC,0,0,0,0,0,0,0,0,0,0,0,0,0,0,0,0,0,0,0,0,0,0,,,,,
Paul Perkins,RB,NYG,13,PIT,0,0,0,0,0,38,0,7,0,0,0,0,0,0,0,0,0,0,0,0,0,0,,,,,
Paul Turner,WR,PHI,13,CIN,0,0,0,0,0,0,0,0,6,80,0,8,0,0,0,0,0,0,0,0,0,0,,,,,
Paxton Lynch,QB,DEN,13,JAX,104,0,24,12,0,11,0,2,0,0,0,0,0,0,0,0,0,0,0,0,0,0,,,,,
Peyton Barber,RB,TB,13,LAC,0,0,0,0,0,6,0,2,0,0,0,0,0,0,0,0,0,0,0,0,0,0,,,,,
Pharoh Cooper,WR,LA,13,NE,0,0,0,0,0,0,0,0,1,8,0,4,0,0,0,0,0,0,0,0,0,0,,,,,
Phil Dawson,K,SF,13,CHI,0,0,0,0,0,0,0,0,0,0,0,0,0,0,0,0,1,1,0,0,0,0,,,,,
Philip Rivers,QB,LAC,13,TB,225,2,26,15,2,18,0,3,0,0,0,0,0,0,0,0,0,0,0,0,0,0,,,,,
Phillip Dorsett,WR,IND,13,NYJ,0,0,0,0,0,7,0,1,0,0,0,1,0,0,0,0,0,0,0,0,0,0,,,,,
Pierre Garcon,WR,WAS,13,ARI,0,0,0,0,0,0,0,0,7,78,0,9,0,0,0,0,0,0,0,0,0,0,,,,,
Quincy Enunwa,WR,NYJ,13,IND,0,0,0,0,0,0,0,0,1,10,0,2,0,0,0,0,0,0,0,0,0,0,,,,,
Randall Cobb,WR,GB,13,HOU,0,0,0,0,0,0,0,0,3,19,1,3,0,0,0,0,0,0,0,0,0,0,,,,,
Randy Bullock,K,PIT,13,NYG,0,0,0,0,0,0,0,0,0,0,0,0,0,0,0,0,0,2,1,0,0,1,,,,,
Rashad Jennings,RB,NYG,13,PIT,0,0,0,0,0,19,0,6,6,34,1,6,0,0,0,0,0,0,0,0,0,0,,,,,
Reggie Bush,RB,BUF,13,LV,0,0,0,0,0,3,0,1,0,0,0,0,0,0,0,0,0,0,0,0,0,0,,,,,
Rex Burkhead,RB,CIN,13,PHI,0,0,0,0,0,38,0,8,4,28,0,5,0,0,0,0,0,0,0,0,0,0,,,,,
Rhett Ellison,TE,MIN,13,DAL,0,0,0,0,0,0,0,0,1,6,0,1,0,0,0,0,0,0,0,0,0,0,,,,,
Richard Rodgers,TE,GB,13,HOU,0,0,0,0,0,0,0,0,2,16,0,2,0,0,0,0,0,0,0,0,0,0,,,,,
Rob Kelley,RB,WAS,13,ARI,0,0,0,0,0,63,0,14,0,0,0,1,0,0,0,0,0,0,0,0,0,0,,,,,
Robbie Chosen,WR,NYJ,13,IND,0,0,0,0,0,0,0,0,4,61,1,12,0,0,0,0,0,0,0,0,0,0,,,,,
Robbie Gould,K,NYG,13,PIT,0,0,0,0,0,0,0,0,0,0,0,0,0,0,0,0,0,0,0,0,0,2,,,,,
Robert Turbin,RB,IND,13,NYJ,0,0,0,0,0,16,1,6,0,0,0,0,0,0,0,0,0,0,0,0,0,0,,,,,
Roberto Aguayo,K,TB,13,LAC,0,0,0,0,0,0,0,0,0,0,0,0,0,0,0,0,1,1,0,0,0,2,,,,,
Rod Streater,WR,SF,13,CHI,0,0,0,0,0,0,0,0,0,0,0,1,0,0,0,0,0,0,0,0,0,0,,,,,
Roger Lewis,WR,NYG,13,PIT,0,0,0,0,0,0,0,0,1,8,0,1,0,0,0,0,0,0,0,0,0,0,,,,,
Russell Shepard,WR,TB,13,LAC,0,0,0,0,0,0,0,0,1,15,0,2,0,0,0,0,0,0,0,0,0,0,,,,,
Russell Wilson,QB,SEA,13,CAR,277,1,36,26,1,29,0,3,0,0,0,0,0,0,0,0,0,0,0,0,0,0,,,,,
Ryan Fitzpatrick,QB,NYJ,13,IND,81,0,12,5,1,3,0,2,0,0,0,0,0,0,0,0,0,0,0,0,0,0,,,,,
Ryan Grant,WR,WAS,13,ARI,0,0,0,0,0,0,0,0,2,20,0,2,0,0,0,0,0,0,0,0,0,0,,,,,
Ryan Griffin,TE,HOU,13,GB,0,0,0,0,0,0,0,0,4,35,1,6,0,0,0,0,0,0,0,0,0,0,,,,,
Ryan Hewitt,TE,CIN,13,PHI,0,0,0,0,0,0,0,0,0,0,0,0,0,0,0,0,0,0,0,0,0,0,,,,,
Ryan Mallett,QB,BAL,13,MIA,5,0,3,1,0,-3,0,3,0,0,0,0,0,0,0,0,0,0,0,0,0,0,,,,,
Ryan Tannehill,QB,MIA,13,BAL,226,1,40,29,3,0,0,1,0,0,0,0,0,0,0,0,0,0,0,0,0,0,,,,,
SEA,DEF,SEA,13,CAR,,,,,,,,,,,,,,,,,,,,,,,0,0,0,0,7.0
SF,DEF,SF,13,CHI,,,,,,,,,,,,,,,,,,,,,,,0,0,0,0,26.0
Sam Bradford,QB,MIN,13,DAL,247,1,45,32,0,10,0,2,0,0,0,0,0,0,0,0,0,0,0,0,0,0,,,,,
Sammie Coates,WR,PIT,13,NYG,0,0,0,0,0,0,0,0,0,0,0,0,0,0,0,0,0,0,0,0,0,0,,,,,
Sammy Watkins,WR,BUF,13,LV,0,0,0,0,0,0,0,0,3,38,0,9,0,0,0,0,0,0,0,0,0,0,,,,,
Scott Tolzien,QB,IND,13,NYJ,11,0,1,1,0,-3,0,3,0,0,0,0,0,0,0,0,0,0,0,0,0,0,,,,,
Sebastian Janikowski,K,LV,13,BUF,0,0,0,0,0,0,0,0,0,0,0,0,0,0,0,0,0,0,3,0,0,3,,,,,
Seth Roberts,WR,LV,13,BUF,0,0,0,0,0,0,0,0,2,18,0,5,0,0,1,0,0,0,0,0,0,0,,,,,
Shane Wynn,WR,JAX,13,DEN,0,0,0,0,0,5,0,2,0,0,0,0,0,0,0,0,0,0,0,0,0,0,,,,,
Shaun Draughn,RB,SF,13,CHI,0,0,0,0,0,20,0,5,0,0,0,2,0,0,0,0,0,0,0,0,0,0,,,,,
Shaun Hill,QB,MIN,13,DAL,6,0,1,1,0,0,0,0,0,0,0,0,0,0,0,0,0,0,0,0,0,0,,,,,
Spencer Ware,RB,KC,13,ATL,0,0,0,0,0,29,1,14,3,23,1,4,0,0,0,0,0,0,0,0,0,0,,,,,
Stefon Diggs,WR,MIN,13,DAL,0,0,0,0,0,0,0,0,8,59,0,8,0,0,0,0,0,0,0,0,0,0,,,,,
Stephen Gostkowski,K,NE,13,LA,0,0,0,0,0,0,0,0,0,0,0,0,0,0,0,0,1,0,3,0,0,2,,,,,
Sterling Shepard,WR,NYG,13,PIT,0,0,0,0,0,0,0,0,4,21,1,8,0,0,0,0,0,0,0,0,0,0,,,,,
Steve Smith,WR,BAL,13,MIA,0,0,0,0,0,0,0,0,6,53,0,10,0,0,0,0,0,0,0,0,0,0,,,,,
Steven Hauschka,K,SEA,13,CAR,0,0,0,0,0,0,0,0,0,0,0,0,0,0,0,0,2,2,0,0,0,4,,,,,
T.J. Jones,WR,DET,13,NO,0,0,0,0,0,0,0,0,3,49,0,4,0,0,0,0,0,0,0,0,0,0,,,,,
T.J. Yeldon,RB,JAX,13,DEN,0,0,0,0,0,55,0,14,3,27,0,7,0,0,0,0,0,0,0,0,0,0,,,,,
T.Y. Hilton,WR,IND,13,NYJ,0,0,0,0,0,0,0,0,9,146,0,10,0,0,0,0,0,0,0,0,0,0,,,,,
TB,DEF,TB,13,LAC,,,,,,,,,,,,,,,,,,,,,,,1,0,0,0,21.0
Taiwan Jones,RB,LV,13,BUF,0,0,0,0,0,0,0,0,1,11,0,1,0,0,0,0,0,0,0,0,0,0,,,,,
Tanner McEvoy,WR,SEA,13,CAR,0,0,0,0,0,0,0,0,1,14,0,2,0,0,0,0,0,0,0,0,0,0,,,,,
Taylor Gabriel,WR,ATL,13,KC,0,0,0,0,0,0,0,0,5,44,0,6,0,0,0,0,0,0,0,0,0,0,,,,,
Ted Ginn,WR,CAR,13,SEA,0,0,0,0,0,6,0,1,5,80,1,6,0,0,0,0,0,0,0,0,0,0,,,,,
Terrance West,RB,BAL,13,MIA,0,0,0,0,0,50,1,10,3,18,1,3,0,0,0,0,0,0,0,0,0,0,,,,,
Terrance Williams,WR,DAL,13,MIN,0,0,0,0,0,0,0,0,2,13,0,3,0,0,0,0,0,0,0,0,0,0,,,,,
Tevin Coleman,RB,ATL,13,KC,0,0,0,0,0,49,0,12,0,0,0,2,0,0,0,0,0,0,0,0,0,0,,,,,
Theo Riddick,RB,DET,13,NO,0,0,0,0,0,2,0,4,5,15,1,6,0,0,0,0,0,0,0,0,0,0,,,,,
Thomas Rawls,RB,SEA,13,CAR,0,0,0,0,0,106,2,15,1,12,0,1,0,0,0,0,0,0,0,0,0,0,,,,,
Tim Hightower,RB,NO,13,DET,0,0,0,0,0,5,0,2,1,4,0,1,0,0,0,0,0,0,0,0,0,0,,,,,
Todd Gurley,RB,LA,13,NE,0,0,0,0,0,38,0,11,2,9,0,3,0,0,0,0,0,0,0,0,0,0,,,,,
Tom Brady,QB,NE,13,LA,269,1,46,33,0,1,0,3,0,0,0,0,0,0,0,0,0,0,0,0,0,0,,,,,
Tommylee Lewis,WR,NO,13,DET,0,0,0,0,0,0,0,0,0,0,0,0,0,0,0,0,0,0,0,0,0,0,,,,,
Torrey Smith,WR,SF,13,CHI,0,0,0,0,0,0,0,0,0,0,0,2,0,0,0,0,0,0,0,0,0,0,,,,,
Travaris Cadet,RB,NO,13,DET,0,0,0,0,0,0,0,0,5,53,0,6,0,0,0,0,0,0,0,0,0,0,,,,,
Travis Benjamin,WR,LAC,13,TB,0,0,0,0,0,0,0,0,2,24,0,4,0,0,0,0,0,0,0,0,0,0,,,,,
Travis Kelce,TE,KC,13,ATL,0,0,0,0,0,0,0,0,8,140,0,8,0,0,0,0,0,0,0,0,0,0,,,,,
Trevone Boykin,QB,SEA,13,CAR,38,0,3,2,0,1,0,1,0,0,0,0,0,0,0,0,0,0,0,0,0,0,,,,,
Trey Burton,TE,PHI,13,CIN,0,0,0,0,0,0,0,0,5,53,0,9,0,0,0,0,0,0,0,0,0,0,,,,,
Troymaine Pope,RB,SEA,13,CAR,0,0,0,0,0,28,0,8,1,5,0,1,0,0,0,0,0,0,0,0,0,0,,,,,
Ty Montgomery,WR,GB,13,HOU,0,0,0,0,0,40,0,6,2,16,0,3,0,0,0,0,0,0,0,0,0,0,,,,,
Tyler Boyd,WR,CIN,13,PHI,0,0,0,0,0,0,0,0,4,66,0,6,0,0,0,0,0,0,0,0,0,0,,,,,
Tyler Eifert,TE,CIN,13,PHI,0,0,0,0,0,0,0,0,2,25,1,2,0,0,0,0,0,0,0,0,0,0,,,,,
Tyler Higbee,TE,LA,13,NE,0,0,0,0,0,0,0,0,2,16,0,4,0,0,0,0,0,0,0,0,0,0,,,,,
Tyler Lockett,WR,SEA,13,CAR,0,0,0,0,0,75,1,1,5,63,0,6,0,0,0,0,0,0,0,0,0,0,,,,,
Tyreek Hill,WR,KC,13,ATL,0,0,0,0,0,19,0,2,5,53,0,6,0,0,0,0,0,0,0,0,0,0,,,,,
Tyrell Williams,WR,LAC,13,TB,0,0,0,0,0,0,0,0,2,47,1,4,0,0,0,0,0,0,0,0,0,0,,,,,
Tyrod Taylor,QB,BUF,13,LV,191,0,35,18,1,30,1,3,0,0,0,0,0,0,0,0,0,0,0,0,0,0,,,,,
Vance McDonald,TE,SF,13,CHI,0,0,0,0,0,0,0,0,2,9,0,4,0,0,0,0,0,0,0,0,0,0,,,,,
Vernon Davis,TE,WAS,13,ARI,0,0,0,0,0,0,0,0,5,47,0,6,0,0,0,0,0,0,0,0,0,0,,,,,
Virgil Green,TE,DEN,13,JAX,0,0,0,0,0,0,0,0,0,0,0,1,0,0,0,0,0,0,0,0,0,0,,,,,
WAS,DEF,WAS,13,ARI,,,,,,,,,,,,,,,,,,,,,,,0,0,0,0,31.0
Wendell Smallwood,RB,PHI,13,CIN,0,0,0,0,0,19,0,8,0,0,0,3,0,0,0,0,0,0,0,0,0,0,,,,,
Wil Lutz,K,NO,13,DET,0,0,0,0,0,0,0,0,0,0,0,0,0,0,0,0,0,1,1,0,0,1,,,,,
Will Fuller,WR,HOU,13,GB,0,0,0,0,0,0,0,0,5,59,0,6,0,0,0,0,0,0,0,0,0,0,,,,,
Will Tye,TE,NYG,13,PIT,0,0,0,0,0,0,0,0,2,22,0,4,0,0,0,0,0,0,0,0,0,0,,,,,
Willie Snead,WR,NO,13,DET,0,0,0,0,0,0,0,0,2,38,0,6,0,0,0,0,0,0,0,0,0,0,,,,,
Zach Ertz,TE,PHI,13,CIN,0,0,0,0,0,0,0,0,9,79,1,15,0,0,0,0,0,0,0,0,0,0,,,,,
Zach Zenner,RB,DET,13,NO,0,0,0,0,0,40,0,9,0,0,0,0,0,0,0,0,0,0,0,0,0,0,,,,,
A.J. Derby,TE,DEN,14,TEN,0,0,0,0,0,0,0,0,5,57,0,5,0,0,0,0,0,0,0,0,0,0,,,,,
ARI,DEF,ARI,14,MIA,,,,,,,,,,,,,,,,,,,,,,,0,0,0,0,26.0
ATL,DEF,ATL,14,LA,,,,,,,,,,,,,,,,,,,,,,,1,0,0,0,14.0
Aaron Rodgers,QB,GB,14,SEA,246,3,23,18,0,-6,0,3,0,0,0,0,0,0,0,0,0,0,0,0,0,0,,,,,
Adam Thielen,WR,MIN,14,JAX,0,0,0,0,0,0,0,0,4,101,0,5,0,0,0,0,0,0,0,0,0,0,,,,,
Adam Vinatieri,K,IND,14,HOU,0,0,0,0,0,0,0,0,0,0,0,0,0,0,0,0,0,1,0,0,0,2,,,,,
Akeem Hunt,RB,HOU,14,IND,0,0,0,0,0,19,0,1,0,0,0,0,0,0,0,0,0,0,0,0,0,0,,,,,
Albert Wilson,WR,KC,14,LV,0,0,0,0,0,0,0,0,0,0,0,1,0,0,0,0,0,0,0,0,0,0,,,,,
Aldrick Robinson,WR,ATL,14,LA,0,0,0,0,0,0,0,0,3,42,0,6,0,0,0,0,0,0,0,0,0,0,,,,,
Alex Collins,RB,SEA,14,GB,0,0,0,0,0,23,0,7,3,33,0,3,0,0,0,0,0,0,0,0,0,0,,,,,
Alex Ellis,TE,JAX,14,MIN,0,0,0,0,0,0,0,0,0,0,0,1,0,0,0,0,0,0,0,0,0,0,,,,,
Alex Erickson,WR,CIN,14,CLE,0,0,0,0,0,0,0,0,1,16,0,2,0,0,0,0,0,0,0,0,0,0,,,,,
Alex Smith,QB,KC,14,LV,264,1,26,17,1,3,0,4,1,3,0,1,0,0,0,0,0,0,0,0,0,0,,,,,
Alfred Blue,RB,HOU,14,IND,0,0,0,0,0,55,0,16,1,0,0,1,0,0,0,0,0,0,0,0,0,0,,,,,
Alfred Morris,RB,DAL,14,NYG,0,0,0,0,0,0,0,0,0,0,0,0,0,0,0,0,0,0,0,0,0,0,,,,,
Allen Robinson,WR,JAX,14,MIN,0,0,0,0,0,0,0,0,1,17,0,3,0,0,0,0,0,0,0,0,0,0,,,,,
Amari Cooper,WR,LV,14,KC,0,0,0,0,0,0,0,0,5,29,0,10,0,0,0,0,0,0,0,0,0,0,,,,,
Andre Holmes,WR,LV,14,KC,0,0,0,0,0,0,0,0,0,0,0,1,0,0,0,0,0,0,0,0,0,0,,,,,
Andre Roberts,WR,DET,14,CHI,0,0,0,0,0,0,0,0,0,0,0,2,0,0,0,0,0,0,0,0,0,0,,,,,
Andrew Franks,K,MIA,14,ARI,0,0,0,0,0,0,0,0,0,0,0,0,0,0,0,0,1,0,0,0,0,3,,,,,
Andrew Hawkins,WR,CLE,14,CIN,0,0,0,0,0,0,0,0,1,4,0,1,0,0,0,0,0,0,0,0,0,0,,,,,
Andrew Luck,QB,IND,14,HOU,276,2,45,24,2,32,0,2,0,0,0,0,0,0,0,0,0,0,0,0,0,0,,,,,
Andy Dalton,QB,CIN,14,CLE,180,2,28,20,0,17,0,2,0,0,0,0,0,0,0,0,0,0,0,0,0,0,,,,,
Anquan Boldin,WR,DET,14,CHI,0,0,0,0,0,0,0,0,3,49,1,6,0,0,0,0,0,0,0,0,0,0,,,,,
Anthony Fasano,TE,TEN,14,DEN,0,0,0,0,0,0,0,0,1,17,0,2,0,0,0,0,0,0,0,0,0,0,,,,,
Antonio Brown,WR,PIT,14,BUF,0,0,0,0,0,0,0,0,5,78,0,11,0,0,0,0,0,0,0,0,0,0,,,,,
Antonio Gates,TE,LAC,14,CAR,0,0,0,0,0,0,0,0,5,61,0,9,0,0,0,0,0,0,0,0,0,0,,,,,
Arrelious Benn,WR,JAX,14,MIN,0,0,0,0,0,0,0,0,0,0,0,1,0,0,0,0,0,0,0,0,0,0,,,,,
Austin Hooper,TE,ATL,14,LA,0,0,0,0,0,0,0,0,1,5,0,3,0,0,0,0,0,0,0,0,0,0,,,,,
Austin Seferian-Jenkins,TE,NYJ,14,SF,0,0,0,0,0,0,0,0,3,35,0,3,0,0,0,0,0,0,0,0,0,0,,,,,
BAL,DEF,BAL,14,NE,,,,,,,,,,,,,,,,,,,,,,,0,0,0,0,30.0
BUF,DEF,BUF,14,PIT,,,,,,,,,,,,,,,,,,,,,,,0,0,0,0,27.0
Ben Koyack,TE,JAX,14,MIN,0,0,0,0,0,0,0,0,2,19,0,2,0,0,0,0,0,0,0,0,0,0,,,,,
Ben Roethlisberger,QB,PIT,14,BUF,220,0,31,17,3,-2,0,3,0,0,0,0,0,0,0,0,0,0,0,0,0,0,,,,,
Bennie Fowler,WR,DEN,14,TEN,0,0,0,0,0,0,0,0,1,5,0,4,0,0,0,0,0,0,0,0,0,0,,,,,
Bilal Powell,RB,NYJ,14,SF,0,0,0,0,0,145,2,29,5,34,0,5,0,0,0,0,0,0,0,0,0,0,,,,,
Blake Bell,TE,SF,14,NYJ,0,0,0,0,0,0,0,0,1,30,0,2,0,0,0,0,0,0,0,0,0,0,,,,,
Blake Bortles,QB,JAX,14,MIN,257,1,37,23,0,13,0,3,0,0,0,0,0,0,0,0,0,0,0,0,0,0,,,,,
Bobby Rainey,RB,NYG,14,DAL,0,0,0,0,0,5,0,1,1,4,0,1,0,0,0,0,0,0,0,0,0,0,,,,,
Brandin Cooks,WR,NO,14,TB,0,0,0,0,0,0,0,0,5,61,0,10,0,0,0,0,0,0,0,0,0,0,,,,,
Brandon Bostick,TE,NYJ,14,SF,0,0,0,0,0,0,0,0,2,17,0,2,0,0,0,0,0,0,0,0,0,0,,,,,
Brandon Coleman,WR,NO,14,TB,0,0,0,0,0,0,0,0,5,47,0,8,0,0,0,0,0,0,0,0,0,0,,,,,
Brandon LaFell,WR,CIN,14,CLE,0,0,0,0,0,0,0,0,3,22,0,6,0,0,0,0,0,0,0,0,0,0,,,,,
Brandon Marshall,WR,NYJ,14,SF,0,0,0,0,0,0,0,0,3,33,0,5,0,0,0,0,0,0,0,0,0,0,,,,,
Brandon McManus,K,DEN,14,TEN,0,0,0,0,0,0,0,0,0,0,0,0,0,0,0,0,0,1,0,0,0,1,,,,,
Brandon Myers,TE,TB,14,NO,0,0,0,0,0,0,0,0,1,9,0,1,0,0,0,0,0,0,0,0,0,0,,,,,
Brandon Tate,WR,BUF,14,PIT,0,0,0,0,0,0,0,0,0,0,0,0,0,0,0,0,0,0,0,0,0,0,,,,,
Brandon Wilds,RB,NYJ,14,SF,0,0,0,0,0,4,0,2,0,0,0,0,0,0,0,0,0,0,0,0,0,0,,,,,
Brent Celek,TE,PHI,14,WAS,0,0,0,0,0,0,0,0,2,7,0,3,0,0,0,0,0,0,0,0,0,0,,,,,
Breshad Perriman,WR,BAL,14,NE,0,0,0,0,0,0,0,0,3,52,0,4,0,0,0,0,0,0,0,0,0,0,,,,,
Brett Hundley,QB,GB,14,SEA,0,0,2,0,0,-2,0,2,0,0,0,0,0,0,0,0,0,0,0,0,0,0,,,,,
Brian Quick,WR,LA,14,ATL,0,0,0,0,0,0,0,0,1,10,0,3,0,0,0,0,0,0,0,0,0,0,,,,,
Brice Butler,WR,DAL,14,NYG,0,0,0,0,0,0,0,0,0,0,0,1,0,0,0,0,0,0,0,0,0,0,,,,,
Brittan Golden,WR,ARI,14,MIA,0,0,0,0,0,0,0,0,1,9,1,1,0,0,0,0,0,0,0,0,0,0,,,,,
Brock Osweiler,QB,HOU,14,IND,147,0,24,14,1,-2,0,2,0,0,0,0,0,0,0,0,0,0,0,0,0,0,,,,,
Bryan Walters,WR,JAX,14,MIN,0,0,0,0,0,0,0,0,4,31,1,4,0,0,0,0,0,0,0,0,0,0,,,,,
Bryce Petty,QB,NYJ,14,SF,257,0,35,23,1,19,0,4,0,0,0,0,0,0,1,0,0,0,0,0,0,0,,,,,
C.J. Fiedorowicz,TE,HOU,14,IND,0,0,0,0,0,0,0,0,3,32,0,7,0,0,0,0,0,0,0,0,0,0,,,,,
CAR,DEF,CAR,14,LAC,,,,,,,,,,,,,,,,,,,,,,,0,1,0,0,16.0
CHI,DEF,CHI,14,DET,,,,,,,,,,,,,,,,,,,,,,,1,0,0,0,20.0
CIN,DEF,CIN,14,CLE,,,,,,,,,,,,,,,,,,,,,,,0,0,0,0,10.0
CLE,DEF,CLE,14,CIN,,,,,,,,,,,,,,,,,,,,,,,0,0,0,0,23.0
Cairo Santos,K,KC,14,LV,0,0,0,0,0,0,0,0,0,0,0,0,0,0,0,0,0,0,0,0,0,3,,,,,
Caleb Sturgis,K,PHI,14,WAS,0,0,0,0,0,0,0,0,0,0,0,0,0,0,0,0,0,1,2,0,0,1,,,,,
Cam Newton,QB,CAR,14,LAC,160,1,27,10,1,31,0,8,0,0,0,0,0,0,0,0,0,0,0,0,0,0,,,,,
Cameron Brate,TE,TB,14,NO,0,0,0,0,0,0,0,0,4,47,0,5,0,0,0,0,0,0,0,0,0,0,,,,,
Cameron Meredith,WR,CHI,14,DET,0,0,0,0,0,0,0,0,6,72,1,8,0,0,0,0,0,0,0,0,0,0,,,,,
Carlos Hyde,RB,SF,14,NYJ,0,0,0,0,0,193,0,17,1,7,1,1,0,0,0,0,0,0,0,0,0,0,,,,,
Carson Palmer,QB,ARI,14,MIA,145,2,33,18,2,5,0,3,0,0,0,0,0,0,1,0,0,0,0,0,0,0,,,,,
Carson Wentz,QB,PHI,14,WAS,314,1,46,32,1,5,0,2,0,0,0,0,0,0,0,0,0,0,0,0,0,0,,,,,
Cedric Peerman,RB,CIN,14,CLE,0,0,0,0,0,0,0,0,0,0,0,0,0,0,0,0,0,0,0,0,0,0,,,,,
Chandler Catanzaro,K,ARI,14,MIA,0,0,0,0,0,0,0,0,0,0,0,0,0,0,0,0,0,0,0,1,0,0,,,,,
Charcandrick West,RB,KC,14,LV,0,0,0,0,0,4,1,2,0,0,0,0,0,0,0,0,0,0,0,0,0,0,,,,,
Charles Clay,TE,BUF,14,PIT,0,0,0,0,0,0,0,0,3,52,1,6,0,0,0,0,0,0,0,0,0,0,,,,,
Charles D. Johnson,WR,MIN,14,JAX,0,0,0,0,0,0,0,0,1,6,0,1,0,0,0,0,0,0,0,0,0,0,,,,,
Charles Sims,RB,TB,14,NO,0,0,0,0,0,17,0,4,3,33,0,4,0,0,0,0,0,0,0,0,0,0,,,,,
Charone Peake,WR,NYJ,14,SF,0,0,0,0,0,0,0,0,1,10,0,2,0,0,0,0,0,0,0,0,0,0,,,,,
Chase Reynolds,RB,LA,14,ATL,0,0,0,0,0,0,0,0,0,0,0,0,0,0,0,0,0,0,0,0,0,0,,,,,
Chester Rogers,WR,IND,14,HOU,0,0,0,0,0,0,0,0,1,21,0,2,0,0,0,0,0,0,0,0,0,0,,,,,
Chris Boswell,K,PIT,14,BUF,0,0,0,0,0,0,0,0,0,0,0,0,0,0,0,0,0,2,0,0,0,3,,,,,
Chris Conley,WR,KC,14,LV,0,0,0,0,0,0,0,0,2,70,0,3,0,0,0,0,0,0,0,0,0,0,,,,,
Chris Harper,WR,SF,14,NYJ,0,0,0,0,0,0,0,0,1,8,0,5,0,0,0,0,0,0,0,0,0,0,,,,,
Chris Hogan,WR,NE,14,BAL,0,0,0,0,0,7,0,2,5,129,1,7,0,0,0,0,0,0,0,0,0,0,,,,,
Chris Moore,WR,BAL,14,NE,0,0,0,0,0,0,0,0,1,5,0,1,0,0,0,0,0,0,0,0,0,0,,,,,
Chris Thompson,RB,WAS,14,PHI,0,0,0,0,0,38,1,3,0,0,0,1,0,0,0,0,0,0,0,0,0,0,,,,,
Christine Michael,RB,GB,14,SEA,0,0,0,0,0,36,0,10,0,0,0,0,0,0,0,0,0,0,0,0,0,0,,,,,
Clive Walford,TE,LV,14,KC,0,0,0,0,0,0,0,0,2,21,0,3,0,0,0,0,0,0,0,0,0,0,,,,,
Cobi Hamilton,WR,PIT,14,BUF,0,0,0,0,0,0,0,0,1,15,0,2,0,0,0,0,0,0,0,0,0,0,,,,,
Coby Fleener,TE,NO,14,TB,0,0,0,0,0,0,0,0,1,6,0,3,0,0,0,0,0,0,0,0,0,0,,,,,
Cody Core,WR,CIN,14,CLE,0,0,0,0,0,0,0,0,1,8,0,2,0,0,0,0,0,0,0,0,0,0,,,,,
Cody Latimer,WR,DEN,14,TEN,0,0,0,0,0,0,0,0,1,16,0,2,0,0,0,0,0,0,0,0,0,0,,,,,
Cody Parkey,K,CLE,14,CIN,0,0,0,0,0,0,0,0,0,0,0,0,0,0,0,0,0,1,0,0,0,1,,,,,
Cole Beasley,WR,DAL,14,NYG,0,0,0,0,0,0,0,0,4,41,0,7,0,0,0,0,0,0,0,0,0,0,,,,,
Colin Kaepernick,QB,SF,14,NYJ,133,1,26,15,0,23,0,3,0,0,0,0,0,0,0,0,0,0,0,0,0,0,,,,,
Connor Barth,K,CHI,14,DET,0,0,0,0,0,0,0,0,0,0,0,0,0,0,0,0,0,1,0,0,0,2,,,,,
Cordarrelle Patterson,RB,MIN,14,JAX,0,0,0,0,0,0,0,0,3,18,0,4,0,0,0,0,0,0,0,0,0,0,,,,,
Corey Brown,WR,CAR,14,LAC,0,0,0,0,0,9,0,1,1,8,0,3,0,0,0,0,0,0,0,0,0,0,,,,,
Corey Coleman,WR,CLE,14,CIN,0,0,0,0,0,1,0,1,3,26,0,11,0,0,0,0,0,0,0,0,0,0,,,,,
Corey Grant,RB,JAX,14,MIN,0,0,0,0,0,13,0,4,0,0,0,1,0,0,0,0,0,0,0,0,0,0,,,,,
DAL,DEF,DAL,14,NYG,,,,,,,,,,,,,,,,,,,,,,,0,0,0,0,10.0
DEN,DEF,DEN,14,TEN,,,,,,,,,,,,,,,,,,,,,,,0,0,0,0,13.0
DET,DEF,DET,14,CHI,,,,,,,,,,,,,,,,,,,,,,,0,0,0,0,17.0
Dak Prescott,QB,DAL,14,NYG,165,1,37,17,2,1,0,1,0,0,0,0,0,0,0,0,0,0,0,0,0,0,,,,,
Damien Williams,RB,MIA,14,ARI,0,0,0,0,0,7,0,5,2,1,1,3,0,0,0,0,0,0,0,0,0,0,,,,,
Dan Bailey,K,DAL,14,NYG,0,0,0,0,0,0,0,0,0,0,0,0,0,0,0,0,0,0,0,0,0,1,,,,,
Dan Carpenter,K,BUF,14,PIT,0,0,0,0,0,0,0,0,0,0,0,0,0,0,0,0,0,0,0,0,0,2,,,,,
Daniel Braverman,WR,CHI,14,DET,0,0,0,0,0,0,0,0,0,0,0,1,0,0,0,0,0,0,0,0,0,0,,,,,
Daniel Brown,TE,CHI,14,DET,0,0,0,0,0,0,0,0,6,42,0,6,0,0,0,0,0,0,0,0,0,0,,,,,
Daniel Lasco,RB,NO,14,TB,0,0,0,0,0,0,0,0,0,0,0,0,0,0,0,0,0,0,0,0,0,0,,,,,
Danny Vitale,RB,CLE,14,CIN,0,0,0,0,0,0,0,0,0,0,0,1,0,0,0,0,0,0,0,0,0,0,,,,,
Darren Fells,TE,ARI,14,MIA,0,0,0,0,0,0,0,0,1,12,0,3,0,0,0,0,0,0,0,0,0,0,,,,,
Darren Sproles,RB,PHI,14,WAS,0,0,0,0,0,27,0,5,2,13,1,3,0,0,0,0,0,0,0,0,0,0,,,,,
Darren Waller,TE,BAL,14,NE,0,0,0,0,0,0,0,0,1,3,1,3,0,0,0,0,0,0,0,0,0,0,,,,,
Davante Adams,WR,GB,14,SEA,0,0,0,0,0,0,0,0,4,104,1,6,0,0,0,0,0,0,0,0,0,0,,,,,
David Johnson,TE,PIT,14,BUF,0,0,0,0,0,0,0,0,1,15,0,1,0,0,0,0,0,0,0,0,0,0,,,,,
David Johnson,RB,ARI,14,MIA,0,0,0,0,0,80,0,20,5,41,0,8,0,0,1,0,0,0,0,0,0,0,,,,,
David Morgan,TE,MIN,14,JAX,0,0,0,0,0,0,0,0,0,0,0,0,0,0,0,0,0,0,0,0,0,0,,,,,
De'Anthony Thomas,WR,KC,14,LV,0,0,0,0,0,0,0,0,1,1,0,1,0,0,0,0,0,0,0,0,0,0,,,,,
DeAndre Hopkins,WR,HOU,14,IND,0,0,0,0,0,0,0,0,2,33,0,4,0,0,0,0,0,0,0,0,0,0,,,,,
DeMarco Murray,RB,TEN,14,DEN,0,0,1,0,0,92,1,21,0,0,0,2,0,0,0,0,0,0,0,0,0,0,,,,,
DeSean Jackson,WR,WAS,14,PHI,0,0,0,0,0,0,0,0,3,102,1,4,0,0,0,0,0,0,0,0,0,0,,,,,
DeVante Parker,WR,MIA,14,ARI,0,0,0,0,0,0,0,0,2,14,0,3,0,0,0,0,0,0,0,0,0,0,,,,,
Delanie Walker,TE,TEN,14,DEN,0,0,0,0,0,8,0,1,2,30,0,7,0,0,0,0,0,0,0,0,0,0,,,,,
Demaryius Thomas,WR,DEN,14,TEN,0,0,0,0,0,0,0,0,10,126,0,16,0,0,0,0,0,0,0,0,0,0,,,,,
Dennis Pitta,TE,BAL,14,NE,0,0,0,0,0,0,0,0,4,18,0,5,0,0,0,0,0,0,0,0,0,0,,,,,
Deonte Thompson,WR,CHI,14,DET,0,0,0,0,0,0,0,0,2,28,0,4,0,0,0,0,0,0,0,0,0,0,,,,,
Derek Carr,QB,LV,14,KC,117,0,41,17,0,3,0,2,0,0,0,0,0,0,0,0,0,0,0,0,0,0,,,,,
Derrick Henry,RB,TEN,14,DEN,0,0,0,0,0,42,0,12,1,5,0,1,0,0,0,0,0,0,0,0,0,0,,,,,
Devin Funchess,WR,CAR,14,LAC,0,0,0,0,0,0,0,0,2,33,1,5,0,0,0,0,0,0,0,0,0,0,,,,,
Devin Hester,WR,BAL,14,NE,0,0,0,0,0,0,0,0,0,0,0,0,0,0,0,0,0,0,0,0,0,0,,,,,
Devonta Freeman,RB,ATL,14,LA,0,0,0,0,0,6,0,6,2,12,0,3,0,0,0,0,0,0,0,0,0,0,,,,,
Devontae Booker,RB,DEN,14,TEN,0,0,0,0,0,1,0,3,2,10,0,2,0,0,0,0,0,0,0,0,0,0,,,,,
Dez Bryant,WR,DAL,14,NYG,0,0,0,0,0,0,0,0,1,10,0,9,0,0,0,0,0,0,0,0,0,0,,,,,
Dion Lewis,RB,NE,14,BAL,0,0,0,0,0,14,0,3,1,5,0,1,0,0,0,0,0,0,0,0,0,0,,,,,
Dion Sims,TE,MIA,14,ARI,0,0,0,0,0,0,0,0,2,9,1,2,0,0,0,0,0,0,0,0,0,0,,,,,
Donte Moncrief,WR,IND,14,HOU,0,0,0,0,0,0,0,0,0,0,0,4,0,0,0,0,0,0,0,0,0,0,,,,,
Dontrelle Inman,WR,LAC,14,CAR,0,0,0,0,0,0,0,0,6,71,1,7,0,0,0,0,0,0,0,0,0,0,,,,,
Doug Baldwin,WR,SEA,14,GB,0,0,0,0,0,0,0,0,6,46,0,11,0,0,0,0,0,0,0,0,0,0,,,,,
Doug Martin,RB,TB,14,NO,0,0,0,0,0,66,1,23,2,19,0,2,0,0,0,0,0,0,0,0,0,0,,,,,
Drew Brees,QB,NO,14,TB,257,0,41,25,3,2,0,1,0,0,0,0,0,0,0,0,0,0,0,0,0,0,,,,,
Duke Johnson,RB,CLE,14,CIN,0,0,0,0,0,24,0,4,1,21,0,2,0,0,0,0,0,0,0,0,0,0,,,,,
Dustin Hopkins,K,WAS,14,PHI,0,0,0,0,0,0,0,0,0,0,0,0,0,0,0,0,0,0,0,0,0,3,,,,,
Dwayne Allen,TE,IND,14,HOU,0,0,0,0,0,0,0,0,0,0,0,2,0,0,0,0,0,0,0,0,0,0,,,,,
Dwayne Harris,WR,NYG,14,DAL,0,0,0,0,0,0,0,0,0,0,0,0,0,0,0,0,0,0,0,0,0,0,,,,,
Dwayne Washington,RB,DET,14,CHI,0,0,0,0,0,64,0,16,1,10,0,2,0,0,0,0,0,0,0,0,0,0,,,,,
Ed Dickson,TE,CAR,14,LAC,0,0,0,0,0,0,0,0,0,0,0,1,0,0,0,0,0,0,0,0,0,0,,,,,
Eli Manning,QB,NYG,14,DAL,193,1,28,17,1,-2,0,2,0,0,0,0,0,0,0,0,0,0,0,0,0,0,,,,,
Eli Rogers,WR,PIT,14,BUF,0,0,0,0,0,0,0,0,3,20,0,3,0,0,0,0,0,0,0,0,0,0,,,,,
Emmanuel Sanders,WR,DEN,14,TEN,0,0,0,0,0,0,0,0,11,100,1,14,0,0,0,0,0,0,0,0,0,0,,,,,
Eric Ebron,TE,DET,14,CHI,0,0,0,0,0,0,0,0,4,32,0,5,0,0,0,0,0,0,0,0,0,0,,,,,
Eric Tomlinson,TE,NYJ,14,SF,0,0,0,0,0,0,0,0,0,0,0,0,0,0,0,0,0,0,0,0,0,0,,,,,
Eric Weems,WR,ATL,14,LA,0,0,0,0,0,0,0,0,0,0,0,0,0,0,0,0,0,0,0,0,0,0,,,,,
Ezekiel Elliott,RB,DAL,14,NYG,0,0,0,0,0,107,0,24,0,0,0,2,0,0,0,0,0,0,0,0,0,0,,,,,
Fitzgerald Toussaint,RB,PIT,14,BUF,0,0,0,0,0,6,0,1,0,0,0,0,0,0,0,0,0,0,0,0,0,0,,,,,
Fozzy Whittaker,RB,CAR,14,LAC,0,0,0,0,0,15,0,3,0,0,0,1,0,0,0,0,0,0,0,0,0,0,,,,,
Frank Gore,RB,IND,14,HOU,0,0,0,0,0,41,0,10,2,33,1,2,0,0,0,0,0,0,0,0,0,0,,,,,
Freddie Martino,WR,TB,14,NO,0,0,0,0,0,0,0,0,0,0,0,1,0,0,0,0,0,0,0,0,0,0,,,,,
GB,DEF,GB,14,SEA,,,,,,,,,,,,,,,,,,,,,,,0,0,0,0,10.0
Garrett Celek,TE,SF,14,NYJ,0,0,0,0,0,0,0,0,1,5,0,1,0,0,0,0,0,0,0,0,0,0,,,,,
Gary Barnidge,TE,CLE,14,CIN,0,0,0,0,0,0,0,0,3,27,0,5,0,0,0,0,0,0,0,0,0,0,,,,,
Gavin Escobar,TE,DAL,14,NYG,0,0,0,0,0,0,0,0,0,0,0,0,0,0,0,0,0,0,0,0,0,0,,,,,
Golden Tate,WR,DET,14,CHI,0,0,0,0,0,-1,0,1,6,58,0,11,0,0,0,0,0,0,0,0,0,0,,,,,
Graham Gano,K,CAR,14,LAC,0,0,0,0,0,0,0,0,0,0,0,0,0,0,0,0,1,0,3,0,0,2,,,,,
Greg Olsen,TE,CAR,14,LAC,0,0,0,0,0,0,0,0,4,87,0,7,0,0,0,0,0,0,0,0,0,0,,,,,
Greg Zuerlein,K,LA,14,ATL,0,0,0,0,0,0,0,0,0,0,0,0,0,0,0,0,0,0,0,0,0,2,,,,,
HOU,DEF,HOU,14,IND,,,,,,,,,,,,,,,,,,,,,,,0,0,0,0,17.0
Hakeem Valles,TE,ARI,14,MIA,0,0,0,0,0,0,0,0,0,0,0,0,0,0,0,0,0,0,0,0,0,0,,,,,
Harry Douglas,WR,TEN,14,DEN,0,0,0,0,0,0,0,0,1,10,0,2,0,0,0,0,0,0,0,0,0,0,,,,,
Hunter Henry,TE,LAC,14,CAR,0,0,0,0,0,0,0,0,2,13,1,5,0,0,0,0,0,0,0,0,0,0,,,,,
IND,DEF,IND,14,HOU,,,,,,,,,,,,,,,,,,,,,,,0,0,0,0,22.0
Isaiah Burse,WR,LAC,14,CAR,0,0,0,0,0,0,0,0,0,0,0,0,0,0,0,0,0,0,0,0,0,0,,,,,
Isaiah Crowell,RB,CLE,14,CIN,0,0,0,0,0,113,0,10,1,5,0,2,0,0,0,0,0,0,0,0,0,0,,,,,
J.J. Nelson,WR,ARI,14,MIA,0,0,0,0,0,56,1,1,1,8,1,2,0,0,0,0,0,0,0,0,0,0,,,,,
JAX,DEF,JAX,14,MIN,,,,,,,,,,,,,,,,,,,,,,,0,0,0,0,25.0
Jack Doyle,TE,IND,14,HOU,0,0,0,0,0,0,0,0,5,55,0,6,0,0,0,0,0,0,0,0,0,0,,,,,
Jacquizz Rodgers,RB,TB,14,NO,0,0,0,0,0,0,0,2,0,0,0,0,0,0,0,0,0,0,0,0,0,0,,,,,
Jalen Richard,RB,LV,14,KC,0,0,0,0,0,29,0,6,0,0,0,4,0,0,0,0,0,0,0,0,0,0,,,,,
Jalston Fowler,RB,TEN,14,DEN,0,0,0,0,0,0,0,0,0,0,0,1,0,0,0,0,0,0,0,0,0,0,,,,,
Jameis Winston,QB,TB,14,NO,184,0,26,16,0,16,0,5,0,0,0,0,0,0,0,0,0,0,0,0,0,0,,,,,
James Starks,RB,GB,14,SEA,0,0,0,0,0,3,0,2,0,0,0,0,0,0,0,0,0,0,0,0,0,0,,,,,
James White,RB,NE,14,BAL,0,0,0,0,0,3,0,2,3,81,0,3,0,0,0,0,0,0,0,0,0,0,,,,,
Jamison Crowder,WR,WAS,14,PHI,0,0,0,0,0,0,0,0,2,37,0,5,0,0,0,0,0,0,0,0,0,0,,,,,
Jamize Olawale,RB,LV,14,KC,0,0,0,0,0,0,0,0,1,8,0,1,0,0,0,0,0,0,0,0,0,0,,,,,
Jared Cook,TE,GB,14,SEA,0,0,0,0,0,0,0,0,1,15,0,2,0,0,0,0,0,0,0,0,0,0,,,,,
Jared Goff,QB,LA,14,ATL,235,0,41,24,2,2,1,1,0,0,0,0,0,0,0,0,0,0,0,0,0,0,,,,,
Jarvis Landry,WR,MIA,14,ARI,0,0,0,0,0,0,0,0,4,103,0,6,0,0,0,0,0,0,0,0,0,0,,,,,
Jason Myers,K,JAX,14,MIN,0,0,0,0,0,0,0,0,0,0,0,0,0,0,0,0,1,0,1,1,0,1,,,,,
Jason Witten,TE,DAL,14,NYG,0,0,0,0,0,0,0,0,4,26,0,7,0,0,0,0,0,0,0,0,0,0,,,,,
Jay Ajayi,RB,MIA,14,ARI,0,0,0,0,0,48,0,20,1,15,0,3,0,0,0,0,0,0,0,0,0,0,,,,,
Jeff Janis,WR,GB,14,SEA,0,0,0,0,0,19,1,1,0,0,0,0,0,0,0,0,0,0,0,0,0,0,,,,,
Jerell Adams,TE,NYG,14,DAL,0,0,0,0,0,0,0,0,2,11,0,2,0,0,0,0,0,0,0,0,0,0,,,,,
Jeremy Hill,RB,CIN,14,CLE,0,0,0,0,0,111,1,25,3,31,0,4,0,0,0,0,0,0,0,0,0,0,,,,,
Jeremy Kerley,WR,SF,14,NYJ,0,0,0,0,0,0,0,0,5,50,0,8,0,0,0,0,0,0,0,0,0,0,,,,,
Jeremy Langford,RB,CHI,14,DET,0,0,0,0,0,4,0,3,1,1,0,1,0,0,0,0,0,0,0,0,0,0,,,,,
Jeremy Maclin,WR,KC,14,LV,0,0,0,0,0,0,0,0,1,16,0,3,0,0,0,0,0,0,0,0,0,0,,,,,
Jerick McKinnon,RB,MIN,14,JAX,0,0,0,0,0,31,0,14,6,38,0,6,0,0,0,0,0,0,0,0,0,0,,,,,
Jermaine Gresham,TE,ARI,14,MIA,0,0,0,0,0,0,0,0,5,45,0,7,0,0,0,0,0,0,0,0,0,0,,,,,
Jermaine Kearse,WR,SEA,14,GB,0,0,0,0,0,0,0,0,1,7,0,6,0,0,0,0,0,0,0,0,0,0,,,,,
Jesse James,TE,PIT,14,BUF,0,0,0,0,0,0,0,0,1,5,0,3,0,0,0,0,0,0,0,0,0,0,,,,,
Jimmy Graham,TE,SEA,14,GB,0,0,0,0,0,0,0,0,1,16,0,4,0,0,0,0,0,0,0,0,0,0,,,,,
Joe Flacco,QB,BAL,14,NE,324,2,52,37,1,1,0,1,0,0,0,0,0,0,0,0,0,0,0,0,0,0,,,,,
Joe Webb,QB,CAR,14,LAC,0,0,0,0,0,0,0,0,0,0,0,0,0,0,0,0,0,0,0,0,0,0,,,,,
John Brown,WR,ARI,14,MIA,0,0,0,0,0,0,0,0,0,0,0,0,0,0,0,0,0,0,0,0,0,0,,,,,
John Phillips,TE,NO,14,TB,0,0,0,0,0,0,0,0,1,8,0,1,0,0,0,0,0,0,0,0,0,0,,,,,
Johnny Holton,WR,LV,14,KC,0,0,0,0,0,0,0,0,0,0,0,0,0,0,0,0,0,0,0,0,0,0,,,,,
Joique Bell,RB,DET,14,CHI,0,0,0,0,0,0,0,0,1,-2,0,1,0,0,0,0,0,0,0,0,0,0,,,,,
Jonathan Grimes,RB,HOU,14,IND,0,0,0,0,0,6,0,1,1,6,0,2,0,0,0,0,0,0,0,0,0,0,,,,,
Jonathan Stewart,RB,CAR,14,LAC,0,0,0,0,0,66,1,24,0,0,0,2,0,0,0,0,0,0,0,0,0,0,,,,,
Jordan Howard,RB,CHI,14,DET,0,0,0,0,0,86,0,13,2,24,0,5,0,0,0,0,0,0,0,0,0,0,,,,,
Jordan Matthews,TE,PHI,14,WAS,0,0,0,0,0,0,0,0,8,79,0,10,0,0,0,0,0,0,0,0,0,0,,,,,
Jordan Reed,TE,WAS,14,PHI,0,0,0,0,0,0,0,0,1,10,0,1,0,0,0,0,0,0,0,0,0,0,,,,,
Jordan Taylor,WR,DEN,14,TEN,0,0,0,0,0,0,0,0,3,18,0,4,0,0,0,0,0,0,0,0,0,0,,,,,
Jordan Todman,RB,IND,14,HOU,0,0,0,0,0,0,0,0,0,0,0,0,0,0,0,0,0,0,0,0,0,0,,,,,
Jordy Nelson,WR,GB,14,SEA,0,0,0,0,0,0,0,0,6,41,2,7,0,0,0,0,0,0,0,0,0,0,,,,,
Josh Bellamy,WR,CHI,14,DET,0,0,0,0,0,0,0,0,3,45,0,7,0,0,0,0,0,0,0,0,0,0,,,,,
Josh Ferguson,RB,IND,14,HOU,0,0,0,0,0,0,0,0,0,0,0,0,0,0,0,0,0,0,0,0,0,0,,,,,
Josh Huff,WR,TB,14,NO,0,0,0,0,0,5,0,1,1,17,0,2,0,0,0,0,0,0,0,0,0,0,,,,,
Josh Lambo,K,LAC,14,CAR,0,0,0,0,0,0,0,0,0,0,0,0,0,0,0,0,0,1,0,0,0,1,,,,,
Josh Perkins,TE,ATL,14,LA,0,0,0,0,0,0,0,0,0,0,0,0,0,0,0,0,0,0,0,0,0,0,,,,,
Julian Edelman,WR,NE,14,BAL,0,0,0,0,0,0,0,0,7,73,0,15,0,0,0,0,0,0,0,0,0,0,,,,,
Justin Forsett,RB,DEN,14,TEN,0,0,0,0,0,17,0,6,3,18,0,3,0,0,0,0,0,0,0,0,0,0,,,,,
Justin Hardy,WR,ATL,14,LA,0,0,0,0,0,0,0,0,2,9,1,2,0,0,0,0,0,0,0,0,0,0,,,,,
Justin Hunter,WR,BUF,14,PIT,0,0,0,0,0,0,0,0,0,0,0,0,0,0,0,0,0,0,0,0,0,0,,,,,
Justin Tucker,K,BAL,14,NE,0,0,0,0,0,0,0,0,0,0,0,0,0,0,0,0,0,2,0,1,0,2,,,,,
Juwan Thompson,RB,DEN,14,TEN,0,0,0,0,0,0,0,0,0,0,0,0,0,0,0,0,0,0,0,0,0,0,,,,,
KC,DEF,KC,14,LV,,,,,,,,,,,,,,,,,,,,,,,0,0,0,0,13.0
Ka'Deem Carey,RB,CHI,14,DET,0,0,0,0,0,2,0,1,0,0,0,0,0,0,0,0,0,0,0,0,0,0,,,,,
Kai Forbath,K,MIN,14,JAX,0,0,0,0,0,0,0,0,0,0,0,0,0,0,0,0,0,1,3,0,0,1,,,,,
Kalif Raymond,WR,DEN,14,TEN,0,0,0,0,0,0,0,0,0,0,0,0,0,0,0,0,0,0,0,0,0,0,,,,,
Kamar Aiken,WR,BAL,14,NE,0,0,0,0,0,0,0,0,1,10,0,4,0,0,0,0,0,0,0,0,0,0,,,,,
Keith Mumphery,WR,HOU,14,IND,0,0,0,0,0,0,0,0,2,16,0,2,0,0,0,0,0,0,0,0,0,0,,,,,
Kelvin Benjamin,WR,CAR,14,LAC,0,0,0,0,0,0,0,0,1,11,0,4,0,0,0,0,0,0,0,0,0,0,,,,,
Kenneth Dixon,RB,BAL,14,NE,0,0,0,0,0,39,0,11,8,42,1,11,0,0,0,0,0,0,0,0,0,0,,,,,
Kenneth Farrow,RB,LAC,14,CAR,0,0,0,0,0,55,0,16,6,23,0,6,0,0,0,0,0,0,0,0,0,0,,,,,
Kenny Britt,WR,LA,14,ATL,0,0,0,0,0,0,0,0,7,82,0,12,0,0,0,0,0,0,0,0,0,0,,,,,
Kenny Stills,WR,MIA,14,ARI,0,0,0,0,0,0,0,0,6,97,1,7,0,0,0,0,0,0,0,0,0,0,,,,,
Kenyan Drake,RB,MIA,14,ARI,0,0,0,0,0,8,0,1,1,3,0,1,0,0,0,0,0,0,0,0,0,0,,,,,
Kerwynn Williams,RB,ARI,14,MIA,0,0,0,0,0,34,0,3,0,0,0,0,0,0,0,0,0,0,0,0,0,0,,,,,
Kirk Cousins,QB,WAS,14,PHI,234,2,21,14,1,6,0,4,0,0,0,0,0,0,0,0,0,0,0,0,0,0,,,,,
Kyle Juszczyk,RB,BAL,14,NE,0,0,0,0,0,0,0,0,3,46,0,3,0,0,0,0,0,0,0,0,0,0,,,,,
Kyle Rudolph,TE,MIN,14,JAX,0,0,0,0,0,0,0,0,4,60,1,8,0,0,0,0,0,0,0,0,0,0,,,,,
LA,DEF,LA,14,ATL,,,,,,,,,,,,,,,,,,,,,,,0,0,0,0,42.0
LAC,DEF,LAC,14,CAR,,,,,,,,,,,,,,,,,,,,,,,0,0,0,0,0.0
LV,DEF,LV,14,KC,,,,,,,,,,,,,,,,,,,,,,,0,0,0,0,0.0
Ladarius Green,TE,PIT,14,BUF,0,0,0,0,0,0,0,0,2,25,0,6,0,0,0,0,0,0,0,0,0,0,,,,,
Lamar Miller,RB,HOU,14,IND,0,0,0,0,0,107,1,21,1,15,0,1,0,0,0,0,0,0,0,0,0,0,,,,,
Lance Dunbar,RB,DAL,14,NYG,0,0,0,0,0,0,0,0,3,12,0,5,0,0,0,0,0,0,0,0,0,0,,,,,
Lance Kendricks,TE,LA,14,ATL,0,0,0,0,0,0,0,0,1,13,0,3,0,0,0,0,0,0,0,0,0,0,,,,,
Laquon Treadwell,WR,MIN,14,JAX,0,0,0,0,0,0,0,0,0,0,0,0,0,0,0,0,0,0,0,0,0,0,,,,,
Larry Fitzgerald,WR,ARI,14,MIA,0,0,0,0,0,0,0,0,3,12,0,9,0,0,0,0,0,0,0,0,0,0,,,,,
Latavius Murray,RB,LV,14,KC,0,0,0,0,0,103,1,22,0,0,0,1,0,0,0,0,0,0,0,0,0,0,,,,,
Le'Veon Bell,RB,PIT,14,BUF,0,0,0,0,0,236,3,38,4,62,0,5,0,0,0,0,0,0,0,0,0,0,,,,,
LeGarrette Blount,RB,NE,14,BAL,0,0,0,0,0,72,1,18,1,7,0,1,0,0,0,0,0,0,0,0,0,0,,,,,
LeSean McCoy,RB,BUF,14,PIT,0,0,0,0,0,27,1,12,6,81,0,7,0,0,0,0,0,0,0,0,0,0,,,,,
Levine Toilolo,TE,ATL,14,LA,0,0,0,0,0,0,0,0,1,19,0,1,0,0,0,0,0,0,0,0,0,0,,,,,
Luke Willson,TE,SEA,14,GB,0,0,0,0,0,0,0,0,1,11,0,1,0,0,0,0,0,0,0,0,0,0,,,,,
MIA,DEF,MIA,14,ARI,,,,,,,,,,,,,,,,,,,,,,,0,0,0,0,23.0
MIN,DEF,MIN,14,JAX,,,,,,,,,,,,,,,,,,,,,,,0,0,0,0,16.0
Malcolm Brown,RB,LA,14,ATL,0,0,0,0,0,14,0,4,0,0,0,0,0,0,0,0,0,0,0,0,0,0,,,,,
Malcolm Mitchell,WR,NE,14,BAL,0,0,0,0,0,0,0,0,4,41,1,5,0,0,0,0,0,0,0,0,0,0,,,,,
Marc Mariani,WR,TEN,14,DEN,0,0,0,0,0,0,0,0,0,0,0,0,0,0,0,0,0,0,0,0,0,0,,,,,
Marcus Mariota,QB,TEN,14,DEN,88,0,20,6,0,38,0,8,0,0,0,1,0,0,0,0,0,0,0,0,0,0,,,,,
Mark Ingram,RB,NO,14,TB,0,0,0,0,0,14,0,7,1,9,0,2,0,0,0,0,0,0,0,0,0,0,,,,,
Marqise Lee,WR,JAX,14,MIN,0,0,0,0,0,0,0,0,5,113,0,8,0,0,0,0,0,0,0,0,0,0,,,,,
Marquise Goodwin,WR,BUF,14,PIT,0,0,0,0,0,0,0,0,0,0,0,2,0,0,0,0,0,0,0,0,0,0,,,,,
Martellus Bennett,TE,NE,14,BAL,0,0,0,0,0,0,0,0,4,70,1,4,0,0,0,0,0,0,0,0,0,0,,,,,
Marvin Jones,WR,DET,14,CHI,0,0,0,0,0,0,0,0,4,67,0,5,0,0,0,0,0,0,0,0,0,0,,,,,
Mason Crosby,K,GB,14,SEA,0,0,0,0,0,0,0,0,0,0,0,0,0,0,0,0,0,1,0,0,0,5,,,,,
Matt Asiata,RB,MIN,14,JAX,0,0,0,0,0,37,1,11,2,14,0,2,0,0,0,0,0,0,0,0,0,0,,,,,
Matt Barkley,QB,CHI,14,DET,212,1,32,20,0,0,0,0,0,0,0,0,0,0,0,0,0,0,0,0,0,0,,,,,
Matt Bryant,K,ATL,14,LA,0,0,0,0,0,0,0,0,0,0,0,0,0,0,0,0,0,0,0,0,0,6,,,,,
Matt Forte,RB,NYJ,14,SF,0,0,0,0,0,8,0,3,0,0,0,0,0,0,0,0,0,0,0,0,0,0,,,,,
Matt Moore,QB,MIA,14,ARI,47,0,5,3,0,0,0,0,0,0,0,0,0,0,0,0,0,0,0,0,0,0,,,,,
Matt Prater,K,DET,14,CHI,0,0,0,0,0,0,0,0,0,0,0,0,0,0,0,0,1,0,0,1,0,2,,,,,
Matt Ryan,QB,ATL,14,LA,237,3,28,18,0,0,0,0,0,0,0,0,0,0,0,0,0,0,0,0,0,0,,,,,
Matt Schaub,QB,ATL,14,LA,0,0,2,0,0,0,0,0,0,0,0,0,0,0,0,0,0,0,0,0,0,0,,,,,
Matthew Slater,WR,NE,14,BAL,0,0,0,0,0,0,0,0,0,0,0,0,0,0,0,0,0,0,0,0,0,0,,,,,
Matthew Stafford,QB,DET,14,CHI,223,1,35,21,2,15,1,4,0,0,0,0,0,0,0,0,0,0,0,0,0,0,,,,,
Melvin Gordon,RB,LAC,14,CAR,0,0,0,0,0,5,0,3,0,0,0,1,0,0,0,0,0,0,0,0,0,0,,,,,
Michael Crabtree,WR,LV,14,KC,0,0,0,0,0,0,0,0,4,21,0,7,0,0,0,0,0,0,0,0,0,0,,,,,
Michael Floyd,WR,ARI,14,MIA,0,0,0,0,0,0,0,0,2,18,0,3,0,0,0,0,0,0,0,0,0,0,,,,,
Mike Evans,WR,TB,14,NO,0,0,0,0,0,0,0,0,4,42,0,8,0,0,0,0,0,0,0,0,0,0,,,,,
Mike Gillislee,RB,BUF,14,PIT,0,0,0,0,0,34,0,2,0,0,0,0,0,0,0,0,0,0,0,0,0,0,,,,,
Mike Nugent,K,CIN,14,CLE,0,0,0,0,0,0,0,0,0,0,0,0,0,0,0,0,0,0,1,0,0,2,,,,,
Mike Thomas,WR,LA,14,ATL,0,0,0,0,0,0,0,0,1,16,0,1,0,0,0,0,0,0,0,0,0,0,,,,,
Mike Wallace,WR,BAL,14,NE,0,0,0,0,0,0,0,0,5,52,0,8,0,0,0,0,0,0,0,0,0,0,,,,,
Mychal Rivera,TE,LV,14,KC,0,0,0,0,0,0,0,0,3,26,0,5,0,0,0,0,0,0,0,0,0,0,,,,,
NE,DEF,NE,14,BAL,,,,,,,,,,,,,,,,,,,,,,,0,1,0,0,23.0
NO,DEF,NO,14,TB,,,,,,,,,,,,,,,,,,,,,,,0,1,0,0,16.0
NYG,DEF,NYG,14,DAL,,,,,,,,,,,,,,,,,,,,,,,0,0,0,0,7.0
NYJ,DEF,NYJ,14,SF,,,,,,,,,,,,,,,,,,,,,,,0,0,0,0,17.0
Neal Sterling,TE,JAX,14,MIN,0,0,0,0,0,0,0,0,3,27,0,5,0,0,0,0,0,0,0,0,0,0,,,,,
Nelson Agholor,WR,PHI,14,WAS,0,0,0,0,0,0,0,0,2,22,0,4,0,0,0,0,0,0,0,0,0,0,,,,,
Nick Boyle,TE,BAL,14,NE,0,0,0,0,0,0,0,0,3,15,0,3,0,0,0,0,0,0,0,0,0,0,,,,,
Nick Folk,K,NYJ,14,SF,0,0,0,0,0,0,0,0,0,0,0,0,0,0,0,0,0,2,0,1,0,0,,,,,
Nick Novak,K,HOU,14,IND,0,0,0,0,0,0,0,0,0,0,0,0,0,0,0,0,2,1,1,1,0,1,,,,,
Nick O'Leary,TE,BUF,14,PIT,0,0,0,0,0,0,0,0,1,12,0,1,0,0,0,0,0,0,0,0,0,0,,,,,
Nick Williams,WR,ATL,14,LA,0,0,0,0,0,0,0,0,4,49,0,5,0,0,0,0,0,0,0,0,0,0,,,,,
Odell Beckham Jr.,WR,NYG,14,DAL,0,0,0,0,0,0,0,0,4,94,1,9,0,0,0,0,0,0,0,0,0,0,,,,,
PHI,DEF,PHI,14,WAS,,,,,,,,,,,,,,,,,,,,,,,1,0,0,0,27.0
PIT,DEF,PIT,14,BUF,,,,,,,,,,,,,,,,,,,,,,,0,0,0,0,20.0
Patrick DiMarco,RB,ATL,14,LA,0,0,0,0,0,0,0,0,0,0,0,1,0,0,0,0,0,0,0,0,0,0,,,,,
Paul Perkins,RB,NYG,14,DAL,0,0,0,0,0,45,0,15,1,0,0,1,0,0,0,0,0,0,0,0,0,0,,,,,
Paul Richardson,WR,SEA,14,GB,0,0,0,0,0,0,0,0,0,0,0,0,0,0,0,0,0,0,0,0,0,0,,,,,
Paul Turner,WR,PHI,14,WAS,0,0,0,0,0,0,0,0,1,16,0,2,0,0,0,0,0,0,0,0,0,0,,,,,
Pharoh Cooper,WR,LA,14,ATL,0,0,0,0,0,0,0,0,3,22,0,3,0,0,0,0,0,0,0,0,0,0,,,,,
Phil Dawson,K,SF,14,NYJ,0,0,0,0,0,0,0,0,0,0,0,0,0,0,0,0,0,0,1,0,0,2,,,,,
Philip Rivers,QB,LAC,14,CAR,236,2,39,21,3,0,0,0,0,0,0,0,0,0,0,0,0,0,0,0,0,0,,,,,
Phillip Dorsett,WR,IND,14,HOU,0,0,0,0,0,0,0,0,3,19,0,8,0,0,0,0,0,0,0,0,0,0,,,,,
Pierre Garcon,WR,WAS,14,PHI,0,0,0,0,0,0,0,0,5,59,1,6,0,0,0,0,0,0,0,0,0,0,,,,,
Quincy Enunwa,WR,NYJ,14,SF,0,0,0,0,0,0,0,0,3,29,0,7,0,0,0,0,0,0,0,0,0,0,,,,,
Quinton Patton,WR,SF,14,NYJ,0,0,0,0,0,0,0,0,4,31,0,6,0,0,0,0,0,0,0,0,0,0,,,,,
Randall Cobb,WR,GB,14,SEA,0,0,0,0,0,0,0,0,3,33,0,3,0,0,0,0,0,0,0,0,0,0,,,,,
Randall Telfer,TE,CLE,14,CIN,0,0,0,0,0,0,0,0,1,7,0,1,0,0,0,0,0,0,0,0,0,0,,,,,
Rashad Jennings,RB,NYG,14,DAL,0,0,0,0,0,45,0,15,2,12,0,2,0,0,0,0,0,0,0,0,0,0,,,,,
Reggie Bush,RB,BUF,14,PIT,0,0,0,0,0,4,0,1,0,0,0,0,0,0,0,0,0,0,0,0,0,0,,,,,
Rex Burkhead,RB,CIN,14,CLE,0,0,0,0,0,45,0,9,1,6,0,2,0,0,0,0,0,0,0,0,0,0,,,,,
Rhett Ellison,TE,MIN,14,JAX,0,0,0,0,0,0,0,0,1,0,0,2,0,0,0,0,0,0,0,0,0,0,,,,,
Ricardo Louis,WR,CLE,14,CIN,0,0,0,0,0,0,0,0,0,0,0,0,0,0,0,0,0,0,0,0,0,0,,,,,
Richard Rodgers,TE,GB,14,SEA,0,0,0,0,0,0,0,0,1,8,0,2,0,0,0,0,0,0,0,0,0,0,,,,,
Rishard Matthews,WR,TEN,14,DEN,0,0,0,0,0,0,0,0,1,26,0,3,0,0,0,0,0,0,0,0,0,0,,,,,
Rob Kelley,RB,WAS,14,PHI,0,0,0,0,0,63,1,16,2,25,0,2,0,0,0,0,0,0,0,0,0,0,,,,,
Robbie Chosen,WR,NYJ,14,SF,0,0,0,0,0,12,0,2,6,99,0,11,0,0,0,0,0,0,0,0,0,0,,,,,
Robbie Gould,K,NYG,14,DAL,0,0,0,0,0,0,0,0,0,0,0,0,0,0,0,0,0,1,0,0,0,1,,,,,
Robert Griffin III,QB,CLE,14,CIN,104,0,28,12,1,31,1,7,0,0,0,0,0,0,0,0,0,0,0,0,0,0,,,,,
Robert Turbin,RB,IND,14,HOU,0,0,0,0,0,10,0,3,4,33,0,7,0,0,0,0,0,0,0,0,0,0,,,,,
Robert Woods,WR,BUF,14,PIT,0,0,0,0,0,0,0,0,1,29,0,3,0,0,0,0,0,0,0,0,0,0,,,,,
Roberto Aguayo,K,TB,14,NO,0,0,0,0,0,0,0,0,0,0,0,0,0,0,0,0,1,1,1,0,0,1,,,,,
Rod Streater,WR,SF,14,NYJ,0,0,0,0,0,0,0,0,1,7,0,1,0,0,0,0,0,0,0,0,0,0,,,,,
Roger Lewis,WR,NYG,14,DAL,0,0,0,0,0,0,0,0,0,0,0,1,0,0,0,0,0,0,0,0,0,0,,,,,
Russell Shepard,WR,TB,14,NO,0,0,0,0,0,0,0,0,1,17,0,3,0,0,0,0,0,0,0,0,0,0,,,,,
Russell Wilson,QB,SEA,14,GB,240,1,39,22,5,19,0,4,0,0,0,0,0,0,0,0,0,0,0,0,0,0,,,,,
Ryan Griffin,TE,HOU,14,IND,0,0,0,0,0,0,0,0,2,23,0,2,0,0,0,0,0,0,0,0,0,0,,,,,
Ryan Mathews,RB,PHI,14,WAS,0,0,0,0,0,60,0,15,0,0,0,1,0,0,0,0,0,0,0,0,0,0,,,,,
Ryan Succop,K,TEN,14,DEN,0,0,0,0,0,0,0,0,0,0,0,0,0,0,0,0,0,0,1,1,0,1,,,,,
Ryan Tannehill,QB,MIA,14,ARI,195,3,20,15,1,20,0,5,0,0,0,0,0,0,0,0,0,0,0,0,0,0,,,,,
SEA,DEF,SEA,14,GB,,,,,,,,,,,,,,,,,,,,,,,0,0,0,0,38.0
SF,DEF,SF,14,NYJ,,,,,,,,,,,,,,,,,,,,,,,0,0,0,0,23.0
Sam Bradford,QB,MIN,14,JAX,292,1,34,24,0,17,0,4,0,0,0,0,0,0,0,0,0,0,0,0,0,0,,,,,
Sammie Coates,WR,PIT,14,BUF,0,0,0,0,0,0,0,0,0,0,0,0,0,0,0,0,0,0,0,0,0,0,,,,,
Sammy Watkins,WR,BUF,14,PIT,0,0,0,0,0,0,0,0,4,54,1,6,0,0,0,0,0,0,0,0,0,0,,,,,
Sean McGrath,TE,LAC,14,CAR,0,0,0,0,0,0,0,0,0,0,0,0,0,0,0,0,0,0,0,0,0,0,,,,,
Sebastian Janikowski,K,LV,14,KC,0,0,0,0,0,0,0,0,0,0,0,0,0,0,0,0,0,1,1,0,0,1,,,,,
Seth DeValve,TE,CLE,14,CIN,0,0,0,0,0,0,0,0,1,11,0,2,0,0,0,0,0,0,0,0,0,0,,,,,
Seth Roberts,WR,LV,14,KC,0,0,0,0,0,0,0,0,2,12,0,9,0,0,0,0,0,0,0,0,0,0,,,,,
Shane Vereen,RB,NYG,14,DAL,0,0,0,0,0,0,0,0,1,10,0,2,0,0,0,0,0,0,0,0,0,0,,,,,
Shane Wynn,WR,JAX,14,MIN,0,0,0,0,0,0,0,0,1,19,0,3,0,0,0,0,0,0,0,0,0,0,,,,,
Shaun Draughn,RB,SF,14,NYJ,0,0,0,0,0,32,1,7,1,-5,0,1,0,0,0,0,0,0,0,0,0,0,,,,,
Spencer Ware,RB,KC,14,LV,0,0,0,0,0,56,0,20,1,7,0,2,0,0,0,0,0,0,0,0,0,0,,,,,
Stefon Diggs,WR,MIN,14,JAX,0,0,0,0,0,0,0,0,3,55,0,5,0,0,0,0,0,0,0,0,0,0,,,,,
Stephen Gostkowski,K,NE,14,BAL,0,0,0,0,0,0,0,0,0,0,0,0,0,0,0,0,0,0,0,0,0,4,,,,,
Sterling Shepard,WR,NYG,14,DAL,0,0,0,0,0,0,0,0,3,39,0,4,0,0,0,0,0,0,0,0,0,0,,,,,
Steve Smith,WR,BAL,14,NE,0,0,0,0,0,0,0,0,4,57,0,6,0,0,0,0,0,0,0,0,0,0,,,,,
Steven Hauschka,K,SEA,14,GB,0,0,0,0,0,0,0,0,0,0,0,0,0,0,0,0,1,0,0,0,0,1,,,,,
T.J. Yeldon,RB,JAX,14,MIN,0,0,0,0,0,59,0,17,7,31,0,9,0,0,0,0,0,0,0,0,0,0,,,,,
T.Y. Hilton,WR,IND,14,HOU,0,0,0,0,0,0,0,0,9,115,1,13,0,0,0,0,0,0,0,0,0,0,,,,,
TB,DEF,TB,14,NO,,,,,,,,,,,,,,,,,,,,,,,0,0,0,0,11.0
TEN,DEF,TEN,14,DEN,,,,,,,,,,,,,,,,,,,,,,,0,0,0,0,10.0
Taiwan Jones,RB,LV,14,KC,0,0,0,0,0,0,0,0,0,0,0,0,0,0,0,0,0,0,0,0,0,0,,,,,
Tajae Sharpe,WR,TEN,14,DEN,0,0,0,0,0,0,0,0,0,0,0,1,0,0,0,0,0,0,0,0,0,0,,,,,
Tanner McEvoy,WR,SEA,14,GB,0,0,0,0,0,0,0,0,3,41,1,3,0,0,0,0,0,0,0,0,0,0,,,,,
Tavon Austin,WR,LA,14,ATL,0,0,0,0,0,27,0,2,7,62,0,11,0,0,0,0,0,0,0,0,0,0,,,,,
Taylor Gabriel,WR,ATL,14,LA,0,0,0,0,0,0,0,1,3,82,1,6,0,0,0,0,0,0,0,0,0,0,,,,,
Ted Ginn,WR,CAR,14,LAC,0,0,0,0,0,5,0,2,2,21,0,4,0,0,0,0,0,0,0,0,0,0,,,,,
Terrance West,RB,BAL,14,NE,0,0,0,0,0,2,0,2,4,24,0,4,0,0,0,0,0,0,0,0,0,0,,,,,
Terrance Williams,WR,DAL,14,NYG,0,0,0,0,0,0,0,0,5,76,1,6,0,0,0,0,0,0,0,0,0,0,,,,,
Terrelle Pryor,WR,CLE,14,CIN,0,0,0,0,0,0,0,0,1,3,0,3,0,0,0,0,0,0,0,0,0,0,,,,,
Terron Ward,RB,ATL,14,LA,0,0,0,0,0,24,0,10,0,0,0,0,0,0,0,0,0,0,0,0,0,0,,,,,
Tevin Coleman,RB,ATL,14,LA,0,0,0,0,0,36,1,8,2,19,1,3,0,0,0,0,0,0,0,0,0,0,,,,,
Thomas Rawls,RB,SEA,14,GB,0,0,0,0,0,67,0,12,1,7,0,2,0,0,0,0,0,0,0,0,0,0,,,,,
Tim Hightower,RB,NO,14,TB,0,0,0,0,0,31,0,6,1,8,0,2,0,0,0,0,0,0,0,0,0,0,,,,,
Todd Gurley,RB,LA,14,ATL,0,0,0,0,0,61,1,16,3,22,0,4,0,0,0,0,0,0,0,0,0,0,,,,,
Tom Brady,QB,NE,14,BAL,406,3,38,25,1,-1,0,1,0,0,0,0,0,0,0,0,0,0,0,0,0,0,,,,,
Tommylee Lewis,WR,NO,14,TB,0,0,0,0,0,0,0,0,0,0,0,0,0,0,0,0,0,0,0,0,0,0,,,,,
Torrey Smith,WR,SF,14,NYJ,0,0,0,0,0,0,0,0,0,0,0,1,0,0,0,0,0,0,0,0,0,0,,,,,
Travaris Cadet,RB,NO,14,TB,0,0,0,0,0,-1,0,1,4,30,0,5,0,0,0,0,0,0,0,0,0,0,,,,,
Travis Benjamin,WR,LAC,14,CAR,0,0,0,0,0,-2,0,1,0,0,0,3,0,0,0,0,0,0,0,0,0,0,,,,,
Travis Kelce,TE,KC,14,LV,0,0,0,0,0,0,0,0,5,101,0,8,0,0,0,0,0,0,0,0,0,0,,,,,
Trevor Siemian,QB,DEN,14,TEN,334,1,51,35,0,0,0,0,0,0,0,0,0,0,0,0,0,0,0,0,0,0,,,,,
Trey Burton,TE,PHI,14,WAS,0,0,0,0,0,0,0,0,7,65,0,10,0,0,0,0,0,0,0,0,0,0,,,,,
Troymaine Pope,RB,SEA,14,GB,0,0,0,0,0,12,0,1,0,0,0,1,0,0,0,0,0,0,0,0,0,0,,,,,
Ty Montgomery,WR,GB,14,SEA,0,0,0,0,0,41,1,9,3,45,0,4,0,0,0,0,0,0,0,0,0,0,,,,,
Tyler Boyd,WR,CIN,14,CLE,0,0,0,0,0,40,0,2,6,49,0,6,0,0,0,0,0,0,0,0,0,0,,,,,
Tyler Eifert,TE,CIN,14,CLE,0,0,0,0,0,0,0,0,5,48,2,6,0,0,0,0,0,0,0,0,0,0,,,,,
Tyler Higbee,TE,LA,14,ATL,0,0,0,0,0,0,0,0,1,8,0,4,0,0,0,0,0,0,0,0,0,0,,,,,
Tyler Kroft,TE,CIN,14,CLE,0,0,0,0,0,0,0,0,0,0,0,0,0,0,0,0,0,0,0,0,0,0,,,,,
Tyler Lockett,WR,SEA,14,GB,0,0,0,0,0,15,0,2,4,41,0,6,0,0,0,0,0,0,0,0,0,0,,,,,
Tyreek Hill,WR,KC,14,LV,0,0,0,0,0,2,0,1,6,66,1,6,1,0,0,0,0,0,0,0,0,0,,,,,
Tyrell Williams,WR,LAC,14,CAR,0,0,0,0,0,0,0,0,2,68,0,5,0,0,0,0,0,0,0,0,0,0,,,,,
Tyrod Taylor,QB,BUF,14,PIT,228,2,25,15,1,2,0,3,0,0,0,0,0,0,0,0,0,0,0,0,0,0,,,,,
Vernon Davis,TE,WAS,14,PHI,0,0,0,0,0,0,0,0,1,1,0,2,0,0,0,0,0,0,0,0,0,0,,,,,
Victor Cruz,WR,NYG,14,DAL,0,0,0,0,0,0,0,0,1,4,0,4,0,0,0,0,0,0,0,0,0,0,,,,,
Vince Mayle,TE,DAL,14,NYG,0,0,0,0,0,0,0,0,0,0,0,0,0,0,0,0,0,0,0,0,0,0,,,,,
Virgil Green,TE,DEN,14,TEN,0,0,0,0,0,0,0,0,0,0,0,2,0,0,0,0,0,0,0,0,0,0,,,,,
WAS,DEF,WAS,14,PHI,,,,,,,,,,,,,,,,,,,,,,,0,0,0,0,22.0
Wendell Smallwood,RB,PHI,14,WAS,0,0,0,0,0,3,0,3,0,0,0,0,0,0,0,0,0,0,0,0,0,0,,,,,
Wil Lutz,K,NO,14,TB,0,0,0,0,0,0,0,0,0,0,0,0,0,0,0,0,1,1,1,0,0,0,,,,,
Will Fuller,WR,HOU,14,IND,0,0,0,0,0,0,0,0,2,22,0,4,0,0,0,0,0,0,0,0,0,0,,,,,
Will Tye,TE,NYG,14,DAL,0,0,0,0,0,0,0,0,2,19,0,2,0,0,0,0,0,0,0,0,0,0,,,,,
Willie Snead,WR,NO,14,TB,0,0,0,0,0,0,0,0,6,85,0,8,0,0,0,0,0,0,0,0,0,0,,,,,
Zach Ertz,TE,PHI,14,WAS,0,0,0,0,0,0,0,0,10,112,0,13,0,0,0,0,0,0,0,0,0,0,,,,,
Zach Zenner,RB,DET,14,CHI,0,0,0,0,0,36,0,7,2,9,0,2,0,0,0,0,0,0,0,0,0,0,,,,,
A.J. Derby,TE,DEN,15,NE,0,0,0,0,0,0,0,0,4,35,0,6,0,0,0,0,0,0,0,0,0,0,,,,,
ARI,DEF,ARI,15,NO,,,,,,,,,,,,,,,,,,,,,,,0,0,0,0,48.0
ATL,DEF,ATL,15,SF,,,,,,,,,,,,,,,,,,,,,,,0,0,0,0,13.0
Aaron Burbridge,WR,SF,15,ATL,0,0,0,0,0,0,0,0,2,29,0,3,0,0,0,0,0,0,0,0,0,0,,,,,
Aaron Rodgers,QB,GB,15,CHI,252,0,31,19,0,19,0,3,0,0,0,0,0,0,0,0,0,0,0,0,0,0,,,,,
Adam Humphries,WR,TB,15,DAL,0,0,0,0,0,0,0,0,2,49,1,5,0,0,0,0,0,0,0,0,0,0,,,,,
Adam Thielen,WR,MIN,15,IND,0,0,0,0,0,0,0,0,0,0,0,1,0,0,0,0,0,0,0,0,0,0,,,,,
Adam Vinatieri,K,IND,15,MIN,0,0,0,0,0,0,0,0,0,0,0,0,0,0,0,0,0,0,1,1,0,4,,,,,
Adrian Peterson,RB,MIN,15,IND,0,0,0,0,0,22,0,6,1,1,0,1,0,0,0,0,0,0,0,0,0,0,,,,,
Akeem Hunt,RB,HOU,15,JAX,0,0,0,0,0,15,0,3,0,0,0,0,0,0,0,0,0,0,0,0,0,0,,,,,
Alan Cross,TE,TB,15,DAL,0,0,0,0,0,0,0,0,1,7,0,1,0,0,0,0,0,0,0,0,0,0,,,,,
Albert Wilson,WR,KC,15,TEN,0,0,0,0,0,0,0,0,0,0,0,1,0,0,0,0,0,0,0,0,0,0,,,,,
Aldrick Robinson,WR,ATL,15,SF,0,0,0,0,0,0,0,0,4,111,0,5,0,0,0,0,0,0,0,0,0,0,,,,,
Alex Ellis,TE,JAX,15,HOU,0,0,0,0,0,0,0,0,1,1,0,1,0,0,0,0,0,0,0,0,0,0,,,,,
Alex Erickson,WR,CIN,15,PIT,0,0,0,0,0,0,0,0,0,0,0,0,0,0,0,0,0,0,0,0,0,0,,,,,
Alex Smith,QB,KC,15,TEN,163,0,28,15,1,11,1,4,0,0,0,0,0,0,0,0,0,0,0,0,0,0,,,,,
Alfred Blue,RB,HOU,15,JAX,0,0,0,0,0,1,0,1,1,4,0,1,0,0,0,0,0,0,0,0,0,0,,,,,
Allen Robinson,WR,JAX,15,HOU,0,0,0,0,0,0,0,0,2,15,0,8,0,0,0,0,0,0,0,0,0,0,,,,,
Alshon Jeffery,WR,CHI,15,GB,0,0,0,0,0,0,0,0,6,89,1,9,0,0,0,0,0,0,0,0,0,0,,,,,
Amari Cooper,WR,LV,15,LAC,0,0,0,0,0,0,0,0,1,28,0,3,0,0,0,0,0,0,0,0,0,0,,,,,
Andre Ellington,RB,ARI,15,NO,0,0,0,0,0,0,0,0,1,9,0,1,0,0,0,0,0,0,0,0,0,0,,,,,
Andre Holmes,WR,LV,15,LAC,0,0,0,0,0,0,0,0,1,23,0,1,0,0,0,0,0,0,0,0,0,0,,,,,
Andre Roberts,WR,DET,15,NYG,0,0,0,0,0,0,0,0,0,0,0,0,0,0,0,0,0,0,0,0,0,0,,,,,
Andrew Franks,K,MIA,15,NYJ,0,0,0,0,0,0,0,0,0,0,0,0,0,0,0,0,0,0,0,0,0,4,,,,,
Andrew Hawkins,WR,CLE,15,BUF,0,0,0,0,0,0,0,0,1,33,0,1,0,0,0,0,0,0,0,0,0,0,,,,,
Andrew Luck,QB,IND,15,MIN,250,2,28,21,0,8,0,1,0,0,0,0,0,0,0,0,0,0,0,0,0,0,,,,,
Andy Dalton,QB,CIN,15,PIT,157,0,27,16,1,1,1,1,0,0,0,0,0,0,0,0,0,0,0,0,0,0,,,,,
Anquan Boldin,WR,DET,15,NYG,0,0,0,0,0,0,0,0,3,13,0,4,0,0,0,0,0,0,0,0,0,0,,,,,
Antonio Andrews,RB,TEN,15,KC,0,0,0,0,0,0,0,0,0,0,0,0,0,0,0,0,0,0,0,0,0,0,,,,,
Antonio Brown,WR,PIT,15,CIN,0,0,0,0,0,0,0,0,3,58,0,5,0,0,0,0,0,0,0,0,0,0,,,,,
Antonio Gates,TE,LAC,15,LV,0,0,0,0,0,0,0,0,1,11,0,2,0,0,0,0,0,0,0,0,0,0,,,,,
Arrelious Benn,WR,JAX,15,HOU,0,0,0,0,0,0,0,0,0,0,0,0,0,0,0,0,0,0,0,0,0,0,,,,,
Austin Hooper,TE,ATL,15,SF,0,0,0,0,0,0,0,0,1,9,1,1,0,0,0,0,0,0,0,0,0,0,,,,,
Austin Seferian-Jenkins,TE,NYJ,15,MIA,0,0,0,0,0,0,0,0,1,3,0,2,0,0,0,0,0,0,0,0,0,0,,,,,
BAL,DEF,BAL,15,PHI,,,,,,,,,,,,,,,,,,,,,,,0,0,0,0,26.0
BUF,DEF,BUF,15,CLE,,,,,,,,,,,,,,,,,,,,,,,0,0,0,0,13.0
Ben Koyack,TE,JAX,15,HOU,0,0,0,0,0,0,0,0,1,2,0,2,0,0,0,0,0,0,0,0,0,0,,,,,
Ben Roethlisberger,QB,PIT,15,CIN,286,1,36,21,0,-5,0,4,0,0,0,0,0,0,0,0,0,0,0,0,0,0,,,,,
Bilal Powell,RB,NYJ,15,MIA,0,0,0,0,0,84,0,16,11,78,0,12,0,0,0,0,0,0,0,0,0,0,,,,,
Blake Bell,TE,SF,15,ATL,0,0,0,0,0,0,0,0,1,45,0,1,0,0,0,0,0,0,0,0,0,0,,,,,
Blake Bortles,QB,JAX,15,HOU,92,0,28,12,1,-5,1,2,0,0,0,0,0,0,0,0,0,0,0,0,0,0,,,,,
Bradley Marquez,WR,LA,15,SEA,0,0,0,0,0,0,0,0,0,0,0,0,0,0,0,0,0,0,0,0,0,0,,,,,
Brandin Cooks,WR,NO,15,ARI,0,0,0,0,0,0,0,0,7,186,2,8,0,0,0,0,0,0,0,0,0,0,,,,,
Brandon Bolden,RB,NE,15,DEN,0,0,0,0,0,0,0,0,0,0,0,0,0,0,0,0,0,0,0,0,0,0,,,,,
Brandon Coleman,WR,NO,15,ARI,0,0,0,0,0,0,0,0,0,0,0,1,0,0,0,0,0,0,0,0,0,0,,,,,
Brandon LaFell,WR,CIN,15,PIT,0,0,0,0,0,0,0,0,7,91,0,9,0,0,0,0,0,0,0,0,0,0,,,,,
Brandon Marshall,WR,NYJ,15,MIA,0,0,0,0,0,0,0,0,1,16,0,11,0,0,0,0,0,0,0,0,0,0,,,,,
Brandon McManus,K,DEN,15,NE,0,0,0,0,0,0,0,0,0,0,0,0,0,0,0,0,0,1,0,0,0,0,,,,,
Brandon Tate,WR,BUF,15,CLE,0,0,0,0,0,30,0,1,0,0,0,0,0,0,0,0,0,0,0,0,0,0,,,,,
Brandon Williams,TE,SEA,15,LA,0,0,0,0,0,0,0,0,0,0,0,0,0,0,0,0,0,0,0,0,0,0,,,,,
Brent Celek,TE,PHI,15,BAL,0,0,0,0,0,0,0,0,1,5,0,1,0,0,0,0,0,0,0,0,0,0,,,,,
Breshad Perriman,WR,BAL,15,PHI,0,0,0,0,0,0,0,0,0,0,0,1,0,0,0,0,0,0,0,0,0,0,,,,,
Brian Quick,WR,LA,15,SEA,0,0,0,0,0,0,0,0,3,46,0,5,0,0,0,0,0,0,0,0,0,0,,,,,
Brice Butler,WR,DAL,15,TB,0,0,0,0,0,0,0,0,1,21,0,1,0,0,0,0,0,0,0,0,0,0,,,,,
Brittan Golden,WR,ARI,15,NO,0,0,0,0,0,0,0,0,2,23,0,2,0,0,0,0,0,0,0,0,0,0,,,,,
Brock Osweiler,QB,HOU,15,JAX,48,0,11,6,2,0,0,0,0,0,0,0,0,0,0,0,0,0,0,0,0,0,,,,,
Bryan Walters,WR,JAX,15,HOU,0,0,0,0,0,0,0,0,2,26,0,5,0,0,0,0,0,0,0,0,0,0,,,,,
Bryce Petty,QB,NYJ,15,MIA,235,1,36,20,2,0,0,1,0,0,0,0,0,0,0,0,0,0,0,0,0,0,,,,,
Bryce Treggs,WR,PHI,15,BAL,0,0,0,0,0,4,0,1,0,0,0,0,0,0,0,0,0,0,0,0,0,0,,,,,
Byron Marshall,RB,PHI,15,BAL,0,0,0,0,0,22,0,9,2,6,0,3,0,0,0,0,0,0,0,0,0,0,,,,,
CAR,DEF,CAR,15,WAS,,,,,,,,,,,,,,,,,,,,,,,0,0,0,0,15.0
CHI,DEF,CHI,15,GB,,,,,,,,,,,,,,,,,,,,,,,0,0,0,0,30.0
CIN,DEF,CIN,15,PIT,,,,,,,,,,,,,,,,,,,,,,,0,0,0,0,24.0
CLE,DEF,CLE,15,BUF,,,,,,,,,,,,,,,,,,,,,,,0,0,0,0,33.0
Cairo Santos,K,KC,15,TEN,0,0,0,0,0,0,0,0,0,0,0,0,0,0,0,0,0,1,0,0,0,2,,,,,
Caleb Sturgis,K,PHI,15,BAL,0,0,0,0,0,0,0,0,0,0,0,0,0,0,0,0,2,1,1,0,0,0,,,,,
Cam Newton,QB,CAR,15,WAS,300,2,37,21,0,0,0,3,0,0,0,0,0,0,0,0,0,0,0,0,0,0,,,,,
Cameron Brate,TE,TB,15,DAL,0,0,0,0,0,0,0,0,5,73,1,8,0,0,0,0,0,0,0,0,0,0,,,,,
Cameron Meredith,WR,CHI,15,GB,0,0,0,0,0,0,0,0,9,104,0,13,0,0,0,0,0,0,0,0,0,0,,,,,
Carlos Hyde,RB,SF,15,ATL,0,0,0,0,0,71,0,13,1,6,0,3,0,0,0,0,0,0,0,0,0,0,,,,,
Carson Palmer,QB,ARI,15,NO,318,2,40,28,0,0,0,0,0,0,0,0,0,0,0,0,0,0,0,0,0,0,,,,,
Carson Wentz,QB,PHI,15,BAL,170,0,42,22,1,8,1,4,0,0,0,0,0,0,0,0,0,0,0,0,0,0,,,,,
Case Keenum,QB,LA,15,SEA,32,0,9,5,0,0,0,0,0,0,0,0,0,0,0,0,0,0,0,0,0,0,,,,,
Chandler Catanzaro,K,ARI,15,NO,0,0,0,0,0,0,0,0,0,0,0,0,0,0,0,0,0,0,0,0,0,5,,,,,
Charcandrick West,RB,KC,15,TEN,0,0,0,0,0,5,0,4,0,0,0,0,0,0,0,0,0,0,0,0,0,0,,,,,
Charles Clay,TE,BUF,15,CLE,0,0,0,0,0,0,0,0,7,72,1,7,0,0,0,0,0,0,0,0,0,0,,,,,
Charles D. Johnson,WR,MIN,15,IND,0,0,0,0,0,0,0,0,5,50,0,5,0,0,0,0,0,0,0,0,0,0,,,,,
Charles Sims,RB,TB,15,DAL,0,0,0,0,0,4,0,3,3,15,0,5,0,0,0,0,0,0,0,0,0,0,,,,,
Charone Peake,WR,NYJ,15,MIA,0,0,0,0,0,0,0,0,2,18,0,4,0,0,0,0,0,0,0,0,0,0,,,,,
Chase Reynolds,RB,LA,15,SEA,0,0,0,0,0,0,0,0,0,0,0,0,0,0,0,0,0,0,0,0,0,0,,,,,
Chester Rogers,WR,IND,15,MIN,0,0,0,0,0,0,0,0,3,24,0,5,0,0,0,0,0,0,0,0,0,0,,,,,
Chris Boswell,K,PIT,15,CIN,0,0,0,0,0,0,0,0,0,0,0,0,0,0,0,0,0,1,5,0,0,0,,,,,
Chris Conley,WR,KC,15,TEN,0,0,0,0,0,0,0,0,2,11,0,4,0,0,0,0,0,0,0,0,0,0,,,,,
Chris Harper,WR,SF,15,ATL,0,0,0,0,0,0,0,0,3,26,0,3,0,0,0,0,0,0,0,0,0,0,,,,,
Chris Hogan,WR,NE,15,DEN,0,0,0,0,0,0,0,0,1,18,0,2,0,0,0,0,0,0,0,0,0,0,,,,,
Chris Ivory,RB,JAX,15,HOU,0,0,0,0,0,44,0,10,0,0,0,1,0,0,0,0,0,0,0,0,0,0,,,,,
Chris Moore,WR,BAL,15,PHI,0,0,0,0,0,0,0,0,0,0,0,0,0,0,0,0,0,0,0,0,0,0,,,,,
Chris Thompson,RB,WAS,15,CAR,0,0,0,0,0,10,0,2,5,26,0,7,0,0,0,0,0,0,0,0,0,0,,,,,
Christine Michael,RB,GB,15,CHI,0,0,0,0,0,45,1,4,0,0,0,0,0,0,0,0,0,0,0,0,0,0,,,,,
Clive Walford,TE,LV,15,LAC,0,0,0,0,0,0,0,0,1,13,0,3,0,0,0,0,0,0,0,0,0,0,,,,,
Cobi Hamilton,WR,PIT,15,CIN,0,0,0,0,0,0,0,0,1,21,0,2,0,0,0,0,0,0,0,0,0,0,,,,,
Coby Fleener,TE,NO,15,ARI,0,0,0,0,0,0,0,0,2,10,0,3,0,0,0,0,0,0,0,0,0,0,,,,,
Cody Core,WR,CIN,15,PIT,0,0,0,0,0,0,0,0,2,13,0,3,0,0,0,0,0,0,0,0,0,0,,,,,
Cody Latimer,WR,DEN,15,NE,0,0,0,0,0,0,0,0,0,0,0,0,0,0,0,0,0,0,0,0,0,0,,,,,
Cody Parkey,K,CLE,15,BUF,0,0,0,0,0,0,0,0,0,0,0,0,0,0,0,0,0,1,1,0,0,1,,,,,
Cole Beasley,WR,DAL,15,TB,0,0,0,0,0,0,0,0,4,48,0,5,0,0,0,0,0,0,0,0,0,0,,,,,
Colin Kaepernick,QB,SF,15,ATL,183,2,33,20,0,21,0,3,0,0,0,0,0,0,0,0,0,0,0,0,0,0,,,,,
Connor Barth,K,CHI,15,GB,0,0,0,0,0,0,0,0,0,0,0,0,0,0,0,0,2,0,0,0,0,3,,,,,
Cordarrelle Patterson,RB,MIN,15,IND,0,0,0,0,0,0,0,0,5,49,0,8,0,0,0,0,0,0,0,0,0,0,,,,,
Corey Brown,WR,CAR,15,WAS,0,0,0,0,0,0,0,0,3,42,0,4,0,0,0,0,0,0,0,0,0,0,,,,,
Corey Coleman,WR,CLE,15,BUF,0,0,0,0,0,0,0,0,3,24,0,4,0,0,0,0,0,0,0,0,0,0,,,,,
Corey Grant,RB,JAX,15,HOU,0,0,0,0,0,0,0,0,0,0,0,0,0,0,0,0,0,0,0,0,0,0,,,,,
DAL,DEF,DAL,15,TB,,,,,,,,,,,,,,,,,,,,,,,0,0,0,0,20.0
DEN,DEF,DEN,15,NE,,,,,,,,,,,,,,,,,,,,,,,0,0,0,0,16.0
DET,DEF,DET,15,NYG,,,,,,,,,,,,,,,,,,,,,,,0,0,0,0,17.0
Dak Prescott,QB,DAL,15,TB,279,0,36,32,0,20,1,4,0,0,0,0,0,0,0,0,0,0,0,0,0,0,,,,,
Damien Williams,RB,MIA,15,NYJ,0,0,0,0,0,0,0,3,0,0,0,0,0,0,0,0,0,0,0,0,0,0,,,,,
Dan Bailey,K,DAL,15,TB,0,0,0,0,0,0,0,0,0,0,0,0,0,0,0,0,1,2,1,0,0,2,,,,,
Dan Carpenter,K,BUF,15,CLE,0,0,0,0,0,0,0,0,0,0,0,0,0,0,0,0,1,1,0,0,0,3,,,,,
Daniel Braverman,WR,CHI,15,GB,0,0,0,0,0,0,0,0,0,0,0,1,0,0,0,0,0,0,0,0,0,0,,,,,
Daniel Brown,TE,CHI,15,GB,0,0,0,0,0,0,0,0,1,8,0,2,0,0,0,0,0,0,0,0,0,0,,,,,
Danny Vitale,RB,CLE,15,BUF,0,0,0,0,0,0,0,0,1,17,0,1,0,0,0,0,0,0,0,0,0,0,,,,,
Darren Fells,TE,ARI,15,NO,0,0,0,0,0,0,0,0,1,13,0,1,0,0,0,0,0,0,0,0,0,0,,,,,
Darren McFadden,RB,DAL,15,TB,0,0,0,0,0,10,0,3,1,-2,0,1,0,0,0,0,0,0,0,0,0,0,,,,,
Darren Waller,TE,BAL,15,PHI,0,0,0,0,0,0,0,0,1,11,0,2,0,0,0,0,0,0,0,0,0,0,,,,,
Davante Adams,WR,GB,15,CHI,0,0,0,0,0,0,0,0,2,25,0,6,0,0,0,0,0,0,0,0,0,0,,,,,
David Johnson,TE,PIT,15,CIN,0,0,0,0,0,0,0,0,1,12,0,1,0,0,0,0,0,0,0,0,0,0,,,,,
David Johnson,RB,ARI,15,NO,0,0,0,0,0,53,2,12,4,55,0,5,0,0,0,0,0,0,0,0,0,0,,,,,
De'Anthony Thomas,WR,KC,15,TEN,0,0,0,0,0,4,0,1,1,4,0,2,0,0,0,0,0,0,0,0,0,0,,,,,
DeAndre Hopkins,WR,HOU,15,JAX,0,0,0,0,0,0,0,0,8,87,0,17,0,0,0,0,0,0,0,0,0,0,,,,,
DeAndre Washington,RB,LV,15,LAC,0,0,0,0,0,23,0,5,1,11,0,3,0,0,0,0,0,0,0,0,0,0,,,,,
DeMarco Murray,RB,TEN,15,KC,0,0,0,0,0,89,0,18,5,52,0,6,0,0,0,0,0,0,0,0,0,0,,,,,
DeSean Jackson,WR,WAS,15,CAR,0,0,0,0,0,0,0,0,7,111,0,10,0,0,0,0,0,0,0,0,0,0,,,,,
DeVante Parker,WR,MIA,15,NYJ,0,0,0,0,0,0,0,0,1,17,0,3,0,0,0,0,0,0,0,0,0,0,,,,,
Delanie Walker,TE,TEN,15,KC,0,0,0,0,0,0,0,0,6,55,0,7,0,0,0,0,0,0,0,0,0,0,,,,,
Demaryius Thomas,WR,DEN,15,NE,0,0,0,0,0,0,0,0,7,91,0,11,0,0,0,0,0,0,0,0,0,0,,,,,
Demetrius Harris,TE,KC,15,TEN,0,0,0,0,0,0,0,0,0,0,0,0,0,0,0,0,0,0,0,0,0,0,,,,,
Dennis Pitta,TE,BAL,15,PHI,0,0,0,0,0,0,0,0,2,16,0,2,0,0,0,0,0,0,0,0,0,0,,,,,
Deonte Thompson,WR,CHI,15,GB,0,0,0,0,0,0,0,0,8,110,0,10,0,0,0,0,0,0,0,0,0,0,,,,,
Derek Carr,QB,LV,15,LAC,213,1,30,19,1,5,0,5,0,0,0,0,0,0,0,0,0,0,0,0,0,0,,,,,
Derrick Henry,RB,TEN,15,KC,0,0,0,0,0,58,2,9,0,0,0,0,0,0,0,0,0,0,0,0,0,0,,,,,
Devin Funchess,WR,CAR,15,WAS,0,0,0,0,0,0,0,0,0,0,0,3,0,0,0,0,0,0,0,0,0,0,,,,,
Devin Smith,WR,NYJ,15,MIA,0,0,0,0,0,0,0,0,0,0,0,0,0,0,0,0,0,0,0,0,0,0,,,,,
Devonta Freeman,RB,ATL,15,SF,0,0,0,0,0,139,3,20,2,16,0,2,0,0,0,0,0,0,0,0,0,0,,,,,
Devontae Booker,RB,DEN,15,NE,0,0,0,0,0,17,0,6,2,16,0,3,0,0,0,0,0,0,0,0,0,0,,,,,
Dez Bryant,WR,DAL,15,TB,0,0,0,0,0,0,0,0,8,82,0,10,0,0,0,0,0,0,0,0,0,0,,,,,
Dion Lewis,RB,NE,15,DEN,0,0,0,0,0,95,0,18,2,9,0,3,0,0,0,0,0,0,0,0,0,0,,,,,
Dion Sims,TE,MIA,15,NYJ,0,0,0,0,0,0,0,0,4,31,2,4,0,0,0,0,0,0,0,0,0,0,,,,,
Dontrelle Inman,WR,LAC,15,LV,0,0,0,0,0,0,0,0,5,68,0,8,0,0,0,0,0,0,0,0,0,0,,,,,
Dorial Green-Beckham,WR,PHI,15,BAL,0,0,0,0,0,0,0,0,1,11,0,3,0,0,0,0,0,0,0,0,0,0,,,,,
Doug Baldwin,WR,SEA,15,LA,0,0,0,0,0,0,0,0,5,35,1,6,0,0,0,0,0,0,0,0,0,0,,,,,
Doug Martin,RB,TB,15,DAL,0,0,0,0,0,42,0,16,0,0,0,0,0,0,0,0,0,0,0,0,0,0,,,,,
Drew Brees,QB,NO,15,ARI,389,4,48,37,0,-2,0,2,0,0,0,0,0,0,0,0,0,0,0,0,0,0,,,,,
Duke Johnson,RB,CLE,15,BUF,0,0,0,0,0,31,0,5,5,62,0,7,0,0,0,0,0,0,0,0,0,0,,,,,
Dustin Hopkins,K,WAS,15,CAR,0,0,0,0,0,0,0,0,0,0,0,0,0,0,0,0,1,1,1,0,0,0,,,,,
Dwayne Allen,TE,IND,15,MIN,0,0,0,0,0,0,0,0,1,13,0,2,0,0,0,0,0,0,0,0,0,0,,,,,
Dwayne Harris,WR,NYG,15,DET,0,0,0,0,0,0,0,0,0,0,0,0,0,0,0,0,0,0,0,0,0,0,,,,,
Dwayne Washington,RB,DET,15,NYG,0,0,0,0,0,31,0,14,2,9,0,4,0,0,0,0,0,0,0,0,0,0,,,,,
EJ Manuel,QB,BUF,15,CLE,0,0,1,0,0,1,0,1,0,0,0,0,0,0,0,0,0,0,0,0,0,0,,,,,
Ed Dickson,TE,CAR,15,WAS,0,0,0,0,0,0,0,0,1,28,0,1,0,0,0,0,0,0,0,0,0,0,,,,,
Eli Manning,QB,NYG,15,DET,201,2,28,20,0,0,0,0,0,0,0,0,0,0,0,0,0,0,0,0,0,0,,,,,
Eli Rogers,WR,PIT,15,CIN,0,0,0,0,0,0,0,0,5,75,1,6,0,0,0,0,0,0,0,0,0,0,,,,,
Emmanuel Sanders,WR,DEN,15,NE,0,0,0,0,0,0,0,0,3,48,0,6,0,0,0,0,0,0,0,0,0,0,,,,,
Eric Ebron,TE,DET,15,NYG,0,0,0,0,0,0,0,0,4,36,0,7,0,0,0,0,0,0,0,0,0,0,,,,,
Eric Weems,WR,ATL,15,SF,0,0,0,0,0,0,0,0,0,0,0,0,0,0,0,0,0,0,0,0,0,0,,,,,
Erik Swoope,TE,IND,15,MIN,0,0,0,0,0,0,0,0,3,50,1,3,0,0,0,0,0,0,0,0,0,0,,,,,
Ezekiel Elliott,RB,DAL,15,TB,0,0,0,0,0,159,1,23,3,29,0,3,0,0,0,0,0,0,0,0,0,0,,,,,
Fitzgerald Toussaint,RB,PIT,15,CIN,0,0,0,0,0,0,0,0,0,0,0,0,0,0,0,0,0,0,0,0,0,0,,,,,
Fozzy Whittaker,RB,CAR,15,WAS,0,0,0,0,0,3,0,3,1,25,0,1,0,0,0,0,0,0,0,0,0,0,,,,,
Frank Gore,RB,IND,15,MIN,0,0,0,0,0,101,0,26,4,14,0,4,0,0,0,0,0,0,0,0,0,0,,,,,
Freddie Martino,WR,TB,15,DAL,0,0,0,0,0,0,0,0,1,25,0,1,0,0,0,0,0,0,0,0,0,0,,,,,
GB,DEF,GB,15,CHI,,,,,,,,,,,,,,,,,,,,,,,0,0,0,0,27.0
Garrett Celek,TE,SF,15,ATL,0,0,0,0,0,0,0,0,2,22,1,6,0,0,0,0,0,0,0,0,0,0,,,,,
Gary Barnidge,TE,CLE,15,BUF,0,0,0,0,0,0,0,0,2,35,0,3,0,0,0,0,0,0,0,0,0,0,,,,,
Geremy Davis,WR,LAC,15,LV,0,0,0,0,0,0,0,0,0,0,0,0,0,0,0,0,0,0,0,0,0,0,,,,,
Geronimo Allison,WR,GB,15,CHI,0,0,0,0,0,0,0,0,1,7,0,1,0,0,0,0,0,0,0,0,0,0,,,,,
Golden Tate,WR,DET,15,NYG,0,0,0,0,0,0,0,0,8,122,0,13,0,0,0,0,0,0,0,0,0,0,,,,,
Graham Gano,K,CAR,15,WAS,0,0,0,0,0,0,0,0,0,0,0,0,0,0,0,0,2,1,1,0,0,2,,,,,
Greg Olsen,TE,CAR,15,WAS,0,0,0,0,0,0,0,0,6,85,0,9,0,0,0,0,0,0,0,0,0,0,,,,,
Greg Zuerlein,K,LA,15,SEA,0,0,0,0,0,0,0,0,0,0,0,0,0,0,0,0,0,1,0,0,0,0,,,,,
HOU,DEF,HOU,15,JAX,,,,,,,,,,,,,,,,,,,,,,,0,1,0,0,20.0
Hunter Henry,TE,LAC,15,LV,0,0,0,0,0,0,0,0,3,37,1,4,0,0,0,0,0,0,0,0,0,0,,,,,
IND,DEF,IND,15,MIN,,,,,,,,,,,,,,,,,,,,,,,0,0,0,0,6.0
Isaiah Burse,WR,LAC,15,LV,0,0,0,0,0,0,0,0,0,0,0,0,0,0,0,0,0,0,0,0,0,0,,,,,
Isaiah Crowell,RB,CLE,15,BUF,0,0,0,0,0,28,0,8,0,0,0,2,0,0,0,0,0,0,0,0,0,0,,,,,
J.J. Nelson,WR,ARI,15,NO,0,0,0,0,0,0,0,0,5,38,1,11,0,0,0,0,0,0,0,0,0,0,,,,,
JAX,DEF,JAX,15,HOU,,,,,,,,,,,,,,,,,,,,,,,0,0,0,0,21.0
Jack Doyle,TE,IND,15,MIN,0,0,0,0,0,0,0,0,4,32,0,4,0,0,0,0,0,0,0,0,0,0,,,,,
Jakeem Grant,WR,MIA,15,NYJ,0,0,0,0,0,0,0,0,0,0,0,0,0,0,0,0,0,0,0,0,0,0,,,,,
Jalen Richard,RB,LV,15,LAC,0,0,0,0,0,36,0,6,4,13,0,5,0,0,0,0,0,0,0,0,0,0,,,,,
Jalston Fowler,RB,TEN,15,KC,0,0,0,0,0,3,0,1,0,0,0,0,0,0,0,0,0,0,0,0,0,0,,,,,
Jameis Winston,QB,TB,15,DAL,247,2,35,17,3,6,0,1,0,0,0,0,0,0,0,0,0,0,0,0,0,0,,,,,
James O'Shaughnessy,TE,KC,15,TEN,0,0,0,0,0,0,0,0,0,0,0,1,0,0,0,0,0,0,0,0,0,0,,,,,
James White,RB,NE,15,DEN,0,0,0,0,0,11,0,3,3,24,0,8,0,0,0,0,0,0,0,0,0,0,,,,,
James Wright,WR,CIN,15,PIT,0,0,0,0,0,0,0,0,1,5,0,1,0,0,0,0,0,0,0,0,0,0,,,,,
Jamison Crowder,WR,WAS,15,CAR,0,0,0,0,0,0,0,0,4,24,0,5,0,0,0,0,0,0,0,0,0,0,,,,,
Jamize Olawale,RB,LV,15,LAC,0,0,0,0,0,0,0,0,1,12,0,1,0,0,0,0,0,0,0,0,0,0,,,,,
Jared Cook,TE,GB,15,CHI,0,0,0,0,0,0,0,0,6,85,0,8,0,0,0,0,0,0,0,0,0,0,,,,,
Jared Goff,QB,LA,15,SEA,135,0,25,13,0,0,0,0,0,0,0,0,0,0,0,0,0,0,0,0,0,0,,,,,
Jarius Wright,WR,MIN,15,IND,0,0,0,0,0,0,0,0,1,2,0,2,0,0,0,0,0,0,0,0,0,0,,,,,
Jarvis Landry,WR,MIA,15,NYJ,0,0,0,0,0,0,0,0,3,108,1,4,0,0,0,0,0,0,0,0,0,0,,,,,
Jason Myers,K,JAX,15,HOU,0,0,0,0,0,0,0,0,0,0,0,0,0,0,0,0,1,0,0,1,0,2,,,,,
Jason Witten,TE,DAL,15,TB,0,0,0,0,0,0,0,0,10,51,0,10,0,0,0,0,0,0,0,0,0,0,,,,,
Jay Ajayi,RB,MIA,15,NYJ,0,0,0,0,0,51,0,19,0,0,0,0,0,0,0,0,0,0,0,0,0,0,,,,,
Je'Ron Hamm,TE,SF,15,ATL,0,0,0,0,0,0,0,0,2,13,0,4,0,0,0,0,0,0,0,0,0,0,,,,,
Jeff Heuerman,TE,DEN,15,NE,0,0,0,0,0,0,0,0,2,40,0,4,0,0,0,0,0,0,0,0,0,0,,,,,
Jeff Janis,WR,GB,15,CHI,0,0,0,0,0,0,0,0,0,0,0,0,0,0,0,0,0,0,0,0,0,0,,,,,
Jerell Adams,TE,NYG,15,DET,0,0,0,0,0,0,0,0,3,18,0,4,0,0,0,0,0,0,0,0,0,0,,,,,
Jeremy Hill,RB,CIN,15,PIT,0,0,0,0,0,43,1,20,1,8,0,1,0,0,0,0,0,0,0,0,0,0,,,,,
Jeremy Kerley,WR,SF,15,ATL,0,0,0,0,0,0,0,0,5,28,0,8,0,0,0,0,0,0,0,0,0,0,,,,,
Jeremy Langford,RB,CHI,15,GB,0,0,0,0,0,4,0,1,1,18,0,1,0,0,0,0,0,0,0,0,0,0,,,,,
Jeremy Maclin,WR,KC,15,TEN,0,0,0,0,0,0,0,0,6,82,0,8,0,0,0,0,0,0,0,0,0,0,,,,,
Jerick McKinnon,RB,MIN,15,IND,0,0,0,0,0,12,0,3,9,59,0,9,0,0,0,0,0,0,0,0,0,0,,,,,
Jermaine Gresham,TE,ARI,15,NO,0,0,0,0,0,0,0,0,3,42,0,5,0,0,0,0,0,0,0,0,0,0,,,,,
Jermaine Kearse,WR,SEA,15,LA,0,0,0,0,0,0,0,0,0,0,0,2,0,0,0,0,0,0,0,0,0,0,,,,,
Jesse James,TE,PIT,15,CIN,0,0,0,0,0,0,0,0,0,0,0,1,0,0,0,0,0,0,0,0,0,0,,,,,
Jimmy Graham,TE,SEA,15,LA,0,0,0,0,0,0,0,1,1,31,0,2,0,0,0,0,0,0,0,0,0,0,,,,,
Joe Flacco,QB,BAL,15,PHI,206,2,30,16,1,-1,0,1,0,0,0,0,0,0,0,0,0,0,0,0,0,0,,,,,
Joe Webb,QB,CAR,15,WAS,0,0,0,0,0,0,0,0,0,0,0,0,0,0,0,0,0,0,0,0,0,0,,,,,
John Brown,WR,ARI,15,NO,0,0,0,0,0,0,0,0,5,81,1,6,0,0,0,0,0,0,0,0,0,0,,,,,
John Phillips,TE,NO,15,ARI,0,0,0,0,0,0,0,0,1,9,0,1,0,0,0,0,0,0,0,0,0,0,,,,,
Johnny Holton,WR,LV,15,LAC,0,0,0,0,0,0,0,0,0,0,0,0,0,0,0,0,0,0,0,0,0,0,,,,,
Jonathan Grimes,RB,HOU,15,JAX,0,0,0,0,0,3,0,1,2,12,0,3,0,0,0,0,0,0,0,0,0,0,,,,,
Jonathan Stewart,RB,CAR,15,WAS,0,0,0,0,0,132,0,25,1,8,0,2,0,0,0,0,0,0,0,0,0,0,,,,,
Jonathan Williams,RB,BUF,15,CLE,0,0,0,0,0,10,0,3,0,0,0,0,0,0,0,0,0,0,0,0,0,0,,,,,
Jordan Howard,RB,CHI,15,GB,0,0,0,0,0,90,1,17,4,23,0,4,0,0,0,0,0,0,0,0,0,0,,,,,
Jordan Matthews,TE,PHI,15,BAL,0,0,0,0,0,0,0,0,6,27,0,11,0,0,0,0,0,0,0,0,0,0,,,,,
Jordan Norwood,WR,DEN,15,NE,0,0,0,0,0,0,0,0,1,12,0,1,0,0,0,0,0,0,0,0,0,0,,,,,
Jordan Reed,TE,WAS,15,CAR,0,0,0,0,0,0,0,0,1,6,0,1,0,0,0,0,0,0,0,0,0,0,,,,,
Jordan Taylor,WR,DEN,15,NE,0,0,0,0,0,0,0,0,1,15,0,1,0,0,0,0,0,0,0,0,0,0,,,,,
Jordan Todman,RB,IND,15,MIN,0,0,0,0,0,19,0,4,0,0,0,0,0,0,0,0,0,0,0,0,0,0,,,,,
Jordy Nelson,WR,GB,15,CHI,0,0,0,0,0,0,0,0,7,124,0,10,0,0,0,0,0,0,0,0,0,0,,,,,
Josh Bellamy,WR,CHI,15,GB,0,0,0,0,0,0,0,0,1,10,1,3,0,0,0,0,0,0,0,0,0,0,,,,,
Josh Ferguson,RB,IND,15,MIN,0,0,0,0,0,1,0,2,0,0,0,0,0,0,0,0,0,0,0,0,0,0,,,,,
Josh Huff,WR,TB,15,DAL,0,0,0,0,0,0,0,0,0,0,0,1,0,0,0,0,0,0,0,0,0,0,,,,,
Josh Lambo,K,LAC,15,LV,0,0,0,0,0,0,0,0,0,0,0,0,0,0,0,0,0,1,0,0,0,1,,,,,
Josh Perkins,TE,ATL,15,SF,0,0,0,0,0,0,0,0,1,8,0,1,0,0,0,0,0,0,0,0,0,0,,,,,
Julian Edelman,WR,NE,15,DEN,0,0,0,0,0,0,0,0,6,75,0,12,0,0,0,0,0,0,0,0,0,0,,,,,
Justin Forsett,RB,DEN,15,NE,0,0,0,0,0,37,0,10,4,16,0,5,0,0,0,0,0,0,0,0,0,0,,,,,
Justin Hardy,WR,ATL,15,SF,0,0,0,0,0,0,0,0,1,16,0,2,0,0,0,0,0,0,0,0,0,0,,,,,
Justin Hunter,WR,BUF,15,CLE,0,0,0,0,0,0,0,0,1,16,0,3,0,0,0,0,0,0,0,0,0,0,,,,,
Justin Tucker,K,BAL,15,PHI,0,0,0,0,0,0,0,0,0,0,0,0,0,0,0,0,0,0,1,1,0,3,,,,,
KC,DEF,KC,15,TEN,,,,,,,,,,,,,,,,,,,,,,,0,0,0,0,19.0
Ka'Deem Carey,RB,CHI,15,GB,0,0,0,0,0,1,0,1,0,0,0,0,0,0,0,0,0,0,0,0,0,0,,,,,
Kai Forbath,K,MIN,15,IND,0,0,0,0,0,0,0,0,0,0,0,0,0,0,0,0,0,1,0,1,0,0,,,,,
Kamar Aiken,WR,BAL,15,PHI,0,0,0,0,0,0,0,0,2,19,1,2,0,0,0,0,0,0,0,0,0,0,,,,,
Keith Mumphery,WR,HOU,15,JAX,0,0,0,0,0,0,0,0,1,11,0,2,0,0,0,0,0,0,0,0,0,0,,,,,
Kelvin Benjamin,WR,CAR,15,WAS,0,0,0,0,0,0,0,0,2,20,0,4,0,0,0,0,0,0,0,0,0,0,,,,,
Kendall Wright,WR,TEN,15,KC,0,0,0,0,0,0,0,0,2,19,0,2,0,0,0,0,0,0,0,0,0,0,,,,,
Kenjon Barner,RB,PHI,15,BAL,0,0,0,0,0,6,0,3,2,25,0,5,0,0,0,0,0,0,0,0,0,0,,,,,
Kenneth Dixon,RB,BAL,15,PHI,0,0,0,0,0,36,1,9,0,0,0,1,0,0,0,0,0,0,0,0,0,0,,,,,
Kenneth Farrow,RB,LAC,15,LV,0,0,0,0,0,39,0,15,2,14,0,3,0,0,0,0,0,0,0,0,0,0,,,,,
Kenny Britt,WR,LA,15,SEA,0,0,0,0,0,0,0,0,4,50,0,8,0,0,0,0,0,0,0,0,0,0,,,,,
Kenny Stills,WR,MIA,15,NYJ,0,0,0,0,0,0,0,0,1,52,1,3,0,0,0,0,0,0,0,0,0,0,,,,,
Kenyan Drake,RB,MIA,15,NYJ,0,0,0,0,0,16,0,5,0,0,0,0,0,0,0,0,0,0,0,0,0,0,,,,,
Kerwynn Williams,RB,ARI,15,NO,0,0,0,0,0,63,1,3,0,0,0,0,0,0,0,0,0,0,0,0,0,0,,,,,
Kirk Cousins,QB,WAS,15,CAR,315,0,47,32,1,11,0,2,0,0,0,0,0,0,0,0,0,0,0,0,0,0,,,,,
Kyle Juszczyk,RB,BAL,15,PHI,0,0,0,0,0,0,0,0,3,15,0,4,0,0,0,0,0,0,0,0,0,0,,,,,
Kyle Rudolph,TE,MIN,15,IND,0,0,0,0,0,0,0,0,8,97,0,10,0,0,0,0,0,0,0,0,0,0,,,,,
LA,DEF,LA,15,SEA,,,,,,,,,,,,,,,,,,,,,,,0,0,0,0,24.0
LAC,DEF,LAC,15,LV,,,,,,,,,,,,,,,,,,,,,,,0,0,0,0,0.0
LV,DEF,LV,15,LAC,,,,,,,,,,,,,,,,,,,,,,,0,0,0,0,0.0
Ladarius Green,TE,PIT,15,CIN,0,0,0,0,0,0,0,0,5,72,0,8,0,0,0,0,0,0,0,0,0,0,,,,,
Lamar Miller,RB,HOU,15,JAX,0,0,0,0,0,63,1,22,2,26,0,2,0,0,0,0,0,0,0,0,0,0,,,,,
Lance Dunbar,RB,DAL,15,TB,0,0,0,0,0,0,0,0,2,20,0,2,0,0,0,0,0,0,0,0,0,0,,,,,
Lance Kendricks,TE,LA,15,SEA,0,0,0,0,0,0,0,0,1,5,0,4,0,0,0,0,0,0,0,0,0,0,,,,,
Larry Fitzgerald,WR,ARI,15,NO,0,0,0,0,0,0,0,0,7,57,0,9,0,0,0,0,0,0,0,0,0,0,,,,,
Latavius Murray,RB,LV,15,LAC,0,0,0,0,0,81,0,13,1,11,0,1,0,0,0,0,0,0,0,0,0,0,,,,,
Le'Veon Bell,RB,PIT,15,CIN,0,0,0,0,0,93,0,23,5,38,0,8,0,0,0,0,0,0,0,0,0,0,,,,,
LeGarrette Blount,RB,NE,15,DEN,0,0,0,0,0,31,1,17,0,0,0,0,0,0,0,0,0,0,0,0,0,0,,,,,
LeSean McCoy,RB,BUF,15,CLE,0,0,0,0,0,153,2,19,3,16,0,3,0,0,0,0,0,0,0,0,0,0,,,,,
Levine Toilolo,TE,ATL,15,SF,0,0,0,0,0,0,0,0,1,30,0,1,0,0,0,0,0,0,0,0,0,0,,,,,
Logan Paulsen,TE,CHI,15,GB,0,0,0,0,0,0,0,0,0,0,0,0,0,0,0,0,0,0,0,0,0,0,,,,,
Lucky Whitehead,WR,DAL,15,TB,0,0,0,0,0,-4,0,2,0,0,0,0,0,0,0,0,0,0,0,0,0,0,,,,,
Luke Stocker,TE,TB,15,DAL,0,0,0,0,0,0,0,0,0,0,0,1,0,0,0,0,0,0,0,0,0,0,,,,,
Luke Willson,TE,SEA,15,LA,0,0,0,0,0,0,0,0,3,19,1,3,0,0,0,0,0,0,0,0,0,0,,,,,
MIA,DEF,MIA,15,NYJ,,,,,,,,,,,,,,,,,,,,,,,0,0,0,0,13.0
MIN,DEF,MIN,15,IND,,,,,,,,,,,,,,,,,,,,,,,0,0,0,0,34.0
Mack Brown,RB,WAS,15,CAR,0,0,0,0,0,0,0,0,0,0,0,0,0,0,0,0,0,0,0,0,0,0,,,,,
Malcolm Brown,RB,LA,15,SEA,0,0,0,0,0,-4,0,1,1,12,0,1,0,0,0,0,0,0,0,0,0,0,,,,,
Malcolm Mitchell,WR,NE,15,DEN,0,0,0,0,0,0,0,0,1,14,0,1,0,0,0,0,0,0,0,0,0,0,,,,,
MarQueis Gray,TE,MIA,15,NYJ,0,0,0,0,0,0,0,0,3,28,0,3,0,0,0,0,0,0,0,0,0,0,,,,,
Marc Mariani,WR,TEN,15,KC,0,0,0,0,0,0,0,0,0,0,0,0,0,0,0,0,0,0,0,0,0,0,,,,,
Marcus Mariota,QB,TEN,15,KC,241,0,33,19,1,-2,0,1,0,0,0,0,0,0,0,0,0,0,0,0,0,0,,,,,
Mario Alford,WR,CLE,15,BUF,0,0,0,0,0,0,0,0,0,0,0,0,0,0,0,0,0,0,0,0,0,0,,,,,
Mark Ingram,RB,NO,15,ARI,0,0,0,0,0,78,0,17,2,14,0,4,0,0,0,0,0,0,0,0,0,0,,,,,
Marqise Lee,WR,JAX,15,HOU,0,0,0,0,0,0,0,0,0,0,0,3,1,0,0,0,0,0,0,0,0,0,,,,,
Marquise Goodwin,WR,BUF,15,CLE,0,0,0,0,0,0,0,0,3,43,0,4,0,0,0,0,0,0,0,0,0,0,,,,,
Martellus Bennett,TE,NE,15,DEN,0,0,0,0,0,0,0,0,2,35,0,4,0,0,0,0,0,0,0,0,0,0,,,,,
Marvin Jones,WR,DET,15,NYG,0,0,0,0,0,0,0,0,3,41,0,5,0,0,0,0,0,0,0,0,0,0,,,,,
Mason Crosby,K,GB,15,CHI,0,0,0,0,0,0,0,0,0,0,0,0,0,0,0,1,0,2,0,0,0,3,,,,,
Matt Asiata,RB,MIN,15,IND,0,0,0,0,0,0,0,0,1,20,0,1,0,0,0,0,0,0,0,0,0,0,,,,,
Matt Barkley,QB,CHI,15,GB,362,2,43,30,3,0,0,0,0,0,0,0,0,0,0,0,0,0,0,0,0,0,,,,,
Matt Bryant,K,ATL,15,SF,0,0,0,0,0,0,0,0,0,0,0,0,0,0,0,0,0,0,1,1,0,5,,,,,
Matt Forte,RB,NYJ,15,MIA,0,0,0,0,0,21,0,4,1,7,0,1,0,0,0,0,0,0,0,0,0,0,,,,,
Matt Moore,QB,MIA,15,NYJ,236,4,18,12,1,0,0,0,0,0,0,0,0,0,0,0,0,0,0,0,0,0,,,,,
Matt Prater,K,DET,15,NYG,0,0,0,0,0,0,0,0,0,0,0,0,0,0,0,0,0,1,1,0,0,0,,,,,
Matt Ryan,QB,ATL,15,SF,286,2,23,17,0,-1,0,1,0,0,0,0,0,0,0,0,0,0,0,0,0,0,,,,,
Matt Schaub,QB,ATL,15,SF,16,0,1,1,0,0,0,0,0,0,0,0,0,0,0,0,0,0,0,0,0,0,,,,,
Matthew Stafford,QB,DET,15,NYG,273,0,39,24,1,13,0,2,0,0,0,0,0,0,0,0,0,0,0,0,0,0,,,,,
Michael Campanaro,WR,BAL,15,PHI,0,0,0,0,0,39,0,1,0,0,0,1,0,0,0,0,0,0,0,0,0,0,,,,,
Michael Crabtree,WR,LV,15,LAC,0,0,0,0,0,0,0,0,6,60,1,8,0,0,0,0,0,0,0,0,0,0,,,,,
Michael Thomas,WR,NO,15,ARI,0,0,0,0,0,0,0,0,7,52,1,10,0,0,0,0,0,0,0,0,0,0,,,,,
Mike Evans,WR,TB,15,DAL,0,0,0,0,0,0,0,0,4,59,0,8,0,0,0,0,0,0,0,0,0,0,,,,,
Mike Gillislee,RB,BUF,15,CLE,0,0,0,0,0,37,1,9,0,0,0,0,0,0,0,0,0,0,0,0,0,0,,,,,
Mike Thomas,WR,LA,15,SEA,0,0,0,0,0,0,0,0,1,6,0,4,0,0,0,0,0,0,0,0,0,0,,,,,
Mike Wallace,WR,BAL,15,PHI,0,0,0,0,0,0,0,0,2,60,0,5,0,0,0,0,0,0,0,0,0,0,,,,,
Mohamed Sanu,WR,ATL,15,SF,0,0,0,0,0,0,0,0,3,44,0,3,0,0,0,0,0,0,0,0,0,0,,,,,
Mychal Rivera,TE,LV,15,LAC,0,0,0,0,0,0,0,0,1,15,0,2,0,0,0,0,0,0,0,0,0,0,,,,,
NE,DEF,NE,15,DEN,,,,,,,,,,,,,,,,,,,,,,,0,0,0,0,3.0
NO,DEF,NO,15,ARI,,,,,,,,,,,,,,,,,,,,,,,0,0,0,0,41.0
NYG,DEF,NYG,15,DET,,,,,,,,,,,,,,,,,,,,,,,0,0,0,0,6.0
NYJ,DEF,NYJ,15,MIA,,,,,,,,,,,,,,,,,,,,,,,0,0,0,0,34.0
Neal Sterling,TE,JAX,15,HOU,0,0,0,0,0,0,0,0,1,14,0,1,0,0,0,0,0,0,0,0,0,0,,,,,
Nelson Agholor,WR,PHI,15,BAL,0,0,0,0,0,1,0,1,1,9,0,4,0,0,0,0,0,0,0,0,0,0,,,,,
Nick Folk,K,NYJ,15,MIA,0,0,0,0,0,0,0,0,0,0,0,0,0,0,0,0,0,1,1,0,0,1,,,,,
Nick Novak,K,HOU,15,JAX,0,0,0,0,0,0,0,0,0,0,0,0,0,0,0,0,1,1,2,0,0,1,,,,,
Nick O'Leary,TE,BUF,15,CLE,0,0,0,0,0,0,0,0,0,0,0,1,0,0,0,0,0,0,0,0,0,0,,,,,
Odell Beckham Jr.,WR,NYG,15,DET,0,0,0,0,0,9,0,1,6,64,1,8,0,0,0,0,0,0,0,0,0,0,,,,,
PHI,DEF,PHI,15,BAL,,,,,,,,,,,,,,,,,,,,,,,0,0,0,0,27.0
PIT,DEF,PIT,15,CIN,,,,,,,,,,,,,,,,,,,,,,,0,0,0,0,20.0
Paul Perkins,RB,NYG,15,DET,0,0,0,0,0,56,0,11,0,0,0,1,0,0,0,0,0,0,0,0,0,0,,,,,
Peyton Barber,RB,TB,15,DAL,0,0,0,0,0,0,0,0,0,0,0,0,0,0,0,0,0,0,0,0,0,0,,,,,
Pharoh Cooper,WR,LA,15,SEA,0,0,0,0,0,0,0,0,3,21,0,3,0,0,0,0,0,0,0,0,0,0,,,,,
Phil Dawson,K,SF,15,ATL,0,0,0,0,0,0,0,0,0,0,0,0,0,0,0,0,0,0,0,0,0,1,,,,,
Philip Rivers,QB,LAC,15,LV,206,2,30,17,1,0,0,0,0,0,0,0,0,0,0,0,0,0,0,0,0,0,,,,,
Phillip Dorsett,WR,IND,15,MIN,0,0,0,0,0,0,0,0,1,50,1,1,0,0,0,0,0,0,0,0,0,0,,,,,
Phillip Supernaw,TE,TEN,15,KC,0,0,0,0,0,0,0,0,0,0,0,0,0,0,0,0,0,0,0,0,0,0,,,,,
Pierre Garcon,WR,WAS,15,CAR,0,0,0,0,0,0,0,0,7,78,0,11,0,0,0,0,0,0,0,0,0,0,,,,,
Quincy Enunwa,WR,NYJ,15,MIA,0,0,0,0,0,0,0,0,5,64,0,9,0,0,0,0,0,0,0,0,0,0,,,,,
Quinton Patton,WR,SF,15,ATL,0,0,0,0,0,0,0,0,2,3,0,2,0,0,0,0,0,0,0,0,0,0,,,,,
Randall Cobb,WR,GB,15,CHI,0,0,0,0,0,0,0,0,0,0,0,1,0,0,0,0,0,0,0,0,0,0,,,,,
Randy Bullock,K,CIN,15,PIT,0,0,0,0,0,0,0,0,0,0,0,0,0,0,0,0,2,0,0,0,0,2,,,,,
Rashad Jennings,RB,NYG,15,DET,0,0,0,0,0,38,0,18,0,0,0,0,0,0,0,0,0,0,0,0,0,0,,,,,
Rex Burkhead,RB,CIN,15,PIT,0,0,0,0,0,32,0,7,2,18,0,3,0,0,0,0,0,0,0,0,0,0,,,,,
Ricardo Louis,WR,CLE,15,BUF,0,0,0,0,0,0,0,0,0,0,0,0,0,0,0,0,0,0,0,0,0,0,,,,,
Richard Rodgers,TE,GB,15,CHI,0,0,0,0,0,0,0,0,1,10,0,1,0,0,0,0,0,0,0,0,0,0,,,,,
Rishard Matthews,WR,TEN,15,KC,0,0,0,0,0,0,0,0,4,105,0,10,0,0,0,0,0,0,0,0,0,0,,,,,
Rob Kelley,RB,WAS,15,CAR,0,0,0,0,0,8,1,9,4,47,0,4,0,0,0,0,0,0,0,0,0,0,,,,,
Robbie Chosen,WR,NYJ,15,MIA,0,0,0,0,0,0,0,0,4,80,1,6,0,0,0,0,0,0,0,0,0,0,,,,,
Robbie Gould,K,NYG,15,DET,0,0,0,0,0,0,0,0,0,0,0,0,0,0,0,0,0,0,1,0,0,2,,,,,
Robert Griffin III,QB,CLE,15,BUF,196,0,28,17,0,48,1,8,0,0,0,0,0,0,0,0,0,0,0,0,0,0,,,,,
Robert Turbin,RB,IND,15,MIN,0,0,0,0,0,32,2,7,2,22,0,2,0,0,0,0,0,0,0,0,0,0,,,,,
Robert Woods,WR,BUF,15,CLE,0,0,0,0,0,0,0,0,1,5,0,2,0,0,0,0,0,0,0,0,0,0,,,,,
Roberto Aguayo,K,TB,15,DAL,0,0,0,0,0,0,0,0,0,0,0,0,0,0,0,0,1,1,0,0,0,2,,,,,
Rod Streater,WR,SF,15,ATL,0,0,0,0,0,0,0,0,2,11,1,3,0,0,0,0,0,0,0,0,0,0,,,,,
Ronnie Hillman,RB,LAC,15,LV,0,0,0,0,0,34,0,7,0,0,0,0,0,0,0,0,0,0,0,0,0,0,,,,,
Russell Shepard,WR,TB,15,DAL,0,0,0,0,0,0,0,0,1,19,0,3,0,0,0,0,0,0,0,0,0,0,,,,,
Russell Wilson,QB,SEA,15,LA,229,3,26,19,1,12,0,6,0,0,0,0,0,0,0,0,0,0,0,0,0,0,,,,,
Ryan Fitzpatrick,QB,NYJ,15,MIA,31,0,10,5,1,11,0,2,0,0,0,0,0,0,0,0,0,0,0,0,0,0,,,,,
Ryan Grant,WR,WAS,15,CAR,0,0,0,0,0,0,0,0,0,0,0,0,0,0,0,0,0,0,0,0,0,0,,,,,
Ryan Griffin,TE,HOU,15,JAX,0,0,0,0,0,0,0,0,8,85,0,8,0,0,0,0,0,0,0,0,0,0,,,,,
Ryan Mathews,RB,PHI,15,BAL,0,0,0,0,0,128,1,20,1,5,0,1,0,0,1,0,0,0,0,0,0,0,,,,,
Ryan Succop,K,TEN,15,KC,0,0,0,0,0,0,0,0,0,0,0,0,0,0,0,0,0,1,0,1,0,1,,,,,
SEA,DEF,SEA,15,LA,,,,,,,,,,,,,,,,,,,,,,,0,0,0,0,3.0
SF,DEF,SF,15,ATL,,,,,,,,,,,,,,,,,,,,,,,0,0,0,0,41.0
Sam Bradford,QB,MIN,15,IND,291,0,42,32,1,0,0,0,0,0,0,0,0,0,0,0,0,0,0,0,0,0,,,,,
Sammie Coates,WR,PIT,15,CIN,0,0,0,0,0,9,0,2,1,10,0,4,0,0,0,0,0,0,0,0,0,0,,,,,
Sammy Watkins,WR,BUF,15,CLE,0,0,0,0,0,0,0,0,1,10,0,4,0,0,0,0,0,0,0,0,0,0,,,,,
Sean McGrath,TE,LAC,15,LV,0,0,0,0,0,0,0,0,0,0,0,0,0,0,0,0,0,0,0,0,0,0,,,,,
Sebastian Janikowski,K,LV,15,LAC,0,0,0,0,0,0,0,0,0,0,0,0,0,0,0,0,1,1,2,0,0,1,,,,,
Seth DeValve,TE,CLE,15,BUF,0,0,0,0,0,0,0,0,1,6,0,1,0,0,0,0,0,0,0,0,0,0,,,,,
Seth Roberts,WR,LV,15,LAC,0,0,0,0,0,0,0,0,2,27,0,3,0,0,0,0,0,0,0,0,0,0,,,,,
Shane Vereen,RB,NYG,15,DET,0,0,0,0,0,11,0,2,2,9,0,4,0,0,0,0,0,0,0,0,0,0,,,,,
Shaun Draughn,RB,SF,15,ATL,0,0,0,0,0,15,0,4,0,0,0,0,0,0,0,0,0,0,0,0,0,0,,,,,
Spencer Ware,RB,KC,15,TEN,0,0,0,0,0,69,0,18,3,25,0,3,0,0,0,0,0,0,0,0,0,0,,,,,
Stefon Diggs,WR,MIN,15,IND,0,0,0,0,0,0,0,0,2,13,0,5,0,0,0,0,0,0,0,0,0,0,,,,,
Stephen Anderson,TE,HOU,15,JAX,0,0,0,0,0,0,0,0,1,7,0,3,0,0,0,0,0,0,0,0,0,0,,,,,
Stephen Gostkowski,K,NE,15,DEN,0,0,0,0,0,0,0,0,0,0,0,0,0,0,0,0,1,0,2,0,0,1,,,,,
Sterling Shepard,WR,NYG,15,DET,0,0,0,0,0,0,0,0,4,56,1,5,0,0,0,0,0,0,0,0,0,0,,,,,
Steve Smith,WR,BAL,15,PHI,0,0,0,0,0,0,0,0,2,40,1,7,0,0,0,0,0,0,0,0,0,0,,,,,
Steven Hauschka,K,SEA,15,LA,0,0,0,0,0,0,0,0,0,0,0,0,0,0,0,0,0,0,1,0,0,3,,,,,
T.J. Yeldon,RB,JAX,15,HOU,0,0,0,0,0,28,0,8,5,34,0,7,0,0,0,0,0,0,0,0,0,0,,,,,
T.Y. Hilton,WR,IND,15,MIN,0,0,0,0,0,0,0,0,3,45,0,7,0,0,0,0,0,0,0,0,0,0,,,,,
TB,DEF,TB,15,DAL,,,,,,,,,,,,,,,,,,,,,,,0,0,0,0,26.0
TEN,DEF,TEN,15,KC,,,,,,,,,,,,,,,,,,,,,,,0,0,0,0,17.0
Tajae Sharpe,WR,TEN,15,KC,0,0,0,0,0,0,0,0,2,10,0,4,0,0,0,0,0,0,0,0,0,0,,,,,
Tavon Austin,WR,LA,15,SEA,0,0,0,0,0,13,0,2,3,14,0,5,0,0,0,0,0,0,0,0,0,0,,,,,
Taylor Gabriel,WR,ATL,15,SF,0,0,0,0,0,0,0,0,3,60,1,6,0,0,0,0,0,0,0,0,0,0,,,,,
Ted Ginn,WR,CAR,15,WAS,0,0,0,0,0,0,0,0,4,64,1,8,0,0,0,0,0,0,0,0,0,0,,,,,
Temarrick Hemingway,TE,LA,15,SEA,0,0,0,0,0,0,0,0,0,0,0,0,0,0,0,0,0,0,0,0,0,0,,,,,
Terrance West,RB,BAL,15,PHI,0,0,0,0,0,77,0,13,4,45,0,4,0,0,0,0,0,0,0,0,0,0,,,,,
Terrance Williams,WR,DAL,15,TB,0,0,0,0,0,0,0,0,3,30,0,4,0,0,0,0,0,0,0,0,0,0,,,,,
Terrelle Pryor,WR,CLE,15,BUF,0,0,0,0,0,0,0,0,4,19,0,8,0,0,0,0,0,0,0,0,0,0,,,,,
Terron Ward,RB,ATL,15,SF,0,0,0,0,0,52,0,6,0,0,0,0,0,0,0,0,0,0,0,0,0,0,,,,,
Tevin Coleman,RB,ATL,15,SF,0,0,0,0,0,58,0,14,2,8,0,2,0,0,0,0,0,0,0,0,0,0,,,,,
Thomas Rawls,RB,SEA,15,LA,0,0,0,0,0,34,0,21,2,5,0,2,0,0,0,0,0,0,0,0,0,0,,,,,
Tim Hightower,RB,NO,15,ARI,0,0,0,0,0,37,2,11,3,11,0,3,0,0,0,0,0,0,0,0,0,0,,,,,
Todd Gurley,RB,LA,15,SEA,0,0,0,0,0,38,0,14,1,-2,0,4,0,0,0,0,0,0,0,0,0,0,,,,,
Tom Brady,QB,NE,15,DEN,188,0,32,16,0,-1,0,1,0,0,0,0,0,0,0,0,0,0,0,0,0,0,,,,,
Tom Savage,QB,HOU,15,JAX,260,0,36,23,0,0,0,3,0,0,0,0,0,0,0,0,0,0,0,0,0,0,,,,,
Tommylee Lewis,WR,NO,15,ARI,0,0,0,0,0,0,0,0,0,0,0,0,0,0,0,0,0,0,0,0,0,0,,,,,
Travaris Cadet,RB,NO,15,ARI,0,0,0,0,0,16,0,1,5,30,1,5,0,0,0,0,0,0,0,0,0,0,,,,,
Travis Benjamin,WR,LAC,15,LV,0,0,0,0,0,0,0,0,2,56,1,3,0,0,0,0,0,0,0,0,0,0,,,,,
Travis Kelce,TE,KC,15,TEN,0,0,0,0,0,0,0,0,3,41,0,5,0,0,0,0,0,0,0,0,0,0,,,,,
Trevor Siemian,QB,DEN,15,NE,282,0,40,25,1,4,0,1,0,0,0,0,0,0,0,0,0,0,0,0,0,0,,,,,
Trey Burton,TE,PHI,15,BAL,0,0,0,0,0,0,0,0,2,2,0,6,0,0,0,0,0,0,0,0,0,0,,,,,
Ty Montgomery,WR,GB,15,CHI,0,0,0,0,0,162,2,16,2,1,0,3,0,0,0,0,0,0,0,0,0,0,,,,,
Tyler Boyd,WR,CIN,15,PIT,0,0,0,0,0,0,0,0,2,13,0,3,0,0,0,0,0,0,0,0,0,0,,,,,
Tyler Eifert,TE,CIN,15,PIT,0,0,0,0,0,0,0,0,1,9,0,3,0,0,0,0,0,0,0,0,0,0,,,,,
Tyler Higbee,TE,LA,15,SEA,0,0,0,0,0,0,0,0,1,15,0,1,0,0,0,0,0,0,0,0,0,0,,,,,
Tyler Kroft,TE,CIN,15,PIT,0,0,0,0,0,0,0,0,0,0,0,0,0,0,0,0,0,0,0,0,0,0,,,,,
Tyler Lockett,WR,SEA,15,LA,0,0,0,0,0,0,0,0,7,130,1,8,0,0,0,0,0,0,0,0,0,0,,,,,
Tyreek Hill,WR,KC,15,TEN,0,0,0,0,0,68,1,1,0,0,0,3,0,0,0,0,0,0,0,0,0,0,,,,,
Tyrell Williams,WR,LAC,15,LV,0,0,0,0,0,0,0,0,4,20,0,9,0,0,0,0,0,0,0,0,0,0,,,,,
Tyrod Taylor,QB,BUF,15,CLE,174,1,24,17,0,49,0,7,0,0,0,0,0,0,0,0,0,0,0,0,0,0,,,,,
Vernon Davis,TE,WAS,15,CAR,0,0,0,0,0,0,0,0,4,23,0,9,0,0,0,0,0,0,0,0,0,0,,,,,
Victor Cruz,WR,NYG,15,DET,0,0,0,0,0,0,0,0,1,29,0,2,0,0,0,0,0,0,0,0,0,0,,,,,
Vince Mayle,TE,DAL,15,TB,0,0,0,0,0,0,0,0,0,0,0,0,0,0,0,0,0,0,0,0,0,0,,,,,
Virgil Green,TE,DEN,15,NE,0,0,0,0,0,0,0,0,1,9,0,2,0,0,0,0,0,0,0,0,0,0,,,,,
WAS,DEF,WAS,15,CAR,,,,,,,,,,,,,,,,,,,,,,,0,0,0,0,26.0
Wendall Williams,WR,HOU,15,JAX,0,0,0,0,0,0,0,0,2,34,0,3,0,0,0,0,0,0,0,0,0,0,,,,,
Wil Lutz,K,NO,15,ARI,0,0,0,0,0,0,0,0,0,0,0,0,0,0,0,0,0,2,0,0,0,6,,,,,
Will Fuller,WR,HOU,15,JAX,0,0,0,0,0,-3,0,1,4,42,0,8,0,0,0,0,0,0,0,0,0,0,,,,,
Will Tye,TE,NYG,15,DET,0,0,0,0,0,0,0,0,4,25,0,4,0,0,0,0,0,0,0,0,0,0,,,,,
Willie Snead,WR,NO,15,ARI,0,0,0,0,0,0,0,0,8,76,0,11,0,0,0,0,0,0,0,0,0,0,,,,,
Zach Ertz,TE,PHI,15,BAL,0,0,0,0,0,0,0,0,6,80,0,8,0,0,0,0,0,0,0,0,0,0,,,,,
Zach Zenner,RB,DET,15,NYG,0,0,0,0,0,12,0,3,4,52,0,5,0,0,0,0,0,0,0,0,0,0,,,,,
ARI,DEF,ARI,16,SEA,,,,,,,,,,,,,,,,,,,,,,,0,0,0,0,31.0
ATL,DEF,ATL,16,CAR,,,,,,,,,,,,,,,,,,,,,,,0,0,0,0,16.0
Aaron Burbridge,WR,SF,16,LA,0,0,0,0,0,0,0,0,2,15,0,3,0,0,0,0,0,0,0,0,0,0,,,,,
Aaron Rodgers,QB,GB,16,MIN,347,4,38,28,0,13,1,2,0,0,0,0,0,0,0,0,0,0,0,0,0,0,,,,,
Adam Humphries,WR,TB,16,NO,0,0,0,0,0,0,0,0,1,12,0,2,0,0,0,0,0,0,0,0,0,0,,,,,
Adam Thielen,WR,MIN,16,GB,0,0,0,0,0,4,0,1,12,202,2,15,0,0,0,0,0,0,0,0,0,0,,,,,
Adam Vinatieri,K,IND,16,LV,0,0,0,0,0,0,0,0,0,0,0,0,0,0,0,0,0,0,1,0,0,2,,,,,
Akeem Hunt,RB,HOU,16,CIN,0,0,0,0,0,6,0,1,2,28,0,2,0,0,0,0,0,0,0,0,0,0,,,,,
Alan Cross,TE,TB,16,NO,0,0,0,0,0,0,0,0,1,5,0,1,0,0,0,0,0,0,0,0,0,0,,,,,
Albert Wilson,WR,KC,16,DEN,0,0,0,0,0,0,0,0,1,3,0,1,0,0,0,0,0,0,0,0,0,0,,,,,
Aldrick Robinson,WR,ATL,16,CAR,0,0,0,0,0,0,0,0,1,15,0,1,0,0,0,0,0,0,0,0,0,0,,,,,
Alex Collins,RB,SEA,16,ARI,0,0,0,0,0,28,0,7,4,19,0,4,0,0,0,0,0,0,0,0,0,0,,,,,
Alex Ellis,TE,JAX,16,TEN,0,0,0,0,0,0,0,0,2,10,0,2,0,0,0,0,0,0,0,0,0,0,,,,,
Alex Erickson,WR,CIN,16,HOU,0,0,0,0,0,0,0,0,1,5,0,1,0,0,0,0,0,0,0,0,0,0,,,,,
Alex Smith,QB,KC,16,DEN,244,1,36,25,1,46,1,4,0,0,0,0,0,0,0,0,0,0,0,0,0,0,,,,,
Alfred Blue,RB,HOU,16,CIN,0,0,0,0,0,73,1,21,4,17,0,4,0,0,0,0,0,0,0,0,0,0,,,,,
Allen Robinson,WR,JAX,16,TEN,0,0,0,0,0,0,0,0,9,147,0,12,0,0,0,0,0,0,0,0,0,0,,,,,
Alshon Jeffery,WR,CHI,16,WAS,0,0,0,0,0,0,0,0,5,92,0,10,0,0,0,0,0,0,0,0,0,0,,,,,
Amari Cooper,WR,LV,16,IND,0,0,0,0,0,0,0,0,5,76,0,7,0,0,0,0,0,0,0,0,0,0,,,,,
Andre Holmes,WR,LV,16,IND,0,0,0,0,0,0,0,0,3,33,1,5,0,0,0,0,0,0,0,0,0,0,,,,,
Andre Roberts,WR,DET,16,DAL,0,0,0,0,0,0,0,0,1,14,0,1,0,0,0,0,0,0,0,0,0,0,,,,,
Andrew Franks,K,MIA,16,BUF,0,0,0,0,0,0,0,0,0,0,0,0,0,0,0,0,1,0,0,1,0,4,,,,,
Andrew Hawkins,WR,CLE,16,LAC,0,0,0,0,0,0,0,0,1,21,0,2,0,0,0,0,0,0,0,0,0,0,,,,,
Andrew Luck,QB,IND,16,LV,288,2,29,19,2,12,1,4,0,0,0,0,0,0,1,0,0,0,0,0,0,0,,,,,
Andy Dalton,QB,CIN,16,HOU,268,1,41,28,1,0,0,0,0,0,0,0,0,0,0,0,0,0,0,0,0,0,,,,,
Anquan Boldin,WR,DET,16,DAL,0,0,0,0,0,0,0,0,5,33,0,7,0,0,0,0,0,0,0,0,0,0,,,,,
Anthony Fasano,TE,TEN,16,JAX,0,0,0,0,0,0,0,0,1,12,0,1,0,0,0,0,0,0,0,0,0,0,,,,,
Antonio Brown,WR,PIT,16,BAL,0,0,0,0,0,0,0,0,10,96,1,11,0,0,0,0,0,0,0,0,0,0,,,,,
Antonio Gates,TE,LAC,16,CLE,0,0,0,0,0,0,0,0,8,94,1,13,0,0,0,0,0,0,0,0,0,0,,,,,
Austin Seferian-Jenkins,TE,NYJ,16,NE,0,0,0,0,0,0,0,0,1,17,0,2,0,0,0,0,0,0,0,0,0,0,,,,,
BAL,DEF,BAL,16,PIT,,,,,,,,,,,,,,,,,,,,,,,0,0,0,0,31.0
BUF,DEF,BUF,16,MIA,,,,,,,,,,,,,,,,,,,,,,,0,0,0,0,34.0
Ben Braunecker,TE,CHI,16,WAS,0,0,0,0,0,0,0,0,2,19,0,3,0,0,0,0,0,0,0,0,0,0,,,,,
Ben Koyack,TE,JAX,16,TEN,0,0,0,0,0,0,0,0,2,12,0,2,0,0,0,0,0,0,0,0,0,0,,,,,
Ben Roethlisberger,QB,PIT,16,BAL,279,3,33,24,2,-1,0,1,0,0,0,0,0,0,0,0,0,0,0,0,0,0,,,,,
Bennie Fowler,WR,DEN,16,KC,0,0,0,0,0,0,0,0,1,5,0,2,0,0,0,0,0,0,0,0,0,0,,,,,
Bilal Powell,RB,NYJ,16,NE,0,0,0,0,0,60,0,15,2,14,0,3,0,0,0,0,0,0,0,0,0,0,,,,,
Blake Bortles,QB,JAX,16,TEN,325,1,38,26,0,7,0,3,1,20,1,1,0,0,0,0,0,0,0,0,0,0,,,,,
Bobby Rainey,RB,NYG,16,PHI,0,0,0,0,0,0,0,0,1,13,0,2,0,0,0,0,0,0,0,0,0,0,,,,,
Bralon Addison,WR,CHI,16,WAS,0,0,0,0,0,0,0,0,0,0,0,0,0,0,0,0,0,0,0,0,0,0,,,,,
Brandin Cooks,WR,NO,16,TB,0,0,0,0,0,0,0,0,5,98,0,9,0,0,0,0,0,0,0,0,0,0,,,,,
Brandon Bostick,TE,NYJ,16,NE,0,0,0,0,0,0,0,0,0,0,0,1,0,0,0,0,0,0,0,0,0,0,,,,,
Brandon Coleman,WR,NO,16,TB,0,0,0,0,0,0,0,0,0,0,0,0,0,0,0,0,0,0,0,0,0,0,,,,,
Brandon LaFell,WR,CIN,16,HOU,0,0,0,0,0,0,0,0,6,130,1,10,0,0,0,0,0,0,0,0,0,0,,,,,
Brandon Marshall,WR,NYJ,16,NE,0,0,0,0,0,0,0,0,2,28,0,4,0,0,0,0,0,0,0,0,0,0,,,,,
Brandon McManus,K,DEN,16,KC,0,0,0,0,0,6,0,1,0,0,0,0,0,0,0,0,0,0,0,1,0,1,,,,,
Brandon Myers,TE,TB,16,NO,0,0,0,0,0,0,0,0,2,21,0,6,0,0,0,0,0,0,0,0,0,0,,,,,
Brandon Tate,WR,BUF,16,MIA,0,0,0,0,0,0,0,0,0,0,0,0,0,0,0,0,0,0,0,0,0,0,,,,,
Brandon Wilds,RB,NYJ,16,NE,0,0,0,0,0,14,0,4,0,0,0,0,0,0,0,0,0,0,0,0,0,0,,,,,
Brent Celek,TE,PHI,16,NYG,0,0,0,0,0,0,0,0,3,27,0,3,0,0,0,0,0,0,0,0,0,0,,,,,
Breshad Perriman,WR,BAL,16,PIT,0,0,0,0,0,0,0,0,3,32,0,5,0,0,0,0,0,0,0,0,0,0,,,,,
Brett Hundley,QB,GB,16,MIN,0,0,1,0,0,0,0,0,0,0,0,0,0,0,0,0,0,0,0,0,0,0,,,,,
Brian Quick,WR,LA,16,SF,0,0,0,0,0,0,0,0,0,0,0,4,0,0,0,0,0,0,0,0,0,0,,,,,
Brice Butler,WR,DAL,16,DET,0,0,0,0,0,0,0,0,1,21,1,1,0,0,0,0,0,0,0,0,0,0,,,,,
Brittan Golden,WR,ARI,16,SEA,0,0,0,0,0,0,0,0,1,22,0,2,0,0,0,0,0,0,0,0,0,0,,,,,
Bryan Walters,WR,JAX,16,TEN,0,0,0,0,0,0,0,0,5,45,0,6,0,0,0,0,0,0,0,0,0,0,,,,,
Bryce Petty,QB,NYJ,16,NE,0,0,3,0,1,0,0,0,0,0,0,0,0,0,0,0,0,0,0,0,0,0,,,,,
Bryce Treggs,WR,PHI,16,NYG,0,0,0,0,0,0,0,0,0,0,0,1,0,0,0,0,0,0,0,0,0,0,,,,,
C.J. Fiedorowicz,TE,HOU,16,CIN,0,0,0,0,0,0,0,0,4,42,0,7,0,0,0,0,0,0,0,0,0,0,,,,,
C.J. Uzomah,TE,CIN,16,HOU,0,0,0,0,0,0,0,0,5,28,0,6,0,0,0,0,0,0,0,0,0,0,,,,,
CAR,DEF,CAR,16,ATL,,,,,,,,,,,,,,,,,,,,,,,0,0,0,0,33.0
CHI,DEF,CHI,16,WAS,,,,,,,,,,,,,,,,,,,,,,,0,0,0,0,41.0
CIN,DEF,CIN,16,HOU,,,,,,,,,,,,,,,,,,,,,,,0,0,0,0,12.0
CLE,DEF,CLE,16,LAC,,,,,,,,,,,,,,,,,,,,,,,0,0,0,0,17.0
Cairo Santos,K,KC,16,DEN,0,0,0,0,0,0,0,0,0,0,0,0,0,0,0,0,1,1,0,0,0,3,,,,,
Caleb Sturgis,K,PHI,16,NYG,0,0,0,0,0,0,0,0,0,0,0,0,0,0,0,0,0,0,1,0,0,3,,,,,
Cam Newton,QB,CAR,16,ATL,198,1,43,18,2,36,0,8,0,0,0,0,0,0,0,0,0,0,0,0,0,0,,,,,
Cameron Brate,TE,TB,16,NO,0,0,0,0,0,0,0,0,1,12,1,2,0,0,0,0,0,0,0,0,0,0,,,,,
Cameron Meredith,WR,CHI,16,WAS,0,0,0,0,0,0,0,0,9,135,1,12,0,0,0,0,0,0,0,0,0,0,,,,,
Carlos Hyde,RB,SF,16,LA,0,0,0,0,0,38,0,13,3,24,1,3,0,0,0,0,0,0,0,0,0,0,,,,,
Carson Palmer,QB,ARI,16,SEA,284,1,26,16,0,-1,0,1,0,0,0,0,0,0,0,0,0,0,0,0,0,0,,,,,
Carson Wentz,QB,PHI,16,NYG,152,1,24,13,1,27,0,4,0,0,0,0,0,0,0,0,0,0,0,0,0,0,,,,,
Cedric Peerman,RB,CIN,16,HOU,0,0,0,0,0,0,0,0,0,0,0,0,0,0,0,0,0,0,0,0,0,0,,,,,
Chandler Catanzaro,K,ARI,16,SEA,0,0,0,0,0,0,0,0,0,0,0,0,0,0,0,0,0,0,2,0,0,4,,,,,
Charcandrick West,RB,KC,16,DEN,0,0,0,0,0,35,0,14,1,3,0,1,0,0,0,0,0,0,0,0,0,0,,,,,
Charles Clay,TE,BUF,16,MIA,0,0,0,0,0,0,0,0,8,85,2,10,0,0,0,0,0,0,0,0,0,0,,,,,
Charles D. Johnson,WR,MIN,16,GB,0,0,0,0,0,0,0,0,1,16,0,4,0,0,0,0,0,0,0,0,0,0,,,,,
Charles Sims,RB,TB,16,NO,0,0,0,0,0,12,0,3,4,30,0,4,0,0,0,0,0,0,0,0,0,0,,,,,
Charone Peake,WR,NYJ,16,NE,0,0,0,0,0,0,0,0,1,27,0,3,0,0,0,0,0,0,0,0,0,0,,,,,
Chase Daniel,QB,PHI,16,NYG,16,0,1,1,0,0,0,0,0,0,0,0,0,0,0,0,0,0,0,0,0,0,,,,,
Chase Reynolds,RB,LA,16,SF,0,0,0,0,0,0,0,0,0,0,0,0,0,0,0,0,0,0,0,0,0,0,,,,,
Chester Rogers,WR,IND,16,LV,0,0,0,0,0,0,0,0,0,0,0,0,0,0,0,0,0,0,0,0,0,0,,,,,
Chris Boswell,K,PIT,16,BAL,0,0,0,0,0,0,0,0,0,0,0,0,0,0,0,0,0,1,0,0,0,4,,,,,
Chris Conley,WR,KC,16,DEN,0,0,0,0,0,0,0,0,2,14,0,2,0,0,0,0,0,0,0,0,0,0,,,,,
Chris Harper,WR,SF,16,LA,0,0,0,0,0,0,0,0,1,1,0,1,0,0,0,0,0,0,0,0,0,0,,,,,
Chris Hogan,WR,NE,16,NYJ,0,0,0,0,0,0,0,0,1,22,0,5,0,0,0,0,0,0,0,0,0,0,,,,,
Chris Ivory,RB,JAX,16,TEN,0,0,0,0,0,45,1,14,4,69,0,6,0,0,0,0,0,0,0,0,0,0,,,,,
Chris Manhertz,TE,CAR,16,ATL,0,0,0,0,0,0,0,0,1,10,0,1,0,0,0,0,0,0,0,0,0,0,,,,,
Chris Moore,WR,BAL,16,PIT,0,0,0,0,0,0,0,0,0,0,0,0,0,0,0,0,0,0,0,0,0,0,,,,,
Chris Thompson,RB,WAS,16,CHI,0,0,0,0,0,20,1,3,1,17,1,1,0,0,0,0,0,0,0,0,0,0,,,,,
Christine Michael,RB,GB,16,MIN,0,0,0,0,0,4,0,4,1,1,0,1,0,0,0,0,0,0,0,0,0,0,,,,,
Clay Harbor,TE,DET,16,DAL,0,0,0,0,0,0,0,0,0,0,0,0,0,0,0,0,0,0,0,0,0,0,,,,,
Clive Walford,TE,LV,16,IND,0,0,0,0,0,0,0,0,2,20,1,2,0,0,0,0,0,0,0,0,0,0,,,,,
Cobi Hamilton,WR,PIT,16,BAL,0,0,0,0,0,0,0,0,1,6,0,1,0,0,0,0,0,0,0,0,0,0,,,,,
Coby Fleener,TE,NO,16,TB,0,0,0,0,0,0,0,0,2,30,0,3,0,0,0,0,0,0,0,0,0,0,,,,,
Cody Core,WR,CIN,16,HOU,0,0,0,0,0,0,0,0,8,39,0,14,0,0,0,0,0,0,0,0,0,0,,,,,
Cody Kessler,QB,CLE,16,LAC,11,0,3,2,0,0,0,0,0,0,0,0,0,0,0,0,0,0,0,0,0,0,,,,,
Cody Latimer,WR,DEN,16,KC,0,0,0,0,0,0,0,0,0,0,0,2,0,0,0,0,0,0,0,0,0,0,,,,,
Cody Parkey,K,CLE,16,LAC,0,0,0,0,0,0,0,0,0,0,0,0,0,0,0,0,1,0,1,0,0,2,,,,,
Cole Beasley,WR,DAL,16,DET,0,0,0,0,0,0,0,0,4,25,0,5,0,0,0,0,0,0,0,0,0,0,,,,,
Colin Kaepernick,QB,SF,16,LA,266,2,37,28,1,15,1,6,0,0,0,0,0,0,1,0,0,0,0,0,0,0,,,,,
Connor Barth,K,CHI,16,WAS,0,0,0,0,0,0,0,0,0,0,0,0,0,0,0,0,0,0,0,0,0,3,,,,,
Cordarrelle Patterson,RB,MIN,16,GB,0,0,0,0,0,0,0,0,2,13,0,4,0,0,0,0,0,0,0,0,0,0,,,,,
Corey Brown,WR,CAR,16,ATL,0,0,0,0,0,0,0,0,1,12,0,2,0,0,0,0,0,0,0,0,0,0,,,,,
Corey Coleman,WR,CLE,16,LAC,0,0,0,0,0,0,0,0,2,15,0,5,0,0,0,0,0,0,0,0,0,0,,,,,
Corey Grant,RB,JAX,16,TEN,0,0,0,0,0,27,0,9,1,5,0,3,0,0,0,0,0,0,0,0,0,0,,,,,
DAL,DEF,DAL,16,DET,,,,,,,,,,,,,,,,,,,,,,,0,0,0,0,21.0
DEN,DEF,DEN,16,KC,,,,,,,,,,,,,,,,,,,,,,,0,0,0,0,33.0
DET,DEF,DET,16,DAL,,,,,,,,,,,,,,,,,,,,,,,0,0,0,0,42.0
Dak Prescott,QB,DAL,16,DET,212,3,20,15,0,35,0,4,0,0,0,0,0,0,0,0,0,0,0,0,0,0,,,,,
Damien Williams,RB,MIA,16,BUF,0,0,0,0,0,0,0,0,2,51,0,3,0,0,0,0,0,0,0,0,0,0,,,,,
Dan Bailey,K,DAL,16,DET,0,0,0,0,0,0,0,0,0,0,0,0,0,0,0,0,0,0,0,0,0,6,,,,,
Dan Carpenter,K,BUF,16,MIA,0,0,0,0,0,0,0,0,0,0,0,0,0,0,0,0,1,0,0,0,0,4,,,,,
Daniel Brown,TE,CHI,16,WAS,0,0,0,0,0,0,0,0,2,19,0,4,0,0,0,0,0,0,0,0,0,0,,,,,
Danny Vitale,RB,CLE,16,LAC,0,0,0,0,0,0,0,0,1,15,0,1,0,0,0,0,0,0,0,0,0,0,,,,,
Darren McFadden,RB,DAL,16,DET,0,0,0,0,0,49,0,14,0,0,0,1,0,0,0,0,0,0,0,0,0,0,,,,,
Darren Sproles,RB,PHI,16,NYG,0,0,0,0,0,40,1,7,2,23,0,2,0,0,0,0,0,0,0,0,0,0,,,,,
Darren Waller,TE,BAL,16,PIT,0,0,0,0,0,0,0,0,1,11,0,2,0,0,0,0,0,0,0,0,0,0,,,,,
Davante Adams,WR,GB,16,MIN,0,0,0,0,0,0,0,0,4,44,1,7,0,0,0,0,0,0,0,0,0,0,,,,,
David Johnson,TE,PIT,16,BAL,0,0,0,0,0,0,0,0,0,0,0,1,0,0,0,0,0,0,0,0,0,0,,,,,
David Johnson,RB,ARI,16,SEA,0,0,0,0,0,95,3,28,4,41,0,7,0,0,0,0,0,0,0,0,0,0,,,,,
David Morgan,TE,MIN,16,GB,0,0,0,0,0,0,0,0,1,4,0,1,0,0,0,0,0,0,0,0,0,0,,,,,
DeAndre Hopkins,WR,HOU,16,CIN,0,0,0,0,0,0,0,0,3,43,0,6,0,0,0,0,0,0,0,0,0,0,,,,,
DeAndre Washington,RB,LV,16,IND,0,0,0,0,0,99,2,12,1,18,0,1,0,0,0,0,0,0,0,0,0,0,,,,,
DeMarco Murray,RB,TEN,16,JAX,0,0,0,0,0,42,0,14,2,18,0,4,0,0,0,0,0,0,0,0,0,0,,,,,
DeMarcus Ayers,WR,PIT,16,BAL,0,0,0,0,0,0,0,0,1,9,0,1,0,0,0,0,0,0,0,0,0,0,,,,,
DeSean Jackson,WR,WAS,16,CHI,0,0,0,0,0,0,0,0,5,114,0,7,0,0,0,0,0,0,0,0,0,0,,,,,
DeVante Parker,WR,MIA,16,BUF,0,0,0,0,0,0,0,0,4,85,1,7,0,0,0,0,0,0,0,0,0,0,,,,,
Delanie Walker,TE,TEN,16,JAX,0,0,0,0,0,0,0,0,3,23,1,8,0,0,0,0,0,0,0,0,0,0,,,,,
Demaryius Thomas,WR,DEN,16,KC,0,0,0,0,0,0,0,0,3,20,0,8,0,0,0,0,0,0,0,0,0,0,,,,,
Demetrius Harris,TE,KC,16,DEN,0,0,0,0,0,0,0,0,6,37,1,9,0,0,0,0,0,0,0,0,0,0,,,,,
Dennis Pitta,TE,BAL,16,PIT,0,0,0,0,0,0,0,0,8,75,0,11,0,0,0,0,0,0,0,0,0,0,,,,,
Deonte Thompson,WR,CHI,16,WAS,0,0,0,0,0,0,0,0,3,34,1,4,0,0,0,0,0,0,0,0,0,0,,,,,
Derek Carr,QB,LV,16,IND,232,3,31,21,0,8,0,1,0,0,0,0,0,0,0,0,0,0,0,0,0,0,,,,,
Derrick Henry,RB,TEN,16,JAX,0,0,0,0,0,13,0,4,2,22,0,2,0,0,0,0,0,0,0,0,0,0,,,,,
Devin Funchess,WR,CAR,16,ATL,0,0,0,0,0,0,0,0,1,9,0,5,0,0,0,0,0,0,0,0,0,0,,,,,
Devin Smith,WR,NYJ,16,NE,0,0,0,0,0,0,0,0,1,20,0,3,0,0,0,0,0,0,0,0,0,0,,,,,
Devonta Freeman,RB,ATL,16,CAR,0,0,0,0,0,53,0,13,8,35,0,8,0,0,0,0,0,0,0,0,0,0,,,,,
Devontae Booker,RB,DEN,16,KC,0,0,0,0,0,27,0,5,6,44,0,10,0,0,0,0,0,0,0,0,0,0,,,,,
Dez Bryant,WR,DAL,16,DET,10,1,1,1,0,0,0,0,4,70,2,5,0,0,0,0,0,0,0,0,0,0,,,,,
Dion Lewis,RB,NE,16,NYJ,0,0,0,0,0,52,0,16,1,5,0,1,0,0,0,0,0,0,0,0,0,0,,,,,
Dion Sims,TE,MIA,16,BUF,0,0,0,0,0,0,0,0,2,10,0,3,0,0,0,0,0,0,0,0,0,0,,,,,
Donte Moncrief,WR,IND,16,LV,0,0,0,0,0,0,0,0,2,30,1,3,0,0,0,0,0,0,0,0,0,0,,,,,
Dontrelle Inman,WR,LAC,16,CLE,0,0,0,0,0,0,0,0,3,44,0,10,0,0,0,0,0,0,0,0,0,0,,,,,
Dorial Green-Beckham,WR,PHI,16,NYG,0,0,0,0,0,0,0,0,1,7,0,2,0,0,0,0,0,0,0,0,0,0,,,,,
Doug Baldwin,WR,SEA,16,ARI,0,0,0,0,0,6,0,2,13,171,1,19,0,0,0,0,0,0,0,0,0,0,,,,,
Drew Brees,QB,NO,16,TB,299,1,34,23,0,1,0,4,0,0,0,0,0,0,0,0,0,0,0,0,0,0,,,,,
DuJuan Harris,RB,SF,16,LA,0,0,0,0,0,0,0,0,1,14,0,1,0,0,0,0,0,0,0,0,0,0,,,,,
Duke Johnson,RB,CLE,16,LAC,0,0,0,0,0,28,0,7,2,21,0,2,0,0,0,0,0,0,0,0,0,0,,,,,
Dustin Hopkins,K,WAS,16,CHI,0,0,0,0,0,0,0,0,0,0,0,0,0,0,0,0,2,0,0,0,0,5,,,,,
Dwayne Allen,TE,IND,16,LV,0,0,0,0,0,0,0,0,3,31,0,4,0,0,0,0,0,0,0,0,0,0,,,,,
Dwayne Harris,WR,NYG,16,PHI,0,0,0,0,0,0,0,0,0,0,0,0,0,0,0,0,0,0,0,0,0,0,,,,,
Dwayne Washington,RB,DET,16,DAL,0,0,0,0,0,22,0,7,1,4,0,2,0,0,0,0,0,0,0,0,0,0,,,,,
Ed Dickson,TE,CAR,16,ATL,0,0,0,0,0,0,0,0,0,0,0,1,0,0,0,0,0,0,0,0,0,0,,,,,
Eli Manning,QB,NYG,16,PHI,356,1,63,38,3,0,0,0,0,0,0,0,0,0,0,0,0,0,0,0,0,0,,,,,
Eli Rogers,WR,PIT,16,BAL,0,0,0,0,0,6,0,1,4,84,0,5,0,0,0,0,0,0,0,0,0,0,,,,,
Emmanuel Sanders,WR,DEN,16,KC,0,0,0,0,0,0,0,0,1,26,0,3,0,0,0,0,0,0,0,0,0,0,,,,,
Eric Ebron,TE,DET,16,DAL,0,0,0,0,0,0,0,0,8,93,0,12,0,0,0,0,0,0,0,0,0,0,,,,,
Eric Weems,WR,ATL,16,CAR,0,0,0,0,0,0,0,0,0,0,0,0,0,0,0,0,0,0,0,0,0,0,,,,,
Erik Swoope,TE,IND,16,LV,0,0,0,0,0,0,0,0,1,45,0,1,0,0,0,0,0,0,0,0,0,0,,,,,
Ezekiel Elliott,RB,DAL,16,DET,0,0,0,0,0,80,2,12,1,12,0,1,0,0,0,0,0,0,0,0,0,0,,,,,
Fitzgerald Toussaint,RB,PIT,16,BAL,0,0,0,0,0,0,0,0,0,0,0,0,0,0,0,0,0,0,0,0,0,0,,,,,
Fozzy Whittaker,RB,CAR,16,ATL,0,0,0,0,0,30,0,3,1,14,0,1,0,0,0,0,0,0,0,0,0,0,,,,,
Frank Gore,RB,IND,16,LV,0,0,0,0,0,72,0,13,1,12,0,2,0,0,0,0,0,0,0,0,0,0,,,,,
GB,DEF,GB,16,MIN,,,,,,,,,,,,,,,,,,,,,,,0,0,0,0,25.0
Garrett Celek,TE,SF,16,LA,0,0,0,0,0,0,0,0,4,39,0,7,0,0,0,0,0,0,0,0,0,0,,,,,
Gary Barnidge,TE,CLE,16,LAC,0,0,0,0,0,0,0,0,5,42,0,6,0,0,0,0,0,0,0,0,0,0,,,,,
Geremy Davis,WR,LAC,16,CLE,0,0,0,0,0,0,0,0,0,0,0,1,0,0,0,0,0,0,0,0,0,0,,,,,
Geronimo Allison,WR,GB,16,MIN,0,0,0,0,0,0,0,0,4,66,0,7,0,0,0,0,0,0,0,0,0,0,,,,,
Golden Tate,WR,DET,16,DAL,0,0,0,0,0,0,0,0,6,58,0,6,0,0,0,0,0,0,0,0,0,0,,,,,
Graham Gano,K,CAR,16,ATL,0,0,0,0,0,0,0,0,0,0,0,0,0,0,0,0,0,2,1,0,0,1,,,,,
Greg Olsen,TE,CAR,16,ATL,0,0,0,0,0,0,0,0,6,59,0,12,0,0,0,0,0,0,0,0,0,0,,,,,
Greg Zuerlein,K,LA,16,SF,0,0,0,0,0,0,0,0,0,0,0,0,0,0,0,0,0,0,0,0,0,3,,,,,
HOU,DEF,HOU,16,CIN,,,,,,,,,,,,,,,,,,,,,,,0,0,0,0,10.0
Harry Douglas,WR,TEN,16,JAX,0,0,0,0,0,0,0,0,5,48,0,6,0,0,0,0,0,0,0,0,0,0,,,,,
Henry Krieger-Coble,TE,DEN,16,KC,0,0,0,0,0,0,0,0,1,13,0,1,0,0,0,0,0,0,0,0,0,0,,,,,
IND,DEF,IND,16,LV,,,,,,,,,,,,,,,,,,,,,,,0,0,0,0,33.0
Isaiah Burse,WR,LAC,16,CLE,0,0,0,0,0,0,0,0,0,0,0,0,0,0,0,0,0,0,0,0,0,0,,,,,
Isaiah Crowell,RB,CLE,16,LAC,0,0,0,0,0,54,2,16,4,4,0,5,0,0,0,0,0,0,0,0,0,0,,,,,
J.J. Nelson,WR,ARI,16,SEA,0,0,0,0,0,0,0,0,3,132,1,7,0,0,0,0,0,0,0,0,0,0,,,,,
JAX,DEF,JAX,16,TEN,,,,,,,,,,,,,,,,,,,,,,,1,0,0,0,17.0
Jack Doyle,TE,IND,16,LV,0,0,0,0,0,0,0,0,5,46,0,7,0,0,0,0,0,0,0,0,0,0,,,,,
Jacquizz Rodgers,RB,TB,16,NO,0,0,0,0,0,63,1,15,2,15,0,2,0,0,0,0,0,0,0,0,0,0,,,,,
Jakeem Grant,WR,MIA,16,BUF,0,0,0,0,0,0,0,0,0,0,0,0,0,0,0,0,0,0,0,0,0,0,,,,,
Jalen Richard,RB,LV,16,IND,0,0,0,0,0,66,0,6,3,13,1,3,0,0,0,0,0,0,0,0,0,0,,,,,
Jameis Winston,QB,TB,16,NO,277,2,35,23,2,14,0,3,0,0,0,0,0,0,0,0,0,0,0,0,0,0,,,,,
James O'Shaughnessy,TE,KC,16,DEN,0,0,0,0,0,0,0,0,0,0,0,0,0,0,0,0,0,0,0,0,0,0,,,,,
James White,RB,NE,16,NYJ,0,0,0,0,0,14,0,1,3,32,1,4,0,0,0,0,0,0,0,0,0,0,,,,,
James Wright,WR,CIN,16,HOU,0,0,0,0,0,0,0,0,1,8,0,1,0,0,0,0,0,0,0,0,0,0,,,,,
Jamison Crowder,WR,WAS,16,CHI,0,0,0,0,0,0,0,0,1,3,0,2,0,0,0,0,0,0,0,0,0,0,,,,,
Jared Cook,TE,GB,16,MIN,0,0,0,0,0,0,0,0,3,37,0,5,0,0,0,0,0,0,0,0,0,0,,,,,
Jared Goff,QB,LA,16,SF,90,1,24,11,2,4,0,2,0,0,0,0,0,0,0,0,0,0,0,0,0,0,,,,,
Jarvis Landry,WR,MIA,16,BUF,0,0,0,0,0,0,0,1,3,29,0,6,0,0,0,0,0,0,0,0,0,0,,,,,
Jason Myers,K,JAX,16,TEN,0,0,0,0,0,0,0,0,0,0,0,0,0,0,0,0,1,0,1,2,0,2,,,,,
Jason Witten,TE,DAL,16,DET,0,0,0,0,0,0,0,0,2,33,1,4,0,0,0,0,0,0,0,0,0,0,,,,,
Jay Ajayi,RB,MIA,16,BUF,0,0,0,0,0,206,1,32,1,3,0,1,0,0,0,0,0,0,0,0,0,0,,,,,
Jeff Heuerman,TE,DEN,16,KC,0,0,0,0,0,0,0,0,3,32,0,6,0,0,0,0,0,0,0,0,0,0,,,,,
Jeff Janis,WR,GB,16,MIN,0,0,0,0,0,0,0,0,1,8,0,1,0,0,0,0,0,0,0,0,0,0,,,,,
Jerell Adams,TE,NYG,16,PHI,0,0,0,0,0,0,0,0,1,9,0,1,0,0,0,0,0,0,0,0,0,0,,,,,
Jeremy Hill,RB,CIN,16,HOU,0,0,0,0,0,8,0,7,0,0,0,0,0,0,0,0,0,0,0,0,0,0,,,,,
Jeremy Kerley,WR,SF,16,LA,0,0,0,0,0,0,0,0,5,62,0,8,0,0,0,0,0,0,0,0,0,0,,,,,
Jeremy Langford,RB,CHI,16,WAS,0,0,0,0,0,19,1,7,1,4,0,2,0,0,0,0,0,0,0,0,0,0,,,,,
Jeremy Maclin,WR,KC,16,DEN,0,0,0,0,0,0,0,0,3,9,0,4,0,0,0,0,0,0,0,0,0,0,,,,,
Jerick McKinnon,RB,MIN,16,GB,0,0,0,0,0,50,0,11,5,35,0,6,0,0,0,0,0,0,0,0,0,0,,,,,
Jermaine Gresham,TE,ARI,16,SEA,0,0,0,0,0,0,0,0,2,40,0,4,0,0,0,0,0,0,0,0,0,0,,,,,
Jermaine Kearse,WR,SEA,16,ARI,0,0,0,0,0,0,0,0,4,37,1,9,0,0,0,0,0,0,0,0,0,0,,,,,
Jesse James,TE,PIT,16,BAL,0,0,0,0,0,0,0,0,4,49,0,5,0,0,0,0,0,0,0,0,0,0,,,,,
Jimmy Garoppolo,QB,NE,16,NYJ,6,0,2,1,0,-2,0,3,0,0,0,0,0,0,0,0,0,0,0,0,0,0,,,,,
Jimmy Graham,TE,SEA,16,ARI,0,0,0,0,0,0,0,0,2,43,1,3,0,0,0,0,0,0,0,0,0,0,,,,,
Joe Flacco,QB,BAL,16,PIT,262,1,44,30,1,0,0,0,0,0,0,0,0,0,1,0,0,0,0,0,0,0,,,,,
Joe Webb,QB,CAR,16,ATL,0,0,0,0,0,0,0,0,0,0,0,2,0,0,0,0,0,0,0,0,0,0,,,,,
John Brown,WR,ARI,16,SEA,0,0,0,0,0,0,0,0,1,12,0,2,0,0,0,0,0,0,0,0,0,0,,,,,
John Phillips,TE,NO,16,TB,0,0,0,0,0,0,0,0,2,15,0,2,0,0,0,0,0,0,0,0,0,0,,,,,
Johnny Holton,WR,LV,16,IND,0,0,0,0,0,0,0,0,0,0,0,0,0,0,0,0,0,0,0,0,0,0,,,,,
Jonathan Grimes,RB,HOU,16,CIN,0,0,0,0,0,0,0,0,0,0,0,0,0,0,0,0,0,0,0,0,0,0,,,,,
Jonathan Stewart,RB,CAR,16,ATL,0,0,0,0,0,50,0,11,1,2,0,2,0,0,0,0,0,0,0,0,0,0,,,,,
Jordan Howard,RB,CHI,16,WAS,0,0,0,0,0,119,0,18,1,9,0,3,0,0,0,0,0,0,0,0,0,0,,,,,
Jordan Matthews,TE,PHI,16,NYG,0,0,0,0,0,0,0,0,2,12,0,6,0,0,0,0,0,0,0,0,0,0,,,,,
Jordan Norwood,WR,DEN,16,KC,0,0,0,0,0,0,0,0,1,17,0,1,0,0,0,0,0,0,0,0,0,0,,,,,
Jordan Taylor,WR,DEN,16,KC,0,0,0,0,0,0,0,0,1,26,0,4,0,0,0,0,0,0,0,0,0,0,,,,,
Jordan Todman,RB,IND,16,LV,0,0,0,0,0,0,0,0,0,0,0,0,0,0,0,0,0,0,0,0,0,0,,,,,
Jordy Nelson,WR,GB,16,MIN,0,0,0,0,0,0,0,0,9,154,2,11,0,0,0,0,0,0,0,0,0,0,,,,,
Josh Bellamy,WR,CHI,16,WAS,0,0,0,0,0,0,0,0,1,11,0,2,0,0,0,0,0,0,0,0,0,0,,,,,
Josh Ferguson,RB,IND,16,LV,0,0,0,0,0,0,0,0,0,0,0,0,0,0,0,0,0,0,0,0,0,0,,,,,
Josh Huff,WR,TB,16,NO,0,0,0,0,0,0,0,0,2,24,0,3,0,0,0,0,0,0,0,0,0,0,,,,,
Josh Lambo,K,LAC,16,CLE,0,0,0,0,0,0,0,0,0,0,0,0,0,0,0,0,0,0,1,0,0,2,,,,,
Josh Perkins,TE,ATL,16,CAR,0,0,0,0,0,0,0,0,2,34,1,3,0,0,0,0,0,0,0,0,0,0,,,,,
Julian Edelman,WR,NE,16,NYJ,0,0,0,0,0,0,0,0,5,89,0,8,0,0,0,0,0,0,0,0,0,0,,,,,
Julio Jones,WR,ATL,16,CAR,0,0,0,0,0,0,0,0,4,60,0,7,0,0,0,0,0,0,0,0,0,0,,,,,
Justin Forsett,RB,DEN,16,KC,0,0,0,0,0,11,1,5,0,0,0,1,0,0,0,0,0,0,0,0,0,0,,,,,
Justin Hardy,WR,ATL,16,CAR,0,0,0,0,0,0,0,0,0,0,0,0,0,0,0,0,0,0,0,0,0,0,,,,,
Justin Tucker,K,BAL,16,PIT,0,0,0,0,0,0,0,0,0,0,0,0,0,0,0,0,1,1,2,0,0,1,,,,,
Juwan Thompson,RB,DEN,16,KC,0,0,0,0,0,19,0,3,0,0,0,1,0,0,0,0,0,0,0,0,0,0,,,,,
KC,DEF,KC,16,DEN,,,,,,,,,,,,,,,,,,,,,,,0,0,0,0,10.0
Kai Forbath,K,MIN,16,GB,0,0,0,0,0,0,0,0,0,0,0,0,0,0,0,0,2,0,0,0,0,1,,,,,
Kalif Raymond,WR,DEN,16,KC,0,0,0,0,0,0,0,0,0,0,0,1,0,0,0,0,0,0,0,0,0,0,,,,,
Kamar Aiken,WR,BAL,16,PIT,0,0,0,0,0,0,0,0,0,0,0,2,0,0,0,0,0,0,0,0,0,0,,,,,
Keith Mumphery,WR,HOU,16,CIN,0,0,0,0,0,0,0,0,2,7,0,2,0,0,0,0,0,0,0,0,0,0,,,,,
Kelvin Benjamin,WR,CAR,16,ATL,0,0,0,0,0,0,0,0,4,63,1,8,0,0,0,0,0,0,0,0,0,0,,,,,
Kendall Wright,WR,TEN,16,JAX,0,0,0,0,0,0,0,0,2,21,0,4,0,0,0,0,0,0,0,0,0,0,,,,,
Kenneth Dixon,RB,BAL,16,PIT,0,0,0,0,0,57,0,12,1,1,0,3,0,0,0,0,0,0,0,0,0,0,,,,,
Kenneth Farrow,RB,LAC,16,CLE,0,0,0,0,0,28,0,9,4,29,0,4,0,0,0,0,0,0,0,0,0,0,,,,,
Kenny Britt,WR,LA,16,SF,0,0,0,0,0,0,0,0,1,15,0,4,0,0,0,0,0,0,0,0,0,0,,,,,
Kenny Stills,WR,MIA,16,BUF,0,0,0,0,0,0,0,0,3,35,1,8,0,0,0,0,0,0,0,0,0,0,,,,,
Kenyan Drake,RB,MIA,16,BUF,0,0,0,0,0,56,1,4,0,0,0,0,0,0,0,0,0,0,0,0,0,0,,,,,
Kerwynn Williams,RB,ARI,16,SEA,0,0,0,0,0,0,0,0,1,6,0,1,0,0,0,0,0,0,0,0,0,0,,,,,
Khiry Robinson,RB,NYJ,16,NE,0,0,0,0,0,22,0,8,0,0,0,0,0,0,0,0,0,0,0,0,0,0,,,,,
Kirk Cousins,QB,WAS,16,CHI,270,1,29,18,0,30,2,5,0,0,0,0,0,0,0,0,0,0,0,0,0,0,,,,,
Kyle Juszczyk,RB,BAL,16,PIT,0,0,0,0,0,15,1,2,2,10,0,3,0,0,0,0,0,0,0,0,0,0,,,,,
Kyle Rudolph,TE,MIN,16,GB,0,0,0,0,0,0,0,0,6,53,0,9,0,0,0,0,0,0,0,0,0,0,,,,,
LA,DEF,LA,16,SF,,,,,,,,,,,,,,,,,,,,,,,0,0,0,0,22.0
LAC,DEF,LAC,16,CLE,,,,,,,,,,,,,,,,,,,,,,,0,0,0,0,0.0
LV,DEF,LV,16,IND,,,,,,,,,,,,,,,,,,,,,,,0,0,0,0,0.0
Lance Dunbar,RB,DAL,16,DET,0,0,0,0,0,0,0,0,0,0,0,0,0,0,0,0,0,0,0,0,0,0,,,,,
Lance Kendricks,TE,LA,16,SF,0,0,0,0,0,0,0,0,3,36,0,4,0,0,0,0,0,0,0,0,0,0,,,,,
Larry Fitzgerald,WR,ARI,16,SEA,0,0,1,0,0,0,0,0,4,31,0,4,0,0,0,0,0,0,0,0,0,0,,,,,
Latavius Murray,RB,LV,16,IND,0,0,0,0,0,40,0,15,2,11,0,2,0,0,0,0,0,0,0,0,0,0,,,,,
Le'Veon Bell,RB,PIT,16,BAL,0,0,0,0,0,122,1,20,3,15,1,4,0,0,0,0,0,0,0,0,0,0,,,,,
LeGarrette Blount,RB,NE,16,NYJ,0,0,0,0,0,50,2,20,0,0,0,0,0,0,0,0,0,0,0,0,0,0,,,,,
LeSean McCoy,RB,BUF,16,MIA,0,0,0,0,0,128,1,24,5,17,0,6,0,0,0,0,0,0,0,0,0,0,,,,,
Levine Toilolo,TE,ATL,16,CAR,0,0,0,0,0,0,0,0,1,10,0,1,0,0,0,0,0,0,0,0,0,0,,,,,
Lucky Whitehead,WR,DAL,16,DET,0,0,0,0,0,0,0,0,0,0,0,0,0,0,0,0,0,0,0,0,0,0,,,,,
Luke Stocker,TE,TB,16,NO,0,0,0,0,0,0,0,0,0,0,0,1,0,0,0,0,0,0,0,0,0,0,,,,,
MIA,DEF,MIA,16,BUF,,,,,,,,,,,,,,,,,,,,,,,0,0,0,0,31.0
MIN,DEF,MIN,16,GB,,,,,,,,,,,,,,,,,,,,,,,0,0,0,0,38.0
Mack Brown,RB,WAS,16,CHI,0,0,0,0,0,82,1,8,1,-2,0,1,0,0,0,0,0,0,0,0,0,0,,,,,
Malcolm Brown,RB,LA,16,SF,0,0,0,0,0,2,0,1,0,0,0,0,0,0,0,0,0,0,0,0,0,0,,,,,
Malcolm Mitchell,WR,NE,16,NYJ,0,0,0,0,0,0,0,0,3,29,0,5,0,0,0,0,0,0,0,0,0,0,,,,,
MarQueis Gray,TE,MIA,16,BUF,0,0,0,0,0,0,0,0,1,20,0,1,0,0,0,0,0,0,0,0,0,0,,,,,
Marc Mariani,WR,TEN,16,JAX,0,0,0,0,0,0,0,0,0,0,0,0,0,0,0,0,0,0,0,0,0,0,,,,,
Marcus Mariota,QB,TEN,16,JAX,99,1,20,8,0,3,0,2,0,0,0,0,0,0,0,0,0,0,0,0,0,0,,,,,
Mario Alford,WR,CLE,16,LAC,0,0,0,0,0,0,0,0,0,0,0,0,0,0,0,0,0,0,0,0,0,0,,,,,
Mark Ingram,RB,NO,16,TB,0,0,0,0,0,90,2,18,2,3,0,3,0,0,1,0,0,0,0,0,0,0,,,,,
Marqise Lee,WR,JAX,16,TEN,20,1,1,1,0,0,0,0,3,37,1,7,0,0,0,0,0,0,0,0,0,0,,,,,
Marquise Goodwin,WR,BUF,16,MIA,0,0,0,0,0,0,0,0,1,16,0,5,0,0,0,0,0,0,0,0,0,0,,,,,
Martellus Bennett,TE,NE,16,NYJ,0,0,0,0,0,0,0,0,2,19,1,2,0,0,0,0,0,0,0,0,0,0,,,,,
Marvin Jones,WR,DET,16,DAL,0,0,0,0,0,0,0,0,1,16,0,7,0,0,0,0,0,0,0,0,0,0,,,,,
Mason Crosby,K,GB,16,MIN,0,0,0,0,0,0,0,0,0,0,0,0,0,0,0,0,0,0,1,0,0,5,,,,,
Matt Asiata,RB,MIN,16,GB,0,0,0,0,0,34,0,6,3,30,0,4,0,0,0,0,0,0,0,0,0,0,,,,,
Matt Barkley,QB,CHI,16,WAS,323,2,40,24,5,0,0,0,0,0,0,0,0,0,0,0,0,0,0,0,0,0,,,,,
Matt Bryant,K,ATL,16,CAR,0,0,0,0,0,0,0,0,0,0,0,0,0,0,0,0,1,0,1,2,0,3,,,,,
Matt Cassel,QB,TEN,16,JAX,124,1,24,13,1,0,0,0,0,0,0,0,0,0,0,0,0,0,0,0,0,0,,,,,
Matt Lengel,TE,NE,16,NYJ,0,0,0,0,0,0,0,0,1,18,1,1,0,0,0,0,0,0,0,0,0,0,,,,,
Matt McGloin,QB,LV,16,IND,29,0,3,2,0,-3,0,3,0,0,0,0,0,0,0,0,0,0,0,0,0,0,,,,,
Matt Moore,QB,MIA,16,BUF,233,2,30,16,1,-1,0,1,0,0,0,0,0,0,0,0,0,0,0,0,0,0,,,,,
Matt Prater,K,DET,16,DAL,0,0,0,0,0,0,0,0,0,0,0,0,0,0,0,0,0,0,0,0,0,3,,,,,
Matt Ryan,QB,ATL,16,CAR,277,2,33,27,0,9,0,2,0,0,0,0,0,0,0,0,0,0,0,0,0,0,,,,,
Matthew Mulligan,TE,DET,16,DAL,0,0,0,0,0,0,0,0,1,8,0,1,0,0,0,0,0,0,0,0,0,0,,,,,
Matthew Stafford,QB,DET,16,DAL,260,0,46,26,1,1,1,1,0,0,0,0,0,0,0,0,0,0,0,0,0,0,,,,,
Maurice Harris,WR,WAS,16,CHI,0,0,0,0,0,0,0,0,0,0,0,1,0,0,0,0,0,0,0,0,0,0,,,,,
Michael Campanaro,WR,BAL,16,PIT,0,0,0,0,0,23,0,1,0,0,0,0,0,0,0,0,0,0,0,0,0,0,,,,,
Michael Crabtree,WR,LV,16,IND,0,0,0,0,0,0,0,0,7,90,0,10,0,0,0,0,0,0,0,0,0,0,,,,,
Michael Floyd,WR,NE,16,NYJ,0,0,0,0,0,0,0,0,1,6,0,2,0,0,0,0,0,0,0,0,0,0,,,,,
Michael Thomas,WR,NO,16,TB,0,0,0,0,0,0,0,0,6,98,0,8,0,0,0,0,0,0,0,0,0,0,,,,,
Mike Evans,WR,TB,16,NO,0,0,0,0,0,0,0,0,7,97,1,8,0,0,0,0,0,0,0,0,0,0,,,,,
Mike Gillislee,RB,BUF,16,MIA,0,0,0,0,0,91,0,11,0,0,0,0,0,0,0,0,0,0,0,0,0,0,,,,,
Mike Wallace,WR,BAL,16,PIT,0,0,0,0,0,0,0,0,4,21,0,7,0,0,0,0,0,0,0,0,0,0,,,,,
Mohamed Sanu,WR,ATL,16,CAR,0,0,0,0,0,0,0,0,3,56,0,4,0,0,0,0,0,0,0,0,0,0,,,,,
NE,DEF,NE,16,NYJ,,,,,,,,,,,,,,,,,,,,,,,0,0,0,0,3.0
NO,DEF,NO,16,TB,,,,,,,,,,,,,,,,,,,,,,,0,0,0,0,24.0
NYG,DEF,NYG,16,PHI,,,,,,,,,,,,,,,,,,,,,,,0,0,0,0,24.0
NYJ,DEF,NYJ,16,NE,,,,,,,,,,,,,,,,,,,,,,,0,0,0,0,41.0
Nelson Agholor,WR,PHI,16,NYG,0,0,0,0,0,5,0,1,2,47,1,5,0,0,0,0,0,0,0,0,0,0,,,,,
Nick Boyle,TE,BAL,16,PIT,0,0,0,0,0,0,0,0,1,5,0,1,0,0,0,0,0,0,0,0,0,0,,,,,
Nick Folk,K,NYJ,16,NE,0,0,0,0,0,0,0,0,0,0,0,0,0,0,0,0,1,0,0,0,0,0,,,,,
Nick Novak,K,HOU,16,CIN,0,0,0,0,0,0,0,0,0,0,0,0,0,0,0,0,2,0,0,0,0,0,,,,,
Nick O'Leary,TE,BUF,16,MIA,0,0,0,0,0,0,0,0,0,0,0,0,0,0,0,0,0,0,0,0,0,0,,,,,
Odell Beckham Jr.,WR,NYG,16,PHI,0,0,0,0,0,0,0,0,11,150,0,20,0,0,0,0,0,0,0,0,0,0,,,,,
PHI,DEF,PHI,16,NYG,,,,,,,,,,,,,,,,,,,,,,,1,0,0,0,19.0
PIT,DEF,PIT,16,BAL,,,,,,,,,,,,,,,,,,,,,,,0,0,0,0,27.0
Patrick DiMarco,RB,ATL,16,CAR,0,0,0,0,0,0,0,0,1,6,0,1,0,0,0,0,0,0,0,0,0,0,,,,,
Paul Perkins,RB,NYG,16,PHI,0,0,0,0,0,68,0,15,1,9,0,2,0,0,0,0,0,0,0,0,0,0,,,,,
Paul Richardson,WR,SEA,16,ARI,0,0,0,0,0,0,0,0,4,42,1,5,0,0,0,0,0,0,0,0,0,0,,,,,
Pharoh Cooper,WR,LA,16,SF,0,0,0,0,0,0,0,0,0,0,0,0,0,0,0,0,0,0,0,0,0,0,,,,,
Phil Dawson,K,SF,16,LA,0,0,0,0,0,0,0,0,0,0,0,0,0,0,0,0,0,0,0,0,0,2,,,,,
Philip Rivers,QB,LAC,16,CLE,322,2,46,23,1,0,0,1,0,0,0,0,0,0,0,0,0,0,0,0,0,0,,,,,
Phillip Dorsett,WR,IND,16,LV,0,0,0,0,0,0,0,0,1,8,0,1,0,0,0,0,0,0,0,0,0,0,,,,,
Pierre Garcon,WR,WAS,16,CHI,0,0,0,0,0,0,0,0,4,94,0,5,0,0,0,0,0,0,0,0,0,0,,,,,
Quincy Enunwa,WR,NYJ,16,NE,0,0,0,0,0,12,0,1,1,30,0,5,0,0,0,0,0,0,0,0,0,0,,,,,
Randy Bullock,K,CIN,16,HOU,0,0,0,0,0,0,0,0,0,0,0,0,0,0,0,0,0,0,1,0,0,1,,,,,
Rashad Jennings,RB,NYG,16,PHI,0,0,0,0,0,44,0,9,4,7,0,5,0,0,0,0,0,0,0,0,0,0,,,,,
Rashard Higgins,WR,CLE,16,LAC,0,0,0,0,0,0,0,0,0,0,0,1,0,0,0,0,0,0,0,0,0,0,,,,,
Reggie Bush,RB,BUF,16,MIA,0,0,0,0,0,-8,0,1,0,0,0,0,0,0,0,0,0,0,0,0,0,0,,,,,
Rex Burkhead,RB,CIN,16,HOU,0,0,0,0,0,42,0,12,4,25,0,4,0,0,0,0,0,0,0,0,0,0,,,,,
Rhett Ellison,TE,MIN,16,GB,0,0,0,0,0,0,0,0,0,0,0,1,0,0,0,0,0,0,0,0,0,0,,,,,
Ricardo Louis,WR,CLE,16,LAC,0,0,0,0,0,0,0,0,0,0,0,0,0,0,0,0,0,0,0,0,0,0,,,,,
Richard Rodgers,TE,GB,16,MIN,0,0,0,0,0,0,0,0,2,20,1,2,0,0,0,0,0,0,0,0,0,0,,,,,
Rishard Matthews,WR,TEN,16,JAX,0,0,0,0,0,0,0,0,3,31,1,9,0,0,0,0,0,0,0,0,0,0,,,,,
Rob Kelley,RB,WAS,16,CHI,0,0,0,0,0,76,0,19,2,6,0,3,0,0,0,0,0,0,0,0,0,0,,,,,
Robbie Chosen,WR,NYJ,16,NE,0,0,0,0,0,0,0,0,0,0,0,3,0,0,0,0,0,0,0,0,0,0,,,,,
Robbie Gould,K,NYG,16,PHI,0,0,0,0,0,0,0,0,0,0,0,0,0,0,0,0,1,2,1,0,0,1,,,,,
Robert Griffin III,QB,CLE,16,LAC,164,0,25,17,0,42,0,6,0,0,0,0,0,0,0,0,0,0,0,0,0,0,,,,,
Robert Turbin,RB,IND,16,LV,0,0,0,0,0,18,0,6,2,11,1,2,0,0,0,0,0,0,0,0,0,0,,,,,
Robert Woods,WR,BUF,16,MIA,0,0,0,0,0,0,0,0,3,43,0,6,0,0,0,0,0,0,0,0,0,0,,,,,
Roberto Aguayo,K,TB,16,NO,0,0,0,0,0,0,0,0,0,0,0,0,0,0,0,0,0,1,0,0,0,3,,,,,
Rod Streater,WR,SF,16,LA,0,0,0,0,0,0,0,0,6,63,1,7,0,0,0,0,0,0,0,0,0,0,,,,,
Roger Lewis,WR,NYG,16,PHI,0,0,0,0,0,0,0,0,0,0,0,1,0,0,0,0,0,0,0,0,0,0,,,,,
Ronnie Hillman,RB,LAC,16,CLE,0,0,0,0,0,6,0,9,0,0,0,2,0,0,0,0,0,0,0,0,0,0,,,,,
Russell Shepard,WR,TB,16,NO,0,0,0,0,0,0,0,0,3,61,0,5,0,0,0,0,0,0,0,0,0,0,,,,,
Russell Wilson,QB,SEA,16,ARI,350,4,45,29,0,36,0,10,0,0,0,0,0,0,1,0,0,0,0,0,0,0,,,,,
Ryan Fitzpatrick,QB,NYJ,16,NE,136,0,21,8,2,3,0,1,0,0,0,0,0,0,0,0,0,0,0,0,0,0,,,,,
Ryan Grant,WR,WAS,16,CHI,0,0,0,0,0,0,0,0,3,25,0,4,0,0,0,0,0,0,0,0,0,0,,,,,
Ryan Griffin,TE,HOU,16,CIN,0,0,0,0,0,0,0,0,0,0,0,2,0,0,0,0,0,0,0,0,0,0,,,,,
Ryan Hewitt,TE,CIN,16,HOU,0,0,0,0,0,0,0,0,1,8,0,1,0,0,0,0,0,0,0,0,0,0,,,,,
Ryan Mathews,RB,PHI,16,NYG,0,0,0,0,0,46,0,18,1,16,0,1,0,0,0,0,0,0,0,0,0,0,,,,,
Ryan Succop,K,TEN,16,JAX,0,0,0,0,0,0,0,0,0,0,0,0,0,0,0,0,0,0,1,0,0,2,,,,,
SEA,DEF,SEA,16,ARI,,,,,,,,,,,,,,,,,,,,,,,0,0,0,0,34.0
SF,DEF,SF,16,LA,,,,,,,,,,,,,,,,,,,,,,,0,0,0,0,21.0
Sam Bradford,QB,MIN,16,GB,382,3,50,34,0,5,0,2,0,0,0,0,0,0,0,0,0,0,0,0,0,0,,,,,
Sammy Watkins,WR,BUF,16,MIA,0,0,0,0,0,0,0,0,7,154,1,10,0,0,0,0,0,0,0,0,0,0,,,,,
Sebastian Janikowski,K,LV,16,IND,0,0,0,0,0,0,0,0,0,0,0,0,0,0,0,0,0,0,0,0,0,3,,,,,
Seth DeValve,TE,CLE,16,LAC,0,0,0,0,0,0,0,0,1,21,0,1,0,0,0,0,0,0,0,0,0,0,,,,,
Seth Roberts,WR,LV,16,IND,0,0,0,0,0,0,0,0,0,0,0,3,0,0,0,0,0,0,0,0,0,0,,,,,
Shaun Draughn,RB,SF,16,LA,0,0,0,0,0,17,0,10,6,48,0,7,0,0,0,0,0,0,0,0,0,0,,,,,
Spencer Ware,RB,KC,16,DEN,0,0,0,0,0,62,0,13,2,20,0,3,0,0,0,0,0,0,0,0,0,0,,,,,
Stefon Diggs,WR,MIN,16,GB,0,0,0,0,0,0,0,0,4,29,1,6,0,0,0,0,0,0,0,0,0,0,,,,,
Stepfan Taylor,RB,ARI,16,SEA,0,0,0,0,0,0,0,0,0,0,0,0,0,0,0,0,0,0,0,0,0,0,,,,,
Stephen Gostkowski,K,NE,16,NYJ,0,0,0,0,0,0,0,0,0,0,0,0,0,0,0,0,2,0,0,0,0,5,,,,,
Sterling Shepard,WR,NYG,16,PHI,0,0,0,0,0,2,0,1,7,61,1,11,0,0,0,0,0,0,0,0,0,0,,,,,
Steve Smith,WR,BAL,16,PIT,0,0,0,0,0,0,0,0,7,79,1,7,0,0,1,0,0,0,0,0,0,0,,,,,
Steven Hauschka,K,SEA,16,ARI,0,0,0,0,0,0,0,0,0,0,0,0,0,0,0,0,1,0,0,0,0,2,,,,,
T.J. Jones,WR,DET,16,DAL,0,0,0,0,0,0,0,0,1,9,0,6,0,0,0,0,0,0,0,0,0,0,,,,,
T.J. Yeldon,RB,JAX,16,TEN,0,0,0,0,0,5,0,2,0,0,0,0,0,0,0,0,0,0,0,0,0,0,,,,,
T.Y. Hilton,WR,IND,16,LV,0,0,0,0,0,0,0,0,4,105,0,9,0,0,1,0,0,0,0,0,0,0,,,,,
TB,DEF,TB,16,NO,,,,,,,,,,,,,,,,,,,,,,,0,0,0,0,31.0
TEN,DEF,TEN,16,JAX,,,,,,,,,,,,,,,,,,,,,,,0,0,0,0,38.0
Taiwan Jones,RB,LV,16,IND,0,0,0,0,0,0,0,0,0,0,0,0,0,0,0,0,0,0,0,0,0,0,,,,,
Tajae Sharpe,WR,TEN,16,JAX,0,0,0,0,0,0,0,0,3,48,0,8,0,0,0,0,0,0,0,0,0,0,,,,,
Tavon Austin,WR,LA,16,SF,0,0,0,0,0,26,1,3,2,14,0,7,0,0,0,0,0,0,0,0,0,0,,,,,
Taylor Gabriel,WR,ATL,16,CAR,0,0,0,0,0,0,0,0,3,15,0,4,0,0,0,0,0,0,0,0,0,0,,,,,
Ted Ginn,WR,CAR,16,ATL,0,0,0,0,0,0,0,0,3,29,0,9,0,0,0,0,0,0,0,0,0,0,,,,,
Terrance West,RB,BAL,16,PIT,0,0,0,0,0,27,0,10,3,28,0,3,0,0,0,0,0,0,0,0,0,0,,,,,
Terrance Williams,WR,DAL,16,DET,0,0,0,0,0,0,0,0,4,61,0,4,0,0,0,0,0,0,0,0,0,0,,,,,
Terrelle Pryor,WR,CLE,16,LAC,0,0,0,0,0,0,0,0,3,36,0,5,0,0,0,0,0,0,0,0,0,0,,,,,
Tevin Coleman,RB,ATL,16,CAR,0,0,0,0,0,90,1,9,3,45,0,3,0,0,0,0,0,0,0,0,0,0,,,,,
Thomas Rawls,RB,SEA,16,ARI,0,0,0,0,0,8,0,8,0,0,0,1,0,0,0,0,0,0,0,0,0,0,,,,,
Tim Hightower,RB,NO,16,TB,0,0,0,0,0,29,0,8,1,11,0,1,0,0,0,0,0,0,0,0,0,0,,,,,
Todd Gurley,RB,LA,16,SF,0,0,0,0,0,67,1,23,3,20,0,3,0,0,0,0,0,0,0,0,0,0,,,,,
Tom Brady,QB,NE,16,NYJ,214,3,27,17,0,0,0,0,0,0,0,0,0,0,0,0,0,0,0,0,0,0,,,,,
Tom Savage,QB,HOU,16,CIN,176,0,29,18,0,11,0,1,0,0,0,0,0,0,0,0,0,0,0,0,0,0,,,,,
Tommylee Lewis,WR,NO,16,TB,0,0,0,0,0,0,0,0,0,0,0,0,0,0,0,0,0,0,0,0,0,0,,,,,
Travaris Cadet,RB,NO,16,TB,0,0,0,0,0,0,0,0,2,16,1,2,0,0,0,0,0,0,0,0,0,0,,,,,
Travis Benjamin,WR,LAC,16,CLE,0,0,0,0,0,0,0,0,3,75,0,4,0,0,0,0,0,0,0,0,0,0,,,,,
Travis Kelce,TE,KC,16,DEN,0,0,0,0,0,0,0,0,11,160,1,12,0,0,0,0,0,0,0,0,0,0,,,,,
Trevor Siemian,QB,DEN,16,KC,183,0,43,17,1,0,0,0,0,0,0,0,0,0,0,0,0,0,0,0,0,0,,,,,
Trey Burton,TE,PHI,16,NYG,0,0,0,0,0,0,0,0,1,3,0,1,0,0,0,0,0,0,0,0,0,0,,,,,
Ty Montgomery,WR,GB,16,MIN,0,0,0,0,0,23,0,9,4,17,0,5,0,0,0,0,0,0,0,0,0,0,,,,,
Tyler Boyd,WR,CIN,16,HOU,0,0,0,0,0,0,0,0,2,25,0,4,0,0,0,0,0,0,0,0,0,0,,,,,
Tyler Ervin,RB,HOU,16,CIN,0,0,0,0,0,0,0,0,0,0,0,0,0,0,0,0,0,0,0,0,0,0,,,,,
Tyler Higbee,TE,LA,16,SF,0,0,0,0,0,0,0,0,2,5,1,2,0,0,0,0,0,0,0,0,0,0,,,,,
Tyler Lockett,WR,SEA,16,ARI,0,0,0,0,0,0,0,0,2,38,0,3,0,0,0,0,0,0,0,0,0,0,,,,,
Tyreek Hill,WR,KC,16,DEN,0,0,0,0,0,95,1,6,0,0,0,5,0,0,0,0,0,0,0,0,0,0,,,,,
Tyrell Williams,WR,LAC,16,CLE,0,0,0,0,0,0,0,0,4,64,1,9,0,0,0,0,0,0,0,0,0,0,,,,,
Tyrod Taylor,QB,BUF,16,MIA,329,3,39,26,0,60,0,12,0,0,0,0,0,0,0,0,0,0,0,0,0,0,,,,,
Vernon Davis,TE,WAS,16,CHI,0,0,0,0,0,0,0,0,1,13,0,2,0,0,0,0,0,0,0,0,0,0,,,,,
Victor Cruz,WR,NYG,16,PHI,0,0,0,0,0,0,0,0,8,84,0,13,0,0,0,0,0,0,0,0,0,0,,,,,
Vince Mayle,TE,DAL,16,DET,0,0,0,0,0,0,0,0,0,0,0,0,0,0,0,0,0,0,0,0,0,0,,,,,
WAS,DEF,WAS,16,CHI,,,,,,,,,,,,,,,,,,,,,,,0,0,0,0,21.0
Wil Lutz,K,NO,16,TB,0,0,0,0,0,0,0,0,0,0,0,0,0,0,0,0,1,1,1,0,0,2,,,,,
Will Fuller,WR,HOU,16,CIN,0,0,0,0,0,0,0,0,3,39,0,6,0,0,0,0,0,0,0,0,0,0,,,,,
Will Tye,TE,NYG,16,PHI,0,0,0,0,0,0,0,0,5,23,0,8,0,0,0,0,0,0,0,0,0,0,,,,,
Willie Snead,WR,NO,16,TB,0,0,0,0,0,0,0,0,2,21,0,5,0,0,0,0,0,0,0,0,0,0,,,,,
Xavier Grimble,TE,PIT,16,BAL,0,0,0,0,0,0,0,0,1,20,1,2,0,0,0,0,0,0,0,0,0,0,,,,,
Zach Ertz,TE,PHI,16,NYG,0,0,0,0,0,0,0,0,2,33,0,2,0,0,0,0,0,0,0,0,0,0,,,,,
Zach Zenner,RB,DET,16,DAL,0,0,0,0,0,67,2,12,2,25,0,3,0,0,0,0,0,0,0,0,0,0,,,,,
ARI,DEF,ARI,17,LA,,,,,,,,,,,,,,,,,,,,,,,1,0,0,0,6.0
ATL,DEF,ATL,17,NO,,,,,,,,,,,,,,,,,,,,,,,0,0,0,0,32.0
Aaron Burbridge,WR,SF,17,SEA,0,0,0,0,0,0,0,0,1,24,0,2,0,0,0,0,0,0,0,0,0,0,,,,,
Aaron Rodgers,QB,GB,17,DET,300,4,39,27,0,42,0,10,0,0,0,0,0,0,1,0,0,0,0,0,0,0,,,,,
Adam Humphries,WR,TB,17,CAR,0,0,0,0,0,0,0,0,10,94,0,13,0,0,0,0,0,0,0,0,0,0,,,,,
Adam Thielen,WR,MIN,17,CHI,0,0,0,0,0,0,0,0,1,7,0,1,0,0,0,0,0,0,0,0,0,0,,,,,
Adam Vinatieri,K,IND,17,JAX,0,0,0,0,0,0,0,0,0,0,0,0,0,0,0,0,0,0,1,0,0,3,,,,,
Akeem Hunt,RB,HOU,17,TEN,0,0,0,0,0,0,0,0,0,0,0,0,0,0,0,0,0,0,0,0,0,0,,,,,
Alan Cross,TE,TB,17,CAR,0,0,0,0,0,0,0,0,0,0,0,1,0,0,0,0,0,0,0,0,0,0,,,,,
Albert Wilson,WR,KC,17,LAC,0,0,0,0,0,0,0,0,1,42,0,1,0,0,0,0,0,0,0,0,0,0,,,,,
Aldrick Robinson,WR,ATL,17,NO,0,0,0,0,0,0,0,0,2,36,0,2,0,0,0,0,0,0,0,0,0,0,,,,,
Alex Collins,RB,SEA,17,SF,0,0,0,0,0,55,0,7,1,4,0,1,0,0,0,0,0,0,0,0,0,0,,,,,
Alex Ellis,TE,JAX,17,IND,0,0,0,0,0,0,0,0,0,0,0,0,0,0,0,0,0,0,0,0,0,0,,,,,
Alex Erickson,WR,CIN,17,BAL,0,0,0,0,0,0,0,0,0,0,0,0,0,0,0,0,0,0,0,0,0,0,,,,,
Alex Smith,QB,KC,17,LAC,264,2,28,21,1,21,1,6,0,0,0,0,0,0,0,0,0,0,0,0,0,0,,,,,
Alfred Blue,RB,HOU,17,TEN,0,0,0,0,0,28,0,11,3,12,0,4,0,0,0,0,0,0,0,0,0,0,,,,,
Alfred Morris,RB,DAL,17,PHI,0,0,0,0,0,12,0,8,1,3,0,2,0,0,0,0,0,0,0,0,0,0,,,,,
Allen Robinson,WR,JAX,17,IND,0,0,0,0,0,0,0,0,5,82,0,12,0,0,0,0,0,0,0,0,0,0,,,,,
Alshon Jeffery,WR,CHI,17,MIN,0,0,0,0,0,0,0,0,1,10,0,3,0,0,0,0,0,0,0,0,0,0,,,,,
Amari Cooper,WR,LV,17,DEN,0,0,0,0,0,0,0,0,4,39,1,8,0,0,0,0,0,0,0,0,0,0,,,,,
Andre Ellington,RB,ARI,17,LA,0,0,0,0,0,18,0,7,2,8,0,3,0,0,0,0,0,0,0,0,0,0,,,,,
Andre Holmes,WR,LV,17,DEN,0,0,0,0,0,0,0,0,0,0,0,1,0,0,0,0,0,0,0,0,0,0,,,,,
Andre Roberts,WR,DET,17,GB,0,0,0,0,0,0,0,0,0,0,0,1,0,0,0,0,0,0,0,0,0,0,,,,,
Andre Williams,RB,LAC,17,KC,0,0,0,0,0,87,0,18,0,0,0,2,0,0,0,0,0,0,0,0,0,0,,,,,
Andrew Franks,K,MIA,17,NE,0,0,0,0,0,0,0,0,0,0,0,0,0,0,0,0,0,0,0,0,0,2,,,,,
Andrew Hawkins,WR,CLE,17,PIT,0,0,0,0,0,0,0,0,5,9,0,5,0,0,0,0,0,0,0,0,0,0,,,,,
Andrew Luck,QB,IND,17,JAX,321,2,40,24,1,17,0,3,0,0,0,0,0,0,0,0,0,0,0,0,0,0,,,,,
Andy Dalton,QB,CIN,17,BAL,226,1,28,18,0,4,0,4,0,0,0,0,0,0,0,0,0,0,0,0,0,0,,,,,
Anquan Boldin,WR,DET,17,GB,0,0,0,0,0,0,0,0,4,57,1,6,0,0,0,0,0,0,0,0,0,0,,,,,
Antonio Andrews,RB,TEN,17,HOU,0,0,0,0,0,0,0,0,0,0,0,0,0,0,0,0,0,0,0,0,0,0,,,,,
Antonio Gates,TE,LAC,17,KC,0,0,0,0,0,0,0,0,5,55,1,8,0,0,0,0,0,0,0,0,0,0,,,,,
BAL,DEF,BAL,17,CIN,,,,,,,,,,,,,,,,,,,,,,,0,0,0,0,27.0
BUF,DEF,BUF,17,NYJ,,,,,,,,,,,,,,,,,,,,,,,0,0,0,0,30.0
Ben Koyack,TE,JAX,17,IND,0,0,0,0,0,0,0,0,3,25,1,4,0,0,0,0,0,0,0,0,0,0,,,,,
Bennie Fowler,WR,DEN,17,LV,0,0,0,0,0,0,0,0,0,0,0,0,0,0,0,0,0,0,0,0,0,0,,,,,
Bilal Powell,RB,NYJ,17,BUF,0,0,0,0,0,122,0,22,3,15,1,3,0,0,0,0,0,0,0,0,0,0,,,,,
Blake Bortles,QB,JAX,17,IND,301,1,39,25,0,21,0,3,0,0,0,0,0,0,0,0,0,0,0,0,0,0,,,,,
Bobby Rainey,RB,NYG,17,WAS,0,0,0,0,0,0,0,0,1,3,0,1,0,0,0,0,0,0,0,0,0,0,,,,,
Bralon Addison,WR,CHI,17,MIN,0,0,0,0,0,4,0,1,1,11,0,1,0,0,0,0,0,0,0,0,0,0,,,,,
Brandin Cooks,WR,NO,17,ATL,0,0,0,0,0,0,0,0,3,19,0,6,0,0,0,0,0,0,0,0,0,0,,,,,
Brandon Bostick,TE,NYJ,17,BUF,0,0,0,0,0,0,0,0,1,7,0,1,0,0,0,0,0,0,0,0,0,0,,,,,
Brandon Burks,RB,NYJ,17,BUF,0,0,0,0,0,-4,0,2,0,0,0,0,0,0,0,0,0,0,0,0,0,0,,,,,
Brandon Coleman,WR,NO,17,ATL,0,0,0,0,0,0,0,0,1,8,0,3,0,0,0,0,0,0,0,0,0,0,,,,,
Brandon LaFell,WR,CIN,17,BAL,0,0,0,0,0,0,0,0,7,67,0,11,0,0,0,0,0,0,0,0,0,0,,,,,
Brandon McManus,K,DEN,17,LV,0,0,0,0,0,0,0,0,0,0,0,0,0,0,0,0,1,0,0,0,0,3,,,,,
Brandon Tate,WR,BUF,17,NYJ,0,0,0,0,0,0,0,0,0,0,0,1,0,0,0,0,0,0,0,0,0,0,,,,,
Brandon Wilds,RB,NYJ,17,BUF,0,0,0,0,0,9,0,4,2,20,0,2,0,0,0,0,0,0,0,0,0,0,,,,,
Brandon Williams,TE,SEA,17,SF,0,0,0,0,0,0,0,0,1,20,0,1,0,0,0,0,0,0,0,0,0,0,,,,,
Brent Celek,TE,PHI,17,DAL,0,0,0,0,0,0,0,0,1,9,0,2,0,0,0,0,0,0,0,0,0,0,,,,,
Brenton Bersin,WR,CAR,17,TB,0,0,0,0,0,0,0,0,1,10,0,5,0,0,0,0,0,0,0,0,0,0,,,,,
Breshad Perriman,WR,BAL,17,CIN,0,0,0,0,0,0,0,0,4,62,0,8,0,0,0,0,0,0,0,0,0,0,,,,,
Brian Quick,WR,LA,17,ARI,0,0,0,0,0,0,0,0,2,15,0,7,0,0,0,0,0,0,0,0,0,0,,,,,
Brice Butler,WR,DAL,17,PHI,0,0,0,0,0,0,0,0,1,3,0,2,0,0,0,0,0,0,0,0,0,0,,,,,
Brittan Golden,WR,ARI,17,LA,0,0,0,0,0,0,0,0,1,0,0,3,0,0,0,0,0,0,0,0,0,0,,,,,
Brock Osweiler,QB,HOU,17,TEN,253,1,40,21,0,1,1,1,0,0,0,0,0,0,0,0,0,0,0,0,0,0,,,,,
Bronson Hill,RB,JAX,17,IND,0,0,0,0,0,11,0,2,0,0,0,1,0,0,0,0,0,0,0,0,0,0,,,,,
Bryan Walters,WR,JAX,17,IND,0,0,0,0,0,4,0,1,8,84,0,9,0,0,0,0,0,0,0,0,0,0,,,,,
Bryce Treggs,WR,PHI,17,DAL,0,0,0,0,0,0,0,0,0,0,0,2,0,0,0,0,0,0,0,0,0,0,,,,,
Byron Marshall,RB,PHI,17,DAL,0,0,0,0,0,42,0,10,1,4,0,2,0,0,0,0,0,0,0,0,0,0,,,,,
C.J. Fiedorowicz,TE,HOU,17,TEN,0,0,0,0,0,0,0,0,2,12,1,7,0,0,0,0,0,0,0,0,0,0,,,,,
C.J. Uzomah,TE,CIN,17,BAL,0,0,0,0,0,0,0,0,3,13,1,3,0,0,0,0,0,0,0,0,0,0,,,,,
CAR,DEF,CAR,17,TB,,,,,,,,,,,,,,,,,,,,,,,0,0,0,0,17.0
CHI,DEF,CHI,17,MIN,,,,,,,,,,,,,,,,,,,,,,,0,0,0,0,38.0
CIN,DEF,CIN,17,BAL,,,,,,,,,,,,,,,,,,,,,,,0,0,0,0,10.0
CLE,DEF,CLE,17,PIT,,,,,,,,,,,,,,,,,,,,,,,0,0,0,0,27.0
Cairo Santos,K,KC,17,LAC,0,0,0,0,0,0,0,0,0,0,0,0,0,0,0,0,1,2,0,0,0,4,,,,,
Caleb Sturgis,K,PHI,17,DAL,0,0,0,0,0,0,0,0,0,0,0,0,0,0,0,0,1,1,0,0,0,3,,,,,
Cam Newton,QB,CAR,17,TB,237,1,32,18,3,6,0,3,0,0,0,0,0,0,0,0,0,0,0,0,0,0,,,,,
Cameron Meredith,WR,CHI,17,MIN,2,1,1,1,0,0,0,0,4,61,0,6,0,0,0,0,0,0,0,0,0,0,,,,,
Cardale Jones,QB,BUF,17,NYJ,96,0,11,6,1,-1,0,1,0,0,0,0,0,0,0,0,0,0,0,0,0,0,,,,,
Carson Palmer,QB,ARI,17,LA,255,3,38,20,1,0,0,0,0,0,0,0,0,0,0,0,0,0,0,0,0,0,,,,,
Carson Wentz,QB,PHI,17,DAL,245,2,43,27,0,13,0,1,0,0,0,0,0,0,0,0,0,0,0,0,0,0,,,,,
Cedric Peerman,RB,CIN,17,BAL,0,0,0,0,0,15,0,6,0,0,0,1,0,0,0,0,0,0,0,0,0,0,,,,,
Chandler Catanzaro,K,ARI,17,LA,0,0,0,0,0,0,0,0,0,0,0,0,0,0,0,0,0,2,1,0,0,5,,,,,
Charcandrick West,RB,KC,17,LAC,0,0,0,0,0,58,0,16,5,58,2,5,0,0,0,0,0,0,0,0,0,0,,,,,
Charles Clay,TE,BUF,17,NYJ,0,0,0,0,0,0,0,0,3,20,0,7,0,0,0,0,0,0,0,0,0,0,,,,,
Charles D. Johnson,WR,MIN,17,CHI,0,0,0,0,0,0,0,0,1,11,0,1,0,0,0,0,0,0,0,0,0,0,,,,,
Charone Peake,WR,NYJ,17,BUF,0,0,0,0,0,0,0,0,2,22,0,5,0,0,0,0,0,0,0,0,0,0,,,,,
Chase Reynolds,RB,LA,17,ARI,0,0,0,0,0,0,0,0,1,4,0,1,0,0,0,0,0,0,0,0,0,0,,,,,
Chester Rogers,WR,IND,17,JAX,0,0,0,0,0,0,0,0,4,72,0,7,0,0,0,0,0,0,0,0,0,0,,,,,
Chris Boswell,K,PIT,17,CLE,0,0,0,0,0,0,0,0,0,0,0,0,0,0,0,0,0,0,0,0,0,3,,,,,
Chris Conley,WR,KC,17,LAC,0,0,0,0,0,0,0,0,4,55,0,5,0,0,0,0,0,0,0,0,0,0,,,,,
Chris Harper,WR,SF,17,SEA,0,0,0,0,0,0,0,0,3,25,0,3,0,0,0,0,0,0,0,0,0,0,,,,,
Chris Hogan,WR,NE,17,MIA,0,0,0,0,0,0,0,0,4,27,0,4,0,0,0,0,0,0,0,0,0,0,,,,,
Chris Moore,WR,BAL,17,CIN,0,0,0,0,0,0,0,0,0,0,0,0,0,0,0,0,0,0,0,0,0,0,,,,,
Chris Thompson,RB,WAS,17,NYG,0,0,0,0,0,5,0,3,6,37,0,8,0,0,0,0,0,0,0,0,0,0,,,,,
Christine Michael,RB,GB,17,DET,0,0,0,0,0,6,0,3,1,10,0,2,0,0,0,0,0,0,0,0,0,0,,,,,
Clay Harbor,TE,DET,17,GB,0,0,0,0,0,0,0,0,0,0,0,0,0,0,0,0,0,0,0,0,0,0,,,,,
Clive Walford,TE,LV,17,DEN,0,0,0,0,0,0,0,0,1,17,0,3,0,0,0,0,0,0,0,0,0,0,,,,,
Cobi Hamilton,WR,PIT,17,CLE,0,0,0,0,0,0,0,0,3,54,1,4,0,0,0,0,0,0,0,0,0,0,,,,,
Coby Fleener,TE,NO,17,ATL,0,0,0,0,0,0,0,0,3,38,0,7,0,0,0,0,0,0,0,0,0,0,,,,,
Cody Core,WR,CIN,17,BAL,0,0,0,0,0,0,0,0,4,82,0,5,0,0,0,0,0,0,0,0,0,0,,,,,
Cody Latimer,WR,DEN,17,LV,0,0,0,0,0,0,0,0,3,28,0,5,0,0,0,0,0,0,0,0,0,0,,,,,
Cody Parkey,K,CLE,17,PIT,0,0,0,0,0,0,0,0,0,0,0,0,0,0,0,0,0,1,0,0,0,3,,,,,
Cole Beasley,WR,DAL,17,PHI,0,0,0,0,0,0,0,0,3,49,0,4,0,0,0,0,0,0,0,0,0,0,,,,,
Colin Kaepernick,QB,SF,17,SEA,215,1,22,17,0,16,0,5,0,0,0,0,0,0,0,0,0,0,0,0,0,0,,,,,
Connor Barth,K,CHI,17,MIN,0,0,0,0,0,0,0,0,0,0,0,0,0,0,0,0,1,0,0,0,0,1,,,,,
Connor Cook,QB,LV,17,DEN,150,1,21,14,1,0,0,0,0,0,0,0,0,0,0,0,0,0,0,0,0,0,,,,,
Cordarrelle Patterson,RB,MIN,17,CHI,0,0,0,0,0,0,0,0,1,39,0,2,0,0,0,0,0,0,0,0,0,0,,,,,
Corey Brown,WR,CAR,17,TB,0,0,0,0,0,0,0,0,2,20,0,3,0,0,0,0,0,0,0,0,0,0,,,,,
Corey Coleman,WR,CLE,17,PIT,0,0,0,0,0,9,0,1,5,40,0,9,0,0,0,0,0,0,0,0,0,0,,,,,
Corey Grant,RB,JAX,17,IND,0,0,0,0,0,122,1,18,2,15,0,2,0,0,0,0,0,0,0,0,0,0,,,,,
DAL,DEF,DAL,17,PHI,,,,,,,,,,,,,,,,,,,,,,,0,0,0,0,27.0
DEN,DEF,DEN,17,LV,,,,,,,,,,,,,,,,,,,,,,,0,0,0,0,6.0
DET,DEF,DET,17,GB,,,,,,,,,,,,,,,,,,,,,,,0,0,0,0,31.0
Dak Prescott,QB,DAL,17,PHI,37,0,8,4,0,9,0,1,0,0,0,0,0,0,0,0,0,0,0,0,0,0,,,,,
Damien Williams,RB,MIA,17,NE,0,0,0,0,0,5,0,2,3,23,0,5,0,0,0,0,0,0,0,0,0,0,,,,,
Damiere Byrd,WR,CAR,17,TB,0,0,0,0,0,0,0,0,1,16,0,1,0,0,0,0,0,0,0,0,0,0,,,,,
Dan Bailey,K,DAL,17,PHI,0,0,0,0,0,0,0,0,0,0,0,0,0,0,0,0,1,0,1,0,0,1,,,,,
Dan Carpenter,K,BUF,17,NYJ,0,0,0,0,0,0,0,0,0,0,0,0,0,0,0,0,0,1,0,0,0,1,,,,,
Daniel Brown,TE,CHI,17,MIN,0,0,0,0,0,0,0,0,2,18,0,2,0,0,0,0,0,0,0,0,0,0,,,,,
Danny Vitale,RB,CLE,17,PIT,0,0,0,0,0,0,0,0,1,-1,0,1,0,0,0,0,0,0,0,0,0,0,,,,,
Darren Fells,TE,ARI,17,LA,0,0,0,0,0,0,0,0,1,37,1,2,0,0,0,0,0,0,0,0,0,0,,,,,
Darren McFadden,RB,DAL,17,PHI,0,0,0,0,0,28,0,7,2,19,0,3,0,0,0,0,0,0,0,0,0,0,,,,,
Darren Sproles,RB,PHI,17,DAL,0,0,0,0,0,32,0,9,3,4,0,5,0,0,0,0,0,0,0,0,0,0,,,,,
Darren Waller,TE,BAL,17,CIN,0,0,0,0,0,0,0,0,0,0,0,1,0,0,0,0,0,0,0,0,0,0,,,,,
Darrius Heyward-Bey,WR,PIT,17,CLE,0,0,0,0,0,0,0,0,1,46,0,4,0,0,0,0,0,0,0,0,0,0,,,,,
Davante Adams,WR,GB,17,DET,0,0,0,0,0,0,0,0,6,31,2,9,0,0,1,0,0,0,0,0,0,0,,,,,
David Fales,QB,CHI,17,MIN,22,0,5,2,0,0,0,1,0,0,0,0,0,0,0,0,0,0,0,0,0,0,,,,,
David Johnson,RB,ARI,17,LA,0,0,0,0,0,6,0,5,3,38,0,4,0,0,0,0,0,0,0,0,0,0,,,,,
De'Anthony Thomas,WR,KC,17,LAC,0,0,0,0,0,0,0,0,0,0,0,0,0,0,0,0,0,0,0,0,0,0,,,,,
DeAndre Hopkins,WR,HOU,17,TEN,0,0,0,0,0,0,0,0,7,123,0,11,0,0,0,0,0,0,0,0,0,0,,,,,
DeAndre Smelter,WR,SF,17,SEA,0,0,0,0,0,0,0,0,1,23,0,1,0,0,0,0,0,0,0,0,0,0,,,,,
DeAndre Washington,RB,LV,17,DEN,0,0,0,0,0,43,0,7,2,14,0,2,0,0,0,0,0,0,0,0,0,0,,,,,
DeAngelo Williams,RB,PIT,17,CLE,0,0,0,0,0,67,1,23,3,27,1,4,0,0,0,0,0,0,0,0,0,0,,,,,
DeMarco Murray,RB,TEN,17,HOU,0,0,0,0,0,21,0,11,1,-2,0,1,0,0,0,0,0,0,0,0,0,0,,,,,
DeMarcus Ayers,WR,PIT,17,CLE,0,0,0,0,0,-12,0,2,5,44,1,12,0,0,0,0,0,0,0,0,0,0,,,,,
DeSean Jackson,WR,WAS,17,NYG,0,0,0,0,0,0,0,0,2,34,0,5,0,0,0,0,0,0,0,0,0,0,,,,,
DeVante Parker,WR,MIA,17,NE,0,0,0,0,0,0,0,0,5,45,0,6,0,0,0,0,0,0,0,0,0,0,,,,,
Delanie Walker,TE,TEN,17,HOU,0,0,0,0,0,0,0,0,5,35,0,8,0,0,0,0,0,0,0,0,0,0,,,,,
Demaryius Thomas,WR,DEN,17,LV,0,0,0,0,0,0,0,0,4,47,0,6,0,0,0,0,0,0,0,0,0,0,,,,,
Demetrius Harris,TE,KC,17,LAC,0,0,0,0,0,0,0,0,0,0,0,1,0,0,0,0,0,0,0,0,0,0,,,,,
Denard Robinson,RB,JAX,17,IND,0,0,0,0,0,17,0,4,0,0,0,1,0,0,0,0,0,0,0,0,0,0,,,,,
Dennis Pitta,TE,BAL,17,CIN,0,0,0,0,0,0,0,0,11,91,0,16,0,0,0,0,0,0,0,0,0,0,,,,,
Deonte Thompson,WR,CHI,17,MIN,0,0,0,0,0,0,0,0,0,0,0,2,0,0,0,0,0,0,0,0,0,0,,,,,
Derek Carrier,TE,WAS,17,NYG,0,0,0,0,0,0,0,0,0,0,0,0,0,0,0,0,0,0,0,0,0,0,,,,,
Derrick Henry,RB,TEN,17,HOU,0,0,0,0,0,65,1,15,1,3,0,1,0,0,0,0,0,0,0,0,0,0,,,,,
Devonta Freeman,RB,ATL,17,NO,0,0,0,0,0,96,1,12,5,81,0,5,0,0,0,0,0,0,0,0,0,0,,,,,
Devontae Booker,RB,DEN,17,LV,0,0,0,0,0,57,1,14,2,52,1,3,0,0,0,0,0,0,0,0,0,0,,,,,
Dez Bryant,WR,DAL,17,PHI,0,0,0,0,0,0,0,0,0,0,0,1,0,0,0,0,0,0,0,0,0,0,,,,,
Dion Lewis,RB,NE,17,MIA,0,0,0,0,0,48,0,11,2,4,0,2,0,0,0,0,0,0,0,0,0,0,,,,,
Dion Sims,TE,MIA,17,NE,0,0,0,0,0,0,0,0,0,0,0,1,0,0,0,0,0,0,0,0,0,0,,,,,
Dontrelle Inman,WR,LAC,17,KC,0,0,0,0,0,0,0,0,4,51,0,5,0,0,0,0,0,0,0,0,0,0,,,,,
Dorial Green-Beckham,WR,PHI,17,DAL,0,0,0,0,0,0,0,0,1,15,0,5,0,0,0,0,0,0,0,0,0,0,,,,,
Doug Baldwin,WR,SEA,17,SF,0,0,0,0,0,0,0,0,2,44,0,4,0,0,0,0,0,0,0,0,0,0,,,,,
Drew Brees,QB,NO,17,ATL,350,2,50,29,1,0,0,0,0,0,0,0,0,0,0,0,0,0,0,0,0,0,,,,,
Drew Stanton,QB,ARI,17,LA,8,0,4,2,1,0,0,0,0,0,0,0,0,0,0,0,0,0,0,0,0,0,,,,,
DuJuan Harris,RB,SF,17,SEA,0,0,0,0,0,-1,0,4,0,0,0,0,0,0,0,0,0,0,0,0,0,0,,,,,
Duke Johnson,RB,CLE,17,PIT,0,0,0,0,0,4,0,1,0,0,0,0,0,0,0,0,0,0,0,0,0,0,,,,,
Dustin Hopkins,K,WAS,17,NYG,0,0,0,0,0,0,0,0,0,0,0,0,0,0,0,0,0,1,0,0,0,1,,,,,
Dwayne Allen,TE,IND,17,JAX,0,0,0,0,0,0,0,0,3,34,1,3,0,0,0,0,0,0,0,0,0,0,,,,,
Dwayne Harris,WR,NYG,17,WAS,0,0,0,0,0,0,0,0,0,0,0,0,0,0,0,0,0,0,0,0,0,0,,,,,
EJ Manuel,QB,BUF,17,NYJ,86,0,20,9,0,8,0,2,0,0,0,0,0,0,0,0,0,0,0,0,0,0,,,,,
Ed Dickson,TE,CAR,17,TB,0,0,0,0,0,0,0,0,0,0,0,1,0,0,0,0,0,0,0,0,0,0,,,,,
Eli Manning,QB,NYG,17,WAS,180,0,27,17,0,0,0,0,0,0,0,0,0,0,0,0,0,0,0,0,0,0,,,,,
Eli Rogers,WR,PIT,17,CLE,0,0,0,0,0,0,0,0,6,61,0,6,0,0,0,0,0,0,0,0,0,0,,,,,
Eric Ebron,TE,DET,17,GB,0,0,0,0,0,0,0,0,6,61,0,6,0,0,0,0,0,0,0,0,0,0,,,,,
Eric Weems,WR,ATL,17,NO,0,0,0,0,0,0,0,0,0,0,0,0,0,0,0,0,0,0,0,0,0,0,,,,,
Erik Swoope,TE,IND,17,JAX,0,0,0,0,0,0,0,0,1,22,0,1,0,0,0,0,0,0,0,0,0,0,,,,,
Fitzgerald Toussaint,RB,PIT,17,CLE,0,0,0,0,0,14,0,3,2,24,0,2,0,0,0,0,0,0,0,0,0,0,,,,,
Fozzy Whittaker,RB,CAR,17,TB,0,0,0,0,0,9,0,4,0,0,0,0,0,0,0,0,0,0,0,0,0,0,,,,,
Frank Gore,RB,IND,17,JAX,0,0,0,0,0,62,0,16,2,14,0,2,0,0,0,0,0,0,0,0,0,0,,,,,
Freddie Martino,WR,TB,17,CAR,0,0,0,0,0,0,0,0,1,9,0,1,0,0,0,0,0,0,0,0,0,0,,,,,
GB,DEF,GB,17,DET,,,,,,,,,,,,,,,,,,,,,,,0,0,0,0,24.0
Garrett Celek,TE,SF,17,SEA,0,0,0,0,0,0,0,0,1,9,1,1,0,0,0,0,0,0,0,0,0,0,,,,,
Gary Barnidge,TE,CLE,17,PIT,0,0,0,0,0,0,0,0,5,40,1,5,0,0,0,0,0,0,0,0,0,0,,,,,
Gavin Escobar,TE,DAL,17,PHI,0,0,0,0,0,0,0,0,1,7,0,3,0,0,0,0,0,0,0,0,0,0,,,,,
George Atkinson,RB,CLE,17,PIT,0,0,0,0,0,34,1,7,0,0,0,0,0,0,0,0,0,0,0,0,0,0,,,,,
Geremy Davis,WR,LAC,17,KC,0,0,0,0,0,0,0,0,0,0,0,1,0,0,0,0,0,0,0,0,0,0,,,,,
Geronimo Allison,WR,GB,17,DET,0,0,0,0,0,0,0,0,4,91,1,6,0,0,0,0,0,0,0,0,0,0,,,,,
Golden Tate,WR,DET,17,GB,0,0,0,0,0,7,0,1,6,77,1,10,0,0,0,0,0,0,0,0,0,0,,,,,
Graham Gano,K,CAR,17,TB,0,0,0,0,0,0,0,0,0,0,0,0,0,0,0,0,0,0,0,1,0,1,,,,,
Greg Olsen,TE,CAR,17,TB,0,0,0,0,0,0,0,0,3,22,0,4,0,0,0,0,0,0,0,0,0,0,,,,,
Greg Zuerlein,K,LA,17,ARI,0,0,0,0,0,0,0,0,0,0,0,0,0,0,0,0,0,2,0,0,0,0,,,,,
HOU,DEF,HOU,17,TEN,,,,,,,,,,,,,,,,,,,,,,,0,0,0,0,24.0
Hakeem Valles,TE,ARI,17,LA,0,0,0,0,0,0,0,0,0,0,0,0,0,0,0,0,0,0,0,0,0,0,,,,,
Harry Douglas,WR,TEN,17,HOU,0,0,0,0,0,0,0,0,0,0,0,0,0,0,0,0,0,0,0,0,0,0,,,,,
Hunter Henry,TE,LAC,17,KC,0,0,0,0,0,0,0,0,4,43,1,5,0,0,0,0,0,0,0,0,0,0,,,,,
IND,DEF,IND,17,JAX,,,,,,,,,,,,,,,,,,,,,,,0,0,0,0,20.0
Isaac Fruechte,WR,MIN,17,CHI,0,0,0,0,0,0,0,0,0,0,0,1,0,0,0,0,0,0,0,0,0,0,,,,,
Isaiah Burse,WR,LAC,17,KC,0,0,0,0,0,0,0,0,0,0,0,3,0,0,0,0,0,0,0,0,0,0,,,,,
Isaiah Crowell,RB,CLE,17,PIT,0,0,0,0,0,152,0,19,3,16,0,4,0,0,0,0,0,0,0,0,0,0,,,,,
J.D. McKissic,RB,SEA,17,SF,0,0,0,0,0,2,0,1,2,16,0,2,0,0,0,0,0,0,0,0,0,0,,,,,
J.J. Nelson,WR,ARI,17,LA,0,0,0,0,0,0,0,0,4,75,0,12,0,0,0,0,0,0,0,0,0,0,,,,,
JAX,DEF,JAX,17,IND,,,,,,,,,,,,,,,,,,,,,,,0,0,0,0,24.0
Jack Doyle,TE,IND,17,JAX,0,0,0,0,0,0,0,0,2,10,1,5,0,0,0,0,0,0,0,0,0,0,,,,,
Jacquizz Rodgers,RB,TB,17,CAR,0,0,0,0,0,75,0,17,1,4,0,1,0,0,0,0,0,0,0,0,0,0,,,,,
Jakeem Grant,WR,MIA,17,NE,0,0,0,0,0,1,0,1,0,0,0,0,0,0,0,0,0,0,0,0,0,0,,,,,
Jalen Richard,RB,LV,17,DEN,0,0,0,0,0,3,0,3,1,-5,0,1,0,0,0,0,0,0,0,0,0,0,,,,,
Jalin Marshall,WR,NYJ,17,BUF,0,0,0,0,0,0,0,0,3,22,1,4,0,0,0,0,0,0,0,0,0,0,,,,,
Jameis Winston,QB,TB,17,CAR,202,1,35,20,1,18,0,3,0,0,0,0,0,0,0,0,0,0,0,0,0,0,,,,,
James O'Shaughnessy,TE,KC,17,LAC,0,0,0,0,0,0,0,0,0,0,0,0,0,0,0,0,0,0,0,0,0,0,,,,,
James White,RB,NE,17,MIA,0,0,0,0,0,9,0,2,4,21,0,4,0,0,0,0,0,0,0,0,0,0,,,,,
James Wright,WR,CIN,17,BAL,0,0,0,0,0,0,0,0,0,0,0,0,0,0,0,0,0,0,0,0,0,0,,,,,
Jamison Crowder,WR,WAS,17,NYG,0,0,0,0,0,0,0,0,2,16,0,3,0,0,0,0,0,0,0,0,0,0,,,,,
Jamize Olawale,RB,LV,17,DEN,0,0,0,0,0,0,0,0,1,10,0,1,0,0,0,0,0,0,0,0,0,0,,,,,
Jared Cook,TE,GB,17,DET,0,0,0,0,0,0,0,0,4,56,0,8,0,0,0,0,0,0,0,0,0,0,,,,,
Jared Goff,QB,LA,17,ARI,120,0,20,13,0,0,0,0,0,0,0,0,0,0,0,0,0,0,0,0,0,0,,,,,
Jarius Wright,WR,MIN,17,CHI,0,0,0,0,0,0,0,0,5,24,1,7,0,0,0,0,0,0,0,0,0,0,,,,,
Jarvis Landry,WR,MIA,17,NE,0,0,0,0,0,0,0,0,9,76,1,12,0,0,0,0,0,0,0,0,0,0,,,,,
Jason Myers,K,JAX,17,IND,0,0,0,0,0,0,0,0,0,0,0,0,0,0,0,0,0,0,2,0,0,2,,,,,
Jason Witten,TE,DAL,17,PHI,0,0,0,0,0,0,0,0,1,10,0,1,0,0,0,0,0,0,0,0,0,0,,,,,
Jay Ajayi,RB,MIA,17,NE,0,0,0,0,0,59,0,16,3,20,0,3,0,0,0,0,0,0,0,0,0,0,,,,,
Jeff Heuerman,TE,DEN,17,LV,0,0,0,0,0,0,0,0,2,21,0,4,0,0,0,0,0,0,0,0,0,0,,,,,
Jeff Janis,WR,GB,17,DET,0,0,0,0,0,0,0,0,0,0,0,0,0,0,0,0,0,0,0,0,0,0,,,,,
Jeremy Kerley,WR,SF,17,SEA,0,0,0,0,0,0,0,0,6,61,0,8,0,0,0,0,0,0,0,0,0,0,,,,,
Jeremy Langford,RB,CHI,17,MIN,0,0,0,0,0,26,0,10,3,41,0,3,0,0,0,0,0,0,0,0,0,0,,,,,
Jeremy Maclin,WR,KC,17,LAC,0,0,0,0,0,0,0,0,4,53,0,5,0,0,0,0,0,0,0,0,0,0,,,,,
Jeremy Ross,WR,ARI,17,LA,0,0,0,0,0,0,0,0,4,37,1,4,0,0,0,0,0,0,0,0,0,0,,,,,
Jerick McKinnon,RB,MIN,17,CHI,0,0,0,0,0,89,1,16,3,21,1,4,0,0,0,0,0,0,0,0,0,0,,,,,
Jermaine Gresham,TE,ARI,17,LA,0,0,0,0,0,0,0,0,0,0,0,2,0,0,0,0,0,0,0,0,0,0,,,,,
Jermaine Kearse,WR,SEA,17,SF,0,0,0,0,0,0,0,0,2,44,0,7,0,0,0,0,0,0,0,0,0,0,,,,,
Jesse James,TE,PIT,17,CLE,0,0,0,0,0,0,0,0,2,16,0,3,0,0,0,0,0,0,0,0,0,0,,,,,
Jimmy Garoppolo,QB,NE,17,MIA,0,0,1,0,0,0,0,0,0,0,0,0,0,0,0,0,0,0,0,0,0,0,,,,,
Jimmy Graham,TE,SEA,17,SF,0,0,0,0,0,0,0,0,4,64,0,7,0,0,0,0,0,0,0,0,0,0,,,,,
Joe Banyard,RB,JAX,17,IND,0,0,0,0,0,7,0,2,0,0,0,0,0,0,0,0,0,0,0,0,0,0,,,,,
Joe Flacco,QB,BAL,17,CIN,267,0,49,32,1,0,0,0,0,0,0,0,0,0,0,0,0,0,0,0,0,0,,,,,
John Brown,WR,ARI,17,LA,0,0,0,0,0,0,0,0,2,25,0,4,0,0,0,0,0,0,0,0,0,0,,,,,
John Phillips,TE,NO,17,ATL,0,0,0,0,0,0,0,0,0,0,0,2,0,0,0,0,0,0,0,0,0,0,,,,,
Johnny Holton,WR,LV,17,DEN,0,0,0,0,0,0,0,1,0,0,0,1,0,0,0,0,0,0,0,0,0,0,,,,,
Joique Bell,RB,DET,17,GB,0,0,0,0,0,0,0,0,0,0,0,0,0,0,0,0,0,0,0,0,0,0,,,,,
Jonathan Grimes,RB,HOU,17,TEN,0,0,0,0,0,16,0,8,4,33,0,5,0,0,0,0,0,0,0,0,0,0,,,,,
Jonathan Stewart,RB,CAR,17,TB,0,0,0,0,0,65,1,20,1,7,0,2,0,0,0,0,0,0,0,0,0,0,,,,,
Jonathan Williams,RB,BUF,17,NYJ,0,0,0,0,0,11,0,4,0,0,0,0,0,0,0,0,0,0,0,0,0,0,,,,,
Jordan Howard,RB,CHI,17,MIN,0,0,0,0,0,135,0,23,0,0,0,0,0,0,0,0,0,0,0,0,0,0,,,,,
Jordan Reed,TE,WAS,17,NYG,0,0,0,0,0,0,0,0,5,40,1,6,0,0,0,0,0,0,0,0,0,0,,,,,
Jordan Taylor,WR,DEN,17,LV,0,0,0,0,0,0,0,0,3,41,0,3,0,0,0,0,0,0,0,0,0,0,,,,,
Jordy Nelson,WR,GB,17,DET,0,0,0,0,0,0,0,0,6,66,0,6,0,0,0,0,0,0,0,0,0,0,,,,,
Josh Bellamy,WR,CHI,17,MIN,0,0,0,0,0,18,0,2,0,0,0,1,0,0,0,0,0,0,0,0,0,0,,,,,
Josh Lambo,K,LAC,17,KC,0,0,0,0,0,0,0,0,0,0,0,0,0,0,0,0,1,1,0,0,0,3,,,,,
Julian Edelman,WR,NE,17,MIA,0,0,0,0,0,6,0,1,8,151,1,13,0,0,1,0,0,0,0,0,0,0,,,,,
Julio Jones,WR,ATL,17,NO,0,0,0,0,0,0,0,0,7,96,1,9,0,0,0,0,0,0,0,0,0,0,,,,,
Justin Forsett,RB,DEN,17,LV,0,0,0,0,0,90,0,22,0,0,0,1,0,0,0,0,0,0,0,0,0,0,,,,,
Justin Hardy,WR,ATL,17,NO,0,0,0,0,0,0,0,0,4,43,1,7,0,0,0,0,0,0,0,0,0,0,,,,,
Justin Hunter,WR,BUF,17,NYJ,0,0,0,0,0,0,0,0,1,64,0,2,0,0,0,0,0,0,0,0,0,0,,,,,
Justin Tucker,K,BAL,17,CIN,0,0,0,0,0,0,0,0,0,0,0,0,0,0,0,0,0,1,0,0,0,1,,,,,
Juwan Thompson,RB,DEN,17,LV,0,0,0,0,0,1,0,2,0,0,0,0,0,0,0,0,0,0,0,0,0,0,,,,,
KC,DEF,KC,17,LAC,,,,,,,,,,,,,,,,,,,,,,,0,0,0,0,27.0
Kai Forbath,K,MIN,17,CHI,0,0,0,0,0,0,0,0,0,0,0,0,0,0,0,0,1,0,0,0,0,5,,,,,
Kalif Raymond,WR,DEN,17,LV,0,0,0,0,0,0,0,0,0,0,0,1,0,0,0,0,0,0,0,0,0,0,,,,,
Kamar Aiken,WR,BAL,17,CIN,0,0,0,0,0,0,0,0,2,22,0,3,0,0,0,0,0,0,0,0,0,0,,,,,
Kasen Williams,WR,SEA,17,SF,0,0,0,0,0,0,0,0,0,0,0,1,0,0,0,0,0,0,0,0,0,0,,,,,
Keith Mumphery,WR,HOU,17,TEN,0,0,0,0,0,0,0,0,3,23,0,4,0,0,0,0,0,0,0,0,0,0,,,,,
Kelvin Benjamin,WR,CAR,17,TB,0,0,0,0,0,0,0,0,6,93,1,7,0,0,0,0,0,0,0,0,0,0,,,,,
Kenneth Dixon,RB,BAL,17,CIN,0,0,0,0,0,44,1,10,3,19,0,4,0,0,0,0,0,0,0,0,0,0,,,,,
Kenny Stills,WR,MIA,17,NE,0,0,0,0,0,0,0,0,4,41,1,7,0,0,0,0,0,0,0,0,0,0,,,,,
Kenyan Drake,RB,MIA,17,NE,0,0,0,0,0,10,0,4,0,0,0,0,0,0,0,0,0,0,0,0,0,0,,,,,
Kerwynn Williams,RB,ARI,17,LA,0,0,0,0,0,60,1,12,0,0,0,1,0,0,0,0,0,0,0,0,0,0,,,,,
Kirk Cousins,QB,WAS,17,NYG,287,1,35,22,2,0,0,0,0,0,0,0,0,0,0,0,0,0,0,0,0,0,,,,,
Knile Davis,RB,KC,17,LAC,0,0,0,0,0,9,0,6,0,0,0,1,0,0,0,0,0,0,0,0,0,0,,,,,
Kyle Juszczyk,RB,BAL,17,CIN,0,0,0,0,0,0,0,0,2,1,0,2,0,0,0,0,0,0,0,0,0,0,,,,,
Kyle Rudolph,TE,MIN,17,CHI,0,0,0,0,0,0,0,0,11,117,1,15,0,0,0,0,0,0,0,0,0,0,,,,,
LA,DEF,LA,17,ARI,,,,,,,,,,,,,,,,,,,,,,,0,0,0,0,44.0
LAC,DEF,LAC,17,KC,,,,,,,,,,,,,,,,,,,,,,,1,0,0,0,0.0
LV,DEF,LV,17,DEN,,,,,,,,,,,,,,,,,,,,,,,0,0,0,0,0.0
Lance Dunbar,RB,DAL,17,PHI,0,0,0,0,0,20,0,3,3,19,0,6,0,0,0,0,0,0,0,0,0,0,,,,,
Lance Kendricks,TE,LA,17,ARI,0,0,0,0,0,0,0,0,2,12,0,3,0,0,0,0,0,0,0,0,0,0,,,,,
Landry Jones,QB,PIT,17,CLE,277,3,37,24,1,0,0,0,0,0,0,0,0,0,0,0,0,0,0,0,0,0,,,,,
Larry Donnell,TE,NYG,17,WAS,0,0,0,0,0,0,0,0,0,0,0,0,0,0,0,0,0,0,0,0,0,0,,,,,
Larry Fitzgerald,WR,ARI,17,LA,0,0,0,0,0,0,0,0,5,43,1,7,0,0,0,0,0,0,0,0,0,0,,,,,
Latavius Murray,RB,LV,17,DEN,0,0,0,0,0,11,0,5,1,14,0,1,0,0,0,0,0,0,0,0,0,0,,,,,
LeGarrette Blount,RB,NE,17,MIA,0,0,0,0,0,51,1,14,0,0,0,0,0,0,0,0,0,0,0,0,0,0,,,,,
LeSean McCoy,RB,BUF,17,NYJ,0,0,0,0,0,10,0,5,1,6,0,1,0,0,0,0,0,0,0,0,0,0,,,,,
Levine Toilolo,TE,ATL,17,NO,0,0,0,0,0,0,0,0,1,18,0,3,0,0,0,0,0,0,0,0,0,0,,,,,
Logan Paulsen,TE,CHI,17,MIN,0,0,0,0,0,0,0,0,0,0,0,0,0,0,0,0,0,0,0,0,0,0,,,,,
Lucky Whitehead,WR,DAL,17,PHI,0,0,0,0,0,0,0,0,1,8,0,1,0,0,0,0,0,0,0,0,0,0,,,,,
Luke Stocker,TE,TB,17,CAR,0,0,0,0,0,0,0,0,1,1,0,1,0,0,0,0,0,0,0,0,0,0,,,,,
Luke Willson,TE,SEA,17,SF,0,0,0,0,0,0,0,0,3,26,1,3,0,0,0,0,0,0,0,0,0,0,,,,,
MIA,DEF,MIA,17,NE,,,,,,,,,,,,,,,,,,,,,,,0,0,0,0,35.0
MIN,DEF,MIN,17,CHI,,,,,,,,,,,,,,,,,,,,,,,0,0,0,0,10.0
Malcolm Brown,RB,LA,17,ARI,0,0,0,0,0,11,0,5,0,0,0,0,0,0,0,0,0,0,0,0,0,0,,,,,
Marc Mariani,WR,TEN,17,HOU,0,0,0,0,0,15,0,1,0,0,0,0,0,0,0,0,0,0,0,0,0,0,,,,,
Mario Alford,WR,CLE,17,PIT,0,0,0,0,0,0,0,0,0,0,0,0,0,0,0,0,0,0,0,0,0,0,,,,,
Mark Ingram,RB,NO,17,ATL,0,0,0,0,0,103,1,20,6,29,0,8,0,0,0,0,0,0,0,0,0,0,,,,,
Mark Sanchez,QB,DAL,17,PHI,85,0,17,9,2,0,0,2,0,0,0,0,0,0,0,0,0,0,0,0,0,0,,,,,
Marqise Lee,WR,JAX,17,IND,0,0,0,0,0,0,0,0,6,86,0,9,0,0,0,0,0,0,0,0,0,0,,,,,
Marquise Goodwin,WR,BUF,17,NYJ,0,0,0,0,0,0,0,0,1,8,0,5,0,0,0,0,0,0,0,0,0,0,,,,,
Martellus Bennett,TE,NE,17,MIA,0,0,0,0,0,0,0,0,3,33,1,5,0,0,0,0,0,0,0,0,0,0,,,,,
Marvin Jones,WR,DET,17,GB,0,0,0,0,0,0,0,0,5,76,0,9,0,0,0,0,0,0,0,0,0,0,,,,,
Mason Crosby,K,GB,17,DET,0,0,0,0,0,0,0,0,0,0,0,0,0,0,0,0,0,0,0,1,0,2,,,,,
Matt Asiata,RB,MIN,17,CHI,0,0,0,0,0,14,0,8,3,31,0,3,0,0,0,0,0,0,0,0,0,0,,,,,
Matt Barkley,QB,CHI,17,MIN,125,0,14,10,2,0,0,0,1,2,1,1,0,0,0,0,0,0,0,0,0,0,,,,,
Matt Bryant,K,ATL,17,NO,0,0,0,0,0,0,0,0,0,0,0,0,0,0,0,0,1,0,0,0,0,5,,,,,
Matt Cassel,QB,TEN,17,HOU,150,1,26,16,1,2,0,2,0,0,0,0,0,0,0,0,0,0,0,0,0,0,,,,,
Matt Lengel,TE,NE,17,MIA,0,0,0,0,0,0,0,0,1,4,0,2,0,0,0,0,0,0,0,0,0,0,,,,,
Matt McGloin,QB,LV,17,DEN,21,0,11,6,0,0,0,0,0,0,0,0,0,0,0,0,0,0,0,0,0,0,,,,,
Matt Moore,QB,MIA,17,NE,205,2,34,24,1,0,0,0,0,0,0,0,0,0,0,0,0,0,0,0,0,0,,,,,
Matt Prater,K,DET,17,GB,0,0,0,0,0,0,0,0,0,0,0,0,0,0,0,0,0,0,0,1,0,3,,,,,
Matt Ryan,QB,ATL,17,NO,331,4,36,27,0,2,0,2,0,0,0,0,0,0,0,0,0,0,0,0,0,0,,,,,
Matthew Slater,WR,NE,17,MIA,0,0,0,0,0,0,0,0,0,0,0,0,0,0,0,0,0,0,0,0,0,0,,,,,
Matthew Stafford,QB,DET,17,GB,347,2,41,26,1,0,0,0,0,0,0,0,0,0,0,0,0,0,0,0,0,0,,,,,
Maurice Harris,WR,WAS,17,NYG,0,0,0,0,0,0,0,0,1,15,0,2,0,0,0,0,0,0,0,0,0,0,,,,,
Michael Campanaro,WR,BAL,17,CIN,0,0,0,0,0,10,0,1,0,0,0,0,0,0,0,0,0,0,0,0,0,0,,,,,
Michael Crabtree,WR,LV,17,DEN,0,0,0,0,0,0,0,0,5,47,0,8,0,0,0,0,0,0,0,0,0,0,,,,,
Michael Floyd,WR,NE,17,MIA,0,0,0,0,0,0,0,0,3,36,1,4,0,0,0,0,0,0,0,0,0,0,,,,,
Michael Thomas,WR,NO,17,ATL,0,0,0,0,0,0,0,0,10,156,1,14,0,0,0,0,0,0,0,0,0,0,,,,,
Mike Evans,WR,TB,17,CAR,0,0,0,0,0,0,0,0,5,65,1,11,0,0,0,0,0,0,0,0,0,0,,,,,
Mike Gillislee,RB,BUF,17,NYJ,0,0,0,0,0,40,1,15,1,10,0,1,0,0,0,0,0,0,0,0,0,0,,,,,
Mike Thomas,WR,LA,17,ARI,0,0,0,0,0,0,0,0,1,15,0,1,0,0,0,0,0,0,0,0,0,0,,,,,
Mike Wallace,WR,BAL,17,CIN,0,0,0,0,0,0,0,0,4,33,0,4,0,0,0,0,0,0,0,0,0,0,,,,,
Mohamed Sanu,WR,ATL,17,NO,0,0,0,0,0,0,0,0,4,32,1,4,0,0,0,0,0,0,0,0,0,0,,,,,
MyCole Pruitt,TE,CHI,17,MIN,0,0,0,0,0,0,0,0,1,6,0,1,0,0,0,0,0,0,0,0,0,0,,,,,
Mychal Rivera,TE,LV,17,DEN,0,0,0,0,0,0,0,0,2,9,0,3,0,0,0,0,0,0,0,0,0,0,,,,,
NE,DEF,NE,17,MIA,,,,,,,,,,,,,,,,,,,,,,,0,0,0,0,14.0
NO,DEF,NO,17,ATL,,,,,,,,,,,,,,,,,,,,,,,0,0,0,0,38.0
NYG,DEF,NYG,17,WAS,,,,,,,,,,,,,,,,,,,,,,,0,0,0,0,10.0
NYJ,DEF,NYJ,17,BUF,,,,,,,,,,,,,,,,,,,,,,,0,0,0,0,10.0
Nelson Agholor,WR,PHI,17,DAL,0,0,0,0,0,-1,0,1,0,0,0,0,0,0,0,0,0,0,0,0,0,0,,,,,
Nick Boyle,TE,BAL,17,CIN,0,0,0,0,0,0,0,0,0,0,0,0,0,0,0,0,0,0,0,0,0,0,,,,,
Nick Folk,K,NYJ,17,BUF,0,0,0,0,0,0,0,0,0,0,0,0,0,0,0,0,1,2,0,0,0,3,,,,,
Nick Novak,K,HOU,17,TEN,0,0,0,0,0,0,0,0,0,0,0,0,0,0,0,0,1,0,0,0,0,2,,,,,
Nick O'Leary,TE,BUF,17,NYJ,0,0,0,0,0,0,0,0,0,0,0,0,0,0,0,0,0,0,0,0,0,0,,,,,
Nick Williams,WR,ATL,17,NO,0,0,0,0,0,0,0,0,1,10,0,2,0,0,0,0,0,0,0,0,0,0,,,,,
Odell Beckham Jr.,WR,NYG,17,WAS,0,0,0,0,0,0,0,0,5,44,0,7,0,0,0,0,0,0,0,0,0,0,,,,,
PHI,DEF,PHI,17,DAL,,,,,,,,,,,,,,,,,,,,,,,0,0,0,0,13.0
PIT,DEF,PIT,17,CLE,,,,,,,,,,,,,,,,,,,,,,,0,0,0,0,24.0
Paul McRoberts,WR,LA,17,ARI,0,0,0,0,0,0,0,0,1,6,0,1,0,0,0,0,0,0,0,0,0,0,,,,,
Paul Perkins,RB,NYG,17,WAS,0,0,0,0,0,102,0,21,0,0,0,2,0,0,0,0,0,0,0,0,0,0,,,,,
Paul Richardson,WR,SEA,17,SF,0,0,0,0,0,5,0,1,4,40,0,7,0,0,0,0,0,0,0,0,0,0,,,,,
Paul Turner,WR,PHI,17,DAL,0,0,0,0,0,0,0,0,2,30,0,4,0,0,0,0,0,0,0,0,0,0,,,,,
Peyton Barber,RB,TB,17,CAR,0,0,0,0,0,19,0,5,0,0,0,0,0,0,0,0,0,0,0,0,0,0,,,,,
Pharoh Cooper,WR,LA,17,ARI,0,0,1,0,1,0,0,0,4,36,0,6,0,0,0,0,0,0,0,0,0,0,,,,,
Phil Dawson,K,SF,17,SEA,0,0,0,0,0,0,0,0,0,0,0,0,0,0,0,0,0,0,0,0,0,3,,,,,
Philip Rivers,QB,LAC,17,KC,269,2,38,22,2,1,0,1,0,0,0,0,0,0,0,0,0,0,0,0,0,0,,,,,
Phillip Dorsett,WR,IND,17,JAX,0,0,0,0,0,0,0,0,4,56,0,4,0,0,0,0,0,0,0,0,0,0,,,,,
Phillip Supernaw,TE,TEN,17,HOU,0,0,0,0,0,0,0,0,0,0,0,0,0,0,0,0,0,0,0,0,0,0,,,,,
Pierre Garcon,WR,WAS,17,NYG,0,0,0,0,0,0,0,0,4,96,0,7,0,0,0,0,0,0,0,0,0,0,,,,,
Quincy Enunwa,WR,NYJ,17,BUF,0,0,0,0,0,0,0,0,5,81,0,8,0,0,0,0,0,0,0,0,0,0,,,,,
Raheem Mostert,RB,SF,17,SEA,0,0,0,0,0,6,0,1,0,0,0,0,0,0,0,0,0,0,0,0,0,0,,,,,
Randall Telfer,TE,CLE,17,PIT,0,0,0,0,0,0,0,0,0,0,0,1,0,0,0,0,0,0,0,0,0,0,,,,,
Randy Bullock,K,CIN,17,BAL,0,0,0,0,0,0,0,0,0,0,0,0,0,0,0,0,2,0,0,0,0,3,,,,,
Rashad Jennings,RB,NYG,17,WAS,0,0,0,0,0,52,1,18,1,5,0,1,0,0,0,0,0,0,0,0,0,0,,,,,
Rashard Higgins,WR,CLE,17,PIT,0,0,0,0,0,0,0,0,0,0,0,1,0,0,0,0,0,0,0,0,0,0,,,,,
Rex Burkhead,RB,CIN,17,BAL,0,0,0,0,0,119,2,27,2,25,0,2,0,0,0,0,0,0,0,0,0,0,,,,,
Ricardo Louis,WR,CLE,17,PIT,0,0,0,0,0,0,0,0,2,22,0,2,0,0,0,0,0,0,0,0,0,0,,,,,
Richard Rodgers,TE,GB,17,DET,0,0,0,0,0,0,0,0,1,14,0,1,0,0,0,0,0,0,0,0,0,0,,,,,
Rishard Matthews,WR,TEN,17,HOU,0,0,0,0,0,0,0,0,9,114,1,13,0,0,0,0,0,0,0,0,0,0,,,,,
Rob Kelley,RB,WAS,17,NYG,0,0,0,0,0,33,0,12,0,0,0,0,0,0,0,0,0,0,0,0,0,0,,,,,
Robbie Chosen,WR,NYJ,17,BUF,0,0,0,0,0,0,0,0,4,43,0,7,0,0,0,0,0,0,0,0,0,0,,,,,
Robbie Gould,K,NYG,17,WAS,0,0,0,0,0,0,0,0,0,0,0,0,0,0,0,0,1,0,1,0,0,1,,,,,
Robert Griffin III,QB,CLE,17,PIT,232,2,40,29,1,32,0,5,0,0,0,0,0,0,0,0,0,0,0,0,0,0,,,,,
Robert Turbin,RB,IND,17,JAX,0,0,0,0,0,15,1,3,2,18,0,4,0,0,0,0,0,0,0,0,0,0,,,,,
Robert Woods,WR,BUF,17,NYJ,0,0,0,0,0,0,0,0,4,43,0,5,0,0,0,0,0,0,0,0,0,0,,,,,
Roberto Aguayo,K,TB,17,CAR,0,0,0,0,0,0,0,0,0,0,0,0,0,0,0,0,0,1,0,0,0,2,,,,,
Rod Streater,WR,SF,17,SEA,0,0,0,0,0,0,0,0,1,5,0,1,0,0,0,0,0,0,0,0,0,0,,,,,
Ronnie Hillman,RB,LAC,17,KC,0,0,0,0,0,41,0,7,3,50,0,6,0,0,0,0,0,0,0,0,0,0,,,,,
Russell Shepard,WR,TB,17,CAR,0,0,0,0,0,0,0,0,2,29,0,7,0,0,0,0,0,0,0,0,0,0,,,,,
Russell Wilson,QB,SEA,17,SF,258,1,32,19,0,4,0,2,0,0,0,0,0,0,0,0,0,0,0,0,0,0,,,,,
Ryan Fitzpatrick,QB,NYJ,17,BUF,210,2,30,20,0,0,0,2,0,0,0,0,0,0,0,0,0,0,0,0,0,0,,,,,
Ryan Griffin,TE,HOU,17,TEN,0,0,0,0,0,0,0,0,2,10,0,4,0,0,0,0,0,0,0,0,0,0,,,,,
Ryan Mallett,QB,BAL,17,CIN,12,0,2,1,1,0,0,0,0,0,0,0,0,0,0,0,0,0,0,0,0,0,,,,,
Ryan Succop,K,TEN,17,HOU,0,0,0,0,0,0,0,0,0,0,0,0,0,0,0,0,0,1,0,0,0,3,,,,,
SEA,DEF,SEA,17,SF,,,,,,,,,,,,,,,,,,,,,,,0,0,0,0,23.0
SF,DEF,SF,17,SEA,,,,,,,,,,,,,,,,,,,,,,,0,1,0,0,25.0
Sam Bradford,QB,MIN,17,CHI,250,3,33,25,1,24,0,1,0,0,0,0,0,0,0,0,0,0,0,0,0,0,,,,,
Sammy Watkins,WR,BUF,17,NYJ,0,0,0,0,0,0,0,0,4,31,0,9,0,0,0,0,0,0,0,0,0,0,,,,,
Sean Mannion,QB,LA,17,ARI,19,0,6,3,1,-1,0,1,0,0,0,0,0,0,0,0,0,0,0,0,0,0,,,,,
Sebastian Janikowski,K,LV,17,DEN,0,0,0,0,0,0,0,0,0,0,0,0,0,0,0,0,0,0,0,0,0,0,,,,,
Seth DeValve,TE,CLE,17,PIT,0,0,0,0,0,0,0,0,1,12,1,1,0,0,0,0,0,0,0,0,0,0,,,,,
Seth Roberts,WR,LV,17,DEN,0,0,0,0,0,0,0,0,3,26,0,3,0,0,0,0,0,0,0,0,0,0,,,,,
Shaun Draughn,RB,SF,17,SEA,0,0,0,0,0,41,2,21,4,68,0,6,0,0,0,0,0,0,0,0,0,0,,,,,
Shaun Hill,QB,MIN,17,CHI,0,0,1,0,0,-3,0,3,0,0,0,0,0,0,0,0,0,0,0,0,0,0,,,,,
Stephen Anderson,TE,HOU,17,TEN,0,0,0,0,0,0,0,0,0,0,0,1,0,0,0,0,0,0,0,0,0,0,,,,,
Stephen Gostkowski,K,NE,17,MIA,0,0,0,0,0,0,0,0,0,0,0,0,0,0,0,0,1,0,1,0,0,3,,,,,
Sterling Shepard,WR,NYG,17,WAS,0,0,0,0,0,7,0,1,3,30,0,5,0,0,0,0,0,0,0,0,0,0,,,,,
Steve Smith,WR,BAL,17,CIN,0,0,0,0,0,0,0,0,3,34,0,5,0,0,0,0,0,0,0,0,0,0,,,,,
Steven Hauschka,K,SEA,17,SF,0,0,0,0,0,0,0,0,0,0,0,0,0,0,0,0,1,3,0,0,0,1,,,,,
T.J. Jones,WR,DET,17,GB,0,0,0,0,0,0,0,0,1,35,0,4,0,0,0,0,0,0,0,0,0,0,,,,,
T.Y. Hilton,WR,IND,17,JAX,0,0,0,0,0,0,0,0,6,95,0,12,0,0,0,0,0,0,0,0,0,0,,,,,
TB,DEF,TB,17,CAR,,,,,,,,,,,,,,,,,,,,,,,1,0,0,0,16.0
TEN,DEF,TEN,17,HOU,,,,,,,,,,,,,,,,,,,,,,,0,0,0,0,17.0
Taiwan Jones,RB,LV,17,DEN,0,0,0,0,0,0,0,0,0,0,0,0,0,0,0,0,0,0,0,0,0,0,,,,,
Tajae Sharpe,WR,TEN,17,HOU,0,0,0,0,0,0,0,0,0,0,0,2,0,0,0,0,0,0,0,0,0,0,,,,,
Tanner McEvoy,WR,SEA,17,SF,0,0,0,0,0,0,0,0,2,16,0,2,0,0,0,0,0,0,0,0,0,0,,,,,
Tavarres King,WR,NYG,17,WAS,0,0,0,0,0,0,0,0,1,44,0,1,0,0,0,0,0,0,0,0,0,0,,,,,
Tavon Austin,WR,LA,17,ARI,0,0,0,0,0,2,0,2,2,18,0,4,0,0,0,0,0,0,0,0,0,0,,,,,
Ted Ginn,WR,CAR,17,TB,0,0,0,0,0,24,0,2,4,69,0,7,0,0,0,0,0,0,0,0,0,0,,,,,
Terrance West,RB,BAL,17,CIN,0,0,0,0,0,18,0,5,4,17,0,5,0,0,0,0,0,0,0,0,0,0,,,,,
Terrance Williams,WR,DAL,17,PHI,0,0,0,0,0,0,0,0,3,33,1,5,0,0,0,0,0,0,0,0,0,0,,,,,
Terrell Watson,RB,PHI,17,DAL,0,0,0,0,0,28,1,9,1,5,0,1,0,0,0,0,0,0,0,0,0,0,,,,,
Terrelle Pryor,WR,CLE,17,PIT,0,0,0,0,0,0,0,0,7,94,0,11,0,0,0,0,0,0,0,0,0,0,,,,,
Tevin Coleman,RB,ATL,17,NO,0,0,0,0,0,44,0,8,3,15,1,4,0,0,0,0,0,0,0,0,0,0,,,,,
Thomas Rawls,RB,SEA,17,SF,0,0,0,0,0,14,1,8,0,0,0,0,0,0,0,0,0,0,0,0,0,0,,,,,
Tim Hightower,RB,NO,17,ATL,0,0,0,0,0,29,1,3,0,0,0,0,0,0,0,0,0,0,0,0,0,0,,,,,
Todd Gurley,RB,LA,17,ARI,0,0,0,0,0,40,0,14,4,37,0,5,0,0,0,0,0,0,0,0,0,0,,,,,
Tom Brady,QB,NE,17,MIA,276,3,33,25,0,6,0,1,0,0,0,0,0,0,1,0,0,0,0,0,0,0,,,,,
Tom Savage,QB,HOU,17,TEN,25,0,8,5,0,1,0,2,0,0,0,0,0,0,0,0,0,0,0,0,0,0,,,,,
Tommylee Lewis,WR,NO,17,ATL,0,0,0,0,0,0,0,0,0,0,0,0,0,0,0,0,0,0,0,0,0,0,,,,,
Tony Romo,QB,DAL,17,PHI,29,1,4,3,0,0,0,0,0,0,0,0,0,0,0,0,0,0,0,0,0,0,,,,,
Tony Washington,WR,JAX,17,IND,0,0,0,0,0,0,0,0,1,9,0,1,0,0,0,0,0,0,0,0,0,0,,,,,
Travaris Cadet,RB,NO,17,ATL,0,0,0,0,0,0,0,0,3,18,1,5,0,0,0,0,0,0,0,0,0,0,,,,,
Travis Kelce,TE,KC,17,LAC,0,0,0,0,0,0,0,0,1,8,0,2,0,0,0,0,0,0,0,0,0,0,,,,,
Trevone Boykin,QB,SEA,17,SF,42,0,6,4,0,7,0,4,0,0,0,0,0,0,0,0,0,0,0,0,0,0,,,,,
Trevor Siemian,QB,DEN,17,LV,206,2,27,17,1,-5,0,2,0,0,0,0,0,0,0,0,0,0,0,0,0,0,,,,,
Trey Burton,TE,PHI,17,DAL,0,0,0,0,0,0,0,0,5,39,0,6,0,0,0,0,0,0,0,0,0,0,,,,,
Ty Montgomery,WR,GB,17,DET,0,0,0,0,0,44,0,8,3,17,0,5,0,0,0,0,0,0,0,0,0,0,,,,,
Tyler Boyd,WR,CIN,17,BAL,0,0,0,0,0,15,0,1,2,39,0,3,0,0,0,0,0,0,0,0,0,0,,,,,
Tyler Ervin,RB,HOU,17,TEN,0,0,0,0,0,0,0,0,0,0,0,0,0,0,0,0,0,0,0,0,0,0,,,,,
Tyreek Hill,WR,KC,17,LAC,0,0,0,0,0,15,0,3,5,46,0,7,1,0,0,0,0,0,0,0,0,0,,,,,
Tyrell Williams,WR,LAC,17,KC,0,0,0,0,0,0,0,0,6,70,0,7,0,0,0,0,0,0,0,0,0,0,,,,,
Vernon Davis,TE,WAS,17,NYG,0,0,0,0,0,0,0,0,2,49,0,3,0,0,0,0,0,0,0,0,0,0,,,,,
Victor Cruz,WR,NYG,17,WAS,0,0,0,0,0,0,0,0,2,7,0,4,0,0,0,0,0,0,0,0,0,0,,,,,
Virgil Green,TE,DEN,17,LV,0,0,0,0,0,0,0,0,3,17,1,4,0,0,0,0,0,0,0,0,0,0,,,,,
WAS,DEF,WAS,17,NYG,,,,,,,,,,,,,,,,,,,,,,,0,0,0,0,19.0
Wendall Williams,WR,HOU,17,TEN,0,0,0,0,0,0,0,0,2,41,0,4,0,0,0,0,0,0,0,0,0,0,,,,,
Wil Lutz,K,NO,17,ATL,0,0,0,0,0,0,0,0,0,0,0,0,0,0,0,1,0,0,1,0,0,2,,,,,
Will Fuller,WR,HOU,17,TEN,0,0,0,0,0,0,0,0,3,24,0,7,0,0,0,0,0,0,0,0,0,0,,,,,
Will Tye,TE,NYG,17,WAS,0,0,0,0,0,0,0,0,4,47,0,5,0,0,0,0,0,0,0,0,0,0,,,,,
Willie Snead,WR,NO,17,ATL,0,0,0,0,0,0,0,0,3,82,0,4,0,0,0,0,0,0,0,0,0,0,,,,,
Zach Ertz,TE,PHI,17,DAL,0,0,0,0,0,0,0,0,13,139,2,16,0,0,0,0,0,0,0,0,0,0,,,,,
Zach Zenner,RB,DET,17,GB,0,0,0,0,0,69,1,20,4,41,0,5,0,0,0,0,0,0,0,0,0,0,,,,,
Aaron Rodgers,QB,GB,18,NYG,362,4,40,25,0,0,0,2,0,0,0,0,0,0,0,0,0,0,0,0,0,0,,,,,
Akeem Hunt,RB,HOU,18,LV,0,0,0,0,0,0,0,0,0,0,0,0,0,0,0,0,0,0,0,0,0,0,,,,,
Alex Collins,RB,SEA,18,DET,0,0,0,0,0,13,0,6,1,11,0,1,0,0,0,0,0,0,0,0,0,0,,,,,
Alfred Blue,RB,HOU,18,LV,0,0,0,0,0,4,0,2,0,0,0,0,0,0,0,0,0,0,0,0,0,0,,,,,
Amari Cooper,WR,LV,18,HOU,0,0,0,0,0,0,0,1,2,10,0,10,0,0,0,0,0,0,0,0,0,0,,,,,
Andre Holmes,WR,LV,18,HOU,0,0,0,0,0,0,0,0,4,50,1,5,0,0,0,0,0,0,0,0,0,0,,,,,
Andre Roberts,WR,DET,18,SEA,0,0,0,0,0,0,0,0,0,0,0,0,0,0,0,0,0,0,0,0,0,0,,,,,
Andrew Franks,K,MIA,18,PIT,0,0,0,0,0,0,0,0,0,0,0,0,0,0,0,0,0,1,1,0,0,0,,,,,
Anquan Boldin,WR,DET,18,SEA,0,0,0,0,0,0,0,0,2,24,0,6,0,0,0,0,0,0,0,0,0,0,,,,,
Antonio Brown,WR,PIT,18,MIA,0,0,0,0,0,0,0,0,5,124,2,9,0,0,0,0,0,0,0,0,0,0,,,,,
Ben Roethlisberger,QB,PIT,18,MIA,197,2,18,13,2,10,0,4,0,0,0,0,0,0,0,0,0,0,0,0,0,0,,,,,
Bobby Rainey,RB,NYG,18,GB,0,0,0,0,0,0,0,1,1,8,0,1,0,0,0,0,0,0,0,0,0,0,,,,,
Brandon Williams,TE,SEA,18,DET,0,0,0,0,0,0,0,0,0,0,0,0,0,0,0,0,0,0,0,0,0,0,,,,,
Brock Osweiler,QB,HOU,18,LV,168,1,25,14,0,15,1,6,0,0,0,0,0,0,0,0,0,0,0,0,0,0,,,,,
C.J. Fiedorowicz,TE,HOU,18,LV,0,0,0,0,0,0,0,0,2,35,0,4,0,0,0,0,0,0,0,0,0,0,,,,,
Chris Boswell,K,PIT,18,MIA,0,0,0,0,0,0,0,0,0,0,0,0,0,0,0,0,0,1,0,0,0,3,,,,,
Christine Michael,RB,GB,18,NYG,0,0,0,0,0,47,0,10,0,0,0,0,0,0,0,0,0,0,0,0,0,0,,,,,
Clive Walford,TE,LV,18,HOU,0,0,0,0,0,0,0,0,2,16,0,2,0,0,0,0,0,0,0,0,0,0,,,,,
Cobi Hamilton,WR,PIT,18,MIA,0,0,0,0,0,0,0,0,1,10,0,1,0,0,0,0,0,0,0,0,0,0,,,,,
Connor Cook,QB,LV,18,HOU,161,1,45,18,3,0,0,0,0,0,0,0,0,0,0,0,0,0,0,0,0,0,,,,,
DET,DEF,DET,18,SEA,,,,,,,,,,,,,,,,,,,,,,,0,0,0,0,26.0
Damien Williams,RB,MIA,18,PIT,0,0,0,0,0,14,0,3,1,4,1,2,0,0,0,0,0,0,0,0,0,0,,,,,
Darrius Heyward-Bey,WR,PIT,18,MIA,0,0,0,0,0,0,0,0,1,10,0,1,0,0,0,0,0,0,0,0,0,0,,,,,
Davante Adams,WR,GB,18,NYG,0,0,0,0,0,0,0,0,8,125,1,12,0,0,0,0,0,0,0,0,0,0,,,,,
DeAndre Hopkins,WR,HOU,18,LV,0,0,0,0,0,0,0,0,5,67,1,9,0,0,0,0,0,0,0,0,0,0,,,,,
DeAndre Washington,RB,LV,18,HOU,0,0,0,0,0,16,0,4,0,0,0,1,0,0,0,0,0,0,0,0,0,0,,,,,
DeAngelo Williams,RB,PIT,18,MIA,0,0,0,0,0,2,0,2,0,0,0,0,0,0,0,0,0,0,0,0,0,0,,,,,
DeMarcus Ayers,WR,PIT,18,MIA,0,0,0,0,0,0,0,0,2,21,0,2,0,0,0,0,0,0,0,0,0,0,,,,,
DeVante Parker,WR,MIA,18,PIT,0,0,0,0,0,0,0,0,4,55,0,6,0,0,0,0,0,0,0,0,0,0,,,,,
Devin Hester,WR,SEA,18,DET,0,0,0,0,0,0,0,0,0,0,0,0,0,0,0,0,0,0,0,0,0,0,,,,,
Dion Sims,TE,MIA,18,PIT,0,0,0,0,0,0,0,0,5,34,0,5,0,0,0,0,0,0,0,0,0,0,,,,,
Doug Baldwin,WR,SEA,18,DET,0,0,0,0,0,6,0,1,11,104,1,12,0,0,0,0,0,0,0,0,0,0,,,,,
Dwayne Harris,WR,NYG,18,GB,0,0,0,0,0,0,0,0,0,0,0,0,0,0,0,0,0,0,0,0,0,0,,,,,
Eli Manning,QB,NYG,18,GB,299,1,44,23,1,11,0,1,0,0,0,0,0,0,0,0,0,0,0,0,0,0,,,,,
Eli Rogers,WR,PIT,18,MIA,0,0,0,0,0,0,0,0,1,19,0,1,0,0,0,0,0,0,0,0,0,0,,,,,
Eric Ebron,TE,DET,18,SEA,0,0,0,0,0,0,0,0,2,23,0,6,0,0,0,0,0,0,0,0,0,0,,,,,
Fitzgerald Toussaint,RB,PIT,18,MIA,0,0,0,0,0,0,0,0,0,0,0,0,0,0,0,0,0,0,0,0,0,0,,,,,
GB,DEF,GB,18,NYG,,,,,,,,,,,,,,,,,,,,,,,0,0,0,0,13.0
Geronimo Allison,WR,GB,18,NYG,0,0,0,0,0,0,0,0,1,8,0,2,0,0,0,0,0,0,0,0,0,0,,,,,
Golden Tate,WR,DET,18,SEA,0,0,0,0,0,0,0,1,3,25,0,5,0,0,0,0,0,0,0,0,0,0,,,,,
HOU,DEF,HOU,18,LV,,,,,,,,,,,,,,,,,,,,,,,0,0,0,0,14.0
J.D. McKissic,RB,SEA,18,DET,0,0,0,0,0,0,0,0,0,0,0,1,0,0,0,0,0,0,0,0,0,0,,,,,
Jakeem Grant,WR,MIA,18,PIT,0,0,0,0,0,0,0,0,0,0,0,0,0,0,0,0,0,0,0,0,0,0,,,,,
Jalen Richard,RB,LV,18,HOU,0,0,0,0,0,3,0,3,2,8,0,2,0,0,0,0,0,0,0,0,0,0,,,,,
Jamize Olawale,RB,LV,18,HOU,0,0,0,0,0,6,0,1,0,0,0,0,0,0,0,0,0,0,0,0,0,0,,,,,
Jared Cook,TE,GB,18,NYG,0,0,0,0,0,0,0,0,5,48,0,9,0,0,0,0,0,0,0,0,0,0,,,,,
Jarvis Landry,WR,MIA,18,PIT,0,0,0,0,0,0,0,0,11,102,0,14,0,0,0,0,0,0,0,0,0,0,,,,,
Jay Ajayi,RB,MIA,18,PIT,0,0,0,0,0,33,0,16,3,12,0,3,0,0,0,0,0,0,0,0,0,0,,,,,
Jeff Janis,WR,GB,18,NYG,0,0,0,0,0,0,0,0,0,0,0,0,0,0,0,0,0,0,0,0,0,0,,,,,
Jermaine Kearse,WR,SEA,18,DET,0,0,0,0,0,0,0,0,2,14,0,3,0,0,0,0,0,0,0,0,0,0,,,,,
Jesse James,TE,PIT,18,MIA,0,0,0,0,0,0,0,0,1,6,0,2,0,0,0,0,0,0,0,0,0,0,,,,,
Jimmy Graham,TE,SEA,18,DET,0,0,0,0,0,0,0,0,3,37,0,4,0,0,0,0,0,0,0,0,0,0,,,,,
Johnny Holton,WR,LV,18,HOU,0,0,0,0,0,0,0,0,0,0,0,2,0,0,0,0,0,0,0,0,0,0,,,,,
Jonathan Grimes,RB,HOU,18,LV,0,0,0,0,0,30,0,4,0,0,0,0,0,0,0,0,0,0,0,0,0,0,,,,,
Jordy Nelson,WR,GB,18,NYG,0,0,0,0,0,0,0,0,1,13,0,3,0,0,0,0,0,0,0,0,0,0,,,,,
Keith Mumphery,WR,HOU,18,LV,0,0,0,0,0,0,0,0,0,0,0,1,0,0,0,0,0,0,0,0,0,0,,,,,
Kenny Stills,WR,MIA,18,PIT,0,0,0,0,0,0,0,0,5,82,0,5,0,0,0,0,0,0,0,0,0,0,,,,,
Kenyan Drake,RB,MIA,18,PIT,0,0,0,0,0,0,0,0,0,0,0,1,0,0,0,0,0,0,0,0,0,0,,,,,
LV,DEF,LV,18,HOU,,,,,,,,,,,,,,,,,,,,,,,0,0,0,0,0.0
Lamar Miller,RB,HOU,18,LV,0,0,0,0,0,73,1,31,0,0,0,1,0,0,0,0,0,0,0,0,0,0,,,,,
Latavius Murray,RB,LV,18,HOU,0,0,0,0,0,39,1,12,1,12,0,4,0,0,0,0,0,0,0,0,0,0,,,,,
Le'Veon Bell,RB,PIT,18,MIA,0,0,0,0,0,167,2,29,2,7,0,2,0,0,0,0,0,0,0,0,0,0,,,,,
Luke Willson,TE,SEA,18,DET,0,0,0,0,0,0,0,0,1,4,0,1,0,0,0,0,0,0,0,0,0,0,,,,,
MIA,DEF,MIA,18,PIT,,,,,,,,,,,,,,,,,,,,,,,0,0,0,0,30.0
Marvin Jones,WR,DET,18,SEA,0,0,0,0,0,0,0,0,4,81,0,7,0,0,0,0,0,0,0,0,0,0,,,,,
Mason Crosby,K,GB,18,NYG,0,0,0,0,0,0,0,0,0,0,0,0,0,0,0,0,0,1,0,0,0,5,,,,,
Matt Moore,QB,MIA,18,PIT,289,1,36,29,1,2,0,1,0,0,0,0,0,0,0,0,0,0,0,0,0,0,,,,,
Matt Prater,K,DET,18,SEA,0,0,0,0,0,0,0,0,0,0,0,0,0,0,0,0,0,0,0,2,0,0,,,,,
Matthew Mulligan,TE,DET,18,SEA,0,0,0,0,0,0,0,0,1,-2,0,1,0,0,0,0,0,0,0,0,0,0,,,,,
Matthew Stafford,QB,DET,18,SEA,205,0,32,18,0,15,0,3,0,0,0,0,0,0,0,0,0,0,0,0,0,0,,,,,
Michael Crabtree,WR,LV,18,HOU,0,0,0,0,0,0,0,0,2,33,0,7,0,0,0,0,0,0,0,0,0,0,,,,,
Mychal Rivera,TE,LV,18,HOU,0,0,0,0,0,0,0,0,4,31,0,5,0,0,0,0,0,0,0,0,0,0,,,,,
NYG,DEF,NYG,18,GB,,,,,,,,,,,,,,,,,,,,,,,0,0,0,0,38.0
Nick Novak,K,HOU,18,LV,0,0,0,0,0,0,0,0,0,0,0,0,0,0,0,0,0,1,0,1,0,3,,,,,
Odell Beckham Jr.,WR,NYG,18,GB,0,0,0,0,0,0,0,0,4,28,0,11,0,0,0,0,0,0,0,0,0,0,,,,,
PIT,DEF,PIT,18,MIA,,,,,,,,,,,,,,,,,,,,,,,0,0,0,0,12.0
Paul Perkins,RB,NYG,18,GB,0,0,0,0,0,30,0,10,3,27,0,5,0,0,0,0,0,0,0,0,0,0,,,,,
Paul Richardson,WR,SEA,18,DET,0,0,0,0,0,0,0,0,3,48,1,4,0,0,0,0,0,0,0,0,0,0,,,,,
Randall Cobb,WR,GB,18,NYG,0,0,0,0,0,0,0,0,5,116,3,7,0,0,0,0,0,0,0,0,0,0,,,,,
Rashad Jennings,RB,NYG,18,GB,0,0,0,0,0,29,0,5,1,4,0,1,0,0,0,0,0,0,0,0,0,0,,,,,
Robbie Gould,K,NYG,18,GB,0,0,0,0,0,0,0,0,0,0,0,0,0,0,0,0,1,0,1,0,0,1,,,,,
Roger Lewis,WR,NYG,18,GB,0,0,0,0,0,0,0,0,0,0,0,0,0,0,0,0,0,0,0,0,0,0,,,,,
Russell Wilson,QB,SEA,18,DET,224,2,30,23,0,-3,0,3,0,0,0,0,0,0,0,0,0,0,0,0,0,0,,,,,
Ryan Griffin,TE,HOU,18,LV,0,0,0,0,0,0,0,0,3,29,0,4,0,0,0,0,0,0,0,0,0,0,,,,,
SEA,DEF,SEA,18,DET,,,,,,,,,,,,,,,,,,,,,,,0,0,0,0,6.0
Sammie Coates,WR,PIT,18,MIA,0,0,0,0,0,0,0,0,0,0,0,0,0,0,0,0,0,0,0,0,0,0,,,,,
Sebastian Janikowski,K,LV,18,HOU,0,0,0,0,0,0,0,0,0,0,0,0,0,0,0,0,0,0,0,0,0,2,,,,,
Seth Roberts,WR,LV,18,HOU,0,0,0,0,0,0,0,0,1,1,0,7,0,0,0,0,0,0,0,0,0,0,,,,,
Stephen Anderson,TE,HOU,18,LV,0,0,0,0,0,0,0,0,0,0,0,1,0,0,0,0,0,0,0,0,0,0,,,,,
Sterling Shepard,WR,NYG,18,GB,0,0,0,0,0,0,0,0,4,63,0,9,0,0,0,0,0,0,0,0,0,0,,,,,
Steven Hauschka,K,SEA,18,DET,0,0,0,0,0,0,0,0,0,0,0,0,0,0,0,0,1,0,1,0,0,2,,,,,
T.J. Jones,WR,DET,18,SEA,0,0,0,0,0,0,0,0,0,0,0,1,0,0,0,0,0,0,0,0,0,0,,,,,
Taiwan Jones,RB,LV,18,HOU,0,0,0,0,0,0,0,0,0,0,0,0,0,0,0,0,0,0,0,0,0,0,,,,,
Tanner McEvoy,WR,SEA,18,DET,0,0,0,0,0,0,0,0,0,0,0,1,0,0,0,0,0,0,0,0,0,0,,,,,
Tavarres King,WR,NYG,18,GB,0,0,0,0,0,0,0,0,3,73,1,6,0,0,0,0,0,0,0,0,0,0,,,,,
Thomas Rawls,RB,SEA,18,DET,0,0,0,0,0,161,1,27,1,1,0,2,0,0,0,0,0,0,0,0,0,0,,,,,
Ty Montgomery,WR,GB,18,NYG,0,0,0,0,0,27,0,11,3,41,0,4,0,0,0,0,0,0,0,0,0,0,,,,,
Tyler Ervin,RB,HOU,18,LV,0,0,0,0,0,0,0,0,0,0,0,0,0,0,0,0,0,0,0,0,0,0,,,,,
Victor Cruz,WR,NYG,18,GB,0,0,0,0,0,0,0,0,3,30,0,4,0,0,0,0,0,0,0,0,0,0,,,,,
Will Fuller,WR,HOU,18,LV,0,0,0,0,0,0,0,0,4,37,0,5,0,0,0,0,0,0,0,0,0,0,,,,,
Will Tye,TE,NYG,18,GB,0,0,0,0,0,0,0,0,4,66,0,7,0,0,0,0,0,0,0,0,0,0,,,,,
Zach Zenner,RB,DET,18,SEA,0,0,0,0,0,34,0,11,6,54,0,6,0,0,0,0,0,0,0,0,0,0,,,,,
ATL,DEF,ATL,19,SEA,,,,,,,,,,,,,,,,,,,,,,,0,1,0,0,20.0
Aaron Rodgers,QB,GB,19,DAL,355,2,43,28,1,16,0,2,0,0,0,0,0,0,0,0,0,0,0,0,0,0,,,,,
Akeem Hunt,RB,HOU,19,NE,0,0,0,0,0,0,0,0,2,15,0,2,0,0,0,0,0,0,0,0,0,0,,,,,
Albert Wilson,WR,KC,19,PIT,0,0,0,0,0,0,0,0,2,3,1,3,0,0,0,0,0,0,0,0,0,0,,,,,
Aldrick Robinson,WR,ATL,19,SEA,0,0,0,0,0,0,0,0,0,0,0,1,0,0,0,0,0,0,0,0,0,0,,,,,
Alex Collins,RB,SEA,19,ATL,0,0,0,0,0,14,0,2,2,17,0,4,0,0,0,0,0,0,0,0,0,0,,,,,
Alex Smith,QB,KC,19,PIT,172,1,34,20,1,9,0,2,0,0,0,0,0,0,0,0,0,0,0,0,0,0,,,,,
Alfred Blue,RB,HOU,19,NE,0,0,0,0,0,2,0,1,0,0,0,0,0,0,0,0,0,0,0,0,0,0,,,,,
Antonio Brown,WR,PIT,19,KC,0,0,0,0,0,0,0,0,6,108,0,11,0,0,0,0,0,0,0,0,0,0,,,,,
Austin Hooper,TE,ATL,19,SEA,0,0,0,0,0,0,0,0,1,10,0,1,0,0,0,0,0,0,0,0,0,0,,,,,
Ben Roethlisberger,QB,PIT,19,KC,224,0,31,20,1,1,0,4,0,0,0,0,0,0,0,0,0,0,0,0,0,0,,,,,
Brandon Bolden,RB,NE,19,HOU,0,0,0,0,0,0,0,0,0,0,0,0,0,0,0,0,0,0,0,0,0,0,,,,,
Brice Butler,WR,DAL,19,GB,0,0,0,0,0,0,0,0,0,0,0,3,0,0,0,0,0,0,0,0,0,0,,,,,
Brock Osweiler,QB,HOU,19,NE,197,1,40,23,3,18,0,1,0,0,0,0,0,0,0,0,0,0,0,0,0,0,,,,,
C.J. Fiedorowicz,TE,HOU,19,NE,0,0,0,0,0,0,0,0,3,36,1,5,0,0,0,0,0,0,0,0,0,0,,,,,
Cairo Santos,K,KC,19,PIT,0,0,0,0,0,0,0,0,0,0,0,0,0,0,0,0,0,0,1,0,0,1,,,,,
Charcandrick West,RB,KC,19,PIT,0,0,0,0,0,-1,0,1,2,14,0,2,0,0,0,0,0,0,0,0,0,0,,,,,
Chris Boswell,K,PIT,19,KC,0,0,0,0,0,0,0,0,0,0,0,0,0,0,0,0,1,2,3,0,0,0,,,,,
Chris Conley,WR,KC,19,PIT,0,0,0,0,0,0,0,0,2,19,0,3,0,0,0,0,0,0,0,0,0,0,,,,,
Chris Hogan,WR,NE,19,HOU,0,0,0,0,0,0,0,0,4,95,0,4,0,0,0,0,0,0,0,0,0,0,,,,,
Christine Michael,RB,GB,19,DAL,0,0,0,0,0,0,0,0,0,0,0,0,0,0,0,0,0,0,0,0,0,0,,,,,
Cobi Hamilton,WR,PIT,19,KC,0,0,0,0,0,0,0,0,1,4,0,1,0,0,0,0,0,0,0,0,0,0,,,,,
Cole Beasley,WR,DAL,19,GB,0,0,0,0,0,0,0,0,4,45,0,6,0,0,0,0,0,0,0,0,0,0,,,,,
DAL,DEF,DAL,19,GB,,,,,,,,,,,,,,,,,,,,,,,0,0,0,0,34.0
Dak Prescott,QB,DAL,19,GB,302,3,38,24,1,13,0,2,0,0,0,0,0,0,1,0,0,0,0,0,0,0,,,,,
Dan Bailey,K,DAL,19,GB,0,0,0,0,0,0,0,0,0,0,0,0,0,0,0,0,0,1,0,2,0,2,,,,,
Danny Amendola,WR,NE,19,HOU,0,0,0,0,0,15,0,1,0,0,0,2,0,0,0,0,0,0,0,0,0,0,,,,,
Darrius Heyward-Bey,WR,PIT,19,KC,0,0,0,0,0,0,0,0,0,0,0,0,0,0,0,0,0,0,0,0,0,0,,,,,
Davante Adams,WR,GB,19,DAL,0,0,0,0,0,0,0,0,5,76,0,10,0,0,0,0,0,0,0,0,0,0,,,,,
De'Anthony Thomas,WR,KC,19,PIT,0,0,0,0,0,0,0,0,0,0,0,0,0,0,0,0,0,0,0,0,0,0,,,,,
DeAndre Hopkins,WR,HOU,19,NE,0,0,0,0,0,0,0,0,6,65,0,9,0,0,0,0,0,0,0,0,0,0,,,,,
DeMarcus Ayers,WR,PIT,19,KC,0,0,0,0,0,0,0,0,1,6,0,1,0,0,0,0,0,0,0,0,0,0,,,,,
Demetrius Harris,TE,KC,19,PIT,0,0,0,0,0,0,0,0,0,0,0,2,0,0,0,0,0,0,0,0,0,0,,,,,
Devin Hester,WR,SEA,19,ATL,0,0,0,0,0,0,0,0,0,0,0,0,0,0,0,0,0,0,0,0,0,0,,,,,
Devonta Freeman,RB,ATL,19,SEA,0,0,0,0,0,45,1,14,4,80,0,5,0,0,0,0,0,0,0,0,0,0,,,,,
Dez Bryant,WR,DAL,19,GB,0,0,0,0,0,0,0,0,9,132,2,12,0,0,0,0,0,0,0,0,0,0,,,,,
Dion Lewis,RB,NE,19,HOU,0,0,0,0,0,41,1,13,2,23,1,7,1,0,0,0,0,0,0,0,0,0,,,,,
Doug Baldwin,WR,SEA,19,ATL,0,0,0,0,0,1,0,1,5,80,1,9,0,0,0,0,0,0,0,0,0,0,,,,,
Eli Rogers,WR,PIT,19,KC,0,0,0,0,0,0,0,0,5,27,0,7,0,0,0,0,0,0,0,0,0,0,,,,,
Eric Weems,WR,ATL,19,SEA,0,0,0,0,0,0,0,0,0,0,0,0,0,0,0,0,0,0,0,0,0,0,,,,,
Ezekiel Elliott,RB,DAL,19,GB,0,0,0,0,0,125,0,22,1,-2,0,1,0,0,0,0,0,0,0,0,0,0,,,,,
GB,DEF,GB,19,DAL,,,,,,,,,,,,,,,,,,,,,,,0,0,0,0,31.0
Geronimo Allison,WR,GB,19,DAL,0,0,0,0,0,0,0,0,3,46,0,5,0,0,0,0,0,0,0,0,0,0,,,,,
HOU,DEF,HOU,19,NE,,,,,,,,,,,,,,,,,,,,,,,0,0,0,0,34.0
J.D. McKissic,RB,SEA,19,ATL,0,0,0,0,0,3,0,1,1,5,0,1,0,0,0,0,0,0,0,0,0,0,,,,,
James O'Shaughnessy,TE,KC,19,PIT,0,0,0,0,0,0,0,0,0,0,0,0,0,0,0,0,0,0,0,0,0,0,,,,,
James White,RB,NE,19,HOU,0,0,0,0,0,0,0,0,1,19,1,1,0,0,0,0,0,0,0,0,0,0,,,,,
Jared Cook,TE,GB,19,DAL,0,0,0,0,0,0,0,0,6,103,1,11,0,0,0,0,0,0,0,0,0,0,,,,,
Jason Witten,TE,DAL,19,GB,0,0,0,0,0,0,0,0,6,59,1,9,0,0,0,0,0,0,0,0,0,0,,,,,
Jeremy Maclin,WR,KC,19,PIT,0,0,0,0,0,0,0,0,2,28,0,4,0,0,0,0,0,0,0,0,0,0,,,,,
Jermaine Kearse,WR,SEA,19,ATL,0,0,0,0,0,0,0,0,1,8,0,3,0,0,0,0,0,0,0,0,0,0,,,,,
Jesse James,TE,PIT,19,KC,0,0,0,0,0,0,0,0,5,83,0,6,0,0,0,0,0,0,0,0,0,0,,,,,
Jimmy Graham,TE,SEA,19,ATL,0,0,0,0,0,0,0,0,3,22,1,3,0,0,0,0,0,0,0,0,0,0,,,,,
Jonathan Grimes,RB,HOU,19,NE,0,0,0,0,0,11,0,2,4,43,0,4,0,0,0,0,0,0,0,0,0,0,,,,,
Josh Perkins,TE,ATL,19,SEA,0,0,0,0,0,0,0,0,0,0,0,0,0,0,0,0,0,0,0,0,0,0,,,,,
Julian Edelman,WR,NE,19,HOU,0,0,0,0,0,12,0,1,8,137,0,13,0,0,0,0,0,0,0,0,0,0,,,,,
Julio Jones,WR,ATL,19,SEA,0,0,0,0,0,0,0,0,6,67,1,8,0,0,0,0,0,0,0,0,0,0,,,,,
Justin Hardy,WR,ATL,19,SEA,0,0,0,0,0,0,0,1,2,18,0,2,0,0,0,0,0,0,0,0,0,0,,,,,
KC,DEF,KC,19,PIT,,,,,,,,,,,,,,,,,,,,,,,0,0,0,0,18.0
Keith Mumphery,WR,HOU,19,NE,0,0,0,0,0,0,0,0,1,7,0,3,0,0,0,0,0,0,0,0,0,0,,,,,
Lamar Miller,RB,HOU,19,NE,0,0,0,0,0,74,0,19,4,15,0,7,0,0,0,0,0,0,0,0,0,0,,,,,
Le'Veon Bell,RB,PIT,19,KC,0,0,0,0,0,170,0,30,2,-4,0,5,0,0,0,0,0,0,0,0,0,0,,,,,
LeGarrette Blount,RB,NE,19,HOU,0,0,0,0,0,31,0,8,0,0,0,0,0,0,0,0,0,0,0,0,0,0,,,,,
Levine Toilolo,TE,ATL,19,SEA,0,0,0,0,0,0,0,0,2,26,0,4,0,0,0,0,0,0,0,0,0,0,,,,,
Luke Willson,TE,SEA,19,ATL,0,0,0,0,0,0,0,0,0,0,0,1,0,0,0,0,0,0,0,0,0,0,,,,,
Martellus Bennett,TE,NE,19,HOU,0,0,0,0,0,0,0,0,1,4,0,4,0,0,0,0,0,0,0,0,0,0,,,,,
Mason Crosby,K,GB,19,DAL,0,0,0,0,0,0,0,0,0,0,0,0,0,0,0,0,0,0,0,2,0,4,,,,,
Matt Bryant,K,ATL,19,SEA,0,0,0,0,0,0,0,0,0,0,0,0,0,0,0,0,0,2,0,0,0,4,,,,,
Matt Lengel,TE,NE,19,HOU,0,0,0,0,0,0,0,0,0,0,0,0,0,0,0,0,0,0,0,0,0,0,,,,,
Matt Ryan,QB,ATL,19,SEA,338,3,37,26,0,-3,0,3,0,0,0,0,0,0,0,0,0,0,0,0,0,0,,,,,
Matthew Slater,WR,NE,19,HOU,0,0,0,0,0,0,0,0,0,0,0,0,0,0,0,0,0,0,0,0,0,0,,,,,
Michael Floyd,WR,NE,19,HOU,0,0,0,0,0,0,0,0,1,9,0,3,0,0,0,0,0,0,0,0,0,0,,,,,
Mohamed Sanu,WR,ATL,19,SEA,0,0,0,0,0,0,0,0,4,44,1,5,0,0,0,0,0,0,0,0,0,0,,,,,
NE,DEF,NE,19,HOU,,,,,,,,,,,,,,,,,,,,,,,0,0,0,0,16.0
Nick Novak,K,HOU,19,NE,0,0,0,0,0,0,0,0,0,0,0,0,0,0,0,0,1,1,1,0,0,1,,,,,
PIT,DEF,PIT,19,KC,,,,,,,,,,,,,,,,,,,,,,,0,0,0,0,16.0
Patrick DiMarco,RB,ATL,19,SEA,0,0,0,0,0,0,0,0,0,0,0,1,0,0,0,0,0,0,0,0,0,0,,,,,
Paul Richardson,WR,SEA,19,ATL,0,0,0,0,0,0,0,0,4,83,0,5,0,0,0,0,0,0,0,0,0,0,,,,,
Randall Cobb,WR,GB,19,DAL,0,0,0,0,0,0,0,0,7,62,0,8,0,0,0,0,0,0,0,0,0,0,,,,,
Richard Rodgers,TE,GB,19,DAL,0,0,0,0,0,0,0,0,1,34,1,2,0,0,0,0,0,0,0,0,0,0,,,,,
Russell Wilson,QB,SEA,19,ATL,225,2,30,17,2,49,0,6,0,0,0,0,0,0,0,0,0,0,0,0,0,0,,,,,
Ryan Griffin,TE,HOU,19,NE,0,0,0,0,0,0,0,0,0,0,0,3,0,0,0,0,0,0,0,0,0,0,,,,,
SEA,DEF,SEA,19,ATL,,,,,,,,,,,,,,,,,,,,,,,0,0,0,0,36.0
Sammie Coates,WR,PIT,19,KC,0,0,0,0,0,0,0,0,0,0,0,0,0,0,0,0,0,0,0,0,0,0,,,,,
Spencer Ware,RB,KC,19,PIT,0,0,0,0,0,35,1,8,2,1,0,4,0,0,0,0,0,0,0,0,0,0,,,,,
Stephen Anderson,TE,HOU,19,NE,0,0,0,0,0,0,0,0,0,0,0,1,0,0,0,0,0,0,0,0,0,0,,,,,
Stephen Gostkowski,K,NE,19,HOU,0,0,0,0,0,0,0,0,0,0,0,0,0,0,0,1,0,0,1,0,0,4,,,,,
Steven Hauschka,K,SEA,19,ATL,0,0,0,0,0,0,0,0,0,0,0,0,0,0,0,0,1,1,0,0,0,2,,,,,
Tanner McEvoy,WR,SEA,19,ATL,0,0,0,0,0,0,0,0,0,0,0,1,0,0,0,0,0,0,0,0,0,0,,,,,
Taylor Gabriel,WR,ATL,19,SEA,0,0,0,0,0,0,0,0,4,71,0,6,0,0,0,0,0,0,0,0,0,0,,,,,
Terrance Williams,WR,DAL,19,GB,0,0,0,0,0,0,0,0,4,68,0,6,0,0,0,0,0,0,0,0,0,0,,,,,
Tevin Coleman,RB,ATL,19,SEA,0,0,0,0,0,57,0,11,3,22,1,4,0,0,0,0,0,0,0,0,0,0,,,,,
Thomas Rawls,RB,SEA,19,ATL,0,0,0,0,0,34,0,11,0,0,0,0,0,0,0,0,0,0,0,0,0,0,,,,,
Tom Brady,QB,NE,19,HOU,287,2,38,18,2,-1,0,4,0,0,0,0,0,0,0,0,0,0,0,0,0,0,,,,,
Travis Kelce,TE,KC,19,PIT,0,0,0,0,0,0,0,0,5,77,0,7,0,0,0,0,0,0,0,0,0,0,,,,,
Ty Montgomery,WR,GB,19,DAL,0,0,0,0,0,47,2,11,6,34,0,7,0,0,0,0,0,0,0,0,0,0,,,,,
Tyler Ervin,RB,HOU,19,NE,0,0,0,0,0,0,0,0,0,0,0,0,0,0,0,0,0,0,0,0,0,0,,,,,
Tyreek Hill,WR,KC,19,PIT,0,0,0,0,0,18,0,3,4,27,0,6,0,0,0,0,0,0,0,0,0,0,,,,,
Will Fuller,WR,HOU,19,NE,0,0,0,0,0,0,0,0,3,16,0,6,0,0,0,0,0,0,0,0,0,0,,,,,
ATL,DEF,ATL,20,GB,,,,,,,,,,,,,,,,,,,,,,,0,0,0,0,21.0
Aaron Rodgers,QB,GB,20,ATL,287,3,45,27,1,46,0,4,0,0,0,0,0,0,0,0,0,0,0,0,0,0,,,,,
Aldrick Robinson,WR,ATL,20,GB,0,0,0,0,0,0,0,0,0,0,0,3,0,0,0,0,0,0,0,0,0,0,,,,,
Antonio Brown,WR,PIT,20,NE,0,0,0,0,0,0,0,0,7,77,0,9,0,0,0,0,0,0,0,0,0,0,,,,,
Austin Hooper,TE,ATL,20,GB,0,0,0,0,0,0,0,0,2,23,0,2,0,0,0,0,0,0,0,0,0,0,,,,,
Ben Roethlisberger,QB,PIT,20,NE,314,1,47,31,1,0,0,0,0,0,0,0,0,0,1,0,0,0,0,0,0,0,,,,,
Brett Hundley,QB,GB,20,ATL,0,0,0,0,0,14,0,1,0,0,0,0,0,0,0,0,0,0,0,0,0,0,,,,,
Chris Boswell,K,PIT,20,NE,0,0,0,0,0,0,0,0,0,0,0,0,0,0,0,0,1,0,0,0,0,0,,,,,
Chris Hogan,WR,NE,20,PIT,0,0,0,0,0,0,0,0,9,180,2,12,0,0,0,0,0,0,0,0,0,0,,,,,
Christine Michael,RB,GB,20,ATL,0,0,0,0,0,11,0,6,1,3,0,2,0,0,0,0,0,0,0,0,0,0,,,,,
Cobi Hamilton,WR,PIT,20,NE,0,0,0,0,0,0,0,0,2,37,1,5,0,0,0,0,0,0,0,0,0,0,,,,,
Danny Amendola,WR,NE,20,PIT,0,0,0,0,0,0,0,0,2,12,0,2,0,0,0,0,0,0,0,0,0,0,,,,,
Darrius Heyward-Bey,WR,PIT,20,NE,0,0,0,0,0,0,0,0,0,0,0,2,0,0,0,0,0,0,0,0,0,0,,,,,
Davante Adams,WR,GB,20,ATL,0,0,0,0,0,0,0,0,3,16,1,3,0,0,0,0,0,0,0,0,0,0,,,,,
David Johnson,TE,PIT,20,NE,0,0,0,0,0,0,0,0,1,1,0,1,0,0,0,0,0,0,0,0,0,0,,,,,
DeAngelo Williams,RB,PIT,20,NE,0,0,0,0,0,34,1,14,7,51,0,7,0,0,1,0,0,0,0,0,0,0,,,,,
Devonta Freeman,RB,ATL,20,GB,0,0,0,0,0,42,0,14,4,42,1,5,0,0,0,0,0,0,0,0,0,0,,,,,
Dion Lewis,RB,NE,20,PIT,0,0,0,0,0,11,0,6,2,8,0,2,0,0,0,0,0,0,0,0,0,0,,,,,
Eli Rogers,WR,PIT,20,NE,0,0,0,0,0,0,0,0,7,66,0,10,0,0,0,0,0,0,0,0,0,0,,,,,
Eric Weems,WR,ATL,20,GB,0,0,0,0,0,0,0,0,0,0,0,0,0,0,0,0,0,0,0,0,0,0,,,,,
GB,DEF,GB,20,ATL,,,,,,,,,,,,,,,,,,,,,,,0,0,0,0,44.0
Geronimo Allison,WR,GB,20,ATL,0,0,0,0,0,0,0,0,1,11,0,1,0,0,0,0,0,0,0,0,0,0,,,,,
James White,RB,NE,20,PIT,0,0,0,0,0,0,0,1,3,8,0,4,0,0,0,0,0,0,0,0,0,0,,,,,
Jared Cook,TE,GB,20,ATL,0,0,0,0,0,0,0,0,7,78,1,12,0,0,0,0,0,0,0,0,0,0,,,,,
Jeff Janis,WR,GB,20,ATL,0,0,0,0,0,0,0,0,0,0,0,1,0,0,0,0,0,0,0,0,0,0,,,,,
Jesse James,TE,PIT,20,NE,0,0,0,0,0,0,0,0,5,48,0,7,0,0,0,0,0,0,0,0,0,0,,,,,
Jordy Nelson,WR,GB,20,ATL,0,0,0,0,0,0,0,0,6,67,1,9,0,0,0,0,0,0,0,0,0,0,,,,,
Julian Edelman,WR,NE,20,PIT,0,0,0,0,0,0,0,0,8,118,1,10,0,0,0,0,0,0,0,0,0,0,,,,,
Julio Jones,WR,ATL,20,GB,0,0,0,0,0,0,0,0,9,180,2,12,0,0,0,0,0,0,0,0,0,0,,,,,
Justin Hardy,WR,ATL,20,GB,0,0,0,0,0,0,0,0,0,0,0,0,0,0,0,0,0,0,0,0,0,0,,,,,
Le'Veon Bell,RB,PIT,20,NE,0,0,0,0,0,20,0,6,0,0,0,0,0,0,0,0,0,0,0,0,0,0,,,,,
LeGarrette Blount,RB,NE,20,PIT,0,0,0,0,0,47,1,16,1,8,0,1,0,0,0,0,0,0,0,0,0,0,,,,,
Levine Toilolo,TE,ATL,20,GB,0,0,0,0,0,0,0,0,1,5,0,2,0,0,0,0,0,0,0,0,0,0,,,,,
Malcolm Mitchell,WR,NE,20,PIT,0,0,0,0,0,0,0,0,1,5,0,4,0,0,0,0,0,0,0,0,0,0,,,,,
Martellus Bennett,TE,NE,20,PIT,0,0,0,0,0,0,0,0,5,32,0,5,0,0,0,0,0,0,0,0,0,0,,,,,
Mason Crosby,K,GB,20,ATL,0,0,0,0,0,0,0,0,0,0,0,0,0,0,0,0,0,0,0,0,0,1,,,,,
Matt Bryant,K,ATL,20,GB,0,0,0,0,0,0,0,0,0,0,0,0,0,0,0,0,1,0,0,0,0,5,,,,,
Matt Ryan,QB,ATL,20,GB,392,4,38,27,0,23,1,3,0,0,0,0,0,0,0,0,0,0,0,0,0,0,,,,,
Mohamed Sanu,WR,ATL,20,GB,0,0,0,0,0,7,0,1,5,52,1,7,0,0,0,0,0,0,0,0,0,0,,,,,
NE,DEF,NE,20,PIT,,,,,,,,,,,,,,,,,,,,,,,0,0,0,0,17.0
PIT,DEF,PIT,20,NE,,,,,,,,,,,,,,,,,,,,,,,0,0,0,0,36.0
Patrick DiMarco,RB,ATL,20,GB,0,0,0,0,0,0,0,0,1,31,0,1,0,0,0,0,0,0,0,0,0,0,,,,,
Randall Cobb,WR,GB,20,ATL,0,0,0,0,0,0,0,0,6,82,0,9,0,0,0,0,0,0,0,0,0,0,,,,,
Sammie Coates,WR,PIT,20,NE,0,0,0,0,0,0,0,0,2,34,0,5,0,0,0,0,0,0,0,0,0,0,,,,,
Stephen Gostkowski,K,NE,20,PIT,0,0,0,0,0,0,0,0,0,0,0,0,0,0,0,0,1,1,1,0,0,3,,,,,
Taylor Gabriel,WR,ATL,20,GB,0,0,0,0,0,0,0,1,2,24,0,3,0,0,0,0,0,0,0,0,0,0,,,,,
Tevin Coleman,RB,ATL,20,GB,0,0,0,0,0,29,1,11,3,35,0,3,0,0,0,0,0,0,0,0,0,0,,,,,
Tom Brady,QB,NE,20,PIT,384,3,42,32,0,-1,0,4,0,0,0,0,0,0,0,0,0,0,0,0,0,0,,,,,
Trevor Davis,WR,GB,20,ATL,0,0,0,0,0,0,0,0,0,0,0,0,0,0,0,0,0,0,0,0,0,0,,,,,
Ty Montgomery,WR,GB,20,ATL,0,0,0,0,0,17,0,3,1,2,0,3,0,0,0,0,0,0,0,0,0,0,,,,,
ATL,DEF,ATL,21,NE,,,,,,,,,,,,,,,,,,,,,,,1,0,0,0,34.0
Austin Hooper,TE,ATL,21,NE,0,0,0,0,0,0,0,0,3,32,1,6,0,0,0,0,0,0,0,0,0,0,,,,,
Brandon Bolden,RB,NE,21,ATL,0,0,0,0,0,0,0,0,0,0,0,0,0,0,0,0,0,0,0,0,0,0,,,,,
Chris Hogan,WR,NE,21,ATL,0,0,0,0,0,0,0,0,4,57,0,7,0,0,0,0,0,0,0,0,0,0,,,,,
Danny Amendola,WR,NE,21,ATL,0,0,0,0,0,0,0,0,8,78,1,11,0,0,1,0,0,0,0,0,0,0,,,,,
Devonta Freeman,RB,ATL,21,NE,0,0,0,0,0,75,1,11,2,46,0,2,0,0,0,0,0,0,0,0,0,0,,,,,
Dion Lewis,RB,NE,21,ATL,0,0,0,0,0,27,0,6,1,2,0,3,0,0,0,0,0,0,0,0,0,0,,,,,
Eric Weems,WR,ATL,21,NE,0,0,0,0,0,0,0,0,0,0,0,0,0,0,0,0,0,0,0,0,0,0,,,,,
James White,RB,NE,21,ATL,0,0,0,0,0,29,2,6,14,110,1,16,0,0,1,0,0,0,0,0,0,0,,,,,
Julian Edelman,WR,NE,21,ATL,0,0,1,0,0,2,0,1,5,87,0,13,0,0,0,0,0,0,0,0,0,0,,,,,
Julio Jones,WR,ATL,21,NE,0,0,0,0,0,0,0,0,4,87,0,4,0,0,0,0,0,0,0,0,0,0,,,,,
Justin Hardy,WR,ATL,21,NE,0,0,0,0,0,0,0,0,0,0,0,0,0,0,0,0,0,0,0,0,0,0,,,,,
LeGarrette Blount,RB,NE,21,ATL,0,0,0,0,0,31,0,11,0,0,0,0,0,0,0,0,0,0,0,0,0,0,,,,,
Malcolm Mitchell,WR,NE,21,ATL,0,0,0,0,0,0,0,0,6,70,0,7,0,0,0,0,0,0,0,0,0,0,,,,,
Martellus Bennett,TE,NE,21,ATL,0,0,0,0,0,0,0,0,5,62,0,6,0,0,0,0,0,0,0,0,0,0,,,,,
Matt Bryant,K,ATL,21,NE,0,0,0,0,0,0,0,0,0,0,0,0,0,0,0,0,0,0,0,0,0,4,,,,,
Matt Ryan,QB,ATL,21,NE,284,2,23,17,0,0,0,0,0,0,0,0,0,0,0,0,0,0,0,0,0,0,,,,,
Mohamed Sanu,WR,ATL,21,NE,0,0,0,0,0,0,0,0,2,25,0,2,0,0,0,0,0,0,0,0,0,0,,,,,
NE,DEF,NE,21,ATL,,,,,,,,,,,,,,,,,,,,,,,0,0,0,0,28.0
Patrick DiMarco,RB,ATL,21,NE,0,0,0,0,0,0,0,0,2,12,0,2,0,0,0,0,0,0,0,0,0,0,,,,,
Stephen Gostkowski,K,NE,21,ATL,0,0,0,0,0,0,0,0,0,0,0,0,0,0,0,0,0,1,1,0,0,0,,,,,
Taylor Gabriel,WR,ATL,21,NE,0,0,0,0,0,0,0,0,3,76,0,5,0,0,0,0,0,0,0,0,0,0,,,,,
Tevin Coleman,RB,ATL,21,NE,0,0,0,0,0,29,0,7,1,6,1,1,0,0,0,0,0,0,0,0,0,0,,,,,
Tom Brady,QB,NE,21,ATL,466,2,62,43,1,15,0,1,0,0,0,0,0,0,1,0,0,0,0,0,0,0,,,,,
