name,position,team,week,opponent_team,pass_yds,pass_td,pass_att,pass_cmp,pass_int,rush_yds,rush_td,carries,rec,rec_yds,rec_td,targets,return_td,off_fumble_return_td,two_pt,fg_0_19,fg_20_29,fg_30_39,fg_40_49,fg_50_plus,fg_60_plus,pat_made,def_td,def_safety,def_return_td,def_xp_returned,def_points_allowed
A.J. Derby,TE,DEN,1,LAC,0,0,0,0,0,0,0,0,3,34,0,3,0,0,0,0,0,0,0,0,0,0,,,,,
A.J. Green,WR,CIN,1,BAL,0,0,0,0,0,0,0,0,5,74,0,10,0,0,0,0,0,0,0,0,0,0,,,,,
ARI,DEF,ARI,1,DET,,,,,,,,,,,,,,,,,,,,,,,1,0,0,0,35.0
ATL,DEF,ATL,1,CHI,,,,,,,,,,,,,,,,,,,,,,,0,0,0,0,17.0
Aaron Rodgers,QB,GB,1,SEA,311,1,42,28,1,21,0,7,0,0,0,0,0,0,0,0,0,0,0,0,0,0,,,,,
Adam Thielen,WR,MIN,1,NO,0,0,0,0,0,0,0,0,9,157,0,10,0,0,0,0,0,0,0,0,0,0,,,,,
Adam Vinatieri,K,IND,1,LA,0,0,0,0,0,0,0,0,0,0,0,0,0,0,0,0,1,0,0,0,0,0,,,,,
Adrian Peterson,RB,NO,1,MIN,0,0,0,0,0,18,0,6,0,0,0,1,0,0,0,0,0,0,0,0,0,0,,,,,
Albert Wilson,WR,KC,1,NE,0,0,0,0,0,0,0,0,5,37,0,5,0,0,0,0,0,0,0,0,0,0,,,,,
Aldrick Robinson,WR,SF,1,CAR,0,0,0,0,0,0,0,0,1,7,0,2,0,0,0,0,0,0,0,0,0,0,,,,,
Aldrick Rosas,K,NYG,1,DAL,0,0,0,0,0,0,0,0,0,0,0,0,0,0,0,0,1,0,0,0,0,0,,,,,
Alex Erickson,WR,CIN,1,BAL,0,0,0,0,0,0,0,0,0,0,0,0,0,0,0,0,0,0,0,0,0,0,,,,,
Alex Smith,QB,KC,1,NE,368,4,35,28,0,3,0,5,0,0,0,0,0,0,0,0,0,0,0,0,0,0,,,,,
Alfred Morris,RB,DAL,1,NYG,0,0,0,0,0,1,0,4,0,0,0,0,0,0,0,0,0,0,0,0,0,0,,,,,
Allen Hurns,WR,JAX,1,HOU,0,0,0,0,0,0,0,0,3,42,0,4,0,0,0,0,0,0,0,0,0,0,,,,,
Allen Robinson,WR,JAX,1,HOU,0,0,0,0,0,0,0,0,1,17,0,1,0,0,0,0,0,0,0,0,0,0,,,,,
Alshon Jeffery,WR,PHI,1,WAS,0,0,0,0,0,0,0,0,3,38,0,7,0,0,1,0,0,0,0,0,0,0,,,,,
Alvin Kamara,RB,NO,1,MIN,0,0,0,0,0,18,0,7,4,20,0,6,0,0,0,0,0,0,0,0,0,0,,,,,
Amara Darboh,WR,SEA,1,GB,0,0,0,0,0,0,0,0,0,0,0,1,0,0,0,0,0,0,0,0,0,0,,,,,
Amari Cooper,WR,LV,1,TEN,0,0,0,0,0,0,0,0,5,62,1,13,0,0,0,0,0,0,0,0,0,0,,,,,
Ameer Abdullah,RB,DET,1,ARI,0,0,0,0,0,30,0,15,3,11,0,4,0,0,0,0,0,0,0,0,0,0,,,,,
Andre Ellington,RB,ARI,1,DET,0,0,0,0,0,0,0,0,2,35,0,3,0,0,0,0,0,0,0,0,0,0,,,,,
Andre Holmes,WR,BUF,1,NYJ,0,0,0,0,0,0,0,0,1,1,1,1,0,0,0,0,0,0,0,0,0,0,,,,,
Andre Roberts,WR,ATL,1,CHI,0,0,0,0,0,0,0,0,0,0,0,0,0,0,0,0,0,0,0,0,0,0,,,,,
Andy Dalton,QB,CIN,1,BAL,170,0,31,16,4,2,0,1,0,0,0,0,0,0,0,0,0,0,0,0,0,0,,,,,
Antonio Brown,WR,PIT,1,CLE,0,0,0,0,0,0,0,0,11,182,0,11,0,0,0,0,0,0,0,0,0,0,,,,,
Antonio Gates,TE,LAC,1,DEN,0,0,0,0,0,0,0,0,2,17,0,3,0,0,0,0,0,0,0,0,0,0,,,,,
ArDarius Stewart,WR,NYJ,1,BUF,0,0,0,0,0,0,0,0,2,10,0,5,0,0,0,0,0,0,0,0,0,0,,,,,
Arrelious Benn,WR,JAX,1,HOU,0,0,0,0,0,0,0,0,1,12,0,1,0,0,0,0,0,0,0,0,0,0,,,,,
Austin Ekeler,RB,LAC,1,DEN,0,0,0,0,0,0,0,0,2,18,0,2,0,0,0,0,0,0,0,0,0,0,,,,,
Austin Hooper,TE,ATL,1,CHI,0,0,0,0,0,0,0,0,2,128,1,2,0,0,0,0,0,0,0,0,0,0,,,,,
BAL,DEF,BAL,1,CIN,,,,,,,,,,,,,,,,,,,,,,,0,0,0,0,0.0
BUF,DEF,BUF,1,NYJ,,,,,,,,,,,,,,,,,,,,,,,0,0,0,0,12.0
Ben Roethlisberger,QB,PIT,1,CLE,263,2,36,24,1,-8,0,3,0,0,0,0,0,0,0,0,0,0,0,0,0,0,,,,,
Benjamin Watson,TE,BAL,1,CIN,0,0,0,0,0,0,0,0,0,0,0,1,0,0,0,0,0,0,0,0,0,0,,,,,
Bennie Fowler,WR,DEN,1,LAC,0,0,0,0,0,0,0,0,3,21,2,4,0,0,0,0,0,0,0,0,0,0,,,,,
Benny Cunningham,RB,CHI,1,ATL,0,0,0,0,0,0,0,0,0,0,0,0,0,0,0,0,0,0,0,0,0,0,,,,,
Bilal Powell,RB,NYJ,1,BUF,0,0,0,0,0,22,0,7,5,17,0,6,0,0,0,0,0,0,0,0,0,0,,,,,
Blair Walsh,K,SEA,1,GB,0,0,0,0,0,0,0,0,0,0,0,0,0,0,0,0,1,1,1,0,0,0,,,,,
Blake Bortles,QB,JAX,1,HOU,125,1,21,11,0,13,0,3,0,0,0,0,0,0,0,0,0,0,0,0,0,0,,,,,
Branden Oliver,RB,LAC,1,DEN,0,0,0,0,0,10,0,4,0,0,0,1,0,0,0,0,0,0,0,0,0,0,,,,,
Brandin Cooks,WR,NE,1,KC,0,0,0,0,0,0,0,0,3,88,0,7,0,0,0,0,0,0,0,0,0,0,,,,,
Brandon Bolden,RB,NE,1,KC,0,0,0,0,0,0,0,0,0,0,0,0,0,0,0,0,0,0,0,0,0,0,,,,,
Brandon Coleman,WR,NO,1,MIN,0,0,0,0,0,0,0,0,2,13,0,3,0,0,0,0,0,0,0,0,0,0,,,,,
Brandon LaFell,WR,CIN,1,BAL,0,0,0,0,0,0,0,0,3,24,0,5,0,0,0,0,0,0,0,0,0,0,,,,,
Brandon Marshall,WR,NYG,1,DAL,0,0,0,0,0,0,0,0,1,10,0,4,0,0,0,0,0,0,0,0,0,0,,,,,
Brandon McManus,K,DEN,1,LAC,0,0,0,0,0,0,0,0,0,0,0,0,0,0,0,0,1,0,0,0,0,3,,,,,
Brandon Tate,WR,BUF,1,NYJ,0,0,0,0,0,0,0,0,0,0,0,0,0,0,0,0,0,0,0,0,0,0,,,,,
Braxton Miller,WR,HOU,1,JAX,0,0,0,0,0,0,0,0,0,0,0,1,0,0,0,0,0,0,0,0,0,0,,,,,
Brent Celek,TE,PHI,1,WAS,0,0,0,0,0,0,0,0,1,11,0,2,0,0,0,0,0,0,0,0,0,0,,,,,
Breshad Perriman,WR,BAL,1,CIN,0,0,0,0,0,0,0,0,1,5,0,4,0,0,0,0,0,0,0,0,0,0,,,,,
Brian Hoyer,QB,SF,1,CAR,193,0,35,24,1,-5,0,1,0,0,0,0,0,0,0,0,0,0,0,0,0,0,,,,,
Brian Quick,WR,WAS,1,PHI,0,0,0,0,0,0,0,0,1,11,0,1,0,0,0,0,0,0,0,0,0,0,,,,,
Brice Butler,WR,DAL,1,NYG,0,0,0,0,0,0,0,0,1,30,0,3,0,0,0,0,0,0,0,0,0,0,,,,,
Bruce Ellington,WR,HOU,1,JAX,0,0,0,0,0,0,0,0,0,0,0,2,0,0,0,0,0,0,0,0,0,0,,,,,
C.J. Anderson,RB,DEN,1,LAC,0,0,0,0,0,81,0,20,1,7,0,3,0,0,0,0,0,0,0,0,0,0,,,,,
C.J. Fiedorowicz,TE,HOU,1,JAX,0,0,0,0,0,0,0,0,4,46,0,4,0,0,0,0,0,0,0,0,0,0,,,,,
C.J. Prosise,RB,SEA,1,GB,0,0,0,0,0,11,0,4,0,0,0,0,0,0,0,0,0,0,0,0,0,0,,,,,
CAR,DEF,CAR,1,SF,,,,,,,,,,,,,,,,,,,,,,,0,0,0,0,3.0
CHI,DEF,CHI,1,ATL,,,,,,,,,,,,,,,,,,,,,,,0,0,0,0,23.0
CIN,DEF,CIN,1,BAL,,,,,,,,,,,,,,,,,,,,,,,0,0,0,0,20.0
CLE,DEF,CLE,1,PIT,,,,,,,,,,,,,,,,,,,,,,,0,0,0,0,21.0
Cairo Santos,K,KC,1,NE,0,0,0,0,0,0,0,0,0,0,0,0,0,0,0,0,0,0,0,0,0,6,,,,,
Caleb Sturgis,K,PHI,1,WAS,0,0,0,0,0,0,0,0,0,0,0,0,0,0,0,0,0,1,1,1,0,1,,,,,
Cam Newton,QB,CAR,1,SF,171,2,25,14,1,3,0,6,0,0,0,0,0,0,0,0,0,0,0,0,0,0,,,,,
Carlos Hyde,RB,SF,1,CAR,0,0,0,0,0,45,0,9,6,32,0,6,0,0,0,0,0,0,0,0,0,0,,,,,
Carson Palmer,QB,ARI,1,DET,268,1,48,27,3,2,0,1,0,0,0,0,0,0,0,0,0,0,0,0,0,0,,,,,
Carson Wentz,QB,PHI,1,WAS,307,2,39,26,1,6,0,4,0,0,0,0,0,0,1,0,0,0,0,0,0,0,,,,,
Chad Hansen,WR,NYJ,1,BUF,0,0,0,0,0,0,0,0,0,0,0,0,0,0,0,0,0,0,0,0,0,0,,,,,
Chandler Catanzaro,K,NYJ,1,BUF,0,0,0,0,0,0,0,0,0,0,0,0,0,0,0,0,0,0,1,1,0,0,,,,,
Charcandrick West,RB,KC,1,NE,0,0,0,0,0,21,1,1,1,4,0,1,0,0,0,0,0,0,0,0,0,0,,,,,
Charles Clay,TE,BUF,1,NYJ,0,0,0,0,0,0,0,0,4,53,1,9,0,0,0,0,0,0,0,0,0,0,,,,,
Chris Boswell,K,PIT,1,CLE,0,0,0,0,0,0,0,0,0,0,0,0,0,0,0,0,0,0,0,0,0,3,,,,,
Chris Carson,RB,SEA,1,GB,0,0,0,0,0,39,0,6,1,10,0,1,0,0,0,0,0,0,0,0,0,0,,,,,
Chris Conley,WR,KC,1,NE,0,0,0,0,0,0,0,0,2,43,0,4,0,0,0,0,0,0,0,0,0,0,,,,,
Chris Hogan,WR,NE,1,KC,0,0,0,0,0,17,0,3,1,8,0,5,0,0,0,0,0,0,0,0,0,0,,,,,
Chris Ivory,RB,JAX,1,HOU,0,0,0,0,0,42,0,9,1,11,0,2,0,0,0,0,0,0,0,0,0,0,,,,,
Chris Moore,WR,BAL,1,CIN,0,0,0,0,0,0,0,0,0,0,0,0,0,0,0,0,0,0,0,0,0,0,,,,,
Chris Thompson,RB,WAS,1,PHI,0,0,0,0,0,4,0,3,4,52,1,5,0,0,0,0,0,0,0,0,0,0,,,,,
Christian McCaffrey,RB,CAR,1,SF,0,0,0,0,0,47,0,13,5,38,0,7,0,0,0,0,0,0,0,0,0,0,,,,,
Coby Fleener,TE,NO,1,MIN,0,0,0,0,0,0,0,0,5,54,1,6,0,0,0,0,0,0,0,0,0,0,,,,,
Cody Core,WR,CIN,1,BAL,0,0,0,0,0,0,0,0,0,0,0,2,0,0,0,0,0,0,0,0,0,0,,,,,
Cody Latimer,WR,DEN,1,LAC,0,0,0,0,0,0,0,0,0,0,0,0,0,0,0,0,0,0,0,0,0,0,,,,,
Cole Beasley,WR,DAL,1,NYG,0,0,0,0,0,0,0,0,3,32,0,5,0,0,0,0,0,0,0,0,0,0,,,,,
Connor Barth,K,CHI,1,ATL,0,0,0,0,0,0,0,0,0,0,0,0,0,0,0,0,0,0,0,1,0,2,,,,,
Cooper Kupp,WR,LA,1,IND,0,0,0,0,0,0,0,0,4,76,1,6,0,0,0,0,0,0,0,0,0,0,,,,,
Cordarrelle Patterson,RB,LV,1,TEN,0,0,0,0,0,5,0,1,1,2,0,1,0,0,0,0,0,0,0,0,0,0,,,,,
Corey Clement,RB,PHI,1,WAS,0,0,0,0,0,0,0,0,0,0,0,0,0,0,0,0,0,0,0,0,0,0,,,,,
Corey Coleman,WR,CLE,1,PIT,0,0,0,0,0,0,0,0,5,53,1,6,0,0,0,0,0,0,0,0,0,0,,,,,
Corey Davis,WR,TEN,1,LV,0,0,0,0,0,0,0,0,6,69,0,10,0,0,0,0,0,0,0,0,0,0,,,,,
D'Onta Foreman,RB,HOU,1,JAX,0,0,0,0,0,4,0,1,0,0,0,0,0,0,0,0,0,0,0,0,0,0,,,,,
DAL,DEF,DAL,1,NYG,,,,,,,,,,,,,,,,,,,,,,,0,0,0,0,3.0
DEN,DEF,DEN,1,LAC,,,,,,,,,,,,,,,,,,,,,,,0,0,0,0,21.0
DET,DEF,DET,1,ARI,,,,,,,,,,,,,,,,,,,,,,,1,0,0,0,23.0
Dak Prescott,QB,DAL,1,NYG,268,1,39,24,0,24,0,3,0,0,0,0,0,0,0,0,0,0,0,0,0,0,,,,,
Dalvin Cook,RB,MIN,1,NO,0,0,0,0,0,127,0,22,3,10,0,5,0,0,0,0,0,0,0,0,0,0,,,,,
Damiere Byrd,WR,CAR,1,SF,0,0,0,0,0,0,0,0,0,0,0,1,0,0,0,0,0,0,0,0,0,0,,,,,
Dan Bailey,K,DAL,1,NYG,0,0,0,0,0,0,0,0,0,0,0,0,0,0,0,0,1,1,2,0,0,1,,,,,
Danny Amendola,WR,NE,1,KC,0,0,0,0,0,0,0,0,6,100,0,7,0,0,0,0,0,0,0,0,0,0,,,,,
Danny Woodhead,RB,BAL,1,CIN,0,0,0,0,0,4,0,1,3,33,0,3,0,0,0,0,0,0,0,0,0,0,,,,,
Darren Sproles,RB,PHI,1,WAS,0,0,0,0,0,2,0,2,5,43,0,8,0,0,0,0,0,0,0,0,0,0,,,,,
Darrius Heyward-Bey,WR,PIT,1,CLE,0,0,0,0,0,0,0,0,0,0,0,0,0,0,0,0,0,0,0,0,0,0,,,,,
Davante Adams,WR,GB,1,SEA,0,0,0,0,0,0,0,0,3,47,0,7,0,0,0,0,0,0,0,0,0,0,,,,,
David Johnson,RB,ARI,1,DET,0,0,0,0,0,23,0,11,6,67,0,9,0,0,0,0,0,0,0,0,0,0,,,,,
David Morgan,TE,MIN,1,NO,0,0,0,0,0,0,0,0,0,0,0,0,0,0,0,0,0,0,0,0,0,0,,,,,
David Njoku,TE,CLE,1,PIT,0,0,0,0,0,0,0,0,2,20,0,2,0,0,0,0,0,0,0,0,0,0,,,,,
De'Anthony Thomas,WR,KC,1,NE,0,0,0,0,0,4,0,1,1,-2,0,1,0,0,0,0,0,0,0,0,0,0,,,,,
DeAndre Hopkins,WR,HOU,1,JAX,0,0,0,0,0,0,0,0,7,55,1,16,0,0,0,0,0,0,0,0,0,0,,,,,
DeAndre Washington,RB,LV,1,TEN,0,0,0,0,0,4,0,3,2,18,0,2,0,0,0,0,0,0,0,0,0,0,,,,,
DeMarco Murray,RB,TEN,1,LV,0,0,0,0,0,44,0,12,2,16,0,2,0,0,0,0,0,0,0,0,0,0,,,,,
DeShone Kizer,QB,CLE,1,PIT,222,1,30,20,1,17,1,5,0,0,0,0,0,0,0,0,0,0,0,0,0,0,,,,,
Delanie Walker,TE,TEN,1,LV,0,0,0,0,0,0,0,0,7,76,0,9,0,0,0,0,0,0,0,0,0,0,,,,,
Demaryius Thomas,WR,DEN,1,LAC,0,0,0,0,0,0,0,0,5,67,0,8,0,0,0,0,0,0,0,0,0,0,,,,,
Demetrius Harris,TE,KC,1,NE,0,0,0,0,0,0,0,0,2,15,1,2,0,0,0,0,0,0,0,0,0,0,,,,,
Deonte Thompson,WR,CHI,1,ATL,0,0,0,0,0,0,0,0,1,15,0,2,0,0,0,0,0,0,0,0,0,0,,,,,
Derek Carr,QB,LV,1,TEN,262,2,32,22,0,2,0,2,0,0,0,0,0,0,0,0,0,0,0,0,0,0,,,,,
Derek Carrier,TE,LA,1,IND,0,0,0,0,0,0,0,0,1,12,0,2,0,0,0,0,0,0,0,0,0,0,,,,,
Derrick Henry,RB,TEN,1,LV,0,0,0,0,0,25,0,6,0,0,0,0,0,0,0,0,0,0,0,0,0,0,,,,,
Deshaun Watson,QB,HOU,1,JAX,102,1,23,12,1,16,0,2,0,0,0,0,0,0,0,0,0,0,0,0,0,0,,,,,
Devin Funchess,WR,CAR,1,SF,0,0,0,0,0,0,0,0,2,20,0,2,0,0,0,0,0,0,0,0,0,0,,,,,
Devonta Freeman,RB,ATL,1,CHI,0,0,0,0,0,37,1,12,2,2,0,2,0,0,0,0,0,0,0,0,0,0,,,,,
Dez Bryant,WR,DAL,1,NYG,0,0,0,0,0,0,0,0,2,43,0,9,0,0,0,0,0,0,0,0,0,0,,,,,
Dion Lewis,RB,NE,1,KC,0,0,0,0,0,9,0,2,0,0,0,0,0,0,0,0,0,0,0,0,0,0,,,,,
Dion Sims,TE,CHI,1,ATL,0,0,0,0,0,0,0,0,2,31,0,3,0,0,0,0,0,0,0,0,0,0,,,,,
Donte Moncrief,WR,IND,1,LA,0,0,0,0,0,0,0,0,1,50,0,4,0,0,0,0,0,0,0,0,0,0,,,,,
Doug Baldwin,WR,SEA,1,GB,0,0,0,0,0,-3,0,1,4,63,0,4,0,0,0,0,0,0,0,0,0,0,,,,,
Drew Brees,QB,NO,1,MIN,291,1,37,27,0,0,0,0,0,0,0,0,0,0,0,0,0,0,0,0,0,0,,,,,
Duke Johnson,RB,CLE,1,PIT,0,0,0,0,0,0,0,0,2,20,0,5,0,0,0,0,0,0,0,0,0,0,,,,,
Dustin Hopkins,K,WAS,1,PHI,0,0,0,0,0,0,0,0,0,0,0,0,0,0,0,0,0,1,0,0,0,2,,,,,
Dwayne Allen,TE,NE,1,KC,0,0,0,0,0,0,0,0,0,0,0,2,0,0,0,0,0,0,0,0,0,0,,,,,
Dwayne Harris,WR,NYG,1,DAL,0,0,0,0,0,0,0,0,0,0,0,0,0,0,0,0,0,0,0,0,0,0,,,,,
Dwayne Washington,RB,DET,1,ARI,0,0,0,0,0,22,0,6,0,0,0,0,0,0,0,0,0,0,0,0,0,0,,,,,
Ed Dickson,TE,CAR,1,SF,0,0,0,0,0,0,0,0,0,0,0,1,0,0,0,0,0,0,0,0,0,0,,,,,
Eddie Lacy,RB,SEA,1,GB,0,0,0,0,0,3,0,5,0,0,0,0,0,0,0,0,0,0,0,0,0,0,,,,,
Eli Manning,QB,NYG,1,DAL,220,0,38,29,1,-1,0,1,0,0,0,0,0,0,0,0,0,0,0,0,0,0,,,,,
Eli Rogers,WR,PIT,1,CLE,0,0,0,0,0,0,0,0,2,11,0,4,0,0,0,0,0,0,0,0,0,0,,,,,
Emmanuel Sanders,WR,DEN,1,LAC,0,0,0,0,0,0,0,0,3,26,0,6,0,0,0,0,0,0,0,0,0,0,,,,,
Eric Decker,WR,TEN,1,LV,0,0,0,0,0,0,0,0,3,10,0,8,0,0,0,0,0,0,0,0,0,0,,,,,
Eric Ebron,TE,DET,1,ARI,0,0,0,0,0,0,0,0,2,9,0,3,0,0,0,0,0,0,0,0,0,0,,,,,
Eric Saubert,TE,ATL,1,CHI,0,0,0,0,0,0,0,0,0,0,0,0,0,0,0,0,0,0,0,0,0,0,,,,,
Eric Tomlinson,TE,NYJ,1,BUF,0,0,0,0,0,0,0,0,2,25,0,2,0,0,0,0,0,0,0,0,0,0,,,,,
Eric Weems,WR,TEN,1,LV,0,0,0,0,0,0,0,0,0,0,0,0,0,0,0,0,0,0,0,0,0,0,,,,,
Evan Engram,TE,NYG,1,DAL,0,0,0,0,0,0,0,0,4,44,0,5,0,0,0,0,0,0,0,0,0,0,,,,,
Ezekiel Elliott,RB,DAL,1,NYG,0,0,0,0,0,104,0,24,5,36,0,5,0,0,0,0,0,0,0,0,0,0,,,,,
Fozzy Whittaker,RB,CAR,1,SF,0,0,0,0,0,1,0,1,0,0,0,0,0,0,0,0,0,0,0,0,0,0,,,,,
Frank Gore,RB,IND,1,LA,0,0,0,0,0,42,0,10,1,10,0,1,0,0,0,0,0,0,0,0,0,0,,,,,
GB,DEF,GB,1,SEA,,,,,,,,,,,,,,,,,,,,,,,0,0,0,0,9.0
George Kittle,TE,SF,1,CAR,0,0,0,0,0,0,0,0,5,27,0,6,0,0,0,0,0,0,0,0,0,0,,,,,
Gerald Everett,TE,LA,1,IND,0,0,0,0,0,0,0,0,1,39,0,1,0,0,0,0,0,0,0,0,0,0,,,,,
Giorgio Tavecchio,K,LV,1,TEN,0,0,0,0,0,0,0,0,0,0,0,0,0,0,0,0,1,0,1,2,0,2,,,,,
Giovani Bernard,RB,CIN,1,BAL,0,0,0,0,0,40,0,7,1,39,0,2,0,0,0,0,0,0,0,0,0,0,,,,,
Golden Tate,WR,DET,1,ARI,0,0,0,0,0,7,0,2,10,107,0,12,0,0,0,0,0,0,0,0,0,0,,,,,
Graham Gano,K,CAR,1,SF,0,0,0,0,0,0,0,0,0,0,0,0,0,0,0,0,1,2,0,0,0,2,,,,,
Greg Olsen,TE,CAR,1,SF,0,0,0,0,0,0,0,0,2,18,0,4,0,0,0,0,0,0,0,0,0,0,,,,,
Greg Zuerlein,K,LA,1,IND,0,0,0,0,0,0,0,0,0,0,0,0,0,0,0,0,0,1,1,1,0,5,,,,,
HOU,DEF,HOU,1,JAX,,,,,,,,,,,,,,,,,,,,,,,0,0,0,0,29.0
IND,DEF,IND,1,LA,,,,,,,,,,,,,,,,,,,,,,,0,0,0,0,46.0
Ifeanyi Momah,TE,ARI,1,DET,0,0,0,0,0,0,0,0,0,0,0,0,0,0,0,0,0,0,0,0,0,0,,,,,
Isaiah Crowell,RB,CLE,1,PIT,0,0,0,0,0,33,0,17,2,33,0,2,0,0,1,0,0,0,0,0,0,0,,,,,
Isaiah McKenzie,WR,DEN,1,LAC,0,0,0,0,0,0,0,0,0,0,0,0,0,0,0,0,0,0,0,0,0,0,,,,,
J.J. Nelson,WR,ARI,1,DET,0,0,0,0,0,0,0,0,5,43,1,6,0,0,0,0,0,0,0,0,0,0,,,,,
JAX,DEF,JAX,1,HOU,,,,,,,,,,,,,,,,,,,,,,,0,0,0,0,7.0
Jack Doyle,TE,IND,1,LA,0,0,0,0,0,0,0,0,2,41,0,3,0,0,0,0,0,0,0,0,0,0,,,,,
Jacoby Brissett,QB,IND,1,LA,51,0,3,2,0,0,0,0,0,0,0,0,0,0,0,0,0,0,0,0,0,0,,,,,
Jake Rudock,QB,DET,1,ARI,0,0,0,0,0,0,0,0,0,0,0,0,0,0,0,0,0,0,0,0,0,0,,,,,
Jalen Richard,RB,LV,1,TEN,0,0,0,0,0,22,0,5,1,6,0,1,0,0,0,0,0,0,0,0,0,0,,,,,
Jamaal Charles,RB,DEN,1,LAC,0,0,0,0,0,40,0,10,0,0,0,1,0,0,0,0,0,0,0,0,0,0,,,,,
Jamaal Williams,RB,GB,1,SEA,0,0,0,0,0,9,0,2,0,0,0,0,0,0,0,0,0,0,0,0,0,0,,,,,
Jamal Agnew,WR,DET,1,ARI,0,0,0,0,0,0,0,0,0,0,0,0,0,0,0,0,0,0,0,0,0,0,,,,,
James Conner,RB,PIT,1,CLE,0,0,0,0,0,11,0,4,0,0,0,0,0,0,0,0,0,0,0,0,0,0,,,,,
James O'Shaughnessy,TE,JAX,1,HOU,0,0,0,0,0,0,0,0,1,18,0,1,0,0,0,0,0,0,0,0,0,0,,,,,
James White,RB,NE,1,KC,0,0,0,0,0,38,0,10,3,30,0,5,0,0,0,0,0,0,0,0,0,0,,,,,
Jamison Crowder,WR,WAS,1,PHI,0,0,0,0,0,0,0,0,3,14,0,7,0,0,0,0,0,0,0,0,0,0,,,,,
Jared Cook,TE,LV,1,TEN,0,0,0,0,0,0,0,0,5,56,0,5,0,0,0,0,0,0,0,0,0,0,,,,,
Jared Goff,QB,LA,1,IND,306,1,29,21,0,2,0,1,0,0,0,0,0,0,0,0,0,0,0,0,0,0,,,,,
Jarius Wright,WR,MIN,1,NO,0,0,0,0,0,0,0,0,1,21,0,2,0,0,0,0,0,0,0,0,0,0,,,,,
Jaron Brown,WR,ARI,1,DET,0,0,0,0,0,0,0,0,0,0,0,0,0,0,0,0,0,0,0,0,0,0,,,,,
Jason Myers,K,JAX,1,HOU,0,0,0,0,0,0,0,0,0,0,0,0,0,0,0,0,1,1,1,0,0,2,,,,,
Jason Witten,TE,DAL,1,NYG,0,0,0,0,0,0,0,0,7,59,1,9,0,0,0,0,0,0,0,0,0,0,,,,,
Javorius Allen,RB,BAL,1,CIN,0,0,0,0,0,71,0,21,0,0,0,1,0,0,0,0,0,0,0,0,0,0,,,,,
Jeff Heuerman,TE,DEN,1,LAC,0,0,0,0,0,0,0,0,1,20,0,2,0,0,0,0,0,0,0,0,0,0,,,,,
Jerell Adams,TE,NYG,1,DAL,0,0,0,0,0,0,0,0,0,0,0,0,0,0,0,0,0,0,0,0,0,0,,,,,
Jeremy Hill,RB,CIN,1,BAL,0,0,0,0,0,26,0,6,1,-2,0,1,0,0,0,0,0,0,0,0,0,0,,,,,
Jeremy Maclin,WR,BAL,1,CIN,0,0,0,0,0,0,0,0,2,56,1,4,0,0,0,0,0,0,0,0,0,0,,,,,
Jerick McKinnon,RB,MIN,1,NO,0,0,0,0,0,5,0,3,3,32,0,3,0,0,0,0,0,0,0,0,0,0,,,,,
Jermaine Gresham,TE,ARI,1,DET,0,0,0,0,0,0,0,0,3,15,0,4,0,0,0,0,0,0,0,0,0,0,,,,,
Jermaine Kearse,WR,NYJ,1,BUF,0,0,0,0,0,0,0,0,7,59,0,9,0,0,0,0,0,0,0,0,0,0,,,,,
Jesse James,TE,PIT,1,CLE,0,0,0,0,0,0,0,0,6,41,2,8,0,0,0,0,0,0,0,0,0,0,,,,,
Jimmy Graham,TE,SEA,1,GB,0,0,0,0,0,0,0,0,3,8,0,8,0,0,0,0,0,0,0,0,0,0,,,,,
Joe Flacco,QB,BAL,1,CIN,121,1,17,9,1,0,0,0,0,0,0,0,0,0,0,0,0,0,0,0,0,0,,,,,
Joe Mixon,RB,CIN,1,BAL,0,0,0,0,0,9,0,8,3,15,0,3,0,0,0,0,0,0,0,0,0,0,,,,,
John Brown,WR,ARI,1,DET,0,0,0,0,0,10,0,1,4,32,0,9,0,0,0,0,0,0,0,0,0,0,,,,,
Jonathan Stewart,RB,CAR,1,SF,0,0,0,0,0,65,0,18,2,17,1,2,0,0,0,0,0,0,0,0,0,0,,,,,
Jonnu Smith,TE,TEN,1,LV,0,0,0,0,0,0,0,0,0,0,0,1,0,0,0,0,0,0,0,0,0,0,,,,,
Jordan Howard,RB,CHI,1,ATL,0,0,0,0,0,52,1,13,3,14,0,5,0,0,0,0,0,0,0,0,0,0,,,,,
Jordan Matthews,TE,BUF,1,NYJ,0,0,0,0,0,0,0,0,2,61,0,3,0,0,0,0,0,0,0,0,0,0,,,,,
Jordan Reed,TE,WAS,1,PHI,0,0,0,0,0,0,0,0,5,36,0,8,0,0,0,0,0,0,0,0,0,0,,,,,
Jordy Nelson,WR,GB,1,SEA,0,0,0,0,0,0,0,0,7,79,1,8,0,0,0,0,0,0,0,0,0,0,,,,,
Josh Bellamy,WR,CHI,1,ATL,0,0,0,0,0,0,0,0,3,27,0,4,0,0,0,0,0,0,0,0,0,0,,,,,
Josh McCown,QB,NYJ,1,BUF,187,0,39,26,2,0,1,2,0,0,0,0,0,0,0,0,0,0,0,0,0,0,,,,,
Josh Reynolds,WR,LA,1,IND,0,0,0,0,0,0,0,0,0,0,0,0,0,0,0,0,0,0,0,0,0,0,,,,,
JuJu Smith-Schuster,WR,PIT,1,CLE,0,0,0,0,0,0,0,0,0,0,0,0,0,0,0,0,0,0,0,0,0,0,,,,,
Julio Jones,WR,ATL,1,CHI,0,0,0,0,0,0,0,0,4,66,0,5,0,0,0,0,0,0,0,0,0,0,,,,,
Justin Davis,RB,LA,1,IND,0,0,0,0,0,1,0,1,0,0,0,0,0,0,0,0,0,0,0,0,0,0,,,,,
Justin Tucker,K,BAL,1,CIN,0,0,0,0,0,0,0,0,0,0,0,0,0,0,0,0,2,0,0,0,0,2,,,,,
KC,DEF,KC,1,NE,,,,,,,,,,,,,,,,,,,,,,,0,0,0,0,27.0
Ka'imi Fairbairn,K,HOU,1,JAX,0,0,0,0,0,0,0,0,0,0,0,0,0,0,0,0,0,0,0,0,0,1,,,,,
Kai Forbath,K,MIN,1,NO,0,0,0,0,0,0,0,0,0,0,0,0,0,0,0,0,1,1,1,0,0,2,,,,,
Kalif Raymond,WR,NYJ,1,BUF,0,0,0,0,0,0,0,0,0,0,0,0,0,0,0,0,0,0,0,0,0,0,,,,,
Kamar Aiken,WR,IND,1,LA,0,0,0,0,0,0,0,0,1,3,0,2,0,0,0,0,0,0,0,0,0,0,,,,,
Kareem Hunt,RB,KC,1,NE,0,0,0,0,0,148,1,17,5,98,2,5,0,0,0,0,0,0,0,0,0,0,,,,,
Kasen Williams,WR,CLE,1,PIT,0,0,0,0,0,0,0,0,0,0,0,2,0,0,0,0,0,0,0,0,0,0,,,,,
Keelan Cole,WR,JAX,1,HOU,0,0,0,0,0,0,0,0,0,0,0,2,0,0,0,0,0,0,0,0,0,0,,,,,
Keenan Allen,WR,LAC,1,DEN,0,0,0,0,0,0,0,0,5,35,1,10,0,0,0,0,0,0,0,0,0,0,,,,,
Kelvin Benjamin,WR,CAR,1,SF,0,0,0,0,0,0,0,0,1,25,0,5,0,0,0,0,0,0,0,0,0,0,,,,,
Kendall Wright,WR,CHI,1,ATL,0,0,0,0,0,0,0,0,3,34,0,4,0,0,0,0,0,0,0,0,0,0,,,,,
Kenny Britt,WR,CLE,1,PIT,0,0,0,0,0,0,0,0,1,13,0,3,0,0,0,0,0,0,0,0,0,0,,,,,
Kenny Golladay,WR,DET,1,ARI,0,0,0,0,0,0,0,0,4,69,2,7,0,0,0,0,0,0,0,0,0,0,,,,,
Kerwynn Williams,RB,ARI,1,DET,0,0,0,0,0,10,1,5,1,2,0,1,0,0,0,0,0,0,0,0,0,0,,,,,
Kevin White,WR,CHI,1,ATL,0,0,0,0,0,0,0,0,2,6,0,4,0,0,0,0,0,0,0,0,0,0,,,,,
Kirk Cousins,QB,WAS,1,PHI,240,1,40,23,1,30,0,4,0,0,0,0,0,0,0,0,0,0,0,0,0,0,,,,,
Kyle Juszczyk,RB,SF,1,CAR,0,0,0,0,0,0,0,1,2,17,0,4,0,0,0,0,0,0,0,0,0,0,,,,,
Kyle Rudolph,TE,MIN,1,NO,0,0,0,0,0,0,0,0,3,26,1,3,0,0,0,0,0,0,0,0,0,0,,,,,
LA,DEF,LA,1,IND,,,,,,,,,,,,,,,,,,,,,,,2,1,0,0,9.0
LAC,DEF,LAC,1,DEN,,,,,,,,,,,,,,,,,,,,,,,0,0,0,0,24.0
LV,DEF,LV,1,TEN,,,,,,,,,,,,,,,,,,,,,,,0,0,0,0,0.0
Lamar Miller,RB,HOU,1,JAX,0,0,0,0,0,65,0,17,2,31,0,2,0,0,0,0,0,0,0,0,0,0,,,,,
Lance Kendricks,TE,GB,1,SEA,0,0,0,0,0,0,0,0,2,18,0,4,0,0,0,0,0,0,0,0,0,0,,,,,
Laquon Treadwell,WR,MIN,1,NO,0,0,0,0,0,0,0,0,1,7,0,1,0,0,0,0,0,0,0,0,0,0,,,,,
Larry Fitzgerald,WR,ARI,1,DET,0,0,0,0,0,0,0,0,6,74,0,13,0,0,0,0,0,0,0,0,0,0,,,,,
Latavius Murray,RB,MIN,1,NO,0,0,0,0,0,6,0,2,0,0,0,0,0,0,0,0,0,0,0,0,0,0,,,,,
Le'Veon Bell,RB,PIT,1,CLE,0,0,0,0,0,32,0,10,3,15,0,6,0,0,0,0,0,0,0,0,0,0,,,,,
LeGarrette Blount,RB,PHI,1,WAS,0,0,0,0,0,46,0,14,1,1,1,1,0,0,0,0,0,0,0,0,0,0,,,,,
LeSean McCoy,RB,BUF,1,NYJ,0,0,0,0,0,110,0,22,5,49,0,6,0,0,0,0,0,0,0,0,0,0,,,,,
Leonard Fournette,RB,JAX,1,HOU,0,0,0,0,0,100,1,26,3,24,0,3,0,0,0,0,0,0,0,0,0,0,,,,,
Levine Toilolo,TE,ATL,1,CHI,0,0,0,0,0,0,0,0,0,0,0,1,0,0,0,0,0,0,0,0,0,0,,,,,
Luke Willson,TE,SEA,1,GB,0,0,0,0,0,0,0,0,0,0,0,1,0,0,0,0,0,0,0,0,0,0,,,,,
MIN,DEF,MIN,1,NO,,,,,,,,,,,,,,,,,,,,,,,0,0,0,0,19.0
Mack Hollins,WR,PHI,1,WAS,0,0,0,0,0,0,0,0,0,0,0,0,0,0,0,0,0,0,0,0,0,0,,,,,
Malcolm Brown,RB,LA,1,IND,0,0,0,0,0,16,1,7,0,0,0,0,0,0,0,0,0,0,0,0,0,0,,,,,
Marcedes Lewis,TE,JAX,1,HOU,0,0,0,0,0,0,0,0,0,0,0,2,0,0,0,0,0,0,0,0,0,0,,,,,
Marcus Mariota,QB,TEN,1,LV,256,0,41,25,0,26,1,3,0,0,0,0,0,0,0,0,0,0,0,0,0,0,,,,,
Mark Ingram,RB,NO,1,MIN,0,0,0,0,0,17,0,6,5,54,0,5,0,0,0,0,0,0,0,0,0,0,,,,,
Marlon Mack,RB,IND,1,LA,0,0,0,0,0,24,1,10,1,21,0,1,0,0,0,0,0,0,0,0,0,0,,,,,
Marqise Lee,WR,JAX,1,HOU,0,0,0,0,0,0,0,0,0,0,0,4,0,0,0,0,0,0,0,0,0,0,,,,,
Marquise Goodwin,WR,SF,1,CAR,0,0,0,0,0,0,0,0,3,21,0,6,0,0,0,0,0,0,0,0,0,0,,,,,
Marshawn Lynch,RB,LV,1,TEN,0,0,0,0,0,76,0,18,1,16,0,2,0,0,0,0,0,0,0,0,0,0,,,,,
Martavis Bryant,WR,PIT,1,CLE,0,0,0,0,0,0,0,0,2,14,0,6,0,0,0,0,0,0,0,0,0,0,,,,,
Martellus Bennett,TE,GB,1,SEA,0,0,0,0,0,0,0,0,3,43,0,6,0,0,0,0,0,0,0,0,0,0,,,,,
Marvin Jones,WR,DET,1,ARI,0,0,0,0,0,0,0,0,2,37,1,2,0,0,0,0,0,0,0,0,0,0,,,,,
Mason Crosby,K,GB,1,SEA,0,0,0,0,0,0,0,0,0,0,0,0,0,0,0,0,0,0,1,0,0,2,,,,,
Matt Breida,RB,SF,1,CAR,0,0,0,0,0,11,0,4,0,0,0,0,0,0,0,0,0,0,0,0,0,0,,,,,
Matt Bryant,K,ATL,1,CHI,0,0,0,0,0,0,0,0,0,0,0,0,0,0,0,0,1,1,1,0,0,2,,,,,
Matt Dayes,RB,CLE,1,PIT,0,0,0,0,0,7,0,3,2,9,0,2,0,0,0,0,0,0,0,0,0,0,,,,,
Matt Forte,RB,NYJ,1,BUF,0,0,0,0,0,16,0,6,3,20,0,5,0,0,0,0,0,0,0,0,0,0,,,,,
Matt Hazel,WR,IND,1,LA,0,0,0,0,0,0,0,0,1,1,0,1,0,0,0,0,0,0,0,0,0,0,,,,,
Matt Prater,K,DET,1,ARI,0,0,0,0,0,0,0,0,0,0,0,0,0,0,0,0,0,0,0,1,0,2,,,,,
Matt Ryan,QB,ATL,1,CHI,321,1,30,21,0,11,0,3,0,0,0,0,0,0,0,0,0,0,0,0,0,0,,,,,
Matthew Stafford,QB,DET,1,ARI,292,4,41,29,1,14,0,2,0,0,0,0,0,0,0,0,0,0,0,0,0,0,,,,,
Maxx Williams,TE,BAL,1,CIN,0,0,0,0,0,0,0,0,1,5,0,1,0,0,0,0,0,0,0,0,0,0,,,,,
Melvin Gordon,RB,LAC,1,DEN,0,0,0,0,0,54,0,18,5,25,1,6,0,0,0,0,0,0,0,0,0,0,,,,,
Michael Campanaro,WR,BAL,1,CIN,0,0,0,0,0,2,0,1,0,0,0,0,0,0,0,0,0,0,0,0,0,0,,,,,
Michael Crabtree,WR,LV,1,TEN,0,0,0,0,0,0,0,0,6,83,0,7,0,0,0,0,0,0,0,0,0,0,,,,,
Michael Thomas,WR,NO,1,MIN,0,0,0,0,0,0,0,0,5,45,0,8,0,0,0,0,0,0,0,0,0,0,,,,,
Mike Gillislee,RB,NE,1,KC,0,0,0,0,0,45,3,15,0,0,0,0,0,0,0,0,0,0,0,0,0,0,,,,,
Mike Glennon,QB,CHI,1,ATL,213,1,40,26,0,0,0,0,0,0,0,0,0,0,0,0,0,0,0,0,0,0,,,,,
Mike Wallace,WR,BAL,1,CIN,0,0,0,0,0,0,0,0,1,8,0,1,0,0,0,0,0,0,0,0,0,0,,,,,
Mohamed Sanu,WR,ATL,1,CHI,0,0,0,0,0,0,0,0,6,47,0,9,0,0,0,0,0,0,0,0,0,0,,,,,
NE,DEF,NE,1,KC,,,,,,,,,,,,,,,,,,,,,,,0,0,0,0,42.0
NO,DEF,NO,1,MIN,,,,,,,,,,,,,,,,,,,,,,,0,0,0,0,29.0
NYG,DEF,NYG,1,DAL,,,,,,,,,,,,,,,,,,,,,,,0,0,0,0,19.0
NYJ,DEF,NYJ,1,BUF,,,,,,,,,,,,,,,,,,,,,,,0,0,0,0,21.0
Nelson Agholor,WR,PHI,1,WAS,0,0,0,0,0,0,0,0,6,86,1,8,0,0,0,0,0,0,0,0,0,0,,,,,
Nick Boyle,TE,BAL,1,CIN,0,0,0,0,0,0,0,0,1,14,0,1,0,0,0,0,0,0,0,0,0,0,,,,,
Nick O'Leary,TE,BUF,1,NYJ,0,0,0,0,0,0,0,0,1,22,0,2,0,0,0,0,0,0,0,0,0,0,,,,,
Nick Vannett,TE,SEA,1,GB,0,0,0,0,0,0,0,0,1,10,0,1,0,0,0,0,0,0,0,0,0,0,,,,,
Orleans Darkwa,RB,NYG,1,DAL,0,0,0,0,0,14,0,3,1,-1,0,1,0,0,0,0,0,0,0,0,0,0,,,,,
PHI,DEF,PHI,1,WAS,,,,,,,,,,,,,,,,,,,,,,,0,0,0,0,17.0
PIT,DEF,PIT,1,CLE,,,,,,,,,,,,,,,,,,,,,,,0,0,0,0,18.0
Patrick DiMarco,RB,BUF,1,NYJ,0,0,0,0,0,0,0,0,1,5,0,1,0,0,0,0,0,0,0,0,0,0,,,,,
Patrick Ricard,RB,BAL,1,CIN,0,0,0,0,0,0,0,0,0,0,0,0,0,0,0,0,0,0,0,0,0,0,,,,,
Paul Perkins,RB,NYG,1,DAL,0,0,0,0,0,16,0,7,2,9,0,3,0,0,0,0,0,0,0,0,0,0,,,,,
Paul Richardson,WR,SEA,1,GB,0,0,0,0,0,0,0,0,4,59,0,7,0,0,0,0,0,0,0,0,0,0,,,,,
Pharoh Cooper,WR,LA,1,IND,0,0,0,0,0,0,0,0,0,0,0,1,0,0,0,0,0,0,0,0,0,0,,,,,
Phil Dawson,K,ARI,1,DET,0,0,0,0,0,0,0,0,0,0,0,0,0,0,0,0,1,0,0,0,0,2,,,,,
Philip Rivers,QB,LAC,1,DEN,192,3,33,22,1,0,0,0,0,0,0,0,0,0,0,0,0,0,0,0,0,0,,,,,
Phillip Dorsett,WR,NE,1,KC,0,0,0,0,0,0,0,0,0,0,0,1,0,0,0,0,0,0,0,0,0,0,,,,,
Pierre Garcon,WR,SF,1,CAR,0,0,0,0,0,0,0,0,6,81,0,10,0,0,0,0,0,0,0,0,0,0,,,,,
Quan Bray,WR,IND,1,LA,0,0,0,0,0,0,0,0,0,0,0,1,0,0,0,0,0,0,0,0,0,0,,,,,
Raheem Mostert,RB,SF,1,CAR,0,0,0,0,0,0,0,0,0,0,0,0,0,0,0,0,0,0,0,0,0,0,,,,,
Randall Cobb,WR,GB,1,SEA,0,0,0,0,0,0,0,0,9,85,0,13,0,0,0,0,0,0,0,0,0,0,,,,,
Randy Bullock,K,CIN,1,BAL,0,0,0,0,0,0,0,0,0,0,0,0,0,0,0,0,0,0,0,0,0,0,,,,,
Rex Burkhead,RB,NE,1,KC,0,0,0,0,0,15,0,3,1,8,0,3,0,0,0,0,0,0,0,0,0,0,,,,,
Rhett Ellison,TE,NYG,1,DAL,0,0,0,0,0,0,0,0,1,9,0,1,0,0,0,0,0,0,0,0,0,0,,,,,
Ricardo Louis,WR,CLE,1,PIT,0,0,0,0,0,0,0,0,2,32,0,3,0,0,0,0,0,0,0,0,0,0,,,,,
Rishard Matthews,WR,TEN,1,LV,0,0,0,0,0,0,0,0,5,71,0,9,0,0,0,0,0,0,0,0,0,0,,,,,
Rob Gronkowski,TE,NE,1,KC,0,0,0,0,0,0,0,0,2,33,0,6,0,0,0,0,0,0,0,0,0,0,,,,,
Rob Kelley,RB,WAS,1,PHI,0,0,0,0,0,30,0,10,0,0,0,1,0,0,0,0,0,0,0,0,0,0,,,,,
Robbie Chosen,WR,NYJ,1,BUF,0,0,0,0,0,0,0,0,4,22,0,8,0,0,0,0,0,0,0,0,0,0,,,,,
Robbie Gould,K,SF,1,CAR,0,0,0,0,0,0,0,0,0,0,0,0,0,0,0,0,0,0,1,0,0,0,,,,,
Robert Turbin,RB,IND,1,LA,0,0,0,0,0,7,0,2,1,-4,0,1,0,0,0,0,0,0,0,0,0,0,,,,,
Robert Woods,WR,LA,1,IND,0,0,0,0,0,0,0,0,3,53,0,5,0,0,0,0,0,0,0,0,0,0,,,,,
Roger Lewis,WR,NYG,1,DAL,0,0,0,0,0,0,0,0,4,54,0,6,0,0,0,0,0,0,0,0,0,0,,,,,
Ross Travis,TE,KC,1,NE,0,0,0,0,0,0,0,0,0,0,0,1,0,0,0,0,0,0,0,0,0,0,,,,,
Russell Shepard,WR,CAR,1,SF,0,0,0,0,0,0,0,0,2,53,1,2,0,0,0,0,0,0,0,0,0,0,,,,,
Russell Wilson,QB,SEA,1,GB,158,0,27,14,0,40,0,2,0,0,0,0,0,0,0,0,0,0,0,0,0,0,,,,,
Ryan Grant,WR,WAS,1,PHI,0,0,0,0,0,0,0,0,4,61,0,6,0,0,0,0,0,0,0,0,0,0,,,,,
Ryan Griffin,TE,HOU,1,JAX,0,0,0,0,0,0,0,0,0,0,0,1,0,0,0,0,0,0,0,0,0,0,,,,,
Ryan Succop,K,TEN,1,LV,0,0,0,0,0,0,0,0,0,0,0,0,0,0,0,0,2,0,0,1,0,1,,,,,
Ryan Switzer,WR,DAL,1,NYG,0,0,0,0,0,0,0,0,0,0,0,0,0,0,0,0,0,0,0,0,0,0,,,,,
SEA,DEF,SEA,1,GB,,,,,,,,,,,,,,,,,,,,,,,0,0,0,0,17.0
SF,DEF,SF,1,CAR,,,,,,,,,,,,,,,,,,,,,,,0,0,0,0,23.0
Sam Bradford,QB,MIN,1,NO,346,3,32,27,0,-3,0,2,0,0,0,0,0,0,0,0,0,0,0,0,0,0,,,,,
Sammy Watkins,WR,LA,1,IND,0,0,0,0,0,0,0,0,5,58,0,5,0,0,0,0,0,0,0,0,0,0,,,,,
Scott Tolzien,QB,IND,1,LA,128,0,18,9,2,2,0,2,0,0,0,0,0,0,0,0,0,0,0,0,0,0,,,,,
Sean Mannion,QB,LA,1,IND,12,0,1,1,0,-7,0,3,0,0,0,0,0,0,0,0,0,0,0,0,0,0,,,,,
Seth DeValve,TE,CLE,1,PIT,0,0,0,0,0,0,0,0,4,42,0,5,0,0,0,0,0,0,0,0,0,0,,,,,
Seth Roberts,WR,LV,1,TEN,0,0,0,0,0,0,0,0,1,19,1,1,0,0,0,0,0,0,0,0,0,0,,,,,
Shane Vereen,RB,NYG,1,DAL,0,0,0,0,0,0,0,0,9,51,0,10,0,0,0,0,0,0,0,0,0,0,,,,,
Stefon Diggs,WR,MIN,1,NO,0,0,0,0,0,-6,0,1,7,93,2,8,0,0,0,0,0,0,0,0,0,0,,,,,
Stephen Anderson,TE,HOU,1,JAX,0,0,0,0,0,0,0,0,2,14,0,5,0,0,0,0,0,0,0,0,0,0,,,,,
Stephen Gostkowski,K,NE,1,KC,0,0,0,0,0,0,0,0,0,0,0,0,0,0,0,0,1,1,0,0,0,3,,,,,
Sterling Shepard,WR,NYG,1,DAL,0,0,0,0,0,6,0,1,7,44,0,8,0,0,0,0,0,0,0,0,0,0,,,,,
Steven Hauschka,K,BUF,1,NYJ,0,0,0,0,0,0,0,0,0,0,0,0,0,0,0,0,0,0,0,0,0,3,,,,,
T.J. Jones,WR,DET,1,ARI,0,0,0,0,0,0,0,0,2,32,0,4,0,0,0,0,0,0,0,0,0,0,,,,,
T.Y. Hilton,WR,IND,1,LA,0,0,0,0,0,0,0,0,3,57,0,7,0,0,0,0,0,0,0,0,0,0,,,,,
TEN,DEF,TEN,1,LV,,,,,,,,,,,,,,,,,,,,,,,0,0,0,0,26.0
Taiwan Jones,RB,BUF,1,NYJ,0,0,0,0,0,0,0,0,0,0,0,0,0,0,0,0,0,0,0,0,0,0,,,,,
Tanner McEvoy,WR,SEA,1,GB,0,0,0,0,0,0,0,0,0,0,0,1,0,0,0,0,0,0,0,0,0,0,,,,,
Tarik Cohen,RB,CHI,1,ATL,0,0,0,0,0,66,0,5,8,47,1,12,0,0,0,0,0,0,0,0,0,0,,,,,
Tavon Austin,WR,LA,1,IND,0,0,0,0,0,11,0,2,1,7,0,1,0,0,0,0,0,0,0,0,0,0,,,,,
Taylor Gabriel,WR,ATL,1,CHI,0,0,0,0,0,0,0,0,3,36,0,4,0,0,0,0,0,0,0,0,0,0,,,,,
Taywan Taylor,WR,TEN,1,LV,0,0,0,0,0,0,0,0,2,14,0,2,0,0,0,0,0,0,0,0,0,0,,,,,
Ted Ginn,WR,NO,1,MIN,0,0,0,0,0,5,0,1,4,53,0,5,0,0,0,0,0,0,0,0,0,0,,,,,
Terrance West,RB,BAL,1,CIN,0,0,0,0,0,80,1,19,0,0,0,1,0,0,0,0,0,0,0,0,0,0,,,,,
Terrance Williams,WR,DAL,1,NYG,0,0,0,0,0,0,0,0,6,68,0,7,0,0,0,0,0,0,0,0,0,0,,,,,
Terrelle Pryor,WR,WAS,1,PHI,0,0,0,0,0,0,0,0,6,66,0,11,0,0,0,0,0,0,0,0,0,0,,,,,
Tevin Coleman,RB,ATL,1,CHI,0,0,0,0,0,16,0,8,4,42,0,6,0,0,0,0,0,0,0,0,0,0,,,,,
Theo Riddick,RB,DET,1,ARI,0,0,0,0,0,-1,0,1,6,27,1,7,0,0,0,0,0,0,0,0,0,0,,,,,
Todd Gurley,RB,LA,1,IND,0,0,0,0,0,40,1,19,5,56,0,6,0,0,0,0,0,0,0,0,0,0,,,,,
Tom Brady,QB,NE,1,KC,267,0,36,16,0,0,0,2,0,0,0,0,0,0,0,0,0,0,0,0,0,0,,,,,
Tom Savage,QB,HOU,1,JAX,62,0,13,7,0,0,0,0,0,0,0,0,0,0,0,0,0,0,0,0,0,0,,,,,
Tommylee Lewis,WR,NO,1,MIN,0,0,0,0,0,0,0,0,2,52,0,3,0,0,0,0,0,0,0,0,0,0,,,,,
Torrey Smith,WR,PHI,1,WAS,0,0,0,0,0,0,0,0,1,30,0,3,0,0,0,0,0,0,0,0,0,0,,,,,
Travis Benjamin,WR,LAC,1,DEN,0,0,0,0,0,0,0,0,3,43,1,4,0,0,0,0,0,0,0,0,0,0,,,,,
Travis Kelce,TE,KC,1,NE,0,0,0,0,0,4,0,1,5,40,0,7,0,0,0,0,0,0,0,0,0,0,,,,,
Trent Taylor,WR,SF,1,CAR,0,0,0,0,0,0,0,0,1,8,0,1,0,0,0,0,0,0,0,0,0,0,,,,,
Trevor Davis,WR,GB,1,SEA,0,0,0,0,0,0,0,0,0,0,0,0,0,0,0,0,0,0,0,0,0,0,,,,,
Trevor Siemian,QB,DEN,1,LAC,219,2,28,17,1,19,1,6,0,0,0,0,0,0,0,0,0,0,0,0,0,0,,,,,
Trey Burton,TE,PHI,1,WAS,0,0,0,0,0,0,0,0,0,0,0,0,0,0,0,0,0,0,0,0,0,0,,,,,
Trey Edmunds,RB,NO,1,MIN,0,0,0,0,0,0,0,0,0,0,0,0,0,0,0,0,0,0,0,0,0,0,,,,,
Troy Niklas,TE,ARI,1,DET,0,0,0,0,0,0,0,0,0,0,0,2,0,0,0,0,0,0,0,0,0,0,,,,,
Ty Montgomery,WR,GB,1,SEA,0,0,0,0,0,54,1,19,4,39,0,4,0,0,0,0,0,0,0,0,0,0,,,,,
Tyler Boyd,WR,CIN,1,BAL,0,0,0,0,0,0,0,0,1,11,0,4,0,0,0,0,0,0,0,0,0,0,,,,,
Tyler Eifert,TE,CIN,1,BAL,0,0,0,0,0,0,0,0,1,4,0,1,0,0,0,0,0,0,0,0,0,0,,,,,
Tyler Ervin,RB,HOU,1,JAX,0,0,0,0,0,8,0,3,4,18,0,5,0,0,0,0,0,0,0,0,0,0,,,,,
Tyler Higbee,TE,LA,1,IND,0,0,0,0,0,0,0,0,2,17,0,3,0,0,0,0,0,0,0,0,0,0,,,,,
Tyler Kroft,TE,CIN,1,BAL,0,0,0,0,0,0,0,0,1,5,0,1,0,0,0,0,0,0,0,0,0,0,,,,,
Tyler Lockett,WR,SEA,1,GB,0,0,0,0,0,0,0,0,1,8,0,3,0,0,0,0,0,0,0,0,0,0,,,,,
Tyreek Hill,WR,KC,1,NE,0,0,0,0,0,5,0,2,7,133,1,8,0,0,0,0,0,0,0,0,0,0,,,,,
Tyrell Williams,WR,LAC,1,DEN,0,0,0,0,0,0,0,0,5,54,0,7,0,0,0,0,0,0,0,0,0,0,,,,,
Tyrod Taylor,QB,BUF,1,NYJ,224,2,28,16,1,38,0,8,0,0,0,0,0,0,0,0,0,0,0,0,0,0,,,,,
Vance McDonald,TE,PIT,1,CLE,0,0,0,0,0,0,0,0,0,0,0,1,0,0,0,0,0,0,0,0,0,0,,,,,
Vernon Davis,TE,WAS,1,PHI,0,0,0,0,0,0,0,0,0,0,0,1,0,0,0,0,0,0,0,0,0,0,,,,,
Vince Mayle,TE,BAL,1,CIN,0,0,0,0,0,0,0,0,0,0,0,0,0,0,0,0,0,0,0,0,0,0,,,,,
Virgil Green,TE,DEN,1,LAC,0,0,0,0,0,0,0,0,1,44,0,1,0,0,0,0,0,0,0,0,0,0,,,,,
WAS,DEF,WAS,1,PHI,,,,,,,,,,,,,,,,,,,,,,,1,0,0,0,30.0
Wendell Smallwood,RB,PHI,1,WAS,0,0,0,0,0,4,0,4,1,5,0,1,0,0,0,0,0,0,0,0,0,0,,,,,
Wil Lutz,K,NO,1,MIN,0,0,0,0,0,0,0,0,0,0,0,0,0,0,0,0,3,0,1,0,0,1,,,,,
Will Tye,TE,NYJ,1,BUF,0,0,0,0,0,0,0,0,3,34,0,3,0,0,0,0,0,0,0,0,0,0,,,,,
Younghoe Koo,K,LAC,1,DEN,0,0,0,0,0,0,0,0,0,0,0,0,0,0,0,0,0,0,0,0,0,3,,,,,
Zach Ertz,TE,PHI,1,WAS,0,0,0,0,0,0,0,0,8,93,0,8,0,0,0,0,0,0,0,0,0,0,,,,,
Zach Miller,TE,CHI,1,ATL,0,0,0,0,0,0,0,0,4,39,0,6,0,0,0,0,0,0,0,0,0,0,,,,,
Zane Gonzalez,K,CLE,1,PIT,0,0,0,0,0,0,0,0,0,0,0,0,0,0,0,0,1,0,0,0,0,1,,,,,
Zay Jones,WR,BUF,1,NYJ,0,0,0,0,0,0,0,0,1,21,0,4,0,0,0,0,0,0,0,0,0,0,,,,,
A.J. Derby,TE,DEN,2,DAL,0,0,0,0,0,0,0,0,0,0,0,1,0,0,0,0,0,0,0,0,0,0,,,,,
A.J. Green,WR,CIN,2,HOU,0,0,0,0,0,0,0,0,5,67,0,8,0,0,0,0,0,0,0,0,0,0,,,,,
ARI,DEF,ARI,2,IND,,,,,,,,,,,,,,,,,,,,,,,0,0,0,0,13.0
ATL,DEF,ATL,2,GB,,,,,,,,,,,,,,,,,,,,,,,0,0,0,0,23.0
Aaron Rodgers,QB,GB,2,ATL,343,2,50,33,1,8,0,2,0,0,0,0,0,0,0,0,0,0,0,0,0,0,,,,,
Adam Humphries,WR,TB,2,CHI,0,0,0,0,0,0,0,0,2,18,0,3,0,0,0,0,0,0,0,0,0,0,,,,,
Adam Shaheen,TE,CHI,2,TB,0,0,0,0,0,0,0,0,0,0,0,0,0,0,0,0,0,0,0,0,0,0,,,,,
Adam Thielen,WR,MIN,2,PIT,0,0,0,0,0,0,0,0,5,44,0,6,0,0,0,0,0,0,0,0,0,0,,,,,
Adam Vinatieri,K,IND,2,ARI,0,0,0,0,0,0,0,0,0,0,0,0,0,0,0,0,1,0,1,0,0,1,,,,,
Adrian Peterson,RB,NO,2,NE,0,0,0,0,0,26,0,8,0,0,0,0,0,0,0,0,0,0,0,0,0,0,,,,,
Akeem Hunt,RB,KC,2,PHI,0,0,0,0,0,0,0,0,0,0,0,0,0,0,0,0,0,0,0,0,0,0,,,,,
Alan Cross,TE,TB,2,CHI,0,0,0,0,0,0,0,0,1,6,0,1,0,0,0,0,0,0,0,0,0,0,,,,,
Albert Wilson,WR,KC,2,PHI,0,0,0,0,0,4,0,1,2,22,0,3,0,0,0,0,0,0,0,0,0,0,,,,,
Aldrick Rosas,K,NYG,2,DET,0,0,0,0,0,0,0,0,0,0,0,0,0,0,0,0,1,0,0,0,0,1,,,,,
Alex Collins,RB,BAL,2,CLE,0,0,0,0,0,42,0,7,0,0,0,0,0,0,0,0,0,0,0,0,0,0,,,,,
Alex Erickson,WR,CIN,2,HOU,0,0,0,0,0,2,0,1,4,62,0,6,0,0,0,0,0,0,0,0,0,0,,,,,
Alex Smith,QB,KC,2,PHI,251,1,28,21,0,21,0,4,0,0,0,0,0,0,0,0,0,0,0,0,0,0,,,,,
Allen Hurns,WR,JAX,2,TEN,0,0,0,0,0,0,0,0,6,82,1,7,0,0,0,0,0,0,0,0,0,0,,,,,
Alshon Jeffery,WR,PHI,2,KC,0,0,0,0,0,0,0,0,7,92,1,13,0,0,0,0,0,0,0,0,0,0,,,,,
Alvin Kamara,RB,NO,2,NE,0,0,0,0,0,3,0,1,3,51,0,7,0,0,0,0,0,0,0,0,0,0,,,,,
Amara Darboh,WR,SEA,2,SF,0,0,0,0,0,0,0,0,1,16,0,1,0,0,0,0,0,0,0,0,0,0,,,,,
Amari Cooper,WR,LV,2,NYJ,0,0,0,0,0,0,0,0,4,33,0,5,0,0,0,0,0,0,0,0,0,0,,,,,
Ameer Abdullah,RB,DET,2,NYG,0,0,0,0,0,86,0,17,0,0,0,0,0,0,0,0,0,0,0,0,0,0,,,,,
Andre Ellington,RB,ARI,2,IND,0,0,0,0,0,11,0,2,3,12,0,5,0,0,0,0,0,0,0,0,0,0,,,,,
Andre Holmes,WR,BUF,2,CAR,0,0,0,0,0,0,0,0,2,18,0,4,0,0,0,0,0,0,0,0,0,0,,,,,
Andre Roberts,WR,ATL,2,GB,0,0,0,0,0,0,0,0,0,0,0,1,0,0,0,0,0,0,0,0,0,0,,,,,
Andy Dalton,QB,CIN,2,HOU,224,0,35,20,0,5,0,2,0,0,0,0,0,0,0,0,0,0,0,0,0,0,,,,,
Antonio Brown,WR,PIT,2,MIN,0,0,0,0,0,0,0,0,5,62,0,11,0,0,0,0,0,0,0,0,0,0,,,,,
Antonio Gates,TE,LAC,2,MIA,0,0,0,0,0,0,0,0,2,11,1,4,0,0,0,0,0,0,0,0,0,0,,,,,
Austin Ekeler,RB,LAC,2,MIA,0,0,0,0,0,0,0,0,0,0,0,0,0,0,0,0,0,0,0,0,0,0,,,,,
Austin Hooper,TE,ATL,2,GB,0,0,0,0,0,0,0,0,2,7,0,2,0,0,0,0,0,0,0,0,0,0,,,,,
BAL,DEF,BAL,2,CLE,,,,,,,,,,,,,,,,,,,,,,,0,0,0,0,10.0
BUF,DEF,BUF,2,CAR,,,,,,,,,,,,,,,,,,,,,,,0,0,0,0,9.0
Ben Koyack,TE,JAX,2,TEN,0,0,0,0,0,0,0,0,0,0,0,1,0,0,0,0,0,0,0,0,0,0,,,,,
Ben Roethlisberger,QB,PIT,2,MIN,243,2,35,23,0,-2,0,2,0,0,0,0,0,0,0,0,0,0,0,0,0,0,,,,,
Benjamin Watson,TE,BAL,2,CLE,0,0,0,0,0,0,0,0,8,91,0,8,0,0,0,0,0,0,0,0,0,0,,,,,
Bennie Fowler,WR,DEN,2,DAL,0,0,0,0,0,0,0,0,1,8,0,3,0,0,0,0,0,0,0,0,0,0,,,,,
Bernard Reedy,WR,TB,2,CHI,0,0,0,0,0,0,0,0,0,0,0,0,0,0,0,0,0,0,0,0,0,0,,,,,
Bilal Powell,RB,NYJ,2,LV,0,0,0,0,0,13,0,6,0,0,0,2,0,0,0,0,0,0,0,0,0,0,,,,,
Blair Walsh,K,SEA,2,SF,0,0,0,0,0,0,0,0,0,0,0,0,0,0,0,0,2,0,0,0,0,0,,,,,
Blake Bell,TE,MIN,2,PIT,0,0,0,0,0,0,0,0,0,0,0,1,0,0,0,0,0,0,0,0,0,0,,,,,
Blake Bortles,QB,JAX,2,TEN,223,1,34,20,2,29,0,4,0,0,0,0,0,0,0,0,0,0,0,0,0,0,,,,,
Branden Oliver,RB,LAC,2,MIA,0,0,0,0,0,31,0,3,0,0,0,0,0,0,0,0,0,0,0,0,0,0,,,,,
Brandin Cooks,WR,NE,2,NO,0,0,0,0,0,6,0,2,2,37,0,4,0,0,0,0,0,0,0,0,0,0,,,,,
Brandon Coleman,WR,NO,2,NE,0,0,0,0,0,0,0,0,4,82,1,6,0,0,0,0,0,0,0,0,0,0,,,,,
Brandon LaFell,WR,CIN,2,HOU,0,0,0,0,0,0,0,0,4,30,0,7,0,0,0,0,0,0,0,0,0,0,,,,,
Brandon Marshall,WR,NYG,2,DET,0,0,0,0,0,0,0,0,1,17,0,5,0,0,0,0,0,0,0,0,0,0,,,,,
Brandon McManus,K,DEN,2,DAL,0,0,0,0,0,0,0,0,0,0,0,0,0,0,0,0,0,0,0,0,0,6,,,,,
Brandon Williams,TE,IND,2,ARI,0,0,0,0,0,0,0,0,1,20,0,1,0,0,0,0,0,0,0,0,0,0,,,,,
Braxton Miller,WR,HOU,2,CIN,0,0,0,0,0,0,0,0,2,10,0,3,0,0,0,0,0,0,0,0,0,0,,,,,
Breshad Perriman,WR,BAL,2,CLE,0,0,0,0,0,0,0,0,0,0,0,4,0,0,0,0,0,0,0,0,0,0,,,,,
Brian Hoyer,QB,SF,2,SEA,99,0,27,15,1,0,0,0,0,0,0,0,0,0,0,0,0,0,0,0,0,0,,,,,
Brice Butler,WR,DAL,2,DEN,0,0,0,0,0,0,0,0,1,18,0,2,0,0,0,0,0,0,0,0,0,0,,,,,
Brittan Golden,WR,ARI,2,IND,0,0,0,0,0,0,0,0,1,29,0,2,0,0,0,0,0,0,0,0,0,0,,,,,
C.J. Anderson,RB,DEN,2,DAL,0,0,0,0,0,118,1,25,3,36,1,3,0,0,0,0,0,0,0,0,0,0,,,,,
C.J. Prosise,RB,SEA,2,SF,0,0,0,0,0,0,0,0,3,22,0,6,0,0,0,0,0,0,0,0,0,0,,,,,
CAR,DEF,CAR,2,BUF,,,,,,,,,,,,,,,,,,,,,,,0,0,0,0,3.0
CHI,DEF,CHI,2,TB,,,,,,,,,,,,,,,,,,,,,,,0,0,0,0,29.0
CIN,DEF,CIN,2,HOU,,,,,,,,,,,,,,,,,,,,,,,0,0,0,0,13.0
CLE,DEF,CLE,2,BAL,,,,,,,,,,,,,,,,,,,,,,,0,0,0,0,24.0
Cairo Santos,K,KC,2,PHI,0,0,0,0,0,0,0,0,0,0,0,0,0,0,0,0,0,2,0,0,0,3,,,,,
Cam Newton,QB,CAR,2,BUF,228,0,32,20,0,27,0,5,0,0,0,0,0,0,0,0,0,0,0,0,0,0,,,,,
Cameron Brate,TE,TB,2,CHI,0,0,0,0,0,0,0,0,2,24,0,3,0,0,0,0,0,0,0,0,0,0,,,,,
Carlos Hyde,RB,SF,2,SEA,0,0,0,0,0,124,0,15,3,19,0,6,0,0,0,0,0,0,0,0,0,0,,,,,
Carson Palmer,QB,ARI,2,IND,332,1,36,19,1,6,0,3,0,0,0,0,0,0,0,0,0,0,0,0,0,0,,,,,
Carson Wentz,QB,PHI,2,KC,333,2,46,25,1,55,0,4,0,0,0,0,0,0,0,0,0,0,0,0,0,0,,,,,
Case Keenum,QB,MIN,2,PIT,167,0,37,20,0,0,0,0,0,0,0,0,0,0,0,0,0,0,0,0,0,0,,,,,
Chad Williams,WR,ARI,2,IND,0,0,0,0,0,0,0,0,1,15,0,2,0,0,0,0,0,0,0,0,0,0,,,,,
Chandler Catanzaro,K,NYJ,2,LV,0,0,0,0,0,0,0,0,0,0,0,0,0,0,0,0,0,0,2,0,0,2,,,,,
Charles Clay,TE,BUF,2,CAR,0,0,0,0,0,0,0,0,3,23,0,3,0,0,0,0,0,0,0,0,0,0,,,,,
Charles Sims,RB,TB,2,CHI,0,0,0,0,0,2,0,2,2,7,0,3,0,0,0,0,0,0,0,0,0,0,,,,,
Charone Peake,WR,NYJ,2,LV,0,0,0,0,0,0,0,0,1,3,0,1,0,0,0,0,0,0,0,0,0,0,,,,,
Chris Boswell,K,PIT,2,MIN,0,0,0,0,0,0,0,0,0,0,0,0,0,0,0,0,1,1,2,0,0,2,,,,,
Chris Carson,RB,SEA,2,SF,0,0,0,0,0,93,0,20,1,7,0,2,0,0,0,0,0,0,0,0,0,0,,,,,
Chris Conley,WR,KC,2,PHI,0,0,0,0,0,0,0,0,4,55,0,4,0,0,0,0,0,0,0,0,0,0,,,,,
Chris Godwin Jr.,WR,TB,2,CHI,0,0,0,0,0,0,0,0,0,0,0,2,0,0,0,0,0,0,0,0,0,0,,,,,
Chris Hogan,WR,NE,2,NO,0,0,0,0,0,0,0,0,5,78,1,6,0,0,0,0,0,0,0,0,0,0,,,,,
Chris Ivory,RB,JAX,2,TEN,0,0,0,0,0,17,0,6,3,31,0,4,0,0,0,0,0,0,0,0,0,0,,,,,
Chris Johnson,RB,ARI,2,IND,0,0,0,0,0,44,0,11,0,0,0,0,0,0,0,0,0,0,0,0,0,0,,,,,
Chris Matthews,WR,BAL,2,CLE,0,0,0,0,0,0,0,0,0,0,0,0,0,0,0,0,0,0,0,0,0,0,,,,,
Chris Thompson,RB,WAS,2,LA,0,0,0,0,0,77,2,3,3,29,0,7,0,0,0,0,0,0,0,0,0,0,,,,,
Christian McCaffrey,RB,CAR,2,BUF,0,0,0,0,0,10,0,8,4,34,0,5,0,0,0,0,0,0,0,0,0,0,,,,,
Clive Walford,TE,LV,2,NYJ,0,0,0,0,0,0,0,0,1,7,0,1,0,0,0,0,0,0,0,0,0,0,,,,,
Coby Fleener,TE,NO,2,NE,0,0,0,0,0,0,0,0,3,33,1,4,0,0,0,0,0,0,0,0,0,0,,,,,
Cody Latimer,WR,DEN,2,DAL,0,0,0,0,0,0,0,0,2,22,0,2,0,0,0,0,0,0,0,0,0,0,,,,,
Cody Parkey,K,MIA,2,LAC,0,0,0,0,0,0,0,0,0,0,0,0,0,0,0,0,1,2,0,1,0,1,,,,,
Cole Beasley,WR,DAL,2,DEN,0,0,0,0,0,0,0,0,4,33,0,8,0,0,0,0,0,0,0,0,0,0,,,,,
Connor Barth,K,CHI,2,TB,0,0,0,0,0,0,0,0,0,0,0,0,0,0,0,0,0,0,0,0,0,1,,,,,
Cooper Kupp,WR,LA,2,WAS,0,0,0,0,0,0,0,0,3,33,0,6,0,0,0,0,0,0,0,0,0,0,,,,,
Cordarrelle Patterson,RB,LV,2,NYJ,0,0,0,0,0,57,1,3,1,6,0,1,0,0,0,0,0,0,0,0,0,0,,,,,
Corey Coleman,WR,CLE,2,BAL,0,0,0,0,0,0,0,0,1,9,0,7,0,0,0,0,0,0,0,0,0,0,,,,,
Corey Davis,WR,TEN,2,JAX,0,0,0,0,0,0,0,0,1,4,0,3,0,0,0,0,0,0,0,0,0,0,,,,,
Corey Grant,RB,JAX,2,TEN,0,0,0,0,0,13,0,1,0,0,0,0,0,0,0,0,0,0,0,0,0,0,,,,,
Curtis Samuel,WR,CAR,2,BUF,0,0,0,0,0,0,0,0,2,7,0,3,0,0,0,0,0,0,0,0,0,0,,,,,
D'Onta Foreman,RB,HOU,2,CIN,0,0,0,0,0,40,0,12,0,0,0,0,0,0,0,0,0,0,0,0,0,0,,,,,
DAL,DEF,DAL,2,DEN,,,,,,,,,,,,,,,,,,,,,,,0,0,0,0,42.0
DEN,DEF,DEN,2,DAL,,,,,,,,,,,,,,,,,,,,,,,1,0,0,0,17.0
DET,DEF,DET,2,NYG,,,,,,,,,,,,,,,,,,,,,,,0,0,0,0,10.0
Dak Prescott,QB,DAL,2,DEN,238,2,50,30,2,24,0,3,0,0,0,0,0,0,0,0,0,0,0,0,0,0,,,,,
Dalvin Cook,RB,MIN,2,PIT,0,0,0,0,0,64,0,12,2,0,0,3,0,0,0,0,0,0,0,0,0,0,,,,,
Damiere Byrd,WR,CAR,2,BUF,0,0,0,0,0,0,0,0,0,0,0,1,0,0,0,0,0,0,0,0,0,0,,,,,
Dan Bailey,K,DAL,2,DEN,0,0,0,0,0,0,0,0,0,0,0,0,0,0,0,0,0,0,0,1,0,2,,,,,
Daniel Brown,TE,CHI,2,TB,0,0,0,0,0,0,0,0,0,0,0,0,0,0,0,0,0,0,0,0,0,0,,,,,
Darrell Daniels,TE,IND,2,ARI,0,0,0,0,0,0,0,0,0,0,0,0,0,0,0,0,0,0,0,0,0,0,,,,,
Darren Fells,TE,DET,2,NYG,0,0,0,0,0,0,0,0,1,3,0,1,0,0,0,0,0,0,0,0,0,0,,,,,
Darren Sproles,RB,PHI,2,KC,0,0,0,0,0,48,0,10,2,30,0,4,0,0,0,0,0,0,0,0,0,0,,,,,
Davante Adams,WR,GB,2,ATL,0,0,0,0,0,0,0,0,8,99,1,10,0,0,0,0,0,0,0,0,0,0,,,,,
David Fluellen,RB,TEN,2,JAX,0,0,0,0,0,18,0,3,0,0,0,0,0,0,0,0,0,0,0,0,0,0,,,,,
David Morgan,TE,MIN,2,PIT,0,0,0,0,0,0,0,0,0,0,0,1,0,0,0,0,0,0,0,0,0,0,,,,,
David Njoku,TE,CLE,2,BAL,0,0,0,0,0,0,0,0,3,27,1,4,0,0,0,0,0,0,0,0,0,0,,,,,
De'Anthony Thomas,WR,KC,2,PHI,0,0,0,0,0,0,0,0,0,0,0,0,0,0,0,0,0,0,0,0,0,0,,,,,
DeAndre Hopkins,WR,HOU,2,CIN,0,0,0,0,0,0,0,0,7,73,0,13,0,0,0,0,0,0,0,0,0,0,,,,,
DeAndre Washington,RB,LV,2,NYJ,0,0,0,0,0,20,0,6,3,15,0,3,0,0,0,0,0,0,0,0,0,0,,,,,
DeMarco Murray,RB,TEN,2,JAX,0,0,0,0,0,25,0,9,1,3,0,2,0,0,0,0,0,0,0,0,0,0,,,,,
DeSean Jackson,WR,TB,2,CHI,0,0,0,0,0,0,0,0,3,39,0,7,0,0,0,0,0,0,0,0,0,0,,,,,
DeShone Kizer,QB,CLE,2,BAL,182,0,31,15,3,26,0,5,0,0,0,0,0,0,0,0,0,0,0,0,0,0,,,,,
DeVante Parker,WR,MIA,2,LAC,0,0,0,0,0,0,0,0,4,85,0,9,0,0,0,0,0,0,0,0,0,0,,,,,
Delanie Walker,TE,TEN,2,JAX,0,0,0,0,0,1,1,1,4,61,0,4,0,0,0,0,0,0,0,0,0,0,,,,,
Demaryius Thomas,WR,DEN,2,DAL,0,0,0,0,0,0,0,0,6,71,0,8,0,0,0,0,0,0,0,0,0,0,,,,,
Deonte Thompson,WR,CHI,2,TB,0,0,0,0,0,0,0,0,4,57,1,5,0,0,0,0,0,0,0,0,0,0,,,,,
Derek Carr,QB,LV,2,NYJ,230,3,28,23,0,0,0,0,0,0,0,0,0,0,0,0,0,0,0,0,0,0,,,,,
Derek Carrier,TE,LA,2,WAS,0,0,0,0,0,0,0,0,1,9,0,1,0,0,0,0,0,0,0,0,0,0,,,,,
Derrick Henry,RB,TEN,2,JAX,0,0,0,0,0,92,1,14,0,0,0,0,0,0,0,0,0,0,0,0,0,0,,,,,
Deshaun Watson,QB,HOU,2,CIN,125,0,24,15,0,67,1,5,0,0,0,0,0,0,0,0,0,0,0,0,0,0,,,,,
Devin Funchess,WR,CAR,2,BUF,0,0,0,0,0,0,0,0,4,68,0,6,0,0,0,0,0,0,0,0,0,0,,,,,
Devonta Freeman,RB,ATL,2,GB,0,0,0,0,0,84,2,19,2,16,0,2,0,0,0,0,0,0,0,0,0,0,,,,,
Dez Bryant,WR,DAL,2,DEN,0,0,0,0,0,0,0,0,7,59,1,16,0,0,0,0,0,0,0,0,0,0,,,,,
Dion Lewis,RB,NE,2,NO,0,0,0,0,0,14,0,4,1,11,0,1,0,0,0,0,0,0,0,0,0,0,,,,,
Dion Sims,TE,CHI,2,TB,0,0,0,0,0,0,0,0,0,0,0,1,0,0,0,0,0,0,0,0,0,0,,,,,
Donte Moncrief,WR,IND,2,ARI,0,0,0,0,0,0,0,0,2,18,0,8,0,0,0,0,0,0,0,0,0,0,,,,,
Dontrelle Inman,WR,LAC,2,MIA,0,0,0,0,0,0,0,0,0,0,0,2,0,0,0,0,0,0,0,0,0,0,,,,,
Doug Baldwin,WR,SEA,2,SF,0,0,0,0,0,0,0,0,6,44,0,9,0,0,0,0,0,0,0,0,0,0,,,,,
Drew Brees,QB,NO,2,NE,356,2,45,27,0,0,0,0,0,0,0,0,0,0,0,0,0,0,0,0,0,0,,,,,
Duke Johnson,RB,CLE,2,BAL,0,0,0,0,0,21,0,4,3,59,0,6,0,0,0,0,0,0,0,0,0,0,,,,,
Dustin Hopkins,K,WAS,2,LA,0,0,0,0,0,0,0,0,0,0,0,0,0,0,0,0,1,0,1,0,0,3,,,,,
Dwayne Allen,TE,NE,2,NO,0,0,0,0,0,0,0,0,0,0,0,1,0,0,0,0,0,0,0,0,0,0,,,,,
Dwayne Harris,WR,NYG,2,DET,0,0,0,0,0,0,0,0,0,0,0,0,0,0,0,0,0,0,0,0,0,0,,,,,
Dwayne Washington,RB,DET,2,NYG,0,0,0,0,0,9,0,3,0,0,0,0,0,0,0,0,0,0,0,0,0,0,,,,,
Ed Dickson,TE,CAR,2,BUF,0,0,0,0,0,0,0,0,2,26,0,3,0,0,0,0,0,0,0,0,0,0,,,,,
Eli Manning,QB,NYG,2,DET,239,1,32,22,1,0,0,0,0,0,0,0,0,0,0,0,0,0,0,0,0,0,,,,,
Eli Rogers,WR,PIT,2,MIN,0,0,0,0,0,0,0,0,4,43,0,7,0,0,0,0,0,0,0,0,0,0,,,,,
Elijah McGuire,RB,NYJ,2,LV,0,0,0,0,0,29,0,6,1,7,0,2,0,0,0,0,0,0,0,0,0,0,,,,,
Emmanuel Sanders,WR,DEN,2,DAL,0,0,0,0,0,0,0,0,6,62,2,8,0,0,0,0,0,0,0,0,0,0,,,,,
Eric Decker,WR,TEN,2,JAX,0,0,0,0,0,0,0,0,3,32,0,5,0,0,0,0,0,0,0,0,0,0,,,,,
Eric Ebron,TE,DET,2,NYG,0,0,0,0,0,0,0,0,5,42,1,5,0,0,0,0,0,0,0,0,0,0,,,,,
Eric Weems,WR,TEN,2,JAX,0,0,0,0,0,0,0,0,0,0,0,0,0,0,0,0,0,0,0,0,0,0,,,,,
Evan Baylis,TE,HOU,2,CIN,0,0,0,0,0,0,0,0,0,0,0,0,0,0,0,0,0,0,0,0,0,0,,,,,
Evan Engram,TE,NYG,2,DET,0,0,0,0,0,0,0,0,4,49,1,7,0,0,0,0,0,0,0,0,0,0,,,,,
Ezekiel Elliott,RB,DAL,2,DEN,0,0,0,0,0,8,0,9,4,14,0,5,0,0,0,0,0,0,0,0,0,0,,,,,
Frank Gore,RB,IND,2,ARI,0,0,0,0,0,46,1,14,0,0,0,2,0,0,0,0,0,0,0,0,0,0,,,,,
GB,DEF,GB,2,ATL,,,,,,,,,,,,,,,,,,,,,,,0,0,0,0,34.0
Garrett Celek,TE,SF,2,SEA,0,0,0,0,0,0,0,0,1,6,0,1,0,0,0,0,0,0,0,0,0,0,,,,,
George Kittle,TE,SF,2,SEA,0,0,0,0,0,0,0,0,2,13,0,2,0,0,0,0,0,0,0,0,0,0,,,,,
Gerald Everett,TE,LA,2,WAS,0,0,0,0,0,0,0,0,3,95,0,3,0,0,0,0,0,0,0,0,0,0,,,,,
Geronimo Allison,WR,GB,2,ATL,0,0,0,0,0,0,0,0,3,24,0,5,0,0,0,0,0,0,0,0,0,0,,,,,
Giorgio Tavecchio,K,LV,2,NYJ,0,0,0,0,0,0,0,0,0,0,0,0,0,0,0,0,1,0,0,0,0,6,,,,,
Giovani Bernard,RB,CIN,2,HOU,0,0,0,0,0,10,0,5,2,16,0,4,0,0,0,0,0,0,0,0,0,0,,,,,
Golden Tate,WR,DET,2,NYG,0,0,0,0,0,0,0,0,4,25,0,4,0,0,0,0,0,0,0,0,0,0,,,,,
Graham Gano,K,CAR,2,BUF,0,0,0,0,0,0,0,0,0,0,0,0,0,0,0,0,2,1,0,0,0,0,,,,,
Greg Olsen,TE,CAR,2,BUF,0,0,0,0,0,0,0,0,1,10,0,2,0,0,0,0,0,0,0,0,0,0,,,,,
Greg Zuerlein,K,LA,2,WAS,0,0,0,0,0,0,0,0,0,0,0,0,0,0,0,0,0,1,1,0,0,2,,,,,
HOU,DEF,HOU,2,CIN,,,,,,,,,,,,,,,,,,,,,,,0,0,0,0,9.0
Hunter Henry,TE,LAC,2,MIA,0,0,0,0,0,0,0,0,7,80,0,7,0,0,0,0,0,0,0,0,0,0,,,,,
IND,DEF,IND,2,ARI,,,,,,,,,,,,,,,,,,,,,,,0,0,0,0,16.0
Ifeanyi Momah,TE,ARI,2,IND,0,0,0,0,0,0,0,0,1,46,0,2,0,0,0,0,0,0,0,0,0,0,,,,,
Isaiah Crowell,RB,CLE,2,BAL,0,0,0,0,0,37,0,10,0,0,0,1,0,0,0,0,0,0,0,0,0,0,,,,,
Isaiah McKenzie,WR,DEN,2,DAL,0,0,0,0,0,0,0,0,0,0,0,0,0,0,0,0,0,0,0,0,0,0,,,,,
J.J. Nelson,WR,ARI,2,IND,0,0,0,0,0,0,0,0,5,120,1,7,0,0,0,0,0,0,0,0,0,0,,,,,
JAX,DEF,JAX,2,TEN,,,,,,,,,,,,,,,,,,,,,,,0,0,0,0,37.0
Jack Doyle,TE,IND,2,ARI,0,0,0,0,0,0,0,0,8,79,0,8,0,0,0,0,0,0,0,0,0,0,,,,,
Jacob Hollister,TE,NE,2,NO,0,0,0,0,0,0,0,0,1,5,0,2,0,0,0,0,0,0,0,0,0,0,,,,,
Jacoby Brissett,QB,IND,2,ARI,216,0,37,20,1,22,0,6,0,0,0,0,0,0,0,0,0,0,0,0,0,0,,,,,
Jacquizz Rodgers,RB,TB,2,CHI,0,0,0,0,0,67,1,19,0,0,0,0,0,0,0,0,0,0,0,0,0,0,,,,,
Jaelen Strong,WR,HOU,2,CIN,0,0,0,0,0,0,0,0,0,0,0,0,0,0,0,0,0,0,0,0,0,0,,,,,
Jake Elliott,K,PHI,2,KC,0,0,0,0,0,0,0,0,0,0,0,0,0,0,0,0,0,1,1,0,0,2,,,,,
Jakeem Grant,WR,MIA,2,LAC,0,0,0,0,0,0,0,0,0,0,0,0,0,0,0,0,0,0,0,0,0,0,,,,,
Jalen Richard,RB,LV,2,NYJ,0,0,0,0,0,58,1,6,2,51,0,2,0,0,0,0,0,0,0,0,0,0,,,,,
Jalston Fowler,RB,TEN,2,JAX,0,0,0,0,0,3,1,1,0,0,0,0,0,0,0,0,0,0,0,0,0,0,,,,,
Jamaal Charles,RB,DEN,2,DAL,0,0,0,0,0,46,0,9,1,6,0,1,0,0,0,0,0,0,0,0,0,0,,,,,
Jamaal Williams,RB,GB,2,ATL,0,0,0,0,0,6,0,2,1,5,0,1,0,0,0,0,0,0,0,0,0,0,,,,,
Jamal Agnew,WR,DET,2,NYG,0,0,0,0,0,0,0,0,0,0,0,0,1,0,0,0,0,0,0,0,0,0,,,,,
Jameis Winston,QB,TB,2,CHI,204,1,30,18,0,3,0,1,0,0,0,0,0,0,0,0,0,0,0,0,0,0,,,,,
James Conner,RB,PIT,2,MIN,0,0,0,0,0,9,0,1,0,0,0,0,0,0,0,0,0,0,0,0,0,0,,,,,
James O'Shaughnessy,TE,JAX,2,TEN,0,0,0,0,0,0,0,0,0,0,0,0,0,0,0,0,0,0,0,0,0,0,,,,,
James White,RB,NE,2,NO,0,0,0,0,0,11,0,2,8,85,0,8,0,0,0,0,0,0,0,0,0,0,,,,,
Jamison Crowder,WR,WAS,2,LA,0,0,0,0,0,0,0,0,4,47,0,5,0,0,0,0,0,0,0,0,0,0,,,,,
Jared Cook,TE,LV,2,NYJ,0,0,0,0,0,0,0,0,4,25,0,6,0,0,0,0,0,0,0,0,0,0,,,,,
Jared Goff,QB,LA,2,WAS,219,1,24,14,1,1,0,3,0,0,0,0,0,0,0,0,0,0,0,0,0,0,,,,,
Jarius Wright,WR,MIN,2,PIT,0,0,0,0,0,0,0,0,1,9,0,2,0,0,0,0,0,0,0,0,0,0,,,,,
Jaron Brown,WR,ARI,2,IND,0,0,0,0,0,0,0,0,4,73,0,11,0,0,0,0,0,0,0,0,0,0,,,,,
Jarvis Landry,WR,MIA,2,LAC,0,0,1,0,0,-7,0,1,13,78,0,15,0,0,0,0,0,0,0,0,0,0,,,,,
Jason Myers,K,JAX,2,TEN,0,0,0,0,0,0,0,0,0,0,0,0,0,0,0,0,0,0,1,0,0,1,,,,,
Jason Witten,TE,DAL,2,DEN,0,0,0,0,0,0,0,0,10,97,1,13,0,0,0,0,0,0,0,0,0,0,,,,,
Javorius Allen,RB,BAL,2,CLE,0,0,0,0,0,66,0,14,5,35,1,6,0,0,0,0,0,0,0,0,0,0,,,,,
Jay Ajayi,RB,MIA,2,LAC,0,0,0,0,0,122,0,28,2,4,0,2,0,0,0,0,0,0,0,0,0,0,,,,,
Jay Cutler,QB,MIA,2,LAC,230,1,33,24,0,-1,0,2,0,0,0,0,0,0,0,0,0,0,0,0,0,0,,,,,
Jeff Heuerman,TE,DEN,2,DAL,0,0,0,0,0,0,0,0,1,15,0,1,0,0,0,0,0,0,0,0,0,0,,,,,
Jeff Janis,WR,GB,2,ATL,0,0,0,0,0,0,0,0,0,0,0,0,0,0,0,0,0,0,0,0,0,0,,,,,
Jerell Adams,TE,NYG,2,DET,0,0,0,0,0,0,0,0,1,38,0,1,0,0,0,0,0,0,0,0,0,0,,,,,
Jeremy Hill,RB,CIN,2,HOU,0,0,0,0,0,17,0,6,1,2,0,1,0,0,0,0,0,0,0,0,0,0,,,,,
Jeremy Kerley,WR,NYJ,2,LV,0,0,0,0,0,0,0,0,3,14,0,3,0,0,0,0,0,0,0,0,0,0,,,,,
Jeremy Maclin,WR,BAL,2,CLE,0,0,0,0,0,0,0,0,4,31,1,5,0,0,0,0,0,0,0,0,0,0,,,,,
Jerick McKinnon,RB,MIN,2,PIT,0,0,0,0,0,16,0,3,3,9,0,5,0,0,0,0,0,0,0,0,0,0,,,,,
Jermaine Kearse,WR,NYJ,2,LV,0,0,0,0,0,0,0,0,4,64,2,5,0,0,0,0,0,0,0,0,0,0,,,,,
Jesse James,TE,PIT,2,MIN,0,0,0,0,0,0,0,0,4,27,0,5,0,0,0,0,0,0,0,0,0,0,,,,,
Jimmy Graham,TE,SEA,2,SF,0,0,0,0,0,0,0,0,1,1,0,2,0,0,0,0,0,0,0,0,0,0,,,,,
Joe Flacco,QB,BAL,2,CLE,217,2,34,25,1,-1,0,1,0,0,0,0,0,0,0,0,0,0,0,0,0,0,,,,,
Joe Mixon,RB,CIN,2,HOU,0,0,0,0,0,36,0,9,1,5,0,1,0,0,0,0,0,0,0,0,0,0,,,,,
John Ross,WR,CIN,2,HOU,0,0,0,0,0,12,0,1,0,0,0,0,0,0,0,0,0,0,0,0,0,0,,,,,
Johnny Holton,WR,LV,2,NYJ,0,0,0,0,0,0,0,0,0,0,0,0,0,0,0,0,0,0,0,0,0,0,,,,,
Jonathan Stewart,RB,CAR,2,BUF,0,0,0,0,0,40,0,15,0,0,0,1,0,0,0,0,0,0,0,0,0,0,,,,,
Jonnu Smith,TE,TEN,2,JAX,0,0,0,0,0,0,0,0,2,30,1,3,0,0,0,0,0,0,0,0,0,0,,,,,
Jordan Howard,RB,CHI,2,TB,0,0,0,0,0,7,0,9,0,0,0,1,0,0,0,0,0,0,0,0,0,0,,,,,
Jordan Matthews,TE,BUF,2,CAR,0,0,0,0,0,0,0,0,3,30,0,3,0,0,0,0,0,0,0,0,0,0,,,,,
Jordan Reed,TE,WAS,2,LA,0,0,0,0,0,0,0,0,6,48,0,6,0,0,0,0,0,0,0,0,0,0,,,,,
Jordan Todman,RB,HOU,2,CIN,0,0,0,0,0,0,0,0,0,0,0,0,0,0,0,0,0,0,0,0,0,0,,,,,
Josh Bellamy,WR,CHI,2,TB,0,0,0,0,0,0,0,0,4,51,0,7,0,0,0,0,0,0,0,0,0,0,,,,,
Josh Doctson,WR,WAS,2,LA,0,0,0,0,0,0,0,0,0,0,0,1,0,0,0,0,0,0,0,0,0,0,,,,,
Josh Hill,TE,NO,2,NE,0,0,0,0,0,0,0,0,3,29,0,3,0,0,0,0,0,0,0,0,0,0,,,,,
Josh McCown,QB,NYJ,2,LV,166,2,24,16,0,31,0,4,0,0,0,0,0,0,0,0,0,0,0,0,0,0,,,,,
Josh Reynolds,WR,LA,2,WAS,0,0,0,0,0,0,0,0,1,28,0,1,0,0,0,0,0,0,0,0,0,0,,,,,
JuJu Smith-Schuster,WR,PIT,2,MIN,0,0,0,0,0,0,0,0,3,16,1,4,0,0,0,0,0,0,0,0,0,0,,,,,
Julio Jones,WR,ATL,2,GB,0,0,0,0,0,0,0,0,5,108,0,9,0,0,0,0,0,0,0,0,0,0,,,,,
Julius Thomas,TE,MIA,2,LAC,0,0,0,0,0,0,0,0,3,26,0,3,0,0,0,0,0,0,0,0,0,0,,,,,
Justin Hardy,WR,ATL,2,GB,0,0,0,0,0,0,0,0,1,19,0,2,0,0,0,0,0,0,0,0,0,0,,,,,
Justin Tucker,K,BAL,2,CLE,0,0,0,0,0,0,0,0,0,0,0,0,0,0,0,0,1,0,0,0,0,3,,,,,
KC,DEF,KC,2,PHI,,,,,,,,,,,,,,,,,,,,,,,0,0,0,0,20.0
Ka'imi Fairbairn,K,HOU,2,CIN,0,0,0,0,0,0,0,0,0,0,0,0,0,0,0,0,1,0,1,0,0,1,,,,,
Kaelin Clay,WR,BUF,2,CAR,0,0,0,0,0,0,0,0,0,0,0,0,0,0,0,0,0,0,0,0,0,0,,,,,
Kai Forbath,K,MIN,2,PIT,0,0,0,0,0,0,0,0,0,0,0,0,0,0,0,0,0,0,1,0,0,0,,,,,
Kalif Raymond,WR,NYJ,2,LV,0,0,0,0,0,0,0,0,0,0,0,0,0,0,0,0,0,0,0,0,0,0,,,,,
Kamar Aiken,WR,IND,2,ARI,0,0,0,0,0,0,0,0,3,31,0,9,0,0,0,0,0,0,0,0,0,0,,,,,
Kareem Hunt,RB,KC,2,PHI,0,0,0,0,0,81,2,13,3,28,0,3,0,0,0,0,0,0,0,0,0,0,,,,,
Keelan Cole,WR,JAX,2,TEN,0,0,0,0,0,0,0,0,2,13,0,3,0,0,0,0,0,0,0,0,0,0,,,,,
Keenan Allen,WR,LAC,2,MIA,0,0,0,0,0,0,0,0,9,100,0,10,0,0,0,0,0,0,0,0,0,0,,,,,
Kelvin Benjamin,WR,CAR,2,BUF,0,0,0,0,0,0,0,0,6,77,0,8,0,0,0,0,0,0,0,0,0,0,,,,,
Kendall Wright,WR,CHI,2,TB,0,0,0,0,0,0,0,0,7,69,0,10,0,0,0,0,0,0,0,0,0,0,,,,,
Kenny Britt,WR,CLE,2,BAL,0,0,0,0,0,0,0,0,1,2,0,2,0,0,0,0,0,0,0,0,0,0,,,,,
Kenny Golladay,WR,DET,2,NYG,0,0,0,0,0,0,0,0,1,8,0,3,0,0,0,0,0,0,0,0,0,0,,,,,
Kenny Stills,WR,MIA,2,LAC,0,0,0,0,0,0,0,0,2,37,1,5,0,0,0,0,0,0,0,0,0,0,,,,,
Kenyan Drake,RB,MIA,2,LAC,0,0,0,0,0,-3,0,1,0,0,0,0,0,0,0,0,0,0,0,0,0,0,,,,,
Kerwynn Williams,RB,ARI,2,IND,0,0,0,0,0,22,0,9,0,0,0,0,0,0,0,0,0,0,0,0,0,0,,,,,
Kevin Hogan,QB,CLE,2,BAL,118,1,11,5,1,5,0,1,0,0,0,0,0,0,0,0,0,0,0,0,0,0,,,,,
Kirk Cousins,QB,WAS,2,LA,179,1,27,18,0,7,0,3,0,0,0,0,0,0,0,0,0,0,0,0,0,0,,,,,
Kyle Juszczyk,RB,SF,2,SEA,0,0,0,0,0,0,0,0,0,0,0,0,0,0,0,0,0,0,0,0,0,0,,,,,
Kyle Rudolph,TE,MIN,2,PIT,0,0,0,0,0,0,0,0,4,45,0,6,0,0,0,0,0,0,0,0,0,0,,,,,
LA,DEF,LA,2,WAS,,,,,,,,,,,,,,,,,,,,,,,0,0,0,0,27.0
LAC,DEF,LAC,2,MIA,,,,,,,,,,,,,,,,,,,,,,,0,0,0,0,19.0
LV,DEF,LV,2,NYJ,,,,,,,,,,,,,,,,,,,,,,,0,0,0,0,0.0
Lamar Miller,RB,HOU,2,CIN,0,0,0,0,0,61,0,18,3,26,0,3,0,0,0,0,0,0,0,0,0,0,,,,,
Lance Kendricks,TE,GB,2,ATL,0,0,0,0,0,0,0,0,0,0,0,0,0,0,0,0,0,0,0,0,0,0,,,,,
Laquon Treadwell,WR,MIN,2,PIT,0,0,0,0,0,0,0,0,3,33,0,6,0,0,0,0,0,0,0,0,0,0,,,,,
Larry Fitzgerald,WR,ARI,2,IND,0,0,0,0,0,0,0,0,3,21,0,6,0,0,0,0,0,0,0,0,0,0,,,,,
Latavius Murray,RB,MIN,2,PIT,0,0,0,0,0,6,0,3,0,0,0,0,0,0,0,0,0,0,0,0,0,0,,,,,
Le'Veon Bell,RB,PIT,2,MIN,0,0,0,0,0,87,0,27,4,4,0,4,0,0,0,0,0,0,0,0,0,0,,,,,
LeGarrette Blount,RB,PHI,2,KC,0,0,0,0,0,0,0,0,1,0,0,1,0,0,0,0,0,0,0,0,0,0,,,,,
LeSean McCoy,RB,BUF,2,CAR,0,0,0,0,0,9,0,12,6,34,0,7,0,0,0,0,0,0,0,0,0,0,,,,,
Lee Smith,TE,LV,2,NYJ,0,0,0,0,0,0,0,0,1,9,0,1,0,0,0,0,0,0,0,0,0,0,,,,,
Leonard Fournette,RB,JAX,2,TEN,0,0,0,0,0,40,1,14,2,21,0,5,0,0,0,0,0,0,0,0,0,0,,,,,
Luke Willson,TE,SEA,2,SF,0,0,0,0,0,0,0,0,3,25,0,3,0,0,0,0,0,0,0,0,0,0,,,,,
MIA,DEF,MIA,2,LAC,,,,,,,,,,,,,,,,,,,,,,,0,0,0,0,17.0
MIN,DEF,MIN,2,PIT,,,,,,,,,,,,,,,,,,,,,,,0,0,0,0,26.0
Mack Hollins,WR,PHI,2,KC,0,0,0,0,0,0,0,0,3,32,0,3,0,0,0,0,0,0,0,0,0,0,,,,,
Malcolm Brown,RB,LA,2,WAS,0,0,0,0,0,0,0,0,1,-4,0,1,0,0,0,0,0,0,0,0,0,0,,,,,
Marcedes Lewis,TE,JAX,2,TEN,0,0,0,0,0,0,0,0,0,0,0,2,0,0,0,0,0,0,0,0,0,0,,,,,
Marcus Mariota,QB,TEN,2,JAX,215,1,27,15,1,24,0,6,0,0,0,0,0,0,0,0,0,0,0,0,0,0,,,,,
Mark Ingram,RB,NO,2,NE,0,0,0,0,0,52,0,8,4,24,0,5,0,0,0,0,0,0,0,0,0,0,,,,,
Marlon Mack,RB,IND,2,ARI,0,0,0,0,0,-3,0,6,1,11,0,1,0,0,0,0,0,0,0,0,0,0,,,,,
Marqise Lee,WR,JAX,2,TEN,0,0,0,0,0,0,0,0,7,76,0,12,0,0,0,0,0,0,0,0,0,0,,,,,
Marquise Goodwin,WR,SF,2,SEA,0,0,0,0,0,0,0,0,3,26,0,6,0,0,0,0,0,0,0,0,0,0,,,,,
Marshawn Lynch,RB,LV,2,NYJ,0,0,0,0,0,45,1,12,1,4,0,2,0,0,0,0,0,0,0,0,0,0,,,,,
Martavis Bryant,WR,PIT,2,MIN,0,0,0,0,0,7,0,1,3,91,1,4,0,0,0,0,0,0,0,0,0,0,,,,,
Martellus Bennett,TE,GB,2,ATL,0,0,0,0,0,0,0,0,5,47,0,11,0,0,0,0,0,0,0,0,0,0,,,,,
Marvin Jones,WR,DET,2,NYG,0,0,0,0,0,0,0,0,1,27,1,5,0,0,0,0,0,0,0,0,0,0,,,,,
Mason Crosby,K,GB,2,ATL,0,0,0,0,0,0,0,0,0,0,0,0,0,0,0,0,1,0,0,0,0,2,,,,,
Matt Breida,RB,SF,2,SEA,0,0,0,0,0,35,0,4,1,3,0,2,0,0,0,0,0,0,0,0,0,0,,,,,
Matt Bryant,K,ATL,2,GB,0,0,0,0,0,0,0,0,0,0,0,0,0,0,0,0,0,0,0,2,0,4,,,,,
Matt Dayes,RB,CLE,2,BAL,0,0,0,0,0,0,0,0,0,0,0,0,0,0,0,0,0,0,0,0,0,0,,,,,
Matt Forte,RB,NYJ,2,LV,0,0,0,0,0,53,0,9,3,38,0,3,0,0,0,0,0,0,0,0,0,0,,,,,
Matt Prater,K,DET,2,NYG,0,0,0,0,0,0,0,0,0,0,0,0,0,0,0,0,0,0,0,1,0,3,,,,,
Matt Ryan,QB,ATL,2,GB,252,1,28,19,0,8,0,1,0,0,0,0,0,0,0,0,0,0,0,0,0,0,,,,,
Matthew Stafford,QB,DET,2,NYG,122,2,21,15,0,23,0,3,0,0,0,0,0,0,0,0,0,0,0,0,0,0,,,,,
Maxx Williams,TE,BAL,2,CLE,0,0,0,0,0,2,0,1,4,21,0,4,0,0,0,0,0,0,0,0,0,0,,,,,
Melvin Gordon,RB,LAC,2,MIA,0,0,0,0,0,13,1,9,7,65,0,8,0,0,0,0,0,0,0,0,0,0,,,,,
Michael Campanaro,WR,BAL,2,CLE,0,0,0,0,0,5,0,1,0,0,0,0,0,0,0,0,0,0,0,0,0,0,,,,,
Michael Crabtree,WR,LV,2,NYJ,0,0,0,0,0,0,0,0,6,80,3,6,0,0,0,0,0,0,0,0,0,0,,,,,
Michael Hoomanawanui,TE,NO,2,NE,0,0,0,0,0,0,0,0,1,8,0,1,0,0,0,0,0,0,0,0,0,0,,,,,
Michael Roberts,TE,DET,2,NYG,0,0,0,0,0,0,0,0,0,0,0,0,0,0,0,0,0,0,0,0,0,0,,,,,
Michael Thomas,WR,NO,2,NE,0,0,0,0,0,0,0,0,5,89,0,10,0,0,0,0,0,0,0,0,0,0,,,,,
Mike Evans,WR,TB,2,CHI,0,0,0,0,0,0,0,0,7,93,1,9,0,0,0,0,0,0,0,0,0,0,,,,,
Mike Gillislee,RB,NE,2,NO,0,0,0,0,0,69,1,18,0,0,0,0,0,0,0,0,0,0,0,0,0,0,,,,,
Mike Glennon,QB,CHI,2,TB,301,1,45,31,2,0,0,0,0,0,0,0,0,0,0,0,0,0,0,0,0,0,,,,,
Mike Wallace,WR,BAL,2,CLE,0,0,0,0,0,0,0,0,1,7,0,3,0,0,0,0,0,0,0,0,0,0,,,,,
Mohamed Sanu,WR,ATL,2,GB,0,0,0,0,0,0,0,0,5,85,0,6,0,0,0,0,0,0,0,0,0,0,,,,,
NE,DEF,NE,2,NO,,,,,,,,,,,,,,,,,,,,,,,0,0,0,0,20.0
NO,DEF,NO,2,NE,,,,,,,,,,,,,,,,,,,,,,,0,0,0,0,36.0
NYG,DEF,NYG,2,DET,,,,,,,,,,,,,,,,,,,,,,,0,0,0,0,24.0
NYJ,DEF,NYJ,2,LV,,,,,,,,,,,,,,,,,,,,,,,0,0,0,0,45.0
Neal Sterling,TE,NYJ,2,LV,0,0,0,0,0,0,0,0,1,8,0,1,0,0,0,0,0,0,0,0,0,0,,,,,
Nelson Agholor,WR,PHI,2,KC,0,0,0,0,0,0,0,0,1,9,1,3,0,0,0,0,0,0,0,0,0,0,,,,,
Nick Boyle,TE,BAL,2,CLE,0,0,0,0,0,0,0,0,1,9,0,1,0,0,0,0,0,0,0,0,0,0,,,,,
Nick Folk,K,TB,2,CHI,0,0,0,0,0,0,0,0,0,0,0,0,0,0,0,0,1,0,1,1,0,2,,,,,
O.J. Howard,TE,TB,2,CHI,0,0,0,0,0,0,0,0,1,17,0,3,0,0,0,0,0,0,0,0,0,0,,,,,
Odell Beckham Jr.,WR,NYG,2,DET,0,0,0,0,0,0,0,0,4,36,0,5,0,0,0,0,0,0,0,0,0,0,,,,,
Orleans Darkwa,RB,NYG,2,DET,0,0,0,0,0,17,0,3,1,3,0,1,0,0,0,0,0,0,0,0,0,0,,,,,
PHI,DEF,PHI,2,KC,,,,,,,,,,,,,,,,,,,,,,,0,0,0,0,27.0
PIT,DEF,PIT,2,MIN,,,,,,,,,,,,,,,,,,,,,,,0,0,0,0,9.0
Patrick DiMarco,RB,BUF,2,CAR,0,0,0,0,0,0,0,0,0,0,0,1,0,0,0,0,0,0,0,0,0,0,,,,,
Paul Perkins,RB,NYG,2,DET,0,0,0,0,0,10,0,7,2,12,0,2,0,0,0,0,0,0,0,0,0,0,,,,,
Paul Richardson,WR,SEA,2,SF,0,0,0,0,0,0,0,0,2,19,1,5,0,0,0,0,0,0,0,0,0,0,,,,,
Peyton Barber,RB,TB,2,CHI,0,0,0,0,0,47,0,10,0,0,0,0,0,0,0,0,0,0,0,0,0,0,,,,,
Pharoh Cooper,WR,LA,2,WAS,0,0,0,0,0,0,0,0,0,0,0,0,0,0,0,0,0,0,0,0,0,0,,,,,
Phil Dawson,K,ARI,2,IND,0,0,0,0,0,0,0,0,0,0,0,0,0,0,0,0,1,1,1,0,0,1,,,,,
Philip Rivers,QB,LAC,2,MIA,331,1,39,31,0,0,0,1,0,0,0,0,0,0,0,0,0,0,0,0,0,0,,,,,
Phillip Dorsett,WR,NE,2,NO,0,0,0,0,0,7,0,1,3,68,0,3,0,0,0,0,0,0,0,0,0,0,,,,,
Phillip Supernaw,TE,TEN,2,JAX,0,0,0,0,0,0,0,0,0,0,0,0,0,0,0,0,0,0,0,0,0,0,,,,,
Pierre Garcon,WR,SF,2,SEA,0,0,0,0,0,0,0,0,3,26,0,5,0,0,0,0,0,0,0,0,0,0,,,,,
Quan Bray,WR,IND,2,ARI,0,0,0,0,0,0,0,0,0,0,0,0,0,0,0,0,0,0,0,0,0,0,,,,,
Raheem Mostert,RB,SF,2,SEA,0,0,0,0,0,0,0,0,0,0,0,0,0,0,0,0,0,0,0,0,0,0,,,,,
Randall Cobb,WR,GB,2,ATL,0,0,0,0,0,10,0,1,6,60,0,9,0,0,0,0,0,0,0,0,0,0,,,,,
Randall Telfer,TE,CLE,2,BAL,0,0,0,0,0,0,0,0,1,20,0,1,0,0,0,0,0,0,0,0,0,0,,,,,
Randy Bullock,K,CIN,2,HOU,0,0,0,0,0,0,0,0,0,0,0,0,0,0,0,0,1,2,0,0,0,0,,,,,
Rashard Higgins,WR,CLE,2,BAL,0,0,0,0,0,4,0,1,7,95,0,11,0,0,0,0,0,0,0,0,0,0,,,,,
Rex Burkhead,RB,NE,2,NO,0,0,0,0,0,3,0,2,3,41,1,4,0,0,0,0,0,0,0,0,0,0,,,,,
Rhett Ellison,TE,NYG,2,DET,0,0,0,0,0,0,0,0,2,21,0,2,0,0,0,0,0,0,0,0,0,0,,,,,
Ricardo Louis,WR,CLE,2,BAL,0,0,0,0,0,0,0,0,2,27,0,2,0,0,0,0,0,0,0,0,0,0,,,,,
Richard Rodgers,TE,GB,2,ATL,0,0,0,0,0,0,0,0,2,22,0,4,0,0,0,0,0,0,0,0,0,0,,,,,
Rishard Matthews,WR,TEN,2,JAX,0,0,0,0,0,0,0,0,3,43,0,5,0,0,0,0,0,0,0,0,0,0,,,,,
Rob Gronkowski,TE,NE,2,NO,0,0,0,0,0,0,0,0,6,116,1,9,0,0,0,0,0,0,0,0,0,0,,,,,
Rob Kelley,RB,WAS,2,LA,0,0,0,0,0,78,0,12,0,0,0,0,0,0,0,0,0,0,0,0,0,0,,,,,
Robbie Chosen,WR,NYJ,2,LV,0,0,0,0,0,0,0,0,2,28,0,4,0,0,0,0,0,0,0,0,0,0,,,,,
Robbie Gould,K,SF,2,SEA,0,0,0,0,0,0,0,0,0,0,0,0,0,0,0,0,0,2,1,0,0,0,,,,,
Robert Turbin,RB,IND,2,ARI,0,0,0,0,0,11,0,3,1,8,0,1,0,0,0,0,0,0,0,0,0,0,,,,,
Robert Woods,WR,LA,2,WAS,0,0,0,0,0,0,0,0,1,8,0,4,0,0,0,0,0,0,0,0,0,0,,,,,
Rod Smith,RB,DAL,2,DEN,0,0,0,0,0,8,0,2,0,0,0,0,0,0,0,0,0,0,0,0,0,0,,,,,
Roger Lewis,WR,NYG,2,DET,0,0,0,0,0,0,0,0,2,13,0,2,0,0,0,0,0,0,0,0,0,0,,,,,
Ross Travis,TE,KC,2,PHI,0,0,0,0,0,0,0,0,0,0,0,1,0,0,0,0,0,0,0,0,0,0,,,,,
Russell Shepard,WR,CAR,2,BUF,0,0,0,0,0,0,0,0,1,6,0,2,0,0,0,0,0,0,0,0,0,0,,,,,
Russell Wilson,QB,SEA,2,SF,198,1,39,23,0,34,0,12,0,0,0,0,0,0,0,0,0,0,0,0,0,0,,,,,
Ryan Fitzpatrick,QB,TB,2,CHI,0,0,1,0,0,-2,0,2,0,0,0,0,0,0,0,0,0,0,0,0,0,0,,,,,
Ryan Grant,WR,WAS,2,LA,0,0,0,0,0,0,0,0,1,11,1,2,0,0,0,0,0,0,0,0,0,0,,,,,
Ryan Hewitt,TE,CIN,2,HOU,0,0,0,0,0,0,0,0,0,0,0,0,0,0,0,0,0,0,0,0,0,0,,,,,
Ryan Succop,K,TEN,2,JAX,0,0,0,0,0,0,0,0,0,0,0,0,0,0,0,0,1,0,2,0,0,4,,,,,
Ryan Switzer,WR,DAL,2,DEN,0,0,0,0,0,0,0,0,0,0,0,0,0,0,0,0,0,0,0,0,0,0,,,,,
SEA,DEF,SEA,2,SF,,,,,,,,,,,,,,,,,,,,,,,0,0,0,0,9.0
SF,DEF,SF,2,SEA,,,,,,,,,,,,,,,,,,,,,,,0,0,0,0,12.0
Samaje Perine,RB,WAS,2,LA,0,0,0,0,0,67,0,21,1,0,0,1,0,0,0,0,0,0,0,0,0,0,,,,,
Sammie Coates,WR,CLE,2,BAL,0,0,0,0,0,0,0,0,0,0,0,4,0,0,0,0,0,0,0,0,0,0,,,,,
Sammy Watkins,WR,LA,2,WAS,0,0,0,0,0,0,0,0,2,30,0,2,0,0,0,0,0,0,0,0,0,0,,,,,
Sean McGrath,TE,LAC,2,MIA,0,0,0,0,0,0,0,0,1,10,0,1,0,0,0,0,0,0,0,0,0,0,,,,,
Seth DeValve,TE,CLE,2,BAL,0,0,0,0,0,0,0,0,2,61,0,4,0,0,0,0,0,0,0,0,0,0,,,,,
Seth Roberts,WR,LV,2,NYJ,0,0,0,0,0,0,0,0,0,0,0,1,0,0,0,0,0,0,0,0,0,0,,,,,
Shane Vereen,RB,NYG,2,DET,0,0,0,0,0,28,0,6,3,27,0,3,0,0,0,0,0,0,0,0,0,0,,,,,
Stefon Diggs,WR,MIN,2,PIT,0,0,0,0,0,4,0,1,2,27,0,6,0,0,0,0,0,0,0,0,0,0,,,,,
Stephen Gostkowski,K,NE,2,NO,0,0,0,0,0,0,0,0,0,0,0,0,0,0,0,0,3,0,0,0,0,3,,,,,
Sterling Shepard,WR,NYG,2,DET,0,0,0,0,0,7,0,2,2,23,0,4,0,0,0,0,0,0,0,0,0,0,,,,,
Steven Hauschka,K,BUF,2,CAR,0,0,0,0,0,0,0,0,0,0,0,0,0,0,0,0,0,0,1,0,0,0,,,,,
T.Y. Hilton,WR,IND,2,ARI,0,0,0,0,0,0,0,0,4,49,0,6,0,0,0,0,0,0,0,0,0,0,,,,,
TB,DEF,TB,2,CHI,,,,,,,,,,,,,,,,,,,,,,,1,0,0,0,7.0
TEN,DEF,TEN,2,JAX,,,,,,,,,,,,,,,,,,,,,,,0,0,0,0,16.0
Tanner Gentry,WR,CHI,2,TB,0,0,0,0,0,0,0,0,2,27,0,3,0,0,0,0,0,0,0,0,0,0,,,,,
Tanner McEvoy,WR,SEA,2,SF,0,0,0,0,0,0,0,0,0,0,0,2,0,0,0,0,0,0,0,0,0,0,,,,,
Tarik Cohen,RB,CHI,2,TB,0,0,0,0,0,13,0,7,8,55,0,9,0,0,0,0,0,0,0,0,0,0,,,,,
Tavon Austin,WR,LA,2,WAS,0,0,0,0,0,8,0,3,0,0,0,2,0,0,0,0,0,0,0,0,0,0,,,,,
Taylor Gabriel,WR,ATL,2,GB,0,0,0,0,0,7,0,1,2,14,0,3,0,0,0,0,0,0,0,0,0,0,,,,,
Taywan Taylor,WR,TEN,2,JAX,0,0,0,0,0,16,0,2,1,42,0,1,0,0,0,0,0,0,0,0,0,0,,,,,
Ted Ginn,WR,NO,2,NE,0,0,0,0,0,0,0,0,3,24,0,6,0,0,0,0,0,0,0,0,0,0,,,,,
Terrance West,RB,BAL,2,CLE,0,0,0,0,0,22,1,8,2,23,0,2,0,0,0,0,0,0,0,0,0,0,,,,,
Terrance Williams,WR,DAL,2,DEN,0,0,0,0,0,0,0,0,4,17,0,5,0,0,0,0,0,0,0,0,0,0,,,,,
Terrell Watson,RB,PIT,2,MIN,0,0,0,0,0,1,0,1,0,0,0,0,0,0,0,0,0,0,0,0,0,0,,,,,
Terrelle Pryor,WR,WAS,2,LA,0,0,0,0,0,0,0,0,2,31,0,4,0,0,0,0,0,0,0,0,0,0,,,,,
Tevin Coleman,RB,ATL,2,GB,0,0,0,0,0,42,0,6,2,3,1,2,0,0,0,0,0,0,0,0,0,0,,,,,
Theo Riddick,RB,DET,2,NYG,0,0,0,0,0,20,0,9,3,17,0,3,0,0,0,0,0,0,0,0,0,0,,,,,
Thomas Rawls,RB,SEA,2,SF,0,0,0,0,0,4,0,5,0,0,0,0,0,0,0,0,0,0,0,0,0,0,,,,,
Todd Gurley,RB,LA,2,WAS,0,0,0,0,0,88,1,16,3,48,1,4,0,0,0,0,0,0,0,0,0,0,,,,,
Tom Brady,QB,NE,2,NO,447,3,39,30,0,9,0,2,0,0,0,0,0,0,0,0,0,0,0,0,0,0,,,,,
Tommylee Lewis,WR,NO,2,NE,0,0,0,0,0,0,0,0,1,16,0,2,0,0,0,0,0,0,0,0,0,0,,,,,
Torrey Smith,WR,PHI,2,KC,0,0,0,0,0,0,0,0,4,66,0,8,0,0,0,0,0,0,0,0,0,0,,,,,
Travis Benjamin,WR,LAC,2,MIA,0,0,0,0,0,0,0,0,1,11,0,3,0,0,0,0,0,0,0,0,0,0,,,,,
Travis Kelce,TE,KC,2,PHI,0,0,0,0,0,0,0,0,8,103,1,10,0,0,0,0,0,0,0,0,0,0,,,,,
Trent Taylor,WR,SF,2,SEA,0,0,0,0,0,0,0,0,2,6,0,4,0,0,0,0,0,0,0,0,0,0,,,,,
Trevor Davis,WR,GB,2,ATL,0,0,0,0,0,0,0,0,1,9,0,1,0,0,0,0,0,0,0,0,0,0,,,,,
Trevor Siemian,QB,DEN,2,DAL,231,4,32,22,1,14,0,5,0,0,0,0,0,0,0,0,0,0,0,0,0,0,,,,,
Trey Burton,TE,PHI,2,KC,0,0,0,0,0,0,0,0,1,10,0,1,0,0,0,0,0,0,0,0,0,0,,,,,
Trey Edmunds,RB,NO,2,NE,0,0,0,0,0,0,0,0,0,0,0,0,0,0,0,0,0,0,0,0,0,0,,,,,
Troy Niklas,TE,ARI,2,IND,0,0,0,0,0,0,0,0,1,16,0,1,0,0,0,0,0,0,0,0,0,0,,,,,
Ty Montgomery,WR,GB,2,ATL,0,0,0,0,0,35,1,10,6,75,1,7,0,0,0,0,0,0,0,0,0,0,,,,,
Tyler Eifert,TE,CIN,2,HOU,0,0,0,0,0,0,0,0,3,42,0,4,0,0,0,0,0,0,0,0,0,0,,,,,
Tyler Ervin,RB,HOU,2,CIN,0,0,0,0,0,0,0,0,3,16,0,5,0,0,0,0,0,0,0,0,0,0,,,,,
Tyler Higbee,TE,LA,2,WAS,0,0,0,0,0,0,0,0,0,0,0,1,0,0,0,0,0,0,0,0,0,0,,,,,
Tyler Kroft,TE,CIN,2,HOU,0,0,0,0,0,0,0,0,0,0,0,0,0,0,0,0,0,0,0,0,0,0,,,,,
Tyler Lockett,WR,SEA,2,SF,0,0,0,0,0,0,0,0,6,64,0,9,0,0,0,0,0,0,0,0,0,0,,,,,
Tyreek Hill,WR,KC,2,PHI,0,0,0,0,0,6,0,1,4,43,0,6,0,0,0,0,0,0,0,0,0,0,,,,,
Tyrell Williams,WR,LAC,2,MIA,0,0,0,0,0,0,0,0,4,54,0,4,0,0,0,0,0,0,0,0,0,0,,,,,
Tyrod Taylor,QB,BUF,2,CAR,125,0,25,17,0,55,0,8,0,0,0,0,0,0,0,0,0,0,0,0,0,0,,,,,
Vernon Davis,TE,WAS,2,LA,0,0,0,0,0,0,0,0,1,13,0,1,0,0,0,0,0,0,0,0,0,0,,,,,
Victor Bolden,WR,SF,2,SEA,0,0,0,0,0,0,0,0,0,0,0,0,0,0,0,0,0,0,0,0,0,0,,,,,
Virgil Green,TE,DEN,2,DAL,0,0,0,0,0,0,0,0,2,11,1,3,0,0,0,0,0,0,0,0,0,0,,,,,
WAS,DEF,WAS,2,LA,,,,,,,,,,,,,,,,,,,,,,,0,0,0,0,20.0
Wendell Smallwood,RB,PHI,2,KC,0,0,0,0,0,4,0,3,1,-3,0,2,0,0,0,0,0,0,0,0,0,0,,,,,
Wil Lutz,K,NO,2,NE,0,0,0,0,0,0,0,0,0,0,0,0,0,0,0,0,0,1,1,0,0,2,,,,,
Will Tye,TE,NYJ,2,LV,0,0,0,0,0,0,0,0,1,4,0,3,0,0,0,0,0,0,0,0,0,0,,,,,
Younghoe Koo,K,LAC,2,MIA,0,0,0,0,0,0,0,0,0,0,0,0,0,0,0,0,0,0,1,0,0,2,,,,,
Zach Ertz,TE,PHI,2,KC,0,0,0,0,0,0,0,0,5,97,0,10,0,0,0,0,0,0,0,0,0,0,,,,,
Zach Miller,TE,CHI,2,TB,0,0,0,0,0,0,0,0,6,42,0,9,0,0,0,0,0,0,0,0,0,0,,,,,
Zane Gonzalez,K,CLE,2,BAL,0,0,0,0,0,0,0,0,0,0,0,0,0,0,0,0,0,1,0,0,0,1,,,,,
Zay Jones,WR,BUF,2,CAR,0,0,0,0,0,0,0,0,2,18,0,6,0,0,0,0,0,0,0,0,0,0,,,,,
A.J. Derby,TE,DEN,3,BUF,0,0,0,0,0,0,0,0,1,5,0,2,0,0,0,0,0,0,0,0,0,0,,,,,
A.J. Green,WR,CIN,3,GB,0,0,0,0,0,0,0,0,10,111,1,13,0,0,0,0,0,0,0,0,0,0,,,,,
ARI,DEF,ARI,3,DAL,,,,,,,,,,,,,,,,,,,,,,,0,0,0,0,28.0
ATL,DEF,ATL,3,DET,,,,,,,,,,,,,,,,,,,,,,,0,0,0,0,26.0
Aaron Rodgers,QB,GB,3,CIN,313,3,42,28,1,23,0,4,0,0,0,0,0,0,0,0,0,0,0,0,0,0,,,,,
Adam Humphries,WR,TB,3,MIN,0,0,0,0,0,0,0,0,6,68,0,10,0,0,0,0,0,0,0,0,0,0,,,,,
Adam Shaheen,TE,CHI,3,PIT,0,0,0,0,0,0,0,0,1,2,1,1,0,0,0,0,0,0,0,0,0,0,,,,,
Adam Thielen,WR,MIN,3,TB,0,0,0,0,0,0,0,0,5,98,0,8,0,0,0,0,0,0,0,0,0,0,,,,,
Adam Vinatieri,K,IND,3,CLE,0,0,0,0,0,0,0,0,0,0,0,0,0,0,0,0,0,1,0,0,0,4,,,,,
Adrian Peterson,RB,NO,3,CAR,0,0,0,0,0,33,0,9,2,4,0,2,0,0,0,0,0,0,0,0,0,0,,,,,
Akeem Hunt,RB,KC,3,LAC,0,0,0,0,0,0,0,0,0,0,0,0,0,0,0,0,0,0,0,0,0,0,,,,,
Alan Cross,TE,TB,3,MIN,0,0,0,0,0,0,0,0,1,5,0,1,0,0,0,0,0,0,0,0,0,0,,,,,
Albert Wilson,WR,KC,3,LAC,0,0,0,0,0,-4,0,1,3,18,1,4,0,0,0,0,0,0,0,0,0,0,,,,,
Aldrick Robinson,WR,SF,3,LA,0,0,0,0,0,0,0,0,2,23,0,4,0,0,0,0,0,0,0,0,0,0,,,,,
Aldrick Rosas,K,NYG,3,PHI,0,0,0,0,0,0,0,0,0,0,0,0,0,0,0,0,0,0,1,0,0,3,,,,,
Alex Collins,RB,BAL,3,JAX,0,0,0,0,0,82,0,9,0,0,0,0,0,0,0,0,0,0,0,0,0,0,,,,,
Alex Erickson,WR,CIN,3,GB,0,0,0,0,0,0,0,0,0,0,0,0,0,0,0,0,0,0,0,0,0,0,,,,,
Alex Smith,QB,KC,3,LAC,155,2,21,16,0,9,0,2,0,0,0,0,0,0,0,0,0,0,0,0,0,0,,,,,
Allen Hurns,WR,JAX,3,BAL,0,0,0,0,0,0,0,0,3,20,1,3,0,0,0,0,0,0,0,0,0,0,,,,,
Alshon Jeffery,WR,PHI,3,NYG,0,0,0,0,0,0,0,0,4,56,0,8,0,0,0,0,0,0,0,0,0,0,,,,,
Alvin Kamara,RB,NO,3,CAR,0,0,0,0,0,37,1,2,3,5,0,5,0,0,0,0,0,0,0,0,0,0,,,,,
Amara Darboh,WR,SEA,3,TEN,0,0,0,0,0,0,0,0,0,0,0,1,0,0,0,0,0,0,0,0,0,0,,,,,
Amari Cooper,WR,LV,3,WAS,0,0,0,0,0,0,0,0,1,6,0,5,0,0,0,0,0,0,0,0,0,0,,,,,
Ameer Abdullah,RB,DET,3,ATL,0,0,0,0,0,47,0,14,3,39,0,3,0,0,0,0,0,0,0,0,0,0,,,,,
Andre Ellington,RB,ARI,3,DAL,0,0,0,0,0,22,0,5,5,59,0,8,0,0,0,0,0,0,0,0,0,0,,,,,
Andre Holmes,WR,BUF,3,DEN,0,0,0,0,0,0,0,0,2,6,1,2,0,0,0,0,0,0,0,0,0,0,,,,,
Andre Roberts,WR,ATL,3,DET,0,0,0,0,0,0,0,0,1,12,0,1,0,0,0,0,0,0,0,0,0,0,,,,,
Andy Dalton,QB,CIN,3,GB,212,2,27,21,0,-2,0,2,0,0,0,0,0,0,0,0,0,0,0,0,0,0,,,,,
Antonio Brown,WR,PIT,3,CHI,0,0,0,0,0,0,0,0,10,110,1,14,0,0,0,0,0,0,0,0,0,0,,,,,
Antonio Gates,TE,LAC,3,KC,0,0,0,0,0,0,0,0,2,30,0,5,0,0,0,0,0,0,0,0,0,0,,,,,
ArDarius Stewart,WR,NYJ,3,MIA,0,0,0,0,0,0,0,0,1,24,0,1,0,0,0,0,0,0,0,0,0,0,,,,,
Austin Ekeler,RB,LAC,3,KC,0,0,0,0,0,0,0,0,1,6,0,1,0,0,0,0,0,0,0,0,0,0,,,,,
Austin Hooper,TE,ATL,3,DET,0,0,0,0,0,0,0,0,1,9,0,2,0,0,0,0,0,0,0,0,0,0,,,,,
Austin Seferian-Jenkins,TE,NYJ,3,MIA,0,0,0,0,0,0,0,0,5,31,0,6,0,0,0,0,0,0,0,0,0,0,,,,,
BAL,DEF,BAL,3,JAX,,,,,,,,,,,,,,,,,,,,,,,0,0,0,0,44.0
BUF,DEF,BUF,3,DEN,,,,,,,,,,,,,,,,,,,,,,,0,0,0,0,16.0
Ben Roethlisberger,QB,PIT,3,CHI,235,1,39,22,0,6,0,1,0,0,0,0,0,0,0,0,0,0,0,0,0,0,,,,,
Benjamin Watson,TE,BAL,3,JAX,0,0,0,0,0,0,0,0,3,12,1,3,0,0,0,0,0,0,0,0,0,0,,,,,
Bennie Fowler,WR,DEN,3,BUF,0,0,0,0,0,0,0,0,4,55,0,7,0,0,0,0,0,0,0,0,0,0,,,,,
Benny Cunningham,RB,CHI,3,PIT,0,0,0,0,0,0,0,0,3,23,0,3,0,0,0,0,0,0,0,0,0,0,,,,,
Bernard Reedy,WR,TB,3,MIN,0,0,0,0,0,3,0,1,1,6,0,1,0,0,0,0,0,0,0,0,0,0,,,,,
Bilal Powell,RB,NYJ,3,MIA,0,0,0,0,0,37,1,15,0,0,0,0,0,0,0,0,0,0,0,0,0,0,,,,,
Blair Walsh,K,SEA,3,TEN,0,0,0,0,0,0,0,0,0,0,0,0,0,0,0,0,0,0,0,0,0,3,,,,,
Blake Bortles,QB,JAX,3,BAL,244,4,31,20,0,18,0,3,0,0,0,0,0,0,0,0,0,0,0,0,0,0,,,,,
Bradley Sowell,TE,CHI,3,PIT,0,0,0,0,0,0,0,0,0,0,0,0,0,0,0,0,0,0,0,0,0,0,,,,,
Branden Oliver,RB,LAC,3,KC,0,0,0,0,0,16,0,8,4,18,0,6,0,0,0,0,0,0,0,0,0,0,,,,,
Brandin Cooks,WR,NE,3,HOU,0,0,0,0,0,0,0,0,5,131,2,7,0,0,1,0,0,0,0,0,0,0,,,,,
Brandon Bolden,RB,NE,3,HOU,0,0,0,0,0,0,0,0,0,0,0,0,0,0,0,0,0,0,0,0,0,0,,,,,
Brandon Coleman,WR,NO,3,CAR,0,0,0,0,0,0,0,0,1,11,1,1,0,0,0,0,0,0,0,0,0,0,,,,,
Brandon LaFell,WR,CIN,3,GB,0,0,0,0,0,0,0,0,1,5,0,2,0,0,0,0,0,0,0,0,0,0,,,,,
Brandon Marshall,WR,NYG,3,PHI,0,0,0,0,0,0,0,0,8,66,0,11,0,0,0,0,0,0,0,0,0,0,,,,,
Brandon McManus,K,DEN,3,BUF,0,0,0,0,0,0,0,0,0,0,0,0,0,0,0,0,1,2,0,0,0,1,,,,,
Brandon Tate,WR,BUF,3,DEN,0,0,0,0,0,0,0,0,0,0,0,0,0,0,0,0,0,0,0,0,0,0,,,,,
Brandon Williams,TE,IND,3,CLE,0,0,0,0,0,0,0,0,1,7,0,1,0,0,0,0,0,0,0,0,0,0,,,,,
Braxton Miller,WR,HOU,3,NE,0,0,0,0,0,0,0,0,1,15,0,4,0,0,0,0,0,0,0,0,0,0,,,,,
Breshad Perriman,WR,BAL,3,JAX,0,0,0,0,0,0,0,0,0,0,0,1,0,0,0,0,0,0,0,0,0,0,,,,,
Brian Hoyer,QB,SF,3,LA,332,2,37,23,1,9,1,1,0,0,0,0,0,0,0,0,0,0,0,0,0,0,,,,,
Brice Butler,WR,DAL,3,ARI,0,0,0,0,0,0,0,0,2,90,1,2,0,0,0,0,0,0,0,0,0,0,,,,,
Brittan Golden,WR,ARI,3,DAL,0,0,0,0,0,0,0,0,1,21,0,3,0,0,0,0,0,0,0,0,0,0,,,,,
Bruce Ellington,WR,HOU,3,NE,0,0,0,0,0,-1,0,1,4,59,1,7,0,0,0,0,0,0,0,0,0,0,,,,,
C.J. Anderson,RB,DEN,3,BUF,0,0,0,0,0,36,0,8,2,7,0,2,0,0,0,0,0,0,0,0,0,0,,,,,
C.J. Prosise,RB,SEA,3,TEN,0,0,0,0,0,9,0,4,3,65,0,5,0,0,0,0,0,0,0,0,0,0,,,,,
C.J. Uzomah,TE,CIN,3,GB,0,0,0,0,0,0,0,0,0,0,0,0,0,0,0,0,0,0,0,0,0,0,,,,,
CAR,DEF,CAR,3,NO,,,,,,,,,,,,,,,,,,,,,,,0,0,0,0,34.0
CHI,DEF,CHI,3,PIT,,,,,,,,,,,,,,,,,,,,,,,0,0,0,0,17.0
CIN,DEF,CIN,3,GB,,,,,,,,,,,,,,,,,,,,,,,1,0,0,0,27.0
CLE,DEF,CLE,3,IND,,,,,,,,,,,,,,,,,,,,,,,0,0,0,0,31.0
Cairo Santos,K,KC,3,LAC,0,0,0,0,0,0,0,0,0,0,0,0,0,0,0,0,0,1,0,0,0,3,,,,,
Cam Newton,QB,CAR,3,NO,167,0,26,17,3,16,1,3,0,0,0,0,0,0,0,0,0,0,0,0,0,0,,,,,
Cameron Brate,TE,TB,3,MIN,0,0,0,0,0,0,0,0,4,33,1,4,0,0,0,0,0,0,0,0,0,0,,,,,
Carlos Hyde,RB,SF,3,LA,0,0,0,0,0,84,2,25,3,10,0,4,0,0,0,0,0,0,0,0,0,0,,,,,
Carson Palmer,QB,ARI,3,DAL,325,2,48,29,0,7,0,3,0,0,0,0,0,0,0,0,0,0,0,0,0,0,,,,,
Carson Wentz,QB,PHI,3,NYG,176,1,31,21,0,22,0,6,0,0,0,0,0,0,0,0,0,0,0,0,0,0,,,,,
Case Keenum,QB,MIN,3,TB,369,3,33,25,0,18,0,6,0,0,0,0,0,0,0,0,0,0,0,0,0,0,,,,,
Chad Henne,QB,JAX,3,BAL,0,0,2,0,0,-3,0,3,0,0,0,0,0,0,0,0,0,0,0,0,0,0,,,,,
Chad Williams,WR,ARI,3,DAL,0,0,0,0,0,0,0,0,1,8,0,1,0,0,0,0,0,0,0,0,0,0,,,,,
Chandler Catanzaro,K,NYJ,3,MIA,0,0,0,0,0,0,0,0,0,0,0,0,0,0,0,0,1,0,1,0,0,2,,,,,
Charcandrick West,RB,KC,3,LAC,0,0,0,0,0,-1,0,2,2,14,0,2,0,0,0,0,0,0,0,0,0,0,,,,,
Charles Clay,TE,BUF,3,DEN,0,0,0,0,0,0,0,0,6,39,1,6,0,0,0,0,0,0,0,0,0,0,,,,,
Charles Sims,RB,TB,3,MIN,0,0,0,0,0,4,0,2,1,9,0,1,0,0,0,0,0,0,0,0,0,0,,,,,
Chris Boswell,K,PIT,3,CHI,0,0,0,0,0,0,0,0,0,0,0,0,0,0,0,0,0,1,0,0,0,2,,,,,
Chris Carson,RB,SEA,3,TEN,0,0,0,0,0,34,0,11,2,18,1,2,0,0,0,0,0,0,0,0,0,0,,,,,
Chris Conley,WR,KC,3,LAC,0,0,0,0,0,0,0,0,0,0,0,1,0,0,0,0,0,0,0,0,0,0,,,,,
Chris Godwin Jr.,WR,TB,3,MIN,0,0,0,0,0,0,0,0,3,44,0,3,0,0,0,0,0,0,0,0,0,0,,,,,
Chris Hogan,WR,NE,3,HOU,0,0,0,0,0,0,0,0,4,68,2,6,0,0,0,0,0,0,0,0,0,0,,,,,
Chris Ivory,RB,JAX,3,BAL,0,0,0,0,0,17,0,6,2,25,0,2,0,0,0,0,0,0,0,0,0,0,,,,,
Chris Johnson,RB,ARI,3,DAL,0,0,0,0,0,17,0,12,1,4,0,2,0,0,0,0,0,0,0,0,0,0,,,,,
Chris Matthews,WR,BAL,3,JAX,0,0,0,0,0,0,0,0,1,8,0,1,0,0,0,0,0,0,0,0,0,0,,,,,
Chris Moore,WR,BAL,3,JAX,0,0,0,0,0,0,0,0,0,0,0,1,0,0,0,0,0,0,0,0,0,0,,,,,
Chris Thompson,RB,WAS,3,LV,0,0,0,0,0,38,0,8,6,150,1,7,0,0,0,0,0,0,0,0,0,0,,,,,
Christian McCaffrey,RB,CAR,3,NO,0,0,0,0,0,16,0,4,9,101,0,11,0,0,0,0,0,0,0,0,0,0,,,,,
Clive Walford,TE,LV,3,WAS,0,0,0,0,0,0,0,0,1,-1,0,1,0,0,0,0,0,0,0,0,0,0,,,,,
Coby Fleener,TE,NO,3,CAR,0,0,0,0,0,0,0,0,1,21,0,1,0,0,0,0,0,0,0,0,0,0,,,,,
Cody Latimer,WR,DEN,3,BUF,0,0,0,0,0,0,0,0,0,0,0,1,0,0,0,0,0,0,0,0,0,0,,,,,
Cody Parkey,K,MIA,3,NYJ,0,0,0,0,0,0,0,0,0,0,0,0,0,0,0,0,0,0,0,0,0,0,,,,,
Cole Beasley,WR,DAL,3,ARI,0,0,0,0,0,0,0,0,1,4,0,1,0,0,0,0,0,0,0,0,0,0,,,,,
Connor Barth,K,CHI,3,PIT,0,0,0,0,0,0,0,0,0,0,0,0,0,0,0,0,1,0,0,0,0,2,,,,,
Cooper Kupp,WR,LA,3,SF,0,0,0,0,0,0,0,0,2,17,0,2,0,0,0,0,0,0,0,0,0,0,,,,,
Cordarrelle Patterson,RB,LV,3,WAS,0,0,0,0,0,5,0,2,1,7,0,2,0,0,0,0,0,0,0,0,0,0,,,,,
Corey Clement,RB,PHI,3,NYG,0,0,0,0,0,22,1,6,0,0,0,0,0,0,0,0,0,0,0,0,0,0,,,,,
Corey Grant,RB,JAX,3,BAL,0,0,0,0,0,75,0,6,1,18,0,1,0,0,0,0,0,0,0,0,0,0,,,,,
Curtis Samuel,WR,CAR,3,NO,0,0,0,0,0,31,0,1,2,5,0,5,0,0,0,0,0,0,0,0,0,0,,,,,
D'Onta Foreman,RB,HOU,3,NE,0,0,0,0,0,25,0,8,2,65,0,3,0,0,0,0,0,0,0,0,0,0,,,,,
DAL,DEF,DAL,3,ARI,,,,,,,,,,,,,,,,,,,,,,,0,0,0,0,17.0
DEN,DEF,DEN,3,BUF,,,,,,,,,,,,,,,,,,,,,,,0,0,0,0,26.0
DET,DEF,DET,3,ATL,,,,,,,,,,,,,,,,,,,,,,,1,0,0,0,30.0
Dak Prescott,QB,DAL,3,ARI,183,2,18,13,0,16,1,3,0,0,0,0,0,0,0,0,0,0,0,0,0,0,,,,,
Dalvin Cook,RB,MIN,3,TB,0,0,0,0,0,97,1,27,5,72,0,5,0,0,0,0,0,0,0,0,0,0,,,,,
Damien Williams,RB,MIA,3,NYJ,0,0,0,0,0,5,0,2,1,6,0,1,0,0,0,0,0,0,0,0,0,0,,,,,
Damiere Byrd,WR,CAR,3,NO,0,0,0,0,0,0,0,0,0,0,0,1,0,0,0,0,0,0,0,0,0,0,,,,,
Dan Bailey,K,DAL,3,ARI,0,0,0,0,0,0,0,0,0,0,0,0,0,0,0,0,0,0,0,0,0,4,,,,,
Danny Amendola,WR,NE,3,HOU,0,0,0,0,0,0,0,0,3,48,0,5,0,0,0,0,0,0,0,0,0,0,,,,,
Darrell Daniels,TE,IND,3,CLE,0,0,0,0,0,0,0,0,1,6,0,1,0,0,0,0,0,0,0,0,0,0,,,,,
Darren Fells,TE,DET,3,ATL,0,0,0,0,0,0,0,0,1,8,0,1,0,0,0,0,0,0,0,0,0,0,,,,,
Darren Sproles,RB,PHI,3,NYG,0,0,0,0,0,11,0,3,0,0,0,0,0,0,0,0,0,0,0,0,0,0,,,,,
Darrius Heyward-Bey,WR,PIT,3,CHI,0,0,0,0,0,0,0,0,0,0,0,0,0,0,0,0,0,0,0,0,0,0,,,,,
Davante Adams,WR,GB,3,CIN,0,0,0,0,0,0,0,0,3,60,0,6,0,0,0,0,0,0,0,0,0,0,,,,,
David Fluellen,RB,TEN,3,SEA,0,0,0,0,0,0,0,0,0,0,0,0,0,0,0,0,0,0,0,0,0,0,,,,,
David Njoku,TE,CLE,3,IND,0,0,0,0,0,0,0,0,2,12,1,4,0,0,0,0,0,0,0,0,0,0,,,,,
De'Angelo Henderson Sr.,RB,DEN,3,BUF,0,0,0,0,0,1,0,1,0,0,0,0,0,0,0,0,0,0,0,0,0,0,,,,,
De'Anthony Thomas,WR,KC,3,LAC,0,0,0,0,0,0,0,0,1,14,0,1,0,0,0,0,0,0,0,0,0,0,,,,,
DeAndre Hopkins,WR,HOU,3,NE,0,0,0,0,0,0,0,0,7,76,0,8,0,0,0,0,0,0,0,0,0,0,,,,,
DeAndre Washington,RB,LV,3,WAS,0,0,0,0,0,0,0,1,5,24,0,6,0,0,0,0,0,0,0,0,0,0,,,,,
DeMarco Murray,RB,TEN,3,SEA,0,0,0,0,0,115,1,14,1,5,0,2,0,0,0,0,0,0,0,0,0,0,,,,,
DeSean Jackson,WR,TB,3,MIN,0,0,0,0,0,0,0,0,4,84,1,7,0,0,0,0,0,0,0,0,0,0,,,,,
DeShone Kizer,QB,CLE,3,IND,242,2,47,22,3,44,1,7,0,0,0,0,0,0,0,0,0,0,0,0,0,0,,,,,
DeVante Parker,WR,MIA,3,NYJ,0,0,0,0,0,0,0,0,8,76,1,10,0,0,0,0,0,0,0,0,0,0,,,,,
Delanie Walker,TE,TEN,3,SEA,0,0,0,0,0,0,0,0,4,31,0,6,0,0,0,0,0,0,0,0,0,0,,,,,
Demarcus Robinson,WR,KC,3,LAC,0,0,0,0,0,0,0,0,2,9,0,2,0,0,0,0,0,0,0,0,0,0,,,,,
Demaryius Thomas,WR,DEN,3,BUF,0,0,0,0,0,0,0,0,6,98,0,9,0,0,0,0,0,0,0,0,0,0,,,,,
Deonte Thompson,WR,CHI,3,PIT,0,0,0,0,0,0,0,0,1,9,0,2,0,0,0,0,0,0,0,0,0,0,,,,,
Derek Anderson,QB,CAR,3,NO,17,0,7,2,0,0,0,0,0,0,0,0,0,0,0,0,0,0,0,0,0,0,,,,,
Derek Carr,QB,LV,3,WAS,118,1,31,19,2,5,0,2,0,0,0,0,0,0,0,0,0,0,0,0,0,0,,,,,
Derek Carrier,TE,LA,3,SF,0,0,0,0,0,0,0,0,1,17,0,1,0,0,0,0,0,0,0,0,0,0,,,,,
Derrick Henry,RB,TEN,3,SEA,0,0,0,0,0,54,0,13,1,10,0,1,0,0,0,0,0,0,0,0,0,0,,,,,
Deshaun Watson,QB,HOU,3,NE,301,2,33,22,2,41,0,8,0,0,0,0,0,0,0,0,0,0,0,0,0,0,,,,,
Devin Funchess,WR,CAR,3,NO,0,0,0,0,0,0,0,0,4,58,0,10,0,0,0,0,0,0,0,0,0,0,,,,,
Devonta Freeman,RB,ATL,3,DET,0,0,0,0,0,106,1,21,3,32,0,3,0,0,0,0,0,0,0,0,0,0,,,,,
Dez Bryant,WR,DAL,3,ARI,0,0,0,0,0,0,0,0,2,12,1,2,0,0,0,0,0,0,0,0,0,0,,,,,
Dion Lewis,RB,NE,3,HOU,0,0,0,0,0,5,0,2,3,12,0,3,0,0,0,0,0,0,0,0,0,0,,,,,
Donte Moncrief,WR,IND,3,CLE,0,0,0,0,0,0,0,0,2,44,0,3,0,0,0,0,0,0,0,0,0,0,,,,,
Dontrelle Inman,WR,LAC,3,KC,0,0,0,0,0,0,0,0,1,2,0,1,0,0,0,0,0,0,0,0,0,0,,,,,
Doug Baldwin,WR,SEA,3,TEN,0,0,0,0,0,0,0,0,10,105,1,15,0,0,0,0,0,0,0,0,0,0,,,,,
Drew Brees,QB,NO,3,CAR,220,3,29,22,0,0,0,0,0,0,0,0,0,0,0,0,0,0,0,0,0,0,,,,,
Duke Johnson,RB,CLE,3,IND,0,0,0,0,0,23,1,2,6,81,0,7,0,0,0,0,0,0,0,0,0,0,,,,,
Dustin Hopkins,K,WAS,3,LV,0,0,0,0,0,0,0,0,0,0,0,0,0,0,0,0,2,0,0,0,0,3,,,,,
Dwayne Allen,TE,NE,3,HOU,0,0,0,0,0,0,0,0,0,0,0,2,0,0,0,0,0,0,0,0,0,0,,,,,
Dwayne Harris,WR,NYG,3,PHI,0,0,0,0,0,0,0,0,0,0,0,0,0,0,0,0,0,0,0,0,0,0,,,,,
Ed Dickson,TE,CAR,3,NO,0,0,0,0,0,0,0,0,1,8,0,1,0,0,0,0,0,0,0,0,0,0,,,,,
Eli Manning,QB,NYG,3,PHI,366,3,47,35,2,0,0,0,0,0,0,0,0,0,0,0,0,0,0,0,0,0,,,,,
Eli Rogers,WR,PIT,3,CHI,0,0,0,0,0,0,0,0,0,0,0,0,0,0,0,0,0,0,0,0,0,0,,,,,
Elijah McGuire,RB,NYJ,3,MIA,0,0,0,0,0,34,0,7,0,0,0,0,0,0,0,0,0,0,0,0,0,0,,,,,
Emmanuel Sanders,WR,DEN,3,BUF,0,0,0,0,0,0,0,0,7,75,0,15,0,0,0,0,0,0,0,0,0,0,,,,,
Eric Decker,WR,TEN,3,SEA,0,0,0,0,0,0,0,0,4,49,0,5,0,0,0,0,0,0,0,0,0,0,,,,,
Eric Ebron,TE,DET,3,ATL,0,0,0,0,0,0,0,0,2,9,0,7,0,0,0,0,0,0,0,0,0,0,,,,,
Eric Weems,WR,TEN,3,SEA,0,0,0,0,0,0,0,0,0,0,0,1,0,0,0,0,0,0,0,0,0,0,,,,,
Evan Engram,TE,NYG,3,PHI,0,0,0,0,0,0,0,0,5,45,0,7,0,0,0,0,0,0,0,0,0,0,,,,,
Ezekiel Elliott,RB,DAL,3,ARI,0,0,0,0,0,80,1,22,3,14,0,4,0,0,0,0,0,0,0,0,0,0,,,,,
Fozzy Whittaker,RB,CAR,3,NO,0,0,0,0,0,12,0,2,0,0,0,0,0,0,0,0,0,0,0,0,0,0,,,,,
Frank Gore,RB,IND,3,CLE,0,0,0,0,0,57,1,25,1,0,0,1,0,0,0,0,0,0,0,0,0,0,,,,,
GB,DEF,GB,3,CIN,,,,,,,,,,,,,,,,,,,,,,,0,0,0,0,24.0
Garrett Celek,TE,SF,3,LA,0,0,0,0,0,0,0,0,1,1,1,2,0,0,0,0,0,0,0,0,0,0,,,,,
George Kittle,TE,SF,3,LA,0,0,0,0,0,0,0,0,1,8,0,3,0,0,0,0,0,0,0,0,0,0,,,,,
Geronimo Allison,WR,GB,3,CIN,0,0,0,0,0,0,0,0,6,122,0,8,0,0,0,0,0,0,0,0,0,0,,,,,
Giorgio Tavecchio,K,LV,3,WAS,0,0,0,0,0,0,0,0,0,0,0,0,0,0,0,0,1,0,0,0,0,1,,,,,
Giovani Bernard,RB,CIN,3,GB,0,0,0,0,0,27,0,3,2,12,1,2,0,0,0,0,0,0,0,0,0,0,,,,,
Golden Tate,WR,DET,3,ATL,0,0,0,0,0,0,0,0,7,58,1,11,0,0,0,0,0,0,0,0,0,0,,,,,
Graham Gano,K,CAR,3,NO,0,0,0,0,0,0,0,0,0,0,0,0,0,0,0,0,0,1,1,0,0,1,,,,,
Greg Zuerlein,K,LA,3,SF,0,0,0,0,0,0,0,0,0,0,0,0,0,0,0,1,0,0,1,0,0,5,,,,,
HOU,DEF,HOU,3,NE,,,,,,,,,,,,,,,,,,,,,,,0,0,0,0,36.0
IND,DEF,IND,3,CLE,,,,,,,,,,,,,,,,,,,,,,,0,0,0,0,28.0
Isaiah Crowell,RB,CLE,3,IND,0,0,0,0,0,44,0,12,2,10,0,3,0,0,0,0,0,0,0,0,0,0,,,,,
Isaiah McKenzie,WR,DEN,3,BUF,0,0,0,0,0,4,0,1,0,0,0,0,0,0,0,0,0,0,0,0,0,0,,,,,
J.J. Nelson,WR,ARI,3,DAL,0,0,0,0,0,0,0,0,0,0,0,3,0,0,0,0,0,0,0,0,0,0,,,,,
JAX,DEF,JAX,3,BAL,,,,,,,,,,,,,,,,,,,,,,,0,0,0,0,7.0
Jack Doyle,TE,IND,3,CLE,0,0,0,0,0,0,0,0,2,16,0,5,0,0,0,0,0,0,0,0,0,0,,,,,
Jacob Hollister,TE,NE,3,HOU,0,0,0,0,0,0,0,0,1,19,0,1,0,0,0,0,0,0,0,0,0,0,,,,,
Jacoby Brissett,QB,IND,3,CLE,259,1,24,17,0,14,2,5,0,0,0,0,0,0,0,0,0,0,0,0,0,0,,,,,
Jacquizz Rodgers,RB,TB,3,MIN,0,0,0,0,0,15,0,5,0,0,0,0,0,0,0,0,0,0,0,0,0,0,,,,,
Jake Elliott,K,PHI,3,NYG,0,0,0,0,0,0,0,0,0,0,0,0,0,0,0,0,0,0,1,0,1,3,,,,,
Jakeem Grant,WR,MIA,3,NYJ,0,0,0,0,0,0,0,0,1,12,0,1,0,0,0,0,0,0,0,0,0,0,,,,,
Jalen Richard,RB,LV,3,WAS,0,0,0,0,0,4,0,2,1,4,0,1,0,0,0,0,0,0,0,0,0,0,,,,,
Jamaal Charles,RB,DEN,3,BUF,0,0,0,0,0,56,1,9,1,1,0,1,0,0,0,0,0,0,0,0,0,0,,,,,
Jamaal Williams,RB,GB,3,CIN,0,0,0,0,0,6,0,1,0,0,0,0,0,0,0,0,0,0,0,0,0,0,,,,,
Jamal Agnew,WR,DET,3,ATL,0,0,0,0,0,0,0,0,0,0,0,0,0,0,0,0,0,0,0,0,0,0,,,,,
Jameis Winston,QB,TB,3,MIN,328,2,40,28,3,4,0,1,0,0,0,0,0,0,0,0,0,0,0,0,0,0,,,,,
James Hanna,TE,DAL,3,ARI,0,0,0,0,0,0,0,0,0,0,0,0,0,0,0,0,0,0,0,0,0,0,,,,,
James O'Shaughnessy,TE,JAX,3,BAL,0,0,0,0,0,0,0,0,1,12,0,1,0,0,0,0,0,0,0,0,0,0,,,,,
James White,RB,NE,3,HOU,0,0,0,0,0,17,0,5,1,11,0,1,0,0,0,0,0,0,0,0,0,0,,,,,
Jamison Crowder,WR,WAS,3,LV,0,0,0,0,0,0,0,0,6,52,0,6,0,0,0,0,0,0,0,0,0,0,,,,,
Jamize Olawale,RB,LV,3,WAS,0,0,0,0,0,0,0,0,0,0,0,0,0,0,0,0,0,0,0,0,0,0,,,,,
Jared Abbrederis,WR,DET,3,ATL,0,0,0,0,0,0,0,0,0,0,0,0,0,0,0,0,0,0,0,0,0,0,,,,,
Jared Cook,TE,LV,3,WAS,0,0,0,0,0,0,0,0,4,43,1,6,0,0,0,0,0,0,0,0,0,0,,,,,
Jared Goff,QB,LA,3,SF,292,3,28,22,0,-1,0,1,0,0,0,0,0,0,0,0,0,0,0,0,0,0,,,,,
Jarius Wright,WR,MIN,3,TB,0,0,0,0,0,0,0,0,2,9,1,3,0,0,0,0,0,0,0,0,0,0,,,,,
Jaron Brown,WR,ARI,3,DAL,0,0,0,0,0,0,0,0,2,27,1,6,0,0,0,0,0,0,0,0,0,0,,,,,
Jarvis Landry,WR,MIA,3,NYJ,0,0,0,0,0,0,0,0,6,48,0,11,0,0,0,0,0,0,0,0,0,0,,,,,
Jason Myers,K,JAX,3,BAL,0,0,0,0,0,0,0,0,0,0,0,0,0,0,0,0,2,0,1,0,0,5,,,,,
Jason Witten,TE,DAL,3,ARI,0,0,0,0,0,0,0,0,1,3,0,4,0,0,0,0,0,0,0,0,0,0,,,,,
Javorius Allen,RB,BAL,3,JAX,0,0,0,0,0,15,0,8,5,13,0,6,0,0,0,0,0,0,0,0,0,0,,,,,
Jay Ajayi,RB,MIA,3,NYJ,0,0,0,0,0,16,0,11,2,9,0,3,0,0,0,0,0,0,0,0,0,0,,,,,
Jay Cutler,QB,MIA,3,NYJ,220,1,44,26,1,9,0,1,0,0,0,0,0,0,0,0,0,0,0,0,0,0,,,,,
Jeff Janis,WR,GB,3,CIN,0,0,0,0,0,0,0,0,0,0,0,0,0,0,0,0,0,0,0,0,0,0,,,,,
Jeremy Hill,RB,CIN,3,GB,0,0,0,0,0,23,0,7,1,6,0,1,0,0,0,0,0,0,0,0,0,0,,,,,
Jeremy Kerley,WR,NYJ,3,MIA,0,0,0,0,0,0,0,0,5,42,0,5,0,0,0,0,0,0,0,0,0,0,,,,,
Jeremy Maclin,WR,BAL,3,JAX,0,0,0,0,0,0,0,0,1,8,0,5,0,0,0,0,0,0,0,0,0,0,,,,,
Jerick McKinnon,RB,MIN,3,TB,0,0,0,0,0,5,0,2,2,-1,0,2,0,0,0,0,0,0,0,0,0,0,,,,,
Jermaine Gresham,TE,ARI,3,DAL,0,0,0,0,0,0,0,0,5,47,0,9,0,0,0,0,0,0,0,0,0,0,,,,,
Jermaine Kearse,WR,NYJ,3,MIA,0,0,0,0,0,0,0,0,3,42,0,3,0,0,0,0,0,0,0,0,0,0,,,,,
Jesse James,TE,PIT,3,CHI,0,0,0,0,0,0,0,0,2,19,0,4,0,0,0,0,0,0,0,0,0,0,,,,,
Jimmy Graham,TE,SEA,3,TEN,0,0,0,0,0,0,0,0,7,72,0,11,0,0,0,0,0,0,0,0,0,0,,,,,
Joe Flacco,QB,BAL,3,JAX,28,0,18,8,2,0,0,0,0,0,0,0,0,0,0,0,0,0,0,0,0,0,,,,,
Joe Mixon,RB,CIN,3,GB,0,0,0,0,0,62,0,18,3,39,0,3,0,0,0,0,0,0,0,0,0,0,,,,,
Joe Webb,QB,BUF,3,DEN,0,0,0,0,0,0,0,0,0,0,0,0,0,0,0,0,0,0,0,0,0,0,,,,,
Johnny Holton,WR,LV,3,WAS,0,0,0,0,0,0,0,0,0,0,0,0,0,0,0,0,0,0,0,0,0,0,,,,,
Jonathan Stewart,RB,CAR,3,NO,0,0,0,0,0,57,0,12,1,4,0,2,0,0,0,0,0,0,0,0,0,0,,,,,
Jonnu Smith,TE,TEN,3,SEA,0,0,0,0,0,0,0,0,1,24,1,2,0,0,0,0,0,0,0,0,0,0,,,,,
Jordan Howard,RB,CHI,3,PIT,0,0,0,0,0,140,2,23,5,26,0,5,0,0,0,0,0,0,0,0,0,0,,,,,
Jordan Leslie,WR,CLE,3,IND,0,0,0,0,0,0,0,0,1,26,0,1,0,0,0,0,0,0,0,0,0,0,,,,,
Jordan Matthews,TE,BUF,3,DEN,0,0,0,0,0,0,0,0,3,61,0,5,0,0,0,0,0,0,0,0,0,0,,,,,
Jordan Todman,RB,HOU,3,NE,0,0,0,0,0,0,0,0,0,0,0,0,0,0,0,0,0,0,0,0,0,0,,,,,
Jordy Nelson,WR,GB,3,CIN,0,0,0,0,0,0,0,0,6,52,2,9,0,0,0,0,0,0,0,0,0,0,,,,,
Josh Doctson,WR,WAS,3,LV,0,0,0,0,0,0,0,0,1,52,1,2,0,0,0,0,0,0,0,0,0,0,,,,,
Josh Hill,TE,NO,3,CAR,0,0,0,0,0,0,0,0,1,3,0,1,0,0,0,0,0,0,0,0,0,0,,,,,
Josh McCown,QB,NYJ,3,MIA,249,1,23,18,0,7,0,4,0,0,0,0,0,0,0,0,0,0,0,0,0,0,,,,,
JuJu Smith-Schuster,WR,PIT,3,CHI,0,0,0,0,0,0,0,0,2,39,0,6,0,0,0,0,0,0,0,0,0,0,,,,,
Julio Jones,WR,ATL,3,DET,0,0,0,0,0,0,0,0,7,91,0,12,0,0,0,0,0,0,0,0,0,0,,,,,
Julius Thomas,TE,MIA,3,NYJ,0,0,0,0,0,0,0,0,3,16,0,5,0,0,0,0,0,0,0,0,0,0,,,,,
Justin Tucker,K,BAL,3,JAX,0,0,0,0,0,0,0,0,0,0,0,0,0,0,0,0,0,0,0,0,0,1,,,,,
KC,DEF,KC,3,LAC,,,,,,,,,,,,,,,,,,,,,,,0,0,0,0,10.0
Ka'imi Fairbairn,K,HOU,3,NE,0,0,0,0,0,0,0,0,0,0,0,0,0,0,0,0,0,3,1,0,0,3,,,,,
Kaelin Clay,WR,BUF,3,DEN,0,0,0,0,0,0,0,0,1,28,0,2,0,0,0,0,0,0,0,0,0,0,,,,,
Kai Forbath,K,MIN,3,TB,0,0,0,0,0,0,0,0,0,0,0,0,0,0,0,0,1,1,0,0,0,4,,,,,
Kamar Aiken,WR,IND,3,CLE,0,0,0,0,0,0,0,0,1,9,0,1,0,0,0,0,0,0,0,0,0,0,,,,,
Kareem Hunt,RB,KC,3,LAC,0,0,0,0,0,172,1,17,1,11,0,1,0,0,0,0,0,0,0,0,0,0,,,,,
Kasen Williams,WR,CLE,3,IND,0,0,0,0,0,0,0,0,1,10,0,2,0,0,0,0,0,0,0,0,0,0,,,,,
Keelan Cole,WR,JAX,3,BAL,0,0,0,0,0,0,0,0,1,13,0,4,0,0,0,0,0,0,0,0,0,0,,,,,
Keenan Allen,WR,LAC,3,KC,0,0,0,0,0,0,0,0,5,61,0,9,0,0,0,0,0,0,0,0,0,0,,,,,
Kelvin Benjamin,WR,CAR,3,NO,0,0,0,0,0,0,0,0,2,8,0,2,0,0,0,0,0,0,0,0,0,0,,,,,
Kendall Wright,WR,CHI,3,PIT,0,0,0,0,0,0,0,0,0,0,0,0,0,0,0,0,0,0,0,0,0,0,,,,,
Kenny Britt,WR,CLE,3,IND,0,0,0,0,0,0,0,0,3,54,1,10,0,0,0,0,0,0,0,0,0,0,,,,,
Kenny Golladay,WR,DET,3,ATL,0,0,0,0,0,0,0,0,2,25,0,5,0,0,0,0,0,0,0,0,0,0,,,,,
Kenny Stills,WR,MIA,3,NYJ,0,0,0,0,0,0,0,0,4,51,0,10,0,0,0,0,0,0,0,0,0,0,,,,,
Kenyan Drake,RB,MIA,3,NYJ,0,0,0,0,0,0,0,1,1,2,0,2,0,0,0,0,0,0,0,0,0,0,,,,,
Kerwynn Williams,RB,ARI,3,DAL,0,0,0,0,0,3,0,1,0,0,0,0,0,0,0,0,0,0,0,0,0,0,,,,,
Kirk Cousins,QB,WAS,3,LV,365,3,30,25,0,2,0,1,0,0,0,0,0,0,0,0,0,0,0,0,0,0,,,,,
Kyle Juszczyk,RB,SF,3,LA,0,0,0,0,0,0,0,0,1,34,0,1,0,0,0,0,0,0,0,0,0,0,,,,,
Kyle Rudolph,TE,MIN,3,TB,0,0,0,0,0,0,0,0,1,4,0,2,0,0,0,0,0,0,0,0,0,0,,,,,
LA,DEF,LA,3,SF,,,,,,,,,,,,,,,,,,,,,,,0,0,0,0,39.0
LAC,DEF,LAC,3,KC,,,,,,,,,,,,,,,,,,,,,,,0,0,0,0,24.0
LV,DEF,LV,3,WAS,,,,,,,,,,,,,,,,,,,,,,,0,0,0,0,0.0
Lamar Miller,RB,HOU,3,NE,0,0,0,0,0,56,0,14,1,7,0,1,0,0,0,0,0,0,0,0,0,0,,,,,
Lance Kendricks,TE,GB,3,CIN,0,0,0,0,0,0,0,0,2,52,1,3,0,0,0,0,0,0,0,0,0,0,,,,,
Laquon Treadwell,WR,MIN,3,TB,0,0,0,0,0,0,0,0,1,2,0,1,0,0,0,0,0,0,0,0,0,0,,,,,
Larry Fitzgerald,WR,ARI,3,DAL,0,0,0,0,0,0,0,0,13,149,1,15,0,0,0,0,0,0,0,0,0,0,,,,,
Latavius Murray,RB,MIN,3,TB,0,0,0,0,0,5,0,2,0,0,0,0,0,0,0,0,0,0,0,0,0,0,,,,,
Le'Veon Bell,RB,PIT,3,CHI,0,0,0,0,0,61,1,15,6,37,0,7,0,0,0,0,0,0,0,0,0,0,,,,,
LeGarrette Blount,RB,PHI,3,NYG,0,0,0,0,0,67,1,12,0,0,0,0,0,0,0,0,0,0,0,0,0,0,,,,,
LeSean McCoy,RB,BUF,3,DEN,0,0,0,0,0,21,0,14,7,48,0,7,0,0,0,0,0,0,0,0,0,0,,,,,
Lee Smith,TE,LV,3,WAS,0,0,0,0,0,0,0,0,0,0,0,0,0,0,0,0,0,0,0,0,0,0,,,,,
Leonard Fournette,RB,JAX,3,BAL,0,0,0,0,0,59,1,17,3,21,0,4,0,0,0,0,0,0,0,0,0,0,,,,,
Leonte Carroo,WR,MIA,3,NYJ,0,0,0,0,0,0,0,0,0,0,0,2,0,0,0,0,0,0,0,0,0,0,,,,,
Luke Willson,TE,SEA,3,TEN,0,0,0,0,0,0,0,0,3,53,1,4,0,0,0,0,0,0,0,0,0,0,,,,,
MIA,DEF,MIA,3,NYJ,,,,,,,,,,,,,,,,,,,,,,,0,0,0,0,20.0
MIN,DEF,MIN,3,TB,,,,,,,,,,,,,,,,,,,,,,,0,0,0,0,17.0
Mack Brown,RB,WAS,3,LV,0,0,0,0,0,27,0,6,0,0,0,0,0,0,0,0,0,0,0,0,0,0,,,,,
MarQueis Gray,TE,MIA,3,NYJ,0,0,0,0,0,0,0,0,0,0,0,0,0,0,0,0,0,0,0,0,0,0,,,,,
Marcedes Lewis,TE,JAX,3,BAL,0,0,0,0,0,0,0,0,4,62,3,5,0,0,0,0,0,0,0,0,0,0,,,,,
Marcus Mariota,QB,TEN,3,SEA,225,2,32,20,0,27,0,7,0,0,0,0,0,0,0,0,0,0,0,0,0,0,,,,,
Mark Ingram,RB,NO,3,CAR,0,0,0,0,0,56,0,14,2,30,0,4,0,0,0,0,0,0,0,0,0,0,,,,,
Markus Wheaton,WR,CHI,3,PIT,0,0,0,0,0,0,0,0,0,0,0,2,0,0,0,0,0,0,0,0,0,0,,,,,
Marqise Lee,WR,JAX,3,BAL,0,0,0,0,0,0,0,0,4,65,0,7,0,0,0,0,0,0,0,0,0,0,,,,,
Marquise Goodwin,WR,SF,3,LA,0,0,0,0,0,0,0,0,2,62,0,5,0,0,0,0,0,0,0,0,0,0,,,,,
Marshawn Lynch,RB,LV,3,WAS,0,0,0,0,0,18,0,6,1,8,0,1,0,0,0,0,0,0,0,0,0,0,,,,,
Martavis Bryant,WR,PIT,3,CHI,0,0,0,0,0,0,0,0,2,30,0,8,0,0,0,0,0,0,0,0,0,0,,,,,
Martellus Bennett,TE,GB,3,CIN,0,0,0,0,0,0,0,0,3,12,0,4,0,0,0,0,0,0,0,0,0,0,,,,,
Marvin Jones,WR,DET,3,ATL,0,0,0,0,0,0,0,0,3,24,0,6,0,0,0,0,0,0,0,0,0,0,,,,,
Mason Crosby,K,GB,3,CIN,0,0,0,0,0,0,0,0,0,0,0,0,0,0,0,0,2,0,0,0,0,3,,,,,
Matt Breida,RB,SF,3,LA,0,0,0,0,0,9,0,3,3,20,0,4,0,0,0,0,0,0,0,0,0,0,,,,,
Matt Bryant,K,ATL,3,DET,0,0,0,0,0,0,0,0,0,0,0,0,0,0,0,0,0,1,2,0,0,3,,,,,
Matt Forte,RB,NYJ,3,MIA,0,0,0,0,0,25,0,8,0,0,0,0,0,0,0,0,0,0,0,0,0,0,,,,,
Matt Hazel,WR,IND,3,CLE,0,0,0,0,0,0,0,0,0,0,0,0,0,0,0,0,0,0,0,0,0,0,,,,,
Matt Jones,RB,IND,3,CLE,0,0,0,0,0,3,0,1,0,0,0,0,0,0,0,0,0,0,0,0,0,0,,,,,
Matt Prater,K,DET,3,ATL,0,0,0,0,0,0,0,0,0,0,0,0,0,0,0,0,0,1,1,2,0,2,,,,,
Matt Ryan,QB,ATL,3,DET,294,2,35,24,3,-1,0,1,0,0,0,0,0,0,0,0,0,0,0,0,0,0,,,,,
Matthew Stafford,QB,DET,3,ATL,264,1,45,25,0,19,0,2,0,0,0,0,0,0,0,0,0,0,0,0,0,0,,,,,
Melvin Gordon,RB,LAC,3,KC,0,0,0,0,0,79,1,17,0,0,0,2,0,0,0,0,0,0,0,0,0,0,,,,,
Michael Campanaro,WR,BAL,3,JAX,0,0,0,0,0,7,0,1,1,3,0,2,0,0,0,0,0,0,0,0,0,0,,,,,
Michael Crabtree,WR,LV,3,WAS,0,0,0,0,0,0,0,0,1,7,0,3,0,0,0,0,0,0,0,0,0,0,,,,,
Michael Hoomanawanui,TE,NO,3,CAR,0,0,0,0,0,0,0,0,0,0,0,1,0,0,0,0,0,0,0,0,0,0,,,,,
Michael Thomas,WR,NO,3,CAR,0,0,0,0,0,0,0,0,7,87,1,8,0,0,0,0,0,0,0,0,0,0,,,,,
Mike Evans,WR,TB,3,MIN,0,0,0,0,0,0,0,0,7,67,0,12,0,0,0,0,0,0,0,0,0,0,,,,,
Mike Gillislee,RB,NE,3,HOU,0,0,0,0,0,31,0,12,0,0,0,0,0,0,0,0,0,0,0,0,0,0,,,,,
Mike Glennon,QB,CHI,3,PIT,101,1,22,15,1,4,0,3,0,0,0,0,0,0,0,0,0,0,0,0,0,0,,,,,
Mike Wallace,WR,BAL,3,JAX,0,0,0,0,0,4,0,1,1,6,0,5,0,0,0,0,0,0,0,0,0,0,,,,,
Mohamed Sanu,WR,ATL,3,DET,0,0,0,0,0,0,0,0,4,28,1,6,0,0,0,0,0,0,0,0,0,0,,,,,
NE,DEF,NE,3,HOU,,,,,,,,,,,,,,,,,,,,,,,0,0,0,0,33.0
NO,DEF,NO,3,CAR,,,,,,,,,,,,,,,,,,,,,,,0,0,0,0,13.0
NYG,DEF,NYG,3,PHI,,,,,,,,,,,,,,,,,,,,,,,0,0,0,0,27.0
NYJ,DEF,NYJ,3,MIA,,,,,,,,,,,,,,,,,,,,,,,0,0,0,0,6.0
Neal Sterling,TE,NYJ,3,MIA,0,0,0,0,0,0,0,0,0,0,0,1,0,0,0,0,0,0,0,0,0,0,,,,,
Nelson Agholor,WR,PHI,3,NYG,0,0,0,0,0,0,0,0,2,20,0,3,0,0,0,0,0,0,0,0,0,0,,,,,
Nick Boyle,TE,BAL,3,JAX,0,0,0,0,0,0,0,0,2,14,0,2,0,0,0,0,0,0,0,0,0,0,,,,,
Nick Folk,K,TB,3,MIN,0,0,0,0,0,0,0,0,0,0,0,0,0,0,0,0,0,0,1,0,0,2,,,,,
Nick O'Leary,TE,BUF,3,DEN,0,0,0,0,0,0,0,0,1,31,0,1,0,0,0,0,0,0,0,0,0,0,,,,,
Niles Paul,TE,WAS,3,LV,0,0,0,0,0,0,0,0,1,-3,0,1,0,0,0,0,0,0,0,0,0,0,,,,,
Noah Brown,WR,DAL,3,ARI,0,0,0,0,0,0,0,0,1,13,0,1,0,0,0,0,0,0,0,0,0,0,,,,,
O.J. Howard,TE,TB,3,MIN,0,0,0,0,0,0,0,0,1,12,0,1,0,0,0,0,0,0,0,0,0,0,,,,,
Odell Beckham Jr.,WR,NYG,3,PHI,0,0,0,0,0,0,0,0,9,79,2,13,0,0,0,0,0,0,0,0,0,0,,,,,
Orleans Darkwa,RB,NYG,3,PHI,0,0,0,0,0,22,0,7,1,11,0,1,0,0,0,0,0,0,0,0,0,0,,,,,
PHI,DEF,PHI,3,NYG,,,,,,,,,,,,,,,,,,,,,,,0,0,0,0,24.0
PIT,DEF,PIT,3,CHI,,,,,,,,,,,,,,,,,,,,,,,0,0,0,0,23.0
Paul Perkins,RB,NYG,3,PHI,0,0,0,0,0,22,0,9,2,8,0,2,0,0,0,0,0,0,0,0,0,0,,,,,
Paul Richardson,WR,SEA,3,TEN,0,0,0,0,0,0,0,0,2,30,1,7,0,0,0,0,0,0,0,0,0,0,,,,,
Pharoh Cooper,WR,LA,3,SF,0,0,0,0,0,0,0,0,1,4,0,1,0,0,0,0,0,0,0,0,0,0,,,,,
Phil Dawson,K,ARI,3,DAL,0,0,0,0,0,0,0,0,0,0,0,0,0,0,0,0,0,1,0,0,0,2,,,,,
Philip Rivers,QB,LAC,3,KC,237,0,40,20,3,0,0,0,0,0,0,0,0,0,0,0,0,0,0,0,0,0,,,,,
Phillip Supernaw,TE,TEN,3,SEA,0,0,0,0,0,0,0,0,1,3,0,1,0,0,0,0,0,0,0,0,0,0,,,,,
Pierre Garcon,WR,SF,3,LA,0,0,0,0,0,0,0,0,7,142,0,10,0,0,0,0,0,0,0,0,0,0,,,,,
Quan Bray,WR,IND,3,CLE,0,0,0,0,0,0,0,0,1,22,0,1,0,0,0,0,0,0,0,0,0,0,,,,,
Raheem Mostert,RB,SF,3,LA,0,0,0,0,0,11,0,4,0,0,0,0,0,0,0,0,0,0,0,0,0,0,,,,,
Randall Telfer,TE,CLE,3,IND,0,0,0,0,0,0,0,0,1,4,0,1,0,0,0,0,0,0,0,0,0,0,,,,,
Randy Bullock,K,CIN,3,GB,0,0,0,0,0,0,0,0,0,0,0,0,0,0,0,0,0,0,1,0,0,3,,,,,
Rashard Higgins,WR,CLE,3,IND,0,0,0,0,0,0,0,0,2,10,0,6,0,0,0,0,0,0,0,0,0,0,,,,,
Ricardo Louis,WR,CLE,3,IND,0,0,0,0,0,0,0,0,1,10,0,6,0,0,0,0,0,0,0,0,0,0,,,,,
Rishard Matthews,WR,TEN,3,SEA,0,0,0,0,0,0,0,0,6,87,1,10,0,0,0,0,0,0,0,0,0,0,,,,,
Rob Gronkowski,TE,NE,3,HOU,0,0,0,0,0,0,0,0,8,89,1,10,0,0,0,0,0,0,0,0,0,0,,,,,
Robbie Chosen,WR,NYJ,3,MIA,0,0,0,0,0,0,0,0,3,95,1,6,0,0,0,0,0,0,0,0,0,0,,,,,
Robbie Gould,K,SF,3,LA,0,0,0,0,0,0,0,0,0,0,0,0,0,0,0,0,0,1,1,0,0,3,,,,,
Robert Turbin,RB,IND,3,CLE,0,0,0,0,0,18,0,5,1,2,0,2,0,0,0,0,0,0,0,0,0,0,,,,,
Robert Woods,WR,LA,3,SF,0,0,0,0,0,0,0,0,6,108,0,7,0,0,0,0,0,0,0,0,0,0,,,,,
Rod Smith,RB,DAL,3,ARI,0,0,0,0,0,0,0,0,0,0,0,0,0,0,0,0,0,0,0,0,0,0,,,,,
Roger Lewis,WR,NYG,3,PHI,0,0,0,0,0,0,0,0,1,6,0,1,0,0,0,0,0,0,0,0,0,0,,,,,
Russell Shepard,WR,CAR,3,NO,0,0,0,0,0,0,0,0,0,0,0,1,0,0,0,0,0,0,0,0,0,0,,,,,
Russell Wilson,QB,SEA,3,TEN,373,4,49,29,0,26,0,7,0,0,0,0,0,0,0,0,0,0,0,0,0,0,,,,,
Ryan Grant,WR,WAS,3,LV,0,0,0,0,0,0,0,0,3,31,0,4,0,0,0,0,0,0,0,0,0,0,,,,,
Ryan Griffin,TE,HOU,3,NE,0,0,0,0,0,0,0,0,5,61,1,6,0,0,0,0,0,0,0,0,0,0,,,,,
Ryan Mallett,QB,BAL,3,JAX,36,1,9,6,0,0,0,0,0,0,0,0,0,0,0,0,0,0,0,0,0,0,,,,,
Ryan Succop,K,TEN,3,SEA,0,0,0,0,0,0,0,0,0,0,0,0,0,0,0,0,1,2,1,0,0,3,,,,,
Ryan Switzer,WR,DAL,3,ARI,0,0,0,0,0,3,0,1,0,0,0,0,0,0,0,0,0,0,0,0,0,0,,,,,
SEA,DEF,SEA,3,TEN,,,,,,,,,,,,,,,,,,,,,,,0,0,0,0,33.0
SF,DEF,SF,3,LA,,,,,,,,,,,,,,,,,,,,,,,0,0,0,0,41.0
Samaje Perine,RB,WAS,3,LV,0,0,0,0,0,49,0,19,1,6,0,1,0,0,0,0,0,0,0,0,0,0,,,,,
Sammy Watkins,WR,LA,3,SF,0,0,0,0,0,0,0,0,6,106,2,7,0,0,0,0,0,0,0,0,0,0,,,,,
Seth DeValve,TE,CLE,3,IND,0,0,0,0,0,0,0,0,2,29,0,5,0,0,0,0,0,0,0,0,0,0,,,,,
Seth Roberts,WR,LV,3,WAS,0,0,0,0,0,0,0,0,4,20,0,5,0,0,0,0,0,0,0,0,0,0,,,,,
Shane Vereen,RB,NYG,3,PHI,0,0,0,0,0,5,0,1,2,18,0,2,0,0,0,0,0,0,0,0,0,0,,,,,
Stefon Diggs,WR,MIN,3,TB,0,0,0,0,0,0,0,0,8,173,2,11,0,0,0,0,0,0,0,0,0,0,,,,,
Stephen Anderson,TE,HOU,3,NE,0,0,0,0,0,0,0,0,1,14,0,3,0,0,0,0,0,0,0,0,0,0,,,,,
Stephen Gostkowski,K,NE,3,HOU,0,0,0,0,0,0,0,0,0,0,0,0,0,0,0,0,0,0,0,0,0,4,,,,,
Sterling Shepard,WR,NYG,3,PHI,0,0,0,0,0,0,0,0,7,133,1,10,0,0,0,0,0,0,0,0,0,0,,,,,
Steven Hauschka,K,BUF,3,DEN,0,0,0,0,0,0,0,0,0,0,0,0,0,0,0,0,1,0,1,2,0,2,,,,,
T.J. Jones,WR,DET,3,ATL,0,0,0,0,0,0,0,0,3,63,0,3,0,0,0,0,0,0,0,0,0,0,,,,,
T.Y. Hilton,WR,IND,3,CLE,0,0,0,0,0,0,0,0,7,153,1,9,0,0,0,0,0,0,0,0,0,0,,,,,
TB,DEF,TB,3,MIN,,,,,,,,,,,,,,,,,,,,,,,0,0,0,0,34.0
TEN,DEF,TEN,3,SEA,,,,,,,,,,,,,,,,,,,,,,,0,0,0,0,27.0
Tarik Cohen,RB,CHI,3,PIT,0,0,0,0,0,78,0,12,4,24,0,4,0,0,0,0,0,0,0,0,0,0,,,,,
Tavon Austin,WR,LA,3,SF,0,0,0,0,0,14,0,3,0,0,0,0,0,0,0,0,0,0,0,0,0,0,,,,,
Taylor Gabriel,WR,ATL,3,DET,0,0,0,0,0,0,0,0,5,79,1,6,0,0,0,0,0,0,0,0,0,0,,,,,
Taywan Taylor,WR,TEN,3,SEA,0,0,0,0,0,-1,0,1,2,16,0,3,0,0,0,0,0,0,0,0,0,0,,,,,
Ted Ginn,WR,NO,3,CAR,0,0,0,0,0,15,0,1,2,44,1,3,0,0,0,0,0,0,0,0,0,0,,,,,
Terrance West,RB,BAL,3,JAX,0,0,0,0,0,26,0,6,0,0,0,1,0,0,0,0,0,0,0,0,0,0,,,,,
Terrance Williams,WR,DAL,3,ARI,0,0,0,0,0,0,0,0,3,47,0,4,0,0,0,0,0,0,0,0,0,0,,,,,
Terrell Watson,RB,PIT,3,CHI,0,0,0,0,0,3,0,1,0,0,0,0,0,0,0,0,0,0,0,0,0,0,,,,,
Terrelle Pryor,WR,WAS,3,LV,0,0,0,0,0,0,0,0,2,19,0,4,0,0,0,0,0,0,0,0,0,0,,,,,
Tevin Coleman,RB,ATL,3,DET,0,0,0,0,0,46,0,6,3,43,0,5,0,0,0,0,0,0,0,0,0,0,,,,,
Theo Riddick,RB,DET,3,ATL,0,0,0,0,0,0,0,0,4,38,0,9,0,0,0,0,0,0,0,0,0,0,,,,,
Todd Gurley,RB,LA,3,SF,0,0,0,0,0,113,2,28,5,36,1,7,0,0,0,0,0,0,0,0,0,0,,,,,
Tom Brady,QB,NE,3,HOU,378,5,35,25,0,6,0,1,0,0,0,0,0,0,1,0,0,0,0,0,0,0,,,,,
Tommylee Lewis,WR,NO,3,CAR,0,0,0,0,0,8,0,1,3,15,0,3,0,0,0,0,0,0,0,0,0,0,,,,,
Torrey Smith,WR,PHI,3,NYG,0,0,0,0,0,0,0,0,4,29,0,5,0,0,0,0,0,0,0,0,0,0,,,,,
Travis Benjamin,WR,LAC,3,KC,0,0,0,0,0,9,0,1,5,105,0,8,0,0,0,0,0,0,0,0,0,0,,,,,
Travis Kelce,TE,KC,3,LAC,0,0,0,0,0,0,0,0,1,1,0,1,0,0,0,0,0,0,0,0,0,0,,,,,
Trent Taylor,WR,SF,3,LA,0,0,0,0,0,0,0,0,3,32,1,4,0,0,0,0,0,0,0,0,0,0,,,,,
Trevor Davis,WR,GB,3,CIN,0,0,0,0,0,0,0,0,0,0,0,0,0,0,0,0,0,0,0,0,0,0,,,,,
Trevor Siemian,QB,DEN,3,BUF,259,0,40,24,2,12,0,3,0,0,0,0,0,0,0,0,0,0,0,0,0,0,,,,,
Trey Burton,TE,PHI,3,NYG,0,0,0,0,0,0,0,0,2,7,0,3,0,0,0,0,0,0,0,0,0,0,,,,,
Troy Niklas,TE,ARI,3,DAL,0,0,0,0,0,0,0,0,1,10,0,1,0,0,0,0,0,0,0,0,0,0,,,,,
Ty Montgomery,WR,GB,3,CIN,0,0,0,0,0,35,0,12,8,15,0,12,0,0,0,0,0,0,0,0,0,0,,,,,
Tyler Boyd,WR,CIN,3,GB,0,0,0,0,0,0,0,0,1,11,0,1,0,0,0,0,0,0,0,0,0,0,,,,,
Tyler Ervin,RB,HOU,3,NE,0,0,0,0,0,4,0,1,1,4,0,1,0,0,0,0,0,0,0,0,0,0,,,,,
Tyler Higbee,TE,LA,3,SF,0,0,0,0,0,0,0,0,1,4,0,3,0,0,0,0,0,0,0,0,0,0,,,,,
Tyler Kroft,TE,CIN,3,GB,0,0,0,0,0,0,0,0,3,28,0,4,0,0,0,0,0,0,0,0,0,0,,,,,
Tyler Lockett,WR,SEA,3,TEN,0,0,0,0,0,0,0,0,2,30,0,3,0,0,0,0,0,0,0,0,0,0,,,,,
Tyreek Hill,WR,KC,3,LAC,0,0,0,0,0,13,0,3,5,77,1,8,0,0,0,0,0,0,0,0,0,0,,,,,
Tyrell Williams,WR,LAC,3,KC,0,0,0,0,0,0,0,0,2,15,0,7,0,0,0,0,0,0,0,0,0,0,,,,,
Tyrod Taylor,QB,BUF,3,DEN,213,2,26,20,0,13,0,8,0,0,0,0,0,0,0,0,0,0,0,0,0,0,,,,,
Vance McDonald,TE,PIT,3,CHI,0,0,0,0,0,0,0,0,0,0,0,0,0,0,0,0,0,0,0,0,0,0,,,,,
Vernon Davis,TE,WAS,3,LV,0,0,0,0,0,0,0,0,5,58,1,5,0,0,0,0,0,0,0,0,0,0,,,,,
Victor Bolden,WR,SF,3,LA,0,0,0,0,0,0,0,0,0,0,0,0,0,0,0,0,0,0,0,0,0,0,,,,,
Vince Mayle,TE,BAL,3,JAX,0,0,0,0,0,0,0,0,0,0,0,0,0,0,0,0,0,0,0,0,0,0,,,,,
Virgil Green,TE,DEN,3,BUF,0,0,0,0,0,0,0,0,3,18,0,3,0,0,0,0,0,0,0,0,0,0,,,,,
WAS,DEF,WAS,3,LV,,,,,,,,,,,,,,,,,,,,,,,0,0,0,0,10.0
Wendell Smallwood,RB,PHI,3,NYG,0,0,0,0,0,71,0,12,1,9,0,2,0,0,0,0,0,0,0,0,0,0,,,,,
Wil Lutz,K,NO,3,CAR,0,0,0,0,0,0,0,0,0,0,0,0,0,0,0,0,0,1,0,1,0,4,,,,,
Xavier Grimble,TE,PIT,3,CHI,0,0,0,0,0,0,0,0,0,0,0,0,0,0,0,0,0,0,0,0,0,0,,,,,
Younghoe Koo,K,LAC,3,KC,0,0,0,0,0,0,0,0,0,0,0,0,0,0,0,0,1,0,0,0,0,1,,,,,
Zach Ertz,TE,PHI,3,NYG,0,0,0,0,0,0,0,0,8,55,1,10,0,0,0,0,0,0,0,0,0,0,,,,,
Zach Miller,TE,CHI,3,PIT,0,0,0,0,0,0,0,0,1,17,0,3,0,0,0,0,0,0,0,0,0,0,,,,,
Zach Zenner,RB,DET,3,ATL,0,0,0,0,0,5,0,3,0,0,0,0,0,0,0,0,0,0,0,0,0,0,,,,,
Zane Gonzalez,K,CLE,3,IND,0,0,0,0,0,0,0,0,0,0,0,0,0,0,0,0,0,0,0,0,0,4,,,,,
Zay Jones,WR,BUF,3,DEN,0,0,0,0,0,0,0,0,0,0,0,2,0,0,0,0,0,0,0,0,0,0,,,,,
A.J. Derby,TE,DEN,4,LV,0,0,0,0,0,0,0,0,4,75,1,6,0,0,0,0,0,0,0,0,0,0,,,,,
A.J. Green,WR,CIN,4,CLE,0,0,0,0,0,0,0,0,5,63,1,7,0,0,0,0,0,0,0,0,0,0,,,,,
ARI,DEF,ARI,4,SF,,,,,,,,,,,,,,,,,,,,,,,0,0,0,0,15.0
ATL,DEF,ATL,4,BUF,,,,,,,,,,,,,,,,,,,,,,,0,0,0,0,23.0
Aaron Jones,RB,GB,4,CHI,0,0,0,0,0,49,1,13,0,0,0,0,0,0,0,0,0,0,0,0,0,0,,,,,
Aaron Rodgers,QB,GB,4,CHI,179,4,26,18,0,-1,0,1,0,0,0,0,0,0,0,0,0,0,0,0,0,0,,,,,
Adam Humphries,WR,TB,4,NYG,0,0,0,0,0,0,0,0,6,70,0,7,0,0,0,0,0,0,0,0,0,0,,,,,
Adam Thielen,WR,MIN,4,DET,0,0,0,0,0,0,0,0,5,59,0,8,0,0,0,0,0,0,0,0,0,0,,,,,
Adam Vinatieri,K,IND,4,SEA,0,0,0,0,0,0,0,0,0,0,0,0,0,0,0,0,0,0,1,0,0,1,,,,,
Adrian Peterson,RB,NO,4,MIA,0,0,0,0,0,4,0,4,0,0,0,0,0,0,0,0,0,0,0,0,0,0,,,,,
Akeem Hunt,RB,KC,4,WAS,0,0,0,0,0,0,0,0,0,0,0,1,0,0,0,0,0,0,0,0,0,0,,,,,
Albert Wilson,WR,KC,4,WAS,0,0,0,0,0,6,0,1,4,63,0,4,0,0,0,0,0,0,0,0,0,0,,,,,
Aldrick Robinson,WR,SF,4,ARI,0,0,0,0,0,0,0,0,3,52,0,12,0,0,0,0,0,0,0,0,0,0,,,,,
Aldrick Rosas,K,NYG,4,TB,0,0,0,0,0,0,0,0,0,0,0,0,0,0,0,0,0,1,0,0,0,2,,,,,
Alex Armah,RB,CAR,4,NE,0,0,0,0,0,0,0,0,0,0,0,0,0,0,0,0,0,0,0,0,0,0,,,,,
Alex Collins,RB,BAL,4,PIT,0,0,0,0,0,82,0,9,0,0,0,2,0,0,0,0,0,0,0,0,0,0,,,,,
Alex Erickson,WR,CIN,4,CLE,0,0,0,0,0,0,0,0,0,0,0,0,0,0,0,0,0,0,0,0,0,0,,,,,
Alex Smith,QB,KC,4,WAS,293,1,37,27,0,56,1,7,0,0,0,0,0,0,0,0,0,0,0,0,0,0,,,,,
Alfred Blue,RB,HOU,4,TEN,0,0,0,0,0,12,0,4,0,0,0,0,0,0,0,0,0,0,0,0,0,0,,,,,
Alfred Morris,RB,DAL,4,LA,0,0,0,0,0,76,0,2,0,0,0,0,0,0,0,0,0,0,0,0,0,0,,,,,
Allen Hurns,WR,JAX,4,NYJ,0,0,0,0,0,0,0,0,4,42,0,10,0,0,0,0,0,0,0,0,0,0,,,,,
Alshon Jeffery,WR,PHI,4,LAC,0,0,0,0,0,0,0,0,3,29,1,6,0,0,0,0,0,0,0,0,0,0,,,,,
Alvin Kamara,RB,NO,4,MIA,0,0,0,0,0,25,0,5,10,71,1,10,0,0,0,0,0,0,0,0,0,0,,,,,
Amara Darboh,WR,SEA,4,IND,0,0,0,0,0,0,0,0,2,10,0,4,0,0,0,0,0,0,0,0,0,0,,,,,
Amari Cooper,WR,LV,4,DEN,0,0,0,0,0,0,0,0,2,9,0,8,0,0,0,0,0,0,0,0,0,0,,,,,
Ameer Abdullah,RB,DET,4,MIN,0,0,0,0,0,94,1,20,3,15,0,4,0,0,0,0,0,0,0,0,0,0,,,,,
Andre Ellington,RB,ARI,4,SF,0,0,0,0,0,18,0,5,9,86,0,14,0,0,0,0,0,0,0,0,0,0,,,,,
Andre Holmes,WR,BUF,4,ATL,0,0,0,0,0,0,0,0,1,10,0,1,0,0,0,0,0,0,0,0,0,0,,,,,
Andre Roberts,WR,ATL,4,BUF,0,0,0,0,0,0,0,0,0,0,0,0,0,0,0,0,0,0,0,0,0,0,,,,,
Andy Dalton,QB,CIN,4,CLE,286,4,30,25,0,29,0,4,0,0,0,0,0,0,0,0,0,0,0,0,0,0,,,,,
Anthony Fasano,TE,MIA,4,NO,0,0,0,0,0,0,0,0,0,0,0,0,0,0,0,0,0,0,0,0,0,0,,,,,
Antonio Brown,WR,PIT,4,BAL,0,0,0,0,0,0,0,0,4,34,0,9,0,0,0,0,0,0,0,0,0,0,,,,,
Antonio Gates,TE,LAC,4,PHI,0,0,0,0,0,0,0,0,3,18,0,5,0,0,0,0,0,0,0,0,0,0,,,,,
ArDarius Stewart,WR,NYJ,4,JAX,0,0,0,0,0,0,0,0,0,0,0,0,0,0,0,0,0,0,0,0,0,0,,,,,
Arrelious Benn,WR,JAX,4,NYJ,0,0,0,0,0,0,0,0,0,0,0,0,0,0,0,0,0,0,0,0,0,0,,,,,
Austin Ekeler,RB,LAC,4,PHI,0,0,0,0,0,35,1,1,2,23,0,2,0,0,0,0,0,0,0,0,0,0,,,,,
Austin Hooper,TE,ATL,4,BUF,0,0,0,0,0,0,0,0,5,50,0,7,0,0,0,0,0,0,0,0,0,0,,,,,
Austin Seferian-Jenkins,TE,NYJ,4,JAX,0,0,0,0,0,0,0,0,4,46,0,4,0,0,0,0,0,0,0,0,0,0,,,,,
BAL,DEF,BAL,4,PIT,,,,,,,,,,,,,,,,,,,,,,,0,0,0,0,26.0
BUF,DEF,BUF,4,ATL,,,,,,,,,,,,,,,,,,,,,,,0,0,0,0,17.0
Ben Roethlisberger,QB,PIT,4,BAL,216,1,30,18,1,-1,0,1,0,0,0,0,0,0,0,0,0,0,0,0,0,0,,,,,
Benjamin Watson,TE,BAL,4,PIT,0,0,0,0,0,0,0,0,5,43,0,6,0,0,0,0,0,0,0,0,0,0,,,,,
Bennie Fowler,WR,DEN,4,LV,0,0,0,0,0,0,0,0,2,35,0,2,0,0,0,0,0,0,0,0,0,0,,,,,
Benny Cunningham,RB,CHI,4,GB,0,0,0,0,0,26,0,5,0,0,0,0,0,0,0,0,0,0,0,0,0,0,,,,,
Bernard Reedy,WR,TB,4,NYG,0,0,0,0,0,0,0,0,0,0,0,0,0,0,0,0,0,0,0,0,0,0,,,,,
Bilal Powell,RB,NYJ,4,JAX,0,0,0,0,0,163,1,21,4,27,0,5,0,0,0,0,0,0,0,0,0,0,,,,,
Blair Walsh,K,SEA,4,IND,0,0,0,0,0,0,0,0,0,0,0,0,0,0,0,0,0,0,1,0,0,5,,,,,
Blake Bell,TE,MIN,4,DET,0,0,0,0,0,0,0,0,1,12,0,1,0,0,0,0,0,0,0,0,0,0,,,,,
Blake Bortles,QB,JAX,4,NYJ,140,1,35,15,1,38,0,4,0,0,0,0,0,0,0,0,0,0,0,0,0,0,,,,,
Branden Oliver,RB,LAC,4,PHI,0,0,0,0,0,1,0,2,1,2,0,1,0,0,0,0,0,0,0,0,0,0,,,,,
Brandin Cooks,WR,NE,4,CAR,0,0,0,0,0,4,0,1,3,38,0,6,0,0,0,0,0,0,0,0,0,0,,,,,
Brandon Bolden,RB,NE,4,CAR,0,0,0,0,0,0,0,0,0,0,0,0,0,0,0,0,0,0,0,0,0,0,,,,,
Brandon Coleman,WR,NO,4,MIA,0,0,0,0,0,0,0,0,1,31,0,1,0,0,0,0,0,0,0,0,0,0,,,,,
Brandon LaFell,WR,CIN,4,CLE,0,0,0,0,0,0,0,0,2,17,0,3,0,0,0,0,0,0,0,0,0,0,,,,,
Brandon Marshall,WR,NYG,4,TB,0,0,0,0,0,0,0,0,6,46,0,10,0,0,0,0,0,0,0,0,0,0,,,,,
Brandon McManus,K,DEN,4,LV,0,0,0,0,0,0,0,0,0,0,0,0,0,0,0,0,1,1,1,0,0,1,,,,,
Brandon Williams,TE,IND,4,SEA,0,0,0,0,0,0,0,0,1,32,0,2,0,0,0,0,0,0,0,0,0,0,,,,,
Brent Celek,TE,PHI,4,LAC,0,0,0,0,0,0,0,0,0,0,0,1,0,0,0,0,0,0,0,0,0,0,,,,,
Breshad Perriman,WR,BAL,4,PIT,0,0,0,0,0,0,0,0,1,6,0,4,0,0,0,0,0,0,0,0,0,0,,,,,
Brett Hundley,QB,GB,4,CHI,0,0,1,1,0,0,0,0,0,0,0,0,0,0,0,0,0,0,0,0,0,0,,,,,
Brian Hoyer,QB,SF,4,ARI,234,0,49,24,1,3,0,1,0,0,0,0,0,0,0,0,0,0,0,0,0,0,,,,,
Brice Butler,WR,DAL,4,LA,0,0,0,0,0,0,0,0,2,12,1,2,0,0,0,0,0,0,0,0,0,0,,,,,
Brittan Golden,WR,ARI,4,SF,0,0,0,0,0,0,0,0,0,0,0,0,0,0,0,0,0,0,0,0,0,0,,,,,
Bronson Kaufusi,TE,BAL,4,PIT,0,0,0,0,0,0,0,0,0,0,0,0,0,0,0,0,0,0,0,0,0,0,,,,,
Bruce Ellington,WR,HOU,4,TEN,0,0,0,0,0,13,0,1,3,44,0,4,0,0,0,0,0,0,0,0,0,0,,,,,
C.J. Anderson,RB,DEN,4,LV,0,0,0,0,0,95,0,20,4,17,0,4,0,0,0,0,0,0,0,0,0,0,,,,,
C.J. Uzomah,TE,CIN,4,CLE,0,0,0,0,0,0,0,0,1,11,0,1,0,0,0,0,0,0,0,0,0,0,,,,,
CAR,DEF,CAR,4,NE,,,,,,,,,,,,,,,,,,,,,,,0,0,0,0,30.0
CHI,DEF,CHI,4,GB,,,,,,,,,,,,,,,,,,,,,,,0,0,0,0,35.0
CIN,DEF,CIN,4,CLE,,,,,,,,,,,,,,,,,,,,,,,0,0,0,0,7.0
CLE,DEF,CLE,4,CIN,,,,,,,,,,,,,,,,,,,,,,,0,0,0,0,31.0
Cam Newton,QB,CAR,4,NE,316,3,29,22,1,44,1,8,0,0,0,0,0,0,0,0,0,0,0,0,0,0,,,,,
Cameron Brate,TE,TB,4,NYG,0,0,0,0,0,0,0,0,4,80,1,6,0,0,0,0,0,0,0,0,0,0,,,,,
Carlos Hyde,RB,SF,4,ARI,0,0,0,0,0,68,0,16,5,27,0,6,0,0,0,0,0,0,0,0,0,0,,,,,
Carson Palmer,QB,ARI,4,SF,357,1,51,33,1,1,0,2,0,0,0,0,0,0,0,0,0,0,0,0,0,0,,,,,
Carson Wentz,QB,PHI,4,LAC,242,1,31,17,0,14,0,6,0,0,0,0,0,0,0,0,0,0,0,0,0,0,,,,,
Case Keenum,QB,MIN,4,DET,219,0,30,16,0,0,0,0,0,0,0,0,0,0,0,0,0,0,0,0,0,0,,,,,
Chandler Catanzaro,K,NYJ,4,JAX,0,0,0,0,0,0,0,0,0,0,0,0,0,0,0,0,1,0,2,0,0,2,,,,,
Charcandrick West,RB,KC,4,WAS,0,0,0,0,0,2,0,1,5,33,0,5,0,0,0,0,0,0,0,0,0,0,,,,,
Charles Clay,TE,BUF,4,ATL,0,0,0,0,0,0,0,0,5,112,0,7,0,0,0,0,0,0,0,0,0,0,,,,,
Charles Sims,RB,TB,4,NYG,0,0,0,0,0,14,0,1,1,7,0,1,0,0,0,0,0,0,0,0,0,0,,,,,
Chris Boswell,K,PIT,4,BAL,0,0,0,0,0,0,0,0,0,0,0,0,0,0,0,0,0,1,1,0,0,2,,,,,
Chris Carson,RB,SEA,4,IND,0,0,0,0,0,42,0,12,3,24,0,3,0,0,0,0,0,0,0,0,0,0,,,,,
Chris Conley,WR,KC,4,WAS,0,0,0,0,0,0,0,0,2,31,0,4,0,0,0,0,0,0,0,0,0,0,,,,,
Chris Hogan,WR,NE,4,CAR,0,0,0,0,0,0,0,0,5,60,1,9,0,0,0,0,0,0,0,0,0,0,,,,,
Chris Ivory,RB,JAX,4,NYJ,0,0,0,0,0,42,0,9,1,2,0,3,0,0,0,0,0,0,0,0,0,0,,,,,
Chris Johnson,RB,ARI,4,SF,0,0,0,0,0,32,0,13,3,31,0,3,0,0,0,0,0,0,0,0,0,0,,,,,
Chris Matthews,WR,BAL,4,PIT,0,0,0,0,0,0,0,0,1,12,0,2,0,0,0,0,0,0,0,0,0,0,,,,,
Chris Thompson,RB,WAS,4,KC,0,0,0,0,0,23,0,6,1,4,0,2,0,0,0,0,0,0,0,0,0,0,,,,,
Chris Thompson,WR,HOU,4,TEN,0,0,0,0,0,0,0,0,0,0,0,0,0,0,0,0,0,0,0,0,0,0,,,,,
Christian McCaffrey,RB,CAR,4,NE,0,0,0,0,0,16,0,6,4,33,0,6,0,0,0,0,0,0,0,0,0,0,,,,,
Coby Fleener,TE,NO,4,MIA,0,0,0,0,0,0,0,0,2,21,0,4,0,0,0,0,0,0,0,0,0,0,,,,,
Cody Parkey,K,MIA,4,NO,0,0,0,0,0,0,0,0,0,0,0,0,0,0,0,0,0,0,0,0,0,0,,,,,
Cole Beasley,WR,DAL,4,LA,0,0,0,0,0,0,0,0,3,17,0,6,0,0,0,0,0,0,0,0,0,0,,,,,
Connor Barth,K,CHI,4,GB,0,0,0,0,0,0,0,0,0,0,0,0,0,0,0,0,0,0,0,0,0,2,,,,,
Cooper Kupp,WR,LA,4,DAL,0,0,0,0,0,0,0,0,5,60,1,7,0,0,0,0,0,0,0,0,0,0,,,,,
Cordarrelle Patterson,RB,LV,4,DEN,0,0,0,0,0,2,0,1,6,33,0,6,0,0,0,0,0,0,0,0,0,0,,,,,
Corey Clement,RB,PHI,4,LAC,0,0,0,0,0,30,0,10,0,0,0,0,0,0,0,0,0,0,0,0,0,0,,,,,
Corey Grant,RB,JAX,4,NYJ,0,0,0,0,0,9,0,2,1,-5,0,1,0,0,0,0,0,0,0,0,0,0,,,,,
D'Onta Foreman,RB,HOU,4,TEN,0,0,0,0,0,45,0,13,0,0,0,0,0,0,0,0,0,0,0,0,0,0,,,,,
DAL,DEF,DAL,4,LA,,,,,,,,,,,,,,,,,,,,,,,0,0,0,0,35.0
DEN,DEF,DEN,4,LV,,,,,,,,,,,,,,,,,,,,,,,0,0,0,0,10.0
DET,DEF,DET,4,MIN,,,,,,,,,,,,,,,,,,,,,,,0,0,0,0,7.0
Dak Prescott,QB,DAL,4,LA,252,3,36,20,1,25,0,3,0,0,0,0,0,0,0,0,0,0,0,0,0,0,,,,,
Dalvin Cook,RB,MIN,4,DET,0,0,0,0,0,66,1,13,1,8,0,3,0,0,0,0,0,0,0,0,0,0,,,,,
Damien Williams,RB,MIA,4,NO,0,0,0,0,0,1,0,1,0,0,0,2,0,0,0,0,0,0,0,0,0,0,,,,,
Damiere Byrd,WR,CAR,4,NE,0,0,0,0,0,12,0,1,0,0,0,1,0,0,0,0,0,0,0,0,0,0,,,,,
Dan Bailey,K,DAL,4,LA,0,0,0,0,0,0,0,0,0,0,0,0,0,0,0,0,0,1,0,0,0,3,,,,,
Danny Amendola,WR,NE,4,CAR,0,0,0,0,0,0,0,0,6,42,1,7,0,0,0,0,0,0,0,0,0,0,,,,,
Danny Vitale,RB,CLE,4,CIN,0,0,0,0,0,0,0,0,0,0,0,0,0,0,0,0,0,0,0,0,0,0,,,,,
Darrell Daniels,TE,IND,4,SEA,0,0,0,0,0,0,0,0,0,0,0,2,0,0,0,0,0,0,0,0,0,0,,,,,
Darren Fells,TE,DET,4,MIN,0,0,0,0,0,0,0,0,4,40,0,5,0,0,0,0,0,0,0,0,0,0,,,,,
Darrius Heyward-Bey,WR,PIT,4,BAL,0,0,0,0,0,3,0,1,0,0,0,0,0,0,0,0,0,0,0,0,0,0,,,,,
Davante Adams,WR,GB,4,CHI,0,0,0,0,0,0,0,0,2,13,1,5,0,0,0,0,0,0,0,0,0,0,,,,,
David Fluellen,RB,TEN,4,HOU,0,0,0,0,0,3,0,1,0,0,0,0,0,0,0,0,0,0,0,0,0,0,,,,,
David Morgan,TE,MIN,4,DET,0,0,0,0,0,0,0,0,0,0,0,1,0,0,0,0,0,0,0,0,0,0,,,,,
David Njoku,TE,CLE,4,CIN,0,0,0,0,0,0,0,0,2,11,0,2,0,0,0,0,0,0,0,0,0,0,,,,,
De'Anthony Thomas,WR,KC,4,WAS,0,0,0,0,0,0,0,0,0,0,0,0,0,0,0,0,0,0,0,0,0,0,,,,,
DeAndre Hopkins,WR,HOU,4,TEN,0,0,0,0,0,0,0,0,10,107,1,12,0,0,0,0,0,0,0,0,0,0,,,,,
DeAndre Washington,RB,LV,4,DEN,0,0,0,0,0,4,0,1,0,0,0,1,0,0,0,0,0,0,0,0,0,0,,,,,
DeMarco Murray,RB,TEN,4,HOU,0,0,0,0,0,31,0,7,2,4,0,2,0,0,0,0,0,0,0,0,0,0,,,,,
DeSean Jackson,WR,TB,4,NYG,0,0,0,0,0,0,0,0,2,20,0,6,0,0,0,0,0,0,0,0,0,0,,,,,
DeShone Kizer,QB,CLE,4,CIN,118,0,34,16,1,10,0,5,0,0,0,0,0,0,0,0,0,0,0,0,0,0,,,,,
DeVante Parker,WR,MIA,4,NO,0,0,0,0,0,0,0,0,6,69,0,8,0,0,0,0,0,0,0,0,0,0,,,,,
Delanie Walker,TE,TEN,4,HOU,0,0,0,0,0,0,0,0,3,51,0,7,0,0,0,0,0,0,0,0,0,0,,,,,
Demaryius Thomas,WR,DEN,4,LV,0,0,0,0,0,0,0,0,1,11,0,5,0,0,0,0,0,0,0,0,0,0,,,,,
Demetrius Harris,TE,KC,4,WAS,0,0,0,0,0,0,0,0,0,0,0,3,0,0,0,0,0,0,0,0,0,0,,,,,
Deonte Thompson,WR,CHI,4,GB,0,0,0,0,0,0,0,0,5,44,0,9,0,0,0,0,0,0,0,0,0,0,,,,,
Derek Carr,QB,LV,4,DEN,143,1,18,10,0,0,0,0,0,0,0,0,0,0,0,0,0,0,0,0,0,0,,,,,
Derrick Henry,RB,TEN,4,HOU,0,0,0,0,0,7,0,6,0,0,0,0,0,0,0,0,0,0,0,0,0,0,,,,,
Deshaun Watson,QB,HOU,4,TEN,283,4,34,25,1,24,1,4,0,0,0,0,0,0,0,0,0,0,0,0,0,0,,,,,
Devin Funchess,WR,CAR,4,NE,0,0,0,0,0,0,0,0,7,70,2,9,0,0,0,0,0,0,0,0,0,0,,,,,
Devonta Freeman,RB,ATL,4,BUF,0,0,0,0,0,58,1,18,2,20,0,2,0,0,0,0,0,0,0,0,0,0,,,,,
Devontae Booker,RB,DEN,4,LV,0,0,0,0,0,14,0,3,0,0,0,0,0,0,0,0,0,0,0,0,0,0,,,,,
Dez Bryant,WR,DAL,4,LA,0,0,0,0,0,0,0,0,5,98,0,13,0,0,0,0,0,0,0,0,0,0,,,,,
Dion Lewis,RB,NE,4,CAR,0,0,0,0,0,18,1,4,1,9,0,1,0,0,0,0,0,0,0,0,0,0,,,,,
Dion Sims,TE,CHI,4,GB,0,0,0,0,0,0,0,0,1,8,0,1,0,0,0,0,0,0,0,0,0,0,,,,,
Donte Moncrief,WR,IND,4,SEA,0,0,0,0,0,0,0,0,3,30,1,3,0,0,0,0,0,0,0,0,0,0,,,,,
Dontrelle Inman,WR,LAC,4,PHI,0,0,0,0,0,0,0,0,1,7,0,1,0,0,0,0,0,0,0,0,0,0,,,,,
Doug Baldwin,WR,SEA,4,IND,0,0,0,0,0,0,0,0,3,35,0,3,0,0,1,0,0,0,0,0,0,0,,,,,
Drew Brees,QB,NO,4,MIA,268,2,41,29,0,3,0,4,0,0,0,0,0,0,0,0,0,0,0,0,0,0,,,,,
Duke Johnson,RB,CLE,4,CIN,0,0,0,0,0,13,1,4,9,47,0,10,0,0,0,0,0,0,0,0,0,0,,,,,
Dustin Hopkins,K,WAS,4,KC,0,0,0,0,0,0,0,0,0,0,0,0,0,0,0,1,0,0,1,0,0,2,,,,,
Dwayne Allen,TE,NE,4,CAR,0,0,0,0,0,0,0,0,0,0,0,1,0,0,0,0,0,0,0,0,0,0,,,,,
Dwayne Harris,WR,NYG,4,TB,0,0,0,0,0,0,0,0,0,0,0,0,0,0,0,0,0,0,0,0,0,0,,,,,
EJ Manuel,QB,LV,4,DEN,106,0,17,11,1,0,0,0,0,0,0,0,0,0,0,0,0,0,0,0,0,0,,,,,
Ed Dickson,TE,CAR,4,NE,0,0,0,0,0,0,0,0,3,62,0,4,0,0,0,0,0,0,0,0,0,0,,,,,
Eddie Lacy,RB,SEA,4,IND,0,0,0,0,0,52,0,11,0,0,0,0,0,0,0,0,0,0,0,0,0,0,,,,,
Eli Manning,QB,NYG,4,TB,288,2,49,30,0,22,1,3,0,0,0,0,0,0,0,0,0,0,0,0,0,0,,,,,
Elijah McGuire,RB,NYJ,4,JAX,0,0,0,0,0,93,1,10,2,38,0,2,0,0,0,0,0,0,0,0,0,0,,,,,
Emmanuel Sanders,WR,DEN,4,LV,0,0,0,0,0,0,0,0,4,27,0,5,0,0,0,0,0,0,0,0,0,0,,,,,
Eric Decker,WR,TEN,4,HOU,0,0,0,0,0,0,0,0,2,13,0,2,0,0,0,0,0,0,0,0,0,0,,,,,
Eric Ebron,TE,DET,4,MIN,0,0,0,0,0,0,0,0,2,27,0,4,0,0,0,0,0,0,0,0,0,0,,,,,
Eric Tomlinson,TE,NYJ,4,JAX,0,0,0,0,0,0,0,0,0,0,0,1,0,0,0,0,0,0,0,0,0,0,,,,,
Evan Engram,TE,NYG,4,TB,0,0,0,0,0,0,0,0,6,62,0,11,0,0,0,0,0,0,0,0,0,0,,,,,
Ezekiel Elliott,RB,DAL,4,LA,0,0,0,0,0,85,1,21,4,54,1,5,0,0,0,0,0,0,0,0,0,0,,,,,
Fozzy Whittaker,RB,CAR,4,NE,0,0,0,0,0,0,0,0,3,34,1,3,0,0,0,0,0,0,0,0,0,0,,,,,
Frank Gore,RB,IND,4,SEA,0,0,0,0,0,46,0,12,3,34,0,3,0,0,0,0,0,0,0,0,0,0,,,,,
GB,DEF,GB,4,CHI,,,,,,,,,,,,,,,,,,,,,,,0,0,0,0,14.0
Garrett Celek,TE,SF,4,ARI,0,0,0,0,0,0,0,0,0,0,0,0,0,0,0,0,0,0,0,0,0,0,,,,,
George Kittle,TE,SF,4,ARI,0,0,0,0,0,0,0,0,2,35,0,3,0,0,0,0,0,0,0,0,0,0,,,,,
Gerald Everett,TE,LA,4,DAL,0,0,0,0,0,0,0,0,1,8,0,3,0,0,0,0,0,0,0,0,0,0,,,,,
Giorgio Tavecchio,K,LV,4,DEN,0,0,0,0,0,0,0,0,0,0,0,0,0,0,0,0,0,1,0,0,0,1,,,,,
Giovani Bernard,RB,CIN,4,CLE,0,0,0,0,0,12,0,3,3,67,1,4,0,0,0,0,0,0,0,0,0,0,,,,,
Golden Tate,WR,DET,4,MIN,0,0,0,0,0,2,0,1,3,29,0,5,0,0,0,0,0,0,0,0,0,0,,,,,
Graham Gano,K,CAR,4,NE,0,0,0,0,0,0,0,0,0,0,0,0,0,0,0,0,0,1,1,0,0,3,,,,,
Greg Zuerlein,K,LA,4,DAL,0,0,0,0,0,0,0,0,0,0,0,0,0,0,0,0,1,2,4,0,0,2,,,,,
HOU,DEF,HOU,4,TEN,,,,,,,,,,,,,,,,,,,,,,,1,0,0,0,14.0
Harrison Butker,K,KC,4,WAS,0,0,0,0,0,0,0,0,0,0,0,0,0,0,0,0,1,1,1,0,0,2,,,,,
Hunter Henry,TE,LAC,4,PHI,0,0,0,0,0,0,0,0,2,16,1,3,0,0,0,0,0,0,0,0,0,0,,,,,
IND,DEF,IND,4,SEA,,,,,,,,,,,,,,,,,,,,,,,0,1,0,0,46.0
Ifeanyi Momah,TE,ARI,4,SF,0,0,0,0,0,0,0,0,0,0,0,0,0,0,0,0,0,0,0,0,0,0,,,,,
Isaiah Crowell,RB,CLE,4,CIN,0,0,0,0,0,20,0,7,1,7,0,2,0,0,0,0,0,0,0,0,0,0,,,,,
Isaiah McKenzie,WR,DEN,4,LV,0,0,0,0,0,0,0,0,0,0,0,2,0,0,0,0,0,0,0,0,0,0,,,,,
J.D. McKissic,RB,SEA,4,IND,0,0,0,0,0,38,1,4,1,27,1,1,0,0,0,0,0,0,0,0,0,0,,,,,
J.J. Nelson,WR,ARI,4,SF,0,0,0,0,0,0,0,0,3,34,0,4,0,0,0,0,0,0,0,0,0,0,,,,,
JAX,DEF,JAX,4,NYJ,,,,,,,,,,,,,,,,,,,,,,,0,0,0,0,23.0
Jack Doyle,TE,IND,4,SEA,0,0,0,0,0,0,0,0,5,27,0,7,0,0,0,0,0,0,0,0,0,0,,,,,
Jacob Hollister,TE,NE,4,CAR,0,0,0,0,0,0,0,0,0,0,0,1,0,0,0,0,0,0,0,0,0,0,,,,,
Jacoby Brissett,QB,IND,4,SEA,157,1,29,16,1,33,0,3,0,0,0,0,0,0,0,0,0,0,0,0,0,0,,,,,
Jacquizz Rodgers,RB,TB,4,NYG,0,0,0,0,0,83,0,16,2,25,0,3,0,0,0,0,0,0,0,0,0,0,,,,,
Jake Elliott,K,PHI,4,LAC,0,0,0,0,0,0,0,0,0,0,0,0,0,0,0,0,0,0,3,1,0,2,,,,,
Jakeem Grant,WR,MIA,4,NO,0,0,0,0,0,0,0,0,0,0,0,0,0,0,0,0,0,0,0,0,0,0,,,,,
Jalen Richard,RB,LV,4,DEN,0,0,0,0,0,7,0,2,1,20,0,1,0,0,0,0,0,0,0,0,0,0,,,,,
Jamaal Charles,RB,DEN,4,LV,0,0,0,0,0,33,0,5,1,14,0,1,0,0,0,0,0,0,0,0,0,0,,,,,
Jamaal Williams,RB,GB,4,CHI,0,0,0,0,0,11,0,4,1,2,0,1,0,0,0,0,0,0,0,0,0,0,,,,,
Jamal Agnew,WR,DET,4,MIN,0,0,0,0,0,0,0,0,0,0,0,0,0,0,0,0,0,0,0,0,0,0,,,,,
Jameis Winston,QB,TB,4,NYG,332,3,38,22,0,12,0,4,0,0,0,0,0,0,0,0,0,0,0,0,0,0,,,,,
James Conner,RB,PIT,4,BAL,0,0,0,0,0,26,0,4,0,0,0,0,0,0,0,0,0,0,0,0,0,0,,,,,
James Hanna,TE,DAL,4,LA,0,0,0,0,0,0,0,0,1,28,1,1,0,0,0,0,0,0,0,0,0,0,,,,,
James O'Shaughnessy,TE,JAX,4,NYJ,0,0,0,0,0,0,0,0,0,0,0,1,0,0,0,0,0,0,0,0,0,0,,,,,
James White,RB,NE,4,CAR,0,0,0,0,0,7,0,1,10,47,0,12,0,0,0,0,0,0,0,0,0,0,,,,,
Jamison Crowder,WR,WAS,4,KC,0,0,0,0,0,0,0,0,1,-7,0,1,0,0,0,0,0,0,0,0,0,0,,,,,
Jamize Olawale,RB,LV,4,DEN,0,0,0,0,0,2,0,1,2,13,0,2,0,0,0,0,0,0,0,0,0,0,,,,,
Jared Abbrederis,WR,DET,4,MIN,0,0,0,0,0,0,0,0,0,0,0,0,0,0,0,0,0,0,0,0,0,0,,,,,
Jared Cook,TE,LV,4,DEN,0,0,0,0,0,0,0,0,3,46,0,8,0,0,0,0,0,0,0,0,0,0,,,,,
Jared Goff,QB,LA,4,DAL,255,2,36,21,0,-1,0,1,0,0,0,0,0,0,0,0,0,0,0,0,0,0,,,,,
Jaron Brown,WR,ARI,4,SF,0,0,0,0,0,0,0,0,8,105,0,12,0,0,0,0,0,0,0,0,0,0,,,,,
Jarvis Landry,WR,MIA,4,NO,0,0,0,0,0,0,0,0,6,40,0,7,0,0,0,0,0,0,0,0,0,0,,,,,
Jason Myers,K,JAX,4,NYJ,0,0,0,0,0,0,0,0,0,0,0,0,0,0,0,0,1,1,0,0,0,2,,,,,
Jason Witten,TE,DAL,4,LA,0,0,0,0,0,0,0,0,1,9,0,2,0,0,0,0,0,0,0,0,0,0,,,,,
Javorius Allen,RB,BAL,4,PIT,0,0,0,0,0,7,0,2,6,37,0,6,0,0,0,0,0,0,0,0,0,0,,,,,
Jay Ajayi,RB,MIA,4,NO,0,0,0,0,0,46,0,12,1,8,0,1,0,0,0,0,0,0,0,0,0,0,,,,,
Jay Cutler,QB,MIA,4,NO,164,0,28,20,1,5,0,1,0,0,0,0,0,0,0,0,0,0,0,0,0,0,,,,,
Jeremy Hill,RB,CIN,4,CLE,0,0,0,0,0,16,0,6,1,10,0,1,0,0,0,0,0,0,0,0,0,0,,,,,
Jeremy Kerley,WR,NYJ,4,JAX,0,0,0,0,0,0,0,0,5,37,0,5,0,0,0,0,0,0,0,0,0,0,,,,,
Jeremy Maclin,WR,BAL,4,PIT,0,0,0,0,0,0,0,0,3,21,0,6,0,0,0,0,0,0,0,0,0,0,,,,,
Jerick McKinnon,RB,MIN,4,DET,0,0,0,0,0,0,0,2,0,0,0,2,0,0,0,0,0,0,0,0,0,0,,,,,
Jermaine Gresham,TE,ARI,4,SF,0,0,0,0,0,0,0,0,2,12,0,3,0,0,0,0,0,0,0,0,0,0,,,,,
Jermaine Kearse,WR,NYJ,4,JAX,0,0,0,0,0,0,0,0,4,17,0,7,0,0,0,0,0,0,0,0,0,0,,,,,
Jesse James,TE,PIT,4,BAL,0,0,0,0,0,0,0,0,3,40,0,3,0,0,0,0,0,0,0,0,0,0,,,,,
Jimmy Graham,TE,SEA,4,IND,0,0,0,0,0,0,0,0,4,61,0,6,0,0,0,0,0,0,0,0,0,0,,,,,
Joe Flacco,QB,BAL,4,PIT,235,1,49,31,2,0,0,0,0,0,0,0,0,0,0,0,0,0,0,0,0,0,,,,,
Joe Mixon,RB,CIN,4,CLE,0,0,0,0,0,29,0,17,4,19,0,4,0,0,0,0,0,0,0,0,0,0,,,,,
Joe Webb,QB,BUF,4,ATL,0,0,0,0,0,0,0,0,0,0,0,0,0,0,0,0,0,0,0,0,0,0,,,,,
John Brown,WR,ARI,4,SF,0,0,0,0,0,0,0,0,3,47,0,7,0,0,0,0,0,0,0,0,0,0,,,,,
Johnny Holton,WR,LV,4,DEN,0,0,0,0,0,0,0,0,1,64,1,1,0,0,0,0,0,0,0,0,0,0,,,,,
Jonathan Stewart,RB,CAR,4,NE,0,0,0,0,0,68,0,14,0,0,0,1,0,0,0,0,0,0,0,0,0,0,,,,,
Jordan Howard,RB,CHI,4,GB,0,0,0,0,0,53,1,18,2,10,0,4,0,0,0,0,0,0,0,0,0,0,,,,,
Jordan Matthews,TE,BUF,4,ATL,0,0,0,0,0,0,0,0,2,10,1,2,0,0,0,0,0,0,0,0,0,0,,,,,
Jordan Reed,TE,WAS,4,KC,0,0,0,0,0,0,0,0,3,21,0,5,0,0,0,0,0,0,0,0,0,0,,,,,
Jordan Taylor,WR,DEN,4,LV,0,0,0,0,0,0,0,0,0,0,0,0,0,0,0,0,0,0,0,0,0,0,,,,,
Jordan Todman,RB,HOU,4,TEN,0,0,0,0,0,0,0,0,0,0,0,0,0,0,0,0,0,0,0,0,0,0,,,,,
Jordy Nelson,WR,GB,4,CHI,0,0,0,0,0,0,0,0,4,75,2,7,0,0,0,0,0,0,0,0,0,0,,,,,
Josh Bellamy,WR,CHI,4,GB,0,0,0,0,0,0,0,0,3,36,0,6,0,0,0,0,0,0,0,0,0,0,,,,,
Josh Doctson,WR,WAS,4,KC,0,0,0,0,0,0,0,0,2,27,0,3,0,0,0,0,0,0,0,0,0,0,,,,,
Josh McCown,QB,NYJ,4,JAX,224,0,31,22,1,0,0,1,0,0,0,0,0,0,0,0,0,0,0,0,0,0,,,,,
JuJu Smith-Schuster,WR,PIT,4,BAL,0,0,0,0,0,0,0,0,3,47,1,4,0,0,0,0,0,0,0,0,0,0,,,,,
Julio Jones,WR,ATL,4,BUF,0,0,0,0,0,0,0,0,3,30,0,4,0,0,0,0,0,0,0,0,0,0,,,,,
Julius Thomas,TE,MIA,4,NO,0,0,0,0,0,0,0,0,2,29,0,4,0,0,0,0,0,0,0,0,0,0,,,,,
Justin Hardy,WR,ATL,4,BUF,0,0,0,0,0,0,0,0,2,12,1,6,0,0,0,0,0,0,0,0,0,0,,,,,
Justin Hunter,WR,PIT,4,BAL,0,0,0,0,0,0,0,0,1,5,0,2,0,0,0,0,0,0,0,0,0,0,,,,,
Justin Tucker,K,BAL,4,PIT,0,0,0,0,0,0,0,0,0,0,0,0,0,0,0,0,0,0,1,0,0,0,,,,,
KC,DEF,KC,4,WAS,,,,,,,,,,,,,,,,,,,,,,,0,0,0,0,20.0
Ka'imi Fairbairn,K,HOU,4,TEN,0,0,0,0,0,0,0,0,0,0,0,0,0,0,0,0,0,1,1,1,0,6,,,,,
Kaelin Clay,WR,BUF,4,ATL,0,0,0,0,0,0,0,0,0,0,0,2,0,0,0,0,0,0,0,0,0,0,,,,,
Kai Forbath,K,MIN,4,DET,0,0,0,0,0,0,0,0,0,0,0,0,0,0,0,0,0,0,0,0,0,1,,,,,
Kamar Aiken,WR,IND,4,SEA,0,0,0,0,0,0,0,0,1,4,0,5,0,0,0,0,0,0,0,0,0,0,,,,,
Kareem Hunt,RB,KC,4,WAS,0,0,0,0,0,101,0,21,4,20,0,4,0,0,0,0,0,0,0,0,0,0,,,,,
Kasen Williams,WR,CLE,4,CIN,0,0,0,0,0,0,0,0,0,0,0,2,0,0,0,0,0,0,0,0,0,0,,,,,
Keelan Cole,WR,JAX,4,NYJ,0,0,0,0,0,0,0,0,1,10,0,6,0,0,0,0,0,0,0,0,0,0,,,,,
Keenan Allen,WR,LAC,4,PHI,0,0,0,0,0,0,0,0,5,138,0,11,0,0,0,0,0,0,0,0,0,0,,,,,
Kelvin Benjamin,WR,CAR,4,NE,0,0,0,0,0,0,0,0,4,104,0,4,0,0,0,0,0,0,0,0,0,0,,,,,
Kendall Wright,WR,CHI,4,GB,0,0,0,0,0,0,0,0,4,51,1,4,0,0,0,0,0,0,0,0,0,0,,,,,
Kenjon Barner,RB,PHI,4,LAC,0,0,0,0,0,0,0,0,0,0,0,0,0,0,0,0,0,0,0,0,0,0,,,,,
Kenny Britt,WR,CLE,4,CIN,0,0,0,0,0,0,0,0,3,52,0,8,0,0,0,0,0,0,0,0,0,0,,,,,
Kenny Stills,WR,MIA,4,NO,0,0,0,0,0,0,0,0,3,13,0,3,0,0,0,0,0,0,0,0,0,0,,,,,
Kenyan Drake,RB,MIA,4,NO,0,0,0,0,0,6,0,1,2,5,0,3,0,0,0,0,0,0,0,0,0,0,,,,,
Kerwynn Williams,RB,ARI,4,SF,0,0,0,0,0,-1,0,1,1,10,0,1,0,0,0,0,0,0,0,0,0,0,,,,,
Kevin Hogan,QB,CLE,4,CIN,65,0,8,5,0,0,0,0,0,0,0,0,0,0,0,0,0,0,0,0,0,0,,,,,
Kirk Cousins,QB,WAS,4,KC,220,2,24,14,0,38,0,7,0,0,0,0,0,0,0,0,0,0,0,0,0,0,,,,,
Krishawn Hogan,WR,IND,4,SEA,0,0,0,0,0,0,0,0,0,0,0,0,0,0,0,0,0,0,0,0,0,0,,,,,
Kyle Juszczyk,RB,SF,4,ARI,0,0,0,0,0,8,0,1,3,15,0,3,0,0,0,0,0,0,0,0,0,0,,,,,
Kyle Rudolph,TE,MIN,4,DET,0,0,0,0,0,0,0,0,2,34,0,4,0,0,0,0,0,0,0,0,0,0,,,,,
LA,DEF,LA,4,DAL,,,,,,,,,,,,,,,,,,,,,,,0,0,0,0,30.0
LAC,DEF,LAC,4,PHI,,,,,,,,,,,,,,,,,,,,,,,0,0,0,0,26.0
LV,DEF,LV,4,DEN,,,,,,,,,,,,,,,,,,,,,,,0,0,0,0,0.0
Lamar Miller,RB,HOU,4,TEN,0,0,0,0,0,75,1,19,4,56,1,5,0,0,0,0,0,0,0,0,0,0,,,,,
Lance Kendricks,TE,GB,4,CHI,0,0,0,0,0,0,0,0,1,0,0,1,0,0,0,0,0,0,0,0,0,0,,,,,
Laquon Treadwell,WR,MIN,4,DET,0,0,0,0,0,0,0,0,0,0,0,2,0,0,0,0,0,0,0,0,0,0,,,,,
Larry Fitzgerald,WR,ARI,4,SF,0,0,0,0,0,0,0,0,4,32,1,7,0,0,0,0,0,0,0,0,0,0,,,,,
Latavius Murray,RB,MIN,4,DET,0,0,0,0,0,21,0,7,2,8,0,2,0,0,0,0,0,0,0,0,0,0,,,,,
Le'Veon Bell,RB,PIT,4,BAL,0,0,0,0,0,144,2,35,4,42,0,6,0,0,0,0,0,0,0,0,0,0,,,,,
LeGarrette Blount,RB,PHI,4,LAC,0,0,0,0,0,136,0,16,1,20,0,1,0,0,0,0,0,0,0,0,0,0,,,,,
LeSean McCoy,RB,BUF,4,ATL,0,0,0,0,0,76,0,20,3,32,0,3,0,0,0,0,0,0,0,0,0,0,,,,,
Lee Smith,TE,LV,4,DEN,0,0,0,0,0,0,0,0,2,15,0,2,0,0,0,0,0,0,0,0,0,0,,,,,
Leonard Fournette,RB,JAX,4,NYJ,0,0,0,0,0,86,0,24,4,59,1,5,0,0,0,0,0,0,0,0,0,0,,,,,
Levine Toilolo,TE,ATL,4,BUF,0,0,0,0,0,0,0,0,3,21,0,3,0,0,0,0,0,0,0,0,0,0,,,,,
Logan Paulsen,TE,SF,4,ARI,0,0,0,0,0,0,0,0,0,0,0,1,0,0,0,0,0,0,0,0,0,0,,,,,
Luke Willson,TE,SEA,4,IND,0,0,0,0,0,0,0,0,1,6,1,1,0,0,0,0,0,0,0,0,0,0,,,,,
MIA,DEF,MIA,4,NO,,,,,,,,,,,,,,,,,,,,,,,0,0,0,0,20.0
MIN,DEF,MIN,4,DET,,,,,,,,,,,,,,,,,,,,,,,0,0,0,0,14.0
Malcolm Brown,RB,LA,4,DAL,0,0,0,0,0,0,0,1,1,14,0,1,0,0,0,0,0,0,0,0,0,0,,,,,
Marcedes Lewis,TE,JAX,4,NYJ,0,0,0,0,0,0,0,0,0,0,0,4,0,0,0,0,0,0,0,0,0,0,,,,,
Marcus Johnson,WR,PHI,4,LAC,0,0,0,0,0,0,0,0,0,0,0,1,0,0,0,0,0,0,0,0,0,0,,,,,
Marcus Mariota,QB,TEN,4,HOU,96,0,10,6,2,39,2,4,0,0,0,0,0,0,0,0,0,0,0,0,0,0,,,,,
Mark Ingram,RB,NO,4,MIA,0,0,0,0,0,45,0,14,4,17,0,8,0,0,0,0,0,0,0,0,0,0,,,,,
Markus Wheaton,WR,CHI,4,GB,0,0,0,0,0,0,0,0,0,0,0,3,0,0,0,0,0,0,0,0,0,0,,,,,
Marqise Lee,WR,JAX,4,NYJ,0,0,0,0,0,0,0,0,2,18,0,3,0,0,0,0,0,0,0,0,0,0,,,,,
Marquise Goodwin,WR,SF,4,ARI,0,0,0,0,0,0,0,0,1,18,0,2,0,0,0,0,0,0,0,0,0,0,,,,,
Marshawn Lynch,RB,LV,4,DEN,0,0,0,0,0,12,0,9,0,0,0,1,0,0,0,0,0,0,0,0,0,0,,,,,
Martavis Bryant,WR,PIT,4,BAL,0,0,0,0,0,0,0,0,3,48,0,5,0,0,0,0,0,0,0,0,0,0,,,,,
Martellus Bennett,TE,GB,4,CHI,0,0,0,0,0,0,0,0,6,39,0,7,0,0,0,0,0,0,0,0,0,0,,,,,
Marvin Jones,WR,DET,4,MIN,0,0,0,0,0,0,0,0,2,42,0,5,0,0,0,0,0,0,0,0,0,0,,,,,
Mason Crosby,K,GB,4,CHI,0,0,0,0,0,0,0,0,0,0,0,0,0,0,0,0,0,0,0,0,0,5,,,,,
Matt Breida,RB,SF,4,ARI,0,0,0,0,0,16,0,9,1,4,0,3,0,0,0,0,0,0,0,0,0,0,,,,,
Matt Bryant,K,ATL,4,BUF,0,0,0,0,0,0,0,0,0,0,0,0,0,0,0,0,1,0,0,0,0,2,,,,,
Matt Cassel,QB,TEN,4,HOU,21,0,10,4,2,0,0,0,0,0,0,0,0,0,0,0,0,0,0,0,0,0,,,,,
Matt Dayes,RB,CLE,4,CIN,0,0,0,0,0,2,0,1,0,0,0,0,0,0,0,0,0,0,0,0,0,0,,,,,
Matt Jones,RB,IND,4,SEA,0,0,0,0,0,11,0,4,0,0,0,0,0,0,0,0,0,0,0,0,0,0,,,,,
Matt Prater,K,DET,4,MIN,0,0,0,0,0,0,0,0,0,0,0,0,0,0,0,0,1,1,0,0,0,0,,,,,
Matt Ryan,QB,ATL,4,BUF,242,1,42,24,2,8,0,1,0,0,0,0,0,0,0,0,0,0,0,0,0,0,,,,,
Matthew Stafford,QB,DET,4,MIN,209,0,31,19,0,-3,0,3,0,0,0,0,0,0,1,0,0,0,0,0,0,0,,,,,
Melvin Gordon,RB,LAC,4,PHI,0,0,0,0,0,22,0,10,1,7,0,3,0,0,0,0,0,0,0,0,0,0,,,,,
Michael Campanaro,WR,BAL,4,PIT,0,0,0,0,0,0,0,0,4,25,0,6,0,0,0,0,0,0,0,0,0,0,,,,,
Michael Hoomanawanui,TE,NO,4,MIA,0,0,0,0,0,0,0,0,1,13,0,2,0,0,0,0,0,0,0,0,0,0,,,,,
Michael Roberts,TE,DET,4,MIN,0,0,0,0,0,0,0,0,1,15,0,1,0,0,0,0,0,0,0,0,0,0,,,,,
Michael Thomas,WR,NO,4,MIA,0,0,0,0,0,0,0,0,8,89,1,11,0,0,0,0,0,0,0,0,0,0,,,,,
Mike Evans,WR,TB,4,NYG,0,0,0,0,0,0,0,0,5,67,1,11,0,0,0,0,0,0,0,0,0,0,,,,,
Mike Gillislee,RB,NE,4,CAR,0,0,0,0,0,49,0,12,0,0,0,0,0,0,0,0,0,0,0,0,0,0,,,,,
Mike Glennon,QB,CHI,4,GB,218,1,33,21,2,0,0,1,0,0,0,0,0,0,0,0,0,0,0,0,0,0,,,,,
Mike Wallace,WR,BAL,4,PIT,0,0,0,0,0,0,0,0,6,55,1,10,0,0,0,0,0,0,0,0,0,0,,,,,
Mohamed Sanu,WR,ATL,4,BUF,0,0,0,0,0,4,0,1,1,3,0,3,0,0,0,0,0,0,0,0,0,0,,,,,
NE,DEF,NE,4,CAR,,,,,,,,,,,,,,,,,,,,,,,0,0,0,0,33.0
NO,DEF,NO,4,MIA,,,,,,,,,,,,,,,,,,,,,,,0,0,0,0,0.0
NYG,DEF,NYG,4,TB,,,,,,,,,,,,,,,,,,,,,,,0,0,0,0,25.0
NYJ,DEF,NYJ,4,JAX,,,,,,,,,,,,,,,,,,,,,,,0,0,0,0,20.0
Nelson Agholor,WR,PHI,4,LAC,0,0,0,0,0,0,0,0,3,58,0,4,0,0,0,0,0,0,0,0,0,0,,,,,
Nick Boyle,TE,BAL,4,PIT,0,0,0,0,0,0,0,0,5,36,0,5,0,0,0,0,0,0,0,0,0,0,,,,,
Nick Folk,K,TB,4,NYG,0,0,0,0,0,0,0,0,0,0,0,0,0,0,0,0,1,1,0,0,0,1,,,,,
Nick Williams,WR,ATL,4,BUF,0,0,0,0,0,0,0,0,3,30,0,4,0,0,0,0,0,0,0,0,0,0,,,,,
Niles Paul,TE,WAS,4,KC,0,0,0,0,0,0,0,0,0,0,0,1,0,0,0,0,0,0,0,0,0,0,,,,,
O.J. Howard,TE,TB,4,NYG,0,0,0,0,0,0,0,0,2,63,1,4,0,0,0,0,0,0,0,0,0,0,,,,,
Odell Beckham Jr.,WR,NYG,4,TB,0,0,0,0,0,0,0,0,7,90,0,15,0,0,0,0,0,0,0,0,0,0,,,,,
PHI,DEF,PHI,4,LAC,,,,,,,,,,,,,,,,,,,,,,,0,0,0,0,24.0
PIT,DEF,PIT,4,BAL,,,,,,,,,,,,,,,,,,,,,,,0,0,0,0,9.0
Patrick DiMarco,RB,BUF,4,ATL,0,0,0,0,0,-2,0,1,0,0,0,0,0,0,0,0,0,0,0,0,0,0,,,,,
Paul Perkins,RB,NYG,4,TB,0,0,0,0,0,13,0,9,1,6,0,2,0,0,0,0,0,0,0,0,0,0,,,,,
Paul Richardson,WR,SEA,4,IND,0,0,0,0,0,0,0,0,3,65,0,3,0,0,0,0,0,0,0,0,0,0,,,,,
Peyton Barber,RB,TB,4,NYG,0,0,0,0,0,2,0,2,0,0,0,0,0,0,0,0,0,0,0,0,0,0,,,,,
Pharoh Cooper,WR,LA,4,DAL,0,0,0,0,0,0,0,0,0,0,0,0,0,0,0,0,0,0,0,0,0,0,,,,,
Phil Dawson,K,ARI,4,SF,0,0,0,0,0,0,0,0,0,0,0,0,0,0,0,0,1,1,1,1,0,0,,,,,
Philip Rivers,QB,LAC,4,PHI,347,2,38,22,0,0,0,0,0,0,0,0,0,0,0,0,0,0,0,0,0,0,,,,,
Phillip Dorsett,WR,NE,4,CAR,0,0,0,0,0,0,0,0,1,17,0,1,0,0,0,0,0,0,0,0,0,0,,,,,
Phillip Supernaw,TE,TEN,4,HOU,0,0,0,0,0,0,0,0,0,0,0,0,0,0,0,0,0,0,0,0,0,0,,,,,
Pierre Garcon,WR,SF,4,ARI,0,0,0,0,0,0,0,0,4,36,0,8,0,0,0,0,0,0,0,0,0,0,,,,,
Quan Bray,WR,IND,4,SEA,0,0,0,0,0,0,0,0,0,0,0,0,0,0,0,0,0,0,0,0,0,0,,,,,
Raheem Mostert,RB,SF,4,ARI,0,0,0,0,0,0,0,0,0,0,0,0,0,0,0,0,0,0,0,0,0,0,,,,,
Randall Cobb,WR,GB,4,CHI,0,0,0,0,0,0,0,0,4,44,1,4,0,0,0,0,0,0,0,0,0,0,,,,,
Randy Bullock,K,CIN,4,CLE,0,0,0,0,0,0,0,0,0,0,0,0,0,0,0,0,0,0,1,0,0,4,,,,,
Rashard Higgins,WR,CLE,4,CIN,0,0,0,0,0,0,0,0,0,0,0,4,0,0,0,0,0,0,0,0,0,0,,,,,
Rhett Ellison,TE,NYG,4,TB,0,0,0,0,0,0,0,0,2,11,1,2,0,0,0,0,0,0,0,0,0,0,,,,,
Ricardo Louis,WR,CLE,4,CIN,0,0,0,0,0,0,0,0,5,64,0,9,0,0,0,0,0,0,0,0,0,0,,,,,
Rishard Matthews,WR,TEN,4,HOU,0,0,0,0,0,0,0,0,3,49,0,8,0,0,0,0,0,0,0,0,0,0,,,,,
Rob Gronkowski,TE,NE,4,CAR,0,0,0,0,0,0,0,0,4,80,0,5,0,0,0,0,0,0,0,0,0,0,,,,,
Rob Kelley,RB,WAS,4,KC,0,0,0,0,0,23,0,7,0,0,0,1,0,0,0,0,0,0,0,0,0,0,,,,,
Robbie Chosen,WR,NYJ,4,JAX,0,0,0,0,0,0,0,0,3,59,0,6,0,0,0,0,0,0,0,0,0,0,,,,,
Robbie Gould,K,SF,4,ARI,0,0,0,0,0,0,0,0,0,0,0,0,0,0,0,0,1,1,3,0,0,0,,,,,
Robert Turbin,RB,IND,4,SEA,0,0,0,0,0,8,1,6,0,0,0,0,0,0,0,0,0,0,0,0,0,0,,,,,
Robert Woods,WR,LA,4,DAL,0,0,0,0,0,0,0,0,2,17,0,6,0,0,0,0,0,0,0,0,0,0,,,,,
Rod Smith,RB,DAL,4,LA,0,0,0,0,0,0,0,0,0,0,0,0,0,0,0,0,0,0,0,0,0,0,,,,,
Roger Lewis,WR,NYG,4,TB,0,0,0,0,0,0,0,0,0,0,0,0,0,0,0,0,0,0,0,0,0,0,,,,,
Russell Shepard,WR,CAR,4,NE,0,0,0,0,0,0,0,0,1,13,0,1,0,0,0,0,0,0,0,0,0,0,,,,,
Russell Wilson,QB,SEA,4,IND,295,2,26,21,2,38,1,4,0,0,0,0,0,0,1,0,0,0,0,0,0,0,,,,,
Ryan Grant,WR,WAS,4,KC,0,0,0,0,0,0,0,0,2,16,1,3,0,0,0,0,0,0,0,0,0,0,,,,,
Ryan Griffin,TE,HOU,4,TEN,0,0,0,0,0,0,0,0,2,13,0,5,0,0,0,0,0,0,0,0,0,0,,,,,
Ryan Hewitt,TE,CIN,4,CLE,0,0,0,0,0,0,0,0,1,16,0,1,0,0,0,0,0,0,0,0,0,0,,,,,
Ryan Succop,K,TEN,4,HOU,0,0,0,0,0,0,0,0,0,0,0,0,0,0,0,0,0,0,0,0,0,2,,,,,
Ryan Switzer,WR,DAL,4,LA,0,0,0,0,0,3,0,1,0,0,0,0,0,0,0,0,0,0,0,0,0,0,,,,,
SEA,DEF,SEA,4,IND,,,,,,,,,,,,,,,,,,,,,,,1,0,0,0,18.0
SF,DEF,SF,4,ARI,,,,,,,,,,,,,,,,,,,,,,,0,0,0,0,18.0
Samaje Perine,RB,WAS,4,KC,0,0,0,0,0,27,0,6,0,0,0,0,0,0,0,0,0,0,0,0,0,0,,,,,
Sammy Watkins,WR,LA,4,DAL,0,0,0,0,0,0,0,0,1,17,0,2,0,0,0,0,0,0,0,0,0,0,,,,,
Seth DeValve,TE,CLE,4,CIN,0,0,0,0,0,0,0,0,1,2,0,4,0,0,0,0,0,0,0,0,0,0,,,,,
Seth Roberts,WR,LV,4,DEN,0,0,0,0,0,0,0,0,4,49,0,5,0,0,0,0,0,0,0,0,0,0,,,,,
Shane Vereen,RB,NYG,4,TB,0,0,0,0,0,14,0,5,1,11,0,2,0,0,0,0,0,0,0,0,0,0,,,,,
Stefon Diggs,WR,MIN,4,DET,0,0,0,0,0,0,0,0,5,98,0,7,0,0,0,0,0,0,0,0,0,0,,,,,
Stephen Anderson,TE,HOU,4,TEN,0,0,0,0,0,0,0,0,2,28,0,2,0,0,0,0,0,0,0,0,0,0,,,,,
Stephen Gostkowski,K,NE,4,CAR,0,0,0,0,0,0,0,0,0,0,0,0,0,0,0,0,0,1,1,1,0,3,,,,,
Sterling Shepard,WR,NYG,4,TB,0,0,0,0,0,0,0,0,5,54,0,5,0,0,0,0,0,0,0,0,0,0,,,,,
Steven Hauschka,K,BUF,4,ATL,0,0,0,0,0,0,0,0,0,0,0,0,0,0,0,0,1,0,0,2,0,2,,,,,
T.J. Jones,WR,DET,4,MIN,0,0,0,0,0,0,0,0,3,33,0,5,0,0,1,0,0,0,0,0,0,0,,,,,
T.Y. Hilton,WR,IND,4,SEA,0,0,0,0,0,0,0,0,3,30,0,6,0,0,0,0,0,0,0,0,0,0,,,,,
TB,DEF,TB,4,NYG,,,,,,,,,,,,,,,,,,,,,,,0,0,0,0,23.0
TEN,DEF,TEN,4,HOU,,,,,,,,,,,,,,,,,,,,,,,0,0,0,0,57.0
Taiwan Jones,RB,BUF,4,ATL,0,0,0,0,0,0,0,0,0,0,0,0,0,0,0,0,0,0,0,0,0,0,,,,,
Tanner McEvoy,WR,SEA,4,IND,0,0,0,0,0,0,0,0,0,0,0,0,0,0,0,0,0,0,0,0,0,0,,,,,
Tarik Cohen,RB,CHI,4,GB,0,0,0,0,0,24,0,6,4,24,0,4,0,0,0,0,0,0,0,0,0,0,,,,,
Tavon Austin,WR,LA,4,DAL,0,0,0,0,0,48,0,6,1,-2,0,2,0,0,0,0,0,0,0,0,0,0,,,,,
Taylor Gabriel,WR,ATL,4,BUF,0,0,0,0,0,0,0,0,0,0,0,5,0,0,0,0,0,0,0,0,0,0,,,,,
Taywan Taylor,WR,TEN,4,HOU,0,0,0,0,0,6,0,1,0,0,0,1,0,0,0,0,0,0,0,0,0,0,,,,,
Ted Ginn,WR,NO,4,MIA,0,0,0,0,0,9,0,1,2,25,0,2,0,0,0,0,0,0,0,0,0,0,,,,,
Terrance West,RB,BAL,4,PIT,0,0,0,0,0,-7,0,4,0,0,0,0,0,0,0,0,0,0,0,0,0,0,,,,,
Terrance Williams,WR,DAL,4,LA,0,0,0,0,0,0,0,0,4,34,0,6,0,0,0,0,0,0,0,0,0,0,,,,,
Terrell Watson,RB,PIT,4,BAL,0,0,0,0,0,1,0,1,0,0,0,0,0,0,0,0,0,0,0,0,0,0,,,,,
Terrelle Pryor,WR,WAS,4,KC,0,0,0,0,0,0,0,0,3,70,1,5,0,0,0,0,0,0,0,0,0,0,,,,,
Tevin Coleman,RB,ATL,4,BUF,0,0,0,0,0,77,0,9,4,65,0,6,0,0,0,0,0,0,0,0,0,0,,,,,
Theo Riddick,RB,DET,4,MIN,0,0,0,0,0,4,0,4,1,8,0,2,0,0,0,0,0,0,0,0,0,0,,,,,
Todd Gurley,RB,LA,4,DAL,0,0,0,0,0,121,0,23,7,94,1,8,0,0,0,0,0,0,0,0,0,0,,,,,
Tom Brady,QB,NE,4,CAR,307,2,45,32,0,2,0,1,0,0,0,0,0,0,0,0,0,0,0,0,0,0,,,,,
Tom Savage,QB,HOU,4,TEN,0,0,0,0,0,0,0,0,0,0,0,0,0,0,0,0,0,0,0,0,0,0,,,,,
Tommylee Lewis,WR,NO,4,MIA,0,0,0,0,0,0,0,0,1,1,0,2,0,0,0,0,0,0,0,0,0,0,,,,,
Torrey Smith,WR,PHI,4,LAC,0,0,0,0,0,0,0,0,1,9,0,3,0,0,0,0,0,0,0,0,0,0,,,,,
Travis Benjamin,WR,LAC,4,PHI,0,0,0,0,0,0,0,0,2,21,0,5,0,0,0,0,0,0,0,0,0,0,,,,,
Travis Kelce,TE,KC,4,WAS,0,0,0,0,0,3,0,1,7,111,1,8,0,0,0,0,0,0,0,0,0,0,,,,,
Trent Taylor,WR,SF,4,ARI,0,0,0,0,0,0,0,0,5,47,0,10,0,0,0,0,0,0,0,0,0,0,,,,,
Trevor Davis,WR,GB,4,CHI,0,0,0,0,0,0,0,0,0,0,0,0,0,0,0,0,0,0,0,0,0,0,,,,,
Trevor Siemian,QB,DEN,4,LV,179,1,26,16,0,1,0,4,0,0,0,0,0,0,0,0,0,0,0,0,0,0,,,,,
Trey Edmunds,RB,NO,4,MIA,0,0,0,0,0,0,0,0,0,0,0,0,0,0,0,0,0,0,0,0,0,0,,,,,
Ty Montgomery,WR,GB,4,CHI,0,0,0,0,0,28,0,5,0,0,0,0,0,0,0,0,0,0,0,0,0,0,,,,,
Tyler Boyd,WR,CIN,4,CLE,0,0,0,0,0,0,0,0,2,15,0,2,0,0,0,0,0,0,0,0,0,0,,,,,
Tyler Ervin,RB,HOU,4,TEN,0,0,0,0,0,0,0,0,0,0,0,0,0,0,0,0,0,0,0,0,0,0,,,,,
Tyler Higbee,TE,LA,4,DAL,0,0,0,0,0,0,0,0,3,47,0,6,0,0,0,0,0,0,0,0,0,0,,,,,
Tyler Kroft,TE,CIN,4,CLE,0,0,0,0,0,0,0,0,6,68,2,7,0,0,0,0,0,0,0,0,0,0,,,,,
Tyler Lockett,WR,SEA,4,IND,0,0,0,0,0,24,0,2,4,67,0,5,0,0,0,0,0,0,0,0,0,0,,,,,
Tyreek Hill,WR,KC,4,WAS,0,0,0,0,0,0,0,0,5,35,0,6,0,0,0,0,0,0,0,0,0,0,,,,,
Tyrell Williams,WR,LAC,4,PHI,0,0,0,0,0,0,0,0,5,115,1,6,0,0,0,0,0,0,0,0,0,0,,,,,
Tyrod Taylor,QB,BUF,4,ATL,182,1,20,12,0,12,0,7,0,0,0,0,0,0,0,0,0,0,0,0,0,0,,,,,
Vance McDonald,TE,PIT,4,BAL,0,0,0,0,0,0,0,0,0,0,0,1,0,0,0,0,0,0,0,0,0,0,,,,,
Vernon Davis,TE,WAS,4,KC,0,0,0,0,0,0,0,0,2,89,0,3,0,0,0,0,0,0,0,0,0,0,,,,,
Victor Bolden,WR,SF,4,ARI,0,0,0,0,0,0,0,0,0,0,0,0,0,0,0,0,0,0,0,0,0,0,,,,,
Vince Mayle,TE,BAL,4,PIT,0,0,0,0,0,0,0,0,0,0,0,0,0,0,0,0,0,0,0,0,0,0,,,,,
WAS,DEF,WAS,4,KC,,,,,,,,,,,,,,,,,,,,,,,0,0,0,0,29.0
Wayne Gallman,RB,NYG,4,TB,0,0,0,0,0,42,0,11,2,8,1,2,0,0,0,0,0,0,0,0,0,0,,,,,
Wendell Smallwood,RB,PHI,4,LAC,0,0,0,0,0,34,1,10,4,45,0,6,0,0,0,0,0,0,0,0,0,0,,,,,
Wil Lutz,K,NO,4,MIA,0,0,0,0,0,0,0,0,0,0,0,0,0,0,0,0,0,0,2,0,0,2,,,,,
Will Fuller,WR,HOU,4,TEN,0,0,0,0,0,4,0,1,4,35,2,6,0,0,0,0,0,0,0,0,0,0,,,,,
Younghoe Koo,K,LAC,4,PHI,0,0,0,0,0,0,0,0,0,0,0,0,0,0,0,0,1,0,0,0,0,3,,,,,
Zach Ertz,TE,PHI,4,LAC,0,0,0,0,0,0,0,0,5,81,0,8,0,0,0,0,0,0,0,0,0,0,,,,,
Zach Miller,TE,CHI,4,GB,0,0,0,0,0,0,0,0,2,45,0,2,0,0,0,0,0,0,0,0,0,0,,,,,
Zach Zenner,RB,DET,4,MIN,0,0,0,0,0,0,0,3,0,0,0,0,0,0,0,0,0,0,0,0,0,0,,,,,
Zane Gonzalez,K,CLE,4,CIN,0,0,0,0,0,0,0,0,0,0,0,0,0,0,0,0,0,0,0,0,0,1,,,,,
Zay Jones,WR,BUF,4,ATL,0,0,0,0,0,0,0,0,1,18,0,5,0,0,0,0,0,0,0,0,0,0,,,,,
A.J. Green,WR,CIN,5,BUF,0,0,0,0,0,0,0,0,7,189,1,13,0,0,0,0,0,0,0,0,0,0,,,,,
ARI,DEF,ARI,5,PHI,,,,,,,,,,,,,,,,,,,,,,,0,0,0,0,34.0
Aaron Jones,RB,GB,5,DAL,0,0,0,0,0,125,1,19,1,9,0,1,0,0,0,0,0,0,0,0,0,0,,,,,
Aaron Rodgers,QB,GB,5,DAL,221,3,29,19,0,32,0,4,0,0,0,0,0,0,0,0,0,0,0,0,0,0,,,,,
Adam Humphries,WR,TB,5,NE,0,0,0,0,0,0,0,0,3,51,0,5,0,0,0,0,0,0,0,0,0,0,,,,,
Adam Thielen,WR,MIN,5,CHI,0,0,0,0,0,11,0,1,5,34,0,8,0,0,0,0,0,0,0,0,0,0,,,,,
Adam Vinatieri,K,IND,5,SF,0,0,0,0,0,0,0,0,0,0,0,0,0,0,0,0,1,1,0,2,0,2,,,,,
Akeem Hunt,RB,KC,5,HOU,0,0,0,0,0,0,0,0,0,0,0,0,0,0,0,0,0,0,0,0,0,0,,,,,
Albert Wilson,WR,KC,5,HOU,0,0,0,0,0,0,0,0,2,18,0,3,0,0,0,0,0,0,0,0,0,0,,,,,
Aldrick Robinson,WR,SF,5,IND,0,0,0,0,0,0,0,0,1,5,0,1,0,0,0,0,0,0,0,0,0,0,,,,,
Aldrick Rosas,K,NYG,5,LAC,0,0,0,0,0,0,0,0,0,0,0,0,0,0,0,0,0,0,0,0,0,2,,,,,
Alex Collins,RB,BAL,5,LV,0,0,0,0,0,55,0,12,0,0,0,0,0,0,0,0,0,0,0,0,0,0,,,,,
Alex Erickson,WR,CIN,5,BUF,0,0,0,0,0,-6,0,1,1,12,0,1,0,0,0,0,0,0,0,0,0,0,,,,,
Alex Smith,QB,KC,5,HOU,324,3,37,29,0,19,0,5,0,0,0,0,0,0,0,0,0,0,0,0,0,0,,,,,
Alfred Morris,RB,DAL,5,GB,0,0,0,0,0,10,0,2,0,0,0,1,0,0,0,0,0,0,0,0,0,0,,,,,
Allen Hurns,WR,JAX,5,PIT,0,0,0,0,0,0,0,0,2,21,0,3,0,0,0,0,0,0,0,0,0,0,,,,,
Alshon Jeffery,WR,PHI,5,ARI,0,0,0,0,0,0,0,0,3,31,0,4,0,0,0,0,0,0,0,0,0,0,,,,,
Amari Cooper,WR,LV,5,BAL,0,0,0,0,0,0,0,0,1,8,0,2,0,0,0,0,0,0,0,0,0,0,,,,,
Ameer Abdullah,RB,DET,5,CAR,0,0,0,0,0,31,0,10,1,3,0,1,0,0,0,0,0,0,0,0,0,0,,,,,
Andre Ellington,RB,ARI,5,PHI,0,0,0,0,0,-2,0,1,9,65,0,10,0,0,0,0,0,0,0,0,0,0,,,,,
Andre Holmes,WR,BUF,5,CIN,0,0,0,0,0,0,0,0,0,0,0,1,0,0,0,0,0,0,0,0,0,0,,,,,
Andy Dalton,QB,CIN,5,BUF,328,1,36,22,2,2,0,5,0,0,0,0,0,0,0,0,0,0,0,0,0,0,,,,,
Anthony Fasano,TE,MIA,5,TEN,0,0,0,0,0,0,0,0,0,0,0,1,0,0,0,0,0,0,0,0,0,0,,,,,
Antonio Brown,WR,PIT,5,JAX,0,0,0,0,0,0,0,0,10,157,0,19,0,0,0,0,0,0,0,0,0,0,,,,,
Antonio Gates,TE,LAC,5,NYG,0,0,0,0,0,0,0,0,2,23,0,3,0,0,0,0,0,0,0,0,0,0,,,,,
ArDarius Stewart,WR,NYJ,5,CLE,0,0,0,0,0,12,0,2,0,0,0,0,0,0,0,0,0,0,0,0,0,0,,,,,
Austin Ekeler,RB,LAC,5,NYG,0,0,0,0,0,0,0,4,3,28,0,6,0,0,0,0,0,0,0,0,0,0,,,,,
Austin Seferian-Jenkins,TE,NYJ,5,CLE,0,0,0,0,0,0,0,0,6,29,1,8,0,0,0,0,0,0,0,0,0,0,,,,,
BAL,DEF,BAL,5,LV,,,,,,,,,,,,,,,,,,,,,,,0,0,0,0,17.0
BUF,DEF,BUF,5,CIN,,,,,,,,,,,,,,,,,,,,,,,0,0,0,0,20.0
Ben Roethlisberger,QB,PIT,5,JAX,312,0,55,33,5,1,0,1,0,0,0,0,0,0,0,0,0,0,0,0,0,0,,,,,
Benjamin Watson,TE,BAL,5,LV,0,0,0,0,0,0,0,0,2,2,0,4,0,0,0,0,0,0,0,0,0,0,,,,,
Benny Cunningham,RB,CHI,5,MIN,0,0,0,0,0,4,0,1,2,43,1,4,0,0,0,0,0,0,0,0,0,0,,,,,
Bernard Reedy,WR,TB,5,NE,0,0,0,0,0,0,0,0,0,0,0,0,0,0,0,0,0,0,0,0,0,0,,,,,
Bilal Powell,RB,NYJ,5,CLE,0,0,0,0,0,5,0,2,4,28,0,5,0,0,0,0,0,0,0,0,0,0,,,,,
Blair Walsh,K,SEA,5,LA,0,0,0,0,0,0,0,0,0,0,0,0,0,0,0,0,0,1,2,0,0,1,,,,,
Blake Bortles,QB,JAX,5,PIT,95,0,14,8,1,9,0,1,0,0,0,0,0,0,0,0,0,0,0,0,0,0,,,,,
Brandin Cooks,WR,NE,5,TB,0,0,0,0,0,0,0,0,5,85,0,8,0,0,0,0,0,0,0,0,0,0,,,,,
Brandon Bolden,RB,NE,5,TB,0,0,0,0,0,0,0,0,0,0,0,0,0,0,0,0,0,0,0,0,0,0,,,,,
Brandon LaFell,WR,CIN,5,BUF,0,0,0,0,0,0,0,0,5,32,0,8,0,0,0,0,0,0,0,0,0,0,,,,,
Brandon Marshall,WR,NYG,5,LAC,0,0,0,0,0,0,0,0,2,15,0,3,0,0,0,0,0,0,0,0,0,0,,,,,
Brandon Tate,WR,BUF,5,CIN,0,0,0,0,0,0,0,0,2,25,1,4,0,0,0,0,0,0,0,0,0,0,,,,,
Brandon Williams,TE,IND,5,SF,0,0,0,0,0,0,0,0,3,17,0,3,0,0,0,0,0,0,0,0,0,0,,,,,
Brent Celek,TE,PHI,5,ARI,0,0,0,0,0,0,0,0,1,5,0,1,0,0,0,0,0,0,0,0,0,0,,,,,
Breshad Perriman,WR,BAL,5,LV,0,0,0,0,0,0,0,0,2,15,0,3,0,0,0,0,0,0,0,0,0,0,,,,,
Brian Hoyer,QB,SF,5,IND,353,2,46,29,0,0,0,2,0,0,0,0,0,0,0,0,0,0,0,0,0,0,,,,,
Brice Butler,WR,DAL,5,GB,0,0,0,0,0,0,0,0,2,57,0,2,0,0,0,0,0,0,0,0,0,0,,,,,
Brittan Golden,WR,ARI,5,PHI,0,0,0,0,0,0,0,0,0,0,0,0,0,0,0,0,0,0,0,0,0,0,,,,,
Bruce Ellington,WR,HOU,5,KC,0,0,0,0,0,0,0,0,2,30,0,3,0,0,0,0,0,0,0,0,0,0,,,,,
Bryce Treggs,WR,CLE,5,NYJ,0,0,0,0,0,0,0,0,2,28,0,6,0,0,0,0,0,0,0,0,0,0,,,,,
C.J. Uzomah,TE,CIN,5,BUF,0,0,0,0,0,0,0,0,1,21,0,2,0,0,0,0,0,0,0,0,0,0,,,,,
CAR,DEF,CAR,5,DET,,,,,,,,,,,,,,,,,,,,,,,0,0,0,0,24.0
CHI,DEF,CHI,5,MIN,,,,,,,,,,,,,,,,,,,,,,,0,1,0,0,20.0
CIN,DEF,CIN,5,BUF,,,,,,,,,,,,,,,,,,,,,,,0,0,0,0,16.0
CLE,DEF,CLE,5,NYJ,,,,,,,,,,,,,,,,,,,,,,,0,0,0,0,17.0
Cam Newton,QB,CAR,5,DET,355,3,33,26,0,0,0,7,0,0,0,0,0,0,0,0,0,0,0,0,0,0,,,,,
Cameron Artis-Payne,RB,CAR,5,DET,0,0,0,0,0,0,0,0,0,0,0,0,0,0,0,0,0,0,0,0,0,0,,,,,
Cameron Brate,TE,TB,5,NE,0,0,0,0,0,0,0,0,5,68,1,9,0,0,0,0,0,0,0,0,0,0,,,,,
Carlos Hyde,RB,SF,5,IND,0,0,0,0,0,11,0,8,1,7,0,1,0,0,0,0,0,0,0,0,0,0,,,,,
Carson Palmer,QB,ARI,5,PHI,291,1,44,28,0,0,0,0,0,0,0,0,0,0,0,0,0,0,0,0,0,0,,,,,
Carson Wentz,QB,PHI,5,ARI,304,4,30,21,1,11,0,6,0,0,0,0,0,0,0,0,0,0,0,0,0,0,,,,,
Case Keenum,QB,MIN,5,CHI,140,1,21,17,0,22,0,1,0,0,0,0,0,0,0,0,0,0,0,0,0,0,,,,,
Cethan Carter,TE,CIN,5,BUF,0,0,0,0,0,0,0,0,0,0,0,1,0,0,0,0,0,0,0,0,0,0,,,,,
Chandler Catanzaro,K,NYJ,5,CLE,0,0,0,0,0,0,0,0,0,0,0,0,0,0,0,0,0,0,0,1,0,2,,,,,
Charcandrick West,RB,KC,5,HOU,0,0,0,0,0,1,0,1,2,12,2,2,0,0,0,0,0,0,0,0,0,0,,,,,
Charles Clay,TE,BUF,5,CIN,0,0,0,0,0,0,0,0,2,31,0,3,0,0,0,0,0,0,0,0,0,0,,,,,
Charles Sims,RB,TB,5,NE,0,0,0,0,0,3,0,1,5,31,0,7,0,0,0,0,0,0,0,0,0,0,,,,,
Chris Boswell,K,PIT,5,JAX,0,0,0,0,0,0,0,0,0,0,0,0,0,0,0,0,2,1,0,0,0,0,,,,,
Chris Conley,WR,KC,5,HOU,0,0,0,0,0,0,0,0,3,46,0,3,0,0,0,0,0,0,0,0,0,0,,,,,
Chris Godwin Jr.,WR,TB,5,NE,0,0,0,0,0,0,0,0,1,8,0,2,0,0,0,0,0,0,0,0,0,0,,,,,
Chris Hogan,WR,NE,5,TB,0,0,0,0,0,0,0,0,8,74,1,11,0,0,0,0,0,0,0,0,0,0,,,,,
Chris Ivory,RB,JAX,5,PIT,0,0,0,0,0,41,0,8,0,0,0,0,0,0,0,0,0,0,0,0,0,0,,,,,
Chris Johnson,RB,ARI,5,PHI,0,0,0,0,0,21,0,9,1,8,0,1,0,0,0,0,0,0,0,0,0,0,,,,,
Chris Manhertz,TE,CAR,5,DET,0,0,0,0,0,0,0,0,0,0,0,0,0,0,0,0,0,0,0,0,0,0,,,,,
Chris Thompson,WR,HOU,5,KC,0,0,0,0,0,0,0,0,1,19,0,1,0,0,0,0,0,0,0,0,0,0,,,,,
Christian McCaffrey,RB,CAR,5,DET,0,0,0,0,0,7,0,3,5,31,1,7,0,0,0,0,0,0,0,0,0,0,,,,,
Cody Core,WR,CIN,5,BUF,0,0,0,0,0,0,0,0,0,0,0,0,0,0,0,0,0,0,0,0,0,0,,,,,
Cody Parkey,K,MIA,5,TEN,0,0,0,0,0,0,0,0,0,0,0,0,0,0,0,0,0,0,1,0,0,1,,,,,
Cole Beasley,WR,DAL,5,GB,0,0,0,0,0,0,0,0,4,23,2,6,0,0,0,0,0,0,0,0,0,0,,,,,
Connor Barth,K,CHI,5,MIN,0,0,0,0,0,0,0,0,0,0,0,0,0,0,0,0,0,0,0,0,0,1,,,,,
Cooper Kupp,WR,LA,5,SEA,0,0,0,0,0,0,0,0,3,44,0,8,0,0,0,0,0,0,0,0,0,0,,,,,
Cordarrelle Patterson,RB,LV,5,BAL,0,0,0,0,0,0,0,0,0,0,0,1,0,0,0,0,0,0,0,0,0,0,,,,,
Corey Clement,RB,PHI,5,ARI,0,0,0,0,0,17,0,7,1,22,0,1,0,0,0,0,0,0,0,0,0,0,,,,,
Corey Grant,RB,JAX,5,PIT,0,0,0,0,0,0,0,0,0,0,0,1,0,0,0,0,0,0,0,0,0,0,,,,,
Curtis Samuel,WR,CAR,5,DET,0,0,0,0,0,0,0,0,0,0,0,2,0,0,0,0,0,0,0,0,0,0,,,,,
D'Onta Foreman,RB,HOU,5,KC,0,0,0,0,0,34,0,4,1,3,0,1,0,0,0,0,0,0,0,0,0,0,,,,,
DAL,DEF,DAL,5,GB,,,,,,,,,,,,,,,,,,,,,,,0,0,0,0,35.0
DET,DEF,DET,5,CAR,,,,,,,,,,,,,,,,,,,,,,,0,0,0,0,27.0
Dak Prescott,QB,DAL,5,GB,251,3,36,25,1,37,1,4,0,0,0,0,0,0,0,0,0,0,0,0,0,0,,,,,
Damien Williams,RB,MIA,5,TEN,0,0,0,0,0,15,0,3,1,13,0,2,0,0,0,0,0,0,0,0,0,0,,,,,
Dan Bailey,K,DAL,5,GB,0,0,0,0,0,0,0,0,0,0,0,0,0,0,0,0,0,0,1,0,0,4,,,,,
Danny Amendola,WR,NE,5,TB,0,0,0,0,0,0,0,0,8,77,0,8,0,0,0,0,0,0,0,0,0,0,,,,,
Darrell Daniels,TE,IND,5,SF,0,0,0,0,0,0,0,0,1,13,0,4,0,0,0,0,0,0,0,0,0,0,,,,,
Darren Fells,TE,DET,5,CAR,0,0,0,0,0,0,0,0,2,24,2,2,0,0,0,0,0,0,0,0,0,0,,,,,
Davante Adams,WR,GB,5,DAL,0,0,0,0,0,0,0,0,7,66,2,11,0,0,0,0,0,0,0,0,0,0,,,,,
David Fluellen,RB,TEN,5,MIA,0,0,0,0,0,0,0,0,0,0,0,0,0,0,0,0,0,0,0,0,0,0,,,,,
David Njoku,TE,CLE,5,NYJ,0,0,0,0,0,1,0,1,3,48,1,3,0,0,0,0,0,0,0,0,0,0,,,,,
De'Anthony Thomas,WR,KC,5,HOU,0,0,0,0,0,0,0,0,1,10,1,1,0,0,0,0,0,0,0,0,0,0,,,,,
DeAndre Hopkins,WR,HOU,5,KC,0,0,0,0,0,0,0,0,4,52,3,12,0,0,0,0,0,0,0,0,0,0,,,,,
DeMarco Murray,RB,TEN,5,MIA,0,0,0,0,0,58,0,14,4,11,0,5,0,0,0,0,0,0,0,0,0,0,,,,,
DeSean Jackson,WR,TB,5,NE,0,0,0,0,0,0,0,0,5,106,0,9,0,0,0,0,0,0,0,0,0,0,,,,,
DeShone Kizer,QB,CLE,5,NYJ,87,0,17,8,1,29,0,6,0,0,0,0,0,0,0,0,0,0,0,0,0,0,,,,,
DeVante Parker,WR,MIA,5,TEN,0,0,0,0,0,0,0,0,1,6,0,1,0,0,0,0,0,0,0,0,0,0,,,,,
Delanie Walker,TE,TEN,5,MIA,0,0,0,0,0,0,0,0,3,25,0,5,0,0,0,0,0,0,0,0,0,0,,,,,
Demarcus Robinson,WR,KC,5,HOU,0,0,0,0,0,0,0,0,1,16,0,1,0,0,0,0,0,0,0,0,0,0,,,,,
Demetrius Harris,TE,KC,5,HOU,0,0,0,0,0,0,0,0,3,21,0,3,0,0,0,0,0,0,0,0,0,0,,,,,
Deonte Thompson,WR,CHI,5,MIN,0,0,0,0,0,0,0,0,0,0,0,0,0,0,0,0,0,0,0,0,0,0,,,,,
Derrick Henry,RB,TEN,5,MIA,0,0,0,0,0,9,0,4,0,0,0,0,0,0,0,0,0,0,0,0,0,0,,,,,
Deshaun Watson,QB,HOU,5,KC,261,5,31,16,0,31,0,3,0,0,0,0,0,0,1,0,0,0,0,0,0,0,,,,,
Devin Funchess,WR,CAR,5,DET,0,0,0,0,0,0,0,0,7,53,1,8,0,0,0,0,0,0,0,0,0,0,,,,,
Dez Bryant,WR,DAL,5,GB,0,0,0,0,0,0,0,0,5,52,1,8,0,0,0,0,0,0,0,0,0,0,,,,,
Dion Lewis,RB,NE,5,TB,0,0,0,0,0,53,0,7,2,10,0,2,0,0,0,0,0,0,0,0,0,0,,,,,
Dion Sims,TE,CHI,5,MIN,0,0,0,0,0,0,0,0,1,17,0,4,0,0,0,0,0,0,0,0,0,0,,,,,
Donte Moncrief,WR,IND,5,SF,0,0,0,0,0,0,0,0,3,32,0,3,0,0,0,0,0,0,0,0,0,0,,,,,
Doug Baldwin,WR,SEA,5,LA,0,0,0,0,0,0,0,0,4,37,0,8,0,0,0,0,0,0,0,0,0,0,,,,,
Doug Martin,RB,TB,5,NE,0,0,0,0,0,74,1,13,1,8,0,3,0,0,0,0,0,0,0,0,0,0,,,,,
Duke Johnson,RB,CLE,5,NYJ,0,0,0,0,0,20,0,6,3,63,1,3,0,0,0,0,0,0,0,0,0,0,,,,,
Dwayne Harris,WR,NYG,5,LAC,0,0,0,0,0,0,0,0,0,0,0,0,0,0,0,0,0,0,0,0,0,0,,,,,
EJ Manuel,QB,LV,5,BAL,159,1,26,13,0,15,0,2,0,0,0,0,0,0,0,0,0,0,0,0,0,0,,,,,
Ed Dickson,TE,CAR,5,DET,0,0,0,0,0,0,0,0,5,175,0,5,0,0,0,0,0,0,0,0,0,0,,,,,
Eddie Lacy,RB,SEA,5,LA,0,0,0,0,0,19,0,9,1,9,0,1,0,0,0,0,0,0,0,0,0,0,,,,,
Eli Manning,QB,NYG,5,LAC,225,2,36,21,1,0,0,0,0,0,0,0,0,0,0,0,0,0,0,0,0,0,,,,,
Elijah McGuire,RB,NYJ,5,CLE,0,0,0,0,0,20,0,11,2,10,0,3,0,0,0,0,0,0,0,0,0,0,,,,,
Eric Decker,WR,TEN,5,MIA,0,0,0,0,0,0,0,0,4,34,0,6,0,0,0,0,0,0,0,0,0,0,,,,,
Eric Ebron,TE,DET,5,CAR,0,0,0,0,0,0,0,0,1,6,0,4,0,0,0,0,0,0,0,0,0,0,,,,,
Eric Tomlinson,TE,NYJ,5,CLE,0,0,0,0,0,0,0,0,1,34,0,1,0,0,0,0,0,0,0,0,0,0,,,,,
Eric Weems,WR,TEN,5,MIA,0,0,0,0,0,0,0,0,0,0,0,0,0,0,0,0,0,0,0,0,0,0,,,,,
Evan Engram,TE,NYG,5,LAC,0,0,0,0,0,0,0,0,0,0,0,4,0,0,0,0,0,0,0,0,0,0,,,,,
Ezekiel Elliott,RB,DAL,5,GB,0,0,0,0,0,116,0,29,1,16,0,2,0,0,0,0,0,0,0,0,0,0,,,,,
Frank Gore,RB,IND,5,SF,0,0,0,0,0,48,0,14,3,38,0,4,0,0,0,0,0,0,0,0,0,0,,,,,
GB,DEF,GB,5,DAL,,,,,,,,,,,,,,,,,,,,,,,1,0,0,0,31.0
Garrett Celek,TE,SF,5,IND,0,0,0,0,0,0,0,0,1,6,0,1,0,0,0,0,0,0,0,0,0,0,,,,,
Geoff Swaim,TE,DAL,5,GB,0,0,0,0,0,0,0,0,0,0,0,0,0,0,0,0,0,0,0,0,0,0,,,,,
George Kittle,TE,SF,5,IND,0,0,0,0,0,0,0,0,7,83,1,9,0,0,0,0,0,0,0,0,0,0,,,,,
Gerald Everett,TE,LA,5,SEA,0,0,0,0,0,0,0,0,1,8,0,3,0,0,0,0,0,0,0,0,0,0,,,,,
Geronimo Allison,WR,GB,5,DAL,0,0,0,0,0,0,0,0,0,0,0,2,0,0,0,0,0,0,0,0,0,0,,,,,
Giorgio Tavecchio,K,LV,5,BAL,0,0,0,0,0,0,0,0,0,0,0,0,0,0,0,0,0,1,0,0,0,2,,,,,
Giovani Bernard,RB,CIN,5,BUF,0,0,0,0,0,2,0,2,2,30,0,2,0,0,0,0,0,0,0,0,0,0,,,,,
Golden Tate,WR,DET,5,CAR,0,0,0,0,0,0,0,0,5,48,0,8,0,0,0,0,0,0,0,0,0,0,,,,,
Graham Gano,K,CAR,5,DET,0,0,0,0,0,0,0,0,0,0,0,0,0,0,0,0,1,0,1,0,0,3,,,,,
Greg Zuerlein,K,LA,5,SEA,0,0,0,0,0,0,0,0,0,0,0,0,0,0,0,0,0,1,0,0,0,1,,,,,
HOU,DEF,HOU,5,KC,,,,,,,,,,,,,,,,,,,,,,,0,0,0,0,42.0
Harrison Butker,K,KC,5,HOU,0,0,0,0,0,0,0,0,0,0,0,0,0,0,0,0,0,2,3,0,0,3,,,,,
Henry Krieger-Coble,TE,IND,5,SF,0,0,0,0,0,0,0,0,0,0,0,0,0,0,0,0,0,0,0,0,0,0,,,,,
Hunter Henry,TE,LAC,5,NYG,0,0,0,0,0,0,0,0,3,42,1,8,0,0,0,0,0,0,0,0,0,0,,,,,
IND,DEF,IND,5,SF,,,,,,,,,,,,,,,,,,,,,,,0,0,0,0,23.0
Ifeanyi Momah,TE,ARI,5,PHI,0,0,0,0,0,0,0,0,0,0,0,0,0,0,0,0,0,0,0,0,0,0,,,,,
Isaiah Crowell,RB,CLE,5,NYJ,0,0,0,0,0,60,0,16,2,7,0,3,0,0,0,0,0,0,0,0,0,0,,,,,
J.D. McKissic,RB,SEA,5,LA,0,0,0,0,0,0,0,2,3,36,0,5,0,0,0,0,0,0,0,0,0,0,,,,,
J.J. Nelson,WR,ARI,5,PHI,0,0,0,0,0,14,0,1,4,80,0,6,0,0,0,0,0,0,0,0,0,0,,,,,
JAX,DEF,JAX,5,PIT,,,,,,,,,,,,,,,,,,,,,,,2,0,0,0,9.0
Jacob Hollister,TE,NE,5,TB,0,0,0,0,0,0,0,0,0,0,0,1,0,0,0,0,0,0,0,0,0,0,,,,,
Jacoby Brissett,QB,IND,5,SF,314,0,34,22,1,14,1,8,0,0,0,0,0,0,0,0,0,0,0,0,0,0,,,,,
Jacquizz Rodgers,RB,TB,5,NE,0,0,0,0,0,2,0,3,1,13,0,1,0,0,0,0,0,0,0,0,0,0,,,,,
Jake Elliott,K,PHI,5,ARI,0,0,0,0,0,0,0,0,0,0,0,0,0,0,0,0,1,1,0,0,0,4,,,,,
Jakeem Grant,WR,MIA,5,TEN,0,0,0,0,0,0,0,0,1,-1,0,2,0,0,0,0,0,0,0,0,0,0,,,,,
Jalen Richard,RB,LV,5,BAL,0,0,0,0,0,37,0,9,0,0,0,2,0,0,0,0,0,0,0,0,0,0,,,,,
Jalston Fowler,RB,TEN,5,MIA,0,0,0,0,0,0,0,0,0,0,0,1,0,0,0,0,0,0,0,0,0,0,,,,,
Jamaal Williams,RB,GB,5,DAL,0,0,0,0,0,1,0,1,0,0,0,0,0,0,0,0,0,0,0,0,0,0,,,,,
Jamal Agnew,WR,DET,5,CAR,0,0,0,0,0,0,0,0,0,0,0,0,0,0,0,0,0,0,0,0,0,0,,,,,
Jameis Winston,QB,TB,5,NE,334,1,46,26,0,11,0,3,0,0,0,0,0,0,0,0,0,0,0,0,0,0,,,,,
James Conner,RB,PIT,5,JAX,0,0,0,0,0,9,0,3,0,0,0,1,0,0,0,0,0,0,0,0,0,0,,,,,
James Hanna,TE,DAL,5,GB,0,0,0,0,0,0,0,0,0,0,0,1,0,0,0,0,0,0,0,0,0,0,,,,,
James O'Shaughnessy,TE,JAX,5,PIT,0,0,0,0,0,0,0,0,0,0,0,1,0,0,0,0,0,0,0,0,0,0,,,,,
James White,RB,NE,5,TB,0,0,0,0,0,3,0,2,7,57,0,9,0,0,0,0,0,0,0,0,0,0,,,,,
Jamize Olawale,RB,LV,5,BAL,0,0,0,0,0,13,0,2,0,0,0,0,0,0,0,0,0,0,0,0,0,0,,,,,
Jared Abbrederis,WR,DET,5,CAR,0,0,0,0,0,0,0,0,2,37,0,3,0,0,0,0,0,0,0,0,0,0,,,,,
Jared Cook,TE,LV,5,BAL,0,0,0,0,0,0,0,0,3,25,0,6,0,0,0,0,0,0,0,0,0,0,,,,,
Jared Goff,QB,LA,5,SEA,288,0,47,22,2,22,0,1,0,0,0,0,0,0,0,0,0,0,0,0,0,0,,,,,
Jaron Brown,WR,ARI,5,PHI,0,0,0,0,0,0,0,0,3,39,0,6,0,0,0,0,0,0,0,0,0,0,,,,,
Jarvis Landry,WR,MIA,5,TEN,0,0,0,0,0,0,0,0,5,44,1,10,0,0,0,0,0,0,0,0,0,0,,,,,
Jason Myers,K,JAX,5,PIT,0,0,0,0,0,0,0,0,0,0,0,0,0,0,0,0,0,0,1,0,0,3,,,,,
Jason Witten,TE,DAL,5,GB,0,0,0,0,0,0,0,0,8,61,0,10,0,0,0,0,0,0,0,0,0,0,,,,,
Javorius Allen,RB,BAL,5,LV,0,0,0,0,0,73,1,21,4,12,0,5,0,0,0,0,0,0,0,0,0,0,,,,,
Jay Ajayi,RB,MIA,5,TEN,0,0,0,0,0,77,0,25,2,2,0,3,0,0,0,0,0,0,0,0,0,0,,,,,
Jay Cutler,QB,MIA,5,TEN,92,1,26,12,1,8,0,2,0,0,0,0,0,0,0,0,0,0,0,0,0,0,,,,,
Jeff Janis,WR,GB,5,DAL,0,0,0,0,0,0,0,0,0,0,0,0,0,0,0,0,0,0,0,0,0,0,,,,,
Jerell Adams,TE,NYG,5,LAC,0,0,0,0,0,0,0,0,1,11,0,1,0,0,0,0,0,0,0,0,0,0,,,,,
Jeremy Hill,RB,CIN,5,BUF,0,0,0,0,0,16,0,4,0,0,0,0,0,0,0,0,0,0,0,0,0,0,,,,,
Jeremy Kerley,WR,NYJ,5,CLE,0,0,0,0,0,0,0,0,4,39,0,4,0,0,0,0,0,0,0,0,0,0,,,,,
Jeremy Maclin,WR,BAL,5,LV,0,0,0,0,0,0,0,0,6,43,0,8,0,0,0,0,0,0,0,0,0,0,,,,,
Jerick McKinnon,RB,MIN,5,CHI,0,0,0,0,0,95,1,16,6,51,0,6,0,0,0,0,0,0,0,0,0,0,,,,,
Jermaine Gresham,TE,ARI,5,PHI,0,0,0,0,0,0,0,0,2,16,0,2,0,0,0,0,0,0,0,0,0,0,,,,,
Jermaine Kearse,WR,NYJ,5,CLE,0,0,0,0,0,0,0,0,4,38,1,4,0,0,0,0,0,0,0,0,0,0,,,,,
Jesse James,TE,PIT,5,JAX,0,0,0,0,0,0,0,0,3,24,0,5,0,0,0,0,0,0,0,0,0,0,,,,,
Jimmy Graham,TE,SEA,5,LA,0,0,0,0,0,0,0,0,6,37,1,8,0,0,0,0,0,0,0,0,0,0,,,,,
Joe Flacco,QB,BAL,5,LV,222,0,26,19,0,-4,0,3,0,0,0,0,0,0,0,0,0,0,0,0,0,0,,,,,
Joe Mixon,RB,CIN,5,BUF,0,0,0,0,0,51,1,15,0,0,0,0,0,0,0,0,0,0,0,0,0,0,,,,,
Joe Webb,QB,BUF,5,CIN,0,0,0,0,0,0,0,0,0,0,0,0,0,0,0,0,0,0,0,0,0,0,,,,,
John Brown,WR,ARI,5,PHI,0,0,0,0,0,0,0,0,2,26,1,7,0,0,0,0,0,0,0,0,0,0,,,,,
Jonathan Stewart,RB,CAR,5,DET,0,0,0,0,0,21,0,18,3,23,0,3,0,0,0,0,0,0,0,0,0,0,,,,,
Jonnu Smith,TE,TEN,5,MIA,0,0,0,0,0,0,0,0,5,21,0,5,0,0,0,0,0,0,0,0,0,0,,,,,
Jordan Howard,RB,CHI,5,MIN,0,0,0,0,0,76,0,19,0,0,0,0,0,0,0,0,0,0,0,0,0,0,,,,,
Jordy Nelson,WR,GB,5,DAL,0,0,0,0,0,0,0,0,2,24,1,4,0,0,0,0,0,0,0,0,0,0,,,,,
Josh McCown,QB,NYJ,5,CLE,194,2,30,23,1,-3,0,3,0,0,0,0,0,0,0,0,0,0,0,0,0,0,,,,,
JuJu Smith-Schuster,WR,PIT,5,JAX,0,0,0,0,0,0,0,0,4,58,0,6,0,0,0,0,0,0,0,0,0,0,,,,,
Julius Thomas,TE,MIA,5,TEN,0,0,0,0,0,0,0,0,1,15,0,4,0,0,0,0,0,0,0,0,0,0,,,,,
Justin Hunter,WR,PIT,5,JAX,0,0,0,0,0,0,0,0,1,6,0,3,0,0,0,0,0,0,0,0,0,0,,,,,
Justin Tucker,K,BAL,5,LV,0,0,0,0,0,0,0,0,0,0,0,0,0,0,0,0,2,0,1,0,0,3,,,,,
KC,DEF,KC,5,HOU,,,,,,,,,,,,,,,,,,,,,,,0,0,0,0,34.0
Ka'imi Fairbairn,K,HOU,5,KC,0,0,0,0,0,0,0,0,0,0,0,0,0,0,0,0,0,0,0,0,0,2,,,,,
Kaelin Clay,WR,BUF,5,CIN,0,0,0,0,0,0,0,1,0,0,0,1,0,0,0,0,0,0,0,0,0,0,,,,,
Kai Forbath,K,MIN,5,CHI,0,0,0,0,0,0,0,0,0,0,0,0,0,0,0,0,2,0,0,0,0,2,,,,,
Kamar Aiken,WR,IND,5,SF,0,0,0,0,0,0,0,0,2,22,0,7,0,0,0,0,0,0,0,0,0,0,,,,,
Kareem Hunt,RB,KC,5,HOU,0,0,0,0,0,107,0,29,3,9,0,4,0,0,0,0,0,0,0,0,0,0,,,,,
Kasen Williams,WR,CLE,5,NYJ,0,0,0,0,0,0,0,0,4,33,0,5,0,0,0,0,0,0,0,0,0,0,,,,,
Keelan Cole,WR,JAX,5,PIT,0,0,0,0,0,0,0,0,1,4,0,1,0,0,0,0,0,0,0,0,0,0,,,,,
Keenan Allen,WR,LAC,5,NYG,0,0,0,0,0,0,0,0,4,67,0,12,0,0,0,0,0,0,0,0,0,0,,,,,
Kelvin Benjamin,WR,CAR,5,DET,0,0,0,0,0,0,0,0,4,58,1,6,0,0,0,0,0,0,0,0,0,0,,,,,
Kendall Wright,WR,CHI,5,MIN,0,0,0,0,0,0,0,0,4,46,0,5,0,0,0,0,0,0,0,0,0,0,,,,,
Kenjon Barner,RB,PHI,5,ARI,0,0,0,0,0,23,0,5,0,0,0,0,0,0,0,0,0,0,0,0,0,0,,,,,
Kenny Stills,WR,MIA,5,TEN,0,0,0,0,0,0,0,0,1,13,0,2,0,0,0,0,0,0,0,0,0,0,,,,,
Kenyan Drake,RB,MIA,5,TEN,0,0,0,0,0,0,0,1,0,0,0,0,0,0,0,0,0,0,0,0,0,0,,,,,
Kerwynn Williams,RB,ARI,5,PHI,0,0,0,0,0,-2,0,3,0,0,0,0,0,0,0,0,0,0,0,0,0,0,,,,,
Kevin Hogan,QB,CLE,5,NYJ,194,2,19,16,1,30,0,4,0,0,0,0,0,0,0,0,0,0,0,0,0,0,,,,,
Krishawn Hogan,WR,IND,5,SF,0,0,0,0,0,0,0,0,0,0,0,0,0,0,0,0,0,0,0,0,0,0,,,,,
Kyle Juszczyk,RB,SF,5,IND,0,0,0,0,0,3,0,1,2,14,1,4,0,0,0,0,0,0,0,0,0,0,,,,,
Kyle Rudolph,TE,MIN,5,CHI,0,0,0,0,0,0,0,0,6,45,1,9,0,0,0,0,0,0,0,0,0,0,,,,,
LA,DEF,LA,5,SEA,,,,,,,,,,,,,,,,,,,,,,,0,0,0,0,16.0
LAC,DEF,LAC,5,NYG,,,,,,,,,,,,,,,,,,,,,,,0,0,0,0,22.0
LV,DEF,LV,5,BAL,,,,,,,,,,,,,,,,,,,,,,,0,0,0,0,0.0
Lamar Miller,RB,HOU,5,KC,0,0,0,0,0,74,0,15,2,15,0,3,0,0,0,0,0,0,0,0,0,0,,,,,
Lance Kendricks,TE,GB,5,DAL,0,0,0,0,0,0,0,0,1,24,0,1,0,0,0,0,0,0,0,0,0,0,,,,,
Larry Fitzgerald,WR,ARI,5,PHI,0,0,0,0,0,0,0,0,6,51,0,10,0,0,0,0,0,0,0,0,0,0,,,,,
Latavius Murray,RB,MIN,5,CHI,0,0,0,0,0,31,0,12,2,12,0,2,0,0,0,0,0,0,0,0,0,0,,,,,
Le'Veon Bell,RB,PIT,5,JAX,0,0,0,0,0,47,0,15,10,46,0,10,0,0,0,0,0,0,0,0,0,0,,,,,
LeGarrette Blount,RB,PHI,5,ARI,0,0,0,0,0,74,0,14,0,0,0,0,0,0,0,0,0,0,0,0,0,0,,,,,
LeSean McCoy,RB,BUF,5,CIN,0,0,0,0,0,63,0,19,6,26,0,9,0,0,0,0,0,0,0,0,0,0,,,,,
Leonard Fournette,RB,JAX,5,PIT,0,0,0,0,0,181,2,28,1,3,0,1,0,0,0,0,0,0,0,0,0,0,,,,,
Logan Thomas,TE,BUF,5,CIN,0,0,0,0,0,0,0,0,1,3,0,2,0,0,0,0,0,0,0,0,0,0,,,,,
Luke Willson,TE,SEA,5,LA,0,0,0,0,0,0,0,0,0,0,0,1,0,0,0,0,0,0,0,0,0,0,,,,,
MIA,DEF,MIA,5,TEN,,,,,,,,,,,,,,,,,,,,,,,0,0,0,0,10.0
MIN,DEF,MIN,5,CHI,,,,,,,,,,,,,,,,,,,,,,,0,0,0,0,17.0
Malcolm Brown,RB,LA,5,SEA,0,0,0,0,0,0,0,0,2,29,0,2,0,0,0,0,0,0,0,0,0,0,,,,,
MarQueis Gray,TE,MIA,5,TEN,0,0,1,0,0,0,0,0,0,0,0,1,0,0,0,0,0,0,0,0,0,0,,,,,
Marcedes Lewis,TE,JAX,5,PIT,0,0,0,0,0,0,0,0,1,14,0,2,0,0,0,0,0,0,0,0,0,0,,,,,
Marcus Johnson,WR,PHI,5,ARI,0,0,0,0,0,0,0,0,1,6,0,1,0,0,0,0,0,0,0,0,0,0,,,,,
Markus Wheaton,WR,CHI,5,MIN,0,0,0,0,0,0,0,0,1,9,0,4,0,0,0,0,0,0,0,0,0,0,,,,,
Marlon Mack,RB,IND,5,SF,0,0,0,0,0,91,1,9,1,2,0,1,0,0,0,0,0,0,0,0,0,0,,,,,
Marqise Lee,WR,JAX,5,PIT,0,0,0,0,0,0,0,0,2,49,0,4,0,0,0,0,0,0,0,0,0,0,,,,,
Marquise Goodwin,WR,SF,5,IND,0,0,0,0,0,0,0,0,5,116,0,11,0,0,0,0,0,0,0,0,0,0,,,,,
Marshawn Lynch,RB,LV,5,BAL,0,0,0,0,0,43,1,12,1,10,0,2,0,0,0,0,0,0,0,0,0,0,,,,,
Martavis Bryant,WR,PIT,5,JAX,0,0,0,0,0,13,0,1,5,21,0,8,0,0,0,0,0,0,0,0,0,0,,,,,
Martellus Bennett,TE,GB,5,DAL,0,0,0,0,0,0,0,0,3,53,0,3,0,0,0,0,0,0,0,0,0,0,,,,,
Marvin Jones,WR,DET,5,CAR,0,0,0,0,0,0,0,0,6,54,0,8,0,0,0,0,0,0,0,0,0,0,,,,,
Mason Crosby,K,GB,5,DAL,0,0,0,0,0,0,0,0,0,0,0,0,0,0,0,0,1,0,0,0,0,2,,,,,
Matt Breida,RB,SF,5,IND,0,0,0,0,0,49,0,10,3,22,0,5,0,0,0,0,0,0,0,0,0,0,,,,,
Matt Cassel,QB,TEN,5,MIA,141,1,32,21,0,0,0,0,0,0,0,0,0,0,0,0,0,0,0,0,0,0,,,,,
Matt Prater,K,DET,5,CAR,0,0,0,0,0,0,0,0,0,0,0,0,0,0,0,0,0,1,0,0,0,3,,,,,
Matthew Stafford,QB,DET,5,CAR,229,2,35,23,0,0,0,0,0,0,0,0,0,0,0,0,0,0,0,0,0,0,,,,,
Max McCaffrey,WR,JAX,5,PIT,0,0,0,0,0,0,0,0,1,4,0,1,0,0,0,0,0,0,0,0,0,0,,,,,
Melvin Gordon,RB,LAC,5,NYG,0,0,0,0,0,105,0,20,6,58,2,8,0,0,0,0,0,0,0,0,0,0,,,,,
Michael Campanaro,WR,BAL,5,LV,0,0,0,0,0,0,0,0,1,8,0,1,0,0,0,0,0,0,0,0,0,0,,,,,
Michael Crabtree,WR,LV,5,BAL,0,0,0,0,0,0,0,0,6,82,1,8,0,0,0,0,0,0,0,0,0,0,,,,,
Michael Floyd,WR,MIN,5,CHI,0,0,0,0,0,0,0,0,1,19,0,1,0,0,0,0,0,0,0,0,0,0,,,,,
Mike Evans,WR,TB,5,NE,0,0,0,0,0,0,0,0,5,49,0,8,0,0,0,0,0,0,0,0,0,0,,,,,
Mike Gillislee,RB,NE,5,TB,0,0,0,0,0,52,0,12,0,0,0,0,0,0,0,0,0,0,0,0,0,0,,,,,
Mike Wallace,WR,BAL,5,LV,0,0,0,0,0,0,0,0,3,133,0,3,0,0,0,0,0,0,0,0,0,0,,,,,
Mitchell Trubisky,QB,CHI,5,MIN,128,1,25,12,1,22,0,3,0,0,0,0,0,0,1,0,0,0,0,0,0,0,,,,,
NE,DEF,NE,5,TB,,,,,,,,,,,,,,,,,,,,,,,0,0,0,0,14.0
NYG,DEF,NYG,5,LAC,,,,,,,,,,,,,,,,,,,,,,,0,1,0,0,27.0
NYJ,DEF,NYJ,5,CLE,,,,,,,,,,,,,,,,,,,,,,,0,0,0,0,14.0
Nelson Agholor,WR,PHI,5,ARI,0,0,0,0,0,0,0,0,4,93,1,5,0,0,0,0,0,0,0,0,0,0,,,,,
Nick Boyle,TE,BAL,5,LV,0,0,0,0,0,0,0,0,1,9,0,2,0,0,0,0,0,0,0,0,0,0,,,,,
Nick Folk,K,TB,5,NE,0,0,0,0,0,0,0,0,0,0,0,0,0,0,0,0,0,0,0,0,0,2,,,,,
Nick Novak,K,LAC,5,NYG,0,0,0,0,0,0,0,0,0,0,0,0,0,0,0,0,1,1,0,0,0,3,,,,,
Nick O'Leary,TE,BUF,5,CIN,0,0,0,0,0,0,0,0,5,54,0,6,0,0,0,0,0,0,0,0,0,0,,,,,
Nick Vannett,TE,SEA,5,LA,0,0,0,0,0,0,0,0,2,3,0,2,0,0,0,0,0,0,0,0,0,0,,,,,
O.J. Howard,TE,TB,5,NE,0,0,0,0,0,0,0,0,0,0,0,1,0,0,0,0,0,0,0,0,0,0,,,,,
Odell Beckham Jr.,WR,NYG,5,LAC,0,0,0,0,0,8,0,1,5,97,1,8,0,0,0,0,0,0,0,0,0,0,,,,,
Orleans Darkwa,RB,NYG,5,LAC,0,0,0,0,0,69,1,8,1,3,0,4,0,0,0,0,0,0,0,0,0,0,,,,,
PHI,DEF,PHI,5,ARI,,,,,,,,,,,,,,,,,,,,,,,0,0,0,0,7.0
PIT,DEF,PIT,5,JAX,,,,,,,,,,,,,,,,,,,,,,,0,0,0,0,30.0
Paul Richardson,WR,SEA,5,LA,0,0,0,0,0,0,0,0,3,35,0,5,0,0,0,0,0,0,0,0,0,0,,,,,
Pharoh Cooper,WR,LA,5,SEA,0,0,0,0,0,0,0,0,2,22,0,4,0,0,0,0,0,0,0,0,0,0,,,,,
Phil Dawson,K,ARI,5,PHI,0,0,0,0,0,0,0,0,0,0,0,0,0,0,0,0,0,0,0,0,0,1,,,,,
Philip Rivers,QB,LAC,5,NYG,258,3,44,21,1,5,0,4,0,0,0,0,0,0,0,0,0,0,0,0,0,0,,,,,
Phillip Supernaw,TE,TEN,5,MIA,0,0,0,0,0,0,0,0,2,16,1,2,0,0,0,0,0,0,0,0,0,0,,,,,
Pierre Garcon,WR,SF,5,IND,0,0,0,0,0,0,0,0,8,94,0,11,0,0,0,0,0,0,0,0,0,0,,,,,
Quan Bray,WR,IND,5,SF,0,0,0,0,0,0,0,0,0,0,0,0,0,0,0,0,0,0,0,0,0,0,,,,,
Raheem Mostert,RB,SF,5,IND,0,0,0,0,0,3,0,1,0,0,0,0,0,0,0,0,0,0,0,0,0,0,,,,,
Randall Cobb,WR,GB,5,DAL,0,0,0,0,0,0,0,0,4,29,0,5,0,0,0,0,0,0,0,0,0,0,,,,,
Randy Bullock,K,CIN,5,BUF,0,0,0,0,0,0,0,0,0,0,0,0,0,0,0,0,1,1,0,0,0,2,,,,,
Rashard Higgins,WR,CLE,5,NYJ,0,0,0,0,0,0,0,0,2,7,0,4,0,0,0,0,0,0,0,0,0,0,,,,,
Rhett Ellison,TE,NYG,5,LAC,0,0,0,0,0,0,0,0,1,9,0,2,0,0,0,0,0,0,0,0,0,0,,,,,
Ricardo Louis,WR,CLE,5,NYJ,0,0,0,0,0,0,0,0,5,71,0,8,0,0,0,0,0,0,0,0,0,0,,,,,
Richard Rodgers,TE,GB,5,DAL,0,0,0,0,0,0,0,0,1,16,0,1,0,0,0,0,0,0,0,0,0,0,,,,,
Ricky Seals-Jones,TE,ARI,5,PHI,0,0,0,0,0,0,0,0,0,0,0,1,0,0,0,0,0,0,0,0,0,0,,,,,
Rishard Matthews,WR,TEN,5,MIA,0,0,0,0,0,-3,0,1,3,34,0,6,0,0,0,0,0,0,0,0,0,0,,,,,
Robbie Chosen,WR,NYJ,5,CLE,0,0,0,0,0,0,0,0,2,16,0,5,0,0,0,0,0,0,0,0,0,0,,,,,
Robbie Gould,K,SF,5,IND,0,0,0,0,0,0,0,0,0,0,0,0,0,0,0,0,1,0,2,0,0,2,,,,,
Robert Turbin,RB,IND,5,SF,0,0,0,0,0,6,0,4,2,13,0,2,0,0,0,0,0,0,0,0,0,0,,,,,
Robert Woods,WR,LA,5,SEA,0,0,0,0,0,8,0,1,5,66,0,8,0,0,0,0,0,0,0,0,0,0,,,,,
Rod Smith,RB,DAL,5,GB,0,0,0,0,0,0,0,0,1,18,0,1,0,0,0,0,0,0,0,0,0,0,,,,,
Roger Lewis,WR,NYG,5,LAC,0,0,0,0,0,0,0,0,1,29,1,2,0,0,0,0,0,0,0,0,0,0,,,,,
Ross Travis,TE,KC,5,HOU,0,0,0,0,0,0,0,0,2,26,0,2,0,0,0,0,0,0,0,0,0,0,,,,,
Russell Shepard,WR,CAR,5,DET,0,0,0,0,0,0,0,0,2,15,0,2,0,0,0,0,0,0,0,0,0,0,,,,,
Russell Wilson,QB,SEA,5,LA,198,1,37,24,1,16,0,5,0,0,0,0,0,0,0,0,0,0,0,0,0,0,,,,,
Ryan Griffin,TE,HOU,5,KC,0,0,0,0,0,0,0,0,2,22,0,4,0,0,0,0,0,0,0,0,0,0,,,,,
Ryan Succop,K,TEN,5,MIA,0,0,0,0,0,0,0,0,0,0,0,0,0,0,0,0,0,0,1,0,0,1,,,,,
Ryan Switzer,WR,DAL,5,GB,0,0,0,0,0,0,0,0,0,0,0,0,0,0,0,0,0,0,0,0,0,0,,,,,
SEA,DEF,SEA,5,LA,,,,,,,,,,,,,,,,,,,,,,,0,0,0,0,10.0
SF,DEF,SF,5,IND,,,,,,,,,,,,,,,,,,,,,,,0,0,0,0,26.0
Sam Bradford,QB,MIN,5,CHI,36,0,11,5,0,0,0,0,0,0,0,0,0,0,0,0,0,0,0,0,0,0,,,,,
Sammy Watkins,WR,LA,5,SEA,0,0,0,0,0,0,0,0,0,0,0,4,0,0,0,0,0,0,0,0,0,0,,,,,
Sean McGrath,TE,LAC,5,NYG,0,0,0,0,0,0,0,0,0,0,0,0,0,0,0,0,0,0,0,0,0,0,,,,,
Senorise Perry,RB,MIA,5,TEN,0,0,0,0,0,0,0,0,0,0,0,0,0,0,0,0,0,0,0,0,0,0,,,,,
Seth DeValve,TE,CLE,5,NYJ,0,0,0,0,0,0,0,0,3,24,0,4,0,0,0,0,0,0,0,0,0,0,,,,,
Seth Roberts,WR,LV,5,BAL,0,0,0,0,0,0,0,0,2,34,0,4,0,0,0,0,0,0,0,0,0,0,,,,,
Shane Vereen,RB,NYG,5,LAC,0,0,0,0,0,18,0,5,4,27,0,5,0,0,0,0,0,0,0,0,0,0,,,,,
Stefon Diggs,WR,MIN,5,CHI,0,0,0,0,0,0,0,0,1,4,0,4,0,0,0,0,0,0,0,0,0,0,,,,,
Stephen Anderson,TE,HOU,5,KC,0,0,0,0,0,0,0,0,2,63,0,2,0,0,0,0,0,0,0,0,0,0,,,,,
Stephen Gostkowski,K,NE,5,TB,0,0,0,0,0,0,0,0,0,0,0,0,0,0,0,0,2,0,2,0,0,1,,,,,
Sterling Shepard,WR,NYG,5,LAC,0,0,0,0,0,0,0,0,1,9,0,2,0,0,0,0,0,0,0,0,0,0,,,,,
Steven Hauschka,K,BUF,5,CIN,0,0,0,0,0,0,0,0,0,0,0,0,0,0,0,0,1,2,0,0,0,1,,,,,
T.J. Jones,WR,DET,5,CAR,0,0,0,0,0,0,0,0,2,12,0,4,0,0,0,0,0,0,0,0,0,0,,,,,
T.Y. Hilton,WR,IND,5,SF,0,0,0,0,0,0,0,0,7,177,0,9,0,0,0,0,0,0,0,0,0,0,,,,,
TB,DEF,TB,5,NE,,,,,,,,,,,,,,,,,,,,,,,0,0,0,0,19.0
TEN,DEF,TEN,5,MIA,,,,,,,,,,,,,,,,,,,,,,,0,0,0,0,16.0
Taiwan Jones,RB,BUF,5,CIN,0,0,0,0,0,0,0,0,0,0,0,0,0,0,0,0,0,0,0,0,0,0,,,,,
Tanner McEvoy,WR,SEA,5,LA,0,0,1,0,1,0,0,0,0,0,0,0,0,0,0,0,0,0,0,0,0,0,,,,,
Tarik Cohen,RB,CHI,5,MIN,0,0,0,0,0,13,0,6,1,-6,0,1,0,0,0,0,0,0,0,0,0,0,,,,,
Tavon Austin,WR,LA,5,SEA,0,0,0,0,0,27,1,6,3,14,0,5,0,0,0,0,0,0,0,0,0,0,,,,,
Taywan Taylor,WR,TEN,5,MIA,0,0,0,0,0,5,0,1,0,0,0,1,0,0,0,0,0,0,0,0,0,0,,,,,
Terrance West,RB,BAL,5,LV,0,0,0,0,0,17,0,2,0,0,0,0,0,0,0,0,0,0,0,0,0,0,,,,,
Terrance Williams,WR,DAL,5,GB,0,0,0,0,0,0,0,0,2,14,0,3,0,0,0,0,0,0,0,0,0,0,,,,,
Theo Riddick,RB,DET,5,CAR,0,0,0,0,0,8,0,2,4,45,0,5,0,0,0,0,0,0,0,0,0,0,,,,,
Thomas Rawls,RB,SEA,5,LA,0,0,0,0,0,20,0,8,2,15,0,3,0,0,0,0,0,0,0,0,0,0,,,,,
Todd Gurley,RB,LA,5,SEA,0,0,0,0,0,43,0,14,2,7,0,4,0,0,0,0,0,0,0,0,0,0,,,,,
Tom Brady,QB,NE,5,TB,303,1,40,30,1,5,0,2,0,0,0,0,0,0,0,0,0,0,0,0,0,0,,,,,
Torrey Smith,WR,PHI,5,ARI,0,0,0,0,0,-3,0,1,3,70,1,4,0,0,0,0,0,0,0,0,0,0,,,,,
Travis Benjamin,WR,LAC,5,NYG,0,0,0,0,0,14,0,1,2,18,0,3,0,0,0,0,0,0,0,0,0,0,,,,,
Travis Kelce,TE,KC,5,HOU,0,0,0,0,0,0,0,0,8,98,0,11,0,0,0,0,0,0,0,0,0,0,,,,,
Tre McBride,WR,CHI,5,MIN,0,0,0,0,0,0,0,0,1,18,0,1,0,0,0,0,0,0,0,0,0,0,,,,,
Trent Taylor,WR,SF,5,IND,0,0,0,0,0,0,0,0,1,6,0,2,0,0,0,0,0,0,0,0,0,0,,,,,
Trey Burton,TE,PHI,5,ARI,0,0,0,0,0,0,0,0,2,16,1,2,0,0,0,0,0,0,0,0,0,0,,,,,
Tyler Boyd,WR,CIN,5,BUF,0,0,0,0,0,0,0,0,2,6,0,2,0,0,0,0,0,0,0,0,0,0,,,,,
Tyler Higbee,TE,LA,5,SEA,0,0,0,0,0,0,0,0,4,98,0,8,0,0,0,0,0,0,0,0,0,0,,,,,
Tyler Kroft,TE,CIN,5,BUF,0,0,0,0,0,0,0,0,4,38,0,5,0,0,0,0,0,0,0,0,0,0,,,,,
Tyler Lockett,WR,SEA,5,LA,0,0,0,0,0,7,0,1,3,26,0,4,0,0,0,0,0,0,0,0,0,0,,,,,
Tyreek Hill,WR,KC,5,HOU,0,0,0,0,0,0,0,0,4,68,0,6,1,0,0,0,0,0,0,0,0,0,,,,,
Tyrell Williams,WR,LAC,5,NYG,0,0,0,0,0,0,0,0,1,22,0,2,0,0,0,0,0,0,0,0,0,0,,,,,
Tyrod Taylor,QB,BUF,5,CIN,166,1,37,20,1,3,0,1,0,0,0,0,0,0,0,0,0,0,0,0,0,0,,,,,
Vance McDonald,TE,PIT,5,JAX,0,0,0,0,0,0,0,0,0,0,0,2,0,0,0,0,0,0,0,0,0,0,,,,,
Victor Bolden,WR,SF,5,IND,0,0,0,0,0,0,0,0,0,0,0,0,0,0,0,0,0,0,0,0,0,0,,,,,
Vince Mayle,TE,BAL,5,LV,0,0,0,0,0,2,1,1,0,0,0,0,0,0,0,0,0,0,0,0,0,0,,,,,
Wayne Gallman,RB,NYG,5,LAC,0,0,0,0,0,57,0,11,5,25,0,5,0,0,0,0,0,0,0,0,0,0,,,,,
Will Fuller,WR,HOU,5,KC,0,0,0,0,0,5,0,1,2,57,2,3,0,0,0,0,0,0,0,0,0,0,,,,,
Zach Ertz,TE,PHI,5,ARI,0,0,0,0,0,0,0,0,6,61,1,12,0,0,0,0,0,0,0,0,0,0,,,,,
Zach Miller,TE,CHI,5,MIN,0,0,0,0,0,0,0,0,3,39,1,7,0,0,0,0,0,0,0,0,0,0,,,,,
Zach Zenner,RB,DET,5,CAR,0,0,0,0,0,11,1,3,0,0,0,0,0,0,0,0,0,0,0,0,0,0,,,,,
Zane Gonzalez,K,CLE,5,NYJ,0,0,0,0,0,0,0,0,0,0,0,0,0,0,0,0,0,0,0,0,0,2,,,,,
Zay Jones,WR,BUF,5,CIN,0,0,0,0,0,0,0,0,1,9,0,6,0,0,0,0,0,0,0,0,0,0,,,,,
A.J. Derby,TE,DEN,6,NYG,0,0,0,0,0,0,0,0,1,10,0,4,0,0,0,0,0,0,0,0,0,0,,,,,
ARI,DEF,ARI,6,TB,,,,,,,,,,,,,,,,,,,,,,,0,0,0,0,33.0
ATL,DEF,ATL,6,MIA,,,,,,,,,,,,,,,,,,,,,,,0,0,0,0,20.0
Aaron Jones,RB,GB,6,MIN,0,0,0,0,0,41,0,13,1,1,0,4,0,0,0,0,0,0,0,0,0,0,,,,,
Aaron Rodgers,QB,GB,6,MIN,18,0,4,2,0,0,0,0,0,0,0,0,0,0,0,0,0,0,0,0,0,0,,,,,
Adam Humphries,WR,TB,6,ARI,0,0,0,0,0,0,0,0,6,51,0,7,0,0,0,0,0,0,0,0,0,0,,,,,
Adam Thielen,WR,MIN,6,GB,0,0,0,0,0,0,0,0,9,96,0,13,0,0,0,0,0,0,0,0,0,0,,,,,
Adam Vinatieri,K,IND,6,TEN,0,0,0,0,0,0,0,0,0,0,0,0,0,0,0,0,1,1,0,1,0,1,,,,,
Adrian Peterson,RB,ARI,6,TB,0,0,0,0,0,134,2,26,0,0,0,0,0,0,0,0,0,0,0,0,0,0,,,,,
Akeem Hunt,RB,KC,6,PIT,0,0,0,0,0,3,0,1,0,0,0,0,0,0,0,0,0,0,0,0,0,0,,,,,
Aldrick Robinson,WR,SF,6,WAS,0,0,0,0,0,0,0,0,2,66,1,5,0,0,0,0,0,0,0,0,0,0,,,,,
Aldrick Rosas,K,NYG,6,DEN,0,0,0,0,0,0,0,0,0,0,0,0,0,0,0,0,1,0,1,1,0,2,,,,,
Alex Collins,RB,BAL,6,CHI,0,0,0,0,0,74,0,15,0,0,0,0,0,0,0,0,0,0,0,0,0,0,,,,,
Alex Smith,QB,KC,6,PIT,246,1,34,19,0,13,0,4,0,0,0,0,0,0,0,0,0,0,0,0,0,0,,,,,
Alfred Blue,RB,HOU,6,CLE,0,0,0,0,0,0,0,0,0,0,0,0,0,0,0,0,0,0,0,0,0,0,,,,,
Allen Hurns,WR,JAX,6,LA,0,0,0,0,0,0,0,0,3,37,0,3,0,0,0,0,0,0,0,0,0,0,,,,,
Alshon Jeffery,WR,PHI,6,CAR,0,0,0,0,0,0,0,0,4,71,0,10,0,0,0,0,0,0,0,0,0,0,,,,,
Alvin Kamara,RB,NO,6,DET,0,0,0,0,0,75,0,10,3,12,0,3,0,0,0,0,0,0,0,0,0,0,,,,,
Amari Cooper,WR,LV,6,LAC,0,0,0,0,0,0,0,0,5,28,0,6,0,0,0,0,0,0,0,0,0,0,,,,,
Ameer Abdullah,RB,DET,6,NO,0,0,0,0,0,54,0,14,0,0,0,2,0,0,0,0,0,0,0,0,0,0,,,,,
Andre Ellington,RB,ARI,6,TB,0,0,0,0,0,0,0,0,0,0,0,1,0,0,0,0,0,0,0,0,0,0,,,,,
Andre Roberts,WR,ATL,6,MIA,0,0,0,0,0,0,0,0,0,0,0,0,0,0,0,0,0,0,0,0,0,0,,,,,
Antonio Brown,WR,PIT,6,KC,0,0,0,0,0,0,0,0,8,155,1,10,0,0,0,0,0,0,0,0,0,0,,,,,
Antonio Gates,TE,LAC,6,LV,0,0,0,0,0,0,0,0,1,16,0,1,0,0,0,0,0,0,0,0,0,0,,,,,
ArDarius Stewart,WR,NYJ,6,NE,0,0,0,0,0,6,0,1,1,2,0,2,0,0,0,0,0,0,0,0,0,0,,,,,
Arrelious Benn,WR,JAX,6,LA,0,0,0,0,0,0,0,0,0,0,0,0,0,0,0,0,0,0,0,0,0,0,,,,,
Austin Ekeler,RB,LAC,6,LV,0,0,0,0,0,1,0,1,1,8,0,2,0,0,0,0,0,0,0,0,0,0,,,,,
Austin Hooper,TE,ATL,6,MIA,0,0,0,0,0,0,0,0,7,48,0,9,0,0,0,0,0,0,0,0,0,0,,,,,
Austin Seferian-Jenkins,TE,NYJ,6,NE,0,0,0,0,0,0,0,0,8,46,1,11,0,0,0,0,0,0,0,0,0,0,,,,,
BAL,DEF,BAL,6,CHI,,,,,,,,,,,,,,,,,,,,,,,0,0,0,0,27.0
Ben Koyack,TE,JAX,6,LA,0,0,0,0,0,0,0,0,1,21,0,1,0,0,0,0,0,0,0,0,0,0,,,,,
Ben Roethlisberger,QB,PIT,6,KC,252,1,25,17,1,-2,0,2,0,0,0,0,0,0,0,0,0,0,0,0,0,0,,,,,
Benjamin Watson,TE,BAL,6,CHI,0,0,0,0,0,0,0,0,6,28,0,8,0,0,0,0,0,0,0,0,0,0,,,,,
Bennie Fowler,WR,DEN,6,NYG,0,0,0,0,0,0,0,0,3,21,0,8,0,0,0,0,0,0,0,0,0,0,,,,,
Benny Cunningham,RB,CHI,6,BAL,0,0,0,0,0,0,0,0,0,0,0,0,0,0,0,0,0,0,0,0,0,0,,,,,
Bernard Reedy,WR,TB,6,ARI,0,0,0,0,0,4,0,1,0,0,0,0,0,0,0,0,0,0,0,0,0,0,,,,,
Blake Bortles,QB,JAX,6,LA,241,1,35,23,1,19,0,2,0,0,0,0,0,0,0,0,0,0,0,0,0,0,,,,,
Bobby Rainey,RB,BAL,6,CHI,0,0,0,0,0,0,0,0,2,11,0,2,1,0,0,0,0,0,0,0,0,0,,,,,
Brandin Cooks,WR,NE,6,NYJ,0,0,0,0,0,0,0,0,6,93,0,9,0,0,0,0,0,0,0,0,0,0,,,,,
Brandon Bolden,RB,NE,6,NYJ,0,0,0,0,0,0,0,0,0,0,0,0,0,0,0,0,0,0,0,0,0,0,,,,,
Brandon Coleman,WR,NO,6,DET,0,0,0,0,0,0,0,0,2,23,0,4,0,0,0,0,0,0,0,0,0,0,,,,,
Brandon McManus,K,DEN,6,NYG,0,0,0,0,0,0,0,0,0,0,0,0,0,0,0,0,1,0,0,0,0,1,,,,,
Braxton Miller,WR,HOU,6,CLE,0,0,0,0,0,0,0,0,2,-5,1,2,0,0,0,0,0,0,0,0,0,0,,,,,
Brendan Langley,WR,DEN,6,NYG,0,0,0,0,0,0,0,0,0,0,0,0,0,0,0,0,0,0,0,0,0,0,,,,,
Breshad Perriman,WR,BAL,6,CHI,0,0,0,0,0,0,0,0,0,0,0,2,0,0,0,0,0,0,0,0,0,0,,,,,
Brett Hundley,QB,GB,6,MIN,157,1,33,18,3,3,0,1,0,0,0,0,0,0,0,0,0,0,0,0,0,0,,,,,
Brian Hoyer,QB,SF,6,WAS,34,0,11,4,0,0,0,0,0,0,0,0,0,0,0,0,0,0,0,0,0,0,,,,,
Brock Osweiler,QB,DEN,6,NYG,18,0,4,2,0,-1,0,1,0,0,0,0,0,0,0,0,0,0,0,0,0,0,,,,,
Bronson Kaufusi,TE,BAL,6,CHI,0,0,0,0,0,0,0,0,0,0,0,0,0,0,0,0,0,0,0,0,0,0,,,,,
Bruce Ellington,WR,HOU,6,CLE,0,0,0,0,0,0,0,0,2,22,0,3,0,0,0,0,0,0,0,0,0,0,,,,,
Bryce Treggs,WR,CLE,6,HOU,0,0,0,0,0,0,0,0,1,20,0,3,0,0,0,0,0,0,0,0,0,0,,,,,
C.J. Anderson,RB,DEN,6,NYG,0,0,0,0,0,17,0,9,0,0,0,0,0,0,0,0,0,0,0,0,0,0,,,,,
C.J. Beathard,QB,SF,6,WAS,245,1,36,19,1,14,0,1,0,0,0,0,0,0,0,0,0,0,0,0,0,0,,,,,
CAR,DEF,CAR,6,PHI,,,,,,,,,,,,,,,,,,,,,,,0,0,0,0,28.0
CHI,DEF,CHI,6,BAL,,,,,,,,,,,,,,,,,,,,,,,1,0,0,0,24.0
CLE,DEF,CLE,6,HOU,,,,,,,,,,,,,,,,,,,,,,,1,0,0,0,33.0
Cam Newton,QB,CAR,6,PHI,239,1,52,28,3,71,1,11,0,0,0,0,0,0,0,0,0,0,0,0,0,0,,,,,
Cameron Brate,TE,TB,6,ARI,0,0,0,0,0,0,0,0,6,76,1,8,0,0,0,0,0,0,0,0,0,0,,,,,
Carlos Hyde,RB,SF,6,WAS,0,0,0,0,0,28,2,13,5,47,0,6,0,0,0,0,0,0,0,0,0,0,,,,,
Carson Palmer,QB,ARI,6,TB,283,3,22,18,1,-4,0,5,0,0,0,0,0,0,0,0,0,0,0,0,0,0,,,,,
Carson Wentz,QB,PHI,6,CAR,222,3,30,16,0,25,0,6,0,0,0,0,0,0,0,0,0,0,0,0,0,0,,,,,
Case Keenum,QB,MIN,6,GB,239,1,38,24,1,15,0,2,0,0,0,0,0,0,0,0,0,0,0,0,0,0,,,,,
Chandler Catanzaro,K,NYJ,6,NE,0,0,0,0,0,0,0,0,0,0,0,0,0,0,0,0,1,0,0,0,0,2,,,,,
Charcandrick West,RB,KC,6,PIT,0,0,0,0,0,0,0,0,1,9,0,1,0,0,0,0,0,0,0,0,0,0,,,,,
Charles Sims,RB,TB,6,ARI,0,0,0,0,0,0,0,0,4,45,0,5,0,0,0,0,0,0,0,0,0,0,,,,,
Chris Boswell,K,PIT,6,KC,0,0,0,0,0,0,0,0,0,0,0,0,0,0,0,0,1,0,0,0,0,2,,,,,
Chris Godwin Jr.,WR,TB,6,ARI,0,0,0,0,0,0,0,0,1,9,0,1,0,0,0,0,0,0,0,0,0,0,,,,,
Chris Hogan,WR,NE,6,NYJ,0,0,0,0,0,0,0,0,1,19,0,4,0,0,0,0,0,0,0,0,0,0,,,,,
Chris Ivory,RB,JAX,6,LA,0,0,0,0,0,3,0,2,9,74,1,10,0,0,0,0,0,0,0,0,0,0,,,,,
Chris Matthews,WR,BAL,6,CHI,0,0,0,0,0,0,0,0,1,5,0,3,0,0,0,0,0,0,0,0,0,0,,,,,
Chris Moore,WR,BAL,6,CHI,0,0,0,0,0,0,0,0,3,44,0,7,0,0,0,0,0,0,0,0,0,0,,,,,
Chris Thompson,RB,WAS,6,SF,0,0,0,0,0,33,0,16,4,105,0,5,0,0,0,0,0,0,0,0,0,0,,,,,
Chris Thompson,WR,HOU,6,CLE,0,0,0,0,0,0,0,0,0,0,0,0,0,0,0,0,0,0,0,0,0,0,,,,,
Christian McCaffrey,RB,CAR,6,PHI,0,0,0,0,0,8,0,4,10,56,1,14,0,0,0,0,0,0,0,0,0,0,,,,,
Coby Fleener,TE,NO,6,DET,0,0,0,0,0,0,0,0,0,0,0,1,0,0,0,0,0,0,0,0,0,0,,,,,
Cody Parkey,K,MIA,6,ATL,0,0,0,0,0,0,0,0,0,0,0,0,0,0,0,0,0,1,1,0,0,2,,,,,
Connor Barth,K,CHI,6,BAL,0,0,0,0,0,0,0,0,0,0,0,0,0,0,0,0,1,0,1,0,0,3,,,,,
Cooper Kupp,WR,LA,6,JAX,0,0,0,0,0,0,0,0,2,35,0,3,0,0,0,0,0,0,0,0,0,0,,,,,
Cordarrelle Patterson,RB,LV,6,LAC,0,0,0,0,0,55,1,3,1,5,0,1,0,0,0,0,0,0,0,0,0,0,,,,,
Corey Clement,RB,PHI,6,CAR,0,0,0,0,0,2,0,2,0,0,0,0,0,0,0,0,0,0,0,0,0,0,,,,,
Curtis Samuel,WR,CAR,6,PHI,0,0,0,0,0,8,0,1,0,0,0,0,0,0,0,0,0,0,0,0,0,0,,,,,
D'Onta Foreman,RB,HOU,6,CLE,0,0,0,0,0,59,0,12,0,0,0,0,0,0,0,0,0,0,0,0,0,0,,,,,
DEN,DEF,DEN,6,NYG,,,,,,,,,,,,,,,,,,,,,,,0,0,0,0,23.0
DET,DEF,DET,6,NO,,,,,,,,,,,,,,,,,,,,,,,1,0,0,0,52.0
Damien Williams,RB,MIA,6,ATL,0,0,0,0,0,9,0,4,3,14,0,3,0,0,0,0,0,0,0,0,0,0,,,,,
Danny Amendola,WR,NE,6,NYJ,0,0,0,0,0,0,0,0,3,40,0,5,0,0,0,0,0,0,0,0,0,0,,,,,
Danny Vitale,RB,CLE,6,HOU,0,0,0,0,0,0,0,0,1,7,0,1,0,0,0,0,0,0,0,0,0,0,,,,,
Darren Fells,TE,DET,6,NO,0,0,0,0,0,0,0,0,2,26,1,4,0,0,0,0,0,0,0,0,0,0,,,,,
Davante Adams,WR,GB,6,MIN,0,0,0,0,0,0,0,0,5,54,1,10,0,0,0,0,0,0,0,0,0,0,,,,,
David Njoku,TE,CLE,6,HOU,0,0,0,0,0,0,0,0,2,0,0,5,0,0,0,0,0,0,0,0,0,0,,,,,
De'Anthony Thomas,WR,KC,6,PIT,0,0,0,0,0,0,0,0,3,61,1,4,0,0,0,0,0,0,0,0,0,0,,,,,
DeAndre Hopkins,WR,HOU,6,CLE,0,0,0,0,0,0,0,0,2,19,1,4,0,0,0,0,0,0,0,0,0,0,,,,,
DeAndre Washington,RB,LV,6,LAC,0,0,0,0,0,-8,0,3,1,10,0,1,0,0,0,0,0,0,0,0,0,0,,,,,
DeMarco Murray,RB,TEN,6,IND,0,0,0,0,0,40,1,12,4,47,0,4,0,0,0,0,0,0,0,0,0,0,,,,,
DeSean Jackson,WR,TB,6,ARI,0,0,0,0,0,0,0,0,3,38,1,6,0,0,0,0,0,0,0,0,0,0,,,,,
Delanie Walker,TE,TEN,6,IND,0,0,0,0,0,-3,0,1,4,17,0,8,0,0,0,0,0,0,0,0,0,0,,,,,
Demarcus Robinson,WR,KC,6,PIT,0,0,0,0,0,0,0,0,1,16,0,5,0,0,0,0,0,0,0,0,0,0,,,,,
Demaryius Thomas,WR,DEN,6,NYG,0,0,0,0,0,0,0,0,10,133,0,14,0,0,0,0,0,0,0,0,0,0,,,,,
Demetrius Harris,TE,KC,6,PIT,0,0,0,0,0,0,0,0,0,0,0,2,0,0,0,0,0,0,0,0,0,0,,,,,
Derek Carr,QB,LV,6,LAC,171,1,30,21,2,0,0,1,0,0,0,0,0,0,0,0,0,0,0,0,0,0,,,,,
Derrick Henry,RB,TEN,6,IND,0,0,0,0,0,131,1,19,1,14,0,1,0,0,0,0,0,0,0,0,0,0,,,,,
Deshaun Watson,QB,HOU,6,CLE,225,3,29,17,1,23,0,6,0,0,0,0,0,0,1,0,0,0,0,0,0,0,,,,,
Devin Funchess,WR,CAR,6,PHI,0,0,0,0,0,0,0,0,3,36,0,9,0,0,0,0,0,0,0,0,0,0,,,,,
Devonta Freeman,RB,ATL,6,MIA,0,0,0,0,0,68,0,9,2,11,0,4,0,0,0,0,0,0,0,0,0,0,,,,,
Devontae Booker,RB,DEN,6,NYG,0,0,0,0,0,2,0,1,4,78,0,6,0,0,0,0,0,0,0,0,0,0,,,,,
Dion Lewis,RB,NE,6,NYJ,0,0,0,0,0,52,1,11,0,0,0,0,0,0,0,0,0,0,0,0,0,0,,,,,
Dion Sims,TE,CHI,6,BAL,0,0,0,0,0,0,0,0,2,42,1,4,0,0,0,0,0,0,0,0,0,0,,,,,
Donte Moncrief,WR,IND,6,TEN,0,0,0,0,0,0,0,0,5,67,0,7,0,0,0,0,0,0,0,0,0,0,,,,,
Doug Martin,RB,TB,6,ARI,0,0,0,0,0,53,1,14,1,11,0,2,0,0,1,0,0,0,0,0,0,0,,,,,
Drew Brees,QB,NO,6,DET,186,2,30,20,2,1,0,1,0,0,0,0,0,0,0,0,0,0,0,0,0,0,,,,,
Duke Johnson,RB,CLE,6,HOU,0,0,0,0,0,40,0,5,3,-1,0,5,0,0,0,0,0,0,0,0,0,0,,,,,
Dustin Hopkins,K,WAS,6,SF,0,0,0,0,0,0,0,0,0,0,0,0,0,0,0,0,1,0,1,0,0,2,,,,,
Ed Dickson,TE,CAR,6,PHI,0,0,0,0,0,0,0,0,4,36,0,8,0,0,0,0,0,0,0,0,0,0,,,,,
Ed Eagan,WR,NYG,6,DEN,0,0,0,0,0,0,0,0,0,0,0,0,0,0,0,0,0,0,0,0,0,0,,,,,
Eli Manning,QB,NYG,6,DEN,128,1,19,11,0,0,0,1,0,0,0,0,0,0,0,0,0,0,0,0,0,0,,,,,
Elijah McGuire,RB,NYJ,6,NE,0,0,0,0,0,22,0,10,0,0,0,0,0,0,0,0,0,0,0,0,0,0,,,,,
Emmanuel Sanders,WR,DEN,6,NYG,0,0,0,0,0,0,0,0,5,76,0,8,0,0,0,0,0,0,0,0,0,0,,,,,
Eric Decker,WR,TEN,6,IND,0,0,0,0,0,0,0,0,7,88,0,9,0,0,0,0,0,0,0,0,0,0,,,,,
Eric Ebron,TE,DET,6,NO,0,0,0,0,0,0,0,0,1,9,0,3,0,0,0,0,0,0,0,0,0,0,,,,,
Eric Tomlinson,TE,NYJ,6,NE,0,0,0,0,0,0,0,0,0,0,0,1,0,0,0,0,0,0,0,0,0,0,,,,,
Eric Weems,WR,TEN,6,IND,0,0,0,0,0,0,0,0,0,0,0,0,0,0,0,0,0,0,0,0,0,0,,,,,
Evan Engram,TE,NYG,6,DEN,0,0,0,0,0,0,0,0,5,82,1,7,0,0,0,0,0,0,0,0,0,0,,,,,
Fozzy Whittaker,RB,CAR,6,PHI,0,0,0,0,0,-3,0,1,0,0,0,0,0,0,0,0,0,0,0,0,0,0,,,,,
Frank Gore,RB,IND,6,TEN,0,0,0,0,0,49,0,10,2,18,0,3,0,0,0,0,0,0,0,0,0,0,,,,,
GB,DEF,GB,6,MIN,,,,,,,,,,,,,,,,,,,,,,,0,0,0,0,23.0
Garrett Celek,TE,SF,6,WAS,0,0,0,0,0,0,0,0,1,13,0,2,0,0,0,0,0,0,0,0,0,0,,,,,
George Kittle,TE,SF,6,WAS,0,0,0,0,0,0,0,0,4,46,0,8,0,0,0,0,0,0,0,0,0,0,,,,,
Gerald Everett,TE,LA,6,JAX,0,0,0,0,0,0,0,0,1,4,1,3,0,0,0,0,0,0,0,0,0,0,,,,,
Geronimo Allison,WR,GB,6,MIN,0,0,0,0,0,0,0,0,1,7,0,2,0,0,0,0,0,0,0,0,0,0,,,,,
Giorgio Tavecchio,K,LV,6,LAC,0,0,0,0,0,0,0,0,0,0,0,0,0,0,0,0,0,0,1,0,0,1,,,,,
Golden Tate,WR,DET,6,NO,0,0,0,0,0,0,0,0,7,96,1,7,0,0,0,0,0,0,0,0,0,0,,,,,
Graham Gano,K,CAR,6,PHI,0,0,0,0,0,0,0,0,0,0,0,0,0,0,0,0,1,1,1,0,0,2,,,,,
Greg Zuerlein,K,LA,6,JAX,0,0,0,0,0,0,0,0,0,0,0,0,0,0,0,0,1,0,0,1,0,3,,,,,
HOU,DEF,HOU,6,CLE,,,,,,,,,,,,,,,,,,,,,,,1,1,0,0,17.0
Harrison Butker,K,KC,6,PIT,0,0,0,0,0,0,0,0,0,0,0,0,0,0,0,0,0,1,1,0,0,1,,,,,
Hunter Henry,TE,LAC,6,LV,0,0,0,0,0,0,0,0,5,90,0,7,0,0,0,0,0,0,0,0,0,0,,,,,
IND,DEF,IND,6,TEN,,,,,,,,,,,,,,,,,,,,,,,1,0,0,0,36.0
Isaiah Crowell,RB,CLE,6,HOU,0,0,0,0,0,58,0,12,2,15,0,2,0,0,0,0,0,0,0,0,0,0,,,,,
Isaiah McKenzie,WR,DEN,6,NYG,0,0,0,0,0,0,0,0,1,0,0,2,0,0,0,0,0,0,0,0,0,0,,,,,
J.J. Nelson,WR,ARI,6,TB,0,0,0,0,0,16,0,1,0,0,0,1,0,0,0,0,0,0,0,0,0,0,,,,,
JAX,DEF,JAX,6,LA,,,,,,,,,,,,,,,,,,,,,,,0,0,0,0,27.0
Jack Doyle,TE,IND,6,TEN,0,0,0,0,0,0,0,0,7,50,1,11,0,0,0,0,0,0,0,0,0,0,,,,,
Jacoby Brissett,QB,IND,6,TEN,212,1,37,21,0,15,0,4,0,0,0,0,0,0,0,0,0,0,0,0,0,0,,,,,
Jacquizz Rodgers,RB,TB,6,ARI,0,0,0,0,0,1,0,3,1,6,0,1,0,0,0,0,0,0,0,0,0,0,,,,,
Jake Elliott,K,PHI,6,CAR,0,0,0,0,0,0,0,0,0,0,0,0,0,0,0,0,0,0,1,1,0,2,,,,,
Jakeem Grant,WR,MIA,6,ATL,0,0,0,0,0,0,0,0,1,4,0,1,0,0,0,0,0,0,0,0,0,0,,,,,
Jalen Richard,RB,LV,6,LAC,0,0,0,0,0,-1,0,2,3,27,0,4,0,0,0,0,0,0,0,0,0,0,,,,,
Jamaal Charles,RB,DEN,6,NYG,0,0,0,0,0,19,0,5,1,2,0,3,0,0,0,0,0,0,0,0,0,0,,,,,
Jamal Agnew,WR,DET,6,NO,0,0,0,0,0,0,0,0,0,0,0,0,1,0,0,0,0,0,0,0,0,0,,,,,
Jameis Winston,QB,TB,6,ARI,61,0,10,5,0,0,0,0,0,0,0,0,0,0,0,0,0,0,0,0,0,0,,,,,
James Conner,RB,PIT,6,KC,0,0,0,0,0,14,0,2,0,0,0,0,0,0,0,0,0,0,0,0,0,0,,,,,
James O'Shaughnessy,TE,JAX,6,LA,0,0,0,0,0,0,0,0,2,11,0,3,0,0,0,0,0,0,0,0,0,0,,,,,
James White,RB,NE,6,NYJ,0,0,0,0,0,23,0,3,4,22,0,7,0,0,0,0,0,0,0,0,0,0,,,,,
Jamison Crowder,WR,WAS,6,SF,0,0,0,0,0,11,0,1,3,15,0,5,0,0,0,0,0,0,0,0,0,0,,,,,
Jared Abbrederis,WR,DET,6,NO,0,0,0,0,0,0,0,0,1,7,0,4,0,0,0,0,0,0,0,0,0,0,,,,,
Jared Cook,TE,LV,6,LAC,0,0,0,0,0,0,0,0,2,14,0,3,0,0,0,0,0,0,0,0,0,0,,,,,
Jared Goff,QB,LA,6,JAX,124,1,21,11,0,9,0,4,0,0,0,0,0,0,0,0,0,0,0,0,0,0,,,,,
Jaron Brown,WR,ARI,6,TB,0,0,0,0,0,0,0,0,1,30,0,1,0,0,0,0,0,0,0,0,0,0,,,,,
Jarvis Landry,WR,MIA,6,ATL,0,0,0,0,0,0,0,0,8,62,1,14,0,0,0,0,0,0,0,0,0,0,,,,,
Jason Myers,K,JAX,6,LA,0,0,0,0,0,0,0,0,0,0,0,0,0,0,0,0,0,0,1,0,0,2,,,,,
Javorius Allen,RB,BAL,6,CHI,0,0,0,0,0,49,0,10,3,17,0,4,0,0,0,0,0,0,0,0,0,0,,,,,
Jay Ajayi,RB,MIA,6,ATL,0,0,0,0,0,130,0,26,0,0,0,3,0,0,0,0,0,0,0,0,0,0,,,,,
Jay Cutler,QB,MIA,6,ATL,151,2,33,19,1,-1,0,1,0,0,0,0,0,0,0,0,0,0,0,0,0,0,,,,,
Jeff Heuerman,TE,DEN,6,NYG,0,0,0,0,0,0,0,0,2,24,1,2,0,0,0,0,0,0,0,0,0,0,,,,,
Jeff Janis,WR,GB,6,MIN,0,0,0,0,0,0,0,0,0,0,0,0,0,0,0,0,0,0,0,0,0,0,,,,,
Jehu Chesson,WR,KC,6,PIT,0,0,0,0,0,0,0,0,0,0,0,0,0,0,0,0,0,0,0,0,0,0,,,,,
Jerell Adams,TE,NYG,6,DEN,0,0,0,0,0,0,0,0,1,6,0,1,0,0,0,0,0,0,0,0,0,0,,,,,
Jeremy Kerley,WR,NYJ,6,NE,0,0,0,0,0,0,0,0,2,61,1,3,0,0,0,0,0,0,0,0,0,0,,,,,
Jerick McKinnon,RB,MIN,6,GB,0,0,0,0,0,69,1,15,5,30,1,6,0,0,0,0,0,0,0,0,0,0,,,,,
Jermaine Gresham,TE,ARI,6,TB,0,0,0,0,0,0,0,0,2,32,0,2,0,0,0,0,0,0,0,0,0,0,,,,,
Jermaine Kearse,WR,NYJ,6,NE,0,0,0,0,0,0,0,0,4,79,0,4,0,0,0,0,0,0,0,0,0,0,,,,,
Joe Flacco,QB,BAL,6,CHI,180,0,41,24,2,2,0,1,0,0,0,0,0,0,1,0,0,0,0,0,0,0,,,,,
John Brown,WR,ARI,6,TB,0,0,0,0,0,0,0,0,3,63,1,4,0,0,0,0,0,0,0,0,0,0,,,,,
Johnny Holton,WR,LV,6,LAC,0,0,0,0,0,0,0,0,0,0,0,0,0,0,0,0,0,0,0,0,0,0,,,,,
Jonathan Stewart,RB,CAR,6,PHI,0,0,0,0,0,-4,0,8,0,0,0,2,0,0,0,0,0,0,0,0,0,0,,,,,
Jonnu Smith,TE,TEN,6,IND,0,0,0,0,0,0,0,0,1,10,0,1,0,0,0,0,0,0,0,0,0,0,,,,,
Jordan Howard,RB,CHI,6,BAL,0,0,0,0,0,167,0,36,1,9,0,1,0,0,0,0,0,0,0,0,0,0,,,,,
Jordan Reed,TE,WAS,6,SF,0,0,0,0,0,0,0,0,4,37,0,5,0,0,0,0,0,0,0,0,0,0,,,,,
Jordan Taylor,WR,DEN,6,NYG,0,0,0,0,0,0,0,0,3,26,0,4,0,0,0,0,0,0,0,0,0,0,,,,,
Jordy Nelson,WR,GB,6,MIN,0,0,0,0,0,0,0,0,6,60,0,10,0,0,0,0,0,0,0,0,0,0,,,,,
Josh Bellamy,WR,CHI,6,BAL,0,0,0,0,0,0,0,0,0,0,0,0,0,0,0,0,0,0,0,0,0,0,,,,,
Josh Doctson,WR,WAS,6,SF,0,0,0,0,0,0,0,0,1,11,1,3,0,0,0,0,0,0,0,0,0,0,,,,,
Josh Hill,TE,NO,6,DET,0,0,0,0,0,0,0,0,0,0,0,0,0,0,0,0,0,0,0,0,0,0,,,,,
Josh McCown,QB,NYJ,6,NE,354,2,47,31,2,21,0,3,0,0,0,0,0,0,0,0,0,0,0,0,0,0,,,,,
JuJu Smith-Schuster,WR,PIT,6,KC,0,0,0,0,0,0,0,0,3,32,0,3,0,0,0,0,0,0,0,0,0,0,,,,,
Julio Jones,WR,ATL,6,MIA,0,0,0,0,0,0,0,0,6,72,0,7,0,0,0,0,0,0,0,0,0,0,,,,,
Julius Thomas,TE,MIA,6,ATL,0,0,0,0,0,0,0,0,3,22,0,5,0,0,0,0,0,0,0,0,0,0,,,,,
Justin Hardy,WR,ATL,6,MIA,0,0,0,0,0,0,0,0,3,34,0,3,0,0,0,0,0,0,0,0,0,0,,,,,
Justin Tucker,K,BAL,6,CHI,0,0,0,0,0,0,0,0,0,0,0,0,0,0,0,0,1,1,0,1,0,1,,,,,
KC,DEF,KC,6,PIT,,,,,,,,,,,,,,,,,,,,,,,0,0,0,0,19.0
Ka'imi Fairbairn,K,HOU,6,CLE,0,0,0,0,0,0,0,0,0,0,0,0,0,0,0,0,0,0,1,0,0,2,,,,,
Kai Forbath,K,MIN,6,GB,0,0,0,0,0,0,0,0,0,0,0,0,0,0,0,0,0,2,0,1,0,2,,,,,
Kamar Aiken,WR,IND,6,TEN,0,0,0,0,0,0,0,0,2,21,0,4,0,0,0,0,0,0,0,0,0,0,,,,,
Kareem Hunt,RB,KC,6,PIT,0,0,0,0,0,21,0,9,5,89,0,6,0,0,0,0,0,0,0,0,0,0,,,,,
Kasen Williams,WR,CLE,6,HOU,0,0,0,0,0,0,0,0,4,41,0,6,0,0,0,0,0,0,0,0,0,0,,,,,
Keelan Cole,WR,JAX,6,LA,0,0,0,0,0,0,0,0,1,7,0,2,0,0,0,0,0,0,0,0,0,0,,,,,
Keenan Allen,WR,LAC,6,LV,0,0,0,0,0,0,0,0,5,45,0,9,0,0,0,0,0,0,0,0,0,0,,,,,
Kelvin Benjamin,WR,CAR,6,PHI,0,0,0,0,0,0,0,0,9,99,0,13,0,0,0,0,0,0,0,0,0,0,,,,,
Kendall Wright,WR,CHI,6,BAL,0,0,0,0,0,0,0,0,2,36,0,3,0,0,0,0,0,0,0,0,0,0,,,,,
Kenjon Barner,RB,PHI,6,CAR,0,0,0,0,0,7,0,5,1,9,0,2,0,0,0,0,0,0,0,0,0,0,,,,,
Kenny Stills,WR,MIA,6,ATL,0,0,0,0,0,0,0,0,4,49,1,4,0,0,0,0,0,0,0,0,0,0,,,,,
Kenyan Drake,RB,MIA,6,ATL,0,0,0,0,0,0,0,0,0,0,0,0,0,0,0,0,0,0,0,0,0,0,,,,,
Kerwynn Williams,RB,ARI,6,TB,0,0,0,0,0,14,0,3,0,0,0,0,0,0,0,0,0,0,0,0,0,0,,,,,
Kevin Hogan,QB,CLE,6,HOU,140,1,37,20,3,36,0,5,0,0,0,0,0,0,0,0,0,0,0,0,0,0,,,,,
Kirk Cousins,QB,WAS,6,SF,330,2,37,25,1,26,1,4,0,0,0,0,0,0,0,0,0,0,0,0,0,0,,,,,
Kyle Rudolph,TE,MIN,6,GB,0,0,0,0,0,0,0,0,5,47,0,9,0,0,0,0,0,0,0,0,0,0,,,,,
LA,DEF,LA,6,JAX,,,,,,,,,,,,,,,,,,,,,,,0,0,0,0,17.0
LAC,DEF,LAC,6,LV,,,,,,,,,,,,,,,,,,,,,,,0,0,0,0,16.0
LV,DEF,LV,6,LAC,,,,,,,,,,,,,,,,,,,,,,,0,0,0,0,0.0
Lamar Miller,RB,HOU,6,CLE,0,0,0,0,0,41,0,15,3,40,0,4,0,0,0,0,0,0,0,0,0,0,,,,,
Lance Kendricks,TE,GB,6,MIN,0,0,0,0,0,0,0,0,0,0,0,0,0,0,0,0,0,0,0,0,0,0,,,,,
Laquon Treadwell,WR,MIN,6,GB,0,0,0,0,0,0,0,0,3,51,0,3,0,0,0,0,0,0,0,0,0,0,,,,,
Larry Fitzgerald,WR,ARI,6,TB,0,0,0,0,0,0,0,0,10,138,1,11,0,0,0,0,0,0,0,0,0,0,,,,,
Latavius Murray,RB,MIN,6,GB,0,0,0,0,0,28,0,15,1,10,0,1,0,0,0,0,0,0,0,0,0,0,,,,,
Le'Veon Bell,RB,PIT,6,KC,0,0,0,0,0,179,1,32,3,12,0,6,0,0,0,0,0,0,0,0,0,0,,,,,
LeGarrette Blount,RB,PHI,6,CAR,0,0,0,0,0,67,0,14,0,0,0,0,0,0,1,0,0,0,0,0,0,0,,,,,
Leonard Fournette,RB,JAX,6,LA,0,0,0,0,0,130,1,21,2,8,0,2,0,0,0,0,0,0,0,0,0,0,,,,,
Leonte Carroo,WR,MIA,6,ATL,0,0,0,0,0,0,0,0,0,0,0,3,0,0,0,0,0,0,0,0,0,0,,,,,
Luke Stocker,TE,TB,6,ARI,0,0,0,0,0,0,0,0,1,5,0,1,0,0,0,0,0,0,0,0,0,0,,,,,
MIA,DEF,MIA,6,ATL,,,,,,,,,,,,,,,,,,,,,,,0,0,0,0,17.0
MIN,DEF,MIN,6,GB,,,,,,,,,,,,,,,,,,,,,,,0,0,0,0,10.0
Mack Brown,RB,WAS,6,SF,0,0,0,0,0,2,0,2,1,11,0,1,0,0,0,0,0,0,0,0,0,0,,,,,
Mack Hollins,WR,PHI,6,CAR,0,0,0,0,0,0,0,0,2,38,0,2,0,0,0,0,0,0,0,0,0,0,,,,,
Malcolm Brown,RB,LA,6,JAX,0,0,0,0,0,17,0,3,0,0,0,0,1,0,0,0,0,0,0,0,0,0,,,,,
Marcedes Lewis,TE,JAX,6,LA,0,0,0,0,0,0,0,0,0,0,0,2,0,0,0,0,0,0,0,0,0,0,,,,,
Marcus Johnson,WR,PHI,6,CAR,0,0,0,0,0,0,0,0,1,16,0,1,0,0,0,0,0,0,0,0,0,0,,,,,
Marcus Mariota,QB,TEN,6,IND,306,1,32,23,1,0,0,2,0,0,0,0,0,0,0,0,0,0,0,0,0,0,,,,,
Mark Ingram,RB,NO,6,DET,0,0,0,0,0,114,2,25,5,36,0,5,0,0,0,0,0,0,0,0,0,0,,,,,
Marlon Mack,RB,IND,6,TEN,0,0,0,0,0,18,0,2,0,0,0,2,0,0,0,0,0,0,0,0,0,0,,,,,
Marqise Lee,WR,JAX,6,LA,0,0,0,0,0,17,0,1,5,83,0,10,0,0,0,0,0,0,0,0,0,0,,,,,
Marquise Goodwin,WR,SF,6,WAS,0,0,0,0,0,6,0,1,2,26,0,5,0,0,0,0,0,0,0,0,0,0,,,,,
Marshawn Lynch,RB,LV,6,LAC,0,0,0,0,0,63,0,13,0,0,0,2,0,0,0,0,0,0,0,0,0,0,,,,,
Martavis Bryant,WR,PIT,6,KC,0,0,0,0,0,0,0,0,2,27,0,3,0,0,0,0,0,0,0,0,0,0,,,,,
Martellus Bennett,TE,GB,6,MIN,0,0,0,0,0,0,0,0,2,22,0,4,0,0,0,0,0,0,0,0,0,0,,,,,
Marvin Hall,WR,ATL,6,MIA,0,0,0,0,0,0,0,0,1,40,1,2,0,0,0,0,0,0,0,0,0,0,,,,,
Marvin Jones,WR,DET,6,NO,0,0,0,0,0,0,0,0,6,96,1,14,0,0,0,0,0,0,0,0,0,0,,,,,
Mason Crosby,K,GB,6,MIN,0,0,0,0,0,0,0,0,0,0,0,0,0,0,0,0,1,0,0,0,0,1,,,,,
Matt Breida,RB,SF,6,WAS,0,0,0,0,0,21,0,4,2,15,0,4,0,0,0,0,0,0,0,0,0,0,,,,,
Matt Bryant,K,ATL,6,MIA,0,0,0,0,0,0,0,0,0,0,0,0,0,0,0,0,0,0,0,1,0,2,,,,,
Matt Dayes,RB,CLE,6,HOU,0,0,0,0,0,0,0,0,0,0,0,0,0,0,0,0,0,0,0,0,0,0,,,,,
Matt Forte,RB,NYJ,6,NE,0,0,0,0,0,22,0,9,8,59,0,8,0,0,0,0,0,0,0,0,0,0,,,,,
Matt LaCosse,TE,NYG,6,DEN,0,0,0,0,0,0,0,0,0,0,0,1,0,0,0,0,0,0,0,0,0,0,,,,,
Matt Prater,K,DET,6,NO,0,0,0,0,0,0,0,0,0,0,0,0,0,0,0,0,0,0,1,0,0,5,,,,,
Matt Ryan,QB,ATL,6,MIA,248,1,35,24,1,0,0,0,0,0,0,0,0,0,0,0,0,0,0,0,0,0,,,,,
Matthew Stafford,QB,DET,6,NO,312,3,52,25,3,4,0,2,0,0,0,0,0,0,0,0,0,0,0,0,0,0,,,,,
Max McCaffrey,WR,JAX,6,LA,0,0,0,0,0,0,0,0,0,0,0,0,0,0,0,0,0,0,0,0,0,0,,,,,
Maxx Williams,TE,BAL,6,CHI,0,0,0,0,0,0,0,0,1,6,0,1,0,0,0,0,0,0,0,0,0,0,,,,,
Melvin Gordon,RB,LAC,6,LV,0,0,0,0,0,83,1,25,9,67,1,12,0,0,0,0,0,0,0,0,0,0,,,,,
Michael Campanaro,WR,BAL,6,CHI,0,0,0,0,0,0,0,0,3,24,0,5,1,0,0,0,0,0,0,0,0,0,,,,,
Michael Crabtree,WR,LV,6,LAC,0,0,0,0,0,0,0,0,6,52,1,10,0,0,0,0,0,0,0,0,0,0,,,,,
Michael Floyd,WR,MIN,6,GB,0,0,0,0,0,0,0,0,1,5,0,3,0,0,0,0,0,0,0,0,0,0,,,,,
Michael Hoomanawanui,TE,NO,6,DET,0,0,0,0,0,0,0,0,2,27,1,3,0,0,0,0,0,0,0,0,0,0,,,,,
Michael Thomas,WR,NO,6,DET,0,0,0,0,0,0,0,0,3,11,0,6,0,0,0,0,0,0,0,0,0,0,,,,,
Mike Evans,WR,TB,6,ARI,0,0,0,0,0,0,0,0,3,95,1,8,0,0,0,0,0,0,0,0,0,0,,,,,
Mike Gillislee,RB,NE,6,NYJ,0,0,0,0,0,44,0,10,0,0,0,0,0,0,0,0,0,0,0,0,0,0,,,,,
Mike Wallace,WR,BAL,6,CHI,0,0,0,0,0,0,0,0,3,30,0,5,0,0,0,0,0,0,0,0,0,0,,,,,
Mike Williams,WR,LAC,6,LV,0,0,0,0,0,0,0,0,1,15,0,1,0,0,0,0,0,0,0,0,0,0,,,,,
Mitchell Trubisky,QB,CHI,6,BAL,113,1,16,8,0,32,0,4,0,0,0,0,0,0,0,0,0,0,0,0,0,0,,,,,
NE,DEF,NE,6,NYJ,,,,,,,,,,,,,,,,,,,,,,,0,0,0,0,17.0
NO,DEF,NO,6,DET,,,,,,,,,,,,,,,,,,,,,,,2,0,0,0,38.0
NYG,DEF,NYG,6,DEN,,,,,,,,,,,,,,,,,,,,,,,1,0,0,0,10.0
NYJ,DEF,NYJ,6,NE,,,,,,,,,,,,,,,,,,,,,,,0,0,0,0,24.0
Nelson Agholor,WR,PHI,6,CAR,0,0,0,0,0,0,0,0,4,55,1,7,0,0,0,0,0,0,0,0,0,0,,,,,
Nick Boyle,TE,BAL,6,CHI,0,0,0,0,0,0,0,0,2,15,0,3,0,0,1,0,0,0,0,0,0,0,,,,,
Nick Novak,K,LAC,6,LV,0,0,0,0,0,0,0,0,0,0,0,0,0,0,0,0,0,1,0,0,0,2,,,,,
Niles Paul,TE,WAS,6,SF,0,0,0,0,0,-1,0,1,0,0,0,0,0,0,0,0,0,0,0,0,0,0,,,,,
O.J. Howard,TE,TB,6,ARI,0,0,0,0,0,0,0,0,1,15,0,3,0,0,0,0,0,0,0,0,0,0,,,,,
Orleans Darkwa,RB,NYG,6,DEN,0,0,0,0,0,117,0,21,1,13,0,1,0,0,0,0,0,0,0,0,0,0,,,,,
PHI,DEF,PHI,6,CAR,,,,,,,,,,,,,,,,,,,,,,,0,0,0,0,23.0
PIT,DEF,PIT,6,KC,,,,,,,,,,,,,,,,,,,,,,,0,1,0,0,13.0
Patrick Murray,K,TB,6,ARI,0,0,0,0,0,0,0,0,0,0,0,0,0,0,0,0,0,0,0,0,0,1,,,,,
Patrick Ricard,RB,BAL,6,CHI,0,0,0,0,0,0,0,0,0,0,0,0,0,0,0,0,0,0,0,0,0,0,,,,,
Peyton Barber,RB,TB,6,ARI,0,0,0,0,0,0,0,0,0,0,0,0,0,0,0,0,0,0,0,0,0,0,,,,,
Pharoh Cooper,WR,LA,6,JAX,0,0,0,0,0,0,0,0,0,0,0,0,1,0,0,0,0,0,0,0,0,0,,,,,
Phil Dawson,K,ARI,6,TB,0,0,0,0,0,0,0,0,0,0,0,0,0,0,0,0,1,0,0,0,0,5,,,,,
Philip Rivers,QB,LAC,6,LV,268,1,36,25,0,-4,0,2,0,0,0,0,0,0,0,0,0,0,0,0,0,0,,,,,
Phillip Dorsett,WR,NE,6,NYJ,0,0,0,0,0,0,0,0,0,0,0,3,0,0,0,0,0,0,0,0,0,0,,,,,
Phillip Supernaw,TE,TEN,6,IND,0,0,0,0,0,0,0,0,0,0,0,1,0,0,0,0,0,0,0,0,0,0,,,,,
Pierre Garcon,WR,SF,6,WAS,0,0,0,0,0,0,0,0,5,55,0,12,0,0,0,0,0,0,0,0,0,0,,,,,
Quan Bray,WR,IND,6,TEN,0,0,0,0,0,0,0,0,0,0,0,0,0,0,0,0,0,0,0,0,0,0,,,,,
Raheem Mostert,RB,SF,6,WAS,0,0,0,0,0,16,0,1,0,0,0,0,0,0,0,0,0,0,0,0,0,0,,,,,
Randall Cobb,WR,GB,6,MIN,0,0,0,0,0,0,0,0,3,28,0,3,0,0,0,0,0,0,0,0,0,0,,,,,
Randall Telfer,TE,CLE,6,HOU,0,0,0,0,0,0,0,0,0,0,0,0,0,0,0,0,0,0,0,0,0,0,,,,,
Rashard Higgins,WR,CLE,6,HOU,0,0,0,0,0,0,0,0,1,13,0,2,0,0,0,0,0,0,0,0,0,0,,,,,
Rhett Ellison,TE,NYG,6,DEN,0,0,0,0,0,0,0,0,0,0,0,0,0,0,0,0,0,0,0,0,0,0,,,,,
Ricardo Louis,WR,CLE,6,HOU,0,0,0,0,0,0,0,0,3,25,0,7,0,0,0,0,0,0,0,0,0,0,,,,,
Rishard Matthews,WR,TEN,6,IND,0,0,0,0,0,0,0,0,4,69,0,4,0,0,0,0,0,0,0,0,0,0,,,,,
Rob Gronkowski,TE,NE,6,NYJ,0,0,0,0,0,0,0,0,6,83,2,10,0,0,0,0,0,0,0,0,0,0,,,,,
Robbie Chosen,WR,NYJ,6,NE,0,0,0,0,0,0,0,0,4,76,0,12,0,0,0,0,0,0,0,0,0,0,,,,,
Robbie Gould,K,SF,6,WAS,0,0,0,0,0,0,0,0,0,0,0,0,0,0,0,0,0,0,0,1,0,3,,,,,
Robert Turbin,RB,IND,6,TEN,0,0,0,0,0,3,0,3,4,37,0,5,0,0,0,0,0,0,0,0,0,0,,,,,
Robert Woods,WR,LA,6,JAX,0,0,0,0,0,0,0,0,5,70,0,7,0,0,0,0,0,0,0,0,0,0,,,,,
Roger Lewis,WR,NYG,6,DEN,0,0,0,0,0,0,0,0,1,15,0,2,0,0,0,0,0,0,0,0,0,0,,,,,
Russell Shepard,WR,CAR,6,PHI,0,0,0,0,0,0,0,0,2,12,0,6,0,0,0,0,0,0,0,0,0,0,,,,,
Ryan Fitzpatrick,QB,TB,6,ARI,290,3,32,22,2,12,0,2,0,0,0,0,0,0,0,0,0,0,0,0,0,0,,,,,
Ryan Grant,WR,WAS,6,SF,0,0,0,0,0,0,0,0,3,39,0,5,0,0,0,0,0,0,0,0,0,0,,,,,
Ryan Griffin,TE,HOU,6,CLE,0,0,0,0,0,0,0,0,3,52,0,8,0,0,1,0,0,0,0,0,0,0,,,,,
Ryan Succop,K,TEN,6,IND,0,0,0,0,0,0,0,0,0,0,0,0,0,0,0,0,1,1,3,0,0,3,,,,,
SF,DEF,SF,6,WAS,,,,,,,,,,,,,,,,,,,,,,,0,0,0,0,26.0
Samaje Perine,RB,WAS,6,SF,0,0,0,0,0,23,0,9,3,24,1,3,0,0,0,0,0,0,0,0,0,0,,,,,
Sammie Coates,WR,CLE,6,HOU,0,0,0,0,0,0,0,0,1,11,0,2,0,0,0,0,0,0,0,0,0,0,,,,,
Sammy Watkins,WR,LA,6,JAX,0,0,0,0,0,0,0,0,1,11,0,4,0,0,0,0,0,0,0,0,0,0,,,,,
Senorise Perry,RB,MIA,6,ATL,0,0,0,0,0,0,0,0,0,0,0,0,0,0,0,0,0,0,0,0,0,0,,,,,
Seth DeValve,TE,CLE,6,HOU,0,0,0,0,0,0,0,0,2,9,1,3,0,0,0,0,0,0,0,0,0,0,,,,,
Seth Roberts,WR,LV,6,LAC,0,0,0,0,0,0,0,0,3,35,0,3,0,0,0,0,0,0,0,0,0,0,,,,,
Shane Vereen,RB,NYG,6,DEN,0,0,0,0,0,4,0,1,0,0,0,0,0,0,0,0,0,0,0,0,0,0,,,,,
Stacy Coley,WR,MIN,6,GB,0,0,0,0,0,0,0,0,0,0,0,1,0,0,0,0,0,0,0,0,0,0,,,,,
Stephen Anderson,TE,HOU,6,CLE,0,0,0,0,0,0,0,0,2,17,0,2,0,0,0,0,0,0,0,0,0,0,,,,,
Stephen Gostkowski,K,NE,6,NYJ,0,0,0,0,0,0,0,0,0,0,0,0,0,0,0,0,1,0,0,0,0,3,,,,,
T.J. Jones,WR,DET,6,NO,0,0,0,0,0,0,0,0,3,33,0,9,0,0,0,0,0,0,0,0,0,0,,,,,
T.Y. Hilton,WR,IND,6,TEN,0,0,0,0,0,0,0,0,1,19,0,4,0,0,0,0,0,0,0,0,0,0,,,,,
TB,DEF,TB,6,ARI,,,,,,,,,,,,,,,,,,,,,,,0,0,0,0,38.0
TEN,DEF,TEN,6,IND,,,,,,,,,,,,,,,,,,,,,,,0,0,0,0,22.0
Tanner Gentry,WR,CHI,6,BAL,0,0,0,0,0,0,0,0,0,0,0,1,0,0,0,0,0,0,0,0,0,0,,,,,
Tarik Cohen,RB,CHI,6,BAL,21,1,1,1,0,32,0,14,1,14,0,3,0,0,0,0,0,0,0,0,0,0,,,,,
Tavarres King,WR,NYG,6,DEN,0,0,0,0,0,0,0,0,1,7,0,3,0,0,0,0,0,0,0,0,0,0,,,,,
Tavon Austin,WR,LA,6,JAX,0,0,0,0,0,0,0,2,0,0,0,0,0,0,0,0,0,0,0,0,0,0,,,,,
Taylor Gabriel,WR,ATL,6,MIA,0,0,0,0,0,0,0,0,4,39,0,8,0,0,0,0,0,0,0,0,0,0,,,,,
Taywan Taylor,WR,TEN,6,IND,0,0,0,0,0,0,0,0,2,61,1,4,0,0,0,0,0,0,0,0,0,0,,,,,
Ted Ginn,WR,NO,6,DET,0,0,0,0,0,3,0,1,4,66,1,4,0,0,0,0,0,0,0,0,0,0,,,,,
Terrell Watson,RB,PIT,6,KC,0,0,0,0,0,3,0,1,0,0,0,0,0,0,0,0,0,0,0,0,0,0,,,,,
Terrelle Pryor,WR,WAS,6,SF,0,0,0,0,0,0,0,0,3,23,0,5,0,0,0,0,0,0,0,0,0,0,,,,,
Tevin Coleman,RB,ATL,6,MIA,0,0,0,0,0,32,1,9,1,4,0,1,0,0,0,0,0,0,0,0,0,0,,,,,
Theo Riddick,RB,DET,6,NO,0,0,0,0,0,8,0,2,5,45,0,7,0,0,0,0,0,0,0,0,0,0,,,,,
Todd Gurley,RB,LA,6,JAX,0,0,0,0,0,116,0,23,1,4,0,1,0,0,0,0,0,0,0,0,0,0,,,,,
Tom Brady,QB,NE,6,NYJ,257,2,38,20,1,-1,0,1,0,0,0,0,0,0,0,0,0,0,0,0,0,0,,,,,
Torrey Smith,WR,PHI,6,CAR,0,0,0,0,0,0,0,0,1,6,0,2,0,0,0,0,0,0,0,0,0,0,,,,,
Travaris Cadet,RB,NYJ,6,NE,0,0,0,0,0,3,0,1,3,26,0,3,0,0,0,0,0,0,0,0,0,0,,,,,
Travis Benjamin,WR,LAC,6,LV,0,0,0,0,0,0,0,0,0,0,0,1,0,0,0,0,0,0,0,0,0,0,,,,,
Travis Kelce,TE,KC,6,PIT,0,0,0,0,0,0,0,0,4,37,0,7,0,0,0,0,0,0,0,0,0,0,,,,,
Travis Rudolph,WR,NYG,6,DEN,0,0,0,0,0,0,0,0,0,0,0,1,0,0,0,0,0,0,0,0,0,0,,,,,
Tre McBride,WR,CHI,6,BAL,0,0,0,0,0,0,0,0,0,0,0,0,0,0,0,0,0,0,0,0,0,0,,,,,
Trent Taylor,WR,SF,6,WAS,0,0,0,0,0,0,0,0,2,11,0,5,0,0,0,0,0,0,0,0,0,0,,,,,
Trevor Davis,WR,GB,6,MIN,0,0,0,0,0,0,0,0,0,0,0,0,0,0,0,0,0,0,0,0,0,0,,,,,
Trevor Siemian,QB,DEN,6,NYG,376,1,50,29,2,9,0,1,0,0,0,0,0,0,0,0,0,0,0,0,0,0,,,,,
Trey Burton,TE,PHI,6,CAR,0,0,0,0,0,0,0,0,1,9,0,1,0,0,0,0,0,0,0,0,0,0,,,,,
Trey Edmunds,RB,NO,6,DET,0,0,0,0,0,0,0,0,0,0,0,0,0,0,0,0,0,0,0,0,0,0,,,,,
Troy Niklas,TE,ARI,6,TB,0,0,0,0,0,0,0,0,2,20,1,2,0,0,0,0,0,0,0,0,0,0,,,,,
Ty Montgomery,WR,GB,6,MIN,0,0,0,0,0,28,0,10,1,3,0,3,0,0,0,0,0,0,0,0,0,0,,,,,
Tyler Higbee,TE,LA,6,JAX,0,0,0,0,0,0,0,0,1,0,0,3,0,0,0,0,0,0,0,0,0,0,,,,,
Tyreek Hill,WR,KC,6,PIT,0,0,0,0,0,-9,0,1,5,34,0,7,0,0,0,0,0,0,0,0,0,0,,,,,
Tyrell Williams,WR,LAC,6,LV,0,0,0,0,0,0,0,0,3,27,0,3,0,0,0,0,0,0,0,0,0,0,,,,,
Vance McDonald,TE,PIT,6,KC,0,0,0,0,0,0,0,0,1,26,0,2,0,0,0,0,0,0,0,0,0,0,,,,,
Vernon Davis,TE,WAS,6,SF,0,0,0,0,0,0,0,0,3,65,0,4,0,0,0,0,0,0,0,0,0,0,,,,,
Vince Mayle,TE,BAL,6,CHI,0,0,0,0,0,0,0,0,0,0,0,1,0,0,0,0,0,0,0,0,0,0,,,,,
Virgil Green,TE,DEN,6,NYG,0,0,0,0,0,0,0,0,1,24,0,1,0,0,0,0,0,0,0,0,0,0,,,,,
WAS,DEF,WAS,6,SF,,,,,,,,,,,,,,,,,,,,,,,0,0,0,0,24.0
Wayne Gallman,RB,NYG,6,DEN,0,0,0,0,0,27,0,9,2,5,0,3,0,0,0,0,0,0,0,0,0,0,,,,,
Wil Lutz,K,NO,6,DET,0,0,0,0,0,0,0,0,0,0,0,0,0,0,0,0,0,0,1,0,0,7,,,,,
Will Fuller,WR,HOU,6,CLE,0,0,0,0,0,0,0,0,2,62,1,5,0,0,0,0,0,0,0,0,0,0,,,,,
Willie Snead,WR,NO,6,DET,0,0,0,0,0,0,0,0,1,11,0,3,0,0,0,0,0,0,0,0,0,0,,,,,
Zach Ertz,TE,PHI,6,CAR,0,0,0,0,0,0,0,0,2,18,2,5,0,0,0,0,0,0,0,0,0,0,,,,,
Zach Miller,TE,CHI,6,BAL,0,0,0,0,0,0,0,0,2,25,1,3,0,0,0,0,0,0,0,0,0,0,,,,,
Zach Zenner,RB,DET,6,NO,0,0,0,0,0,0,0,1,0,0,0,1,0,0,0,0,0,0,0,0,0,0,,,,,
Zane Gonzalez,K,CLE,6,HOU,0,0,0,0,0,0,0,0,0,0,0,0,0,0,0,0,0,0,1,0,0,2,,,,,
A.J. Derby,TE,DEN,7,LAC,0,0,0,0,0,0,0,0,6,66,0,7,0,0,0,0,0,0,0,0,0,0,,,,,
A.J. Green,WR,CIN,7,PIT,0,0,0,0,0,0,0,0,3,41,0,6,0,0,0,0,0,0,0,0,0,0,,,,,
ARI,DEF,ARI,7,LA,,,,,,,,,,,,,,,,,,,,,,,0,0,0,0,33.0
ATL,DEF,ATL,7,NE,,,,,,,,,,,,,,,,,,,,,,,0,0,0,0,23.0
Aaron Jones,RB,GB,7,NO,0,0,0,0,0,131,1,17,3,7,0,5,0,0,0,0,0,0,0,0,0,0,,,,,
Adam Humphries,WR,TB,7,BUF,0,0,0,0,0,0,0,0,2,13,0,3,0,0,0,0,0,0,0,0,0,0,,,,,
Adam Thielen,WR,MIN,7,BAL,0,0,0,0,0,0,0,0,5,41,0,12,0,0,0,0,0,0,0,0,0,0,,,,,
Adrian Peterson,RB,ARI,7,LA,0,0,0,0,0,21,0,11,1,12,0,4,0,0,0,0,0,0,0,0,0,0,,,,,
Akeem Hunt,RB,KC,7,LV,0,0,0,0,0,0,0,0,1,1,0,2,0,0,0,0,0,0,0,0,0,0,,,,,
Albert Wilson,WR,KC,7,LV,0,0,0,0,0,0,0,0,1,63,1,2,0,0,0,0,0,0,0,0,0,0,,,,,
Aldrick Robinson,WR,SF,7,DAL,0,0,0,0,0,0,0,0,1,15,0,1,0,0,0,0,0,0,0,0,0,0,,,,,
Aldrick Rosas,K,NYG,7,SEA,0,0,0,0,0,0,0,0,0,0,0,0,0,0,0,0,0,0,0,0,0,1,,,,,
Alex Collins,RB,BAL,7,MIN,0,0,0,0,0,30,0,10,0,0,0,0,0,0,0,0,0,0,0,0,0,0,,,,,
Alex Erickson,WR,CIN,7,PIT,0,0,0,0,0,0,0,0,1,22,0,1,0,0,0,0,0,0,0,0,0,0,,,,,
Alex Smith,QB,KC,7,LV,342,3,36,25,0,0,0,1,0,0,0,0,0,0,0,0,0,0,0,0,0,0,,,,,
Alfred Morris,RB,DAL,7,SF,0,0,0,0,0,15,0,2,1,9,0,1,0,0,0,0,0,0,0,0,0,0,,,,,
Allen Hurns,WR,JAX,7,IND,0,0,0,0,0,0,0,0,5,101,0,8,0,0,0,0,0,0,0,0,0,0,,,,,
Alshon Jeffery,WR,PHI,7,WAS,0,0,0,0,0,0,0,0,2,37,0,6,0,0,0,0,0,0,0,0,0,0,,,,,
Alvin Kamara,RB,NO,7,GB,0,0,0,0,0,57,0,9,5,50,0,7,0,0,0,0,0,0,0,0,0,0,,,,,
Amara Darboh,WR,SEA,7,NYG,0,0,0,0,0,0,0,0,2,29,0,2,0,0,0,0,0,0,0,0,0,0,,,,,
Amari Cooper,WR,LV,7,KC,0,0,0,0,0,0,0,0,11,210,2,19,0,0,0,0,0,0,0,0,0,0,,,,,
Andre Holmes,WR,BUF,7,TB,0,0,0,0,0,0,0,0,2,11,0,3,0,0,0,0,0,0,0,0,0,0,,,,,
Andre Roberts,WR,ATL,7,NE,0,0,0,0,0,0,0,0,0,0,0,1,0,0,0,0,0,0,0,0,0,0,,,,,
Andy Dalton,QB,CIN,7,PIT,140,2,30,17,2,8,0,3,0,0,0,0,0,0,0,0,0,0,0,0,0,0,,,,,
Anthony Fasano,TE,MIA,7,NYJ,0,0,0,0,0,0,0,0,3,25,1,4,0,0,0,0,0,0,0,0,0,0,,,,,
Antonio Brown,WR,PIT,7,CIN,0,0,0,0,0,0,0,0,4,65,1,10,0,0,0,0,0,0,0,0,0,0,,,,,
Antonio Gates,TE,LAC,7,DEN,0,0,0,0,0,0,0,0,1,4,0,1,0,0,0,0,0,0,0,0,0,0,,,,,
ArDarius Stewart,WR,NYJ,7,MIA,0,0,0,0,0,0,0,0,0,0,0,0,0,0,0,0,0,0,0,0,0,0,,,,,
Arrelious Benn,WR,JAX,7,IND,0,0,0,0,0,0,0,0,0,0,0,1,0,0,0,0,0,0,0,0,0,0,,,,,
Austin Davis,QB,SEA,7,NYG,0,0,0,0,0,-1,0,1,0,0,0,0,0,0,0,0,0,0,0,0,0,0,,,,,
Austin Ekeler,RB,LAC,7,DEN,0,0,0,0,0,38,0,7,4,6,1,4,0,0,0,0,0,0,0,0,0,0,,,,,
Austin Hooper,TE,ATL,7,NE,0,0,0,0,0,0,0,0,1,6,0,1,0,0,0,0,0,0,0,0,0,0,,,,,
Austin Seferian-Jenkins,TE,NYJ,7,MIA,0,0,0,0,0,0,0,0,3,21,1,5,0,0,0,0,0,0,0,0,0,0,,,,,
BAL,DEF,BAL,7,MIN,,,,,,,,,,,,,,,,,,,,,,,0,0,0,0,24.0
BUF,DEF,BUF,7,TB,,,,,,,,,,,,,,,,,,,,,,,0,0,0,0,27.0
Ben Koyack,TE,JAX,7,IND,0,0,0,0,0,0,0,0,1,7,0,1,0,0,0,0,0,0,0,0,0,0,,,,,
Ben Roethlisberger,QB,PIT,7,CIN,224,2,24,14,0,-3,0,3,0,0,0,0,0,0,0,0,0,0,0,0,0,0,,,,,
Benjamin Watson,TE,BAL,7,MIN,0,0,0,0,0,0,0,0,5,38,0,5,0,0,0,0,0,0,0,0,0,0,,,,,
Bennie Fowler,WR,DEN,7,LAC,0,0,0,0,0,0,0,0,5,45,0,5,0,0,0,0,0,0,0,0,0,0,,,,,
Bernard Reedy,WR,TB,7,BUF,0,0,0,0,0,10,0,1,0,0,0,0,0,0,0,0,0,0,0,0,0,0,,,,,
Bilal Powell,RB,NYJ,7,MIA,0,0,0,0,0,43,0,9,2,40,0,2,0,0,0,0,0,0,0,0,0,0,,,,,
Blair Walsh,K,SEA,7,NYG,0,0,0,0,0,0,0,0,0,0,0,0,0,0,0,0,0,1,0,0,0,3,,,,,
Blake Bortles,QB,JAX,7,IND,330,1,26,18,0,11,0,4,0,0,0,0,0,0,0,0,0,0,0,0,0,0,,,,,
Bobby Rainey,RB,BAL,7,MIN,0,0,0,0,0,0,0,0,2,8,0,2,0,0,0,0,0,0,0,0,0,0,,,,,
Brandin Cooks,WR,NE,7,ATL,0,0,0,0,0,0,0,0,4,65,1,5,0,0,0,0,0,0,0,0,0,0,,,,,
Brandon Bolden,RB,NE,7,ATL,0,0,0,0,0,0,0,0,0,0,0,0,0,0,0,0,0,0,0,0,0,0,,,,,
Brandon Coleman,WR,NO,7,GB,0,0,0,0,0,0,0,0,2,31,1,3,0,0,0,0,0,0,0,0,0,0,,,,,
Brandon LaFell,WR,CIN,7,PIT,0,0,0,0,0,0,0,0,4,28,1,7,0,0,0,0,0,0,0,0,0,0,,,,,
Brandon McManus,K,DEN,7,LAC,0,0,0,0,0,0,0,0,0,0,0,0,0,0,0,0,0,0,0,0,0,0,,,,,
Brandon Tate,WR,BUF,7,TB,0,0,0,0,0,0,0,0,0,0,0,0,0,0,0,0,0,0,0,0,0,0,,,,,
Brandon Williams,TE,IND,7,JAX,0,0,0,0,0,0,0,0,1,6,0,2,0,0,0,0,0,0,0,0,0,0,,,,,
Brendan Langley,WR,DEN,7,LAC,0,0,0,0,0,0,0,0,0,0,0,0,0,0,0,0,0,0,0,0,0,0,,,,,
Brent Celek,TE,PHI,7,WAS,0,0,0,0,0,0,0,0,1,3,0,2,0,0,0,0,0,0,0,0,0,0,,,,,
Brett Hundley,QB,GB,7,NO,87,0,25,12,1,44,1,3,0,0,0,0,0,0,0,0,0,0,0,0,0,0,,,,,
Brice Butler,WR,DAL,7,SF,0,0,0,0,0,0,0,0,0,0,0,0,0,0,0,0,0,0,0,0,0,0,,,,,
Brittan Golden,WR,ARI,7,LA,0,0,0,0,0,0,0,0,3,20,0,3,0,0,0,0,0,0,0,0,0,0,,,,,
Bronson Kaufusi,TE,BAL,7,MIN,0,0,0,0,0,0,0,0,0,0,0,0,0,0,0,0,0,0,0,0,0,0,,,,,
Bryce Treggs,WR,CLE,7,TEN,0,0,0,0,0,6,0,1,1,19,0,2,0,0,0,0,0,0,0,0,0,0,,,,,
C.J. Anderson,RB,DEN,7,LAC,0,0,0,0,0,44,0,10,1,17,0,2,0,0,0,0,0,0,0,0,0,0,,,,,
C.J. Beathard,QB,SF,7,DAL,235,0,38,22,0,30,1,5,0,0,0,0,0,0,0,0,0,0,0,0,0,0,,,,,
C.J. Spiller,RB,KC,7,LV,0,0,0,0,0,0,0,2,0,0,0,2,0,0,0,0,0,0,0,0,0,0,,,,,
C.J. Uzomah,TE,CIN,7,PIT,0,0,0,0,0,0,0,0,1,7,0,2,0,0,0,0,0,0,0,0,0,0,,,,,
CAR,DEF,CAR,7,CHI,,,,,,,,,,,,,,,,,,,,,,,0,0,0,0,17.0
CHI,DEF,CHI,7,CAR,,,,,,,,,,,,,,,,,,,,,,,1,0,0,0,3.0
CIN,DEF,CIN,7,PIT,,,,,,,,,,,,,,,,,,,,,,,0,0,0,0,29.0
CLE,DEF,CLE,7,TEN,,,,,,,,,,,,,,,,,,,,,,,0,0,0,0,12.0
Cam Newton,QB,CAR,7,CHI,211,0,34,21,2,50,0,9,0,0,0,0,0,0,0,0,0,0,0,0,0,0,,,,,
Cameron Brate,TE,TB,7,BUF,0,0,0,0,0,0,0,0,6,60,0,9,0,0,0,0,0,0,0,0,0,0,,,,,
Carlos Hyde,RB,SF,7,DAL,0,0,0,0,0,68,0,14,4,20,0,8,0,0,0,0,0,0,0,0,0,0,,,,,
Carson Palmer,QB,ARI,7,LA,122,0,18,10,1,0,0,0,0,0,0,0,0,0,0,0,0,0,0,0,0,0,,,,,
Carson Wentz,QB,PHI,7,WAS,268,4,25,17,1,63,0,8,0,0,0,0,0,0,0,0,0,0,0,0,0,0,,,,,
Case Keenum,QB,MIN,7,BAL,188,0,31,20,1,9,0,1,0,0,0,0,0,0,0,0,0,0,0,0,0,0,,,,,
Chandler Catanzaro,K,NYJ,7,MIA,0,0,0,0,0,0,0,0,0,0,0,0,0,0,0,0,0,0,0,0,0,4,,,,,
Charles Sims,RB,TB,7,BUF,0,0,0,0,0,8,0,2,2,7,0,3,0,0,0,0,0,0,0,0,0,0,,,,,
Chester Rogers,WR,IND,7,JAX,0,0,0,0,0,0,0,0,2,21,0,2,0,0,0,0,0,0,0,0,0,0,,,,,
Chris Boswell,K,PIT,7,CIN,0,0,0,0,0,0,0,0,0,0,0,0,0,0,0,0,3,0,2,0,0,2,,,,,
Chris Godwin Jr.,WR,TB,7,BUF,0,0,0,0,0,0,0,0,1,5,0,1,0,0,0,0,0,0,0,0,0,0,,,,,
Chris Hogan,WR,NE,7,ATL,0,0,0,0,0,0,0,0,4,71,0,6,0,0,0,0,0,0,0,0,0,0,,,,,
Chris Ivory,RB,JAX,7,IND,0,0,0,0,0,47,1,17,0,0,0,0,0,0,0,0,0,0,0,0,0,0,,,,,
Chris Manhertz,TE,CAR,7,CHI,0,0,0,0,0,0,0,0,1,11,0,2,0,0,0,0,0,0,0,0,0,0,,,,,
Chris Moore,WR,BAL,7,MIN,0,0,0,0,0,-5,0,1,2,36,1,8,0,0,0,0,0,0,0,0,0,0,,,,,
Chris Thompson,RB,WAS,7,PHI,0,0,0,0,0,38,0,7,5,26,1,5,0,0,0,0,0,0,0,0,0,0,,,,,
Christian McCaffrey,RB,CAR,7,CHI,0,0,0,0,0,10,0,7,7,36,0,9,0,0,0,0,0,0,0,0,0,0,,,,,
Clive Walford,TE,LV,7,KC,0,0,0,0,0,0,0,0,0,0,0,1,0,0,0,0,0,0,0,0,0,0,,,,,
Coby Fleener,TE,NO,7,GB,0,0,0,0,0,0,0,0,2,22,0,3,0,0,0,0,0,0,0,0,0,0,,,,,
Cody Core,WR,CIN,7,PIT,0,0,0,0,0,0,0,0,0,0,0,2,0,0,0,0,0,0,0,0,0,0,,,,,
Cody Kessler,QB,CLE,7,TEN,121,0,19,10,1,-1,0,1,0,0,0,0,0,0,0,0,0,0,0,0,0,0,,,,,
Cody Parkey,K,MIA,7,NYJ,0,0,0,0,0,0,0,0,0,0,0,0,0,0,0,0,0,1,0,0,0,4,,,,,
Cole Beasley,WR,DAL,7,SF,0,0,0,0,0,0,0,0,1,24,0,2,0,0,0,0,0,0,0,0,0,0,,,,,
Cole Hikutini,TE,SF,7,DAL,0,0,0,0,0,0,0,0,1,5,0,2,0,0,0,0,0,0,0,0,0,0,,,,,
Connor Barth,K,CHI,7,CAR,0,0,0,0,0,0,0,0,0,0,0,0,0,0,0,1,0,0,0,0,0,2,,,,,
Cooper Kupp,WR,LA,7,ARI,0,0,0,0,0,0,0,0,4,51,1,10,0,0,0,0,0,0,0,0,0,0,,,,,
Cooper Rush,QB,DAL,7,SF,2,0,2,1,0,13,0,2,0,0,0,0,0,0,0,0,0,0,0,0,0,0,,,,,
Cordarrelle Patterson,RB,LV,7,KC,0,0,0,0,0,0,0,0,1,9,0,3,0,0,0,0,0,0,0,0,0,0,,,,,
Corey Clement,RB,PHI,7,WAS,0,0,0,0,0,6,0,1,1,9,1,1,0,0,0,0,0,0,0,0,0,0,,,,,
Corey Grant,RB,JAX,7,IND,0,0,0,0,0,8,0,6,1,28,0,1,0,0,0,0,0,0,0,0,0,0,,,,,
Curtis Samuel,WR,CAR,7,CHI,0,0,0,0,0,0,0,0,1,20,0,1,0,0,0,0,0,0,0,0,0,0,,,,,
DAL,DEF,DAL,7,SF,,,,,,,,,,,,,,,,,,,,,,,0,0,0,0,10.0
DEN,DEF,DEN,7,LAC,,,,,,,,,,,,,,,,,,,,,,,0,0,0,0,21.0
Dak Prescott,QB,DAL,7,SF,234,3,25,16,0,26,1,4,0,0,0,0,0,0,0,0,0,0,0,0,0,0,,,,,
Damien Williams,RB,MIA,7,NYJ,0,0,0,0,0,2,0,2,2,18,0,3,0,0,0,0,0,0,0,0,0,0,,,,,
Dan Bailey,K,DAL,7,SF,0,0,0,0,0,0,0,0,0,0,0,0,0,0,0,0,0,0,0,0,0,2,,,,,
Danny Amendola,WR,NE,7,ATL,0,0,0,0,0,0,0,0,3,17,0,4,0,0,0,0,0,0,0,0,0,0,,,,,
Danny Vitale,RB,CLE,7,TEN,0,0,0,0,0,0,0,0,1,11,0,1,0,0,0,0,0,0,0,0,0,0,,,,,
Darrell Daniels,TE,IND,7,JAX,0,0,0,0,0,0,0,0,1,7,0,3,0,0,0,0,0,0,0,0,0,0,,,,,
Darrius Heyward-Bey,WR,PIT,7,CIN,0,0,0,0,0,0,0,0,1,44,0,1,0,0,0,0,0,0,0,0,0,0,,,,,
Davante Adams,WR,GB,7,NO,0,0,0,0,0,0,0,0,2,12,0,5,0,0,0,0,0,0,0,0,0,0,,,,,
David Fluellen,RB,TEN,7,CLE,0,0,0,0,0,0,0,0,0,0,0,0,0,0,0,0,0,0,0,0,0,0,,,,,
David Njoku,TE,CLE,7,TEN,0,0,0,0,0,0,0,0,2,58,0,5,0,0,0,0,0,0,0,0,0,0,,,,,
De'Anthony Thomas,WR,KC,7,LV,0,0,0,0,0,0,0,0,1,2,0,1,0,0,0,0,0,0,0,0,0,0,,,,,
DeAndre Washington,RB,LV,7,KC,0,0,0,0,0,33,1,9,3,7,0,4,0,0,0,0,0,0,0,0,0,0,,,,,
DeMarco Murray,RB,TEN,7,CLE,0,0,0,0,0,59,0,18,3,17,0,4,0,0,0,0,0,0,0,0,0,0,,,,,
DeSean Jackson,WR,TB,7,BUF,0,0,0,0,0,0,0,0,5,73,0,8,0,0,0,0,0,0,0,0,0,0,,,,,
DeShone Kizer,QB,CLE,7,TEN,114,0,20,12,2,0,0,0,0,0,0,0,0,0,0,0,0,0,0,0,0,0,,,,,
Delanie Walker,TE,TEN,7,CLE,0,0,0,0,0,0,0,0,7,63,0,10,0,0,0,0,0,0,0,0,0,0,,,,,
Demarcus Robinson,WR,KC,7,LV,0,0,0,0,0,0,0,0,5,69,0,8,0,0,0,0,0,0,0,0,0,0,,,,,
Demaryius Thomas,WR,DEN,7,LAC,0,0,0,0,0,0,0,0,2,9,0,6,0,0,0,0,0,0,0,0,0,0,,,,,
Demetrius Harris,TE,KC,7,LV,0,0,0,0,0,0,0,0,2,16,0,3,0,0,0,0,0,0,0,0,0,0,,,,,
Deonte Thompson,WR,BUF,7,TB,0,0,0,0,0,0,0,1,4,107,0,4,0,0,0,0,0,0,0,0,0,0,,,,,
Derek Carr,QB,LV,7,KC,417,3,52,29,0,15,0,1,0,0,0,0,0,0,0,0,0,0,0,0,0,0,,,,,
Derek Carrier,TE,LA,7,ARI,0,0,0,0,0,0,0,0,0,0,0,1,0,0,0,0,0,0,0,0,0,0,,,,,
Derrick Henry,RB,TEN,7,CLE,0,0,0,0,0,13,0,13,2,11,0,3,0,0,0,0,0,0,0,0,0,0,,,,,
Devin Funchess,WR,CAR,7,CHI,0,0,0,0,0,0,0,0,4,41,0,8,0,0,0,0,0,0,0,0,0,0,,,,,
Devonta Freeman,RB,ATL,7,NE,0,0,0,0,0,72,0,12,3,18,0,3,0,0,0,0,0,0,0,0,0,0,,,,,
Devontae Booker,RB,DEN,7,LAC,0,0,0,0,0,6,0,2,3,22,0,4,0,0,0,0,0,0,0,0,0,0,,,,,
Dez Bryant,WR,DAL,7,SF,0,0,0,0,0,0,0,0,7,63,1,10,0,0,0,0,0,0,0,0,0,0,,,,,
Dion Lewis,RB,NE,7,ATL,0,0,0,0,0,76,0,13,1,6,0,1,0,0,0,0,0,0,0,0,0,0,,,,,
Donte Moncrief,WR,IND,7,JAX,0,0,0,0,0,0,0,0,2,30,0,4,0,0,0,0,0,0,0,0,0,0,,,,,
Doug Baldwin,WR,SEA,7,NYG,0,0,0,0,0,0,0,0,9,92,1,12,0,0,0,0,0,0,0,0,0,0,,,,,
Doug Martin,RB,TB,7,BUF,0,0,0,0,0,49,0,20,2,31,0,3,0,0,0,0,0,0,0,0,0,0,,,,,
Drew Brees,QB,NO,7,GB,331,1,38,27,2,-1,1,5,0,0,0,0,0,0,0,0,0,0,0,0,0,0,,,,,
Drew Stanton,QB,ARI,7,LA,66,0,14,5,1,4,0,1,0,0,0,0,0,0,0,0,0,0,0,0,0,0,,,,,
Duke Johnson,RB,CLE,7,TEN,0,0,0,0,0,26,0,7,6,45,0,7,0,0,0,0,0,0,0,0,0,0,,,,,
Ed Dickson,TE,CAR,7,CHI,0,0,0,0,0,0,0,0,3,18,0,5,0,0,0,0,0,0,0,0,0,0,,,,,
Ed Eagan,WR,NYG,7,SEA,0,0,0,0,0,0,0,0,0,0,0,0,0,0,0,0,0,0,0,0,0,0,,,,,
Eddie Lacy,RB,SEA,7,NYG,0,0,0,0,0,34,0,11,1,9,0,1,0,0,0,0,0,0,0,0,0,0,,,,,
Eli Manning,QB,NYG,7,SEA,134,1,39,19,0,0,0,0,0,0,0,0,0,0,0,0,0,0,0,0,0,0,,,,,
Eli Rogers,WR,PIT,7,CIN,0,0,0,0,0,0,0,0,1,10,0,2,0,0,0,0,0,0,0,0,0,0,,,,,
Elijah McGuire,RB,NYJ,7,MIA,0,0,0,0,0,7,0,3,0,0,0,0,0,0,0,0,0,0,0,0,0,0,,,,,
Eric Decker,WR,TEN,7,CLE,0,0,0,0,0,0,0,0,0,0,0,2,0,0,0,0,0,0,0,0,0,0,,,,,
Eric Tomlinson,TE,NYJ,7,MIA,0,0,0,0,0,0,0,0,1,26,0,1,0,0,0,0,0,0,0,0,0,0,,,,,
Eric Weems,WR,TEN,7,CLE,0,0,0,0,0,0,0,0,1,5,0,1,0,0,0,0,0,0,0,0,0,0,,,,,
Evan Engram,TE,NYG,7,SEA,0,0,0,0,0,0,0,0,6,60,1,12,0,0,0,0,0,0,0,0,0,0,,,,,
Ezekiel Elliott,RB,DAL,7,SF,0,0,0,0,0,147,2,26,1,72,1,3,0,0,0,0,0,0,0,0,0,0,,,,,
Frank Gore,RB,IND,7,JAX,0,0,0,0,0,34,0,9,0,0,0,0,0,0,0,0,0,0,0,0,0,0,,,,,
GB,DEF,GB,7,NO,,,,,,,,,,,,,,,,,,,,,,,0,0,0,0,26.0
Garrett Celek,TE,SF,7,DAL,0,0,0,0,0,0,0,0,1,11,0,1,0,0,0,0,0,0,0,0,0,0,,,,,
Geoff Swaim,TE,DAL,7,SF,0,0,0,0,0,0,0,0,1,7,0,1,0,0,0,0,0,0,0,0,0,0,,,,,
George Kittle,TE,SF,7,DAL,0,0,0,0,0,0,0,0,1,16,0,2,0,0,0,0,0,0,0,0,0,0,,,,,
Gerald Everett,TE,LA,7,ARI,0,0,0,0,0,0,0,0,0,0,0,0,0,0,0,0,0,0,0,0,0,0,,,,,
Geronimo Allison,WR,GB,7,NO,0,0,0,0,0,0,0,0,1,14,0,2,0,0,0,0,0,0,0,0,0,0,,,,,
Giorgio Tavecchio,K,LV,7,KC,0,0,0,0,0,0,0,0,0,0,0,0,0,0,0,0,1,0,0,0,0,4,,,,,
Giovani Bernard,RB,CIN,7,PIT,0,0,0,0,0,8,0,3,1,-1,0,3,0,0,0,0,0,0,0,0,0,0,,,,,
Graham Gano,K,CAR,7,CHI,0,0,0,0,0,0,0,0,0,0,0,0,0,0,0,0,0,1,0,0,0,0,,,,,
Greg Zuerlein,K,LA,7,ARI,0,0,0,0,0,0,0,0,0,0,0,0,0,0,0,0,1,2,0,1,0,3,,,,,
Griff Whalen,WR,BAL,7,MIN,0,0,0,0,0,0,0,0,4,23,0,6,0,0,0,0,0,0,0,0,0,0,,,,,
Harrison Butker,K,KC,7,LV,0,0,0,0,0,0,0,0,0,0,0,0,0,0,0,0,0,2,0,1,0,3,,,,,
Hunter Henry,TE,LAC,7,DEN,0,0,0,0,0,0,0,0,4,73,0,5,0,0,0,0,0,0,0,0,0,0,,,,,
Hunter Sharp,WR,DEN,7,LAC,0,0,0,0,0,0,0,0,0,0,0,1,0,0,0,0,0,0,0,0,0,0,,,,,
IND,DEF,IND,7,JAX,,,,,,,,,,,,,,,,,,,,,,,0,0,0,0,27.0
Isaiah Crowell,RB,CLE,7,TEN,0,0,0,0,0,35,0,17,4,36,0,6,0,0,0,0,0,0,0,0,0,0,,,,,
J.D. McKissic,RB,SEA,7,NYG,0,0,0,0,0,10,0,3,2,23,0,2,0,0,0,0,0,0,0,0,0,0,,,,,
J.J. Nelson,WR,ARI,7,LA,0,0,0,0,0,0,0,0,2,39,0,5,0,0,0,0,0,0,0,0,0,0,,,,,
JAX,DEF,JAX,7,IND,,,,,,,,,,,,,,,,,,,,,,,0,0,0,0,0.0
Jack Doyle,TE,IND,7,JAX,0,0,0,0,0,0,0,0,6,44,0,7,0,0,0,0,0,0,0,0,0,0,,,,,
Jacoby Brissett,QB,IND,7,JAX,200,0,37,22,0,31,0,5,0,0,0,0,0,0,0,0,0,0,0,0,0,0,,,,,
Jacquizz Rodgers,RB,TB,7,BUF,0,0,0,0,0,2,0,1,1,9,0,1,0,0,0,0,0,0,0,0,0,0,,,,,
Jake Elliott,K,PHI,7,WAS,0,0,0,0,0,0,0,0,0,0,0,0,0,0,0,0,0,0,1,1,0,4,,,,,
Jakeem Grant,WR,MIA,7,NYJ,0,0,0,0,0,0,0,0,0,0,0,0,0,0,0,0,0,0,0,0,0,0,,,,,
Jalen Richard,RB,LV,7,KC,0,0,0,0,0,31,0,9,4,45,0,4,0,0,0,0,0,0,0,0,0,0,,,,,
Jamaal Charles,RB,DEN,7,LAC,0,0,0,0,0,2,0,4,4,20,0,4,0,0,0,0,0,0,0,0,0,0,,,,,
Jamaal Williams,RB,GB,7,NO,0,0,0,0,0,0,0,0,0,0,0,0,0,0,0,0,0,0,0,0,0,0,,,,,
Jameis Winston,QB,TB,7,BUF,384,3,44,32,1,0,0,1,0,0,0,0,0,0,0,0,0,0,0,0,0,0,,,,,
James Conner,RB,PIT,7,CIN,0,0,0,0,0,19,0,3,0,0,0,0,0,0,0,0,0,0,0,0,0,0,,,,,
James Hanna,TE,DAL,7,SF,0,0,0,0,0,0,0,0,0,0,0,0,0,0,0,0,0,0,0,0,0,0,,,,,
James O'Shaughnessy,TE,JAX,7,IND,0,0,0,0,0,0,0,0,0,0,0,1,0,0,0,0,0,0,0,0,0,0,,,,,
James White,RB,NE,7,ATL,0,0,0,0,0,19,0,4,5,28,1,5,0,0,0,0,0,0,0,0,0,0,,,,,
Jamison Crowder,WR,WAS,7,PHI,0,0,0,0,0,3,0,1,2,28,0,6,0,0,0,0,0,0,0,0,0,0,,,,,
Jamize Olawale,RB,LV,7,KC,0,0,0,0,0,0,0,0,0,0,0,1,0,0,0,0,0,0,0,0,0,0,,,,,
Jared Cook,TE,LV,7,KC,0,0,0,0,0,0,0,0,6,107,0,7,0,0,0,0,0,0,0,0,0,0,,,,,
Jared Goff,QB,LA,7,ARI,235,1,37,22,1,13,1,2,0,0,0,0,0,0,0,0,0,0,0,0,0,0,,,,,
Jarius Wright,WR,MIN,7,BAL,0,0,0,0,0,0,0,0,3,54,0,4,0,0,0,0,0,0,0,0,0,0,,,,,
Jaron Brown,WR,ARI,7,LA,0,0,0,0,0,0,0,0,2,37,0,5,0,0,0,0,0,0,0,0,0,0,,,,,
Jarvis Landry,WR,MIA,7,NYJ,0,0,0,0,0,0,0,0,7,93,1,11,0,0,0,0,0,0,0,0,0,0,,,,,
Jason Witten,TE,DAL,7,SF,0,0,0,0,0,0,0,0,4,54,1,4,0,0,0,0,0,0,0,0,0,0,,,,,
Javorius Allen,RB,BAL,7,MIN,0,0,0,0,0,20,0,6,8,29,0,11,0,0,0,0,0,0,0,0,0,0,,,,,
Jay Ajayi,RB,MIA,7,NYJ,0,0,0,0,0,51,0,23,3,26,0,4,0,0,0,0,0,0,0,0,0,0,,,,,
Jay Cutler,QB,MIA,7,NYJ,138,2,16,12,1,0,0,0,0,0,0,0,0,0,0,0,0,0,0,0,0,0,,,,,
Jaydon Mickens,WR,JAX,7,IND,0,0,0,0,0,0,0,0,0,0,0,0,0,0,0,0,0,0,0,0,0,0,,,,,
Jeff Janis,WR,GB,7,NO,0,0,0,0,0,0,0,0,0,0,0,0,0,0,0,0,0,0,0,0,0,0,,,,,
Jehu Chesson,WR,KC,7,LV,0,0,0,0,0,0,0,0,0,0,0,0,0,0,0,0,0,0,0,0,0,0,,,,,
Jeremy Hill,RB,CIN,7,PIT,0,0,0,0,0,7,0,4,0,0,0,0,0,0,0,0,0,0,0,0,0,0,,,,,
Jeremy Kerley,WR,NYJ,7,MIA,0,0,0,0,0,0,0,0,2,17,0,4,0,0,0,0,0,0,0,0,0,0,,,,,
Jerick McKinnon,RB,MIN,7,BAL,0,0,0,0,0,47,0,14,3,10,0,3,0,0,0,0,0,0,0,0,0,0,,,,,
Jermaine Gresham,TE,ARI,7,LA,0,0,0,0,0,0,0,0,1,18,0,3,0,0,0,0,0,0,0,0,0,0,,,,,
Jermaine Kearse,WR,NYJ,7,MIA,0,0,0,0,0,0,0,0,1,29,1,4,0,0,0,0,0,0,0,0,0,0,,,,,
Jimmy Graham,TE,SEA,7,NYG,0,0,0,0,0,0,0,0,3,51,1,6,0,0,0,0,0,0,0,0,0,0,,,,,
Joe Flacco,QB,BAL,7,MIN,186,1,39,27,0,0,0,1,0,0,0,0,0,0,0,0,0,0,0,0,0,0,,,,,
Joe Mixon,RB,CIN,7,PIT,0,0,0,0,0,48,0,7,3,20,0,3,0,0,0,0,0,0,0,0,0,0,,,,,
John Brown,WR,ARI,7,LA,0,0,0,0,0,0,0,0,1,6,0,4,0,0,0,0,0,0,0,0,0,0,,,,,
Johnny Holton,WR,LV,7,KC,0,0,0,0,0,0,0,0,0,0,0,0,0,0,0,0,0,0,0,0,0,0,,,,,
Jonathan Stewart,RB,CAR,7,CHI,0,0,0,0,0,48,0,14,0,0,0,0,0,0,0,0,0,0,0,0,0,0,,,,,
Jonnu Smith,TE,TEN,7,CLE,0,0,0,0,0,0,0,0,2,22,0,4,0,0,0,0,0,0,0,0,0,0,,,,,
Jordan Howard,RB,CHI,7,CAR,0,0,0,0,0,65,0,21,0,0,0,0,0,0,0,0,0,0,0,0,0,0,,,,,
Jordan Matthews,TE,BUF,7,TB,0,0,0,0,0,0,0,0,2,10,0,3,0,0,0,0,0,0,0,0,0,0,,,,,
Jordan Reed,TE,WAS,7,PHI,0,0,0,0,0,0,0,0,8,64,2,10,0,0,0,0,0,0,0,0,0,0,,,,,
Jordan Taylor,WR,DEN,7,LAC,0,0,0,0,0,0,0,0,1,7,0,2,0,0,0,0,0,0,0,0,0,0,,,,,
Jordy Nelson,WR,GB,7,NO,0,0,0,0,0,0,0,0,1,13,0,4,0,0,0,0,0,0,0,0,0,0,,,,,
Josh Doctson,WR,WAS,7,PHI,0,0,0,0,0,0,0,0,3,39,0,5,0,0,0,0,0,0,0,0,0,0,,,,,
Josh Ferguson,RB,IND,7,JAX,0,0,0,0,0,5,0,1,0,0,0,0,0,0,0,0,0,0,0,0,0,0,,,,,
Josh Hill,TE,NO,7,GB,0,0,0,0,0,0,0,0,0,0,0,0,0,0,0,0,0,0,0,0,0,0,,,,,
Josh Lambo,K,JAX,7,IND,0,0,0,0,0,0,0,0,0,0,0,0,0,0,0,0,0,1,1,0,0,3,,,,,
Josh Malone,WR,CIN,7,PIT,0,0,0,0,0,0,0,0,0,0,0,1,0,0,0,0,0,0,0,0,0,0,,,,,
Josh McCown,QB,NYJ,7,MIA,209,3,27,17,1,1,1,3,0,0,0,0,0,0,0,0,0,0,0,0,0,0,,,,,
Josh Reynolds,WR,LA,7,ARI,0,0,0,0,0,0,0,0,0,0,0,0,0,0,0,0,0,0,0,0,0,0,,,,,
JuJu Smith-Schuster,WR,PIT,7,CIN,0,0,0,0,0,0,0,0,2,39,1,3,0,0,0,0,0,0,0,0,0,0,,,,,
Julio Jones,WR,ATL,7,NE,0,0,0,0,0,0,0,0,9,99,1,13,0,0,0,0,0,0,0,0,0,0,,,,,
Julius Thomas,TE,MIA,7,NYJ,0,0,0,0,0,0,0,0,3,58,0,4,0,0,0,0,0,0,0,0,0,0,,,,,
Justin Hardy,WR,ATL,7,NE,0,0,0,0,0,0,0,0,2,21,0,2,0,0,0,0,0,0,0,0,0,0,,,,,
Justin Tucker,K,BAL,7,MIN,0,0,0,0,0,0,0,0,0,0,0,0,0,0,0,0,0,0,2,1,0,1,,,,,
KC,DEF,KC,7,LV,,,,,,,,,,,,,,,,,,,,,,,0,0,0,0,31.0
Kai Forbath,K,MIN,7,BAL,0,0,0,0,0,0,0,0,0,0,0,0,0,0,0,0,0,2,2,2,0,0,,,,,
Kamar Aiken,WR,IND,7,JAX,0,0,0,0,0,0,0,0,2,8,0,3,0,0,0,0,0,0,0,0,0,0,,,,,
Kareem Hunt,RB,KC,7,LV,0,0,0,0,0,87,0,18,4,30,0,4,0,0,0,0,0,0,0,0,0,0,,,,,
Kasen Williams,WR,CLE,7,TEN,0,0,0,0,0,0,0,0,0,0,0,1,0,0,0,0,0,0,0,0,0,0,,,,,
Keelan Cole,WR,JAX,7,IND,0,0,0,0,0,0,0,0,2,64,0,3,0,0,0,0,0,0,0,0,0,0,,,,,
Keenan Allen,WR,LAC,7,DEN,0,0,0,0,0,0,0,0,3,41,0,7,0,0,0,0,0,0,0,0,0,0,,,,,
Kelvin Benjamin,WR,CAR,7,CHI,0,0,0,0,0,0,0,0,3,65,0,6,0,0,0,0,0,0,0,0,0,0,,,,,
Kendrick Bourne,WR,SF,7,DAL,0,0,0,0,0,0,0,0,0,0,0,2,0,0,0,0,0,0,0,0,0,0,,,,,
Kenjon Barner,RB,PHI,7,WAS,0,0,0,0,0,4,0,2,0,0,0,0,0,0,0,0,0,0,0,0,0,0,,,,,
Kenny Britt,WR,CLE,7,TEN,0,0,0,0,0,0,0,0,2,7,0,5,0,0,0,0,0,0,0,0,0,0,,,,,
Kenny Stills,WR,MIA,7,NYJ,0,0,0,0,0,0,0,0,6,85,2,9,0,0,0,0,0,0,0,0,0,0,,,,,
Kenyan Drake,RB,MIA,7,NYJ,0,0,0,0,0,0,0,0,0,0,0,0,0,0,0,0,0,0,0,0,0,0,,,,,
Kerwynn Williams,RB,ARI,7,LA,0,0,0,0,0,0,0,0,2,27,0,4,0,0,0,0,0,0,0,0,0,0,,,,,
Kirk Cousins,QB,WAS,7,PHI,303,3,40,30,1,18,0,3,0,0,0,0,0,0,0,0,0,0,0,0,0,0,,,,,
Kyle Rudolph,TE,MIN,7,BAL,0,0,0,0,0,0,0,0,5,43,0,7,0,0,0,0,0,0,0,0,0,0,,,,,
LA,DEF,LA,7,ARI,,,,,,,,,,,,,,,,,,,,,,,0,0,0,0,0.0
LAC,DEF,LAC,7,DEN,,,,,,,,,,,,,,,,,,,,,,,0,0,0,0,0.0
LV,DEF,LV,7,KC,,,,,,,,,,,,,,,,,,,,,,,0,0,0,0,0.0
Laquon Treadwell,WR,MIN,7,BAL,0,0,0,0,0,0,0,0,3,28,0,4,0,0,0,0,0,0,0,0,0,0,,,,,
Larry Fitzgerald,WR,ARI,7,LA,0,0,0,0,0,0,0,0,3,29,0,3,0,0,0,0,0,0,0,0,0,0,,,,,
Latavius Murray,RB,MIN,7,BAL,0,0,0,0,0,113,1,18,0,0,0,0,0,0,0,0,0,0,0,0,0,0,,,,,
Le'Veon Bell,RB,PIT,7,CIN,0,0,0,0,0,134,0,35,3,58,0,3,0,0,0,0,0,0,0,0,0,0,,,,,
LeGarrette Blount,RB,PHI,7,WAS,0,0,0,0,0,29,0,14,0,0,0,0,0,0,0,0,0,0,0,0,0,0,,,,,
LeSean McCoy,RB,BUF,7,TB,0,0,0,0,0,91,2,23,5,31,0,7,0,0,0,0,0,0,0,0,0,0,,,,,
Lee Smith,TE,LV,7,KC,0,0,0,0,0,0,0,0,0,0,0,0,0,0,0,0,0,0,0,0,0,0,,,,,
Leonte Carroo,WR,MIA,7,NYJ,0,0,0,0,0,0,0,0,1,21,0,1,0,0,0,0,0,0,0,0,0,0,,,,,
Logan Thomas,TE,BUF,7,TB,0,0,0,0,0,0,0,0,1,22,1,1,0,0,0,0,0,0,0,0,0,0,,,,,
Luke Willson,TE,SEA,7,NYG,0,0,0,0,0,0,0,0,1,13,0,1,0,0,0,0,0,0,0,0,0,0,,,,,
MIA,DEF,MIA,7,NYJ,,,,,,,,,,,,,,,,,,,,,,,0,0,0,0,28.0
MIN,DEF,MIN,7,BAL,,,,,,,,,,,,,,,,,,,,,,,0,0,0,0,16.0
Mack Hollins,WR,PHI,7,WAS,0,0,0,0,0,0,0,0,1,64,1,1,0,0,0,0,0,0,0,0,0,0,,,,,
Malcolm Brown,RB,LA,7,ARI,0,0,0,0,0,48,0,11,1,7,0,1,0,0,0,0,0,0,0,0,0,0,,,,,
Marcedes Lewis,TE,JAX,7,IND,0,0,0,0,0,0,0,0,2,29,1,3,0,0,0,0,0,0,0,0,0,0,,,,,
Marcus Johnson,WR,PHI,7,WAS,0,0,0,0,0,0,0,0,0,0,0,1,0,0,0,0,0,0,0,0,0,0,,,,,
Marcus Mariota,QB,TEN,7,CLE,203,0,34,21,0,8,0,1,0,0,0,0,0,0,0,0,0,0,0,0,0,0,,,,,
Mark Ingram,RB,NO,7,GB,0,0,0,0,0,105,1,22,4,5,0,5,0,0,0,0,0,0,0,0,0,0,,,,,
Marlon Mack,RB,IND,7,JAX,0,0,0,0,0,26,0,5,4,40,0,6,0,0,0,0,0,0,0,0,0,0,,,,,
Marqise Lee,WR,JAX,7,IND,0,0,1,0,0,0,0,0,4,72,0,6,0,0,0,0,0,0,0,0,0,0,,,,,
Marquise Goodwin,WR,SF,7,DAL,0,0,0,0,0,0,0,0,4,80,0,8,0,0,0,0,0,0,0,0,0,0,,,,,
Marshawn Lynch,RB,LV,7,KC,0,0,0,0,0,9,0,2,0,0,0,0,0,0,0,0,0,0,0,0,0,0,,,,,
Martavis Bryant,WR,PIT,7,CIN,0,0,0,0,0,2,0,1,1,3,0,2,0,0,0,0,0,0,0,0,0,0,,,,,
Martellus Bennett,TE,GB,7,NO,0,0,0,0,0,0,0,0,2,17,0,3,0,0,0,0,0,0,0,0,0,0,,,,,
Mason Crosby,K,GB,7,NO,0,0,0,0,0,0,0,0,0,0,0,0,0,0,0,0,0,0,1,0,0,2,,,,,
Matt Breida,RB,SF,7,DAL,0,0,0,0,0,5,0,3,0,0,0,1,0,0,0,0,0,0,0,0,0,0,,,,,
Matt Bryant,K,ATL,7,NE,0,0,0,0,0,0,0,0,0,0,0,0,0,0,0,0,0,0,0,0,0,1,,,,,
Matt Dayes,RB,CLE,7,TEN,0,0,0,0,0,0,0,0,0,0,0,0,0,0,0,0,0,0,0,0,0,0,,,,,
Matt Forte,RB,NYJ,7,MIA,0,0,0,0,0,41,0,7,5,41,0,5,0,0,0,0,0,0,0,0,0,0,,,,,
Matt Moore,QB,MIA,7,NYJ,188,2,21,13,1,0,0,0,0,0,0,0,0,0,0,0,0,0,0,0,0,0,,,,,
Matt Ryan,QB,ATL,7,NE,233,1,33,23,0,37,0,3,0,0,0,0,0,0,0,0,0,0,0,0,0,0,,,,,
Matthew Slater,WR,NE,7,ATL,0,0,0,0,0,0,0,0,0,0,0,0,0,0,0,0,0,0,0,0,0,0,,,,,
Melvin Gordon,RB,LAC,7,DEN,0,0,0,0,0,38,0,18,1,6,0,4,0,0,0,0,0,0,0,0,0,0,,,,,
Michael Campanaro,WR,BAL,7,MIN,0,0,0,0,0,19,0,1,3,31,0,3,0,0,0,0,0,0,0,0,0,0,,,,,
Michael Crabtree,WR,LV,7,KC,0,0,0,0,0,0,0,0,3,24,1,7,0,0,0,0,0,0,0,0,0,0,,,,,
Michael Thomas,WR,NO,7,GB,0,0,0,0,0,0,0,0,7,82,0,11,0,0,0,0,0,0,0,0,0,0,,,,,
Mike Evans,WR,TB,7,BUF,0,0,0,0,0,0,0,0,7,88,1,10,0,0,0,0,0,0,0,0,0,0,,,,,
Mike Gillislee,RB,NE,7,ATL,0,0,0,0,0,31,0,8,0,0,0,0,0,0,0,0,0,0,0,0,0,0,,,,,
Mike Wallace,WR,BAL,7,MIN,0,0,0,0,0,0,0,0,1,9,0,1,0,0,0,0,0,0,0,0,0,0,,,,,
Mike Williams,WR,LAC,7,DEN,0,0,0,0,0,0,0,0,0,0,0,2,0,0,0,0,0,0,0,0,0,0,,,,,
Mitchell Trubisky,QB,CHI,7,CAR,107,0,7,4,0,3,0,5,0,0,0,0,0,0,0,0,0,0,0,0,0,0,,,,,
Mohamed Sanu,WR,ATL,7,NE,0,0,0,0,0,0,0,0,6,65,0,10,0,0,0,0,0,0,0,0,0,0,,,,,
NE,DEF,NE,7,ATL,,,,,,,,,,,,,,,,,,,,,,,0,0,0,0,7.0
NO,DEF,NO,7,GB,,,,,,,,,,,,,,,,,,,,,,,0,0,0,0,17.0
NYG,DEF,NYG,7,SEA,,,,,,,,,,,,,,,,,,,,,,,0,0,0,0,24.0
NYJ,DEF,NYJ,7,MIA,,,,,,,,,,,,,,,,,,,,,,,0,0,0,0,31.0
Nelson Agholor,WR,PHI,7,WAS,0,0,0,0,0,0,0,0,4,45,1,5,0,0,0,0,0,0,0,0,0,0,,,,,
Nick Boyle,TE,BAL,7,MIN,0,0,0,0,0,0,0,0,2,12,0,3,0,0,0,0,0,0,0,0,0,0,,,,,
Nick Novak,K,LAC,7,DEN,0,0,0,0,0,0,0,0,0,0,0,0,0,0,0,0,0,0,0,0,0,3,,,,,
Nick O'Leary,TE,BUF,7,TB,0,0,0,0,0,0,0,0,2,58,0,2,0,0,0,0,0,0,0,0,0,0,,,,,
Nick Rose,K,WAS,7,PHI,0,0,0,0,0,0,0,0,0,0,0,0,0,0,0,0,1,0,0,0,0,3,,,,,
Nick Vannett,TE,SEA,7,NYG,0,0,0,0,0,0,0,0,1,12,0,1,0,0,0,0,0,0,0,0,0,0,,,,,
Niles Paul,TE,WAS,7,PHI,0,0,0,0,0,0,0,0,1,32,0,1,0,0,0,0,0,0,0,0,0,0,,,,,
O.J. Howard,TE,TB,7,BUF,0,0,0,0,0,0,0,0,6,98,2,6,0,0,0,0,0,0,0,0,0,0,,,,,
Orleans Darkwa,RB,NYG,7,SEA,0,0,0,0,0,35,0,9,3,13,0,3,0,0,0,0,0,0,0,0,0,0,,,,,
PHI,DEF,PHI,7,WAS,,,,,,,,,,,,,,,,,,,,,,,0,0,0,0,24.0
PIT,DEF,PIT,7,CIN,,,,,,,,,,,,,,,,,,,,,,,0,0,0,0,14.0
Patrick Murray,K,TB,7,BUF,0,0,0,0,0,0,0,0,0,0,0,0,0,0,0,0,1,0,0,1,0,3,,,,,
Paul Richardson,WR,SEA,7,NYG,0,0,0,0,0,0,0,0,2,61,1,2,0,0,0,0,0,0,0,0,0,0,,,,,
Peyton Barber,RB,TB,7,BUF,0,0,0,0,0,0,0,0,0,0,0,0,0,0,0,0,0,0,0,0,0,0,,,,,
Pharoh Cooper,WR,LA,7,ARI,0,0,0,0,0,0,0,0,0,0,0,0,0,0,0,0,0,0,0,0,0,0,,,,,
Phil Dawson,K,ARI,7,LA,0,0,0,0,0,0,0,0,0,0,0,0,0,0,0,0,0,0,0,0,0,0,,,,,
Philip Rivers,QB,LAC,7,DEN,183,2,26,15,0,0,0,0,0,0,0,0,0,0,0,0,0,0,0,0,0,0,,,,,
Phillip Dorsett,WR,NE,7,ATL,0,0,0,0,0,0,0,0,0,0,0,0,0,0,0,0,0,0,0,0,0,0,,,,,
Pierre Garcon,WR,SF,7,DAL,0,0,0,0,0,0,0,0,5,49,0,7,0,0,0,0,0,0,0,0,0,0,,,,,
Quan Bray,WR,IND,7,JAX,0,0,0,0,0,0,0,0,2,17,0,2,0,0,0,0,0,0,0,0,0,0,,,,,
Raheem Mostert,RB,SF,7,DAL,0,0,0,0,0,0,0,0,0,0,0,0,0,0,0,0,0,0,0,0,0,0,,,,,
Randall Cobb,WR,GB,7,NO,0,0,0,0,0,0,0,0,2,15,0,4,0,0,0,0,0,0,0,0,0,0,,,,,
Randy Bullock,K,CIN,7,PIT,0,0,0,0,0,0,0,0,0,0,0,0,0,0,0,0,0,0,0,0,0,2,,,,,
Rashard Higgins,WR,CLE,7,TEN,0,0,0,0,0,0,0,0,1,11,0,3,0,0,0,0,0,0,0,0,0,0,,,,,
Rex Burkhead,RB,NE,7,ATL,0,0,0,0,0,31,0,6,1,11,0,1,0,0,0,0,0,0,0,0,0,0,,,,,
Rhett Ellison,TE,NYG,7,SEA,0,0,0,0,0,0,0,0,0,0,0,1,0,0,0,0,0,0,0,0,0,0,,,,,
Ricardo Louis,WR,CLE,7,TEN,0,0,0,0,0,0,0,0,3,21,0,4,0,0,0,0,0,0,0,0,0,0,,,,,
Richard Rodgers,TE,GB,7,NO,0,0,0,0,0,0,0,0,0,0,0,0,0,0,0,0,0,0,0,0,0,0,,,,,
Rishard Matthews,WR,TEN,7,CLE,0,0,0,0,0,0,0,0,3,40,0,6,0,0,0,0,0,0,0,0,0,0,,,,,
Rob Gronkowski,TE,NE,7,ATL,0,0,0,0,0,0,0,0,3,51,0,7,0,0,0,0,0,0,0,0,0,0,,,,,
Rob Kelley,RB,WAS,7,PHI,0,0,0,0,0,16,0,7,2,14,0,2,0,0,0,0,0,0,0,0,0,0,,,,,
Robbie Chosen,WR,NYJ,7,MIA,0,0,0,0,0,0,0,0,3,35,1,5,0,0,0,0,0,0,0,0,0,0,,,,,
Robbie Gould,K,SF,7,DAL,0,0,0,0,0,0,0,0,0,0,0,0,0,0,0,0,0,0,1,0,0,1,,,,,
Robert Woods,WR,LA,7,ARI,0,0,0,0,0,4,0,1,5,59,0,7,0,0,0,0,0,0,0,0,0,0,,,,,
Rod Smith,RB,DAL,7,SF,0,0,0,0,0,61,0,8,1,5,0,2,0,0,0,0,0,0,0,0,0,0,,,,,
Roger Lewis,WR,NYG,7,SEA,0,0,0,0,0,0,0,0,1,12,0,6,0,0,0,0,0,0,0,0,0,0,,,,,
Ross Travis,TE,KC,7,LV,0,0,0,0,0,0,0,0,1,3,0,1,0,0,0,0,0,0,0,0,0,0,,,,,
Russell Shepard,WR,CAR,7,CHI,0,0,0,0,0,0,0,0,2,20,0,3,0,0,0,0,0,0,0,0,0,0,,,,,
Russell Wilson,QB,SEA,7,NYG,334,3,39,27,0,10,0,2,0,0,0,0,0,0,0,0,0,0,0,0,0,0,,,,,
Ryan Grant,WR,WAS,7,PHI,0,0,0,0,0,0,0,0,3,19,0,3,0,0,0,0,0,0,0,0,0,0,,,,,
Ryan Succop,K,TEN,7,CLE,0,0,0,0,0,0,0,0,0,0,0,0,0,0,0,0,1,0,3,0,0,0,,,,,
Ryan Switzer,WR,DAL,7,SF,0,0,0,0,0,3,0,1,1,2,0,1,0,0,0,0,0,0,0,0,0,0,,,,,
SEA,DEF,SEA,7,NYG,,,,,,,,,,,,,,,,,,,,,,,0,0,0,0,7.0
SF,DEF,SF,7,DAL,,,,,,,,,,,,,,,,,,,,,,,0,0,0,0,40.0
Sammie Coates,WR,CLE,7,TEN,0,0,0,0,0,0,0,0,0,0,0,0,0,0,0,0,0,0,0,0,0,0,,,,,
Sammy Watkins,WR,LA,7,ARI,0,0,0,0,0,0,0,0,3,42,0,5,0,0,0,0,0,0,0,0,0,0,,,,,
Sean Mannion,QB,LA,7,ARI,0,0,0,0,0,-1,0,1,0,0,0,0,0,0,0,0,0,0,0,0,0,0,,,,,
Seth DeValve,TE,CLE,7,TEN,0,0,0,0,0,0,0,0,2,27,0,4,0,0,0,0,0,0,0,0,0,0,,,,,
Seth Roberts,WR,LV,7,KC,0,0,0,0,0,0,0,0,1,15,0,6,0,0,0,0,0,0,0,0,0,0,,,,,
Shane Vereen,RB,NYG,7,SEA,0,0,0,0,0,4,0,2,3,2,0,4,0,0,0,0,0,0,0,0,0,0,,,,,
Stephen Gostkowski,K,NE,7,ATL,0,0,0,0,0,0,0,0,0,0,0,0,0,0,0,0,2,1,0,0,0,2,,,,,
Steven Hauschka,K,BUF,7,TB,0,0,0,0,0,0,0,0,0,0,0,0,0,0,0,0,1,1,0,1,0,3,,,,,
T.J. Yeldon,RB,JAX,7,IND,0,0,0,0,0,122,1,9,2,15,0,2,0,0,0,0,0,0,0,0,0,0,,,,,
T.Y. Hilton,WR,IND,7,JAX,0,0,0,0,0,0,0,0,2,27,0,8,0,0,0,0,0,0,0,0,0,0,,,,,
TB,DEF,TB,7,BUF,,,,,,,,,,,,,,,,,,,,,,,0,0,0,0,30.0
TEN,DEF,TEN,7,CLE,,,,,,,,,,,,,,,,,,,,,,,0,0,0,0,9.0
Taiwan Jones,RB,BUF,7,TB,0,0,0,0,0,0,0,0,1,11,0,2,0,0,0,0,0,0,0,0,0,0,,,,,
Tanner Gentry,WR,CHI,7,CAR,0,0,0,0,0,0,0,0,1,8,0,1,0,0,0,0,0,0,0,0,0,0,,,,,
Tanner McEvoy,WR,SEA,7,NYG,0,0,0,0,0,0,0,0,0,0,0,0,0,0,0,0,0,0,0,0,0,0,,,,,
Tarik Cohen,RB,CHI,7,CAR,0,0,0,0,0,0,0,0,1,70,0,3,0,0,0,0,0,0,0,0,0,0,,,,,
Tavarres King,WR,NYG,7,SEA,0,0,0,0,0,-8,0,1,1,1,0,3,0,0,0,0,0,0,0,0,0,0,,,,,
Tavon Austin,WR,LA,7,ARI,0,0,0,0,0,27,0,3,2,15,0,2,0,0,0,0,0,0,0,0,0,0,,,,,
Taylor Gabriel,WR,ATL,7,NE,0,0,0,0,0,-5,0,1,2,24,0,2,0,0,0,0,0,0,0,0,0,0,,,,,
Taywan Taylor,WR,TEN,7,CLE,0,0,0,0,0,0,0,0,3,45,0,4,0,0,0,0,0,0,0,0,0,0,,,,,
Ted Ginn,WR,NO,7,GB,0,0,0,0,0,0,0,0,7,141,0,7,0,0,0,0,0,0,0,0,0,0,,,,,
Terrance Williams,WR,DAL,7,SF,0,0,0,0,0,0,0,0,0,0,0,3,0,0,0,0,0,0,0,0,0,0,,,,,
Terrell Watson,RB,PIT,7,CIN,0,0,0,0,0,0,0,1,0,0,0,0,0,0,0,0,0,0,0,0,0,0,,,,,
Terrelle Pryor,WR,WAS,7,PHI,0,0,0,0,0,0,0,0,2,14,0,4,0,0,0,0,0,0,0,0,0,0,,,,,
Terron Ward,RB,ATL,7,NE,0,0,0,0,0,0,0,0,0,0,0,0,0,0,0,0,0,0,0,0,0,0,,,,,
Tevin Coleman,RB,ATL,7,NE,0,0,0,0,0,16,0,6,0,0,0,1,0,0,0,0,0,0,0,0,0,0,,,,,
Thomas Rawls,RB,SEA,7,NYG,0,0,0,0,0,36,0,11,1,16,0,2,0,0,0,0,0,0,0,0,0,0,,,,,
Todd Gurley,RB,LA,7,ARI,0,0,0,0,0,106,1,22,4,48,0,8,0,0,0,0,0,0,0,0,0,0,,,,,
Tom Brady,QB,NE,7,ATL,249,2,29,21,0,5,0,5,0,0,0,0,0,0,0,0,0,0,0,0,0,0,,,,,
Tommylee Lewis,WR,NO,7,GB,0,0,0,0,0,0,0,0,0,0,0,1,0,0,0,0,0,0,0,0,0,0,,,,,
Torrey Smith,WR,PHI,7,WAS,0,0,0,0,0,0,0,0,0,0,0,1,0,0,0,0,0,0,0,0,0,0,,,,,
Travis Benjamin,WR,LAC,7,DEN,0,0,0,0,0,4,0,1,1,42,1,1,1,0,0,0,0,0,0,0,0,0,,,,,
Travis Kelce,TE,KC,7,LV,0,0,0,0,0,0,0,0,4,33,1,5,0,0,0,0,0,0,0,0,0,0,,,,,
Travis Rudolph,WR,NYG,7,SEA,0,0,0,0,0,0,0,0,3,32,0,6,0,0,0,0,0,0,0,0,0,0,,,,,
Trent Taylor,WR,SF,7,DAL,0,0,0,0,0,0,0,0,5,39,0,5,0,0,0,0,0,0,0,0,0,0,,,,,
Trevor Davis,WR,GB,7,NO,0,0,0,0,0,0,0,0,0,0,0,0,0,0,0,0,0,0,0,0,0,0,,,,,
Trevor Siemian,QB,DEN,7,LAC,207,0,35,25,1,14,0,2,0,0,0,0,0,0,0,0,0,0,0,0,0,0,,,,,
Trey Burton,TE,PHI,7,WAS,0,0,0,0,0,0,0,0,1,7,0,1,0,0,0,0,0,0,0,0,0,0,,,,,
Troy Niklas,TE,ARI,7,LA,0,0,0,0,0,0,0,0,0,0,0,1,0,0,0,0,0,0,0,0,0,0,,,,,
Ty Montgomery,WR,GB,7,NO,0,0,0,0,0,6,0,4,1,9,0,2,0,0,0,0,0,0,0,0,0,0,,,,,
Tyler Higbee,TE,LA,7,ARI,0,0,0,0,0,0,0,0,3,13,0,3,0,0,0,0,0,0,0,0,0,0,,,,,
Tyler Kroft,TE,CIN,7,PIT,0,0,0,0,0,0,0,0,4,23,1,4,0,0,0,0,0,0,0,0,0,0,,,,,
Tyler Lockett,WR,SEA,7,NYG,0,0,0,0,0,15,0,3,4,29,0,7,0,0,0,0,0,0,0,0,0,0,,,,,
Tyreek Hill,WR,KC,7,LV,0,0,0,0,0,7,0,2,6,125,1,8,0,0,0,0,0,0,0,0,0,0,,,,,
Tyrell Williams,WR,LAC,7,DEN,0,0,0,0,0,0,0,0,1,11,0,1,0,0,0,0,0,0,0,0,0,0,,,,,
Tyrod Taylor,QB,BUF,7,TB,268,1,33,20,0,53,0,6,0,0,0,0,0,0,0,0,0,0,0,0,0,0,,,,,
Vance McDonald,TE,PIT,7,CIN,0,0,0,0,0,0,0,0,2,37,0,3,0,0,0,0,0,0,0,0,0,0,,,,,
Vernon Davis,TE,WAS,7,PHI,0,0,0,0,0,0,0,0,4,67,0,4,0,0,0,0,0,0,0,0,0,0,,,,,
Vince Mayle,TE,BAL,7,MIN,0,0,0,0,0,0,0,1,0,0,0,0,0,0,0,0,0,0,0,0,0,0,,,,,
Virgil Green,TE,DEN,7,LAC,0,0,0,0,0,0,0,0,1,7,0,2,0,0,0,0,0,0,0,0,0,0,,,,,
WAS,DEF,WAS,7,PHI,,,,,,,,,,,,,,,,,,,,,,,0,0,0,0,34.0
Wayne Gallman,RB,NYG,7,SEA,0,0,0,0,0,15,0,5,2,14,0,3,0,0,0,0,0,0,0,0,0,0,,,,,
Wendell Smallwood,RB,PHI,7,WAS,0,0,0,0,0,25,0,8,2,14,0,2,0,0,0,0,0,0,0,0,0,0,,,,,
Wil Lutz,K,NO,7,GB,0,0,0,0,0,0,0,0,0,0,0,0,0,0,0,0,1,0,1,0,0,2,,,,,
Xavier Grimble,TE,PIT,7,CIN,0,0,0,0,0,0,0,0,1,12,0,1,0,0,0,0,0,0,0,0,0,0,,,,,
Zach Ertz,TE,PHI,7,WAS,0,0,0,0,0,0,0,0,5,89,1,5,0,0,0,0,0,0,0,0,0,0,,,,,
Zach Miller,TE,CHI,7,CAR,0,0,0,0,0,0,0,0,2,29,0,3,0,0,0,0,0,0,0,0,0,0,,,,,
Zane Gonzalez,K,CLE,7,TEN,0,0,0,0,0,0,0,0,0,0,0,0,0,0,0,0,0,1,1,1,0,0,,,,,
Zay Jones,WR,BUF,7,TB,0,0,0,0,0,0,0,0,2,17,0,9,0,0,0,0,0,0,0,0,0,0,,,,,
A.J. Derby,TE,DEN,8,KC,0,0,0,0,0,0,0,0,2,21,1,4,0,0,0,0,0,0,0,0,0,0,,,,,
A.J. Green,WR,CIN,8,IND,0,0,0,0,0,0,0,0,3,27,1,8,0,0,0,0,0,0,0,0,0,0,,,,,
ATL,DEF,ATL,8,NYJ,,,,,,,,,,,,,,,,,,,,,,,0,0,0,0,20.0
Adam Humphries,WR,TB,8,CAR,0,0,0,0,0,0,0,0,4,26,0,6,0,0,0,0,0,0,0,0,0,0,,,,,
Adam Shaheen,TE,CHI,8,NO,0,0,0,0,0,0,0,0,0,0,0,1,0,0,0,0,0,0,0,0,0,0,,,,,
Adam Thielen,WR,MIN,8,CLE,0,0,0,0,0,0,0,0,5,98,1,10,0,0,0,0,0,0,0,0,0,0,,,,,
Adam Vinatieri,K,IND,8,CIN,0,0,0,0,0,0,0,0,0,0,0,0,0,0,0,0,2,1,0,0,0,2,,,,,
Akeem Hunt,RB,KC,8,DEN,0,0,0,0,0,0,0,0,0,0,0,0,0,0,0,0,0,0,0,0,0,0,,,,,
Albert Wilson,WR,KC,8,DEN,0,0,0,0,0,0,0,0,0,0,0,1,0,0,0,0,0,0,0,0,0,0,,,,,
Aldrick Robinson,WR,SF,8,PHI,0,0,0,0,0,0,0,0,0,0,0,2,0,0,0,0,0,0,0,0,0,0,,,,,
Alex Collins,RB,BAL,8,MIA,0,0,0,0,0,113,0,18,2,30,0,2,0,0,0,0,0,0,0,0,0,0,,,,,
Alex Erickson,WR,CIN,8,IND,0,0,0,0,0,14,0,1,0,0,0,0,0,0,0,0,0,0,0,0,0,0,,,,,
Alex Smith,QB,KC,8,DEN,202,1,31,14,0,33,0,4,0,0,0,0,0,0,0,0,0,0,0,0,0,0,,,,,
Alfred Blue,RB,HOU,8,SEA,0,0,0,0,0,21,0,5,0,0,0,0,0,0,0,0,0,0,0,0,0,0,,,,,
Alfred Morris,RB,DAL,8,WAS,0,0,0,0,0,3,0,3,0,0,0,0,0,0,0,0,0,0,0,0,0,0,,,,,
Alshon Jeffery,WR,PHI,8,SF,0,0,0,0,0,0,0,0,2,62,1,8,0,0,1,0,0,0,0,0,0,0,,,,,
Alvin Kamara,RB,NO,8,CHI,0,0,0,0,0,28,1,8,3,48,0,3,0,0,0,0,0,0,0,0,0,0,,,,,
Amari Cooper,WR,LV,8,BUF,0,0,0,0,0,4,0,1,5,48,0,10,0,0,0,0,0,0,0,0,0,0,,,,,
Ameer Abdullah,RB,DET,8,PIT,0,0,0,0,0,27,0,11,3,11,0,3,0,0,0,0,0,0,0,0,0,0,,,,,
Andre Holmes,WR,BUF,8,LV,0,0,0,0,0,0,0,0,3,51,1,4,0,0,0,0,0,0,0,0,0,0,,,,,
Andre Roberts,WR,ATL,8,NYJ,0,0,0,0,0,0,0,0,0,0,0,0,0,0,0,0,0,0,0,0,0,0,,,,,
Andy Dalton,QB,CIN,8,IND,243,2,29,17,0,10,0,3,0,0,0,0,0,0,0,0,0,0,0,0,0,0,,,,,
Anthony Fasano,TE,MIA,8,BAL,0,0,0,0,0,0,0,0,2,11,0,2,0,0,0,0,0,0,0,0,0,0,,,,,
Antonio Brown,WR,PIT,8,DET,0,0,0,0,0,0,0,0,5,70,0,10,0,0,0,0,0,0,0,0,0,0,,,,,
Antonio Gates,TE,LAC,8,NE,0,0,0,0,0,0,0,0,2,25,0,2,0,0,0,0,0,0,0,0,0,0,,,,,
Austin Ekeler,RB,LAC,8,NE,0,0,0,0,0,8,0,2,1,13,0,1,0,0,0,0,0,0,0,0,0,0,,,,,
Austin Hooper,TE,ATL,8,NYJ,0,0,0,0,0,0,0,0,4,47,1,6,0,0,0,0,0,0,0,0,0,0,,,,,
Austin Seferian-Jenkins,TE,NYJ,8,ATL,0,0,0,0,0,0,0,0,5,28,0,5,0,0,0,0,0,0,0,0,0,0,,,,,
BAL,DEF,BAL,8,MIA,,,,,,,,,,,,,,,,,,,,,,,2,0,0,0,0.0
BUF,DEF,BUF,8,LV,,,,,,,,,,,,,,,,,,,,,,,0,0,0,0,14.0
Ben Roethlisberger,QB,PIT,8,DET,317,1,31,17,1,-2,0,3,0,0,0,0,0,0,0,0,0,0,0,0,0,0,,,,,
Benjamin Watson,TE,BAL,8,MIA,0,0,0,0,0,0,0,0,2,6,1,4,0,0,0,0,0,0,0,0,0,0,,,,,
Bennie Fowler,WR,DEN,8,KC,0,0,0,0,0,0,0,0,2,35,0,6,0,0,0,0,0,0,0,0,0,0,,,,,
Benny Cunningham,RB,CHI,8,NO,0,0,0,0,0,0,0,1,1,0,0,1,0,0,0,0,0,0,0,0,0,0,,,,,
Bernard Reedy,WR,TB,8,CAR,0,0,0,0,0,0,0,0,0,0,0,0,0,0,0,0,0,0,0,0,0,0,,,,,
Bilal Powell,RB,NYJ,8,ATL,0,0,0,0,0,33,0,14,3,28,0,3,0,0,0,0,0,0,0,0,0,0,,,,,
Blair Walsh,K,SEA,8,HOU,0,0,0,0,0,0,0,0,0,0,0,0,0,0,0,0,2,0,0,0,0,5,,,,,
Bobby Rainey,RB,BAL,8,MIA,0,0,0,0,0,0,0,0,0,0,0,0,0,0,0,0,0,0,0,0,0,0,,,,,
Branden Oliver,RB,LAC,8,NE,0,0,0,0,0,3,0,3,0,0,0,0,0,0,0,0,0,0,0,0,0,0,,,,,
Brandin Cooks,WR,NE,8,LAC,0,0,0,0,0,0,0,0,5,26,0,8,0,0,0,0,0,0,0,0,0,0,,,,,
Brandon Bolden,RB,NE,8,LAC,0,0,0,0,0,0,0,0,0,0,0,0,0,0,0,0,0,0,0,0,0,0,,,,,
Brandon Coleman,WR,NO,8,CHI,0,0,0,0,0,0,0,0,1,54,0,1,0,0,0,0,0,0,0,0,0,0,,,,,
Brandon LaFell,WR,CIN,8,IND,0,0,0,0,0,0,0,0,4,44,0,5,0,0,0,0,0,0,0,0,0,0,,,,,
Brandon McManus,K,DEN,8,KC,0,0,0,0,0,0,0,0,0,0,0,0,0,0,0,0,1,1,0,0,0,1,,,,,
Brandon Tate,WR,BUF,8,LV,0,0,0,0,0,0,0,0,1,24,0,1,0,0,0,0,0,0,0,0,0,0,,,,,
Brent Celek,TE,PHI,8,SF,0,0,0,0,0,0,0,0,1,14,0,2,0,0,0,0,0,0,0,0,0,0,,,,,
Breshad Perriman,WR,BAL,8,MIA,0,0,0,0,0,0,0,0,0,0,0,2,0,0,0,0,0,0,0,0,0,0,,,,,
Brice Butler,WR,DAL,8,WAS,0,0,0,0,0,0,0,0,0,0,0,1,0,0,0,0,0,0,0,0,0,0,,,,,
Bruce Ellington,WR,HOU,8,SEA,0,0,0,0,0,0,0,0,1,13,0,4,0,0,0,0,0,0,0,0,0,0,,,,,
Bryce Treggs,WR,CLE,8,MIN,0,0,0,0,0,0,0,0,1,12,0,3,0,0,0,0,0,0,0,0,0,0,,,,,
C.J. Anderson,RB,DEN,8,KC,0,0,0,0,0,78,0,15,1,7,0,1,0,0,0,0,0,0,0,0,0,0,,,,,
C.J. Beathard,QB,SF,8,PHI,167,1,36,17,2,40,0,6,0,0,0,0,0,0,0,0,0,0,0,0,0,0,,,,,
C.J. Uzomah,TE,CIN,8,IND,0,0,0,0,0,0,0,0,0,0,0,0,0,0,0,0,0,0,0,0,0,0,,,,,
CAR,DEF,CAR,8,TB,,,,,,,,,,,,,,,,,,,,,,,0,0,0,0,3.0
CHI,DEF,CHI,8,NO,,,,,,,,,,,,,,,,,,,,,,,0,0,0,0,20.0
CIN,DEF,CIN,8,IND,,,,,,,,,,,,,,,,,,,,,,,1,0,0,0,23.0
CLE,DEF,CLE,8,MIN,,,,,,,,,,,,,,,,,,,,,,,0,0,0,0,33.0
Cam Newton,QB,CAR,8,TB,154,1,32,18,1,44,0,11,0,0,0,0,0,0,0,0,0,0,0,0,0,0,,,,,
Cameron Artis-Payne,RB,CAR,8,TB,0,0,0,0,0,8,0,4,1,2,0,1,0,0,0,0,0,0,0,0,0,0,,,,,
Cameron Brate,TE,TB,8,CAR,0,0,0,0,0,0,0,0,4,64,0,5,0,0,0,0,0,0,0,0,0,0,,,,,
Carlos Hyde,RB,SF,8,PHI,0,0,0,0,0,25,0,12,4,22,0,9,0,0,0,0,0,0,0,0,0,0,,,,,
Carson Wentz,QB,PHI,8,SF,211,2,32,18,1,7,0,2,0,0,0,0,0,0,1,0,0,0,0,0,0,0,,,,,
Case Keenum,QB,MIN,8,CLE,288,2,43,27,1,0,0,0,0,0,0,0,0,0,0,0,0,0,0,0,0,0,,,,,
Chad Hansen,WR,NYJ,8,ATL,0,0,0,0,0,0,0,0,0,0,0,0,0,0,0,0,0,0,0,0,0,0,,,,,
Chandler Catanzaro,K,NYJ,8,ATL,0,0,0,0,0,0,0,0,0,0,0,0,0,0,0,0,0,0,2,0,0,2,,,,,
Charcandrick West,RB,KC,8,DEN,0,0,0,0,0,0,0,0,1,4,0,2,0,0,0,0,0,0,0,0,0,0,,,,,
Chester Rogers,WR,IND,8,CIN,0,0,0,0,0,0,0,0,2,9,0,2,0,0,0,0,0,0,0,0,0,0,,,,,
Chris Boswell,K,PIT,8,DET,0,0,0,0,0,0,0,0,0,0,0,0,0,0,0,0,0,2,0,0,0,2,,,,,
Chris Godwin Jr.,WR,TB,8,CAR,0,0,0,0,0,0,0,0,1,8,0,2,0,0,0,0,0,0,0,0,0,0,,,,,
Chris Hogan,WR,NE,8,LAC,0,0,0,0,0,0,0,0,5,60,0,7,0,0,0,0,0,0,0,0,0,0,,,,,
Chris Moore,WR,BAL,8,MIA,0,0,0,0,0,0,0,0,0,0,0,0,0,1,0,0,0,0,0,0,0,0,,,,,
Chris Thompson,RB,WAS,8,DAL,0,0,0,0,0,18,0,4,8,76,0,9,0,0,0,0,0,0,0,0,0,0,,,,,
Chris Thompson,WR,HOU,8,SEA,0,0,0,0,0,0,0,0,0,0,0,0,0,0,0,0,0,0,0,0,0,0,,,,,
Christian McCaffrey,RB,CAR,8,TB,0,0,0,0,0,3,0,4,5,49,0,7,0,0,0,0,0,0,0,0,0,0,,,,,
Coby Fleener,TE,NO,8,CHI,0,0,0,0,0,0,0,0,1,-1,0,1,0,0,0,0,0,0,0,0,0,0,,,,,
Cody Latimer,WR,DEN,8,KC,0,0,0,0,0,0,0,0,2,15,0,3,0,0,0,0,0,0,0,0,0,0,,,,,
Cody Parkey,K,MIA,8,BAL,0,0,0,0,0,0,0,0,0,0,0,0,0,0,0,0,0,0,0,0,0,0,,,,,
Cole Beasley,WR,DAL,8,WAS,0,0,0,0,0,0,0,0,2,8,0,3,0,0,0,0,0,0,0,0,0,0,,,,,
Cole Hikutini,TE,SF,8,PHI,0,0,0,0,0,0,0,0,1,10,0,1,0,0,0,0,0,0,0,0,0,0,,,,,
Connor Barth,K,CHI,8,NO,0,0,0,0,0,0,0,0,0,0,0,0,0,0,0,0,1,0,1,0,0,0,,,,,
Cordarrelle Patterson,RB,LV,8,BUF,0,0,0,0,0,0,0,0,3,7,0,4,0,0,0,0,0,0,0,0,0,0,,,,,
Corey Clement,RB,PHI,8,SF,0,0,0,0,0,54,0,10,0,0,0,1,0,0,0,0,0,0,0,0,0,0,,,,,
Curtis Samuel,WR,CAR,8,TB,0,0,0,0,0,11,0,1,2,15,0,3,0,0,0,0,0,0,0,0,0,0,,,,,
DAL,DEF,DAL,8,WAS,,,,,,,,,,,,,,,,,,,,,,,1,0,0,0,19.0
DEN,DEF,DEN,8,KC,,,,,,,,,,,,,,,,,,,,,,,0,0,0,0,29.0
DET,DEF,DET,8,PIT,,,,,,,,,,,,,,,,,,,,,,,0,0,0,0,20.0
Dak Prescott,QB,DAL,8,WAS,143,0,22,14,0,16,0,3,0,0,0,0,0,0,0,0,0,0,0,0,0,0,,,,,
Damien Williams,RB,MIA,8,BAL,0,0,0,0,0,0,0,0,1,-1,0,2,0,0,0,0,0,0,0,0,0,0,,,,,
Daniel Brown,TE,CHI,8,NO,0,0,0,0,0,0,0,0,1,9,0,1,0,0,0,0,0,0,0,0,0,0,,,,,
Danny Amendola,WR,NE,8,LAC,0,0,0,0,0,0,0,0,2,14,0,6,0,0,0,0,0,0,0,0,0,0,,,,,
Danny Vitale,RB,CLE,8,MIN,0,0,0,0,0,0,0,0,0,0,0,0,0,0,0,0,0,0,0,0,0,0,,,,,
Darren Fells,TE,DET,8,PIT,0,0,0,0,0,0,0,0,1,12,0,3,0,0,0,0,0,0,0,0,0,0,,,,,
Darrius Heyward-Bey,WR,PIT,8,DET,0,0,0,0,0,0,0,0,0,0,0,1,0,0,0,0,0,0,0,0,0,0,,,,,
David Morgan,TE,MIN,8,CLE,0,0,0,0,0,0,0,0,3,28,0,3,0,0,0,0,0,0,0,0,0,0,,,,,
David Njoku,TE,CLE,8,MIN,0,0,0,0,0,0,0,0,2,19,0,7,0,0,0,0,0,0,0,0,0,0,,,,,
De'Anthony Thomas,WR,KC,8,DEN,0,0,0,0,0,0,0,0,0,0,0,0,0,0,0,0,0,0,0,0,0,0,,,,,
DeAndre Hopkins,WR,HOU,8,SEA,0,0,0,0,0,0,0,0,8,224,1,11,0,0,0,0,0,0,0,0,0,0,,,,,
DeAndre Washington,RB,LV,8,BUF,0,0,0,0,0,26,0,6,8,62,1,10,0,0,0,0,0,0,0,0,0,0,,,,,
DeSean Jackson,WR,TB,8,CAR,0,0,0,0,0,0,0,0,3,37,0,8,0,0,0,0,0,0,0,0,0,0,,,,,
DeShone Kizer,QB,CLE,8,MIN,179,0,34,18,0,18,1,5,0,0,0,0,0,0,0,0,0,0,0,0,0,0,,,,,
Demarcus Robinson,WR,KC,8,DEN,0,0,0,0,0,0,0,0,1,5,0,1,0,0,0,0,0,0,0,0,0,0,,,,,
Demaryius Thomas,WR,DEN,8,KC,0,0,0,0,0,0,0,0,5,66,0,9,0,0,0,0,0,0,0,0,0,0,,,,,
Demetrius Harris,TE,KC,8,DEN,0,0,0,0,0,0,0,0,0,0,0,2,0,0,0,0,0,0,0,0,0,0,,,,,
Deonte Thompson,WR,BUF,8,LV,0,0,0,0,0,0,0,0,1,5,0,1,0,0,0,0,0,0,0,0,0,0,,,,,
Derek Carr,QB,LV,8,BUF,313,1,49,31,2,0,0,0,0,0,0,0,0,0,0,0,0,0,0,0,0,0,,,,,
Deshaun Watson,QB,HOU,8,SEA,402,4,30,19,3,67,0,8,0,0,0,0,0,0,0,0,0,0,0,0,0,0,,,,,
Devin Funchess,WR,CAR,8,TB,0,0,0,0,0,0,0,0,2,11,0,6,0,0,0,0,0,0,0,0,0,0,,,,,
Devonta Freeman,RB,ATL,8,NYJ,0,0,0,0,0,41,0,12,1,20,0,3,0,0,0,0,0,0,0,0,0,0,,,,,
Devontae Booker,RB,DEN,8,KC,0,0,0,0,0,40,1,6,3,14,0,3,0,0,0,0,0,0,0,0,0,0,,,,,
Dez Bryant,WR,DAL,8,WAS,0,0,0,0,0,0,0,0,4,39,0,6,0,0,0,0,0,0,0,0,0,0,,,,,
Dion Lewis,RB,NE,8,LAC,0,0,0,0,0,44,0,15,2,10,0,2,0,0,0,0,0,0,0,0,0,0,,,,,
Dion Sims,TE,CHI,8,NO,0,0,0,0,0,0,0,0,3,15,0,5,0,0,0,0,0,0,0,0,0,0,,,,,
Donte Moncrief,WR,IND,8,CIN,0,0,0,0,0,0,0,0,0,0,0,1,0,0,0,0,0,0,0,0,0,0,,,,,
Doug Baldwin,WR,SEA,8,HOU,0,0,0,0,0,0,0,0,6,54,0,10,0,0,0,0,0,0,0,0,0,0,,,,,
Doug Martin,RB,TB,8,CAR,0,0,0,0,0,71,0,18,1,4,0,2,0,0,0,0,0,0,0,0,0,0,,,,,
Drew Brees,QB,NO,8,CHI,299,0,28,23,0,-2,0,4,0,0,0,0,0,0,0,0,0,0,0,0,0,0,,,,,
Duke Johnson,RB,CLE,8,MIN,0,0,0,0,0,33,0,6,4,10,0,5,0,0,0,0,0,0,0,0,0,0,,,,,
Dwayne Washington,RB,DET,8,PIT,0,0,0,0,0,12,0,6,1,4,0,1,0,0,0,0,0,0,0,0,0,0,,,,,
Ed Dickson,TE,CAR,8,TB,0,0,0,0,0,0,0,0,4,24,0,5,0,0,0,0,0,0,0,0,0,0,,,,,
Eddie Lacy,RB,SEA,8,HOU,0,0,0,0,0,0,0,6,0,0,0,0,0,0,0,0,0,0,0,0,0,0,,,,,
Eli Rogers,WR,PIT,8,DET,0,0,0,0,0,0,0,0,0,0,0,1,0,0,0,0,0,0,0,0,0,0,,,,,
Elijah McGuire,RB,NYJ,8,ATL,0,0,0,0,0,2,0,1,0,0,0,0,0,0,0,0,0,0,0,0,0,0,,,,,
Eric Ebron,TE,DET,8,PIT,0,0,0,0,0,0,0,0,2,58,0,6,0,0,0,0,0,0,0,0,0,0,,,,,
Eric Tomlinson,TE,NYJ,8,ATL,0,0,0,0,0,0,0,0,1,20,1,1,0,0,0,0,0,0,0,0,0,0,,,,,
Ezekiel Elliott,RB,DAL,8,WAS,0,0,0,0,0,150,2,33,1,4,0,2,0,0,0,0,0,0,0,0,0,0,,,,,
Frank Gore,RB,IND,8,CIN,0,0,0,0,0,82,0,16,4,19,0,4,0,0,0,0,0,0,0,0,0,0,,,,,
Garrett Celek,TE,SF,8,PHI,0,0,0,0,0,0,0,0,1,24,0,2,0,0,0,0,0,0,0,0,0,0,,,,,
Geoff Swaim,TE,DAL,8,WAS,0,0,0,0,0,0,0,0,1,18,0,1,0,0,0,0,0,0,0,0,0,0,,,,,
George Kittle,TE,SF,8,PHI,0,0,0,0,0,0,0,0,2,22,0,4,0,0,0,0,0,0,0,0,0,0,,,,,
Giorgio Tavecchio,K,LV,8,BUF,0,0,0,0,0,0,0,0,0,0,0,0,0,0,0,0,0,0,0,0,0,2,,,,,
Giovani Bernard,RB,CIN,8,IND,0,0,0,0,0,5,0,2,0,0,0,2,0,0,0,0,0,0,0,0,0,0,,,,,
Golden Tate,WR,DET,8,PIT,0,0,0,0,0,0,0,0,7,86,0,8,0,0,0,0,0,0,0,0,0,0,,,,,
Graham Gano,K,CAR,8,TB,0,0,0,0,0,0,0,0,0,0,0,0,0,0,0,0,1,0,0,0,0,2,,,,,
Griff Whalen,WR,BAL,8,MIA,0,0,0,0,0,0,0,0,0,0,0,0,0,0,0,0,0,0,0,0,0,0,,,,,
HOU,DEF,HOU,8,SEA,,,,,,,,,,,,,,,,,,,,,,,0,0,0,0,41.0
Harrison Butker,K,KC,8,DEN,0,0,0,0,0,0,0,0,0,0,0,0,0,0,0,0,1,1,2,1,0,2,,,,,
Hunter Henry,TE,LAC,8,NE,0,0,0,0,0,0,0,0,2,11,0,2,0,0,0,0,0,0,0,0,0,0,,,,,
IND,DEF,IND,8,CIN,,,,,,,,,,,,,,,,,,,,,,,0,0,0,0,24.0
Isaiah Crowell,RB,CLE,8,MIN,0,0,0,0,0,64,1,11,4,54,0,6,0,0,0,0,0,0,0,0,0,0,,,,,
Isaiah McKenzie,WR,DEN,8,KC,0,0,0,0,0,0,0,0,0,0,0,1,0,0,0,0,0,0,0,0,0,0,,,,,
J.D. McKissic,RB,SEA,8,HOU,0,0,0,0,0,6,0,4,1,6,0,2,0,0,0,0,0,0,0,0,0,0,,,,,
Jack Doyle,TE,IND,8,CIN,0,0,0,0,0,0,0,0,12,121,1,14,0,0,0,0,0,0,0,0,0,0,,,,,
Jacob Hollister,TE,NE,8,LAC,0,0,0,0,0,0,0,0,1,13,0,1,0,0,0,0,0,0,0,0,0,0,,,,,
Jacoby Brissett,QB,IND,8,CIN,233,2,39,25,1,6,0,1,0,0,0,0,0,0,0,0,0,0,0,0,0,0,,,,,
Jacquizz Rodgers,RB,TB,8,CAR,0,0,0,0,0,1,0,1,1,-5,0,1,0,0,0,0,0,0,0,0,0,0,,,,,
Jake Elliott,K,PHI,8,SF,0,0,0,0,0,0,0,0,0,0,0,0,0,0,0,0,0,0,1,1,0,1,,,,,
Jakeem Grant,WR,MIA,8,BAL,0,0,0,0,0,0,0,0,0,0,0,2,0,0,0,0,0,0,0,0,0,0,,,,,
Jalen Richard,RB,LV,8,BUF,0,0,0,0,0,21,0,5,5,35,0,7,0,0,0,0,0,0,0,0,0,0,,,,,
Jamaal Charles,RB,DEN,8,KC,0,0,0,0,0,39,0,8,1,5,0,1,0,0,0,0,0,0,0,0,0,0,,,,,
Jamal Agnew,WR,DET,8,PIT,0,0,0,0,0,0,0,0,1,12,0,1,0,0,0,0,0,0,0,0,0,0,,,,,
Jameis Winston,QB,TB,8,CAR,210,0,38,21,2,13,0,3,0,0,0,0,0,0,0,0,0,0,0,0,0,0,,,,,
James Conner,RB,PIT,8,DET,0,0,0,0,0,1,0,1,0,0,0,0,0,0,0,0,0,0,0,0,0,0,,,,,
James White,RB,NE,8,LAC,0,0,0,0,0,2,0,1,5,85,0,6,0,0,0,0,0,0,0,0,0,0,,,,,
Jamison Crowder,WR,WAS,8,DAL,0,0,0,0,0,12,0,2,9,123,0,13,0,0,0,0,0,0,0,0,0,0,,,,,
Jamize Olawale,RB,LV,8,BUF,0,0,0,0,0,3,1,2,0,0,0,0,0,0,0,0,0,0,0,0,0,0,,,,,
Jared Cook,TE,LV,8,BUF,0,0,0,0,0,0,0,0,4,57,0,5,0,0,0,0,0,0,0,0,0,0,,,,,
Jarius Wright,WR,MIN,8,CLE,0,0,0,0,0,0,0,0,0,0,0,1,0,0,0,0,0,0,0,0,0,0,,,,,
Jarvis Landry,WR,MIA,8,BAL,0,0,0,0,0,0,0,0,5,33,0,12,0,0,0,0,0,0,0,0,0,0,,,,,
Jason Witten,TE,DAL,8,WAS,0,0,0,0,0,0,0,0,3,31,0,5,0,0,0,0,0,0,0,0,0,0,,,,,
Javorius Allen,RB,BAL,8,MIA,0,0,0,0,0,55,0,17,1,2,0,3,0,0,0,0,0,0,0,0,0,0,,,,,
Jay Ajayi,RB,MIA,8,BAL,0,0,0,0,0,23,0,13,4,18,0,4,0,0,0,0,0,0,0,0,0,0,,,,,
Jeff Heuerman,TE,DEN,8,KC,0,0,0,0,0,0,0,0,1,11,0,2,0,0,0,0,0,0,0,0,0,0,,,,,
Jehu Chesson,WR,KC,8,DEN,0,0,0,0,0,0,0,0,0,0,0,0,0,0,0,0,0,0,0,0,0,0,,,,,
Jeremy Hill,RB,CIN,8,IND,0,0,0,0,0,11,0,4,0,0,0,0,0,0,0,0,0,0,0,0,0,0,,,,,
Jeremy Kerley,WR,NYJ,8,ATL,0,0,0,0,0,0,0,0,1,7,0,3,0,0,0,0,0,0,0,0,0,0,,,,,
Jeremy Maclin,WR,BAL,8,MIA,0,0,0,0,0,0,0,0,3,53,1,5,0,0,0,0,0,0,0,0,0,0,,,,,
Jerick McKinnon,RB,MIN,8,CLE,0,0,0,0,0,50,1,14,6,72,0,10,0,0,1,0,0,0,0,0,0,0,,,,,
Jermaine Kearse,WR,NYJ,8,ATL,0,0,0,0,0,0,0,0,2,14,0,5,0,0,0,0,0,0,0,0,0,0,,,,,
Jesse James,TE,PIT,8,DET,0,0,0,0,0,0,0,0,2,42,0,3,0,0,0,0,0,0,0,0,0,0,,,,,
Jimmy Graham,TE,SEA,8,HOU,0,0,0,0,0,0,0,0,4,39,2,5,0,0,0,0,0,0,0,0,0,0,,,,,
Joe Flacco,QB,BAL,8,MIA,101,1,15,10,0,9,0,1,0,0,0,0,0,0,0,0,0,0,0,0,0,0,,,,,
Joe Mixon,RB,CIN,8,IND,0,0,0,0,0,18,0,11,3,91,0,3,0,0,0,0,0,0,0,0,0,0,,,,,
Joe Webb,QB,BUF,8,LV,0,0,0,0,0,0,0,0,0,0,0,0,0,0,0,0,0,0,0,0,0,0,,,,,
John Ross,WR,CIN,8,IND,0,0,0,0,0,0,0,0,0,0,0,1,0,0,0,0,0,0,0,0,0,0,,,,,
Johnny Holton,WR,LV,8,BUF,0,0,0,0,0,0,0,0,0,0,0,0,0,0,0,0,0,0,0,0,0,0,,,,,
Jonathan Stewart,RB,CAR,8,TB,0,0,0,0,0,34,1,11,0,0,0,0,0,0,0,0,0,0,0,0,0,0,,,,,
Jordan Howard,RB,CHI,8,NO,0,0,0,0,0,102,0,23,3,19,0,5,0,0,0,0,0,0,0,0,0,0,,,,,
Jordan Matthews,TE,BUF,8,LV,0,0,0,0,0,0,0,0,3,21,0,4,0,0,0,0,0,0,0,0,0,0,,,,,
Jordan Reed,TE,WAS,8,DAL,0,0,0,0,0,0,0,0,1,5,0,1,0,0,0,0,0,0,0,0,0,0,,,,,
Jordan Taylor,WR,DEN,8,KC,0,0,0,0,0,0,0,0,1,8,0,3,0,0,0,0,0,0,0,0,0,0,,,,,
Jordan Todman,RB,HOU,8,SEA,0,0,0,0,0,0,0,0,0,0,0,0,0,0,0,0,0,0,0,0,0,0,,,,,
Josh Bellamy,WR,CHI,8,NO,0,0,0,0,0,0,0,0,0,0,0,0,0,0,0,0,0,0,0,0,0,0,,,,,
Josh Doctson,WR,WAS,8,DAL,0,0,0,0,0,0,0,0,1,1,1,3,0,0,0,0,0,0,0,0,0,0,,,,,
Josh Hill,TE,NO,8,CHI,0,0,0,0,0,0,0,0,3,29,0,4,0,0,0,0,0,0,0,0,0,0,,,,,
Josh Malone,WR,CIN,8,IND,0,0,0,0,0,0,0,0,2,35,1,3,0,0,0,0,0,0,0,0,0,0,,,,,
Josh McCown,QB,NYJ,8,ATL,257,2,33,26,0,0,0,1,0,0,0,0,0,0,0,0,0,0,0,0,0,0,,,,,
JuJu Smith-Schuster,WR,PIT,8,DET,0,0,0,0,0,0,0,0,7,193,1,10,0,0,0,0,0,0,0,0,0,0,,,,,
Julio Jones,WR,ATL,8,NYJ,0,0,0,0,0,0,0,0,3,74,0,6,0,0,0,0,0,0,0,0,0,0,,,,,
Julius Thomas,TE,MIA,8,BAL,0,0,0,0,0,0,0,0,2,2,0,3,0,0,0,0,0,0,0,0,0,0,,,,,
Justin Hunter,WR,PIT,8,DET,0,0,0,0,0,0,0,0,1,7,0,3,0,0,0,0,0,0,0,0,0,0,,,,,
Justin Tucker,K,BAL,8,MIA,0,0,0,0,0,0,0,0,0,0,0,0,0,0,0,0,0,0,1,1,0,4,,,,,
KC,DEF,KC,8,DEN,,,,,,,,,,,,,,,,,,,,,,,0,0,0,0,19.0
Ka'imi Fairbairn,K,HOU,8,SEA,0,0,0,0,0,0,0,0,0,0,0,0,0,0,0,0,0,1,0,0,0,5,,,,,
Kaelin Clay,WR,CAR,8,TB,0,0,0,0,0,0,0,0,0,0,0,0,0,0,0,0,0,0,0,0,0,0,,,,,
Kai Forbath,K,MIN,8,CLE,0,0,0,0,0,0,0,0,0,0,0,0,0,0,0,0,0,2,1,1,0,1,,,,,
Kamar Aiken,WR,IND,8,CIN,0,0,0,0,0,0,0,0,2,33,0,5,0,0,0,0,0,0,0,0,0,0,,,,,
Kareem Hunt,RB,KC,8,DEN,0,0,0,0,0,46,0,22,3,22,0,5,0,0,0,0,0,0,0,0,0,0,,,,,
Keenan Allen,WR,LAC,8,NE,0,0,0,0,0,0,0,0,4,61,0,5,0,0,0,0,0,0,0,0,0,0,,,,,
Kelvin Benjamin,WR,CAR,8,TB,0,0,0,0,0,0,0,0,3,39,1,7,0,0,0,0,0,0,0,0,0,0,,,,,
Kendall Wright,WR,CHI,8,NO,0,0,0,0,0,0,0,0,2,23,0,8,0,0,0,0,0,0,0,0,0,0,,,,,
Kendrick Bourne,WR,SF,8,PHI,0,0,0,0,0,0,0,0,0,0,0,2,0,0,0,0,0,0,0,0,0,0,,,,,
Kenjon Barner,RB,PHI,8,SF,0,0,0,0,0,0,0,0,2,11,0,2,0,0,0,0,0,0,0,0,0,0,,,,,
Kenny Stills,WR,MIA,8,BAL,0,0,0,0,0,0,0,0,5,65,0,10,0,0,0,0,0,0,0,0,0,0,,,,,
Kenyan Drake,RB,MIA,8,BAL,0,0,0,0,0,22,0,6,0,0,0,1,0,0,0,0,0,0,0,0,0,0,,,,,
Kirk Cousins,QB,WAS,8,DAL,263,1,39,26,1,0,0,1,0,0,0,0,0,0,0,0,0,0,0,0,0,0,,,,,
Kyle Juszczyk,RB,SF,8,PHI,0,0,0,0,0,12,0,1,0,0,0,0,0,0,0,0,0,0,0,0,0,0,,,,,
Kyle Rudolph,TE,MIN,8,CLE,0,0,0,0,0,0,0,0,6,27,1,7,0,0,0,0,0,0,0,0,0,0,,,,,
LAC,DEF,LAC,8,NE,,,,,,,,,,,,,,,,,,,,,,,0,0,0,0,21.0
LV,DEF,LV,8,BUF,,,,,,,,,,,,,,,,,,,,,,,0,0,0,0,0.0
Lamar Miller,RB,HOU,8,SEA,0,0,0,0,0,54,1,21,3,19,1,3,0,0,0,0,0,0,0,0,0,0,,,,,
Laquon Treadwell,WR,MIN,8,CLE,0,0,0,0,0,0,0,0,1,21,0,4,0,0,0,0,0,0,0,0,0,0,,,,,
Latavius Murray,RB,MIN,8,CLE,0,0,0,0,0,39,0,19,1,8,0,1,0,0,0,0,0,0,0,0,0,0,,,,,
Le'Veon Bell,RB,PIT,8,DET,0,0,0,0,0,76,1,25,2,5,0,3,0,0,0,0,0,0,0,0,0,0,,,,,
LeGarrette Blount,RB,PHI,8,SF,0,0,0,0,0,48,1,16,1,4,0,1,0,0,0,0,0,0,0,0,0,0,,,,,
LeSean McCoy,RB,BUF,8,LV,0,0,0,0,0,151,1,27,6,22,0,7,0,0,0,0,0,0,0,0,0,0,,,,,
Lee Smith,TE,LV,8,BUF,0,0,0,0,0,0,0,0,1,21,0,3,0,0,0,0,0,0,0,0,0,0,,,,,
Leonte Carroo,WR,MIA,8,BAL,0,0,0,0,0,0,0,0,6,48,0,8,0,0,0,0,0,0,0,0,0,0,,,,,
Levine Toilolo,TE,ATL,8,NYJ,0,0,0,0,0,0,0,0,2,20,0,3,0,0,0,0,0,0,0,0,0,0,,,,,
Logan Thomas,TE,BUF,8,LV,0,0,0,0,0,0,0,0,1,7,0,1,0,0,0,0,0,0,0,0,0,0,,,,,
Luke Willson,TE,SEA,8,HOU,0,0,0,0,0,0,0,0,0,0,0,1,0,0,0,0,0,0,0,0,0,0,,,,,
MIA,DEF,MIA,8,BAL,,,,,,,,,,,,,,,,,,,,,,,0,0,0,0,40.0
MIN,DEF,MIN,8,CLE,,,,,,,,,,,,,,,,,,,,,,,0,0,0,0,16.0
Mack Hollins,WR,PHI,8,SF,0,0,0,0,0,0,0,0,2,30,0,3,0,0,0,0,0,0,0,0,0,0,,,,,
Mark Ingram,RB,NO,8,CHI,0,0,0,0,0,75,1,18,6,24,0,6,0,0,0,0,0,0,0,0,0,0,,,,,
Marlon Mack,RB,IND,8,CIN,0,0,0,0,0,27,0,11,3,36,1,5,0,0,0,0,0,0,0,0,0,0,,,,,
Marquise Goodwin,WR,SF,8,PHI,0,0,0,0,0,0,0,0,0,0,0,3,0,0,0,0,0,0,0,0,0,0,,,,,
Marvin Jones,WR,DET,8,PIT,0,0,0,0,0,0,0,0,6,128,0,11,0,0,0,0,0,0,0,0,0,0,,,,,
Matt Breida,RB,SF,8,PHI,0,0,0,0,0,17,0,5,4,39,1,6,0,0,0,0,0,0,0,0,0,0,,,,,
Matt Bryant,K,ATL,8,NYJ,0,0,0,0,0,0,0,0,0,0,0,0,0,0,0,0,2,1,1,0,0,1,,,,,
Matt Dayes,RB,CLE,8,MIN,0,0,0,0,0,0,0,0,1,15,0,1,0,0,0,0,0,0,0,0,0,0,,,,,
Matt Forte,RB,NYJ,8,ATL,0,0,0,0,0,7,0,4,6,45,0,7,0,0,0,0,0,0,0,0,0,0,,,,,
Matt Moore,QB,MIA,8,BAL,176,0,44,25,2,0,0,0,0,0,0,0,0,0,0,0,0,0,0,0,0,0,,,,,
Matt Prater,K,DET,8,PIT,0,0,0,0,0,0,0,0,0,0,0,0,0,0,0,1,0,2,1,1,0,0,,,,,
Matt Ryan,QB,ATL,8,NYJ,254,2,29,18,0,17,0,6,0,0,0,0,0,0,0,0,0,0,0,0,0,0,,,,,
Matthew Slater,WR,NE,8,LAC,0,0,0,0,0,0,0,0,0,0,0,0,0,0,0,0,0,0,0,0,0,0,,,,,
Matthew Stafford,QB,DET,8,PIT,423,0,45,27,0,11,0,1,0,0,0,0,0,0,0,0,0,0,0,0,0,0,,,,,
Melvin Gordon,RB,LAC,8,NE,0,0,0,0,0,132,1,14,1,7,0,2,0,0,0,0,0,0,0,0,0,0,,,,,
Michael Crabtree,WR,LV,8,BUF,0,0,0,0,0,0,0,0,5,83,0,10,0,0,0,0,0,0,0,0,0,0,,,,,
Michael Floyd,WR,MIN,8,CLE,0,0,0,0,0,0,0,0,1,7,0,1,0,0,0,0,0,0,0,0,0,0,,,,,
Michael Roberts,TE,DET,8,PIT,0,0,0,0,0,0,0,0,0,0,0,2,0,0,0,0,0,0,0,0,0,0,,,,,
Michael Thomas,WR,NO,8,CHI,0,0,0,0,0,0,0,0,7,77,0,8,0,0,0,0,0,0,0,0,0,0,,,,,
Mike Evans,WR,TB,8,CAR,0,0,0,0,0,0,0,0,5,60,0,10,0,0,0,0,0,0,0,0,0,0,,,,,
Mike Gillislee,RB,NE,8,LAC,0,0,0,0,0,34,0,11,0,0,0,0,0,0,0,0,0,0,0,0,0,0,,,,,
Mike Nugent,K,DAL,8,WAS,0,0,0,0,0,0,0,0,0,0,0,0,0,0,0,0,1,2,1,0,0,3,,,,,
Mike Williams,WR,LAC,8,NE,0,0,0,0,0,0,0,0,1,7,0,2,0,0,0,0,0,0,0,0,0,0,,,,,
Mitchell Trubisky,QB,CHI,8,NO,164,0,32,14,1,53,0,3,0,0,0,0,0,0,0,0,0,0,0,0,0,0,,,,,
Mohamed Sanu,WR,ATL,8,NYJ,0,0,0,0,0,0,0,0,6,74,1,7,0,0,0,0,0,0,0,0,0,0,,,,,
NE,DEF,NE,8,LAC,,,,,,,,,,,,,,,,,,,,,,,0,1,0,0,13.0
NO,DEF,NO,8,CHI,,,,,,,,,,,,,,,,,,,,,,,0,0,0,0,12.0
NYJ,DEF,NYJ,8,ATL,,,,,,,,,,,,,,,,,,,,,,,0,0,0,0,25.0
Nelson Agholor,WR,PHI,8,SF,0,0,0,0,0,0,0,0,3,26,0,3,0,0,0,0,0,0,0,0,0,0,,,,,
Nick Boyle,TE,BAL,8,MIA,0,0,0,0,0,0,0,0,4,29,0,4,0,0,0,0,0,0,0,0,0,0,,,,,
Nick Foles,QB,PHI,8,SF,0,0,0,0,0,-2,0,2,0,0,0,0,0,0,0,0,0,0,0,0,0,0,,,,,
Nick Novak,K,LAC,8,NE,0,0,0,0,0,0,0,0,0,0,0,0,0,0,0,0,0,0,0,0,0,1,,,,,
Nick O'Leary,TE,BUF,8,LV,0,0,0,0,0,0,0,0,1,5,0,3,0,0,0,0,0,0,0,0,0,0,,,,,
Nick Rose,K,WAS,8,DAL,0,0,0,0,0,0,0,0,0,0,0,0,0,0,0,0,0,1,1,0,0,1,,,,,
Nick Vannett,TE,SEA,8,HOU,0,0,0,0,0,0,0,0,1,8,0,1,0,0,0,0,0,0,0,0,0,0,,,,,
O.J. Howard,TE,TB,8,CAR,0,0,0,0,0,0,0,0,2,16,0,2,0,0,0,0,0,0,0,0,0,0,,,,,
PHI,DEF,PHI,8,SF,,,,,,,,,,,,,,,,,,,,,,,1,0,0,0,10.0
PIT,DEF,PIT,8,DET,,,,,,,,,,,,,,,,,,,,,,,0,0,0,0,15.0
Patrick Murray,K,TB,8,CAR,0,0,0,0,0,0,0,0,0,0,0,0,0,0,0,0,0,0,1,0,0,0,,,,,
Patrick Ricard,RB,BAL,8,MIA,0,0,0,0,0,0,0,0,1,1,0,1,0,0,0,0,0,0,0,0,0,0,,,,,
Paul Richardson,WR,SEA,8,HOU,0,0,0,0,0,0,0,0,6,105,2,7,0,0,0,0,0,0,0,0,0,0,,,,,
Peyton Barber,RB,TB,8,CAR,0,0,0,0,0,0,0,0,0,0,0,0,0,0,0,0,0,0,0,0,0,0,,,,,
Philip Rivers,QB,LAC,8,NE,212,1,30,17,1,0,0,0,0,0,0,0,0,0,0,0,0,0,0,0,0,0,,,,,
Pierre Garcon,WR,SF,8,PHI,0,0,0,0,0,0,0,0,2,17,0,4,0,0,0,0,0,0,0,0,0,0,,,,,
Quan Bray,WR,IND,8,CIN,0,0,0,0,0,0,0,0,0,0,0,0,0,0,0,0,0,0,0,0,0,0,,,,,
Randy Bullock,K,CIN,8,IND,0,0,0,0,0,0,0,0,0,0,0,0,0,0,0,0,1,0,0,0,0,3,,,,,
Rashard Higgins,WR,CLE,8,MIN,0,0,0,0,0,0,0,0,1,14,0,1,0,0,0,0,0,0,0,0,0,0,,,,,
Rex Burkhead,RB,NE,8,LAC,0,0,0,0,0,15,0,4,7,68,0,7,0,0,0,0,0,0,0,0,0,0,,,,,
Ricardo Louis,WR,CLE,8,MIN,0,0,0,0,0,0,0,0,2,42,0,6,0,0,0,0,0,0,0,0,0,0,,,,,
Rob Gronkowski,TE,NE,8,LAC,0,0,0,0,0,0,0,0,5,57,1,9,0,0,0,0,0,0,0,0,0,0,,,,,
Rob Kelley,RB,WAS,8,DAL,0,0,0,0,0,19,1,8,0,0,0,1,0,0,0,0,0,0,0,0,0,0,,,,,
Robbie Chosen,WR,NYJ,8,ATL,0,0,0,0,0,1,0,1,6,104,1,6,0,0,0,0,0,0,0,0,0,0,,,,,
Robbie Gould,K,SF,8,PHI,0,0,0,0,0,0,0,0,0,0,0,0,0,0,0,0,0,0,0,1,0,1,,,,,
Ross Travis,TE,KC,8,DEN,0,0,0,0,0,0,0,0,0,0,0,2,0,0,0,0,0,0,0,0,0,0,,,,,
Russell Shepard,WR,CAR,8,TB,0,0,0,0,0,0,0,0,1,14,0,1,0,0,0,0,0,0,0,0,0,0,,,,,
Russell Wilson,QB,SEA,8,HOU,452,4,41,26,1,30,0,4,0,0,0,0,0,0,0,0,0,0,0,0,0,0,,,,,
Ryan Grant,WR,WAS,8,DAL,0,0,0,0,0,0,0,0,5,38,0,7,0,0,0,0,0,0,0,0,0,0,,,,,
Ryan Griffin,TE,HOU,8,SEA,0,0,0,0,0,0,0,0,1,10,0,2,0,0,0,0,0,0,0,0,0,0,,,,,
Ryan Mallett,QB,BAL,8,MIA,20,1,7,3,0,-3,0,4,0,0,0,0,0,0,0,0,0,0,0,0,0,0,,,,,
Ryan Switzer,WR,DAL,8,WAS,0,0,0,0,0,0,0,0,1,7,0,1,0,0,0,0,0,0,0,0,0,0,,,,,
SEA,DEF,SEA,8,HOU,,,,,,,,,,,,,,,,,,,,,,,1,0,0,0,38.0
SF,DEF,SF,8,PHI,,,,,,,,,,,,,,,,,,,,,,,0,0,0,0,33.0
Sammie Coates,WR,CLE,8,MIN,0,0,0,0,0,0,0,0,2,13,0,2,0,0,0,0,0,0,0,0,0,0,,,,,
Seth DeValve,TE,CLE,8,MIN,0,0,0,0,0,0,0,0,1,0,0,3,0,0,0,0,0,0,0,0,0,0,,,,,
Stacy Coley,WR,MIN,8,CLE,0,0,0,0,0,0,0,0,0,0,0,0,0,0,0,0,0,0,0,0,0,0,,,,,
Stefon Diggs,WR,MIN,8,CLE,0,0,0,0,0,-1,0,1,4,27,0,6,0,0,0,0,0,0,0,0,0,0,,,,,
Stephen Anderson,TE,HOU,8,SEA,0,0,0,0,0,0,0,0,1,11,0,2,0,0,0,0,0,0,0,0,0,0,,,,,
Stephen Gostkowski,K,NE,8,LAC,0,0,0,0,0,0,0,0,0,0,0,0,0,0,0,0,2,1,1,0,0,1,,,,,
Steven Hauschka,K,BUF,8,LV,0,0,0,0,0,0,0,0,0,0,0,0,0,0,0,0,0,1,1,0,0,4,,,,,
T.J. Jones,WR,DET,8,PIT,0,0,0,0,0,0,0,0,4,88,0,8,0,0,0,0,0,0,0,0,0,0,,,,,
T.Y. Hilton,WR,IND,8,CIN,0,0,0,0,0,0,0,0,2,15,0,7,0,0,0,0,0,0,0,0,0,0,,,,,
TB,DEF,TB,8,CAR,,,,,,,,,,,,,,,,,,,,,,,0,0,0,0,17.0
Tanner Gentry,WR,CHI,8,NO,0,0,0,0,0,0,0,0,0,0,0,1,0,0,0,0,0,0,0,0,0,0,,,,,
Tanner McEvoy,WR,SEA,8,HOU,0,0,0,0,0,0,0,0,1,53,0,1,0,0,0,0,0,0,0,0,0,0,,,,,
Tarik Cohen,RB,CHI,8,NO,0,0,0,0,0,2,1,4,1,6,0,3,0,0,0,0,0,0,0,0,0,0,,,,,
Taylor Gabriel,WR,ATL,8,NYJ,0,0,0,0,0,0,0,0,1,-3,0,1,0,0,0,0,0,0,0,0,0,0,,,,,
Ted Ginn,WR,NO,8,CHI,0,0,0,0,0,0,0,0,2,68,0,4,0,0,0,0,0,0,0,0,0,0,,,,,
Terrance Williams,WR,DAL,8,WAS,0,0,0,0,0,0,0,0,2,36,0,3,0,0,0,0,0,0,0,0,0,0,,,,,
Terrelle Pryor,WR,WAS,8,DAL,0,0,0,0,0,0,0,0,0,0,0,1,0,0,0,0,0,0,0,0,0,0,,,,,
Tevin Coleman,RB,ATL,8,NYJ,0,0,0,0,0,82,0,14,1,22,0,1,0,0,0,0,0,0,0,0,0,0,,,,,
Theo Riddick,RB,DET,8,PIT,0,0,0,0,0,21,0,4,2,24,0,2,0,0,0,0,0,0,0,0,0,0,,,,,
Thomas Rawls,RB,SEA,8,HOU,0,0,0,0,0,-1,0,6,0,0,0,1,0,0,0,0,0,0,0,0,0,0,,,,,
Tom Brady,QB,NE,8,LAC,333,1,47,32,0,2,0,1,0,0,0,0,0,0,0,0,0,0,0,0,0,0,,,,,
Tommylee Lewis,WR,NO,8,CHI,0,0,0,0,0,0,0,0,0,0,0,0,0,0,0,0,0,0,0,0,0,0,,,,,
Torrey Smith,WR,PHI,8,SF,0,0,0,0,0,0,0,0,0,0,0,2,0,0,0,0,0,0,0,0,0,0,,,,,
Travis Benjamin,WR,LAC,8,NE,0,0,0,0,0,14,0,2,5,64,1,9,0,0,0,0,0,0,0,0,0,0,,,,,
Travis Kelce,TE,KC,8,DEN,0,0,0,0,0,0,0,0,7,133,1,10,0,0,0,0,0,0,0,0,0,0,,,,,
Tre McBride,WR,CHI,8,NO,0,0,0,0,0,0,0,0,3,92,0,5,0,0,0,0,0,0,0,0,0,0,,,,,
Trent Taylor,WR,SF,8,PHI,0,0,0,0,0,0,0,0,3,33,0,3,0,0,0,0,0,0,0,0,0,0,,,,,
Trevor Siemian,QB,DEN,8,KC,198,1,36,19,3,20,0,2,0,0,0,0,0,0,0,0,0,0,0,0,0,0,,,,,
Trey Burton,TE,PHI,8,SF,0,0,0,0,0,0,0,0,2,21,0,2,0,0,0,0,0,0,0,0,0,0,,,,,
Tyler Kroft,TE,CIN,8,IND,0,0,0,0,0,0,0,0,5,46,0,6,0,0,0,0,0,0,0,0,0,0,,,,,
Tyler Lockett,WR,SEA,8,HOU,0,0,0,0,0,-2,0,1,6,121,0,8,0,0,0,0,0,0,0,0,0,0,,,,,
Tyreek Hill,WR,KC,8,DEN,0,0,1,0,1,0,0,0,2,38,0,6,0,0,0,0,0,0,0,0,0,0,,,,,
Tyrell Williams,WR,LAC,8,NE,0,0,0,0,0,0,0,0,1,24,0,6,0,0,0,0,0,0,0,0,0,0,,,,,
Tyrod Taylor,QB,BUF,8,LV,165,1,27,20,0,1,1,6,0,0,0,0,0,0,0,0,0,0,0,0,0,0,,,,,
Vernon Davis,TE,WAS,8,DAL,0,0,0,0,0,0,0,0,2,20,0,4,0,0,0,0,0,0,0,0,0,0,,,,,
Vince Mayle,TE,BAL,8,MIA,0,0,0,0,0,0,0,0,0,0,0,0,0,0,0,0,0,0,0,0,0,0,,,,,
Virgil Green,TE,DEN,8,KC,0,0,0,0,0,0,0,0,1,16,0,2,0,0,0,0,0,0,0,0,0,0,,,,,
WAS,DEF,WAS,8,DAL,,,,,,,,,,,,,,,,,,,,,,,0,0,0,0,33.0
Wendell Smallwood,RB,PHI,8,SF,0,0,0,0,0,5,0,1,1,9,0,2,0,0,0,0,0,0,0,0,0,0,,,,,
Wil Lutz,K,NO,8,CHI,0,0,0,0,0,0,0,0,0,0,0,0,0,0,0,0,0,0,2,0,0,2,,,,,
Will Fuller,WR,HOU,8,SEA,0,0,0,0,0,0,0,0,5,125,2,8,0,0,0,0,0,0,0,0,0,0,,,,,
Zach Ertz,TE,PHI,8,SF,0,0,0,0,0,0,0,0,4,34,1,6,0,0,0,0,0,0,0,0,0,0,,,,,
Zach Miller,TE,CHI,8,NO,0,0,0,0,0,0,0,0,0,0,0,2,0,0,0,0,0,0,0,0,0,0,,,,,
Zane Gonzalez,K,CLE,8,MIN,0,0,0,0,0,0,0,0,0,0,0,0,0,0,0,0,1,0,0,0,0,1,,,,,
Zay Jones,WR,BUF,8,LV,0,0,0,0,0,0,0,0,3,32,0,5,0,0,0,0,0,0,0,0,0,0,,,,,
A.J. Derby,TE,DEN,9,PHI,0,0,0,0,0,0,0,0,1,11,0,3,0,0,0,0,0,0,0,0,0,0,,,,,
A.J. Green,WR,CIN,9,JAX,0,0,0,0,0,0,0,0,1,6,0,2,0,0,0,0,0,0,0,0,0,0,,,,,
ARI,DEF,ARI,9,SF,,,,,,,,,,,,,,,,,,,,,,,0,0,0,0,10.0
ATL,DEF,ATL,9,CAR,,,,,,,,,,,,,,,,,,,,,,,0,0,0,0,20.0
Aaron Jones,RB,GB,9,DET,0,0,0,0,0,12,0,5,2,-1,0,5,0,0,0,0,0,0,0,0,0,0,,,,,
Adam Humphries,WR,TB,9,NO,0,0,0,0,0,0,0,0,2,14,0,2,0,0,0,0,0,0,0,0,0,0,,,,,
Adam Vinatieri,K,IND,9,HOU,0,0,0,0,0,0,0,0,0,0,0,0,0,0,0,0,1,0,0,1,0,2,,,,,
Adrian Peterson,RB,ARI,9,SF,0,0,0,0,0,159,0,37,2,8,0,4,0,0,0,0,0,0,0,0,0,0,,,,,
Akeem Hunt,RB,KC,9,DAL,0,0,0,0,0,0,0,0,0,0,0,0,0,0,0,0,0,0,0,0,0,0,,,,,
Aldrick Robinson,WR,SF,9,ARI,0,0,0,0,0,0,0,0,2,18,0,8,0,0,0,0,0,0,0,0,0,0,,,,,
Aldrick Rosas,K,NYG,9,LA,0,0,0,0,0,0,0,0,0,0,0,0,0,0,0,0,0,0,0,1,0,2,,,,,
Alex Armah,RB,CAR,9,ATL,0,0,0,0,0,0,0,0,0,0,0,0,0,0,0,0,0,0,0,0,0,0,,,,,
Alex Collins,RB,BAL,9,TEN,0,0,0,0,0,43,0,13,1,3,0,1,0,0,0,0,0,0,0,0,0,0,,,,,
Alex Erickson,WR,CIN,9,JAX,0,0,0,0,0,0,0,0,0,0,0,1,0,0,0,0,0,0,0,0,0,0,,,,,
Alex Smith,QB,KC,9,DAL,263,2,34,25,1,19,0,5,0,0,0,0,0,0,0,0,0,0,0,0,0,0,,,,,
Alfred Morris,RB,DAL,9,KC,0,0,0,0,0,11,0,1,0,0,0,0,0,0,0,0,0,0,0,0,0,0,,,,,
Allen Hurns,WR,JAX,9,CIN,0,0,0,0,0,0,0,0,3,31,0,4,0,0,0,0,0,0,0,0,0,0,,,,,
Alshon Jeffery,WR,PHI,9,DEN,0,0,0,0,0,0,0,0,6,84,2,11,0,0,0,0,0,0,0,0,0,0,,,,,
Alvin Kamara,RB,NO,9,TB,0,0,0,0,0,68,1,10,6,84,1,7,0,0,0,0,0,0,0,0,0,0,,,,,
Amari Cooper,WR,LV,9,MIA,0,0,0,0,0,0,0,0,4,58,0,9,0,0,0,0,0,0,0,0,0,0,,,,,
Ameer Abdullah,RB,DET,9,GB,0,0,0,0,0,48,1,21,1,9,0,1,0,0,0,0,0,0,0,0,0,0,,,,,
Andre Ellington,RB,ARI,9,SF,0,0,0,0,0,0,0,0,2,14,0,3,0,0,0,0,0,0,0,0,0,0,,,,,
Andre Holmes,WR,BUF,9,NYJ,0,0,0,0,0,0,0,0,1,16,0,3,0,0,0,0,0,0,0,0,0,0,,,,,
Andre Roberts,WR,ATL,9,CAR,0,0,0,0,0,0,0,0,0,0,0,1,0,0,0,0,0,0,0,0,0,0,,,,,
Andy Dalton,QB,CIN,9,JAX,136,0,18,10,0,-1,0,3,0,0,0,0,0,0,0,0,0,0,0,0,0,0,,,,,
Anthony Fasano,TE,MIA,9,LV,0,0,0,0,0,0,0,0,2,9,0,2,0,0,0,0,0,0,0,0,0,0,,,,,
ArDarius Stewart,WR,NYJ,9,BUF,0,0,0,0,0,0,0,0,0,0,0,0,0,0,0,0,0,0,0,0,0,0,,,,,
Arrelious Benn,WR,JAX,9,CIN,0,0,0,0,0,0,0,0,0,0,0,0,0,0,0,0,0,0,0,0,0,0,,,,,
Austin Hooper,TE,ATL,9,CAR,0,0,0,0,0,0,0,0,3,36,0,6,0,0,0,0,0,0,0,0,0,0,,,,,
Austin Seferian-Jenkins,TE,NYJ,9,BUF,0,0,0,0,0,0,0,0,2,20,0,2,0,0,0,0,0,0,0,0,0,0,,,,,
BAL,DEF,BAL,9,TEN,,,,,,,,,,,,,,,,,,,,,,,0,0,0,0,23.0
BUF,DEF,BUF,9,NYJ,,,,,,,,,,,,,,,,,,,,,,,0,0,0,0,34.0
Benjamin Watson,TE,BAL,9,TEN,0,0,0,0,0,0,0,0,7,41,0,10,0,0,0,0,0,0,0,0,0,0,,,,,
Bennie Fowler,WR,DEN,9,PHI,0,0,0,0,0,0,0,0,0,0,0,2,0,0,0,0,0,0,0,0,0,0,,,,,
Bernard Reedy,WR,TB,9,NO,0,0,0,0,0,0,0,0,1,15,0,1,0,0,0,0,0,0,0,0,0,0,,,,,
Bilal Powell,RB,NYJ,9,BUF,0,0,0,0,0,74,0,9,0,0,0,0,0,0,0,0,0,0,0,0,0,0,,,,,
Blair Walsh,K,SEA,9,WAS,0,0,0,0,0,0,0,0,0,0,0,0,0,0,0,0,0,0,0,0,0,0,,,,,
Blake Bortles,QB,JAX,9,CIN,259,1,38,24,0,20,0,5,0,0,0,0,0,0,0,0,0,0,0,0,0,0,,,,,
Bobby Rainey,RB,BAL,9,TEN,0,0,0,0,0,2,0,1,1,-1,0,3,0,0,0,0,0,0,0,0,0,0,,,,,
Brandon Coleman,WR,NO,9,TB,0,0,0,0,0,0,0,0,1,7,0,1,0,0,0,0,0,0,0,0,0,0,,,,,
Brandon LaFell,WR,CIN,9,JAX,0,0,0,0,0,0,0,0,2,28,0,2,0,0,0,0,0,0,0,0,0,0,,,,,
Brandon McManus,K,DEN,9,PHI,0,0,0,0,0,0,0,0,0,0,0,0,0,0,0,0,1,0,0,2,0,2,,,,,
Brandon Williams,TE,IND,9,HOU,0,0,0,0,0,0,0,0,2,20,0,2,0,0,0,0,0,0,0,0,0,0,,,,,
Brent Celek,TE,PHI,9,DEN,0,0,0,0,0,0,0,0,3,39,0,4,0,0,0,0,0,0,0,0,0,0,,,,,
Breshad Perriman,WR,BAL,9,TEN,0,0,0,0,0,0,0,0,3,28,0,7,0,0,0,0,0,0,0,0,0,0,,,,,
Brett Hundley,QB,GB,9,DET,245,0,38,26,0,22,1,4,0,0,0,0,0,0,0,0,0,0,0,0,0,0,,,,,
Brian Quick,WR,WAS,9,SEA,0,0,0,0,0,0,0,0,3,49,0,3,0,0,0,0,0,0,0,0,0,0,,,,,
Brice Butler,WR,DAL,9,KC,0,0,0,0,0,0,0,0,1,6,0,3,0,0,0,0,0,0,0,0,0,0,,,,,
Brock Osweiler,QB,DEN,9,PHI,208,1,38,19,2,0,0,0,0,0,0,0,0,0,0,0,0,0,0,0,0,0,,,,,
Bruce Ellington,WR,HOU,9,IND,0,0,0,0,0,0,0,0,3,22,0,8,0,0,0,0,0,0,0,0,0,0,,,,,
C.J. Anderson,RB,DEN,9,PHI,0,0,0,0,0,13,0,9,0,0,0,1,0,0,0,0,0,0,0,0,0,0,,,,,
C.J. Beathard,QB,SF,9,ARI,294,0,51,24,1,16,1,3,0,0,0,0,0,0,0,0,0,0,0,0,0,0,,,,,
C.J. Uzomah,TE,CIN,9,JAX,0,0,0,0,0,0,0,0,0,0,0,1,0,0,0,0,0,0,0,0,0,0,,,,,
CAR,DEF,CAR,9,ATL,,,,,,,,,,,,,,,,,,,,,,,0,0,0,0,17.0
CIN,DEF,CIN,9,JAX,,,,,,,,,,,,,,,,,,,,,,,0,0,0,0,23.0
Cam Newton,QB,CAR,9,ATL,137,0,24,13,0,86,1,9,0,0,0,0,0,0,0,0,0,0,0,0,0,0,,,,,
Cameron Artis-Payne,RB,CAR,9,ATL,0,0,0,0,0,3,0,1,0,0,0,0,0,0,0,0,0,0,0,0,0,0,,,,,
Cameron Brate,TE,TB,9,NO,0,0,0,0,0,0,0,0,1,9,0,4,0,0,0,0,0,0,0,0,0,0,,,,,
Carlos Hyde,RB,SF,9,ARI,0,0,0,0,0,41,0,12,9,84,0,11,0,0,0,0,0,0,0,0,0,0,,,,,
Carson Wentz,QB,PHI,9,DEN,199,4,27,15,0,8,0,2,0,0,0,0,0,0,0,0,0,0,0,0,0,0,,,,,
Chandler Catanzaro,K,NYJ,9,BUF,0,0,0,0,0,0,0,0,0,0,0,0,0,0,0,0,0,1,1,0,0,4,,,,,
Charcandrick West,RB,KC,9,DAL,0,0,0,0,0,3,0,1,5,30,0,6,0,0,0,0,0,0,0,0,0,0,,,,,
Charles Sims,RB,TB,9,NO,0,0,0,0,0,0,0,0,2,11,0,2,0,0,0,0,0,0,0,0,0,0,,,,,
Chester Rogers,WR,IND,9,HOU,0,0,0,0,0,0,0,0,1,17,0,2,0,0,0,0,0,0,0,0,0,0,,,,,
Chris Godwin Jr.,WR,TB,9,NO,0,0,0,0,0,0,0,0,1,9,0,1,0,0,0,0,0,0,0,0,0,0,,,,,
Chris Ivory,RB,JAX,9,CIN,0,0,0,0,0,70,0,20,3,34,0,4,0,0,0,0,0,0,0,0,0,0,,,,,
Chris Moore,WR,BAL,9,TEN,0,0,0,0,0,0,0,0,1,16,0,4,0,0,0,0,0,0,0,0,0,0,,,,,
Chris Thompson,RB,WAS,9,SEA,0,0,0,0,0,20,0,4,4,11,0,6,0,0,0,0,0,0,0,0,0,0,,,,,
Chris Thompson,WR,HOU,9,IND,0,0,0,0,0,0,0,0,0,0,0,0,0,0,0,0,0,0,0,0,0,0,,,,,
Christian McCaffrey,RB,CAR,9,ATL,0,0,0,0,0,66,1,15,5,28,0,6,0,0,0,0,0,0,0,0,0,0,,,,,
Coby Fleener,TE,NO,9,TB,0,0,0,0,0,0,0,0,2,46,0,2,0,0,0,0,0,0,0,0,0,0,,,,,
Cody Latimer,WR,DEN,9,PHI,0,0,0,0,0,0,0,0,2,51,0,3,0,0,0,0,0,0,0,0,0,0,,,,,
Cody Parkey,K,MIA,9,LV,0,0,0,0,0,0,0,0,0,0,0,0,0,0,0,0,0,0,1,0,0,1,,,,,
Cole Beasley,WR,DAL,9,KC,0,0,0,0,0,0,0,0,4,24,2,6,0,0,0,0,0,0,0,0,0,0,,,,,
Cooper Kupp,WR,LA,9,NYG,0,0,0,0,0,0,0,0,3,54,0,5,0,0,0,0,0,0,0,0,0,0,,,,,
Cordarrelle Patterson,RB,LV,9,MIA,0,0,0,0,0,0,0,0,0,0,0,0,0,0,0,0,0,0,0,0,0,0,,,,,
Corey Clement,RB,PHI,9,DEN,0,0,0,0,0,51,2,12,1,15,1,1,0,0,0,0,0,0,0,0,0,0,,,,,
Corey Davis,WR,TEN,9,BAL,0,0,0,0,0,0,0,0,2,28,0,5,0,0,0,0,0,0,0,0,0,0,,,,,
Corey Grant,RB,JAX,9,CIN,0,0,0,0,0,18,0,4,0,0,0,0,0,0,0,0,0,0,0,0,0,0,,,,,
Curtis Samuel,WR,CAR,9,ATL,0,0,0,0,0,14,0,1,3,23,0,5,0,0,0,0,0,0,0,0,0,0,,,,,
D'Onta Foreman,RB,HOU,9,IND,0,0,0,0,0,37,0,11,0,0,0,1,0,0,0,0,0,0,0,0,0,0,,,,,
DAL,DEF,DAL,9,KC,,,,,,,,,,,,,,,,,,,,,,,0,0,0,0,17.0
DEN,DEF,DEN,9,PHI,,,,,,,,,,,,,,,,,,,,,,,0,0,0,0,51.0
DET,DEF,DET,9,GB,,,,,,,,,,,,,,,,,,,,,,,0,0,0,0,17.0
Dak Prescott,QB,DAL,9,KC,249,2,33,21,0,27,1,3,0,0,0,0,0,0,0,0,0,0,0,0,0,0,,,,,
Damien Williams,RB,MIA,9,LV,0,0,0,0,0,14,0,7,6,47,1,6,0,0,0,0,0,0,0,0,0,0,,,,,
Darren Fells,TE,DET,9,GB,0,0,0,0,0,0,0,0,1,10,0,1,0,0,0,0,0,0,0,0,0,0,,,,,
Davante Adams,WR,GB,9,DET,0,0,0,0,0,0,0,0,7,53,0,10,0,0,0,0,0,0,0,0,0,0,,,,,
David Fluellen,RB,TEN,9,BAL,0,0,0,0,0,0,0,0,0,0,0,0,0,0,0,0,0,0,0,0,0,0,,,,,
De'Anthony Thomas,WR,KC,9,DAL,0,0,0,0,0,0,0,0,3,41,0,3,0,0,0,0,0,0,0,0,0,0,,,,,
DeAndre Hopkins,WR,HOU,9,IND,0,0,0,0,0,0,0,0,6,86,1,16,0,0,0,0,0,0,0,0,0,0,,,,,
DeAndre Washington,RB,LV,9,MIA,0,0,0,0,0,16,0,4,1,-2,0,1,0,0,0,0,0,0,0,0,0,0,,,,,
DeMarco Murray,RB,TEN,9,BAL,0,0,0,0,0,19,0,9,2,22,0,2,0,0,0,0,0,0,0,0,0,0,,,,,
DeSean Jackson,WR,TB,9,NO,0,0,0,0,0,8,0,1,2,25,0,4,0,0,0,0,0,0,0,0,0,0,,,,,
DeVante Parker,WR,MIA,9,LV,0,0,0,0,0,0,0,0,5,76,0,8,0,0,0,0,0,0,0,0,0,0,,,,,
Delanie Walker,TE,TEN,9,BAL,0,0,0,0,0,0,0,0,5,71,0,5,0,0,0,0,0,0,0,0,0,0,,,,,
Demarcus Robinson,WR,KC,9,DAL,0,0,0,0,0,0,0,0,2,18,0,2,0,0,0,0,0,0,0,0,0,0,,,,,
Demaryius Thomas,WR,DEN,9,PHI,0,0,0,0,0,0,0,0,8,70,1,12,0,0,0,0,0,0,0,0,0,0,,,,,
Demetrius Harris,TE,KC,9,DAL,0,0,0,0,0,0,0,0,0,0,0,1,0,0,0,0,0,0,0,0,0,0,,,,,
Deonte Thompson,WR,BUF,9,NYJ,0,0,0,0,0,0,0,0,7,81,1,10,0,0,0,0,0,0,0,0,0,0,,,,,
Derek Carr,QB,LV,9,MIA,300,1,30,21,1,-3,0,4,0,0,0,0,0,0,0,0,0,0,0,0,0,0,,,,,
Derek Carrier,TE,LA,9,NYG,0,0,0,0,0,0,0,0,1,5,0,1,0,0,0,0,0,0,0,0,0,0,,,,,
Derrick Henry,RB,TEN,9,BAL,0,0,0,0,0,26,1,8,2,10,0,2,0,0,0,0,0,0,0,0,0,0,,,,,
Devin Funchess,WR,CAR,9,ATL,0,0,0,0,0,0,0,0,5,86,0,7,0,0,0,0,0,0,0,0,0,0,,,,,
Devonta Freeman,RB,ATL,9,CAR,0,0,0,0,0,46,0,11,4,18,0,5,0,0,0,0,0,0,0,0,0,0,,,,,
Devontae Booker,RB,DEN,9,PHI,0,0,0,0,0,21,0,6,2,9,0,3,0,0,0,0,0,0,0,0,0,0,,,,,
Dez Bryant,WR,DAL,9,KC,0,0,0,0,0,0,0,0,6,73,0,11,0,0,0,0,0,0,0,0,0,0,,,,,
Donte Moncrief,WR,IND,9,HOU,0,0,0,0,0,0,0,0,1,7,0,2,0,0,0,0,0,0,0,0,0,0,,,,,
Doug Baldwin,WR,SEA,9,WAS,0,0,0,0,0,0,0,0,7,108,1,12,0,0,0,0,0,0,0,0,0,0,,,,,
Doug Martin,RB,TB,9,NO,0,0,0,0,0,7,0,8,0,0,0,0,0,0,0,0,0,0,0,0,0,0,,,,,
Drew Brees,QB,NO,9,TB,263,2,27,22,0,2,0,4,0,0,0,0,0,0,0,0,0,0,0,0,0,0,,,,,
Drew Stanton,QB,ARI,9,SF,201,2,30,15,1,2,0,4,0,0,0,0,0,0,0,0,0,0,0,0,0,0,,,,,
Dwayne Washington,RB,DET,9,GB,0,0,0,0,0,1,0,5,0,0,0,0,0,0,0,0,0,0,0,0,0,0,,,,,
Ed Dickson,TE,CAR,9,ATL,0,0,0,0,0,0,0,0,0,0,0,2,0,0,0,0,0,0,0,0,0,0,,,,,
Ed Eagan,WR,NYG,9,LA,0,0,0,0,0,0,0,0,0,0,0,1,0,0,0,0,0,0,0,0,0,0,,,,,
Eddie Lacy,RB,SEA,9,WAS,0,0,0,0,0,20,0,6,1,14,0,1,0,0,0,0,0,0,0,0,0,0,,,,,
Eli Manning,QB,NYG,9,LA,220,2,36,20,1,0,0,0,0,0,0,0,0,0,0,0,0,0,0,0,0,0,,,,,
Elijah McGuire,RB,NYJ,9,BUF,0,0,0,0,0,30,0,13,1,9,0,1,0,0,0,0,0,0,0,0,0,0,,,,,
Emmanuel Sanders,WR,DEN,9,PHI,0,0,0,0,0,0,0,0,1,30,0,5,0,0,0,0,0,0,0,0,0,0,,,,,
Eric Decker,WR,TEN,9,BAL,0,0,0,0,0,0,0,0,3,21,1,4,0,0,0,0,0,0,0,0,0,0,,,,,
Eric Ebron,TE,DET,9,GB,0,0,0,0,0,0,0,0,3,35,0,4,0,0,0,0,0,0,0,0,0,0,,,,,
Eric Tomlinson,TE,NYJ,9,BUF,0,0,0,0,0,0,0,0,1,6,0,2,0,0,0,0,0,0,0,0,0,0,,,,,
Evan Engram,TE,NYG,9,LA,0,0,0,0,0,0,0,0,4,70,1,10,0,0,0,0,0,0,0,0,0,0,,,,,
Ezekiel Elliott,RB,DAL,9,KC,0,0,0,0,0,93,1,27,0,0,0,0,0,0,0,0,0,0,0,0,0,0,,,,,
Frank Gore,RB,IND,9,HOU,0,0,0,0,0,51,0,17,3,26,0,4,0,0,0,0,0,0,0,0,0,0,,,,,
GB,DEF,GB,9,DET,,,,,,,,,,,,,,,,,,,,,,,0,0,0,0,30.0
Garrett Celek,TE,SF,9,ARI,0,0,0,0,0,0,0,0,1,13,0,4,0,0,0,0,0,0,0,0,0,0,,,,,
Geno Smith,QB,NYG,9,LA,0,0,2,0,0,-1,0,1,0,0,0,0,0,0,0,0,0,0,0,0,0,0,,,,,
George Kittle,TE,SF,9,ARI,0,0,0,0,0,0,0,0,3,27,0,5,0,0,0,0,0,0,0,0,0,0,,,,,
Gerald Everett,TE,LA,9,NYG,0,0,0,0,0,13,0,1,1,44,0,2,0,0,0,0,0,0,0,0,0,0,,,,,
Geronimo Allison,WR,GB,9,DET,0,0,0,0,0,0,0,0,0,0,0,1,0,0,0,0,0,0,0,0,0,0,,,,,
Giorgio Tavecchio,K,LV,9,MIA,0,0,0,0,0,0,0,0,0,0,0,0,0,0,0,0,0,1,0,1,0,3,,,,,
Giovani Bernard,RB,CIN,9,JAX,0,0,0,0,0,-1,0,1,1,-5,0,1,0,0,0,0,0,0,0,0,0,0,,,,,
Golden Tate,WR,DET,9,GB,0,0,0,0,0,0,0,0,7,113,0,9,0,0,0,0,0,0,0,0,0,0,,,,,
Graham Gano,K,CAR,9,ATL,0,0,0,0,0,0,0,0,0,0,0,0,0,0,0,0,0,1,1,0,0,2,,,,,
Greg Zuerlein,K,LA,9,NYG,0,0,0,0,0,0,0,0,0,0,0,0,0,0,0,0,1,0,2,0,0,6,,,,,
HOU,DEF,HOU,9,IND,,,,,,,,,,,,,,,,,,,,,,,0,0,0,0,20.0
Harrison Butker,K,KC,9,DAL,0,0,0,0,0,0,0,0,0,0,0,0,0,0,0,0,0,1,0,0,0,2,,,,,
IND,DEF,IND,9,HOU,,,,,,,,,,,,,,,,,,,,,,,0,0,0,0,14.0
Ifeanyi Momah,TE,ARI,9,SF,0,0,0,0,0,0,0,0,0,0,0,0,0,0,0,0,0,0,0,0,0,0,,,,,
Isaiah McKenzie,WR,DEN,9,PHI,0,0,0,0,0,0,0,0,1,14,0,3,0,0,0,0,0,0,0,0,0,0,,,,,
J.D. McKissic,RB,SEA,9,WAS,0,0,0,0,0,12,0,3,2,14,0,3,0,0,0,0,0,0,0,0,0,0,,,,,
J.J. Nelson,WR,ARI,9,SF,0,0,0,0,0,0,0,0,1,15,0,2,0,0,0,0,0,0,0,0,0,0,,,,,
JAX,DEF,JAX,9,CIN,,,,,,,,,,,,,,,,,,,,,,,0,0,0,0,7.0
Jace Billingsley,WR,DET,9,GB,0,0,0,0,0,0,0,0,0,0,0,0,0,0,0,0,0,0,0,0,0,0,,,,,
Jack Doyle,TE,IND,9,HOU,0,0,0,0,0,0,0,0,8,63,0,9,0,0,0,0,0,0,0,0,0,0,,,,,
Jacoby Brissett,QB,IND,9,HOU,308,2,30,20,0,12,0,2,0,0,0,0,0,0,0,0,0,0,0,0,0,0,,,,,
Jacquizz Rodgers,RB,TB,9,NO,0,0,0,0,0,0,0,0,0,0,0,0,0,0,0,0,0,0,0,0,0,0,,,,,
Jake Elliott,K,PHI,9,DEN,0,0,0,0,0,0,0,0,0,0,0,0,0,0,0,0,0,0,1,0,0,6,,,,,
Jakeem Grant,WR,MIA,9,LV,0,0,0,0,0,0,0,0,0,0,0,0,0,0,0,0,0,0,0,0,0,0,,,,,
Jalen Richard,RB,LV,9,MIA,0,0,0,0,0,14,0,5,0,0,0,1,0,0,0,0,0,0,0,0,0,0,,,,,
Jamaal Charles,RB,DEN,9,PHI,0,0,0,0,0,1,0,4,4,23,0,4,0,0,0,0,0,0,0,0,0,0,,,,,
Jamaal Williams,RB,GB,9,DET,0,0,0,0,0,1,1,1,2,31,0,2,0,0,0,0,0,0,0,0,0,0,,,,,
Jamal Agnew,WR,DET,9,GB,0,0,0,0,0,4,0,1,0,0,0,0,0,0,0,0,0,0,0,0,0,0,,,,,
Jameis Winston,QB,TB,9,NO,67,0,13,7,0,8,0,2,0,0,0,0,0,0,0,0,0,0,0,0,0,0,,,,,
James Hanna,TE,DAL,9,KC,0,0,0,0,0,0,0,0,0,0,0,1,0,0,0,0,0,0,0,0,0,0,,,,,
James O'Shaughnessy,TE,JAX,9,CIN,0,0,0,0,0,0,0,0,1,6,0,1,0,0,0,0,0,0,0,0,0,0,,,,,
Jared Cook,TE,LV,9,MIA,0,0,0,0,0,0,0,0,8,126,0,9,0,0,0,0,0,0,0,0,0,0,,,,,
Jared Goff,QB,LA,9,NYG,311,4,22,14,0,0,0,0,0,0,0,0,0,0,0,0,0,0,0,0,0,0,,,,,
Jaron Brown,WR,ARI,9,SF,0,0,0,0,0,0,0,0,1,3,1,1,0,0,0,0,0,0,0,0,0,0,,,,,
Jarvis Landry,WR,MIA,9,LV,0,0,0,0,0,0,0,0,6,32,1,7,0,0,0,0,0,0,0,0,0,0,,,,,
Jason Witten,TE,DAL,9,KC,0,0,0,0,0,0,0,0,1,5,0,1,0,0,0,0,0,0,0,0,0,0,,,,,
Javorius Allen,RB,BAL,9,TEN,0,0,0,0,0,21,0,7,7,44,1,8,0,0,0,0,0,0,0,0,0,0,,,,,
Jay Ajayi,RB,PHI,9,DEN,0,0,0,0,0,77,1,8,0,0,0,0,0,0,0,0,0,0,0,0,0,0,,,,,
Jay Cutler,QB,MIA,9,LV,311,3,42,34,0,0,0,1,0,0,0,0,0,0,0,0,0,0,0,0,0,0,,,,,
Jaydon Mickens,WR,JAX,9,CIN,0,0,0,0,0,0,0,0,0,0,0,0,1,0,0,0,0,0,0,0,0,0,,,,,
Jeff Heuerman,TE,DEN,9,PHI,0,0,0,0,0,0,0,0,0,0,0,1,0,0,0,0,0,0,0,0,0,0,,,,,
Jehu Chesson,WR,KC,9,DAL,0,0,0,0,0,0,0,0,1,10,0,1,0,0,0,0,0,0,0,0,0,0,,,,,
Jeremy Kerley,WR,NYJ,9,BUF,0,0,0,0,0,0,0,0,0,0,0,0,0,0,0,0,0,0,0,0,0,0,,,,,
Jeremy Maclin,WR,BAL,9,TEN,0,0,0,0,0,0,0,0,8,98,0,9,0,0,0,0,0,0,0,0,0,0,,,,,
Jeremy Sprinkle,TE,WAS,9,SEA,0,0,0,0,0,0,0,0,0,0,0,1,0,0,0,0,0,0,0,0,0,0,,,,,
Jermaine Gresham,TE,ARI,9,SF,0,0,0,0,0,0,0,0,2,23,1,3,0,0,0,0,0,0,0,0,0,0,,,,,
Jermaine Kearse,WR,NYJ,9,BUF,0,0,0,0,0,0,0,0,2,38,0,6,0,0,0,0,0,0,0,0,0,0,,,,,
Jimmy Graham,TE,SEA,9,WAS,0,0,0,0,0,0,0,0,5,59,0,8,0,0,0,0,0,0,0,0,0,0,,,,,
Joe Flacco,QB,BAL,9,TEN,261,2,52,34,2,7,0,1,0,0,0,0,0,0,0,0,0,0,0,0,0,0,,,,,
Joe Mixon,RB,CIN,9,JAX,0,0,0,0,0,31,1,13,3,15,0,4,0,0,0,0,0,0,0,0,0,0,,,,,
Joe Webb,QB,BUF,9,NYJ,0,0,0,0,0,0,0,0,0,0,0,0,0,0,0,0,0,0,0,0,0,0,,,,,
John Brown,WR,ARI,9,SF,0,0,0,0,0,0,0,0,1,52,0,4,0,0,0,0,0,0,0,0,0,0,,,,,
Johnny Holton,WR,LV,9,MIA,0,0,0,0,0,0,0,0,1,44,1,1,0,0,0,0,0,0,0,0,0,0,,,,,
Jonathan Stewart,RB,CAR,9,ATL,0,0,0,0,0,21,0,11,0,0,0,0,0,0,0,0,0,0,0,0,0,0,,,,,
Jonnu Smith,TE,TEN,9,BAL,0,0,0,0,0,0,0,0,0,0,0,1,0,0,0,0,0,0,0,0,0,0,,,,,
Jordan Matthews,TE,BUF,9,NYJ,0,0,0,0,0,0,0,0,6,46,0,8,0,0,0,0,0,0,0,0,0,0,,,,,
Jordy Nelson,WR,GB,9,DET,0,0,0,0,0,0,0,0,4,35,0,7,0,0,0,0,0,0,0,0,0,0,,,,,
Josh Doctson,WR,WAS,9,SEA,0,0,0,0,0,0,0,0,3,59,0,5,0,0,0,0,0,0,0,0,0,0,,,,,
Josh Lambo,K,JAX,9,CIN,0,0,0,0,0,0,0,0,0,0,0,0,0,0,0,0,1,1,0,1,0,2,,,,,
Josh Malone,WR,CIN,9,JAX,0,0,0,0,0,0,0,0,1,13,0,4,0,0,0,0,0,0,0,0,0,0,,,,,
Josh McCown,QB,NYJ,9,BUF,140,1,20,14,0,13,1,5,0,0,0,0,0,0,0,0,0,0,0,0,0,0,,,,,
Josh Reynolds,WR,LA,9,NYG,0,0,0,0,0,0,0,0,0,0,0,1,0,0,0,0,0,0,0,0,0,0,,,,,
Julio Jones,WR,ATL,9,CAR,0,0,0,0,0,0,0,0,6,118,0,12,0,0,0,0,0,0,0,0,0,0,,,,,
Julius Thomas,TE,MIA,9,LV,0,0,0,0,0,0,0,0,6,84,1,8,0,0,0,0,0,0,0,0,0,0,,,,,
Justin Hardy,WR,ATL,9,CAR,0,0,0,0,0,0,0,0,2,26,0,2,0,0,0,0,0,0,0,0,0,0,,,,,
Justin Tucker,K,BAL,9,TEN,0,0,0,0,0,0,0,0,0,0,0,0,0,0,0,0,0,1,1,0,0,2,,,,,
KC,DEF,KC,9,DAL,,,,,,,,,,,,,,,,,,,,,,,0,0,0,0,28.0
Ka'imi Fairbairn,K,HOU,9,IND,0,0,0,0,0,0,0,0,0,0,0,0,0,0,0,0,0,0,0,0,0,2,,,,,
Kaelin Clay,WR,CAR,9,ATL,0,0,0,0,0,0,0,0,0,0,0,1,0,0,0,0,0,0,0,0,0,0,,,,,
Kamar Aiken,WR,IND,9,HOU,0,0,0,0,0,0,0,0,0,0,0,2,0,0,0,0,0,0,0,0,0,0,,,,,
Kareem Hunt,RB,KC,9,DAL,0,0,0,0,0,37,0,9,4,24,0,5,0,0,0,0,0,0,0,0,0,0,,,,,
Keelan Cole,WR,JAX,9,CIN,0,0,0,0,0,0,0,0,3,47,0,5,0,0,0,0,0,0,0,0,0,0,,,,,
Kendrick Bourne,WR,SF,9,ARI,0,0,0,0,0,0,0,0,2,39,0,6,0,0,0,0,0,0,0,0,0,0,,,,,
Kenjon Barner,RB,PHI,9,DEN,0,0,0,0,0,0,0,0,0,0,0,0,0,0,0,0,0,0,0,0,0,0,,,,,
Kenny Stills,WR,MIA,9,LV,0,0,0,0,0,0,0,0,3,28,0,4,0,0,0,0,0,0,0,0,0,0,,,,,
Kenyan Drake,RB,MIA,9,LV,0,0,0,0,0,69,0,9,6,35,0,6,0,0,1,0,0,0,0,0,0,0,,,,,
Kerwynn Williams,RB,ARI,9,SF,0,0,0,0,0,6,0,2,0,0,0,0,0,0,0,0,0,0,0,0,0,0,,,,,
Kirk Cousins,QB,WAS,9,SEA,247,0,31,21,0,4,0,3,0,0,0,0,0,0,0,0,0,0,0,0,0,0,,,,,
Kyle Juszczyk,RB,SF,9,ARI,0,0,0,0,0,5,0,1,1,5,0,2,0,0,0,0,0,0,0,0,0,0,,,,,
LA,DEF,LA,9,NYG,,,,,,,,,,,,,,,,,,,,,,,0,0,0,0,17.0
LV,DEF,LV,9,MIA,,,,,,,,,,,,,,,,,,,,,,,0,0,0,0,0.0
Lamar Miller,RB,HOU,9,IND,0,0,0,0,0,57,0,10,3,34,0,4,0,0,0,0,0,0,0,0,0,0,,,,,
Lance Kendricks,TE,GB,9,DET,0,0,0,0,0,0,0,0,2,32,0,3,0,0,0,0,0,0,0,0,0,0,,,,,
Larry Fitzgerald,WR,ARI,9,SF,0,0,0,0,0,0,0,0,5,70,0,9,0,0,0,0,0,0,0,0,0,0,,,,,
LeGarrette Blount,RB,PHI,9,DEN,0,0,0,0,0,37,0,9,0,0,0,0,0,0,0,0,0,0,0,0,0,0,,,,,
LeSean McCoy,RB,BUF,9,NYJ,0,0,0,0,0,25,0,12,0,0,0,1,0,0,0,0,0,0,0,0,0,0,,,,,
Lee Smith,TE,LV,9,MIA,0,0,0,0,0,0,0,0,0,0,0,0,0,0,0,0,0,0,0,0,0,0,,,,,
Levine Toilolo,TE,ATL,9,CAR,0,0,0,0,0,0,0,0,1,8,0,1,0,0,0,0,0,0,0,0,0,0,,,,,
Logan Thomas,TE,BUF,9,NYJ,0,0,0,0,0,0,0,0,2,25,0,3,0,0,0,0,0,0,0,0,0,0,,,,,
Luke Stocker,TE,TB,9,NO,0,0,0,0,0,0,0,0,2,13,1,2,0,0,0,0,0,0,0,0,0,0,,,,,
Luke Willson,TE,SEA,9,WAS,0,0,0,0,0,0,0,0,1,10,1,2,0,0,0,0,0,0,0,0,0,0,,,,,
MIA,DEF,MIA,9,LV,,,,,,,,,,,,,,,,,,,,,,,0,0,0,0,27.0
Mack Hollins,WR,PHI,9,DEN,0,0,0,0,0,0,0,0,1,8,0,1,0,0,0,0,0,0,0,0,0,0,,,,,
Malcolm Brown,RB,LA,9,NYG,0,0,0,0,0,57,0,15,0,0,0,0,0,0,0,0,0,0,0,0,0,0,,,,,
MarQueis Gray,TE,MIA,9,LV,0,0,0,0,0,3,0,1,0,0,0,0,0,0,0,0,0,0,0,0,0,0,,,,,
Marcedes Lewis,TE,JAX,9,CIN,0,0,0,0,0,0,0,0,3,49,0,6,0,0,0,0,0,0,0,0,0,0,,,,,
Marcus Johnson,WR,PHI,9,DEN,0,0,0,0,0,0,0,0,0,0,0,1,0,0,0,0,0,0,0,0,0,0,,,,,
Marcus Mariota,QB,TEN,9,BAL,218,2,28,19,1,6,0,3,0,0,0,0,0,0,0,0,0,0,0,0,0,0,,,,,
Mark Ingram,RB,NO,9,TB,0,0,0,0,0,77,0,16,1,2,0,1,0,0,0,0,0,0,0,0,0,0,,,,,
Marlon Mack,RB,IND,9,HOU,0,0,0,0,0,29,0,9,0,0,0,0,0,0,0,0,0,0,0,0,0,0,,,,,
Marqise Lee,WR,JAX,9,CIN,0,0,0,0,0,0,0,0,8,75,1,12,0,0,0,0,0,0,0,0,0,0,,,,,
Marquise Goodwin,WR,SF,9,ARI,0,0,0,0,0,0,0,0,2,68,0,8,0,0,0,0,0,0,0,0,0,0,,,,,
Marshall Koehn,K,CIN,9,JAX,0,0,0,0,0,0,0,0,0,0,0,0,0,0,0,0,0,0,0,0,0,1,,,,,
Marshawn Lynch,RB,LV,9,MIA,0,0,0,0,0,57,2,14,2,6,0,2,0,0,0,0,0,0,0,0,0,0,,,,,
Marvin Jones,WR,DET,9,GB,0,0,0,0,0,0,0,0,7,107,2,11,0,0,0,0,0,0,0,0,0,0,,,,,
Mason Crosby,K,GB,9,DET,0,0,0,0,0,0,0,0,0,0,0,0,0,0,0,0,0,1,0,0,0,2,,,,,
Matt Breida,RB,SF,9,ARI,0,0,0,0,0,1,0,1,2,18,0,4,0,0,0,0,0,0,0,0,0,0,,,,,
Matt Bryant,K,ATL,9,CAR,0,0,0,0,0,0,0,0,0,0,0,0,0,0,0,0,0,0,0,1,0,2,,,,,
Matt Forte,RB,NYJ,9,BUF,0,0,0,0,0,77,2,14,4,19,0,4,0,0,0,0,0,0,0,0,0,0,,,,,
Matt Prater,K,DET,9,GB,0,0,0,0,0,0,0,0,0,0,0,0,0,0,0,1,0,1,1,0,0,3,,,,,
Matt Ryan,QB,ATL,9,CAR,313,2,38,24,1,-1,0,1,0,0,0,0,0,0,0,0,0,0,0,0,0,0,,,,,
Matthew Stafford,QB,DET,9,GB,361,2,33,26,0,0,0,1,0,0,0,0,0,0,0,0,0,0,0,0,0,0,,,,,
Maxx Williams,TE,BAL,9,TEN,0,0,0,0,0,0,0,0,3,29,0,3,0,0,0,0,0,0,0,0,0,0,,,,,
Michael Crabtree,WR,LV,9,MIA,0,0,0,0,0,0,0,0,3,40,0,4,0,0,0,0,0,0,0,0,0,0,,,,,
Michael Thomas,WR,NO,9,TB,0,0,0,0,0,0,0,0,8,65,0,11,0,0,0,0,0,0,0,0,0,0,,,,,
Mike Evans,WR,TB,9,NO,0,0,0,0,0,0,0,0,1,13,0,6,0,0,0,0,0,0,0,0,0,0,,,,,
Mike Nugent,K,DAL,9,KC,0,0,0,0,0,0,0,0,0,0,0,0,0,0,0,0,0,0,0,0,0,4,,,,,
Mike Wallace,WR,BAL,9,TEN,0,0,0,0,0,0,0,0,4,19,1,7,0,0,0,0,0,0,0,0,0,0,,,,,
Mohamed Sanu,WR,ATL,9,CAR,0,0,0,0,0,0,0,0,3,23,1,3,0,0,0,0,0,0,0,0,0,0,,,,,
NO,DEF,NO,9,TB,,,,,,,,,,,,,,,,,,,,,,,0,0,0,0,10.0
NYG,DEF,NYG,9,LA,,,,,,,,,,,,,,,,,,,,,,,0,0,0,0,51.0
NYJ,DEF,NYJ,9,BUF,,,,,,,,,,,,,,,,,,,,,,,0,0,0,0,21.0
Nelson Agholor,WR,PHI,9,DEN,0,0,0,0,0,0,0,0,2,36,0,4,0,0,0,0,0,0,0,0,0,0,,,,,
Nick Foles,QB,PHI,9,DEN,35,0,1,1,0,-1,0,1,0,0,0,0,0,0,0,0,0,0,0,0,0,0,,,,,
Nick O'Leary,TE,BUF,9,NYJ,0,0,0,0,0,0,0,0,4,51,0,5,0,0,0,0,0,0,0,0,0,0,,,,,
Nick Rose,K,WAS,9,SEA,0,0,0,0,0,0,0,0,0,0,0,0,0,0,0,0,1,0,0,0,0,2,,,,,
O.J. Howard,TE,TB,9,NO,0,0,0,0,0,0,0,0,1,6,0,2,0,0,0,0,0,0,0,0,0,0,,,,,
Orleans Darkwa,RB,NYG,9,LA,0,0,0,0,0,71,0,16,2,8,0,2,0,0,0,0,0,0,0,0,0,0,,,,,
PHI,DEF,PHI,9,DEN,,,,,,,,,,,,,,,,,,,,,,,0,0,0,0,23.0
Patrick DiMarco,RB,BUF,9,NYJ,0,0,0,0,0,0,0,0,0,0,0,0,0,0,0,0,0,0,0,0,0,0,,,,,
Patrick Murray,K,TB,9,NO,0,0,0,0,0,0,0,0,0,0,0,0,0,0,0,0,0,0,0,1,0,1,,,,,
Paul Richardson,WR,SEA,9,WAS,0,0,0,0,0,0,0,0,3,41,0,3,0,0,0,0,0,0,0,0,0,0,,,,,
Peyton Barber,RB,TB,9,NO,0,0,0,0,0,34,0,11,2,20,0,3,0,0,0,0,0,0,0,0,0,0,,,,,
Pharoh Cooper,WR,LA,9,NYG,0,0,0,0,0,0,0,0,1,9,0,1,0,0,0,0,0,0,0,0,0,0,,,,,
Phil Dawson,K,ARI,9,SF,0,0,0,0,0,0,0,0,0,0,0,0,0,0,0,0,1,1,0,0,0,2,,,,,
Quan Bray,WR,IND,9,HOU,0,0,0,0,0,0,0,0,0,0,0,0,0,0,0,0,0,0,0,0,0,0,,,,,
Raheem Mostert,RB,SF,9,ARI,0,0,0,0,0,0,0,0,0,0,0,0,0,0,0,0,0,0,0,0,0,0,,,,,
Randall Cobb,WR,GB,9,DET,0,0,0,0,0,1,0,1,5,58,0,5,0,0,0,0,0,0,0,0,0,0,,,,,
Rhett Ellison,TE,NYG,9,LA,0,0,0,0,0,0,0,0,2,21,0,2,0,0,0,0,0,0,0,0,0,0,,,,,
Richard Rodgers,TE,GB,9,DET,0,0,0,0,0,0,0,0,1,5,0,2,0,0,0,0,0,0,0,0,0,0,,,,,
Rishard Matthews,WR,TEN,9,BAL,0,0,0,0,0,0,0,0,4,70,1,7,0,0,0,0,0,0,0,0,0,0,,,,,
Rob Kelley,RB,WAS,9,SEA,0,0,0,0,0,18,2,14,0,0,0,0,0,0,0,0,0,0,0,0,0,0,,,,,
Robbie Chosen,WR,NYJ,9,BUF,0,0,0,0,0,0,0,0,4,48,1,5,0,0,0,0,0,0,0,0,0,0,,,,,
Robbie Gould,K,SF,9,ARI,0,0,0,0,0,0,0,0,0,0,0,0,0,0,0,0,0,0,1,0,0,1,,,,,
Robert Woods,WR,LA,9,NYG,0,0,0,0,0,0,0,0,4,70,2,5,0,0,0,0,0,0,0,0,0,0,,,,,
Rod Smith,RB,DAL,9,KC,0,0,0,0,0,0,0,0,0,0,0,0,0,0,0,0,0,0,0,0,0,0,,,,,
Roger Lewis,WR,NYG,9,LA,0,0,0,0,0,0,0,0,1,4,0,3,0,0,0,0,0,0,0,0,0,0,,,,,
Ross Travis,TE,KC,9,DAL,0,0,0,0,0,0,0,0,1,3,0,2,0,0,0,0,0,0,0,0,0,0,,,,,
Russell Shepard,WR,CAR,9,ATL,0,0,0,0,0,11,0,1,0,0,0,2,0,0,0,0,0,0,0,0,0,0,,,,,
Russell Wilson,QB,SEA,9,WAS,297,2,45,24,2,77,0,10,0,0,0,0,0,0,0,0,0,0,0,0,0,0,,,,,
Ryan Fitzpatrick,QB,TB,9,NO,68,1,15,8,0,30,0,3,0,0,0,0,0,0,0,0,0,0,0,0,0,0,,,,,
Ryan Grant,WR,WAS,9,SEA,0,0,0,0,0,0,0,0,3,39,0,3,0,0,0,0,0,0,0,0,0,0,,,,,
Ryan Succop,K,TEN,9,BAL,0,0,0,0,0,0,0,0,0,0,0,0,0,0,0,0,0,0,1,0,0,2,,,,,
Ryan Switzer,WR,DAL,9,KC,0,0,0,0,0,0,0,0,0,0,0,0,0,0,0,0,0,0,0,0,0,0,,,,,
SEA,DEF,SEA,9,WAS,,,,,,,,,,,,,,,,,,,,,,,0,1,0,0,17.0
SF,DEF,SF,9,ARI,,,,,,,,,,,,,,,,,,,,,,,0,0,0,0,20.0
Samaje Perine,RB,WAS,9,SEA,0,0,0,0,0,9,0,2,0,0,0,0,0,0,0,0,0,0,0,0,0,0,,,,,
Sammy Watkins,WR,LA,9,NYG,0,0,0,0,0,0,0,0,1,67,1,2,0,0,0,0,0,0,0,0,0,0,,,,,
Sean Mannion,QB,LA,9,NYG,0,0,0,0,0,-1,0,1,0,0,0,0,0,0,0,0,0,0,0,0,0,0,,,,,
Senorise Perry,RB,MIA,9,LV,0,0,0,0,0,0,0,0,0,0,0,0,0,0,0,0,0,0,0,0,0,0,,,,,
Seth Roberts,WR,LV,9,MIA,0,0,0,0,0,0,0,0,2,28,0,2,0,0,0,0,0,0,0,0,0,0,,,,,
Shane Vereen,RB,NYG,9,LA,0,0,0,0,0,0,0,0,3,14,0,4,0,0,0,0,0,0,0,0,0,0,,,,,
Stephen Anderson,TE,HOU,9,IND,0,0,0,0,0,0,0,0,4,44,0,6,0,0,0,0,0,0,0,0,0,0,,,,,
Sterling Shepard,WR,NYG,9,LA,0,0,0,0,0,0,0,0,5,70,0,9,0,0,0,0,0,0,0,0,0,0,,,,,
Steven Hauschka,K,BUF,9,NYJ,0,0,0,0,0,0,0,0,0,0,0,0,0,0,0,0,0,0,0,0,0,3,,,,,
T.J. Jones,WR,DET,9,GB,0,0,0,0,0,0,0,0,2,29,0,2,0,0,0,0,0,0,0,0,0,0,,,,,
T.J. Yeldon,RB,JAX,9,CIN,0,0,0,0,0,41,0,11,2,11,0,4,0,0,0,0,0,0,0,0,0,0,,,,,
T.Y. Hilton,WR,IND,9,HOU,0,0,0,0,0,0,0,0,5,175,2,9,0,0,0,0,0,0,0,0,0,0,,,,,
TB,DEF,TB,9,NO,,,,,,,,,,,,,,,,,,,,,,,0,0,0,0,30.0
TEN,DEF,TEN,9,BAL,,,,,,,,,,,,,,,,,,,,,,,0,0,0,0,20.0
Taiwan Jones,RB,BUF,9,NYJ,0,0,0,0,0,0,0,0,0,0,0,0,0,0,0,0,0,0,0,0,0,0,,,,,
Tanner McEvoy,WR,SEA,9,WAS,0,0,0,0,0,0,0,0,1,10,0,2,0,0,0,0,0,0,0,0,0,0,,,,,
Tavarres King,WR,NYG,9,LA,0,0,0,0,0,0,0,0,3,33,1,6,0,0,0,0,0,0,0,0,0,0,,,,,
Tavon Austin,WR,LA,9,NYG,0,0,0,0,0,34,0,6,0,9,0,0,0,0,0,0,0,0,0,0,0,0,,,,,
Taylor Gabriel,WR,ATL,9,CAR,0,0,0,0,0,3,0,1,3,56,0,4,0,0,0,0,0,0,0,0,0,0,,,,,
Taywan Taylor,WR,TEN,9,BAL,0,0,0,0,0,0,0,0,1,-4,0,2,0,0,0,0,0,0,0,0,0,0,,,,,
Ted Ginn,WR,NO,9,TB,0,0,0,0,0,0,0,0,4,59,1,5,0,0,0,0,0,0,0,0,0,0,,,,,
Terrance Williams,WR,DAL,9,KC,0,0,0,0,0,0,0,0,9,141,0,9,0,0,0,0,0,0,0,0,0,0,,,,,
Terrelle Pryor,WR,WAS,9,SEA,0,0,0,0,0,0,0,0,2,17,0,3,0,0,0,0,0,0,0,0,0,0,,,,,
Terron Ward,RB,ATL,9,CAR,0,0,0,0,0,0,0,0,0,0,0,0,0,0,0,0,0,0,0,0,0,0,,,,,
Tevin Coleman,RB,ATL,9,CAR,0,0,0,0,0,5,0,5,1,19,1,2,0,0,0,0,0,0,0,0,0,0,,,,,
Theo Riddick,RB,DET,9,GB,0,0,0,0,0,11,0,5,4,62,0,4,0,0,0,0,0,0,0,0,0,0,,,,,
Thomas Rawls,RB,SEA,9,WAS,0,0,0,0,0,39,0,9,2,31,0,2,0,0,0,0,0,0,0,0,0,0,,,,,
Todd Gurley,RB,LA,9,NYG,0,0,0,0,0,59,2,16,2,45,0,3,0,0,0,0,0,0,0,0,0,0,,,,,
Tom Savage,QB,HOU,9,IND,219,1,44,19,0,0,0,0,0,0,0,0,0,0,0,0,0,0,0,0,0,0,,,,,
Tommylee Lewis,WR,NO,9,TB,0,0,0,0,0,0,0,0,0,0,0,0,0,0,0,0,0,0,0,0,0,0,,,,,
Torrey Smith,WR,PHI,9,DEN,0,0,0,0,0,0,0,0,1,11,0,2,0,0,0,0,0,0,0,0,0,0,,,,,
Travis Kelce,TE,KC,9,DAL,0,0,0,0,0,0,0,0,7,73,1,9,0,0,0,0,0,0,0,0,0,0,,,,,
Trent Taylor,WR,SF,9,ARI,0,0,0,0,0,0,0,0,2,22,0,3,0,0,0,0,0,0,0,0,0,0,,,,,
Trevor Davis,WR,GB,9,DET,0,0,0,0,0,9,0,1,1,5,0,1,0,0,0,0,0,0,0,0,0,0,,,,,
Trey Burton,TE,PHI,9,DEN,0,0,0,0,0,0,0,0,2,41,1,4,0,0,0,0,0,0,0,0,0,0,,,,,
Troy Niklas,TE,ARI,9,SF,0,0,0,0,0,0,0,0,1,16,0,3,0,0,0,0,0,0,0,0,0,0,,,,,
Ty Montgomery,WR,GB,9,DET,0,0,0,0,0,33,0,5,1,18,0,1,0,0,0,0,0,0,0,0,0,0,,,,,
Tyler Higbee,TE,LA,9,NYG,0,0,0,0,0,0,0,0,1,8,1,2,0,0,0,0,0,0,0,0,0,0,,,,,
Tyler Kroft,TE,CIN,9,JAX,0,0,0,0,0,0,0,0,2,79,0,2,0,0,0,0,0,0,0,0,0,0,,,,,
Tyler Lockett,WR,SEA,9,WAS,0,0,0,0,0,0,0,0,2,10,0,8,0,0,0,0,0,0,0,0,0,0,,,,,
Tyreek Hill,WR,KC,9,DAL,0,0,0,0,0,9,0,4,2,64,1,4,0,0,0,0,0,0,0,0,0,0,,,,,
Tyrod Taylor,QB,BUF,9,NYJ,285,2,40,29,0,35,1,6,0,0,0,0,0,0,0,0,0,0,0,0,0,0,,,,,
Vernon Davis,TE,WAS,9,SEA,0,0,0,0,0,0,0,0,6,72,0,9,0,0,0,0,0,0,0,0,0,0,,,,,
Victor Bolden,WR,SF,9,ARI,0,0,0,0,0,0,0,0,0,0,0,0,0,0,0,0,0,0,0,0,0,0,,,,,
WAS,DEF,WAS,9,SEA,,,,,,,,,,,,,,,,,,,,,,,0,0,0,0,14.0
Wayne Gallman,RB,NYG,9,LA,0,0,0,0,0,41,0,9,0,0,0,1,0,0,0,0,0,0,0,0,0,0,,,,,
Wendell Smallwood,RB,PHI,9,DEN,0,0,0,0,0,25,0,5,0,0,0,0,0,0,0,0,0,0,0,0,0,0,,,,,
Wil Lutz,K,NO,9,TB,0,0,0,0,0,0,0,0,0,0,0,0,0,0,0,0,0,0,1,0,0,3,,,,,
Will Fuller,WR,HOU,9,IND,0,0,0,0,0,0,0,0,2,32,0,8,0,0,0,0,0,0,0,0,0,0,,,,,
Willie Snead,WR,NO,9,TB,0,0,0,0,0,0,0,0,0,0,0,0,0,0,0,0,0,0,0,0,0,0,,,,,
Zay Jones,WR,BUF,9,NYJ,0,0,0,0,0,0,0,0,6,53,1,7,0,0,0,0,0,0,0,0,0,0,,,,,
A.J. Derby,TE,DEN,10,NE,0,0,0,0,0,0,0,0,1,2,0,1,0,0,0,0,0,0,0,0,0,0,,,,,
A.J. Green,WR,CIN,10,TEN,0,0,0,0,0,0,0,0,5,115,1,7,0,0,0,0,0,0,0,0,0,0,,,,,
ARI,DEF,ARI,10,SEA,,,,,,,,,,,,,,,,,,,,,,,0,0,0,0,22.0
ATL,DEF,ATL,10,DAL,,,,,,,,,,,,,,,,,,,,,,,0,0,0,0,7.0
Aaron Jones,RB,GB,10,CHI,0,0,0,0,0,12,0,3,1,0,0,1,0,0,0,0,0,0,0,0,0,0,,,,,
Adam Humphries,WR,TB,10,NYJ,0,0,0,0,0,0,0,0,2,17,0,4,0,0,0,0,0,0,0,0,0,0,,,,,
Adam Shaheen,TE,CHI,10,GB,0,0,0,0,0,0,0,0,2,39,0,2,0,0,0,0,0,0,0,0,0,0,,,,,
Adam Thielen,WR,MIN,10,WAS,0,0,0,0,0,0,0,0,8,166,1,12,0,0,0,0,0,0,0,0,0,0,,,,,
Adam Vinatieri,K,IND,10,PIT,0,0,0,0,0,0,0,0,0,0,0,0,0,0,0,0,0,0,1,0,0,2,,,,,
Adrian Peterson,RB,ARI,10,SEA,0,0,0,0,0,29,0,21,1,13,0,2,0,0,0,0,0,0,0,0,0,0,,,,,
Aldrick Robinson,WR,SF,10,NYG,0,0,0,0,0,0,0,0,1,12,0,1,0,0,0,0,0,0,0,0,0,0,,,,,
Aldrick Rosas,K,NYG,10,SF,0,0,0,0,0,0,0,0,0,0,0,0,0,0,0,0,0,0,2,0,0,1,,,,,
Alex Armah,RB,CAR,10,MIA,0,0,0,0,0,0,0,0,0,0,0,0,0,0,0,0,0,0,0,0,0,0,,,,,
Alex Erickson,WR,CIN,10,TEN,0,0,0,0,0,6,0,2,1,4,0,1,0,0,0,0,0,0,0,0,0,0,,,,,
Alfred Blue,RB,HOU,10,LA,0,0,0,0,0,10,0,4,0,0,0,0,0,0,0,0,0,0,0,0,0,0,,,,,
Alfred Morris,RB,DAL,10,ATL,0,0,0,0,0,53,0,11,0,0,0,0,0,0,0,0,0,0,0,0,0,0,,,,,
Allen Hurns,WR,JAX,10,LAC,0,0,0,0,0,0,0,0,7,70,0,9,0,0,0,0,0,0,0,0,0,0,,,,,
Alvin Kamara,RB,NO,10,BUF,0,0,0,0,0,106,1,12,5,32,0,5,0,0,0,0,0,0,0,0,0,0,,,,,
Amara Darboh,WR,SEA,10,ARI,0,0,0,0,0,0,0,0,1,3,0,2,0,0,0,0,0,0,0,0,0,0,,,,,
Ameer Abdullah,RB,DET,10,CLE,0,0,0,0,0,52,1,11,1,3,0,2,0,0,0,0,0,0,0,0,0,0,,,,,
Andre Ellington,RB,ARI,10,SEA,0,0,0,0,0,4,1,2,3,26,0,6,0,0,0,0,0,0,0,0,0,0,,,,,
Andre Roberts,WR,ATL,10,DAL,0,0,0,0,0,0,0,0,0,0,0,0,0,0,0,0,0,0,0,0,0,0,,,,,
Andy Dalton,QB,CIN,10,TEN,265,2,35,20,0,0,0,1,0,0,0,0,0,0,0,0,0,0,0,0,0,0,,,,,
Antonio Brown,WR,PIT,10,IND,0,0,0,0,0,0,0,0,3,47,0,7,0,0,0,0,0,0,0,0,0,0,,,,,
Antonio Gates,TE,LAC,10,JAX,0,0,0,0,0,0,0,0,1,3,0,2,0,0,0,0,0,0,0,0,0,0,,,,,
ArDarius Stewart,WR,NYJ,10,TB,0,0,0,0,0,4,0,1,1,0,0,1,0,0,0,0,0,0,0,0,0,0,,,,,
Austin Ekeler,RB,LAC,10,JAX,0,0,0,0,0,42,0,10,5,77,2,5,0,0,0,0,0,0,0,0,0,0,,,,,
Austin Hooper,TE,ATL,10,DAL,0,0,0,0,0,0,0,0,6,49,1,6,0,0,0,0,0,0,0,0,0,0,,,,,
Austin Seferian-Jenkins,TE,NYJ,10,TB,0,0,0,0,0,0,0,0,6,67,0,9,0,0,0,0,0,0,0,0,0,0,,,,,
BUF,DEF,BUF,10,NO,,,,,,,,,,,,,,,,,,,,,,,0,0,0,0,47.0
Ben Braunecker,TE,CHI,10,GB,0,0,0,0,0,0,0,0,0,0,0,0,0,0,0,0,0,0,0,0,0,0,,,,,
Ben Koyack,TE,JAX,10,LAC,0,0,0,0,0,0,0,0,0,0,0,1,0,0,0,0,0,0,0,0,0,0,,,,,
Ben Roethlisberger,QB,PIT,10,IND,236,2,31,19,1,5,0,2,0,0,0,0,0,0,1,0,0,0,0,0,0,0,,,,,
Bennie Fowler,WR,DEN,10,NE,0,0,0,0,0,0,0,0,0,0,0,1,0,0,0,0,0,0,0,0,0,0,,,,,
Benny Cunningham,RB,CHI,10,GB,0,0,0,0,0,0,0,1,3,32,0,4,0,0,0,0,0,0,0,0,0,0,,,,,
Bernard Reedy,WR,TB,10,NYJ,0,0,0,0,0,0,0,0,0,0,0,0,0,0,0,0,0,0,0,0,0,0,,,,,
Bilal Powell,RB,NYJ,10,TB,0,0,0,0,0,30,0,10,1,6,0,2,0,0,0,0,0,0,0,0,0,0,,,,,
Blair Walsh,K,SEA,10,ARI,0,0,0,0,0,0,0,0,0,0,0,0,0,0,0,0,0,1,1,0,0,2,,,,,
Blake Bortles,QB,JAX,10,LAC,273,1,51,28,2,34,0,5,0,0,0,0,0,0,1,0,0,0,0,0,0,0,,,,,
Bradley Sowell,TE,CHI,10,GB,0,0,0,0,0,0,0,0,0,0,0,0,0,0,0,0,0,0,0,0,0,0,,,,,
Brandin Cooks,WR,NE,10,DEN,0,0,0,0,0,0,0,0,6,74,0,11,0,0,0,0,0,0,0,0,0,0,,,,,
Brandon Bolden,RB,NE,10,DEN,0,0,0,0,0,1,0,2,0,0,0,0,0,0,0,0,0,0,0,0,0,0,,,,,
Brandon Coleman,WR,NO,10,BUF,0,0,0,0,0,0,0,0,1,30,0,4,0,0,0,0,0,0,0,0,0,0,,,,,
Brandon LaFell,WR,CIN,10,TEN,0,0,0,0,0,0,0,0,6,95,1,10,0,0,0,0,0,0,0,0,0,0,,,,,
Brandon McManus,K,DEN,10,NE,0,0,0,0,0,0,0,0,0,0,0,0,0,0,0,0,0,3,0,0,0,1,,,,,
Brandon Tate,WR,BUF,10,NO,0,0,0,0,0,0,0,0,0,0,0,0,0,0,0,0,0,0,0,0,0,0,,,,,
Brandon Williams,TE,IND,10,PIT,0,0,0,0,0,0,0,0,0,0,0,0,0,0,0,0,0,0,0,0,0,0,,,,,
Braxton Miller,WR,HOU,10,LA,0,0,0,0,0,1,0,1,0,0,0,0,0,0,0,0,0,0,0,0,0,0,,,,,
Brenton Bersin,WR,CAR,10,MIA,0,0,0,0,0,0,0,0,1,12,0,2,0,0,0,0,0,0,0,0,0,0,,,,,
Brett Hundley,QB,GB,10,CHI,212,1,25,18,0,16,0,2,0,0,0,0,0,0,0,0,0,0,0,0,0,0,,,,,
Brian Hoyer,QB,NE,10,DEN,37,0,3,3,0,0,0,0,0,0,0,0,0,0,0,0,0,0,0,0,0,0,,,,,
Brice Butler,WR,DAL,10,ATL,0,0,0,0,0,0,0,0,1,30,0,1,0,0,0,0,0,0,0,0,0,0,,,,,
Brock Osweiler,QB,DEN,10,NE,221,1,33,18,1,-1,0,1,0,0,0,0,0,0,0,0,0,0,0,0,0,0,,,,,
Bruce Ellington,WR,HOU,10,LA,0,0,0,0,0,0,0,0,4,41,1,9,0,0,0,0,0,0,0,0,0,0,,,,,
Bryce Treggs,WR,CLE,10,DET,0,0,0,0,0,0,0,0,0,0,0,3,0,0,0,0,0,0,0,0,0,0,,,,,
C.J. Anderson,RB,DEN,10,NE,0,0,0,0,0,54,0,10,1,1,0,1,0,0,0,0,0,0,0,0,0,0,,,,,
C.J. Beathard,QB,SF,10,NYG,288,2,25,19,1,15,1,5,0,0,0,0,0,0,0,0,0,0,0,0,0,0,,,,,
C.J. Fiedorowicz,TE,HOU,10,LA,0,0,0,0,0,0,0,0,2,10,0,5,0,0,0,0,0,0,0,0,0,0,,,,,
C.J. Prosise,RB,SEA,10,ARI,0,0,0,0,0,3,0,3,0,0,0,0,0,0,0,0,0,0,0,0,0,0,,,,,
CAR,DEF,CAR,10,MIA,,,,,,,,,,,,,,,,,,,,,,,0,0,0,0,21.0
CHI,DEF,CHI,10,GB,,,,,,,,,,,,,,,,,,,,,,,0,0,0,0,23.0
CIN,DEF,CIN,10,TEN,,,,,,,,,,,,,,,,,,,,,,,0,0,0,0,24.0
CLE,DEF,CLE,10,DET,,,,,,,,,,,,,,,,,,,,,,,0,0,0,0,38.0
Cam Newton,QB,CAR,10,MIA,254,4,35,21,0,95,0,5,0,0,0,0,0,0,0,0,0,0,0,0,0,0,,,,,
Cameron Artis-Payne,RB,CAR,10,MIA,0,0,0,0,0,68,1,7,0,0,0,0,0,0,0,0,0,0,0,0,0,0,,,,,
Cameron Brate,TE,TB,10,NYJ,0,0,0,0,0,0,0,0,1,10,0,3,0,0,0,0,0,0,0,0,0,0,,,,,
Carlos Hyde,RB,SF,10,NYG,0,0,0,0,0,98,0,17,2,6,0,3,0,0,0,0,0,0,0,0,0,0,,,,,
Case Keenum,QB,MIN,10,WAS,304,4,29,21,2,-1,0,3,0,0,0,0,0,0,0,0,0,0,0,0,0,0,,,,,
Cethan Carter,TE,CIN,10,TEN,0,0,0,0,0,0,0,0,0,0,0,0,0,0,0,0,0,0,0,0,0,0,,,,,
Chad Hansen,WR,NYJ,10,TB,0,0,0,0,0,0,0,0,3,33,0,4,0,0,0,0,0,0,0,0,0,0,,,,,
Chandler Catanzaro,K,NYJ,10,TB,0,0,0,0,0,0,0,0,0,0,0,0,0,0,0,0,0,0,1,0,0,1,,,,,
Charles Clay,TE,BUF,10,NO,0,0,0,0,0,0,0,0,2,13,0,3,0,0,0,0,0,0,0,0,0,0,,,,,
Charles Sims,RB,TB,10,NYJ,0,0,0,0,0,20,0,3,3,10,1,4,0,0,0,0,0,0,0,0,0,0,,,,,
Chase Daniel,QB,NO,10,BUF,0,0,0,0,0,-2,0,3,0,0,0,0,0,0,0,0,0,0,0,0,0,0,,,,,
Chester Rogers,WR,IND,10,PIT,0,0,0,0,0,3,0,1,6,104,1,6,0,0,0,0,0,0,0,0,0,0,,,,,
Chris Boswell,K,PIT,10,IND,0,0,0,0,0,0,0,0,0,0,0,0,0,0,0,0,0,1,1,0,0,0,,,,,
Chris Godwin Jr.,WR,TB,10,NYJ,0,0,0,0,0,0,0,0,5,68,0,10,0,0,0,0,0,0,0,0,0,0,,,,,
Chris Ivory,RB,JAX,10,LAC,0,0,0,0,0,1,0,1,1,-5,0,2,0,0,0,0,0,0,0,0,0,0,,,,,
Chris Thompson,RB,WAS,10,MIN,0,0,0,0,0,26,0,9,3,41,0,7,0,0,0,0,0,0,0,0,0,0,,,,,
Chris Thompson,WR,HOU,10,LA,0,0,0,0,0,0,0,0,0,0,0,0,0,0,0,0,0,0,0,0,0,0,,,,,
Christian McCaffrey,RB,CAR,10,MIA,0,0,0,0,0,23,1,5,3,27,1,7,0,0,0,0,0,0,0,0,0,0,,,,,
Coby Fleener,TE,NO,10,BUF,0,0,0,0,0,0,0,0,0,0,0,1,0,0,0,0,0,0,0,0,0,0,,,,,
Cody Core,WR,CIN,10,TEN,0,0,0,0,0,0,0,0,0,0,0,0,0,0,0,0,0,0,0,0,0,0,,,,,
Cody Kessler,QB,CLE,10,DET,5,0,3,1,0,0,0,0,0,0,0,0,0,0,0,0,0,0,0,0,0,0,,,,,
Cody Latimer,WR,DEN,10,NE,0,0,0,0,0,0,0,0,3,28,0,5,0,0,0,0,0,0,0,0,0,0,,,,,
Cody Parkey,K,MIA,10,CAR,0,0,0,0,0,0,0,0,0,0,0,0,0,0,0,0,0,0,0,0,0,3,,,,,
Cole Beasley,WR,DAL,10,ATL,0,0,0,0,0,0,0,0,2,23,0,3,0,0,0,0,0,0,0,0,0,0,,,,,
Connor Barth,K,CHI,10,GB,0,0,0,0,0,0,0,0,0,0,0,0,0,0,0,0,0,0,3,0,0,1,,,,,
Cooper Kupp,WR,LA,10,HOU,0,0,0,0,0,0,0,0,6,47,0,7,0,0,0,0,0,0,0,0,0,0,,,,,
Corey Davis,WR,TEN,10,CIN,0,0,0,0,0,0,0,0,4,48,0,10,0,0,0,0,0,0,0,0,0,0,,,,,
Corey Grant,RB,JAX,10,LAC,0,0,0,0,0,56,1,1,0,0,0,0,0,0,0,0,0,0,0,0,0,0,,,,,
Curtis Samuel,WR,CAR,10,MIA,0,0,0,0,0,0,0,0,5,45,0,7,0,0,0,0,0,0,0,0,0,0,,,,,
D'Onta Foreman,RB,HOU,10,LA,0,0,0,0,0,18,0,7,0,0,0,0,0,0,0,0,0,0,0,0,0,0,,,,,
DAL,DEF,DAL,10,ATL,,,,,,,,,,,,,,,,,,,,,,,0,0,0,0,27.0
DEN,DEF,DEN,10,NE,,,,,,,,,,,,,,,,,,,,,,,0,0,0,0,41.0
DET,DEF,DET,10,CLE,,,,,,,,,,,,,,,,,,,,,,,0,0,0,0,24.0
Dak Prescott,QB,DAL,10,ATL,176,0,30,20,0,42,1,6,0,0,0,0,0,0,0,0,0,0,0,0,0,0,,,,,
Damien Williams,RB,MIA,10,CAR,0,0,0,0,0,19,0,9,2,20,0,3,0,0,0,0,0,0,0,0,0,0,,,,,
Daniel Brown,TE,CHI,10,GB,0,0,0,0,0,0,0,0,2,23,0,3,0,0,0,0,0,0,0,0,0,0,,,,,
Daniel Lasco,RB,NO,10,BUF,0,0,0,0,0,0,0,0,0,0,0,0,0,0,0,0,0,0,0,0,0,0,,,,,
Danny Amendola,WR,NE,10,DEN,0,0,0,0,0,0,0,0,4,36,0,4,0,0,0,0,0,0,0,0,0,0,,,,,
Danny Vitale,RB,CLE,10,DET,0,0,0,0,0,0,0,0,0,0,0,1,0,0,0,0,0,0,0,0,0,0,,,,,
Darrell Daniels,TE,IND,10,PIT,0,0,0,0,0,0,0,0,0,0,0,2,0,0,0,0,0,0,0,0,0,0,,,,,
Darren Fells,TE,DET,10,CLE,0,0,0,0,0,0,0,0,0,0,0,1,0,0,0,0,0,0,0,0,0,0,,,,,
Darren McFadden,RB,DAL,10,ATL,0,0,0,0,0,-2,0,1,0,0,0,0,0,0,0,0,0,0,0,0,0,0,,,,,
Davante Adams,WR,GB,10,CHI,0,0,0,0,0,0,0,0,5,90,1,8,0,0,0,0,0,0,0,0,0,0,,,,,
David Morgan,TE,MIN,10,WAS,0,0,0,0,0,0,0,0,1,1,1,1,0,0,0,0,0,0,0,0,0,0,,,,,
David Njoku,TE,CLE,10,DET,0,0,0,0,0,0,0,0,1,3,0,6,0,0,0,0,0,0,0,0,0,0,,,,,
DeAndre Hopkins,WR,HOU,10,LA,0,0,0,0,0,0,0,0,7,111,0,14,0,0,0,0,0,0,0,0,0,0,,,,,
DeMarco Murray,RB,TEN,10,CIN,0,0,0,0,0,42,2,14,4,30,1,4,0,0,0,0,0,0,0,0,0,0,,,,,
DeSean Jackson,WR,TB,10,NYJ,0,0,0,0,0,0,0,0,6,82,0,10,0,0,0,0,0,0,0,0,0,0,,,,,
DeShone Kizer,QB,CLE,10,DET,232,1,37,21,1,57,1,7,0,0,0,0,0,0,0,0,0,0,0,0,0,0,,,,,
DeVante Parker,WR,MIA,10,CAR,0,0,0,0,0,0,0,0,6,66,0,9,0,0,0,0,0,0,0,0,0,0,,,,,
Delanie Walker,TE,TEN,10,CIN,0,0,0,0,0,0,0,0,6,63,0,9,0,0,0,0,0,0,0,0,0,0,,,,,
Demaryius Thomas,WR,DEN,10,NE,0,0,0,0,0,0,0,0,5,44,1,8,0,0,0,0,0,0,0,0,0,0,,,,,
Deonte Thompson,WR,BUF,10,NO,0,0,0,0,0,-5,0,1,1,10,0,4,0,0,0,0,0,0,0,0,0,0,,,,,
Derek Anderson,QB,CAR,10,MIA,0,0,0,0,0,-2,0,2,0,0,0,0,0,0,0,0,0,0,0,0,0,0,,,,,
Derrick Henry,RB,TEN,10,CIN,0,0,0,0,0,52,0,11,0,0,0,3,0,0,0,0,0,0,0,0,0,0,,,,,
Devin Funchess,WR,CAR,10,MIA,0,0,0,0,0,0,0,0,5,92,2,6,0,0,0,0,0,0,0,0,0,0,,,,,
Devonta Freeman,RB,ATL,10,DAL,0,0,0,0,0,3,0,2,0,0,0,0,0,0,0,0,0,0,0,0,0,0,,,,,
Devontae Booker,RB,DEN,10,NE,0,0,0,0,0,24,0,8,1,5,0,1,0,0,0,0,0,0,0,0,0,0,,,,,
Dez Bryant,WR,DAL,10,ATL,0,0,0,0,0,0,0,0,4,39,0,8,0,0,0,0,0,0,0,0,0,0,,,,,
Dion Lewis,RB,NE,10,DEN,0,0,0,0,0,55,1,14,0,0,0,0,1,0,0,0,0,0,0,0,0,0,,,,,
Donte Moncrief,WR,IND,10,PIT,0,0,0,0,0,0,0,0,1,60,1,1,0,0,0,0,0,0,0,0,0,0,,,,,
Dontrelle Inman,WR,CHI,10,GB,0,0,0,0,0,0,0,0,6,88,0,8,0,0,0,0,0,0,0,0,0,0,,,,,
Doug Baldwin,WR,SEA,10,ARI,0,0,0,0,0,0,0,0,5,95,0,6,0,0,0,0,0,0,0,0,0,0,,,,,
Doug Martin,RB,TB,10,NYJ,0,0,0,0,0,51,0,20,0,0,0,2,0,0,0,0,0,0,0,0,0,0,,,,,
Drew Brees,QB,NO,10,BUF,184,0,25,18,0,6,1,2,0,0,0,0,0,0,0,0,0,0,0,0,0,0,,,,,
Drew Stanton,QB,ARI,10,SEA,273,1,47,24,0,1,0,1,0,0,0,0,0,0,0,0,0,0,0,0,0,0,,,,,
Duke Johnson,RB,CLE,10,DET,0,0,0,0,0,54,0,10,6,34,0,6,0,0,0,0,0,0,0,0,0,0,,,,,
Dwayne Allen,TE,NE,10,DEN,0,0,0,0,0,0,0,0,1,11,1,2,0,0,0,0,0,0,0,0,0,0,,,,,
Dwayne Washington,RB,DET,10,CLE,0,0,0,0,0,0,0,0,1,10,0,1,0,0,0,0,0,0,0,0,0,0,,,,,
Ed Dickson,TE,CAR,10,MIA,0,0,0,0,0,0,0,0,3,33,1,5,0,0,0,0,0,0,0,0,0,0,,,,,
Ed Eagan,WR,NYG,10,SF,0,0,0,0,0,0,0,0,0,0,0,0,0,0,0,0,0,0,0,0,0,0,,,,,
Eli Manning,QB,NYG,10,SF,273,2,37,28,0,0,0,0,0,0,0,0,0,0,0,0,0,0,0,0,0,0,,,,,
Eli Rogers,WR,PIT,10,IND,0,0,0,0,0,0,0,0,1,2,0,1,0,0,0,0,0,0,0,0,0,0,,,,,
Elijah McGuire,RB,NYJ,10,TB,0,0,0,0,0,22,0,8,4,36,0,7,0,0,0,0,0,0,0,0,0,0,,,,,
Emmanuel Sanders,WR,DEN,10,NE,0,0,0,0,0,0,0,0,6,137,0,11,0,0,0,0,0,0,0,0,0,0,,,,,
Eric Decker,WR,TEN,10,CIN,0,0,0,0,0,0,0,0,2,19,0,3,0,0,0,0,0,0,0,0,0,0,,,,,
Eric Ebron,TE,DET,10,CLE,0,0,0,0,0,0,0,0,2,39,1,3,0,0,0,0,0,0,0,0,0,0,,,,,
Eric Saubert,TE,ATL,10,DAL,0,0,0,0,0,0,0,0,0,0,0,0,0,0,0,0,0,0,0,0,0,0,,,,,
Eric Weems,WR,TEN,10,CIN,0,0,0,0,0,0,0,0,0,0,0,0,0,0,0,0,0,0,0,0,0,0,,,,,
Evan Engram,TE,NYG,10,SF,0,0,0,0,0,0,0,0,6,31,1,9,0,0,0,0,0,0,0,0,0,0,,,,,
Frank Gore,RB,IND,10,PIT,0,0,0,0,0,54,0,17,1,7,0,1,0,0,0,0,0,0,0,0,0,0,,,,,
Freddie Martino,WR,TB,10,NYJ,0,0,0,0,0,0,0,0,0,0,0,1,0,0,0,0,0,0,0,0,0,0,,,,,
GB,DEF,GB,10,CHI,,,,,,,,,,,,,,,,,,,,,,,0,0,0,0,16.0
Garrett Celek,TE,SF,10,NYG,0,0,0,0,0,0,0,0,4,67,1,6,0,0,0,0,0,0,0,0,0,0,,,,,
Gerald Everett,TE,LA,10,HOU,0,0,0,0,0,0,0,0,0,0,0,2,0,0,0,0,0,0,0,0,0,0,,,,,
Giovani Bernard,RB,CIN,10,TEN,0,0,0,0,0,10,0,2,5,38,0,5,0,0,0,0,0,0,0,0,0,0,,,,,
Golden Tate,WR,DET,10,CLE,0,0,0,0,0,0,0,0,6,97,1,7,0,0,0,0,0,0,0,0,0,0,,,,,
Graham Gano,K,CAR,10,MIA,0,0,0,0,0,0,0,0,0,0,0,0,0,0,0,0,0,0,1,0,0,6,,,,,
Greg Zuerlein,K,LA,10,HOU,0,0,0,0,0,0,0,0,0,0,0,0,0,0,0,0,1,2,0,1,0,3,,,,,
HOU,DEF,HOU,10,LA,,,,,,,,,,,,,,,,,,,,,,,0,0,0,0,33.0
Hunter Henry,TE,LAC,10,JAX,0,0,0,0,0,0,0,0,1,7,0,2,0,0,0,0,0,0,0,0,0,0,,,,,
IND,DEF,IND,10,PIT,,,,,,,,,,,,,,,,,,,,,,,0,0,0,0,20.0
Ifeanyi Momah,TE,ARI,10,SEA,0,0,0,0,0,0,0,0,0,0,0,0,0,0,0,0,0,0,0,0,0,0,,,,,
Isaiah Crowell,RB,CLE,10,DET,0,0,0,0,0,90,1,16,1,5,0,2,0,0,0,0,0,0,0,0,0,0,,,,,
Isaiah McKenzie,WR,DEN,10,NE,0,0,0,0,0,0,0,0,0,0,0,0,0,0,0,0,0,0,0,0,0,0,,,,,
J.D. McKissic,RB,SEA,10,ARI,0,0,0,0,0,26,0,5,4,20,0,5,0,0,0,0,0,0,0,0,0,0,,,,,
J.J. Nelson,WR,ARI,10,SEA,0,0,0,0,0,0,0,0,1,17,0,4,0,0,0,0,0,0,0,0,0,0,,,,,
JAX,DEF,JAX,10,LAC,,,,,,,,,,,,,,,,,,,,,,,0,0,0,0,17.0
Jack Doyle,TE,IND,10,PIT,0,0,0,0,0,0,0,0,2,9,0,5,0,0,0,0,0,0,0,0,0,0,,,,,
Jacob Hollister,TE,NE,10,DEN,0,0,0,0,0,0,0,0,0,0,0,0,0,0,0,0,0,0,0,0,0,0,,,,,
Jacoby Brissett,QB,IND,10,PIT,222,2,24,14,1,7,0,4,0,0,0,0,0,0,0,0,0,0,0,0,0,0,,,,,
Jacquizz Rodgers,RB,TB,10,NYJ,0,0,0,0,0,12,0,3,0,0,0,0,0,0,0,0,0,0,0,0,0,0,,,,,
Jalston Fowler,RB,TEN,10,CIN,0,0,0,0,0,1,0,1,0,0,0,0,0,0,0,0,0,0,0,0,0,0,,,,,
Jamaal Charles,RB,DEN,10,NE,0,0,0,0,0,38,0,8,0,0,0,1,0,0,0,0,0,0,0,0,0,0,,,,,
Jamaal Williams,RB,GB,10,CHI,0,0,0,0,0,67,0,20,1,7,0,1,0,0,0,0,0,0,0,0,0,0,,,,,
Jamal Agnew,WR,DET,10,CLE,0,0,0,0,0,0,0,0,0,0,0,0,0,0,0,0,0,0,0,0,0,0,,,,,
James Conner,RB,PIT,10,IND,0,0,0,0,0,12,0,1,0,0,0,0,0,0,0,0,0,0,0,0,0,0,,,,,
James O'Shaughnessy,TE,JAX,10,LAC,0,0,0,0,0,0,0,0,0,0,0,0,0,0,0,0,0,0,0,0,0,0,,,,,
James White,RB,NE,10,DEN,0,0,0,0,0,7,0,2,3,11,1,3,0,0,0,0,0,0,0,0,0,0,,,,,
Jamison Crowder,WR,WAS,10,MIN,0,0,0,0,0,5,0,1,4,76,0,11,0,0,0,0,0,0,0,0,0,0,,,,,
Jared Goff,QB,LA,10,HOU,355,3,37,25,0,3,0,4,0,0,0,0,0,0,0,0,0,0,0,0,0,0,,,,,
Jarius Wright,WR,MIN,10,WAS,0,0,0,0,0,0,0,0,1,7,1,1,0,0,0,0,0,0,0,0,0,0,,,,,
Jaron Brown,WR,ARI,10,SEA,0,0,0,0,0,0,0,0,2,13,0,6,0,0,0,0,0,0,0,0,0,0,,,,,
Jarvis Landry,WR,MIA,10,CAR,0,0,0,0,0,0,0,0,5,42,1,10,0,0,0,0,0,0,0,0,0,0,,,,,
Jason Witten,TE,DAL,10,ATL,0,0,0,0,0,0,0,0,7,59,0,7,0,0,0,0,0,0,0,0,0,0,,,,,
Jay Cutler,QB,MIA,10,CAR,213,2,37,22,1,-1,0,1,0,0,0,0,0,0,0,0,0,0,0,0,0,0,,,,,
Jaydon Mickens,WR,JAX,10,LAC,0,0,0,0,0,0,0,0,1,11,0,2,0,0,0,0,0,0,0,0,0,0,,,,,
Jeff Heuerman,TE,DEN,10,NE,0,0,0,0,0,0,0,0,1,4,0,3,0,0,0,0,0,0,0,0,0,0,,,,,
Jerell Adams,TE,NYG,10,SF,0,0,0,0,0,0,0,0,0,0,0,0,0,0,0,0,0,0,0,0,0,0,,,,,
Jerick McKinnon,RB,MIN,10,WAS,0,0,0,0,0,32,0,10,2,15,0,2,0,0,0,0,0,0,0,0,0,0,,,,,
Jermaine Gresham,TE,ARI,10,SEA,0,0,0,0,0,0,0,0,5,64,1,7,0,0,0,0,0,0,0,0,0,0,,,,,
Jermaine Kearse,WR,NYJ,10,TB,0,0,0,0,0,0,0,0,4,35,0,8,0,0,0,0,0,0,0,0,0,0,,,,,
Jesse James,TE,PIT,10,IND,0,0,0,0,0,0,0,0,0,0,0,2,0,0,0,0,0,0,0,0,0,0,,,,,
Jimmy Graham,TE,SEA,10,ARI,0,0,0,0,0,0,0,0,6,27,2,9,0,0,0,0,0,0,0,0,0,0,,,,,
JoJo Natson,WR,NYJ,10,TB,0,0,0,0,0,0,0,0,0,0,0,0,0,0,0,0,0,0,0,0,0,0,,,,,
Joe Mixon,RB,CIN,10,TEN,0,0,0,0,0,37,1,9,1,3,0,3,0,0,0,0,0,0,0,0,0,0,,,,,
Joe Webb,QB,BUF,10,NO,0,0,0,0,0,0,0,0,0,0,0,0,0,0,0,0,0,0,0,0,0,0,,,,,
John Brown,WR,ARI,10,SEA,0,0,0,0,0,0,0,0,2,27,0,6,0,0,0,0,0,0,0,0,0,0,,,,,
John Ross,WR,CIN,10,TEN,0,0,0,0,0,0,0,0,0,0,0,1,0,0,0,0,0,0,0,0,0,0,,,,,
Jonathan Stewart,RB,CAR,10,MIA,0,0,0,0,0,110,0,17,0,0,0,0,0,0,0,0,0,0,0,0,0,0,,,,,
Jonnu Smith,TE,TEN,10,CIN,0,0,0,0,0,0,0,0,2,20,0,5,0,0,0,0,0,0,0,0,0,0,,,,,
Jordan Howard,RB,CHI,10,GB,0,0,0,0,0,54,0,15,0,0,0,0,0,0,0,0,0,0,0,0,0,0,,,,,
Jordan Matthews,TE,BUF,10,NO,0,0,0,0,0,0,0,0,1,14,0,2,0,0,0,0,0,0,0,0,0,0,,,,,
Jordy Nelson,WR,GB,10,CHI,0,0,0,0,0,0,0,0,3,20,0,4,0,0,0,0,0,0,0,0,0,0,,,,,
Josh Bellamy,WR,CHI,10,GB,0,0,0,0,0,0,0,0,2,57,1,7,0,0,0,0,0,0,0,0,0,0,,,,,
Josh Doctson,WR,WAS,10,MIN,0,0,0,0,0,0,0,0,4,30,0,7,0,0,0,0,0,0,0,0,0,0,,,,,
Josh Ferguson,RB,IND,10,PIT,0,0,0,0,0,0,0,0,0,0,0,0,0,0,0,0,0,0,0,0,0,0,,,,,
Josh Hill,TE,NO,10,BUF,0,0,0,0,0,0,0,0,1,-2,0,1,0,0,0,0,0,0,0,0,0,0,,,,,
Josh Lambo,K,JAX,10,LAC,0,0,0,0,0,0,0,0,0,0,0,0,0,0,0,0,0,2,0,0,0,0,,,,,
Josh Malone,WR,CIN,10,TEN,0,0,0,0,0,0,0,0,1,6,0,1,0,0,0,0,0,0,0,0,0,0,,,,,
Josh McCown,QB,NYJ,10,TB,262,1,39,23,1,0,0,0,0,0,0,0,0,0,0,0,0,0,0,0,0,0,,,,,
JuJu Smith-Schuster,WR,PIT,10,IND,0,0,0,0,0,0,0,0,5,97,1,7,0,0,0,0,0,0,0,0,0,0,,,,,
Julio Jones,WR,ATL,10,DAL,0,0,0,0,0,0,0,0,6,57,0,8,0,0,0,0,0,0,0,0,0,0,,,,,
Julius Thomas,TE,MIA,10,CAR,0,0,0,0,0,0,0,0,2,8,1,5,0,0,0,0,0,0,0,0,0,0,,,,,
Justin Hardy,WR,ATL,10,DAL,0,0,0,0,0,0,0,0,2,7,1,2,0,0,0,0,0,0,0,0,0,0,,,,,
Ka'imi Fairbairn,K,HOU,10,LA,0,0,0,0,0,0,0,0,0,0,0,0,0,0,0,0,0,0,0,0,0,1,,,,,
Kaelin Clay,WR,CAR,10,MIA,0,0,0,0,0,0,0,0,1,5,0,1,0,0,0,0,0,0,0,0,0,0,,,,,
Kai Forbath,K,MIN,10,WAS,0,0,0,0,0,0,0,0,0,0,0,0,0,0,0,0,0,0,0,1,0,5,,,,,
Keelan Cole,WR,JAX,10,LAC,0,0,0,0,0,0,0,0,3,61,0,8,0,0,0,0,0,0,0,0,0,0,,,,,
Keenan Allen,WR,LAC,10,JAX,0,0,0,0,0,6,0,1,4,48,0,7,0,0,0,0,0,0,0,0,0,0,,,,,
Kelvin Benjamin,WR,BUF,10,NO,0,0,0,0,0,0,0,0,3,42,0,6,0,0,0,0,0,0,0,0,0,0,,,,,
Kendall Wright,WR,CHI,10,GB,0,0,0,0,0,0,0,0,5,46,0,8,0,0,0,0,0,0,0,0,0,0,,,,,
Kendrick Bourne,WR,SF,10,NYG,0,0,0,0,0,0,0,0,3,42,0,3,0,0,0,0,0,0,0,0,0,0,,,,,
Kenny Britt,WR,CLE,10,DET,0,0,0,0,0,0,0,0,2,38,1,3,0,0,0,0,0,0,0,0,0,0,,,,,
Kenny Golladay,WR,DET,10,CLE,0,0,0,0,0,0,0,0,2,64,0,3,0,0,0,0,0,0,0,0,0,0,,,,,
Kenny Stills,WR,MIA,10,CAR,0,0,0,0,0,0,0,0,5,67,0,8,0,0,0,0,0,0,0,0,0,0,,,,,
Kenyan Drake,RB,MIA,10,CAR,0,0,0,0,0,82,1,7,2,10,0,2,0,0,0,0,0,0,0,0,0,0,,,,,
Kerwynn Williams,RB,ARI,10,SEA,0,0,0,0,0,0,0,0,0,0,0,0,0,0,0,0,0,0,0,0,0,0,,,,,
Kirk Cousins,QB,WAS,10,MIN,327,1,45,26,1,5,2,4,0,0,0,0,0,0,0,0,0,0,0,0,0,0,,,,,
Kyle Juszczyk,RB,SF,10,NYG,0,0,0,0,0,0,0,1,5,27,0,6,0,0,0,0,0,0,0,0,0,0,,,,,
Kyle Rudolph,TE,MIN,10,WAS,0,0,0,0,0,0,0,0,5,37,0,7,0,0,0,0,0,0,0,0,0,0,,,,,
LA,DEF,LA,10,HOU,,,,,,,,,,,,,,,,,,,,,,,0,0,0,0,7.0
LAC,DEF,LAC,10,JAX,,,,,,,,,,,,,,,,,,,,,,,0,0,0,0,20.0
Lamar Miller,RB,HOU,10,LA,0,0,0,0,0,60,0,11,1,14,0,1,0,0,0,0,0,0,0,0,0,0,,,,,
Lance Dunbar,RB,LA,10,HOU,0,0,0,0,0,31,0,5,0,0,0,1,0,0,0,0,0,0,0,0,0,0,,,,,
Lance Kendricks,TE,GB,10,CHI,0,0,0,0,0,0,0,0,1,9,0,2,0,0,0,0,0,0,0,0,0,0,,,,,
Laquon Treadwell,WR,MIN,10,WAS,0,0,0,0,0,0,0,0,0,0,0,1,0,0,0,0,0,0,0,0,0,0,,,,,
Larry Fitzgerald,WR,ARI,10,SEA,0,0,0,0,0,0,0,0,10,113,0,14,0,0,0,0,0,0,0,0,0,0,,,,,
Latavius Murray,RB,MIN,10,WAS,0,0,0,0,0,68,1,17,0,0,0,0,0,0,0,0,0,0,0,0,0,0,,,,,
Le'Veon Bell,RB,PIT,10,IND,0,0,0,0,0,80,0,26,5,32,0,6,0,0,0,0,0,0,0,0,0,0,,,,,
LeSean McCoy,RB,BUF,10,NO,0,0,0,0,0,49,0,8,3,11,0,5,0,0,0,0,0,0,0,0,0,0,,,,,
Leonard Fournette,RB,JAX,10,LAC,0,0,0,0,0,33,0,17,2,13,0,4,0,0,0,0,0,0,0,0,0,0,,,,,
Levine Toilolo,TE,ATL,10,DAL,0,0,0,0,0,0,0,0,1,10,0,1,0,0,0,0,0,0,0,0,0,0,,,,,
Logan Paulsen,TE,SF,10,NYG,0,0,0,0,0,0,0,0,0,0,0,0,0,0,0,0,0,0,0,0,0,0,,,,,
Louis Murphy,WR,SF,10,NYG,0,0,0,0,0,0,0,0,2,48,0,2,0,0,0,0,0,0,0,0,0,0,,,,,
Luke Willson,TE,SEA,10,ARI,0,0,0,0,0,0,0,0,0,0,0,0,0,0,0,0,0,0,0,0,0,0,,,,,
MIA,DEF,MIA,10,CAR,,,,,,,,,,,,,,,,,,,,,,,0,0,0,0,45.0
MIN,DEF,MIN,10,WAS,,,,,,,,,,,,,,,,,,,,,,,0,0,0,0,30.0
Marcedes Lewis,TE,JAX,10,LAC,0,0,0,0,0,0,0,0,2,29,0,5,0,0,0,0,0,0,0,0,0,0,,,,,
Marcus Mariota,QB,TEN,10,CIN,264,1,44,25,1,51,0,6,0,0,0,0,0,0,0,0,0,0,0,0,0,0,,,,,
Mark Ingram,RB,NO,10,BUF,0,0,0,0,0,131,3,21,0,0,0,0,0,0,0,0,0,0,0,0,0,0,,,,,
Marlon Mack,RB,IND,10,PIT,0,0,0,0,0,7,0,7,2,19,0,4,0,0,0,0,0,0,0,0,0,0,,,,,
Marqise Lee,WR,JAX,10,LAC,0,0,0,0,0,0,0,0,6,55,1,11,0,0,1,0,0,0,0,0,0,0,,,,,
Marquise Goodwin,WR,SF,10,NYG,0,0,0,0,0,18,0,1,1,83,1,2,0,0,0,0,0,0,0,0,0,0,,,,,
Martavis Bryant,WR,PIT,10,IND,0,0,0,0,0,-9,0,1,3,42,0,5,0,0,1,0,0,0,0,0,0,0,,,,,
Martellus Bennett,TE,NE,10,DEN,0,0,0,0,0,0,0,0,3,38,0,3,0,0,0,0,0,0,0,0,0,0,,,,,
Marvin Hall,WR,ATL,10,DAL,0,0,0,0,0,0,0,0,0,0,0,2,0,0,0,0,0,0,0,0,0,0,,,,,
Marvin Jones,WR,DET,10,CLE,0,0,0,0,0,0,0,0,1,22,0,2,0,0,0,0,0,0,0,0,0,0,,,,,
Mason Crosby,K,GB,10,CHI,0,0,0,0,0,0,0,0,0,0,0,0,0,0,0,0,1,0,1,1,0,2,,,,,
Matt Breida,RB,SF,10,NYG,0,0,0,0,0,55,1,9,1,3,0,2,0,0,0,0,0,0,0,0,0,0,,,,,
Matt Bryant,K,ATL,10,DAL,0,0,0,0,0,0,0,0,0,0,0,0,0,0,0,0,1,0,0,1,0,3,,,,,
Matt Dayes,RB,CLE,10,DET,0,0,0,0,0,0,0,0,0,0,0,0,0,0,0,0,0,0,0,0,0,0,,,,,
Matt Prater,K,DET,10,CLE,0,0,0,0,0,0,0,0,0,0,0,0,0,0,0,0,0,0,1,0,0,5,,,,,
Matt Ryan,QB,ATL,10,DAL,215,2,29,22,1,0,0,0,0,0,0,0,0,0,0,0,0,0,0,0,0,0,,,,,
Matthew Slater,WR,NE,10,DEN,0,0,0,0,0,0,0,0,0,0,0,0,0,0,0,0,0,0,0,0,0,0,,,,,
Matthew Stafford,QB,DET,10,CLE,249,3,26,17,1,17,0,4,0,0,0,0,0,0,0,0,0,0,0,0,0,0,,,,,
Maurice Harris,WR,WAS,10,MIN,0,0,0,0,0,0,0,0,2,50,1,3,0,0,0,0,0,0,0,0,0,0,,,,,
Melvin Gordon,RB,LAC,10,JAX,0,0,0,0,0,27,0,16,5,15,0,8,0,0,0,0,0,0,0,0,0,0,,,,,
Michael Hoomanawanui,TE,NO,10,BUF,0,0,0,0,0,0,0,0,1,4,0,1,0,0,0,0,0,0,0,0,0,0,,,,,
Michael Thomas,WR,NO,10,BUF,0,0,0,0,0,0,0,0,9,117,0,10,0,0,0,0,0,0,0,0,0,0,,,,,
Mike Nugent,K,DAL,10,ATL,0,0,0,0,0,0,0,0,0,0,0,0,0,0,0,0,0,0,0,0,0,1,,,,,
Mike Williams,WR,LAC,10,JAX,0,0,0,0,0,0,0,0,2,24,0,2,0,0,0,0,0,0,0,0,0,0,,,,,
Mitchell Trubisky,QB,CHI,10,GB,297,1,35,21,0,0,0,0,0,0,0,0,0,0,0,0,0,0,0,0,0,0,,,,,
Mohamed Sanu,WR,ATL,10,DAL,0,0,0,0,0,0,0,0,3,29,0,5,0,0,0,0,0,0,0,0,0,0,,,,,
NE,DEF,NE,10,DEN,,,,,,,,,,,,,,,,,,,,,,,0,0,0,0,16.0
NO,DEF,NO,10,BUF,,,,,,,,,,,,,,,,,,,,,,,0,0,0,0,10.0
NYG,DEF,NYG,10,SF,,,,,,,,,,,,,,,,,,,,,,,0,0,0,0,31.0
NYJ,DEF,NYJ,10,TB,,,,,,,,,,,,,,,,,,,,,,,0,0,0,0,15.0
Nathan Peterman,QB,BUF,10,NO,79,1,10,7,0,0,0,0,0,0,0,0,0,0,0,0,0,0,0,0,0,0,,,,,
Neal Sterling,TE,NYJ,10,TB,0,0,0,0,0,0,0,0,0,0,0,1,0,0,0,0,0,0,0,0,0,0,,,,,
Nick Novak,K,LAC,10,JAX,0,0,0,0,0,0,0,0,0,0,0,0,0,0,0,0,0,0,0,1,0,2,,,,,
Nick O'Leary,TE,BUF,10,NO,0,0,0,0,0,0,0,0,1,7,1,2,0,0,0,0,0,0,0,0,0,0,,,,,
Nick Rose,K,WAS,10,MIN,0,0,0,0,0,0,0,0,0,0,0,0,0,0,0,0,2,0,0,1,0,3,,,,,
Nick Vannett,TE,SEA,10,ARI,0,0,0,0,0,0,0,0,2,22,0,2,0,0,0,0,0,0,0,0,0,0,,,,,
Orleans Darkwa,RB,NYG,10,SF,0,0,0,0,0,70,0,14,2,18,0,2,0,0,1,0,0,0,0,0,0,0,,,,,
PIT,DEF,PIT,10,IND,,,,,,,,,,,,,,,,,,,,,,,0,0,0,0,17.0
Patrick DiMarco,RB,BUF,10,NO,0,0,0,0,0,0,0,1,3,21,0,3,0,0,0,0,0,0,0,0,0,0,,,,,
Patrick Murray,K,TB,10,NYJ,0,0,0,0,0,0,0,0,0,0,0,0,0,0,0,0,1,1,1,0,0,0,,,,,
Paul Richardson,WR,SEA,10,ARI,0,0,0,0,0,0,0,0,1,43,0,2,0,0,0,0,0,0,0,0,0,0,,,,,
Peyton Barber,RB,TB,10,NYJ,0,0,0,0,0,-2,0,2,0,0,0,0,0,0,0,0,0,0,0,0,0,0,,,,,
Pharoh Cooper,WR,LA,10,HOU,0,0,0,0,0,0,0,0,2,12,0,2,0,0,0,0,0,0,0,0,0,0,,,,,
Phil Dawson,K,ARI,10,SEA,0,0,0,0,0,0,0,0,0,0,0,0,0,0,0,0,0,0,1,0,0,1,,,,,
Philip Rivers,QB,LAC,10,JAX,235,2,37,21,1,-1,0,2,0,0,0,0,0,0,0,0,0,0,0,0,0,0,,,,,
Phillip Dorsett,WR,NE,10,DEN,0,0,0,0,0,0,0,0,2,16,0,2,0,0,0,0,0,0,0,0,0,0,,,,,
Randall Cobb,WR,GB,10,CHI,0,0,0,0,0,8,0,4,3,52,0,4,0,0,0,0,0,0,0,0,0,0,,,,,
Randy Bullock,K,CIN,10,TEN,0,0,0,0,0,0,0,0,0,0,0,0,0,0,0,0,0,0,0,0,0,2,,,,,
Rashard Higgins,WR,CLE,10,DET,0,0,0,0,0,0,0,0,4,34,0,4,0,0,0,0,0,0,0,0,0,0,,,,,
Rex Burkhead,RB,NE,10,DEN,0,0,0,0,0,36,0,10,3,27,1,3,0,0,0,0,0,0,0,0,0,0,,,,,
Rhett Ellison,TE,NYG,10,SF,0,0,0,0,0,0,0,0,0,0,0,0,0,0,0,0,0,0,0,0,0,0,,,,,
Ricardo Louis,WR,CLE,10,DET,0,0,0,0,0,0,0,0,2,15,0,6,0,0,0,0,0,0,0,0,0,0,,,,,
Richard Rodgers,TE,GB,10,CHI,0,0,0,0,0,0,0,0,1,8,0,1,0,0,0,0,0,0,0,0,0,0,,,,,
Rishard Matthews,WR,TEN,10,CIN,0,0,0,0,0,0,0,0,5,50,0,7,0,0,0,0,0,0,0,0,0,0,,,,,
Rob Gronkowski,TE,NE,10,DEN,0,0,0,0,0,0,0,0,4,74,0,7,0,0,0,0,0,0,0,0,0,0,,,,,
Rob Kelley,RB,WAS,10,MIN,0,0,0,0,0,10,0,4,2,4,0,2,0,0,0,0,0,0,0,0,0,0,,,,,
Robbie Chosen,WR,NYJ,10,TB,0,0,0,0,0,0,0,0,4,85,1,7,0,0,0,0,0,0,0,0,0,0,,,,,
Robbie Gould,K,SF,10,NYG,0,0,0,0,0,0,0,0,0,0,0,0,0,0,0,0,0,0,1,0,0,4,,,,,
Robert Woods,WR,LA,10,HOU,0,0,0,0,0,0,0,0,8,171,2,10,0,0,0,0,0,0,0,0,0,0,,,,,
Rod Smith,RB,DAL,10,ATL,0,0,0,0,0,14,0,3,4,15,0,6,0,0,0,0,0,0,0,0,0,0,,,,,
Roger Lewis,WR,NYG,10,SF,0,0,0,0,0,0,0,0,3,33,1,4,0,0,0,0,0,0,0,0,0,0,,,,,
Russell Shepard,WR,CAR,10,MIA,0,0,0,0,0,0,0,0,3,40,0,7,0,0,0,0,0,0,0,0,0,0,,,,,
Russell Wilson,QB,SEA,10,ARI,238,2,32,22,0,19,0,5,0,0,0,0,0,0,0,0,0,0,0,0,0,0,,,,,
Ryan Fitzpatrick,QB,TB,10,NYJ,187,1,34,17,1,9,0,3,0,0,0,0,0,0,0,0,0,0,0,0,0,0,,,,,
Ryan Grant,WR,WAS,10,MIN,0,0,0,0,0,0,0,0,3,25,0,3,0,0,0,0,0,0,0,0,0,0,,,,,
Ryan Succop,K,TEN,10,CIN,0,0,0,0,0,0,0,0,0,0,0,0,0,0,0,0,0,0,1,0,0,3,,,,,
Ryan Switzer,WR,DAL,10,ATL,0,0,0,0,0,0,0,0,0,0,0,0,0,0,0,0,0,0,0,0,0,0,,,,,
SEA,DEF,SEA,10,ARI,,,,,,,,,,,,,,,,,,,,,,,0,1,0,0,16.0
SF,DEF,SF,10,NYG,,,,,,,,,,,,,,,,,,,,,,,0,0,0,0,21.0
Samaje Perine,RB,WAS,10,MIN,0,0,0,0,0,35,0,9,1,25,0,1,0,0,0,0,0,0,0,0,0,0,,,,,
Sammie Coates,WR,CLE,10,DET,0,0,0,0,0,0,0,0,2,38,0,2,0,0,0,0,0,0,0,0,0,0,,,,,
Sammy Watkins,WR,LA,10,HOU,0,0,0,0,0,0,0,0,2,41,1,3,0,0,0,0,0,0,0,0,0,0,,,,,
Senorise Perry,RB,MIA,10,CAR,0,0,0,0,0,0,0,0,0,0,0,0,0,0,0,0,0,0,0,0,0,0,,,,,
Seth DeValve,TE,CLE,10,DET,0,0,0,0,0,0,0,0,4,70,0,6,0,0,0,0,0,0,0,0,0,0,,,,,
Shane Vereen,RB,NYG,10,SF,0,0,0,0,0,11,0,5,4,27,0,4,0,0,0,0,0,0,0,0,0,0,,,,,
Stefon Diggs,WR,MIN,10,WAS,0,0,0,0,0,0,0,0,4,78,1,5,0,0,0,0,0,0,0,0,0,0,,,,,
Stephen Anderson,TE,HOU,10,LA,0,0,0,0,0,0,0,0,2,30,0,3,0,0,0,0,0,0,0,0,0,0,,,,,
Stephen Gostkowski,K,NE,10,DEN,0,0,0,0,0,0,0,0,0,0,0,0,0,0,0,0,2,0,0,0,0,5,,,,,
Sterling Shepard,WR,NYG,10,SF,0,0,0,0,0,0,0,0,11,142,0,13,0,0,0,0,0,0,0,0,0,0,,,,,
Steven Hauschka,K,BUF,10,NO,0,0,0,0,0,0,0,0,0,0,0,0,0,0,0,0,0,1,0,0,0,1,,,,,
T.J. Jones,WR,DET,10,CLE,0,0,0,0,0,0,0,0,1,2,0,3,0,0,0,0,0,0,0,0,0,0,,,,,
T.J. Yeldon,RB,JAX,10,LAC,0,0,0,0,0,11,0,3,6,39,0,8,0,0,0,0,0,0,0,0,0,0,,,,,
T.Y. Hilton,WR,IND,10,PIT,0,0,0,0,0,0,0,0,2,23,0,4,0,0,0,0,0,0,0,0,0,0,,,,,
TB,DEF,TB,10,NYJ,,,,,,,,,,,,,,,,,,,,,,,0,0,0,0,10.0
TEN,DEF,TEN,10,CIN,,,,,,,,,,,,,,,,,,,,,,,0,0,0,0,20.0
Tarik Cohen,RB,CHI,10,GB,0,0,0,0,0,1,0,1,1,10,0,2,0,0,0,0,0,0,0,0,0,0,,,,,
Tavarres King,WR,NYG,10,SF,0,0,0,0,0,11,0,1,2,22,0,4,0,0,0,0,0,0,0,0,0,0,,,,,
Tavon Austin,WR,LA,10,HOU,0,0,0,0,0,2,0,5,0,0,0,0,0,0,0,0,0,0,0,0,0,0,,,,,
Taylor Gabriel,WR,ATL,10,DAL,0,0,0,0,0,15,0,1,3,58,0,3,0,0,0,0,0,0,0,0,0,0,,,,,
Taywan Taylor,WR,TEN,10,CIN,0,0,0,0,0,4,0,1,2,34,0,3,0,0,0,0,0,0,0,0,0,0,,,,,
Ted Ginn,WR,NO,10,BUF,0,0,0,0,0,0,0,0,1,3,0,1,0,0,0,0,0,0,0,0,0,0,,,,,
Terrance Williams,WR,DAL,10,ATL,0,0,0,0,0,0,0,0,1,9,0,4,0,0,0,0,0,0,0,0,0,0,,,,,
Terrell Watson,RB,PIT,10,IND,0,0,0,0,0,0,0,0,0,0,0,0,0,0,0,0,0,0,0,0,0,0,,,,,
Terron Ward,RB,ATL,10,DAL,0,0,0,0,0,23,0,9,0,0,0,0,0,0,0,0,0,0,0,0,0,0,,,,,
Tevin Coleman,RB,ATL,10,DAL,0,0,0,0,0,83,1,20,1,5,0,1,0,0,0,0,0,0,0,0,0,0,,,,,
Theo Riddick,RB,DET,10,CLE,0,0,0,0,0,35,0,4,3,12,1,3,0,0,0,0,0,0,0,0,0,0,,,,,
Thomas Rawls,RB,SEA,10,ARI,0,0,0,0,0,27,0,10,2,12,0,2,0,0,0,0,0,0,0,0,0,0,,,,,
Todd Gurley,RB,LA,10,HOU,0,0,0,0,0,68,0,11,6,68,0,7,0,0,0,0,0,0,0,0,0,0,,,,,
Tom Brady,QB,NE,10,DEN,266,3,34,25,0,0,0,1,0,0,0,0,0,0,0,0,0,0,0,0,0,0,,,,,
Tom Savage,QB,HOU,10,LA,221,1,36,18,2,0,0,2,0,0,0,0,0,0,0,0,0,0,0,0,0,0,,,,,
Travis Benjamin,WR,LAC,10,JAX,0,0,0,0,0,13,0,1,0,0,0,3,0,0,0,0,0,0,0,0,0,0,,,,,
Tre McBride,WR,CHI,10,GB,0,0,0,0,0,0,0,0,0,0,0,1,0,0,0,0,0,0,0,0,0,0,,,,,
Trevor Davis,WR,GB,10,CHI,0,0,0,0,0,0,0,0,0,0,0,0,0,0,0,0,0,0,0,0,0,0,,,,,
Trey Edmunds,RB,NO,10,BUF,0,0,0,0,0,48,1,9,0,0,0,0,0,0,0,0,0,0,0,0,0,0,,,,,
Troy Niklas,TE,ARI,10,SEA,0,0,0,0,0,0,0,0,0,0,0,2,0,0,0,0,0,0,0,0,0,0,,,,,
Ty Montgomery,WR,GB,10,CHI,0,0,0,0,0,54,1,6,2,14,0,2,0,0,0,0,0,0,0,0,0,0,,,,,
Tyler Higbee,TE,LA,10,HOU,0,0,0,0,0,0,0,0,2,22,0,4,0,0,0,0,0,0,0,0,0,0,,,,,
Tyler Kroft,TE,CIN,10,TEN,0,0,0,0,0,0,0,0,1,4,0,6,0,0,0,0,0,0,0,0,0,0,,,,,
Tyler Lockett,WR,SEA,10,ARI,0,0,0,0,0,0,0,0,1,16,0,2,0,0,0,0,0,0,0,0,0,0,,,,,
Tyrell Williams,WR,LAC,10,JAX,0,0,0,0,0,0,0,0,2,49,0,5,0,0,0,0,0,0,0,0,0,0,,,,,
Tyrod Taylor,QB,BUF,10,NO,56,0,18,9,1,27,0,3,0,0,0,0,0,0,0,0,0,0,0,0,0,0,,,,,
Vance McDonald,TE,PIT,10,IND,0,0,0,0,0,0,0,0,2,16,1,2,0,0,0,0,0,0,0,0,0,0,,,,,
Vernon Davis,TE,WAS,10,MIN,0,0,0,0,0,0,0,0,7,76,0,11,0,0,0,0,0,0,0,0,0,0,,,,,
Victor Bolden,WR,SF,10,NYG,0,0,0,0,0,0,0,0,0,0,0,0,0,0,0,0,0,0,0,0,0,0,,,,,
WAS,DEF,WAS,10,MIN,,,,,,,,,,,,,,,,,,,,,,,0,0,0,0,38.0
Wayne Gallman,RB,NYG,10,SF,0,0,0,0,0,22,0,3,0,0,0,1,0,0,0,0,0,0,0,0,0,0,,,,,
Wil Lutz,K,NO,10,BUF,0,0,0,0,0,0,0,0,0,0,0,0,0,0,0,0,1,0,0,1,0,5,,,,,
Will Fuller,WR,HOU,10,LA,0,0,0,0,0,0,0,0,2,15,0,3,0,0,0,0,0,0,0,0,0,0,,,,,
Zane Gonzalez,K,CLE,10,DET,0,0,0,0,0,0,0,0,0,0,0,0,0,0,0,0,1,0,0,0,0,3,,,,,
A.J. Green,WR,CIN,11,DEN,0,0,0,0,0,0,0,0,4,50,1,9,0,0,0,0,0,0,0,0,0,0,,,,,
ARI,DEF,ARI,11,HOU,,,,,,,,,,,,,,,,,,,,,,,0,0,0,0,31.0
ATL,DEF,ATL,11,SEA,,,,,,,,,,,,,,,,,,,,,,,0,0,0,0,31.0
Adam Humphries,WR,TB,11,MIA,0,0,0,0,0,0,0,0,2,11,0,4,0,0,0,0,0,0,0,0,0,0,,,,,
Adam Shaheen,TE,CHI,11,DET,0,0,0,0,0,0,0,0,4,41,1,4,0,0,0,0,0,0,0,0,0,0,,,,,
Adam Thielen,WR,MIN,11,LA,0,0,0,0,0,0,0,0,6,123,1,9,0,0,0,0,0,0,0,0,0,0,,,,,
Adrian Peterson,RB,ARI,11,HOU,0,0,0,0,0,26,0,14,1,13,0,1,0,0,0,0,0,0,0,0,0,0,,,,,
Akeem Hunt,RB,KC,11,NYG,0,0,0,0,0,3,0,1,0,0,0,0,0,0,0,0,0,0,0,0,0,0,,,,,
Aldrick Rosas,K,NYG,11,KC,0,0,0,0,0,0,0,0,0,0,0,0,0,0,0,0,2,0,0,0,0,0,,,,,
Alex Collins,RB,BAL,11,GB,0,0,0,0,0,49,1,20,4,22,0,7,0,0,0,0,0,0,0,0,0,0,,,,,
Alex Erickson,WR,CIN,11,DEN,0,0,0,0,0,0,0,0,2,42,1,2,0,0,0,0,0,0,0,0,0,0,,,,,
Alex Smith,QB,KC,11,NYG,230,0,40,27,2,27,0,5,0,0,0,0,0,0,0,0,0,0,0,0,0,0,,,,,
Alfred Morris,RB,DAL,11,PHI,0,0,0,0,0,91,0,17,0,0,0,0,0,0,0,0,0,0,0,0,0,0,,,,,
Alshon Jeffery,WR,PHI,11,DAL,0,0,0,0,0,0,0,0,4,67,1,7,0,0,1,0,0,0,0,0,0,0,,,,,
Alvin Kamara,RB,NO,11,WAS,0,0,0,0,0,42,0,8,6,74,1,9,0,0,1,0,0,0,0,0,0,0,,,,,
Amari Cooper,WR,LV,11,NE,0,0,0,0,0,0,0,0,3,28,1,7,0,0,0,0,0,0,0,0,0,0,,,,,
Ameer Abdullah,RB,DET,11,CHI,0,0,0,0,0,22,0,11,2,13,1,2,0,0,0,0,0,0,0,0,0,0,,,,,
Andre Holmes,WR,BUF,11,LAC,0,0,0,0,0,0,0,0,1,7,0,3,0,0,0,0,0,0,0,0,0,0,,,,,
Andre Roberts,WR,ATL,11,SEA,0,0,0,0,0,0,0,0,0,0,0,0,0,0,0,0,0,0,0,0,0,0,,,,,
Andre Williams,RB,LAC,11,BUF,0,0,0,0,0,2,0,2,0,0,0,0,0,0,0,0,0,0,0,0,0,0,,,,,
Andy Dalton,QB,CIN,11,DEN,154,3,25,15,0,4,0,3,0,0,0,0,0,0,0,0,0,0,0,0,0,0,,,,,
Anthony Fasano,TE,MIA,11,TB,0,0,0,0,0,0,0,0,0,0,0,0,0,0,0,0,0,0,0,0,0,0,,,,,
Antonio Brown,WR,PIT,11,TEN,0,0,0,0,0,0,0,0,10,144,3,13,0,0,0,0,0,0,0,0,0,0,,,,,
Antonio Gates,TE,LAC,11,BUF,0,0,0,0,0,0,0,0,0,0,0,2,0,0,0,0,0,0,0,0,0,0,,,,,
Austin Ekeler,RB,LAC,11,BUF,0,0,0,0,0,40,1,6,2,18,0,2,0,0,0,0,0,0,0,0,0,0,,,,,
Austin Hooper,TE,ATL,11,SEA,0,0,0,0,0,0,0,0,2,-1,0,2,0,0,0,0,0,0,0,0,0,0,,,,,
Austin Traylor,TE,DEN,11,CIN,0,0,0,0,0,0,0,0,4,36,0,5,0,0,0,0,0,0,0,0,0,0,,,,,
BAL,DEF,BAL,11,GB,,,,,,,,,,,,,,,,,,,,,,,0,0,0,0,0.0
BUF,DEF,BUF,11,LAC,,,,,,,,,,,,,,,,,,,,,,,0,0,0,0,54.0
Ben Braunecker,TE,CHI,11,DET,0,0,0,0,0,0,0,0,0,0,0,0,0,0,0,0,0,0,0,0,0,0,,,,,
Ben Roethlisberger,QB,PIT,11,TEN,307,4,46,31,0,10,0,1,0,0,0,0,0,0,0,0,0,0,0,0,0,0,,,,,
Benjamin Watson,TE,BAL,11,GB,0,0,0,0,0,0,0,0,1,33,0,1,0,0,0,0,0,0,0,0,0,0,,,,,
Bennie Fowler,WR,DEN,11,CIN,0,0,0,0,0,0,0,0,1,18,0,1,0,0,0,0,0,0,0,0,0,0,,,,,
Benny Cunningham,RB,CHI,11,DET,0,0,0,0,0,0,0,0,1,18,0,2,0,0,0,0,0,0,0,0,0,0,,,,,
Blaine Gabbert,QB,ARI,11,HOU,257,3,34,22,2,13,0,3,0,0,0,0,0,0,0,0,0,0,0,0,0,0,,,,,
Blair Walsh,K,SEA,11,ATL,0,0,0,0,0,0,0,0,0,0,0,0,0,0,0,0,0,2,1,0,0,2,,,,,
Blake Bortles,QB,JAX,11,CLE,154,1,30,17,0,4,0,4,0,0,0,0,0,0,0,0,0,0,0,0,0,0,,,,,
Brandin Cooks,WR,NE,11,LV,0,0,0,0,0,0,0,0,6,149,1,9,0,0,0,0,0,0,0,0,0,0,,,,,
Brandon Coleman,WR,NO,11,WAS,0,0,0,0,0,0,0,0,1,6,0,2,0,0,0,0,0,0,0,0,0,0,,,,,
Brandon LaFell,WR,CIN,11,DEN,0,0,0,0,0,0,0,0,3,37,0,5,0,0,0,0,0,0,0,0,0,0,,,,,
Brandon McManus,K,DEN,11,CIN,0,0,0,0,0,0,0,0,0,0,0,0,0,0,0,0,0,0,1,0,0,2,,,,,
Brandon Tate,WR,BUF,11,LAC,0,0,0,0,0,0,0,0,1,7,0,5,0,0,0,0,0,0,0,0,0,0,,,,,
Braxton Miller,WR,HOU,11,ARI,0,0,0,0,0,0,0,0,2,14,0,3,0,0,0,0,0,0,0,0,0,0,,,,,
Brent Celek,TE,PHI,11,DAL,0,0,0,0,0,0,0,0,1,28,0,2,0,0,0,0,0,0,0,0,0,0,,,,,
Brett Hundley,QB,GB,11,BAL,239,0,36,21,3,19,0,3,0,0,0,0,0,0,0,0,0,0,0,0,0,0,,,,,
Brice Butler,WR,DAL,11,PHI,0,0,0,0,0,0,0,0,2,19,0,2,0,0,0,0,0,0,0,0,0,0,,,,,
Brittan Golden,WR,ARI,11,HOU,0,0,0,0,0,0,0,0,0,0,0,1,0,0,0,0,0,0,0,0,0,0,,,,,
Brock Osweiler,QB,DEN,11,CIN,254,1,42,23,1,24,0,4,0,0,0,0,0,0,0,0,0,0,0,0,0,0,,,,,
Bruce Ellington,WR,HOU,11,ARI,0,0,0,0,0,5,0,1,6,63,0,7,0,0,0,0,0,0,0,0,0,0,,,,,
Byron Marshall,RB,WAS,11,NO,0,0,0,0,0,2,0,1,0,0,0,0,0,0,0,0,0,0,0,0,0,0,,,,,
C.J. Anderson,RB,DEN,11,CIN,0,0,0,0,0,37,1,13,2,19,0,3,0,0,0,0,0,0,0,0,0,0,,,,,
C.J. Fiedorowicz,TE,HOU,11,ARI,0,0,0,0,0,0,0,0,2,18,0,2,0,0,0,0,0,0,0,0,0,0,,,,,
CHI,DEF,CHI,11,DET,,,,,,,,,,,,,,,,,,,,,,,0,0,0,0,27.0
CIN,DEF,CIN,11,DEN,,,,,,,,,,,,,,,,,,,,,,,0,0,0,0,17.0
CLE,DEF,CLE,11,JAX,,,,,,,,,,,,,,,,,,,,,,,0,0,0,0,19.0
Cameron Brate,TE,TB,11,MIA,0,0,0,0,0,0,0,0,1,12,0,3,0,0,0,0,0,0,0,0,0,0,,,,,
Carson Wentz,QB,PHI,11,DAL,168,2,27,14,0,13,0,6,0,0,0,0,0,0,2,0,0,0,0,0,0,0,,,,,
Case Keenum,QB,MIN,11,LA,280,1,38,27,0,20,0,3,0,0,0,0,0,0,0,0,0,0,0,0,0,0,,,,,
Charcandrick West,RB,KC,11,NYG,0,0,0,0,0,15,0,4,4,9,0,4,0,0,0,0,0,0,0,0,0,0,,,,,
Charles Clay,TE,BUF,11,LAC,0,0,0,0,0,0,0,0,3,27,0,4,0,0,0,0,0,0,0,0,0,0,,,,,
Charles Sims,RB,TB,11,MIA,0,0,0,0,0,3,0,1,3,25,0,5,0,0,0,0,0,0,0,0,0,0,,,,,
Chris Boswell,K,PIT,11,TEN,0,0,0,0,0,0,0,0,0,0,0,0,0,0,0,0,2,0,1,1,0,4,,,,,
Chris Godwin Jr.,WR,TB,11,MIA,0,0,0,0,0,0,0,0,2,38,0,2,0,0,0,0,0,0,0,0,0,0,,,,,
Chris Ivory,RB,JAX,11,CLE,0,0,0,0,0,6,0,6,0,0,0,0,0,0,0,0,0,0,0,0,0,0,,,,,
Chris Moore,WR,BAL,11,GB,0,0,0,0,0,0,0,0,0,0,0,0,0,0,0,0,0,0,0,0,0,0,,,,,
Chris Thompson,RB,WAS,11,NO,0,0,0,0,0,17,0,4,1,16,1,1,0,0,0,0,0,0,0,0,0,0,,,,,
Chris Thompson,WR,HOU,11,ARI,0,0,0,0,0,0,0,0,0,0,0,0,0,0,0,0,0,0,0,0,0,0,,,,,
Clive Walford,TE,LV,11,NE,0,0,0,0,0,0,0,0,1,4,0,2,0,0,0,0,0,0,0,0,0,0,,,,,
Coby Fleener,TE,NO,11,WAS,0,0,0,0,0,0,0,0,5,91,0,5,0,0,0,0,0,0,0,0,0,0,,,,,
Cody Latimer,WR,DEN,11,CIN,0,0,0,0,0,0,0,0,1,21,0,3,0,0,0,0,0,0,0,0,0,0,,,,,
Cody Parkey,K,MIA,11,TB,0,0,0,0,0,0,0,0,0,0,0,0,0,0,0,0,1,1,0,0,0,2,,,,,
Cole Beasley,WR,DAL,11,PHI,0,0,0,0,0,0,0,0,2,7,0,4,0,0,0,0,0,0,0,0,0,0,,,,,
Connor Barth,K,CHI,11,DET,0,0,0,0,0,0,0,0,0,0,0,0,0,0,0,0,1,0,0,0,0,3,,,,,
Cooper Kupp,WR,LA,11,MIN,0,0,0,0,0,0,0,0,6,64,0,7,0,0,0,0,0,0,0,0,0,0,,,,,
Cooper Rush,QB,DAL,11,PHI,0,0,1,0,0,0,0,0,0,0,0,0,0,0,0,0,0,0,0,0,0,0,,,,,
Cordarrelle Patterson,RB,LV,11,NE,0,0,0,0,0,0,0,0,4,45,0,4,0,0,0,0,0,0,0,0,0,0,,,,,
Corey Clement,RB,PHI,11,DAL,0,0,0,0,0,50,1,6,0,0,0,0,0,0,1,0,0,0,0,0,0,0,,,,,
Corey Coleman,WR,CLE,11,JAX,0,0,0,0,0,0,0,0,6,80,0,11,0,0,0,0,0,0,0,0,0,0,,,,,
Corey Davis,WR,TEN,11,PIT,0,0,0,0,0,0,0,0,3,27,0,7,0,0,0,0,0,0,0,0,0,0,,,,,
Corey Grant,RB,JAX,11,CLE,0,0,0,0,0,0,0,0,0,0,0,0,0,0,0,0,0,0,0,0,0,0,,,,,
D'Onta Foreman,RB,HOU,11,ARI,0,0,0,0,0,65,2,10,3,15,0,3,0,0,0,0,0,0,0,0,0,0,,,,,
D.J. Foster,RB,ARI,11,HOU,0,0,0,0,0,0,0,0,2,26,0,2,0,0,0,0,0,0,0,0,0,0,,,,,
DAL,DEF,DAL,11,PHI,,,,,,,,,,,,,,,,,,,,,,,0,0,0,0,37.0
DEN,DEF,DEN,11,CIN,,,,,,,,,,,,,,,,,,,,,,,0,0,0,0,20.0
DET,DEF,DET,11,CHI,,,,,,,,,,,,,,,,,,,,,,,0,0,0,0,24.0
Dak Prescott,QB,DAL,11,PHI,145,0,31,18,3,10,0,2,0,0,0,0,0,0,0,0,0,0,0,0,0,0,,,,,
Damien Williams,RB,MIA,11,TB,0,0,0,0,0,78,0,10,1,24,0,1,0,0,0,0,0,0,0,0,0,0,,,,,
Daniel Brown,TE,CHI,11,DET,0,0,0,0,0,0,0,0,2,23,0,5,0,0,0,0,0,0,0,0,0,0,,,,,
Danny Amendola,WR,NE,11,LV,0,0,0,0,0,0,0,0,8,66,1,9,0,0,0,0,0,0,0,0,0,0,,,,,
Danny Vitale,RB,CLE,11,JAX,0,0,0,0,0,0,0,0,0,0,0,0,0,0,0,0,0,0,0,0,0,0,,,,,
Danny Woodhead,RB,BAL,11,GB,0,0,0,0,0,2,0,1,5,21,0,6,0,0,0,0,0,0,0,0,0,0,,,,,
Darren Fells,TE,DET,11,CHI,0,0,0,0,0,0,0,0,1,9,0,1,0,0,0,0,0,0,0,0,0,0,,,,,
Davante Adams,WR,GB,11,BAL,0,0,0,0,0,0,0,0,8,126,0,10,0,0,0,0,0,0,0,0,0,0,,,,,
David Morgan,TE,MIN,11,LA,0,0,0,0,0,0,0,0,1,5,0,1,0,0,0,0,0,0,0,0,0,0,,,,,
David Njoku,TE,CLE,11,JAX,0,0,0,0,0,0,0,0,1,13,0,1,0,0,0,0,0,0,0,0,0,0,,,,,
De'Anthony Thomas,WR,KC,11,NYG,0,0,0,0,0,0,0,0,2,11,0,2,0,0,0,0,0,0,0,0,0,0,,,,,
DeAndre Hopkins,WR,HOU,11,ARI,0,0,0,0,0,0,0,0,4,76,1,9,0,0,0,0,0,0,0,0,0,0,,,,,
DeAndre Washington,RB,LV,11,NE,0,0,0,0,0,7,0,3,2,12,0,3,0,0,0,0,0,0,0,0,0,0,,,,,
DeMarco Murray,RB,TEN,11,PIT,0,0,0,0,0,10,0,8,5,37,0,6,0,0,0,0,0,0,0,0,0,0,,,,,
DeSean Jackson,WR,TB,11,MIA,0,0,0,0,0,0,0,0,2,28,1,3,0,0,0,0,0,0,0,0,0,0,,,,,
DeShone Kizer,QB,CLE,11,JAX,179,1,32,16,2,22,0,5,0,0,0,0,0,0,0,0,0,0,0,0,0,0,,,,,
DeVante Parker,WR,MIA,11,TB,0,0,0,0,0,0,0,0,4,26,0,9,0,0,0,0,0,0,0,0,0,0,,,,,
Dede Westbrook,WR,JAX,11,CLE,0,0,0,0,0,0,0,0,3,35,0,6,0,0,0,0,0,0,0,0,0,0,,,,,
Delanie Walker,TE,TEN,11,PIT,0,0,0,0,0,0,0,0,6,92,0,9,0,0,0,0,0,0,0,0,0,0,,,,,
Demarcus Robinson,WR,KC,11,NYG,0,0,0,0,0,0,0,0,1,7,0,3,0,0,0,0,0,0,0,0,0,0,,,,,
Demaryius Thomas,WR,DEN,11,CIN,0,0,0,0,0,0,0,0,5,64,1,9,0,0,0,0,0,0,0,0,0,0,,,,,
Demetrius Harris,TE,KC,11,NYG,0,0,0,0,0,0,0,0,0,0,0,1,0,0,0,0,0,0,0,0,0,0,,,,,
Deonte Thompson,WR,BUF,11,LAC,0,0,0,0,0,0,0,0,3,36,0,8,0,0,0,0,0,0,0,0,0,0,,,,,
Derek Carr,QB,LV,11,NE,237,1,49,28,1,0,0,0,0,0,0,0,0,0,1,0,0,0,0,0,0,0,,,,,
Derrick Henry,RB,TEN,11,PIT,0,0,0,0,0,32,0,7,0,0,0,0,0,0,0,0,0,0,0,0,0,0,,,,,
Devante Mays,RB,GB,11,BAL,0,0,0,0,0,-1,0,3,0,0,0,0,0,0,0,0,0,0,0,0,0,0,,,,,
Devontae Booker,RB,DEN,11,CIN,0,0,0,0,0,44,0,14,5,54,0,6,0,0,0,0,0,0,0,0,0,0,,,,,
Dez Bryant,WR,DAL,11,PHI,0,0,0,0,0,0,0,0,8,63,0,14,0,0,0,0,0,0,0,0,0,0,,,,,
Dion Lewis,RB,NE,11,LV,0,0,0,0,0,60,0,10,4,28,1,4,0,0,0,0,0,0,0,0,0,0,,,,,
Dontrelle Inman,WR,CHI,11,DET,0,0,0,0,0,0,0,0,3,43,0,5,0,0,0,0,0,0,0,0,0,0,,,,,
Doug Baldwin,WR,SEA,11,ATL,0,0,0,0,0,0,0,0,2,40,1,6,0,0,0,0,0,0,0,0,0,0,,,,,
Doug Martin,RB,TB,11,MIA,0,0,0,0,0,38,0,19,2,6,0,3,0,0,0,0,0,0,0,0,0,0,,,,,
Drew Brees,QB,NO,11,WAS,385,2,41,29,1,2,0,1,0,0,0,0,0,0,0,0,0,0,0,0,0,0,,,,,
Duke Johnson,RB,CLE,11,JAX,0,0,0,0,0,10,0,2,4,56,1,6,0,0,0,0,0,0,0,0,0,0,,,,,
Dwayne Allen,TE,NE,11,LV,0,0,0,0,0,0,0,0,2,24,0,2,0,0,0,0,0,0,0,0,0,0,,,,,
Eddie Lacy,RB,SEA,11,ATL,0,0,0,0,0,2,0,3,0,0,0,0,0,0,0,0,0,0,0,0,0,0,,,,,
Eli Manning,QB,NYG,11,KC,205,0,35,19,0,5,0,2,0,0,0,0,0,0,0,0,0,0,0,0,0,0,,,,,
Emmanuel Sanders,WR,DEN,11,CIN,0,0,0,0,0,0,0,0,2,15,0,8,0,0,0,0,0,0,0,0,0,0,,,,,
Eric Decker,WR,TEN,11,PIT,0,0,1,0,0,0,0,0,3,37,0,3,0,0,0,0,0,0,0,0,0,0,,,,,
Eric Ebron,TE,DET,11,CHI,0,0,0,0,0,0,0,0,4,49,0,7,0,0,0,0,0,0,0,0,0,0,,,,,
Eric Saubert,TE,ATL,11,SEA,0,0,0,0,0,0,0,0,0,0,0,0,0,0,0,0,0,0,0,0,0,0,,,,,
Eric Weems,WR,TEN,11,PIT,0,0,0,0,0,0,0,0,0,0,0,0,0,0,0,0,0,0,0,0,0,0,,,,,
Evan Engram,TE,NYG,11,KC,0,0,0,0,0,0,0,0,1,9,0,6,0,0,0,0,0,0,0,0,0,0,,,,,
Freddie Martino,WR,TB,11,MIA,0,0,0,0,0,0,0,0,0,0,0,0,0,0,0,0,0,0,0,0,0,0,,,,,
GB,DEF,GB,11,BAL,,,,,,,,,,,,,,,,,,,,,,,0,0,0,0,23.0
Gerald Everett,TE,LA,11,MIN,0,0,0,0,0,0,0,0,1,8,0,2,0,0,0,0,0,0,0,0,0,0,,,,,
Geronimo Allison,WR,GB,11,BAL,0,0,0,0,0,0,0,0,0,0,0,0,0,0,0,0,0,0,0,0,0,0,,,,,
Giorgio Tavecchio,K,LV,11,NE,0,0,0,0,0,0,0,0,0,0,0,0,0,0,0,0,0,0,0,0,0,0,,,,,
Giovani Bernard,RB,CIN,11,DEN,0,0,0,0,0,-4,0,3,1,8,0,2,0,0,0,0,0,0,0,0,0,0,,,,,
Golden Tate,WR,DET,11,CHI,0,0,0,0,0,0,0,0,3,32,0,4,0,0,0,0,0,0,0,0,0,0,,,,,
Greg Zuerlein,K,LA,11,MIN,0,0,0,0,0,0,0,0,0,0,0,0,0,0,0,0,0,0,0,0,0,1,,,,,
HOU,DEF,HOU,11,ARI,,,,,,,,,,,,,,,,,,,,,,,0,0,0,0,21.0
Harrison Butker,K,KC,11,NYG,0,0,0,0,0,0,0,0,0,0,0,0,0,0,0,0,1,2,0,0,0,0,,,,,
Hunter Henry,TE,LAC,11,BUF,0,0,0,0,0,0,0,0,2,25,0,5,0,0,0,0,0,0,0,0,0,0,,,,,
Isaiah Crowell,RB,CLE,11,JAX,0,0,0,0,0,18,0,11,0,0,0,0,0,0,0,0,0,0,0,0,0,0,,,,,
J.D. McKissic,RB,SEA,11,ATL,0,0,0,0,0,30,0,7,5,23,0,6,0,0,0,0,0,0,0,0,0,0,,,,,
J.J. Nelson,WR,ARI,11,HOU,0,0,0,0,0,0,0,0,1,14,0,3,0,0,0,0,0,0,0,0,0,0,,,,,
JAX,DEF,JAX,11,CLE,,,,,,,,,,,,,,,,,,,,,,,0,0,0,0,7.0
Jacob Hollister,TE,NE,11,LV,0,0,0,0,0,0,0,0,0,0,0,0,0,0,0,0,0,0,0,0,0,0,,,,,
Jacquizz Rodgers,RB,TB,11,MIA,0,0,0,0,0,3,0,1,0,0,0,0,0,0,0,0,0,0,0,0,0,0,,,,,
Jake Elliott,K,PHI,11,DAL,0,0,0,0,0,0,0,0,0,0,0,0,0,0,0,0,0,0,0,0,0,1,,,,,
Jakeem Grant,WR,MIA,11,TB,0,0,0,0,0,0,0,0,0,0,0,0,0,0,0,0,0,0,0,0,0,0,,,,,
Jalen Richard,RB,LV,11,NE,0,0,0,0,0,19,0,4,2,9,0,3,0,0,0,0,0,0,0,0,0,0,,,,,
Jamaal Charles,RB,DEN,11,CIN,0,0,0,0,0,7,0,3,0,0,0,0,0,0,0,0,0,0,0,0,0,0,,,,,
Jamaal Williams,RB,GB,11,BAL,0,0,0,0,0,57,0,18,4,38,0,6,0,0,0,0,0,0,0,0,0,0,,,,,
Jamal Agnew,WR,DET,11,CHI,0,0,0,0,0,5,0,1,0,0,0,0,0,0,0,0,0,0,0,0,0,0,,,,,
James Conner,RB,PIT,11,TEN,0,0,0,0,0,12,0,5,0,0,0,0,0,0,0,0,0,0,0,0,0,0,,,,,
James Hanna,TE,DAL,11,PHI,0,0,0,0,0,0,0,0,0,0,0,2,0,0,0,0,0,0,0,0,0,0,,,,,
James O'Shaughnessy,TE,JAX,11,CLE,0,0,0,0,0,0,0,0,1,12,0,1,0,0,0,0,0,0,0,0,0,0,,,,,
James White,RB,NE,11,LV,0,0,0,0,0,13,0,5,0,0,0,1,0,0,0,0,0,0,0,0,0,0,,,,,
Jamison Crowder,WR,WAS,11,NO,0,0,0,0,0,4,0,1,7,72,0,8,0,0,0,0,0,0,0,0,0,0,,,,,
Jamize Olawale,RB,LV,11,NE,0,0,0,0,0,16,0,3,2,6,0,2,0,0,0,0,0,0,0,0,0,0,,,,,
Jared Cook,TE,LV,11,NE,0,0,0,0,0,0,0,0,2,36,0,5,0,0,0,0,0,0,0,0,0,0,,,,,
Jared Goff,QB,LA,11,MIN,225,0,37,23,0,8,0,2,0,0,0,0,0,0,0,0,0,0,0,0,0,0,,,,,
Jarius Wright,WR,MIN,11,LA,0,0,0,0,0,0,0,0,1,23,0,1,0,0,0,0,0,0,0,0,0,0,,,,,
Jaron Brown,WR,ARI,11,HOU,0,0,0,0,0,0,0,0,1,22,0,3,0,0,0,0,0,0,0,0,0,0,,,,,
Jarvis Landry,WR,MIA,11,TB,0,0,0,0,0,0,0,0,6,95,1,11,0,0,0,0,0,0,0,0,0,0,,,,,
Jason Witten,TE,DAL,11,PHI,0,0,0,0,0,0,0,0,1,7,0,1,0,0,0,0,0,0,0,0,0,0,,,,,
Javorius Allen,RB,BAL,11,GB,0,0,0,0,0,8,0,3,1,9,0,1,0,0,0,0,0,0,0,0,0,0,,,,,
Jay Ajayi,RB,PHI,11,DAL,0,0,0,0,0,91,0,7,1,10,0,1,0,0,0,0,0,0,0,0,0,0,,,,,
Jay Cutler,QB,MIA,11,TB,83,1,12,6,3,1,0,1,0,0,0,0,0,0,0,0,0,0,0,0,0,0,,,,,
Jaydon Mickens,WR,JAX,11,CLE,0,0,0,0,0,0,0,0,0,0,0,0,0,0,0,0,0,0,0,0,0,0,,,,,
Jeff Cumberland,TE,LAC,11,BUF,0,0,0,0,0,0,0,0,1,2,0,1,0,0,0,0,0,0,0,0,0,0,,,,,
Jerell Adams,TE,NYG,11,KC,0,0,0,0,0,0,0,0,1,6,0,1,0,0,0,0,0,0,0,0,0,0,,,,,
Jeremy Maclin,WR,BAL,11,GB,0,0,0,0,0,0,0,0,4,34,0,5,0,0,0,0,0,0,0,0,0,0,,,,,
Jeremy Sprinkle,TE,WAS,11,NO,0,0,0,0,0,0,0,0,1,7,1,1,0,0,0,0,0,0,0,0,0,0,,,,,
Jerick McKinnon,RB,MIN,11,LA,0,0,0,0,0,48,0,14,5,12,0,7,0,0,0,0,0,0,0,0,0,0,,,,,
Jermaine Gresham,TE,ARI,11,HOU,0,0,0,0,0,0,0,0,1,10,0,1,0,0,0,0,0,0,0,0,0,0,,,,,
Jesse James,TE,PIT,11,TEN,0,0,0,0,0,0,0,0,5,21,1,8,0,0,0,0,0,0,0,0,0,0,,,,,
Jimmy Graham,TE,SEA,11,ATL,0,0,0,0,0,0,0,0,7,58,1,11,0,0,1,0,0,0,0,0,0,0,,,,,
Joe Flacco,QB,BAL,11,GB,183,1,28,22,1,-1,0,2,0,0,0,0,0,0,0,0,0,0,0,0,0,0,,,,,
Joe Mixon,RB,CIN,11,DEN,0,0,0,0,0,49,0,20,2,0,0,2,0,0,0,0,0,0,0,0,0,0,,,,,
John Brown,WR,ARI,11,HOU,0,0,0,0,0,0,0,0,3,18,0,6,0,0,0,0,0,0,0,0,0,0,,,,,
Johnny Holton,WR,LV,11,NE,0,0,0,0,0,0,0,0,0,0,0,2,0,0,0,0,0,0,0,0,0,0,,,,,
Jonnu Smith,TE,TEN,11,PIT,0,0,0,0,0,0,0,0,0,0,0,1,0,0,0,0,0,0,0,0,0,0,,,,,
Jordan Howard,RB,CHI,11,DET,0,0,0,0,0,125,1,15,0,0,0,0,0,0,0,0,0,0,0,0,0,0,,,,,
Jordan Taylor,WR,DEN,11,CIN,0,0,0,0,0,0,0,0,1,14,0,1,0,0,0,0,0,0,0,0,0,0,,,,,
Jordy Nelson,WR,GB,11,BAL,0,0,0,0,0,0,0,0,2,24,0,6,0,0,0,0,0,0,0,0,0,0,,,,,
Josh Doctson,WR,WAS,11,NO,0,0,0,0,0,0,0,0,4,81,0,7,0,0,0,0,0,0,0,0,0,0,,,,,
Josh Hill,TE,NO,11,WAS,0,0,0,0,0,-8,0,1,1,3,1,1,0,0,0,0,0,0,0,0,0,0,,,,,
Josh Lambo,K,JAX,11,CLE,0,0,0,0,0,0,0,0,0,0,0,0,0,0,0,0,0,2,0,0,0,1,,,,,
Josh Reynolds,WR,LA,11,MIN,0,0,0,0,0,0,0,0,0,0,0,1,0,0,0,0,0,0,0,0,0,0,,,,,
JuJu Smith-Schuster,WR,PIT,11,TEN,0,0,0,0,0,0,0,0,4,47,0,8,0,0,0,0,0,0,0,0,0,0,,,,,
Julio Jones,WR,ATL,11,SEA,0,0,0,0,0,0,0,0,5,71,0,10,0,0,0,0,0,0,0,0,0,0,,,,,
Julius Thomas,TE,MIA,11,TB,0,0,0,0,0,0,0,0,4,30,0,4,0,0,0,0,0,0,0,0,0,0,,,,,
Justin Hardy,WR,ATL,11,SEA,0,0,0,0,0,0,0,0,3,27,0,4,0,0,0,0,0,0,0,0,0,0,,,,,
Justin Tucker,K,BAL,11,GB,0,0,0,0,0,0,0,0,0,0,0,0,0,0,0,0,1,2,0,0,0,2,,,,,
KC,DEF,KC,11,NYG,,,,,,,,,,,,,,,,,,,,,,,0,0,0,0,12.0
Ka'imi Fairbairn,K,HOU,11,ARI,0,0,0,0,0,0,0,0,0,0,0,0,0,0,0,0,0,1,0,0,0,4,,,,,
Kai Forbath,K,MIN,11,LA,0,0,0,0,0,0,0,0,0,0,0,0,0,0,0,0,0,1,0,0,0,3,,,,,
Kalif Raymond,WR,NYG,11,KC,0,0,0,0,0,-1,0,1,1,12,0,1,0,0,0,0,0,0,0,0,0,0,,,,,
Kareem Hunt,RB,KC,11,NYG,0,0,0,0,0,73,0,18,3,4,0,4,0,0,0,0,0,0,0,0,0,0,,,,,
Keelan Cole,WR,JAX,11,CLE,0,0,0,0,0,0,0,0,3,24,0,6,0,0,0,0,0,0,0,0,0,0,,,,,
Keenan Allen,WR,LAC,11,BUF,0,0,0,0,0,3,0,1,12,159,2,13,0,0,0,0,0,0,0,0,0,0,,,,,
Kellen Clemens,QB,LAC,11,BUF,33,0,5,5,0,-3,0,3,0,0,0,0,0,0,0,0,0,0,0,0,0,0,,,,,
Kelvin Benjamin,WR,BUF,11,LAC,0,0,0,0,0,0,0,0,1,20,0,1,0,0,0,0,0,0,0,0,0,0,,,,,
Kendall Wright,WR,CHI,11,DET,0,0,0,0,0,0,0,0,2,25,0,4,0,0,0,0,0,0,0,0,0,0,,,,,
Kenjon Barner,RB,PHI,11,DAL,0,0,0,0,0,4,1,1,1,22,0,1,0,0,0,0,0,0,0,0,0,0,,,,,
Kenny Britt,WR,CLE,11,JAX,0,0,0,0,0,0,0,0,2,5,0,2,0,0,0,0,0,0,0,0,0,0,,,,,
Kenny Golladay,WR,DET,11,CHI,0,0,0,0,0,0,0,0,2,52,0,3,0,0,0,0,0,0,0,0,0,0,,,,,
Kenny Stills,WR,MIA,11,TB,0,0,0,0,0,0,0,0,7,180,1,8,0,0,0,0,0,0,0,0,0,0,,,,,
Kenyan Drake,RB,MIA,11,TB,0,0,0,0,0,4,0,7,1,10,0,2,0,0,0,0,0,0,0,0,0,0,,,,,
Kerwynn Williams,RB,ARI,11,HOU,0,0,0,0,0,9,0,1,1,9,0,2,0,0,0,0,0,0,0,0,0,0,,,,,
Kirk Cousins,QB,WAS,11,NO,322,3,32,22,0,11,0,3,0,0,0,0,0,0,0,0,0,0,0,0,0,0,,,,,
Kyle Rudolph,TE,MIN,11,LA,0,0,0,0,0,0,0,0,5,58,0,7,0,0,0,0,0,0,0,0,0,0,,,,,
LA,DEF,LA,11,MIN,,,,,,,,,,,,,,,,,,,,,,,0,0,0,0,24.0
LAC,DEF,LAC,11,BUF,,,,,,,,,,,,,,,,,,,,,,,1,0,0,0,24.0
LV,DEF,LV,11,NE,,,,,,,,,,,,,,,,,,,,,,,0,0,0,0,0.0
Lamar Miller,RB,HOU,11,ARI,0,0,0,0,0,61,0,22,4,22,1,5,0,0,0,0,0,0,0,0,0,0,,,,,
Lance Kendricks,TE,GB,11,BAL,0,0,0,0,0,0,0,0,1,5,0,4,0,0,0,0,0,0,0,0,0,0,,,,,
Landry Jones,QB,PIT,11,TEN,0,0,0,0,0,-3,0,3,0,0,0,0,0,0,0,0,0,0,0,0,0,0,,,,,
Laquon Treadwell,WR,MIN,11,LA,0,0,0,0,0,0,0,0,2,10,0,3,0,0,0,0,0,0,0,0,0,0,,,,,
Larry Fitzgerald,WR,ARI,11,HOU,0,0,0,0,0,0,0,0,9,91,1,10,0,0,0,0,0,0,0,0,0,0,,,,,
Larry Pinkard,WR,JAX,11,CLE,0,0,0,0,0,0,0,0,0,0,0,0,0,0,0,0,0,0,0,0,0,0,,,,,
Latavius Murray,RB,MIN,11,LA,0,0,0,0,0,95,2,15,1,1,0,2,0,0,0,0,0,0,0,0,0,0,,,,,
Le'Veon Bell,RB,PIT,11,TEN,0,0,0,0,0,46,0,12,10,65,0,12,0,0,0,0,0,0,0,0,0,0,,,,,
LeGarrette Blount,RB,PHI,11,DAL,0,0,0,0,0,57,0,13,0,0,0,0,0,0,0,0,0,0,0,0,0,0,,,,,
LeSean McCoy,RB,BUF,11,LAC,0,0,0,0,0,114,1,13,1,12,1,1,0,0,0,0,0,0,0,0,0,0,,,,,
Leonard Fournette,RB,JAX,11,CLE,0,0,0,0,0,111,0,28,2,7,0,3,0,0,0,0,0,0,0,0,0,0,,,,,
Levine Toilolo,TE,ATL,11,SEA,0,0,0,0,0,0,0,0,2,31,1,2,0,0,0,0,0,0,0,0,0,0,,,,,
Luke Willson,TE,SEA,11,ATL,0,0,0,0,0,0,0,0,2,-1,0,2,0,0,0,0,0,0,0,0,0,0,,,,,
MIA,DEF,MIA,11,TB,,,,,,,,,,,,,,,,,,,,,,,0,0,0,0,30.0
MIN,DEF,MIN,11,LA,,,,,,,,,,,,,,,,,,,,,,,0,0,0,0,7.0
Mack Hollins,WR,PHI,11,DAL,0,0,0,0,0,0,0,0,1,7,0,1,0,0,0,0,0,0,0,0,0,0,,,,,
MarQueis Gray,TE,MIA,11,TB,0,0,0,0,0,0,0,0,0,0,0,1,0,0,0,0,0,0,0,0,0,0,,,,,
Marcedes Lewis,TE,JAX,11,CLE,0,0,0,0,0,0,0,0,2,26,1,2,0,0,0,0,0,0,0,0,0,0,,,,,
Marcus Mariota,QB,TEN,11,PIT,306,1,33,22,4,5,1,5,0,0,0,0,0,0,0,0,0,0,0,0,0,0,,,,,
Mark Ingram,RB,NO,11,WAS,0,0,0,0,0,134,1,11,3,21,0,4,0,0,0,0,0,0,0,0,0,0,,,,,
Markus Wheaton,WR,CHI,11,DET,0,0,0,0,0,0,0,0,0,0,0,2,0,0,0,0,0,0,0,0,0,0,,,,,
Marqise Lee,WR,JAX,11,CLE,0,0,0,0,0,0,0,0,5,45,0,9,0,0,0,0,0,0,0,0,0,0,,,,,
Marshawn Lynch,RB,LV,11,NE,0,0,0,0,0,67,0,11,1,10,0,1,0,0,0,0,0,0,0,0,0,0,,,,,
Martavis Bryant,WR,PIT,11,TEN,0,0,0,0,0,0,0,0,2,30,0,4,0,0,0,0,0,0,0,0,0,0,,,,,
Martellus Bennett,TE,NE,11,LV,0,0,0,0,0,0,0,0,3,15,0,3,0,0,0,0,0,0,0,0,0,0,,,,,
Marvin Hall,WR,ATL,11,SEA,0,0,0,0,0,0,0,0,0,0,0,1,0,0,0,0,0,0,0,0,0,0,,,,,
Marvin Jones,WR,DET,11,CHI,0,0,0,0,0,0,0,0,4,85,1,7,0,0,0,0,0,0,0,0,0,0,,,,,
Mason Crosby,K,GB,11,BAL,0,0,0,0,0,0,0,0,0,0,0,0,0,0,0,0,0,0,0,0,0,0,,,,,
Matt Bryant,K,ATL,11,SEA,0,0,0,0,0,0,0,0,0,0,0,0,0,0,0,1,0,0,1,0,0,4,,,,,
Matt Dayes,RB,CLE,11,JAX,0,0,0,0,0,0,0,0,1,5,0,2,0,0,0,0,0,0,0,0,0,0,,,,,
Matt Moore,QB,MIA,11,TB,282,1,28,17,0,0,0,1,0,0,0,0,0,0,0,0,0,0,0,0,0,0,,,,,
Matt Prater,K,DET,11,CHI,0,0,0,0,0,0,0,0,0,0,0,0,0,0,0,0,1,0,0,1,0,3,,,,,
Matt Ryan,QB,ATL,11,SEA,195,2,27,19,0,12,0,3,0,0,0,0,0,0,0,0,0,0,0,0,0,0,,,,,
Matthew Stafford,QB,DET,11,CHI,299,2,31,21,0,3,0,3,0,0,0,0,0,0,0,0,0,0,0,0,0,0,,,,,
Maxx Williams,TE,BAL,11,GB,0,0,0,0,0,0,0,0,2,6,0,2,0,0,0,0,0,0,0,0,0,0,,,,,
Melvin Gordon,RB,LAC,11,BUF,0,0,0,0,0,80,1,20,0,0,0,2,0,0,0,0,0,0,0,0,0,0,,,,,
Michael Campanaro,WR,BAL,11,GB,0,0,0,0,0,0,0,0,0,0,0,0,0,0,0,0,0,0,0,0,0,0,,,,,
Michael Crabtree,WR,LV,11,NE,0,0,0,0,0,0,0,0,6,51,0,11,0,0,1,0,0,0,0,0,0,0,,,,,
Michael Floyd,WR,MIN,11,LA,0,0,0,0,0,0,0,0,2,16,0,2,0,0,0,0,0,0,0,0,0,0,,,,,
Michael Hoomanawanui,TE,NO,11,WAS,0,0,0,0,0,0,0,0,0,0,0,0,0,0,0,0,0,0,0,0,0,0,,,,,
Michael Thomas,WR,NO,11,WAS,0,0,0,0,0,0,0,0,6,91,0,11,0,0,0,0,0,0,0,0,0,0,,,,,
Mike Davis,RB,SEA,11,ATL,0,0,0,0,0,18,0,6,2,41,0,2,0,0,0,0,0,0,0,0,0,0,,,,,
Mike Evans,WR,TB,11,MIA,0,0,0,0,0,0,0,0,5,92,0,10,0,0,0,0,0,0,0,0,0,0,,,,,
Mike Nugent,K,DAL,11,PHI,0,0,0,0,0,0,0,0,0,0,0,0,0,0,0,0,1,0,2,0,0,0,,,,,
Mike Thomas,WR,LA,11,MIN,0,0,0,0,0,0,0,0,1,12,0,1,0,0,0,0,0,0,0,0,0,0,,,,,
Mike Wallace,WR,BAL,11,GB,0,0,0,0,0,0,0,0,4,56,1,4,0,0,0,0,0,0,0,0,0,0,,,,,
Mike Williams,WR,LAC,11,BUF,0,0,0,0,0,0,0,0,5,38,0,8,0,0,0,0,0,0,0,0,0,0,,,,,
Mitchell Trubisky,QB,CHI,11,DET,179,1,30,18,0,53,0,6,0,0,0,0,0,0,0,0,0,0,0,0,0,0,,,,,
Mohamed Sanu,WR,ATL,11,SEA,0,0,0,0,0,3,0,1,3,34,1,3,0,0,0,0,0,0,0,0,0,0,,,,,
NE,DEF,NE,11,LV,,,,,,,,,,,,,,,,,,,,,,,0,0,0,0,8.0
NO,DEF,NO,11,WAS,,,,,,,,,,,,,,,,,,,,,,,0,0,0,0,31.0
NYG,DEF,NYG,11,KC,,,,,,,,,,,,,,,,,,,,,,,0,0,0,0,9.0
Nathan Peterman,QB,BUF,11,LAC,66,0,14,6,5,4,0,2,0,0,0,0,0,0,0,0,0,0,0,0,0,0,,,,,
Nelson Agholor,WR,PHI,11,DAL,0,0,0,0,0,0,0,0,1,-2,0,5,0,0,0,0,0,0,0,0,0,0,,,,,
Nick Boyle,TE,BAL,11,GB,0,0,0,0,0,0,0,0,1,2,0,2,0,0,0,0,0,0,0,0,0,0,,,,,
Nick Novak,K,LAC,11,BUF,0,0,0,0,0,0,0,0,0,0,0,0,0,0,0,0,2,2,0,0,0,6,,,,,
Nick O'Leary,TE,BUF,11,LAC,0,0,0,0,0,0,0,0,1,8,0,3,0,0,0,0,0,0,0,0,0,0,,,,,
Nick Rose,K,WAS,11,NO,0,0,0,0,0,0,0,0,0,0,0,0,0,0,0,0,0,1,0,0,0,4,,,,,
Niles Paul,TE,WAS,11,NO,0,0,0,0,0,5,0,1,2,11,0,2,0,0,0,0,0,0,0,0,0,0,,,,,
Noah Brown,WR,DAL,11,PHI,0,0,0,0,0,0,0,0,1,14,0,1,0,0,0,0,0,0,0,0,0,0,,,,,
O.J. Howard,TE,TB,11,MIA,0,0,0,0,0,0,0,0,3,52,1,4,0,0,0,0,0,0,0,0,0,0,,,,,
Orleans Darkwa,RB,NYG,11,KC,0,0,0,0,0,74,1,20,2,16,0,4,0,0,0,0,0,0,0,0,0,0,,,,,
PHI,DEF,PHI,11,DAL,,,,,,,,,,,,,,,,,,,,,,,0,0,0,0,9.0
PIT,DEF,PIT,11,TEN,,,,,,,,,,,,,,,,,,,,,,,0,0,0,0,17.0
Patrick DiMarco,RB,BUF,11,LAC,0,0,0,0,0,0,0,0,0,0,0,1,0,0,0,0,0,0,0,0,0,0,,,,,
Patrick Murray,K,TB,11,MIA,0,0,0,0,0,0,0,0,0,0,0,0,0,0,0,0,0,3,0,0,0,3,,,,,
Paul Richardson,WR,SEA,11,ATL,0,0,0,0,0,0,0,0,5,56,0,8,0,0,0,0,0,0,0,0,0,0,,,,,
Peyton Barber,RB,TB,11,MIA,0,0,0,0,0,0,0,0,2,11,0,2,0,0,0,0,0,0,0,0,0,0,,,,,
Pharoh Cooper,WR,LA,11,MIN,0,0,0,0,0,0,0,0,0,0,0,1,0,0,0,0,0,0,0,0,0,0,,,,,
Phil Dawson,K,ARI,11,HOU,0,0,0,0,0,0,0,0,0,0,0,0,0,0,0,0,0,0,0,0,0,3,,,,,
Philip Rivers,QB,LAC,11,BUF,251,2,32,20,0,0,0,0,0,0,0,0,0,0,0,0,0,0,0,0,0,0,,,,,
Phillip Supernaw,TE,TEN,11,PIT,0,0,0,0,0,0,0,0,0,0,0,0,0,0,0,0,0,0,0,0,0,0,,,,,
Randall Cobb,WR,GB,11,BAL,0,0,0,0,0,0,0,1,3,34,0,6,0,0,0,0,0,0,0,0,0,0,,,,,
Randy Bullock,K,CIN,11,DEN,0,0,0,0,0,0,0,0,0,0,0,0,0,0,0,0,0,0,0,0,0,2,,,,,
Rashard Higgins,WR,CLE,11,JAX,0,0,0,0,0,0,0,0,0,0,0,2,0,0,0,0,0,0,0,0,0,0,,,,,
Rashawn Scott,WR,MIA,11,TB,0,0,0,0,0,0,0,0,0,0,0,0,0,0,0,0,0,0,0,0,0,0,,,,,
Rex Burkhead,RB,NE,11,LV,0,0,0,0,0,16,0,5,4,21,0,6,0,0,0,0,0,0,0,0,0,0,,,,,
Rhett Ellison,TE,NYG,11,KC,0,0,0,0,0,0,0,0,1,7,0,1,0,0,0,0,0,0,0,0,0,0,,,,,
Ricardo Louis,WR,CLE,11,JAX,0,0,0,0,0,0,0,0,1,15,0,4,0,0,0,0,0,0,0,0,0,0,,,,,
Richard Rodgers,TE,GB,11,BAL,0,0,0,0,0,0,0,0,1,3,0,1,0,0,0,0,0,0,0,0,0,0,,,,,
Ricky Seals-Jones,TE,ARI,11,HOU,0,0,0,0,0,0,0,0,3,54,2,5,0,0,0,0,0,0,0,0,0,0,,,,,
Rishard Matthews,WR,TEN,11,PIT,0,0,0,0,0,0,0,0,5,113,1,6,0,0,0,0,0,0,0,0,0,0,,,,,
Rob Gronkowski,TE,NE,11,LV,0,0,0,0,0,0,0,0,3,37,0,3,0,0,0,0,0,0,0,0,0,0,,,,,
Robert Woods,WR,LA,11,MIN,0,0,0,0,0,0,0,0,8,81,0,11,0,0,0,0,0,0,0,0,0,0,,,,,
Rod Smith,RB,DAL,11,PHI,0,0,0,0,0,11,0,8,0,0,0,0,0,0,0,0,0,0,0,0,0,0,,,,,
Roger Lewis,WR,NYG,11,KC,0,0,0,0,0,0,0,0,3,55,0,4,0,0,0,0,0,0,0,0,0,0,,,,,
Ross Travis,TE,KC,11,NYG,0,0,0,0,0,0,0,0,1,11,0,3,0,0,0,0,0,0,0,0,0,0,,,,,
Russell Wilson,QB,SEA,11,ATL,258,2,42,26,1,86,1,7,0,0,0,0,0,0,1,0,0,0,0,0,0,0,,,,,
Ryan Fitzpatrick,QB,TB,11,MIA,275,2,37,22,0,9,0,3,0,0,0,0,0,0,0,0,0,0,0,0,0,0,,,,,
Ryan Grant,WR,WAS,11,NO,0,0,0,0,0,0,0,0,3,59,1,3,0,0,0,0,0,0,0,0,0,0,,,,,
Ryan Succop,K,TEN,11,PIT,0,0,0,0,0,0,0,0,0,0,0,0,0,0,0,0,0,0,1,0,0,2,,,,,
Ryan Switzer,WR,DAL,11,PHI,0,0,0,0,0,0,0,0,0,0,0,0,0,0,0,0,0,0,0,0,0,0,,,,,
SEA,DEF,SEA,11,ATL,,,,,,,,,,,,,,,,,,,,,,,0,0,0,0,34.0
Samaje Perine,RB,WAS,11,NO,0,0,0,0,0,117,1,23,1,9,0,2,0,0,0,0,0,0,0,0,0,0,,,,,
Sammy Watkins,WR,LA,11,MIN,0,0,0,0,0,0,0,0,3,36,0,4,0,0,0,0,0,0,0,0,0,0,,,,,
Sean McGrath,TE,LAC,11,BUF,0,0,0,0,0,0,0,0,1,10,0,1,0,0,0,0,0,0,0,0,0,0,,,,,
Seth DeValve,TE,CLE,11,JAX,0,0,0,0,0,0,0,0,1,5,0,3,0,0,0,0,0,0,0,0,0,0,,,,,
Seth Roberts,WR,LV,11,NE,0,0,0,0,0,0,0,0,5,36,0,9,0,0,0,0,0,0,0,0,0,0,,,,,
Shane Vereen,RB,NYG,11,KC,0,0,1,0,1,13,0,2,3,15,0,3,0,0,0,0,0,0,0,0,0,0,,,,,
Stefon Diggs,WR,MIN,11,LA,0,0,0,0,0,0,0,0,4,32,0,6,0,0,0,0,0,0,0,0,0,0,,,,,
Stephen Anderson,TE,HOU,11,ARI,0,0,0,0,0,0,0,0,1,22,0,3,0,0,0,0,0,0,0,0,0,0,,,,,
Stephen Gostkowski,K,NE,11,LV,0,0,0,0,0,0,0,0,0,0,0,0,0,0,0,0,1,0,1,1,1,3,,,,,
Steven Hauschka,K,BUF,11,LAC,0,0,0,0,0,0,0,0,0,0,0,0,0,0,0,0,0,0,0,1,0,3,,,,,
T.J. Jones,WR,DET,11,CHI,0,0,0,0,0,0,0,0,4,55,0,5,0,0,0,0,0,0,0,0,0,0,,,,,
T.J. Yeldon,RB,JAX,11,CLE,0,0,0,0,0,15,0,5,1,5,0,2,0,0,0,0,0,0,0,0,0,0,,,,,
TB,DEF,TB,11,MIA,,,,,,,,,,,,,,,,,,,,,,,0,0,0,0,20.0
TEN,DEF,TEN,11,PIT,,,,,,,,,,,,,,,,,,,,,,,0,0,0,0,40.0
Tarik Cohen,RB,CHI,11,DET,0,0,0,0,0,44,1,9,4,15,0,6,0,0,0,0,0,0,0,0,0,0,,,,,
Tavarres King,WR,NYG,11,KC,0,0,0,0,0,0,0,0,3,48,0,5,0,0,0,0,0,0,0,0,0,0,,,,,
Taylor Gabriel,WR,ATL,11,SEA,0,0,0,0,0,0,0,0,2,7,0,2,0,0,0,0,0,0,0,0,0,0,,,,,
Taywan Taylor,WR,TEN,11,PIT,0,0,0,0,0,0,0,0,0,0,0,1,0,0,0,0,0,0,0,0,0,0,,,,,
Ted Ginn,WR,NO,11,WAS,0,0,0,0,0,-12,0,1,6,87,0,6,0,0,0,0,0,0,0,0,0,0,,,,,
Terrance Williams,WR,DAL,11,PHI,0,0,0,0,0,0,0,0,4,35,0,7,0,0,0,0,0,0,0,0,0,0,,,,,
Terrell Watson,RB,PIT,11,TEN,0,0,0,0,0,0,0,0,0,0,0,0,0,0,0,0,0,0,0,0,0,0,,,,,
Terron Ward,RB,ATL,11,SEA,0,0,0,0,0,31,0,6,1,11,0,1,0,0,0,0,0,0,0,0,0,0,,,,,
Tevin Coleman,RB,ATL,11,SEA,0,0,0,0,0,43,1,20,1,15,0,2,0,0,0,0,0,0,0,0,0,0,,,,,
Theo Riddick,RB,DET,11,CHI,0,0,0,0,0,35,0,9,1,4,0,2,0,0,0,0,0,0,0,0,0,0,,,,,
Todd Gurley,RB,LA,11,MIN,0,0,0,0,0,37,1,15,3,19,0,4,0,0,0,0,0,0,0,0,0,0,,,,,
Tom Brady,QB,NE,11,LV,340,3,37,30,0,0,0,0,0,0,0,0,0,0,0,0,0,0,0,0,0,0,,,,,
Tom Savage,QB,HOU,11,ARI,230,2,32,22,1,3,0,1,0,0,0,0,0,0,0,0,0,0,0,0,0,0,,,,,
Tommylee Lewis,WR,NO,11,WAS,0,0,0,0,0,0,0,0,0,0,0,0,0,0,0,0,0,0,0,0,0,0,,,,,
Torrey Smith,WR,PHI,11,DAL,0,0,0,0,0,0,0,0,3,28,1,4,0,0,0,0,0,0,0,0,0,0,,,,,
Travaris Cadet,RB,BUF,11,LAC,0,0,0,0,0,17,0,3,6,39,0,6,0,0,0,0,0,0,0,0,0,0,,,,,
Travis Benjamin,WR,LAC,11,BUF,0,0,0,0,0,7,0,1,1,21,0,1,0,0,0,0,0,0,0,0,0,0,,,,,
Travis Kelce,TE,KC,11,NYG,0,0,1,0,1,0,0,0,8,109,0,14,0,0,0,0,0,0,0,0,0,0,,,,,
Travis Rudolph,WR,NYG,11,KC,0,0,0,0,0,0,0,0,3,34,0,6,0,0,0,0,0,0,0,0,0,0,,,,,
Tre McBride,WR,CHI,11,DET,0,0,0,0,0,0,0,0,2,14,0,2,0,0,0,0,0,0,0,0,0,0,,,,,
Trevor Davis,WR,GB,11,BAL,0,0,0,0,0,0,0,0,0,0,0,0,0,0,0,0,0,0,0,0,0,0,,,,,
Trey Burton,TE,PHI,11,DAL,0,0,0,0,0,0,0,0,0,0,0,0,0,0,1,0,0,0,0,0,0,0,,,,,
Tyler Boyd,WR,CIN,11,DEN,0,0,0,0,0,0,0,0,1,5,0,1,0,0,0,0,0,0,0,0,0,0,,,,,
Tyler Higbee,TE,LA,11,MIN,0,0,0,0,0,0,0,0,1,5,0,5,0,0,0,0,0,0,0,0,0,0,,,,,
Tyler Kroft,TE,CIN,11,DEN,0,0,0,0,0,0,0,0,2,12,1,3,0,0,0,0,0,0,0,0,0,0,,,,,
Tyler Lockett,WR,SEA,11,ATL,0,0,0,0,0,0,0,0,4,37,0,5,0,0,0,0,0,0,0,0,0,0,,,,,
Tyreek Hill,WR,KC,11,NYG,0,0,0,0,0,16,0,1,7,68,0,7,0,0,0,0,0,0,0,0,0,0,,,,,
Tyrell Williams,WR,LAC,11,BUF,0,0,0,0,0,0,0,0,1,11,0,1,0,0,0,0,0,0,0,0,0,0,,,,,
Tyrod Taylor,QB,BUF,11,LAC,158,1,25,15,0,38,1,4,0,0,0,0,0,0,0,0,0,0,0,0,0,0,,,,,
Vernon Davis,TE,WAS,11,NO,0,0,0,0,0,0,0,0,3,67,0,6,0,0,0,0,0,0,0,0,0,0,,,,,
Vince Mayle,TE,BAL,11,GB,0,0,0,0,0,0,0,0,0,0,0,0,0,0,0,0,0,0,0,0,0,0,,,,,
Virgil Green,TE,DEN,11,CIN,0,0,0,0,0,0,0,0,2,13,0,4,0,0,0,0,0,0,0,0,0,0,,,,,
WAS,DEF,WAS,11,NO,,,,,,,,,,,,,,,,,,,,,,,0,0,0,0,34.0
Wayne Gallman,RB,NYG,11,KC,0,0,0,0,0,19,0,6,1,3,0,4,0,0,0,0,0,0,0,0,0,0,,,,,
Wil Lutz,K,NO,11,WAS,0,0,0,0,0,0,0,0,0,0,0,0,0,0,0,0,2,0,1,1,0,2,,,,,
Willie Snead,WR,NO,11,WAS,0,0,0,0,0,0,0,0,1,12,0,2,0,0,0,0,0,0,0,0,0,0,,,,,
Zach Ertz,TE,PHI,11,DAL,0,0,0,0,0,0,0,0,2,8,0,5,0,0,0,0,0,0,0,0,0,0,,,,,
Zane Gonzalez,K,CLE,11,JAX,0,0,0,0,0,0,0,0,0,0,0,0,0,0,0,0,0,0,0,0,0,1,,,,,
Zay Jones,WR,BUF,11,LAC,0,0,0,0,0,0,0,0,4,68,0,7,0,0,0,0,0,0,0,0,0,0,,,,,
A.J. Green,WR,CIN,12,CLE,0,0,0,0,0,0,0,0,5,66,0,8,0,0,0,0,0,0,0,0,0,0,,,,,
ARI,DEF,ARI,12,JAX,,,,,,,,,,,,,,,,,,,,,,,0,0,0,0,24.0
ATL,DEF,ATL,12,TB,,,,,,,,,,,,,,,,,,,,,,,0,0,0,0,20.0
Adam Humphries,WR,TB,12,ATL,0,0,0,0,0,0,0,0,4,38,0,6,0,0,0,0,0,0,0,0,0,0,,,,,
Adam Shaheen,TE,CHI,12,PHI,0,0,0,0,0,0,0,0,1,1,0,1,0,0,0,0,0,0,0,0,0,0,,,,,
Adam Thielen,WR,MIN,12,DET,0,0,0,0,0,0,0,0,8,89,0,11,0,0,0,0,0,0,0,0,0,0,,,,,
Adam Vinatieri,K,IND,12,TEN,0,0,0,0,0,0,0,0,0,0,0,0,0,0,0,0,2,0,1,0,0,1,,,,,
Adrian Peterson,RB,ARI,12,JAX,0,0,0,0,0,79,0,20,4,20,0,5,0,0,0,0,0,0,0,0,0,0,,,,,
Akeem Hunt,RB,KC,12,BUF,0,0,0,0,0,-10,0,1,1,6,0,1,0,0,0,0,0,0,0,0,0,0,,,,,
Albert Wilson,WR,KC,12,BUF,0,0,0,0,0,0,0,0,3,36,1,7,0,0,0,0,0,0,0,0,0,0,,,,,
Aldrick Robinson,WR,SF,12,SEA,0,0,0,0,0,0,0,0,1,8,0,3,0,0,0,0,0,0,0,0,0,0,,,,,
Aldrick Rosas,K,NYG,12,WAS,0,0,0,0,0,0,0,0,0,0,0,0,0,0,0,0,0,1,0,0,0,1,,,,,
Alex Collins,RB,BAL,12,HOU,0,0,0,0,0,60,1,16,2,-3,0,2,0,0,0,0,0,0,0,0,0,0,,,,,
Alex Erickson,WR,CIN,12,CLE,0,0,0,0,0,0,0,0,1,18,0,1,0,0,0,0,0,0,0,0,0,0,,,,,
Alex Smith,QB,KC,12,BUF,199,1,36,23,1,35,0,5,0,0,0,0,0,0,0,0,0,0,0,0,0,0,,,,,
Alfred Blue,RB,HOU,12,BAL,0,0,0,0,0,15,0,8,2,11,0,2,0,0,0,0,0,0,0,0,0,0,,,,,
Alfred Morris,RB,DAL,12,LAC,0,0,0,0,0,36,0,9,1,13,0,1,0,0,0,0,0,0,0,0,0,0,,,,,
Alshon Jeffery,WR,PHI,12,CHI,0,0,0,0,0,0,0,0,5,52,1,9,0,0,0,0,0,0,0,0,0,0,,,,,
Alvin Kamara,RB,NO,12,LA,0,0,0,0,0,87,1,5,6,101,1,6,0,0,0,0,0,0,0,0,0,0,,,,,
Amari Cooper,WR,LV,12,DEN,0,0,0,0,0,0,0,0,1,9,1,1,0,0,0,0,0,0,0,0,0,0,,,,,
Ameer Abdullah,RB,DET,12,MIN,0,0,0,0,0,14,0,6,3,29,0,5,0,0,0,0,0,0,0,0,0,0,,,,,
Andre Roberts,WR,ATL,12,TB,0,0,0,0,0,0,0,0,0,0,0,0,0,0,0,0,0,0,0,0,0,0,,,,,
Andy Dalton,QB,CIN,12,CLE,214,2,28,18,0,26,0,4,0,0,0,0,0,0,0,0,0,0,0,0,0,0,,,,,
Antonio Brown,WR,PIT,12,GB,0,0,0,0,0,0,0,0,10,169,2,12,0,0,1,0,0,0,0,0,0,0,,,,,
Antonio Gates,TE,LAC,12,DAL,0,0,0,0,0,0,0,0,0,0,0,2,0,0,0,0,0,0,0,0,0,0,,,,,
Austin Ekeler,RB,LAC,12,DAL,0,0,0,0,0,15,0,6,3,55,0,3,0,0,0,0,0,0,0,0,0,0,,,,,
Austin Hooper,TE,ATL,12,TB,0,0,0,0,0,0,0,0,3,38,0,5,0,0,0,0,0,0,0,0,0,0,,,,,
Austin Seferian-Jenkins,TE,NYJ,12,CAR,0,0,0,0,0,0,0,0,2,27,0,7,0,0,0,0,0,0,0,0,0,0,,,,,
Austin Traylor,TE,DEN,12,LV,0,0,0,0,0,0,0,0,1,34,0,4,0,0,0,0,0,0,0,0,0,0,,,,,
BAL,DEF,BAL,12,HOU,,,,,,,,,,,,,,,,,,,,,,,0,0,0,0,16.0
BUF,DEF,BUF,12,KC,,,,,,,,,,,,,,,,,,,,,,,0,0,0,0,10.0
Ben Roethlisberger,QB,PIT,12,GB,351,4,45,33,2,25,0,3,0,0,0,0,0,0,1,0,0,0,0,0,0,0,,,,,
Benjamin Watson,TE,BAL,12,HOU,0,0,0,0,0,0,0,0,3,29,0,3,0,0,0,0,0,0,0,0,0,0,,,,,
Bennie Fowler,WR,DEN,12,LV,0,0,0,0,0,0,0,0,3,33,1,4,0,0,0,0,0,0,0,0,0,0,,,,,
Benny Cunningham,RB,CHI,12,PHI,0,0,0,0,0,-1,0,1,1,9,0,2,0,0,0,0,0,0,0,0,0,0,,,,,
Bilal Powell,RB,NYJ,12,CAR,0,0,0,0,0,34,0,9,1,12,0,1,0,0,0,0,0,0,0,0,0,0,,,,,
Blaine Gabbert,QB,ARI,12,JAX,241,2,38,22,1,17,0,6,0,0,0,0,0,0,1,0,0,0,0,0,0,0,,,,,
Blair Walsh,K,SEA,12,SF,0,0,0,0,0,0,0,0,0,0,0,0,0,0,0,0,0,1,0,0,0,3,,,,,
Blake Bortles,QB,JAX,12,ARI,160,0,33,19,1,62,2,6,0,0,0,0,0,0,0,0,0,0,0,0,0,0,,,,,
Brandin Cooks,WR,NE,12,MIA,0,0,0,0,0,11,0,1,6,83,1,7,0,0,0,0,0,0,0,0,0,0,,,,,
Brandon LaFell,WR,CIN,12,CLE,0,0,0,0,0,0,0,0,3,33,0,6,0,0,0,0,0,0,0,0,0,0,,,,,
Brandon McManus,K,DEN,12,LV,0,0,0,0,0,0,0,0,0,0,0,0,0,0,0,0,0,0,0,0,0,2,,,,,
Brandon Tate,WR,BUF,12,KC,0,0,0,0,0,0,0,0,0,0,0,0,0,0,0,0,0,0,0,0,0,0,,,,,
Braxton Miller,WR,HOU,12,BAL,0,0,0,0,0,0,0,0,5,43,0,6,0,0,0,0,0,0,0,0,0,0,,,,,
Brendan Langley,WR,DEN,12,LV,0,0,0,0,0,0,0,0,0,0,0,0,0,0,0,0,0,0,0,0,0,0,,,,,
Brent Celek,TE,PHI,12,CHI,0,0,0,0,0,0,0,0,0,0,0,1,0,0,0,0,0,0,0,0,0,0,,,,,
Brenton Bersin,WR,CAR,12,NYJ,0,0,0,0,0,0,0,0,0,0,0,1,0,0,0,0,0,0,0,0,0,0,,,,,
Breshad Perriman,WR,BAL,12,HOU,0,0,0,0,0,0,0,0,0,0,0,2,0,0,0,0,0,0,0,0,0,0,,,,,
Brett Hundley,QB,GB,12,PIT,245,3,26,17,0,6,0,1,0,0,0,0,0,0,0,0,0,0,0,0,0,0,,,,,
Brice Butler,WR,DAL,12,LAC,0,0,0,0,0,0,0,0,1,5,0,2,0,0,0,0,0,0,0,0,0,0,,,,,
Bruce Ellington,WR,HOU,12,BAL,0,0,0,0,0,0,0,0,3,29,0,8,0,0,0,0,0,0,0,0,0,0,,,,,
Bryce Treggs,WR,CLE,12,CIN,0,0,0,0,0,0,0,0,0,0,0,1,0,0,0,0,0,0,0,0,0,0,,,,,
Byron Marshall,RB,WAS,12,NYG,0,0,0,0,0,18,0,4,1,12,0,2,0,0,0,0,0,0,0,0,0,0,,,,,
C.J. Anderson,RB,DEN,12,LV,0,0,0,0,0,12,0,5,0,0,0,0,0,0,0,0,0,0,0,0,0,0,,,,,
C.J. Beathard,QB,SF,12,SEA,201,0,38,22,1,21,0,6,0,0,0,0,0,0,0,0,0,0,0,0,0,0,,,,,
C.J. Fiedorowicz,TE,HOU,12,BAL,0,0,0,0,0,0,0,0,4,37,0,8,0,0,0,0,0,0,0,0,0,0,,,,,
C.J. Uzomah,TE,CIN,12,CLE,0,0,0,0,0,0,0,0,0,0,0,0,0,0,0,0,0,0,0,0,0,0,,,,,
CAR,DEF,CAR,12,NYJ,,,,,,,,,,,,,,,,,,,,,,,0,0,0,0,27.0
CHI,DEF,CHI,12,PHI,,,,,,,,,,,,,,,,,,,,,,,0,0,0,0,31.0
CIN,DEF,CIN,12,CLE,,,,,,,,,,,,,,,,,,,,,,,0,0,0,0,16.0
CLE,DEF,CLE,12,CIN,,,,,,,,,,,,,,,,,,,,,,,0,0,0,0,30.0
Cairo Santos,K,CHI,12,PHI,0,0,0,0,0,0,0,0,0,0,0,0,0,0,0,0,0,1,0,0,0,0,,,,,
Cam Newton,QB,CAR,12,NYJ,168,0,28,11,0,28,1,9,0,0,0,0,0,0,1,0,0,0,0,0,0,0,,,,,
Cameron Artis-Payne,RB,CAR,12,NYJ,0,0,0,0,0,0,0,1,0,0,0,0,0,0,0,0,0,0,0,0,0,0,,,,,
Cameron Brate,TE,TB,12,ATL,0,0,0,0,0,0,0,0,1,6,0,2,0,0,0,0,0,0,0,0,0,0,,,,,
Carlos Hyde,RB,SF,12,SEA,0,0,0,0,0,47,0,16,7,21,0,13,0,0,0,0,0,0,0,0,0,0,,,,,
Carson Wentz,QB,PHI,12,CHI,227,3,36,23,0,29,0,5,0,0,0,0,0,0,0,0,0,0,0,0,0,0,,,,,
Case Keenum,QB,MIN,12,DET,282,2,30,21,0,20,1,7,0,0,0,0,0,0,0,0,0,0,0,0,0,0,,,,,
Cethan Carter,TE,CIN,12,CLE,0,0,0,0,0,0,0,0,0,0,0,0,0,0,0,0,0,0,0,0,0,0,,,,,
Chad Hansen,WR,NYJ,12,CAR,0,0,0,0,0,0,0,0,0,0,0,1,0,0,0,0,0,0,0,0,0,0,,,,,
Chad Williams,WR,ARI,12,JAX,0,0,0,0,0,0,0,1,1,8,0,3,0,0,0,0,0,0,0,0,0,0,,,,,
Chandler Catanzaro,K,NYJ,12,CAR,0,0,0,0,0,0,0,0,0,0,0,0,0,0,0,1,0,1,0,0,0,3,,,,,
Charcandrick West,RB,KC,12,BUF,0,0,0,0,0,0,0,0,3,7,0,4,0,0,0,0,0,0,0,0,0,0,,,,,
Charles Clay,TE,BUF,12,KC,0,0,0,0,0,0,0,0,4,60,0,4,0,0,0,0,0,0,0,0,0,0,,,,,
Charles Sims,RB,TB,12,ATL,0,0,0,0,0,3,0,1,3,26,0,5,0,0,0,0,0,0,0,0,0,0,,,,,
Chester Rogers,WR,IND,12,TEN,0,0,0,0,0,0,0,0,3,34,0,4,0,0,0,0,0,0,0,0,0,0,,,,,
Chris Boswell,K,PIT,12,GB,0,0,0,0,0,0,0,0,0,0,0,0,0,0,0,0,0,0,0,1,0,2,,,,,
Chris Godwin Jr.,WR,TB,12,ATL,0,0,0,0,0,0,0,0,1,17,0,2,0,0,0,0,0,0,0,0,0,0,,,,,
Chris Ivory,RB,JAX,12,ARI,0,0,0,0,0,-6,0,1,0,0,0,0,0,0,0,0,0,0,0,0,0,0,,,,,
Chris Manhertz,TE,CAR,12,NYJ,0,0,0,0,0,0,0,0,0,0,0,0,0,0,0,0,0,0,0,0,0,0,,,,,
Chris Moore,WR,BAL,12,HOU,0,0,0,0,0,0,0,0,3,37,0,3,0,0,0,0,0,0,0,0,0,0,,,,,
Chris Thompson,WR,HOU,12,BAL,0,0,0,0,0,0,0,0,0,0,0,0,0,0,0,0,0,0,0,0,0,0,,,,,
Christian McCaffrey,RB,CAR,12,NYJ,0,0,0,0,0,62,0,7,2,35,0,5,0,0,0,0,0,0,0,0,0,0,,,,,
Coby Fleener,TE,NO,12,LA,0,0,0,0,0,0,0,0,1,8,0,2,0,0,0,0,0,0,0,0,0,0,,,,,
Cody Core,WR,CIN,12,CLE,0,0,0,0,0,0,0,0,0,0,0,0,0,0,0,0,0,0,0,0,0,0,,,,,
Cody Kessler,QB,CLE,12,CIN,0,0,1,0,0,0,0,0,0,0,0,0,0,0,0,0,0,0,0,0,0,0,,,,,
Cody Latimer,WR,DEN,12,LV,0,0,0,0,0,0,0,0,3,48,1,4,0,0,0,0,0,0,0,0,0,0,,,,,
Cody Parkey,K,MIA,12,NE,0,0,0,0,0,0,0,0,0,0,0,0,0,0,0,0,1,0,0,0,0,2,,,,,
Cole Beasley,WR,DAL,12,LAC,0,0,0,0,0,0,0,0,2,19,0,3,0,0,0,0,0,0,0,0,0,0,,,,,
Cooper Kupp,WR,LA,12,NO,0,0,1,0,0,0,0,0,8,116,0,11,0,0,0,0,0,0,0,0,0,0,,,,,
Cordarrelle Patterson,RB,LV,12,DEN,0,0,0,0,0,0,0,0,3,72,0,4,0,0,0,0,0,0,0,0,0,0,,,,,
Corey Clement,RB,PHI,12,CHI,0,0,0,0,0,27,0,4,1,12,0,1,0,0,0,0,0,0,0,0,0,0,,,,,
Corey Coleman,WR,CLE,12,CIN,0,0,0,0,0,0,0,0,3,64,0,8,0,0,0,0,0,0,0,0,0,0,,,,,
Corey Davis,WR,TEN,12,IND,0,0,0,0,0,0,0,0,4,39,0,4,0,0,0,0,0,0,0,0,0,0,,,,,
Corey Grant,RB,JAX,12,ARI,0,0,0,0,0,0,0,0,0,0,0,0,0,0,0,0,0,0,0,0,0,0,,,,,
D.J. Foster,RB,ARI,12,JAX,0,0,0,0,0,4,0,1,3,18,0,4,0,0,0,0,0,0,0,0,0,0,,,,,
DAL,DEF,DAL,12,LAC,,,,,,,,,,,,,,,,,,,,,,,0,0,0,0,28.0
DEN,DEF,DEN,12,LV,,,,,,,,,,,,,,,,,,,,,,,0,0,0,0,21.0
DET,DEF,DET,12,MIN,,,,,,,,,,,,,,,,,,,,,,,0,0,0,0,30.0
Dak Prescott,QB,DAL,12,LAC,179,0,27,20,2,0,0,0,0,0,0,0,0,0,0,0,0,0,0,0,0,0,,,,,
Damien Williams,RB,MIA,12,NE,0,0,0,0,0,38,0,8,3,14,0,5,0,0,0,0,0,0,0,0,0,0,,,,,
Dan Bailey,K,DAL,12,LAC,0,0,0,0,0,0,0,0,0,0,0,0,0,0,0,0,0,0,0,0,0,0,,,,,
Daniel Brown,TE,CHI,12,PHI,0,0,0,0,0,0,0,0,2,20,0,3,0,0,0,0,0,0,0,0,0,0,,,,,
Danny Amendola,WR,NE,12,MIA,0,0,0,0,0,0,0,0,1,15,0,4,0,0,0,0,0,0,0,0,0,0,,,,,
Danny Vitale,RB,CLE,12,CIN,0,0,0,0,0,0,0,0,0,0,0,1,0,0,0,0,0,0,0,0,0,0,,,,,
Danny Woodhead,RB,BAL,12,HOU,0,0,0,0,0,22,0,4,4,23,0,4,0,0,0,0,0,0,0,0,0,0,,,,,
Darren Fells,TE,DET,12,MIN,0,0,0,0,0,0,0,0,0,0,0,3,0,0,0,0,0,0,0,0,0,0,,,,,
Davante Adams,WR,GB,12,PIT,0,0,0,0,0,0,0,0,5,82,1,8,0,0,0,0,0,0,0,0,0,0,,,,,
David Njoku,TE,CLE,12,CIN,0,0,0,0,0,0,0,0,4,47,0,4,0,0,0,0,0,0,0,0,0,0,,,,,
DeAndre Hopkins,WR,HOU,12,BAL,0,0,0,0,0,0,0,0,7,125,0,10,0,0,0,0,0,0,0,0,0,0,,,,,
DeAndre Washington,RB,LV,12,DEN,0,0,0,0,0,23,0,6,3,23,0,3,0,0,0,0,0,0,0,0,0,0,,,,,
DeMarco Murray,RB,TEN,12,IND,0,0,0,0,0,9,1,12,3,33,0,4,0,0,0,0,0,0,0,0,0,0,,,,,
DeSean Jackson,WR,TB,12,ATL,0,0,0,0,0,0,0,0,8,60,0,11,0,0,0,0,0,0,0,0,0,0,,,,,
DeShone Kizer,QB,CLE,12,CIN,268,0,31,18,0,39,1,9,0,0,0,0,0,0,0,0,0,0,0,0,0,0,,,,,
DeVante Parker,WR,MIA,12,NE,0,0,0,0,0,0,0,0,1,5,0,3,0,0,0,0,0,0,0,0,0,0,,,,,
Dede Westbrook,WR,JAX,12,ARI,0,0,0,0,0,0,0,0,6,41,0,10,0,0,0,0,0,0,0,0,0,0,,,,,
Delanie Walker,TE,TEN,12,IND,0,0,0,0,0,0,0,0,4,63,1,5,0,0,0,0,0,0,0,0,0,0,,,,,
Demarcus Robinson,WR,KC,12,BUF,0,0,0,0,0,0,0,0,2,24,0,4,0,0,0,0,0,0,0,0,0,0,,,,,
Demaryius Thomas,WR,DEN,12,LV,0,0,0,0,0,0,0,0,5,18,0,8,0,0,0,0,0,0,0,0,0,0,,,,,
Demetrius Harris,TE,KC,12,BUF,0,0,0,0,0,0,0,0,2,33,0,2,0,0,0,0,0,0,0,0,0,0,,,,,
Deonte Thompson,WR,BUF,12,KC,0,0,0,0,0,0,0,0,1,6,0,3,0,0,0,0,0,0,0,0,0,0,,,,,
Derek Carr,QB,LV,12,DEN,253,2,24,18,0,-3,0,3,0,0,0,0,0,0,0,0,0,0,0,0,0,0,,,,,
Derrick Henry,RB,TEN,12,IND,0,0,0,0,0,79,0,13,1,10,0,2,0,0,0,0,0,0,0,0,0,0,,,,,
Devin Funchess,WR,CAR,12,NYJ,0,0,0,0,0,0,0,0,7,108,0,12,0,0,0,0,0,0,0,0,0,0,,,,,
Devontae Booker,RB,DEN,12,LV,0,0,0,0,0,11,0,6,2,22,0,2,0,0,0,0,0,0,0,0,0,0,,,,,
Dez Bryant,WR,DAL,12,LAC,0,0,0,0,0,0,0,0,3,37,0,5,0,0,0,0,0,0,0,0,0,0,,,,,
Dion Lewis,RB,NE,12,MIA,0,0,0,0,0,112,0,15,1,1,0,2,0,0,0,0,0,0,0,0,0,0,,,,,
Dion Sims,TE,CHI,12,PHI,0,0,0,0,0,0,0,0,1,-3,0,1,0,0,0,0,0,0,0,0,0,0,,,,,
Donte Moncrief,WR,IND,12,TEN,0,0,0,0,0,0,0,0,1,16,0,3,0,0,0,0,0,0,0,0,0,0,,,,,
Dontrelle Inman,WR,CHI,12,PHI,0,0,0,0,0,0,0,0,4,64,0,9,0,0,0,0,0,0,0,0,0,0,,,,,
Doug Baldwin,WR,SEA,12,SF,0,0,0,0,0,-5,0,1,2,25,0,3,0,0,0,0,0,0,0,0,0,0,,,,,
Doug Martin,RB,TB,12,ATL,0,0,0,0,0,33,0,7,0,0,0,0,0,0,0,0,0,0,0,0,0,0,,,,,
Drew Brees,QB,NO,12,LA,246,1,32,22,0,5,0,1,0,0,0,0,0,0,0,0,0,0,0,0,0,0,,,,,
Duke Johnson,RB,CLE,12,CIN,0,0,0,0,0,35,0,6,4,32,0,5,0,0,0,0,0,0,0,0,0,0,,,,,
Dwayne Allen,TE,NE,12,MIA,0,0,0,0,0,0,0,0,1,2,0,2,0,0,0,0,0,0,0,0,0,0,,,,,
Ed Dickson,TE,CAR,12,NYJ,0,0,0,0,0,0,0,0,1,15,0,3,0,0,0,0,0,0,0,0,0,0,,,,,
Eddie Lacy,RB,SEA,12,SF,0,0,0,0,0,46,0,17,3,15,0,3,0,0,0,0,0,0,0,0,0,0,,,,,
Eli Manning,QB,NYG,12,WAS,113,0,27,13,1,-1,0,1,0,0,0,0,0,0,0,0,0,0,0,0,0,0,,,,,
Eli Rogers,WR,PIT,12,GB,0,0,0,0,0,0,0,0,3,21,0,7,0,0,0,0,0,0,0,0,0,0,,,,,
Elijah McGuire,RB,NYJ,12,CAR,0,0,0,0,0,21,0,5,1,13,0,1,0,0,0,0,0,0,0,0,0,0,,,,,
Emmanuel Sanders,WR,DEN,12,LV,0,0,0,0,0,0,0,0,3,12,0,6,0,0,0,0,0,0,0,0,0,0,,,,,
Eric Decker,WR,TEN,12,IND,0,0,0,0,0,0,0,0,3,23,0,4,0,0,0,0,0,0,0,0,0,0,,,,,
Eric Ebron,TE,DET,12,MIN,0,0,0,0,0,0,0,0,4,34,0,4,0,0,0,0,0,0,0,0,0,0,,,,,
Eric Tomlinson,TE,NYJ,12,CAR,0,0,0,0,0,0,0,0,0,0,0,0,0,0,0,0,0,0,0,0,0,0,,,,,
Evan Engram,TE,NYG,12,WAS,0,0,0,0,0,0,0,0,3,18,0,7,0,0,0,0,0,0,0,0,0,0,,,,,
Fozzy Whittaker,RB,CAR,12,NYJ,0,0,0,0,0,0,0,0,0,0,0,0,0,0,0,0,0,0,0,0,0,0,,,,,
Frank Gore,RB,IND,12,TEN,0,0,0,0,0,62,1,17,2,17,0,5,0,0,0,0,0,0,0,0,0,0,,,,,
GB,DEF,GB,12,PIT,,,,,,,,,,,,,,,,,,,,,,,0,0,0,0,31.0
Garrett Celek,TE,SF,12,SEA,0,0,0,0,0,0,0,0,2,7,0,2,0,0,0,0,0,0,0,0,0,0,,,,,
George Kittle,TE,SF,12,SEA,0,0,0,0,0,0,0,0,1,14,0,2,0,0,0,0,0,0,0,0,0,0,,,,,
Gerald Everett,TE,LA,12,NO,0,0,0,0,0,0,0,0,1,9,0,1,0,0,0,0,0,0,0,0,0,0,,,,,
Giorgio Tavecchio,K,LV,12,DEN,0,0,0,0,0,0,0,0,0,0,0,0,0,0,0,0,0,0,0,0,0,3,,,,,
Giovani Bernard,RB,CIN,12,CLE,0,0,0,0,0,12,0,3,1,15,0,1,0,0,0,0,0,0,0,0,0,0,,,,,
Golden Tate,WR,DET,12,MIN,0,0,0,0,0,13,0,2,4,7,0,8,0,0,0,0,0,0,0,0,0,0,,,,,
Graham Gano,K,CAR,12,NYJ,0,0,0,0,0,0,0,0,0,0,0,0,0,0,0,0,0,1,2,0,0,0,,,,,
Greg Olsen,TE,CAR,12,NYJ,0,0,0,0,0,0,0,0,1,10,0,4,0,0,0,0,0,0,0,0,0,0,,,,,
Greg Zuerlein,K,LA,12,NO,0,0,0,0,0,0,0,0,0,0,0,0,0,0,0,0,1,0,2,1,0,2,,,,,
HOU,DEF,HOU,12,BAL,,,,,,,,,,,,,,,,,,,,,,,0,0,0,0,23.0
Harrison Butker,K,KC,12,BUF,0,0,0,0,0,0,0,0,0,0,0,0,0,0,0,0,0,0,1,0,0,1,,,,,
Harry Douglas,WR,TEN,12,IND,0,0,0,0,0,0,0,0,1,8,0,3,0,0,0,0,0,0,0,0,0,0,,,,,
Hunter Henry,TE,LAC,12,DAL,0,0,0,0,0,0,0,0,5,76,1,5,0,0,0,0,0,0,0,0,0,0,,,,,
IND,DEF,IND,12,TEN,,,,,,,,,,,,,,,,,,,,,,,0,0,0,0,20.0
Isaiah Crowell,RB,CLE,12,CIN,0,0,0,0,0,95,0,16,1,10,0,2,0,0,0,0,0,0,0,0,0,0,,,,,
J.D. McKissic,RB,SEA,12,SF,0,0,0,0,0,22,0,4,4,24,0,7,0,0,0,0,0,0,0,0,0,0,,,,,
J.J. Nelson,WR,ARI,12,JAX,0,0,0,0,0,0,0,0,1,14,0,4,0,0,0,0,0,0,0,0,0,0,,,,,
JAX,DEF,JAX,12,ARI,,,,,,,,,,,,,,,,,,,,,,,0,0,0,0,27.0
Jack Doyle,TE,IND,12,TEN,0,0,0,0,0,0,0,0,7,94,0,8,0,0,0,0,0,0,0,0,0,0,,,,,
Jacob Hollister,TE,NE,12,MIA,0,0,0,0,0,0,0,0,0,0,0,0,0,0,0,0,0,0,0,0,0,0,,,,,
Jacoby Brissett,QB,IND,12,TEN,196,0,29,17,0,16,0,3,0,0,0,0,0,0,0,0,0,0,0,0,0,0,,,,,
Jacquizz Rodgers,RB,TB,12,ATL,0,0,0,0,0,31,0,8,1,6,0,2,0,0,0,0,0,0,0,0,0,0,,,,,
Jake Elliott,K,PHI,12,CHI,0,0,0,0,0,0,0,0,0,0,0,0,0,0,0,0,0,0,1,0,0,4,,,,,
Jake Rudock,QB,DET,12,MIN,0,0,0,0,0,0,0,0,0,0,0,0,0,0,0,0,0,0,0,0,0,0,,,,,
Jakeem Grant,WR,MIA,12,NE,0,0,0,0,0,0,0,0,0,0,0,0,0,0,0,0,0,0,0,0,0,0,,,,,
Jalen Richard,RB,LV,12,DEN,0,0,0,0,0,17,0,2,2,13,1,2,0,0,0,0,0,0,0,0,0,0,,,,,
Jamaal Charles,RB,DEN,12,LV,0,0,0,0,0,3,0,1,2,7,0,3,0,0,0,0,0,0,0,0,0,0,,,,,
Jamaal Williams,RB,GB,12,PIT,0,0,0,0,0,66,1,21,4,69,1,5,0,0,0,0,0,0,0,0,0,0,,,,,
James O'Shaughnessy,TE,JAX,12,ARI,0,0,0,0,0,0,0,0,1,7,0,2,0,0,0,0,0,0,0,0,0,0,,,,,
James White,RB,NE,12,MIA,0,0,0,0,0,13,0,3,1,2,0,2,0,0,0,0,0,0,0,0,0,0,,,,,
Jamison Crowder,WR,WAS,12,NYG,0,0,0,0,0,0,0,0,7,141,1,10,0,0,0,0,0,0,0,0,0,0,,,,,
Jared Cook,TE,LV,12,DEN,0,0,0,0,0,0,0,0,1,2,0,5,0,0,0,0,0,0,0,0,0,0,,,,,
Jared Goff,QB,LA,12,NO,354,2,43,28,1,-3,0,3,0,0,0,0,0,0,0,0,0,0,0,0,0,0,,,,,
Jarius Wright,WR,MIN,12,DET,0,0,0,0,0,0,0,0,2,25,0,3,0,0,0,0,0,0,0,0,0,0,,,,,
Jaron Brown,WR,ARI,12,JAX,0,0,0,0,0,0,0,0,1,52,1,1,0,0,0,0,0,0,0,0,0,0,,,,,
Jarvis Landry,WR,MIA,12,NE,0,0,0,0,0,0,0,0,8,70,0,9,0,0,0,0,0,0,0,0,0,0,,,,,
Jason Witten,TE,DAL,12,LAC,0,0,0,0,0,0,0,0,7,44,0,7,0,0,0,0,0,0,0,0,0,0,,,,,
Javorius Allen,RB,BAL,12,HOU,0,0,0,0,0,15,1,5,1,2,0,1,0,0,0,0,0,0,0,0,0,0,,,,,
Jay Ajayi,RB,PHI,12,CHI,0,0,0,0,0,26,0,5,1,7,0,2,0,0,0,0,0,0,0,0,0,0,,,,,
Jaydon Mickens,WR,JAX,12,ARI,0,0,0,0,0,0,0,0,0,0,0,0,0,0,0,0,0,0,0,0,0,0,,,,,
Jeff Cumberland,TE,LAC,12,DAL,0,0,0,0,0,0,0,0,0,0,0,0,0,0,0,0,0,0,0,0,0,0,,,,,
Jehu Chesson,WR,KC,12,BUF,0,0,0,0,0,0,0,0,0,0,0,0,0,0,0,0,0,0,0,0,0,0,,,,,
Jeremy Maclin,WR,BAL,12,HOU,0,0,0,0,0,0,0,0,1,6,0,5,0,0,0,0,0,0,0,0,0,0,,,,,
Jerick McKinnon,RB,MIN,12,DET,0,0,0,0,0,23,0,13,1,31,0,3,0,0,0,0,0,0,0,0,0,0,,,,,
Jermaine Gresham,TE,ARI,12,JAX,0,0,0,0,0,0,0,0,2,13,0,3,0,0,0,0,0,0,0,0,0,0,,,,,
Jermaine Kearse,WR,NYJ,12,CAR,0,0,0,0,0,0,0,0,7,105,1,11,0,0,0,0,0,0,0,0,0,0,,,,,
Jesse James,TE,PIT,12,GB,0,0,0,0,0,0,0,0,3,32,0,4,0,0,0,0,0,0,0,0,0,0,,,,,
Jimmy Garoppolo,QB,SF,12,SEA,18,1,2,2,0,4,0,1,0,0,0,0,0,0,0,0,0,0,0,0,0,0,,,,,
Jimmy Graham,TE,SEA,12,SF,0,0,0,0,0,0,0,0,3,34,1,6,0,0,0,0,0,0,0,0,0,0,,,,,
JoJo Natson,WR,NYJ,12,CAR,0,0,0,0,0,0,0,0,1,-1,0,1,0,0,0,0,0,0,0,0,0,0,,,,,
Joe Flacco,QB,BAL,12,HOU,141,0,32,20,0,42,0,6,0,0,0,0,0,0,0,0,0,0,0,0,0,0,,,,,
Joe Mixon,RB,CIN,12,CLE,0,0,0,0,0,114,1,23,3,51,0,3,0,0,0,0,0,0,0,0,0,0,,,,,
Joe Webb,QB,BUF,12,KC,0,0,0,0,0,0,0,0,0,0,0,0,0,0,0,0,0,0,0,0,0,0,,,,,
Johnny Holton,WR,LV,12,DEN,0,0,0,0,0,0,0,0,2,53,0,2,0,0,0,0,0,0,0,0,0,0,,,,,
Jonathan Stewart,RB,CAR,12,NYJ,0,0,0,0,0,26,1,15,0,0,0,0,0,0,0,0,0,0,0,0,0,0,,,,,
Jordan Howard,RB,CHI,12,PHI,0,0,0,0,0,6,0,7,2,13,0,2,0,0,0,0,0,0,0,0,0,0,,,,,
Jordan Matthews,TE,BUF,12,KC,0,0,0,0,0,0,0,0,2,15,0,3,0,0,0,0,0,0,0,0,0,0,,,,,
Jordan Taylor,WR,DEN,12,LV,0,0,0,0,0,0,0,0,0,0,0,0,0,0,0,0,0,0,0,0,0,0,,,,,
Jordan Todman,RB,HOU,12,BAL,0,0,0,0,0,0,0,0,0,0,0,0,0,0,0,0,0,0,0,0,0,0,,,,,
Jordy Nelson,WR,GB,12,PIT,0,0,0,0,0,0,0,0,3,11,0,5,0,0,0,0,0,0,0,0,0,0,,,,,
Josh Doctson,WR,WAS,12,NYG,0,0,0,0,0,0,0,0,2,28,1,4,0,0,0,0,0,0,0,0,0,0,,,,,
Josh Lambo,K,JAX,12,ARI,0,0,0,0,0,0,0,0,0,0,0,0,0,0,0,0,0,0,1,0,0,3,,,,,
Josh Malone,WR,CIN,12,CLE,0,0,0,0,0,0,0,0,0,0,0,1,0,0,0,0,0,0,0,0,0,0,,,,,
Josh McCown,QB,NYJ,12,CAR,307,3,36,19,0,28,0,2,0,0,0,0,0,0,0,0,0,0,0,0,0,0,,,,,
Josh Reynolds,WR,LA,12,NO,0,0,0,0,0,0,0,0,4,37,1,6,0,0,0,0,0,0,0,0,0,0,,,,,
Julio Jones,WR,ATL,12,TB,0,0,0,0,0,15,0,1,12,253,2,15,0,0,0,0,0,0,0,0,0,0,,,,,
Julius Thomas,TE,MIA,12,NE,0,0,0,0,0,0,0,0,5,52,0,6,0,0,0,0,0,0,0,0,0,0,,,,,
Justin Hunter,WR,PIT,12,GB,0,0,0,0,0,0,0,0,0,0,0,1,0,0,0,0,0,0,0,0,0,0,,,,,
Justin Tucker,K,BAL,12,HOU,0,0,0,0,0,0,0,0,0,0,0,0,0,0,0,0,0,1,1,1,0,2,,,,,
KC,DEF,KC,12,BUF,,,,,,,,,,,,,,,,,,,,,,,0,0,0,0,16.0
Ka'imi Fairbairn,K,HOU,12,BAL,0,0,0,0,0,0,0,0,0,0,0,0,0,0,0,0,1,2,0,0,0,1,,,,,
Kaelin Clay,WR,CAR,12,NYJ,0,0,0,0,0,29,0,1,0,0,0,3,1,0,0,0,0,0,0,0,0,0,,,,,
Kai Forbath,K,MIN,12,DET,0,0,0,0,0,0,0,0,0,0,0,0,0,0,0,0,0,1,0,0,0,3,,,,,
Kalif Raymond,WR,NYG,12,WAS,0,0,0,0,0,0,0,0,0,0,0,0,0,0,0,0,0,0,0,0,0,0,,,,,
Kareem Hunt,RB,KC,12,BUF,0,0,0,0,0,17,0,11,1,9,0,1,0,0,0,0,0,0,0,0,0,0,,,,,
Keelan Cole,WR,JAX,12,ARI,0,0,0,0,0,0,0,0,2,30,0,7,0,0,0,0,0,0,0,0,0,0,,,,,
Keenan Allen,WR,LAC,12,DAL,0,0,0,0,0,0,0,0,11,172,1,14,0,0,0,0,0,0,0,0,0,0,,,,,
Kendall Wright,WR,CHI,12,PHI,0,0,0,0,0,0,0,0,2,15,0,5,0,0,0,0,0,0,0,0,0,0,,,,,
Kendrick Bourne,WR,SF,12,SEA,0,0,0,0,0,0,0,0,2,22,0,2,0,0,0,0,0,0,0,0,0,0,,,,,
Kenjon Barner,RB,PHI,12,CHI,0,0,0,0,0,0,0,0,0,0,0,1,0,0,0,0,0,0,0,0,0,0,,,,,
Kenny Britt,WR,CLE,12,CIN,0,0,0,0,0,0,0,0,2,52,0,2,0,0,0,0,0,0,0,0,0,0,,,,,
Kenny Golladay,WR,DET,12,MIN,0,0,0,0,0,0,0,0,2,61,0,4,0,0,0,0,0,0,0,0,0,0,,,,,
Kenny Stills,WR,MIA,12,NE,0,0,0,0,0,0,0,0,3,47,0,6,0,0,0,0,0,0,0,0,0,0,,,,,
Kenyan Drake,RB,MIA,12,NE,0,0,0,0,0,20,0,9,3,27,1,4,0,0,0,0,0,0,0,0,0,0,,,,,
Kerwynn Williams,RB,ARI,12,JAX,0,0,0,0,0,8,0,3,1,10,0,1,0,0,0,0,0,0,0,0,0,0,,,,,
Kirk Cousins,QB,WAS,12,NYG,242,2,31,19,1,4,0,3,0,0,0,0,0,0,0,0,0,0,0,0,0,0,,,,,
Kyle Juszczyk,RB,SF,12,SEA,0,0,0,0,0,0,0,0,2,8,0,2,0,0,0,0,0,0,0,0,0,0,,,,,
Kyle Rudolph,TE,MIN,12,DET,0,0,0,0,0,0,0,0,4,63,2,4,0,0,0,0,0,0,0,0,0,0,,,,,
LA,DEF,LA,12,NO,,,,,,,,,,,,,,,,,,,,,,,0,0,0,0,20.0
LAC,DEF,LAC,12,DAL,,,,,,,,,,,,,,,,,,,,,,,1,0,0,0,6.0
LV,DEF,LV,12,DEN,,,,,,,,,,,,,,,,,,,,,,,0,0,0,0,0.0
Lamar Miller,RB,HOU,12,BAL,0,0,0,0,0,51,1,17,1,7,0,3,0,0,0,0,0,0,0,0,0,0,,,,,
Larry Fitzgerald,WR,ARI,12,JAX,0,0,0,0,0,0,0,0,3,12,0,8,0,0,1,0,0,0,0,0,0,0,,,,,
Latavius Murray,RB,MIN,12,DET,0,0,0,0,0,84,1,20,0,0,0,1,0,0,0,0,0,0,0,0,0,0,,,,,
Le'Veon Bell,RB,PIT,12,GB,0,0,0,0,0,95,0,20,12,88,0,14,0,0,0,0,0,0,0,0,0,0,,,,,
LeGarrette Blount,RB,PHI,12,CHI,0,0,0,0,0,97,0,15,0,0,0,0,0,0,0,0,0,0,0,0,0,0,,,,,
LeSean McCoy,RB,BUF,12,KC,0,0,0,0,0,49,0,22,4,30,0,4,0,0,0,0,0,0,0,0,0,0,,,,,
Lee Smith,TE,LV,12,DEN,0,0,0,0,0,0,0,0,1,12,0,1,0,0,0,0,0,0,0,0,0,0,,,,,
Leonard Fournette,RB,JAX,12,ARI,0,0,0,0,0,25,0,12,3,17,0,3,0,0,0,0,0,0,0,0,0,0,,,,,
Louis Murphy,WR,SF,12,SEA,0,0,0,0,0,0,0,0,2,14,1,4,0,0,0,0,0,0,0,0,0,0,,,,,
MIA,DEF,MIA,12,NE,,,,,,,,,,,,,,,,,,,,,,,0,0,0,0,35.0
MIN,DEF,MIN,12,DET,,,,,,,,,,,,,,,,,,,,,,,0,0,0,0,23.0
Mack Hollins,WR,PHI,12,CHI,0,0,0,0,0,0,0,0,2,12,0,2,0,0,0,0,0,0,0,0,0,0,,,,,
Marcedes Lewis,TE,JAX,12,ARI,0,0,0,0,0,0,0,0,1,10,0,2,0,0,0,0,0,0,0,0,0,0,,,,,
Marcus Mariota,QB,TEN,12,IND,184,1,25,17,2,4,0,3,0,0,0,0,0,0,0,0,0,0,0,0,0,0,,,,,
Mark Ingram,RB,NO,12,LA,0,0,0,0,0,31,0,11,2,5,0,3,0,0,0,0,0,0,0,0,0,0,,,,,
Markus Wheaton,WR,CHI,12,PHI,0,0,0,0,0,0,0,0,0,0,0,1,0,0,0,0,0,0,0,0,0,0,,,,,
Marlon Mack,RB,IND,12,TEN,0,0,0,0,0,11,0,4,2,20,0,2,0,0,0,0,0,0,0,0,0,0,,,,,
Marqise Lee,WR,JAX,12,ARI,0,0,0,0,0,0,0,0,1,13,0,2,0,0,0,0,0,0,0,0,0,0,,,,,
Marquise Goodwin,WR,SF,12,SEA,0,0,0,0,0,0,0,0,4,78,0,6,0,0,0,0,0,0,0,0,0,0,,,,,
Marshawn Lynch,RB,LV,12,DEN,0,0,0,0,0,67,1,26,3,43,0,3,0,0,0,0,0,0,0,0,0,0,,,,,
Martavis Bryant,WR,PIT,12,GB,0,0,0,0,0,1,0,1,4,40,1,6,0,0,0,0,0,0,0,0,0,0,,,,,
Marvin Jones,WR,DET,12,MIN,0,0,0,0,0,0,0,0,6,109,2,9,0,0,0,0,0,0,0,0,0,0,,,,,
Mason Crosby,K,GB,12,PIT,0,0,0,0,0,0,0,0,0,0,0,0,0,0,0,0,0,0,0,0,0,4,,,,,
Matt Breida,RB,SF,12,SEA,0,0,0,0,0,12,0,1,1,12,0,1,0,0,0,0,0,0,0,0,0,0,,,,,
Matt Bryant,K,ATL,12,TB,0,0,0,0,0,0,0,0,0,0,0,0,0,0,0,0,0,1,1,0,0,4,,,,,
Matt Dayes,RB,CLE,12,CIN,0,0,0,0,0,0,0,0,0,0,0,0,0,0,0,0,0,0,0,0,0,0,,,,,
Matt Forte,RB,NYJ,12,CAR,0,0,0,0,0,26,0,10,0,0,0,1,0,0,0,0,0,0,0,0,0,0,,,,,
Matt Moore,QB,MIA,12,NE,215,1,34,23,2,9,0,2,0,0,0,0,0,0,0,0,0,0,0,0,0,0,,,,,
Matt Prater,K,DET,12,MIN,0,0,0,0,0,0,0,0,0,0,0,0,0,0,0,0,0,2,0,1,0,2,,,,,
Matt Ryan,QB,ATL,12,TB,317,1,35,26,0,1,0,1,0,0,0,0,0,0,0,0,0,0,0,0,0,0,,,,,
Matthew Stafford,QB,DET,12,MIN,250,2,35,20,1,0,0,1,0,0,0,0,0,0,0,0,0,0,0,0,0,0,,,,,
Maurice Harris,WR,WAS,12,NYG,0,0,0,0,0,0,0,0,2,12,0,2,0,0,0,0,0,0,0,0,0,0,,,,,
Maxx Williams,TE,BAL,12,HOU,0,0,0,0,0,0,0,0,1,12,0,1,0,0,0,0,0,0,0,0,0,0,,,,,
Melvin Gordon,RB,LAC,12,DAL,0,0,0,0,0,65,0,21,3,23,0,3,0,0,0,0,0,0,0,0,0,0,,,,,
Michael Floyd,WR,MIN,12,DET,0,0,0,0,0,0,0,0,1,8,0,1,0,0,0,0,0,0,0,0,0,0,,,,,
Michael Hoomanawanui,TE,NO,12,LA,0,0,0,0,0,0,0,0,0,0,0,0,0,0,0,0,0,0,0,0,0,0,,,,,
Michael Thomas,WR,NO,12,LA,0,0,0,0,0,0,0,0,5,52,0,8,0,0,0,0,0,0,0,0,0,0,,,,,
Mike Evans,WR,TB,12,ATL,0,0,0,0,0,0,0,0,6,78,0,12,0,0,0,0,0,0,0,0,0,0,,,,,
Mike Wallace,WR,BAL,12,HOU,0,0,0,0,0,0,0,0,5,48,0,11,0,0,0,0,0,0,0,0,0,0,,,,,
Mitchell Trubisky,QB,CHI,12,PHI,147,0,33,17,2,12,0,4,0,0,0,0,0,0,0,0,0,0,0,0,0,0,,,,,
Mohamed Sanu,WR,ATL,12,TB,51,1,1,1,0,0,0,0,8,64,0,9,0,0,0,0,0,0,0,0,0,0,,,,,
NE,DEF,NE,12,MIA,,,,,,,,,,,,,,,,,,,,,,,0,0,0,0,17.0
NO,DEF,NO,12,LA,,,,,,,,,,,,,,,,,,,,,,,0,0,0,0,26.0
NYG,DEF,NYG,12,WAS,,,,,,,,,,,,,,,,,,,,,,,1,0,0,0,20.0
NYJ,DEF,NYJ,12,CAR,,,,,,,,,,,,,,,,,,,,,,,0,0,0,0,35.0
Nelson Agholor,WR,PHI,12,CHI,0,0,0,0,0,0,0,0,3,32,1,6,0,1,0,0,0,0,0,0,0,0,,,,,
Nick Boyle,TE,BAL,12,HOU,0,0,0,0,0,0,0,0,1,9,0,1,0,0,0,0,0,0,0,0,0,0,,,,,
Nick Foles,QB,PHI,12,CHI,21,0,3,3,0,-3,0,4,0,0,0,0,0,0,0,0,0,0,0,0,0,0,,,,,
Nick Novak,K,LAC,12,DAL,0,0,0,0,0,0,0,0,0,0,0,0,0,0,0,0,1,0,0,0,0,0,,,,,
Nick O'Leary,TE,BUF,12,KC,0,0,0,0,0,0,0,0,2,18,0,2,0,0,0,0,0,0,0,0,0,0,,,,,
Nick Rose,K,WAS,12,NYG,0,0,0,0,0,0,0,0,0,0,0,0,0,0,0,0,1,1,0,0,0,2,,,,,
Nick Vannett,TE,SEA,12,SF,0,0,0,0,0,0,0,0,2,29,1,4,0,0,0,0,0,0,0,0,0,0,,,,,
Niles Paul,TE,WAS,12,NYG,0,0,0,0,0,0,0,0,3,16,0,5,0,0,0,0,0,0,0,0,0,0,,,,,
O.J. Howard,TE,TB,12,ATL,0,0,0,0,0,0,0,0,3,52,0,4,0,0,0,0,0,0,0,0,0,0,,,,,
Orleans Darkwa,RB,NYG,12,WAS,0,0,0,0,0,30,0,11,1,9,0,1,0,0,0,0,0,0,0,0,0,0,,,,,
PHI,DEF,PHI,12,CHI,,,,,,,,,,,,,,,,,,,,,,,0,0,0,0,3.0
PIT,DEF,PIT,12,GB,,,,,,,,,,,,,,,,,,,,,,,0,0,0,0,28.0
Patrick Murray,K,TB,12,ATL,0,0,0,0,0,0,0,0,0,0,0,0,0,0,0,0,1,1,0,0,0,2,,,,,
Paul Perkins,RB,NYG,12,WAS,0,0,0,0,0,0,0,0,0,0,0,0,0,0,0,0,0,0,0,0,0,0,,,,,
Paul Richardson,WR,SEA,12,SF,0,0,0,0,0,0,0,0,4,70,0,7,0,0,0,0,0,0,0,0,0,0,,,,,
Paxton Lynch,QB,DEN,12,LV,41,0,14,9,1,17,0,2,0,0,0,0,0,0,0,0,0,0,0,0,0,0,,,,,
Peyton Barber,RB,TB,12,ATL,0,0,0,0,0,7,2,5,0,0,0,0,0,0,0,0,0,0,0,0,0,0,,,,,
Pharoh Cooper,WR,LA,12,NO,0,0,0,0,0,0,0,0,1,9,0,2,0,0,0,0,0,0,0,0,0,0,,,,,
Phil Dawson,K,ARI,12,JAX,0,0,0,0,0,0,0,0,0,0,0,0,0,0,0,0,0,1,2,1,0,1,,,,,
Philip Rivers,QB,LAC,12,DAL,434,3,33,27,0,-5,0,5,0,0,0,0,0,0,0,0,0,0,0,0,0,0,,,,,
Phillip Dorsett,WR,NE,12,MIA,0,0,0,0,0,0,0,0,1,39,0,1,0,0,0,0,0,0,0,0,0,0,,,,,
Raheem Mostert,RB,SF,12,SEA,0,0,0,0,0,0,0,0,0,0,0,0,0,0,0,0,0,0,0,0,0,0,,,,,
Randall Cobb,WR,GB,12,PIT,0,0,0,0,0,0,0,0,4,58,1,4,0,0,0,0,0,0,0,0,0,0,,,,,
Randy Bullock,K,CIN,12,CLE,0,0,0,0,0,0,0,0,0,0,0,0,0,0,0,0,1,1,1,0,0,3,,,,,
Rashard Higgins,WR,CLE,12,CIN,0,0,0,0,0,0,0,0,2,30,0,3,0,0,0,0,0,0,0,0,0,0,,,,,
Rex Burkhead,RB,NE,12,MIA,0,0,0,0,0,50,1,13,2,3,1,2,0,0,0,0,0,0,0,0,0,0,,,,,
Rhett Ellison,TE,NYG,12,WAS,0,0,0,0,0,0,0,0,1,9,0,1,0,0,0,0,0,0,0,0,0,0,,,,,
Ricardo Louis,WR,CLE,12,CIN,0,0,0,0,0,0,0,0,0,0,0,2,0,0,0,0,0,0,0,0,0,0,,,,,
Richard Rodgers,TE,GB,12,PIT,0,0,0,0,0,0,0,0,1,25,0,3,0,0,0,0,0,0,0,0,0,0,,,,,
Ricky Seals-Jones,TE,ARI,12,JAX,0,0,0,0,0,0,0,0,4,72,1,6,0,0,0,0,0,0,0,0,0,0,,,,,
Rob Gronkowski,TE,NE,12,MIA,0,0,0,0,0,0,0,0,5,82,2,8,0,0,0,0,0,0,0,0,0,0,,,,,
Robbie Chosen,WR,NYJ,12,CAR,0,0,0,0,0,0,0,0,6,146,2,10,0,0,0,0,0,0,0,0,0,0,,,,,
Robbie Gould,K,SF,12,SEA,0,0,0,0,0,0,0,0,0,0,0,0,0,0,0,0,0,1,1,0,0,1,,,,,
Rod Smith,RB,DAL,12,LAC,0,0,0,0,0,41,1,9,2,7,0,2,0,0,0,0,0,0,0,0,0,0,,,,,
Roger Lewis,WR,NYG,12,WAS,0,0,0,0,0,0,0,0,3,26,0,7,0,0,0,0,0,0,0,0,0,0,,,,,
Ross Travis,TE,KC,12,BUF,0,0,0,0,0,0,0,0,0,0,0,0,0,0,0,0,0,0,0,0,0,0,,,,,
Russell Shepard,WR,CAR,12,NYJ,0,0,0,0,0,0,0,0,0,0,0,0,0,0,0,0,0,0,0,0,0,0,,,,,
Russell Wilson,QB,SEA,12,SF,228,2,34,20,1,25,1,7,0,0,0,0,0,0,0,0,0,0,0,0,0,0,,,,,
Ryan Fitzpatrick,QB,TB,12,ATL,283,0,44,27,0,20,0,2,0,0,0,0,0,0,0,0,0,0,0,0,0,0,,,,,
Ryan Grant,WR,WAS,12,NYG,0,0,0,0,0,0,0,0,1,3,0,2,0,0,0,0,0,0,0,0,0,0,,,,,
Ryan Succop,K,TEN,12,IND,0,0,0,0,0,0,0,0,0,0,0,0,0,0,0,0,1,0,1,0,0,2,,,,,
Ryan Switzer,WR,DAL,12,LAC,0,0,0,0,0,-4,0,1,0,0,0,0,0,0,0,0,0,0,0,0,0,0,,,,,
SEA,DEF,SEA,12,SF,,,,,,,,,,,,,,,,,,,,,,,0,0,0,0,13.0
SF,DEF,SF,12,SEA,,,,,,,,,,,,,,,,,,,,,,,0,0,0,0,24.0
Samaje Perine,RB,WAS,12,NYG,0,0,0,0,0,100,0,24,3,30,0,4,0,0,0,0,0,0,0,0,0,0,,,,,
Sammy Watkins,WR,LA,12,NO,0,0,0,0,0,0,0,0,4,82,1,9,0,0,0,0,0,0,0,0,0,0,,,,,
Seth DeValve,TE,CLE,12,CIN,0,0,0,0,0,0,0,0,2,33,0,2,0,0,0,0,0,0,0,0,0,0,,,,,
Seth Roberts,WR,LV,12,DEN,0,0,0,0,0,0,0,0,2,26,0,3,0,0,0,0,0,0,0,0,0,0,,,,,
Shane Vereen,RB,NYG,12,WAS,0,0,0,0,0,18,0,3,1,9,0,2,0,0,0,0,0,0,0,0,0,0,,,,,
Stefon Diggs,WR,MIN,12,DET,0,0,0,0,0,9,0,1,5,66,0,7,0,0,0,0,0,0,0,0,0,0,,,,,
Stephen Gostkowski,K,NE,12,MIA,0,0,0,0,0,0,0,0,0,0,0,0,0,0,0,0,0,0,0,0,0,5,,,,,
Steven Hauschka,K,BUF,12,KC,0,0,0,0,0,0,0,0,0,0,0,0,0,0,0,0,0,1,1,1,0,1,,,,,
T.J. Jones,WR,DET,12,MIN,0,0,0,0,0,0,0,0,0,0,0,0,0,0,0,0,0,0,0,0,0,0,,,,,
T.J. Yeldon,RB,JAX,12,ARI,0,0,0,0,0,10,0,3,5,42,0,6,0,0,0,0,0,0,0,0,0,0,,,,,
T.Y. Hilton,WR,IND,12,TEN,0,0,0,0,0,0,0,0,2,15,0,5,0,0,0,0,0,0,0,0,0,0,,,,,
TB,DEF,TB,12,ATL,,,,,,,,,,,,,,,,,,,,,,,0,0,0,0,34.0
TEN,DEF,TEN,12,IND,,,,,,,,,,,,,,,,,,,,,,,0,0,0,0,16.0
Tanner McEvoy,WR,SEA,12,SF,0,0,0,0,0,0,0,0,2,31,0,2,0,0,0,0,0,0,0,0,0,0,,,,,
Tarik Cohen,RB,CHI,12,PHI,0,0,0,0,0,-11,0,2,2,8,0,2,0,0,0,0,0,0,0,0,0,0,,,,,
Tavarres King,WR,NYG,12,WAS,0,0,0,0,0,0,0,0,2,36,0,4,0,0,0,0,0,0,0,0,0,0,,,,,
Tavon Austin,WR,LA,12,NO,0,0,0,0,0,17,0,5,3,-1,0,4,0,0,0,0,0,0,0,0,0,0,,,,,
Taylor Gabriel,WR,ATL,12,TB,0,0,0,0,0,0,0,0,3,16,0,3,0,0,0,0,0,0,0,0,0,0,,,,,
Taywan Taylor,WR,TEN,12,IND,0,0,0,0,0,0,0,0,1,8,0,2,0,0,0,0,0,0,0,0,0,0,,,,,
Ted Ginn,WR,NO,12,LA,0,0,0,0,0,0,0,0,7,71,0,11,0,0,0,0,0,0,0,0,0,0,,,,,
Terrance Williams,WR,DAL,12,LAC,0,0,0,0,0,6,0,1,4,54,0,5,0,0,0,0,0,0,0,0,0,0,,,,,
Terron Ward,RB,ATL,12,TB,0,0,0,0,0,35,0,7,1,-3,0,1,0,0,0,0,0,0,0,0,0,0,,,,,
Tevin Coleman,RB,ATL,12,TB,0,0,0,0,0,97,2,19,0,0,0,0,0,0,0,0,0,0,0,0,0,0,,,,,
Theo Riddick,RB,DET,12,MIN,0,0,0,0,0,20,0,5,1,10,0,2,0,0,0,0,0,0,0,0,0,0,,,,,
Todd Gurley,RB,LA,12,NO,0,0,0,0,0,74,0,17,4,54,0,7,0,0,0,0,0,0,0,0,0,0,,,,,
Tom Brady,QB,NE,12,MIA,227,4,28,18,1,-4,0,5,0,0,0,0,0,0,0,0,0,0,0,0,0,0,,,,,
Tom Savage,QB,HOU,12,BAL,252,0,37,22,2,0,0,0,0,0,0,0,0,0,0,0,0,0,0,0,0,0,,,,,
Tommylee Lewis,WR,NO,12,LA,0,0,0,0,0,0,0,0,0,0,0,1,0,0,0,0,0,0,0,0,0,0,,,,,
Torrey Smith,WR,PHI,12,CHI,0,0,0,0,0,0,0,0,4,30,0,5,0,0,0,0,0,0,0,0,0,0,,,,,
Travaris Cadet,RB,BUF,12,KC,0,0,0,0,0,28,0,6,3,21,0,3,0,0,0,0,0,0,0,0,0,0,,,,,
Travis Benjamin,WR,LAC,12,DAL,0,0,0,0,0,6,0,1,3,50,0,3,0,0,0,0,0,0,0,0,0,0,,,,,
Travis Kelce,TE,KC,12,BUF,0,0,0,0,0,0,0,0,3,39,0,4,0,0,0,0,0,0,0,0,0,0,,,,,
Travis Rudolph,WR,NYG,12,WAS,0,0,0,0,0,0,0,0,0,0,0,2,0,0,0,0,0,0,0,0,0,0,,,,,
Tre McBride,WR,CHI,12,PHI,0,0,0,0,0,0,0,0,2,20,0,6,0,0,0,0,0,0,0,0,0,0,,,,,
Trent Taylor,WR,SF,12,SEA,0,0,0,0,0,0,0,0,2,35,0,3,0,0,0,0,0,0,0,0,0,0,,,,,
Trevor Davis,WR,GB,12,PIT,0,0,0,0,0,4,0,1,0,0,0,0,0,0,0,0,0,0,0,0,0,0,,,,,
Trevor Siemian,QB,DEN,12,LV,149,2,21,11,0,9,0,2,0,0,0,0,0,0,0,0,0,0,0,0,0,0,,,,,
Trey Edmunds,RB,NO,12,LA,0,0,0,0,0,0,0,0,0,0,0,0,0,0,0,0,0,0,0,0,0,0,,,,,
Troy Niklas,TE,ARI,12,JAX,0,0,0,0,0,0,0,0,2,22,0,2,0,0,0,0,0,0,0,0,0,0,,,,,
Tyler Boyd,WR,CIN,12,CLE,0,0,0,0,0,0,0,0,2,17,1,2,0,0,0,0,0,0,0,0,0,0,,,,,
Tyler Higbee,TE,LA,12,NO,0,0,0,0,0,0,0,0,3,48,0,3,0,0,0,0,0,0,0,0,0,0,,,,,
Tyler Kroft,TE,CIN,12,CLE,0,0,0,0,0,0,0,0,3,14,1,4,0,0,0,0,0,0,0,0,0,0,,,,,
Tyler Lockett,WR,SEA,12,SF,0,0,0,0,0,2,0,1,0,0,0,1,0,0,0,0,0,0,0,0,0,0,,,,,
Tyreek Hill,WR,KC,12,BUF,0,0,0,0,0,13,0,2,7,41,0,11,0,0,0,0,0,0,0,0,0,0,,,,,
Tyrell Williams,WR,LAC,12,DAL,0,0,0,0,0,0,0,0,2,58,1,3,0,0,0,0,0,0,0,0,0,0,,,,,
Tyrod Taylor,QB,BUF,12,KC,183,1,29,19,0,27,0,9,0,0,0,0,0,0,0,0,0,0,0,0,0,0,,,,,
Vernon Davis,TE,WAS,12,NYG,0,0,0,0,0,0,0,0,0,0,0,1,0,0,0,0,0,0,0,0,0,0,,,,,
Vince Mayle,TE,BAL,12,HOU,0,0,0,0,0,0,0,0,0,0,0,0,0,0,0,0,0,0,0,0,0,0,,,,,
Virgil Green,TE,DEN,12,LV,0,0,0,0,0,0,0,0,1,16,0,3,0,0,0,0,0,0,0,0,0,0,,,,,
WAS,DEF,WAS,12,NYG,,,,,,,,,,,,,,,,,,,,,,,0,0,0,0,10.0
Wayne Gallman,RB,NYG,12,WAS,0,0,0,0,0,37,0,9,2,6,0,2,0,0,0,0,0,0,0,0,0,0,,,,,
Wil Lutz,K,NO,12,LA,0,0,0,0,0,0,0,0,0,0,0,0,0,0,0,0,1,0,0,1,0,2,,,,,
Willie Snead,WR,NO,12,LA,0,0,0,0,0,0,0,0,1,9,0,1,0,0,0,0,0,0,0,0,0,0,,,,,
Xavier Grimble,TE,PIT,12,GB,0,0,0,0,0,0,0,0,1,1,1,1,0,0,0,0,0,0,0,0,0,0,,,,,
Zach Ertz,TE,PHI,12,CHI,0,0,0,0,0,0,0,0,10,103,1,12,0,0,0,0,0,0,0,0,0,0,,,,,
Zach Zenner,RB,DET,12,MIN,0,0,0,0,0,6,0,1,0,0,0,0,0,0,0,0,0,0,0,0,0,0,,,,,
Zane Gonzalez,K,CLE,12,CIN,0,0,0,0,0,0,0,0,0,0,0,0,0,0,0,0,2,1,0,0,0,1,,,,,
Zay Jones,WR,BUF,12,KC,0,0,0,0,0,0,0,0,3,33,1,10,0,0,0,0,0,0,0,0,0,0,,,,,
A.J. Green,WR,CIN,13,PIT,0,0,0,0,0,0,0,0,7,77,2,16,0,0,0,0,0,0,0,0,0,0,,,,,
ARI,DEF,ARI,13,LA,,,,,,,,,,,,,,,,,,,,,,,0,0,0,0,32.0
ATL,DEF,ATL,13,MIN,,,,,,,,,,,,,,,,,,,,,,,0,0,0,0,14.0
Aaron Jones,RB,GB,13,TB,0,0,0,0,0,20,1,1,0,0,0,0,0,0,0,0,0,0,0,0,0,0,,,,,
Adam Humphries,WR,TB,13,GB,0,0,0,0,0,0,0,0,4,33,0,4,0,0,0,0,0,0,0,0,0,0,,,,,
Adam Thielen,WR,MIN,13,ATL,0,0,0,0,0,0,0,0,4,51,0,5,0,0,0,0,0,0,0,0,0,0,,,,,
Adam Vinatieri,K,IND,13,JAX,0,0,0,0,0,0,0,0,0,0,0,0,0,0,0,0,1,0,0,0,0,1,,,,,
Akeem Hunt,RB,KC,13,NYJ,0,0,0,0,0,2,0,1,1,20,0,1,0,0,0,0,0,0,0,0,0,0,,,,,
Alan Cross,TE,TB,13,GB,0,0,0,0,0,0,0,0,1,13,0,1,0,0,0,0,0,0,0,0,0,0,,,,,
Albert Wilson,WR,KC,13,NYJ,0,0,0,0,0,0,0,0,3,27,0,5,0,0,0,0,0,0,0,0,0,0,,,,,
Aldrick Rosas,K,NYG,13,LV,0,0,0,0,0,0,0,0,0,0,0,0,0,0,0,0,0,0,0,1,0,2,,,,,
Alex Collins,RB,BAL,13,DET,0,0,0,0,0,75,2,15,2,23,0,2,0,0,0,0,0,0,0,0,0,0,,,,,
Alex Erickson,WR,CIN,13,PIT,0,0,0,0,0,0,0,0,0,0,0,0,0,0,0,0,0,0,0,0,0,0,,,,,
Alex Smith,QB,KC,13,NYJ,366,4,33,19,0,70,0,1,0,0,0,0,0,0,0,0,0,0,0,0,0,0,,,,,
Alfred Blue,RB,HOU,13,TEN,0,0,0,0,0,2,0,4,1,7,0,1,0,0,0,0,0,0,0,0,0,0,,,,,
Alfred Morris,RB,DAL,13,WAS,0,0,0,0,0,127,1,27,0,0,0,1,0,0,0,0,0,0,0,0,0,0,,,,,
Alshon Jeffery,WR,PHI,13,SEA,0,0,0,0,0,0,0,0,4,61,0,6,0,0,0,0,0,0,0,0,0,0,,,,,
Alvin Kamara,RB,NO,13,CAR,0,0,0,0,0,60,2,9,5,66,0,6,0,0,0,0,0,0,0,0,0,0,,,,,
Andre Ellington,RB,HOU,13,TEN,0,0,0,0,0,-4,0,2,5,56,0,6,0,0,0,0,0,0,0,0,0,0,,,,,
Andre Holmes,WR,BUF,13,NE,0,0,0,0,0,0,0,0,0,0,0,1,0,0,0,0,0,0,0,0,0,0,,,,,
Andre Roberts,WR,ATL,13,MIN,0,0,0,0,0,0,0,0,0,0,0,0,0,0,0,0,0,0,0,0,0,0,,,,,
Andy Dalton,QB,CIN,13,PIT,234,2,36,21,0,19,0,2,0,0,0,0,0,0,0,0,0,0,0,0,0,0,,,,,
Anthony Fasano,TE,MIA,13,DEN,0,0,0,0,0,0,0,0,1,29,0,1,0,0,0,0,0,0,0,0,0,0,,,,,
Antonio Brown,WR,PIT,13,CIN,0,0,0,0,0,0,0,0,8,101,1,16,0,0,0,0,0,0,0,0,0,0,,,,,
Antonio Gates,TE,LAC,13,CLE,0,0,0,0,0,0,0,0,3,32,0,4,0,0,0,0,0,0,0,0,0,0,,,,,
Antony Auclair,TE,TB,13,GB,0,0,0,0,0,0,0,0,1,11,0,1,0,0,0,0,0,0,0,0,0,0,,,,,
ArDarius Stewart,WR,NYJ,13,KC,0,0,0,0,0,5,0,3,0,0,0,0,0,0,0,0,0,0,0,0,0,0,,,,,
Austin Ekeler,RB,LAC,13,CLE,0,0,0,0,0,19,0,4,2,21,0,3,0,0,0,0,0,0,0,0,0,0,,,,,
Austin Hooper,TE,ATL,13,MIN,0,0,0,0,0,0,0,0,3,21,0,4,0,0,0,0,0,0,0,0,0,0,,,,,
Austin Seferian-Jenkins,TE,NYJ,13,KC,0,0,0,0,0,0,0,0,2,7,0,3,0,0,0,0,0,0,0,0,0,0,,,,,
Austin Traylor,TE,DEN,13,MIA,0,0,0,0,0,0,0,0,2,16,0,2,0,0,0,0,0,0,0,0,0,0,,,,,
BAL,DEF,BAL,13,DET,,,,,,,,,,,,,,,,,,,,,,,1,0,0,0,20.0
BUF,DEF,BUF,13,NE,,,,,,,,,,,,,,,,,,,,,,,0,0,0,0,23.0
Ben Braunecker,TE,CHI,13,SF,0,0,0,0,0,0,0,0,0,0,0,0,0,0,0,0,0,0,0,0,0,0,,,,,
Ben Roethlisberger,QB,PIT,13,CIN,290,2,40,24,1,4,0,1,0,0,0,0,0,0,0,0,0,0,0,0,0,0,,,,,
Benjamin Watson,TE,BAL,13,DET,0,0,0,0,0,0,0,0,3,24,1,5,0,0,0,0,0,0,0,0,0,0,,,,,
Bennie Fowler,WR,DEN,13,MIA,0,0,0,0,0,0,0,0,1,23,0,4,0,0,0,0,0,0,0,0,0,0,,,,,
Benny Cunningham,RB,CHI,13,SF,0,0,0,0,0,0,0,0,0,0,0,0,0,0,0,0,0,0,0,0,0,0,,,,,
Bernard Reedy,WR,NE,13,BUF,0,0,0,0,0,0,0,0,0,0,0,0,0,0,0,0,0,0,0,0,0,0,,,,,
Bilal Powell,RB,NYJ,13,KC,0,0,0,0,0,48,1,18,2,2,0,3,0,0,0,0,0,0,0,0,0,0,,,,,
Blaine Gabbert,QB,ARI,13,LA,221,1,32,18,2,12,0,3,0,0,0,0,0,0,0,0,0,0,0,0,0,0,,,,,
Blair Walsh,K,SEA,13,PHI,0,0,0,0,0,0,0,0,0,0,0,0,0,0,0,0,0,0,1,0,0,3,,,,,
Blake Bortles,QB,JAX,13,IND,309,2,35,26,0,27,0,3,0,0,0,0,0,0,1,0,0,0,0,0,0,0,,,,,
Bobo Wilson,WR,TB,13,GB,0,0,0,0,0,4,0,1,0,0,0,0,0,0,0,0,0,0,0,0,0,0,,,,,
Brandin Cooks,WR,NE,13,BUF,0,0,0,0,0,5,0,1,2,17,0,3,0,0,0,0,0,0,0,0,0,0,,,,,
Brandon Coleman,WR,NO,13,CAR,0,0,0,0,0,0,0,0,2,28,0,2,0,0,0,0,0,0,0,0,0,0,,,,,
Brandon LaFell,WR,CIN,13,PIT,0,0,0,0,0,0,0,0,4,55,0,7,0,0,0,0,0,0,0,0,0,0,,,,,
Brandon McManus,K,DEN,13,MIA,0,0,0,0,0,0,0,0,0,0,0,0,0,0,0,0,0,1,0,0,0,0,,,,,
Brandon Tate,WR,BUF,13,NE,0,0,0,0,0,0,0,0,0,0,0,0,0,0,0,0,0,0,0,0,0,0,,,,,
Brandon Williams,TE,IND,13,JAX,0,0,0,0,0,0,0,0,2,11,0,2,0,0,0,0,0,0,0,0,0,0,,,,,
Braxton Miller,WR,HOU,13,TEN,0,0,0,0,0,0,0,0,4,71,0,4,0,0,0,0,0,0,0,0,0,0,,,,,
Brendan Langley,WR,DEN,13,MIA,0,0,0,0,0,0,0,0,0,0,0,0,0,0,0,0,0,0,0,0,0,0,,,,,
Brent Celek,TE,PHI,13,SEA,0,0,0,0,0,0,0,0,0,0,0,0,0,0,0,0,0,0,0,0,0,0,,,,,
Brenton Bersin,WR,CAR,13,NO,0,0,0,0,0,0,0,0,1,18,0,2,0,0,0,0,0,0,0,0,0,0,,,,,
Brett Hundley,QB,GB,13,TB,84,0,22,13,1,66,0,7,0,0,0,0,0,0,0,0,0,0,0,0,0,0,,,,,
Brian Hoyer,QB,NE,13,BUF,0,0,0,0,0,-2,0,2,0,0,0,0,0,0,0,0,0,0,0,0,0,0,,,,,
Brice Butler,WR,DAL,13,WAS,0,0,0,0,0,0,0,0,0,0,0,1,0,0,0,0,0,0,0,0,0,0,,,,,
Brittan Golden,WR,ARI,13,LA,0,0,0,0,0,0,0,0,0,0,0,0,0,0,0,0,0,0,0,0,0,0,,,,,
Bruce Ellington,WR,HOU,13,TEN,0,0,0,0,0,0,0,0,1,7,0,2,0,0,0,0,0,0,0,0,0,0,,,,,
Byron Marshall,RB,WAS,13,DAL,0,0,0,0,0,12,0,4,5,24,0,6,0,0,0,0,0,0,0,0,0,0,,,,,
C.J. Anderson,RB,DEN,13,MIA,0,0,0,0,0,67,0,15,4,43,0,7,0,0,0,0,0,0,0,0,0,0,,,,,
C.J. Fiedorowicz,TE,HOU,13,TEN,0,0,0,0,0,0,0,0,2,16,0,3,0,0,0,0,0,0,0,0,0,0,,,,,
C.J. Uzomah,TE,CIN,13,PIT,0,0,0,0,0,0,0,0,1,21,0,1,0,0,0,0,0,0,0,0,0,0,,,,,
CAR,DEF,CAR,13,NO,,,,,,,,,,,,,,,,,,,,,,,0,0,0,0,31.0
CHI,DEF,CHI,13,SF,,,,,,,,,,,,,,,,,,,,,,,0,0,0,0,15.0
CIN,DEF,CIN,13,PIT,,,,,,,,,,,,,,,,,,,,,,,0,0,0,0,23.0
CLE,DEF,CLE,13,LAC,,,,,,,,,,,,,,,,,,,,,,,0,0,0,0,19.0
Cairo Santos,K,CHI,13,SF,0,0,0,0,0,0,0,0,0,0,0,0,0,0,0,0,0,0,0,0,0,2,,,,,
Cam Newton,QB,CAR,13,NO,183,2,27,17,0,51,0,6,0,0,0,0,0,0,0,0,0,0,0,0,0,0,,,,,
Cameron Brate,TE,TB,13,GB,0,0,0,0,0,0,0,0,2,39,2,6,0,0,0,0,0,0,0,0,0,0,,,,,
Carlos Hyde,RB,SF,13,CHI,0,0,0,0,0,54,0,17,3,12,0,5,0,0,0,0,0,0,0,0,0,0,,,,,
Carson Wentz,QB,PHI,13,SEA,348,1,45,29,1,30,0,6,0,0,0,0,0,0,0,0,0,0,0,0,0,0,,,,,
Case Keenum,QB,MIN,13,ATL,227,2,30,25,0,-1,0,4,0,0,0,0,0,0,0,0,0,0,0,0,0,0,,,,,
Cethan Carter,TE,CIN,13,PIT,0,0,0,0,0,0,0,0,0,0,0,0,0,0,0,0,0,0,0,0,0,0,,,,,
Chad Hansen,WR,NYJ,13,KC,0,0,0,0,0,0,0,0,2,25,0,3,0,0,0,0,0,0,0,0,0,0,,,,,
Chad Williams,WR,ARI,13,LA,0,0,0,0,0,0,0,0,0,0,0,1,0,0,0,0,0,0,0,0,0,0,,,,,
Chandler Catanzaro,K,NYJ,13,KC,0,0,0,0,0,0,0,0,0,0,0,0,0,0,0,0,1,1,1,0,0,3,,,,,
Charles Clay,TE,BUF,13,NE,0,0,0,0,0,0,0,0,3,20,0,3,0,0,0,0,0,0,0,0,0,0,,,,,
Charles Sims,RB,TB,13,GB,0,0,0,0,0,16,0,3,2,35,0,2,0,0,0,0,0,0,0,0,0,0,,,,,
Chester Rogers,WR,IND,13,JAX,0,0,0,0,0,-2,0,1,4,35,0,6,0,0,0,0,0,0,0,0,0,0,,,,,
Chris Boswell,K,PIT,13,CIN,0,0,0,0,0,0,0,0,0,0,0,0,0,0,0,0,0,3,0,0,0,2,,,,,
Chris Godwin Jr.,WR,TB,13,GB,0,0,0,0,0,0,0,0,2,24,0,3,0,0,0,0,0,0,0,0,0,0,,,,,
Chris Ivory,RB,JAX,13,IND,0,0,0,0,0,12,0,4,1,3,0,1,0,0,0,0,0,0,0,0,0,0,,,,,
Chris Manhertz,TE,CAR,13,NO,0,0,0,0,0,0,0,0,0,0,0,1,0,0,0,0,0,0,0,0,0,0,,,,,
Chris Moore,WR,BAL,13,DET,0,0,0,0,0,-4,0,1,3,32,0,4,0,0,0,0,0,0,0,0,0,0,,,,,
Chris Thompson,WR,HOU,13,TEN,0,0,0,0,0,0,0,0,1,11,0,2,0,0,0,0,0,0,0,0,0,0,,,,,
Christian McCaffrey,RB,CAR,13,NO,0,0,0,0,0,16,0,6,5,33,1,6,0,0,0,0,0,0,0,0,0,0,,,,,
Clive Walford,TE,LV,13,NYG,0,0,0,0,0,0,0,0,4,57,0,4,0,0,0,0,0,0,0,0,0,0,,,,,
Cody Core,WR,CIN,13,PIT,0,0,0,0,0,0,0,0,0,0,0,0,0,0,0,0,0,0,0,0,0,0,,,,,
Cody Latimer,WR,DEN,13,MIA,0,0,0,0,0,0,0,0,1,5,0,3,0,0,0,0,0,0,0,0,0,0,,,,,
Cody Parkey,K,MIA,13,DEN,0,0,0,0,0,0,0,0,0,0,0,0,0,0,0,0,0,1,0,0,0,4,,,,,
Cole Beasley,WR,DAL,13,WAS,0,0,0,0,0,0,0,0,2,14,0,3,0,0,0,0,0,0,0,0,0,0,,,,,
Cooper Kupp,WR,LA,13,ARI,0,0,0,0,0,0,0,0,5,68,0,6,0,0,0,0,0,0,0,0,0,0,,,,,
Cordarrelle Patterson,RB,LV,13,NYG,0,0,0,0,0,1,0,2,4,97,0,4,0,0,0,0,0,0,0,0,0,0,,,,,
Corey Clement,RB,PHI,13,SEA,0,0,0,0,0,7,0,3,3,30,0,3,0,0,0,0,0,0,0,0,0,0,,,,,
Corey Coleman,WR,CLE,13,LAC,0,0,0,0,0,0,0,0,0,0,0,4,0,0,0,0,0,0,0,0,0,0,,,,,
Corey Davis,WR,TEN,13,HOU,0,0,0,0,0,0,0,0,2,12,0,4,0,0,0,0,0,0,0,0,0,0,,,,,
Corey Grant,RB,JAX,13,IND,0,0,0,0,0,0,0,0,0,0,0,0,0,0,0,0,0,0,0,0,0,0,,,,,
D.J. Foster,RB,ARI,13,LA,0,0,0,0,0,5,0,2,2,20,0,5,0,0,0,0,0,0,0,0,0,0,,,,,
DAL,DEF,DAL,13,WAS,,,,,,,,,,,,,,,,,,,,,,,0,0,0,0,14.0
DEN,DEF,DEN,13,MIA,,,,,,,,,,,,,,,,,,,,,,,1,0,0,0,35.0
DET,DEF,DET,13,BAL,,,,,,,,,,,,,,,,,,,,,,,0,0,0,0,44.0
Dak Prescott,QB,DAL,13,WAS,102,2,22,11,0,28,0,5,0,0,0,0,0,0,0,0,0,0,0,0,0,0,,,,,
Damiere Byrd,WR,CAR,13,NO,0,0,0,0,0,0,0,0,1,12,0,2,0,0,0,0,0,0,0,0,0,0,,,,,
Dan Bailey,K,DAL,13,WAS,0,0,0,0,0,0,0,0,0,0,0,0,0,0,0,0,1,0,0,0,0,5,,,,,
Daniel Brown,TE,CHI,13,SF,0,0,0,0,0,0,0,0,1,13,0,1,0,0,0,0,0,0,0,0,0,0,,,,,
Danny Amendola,WR,NE,13,BUF,0,0,0,0,0,0,0,0,2,34,0,4,0,0,0,0,0,0,0,0,0,0,,,,,
Danny Vitale,RB,CLE,13,LAC,0,0,0,0,0,0,0,0,0,0,0,0,0,0,0,0,0,0,0,0,0,0,,,,,
Danny Woodhead,RB,BAL,13,DET,0,0,0,0,0,9,0,3,2,14,0,2,0,0,0,0,0,0,0,0,0,0,,,,,
Darren Fells,TE,DET,13,BAL,0,0,0,0,0,0,0,0,2,10,0,2,0,0,0,0,0,0,0,0,0,0,,,,,
Darrius Heyward-Bey,WR,PIT,13,CIN,0,0,0,0,0,0,0,0,0,0,0,0,0,0,0,0,0,0,0,0,0,0,,,,,
Davante Adams,WR,GB,13,TB,0,0,0,0,0,0,0,0,4,42,0,6,0,0,0,0,0,0,0,0,0,0,,,,,
David Fales,QB,MIA,13,DEN,0,0,1,0,0,0,0,0,0,0,0,0,0,0,0,0,0,0,0,0,0,0,,,,,
David Njoku,TE,CLE,13,LAC,0,0,0,0,0,0,0,0,4,74,1,6,0,0,0,0,0,0,0,0,0,0,,,,,
De'Anthony Thomas,WR,KC,13,NYJ,0,0,0,0,0,0,0,0,0,0,0,0,0,0,0,0,0,0,0,0,0,0,,,,,
DeAndre Hopkins,WR,HOU,13,TEN,0,0,0,0,0,0,0,0,8,80,0,14,0,0,0,0,0,0,0,0,0,0,,,,,
DeAndre Washington,RB,LV,13,NYG,0,0,0,0,0,16,1,6,0,0,0,0,0,0,0,0,0,0,0,0,0,0,,,,,
DeMarco Murray,RB,TEN,13,HOU,0,0,0,0,0,66,0,11,2,13,0,2,0,0,0,0,0,0,0,0,0,0,,,,,
DeSean Jackson,WR,TB,13,GB,0,0,0,0,0,0,0,0,2,24,0,3,0,0,0,0,0,0,0,0,0,0,,,,,
DeShone Kizer,QB,CLE,13,LAC,215,1,32,15,1,46,0,5,0,0,0,0,0,0,0,0,0,0,0,0,0,0,,,,,
DeVante Parker,WR,MIA,13,DEN,0,0,0,0,0,0,0,0,1,5,0,4,0,0,0,0,0,0,0,0,0,0,,,,,
Dede Westbrook,WR,JAX,13,IND,0,0,0,0,0,0,0,0,6,78,0,9,0,0,0,0,0,0,0,0,0,0,,,,,
Delanie Walker,TE,TEN,13,HOU,0,0,0,0,0,0,0,0,5,63,1,5,0,0,0,0,0,0,0,0,0,0,,,,,
Demarcus Robinson,WR,KC,13,NYJ,0,0,0,0,0,0,0,0,2,17,0,3,0,0,0,0,0,0,0,0,0,0,,,,,
Demaryius Thomas,WR,DEN,13,MIA,0,0,0,0,0,0,0,0,2,27,0,10,0,0,0,0,0,0,0,0,0,0,,,,,
Deonte Thompson,WR,BUF,13,NE,0,0,0,0,0,0,0,0,2,21,0,8,0,0,0,0,0,0,0,0,0,0,,,,,
Derek Carr,QB,LV,13,NYG,287,1,36,22,0,-1,0,1,0,0,0,0,0,0,0,0,0,0,0,0,0,0,,,,,
Derek Carrier,TE,LA,13,ARI,0,0,0,0,0,0,0,0,1,14,0,1,0,0,0,0,0,0,0,0,0,0,,,,,
Derrick Henry,RB,TEN,13,HOU,0,0,0,0,0,109,1,11,0,0,0,0,0,0,0,0,0,0,0,0,0,0,,,,,
Devin Funchess,WR,CAR,13,NO,0,0,0,0,0,0,0,0,4,60,1,7,0,0,0,0,0,0,0,0,0,0,,,,,
Devonta Freeman,RB,ATL,13,MIN,0,0,0,0,0,74,0,12,1,7,0,2,0,0,0,0,0,0,0,0,0,0,,,,,
Devontae Booker,RB,DEN,13,MIA,0,0,0,0,0,8,0,2,1,0,0,1,0,0,0,0,0,0,0,0,0,0,,,,,
Dez Bryant,WR,DAL,13,WAS,0,0,0,0,0,0,0,0,5,61,1,7,0,0,0,0,0,0,0,0,0,0,,,,,
Dion Lewis,RB,NE,13,BUF,0,0,0,0,0,92,0,15,0,0,0,0,0,0,0,0,0,0,0,0,0,0,,,,,
Dion Sims,TE,CHI,13,SF,0,0,0,0,0,0,0,0,1,5,0,2,0,0,0,0,0,0,0,0,0,0,,,,,
Donte Moncrief,WR,IND,13,JAX,0,0,0,0,0,0,0,0,5,37,0,8,0,0,0,0,0,0,0,0,0,0,,,,,
Dontrelle Inman,WR,CHI,13,SF,0,0,0,0,0,0,0,0,2,21,1,2,0,0,0,0,0,0,0,0,0,0,,,,,
Doug Baldwin,WR,SEA,13,PHI,0,0,0,0,0,0,0,0,5,84,0,7,0,0,0,0,0,0,0,0,0,0,,,,,
Drew Brees,QB,NO,13,CAR,269,1,34,25,0,-3,0,4,0,0,0,0,0,0,0,0,0,0,0,0,0,0,,,,,
Duke Johnson,RB,CLE,13,LAC,0,0,0,0,0,2,0,7,2,10,0,4,0,0,0,0,0,0,0,0,0,0,,,,,
Dwayne Allen,TE,NE,13,BUF,0,0,0,0,0,0,0,0,1,3,0,1,0,0,0,0,0,0,0,0,0,0,,,,,
Ed Dickson,TE,CAR,13,NO,0,0,0,0,0,0,0,0,2,18,0,2,0,0,0,0,0,0,0,0,0,0,,,,,
Eddie Lacy,RB,SEA,13,PHI,0,0,0,0,0,3,0,1,0,0,0,0,0,0,0,0,0,0,0,0,0,0,,,,,
Eli Rogers,WR,PIT,13,CIN,0,0,0,0,0,0,0,0,1,4,0,2,0,0,0,0,0,0,0,0,0,0,,,,,
Elijah McGuire,RB,NYJ,13,KC,0,0,0,0,0,20,0,5,0,0,0,0,0,0,1,0,0,0,0,0,0,0,,,,,
Emmanuel Sanders,WR,DEN,13,MIA,0,0,0,0,0,0,0,0,2,11,0,7,0,0,0,0,0,0,0,0,0,0,,,,,
Eric Decker,WR,TEN,13,HOU,0,0,0,0,0,0,0,0,3,27,0,6,0,0,0,0,0,0,0,0,0,0,,,,,
Eric Ebron,TE,DET,13,BAL,0,0,0,0,0,0,0,0,4,38,0,4,0,0,0,0,0,0,0,0,0,0,,,,,
Eric Weems,WR,TEN,13,HOU,0,0,0,0,0,0,0,0,0,0,0,0,0,0,0,0,0,0,0,0,0,0,,,,,
Evan Engram,TE,NYG,13,LV,0,0,0,0,0,0,0,0,7,99,1,8,0,0,0,0,0,0,0,0,0,0,,,,,
Fozzy Whittaker,RB,CAR,13,NO,0,0,0,0,0,0,0,0,0,0,0,0,0,0,0,0,0,0,0,0,0,0,,,,,
Frank Gore,RB,IND,13,JAX,0,0,0,0,0,61,0,13,0,0,0,0,0,0,0,0,0,0,0,0,0,0,,,,,
Freddie Martino,WR,TB,13,GB,0,0,0,0,0,0,0,0,0,0,0,0,0,0,0,0,0,0,0,0,0,0,,,,,
GB,DEF,GB,13,TB,,,,,,,,,,,,,,,,,,,,,,,0,0,0,0,20.0
Garrett Celek,TE,SF,13,CHI,0,0,0,0,0,0,0,0,2,30,0,4,0,0,0,0,0,0,0,0,0,0,,,,,
Geno Smith,QB,NYG,13,LV,212,1,34,21,0,13,0,3,0,0,0,0,0,0,0,0,0,0,0,0,0,0,,,,,
George Kittle,TE,SF,13,CHI,0,0,0,0,0,0,0,0,2,20,0,3,0,0,0,0,0,0,0,0,0,0,,,,,
Gerald Everett,TE,LA,13,ARI,0,0,0,0,0,0,0,0,2,7,1,4,0,0,0,0,0,0,0,0,0,0,,,,,
Geronimo Allison,WR,GB,13,TB,0,0,0,0,0,0,0,0,0,0,0,1,0,0,0,0,0,0,0,0,0,0,,,,,
Giorgio Tavecchio,K,LV,13,NYG,0,0,0,0,0,0,0,0,0,0,0,0,0,0,0,0,0,1,0,0,0,3,,,,,
Giovani Bernard,RB,CIN,13,PIT,0,0,0,0,0,77,0,13,2,19,0,3,0,0,0,0,0,0,0,0,0,0,,,,,
Golden Tate,WR,DET,13,BAL,0,0,0,0,0,0,0,0,8,69,0,10,0,0,0,0,0,0,0,0,0,0,,,,,
Graham Gano,K,CAR,13,NO,0,0,0,0,0,0,0,0,0,0,0,0,0,0,0,0,0,0,0,0,0,3,,,,,
Greg Zuerlein,K,LA,13,ARI,0,0,0,0,0,0,0,0,0,0,0,0,0,0,0,0,2,0,1,1,0,2,,,,,
HOU,DEF,HOU,13,TEN,,,,,,,,,,,,,,,,,,,,,,,0,0,0,0,24.0
Harrison Butker,K,KC,13,NYJ,0,0,0,0,0,0,0,0,0,0,0,0,0,0,0,0,0,1,0,0,0,4,,,,,
Hunter Henry,TE,LAC,13,CLE,0,0,0,0,0,0,0,0,7,81,0,9,0,0,0,0,0,0,0,0,0,0,,,,,
IND,DEF,IND,13,JAX,,,,,,,,,,,,,,,,,,,,,,,0,0,0,0,30.0
Isaac Whitney,WR,LV,13,NYG,0,0,0,0,0,0,0,0,0,0,0,1,0,0,0,0,0,0,0,0,0,0,,,,,
Isaiah Crowell,RB,CLE,13,LAC,0,0,0,0,0,41,0,10,1,3,0,1,0,0,0,0,0,0,0,0,0,0,,,,,
Isaiah McKenzie,WR,DEN,13,MIA,0,0,0,0,0,0,0,0,0,0,0,0,0,0,0,0,0,0,0,0,0,0,,,,,
J.D. McKissic,RB,SEA,13,PHI,0,0,0,0,0,-1,0,1,1,15,1,3,0,0,0,0,0,0,0,0,0,0,,,,,
J.J. Nelson,WR,ARI,13,LA,0,0,0,0,0,0,0,0,2,42,0,8,0,0,0,0,0,0,0,0,0,0,,,,,
JAX,DEF,JAX,13,IND,,,,,,,,,,,,,,,,,,,,,,,0,0,0,0,10.0
Jack Doyle,TE,IND,13,JAX,0,0,0,0,0,0,0,0,3,16,0,5,0,0,0,0,0,0,0,0,0,0,,,,,
Jacob Hollister,TE,NE,13,BUF,0,0,0,0,0,0,0,0,0,0,0,1,0,0,0,0,0,0,0,0,0,0,,,,,
Jacoby Brissett,QB,IND,13,JAX,174,1,36,21,2,36,0,6,0,0,0,0,0,0,0,0,0,0,0,0,0,0,,,,,
Jacquizz Rodgers,RB,TB,13,GB,0,0,0,0,0,25,0,3,0,0,0,0,0,0,0,0,0,0,0,0,0,0,,,,,
Jake Elliott,K,PHI,13,SEA,0,0,0,0,0,0,0,0,0,0,0,0,0,0,0,0,1,0,0,0,0,1,,,,,
Jake Rudock,QB,DET,13,BAL,24,0,5,3,1,0,0,0,0,0,0,0,0,0,0,0,0,0,0,0,0,0,,,,,
Jakeem Grant,WR,MIA,13,DEN,0,0,0,0,0,2,0,1,0,0,0,0,0,0,0,0,0,0,0,0,0,0,,,,,
Jalen Richard,RB,LV,13,NYG,0,0,0,0,0,4,0,1,1,5,0,3,0,0,0,0,0,0,0,0,0,0,,,,,
Jamaal Charles,RB,DEN,13,MIA,0,0,0,0,0,12,0,3,5,39,0,5,0,0,0,0,0,0,0,0,0,0,,,,,
Jamaal Williams,RB,GB,13,TB,0,0,0,0,0,113,1,21,2,10,0,3,0,0,0,0,0,0,0,0,0,0,,,,,
Jameis Winston,QB,TB,13,GB,270,2,32,21,0,18,0,5,0,0,0,0,0,0,0,0,0,0,0,0,0,0,,,,,
James Conner,RB,PIT,13,CIN,0,0,0,0,0,12,0,3,0,0,0,0,0,0,0,0,0,0,0,0,0,0,,,,,
James O'Shaughnessy,TE,JAX,13,IND,0,0,0,0,0,0,0,0,1,29,0,1,0,0,0,0,0,0,0,0,0,0,,,,,
James White,RB,NE,13,BUF,0,0,0,0,0,18,0,5,4,32,0,6,0,0,0,0,0,0,0,0,0,0,,,,,
Jamison Crowder,WR,WAS,13,DAL,0,0,0,0,0,0,0,0,5,67,0,7,0,0,0,0,0,0,0,0,0,0,,,,,
Jamize Olawale,RB,LV,13,NYG,0,0,0,0,0,9,0,1,2,14,0,2,0,0,0,0,0,0,0,0,0,0,,,,,
Jared Cook,TE,LV,13,NYG,0,0,0,0,0,0,0,0,1,9,0,5,0,0,0,0,0,0,0,0,0,0,,,,,
Jared Goff,QB,LA,13,ARI,220,2,31,21,1,2,0,1,0,0,0,0,0,0,0,0,0,0,0,0,0,0,,,,,
Jarius Wright,WR,MIN,13,ATL,0,0,0,0,0,0,0,0,3,18,0,3,0,0,0,0,0,0,0,0,0,0,,,,,
Jaron Brown,WR,ARI,13,LA,0,0,0,0,0,0,0,0,0,0,0,0,0,0,0,0,0,0,0,0,0,0,,,,,
Jarvis Landry,WR,MIA,13,DEN,0,0,0,0,0,0,0,0,5,62,0,6,0,0,0,0,0,0,0,0,0,0,,,,,
Jason Vander Laan,TE,IND,13,JAX,0,0,0,0,0,0,0,0,0,0,0,0,0,0,0,0,0,0,0,0,0,0,,,,,
Jason Witten,TE,DAL,13,WAS,0,0,0,0,0,0,0,0,1,8,1,5,0,0,0,0,0,0,0,0,0,0,,,,,
Javorius Allen,RB,BAL,13,DET,0,0,0,0,0,22,0,7,1,4,0,1,0,0,0,0,0,0,0,0,0,0,,,,,
Jay Ajayi,RB,PHI,13,SEA,0,0,0,0,0,35,0,9,3,11,0,4,0,0,0,0,0,0,0,0,0,0,,,,,
Jay Cutler,QB,MIA,13,DEN,235,2,31,18,2,1,0,1,0,0,0,0,0,0,0,0,0,0,0,0,0,0,,,,,
Jaydon Mickens,WR,JAX,13,IND,0,0,0,0,0,0,0,0,0,0,0,0,0,0,0,0,0,0,0,0,0,0,,,,,
Jeff Janis,WR,GB,13,TB,0,0,0,0,0,0,0,0,0,0,0,0,0,0,0,0,0,0,0,0,0,0,,,,,
Jeremy Maclin,WR,BAL,13,DET,0,0,0,0,0,0,0,0,4,41,0,8,0,0,0,0,0,0,0,0,0,0,,,,,
Jerick McKinnon,RB,MIN,13,ATL,0,0,0,0,0,24,0,9,5,28,1,5,0,0,0,0,0,0,0,0,0,0,,,,,
Jermaine Gresham,TE,ARI,13,LA,0,0,0,0,0,0,0,0,2,17,0,3,0,0,0,0,0,0,0,0,0,0,,,,,
Jermaine Kearse,WR,NYJ,13,KC,0,0,0,0,0,0,0,0,9,157,0,10,0,0,0,0,0,0,0,0,0,0,,,,,
Jesse James,TE,PIT,13,CIN,0,0,0,0,0,0,0,0,1,13,0,1,0,0,0,0,0,0,0,0,0,0,,,,,
Jimmy Garoppolo,QB,SF,13,CHI,293,0,37,26,1,8,0,4,0,0,0,0,0,0,0,0,0,0,0,0,0,0,,,,,
Jimmy Graham,TE,SEA,13,PHI,0,0,0,0,0,0,0,0,3,26,1,4,0,0,0,0,0,0,0,0,0,0,,,,,
JoJo Natson,WR,NYJ,13,KC,0,0,0,0,0,0,0,0,0,0,0,0,0,0,0,0,0,0,0,0,0,0,,,,,
Joe Flacco,QB,BAL,13,DET,269,2,36,23,0,-1,0,1,0,0,0,0,0,0,0,0,0,0,0,0,0,0,,,,,
Joe Mixon,RB,CIN,13,PIT,0,0,0,0,0,34,0,7,1,8,0,1,0,0,0,0,0,0,0,0,0,0,,,,,
Joe Webb,QB,BUF,13,NE,0,0,1,0,0,27,0,3,0,0,0,0,0,0,0,0,0,0,0,0,0,0,,,,,
Johnny Holton,WR,LV,13,NYG,0,0,0,0,0,0,0,0,3,39,1,7,0,0,0,0,0,0,0,0,0,0,,,,,
Jonathan Stewart,RB,CAR,13,NO,0,0,0,0,0,45,1,11,0,0,0,1,0,0,0,0,0,0,0,0,0,0,,,,,
Jonnu Smith,TE,TEN,13,HOU,0,0,0,0,0,0,0,0,0,0,0,1,0,0,0,0,0,0,0,0,0,0,,,,,
Jordan Howard,RB,CHI,13,SF,0,0,0,0,0,38,0,13,1,-5,0,2,0,0,0,0,0,0,0,0,0,0,,,,,
Jordan Matthews,TE,BUF,13,NE,0,0,0,0,0,0,0,0,1,14,0,3,0,0,0,0,0,0,0,0,0,0,,,,,
Jordan Todman,RB,HOU,13,TEN,0,0,0,0,0,0,0,0,0,0,0,0,0,0,0,0,0,0,0,0,0,0,,,,,
Jordy Nelson,WR,GB,13,TB,0,0,0,0,0,0,0,0,5,17,0,8,0,0,0,0,0,0,0,0,0,0,,,,,
Josh Bellamy,WR,CHI,13,SF,0,0,0,0,0,0,0,0,1,4,0,2,0,0,0,0,0,0,0,0,0,0,,,,,
Josh Doctson,WR,WAS,13,DAL,0,0,0,0,0,0,0,0,3,26,1,5,0,0,0,0,0,0,0,0,0,0,,,,,
Josh Ferguson,RB,IND,13,JAX,0,0,0,0,0,0,0,0,3,16,0,3,0,0,0,0,0,0,0,0,0,0,,,,,
Josh Gordon,WR,CLE,13,LAC,0,0,0,0,0,0,0,0,4,85,0,11,0,0,0,0,0,0,0,0,0,0,,,,,
Josh Hill,TE,NO,13,CAR,0,0,0,0,0,0,0,0,1,8,0,2,0,0,0,0,0,0,0,0,0,0,,,,,
Josh Lambo,K,JAX,13,IND,0,0,0,0,0,0,0,0,0,0,0,0,0,0,0,0,1,2,0,0,0,1,,,,,
Josh Malone,WR,CIN,13,PIT,0,0,0,0,0,0,0,0,2,9,0,2,0,0,0,0,0,0,0,0,0,0,,,,,
Josh McCown,QB,NYJ,13,KC,331,1,36,26,0,19,2,7,0,0,0,0,0,0,0,0,0,0,0,0,0,0,,,,,
Josh Reynolds,WR,LA,13,ARI,0,0,0,0,0,0,0,0,2,6,0,6,0,0,0,0,0,0,0,0,0,0,,,,,
JuJu Smith-Schuster,WR,PIT,13,CIN,0,0,0,0,0,0,0,0,4,17,0,5,0,0,0,0,0,0,0,0,0,0,,,,,
Julio Jones,WR,ATL,13,MIN,0,0,0,0,0,0,0,0,2,24,0,6,0,0,0,0,0,0,0,0,0,0,,,,,
Julius Thomas,TE,MIA,13,DEN,0,0,0,0,0,0,0,0,3,20,1,3,0,0,0,0,0,0,0,0,0,0,,,,,
Justin Tucker,K,BAL,13,DET,0,0,0,0,0,0,0,0,0,0,0,0,0,0,0,0,0,1,1,1,0,5,,,,,
KC,DEF,KC,13,NYJ,,,,,,,,,,,,,,,,,,,,,,,0,0,0,0,38.0
Ka'imi Fairbairn,K,HOU,13,TEN,0,0,0,0,0,0,0,0,0,0,0,0,0,0,0,0,1,0,1,0,0,1,,,,,
Kaelin Clay,WR,CAR,13,NO,0,0,0,0,0,0,0,0,1,13,0,1,0,0,0,0,0,0,0,0,0,0,,,,,
Kai Forbath,K,MIN,13,ATL,0,0,0,0,0,0,0,0,0,0,0,0,0,0,0,0,0,0,0,0,0,2,,,,,
Kalif Raymond,WR,NYG,13,LV,0,0,0,0,0,0,0,0,0,0,0,0,0,0,0,0,0,0,0,0,0,0,,,,,
Kamar Aiken,WR,IND,13,JAX,0,0,0,0,0,0,0,0,0,0,0,2,0,0,0,0,0,0,0,0,0,0,,,,,
Kareem Hunt,RB,KC,13,NYJ,0,0,0,0,0,40,0,9,3,23,0,5,0,0,0,0,0,0,0,0,0,0,,,,,
Keelan Cole,WR,JAX,13,IND,0,0,0,0,0,0,0,0,3,49,1,3,0,0,0,0,0,0,0,0,0,0,,,,,
Keenan Allen,WR,LAC,13,CLE,0,0,0,0,0,0,0,0,10,105,1,14,0,0,0,0,0,0,0,0,0,0,,,,,
Kendall Wright,WR,CHI,13,SF,0,0,0,0,0,0,0,0,2,25,0,2,0,0,0,0,0,0,0,0,0,0,,,,,
Kendrick Bourne,WR,SF,13,CHI,0,0,0,0,0,0,0,0,0,0,0,1,0,0,0,0,0,0,0,0,0,0,,,,,
Kenjon Barner,RB,PHI,13,SEA,0,0,0,0,0,0,0,0,0,0,0,1,0,0,0,0,0,0,0,0,0,0,,,,,
Kenny Britt,WR,CLE,13,LAC,0,0,0,0,0,0,0,0,2,10,0,3,0,0,0,0,0,0,0,0,0,0,,,,,
Kenny Golladay,WR,DET,13,BAL,0,0,0,0,0,0,0,0,2,44,0,3,0,0,0,0,0,0,0,0,0,0,,,,,
Kenny Stills,WR,MIA,13,DEN,0,0,0,0,0,0,0,0,5,98,1,13,0,0,0,0,0,0,0,0,0,0,,,,,
Kenyan Drake,RB,MIA,13,DEN,0,0,0,0,0,120,1,23,3,21,0,5,0,0,0,0,0,0,0,0,0,0,,,,,
Kerwynn Williams,RB,ARI,13,LA,0,0,0,0,0,97,0,16,0,0,0,0,0,0,0,0,0,0,0,0,0,0,,,,,
Kirk Cousins,QB,WAS,13,DAL,251,2,37,26,2,6,0,3,0,0,0,0,0,0,0,0,0,0,0,0,0,0,,,,,
Kyle Juszczyk,RB,SF,13,CHI,0,0,0,0,0,3,0,1,3,20,0,3,0,0,0,0,0,0,0,0,0,0,,,,,
Kyle Rudolph,TE,MIN,13,ATL,0,0,0,0,0,0,0,0,4,36,1,5,0,0,0,0,0,0,0,0,0,0,,,,,
LA,DEF,LA,13,ARI,,,,,,,,,,,,,,,,,,,,,,,1,0,0,0,16.0
LAC,DEF,LAC,13,CLE,,,,,,,,,,,,,,,,,,,,,,,0,0,0,0,10.0
LV,DEF,LV,13,NYG,,,,,,,,,,,,,,,,,,,,,,,0,0,0,0,0.0
Lamar Miller,RB,HOU,13,TEN,0,0,0,0,0,56,0,15,4,38,0,4,0,0,0,0,0,0,0,0,0,0,,,,,
Lance Kendricks,TE,GB,13,TB,0,0,0,0,0,0,0,0,1,11,0,1,0,0,0,0,0,0,0,0,0,0,,,,,
Laquon Treadwell,WR,MIN,13,ATL,0,0,0,0,0,0,0,0,1,9,0,1,0,0,0,0,0,0,0,0,0,0,,,,,
Larry Fitzgerald,WR,ARI,13,LA,0,0,0,0,0,0,0,0,10,98,1,10,0,0,0,0,0,0,0,0,0,0,,,,,
Latavius Murray,RB,MIN,13,ATL,0,0,0,0,0,76,0,16,3,21,0,3,0,0,0,0,0,0,0,0,0,0,,,,,
Le'Veon Bell,RB,PIT,13,CIN,0,0,0,0,0,76,0,18,5,106,1,6,0,0,0,0,0,0,0,0,0,0,,,,,
LeGarrette Blount,RB,PHI,13,SEA,0,0,0,0,0,26,0,8,0,0,0,0,0,0,0,0,0,0,0,0,0,0,,,,,
LeSean McCoy,RB,BUF,13,NE,0,0,0,0,0,93,0,15,2,9,0,5,0,0,0,0,0,0,0,0,0,0,,,,,
Leonard Fournette,RB,JAX,13,IND,0,0,0,0,0,57,1,20,3,22,0,4,0,0,0,0,0,0,0,0,0,0,,,,,
Levine Toilolo,TE,ATL,13,MIN,0,0,0,0,0,0,0,0,2,25,0,2,0,0,0,0,0,0,0,0,0,0,,,,,
Logan Thomas,TE,BUF,13,NE,0,0,0,0,0,0,0,0,2,10,0,2,0,0,0,0,0,0,0,0,0,0,,,,,
Louis Murphy,WR,SF,13,CHI,0,0,0,0,0,0,0,0,1,16,0,6,0,0,0,0,0,0,0,0,0,0,,,,,
MIA,DEF,MIA,13,DEN,,,,,,,,,,,,,,,,,,,,,,,1,2,0,0,9.0
MIN,DEF,MIN,13,ATL,,,,,,,,,,,,,,,,,,,,,,,0,0,0,0,9.0
Mack Hollins,WR,PHI,13,SEA,0,0,0,0,0,0,0,0,1,10,0,1,0,0,0,0,0,0,0,0,0,0,,,,,
Marcedes Lewis,TE,JAX,13,IND,0,0,0,0,0,0,0,0,4,46,0,5,0,0,1,0,0,0,0,0,0,0,,,,,
Marcus Mariota,QB,TEN,13,HOU,150,1,23,15,0,23,1,3,0,0,0,0,0,0,0,0,0,0,0,0,0,0,,,,,
Mark Ingram,RB,NO,13,CAR,0,0,0,0,0,85,1,14,6,37,0,7,0,0,0,0,0,0,0,0,0,0,,,,,
Marlon Mack,RB,IND,13,JAX,0,0,0,0,0,46,0,6,1,8,0,2,0,0,0,0,0,0,0,0,0,0,,,,,
Marqise Lee,WR,JAX,13,IND,0,0,0,0,0,0,0,0,7,86,1,10,0,0,0,0,0,0,0,0,0,0,,,,,
Marquise Goodwin,WR,SF,13,CHI,0,0,0,0,0,0,0,0,8,99,0,8,0,0,0,0,0,0,0,0,0,0,,,,,
Marshawn Lynch,RB,LV,13,NYG,0,0,0,0,0,101,1,17,2,20,0,3,0,0,0,0,0,0,0,0,0,0,,,,,
Martavis Bryant,WR,PIT,13,CIN,0,0,0,0,0,0,0,0,4,40,0,6,0,0,0,0,0,0,0,0,0,0,,,,,
Marvin Hall,WR,ATL,13,MIN,0,0,0,0,0,0,0,0,1,20,0,2,0,0,0,0,0,0,0,0,0,0,,,,,
Marvin Jones,WR,DET,13,BAL,0,0,0,0,0,0,0,0,4,90,0,8,0,0,0,0,0,0,0,0,0,0,,,,,
Mason Crosby,K,GB,13,TB,0,0,0,0,0,0,0,0,0,0,0,0,0,0,0,0,1,1,0,0,0,2,,,,,
Matt Breida,RB,SF,13,CHI,0,0,0,0,0,45,0,12,1,4,0,1,0,0,0,0,0,0,0,0,0,0,,,,,
Matt Bryant,K,ATL,13,MIN,0,0,0,0,0,0,0,0,0,0,0,0,0,0,0,0,0,2,1,0,0,0,,,,,
Matt Dayes,RB,CLE,13,LAC,0,0,0,0,0,0,0,0,0,0,0,0,0,0,0,0,0,0,0,0,0,0,,,,,
Matt Forte,RB,NYJ,13,KC,0,0,0,0,0,58,0,15,3,33,1,3,0,0,0,0,0,0,0,0,0,0,,,,,
Matt Prater,K,DET,13,BAL,0,0,0,0,0,0,0,0,0,0,0,0,0,0,0,0,0,0,0,0,0,2,,,,,
Matt Ryan,QB,ATL,13,MIN,173,0,29,16,0,1,0,1,0,0,0,0,0,0,0,0,0,0,0,0,0,0,,,,,
Matthew Stafford,QB,DET,13,BAL,292,1,29,24,1,2,0,3,0,0,0,0,0,0,0,0,0,0,0,0,0,0,,,,,
Maurice Harris,WR,WAS,13,DAL,0,0,0,0,0,0,0,0,0,0,0,1,0,0,0,0,0,0,0,0,0,0,,,,,
Maxx Williams,TE,BAL,13,DET,0,0,0,0,0,0,0,0,1,1,0,2,0,0,0,0,0,0,0,0,0,0,,,,,
Melvin Gordon,RB,LAC,13,CLE,0,0,0,0,0,77,0,19,4,29,0,4,0,0,0,0,0,0,0,0,0,0,,,,,
Michael Campanaro,WR,BAL,13,DET,0,0,0,0,0,0,0,0,0,0,0,0,0,0,0,0,0,0,0,0,0,0,,,,,
Michael Floyd,WR,MIN,13,ATL,0,0,0,0,0,0,0,0,2,20,0,2,0,0,0,0,0,0,0,0,0,0,,,,,
Michael Hoomanawanui,TE,NO,13,CAR,0,0,0,0,0,0,0,0,1,0,0,1,0,0,0,0,0,0,0,0,0,0,,,,,
Michael Roberts,TE,DET,13,BAL,0,0,0,0,0,0,0,0,1,23,0,1,0,0,0,0,0,0,0,0,0,0,,,,,
Michael Thomas,WR,NO,13,CAR,0,0,0,0,0,0,0,0,5,70,1,9,0,0,0,0,0,0,0,0,0,0,,,,,
Mike Davis,RB,SEA,13,PHI,0,0,0,0,0,64,0,16,4,37,0,4,0,0,0,0,0,0,0,0,0,0,,,,,
Mike Evans,WR,TB,13,GB,0,0,0,0,0,0,0,0,2,33,0,6,0,0,0,0,0,0,0,0,0,0,,,,,
Mike Thomas,WR,LA,13,ARI,0,0,0,0,0,0,0,0,0,0,0,0,0,0,0,0,0,0,0,0,0,0,,,,,
Mike Wallace,WR,BAL,13,DET,0,0,0,0,0,0,0,0,5,116,0,8,0,0,0,0,0,0,0,0,0,0,,,,,
Mitchell Trubisky,QB,CHI,13,SF,102,1,15,12,0,19,0,4,0,0,0,0,0,0,0,0,0,0,0,0,0,0,,,,,
Mohamed Sanu,WR,ATL,13,MIN,0,0,0,0,0,0,0,0,3,43,0,5,0,0,0,0,0,0,0,0,0,0,,,,,
NE,DEF,NE,13,BUF,,,,,,,,,,,,,,,,,,,,,,,0,0,0,0,3.0
NO,DEF,NO,13,CAR,,,,,,,,,,,,,,,,,,,,,,,0,0,0,0,21.0
NYG,DEF,NYG,13,LV,,,,,,,,,,,,,,,,,,,,,,,0,0,0,0,24.0
NYJ,DEF,NYJ,13,KC,,,,,,,,,,,,,,,,,,,,,,,0,0,0,0,31.0
Nathan Peterman,QB,BUF,13,NE,50,0,15,6,0,9,0,1,0,0,0,0,0,0,0,0,0,0,0,0,0,0,,,,,
Nelson Agholor,WR,PHI,13,SEA,0,0,0,0,0,0,0,0,7,141,1,12,0,0,0,0,0,0,0,0,0,0,,,,,
Nick Boyle,TE,BAL,13,DET,0,0,0,0,0,0,0,0,1,11,0,3,0,0,0,0,0,0,0,0,0,0,,,,,
Nick Rose,K,WAS,13,DAL,0,0,0,0,0,0,0,0,0,0,0,0,0,0,0,0,0,0,0,0,0,2,,,,,
Nick Vannett,TE,SEA,13,PHI,0,0,0,0,0,0,0,0,3,40,0,3,0,0,0,0,0,0,0,0,0,0,,,,,
Niles Paul,TE,WAS,13,DAL,0,0,0,0,0,0,0,0,3,12,0,3,0,0,0,0,0,0,0,0,0,0,,,,,
Noah Brown,WR,DAL,13,WAS,0,0,0,0,0,0,0,0,1,-2,0,1,0,0,0,0,0,0,0,0,0,0,,,,,
O.J. Howard,TE,TB,13,GB,0,0,0,0,0,0,0,0,1,17,0,2,0,0,0,0,0,0,0,0,0,0,,,,,
Orleans Darkwa,RB,NYG,13,LV,0,0,0,0,0,32,1,14,1,-1,0,1,0,0,0,0,0,0,0,0,0,0,,,,,
PHI,DEF,PHI,13,SEA,,,,,,,,,,,,,,,,,,,,,,,0,0,0,0,24.0
PIT,DEF,PIT,13,CIN,,,,,,,,,,,,,,,,,,,,,,,0,0,0,0,20.0
Patrick Murray,K,TB,13,GB,0,0,0,0,0,0,0,0,0,0,0,0,0,0,0,0,0,2,0,0,0,2,,,,,
Patrick Ricard,RB,BAL,13,DET,0,0,0,0,0,0,0,0,1,3,1,1,0,0,0,0,0,0,0,0,0,0,,,,,
Paul Perkins,RB,NYG,13,LV,0,0,0,0,0,12,0,3,0,0,0,0,0,0,0,0,0,0,0,0,0,0,,,,,
Paul Richardson,WR,SEA,13,PHI,0,0,0,0,0,0,0,0,2,8,0,4,0,0,0,0,0,0,0,0,0,0,,,,,
Peyton Barber,RB,TB,13,GB,0,0,0,0,0,102,0,23,4,41,0,4,0,0,0,0,0,0,0,0,0,0,,,,,
Pharoh Cooper,WR,LA,13,ARI,0,0,0,0,0,6,0,1,1,-3,0,1,0,0,0,0,0,0,0,0,0,0,,,,,
Phil Dawson,K,ARI,13,LA,0,0,0,0,0,0,0,0,0,0,0,0,0,0,0,0,0,0,0,1,0,1,,,,,
Philip Rivers,QB,LAC,13,CLE,344,1,43,31,0,-2,0,2,0,0,0,0,0,0,0,0,0,0,0,0,0,0,,,,,
Phillip Dorsett,WR,NE,13,BUF,0,0,0,0,0,0,0,0,0,0,0,0,0,0,0,0,0,0,0,0,0,0,,,,,
Phillip Supernaw,TE,TEN,13,HOU,0,0,0,0,0,0,0,0,1,20,0,1,0,0,0,0,0,0,0,0,0,0,,,,,
Randy Bullock,K,CIN,13,PIT,0,0,0,0,0,0,0,0,0,0,0,0,0,0,0,0,0,1,1,0,0,2,,,,,
Rex Burkhead,RB,NE,13,BUF,0,0,0,0,0,78,2,12,3,25,0,4,0,0,0,0,0,0,0,0,0,0,,,,,
Rhett Ellison,TE,NYG,13,LV,0,0,0,0,0,0,0,0,1,5,0,2,0,0,0,0,0,0,0,0,0,0,,,,,
Richard Rodgers,TE,GB,13,TB,0,0,0,0,0,0,0,0,1,4,0,2,0,0,0,0,0,0,0,0,0,0,,,,,
Ricky Seals-Jones,TE,ARI,13,LA,0,0,0,0,0,0,0,0,2,44,0,5,0,0,0,0,0,0,0,0,0,0,,,,,
Rob Gronkowski,TE,NE,13,BUF,0,0,0,0,0,0,0,0,9,147,0,11,0,0,0,0,0,0,0,0,0,0,,,,,
Robbie Chosen,WR,NYJ,13,KC,0,0,0,0,0,7,0,1,8,107,0,12,0,0,0,0,0,0,0,0,0,0,,,,,
Robbie Gould,K,SF,13,CHI,0,0,0,0,0,0,0,0,0,0,0,0,0,0,0,0,2,3,0,0,0,0,,,,,
Rod Smith,RB,DAL,13,WAS,0,0,0,0,0,27,1,10,0,0,0,1,0,0,0,0,0,0,0,0,0,0,,,,,
Roger Lewis,WR,NYG,13,LV,0,0,0,0,0,0,0,0,1,9,0,3,0,0,0,0,0,0,0,0,0,0,,,,,
Russell Shepard,WR,CAR,13,NO,0,0,0,0,0,0,0,0,3,29,0,5,0,0,0,0,0,0,0,0,0,0,,,,,
Russell Wilson,QB,SEA,13,PHI,227,3,31,20,0,31,0,6,0,0,0,0,0,0,0,0,0,0,0,0,0,0,,,,,
Ryan Grant,WR,WAS,13,DAL,0,0,0,0,0,0,0,0,5,76,1,9,0,0,0,0,0,0,0,0,0,0,,,,,
Ryan Succop,K,TEN,13,HOU,0,0,0,0,0,0,0,0,0,0,0,0,0,0,0,0,0,0,1,0,0,3,,,,,
Ryan Switzer,WR,DAL,13,WAS,0,0,0,0,0,0,0,0,0,0,0,0,1,0,0,0,0,0,0,0,0,0,,,,,
SEA,DEF,SEA,13,PHI,,,,,,,,,,,,,,,,,,,,,,,0,0,0,0,10.0
SF,DEF,SF,13,CHI,,,,,,,,,,,,,,,,,,,,,,,0,0,0,0,14.0
Samaje Perine,RB,WAS,13,DAL,0,0,0,0,0,38,0,12,3,31,0,3,0,0,0,0,0,0,0,0,0,0,,,,,
Sammy Watkins,WR,LA,13,ARI,0,0,0,0,0,0,0,0,3,38,1,4,0,0,0,0,0,0,0,0,0,0,,,,,
Senorise Perry,RB,MIA,13,DEN,0,0,0,0,0,22,0,5,0,0,0,0,0,0,0,0,0,0,0,0,0,0,,,,,
Seth DeValve,TE,CLE,13,LAC,0,0,0,0,0,0,0,0,2,33,0,3,0,0,0,0,0,0,0,0,0,0,,,,,
Seth Roberts,WR,LV,13,NYG,0,0,0,0,0,0,0,0,5,46,0,6,0,0,0,0,0,0,0,0,0,0,,,,,
Shane Vereen,RB,NYG,13,LV,0,0,0,0,0,-3,0,1,3,13,0,3,0,0,0,0,0,0,0,0,0,0,,,,,
Stefon Diggs,WR,MIN,13,ATL,0,0,0,0,0,5,0,1,2,32,0,5,0,0,0,0,0,0,0,0,0,0,,,,,
Stephen Anderson,TE,HOU,13,TEN,0,0,0,0,0,0,0,0,5,79,1,12,0,0,0,0,0,0,0,0,0,0,,,,,
Stephen Gostkowski,K,NE,13,BUF,0,0,0,0,0,0,0,0,0,0,0,0,0,0,0,0,0,2,0,1,0,2,,,,,
Sterling Shepard,WR,NYG,13,LV,0,0,0,0,0,0,0,0,3,56,0,6,0,0,0,0,0,0,0,0,0,0,,,,,
Steven Hauschka,K,BUF,13,NE,0,0,0,0,0,0,0,0,0,0,0,0,0,0,0,0,0,0,1,0,0,0,,,,,
T.J. Jones,WR,DET,13,BAL,0,0,0,0,0,0,0,0,0,0,0,0,0,0,0,0,0,0,0,0,0,0,,,,,
T.J. Yeldon,RB,JAX,13,IND,0,0,0,0,0,0,0,0,2,25,0,2,0,0,0,0,0,0,0,0,0,0,,,,,
T.Y. Hilton,WR,IND,13,JAX,0,0,0,0,0,0,0,0,3,51,1,6,0,0,0,0,0,0,0,0,0,0,,,,,
TB,DEF,TB,13,GB,,,,,,,,,,,,,,,,,,,,,,,0,0,0,0,26.0
TEN,DEF,TEN,13,HOU,,,,,,,,,,,,,,,,,,,,,,,0,0,0,0,13.0
Tanner McEvoy,WR,SEA,13,PHI,0,0,0,0,0,0,0,0,0,0,0,0,0,0,0,0,0,0,0,0,0,0,,,,,
Tarik Cohen,RB,CHI,13,SF,0,0,0,0,0,5,0,2,4,39,0,4,1,0,0,0,0,0,0,0,0,0,,,,,
Tavarres King,WR,NYG,13,LV,0,0,0,0,0,0,0,0,4,23,0,9,0,0,0,0,0,0,0,0,0,0,,,,,
Tavon Austin,WR,LA,13,ARI,0,0,0,0,0,8,0,3,0,0,0,1,0,0,0,0,0,0,0,0,0,0,,,,,
Taylor Gabriel,WR,ATL,13,MIN,0,0,0,0,0,5,0,1,1,6,0,2,0,0,0,0,0,0,0,0,0,0,,,,,
Taysom Hill,TE,NO,13,CAR,0,0,0,0,0,0,0,0,0,0,0,0,0,0,0,0,0,0,0,0,0,0,,,,,
Taywan Taylor,WR,TEN,13,HOU,0,0,0,0,0,0,0,0,2,15,0,2,0,0,0,0,0,0,0,0,0,0,,,,,
Ted Ginn,WR,NO,13,CAR,0,0,0,0,0,6,0,1,2,27,0,3,0,0,0,0,0,0,0,0,0,0,,,,,
Terrance Williams,WR,DAL,13,WAS,0,0,0,0,0,0,0,0,2,21,0,3,0,0,0,0,0,0,0,0,0,0,,,,,
Tevin Coleman,RB,ATL,13,MIN,0,0,0,0,0,22,0,8,3,27,0,6,0,0,0,0,0,0,0,0,0,0,,,,,
Theo Riddick,RB,DET,13,BAL,0,0,0,0,0,21,1,9,5,41,0,5,0,0,0,0,0,0,0,0,0,0,,,,,
Thomas Rawls,RB,SEA,13,PHI,0,0,0,0,0,4,0,1,0,0,0,0,0,0,0,0,0,0,0,0,0,0,,,,,
Tion Green,RB,DET,13,BAL,0,0,0,0,0,51,1,11,0,0,0,0,0,0,0,0,0,0,0,0,0,0,,,,,
Todd Gurley,RB,LA,13,ARI,0,0,0,0,0,74,0,19,6,84,0,7,0,0,0,0,0,0,0,0,0,0,,,,,
Tom Brady,QB,NE,13,BUF,258,0,30,21,1,0,0,0,0,0,0,0,0,0,0,0,0,0,0,0,0,0,,,,,
Tom Savage,QB,HOU,13,TEN,365,1,49,31,1,-1,0,1,0,0,0,0,0,0,0,0,0,0,0,0,0,0,,,,,
Tommylee Lewis,WR,NO,13,CAR,0,0,0,0,0,0,0,0,1,2,0,1,0,0,0,0,0,0,0,0,0,0,,,,,
Torrey Smith,WR,PHI,13,SEA,0,0,0,0,0,0,0,0,5,29,0,7,0,0,0,0,0,0,0,0,0,0,,,,,
Travaris Cadet,RB,BUF,13,NE,0,0,0,0,0,22,0,4,3,19,0,5,0,0,0,0,0,0,0,0,0,0,,,,,
Travis Benjamin,WR,LAC,13,CLE,0,0,0,0,0,0,0,0,4,68,0,6,0,0,0,0,0,0,0,0,0,0,,,,,
Travis Coons,K,LAC,13,CLE,0,0,0,0,0,0,0,0,0,0,0,0,0,0,0,0,3,0,1,0,0,1,,,,,
Travis Kelce,TE,KC,13,NYJ,0,0,0,0,0,0,0,0,4,94,2,8,0,0,0,0,0,0,0,0,0,0,,,,,
Trent Taylor,WR,SF,13,CHI,0,0,0,0,0,0,0,0,6,92,0,6,0,0,0,0,0,0,0,0,0,0,,,,,
Trevor Davis,WR,GB,13,TB,0,0,0,0,0,0,0,0,0,0,0,0,0,0,0,0,0,0,0,0,0,0,,,,,
Trevor Siemian,QB,DEN,13,MIA,200,0,41,19,3,16,0,3,0,0,0,0,0,0,0,0,0,0,0,0,0,0,,,,,
Trey Burton,TE,PHI,13,SEA,0,0,0,0,0,0,0,0,4,42,0,7,0,0,0,0,0,0,0,0,0,0,,,,,
Tyler Boyd,WR,CIN,13,PIT,0,0,0,0,0,0,0,0,2,15,0,3,0,0,0,0,0,0,0,0,0,0,,,,,
Tyler Higbee,TE,LA,13,ARI,0,0,0,0,0,0,0,0,1,6,0,1,0,0,0,0,0,0,0,0,0,0,,,,,
Tyler Kroft,TE,CIN,13,PIT,0,0,0,0,0,0,0,0,2,30,0,2,0,0,0,0,0,0,0,0,0,0,,,,,
Tyler Lockett,WR,SEA,13,PHI,0,0,0,0,0,0,0,0,2,17,1,2,0,0,0,0,0,0,0,0,0,0,,,,,
Tyreek Hill,WR,KC,13,NYJ,0,0,0,0,0,0,0,0,6,185,2,9,0,0,0,0,0,0,0,0,0,0,,,,,
Tyrell Williams,WR,LAC,13,CLE,0,0,0,0,0,0,0,0,1,8,0,3,0,0,0,0,0,0,0,0,0,0,,,,,
Tyrod Taylor,QB,BUF,13,NE,65,0,18,9,1,32,0,3,0,0,0,0,0,0,0,0,0,0,0,0,0,0,,,,,
Vernon Davis,TE,WAS,13,DAL,0,0,0,0,0,0,0,0,2,15,0,2,0,0,0,0,0,0,0,0,0,0,,,,,
Victor Bolden,WR,SF,13,CHI,0,0,0,0,0,0,0,0,0,0,0,0,0,0,0,0,0,0,0,0,0,0,,,,,
Vince Mayle,TE,BAL,13,DET,0,0,0,0,0,0,0,0,0,0,0,0,0,0,0,0,0,0,0,0,0,0,,,,,
Virgil Green,TE,DEN,13,MIA,0,0,0,0,0,0,0,0,1,36,0,1,0,0,0,0,0,0,0,0,0,0,,,,,
WAS,DEF,WAS,13,DAL,,,,,,,,,,,,,,,,,,,,,,,0,0,0,0,38.0
Wayne Gallman,RB,NYG,13,LV,0,0,0,0,0,11,0,3,1,8,0,1,0,0,0,0,0,0,0,0,0,0,,,,,
Wil Lutz,K,NO,13,CAR,0,0,0,0,0,0,0,0,0,0,0,0,0,0,0,0,0,1,0,0,0,4,,,,,
Willie Snead,WR,NO,13,CAR,0,0,0,0,0,0,0,0,2,31,0,2,0,0,0,0,0,0,0,0,0,0,,,,,
Xavier Grimble,TE,PIT,13,CIN,0,0,0,0,0,0,0,0,1,9,0,3,0,0,0,0,0,0,0,0,0,0,,,,,
Zach Ertz,TE,PHI,13,SEA,0,0,0,0,0,0,0,0,2,24,0,4,0,0,0,0,0,0,0,0,0,0,,,,,
Zach Zenner,RB,DET,13,BAL,0,0,0,0,0,4,0,1,0,0,0,0,0,0,0,0,0,0,0,0,0,0,,,,,
Zane Gonzalez,K,CLE,13,LAC,0,0,0,0,0,0,0,0,0,0,0,0,0,0,0,0,0,1,0,0,0,1,,,,,
Zay Jones,WR,BUF,13,NE,0,0,0,0,0,0,0,0,2,22,0,7,0,0,0,0,0,0,0,0,0,0,,,,,
A.J. Green,WR,CIN,14,CHI,0,0,0,0,0,0,0,0,5,64,0,12,0,0,0,0,0,0,0,0,0,0,,,,,
AJ McCarron,QB,CIN,14,CHI,47,0,8,4,0,0,0,0,0,0,0,0,0,0,0,0,0,0,0,0,0,0,,,,,
ARI,DEF,ARI,14,TEN,,,,,,,,,,,,,,,,,,,,,,,0,0,0,0,7.0
ATL,DEF,ATL,14,NO,,,,,,,,,,,,,,,,,,,,,,,0,0,0,0,17.0
Aaron Jones,RB,GB,14,CLE,0,0,0,0,0,-2,0,4,0,0,0,0,0,0,0,0,0,0,0,0,0,0,,,,,
Adam Humphries,WR,TB,14,DET,0,0,0,0,0,0,0,0,3,25,0,3,0,0,0,0,0,0,0,0,0,0,,,,,
Adam Shaheen,TE,CHI,14,CIN,0,0,0,0,0,0,0,0,4,44,1,5,0,0,0,0,0,0,0,0,0,0,,,,,
Adam Thielen,WR,MIN,14,CAR,0,0,0,0,0,0,0,0,6,105,1,12,0,0,0,0,0,0,0,0,0,0,,,,,
Adam Vinatieri,K,IND,14,BUF,0,0,0,0,0,0,0,0,0,0,0,0,0,0,0,0,0,0,0,0,0,1,,,,,
Albert Wilson,WR,KC,14,LV,0,0,0,0,0,0,0,0,5,72,0,7,0,0,0,0,0,0,0,0,0,0,,,,,
Aldrick Robinson,WR,SF,14,HOU,0,0,0,0,0,0,0,0,2,27,0,2,0,0,0,0,0,0,0,0,0,0,,,,,
Aldrick Rosas,K,NYG,14,DAL,0,0,0,0,0,0,0,0,0,0,0,0,0,0,0,0,0,1,0,0,0,1,,,,,
Alex Collins,RB,BAL,14,PIT,0,0,0,0,0,120,1,18,2,46,0,2,0,0,0,0,0,0,0,0,0,0,,,,,
Alex Erickson,WR,CIN,14,CHI,0,0,0,0,0,0,0,0,1,9,0,1,0,0,0,0,0,0,0,0,0,0,,,,,
Alex Smith,QB,KC,14,LV,268,0,34,20,1,24,0,5,0,0,0,0,0,0,0,0,0,0,0,0,0,0,,,,,
Alfred Morris,RB,DAL,14,NYG,0,0,0,0,0,62,0,19,3,23,0,3,0,0,0,0,0,0,0,0,0,0,,,,,
Alshon Jeffery,WR,PHI,14,LA,0,0,0,0,0,0,0,0,5,52,1,11,0,0,0,0,0,0,0,0,0,0,,,,,
Alvin Kamara,RB,NO,14,ATL,0,0,0,0,0,2,0,1,3,25,0,3,0,0,0,0,0,0,0,0,0,0,,,,,
Amari Cooper,WR,LV,14,KC,0,0,0,0,0,0,0,0,0,0,0,1,0,0,0,0,0,0,0,0,0,0,,,,,
Andre Ellington,RB,HOU,14,SF,0,0,0,0,0,6,0,3,1,16,0,2,0,0,0,0,0,0,0,0,0,0,,,,,
Andre Roberts,WR,ATL,14,NO,0,0,0,0,0,0,0,0,0,0,0,0,0,0,0,0,0,0,0,0,0,0,,,,,
Andre Williams,RB,LAC,14,WAS,0,0,0,0,0,23,0,7,0,0,0,0,0,0,0,0,0,0,0,0,0,0,,,,,
Andy Dalton,QB,CIN,14,CHI,141,1,29,14,1,0,0,0,0,0,0,0,0,0,0,0,0,0,0,0,0,0,,,,,
Anthony Fasano,TE,MIA,14,NE,0,0,0,0,0,0,0,0,1,17,0,1,0,0,0,0,0,0,0,0,0,0,,,,,
Antonio Brown,WR,PIT,14,BAL,0,0,0,0,0,0,0,0,11,213,0,18,0,0,0,0,0,0,0,0,0,0,,,,,
Antonio Gates,TE,LAC,14,WAS,0,0,0,0,0,0,0,0,0,0,0,1,0,0,0,0,0,0,0,0,0,0,,,,,
Antony Auclair,TE,TB,14,DET,0,0,0,0,0,0,0,0,0,0,0,0,0,0,0,0,0,0,0,0,0,0,,,,,
ArDarius Stewart,WR,NYJ,14,DEN,0,0,0,0,0,0,0,0,0,0,0,1,0,0,0,0,0,0,0,0,0,0,,,,,
Austin Ekeler,RB,LAC,14,WAS,0,0,0,0,0,49,0,4,0,0,0,3,0,0,0,0,0,0,0,0,0,0,,,,,
Austin Hooper,TE,ATL,14,NO,0,0,0,0,0,0,0,0,2,23,0,4,0,0,0,0,0,0,0,0,0,0,,,,,
Austin Seferian-Jenkins,TE,NYJ,14,DEN,0,0,0,0,0,0,0,0,1,1,0,4,0,0,0,0,0,0,0,0,0,0,,,,,
BAL,DEF,BAL,14,PIT,,,,,,,,,,,,,,,,,,,,,,,0,0,0,0,39.0
BUF,DEF,BUF,14,IND,,,,,,,,,,,,,,,,,,,,,,,0,0,0,0,7.0
Ben Braunecker,TE,CHI,14,CIN,0,0,0,0,0,0,0,0,0,0,0,0,0,0,0,0,0,0,0,0,0,0,,,,,
Ben Roethlisberger,QB,PIT,14,BAL,506,2,66,44,0,5,0,1,0,0,0,0,0,0,0,0,0,0,0,0,0,0,,,,,
Benjamin Watson,TE,BAL,14,PIT,0,0,0,0,0,0,0,0,0,0,0,1,0,0,0,0,0,0,0,0,0,0,,,,,
Bennie Fowler,WR,DEN,14,NYJ,0,0,0,0,0,0,0,0,0,0,0,0,0,0,0,0,0,0,0,0,0,0,,,,,
Benny Cunningham,RB,CHI,14,CIN,0,0,0,0,0,0,0,0,2,14,0,2,0,0,0,0,0,0,0,0,0,0,,,,,
Bernard Reedy,WR,NE,14,MIA,0,0,0,0,0,0,0,0,0,0,0,0,0,0,0,0,0,0,0,0,0,0,,,,,
Bilal Powell,RB,NYJ,14,DEN,0,0,0,0,0,35,0,13,0,0,0,0,0,0,0,0,0,0,0,0,0,0,,,,,
Blaine Gabbert,QB,ARI,14,TEN,178,0,26,17,0,12,0,4,0,0,0,0,0,0,0,0,0,0,0,0,0,0,,,,,
Blair Walsh,K,SEA,14,JAX,0,0,0,0,0,0,0,0,0,0,0,0,0,0,0,0,1,0,0,0,0,3,,,,,
Blake Bell,TE,MIN,14,CAR,0,0,0,0,0,0,0,0,2,7,0,2,0,0,1,0,0,0,0,0,0,0,,,,,
Blake Bortles,QB,JAX,14,SEA,268,2,27,18,0,-2,0,7,0,0,0,0,0,0,0,0,0,0,0,0,0,0,,,,,
Brandin Cooks,WR,NE,14,MIA,0,0,0,0,0,0,0,0,1,38,0,7,0,0,0,0,0,0,0,0,0,0,,,,,
Brandon Bolden,RB,NE,14,MIA,0,0,0,0,0,0,0,0,0,0,0,0,0,0,0,0,0,0,0,0,0,0,,,,,
Brandon Coleman,WR,NO,14,ATL,0,0,0,0,0,0,0,0,2,32,0,3,0,0,0,0,0,0,0,0,0,0,,,,,
Brandon LaFell,WR,CIN,14,CHI,0,0,0,0,0,0,0,0,3,24,1,6,0,0,0,0,0,0,0,0,0,0,,,,,
Brandon McManus,K,DEN,14,NYJ,0,0,0,0,0,0,0,0,0,0,0,0,0,0,0,0,0,1,1,1,0,2,,,,,
Brandon Tate,WR,BUF,14,IND,0,0,0,0,0,0,0,0,0,0,0,0,0,0,0,0,0,0,0,0,0,0,,,,,
Brandon Williams,TE,IND,14,BUF,0,0,0,0,0,0,0,0,2,8,0,3,0,0,0,0,0,0,0,0,0,0,,,,,
Brent Celek,TE,PHI,14,LA,0,0,0,0,0,0,0,0,1,5,1,3,0,0,0,0,0,0,0,0,0,0,,,,,
Brenton Bersin,WR,CAR,14,MIN,0,0,0,0,0,0,0,0,1,17,0,1,0,0,0,0,0,0,0,0,0,0,,,,,
Brett Hundley,QB,GB,14,CLE,265,3,46,35,0,31,0,7,0,0,0,0,0,0,0,0,0,0,0,0,0,0,,,,,
Brian Hill,RB,CIN,14,CHI,0,0,0,0,0,8,0,2,1,2,0,1,0,0,0,0,0,0,0,0,0,0,,,,,
Brian Quick,WR,WAS,14,LAC,0,0,0,0,0,0,0,0,1,7,0,2,0,0,0,0,0,0,0,0,0,0,,,,,
Brittan Golden,WR,ARI,14,TEN,0,0,0,0,0,0,0,0,0,0,0,0,0,0,0,0,0,0,0,0,0,0,,,,,
Bryce Petty,QB,NYJ,14,DEN,14,0,9,2,0,7,0,1,0,0,0,0,0,0,0,0,0,0,0,0,0,0,,,,,
Byron Marshall,RB,WAS,14,LAC,0,0,0,0,0,0,0,0,0,0,0,0,0,0,0,0,0,0,0,0,0,0,,,,,
C.J. Anderson,RB,DEN,14,NYJ,0,0,0,0,0,48,0,22,2,25,0,2,0,0,0,0,0,0,0,0,0,0,,,,,
C.J. Uzomah,TE,CIN,14,CHI,0,0,0,0,0,0,0,0,0,0,0,1,0,0,0,0,0,0,0,0,0,0,,,,,
CAR,DEF,CAR,14,MIN,,,,,,,,,,,,,,,,,,,,,,,0,0,0,0,24.0
CHI,DEF,CHI,14,CIN,,,,,,,,,,,,,,,,,,,,,,,0,0,0,0,7.0
CIN,DEF,CIN,14,CHI,,,,,,,,,,,,,,,,,,,,,,,0,0,0,0,33.0
CLE,DEF,CLE,14,GB,,,,,,,,,,,,,,,,,,,,,,,0,0,0,0,27.0
Cam Newton,QB,CAR,14,MIN,137,1,25,13,1,70,0,11,0,0,0,0,0,0,0,0,0,0,0,0,0,0,,,,,
Cameron Artis-Payne,RB,CAR,14,MIN,0,0,0,0,0,0,0,0,0,0,0,0,0,0,0,0,0,0,0,0,0,0,,,,,
Cameron Brate,TE,TB,14,DET,0,0,0,0,0,0,0,0,1,11,0,1,0,0,0,0,0,0,0,0,0,0,,,,,
Carlos Hyde,RB,SF,14,HOU,0,0,0,0,0,78,1,14,0,0,0,1,0,0,0,0,0,0,0,0,0,0,,,,,
Carson Wentz,QB,PHI,14,LA,291,4,41,23,1,16,0,3,0,0,0,0,0,0,0,0,0,0,0,0,0,0,,,,,
Case Keenum,QB,MIN,14,CAR,280,2,44,27,2,40,0,5,0,0,0,0,0,0,1,0,0,0,0,0,0,0,,,,,
Chad Williams,WR,ARI,14,TEN,0,0,0,0,0,33,0,1,0,0,0,0,0,0,0,0,0,0,0,0,0,0,,,,,
Chandler Catanzaro,K,NYJ,14,DEN,0,0,0,0,0,0,0,0,0,0,0,0,0,0,0,0,0,0,0,0,0,0,,,,,
Charcandrick West,RB,KC,14,LV,0,0,0,0,0,25,1,3,0,0,0,2,0,0,0,0,0,0,0,0,0,0,,,,,
Charles Clay,TE,BUF,14,IND,0,0,0,0,0,0,0,0,2,11,0,5,0,0,0,0,0,0,0,0,0,0,,,,,
Charles Sims,RB,TB,14,DET,0,0,0,0,0,16,0,3,2,11,0,3,0,0,0,0,0,0,0,0,0,0,,,,,
Chester Rogers,WR,IND,14,BUF,0,0,0,0,0,0,0,0,2,6,0,4,0,0,0,0,0,0,0,0,0,0,,,,,
Chris Boswell,K,PIT,14,BAL,0,0,0,0,0,0,0,0,0,0,0,0,0,0,0,0,1,0,2,1,0,3,,,,,
Chris Godwin Jr.,WR,TB,14,DET,0,0,0,0,0,0,0,0,5,68,0,6,0,0,0,0,0,0,0,0,0,0,,,,,
Chris Hogan,WR,NE,14,MIA,0,0,0,0,0,0,0,0,1,1,0,5,0,0,0,0,0,0,0,0,0,0,,,,,
Chris Ivory,RB,JAX,14,SEA,0,0,0,0,0,48,0,6,0,0,0,0,0,0,0,0,0,0,0,0,0,0,,,,,
Chris Manhertz,TE,CAR,14,MIN,0,0,0,0,0,0,0,0,1,6,0,1,0,0,0,0,0,0,0,0,0,0,,,,,
Chris Moore,WR,BAL,14,PIT,0,0,0,0,0,0,0,0,3,48,1,3,0,0,0,0,0,0,0,0,0,0,,,,,
Christian McCaffrey,RB,CAR,14,MIN,0,0,0,0,0,35,0,8,3,18,0,4,0,0,0,0,0,0,0,0,0,0,,,,,
Clive Walford,TE,LV,14,KC,0,0,0,0,0,0,0,0,2,13,0,4,0,0,0,0,0,0,0,0,0,0,,,,,
Cody Core,WR,CIN,14,CHI,0,0,0,0,0,0,0,0,0,0,0,0,0,0,0,0,0,0,0,0,0,0,,,,,
Cody Latimer,WR,DEN,14,NYJ,0,0,0,0,0,0,0,0,2,37,0,3,0,0,0,0,0,0,0,0,0,0,,,,,
Cody Parkey,K,MIA,14,NE,0,0,0,0,0,0,0,0,0,0,0,0,0,0,0,0,0,1,1,0,0,3,,,,,
Cole Beasley,WR,DAL,14,NYG,0,0,0,0,0,0,0,0,3,59,0,5,0,0,0,0,0,0,0,0,0,0,,,,,
Cooper Kupp,WR,LA,14,PHI,0,0,0,0,0,0,0,0,5,118,1,7,0,0,0,0,0,0,0,0,0,0,,,,,
Cordarrelle Patterson,RB,LV,14,KC,0,0,0,0,0,0,0,0,3,8,0,6,0,0,0,0,0,0,0,0,0,0,,,,,
Corey Clement,RB,PHI,14,LA,0,0,0,0,0,24,0,6,1,28,0,3,0,0,0,0,0,0,0,0,0,0,,,,,
Corey Coleman,WR,CLE,14,GB,0,0,0,0,0,0,0,0,5,62,1,6,0,0,0,0,0,0,0,0,0,0,,,,,
Corey Davis,WR,TEN,14,ARI,0,0,0,0,0,0,0,0,3,29,0,6,0,0,0,0,0,0,0,0,0,0,,,,,
Corey Grant,RB,JAX,14,SEA,0,0,0,0,0,0,0,0,0,0,0,0,0,0,0,0,0,0,0,0,0,0,,,,,
D.J. Foster,RB,ARI,14,TEN,0,0,0,0,0,7,0,2,2,6,0,2,0,0,0,0,0,0,0,0,0,0,,,,,
DAL,DEF,DAL,14,NYG,,,,,,,,,,,,,,,,,,,,,,,0,0,0,0,10.0
DEN,DEF,DEN,14,NYJ,,,,,,,,,,,,,,,,,,,,,,,0,0,0,0,0.0
DET,DEF,DET,14,TB,,,,,,,,,,,,,,,,,,,,,,,0,0,0,0,21.0
Dak Prescott,QB,DAL,14,NYG,332,3,30,20,0,13,0,6,0,0,0,0,0,0,0,0,0,0,0,0,0,0,,,,,
Damiere Byrd,WR,CAR,14,MIN,0,0,0,0,0,0,0,0,5,37,0,5,0,0,0,0,0,0,0,0,0,0,,,,,
Dan Bailey,K,DAL,14,NYG,0,0,0,0,0,0,0,0,0,0,0,0,0,0,0,0,1,0,0,0,0,3,,,,,
Daniel Brown,TE,CHI,14,CIN,0,0,0,0,0,0,0,0,2,9,0,2,0,0,0,0,0,0,0,0,0,0,,,,,
Danny Amendola,WR,NE,14,MIA,0,0,0,0,0,0,0,0,6,76,0,9,0,0,0,0,0,0,0,0,0,0,,,,,
Danny Vitale,RB,CLE,14,GB,0,0,0,0,0,0,0,0,1,1,0,1,0,0,0,0,0,0,0,0,0,0,,,,,
Danny Woodhead,RB,BAL,14,PIT,0,0,0,0,0,7,0,2,4,29,0,5,0,0,0,0,0,0,0,0,0,0,,,,,
Darius Powe,WR,NYG,14,DAL,0,0,0,0,0,0,0,0,2,13,0,4,0,0,0,0,0,0,0,0,0,0,,,,,
Darren Fells,TE,DET,14,TB,0,0,0,0,0,0,0,0,1,23,0,1,0,0,0,0,0,0,0,0,0,0,,,,,
Darrius Heyward-Bey,WR,PIT,14,BAL,0,0,0,0,0,0,0,0,0,0,0,0,0,0,0,0,0,0,0,0,0,0,,,,,
Davante Adams,WR,GB,14,CLE,0,0,0,0,0,0,0,0,10,84,2,14,0,0,0,0,0,0,0,0,0,0,,,,,
David Njoku,TE,CLE,14,GB,0,0,0,0,0,0,0,0,1,3,0,2,0,0,0,0,0,0,0,0,0,0,,,,,
De'Anthony Thomas,WR,KC,14,LV,0,0,0,0,0,0,0,0,0,0,0,0,0,0,0,0,0,0,0,0,0,0,,,,,
DeAndre Hopkins,WR,HOU,14,SF,0,0,0,0,0,0,0,0,11,149,2,16,0,0,0,0,0,0,0,0,0,0,,,,,
DeAndre Washington,RB,LV,14,KC,0,0,0,0,0,9,0,4,1,10,0,2,0,0,0,0,0,0,0,0,0,0,,,,,
DeAndrew White,WR,HOU,14,SF,0,0,0,0,0,0,0,0,1,24,0,6,0,0,0,0,0,0,0,0,0,0,,,,,
DeMarco Murray,RB,TEN,14,ARI,0,0,0,0,0,34,0,11,2,13,0,3,0,0,0,0,0,0,0,0,0,0,,,,,
DeSean Jackson,WR,TB,14,DET,0,0,0,0,0,23,0,1,4,41,0,7,0,0,0,0,0,0,0,0,0,0,,,,,
DeShone Kizer,QB,CLE,14,GB,214,3,28,20,2,7,0,2,0,0,0,0,0,0,0,0,0,0,0,0,0,0,,,,,
DeVante Parker,WR,MIA,14,NE,0,0,0,0,0,0,0,0,4,40,0,6,0,0,0,0,0,0,0,0,0,0,,,,,
Dede Westbrook,WR,JAX,14,SEA,0,0,0,0,0,0,0,0,5,81,1,8,0,0,0,0,0,0,0,0,0,0,,,,,
Delanie Walker,TE,TEN,14,ARI,0,0,0,0,0,0,0,0,5,42,0,9,0,0,0,0,0,0,0,0,0,0,,,,,
Demaryius Thomas,WR,DEN,14,NYJ,0,0,0,0,0,0,0,0,8,93,1,12,0,0,0,0,0,0,0,0,0,0,,,,,
Demetrius Harris,TE,KC,14,LV,0,0,0,0,0,0,0,0,1,25,0,3,0,0,0,0,0,0,0,0,0,0,,,,,
Deonte Thompson,WR,BUF,14,IND,0,0,0,0,0,0,0,0,1,34,0,1,0,0,0,0,0,0,0,0,0,0,,,,,
Derek Carr,QB,LV,14,KC,211,1,41,24,2,0,0,0,0,0,0,0,0,0,1,0,0,0,0,0,0,0,,,,,
Derek Carrier,TE,LA,14,PHI,0,0,0,0,0,0,0,0,0,0,0,0,0,0,0,0,0,0,0,0,0,0,,,,,
Derrick Henry,RB,TEN,14,ARI,0,0,0,0,0,20,1,8,0,0,0,0,0,0,0,0,0,0,0,0,0,0,,,,,
Devin Funchess,WR,CAR,14,MIN,0,0,0,0,0,0,0,0,3,59,1,7,0,0,0,0,0,0,0,0,0,0,,,,,
Devonta Freeman,RB,ATL,14,NO,0,0,0,0,0,91,1,24,0,0,0,0,0,0,0,0,0,0,0,0,0,0,,,,,
Devontae Booker,RB,DEN,14,NYJ,0,0,0,0,0,22,0,9,2,12,0,2,0,0,0,0,0,0,0,0,0,0,,,,,
Dez Bryant,WR,DAL,14,NYG,0,0,0,0,0,0,0,0,3,73,1,5,0,0,0,0,0,0,0,0,0,0,,,,,
Dion Lewis,RB,NE,14,MIA,0,0,0,0,0,17,0,5,5,50,0,5,0,0,0,0,0,0,0,0,0,0,,,,,
Dion Sims,TE,CHI,14,CIN,0,0,0,0,0,0,0,0,2,32,0,3,0,0,0,0,0,0,0,0,0,0,,,,,
Doug Baldwin,WR,SEA,14,JAX,0,0,0,0,0,0,0,0,3,78,1,6,0,0,0,0,0,0,0,0,0,0,,,,,
Doug Martin,RB,TB,14,DET,0,0,0,0,0,26,1,10,2,24,0,3,0,0,0,0,0,0,0,0,0,0,,,,,
Drew Brees,QB,NO,14,ATL,271,2,35,26,1,2,0,1,0,0,0,0,0,0,0,0,0,0,0,0,0,0,,,,,
Duke Johnson,RB,CLE,14,GB,0,0,0,0,0,8,0,6,4,41,1,4,0,0,0,0,0,0,0,0,0,0,,,,,
Dwayne Allen,TE,NE,14,MIA,0,0,0,0,0,0,0,0,2,10,0,5,0,0,0,0,0,0,0,0,0,0,,,,,
Ed Dickson,TE,CAR,14,MIN,0,0,0,0,0,0,0,0,0,0,0,1,0,0,0,0,0,0,0,0,0,0,,,,,
Eli Manning,QB,NYG,14,DAL,228,1,46,31,2,0,0,0,0,0,0,0,0,0,0,0,0,0,0,0,0,0,,,,,
Eli Rogers,WR,PIT,14,BAL,0,0,0,0,0,0,0,0,3,33,0,5,0,0,0,0,0,0,0,0,0,0,,,,,
Elijah McGuire,RB,NYJ,14,DEN,0,0,0,0,0,-3,0,1,0,0,0,0,0,0,0,0,0,0,0,0,0,0,,,,,
Emmanuel Sanders,WR,DEN,14,NYJ,0,0,0,0,0,0,0,0,1,16,0,4,0,0,0,0,0,0,0,0,0,0,,,,,
Eric Decker,WR,TEN,14,ARI,0,0,0,0,0,0,0,0,3,56,0,5,0,0,0,0,0,0,0,0,0,0,,,,,
Eric Ebron,TE,DET,14,TB,0,0,0,0,0,0,0,0,10,94,0,11,0,0,0,0,0,0,0,0,0,0,,,,,
Eric Weems,WR,TEN,14,ARI,0,0,0,0,0,0,0,1,0,0,0,0,0,0,0,0,0,0,0,0,0,0,,,,,
Evan Engram,TE,NYG,14,DAL,0,0,0,0,0,0,0,0,4,54,0,7,0,0,0,0,0,0,0,0,0,0,,,,,
Fitzgerald Toussaint,RB,PIT,14,BAL,0,0,0,0,0,0,0,0,0,0,0,0,0,0,0,0,0,0,0,0,0,0,,,,,
Fozzy Whittaker,RB,CAR,14,MIN,0,0,0,0,0,0,0,0,0,0,0,1,0,0,0,0,0,0,0,0,0,0,,,,,
Frank Gore,RB,IND,14,BUF,0,0,0,0,0,130,0,36,1,10,0,1,0,0,0,0,0,0,0,0,0,0,,,,,
Freddie Martino,WR,TB,14,DET,0,0,0,0,0,0,0,0,1,19,0,1,0,0,0,0,0,0,0,0,0,0,,,,,
GB,DEF,GB,14,CLE,,,,,,,,,,,,,,,,,,,,,,,0,0,0,0,21.0
Garrett Celek,TE,SF,14,HOU,0,0,0,0,0,0,0,0,2,67,1,4,0,0,0,0,0,0,0,0,0,0,,,,,
George Kittle,TE,SF,14,HOU,0,0,0,0,0,0,0,0,2,10,0,2,0,0,0,0,0,0,0,0,0,0,,,,,
Gerald Everett,TE,LA,14,PHI,0,0,0,0,0,0,0,0,1,6,0,1,0,0,0,0,0,0,0,0,0,0,,,,,
Geronimo Allison,WR,GB,14,CLE,0,0,0,0,0,0,0,0,4,29,0,4,0,0,0,0,0,0,0,0,0,0,,,,,
Giorgio Tavecchio,K,LV,14,KC,0,0,0,0,0,0,0,0,0,0,0,0,0,0,0,0,0,0,0,0,0,1,,,,,
Giovani Bernard,RB,CIN,14,CHI,0,0,0,0,0,62,0,11,6,68,0,8,0,0,0,0,0,0,0,0,0,0,,,,,
Golden Tate,WR,DET,14,TB,0,0,0,0,0,0,0,0,8,85,1,9,0,0,0,0,0,0,0,0,0,0,,,,,
Graham Gano,K,CAR,14,MIN,0,0,0,0,0,0,0,0,0,0,0,0,0,0,0,0,0,0,1,0,0,4,,,,,
Greg Olsen,TE,CAR,14,MIN,0,0,0,0,0,0,0,0,0,0,0,1,0,0,0,0,0,0,0,0,0,0,,,,,
Greg Zuerlein,K,LA,14,PHI,0,0,0,0,0,0,0,0,0,0,0,0,0,0,0,0,0,0,0,0,0,5,,,,,
HOU,DEF,HOU,14,SF,,,,,,,,,,,,,,,,,,,,,,,0,0,0,0,26.0
Harrison Butker,K,KC,14,LV,0,0,0,0,0,0,0,0,0,0,0,0,0,0,0,0,1,1,1,1,0,2,,,,,
Hunter Henry,TE,LAC,14,WAS,0,0,0,0,0,0,0,0,4,50,1,6,0,0,0,0,0,0,0,0,0,0,,,,,
IND,DEF,IND,14,BUF,,,,,,,,,,,,,,,,,,,,,,,0,0,0,0,13.0
Isaiah Crowell,RB,CLE,14,GB,0,0,0,0,0,121,0,19,3,10,0,3,0,0,0,0,0,0,0,0,0,0,,,,,
J.D. McKissic,RB,SEA,14,JAX,0,0,0,0,0,15,0,3,5,20,0,5,0,0,0,0,0,0,0,0,0,0,,,,,
J.J. Nelson,WR,ARI,14,TEN,0,0,0,0,0,0,0,0,2,26,0,3,0,0,0,0,0,0,0,0,0,0,,,,,
JAX,DEF,JAX,14,SEA,,,,,,,,,,,,,,,,,,,,,,,0,0,0,0,24.0
Jack Doyle,TE,IND,14,BUF,0,0,0,0,0,0,0,0,2,4,1,3,0,0,0,0,0,0,0,0,0,0,,,,,
Jacob Hollister,TE,NE,14,MIA,0,0,0,0,0,0,0,0,0,0,0,0,0,0,0,0,0,0,0,0,0,0,,,,,
Jacoby Brissett,QB,IND,14,BUF,69,1,22,11,0,10,0,3,0,0,0,0,0,0,0,0,0,0,0,0,0,0,,,,,
Jacquizz Rodgers,RB,TB,14,DET,0,0,0,0,0,0,0,0,0,0,0,0,0,0,0,0,0,0,0,0,0,0,,,,,
Jake Elliott,K,PHI,14,LA,0,0,0,0,0,0,0,0,0,0,0,0,0,0,0,0,1,1,1,0,0,4,,,,,
Jakeem Grant,WR,MIA,14,NE,0,0,0,0,0,0,0,0,2,42,1,4,0,0,0,0,0,0,0,0,0,0,,,,,
Jalen Richard,RB,LV,14,KC,0,0,0,0,0,0,0,0,0,0,0,0,0,0,0,0,0,0,0,0,0,0,,,,,
Jamaal Charles,RB,DEN,14,NYJ,0,0,0,0,0,0,0,0,3,12,0,3,0,0,0,0,0,0,0,0,0,0,,,,,
Jamaal Williams,RB,GB,14,CLE,0,0,0,0,0,49,1,15,7,69,1,7,0,0,0,0,0,0,0,0,0,0,,,,,
Jameis Winston,QB,TB,14,DET,285,2,38,26,2,10,0,2,0,0,0,0,0,0,0,0,0,0,0,0,0,0,,,,,
James Conner,RB,PIT,14,BAL,0,0,0,0,0,6,0,2,0,0,0,0,0,0,0,0,0,0,0,0,0,0,,,,,
James Hanna,TE,DAL,14,NYG,0,0,0,0,0,0,0,0,1,16,0,1,0,0,0,0,0,0,0,0,0,0,,,,,
James O'Shaughnessy,TE,JAX,14,SEA,0,0,0,0,0,0,0,0,0,0,0,1,0,0,0,0,0,0,0,0,0,0,,,,,
James White,RB,NE,14,MIA,0,0,0,0,0,0,0,0,3,11,1,4,0,0,0,0,0,0,0,0,0,0,,,,,
Jamison Crowder,WR,WAS,14,LAC,0,0,0,0,0,0,0,0,3,34,0,6,0,0,0,0,0,0,0,0,0,0,,,,,
Jared Cook,TE,LV,14,KC,0,0,0,0,0,0,0,0,5,75,1,6,0,0,0,0,0,0,0,0,0,0,,,,,
Jared Goff,QB,LA,14,PHI,199,2,26,16,0,2,0,2,0,0,0,0,0,0,0,0,0,0,0,0,0,0,,,,,
Jarius Wright,WR,MIN,14,CAR,0,0,0,0,0,0,0,0,2,13,0,2,0,0,0,0,0,0,0,0,0,0,,,,,
Jaron Brown,WR,ARI,14,TEN,0,0,0,0,0,0,0,0,2,15,0,5,0,0,0,0,0,0,0,0,0,0,,,,,
Jarvis Landry,WR,MIA,14,NE,0,0,0,0,0,0,0,0,8,46,2,8,0,0,0,0,0,0,0,0,0,0,,,,,
Jason Vander Laan,TE,IND,14,BUF,0,0,0,0,0,0,0,0,0,0,0,0,0,0,0,0,0,0,0,0,0,0,,,,,
Jason Witten,TE,DAL,14,NYG,0,0,0,0,0,0,0,0,1,20,1,2,0,0,0,0,0,0,0,0,0,0,,,,,
Javorius Allen,RB,BAL,14,PIT,0,0,0,0,0,25,2,6,2,32,0,2,0,0,0,0,0,0,0,0,0,0,,,,,
Jay Ajayi,RB,PHI,14,LA,0,0,0,0,0,78,0,15,1,2,0,2,0,0,0,0,0,0,0,0,0,0,,,,,
Jay Cutler,QB,MIA,14,NE,263,3,38,25,0,4,0,4,0,0,0,0,0,0,0,0,0,0,0,0,0,0,,,,,
Jaydon Mickens,WR,JAX,14,SEA,0,0,0,0,0,0,0,0,0,0,0,0,0,0,0,0,0,0,0,0,0,0,,,,,
Jeff Cumberland,TE,LAC,14,WAS,0,0,0,0,0,0,0,0,1,0,0,2,0,0,0,0,0,0,0,0,0,0,,,,,
Jeff Heuerman,TE,DEN,14,NYJ,0,0,0,0,0,0,0,0,1,5,0,2,0,0,0,0,0,0,0,0,0,0,,,,,
Jerell Adams,TE,NYG,14,DAL,0,0,0,0,0,0,0,0,0,0,0,0,0,0,0,0,0,0,0,0,0,0,,,,,
Jeremy Maclin,WR,BAL,14,PIT,0,0,0,0,0,0,0,0,3,27,0,11,0,0,0,0,0,0,0,0,0,0,,,,,
Jerick McKinnon,RB,MIN,14,CAR,0,0,0,0,0,46,0,7,2,9,0,3,0,0,0,0,0,0,0,0,0,0,,,,,
Jermaine Gresham,TE,ARI,14,TEN,0,0,0,0,0,0,0,0,2,27,0,2,0,0,0,0,0,0,0,0,0,0,,,,,
Jermaine Kearse,WR,NYJ,14,DEN,0,0,0,0,0,0,0,0,1,4,0,6,0,0,0,0,0,0,0,0,0,0,,,,,
Jesse James,TE,PIT,14,BAL,0,0,0,0,0,0,0,0,10,97,0,12,0,0,0,0,0,0,0,0,0,0,,,,,
Jimmy Garoppolo,QB,SF,14,HOU,334,1,33,20,1,-3,0,5,0,0,0,0,0,0,0,0,0,0,0,0,0,0,,,,,
Jimmy Graham,TE,SEA,14,JAX,0,0,0,0,0,0,0,0,0,0,0,2,0,0,0,0,0,0,0,0,0,0,,,,,
JoJo Natson,WR,NYJ,14,DEN,0,0,0,0,0,0,0,0,0,0,0,0,0,0,0,0,0,0,0,0,0,0,,,,,
Joe Flacco,QB,BAL,14,PIT,269,2,35,20,1,0,0,0,0,0,0,0,0,0,0,0,0,0,0,0,0,0,,,,,
Joe Webb,QB,BUF,14,IND,35,0,6,2,1,27,0,5,0,0,0,0,0,0,0,0,0,0,0,0,0,0,,,,,
Johnny Holton,WR,LV,14,KC,0,0,0,0,0,0,0,0,2,18,0,4,0,0,0,0,0,0,0,0,0,0,,,,,
Jonathan Stewart,RB,CAR,14,MIN,0,0,0,0,0,103,3,16,0,0,0,1,0,0,0,0,0,0,0,0,0,0,,,,,
Jonnu Smith,TE,TEN,14,ARI,0,0,0,0,0,0,0,0,0,0,0,0,0,0,0,0,0,0,0,0,0,0,,,,,
Jordan Howard,RB,CHI,14,CIN,0,0,0,0,0,147,2,23,1,8,0,2,0,0,0,0,0,0,0,0,0,0,,,,,
Jordan Taylor,WR,DEN,14,NYJ,0,0,0,0,0,0,0,0,0,0,0,0,0,0,0,0,0,0,0,0,0,0,,,,,
Jordan Todman,RB,HOU,14,SF,0,0,0,0,0,0,0,0,0,0,0,0,0,0,0,0,0,0,0,0,0,0,,,,,
Jordy Nelson,WR,GB,14,CLE,0,0,0,0,0,0,0,0,4,33,0,5,0,0,0,0,0,0,0,0,0,0,,,,,
Josh Bellamy,WR,CHI,14,CIN,0,0,0,0,0,0,0,0,2,52,0,4,0,0,0,0,0,0,0,0,0,0,,,,,
Josh Doctson,WR,WAS,14,LAC,0,0,0,0,0,0,0,0,3,34,0,6,0,0,0,0,0,0,0,0,0,0,,,,,
Josh Ferguson,RB,IND,14,BUF,0,0,0,0,0,0,0,0,0,0,0,0,0,0,0,0,0,0,0,0,0,0,,,,,
Josh Gordon,WR,CLE,14,GB,0,0,0,0,0,0,0,0,3,69,1,6,0,0,0,0,0,0,0,0,0,0,,,,,
Josh Hill,TE,NO,14,ATL,0,0,0,0,0,0,0,0,2,14,0,3,0,0,0,0,0,0,0,0,0,0,,,,,
Josh Lambo,K,JAX,14,SEA,0,0,0,0,0,0,0,0,0,0,0,0,0,0,0,0,0,2,0,1,0,3,,,,,
Josh Malone,WR,CIN,14,CHI,0,0,0,0,0,0,0,0,0,0,0,1,0,0,0,0,0,0,0,0,0,0,,,,,
Josh McCown,QB,NYJ,14,DEN,46,0,12,6,1,7,0,2,0,0,0,0,0,0,0,0,0,0,0,0,0,0,,,,,
Josh Reynolds,WR,LA,14,PHI,0,0,0,0,0,0,0,0,2,17,0,2,0,0,0,0,0,0,0,0,0,0,,,,,
Julio Jones,WR,ATL,14,NO,0,0,0,0,0,0,0,0,5,98,0,11,0,0,0,0,0,0,0,0,0,0,,,,,
Julius Thomas,TE,MIA,14,NE,0,0,0,0,0,0,0,0,2,11,0,4,0,0,0,0,0,0,0,0,0,0,,,,,
Justin Tucker,K,BAL,14,PIT,0,0,0,0,0,0,0,0,0,0,0,0,0,0,0,0,0,0,1,0,0,5,,,,,
KC,DEF,KC,14,LV,,,,,,,,,,,,,,,,,,,,,,,0,0,0,0,15.0
Ka'imi Fairbairn,K,HOU,14,SF,0,0,0,0,0,0,0,0,0,0,0,0,0,0,0,0,0,0,0,1,0,1,,,,,
Kaelin Clay,WR,CAR,14,MIN,0,0,0,0,0,0,0,0,0,0,0,1,0,0,0,0,0,0,0,0,0,0,,,,,
Kai Forbath,K,MIN,14,CAR,0,0,0,0,0,0,0,0,0,0,0,0,0,0,0,0,2,1,0,0,0,1,,,,,
Kalif Raymond,WR,NYG,14,DAL,0,0,0,0,0,0,0,0,0,0,0,0,0,0,0,0,0,0,0,0,0,0,,,,,
Kamar Aiken,WR,IND,14,BUF,0,0,0,0,0,0,0,0,0,0,0,0,0,0,0,0,0,0,0,0,0,0,,,,,
Kareem Hunt,RB,KC,14,LV,0,0,0,0,0,116,1,25,3,22,0,3,0,0,0,0,0,0,0,0,0,0,,,,,
Keelan Cole,WR,JAX,14,SEA,0,0,0,0,0,0,0,0,3,99,1,3,0,0,0,0,0,0,0,0,0,0,,,,,
Keenan Allen,WR,LAC,14,WAS,0,0,0,0,0,0,0,0,6,111,0,8,0,0,0,0,0,0,0,0,0,0,,,,,
Kellen Clemens,QB,LAC,14,WAS,3,0,3,1,1,0,0,0,0,0,0,0,0,0,0,0,0,0,0,0,0,0,,,,,
Kelvin Benjamin,WR,BUF,14,IND,0,0,0,0,0,0,0,0,2,17,1,7,0,0,0,0,0,0,0,0,0,0,,,,,
Kendall Wright,WR,CHI,14,CIN,0,0,0,0,0,0,0,0,10,107,0,11,0,0,0,0,0,0,0,0,0,0,,,,,
Kendrick Bourne,WR,SF,14,HOU,0,0,0,0,0,0,0,0,2,29,0,2,0,0,0,0,0,0,0,0,0,0,,,,,
Kenjon Barner,RB,PHI,14,LA,0,0,0,0,0,0,0,0,0,0,0,0,0,0,0,0,0,0,0,0,0,0,,,,,
Kenny Golladay,WR,DET,14,TB,0,0,0,0,0,9,0,1,3,17,0,4,0,0,0,0,0,0,0,0,0,0,,,,,
Kenny Stills,WR,MIA,14,NE,0,0,0,0,0,0,0,0,2,18,0,4,0,0,0,0,0,0,0,0,0,0,,,,,
Kenyan Drake,RB,MIA,14,NE,0,0,0,0,0,114,0,25,5,79,0,6,0,0,0,0,0,0,0,0,0,0,,,,,
Kerwynn Williams,RB,ARI,14,TEN,0,0,0,0,0,73,0,20,1,15,0,1,0,0,0,0,0,0,0,0,0,0,,,,,
Kirk Cousins,QB,WAS,14,LAC,151,1,27,15,1,8,0,2,0,0,0,0,0,0,0,0,0,0,0,0,0,0,,,,,
Kyle Juszczyk,RB,SF,14,HOU,0,0,0,0,0,0,0,0,3,64,0,4,0,0,0,0,0,0,0,0,0,0,,,,,
Kyle Rudolph,TE,MIN,14,CAR,0,0,0,0,0,0,0,0,3,41,1,5,0,0,0,0,0,0,0,0,0,0,,,,,
LA,DEF,LA,14,PHI,,,,,,,,,,,,,,,,,,,,,,,0,0,0,0,43.0
LAC,DEF,LAC,14,WAS,,,,,,,,,,,,,,,,,,,,,,,0,0,0,0,13.0
LV,DEF,LV,14,KC,,,,,,,,,,,,,,,,,,,,,,,0,0,0,0,0.0
Lamar Miller,RB,HOU,14,SF,0,0,0,0,0,53,0,17,2,7,0,2,0,0,0,0,0,0,0,0,0,0,,,,,
Lance Kendricks,TE,GB,14,CLE,0,0,0,0,0,0,0,0,2,11,0,5,0,0,0,0,0,0,0,0,0,0,,,,,
Laquon Treadwell,WR,MIN,14,CAR,0,0,0,0,0,0,0,0,2,23,0,4,0,0,0,0,0,0,0,0,0,0,,,,,
Larry Fitzgerald,WR,ARI,14,TEN,0,0,0,0,0,0,0,0,5,44,0,7,0,0,0,0,0,0,0,0,0,0,,,,,
Larry Pinkard,WR,JAX,14,SEA,0,0,0,0,0,0,0,0,1,5,0,1,0,0,0,0,0,0,0,0,0,0,,,,,
Latavius Murray,RB,MIN,14,CAR,0,0,0,0,0,14,0,9,2,6,0,2,0,0,0,0,0,0,0,0,0,0,,,,,
Le'Veon Bell,RB,PIT,14,BAL,0,0,0,0,0,48,2,13,9,77,1,10,0,0,0,0,0,0,0,0,0,0,,,,,
LeGarrette Blount,RB,PHI,14,LA,0,0,0,0,0,12,0,7,2,11,0,2,0,0,0,0,0,0,0,0,0,0,,,,,
LeSean McCoy,RB,BUF,14,IND,0,0,0,0,0,156,1,32,0,0,0,0,0,0,0,0,0,0,0,0,0,0,,,,,
LeShun Daniels,RB,WAS,14,LAC,0,0,0,0,0,12,0,2,0,0,0,0,0,0,0,0,0,0,0,0,0,0,,,,,
Leonard Fournette,RB,JAX,14,SEA,0,0,0,0,0,101,1,24,4,18,0,6,0,0,0,0,0,0,0,0,0,0,,,,,
Levine Toilolo,TE,ATL,14,NO,0,0,0,0,0,0,0,0,1,7,0,1,0,0,0,0,0,0,0,0,0,0,,,,,
Louis Murphy,WR,SF,14,HOU,0,0,0,0,0,0,0,0,1,20,0,2,0,0,0,0,0,0,0,0,0,0,,,,,
Luke Willson,TE,SEA,14,JAX,0,0,0,0,0,0,0,0,1,12,0,1,0,0,0,0,0,0,0,0,0,0,,,,,
MIA,DEF,MIA,14,NE,,,,,,,,,,,,,,,,,,,,,,,0,0,0,0,20.0
MIN,DEF,MIN,14,CAR,,,,,,,,,,,,,,,,,,,,,,,0,0,0,0,31.0
Mack Brown,RB,MIN,14,CAR,0,0,0,0,0,0,0,0,0,0,0,0,0,0,0,0,0,0,0,0,0,0,,,,,
Mack Hollins,WR,PHI,14,LA,0,0,0,0,0,0,0,0,0,0,0,2,0,0,0,0,0,0,0,0,0,0,,,,,
Malcolm Brown,RB,LA,14,PHI,0,0,0,0,0,5,0,1,0,0,0,0,0,0,0,0,0,0,0,0,0,0,,,,,
MarQueis Gray,TE,MIA,14,NE,0,0,0,0,0,2,0,1,1,10,0,1,0,0,0,0,0,0,0,0,0,0,,,,,
Marcedes Lewis,TE,JAX,14,SEA,0,0,0,0,0,0,0,0,0,0,0,2,0,0,0,0,0,0,0,0,0,0,,,,,
Marcus Mariota,QB,TEN,14,ARI,159,0,31,16,2,11,0,2,0,0,0,0,0,0,0,0,0,0,0,0,0,0,,,,,
Mark Ingram,RB,NO,14,ATL,0,0,0,0,0,49,0,12,4,43,0,5,0,0,0,0,0,0,0,0,0,0,,,,,
Marlon Mack,RB,IND,14,BUF,0,0,0,0,0,23,0,7,2,21,0,3,0,0,0,0,0,0,0,0,0,0,,,,,
Marqise Lee,WR,JAX,14,SEA,0,0,0,0,0,0,0,0,5,65,0,6,0,0,0,0,0,0,0,0,0,0,,,,,
Marquise Goodwin,WR,SF,14,HOU,0,0,0,0,0,0,0,0,6,106,0,12,0,0,0,0,0,0,0,0,0,0,,,,,
Marshawn Lynch,RB,LV,14,KC,0,0,0,0,0,61,1,7,1,3,0,2,0,0,0,0,0,0,0,0,0,0,,,,,
Martavis Bryant,WR,PIT,14,BAL,0,0,0,0,0,0,0,0,6,33,0,10,0,0,0,0,0,0,0,0,0,0,,,,,
Marvin Hall,WR,ATL,14,NO,0,0,0,0,0,0,0,0,0,0,0,1,0,0,0,0,0,0,0,0,0,0,,,,,
Marvin Jones,WR,DET,14,TB,0,0,0,0,0,0,0,0,3,64,0,4,0,0,0,0,0,0,0,0,0,0,,,,,
Mason Crosby,K,GB,14,CLE,0,0,0,0,0,0,0,0,0,0,0,0,0,0,0,0,0,0,0,0,0,3,,,,,
Matt Breida,RB,SF,14,HOU,0,0,0,0,0,27,0,12,0,0,0,0,0,0,0,0,0,0,0,0,0,0,,,,,
Matt Bryant,K,ATL,14,NO,0,0,0,0,0,0,0,0,0,0,0,0,0,0,0,0,1,0,0,1,0,2,,,,,
Matt Dayes,RB,CLE,14,GB,0,0,0,0,0,0,0,0,0,0,0,0,0,0,0,0,0,0,0,0,0,0,,,,,
Matt Forte,RB,NYJ,14,DEN,0,0,0,0,0,13,0,6,2,21,0,3,0,0,0,0,0,0,0,0,0,0,,,,,
Matt Prater,K,DET,14,TB,0,0,0,0,0,0,0,0,0,0,0,0,0,0,0,0,0,0,1,0,0,3,,,,,
Matt Ryan,QB,ATL,14,NO,221,1,27,15,3,0,0,3,0,0,0,0,0,0,0,0,0,0,0,0,0,0,,,,,
Matthew Slater,WR,NE,14,MIA,0,0,0,0,0,0,0,0,0,0,0,0,0,0,0,0,0,0,0,0,0,0,,,,,
Matthew Stafford,QB,DET,14,TB,381,1,44,36,2,0,0,0,0,0,0,0,0,0,0,0,0,0,0,0,0,0,,,,,
Melvin Gordon,RB,LAC,14,WAS,0,0,0,0,0,78,1,22,1,5,0,3,0,0,0,0,0,0,0,0,0,0,,,,,
Michael Campanaro,WR,BAL,14,PIT,0,0,0,0,0,0,0,0,1,8,0,3,0,0,0,0,0,0,0,0,0,0,,,,,
Michael Crabtree,WR,LV,14,KC,0,0,0,0,0,0,0,0,7,60,0,13,0,0,1,0,0,0,0,0,0,0,,,,,
Michael Floyd,WR,MIN,14,CAR,0,0,0,0,0,0,0,0,1,3,0,2,0,0,0,0,0,0,0,0,0,0,,,,,
Michael Hoomanawanui,TE,NO,14,ATL,0,0,0,0,0,0,0,0,0,0,0,1,0,0,0,0,0,0,0,0,0,0,,,,,
Michael Roberts,TE,DET,14,TB,0,0,0,0,0,0,0,0,2,8,0,2,0,0,0,0,0,0,0,0,0,0,,,,,
Michael Thomas,WR,NO,14,ATL,0,0,0,0,0,0,0,0,10,117,1,14,0,0,0,0,0,0,0,0,0,0,,,,,
Mike Davis,RB,SEA,14,JAX,0,0,0,0,0,66,0,15,1,-1,0,2,0,0,0,0,0,0,0,0,0,0,,,,,
Mike Evans,WR,TB,14,DET,0,0,0,0,0,0,0,0,2,25,0,5,0,0,0,0,0,0,0,0,0,0,,,,,
Mike Nugent,K,CHI,14,CIN,0,0,0,0,0,0,0,0,0,0,0,0,0,0,0,0,1,1,0,0,0,3,,,,,
Mike Thomas,WR,LA,14,PHI,0,0,0,0,0,0,0,0,1,6,0,1,0,0,0,0,0,0,0,0,0,0,,,,,
Mike Wallace,WR,BAL,14,PIT,0,0,0,0,0,0,0,0,3,72,0,5,0,0,0,0,0,0,0,0,0,0,,,,,
Mike Williams,WR,LAC,14,WAS,0,0,0,0,0,0,0,0,1,3,0,3,0,0,0,0,0,0,0,0,0,0,,,,,
Mitchell Trubisky,QB,CHI,14,CIN,271,1,32,25,0,5,1,2,0,0,0,0,0,0,0,0,0,0,0,0,0,0,,,,,
Mohamed Sanu,WR,ATL,14,NO,0,0,0,0,0,0,0,0,6,83,1,8,0,0,0,0,0,0,0,0,0,0,,,,,
NE,DEF,NE,14,MIA,,,,,,,,,,,,,,,,,,,,,,,0,0,0,0,27.0
NO,DEF,NO,14,ATL,,,,,,,,,,,,,,,,,,,,,,,0,0,0,0,20.0
NYG,DEF,NYG,14,DAL,,,,,,,,,,,,,,,,,,,,,,,0,0,0,0,30.0
NYJ,DEF,NYJ,14,DEN,,,,,,,,,,,,,,,,,,,,,,,0,0,0,0,23.0
Nathan Peterman,QB,BUF,14,IND,36,1,9,4,0,10,0,4,0,0,0,0,0,0,0,0,0,0,0,0,0,0,,,,,
Nelson Agholor,WR,PHI,14,LA,0,0,0,0,0,0,0,0,8,64,0,11,0,0,0,0,0,0,0,0,0,0,,,,,
Nick Boyle,TE,BAL,14,PIT,0,0,0,0,0,0,0,0,1,1,0,1,0,0,0,0,0,0,0,0,0,0,,,,,
Nick Foles,QB,PHI,14,LA,42,0,10,6,0,9,0,1,0,0,0,0,0,0,0,0,0,0,0,0,0,0,,,,,
Nick O'Leary,TE,BUF,14,IND,0,0,0,0,0,0,0,0,1,9,0,1,0,0,0,0,0,0,0,0,0,0,,,,,
Nick Rose,K,WAS,14,LAC,0,0,0,0,0,0,0,0,0,0,0,0,0,0,0,0,0,0,0,0,0,1,,,,,
Nick Vannett,TE,SEA,14,JAX,0,0,0,0,0,0,0,0,0,0,0,1,0,0,0,0,0,0,0,0,0,0,,,,,
Niles Paul,TE,WAS,14,LAC,0,0,0,0,0,0,0,0,1,15,0,1,0,0,0,0,0,0,0,0,0,0,,,,,
Noah Brown,WR,DAL,14,NYG,0,0,0,0,0,0,0,0,0,0,0,2,0,0,0,0,0,0,0,0,0,0,,,,,
O.J. Howard,TE,TB,14,DET,0,0,0,0,0,0,0,0,4,54,1,6,0,0,0,0,0,0,0,0,0,0,,,,,
Orleans Darkwa,RB,NYG,14,DAL,0,0,0,0,0,29,0,10,2,15,0,3,0,0,0,0,0,0,0,0,0,0,,,,,
PHI,DEF,PHI,14,LA,,,,,,,,,,,,,,,,,,,,,,,0,0,0,0,35.0
PIT,DEF,PIT,14,BAL,,,,,,,,,,,,,,,,,,,,,,,0,0,0,0,38.0
Patrick Murray,K,TB,14,DET,0,0,0,0,0,0,0,0,0,0,0,0,0,0,0,0,0,0,0,0,0,3,,,,,
Patrick Ricard,RB,BAL,14,PIT,0,0,0,0,0,0,0,0,1,6,1,1,0,0,0,0,0,0,0,0,0,0,,,,,
Paul Richardson,WR,SEA,14,JAX,0,0,0,0,0,0,0,0,3,72,1,7,0,0,0,0,0,0,0,0,0,0,,,,,
Peyton Barber,RB,TB,14,DET,0,0,0,0,0,58,0,12,1,5,0,1,0,0,0,0,0,0,0,0,0,0,,,,,
Pharoh Cooper,WR,LA,14,PHI,0,0,0,0,0,0,0,0,1,1,0,2,0,0,0,0,0,0,0,0,0,0,,,,,
Phil Dawson,K,ARI,14,TEN,0,0,0,0,0,0,0,0,0,0,0,0,0,0,0,0,1,2,1,0,0,0,,,,,
Philip Rivers,QB,LAC,14,WAS,319,2,31,18,0,0,0,0,0,0,0,0,0,0,0,0,0,0,0,0,0,0,,,,,
Phillip Supernaw,TE,TEN,14,ARI,0,0,0,0,0,0,0,0,0,0,0,1,0,0,0,0,0,0,0,0,0,0,,,,,
Randall Cobb,WR,GB,14,CLE,0,0,0,0,0,0,0,0,8,39,0,8,0,0,0,0,0,0,0,0,0,0,,,,,
Randall Telfer,TE,CLE,14,GB,0,0,0,0,0,0,0,0,1,12,0,2,0,0,0,0,0,0,0,0,0,0,,,,,
Randy Bullock,K,CIN,14,CHI,0,0,0,0,0,0,0,0,0,0,0,0,0,0,0,0,0,0,0,0,0,1,,,,,
Rashard Higgins,WR,CLE,14,GB,0,0,0,0,0,0,0,0,0,0,0,1,0,0,0,0,0,0,0,0,0,0,,,,,
Rex Burkhead,RB,NE,14,MIA,0,0,0,0,0,8,1,5,5,45,0,5,0,0,0,0,0,0,0,0,0,0,,,,,
Rhett Ellison,TE,NYG,14,DAL,0,0,0,0,0,0,0,0,4,20,1,5,0,0,0,0,0,0,0,0,0,0,,,,,
Richard Rodgers,TE,GB,14,CLE,0,0,0,0,0,0,0,0,0,0,0,1,0,0,0,0,0,0,0,0,0,0,,,,,
Ricky Seals-Jones,TE,ARI,14,TEN,0,0,0,0,0,0,0,0,1,20,0,3,0,0,0,0,0,0,0,0,0,0,,,,,
Rishard Matthews,WR,TEN,14,ARI,0,0,0,0,0,0,0,0,3,19,0,5,0,0,0,0,0,0,0,0,0,0,,,,,
Robbie Chosen,WR,NYJ,14,DEN,0,0,0,0,0,0,0,0,3,27,0,6,0,0,0,0,0,0,0,0,0,0,,,,,
Robbie Gould,K,SF,14,HOU,0,0,0,0,0,0,0,0,0,0,0,0,0,0,0,0,1,1,1,1,0,2,,,,,
Rod Smith,RB,DAL,14,NYG,0,0,0,0,0,47,1,6,5,113,1,5,0,0,0,0,0,0,0,0,0,0,,,,,
Roger Lewis,WR,NYG,14,DAL,0,0,0,0,0,0,0,0,7,46,0,11,0,0,0,0,0,0,0,0,0,0,,,,,
Ross Travis,TE,IND,14,BUF,0,0,0,0,0,0,0,0,0,0,0,2,0,0,0,0,0,0,0,0,0,0,,,,,
Russell Shepard,WR,CAR,14,MIN,0,0,0,0,0,8,0,1,0,0,0,0,0,0,0,0,0,0,0,0,0,0,,,,,
Russell Wilson,QB,SEA,14,JAX,271,3,31,17,3,50,0,5,0,0,0,0,0,0,0,0,0,0,0,0,0,0,,,,,
Ryan Grant,WR,WAS,14,LAC,0,0,0,0,0,0,0,0,1,28,0,1,0,0,0,0,0,0,0,0,0,0,,,,,
Ryan Hewitt,TE,CIN,14,CHI,0,0,0,0,0,0,0,0,1,6,0,1,0,0,0,0,0,0,0,0,0,0,,,,,
Ryan Succop,K,TEN,14,ARI,0,0,0,0,0,0,0,0,0,0,0,0,0,0,0,0,0,0,0,0,0,1,,,,,
Ryan Switzer,WR,DAL,14,NYG,0,0,0,0,0,0,0,0,0,0,0,0,0,0,0,0,0,0,0,0,0,0,,,,,
SEA,DEF,SEA,14,JAX,,,,,,,,,,,,,,,,,,,,,,,0,0,0,0,30.0
SF,DEF,SF,14,HOU,,,,,,,,,,,,,,,,,,,,,,,0,0,0,0,16.0
Samaje Perine,RB,WAS,14,LAC,0,0,0,0,0,45,0,17,4,7,0,4,0,0,0,0,0,0,0,0,0,0,,,,,
Sammy Watkins,WR,LA,14,PHI,0,0,0,0,0,0,0,0,3,21,1,7,0,0,0,0,0,0,0,0,0,0,,,,,
Senorise Perry,RB,MIA,14,NE,0,0,0,0,0,0,0,0,0,0,0,0,0,0,0,0,0,0,0,0,0,0,,,,,
Seth DeValve,TE,CLE,14,GB,0,0,0,0,0,0,0,0,2,16,0,3,0,0,0,0,0,0,0,0,0,0,,,,,
Seth Roberts,WR,LV,14,KC,0,0,0,0,0,0,0,0,3,24,0,3,0,0,0,0,0,0,0,0,0,0,,,,,
Shane Vereen,RB,NYG,14,DAL,0,0,0,0,0,23,0,6,3,24,0,4,0,0,0,0,0,0,0,0,0,0,,,,,
Shelton Gibson,WR,PHI,14,LA,0,0,0,0,0,0,0,0,0,0,0,0,0,0,0,0,0,0,0,0,0,0,,,,,
Stefon Diggs,WR,MIN,14,CAR,0,0,0,0,0,0,0,0,6,64,0,10,0,0,0,0,0,0,0,0,0,0,,,,,
Stephen Anderson,TE,HOU,14,SF,0,0,0,0,0,0,0,0,2,16,0,6,0,0,0,0,0,0,0,0,0,0,,,,,
Stephen Gostkowski,K,NE,14,MIA,0,0,0,0,0,0,0,0,0,0,0,0,0,0,0,0,0,1,1,0,0,2,,,,,
Sterling Shepard,WR,NYG,14,DAL,0,0,0,0,0,-9,0,1,2,16,0,3,0,0,0,0,0,0,0,0,0,0,,,,,
Steven Hauschka,K,BUF,14,IND,0,0,0,0,0,0,0,0,0,0,0,0,0,0,0,0,0,0,0,0,0,1,,,,,
T.J. Jones,WR,DET,14,TB,0,0,0,0,0,0,0,0,3,26,0,3,0,0,0,0,0,0,0,0,0,0,,,,,
T.J. Yates,QB,HOU,14,SF,175,2,26,14,0,31,0,3,0,0,0,0,0,0,0,0,0,0,0,0,0,0,,,,,
T.J. Yeldon,RB,JAX,14,SEA,0,0,0,0,0,9,0,2,0,0,0,0,0,0,0,0,0,0,0,0,0,0,,,,,
T.Y. Hilton,WR,IND,14,BUF,0,0,0,0,0,0,0,0,2,20,0,4,0,0,0,0,0,0,0,0,0,0,,,,,
TB,DEF,TB,14,DET,,,,,,,,,,,,,,,,,,,,,,,0,0,0,0,24.0
TEN,DEF,TEN,14,ARI,,,,,,,,,,,,,,,,,,,,,,,0,0,0,0,12.0
Tarik Cohen,RB,CHI,14,CIN,0,0,0,0,0,80,0,12,2,5,0,2,0,0,0,0,0,0,0,0,0,0,,,,,
Tavon Austin,WR,LA,14,PHI,0,0,0,0,0,6,0,1,0,-9,0,0,0,0,0,0,0,0,0,0,0,0,,,,,
Taylor Gabriel,WR,ATL,14,NO,0,0,0,0,0,9,0,1,1,10,0,1,0,0,0,0,0,0,0,0,0,0,,,,,
Taywan Taylor,WR,TEN,14,ARI,0,0,0,0,0,0,0,0,0,0,0,1,0,0,0,0,0,0,0,0,0,0,,,,,
Ted Ginn,WR,NO,14,ATL,0,0,0,0,0,-3,0,1,2,10,0,2,0,0,0,0,0,0,0,0,0,0,,,,,
Terrance Williams,WR,DAL,14,NYG,0,0,0,0,0,0,0,0,3,25,0,6,0,0,0,0,0,0,0,0,0,0,,,,,
Tevin Coleman,RB,ATL,14,NO,0,0,0,0,0,32,0,9,0,0,0,0,0,0,0,0,0,0,0,0,0,0,,,,,
Theo Riddick,RB,DET,14,TB,0,0,0,0,0,29,2,10,6,64,0,10,0,0,0,0,0,0,0,0,0,0,,,,,
Tion Green,RB,DET,14,TB,0,0,0,0,0,15,0,5,0,0,0,0,0,0,0,0,0,0,0,0,0,0,,,,,
Todd Gurley,RB,LA,14,PHI,0,0,0,0,0,96,2,13,3,39,0,5,0,0,0,0,0,0,0,0,0,0,,,,,
Tom Brady,QB,NE,14,MIA,233,1,43,24,2,0,0,0,0,0,0,0,0,0,0,0,0,0,0,0,0,0,,,,,
Tom Savage,QB,HOU,14,SF,63,0,12,6,0,0,0,0,0,0,0,0,0,0,0,0,0,0,0,0,0,0,,,,,
Tommylee Lewis,WR,NO,14,ATL,0,0,0,0,0,0,0,0,2,30,1,2,0,0,0,0,0,0,0,0,0,0,,,,,
Torrey Smith,WR,PHI,14,LA,0,0,0,0,0,0,0,0,6,100,0,11,0,0,0,0,0,0,0,0,0,0,,,,,
Travaris Cadet,RB,BUF,14,IND,0,0,0,0,0,2,0,4,0,0,0,0,0,0,0,0,0,0,0,0,0,0,,,,,
Travis Benjamin,WR,LAC,14,WAS,0,0,0,0,0,22,0,1,2,21,0,4,0,0,0,0,0,0,0,0,0,0,,,,,
Travis Coons,K,LAC,14,WAS,0,0,0,0,0,0,0,0,0,0,0,0,0,0,0,0,1,2,0,0,0,3,,,,,
Travis Kelce,TE,KC,14,LV,0,0,0,0,0,0,0,0,7,74,0,13,0,0,0,0,0,0,0,0,0,0,,,,,
Trent Taylor,WR,SF,14,HOU,0,0,0,0,0,0,0,0,2,11,0,3,0,0,0,0,0,0,0,0,0,0,,,,,
Trevor Davis,WR,GB,14,CLE,0,0,0,0,0,0,0,0,0,0,0,1,0,0,0,0,0,0,0,0,0,0,,,,,
Trevor Siemian,QB,DEN,14,NYJ,200,1,31,19,0,13,0,3,0,0,0,0,0,0,0,0,0,0,0,0,0,0,,,,,
Trey Burton,TE,PHI,14,LA,0,0,0,0,0,0,0,0,5,71,2,6,0,0,0,0,0,0,0,0,0,0,,,,,
Trey Edmunds,RB,NO,14,ATL,0,0,0,0,0,0,0,0,0,0,0,0,0,0,0,0,0,0,0,0,0,0,,,,,
Troy Niklas,TE,ARI,14,TEN,0,0,0,0,0,0,0,0,1,7,0,2,0,0,0,0,0,0,0,0,0,0,,,,,
Tyler Boyd,WR,CIN,14,CHI,0,0,0,0,0,0,0,0,1,15,0,4,0,0,0,0,0,0,0,0,0,0,,,,,
Tyler Kroft,TE,CIN,14,CHI,0,0,0,0,0,0,0,0,0,0,0,1,0,0,0,0,0,0,0,0,0,0,,,,,
Tyler Lockett,WR,SEA,14,JAX,0,0,0,0,0,10,0,1,4,90,1,5,0,0,0,0,0,0,0,0,0,0,,,,,
Tyreek Hill,WR,KC,14,LV,0,0,0,0,0,0,0,0,4,75,0,6,0,0,0,0,0,0,0,0,0,0,,,,,
Tyrell Williams,WR,LAC,14,WAS,0,0,0,0,0,0,0,0,4,132,1,4,0,0,0,0,0,0,0,0,0,0,,,,,
Vance McDonald,TE,PIT,14,BAL,0,0,0,0,0,0,0,0,4,52,0,6,0,0,0,0,0,0,0,0,0,0,,,,,
Vernon Davis,TE,WAS,14,LAC,0,0,0,0,0,0,0,0,2,26,1,7,0,0,0,0,0,0,0,0,0,0,,,,,
Victor Bolden,WR,SF,14,HOU,0,0,0,0,0,0,0,0,0,0,0,0,0,0,0,0,0,0,0,0,0,0,,,,,
Vince Mayle,TE,BAL,14,PIT,0,0,0,0,0,0,0,0,0,0,0,0,0,0,0,0,0,0,0,0,0,0,,,,,
WAS,DEF,WAS,14,LAC,,,,,,,,,,,,,,,,,,,,,,,1,0,0,0,30.0
Wayne Gallman,RB,NYG,14,DAL,0,0,0,0,0,59,0,12,7,40,0,9,0,0,0,0,0,0,0,0,0,0,,,,,
Wil Lutz,K,NO,14,ATL,0,0,0,0,0,0,0,0,0,0,0,0,0,0,0,0,0,1,0,0,0,2,,,,,
Will Fuller,WR,HOU,14,SF,0,0,0,0,0,0,0,0,3,26,0,5,0,0,0,0,0,0,0,0,0,0,,,,,
Willie Snead,WR,NO,14,ATL,0,0,0,0,0,0,0,0,1,0,0,2,0,0,0,0,0,0,0,0,0,0,,,,,
Xavier Grimble,TE,PIT,14,BAL,0,0,0,0,0,0,0,0,0,0,0,2,0,0,0,0,0,0,0,0,0,0,,,,,
Zach Zenner,RB,DET,14,TB,0,0,0,0,0,0,0,2,0,0,0,0,0,0,0,0,0,0,0,0,0,0,,,,,
Zane Gonzalez,K,CLE,14,GB,0,0,0,0,0,0,0,0,0,0,0,0,0,0,0,0,0,0,0,0,0,3,,,,,
A.J. Green,WR,CIN,15,MIN,0,0,0,0,0,0,0,0,2,30,0,4,0,0,0,0,0,0,0,0,0,0,,,,,
AJ McCarron,QB,CIN,15,MIN,19,0,6,3,0,0,0,0,0,0,0,0,0,0,0,0,0,0,0,0,0,0,,,,,
ARI,DEF,ARI,15,WAS,,,,,,,,,,,,,,,,,,,,,,,0,0,0,0,20.0
ATL,DEF,ATL,15,TB,,,,,,,,,,,,,,,,,,,,,,,0,0,0,0,21.0
Aaron Jones,RB,GB,15,CAR,0,0,0,0,0,47,0,3,1,6,0,2,0,0,0,0,0,0,0,0,0,0,,,,,
Aaron Rodgers,QB,GB,15,CAR,290,3,45,26,3,43,0,6,0,0,0,0,0,0,0,0,0,0,0,0,0,0,,,,,
Adam Humphries,WR,TB,15,ATL,0,0,0,0,0,6,0,1,5,43,1,5,0,0,0,0,0,0,0,0,0,0,,,,,
Adam Thielen,WR,MIN,15,CIN,0,0,0,0,0,0,0,0,3,30,0,5,0,0,0,0,0,0,0,0,0,0,,,,,
Adam Vinatieri,K,IND,15,DEN,0,0,0,0,0,0,0,0,0,0,0,0,0,0,0,0,0,1,1,0,0,1,,,,,
Akeem Hunt,RB,KC,15,LAC,0,0,0,0,0,0,0,0,0,0,0,0,0,0,0,0,0,0,0,0,0,0,,,,,
Alan Cross,TE,TB,15,ATL,0,0,0,0,0,0,0,0,1,23,0,2,0,0,0,0,0,0,0,0,0,0,,,,,
Albert Wilson,WR,KC,15,LAC,0,0,0,0,0,0,0,0,1,15,0,2,0,0,0,0,0,0,0,0,0,0,,,,,
Aldrick Robinson,WR,SF,15,TEN,0,0,0,0,0,0,0,0,1,3,0,2,0,0,0,0,0,0,0,0,0,0,,,,,
Aldrick Rosas,K,NYG,15,PHI,0,0,0,0,0,0,0,0,0,0,0,0,0,0,0,0,1,0,0,0,0,2,,,,,
Alex Collins,RB,BAL,15,CLE,0,0,0,0,0,19,0,12,5,33,0,8,0,0,0,0,0,0,0,0,0,0,,,,,
Alex Erickson,WR,CIN,15,MIN,0,0,0,0,0,0,0,0,1,11,0,2,0,0,0,0,0,0,0,0,0,0,,,,,
Alex Smith,QB,KC,15,LAC,231,2,30,23,0,13,0,3,0,0,0,0,0,0,0,0,0,0,0,0,0,0,,,,,
Alfred Blue,RB,HOU,15,JAX,0,0,0,0,0,55,0,12,0,0,0,1,0,0,0,0,0,0,0,0,0,0,,,,,
Alfred Morris,RB,DAL,15,LV,0,0,0,0,0,61,0,16,2,0,0,2,0,0,0,0,0,0,0,0,0,0,,,,,
Alshon Jeffery,WR,PHI,15,NYG,0,0,0,0,0,0,0,0,4,49,1,10,0,0,0,0,0,0,0,0,0,0,,,,,
Alvin Kamara,RB,NO,15,NYJ,0,0,0,0,0,44,0,12,6,45,1,7,0,0,0,0,0,0,0,0,0,0,,,,,
Amara Darboh,WR,SEA,15,LA,0,0,0,0,0,0,0,0,1,8,0,1,0,0,0,0,0,0,0,0,0,0,,,,,
Ameer Abdullah,RB,DET,15,CHI,0,0,0,0,0,8,0,1,3,13,0,4,0,0,0,0,0,0,0,0,0,0,,,,,
Andre Roberts,WR,ATL,15,TB,0,0,0,0,0,0,0,0,0,0,0,0,0,0,0,0,0,0,0,0,0,0,,,,,
Andy Dalton,QB,CIN,15,MIN,113,0,22,11,2,0,0,0,0,0,0,0,0,0,0,0,0,0,0,0,0,0,,,,,
Anthony Fasano,TE,MIA,15,BUF,0,0,0,0,0,0,0,0,2,15,0,2,0,0,0,0,0,0,0,0,0,0,,,,,
Antonio Brown,WR,PIT,15,NE,0,0,0,0,0,0,0,0,2,24,0,3,0,0,0,0,0,0,0,0,0,0,,,,,
Antonio Gates,TE,LAC,15,KC,0,0,0,0,0,0,0,0,1,10,1,3,0,0,0,0,0,0,0,0,0,0,,,,,
Antony Auclair,TE,TB,15,ATL,0,0,0,0,0,0,0,0,1,14,0,1,0,0,0,0,0,0,0,0,0,0,,,,,
ArDarius Stewart,WR,NYJ,15,NO,0,0,0,0,0,0,0,0,0,0,0,1,0,0,0,0,0,0,0,0,0,0,,,,,
Austin Ekeler,RB,LAC,15,KC,0,0,0,0,0,13,0,2,1,6,0,1,0,0,0,0,0,0,0,0,0,0,,,,,
Austin Hooper,TE,ATL,15,TB,0,0,0,0,0,0,0,0,2,12,0,2,0,0,0,0,0,0,0,0,0,0,,,,,
Austin Seferian-Jenkins,TE,NYJ,15,NO,0,0,0,0,0,0,0,0,2,13,0,2,0,0,0,0,0,0,0,0,0,0,,,,,
Austin Traylor,TE,DEN,15,IND,0,0,0,0,0,0,0,0,0,0,0,0,0,0,0,0,0,0,0,0,0,0,,,,,
BAL,DEF,BAL,15,CLE,,,,,,,,,,,,,,,,,,,,,,,0,0,0,0,10.0
BUF,DEF,BUF,15,MIA,,,,,,,,,,,,,,,,,,,,,,,0,0,0,0,16.0
Ben Koyack,TE,JAX,15,HOU,0,0,0,0,0,0,0,0,1,0,0,1,0,0,0,0,0,0,0,0,0,0,,,,,
Ben Roethlisberger,QB,PIT,15,NE,281,2,30,22,1,10,0,3,0,0,0,0,0,0,0,0,0,0,0,0,0,0,,,,,
Benjamin Watson,TE,BAL,15,CLE,0,0,0,0,0,0,0,0,4,74,1,4,0,0,0,0,0,0,0,0,0,0,,,,,
Bennie Fowler,WR,DEN,15,IND,0,0,0,0,0,0,0,0,0,0,0,0,0,0,0,0,0,0,0,0,0,0,,,,,
Benny Cunningham,RB,CHI,15,DET,0,0,0,0,0,0,0,0,4,33,1,5,0,0,0,0,0,0,0,0,0,0,,,,,
Bilal Powell,RB,NYJ,15,NO,0,0,0,0,0,44,1,13,0,0,0,1,0,0,0,0,0,0,0,0,0,0,,,,,
Blaine Gabbert,QB,ARI,15,WAS,189,0,41,16,1,28,0,6,0,0,0,0,0,0,0,0,0,0,0,0,0,0,,,,,
Blair Walsh,K,SEA,15,LA,0,0,0,0,0,0,0,0,0,0,0,0,0,0,0,0,0,0,0,0,0,1,,,,,
Blake Bortles,QB,JAX,15,HOU,326,3,29,21,0,0,0,0,0,0,0,0,0,0,0,0,0,0,0,0,0,0,,,,,
Branden Oliver,RB,LAC,15,KC,0,0,0,0,0,0,0,0,0,0,0,1,0,0,0,0,0,0,0,0,0,0,,,,,
Brandin Cooks,WR,NE,15,PIT,0,0,0,0,0,0,0,0,4,60,1,7,0,0,0,0,0,0,0,0,0,0,,,,,
Brandon Coleman,WR,NO,15,NYJ,0,0,0,0,0,0,0,0,3,16,0,5,0,0,0,0,0,0,0,0,0,0,,,,,
Brandon LaFell,WR,CIN,15,MIN,0,0,0,0,0,0,0,0,2,53,0,6,0,0,0,0,0,0,0,0,0,0,,,,,
Brandon McManus,K,DEN,15,IND,0,0,0,0,0,0,0,0,0,0,0,0,0,0,0,0,0,0,1,0,0,2,,,,,
Brandon Tate,WR,BUF,15,MIA,0,0,0,0,0,0,0,0,1,21,0,1,0,0,0,0,0,0,0,0,0,0,,,,,
Brandon Williams,TE,IND,15,DEN,0,0,0,0,0,0,0,0,0,0,0,1,0,0,0,0,0,0,0,0,0,0,,,,,
Breshad Perriman,WR,BAL,15,CLE,0,0,0,0,0,0,0,0,1,9,0,2,0,0,0,0,0,0,0,0,0,0,,,,,
Brian Hill,RB,CIN,15,MIN,0,0,0,0,0,12,0,5,0,0,0,0,0,0,0,0,0,0,0,0,0,0,,,,,
Brian Quick,WR,WAS,15,ARI,0,0,0,0,0,0,0,0,0,0,0,0,0,0,0,0,0,0,0,0,0,0,,,,,
Brittan Golden,WR,ARI,15,WAS,0,0,0,0,0,0,0,0,0,0,0,0,0,0,0,0,0,0,0,0,0,0,,,,,
Brock Osweiler,QB,DEN,15,IND,194,2,17,12,0,15,1,4,0,0,0,0,0,0,1,0,0,0,0,0,0,0,,,,,
Bryce Petty,QB,NYJ,15,NO,179,1,39,19,2,16,0,2,0,0,0,0,0,0,0,0,0,0,0,0,0,0,,,,,
C.J. Anderson,RB,DEN,15,IND,0,0,0,0,0,158,0,30,0,0,0,1,0,0,0,0,0,0,0,0,0,0,,,,,
C.J. Uzomah,TE,CIN,15,MIN,0,0,0,0,0,0,0,0,4,24,0,4,0,0,0,0,0,0,0,0,0,0,,,,,
CAR,DEF,CAR,15,GB,,,,,,,,,,,,,,,,,,,,,,,0,0,0,0,24.0
CHI,DEF,CHI,15,DET,,,,,,,,,,,,,,,,,,,,,,,0,0,0,0,20.0
CIN,DEF,CIN,15,MIN,,,,,,,,,,,,,,,,,,,,,,,0,0,0,0,34.0
CLE,DEF,CLE,15,BAL,,,,,,,,,,,,,,,,,,,,,,,0,0,0,0,27.0
Cam Newton,QB,CAR,15,GB,242,4,31,20,0,58,0,14,0,0,0,0,0,0,0,0,0,0,0,0,0,0,,,,,
Cameron Brate,TE,TB,15,ATL,0,0,0,0,0,0,0,0,4,49,0,5,0,0,0,0,0,0,0,0,0,0,,,,,
Carlos Hyde,RB,SF,15,TEN,0,0,0,0,0,25,0,16,2,14,0,2,0,0,0,0,0,0,0,0,0,0,,,,,
Case Keenum,QB,MIN,15,CIN,236,2,23,20,0,20,0,1,0,0,0,0,0,0,0,0,0,0,0,0,0,0,,,,,
Chad Hansen,WR,NYJ,15,NO,0,0,0,0,0,0,0,0,3,21,0,4,0,0,0,0,0,0,0,0,0,0,,,,,
Chad Henne,QB,JAX,15,HOU,0,0,0,0,0,-2,0,2,0,0,0,0,0,0,0,0,0,0,0,0,0,0,,,,,
Chad Williams,WR,ARI,15,WAS,0,0,0,0,0,0,0,0,0,0,0,0,0,0,0,0,0,0,0,0,0,0,,,,,
Chandler Catanzaro,K,NYJ,15,NO,0,0,0,0,0,0,0,0,0,0,0,0,0,0,0,0,2,0,0,0,0,1,,,,,
Charcandrick West,RB,KC,15,LAC,0,0,0,0,0,6,0,5,0,0,0,1,0,0,0,0,0,0,0,0,0,0,,,,,
Charles Clay,TE,BUF,15,MIA,0,0,0,0,0,0,0,0,5,68,0,9,0,0,0,0,0,0,0,0,0,0,,,,,
Charles Sims,RB,TB,15,ATL,0,0,0,0,0,0,0,0,4,6,0,4,0,0,0,0,0,0,0,0,0,0,,,,,
Chester Rogers,WR,IND,15,DEN,0,0,0,0,0,7,0,1,0,0,0,3,0,0,0,0,0,0,0,0,0,0,,,,,
Chris Boswell,K,PIT,15,NE,0,0,0,0,0,0,0,0,0,0,0,0,0,0,0,0,0,0,0,1,0,3,,,,,
Chris Godwin Jr.,WR,TB,15,ATL,0,0,0,0,0,0,0,0,1,18,0,2,0,0,0,0,0,0,0,0,0,0,,,,,
Chris Ivory,RB,JAX,15,HOU,0,0,0,0,0,42,0,17,0,0,0,0,0,0,0,0,0,0,0,0,0,0,,,,,
Chris Moore,WR,BAL,15,CLE,0,0,0,0,0,0,0,0,0,0,0,3,0,0,0,0,0,0,0,0,0,0,,,,,
Chris Thompson,WR,HOU,15,JAX,0,0,0,0,0,0,0,0,0,0,0,0,0,0,0,0,0,0,0,0,0,0,,,,,
Christian McCaffrey,RB,CAR,15,GB,0,0,0,0,0,63,0,12,6,73,1,7,0,0,0,0,0,0,0,0,0,0,,,,,
Cobi Hamilton,WR,HOU,15,JAX,0,0,0,0,0,0,0,0,0,0,0,1,0,0,0,0,0,0,0,0,0,0,,,,,
Cody Latimer,WR,DEN,15,IND,0,0,0,0,0,0,0,0,3,60,1,4,0,0,1,0,0,0,0,0,0,0,,,,,
Cody Parkey,K,MIA,15,BUF,0,0,0,0,0,0,0,0,0,0,0,0,0,0,0,0,2,0,1,0,0,1,,,,,
Cole Beasley,WR,DAL,15,LV,0,0,0,0,0,0,0,0,1,15,0,5,0,0,0,0,0,0,0,0,0,0,,,,,
Cooper Kupp,WR,LA,15,SEA,0,0,0,0,0,0,0,0,2,21,0,3,0,0,0,0,0,0,0,0,0,0,,,,,
Cordarrelle Patterson,RB,LV,15,DAL,0,0,0,0,0,-4,0,1,1,7,0,2,0,0,0,0,0,0,0,0,0,0,,,,,
Corey Clement,RB,PHI,15,NYG,0,0,0,0,0,17,0,4,1,1,0,1,0,0,0,0,0,0,0,0,0,0,,,,,
Corey Coleman,WR,CLE,15,BAL,0,0,0,0,0,0,0,0,1,16,0,4,0,0,0,0,0,0,0,0,0,0,,,,,
Corey Davis,WR,TEN,15,SF,0,0,0,0,0,0,0,0,3,28,0,5,0,0,0,0,0,0,0,0,0,0,,,,,
Corey Grant,RB,JAX,15,HOU,0,0,0,0,0,69,1,10,0,0,0,0,0,0,0,0,0,0,0,0,0,0,,,,,
D.J. Foster,RB,ARI,15,WAS,0,0,0,0,0,0,0,0,4,22,0,9,0,0,0,0,0,0,0,0,0,0,,,,,
DAL,DEF,DAL,15,LV,,,,,,,,,,,,,,,,,,,,,,,0,0,0,0,17.0
DEN,DEF,DEN,15,IND,,,,,,,,,,,,,,,,,,,,,,,0,0,0,0,13.0
DET,DEF,DET,15,CHI,,,,,,,,,,,,,,,,,,,,,,,0,0,0,0,10.0
Dak Prescott,QB,DAL,15,LV,212,0,27,18,2,32,1,6,0,0,0,0,0,0,0,0,0,0,0,0,0,0,,,,,
Damiere Byrd,WR,CAR,15,GB,0,0,0,0,0,0,0,0,3,25,2,4,0,0,0,0,0,0,0,0,0,0,,,,,
Dan Bailey,K,DAL,15,LV,0,0,0,0,0,0,0,0,0,0,0,0,0,0,0,1,0,0,1,0,0,2,,,,,
Daniel Brown,TE,CHI,15,DET,0,0,0,0,0,0,0,0,3,32,0,4,0,0,0,0,0,0,0,0,0,0,,,,,
Danny Amendola,WR,NE,15,PIT,0,0,0,0,0,0,0,0,2,23,0,4,0,0,0,0,0,0,0,0,0,0,,,,,
Danny Woodhead,RB,BAL,15,CLE,0,0,0,0,0,1,0,1,6,31,0,7,0,0,0,0,0,0,0,0,0,0,,,,,
Darren Fells,TE,DET,15,CHI,0,0,0,0,0,0,0,0,0,0,0,0,0,0,0,0,0,0,0,0,0,0,,,,,
Darrius Heyward-Bey,WR,PIT,15,NE,0,0,0,0,0,0,0,0,1,3,0,1,0,0,0,0,0,0,0,0,0,0,,,,,
Davante Adams,WR,GB,15,CAR,0,0,0,0,0,0,0,0,5,57,1,7,0,0,0,0,0,0,0,0,0,0,,,,,
David Morgan,TE,MIN,15,CIN,0,0,0,0,0,0,0,0,0,0,0,0,0,0,0,0,0,0,0,0,0,0,,,,,
David Njoku,TE,CLE,15,BAL,0,0,0,0,0,0,0,0,0,0,0,3,0,0,0,0,0,0,0,0,0,0,,,,,
De'Anthony Thomas,WR,KC,15,LAC,0,0,0,0,0,0,0,0,2,6,0,2,0,0,0,0,0,0,0,0,0,0,,,,,
DeAndre Hopkins,WR,HOU,15,JAX,0,0,0,0,0,0,0,0,4,80,1,13,0,0,0,0,0,0,0,0,0,0,,,,,
DeAndre Washington,RB,LV,15,DAL,0,0,0,0,0,3,0,2,2,16,0,3,0,0,0,0,0,0,0,0,0,0,,,,,
DeAndrew White,WR,HOU,15,JAX,0,0,0,0,0,0,0,0,0,0,0,1,0,0,0,0,0,0,0,0,0,0,,,,,
DeMarco Murray,RB,TEN,15,SF,0,0,0,0,0,59,0,18,1,4,0,1,0,0,0,0,0,0,0,0,0,0,,,,,
DeSean Jackson,WR,TB,15,ATL,0,0,0,0,0,7,0,1,1,11,0,1,0,0,0,0,0,0,0,0,0,0,,,,,
DeShone Kizer,QB,CLE,15,BAL,146,0,37,20,2,35,0,7,0,0,0,0,0,0,0,0,0,0,0,0,0,0,,,,,
DeVante Parker,WR,MIA,15,BUF,0,0,0,0,0,0,0,0,6,89,0,12,0,0,0,0,0,0,0,0,0,0,,,,,
Dede Westbrook,WR,JAX,15,HOU,0,0,0,0,0,0,0,0,2,21,0,2,0,0,0,0,0,0,0,0,0,0,,,,,
Delanie Walker,TE,TEN,15,SF,0,0,0,0,0,0,0,0,5,37,1,10,0,0,0,0,0,0,0,0,0,0,,,,,
Demaryius Thomas,WR,DEN,15,IND,0,0,0,0,0,0,0,0,5,69,0,8,0,0,0,0,0,0,0,0,0,0,,,,,
Demetrius Harris,TE,KC,15,LAC,0,0,0,0,0,0,0,0,1,7,0,2,0,0,0,0,0,0,0,0,0,0,,,,,
Deonte Thompson,WR,BUF,15,MIA,0,0,0,0,0,0,0,0,1,16,0,4,0,0,0,0,0,0,0,0,0,0,,,,,
Derek Carr,QB,LV,15,DAL,171,2,38,21,0,47,0,4,0,0,0,0,0,0,0,0,0,0,0,0,0,0,,,,,
Derek Carrier,TE,LA,15,SEA,0,0,0,0,0,0,0,0,1,4,0,2,0,0,0,0,0,0,0,0,0,0,,,,,
Derrick Henry,RB,TEN,15,SF,0,0,0,0,0,19,0,7,2,9,0,2,0,0,0,0,0,0,0,0,0,0,,,,,
Devin Funchess,WR,CAR,15,GB,0,0,0,0,0,0,0,0,1,19,0,4,0,0,0,0,0,0,0,0,0,0,,,,,
Devonta Freeman,RB,ATL,15,TB,0,0,0,0,0,126,1,22,5,68,0,7,0,0,0,0,0,0,0,0,0,0,,,,,
Devontae Booker,RB,DEN,15,IND,0,0,0,0,0,39,0,11,1,10,0,1,0,0,0,0,0,0,0,0,0,0,,,,,
Dez Bryant,WR,DAL,15,LV,0,0,0,0,0,-4,0,1,2,59,0,4,0,0,0,0,0,0,0,0,0,0,,,,,
Dion Lewis,RB,NE,15,PIT,0,0,0,0,0,67,1,13,1,13,0,2,0,0,0,0,0,0,0,0,0,0,,,,,
Dion Sims,TE,CHI,15,DET,0,0,0,0,0,0,0,0,1,9,0,1,0,0,0,0,0,0,0,0,0,0,,,,,
Dontrelle Inman,WR,CHI,15,DET,0,0,0,0,0,0,0,0,1,5,0,2,0,0,0,0,0,0,0,0,0,0,,,,,
Doug Baldwin,WR,SEA,15,LA,0,0,0,0,0,0,0,0,1,6,0,4,0,0,0,0,0,0,0,0,0,0,,,,,
Drew Brees,QB,NO,15,NYJ,281,2,36,26,1,-1,0,1,0,0,0,0,0,0,0,0,0,0,0,0,0,0,,,,,
Duke Johnson,RB,CLE,15,BAL,0,0,0,0,0,23,1,7,5,40,0,7,0,0,0,0,0,0,0,0,0,0,,,,,
Dustin Hopkins,K,WAS,15,ARI,0,0,0,0,0,0,0,0,0,0,0,0,0,0,0,0,1,1,0,0,0,2,,,,,
Dwayne Allen,TE,NE,15,PIT,0,0,0,0,0,0,0,0,1,10,0,1,0,0,0,0,0,0,0,0,0,0,,,,,
Eli Manning,QB,NYG,15,PHI,434,3,57,37,1,0,0,0,0,0,0,0,0,0,0,0,0,0,0,0,0,0,,,,,
Eli Rogers,WR,PIT,15,NE,0,0,0,0,0,0,0,0,1,18,1,2,0,0,0,0,0,0,0,0,0,0,,,,,
Elijah McGuire,RB,NYJ,15,NO,0,0,0,0,0,24,0,4,3,48,1,3,0,0,0,0,0,0,0,0,0,0,,,,,
Emmanuel Sanders,WR,DEN,15,IND,0,0,0,0,0,0,0,0,7,68,0,9,0,0,0,0,0,0,0,0,0,0,,,,,
Eric Decker,WR,TEN,15,SF,0,0,0,0,0,0,0,0,5,63,0,5,0,0,0,0,0,0,0,0,0,0,,,,,
Eric Ebron,TE,DET,15,CHI,0,0,0,0,0,0,0,0,5,33,1,7,0,0,0,0,0,0,0,0,0,0,,,,,
Evan Engram,TE,NYG,15,PHI,0,0,0,0,0,14,0,1,8,87,0,13,0,0,0,0,0,0,0,0,0,0,,,,,
Fitzgerald Toussaint,RB,PIT,15,NE,0,0,0,0,0,3,0,1,0,0,0,0,0,0,0,0,0,0,0,0,0,0,,,,,
Fozzy Whittaker,RB,CAR,15,GB,0,0,0,0,0,3,0,1,0,0,0,0,0,0,0,0,0,0,0,0,0,0,,,,,
Frank Gore,RB,IND,15,DEN,0,0,0,0,0,31,0,10,3,37,0,4,0,0,0,0,0,0,0,0,0,0,,,,,
Freddie Martino,WR,TB,15,ATL,0,0,0,0,0,0,0,0,1,11,0,1,0,0,0,0,0,0,0,0,0,0,,,,,
GB,DEF,GB,15,CAR,,,,,,,,,,,,,,,,,,,,,,,0,0,0,0,31.0
Gabe Holmes,TE,ARI,15,WAS,0,0,0,0,0,0,0,0,0,0,0,1,0,0,0,0,0,0,0,0,0,0,,,,,
Garrett Celek,TE,SF,15,TEN,0,0,0,0,0,0,0,0,3,63,1,3,0,0,0,0,0,0,0,0,0,0,,,,,
Garrett Griffin,TE,NO,15,NYJ,0,0,0,0,0,0,0,0,0,0,0,0,0,0,0,0,0,0,0,0,0,0,,,,,
George Kittle,TE,SF,15,TEN,0,0,0,0,0,0,0,0,4,52,0,5,0,0,0,0,0,0,0,0,0,0,,,,,
Gerald Everett,TE,LA,15,SEA,0,0,0,0,0,0,0,0,0,0,0,1,0,0,0,0,0,0,0,0,0,0,,,,,
Geronimo Allison,WR,GB,15,CAR,0,0,0,0,0,0,0,0,5,33,0,8,0,0,0,0,0,0,0,0,0,0,,,,,
Giorgio Tavecchio,K,LV,15,DAL,0,0,0,0,0,0,0,0,0,0,0,0,0,0,0,0,0,1,0,0,0,2,,,,,
Giovani Bernard,RB,CIN,15,MIN,0,0,0,0,0,30,1,14,3,13,0,5,0,0,0,0,0,0,0,0,0,0,,,,,
Golden Tate,WR,DET,15,CHI,0,0,0,0,0,0,0,0,3,33,0,5,0,0,0,0,0,0,0,0,0,0,,,,,
Graham Gano,K,CAR,15,GB,0,0,0,0,0,0,0,0,0,0,0,0,0,0,0,0,0,1,0,0,0,4,,,,,
Greg Olsen,TE,CAR,15,GB,0,0,0,0,0,0,0,0,9,116,1,12,0,0,0,0,0,0,0,0,0,0,,,,,
Greg Zuerlein,K,LA,15,SEA,0,0,0,0,0,0,0,0,0,0,0,0,0,0,0,0,0,2,0,0,0,4,,,,,
HOU,DEF,HOU,15,JAX,,,,,,,,,,,,,,,,,,,,,,,0,0,0,0,45.0
Harrison Butker,K,KC,15,LAC,0,0,0,0,0,0,0,0,0,0,0,0,0,0,0,0,1,1,0,1,0,3,,,,,
Hunter Henry,TE,LAC,15,KC,0,0,0,0,0,0,0,0,3,28,0,3,0,0,0,0,0,0,0,0,0,0,,,,,
IND,DEF,IND,15,DEN,,,,,,,,,,,,,,,,,,,,,,,0,0,0,0,25.0
Isaiah Crowell,RB,CLE,15,BAL,0,0,0,0,0,72,0,5,4,-7,0,5,0,0,0,0,0,0,0,0,0,0,,,,,
J.D. McKissic,RB,SEA,15,LA,0,0,0,0,0,20,0,6,3,38,0,4,0,0,0,0,0,0,0,0,0,0,,,,,
J.J. Nelson,WR,ARI,15,WAS,0,0,0,0,0,7,0,1,1,46,0,3,0,0,0,0,0,0,0,0,0,0,,,,,
JAX,DEF,JAX,15,HOU,,,,,,,,,,,,,,,,,,,,,,,0,0,0,0,7.0
Jack Doyle,TE,IND,15,DEN,0,0,0,0,0,0,0,0,7,47,0,8,0,0,0,0,0,0,0,0,0,0,,,,,
Jacob Hollister,TE,NE,15,PIT,0,0,0,0,0,0,0,0,0,0,0,1,0,0,0,0,0,0,0,0,0,0,,,,,
Jacoby Brissett,QB,IND,15,DEN,158,0,30,17,0,18,1,5,0,0,0,0,0,0,0,0,0,0,0,0,0,0,,,,,
Jacquizz Rodgers,RB,TB,15,ATL,0,0,0,0,0,0,0,0,0,0,0,0,0,0,0,0,0,0,0,0,0,0,,,,,
Jake Elliott,K,PHI,15,NYG,0,0,0,0,0,0,0,0,0,0,0,0,0,0,0,0,2,0,0,0,0,4,,,,,
Jakeem Grant,WR,MIA,15,BUF,0,0,0,0,0,7,0,1,1,13,0,1,0,0,0,0,0,0,0,0,0,0,,,,,
Jalen Richard,RB,LV,15,DAL,0,0,0,0,0,0,0,0,2,21,0,2,0,0,0,0,0,0,0,0,0,0,,,,,
Jamaal Williams,RB,GB,15,CAR,0,0,0,0,0,30,0,10,0,0,0,0,0,0,0,0,0,0,0,0,0,0,,,,,
Jamal Agnew,WR,DET,15,CHI,0,0,0,0,0,0,0,0,1,6,0,1,0,0,0,0,0,0,0,0,0,0,,,,,
Jameis Winston,QB,TB,15,ATL,299,3,35,27,0,18,0,3,0,0,0,0,0,0,0,0,0,0,0,0,0,0,,,,,
James Conner,RB,PIT,15,NE,0,0,0,0,0,13,0,3,0,0,0,0,0,0,0,0,0,0,0,0,0,0,,,,,
James Hanna,TE,DAL,15,LV,0,0,0,0,0,0,0,0,1,31,0,1,0,0,0,0,0,0,0,0,0,0,,,,,
James O'Shaughnessy,TE,JAX,15,HOU,0,0,0,0,0,0,0,0,1,15,0,2,0,0,0,0,0,0,0,0,0,0,,,,,
James White,RB,NE,15,PIT,0,0,0,0,0,0,0,0,2,8,0,3,0,0,0,0,0,0,0,0,0,0,,,,,
Jamison Crowder,WR,WAS,15,ARI,0,0,0,0,0,0,0,0,5,55,1,7,0,0,0,0,0,0,0,0,0,0,,,,,
Jared Cook,TE,LV,15,DAL,0,0,0,0,0,0,0,0,2,17,0,4,0,0,0,0,0,0,0,0,0,0,,,,,
Jared Goff,QB,LA,15,SEA,120,2,21,14,1,0,0,0,0,0,0,0,0,0,0,0,0,0,0,0,0,0,,,,,
Jarius Wright,WR,MIN,15,CIN,0,0,0,0,0,0,0,0,1,11,0,1,0,0,0,0,0,0,0,0,0,0,,,,,
Jaron Brown,WR,ARI,15,WAS,0,0,0,0,0,0,0,0,1,9,0,3,0,0,0,0,0,0,0,0,0,0,,,,,
Jarvis Landry,WR,MIA,15,BUF,0,0,0,0,0,0,0,0,10,99,0,13,0,0,0,0,0,0,0,0,0,0,,,,,
Jason Witten,TE,DAL,15,LV,0,0,0,0,0,0,0,0,4,47,0,5,0,0,0,0,0,0,0,0,0,0,,,,,
Javorius Allen,RB,BAL,15,CLE,0,0,0,0,0,70,0,13,1,4,0,3,0,0,0,0,0,0,0,0,0,0,,,,,
Jay Ajayi,RB,PHI,15,NYG,0,0,0,0,0,49,0,12,2,40,0,2,0,0,0,0,0,0,0,0,0,0,,,,,
Jay Cutler,QB,MIA,15,BUF,274,0,49,28,3,8,0,2,0,0,0,0,0,0,0,0,0,0,0,0,0,0,,,,,
Jaydon Mickens,WR,JAX,15,HOU,0,0,0,0,0,0,0,0,4,61,2,5,0,0,0,0,0,0,0,0,0,0,,,,,
Jeff Cumberland,TE,LAC,15,KC,0,0,0,0,0,0,0,0,0,0,0,0,0,0,0,0,0,0,0,0,0,0,,,,,
Jeff Heuerman,TE,DEN,15,IND,0,0,0,0,0,0,0,0,1,54,1,1,0,0,0,0,0,0,0,0,0,0,,,,,
Jeremy Maclin,WR,BAL,15,CLE,0,0,0,0,0,0,0,0,1,22,0,1,0,0,0,0,0,0,0,0,0,0,,,,,
Jerick McKinnon,RB,MIN,15,CIN,0,0,0,0,0,24,0,9,7,114,0,8,0,0,0,0,0,0,0,0,0,0,,,,,
Jermaine Kearse,WR,NYJ,15,NO,0,0,0,0,0,0,0,0,3,28,0,5,0,0,0,0,0,0,0,0,0,0,,,,,
Jesse James,TE,PIT,15,NE,0,0,0,0,0,0,0,0,2,7,0,5,0,0,0,0,0,0,0,0,0,0,,,,,
Jimmy Garoppolo,QB,SF,15,TEN,381,1,43,31,0,0,0,0,1,-6,0,1,0,0,0,0,0,0,0,0,0,0,,,,,
Jimmy Graham,TE,SEA,15,LA,0,0,0,0,0,0,0,0,1,-1,0,3,0,0,0,0,0,0,0,0,0,0,,,,,
JoJo Natson,WR,NYJ,15,NO,0,0,0,0,0,15,0,1,1,19,0,2,0,0,0,0,0,0,0,0,0,0,,,,,
Joe Flacco,QB,BAL,15,CLE,288,1,42,26,0,3,1,4,0,0,0,0,0,0,0,0,0,0,0,0,0,0,,,,,
Johnny Holton,WR,LV,15,DAL,0,0,0,0,0,0,0,0,0,0,0,0,0,0,0,0,0,0,0,0,0,0,,,,,
Jonathan Stewart,RB,CAR,15,GB,0,0,0,0,0,27,0,11,1,9,0,1,0,0,0,0,0,0,0,0,0,0,,,,,
Jonnu Smith,TE,TEN,15,SF,0,0,0,0,0,0,0,0,1,5,0,1,0,0,0,0,0,0,0,0,0,0,,,,,
Jordan Howard,RB,CHI,15,DET,0,0,0,0,0,37,0,10,4,26,0,4,0,0,0,0,0,0,0,0,0,0,,,,,
Jordan Taylor,WR,DEN,15,IND,0,0,0,0,0,0,0,0,0,0,0,0,0,0,0,0,0,0,0,0,0,0,,,,,
Jordan Todman,RB,HOU,15,JAX,0,0,0,0,0,0,0,0,0,0,0,0,0,0,0,0,0,0,0,0,0,0,,,,,
Jordy Nelson,WR,GB,15,CAR,0,0,0,0,0,0,0,0,3,28,0,6,0,0,0,0,0,0,0,0,0,0,,,,,
Josh Bellamy,WR,CHI,15,DET,0,0,0,0,0,0,0,0,5,70,0,7,0,0,0,0,0,0,0,0,0,0,,,,,
Josh Doctson,WR,WAS,15,ARI,0,0,0,0,0,-14,0,1,2,16,0,4,0,0,0,0,0,0,0,0,0,0,,,,,
Josh Ferguson,RB,IND,15,DEN,0,0,0,0,0,0,0,0,0,0,0,1,0,0,0,0,0,0,0,0,0,0,,,,,
Josh Gordon,WR,CLE,15,BAL,0,0,0,0,0,0,0,0,5,47,0,10,0,0,0,0,0,0,0,0,0,0,,,,,
Josh Hill,TE,NO,15,NYJ,0,0,0,0,0,0,0,0,1,22,0,2,0,0,0,0,0,0,0,0,0,0,,,,,
Josh Lambo,K,JAX,15,HOU,0,0,0,0,0,0,0,0,0,0,0,0,0,0,0,0,0,1,0,0,0,6,,,,,
Josh Malone,WR,CIN,15,MIN,0,0,0,0,0,4,0,1,0,0,0,3,0,0,0,0,0,0,0,0,0,0,,,,,
JuJu Smith-Schuster,WR,PIT,15,NE,0,0,0,0,0,0,0,0,6,114,0,6,0,0,0,0,0,0,0,0,0,0,,,,,
Julio Jones,WR,ATL,15,TB,0,0,0,0,0,0,0,0,3,54,0,8,0,0,0,0,0,0,0,0,0,0,,,,,
Julius Thomas,TE,MIA,15,BUF,0,0,0,0,0,0,0,0,2,15,0,4,0,0,0,0,0,0,0,0,0,0,,,,,
Justin Hardy,WR,ATL,15,TB,0,0,0,0,0,0,0,0,2,33,1,4,0,0,0,0,0,0,0,0,0,0,,,,,
Justin Tucker,K,BAL,15,CLE,0,0,0,0,0,0,0,0,0,0,0,0,0,0,0,0,0,1,1,0,0,3,,,,,
KC,DEF,KC,15,LAC,,,,,,,,,,,,,,,,,,,,,,,0,0,0,0,13.0
Ka'imi Fairbairn,K,HOU,15,JAX,0,0,0,0,0,0,0,0,0,0,0,0,0,0,0,0,0,0,0,0,0,1,,,,,
Kaelin Clay,WR,CAR,15,GB,0,0,0,0,0,0,0,0,0,0,0,2,0,0,0,0,0,0,0,0,0,0,,,,,
Kai Forbath,K,MIN,15,CIN,0,0,0,0,0,0,0,0,0,0,0,0,0,0,0,0,0,1,0,1,0,4,,,,,
Kalif Raymond,WR,NYG,15,PHI,0,0,0,0,0,0,0,0,0,0,0,0,0,0,0,0,0,0,0,0,0,0,,,,,
Kamar Aiken,WR,IND,15,DEN,0,0,0,0,0,0,0,0,0,0,0,1,0,0,0,0,0,0,0,0,0,0,,,,,
Kapri Bibbs,RB,WAS,15,ARI,0,0,0,0,0,6,0,2,4,47,1,4,0,0,0,0,0,0,0,0,0,0,,,,,
Kareem Hunt,RB,KC,15,LAC,0,0,0,0,0,155,1,24,7,51,1,9,0,0,0,0,0,0,0,0,0,0,,,,,
Keelan Cole,WR,JAX,15,HOU,0,0,0,0,0,0,0,0,7,186,1,9,0,0,0,0,0,0,0,0,0,0,,,,,
Keenan Allen,WR,LAC,15,KC,0,0,0,0,0,0,0,0,5,54,0,8,0,0,0,0,0,0,0,0,0,0,,,,,
Kelvin Benjamin,WR,BUF,15,MIA,0,0,0,0,0,0,0,0,2,20,0,2,0,0,0,0,0,0,0,0,0,0,,,,,
Kendall Wright,WR,CHI,15,DET,0,0,0,0,0,0,0,0,7,81,0,13,0,0,0,0,0,0,0,0,0,0,,,,,
Kendrick Bourne,WR,SF,15,TEN,0,0,0,0,0,0,0,0,4,85,0,6,0,0,0,0,0,0,0,0,0,0,,,,,
Kenjon Barner,RB,PHI,15,NYG,0,0,0,0,0,21,0,2,0,0,0,0,0,0,0,0,0,0,0,0,0,0,,,,,
Kenny Britt,WR,NE,15,PIT,0,0,0,0,0,0,0,0,1,7,0,1,0,0,0,0,0,0,0,0,0,0,,,,,
Kenny Golladay,WR,DET,15,CHI,0,0,0,0,0,0,0,0,4,29,0,5,0,0,0,0,0,0,0,0,0,0,,,,,
Kenny Stills,WR,MIA,15,BUF,0,0,0,0,0,0,0,0,1,8,0,6,0,0,0,0,0,0,0,0,0,0,,,,,
Kenyan Drake,RB,MIA,15,BUF,0,0,0,0,0,78,1,16,6,35,0,11,0,0,0,0,0,0,0,0,0,0,,,,,
Kerwynn Williams,RB,ARI,15,WAS,0,0,0,0,0,61,0,17,0,0,0,1,0,0,0,0,0,0,0,0,0,0,,,,,
Kirk Cousins,QB,WAS,15,ARI,196,2,26,18,0,0,0,2,0,0,0,0,0,0,0,0,0,0,0,0,0,0,,,,,
Kyle Juszczyk,RB,SF,15,TEN,0,0,0,0,0,0,0,0,2,16,0,4,0,0,0,0,0,0,0,0,0,0,,,,,
Kyle Rudolph,TE,MIN,15,CIN,0,0,0,0,0,0,0,0,2,17,1,2,0,0,0,0,0,0,0,0,0,0,,,,,
LA,DEF,LA,15,SEA,,,,,,,,,,,,,,,,,,,,,,,0,1,0,0,7.0
LAC,DEF,LAC,15,KC,,,,,,,,,,,,,,,,,,,,,,,0,0,0,0,30.0
LV,DEF,LV,15,DAL,,,,,,,,,,,,,,,,,,,,,,,0,0,0,0,0.0
Lamar Miller,RB,HOU,15,JAX,0,0,0,0,0,32,0,9,2,1,0,4,0,0,0,0,0,0,0,0,0,0,,,,,
Lance Kendricks,TE,GB,15,CAR,0,0,0,0,0,0,0,0,1,5,0,2,0,0,0,0,0,0,0,0,0,0,,,,,
Larry Fitzgerald,WR,ARI,15,WAS,0,0,0,0,0,0,0,0,5,60,0,10,0,0,0,0,0,0,0,0,0,0,,,,,
Latavius Murray,RB,MIN,15,CIN,0,0,0,0,0,76,1,20,1,28,0,1,0,0,0,0,0,0,0,0,0,0,,,,,
Le'Veon Bell,RB,PIT,15,NE,0,0,0,0,0,117,1,24,5,48,0,6,0,0,0,0,0,0,0,0,0,0,,,,,
LeGarrette Blount,RB,PHI,15,NYG,0,0,0,0,0,21,0,7,0,0,0,0,0,0,0,0,0,0,0,0,0,0,,,,,
LeSean McCoy,RB,BUF,15,MIA,0,0,0,0,0,50,1,20,4,46,1,5,0,0,0,0,0,0,0,0,0,0,,,,,
LeShun Daniels,RB,WAS,15,ARI,0,0,0,0,0,2,0,1,0,0,0,0,0,0,0,0,0,0,0,0,0,0,,,,,
Lee Smith,TE,LV,15,DAL,0,0,0,0,0,0,0,0,1,3,0,1,0,0,0,0,0,0,0,0,0,0,,,,,
Levine Toilolo,TE,ATL,15,TB,0,0,0,0,0,0,0,0,0,0,0,0,0,1,0,0,0,0,0,0,0,0,,,,,
Logan Paulsen,TE,SF,15,TEN,0,0,0,0,0,0,0,0,0,0,0,1,0,0,0,0,0,0,0,0,0,0,,,,,
Luke Stocker,TE,TEN,15,SF,0,0,0,0,0,0,0,0,0,0,0,1,0,0,0,0,0,0,0,0,0,0,,,,,
Luke Willson,TE,SEA,15,LA,0,0,0,0,0,0,0,0,1,26,1,2,0,0,0,0,0,0,0,0,0,0,,,,,
MIA,DEF,MIA,15,BUF,,,,,,,,,,,,,,,,,,,,,,,0,0,0,0,24.0
MIN,DEF,MIN,15,CIN,,,,,,,,,,,,,,,,,,,,,,,1,0,0,0,7.0
Mack Hollins,WR,PHI,15,NYG,0,0,0,0,0,0,0,0,0,0,0,1,0,0,0,0,0,0,0,0,0,0,,,,,
Malcolm Brown,RB,LA,15,SEA,0,0,0,0,0,45,0,10,0,0,0,1,0,0,0,0,0,0,0,0,0,0,,,,,
MarQueis Gray,TE,MIA,15,BUF,0,0,0,0,0,7,0,2,0,0,0,0,0,0,0,0,0,0,0,0,0,0,,,,,
Marcedes Lewis,TE,JAX,15,HOU,0,0,0,0,0,0,0,0,2,18,0,2,0,0,0,0,0,0,0,0,0,0,,,,,
Marcus Mariota,QB,TEN,15,SF,241,2,33,23,0,4,0,2,0,0,0,0,0,0,0,0,0,0,0,0,0,0,,,,,
Mark Ingram,RB,NO,15,NYJ,0,0,0,0,0,74,2,12,5,77,0,6,0,0,0,0,0,0,0,0,0,0,,,,,
Markus Wheaton,WR,CHI,15,DET,0,0,0,0,0,0,0,0,2,42,0,4,0,0,0,0,0,0,0,0,0,0,,,,,
Marlon Mack,RB,IND,15,DEN,0,0,0,0,0,14,0,6,0,0,0,1,0,0,0,0,0,0,0,0,0,0,,,,,
Marquise Goodwin,WR,SF,15,TEN,0,0,0,0,0,10,0,1,10,114,0,13,0,0,0,0,0,0,0,0,0,0,,,,,
Marshawn Lynch,RB,LV,15,DAL,0,0,0,0,0,76,0,16,3,16,0,4,0,0,0,0,0,0,0,0,0,0,,,,,
Martavis Bryant,WR,PIT,15,NE,0,0,0,0,0,0,0,0,4,59,1,6,0,0,0,0,0,0,0,0,0,0,,,,,
Marvin Jones,WR,DET,15,CHI,0,0,0,0,0,0,0,0,3,85,0,5,0,0,0,0,0,0,0,0,0,0,,,,,
Mason Crosby,K,GB,15,CAR,0,0,0,0,0,0,0,0,0,0,0,0,0,0,0,0,1,0,0,0,0,3,,,,,
Matt Breida,RB,SF,15,TEN,0,0,0,0,0,16,0,5,0,0,0,0,0,0,0,0,0,0,0,0,0,0,,,,,
Matt Bryant,K,ATL,15,TB,0,0,0,0,0,0,0,0,0,0,0,0,0,0,0,0,0,0,0,1,0,3,,,,,
Matt Forte,RB,NYJ,15,NO,0,0,0,0,0,24,0,7,2,10,0,5,0,0,0,0,0,0,0,0,0,0,,,,,
Matt Prater,K,DET,15,CHI,0,0,0,0,0,0,0,0,0,0,0,0,0,0,0,0,0,1,1,0,0,2,,,,,
Matt Ryan,QB,ATL,15,TB,212,1,31,17,0,29,0,3,0,0,0,0,0,0,0,0,0,0,0,0,0,0,,,,,
Matthew Slater,WR,NE,15,PIT,0,0,0,0,0,0,0,0,0,0,0,0,0,0,0,0,0,0,0,0,0,0,,,,,
Matthew Stafford,QB,DET,15,CHI,237,2,33,25,0,-1,0,1,0,0,0,0,0,0,0,0,0,0,0,0,0,0,,,,,
Maurice Harris,WR,WAS,15,ARI,0,0,0,0,0,0,0,0,0,0,0,0,0,0,0,0,0,0,0,0,0,0,,,,,
Maxx Williams,TE,BAL,15,CLE,0,0,0,0,0,4,0,1,0,0,0,1,0,0,0,0,0,0,0,0,0,0,,,,,
Melvin Gordon,RB,LAC,15,KC,0,0,0,0,0,78,1,19,6,91,0,8,0,0,0,0,0,0,0,0,0,0,,,,,
Michael Campanaro,WR,BAL,15,CLE,0,0,0,0,0,0,0,0,1,17,0,1,0,0,0,0,0,0,0,0,0,0,,,,,
Michael Crabtree,WR,LV,15,DAL,0,0,0,0,0,0,0,0,7,39,2,17,0,0,0,0,0,0,0,0,0,0,,,,,
Michael Floyd,WR,MIN,15,CIN,0,0,0,0,0,0,0,0,0,0,0,1,0,0,0,0,0,0,0,0,0,0,,,,,
Michael Thomas,WR,NO,15,NYJ,0,0,0,0,0,0,0,0,9,93,1,11,0,0,0,0,0,0,0,0,0,0,,,,,
Mike Davis,RB,SEA,15,LA,0,0,0,0,0,19,0,6,2,20,0,2,0,0,0,0,0,0,0,0,0,0,,,,,
Mike Evans,WR,TB,15,ATL,0,0,0,0,0,0,0,0,5,79,1,8,0,0,0,0,0,0,0,0,0,0,,,,,
Mike Nugent,K,CHI,15,DET,0,0,0,0,0,0,0,0,0,0,0,0,0,0,0,0,0,0,1,0,0,1,,,,,
Mike Thomas,WR,LA,15,SEA,0,0,0,0,0,0,0,0,0,0,0,0,0,0,0,0,0,0,0,0,0,0,,,,,
Mike Wallace,WR,BAL,15,CLE,0,0,0,0,0,0,0,0,6,89,0,10,0,0,0,0,0,0,0,0,0,0,,,,,
Mike Williams,WR,LAC,15,KC,0,0,0,0,0,0,0,0,0,0,0,1,0,0,0,0,0,0,0,0,0,0,,,,,
Mitchell Trubisky,QB,CHI,15,DET,314,1,46,31,3,3,0,2,0,0,0,0,0,0,0,0,0,0,0,0,0,0,,,,,
Mohamed Sanu,WR,ATL,15,TB,0,0,0,0,0,3,0,1,2,23,0,5,0,0,0,0,0,0,0,0,0,0,,,,,
NE,DEF,NE,15,PIT,,,,,,,,,,,,,,,,,,,,,,,0,0,0,0,24.0
NO,DEF,NO,15,NYJ,,,,,,,,,,,,,,,,,,,,,,,0,0,0,0,19.0
NYG,DEF,NYG,15,PHI,,,,,,,,,,,,,,,,,,,,,,,0,0,0,0,34.0
NYJ,DEF,NYJ,15,NO,,,,,,,,,,,,,,,,,,,,,,,0,0,0,0,31.0
Neal Sterling,TE,NYJ,15,NO,0,0,0,0,0,0,0,0,0,0,0,0,0,0,0,0,0,0,0,0,0,0,,,,,
Nelson Agholor,WR,PHI,15,NYG,0,0,0,0,0,0,0,0,7,59,1,9,0,0,0,0,0,0,0,0,0,0,,,,,
Nick Boyle,TE,BAL,15,CLE,0,0,0,0,0,0,0,0,1,9,0,2,0,0,0,0,0,0,0,0,0,0,,,,,
Nick Foles,QB,PHI,15,NYG,237,4,38,24,0,0,0,2,0,0,0,0,0,0,0,0,0,0,0,0,0,0,,,,,
Nick O'Leary,TE,BUF,15,MIA,0,0,0,0,0,0,0,0,2,33,0,2,0,0,0,0,0,0,0,0,0,0,,,,,
Nick Vannett,TE,SEA,15,LA,0,0,0,0,0,0,0,0,0,0,0,0,0,0,0,0,0,0,0,0,0,0,,,,,
Niles Paul,TE,WAS,15,ARI,0,0,0,0,0,0,0,0,1,11,0,1,0,0,0,0,0,0,0,0,0,0,,,,,
Noah Brown,WR,DAL,15,LV,0,0,0,0,0,0,0,0,1,8,0,1,0,0,0,0,0,0,0,0,0,0,,,,,
O.J. Howard,TE,TB,15,ATL,0,0,0,0,0,0,0,0,1,30,1,1,0,0,0,0,0,0,0,0,0,0,,,,,
Orleans Darkwa,RB,NYG,15,PHI,0,0,0,0,0,7,1,9,1,9,0,3,0,0,0,0,0,0,0,0,0,0,,,,,
Orson Charles,TE,KC,15,LAC,0,0,0,0,0,0,0,0,1,18,0,1,0,0,0,0,0,0,0,0,0,0,,,,,
PHI,DEF,PHI,15,NYG,,,,,,,,,,,,,,,,,,,,,,,0,0,0,0,29.0
PIT,DEF,PIT,15,NE,,,,,,,,,,,,,,,,,,,,,,,0,0,0,0,27.0
Patrick DiMarco,RB,BUF,15,MIA,0,0,0,0,0,0,0,0,1,6,0,2,0,0,0,0,0,0,0,0,0,0,,,,,
Patrick Murray,K,TB,15,ATL,0,0,0,0,0,0,0,0,0,0,0,0,0,0,0,0,0,0,0,0,0,3,,,,,
Paul Richardson,WR,SEA,15,LA,0,0,0,0,0,0,0,0,2,18,0,7,0,0,0,0,0,0,0,0,0,0,,,,,
Peyton Barber,RB,TB,15,ATL,0,0,0,0,0,53,0,13,3,15,0,3,0,0,0,0,0,0,0,0,0,0,,,,,
Pharoh Cooper,WR,LA,15,SEA,0,0,0,0,0,0,0,0,0,0,0,0,0,0,0,0,0,0,0,0,0,0,,,,,
Phil Dawson,K,ARI,15,WAS,0,0,0,0,0,0,0,0,0,0,0,0,0,0,0,1,0,3,1,0,0,0,,,,,
Philip Rivers,QB,LAC,15,KC,227,1,36,20,3,0,0,0,0,0,0,0,0,0,0,0,0,0,0,0,0,0,,,,,
Phillip Dorsett,WR,NE,15,PIT,0,0,0,0,0,0,0,0,1,4,0,1,0,0,0,0,0,0,0,0,0,0,,,,,
Randall Cobb,WR,GB,15,CAR,0,0,0,0,0,0,0,0,7,84,1,14,0,0,0,0,0,0,0,0,0,0,,,,,
Randy Bullock,K,CIN,15,MIN,0,0,0,0,0,0,0,0,0,0,0,0,0,0,0,0,0,0,0,0,0,1,,,,,
Rashard Higgins,WR,CLE,15,BAL,0,0,0,0,0,0,0,0,2,10,0,2,0,0,0,0,0,0,0,0,0,0,,,,,
Rex Burkhead,RB,NE,15,PIT,0,0,0,0,0,12,1,4,1,5,0,1,0,0,0,0,0,0,0,0,0,0,,,,,
Ricardo Louis,WR,CLE,15,BAL,0,0,0,0,0,0,0,0,0,0,0,1,0,0,0,0,0,0,0,0,0,0,,,,,
Richard Rodgers,TE,GB,15,CAR,0,0,0,0,0,0,0,0,4,77,1,4,0,0,0,0,0,0,0,0,0,0,,,,,
Ricky Seals-Jones,TE,ARI,15,WAS,0,0,0,0,0,0,0,0,2,11,0,6,0,0,0,0,0,0,0,0,0,0,,,,,
Rishard Matthews,WR,TEN,15,SF,0,0,0,0,0,0,0,0,6,95,1,8,0,0,0,0,0,0,0,0,0,0,,,,,
Rob Gronkowski,TE,NE,15,PIT,0,0,0,0,0,0,0,0,9,168,0,13,0,0,1,0,0,0,0,0,0,0,,,,,
Robbie Chosen,WR,NYJ,15,NO,0,0,0,0,0,0,0,0,5,40,0,12,0,0,0,0,0,0,0,0,0,0,,,,,
Robbie Gould,K,SF,15,TEN,0,0,0,0,0,0,0,0,0,0,0,0,0,0,0,0,1,1,3,1,0,1,,,,,
Robert Woods,WR,LA,15,SEA,0,0,0,0,0,0,0,0,6,45,1,7,0,0,0,0,0,0,0,0,0,0,,,,,
Rod Smith,RB,DAL,15,LV,0,0,0,0,0,13,1,7,3,21,0,3,0,0,0,0,0,0,0,0,0,0,,,,,
Roger Lewis,WR,NYG,15,PHI,0,0,0,0,0,0,0,0,4,74,0,10,0,0,0,0,0,0,0,0,0,0,,,,,
Ross Travis,TE,IND,15,DEN,0,0,0,0,0,0,0,0,2,33,0,2,0,0,0,0,0,0,0,0,0,0,,,,,
Russell Shepard,WR,CAR,15,GB,0,0,0,0,0,0,0,0,0,0,0,0,0,0,0,0,0,0,0,0,0,0,,,,,
Russell Wilson,QB,SEA,15,LA,142,1,30,14,0,39,0,5,0,0,0,0,0,0,0,0,0,0,0,0,0,0,,,,,
Ryan Grant,WR,WAS,15,ARI,0,0,0,0,0,0,0,0,2,20,0,3,0,0,0,0,0,0,0,0,0,0,,,,,
Ryan Hewitt,TE,CIN,15,MIN,0,0,0,0,0,0,0,0,0,0,0,0,0,0,0,0,0,0,0,0,0,0,,,,,
Ryan Succop,K,TEN,15,SF,0,0,0,0,0,0,0,0,0,0,0,0,0,0,0,0,0,1,1,1,0,2,,,,,
Ryan Switzer,WR,DAL,15,LV,0,0,0,0,0,0,0,0,0,0,0,0,0,0,0,0,0,0,0,0,0,0,,,,,
SEA,DEF,SEA,15,LA,,,,,,,,,,,,,,,,,,,,,,,0,0,0,0,42.0
SF,DEF,SF,15,TEN,,,,,,,,,,,,,,,,,,,,,,,0,0,0,0,23.0
Samaje Perine,RB,WAS,15,ARI,0,0,0,0,0,37,0,14,2,29,0,2,0,0,0,0,0,0,0,0,0,0,,,,,
Sammie Coates,WR,CLE,15,BAL,0,0,0,0,0,0,0,0,1,8,0,1,0,0,0,0,0,0,0,0,0,0,,,,,
Sammy Watkins,WR,LA,15,SEA,0,0,0,0,0,0,0,0,2,14,0,5,0,0,0,0,0,0,0,0,0,0,,,,,
Sean Mannion,QB,LA,15,SEA,4,0,2,1,0,3,0,2,0,0,0,0,0,0,0,0,0,0,0,0,0,0,,,,,
Sean McGrath,TE,LAC,15,KC,0,0,0,0,0,0,0,0,0,0,0,0,0,0,0,0,0,0,0,0,0,0,,,,,
Seth DeValve,TE,CLE,15,BAL,0,0,0,0,0,0,0,0,2,32,0,4,0,0,0,0,0,0,0,0,0,0,,,,,
Seth Roberts,WR,LV,15,DAL,0,0,0,0,0,0,0,0,3,52,0,5,0,0,0,0,0,0,0,0,0,0,,,,,
Shane Vereen,RB,NYG,15,PHI,0,0,0,0,0,15,0,5,5,15,0,5,0,0,0,0,0,0,0,0,0,0,,,,,
Stefon Diggs,WR,MIN,15,CIN,0,0,0,0,0,7,0,1,5,30,1,6,0,0,0,0,0,0,0,0,0,0,,,,,
Stephen Anderson,TE,HOU,15,JAX,0,0,0,0,0,0,0,0,0,0,0,3,0,0,0,0,0,0,0,0,0,0,,,,,
Stephen Gostkowski,K,NE,15,PIT,0,0,0,0,0,0,0,0,0,0,0,0,0,0,0,0,0,1,1,0,0,1,,,,,
Sterling Shepard,WR,NYG,15,PHI,0,0,0,0,0,0,0,0,11,139,1,16,0,0,0,0,0,0,0,0,0,0,,,,,
Steven Hauschka,K,BUF,15,MIA,0,0,0,0,0,0,0,0,0,0,0,0,0,0,0,0,0,1,0,0,0,3,,,,,
T.J. Jones,WR,DET,15,CHI,0,0,0,0,0,0,0,0,3,26,1,3,0,0,0,0,0,0,0,0,0,0,,,,,
T.J. Yates,QB,HOU,15,JAX,128,1,31,12,1,0,0,0,0,0,0,0,0,0,0,0,0,0,0,0,0,0,,,,,
T.J. Yeldon,RB,JAX,15,HOU,0,0,0,0,0,27,0,7,4,25,0,5,0,0,0,0,0,0,0,0,0,0,,,,,
T.Y. Hilton,WR,IND,15,DEN,0,0,0,0,0,0,0,0,5,41,0,7,0,0,0,0,0,0,0,0,0,0,,,,,
TB,DEF,TB,15,ATL,,,,,,,,,,,,,,,,,,,,,,,0,0,0,0,24.0
TEN,DEF,TEN,15,SF,,,,,,,,,,,,,,,,,,,,,,,0,0,0,0,25.0
Tanner McEvoy,WR,SEA,15,LA,0,0,0,0,0,0,0,0,1,19,0,1,0,0,0,0,0,0,0,0,0,0,,,,,
Tarik Cohen,RB,CHI,15,DET,0,0,0,0,0,1,0,2,4,16,0,6,0,0,0,0,0,0,0,0,0,0,,,,,
Tavarres King,WR,NYG,15,PHI,0,0,0,0,0,0,0,0,2,70,2,3,0,0,0,0,0,0,0,0,0,0,,,,,
Tavon Austin,WR,LA,15,SEA,0,0,0,0,0,44,0,10,0,0,0,0,0,0,0,0,0,0,0,0,0,0,,,,,
Taylor Gabriel,WR,ATL,15,TB,0,0,0,0,0,3,0,1,2,16,0,2,0,0,0,0,0,0,0,0,0,0,,,,,
Taysom Hill,TE,NO,15,NYJ,0,0,0,0,0,0,0,0,0,0,0,0,0,0,0,0,0,0,0,0,0,0,,,,,
Taywan Taylor,WR,TEN,15,SF,0,0,0,0,0,8,0,1,0,0,0,0,0,0,0,0,0,0,0,0,0,0,,,,,
Teddy Bridgewater,QB,MIN,15,CIN,0,0,2,0,1,-3,0,3,0,0,0,0,0,0,0,0,0,0,0,0,0,0,,,,,
Terrance Williams,WR,DAL,15,LV,0,0,0,0,0,0,0,0,3,19,0,5,0,0,0,0,0,0,0,0,0,0,,,,,
Terron Ward,RB,ATL,15,TB,0,0,0,0,0,40,0,8,1,6,0,1,0,0,0,0,0,0,0,0,0,0,,,,,
Theo Riddick,RB,DET,15,CHI,0,0,0,0,0,49,0,8,3,12,0,3,0,0,0,0,0,0,0,0,0,0,,,,,
Tion Green,RB,DET,15,CHI,0,0,0,0,0,35,0,10,0,0,0,0,0,0,0,0,0,0,0,0,0,0,,,,,
Todd Gurley,RB,LA,15,SEA,0,0,0,0,0,152,3,21,3,28,1,3,0,0,0,0,0,0,0,0,0,0,,,,,
Tom Brady,QB,NE,15,PIT,298,1,35,22,1,-2,0,2,0,0,0,0,0,0,1,0,0,0,0,0,0,0,,,,,
Tommylee Lewis,WR,NO,15,NYJ,0,0,0,0,0,6,0,1,0,0,0,0,0,0,0,0,0,0,0,0,0,0,,,,,
Torrey Smith,WR,PHI,15,NYG,0,0,0,0,0,0,0,0,2,17,0,3,0,0,0,0,0,0,0,0,0,0,,,,,
Travaris Cadet,RB,BUF,15,MIA,0,0,0,0,0,24,0,4,1,14,0,1,0,0,0,0,0,0,0,0,0,0,,,,,
Travis Benjamin,WR,LAC,15,KC,0,0,0,0,0,7,0,1,1,7,0,4,0,0,0,0,0,0,0,0,0,0,,,,,
Travis Coons,K,LAC,15,KC,0,0,0,0,0,0,0,0,0,0,0,0,0,0,0,0,0,0,0,0,0,1,,,,,
Travis Kelce,TE,KC,15,LAC,0,0,0,0,0,0,0,0,6,46,0,7,0,0,0,0,0,0,0,0,0,0,,,,,
Trent Taylor,WR,SF,15,TEN,0,0,0,0,0,0,0,0,4,40,0,5,0,0,0,0,0,0,0,0,0,0,,,,,
Trevor Davis,WR,GB,15,CAR,0,0,0,0,0,0,0,0,0,0,0,0,0,0,0,0,0,0,0,0,0,0,,,,,
Trevor Siemian,QB,DEN,15,IND,67,0,9,5,1,0,0,0,0,0,0,0,0,0,0,0,0,0,0,0,0,0,,,,,
Trey Burton,TE,PHI,15,NYG,0,0,0,0,0,0,0,0,2,15,1,2,0,0,0,0,0,0,0,0,0,0,,,,,
Troy Niklas,TE,ARI,15,WAS,0,0,0,0,0,0,0,0,3,41,0,6,0,0,0,0,0,0,0,0,0,0,,,,,
Tyler Higbee,TE,LA,15,SEA,0,0,0,0,0,0,0,0,1,12,0,1,0,0,0,0,0,0,0,0,0,0,,,,,
Tyler Kroft,TE,CIN,15,MIN,0,0,0,0,0,0,0,0,2,1,0,4,0,0,0,0,0,0,0,0,0,0,,,,,
Tyler Lockett,WR,SEA,15,LA,0,0,0,0,0,0,0,0,2,8,0,3,0,0,0,0,0,0,0,0,0,0,,,,,
Tyreek Hill,WR,KC,15,LAC,0,0,0,0,0,0,0,0,5,88,1,6,0,0,0,0,0,0,0,0,0,0,,,,,
Tyrell Williams,WR,LAC,15,KC,0,0,0,0,0,0,0,0,3,31,0,7,0,0,0,0,0,0,0,0,0,0,,,,,
Tyrod Taylor,QB,BUF,15,MIA,224,1,29,17,0,42,1,6,0,0,0,0,0,0,0,0,0,0,0,0,0,0,,,,,
Vernon Davis,TE,WAS,15,ARI,0,0,0,0,0,0,0,0,2,18,0,5,0,0,0,0,0,0,0,0,0,0,,,,,
Virgil Green,TE,DEN,15,IND,0,0,0,0,0,0,0,0,0,0,0,1,0,0,0,0,0,0,0,0,0,0,,,,,
WAS,DEF,WAS,15,ARI,,,,,,,,,,,,,,,,,,,,,,,0,0,0,0,15.0
Wayne Gallman,RB,NYG,15,PHI,0,0,0,0,0,39,0,8,6,40,0,7,0,0,0,0,0,0,0,0,0,0,,,,,
Wil Lutz,K,NO,15,NYJ,0,0,0,0,0,0,0,0,0,0,0,0,0,0,0,0,1,0,0,0,0,4,,,,,
Will Fuller,WR,HOU,15,JAX,0,0,0,0,0,0,0,0,5,44,0,5,0,0,0,0,0,0,0,0,0,0,,,,,
Willie Snead,WR,NO,15,NYJ,0,0,0,0,0,0,0,0,1,23,0,3,0,0,0,0,0,0,0,0,0,0,,,,,
Xavier Grimble,TE,PIT,15,NE,0,0,0,0,0,0,0,0,1,8,0,1,0,0,0,0,0,0,0,0,0,0,,,,,
Zach Ertz,TE,PHI,15,NYG,0,0,0,0,0,0,0,0,6,56,1,9,0,0,0,0,0,0,0,0,0,0,,,,,
Zane Gonzalez,K,CLE,15,BAL,0,0,0,0,0,0,0,0,0,0,0,0,0,0,0,0,0,0,1,0,0,1,,,,,
Zay Jones,WR,BUF,15,MIA,0,0,0,0,0,0,0,0,0,0,0,2,0,0,0,0,0,0,0,0,0,0,,,,,
A.J. Derby,TE,MIA,16,KC,0,0,0,0,0,0,0,0,1,11,0,5,0,0,0,0,0,0,0,0,0,0,,,,,
A.J. Green,WR,CIN,16,DET,0,0,0,0,0,0,0,0,6,81,0,10,0,0,0,0,0,0,0,0,0,0,,,,,
ARI,DEF,ARI,16,NYG,,,,,,,,,,,,,,,,,,,,,,,0,0,0,0,0.0
ATL,DEF,ATL,16,NO,,,,,,,,,,,,,,,,,,,,,,,0,0,0,0,23.0
Aaron Jones,RB,GB,16,MIN,0,0,0,0,0,13,0,3,0,0,0,0,0,0,0,0,0,0,0,0,0,0,,,,,
Adam Humphries,WR,TB,16,CAR,0,0,0,0,0,0,0,0,3,51,0,3,0,0,0,0,0,0,0,0,0,0,,,,,
Adam Thielen,WR,MIN,16,GB,0,0,0,0,0,0,0,0,2,24,0,6,0,0,0,0,0,0,0,0,0,0,,,,,
Adam Vinatieri,K,IND,16,BAL,0,0,0,0,0,0,0,0,0,0,0,0,0,0,0,0,0,2,1,0,0,1,,,,,
Akeem Hunt,RB,KC,16,MIA,0,0,0,0,0,0,0,0,0,0,0,0,0,0,0,0,0,0,0,0,0,0,,,,,
Albert Wilson,WR,KC,16,MIA,0,0,0,0,0,0,0,0,3,36,0,8,0,0,0,0,0,0,0,0,0,0,,,,,
Aldrick Robinson,WR,SF,16,JAX,0,0,0,0,0,0,0,0,1,12,0,2,0,0,0,0,0,0,0,0,0,0,,,,,
Aldrick Rosas,K,NYG,16,ARI,0,0,0,0,0,0,0,0,0,0,0,0,0,0,0,0,0,0,0,0,0,0,,,,,
Alex Collins,RB,BAL,16,IND,0,0,0,0,0,51,0,18,3,15,0,4,0,0,0,0,0,0,0,0,0,0,,,,,
Alex Erickson,WR,CIN,16,DET,0,0,0,0,0,0,0,0,0,0,0,0,0,0,0,0,0,0,0,0,0,0,,,,,
Alex Smith,QB,KC,16,MIA,304,1,39,25,0,13,0,4,0,0,0,0,0,0,0,0,0,0,0,0,0,0,,,,,
Alfred Blue,RB,HOU,16,PIT,0,0,0,0,0,108,0,16,0,0,0,0,0,0,0,0,0,0,0,0,0,0,,,,,
Alshon Jeffery,WR,PHI,16,LV,0,0,0,0,0,0,0,0,0,0,0,2,0,0,0,0,0,0,0,0,0,0,,,,,
Alvin Kamara,RB,NO,16,ATL,0,0,0,0,0,32,0,12,7,58,0,9,0,0,0,0,0,0,0,0,0,0,,,,,
Amari Cooper,WR,LV,16,PHI,0,0,0,0,0,0,0,0,3,66,1,4,0,0,0,0,0,0,0,0,0,0,,,,,
Ameer Abdullah,RB,DET,16,CIN,0,0,0,0,0,21,0,6,1,5,0,2,0,0,0,0,0,0,0,0,0,0,,,,,
Andre Roberts,WR,ATL,16,NO,0,0,0,0,0,0,0,0,0,0,0,0,0,0,0,0,0,0,0,0,0,0,,,,,
Andy Dalton,QB,CIN,16,DET,238,1,41,27,1,-1,0,3,0,0,0,0,0,0,0,0,0,0,0,0,0,0,,,,,
Andy Jones,WR,DET,16,CIN,0,0,0,0,0,0,0,0,0,0,0,0,0,0,0,0,0,0,0,0,0,0,,,,,
Anthony Fasano,TE,MIA,16,KC,0,0,0,0,0,0,0,0,0,0,0,0,0,0,0,0,0,0,0,0,0,0,,,,,
Antonio Gates,TE,LAC,16,NYJ,0,0,0,0,0,0,0,0,6,81,1,8,0,0,0,0,0,0,0,0,0,0,,,,,
Antony Auclair,TE,TB,16,CAR,0,0,0,0,0,0,0,0,0,0,0,0,0,0,0,0,0,0,0,0,0,0,,,,,
Austin Hooper,TE,ATL,16,NO,0,0,0,0,0,0,0,0,3,18,0,4,0,0,0,0,0,0,0,0,0,0,,,,,
Austin Seferian-Jenkins,TE,NYJ,16,LAC,0,0,0,0,0,0,0,0,4,21,0,8,0,0,0,0,0,0,0,0,0,0,,,,,
Austin Traylor,TE,DEN,16,WAS,0,0,0,0,0,0,0,0,1,14,0,2,0,0,0,0,0,0,0,0,0,0,,,,,
BAL,DEF,BAL,16,IND,,,,,,,,,,,,,,,,,,,,,,,0,0,0,0,16.0
BUF,DEF,BUF,16,NE,,,,,,,,,,,,,,,,,,,,,,,1,0,0,0,37.0
Ben Braunecker,TE,CHI,16,CLE,0,0,0,0,0,0,0,0,0,0,0,0,0,0,0,0,0,0,0,0,0,0,,,,,
Ben Koyack,TE,JAX,16,SF,0,0,0,0,0,0,0,0,2,10,0,2,0,0,1,0,0,0,0,0,0,0,,,,,
Ben Roethlisberger,QB,PIT,16,HOU,226,2,29,20,0,-1,0,1,0,0,0,0,0,0,0,0,0,0,0,0,0,0,,,,,
Benjamin Watson,TE,BAL,16,IND,0,0,0,0,0,0,0,0,5,40,0,6,0,0,0,0,0,0,0,0,0,0,,,,,
Bennie Fowler,WR,DEN,16,WAS,0,0,0,0,0,0,0,0,0,0,0,3,0,0,0,0,0,0,0,0,0,0,,,,,
Benny Cunningham,RB,CHI,16,CLE,0,0,0,0,0,0,0,0,2,62,0,2,0,0,0,0,0,0,0,0,0,0,,,,,
Bilal Powell,RB,NYJ,16,LAC,0,0,0,0,0,145,1,19,0,0,0,1,0,0,0,0,0,0,0,0,0,0,,,,,
Blair Walsh,K,SEA,16,DAL,0,0,0,0,0,0,0,0,0,0,0,0,0,0,0,0,0,0,0,0,0,3,,,,,
Blake Bortles,QB,JAX,16,SF,382,2,50,32,3,31,0,5,0,0,0,0,0,0,1,0,0,0,0,0,0,0,,,,,
Bobo Wilson,WR,TB,16,CAR,0,0,0,0,0,0,0,0,1,18,1,1,0,0,0,0,0,0,0,0,0,0,,,,,
Bradley Sowell,TE,CHI,16,CLE,0,0,0,0,0,0,0,0,0,0,0,0,0,0,0,0,0,0,0,0,0,0,,,,,
Branden Oliver,RB,LAC,16,NYJ,0,0,0,0,0,9,0,8,0,0,0,1,0,0,0,0,0,0,0,0,0,0,,,,,
Brandin Cooks,WR,NE,16,BUF,0,0,0,0,0,6,0,1,2,19,0,5,0,0,0,0,0,0,0,0,0,0,,,,,
Brandon Bolden,RB,NE,16,BUF,0,0,0,0,0,20,0,2,0,0,0,0,0,0,0,0,0,0,0,0,0,0,,,,,
Brandon Coleman,WR,NO,16,ATL,0,0,0,0,0,0,0,0,0,0,0,0,0,0,0,0,0,0,0,0,0,0,,,,,
Brandon LaFell,WR,CIN,16,DET,0,0,0,0,0,0,0,0,4,8,0,6,0,0,0,0,0,0,0,0,0,0,,,,,
Brandon McManus,K,DEN,16,WAS,0,0,0,0,0,0,0,0,0,0,0,0,0,0,0,0,0,1,0,0,0,0,,,,,
Brandon Tate,WR,BUF,16,NE,0,0,0,0,0,0,0,0,1,4,0,3,0,0,0,0,0,0,0,0,0,0,,,,,
Braxton Miller,WR,HOU,16,PIT,0,0,0,0,0,0,0,0,1,5,0,2,0,0,0,0,0,0,0,0,0,0,,,,,
Brent Celek,TE,PHI,16,LV,0,0,0,0,0,0,0,0,1,12,0,2,0,0,0,0,0,0,0,0,0,0,,,,,
Brenton Bersin,WR,CAR,16,TB,0,0,0,0,0,0,0,0,3,45,0,4,0,0,0,0,0,0,0,0,0,0,,,,,
Breshad Perriman,WR,BAL,16,IND,0,0,0,0,0,0,0,0,2,14,0,4,0,0,0,0,0,0,0,0,0,0,,,,,
Brett Hundley,QB,GB,16,MIN,130,0,40,17,2,48,0,5,0,0,0,0,0,0,0,0,0,0,0,0,0,0,,,,,
Brian Hill,RB,CIN,16,DET,0,0,0,0,0,17,0,4,1,34,0,1,0,0,0,0,0,0,0,0,0,0,,,,,
Brian Hoyer,QB,NE,16,BUF,0,0,0,0,0,-1,0,2,0,0,0,0,0,0,0,0,0,0,0,0,0,0,,,,,
Brian Quick,WR,WAS,16,DEN,0,0,0,0,0,0,0,0,1,9,0,1,0,0,0,0,0,0,0,0,0,0,,,,,
Brock Osweiler,QB,DEN,16,WAS,193,0,38,22,1,27,0,4,0,0,0,0,0,0,1,0,0,0,0,0,0,0,,,,,
Bronson Hill,RB,ARI,16,NYG,0,0,0,0,0,-2,0,1,0,0,0,0,0,0,0,0,0,0,0,0,0,0,,,,,
Bryce Petty,QB,NYJ,16,LAC,119,0,28,15,1,33,0,3,0,0,0,0,0,0,0,0,0,0,0,0,0,0,,,,,
C.J. Anderson,RB,DEN,16,WAS,0,0,0,0,0,88,1,16,7,45,0,9,0,0,1,0,0,0,0,0,0,0,,,,,
C.J. Uzomah,TE,CIN,16,DET,0,0,0,0,0,0,0,0,1,1,1,1,0,0,0,0,0,0,0,0,0,0,,,,,
CAR,DEF,CAR,16,TB,,,,,,,,,,,,,,,,,,,,,,,0,0,0,0,19.0
CHI,DEF,CHI,16,CLE,,,,,,,,,,,,,,,,,,,,,,,0,0,0,0,3.0
CIN,DEF,CIN,16,DET,,,,,,,,,,,,,,,,,,,,,,,0,0,0,0,17.0
CLE,DEF,CLE,16,CHI,,,,,,,,,,,,,,,,,,,,,,,0,0,0,0,20.0
Cam Newton,QB,CAR,16,TB,160,0,25,16,1,52,1,14,0,0,0,0,0,0,0,0,0,0,0,0,0,0,,,,,
Cameron Artis-Payne,RB,CAR,16,TB,0,0,0,0,0,0,0,0,0,0,0,0,0,0,0,0,0,0,0,0,0,0,,,,,
Cameron Brate,TE,TB,16,CAR,0,0,0,0,0,0,0,0,3,13,0,4,0,0,0,0,0,0,0,0,0,0,,,,,
Carlos Hyde,RB,SF,16,JAX,0,0,0,0,0,54,1,21,3,19,0,3,0,0,0,0,0,0,0,0,0,0,,,,,
Case Keenum,QB,MIN,16,GB,139,1,25,14,0,-2,0,4,0,0,0,0,0,0,0,0,0,0,0,0,0,0,,,,,
Cethan Carter,TE,CIN,16,DET,0,0,0,0,0,0,0,0,0,0,0,0,0,0,0,0,0,0,0,0,0,0,,,,,
Chad Hansen,WR,NYJ,16,LAC,0,0,0,0,0,0,0,0,0,0,0,1,0,0,0,0,0,0,0,0,0,0,,,,,
Chandler Catanzaro,K,NYJ,16,LAC,0,0,0,0,0,0,0,0,0,0,0,0,0,0,0,0,0,0,0,0,0,1,,,,,
Charcandrick West,RB,KC,16,MIA,0,0,0,0,0,0,0,0,3,28,0,4,0,0,0,0,0,0,0,0,0,0,,,,,
Charles Clay,TE,BUF,16,NE,0,0,0,0,0,0,0,0,4,37,0,10,0,0,0,0,0,0,0,0,0,0,,,,,
Charles Sims,RB,TB,16,CAR,0,0,0,0,0,0,0,1,1,19,0,1,0,0,0,0,0,0,0,0,0,0,,,,,
Chester Rogers,WR,IND,16,BAL,0,0,0,0,0,0,0,0,1,19,0,4,0,0,0,0,0,0,0,0,0,0,,,,,
Chris Boswell,K,PIT,16,HOU,0,0,0,0,0,0,0,0,0,0,0,0,0,0,0,0,0,2,0,0,0,4,,,,,
Chris Godwin Jr.,WR,TB,16,CAR,0,0,0,0,0,0,0,0,3,98,0,6,0,0,0,0,0,0,0,0,0,0,,,,,
Chris Moore,WR,BAL,16,IND,0,0,0,0,0,0,0,0,2,29,0,2,0,0,0,0,0,0,0,0,0,0,,,,,
Chris Thompson,WR,HOU,16,PIT,0,0,0,0,0,0,0,0,0,0,0,0,0,0,0,0,0,0,0,0,0,0,,,,,
Christian McCaffrey,RB,CAR,16,TB,0,0,0,0,0,39,0,9,2,19,0,4,0,0,0,0,0,0,0,0,0,0,,,,,
Cody Parkey,K,MIA,16,KC,0,0,0,0,0,0,0,0,0,0,0,0,0,0,0,0,1,0,1,0,0,1,,,,,
Cole Beasley,WR,DAL,16,SEA,0,0,0,0,0,0,0,0,2,12,0,3,0,0,0,0,0,0,0,0,0,0,,,,,
Cooper Kupp,WR,LA,16,TEN,0,0,0,0,0,0,0,0,4,65,1,6,0,0,0,0,0,0,0,0,0,0,,,,,
Cordarrelle Patterson,RB,LV,16,PHI,0,0,0,0,0,0,0,0,1,7,0,2,0,0,0,0,0,0,0,0,0,0,,,,,
Corey Clement,RB,PHI,16,LV,0,0,0,0,0,14,0,2,1,6,0,2,0,0,0,0,0,0,0,0,0,0,,,,,
Corey Coleman,WR,CLE,16,CHI,0,0,0,0,0,0,0,0,1,3,0,6,0,0,0,0,0,0,0,0,0,0,,,,,
Corey Davis,WR,TEN,16,LA,0,0,0,0,0,0,0,0,6,91,0,9,0,0,0,0,0,0,0,0,0,0,,,,,
Corey Grant,RB,JAX,16,SF,0,0,0,0,0,0,0,0,0,0,0,0,0,0,0,0,0,0,0,0,0,0,,,,,
D.J. Foster,RB,ARI,16,NYG,0,0,0,0,0,0,0,0,3,24,0,3,0,0,0,0,0,0,0,0,0,0,,,,,
DAL,DEF,DAL,16,SEA,,,,,,,,,,,,,,,,,,,,,,,0,0,0,0,21.0
DEN,DEF,DEN,16,WAS,,,,,,,,,,,,,,,,,,,,,,,0,0,0,0,27.0
DET,DEF,DET,16,CIN,,,,,,,,,,,,,,,,,,,,,,,0,0,0,0,26.0
Dak Prescott,QB,DAL,16,SEA,181,0,34,21,2,21,0,4,0,0,0,0,0,0,0,0,0,0,0,0,0,0,,,,,
Damiere Byrd,WR,CAR,16,TB,0,0,0,0,0,0,0,0,1,31,0,2,1,0,0,0,0,0,0,0,0,0,,,,,
Dan Bailey,K,DAL,16,SEA,0,0,0,0,0,0,0,0,0,0,0,0,0,0,0,0,0,2,0,2,0,0,,,,,
Daniel Brown,TE,CHI,16,CLE,0,0,0,0,0,0,0,0,0,0,0,1,0,0,0,0,0,0,0,0,0,0,,,,,
Danny Amendola,WR,NE,16,BUF,0,0,0,0,0,0,0,0,3,28,0,3,0,0,0,0,0,0,0,0,0,0,,,,,
Danny Woodhead,RB,BAL,16,IND,0,0,0,0,0,8,0,1,5,33,0,6,0,0,0,0,0,0,0,0,0,0,,,,,
Darrius Heyward-Bey,WR,PIT,16,HOU,0,0,0,0,0,0,0,0,0,0,0,0,0,0,0,0,0,0,0,0,0,0,,,,,
David Fluellen,RB,TEN,16,LA,0,0,0,0,0,0,0,0,0,0,0,1,0,0,0,0,0,0,0,0,0,0,,,,,
David Morgan,TE,MIN,16,GB,0,0,0,0,0,0,0,0,2,26,0,2,0,0,0,0,0,0,0,0,0,0,,,,,
David Njoku,TE,CLE,16,CHI,0,0,0,0,0,0,0,0,1,13,0,3,0,0,0,0,0,0,0,0,0,0,,,,,
De'Angelo Henderson Sr.,RB,DEN,16,WAS,0,0,0,0,0,-3,0,1,1,7,0,1,0,0,0,0,0,0,0,0,0,0,,,,,
DeAndre Hopkins,WR,HOU,16,PIT,0,0,0,0,0,0,0,0,4,65,1,6,0,0,0,0,0,0,0,0,0,0,,,,,
DeAndre Washington,RB,LV,16,PHI,0,0,0,0,0,-3,0,1,1,2,0,3,0,0,0,0,0,0,0,0,0,0,,,,,
DeMarco Murray,RB,TEN,16,LA,0,0,0,0,0,48,1,15,3,11,0,4,0,0,0,0,0,0,0,0,0,0,,,,,
DeShone Kizer,QB,CLE,16,CHI,182,0,36,18,2,8,0,3,0,0,0,0,0,0,0,0,0,0,0,0,0,0,,,,,
DeVante Parker,WR,MIA,16,KC,0,0,0,0,0,0,0,0,5,63,0,10,0,0,0,0,0,0,0,0,0,0,,,,,
Dede Westbrook,WR,JAX,16,SF,0,0,0,0,0,0,0,0,4,74,0,7,0,0,0,0,0,0,0,0,0,0,,,,,
Delanie Walker,TE,TEN,16,LA,0,0,0,0,0,0,0,0,3,33,0,5,0,0,0,0,0,0,0,0,0,0,,,,,
Demaryius Thomas,WR,DEN,16,WAS,0,0,0,0,0,0,0,0,4,52,0,6,0,0,0,0,0,0,0,0,0,0,,,,,
Demetrius Harris,TE,KC,16,MIA,0,0,0,0,0,0,0,0,4,34,0,7,0,0,0,0,0,0,0,0,0,0,,,,,
Deonte Thompson,WR,BUF,16,NE,0,0,0,0,0,0,0,0,4,91,0,5,0,0,0,0,0,0,0,0,0,0,,,,,
Derek Anderson,QB,CAR,16,TB,0,0,1,0,0,0,0,0,0,0,0,0,0,0,0,0,0,0,0,0,0,0,,,,,
Derek Carr,QB,LV,16,PHI,140,1,29,15,2,3,0,3,0,0,0,0,0,0,0,0,0,0,0,0,0,0,,,,,
Derrick Henry,RB,TEN,16,LA,0,0,0,0,0,25,0,8,1,6,0,1,0,0,0,0,0,0,0,0,0,0,,,,,
Devin Funchess,WR,CAR,16,TB,0,0,0,0,0,0,0,0,3,11,0,4,0,0,0,0,0,0,0,0,0,0,,,,,
Devonta Freeman,RB,ATL,16,NO,0,0,0,0,0,36,0,11,2,20,0,3,0,0,0,0,0,0,0,0,0,0,,,,,
Devontae Booker,RB,DEN,16,WAS,0,0,0,0,0,47,0,8,5,24,0,8,0,0,0,0,0,0,0,0,0,0,,,,,
Dez Bryant,WR,DAL,16,SEA,0,0,0,0,0,0,0,0,3,43,0,6,0,0,0,0,0,0,0,0,0,0,,,,,
Dion Lewis,RB,NE,16,BUF,0,0,0,0,0,129,1,24,5,24,1,5,0,0,0,0,0,0,0,0,0,0,,,,,
Dion Sims,TE,CHI,16,CLE,0,0,0,0,0,0,0,0,1,24,0,3,0,0,0,0,0,0,0,0,0,0,,,,,
Dontrelle Inman,WR,CHI,16,CLE,0,0,0,0,0,0,0,0,2,19,0,4,0,0,0,0,0,0,0,0,0,0,,,,,
Doug Baldwin,WR,SEA,16,DAL,0,0,0,0,0,0,0,0,4,35,1,6,0,0,0,0,0,0,0,0,0,0,,,,,
Doug Martin,RB,TB,16,CAR,0,0,0,0,0,7,0,6,0,0,0,0,0,0,0,0,0,0,0,0,0,0,,,,,
Drew Brees,QB,NO,16,ATL,239,1,28,21,1,-4,0,4,0,0,0,0,0,0,0,0,0,0,0,0,0,0,,,,,
Drew Stanton,QB,ARI,16,NYG,209,2,34,20,2,1,0,2,0,0,0,0,0,0,0,0,0,0,0,0,0,0,,,,,
Duke Johnson,RB,CLE,16,CHI,0,0,0,0,0,20,0,4,7,81,0,7,0,0,0,0,0,0,0,0,0,0,,,,,
Dustin Hopkins,K,WAS,16,DEN,0,0,0,0,0,0,0,0,0,0,0,0,0,0,0,0,2,0,0,0,0,3,,,,,
Dwayne Allen,TE,NE,16,BUF,0,0,0,0,0,0,0,0,2,26,0,2,0,0,0,0,0,0,0,0,0,0,,,,,
Eli Manning,QB,NYG,16,ARI,263,0,45,27,2,5,0,1,0,0,0,0,0,0,0,0,0,0,0,0,0,0,,,,,
Eli Rogers,WR,PIT,16,HOU,0,0,0,0,0,0,0,0,1,6,0,4,0,0,0,0,0,0,0,0,0,0,,,,,
Elijah McGuire,RB,NYJ,16,LAC,0,0,0,0,0,0,0,0,0,0,0,1,0,0,0,0,0,0,0,0,0,0,,,,,
Eric Decker,WR,TEN,16,LA,0,0,0,0,0,0,0,0,6,73,0,10,0,0,0,0,0,0,0,0,0,0,,,,,
Eric Ebron,TE,DET,16,CIN,0,0,0,0,0,0,0,0,5,83,1,8,0,0,0,0,0,0,0,0,0,0,,,,,
Evan Engram,TE,NYG,16,ARI,0,0,0,0,0,0,0,0,1,12,0,2,0,0,0,0,0,0,0,0,0,0,,,,,
Ezekiel Elliott,RB,DAL,16,SEA,0,0,0,0,0,97,0,24,4,21,0,7,0,0,0,0,0,0,0,0,0,0,,,,,
Fozzy Whittaker,RB,CAR,16,TB,0,0,0,0,0,5,0,1,1,4,0,1,0,0,0,0,0,0,0,0,0,0,,,,,
Frank Gore,RB,IND,16,BAL,0,0,0,0,0,68,0,17,2,18,1,2,0,0,0,0,0,0,0,0,0,0,,,,,
Freddie Martino,WR,TB,16,CAR,0,0,0,0,0,0,0,0,2,57,0,2,0,0,0,0,0,0,0,0,0,0,,,,,
GB,DEF,GB,16,MIN,,,,,,,,,,,,,,,,,,,,,,,0,0,0,0,16.0
Geoff Swaim,TE,DAL,16,SEA,0,0,0,0,0,0,0,0,0,0,0,0,0,0,0,0,0,0,0,0,0,0,,,,,
George Kittle,TE,SF,16,JAX,0,0,0,0,0,0,0,0,3,42,1,3,0,0,0,0,0,0,0,0,0,0,,,,,
Geronimo Allison,WR,GB,16,MIN,0,0,0,0,0,0,0,0,1,9,0,3,0,0,0,0,0,0,0,0,0,0,,,,,
Giorgio Tavecchio,K,LV,16,PHI,0,0,0,0,0,0,0,0,0,0,0,0,0,0,0,0,1,0,0,0,0,1,,,,,
Giovani Bernard,RB,CIN,16,DET,0,0,0,0,0,116,1,23,7,52,0,7,0,0,0,0,0,0,0,0,0,0,,,,,
Golden Tate,WR,DET,16,CIN,0,0,0,0,0,0,0,0,3,14,0,6,0,0,0,0,0,0,0,0,0,0,,,,,
Graham Gano,K,CAR,16,TB,0,0,0,0,0,0,0,0,0,0,0,0,0,0,0,0,2,1,0,0,0,1,,,,,
Greg Olsen,TE,CAR,16,TB,0,0,0,0,0,0,0,0,3,27,0,6,0,0,0,0,0,0,0,0,0,0,,,,,
HOU,DEF,HOU,16,PIT,,,,,,,,,,,,,,,,,,,,,,,0,0,0,0,34.0
Harrison Butker,K,KC,16,MIA,0,0,0,0,0,0,0,0,0,0,0,0,0,0,0,0,2,2,1,0,0,2,,,,,
Hunter Sharp,WR,NYG,16,ARI,0,0,0,0,0,0,0,0,2,25,0,2,0,0,0,0,0,0,0,0,0,0,,,,,
IND,DEF,IND,16,BAL,,,,,,,,,,,,,,,,,,,,,,,0,0,0,0,23.0
Isaiah Crowell,RB,CLE,16,CHI,0,0,0,0,0,44,0,12,1,-1,0,4,0,0,0,0,0,0,0,0,0,0,,,,,
Isaiah McKenzie,WR,DEN,16,WAS,0,0,0,0,0,0,0,0,1,8,0,2,0,0,0,0,0,0,0,0,0,0,,,,,
J.J. Nelson,WR,ARI,16,NYG,0,0,0,0,0,0,0,0,0,0,0,1,0,0,0,0,0,0,0,0,0,0,,,,,
JAX,DEF,JAX,16,SF,,,,,,,,,,,,,,,,,,,,,,,0,0,0,0,44.0
Jack Doyle,TE,IND,16,BAL,0,0,0,0,0,0,0,0,5,41,0,10,0,0,0,0,0,0,0,0,0,0,,,,,
Jacob Hollister,TE,NE,16,BUF,0,0,0,0,0,5,0,1,1,5,0,2,0,0,0,0,0,0,0,0,0,0,,,,,
Jacoby Brissett,QB,IND,16,BAL,215,1,33,16,0,8,0,3,0,0,0,0,0,0,0,0,0,0,0,0,0,0,,,,,
Jacquizz Rodgers,RB,TB,16,CAR,0,0,0,0,0,2,0,1,0,0,0,0,0,0,0,0,0,0,0,0,0,0,,,,,
Jaelen Strong,WR,JAX,16,SF,0,0,0,0,0,0,0,0,3,38,1,4,0,0,0,0,0,0,0,0,0,0,,,,,
Jake Elliott,K,PHI,16,LV,0,0,0,0,0,0,0,0,0,0,0,0,0,0,0,0,0,1,1,0,0,1,,,,,
Jakeem Grant,WR,MIA,16,KC,0,0,0,0,0,3,0,1,4,107,1,6,0,0,0,0,0,0,0,0,0,0,,,,,
Jalen Richard,RB,LV,16,PHI,0,0,0,0,0,42,0,4,2,14,0,2,0,0,0,0,0,0,0,0,0,0,,,,,
Jamaal Williams,RB,GB,16,MIN,0,0,0,0,0,58,0,15,0,0,0,3,0,0,0,0,0,0,0,0,0,0,,,,,
Jamal Agnew,WR,DET,16,CIN,0,0,0,0,0,0,0,0,0,0,0,0,0,0,0,0,0,0,0,0,0,0,,,,,
Jameis Winston,QB,TB,16,CAR,367,1,27,21,0,6,0,3,0,0,0,0,0,0,0,0,0,0,0,0,0,0,,,,,
James Hanna,TE,DAL,16,SEA,0,0,0,0,0,0,0,0,0,0,0,0,0,0,0,0,0,0,0,0,0,0,,,,,
James O'Shaughnessy,TE,JAX,16,SF,0,0,0,0,0,0,0,0,5,39,1,6,0,0,0,0,0,0,0,0,0,0,,,,,
Jamison Crowder,WR,WAS,16,DEN,0,0,0,0,0,0,0,0,4,47,1,4,0,0,0,0,0,0,0,0,0,0,,,,,
Jared Cook,TE,LV,16,PHI,0,0,0,0,0,0,0,0,1,15,0,2,0,0,0,0,0,0,0,0,0,0,,,,,
Jared Goff,QB,LA,16,TEN,301,4,38,22,0,-6,0,3,0,0,0,0,0,0,0,0,0,0,0,0,0,0,,,,,
Jarius Wright,WR,MIN,16,GB,0,0,0,0,0,0,0,0,1,8,0,2,0,0,0,0,0,0,0,0,0,0,,,,,
Jaron Brown,WR,ARI,16,NYG,0,0,0,0,0,0,0,0,2,27,0,4,0,0,0,0,0,0,0,0,0,0,,,,,
Jarvis Landry,WR,MIA,16,KC,0,0,0,0,0,0,0,0,5,51,0,7,0,0,0,0,0,0,0,0,0,0,,,,,
Jason Witten,TE,DAL,16,SEA,0,0,0,0,0,0,0,0,5,39,0,9,0,0,0,0,0,0,0,0,0,0,,,,,
Javorius Allen,RB,BAL,16,IND,0,0,0,0,0,37,0,8,1,10,0,1,0,0,0,0,0,0,0,0,0,0,,,,,
Jay Ajayi,RB,PHI,16,LV,0,0,0,0,0,52,0,14,2,21,1,3,0,0,0,0,0,0,0,0,0,0,,,,,
Jay Cutler,QB,MIA,16,KC,286,1,38,19,0,-1,0,2,0,0,0,0,0,0,0,0,0,0,0,0,0,0,,,,,
Jaydon Mickens,WR,JAX,16,SF,0,0,0,0,0,0,0,0,1,5,0,4,0,0,0,0,0,0,0,0,0,0,,,,,
Jeff Cumberland,TE,LAC,16,NYJ,0,0,0,0,0,0,0,0,0,0,0,0,0,0,0,0,0,0,0,0,0,0,,,,,
Jeff Heuerman,TE,DEN,16,WAS,0,0,0,0,0,0,0,0,0,0,0,2,0,0,0,0,0,0,0,0,0,0,,,,,
Jeff Janis,WR,GB,16,MIN,0,0,0,0,0,0,0,0,1,12,0,2,0,0,0,0,0,0,0,0,0,0,,,,,
Jerell Adams,TE,NYG,16,ARI,0,0,0,0,0,0,0,0,4,31,0,4,0,0,0,0,0,0,0,0,0,0,,,,,
Jeremy McNichols,RB,SF,16,JAX,0,0,0,0,0,0,0,0,0,0,0,0,0,0,0,0,0,0,0,0,0,0,,,,,
Jeremy Sprinkle,TE,WAS,16,DEN,0,0,0,0,0,0,0,0,1,6,0,1,0,0,0,0,0,0,0,0,0,0,,,,,
Jerick McKinnon,RB,MIN,16,GB,0,0,0,0,0,42,0,7,1,9,0,2,0,0,0,0,0,0,0,0,0,0,,,,,
Jermaine Gresham,TE,ARI,16,NYG,0,0,0,0,0,0,0,0,1,4,0,1,0,0,0,0,0,0,0,0,0,0,,,,,
Jermaine Kearse,WR,NYJ,16,LAC,0,0,0,0,0,0,0,0,5,42,0,8,0,0,0,0,0,0,0,0,0,0,,,,,
Jesse James,TE,PIT,16,HOU,0,0,0,0,0,0,0,0,0,0,0,1,0,0,0,0,0,0,0,0,0,0,,,,,
Jimmy Garoppolo,QB,SF,16,JAX,242,2,30,21,1,3,1,3,0,0,0,0,0,0,0,0,0,0,0,0,0,0,,,,,
Jimmy Graham,TE,SEA,16,DAL,0,0,0,0,0,0,0,0,1,3,1,1,0,0,0,0,0,0,0,0,0,0,,,,,
JoJo Natson,WR,NYJ,16,LAC,0,0,0,0,0,0,0,0,0,0,0,0,0,0,0,0,0,0,0,0,0,0,,,,,
Joe Flacco,QB,BAL,16,IND,237,2,38,29,0,-2,0,4,0,0,0,0,0,0,0,0,0,0,0,0,0,0,,,,,
Joe Mixon,RB,CIN,16,DET,0,0,0,0,0,12,0,3,2,20,0,3,0,0,0,0,0,0,0,0,0,0,,,,,
John Brown,WR,ARI,16,NYG,0,0,0,0,0,0,0,0,2,28,1,4,0,0,0,0,0,0,0,0,0,0,,,,,
John Phillips,TE,NO,16,ATL,0,0,0,0,0,0,0,0,0,0,0,0,0,0,0,0,0,0,0,0,0,0,,,,,
Johnny Holton,WR,LV,16,PHI,0,0,0,0,0,0,0,0,0,0,0,0,0,0,0,0,0,0,0,0,0,0,,,,,
Jonathan Stewart,RB,CAR,16,TB,0,0,0,0,0,19,0,7,1,-1,0,1,0,0,0,0,0,0,0,0,0,0,,,,,
Jonnu Smith,TE,TEN,16,LA,0,0,0,0,0,0,0,0,1,13,0,2,0,0,0,0,0,0,0,0,0,0,,,,,
Jordan Howard,RB,CHI,16,CLE,0,0,0,0,0,44,2,22,0,0,0,0,0,0,0,0,0,0,0,0,0,0,,,,,
Jordan Taylor,WR,DEN,16,WAS,0,0,0,0,0,0,0,0,1,22,0,2,0,0,0,0,0,0,0,0,0,0,,,,,
Jordan Todman,RB,HOU,16,PIT,0,0,0,0,0,0,0,0,0,0,0,0,0,0,0,0,0,0,0,0,0,0,,,,,
Jordy Nelson,WR,GB,16,MIN,0,0,0,0,0,0,0,0,3,11,0,5,0,0,0,0,0,0,0,0,0,0,,,,,
Josh Bellamy,WR,CHI,16,CLE,0,0,0,0,0,0,0,0,3,49,0,4,0,0,0,0,0,0,0,0,0,0,,,,,
Josh Doctson,WR,WAS,16,DEN,0,0,0,0,0,0,0,0,2,61,1,13,0,0,0,0,0,0,0,0,0,0,,,,,
Josh Gordon,WR,CLE,16,CHI,0,0,0,0,0,0,0,0,2,19,0,8,0,0,0,0,0,0,0,0,0,0,,,,,
Josh Hill,TE,NO,16,ATL,0,0,0,0,0,0,0,0,2,11,0,3,0,0,0,0,0,0,0,0,0,0,,,,,
Josh Lambo,K,JAX,16,SF,0,0,0,0,0,0,0,0,0,0,0,0,0,0,0,0,0,0,1,0,0,2,,,,,
Josh Malone,WR,CIN,16,DET,0,0,0,0,0,-2,0,1,0,0,0,1,0,0,0,0,0,0,0,0,0,0,,,,,
Josh Reynolds,WR,LA,16,TEN,0,0,0,0,0,0,0,0,0,0,0,1,0,0,0,0,0,0,0,0,0,0,,,,,
JuJu Smith-Schuster,WR,PIT,16,HOU,0,0,0,0,0,0,0,0,6,75,1,7,0,0,0,0,0,0,0,0,0,0,,,,,
Julio Jones,WR,ATL,16,NO,0,0,0,0,0,0,0,0,7,149,0,11,0,0,0,0,0,0,0,0,0,0,,,,,
Justin Hardy,WR,ATL,16,NO,0,0,0,0,0,0,0,0,1,10,0,1,0,0,0,0,0,0,0,0,0,0,,,,,
Justin Hunter,WR,PIT,16,HOU,0,0,0,0,0,0,0,0,1,5,1,1,0,0,0,0,0,0,0,0,0,0,,,,,
Justin Tucker,K,BAL,16,IND,0,0,0,0,0,0,0,0,0,0,0,0,0,0,0,0,0,3,0,0,0,2,,,,,
KC,DEF,KC,16,MIA,,,,,,,,,,,,,,,,,,,,,,,0,0,0,0,13.0
Ka'imi Fairbairn,K,HOU,16,PIT,0,0,0,0,0,0,0,0,0,0,0,0,0,0,0,0,0,0,0,0,0,0,,,,,
Kaelin Clay,WR,CAR,16,TB,0,0,0,0,0,0,0,0,2,24,0,4,0,0,0,0,0,0,0,0,0,0,,,,,
Kai Forbath,K,MIN,16,GB,0,0,0,0,0,0,0,0,0,0,0,0,0,0,0,0,2,0,1,0,0,1,,,,,
Kamar Aiken,WR,IND,16,BAL,0,0,0,0,0,0,0,0,0,0,0,2,0,0,0,0,0,0,0,0,0,0,,,,,
Kapri Bibbs,RB,WAS,16,DEN,0,0,0,0,0,26,0,7,2,28,0,4,0,0,0,0,0,0,0,0,0,0,,,,,
Kareem Hunt,RB,KC,16,MIA,0,0,0,0,0,91,1,29,4,15,0,4,0,0,0,0,0,0,0,0,0,0,,,,,
Keelan Cole,WR,JAX,16,SF,0,0,0,0,0,0,0,0,6,108,0,13,0,0,0,0,0,0,0,0,0,0,,,,,
Keenan Allen,WR,LAC,16,NYJ,0,0,0,0,0,0,0,0,5,63,0,10,0,0,0,0,0,0,0,0,0,0,,,,,
Kelvin Benjamin,WR,BUF,16,NE,0,0,0,0,0,0,0,0,5,70,0,7,0,0,0,0,0,0,0,0,0,0,,,,,
Kendall Wright,WR,CHI,16,CLE,0,0,0,0,0,0,0,0,4,27,0,6,0,0,0,0,0,0,0,0,0,0,,,,,
Kendrick Bourne,WR,SF,16,JAX,0,0,0,0,0,0,0,0,1,12,0,5,0,0,0,0,0,0,0,0,0,0,,,,,
Kenjon Barner,RB,PHI,16,LV,0,0,0,0,0,0,0,0,0,0,0,0,0,0,0,0,0,0,0,0,0,0,,,,,
Kenny Britt,WR,NE,16,BUF,0,0,0,0,0,0,0,0,1,16,0,2,0,0,0,0,0,0,0,0,0,0,,,,,
Kenny Golladay,WR,DET,16,CIN,0,0,0,0,0,0,0,0,4,28,0,8,0,0,0,0,0,0,0,0,0,0,,,,,
Kenny Stills,WR,MIA,16,KC,0,0,0,0,0,0,0,0,4,54,0,6,0,0,0,0,0,0,0,0,0,0,,,,,
Kenyan Drake,RB,MIA,16,KC,0,0,0,0,0,57,0,13,0,0,0,3,0,0,0,0,0,0,0,0,0,0,,,,,
Kerwynn Williams,RB,ARI,16,NYG,0,0,0,0,0,51,0,16,2,14,0,3,0,0,0,0,0,0,0,0,0,0,,,,,
Kirk Cousins,QB,WAS,16,DEN,299,3,37,19,1,8,0,5,0,0,0,0,0,0,0,0,0,0,0,0,0,0,,,,,
Kyle Juszczyk,RB,SF,16,JAX,0,0,0,0,0,0,0,0,5,76,0,5,0,0,0,0,0,0,0,0,0,0,,,,,
Kyle Rudolph,TE,MIN,16,GB,0,0,0,0,0,0,0,0,1,6,0,1,0,0,0,0,0,0,0,0,0,0,,,,,
LA,DEF,LA,16,TEN,,,,,,,,,,,,,,,,,,,,,,,0,0,0,0,23.0
LAC,DEF,LAC,16,NYJ,,,,,,,,,,,,,,,,,,,,,,,0,0,0,0,7.0
LV,DEF,LV,16,PHI,,,,,,,,,,,,,,,,,,,,,,,0,0,0,0,0.0
Lamar Miller,RB,HOU,16,PIT,0,0,0,0,0,55,0,10,1,10,0,1,0,0,0,0,0,0,0,0,0,0,,,,,
Lance Kendricks,TE,GB,16,MIN,0,0,0,0,0,0,0,0,4,36,0,9,0,0,0,0,0,0,0,0,0,0,,,,,
Landry Jones,QB,PIT,16,HOU,0,0,1,0,0,-1,0,2,0,0,0,0,0,0,0,0,0,0,0,0,0,0,,,,,
Laquon Treadwell,WR,MIN,16,GB,0,0,0,0,0,0,0,0,0,0,0,2,0,0,0,0,0,0,0,0,0,0,,,,,
Larry Fitzgerald,WR,ARI,16,NYG,21,0,1,1,0,0,0,0,9,119,1,15,0,0,0,0,0,0,0,0,0,0,,,,,
Latavius Murray,RB,MIN,16,GB,0,0,0,0,0,69,0,21,1,6,0,1,0,0,0,0,0,0,0,0,0,0,,,,,
Le'Veon Bell,RB,PIT,16,HOU,0,0,0,0,0,69,1,14,5,28,0,8,0,0,0,0,0,0,0,0,0,0,,,,,
LeGarrette Blount,RB,PHI,16,LV,0,0,0,0,0,12,0,5,1,3,0,1,0,0,0,0,0,0,0,0,0,0,,,,,
LeSean McCoy,RB,BUF,16,NE,0,0,0,0,0,71,0,17,5,76,0,7,0,0,0,0,0,0,0,0,0,0,,,,,
Lee Smith,TE,LV,16,PHI,0,0,0,0,0,0,0,0,2,16,0,3,0,0,0,0,0,0,0,0,0,0,,,,,
Leonard Fournette,RB,JAX,16,SF,0,0,0,0,0,48,1,18,3,22,0,3,0,0,0,0,0,0,0,0,0,0,,,,,
Levine Toilolo,TE,ATL,16,NO,0,0,0,0,0,0,0,0,0,0,0,0,0,0,0,0,0,0,0,0,0,0,,,,,
Louis Murphy,WR,SF,16,JAX,0,0,0,0,0,0,0,0,1,17,0,1,0,0,0,0,0,0,0,0,0,0,,,,,
Luke Stocker,TE,TEN,16,LA,0,0,0,0,0,0,0,0,0,0,0,0,0,0,0,0,0,0,0,0,0,0,,,,,
Luke Willson,TE,SEA,16,DAL,0,0,0,0,0,0,0,0,2,9,0,2,0,0,0,0,0,0,0,0,0,0,,,,,
MIA,DEF,MIA,16,KC,,,,,,,,,,,,,,,,,,,,,,,0,0,0,0,29.0
MIN,DEF,MIN,16,GB,,,,,,,,,,,,,,,,,,,,,,,0,0,0,0,0.0
Malcolm Brown,RB,LA,16,TEN,0,0,0,0,0,4,0,1,0,0,0,0,0,0,0,0,0,0,0,0,0,0,,,,,
Marcedes Lewis,TE,JAX,16,SF,0,0,0,0,0,0,0,0,1,22,0,1,0,0,0,0,0,0,0,0,0,0,,,,,
Marcus Mariota,QB,TEN,16,LA,275,0,39,22,1,24,0,3,0,0,0,0,0,0,0,0,0,0,0,0,0,0,,,,,
Mark Ingram,RB,NO,16,ATL,0,0,0,0,0,44,1,13,3,22,0,3,0,0,0,0,0,0,0,0,0,0,,,,,
Marlon Mack,RB,IND,16,BAL,0,0,0,0,0,17,0,4,2,37,0,2,0,0,0,0,0,0,0,0,0,0,,,,,
Marquise Goodwin,WR,SF,16,JAX,0,0,0,0,0,0,0,0,3,37,0,6,0,0,0,0,0,0,0,0,0,0,,,,,
Marshawn Lynch,RB,LV,16,PHI,0,0,0,0,0,95,0,25,2,-3,0,3,0,0,0,0,0,0,0,0,0,0,,,,,
Martavis Bryant,WR,PIT,16,HOU,0,0,0,0,0,8,0,1,3,60,0,4,0,0,0,0,0,0,0,0,0,0,,,,,
Marvin Hall,WR,ATL,16,NO,0,0,0,0,0,0,0,0,0,0,0,1,0,0,0,0,0,0,0,0,0,0,,,,,
Marvin Jones,WR,DET,16,CIN,0,0,0,0,0,0,0,0,3,50,0,5,0,0,0,0,0,0,0,0,0,0,,,,,
Mason Crosby,K,GB,16,MIN,0,0,0,0,0,0,0,0,0,0,0,0,0,0,0,0,0,0,0,0,0,0,,,,,
Matt Breida,RB,SF,16,JAX,0,0,0,0,0,74,1,11,1,8,0,1,0,0,0,0,0,0,0,0,0,0,,,,,
Matt Bryant,K,ATL,16,NO,0,0,0,0,0,0,0,0,0,0,0,0,0,0,0,0,0,1,1,0,0,1,,,,,
Matt Dayes,RB,CLE,16,CHI,0,0,0,0,0,4,0,1,0,0,0,0,0,0,0,0,0,0,0,0,0,0,,,,,
Matt Forte,RB,NYJ,16,LAC,0,0,0,0,0,19,0,8,1,7,0,1,0,0,0,0,0,0,0,0,0,0,,,,,
Matt Prater,K,DET,16,CIN,0,0,0,0,0,0,0,0,0,0,0,0,0,0,0,0,1,0,0,0,0,2,,,,,
Matt Ryan,QB,ATL,16,NO,288,1,36,22,1,7,0,2,0,0,0,0,0,0,0,0,0,0,0,0,0,0,,,,,
Matthew Stafford,QB,DET,16,CIN,203,1,35,19,1,7,0,1,0,0,0,0,0,0,0,0,0,0,0,0,0,0,,,,,
Maxx Williams,TE,BAL,16,IND,0,0,0,0,0,0,0,0,2,6,1,3,0,0,0,0,0,0,0,0,0,0,,,,,
Melvin Gordon,RB,LAC,16,NYJ,0,0,0,0,0,81,1,19,3,47,0,3,0,0,0,0,0,0,0,0,0,0,,,,,
Michael Campanaro,WR,BAL,16,IND,0,0,0,0,0,9,0,1,2,21,1,2,0,0,0,0,0,0,0,0,0,0,,,,,
Michael Clark,WR,GB,16,MIN,0,0,0,0,0,0,0,0,3,36,0,9,0,0,0,0,0,0,0,0,0,0,,,,,
Michael Crabtree,WR,LV,16,PHI,0,0,0,0,0,0,0,0,0,0,0,3,0,0,0,0,0,0,0,0,0,0,,,,,
Michael Floyd,WR,MIN,16,GB,0,0,0,0,0,0,0,0,1,0,0,1,0,0,0,0,0,0,0,0,0,0,,,,,
Michael Roberts,TE,DET,16,CIN,0,0,0,0,0,0,0,0,0,0,0,1,0,0,0,0,0,0,0,0,0,0,,,,,
Michael Thomas,WR,NO,16,ATL,0,0,0,0,0,0,0,0,4,66,0,5,0,0,0,0,0,0,0,0,0,0,,,,,
Mike Davis,RB,SEA,16,DAL,0,0,0,0,0,25,0,15,4,18,0,5,0,0,0,0,0,0,0,0,0,0,,,,,
Mike Evans,WR,TB,16,CAR,0,0,0,0,0,0,0,0,6,107,0,8,0,0,0,0,0,0,0,0,0,0,,,,,
Mike Gillislee,RB,NE,16,BUF,0,0,0,0,0,28,1,6,1,15,0,1,0,0,0,0,0,0,0,0,0,0,,,,,
Mike Nugent,K,CHI,16,CLE,0,0,0,0,0,0,0,0,0,0,0,0,0,0,0,0,0,0,0,0,0,2,,,,,
Mike Thomas,WR,LA,16,TEN,0,0,0,0,0,0,0,0,0,0,0,1,0,0,0,0,0,0,0,0,0,0,,,,,
Mike Wallace,WR,BAL,16,IND,0,0,0,0,0,0,0,0,4,60,0,6,0,0,0,0,0,0,0,0,0,0,,,,,
Mike Williams,WR,LAC,16,NYJ,0,0,0,0,0,0,0,0,0,0,0,3,0,0,0,0,0,0,0,0,0,0,,,,,
Mitchell Trubisky,QB,CHI,16,CLE,193,0,23,14,0,44,1,7,0,0,0,0,0,0,0,0,0,0,0,0,0,0,,,,,
Mohamed Sanu,WR,ATL,16,NO,0,0,0,0,0,0,0,0,4,31,0,6,0,0,0,0,0,0,0,0,0,0,,,,,
NE,DEF,NE,16,BUF,,,,,,,,,,,,,,,,,,,,,,,0,0,0,0,16.0
NO,DEF,NO,16,ATL,,,,,,,,,,,,,,,,,,,,,,,0,0,0,0,13.0
NYG,DEF,NYG,16,ARI,,,,,,,,,,,,,,,,,,,,,,,0,0,0,0,23.0
NYJ,DEF,NYJ,16,LAC,,,,,,,,,,,,,,,,,,,,,,,0,0,0,0,14.0
Neal Sterling,TE,NYJ,16,LAC,0,0,0,0,0,0,0,0,0,0,0,0,0,0,0,0,0,0,0,0,0,0,,,,,
Nelson Agholor,WR,PHI,16,LV,0,0,0,0,0,0,0,0,4,35,0,7,0,0,0,0,0,0,0,0,0,0,,,,,
Nick Boyle,TE,BAL,16,IND,0,0,0,0,0,0,0,0,3,9,0,4,0,0,0,0,0,0,0,0,0,0,,,,,
Nick Foles,QB,PHI,16,LV,163,1,38,19,1,0,0,0,0,0,0,0,0,0,0,0,0,0,0,0,0,0,,,,,
Nick O'Leary,TE,BUF,16,NE,0,0,0,0,0,0,0,0,0,0,0,1,0,0,0,0,0,0,0,0,0,0,,,,,
Nick Rose,K,LAC,16,NYJ,0,0,0,0,0,0,0,0,0,0,0,0,0,0,0,0,0,0,0,0,0,2,,,,,
Nick Vannett,TE,SEA,16,DAL,0,0,0,0,0,0,0,0,0,0,0,0,0,0,0,0,0,0,0,0,0,0,,,,,
Niles Paul,TE,WAS,16,DEN,0,0,0,0,0,0,0,0,0,0,0,2,0,0,0,0,0,0,0,0,0,0,,,,,
Noah Brown,WR,DAL,16,SEA,0,0,0,0,0,0,0,0,0,0,0,2,0,0,0,0,0,0,0,0,0,0,,,,,
Orleans Darkwa,RB,NYG,16,ARI,0,0,0,0,0,10,0,6,0,0,0,0,0,0,0,0,0,0,0,0,0,0,,,,,
Orson Charles,TE,KC,16,MIA,0,0,0,0,0,0,0,0,1,35,0,1,0,0,0,0,0,0,0,0,0,0,,,,,
PHI,DEF,PHI,16,LV,,,,,,,,,,,,,,,,,,,,,,,0,0,0,0,10.0
PIT,DEF,PIT,16,HOU,,,,,,,,,,,,,,,,,,,,,,,0,0,0,0,6.0
Patrick DiMarco,RB,BUF,16,NE,0,0,0,0,0,0,0,0,1,-8,0,1,0,0,0,0,0,0,0,0,0,0,,,,,
Patrick Murray,K,TB,16,CAR,0,0,0,0,0,0,0,0,0,0,0,0,0,0,0,0,2,1,1,0,0,1,,,,,
Paul Perkins,RB,NYG,16,ARI,0,0,0,0,0,10,0,3,0,0,0,0,0,0,0,0,0,0,0,0,0,0,,,,,
Paul Richardson,WR,SEA,16,DAL,0,0,0,0,0,0,0,0,2,21,0,4,0,0,0,0,0,0,0,0,0,0,,,,,
Peyton Barber,RB,TB,16,CAR,0,0,0,0,0,51,0,13,2,4,0,2,0,0,0,0,0,0,0,0,0,0,,,,,
Pharoh Cooper,WR,LA,16,TEN,0,0,0,0,0,0,0,0,0,0,0,0,0,0,0,0,0,0,0,0,0,0,,,,,
Phil Dawson,K,ARI,16,NYG,0,0,0,0,0,0,0,0,0,0,0,0,0,0,0,0,1,0,0,0,0,2,,,,,
Philip Rivers,QB,LAC,16,NYJ,290,1,40,22,0,0,0,1,0,0,0,0,0,0,0,0,0,0,0,0,0,0,,,,,
Phillip Dorsett,WR,NE,16,BUF,0,0,0,0,0,0,0,0,1,24,0,1,0,0,0,0,0,0,0,0,0,0,,,,,
Randall Cobb,WR,GB,16,MIN,0,0,0,0,0,-6,0,1,4,22,0,7,0,0,0,0,0,0,0,0,0,0,,,,,
Randy Bullock,K,CIN,16,DET,0,0,0,0,0,0,0,0,0,0,0,0,0,0,0,0,2,1,0,1,0,2,,,,,
Rashard Higgins,WR,CLE,16,CHI,0,0,0,0,0,0,0,0,2,20,0,3,0,0,0,0,0,0,0,0,0,0,,,,,
Rhett Ellison,TE,NYG,16,ARI,0,0,0,0,0,0,0,0,4,60,0,7,0,0,0,0,0,0,0,0,0,0,,,,,
Ricardo Louis,WR,CLE,16,CHI,0,0,0,0,0,0,0,0,1,35,0,1,0,0,0,0,0,0,0,0,0,0,,,,,
Ricky Seals-Jones,TE,ARI,16,NYG,0,0,0,0,0,0,0,0,0,0,0,1,0,0,0,0,0,0,0,0,0,0,,,,,
Rishard Matthews,WR,TEN,16,LA,0,0,0,0,0,0,0,0,2,48,0,4,0,0,0,0,0,0,0,0,0,0,,,,,
Rob Gronkowski,TE,NE,16,BUF,0,0,0,0,0,0,0,0,5,67,1,7,0,0,0,0,0,0,0,0,0,0,,,,,
Robbie Chosen,WR,NYJ,16,LAC,0,0,0,0,0,0,0,0,5,51,0,7,0,0,0,0,0,0,0,0,0,0,,,,,
Robbie Gould,K,SF,16,JAX,0,0,0,0,0,0,0,0,0,0,0,0,0,0,0,0,1,0,0,0,0,5,,,,,
Robert Woods,WR,LA,16,TEN,0,0,0,0,0,0,0,0,3,33,0,8,0,0,0,0,0,0,0,0,0,0,,,,,
Rod Smith,RB,DAL,16,SEA,0,0,0,0,0,10,0,2,3,23,0,3,0,0,0,0,0,0,0,0,0,0,,,,,
Roger Lewis,WR,NYG,16,ARI,0,0,0,0,0,0,0,0,4,40,0,11,0,0,0,0,0,0,0,0,0,0,,,,,
Ross Travis,TE,IND,16,BAL,0,0,0,0,0,0,0,0,0,0,0,1,0,0,0,0,0,0,0,0,0,0,,,,,
Russell Wilson,QB,SEA,16,DAL,93,2,21,14,0,29,0,9,0,0,0,0,0,0,0,0,0,0,0,0,0,0,,,,,
Ryan Grant,WR,WAS,16,DEN,0,0,0,0,0,0,0,0,4,85,0,6,0,0,0,0,0,0,0,0,0,0,,,,,
Ryan Malleck,TE,HOU,16,PIT,0,0,0,0,0,0,0,0,1,3,0,1,0,0,0,0,0,0,0,0,0,0,,,,,
Ryan Succop,K,TEN,16,LA,0,0,0,0,0,0,0,0,0,0,0,0,0,0,0,0,2,1,0,0,0,2,,,,,
Ryan Switzer,WR,DAL,16,SEA,0,0,0,0,0,0,0,0,0,0,0,0,0,0,0,0,0,0,0,0,0,0,,,,,
SEA,DEF,SEA,16,DAL,,,,,,,,,,,,,,,,,,,,,,,1,0,0,0,12.0
SF,DEF,SF,16,JAX,,,,,,,,,,,,,,,,,,,,,,,1,0,0,0,33.0
Sam Ficken,K,LA,16,TEN,0,0,0,0,0,0,0,0,0,0,0,0,0,0,0,0,0,0,0,0,0,3,,,,,
Samaje Perine,RB,WAS,16,DEN,0,0,0,0,0,53,0,17,3,21,0,3,0,0,0,0,0,0,0,0,0,0,,,,,
Sammie Coates,WR,CLE,16,CHI,0,0,0,0,0,0,0,0,0,0,0,0,0,0,0,0,0,0,0,0,0,0,,,,,
Sammy Watkins,WR,LA,16,TEN,0,0,0,0,0,0,0,0,3,30,1,7,0,0,0,0,0,0,0,0,0,0,,,,,
Sean McGrath,TE,LAC,16,NYJ,0,0,0,0,0,0,0,0,2,26,0,2,0,0,0,0,0,0,0,0,0,0,,,,,
Senorise Perry,RB,MIA,16,KC,0,0,0,0,0,0,0,0,0,0,0,0,0,0,0,0,0,0,0,0,0,0,,,,,
Seth DeValve,TE,CLE,16,CHI,0,0,0,0,0,0,0,0,3,12,0,4,0,0,0,0,0,0,0,0,0,0,,,,,
Seth Roberts,WR,LV,16,PHI,0,0,0,0,0,0,0,0,3,23,0,6,0,0,0,0,0,0,0,0,0,0,,,,,
Shane Vereen,RB,NYG,16,ARI,0,0,0,0,0,0,0,0,0,0,0,0,0,0,0,0,0,0,0,0,0,0,,,,,
Stefon Diggs,WR,MIN,16,GB,0,0,0,0,0,3,0,1,5,60,1,8,0,0,0,0,0,0,0,0,0,0,,,,,
Stephen Anderson,TE,HOU,16,PIT,0,0,0,0,0,0,0,0,0,0,0,1,0,0,0,0,0,0,0,0,0,0,,,,,
Stephen Gostkowski,K,NE,16,BUF,0,0,0,0,0,0,0,0,0,0,0,0,0,0,0,0,1,1,1,0,0,4,,,,,
Sterling Shepard,WR,NYG,16,ARI,0,0,0,0,0,0,0,0,5,45,0,8,0,0,0,0,0,0,0,0,0,0,,,,,
Stevan Ridley,RB,PIT,16,HOU,0,0,0,0,0,28,0,9,0,0,0,0,0,0,0,0,0,0,0,0,0,0,,,,,
Steven Hauschka,K,BUF,16,NE,0,0,0,0,0,0,0,0,0,0,0,0,0,0,0,0,1,1,1,0,0,1,,,,,
T.J. Yates,QB,HOU,16,PIT,83,1,16,7,1,11,0,1,0,0,0,0,0,0,0,0,0,0,0,0,0,0,,,,,
T.J. Yeldon,RB,JAX,16,SF,0,0,0,0,0,13,1,5,7,64,0,10,0,0,0,0,0,0,0,0,0,0,,,,,
T.Y. Hilton,WR,IND,16,BAL,0,0,0,0,0,0,0,0,6,100,0,12,0,0,0,0,0,0,0,0,0,0,,,,,
TB,DEF,TB,16,CAR,,,,,,,,,,,,,,,,,,,,,,,0,0,0,0,22.0
TEN,DEF,TEN,16,LA,,,,,,,,,,,,,,,,,,,,,,,0,0,0,0,27.0
Tarik Cohen,RB,CHI,16,CLE,0,0,0,0,0,9,0,2,2,12,0,2,0,0,0,0,0,0,0,0,0,0,,,,,
Taylor Gabriel,WR,ATL,16,NO,0,0,0,0,0,12,0,1,1,20,0,4,0,0,0,0,0,0,0,0,0,0,,,,,
Taylor Heinicke,QB,HOU,16,PIT,10,0,1,1,0,2,0,1,0,0,0,0,0,0,0,0,0,0,0,0,0,0,,,,,
Taywan Taylor,WR,TEN,16,LA,0,0,0,0,0,0,0,0,0,0,0,1,0,0,0,0,0,0,0,0,0,0,,,,,
Ted Ginn,WR,NO,16,ATL,0,0,0,0,0,14,0,2,4,76,1,5,0,0,0,0,0,0,0,0,0,0,,,,,
Terrance Williams,WR,DAL,16,SEA,0,0,0,0,0,0,0,0,4,43,0,4,0,0,0,0,0,0,0,0,0,0,,,,,
Tevin Coleman,RB,ATL,16,NO,0,0,0,0,0,12,0,6,4,40,1,4,0,0,0,0,0,0,0,0,0,0,,,,,
Theo Riddick,RB,DET,16,CIN,0,0,0,0,0,16,0,8,3,23,0,4,0,0,0,0,0,0,0,0,0,0,,,,,
Thomas Rawls,RB,SEA,16,DAL,0,0,0,0,0,20,0,5,0,0,0,0,0,0,0,0,0,0,0,0,0,0,,,,,
Tion Green,RB,DET,16,CIN,0,0,0,0,0,43,1,7,0,0,0,0,0,0,0,0,0,0,0,0,0,0,,,,,
Todd Gurley,RB,LA,16,TEN,0,0,0,0,0,118,0,22,10,158,2,13,0,0,0,0,0,0,0,0,0,0,,,,,
Tom Brady,QB,NE,16,BUF,224,2,28,21,1,6,0,2,0,0,0,0,0,0,0,0,0,0,0,0,0,0,,,,,
Tommylee Lewis,WR,NO,16,ATL,0,0,0,0,0,0,0,0,0,0,0,0,0,0,0,0,0,0,0,0,0,0,,,,,
Torrey Smith,WR,PHI,16,LV,0,0,0,0,0,0,0,0,1,5,0,5,0,0,0,0,0,0,0,0,0,0,,,,,
Travaris Cadet,RB,BUF,16,NE,0,0,0,0,0,0,0,1,0,0,0,1,0,0,0,0,0,0,0,0,0,0,,,,,
Travis Benjamin,WR,LAC,16,NYJ,0,0,0,0,0,-4,0,1,0,0,0,5,0,0,0,0,0,0,0,0,0,0,,,,,
Travis Kelce,TE,KC,16,MIA,0,0,0,0,0,0,0,0,4,47,1,8,0,0,0,0,0,0,0,0,0,0,,,,,
Travis Rudolph,WR,NYG,16,ARI,0,0,0,0,0,0,0,0,1,6,0,2,0,0,0,0,0,0,0,0,0,0,,,,,
Trent Taylor,WR,SF,16,JAX,0,0,0,0,0,0,0,0,3,19,1,4,0,0,0,0,0,0,0,0,0,0,,,,,
Trevor Davis,WR,GB,16,MIN,0,0,0,0,0,0,0,0,0,0,0,1,0,0,0,0,0,0,0,0,0,0,,,,,
Trey Burton,TE,PHI,16,LV,0,0,0,0,0,0,0,0,0,0,0,0,0,0,0,0,0,0,0,0,0,0,,,,,
Tyler Boyd,WR,CIN,16,DET,0,0,0,0,0,0,0,0,5,39,0,6,0,0,0,0,0,0,0,0,0,0,,,,,
Tyler Higbee,TE,LA,16,TEN,0,0,0,0,0,0,0,0,2,15,0,2,0,0,0,0,0,0,0,0,0,0,,,,,
Tyler Kroft,TE,CIN,16,DET,0,0,0,0,0,0,0,0,1,3,0,5,0,0,0,0,0,0,0,0,0,0,,,,,
Tyler Lockett,WR,SEA,16,DAL,0,0,0,0,0,2,0,1,1,7,0,2,0,0,0,0,0,0,0,0,0,0,,,,,
Tyreek Hill,WR,KC,16,MIA,0,0,0,0,0,-1,0,1,6,109,0,7,0,0,0,0,0,0,0,0,0,0,,,,,
Tyrell Williams,WR,LAC,16,NYJ,0,0,0,0,0,0,0,0,5,50,0,6,0,0,0,0,0,0,0,0,0,0,,,,,
Tyrod Taylor,QB,BUF,16,NE,281,0,38,21,0,16,0,3,0,0,0,0,0,0,0,0,0,0,0,0,0,0,,,,,
Vance McDonald,TE,PIT,16,HOU,0,0,0,0,0,0,0,0,4,52,0,5,0,0,0,0,0,0,0,0,0,0,,,,,
Vernon Davis,TE,WAS,16,DEN,0,0,0,0,0,0,0,0,2,42,1,3,0,0,0,0,0,0,0,0,0,0,,,,,
WAS,DEF,WAS,16,DEN,,,,,,,,,,,,,,,,,,,,,,,0,0,0,0,11.0
Wayne Gallman,RB,NYG,16,ARI,0,0,0,0,0,18,0,10,6,44,0,8,0,0,0,0,0,0,0,0,0,0,,,,,
Wil Lutz,K,NO,16,ATL,0,0,0,0,0,0,0,0,0,0,0,0,0,0,0,0,1,0,2,0,0,2,,,,,
Will Fuller,WR,HOU,16,PIT,0,0,0,0,0,0,0,0,1,10,0,5,0,0,0,0,0,0,0,0,0,0,,,,,
Willie Snead,WR,NO,16,ATL,0,0,0,0,0,0,0,0,1,6,0,3,0,0,0,0,0,0,0,0,0,0,,,,,
Xavier Grimble,TE,PIT,16,HOU,0,0,0,0,0,0,0,0,0,0,0,0,0,0,0,0,0,0,0,0,0,0,,,,,
Zach Ertz,TE,PHI,16,LV,0,0,0,0,0,0,0,0,9,81,0,14,0,0,0,0,0,0,0,0,0,0,,,,,
Zane Gonzalez,K,CLE,16,CHI,0,0,0,0,0,0,0,0,0,0,0,0,0,0,0,0,0,0,1,0,0,0,,,,,
Zay Jones,WR,BUF,16,NE,0,0,0,0,0,0,0,0,0,0,0,1,0,0,0,0,0,0,0,0,0,0,,,,,
A.J. Derby,TE,MIA,17,BUF,0,0,0,0,0,0,0,0,1,9,0,4,0,0,0,0,0,0,0,0,0,0,,,,,
A.J. Green,WR,CIN,17,BAL,0,0,0,0,0,0,0,0,2,17,0,10,0,0,0,0,0,0,0,0,0,0,,,,,
ARI,DEF,ARI,17,SEA,,,,,,,,,,,,,,,,,,,,,,,0,0,0,0,24.0
ATL,DEF,ATL,17,CAR,,,,,,,,,,,,,,,,,,,,,,,0,0,0,0,10.0
Adam Humphries,WR,TB,17,NO,0,0,0,0,0,0,0,0,7,102,0,11,0,0,0,0,0,0,0,0,0,0,,,,,
Adam Thielen,WR,MIN,17,CHI,0,0,0,0,0,0,0,0,6,61,0,7,0,0,0,0,0,0,0,0,0,0,,,,,
Adam Vinatieri,K,IND,17,HOU,0,0,0,0,0,0,0,0,0,0,0,0,0,0,0,0,1,0,0,1,0,2,,,,,
Akeem Hunt,RB,KC,17,DEN,0,0,0,0,0,25,0,4,1,4,0,2,0,0,0,0,0,0,0,0,0,0,,,,,
Alan Cross,TE,TB,17,NO,0,0,0,0,0,0,0,0,1,11,0,1,0,0,0,0,0,0,0,0,0,0,,,,,
Albert Wilson,WR,KC,17,DEN,0,0,0,0,0,0,0,0,10,147,0,11,0,0,0,0,0,0,0,0,0,0,,,,,
Aldrick Robinson,WR,SF,17,LA,0,0,0,0,0,0,0,0,1,12,1,3,0,0,0,0,0,0,0,0,0,0,,,,,
Aldrick Rosas,K,NYG,17,WAS,0,0,0,0,0,0,0,0,0,0,0,0,0,0,0,0,2,0,0,0,0,0,,,,,
Alex Collins,RB,BAL,17,CIN,0,0,0,0,0,78,1,20,2,18,0,6,0,0,0,0,0,0,0,0,0,0,,,,,
Alex Erickson,WR,CIN,17,BAL,0,0,0,0,0,0,0,0,0,0,0,0,0,0,0,0,0,0,0,0,0,0,,,,,
Alfred Blue,RB,HOU,17,IND,0,0,0,0,0,39,1,18,4,36,0,5,0,0,0,0,0,0,0,0,0,0,,,,,
Alfred Morris,RB,DAL,17,PHI,0,0,0,0,0,1,0,2,0,0,0,0,0,0,0,0,0,0,0,0,0,0,,,,,
Allen Hurns,WR,JAX,17,TEN,0,0,0,0,0,0,0,0,3,38,0,5,0,0,0,0,0,0,0,0,0,0,,,,,
Alshon Jeffery,WR,PHI,17,DAL,0,0,0,0,0,0,0,0,1,8,0,2,0,0,0,0,0,0,0,0,0,0,,,,,
Alvin Kamara,RB,NO,17,TB,0,0,0,0,0,44,1,9,6,84,0,7,1,0,0,0,0,0,0,0,0,0,,,,,
Amara Darboh,WR,SEA,17,ARI,0,0,0,0,0,0,0,0,1,5,0,1,0,0,0,0,0,0,0,0,0,0,,,,,
Amari Cooper,WR,LV,17,LAC,0,0,0,0,0,0,0,0,3,115,1,6,0,0,0,0,0,0,0,0,0,0,,,,,
Ameer Abdullah,RB,DET,17,GB,0,0,0,0,0,18,1,8,1,11,0,2,0,0,0,0,0,0,0,0,0,0,,,,,
Andre Ellington,RB,HOU,17,IND,0,0,0,0,0,0,0,0,0,0,0,1,0,0,0,0,0,0,0,0,0,0,,,,,
Andre Roberts,WR,ATL,17,CAR,0,0,0,0,0,0,0,0,0,0,0,0,0,0,0,0,0,0,0,0,0,0,,,,,
Andy Dalton,QB,CIN,17,BAL,222,3,44,23,0,-2,0,2,0,0,0,0,0,0,0,0,0,0,0,0,0,0,,,,,
Anthony Fasano,TE,MIA,17,BUF,0,0,0,0,0,0,0,0,1,1,0,3,0,0,0,0,0,0,0,0,0,0,,,,,
Antonio Gates,TE,LAC,17,LV,0,0,0,0,0,0,0,0,4,46,0,6,0,0,0,0,0,0,0,0,0,0,,,,,
ArDarius Stewart,WR,NYJ,17,NE,0,0,0,0,0,0,0,0,1,46,0,2,0,0,0,0,0,0,0,0,0,0,,,,,
Austin Hooper,TE,ATL,17,CAR,0,0,0,0,0,0,0,0,3,35,0,3,0,0,0,0,0,0,0,0,0,0,,,,,
BAL,DEF,BAL,17,CIN,,,,,,,,,,,,,,,,,,,,,,,0,0,0,0,31.0
BUF,DEF,BUF,17,MIA,,,,,,,,,,,,,,,,,,,,,,,0,0,0,0,16.0
Benjamin Watson,TE,BAL,17,CIN,0,0,0,0,0,0,0,0,7,61,0,10,0,0,0,0,0,0,0,0,0,0,,,,,
Bennie Fowler,WR,DEN,17,KC,0,0,0,0,0,0,0,0,4,56,0,6,0,0,0,0,0,0,0,0,0,0,,,,,
Benny Cunningham,RB,CHI,17,MIN,0,0,0,0,0,0,0,0,1,6,0,1,0,0,0,0,0,0,0,0,0,0,,,,,
Bilal Powell,RB,NYJ,17,NE,0,0,0,0,0,46,0,13,1,10,0,2,0,0,0,0,0,0,0,0,0,0,,,,,
Blair Walsh,K,SEA,17,ARI,0,0,0,0,0,0,0,0,0,0,0,0,0,0,0,0,0,0,1,0,0,3,,,,,
Blake Bortles,QB,JAX,17,TEN,158,0,34,15,2,9,0,1,0,0,0,0,0,0,0,0,0,0,0,0,0,0,,,,,
Bobo Wilson,WR,TB,17,NO,0,0,0,0,0,4,0,2,0,0,0,0,0,0,0,0,0,0,0,0,0,0,,,,,
Bradley Sowell,TE,CHI,17,MIN,0,0,0,0,0,0,0,0,0,0,0,0,0,0,0,0,0,0,0,0,0,0,,,,,
Branden Oliver,RB,LAC,17,LV,0,0,0,0,0,13,0,7,1,6,0,1,0,0,0,0,0,0,0,0,0,0,,,,,
Brandin Cooks,WR,NE,17,NYJ,0,0,0,0,0,8,0,3,5,79,1,11,0,0,0,0,0,0,0,0,0,0,,,,,
Brandon Bolden,RB,NE,17,NYJ,0,0,0,0,0,46,0,9,1,7,0,4,0,0,0,0,0,0,0,0,0,0,,,,,
Brandon Coleman,WR,NO,17,TB,0,0,0,0,0,0,0,0,0,0,0,1,0,0,0,0,0,0,0,0,0,0,,,,,
Brandon LaFell,WR,CIN,17,BAL,0,0,0,0,0,0,0,0,2,35,0,4,0,0,0,0,0,0,0,0,0,0,,,,,
Brandon McManus,K,DEN,17,KC,0,0,0,0,0,0,0,0,0,0,0,0,0,0,0,0,0,1,0,0,0,3,,,,,
Brandon Tate,WR,BUF,17,MIA,0,0,0,0,0,0,0,0,0,0,0,0,0,0,0,0,0,0,0,0,0,0,,,,,
Braxton Miller,WR,HOU,17,IND,0,0,0,0,0,0,0,0,2,9,0,4,0,0,0,0,0,0,0,0,0,0,,,,,
Brendan Langley,WR,DEN,17,KC,0,0,0,0,0,0,0,0,0,0,0,0,0,0,0,0,0,0,0,0,0,0,,,,,
Brent Celek,TE,PHI,17,DAL,0,0,0,0,0,0,0,0,3,13,0,4,0,0,0,0,0,0,0,0,0,0,,,,,
Brenton Bersin,WR,CAR,17,ATL,0,0,0,0,0,0,0,0,2,36,0,4,0,0,0,0,0,0,0,0,0,0,,,,,
Brett Hundley,QB,GB,17,DET,172,1,24,14,2,15,0,3,1,10,0,1,0,0,1,0,0,0,0,0,0,0,,,,,
Brian Hill,RB,CIN,17,BAL,0,0,0,0,0,0,0,0,0,0,0,0,0,0,0,0,0,0,0,0,0,0,,,,,
Brian Hoyer,QB,NE,17,NYJ,5,0,3,1,0,0,0,0,0,0,0,0,0,0,0,0,0,0,0,0,0,0,,,,,
Brian Quick,WR,WAS,17,NYG,0,0,0,0,0,0,0,0,0,0,0,1,0,0,0,0,0,0,0,0,0,0,,,,,
Brice Butler,WR,DAL,17,PHI,0,0,0,0,0,0,0,0,2,50,1,2,0,0,0,0,0,0,0,0,0,0,,,,,
Bronson Hill,RB,ARI,17,SEA,0,0,0,0,0,0,0,0,0,0,0,0,0,0,0,0,0,0,0,0,0,0,,,,,
Bryce Petty,QB,NYJ,17,NE,232,0,36,19,0,-1,0,1,0,0,0,0,0,0,0,0,0,0,0,0,0,0,,,,,
C.J. Anderson,RB,DEN,17,KC,0,0,0,0,0,61,0,18,0,0,0,1,0,0,0,0,0,0,0,0,0,0,,,,,
C.J. Uzomah,TE,CIN,17,BAL,0,0,0,0,0,0,0,0,1,7,0,2,0,0,0,0,0,0,0,0,0,0,,,,,
CAR,DEF,CAR,17,ATL,,,,,,,,,,,,,,,,,,,,,,,0,0,0,0,22.0
CHI,DEF,CHI,17,MIN,,,,,,,,,,,,,,,,,,,,,,,0,0,0,0,23.0
CIN,DEF,CIN,17,BAL,,,,,,,,,,,,,,,,,,,,,,,1,0,0,0,27.0
CLE,DEF,CLE,17,PIT,,,,,,,,,,,,,,,,,,,,,,,0,0,0,0,28.0
Cam Newton,QB,CAR,17,ATL,180,1,34,14,3,59,0,11,0,0,0,0,0,0,0,0,0,0,0,0,0,0,,,,,
Cameron Artis-Payne,RB,CAR,17,ATL,0,0,0,0,0,16,0,5,0,0,0,0,0,0,0,0,0,0,0,0,0,0,,,,,
Cameron Brate,TE,TB,17,NO,0,0,0,0,0,0,0,0,3,37,0,5,0,0,0,0,0,0,0,0,0,0,,,,,
Carlos Hyde,RB,SF,17,LA,0,0,0,0,0,88,2,15,2,10,0,4,0,0,0,0,0,0,0,0,0,0,,,,,
Case Keenum,QB,MIN,17,CHI,189,1,29,21,0,0,0,3,0,0,0,0,0,0,0,0,0,0,0,0,0,0,,,,,
Cethan Carter,TE,CIN,17,BAL,0,0,0,0,0,0,0,0,0,0,0,0,0,0,0,0,0,0,0,0,0,0,,,,,
Chad Hansen,WR,NYJ,17,NE,0,0,0,0,0,0,0,0,1,15,0,4,0,0,0,0,0,0,0,0,0,0,,,,,
Chandler Catanzaro,K,NYJ,17,NE,0,0,0,0,0,0,0,0,0,0,0,0,0,0,0,0,0,1,1,0,0,0,,,,,
Charles Clay,TE,BUF,17,MIA,0,0,0,0,0,0,0,0,6,64,0,8,0,0,0,0,0,0,0,0,0,0,,,,,
Charles Sims,RB,TB,17,NO,0,0,0,0,0,6,0,1,0,0,0,1,0,0,0,0,0,0,0,0,0,0,,,,,
Chester Rogers,WR,IND,17,HOU,0,0,0,0,0,0,0,0,2,39,0,4,0,0,0,0,0,0,0,0,0,0,,,,,
Chris Boswell,K,PIT,17,CLE,0,0,0,0,0,0,0,0,0,0,0,0,0,0,0,0,0,0,0,0,0,4,,,,,
Chris Godwin Jr.,WR,TB,17,NO,0,0,0,0,0,0,0,0,7,111,1,12,0,0,0,0,0,0,0,0,0,0,,,,,
Chris Moore,WR,BAL,17,CIN,0,0,0,0,0,0,0,0,1,6,1,3,0,0,0,0,0,0,0,0,0,0,,,,,
Chris Thompson,WR,HOU,17,IND,0,0,0,0,0,0,0,0,3,54,0,3,0,0,0,0,0,0,0,0,0,0,,,,,
Christian McCaffrey,RB,CAR,17,ATL,0,0,0,0,0,14,0,6,5,40,0,8,0,0,0,0,0,0,0,0,0,0,,,,,
Cobi Hamilton,WR,HOU,17,IND,0,0,0,0,0,0,0,0,1,8,0,5,0,0,0,0,0,0,0,0,0,0,,,,,
Cody Parkey,K,MIA,17,BUF,0,0,0,0,0,0,0,0,0,0,0,0,0,0,0,0,0,1,0,0,0,1,,,,,
Cordarrelle Patterson,RB,LV,17,LAC,0,0,0,0,0,0,0,0,1,4,0,1,0,0,0,0,0,0,0,0,0,0,,,,,
Corey Clement,RB,PHI,17,DAL,0,0,0,0,0,0,0,1,0,0,0,1,0,0,0,0,0,0,0,0,0,0,,,,,
Corey Coleman,WR,CLE,17,PIT,0,0,0,0,0,0,0,0,1,18,0,6,0,0,0,0,0,0,0,0,0,0,,,,,
Corey Davis,WR,TEN,17,JAX,0,0,0,0,0,0,0,0,0,0,0,2,0,0,0,0,0,0,0,0,0,0,,,,,
Corey Grant,RB,JAX,17,TEN,0,0,0,0,0,0,0,0,0,0,0,0,0,0,0,0,0,0,0,0,0,0,,,,,
D.J. Foster,RB,ARI,17,SEA,0,0,0,0,0,3,0,1,1,17,0,3,0,0,0,0,0,0,0,0,0,0,,,,,
DAL,DEF,DAL,17,PHI,,,,,,,,,,,,,,,,,,,,,,,0,0,0,0,0.0
DEN,DEF,DEN,17,KC,,,,,,,,,,,,,,,,,,,,,,,0,0,0,0,27.0
DET,DEF,DET,17,GB,,,,,,,,,,,,,,,,,,,,,,,0,0,0,0,11.0
Dak Prescott,QB,DAL,17,PHI,179,1,30,17,0,16,0,2,0,0,0,0,0,0,0,0,0,0,0,0,0,0,,,,,
Dan Bailey,K,DAL,17,PHI,0,0,0,0,0,0,0,0,0,0,0,0,0,0,0,0,0,0,0,0,0,0,,,,,
Daniel Brown,TE,CHI,17,MIN,0,0,0,0,0,0,0,0,0,0,0,0,0,0,0,0,0,0,0,0,0,0,,,,,
Danny Amendola,WR,NE,17,NYJ,0,0,0,0,0,0,0,0,4,43,0,7,0,0,0,0,0,0,0,0,0,0,,,,,
Danny Woodhead,RB,BAL,17,CIN,0,0,0,0,0,3,0,1,4,16,0,6,0,0,0,0,0,0,0,0,0,0,,,,,
Darrell Daniels,TE,IND,17,HOU,0,0,0,0,0,0,0,0,0,0,0,1,0,0,0,0,0,0,0,0,0,0,,,,,
Darren Fells,TE,DET,17,GB,0,0,0,0,0,0,0,0,1,12,0,1,0,0,0,0,0,0,0,0,0,0,,,,,
Darrius Heyward-Bey,WR,PIT,17,CLE,0,0,0,0,0,29,1,1,0,0,0,0,0,0,0,0,0,0,0,0,0,0,,,,,
David Fales,QB,MIA,17,BUF,265,1,42,29,1,8,1,4,0,0,0,0,0,0,0,0,0,0,0,0,0,0,,,,,
David Fluellen,RB,TEN,17,JAX,0,0,0,0,0,0,0,0,0,0,0,0,0,0,0,0,0,0,0,0,0,0,,,,,
David Morgan,TE,MIN,17,CHI,0,0,0,0,0,0,0,0,3,35,0,3,0,0,0,0,0,0,0,0,0,0,,,,,
David Njoku,TE,CLE,17,PIT,0,0,0,0,0,0,0,0,2,38,0,3,0,0,0,0,0,0,0,0,0,0,,,,,
De'Angelo Henderson Sr.,RB,DEN,17,KC,0,0,0,0,0,15,0,5,1,29,1,1,0,0,0,0,0,0,0,0,0,0,,,,,
De'Anthony Thomas,WR,KC,17,DEN,0,0,0,0,0,0,0,0,0,0,0,1,0,0,0,0,0,0,0,0,0,0,,,,,
De'Veon Smith,RB,MIA,17,BUF,0,0,0,0,0,0,0,0,3,27,0,3,0,0,0,0,0,0,0,0,0,0,,,,,
DeAndre Washington,RB,LV,17,LAC,0,0,0,0,0,3,0,2,2,0,0,3,0,0,0,0,0,0,0,0,0,0,,,,,
DeShone Kizer,QB,CLE,17,PIT,314,2,30,16,1,61,0,6,0,0,0,0,0,0,0,0,0,0,0,0,0,0,,,,,
DeVante Parker,WR,MIA,17,BUF,0,0,0,0,0,0,0,0,6,64,0,7,0,0,0,0,0,0,0,0,0,0,,,,,
Dede Westbrook,WR,JAX,17,TEN,0,0,0,0,0,0,0,0,1,9,0,9,0,0,0,0,0,0,0,0,0,0,,,,,
Delanie Walker,TE,TEN,17,JAX,0,0,0,0,0,0,0,0,3,19,0,5,0,0,0,0,0,0,0,0,0,0,,,,,
Demarcus Robinson,WR,KC,17,DEN,0,0,0,0,0,0,0,0,4,31,0,10,0,0,0,0,0,0,0,0,0,0,,,,,
Demaryius Thomas,WR,DEN,17,KC,0,0,0,0,0,0,0,0,6,57,1,8,0,0,0,0,0,0,0,0,0,0,,,,,
Demetrius Harris,TE,KC,17,DEN,0,0,0,0,0,0,0,0,3,73,0,4,0,0,0,0,0,0,0,0,0,0,,,,,
Deonte Thompson,WR,BUF,17,MIA,0,0,0,0,0,0,0,0,2,23,0,3,0,0,0,0,0,0,0,0,0,0,,,,,
Derek Carr,QB,LV,17,LAC,243,1,28,19,1,1,0,2,0,0,0,0,0,0,0,0,0,0,0,0,0,0,,,,,
Derek Carrier,TE,LA,17,SF,0,0,0,0,0,0,0,0,2,10,0,2,0,0,0,0,0,0,0,0,0,0,,,,,
Derrick Henry,RB,TEN,17,JAX,0,0,0,0,0,51,0,28,1,66,1,2,0,0,0,0,0,0,0,0,0,0,,,,,
Devante Mays,RB,GB,17,DET,0,0,0,0,0,2,0,1,3,0,0,3,0,0,0,0,0,0,0,0,0,0,,,,,
Devin Funchess,WR,CAR,17,ATL,0,0,0,0,0,0,0,0,2,48,1,6,0,0,0,0,0,0,0,0,0,0,,,,,
Devonta Freeman,RB,ATL,17,CAR,0,0,0,0,0,23,0,11,9,85,1,11,0,0,0,0,0,0,0,0,0,0,,,,,
Devontae Booker,RB,DEN,17,KC,0,0,0,0,0,21,0,3,1,25,0,1,0,0,0,0,0,0,0,0,0,0,,,,,
Dez Bryant,WR,DAL,17,PHI,0,0,0,0,0,0,0,0,3,24,0,8,0,0,0,0,0,0,0,0,0,0,,,,,
Dion Lewis,RB,NE,17,NYJ,0,0,0,0,0,93,1,26,6,40,1,7,0,0,0,0,0,0,0,0,0,0,,,,,
Dion Sims,TE,CHI,17,MIN,0,0,0,0,0,0,0,0,0,0,0,1,0,0,0,0,0,0,0,0,0,0,,,,,
Dontrelle Inman,WR,CHI,17,MIN,0,0,0,0,0,0,0,0,5,94,0,10,0,0,0,0,0,0,0,0,0,0,,,,,
Doug Baldwin,WR,SEA,17,ARI,0,0,0,0,0,0,0,0,4,90,2,5,0,0,0,0,0,0,0,0,0,0,,,,,
Doug Martin,RB,TB,17,NO,0,0,0,0,0,-3,0,3,0,0,0,0,0,0,0,0,0,0,0,0,0,0,,,,,
Drew Brees,QB,NO,17,TB,245,1,30,22,0,2,0,1,0,0,0,0,0,0,0,0,0,0,0,0,0,0,,,,,
Drew Stanton,QB,ARI,17,SEA,145,1,34,15,1,-1,0,1,0,0,0,0,0,0,0,0,0,0,0,0,0,0,,,,,
Duke Johnson,RB,CLE,17,PIT,0,0,0,0,0,20,1,6,6,75,0,6,0,0,0,0,0,0,0,0,0,0,,,,,
Dustin Hopkins,K,WAS,17,NYG,0,0,0,0,0,0,0,0,0,0,0,0,0,0,0,0,0,0,1,0,0,1,,,,,
Dwayne Allen,TE,NE,17,NYJ,0,0,0,0,0,0,0,0,0,0,0,1,0,0,0,0,0,0,0,0,0,0,,,,,
Ed Dickson,TE,CAR,17,ATL,0,0,0,0,0,0,0,0,2,22,0,3,0,0,0,0,0,0,0,0,0,0,,,,,
Eli Manning,QB,NYG,17,WAS,132,1,28,10,1,-4,0,3,0,0,0,0,0,0,0,0,0,0,0,0,0,0,,,,,
Eli Rogers,WR,PIT,17,CLE,0,0,0,0,0,0,0,0,1,1,0,1,0,0,0,0,0,0,0,0,0,0,,,,,
Elijah McGuire,RB,NYJ,17,NE,0,0,0,0,0,-6,0,4,3,16,0,6,0,0,0,0,0,0,0,0,0,0,,,,,
Emanuel Byrd,TE,GB,17,DET,0,0,0,0,0,0,0,0,2,31,0,2,0,0,0,0,0,0,0,0,0,0,,,,,
Eric Decker,WR,TEN,17,JAX,0,0,0,0,0,0,0,0,3,18,0,6,0,0,0,0,0,0,0,0,0,0,,,,,
Eric Ebron,TE,DET,17,GB,0,0,0,0,0,0,0,0,1,9,0,6,0,0,0,0,0,0,0,0,0,0,,,,,
Eric Tomlinson,TE,NYJ,17,NE,0,0,0,0,0,0,0,0,2,10,0,2,0,0,0,0,0,0,0,0,0,0,,,,,
Eric Weems,WR,TEN,17,JAX,0,0,0,0,0,0,0,0,0,0,0,0,0,0,0,0,0,0,0,0,0,0,,,,,
Ezekiel Elliott,RB,DAL,17,PHI,0,0,0,0,0,103,0,27,3,38,0,5,0,0,0,0,0,0,0,0,0,0,,,,,
Fitzgerald Toussaint,RB,PIT,17,CLE,0,0,0,0,0,22,0,5,2,9,0,3,0,0,0,0,0,0,0,0,0,0,,,,,
Fozzy Whittaker,RB,CAR,17,ATL,0,0,0,0,0,0,0,1,1,9,0,1,0,0,0,0,0,0,0,0,0,0,,,,,
Frank Gore,RB,IND,17,HOU,0,0,0,0,0,100,0,24,3,11,0,3,0,0,0,0,0,0,0,0,0,0,,,,,
Freddie Martino,WR,TB,17,NO,0,0,0,0,0,0,0,0,1,9,0,1,0,0,0,0,0,0,0,0,0,0,,,,,
GB,DEF,GB,17,DET,,,,,,,,,,,,,,,,,,,,,,,0,0,0,0,35.0
Garrett Celek,TE,SF,17,LA,0,0,0,0,0,0,0,0,1,28,0,1,0,0,0,0,0,0,0,0,0,0,,,,,
Garrett Griffin,TE,NO,17,TB,0,0,0,0,0,0,0,0,1,4,0,1,0,0,0,0,0,0,0,0,0,0,,,,,
George Kittle,TE,SF,17,LA,0,0,0,0,0,0,0,0,4,100,0,6,0,0,0,0,0,0,0,0,0,0,,,,,
Gerald Everett,TE,LA,17,SF,0,0,0,0,0,0,0,0,3,16,0,6,0,0,0,0,0,0,0,0,0,0,,,,,
Geronimo Allison,WR,GB,17,DET,0,0,0,0,0,0,0,0,2,15,0,3,0,0,0,0,0,0,0,0,0,0,,,,,
Giorgio Tavecchio,K,LV,17,LAC,0,0,0,0,0,0,0,0,0,0,0,0,0,0,0,0,0,0,1,0,0,1,,,,,
Giovani Bernard,RB,CIN,17,BAL,0,0,0,0,0,52,0,10,6,18,0,9,0,0,0,0,0,0,0,0,0,0,,,,,
Golden Tate,WR,DET,17,GB,0,0,0,0,0,0,0,0,7,104,1,7,0,0,1,0,0,0,0,0,0,0,,,,,
Graham Gano,K,CAR,17,ATL,0,0,0,0,0,0,0,0,0,0,0,0,0,0,0,0,0,0,1,0,0,1,,,,,
Greg Olsen,TE,CAR,17,ATL,0,0,0,0,0,0,0,0,1,10,0,9,0,0,0,0,0,0,0,0,0,0,,,,,
HOU,DEF,HOU,17,IND,,,,,,,,,,,,,,,,,,,,,,,0,0,0,0,22.0
Harrison Butker,K,KC,17,DEN,0,0,0,0,0,0,0,0,0,0,0,0,0,0,0,0,1,1,0,0,0,3,,,,,
Hunter Sharp,WR,NYG,17,WAS,0,0,0,0,0,0,0,0,3,29,1,6,0,0,0,0,0,0,0,0,0,0,,,,,
IND,DEF,IND,17,HOU,,,,,,,,,,,,,,,,,,,,,,,0,1,0,0,13.0
Isaiah Crowell,RB,CLE,17,PIT,0,0,0,0,0,21,0,15,0,0,0,0,0,0,0,0,0,0,0,0,0,0,,,,,
Isaiah McKenzie,WR,DEN,17,KC,0,0,0,0,0,0,0,0,1,7,0,3,0,0,0,0,0,0,0,0,0,0,,,,,
J.D. McKissic,RB,SEA,17,ARI,0,0,0,0,0,9,0,4,3,20,0,3,0,0,0,0,0,0,0,0,0,0,,,,,
J.J. Nelson,WR,ARI,17,SEA,0,0,0,0,0,0,0,0,1,18,0,1,0,0,0,0,0,0,0,0,0,0,,,,,
JAX,DEF,JAX,17,TEN,,,,,,,,,,,,,,,,,,,,,,,0,0,0,0,15.0
Jack Doyle,TE,IND,17,HOU,0,0,0,0,0,0,0,0,4,38,1,5,0,0,0,0,0,0,0,0,0,0,,,,,
Jacob Hollister,TE,NE,17,NYJ,0,0,0,0,0,0,0,0,0,0,0,1,0,0,0,0,0,0,0,0,0,0,,,,,
Jacoby Brissett,QB,IND,17,HOU,114,1,25,15,0,18,0,5,0,0,0,0,0,0,0,0,0,0,0,0,0,0,,,,,
Jacquizz Rodgers,RB,TB,17,NO,0,0,0,0,0,0,0,0,2,20,0,2,0,0,0,0,0,0,0,0,0,0,,,,,
Jake Elliott,K,PHI,17,DAL,0,0,0,0,0,0,0,0,0,0,0,0,0,0,0,0,0,0,0,0,0,0,,,,,
Jakeem Grant,WR,MIA,17,BUF,0,0,0,0,0,0,0,0,3,26,0,5,0,0,0,0,0,0,0,0,0,0,,,,,
Jalen Richard,RB,LV,17,LAC,0,0,0,0,0,0,0,0,1,6,0,1,0,0,0,0,0,0,0,0,0,0,,,,,
Jamaal Williams,RB,GB,17,DET,0,0,0,0,0,82,0,22,3,31,0,5,0,0,0,0,0,0,0,0,0,0,,,,,
Jamal Agnew,WR,DET,17,GB,0,0,0,0,0,0,0,0,0,0,0,0,0,0,0,0,0,0,0,0,0,0,,,,,
Jameis Winston,QB,TB,17,NO,363,1,51,28,3,32,1,5,0,0,0,0,0,0,1,0,0,0,0,0,0,0,,,,,
James Hanna,TE,DAL,17,PHI,0,0,0,0,0,0,0,0,1,13,0,2,0,0,0,0,0,0,0,0,0,0,,,,,
James O'Shaughnessy,TE,JAX,17,TEN,0,0,0,0,0,0,0,0,0,0,0,2,0,0,0,0,0,0,0,0,0,0,,,,,
Jamison Crowder,WR,WAS,17,NYG,0,0,0,0,0,-1,0,1,3,25,0,7,0,0,0,0,0,0,0,0,0,0,,,,,
Jared Cook,TE,LV,17,LAC,0,0,0,0,0,0,0,0,3,35,0,4,0,0,0,0,0,0,0,0,0,0,,,,,
Jaron Brown,WR,ARI,17,SEA,0,0,0,0,0,0,0,0,1,25,1,5,0,0,0,0,0,0,0,0,0,0,,,,,
Jarvis Landry,WR,MIA,17,BUF,0,0,0,0,0,0,0,0,9,92,1,10,0,0,0,0,0,0,0,0,0,0,,,,,
Jason Witten,TE,DAL,17,PHI,0,0,0,0,0,0,0,0,2,17,0,3,0,0,0,0,0,0,0,0,0,0,,,,,
Javorius Allen,RB,BAL,17,CIN,0,0,0,0,0,37,0,5,0,0,0,1,0,0,0,0,0,0,0,0,0,0,,,,,
Jay Cutler,QB,MIA,17,BUF,6,0,2,1,0,0,0,0,0,0,0,0,0,0,0,0,0,0,0,0,0,0,,,,,
Jaydon Mickens,WR,JAX,17,TEN,0,0,0,0,0,0,0,0,0,0,0,0,0,0,0,0,0,0,0,0,0,0,,,,,
Jeff Heuerman,TE,DEN,17,KC,0,0,0,0,0,0,0,0,1,9,0,2,0,0,0,0,0,0,0,0,0,0,,,,,
Jeff Janis,WR,GB,17,DET,0,0,0,0,0,0,0,0,1,0,0,3,0,0,0,0,0,0,0,0,0,0,,,,,
Jehu Chesson,WR,KC,17,DEN,0,0,0,0,0,0,0,0,1,8,0,3,0,0,0,0,0,0,0,0,0,0,,,,,
Jerell Adams,TE,NYG,17,WAS,0,0,0,0,0,0,0,0,0,0,0,3,0,0,0,0,0,0,0,0,0,0,,,,,
Jerick McKinnon,RB,MIN,17,CHI,0,0,0,0,0,44,0,12,0,0,0,1,0,0,0,0,0,0,0,0,0,0,,,,,
Jermaine Gresham,TE,ARI,17,SEA,0,0,0,0,0,0,0,0,3,24,0,3,0,0,0,0,0,0,0,0,0,0,,,,,
Jermaine Kearse,WR,NYJ,17,NE,0,0,0,0,0,0,0,0,5,59,0,7,0,0,0,0,0,0,0,0,0,0,,,,,
Jesse James,TE,PIT,17,CLE,0,0,0,0,0,0,0,0,2,9,0,2,0,0,0,0,0,0,0,0,0,0,,,,,
Jimmy Garoppolo,QB,SF,17,LA,292,2,33,20,2,-1,0,2,0,0,0,0,0,0,0,0,0,0,0,0,0,0,,,,,
Jimmy Graham,TE,SEA,17,ARI,0,0,0,0,0,0,0,0,3,45,0,6,0,0,0,0,0,0,0,0,0,0,,,,,
JoJo Natson,WR,NYJ,17,NE,0,0,0,0,0,0,0,0,0,0,0,2,0,0,0,0,0,0,0,0,0,0,,,,,
Joe Callahan,QB,GB,17,DET,11,0,7,5,0,0,0,0,0,0,0,0,0,0,0,0,0,0,0,0,0,0,,,,,
Joe Flacco,QB,BAL,17,CIN,203,2,47,25,1,0,0,0,0,0,0,0,0,0,0,0,0,0,0,0,0,0,,,,,
Joe Mixon,RB,CIN,17,BAL,0,0,0,0,0,96,0,18,1,1,0,1,0,0,0,0,0,0,0,0,0,0,,,,,
John Brown,WR,ARI,17,SEA,0,0,0,0,0,0,0,0,0,0,0,4,0,0,0,0,0,0,0,0,0,0,,,,,
Johnny Holton,WR,LV,17,LAC,0,0,0,0,0,0,0,0,0,0,0,1,0,0,0,0,0,0,0,0,0,0,,,,,
Jonnu Smith,TE,TEN,17,JAX,0,0,0,0,0,0,0,0,3,12,0,3,0,0,0,0,0,0,0,0,0,0,,,,,
Jordan Howard,RB,CHI,17,MIN,0,0,0,0,0,9,0,9,1,5,0,1,0,0,0,0,0,0,0,0,0,0,,,,,
Jordan Taylor,WR,DEN,17,KC,0,0,0,0,0,0,0,0,6,65,0,8,0,0,0,0,0,0,0,0,0,0,,,,,
Josh Bellamy,WR,CHI,17,MIN,0,0,0,0,0,6,0,1,1,30,0,5,0,0,0,0,0,0,0,0,0,0,,,,,
Josh Doctson,WR,WAS,17,NYG,0,0,0,0,0,0,0,0,4,37,0,10,0,0,0,0,0,0,0,0,0,0,,,,,
Josh Gordon,WR,CLE,17,PIT,0,0,0,0,0,0,0,0,4,115,0,7,0,0,0,0,0,0,0,0,0,0,,,,,
Josh Hill,TE,NO,17,TB,0,0,0,0,0,0,0,0,1,8,0,2,0,0,0,0,0,0,0,0,0,0,,,,,
Josh Lambo,K,JAX,17,TEN,0,0,0,0,0,0,0,0,0,0,0,0,0,0,0,0,0,0,1,0,0,1,,,,,
Josh Reynolds,WR,LA,17,SF,0,0,0,0,0,0,0,0,2,16,0,6,0,0,0,0,0,0,0,0,0,0,,,,,
JuJu Smith-Schuster,WR,PIT,17,CLE,0,0,0,0,0,0,0,0,9,143,1,10,1,0,0,0,0,0,0,0,0,0,,,,,
Julio Jones,WR,ATL,17,CAR,0,0,0,0,0,0,0,0,5,80,0,11,0,0,0,0,0,0,0,0,0,0,,,,,
Justin Hardy,WR,ATL,17,CAR,0,0,0,0,0,0,0,0,2,32,0,3,0,0,0,0,0,0,0,0,0,0,,,,,
Justin Tucker,K,BAL,17,CIN,0,0,0,0,0,0,0,0,0,0,0,0,0,0,0,0,0,1,1,0,0,3,,,,,
K.J. Brent,WR,IND,17,HOU,0,0,0,0,0,0,0,0,0,0,0,1,0,0,0,0,0,0,0,0,0,0,,,,,
KC,DEF,KC,17,DEN,,,,,,,,,,,,,,,,,,,,,,,0,0,0,0,24.0
Ka'imi Fairbairn,K,HOU,17,IND,0,0,0,0,0,0,0,0,0,0,0,0,0,0,0,0,0,0,1,1,0,1,,,,,
Kaelin Clay,WR,CAR,17,ATL,0,0,0,0,0,-2,0,1,1,15,0,2,0,0,0,0,0,0,0,0,0,0,,,,,
Kai Forbath,K,MIN,17,CHI,0,0,0,0,0,0,0,0,0,0,0,0,0,0,0,0,0,0,0,0,0,3,,,,,
Kalif Raymond,WR,NYG,17,WAS,0,0,0,0,0,0,0,0,0,0,0,0,0,0,0,0,0,0,0,0,0,0,,,,,
Kamar Aiken,WR,IND,17,HOU,0,0,0,0,0,0,0,0,1,2,0,1,0,0,0,0,0,0,0,0,0,0,,,,,
Kapri Bibbs,RB,WAS,17,NYG,0,0,0,0,0,47,0,12,8,53,0,9,0,0,0,0,0,0,0,0,0,0,,,,,
Kareem Hunt,RB,KC,17,DEN,0,0,0,0,0,35,1,1,0,0,0,0,0,0,0,0,0,0,0,0,0,0,,,,,
Keelan Cole,WR,JAX,17,TEN,0,0,0,0,0,0,0,0,4,33,0,8,0,0,0,0,0,0,0,0,0,0,,,,,
Keenan Allen,WR,LAC,17,LV,0,0,0,0,0,0,0,0,9,133,1,12,0,1,0,0,0,0,0,0,0,0,,,,,
Kellen Clemens,QB,LAC,17,LV,0,0,0,0,0,-2,0,2,0,0,0,0,0,0,0,0,0,0,0,0,0,0,,,,,
Kelvin Benjamin,WR,BUF,17,MIA,0,0,0,0,0,0,0,0,2,27,0,3,0,0,0,0,0,0,0,0,0,0,,,,,
Kendall Wright,WR,CHI,17,MIN,0,0,0,0,0,0,0,0,5,29,0,8,0,0,0,0,0,0,0,0,0,0,,,,,
Kendrick Bourne,WR,SF,17,LA,0,0,0,0,0,0,0,0,2,28,0,5,0,0,0,0,0,0,0,0,0,0,,,,,
Kenjon Barner,RB,PHI,17,DAL,0,0,0,0,0,-2,0,1,1,14,0,1,0,0,0,0,0,0,0,0,0,0,,,,,
Kenny Britt,WR,NE,17,NYJ,0,0,0,0,0,0,0,0,0,0,0,2,0,0,0,0,0,0,0,0,0,0,,,,,
Kenny Golladay,WR,DET,17,GB,0,0,0,0,0,0,0,0,2,80,1,3,0,0,0,0,0,0,0,0,0,0,,,,,
Kenny Stills,WR,MIA,17,BUF,0,0,0,0,0,0,0,0,3,34,0,7,0,0,0,0,0,0,0,0,0,0,,,,,
Kenyan Drake,RB,MIA,17,BUF,0,0,0,0,0,75,0,14,3,15,0,3,0,0,0,0,0,0,0,0,0,0,,,,,
Kerwynn Williams,RB,ARI,17,SEA,0,0,0,0,0,75,0,23,1,6,0,1,0,0,0,0,0,0,0,0,0,0,,,,,
Kirk Cousins,QB,WAS,17,NYG,158,0,37,20,3,12,1,1,0,0,0,0,0,0,0,0,0,0,0,0,0,0,,,,,
Kyle Juszczyk,RB,SF,17,LA,0,0,0,0,0,0,0,0,4,19,0,4,0,0,0,0,0,0,0,0,0,0,,,,,
Kyle Rudolph,TE,MIN,17,CHI,0,0,0,0,0,0,0,0,1,3,0,3,0,0,0,0,0,0,0,0,0,0,,,,,
LA,DEF,LA,17,SF,,,,,,,,,,,,,,,,,,,,,,,0,0,0,0,34.0
LAC,DEF,LAC,17,LV,,,,,,,,,,,,,,,,,,,,,,,0,0,0,0,10.0
LV,DEF,LV,17,LAC,,,,,,,,,,,,,,,,,,,,,,,0,0,0,0,0.0
Lamar Miller,RB,HOU,17,IND,0,0,0,0,0,37,0,8,0,0,0,0,0,0,0,0,0,0,0,0,0,0,,,,,
Lance Dunbar,RB,LA,17,SF,0,0,0,0,0,20,1,6,1,1,0,2,0,0,0,0,0,0,0,0,0,0,,,,,
Lance Kendricks,TE,GB,17,DET,0,0,0,0,0,0,0,0,0,0,0,0,0,0,0,0,0,0,0,0,0,0,,,,,
Landry Jones,QB,PIT,17,CLE,239,1,27,23,1,-6,0,3,0,0,0,0,0,0,0,0,0,0,0,0,0,0,,,,,
Laquon Treadwell,WR,MIN,17,CHI,0,0,0,0,0,0,0,0,3,16,0,3,0,0,0,0,0,0,0,0,0,0,,,,,
Larry Fitzgerald,WR,ARI,17,SEA,0,0,0,0,0,0,0,0,8,55,0,13,0,0,0,0,0,0,0,0,0,0,,,,,
Latavius Murray,RB,MIN,17,CHI,0,0,0,0,0,111,2,20,1,3,0,1,0,0,0,0,0,0,0,0,0,0,,,,,
LeGarrette Blount,RB,PHI,17,DAL,0,0,0,0,0,37,0,9,1,11,0,1,0,0,0,0,0,0,0,0,0,0,,,,,
LeSean McCoy,RB,BUF,17,MIA,0,0,0,0,0,10,0,11,2,22,0,3,0,0,0,0,0,0,0,0,0,0,,,,,
Lee Smith,TE,LV,17,LAC,0,0,0,0,0,0,0,0,0,0,0,0,0,0,0,0,0,0,0,0,0,0,,,,,
Leonard Fournette,RB,JAX,17,TEN,0,0,0,0,0,69,0,19,4,67,0,5,0,0,0,0,0,0,0,0,0,0,,,,,
Louis Murphy,WR,SF,17,LA,0,0,0,0,0,0,0,0,1,6,0,2,0,0,0,0,0,0,0,0,0,0,,,,,
Luke Stocker,TE,TEN,17,JAX,0,0,0,0,0,0,0,0,1,12,0,1,0,0,0,0,0,0,0,0,0,0,,,,,
Luke Willson,TE,SEA,17,ARI,0,0,0,0,0,0,0,0,0,0,0,1,0,0,0,0,0,0,0,0,0,0,,,,,
MIA,DEF,MIA,17,BUF,,,,,,,,,,,,,,,,,,,,,,,0,0,0,0,22.0
MIN,DEF,MIN,17,CHI,,,,,,,,,,,,,,,,,,,,,,,0,1,0,0,10.0
Mack Hollins,WR,PHI,17,DAL,0,0,0,0,0,0,0,0,3,25,0,5,0,0,0,0,0,0,0,0,0,0,,,,,
Malcolm Brown,RB,LA,17,SF,0,0,0,0,0,54,0,14,4,7,0,5,0,0,0,0,0,0,0,0,0,0,,,,,
MarQueis Gray,TE,MIA,17,BUF,0,0,0,0,0,2,0,1,0,0,0,0,0,0,0,0,0,0,0,0,0,0,,,,,
Marcedes Lewis,TE,JAX,17,TEN,0,0,0,0,0,0,0,0,2,13,0,3,0,0,0,0,0,0,0,0,0,0,,,,,
Marcus Johnson,WR,PHI,17,DAL,0,0,0,0,0,0,0,0,3,23,0,3,0,0,0,0,0,0,0,0,0,0,,,,,
Marcus Mariota,QB,TEN,17,JAX,134,1,21,12,0,60,0,10,0,0,0,0,0,0,0,0,0,0,0,0,0,0,,,,,
Marcus Murphy,RB,BUF,17,MIA,0,0,0,0,0,41,0,7,2,7,0,2,0,0,0,0,0,0,0,0,0,0,,,,,
Mark Ingram,RB,NO,17,TB,0,0,0,0,0,35,0,13,4,19,0,4,0,0,0,0,0,0,0,0,0,0,,,,,
Markus Wheaton,WR,CHI,17,MIN,0,0,0,0,0,0,0,0,0,0,0,1,0,0,0,0,0,0,0,0,0,0,,,,,
Marlon Mack,RB,IND,17,HOU,0,0,0,0,0,28,1,7,2,10,0,3,0,0,0,0,0,0,0,0,0,0,,,,,
Marquis Bundy,WR,NYG,17,WAS,0,0,0,0,0,0,0,0,0,0,0,3,0,0,0,0,0,0,0,0,0,0,,,,,
Marquise Goodwin,WR,SF,17,LA,0,0,0,0,0,10,0,1,2,28,1,4,0,0,0,0,0,0,0,0,0,0,,,,,
Marshawn Lynch,RB,LV,17,LAC,0,0,0,0,0,101,0,19,2,18,0,3,0,0,0,0,0,0,0,0,0,0,,,,,
Martavis Bryant,WR,PIT,17,CLE,0,0,0,0,0,0,0,0,6,65,0,7,0,0,0,0,0,0,0,0,0,0,,,,,
Marvin Jones,WR,DET,17,GB,0,0,0,0,0,0,0,0,4,81,1,5,0,0,0,0,0,0,0,0,0,0,,,,,
Mason Crosby,K,GB,17,DET,0,0,0,0,0,0,0,0,0,0,0,0,0,0,0,0,0,0,1,0,0,0,,,,,
Matt Breida,RB,SF,17,LA,0,0,0,0,0,72,0,12,1,32,0,2,0,0,0,0,0,0,0,0,0,0,,,,,
Matt Bryant,K,ATL,17,CAR,0,0,0,0,0,0,0,0,0,0,0,0,0,0,0,0,0,3,1,1,0,1,,,,,
Matt Dayes,RB,CLE,17,PIT,0,0,0,0,0,0,0,0,0,0,0,0,0,0,0,0,0,0,0,0,0,0,,,,,
Matt Prater,K,DET,17,GB,0,0,0,0,0,0,0,0,0,0,0,0,0,0,0,0,1,1,0,0,0,3,,,,,
Matt Ryan,QB,ATL,17,CAR,317,1,45,28,0,14,0,3,0,0,0,0,0,0,0,0,0,0,0,0,0,0,,,,,
Matthew Slater,WR,NE,17,NYJ,0,0,0,0,0,0,0,0,0,0,0,0,0,0,0,0,0,0,0,0,0,0,,,,,
Matthew Stafford,QB,DET,17,GB,323,3,29,20,0,2,0,2,0,0,0,0,0,0,1,0,0,0,0,0,0,0,,,,,
Maxx Williams,TE,BAL,17,CIN,0,0,0,0,0,0,0,0,0,0,0,0,0,0,0,0,0,0,0,0,0,0,,,,,
Melvin Gordon,RB,LAC,17,LV,0,0,0,0,0,93,0,17,6,31,0,7,0,0,0,0,0,0,0,0,0,0,,,,,
Michael Campanaro,WR,BAL,17,CIN,0,0,0,0,0,0,0,0,3,36,0,4,0,0,0,0,0,0,0,0,0,0,,,,,
Michael Clark,WR,GB,17,DET,0,0,0,0,0,0,0,0,1,5,0,5,0,0,0,0,0,0,0,0,0,0,,,,,
Michael Crabtree,WR,LV,17,LAC,0,0,0,0,0,0,0,0,2,17,0,2,0,0,0,0,0,0,0,0,0,0,,,,,
Michael Floyd,WR,MIN,17,CHI,0,0,0,0,0,0,0,0,0,0,0,3,0,0,0,0,0,0,0,0,0,0,,,,,
Michael Thomas,WR,NO,17,TB,0,0,0,0,0,0,0,0,6,94,0,8,0,0,0,0,0,0,0,0,0,0,,,,,
Mike Davis,RB,SEA,17,ARI,0,0,0,0,0,48,0,10,2,16,0,3,0,0,0,0,0,0,0,0,0,0,,,,,
Mike Evans,WR,TB,17,NO,0,0,0,0,0,0,0,0,5,55,0,13,0,0,1,0,0,0,0,0,0,0,,,,,
Mike Nugent,K,CHI,17,MIN,0,0,0,0,0,0,0,0,0,0,0,0,0,0,0,0,0,0,0,1,0,1,,,,,
Mike Thomas,WR,LA,17,SF,0,0,0,0,0,0,0,0,3,75,0,4,0,0,0,0,0,0,0,0,0,0,,,,,
Mike Wallace,WR,BAL,17,CIN,0,0,0,0,0,0,0,0,5,40,1,13,0,0,0,0,0,0,0,0,0,0,,,,,
Mike Williams,WR,LAC,17,LV,0,0,0,0,0,0,0,0,1,8,0,1,0,0,0,0,0,0,0,0,0,0,,,,,
Mitchell Trubisky,QB,CHI,17,MIN,178,0,36,20,0,2,0,1,0,0,0,0,0,0,0,0,0,0,0,0,0,0,,,,,
Mohamed Sanu,WR,ATL,17,CAR,0,0,0,0,0,0,0,1,7,71,0,11,0,0,0,0,0,0,0,0,0,0,,,,,
NE,DEF,NE,17,NYJ,,,,,,,,,,,,,,,,,,,,,,,0,1,0,0,6.0
NO,DEF,NO,17,TB,,,,,,,,,,,,,,,,,,,,,,,0,0,0,0,31.0
NYG,DEF,NYG,17,WAS,,,,,,,,,,,,,,,,,,,,,,,0,0,0,0,10.0
NYJ,DEF,NYJ,17,NE,,,,,,,,,,,,,,,,,,,,,,,0,0,0,0,26.0
Nate Sudfeld,QB,PHI,17,DAL,134,0,23,19,0,22,0,1,0,0,0,0,0,0,0,0,0,0,0,0,0,0,,,,,
Neal Sterling,TE,NYJ,17,NE,0,0,0,0,0,0,0,0,5,74,0,8,0,0,0,0,0,0,0,0,0,0,,,,,
Nelson Agholor,WR,PHI,17,DAL,0,0,0,0,0,7,0,1,3,11,0,3,0,0,0,0,0,0,0,0,0,0,,,,,
Nick Boyle,TE,BAL,17,CIN,0,0,0,0,0,0,0,0,2,24,0,3,0,0,0,0,0,0,0,0,0,0,,,,,
Nick Foles,QB,PHI,17,DAL,39,0,11,4,1,0,0,1,0,0,0,0,0,0,0,0,0,0,0,0,0,0,,,,,
Nick O'Leary,TE,BUF,17,MIA,0,0,0,0,0,0,0,0,1,26,1,2,0,0,0,0,0,0,0,0,0,0,,,,,
Nick Rose,K,LAC,17,LV,0,0,0,0,0,0,0,0,0,0,0,0,0,0,0,0,1,0,0,0,0,3,,,,,
Niles Paul,TE,WAS,17,NYG,0,0,0,0,0,0,0,0,1,0,0,2,0,0,0,0,0,0,0,0,0,0,,,,,
Noah Brown,WR,DAL,17,PHI,0,0,0,0,0,0,0,0,0,0,0,1,0,0,0,0,0,0,0,0,0,0,,,,,
Orleans Darkwa,RB,NYG,17,WAS,0,0,0,0,0,154,1,20,0,0,0,1,0,0,0,0,0,0,0,0,0,0,,,,,
Orson Charles,TE,KC,17,DEN,0,0,0,0,0,0,0,0,0,0,0,0,0,0,0,0,0,0,0,0,0,0,,,,,
PHI,DEF,PHI,17,DAL,,,,,,,,,,,,,,,,,,,,,,,0,0,0,0,6.0
PIT,DEF,PIT,17,CLE,,,,,,,,,,,,,,,,,,,,,,,0,0,0,0,24.0
Patrick DiMarco,RB,BUF,17,MIA,0,0,0,0,0,0,0,0,1,4,0,1,0,0,0,0,0,0,0,0,0,0,,,,,
Patrick Mahomes,QB,KC,17,DEN,284,0,35,22,1,10,0,7,0,0,0,0,0,0,0,0,0,0,0,0,0,0,,,,,
Patrick Murray,K,TB,17,NO,0,0,0,0,0,0,0,0,0,0,0,0,0,0,0,0,0,0,1,0,0,2,,,,,
Patrick Ricard,RB,BAL,17,CIN,0,0,0,0,0,0,0,0,1,2,0,1,0,0,0,0,0,0,0,0,0,0,,,,,
Paul Perkins,RB,NYG,17,WAS,0,0,0,0,0,7,0,3,1,11,0,1,0,0,0,0,0,0,0,0,0,0,,,,,
Paul Richardson,WR,SEA,17,ARI,0,0,0,0,0,0,0,0,0,0,0,2,0,0,0,0,0,0,0,0,0,0,,,,,
Paxton Lynch,QB,DEN,17,KC,254,2,31,21,2,13,0,3,0,0,0,0,0,0,0,0,0,0,0,0,0,0,,,,,
Peyton Barber,RB,TB,17,NO,0,0,0,0,0,71,1,17,2,18,0,4,0,0,0,0,0,0,0,0,0,0,,,,,
Pharoh Cooper,WR,LA,17,SF,0,0,0,0,0,0,0,0,2,30,0,4,0,0,0,0,0,0,0,0,0,0,,,,,
Phil Dawson,K,ARI,17,SEA,0,0,0,0,0,0,0,0,0,0,0,0,0,0,0,0,0,0,3,1,0,2,,,,,
Philip Rivers,QB,LAC,17,LV,387,3,37,28,0,5,0,1,0,0,0,0,0,0,0,0,0,0,0,0,0,0,,,,,
Phillip Dorsett,WR,NE,17,NYJ,0,0,0,0,0,0,0,0,3,26,0,5,0,0,0,0,0,0,0,0,0,0,,,,,
Phillip Supernaw,TE,TEN,17,JAX,0,0,0,0,0,0,0,0,0,0,0,0,0,0,0,0,0,0,0,0,0,0,,,,,
Randall Cobb,WR,GB,17,DET,10,0,1,1,0,4,0,1,4,45,1,6,0,0,1,0,0,0,0,0,0,0,,,,,
Randy Bullock,K,CIN,17,BAL,0,0,0,0,0,0,0,0,0,0,0,0,0,0,0,0,0,1,0,0,0,4,,,,,
Rashard Higgins,WR,CLE,17,PIT,0,0,0,0,0,0,0,0,3,68,2,4,0,0,0,0,0,0,0,0,0,0,,,,,
Rhett Ellison,TE,NYG,17,WAS,0,0,0,0,0,0,0,0,5,63,0,6,0,0,0,0,0,0,0,0,0,0,,,,,
Ricardo Louis,WR,CLE,17,PIT,0,0,0,0,0,0,0,0,0,0,0,2,0,0,0,0,0,0,0,0,0,0,,,,,
Ricky Seals-Jones,TE,ARI,17,SEA,0,0,0,0,0,0,0,0,0,0,0,1,0,0,0,0,0,0,0,0,0,0,,,,,
Rishard Matthews,WR,TEN,17,JAX,0,0,0,0,0,0,0,0,1,7,0,2,0,0,0,0,0,0,0,0,0,0,,,,,
Robbie Chosen,WR,NYJ,17,NE,0,0,0,0,0,1,0,1,1,2,0,3,0,0,0,0,0,0,0,0,0,0,,,,,
Robbie Gould,K,SF,17,LA,0,0,0,0,0,0,0,0,0,0,0,0,0,0,0,0,0,1,1,0,0,4,,,,,
Russell Shepard,WR,CAR,17,ATL,0,0,0,0,0,0,0,0,0,0,0,0,0,0,0,0,0,0,0,0,0,0,,,,,
Russell Wilson,QB,SEA,17,ARI,221,2,29,18,0,36,0,5,0,0,0,0,0,0,0,0,0,0,0,0,0,0,,,,,
Ryan Grant,WR,WAS,17,NYG,0,0,0,0,0,0,0,0,2,23,0,5,0,0,0,0,0,0,0,0,0,0,,,,,
Ryan Succop,K,TEN,17,JAX,0,0,0,0,0,0,0,0,0,0,0,0,0,0,0,0,1,2,0,0,0,0,,,,,
Ryan Switzer,WR,DAL,17,PHI,0,0,0,0,0,0,0,0,4,32,0,5,0,0,0,0,0,0,0,0,0,0,,,,,
SEA,DEF,SEA,17,ARI,,,,,,,,,,,,,,,,,,,,,,,0,0,0,0,26.0
SF,DEF,SF,17,LA,,,,,,,,,,,,,,,,,,,,,,,0,0,0,0,13.0
Sam Ficken,K,LA,17,SF,0,0,0,0,0,0,0,0,0,0,0,0,0,0,0,0,2,0,0,0,0,1,,,,,
Samaje Perine,RB,WAS,17,NYG,0,0,0,0,0,3,0,2,0,0,0,0,0,0,0,0,0,0,0,0,0,0,,,,,
Sean Mannion,QB,LA,17,SF,169,0,34,20,0,4,0,2,0,0,0,0,0,0,0,0,0,0,0,0,0,0,,,,,
Senorise Perry,RB,MIA,17,BUF,0,0,0,0,0,8,0,3,1,3,0,1,0,0,0,0,0,0,0,0,0,0,,,,,
Seth DeValve,TE,CLE,17,PIT,0,0,0,0,0,0,0,0,0,0,0,1,0,0,0,0,0,0,0,0,0,0,,,,,
Seth Roberts,WR,LV,17,LAC,0,0,0,0,0,0,0,0,5,48,0,6,0,0,0,0,0,0,0,0,0,0,,,,,
Shane Vereen,RB,NYG,17,WAS,0,0,0,0,0,14,0,3,0,0,0,2,0,0,0,0,0,0,0,0,0,0,,,,,
Shelton Gibson,WR,PHI,17,DAL,0,0,0,0,0,0,0,0,2,11,0,3,0,0,0,0,0,0,0,0,0,0,,,,,
Stefon Diggs,WR,MIN,17,CHI,0,0,0,0,0,-8,0,1,6,65,1,6,0,0,0,0,0,0,0,0,0,0,,,,,
Stephen Anderson,TE,HOU,17,IND,0,0,0,0,0,0,0,0,1,4,0,2,0,0,0,0,0,0,0,0,0,0,,,,,
Stephen Gostkowski,K,NE,17,NYJ,0,0,0,0,0,0,0,0,0,0,0,0,0,0,0,0,1,0,0,0,0,3,,,,,
Stevan Ridley,RB,PIT,17,CLE,0,0,0,0,0,80,1,17,0,0,0,0,0,0,0,0,0,0,0,0,0,0,,,,,
Steven Hauschka,K,BUF,17,MIA,0,0,0,0,0,0,0,0,0,0,0,0,0,0,0,0,1,1,1,0,0,1,,,,,
T.J. Yates,QB,HOU,17,IND,137,0,24,14,1,9,0,1,0,0,0,0,0,0,0,0,0,0,0,0,0,0,,,,,
T.J. Yeldon,RB,JAX,17,TEN,0,0,0,0,0,5,0,4,1,-2,0,2,0,0,0,0,0,0,0,0,0,0,,,,,
T.Y. Hilton,WR,IND,17,HOU,0,0,0,0,0,0,0,0,3,14,0,6,0,0,0,0,0,0,0,0,0,0,,,,,
TB,DEF,TB,17,NO,,,,,,,,,,,,,,,,,,,,,,,0,0,0,0,24.0
TEN,DEF,TEN,17,JAX,,,,,,,,,,,,,,,,,,,,,,,0,0,0,0,10.0
Tarik Cohen,RB,CHI,17,MIN,0,0,1,0,0,13,0,3,6,14,0,8,0,0,0,0,0,0,0,0,0,0,,,,,
Tavon Austin,WR,LA,17,SF,0,0,0,0,0,24,0,4,3,14,0,5,0,0,0,0,0,0,0,0,0,0,,,,,
Taylor Gabriel,WR,ATL,17,CAR,0,0,0,0,0,0,0,0,0,0,0,1,0,0,0,0,0,0,0,0,0,0,,,,,
Taysom Hill,TE,NO,17,TB,0,0,0,0,0,0,0,0,0,0,0,0,0,0,0,0,0,0,0,0,0,0,,,,,
Taywan Taylor,WR,TEN,17,JAX,0,0,0,0,0,5,0,1,0,0,0,0,0,0,0,0,0,0,0,0,0,0,,,,,
Ted Ginn,WR,NO,17,TB,0,0,0,0,0,2,0,1,3,33,0,6,0,0,0,0,0,0,0,0,0,0,,,,,
Terrance Williams,WR,DAL,17,PHI,0,0,0,0,0,9,0,1,2,5,0,4,0,0,0,0,0,0,0,0,0,0,,,,,
Tevin Coleman,RB,ATL,17,CAR,0,0,0,0,0,23,0,11,2,14,0,2,0,0,0,0,0,0,0,0,0,0,,,,,
Theo Riddick,RB,DET,17,GB,0,0,0,0,0,10,0,4,2,12,0,3,0,0,0,0,0,0,0,0,0,0,,,,,
Thomas Rawls,RB,SEA,17,ARI,0,0,0,0,0,8,0,3,2,20,0,3,0,0,0,0,0,0,0,0,0,0,,,,,
Tion Green,RB,DET,17,GB,0,0,0,0,0,21,0,9,2,14,0,2,0,0,0,0,0,0,0,0,0,0,,,,,
Tom Brady,QB,NE,17,NYJ,190,2,37,18,0,0,0,0,0,0,0,0,0,0,0,0,0,0,0,0,0,0,,,,,
Tommylee Lewis,WR,NO,17,TB,0,0,0,0,0,0,0,0,0,0,0,0,0,0,0,0,0,0,0,0,0,0,,,,,
Torrey Smith,WR,PHI,17,DAL,0,0,0,0,0,0,0,0,0,0,0,3,0,0,0,0,0,0,0,0,0,0,,,,,
Travis Benjamin,WR,LAC,17,LV,0,0,0,0,0,4,0,2,4,96,1,5,0,0,0,0,0,0,0,0,0,0,,,,,
Travis Rudolph,WR,NYG,17,WAS,0,0,0,0,0,0,0,0,1,29,0,4,0,0,0,0,0,0,0,0,0,0,,,,,
Trent Taylor,WR,SF,17,LA,0,0,0,0,0,0,0,0,2,29,0,2,0,0,0,0,0,0,0,0,0,0,,,,,
Trevor Davis,WR,GB,17,DET,0,0,0,0,0,0,0,0,3,56,0,3,0,0,0,0,0,0,0,0,0,0,,,,,
Trey Burton,TE,PHI,17,DAL,0,0,0,0,0,0,0,0,1,9,0,2,0,0,0,0,0,0,0,0,0,0,,,,,
Troy Niklas,TE,ARI,17,SEA,0,0,0,0,0,0,0,0,0,0,0,1,0,0,0,0,0,0,0,0,0,0,,,,,
Tyler Boyd,WR,CIN,17,BAL,0,0,0,0,0,0,0,0,5,91,1,7,0,0,0,0,0,0,0,0,0,0,,,,,
Tyler Bray,QB,KC,17,DEN,0,0,1,0,0,0,0,1,0,0,0,0,0,0,0,0,0,0,0,0,0,0,,,,,
Tyler Kroft,TE,CIN,17,BAL,0,0,0,0,0,0,0,0,6,53,2,8,0,0,0,0,0,0,0,0,0,0,,,,,
Tyler Lockett,WR,SEA,17,ARI,0,0,0,0,0,0,0,0,3,25,0,4,1,0,0,0,0,0,0,0,0,0,,,,,
Tyrell Williams,WR,LAC,17,LV,0,0,0,0,0,0,0,0,3,67,1,4,0,0,0,0,0,0,0,0,0,0,,,,,
Tyrod Taylor,QB,BUF,17,MIA,204,1,27,19,0,35,0,6,0,0,0,0,0,0,0,0,0,0,0,0,0,0,,,,,
Vance McDonald,TE,PIT,17,CLE,0,0,0,0,0,0,0,0,1,5,0,2,0,0,0,0,0,0,0,0,0,0,,,,,
Vernon Davis,TE,WAS,17,NYG,0,0,0,0,0,0,0,0,2,20,0,3,0,0,0,0,0,0,0,0,0,0,,,,,
Vince Mayle,TE,BAL,17,CIN,0,0,0,0,0,0,0,0,0,0,0,0,0,0,0,0,0,0,0,0,0,0,,,,,
Virgil Green,TE,DEN,17,KC,0,0,0,0,0,0,0,0,1,6,0,1,0,0,0,0,0,0,0,0,0,0,,,,,
WAS,DEF,WAS,17,NYG,,,,,,,,,,,,,,,,,,,,,,,0,0,0,0,18.0
Wayne Gallman,RB,NYG,17,WAS,0,0,0,0,0,89,0,15,0,0,0,2,0,0,0,0,0,0,0,0,0,0,,,,,
Wendell Smallwood,RB,PHI,17,DAL,0,0,0,0,0,6,0,4,3,24,0,3,0,0,0,0,0,0,0,0,0,0,,,,,
Wil Lutz,K,NO,17,TB,0,0,0,0,0,4,0,1,0,0,0,0,0,0,0,0,0,0,1,0,0,3,,,,,
Will Fuller,WR,HOU,17,IND,0,0,0,0,0,0,0,0,2,17,0,2,0,0,0,0,0,0,0,0,0,0,,,,,
Xavier Grimble,TE,PIT,17,CLE,0,0,0,0,0,0,0,0,1,2,0,1,0,0,0,0,0,0,0,0,0,0,,,,,
Zach Ertz,TE,PHI,17,DAL,0,0,0,0,0,0,0,0,2,24,0,2,0,0,0,0,0,0,0,0,0,0,,,,,
Zane Gonzalez,K,CLE,17,PIT,0,0,0,0,0,0,0,0,0,0,0,0,0,0,0,0,0,0,0,1,0,3,,,,,
Zay Jones,WR,BUF,17,MIA,0,0,0,0,0,0,0,0,2,25,0,3,0,0,0,0,0,0,0,0,0,0,,,,,
ATL,DEF,ATL,18,LA,,,,,,,,,,,,,,,,,,,,,,,0,0,0,0,13.0
Albert Wilson,WR,KC,18,TEN,0,0,0,0,0,0,0,0,2,26,0,4,0,0,0,0,0,0,0,0,0,0,,,,,
Alex Smith,QB,KC,18,TEN,264,2,33,24,0,13,0,4,0,0,0,0,0,0,0,0,0,0,0,0,0,0,,,,,
Allen Hurns,WR,JAX,18,BUF,0,0,0,0,0,0,0,0,0,0,0,1,0,0,0,0,0,0,0,0,0,0,,,,,
Alvin Kamara,RB,NO,18,CAR,0,0,0,0,0,23,1,10,1,10,0,3,0,0,0,0,0,0,0,0,0,0,,,,,
Andre Roberts,WR,ATL,18,LA,0,0,0,0,0,0,0,0,0,0,0,0,0,0,0,0,0,0,0,0,0,0,,,,,
Austin Hooper,TE,ATL,18,LA,0,0,0,0,0,0,0,0,3,15,0,5,0,0,0,0,0,0,0,0,0,0,,,,,
BUF,DEF,BUF,18,JAX,,,,,,,,,,,,,,,,,,,,,,,0,0,0,0,10.0
Ben Koyack,TE,JAX,18,BUF,0,0,0,0,0,0,0,0,1,1,1,1,0,0,0,0,0,0,0,0,0,0,,,,,
Blake Bortles,QB,JAX,18,BUF,87,1,23,12,0,88,0,10,0,0,0,0,0,0,0,0,0,0,0,0,0,0,,,,,
Brandon Coleman,WR,NO,18,CAR,0,0,0,0,0,0,0,0,4,44,0,5,0,0,0,0,0,0,0,0,0,0,,,,,
Brandon Tate,WR,BUF,18,JAX,0,0,0,0,0,0,0,0,0,0,0,0,0,0,0,0,0,0,0,0,0,0,,,,,
Brenton Bersin,WR,CAR,18,NO,0,0,0,0,0,0,0,0,2,27,0,2,0,0,0,0,0,0,0,0,0,0,,,,,
CAR,DEF,CAR,18,NO,,,,,,,,,,,,,,,,,,,,,,,0,0,0,0,31.0
Cam Newton,QB,CAR,18,NO,349,2,40,24,0,37,0,8,0,0,0,0,0,0,0,0,0,0,0,0,0,0,,,,,
Charcandrick West,RB,KC,18,TEN,0,0,0,0,0,0,0,0,2,1,0,2,0,0,0,0,0,0,0,0,0,0,,,,,
Charles Clay,TE,BUF,18,JAX,0,0,0,0,0,0,0,0,3,15,0,5,0,0,0,0,0,0,0,0,0,0,,,,,
Chris Ivory,RB,JAX,18,BUF,0,0,0,0,0,2,0,1,0,0,0,1,0,0,0,0,0,0,0,0,0,0,,,,,
Christian McCaffrey,RB,CAR,18,NO,0,0,0,0,0,16,0,6,6,101,1,8,0,0,0,0,0,0,0,0,0,0,,,,,
Cooper Kupp,WR,LA,18,ATL,0,0,0,0,0,0,0,0,8,69,1,13,0,0,0,0,0,0,0,0,0,0,,,,,
Corey Davis,WR,TEN,18,KC,0,0,0,0,0,0,0,0,4,35,0,7,0,0,0,0,0,0,0,0,0,0,,,,,
Corey Grant,RB,JAX,18,BUF,0,0,0,0,0,3,0,1,0,0,0,0,0,0,0,0,0,0,0,0,0,0,,,,,
David Fluellen,RB,TEN,18,KC,0,0,0,0,0,0,0,0,0,0,0,0,0,0,0,0,0,0,0,0,0,0,,,,,
Dede Westbrook,WR,JAX,18,BUF,0,0,0,0,0,0,0,0,5,48,0,8,0,0,0,0,0,0,0,0,0,0,,,,,
Delanie Walker,TE,TEN,18,KC,0,0,0,0,0,0,0,0,6,74,0,8,0,0,0,0,0,0,0,0,0,0,,,,,
Demarcus Robinson,WR,KC,18,TEN,0,0,0,0,0,0,0,0,4,57,1,4,0,0,0,0,0,0,0,0,0,0,,,,,
Demetrius Harris,TE,KC,18,TEN,0,0,0,0,0,0,0,0,2,22,0,3,0,0,0,0,0,0,0,0,0,0,,,,,
Deonte Thompson,WR,BUF,18,JAX,0,0,0,0,0,9,0,1,2,23,0,6,0,0,0,0,0,0,0,0,0,0,,,,,
Derek Anderson,QB,CAR,18,NO,0,0,1,0,0,0,0,0,0,0,0,0,0,0,0,0,0,0,0,0,0,0,,,,,
Derrick Henry,RB,TEN,18,KC,0,0,0,0,0,156,1,23,2,35,0,2,0,0,0,0,0,0,0,0,0,0,,,,,
Devin Funchess,WR,CAR,18,NO,0,0,0,0,0,0,0,0,4,79,0,8,0,0,0,0,0,0,0,0,0,0,,,,,
Devonta Freeman,RB,ATL,18,LA,0,0,0,0,0,66,1,18,1,3,0,2,0,0,0,0,0,0,0,0,0,0,,,,,
Drew Brees,QB,NO,18,CAR,376,2,33,23,1,-1,0,1,0,0,0,0,0,0,0,0,0,0,0,0,0,0,,,,,
Ed Dickson,TE,CAR,18,NO,0,0,0,0,0,0,0,0,1,3,0,2,0,0,0,0,0,0,0,0,0,0,,,,,
Eric Decker,WR,TEN,18,KC,0,0,0,0,0,0,0,0,2,21,1,5,0,0,0,0,0,0,0,0,0,0,,,,,
Eric Weems,WR,TEN,18,KC,0,0,0,0,0,0,0,0,0,0,0,0,0,0,0,0,0,0,0,0,0,0,,,,,
Fozzy Whittaker,RB,CAR,18,NO,0,0,0,0,0,3,0,1,0,0,0,0,0,0,0,0,0,0,0,0,0,0,,,,,
Gerald Everett,TE,LA,18,ATL,0,0,0,0,0,0,0,0,1,4,0,2,0,0,0,0,0,0,0,0,0,0,,,,,
Graham Gano,K,CAR,18,NO,0,0,0,0,0,0,0,0,0,0,0,0,0,0,0,0,2,1,0,1,0,2,,,,,
Greg Olsen,TE,CAR,18,NO,0,0,0,0,0,0,0,0,8,107,1,12,0,0,0,0,0,0,0,0,0,0,,,,,
Harrison Butker,K,KC,18,TEN,0,0,0,0,0,0,0,0,0,0,0,0,0,0,0,0,0,0,0,0,0,3,,,,,
JAX,DEF,JAX,18,BUF,,,,,,,,,,,,,,,,,,,,,,,0,0,0,0,3.0
Jared Goff,QB,LA,18,ATL,259,1,45,24,0,0,0,0,0,0,0,0,0,0,0,0,0,0,0,0,0,0,,,,,
Jaydon Mickens,WR,JAX,18,BUF,0,0,0,0,0,0,0,0,0,0,0,0,0,0,0,0,0,0,0,0,0,0,,,,,
Jehu Chesson,WR,KC,18,TEN,0,0,0,0,0,0,0,0,0,0,0,0,0,0,0,0,0,0,0,0,0,0,,,,,
Jonathan Stewart,RB,CAR,18,NO,0,0,0,0,0,51,0,11,0,0,0,0,0,0,0,0,0,0,0,0,0,0,,,,,
Jonnu Smith,TE,TEN,18,KC,0,0,0,0,0,0,0,0,2,15,0,4,0,0,0,0,0,0,0,0,0,0,,,,,
Josh Hill,TE,NO,18,CAR,0,0,0,0,0,0,0,0,3,49,1,4,0,0,0,0,0,0,0,0,0,0,,,,,
Josh Lambo,K,JAX,18,BUF,0,0,0,0,0,0,0,0,0,0,0,0,0,0,0,0,0,0,1,0,0,1,,,,,
Josh Reynolds,WR,LA,18,ATL,0,0,0,0,0,0,0,0,0,0,0,0,0,0,0,0,0,0,0,0,0,0,,,,,
Julio Jones,WR,ATL,18,LA,0,0,0,0,0,13,0,1,9,94,1,10,0,0,0,0,0,0,0,0,0,0,,,,,
Justin Hardy,WR,ATL,18,LA,0,0,0,0,0,0,0,0,1,3,0,1,0,0,0,0,0,0,0,0,0,0,,,,,
KC,DEF,KC,18,TEN,,,,,,,,,,,,,,,,,,,,,,,0,0,0,0,22.0
Kaelin Clay,WR,CAR,18,NO,0,0,0,0,0,0,0,0,3,32,0,4,0,0,0,0,0,0,0,0,0,0,,,,,
Kareem Hunt,RB,KC,18,TEN,0,0,0,0,0,42,1,11,3,5,0,3,0,0,0,0,0,0,0,0,0,0,,,,,
Keelan Cole,WR,JAX,18,BUF,0,0,0,0,0,0,0,0,0,0,0,1,0,0,0,0,0,0,0,0,0,0,,,,,
Kelvin Benjamin,WR,BUF,18,JAX,0,0,0,0,0,0,0,0,1,9,0,2,0,0,0,0,0,0,0,0,0,0,,,,,
LA,DEF,LA,18,ATL,,,,,,,,,,,,,,,,,,,,,,,0,0,0,0,26.0
LeSean McCoy,RB,BUF,18,JAX,0,0,0,0,0,75,0,19,6,44,0,8,0,0,0,0,0,0,0,0,0,0,,,,,
Leonard Fournette,RB,JAX,18,BUF,0,0,0,0,0,57,0,21,3,21,0,5,0,0,0,0,0,0,0,0,0,0,,,,,
Levine Toilolo,TE,ATL,18,LA,0,0,0,0,0,0,0,0,0,0,0,0,0,0,0,0,0,0,0,0,0,0,,,,,
Logan Thomas,TE,BUF,18,JAX,0,0,0,0,0,0,0,0,1,5,0,2,0,0,0,0,0,0,0,0,0,0,,,,,
Malcolm Brown,RB,LA,18,ATL,0,0,0,0,0,14,0,2,0,0,0,0,0,0,0,0,0,0,0,0,0,0,,,,,
Marcedes Lewis,TE,JAX,18,BUF,0,0,0,0,0,0,0,0,3,17,0,3,0,0,0,0,0,0,0,0,0,0,,,,,
Marcus Kemp,WR,KC,18,TEN,0,0,0,0,0,0,0,0,0,0,0,0,0,0,0,0,0,0,0,0,0,0,,,,,
Marcus Mariota,QB,TEN,18,KC,205,2,31,19,1,46,0,8,1,6,1,1,0,0,0,0,0,0,0,0,0,0,,,,,
Mark Ingram,RB,NO,18,CAR,0,0,0,0,0,22,0,9,1,13,0,1,0,0,0,0,0,0,0,0,0,0,,,,,
Marqise Lee,WR,JAX,18,BUF,0,0,0,0,0,5,0,1,0,0,0,1,0,0,0,0,0,0,0,0,0,0,,,,,
Matt Bryant,K,ATL,18,LA,0,0,0,0,0,0,0,0,0,0,0,0,0,0,0,0,2,0,0,2,0,2,,,,,
Matt Ryan,QB,ATL,18,LA,218,1,30,21,0,5,0,6,0,0,0,0,0,0,0,0,0,0,0,0,0,0,,,,,
Michael Thomas,WR,NO,18,CAR,0,0,0,0,0,0,0,0,8,131,0,9,0,0,0,0,0,0,0,0,0,0,,,,,
Mohamed Sanu,WR,ATL,18,LA,0,0,0,0,0,0,0,0,4,75,0,8,0,0,0,0,0,0,0,0,0,0,,,,,
NO,DEF,NO,18,CAR,,,,,,,,,,,,,,,,,,,,,,,0,0,0,0,26.0
Nathan Peterman,QB,BUF,18,JAX,14,0,3,1,1,4,0,1,0,0,0,0,0,0,0,0,0,0,0,0,0,0,,,,,
Nick O'Leary,TE,BUF,18,JAX,0,0,0,0,0,0,0,0,2,22,0,6,0,0,0,0,0,0,0,0,0,0,,,,,
Orson Charles,TE,KC,18,TEN,0,0,0,0,0,0,0,0,0,0,0,1,0,0,0,0,0,0,0,0,0,0,,,,,
Patrick DiMarco,RB,BUF,18,JAX,0,0,0,0,0,0,0,0,0,0,0,1,0,0,0,0,0,0,0,0,0,0,,,,,
Pharoh Cooper,WR,LA,18,ATL,0,0,0,0,0,0,0,0,0,0,0,0,0,0,0,0,0,0,0,0,0,0,,,,,
Rishard Matthews,WR,TEN,18,KC,0,0,0,0,0,0,0,0,1,15,0,2,0,0,0,0,0,0,0,0,0,0,,,,,
Robert Woods,WR,LA,18,ATL,0,0,0,0,0,0,0,0,9,142,0,14,0,0,0,0,0,0,0,0,0,0,,,,,
Russell Shepard,WR,CAR,18,NO,0,0,0,0,0,0,0,0,0,0,0,2,0,0,0,0,0,0,0,0,0,0,,,,,
Ryan Succop,K,TEN,18,KC,0,0,0,0,0,0,0,0,0,0,0,0,0,0,0,0,0,0,1,0,0,1,,,,,
Sam Ficken,K,LA,18,ATL,0,0,0,0,0,0,0,0,0,0,0,0,0,0,0,0,0,2,0,0,0,1,,,,,
Sammy Watkins,WR,LA,18,ATL,0,0,0,0,0,0,0,0,1,23,0,4,0,0,0,0,0,0,0,0,0,0,,,,,
Steven Hauschka,K,BUF,18,JAX,0,0,0,0,0,0,0,0,0,0,0,0,0,0,0,0,0,1,0,0,0,0,,,,,
TEN,DEF,TEN,18,KC,,,,,,,,,,,,,,,,,,,,,,,0,0,0,0,21.0
Taywan Taylor,WR,TEN,18,KC,0,0,0,0,0,0,0,0,1,4,0,1,0,0,0,0,0,0,0,0,0,0,,,,,
Ted Ginn,WR,NO,18,CAR,0,0,0,0,0,0,0,0,4,115,1,6,0,0,0,0,0,0,0,0,0,0,,,,,
Terron Ward,RB,ATL,18,LA,0,0,0,0,0,0,0,0,0,0,0,0,0,0,0,0,0,0,0,0,0,0,,,,,
Tevin Coleman,RB,ATL,18,LA,0,0,0,0,0,40,0,14,3,28,0,3,0,0,0,0,0,0,0,0,0,0,,,,,
Todd Gurley,RB,LA,18,ATL,0,0,0,0,0,101,0,14,4,10,0,10,0,0,0,0,0,0,0,0,0,0,,,,,
Tommylee Lewis,WR,NO,18,CAR,0,0,0,0,0,-4,0,1,0,0,0,0,0,0,0,0,0,0,0,0,0,0,,,,,
Travis Kelce,TE,KC,18,TEN,0,0,0,0,0,0,0,0,4,66,1,4,0,0,0,0,0,0,0,0,0,0,,,,,
Tyler Higbee,TE,LA,18,ATL,0,0,0,0,0,0,0,0,1,11,0,2,0,0,0,0,0,0,0,0,0,0,,,,,
Tyreek Hill,WR,KC,18,TEN,0,0,0,0,0,14,0,1,7,87,0,11,0,0,0,0,0,0,0,0,0,0,,,,,
Tyrod Taylor,QB,BUF,18,JAX,134,0,37,17,1,27,0,7,0,0,0,0,0,0,0,0,0,0,0,0,0,0,,,,,
Wil Lutz,K,NO,18,CAR,0,0,0,0,0,0,0,0,0,0,0,0,0,0,0,0,0,0,0,1,0,4,,,,,
Willie Snead,WR,NO,18,CAR,0,0,0,0,0,0,0,0,1,7,0,1,0,0,0,0,0,0,0,0,0,0,,,,,
Zay Jones,WR,BUF,18,JAX,0,0,0,0,0,0,0,0,2,20,0,4,0,0,0,0,0,0,0,0,0,0,,,,,
ATL,DEF,ATL,19,PHI,,,,,,,,,,,,,,,,,,,,,,,0,0,0,0,15.0
Adam Thielen,WR,MIN,19,NO,0,0,0,0,0,0,0,0,6,74,0,9,0,0,0,0,0,0,0,0,0,0,,,,,
Allen Hurns,WR,JAX,19,PIT,0,0,0,0,0,0,0,0,1,12,0,2,0,0,0,0,0,0,0,0,0,0,,,,,
Alshon Jeffery,WR,PHI,19,ATL,0,0,0,0,0,0,0,0,4,61,0,5,0,0,0,0,0,0,0,0,0,0,,,,,
Alvin Kamara,RB,NO,19,MIN,0,0,0,0,0,43,0,11,4,62,1,7,0,0,0,0,0,0,0,0,0,0,,,,,
Andre Roberts,WR,ATL,19,PHI,0,0,0,0,0,0,0,0,0,0,0,0,0,0,0,0,0,0,0,0,0,0,,,,,
Antonio Brown,WR,PIT,19,JAX,0,0,0,0,0,0,0,0,7,132,2,11,0,0,0,0,0,0,0,0,0,0,,,,,
Austin Hooper,TE,ATL,19,PHI,0,0,0,0,0,0,0,0,1,3,0,1,0,0,0,0,0,0,0,0,0,0,,,,,
Ben Koyack,TE,JAX,19,PIT,0,0,0,0,0,0,0,0,1,21,0,1,0,0,0,0,0,0,0,0,0,0,,,,,
Ben Roethlisberger,QB,PIT,19,JAX,469,5,58,37,1,16,0,2,0,0,0,0,0,0,0,0,0,0,0,0,0,0,,,,,
Blake Bortles,QB,JAX,19,PIT,214,1,26,14,0,35,0,5,0,0,0,0,0,0,0,0,0,0,0,0,0,0,,,,,
Brandin Cooks,WR,NE,19,TEN,0,0,0,0,0,0,0,0,3,32,0,9,0,0,0,0,0,0,0,0,0,0,,,,,
Brandon Bolden,RB,NE,19,TEN,0,0,0,0,0,27,1,4,0,0,0,0,0,0,0,0,0,0,0,0,0,0,,,,,
Brent Celek,TE,PHI,19,ATL,0,0,0,0,0,0,0,0,1,6,0,1,0,0,0,0,0,0,0,0,0,0,,,,,
Brian Hoyer,QB,NE,19,TEN,0,0,0,0,0,-1,0,3,0,0,0,0,0,0,0,0,0,0,0,0,0,0,,,,,
Case Keenum,QB,MIN,19,NO,318,1,40,25,1,4,0,1,0,0,0,0,0,0,0,0,0,0,0,0,0,0,,,,,
Chris Boswell,K,PIT,19,JAX,0,0,0,0,0,0,0,0,0,0,0,0,0,0,0,0,0,0,0,0,0,6,,,,,
Chris Hogan,WR,NE,19,TEN,0,0,0,0,0,0,0,0,1,4,1,4,0,0,0,0,0,0,0,0,0,0,,,,,
Corey Clement,RB,PHI,19,ATL,0,0,0,0,0,5,0,1,5,31,0,5,0,0,0,0,0,0,0,0,0,0,,,,,
Corey Davis,WR,TEN,19,NE,0,0,0,0,0,0,0,0,5,63,2,8,0,0,0,0,0,0,0,0,0,0,,,,,
Corey Grant,RB,JAX,19,PIT,0,0,0,0,0,0,0,0,0,0,0,0,0,0,0,0,0,0,0,0,0,0,,,,,
Danny Amendola,WR,NE,19,TEN,0,0,0,0,0,0,0,0,11,112,0,13,0,0,0,0,0,0,0,0,0,0,,,,,
Darrius Heyward-Bey,WR,PIT,19,JAX,0,0,0,0,0,0,0,0,0,0,0,1,0,0,0,0,0,0,0,0,0,0,,,,,
Dede Westbrook,WR,JAX,19,PIT,0,0,0,0,0,0,0,0,1,8,0,3,0,0,0,0,0,0,0,0,0,0,,,,,
Delanie Walker,TE,TEN,19,NE,0,0,0,0,0,0,0,0,4,59,0,7,0,0,0,0,0,0,0,0,0,0,,,,,
Derrick Henry,RB,TEN,19,NE,0,0,0,0,0,28,0,12,3,21,0,4,0,0,0,0,0,0,0,0,0,0,,,,,
Devonta Freeman,RB,ATL,19,PHI,0,0,0,0,0,7,0,10,5,26,1,5,0,0,0,0,0,0,0,0,0,0,,,,,
Dion Lewis,RB,NE,19,TEN,0,0,0,0,0,62,0,15,9,79,0,10,0,0,0,0,0,0,0,0,0,0,,,,,
Drew Brees,QB,NO,19,MIN,294,3,40,25,2,1,0,2,0,0,0,0,0,0,0,0,0,0,0,0,0,0,,,,,
Eli Rogers,WR,PIT,19,JAX,0,0,0,0,0,0,0,0,5,42,0,5,0,0,0,0,0,0,0,0,0,0,,,,,
Eric Decker,WR,TEN,19,NE,0,0,0,0,0,0,0,0,6,85,0,7,0,0,0,0,0,0,0,0,0,0,,,,,
Fitzgerald Toussaint,RB,PIT,19,JAX,0,0,0,0,0,0,0,0,0,0,0,0,0,0,0,0,0,0,0,0,0,0,,,,,
JAX,DEF,JAX,19,PIT,,,,,,,,,,,,,,,,,,,,,,,0,0,0,0,42.0
Jacob Hollister,TE,NE,19,TEN,0,0,0,0,0,0,0,0,1,0,0,1,0,0,0,0,0,0,0,0,0,0,,,,,
Jake Elliott,K,PHI,19,ATL,0,0,0,0,0,0,0,0,0,0,0,0,0,0,0,0,1,1,0,1,0,0,,,,,
James O'Shaughnessy,TE,JAX,19,PIT,0,0,0,0,0,0,0,0,1,19,0,2,0,0,0,0,0,0,0,0,0,0,,,,,
James White,RB,NE,19,TEN,0,0,0,0,0,11,1,4,4,29,1,7,0,0,0,0,0,0,0,0,0,0,,,,,
Jarius Wright,WR,MIN,19,NO,0,0,0,0,0,0,0,0,3,56,0,6,0,0,0,0,0,0,0,0,0,0,,,,,
Jay Ajayi,RB,PHI,19,ATL,0,0,0,0,0,54,0,15,3,44,0,5,0,0,0,0,0,0,0,0,0,0,,,,,
Jerick McKinnon,RB,MIN,19,NO,0,0,0,0,0,34,1,8,3,6,0,4,0,0,0,0,0,0,0,0,0,0,,,,,
Jesse James,TE,PIT,19,JAX,0,0,0,0,0,0,0,0,1,12,0,1,0,0,0,0,0,0,0,0,0,0,,,,,
Jonnu Smith,TE,TEN,19,NE,0,0,0,0,0,0,0,0,1,4,0,1,0,0,0,0,0,0,0,0,0,0,,,,,
Josh Hill,TE,NO,19,MIN,0,0,0,0,0,0,0,0,3,54,0,6,0,0,0,0,0,0,0,0,0,0,,,,,
Josh Lambo,K,JAX,19,PIT,0,0,0,0,0,0,0,0,0,0,0,0,0,0,0,0,0,0,1,0,0,6,,,,,
JuJu Smith-Schuster,WR,PIT,19,JAX,0,0,0,0,0,0,0,0,3,5,1,5,0,0,0,0,0,0,0,0,0,0,,,,,
Julio Jones,WR,ATL,19,PHI,0,0,0,0,0,0,0,0,9,101,0,16,0,0,0,0,0,0,0,0,0,0,,,,,
Justin Hardy,WR,ATL,19,PHI,0,0,0,0,0,0,0,0,0,0,0,1,0,0,0,0,0,0,0,0,0,0,,,,,
Kai Forbath,K,MIN,19,NO,0,0,0,0,0,0,0,0,0,0,0,0,0,0,0,0,1,0,1,1,0,2,,,,,
Keelan Cole,WR,JAX,19,PIT,0,0,0,0,0,0,0,0,1,45,0,2,0,0,0,0,0,0,0,0,0,0,,,,,
Kenjon Barner,RB,PHI,19,ATL,0,0,0,0,0,0,0,0,0,0,0,0,0,0,0,0,0,0,0,0,0,0,,,,,
Kyle Rudolph,TE,MIN,19,NO,0,0,0,0,0,0,0,0,5,28,0,8,0,0,0,0,0,0,0,0,0,0,,,,,
Latavius Murray,RB,MIN,19,NO,0,0,0,0,0,50,1,19,2,17,0,2,0,0,0,0,0,0,0,0,0,0,,,,,
Le'Veon Bell,RB,PIT,19,JAX,0,0,0,0,0,67,1,16,9,88,1,13,0,0,0,0,0,0,0,0,0,0,,,,,
LeGarrette Blount,RB,PHI,19,ATL,0,0,0,0,0,19,1,9,0,0,0,0,0,0,0,0,0,0,0,0,0,0,,,,,
Leonard Fournette,RB,JAX,19,PIT,0,0,0,0,0,109,3,25,2,10,0,4,0,0,0,0,0,0,0,0,0,0,,,,,
Levine Toilolo,TE,ATL,19,PHI,0,0,0,0,0,0,0,0,1,12,0,2,0,0,0,0,0,0,0,0,0,0,,,,,
MIN,DEF,MIN,19,NO,,,,,,,,,,,,,,,,,,,,,,,0,0,0,0,24.0
Mack Hollins,WR,PHI,19,ATL,0,0,0,0,0,0,0,0,1,9,0,1,0,0,0,0,0,0,0,0,0,0,,,,,
Marcedes Lewis,TE,JAX,19,PIT,0,0,0,0,0,0,0,0,0,0,0,1,0,0,0,0,0,0,0,0,0,0,,,,,
Marcus Mariota,QB,TEN,19,NE,264,2,38,23,0,37,0,4,0,0,0,0,0,0,0,0,0,0,0,0,0,0,,,,,
Mark Ingram,RB,NO,19,MIN,0,0,0,0,0,25,0,10,1,3,0,1,0,0,0,0,0,0,0,0,0,0,,,,,
Marqise Lee,WR,JAX,19,PIT,0,0,0,0,0,0,0,0,3,28,0,6,0,0,0,0,0,0,0,0,0,0,,,,,
Martavis Bryant,WR,PIT,19,JAX,0,0,0,0,0,0,0,0,2,78,1,4,0,0,0,0,0,0,0,0,0,0,,,,,
Matt Bryant,K,ATL,19,PHI,0,0,0,0,0,0,0,0,0,0,0,0,0,0,0,0,0,1,0,0,0,1,,,,,
Matt Ryan,QB,ATL,19,PHI,210,1,36,22,0,0,0,0,0,0,0,0,0,0,0,0,0,0,0,0,0,0,,,,,
Matthew Slater,WR,NE,19,TEN,0,0,0,0,0,0,0,0,0,0,0,0,0,0,0,0,0,0,0,0,0,0,,,,,
Michael Floyd,WR,MIN,19,NO,0,0,0,0,0,0,0,0,0,0,0,1,0,0,0,0,0,0,0,0,0,0,,,,,
Michael Thomas,WR,NO,19,MIN,0,0,0,0,0,0,0,0,7,85,2,13,0,0,0,0,0,0,0,0,0,0,,,,,
Mohamed Sanu,WR,ATL,19,PHI,0,0,0,0,0,0,0,0,3,50,0,5,0,0,0,0,0,0,0,0,0,0,,,,,
NE,DEF,NE,19,TEN,,,,,,,,,,,,,,,,,,,,,,,0,0,0,0,14.0
NO,DEF,NO,19,MIN,,,,,,,,,,,,,,,,,,,,,,,0,0,0,0,29.0
Nelson Agholor,WR,PHI,19,ATL,0,0,0,0,0,20,0,2,3,24,0,3,0,0,0,0,0,0,0,0,0,0,,,,,
Nick Foles,QB,PHI,19,ATL,246,0,30,23,0,-2,0,5,0,0,0,0,0,0,0,0,0,0,0,0,0,0,,,,,
Nick Williams,WR,ATL,19,PHI,0,0,0,0,0,0,0,0,0,0,0,1,0,0,0,0,0,0,0,0,0,0,,,,,
PHI,DEF,PHI,19,ATL,,,,,,,,,,,,,,,,,,,,,,,0,0,0,0,10.0
PIT,DEF,PIT,19,JAX,,,,,,,,,,,,,,,,,,,,,,,0,0,0,0,45.0
Phillip Supernaw,TE,TEN,19,NE,0,0,0,0,0,0,0,0,0,0,0,0,0,0,0,0,0,0,0,0,0,0,,,,,
Rishard Matthews,WR,TEN,19,NE,0,0,0,0,0,0,0,0,3,27,0,8,0,0,0,0,0,0,0,0,0,0,,,,,
Rob Gronkowski,TE,NE,19,TEN,0,0,0,0,0,0,0,0,6,81,1,9,0,0,0,0,0,0,0,0,0,0,,,,,
Ryan Succop,K,TEN,19,NE,0,0,0,0,0,0,0,0,0,0,0,0,0,0,0,0,0,0,0,0,0,2,,,,,
Stefon Diggs,WR,MIN,19,NO,0,0,0,0,0,0,0,0,6,137,1,10,0,0,0,0,0,0,0,0,0,0,,,,,
Stephen Gostkowski,K,NE,19,TEN,0,0,0,0,0,0,0,0,0,0,0,0,0,0,0,0,0,0,0,0,0,5,,,,,
T.J. Yeldon,RB,JAX,19,PIT,0,0,0,0,0,20,1,5,3,57,0,3,0,0,0,0,0,0,0,0,0,0,,,,,
TEN,DEF,TEN,19,NE,,,,,,,,,,,,,,,,,,,,,,,0,0,0,0,35.0
Taylor Gabriel,WR,ATL,19,PHI,0,0,0,0,0,0,0,0,2,4,0,3,0,0,0,0,0,0,0,0,0,0,,,,,
Taywan Taylor,WR,TEN,19,NE,0,0,0,0,0,0,0,0,1,5,0,3,0,0,0,0,0,0,0,0,0,0,,,,,
Ted Ginn,WR,NO,19,MIN,0,0,0,0,0,11,0,1,8,72,0,11,0,0,0,0,0,0,0,0,0,0,,,,,
Terron Ward,RB,ATL,19,PHI,0,0,0,0,0,0,0,0,0,0,0,1,0,0,0,0,0,0,0,0,0,0,,,,,
Tevin Coleman,RB,ATL,19,PHI,0,0,0,0,0,79,0,10,1,14,0,1,0,0,0,0,0,0,0,0,0,0,,,,,
Tom Brady,QB,NE,19,TEN,337,3,53,35,0,2,0,1,0,0,0,0,0,0,0,0,0,0,0,0,0,0,,,,,
Tommylee Lewis,WR,NO,19,MIN,0,0,0,0,0,0,0,0,0,0,0,0,0,0,0,0,0,0,0,0,0,0,,,,,
Torrey Smith,WR,PHI,19,ATL,0,0,0,0,0,0,0,0,3,39,0,4,0,0,0,0,0,0,0,0,0,0,,,,,
Trey Burton,TE,PHI,19,ATL,0,0,0,0,0,0,0,0,0,0,0,1,0,0,0,0,0,0,0,0,0,0,,,,,
Vance McDonald,TE,PIT,19,JAX,0,0,0,0,0,0,0,0,10,112,0,16,0,0,0,0,0,0,0,0,0,0,,,,,
Wil Lutz,K,NO,19,MIN,0,0,0,0,0,0,0,0,0,0,0,0,0,0,0,0,0,0,1,0,0,3,,,,,
Willie Snead,WR,NO,19,MIN,0,0,1,0,0,0,0,0,2,18,0,3,0,0,0,0,0,0,0,0,0,0,,,,,
Xavier Grimble,TE,PIT,19,JAX,0,0,0,0,0,0,0,0,0,0,0,1,0,0,0,0,0,0,0,0,0,0,,,,,
Zach Ertz,TE,PHI,19,ATL,0,0,0,0,0,0,0,0,3,32,0,5,0,0,0,0,0,0,0,0,0,0,,,,,
Adam Thielen,WR,MIN,20,PHI,0,0,0,0,0,0,0,0,3,28,0,9,0,0,0,0,0,0,0,0,0,0,,,,,
Allen Hurns,WR,JAX,20,NE,0,0,0,0,0,0,0,0,6,80,0,7,0,0,0,0,0,0,0,0,0,0,,,,,
Alshon Jeffery,WR,PHI,20,MIN,0,0,0,0,0,0,0,0,5,85,2,5,0,0,0,0,0,0,0,0,0,0,,,,,
Ben Koyack,TE,JAX,20,NE,0,0,0,0,0,0,0,0,0,0,0,1,0,0,0,0,0,0,0,0,0,0,,,,,
Blake Bortles,QB,JAX,20,NE,293,1,36,23,0,-2,0,2,0,0,0,0,0,0,0,0,0,0,0,0,0,0,,,,,
Brandin Cooks,WR,NE,20,JAX,0,0,0,0,0,0,0,0,6,100,0,8,0,0,0,0,0,0,0,0,0,0,,,,,
Brent Celek,TE,PHI,20,MIN,0,0,0,0,0,0,0,0,0,0,0,1,0,0,0,0,0,0,0,0,0,0,,,,,
Case Keenum,QB,MIN,20,PHI,271,1,48,28,2,8,0,1,0,0,0,0,0,0,0,0,0,0,0,0,0,0,,,,,
Chris Hogan,WR,NE,20,JAX,0,0,0,0,0,0,0,0,2,20,0,4,0,0,0,0,0,0,0,0,0,0,,,,,
Corey Clement,RB,PHI,20,MIN,0,0,0,0,0,20,0,2,1,8,0,1,0,0,0,0,0,0,0,0,0,0,,,,,
Corey Grant,RB,JAX,20,NE,0,0,0,0,0,2,0,1,3,59,0,3,0,0,0,0,0,0,0,0,0,0,,,,,
Danny Amendola,WR,NE,20,JAX,20,0,1,1,0,3,0,1,7,84,2,9,0,0,0,0,0,0,0,0,0,0,,,,,
Dede Westbrook,WR,JAX,20,NE,0,0,0,0,0,0,0,0,1,29,0,3,0,0,0,0,0,0,0,0,0,0,,,,,
Dion Lewis,RB,NE,20,JAX,0,0,0,0,0,34,0,9,7,32,0,8,0,0,0,0,0,0,0,0,0,0,,,,,
JAX,DEF,JAX,20,NE,,,,,,,,,,,,,,,,,,,,,,,0,0,0,0,24.0
Jake Elliott,K,PHI,20,MIN,0,0,0,0,0,0,0,0,0,0,0,0,0,0,0,0,0,1,0,0,0,5,,,,,
James O'Shaughnessy,TE,JAX,20,NE,0,0,0,0,0,0,0,0,1,4,0,1,0,0,0,0,0,0,0,0,0,0,,,,,
James White,RB,NE,20,JAX,0,0,0,0,0,4,1,3,3,22,0,5,0,0,0,0,0,0,0,0,0,0,,,,,
Jarius Wright,WR,MIN,20,PHI,0,0,0,0,0,4,0,1,3,51,0,6,0,0,0,0,0,0,0,0,0,0,,,,,
Jay Ajayi,RB,PHI,20,MIN,0,0,0,0,0,73,0,18,3,26,0,3,0,0,0,0,0,0,0,0,0,0,,,,,
Jaydon Mickens,WR,JAX,20,NE,0,0,0,0,0,0,0,0,0,0,0,0,0,0,0,0,0,0,0,0,0,0,,,,,
Jerick McKinnon,RB,MIN,20,PHI,0,0,0,0,0,40,0,10,11,86,0,12,0,0,0,0,0,0,0,0,0,0,,,,,
Josh Lambo,K,JAX,20,NE,0,0,0,0,0,0,0,0,0,0,0,0,0,0,0,0,0,0,1,1,0,2,,,,,
Kai Forbath,K,MIN,20,PHI,0,0,0,0,0,0,0,0,0,0,0,0,0,0,0,0,0,0,0,0,0,1,,,,,
Keelan Cole,WR,JAX,20,NE,0,0,0,0,0,0,0,0,2,37,0,3,0,0,0,0,0,0,0,0,0,0,,,,,
Kenjon Barner,RB,PHI,20,MIN,0,0,0,0,0,0,0,0,0,0,0,0,0,0,0,0,0,0,0,0,0,0,,,,,
Kyle Rudolph,TE,MIN,20,PHI,0,0,0,0,0,0,0,0,1,25,1,4,0,0,0,0,0,0,0,0,0,0,,,,,
Laquon Treadwell,WR,MIN,20,PHI,0,0,0,0,0,0,0,0,0,0,0,1,0,0,0,0,0,0,0,0,0,0,,,,,
Latavius Murray,RB,MIN,20,PHI,0,0,0,0,0,18,0,6,2,11,0,2,0,0,0,0,0,0,0,0,0,0,,,,,
LeGarrette Blount,RB,PHI,20,MIN,0,0,0,0,0,21,1,6,0,0,0,0,0,0,0,0,0,0,0,0,0,0,,,,,
Leonard Fournette,RB,JAX,20,NE,0,0,0,0,0,76,1,24,2,13,0,3,0,0,0,0,0,0,0,0,0,0,,,,,
MIN,DEF,MIN,20,PHI,,,,,,,,,,,,,,,,,,,,,,,0,0,0,0,38.0
Mack Hollins,WR,PHI,20,MIN,0,0,0,0,0,0,0,0,0,0,0,1,0,0,0,0,0,0,0,0,0,0,,,,,
Marcedes Lewis,TE,JAX,20,NE,0,0,0,0,0,0,0,0,1,4,1,3,0,0,0,0,0,0,0,0,0,0,,,,,
Marqise Lee,WR,JAX,20,NE,0,0,0,0,0,0,0,0,4,41,0,8,0,0,0,0,0,0,0,0,0,0,,,,,
Matthew Slater,WR,NE,20,JAX,0,0,0,0,0,0,0,0,0,0,0,0,0,0,0,0,0,0,0,0,0,0,,,,,
NE,DEF,NE,20,JAX,,,,,,,,,,,,,,,,,,,,,,,0,0,0,0,20.0
Nate Sudfeld,QB,PHI,20,MIN,0,0,0,0,0,-4,0,3,0,0,0,0,0,0,0,0,0,0,0,0,0,0,,,,,
Nelson Agholor,WR,PHI,20,MIN,0,0,0,0,0,0,0,1,3,59,0,4,0,0,0,0,0,0,0,0,0,0,,,,,
Nick Foles,QB,PHI,20,MIN,352,3,33,26,0,0,0,0,0,0,0,0,0,0,0,0,0,0,0,0,0,0,,,,,
PHI,DEF,PHI,20,MIN,,,,,,,,,,,,,,,,,,,,,,,1,0,0,0,7.0
Phillip Dorsett,WR,NE,20,JAX,0,0,0,0,0,0,0,0,1,31,0,1,0,0,0,0,0,0,0,0,0,0,,,,,
Rex Burkhead,RB,NE,20,JAX,0,0,0,0,0,5,0,1,0,0,0,1,0,0,0,0,0,0,0,0,0,0,,,,,
Rob Gronkowski,TE,NE,20,JAX,0,0,0,0,0,0,0,0,1,21,0,3,0,0,0,0,0,0,0,0,0,0,,,,,
Shelton Gibson,WR,PHI,20,MIN,0,0,0,0,0,0,0,0,0,0,0,0,0,0,0,0,0,0,0,0,0,0,,,,,
Stefon Diggs,WR,MIN,20,PHI,0,0,0,0,0,0,0,0,8,70,0,12,0,0,0,0,0,0,0,0,0,0,,,,,
Stephen Gostkowski,K,NE,20,JAX,0,0,0,0,0,0,0,0,0,0,0,0,0,0,0,0,0,1,0,0,0,3,,,,,
T.J. Yeldon,RB,JAX,20,NE,0,0,0,0,0,25,0,5,2,6,0,3,0,0,0,0,0,0,0,0,0,0,,,,,
Tom Brady,QB,NE,20,JAX,290,2,38,26,0,0,0,5,0,0,0,0,0,0,0,0,0,0,0,0,0,0,,,,,
Torrey Smith,WR,PHI,20,MIN,0,0,0,0,0,0,0,0,5,69,1,7,0,0,0,0,0,0,0,0,0,0,,,,,
Trey Burton,TE,PHI,20,MIN,0,0,0,0,0,0,0,0,1,12,0,2,0,0,0,0,0,0,0,0,0,0,,,,,
Zach Ertz,TE,PHI,20,MIN,0,0,0,0,0,0,0,0,8,93,0,8,0,0,0,0,0,0,0,0,0,0,,,,,
Alshon Jeffery,WR,PHI,21,NE,0,0,0,0,0,0,0,0,3,73,1,8,0,0,0,0,0,0,0,0,0,0,,,,,
Brandin Cooks,WR,NE,21,PHI,0,0,0,0,0,1,0,1,1,23,0,2,0,0,0,0,0,0,0,0,0,0,,,,,
Chris Hogan,WR,NE,21,PHI,0,0,0,0,0,4,0,1,6,128,1,8,0,0,0,0,0,0,0,0,0,0,,,,,
Corey Clement,RB,PHI,21,NE,0,0,0,0,0,8,0,3,4,100,1,5,0,0,0,0,0,0,0,0,0,0,,,,,
Danny Amendola,WR,NE,21,PHI,0,0,1,0,0,0,0,0,8,152,0,11,0,0,0,0,0,0,0,0,0,0,,,,,
Dion Lewis,RB,NE,21,PHI,0,0,0,0,0,39,0,9,0,0,0,0,0,0,0,0,0,0,0,0,0,0,,,,,
Jake Elliott,K,PHI,21,NE,0,0,0,0,0,0,0,0,0,0,0,0,0,0,0,0,1,0,2,0,0,2,,,,,
James White,RB,NE,21,PHI,0,0,0,0,0,45,1,7,2,21,0,6,0,0,0,0,0,0,0,0,0,0,,,,,
Jay Ajayi,RB,PHI,21,NE,0,0,0,0,0,57,0,9,0,0,0,0,0,0,0,0,0,0,0,0,0,0,,,,,
Kenjon Barner,RB,PHI,21,NE,0,0,0,0,0,0,0,0,0,0,0,0,0,0,0,0,0,0,0,0,0,0,,,,,
LeGarrette Blount,RB,PHI,21,NE,0,0,0,0,0,90,1,14,0,0,0,0,0,0,0,0,0,0,0,0,0,0,,,,,
NE,DEF,NE,21,PHI,,,,,,,,,,,,,,,,,,,,,,,0,0,0,0,41.0
Nelson Agholor,WR,PHI,21,NE,0,0,0,0,0,9,0,1,9,84,0,11,0,0,0,0,0,0,0,0,0,0,,,,,
Nick Foles,QB,PHI,21,NE,373,3,43,28,1,0,0,0,1,1,1,1,0,0,0,0,0,0,0,0,0,0,,,,,
PHI,DEF,PHI,21,NE,,,,,,,,,,,,,,,,,,,,,,,0,0,0,0,33.0
Phillip Dorsett,WR,NE,21,PHI,0,0,0,0,0,0,0,0,1,19,0,2,0,0,0,0,0,0,0,0,0,0,,,,,
Rex Burkhead,RB,NE,21,PHI,0,0,0,0,0,18,0,3,1,46,0,1,0,0,0,0,0,0,0,0,0,0,,,,,
Rob Gronkowski,TE,NE,21,PHI,0,0,0,0,0,0,0,0,9,116,2,15,0,0,0,0,0,0,0,0,0,0,,,,,
Stephen Gostkowski,K,NE,21,PHI,0,0,0,0,0,0,0,0,0,0,0,0,0,0,0,0,1,0,1,0,0,3,,,,,
Tom Brady,QB,NE,21,PHI,505,3,48,28,0,6,0,1,0,0,0,1,0,0,0,0,0,0,0,0,0,0,,,,,
Torrey Smith,WR,PHI,21,NE,0,0,0,0,0,0,0,0,5,49,0,9,0,0,0,0,0,0,0,0,0,0,,,,,
Trey Burton,TE,PHI,21,NE,1,1,1,1,0,0,0,0,0,0,0,1,0,0,0,0,0,0,0,0,0,0,,,,,
Zach Ertz,TE,PHI,21,NE,0,0,0,0,0,0,0,0,7,67,1,9,0,0,0,0,0,0,0,0,0,0,,,,,
