name,position,team,week,opponent_team,pass_yds,pass_td,pass_att,pass_cmp,pass_int,rush_yds,rush_td,carries,rec,rec_yds,rec_td,targets,return_td,off_fumble_return_td,two_pt,fg_0_19,fg_20_29,fg_30_39,fg_40_49,fg_50_plus,fg_60_plus,pat_made,def_td,def_safety,def_return_td,def_xp_returned,def_points_allowed
A.J. Green,WR,CIN,1,IND,0,0,0,0,0,0,0,0,6,92,1,8,0,0,0,0,0,0,0,0,0,0,,,,,
ARI,DEF,ARI,1,WAS,,,,,,,,,,,,,,,,,,,,,,,0,0,0,0,24.0
ATL,DEF,ATL,1,PHI,,,,,,,,,,,,,,,,,,,,,,,0,0,0,0,18.0
Aaron Rodgers,QB,GB,1,CHI,286,3,30,20,0,15,0,1,0,0,0,0,0,0,0,0,0,0,0,0,0,0,,,,,
Adam Humphries,WR,TB,1,NO,0,0,0,0,0,0,0,0,3,27,0,5,0,0,0,0,0,0,0,0,0,0,,,,,
Adam Thielen,WR,MIN,1,SF,0,0,0,0,0,0,0,0,6,102,0,12,0,0,0,0,0,0,0,0,0,0,,,,,
Adam Vinatieri,K,IND,1,CIN,0,0,0,0,0,0,0,0,0,0,0,0,0,0,0,0,1,1,0,1,0,2,,,,,
Adrian Peterson,RB,WAS,1,ARI,0,0,0,0,0,96,1,26,2,70,0,3,0,0,0,0,0,0,0,0,0,0,,,,,
Alan Cross,TE,TB,1,NO,0,0,0,0,0,0,0,0,0,0,0,1,0,0,0,0,0,0,0,0,0,0,,,,,
Albert Wilson,WR,MIA,1,TEN,0,0,0,0,0,7,0,2,3,31,0,4,0,0,0,0,0,0,0,0,0,0,,,,,
Aldrick Rosas,K,NYG,1,JAX,0,0,0,0,0,0,0,0,0,0,0,0,0,0,0,0,1,1,1,0,0,0,,,,,
Alex Armah,RB,CAR,1,DAL,0,0,0,0,0,1,1,1,0,0,0,0,0,0,0,0,0,0,0,0,0,0,,,,,
Alex Collins,RB,BAL,1,BUF,0,0,0,0,0,13,1,7,1,6,0,1,0,0,0,0,0,0,0,0,0,0,,,,,
Alex Erickson,WR,CIN,1,IND,0,0,0,0,0,0,0,0,0,0,0,0,0,0,0,0,0,0,0,0,0,0,,,,,
Alex Smith,QB,WAS,1,ARI,255,2,30,21,0,14,0,8,0,0,0,0,0,0,0,0,0,0,0,0,0,0,,,,,
Alfred Blue,RB,HOU,1,NE,0,0,0,0,0,36,1,5,0,0,0,0,0,0,0,0,0,0,0,0,0,0,,,,,
Alfred Morris,RB,SF,1,MIN,0,0,0,0,0,38,0,12,0,0,0,0,0,0,0,0,0,0,0,0,0,0,,,,,
Allen Hurns,WR,DAL,1,CAR,0,0,0,0,0,0,0,0,1,20,0,3,0,0,0,0,0,0,0,0,0,0,,,,,
Allen Robinson,WR,CHI,1,GB,0,0,0,0,0,0,0,0,4,61,0,7,0,0,0,0,0,0,0,0,0,0,,,,,
Alvin Kamara,RB,NO,1,TB,0,0,0,0,0,29,2,8,9,112,1,12,0,0,1,0,0,0,0,0,0,0,,,,,
Amari Cooper,WR,LV,1,LA,0,0,0,0,0,9,0,1,1,9,0,3,0,0,0,0,0,0,0,0,0,0,,,,,
Andre Holmes,WR,BUF,1,BAL,0,0,0,0,0,0,0,0,1,14,0,1,0,0,0,0,0,0,0,0,0,0,,,,,
Andre Roberts,WR,NYJ,1,DET,0,0,0,0,0,2,0,1,0,0,0,0,1,0,0,0,0,0,0,0,0,0,,,,,
Andrew Luck,QB,IND,1,CIN,319,2,53,39,1,7,0,1,0,0,0,0,0,0,0,0,0,0,0,0,0,0,,,,,
Andy Dalton,QB,CIN,1,IND,243,2,28,21,1,8,0,2,0,0,0,0,0,0,0,0,0,0,0,0,0,0,,,,,
Anthony Miller,WR,CHI,1,GB,0,0,0,0,0,0,0,0,2,14,0,3,0,0,0,0,0,0,0,0,0,0,,,,,
Antonio Brown,WR,PIT,1,CLE,0,0,0,0,0,0,0,0,9,93,1,16,0,0,0,0,0,0,0,0,0,0,,,,,
Antonio Callaway,WR,CLE,1,PIT,0,0,0,0,0,0,0,0,0,0,0,1,0,0,0,0,0,0,0,0,0,0,,,,,
Antonio Gates,TE,LAC,1,KC,0,0,0,0,0,0,0,0,2,16,0,3,0,0,1,0,0,0,0,0,0,0,,,,,
Austin Carr,WR,NO,1,TB,0,0,0,0,0,0,0,0,2,20,0,2,0,0,0,0,0,0,0,0,0,0,,,,,
Austin Ekeler,RB,LAC,1,KC,0,0,0,0,0,39,0,5,5,87,1,5,0,0,0,0,0,0,0,0,0,0,,,,,
Austin Hooper,TE,ATL,1,PHI,0,0,0,0,0,0,0,0,3,24,0,4,0,0,0,0,0,0,0,0,0,0,,,,,
Austin Seferian-Jenkins,TE,JAX,1,NYG,0,0,0,0,0,0,0,0,3,25,0,5,0,0,0,0,0,0,0,0,0,0,,,,,
BAL,DEF,BAL,1,BUF,,,,,,,,,,,,,,,,,,,,,,,0,0,0,0,3.0
BUF,DEF,BUF,1,BAL,,,,,,,,,,,,,,,,,,,,,,,0,0,0,0,47.0
Ben Roethlisberger,QB,PIT,1,CLE,335,1,41,23,3,16,0,3,0,0,0,0,0,0,0,0,0,0,0,0,0,0,,,,,
Benjamin Watson,TE,NO,1,TB,0,0,0,0,0,0,0,0,4,44,0,4,0,0,0,0,0,0,0,0,0,0,,,,,
Benny Cunningham,RB,CHI,1,GB,0,0,0,0,0,0,0,0,0,0,0,0,0,0,0,0,0,0,0,0,0,0,,,,,
Bilal Powell,RB,NYJ,1,DET,0,0,0,0,0,60,0,12,1,5,0,2,0,0,0,0,0,0,0,0,0,0,,,,,
Blaine Gabbert,QB,TEN,1,MIA,117,0,22,11,1,0,0,0,0,0,0,0,0,0,0,0,0,0,0,0,0,0,,,,,
Blake Bortles,QB,JAX,1,NYG,176,1,33,18,1,42,0,4,0,0,0,0,0,0,0,0,0,0,0,0,0,0,,,,,
Blake Jarwin,TE,DAL,1,CAR,0,0,0,0,0,0,0,0,0,0,0,1,0,0,0,0,0,0,0,0,0,0,,,,,
Brandin Cooks,WR,LA,1,LV,0,0,0,0,0,6,0,1,5,87,0,8,0,0,0,0,0,0,0,0,0,0,,,,,
Brandon Bolden,RB,MIA,1,TEN,0,0,0,0,0,0,0,0,0,0,0,0,0,0,0,0,0,0,0,0,0,0,,,,,
Brandon Marshall,WR,SEA,1,DEN,0,0,0,0,0,0,0,0,3,46,1,6,0,0,0,0,0,0,0,0,0,0,,,,,
Brandon McManus,K,DEN,1,SEA,0,0,0,0,0,0,0,0,0,0,0,0,0,0,0,0,0,0,0,2,0,3,,,,,
Brett Maher,K,DAL,1,CAR,0,0,0,0,0,0,0,0,0,0,0,0,0,0,0,0,0,0,0,0,0,0,,,,,
Bruce Ellington,WR,HOU,1,NE,0,0,0,0,0,0,0,0,4,37,1,8,0,0,0,0,0,0,0,0,0,0,,,,,
C.J. Anderson,RB,CAR,1,DAL,0,0,0,0,0,35,0,7,0,0,0,0,0,0,0,0,0,0,0,0,0,0,,,,,
C.J. Uzomah,TE,CIN,1,IND,0,0,0,0,0,0,0,0,1,4,0,1,0,0,0,0,0,0,0,0,0,0,,,,,
CAR,DEF,CAR,1,DAL,,,,,,,,,,,,,,,,,,,,,,,0,0,0,0,8.0
CHI,DEF,CHI,1,GB,,,,,,,,,,,,,,,,,,,,,,,1,0,0,0,24.0
CIN,DEF,CIN,1,IND,,,,,,,,,,,,,,,,,,,,,,,0,0,0,0,23.0
CLE,DEF,CLE,1,PIT,,,,,,,,,,,,,,,,,,,,,,,0,0,0,0,21.0
Caleb Sturgis,K,LAC,1,KC,0,0,0,0,0,0,0,0,0,0,0,0,0,0,0,0,0,1,1,0,0,0,,,,,
Calvin Ridley,WR,ATL,1,PHI,0,0,0,0,0,0,0,0,0,0,0,2,0,0,0,0,0,0,0,0,0,0,,,,,
Cam Newton,QB,CAR,1,DAL,161,0,26,17,0,58,1,13,0,0,0,0,0,0,0,0,0,0,0,0,0,0,,,,,
Cameron Brate,TE,TB,1,NO,0,0,0,0,0,0,0,0,0,0,0,2,0,0,0,0,0,0,0,0,0,0,,,,,
Carlos Hyde,RB,CLE,1,PIT,0,0,0,0,0,62,1,22,1,3,0,2,0,0,0,0,0,0,0,0,0,0,,,,,
Case Keenum,QB,DEN,1,SEA,329,3,39,25,3,0,0,0,0,0,0,0,0,0,0,0,0,0,0,0,0,0,,,,,
Chad Williams,WR,ARI,1,WAS,0,0,0,0,0,0,0,0,0,0,0,3,0,0,0,0,0,0,0,0,0,0,,,,,
Chandler Catanzaro,K,TB,1,NO,0,0,0,0,0,0,0,0,0,0,0,0,0,0,0,0,0,2,0,0,0,6,,,,,
Charles Clay,TE,BUF,1,BAL,0,0,0,0,0,0,0,0,0,0,0,2,0,0,0,0,0,0,0,0,0,0,,,,,
Chase Edmonds,RB,ARI,1,WAS,0,0,0,0,0,24,0,4,4,24,0,4,0,0,0,0,0,0,0,0,0,0,,,,,
Chester Rogers,WR,IND,1,CIN,0,0,0,0,0,0,0,0,3,18,0,3,0,0,0,0,0,0,0,0,0,0,,,,,
Chris Boswell,K,PIT,1,CLE,0,0,0,0,0,0,0,0,0,0,0,0,0,0,0,0,0,0,0,0,0,3,,,,,
Chris Carson,RB,SEA,1,DEN,0,0,0,0,0,51,0,7,3,28,0,5,0,0,0,0,0,0,0,0,0,0,,,,,
Chris Conley,WR,KC,1,LAC,0,0,0,0,0,0,0,0,1,15,0,1,0,0,0,0,0,0,0,0,0,0,,,,,
Chris Godwin Jr.,WR,TB,1,NO,0,0,0,0,0,0,0,0,3,41,1,4,0,0,0,0,0,0,0,0,0,0,,,,,
Chris Hogan,WR,NE,1,HOU,0,0,0,0,0,0,0,0,1,11,0,5,0,0,0,0,0,0,0,0,0,0,,,,,
Chris Ivory,RB,BUF,1,BAL,0,0,0,0,0,3,0,3,0,0,0,0,0,0,0,0,0,0,0,0,0,0,,,,,
Chris Manhertz,TE,CAR,1,DAL,0,0,0,0,0,0,0,0,0,0,0,0,0,0,0,0,0,0,0,0,0,0,,,,,
Chris Moore,WR,BAL,1,BUF,0,0,0,0,0,0,0,0,1,5,0,1,0,0,0,0,0,0,0,0,0,0,,,,,
Chris Thompson,RB,WAS,1,ARI,0,0,0,0,0,65,0,5,6,63,1,7,0,0,0,0,0,0,0,0,0,0,,,,,
Christian Kirk,WR,ARI,1,WAS,0,0,0,0,0,0,0,0,1,4,0,2,0,0,0,0,0,0,0,0,0,0,,,,,
Christian McCaffrey,RB,CAR,1,DAL,0,0,0,0,0,50,0,10,6,45,0,9,0,0,0,0,0,0,0,0,0,0,,,,,
Christine Michael,RB,IND,1,CIN,0,0,0,0,0,9,0,2,0,0,0,0,0,0,0,0,0,0,0,0,0,0,,,,,
Cody Latimer,WR,NYG,1,JAX,0,0,0,0,0,0,0,0,0,0,0,0,0,0,0,0,0,0,0,0,0,0,,,,,
Cody Parkey,K,CHI,1,GB,0,0,0,0,0,0,0,0,0,0,0,0,0,0,0,0,1,2,0,0,0,2,,,,,
Cole Beasley,WR,DAL,1,CAR,0,0,0,0,0,0,0,0,7,73,0,8,0,0,0,0,0,0,0,0,0,0,,,,,
Cooper Kupp,WR,LA,1,LV,0,0,0,0,0,16,0,2,5,52,1,9,0,0,0,0,0,0,0,0,0,0,,,,,
Cordarrelle Patterson,RB,NE,1,HOU,0,0,0,0,0,13,0,3,1,6,0,1,0,0,0,0,0,0,0,0,0,0,,,,,
Corey Clement,RB,PHI,1,ATL,0,0,0,0,0,26,0,5,0,0,0,0,0,0,0,0,0,0,0,0,0,0,,,,,
Corey Davis,WR,TEN,1,MIA,0,0,0,0,0,0,0,0,6,62,0,13,0,0,0,0,0,0,0,0,0,0,,,,,
Corey Grant,RB,JAX,1,NYG,0,0,0,0,0,3,0,1,0,0,0,0,0,0,0,0,0,0,0,0,0,0,,,,,
Courtland Sutton,WR,DEN,1,SEA,0,0,0,0,0,0,0,0,2,45,0,5,0,0,0,0,0,0,0,0,0,0,,,,,
DAL,DEF,DAL,1,CAR,,,,,,,,,,,,,,,,,,,,,,,0,0,0,0,16.0
DEN,DEF,DEN,1,SEA,,,,,,,,,,,,,,,,,,,,,,,0,0,0,0,24.0
DET,DEF,DET,1,NYJ,,,,,,,,,,,,,,,,,,,,,,,1,0,0,0,48.0
DJ Chark,WR,JAX,1,NYG,0,0,0,0,0,0,0,0,0,0,0,0,0,0,0,0,0,0,0,0,0,0,,,,,
DJ Moore,WR,CAR,1,DAL,0,0,0,0,0,3,0,1,0,0,0,0,0,0,0,0,0,0,0,0,0,0,,,,,
Dak Prescott,QB,DAL,1,CAR,170,0,29,19,0,19,0,5,0,0,0,0,0,0,1,0,0,0,0,0,0,0,,,,,
Dallas Goedert,TE,PHI,1,ATL,0,0,0,0,0,0,0,0,1,4,0,3,0,0,0,0,0,0,0,0,0,0,,,,,
Dalvin Cook,RB,MIN,1,SF,0,0,0,0,0,40,0,16,6,55,0,7,0,0,0,0,0,0,0,0,0,0,,,,,
Damien Williams,RB,KC,1,LAC,0,0,0,0,0,0,0,1,0,0,0,0,0,0,0,0,0,0,0,0,0,0,,,,,
Damiere Byrd,WR,CAR,1,DAL,0,0,0,0,0,0,0,0,0,0,0,0,0,0,0,0,0,0,0,0,0,0,,,,,
Daniel Carlson,K,MIN,1,SF,0,0,0,0,0,0,0,0,0,0,0,0,0,0,0,0,0,0,1,0,0,3,,,,,
Danny Amendola,WR,MIA,1,TEN,0,0,0,0,0,0,0,0,4,26,0,6,0,0,0,0,0,0,0,0,0,0,,,,,
Dante Pettis,WR,SF,1,MIN,0,0,0,0,0,0,0,0,2,61,1,5,0,0,0,0,0,0,0,0,0,0,,,,,
Darius Jennings,WR,TEN,1,MIA,0,0,0,0,0,0,0,0,0,0,0,0,1,0,0,0,0,0,0,0,0,0,,,,,
Darren Fells,TE,CLE,1,PIT,0,0,0,0,0,0,0,0,1,12,0,1,0,0,0,0,0,0,0,0,0,0,,,,,
Darren Sproles,RB,PHI,1,ATL,0,0,0,0,0,10,0,5,4,22,0,7,0,0,0,0,0,0,0,0,0,0,,,,,
Darrius Heyward-Bey,WR,PIT,1,CLE,0,0,0,0,0,0,0,0,0,0,0,0,0,0,0,0,0,0,0,0,0,0,,,,,
Davante Adams,WR,GB,1,CHI,0,0,0,0,0,0,0,0,5,88,1,8,0,0,0,0,0,0,0,0,0,0,,,,,
David Fluellen,RB,TEN,1,MIA,0,0,0,0,0,0,0,0,0,0,0,0,0,0,0,0,0,0,0,0,0,0,,,,,
David Johnson,RB,ARI,1,WAS,0,0,0,0,0,37,1,9,5,30,0,9,0,0,0,0,0,0,0,0,0,0,,,,,
David Moore,WR,SEA,1,DEN,0,0,0,0,0,0,0,0,0,0,0,1,0,0,0,0,0,0,0,0,0,0,,,,,
David Morgan,TE,MIN,1,SF,0,0,0,0,0,0,0,0,1,9,0,1,0,0,0,0,0,0,0,0,0,0,,,,,
David Njoku,TE,CLE,1,PIT,0,0,0,0,0,0,0,0,3,13,0,7,0,0,0,0,0,0,0,0,0,0,,,,,
De'Anthony Thomas,WR,KC,1,LAC,0,0,0,0,0,0,0,0,1,1,1,2,0,0,0,0,0,0,0,0,0,0,,,,,
DeAndre Carter,WR,PHI,1,ATL,0,0,0,0,0,0,0,0,1,10,0,1,0,0,0,0,0,0,0,0,0,0,,,,,
DeAndre Hopkins,WR,HOU,1,NE,0,0,0,0,0,-7,0,1,8,78,0,11,0,0,0,0,0,0,0,0,0,0,,,,,
DeSean Jackson,WR,TB,1,NO,0,0,0,0,0,0,0,0,5,146,2,5,0,0,0,0,0,0,0,0,0,0,,,,,
DeShone Kizer,QB,GB,1,CHI,55,0,7,4,1,0,0,0,0,0,0,0,0,0,0,0,0,0,0,0,0,0,,,,,
Dede Westbrook,WR,JAX,1,NYG,0,0,0,0,0,0,0,0,5,51,0,6,0,0,0,0,0,0,0,0,0,0,,,,,
Delanie Walker,TE,TEN,1,MIA,0,0,0,0,0,0,0,0,4,52,0,7,0,0,0,0,0,0,0,0,0,0,,,,,
Demaryius Thomas,WR,DEN,1,SEA,0,0,0,0,0,0,0,0,6,63,1,10,0,0,0,0,0,0,0,0,0,0,,,,,
Deonte Thompson,WR,DAL,1,CAR,0,0,0,0,0,0,0,0,3,27,0,5,0,0,0,0,0,0,0,0,0,0,,,,,
Derek Carr,QB,LV,1,LA,303,0,40,29,3,1,0,2,0,0,0,0,0,0,0,0,0,0,0,0,0,0,,,,,
Derek Carrier,TE,LV,1,LA,0,0,0,0,0,0,0,0,2,20,0,3,0,0,0,0,0,0,0,0,0,0,,,,,
Derrick Henry,RB,TEN,1,MIA,0,0,0,0,0,26,0,10,1,5,0,1,0,0,0,0,0,0,0,0,0,0,,,,,
Deshaun Watson,QB,HOU,1,NE,176,1,34,17,1,40,0,8,0,0,0,0,0,0,0,0,0,0,0,0,0,0,,,,,
Devin Funchess,WR,CAR,1,DAL,0,0,0,0,0,0,0,0,3,41,0,5,0,0,0,0,0,0,0,0,0,0,,,,,
Devonta Freeman,RB,ATL,1,PHI,0,0,0,0,0,36,0,6,3,14,0,5,0,0,0,0,0,0,0,0,0,0,,,,,
Devontae Booker,RB,DEN,1,SEA,0,0,0,0,0,4,0,2,2,11,0,2,0,0,0,0,0,0,0,0,0,0,,,,,
Dion Lewis,RB,TEN,1,MIA,0,0,0,0,0,75,1,16,5,35,0,8,0,0,0,0,0,0,0,0,0,0,,,,,
Dion Sims,TE,CHI,1,GB,0,0,0,0,0,0,0,0,2,9,0,3,0,0,0,0,0,0,0,0,0,0,,,,,
Donte Moncrief,WR,JAX,1,NYG,0,0,0,0,0,0,0,0,1,14,0,5,0,0,0,0,0,0,0,0,0,0,,,,,
Doug Baldwin,WR,SEA,1,DEN,0,0,0,0,0,0,0,0,0,0,0,1,0,0,0,0,0,0,0,0,0,0,,,,,
Doug Martin,RB,LV,1,LA,0,0,0,0,0,20,0,4,2,-3,0,2,0,0,0,0,0,0,0,0,0,0,,,,,
Drew Brees,QB,NO,1,TB,439,3,45,37,0,0,0,0,0,0,0,0,0,0,1,0,0,0,0,0,0,0,,,,,
Duke Johnson,RB,CLE,1,PIT,0,0,0,0,0,17,0,5,1,8,0,6,0,0,0,0,0,0,0,0,0,0,,,,,
Dustin Hopkins,K,WAS,1,ARI,0,0,0,0,0,0,0,0,0,0,0,0,0,0,0,0,0,1,0,0,0,3,,,,,
Dwayne Harris,WR,LV,1,LA,0,0,0,0,0,0,0,0,0,0,0,0,0,0,0,0,0,0,0,0,0,0,,,,,
Eli Manning,QB,NYG,1,JAX,224,0,37,23,1,2,0,1,0,0,0,0,0,0,0,0,0,0,0,0,0,0,,,,,
Emmanuel Sanders,WR,DEN,1,SEA,0,0,0,0,0,0,0,0,10,135,1,11,0,0,0,0,0,0,0,0,0,0,,,,,
Eric Ebron,TE,IND,1,CIN,0,0,0,0,0,0,0,0,4,51,1,5,0,0,0,0,0,0,0,0,0,0,,,,,
Eric Saubert,TE,ATL,1,PHI,0,0,0,0,0,0,0,0,0,0,0,1,0,0,0,0,0,0,0,0,0,0,,,,,
Eric Tomlinson,TE,NYJ,1,DET,0,0,0,0,0,0,0,0,1,7,0,1,0,0,0,0,0,0,0,0,0,0,,,,,
Erik Swoope,TE,IND,1,CIN,0,0,0,0,0,0,0,0,1,13,0,1,0,0,0,0,0,0,0,0,0,0,,,,,
Evan Engram,TE,NYG,1,JAX,0,0,0,0,0,0,0,0,2,18,0,5,0,0,0,0,0,0,0,0,0,0,,,,,
Ezekiel Elliott,RB,DAL,1,CAR,0,0,0,0,0,69,1,15,3,17,0,4,0,0,0,0,0,0,0,0,0,0,,,,,
Frank Gore,RB,MIA,1,TEN,0,0,0,0,0,61,0,9,0,0,0,0,0,0,0,0,0,0,0,0,0,0,,,,,
Freddie Martino,WR,TB,1,NO,0,0,0,0,0,0,0,0,0,0,0,1,0,0,0,0,0,0,0,0,0,0,,,,,
GB,DEF,GB,1,CHI,,,,,,,,,,,,,,,,,,,,,,,0,0,0,0,23.0
Garrett Celek,TE,SF,1,MIN,0,0,0,0,0,0,0,0,0,0,0,0,0,0,0,0,0,0,0,0,0,0,,,,,
Geoff Swaim,TE,DAL,1,CAR,0,0,0,0,0,0,0,0,3,18,0,4,0,0,0,0,0,0,0,0,0,0,,,,,
George Kittle,TE,SF,1,MIN,0,0,0,0,0,0,0,0,5,90,0,9,0,0,0,0,0,0,0,0,0,0,,,,,
Geronimo Allison,WR,GB,1,CHI,0,0,0,0,0,0,0,0,5,69,1,8,0,0,0,0,0,0,0,0,0,0,,,,,
Giovani Bernard,RB,CIN,1,IND,0,0,0,0,0,-2,0,1,1,11,0,1,0,0,0,0,0,0,0,0,0,0,,,,,
Golden Tate,WR,DET,1,NYJ,0,0,0,0,0,0,0,0,7,79,1,15,0,0,0,0,0,0,0,0,0,0,,,,,
Graham Gano,K,CAR,1,DAL,0,0,0,0,0,0,0,0,0,0,0,0,0,0,0,0,1,0,0,0,0,1,,,,,
Greg Olsen,TE,CAR,1,DAL,0,0,0,0,0,0,0,0,2,33,0,2,0,0,0,0,0,0,0,0,0,0,,,,,
Greg Zuerlein,K,LA,1,LV,0,0,0,0,0,0,0,0,0,0,0,0,0,0,0,0,3,0,0,1,0,3,,,,,
HOU,DEF,HOU,1,NE,,,,,,,,,,,,,,,,,,,,,,,0,0,0,0,27.0
Hakeem Valles,TE,DET,1,NYJ,0,0,0,0,0,0,0,0,1,5,0,2,0,0,0,0,0,0,0,0,0,0,,,,,
Harrison Butker,K,KC,1,LAC,0,0,0,0,0,0,0,0,0,0,0,0,0,0,0,0,0,0,1,0,0,5,,,,,
IND,DEF,IND,1,CIN,,,,,,,,,,,,,,,,,,,,,,,0,0,0,0,34.0
Ian Thomas,TE,CAR,1,DAL,0,0,0,0,0,0,0,0,2,4,0,2,0,0,0,0,0,0,0,0,0,0,,,,,
Isaiah Crowell,RB,NYJ,1,DET,0,0,0,0,0,102,2,10,0,0,0,0,0,0,0,0,0,0,0,0,0,0,,,,,
J.J. Jones,WR,LAC,1,KC,0,0,0,0,0,0,0,0,0,0,0,0,0,0,0,0,0,0,0,0,0,0,,,,,
JAX,DEF,JAX,1,NYG,,,,,,,,,,,,,,,,,,,,,,,1,0,0,0,15.0
Jack Doyle,TE,IND,1,CIN,0,0,0,0,0,0,0,0,7,60,0,10,0,0,0,0,0,0,0,0,0,0,,,,,
Jacquizz Rodgers,RB,TB,1,NO,0,0,0,0,0,1,0,2,1,2,0,1,0,0,0,0,0,0,0,0,0,0,,,,,
Jake Butt,TE,DEN,1,SEA,0,0,0,0,0,0,0,0,2,29,0,4,0,0,0,0,0,0,0,0,0,0,,,,,
Jake Elliott,K,PHI,1,ATL,0,0,0,0,0,0,0,0,0,0,0,0,0,0,0,0,1,0,0,0,0,1,,,,,
Jakeem Grant,WR,MIA,1,TEN,0,0,0,0,0,0,0,0,5,38,0,7,1,0,0,0,0,0,0,0,0,0,,,,,
Jalen Richard,RB,LV,1,LA,0,0,0,0,0,24,0,5,9,55,0,11,0,0,0,0,0,0,0,0,0,0,,,,,
Jamaal Williams,RB,GB,1,CHI,0,0,0,0,0,47,0,15,0,0,0,2,0,0,0,0,0,0,0,0,0,0,,,,,
Jamal Agnew,WR,DET,1,NYJ,0,0,0,0,0,0,0,0,0,0,0,0,0,0,0,0,0,0,0,0,0,0,,,,,
James Conner,RB,PIT,1,CLE,0,0,0,0,0,135,2,31,5,57,0,6,0,0,0,0,0,0,0,0,0,0,,,,,
James O'Shaughnessy,TE,JAX,1,NYG,0,0,0,0,0,0,0,0,0,0,0,2,0,0,0,0,0,0,0,0,0,0,,,,,
James White,RB,NE,1,HOU,0,0,0,0,0,18,0,5,4,38,1,9,0,0,0,0,0,0,0,0,0,0,,,,,
Jamison Crowder,WR,WAS,1,ARI,0,0,0,0,0,0,0,0,3,32,0,4,0,0,0,0,0,0,0,0,0,0,,,,,
Jamize Olawale,RB,DAL,1,CAR,0,0,0,0,0,0,0,0,0,0,0,0,0,0,0,0,0,0,0,0,0,0,,,,,
Janarion Grant,WR,BAL,1,BUF,0,0,0,0,0,0,0,0,0,0,0,0,0,0,0,0,0,0,0,0,0,0,,,,,
Jared Cook,TE,LV,1,LA,0,0,0,0,0,0,0,0,9,180,0,12,0,0,0,0,0,0,0,0,0,0,,,,,
Jared Goff,QB,LA,1,LV,233,2,33,18,0,-1,0,1,0,0,0,0,0,0,0,0,0,0,0,0,0,0,,,,,
Jarius Wright,WR,CAR,1,DAL,0,0,0,0,0,0,0,0,3,23,0,5,0,0,0,0,0,0,0,0,0,0,,,,,
Jaron Brown,WR,SEA,1,DEN,0,0,0,0,0,0,0,0,1,7,0,3,0,0,0,0,0,0,0,0,0,0,,,,,
Jarvis Landry,WR,CLE,1,PIT,0,0,0,0,0,0,0,0,7,106,0,15,0,0,0,0,0,0,0,0,0,0,,,,,
Jason Croom,TE,BUF,1,BAL,0,0,0,0,0,0,0,0,2,18,0,3,0,0,0,0,0,0,0,0,0,0,,,,,
Jason Myers,K,NYJ,1,DET,0,0,0,0,0,0,0,0,0,0,0,0,0,0,0,0,0,2,0,0,0,6,,,,,
Jason Sanders,K,MIA,1,TEN,0,0,0,0,0,0,0,0,0,0,0,0,0,0,0,0,1,1,0,0,0,3,,,,,
Javorius Allen,RB,BAL,1,BUF,0,0,0,0,0,17,1,4,5,15,0,6,0,0,0,0,0,0,0,0,0,0,,,,,
Jay Ajayi,RB,PHI,1,ATL,0,0,0,0,0,62,2,15,0,0,0,0,0,0,1,0,0,0,0,0,0,0,,,,,
Jaydon Mickens,WR,JAX,1,NYG,0,0,0,0,0,0,0,0,0,0,0,0,0,0,0,0,0,0,0,0,0,0,,,,,
Jeff Heuerman,TE,DEN,1,SEA,0,0,0,0,0,0,0,0,1,15,0,1,0,0,0,0,0,0,0,0,0,0,,,,,
Jeremy Hill,RB,NE,1,HOU,0,0,0,0,0,25,0,4,1,6,0,1,0,0,0,0,0,0,0,0,0,0,,,,,
Jeremy Kerley,WR,BUF,1,BAL,0,0,0,0,0,0,0,0,2,7,0,4,0,0,0,0,0,0,0,0,0,0,,,,,
Jesse James,TE,PIT,1,CLE,0,0,0,0,0,0,0,0,3,60,0,5,0,0,0,0,0,0,0,0,0,0,,,,,
Jimmy Garoppolo,QB,SF,1,MIN,261,1,33,15,3,6,0,2,0,0,0,0,0,0,0,0,0,0,0,0,0,0,,,,,
Jimmy Graham,TE,GB,1,CHI,0,0,0,0,0,0,0,0,2,8,0,4,0,0,0,0,0,0,0,0,0,0,,,,,
Joe Flacco,QB,BAL,1,BUF,236,3,34,25,0,3,0,2,0,0,0,0,0,0,0,0,0,0,0,0,0,0,,,,,
Joe Mixon,RB,CIN,1,IND,0,0,0,0,0,95,1,17,5,54,0,7,0,0,0,0,0,0,0,0,0,0,,,,,
John Brown,WR,BAL,1,BUF,0,0,0,0,0,1,0,1,3,44,1,4,0,0,0,0,0,0,0,0,0,0,,,,,
John Ross,WR,CIN,1,IND,0,0,0,0,0,0,0,0,1,3,1,2,0,0,0,0,0,0,0,0,0,0,,,,,
Jonathan Stewart,RB,NYG,1,JAX,0,0,0,0,0,8,0,2,0,0,0,0,0,0,0,0,0,0,0,0,0,0,,,,,
Jonathan Williams,RB,NO,1,TB,0,0,0,0,0,0,0,1,0,0,0,0,0,0,0,0,0,0,0,0,0,0,,,,,
Jonnu Smith,TE,TEN,1,MIA,0,0,0,0,0,0,0,0,1,12,0,3,0,0,0,0,0,0,0,0,0,0,,,,,
Jordan Akins,TE,HOU,1,NE,0,0,0,0,0,0,0,0,2,11,0,2,0,0,0,0,0,0,0,0,0,0,,,,,
Jordan Howard,RB,CHI,1,GB,0,0,0,0,0,82,0,15,5,25,0,5,0,0,0,0,0,0,0,0,0,0,,,,,
Jordan Reed,TE,WAS,1,ARI,0,0,0,0,0,0,0,0,4,48,1,5,0,0,0,0,0,0,0,0,0,0,,,,,
Jordan Wilkins,RB,IND,1,CIN,0,0,0,0,0,40,0,14,3,21,0,3,0,0,0,0,0,0,0,0,0,0,,,,,
Jordy Nelson,WR,LV,1,LA,0,0,0,0,0,0,0,0,3,23,0,4,0,0,0,0,0,0,0,0,0,0,,,,,
Josh Allen,QB,BUF,1,BAL,74,0,15,6,0,26,0,4,0,0,0,0,0,0,0,0,0,0,0,0,0,0,,,,,
Josh Bellamy,WR,CHI,1,GB,0,0,0,0,0,0,0,0,0,0,0,0,0,0,0,0,0,0,0,0,0,0,,,,,
Josh Doctson,WR,WAS,1,ARI,0,0,0,0,0,0,0,0,1,11,0,3,0,0,0,0,0,0,0,0,0,0,,,,,
Josh Gordon,WR,CLE,1,PIT,0,0,0,0,0,0,0,0,1,17,1,3,0,0,0,0,0,0,0,0,0,0,,,,,
Josh Hill,TE,NO,1,TB,0,0,0,0,0,0,0,0,1,15,0,1,0,0,0,0,0,0,0,0,0,0,,,,,
Josh Lambo,K,JAX,1,NYG,0,0,0,0,0,0,0,0,0,0,0,0,0,0,0,0,0,2,0,0,0,2,,,,,
JuJu Smith-Schuster,WR,PIT,1,CLE,0,0,0,0,0,0,0,0,5,119,0,8,0,0,0,0,0,0,0,0,0,0,,,,,
Julio Jones,WR,ATL,1,PHI,0,0,0,0,0,11,0,1,10,169,0,19,0,0,0,0,0,0,0,0,0,0,,,,,
Justin Hardy,WR,ATL,1,PHI,0,0,0,0,0,0,0,0,0,0,0,0,0,0,0,0,0,0,0,0,0,0,,,,,
Justin Hunter,WR,PIT,1,CLE,0,0,0,0,0,0,0,0,1,6,0,5,0,0,0,0,0,0,0,0,0,0,,,,,
Justin Tucker,K,BAL,1,BUF,0,0,0,0,0,0,0,0,0,0,0,0,0,0,0,0,0,1,1,0,0,5,,,,,
KC,DEF,KC,1,LAC,,,,,,,,,,,,,,,,,,,,,,,0,0,0,0,28.0
Ka'imi Fairbairn,K,HOU,1,NE,0,0,0,0,0,0,0,0,0,0,0,0,0,0,0,0,0,1,1,0,0,2,,,,,
Kaelin Clay,WR,NYG,1,JAX,0,0,0,0,0,0,0,0,0,0,0,0,0,0,0,0,0,0,0,0,0,0,,,,,
Kareem Hunt,RB,KC,1,LAC,0,0,0,0,0,49,0,16,0,0,0,1,0,0,0,0,0,0,0,0,0,0,,,,,
Keelan Cole,WR,JAX,1,NYG,0,0,0,0,0,0,0,0,3,54,0,4,0,0,0,0,0,0,0,0,0,0,,,,,
Keenan Allen,WR,LAC,1,KC,0,0,0,0,0,0,0,0,8,108,1,11,0,0,0,0,0,0,0,0,0,0,,,,,
Kelvin Benjamin,WR,BUF,1,BAL,0,0,0,0,0,0,0,0,1,10,0,7,0,0,0,0,0,0,0,0,0,0,,,,,
Kendrick Bourne,WR,SF,1,MIN,0,0,0,0,0,0,0,0,0,0,0,1,0,0,0,0,0,0,0,0,0,0,,,,,
Kenneth Dixon,RB,BAL,1,BUF,0,0,0,0,0,44,1,13,0,0,0,0,0,0,0,0,0,0,0,0,0,0,,,,,
Kenny Golladay,WR,DET,1,NYJ,0,0,0,0,0,0,0,0,7,114,0,12,0,0,0,0,0,0,0,0,0,0,,,,,
Kenny Stills,WR,MIA,1,TEN,0,0,0,0,0,0,0,0,4,106,2,5,0,0,0,0,0,0,0,0,0,0,,,,,
Kenyan Drake,RB,MIA,1,TEN,0,0,0,0,0,48,0,14,3,18,0,4,0,0,0,0,0,0,0,0,0,0,,,,,
Keon Hatcher,WR,LV,1,LA,0,0,0,0,0,0,0,0,0,0,0,0,0,0,0,0,0,0,0,0,0,0,,,,,
Kerryon Johnson,RB,DET,1,NYJ,0,0,0,0,0,17,0,5,3,20,0,3,0,0,0,0,0,0,0,0,0,0,,,,,
Kirk Cousins,QB,MIN,1,SF,244,2,36,20,0,26,0,4,0,0,0,0,0,0,0,0,0,0,0,0,0,0,,,,,
Kyle Juszczyk,RB,SF,1,MIN,0,0,0,0,0,0,0,0,1,56,0,2,0,0,0,0,0,0,0,0,0,0,,,,,
Kyle Rudolph,TE,MIN,1,SF,0,0,0,0,0,0,0,0,1,11,1,2,0,0,0,0,0,0,0,0,0,0,,,,,
LA,DEF,LA,1,LV,,,,,,,,,,,,,,,,,,,,,,,1,0,0,0,13.0
LAC,DEF,LAC,1,KC,,,,,,,,,,,,,,,,,,,,,,,0,0,0,0,38.0
LV,DEF,LV,1,LA,,,,,,,,,,,,,,,,,,,,,,,0,0,0,0,0.0
Lamar Jackson,QB,BAL,1,BUF,24,0,4,1,0,39,0,7,0,0,0,0,0,0,0,0,0,0,0,0,0,0,,,,,
Lamar Miller,RB,HOU,1,NE,0,0,0,0,0,98,0,20,1,11,0,2,0,0,0,0,0,0,0,0,0,0,,,,,
Lance Kendricks,TE,GB,1,CHI,0,0,0,0,0,0,0,0,1,13,0,1,0,0,0,0,0,0,0,0,0,0,,,,,
Laquon Treadwell,WR,MIN,1,SF,0,0,0,0,0,0,0,0,2,18,0,4,0,0,0,0,0,0,0,0,0,0,,,,,
Larry Fitzgerald,WR,ARI,1,WAS,0,0,0,0,0,0,0,0,7,76,0,10,0,0,0,0,0,0,0,0,0,0,,,,,
Latavius Murray,RB,MIN,1,SF,0,0,0,0,0,42,0,11,0,0,0,0,0,0,0,0,0,0,0,0,0,0,,,,,
LeGarrette Blount,RB,DET,1,NYJ,0,0,0,0,0,-3,0,4,0,0,0,0,0,0,0,0,0,0,0,0,0,0,,,,,
LeSean McCoy,RB,BUF,1,BAL,0,0,0,0,0,22,0,7,1,-1,0,3,0,0,0,0,0,0,0,0,0,0,,,,,
Lee Smith,TE,LV,1,LA,0,0,0,0,0,0,0,0,0,0,0,0,0,0,0,0,0,0,0,0,0,0,,,,,
Leonard Fournette,RB,JAX,1,NYG,0,0,0,0,0,41,0,9,3,14,0,3,0,0,0,0,0,0,0,0,0,0,,,,,
Levine Toilolo,TE,DET,1,NYJ,0,0,0,0,0,0,0,0,1,7,0,1,0,0,0,0,0,0,0,0,0,0,,,,,
Logan Paulsen,TE,ATL,1,PHI,0,0,0,0,0,0,0,0,0,0,0,0,0,0,0,0,0,0,0,0,0,0,,,,,
Logan Thomas,TE,BUF,1,BAL,0,0,0,0,0,0,0,0,1,24,0,2,0,0,0,0,0,0,0,0,0,0,,,,,
Luke Stocker,TE,TEN,1,MIA,0,0,0,0,0,0,0,0,2,37,0,2,0,0,0,0,0,0,0,0,0,0,,,,,
Luke Willson,TE,DET,1,NYJ,0,0,0,0,0,0,0,0,0,0,0,1,0,0,0,0,0,0,0,0,0,0,,,,,
MIA,DEF,MIA,1,TEN,,,,,,,,,,,,,,,,,,,,,,,0,0,0,0,20.0
MIN,DEF,MIN,1,SF,,,,,,,,,,,,,,,,,,,,,,,1,0,0,0,16.0
Malcolm Brown,RB,LA,1,LV,0,0,0,0,0,5,0,1,2,18,0,2,0,0,0,0,0,0,0,0,0,0,,,,,
Marcus Kemp,WR,KC,1,LAC,0,0,0,0,0,0,0,0,0,0,0,0,0,0,0,0,0,0,0,0,0,0,,,,,
Marcus Mariota,QB,TEN,1,MIA,103,0,16,9,2,15,0,3,0,0,0,0,0,0,0,0,0,0,0,0,0,0,,,,,
Marcus Murphy,RB,BUF,1,BAL,0,0,0,0,0,31,0,6,0,0,0,2,0,0,0,0,0,0,0,0,0,0,,,,,
Mark Andrews,TE,BAL,1,BUF,0,0,0,0,0,0,0,0,3,31,0,4,0,0,0,0,0,0,0,0,0,0,,,,,
Marquez Valdes-Scantling,WR,GB,1,CHI,0,0,0,0,0,0,0,0,0,0,0,0,0,0,0,0,0,0,0,0,0,0,,,,,
Marquise Goodwin,WR,SF,1,MIN,0,0,0,0,0,0,0,0,0,0,0,1,0,0,0,0,0,0,0,0,0,0,,,,,
Marshawn Lynch,RB,LV,1,LA,0,0,0,0,0,41,1,11,2,8,0,2,0,0,0,0,0,0,0,0,0,0,,,,,
Marvin Jones,WR,DET,1,NYJ,0,0,0,0,0,0,0,0,4,54,0,8,0,0,0,0,0,0,0,0,0,0,,,,,
Mason Crosby,K,GB,1,CHI,0,0,0,0,0,0,0,0,0,0,0,0,0,0,0,0,0,0,1,0,0,3,,,,,
Matt Breida,RB,SF,1,MIN,0,0,0,0,0,46,0,11,1,5,0,2,0,0,0,0,0,0,0,0,0,0,,,,,
Matt Bryant,K,ATL,1,PHI,0,0,0,0,0,0,0,0,0,0,0,0,0,0,0,0,1,0,0,1,0,0,,,,,
Matt Cassel,QB,DET,1,NYJ,14,0,6,2,1,-1,0,1,0,0,0,0,0,0,0,0,0,0,0,0,0,0,,,,,
Matt LaCosse,TE,DEN,1,SEA,0,0,0,0,0,0,0,0,0,0,0,1,0,0,0,0,0,0,0,0,0,0,,,,,
Matt Prater,K,DET,1,NYJ,0,0,0,0,0,0,0,0,0,0,0,0,0,0,0,0,1,0,0,0,0,2,,,,,
Matt Ryan,QB,ATL,1,PHI,251,0,43,21,1,8,0,2,0,0,0,0,0,0,0,0,0,0,0,0,0,0,,,,,
Matthew Slater,WR,NE,1,HOU,0,0,0,0,0,0,0,0,0,0,0,0,0,0,0,0,0,0,0,0,0,0,,,,,
Matthew Stafford,QB,DET,1,NYJ,286,1,46,27,4,6,0,1,0,0,0,0,0,0,0,0,0,0,0,0,0,0,,,,,
Maxx Williams,TE,BAL,1,BUF,0,0,0,0,0,0,0,0,3,32,0,3,0,0,0,0,0,0,0,0,0,0,,,,,
Melvin Gordon,RB,LAC,1,KC,0,0,0,0,0,64,0,15,9,102,0,13,0,0,1,0,0,0,0,0,0,0,,,,,
Michael Crabtree,WR,BAL,1,BUF,0,0,0,0,0,0,0,0,3,38,1,6,0,0,0,0,0,0,0,0,0,0,,,,,
Michael Gallup,WR,DAL,1,CAR,0,0,0,0,0,0,0,0,1,9,0,1,0,0,0,0,0,0,0,0,0,0,,,,,
Michael Roberts,TE,DET,1,NYJ,0,0,0,0,0,0,0,0,0,0,0,0,0,0,0,0,0,0,0,0,0,0,,,,,
Michael Thomas,WR,NO,1,TB,0,0,0,0,0,0,0,0,16,180,1,17,0,0,0,0,0,0,0,0,0,0,,,,,
Mike Evans,WR,TB,1,NO,0,0,0,0,0,0,0,0,7,147,1,7,0,0,0,0,0,0,0,0,0,0,,,,,
Mike Gesicki,TE,MIA,1,TEN,0,0,0,0,0,0,0,0,1,11,0,2,0,0,0,0,0,0,0,0,0,0,,,,,
Mike Gillislee,RB,NO,1,TB,0,0,0,0,0,9,0,3,0,0,0,0,0,0,0,0,0,0,0,0,0,0,,,,,
Mike Nugent,K,LV,1,LA,0,0,0,0,0,0,0,0,0,0,0,0,0,0,0,0,1,0,1,0,0,1,,,,,
Mike Wallace,WR,PHI,1,ATL,0,0,0,0,0,0,0,0,0,0,0,3,0,0,0,0,0,0,0,0,0,0,,,,,
Mike Williams,WR,LAC,1,KC,0,0,0,0,0,0,0,0,5,81,0,6,0,0,0,0,0,0,0,0,0,0,,,,,
Mitchell Trubisky,QB,CHI,1,GB,171,0,35,23,0,32,1,7,0,0,0,0,0,0,0,0,0,0,0,0,0,0,,,,,
Mohamed Sanu,WR,ATL,1,PHI,0,0,0,0,0,0,0,0,4,18,0,6,0,0,0,0,0,0,0,0,0,0,,,,,
NE,DEF,NE,1,HOU,,,,,,,,,,,,,,,,,,,,,,,0,0,0,0,20.0
NO,DEF,NO,1,TB,,,,,,,,,,,,,,,,,,,,,,,0,0,0,0,48.0
NYG,DEF,NYG,1,JAX,,,,,,,,,,,,,,,,,,,,,,,0,0,0,0,20.0
NYJ,DEF,NYJ,1,DET,,,,,,,,,,,,,,,,,,,,,,,1,0,0,0,17.0
Nathan Peterman,QB,BUF,1,BAL,24,0,18,5,2,1,0,1,0,0,0,0,0,0,0,0,0,0,0,0,0,0,,,,,
Neal Sterling,TE,NYJ,1,DET,0,0,0,0,0,0,0,0,3,27,0,3,0,0,0,0,0,0,0,0,0,0,,,,,
Nelson Agholor,WR,PHI,1,ATL,15,0,1,1,0,16,0,1,8,33,0,10,0,0,0,0,0,0,0,0,0,0,,,,,
Nick Boyle,TE,BAL,1,BUF,0,0,0,0,0,0,0,0,3,40,0,6,0,0,0,0,0,0,0,0,0,0,,,,,
Nick Chubb,RB,CLE,1,PIT,0,0,0,0,0,21,0,3,0,0,0,0,0,0,0,0,0,0,0,0,0,0,,,,,
Nick Foles,QB,PHI,1,ATL,117,0,34,19,1,-1,0,1,1,15,0,1,0,0,0,0,0,0,0,0,0,0,,,,,
Nick Vannett,TE,SEA,1,DEN,0,0,0,0,0,0,0,0,1,11,0,2,0,0,0,0,0,0,0,0,0,0,,,,,
Niles Paul,TE,JAX,1,NYG,0,0,0,0,0,0,0,0,0,0,0,1,0,0,0,0,0,0,0,0,0,0,,,,,
Nyheim Hines,RB,IND,1,CIN,0,0,0,0,0,19,0,5,7,33,0,9,0,0,0,0,0,0,0,0,0,0,,,,,
O.J. Howard,TE,TB,1,NO,0,0,0,0,0,0,0,0,2,54,0,2,0,0,0,0,0,0,0,0,0,0,,,,,
Odell Beckham Jr.,WR,NYG,1,JAX,0,0,0,0,0,-1,0,1,11,111,0,15,0,0,0,0,0,0,0,0,0,0,,,,,
Orson Charles,TE,CLE,1,PIT,0,0,0,0,0,0,0,0,0,0,0,0,0,0,0,0,0,0,0,0,0,0,,,,,
PHI,DEF,PHI,1,ATL,,,,,,,,,,,,,,,,,,,,,,,0,0,0,0,12.0
PIT,DEF,PIT,1,CLE,,,,,,,,,,,,,,,,,,,,,,,0,0,0,0,21.0
Patrick DiMarco,RB,BUF,1,BAL,0,0,0,0,0,0,0,0,0,0,0,0,0,0,0,0,0,0,0,0,0,0,,,,,
Patrick Mahomes,QB,KC,1,LAC,256,4,27,15,0,21,0,5,0,0,0,0,0,0,0,0,0,0,0,0,0,0,,,,,
Patrick Ricard,RB,BAL,1,BUF,0,0,0,0,0,0,0,0,0,0,0,0,0,0,0,0,0,0,0,0,0,0,,,,,
Paul Richardson,WR,WAS,1,ARI,0,0,0,0,0,0,0,0,4,22,0,6,0,0,0,0,0,0,0,0,0,0,,,,,
Peyton Barber,RB,TB,1,NO,0,0,0,0,0,69,0,19,0,0,0,0,0,0,0,0,0,0,0,0,0,0,,,,,
Pharoh Cooper,WR,LA,1,LV,0,0,0,0,0,0,0,0,0,0,0,0,0,0,0,0,0,0,0,0,0,0,,,,,
Phil Dawson,K,ARI,1,WAS,0,0,0,0,0,0,0,0,0,0,0,0,0,0,0,0,0,0,0,0,0,0,,,,,
Philip Rivers,QB,LAC,1,KC,424,3,51,34,1,0,0,0,0,0,0,0,0,0,1,0,0,0,0,0,0,0,,,,,
Phillip Dorsett,WR,NE,1,HOU,0,0,0,0,0,0,0,0,7,66,1,7,0,0,0,0,0,0,0,0,0,0,,,,,
Phillip Lindsay,RB,DEN,1,SEA,0,0,0,0,0,71,0,15,2,31,1,3,0,0,0,0,0,0,0,0,0,0,,,,,
Pierre Garcon,WR,SF,1,MIN,0,0,0,0,0,0,0,0,2,21,0,6,0,0,0,0,0,0,0,0,0,0,,,,,
Quincy Enunwa,WR,NYJ,1,DET,0,0,0,0,0,0,0,0,6,63,1,9,0,0,0,0,0,0,0,0,0,0,,,,,
Raheem Mostert,RB,SF,1,MIN,0,0,0,0,0,0,0,0,0,0,0,0,0,0,0,0,0,0,0,0,0,0,,,,,
Randall Cobb,WR,GB,1,CHI,0,0,0,0,0,0,0,0,9,142,1,10,0,0,0,0,0,0,0,0,0,0,,,,,
Randy Bullock,K,CIN,1,IND,0,0,0,0,0,0,0,0,0,0,0,0,0,0,0,0,0,1,1,0,0,4,,,,,
Rashaad Penny,RB,SEA,1,DEN,0,0,0,0,0,8,0,7,4,35,0,5,0,0,0,0,0,0,0,0,0,0,,,,,
Rashard Higgins,WR,CLE,1,PIT,0,0,0,0,0,0,0,0,1,38,0,3,0,0,0,0,0,0,0,0,0,0,,,,,
Rex Burkhead,RB,NE,1,HOU,0,0,0,0,0,64,0,18,1,5,0,3,0,0,0,0,0,0,0,0,0,0,,,,,
Rhett Ellison,TE,NYG,1,JAX,0,0,0,0,0,0,0,0,1,16,0,1,0,0,0,0,0,0,0,0,0,0,,,,,
Ricky Seals-Jones,TE,ARI,1,WAS,0,0,0,0,0,0,0,0,3,19,0,6,0,0,0,0,0,0,0,0,0,0,,,,,
Riley McCarron,WR,NE,1,HOU,0,0,0,0,0,0,0,0,0,0,0,1,0,0,0,0,0,0,0,0,0,0,,,,,
Rishard Matthews,WR,TEN,1,MIA,0,0,0,0,0,0,0,0,0,0,0,0,0,0,0,0,0,0,0,0,0,0,,,,,
Rob Gronkowski,TE,NE,1,HOU,0,0,0,0,0,0,0,0,7,123,1,8,0,0,0,0,0,0,0,0,0,0,,,,,
Rob Kelley,RB,WAS,1,ARI,0,0,0,0,0,7,0,3,0,0,0,0,0,0,0,0,0,0,0,0,0,0,,,,,
Robbie Chosen,WR,NYJ,1,DET,0,0,0,0,0,-9,0,1,1,41,1,1,0,0,0,0,0,0,0,0,0,0,,,,,
Robbie Gould,K,SF,1,MIN,0,0,0,0,0,0,0,0,0,0,0,0,0,0,0,0,1,1,1,0,0,1,,,,,
Robert Foster,WR,BUF,1,BAL,0,0,0,0,0,0,0,0,0,0,0,2,0,0,0,0,0,0,0,0,0,0,,,,,
Robert Woods,WR,LA,1,LV,0,0,0,0,0,6,0,1,3,37,0,9,0,0,0,0,0,0,0,0,0,0,,,,,
Rod Smith,RB,DAL,1,CAR,0,0,0,0,0,5,0,1,0,0,0,1,0,0,0,0,0,0,0,0,0,0,,,,,
Royce Freeman,RB,DEN,1,SEA,0,0,0,0,0,71,0,15,0,0,0,0,0,0,0,0,0,0,0,0,0,0,,,,,
Russell Wilson,QB,SEA,1,DEN,298,3,33,19,2,5,0,2,0,0,0,0,0,0,0,0,0,0,0,0,0,0,,,,,
Ryan Fitzpatrick,QB,TB,1,NO,417,4,28,21,0,36,1,12,0,0,0,0,0,0,0,0,0,0,0,0,0,0,,,,,
Ryan Grant,WR,IND,1,CIN,0,0,0,0,0,0,0,0,8,59,0,9,0,0,0,0,0,0,0,0,0,0,,,,,
Ryan Griffin,TE,HOU,1,NE,0,0,0,0,0,0,0,0,0,0,0,5,0,0,0,0,0,0,0,0,0,0,,,,,
Ryan Succop,K,TEN,1,MIA,0,0,0,0,0,0,0,0,0,0,0,0,0,0,0,0,0,0,1,1,0,2,,,,,
Ryan Switzer,WR,PIT,1,CLE,0,0,0,0,0,8,0,1,0,0,0,1,0,0,0,0,0,0,0,0,0,0,,,,,
Ryan Tannehill,QB,MIA,1,TEN,230,2,28,20,2,4,0,4,0,0,0,0,0,0,0,0,0,0,0,0,0,0,,,,,
SEA,DEF,SEA,1,DEN,,,,,,,,,,,,,,,,,,,,,,,0,0,0,0,27.0
SF,DEF,SF,1,MIN,,,,,,,,,,,,,,,,,,,,,,,0,0,0,0,24.0
Sam Bradford,QB,ARI,1,WAS,153,0,34,20,1,7,0,2,0,0,0,0,0,0,0,0,0,0,0,0,0,0,,,,,
Sam Darnold,QB,NYJ,1,DET,198,2,21,16,1,-1,0,6,0,0,0,0,0,0,0,0,0,0,0,0,0,0,,,,,
Sammie Coates,WR,HOU,1,NE,0,0,0,0,0,0,0,0,0,0,0,1,0,0,0,0,0,0,0,0,0,0,,,,,
Sammy Watkins,WR,KC,1,LAC,0,0,0,0,0,0,0,0,3,21,0,5,0,0,0,0,0,0,0,0,0,0,,,,,
Saquon Barkley,RB,NYG,1,JAX,0,0,0,0,0,106,1,18,2,22,0,6,0,0,0,0,0,0,0,0,0,0,,,,,
Sebastian Janikowski,K,SEA,1,DEN,0,0,0,0,0,0,0,0,0,0,0,0,0,0,0,0,0,1,0,0,0,3,,,,,
Seth Roberts,WR,LV,1,LA,0,0,0,0,0,0,0,0,1,11,0,1,0,0,0,0,0,0,0,0,0,0,,,,,
Shaun Wilson,RB,TB,1,NO,0,0,0,0,0,6,0,1,0,0,0,0,0,0,0,0,0,0,0,0,0,0,,,,,
Shelton Gibson,WR,PHI,1,ATL,0,0,0,0,0,0,0,0,0,0,0,0,0,0,0,0,0,0,0,0,0,0,,,,,
Spencer Ware,RB,KC,1,LAC,0,0,0,0,0,32,0,3,1,8,0,1,0,0,0,0,0,0,0,0,0,0,,,,,
Stefon Diggs,WR,MIN,1,SF,0,0,0,0,0,8,0,1,3,43,1,6,0,0,0,0,0,0,0,0,0,0,,,,,
Stephen Gostkowski,K,NE,1,HOU,0,0,0,0,0,0,0,0,0,0,0,0,0,0,0,0,0,2,0,0,0,3,,,,,
Sterling Shepard,WR,NYG,1,JAX,0,0,0,0,0,0,0,0,5,48,0,7,0,0,0,0,0,0,0,0,0,0,,,,,
Steven Hauschka,K,BUF,1,BAL,0,0,0,0,0,0,0,0,0,0,0,0,0,0,0,0,0,1,0,0,0,0,,,,,
T.J. Jones,WR,DET,1,NYJ,0,0,0,0,0,0,0,0,1,6,0,3,0,0,0,0,0,0,0,0,0,0,,,,,
T.J. Yeldon,RB,JAX,1,NYG,0,0,0,0,0,51,0,14,3,18,1,7,0,0,0,0,0,0,0,0,0,0,,,,,
T.Y. Hilton,WR,IND,1,CIN,0,0,0,0,0,0,0,0,5,46,1,11,0,0,0,0,0,0,0,0,0,0,,,,,
TB,DEF,TB,1,NO,,,,,,,,,,,,,,,,,,,,,,,0,0,0,0,40.0
TEN,DEF,TEN,1,MIA,,,,,,,,,,,,,,,,,,,,,,,0,0,0,0,27.0
Taiwan Jones,RB,BUF,1,BAL,0,0,0,0,0,0,0,0,0,0,0,0,0,0,0,0,0,0,0,0,0,0,,,,,
Tajae Sharpe,WR,TEN,1,MIA,0,0,0,0,0,0,0,0,1,17,0,3,0,0,0,0,0,0,0,0,0,0,,,,,
Tarik Cohen,RB,CHI,1,GB,0,0,0,0,0,25,0,5,3,16,0,4,0,0,0,0,0,0,0,0,0,0,,,,,
Tavon Austin,WR,DAL,1,CAR,0,0,0,0,0,1,0,1,0,0,0,0,0,0,0,0,0,0,0,0,0,0,,,,,
Taylor Gabriel,WR,CHI,1,GB,0,0,0,0,0,0,0,0,5,25,0,5,0,0,0,0,0,0,0,0,0,0,,,,,
Taywan Taylor,WR,TEN,1,MIA,0,0,0,0,0,0,0,0,0,0,0,1,0,0,0,0,0,0,0,0,0,0,,,,,
Ted Ginn,WR,NO,1,TB,0,0,0,0,0,5,0,1,5,68,1,6,0,0,1,0,0,0,0,0,0,0,,,,,
Terrance Williams,WR,DAL,1,CAR,0,0,0,0,0,0,0,0,1,6,0,2,0,0,0,0,0,0,0,0,0,0,,,,,
Terrelle Pryor,WR,NYJ,1,DET,0,0,0,0,0,0,0,0,3,49,0,3,0,0,0,0,0,0,0,0,0,0,,,,,
Tevin Coleman,RB,ATL,1,PHI,0,0,0,0,0,19,1,9,1,26,0,2,0,0,0,0,0,0,0,0,0,0,,,,,
Theo Riddick,RB,DET,1,NYJ,0,0,0,0,0,20,0,4,5,15,0,7,0,0,0,0,0,0,0,0,0,0,,,,,
Tim Patrick,WR,DEN,1,SEA,0,0,0,0,0,0,0,0,0,0,0,2,0,0,0,0,0,0,0,0,0,0,,,,,
Todd Gurley,RB,LA,1,LV,0,0,0,0,0,108,0,20,3,39,1,5,0,0,0,0,0,0,0,0,0,0,,,,,
Tom Brady,QB,NE,1,HOU,277,3,39,26,1,2,0,1,0,0,0,0,0,0,0,0,0,0,0,0,0,0,,,,,
Tommylee Lewis,WR,NO,1,TB,0,0,0,0,0,0,0,0,0,0,0,0,0,0,0,0,0,0,0,0,0,0,,,,,
Torrey Smith,WR,CAR,1,DAL,0,0,0,0,0,0,0,0,1,15,0,2,0,0,0,0,0,0,0,0,0,0,,,,,
Tra Carson,RB,CIN,1,IND,0,0,0,0,0,0,0,0,0,0,0,0,0,0,0,0,0,0,0,0,0,0,,,,,
Travis Benjamin,WR,LAC,1,KC,0,0,0,0,0,19,0,1,1,1,0,5,0,0,0,0,0,0,0,0,0,0,,,,,
Travis Kelce,TE,KC,1,LAC,0,0,0,0,0,0,0,0,1,6,0,6,0,0,0,0,0,0,0,0,0,0,,,,,
Tre'Quan Smith,WR,NO,1,TB,0,0,0,0,0,0,0,0,0,0,0,1,0,0,0,0,0,0,0,0,0,0,,,,,
Trent Taylor,WR,SF,1,MIN,0,0,0,0,0,0,0,0,4,28,0,6,0,0,0,0,0,0,0,0,0,0,,,,,
Trenton Cannon,RB,NYJ,1,DET,0,0,0,0,0,15,0,6,1,6,0,1,0,0,0,0,0,0,0,0,0,0,,,,,
Trey Burton,TE,CHI,1,GB,0,0,0,0,0,0,0,0,1,15,0,5,0,0,0,0,0,0,0,0,0,0,,,,,
Trey Quinn,WR,WAS,1,ARI,0,0,0,0,0,0,0,0,0,0,0,0,0,0,0,0,0,0,0,0,0,0,,,,,
Ty Montgomery,WR,GB,1,CHI,0,0,0,0,0,7,0,2,2,21,0,3,0,0,0,0,0,0,0,0,0,0,,,,,
Tyler Boyd,WR,CIN,1,IND,0,0,0,0,0,0,0,0,3,26,0,5,0,0,0,0,0,0,0,0,0,0,,,,,
Tyler Conklin,TE,MIN,1,SF,0,0,0,0,0,0,0,0,1,6,0,1,0,0,0,0,0,0,0,0,0,0,,,,,
Tyler Eifert,TE,CIN,1,IND,0,0,0,0,0,0,0,0,3,44,0,3,0,0,0,0,0,0,0,0,0,0,,,,,
Tyler Ervin,RB,HOU,1,NE,0,0,0,0,0,0,0,0,1,12,0,1,0,0,0,0,0,0,0,0,0,0,,,,,
Tyler Kroft,TE,CIN,1,IND,0,0,0,0,0,0,0,0,1,9,0,1,0,0,0,0,0,0,0,0,0,0,,,,,
Tyler Lockett,WR,SEA,1,DEN,0,0,0,0,0,0,0,0,3,59,1,4,0,0,0,0,0,0,0,0,0,0,,,,,
Tyreek Hill,WR,KC,1,LAC,0,0,0,0,0,4,0,2,7,169,2,8,1,0,0,0,0,0,0,0,0,0,,,,,
Tyrell Williams,WR,LAC,1,KC,0,0,0,0,0,0,0,0,2,8,1,5,0,0,0,0,0,0,0,0,0,0,,,,,
Tyrod Taylor,QB,CLE,1,PIT,197,1,40,15,1,77,1,8,0,0,0,0,0,0,0,0,0,0,0,0,0,0,,,,,
Vernon Davis,TE,WAS,1,ARI,0,0,0,0,0,0,0,0,1,9,0,1,0,0,0,0,0,0,0,0,0,0,,,,,
Virgil Green,TE,LAC,1,KC,0,0,0,0,0,0,0,0,2,21,0,2,0,0,0,0,0,0,0,0,0,0,,,,,
Vyncint Smith,WR,HOU,1,NE,0,0,0,0,0,0,0,0,0,0,0,2,0,0,0,0,0,0,0,0,0,0,,,,,
WAS,DEF,WAS,1,ARI,,,,,,,,,,,,,,,,,,,,,,,0,0,0,0,6.0
Wayne Gallman,RB,NYG,1,JAX,0,0,0,0,0,-1,0,1,2,9,0,2,0,0,0,0,0,0,0,0,0,0,,,,,
Wendell Smallwood,RB,PHI,1,ATL,0,0,0,0,0,0,0,0,0,0,0,0,0,0,0,0,0,0,0,0,0,0,,,,,
Wil Lutz,K,NO,1,TB,0,0,0,0,0,0,0,0,0,0,0,0,0,0,0,0,0,1,0,0,0,3,,,,,
Will Dissly,TE,SEA,1,DEN,0,0,0,0,0,0,0,0,3,105,1,5,0,0,0,0,0,0,0,0,0,0,,,,,
Willie Snead,WR,BAL,1,BUF,0,0,0,0,0,0,0,0,4,49,1,6,0,0,0,0,0,0,0,0,0,0,,,,,
Zach Ertz,TE,PHI,1,ATL,0,0,0,0,0,0,0,0,5,48,0,10,0,0,0,0,0,0,0,0,0,0,,,,,
Zach Pascal,WR,IND,1,CIN,0,0,0,0,0,0,0,0,1,18,0,1,0,0,0,0,0,0,0,0,0,0,,,,,
Zane Gonzalez,K,CLE,1,PIT,0,0,0,0,0,0,0,0,0,0,0,0,0,0,0,0,0,0,0,0,0,3,,,,,
Zay Jones,WR,BUF,1,BAL,0,0,0,0,0,0,0,0,3,26,0,6,0,0,0,0,0,0,0,0,0,0,,,,,
A.J. Derby,TE,MIA,2,NYJ,0,0,0,0,0,0,0,0,1,19,1,2,0,0,0,0,0,0,0,0,0,0,,,,,
A.J. Green,WR,CIN,2,BAL,0,0,0,0,0,0,0,0,5,69,3,9,0,0,0,0,0,0,0,0,0,0,,,,,
ARI,DEF,ARI,2,LA,,,,,,,,,,,,,,,,,,,,,,,0,0,0,0,34.0
ATL,DEF,ATL,2,CAR,,,,,,,,,,,,,,,,,,,,,,,0,0,0,0,24.0
Aaron Rodgers,QB,GB,2,MIN,281,1,42,30,0,8,0,3,0,0,0,0,0,0,0,0,0,0,0,0,0,0,,,,,
Adam Humphries,WR,TB,2,PHI,0,0,0,0,0,0,0,0,1,8,0,2,0,0,0,0,0,0,0,0,0,0,,,,,
Adam Thielen,WR,MIN,2,GB,0,0,0,0,0,0,0,0,12,131,1,13,0,0,0,0,0,0,0,0,0,0,,,,,
Adam Vinatieri,K,IND,2,WAS,0,0,0,0,0,0,0,0,0,0,0,0,0,0,0,0,0,0,0,0,0,3,,,,,
Adrian Peterson,RB,WAS,2,IND,0,0,0,0,0,20,0,11,3,30,0,3,0,0,0,0,0,0,0,0,0,0,,,,,
Albert Wilson,WR,MIA,2,NYJ,0,0,0,0,0,8,0,2,3,37,1,5,0,0,0,0,0,0,0,0,0,0,,,,,
Aldrick Rosas,K,NYG,2,DAL,0,0,0,0,0,0,0,0,0,0,0,0,0,0,0,0,1,1,0,0,0,1,,,,,
Alex Armah,RB,CAR,2,ATL,0,0,0,0,0,4,0,1,0,0,0,0,0,0,0,0,0,0,0,0,0,0,,,,,
Alex Collins,RB,BAL,2,CIN,0,0,0,0,0,35,0,9,3,55,0,4,0,0,0,0,0,0,0,0,0,0,,,,,
Alex Erickson,WR,CIN,2,BAL,0,0,0,0,0,0,0,0,0,0,0,0,0,0,0,0,0,0,0,0,0,0,,,,,
Alex Smith,QB,WAS,2,IND,292,0,46,33,0,14,0,4,0,0,0,0,0,0,0,0,0,0,0,0,0,0,,,,,
Alfred Blue,RB,HOU,2,TEN,0,0,0,0,0,36,0,7,0,0,0,0,0,0,0,0,0,0,0,0,0,0,,,,,
Alfred Morris,RB,SF,2,DET,0,0,0,0,0,48,0,14,2,32,0,2,0,0,0,0,0,0,0,0,0,0,,,,,
Allen Hurns,WR,DAL,2,NYG,0,0,0,0,0,0,0,0,1,9,0,2,0,0,0,0,0,0,0,0,0,0,,,,,
Allen Robinson,WR,CHI,2,SEA,0,0,0,0,0,0,0,0,10,83,0,14,0,0,0,0,0,0,0,0,0,0,,,,,
Alvin Kamara,RB,NO,2,CLE,0,0,0,0,0,46,0,13,6,53,0,6,0,0,1,0,0,0,0,0,0,0,,,,,
Amari Cooper,WR,LV,2,DEN,0,0,0,0,0,0,0,0,10,116,0,10,0,0,0,0,0,0,0,0,0,0,,,,,
Andre Holmes,WR,BUF,2,LAC,0,0,0,0,0,0,0,0,0,0,0,4,0,0,0,0,0,0,0,0,0,0,,,,,
Andre Roberts,WR,NYJ,2,MIA,0,0,0,0,0,0,0,0,0,0,0,0,0,0,0,0,0,0,0,0,0,0,,,,,
Andrew Luck,QB,IND,2,WAS,179,2,31,21,2,2,0,4,0,0,0,0,0,0,0,0,0,0,0,0,0,0,,,,,
Andy Dalton,QB,CIN,2,BAL,265,4,42,24,0,0,0,0,0,0,0,0,0,0,0,0,0,0,0,0,0,0,,,,,
Anthony Miller,WR,CHI,2,SEA,0,0,0,0,0,0,0,0,2,11,1,3,0,0,0,0,0,0,0,0,0,0,,,,,
Antonio Brown,WR,PIT,2,KC,0,0,0,0,0,0,0,0,9,67,0,17,0,0,0,0,0,0,0,0,0,0,,,,,
Antonio Callaway,WR,CLE,2,NO,0,0,0,0,0,7,0,2,3,81,1,4,0,0,0,0,0,0,0,0,0,0,,,,,
Antonio Gates,TE,LAC,2,BUF,0,0,0,0,0,0,0,0,0,0,0,1,0,0,0,0,0,0,0,0,0,0,,,,,
Austin Carr,WR,NO,2,CLE,0,0,0,0,0,0,0,0,0,0,0,1,0,0,0,0,0,0,0,0,0,0,,,,,
Austin Ekeler,RB,LAC,2,BUF,0,0,0,0,0,77,0,11,3,21,0,3,0,0,0,0,0,0,0,0,0,0,,,,,
Austin Hooper,TE,ATL,2,CAR,0,0,0,0,0,0,0,0,5,59,1,5,0,0,0,0,0,0,0,0,0,0,,,,,
Austin Seferian-Jenkins,TE,JAX,2,NE,0,0,0,0,0,0,0,0,3,23,1,4,0,0,0,0,0,0,0,0,0,0,,,,,
BAL,DEF,BAL,2,CIN,,,,,,,,,,,,,,,,,,,,,,,0,0,0,0,34.0
BUF,DEF,BUF,2,LAC,,,,,,,,,,,,,,,,,,,,,,,0,0,0,0,31.0
Ben Roethlisberger,QB,PIT,2,KC,452,3,60,39,0,9,1,2,0,0,0,0,0,0,1,0,0,0,0,0,0,0,,,,,
Benjamin Watson,TE,NO,2,CLE,0,0,0,0,0,0,0,0,3,19,0,5,0,0,0,0,0,0,0,0,0,0,,,,,
Bilal Powell,RB,NYJ,2,MIA,0,0,0,0,0,6,0,5,5,74,1,6,0,0,0,0,0,0,0,0,0,0,,,,,
Blaine Gabbert,QB,TEN,2,HOU,117,1,20,13,0,2,0,2,0,0,0,0,0,0,0,0,0,0,0,0,0,0,,,,,
Blake Bortles,QB,JAX,2,NE,376,4,45,29,1,35,0,6,0,0,0,0,0,0,0,0,0,0,0,0,0,0,,,,,
Brandin Cooks,WR,LA,2,ARI,0,0,0,0,0,0,0,0,7,159,0,9,0,0,0,0,0,0,0,0,0,0,,,,,
Brandon Bolden,RB,MIA,2,NYJ,0,0,0,0,0,0,0,0,0,0,0,0,0,0,0,0,0,0,0,0,0,0,,,,,
Brandon Marshall,WR,SEA,2,CHI,0,0,0,0,0,0,0,0,4,44,0,6,0,0,0,0,0,0,0,0,0,0,,,,,
Brandon McManus,K,DEN,2,LV,0,0,0,0,0,0,0,0,0,0,0,0,0,0,0,0,0,2,0,0,0,2,,,,,
Brandon Wilds,RB,JAX,2,NE,0,0,0,0,0,4,0,3,0,0,0,0,0,0,0,0,0,0,0,0,0,0,,,,,
Brett Maher,K,DAL,2,NYG,0,0,0,0,0,0,0,0,0,0,0,0,0,0,0,0,1,1,0,0,0,2,,,,,
Bruce Ellington,WR,HOU,2,TEN,0,0,0,0,0,0,0,0,3,45,0,3,0,0,0,0,0,0,0,0,0,0,,,,,
C.J. Anderson,RB,CAR,2,ATL,0,0,0,0,0,31,0,3,0,0,0,2,0,0,0,0,0,0,0,0,0,0,,,,,
C.J. Prosise,RB,SEA,2,CHI,0,0,0,0,0,0,0,0,3,22,0,3,0,0,0,0,0,0,0,0,0,0,,,,,
C.J. Uzomah,TE,CIN,2,BAL,0,0,0,0,0,0,0,0,3,45,0,4,0,0,0,0,0,0,0,0,0,0,,,,,
CAR,DEF,CAR,2,ATL,,,,,,,,,,,,,,,,,,,,,,,0,0,0,0,31.0
CHI,DEF,CHI,2,SEA,,,,,,,,,,,,,,,,,,,,,,,1,0,0,0,17.0
CIN,DEF,CIN,2,BAL,,,,,,,,,,,,,,,,,,,,,,,0,0,0,0,23.0
CLE,DEF,CLE,2,NO,,,,,,,,,,,,,,,,,,,,,,,0,0,0,0,21.0
Caleb Sturgis,K,LAC,2,BUF,0,0,0,0,0,0,0,0,0,0,0,0,0,0,0,0,1,0,0,0,0,4,,,,,
Calvin Ridley,WR,ATL,2,CAR,0,0,0,0,0,3,0,1,4,64,1,5,0,0,0,0,0,0,0,0,0,0,,,,,
Cam Newton,QB,CAR,2,ATL,335,3,45,32,1,42,0,5,0,0,0,0,0,0,0,0,0,0,0,0,0,0,,,,,
Carlos Hyde,RB,CLE,2,NO,0,0,0,0,0,43,1,16,1,7,0,1,0,0,0,0,0,0,0,0,0,0,,,,,
Case Keenum,QB,DEN,2,LV,222,0,35,19,1,16,1,3,0,0,0,0,0,0,0,0,0,0,0,0,0,0,,,,,
Chad Williams,WR,ARI,2,LA,0,0,0,0,0,0,0,0,0,0,0,3,0,0,0,0,0,0,0,0,0,0,,,,,
Chandler Catanzaro,K,TB,2,PHI,0,0,0,0,0,0,0,0,0,0,0,0,0,0,0,0,0,0,0,0,0,3,,,,,
Charles Clay,TE,BUF,2,LAC,0,0,0,0,0,0,0,0,2,29,0,3,0,0,0,0,0,0,0,0,0,0,,,,,
Charone Peake,WR,NYJ,2,MIA,0,0,0,0,0,0,0,0,0,0,0,0,0,0,0,0,0,0,0,0,0,0,,,,,
Chase Edmonds,RB,ARI,2,LA,0,0,0,0,0,5,0,1,5,15,0,5,0,0,0,0,0,0,0,0,0,0,,,,,
Chester Rogers,WR,IND,2,WAS,0,0,0,0,0,0,0,0,3,17,0,3,0,0,0,0,0,0,0,0,0,0,,,,,
Chris Boswell,K,PIT,2,KC,0,0,0,0,0,0,0,0,0,0,0,0,0,0,0,0,0,0,0,0,0,3,,,,,
Chris Carson,RB,SEA,2,CHI,0,0,0,0,0,24,0,6,0,0,0,1,0,0,0,0,0,0,0,0,0,0,,,,,
Chris Conley,WR,KC,2,PIT,0,0,0,0,0,0,0,0,2,17,1,2,0,0,0,0,0,0,0,0,0,0,,,,,
Chris Godwin Jr.,WR,TB,2,PHI,0,0,0,0,0,0,0,0,5,56,1,6,0,0,0,0,0,0,0,0,0,0,,,,,
Chris Herndon,TE,NYJ,2,MIA,0,0,0,0,0,0,0,0,2,30,0,4,0,0,0,0,0,0,0,0,0,0,,,,,
Chris Hogan,WR,NE,2,JAX,0,0,0,0,0,0,0,0,3,42,2,5,0,0,0,0,0,0,0,0,0,0,,,,,
Chris Ivory,RB,BUF,2,LAC,0,0,0,0,0,7,1,2,0,0,0,1,0,0,0,0,0,0,0,0,0,0,,,,,
Chris Manhertz,TE,CAR,2,ATL,0,0,0,0,0,0,0,0,0,0,0,0,0,0,0,0,0,0,0,0,0,0,,,,,
Chris Moore,WR,BAL,2,CIN,0,0,0,0,0,2,0,1,2,9,0,3,0,0,0,0,0,0,0,0,0,0,,,,,
Chris Thompson,RB,WAS,2,IND,0,0,0,0,0,1,0,4,13,92,0,14,0,0,0,0,0,0,0,0,0,0,,,,,
Christian Kirk,WR,ARI,2,LA,0,0,0,0,0,0,0,0,4,27,0,5,0,0,0,0,0,0,0,0,0,0,,,,,
Christian McCaffrey,RB,CAR,2,ATL,0,0,0,0,0,37,0,8,14,102,0,15,0,0,0,0,0,0,0,0,0,0,,,,,
Cody Latimer,WR,NYG,2,DAL,0,0,0,0,0,0,0,0,2,41,0,3,0,0,0,0,0,0,0,0,0,0,,,,,
Cody Parkey,K,CHI,2,SEA,0,0,0,0,0,0,0,0,0,0,0,0,0,0,0,0,1,0,0,0,0,3,,,,,
Cole Beasley,WR,DAL,2,NYG,0,0,0,0,0,0,0,0,2,13,0,3,0,0,0,0,0,0,0,0,0,0,,,,,
Cooper Kupp,WR,LA,2,ARI,0,0,0,0,0,0,0,0,6,63,0,6,0,0,0,0,0,0,0,0,0,0,,,,,
Cordarrelle Patterson,RB,NE,2,JAX,0,0,0,0,0,5,0,1,3,18,0,5,0,0,0,0,0,0,0,0,0,0,,,,,
Corey Clement,RB,PHI,2,TB,0,0,0,0,0,30,1,6,5,55,0,6,0,0,0,0,0,0,0,0,0,0,,,,,
Corey Davis,WR,TEN,2,HOU,0,0,0,0,0,0,0,0,5,55,0,7,0,0,0,0,0,0,0,0,0,0,,,,,
Corey Grant,RB,JAX,2,NE,0,0,0,0,0,13,0,4,6,56,0,7,0,0,0,0,0,0,0,0,0,0,,,,,
Courtland Sutton,WR,DEN,2,LV,0,0,0,0,0,0,0,0,1,9,0,6,0,0,0,0,0,0,0,0,0,0,,,,,
DAL,DEF,DAL,2,NYG,,,,,,,,,,,,,,,,,,,,,,,0,0,0,0,13.0
DEN,DEF,DEN,2,LV,,,,,,,,,,,,,,,,,,,,,,,0,0,0,0,19.0
DET,DEF,DET,2,SF,,,,,,,,,,,,,,,,,,,,,,,0,0,0,0,30.0
DJ Chark,WR,JAX,2,NE,0,0,0,0,0,0,0,0,1,13,0,4,0,0,0,0,0,0,0,0,0,0,,,,,
DJ Moore,WR,CAR,2,ATL,0,0,0,0,0,7,0,1,1,51,1,2,0,0,0,0,0,0,0,0,0,0,,,,,
Dak Prescott,QB,DAL,2,NYG,160,1,25,16,0,45,0,7,0,0,0,0,0,0,0,0,0,0,0,0,0,0,,,,,
Dalvin Cook,RB,MIN,2,GB,0,0,0,0,0,38,0,10,3,52,0,5,0,0,0,0,0,0,0,0,0,0,,,,,
Damien Williams,RB,KC,2,PIT,0,0,0,0,0,0,0,0,1,2,0,1,0,0,0,0,0,0,0,0,0,0,,,,,
Daniel Carlson,K,MIN,2,GB,0,0,0,0,0,0,0,0,0,0,0,0,0,0,0,0,0,0,0,0,0,3,,,,,
Danny Amendola,WR,MIA,2,NYJ,0,0,0,0,0,0,0,0,4,32,0,4,0,0,0,0,0,0,0,0,0,0,,,,,
Dante Pettis,WR,SF,2,DET,0,0,0,0,0,0,0,0,1,35,0,2,0,0,0,0,0,0,0,0,0,0,,,,,
Darrell Daniels,TE,SEA,2,CHI,0,0,0,0,0,0,0,0,0,0,0,0,0,0,0,0,0,0,0,0,0,0,,,,,
Darren Fells,TE,CLE,2,NO,0,0,0,0,0,0,0,0,2,15,0,2,0,0,0,0,0,0,0,0,0,0,,,,,
Davante Adams,WR,GB,2,MIN,0,0,0,0,0,0,0,0,8,64,1,12,0,0,0,0,0,0,0,0,0,0,,,,,
David Johnson,RB,ARI,2,LA,0,0,0,0,0,48,0,13,1,3,0,2,0,0,0,0,0,0,0,0,0,0,,,,,
David Morgan,TE,MIN,2,GB,0,0,0,0,0,0,0,0,2,19,0,2,0,0,0,0,0,0,0,0,0,0,,,,,
David Njoku,TE,CLE,2,NO,0,0,0,0,0,0,0,0,4,20,0,7,0,0,0,0,0,0,0,0,0,0,,,,,
De'Anthony Thomas,WR,KC,2,PIT,0,0,0,0,0,0,0,0,0,0,0,0,0,0,0,0,0,0,0,0,0,0,,,,,
DeAndre Hopkins,WR,HOU,2,TEN,0,0,0,0,0,0,0,0,6,110,1,11,0,0,0,0,0,0,0,0,0,0,,,,,
DeSean Jackson,WR,TB,2,PHI,0,0,0,0,0,0,0,0,4,129,1,4,0,0,0,0,0,0,0,0,0,0,,,,,
Dede Westbrook,WR,JAX,2,NE,0,0,0,0,0,-6,0,1,4,82,1,5,0,0,0,0,0,0,0,0,0,0,,,,,
Demarcus Robinson,WR,KC,2,PIT,0,0,0,0,0,0,0,0,1,3,1,1,0,0,0,0,0,0,0,0,0,0,,,,,
Demaryius Thomas,WR,DEN,2,LV,0,0,0,0,0,0,0,0,5,18,0,11,0,0,0,0,0,0,0,0,0,0,,,,,
Demetrius Harris,TE,KC,2,PIT,0,0,0,0,0,0,0,0,0,0,0,0,0,0,0,0,0,0,0,0,0,0,,,,,
Deonte Thompson,WR,DAL,2,NYG,0,0,0,0,0,0,0,0,4,33,0,5,0,0,0,0,0,0,0,0,0,0,,,,,
Derek Carr,QB,LV,2,DEN,288,1,32,29,0,0,0,0,0,0,0,0,0,0,0,0,0,0,0,0,0,0,,,,,
Derek Carrier,TE,LV,2,DEN,0,0,0,0,0,0,0,0,1,5,0,1,0,0,0,0,0,0,0,0,0,0,,,,,
Derrick Henry,RB,TEN,2,HOU,8,0,1,1,0,56,0,18,0,0,0,0,0,0,0,0,0,0,0,0,0,0,,,,,
Deshaun Watson,QB,HOU,2,TEN,310,2,32,22,1,44,0,5,0,0,0,0,0,0,0,0,0,0,0,0,0,0,,,,,
Detrez Newsome,RB,LAC,2,BUF,0,0,0,0,0,0,0,1,0,0,0,0,0,0,0,0,0,0,0,0,0,0,,,,,
Devin Funchess,WR,CAR,2,ATL,0,0,0,0,0,0,0,0,7,77,0,9,0,0,0,0,0,0,0,0,0,0,,,,,
Devontae Booker,RB,DEN,2,LV,0,0,0,0,0,17,0,3,0,0,0,0,0,0,0,0,0,0,0,0,0,0,,,,,
Dion Lewis,RB,TEN,2,HOU,0,0,0,0,0,42,0,14,1,1,0,1,0,0,0,0,0,0,0,0,0,0,,,,,
Donte Moncrief,WR,JAX,2,NE,0,0,0,0,0,0,0,0,4,34,1,9,0,0,0,0,0,0,0,0,0,0,,,,,
Doug Martin,RB,LV,2,DEN,0,0,0,0,0,24,0,7,1,0,0,1,0,0,0,0,0,0,0,0,0,0,,,,,
Drew Brees,QB,NO,2,CLE,243,2,35,28,0,-1,0,1,0,0,0,0,0,0,0,0,0,0,0,0,0,0,,,,,
Duke Johnson,RB,CLE,2,NO,0,0,0,0,0,3,0,3,2,7,0,2,0,0,0,0,0,0,0,0,0,0,,,,,
Dustin Hopkins,K,WAS,2,IND,0,0,0,0,0,0,0,0,0,0,0,0,0,0,0,0,1,0,2,0,0,0,,,,,
Eli Manning,QB,NYG,2,DAL,279,1,44,33,0,4,0,3,0,0,0,0,0,0,0,0,0,0,0,0,0,0,,,,,
Emmanuel Sanders,WR,DEN,2,LV,0,0,0,0,0,0,0,0,4,96,0,4,0,0,0,0,0,0,0,0,0,0,,,,,
Eric Ebron,TE,IND,2,WAS,0,0,0,0,0,0,0,0,3,26,1,4,0,0,0,0,0,0,0,0,0,0,,,,,
Eric Tomlinson,TE,NYJ,2,MIA,0,0,0,0,0,0,0,0,1,24,0,2,0,0,0,0,0,0,0,0,0,0,,,,,
Evan Engram,TE,NYG,2,DAL,0,0,0,0,0,0,0,0,7,67,1,7,0,0,0,0,0,0,0,0,0,0,,,,,
Ezekiel Elliott,RB,DAL,2,NYG,0,0,0,0,0,78,1,17,5,9,0,6,0,0,0,0,0,0,0,0,0,0,,,,,
Frank Gore,RB,MIA,2,NYJ,0,0,0,0,0,25,0,9,1,19,0,1,0,0,0,0,0,0,0,0,0,0,,,,,
GB,DEF,GB,2,MIN,,,,,,,,,,,,,,,,,,,,,,,0,0,0,0,29.0
Garrett Celek,TE,SF,2,DET,0,0,0,0,0,0,0,0,2,22,1,2,0,0,0,0,0,0,0,0,0,0,,,,,
Geno Smith,QB,LAC,2,BUF,0,0,0,0,0,-1,0,1,0,0,0,0,0,0,0,0,0,0,0,0,0,0,,,,,
Geoff Swaim,TE,DAL,2,NYG,0,0,0,0,0,0,0,0,0,0,0,0,0,0,0,0,0,0,0,0,0,0,,,,,
George Kittle,TE,SF,2,DET,0,0,0,0,0,0,0,0,2,22,0,4,0,0,0,0,0,0,0,0,0,0,,,,,
Gerald Everett,TE,LA,2,ARI,0,0,0,0,0,0,0,0,1,17,0,1,0,0,0,0,0,0,0,0,0,0,,,,,
Geronimo Allison,WR,GB,2,MIN,0,0,0,0,0,0,0,0,6,64,0,6,0,0,0,0,0,0,0,0,0,0,,,,,
Giovani Bernard,RB,CIN,2,BAL,0,0,0,0,0,27,0,6,4,15,0,7,0,0,0,0,0,0,0,0,0,0,,,,,
Golden Tate,WR,DET,2,SF,0,0,0,0,0,9,0,1,7,109,0,13,0,0,0,0,0,0,0,0,0,0,,,,,
Graham Gano,K,CAR,2,ATL,0,0,0,0,0,0,0,0,0,0,0,0,0,0,0,0,0,0,0,1,0,3,,,,,
HOU,DEF,HOU,2,TEN,,,,,,,,,,,,,,,,,,,,,,,0,0,0,0,20.0
Harrison Butker,K,KC,2,PIT,0,0,0,0,0,0,0,0,0,0,0,0,0,0,0,0,0,0,0,0,0,6,,,,,
IND,DEF,IND,2,WAS,,,,,,,,,,,,,,,,,,,,,,,0,0,0,0,9.0
Ian Thomas,TE,CAR,2,ATL,0,0,0,0,0,0,0,0,2,10,0,3,0,0,0,0,0,0,0,0,0,0,,,,,
Isaiah Crowell,RB,NYJ,2,MIA,0,0,0,0,0,35,0,12,2,4,0,3,0,0,0,0,0,0,0,0,0,0,,,,,
Ito Smith,RB,ATL,2,CAR,0,0,0,0,0,46,0,9,1,8,0,1,0,0,0,0,0,0,0,0,0,0,,,,,
J.J. Jones,WR,LAC,2,BUF,0,0,0,0,0,0,0,1,0,0,0,0,0,0,0,0,0,0,0,0,0,0,,,,,
J.J. Nelson,WR,ARI,2,LA,0,0,0,0,0,0,0,0,0,0,0,1,0,0,0,0,0,0,0,0,0,0,,,,,
JAX,DEF,JAX,2,NE,,,,,,,,,,,,,,,,,,,,,,,0,0,0,0,20.0
Jack Doyle,TE,IND,2,WAS,0,0,0,0,0,0,0,0,2,20,0,5,0,0,0,0,0,0,0,0,0,0,,,,,
Jacob Hollister,TE,NE,2,JAX,0,0,0,0,0,0,0,0,3,35,0,3,0,0,0,0,0,0,0,0,0,0,,,,,
Jacquizz Rodgers,RB,TB,2,PHI,0,0,0,0,0,13,0,5,3,23,0,3,0,0,0,0,0,0,0,0,0,0,,,,,
Jake Butt,TE,DEN,2,LV,0,0,0,0,0,0,0,0,4,48,0,5,0,0,0,0,0,0,0,0,0,0,,,,,
Jake Elliott,K,PHI,2,TB,0,0,0,0,0,0,0,0,0,0,0,0,0,0,0,0,0,0,0,0,0,3,,,,,
Jakeem Grant,WR,MIA,2,NYJ,0,0,0,0,0,5,0,1,2,27,0,4,0,0,0,0,0,0,0,0,0,0,,,,,
Jalen Richard,RB,LV,2,DEN,0,0,0,0,0,3,0,2,0,0,0,0,0,0,0,0,0,0,0,0,0,0,,,,,
Jamaal Williams,RB,GB,2,MIN,0,0,0,0,0,59,0,16,3,12,0,4,0,0,0,0,0,0,0,0,0,0,,,,,
Jamal Agnew,WR,DET,2,SF,0,0,0,0,0,0,0,0,0,0,0,0,0,0,0,0,0,0,0,0,0,0,,,,,
James Conner,RB,PIT,2,KC,0,0,0,0,0,17,1,8,5,48,0,5,0,0,1,0,0,0,0,0,0,0,,,,,
James O'Shaughnessy,TE,JAX,2,NE,0,0,0,0,0,0,0,0,1,17,0,1,0,0,0,0,0,0,0,0,0,0,,,,,
James Washington,WR,PIT,2,KC,0,0,0,0,0,0,0,0,1,14,1,5,0,0,0,0,0,0,0,0,0,0,,,,,
James White,RB,NE,2,JAX,0,0,0,0,0,11,0,4,7,73,0,8,0,0,0,0,0,0,0,0,0,0,,,,,
Jamison Crowder,WR,WAS,2,IND,0,0,0,0,0,29,0,2,2,8,0,4,0,0,0,0,0,0,0,0,0,0,,,,,
Jamize Olawale,RB,DAL,2,NYG,0,0,0,0,0,0,0,0,0,0,0,0,0,0,0,0,0,0,0,0,0,0,,,,,
Janarion Grant,WR,BAL,2,CIN,0,0,0,0,0,0,0,0,0,0,0,0,0,0,0,0,0,0,0,0,0,0,,,,,
Jared Cook,TE,LV,2,DEN,0,0,0,0,0,0,0,0,4,49,0,4,0,0,0,0,0,0,0,0,0,0,,,,,
Jared Goff,QB,LA,2,ARI,354,1,32,24,1,2,0,2,0,0,0,0,0,0,1,0,0,0,0,0,0,0,,,,,
Jarius Wright,WR,CAR,2,ATL,0,0,0,0,0,0,0,0,5,62,1,7,0,0,0,0,0,0,0,0,0,0,,,,,
Jaron Brown,WR,SEA,2,CHI,0,0,0,0,0,0,0,0,3,36,0,3,0,0,0,0,0,0,0,0,0,0,,,,,
Jarvis Landry,WR,CLE,2,NO,0,0,0,0,0,0,0,0,5,69,0,7,0,0,0,0,0,0,0,0,0,0,,,,,
Jason Croom,TE,BUF,2,LAC,0,0,0,0,0,0,0,0,2,7,0,4,0,0,0,0,0,0,0,0,0,0,,,,,
Jason Myers,K,NYJ,2,MIA,0,0,0,0,0,0,0,0,0,0,0,0,0,0,0,0,0,0,1,1,0,0,,,,,
Jason Sanders,K,MIA,2,NYJ,0,0,0,0,0,0,0,0,0,0,0,0,0,0,0,0,0,0,0,0,0,2,,,,,
Javorius Allen,RB,BAL,2,CIN,0,0,0,0,0,8,1,6,5,36,0,7,0,0,0,0,0,0,0,0,0,0,,,,,
Jay Ajayi,RB,PHI,2,TB,0,0,0,0,0,23,1,7,1,4,0,1,0,0,0,0,0,0,0,0,0,0,,,,,
Jaydon Mickens,WR,JAX,2,NE,0,0,0,0,0,0,0,0,0,0,0,0,0,0,0,0,0,0,0,0,0,0,,,,,
Jeff Heuerman,TE,DEN,2,LV,0,0,0,0,0,0,0,0,2,10,0,3,0,0,0,0,0,0,0,0,0,0,,,,,
Jehu Chesson,WR,WAS,2,IND,0,0,0,0,0,0,0,0,0,0,0,1,0,0,0,0,0,0,0,0,0,0,,,,,
Jermaine Kearse,WR,NYJ,2,MIA,0,0,0,0,0,0,0,0,1,-1,0,2,0,0,0,0,0,0,0,0,0,0,,,,,
Jesse James,TE,PIT,2,KC,0,0,0,0,0,0,0,0,5,138,1,5,0,0,0,0,0,0,0,0,0,0,,,,,
Jimmy Garoppolo,QB,SF,2,DET,206,2,26,18,0,4,0,3,0,0,0,0,0,0,0,0,0,0,0,0,0,0,,,,,
Jimmy Graham,TE,GB,2,MIN,0,0,0,0,0,0,0,0,6,95,0,8,0,0,0,0,0,0,0,0,0,0,,,,,
JoJo Natson,WR,LA,2,ARI,0,0,0,0,0,0,0,0,0,0,0,0,0,0,0,0,0,0,0,0,0,0,,,,,
Joe Flacco,QB,BAL,2,CIN,376,2,55,32,2,8,0,3,0,0,0,0,0,0,0,0,0,0,0,0,0,0,,,,,
Joe Mixon,RB,CIN,2,BAL,0,0,0,0,0,84,0,21,1,3,0,1,0,0,0,0,0,0,0,0,0,0,,,,,
John Brown,WR,BAL,2,CIN,0,0,0,0,0,0,0,0,4,92,1,10,0,0,0,0,0,0,0,0,0,0,,,,,
John Ross,WR,CIN,2,BAL,0,0,0,0,0,-3,0,1,1,8,0,4,0,0,0,0,0,0,0,0,0,0,,,,,
Jonathan Stewart,RB,NYG,2,DAL,0,0,0,0,0,1,0,2,0,0,0,0,0,0,0,0,0,0,0,0,0,0,,,,,
Jonathan Williams,RB,NO,2,CLE,0,0,0,0,0,-1,0,1,0,0,0,0,0,0,0,0,0,0,0,0,0,0,,,,,
Jonnu Smith,TE,TEN,2,HOU,0,0,0,0,0,0,0,0,0,0,0,0,0,0,0,0,0,0,0,0,0,0,,,,,
Jordan Akins,TE,HOU,2,TEN,0,0,0,0,0,0,0,0,2,21,0,2,0,0,0,0,0,0,0,0,0,0,,,,,
Jordan Howard,RB,CHI,2,SEA,0,0,0,0,0,35,0,14,3,33,0,4,0,0,0,0,0,0,0,0,0,0,,,,,
Jordan Reed,TE,WAS,2,IND,0,0,0,0,0,0,0,0,6,55,0,8,0,0,0,0,0,0,0,0,0,0,,,,,
Jordan Wilkins,RB,IND,2,WAS,0,0,0,0,0,61,0,10,2,3,0,2,0,0,0,0,0,0,0,0,0,0,,,,,
Jordy Nelson,WR,LV,2,DEN,0,0,0,0,0,0,0,0,2,30,0,4,0,0,0,0,0,0,0,0,0,0,,,,,
Josh Allen,QB,BUF,2,LAC,215,1,32,17,2,32,0,8,0,0,0,0,0,0,0,0,0,0,0,0,0,0,,,,,
Josh Bellamy,WR,CHI,2,SEA,0,0,0,0,0,0,0,0,1,6,0,1,0,0,0,0,0,0,0,0,0,0,,,,,
Josh Doctson,WR,WAS,2,IND,0,0,0,0,0,0,0,0,4,37,0,7,0,0,0,0,0,0,0,0,0,0,,,,,
Josh Hill,TE,NO,2,CLE,0,0,0,0,0,0,0,0,1,5,0,1,0,0,0,0,0,0,0,0,0,0,,,,,
Josh Lambo,K,JAX,2,NE,0,0,0,0,0,0,0,0,0,0,0,0,0,0,0,0,1,0,0,0,0,4,,,,,
Josh Malone,WR,CIN,2,BAL,0,0,0,0,0,0,0,0,0,0,0,1,0,0,0,0,0,0,0,0,0,0,,,,,
Josh Perkins,TE,PHI,2,TB,0,0,0,0,0,0,0,0,4,57,0,6,0,0,0,0,0,0,0,0,0,0,,,,,
Josh Reynolds,WR,LA,2,ARI,0,0,0,0,0,0,0,0,0,0,0,0,0,0,0,0,0,0,0,0,0,0,,,,,
JuJu Smith-Schuster,WR,PIT,2,KC,0,0,0,0,0,0,0,0,13,121,1,19,0,0,0,0,0,0,0,0,0,0,,,,,
Julio Jones,WR,ATL,2,CAR,0,0,0,0,0,0,0,0,5,64,0,9,0,0,0,0,0,0,0,0,0,0,,,,,
Justin Davis,RB,LA,2,ARI,0,0,0,0,0,0,0,0,0,0,0,0,0,0,0,0,0,0,0,0,0,0,,,,,
Justin Hardy,WR,ATL,2,CAR,0,0,0,0,0,0,0,0,0,0,0,0,0,0,0,0,0,0,0,0,0,0,,,,,
Justin Tucker,K,BAL,2,CIN,0,0,0,0,0,0,0,0,0,0,0,0,0,0,0,0,0,0,0,1,0,2,,,,,
KC,DEF,KC,2,PIT,,,,,,,,,,,,,,,,,,,,,,,0,0,0,0,37.0
Ka'imi Fairbairn,K,HOU,2,TEN,0,0,0,0,0,0,0,0,0,0,0,0,0,0,0,0,0,1,0,0,0,2,,,,,
Kaelin Clay,WR,NYG,2,DAL,0,0,0,0,0,0,0,0,0,0,0,0,0,0,0,0,0,0,0,0,0,0,,,,,
Kamar Aiken,WR,PHI,2,TB,0,0,0,0,0,0,0,0,5,39,0,6,0,0,0,0,0,0,0,0,0,0,,,,,
Kareem Hunt,RB,KC,2,PIT,0,0,0,0,0,75,0,18,1,5,1,1,0,0,0,0,0,0,0,0,0,0,,,,,
Keelan Cole,WR,JAX,2,NE,0,0,0,0,0,0,0,0,7,116,1,8,0,0,0,0,0,0,0,0,0,0,,,,,
Keenan Allen,WR,LAC,2,BUF,0,0,0,0,0,0,0,0,6,67,0,8,0,0,0,0,0,0,0,0,0,0,,,,,
Kelvin Benjamin,WR,BUF,2,LAC,0,0,0,0,0,0,0,0,2,19,1,3,0,0,0,0,0,0,0,0,0,0,,,,,
Kendrick Bourne,WR,SF,2,DET,0,0,0,0,0,0,0,0,1,4,1,1,0,0,0,0,0,0,0,0,0,0,,,,,
Kenny Golladay,WR,DET,2,SF,0,0,0,0,0,0,0,0,6,89,1,9,0,0,0,0,0,0,0,0,0,0,,,,,
Kenny Stills,WR,MIA,2,NYJ,0,0,0,0,0,0,0,0,2,17,0,3,0,0,0,0,0,0,0,0,0,0,,,,,
Kenyan Drake,RB,MIA,2,NYJ,0,0,0,0,0,53,1,11,4,17,0,4,0,0,0,0,0,0,0,0,0,0,,,,,
Kerryon Johnson,RB,DET,2,SF,0,0,0,0,0,43,0,8,5,23,0,6,0,0,0,0,0,0,0,0,0,0,,,,,
Kirk Cousins,QB,MIN,2,GB,425,4,48,35,1,5,0,2,0,0,0,0,0,0,1,0,0,0,0,0,0,0,,,,,
Kyle Juszczyk,RB,SF,2,DET,0,0,0,0,0,0,0,0,3,13,0,4,0,0,0,0,0,0,0,0,0,0,,,,,
Kyle Rudolph,TE,MIN,2,GB,0,0,0,0,0,0,0,0,7,72,0,8,0,0,0,0,0,0,0,0,0,0,,,,,
LA,DEF,LA,2,ARI,,,,,,,,,,,,,,,,,,,,,,,0,0,0,0,0.0
LAC,DEF,LAC,2,BUF,,,,,,,,,,,,,,,,,,,,,,,0,0,0,0,20.0
LV,DEF,LV,2,DEN,,,,,,,,,,,,,,,,,,,,,,,0,0,0,0,0.0
Lamar Jackson,QB,BAL,2,CIN,0,0,0,0,0,6,0,2,0,0,0,0,0,0,0,0,0,0,0,0,0,0,,,,,
Lamar Miller,RB,HOU,2,TEN,0,0,0,0,0,68,0,14,2,2,0,2,0,0,0,0,0,0,0,0,0,0,,,,,
Lance Kendricks,TE,GB,2,MIN,0,0,0,0,0,0,0,0,1,4,0,1,0,0,0,0,0,0,0,0,0,0,,,,,
Laquon Treadwell,WR,MIN,2,GB,0,0,0,0,0,0,0,0,2,23,1,6,0,0,0,0,0,0,0,0,0,0,,,,,
Larry Fitzgerald,WR,ARI,2,LA,0,0,0,0,0,0,0,0,3,28,0,5,0,0,0,0,0,0,0,0,0,0,,,,,
Latavius Murray,RB,MIN,2,GB,0,0,0,0,0,19,0,4,0,0,0,0,0,0,0,0,0,0,0,0,0,0,,,,,
LeGarrette Blount,RB,DET,2,SF,0,0,0,0,0,38,0,8,1,-3,0,1,0,0,0,0,0,0,0,0,0,0,,,,,
LeSean McCoy,RB,BUF,2,LAC,0,0,0,0,0,39,0,9,4,29,0,4,0,0,0,0,0,0,0,0,0,0,,,,,
Logan Paulsen,TE,ATL,2,CAR,0,0,0,0,0,0,0,0,1,10,0,1,0,0,0,0,0,0,0,0,0,0,,,,,
Logan Thomas,TE,BUF,2,LAC,0,0,0,0,0,0,0,0,1,7,0,1,0,0,0,0,0,0,0,0,0,0,,,,,
Luke Stocker,TE,TEN,2,HOU,0,0,0,0,0,0,0,0,2,15,0,2,0,0,0,0,0,0,0,0,0,0,,,,,
Luke Willson,TE,DET,2,SF,0,0,0,0,0,0,0,0,1,13,0,1,0,0,0,0,0,0,0,0,0,0,,,,,
MIA,DEF,MIA,2,NYJ,,,,,,,,,,,,,,,,,,,,,,,0,0,0,0,12.0
MIN,DEF,MIN,2,GB,,,,,,,,,,,,,,,,,,,,,,,0,0,0,0,29.0
Malcolm Brown,RB,LA,2,ARI,0,0,0,0,0,46,0,12,0,0,0,1,0,0,1,0,0,0,0,0,0,0,,,,,
Marcedes Lewis,TE,GB,2,MIN,0,0,0,0,0,0,0,0,0,0,0,1,0,0,0,0,0,0,0,0,0,0,,,,,
Marcus Murphy,RB,BUF,2,LAC,0,0,0,0,0,6,0,3,1,7,0,5,0,0,0,0,0,0,0,0,0,0,,,,,
Mark Andrews,TE,BAL,2,CIN,0,0,0,0,0,0,0,0,3,17,1,4,0,0,0,0,0,0,0,0,0,0,,,,,
Marlon Mack,RB,IND,2,WAS,0,0,0,0,0,34,0,10,1,2,0,2,0,0,0,0,0,0,0,0,0,0,,,,,
Marquez Valdes-Scantling,WR,GB,2,MIN,0,0,0,0,0,0,0,0,1,3,0,1,0,0,0,0,0,0,0,0,0,0,,,,,
Marshawn Lynch,RB,LV,2,DEN,0,0,0,0,0,65,1,18,2,3,0,2,0,0,0,0,0,0,0,0,0,0,,,,,
Martavis Bryant,WR,LV,2,DEN,0,0,0,0,0,0,0,0,4,30,0,4,0,0,0,0,0,0,0,0,0,0,,,,,
Marvin Hall,WR,ATL,2,CAR,0,0,0,0,0,0,0,0,1,30,0,1,0,0,0,0,0,0,0,0,0,0,,,,,
Marvin Jones,WR,DET,2,SF,0,0,0,0,0,0,0,0,4,54,1,9,0,0,0,0,0,0,0,0,0,0,,,,,
Mason Crosby,K,GB,2,MIN,0,0,0,0,0,0,0,0,0,0,0,0,0,0,0,0,0,3,2,0,0,2,,,,,
Matt Breida,RB,SF,2,DET,0,0,0,0,0,138,1,11,3,21,0,4,0,0,0,0,0,0,0,0,0,0,,,,,
Matt Bryant,K,ATL,2,CAR,0,0,0,0,0,0,0,0,0,0,0,0,0,0,0,0,0,0,1,0,0,4,,,,,
Matt Prater,K,DET,2,SF,0,0,0,0,0,0,0,0,0,0,0,0,0,0,0,0,1,0,1,0,0,3,,,,,
Matt Ryan,QB,ATL,2,CAR,272,2,28,23,1,18,2,4,0,0,0,0,0,0,0,0,0,0,0,0,0,0,,,,,
Matt Schaub,QB,ATL,2,CAR,0,0,0,0,0,0,0,1,0,0,0,0,0,0,0,0,0,0,0,0,0,0,,,,,
Matthew Slater,WR,NE,2,JAX,0,0,0,0,0,0,0,0,0,0,0,0,0,0,0,0,0,0,0,0,0,0,,,,,
Matthew Stafford,QB,DET,2,SF,347,3,53,34,0,8,0,1,0,0,0,0,0,0,0,0,0,0,0,0,0,0,,,,,
Maxx Williams,TE,BAL,2,CIN,0,0,0,0,0,7,0,1,3,31,0,3,0,0,0,0,0,0,0,0,0,0,,,,,
Melvin Gordon,RB,LAC,2,BUF,0,0,0,0,0,28,1,9,6,38,2,7,0,0,0,0,0,0,0,0,0,0,,,,,
Michael Crabtree,WR,BAL,2,CIN,0,0,0,0,0,0,0,0,5,56,0,10,0,0,0,0,0,0,0,0,0,0,,,,,
Michael Gallup,WR,DAL,2,NYG,0,0,0,0,0,0,0,0,1,5,0,2,0,0,0,0,0,0,0,0,0,0,,,,,
Michael Roberts,TE,DET,2,SF,0,0,0,0,0,0,0,0,1,15,1,1,0,0,0,0,0,0,0,0,0,0,,,,,
Michael Thomas,WR,NO,2,CLE,0,0,0,0,0,0,0,0,12,89,2,13,0,0,0,0,0,0,0,0,0,0,,,,,
Mike Davis,RB,SEA,2,CHI,0,0,0,0,0,3,0,3,1,-1,0,1,0,0,0,0,0,0,0,0,0,0,,,,,
Mike Evans,WR,TB,2,PHI,0,0,0,0,0,0,0,0,10,83,1,12,0,0,0,0,0,0,0,0,0,0,,,,,
Mike Gillislee,RB,NO,2,CLE,0,0,0,0,0,18,0,8,0,0,0,0,0,0,0,0,0,0,0,0,0,0,,,,,
Mike Nugent,K,LV,2,DEN,0,0,0,0,0,0,0,0,0,0,0,0,0,0,0,0,1,0,1,0,0,1,,,,,
Mike Williams,WR,LAC,2,BUF,0,0,0,0,0,0,0,0,2,27,1,2,0,0,0,0,0,0,0,0,0,0,,,,,
Mitchell Trubisky,QB,CHI,2,SEA,200,2,34,25,2,24,0,5,0,0,0,0,0,0,0,0,0,0,0,0,0,0,,,,,
Mohamed Sanu,WR,ATL,2,CAR,0,0,0,0,0,-4,0,1,2,19,0,2,0,0,0,0,0,0,0,0,0,0,,,,,
NE,DEF,NE,2,JAX,,,,,,,,,,,,,,,,,,,,,,,0,0,0,0,31.0
NO,DEF,NO,2,CLE,,,,,,,,,,,,,,,,,,,,,,,0,0,0,0,18.0
NYG,DEF,NYG,2,DAL,,,,,,,,,,,,,,,,,,,,,,,0,0,0,0,20.0
NYJ,DEF,NYJ,2,MIA,,,,,,,,,,,,,,,,,,,,,,,0,0,0,0,20.0
Nelson Agholor,WR,PHI,2,TB,0,0,0,0,0,2,0,1,8,88,1,12,0,0,0,0,0,0,0,0,0,0,,,,,
Nick Boyle,TE,BAL,2,CIN,0,0,0,0,0,0,0,0,2,26,0,4,0,0,0,0,0,0,0,0,0,0,,,,,
Nick Chubb,RB,CLE,2,NO,0,0,0,0,0,14,0,2,0,0,0,0,0,0,0,0,0,0,0,0,0,0,,,,,
Nick Foles,QB,PHI,2,TB,334,1,48,35,0,8,0,3,0,-5,0,0,0,0,0,0,0,0,0,0,0,0,,,,,
Nick Vannett,TE,SEA,2,CHI,0,0,0,0,0,0,0,0,3,23,0,5,0,0,0,0,0,0,0,0,0,0,,,,,
Niles Paul,TE,JAX,2,NE,0,0,0,0,0,0,0,0,1,22,0,1,0,0,0,0,0,0,0,0,0,0,,,,,
Nyheim Hines,RB,IND,2,WAS,0,0,0,0,0,7,1,4,1,-2,0,1,0,0,0,0,0,0,0,0,0,0,,,,,
O.J. Howard,TE,TB,2,PHI,0,0,0,0,0,0,0,0,3,96,1,4,0,0,0,0,0,0,0,0,0,0,,,,,
Odell Beckham Jr.,WR,NYG,2,DAL,0,0,0,0,0,0,0,0,4,51,0,9,0,0,0,0,0,0,0,0,0,0,,,,,
PHI,DEF,PHI,2,TB,,,,,,,,,,,,,,,,,,,,,,,0,0,0,0,27.0
PIT,DEF,PIT,2,KC,,,,,,,,,,,,,,,,,,,,,,,0,1,0,0,42.0
Patrick DiMarco,RB,BUF,2,LAC,0,0,0,0,0,0,0,0,1,24,0,1,0,0,0,0,0,0,0,0,0,0,,,,,
Patrick Mahomes,QB,KC,2,PIT,326,6,28,23,0,18,0,5,0,0,0,0,0,0,0,0,0,0,0,0,0,0,,,,,
Patrick Ricard,RB,BAL,2,CIN,0,0,0,0,0,0,0,0,0,0,0,0,0,0,0,0,0,0,0,0,0,0,,,,,
Paul Richardson,WR,WAS,2,IND,0,0,0,0,0,0,0,0,4,63,0,6,0,0,0,0,0,0,0,0,0,0,,,,,
Peyton Barber,RB,TB,2,PHI,0,0,0,0,0,22,0,16,1,7,0,2,0,0,0,0,0,0,0,0,0,0,,,,,
Phil Dawson,K,ARI,2,LA,0,0,0,0,0,0,0,0,0,0,0,0,0,0,0,0,0,0,0,0,0,0,,,,,
Philip Rivers,QB,LAC,2,BUF,256,3,27,23,0,5,0,3,0,0,0,0,0,0,0,0,0,0,0,0,0,0,,,,,
Phillip Dorsett,WR,NE,2,JAX,0,0,0,0,0,0,0,0,5,44,0,7,0,0,0,0,0,0,0,0,0,0,,,,,
Phillip Lindsay,RB,DEN,2,LV,0,0,0,0,0,107,0,14,1,4,0,1,0,0,0,0,0,0,0,0,0,0,,,,,
Pierre Garcon,WR,SF,2,DET,0,0,0,0,0,0,0,0,4,57,0,4,0,0,0,0,0,0,0,0,0,0,,,,,
Quincy Enunwa,WR,NYJ,2,MIA,0,0,0,0,0,0,0,0,7,92,0,11,0,0,0,0,0,0,0,0,0,0,,,,,
Raheem Mostert,RB,SF,2,DET,0,0,0,0,0,0,0,0,0,0,0,0,0,0,0,0,0,0,0,0,0,0,,,,,
Randall Cobb,WR,GB,2,MIN,0,0,0,0,0,0,0,0,4,30,0,6,0,0,0,0,0,0,0,0,0,0,,,,,
Randy Bullock,K,CIN,2,BAL,0,0,0,0,0,0,0,0,0,0,0,0,0,0,0,0,1,0,1,0,0,4,,,,,
Rashaad Penny,RB,SEA,2,CHI,0,0,0,0,0,30,0,10,0,0,0,2,0,0,0,0,0,0,0,0,0,0,,,,,
Rashard Higgins,WR,CLE,2,NO,0,0,0,0,0,0,0,0,5,47,0,7,0,0,0,0,0,0,0,0,0,0,,,,,
Rex Burkhead,RB,NE,2,JAX,0,0,0,0,0,22,0,6,0,0,0,0,0,0,0,0,0,0,0,0,0,0,,,,,
Rhett Ellison,TE,NYG,2,DAL,0,0,0,0,0,0,0,0,2,5,0,2,0,0,0,0,0,0,0,0,0,0,,,,,
Ricky Seals-Jones,TE,ARI,2,LA,0,0,0,0,0,0,0,0,4,17,0,6,0,0,0,0,0,0,0,0,0,0,,,,,
Rico Gathers,TE,DAL,2,NYG,0,0,0,0,0,0,0,0,0,0,0,2,0,0,0,0,0,0,0,0,0,0,,,,,
Rishard Matthews,WR,TEN,2,HOU,0,0,0,0,0,0,0,0,2,8,0,4,0,0,0,0,0,0,0,0,0,0,,,,,
Rob Gronkowski,TE,NE,2,JAX,0,0,0,0,0,0,0,0,2,15,0,4,0,0,0,0,0,0,0,0,0,0,,,,,
Rob Kelley,RB,WAS,2,IND,0,0,0,0,0,1,0,1,0,0,0,0,0,0,0,0,0,0,0,0,0,0,,,,,
Robbie Chosen,WR,NYJ,2,MIA,0,0,0,0,0,0,0,0,3,27,0,5,0,0,0,0,0,0,0,0,0,0,,,,,
Robbie Gould,K,SF,2,DET,0,0,0,0,0,0,0,0,0,0,0,0,0,0,0,0,0,1,2,0,0,3,,,,,
Robert Foster,WR,BUF,2,LAC,0,0,0,0,0,0,0,0,2,30,0,3,0,0,0,0,0,0,0,0,0,0,,,,,
Robert Woods,WR,LA,2,ARI,0,0,0,0,0,0,0,0,6,81,0,9,0,0,0,0,0,0,0,0,0,0,,,,,
Rod Smith,RB,DAL,2,NYG,0,0,0,0,0,0,0,0,0,0,0,0,0,0,0,0,0,0,0,0,0,0,,,,,
Royce Freeman,RB,DEN,2,LV,0,0,0,0,0,28,1,8,0,0,0,1,0,0,0,0,0,0,0,0,0,0,,,,,
Russell Shepard,WR,NYG,2,DAL,0,0,0,0,0,0,0,0,0,0,0,1,0,0,0,0,0,0,0,0,0,0,,,,,
Russell Wilson,QB,SEA,2,CHI,226,2,36,22,1,17,0,3,0,0,0,0,0,0,0,0,0,0,0,0,0,0,,,,,
Ryan Fitzpatrick,QB,TB,2,PHI,402,4,33,27,1,-1,0,1,0,0,0,0,0,0,0,0,0,0,0,0,0,0,,,,,
Ryan Grant,WR,IND,2,WAS,0,0,0,0,0,0,0,0,2,30,0,2,0,0,0,0,0,0,0,0,0,0,,,,,
Ryan Griffin,TE,HOU,2,TEN,0,0,0,0,0,0,0,0,1,19,0,1,0,0,0,0,0,0,0,0,0,0,,,,,
Ryan Hewitt,TE,IND,2,WAS,0,0,0,0,0,0,0,0,0,0,0,1,0,0,0,0,0,0,0,0,0,0,,,,,
Ryan Succop,K,TEN,2,HOU,0,0,0,0,0,0,0,0,0,0,0,0,0,0,0,0,0,1,1,0,0,2,,,,,
Ryan Switzer,WR,PIT,2,KC,0,0,0,0,0,5,0,2,1,14,0,2,0,0,0,0,0,0,0,0,0,0,,,,,
Ryan Tannehill,QB,MIA,2,NYJ,168,2,23,17,0,44,0,8,0,0,0,0,0,0,0,0,0,0,0,0,0,0,,,,,
SEA,DEF,SEA,2,CHI,,,,,,,,,,,,,,,,,,,,,,,0,0,0,0,24.0
SF,DEF,SF,2,DET,,,,,,,,,,,,,,,,,,,,,,,0,0,0,0,27.0
Sam Bradford,QB,ARI,2,LA,90,0,27,17,1,0,0,0,0,0,0,0,0,0,0,0,0,0,0,0,0,0,,,,,
Sam Darnold,QB,NYJ,2,MIA,334,1,41,25,2,1,0,2,0,0,0,0,0,0,0,0,0,0,0,0,0,0,,,,,
Sammy Watkins,WR,KC,2,PIT,0,0,0,0,0,31,0,1,6,100,0,7,0,0,0,0,0,0,0,0,0,0,,,,,
Saquon Barkley,RB,NYG,2,DAL,0,0,0,0,0,28,0,11,14,80,0,16,0,0,0,0,0,0,0,0,0,0,,,,,
Sebastian Janikowski,K,SEA,2,CHI,0,0,0,0,0,0,0,0,0,0,0,0,0,0,0,0,0,0,0,1,0,2,,,,,
Seth Roberts,WR,LV,2,DEN,0,0,0,0,0,0,0,0,3,43,1,3,0,0,0,0,0,0,0,0,0,0,,,,,
Shaun Wilson,RB,TB,2,PHI,0,0,0,0,0,9,0,1,0,0,0,0,0,0,0,0,0,0,0,0,0,0,,,,,
Shelton Gibson,WR,PHI,2,TB,0,0,0,0,0,0,0,0,0,0,0,2,0,0,0,0,0,0,0,0,0,0,,,,,
Sony Michel,RB,NE,2,JAX,0,0,0,0,0,34,0,10,1,7,0,2,0,0,0,0,0,0,0,0,0,0,,,,,
Spencer Ware,RB,KC,2,PIT,0,0,0,0,0,3,0,1,0,0,0,0,0,0,0,0,0,0,0,0,0,0,,,,,
Stacy Coley,WR,MIN,2,GB,0,0,0,0,0,0,0,0,0,0,0,1,0,0,0,0,0,0,0,0,0,0,,,,,
Stefon Diggs,WR,MIN,2,GB,0,0,0,0,0,1,0,1,9,128,2,13,0,0,1,0,0,0,0,0,0,0,,,,,
Stephen Gostkowski,K,NE,2,JAX,0,0,0,0,0,0,0,0,0,0,0,0,0,0,0,0,1,0,1,0,0,2,,,,,
Sterling Shepard,WR,NYG,2,DAL,0,0,0,0,0,0,0,0,3,24,0,5,0,0,0,0,0,0,0,0,0,0,,,,,
Stevan Ridley,RB,PIT,2,KC,0,0,0,0,0,2,0,1,1,5,0,1,0,0,0,0,0,0,0,0,0,0,,,,,
Steven Hauschka,K,BUF,2,LAC,0,0,0,0,0,0,0,0,0,0,0,0,0,0,0,0,0,0,2,0,0,2,,,,,
T.J. Logan,RB,ARI,2,LA,0,0,0,0,0,0,0,0,0,0,0,0,0,0,0,0,0,0,0,0,0,0,,,,,
T.J. Yeldon,RB,JAX,2,NE,0,0,0,0,0,58,0,10,2,13,0,5,0,0,0,0,0,0,0,0,0,0,,,,,
T.Y. Hilton,WR,IND,2,WAS,0,0,0,0,0,0,0,0,7,83,1,11,0,0,0,0,0,0,0,0,0,0,,,,,
TB,DEF,TB,2,PHI,,,,,,,,,,,,,,,,,,,,,,,0,0,0,0,21.0
TEN,DEF,TEN,2,HOU,,,,,,,,,,,,,,,,,,,,,,,0,0,0,0,17.0
Tajae Sharpe,WR,TEN,2,HOU,0,0,0,0,0,0,0,0,1,14,0,2,0,0,0,0,0,0,0,0,0,0,,,,,
Tanner McEvoy,WR,MIA,2,NYJ,0,0,0,0,0,0,0,0,0,0,0,0,0,0,0,0,0,0,0,0,0,0,,,,,
Tarik Cohen,RB,CHI,2,SEA,0,0,0,0,0,8,0,4,1,17,0,1,0,0,0,0,0,0,0,0,0,0,,,,,
Tavon Austin,WR,DAL,2,NYG,0,0,0,0,0,15,0,1,2,79,1,2,0,0,0,0,0,0,0,0,0,0,,,,,
Taylor Gabriel,WR,CHI,2,SEA,0,0,0,0,0,17,0,3,4,30,0,7,0,0,0,0,0,0,0,0,0,0,,,,,
Taysom Hill,TE,NO,2,CLE,0,0,0,0,0,0,0,0,0,0,0,0,0,0,0,0,0,0,0,0,0,0,,,,,
Taywan Taylor,WR,TEN,2,HOU,0,0,0,0,0,0,0,0,3,32,1,4,0,0,0,0,0,0,0,0,0,0,,,,,
Ted Ginn,WR,NO,2,CLE,0,0,0,0,0,0,0,0,4,55,0,7,0,0,0,0,0,0,0,0,0,0,,,,,
Terrance Williams,WR,DAL,2,NYG,0,0,0,0,0,0,0,0,1,12,0,1,0,0,0,0,0,0,0,0,0,0,,,,,
Terrelle Pryor,WR,NYJ,2,MIA,0,0,0,0,0,0,0,0,4,84,0,8,0,0,0,0,0,0,0,0,0,0,,,,,
Tevin Coleman,RB,ATL,2,CAR,0,0,0,0,0,107,0,16,4,18,0,4,0,0,0,0,0,0,0,0,0,0,,,,,
Theo Riddick,RB,DET,2,SF,0,0,0,0,0,0,0,0,9,47,0,12,0,0,0,0,0,0,0,0,0,0,,,,,
Tim Patrick,WR,DEN,2,LV,0,0,0,0,0,0,0,0,1,26,0,2,0,0,0,0,0,0,0,0,0,0,,,,,
Todd Gurley,RB,LA,2,ARI,0,0,0,0,0,42,3,19,3,31,0,3,0,0,2,0,0,0,0,0,0,0,,,,,
Tom Brady,QB,NE,2,JAX,234,2,35,24,0,10,0,3,0,0,0,0,0,0,0,0,0,0,0,0,0,0,,,,,
Tommylee Lewis,WR,NO,2,CLE,0,0,0,0,0,0,0,0,0,0,0,0,0,0,0,0,0,0,0,0,0,0,,,,,
Torrey Smith,WR,CAR,2,ATL,0,0,0,0,0,0,0,0,3,33,1,7,0,0,0,0,0,0,0,0,0,0,,,,,
Travis Kelce,TE,KC,2,PIT,0,0,0,0,0,0,0,0,7,109,2,10,0,0,0,0,0,0,0,0,0,0,,,,,
Tre'Quan Smith,WR,NO,2,CLE,0,0,0,0,0,0,0,0,1,18,0,1,0,0,0,0,0,0,0,0,0,0,,,,,
Trent Taylor,WR,SF,2,DET,0,0,0,0,0,0,0,0,0,0,0,2,0,0,0,0,0,0,0,0,0,0,,,,,
Trey Burton,TE,CHI,2,SEA,0,0,0,0,0,2,0,1,4,20,1,4,0,0,0,0,0,0,0,0,0,0,,,,,
Ty Montgomery,WR,GB,2,MIN,0,0,0,0,0,31,0,5,1,9,0,2,0,0,0,0,0,0,0,0,0,0,,,,,
Tyler Boyd,WR,CIN,2,BAL,0,0,0,0,0,0,0,0,6,91,1,9,0,0,0,0,0,0,0,0,0,0,,,,,
Tyler Eifert,TE,CIN,2,BAL,0,0,0,0,0,0,0,0,2,23,0,4,0,0,0,0,0,0,0,0,0,0,,,,,
Tyler Ervin,RB,HOU,2,TEN,0,0,0,0,0,0,0,0,0,0,0,0,0,0,0,0,0,0,0,0,0,0,,,,,
Tyler Higbee,TE,LA,2,ARI,0,0,0,0,0,0,0,0,1,3,1,2,0,0,0,0,0,0,0,0,0,0,,,,,
Tyler Kroft,TE,CIN,2,BAL,0,0,0,0,0,0,0,0,2,11,0,2,0,0,0,0,0,0,0,0,0,0,,,,,
Tyler Lockett,WR,SEA,2,CHI,0,0,0,0,0,0,0,0,5,60,1,7,0,0,0,0,0,0,0,0,0,0,,,,,
Tyreek Hill,WR,KC,2,PIT,0,0,0,0,0,0,0,0,5,90,1,6,0,0,0,0,0,0,0,0,0,0,,,,,
Tyrell Williams,WR,LAC,2,BUF,0,0,0,0,0,0,0,0,3,48,0,3,0,0,0,0,0,0,0,0,0,0,,,,,
Tyrod Taylor,QB,CLE,2,NO,246,1,30,22,1,26,0,4,0,0,0,0,0,0,0,0,0,0,0,0,0,0,,,,,
Vance McDonald,TE,PIT,2,KC,0,0,0,0,0,0,0,0,3,26,0,5,0,0,0,0,0,0,0,0,0,0,,,,,
Vernon Davis,TE,WAS,2,IND,0,0,0,0,0,0,0,0,1,7,0,1,0,0,0,0,0,0,0,0,0,0,,,,,
Virgil Green,TE,LAC,2,BUF,0,0,0,0,0,0,0,0,3,55,0,3,0,0,0,0,0,0,0,0,0,0,,,,,
WAS,DEF,WAS,2,IND,,,,,,,,,,,,,,,,,,,,,,,0,0,0,0,21.0
Wayne Gallman,RB,NYG,2,DAL,0,0,0,0,0,2,0,1,1,11,0,1,0,0,0,0,0,0,0,0,0,0,,,,,
Wendell Smallwood,RB,PHI,2,TB,0,0,0,0,0,28,0,7,1,2,0,1,0,0,0,0,0,0,0,0,0,0,,,,,
Wil Lutz,K,NO,2,CLE,0,0,0,0,0,0,0,0,0,0,0,0,0,0,0,0,0,1,1,0,0,1,,,,,
Will Dissly,TE,SEA,2,CHI,0,0,0,0,0,0,0,0,3,42,1,5,0,0,0,0,0,0,0,0,0,0,,,,,
Will Fuller,WR,HOU,2,TEN,0,0,0,0,0,0,0,0,8,113,1,9,0,0,0,0,0,0,0,0,0,0,,,,,
Willie Snead,WR,BAL,2,CIN,0,0,0,0,0,0,0,0,5,54,0,8,0,0,0,0,0,0,0,0,0,0,,,,,
Zach Ertz,TE,PHI,2,TB,0,0,0,0,0,0,0,0,11,94,0,13,0,0,0,0,0,0,0,0,0,0,,,,,
Zach Pascal,WR,IND,2,WAS,0,0,0,0,0,0,0,0,0,0,0,0,0,0,0,0,0,0,0,0,0,0,,,,,
Zane Gonzalez,K,CLE,2,NO,0,0,0,0,0,0,0,0,0,0,0,0,0,0,0,0,0,2,0,0,0,0,,,,,
Zay Jones,WR,BUF,2,LAC,0,0,0,0,0,0,0,0,2,63,0,3,0,0,0,0,0,0,0,0,0,0,,,,,
A.J. Derby,TE,MIA,3,LV,0,0,0,0,0,0,0,0,1,16,0,1,0,0,0,0,0,0,0,0,0,0,,,,,
A.J. Green,WR,CIN,3,CAR,0,0,0,0,0,0,0,0,5,58,0,8,0,0,0,0,0,0,0,0,0,0,,,,,
ARI,DEF,ARI,3,CHI,,,,,,,,,,,,,,,,,,,,,,,0,0,0,0,16.0
ATL,DEF,ATL,3,NO,,,,,,,,,,,,,,,,,,,,,,,0,0,0,0,43.0
Aaron Jones,RB,GB,3,WAS,0,0,0,0,0,42,0,6,1,5,0,1,0,0,0,0,0,0,0,0,0,0,,,,,
Aaron Rodgers,QB,GB,3,WAS,265,2,44,27,0,13,0,2,0,0,0,0,0,0,0,0,0,0,0,0,0,0,,,,,
Adam Humphries,WR,TB,3,PIT,0,0,0,0,0,4,0,1,3,30,0,5,0,0,0,0,0,0,0,0,0,0,,,,,
Adam Thielen,WR,MIN,3,BUF,0,0,0,0,0,0,0,0,14,105,0,19,0,0,0,0,0,0,0,0,0,0,,,,,
Adam Vinatieri,K,IND,3,PHI,0,0,0,0,0,0,0,0,0,0,0,0,0,0,0,0,1,2,0,0,0,1,,,,,
Adrian Peterson,RB,WAS,3,GB,0,0,0,0,0,120,2,19,0,0,0,0,0,0,0,0,0,0,0,0,0,0,,,,,
Albert Wilson,WR,MIA,3,LV,52,1,1,1,0,0,0,0,2,74,1,2,0,0,0,0,0,0,0,0,0,0,,,,,
Aldrick Robinson,WR,MIN,3,BUF,0,0,0,0,0,0,0,0,1,9,0,1,0,0,0,0,0,0,0,0,0,0,,,,,
Aldrick Rosas,K,NYG,3,HOU,0,0,0,0,0,0,0,0,0,0,0,0,0,0,0,0,0,1,1,0,0,3,,,,,
Alex Armah,RB,CAR,3,CIN,0,0,0,0,0,1,0,1,0,0,0,0,0,0,0,0,0,0,0,0,0,0,,,,,
Alex Collins,RB,BAL,3,DEN,0,0,0,0,0,68,1,18,3,6,0,4,0,0,0,0,0,0,0,0,0,0,,,,,
Alex Erickson,WR,CIN,3,CAR,0,0,0,0,0,0,0,0,0,0,0,0,0,0,0,0,0,0,0,0,0,0,,,,,
Alex Smith,QB,WAS,3,GB,220,2,20,12,1,20,0,7,0,0,0,0,0,0,0,0,0,0,0,0,0,0,,,,,
Alfred Blue,RB,HOU,3,NYG,0,0,0,0,0,13,0,4,1,4,0,1,0,0,0,0,0,0,0,0,0,0,,,,,
Alfred Morris,RB,SF,3,KC,0,0,0,0,0,67,1,14,0,0,0,0,0,0,0,0,0,0,0,0,0,0,,,,,
Allen Hurns,WR,DAL,3,SEA,0,0,0,0,0,0,0,0,2,22,0,4,0,0,0,0,0,0,0,0,0,0,,,,,
Allen Robinson,WR,CHI,3,ARI,0,0,0,0,0,0,0,0,3,50,0,7,0,0,0,0,0,0,0,0,0,0,,,,,
Alvin Kamara,RB,NO,3,ATL,0,0,0,0,0,66,0,16,15,124,0,20,0,0,0,0,0,0,0,0,0,0,,,,,
Amari Cooper,WR,LV,3,MIA,0,0,0,0,0,0,0,0,2,17,0,5,0,0,0,0,0,0,0,0,0,0,,,,,
Andre Holmes,WR,BUF,3,MIN,0,0,0,0,0,0,0,0,3,29,0,4,0,0,0,0,0,0,0,0,0,0,,,,,
Andre Roberts,WR,NYJ,3,CLE,0,0,0,0,0,0,0,0,0,0,0,0,0,0,0,0,0,0,0,0,0,0,,,,,
Andrew Luck,QB,IND,3,PHI,164,1,40,25,0,33,0,1,0,0,0,0,0,0,0,0,0,0,0,0,0,0,,,,,
Andy Dalton,QB,CIN,3,CAR,352,2,46,29,4,0,0,0,0,0,0,0,0,0,0,0,0,0,0,0,0,0,,,,,
Anthony Miller,WR,CHI,3,ARI,0,0,0,0,0,0,0,0,4,35,0,5,0,0,0,0,0,0,0,0,0,0,,,,,
Antonio Brown,WR,PIT,3,TB,0,0,0,0,0,0,0,0,6,50,1,9,0,0,0,0,0,0,0,0,0,0,,,,,
Antonio Callaway,WR,CLE,3,NYJ,0,0,0,0,0,0,0,0,4,20,0,11,0,0,0,0,0,0,0,0,0,0,,,,,
Antonio Gates,TE,LAC,3,LA,0,0,0,0,0,0,0,0,3,45,0,5,0,0,0,0,0,0,0,0,0,0,,,,,
Austin Carr,WR,NO,3,ATL,0,0,0,0,0,0,0,0,1,25,0,2,0,0,0,0,0,0,0,0,0,0,,,,,
Austin Ekeler,RB,LAC,3,LA,0,0,0,0,0,47,0,4,3,24,0,3,0,0,0,0,0,0,0,0,0,0,,,,,
Austin Hooper,TE,ATL,3,NO,0,0,0,0,0,0,0,0,3,23,0,4,0,0,1,0,0,0,0,0,0,0,,,,,
Austin Seferian-Jenkins,TE,JAX,3,TEN,0,0,0,0,0,0,0,0,3,18,0,5,0,0,0,0,0,0,0,0,0,0,,,,,
BAL,DEF,BAL,3,DEN,,,,,,,,,,,,,,,,,,,,,,,0,0,0,0,14.0
BUF,DEF,BUF,3,MIN,,,,,,,,,,,,,,,,,,,,,,,0,0,0,0,6.0
Baker Mayfield,QB,CLE,3,NYJ,201,0,23,17,0,-2,0,2,0,0,0,0,0,0,1,0,0,0,0,0,0,0,,,,,
Ben Roethlisberger,QB,PIT,3,TB,353,3,38,30,1,-1,0,4,0,0,0,0,0,0,0,0,0,0,0,0,0,0,,,,,
Benjamin Watson,TE,NO,3,ATL,0,0,0,0,0,0,0,0,5,71,0,6,0,0,0,0,0,0,0,0,0,0,,,,,
Benny Cunningham,RB,CHI,3,ARI,0,0,0,0,0,0,0,0,1,9,0,2,0,0,0,0,0,0,0,0,0,0,,,,,
Bilal Powell,RB,NYJ,3,CLE,0,0,0,0,0,73,0,14,0,0,0,1,0,0,0,0,0,0,0,0,0,0,,,,,
Blaine Gabbert,QB,TEN,3,JAX,8,0,3,1,0,0,0,0,0,0,0,0,0,0,0,0,0,0,0,0,0,0,,,,,
Blake Bortles,QB,JAX,3,TEN,155,0,34,21,0,27,0,5,0,0,0,0,0,0,0,0,0,0,0,0,0,0,,,,,
Blake Jarwin,TE,DAL,3,SEA,0,0,0,0,0,0,0,0,0,0,0,1,0,0,0,0,0,0,0,0,0,0,,,,,
Brandin Cooks,WR,LA,3,LAC,0,0,0,0,0,0,0,0,7,90,0,8,0,0,0,0,0,0,0,0,0,0,,,,,
Brandon Marshall,WR,SEA,3,DAL,0,0,0,0,0,0,0,0,2,30,0,6,0,0,0,0,0,0,0,0,0,0,,,,,
Brandon McManus,K,DEN,3,BAL,0,0,0,0,0,0,0,0,0,0,0,0,0,0,0,0,0,0,0,0,0,2,,,,,
Brandon Wilds,RB,JAX,3,TEN,0,0,0,0,0,5,0,1,0,0,0,0,0,0,0,0,0,0,0,0,0,0,,,,,
Brett Maher,K,DAL,3,SEA,0,0,0,0,0,0,0,0,0,0,0,0,0,0,0,0,0,1,0,1,0,1,,,,,
Bruce Ellington,WR,HOU,3,NYG,0,0,0,0,0,0,0,0,1,10,0,1,0,0,0,0,0,0,0,0,0,0,,,,,
Buddy Howell,RB,HOU,3,NYG,0,0,0,0,0,0,0,0,0,0,0,0,0,0,0,0,0,0,0,0,0,0,,,,,
C.J. Anderson,RB,CAR,3,CIN,0,0,0,0,0,9,0,2,1,24,1,1,0,0,0,0,0,0,0,0,0,0,,,,,
C.J. Uzomah,TE,CIN,3,CAR,0,0,0,0,0,0,0,0,2,19,1,2,0,0,0,0,0,0,0,0,0,0,,,,,
CAR,DEF,CAR,3,CIN,,,,,,,,,,,,,,,,,,,,,,,0,0,0,0,21.0
CHI,DEF,CHI,3,ARI,,,,,,,,,,,,,,,,,,,,,,,0,0,0,0,14.0
CIN,DEF,CIN,3,CAR,,,,,,,,,,,,,,,,,,,,,,,0,0,0,0,31.0
CLE,DEF,CLE,3,NYJ,,,,,,,,,,,,,,,,,,,,,,,0,0,0,0,17.0
Caleb Sturgis,K,LAC,3,LA,0,0,0,0,0,0,0,0,0,0,0,0,0,0,0,0,1,0,0,0,0,2,,,,,
Calvin Ridley,WR,ATL,3,NO,0,0,0,0,0,9,0,1,7,146,3,8,0,0,0,0,0,0,0,0,0,0,,,,,
Cam Newton,QB,CAR,3,CIN,150,2,24,15,0,36,2,10,0,0,0,0,0,0,0,0,0,0,0,0,0,0,,,,,
Cameron Brate,TE,TB,3,PIT,0,0,0,0,0,0,0,0,3,34,1,4,0,0,0,0,0,0,0,0,0,0,,,,,
Cameron Meredith,WR,NO,3,ATL,0,0,0,0,0,0,0,0,1,11,1,1,0,0,0,0,0,0,0,0,0,0,,,,,
Carlos Hyde,RB,CLE,3,NYJ,0,0,0,0,0,98,2,23,2,5,0,2,0,0,0,0,0,0,0,0,0,0,,,,,
Carson Wentz,QB,PHI,3,IND,255,1,37,25,1,10,0,3,0,0,0,0,0,0,0,0,0,0,0,0,0,0,,,,,
Case Keenum,QB,DEN,3,BAL,192,0,34,22,1,0,0,0,0,0,0,0,0,0,0,0,0,0,0,0,0,0,,,,,
Chad Williams,WR,ARI,3,CHI,0,0,0,0,0,0,0,0,1,8,0,4,0,0,0,0,0,0,0,0,0,0,,,,,
Chandler Catanzaro,K,TB,3,PIT,0,0,0,0,0,0,0,0,0,0,0,0,0,0,0,0,2,0,0,0,0,3,,,,,
Charles Clay,TE,BUF,3,MIN,0,0,0,0,0,0,0,0,2,18,0,3,0,0,0,0,0,0,0,0,0,0,,,,,
Chase Edmonds,RB,ARI,3,CHI,0,0,0,0,0,10,0,5,0,0,0,0,0,0,0,0,0,0,0,0,0,0,,,,,
Chester Rogers,WR,IND,3,PHI,0,0,0,0,0,0,0,0,2,14,0,4,0,0,0,0,0,0,0,0,0,0,,,,,
Chris Boswell,K,PIT,3,TB,0,0,0,0,0,0,0,0,0,0,0,0,0,0,0,0,0,1,0,0,0,3,,,,,
Chris Carson,RB,SEA,3,DAL,0,0,0,0,0,102,1,32,2,22,0,2,0,0,0,0,0,0,0,0,0,0,,,,,
Chris Conley,WR,KC,3,SF,0,0,0,0,0,0,0,0,2,13,1,3,0,0,0,0,0,0,0,0,0,0,,,,,
Chris Godwin Jr.,WR,TB,3,PIT,0,0,0,0,0,0,0,0,5,74,1,10,0,0,0,0,0,0,0,0,0,0,,,,,
Chris Herndon,TE,NYJ,3,CLE,0,0,0,0,0,0,0,0,2,-1,0,2,0,0,0,0,0,0,0,0,0,0,,,,,
Chris Hogan,WR,NE,3,DET,0,0,0,0,0,0,0,0,3,31,0,4,0,0,0,0,0,0,0,0,0,0,,,,,
Chris Ivory,RB,BUF,3,MIN,0,0,0,0,0,56,0,20,3,70,0,4,0,0,0,0,0,0,0,0,0,0,,,,,
Chris Thompson,RB,WAS,3,GB,0,0,0,0,0,17,0,6,1,0,0,2,0,0,0,0,0,0,0,0,0,0,,,,,
Christian Kirk,WR,ARI,3,CHI,0,0,0,0,0,0,0,0,7,90,0,8,0,0,0,0,0,0,0,0,0,0,,,,,
Christian McCaffrey,RB,CAR,3,CIN,0,0,0,0,0,184,0,28,2,10,0,2,0,0,0,0,0,0,0,0,0,0,,,,,
Cody Latimer,WR,NYG,3,HOU,0,0,0,0,0,0,0,0,1,15,0,2,0,0,0,0,0,0,0,0,0,0,,,,,
Cody Parkey,K,CHI,3,ARI,0,0,0,0,0,0,0,0,0,0,0,0,0,0,0,0,1,0,2,0,0,1,,,,,
Cole Beasley,WR,DAL,3,SEA,0,0,0,0,0,0,0,0,3,46,0,5,0,0,0,0,0,0,0,0,0,0,,,,,
Cole Wick,TE,SF,3,KC,0,0,0,0,0,0,0,0,0,0,0,0,0,0,0,0,0,0,0,0,0,0,,,,,
Cooper Kupp,WR,LA,3,LAC,0,0,0,0,0,-3,0,1,4,71,1,5,0,0,0,0,0,0,0,0,0,0,,,,,
Cordarrelle Patterson,RB,NE,3,DET,0,0,0,0,0,0,0,0,1,12,0,1,0,0,0,0,0,0,0,0,0,0,,,,,
Corey Clement,RB,PHI,3,IND,0,0,0,0,0,56,0,16,3,19,0,4,0,0,0,0,0,0,0,0,0,0,,,,,
Corey Davis,WR,TEN,3,JAX,0,0,0,0,0,0,0,0,2,34,0,4,0,0,0,0,0,0,0,0,0,0,,,,,
Corey Grant,RB,JAX,3,TEN,0,0,0,0,0,11,0,6,1,-1,0,2,0,0,0,0,0,0,0,0,0,0,,,,,
Courtland Sutton,WR,DEN,3,BAL,0,0,0,0,0,0,0,0,2,37,0,3,0,0,0,0,0,0,0,0,0,0,,,,,
DAL,DEF,DAL,3,SEA,,,,,,,,,,,,,,,,,,,,,,,0,0,0,0,24.0
DEN,DEF,DEN,3,BAL,,,,,,,,,,,,,,,,,,,,,,,0,0,0,0,27.0
DET,DEF,DET,3,NE,,,,,,,,,,,,,,,,,,,,,,,0,0,0,0,10.0
DJ Chark,WR,JAX,3,TEN,0,0,0,0,0,0,0,0,0,0,0,1,0,0,0,0,0,0,0,0,0,0,,,,,
DJ Moore,WR,CAR,3,CIN,0,0,0,0,0,0,0,0,1,3,0,2,0,0,0,0,0,0,0,0,0,0,,,,,
DaeSean Hamilton,WR,DEN,3,BAL,0,0,0,0,0,0,0,0,0,0,0,0,0,0,0,0,0,0,0,0,0,0,,,,,
Dak Prescott,QB,DAL,3,SEA,168,1,34,19,2,21,0,2,0,0,0,0,0,0,0,0,0,0,0,0,0,0,,,,,
Dallas Goedert,TE,PHI,3,IND,0,0,0,0,0,0,0,0,7,73,1,7,0,0,0,0,0,0,0,0,0,0,,,,,
Damien Williams,RB,KC,3,SF,0,0,0,0,0,0,0,0,2,16,0,2,0,0,0,0,0,0,0,0,0,0,,,,,
Dan Bailey,K,MIN,3,BUF,0,0,0,0,0,0,0,0,0,0,0,0,0,0,0,0,0,0,0,0,0,0,,,,,
Danny Amendola,WR,MIA,3,LV,0,0,0,0,0,0,0,0,3,42,0,3,0,0,0,0,0,0,0,0,0,0,,,,,
Dante Pettis,WR,SF,3,KC,0,0,0,0,0,0,0,0,0,0,0,0,0,0,0,0,0,0,0,0,0,0,,,,,
Darius Jennings,WR,TEN,3,JAX,0,0,0,0,0,0,0,0,1,7,0,1,0,0,0,0,0,0,0,0,0,0,,,,,
Darrius Heyward-Bey,WR,PIT,3,TB,0,0,0,0,0,0,0,0,0,0,0,0,0,0,0,0,0,0,0,0,0,0,,,,,
Davante Adams,WR,GB,3,WAS,0,0,0,0,0,0,0,0,7,52,1,9,0,0,0,0,0,0,0,0,0,0,,,,,
David Johnson,RB,ARI,3,CHI,0,0,0,0,0,31,0,12,4,30,1,4,0,0,0,0,0,0,0,0,0,0,,,,,
David Njoku,TE,CLE,3,NYJ,0,0,0,0,0,0,0,0,2,36,0,2,0,0,0,0,0,0,0,0,0,0,,,,,
De'Anthony Thomas,WR,KC,3,SF,0,0,0,0,0,0,0,0,0,0,0,0,0,0,0,0,0,0,0,0,0,0,,,,,
DeAndre Hopkins,WR,HOU,3,NYG,0,0,0,0,0,0,0,0,6,86,0,10,0,0,0,0,0,0,0,0,0,0,,,,,
DeSean Jackson,WR,TB,3,PIT,0,0,0,0,0,0,0,0,3,37,0,5,0,0,0,0,0,0,0,0,0,0,,,,,
DeVante Parker,WR,MIA,3,LV,0,0,0,0,0,0,0,0,2,40,0,3,0,0,0,0,0,0,0,0,0,0,,,,,
Dede Westbrook,WR,JAX,3,TEN,0,0,0,0,0,0,0,0,3,31,0,4,0,0,0,0,0,0,0,0,0,0,,,,,
Demarcus Robinson,WR,KC,3,SF,0,0,0,0,0,0,0,0,0,0,0,1,0,0,0,0,0,0,0,0,0,0,,,,,
Demaryius Thomas,WR,DEN,3,BAL,0,0,0,0,0,0,0,0,5,63,0,5,0,0,0,0,0,0,0,0,0,0,,,,,
Demetrius Harris,TE,KC,3,SF,0,0,0,0,0,0,0,0,1,13,1,3,0,0,0,0,0,0,0,0,0,0,,,,,
Deonte Thompson,WR,DAL,3,SEA,0,0,0,0,0,0,0,0,2,23,0,2,0,0,0,0,0,0,0,0,0,0,,,,,
Derek Carr,QB,LV,3,MIA,345,1,39,27,2,-2,0,2,0,0,0,0,0,0,0,0,0,0,0,0,0,0,,,,,
Derek Carrier,TE,LV,3,MIA,0,0,0,0,0,0,0,0,0,0,0,0,0,0,0,0,0,0,0,0,0,0,,,,,
Derrick Henry,RB,TEN,3,JAX,0,0,0,0,0,57,0,18,0,0,0,1,0,0,0,0,0,0,0,0,0,0,,,,,
Deshaun Watson,QB,HOU,3,NYG,385,2,40,24,1,36,0,5,0,0,0,0,0,0,0,0,0,0,0,0,0,0,,,,,
Devin Funchess,WR,CAR,3,CIN,0,0,0,0,0,0,0,0,4,67,1,7,0,0,0,0,0,0,0,0,0,0,,,,,
Devontae Booker,RB,DEN,3,BAL,0,0,0,0,0,10,0,5,5,34,0,7,0,0,0,0,0,0,0,0,0,0,,,,,
Dion Lewis,RB,TEN,3,JAX,0,0,0,0,0,26,0,9,3,14,0,3,0,0,0,0,0,0,0,0,0,0,,,,,
Dion Sims,TE,CHI,3,ARI,0,0,0,0,0,0,0,0,0,0,0,0,0,0,0,0,0,0,0,0,0,0,,,,,
Donte Moncrief,WR,JAX,3,TEN,0,0,0,0,0,0,0,0,2,16,0,3,0,0,0,0,0,0,0,0,0,0,,,,,
Doug Martin,RB,LV,3,MIA,0,0,0,0,0,43,0,9,0,0,0,0,0,0,0,0,0,0,0,0,0,0,,,,,
Drew Brees,QB,NO,3,ATL,396,3,49,39,0,7,2,3,0,0,0,0,0,0,0,0,0,0,0,0,0,0,,,,,
Duke Johnson,RB,CLE,3,NYJ,0,0,0,0,0,9,0,2,2,24,0,2,0,0,0,0,0,0,0,0,0,0,,,,,
Dustin Hopkins,K,WAS,3,GB,0,0,0,0,0,0,0,0,0,0,0,0,0,0,0,0,0,1,0,0,0,4,,,,,
Dwayne Harris,WR,LV,3,MIA,0,0,0,0,0,0,0,0,2,11,0,2,0,0,0,0,0,0,0,0,0,0,,,,,
Eli Manning,QB,NYG,3,HOU,297,2,29,25,0,-1,0,1,0,0,0,0,0,0,0,0,0,0,0,0,0,0,,,,,
Emmanuel Sanders,WR,DEN,3,BAL,0,0,0,0,0,35,1,1,5,38,0,8,0,0,0,0,0,0,0,0,0,0,,,,,
Eric Ebron,TE,IND,3,PHI,0,0,0,0,0,0,0,0,5,33,0,11,0,0,0,0,0,0,0,0,0,0,,,,,
Eric Tomlinson,TE,NYJ,3,CLE,0,0,0,0,0,0,0,0,1,14,0,2,0,0,0,0,0,0,0,0,0,0,,,,,
Erik Swoope,TE,IND,3,PHI,0,0,0,0,0,0,0,0,1,7,0,1,0,0,0,0,0,0,0,0,0,0,,,,,
Evan Engram,TE,NYG,3,HOU,0,0,0,0,0,0,0,0,1,19,0,1,0,0,0,0,0,0,0,0,0,0,,,,,
Ezekiel Elliott,RB,DAL,3,SEA,0,0,0,0,0,127,0,16,3,11,0,8,0,0,0,0,0,0,0,0,0,0,,,,,
Frank Gore,RB,MIA,3,LV,0,0,0,0,0,12,0,6,0,0,0,0,0,0,0,0,0,0,0,0,0,0,,,,,
GB,DEF,GB,3,WAS,,,,,,,,,,,,,,,,,,,,,,,0,0,0,0,31.0
Garrett Celek,TE,SF,3,KC,0,0,0,0,0,0,0,0,1,7,0,1,0,0,0,0,0,0,0,0,0,0,,,,,
Geoff Swaim,TE,DAL,3,SEA,0,0,0,0,0,0,0,0,5,47,0,7,0,0,0,0,0,0,0,0,0,0,,,,,
George Kittle,TE,SF,3,KC,0,0,0,0,0,0,0,0,5,79,0,7,0,0,1,0,0,0,0,0,0,0,,,,,
Gerald Everett,TE,LA,3,LAC,0,0,0,0,0,0,0,0,1,3,0,2,0,0,0,0,0,0,0,0,0,0,,,,,
Geronimo Allison,WR,GB,3,WAS,0,0,0,0,0,0,0,0,2,76,1,4,0,0,0,0,0,0,0,0,0,0,,,,,
Giovani Bernard,RB,CIN,3,CAR,0,0,0,0,0,61,1,12,5,25,0,9,0,0,0,0,0,0,0,0,0,0,,,,,
Golden Tate,WR,DET,3,NE,0,0,0,0,0,0,0,0,6,69,0,8,0,0,0,0,0,0,0,0,0,0,,,,,
Graham Gano,K,CAR,3,CIN,0,0,0,0,0,0,0,0,0,0,0,0,0,0,0,0,0,0,1,0,0,4,,,,,
Greg Joseph,K,CLE,3,NYJ,0,0,0,0,0,0,0,0,0,0,0,0,0,0,0,0,1,0,1,0,0,1,,,,,
HOU,DEF,HOU,3,NYG,,,,,,,,,,,,,,,,,,,,,,,0,0,0,0,27.0
Harrison Butker,K,KC,3,SF,0,0,0,0,0,0,0,0,0,0,0,0,0,0,0,0,0,1,0,0,0,5,,,,,
IND,DEF,IND,3,PHI,,,,,,,,,,,,,,,,,,,,,,,0,0,0,0,20.0
Ian Thomas,TE,CAR,3,CIN,0,0,0,0,0,0,0,0,3,20,0,5,0,0,0,0,0,0,0,0,0,0,,,,,
Isaiah Crowell,RB,NYJ,3,CLE,0,0,0,0,0,34,2,16,2,17,0,3,0,0,0,0,0,0,0,0,0,0,,,,,
Ito Smith,RB,ATL,3,NO,0,0,0,0,0,-6,0,2,3,41,0,4,0,0,0,0,0,0,0,0,0,0,,,,,
J.J. Jones,WR,LAC,3,LA,0,0,0,0,0,0,0,0,0,0,0,0,0,0,0,0,0,0,0,0,0,0,,,,,
J.J. Nelson,WR,ARI,3,CHI,0,0,0,0,0,0,0,0,0,0,0,1,0,0,0,0,0,0,0,0,0,0,,,,,
JAX,DEF,JAX,3,TEN,,,,,,,,,,,,,,,,,,,,,,,0,0,0,0,9.0
Jacoby Brissett,QB,IND,3,PHI,0,0,1,0,0,0,0,0,0,0,0,0,0,0,0,0,0,0,0,0,0,0,,,,,
Jacquizz Rodgers,RB,TB,3,PIT,0,0,0,0,0,-1,0,2,2,18,0,3,0,0,0,0,0,0,0,0,0,0,,,,,
Jake Butt,TE,DEN,3,BAL,0,0,0,0,0,0,0,0,2,8,0,4,0,0,0,0,0,0,0,0,0,0,,,,,
Jake Elliott,K,PHI,3,IND,0,0,0,0,0,0,0,0,0,0,0,0,0,0,0,0,1,1,0,0,0,2,,,,,
Jakeem Grant,WR,MIA,3,LV,0,0,0,0,0,0,0,0,2,70,2,3,0,0,0,0,0,0,0,0,0,0,,,,,
Jalen Richard,RB,LV,3,MIA,0,0,0,0,0,0,0,0,6,59,0,7,0,0,0,0,0,0,0,0,0,0,,,,,
Jamaal Williams,RB,GB,3,WAS,0,0,0,0,0,29,0,5,2,16,0,3,0,0,0,0,0,0,0,0,0,0,,,,,
Jamal Agnew,WR,DET,3,NE,0,0,0,0,0,0,0,0,0,0,0,0,0,0,0,0,0,0,0,0,0,0,,,,,
James Conner,RB,PIT,3,TB,0,0,0,0,0,61,0,15,5,34,0,6,0,0,0,0,0,0,0,0,0,0,,,,,
James O'Shaughnessy,TE,JAX,3,TEN,0,0,0,0,0,0,0,0,0,0,0,1,0,0,0,0,0,0,0,0,0,0,,,,,
James Washington,WR,PIT,3,TB,0,0,0,0,0,0,0,0,2,25,0,2,0,0,0,0,0,0,0,0,0,0,,,,,
James White,RB,NE,3,DET,0,0,0,0,0,37,0,4,3,14,1,3,0,0,0,0,0,0,0,0,0,0,,,,,
Jamison Crowder,WR,WAS,3,GB,0,0,0,0,0,6,0,1,4,39,1,4,0,0,0,0,0,0,0,0,0,0,,,,,
Jamize Olawale,RB,DAL,3,SEA,0,0,0,0,0,0,0,0,0,0,0,0,0,0,0,0,0,0,0,0,0,0,,,,,
Jared Cook,TE,LV,3,MIA,0,0,0,0,0,0,0,0,5,31,0,6,0,0,0,0,0,0,0,0,0,0,,,,,
Jared Goff,QB,LA,3,LAC,354,3,36,29,1,14,0,3,0,0,0,0,0,0,0,0,0,0,0,0,0,0,,,,,
Jarius Wright,WR,CAR,3,CIN,0,0,0,0,0,0,0,0,1,7,0,1,0,0,0,0,0,0,0,0,0,0,,,,,
Jaron Brown,WR,SEA,3,DAL,0,0,0,0,0,0,0,0,2,25,1,2,0,0,0,0,0,0,0,0,0,0,,,,,
Jarvis Landry,WR,CLE,3,NYJ,0,0,0,0,0,0,0,0,8,103,0,14,0,0,1,0,0,0,0,0,0,0,,,,,
Jason Croom,TE,BUF,3,MIN,0,0,0,0,0,0,0,0,1,26,1,1,0,0,0,0,0,0,0,0,0,0,,,,,
Jason Myers,K,NYJ,3,CLE,0,0,0,0,0,0,0,0,0,0,0,0,0,0,0,0,1,0,0,0,0,2,,,,,
Jason Sanders,K,MIA,3,LV,0,0,0,0,0,0,0,0,0,0,0,0,0,0,0,0,0,0,0,0,0,4,,,,,
Javorius Allen,RB,BAL,3,DEN,0,0,0,0,0,7,1,6,3,19,1,4,0,0,0,0,0,0,0,0,0,0,,,,,
Jaydon Mickens,WR,JAX,3,TEN,0,0,0,0,0,0,0,0,0,0,0,0,0,0,0,0,0,0,0,0,0,0,,,,,
Jeff Heuerman,TE,DEN,3,BAL,0,0,0,0,0,0,0,0,2,7,0,4,0,0,0,0,0,0,0,0,0,0,,,,,
Jermaine Gresham,TE,ARI,3,CHI,0,0,0,0,0,0,0,0,1,9,0,2,0,0,0,0,0,0,0,0,0,0,,,,,
Jermaine Kearse,WR,NYJ,3,CLE,0,0,0,0,0,0,0,0,3,35,0,6,0,0,0,0,0,0,0,0,0,0,,,,,
Jesse James,TE,PIT,3,TB,0,0,0,0,0,0,0,0,1,7,0,1,0,0,0,0,0,0,0,0,0,0,,,,,
Jimmy Garoppolo,QB,SF,3,KC,251,2,30,20,0,23,0,3,0,0,0,0,0,0,1,0,0,0,0,0,0,0,,,,,
Jimmy Graham,TE,GB,3,WAS,0,0,0,0,0,0,0,0,5,45,0,7,0,0,0,0,0,0,0,0,0,0,,,,,
JoJo Natson,WR,LA,3,LAC,0,0,0,0,0,0,0,0,0,0,0,0,0,0,0,0,0,0,0,0,0,0,,,,,
Joe Flacco,QB,BAL,3,DEN,277,1,40,25,0,2,0,4,0,0,0,0,0,0,0,0,0,0,0,0,0,0,,,,,
John Brown,WR,BAL,3,DEN,0,0,0,0,0,0,0,0,5,86,0,9,0,0,0,0,0,0,0,0,0,0,,,,,
John Ross,WR,CIN,3,CAR,0,0,0,0,0,0,0,0,3,16,0,7,0,0,0,0,0,0,0,0,0,0,,,,,
Jonathan Stewart,RB,NYG,3,HOU,0,0,0,0,0,8,0,2,0,0,0,0,0,0,0,0,0,0,0,0,0,0,,,,,
Jonathan Williams,RB,NO,3,ATL,0,0,0,0,0,1,0,1,1,1,0,1,0,0,0,0,0,0,0,0,0,0,,,,,
Jonnu Smith,TE,TEN,3,JAX,0,0,0,0,0,0,0,0,1,9,0,2,0,0,0,0,0,0,0,0,0,0,,,,,
Jordan Akins,TE,HOU,3,NYG,0,0,0,0,0,0,0,0,1,18,0,1,0,0,0,0,0,0,0,0,0,0,,,,,
Jordan Howard,RB,CHI,3,ARI,0,0,0,0,0,61,1,24,2,20,0,2,0,0,0,0,0,0,0,0,0,0,,,,,
Jordan Leggett,TE,NYJ,3,CLE,0,0,0,0,0,0,0,0,0,0,0,1,0,0,0,0,0,0,0,0,0,0,,,,,
Jordan Matthews,TE,PHI,3,IND,0,0,0,0,0,0,0,0,2,21,0,2,0,0,0,0,0,0,0,0,0,0,,,,,
Jordan Reed,TE,WAS,3,GB,0,0,0,0,0,0,0,0,4,65,0,7,0,0,0,0,0,0,0,0,0,0,,,,,
Jordan Wilkins,RB,IND,3,PHI,0,0,0,0,0,19,0,6,2,1,0,2,0,0,0,0,0,0,0,0,0,0,,,,,
Jordy Nelson,WR,LV,3,MIA,0,0,0,0,0,0,0,0,6,173,1,8,0,0,0,0,0,0,0,0,0,0,,,,,
Josh Adams,RB,PHI,3,IND,0,0,0,0,0,30,0,6,0,0,0,0,0,0,0,0,0,0,0,0,0,0,,,,,
Josh Allen,QB,BUF,3,MIN,196,1,22,15,0,39,2,10,0,0,0,0,0,0,0,0,0,0,0,0,0,0,,,,,
Josh Bellamy,WR,CHI,3,ARI,0,0,0,0,0,0,0,0,1,2,0,1,0,0,0,0,0,0,0,0,0,0,,,,,
Josh Doctson,WR,WAS,3,GB,0,0,0,0,0,0,0,0,0,0,0,3,0,0,0,0,0,0,0,0,0,0,,,,,
Josh Hill,TE,NO,3,ATL,0,0,0,0,0,0,0,0,1,17,0,1,0,0,0,0,0,0,0,0,0,0,,,,,
Josh Lambo,K,JAX,3,TEN,0,0,0,0,0,0,0,0,0,0,0,0,0,0,0,0,0,1,1,0,0,0,,,,,
Josh Malone,WR,CIN,3,CAR,0,0,0,0,0,0,0,0,1,12,0,3,0,0,0,0,0,0,0,0,0,0,,,,,
Josh Perkins,TE,PHI,3,IND,0,0,0,0,0,0,0,0,1,10,0,4,0,0,0,0,0,0,0,0,0,0,,,,,
Josh Rosen,QB,ARI,3,CHI,36,0,7,4,1,12,0,1,0,0,0,0,0,0,0,0,0,0,0,0,0,0,,,,,
JuJu Smith-Schuster,WR,PIT,3,TB,0,0,0,0,0,0,0,0,9,116,0,11,0,0,0,0,0,0,0,0,0,0,,,,,
Julio Jones,WR,ATL,3,NO,0,0,0,0,0,0,0,0,5,96,0,6,0,0,0,0,0,0,0,0,0,0,,,,,
Justin Davis,RB,LA,3,LAC,0,0,0,0,0,0,0,0,0,0,0,0,0,0,0,0,0,0,0,0,0,0,,,,,
Justin Hardy,WR,ATL,3,NO,0,0,0,0,0,0,0,0,0,0,0,0,0,0,0,0,0,0,0,0,0,0,,,,,
Justin Tucker,K,BAL,3,DEN,0,0,0,0,0,0,0,0,0,0,0,0,0,0,0,0,0,0,0,2,0,3,,,,,
KC,DEF,KC,3,SF,,,,,,,,,,,,,,,,,,,,,,,0,0,0,0,27.0
Ka'imi Fairbairn,K,HOU,3,NYG,0,0,0,0,0,0,0,0,0,0,0,0,0,0,0,0,2,0,0,1,0,1,,,,,
Kamar Aiken,WR,PHI,3,IND,0,0,0,0,0,0,0,0,0,0,0,0,0,0,0,0,0,0,0,0,0,0,,,,,
Kapri Bibbs,RB,WAS,3,GB,0,0,0,0,0,3,0,2,0,0,0,0,0,0,0,0,0,0,0,0,0,0,,,,,
Kareem Hunt,RB,KC,3,SF,0,0,0,0,0,44,2,18,0,0,0,1,0,0,0,0,0,0,0,0,0,0,,,,,
Keelan Cole,WR,JAX,3,TEN,0,0,0,0,0,0,0,0,5,40,0,9,0,0,0,0,0,0,0,0,0,0,,,,,
Keenan Allen,WR,LAC,3,LA,0,0,0,0,0,0,0,0,3,44,0,7,0,0,0,0,0,0,0,0,0,0,,,,,
Kelvin Benjamin,WR,BUF,3,MIN,0,0,0,0,0,0,0,0,3,29,0,5,0,0,0,0,0,0,0,0,0,0,,,,,
Kendrick Bourne,WR,SF,3,KC,0,0,0,0,0,0,0,0,1,27,0,2,0,0,0,0,0,0,0,0,0,0,,,,,
Kenny Golladay,WR,DET,3,NE,0,0,0,0,0,0,0,0,6,53,1,7,0,0,0,0,0,0,0,0,0,0,,,,,
Kenny Stills,WR,MIA,3,LV,0,0,0,0,0,0,0,0,3,61,1,5,0,0,0,0,0,0,0,0,0,0,,,,,
Kenyan Drake,RB,MIA,3,LV,0,0,0,0,0,3,0,5,2,7,0,4,0,0,0,0,0,0,0,0,0,0,,,,,
Kerryon Johnson,RB,DET,3,NE,0,0,0,0,0,101,0,16,2,9,0,3,0,0,0,0,0,0,0,0,0,0,,,,,
KhaDarel Hodge,WR,LA,3,LAC,0,0,0,0,0,0,0,0,0,0,0,0,0,0,0,0,0,0,0,0,0,0,,,,,
Kirk Cousins,QB,MIN,3,BUF,296,1,55,40,1,2,0,2,0,0,0,0,0,0,0,0,0,0,0,0,0,0,,,,,
Kyle Juszczyk,RB,SF,3,KC,0,0,0,0,0,0,0,0,2,38,1,4,0,0,0,0,0,0,0,0,0,0,,,,,
Kyle Rudolph,TE,MIN,3,BUF,0,0,0,0,0,0,0,0,5,48,1,6,0,0,0,0,0,0,0,0,0,0,,,,,
LA,DEF,LA,3,LAC,,,,,,,,,,,,,,,,,,,,,,,0,0,0,0,23.0
LAC,DEF,LAC,3,LA,,,,,,,,,,,,,,,,,,,,,,,0,0,0,0,35.0
LV,DEF,LV,3,MIA,,,,,,,,,,,,,,,,,,,,,,,0,0,0,0,0.0
Lamar Jackson,QB,BAL,3,DEN,0,0,0,0,0,0,0,0,0,0,0,1,0,0,0,0,0,0,0,0,0,0,,,,,
Lamar Miller,RB,HOU,3,NYG,0,0,0,0,0,10,0,10,5,41,1,6,0,0,0,0,0,0,0,0,0,0,,,,,
Lance Kendricks,TE,GB,3,WAS,0,0,0,0,0,0,0,0,0,0,0,1,0,0,0,0,0,0,0,0,0,0,,,,,
Laquon Treadwell,WR,MIN,3,BUF,0,0,0,0,0,0,0,0,4,33,0,4,0,0,0,0,0,0,0,0,0,0,,,,,
Larry Fitzgerald,WR,ARI,3,CHI,0,0,0,0,0,0,0,0,2,9,0,2,0,0,0,0,0,0,0,0,0,0,,,,,
Latavius Murray,RB,MIN,3,BUF,0,0,0,0,0,1,0,2,5,30,0,7,0,0,0,0,0,0,0,0,0,0,,,,,
LeGarrette Blount,RB,DET,3,NE,0,0,0,0,0,48,0,16,2,17,0,2,0,0,0,0,0,0,0,0,0,0,,,,,
Logan Paulsen,TE,ATL,3,NO,0,0,0,0,0,0,0,0,1,11,0,1,0,0,0,0,0,0,0,0,0,0,,,,,
Luke Stocker,TE,TEN,3,JAX,0,0,0,0,0,0,0,0,1,11,0,2,0,0,0,0,0,0,0,0,0,0,,,,,
Luke Willson,TE,DET,3,NE,0,0,0,0,0,0,0,0,2,10,0,3,0,0,0,0,0,0,0,0,0,0,,,,,
MIA,DEF,MIA,3,LV,,,,,,,,,,,,,,,,,,,,,,,0,0,0,0,20.0
MIN,DEF,MIN,3,BUF,,,,,,,,,,,,,,,,,,,,,,,0,0,0,0,27.0
Malcolm Brown,RB,LA,3,LAC,0,0,0,0,0,42,0,5,0,0,0,1,0,0,0,0,0,0,0,0,0,0,,,,,
Marcus Johnson,WR,IND,3,PHI,0,0,0,0,0,-2,0,1,0,0,0,0,0,0,0,0,0,0,0,0,0,0,,,,,
Marcus Kemp,WR,KC,3,SF,0,0,0,0,0,0,0,0,1,7,0,1,0,0,0,0,0,0,0,0,0,0,,,,,
Marcus Mariota,QB,TEN,3,JAX,100,0,18,12,0,51,0,7,0,0,0,0,0,0,0,0,0,0,0,0,0,0,,,,,
Marcus Murphy,RB,BUF,3,MIN,0,0,0,0,0,33,0,8,1,1,0,1,0,0,0,0,0,0,0,0,0,0,,,,,
Mark Andrews,TE,BAL,3,DEN,0,0,0,0,0,0,0,0,2,59,0,3,0,0,0,0,0,0,0,0,0,0,,,,,
Marquez Valdes-Scantling,WR,GB,3,WAS,0,0,0,0,0,0,0,0,0,0,0,1,0,0,0,0,0,0,0,0,0,0,,,,,
Marquise Goodwin,WR,SF,3,KC,0,0,0,0,0,-2,0,1,3,30,1,4,0,0,0,0,0,0,0,0,0,0,,,,,
Marshawn Lynch,RB,LV,3,MIA,0,0,0,0,0,64,1,19,3,22,0,4,0,0,0,0,0,0,0,0,0,0,,,,,
Martavis Bryant,WR,LV,3,MIA,0,0,0,0,0,4,0,1,2,30,0,5,0,0,0,0,0,0,0,0,0,0,,,,,
Marvin Hall,WR,ATL,3,NO,0,0,0,0,0,0,0,0,1,7,0,1,0,0,0,0,0,0,0,0,0,0,,,,,
Marvin Jones,WR,DET,3,NE,0,0,0,0,0,0,0,0,4,69,1,6,0,0,0,0,0,0,0,0,0,0,,,,,
Mason Crosby,K,GB,3,WAS,0,0,0,0,0,0,0,0,0,0,0,1,0,0,0,0,0,0,1,0,0,2,,,,,
Matt Breida,RB,SF,3,KC,0,0,0,0,0,90,0,10,3,27,0,3,0,0,0,0,0,0,0,0,0,0,,,,,
Matt Bryant,K,ATL,3,NO,0,0,0,0,0,0,0,0,0,0,0,0,0,0,0,0,0,0,0,0,0,3,,,,,
Matt Prater,K,DET,3,NE,0,0,0,0,0,0,0,0,0,0,0,0,0,0,0,0,1,3,0,0,0,2,,,,,
Matt Ryan,QB,ATL,3,NO,374,5,35,26,0,12,0,4,0,0,0,0,0,0,2,0,0,0,0,0,0,0,,,,,
Matthew Slater,WR,NE,3,DET,0,0,0,0,0,0,0,0,0,0,0,0,0,0,0,0,0,0,0,0,0,0,,,,,
Matthew Stafford,QB,DET,3,NE,262,2,36,27,1,10,0,1,0,0,0,0,0,0,0,0,0,0,0,0,0,0,,,,,
Maxx Williams,TE,BAL,3,DEN,0,0,0,0,0,0,0,0,1,5,0,1,0,0,0,0,0,0,0,0,0,0,,,,,
Melvin Gordon,RB,LAC,3,LA,0,0,0,0,0,80,1,15,2,4,0,4,0,0,0,0,0,0,0,0,0,0,,,,,
Michael Crabtree,WR,BAL,3,DEN,0,0,0,0,0,0,0,0,7,61,0,10,0,0,0,0,0,0,0,0,0,0,,,,,
Michael Gallup,WR,DAL,3,SEA,0,0,0,0,0,0,0,0,1,17,0,4,0,0,0,0,0,0,0,0,0,0,,,,,
Michael Thomas,WR,NO,3,ATL,0,0,0,0,0,0,0,0,10,129,0,10,0,0,0,0,0,0,0,0,0,0,,,,,
Mike Boone,RB,MIN,3,BUF,0,0,0,0,0,11,0,2,1,0,0,1,0,0,0,0,0,0,0,0,0,0,,,,,
Mike Davis,RB,SEA,3,DAL,0,0,0,0,0,0,0,0,1,7,0,1,0,0,0,0,0,0,0,0,0,0,,,,,
Mike Evans,WR,TB,3,PIT,0,0,0,0,0,0,0,0,6,137,1,11,0,0,0,0,0,0,0,0,0,0,,,,,
Mike Gesicki,TE,MIA,3,LV,0,0,0,0,0,0,0,0,3,31,0,3,0,0,0,0,0,0,0,0,0,0,,,,,
Mike Gillislee,RB,NO,3,ATL,0,0,0,0,0,10,0,3,0,0,0,0,0,0,0,0,0,0,0,0,0,0,,,,,
Mike Nugent,K,LV,3,MIA,0,0,0,0,0,0,0,0,0,0,0,0,0,0,0,0,1,0,0,1,0,2,,,,,
Mike Williams,WR,LAC,3,LA,0,0,0,0,0,0,0,0,4,81,2,7,0,0,0,0,0,0,0,0,0,0,,,,,
Mitchell Trubisky,QB,CHI,3,ARI,220,0,35,24,1,8,0,2,0,0,0,0,0,0,0,0,0,0,0,0,0,0,,,,,
Mohamed Sanu,WR,ATL,3,NO,0,0,0,0,0,0,0,0,4,36,1,7,0,0,1,0,0,0,0,0,0,0,,,,,
NE,DEF,NE,3,DET,,,,,,,,,,,,,,,,,,,,,,,0,0,0,0,26.0
NO,DEF,NO,3,ATL,,,,,,,,,,,,,,,,,,,,,,,0,0,0,0,37.0
NYG,DEF,NYG,3,HOU,,,,,,,,,,,,,,,,,,,,,,,0,0,0,0,22.0
NYJ,DEF,NYJ,3,CLE,,,,,,,,,,,,,,,,,,,,,,,0,0,0,0,21.0
Nelson Agholor,WR,PHI,3,IND,0,0,0,0,0,0,0,0,4,24,0,5,0,0,0,0,0,0,0,0,0,0,,,,,
Nick Boyle,TE,BAL,3,DEN,0,0,0,0,0,0,0,0,1,2,0,1,0,0,0,0,0,0,0,0,0,0,,,,,
Nick Chubb,RB,CLE,3,NYJ,0,0,0,0,0,6,0,2,0,0,0,0,0,0,0,0,0,0,0,0,0,0,,,,,
Nick Vannett,TE,SEA,3,DAL,0,0,0,0,0,0,0,0,4,27,0,5,0,0,0,0,0,0,0,0,0,0,,,,,
Niles Paul,TE,JAX,3,TEN,0,0,0,0,0,0,0,0,0,0,0,0,0,0,0,0,0,0,0,0,0,0,,,,,
Nyheim Hines,RB,IND,3,PHI,0,0,0,0,0,18,0,5,5,25,0,5,0,0,0,0,0,0,0,0,0,0,,,,,
O.J. Howard,TE,TB,3,PIT,0,0,0,0,0,0,0,0,6,72,0,8,0,0,0,0,0,0,0,0,0,0,,,,,
Odell Beckham Jr.,WR,NYG,3,HOU,0,0,0,0,0,0,0,1,9,109,0,10,0,0,0,0,0,0,0,0,0,0,,,,,
Orson Charles,TE,CLE,3,NYJ,0,0,0,0,0,0,0,0,0,0,0,1,0,0,0,0,0,0,0,0,0,0,,,,,
PHI,DEF,PHI,3,IND,,,,,,,,,,,,,,,,,,,,,,,0,0,0,0,16.0
PIT,DEF,PIT,3,TB,,,,,,,,,,,,,,,,,,,,,,,1,0,0,0,27.0
Patrick Mahomes,QB,KC,3,SF,314,3,38,24,0,7,0,5,0,0,0,0,0,0,0,0,0,0,0,0,0,0,,,,,
Patrick Ricard,RB,BAL,3,DEN,0,0,0,0,0,0,0,0,0,0,0,0,0,0,0,0,0,0,0,0,0,0,,,,,
Paul Richardson,WR,WAS,3,GB,0,0,0,0,0,0,0,0,1,46,1,2,0,0,0,0,0,0,0,0,0,0,,,,,
Peyton Barber,RB,TB,3,PIT,0,0,0,0,0,33,0,8,0,0,0,2,0,0,0,0,0,0,0,0,0,0,,,,,
Phil Dawson,K,ARI,3,CHI,0,0,0,0,0,0,0,0,0,0,0,0,0,0,0,0,0,0,0,0,0,2,,,,,
Philip Rivers,QB,LAC,3,LA,226,2,30,18,0,0,0,0,0,0,0,0,0,0,0,0,0,0,0,0,0,0,,,,,
Phillip Dorsett,WR,NE,3,DET,0,0,0,0,0,0,0,0,0,0,0,5,0,0,0,0,0,0,0,0,0,0,,,,,
Phillip Lindsay,RB,DEN,3,BAL,0,0,0,0,0,20,0,4,0,0,0,2,0,0,0,0,0,0,0,0,0,0,,,,,
Pierre Garcon,WR,SF,3,KC,0,0,0,0,0,0,0,0,1,11,0,4,0,0,0,0,0,0,0,0,0,0,,,,,
Quincy Enunwa,WR,NYJ,3,CLE,0,0,0,0,0,0,0,0,4,57,0,8,0,0,0,0,0,0,0,0,0,0,,,,,
Raheem Mostert,RB,SF,3,KC,0,0,0,0,0,0,0,1,1,8,0,1,0,0,0,0,0,0,0,0,0,0,,,,,
Randall Cobb,WR,GB,3,WAS,0,0,0,0,0,0,0,0,4,22,0,11,0,0,0,0,0,0,0,0,0,0,,,,,
Randy Bullock,K,CIN,3,CAR,0,0,0,0,0,0,0,0,0,0,0,0,0,0,0,0,0,0,0,0,0,3,,,,,
Rashaad Penny,RB,SEA,3,DAL,0,0,0,0,0,5,0,3,0,0,0,0,0,0,0,0,0,0,0,0,0,0,,,,,
Rashard Higgins,WR,CLE,3,NYJ,0,0,0,0,0,0,0,0,3,32,0,3,0,0,0,0,0,0,0,0,0,0,,,,,
Ray-Ray McCloud,WR,BUF,3,MIN,0,0,0,0,0,0,0,0,1,6,0,1,0,0,0,0,0,0,0,0,0,0,,,,,
Rex Burkhead,RB,NE,3,DET,0,0,0,0,0,0,0,0,2,26,0,3,0,0,0,0,0,0,0,0,0,0,,,,,
Rhett Ellison,TE,NYG,3,HOU,0,0,0,0,0,0,0,0,3,39,1,3,0,0,0,0,0,0,0,0,0,0,,,,,
Ricky Seals-Jones,TE,ARI,3,CHI,0,0,0,0,0,0,0,0,1,35,1,3,0,0,0,0,0,0,0,0,0,0,,,,,
Rico Gathers,TE,DAL,3,SEA,0,0,0,0,0,0,0,0,0,0,0,0,0,0,0,0,0,0,0,0,0,0,,,,,
Rishard Matthews,WR,TEN,3,JAX,0,0,0,0,0,0,0,0,1,3,0,2,0,0,0,0,0,0,0,0,0,0,,,,,
Rob Gronkowski,TE,NE,3,DET,0,0,0,0,0,0,0,0,4,51,0,5,0,0,0,0,0,0,0,0,0,0,,,,,
Robbie Chosen,WR,NYJ,3,CLE,0,0,0,0,0,0,0,0,2,22,0,4,0,0,0,0,0,0,0,0,0,0,,,,,
Robbie Gould,K,SF,3,KC,0,0,0,0,0,0,0,0,0,0,0,0,0,0,0,0,0,2,0,0,0,1,,,,,
Robert Foster,WR,BUF,3,MIN,0,0,0,0,0,0,0,0,0,0,0,2,0,0,0,0,0,0,0,0,0,0,,,,,
Robert Woods,WR,LA,3,LAC,0,0,0,0,0,13,0,3,10,104,2,11,0,0,0,0,0,0,0,0,0,0,,,,,
Royce Freeman,RB,DEN,3,BAL,0,0,0,0,0,53,1,13,1,5,0,1,0,0,0,0,0,0,0,0,0,0,,,,,
Russell Wilson,QB,SEA,3,DAL,192,2,26,16,0,-1,0,2,0,0,0,0,0,0,0,0,0,0,0,0,0,0,,,,,
Ryan Fitzpatrick,QB,TB,3,PIT,411,3,50,30,3,27,0,5,0,0,0,0,0,0,0,0,0,0,0,0,0,0,,,,,
Ryan Grant,WR,IND,3,PHI,0,0,0,0,0,0,0,0,3,35,1,5,0,0,0,0,0,0,0,0,0,0,,,,,
Ryan Griffin,TE,HOU,3,NYG,0,0,0,0,0,0,0,0,2,44,0,4,0,0,0,0,0,0,0,0,0,0,,,,,
Ryan Succop,K,TEN,3,JAX,0,0,0,0,0,0,0,0,0,0,0,0,0,0,0,0,1,2,0,0,0,0,,,,,
Ryan Switzer,WR,PIT,3,TB,0,0,0,0,0,0,0,0,3,9,1,3,0,0,0,0,0,0,0,0,0,0,,,,,
Ryan Tannehill,QB,MIA,3,LV,289,3,23,17,0,26,0,3,0,0,0,0,0,0,0,0,0,0,0,0,0,0,,,,,
SEA,DEF,SEA,3,DAL,,,,,,,,,,,,,,,,,,,,,,,0,0,0,0,13.0
SF,DEF,SF,3,KC,,,,,,,,,,,,,,,,,,,,,,,0,0,0,0,38.0
Sam Bradford,QB,ARI,3,CHI,157,2,19,13,2,0,0,0,0,0,0,0,0,0,0,0,0,0,0,0,0,0,,,,,
Sam Darnold,QB,NYJ,3,CLE,169,0,31,15,2,0,0,0,0,0,0,0,0,0,0,0,0,0,0,0,0,0,,,,,
Sam Ficken,K,LA,3,LAC,0,0,0,0,0,0,0,0,0,0,0,0,0,0,0,0,0,0,0,0,0,5,,,,,
Sammy Watkins,WR,KC,3,SF,0,0,0,0,0,20,0,2,5,55,1,8,0,0,0,0,0,0,0,0,0,0,,,,,
Saquon Barkley,RB,NYG,3,HOU,0,0,0,0,0,82,1,17,5,35,0,5,0,0,0,0,0,0,0,0,0,0,,,,,
Scott Simonson,TE,NYG,3,HOU,0,0,0,0,0,0,0,0,0,0,0,0,0,0,0,0,0,0,0,0,0,0,,,,,
Sebastian Janikowski,K,SEA,3,DAL,0,0,0,0,0,0,0,0,0,0,0,0,0,0,0,0,0,0,1,0,0,3,,,,,
Senorise Perry,RB,MIA,3,LV,0,0,0,0,0,0,0,0,0,0,0,0,0,0,0,0,0,0,0,0,0,0,,,,,
Shaun Wilson,RB,TB,3,PIT,0,0,0,0,0,0,0,0,2,9,0,2,0,0,0,0,0,0,0,0,0,0,,,,,
Sony Michel,RB,NE,3,DET,0,0,0,0,0,50,0,14,1,-1,0,3,0,0,0,0,0,0,0,0,0,0,,,,,
Spencer Ware,RB,KC,3,SF,0,0,0,0,0,1,0,1,2,29,0,3,0,0,0,0,0,0,0,0,0,0,,,,,
Stacy Coley,WR,NYG,3,HOU,0,0,0,0,0,0,0,0,0,0,0,0,0,0,0,0,0,0,0,0,0,0,,,,,
Stefon Diggs,WR,MIN,3,BUF,0,0,0,0,0,0,0,0,4,17,0,10,0,0,0,0,0,0,0,0,0,0,,,,,
Stephen Gostkowski,K,NE,3,DET,0,0,0,0,0,0,0,0,0,0,0,0,0,0,0,0,0,1,0,0,0,1,,,,,
Sterling Shepard,WR,NYG,3,HOU,0,0,0,0,0,0,0,0,6,80,1,7,0,0,0,0,0,0,0,0,0,0,,,,,
Stevan Ridley,RB,PIT,3,TB,0,0,0,0,0,18,0,3,0,0,0,0,0,0,0,0,0,0,0,0,0,0,,,,,
Steven Hauschka,K,BUF,3,MIN,0,0,0,0,0,0,0,0,0,0,0,0,0,0,0,0,0,1,0,1,0,3,,,,,
T.J. Jones,WR,DET,3,NE,0,0,0,0,0,0,0,0,1,4,0,2,0,0,0,0,0,0,0,0,0,0,,,,,
T.J. Yeldon,RB,JAX,3,TEN,0,0,0,0,0,44,0,7,6,46,0,7,0,0,0,0,0,0,0,0,0,0,,,,,
T.Y. Hilton,WR,IND,3,PHI,0,0,0,0,0,0,0,0,5,50,0,10,0,0,0,0,0,0,0,0,0,0,,,,,
TB,DEF,TB,3,PIT,,,,,,,,,,,,,,,,,,,,,,,0,0,0,0,30.0
TEN,DEF,TEN,3,JAX,,,,,,,,,,,,,,,,,,,,,,,0,0,0,0,6.0
Taiwan Jones,RB,BUF,3,MIN,0,0,0,0,0,0,0,0,0,0,0,0,0,0,0,0,0,0,0,0,0,0,,,,,
Tajae Sharpe,WR,TEN,3,JAX,0,0,0,0,0,16,0,1,0,0,0,1,0,0,0,0,0,0,0,0,0,0,,,,,
Tarik Cohen,RB,CHI,3,ARI,0,0,0,0,0,53,0,5,3,15,0,3,0,0,0,0,0,0,0,0,0,0,,,,,
Tavon Austin,WR,DAL,3,SEA,0,0,0,0,0,18,0,1,3,2,1,3,0,0,0,0,0,0,0,0,0,0,,,,,
Taylor Gabriel,WR,CHI,3,ARI,0,0,0,0,0,0,0,0,6,34,0,10,0,0,0,0,0,0,0,0,0,0,,,,,
Taysom Hill,TE,NO,3,ATL,0,0,0,0,0,39,0,3,0,0,0,0,0,0,0,0,0,0,0,0,0,0,,,,,
Taywan Taylor,WR,TEN,3,JAX,0,0,0,0,0,0,0,0,4,30,0,5,0,0,0,0,0,0,0,0,0,0,,,,,
Ted Ginn,WR,NO,3,ATL,0,0,0,0,0,20,0,1,3,12,1,6,0,0,0,0,0,0,0,0,0,0,,,,,
Terrelle Pryor,WR,NYJ,3,CLE,0,0,0,0,0,0,0,0,1,25,0,3,0,0,0,0,0,0,0,0,0,0,,,,,
Tevin Coleman,RB,ATL,3,NO,0,0,0,0,0,33,0,15,2,14,1,3,0,0,0,0,0,0,0,0,0,0,,,,,
Theo Riddick,RB,DET,3,NE,0,0,0,0,0,0,0,0,3,36,0,3,0,0,0,0,0,0,0,0,0,0,,,,,
Tim White,WR,BAL,3,DEN,0,0,0,0,0,0,0,0,0,0,0,0,0,0,0,0,0,0,0,0,0,0,,,,,
Todd Gurley,RB,LA,3,LAC,0,0,0,0,0,105,1,23,5,51,0,6,0,0,0,0,0,0,0,0,0,0,,,,,
Tom Brady,QB,NE,3,DET,133,1,26,14,1,2,0,1,0,0,0,0,0,0,0,0,0,0,0,0,0,0,,,,,
Torrey Smith,WR,CAR,3,CIN,0,0,0,0,0,0,0,0,3,19,0,6,0,0,0,0,0,0,0,0,0,0,,,,,
Travis Kelce,TE,KC,3,SF,0,0,0,0,0,0,0,0,8,114,0,10,0,0,0,0,0,0,0,0,0,0,,,,,
Trent Taylor,WR,SF,3,KC,0,0,0,0,0,0,0,0,3,24,0,4,0,0,0,0,0,0,0,0,0,0,,,,,
Trey Burton,TE,CHI,3,ARI,0,0,0,0,0,0,0,0,4,55,0,5,0,0,0,0,0,0,0,0,0,0,,,,,
Ty Montgomery,WR,GB,3,WAS,0,0,0,0,0,16,0,4,6,49,0,7,0,0,0,0,0,0,0,0,0,0,,,,,
Tyler Boyd,WR,CIN,3,CAR,0,0,0,0,0,5,0,1,6,132,1,7,0,0,0,0,0,0,0,0,0,0,,,,,
Tyler Conklin,TE,MIN,3,BUF,0,0,0,0,0,0,0,0,1,7,0,1,0,0,0,0,0,0,0,0,0,0,,,,,
Tyler Eifert,TE,CIN,3,CAR,0,0,0,0,0,0,0,0,6,74,0,8,0,0,0,0,0,0,0,0,0,0,,,,,
Tyler Ervin,RB,HOU,3,NYG,0,0,0,0,0,0,0,0,0,0,0,0,0,0,0,0,0,0,0,0,0,0,,,,,
Tyler Higbee,TE,LA,3,LAC,0,0,0,0,0,0,0,0,2,35,0,2,0,0,0,0,0,0,0,0,0,0,,,,,
Tyler Kroft,TE,CIN,3,CAR,0,0,0,0,0,0,0,0,1,16,0,1,0,0,0,0,0,0,0,0,0,0,,,,,
Tyler Lockett,WR,SEA,3,DAL,0,0,0,0,0,5,0,1,4,77,1,6,0,0,0,0,0,0,0,0,0,0,,,,,
Tyreek Hill,WR,KC,3,SF,0,0,0,0,0,5,0,2,2,51,0,5,0,0,0,0,0,0,0,0,0,0,,,,,
Tyrell Williams,WR,LAC,3,LA,0,0,0,0,0,14,0,1,2,22,0,3,0,0,0,0,0,0,0,0,0,0,,,,,
Tyrod Taylor,QB,CLE,3,NYJ,19,0,14,4,0,22,0,4,0,0,0,0,0,0,0,0,0,0,0,0,0,0,,,,,
Vance McDonald,TE,PIT,3,TB,0,0,0,0,0,0,0,0,4,112,1,4,0,0,0,0,0,0,0,0,0,0,,,,,
Vernon Davis,TE,WAS,3,GB,0,0,0,0,0,0,0,0,2,70,0,2,0,0,0,0,0,0,0,0,0,0,,,,,
Virgil Green,TE,LAC,3,LA,0,0,0,0,0,0,0,0,1,6,0,1,0,0,0,0,0,0,0,0,0,0,,,,,
Vyncint Smith,WR,HOU,3,NYG,0,0,0,0,0,0,0,0,1,28,0,2,0,0,0,0,0,0,0,0,0,0,,,,,
WAS,DEF,WAS,3,GB,,,,,,,,,,,,,,,,,,,,,,,0,0,0,0,17.0
Wayne Gallman,RB,NYG,3,HOU,0,0,0,0,0,25,0,6,0,0,0,1,0,0,0,0,0,0,0,0,0,0,,,,,
Wendell Smallwood,RB,PHI,3,IND,0,0,0,0,0,56,1,10,3,35,0,5,0,0,0,0,0,0,0,0,0,0,,,,,
Wil Lutz,K,NO,3,ATL,0,0,0,0,0,0,0,0,0,0,0,0,0,0,0,0,1,0,2,0,0,4,,,,,
Will Dissly,TE,SEA,3,DAL,0,0,0,0,0,0,0,0,1,4,0,3,0,0,0,0,0,0,0,0,0,0,,,,,
Will Fuller,WR,HOU,3,NYG,0,0,0,0,0,0,0,0,5,101,1,11,0,0,0,0,0,0,0,0,0,0,,,,,
Willie Snead,WR,BAL,3,DEN,0,0,0,0,0,0,0,0,3,39,0,5,0,0,0,0,0,0,0,0,0,0,,,,,
Xavier Grimble,TE,PIT,3,TB,0,0,0,0,0,0,0,0,0,0,0,1,0,0,0,0,0,0,0,0,0,0,,,,,
Zach Ertz,TE,PHI,3,IND,0,0,0,0,0,0,0,0,5,73,0,10,0,0,0,0,0,0,0,0,0,0,,,,,
Zach Pascal,WR,IND,3,PHI,0,0,0,0,0,0,0,0,1,3,0,2,0,0,0,0,0,0,0,0,0,0,,,,,
Zay Jones,WR,BUF,3,MIN,0,0,0,0,0,0,0,0,1,17,0,1,0,0,0,0,0,0,0,0,0,0,,,,,
A.J. Green,WR,CIN,4,ATL,0,0,0,0,0,0,0,0,4,78,1,8,0,0,0,0,0,0,0,0,0,0,,,,,
ARI,DEF,ARI,4,SEA,,,,,,,,,,,,,,,,,,,,,,,0,0,0,0,20.0
ATL,DEF,ATL,4,CIN,,,,,,,,,,,,,,,,,,,,,,,0,0,0,0,37.0
Aaron Jones,RB,GB,4,BUF,0,0,0,0,0,65,1,11,1,17,0,1,0,0,0,0,0,0,0,0,0,0,,,,,
Aaron Rodgers,QB,GB,4,BUF,298,1,40,22,1,31,0,5,0,0,0,0,0,0,0,0,0,0,0,0,0,0,,,,,
Adam Humphries,WR,TB,4,CHI,0,0,0,0,0,0,0,0,6,36,0,7,0,0,0,0,0,0,0,0,0,0,,,,,
Adam Thielen,WR,MIN,4,LA,0,0,0,0,0,0,0,0,8,135,1,12,0,0,0,0,0,0,0,0,0,0,,,,,
Adam Vinatieri,K,IND,4,HOU,0,0,0,0,0,0,0,0,0,0,0,0,0,0,0,0,0,0,2,0,0,2,,,,,
Albert Wilson,WR,MIA,4,NE,0,0,0,0,0,2,0,1,4,19,0,6,0,0,0,0,0,0,0,0,0,0,,,,,
Aldrick Robinson,WR,MIN,4,LA,0,0,0,0,0,0,0,0,2,33,2,2,0,0,0,0,0,0,0,0,0,0,,,,,
Aldrick Rosas,K,NYG,4,NO,0,0,0,0,0,0,0,0,0,0,0,0,0,0,0,0,0,1,0,0,0,1,,,,,
Alex Collins,RB,BAL,4,PIT,0,0,0,0,0,42,0,11,1,3,1,1,0,0,0,0,0,0,0,0,0,0,,,,,
Alex Erickson,WR,CIN,4,ATL,0,0,0,0,0,8,0,1,1,8,0,2,0,0,0,0,0,0,0,0,0,0,,,,,
Alfred Blue,RB,HOU,4,IND,0,0,0,0,0,31,0,13,0,0,0,3,0,0,0,0,0,0,0,0,0,0,,,,,
Alfred Morris,RB,SF,4,LAC,0,0,0,0,0,14,0,4,1,4,0,3,0,0,0,0,0,0,0,0,0,0,,,,,
Allen Hurns,WR,DAL,4,DET,0,0,0,0,0,0,0,0,3,30,0,5,0,0,0,0,0,0,0,0,0,0,,,,,
Allen Robinson,WR,CHI,4,TB,0,0,0,0,0,0,0,0,2,23,1,4,0,0,0,0,0,0,0,0,0,0,,,,,
Alshon Jeffery,WR,PHI,4,TEN,0,0,0,0,0,0,0,0,8,105,1,9,0,0,0,0,0,0,0,0,0,0,,,,,
Alvin Kamara,RB,NO,4,NYG,0,0,0,0,0,134,3,19,5,47,0,9,0,0,0,0,0,0,0,0,0,0,,,,,
Amari Cooper,WR,LV,4,CLE,0,0,0,0,0,0,0,0,8,128,1,11,0,0,0,0,0,0,0,0,0,0,,,,,
Andre Holmes,WR,BUF,4,GB,0,0,0,0,0,0,0,0,2,8,0,3,0,0,0,0,0,0,0,0,0,0,,,,,
Andre Roberts,WR,NYJ,4,JAX,0,0,0,0,0,0,0,0,0,0,0,0,0,0,0,0,0,0,0,0,0,0,,,,,
Andrew Luck,QB,IND,4,HOU,464,4,62,40,0,11,0,3,0,0,0,0,0,0,1,0,0,0,0,0,0,0,,,,,
Andy Dalton,QB,CIN,4,ATL,337,3,41,29,1,13,0,2,0,0,0,0,0,0,0,0,0,0,0,0,0,0,,,,,
Antonio Brown,WR,PIT,4,BAL,0,0,0,0,0,0,0,0,5,62,1,11,0,0,0,0,0,0,0,0,0,0,,,,,
Antonio Callaway,WR,CLE,4,LV,0,0,0,0,0,0,0,0,3,54,0,9,0,0,0,0,0,0,0,0,0,0,,,,,
Antonio Gates,TE,LAC,4,SF,0,0,0,0,0,0,0,0,2,27,1,4,0,0,0,0,0,0,0,0,0,0,,,,,
Antony Auclair,TE,TB,4,CHI,0,0,0,0,0,0,0,0,1,8,0,1,0,0,0,0,0,0,0,0,0,0,,,,,
Austin Ekeler,RB,LAC,4,SF,0,0,0,0,0,25,0,8,2,31,1,3,0,0,0,0,0,0,0,0,0,0,,,,,
Austin Hooper,TE,ATL,4,CIN,0,0,0,0,0,0,0,0,1,19,0,2,0,0,0,0,0,0,0,0,0,0,,,,,
Austin Seferian-Jenkins,TE,JAX,4,NYJ,0,0,0,0,0,0,0,0,2,24,0,4,0,0,0,0,0,0,0,0,0,0,,,,,
BAL,DEF,BAL,4,PIT,,,,,,,,,,,,,,,,,,,,,,,0,0,0,0,14.0
BUF,DEF,BUF,4,GB,,,,,,,,,,,,,,,,,,,,,,,0,0,0,0,22.0
Baker Mayfield,QB,CLE,4,LV,295,2,41,21,2,10,0,4,0,0,0,0,0,0,0,0,0,0,0,0,0,0,,,,,
Ben Braunecker,TE,CHI,4,TB,0,0,0,0,0,0,0,0,0,0,0,0,0,0,0,0,0,0,0,0,0,0,,,,,
Ben Roethlisberger,QB,PIT,4,BAL,274,1,47,27,1,-1,0,1,0,0,0,0,0,0,1,0,0,0,0,0,0,0,,,,,
Benjamin Watson,TE,NO,4,NYG,0,0,0,0,0,0,0,0,1,23,0,3,0,0,0,0,0,0,0,0,0,0,,,,,
Benny Cunningham,RB,CHI,4,TB,0,0,0,0,0,0,0,1,0,0,0,0,0,0,0,0,0,0,0,0,0,0,,,,,
Bilal Powell,RB,NYJ,4,JAX,0,0,0,0,0,26,0,8,4,26,0,7,0,0,0,0,0,0,0,0,0,0,,,,,
Blake Bortles,QB,JAX,4,NYJ,388,2,38,29,1,28,0,3,0,0,0,0,0,0,0,0,0,0,0,0,0,0,,,,,
Blake Jarwin,TE,DAL,4,DET,0,0,0,0,0,0,0,0,0,0,0,0,0,0,0,0,0,0,0,0,0,0,,,,,
Brandin Cooks,WR,LA,4,MIN,0,0,0,0,0,10,0,1,7,116,1,8,0,0,0,0,0,0,0,0,0,0,,,,,
Brandon Marshall,WR,SEA,4,ARI,0,0,0,0,0,0,0,0,1,5,0,3,0,0,0,0,0,0,0,0,0,0,,,,,
Brandon McManus,K,DEN,4,KC,0,0,0,0,0,0,0,0,0,0,0,0,0,0,0,0,0,1,2,0,0,2,,,,,
Brandon Tate,WR,NO,4,NYG,0,0,0,0,0,0,0,0,0,0,0,0,0,0,0,0,0,0,0,0,0,0,,,,,
Brett Maher,K,DAL,4,DET,0,0,0,0,0,0,0,0,0,0,0,0,0,0,0,0,1,2,1,0,0,2,,,,,
Brian Hoyer,QB,NE,4,MIA,0,0,0,0,0,-3,0,3,0,0,0,0,0,0,0,0,0,0,0,0,0,0,,,,,
Brock Osweiler,QB,MIA,4,NE,35,1,5,4,0,7,0,1,0,0,0,0,0,0,0,0,0,0,0,0,0,0,,,,,
C.J. Beathard,QB,SF,4,LAC,298,2,37,23,2,19,0,7,0,0,0,0,0,0,0,0,0,0,0,0,0,0,,,,,
C.J. Uzomah,TE,CIN,4,ATL,0,0,0,0,0,0,0,0,1,6,0,1,0,0,0,0,0,0,0,0,0,0,,,,,
CHI,DEF,CHI,4,TB,,,,,,,,,,,,,,,,,,,,,,,0,0,0,0,10.0
CIN,DEF,CIN,4,ATL,,,,,,,,,,,,,,,,,,,,,,,0,0,0,0,36.0
CLE,DEF,CLE,4,LV,,,,,,,,,,,,,,,,,,,,,,,0,0,0,0,45.0
Caleb Sturgis,K,LAC,4,SF,0,0,0,0,0,0,0,0,0,0,0,0,0,0,0,0,2,0,1,0,0,0,,,,,
Calvin Ridley,WR,ATL,4,CIN,0,0,0,0,0,1,0,1,4,54,2,6,0,0,0,0,0,0,0,0,0,0,,,,,
Cameron Brate,TE,TB,4,CHI,0,0,0,0,0,0,0,0,3,29,1,4,0,0,0,0,0,0,0,0,0,0,,,,,
Cameron Meredith,WR,NO,4,NYG,0,0,0,0,0,0,0,0,3,32,0,4,0,0,0,0,0,0,0,0,0,0,,,,,
Carlos Hyde,RB,CLE,4,LV,0,0,0,0,0,82,1,22,0,0,0,1,0,0,0,0,0,0,0,0,0,0,,,,,
Carson Wentz,QB,PHI,4,TEN,348,2,50,33,0,8,0,2,0,0,0,0,0,0,0,0,0,0,0,0,0,0,,,,,
Case Keenum,QB,DEN,4,KC,245,0,33,21,1,0,0,0,0,0,0,0,0,0,0,0,0,0,0,0,0,0,,,,,
Chad Williams,WR,ARI,4,SEA,0,0,0,0,0,0,0,0,1,22,1,3,0,0,0,0,0,0,0,0,0,0,,,,,
Chandler Catanzaro,K,TB,4,CHI,0,0,0,0,0,0,0,0,0,0,0,0,0,0,0,0,0,1,0,0,0,1,,,,,
Charles Clay,TE,BUF,4,GB,0,0,0,0,0,0,0,0,4,40,0,6,0,0,0,0,0,0,0,0,0,0,,,,,
Chase Daniel,QB,CHI,4,TB,0,0,0,0,0,-2,0,2,0,0,0,0,0,0,0,0,0,0,0,0,0,0,,,,,
Chase Edmonds,RB,ARI,4,SEA,0,0,0,0,0,1,0,3,0,0,0,0,0,0,0,0,0,0,0,0,0,0,,,,,
Chester Rogers,WR,IND,4,HOU,0,0,0,0,0,0,0,0,8,85,0,11,0,0,1,0,0,0,0,0,0,0,,,,,
Chris Boswell,K,PIT,4,BAL,0,0,0,0,0,0,0,0,0,0,0,0,0,0,0,0,0,2,0,0,0,0,,,,,
Chris Conley,WR,KC,4,DEN,0,0,0,0,0,0,0,0,4,13,0,6,0,0,0,0,0,0,0,0,0,0,,,,,
Chris Godwin Jr.,WR,TB,4,CHI,0,0,0,0,0,0,0,0,2,22,0,2,0,0,0,0,0,0,0,0,0,0,,,,,
Chris Herndon,TE,NYJ,4,JAX,0,0,0,0,0,0,0,0,1,18,0,1,0,0,0,0,0,0,0,0,0,0,,,,,
Chris Hogan,WR,NE,4,MIA,0,0,0,0,0,0,0,0,1,25,0,1,0,0,0,0,0,0,0,0,0,0,,,,,
Chris Ivory,RB,BUF,4,GB,0,0,0,0,0,15,0,6,0,0,0,0,0,0,0,0,0,0,0,0,0,0,,,,,
Chris Moore,WR,BAL,4,PIT,0,0,0,0,0,3,0,1,1,19,0,1,0,0,0,0,0,0,0,0,0,0,,,,,
Christian Kirk,WR,ARI,4,SEA,0,0,0,0,0,7,0,1,4,28,0,5,0,0,0,0,0,0,0,0,0,0,,,,,
Cody Parkey,K,CHI,4,TB,0,0,0,0,0,0,0,0,0,0,0,0,0,0,0,0,0,0,1,1,0,6,,,,,
Cole Beasley,WR,DAL,4,DET,0,0,0,0,0,0,0,0,4,53,0,5,0,0,0,0,0,0,0,0,0,0,,,,,
Cooper Kupp,WR,LA,4,MIN,0,0,0,0,0,0,0,0,9,162,2,11,0,0,0,0,0,0,0,0,0,0,,,,,
Cordarrelle Patterson,RB,NE,4,MIA,0,0,0,0,0,11,0,1,3,54,1,5,0,0,0,0,0,0,0,0,0,0,,,,,
Corey Davis,WR,TEN,4,PHI,0,0,0,0,0,0,0,0,9,161,1,15,0,0,0,0,0,0,0,0,0,0,,,,,
Corey Grant,RB,JAX,4,NYJ,0,0,0,0,0,5,0,1,2,12,0,3,0,0,0,0,0,0,0,0,0,0,,,,,
Courtland Sutton,WR,DEN,4,KC,0,0,0,0,0,0,0,0,3,51,0,6,0,0,0,0,0,0,0,0,0,0,,,,,
DAL,DEF,DAL,4,DET,,,,,,,,,,,,,,,,,,,,,,,0,0,0,0,24.0
DEN,DEF,DEN,4,KC,,,,,,,,,,,,,,,,,,,,,,,0,0,0,0,27.0
DET,DEF,DET,4,DAL,,,,,,,,,,,,,,,,,,,,,,,0,0,0,0,26.0
DJ Chark,WR,JAX,4,NYJ,0,0,0,0,0,0,0,0,1,6,0,1,0,0,0,0,0,0,0,0,0,0,,,,,
DaeSean Hamilton,WR,DEN,4,KC,0,0,0,0,0,0,0,0,0,0,0,0,0,0,0,0,0,0,0,0,0,0,,,,,
Dak Prescott,QB,DAL,4,DET,255,2,27,17,0,2,0,3,0,0,0,0,0,0,0,0,0,0,0,0,0,0,,,,,
Dallas Goedert,TE,PHI,4,TEN,0,0,0,0,0,0,0,0,2,13,0,2,0,0,0,0,0,0,0,0,0,0,,,,,
Dalvin Cook,RB,MIN,4,LA,0,0,0,0,0,20,0,10,0,0,0,0,0,0,0,0,0,0,0,0,0,0,,,,,
Dan Bailey,K,MIN,4,LA,0,0,0,0,0,0,0,0,0,0,0,0,0,0,0,0,0,2,1,0,0,2,,,,,
Danny Amendola,WR,MIA,4,NE,0,0,0,0,0,0,0,0,2,21,0,3,0,0,0,0,0,0,0,0,0,0,,,,,
Dante Pettis,WR,SF,4,LAC,0,0,0,0,0,0,0,0,0,0,0,0,0,0,0,0,0,0,0,0,0,0,,,,,
Darius Jennings,WR,TEN,4,PHI,0,0,0,0,0,0,0,0,1,6,0,2,0,0,0,0,0,0,0,0,0,0,,,,,
Darren Fells,TE,CLE,4,LV,0,0,0,0,0,0,0,0,1,49,1,2,0,0,0,0,0,0,0,0,0,0,,,,,
Davante Adams,WR,GB,4,BUF,0,0,0,0,0,0,0,0,8,81,0,14,0,0,0,0,0,0,0,0,0,0,,,,,
David Johnson,RB,ARI,4,SEA,0,0,0,0,0,71,1,22,3,41,0,4,0,0,0,0,0,0,0,0,0,0,,,,,
David Moore,WR,SEA,4,ARI,0,0,0,0,0,0,0,0,2,39,0,2,0,0,0,0,0,0,0,0,0,0,,,,,
David Morgan,TE,MIN,4,LA,0,0,0,0,0,0,0,0,1,3,0,1,0,0,0,0,0,0,0,0,0,0,,,,,
David Njoku,TE,CLE,4,LV,0,0,0,0,0,0,0,0,5,52,0,7,0,0,0,0,0,0,0,0,0,0,,,,,
De'Anthony Thomas,WR,KC,4,DEN,0,0,0,0,0,6,0,1,1,15,0,2,0,0,0,0,0,0,0,0,0,0,,,,,
De'Lance Turner,RB,BAL,4,PIT,0,0,0,0,0,4,0,1,1,10,0,1,0,0,0,0,0,0,0,0,0,0,,,,,
DeAndre Carter,WR,PHI,4,TEN,0,0,0,0,0,0,0,0,0,0,0,0,0,0,0,0,0,0,0,0,0,0,,,,,
DeAndre Hopkins,WR,HOU,4,IND,0,0,0,0,0,0,0,0,10,169,1,12,0,0,0,0,0,0,0,0,0,0,,,,,
DeSean Jackson,WR,TB,4,CHI,0,0,0,0,0,0,0,0,5,112,0,8,0,0,0,0,0,0,0,0,0,0,,,,,
Dede Westbrook,WR,JAX,4,NYJ,0,0,0,0,0,11,0,1,9,130,0,13,0,0,0,0,0,0,0,0,0,0,,,,,
Demarcus Robinson,WR,KC,4,DEN,0,0,0,0,0,0,0,0,2,31,0,3,0,0,0,0,0,0,0,0,0,0,,,,,
Demaryius Thomas,WR,DEN,4,KC,0,0,0,0,0,0,0,0,4,24,0,7,0,0,0,0,0,0,0,0,0,0,,,,,
Demetrius Harris,TE,KC,4,DEN,0,0,0,0,0,0,0,0,2,59,0,3,0,0,0,0,0,0,0,0,0,0,,,,,
Deonte Thompson,WR,DAL,4,DET,0,0,0,0,0,0,0,0,0,0,0,0,0,0,0,0,0,0,0,0,0,0,,,,,
Derek Carr,QB,LV,4,CLE,437,4,58,35,2,1,0,2,0,0,0,0,0,0,1,0,0,0,0,0,0,0,,,,,
Derek Carrier,TE,LV,4,CLE,0,0,0,0,0,0,0,0,0,0,0,0,0,0,0,0,0,0,0,0,0,0,,,,,
Derrick Henry,RB,TEN,4,PHI,0,0,0,0,0,24,0,8,2,7,0,2,0,0,0,0,0,0,0,0,0,0,,,,,
Deshaun Watson,QB,HOU,4,IND,375,2,42,29,1,41,1,6,0,0,0,0,0,0,0,0,0,0,0,0,0,0,,,,,
Devontae Booker,RB,DEN,4,KC,0,0,0,0,0,5,0,1,1,9,0,2,0,0,0,0,0,0,0,0,0,0,,,,,
Dion Lewis,RB,TEN,4,PHI,0,0,0,0,0,0,0,4,9,66,0,9,0,0,0,0,0,0,0,0,0,0,,,,,
Donte Moncrief,WR,JAX,4,NYJ,0,0,0,0,0,0,0,0,5,109,1,5,0,0,0,0,0,0,0,0,0,0,,,,,
Doug Baldwin,WR,SEA,4,ARI,0,0,0,0,0,0,0,0,5,41,0,7,0,0,0,0,0,0,0,0,0,0,,,,,
Doug Martin,RB,LV,4,CLE,0,0,0,0,0,11,0,5,0,0,0,0,0,0,0,0,0,0,0,0,0,0,,,,,
Drew Brees,QB,NO,4,NYG,217,0,32,18,0,-1,0,4,0,0,0,0,0,0,0,0,0,0,0,0,0,0,,,,,
Duke Johnson,RB,CLE,4,LV,0,0,0,0,0,11,0,2,4,45,0,6,0,0,2,0,0,0,0,0,0,0,,,,,
Durham Smythe,TE,MIA,4,NE,0,0,0,0,0,0,0,0,0,0,0,1,0,0,0,0,0,0,0,0,0,0,,,,,
Dwayne Allen,TE,NE,4,MIA,0,0,0,0,0,0,0,0,1,-4,0,2,0,0,0,0,0,0,0,0,0,0,,,,,
Dwayne Harris,WR,LV,4,CLE,0,0,0,0,0,-1,0,1,0,0,0,0,0,0,0,0,0,0,0,0,0,0,,,,,
Dwayne Washington,RB,NO,4,NYG,0,0,0,0,0,2,0,2,0,0,0,0,0,0,0,0,0,0,0,0,0,0,,,,,
Eli Manning,QB,NYG,4,NO,255,1,41,31,0,5,0,2,0,0,0,0,0,0,1,0,0,0,0,0,0,0,,,,,
Emmanuel Sanders,WR,DEN,4,KC,0,0,0,0,0,18,0,1,5,45,0,7,0,0,0,0,0,0,0,0,0,0,,,,,
Eric Ebron,TE,IND,4,HOU,0,0,0,0,0,0,0,0,5,40,1,10,0,0,0,0,0,0,0,0,0,0,,,,,
Eric Tomlinson,TE,NYJ,4,JAX,0,0,0,0,0,0,0,0,0,0,0,0,0,0,0,0,0,0,0,0,0,0,,,,,
Ezekiel Elliott,RB,DAL,4,DET,0,0,0,0,0,152,0,25,4,88,1,4,0,0,0,0,0,0,0,0,0,0,,,,,
Frank Gore,RB,MIA,4,NE,0,0,0,0,0,41,0,11,2,16,1,3,0,0,0,0,0,0,0,0,0,0,,,,,
GB,DEF,GB,4,BUF,,,,,,,,,,,,,,,,,,,,,,,0,0,0,0,0.0
Garrett Celek,TE,SF,4,LAC,0,0,0,0,0,0,0,0,0,0,0,1,0,0,0,0,0,0,0,0,0,0,,,,,
Geoff Swaim,TE,DAL,4,DET,0,0,0,0,0,0,0,0,3,39,1,5,0,0,0,0,0,0,0,0,0,0,,,,,
George Kittle,TE,SF,4,LAC,0,0,0,0,0,0,0,0,6,125,1,8,0,0,0,0,0,0,0,0,0,0,,,,,
Gerald Everett,TE,LA,4,MIN,0,0,0,0,0,0,0,0,1,13,0,1,0,0,0,0,0,0,0,0,0,0,,,,,
Geronimo Allison,WR,GB,4,BUF,0,0,0,0,0,0,0,0,6,80,0,11,0,0,0,0,0,0,0,0,0,0,,,,,
Giovani Bernard,RB,CIN,4,ATL,0,0,0,0,0,69,2,15,4,27,0,4,0,0,0,0,0,0,0,0,0,0,,,,,
Golden Tate,WR,DET,4,DAL,0,0,0,0,0,0,0,0,8,132,2,8,0,0,0,0,0,0,0,0,0,0,,,,,
Greg Joseph,K,CLE,4,LV,0,0,0,0,0,0,0,0,0,0,0,0,0,0,0,0,2,0,0,0,0,2,,,,,
HOU,DEF,HOU,4,IND,,,,,,,,,,,,,,,,,,,,,,,0,0,0,0,34.0
Hakeem Valles,TE,DET,4,DAL,0,0,0,0,0,0,0,0,1,6,0,1,0,0,0,0,0,0,0,0,0,0,,,,,
Harrison Butker,K,KC,4,DEN,0,0,0,0,0,0,0,0,0,0,0,0,0,0,0,0,1,1,0,0,0,3,,,,,
IND,DEF,IND,4,HOU,,,,,,,,,,,,,,,,,,,,,,,0,0,0,0,37.0
Isaiah Crowell,RB,NYJ,4,JAX,0,0,0,0,0,0,0,4,1,3,0,1,0,0,0,0,0,0,0,0,0,0,,,,,
Ito Smith,RB,ATL,4,CIN,0,0,0,0,0,35,1,7,3,13,0,3,0,0,0,0,0,0,0,0,0,0,,,,,
J.J. Nelson,WR,ARI,4,SEA,0,0,0,0,0,0,0,0,1,4,0,1,0,0,0,0,0,0,0,0,0,0,,,,,
JAX,DEF,JAX,4,NYJ,,,,,,,,,,,,,,,,,,,,,,,0,1,0,0,12.0
Jacquizz Rodgers,RB,TB,4,CHI,0,0,0,0,0,0,0,0,0,0,0,0,0,0,0,0,0,0,0,0,0,0,,,,,
Jake Elliott,K,PHI,4,TEN,0,0,0,0,0,0,0,0,0,0,0,0,0,0,0,0,1,2,0,0,0,2,,,,,
Jakeem Grant,WR,MIA,4,NE,0,0,0,0,0,0,0,0,2,17,0,2,0,0,0,0,0,0,0,0,0,0,,,,,
Jalen Richard,RB,LV,4,CLE,0,0,0,0,0,-2,0,1,3,38,0,5,0,0,0,0,0,0,0,0,0,0,,,,,
Jamaal Williams,RB,GB,4,BUF,0,0,0,0,0,27,0,11,0,0,0,0,0,0,0,0,0,0,0,0,0,0,,,,,
Jamal Agnew,WR,DET,4,DAL,0,0,0,0,0,17,0,1,0,0,0,0,0,0,0,0,0,0,0,0,0,0,,,,,
Jameis Winston,QB,TB,4,CHI,145,1,20,16,2,7,0,1,0,0,0,0,0,0,0,0,0,0,0,0,0,0,,,,,
James Conner,RB,PIT,4,BAL,0,0,0,0,0,19,0,9,3,25,0,7,0,0,1,0,0,0,0,0,0,0,,,,,
James O'Shaughnessy,TE,JAX,4,NYJ,0,0,0,0,0,0,0,0,2,28,0,3,0,0,0,0,0,0,0,0,0,0,,,,,
James Washington,WR,PIT,4,BAL,0,0,0,0,0,0,0,0,2,10,0,4,0,0,0,0,0,0,0,0,0,0,,,,,
James White,RB,NE,4,MIA,0,0,0,0,0,44,1,8,8,68,1,10,0,0,0,0,0,0,0,0,0,0,,,,,
Jared Cook,TE,LV,4,CLE,0,0,0,0,0,0,0,0,8,110,2,13,0,0,0,0,0,0,0,0,0,0,,,,,
Jared Goff,QB,LA,4,MIN,465,5,33,26,0,7,0,2,0,0,0,0,0,0,0,0,0,0,0,0,0,0,,,,,
Jarvis Landry,WR,CLE,4,LV,0,0,0,0,0,0,0,0,4,34,1,10,0,0,0,0,0,0,0,0,0,0,,,,,
Jason Croom,TE,BUF,4,GB,0,0,0,0,0,0,0,0,1,13,0,1,0,0,0,0,0,0,0,0,0,0,,,,,
Jason Myers,K,NYJ,4,JAX,0,0,0,0,0,0,0,0,0,0,0,0,0,0,0,0,1,1,0,0,0,0,,,,,
Jason Sanders,K,MIA,4,NE,0,0,0,0,0,0,0,0,0,0,0,0,0,0,0,0,0,0,0,0,0,1,,,,,
Javon Wims,WR,CHI,4,TB,0,0,0,0,0,0,0,0,0,0,0,1,0,0,0,0,0,0,0,0,0,0,,,,,
Javorius Allen,RB,BAL,4,PIT,0,0,0,0,0,30,0,10,2,17,0,2,0,0,0,0,0,0,0,0,0,0,,,,,
Jawill Davis,WR,NYG,4,NO,0,0,0,0,0,0,0,0,0,0,0,0,0,0,0,0,0,0,0,0,0,0,,,,,
Jay Ajayi,RB,PHI,4,TEN,0,0,0,0,0,70,0,15,3,11,0,4,0,0,0,0,0,0,0,0,0,0,,,,,
Jaydon Mickens,WR,JAX,4,NYJ,0,0,0,0,0,0,0,0,0,0,0,0,0,0,0,0,0,0,0,0,0,0,,,,,
Jeff Heuerman,TE,DEN,4,KC,0,0,0,0,0,0,0,0,4,57,0,7,0,0,0,0,0,0,0,0,0,0,,,,,
Jeremy McNichols,RB,IND,4,HOU,0,0,0,0,0,4,0,2,0,0,0,0,0,0,0,0,0,0,0,0,0,0,,,,,
Jermaine Kearse,WR,NYJ,4,JAX,0,0,0,0,0,0,0,0,2,23,0,5,0,0,0,0,0,0,0,0,0,0,,,,,
Jesse James,TE,PIT,4,BAL,0,0,0,0,0,0,0,0,1,23,0,1,0,0,0,0,0,0,0,0,0,0,,,,,
Jimmy Graham,TE,GB,4,BUF,0,0,0,0,0,0,0,0,3,21,1,6,0,0,0,0,0,0,0,0,0,0,,,,,
Joe Flacco,QB,BAL,4,PIT,363,2,42,28,0,-3,0,2,0,0,0,0,0,0,0,0,0,0,0,0,0,0,,,,,
John Brown,WR,BAL,4,PIT,0,0,0,0,0,3,0,1,3,116,1,7,0,0,0,0,0,0,0,0,0,0,,,,,
John Ross,WR,CIN,4,ATL,0,0,0,0,0,0,0,0,2,52,1,2,0,0,0,0,0,0,0,0,0,0,,,,,
Jonnu Smith,TE,TEN,4,PHI,0,0,0,0,0,0,0,0,0,0,0,2,0,0,0,0,0,0,0,0,0,0,,,,,
Jordan Akins,TE,HOU,4,IND,0,0,0,0,0,0,0,0,2,24,0,3,0,0,0,0,0,0,0,0,0,0,,,,,
Jordan Howard,RB,CHI,4,TB,0,0,0,0,0,25,0,11,0,0,0,1,0,0,0,0,0,0,0,0,0,0,,,,,
Jordan Leggett,TE,NYJ,4,JAX,0,0,0,0,0,0,0,0,3,13,1,4,0,0,0,0,0,0,0,0,0,0,,,,,
Jordan Matthews,TE,PHI,4,TEN,0,0,0,0,0,0,0,0,1,56,1,3,0,0,0,0,0,0,0,0,0,0,,,,,
Jordan Wilkins,RB,IND,4,HOU,0,0,0,0,0,16,0,8,0,0,0,1,0,0,0,0,0,0,0,0,0,0,,,,,
Jordy Nelson,WR,LV,4,CLE,0,0,0,0,0,0,0,0,5,48,1,8,0,0,1,0,0,0,0,0,0,0,,,,,
Josh Allen,QB,BUF,4,GB,151,0,33,16,2,19,0,5,0,0,0,0,0,0,0,0,0,0,0,0,0,0,,,,,
Josh Bellamy,WR,CHI,4,TB,0,0,0,0,0,0,0,0,1,20,1,1,0,0,0,0,0,0,0,0,0,0,,,,,
Josh Gordon,WR,NE,4,MIA,0,0,0,0,0,0,0,0,2,32,0,2,0,0,0,0,0,0,0,0,0,0,,,,,
Josh Hill,TE,NO,4,NYG,0,0,0,0,0,0,0,0,3,63,0,3,0,0,0,0,0,0,0,0,0,0,,,,,
Josh Lambo,K,JAX,4,NYJ,0,0,0,0,0,0,0,0,0,0,0,0,0,0,0,0,1,1,0,1,0,2,,,,,
Josh Reynolds,WR,LA,4,MIN,0,0,0,0,0,0,0,0,0,0,0,1,0,0,0,0,0,0,0,0,0,0,,,,,
Josh Rosen,QB,ARI,4,SEA,180,1,27,15,0,13,0,2,0,0,0,0,0,0,0,0,0,0,0,0,0,0,,,,,
JuJu Smith-Schuster,WR,PIT,4,BAL,0,0,0,0,0,0,0,0,4,60,0,11,0,0,0,0,0,0,0,0,0,0,,,,,
Julio Jones,WR,ATL,4,CIN,0,0,0,0,0,0,0,0,9,173,0,12,0,0,0,0,0,0,0,0,0,0,,,,,
Justin Hardy,WR,ATL,4,CIN,0,0,0,0,0,0,0,0,1,4,0,1,0,0,0,0,0,0,0,0,0,0,,,,,
Justin Tucker,K,BAL,4,PIT,0,0,0,0,0,0,0,0,0,0,0,0,0,0,0,0,1,1,2,0,0,2,,,,,
Justin Watson,WR,TB,4,CHI,0,0,0,0,0,0,0,0,0,0,0,0,0,0,0,0,0,0,0,0,0,0,,,,,
KC,DEF,KC,4,DEN,,,,,,,,,,,,,,,,,,,,,,,0,0,0,0,23.0
Ka'imi Fairbairn,K,HOU,4,IND,0,0,0,0,0,0,0,0,0,0,0,0,0,0,0,0,1,1,1,0,0,4,,,,,
Kalen Ballage,RB,MIA,4,NE,0,0,0,0,0,3,0,1,0,0,0,0,0,0,0,0,0,0,0,0,0,0,,,,,
Kamar Aiken,WR,PHI,4,TEN,0,0,0,0,0,0,0,0,1,14,0,1,0,0,0,0,0,0,0,0,0,0,,,,,
Kareem Hunt,RB,KC,4,DEN,0,0,0,0,0,121,1,19,3,54,0,4,0,0,0,0,0,0,0,0,0,0,,,,,
Keelan Cole,WR,JAX,4,NYJ,0,0,0,0,0,0,0,0,2,15,0,3,0,0,0,0,0,0,0,0,0,0,,,,,
Keenan Allen,WR,LAC,4,SF,0,0,0,0,0,0,0,0,7,63,0,10,0,0,0,0,0,0,0,0,0,0,,,,,
Keke Coutee,WR,HOU,4,IND,0,0,0,0,0,-2,0,2,11,109,0,15,0,0,0,0,0,0,0,0,0,0,,,,,
Kelvin Benjamin,WR,BUF,4,GB,0,0,0,0,0,0,0,0,1,34,0,6,0,0,0,0,0,0,0,0,0,0,,,,,
Kendrick Bourne,WR,SF,4,LAC,0,0,0,0,0,0,0,0,3,34,1,4,0,0,0,0,0,0,0,0,0,0,,,,,
Kenjon Barner,RB,NE,4,MIA,0,0,0,0,0,11,0,3,0,0,0,0,0,0,0,0,0,0,0,0,0,0,,,,,
Kenny Golladay,WR,DET,4,DAL,0,0,0,0,0,0,0,0,4,74,0,4,0,0,0,0,0,0,0,0,0,0,,,,,
Kenny Stills,WR,MIA,4,NE,0,0,0,0,0,0,0,0,3,40,0,6,0,0,0,0,0,0,0,0,0,0,,,,,
Kenyan Drake,RB,MIA,4,NE,0,0,0,0,0,3,0,3,1,13,0,2,0,0,0,0,0,0,0,0,0,0,,,,,
Kerryon Johnson,RB,DET,4,DAL,0,0,0,0,0,55,1,9,1,1,0,1,0,0,0,0,0,0,0,0,0,0,,,,,
Khari Lee,TE,BUF,4,GB,0,0,0,0,0,0,0,0,1,5,0,1,0,0,0,0,0,0,0,0,0,0,,,,,
Kirk Cousins,QB,MIN,4,LA,422,3,50,36,0,28,0,4,0,0,0,0,0,0,1,0,0,0,0,0,0,0,,,,,
Kyle Juszczyk,RB,SF,4,LAC,0,0,0,0,0,0,0,0,2,15,0,3,0,0,0,0,0,0,0,0,0,0,,,,,
Kyle Rudolph,TE,MIN,4,LA,0,0,0,0,0,0,0,0,5,57,0,6,0,0,0,0,0,0,0,0,0,0,,,,,
LA,DEF,LA,4,MIN,,,,,,,,,,,,,,,,,,,,,,,0,0,0,0,31.0
LAC,DEF,LAC,4,SF,,,,,,,,,,,,,,,,,,,,,,,0,0,0,0,27.0
LV,DEF,LV,4,CLE,,,,,,,,,,,,,,,,,,,,,,,1,0,0,0,0.0
Lamar Jackson,QB,BAL,4,PIT,0,0,0,0,0,17,0,4,0,0,0,0,0,0,0,0,0,0,0,0,0,0,,,,,
Lamar Miller,RB,HOU,4,IND,0,0,0,0,0,49,0,14,0,0,0,0,0,0,0,0,0,0,0,0,0,0,,,,,
Lance Kendricks,TE,GB,4,BUF,0,0,0,0,0,0,0,0,1,5,0,2,0,0,0,0,0,0,0,0,0,0,,,,,
Laquon Treadwell,WR,MIN,4,LA,0,0,0,0,0,0,0,0,4,47,0,7,0,0,0,0,0,0,0,0,0,0,,,,,
Larry Fitzgerald,WR,ARI,4,SEA,0,0,0,0,0,0,0,0,3,28,0,7,0,0,0,0,0,0,0,0,0,0,,,,,
Latavius Murray,RB,MIN,4,LA,0,0,0,0,0,2,0,2,2,16,0,2,0,0,1,0,0,0,0,0,0,0,,,,,
LeGarrette Blount,RB,DET,4,DAL,0,0,0,0,0,12,0,7,0,0,0,0,0,0,0,0,0,0,0,0,0,0,,,,,
LeSean McCoy,RB,BUF,4,GB,0,0,0,0,0,24,0,5,3,13,0,6,0,0,0,0,0,0,0,0,0,0,,,,,
Lee Smith,TE,LV,4,CLE,0,0,0,0,0,0,0,0,3,23,0,4,0,0,0,0,0,0,0,0,0,0,,,,,
Leonard Fournette,RB,JAX,4,NYJ,0,0,0,0,0,30,0,11,1,5,0,1,0,0,0,0,0,0,0,0,0,0,,,,,
Levine Toilolo,TE,DET,4,DAL,0,0,0,0,0,0,0,0,2,12,0,2,0,0,0,0,0,0,0,0,0,0,,,,,
Logan Paulsen,TE,ATL,4,CIN,0,0,0,0,0,0,0,0,1,17,1,1,0,0,0,0,0,0,0,0,0,0,,,,,
Luke Willson,TE,DET,4,DAL,0,0,0,0,0,0,0,0,1,6,0,2,0,0,0,0,0,0,0,0,0,0,,,,,
MIA,DEF,MIA,4,NE,,,,,,,,,,,,,,,,,,,,,,,0,0,0,0,38.0
MIN,DEF,MIN,4,LA,,,,,,,,,,,,,,,,,,,,,,,0,0,0,0,38.0
Marcus Johnson,WR,IND,4,HOU,0,0,0,0,0,0,0,0,2,24,0,3,0,0,0,0,0,0,0,0,0,0,,,,,
Marcus Mariota,QB,TEN,4,PHI,344,2,43,30,1,46,1,10,0,0,0,0,0,0,0,0,0,0,0,0,0,0,,,,,
Mark Andrews,TE,BAL,4,PIT,0,0,0,0,0,0,0,0,2,12,0,2,0,0,0,0,0,0,0,0,0,0,,,,,
Mark Walton,RB,CIN,4,ATL,0,0,0,0,0,9,0,5,2,28,0,4,0,0,0,0,0,0,0,0,0,0,,,,,
Marquez Valdes-Scantling,WR,GB,4,BUF,0,0,0,0,0,0,0,0,1,38,0,3,0,0,0,0,0,0,0,0,0,0,,,,,
Marquise Goodwin,WR,SF,4,LAC,0,0,0,0,0,4,0,1,2,24,0,4,0,0,0,0,0,0,0,0,0,0,,,,,
Marshawn Lynch,RB,LV,4,CLE,0,0,0,0,0,130,0,20,3,27,0,5,0,0,0,0,0,0,0,0,0,0,,,,,
Martavis Bryant,WR,LV,4,CLE,0,0,0,0,0,0,0,0,3,51,0,7,0,0,0,0,0,0,0,0,0,0,,,,,
Marvin Hall,WR,ATL,4,CIN,0,0,0,0,0,0,0,0,1,2,0,1,0,0,0,0,0,0,0,0,0,0,,,,,
Marvin Jones,WR,DET,4,DAL,0,0,0,0,0,0,0,0,3,56,0,6,0,0,0,0,0,0,0,0,0,0,,,,,
Mason Crosby,K,GB,4,BUF,0,0,0,0,0,0,0,0,0,0,0,0,0,0,0,0,0,1,0,2,0,1,,,,,
Matt Breida,RB,SF,4,LAC,0,0,0,0,0,39,0,9,3,32,0,3,0,0,0,0,0,0,0,0,0,0,,,,,
Matt Bryant,K,ATL,4,CIN,0,0,0,0,0,0,0,0,0,0,0,0,0,0,0,0,1,1,0,1,0,3,,,,,
Matt LaCosse,TE,DEN,4,KC,0,0,0,0,0,0,0,0,1,17,0,1,0,0,0,0,0,0,0,0,0,0,,,,,
Matt McCrane,K,LV,4,CLE,0,0,0,0,0,0,0,0,0,0,0,0,0,0,0,0,2,0,1,0,0,4,,,,,
Matt Prater,K,DET,4,DAL,0,0,0,0,0,0,0,0,0,0,0,0,0,0,0,0,0,1,0,0,0,3,,,,,
Matt Ryan,QB,ATL,4,CIN,419,3,39,29,0,5,0,2,0,0,0,0,0,0,0,0,0,0,0,0,0,0,,,,,
Matthew Stafford,QB,DET,4,DAL,307,2,30,24,0,5,0,2,0,0,0,0,0,0,0,0,0,0,0,0,0,0,,,,,
Maxx Williams,TE,BAL,4,PIT,0,0,0,0,0,0,0,0,5,51,0,5,0,0,0,0,0,0,0,0,0,0,,,,,
Melvin Gordon,RB,LAC,4,SF,0,0,0,0,0,104,0,15,7,55,1,10,0,0,1,0,0,0,0,0,0,0,,,,,
Michael Crabtree,WR,BAL,4,PIT,0,0,0,0,0,0,0,0,3,29,0,8,0,0,0,0,0,0,0,0,0,0,,,,,
Michael Gallup,WR,DAL,4,DET,0,0,0,0,0,0,0,0,2,45,0,5,0,0,0,0,0,0,0,0,0,0,,,,,
Michael Thomas,WR,NO,4,NYG,0,0,0,0,0,0,0,0,4,47,0,4,0,0,0,0,0,0,0,0,0,0,,,,,
Mike Boone,RB,MIN,4,LA,0,0,0,0,0,0,0,0,1,1,0,1,0,0,0,0,0,0,0,0,0,0,,,,,
Mike Davis,RB,SEA,4,ARI,0,0,0,0,0,101,2,21,4,23,0,4,0,0,0,0,0,0,0,0,0,0,,,,,
Mike Evans,WR,TB,4,CHI,0,0,0,0,0,0,0,0,6,59,0,9,0,0,0,0,0,0,0,0,0,0,,,,,
Mike Gesicki,TE,MIA,4,NE,0,0,0,0,0,0,0,0,1,9,0,2,0,0,0,0,0,0,0,0,0,0,,,,,
Mike Gillislee,RB,NO,4,NYG,0,0,0,0,0,6,0,2,1,9,0,1,0,0,0,0,0,0,0,0,0,0,,,,,
Mike Williams,WR,LAC,4,SF,0,0,0,0,0,0,0,0,1,15,0,3,0,0,0,0,0,0,0,0,0,0,,,,,
Mitchell Trubisky,QB,CHI,4,TB,354,6,26,19,0,53,0,3,0,0,0,0,0,0,0,0,0,0,0,0,0,0,,,,,
Mo Alie-Cox,TE,IND,4,HOU,0,0,0,0,0,0,0,0,1,17,0,2,0,0,0,0,0,0,0,0,0,0,,,,,
Mohamed Sanu,WR,ATL,4,CIN,0,0,0,0,0,0,0,0,6,111,0,9,0,0,0,0,0,0,0,0,0,0,,,,,
NE,DEF,NE,4,MIA,,,,,,,,,,,,,,,,,,,,,,,0,0,0,0,7.0
NO,DEF,NO,4,NYG,,,,,,,,,,,,,,,,,,,,,,,0,0,0,0,18.0
NYG,DEF,NYG,4,NO,,,,,,,,,,,,,,,,,,,,,,,0,0,0,0,33.0
NYJ,DEF,NYJ,4,JAX,,,,,,,,,,,,,,,,,,,,,,,0,0,0,0,31.0
Nelson Agholor,WR,PHI,4,TEN,0,0,0,0,0,0,0,0,5,22,0,12,0,0,0,0,0,0,0,0,0,0,,,,,
Nick Boyle,TE,BAL,4,PIT,0,0,0,0,0,0,0,0,3,36,0,5,0,0,0,0,0,0,0,0,0,0,,,,,
Nick Chubb,RB,CLE,4,LV,0,0,0,0,0,105,2,3,0,0,0,0,0,0,0,0,0,0,0,0,0,0,,,,,
Nick Vannett,TE,SEA,4,ARI,0,0,0,0,0,0,0,0,1,6,0,2,0,0,0,0,0,0,0,0,0,0,,,,,
Nick Williams,WR,TEN,4,PHI,0,0,0,0,0,0,0,0,0,0,0,0,0,0,0,0,0,0,0,0,0,0,,,,,
Niles Paul,TE,JAX,4,NYJ,0,0,0,0,0,0,0,0,2,11,0,2,0,0,0,0,0,0,0,0,0,0,,,,,
Nyheim Hines,RB,IND,4,HOU,0,0,0,0,0,10,0,4,9,63,2,11,0,0,0,0,0,0,0,0,0,0,,,,,
O.J. Howard,TE,TB,4,CHI,0,0,0,0,0,0,0,0,0,0,0,3,0,0,0,0,0,0,0,0,0,0,,,,,
Odell Beckham Jr.,WR,NYG,4,NO,0,0,0,0,0,10,0,1,7,60,0,11,0,0,0,0,0,0,0,0,0,0,,,,,
Orson Charles,TE,CLE,4,LV,0,0,0,0,0,0,0,0,0,0,0,1,0,0,0,0,0,0,0,0,0,0,,,,,
PHI,DEF,PHI,4,TEN,,,,,,,,,,,,,,,,,,,,,,,0,0,0,0,26.0
PIT,DEF,PIT,4,BAL,,,,,,,,,,,,,,,,,,,,,,,0,0,0,0,26.0
Patrick Mahomes,QB,KC,4,DEN,304,1,45,28,0,7,1,3,0,0,0,0,0,0,0,0,0,0,0,0,0,0,,,,,
Patrick Ricard,RB,BAL,4,PIT,0,0,0,0,0,0,0,0,0,0,0,0,0,0,0,0,0,0,0,0,0,0,,,,,
Peyton Barber,RB,TB,4,CHI,0,0,0,0,0,24,0,7,1,6,0,2,0,0,0,0,0,0,0,0,0,0,,,,,
Phil Dawson,K,ARI,4,SEA,0,0,0,0,0,0,0,0,0,0,0,0,0,0,0,0,1,0,0,0,0,2,,,,,
Philip Rivers,QB,LAC,4,SF,250,3,39,25,1,-3,0,4,0,0,0,0,0,0,1,0,0,0,0,0,0,0,,,,,
Phillip Dorsett,WR,NE,4,MIA,0,0,0,0,0,0,0,0,4,55,1,7,0,0,0,0,0,0,0,0,0,0,,,,,
Phillip Lindsay,RB,DEN,4,KC,0,0,0,0,0,69,1,12,2,10,0,2,0,0,0,0,0,0,0,0,0,0,,,,,
Pierre Garcon,WR,SF,4,LAC,0,0,0,0,0,0,0,0,4,52,0,7,0,0,0,0,0,0,0,0,0,0,,,,,
Quincy Enunwa,WR,NYJ,4,JAX,0,0,0,0,0,0,0,0,4,66,0,8,0,0,0,0,0,0,0,0,0,0,,,,,
Randy Bullock,K,CIN,4,ATL,0,0,0,0,0,0,0,0,0,0,0,0,0,0,0,0,0,1,0,0,0,4,,,,,
Rashaad Penny,RB,SEA,4,ARI,0,0,0,0,0,49,0,9,0,0,0,0,0,0,0,0,0,0,0,0,0,0,,,,,
Rashard Higgins,WR,CLE,4,LV,0,0,0,0,0,0,0,0,4,61,0,5,0,0,0,0,0,0,0,0,0,0,,,,,
Ray-Ray McCloud,WR,BUF,4,GB,0,0,0,0,0,0,0,0,0,0,0,0,0,0,0,0,0,0,0,0,0,0,,,,,
Rhett Ellison,TE,NYG,4,NO,0,0,0,0,0,0,0,0,3,29,0,5,0,0,0,0,0,0,0,0,0,0,,,,,
Ricky Seals-Jones,TE,ARI,4,SEA,0,0,0,0,0,0,0,0,2,52,0,4,0,0,0,0,0,0,0,0,0,0,,,,,
Rico Gathers,TE,DAL,4,DET,0,0,0,0,0,0,0,0,0,0,0,1,0,0,0,0,0,0,0,0,0,0,,,,,
Rob Gronkowski,TE,NE,4,MIA,0,0,0,0,0,0,0,0,4,44,0,7,0,0,0,0,0,0,0,0,0,0,,,,,
Robbie Chosen,WR,NYJ,4,JAX,0,0,0,0,0,0,0,0,2,18,0,6,0,0,0,0,0,0,0,0,0,0,,,,,
Robbie Gould,K,SF,4,LAC,0,0,0,0,0,0,0,0,0,0,0,0,0,0,0,0,1,1,0,0,0,3,,,,,
Robert Foster,WR,BUF,4,GB,0,0,0,0,0,0,0,0,0,0,0,2,0,0,0,0,0,0,0,0,0,0,,,,,
Robert Woods,WR,LA,4,MIN,0,0,0,0,0,0,0,0,5,101,1,5,0,0,0,0,0,0,0,0,0,0,,,,,
Roc Thomas,RB,MIN,4,LA,0,0,0,0,0,4,0,1,0,0,0,1,0,0,0,0,0,0,0,0,0,0,,,,,
Rod Smith,RB,DAL,4,DET,0,0,0,0,0,22,0,6,1,0,0,1,0,0,0,0,0,0,0,0,0,0,,,,,
Ronald Jones,RB,TB,4,CHI,0,0,0,0,0,29,0,10,1,-1,0,2,0,0,0,0,0,0,0,0,0,0,,,,,
Royce Freeman,RB,DEN,4,KC,0,0,0,0,0,67,1,8,0,0,0,0,0,0,0,0,0,0,0,0,0,0,,,,,
Russell Shepard,WR,NYG,4,NO,0,0,0,0,0,0,0,0,1,9,0,3,0,0,0,0,0,0,0,0,0,0,,,,,
Russell Wilson,QB,SEA,4,ARI,172,0,26,19,0,21,0,4,0,0,0,0,0,0,0,0,0,0,0,0,0,0,,,,,
Ryan Fitzpatrick,QB,TB,4,CHI,126,0,18,9,1,0,0,0,0,0,0,0,0,0,0,0,0,0,0,0,0,0,,,,,
Ryan Grant,WR,IND,4,HOU,0,0,0,0,0,0,0,0,5,64,0,7,0,0,0,0,0,0,0,0,0,0,,,,,
Ryan Griffin,TE,HOU,4,IND,0,0,0,0,0,0,0,0,1,12,0,1,0,0,0,0,0,0,0,0,0,0,,,,,
Ryan Succop,K,TEN,4,PHI,0,0,0,0,0,0,0,0,0,0,0,0,0,0,0,0,0,1,1,0,0,2,,,,,
Ryan Switzer,WR,PIT,4,BAL,0,0,0,0,0,1,0,1,7,32,0,7,0,0,0,0,0,0,0,0,0,0,,,,,
Ryan Tannehill,QB,MIA,4,NE,100,0,20,11,1,0,0,1,0,0,0,0,0,0,0,0,0,0,0,0,0,0,,,,,
SEA,DEF,SEA,4,ARI,,,,,,,,,,,,,,,,,,,,,,,0,0,0,0,17.0
SF,DEF,SF,4,LAC,,,,,,,,,,,,,,,,,,,,,,,1,0,0,0,29.0
Sam Darnold,QB,NYJ,4,JAX,167,1,34,17,0,8,0,2,0,0,0,0,0,0,0,0,0,0,0,0,0,0,,,,,
Sam Ficken,K,LA,4,MIN,0,0,0,0,0,0,0,0,0,0,0,0,0,0,0,0,0,1,0,0,0,5,,,,,
Sammie Coates,WR,HOU,4,IND,0,0,0,0,0,0,0,0,1,12,0,1,0,0,0,0,0,0,0,0,0,0,,,,,
Sammy Watkins,WR,KC,4,DEN,0,0,0,0,0,0,0,0,0,0,0,1,0,0,0,0,0,0,0,0,0,0,,,,,
Saquon Barkley,RB,NYG,4,NO,0,0,0,0,0,44,1,10,6,56,0,8,0,0,0,0,0,0,0,0,0,0,,,,,
Scott Simonson,TE,NYG,4,NO,0,0,0,0,0,0,0,0,1,7,0,1,0,0,0,0,0,0,0,0,0,0,,,,,
Sebastian Janikowski,K,SEA,4,ARI,0,0,0,0,0,0,0,0,0,0,0,0,0,0,0,0,0,0,1,1,0,2,,,,,
Senorise Perry,RB,MIA,4,NE,0,0,0,0,0,0,0,0,0,0,0,0,0,0,0,0,0,0,0,0,0,0,,,,,
Seth Roberts,WR,LV,4,CLE,0,0,0,0,0,0,0,0,2,12,0,3,0,0,0,0,0,0,0,0,0,0,,,,,
Sony Michel,RB,NE,4,MIA,0,0,0,0,0,112,1,25,0,0,0,0,0,0,0,0,0,0,0,0,0,0,,,,,
Spencer Ware,RB,KC,4,DEN,0,0,0,0,0,6,0,2,0,0,0,0,0,0,0,0,0,0,0,0,0,0,,,,,
Stefon Diggs,WR,MIN,4,LA,0,0,0,0,0,0,0,0,11,123,0,15,0,0,0,0,0,0,0,0,0,0,,,,,
Stephen Gostkowski,K,NE,4,MIA,0,0,0,0,0,0,0,0,0,0,0,0,0,0,0,0,1,0,0,0,0,5,,,,,
Sterling Shepard,WR,NYG,4,NO,0,0,0,0,0,0,0,0,10,77,1,10,0,0,1,0,0,0,0,0,0,0,,,,,
Steven Hauschka,K,BUF,4,GB,0,0,0,0,0,0,0,0,0,0,0,0,0,0,0,0,0,0,0,0,0,0,,,,,
T.J. Yeldon,RB,JAX,4,NYJ,0,0,0,0,0,52,1,18,3,48,1,3,0,0,0,0,0,0,0,0,0,0,,,,,
T.Y. Hilton,WR,IND,4,HOU,0,0,0,0,0,0,0,0,4,115,0,6,0,0,0,0,0,0,0,0,0,0,,,,,
TB,DEF,TB,4,CHI,,,,,,,,,,,,,,,,,,,,,,,0,0,0,0,48.0
TEN,DEF,TEN,4,PHI,,,,,,,,,,,,,,,,,,,,,,,0,0,0,0,23.0
Taiwan Jones,RB,BUF,4,GB,0,0,0,0,0,0,0,0,0,0,0,1,0,0,0,0,0,0,0,0,0,0,,,,,
Tajae Sharpe,WR,TEN,4,PHI,0,0,0,0,0,0,0,0,2,27,1,3,0,0,0,0,0,0,0,0,0,0,,,,,
Tarik Cohen,RB,CHI,4,TB,0,0,0,0,0,53,0,13,7,121,1,8,0,0,0,0,0,0,0,0,0,0,,,,,
Tavon Austin,WR,DAL,4,DET,0,0,0,0,0,7,0,1,0,0,0,1,0,0,0,0,0,0,0,0,0,0,,,,,
Taylor Gabriel,WR,CHI,4,TB,0,0,0,0,0,10,0,1,7,104,2,7,0,0,0,0,0,0,0,0,0,0,,,,,
Taysom Hill,TE,NO,4,NYG,10,0,2,1,0,28,0,4,1,-4,0,1,0,0,0,0,0,0,0,0,0,0,,,,,
Taywan Taylor,WR,TEN,4,PHI,0,0,0,0,0,0,0,0,7,77,0,9,0,0,0,0,0,0,0,0,0,0,,,,,
Ted Ginn,WR,NO,4,NYG,0,0,0,0,0,1,0,1,0,0,0,3,0,0,0,0,0,0,0,0,0,0,,,,,
Terrelle Pryor,WR,NYJ,4,JAX,0,0,0,0,0,0,0,0,0,0,0,1,0,0,0,0,0,0,0,0,0,0,,,,,
Tevin Coleman,RB,ATL,4,CIN,0,0,0,0,0,51,0,14,3,26,0,3,0,0,0,0,0,0,0,0,0,0,,,,,
Theo Riddick,RB,DET,4,DAL,0,0,0,0,0,7,0,1,4,20,0,5,0,0,0,0,0,0,0,0,0,0,,,,,
Tim White,WR,BAL,4,PIT,0,0,0,0,0,0,0,0,1,14,0,1,0,0,0,0,0,0,0,0,0,0,,,,,
Todd Gurley,RB,LA,4,MIN,0,0,0,0,0,83,0,17,4,73,1,6,0,0,0,0,0,0,0,0,0,0,,,,,
Tom Brady,QB,NE,4,MIA,274,3,35,23,2,0,0,0,0,0,0,0,0,0,0,0,0,0,0,0,0,0,,,,,
Travis Benjamin,WR,LAC,4,SF,0,0,0,0,0,0,0,0,1,2,0,1,0,0,0,0,0,0,0,0,0,0,,,,,
Travis Kelce,TE,KC,4,DEN,0,0,0,0,0,0,0,0,7,78,1,12,0,0,0,0,0,0,0,0,0,0,,,,,
Tre'Quan Smith,WR,NO,4,NYG,0,0,0,0,0,0,0,0,0,0,0,2,0,0,0,0,0,0,0,0,0,0,,,,,
Trent Taylor,WR,SF,4,LAC,0,0,0,0,0,0,0,0,2,12,0,3,0,0,0,0,0,0,0,0,0,0,,,,,
Trey Burton,TE,CHI,4,TB,0,0,0,0,0,0,0,0,2,86,1,4,0,0,0,0,0,0,0,0,0,0,,,,,
Ty Montgomery,WR,GB,4,BUF,0,0,0,0,0,18,0,5,2,56,0,3,0,0,0,0,0,0,0,0,0,0,,,,,
Tyler Boyd,WR,CIN,4,ATL,0,0,0,0,0,0,0,0,11,100,0,15,0,0,0,0,0,0,0,0,0,0,,,,,
Tyler Eifert,TE,CIN,4,ATL,0,0,0,0,0,0,0,0,4,38,1,4,0,0,0,0,0,0,0,0,0,0,,,,,
Tyler Ervin,RB,HOU,4,IND,0,0,0,0,0,0,0,0,0,0,0,0,0,0,0,0,0,0,0,0,0,0,,,,,
Tyler Higbee,TE,LA,4,MIN,0,0,0,0,0,0,0,0,0,0,0,1,0,0,0,0,0,0,0,0,0,0,,,,,
Tyler Kroft,TE,CIN,4,ATL,0,0,0,0,0,0,0,0,0,0,0,1,0,0,0,0,0,0,0,0,0,0,,,,,
Tyler Lockett,WR,SEA,4,ARI,0,0,0,0,0,0,0,0,5,53,0,6,0,0,0,0,0,0,0,0,0,0,,,,,
Tyreek Hill,WR,KC,4,DEN,0,0,0,0,0,2,0,1,9,54,0,13,0,0,0,0,0,0,0,0,0,0,,,,,
Tyrell Williams,WR,LAC,4,SF,0,0,0,0,0,0,0,0,3,48,0,5,0,0,0,0,0,0,0,0,0,0,,,,,
Vance McDonald,TE,PIT,4,BAL,0,0,0,0,0,0,0,0,5,62,0,5,0,0,0,0,0,0,0,0,0,0,,,,,
Virgil Green,TE,LAC,4,SF,0,0,0,0,0,0,0,0,2,9,0,2,0,0,0,0,0,0,0,0,0,0,,,,,
Wayne Gallman,RB,NYG,4,NO,0,0,0,0,0,6,0,2,3,17,0,3,0,0,0,0,0,0,0,0,0,0,,,,,
Wendell Smallwood,RB,PHI,4,TEN,0,0,0,0,0,39,0,5,3,15,0,5,0,0,0,0,0,0,0,0,0,0,,,,,
Wil Lutz,K,NO,4,NYG,0,0,0,0,0,0,0,0,0,0,0,0,0,0,0,0,1,2,1,0,0,3,,,,,
Will Dissly,TE,SEA,4,ARI,0,0,0,0,0,0,0,0,1,5,0,1,0,0,0,0,0,0,0,0,0,0,,,,,
Will Fuller,WR,HOU,4,IND,0,0,0,0,0,0,0,0,4,49,1,5,0,0,0,0,0,0,0,0,0,0,,,,,
Willie Snead,WR,BAL,4,PIT,0,0,0,0,0,0,0,0,6,56,0,7,0,0,0,0,0,0,0,0,0,0,,,,,
Zach Ertz,TE,PHI,4,TEN,0,0,0,0,0,0,0,0,10,112,0,14,0,0,0,0,0,0,0,0,0,0,,,,,
Zach Pascal,WR,IND,4,HOU,0,0,0,0,0,0,0,0,6,56,1,10,0,0,0,0,0,0,0,0,0,0,,,,,
Zay Jones,WR,BUF,4,GB,0,0,0,0,0,0,0,0,4,38,0,7,0,0,0,0,0,0,0,0,0,0,,,,,
A.J. Green,WR,CIN,5,MIA,0,0,0,0,0,0,0,0,6,112,0,10,0,0,0,0,0,0,0,0,0,0,,,,,
ARI,DEF,ARI,5,SF,,,,,,,,,,,,,,,,,,,,,,,0,0,0,0,18.0
ATL,DEF,ATL,5,PIT,,,,,,,,,,,,,,,,,,,,,,,0,0,0,0,41.0
Aaron Jones,RB,GB,5,DET,0,0,0,0,0,40,0,7,2,19,0,3,0,0,0,0,0,0,0,0,0,0,,,,,
Aaron Rodgers,QB,GB,5,DET,442,3,52,32,0,10,0,3,0,0,0,0,0,0,1,0,0,0,0,0,0,0,,,,,
Adam Thielen,WR,MIN,5,PHI,0,0,0,0,0,0,0,0,7,116,1,10,0,0,0,0,0,0,0,0,0,0,,,,,
Adam Vinatieri,K,IND,5,NE,0,0,0,0,0,0,0,0,0,0,0,0,0,0,0,0,0,0,0,1,0,3,,,,,
Adrian Peterson,RB,WAS,5,NO,0,0,0,0,0,6,0,4,2,36,0,3,0,0,0,0,0,0,0,0,0,0,,,,,
Albert Wilson,WR,MIA,5,CIN,0,0,0,0,0,0,0,0,5,43,0,6,0,0,0,0,0,0,0,0,0,0,,,,,
Aldrick Robinson,WR,MIN,5,PHI,0,0,0,0,0,0,0,0,0,0,0,1,0,0,0,0,0,0,0,0,0,0,,,,,
Aldrick Rosas,K,NYG,5,CAR,0,0,0,0,0,0,0,0,0,0,0,0,0,0,0,0,0,1,1,1,0,2,,,,,
Alex Armah,RB,CAR,5,NYG,0,0,0,0,0,4,0,1,0,0,0,0,0,0,0,0,0,0,0,0,0,0,,,,,
Alex Collins,RB,BAL,5,CLE,0,0,0,0,0,59,0,12,1,7,0,4,0,0,0,0,0,0,0,0,0,0,,,,,
Alex Erickson,WR,CIN,5,MIA,0,0,0,0,0,0,0,0,3,24,0,3,0,0,0,0,0,0,0,0,0,0,,,,,
Alex Smith,QB,WAS,5,NO,275,0,39,23,1,7,1,2,0,0,0,0,0,0,0,0,0,0,0,0,0,0,,,,,
Alfred Blue,RB,HOU,5,DAL,0,0,0,0,0,46,0,20,8,73,0,8,0,0,0,0,0,0,0,0,0,0,,,,,
Alfred Morris,RB,SF,5,ARI,0,0,0,0,0,61,0,18,3,30,0,4,0,0,0,0,0,0,0,0,0,0,,,,,
Allen Hurns,WR,DAL,5,HOU,0,0,0,0,0,0,0,0,1,3,1,2,0,0,0,0,0,0,0,0,0,0,,,,,
Alshon Jeffery,WR,PHI,5,MIN,0,0,0,0,0,0,0,0,2,39,0,8,0,0,0,0,0,0,0,0,0,0,,,,,
Alvin Kamara,RB,NO,5,WAS,0,0,0,0,0,24,0,6,3,15,0,4,0,0,0,0,0,0,0,0,0,0,,,,,
Amari Cooper,WR,LV,5,LAC,0,0,0,0,0,0,0,0,1,10,0,1,0,0,0,0,0,0,0,0,0,0,,,,,
Ameer Abdullah,RB,DET,5,GB,0,0,0,0,0,0,0,0,0,0,0,0,0,0,0,0,0,0,0,0,0,0,,,,,
Andre Holmes,WR,BUF,5,TEN,0,0,0,0,0,0,0,0,0,0,0,2,0,0,0,0,0,0,0,0,0,0,,,,,
Andre Roberts,WR,NYJ,5,DEN,0,0,0,0,0,0,0,0,1,4,0,2,0,0,0,0,0,0,0,0,0,0,,,,,
Andrew Luck,QB,IND,5,NE,365,3,59,38,2,0,0,0,0,0,0,0,0,0,0,0,0,0,0,0,0,0,,,,,
Andy Dalton,QB,CIN,5,MIA,248,1,30,20,1,10,0,4,0,0,0,0,0,0,0,0,0,0,0,0,0,0,,,,,
Antonio Brown,WR,PIT,5,ATL,0,0,0,0,0,0,0,0,6,101,2,13,0,0,0,0,0,0,0,0,0,0,,,,,
Antonio Callaway,WR,CLE,5,BAL,0,0,0,0,0,0,0,0,3,22,0,5,0,0,0,0,0,0,0,0,0,0,,,,,
Antonio Gates,TE,LAC,5,LV,0,0,0,0,0,0,0,0,2,19,0,2,0,0,0,0,0,0,0,0,0,0,,,,,
Austin Carr,WR,NO,5,WAS,0,0,0,0,0,0,0,0,2,17,0,2,0,0,0,0,0,0,0,0,0,0,,,,,
Austin Ekeler,RB,LAC,5,LV,0,0,0,0,0,15,0,6,1,44,1,3,0,0,0,0,0,0,0,0,0,0,,,,,
Austin Hooper,TE,ATL,5,PIT,0,0,0,0,0,0,0,0,9,77,0,12,0,0,0,0,0,0,0,0,0,0,,,,,
Austin Seferian-Jenkins,TE,JAX,5,KC,0,0,0,0,0,0,0,0,0,0,0,1,0,0,0,0,0,0,0,0,0,0,,,,,
BAL,DEF,BAL,5,CLE,,,,,,,,,,,,,,,,,,,,,,,0,0,0,0,12.0
BUF,DEF,BUF,5,TEN,,,,,,,,,,,,,,,,,,,,,,,0,0,0,0,12.0
Baker Mayfield,QB,CLE,5,BAL,342,1,43,25,1,23,0,2,0,0,0,0,0,0,0,0,0,0,0,0,0,0,,,,,
Ben Roethlisberger,QB,PIT,5,ATL,250,3,29,19,1,16,0,2,0,0,0,0,0,0,0,0,0,0,0,0,0,0,,,,,
Benjamin Watson,TE,NO,5,WAS,0,0,0,0,0,0,0,0,4,30,0,4,0,0,0,0,0,0,0,0,0,0,,,,,
Bilal Powell,RB,NYJ,5,DEN,0,0,0,0,0,99,0,20,0,0,0,0,0,0,0,0,0,0,0,0,0,0,,,,,
Blake Bortles,QB,JAX,5,KC,430,1,61,33,4,34,1,4,0,0,0,0,0,0,0,0,0,0,0,0,0,0,,,,,
Blake Jarwin,TE,DAL,5,HOU,0,0,0,0,0,0,0,0,1,11,0,2,0,0,0,0,0,0,0,0,0,0,,,,,
Brandon Bolden,RB,MIA,5,CIN,0,0,0,0,0,0,0,0,0,0,0,0,0,0,0,0,0,0,0,0,0,0,,,,,
Brandon Marshall,WR,SEA,5,LA,0,0,0,0,0,0,0,0,0,0,0,1,0,0,0,0,0,0,0,0,0,0,,,,,
Brandon McManus,K,DEN,5,NYJ,0,0,0,0,0,0,0,0,0,0,0,0,0,0,0,0,0,1,0,0,0,1,,,,,
Brandon Wilds,RB,JAX,5,KC,0,0,0,0,0,6,0,2,0,0,0,0,0,0,0,0,0,0,0,0,0,0,,,,,
Brandon Zylstra,WR,MIN,5,PHI,0,0,0,0,0,0,0,0,0,0,0,0,0,0,0,0,0,0,0,0,0,0,,,,,
Brett Maher,K,DAL,5,HOU,0,0,0,0,0,0,0,0,0,0,0,0,0,0,0,0,1,0,2,0,0,1,,,,,
Brian Parker,TE,DEN,5,NYJ,0,0,0,0,0,0,0,0,0,0,0,1,0,0,0,0,0,0,0,0,0,0,,,,,
Brian Quick,WR,WAS,5,NO,0,0,0,0,0,0,0,0,1,6,0,1,0,0,0,0,0,0,0,0,0,0,,,,,
C.J. Anderson,RB,CAR,5,NYG,0,0,0,0,0,9,0,4,0,0,0,0,0,0,0,0,0,0,0,0,0,0,,,,,
C.J. Beathard,QB,SF,5,ARI,349,2,54,34,2,7,1,2,0,0,0,0,0,0,0,0,0,0,0,0,0,0,,,,,
C.J. Uzomah,TE,CIN,5,MIA,0,0,0,0,0,0,0,0,2,43,0,2,0,0,0,0,0,0,0,0,0,0,,,,,
CAR,DEF,CAR,5,NYG,,,,,,,,,,,,,,,,,,,,,,,0,0,0,0,31.0
CIN,DEF,CIN,5,MIA,,,,,,,,,,,,,,,,,,,,,,,1,0,0,0,17.0
CLE,DEF,CLE,5,BAL,,,,,,,,,,,,,,,,,,,,,,,0,0,0,0,9.0
Cairo Santos,K,LA,5,SEA,0,0,0,0,0,0,0,0,0,0,0,0,0,0,0,1,0,1,0,0,0,3,,,,,
Caleb Sturgis,K,LAC,5,LV,0,0,0,0,0,0,0,0,0,0,0,0,0,0,0,0,0,1,1,0,0,2,,,,,
Calvin Ridley,WR,ATL,5,PIT,0,0,0,0,0,0,0,0,4,38,0,5,0,0,0,0,0,0,0,0,0,0,,,,,
Cam Newton,QB,CAR,5,NYG,237,2,35,21,2,29,0,8,0,0,0,0,0,0,0,0,0,0,0,0,0,0,,,,,
Cameron Meredith,WR,NO,5,WAS,0,0,0,0,0,0,0,0,5,71,0,5,0,0,0,0,0,0,0,0,0,0,,,,,
Carlos Hyde,RB,CLE,5,BAL,0,0,0,0,0,63,0,17,2,14,0,3,0,0,0,0,0,0,0,0,0,0,,,,,
Carson Wentz,QB,PHI,5,MIN,311,2,35,24,0,26,0,5,0,0,0,0,0,0,0,0,0,0,0,0,0,0,,,,,
Case Keenum,QB,DEN,5,NYJ,377,2,51,35,1,0,0,0,0,0,0,0,0,0,0,0,0,0,0,0,0,0,,,,,
Chad Williams,WR,ARI,5,SF,0,0,0,0,0,0,0,0,2,23,0,6,0,0,0,0,0,0,0,0,0,0,,,,,
Charles Clay,TE,BUF,5,TEN,0,0,0,0,0,0,0,0,1,12,0,1,0,0,0,0,0,0,0,0,0,0,,,,,
Chase Edmonds,RB,ARI,5,SF,0,0,0,0,0,-1,0,1,0,0,0,1,0,0,0,0,0,0,0,0,0,0,,,,,
Chester Rogers,WR,IND,5,NE,0,0,0,0,0,0,0,0,8,66,0,11,0,0,0,0,0,0,0,0,0,0,,,,,
Chris Boswell,K,PIT,5,ATL,0,0,0,0,0,0,0,0,0,0,0,0,0,0,0,0,0,0,0,0,0,5,,,,,
Chris Carson,RB,SEA,5,LA,0,0,0,0,0,116,0,19,1,11,0,1,0,0,0,0,0,0,0,0,0,0,,,,,
Chris Conley,WR,KC,5,JAX,0,0,0,0,0,0,0,0,2,21,0,5,0,0,0,0,0,0,0,0,0,0,,,,,
Chris Hogan,WR,NE,5,IND,0,0,0,0,0,0,0,0,3,34,0,4,0,0,0,0,0,0,0,0,0,0,,,,,
Chris Ivory,RB,BUF,5,TEN,0,0,0,0,0,43,0,14,0,0,0,0,0,0,0,0,0,0,0,0,0,0,,,,,
Chris Moore,WR,BAL,5,CLE,0,0,0,0,0,0,0,0,1,20,0,2,0,0,0,0,0,0,0,0,0,0,,,,,
Chris Thompson,RB,WAS,5,NO,0,0,0,0,0,17,0,8,6,45,0,8,0,0,0,0,0,0,0,0,0,0,,,,,
Christian Kirk,WR,ARI,5,SF,0,0,0,0,0,5,0,1,3,85,1,4,0,0,0,0,0,0,0,0,0,0,,,,,
Christian McCaffrey,RB,CAR,5,NYG,0,0,0,0,0,58,0,17,5,35,1,6,0,0,0,0,0,0,0,0,0,0,,,,,
Cole Beasley,WR,DAL,5,HOU,0,0,0,0,0,0,0,0,1,8,0,3,0,0,0,0,0,0,0,0,0,0,,,,,
Cole Wick,TE,SF,5,ARI,0,0,0,0,0,0,0,0,0,0,0,1,0,0,0,0,0,0,0,0,0,0,,,,,
Cooper Kupp,WR,LA,5,SEA,0,0,0,0,0,0,0,0,6,90,1,9,0,0,0,0,0,0,0,0,0,0,,,,,
Cordarrelle Patterson,RB,NE,5,IND,0,0,0,0,0,0,0,0,2,11,1,2,0,0,0,0,0,0,0,0,0,0,,,,,
Corey Davis,WR,TEN,5,BUF,0,0,0,0,0,0,0,0,4,49,0,6,0,0,0,0,0,0,0,0,0,0,,,,,
Corey Grant,RB,JAX,5,KC,0,0,0,0,0,8,0,1,0,0,0,0,0,0,0,0,0,0,0,0,0,0,,,,,
Courtland Sutton,WR,DEN,5,NYJ,0,0,0,0,0,0,0,0,2,18,1,6,0,0,0,0,0,0,0,0,0,0,,,,,
Curtis Samuel,WR,CAR,5,NYG,0,0,0,0,0,0,0,0,2,37,1,4,0,0,0,0,0,0,0,0,0,0,,,,,
DAL,DEF,DAL,5,HOU,,,,,,,,,,,,,,,,,,,,,,,0,0,0,0,19.0
DEN,DEF,DEN,5,NYJ,,,,,,,,,,,,,,,,,,,,,,,0,0,0,0,34.0
DET,DEF,DET,5,GB,,,,,,,,,,,,,,,,,,,,,,,0,0,0,0,23.0
DJ Chark,WR,JAX,5,KC,0,0,0,0,0,0,0,0,2,68,0,4,0,0,0,0,0,0,0,0,0,0,,,,,
DJ Moore,WR,CAR,5,NYG,0,0,0,0,0,18,0,1,4,49,0,4,0,0,0,0,0,0,0,0,0,0,,,,,
DaeSean Hamilton,WR,DEN,5,NYJ,0,0,0,0,0,0,0,0,3,44,0,3,0,0,0,0,0,0,0,0,0,0,,,,,
Dak Prescott,QB,DAL,5,HOU,208,1,29,18,2,34,0,6,0,0,0,0,0,0,0,0,0,0,0,0,0,0,,,,,
Dallas Goedert,TE,PHI,5,MIN,0,0,0,0,0,0,0,0,2,16,0,2,0,0,0,0,0,0,0,0,0,0,,,,,
Damien Williams,RB,KC,5,JAX,0,0,0,0,0,0,0,1,0,0,0,0,0,0,0,0,0,0,0,0,0,0,,,,,
Damiere Byrd,WR,CAR,5,NYG,0,0,0,0,0,0,0,0,0,0,0,0,0,0,0,0,0,0,0,0,0,0,,,,,
Dan Bailey,K,MIN,5,PHI,0,0,0,0,0,0,0,0,0,0,0,0,0,0,0,0,1,1,0,1,0,2,,,,,
Danny Amendola,WR,MIA,5,CIN,0,0,0,0,0,0,0,0,3,30,0,4,0,0,0,0,0,0,0,0,0,0,,,,,
Darius Jennings,WR,TEN,5,BUF,0,0,0,0,0,0,0,0,1,6,0,1,0,0,0,0,0,0,0,0,0,0,,,,,
Darrell Daniels,TE,SEA,5,LA,0,0,0,0,0,0,0,0,0,0,0,1,0,0,0,0,0,0,0,0,0,0,,,,,
Darren Fells,TE,CLE,5,BAL,0,0,0,0,0,0,0,0,1,8,0,1,0,0,0,0,0,0,0,0,0,0,,,,,
Davante Adams,WR,GB,5,DET,0,0,0,0,0,0,0,0,9,140,1,12,0,0,0,0,0,0,0,0,0,0,,,,,
David Johnson,RB,ARI,5,SF,0,0,0,0,0,55,2,18,2,16,0,3,0,0,0,0,0,0,0,0,0,0,,,,,
David Moore,WR,SEA,5,LA,0,0,0,0,0,0,0,0,3,38,2,4,0,0,0,0,0,0,0,0,0,0,,,,,
David Morgan,TE,MIN,5,PHI,0,0,0,0,0,0,0,0,1,5,0,1,0,0,0,0,0,0,0,0,0,0,,,,,
David Njoku,TE,CLE,5,BAL,0,0,0,0,0,0,0,0,6,69,0,10,0,0,0,0,0,0,0,0,0,0,,,,,
De'Anthony Thomas,WR,KC,5,JAX,0,0,0,0,0,0,0,0,1,13,0,1,0,0,0,0,0,0,0,0,0,0,,,,,
De'Lance Turner,RB,BAL,5,CLE,0,0,0,0,0,0,0,0,1,7,0,1,0,0,0,0,0,0,0,0,0,0,,,,,
DeAndre Carter,WR,PHI,5,MIN,0,0,0,0,0,0,0,0,0,0,0,0,0,0,0,0,0,0,0,0,0,0,,,,,
DeAndre Hopkins,WR,HOU,5,DAL,0,0,0,0,0,0,0,0,9,151,0,13,0,0,0,0,0,0,0,0,0,0,,,,,
Dede Westbrook,WR,JAX,5,KC,0,0,0,0,0,0,0,0,3,55,0,5,0,0,0,0,0,0,0,0,0,0,,,,,
Demarcus Robinson,WR,KC,5,JAX,0,0,0,0,0,0,0,0,0,0,0,1,0,0,0,0,0,0,0,0,0,0,,,,,
Demaryius Thomas,WR,DEN,5,NYJ,0,0,0,0,0,0,0,0,5,105,1,6,0,0,0,0,0,0,0,0,0,0,,,,,
Demetrius Harris,TE,KC,5,JAX,0,0,0,0,0,0,0,0,1,5,0,2,0,0,0,0,0,0,0,0,0,0,,,,,
Deonte Thompson,WR,DAL,5,HOU,0,0,0,0,0,0,0,0,2,19,0,4,0,0,0,0,0,0,0,0,0,0,,,,,
Derek Carr,QB,LV,5,LAC,268,1,33,24,1,5,0,1,0,0,0,0,0,0,0,0,0,0,0,0,0,0,,,,,
Derek Carrier,TE,LV,5,LAC,0,0,0,0,0,0,0,0,0,0,0,1,0,0,0,0,0,0,0,0,0,0,,,,,
Derrick Henry,RB,TEN,5,BUF,0,0,0,0,0,56,0,11,0,0,0,1,0,0,0,0,0,0,0,0,0,0,,,,,
Derrick Willies,WR,CLE,5,BAL,0,0,0,0,0,0,0,0,3,61,0,5,0,0,0,0,0,0,0,0,0,0,,,,,
Deshaun Watson,QB,HOU,5,DAL,375,1,44,33,1,40,0,10,0,0,0,0,0,0,0,0,0,0,0,0,0,0,,,,,
Devin Funchess,WR,CAR,5,NYG,0,0,0,0,0,0,0,0,4,53,0,7,0,0,0,0,0,0,0,0,0,0,,,,,
Devonta Freeman,RB,ATL,5,PIT,0,0,0,0,0,32,0,8,2,9,0,2,0,0,0,0,0,0,0,0,0,0,,,,,
Devontae Booker,RB,DEN,5,NYJ,0,0,0,0,0,0,0,0,5,59,0,6,0,0,0,0,0,0,0,0,0,0,,,,,
Dion Lewis,RB,TEN,5,BUF,0,0,0,0,0,34,0,12,3,14,0,4,0,0,0,0,0,0,0,0,0,0,,,,,
Donte Moncrief,WR,JAX,5,KC,0,0,0,0,0,0,0,0,6,76,0,14,0,0,0,0,0,0,0,0,0,0,,,,,
Doug Baldwin,WR,SEA,5,LA,0,0,0,0,0,0,0,0,1,1,0,1,0,0,0,0,0,0,0,0,0,0,,,,,
Doug Martin,RB,LV,5,LAC,0,0,0,0,0,1,0,2,0,0,0,1,0,0,0,0,0,0,0,0,0,0,,,,,
Drew Brees,QB,NO,5,WAS,363,3,29,26,0,1,0,2,1,1,0,1,0,0,0,0,0,0,0,0,0,0,,,,,
Duke Johnson,RB,CLE,5,BAL,0,0,0,0,0,35,0,5,1,7,0,1,0,0,0,0,0,0,0,0,0,0,,,,,
Durham Smythe,TE,MIA,5,CIN,0,0,0,0,0,0,0,0,0,0,0,1,0,0,0,0,0,0,0,0,0,0,,,,,
Dustin Hopkins,K,WAS,5,NO,0,0,0,0,0,0,0,0,0,0,0,0,0,0,0,0,0,1,0,1,0,1,,,,,
Dwayne Harris,WR,LV,5,LAC,0,0,0,0,0,0,0,0,0,0,0,0,0,0,0,0,0,0,0,0,0,0,,,,,
Eli Manning,QB,NYG,5,CAR,326,2,36,22,2,2,0,1,0,0,0,0,0,0,1,0,0,0,0,0,0,0,,,,,
Emmanuel Sanders,WR,DEN,5,NYJ,0,0,0,0,0,0,0,0,9,72,0,14,0,0,0,0,0,0,0,0,0,0,,,,,
Equanimeous St. Brown,WR,GB,5,DET,0,0,0,0,0,0,0,0,3,89,0,5,0,0,0,0,0,0,0,0,0,0,,,,,
Eric Ebron,TE,IND,5,NE,0,0,0,0,0,0,0,0,9,105,2,15,0,0,0,0,0,0,0,0,0,0,,,,,
Eric Saubert,TE,ATL,5,PIT,0,0,0,0,0,0,0,0,1,8,0,2,0,0,0,0,0,0,0,0,0,0,,,,,
Eric Tomlinson,TE,NYJ,5,DEN,0,0,0,0,0,0,0,0,2,15,0,3,0,0,0,0,0,0,0,0,0,0,,,,,
Erik Swoope,TE,IND,5,NE,0,0,0,0,0,0,0,0,3,44,1,3,0,0,0,0,0,0,0,0,0,0,,,,,
Ezekiel Elliott,RB,DAL,5,HOU,0,0,0,0,0,54,0,20,7,30,0,7,0,0,0,0,0,0,0,0,0,0,,,,,
Frank Gore,RB,MIA,5,CIN,0,0,0,0,0,63,0,12,0,0,0,0,0,0,0,0,0,0,0,0,0,0,,,,,
GB,DEF,GB,5,DET,,,,,,,,,,,,,,,,,,,,,,,0,0,0,0,31.0
Garrett Celek,TE,SF,5,ARI,0,0,0,0,0,0,0,0,0,0,0,0,0,0,0,0,0,0,0,0,0,0,,,,,
Geoff Swaim,TE,DAL,5,HOU,0,0,0,0,0,0,0,0,3,55,0,3,0,0,0,0,0,0,0,0,0,0,,,,,
George Kittle,TE,SF,5,ARI,0,0,0,0,0,0,0,0,5,83,0,7,0,0,0,0,0,0,0,0,0,0,,,,,
Gerald Everett,TE,LA,5,SEA,0,0,0,0,0,0,0,0,3,24,0,3,0,0,0,0,0,0,0,0,0,0,,,,,
Golden Tate,WR,DET,5,GB,0,0,0,0,0,0,0,0,5,42,0,7,0,0,0,0,0,0,0,0,0,0,,,,,
Graham Gano,K,CAR,5,NYG,0,0,0,0,0,0,0,0,0,0,0,0,0,0,0,0,0,1,2,0,1,3,,,,,
Greg Joseph,K,CLE,5,BAL,0,0,0,0,0,0,0,0,0,0,0,0,0,0,0,0,0,2,0,0,0,0,,,,,
HOU,DEF,HOU,5,DAL,,,,,,,,,,,,,,,,,,,,,,,0,0,0,0,16.0
Harrison Butker,K,KC,5,JAX,0,0,0,0,0,0,0,0,0,0,0,0,0,0,0,0,1,1,1,0,0,3,,,,,
Hayden Hurst,TE,BAL,5,CLE,0,0,0,0,0,0,0,0,1,7,0,2,0,0,0,0,0,0,0,0,0,0,,,,,
IND,DEF,IND,5,NE,,,,,,,,,,,,,,,,,,,,,,,0,0,0,0,38.0
Ian Thomas,TE,CAR,5,NYG,0,0,0,0,0,0,0,0,3,38,0,6,0,0,0,0,0,0,0,0,0,0,,,,,
Isaiah Crowell,RB,NYJ,5,DEN,0,0,0,0,0,219,1,15,1,12,0,1,0,0,0,0,0,0,0,0,0,0,,,,,
Ito Smith,RB,ATL,5,PIT,0,0,0,0,0,5,1,3,1,5,0,1,0,0,0,0,0,0,0,0,0,0,,,,,
J'Mon Moore,WR,GB,5,DET,0,0,0,0,0,0,0,0,0,0,0,0,0,0,0,0,0,0,0,0,0,0,,,,,
JAX,DEF,JAX,5,KC,,,,,,,,,,,,,,,,,,,,,,,0,0,0,0,30.0
Jake Elliott,K,PHI,5,MIN,0,0,0,0,0,0,0,0,0,0,0,0,0,0,0,0,1,1,0,0,0,1,,,,,
Jakeem Grant,WR,MIA,5,CIN,0,0,0,0,0,0,0,0,0,0,0,1,1,0,0,0,0,0,0,0,0,0,,,,,
Jalen Richard,RB,LV,5,LAC,0,0,0,0,0,4,0,1,6,53,0,6,0,0,0,0,0,0,0,0,0,0,,,,,
Jamaal Williams,RB,GB,5,DET,0,0,0,0,0,33,0,6,2,19,0,4,0,0,1,0,0,0,0,0,0,0,,,,,
Jamal Agnew,WR,DET,5,GB,0,0,0,0,0,0,0,0,0,0,0,0,0,0,0,0,0,0,0,0,0,0,,,,,
James Conner,RB,PIT,5,ATL,0,0,0,0,0,110,2,21,4,75,0,4,0,0,0,0,0,0,0,0,0,0,,,,,
James O'Shaughnessy,TE,JAX,5,KC,0,0,0,0,0,0,0,0,3,27,0,6,0,0,0,0,0,0,0,0,0,0,,,,,
James Washington,WR,PIT,5,ATL,0,0,0,0,0,0,0,0,0,0,0,2,0,0,0,0,0,0,0,0,0,0,,,,,
James White,RB,NE,5,IND,0,0,0,0,0,0,0,2,10,77,1,14,0,0,0,0,0,0,0,0,0,0,,,,,
Jamison Crowder,WR,WAS,5,NO,0,0,0,0,0,0,0,0,4,55,0,7,0,0,0,0,0,0,0,0,0,0,,,,,
Jamize Olawale,RB,DAL,5,HOU,0,0,0,0,0,0,0,0,0,0,0,0,0,0,0,0,0,0,0,0,0,0,,,,,
Jared Cook,TE,LV,5,LAC,0,0,0,0,0,0,0,0,4,20,0,6,0,0,0,0,0,0,0,0,0,0,,,,,
Jared Goff,QB,LA,5,SEA,321,1,32,23,2,15,0,5,0,0,0,0,0,0,0,0,0,0,0,0,0,0,,,,,
Jarius Wright,WR,CAR,5,NYG,0,0,0,0,0,0,0,0,3,25,0,6,0,0,0,0,0,0,0,0,0,0,,,,,
Jaron Brown,WR,SEA,5,LA,0,0,0,0,0,0,0,0,0,0,0,0,0,0,0,0,0,0,0,0,0,0,,,,,
Jarvis Landry,WR,CLE,5,BAL,0,0,0,0,0,0,0,0,5,69,0,11,0,0,0,0,0,0,0,0,0,0,,,,,
Jason Croom,TE,BUF,5,TEN,0,0,0,0,0,0,0,0,2,9,0,2,0,0,0,0,0,0,0,0,0,0,,,,,
Jason Myers,K,NYJ,5,DEN,0,0,0,0,0,0,0,0,0,0,0,0,0,0,0,0,0,1,1,0,0,4,,,,,
Jason Sanders,K,MIA,5,CIN,0,0,0,0,0,0,0,0,0,0,0,0,0,0,0,0,0,0,1,0,0,2,,,,,
Javorius Allen,RB,BAL,5,CLE,0,0,0,0,0,34,0,8,6,44,0,8,0,0,0,0,0,0,0,0,0,0,,,,,
Jawill Davis,WR,NYG,5,CAR,0,0,0,0,0,0,0,0,2,27,0,4,0,0,0,0,0,0,0,0,0,0,,,,,
Jay Ajayi,RB,PHI,5,MIN,0,0,0,0,0,29,0,8,1,5,0,1,0,0,0,0,0,0,0,0,0,0,,,,,
Jaydon Mickens,WR,JAX,5,KC,0,0,0,0,0,0,0,0,0,0,0,0,0,0,0,0,0,0,0,0,0,0,,,,,
Jeff Heuerman,TE,DEN,5,NYJ,0,0,0,0,0,0,0,0,2,18,0,4,0,0,0,0,0,0,0,0,0,0,,,,,
Jermaine Gresham,TE,ARI,5,SF,0,0,0,0,0,0,0,0,1,11,0,1,0,0,0,0,0,0,0,0,0,0,,,,,
Jermaine Kearse,WR,NYJ,5,DEN,0,0,0,0,0,0,0,0,1,14,0,4,0,0,0,0,0,0,0,0,0,0,,,,,
Jesse James,TE,PIT,5,ATL,0,0,0,0,0,0,0,0,2,20,0,2,0,0,0,0,0,0,0,0,0,0,,,,,
Jimmy Graham,TE,GB,5,DET,0,0,0,0,0,0,0,0,6,76,0,10,0,0,0,0,0,0,0,0,0,0,,,,,
Joe Flacco,QB,BAL,5,CLE,298,0,56,29,1,13,0,2,0,0,0,0,0,0,0,0,0,0,0,0,0,0,,,,,
Joe Mixon,RB,CIN,5,MIA,0,0,0,0,0,93,0,22,3,22,1,4,0,0,0,0,0,0,0,0,0,0,,,,,
Joe Webb,QB,HOU,5,DAL,0,0,0,0,0,0,0,0,0,0,0,0,0,0,0,0,0,0,0,0,0,0,,,,,
John Brown,WR,BAL,5,CLE,0,0,0,0,0,0,0,0,4,58,0,14,0,0,0,0,0,0,0,0,0,0,,,,,
Jonnu Smith,TE,TEN,5,BUF,0,0,0,0,0,0,0,0,0,0,0,1,0,0,0,0,0,0,0,0,0,0,,,,,
Jordan Akins,TE,HOU,5,DAL,0,0,0,0,0,0,0,0,1,9,0,2,0,0,0,0,0,0,0,0,0,0,,,,,
Jordan Leggett,TE,NYJ,5,DEN,0,0,0,0,0,0,0,0,1,10,0,1,0,0,0,0,0,0,0,0,0,0,,,,,
Jordan Matthews,TE,PHI,5,MIN,0,0,0,0,0,0,0,0,1,4,0,1,0,0,0,0,0,0,0,0,0,0,,,,,
Jordan Reed,TE,WAS,5,NO,0,0,0,0,0,0,0,0,1,21,0,2,0,0,0,0,0,0,0,0,0,0,,,,,
Jordan Wilkins,RB,IND,5,NE,0,0,0,0,0,39,0,6,2,9,0,2,0,0,0,0,0,0,0,0,0,0,,,,,
Jordy Nelson,WR,LV,5,LAC,0,0,0,0,0,0,0,0,4,43,1,4,0,0,0,0,0,0,0,0,0,0,,,,,
Josh Adams,RB,PHI,5,MIN,0,0,0,0,0,-1,0,1,0,0,0,0,0,0,0,0,0,0,0,0,0,0,,,,,
Josh Allen,QB,BUF,5,TEN,82,0,19,10,1,19,1,4,0,0,0,0,0,0,0,0,0,0,0,0,0,0,,,,,
Josh Gordon,WR,NE,5,IND,0,0,0,0,0,0,0,0,2,50,1,4,0,0,0,0,0,0,0,0,0,0,,,,,
Josh Hill,TE,NO,5,WAS,0,0,0,0,0,0,0,0,2,24,1,2,0,0,0,0,0,0,0,0,0,0,,,,,
Josh Lambo,K,JAX,5,KC,0,0,0,0,0,0,0,0,0,0,0,0,0,0,0,0,0,0,0,0,0,2,,,,,
Josh Perkins,TE,PHI,5,MIN,0,0,0,0,0,0,0,0,0,0,0,0,0,0,0,0,0,0,0,0,0,0,,,,,
Josh Reynolds,WR,LA,5,SEA,0,0,0,0,0,10,0,1,2,39,0,3,0,0,0,0,0,0,0,0,0,0,,,,,
Josh Rosen,QB,ARI,5,SF,170,1,25,10,0,-3,0,3,0,0,0,0,0,0,0,0,0,0,0,0,0,0,,,,,
Joshua Dobbs,QB,PIT,5,ATL,0,0,0,0,0,-3,0,1,0,0,0,0,0,0,0,0,0,0,0,0,0,0,,,,,
JuJu Smith-Schuster,WR,PIT,5,ATL,0,0,0,0,0,0,0,0,4,34,1,4,0,0,0,0,0,0,0,0,0,0,,,,,
Julian Edelman,WR,NE,5,IND,0,0,0,0,0,0,0,0,7,57,0,9,0,0,0,0,0,0,0,0,0,0,,,,,
Julio Jones,WR,ATL,5,PIT,0,0,0,0,0,0,0,0,5,62,0,9,0,0,0,0,0,0,0,0,0,0,,,,,
Justin Hardy,WR,ATL,5,PIT,0,0,0,0,0,0,0,0,0,0,0,0,0,0,0,0,0,0,0,0,0,0,,,,,
Justin Tucker,K,BAL,5,CLE,0,0,0,0,0,0,0,0,0,0,0,0,0,0,0,0,1,1,1,0,0,0,,,,,
KC,DEF,KC,5,JAX,,,,,,,,,,,,,,,,,,,,,,,1,0,0,0,14.0
Ka'imi Fairbairn,K,HOU,5,DAL,0,0,0,0,0,0,0,0,0,0,0,0,0,0,0,1,2,1,0,0,0,1,,,,,
Kalen Ballage,RB,MIA,5,CIN,0,0,0,0,0,2,0,1,0,0,0,0,0,0,0,0,0,0,0,0,0,0,,,,,
Kapri Bibbs,RB,WAS,5,NO,0,0,0,0,0,9,1,4,0,0,0,0,0,0,0,0,0,0,0,0,0,0,,,,,
Kareem Hunt,RB,KC,5,JAX,0,0,0,0,0,87,1,22,1,7,0,2,0,0,0,0,0,0,0,0,0,0,,,,,
Keelan Cole,WR,JAX,5,KC,0,0,0,0,0,0,0,0,4,70,0,10,0,0,0,0,0,0,0,0,0,0,,,,,
Keenan Allen,WR,LAC,5,LV,0,0,0,0,0,5,0,1,8,90,0,9,0,0,0,0,0,0,0,0,0,0,,,,,
Keke Coutee,WR,HOU,5,DAL,0,0,0,0,0,2,0,1,6,51,1,7,0,0,0,0,0,0,0,0,0,0,,,,,
Kelvin Benjamin,WR,BUF,5,TEN,0,0,0,0,0,0,0,0,1,11,0,5,0,0,0,0,0,0,0,0,0,0,,,,,
Kendrick Bourne,WR,SF,5,ARI,0,0,0,0,0,0,0,0,4,33,0,7,0,0,0,0,0,0,0,0,0,0,,,,,
Kenny Golladay,WR,DET,5,GB,0,0,0,0,0,0,0,0,4,98,1,9,0,0,0,0,0,0,0,0,0,0,,,,,
Kenny Stills,WR,MIA,5,CIN,0,0,0,0,0,0,0,0,2,17,0,5,0,0,0,0,0,0,0,0,0,0,,,,,
Kenyan Drake,RB,MIA,5,CIN,0,0,0,0,0,46,0,6,7,69,1,11,0,0,0,0,0,0,0,0,0,0,,,,,
Kerryon Johnson,RB,DET,5,GB,0,0,0,0,0,70,0,12,2,15,0,2,0,0,0,0,0,0,0,0,0,0,,,,,
KhaDarel Hodge,WR,LA,5,SEA,0,0,0,0,0,0,0,0,1,14,0,1,0,0,0,0,0,0,0,0,0,0,,,,,
Kirk Cousins,QB,MIN,5,PHI,301,1,37,30,0,1,0,5,0,0,0,0,0,0,0,0,0,0,0,0,0,0,,,,,
Kyle Juszczyk,RB,SF,5,ARI,0,0,0,0,0,12,0,1,6,75,0,7,0,0,0,0,0,0,0,0,0,0,,,,,
Kyle Rudolph,TE,MIN,5,PHI,0,0,0,0,0,0,0,0,5,41,0,5,0,0,0,0,0,0,0,0,0,0,,,,,
LA,DEF,LA,5,SEA,,,,,,,,,,,,,,,,,,,,,,,0,0,0,0,31.0
LAC,DEF,LAC,5,LV,,,,,,,,,,,,,,,,,,,,,,,0,0,0,0,10.0
LV,DEF,LV,5,LAC,,,,,,,,,,,,,,,,,,,,,,,0,0,0,0,0.0
Lamar Jackson,QB,BAL,5,CLE,0,0,1,0,0,10,0,3,0,0,0,0,0,0,0,0,0,0,0,0,0,0,,,,,
Lance Kendricks,TE,GB,5,DET,0,0,0,0,0,0,0,0,2,8,1,2,0,0,0,0,0,0,0,0,0,0,,,,,
Laquon Treadwell,WR,MIN,5,PHI,0,0,0,0,0,0,0,0,3,21,0,4,0,0,0,0,0,0,0,0,0,0,,,,,
Larry Fitzgerald,WR,ARI,5,SF,0,0,0,0,0,0,0,0,2,35,0,3,0,0,0,0,0,0,0,0,0,0,,,,,
Latavius Murray,RB,MIN,5,PHI,0,0,0,0,0,42,0,11,2,14,0,2,0,0,0,0,0,0,0,0,0,0,,,,,
LeGarrette Blount,RB,DET,5,GB,0,0,0,0,0,22,2,12,0,0,0,0,0,0,0,0,0,0,0,0,0,0,,,,,
LeSean McCoy,RB,BUF,5,TEN,0,0,0,0,0,85,0,24,2,23,0,3,0,0,0,0,0,0,0,0,0,0,,,,,
Levine Toilolo,TE,DET,5,GB,0,0,0,0,0,0,0,0,0,0,0,1,0,0,0,0,0,0,0,0,0,0,,,,,
Luke Stocker,TE,TEN,5,BUF,0,0,0,0,0,0,0,0,0,0,0,1,0,0,0,0,0,0,0,0,0,0,,,,,
MIA,DEF,MIA,5,CIN,,,,,,,,,,,,,,,,,,,,,,,0,0,0,0,27.0
MIN,DEF,MIN,5,PHI,,,,,,,,,,,,,,,,,,,,,,,0,0,0,0,21.0
Malcolm Brown,RB,LA,5,SEA,0,0,0,0,0,0,0,0,0,0,0,0,0,0,0,0,0,0,0,0,0,0,,,,,
Marcus Johnson,WR,IND,5,NE,0,0,0,0,0,0,0,0,2,26,0,2,0,0,0,0,0,0,0,0,0,0,,,,,
Marcus Mariota,QB,TEN,5,BUF,129,0,26,14,1,10,0,2,0,0,0,0,0,0,0,0,0,0,0,0,0,0,,,,,
Mark Andrews,TE,BAL,5,CLE,0,0,0,0,0,0,0,0,1,16,0,3,0,0,0,0,0,0,0,0,0,0,,,,,
Mark Ingram,RB,NO,5,WAS,0,0,0,0,0,53,2,16,2,20,0,3,0,0,0,0,0,0,0,0,0,0,,,,,
Mark Walton,RB,CIN,5,MIA,0,0,0,0,0,0,0,0,2,3,0,3,0,0,0,0,0,0,0,0,0,0,,,,,
Marquez Valdes-Scantling,WR,GB,5,DET,0,0,0,0,0,0,0,0,7,68,1,11,0,0,0,0,0,0,0,0,0,0,,,,,
Marshawn Lynch,RB,LV,5,LAC,0,0,0,0,0,31,0,9,2,10,0,2,0,0,0,0,0,0,0,0,0,0,,,,,
Martavis Bryant,WR,LV,5,LAC,0,0,0,0,0,0,0,0,3,91,0,3,0,0,0,0,0,0,0,0,0,0,,,,,
Marvin Hall,WR,ATL,5,PIT,0,0,0,0,0,0,0,0,2,25,0,3,0,0,0,0,0,0,0,0,0,0,,,,,
Marvin Jones,WR,DET,5,GB,0,0,0,0,0,0,0,0,1,8,1,4,0,0,0,0,0,0,0,0,0,0,,,,,
Mason Crosby,K,GB,5,DET,0,0,0,0,0,0,0,0,0,0,0,0,0,0,0,0,0,0,1,0,0,0,,,,,
Mason Schreck,TE,CIN,5,MIA,0,0,0,0,0,0,0,0,0,0,0,0,0,0,0,0,0,0,0,0,0,0,,,,,
Matt Breida,RB,SF,5,ARI,0,0,0,0,0,56,0,8,1,5,1,1,0,0,0,0,0,0,0,0,0,0,,,,,
Matt Bryant,K,ATL,5,PIT,0,0,0,0,0,0,0,0,0,0,0,0,0,0,0,0,0,0,1,0,0,2,,,,,
Matt LaCosse,TE,DEN,5,NYJ,0,0,0,0,0,0,0,0,2,19,0,2,0,0,0,0,0,0,0,0,0,0,,,,,
Matt McCrane,K,LV,5,LAC,0,0,0,0,0,0,0,0,0,0,0,0,0,0,0,0,1,0,0,0,0,1,,,,,
Matt Prater,K,DET,5,GB,0,0,0,0,0,0,0,0,0,0,0,0,0,0,0,0,0,1,0,0,0,4,,,,,
Matt Ryan,QB,ATL,5,PIT,285,1,38,26,0,10,0,1,0,0,0,0,0,0,0,0,0,0,0,0,0,0,,,,,
Matt Schaub,QB,ATL,5,PIT,20,0,7,5,0,0,0,0,1,-7,0,1,0,0,0,0,0,0,0,0,0,0,,,,,
Matthew Slater,WR,NE,5,IND,0,0,0,0,0,0,0,0,0,0,0,0,0,0,0,0,0,0,0,0,0,0,,,,,
Matthew Stafford,QB,DET,5,GB,183,2,26,14,0,-1,0,1,0,0,0,0,0,0,0,0,0,0,0,0,0,0,,,,,
Maurice Harris,WR,WAS,5,NO,0,0,0,0,0,0,0,0,3,47,0,8,0,0,0,0,0,0,0,0,0,0,,,,,
Maxx Williams,TE,BAL,5,CLE,0,0,0,0,0,0,0,0,2,8,0,2,0,0,0,0,0,0,0,0,0,0,,,,,
Melvin Gordon,RB,LAC,5,LV,0,0,0,0,0,58,1,19,4,62,0,4,0,0,0,0,0,0,0,0,0,0,,,,,
Michael Crabtree,WR,BAL,5,CLE,0,0,0,0,0,0,0,0,6,66,0,12,0,0,0,0,0,0,0,0,0,0,,,,,
Michael Gallup,WR,DAL,5,HOU,0,0,0,0,0,0,0,0,1,6,0,3,0,0,0,0,0,0,0,0,0,0,,,,,
Michael Thomas,WR,NO,5,WAS,0,0,0,0,0,0,0,0,4,74,0,5,0,0,0,0,0,0,0,0,0,0,,,,,
Mike Boone,RB,MIN,5,PHI,0,0,0,0,0,1,0,1,0,0,0,0,0,0,0,0,0,0,0,0,0,0,,,,,
Mike Davis,RB,SEA,5,LA,0,0,0,0,0,68,1,12,2,7,0,2,0,0,0,0,0,0,0,0,0,0,,,,,
Mike Gesicki,TE,MIA,5,CIN,0,0,0,0,0,0,0,0,3,26,0,5,0,0,0,0,0,0,0,0,0,0,,,,,
Mike Williams,WR,LAC,5,LV,0,0,0,0,0,3,0,1,3,45,0,4,0,0,0,0,0,0,0,0,0,0,,,,,
Mohamed Sanu,WR,ATL,5,PIT,0,0,0,0,0,0,0,0,4,73,1,7,0,0,0,0,0,0,0,0,0,0,,,,,
NE,DEF,NE,5,IND,,,,,,,,,,,,,,,,,,,,,,,0,0,0,0,24.0
NO,DEF,NO,5,WAS,,,,,,,,,,,,,,,,,,,,,,,0,0,0,0,19.0
NYG,DEF,NYG,5,CAR,,,,,,,,,,,,,,,,,,,,,,,0,0,0,0,33.0
NYJ,DEF,NYJ,5,DEN,,,,,,,,,,,,,,,,,,,,,,,0,0,0,0,16.0
Nelson Agholor,WR,PHI,5,MIN,0,0,0,0,0,0,0,0,4,45,0,4,0,0,0,0,0,0,0,0,0,0,,,,,
Nick Boyle,TE,BAL,5,CLE,0,0,0,0,0,0,0,0,1,10,0,2,0,0,0,0,0,0,0,0,0,0,,,,,
Nick Chubb,RB,CLE,5,BAL,0,0,0,0,0,2,0,3,0,0,0,1,0,0,0,0,0,0,0,0,0,0,,,,,
Nick Vannett,TE,SEA,5,LA,0,0,0,0,0,0,0,0,3,43,0,4,0,0,0,0,0,0,0,0,0,0,,,,,
Nick Williams,WR,TEN,5,BUF,0,0,0,0,0,0,0,0,0,0,0,2,0,0,0,0,0,0,0,0,0,0,,,,,
Niles Paul,TE,JAX,5,KC,0,0,0,0,0,0,0,0,7,65,0,9,0,0,0,0,0,0,0,0,0,0,,,,,
Nyheim Hines,RB,IND,5,NE,0,0,0,0,0,45,0,15,7,45,0,9,0,0,0,0,0,0,0,0,0,0,,,,,
Odell Beckham Jr.,WR,NYG,5,CAR,57,1,1,1,0,0,0,0,8,131,1,14,0,0,0,0,0,0,0,0,0,0,,,,,
PHI,DEF,PHI,5,MIN,,,,,,,,,,,,,,,,,,,,,,,0,0,0,0,23.0
PIT,DEF,PIT,5,ATL,,,,,,,,,,,,,,,,,,,,,,,0,0,0,0,17.0
Patrick Mahomes,QB,KC,5,JAX,313,0,38,22,2,13,1,4,0,0,0,0,0,0,0,0,0,0,0,0,0,0,,,,,
Patrick Ricard,RB,BAL,5,CLE,0,0,0,0,0,0,0,0,0,0,0,0,0,0,0,0,0,0,0,0,0,0,,,,,
Paul Richardson,WR,WAS,5,NO,0,0,0,0,0,0,0,0,4,50,0,5,0,0,0,0,0,0,0,0,0,0,,,,,
Phil Dawson,K,ARI,5,SF,0,0,0,0,0,0,0,0,0,0,0,0,0,0,0,0,0,0,0,0,0,4,,,,,
Philip Rivers,QB,LAC,5,LV,339,2,27,22,0,-2,0,3,0,0,0,0,0,0,0,0,0,0,0,0,0,0,,,,,
Phillip Dorsett,WR,NE,5,IND,0,0,0,0,0,0,0,0,3,25,0,3,0,0,0,0,0,0,0,0,0,0,,,,,
Phillip Lindsay,RB,DEN,5,NYJ,0,0,0,0,0,61,0,12,3,20,0,4,0,0,0,0,0,0,0,0,0,0,,,,,
Pierre Garcon,WR,SF,5,ARI,0,0,0,0,0,0,0,0,5,47,0,13,0,0,0,0,0,0,0,0,0,0,,,,,
Quincy Enunwa,WR,NYJ,5,DEN,0,0,0,0,0,0,0,0,0,0,0,5,0,0,0,0,0,0,0,0,0,0,,,,,
Raheem Mostert,RB,SF,5,ARI,0,0,0,0,0,11,0,5,1,-2,0,1,0,0,0,0,0,0,0,0,0,0,,,,,
Randy Bullock,K,CIN,5,MIA,0,0,0,0,0,0,0,0,0,0,0,0,0,0,0,0,1,0,0,1,0,3,,,,,
Rashard Higgins,WR,CLE,5,BAL,0,0,0,0,0,0,0,0,3,66,1,4,0,0,0,0,0,0,0,0,0,0,,,,,
Ray-Ray McCloud,WR,BUF,5,TEN,0,0,0,0,0,-3,0,1,1,7,0,1,0,0,0,0,0,0,0,0,0,0,,,,,
Rhett Ellison,TE,NYG,5,CAR,0,0,0,0,0,0,0,0,2,17,0,3,0,0,1,0,0,0,0,0,0,0,,,,,
Richie James,WR,SF,5,ARI,0,0,0,0,0,0,0,0,1,7,0,1,0,0,0,0,0,0,0,0,0,0,,,,,
Ricky Ortiz,RB,ATL,5,PIT,0,0,0,0,0,0,0,0,0,0,0,1,0,0,0,0,0,0,0,0,0,0,,,,,
Ricky Seals-Jones,TE,ARI,5,SF,0,0,0,0,0,0,0,0,0,0,0,5,0,0,0,0,0,0,0,0,0,0,,,,,
Rico Gathers,TE,DAL,5,HOU,0,0,0,0,0,0,0,0,1,32,0,1,0,0,0,0,0,0,0,0,0,0,,,,,
Rob Gronkowski,TE,NE,5,IND,0,0,0,0,0,0,0,0,6,75,0,7,0,0,0,0,0,0,0,0,0,0,,,,,
Robbie Chosen,WR,NYJ,5,DEN,0,0,0,0,0,0,0,0,3,123,2,5,0,0,0,0,0,0,0,0,0,0,,,,,
Robbie Gould,K,SF,5,ARI,0,0,0,0,0,0,0,0,0,0,0,0,0,0,0,0,0,0,0,0,0,0,,,,,
Robert Turbin,RB,IND,5,NE,0,0,0,0,0,0,0,0,0,0,0,1,0,0,0,0,0,0,0,0,0,0,,,,,
Robert Woods,WR,LA,5,SEA,0,0,0,0,0,53,0,2,5,92,0,7,0,0,0,0,0,0,0,0,0,0,,,,,
Roc Thomas,RB,MIN,5,PHI,0,0,0,0,0,8,0,4,1,6,0,2,0,0,0,0,0,0,0,0,0,0,,,,,
Rod Smith,RB,DAL,5,HOU,0,0,0,0,0,10,0,3,0,0,0,0,0,0,0,0,0,0,0,0,0,0,,,,,
Rod Streater,WR,CLE,5,BAL,0,0,0,0,0,-11,0,1,0,0,0,0,0,0,0,0,0,0,0,0,0,0,,,,,
Royce Freeman,RB,DEN,5,NYJ,0,0,0,0,0,31,0,5,3,16,0,4,0,0,0,0,0,0,0,0,0,0,,,,,
Russell Gage,WR,ATL,5,PIT,0,0,0,0,0,0,0,0,0,0,0,0,0,0,0,0,0,0,0,0,0,0,,,,,
Russell Shepard,WR,NYG,5,CAR,0,0,0,0,0,0,0,0,3,52,0,4,0,0,0,0,0,0,0,0,0,0,,,,,
Russell Wilson,QB,SEA,5,LA,198,3,21,13,0,0,0,0,0,0,0,0,0,0,0,0,0,0,0,0,0,0,,,,,
Ryan Grant,WR,IND,5,NE,0,0,0,0,0,0,0,0,6,58,0,9,0,0,0,0,0,0,0,0,0,0,,,,,
Ryan Griffin,TE,HOU,5,DAL,0,0,0,0,0,0,0,0,6,65,0,9,0,0,0,0,0,0,0,0,0,0,,,,,
Ryan Hewitt,TE,IND,5,NE,0,0,0,0,0,0,0,0,0,0,0,0,0,0,0,0,0,0,0,0,0,0,,,,,
Ryan Succop,K,TEN,5,BUF,0,0,0,0,0,0,0,0,0,0,0,0,0,0,0,0,1,1,0,2,0,0,,,,,
Ryan Switzer,WR,PIT,5,ATL,0,0,0,0,0,0,0,0,1,5,0,1,0,0,0,0,0,0,0,0,0,0,,,,,
Ryan Tannehill,QB,MIA,5,CIN,185,1,35,20,2,17,0,3,0,0,0,0,0,0,0,0,0,0,0,0,0,0,,,,,
SEA,DEF,SEA,5,LA,,,,,,,,,,,,,,,,,,,,,,,0,0,0,0,33.0
SF,DEF,SF,5,ARI,,,,,,,,,,,,,,,,,,,,,,,0,0,0,0,28.0
Sam Darnold,QB,NYJ,5,DEN,198,3,22,10,1,5,0,3,0,0,0,0,0,0,0,0,0,0,0,0,0,0,,,,,
Sammy Watkins,WR,KC,5,JAX,0,0,0,0,0,0,0,0,6,78,0,8,0,0,0,0,0,0,0,0,0,0,,,,,
Saquon Barkley,RB,NYG,5,CAR,0,0,0,0,0,48,0,15,4,81,2,4,0,0,0,0,0,0,0,0,0,0,,,,,
Scott Simonson,TE,NYG,5,CAR,0,0,0,0,0,0,0,0,0,0,0,1,0,0,0,0,0,0,0,0,0,0,,,,,
Sebastian Janikowski,K,SEA,5,LA,0,0,0,0,0,0,0,0,0,0,0,0,0,0,0,0,0,0,0,1,0,4,,,,,
Seth DeValve,TE,CLE,5,BAL,0,0,0,0,0,0,0,0,1,26,0,1,0,0,0,0,0,0,0,0,0,0,,,,,
Seth Roberts,WR,LV,5,LAC,0,0,0,0,0,0,0,0,4,41,0,7,0,0,0,0,0,0,0,0,0,0,,,,,
Shelton Gibson,WR,PHI,5,MIN,0,0,0,0,0,0,0,0,1,48,0,1,0,0,0,0,0,0,0,0,0,0,,,,,
Sony Michel,RB,NE,5,IND,0,0,0,0,0,98,1,18,1,12,0,1,0,0,0,0,0,0,0,0,0,0,,,,,
Spencer Ware,RB,KC,5,JAX,0,0,0,0,0,0,0,1,1,13,0,1,0,0,0,0,0,0,0,0,0,0,,,,,
Stefon Diggs,WR,MIN,5,PHI,0,0,0,0,0,25,0,2,10,91,0,11,0,0,0,0,0,0,0,0,0,0,,,,,
Stephen Gostkowski,K,NE,5,IND,0,0,0,0,0,0,0,0,0,0,0,0,0,0,0,0,0,0,1,0,0,5,,,,,
Sterling Shepard,WR,NYG,5,CAR,0,0,0,0,0,0,0,0,4,75,0,7,0,0,0,0,0,0,0,0,0,0,,,,,
Stevan Ridley,RB,PIT,5,ATL,0,0,0,0,0,8,0,5,0,0,0,0,0,0,0,0,0,0,0,0,0,0,,,,,
Steven Hauschka,K,BUF,5,TEN,0,0,0,0,0,0,0,0,0,0,0,1,0,0,0,0,0,0,2,0,0,1,,,,,
T.J. Yeldon,RB,JAX,5,KC,0,0,0,0,0,53,0,10,8,69,1,11,0,0,0,0,0,0,0,0,0,0,,,,,
TEN,DEF,TEN,5,BUF,,,,,,,,,,,,,,,,,,,,,,,0,0,0,0,13.0
Taiwan Jones,RB,BUF,5,TEN,0,0,0,0,0,0,0,0,0,0,0,1,0,0,0,0,0,0,0,0,0,0,,,,,
Tajae Sharpe,WR,TEN,5,BUF,0,0,0,0,0,0,0,0,3,30,0,4,0,0,0,0,0,0,0,0,0,0,,,,,
Tavon Austin,WR,DAL,5,HOU,0,0,0,0,0,0,0,0,1,44,0,3,0,0,0,0,0,0,0,0,0,0,,,,,
Taysom Hill,TE,NO,5,WAS,0,0,0,0,0,23,1,5,0,0,0,0,0,0,0,0,0,0,0,0,0,0,,,,,
Taywan Taylor,WR,TEN,5,BUF,0,0,0,0,0,0,0,0,3,30,0,5,0,0,0,0,0,0,0,0,0,0,,,,,
Teddy Bridgewater,QB,NO,5,WAS,0,0,0,0,0,-3,0,3,0,0,0,0,0,0,0,0,0,0,0,0,0,0,,,,,
Terrelle Pryor,WR,NYJ,5,DEN,0,0,0,0,0,0,0,0,1,20,1,1,0,0,0,0,0,0,0,0,0,0,,,,,
Tevin Coleman,RB,ATL,5,PIT,0,0,0,0,0,15,0,7,2,15,0,2,0,0,0,0,0,0,0,0,0,0,,,,,
Theo Riddick,RB,DET,5,GB,0,0,0,0,0,3,0,3,2,20,0,3,0,0,0,0,0,0,0,0,0,0,,,,,
Tim Patrick,WR,DEN,5,NYJ,0,0,0,0,0,0,0,0,1,6,0,1,0,0,0,0,0,0,0,0,0,0,,,,,
Tim White,WR,BAL,5,CLE,0,0,0,0,0,0,0,0,0,0,0,0,0,0,0,0,0,0,0,0,0,0,,,,,
Todd Gurley,RB,LA,5,SEA,0,0,0,0,0,77,3,22,4,36,0,5,0,0,0,0,0,0,0,0,0,0,,,,,
Tom Brady,QB,NE,5,IND,341,3,44,34,2,-1,1,3,0,0,0,0,0,0,0,0,0,0,0,0,0,0,,,,,
Torrey Smith,WR,CAR,5,NYG,0,0,0,0,0,0,0,0,0,0,0,1,0,0,0,0,0,0,0,0,0,0,,,,,
Travis Kelce,TE,KC,5,JAX,0,0,0,0,0,0,0,0,5,100,0,8,0,0,0,0,0,0,0,0,0,0,,,,,
Tre'Quan Smith,WR,NO,5,WAS,0,0,0,0,0,0,0,0,3,111,2,3,0,0,0,0,0,0,0,0,0,0,,,,,
Trent Taylor,WR,SF,5,ARI,0,0,0,0,0,0,0,0,7,61,1,8,0,0,0,0,0,0,0,0,0,0,,,,,
Trenton Cannon,RB,NYJ,5,DEN,0,0,0,0,0,0,0,0,0,0,0,0,0,0,0,0,0,0,0,0,0,0,,,,,
Ty Montgomery,WR,GB,5,DET,0,0,0,0,0,15,0,4,1,23,0,3,0,0,0,0,0,0,0,0,0,0,,,,,
Tyler Boyd,WR,CIN,5,MIA,0,0,0,0,0,0,0,0,4,44,0,7,0,0,0,0,0,0,0,0,0,0,,,,,
Tyler Ervin,RB,HOU,5,DAL,0,0,0,0,0,0,0,0,0,0,0,0,0,0,0,0,0,0,0,0,0,0,,,,,
Tyler Higbee,TE,LA,5,SEA,0,0,0,0,0,0,0,0,2,26,0,4,0,0,0,0,0,0,0,0,0,0,,,,,
Tyler Kroft,TE,CIN,5,MIA,0,0,0,0,0,0,0,0,0,0,0,1,0,0,0,0,0,0,0,0,0,0,,,,,
Tyler Lockett,WR,SEA,5,LA,0,0,0,0,0,6,0,1,3,98,1,4,0,0,0,0,0,0,0,0,0,0,,,,,
Tyreek Hill,WR,KC,5,JAX,0,0,0,0,0,26,0,2,4,61,0,7,0,0,0,0,0,0,0,0,0,0,,,,,
Tyrell Williams,WR,LAC,5,LV,0,0,0,0,0,0,0,0,3,66,0,3,0,0,0,0,0,0,0,0,0,0,,,,,
Vance McDonald,TE,PIT,5,ATL,0,0,0,0,0,0,0,0,1,6,0,2,0,0,0,0,0,0,0,0,0,0,,,,,
Vernon Davis,TE,WAS,5,NO,0,0,0,0,0,0,0,0,2,15,0,3,0,0,0,0,0,0,0,0,0,0,,,,,
Victor Bolden,WR,SF,5,ARI,0,0,0,0,0,0,0,0,1,10,0,4,0,0,0,0,0,0,0,0,0,0,,,,,
Virgil Green,TE,LAC,5,LV,0,0,0,0,0,0,0,0,1,13,1,1,0,0,0,0,0,0,0,0,0,0,,,,,
WAS,DEF,WAS,5,NO,,,,,,,,,,,,,,,,,,,,,,,0,0,0,0,43.0
Wendell Smallwood,RB,PHI,5,MIN,0,0,0,0,0,27,0,3,3,44,1,4,0,0,1,0,0,0,0,0,0,0,,,,,
Wil Lutz,K,NO,5,WAS,0,0,0,0,0,0,0,0,0,0,0,0,0,0,0,0,0,0,1,0,0,4,,,,,
Will Fuller,WR,HOU,5,DAL,0,0,0,0,0,0,0,0,2,15,0,3,0,0,0,0,0,0,0,0,0,0,,,,,
Willie Snead,WR,BAL,5,CLE,0,0,0,0,0,0,0,0,5,55,0,7,0,0,0,0,0,0,0,0,0,0,,,,,
Xavier Grimble,TE,PIT,5,ATL,0,0,0,0,0,0,0,0,1,9,0,1,0,0,0,0,0,0,0,0,0,0,,,,,
Zach Ertz,TE,PHI,5,MIN,0,0,0,0,0,0,0,0,10,110,1,11,0,0,0,0,0,0,0,0,0,0,,,,,
Zach Pascal,WR,IND,5,NE,0,0,0,0,0,0,0,0,1,12,0,7,0,0,0,0,0,0,0,0,0,0,,,,,
Zay Jones,WR,BUF,5,TEN,0,0,0,0,0,0,0,0,3,20,0,4,0,0,0,0,0,0,0,0,0,0,,,,,
A.J. Green,WR,CIN,6,PIT,0,0,0,0,0,0,0,0,7,85,0,12,0,0,0,0,0,0,0,0,0,0,,,,,
ARI,DEF,ARI,6,MIN,,,,,,,,,,,,,,,,,,,,,,,0,0,0,0,27.0
ATL,DEF,ATL,6,TB,,,,,,,,,,,,,,,,,,,,,,,0,0,0,0,29.0
Aaron Jones,RB,GB,6,SF,0,0,0,0,0,41,0,8,0,0,0,1,0,0,0,0,0,0,0,0,0,0,,,,,
Aaron Rodgers,QB,GB,6,SF,425,2,46,25,0,34,0,3,0,0,0,0,0,0,0,0,0,0,0,0,0,0,,,,,
Adam Humphries,WR,TB,6,ATL,0,0,0,0,0,0,0,0,3,82,0,4,0,0,0,0,0,0,0,0,0,0,,,,,
Adam Thielen,WR,MIN,6,ARI,0,0,0,0,0,0,0,0,11,123,1,13,0,0,0,0,0,0,0,0,0,0,,,,,
Adam Vinatieri,K,IND,6,NYJ,0,0,0,0,0,0,0,0,0,0,0,0,0,0,0,0,1,1,0,0,0,4,,,,,
Adrian Peterson,RB,WAS,6,CAR,0,0,0,0,0,97,0,17,0,0,0,1,0,0,0,0,0,0,0,0,0,0,,,,,
Albert Wilson,WR,MIA,6,CHI,0,0,0,0,0,-5,0,1,6,155,2,9,0,0,0,0,0,0,0,0,0,0,,,,,
Aldrick Robinson,WR,MIN,6,ARI,0,0,0,0,0,0,0,0,0,0,0,1,0,0,0,0,0,0,0,0,0,0,,,,,
Aldrick Rosas,K,NYG,6,PHI,0,0,0,0,0,0,0,0,0,0,0,0,0,0,0,0,1,1,0,0,0,1,,,,,
Alex Collins,RB,BAL,6,TEN,0,0,0,0,0,54,2,19,0,0,0,0,0,0,0,0,0,0,0,0,0,0,,,,,
Alex Erickson,WR,CIN,6,PIT,0,0,0,0,0,0,0,0,2,8,0,3,0,0,0,0,0,0,0,0,0,0,,,,,
Alex Smith,QB,WAS,6,CAR,163,2,36,21,0,13,0,6,0,0,0,0,0,0,0,0,0,0,0,0,0,0,,,,,
Alfred Blue,RB,HOU,6,BUF,0,0,0,0,0,26,0,7,2,17,0,3,0,0,0,0,0,0,0,0,0,0,,,,,
Allen Hurns,WR,DAL,6,JAX,0,0,0,0,0,0,0,0,0,0,0,5,0,0,0,0,0,0,0,0,0,0,,,,,
Allen Robinson,WR,CHI,6,MIA,0,0,0,0,0,0,0,0,5,64,1,6,0,0,0,0,0,0,0,0,0,0,,,,,
Alshon Jeffery,WR,PHI,6,NYG,0,0,0,0,0,0,0,0,8,74,2,12,0,0,0,0,0,0,0,0,0,0,,,,,
Amari Cooper,WR,LV,6,SEA,0,0,0,0,0,0,0,0,0,0,0,1,0,0,0,0,0,0,0,0,0,0,,,,,
Andre Holmes,WR,BUF,6,HOU,0,0,0,0,0,0,0,0,1,20,0,2,0,0,0,0,0,0,0,0,0,0,,,,,
Andre Roberts,WR,NYJ,6,IND,0,0,0,0,0,0,0,0,0,0,0,0,0,0,0,0,0,0,0,0,0,0,,,,,
Andrew Luck,QB,IND,6,NYJ,301,4,43,23,3,7,0,2,0,0,0,0,0,0,0,0,0,0,0,0,0,0,,,,,
Andy Dalton,QB,CIN,6,PIT,229,2,42,26,0,0,0,0,0,0,0,0,0,0,0,0,0,0,0,0,0,0,,,,,
Anthony Firkser,TE,TEN,6,BAL,0,0,0,0,0,0,0,0,2,25,0,2,0,0,0,0,0,0,0,0,0,0,,,,,
Anthony Miller,WR,CHI,6,MIA,0,0,0,0,0,0,0,0,1,29,1,4,0,0,0,0,0,0,0,0,0,0,,,,,
Antonio Brown,WR,PIT,6,CIN,0,0,0,0,0,0,0,0,5,105,1,6,0,0,0,0,0,0,0,0,0,0,,,,,
Antonio Callaway,WR,CLE,6,LAC,0,0,0,0,0,0,0,0,2,9,0,7,0,0,1,0,0,0,0,0,0,0,,,,,
Antonio Gates,TE,LAC,6,CLE,0,0,0,0,0,0,0,0,1,5,0,2,0,0,0,0,0,0,0,0,0,0,,,,,
Antony Auclair,TE,TB,6,ATL,0,0,0,0,0,0,0,0,1,5,0,1,0,0,0,0,0,0,0,0,0,0,,,,,
Austin Ekeler,RB,LAC,6,CLE,0,0,0,0,0,60,0,7,0,0,0,0,0,0,0,0,0,0,0,0,0,0,,,,,
Austin Hooper,TE,ATL,6,TB,0,0,0,0,0,0,0,0,9,71,1,10,0,0,0,0,0,0,0,0,0,0,,,,,
BAL,DEF,BAL,6,TEN,,,,,,,,,,,,,,,,,,,,,,,0,0,0,0,0.0
BUF,DEF,BUF,6,HOU,,,,,,,,,,,,,,,,,,,,,,,0,0,0,0,20.0
Baker Mayfield,QB,CLE,6,LAC,238,1,46,22,2,8,0,2,0,0,0,0,0,0,1,0,0,0,0,0,0,0,,,,,
Ben Braunecker,TE,CHI,6,MIA,0,0,0,0,0,0,0,0,0,0,0,1,0,0,0,0,0,0,0,0,0,0,,,,,
Ben Roethlisberger,QB,PIT,6,CIN,369,1,46,32,0,-1,0,1,1,-1,0,1,0,0,1,0,0,0,0,0,0,0,,,,,
Benny Cunningham,RB,CHI,6,MIA,0,0,0,0,0,8,0,3,0,0,0,0,0,0,0,0,0,0,0,0,0,0,,,,,
Bilal Powell,RB,NYJ,6,IND,0,0,0,0,0,59,0,16,0,0,0,1,0,0,0,0,0,0,0,0,0,0,,,,,
Blake Bortles,QB,JAX,6,DAL,149,1,26,15,1,22,0,4,0,0,0,0,0,0,0,0,0,0,0,0,0,0,,,,,
Blake Jarwin,TE,DAL,6,JAX,0,0,0,0,0,0,0,0,0,0,0,1,0,0,0,0,0,0,0,0,0,0,,,,,
Brandin Cooks,WR,LA,6,DEN,0,0,0,0,0,0,0,0,2,53,0,6,0,0,0,0,0,0,0,0,0,0,,,,,
Brandon Marshall,WR,SEA,6,LV,0,0,0,0,0,0,0,0,1,11,0,1,0,0,0,0,0,0,0,0,0,0,,,,,
Brandon McManus,K,DEN,6,LA,0,0,0,0,0,0,0,0,0,0,0,0,0,0,0,0,2,0,0,0,0,2,,,,,
Brett Maher,K,DAL,6,JAX,0,0,0,0,0,0,0,0,0,0,0,0,0,0,0,0,0,1,1,2,0,4,,,,,
Brian Parker,TE,DEN,6,LA,0,0,0,0,0,0,0,0,0,0,0,1,0,0,0,0,0,0,0,0,0,0,,,,,
Brian Quick,WR,WAS,6,CAR,0,0,0,0,0,0,0,0,2,12,0,2,0,0,0,0,0,0,0,0,0,0,,,,,
Brock Osweiler,QB,MIA,6,CHI,380,3,44,28,2,8,0,2,0,0,0,0,0,0,1,0,0,0,0,0,0,0,,,,,
Buddy Howell,RB,HOU,6,BUF,0,0,0,0,0,0,0,0,0,0,0,0,0,0,0,0,0,0,0,0,0,0,,,,,
C.J. Beathard,QB,SF,6,GB,245,2,23,16,1,21,0,3,0,0,0,0,0,0,0,0,0,0,0,0,0,0,,,,,
C.J. Uzomah,TE,CIN,6,PIT,0,0,0,0,0,0,0,0,6,54,0,7,0,0,0,0,0,0,0,0,0,0,,,,,
CAR,DEF,CAR,6,WAS,,,,,,,,,,,,,,,,,,,,,,,0,0,0,0,23.0
CHI,DEF,CHI,6,MIA,,,,,,,,,,,,,,,,,,,,,,,0,0,0,0,31.0
CIN,DEF,CIN,6,PIT,,,,,,,,,,,,,,,,,,,,,,,0,0,0,0,28.0
CLE,DEF,CLE,6,LAC,,,,,,,,,,,,,,,,,,,,,,,0,0,0,0,38.0
Cairo Santos,K,LA,6,DEN,0,0,0,0,0,0,0,0,0,0,0,0,0,0,0,0,2,1,0,0,0,2,,,,,
Calvin Ridley,WR,ATL,6,TB,0,0,0,0,0,0,0,0,3,47,0,3,0,0,0,0,0,0,0,0,0,0,,,,,
Cam Newton,QB,CAR,6,WAS,275,2,40,27,1,43,0,9,0,0,0,0,0,0,1,0,0,0,0,0,0,0,,,,,
Cameron Batson,WR,TEN,6,BAL,0,0,0,0,0,0,0,0,0,0,0,0,0,0,0,0,0,0,0,0,0,0,,,,,
Cameron Brate,TE,TB,6,ATL,0,0,0,0,0,0,0,0,1,15,1,1,0,0,0,0,0,0,0,0,0,0,,,,,
Carlos Hyde,RB,CLE,6,LAC,0,0,0,0,0,34,0,14,0,0,0,0,0,0,0,0,0,0,0,0,0,0,,,,,
Carson Wentz,QB,PHI,6,NYG,278,3,36,26,0,14,0,2,0,0,0,0,0,0,0,0,0,0,0,0,0,0,,,,,
Case Keenum,QB,DEN,6,LA,322,2,41,25,1,6,0,1,0,0,0,0,0,0,0,0,0,0,0,0,0,0,,,,,
Chad Kelly,QB,DEN,6,LA,0,0,0,0,0,-1,0,1,0,0,0,0,0,0,0,0,0,0,0,0,0,0,,,,,
Chad Williams,WR,ARI,6,MIN,0,0,0,0,0,0,0,0,1,5,0,2,0,0,0,0,0,0,0,0,0,0,,,,,
Chandler Catanzaro,K,TB,6,ATL,0,0,0,0,0,0,0,0,0,0,0,0,0,0,0,0,0,1,0,0,0,2,,,,,
Charles Clay,TE,BUF,6,HOU,0,0,0,0,0,0,0,0,4,20,0,5,0,0,0,0,0,0,0,0,0,0,,,,,
Chase Edmonds,RB,ARI,6,MIN,0,0,0,0,0,4,0,1,0,0,0,0,0,0,0,0,0,0,0,0,0,0,,,,,
Chester Rogers,WR,IND,6,NYJ,0,0,0,0,0,0,0,0,4,55,1,10,0,0,0,0,0,0,0,0,0,0,,,,,
Chris Boswell,K,PIT,6,CIN,0,0,0,0,0,0,0,0,0,0,0,0,0,0,0,0,2,0,0,0,0,2,,,,,
Chris Carson,RB,SEA,6,LV,0,0,0,0,0,59,0,14,0,0,0,0,0,0,0,0,0,0,0,0,0,0,,,,,
Chris Conley,WR,KC,6,NE,0,0,0,0,0,0,0,0,1,19,0,1,0,0,0,0,0,0,0,0,0,0,,,,,
Chris Godwin Jr.,WR,TB,6,ATL,0,0,0,0,0,0,0,0,6,56,1,9,0,0,0,0,0,0,0,0,0,0,,,,,
Chris Herndon,TE,NYJ,6,IND,0,0,0,0,0,0,0,0,2,56,1,2,0,0,0,0,0,0,0,0,0,0,,,,,
Chris Hogan,WR,NE,6,KC,0,0,0,0,0,0,0,0,4,78,0,4,0,0,0,0,0,0,0,0,0,0,,,,,
Chris Ivory,RB,BUF,6,HOU,0,0,0,0,0,5,0,6,1,4,0,1,0,0,0,0,0,0,0,0,0,0,,,,,
Chris Manhertz,TE,CAR,6,WAS,0,0,0,0,0,0,0,0,1,2,0,2,0,0,0,0,0,0,0,0,0,0,,,,,
Chris Moore,WR,BAL,6,TEN,0,0,0,0,0,0,0,0,3,12,0,3,0,0,0,0,0,0,0,0,0,0,,,,,
Christian Kirk,WR,ARI,6,MIN,0,0,0,0,0,0,0,0,6,77,0,7,0,0,0,0,0,0,0,0,0,0,,,,,
Christian McCaffrey,RB,CAR,6,WAS,0,0,0,0,0,20,0,8,7,46,0,8,0,0,0,0,0,0,0,0,0,0,,,,,
Cody Core,WR,CIN,6,PIT,0,0,0,0,0,0,0,0,0,0,0,3,0,0,0,0,0,0,0,0,0,0,,,,,
Cody Latimer,WR,NYG,6,PHI,0,0,0,0,0,0,0,0,3,52,0,4,0,0,0,0,0,0,0,0,0,0,,,,,
Cody Parkey,K,CHI,6,MIA,0,0,0,0,0,0,0,0,0,0,0,0,0,0,0,0,0,0,0,0,0,4,,,,,
Cole Beasley,WR,DAL,6,JAX,0,0,0,0,0,0,0,0,9,101,2,11,0,0,0,0,0,0,0,0,0,0,,,,,
Cooper Kupp,WR,LA,6,DEN,0,0,0,0,0,12,0,1,0,0,0,1,0,0,0,0,0,0,0,0,0,0,,,,,
Cordarrelle Patterson,RB,NE,6,KC,0,0,0,0,0,3,0,1,1,13,0,1,0,0,0,0,0,0,0,0,0,0,,,,,
Corey Clement,RB,PHI,6,NYG,0,0,0,0,0,43,1,11,3,26,0,3,0,0,0,0,0,0,0,0,0,0,,,,,
Corey Davis,WR,TEN,6,BAL,0,0,0,0,0,0,0,0,1,24,0,4,0,0,0,0,0,0,0,0,0,0,,,,,
Courtland Sutton,WR,DEN,6,LA,0,0,0,0,0,0,0,0,3,58,0,4,0,0,0,0,0,0,0,0,0,0,,,,,
Curtis Samuel,WR,CAR,6,WAS,0,0,0,0,0,0,0,0,0,0,0,0,0,0,0,0,0,0,0,0,0,0,,,,,
DAL,DEF,DAL,6,JAX,,,,,,,,,,,,,,,,,,,,,,,0,0,0,0,7.0
DEN,DEF,DEN,6,LA,,,,,,,,,,,,,,,,,,,,,,,0,0,0,0,23.0
DJ Chark,WR,JAX,6,DAL,0,0,0,0,0,0,0,0,0,0,0,1,0,0,0,0,0,0,0,0,0,0,,,,,
DJ Moore,WR,CAR,6,WAS,0,0,0,0,0,18,0,1,4,59,0,5,0,0,0,0,0,0,0,0,0,0,,,,,
DaeSean Hamilton,WR,DEN,6,LA,0,0,0,0,0,0,0,0,0,0,0,1,0,0,0,0,0,0,0,0,0,0,,,,,
Dak Prescott,QB,DAL,6,JAX,183,2,27,17,0,82,1,11,0,0,0,0,0,0,0,0,0,0,0,0,0,0,,,,,
Dallas Goedert,TE,PHI,6,NYG,0,0,0,0,0,0,0,0,1,7,0,1,0,0,0,0,0,0,0,0,0,0,,,,,
Damien Williams,RB,KC,6,NE,0,0,0,0,0,1,0,1,0,0,0,0,0,0,0,0,0,0,0,0,0,0,,,,,
Damion Ratley,WR,CLE,6,LAC,0,0,0,0,0,0,0,0,6,82,0,8,0,0,0,0,0,0,0,0,0,0,,,,,
Dan Bailey,K,MIN,6,ARI,0,0,0,0,0,0,0,0,0,0,0,0,0,0,0,0,0,1,1,0,0,3,,,,,
Danny Amendola,WR,MIA,6,CHI,0,0,0,0,0,0,0,0,8,59,0,11,0,0,0,0,0,0,0,0,0,0,,,,,
Darius Jennings,WR,TEN,6,BAL,0,0,0,0,0,0,0,0,0,0,0,0,0,0,0,0,0,0,0,0,0,0,,,,,
Darrell Daniels,TE,SEA,6,LV,0,0,0,0,0,0,0,0,0,0,0,0,0,0,0,0,0,0,0,0,0,0,,,,,
Davante Adams,WR,GB,6,SF,0,0,0,0,0,0,0,0,10,132,2,16,0,0,0,0,0,0,0,0,0,0,,,,,
David Fluellen,RB,TEN,6,BAL,0,0,0,0,0,0,0,0,0,0,0,0,0,0,0,0,0,0,0,0,0,0,,,,,
David Grinnage,TE,JAX,6,DAL,0,0,0,0,0,0,0,0,1,7,0,1,0,0,0,0,0,0,0,0,0,0,,,,,
David Johnson,RB,ARI,6,MIN,0,0,0,0,0,54,1,18,2,15,0,5,0,0,0,0,0,0,0,0,0,0,,,,,
David Moore,WR,SEA,6,LV,0,0,0,0,0,5,0,1,2,47,1,3,0,0,0,0,0,0,0,0,0,0,,,,,
David Njoku,TE,CLE,6,LAC,0,0,0,0,0,0,0,0,7,55,1,12,0,0,0,0,0,0,0,0,0,0,,,,,
DeAndre Carter,WR,PHI,6,NYG,0,0,0,0,0,0,0,0,1,11,0,1,0,0,0,0,0,0,0,0,0,0,,,,,
DeAndre Hopkins,WR,HOU,6,BUF,0,0,1,0,0,0,0,0,5,63,1,6,0,0,0,0,0,0,0,0,0,0,,,,,
DeSean Jackson,WR,TB,6,ATL,0,0,0,0,0,7,0,1,4,77,0,9,0,0,0,0,0,0,0,0,0,0,,,,,
DeVante Parker,WR,MIA,6,CHI,0,0,0,0,0,0,0,0,0,0,0,1,0,0,0,0,0,0,0,0,0,0,,,,,
Dede Westbrook,WR,JAX,6,DAL,0,0,0,0,0,0,0,0,3,38,1,5,0,0,0,0,0,0,0,0,0,0,,,,,
Demaryius Thomas,WR,DEN,6,LA,0,0,0,0,0,0,0,0,3,57,1,4,0,0,0,0,0,0,0,0,0,0,,,,,
Demetrius Harris,TE,KC,6,NE,0,0,0,0,0,0,0,0,0,0,0,0,0,0,0,0,0,0,0,0,0,0,,,,,
Deonte Thompson,WR,DAL,6,JAX,0,0,0,0,0,0,0,0,1,1,0,1,0,0,0,0,0,0,0,0,0,0,,,,,
Derek Carr,QB,LV,6,SEA,142,0,31,23,0,31,0,4,0,0,0,0,0,0,0,0,0,0,0,0,0,0,,,,,
Derrick Henry,RB,TEN,6,BAL,0,0,0,0,0,21,0,7,1,5,0,1,0,0,0,0,0,0,0,0,0,0,,,,,
Deshaun Watson,QB,HOU,6,BUF,177,1,25,15,2,2,0,2,0,0,0,0,0,0,0,0,0,0,0,0,0,0,,,,,
Devin Funchess,WR,CAR,6,WAS,0,0,0,0,0,0,0,0,5,74,1,8,0,0,0,0,0,0,0,0,0,0,,,,,
Devontae Booker,RB,DEN,6,LA,0,0,0,0,0,15,0,2,2,14,0,3,0,0,0,0,0,0,0,0,0,0,,,,,
Dion Lewis,RB,TEN,6,BAL,0,0,0,0,0,9,0,5,2,5,0,2,0,0,0,0,0,0,0,0,0,0,,,,,
Donte Moncrief,WR,JAX,6,DAL,0,0,0,0,0,0,0,0,0,0,0,3,0,0,0,0,0,0,0,0,0,0,,,,,
Dontrell Hilliard,RB,CLE,6,LAC,0,0,0,0,0,0,0,0,0,0,0,0,0,0,0,0,0,0,0,0,0,0,,,,,
Doug Baldwin,WR,SEA,6,LV,0,0,0,0,0,0,0,0,6,91,0,8,0,0,0,0,0,0,0,0,0,0,,,,,
Doug Martin,RB,LV,6,SEA,0,0,0,0,0,0,0,0,1,8,0,1,0,0,0,0,0,0,0,0,0,0,,,,,
Duke Johnson,RB,CLE,6,LAC,0,0,0,0,0,36,0,2,4,73,0,5,0,0,0,0,0,0,0,0,0,0,,,,,
Dustin Hopkins,K,WAS,6,CAR,0,0,0,0,0,0,0,0,0,0,0,0,0,0,0,0,1,0,1,1,0,2,,,,,
Dwayne Harris,WR,LV,6,SEA,0,0,0,0,0,0,0,0,1,7,0,1,0,0,0,0,0,0,0,0,0,0,,,,,
Eli Manning,QB,NYG,6,PHI,281,0,43,24,1,0,0,0,0,0,0,0,0,0,0,0,0,0,0,0,0,0,,,,,
Emmanuel Sanders,WR,DEN,6,LA,0,0,0,0,0,0,0,0,7,115,1,10,0,0,0,0,0,0,0,0,0,0,,,,,
Equanimeous St. Brown,WR,GB,6,SF,0,0,0,0,0,0,0,0,1,19,0,1,0,0,0,0,0,0,0,0,0,0,,,,,
Eric Ebron,TE,IND,6,NYJ,0,0,0,0,0,-1,0,1,4,71,1,7,0,0,0,0,0,0,0,0,0,0,,,,,
Erik Swoope,TE,IND,6,NYJ,0,0,0,0,0,0,0,0,1,2,1,2,0,0,0,0,0,0,0,0,0,0,,,,,
Ezekiel Elliott,RB,DAL,6,JAX,0,0,0,0,0,106,1,24,1,11,0,1,0,0,0,0,0,0,0,0,0,0,,,,,
Frank Gore,RB,MIA,6,CHI,0,0,0,0,0,101,0,15,1,18,0,1,0,0,0,0,0,0,0,0,0,0,,,,,
GB,DEF,GB,6,SF,,,,,,,,,,,,,,,,,,,,,,,0,0,0,0,30.0
Gabe Holmes,TE,ARI,6,MIN,0,0,0,0,0,0,0,0,0,0,0,0,0,0,0,0,0,0,0,0,0,0,,,,,
Geno Smith,QB,LAC,6,CLE,8,0,1,1,0,-2,0,2,0,0,0,0,0,0,0,0,0,0,0,0,0,0,,,,,
Geoff Swaim,TE,DAL,6,JAX,0,0,0,0,0,0,0,0,2,21,0,2,0,0,0,0,0,0,0,0,0,0,,,,,
George Kittle,TE,SF,6,GB,0,0,0,0,0,0,0,0,4,30,0,6,0,0,0,0,0,0,0,0,0,0,,,,,
Gerald Everett,TE,LA,6,DEN,0,0,0,0,0,0,0,0,2,24,0,4,0,0,0,0,0,0,0,0,0,0,,,,,
Geremy Davis,WR,LAC,6,CLE,0,0,0,0,0,0,0,0,0,0,0,0,0,0,0,0,0,0,0,0,0,0,,,,,
Graham Gano,K,CAR,6,WAS,0,0,0,0,0,0,0,0,0,0,0,0,0,0,0,0,0,1,0,0,0,0,,,,,
Greg Joseph,K,CLE,6,LAC,0,0,0,0,0,0,0,0,0,0,0,0,0,0,0,0,1,1,0,0,0,0,,,,,
Greg Olsen,TE,CAR,6,WAS,0,0,0,0,0,0,0,0,4,48,0,7,0,0,0,0,0,0,0,0,0,0,,,,,
Gus Edwards,RB,BAL,6,TEN,0,0,0,0,0,42,0,10,0,0,0,0,0,0,0,0,0,0,0,0,0,0,,,,,
HOU,DEF,HOU,6,BUF,,,,,,,,,,,,,,,,,,,,,,,1,0,0,0,13.0
Harrison Butker,K,KC,6,NE,0,0,0,0,0,0,0,0,0,0,0,0,0,0,0,0,1,1,2,0,0,4,,,,,
Hayden Hurst,TE,BAL,6,TEN,0,0,0,0,0,0,0,1,0,0,0,1,0,0,0,0,0,0,0,0,0,0,,,,,
IND,DEF,IND,6,NYJ,,,,,,,,,,,,,,,,,,,,,,,0,0,0,0,42.0
Isaiah Crowell,RB,NYJ,6,IND,0,0,0,0,0,40,0,13,2,12,0,2,0,0,0,0,0,0,0,0,0,0,,,,,
Ito Smith,RB,ATL,6,TB,0,0,0,0,0,22,1,11,2,-1,0,2,0,0,0,0,0,0,0,0,0,0,,,,,
J'Mon Moore,WR,GB,6,SF,0,0,0,0,0,0,0,0,1,10,0,1,0,0,0,0,0,0,0,0,0,0,,,,,
J.J. Nelson,WR,ARI,6,MIN,0,0,0,0,0,0,0,0,1,9,0,2,0,0,0,0,0,0,0,0,0,0,,,,,
JAX,DEF,JAX,6,DAL,,,,,,,,,,,,,,,,,,,,,,,0,0,0,0,40.0
Jacquizz Rodgers,RB,TB,6,ATL,0,0,0,0,0,0,0,0,0,0,0,0,0,0,0,0,0,0,0,0,0,0,,,,,
Jake Elliott,K,PHI,6,NYG,0,0,0,0,0,0,0,0,0,0,0,0,0,0,0,0,0,2,0,0,0,4,,,,,
Jakeem Grant,WR,MIA,6,CHI,0,0,0,0,0,0,0,0,3,32,0,4,0,0,0,0,0,0,0,0,0,0,,,,,
Jalen Richard,RB,LV,6,SEA,0,0,0,0,0,3,0,2,7,48,0,8,0,0,0,0,0,0,0,0,0,0,,,,,
Jamaal Charles,RB,JAX,6,DAL,0,0,0,0,0,5,0,5,1,5,0,2,0,0,0,0,0,0,0,0,0,0,,,,,
Jamaal Williams,RB,GB,6,SF,0,0,0,0,0,29,0,6,1,10,0,3,0,0,0,0,0,0,0,0,0,0,,,,,
Jameis Winston,QB,TB,6,ATL,395,4,41,30,2,29,0,5,0,0,0,0,0,0,0,0,0,0,0,0,0,0,,,,,
James Conner,RB,PIT,6,CIN,0,0,0,0,0,111,2,19,4,18,0,7,0,0,0,0,0,0,0,0,0,0,,,,,
James O'Shaughnessy,TE,JAX,6,DAL,0,0,0,0,0,0,0,0,3,29,0,4,0,0,0,0,0,0,0,0,0,0,,,,,
James Washington,WR,PIT,6,CIN,0,0,0,0,0,0,0,0,0,0,0,1,0,0,0,0,0,0,0,0,0,0,,,,,
James White,RB,NE,6,KC,0,0,0,0,0,39,0,6,5,53,0,7,0,0,0,0,0,0,0,0,0,0,,,,,
Jamize Olawale,RB,DAL,6,JAX,0,0,0,0,0,0,0,0,1,3,0,1,0,0,0,0,0,0,0,0,0,0,,,,,
Jared Cook,TE,LV,6,SEA,0,0,0,0,0,0,0,0,2,10,0,2,0,0,0,0,0,0,0,0,0,0,,,,,
Jared Goff,QB,LA,6,DEN,201,0,28,14,1,14,0,4,0,0,0,0,0,0,0,0,0,0,0,0,0,0,,,,,
Jarius Wright,WR,CAR,6,WAS,0,0,0,0,0,0,0,0,1,3,0,2,0,0,0,0,0,0,0,0,0,0,,,,,
Jaron Brown,WR,SEA,6,LV,0,0,0,0,0,0,0,0,1,5,1,1,0,0,0,0,0,0,0,0,0,0,,,,,
Jarvis Landry,WR,CLE,6,LAC,0,0,0,0,0,0,0,0,2,11,0,10,0,0,0,0,0,0,0,0,0,0,,,,,
Jason Croom,TE,BUF,6,HOU,0,0,0,0,0,0,0,0,0,0,0,0,0,0,0,0,0,0,0,0,0,0,,,,,
Jason Myers,K,NYJ,6,IND,0,0,0,0,0,0,0,0,0,0,0,0,0,0,0,0,0,4,3,0,0,3,,,,,
Jason Sanders,K,MIA,6,CHI,0,0,0,0,0,0,0,0,0,0,0,0,0,0,0,0,1,0,1,1,0,2,,,,,
Javorius Allen,RB,BAL,6,TEN,0,0,0,0,0,1,0,1,3,18,0,3,0,0,0,0,0,0,0,0,0,0,,,,,
Jawill Davis,WR,NYG,6,PHI,0,0,0,0,0,0,0,0,0,0,0,2,0,0,0,0,0,0,0,0,0,0,,,,,
Jaydon Mickens,WR,JAX,6,DAL,0,0,0,0,0,0,0,0,0,0,0,0,0,0,0,0,0,0,0,0,0,0,,,,,
Jeff Heuerman,TE,DEN,6,LA,0,0,0,0,0,0,0,0,3,23,0,5,0,0,0,0,0,0,0,0,0,0,,,,,
Jeremy Sprinkle,TE,WAS,6,CAR,0,0,0,0,0,0,0,0,0,0,0,0,0,0,0,0,0,0,0,0,0,0,,,,,
Jermaine Gresham,TE,ARI,6,MIN,0,0,0,0,0,0,0,0,1,26,0,1,0,0,0,0,0,0,0,0,0,0,,,,,
Jermaine Kearse,WR,NYJ,6,IND,0,0,0,0,0,0,0,0,9,94,0,10,0,0,0,0,0,0,0,0,0,0,,,,,
Jesse James,TE,PIT,6,CIN,0,0,0,0,0,0,0,0,5,26,0,7,0,0,0,0,0,0,0,0,0,0,,,,,
Jimmy Graham,TE,GB,6,SF,0,0,0,0,0,0,0,0,5,104,0,9,0,0,0,0,0,0,0,0,0,0,,,,,
JoJo Natson,WR,LA,6,DEN,0,0,0,0,0,0,0,0,0,0,0,0,0,0,0,0,0,0,0,0,0,0,,,,,
Joe Flacco,QB,BAL,6,TEN,238,1,37,25,1,4,0,3,0,0,0,0,0,0,0,0,0,0,0,0,0,0,,,,,
Joe Mixon,RB,CIN,6,PIT,0,0,0,0,0,64,1,11,4,20,0,7,0,0,0,0,0,0,0,0,0,0,,,,,
Joe Webb,QB,HOU,6,BUF,0,0,0,0,0,0,0,0,0,0,0,0,0,0,0,0,0,0,0,0,0,0,,,,,
John Brown,WR,BAL,6,TEN,0,0,0,0,0,0,0,0,2,28,0,3,0,0,0,0,0,0,0,0,0,0,,,,,
Jonnu Smith,TE,TEN,6,BAL,0,0,0,0,0,0,0,0,1,12,0,1,0,0,0,0,0,0,0,0,0,0,,,,,
Jordan Akins,TE,HOU,6,BUF,0,0,0,0,0,0,0,0,1,6,0,1,0,0,0,0,0,0,0,0,0,0,,,,,
Jordan Howard,RB,CHI,6,MIA,0,0,0,0,0,69,0,14,0,0,0,1,0,0,0,0,0,0,0,0,0,0,,,,,
Jordan Matthews,TE,PHI,6,NYG,0,0,0,0,0,0,0,0,2,26,0,3,0,0,0,0,0,0,0,0,0,0,,,,,
Jordan Reed,TE,WAS,6,CAR,0,0,0,0,0,0,0,0,5,36,0,9,0,0,0,0,0,0,0,0,0,0,,,,,
Jordy Nelson,WR,LV,6,SEA,0,0,0,0,0,0,0,0,2,6,0,3,0,0,0,0,0,0,0,0,0,0,,,,,
Josh Adams,RB,PHI,6,NYG,0,0,0,0,0,0,0,0,0,0,0,0,0,0,0,0,0,0,0,0,0,0,,,,,
Josh Allen,QB,BUF,6,HOU,84,0,17,10,0,20,0,4,0,0,0,0,0,0,0,0,0,0,0,0,0,0,,,,,
Josh Doctson,WR,WAS,6,CAR,0,0,0,0,0,0,0,0,3,20,0,5,0,0,0,0,0,0,0,0,0,0,,,,,
Josh Gordon,WR,NE,6,KC,0,0,0,0,0,0,0,0,5,42,0,9,0,0,0,0,0,0,0,0,0,0,,,,,
Josh Lambo,K,JAX,6,DAL,0,0,0,0,0,0,0,0,0,0,0,0,0,0,0,0,0,0,0,0,0,1,,,,,
Josh Perkins,TE,PHI,6,NYG,0,0,0,0,0,0,0,0,0,0,0,0,0,0,0,0,0,0,0,0,0,0,,,,,
Josh Reynolds,WR,LA,6,DEN,0,0,0,0,0,0,0,0,1,-2,0,2,0,0,0,0,0,0,0,0,0,0,,,,,
Josh Rosen,QB,ARI,6,MIN,240,0,31,21,1,0,0,0,0,0,0,0,0,0,0,0,0,0,0,0,0,0,,,,,
JuJu Smith-Schuster,WR,PIT,6,CIN,0,0,0,0,0,0,0,0,7,111,0,10,0,0,1,0,0,0,0,0,0,0,,,,,
Julian Edelman,WR,NE,6,KC,0,0,0,0,0,7,0,1,4,54,1,7,0,0,0,0,0,0,0,0,0,0,,,,,
Julio Jones,WR,ATL,6,TB,0,0,0,0,0,0,0,0,10,144,0,14,0,0,0,0,0,0,0,0,0,0,,,,,
Justin Hardy,WR,ATL,6,TB,0,0,0,0,0,0,0,0,3,33,0,7,0,0,0,0,0,0,0,0,0,0,,,,,
Justin Hunter,WR,PIT,6,CIN,0,0,0,0,0,0,0,0,0,0,0,1,0,0,0,0,0,0,0,0,0,0,,,,,
Justin Jackson,RB,LAC,6,CLE,0,0,0,0,0,4,0,3,1,8,0,1,0,0,0,0,0,0,0,0,0,0,,,,,
Justin Tucker,K,BAL,6,TEN,0,0,0,0,0,0,0,0,0,0,0,0,0,0,0,0,0,0,0,0,0,3,,,,,
Justin Watson,WR,TB,6,ATL,0,0,0,0,0,0,0,0,0,0,0,0,0,0,0,0,0,0,0,0,0,0,,,,,
KC,DEF,KC,6,NE,,,,,,,,,,,,,,,,,,,,,,,0,0,0,0,43.0
Ka'imi Fairbairn,K,HOU,6,BUF,0,0,0,0,0,0,0,0,0,0,0,0,0,0,0,0,1,1,0,0,0,2,,,,,
Kapri Bibbs,RB,WAS,6,CAR,0,0,0,0,0,11,0,2,1,6,0,2,0,0,0,0,0,0,0,0,0,0,,,,,
Kareem Hunt,RB,KC,6,NE,0,0,0,0,0,80,0,10,5,105,1,6,0,0,0,0,0,0,0,0,0,0,,,,,
Keelan Cole,WR,JAX,6,DAL,0,0,0,0,0,0,0,0,4,41,0,5,0,0,0,0,0,0,0,0,0,0,,,,,
Keenan Allen,WR,LAC,6,CLE,0,0,0,0,0,41,0,4,4,62,0,6,0,0,0,0,0,0,0,0,0,0,,,,,
Keke Coutee,WR,HOU,6,BUF,0,0,0,0,0,0,0,0,3,33,0,5,0,0,0,0,0,0,0,0,0,0,,,,,
Kelvin Benjamin,WR,BUF,6,HOU,0,0,0,0,0,0,0,0,2,43,0,6,0,0,0,0,0,0,0,0,0,0,,,,,
Kendrick Bourne,WR,SF,6,GB,0,0,0,0,0,0,0,0,1,22,0,3,0,0,0,0,0,0,0,0,0,0,,,,,
Kenjon Barner,RB,NE,6,KC,0,0,0,0,0,16,0,3,0,0,0,0,0,0,0,0,0,0,0,0,0,0,,,,,
Kenny Stills,WR,MIA,6,CHI,0,0,0,0,0,0,0,0,1,35,0,2,0,0,1,0,0,0,0,0,0,0,,,,,
Kenyan Drake,RB,MIA,6,CHI,0,0,0,0,0,57,0,13,4,21,0,6,0,0,0,0,0,0,0,0,0,0,,,,,
Kirk Cousins,QB,MIN,6,ARI,233,1,34,24,1,14,1,4,1,-1,0,1,0,0,0,0,0,0,0,0,0,0,,,,,
Kyle Juszczyk,RB,SF,6,GB,0,0,0,0,0,0,0,0,3,30,0,3,0,0,0,0,0,0,0,0,0,0,,,,,
Kyle Rudolph,TE,MIN,6,ARI,0,0,0,0,0,0,0,0,4,37,0,5,0,0,0,0,0,0,0,0,0,0,,,,,
LA,DEF,LA,6,DEN,,,,,,,,,,,,,,,,,,,,,,,0,0,0,0,20.0
LAC,DEF,LAC,6,CLE,,,,,,,,,,,,,,,,,,,,,,,0,0,0,0,14.0
LV,DEF,LV,6,SEA,,,,,,,,,,,,,,,,,,,,,,,0,0,0,0,0.0
Lamar Jackson,QB,BAL,6,TEN,0,0,0,0,0,22,0,1,0,0,0,0,0,0,0,0,0,0,0,0,0,0,,,,,
Lamar Miller,RB,HOU,6,BUF,0,0,0,0,0,46,0,15,2,25,0,3,0,0,0,0,0,0,0,0,0,0,,,,,
Lance Kendricks,TE,GB,6,SF,0,0,0,0,0,0,0,0,2,37,0,4,0,0,0,0,0,0,0,0,0,0,,,,,
Laquon Treadwell,WR,MIN,6,ARI,0,0,0,0,0,0,0,0,4,38,0,4,0,0,0,0,0,0,0,0,0,0,,,,,
Larry Fitzgerald,WR,ARI,6,MIN,0,0,0,0,0,0,0,0,5,39,0,8,0,0,0,0,0,0,0,0,0,0,,,,,
Latavius Murray,RB,MIN,6,ARI,0,0,0,0,0,155,1,24,1,3,0,2,0,0,0,0,0,0,0,0,0,0,,,,,
LeSean McCoy,RB,BUF,6,HOU,0,0,0,0,0,73,0,16,3,21,0,5,0,0,0,0,0,0,0,0,0,0,,,,,
Lee Smith,TE,LV,6,SEA,0,0,0,0,0,0,0,0,0,0,0,0,0,0,0,0,0,0,0,0,0,0,,,,,
Logan Thomas,TE,BUF,6,HOU,0,0,0,0,0,0,0,0,1,0,0,1,0,0,0,0,0,0,0,0,0,0,,,,,
MIA,DEF,MIA,6,CHI,,,,,,,,,,,,,,,,,,,,,,,0,0,0,0,28.0
MIN,DEF,MIN,6,ARI,,,,,,,,,,,,,,,,,,,,,,,0,0,0,0,17.0
Malcolm Brown,RB,LA,6,DEN,0,0,0,0,0,24,0,5,0,0,0,0,0,0,0,0,0,0,0,0,0,0,,,,,
Marcus Johnson,WR,IND,6,NYJ,0,0,0,0,0,0,0,0,2,52,1,3,0,0,0,0,0,0,0,0,0,0,,,,,
Marcus Mariota,QB,TEN,6,BAL,117,0,15,10,0,25,0,2,0,0,0,0,0,0,0,0,0,0,0,0,0,0,,,,,
Mark Andrews,TE,BAL,6,TEN,0,0,0,0,0,0,0,0,2,20,0,4,0,0,0,0,0,0,0,0,0,0,,,,,
Mark Walton,RB,CIN,6,PIT,0,0,0,0,0,-2,0,2,0,0,0,0,0,0,0,0,0,0,0,0,0,0,,,,,
Marlon Mack,RB,IND,6,NYJ,0,0,0,0,0,89,0,12,1,4,0,2,0,0,0,0,0,0,0,0,0,0,,,,,
Marquez Valdes-Scantling,WR,GB,6,SF,0,0,0,0,0,0,0,0,3,103,0,6,0,0,0,0,0,0,0,0,0,0,,,,,
Marquise Goodwin,WR,SF,6,GB,0,0,0,0,0,5,0,1,4,126,2,5,0,0,0,0,0,0,0,0,0,0,,,,,
Marshawn Lynch,RB,LV,6,SEA,0,0,0,0,0,45,0,13,3,14,0,5,0,0,0,0,0,0,0,0,0,0,,,,,
Martavis Bryant,WR,LV,6,SEA,0,0,0,0,0,0,0,0,2,18,0,3,0,0,0,0,0,0,0,0,0,0,,,,,
Marvin Hall,WR,ATL,6,TB,0,0,0,0,0,0,0,0,0,0,0,0,0,0,0,0,0,0,0,0,0,0,,,,,
Mason Crosby,K,GB,6,SF,0,0,0,0,0,0,0,0,0,0,0,0,0,0,0,0,2,1,0,1,0,3,,,,,
Matt Breida,RB,SF,6,GB,0,0,0,0,0,61,1,14,0,0,0,0,0,0,0,0,0,0,0,0,0,0,,,,,
Matt Bryant,K,ATL,6,TB,0,0,0,0,0,0,0,0,0,0,0,0,0,0,0,0,0,0,1,1,0,4,,,,,
Matt LaCosse,TE,DEN,6,LA,0,0,0,0,0,0,0,0,1,7,0,4,0,0,0,0,0,0,0,0,0,0,,,,,
Matt McCrane,K,LV,6,SEA,0,0,0,0,0,0,0,0,0,0,0,0,0,0,0,0,0,0,1,0,0,0,,,,,
Matt Ryan,QB,ATL,6,TB,355,3,41,31,0,13,0,1,0,0,0,0,0,0,0,0,0,0,0,0,0,0,,,,,
Maurice Harris,WR,WAS,6,CAR,0,0,0,0,0,6,0,1,3,13,0,4,0,0,0,0,0,0,0,0,0,0,,,,,
Maxx Williams,TE,BAL,6,TEN,0,0,0,0,0,0,0,0,0,0,0,0,0,0,0,0,0,0,0,0,0,0,,,,,
Melvin Gordon,RB,LAC,6,CLE,0,0,0,0,0,132,3,18,2,18,0,4,0,0,0,0,0,0,0,0,0,0,,,,,
Michael Crabtree,WR,BAL,6,TEN,0,0,0,0,0,0,0,0,6,93,1,9,0,0,0,0,0,0,0,0,0,0,,,,,
Michael Floyd,WR,WAS,6,CAR,0,0,0,0,0,0,0,0,0,0,0,1,0,0,0,0,0,0,0,0,0,0,,,,,
Michael Gallup,WR,DAL,6,JAX,0,0,0,0,0,0,0,0,1,27,0,2,0,0,0,0,0,0,0,0,0,0,,,,,
Mike Badgley,K,LAC,6,CLE,0,0,0,0,0,0,0,0,0,0,0,0,0,0,0,0,0,0,1,0,0,5,,,,,
Mike Boone,RB,MIN,6,ARI,0,0,0,0,0,20,0,1,0,0,0,0,0,0,0,0,0,0,0,0,0,0,,,,,
Mike Davis,RB,SEA,6,LV,0,0,0,0,0,21,0,6,1,5,0,3,0,0,0,0,0,0,0,0,0,0,,,,,
Mike Evans,WR,TB,6,ATL,0,0,0,0,0,0,0,0,4,58,0,5,0,0,0,0,0,0,0,0,0,0,,,,,
Mike Gesicki,TE,MIA,6,CHI,0,0,0,0,0,0,0,0,1,11,0,2,0,0,0,0,0,0,0,0,0,0,,,,,
Mike Williams,WR,LAC,6,CLE,0,0,0,0,0,10,0,1,1,4,0,4,0,0,0,0,0,0,0,0,0,0,,,,,
Mitchell Trubisky,QB,CHI,6,MIA,316,3,31,22,1,47,0,8,0,0,0,0,0,0,0,0,0,0,0,0,0,0,,,,,
Mo Alie-Cox,TE,IND,6,NYJ,0,0,0,0,0,0,0,0,1,34,0,2,0,0,0,0,0,0,0,0,0,0,,,,,
Mohamed Sanu,WR,ATL,6,TB,0,0,0,0,0,0,0,0,2,46,1,2,0,0,0,0,0,0,0,0,0,0,,,,,
NE,DEF,NE,6,KC,,,,,,,,,,,,,,,,,,,,,,,0,0,0,0,40.0
NYG,DEF,NYG,6,PHI,,,,,,,,,,,,,,,,,,,,,,,0,0,0,0,34.0
NYJ,DEF,NYJ,6,IND,,,,,,,,,,,,,,,,,,,,,,,1,0,0,0,34.0
Nathan Peterman,QB,BUF,6,HOU,61,1,12,6,2,2,0,1,0,0,0,0,0,0,0,0,0,0,0,0,0,0,,,,,
Neal Sterling,TE,NYJ,6,IND,0,0,0,0,0,0,0,0,2,13,0,2,0,0,0,0,0,0,0,0,0,0,,,,,
Nelson Agholor,WR,PHI,6,NYG,0,0,0,0,0,0,0,0,3,91,0,5,0,0,0,0,0,0,0,0,0,0,,,,,
Nick Boyle,TE,BAL,6,TEN,0,0,0,0,0,0,0,0,2,7,0,4,0,0,0,0,0,0,0,0,0,0,,,,,
Nick Chubb,RB,CLE,6,LAC,0,0,0,0,0,25,0,3,0,0,0,0,0,0,0,0,0,0,0,0,0,0,,,,,
Nick O'Leary,TE,MIA,6,CHI,0,0,0,0,0,0,0,0,4,49,1,4,0,0,0,0,0,0,0,0,0,0,,,,,
Niles Paul,TE,JAX,6,DAL,0,0,0,0,0,-3,0,1,0,0,0,0,0,0,0,0,0,0,0,0,0,0,,,,,
Nyheim Hines,RB,IND,6,NYJ,0,0,0,0,0,14,0,3,2,21,0,3,0,0,0,0,0,0,0,0,0,0,,,,,
O.J. Howard,TE,TB,6,ATL,0,0,0,0,0,0,0,0,4,62,1,4,0,0,0,0,0,0,0,0,0,0,,,,,
Odell Beckham Jr.,WR,NYG,6,PHI,0,0,0,0,0,0,0,0,6,44,0,10,0,0,0,0,0,0,0,0,0,0,,,,,
Orson Charles,TE,CLE,6,LAC,0,0,0,0,0,0,0,0,1,8,0,1,0,0,0,0,0,0,0,0,0,0,,,,,
PHI,DEF,PHI,6,NYG,,,,,,,,,,,,,,,,,,,,,,,0,0,0,0,13.0
PIT,DEF,PIT,6,CIN,,,,,,,,,,,,,,,,,,,,,,,0,0,0,0,21.0
Patrick Mahomes,QB,KC,6,NE,352,4,36,23,2,9,0,2,0,0,0,0,0,0,0,0,0,0,0,0,0,0,,,,,
Paul Richardson,WR,WAS,6,CAR,0,0,0,0,0,2,0,1,3,31,1,5,0,0,0,0,0,0,0,0,0,0,,,,,
Peyton Barber,RB,TB,6,ATL,0,0,0,0,0,82,0,13,4,24,1,4,0,0,0,0,0,0,0,0,0,0,,,,,
Phil Dawson,K,ARI,6,MIN,0,0,0,0,0,0,0,0,0,0,0,0,0,0,0,0,1,0,0,0,0,2,,,,,
Philip Rivers,QB,LAC,6,CLE,207,2,20,11,1,0,0,0,0,0,0,0,0,0,0,0,0,0,0,0,0,0,,,,,
Phillip Lindsay,RB,DEN,6,LA,0,0,0,0,0,18,0,4,6,48,0,7,0,0,0,0,0,0,0,0,0,0,,,,,
Pierre Garcon,WR,SF,6,GB,0,0,0,0,0,0,0,0,4,37,0,6,0,0,0,0,0,0,0,0,0,0,,,,,
Quincy Enunwa,WR,NYJ,6,IND,0,0,0,0,0,0,0,1,1,9,0,1,0,0,0,0,0,0,0,0,0,0,,,,,
Raheem Mostert,RB,SF,6,GB,0,0,0,0,0,87,0,12,0,0,0,0,0,0,0,0,0,0,0,0,0,0,,,,,
Randy Bullock,K,CIN,6,PIT,0,0,0,0,0,0,0,0,0,0,0,0,0,0,0,0,0,0,0,0,0,3,,,,,
Rashaad Penny,RB,SEA,6,LV,0,0,0,0,0,43,0,9,2,27,0,2,0,0,0,0,0,0,0,0,0,0,,,,,
Ray-Ray McCloud,WR,BUF,6,HOU,0,0,0,0,0,0,0,0,1,2,0,1,0,0,0,0,0,0,0,0,0,0,,,,,
Richie James,WR,SF,6,GB,0,0,0,0,0,0,0,0,0,0,0,0,0,0,0,0,0,0,0,0,0,0,,,,,
Ricky Seals-Jones,TE,ARI,6,MIN,0,0,0,0,0,0,0,0,5,69,0,6,0,0,0,0,0,0,0,0,0,0,,,,,
Rico Gathers,TE,DAL,6,JAX,0,0,0,0,0,0,0,0,1,14,0,1,0,0,0,0,0,0,0,0,0,0,,,,,
Rob Gronkowski,TE,NE,6,KC,0,0,0,0,0,0,0,0,3,97,0,4,0,0,0,0,0,0,0,0,0,0,,,,,
Robbie Chosen,WR,NYJ,6,IND,0,0,0,0,0,0,0,0,3,39,0,5,0,0,0,0,0,0,0,0,0,0,,,,,
Robbie Gould,K,SF,6,GB,0,0,0,0,0,0,0,0,0,0,0,0,0,0,0,0,0,0,3,0,0,3,,,,,
Robert Turbin,RB,IND,6,NYJ,0,0,0,0,0,10,0,4,1,3,0,1,0,0,0,0,0,0,0,0,0,0,,,,,
Robert Woods,WR,LA,6,DEN,0,0,0,0,0,12,0,1,7,109,0,10,0,0,0,0,0,0,0,0,0,0,,,,,
Roc Thomas,RB,MIN,6,ARI,0,0,0,0,0,-4,0,1,0,0,0,0,0,0,0,0,0,0,0,0,0,0,,,,,
Rod Smith,RB,DAL,6,JAX,0,0,0,0,0,4,0,5,0,0,0,0,0,0,0,0,0,0,0,0,0,0,,,,,
Ronald Jones,RB,TB,6,ATL,0,0,0,0,0,3,0,1,3,16,0,3,0,0,0,0,0,0,0,0,0,0,,,,,
Royce Freeman,RB,DEN,6,LA,0,0,0,0,0,22,0,9,0,0,0,0,0,0,0,0,0,0,0,0,0,0,,,,,
Russell Gage,WR,ATL,6,TB,0,0,0,0,0,0,0,0,1,9,0,1,0,0,0,0,0,0,0,0,0,0,,,,,
Russell Wilson,QB,SEA,6,LV,222,3,23,17,1,20,0,6,0,0,0,0,0,0,0,0,0,0,0,0,0,0,,,,,
Ryan Grant,WR,IND,6,NYJ,0,0,0,0,0,0,0,0,2,24,0,5,0,0,0,0,0,0,0,0,0,0,,,,,
Ryan Griffin,TE,HOU,6,BUF,0,0,0,0,0,0,0,0,0,0,0,5,0,0,0,0,0,0,0,0,0,0,,,,,
Ryan Succop,K,TEN,6,BAL,0,0,0,0,0,0,0,0,0,0,0,0,0,0,0,0,0,0,0,0,0,0,,,,,
Ryan Switzer,WR,PIT,6,CIN,0,0,0,0,0,0,0,0,1,7,0,1,0,0,0,0,0,0,0,0,0,0,,,,,
SEA,DEF,SEA,6,LV,,,,,,,,,,,,,,,,,,,,,,,0,0,0,0,3.0
SF,DEF,SF,6,GB,,,,,,,,,,,,,,,,,,,,,,,0,0,0,0,33.0
Sam Darnold,QB,NYJ,6,IND,280,2,30,24,1,8,0,6,0,0,0,0,0,0,0,0,0,0,0,0,0,0,,,,,
Samaje Perine,RB,WAS,6,CAR,0,0,0,0,0,3,0,1,1,-3,0,1,0,0,0,0,0,0,0,0,0,0,,,,,
Sammy Watkins,WR,KC,6,NE,0,0,0,0,0,-1,0,1,2,18,0,4,0,0,0,0,0,0,0,0,0,0,,,,,
Saquon Barkley,RB,NYG,6,PHI,0,0,0,0,0,130,1,13,9,99,0,12,0,0,0,0,0,0,0,0,0,0,,,,,
Scott Simonson,TE,NYG,6,PHI,0,0,0,0,0,0,0,0,1,24,0,3,0,0,0,0,0,0,0,0,0,0,,,,,
Sean Culkin,TE,LAC,6,CLE,0,0,0,0,0,0,0,0,0,0,0,0,0,0,0,0,0,0,0,0,0,0,,,,,
Sebastian Janikowski,K,SEA,6,LV,0,0,0,0,0,0,0,0,0,0,0,0,0,0,0,0,1,0,1,0,0,3,,,,,
Senorise Perry,RB,MIA,6,CHI,0,0,0,0,0,0,0,0,0,0,0,0,0,0,0,0,0,0,0,0,0,0,,,,,
Seth DeValve,TE,CLE,6,LAC,0,0,0,0,0,0,0,0,0,0,0,0,0,0,0,0,0,0,0,0,0,0,,,,,
Seth Roberts,WR,LV,6,SEA,0,0,0,0,0,0,0,0,5,31,0,6,0,0,0,0,0,0,0,0,0,0,,,,,
Sony Michel,RB,NE,6,KC,0,0,0,0,0,106,2,24,0,0,0,1,0,0,0,0,0,0,0,0,0,0,,,,,
Spencer Ware,RB,KC,6,NE,0,0,0,0,0,5,0,2,2,9,0,3,0,0,0,0,0,0,0,0,0,0,,,,,
Stefon Diggs,WR,MIN,6,ARI,0,0,0,0,0,9,0,1,3,33,0,4,0,0,0,0,0,0,0,0,0,0,,,,,
Stephen Gostkowski,K,NE,6,KC,0,0,0,0,0,0,0,0,0,0,0,0,0,0,0,0,2,1,1,1,0,4,,,,,
Sterling Shepard,WR,NYG,6,PHI,0,0,0,0,0,0,0,0,3,37,0,7,0,0,0,0,0,0,0,0,0,0,,,,,
Stevan Ridley,RB,PIT,6,CIN,0,0,0,0,0,2,0,1,0,0,0,0,0,0,0,0,0,0,0,0,0,0,,,,,
Steven Hauschka,K,BUF,6,HOU,0,0,0,0,0,0,0,0,0,0,0,0,0,0,0,0,1,0,0,1,0,1,,,,,
T.J. Yeldon,RB,JAX,6,DAL,0,0,0,0,0,41,0,8,3,29,0,5,0,0,0,0,0,0,0,0,0,0,,,,,
TB,DEF,TB,6,ATL,,,,,,,,,,,,,,,,,,,,,,,0,0,0,0,34.0
TEN,DEF,TEN,6,BAL,,,,,,,,,,,,,,,,,,,,,,,0,0,0,0,21.0
Taiwan Jones,RB,BUF,6,HOU,0,0,0,0,0,0,0,0,0,0,0,0,0,0,0,0,0,0,0,0,0,0,,,,,
Tajae Sharpe,WR,TEN,6,BAL,0,0,0,0,0,0,0,0,2,33,0,2,0,0,0,0,0,0,0,0,0,0,,,,,
Tarik Cohen,RB,CHI,6,MIA,0,0,0,0,0,31,1,5,7,90,0,9,0,0,0,0,0,0,0,0,0,0,,,,,
Tavon Austin,WR,DAL,6,JAX,0,0,0,0,0,14,0,2,1,5,0,1,0,0,0,0,0,0,0,0,0,0,,,,,
Taylor Gabriel,WR,CHI,6,MIA,0,0,0,0,0,9,0,1,5,110,0,5,0,0,0,0,0,0,0,0,0,0,,,,,
Taywan Taylor,WR,TEN,6,BAL,0,0,0,0,0,0,0,0,1,13,0,2,0,0,0,0,0,0,0,0,0,0,,,,,
Terrelle Pryor,WR,NYJ,6,IND,0,0,0,0,0,0,0,0,5,57,1,6,0,0,0,0,0,0,0,0,0,0,,,,,
Tevin Coleman,RB,ATL,6,TB,0,0,0,0,0,35,0,10,1,6,1,2,0,0,0,0,0,0,0,0,0,0,,,,,
Tim Patrick,WR,DEN,6,LA,0,0,0,0,0,0,0,0,0,0,0,0,0,0,0,0,0,0,0,0,0,0,,,,,
Todd Gurley,RB,LA,6,DEN,0,0,0,0,0,208,2,28,2,17,0,5,0,0,0,0,0,0,0,0,0,0,,,,,
Tom Brady,QB,NE,6,KC,340,1,35,24,0,2,1,3,0,0,0,0,0,0,0,0,0,0,0,0,0,0,,,,,
Torrey Smith,WR,CAR,6,WAS,0,0,0,0,0,0,0,0,5,43,1,5,0,0,1,0,0,0,0,0,0,0,,,,,
Travis Kelce,TE,KC,6,NE,0,0,0,0,0,0,0,0,5,61,0,9,0,0,0,0,0,0,0,0,0,0,,,,,
Trey Burton,TE,CHI,6,MIA,0,0,0,0,0,0,0,0,4,23,1,4,0,0,0,0,0,0,0,0,0,0,,,,,
Ty Montgomery,WR,GB,6,SF,0,0,0,0,0,12,1,4,2,10,0,3,0,0,0,0,0,0,0,0,0,0,,,,,
Tyler Boyd,WR,CIN,6,PIT,0,0,0,0,0,0,0,0,7,62,2,9,0,0,0,0,0,0,0,0,0,0,,,,,
Tyler Ervin,RB,HOU,6,BUF,0,0,0,0,0,0,0,0,0,0,0,0,0,0,0,0,0,0,0,0,0,0,,,,,
Tyler Lockett,WR,SEA,6,LV,0,0,0,0,0,7,0,1,3,13,1,4,0,0,0,0,0,0,0,0,0,0,,,,,
Tyreek Hill,WR,KC,6,NE,0,0,0,0,0,0,0,1,7,142,3,12,0,0,0,0,0,0,0,0,0,0,,,,,
Tyrell Williams,WR,LAC,6,CLE,0,0,0,0,0,1,0,1,3,118,2,4,0,0,0,0,0,0,0,0,0,0,,,,,
Tyrone Swoopes,TE,SEA,6,LV,0,0,0,0,0,0,0,0,1,23,0,1,0,0,0,0,0,0,0,0,0,0,,,,,
Vance McDonald,TE,PIT,6,CIN,0,0,0,0,0,0,0,0,7,68,0,8,0,0,0,0,0,0,0,0,0,0,,,,,
Vernon Davis,TE,WAS,6,CAR,0,0,0,0,0,0,0,0,3,48,1,3,0,0,0,0,0,0,0,0,0,0,,,,,
Virgil Green,TE,LAC,6,CLE,0,0,0,0,0,0,0,0,0,0,0,0,0,0,0,0,0,0,0,0,0,0,,,,,
WAS,DEF,WAS,6,CAR,,,,,,,,,,,,,,,,,,,,,,,0,0,0,0,17.0
Wayne Gallman,RB,NYG,6,PHI,0,0,0,0,0,17,0,4,2,25,0,5,0,0,0,0,0,0,0,0,0,0,,,,,
Wendell Smallwood,RB,PHI,6,NYG,0,0,0,0,0,51,0,18,1,0,0,2,0,0,0,0,0,0,0,0,0,0,,,,,
Will Fuller,WR,HOU,6,BUF,0,0,0,0,0,0,0,0,2,33,0,3,0,0,0,0,0,0,0,0,0,0,,,,,
Willie Snead,WR,BAL,6,TEN,0,0,0,0,0,0,0,0,7,60,0,10,0,0,0,0,0,0,0,0,0,0,,,,,
Xavier Grimble,TE,PIT,6,CIN,0,0,0,0,0,0,0,0,2,35,0,2,0,0,0,0,0,0,0,0,0,0,,,,,
Zach Ertz,TE,PHI,6,NYG,0,0,0,0,0,0,0,0,7,43,1,9,0,0,0,0,0,0,0,0,0,0,,,,,
Zach Pascal,WR,IND,6,NYJ,0,0,0,0,0,8,0,1,5,35,0,7,0,0,0,0,0,0,0,0,0,0,,,,,
Zay Jones,WR,BUF,6,HOU,0,0,0,0,0,0,0,0,3,35,1,8,0,0,0,0,0,0,0,0,0,0,,,,,
A.J. Green,WR,CIN,7,KC,0,0,0,0,0,0,0,0,7,117,0,14,0,0,0,0,0,0,0,0,0,0,,,,,
ARI,DEF,ARI,7,DEN,,,,,,,,,,,,,,,,,,,,,,,0,0,0,0,45.0
ATL,DEF,ATL,7,NYG,,,,,,,,,,,,,,,,,,,,,,,0,0,0,0,20.0
Adam Humphries,WR,TB,7,CLE,0,0,0,0,0,0,0,0,4,37,0,9,0,0,0,0,0,0,0,0,0,0,,,,,
Adam Thielen,WR,MIN,7,NYJ,0,0,0,0,0,0,0,0,9,110,1,10,0,0,0,0,0,0,0,0,0,0,,,,,
Adam Vinatieri,K,IND,7,BUF,0,0,0,0,0,0,0,0,0,0,0,0,0,0,0,0,0,1,0,0,0,2,,,,,
Adrian Peterson,RB,WAS,7,DAL,0,0,0,0,0,99,0,24,1,8,0,2,0,0,0,0,0,0,0,0,0,0,,,,,
Alan Cross,TE,TB,7,CLE,0,0,0,0,0,0,0,0,1,6,0,2,0,0,0,0,0,0,0,0,0,0,,,,,
Albert Wilson,WR,MIA,7,DET,0,0,0,0,0,4,0,2,3,32,0,3,0,0,0,0,0,0,0,0,0,0,,,,,
Aldrick Robinson,WR,MIN,7,NYJ,0,0,0,0,0,0,0,0,1,34,1,3,0,0,0,0,0,0,0,0,0,0,,,,,
Aldrick Rosas,K,NYG,7,ATL,0,0,0,0,0,0,0,0,0,0,0,0,0,0,0,0,0,2,0,0,0,0,,,,,
Alex Armah,RB,CAR,7,PHI,0,0,0,0,0,0,0,0,0,0,0,0,0,0,0,0,0,0,0,0,0,0,,,,,
Alex Collins,RB,BAL,7,NO,0,0,0,0,0,38,0,11,3,10,0,4,0,0,0,0,0,0,0,0,0,0,,,,,
Alex Erickson,WR,CIN,7,KC,0,0,0,0,0,0,0,0,1,-1,0,2,0,0,0,0,0,0,0,0,0,0,,,,,
Alex Smith,QB,WAS,7,DAL,178,1,25,14,0,16,0,4,0,0,0,0,0,0,0,0,0,0,0,0,0,0,,,,,
Alfred Blue,RB,HOU,7,JAX,0,0,0,0,0,28,0,8,0,0,0,0,0,0,0,0,0,0,0,0,0,0,,,,,
Alfred Morris,RB,SF,7,LA,0,0,0,0,0,25,0,9,0,0,0,1,0,0,0,0,0,0,0,0,0,0,,,,,
Allen Hurns,WR,DAL,7,WAS,0,0,0,0,0,0,0,0,5,74,0,6,0,0,0,0,0,0,0,0,0,0,,,,,
Allen Robinson,WR,CHI,7,NE,0,0,0,0,0,0,0,0,1,4,0,5,0,0,0,0,0,0,0,0,0,0,,,,,
Alshon Jeffery,WR,PHI,7,CAR,0,0,0,0,0,0,0,0,7,88,1,10,0,0,0,0,0,0,0,0,0,0,,,,,
Alvin Kamara,RB,NO,7,BAL,0,0,0,0,0,64,1,17,2,11,0,2,0,0,0,0,0,0,0,0,0,0,,,,,
Ameer Abdullah,RB,DET,7,MIA,0,0,0,0,0,1,0,1,1,12,0,1,0,0,0,0,0,0,0,0,0,0,,,,,
Andre Holmes,WR,BUF,7,IND,0,0,0,0,0,0,0,0,1,13,0,2,0,0,0,0,0,0,0,0,0,0,,,,,
Andre Roberts,WR,NYJ,7,MIN,0,0,0,0,0,0,0,0,2,21,0,6,0,0,0,0,0,0,0,0,0,0,,,,,
Andrew Luck,QB,IND,7,BUF,156,4,23,17,0,5,0,3,0,0,0,0,0,0,0,0,0,0,0,0,0,0,,,,,
Andy Dalton,QB,CIN,7,KC,148,1,29,15,1,0,0,0,0,0,0,0,0,0,0,0,0,0,0,0,0,0,,,,,
Anthony Miller,WR,CHI,7,NE,0,0,0,0,0,0,0,0,2,35,0,7,0,0,0,0,0,0,0,0,0,0,,,,,
Antonio Callaway,WR,CLE,7,TB,0,0,0,0,0,0,0,0,1,14,0,2,0,0,0,0,0,0,0,0,0,0,,,,,
Antonio Gates,TE,LAC,7,TEN,0,0,0,0,0,0,0,0,2,11,0,3,0,0,0,0,0,0,0,0,0,0,,,,,
Antony Auclair,TE,TB,7,CLE,0,0,0,0,0,0,0,0,3,15,0,3,0,0,0,0,0,0,0,0,0,0,,,,,
Austin Ekeler,RB,LAC,7,TEN,0,0,0,0,0,42,0,12,5,26,0,7,0,0,0,0,0,0,0,0,0,0,,,,,
Austin Hooper,TE,ATL,7,NYG,0,0,0,0,0,0,0,0,3,48,0,4,0,0,0,0,0,0,0,0,0,0,,,,,
BAL,DEF,BAL,7,NO,,,,,,,,,,,,,,,,,,,,,,,0,0,0,0,24.0
BUF,DEF,BUF,7,IND,,,,,,,,,,,,,,,,,,,,,,,0,1,0,0,37.0
Baker Mayfield,QB,CLE,7,TB,215,2,34,23,0,43,0,4,0,0,0,0,0,0,0,0,0,0,0,0,0,0,,,,,
Ben Braunecker,TE,CHI,7,NE,0,0,0,0,0,0,0,0,0,0,0,0,0,0,0,0,0,0,0,0,0,0,,,,,
Benjamin Watson,TE,NO,7,BAL,0,0,0,0,0,0,0,0,6,43,1,6,0,0,0,0,0,0,0,0,0,0,,,,,
Bennie Fowler,WR,NYG,7,ATL,0,0,0,0,0,0,0,0,1,11,0,1,0,0,0,0,0,0,0,0,0,0,,,,,
Benny Cunningham,RB,CHI,7,NE,0,0,0,0,0,0,0,0,0,0,0,0,0,0,0,0,0,0,0,0,0,0,,,,,
Bilal Powell,RB,NYJ,7,MIN,0,0,0,0,0,20,0,5,1,5,0,1,0,0,0,0,0,0,0,0,0,0,,,,,
Blake Bortles,QB,JAX,7,HOU,61,0,12,6,0,30,0,6,0,0,0,0,0,0,0,0,0,0,0,0,0,0,,,,,
Blake Jarwin,TE,DAL,7,WAS,0,0,0,0,0,0,0,0,1,16,0,1,0,0,0,0,0,0,0,0,0,0,,,,,
Bradley Sowell,TE,CHI,7,NE,0,0,0,0,0,0,0,0,0,0,0,1,0,0,0,0,0,0,0,0,0,0,,,,,
Brandin Cooks,WR,LA,7,SF,0,0,0,0,0,7,0,1,4,64,1,5,0,0,0,0,0,0,0,0,0,0,,,,,
Brandon McManus,K,DEN,7,ARI,0,0,0,0,0,0,0,0,0,0,0,0,0,0,0,0,0,0,1,0,0,6,,,,,
Brandon Zylstra,WR,MIN,7,NYJ,0,0,0,0,0,0,0,0,1,23,0,1,0,0,0,0,0,0,0,0,0,0,,,,,
Breshad Perriman,WR,CLE,7,TB,0,0,0,0,0,0,0,0,1,6,0,1,0,0,0,0,0,0,0,0,0,0,,,,,
Brett Maher,K,DAL,7,WAS,0,0,0,0,0,0,0,0,0,0,0,0,0,0,0,0,0,0,1,0,0,2,,,,,
Brice Butler,WR,DAL,7,WAS,0,0,0,0,0,0,0,0,0,0,0,1,0,0,0,0,0,0,0,0,0,0,,,,,
Brock Osweiler,QB,MIA,7,DET,239,2,31,22,0,2,0,1,0,0,0,0,0,0,0,0,0,0,0,0,0,0,,,,,
C.J. Beathard,QB,SF,7,LA,170,1,27,15,2,13,0,2,0,0,0,0,0,0,0,0,0,0,0,0,0,0,,,,,
C.J. Uzomah,TE,CIN,7,KC,0,0,0,0,0,0,0,0,2,13,1,2,0,0,0,0,0,0,0,0,0,0,,,,,
CAR,DEF,CAR,7,PHI,,,,,,,,,,,,,,,,,,,,,,,0,0,0,0,17.0
CHI,DEF,CHI,7,NE,,,,,,,,,,,,,,,,,,,,,,,0,0,0,0,38.0
CIN,DEF,CIN,7,KC,,,,,,,,,,,,,,,,,,,,,,,0,0,0,0,45.0
CLE,DEF,CLE,7,TB,,,,,,,,,,,,,,,,,,,,,,,0,1,0,0,26.0
Calvin Ridley,WR,ATL,7,NYG,0,0,0,0,0,0,0,0,5,43,0,6,0,0,0,0,0,0,0,0,0,0,,,,,
Cam Newton,QB,CAR,7,PHI,269,2,39,25,0,49,0,7,0,0,0,0,0,0,1,0,0,0,0,0,0,0,,,,,
Cam Phillips,WR,BUF,7,IND,0,0,0,0,0,0,0,0,0,0,0,0,0,0,0,0,0,0,0,0,0,0,,,,,
Cameron Batson,WR,TEN,7,LAC,0,0,0,0,0,0,0,0,1,0,0,1,0,0,0,0,0,0,0,0,0,0,,,,,
Cameron Brate,TE,TB,7,CLE,0,0,0,0,0,0,0,0,3,23,0,4,0,0,0,0,0,0,0,0,0,0,,,,,
Carson Wentz,QB,PHI,7,CAR,310,2,37,30,0,3,0,3,0,0,0,0,0,0,0,0,0,0,0,0,0,0,,,,,
Case Keenum,QB,DEN,7,ARI,161,1,21,14,1,4,0,4,0,0,0,0,0,0,0,0,0,0,0,0,0,0,,,,,
Chad Williams,WR,ARI,7,DEN,0,0,0,0,0,0,0,0,4,34,0,8,0,0,0,0,0,0,0,0,0,0,,,,,
Chandler Catanzaro,K,TB,7,CLE,0,0,0,0,0,0,0,0,0,0,0,0,0,0,0,0,0,1,0,1,0,2,,,,,
Charles Clay,TE,BUF,7,IND,0,0,0,0,0,0,0,0,3,14,0,5,0,0,0,0,0,0,0,0,0,0,,,,,
Charone Peake,WR,NYJ,7,MIN,0,0,0,0,0,0,0,0,0,0,0,1,0,0,0,0,0,0,0,0,0,0,,,,,
Chase Edmonds,RB,ARI,7,DEN,0,0,0,0,0,9,0,5,3,12,0,3,0,0,0,0,0,0,0,0,0,0,,,,,
Chester Rogers,WR,IND,7,BUF,0,0,0,0,0,0,0,0,4,40,0,4,0,0,0,0,0,0,0,0,0,0,,,,,
Chris Conley,WR,KC,7,CIN,0,0,0,0,0,0,0,0,1,6,0,1,0,0,0,0,0,0,0,0,0,0,,,,,
Chris Godwin Jr.,WR,TB,7,CLE,0,0,0,0,0,0,0,0,5,59,0,6,0,0,0,0,0,0,0,0,0,0,,,,,
Chris Herndon,TE,NYJ,7,MIN,0,0,0,0,0,0,0,0,4,42,1,7,0,0,0,0,0,0,0,0,0,0,,,,,
Chris Hogan,WR,NE,7,CHI,0,0,0,0,0,0,0,0,6,63,0,7,0,0,0,0,0,0,0,0,0,0,,,,,
Chris Ivory,RB,BUF,7,IND,0,0,0,0,0,81,0,16,3,25,0,6,0,0,0,0,0,0,0,0,0,0,,,,,
Chris Moore,WR,BAL,7,NO,0,0,0,0,0,9,0,1,1,14,0,2,0,0,0,0,0,0,0,0,0,0,,,,,
Christian Kirk,WR,ARI,7,DEN,0,0,0,0,0,0,0,0,3,57,0,6,0,0,0,0,0,0,0,0,0,0,,,,,
Christian McCaffrey,RB,CAR,7,PHI,0,0,0,0,0,29,0,7,6,51,0,6,0,0,0,0,0,0,0,0,0,0,,,,,
Cody Core,WR,CIN,7,KC,0,0,0,0,0,0,0,0,3,30,0,3,0,0,0,0,0,0,0,0,0,0,,,,,
Cody Kessler,QB,JAX,7,HOU,156,1,30,21,1,8,0,2,0,0,0,0,0,0,0,0,0,0,0,0,0,0,,,,,
Cody Parkey,K,CHI,7,NE,0,0,0,0,0,0,0,0,0,0,0,0,0,0,0,0,0,0,1,0,0,4,,,,,
Cole Beasley,WR,DAL,7,WAS,0,0,0,0,0,0,0,0,7,56,0,8,0,0,0,0,0,0,0,0,0,0,,,,,
Cordarrelle Patterson,RB,NE,7,CHI,0,0,0,0,0,4,0,1,0,0,0,0,1,0,0,0,0,0,0,0,0,0,,,,,
Corey Clement,RB,PHI,7,CAR,0,0,0,0,0,6,0,8,2,16,0,2,0,0,0,0,0,0,0,0,0,0,,,,,
Corey Davis,WR,TEN,7,LAC,0,0,0,0,0,0,0,0,3,10,0,7,0,0,0,0,0,0,0,0,0,0,,,,,
Courtland Sutton,WR,DEN,7,ARI,0,0,0,0,0,0,0,0,1,28,1,3,0,0,0,0,0,0,0,0,0,0,,,,,
Curtis Samuel,WR,CAR,7,PHI,0,0,0,0,0,9,1,2,1,16,0,1,0,0,0,0,0,0,0,0,0,0,,,,,
DAL,DEF,DAL,7,WAS,,,,,,,,,,,,,,,,,,,,,,,0,0,0,0,20.0
DEN,DEF,DEN,7,ARI,,,,,,,,,,,,,,,,,,,,,,,2,0,0,0,10.0
DET,DEF,DET,7,MIA,,,,,,,,,,,,,,,,,,,,,,,0,0,0,0,21.0
DJ Chark,WR,JAX,7,HOU,0,0,0,0,0,0,0,0,4,31,0,7,0,0,0,0,0,0,0,0,0,0,,,,,
DJ Moore,WR,CAR,7,PHI,0,0,0,0,0,0,0,0,3,29,0,5,0,0,0,0,0,0,0,0,0,0,,,,,
DaeSean Hamilton,WR,DEN,7,ARI,0,0,0,0,0,0,0,0,0,0,0,0,0,0,0,0,0,0,0,0,0,0,,,,,
Dak Prescott,QB,DAL,7,WAS,273,1,35,22,0,33,1,6,0,0,0,0,0,0,0,0,0,0,0,0,0,0,,,,,
Dallas Goedert,TE,PHI,7,CAR,0,0,0,0,0,0,0,0,4,43,1,5,0,0,0,0,0,0,0,0,0,0,,,,,
Dalton Schultz,TE,DAL,7,WAS,0,0,0,0,0,0,0,0,1,12,0,3,0,0,0,0,0,0,0,0,0,0,,,,,
Damien Williams,RB,KC,7,CIN,0,0,0,0,0,0,0,0,0,0,0,0,0,0,0,0,0,0,0,0,0,0,,,,,
Damiere Byrd,WR,CAR,7,PHI,0,0,0,0,0,0,0,0,1,8,0,1,0,0,0,0,0,0,0,0,0,0,,,,,
Damion Ratley,WR,CLE,7,TB,0,0,0,0,0,0,0,0,3,23,0,3,0,0,0,0,0,0,0,0,0,0,,,,,
Dan Arnold,TE,NO,7,BAL,0,0,0,0,0,0,0,0,2,35,0,3,0,0,0,0,0,0,0,0,0,0,,,,,
Dan Bailey,K,MIN,7,NYJ,0,0,0,0,0,0,0,0,0,0,0,0,0,0,0,0,2,0,1,0,0,4,,,,,
Danny Amendola,WR,MIA,7,DET,0,0,0,0,0,0,0,0,6,84,1,7,0,0,0,0,0,0,0,0,0,0,,,,,
Darius Jennings,WR,TEN,7,LAC,0,0,0,0,0,0,0,0,0,0,0,0,0,0,0,0,0,0,0,0,0,0,,,,,
Darren Fells,TE,CLE,7,TB,0,0,0,0,0,0,0,0,0,0,0,0,0,0,0,0,0,0,0,0,0,0,,,,,
Dave Williams,RB,JAX,7,HOU,0,0,0,0,0,2,0,1,0,0,0,0,0,0,0,0,0,0,0,0,0,0,,,,,
David Fluellen,RB,TEN,7,LAC,0,0,0,0,0,2,0,1,0,0,0,0,0,0,0,0,0,0,0,0,0,0,,,,,
David Grinnage,TE,JAX,7,HOU,0,0,0,0,0,0,0,0,2,17,0,2,0,0,0,0,0,0,0,0,0,0,,,,,
David Johnson,RB,ARI,7,DEN,0,0,0,0,0,39,0,14,3,31,0,3,0,0,0,0,0,0,0,0,0,0,,,,,
David Njoku,TE,CLE,7,TB,0,0,0,0,0,0,0,0,4,52,1,6,0,0,0,0,0,0,0,0,0,0,,,,,
DeAndre Carter,WR,PHI,7,CAR,0,0,0,0,0,0,0,0,0,0,0,0,0,0,0,0,0,0,0,0,0,0,,,,,
DeAndre Hopkins,WR,HOU,7,JAX,0,0,0,0,0,0,0,0,3,50,1,8,0,0,0,0,0,0,0,0,0,0,,,,,
DeSean Jackson,WR,TB,7,CLE,0,0,0,0,0,8,1,2,2,25,0,4,0,0,0,0,0,0,0,0,0,0,,,,,
Dede Westbrook,WR,JAX,7,HOU,0,0,0,0,0,0,0,0,4,17,0,4,0,0,0,0,0,0,0,0,0,0,,,,,
Demarcus Robinson,WR,KC,7,CIN,0,0,0,0,0,0,0,0,2,13,0,2,0,0,0,0,0,0,0,0,0,0,,,,,
Demaryius Thomas,WR,DEN,7,ARI,0,0,0,0,0,0,0,0,5,42,0,6,0,0,0,0,0,0,0,0,0,0,,,,,
Demetrius Harris,TE,KC,7,CIN,0,0,0,0,0,0,0,0,1,17,1,2,0,0,0,0,0,0,0,0,0,0,,,,,
Deontay Burnett,WR,NYJ,7,MIN,0,0,0,0,0,0,0,0,1,9,0,2,0,0,0,0,0,0,0,0,0,0,,,,,
Deonte Thompson,WR,DAL,7,WAS,0,0,0,0,0,0,0,0,0,0,0,1,0,0,0,0,0,0,0,0,0,0,,,,,
Derek Anderson,QB,BUF,7,IND,175,0,31,20,3,0,0,0,0,0,0,0,0,0,0,0,0,0,0,0,0,0,,,,,
Derrick Henry,RB,TEN,7,LAC,0,0,0,0,0,33,1,12,2,32,0,2,0,0,0,0,0,0,0,0,0,0,,,,,
Deshaun Watson,QB,HOU,7,JAX,139,1,24,12,0,13,0,7,0,0,0,0,0,0,0,0,0,0,0,0,0,0,,,,,
Detrez Newsome,RB,LAC,7,TEN,0,0,0,0,0,0,0,0,0,0,0,0,0,0,0,0,0,0,0,0,0,0,,,,,
Devin Funchess,WR,CAR,7,PHI,0,0,0,0,0,0,0,0,6,62,1,11,0,0,0,0,0,0,0,0,0,0,,,,,
Devontae Booker,RB,DEN,7,ARI,0,0,0,0,0,0,0,0,1,-1,0,1,0,0,0,0,0,0,0,0,0,0,,,,,
Dion Lewis,RB,TEN,7,LAC,0,0,0,0,0,91,0,13,6,64,0,6,0,0,0,0,0,0,0,0,0,0,,,,,
Dion Sims,TE,CHI,7,NE,0,0,0,0,0,0,0,0,0,0,0,1,0,0,0,0,0,0,0,0,0,0,,,,,
Donte Moncrief,WR,JAX,7,HOU,0,0,0,0,0,0,0,0,7,76,0,10,0,0,0,0,0,0,0,0,0,0,,,,,
Dontrell Hilliard,RB,CLE,7,TB,0,0,0,0,0,0,0,0,0,0,0,0,0,0,0,0,0,0,0,0,0,0,,,,,
Drew Brees,QB,NO,7,BAL,212,2,30,22,0,3,0,4,0,0,0,0,0,0,0,0,0,0,0,0,0,0,,,,,
Duke Johnson,RB,CLE,7,TB,0,0,0,0,0,-4,0,1,4,23,0,4,0,0,0,0,0,0,0,0,0,0,,,,,
Dustin Hopkins,K,WAS,7,DAL,0,0,0,0,0,0,0,0,0,0,0,0,0,0,0,0,2,0,0,0,0,2,,,,,
Eli Manning,QB,NYG,7,ATL,399,1,38,27,0,7,0,3,0,0,0,0,0,0,0,0,0,0,0,0,0,0,,,,,
Emmanuel Sanders,WR,DEN,7,ARI,28,1,1,1,0,0,0,0,6,102,1,7,0,0,0,0,0,0,0,0,0,0,,,,,
Eric Ebron,TE,IND,7,BUF,0,0,0,0,0,0,0,0,3,31,0,7,0,0,0,0,0,0,0,0,0,0,,,,,
Eric Saubert,TE,ATL,7,NYG,0,0,0,0,0,0,0,0,1,8,0,1,0,0,0,0,0,0,0,0,0,0,,,,,
Eric Tomlinson,TE,NYJ,7,MIN,0,0,0,0,0,0,0,0,1,-5,0,2,0,0,0,0,0,0,0,0,0,0,,,,,
Erik Swoope,TE,IND,7,BUF,0,0,0,0,0,0,0,0,1,17,1,1,0,0,0,0,0,0,0,0,0,0,,,,,
Evan Engram,TE,NYG,7,ATL,0,0,0,0,0,10,0,1,2,16,0,4,0,0,0,0,0,0,0,0,0,0,,,,,
Ezekiel Elliott,RB,DAL,7,WAS,0,0,0,0,0,33,0,15,2,9,0,6,0,0,0,0,0,0,0,0,0,0,,,,,
Frank Gore,RB,MIA,7,DET,0,0,0,0,0,29,0,10,1,4,0,1,0,0,0,0,0,0,0,0,0,0,,,,,
Garrett Celek,TE,SF,7,LA,0,0,0,0,0,0,0,0,0,0,0,1,0,0,0,0,0,0,0,0,0,0,,,,,
Geoff Swaim,TE,DAL,7,WAS,0,0,0,0,0,0,0,0,3,25,0,3,0,0,0,0,0,0,0,0,0,0,,,,,
George Kittle,TE,SF,7,LA,0,0,0,0,0,0,0,0,5,98,1,8,0,0,0,0,0,0,0,0,0,0,,,,,
Gerald Everett,TE,LA,7,SF,0,0,0,0,0,0,0,0,1,-5,0,2,0,0,0,0,0,0,0,0,0,0,,,,,
Giorgio Tavecchio,K,ATL,7,NYG,0,0,0,0,0,0,0,0,0,0,0,0,0,0,0,0,0,0,1,2,0,2,,,,,
Golden Tate,WR,DET,7,MIA,0,0,0,0,0,30,0,1,4,36,0,6,0,0,0,0,0,0,0,0,0,0,,,,,
Graham Gano,K,CAR,7,PHI,0,0,0,0,0,0,0,0,0,0,0,0,0,0,0,0,0,0,0,0,0,1,,,,,
Greg Joseph,K,CLE,7,TB,0,0,0,0,0,0,0,0,0,0,0,0,0,0,0,0,0,0,0,0,0,3,,,,,
Greg Olsen,TE,CAR,7,PHI,0,0,0,0,0,0,0,0,2,5,1,5,0,0,0,0,0,0,0,0,0,0,,,,,
Greg Zuerlein,K,LA,7,SF,0,0,0,0,0,0,0,0,0,0,0,0,0,0,0,0,0,3,0,0,0,4,,,,,
Gus Edwards,RB,BAL,7,NO,0,0,0,0,0,0,0,2,0,0,0,0,0,0,0,0,0,0,0,0,0,0,,,,,
HOU,DEF,HOU,7,JAX,,,,,,,,,,,,,,,,,,,,,,,0,0,0,0,7.0
Harrison Butker,K,KC,7,CIN,0,0,0,0,0,0,0,0,0,0,0,0,0,0,0,0,1,0,0,0,0,6,,,,,
Hayden Hurst,TE,BAL,7,NO,0,0,0,0,0,0,0,0,0,0,0,2,0,0,0,0,0,0,0,0,0,0,,,,,
IND,DEF,IND,7,BUF,,,,,,,,,,,,,,,,,,,,,,,0,0,0,0,5.0
Isaiah Crowell,RB,NYJ,7,MIN,0,0,0,0,0,29,0,11,1,21,0,3,0,0,0,0,0,0,0,0,0,0,,,,,
Ito Smith,RB,ATL,7,NYG,0,0,0,0,0,16,0,7,2,29,0,2,0,0,0,0,0,0,0,0,0,0,,,,,
J.J. Nelson,WR,ARI,7,DEN,0,0,0,0,0,7,0,1,2,8,0,4,0,0,0,0,0,0,0,0,0,0,,,,,
JAX,DEF,JAX,7,HOU,,,,,,,,,,,,,,,,,,,,,,,0,0,0,0,20.0
Jacoby Brissett,QB,IND,7,BUF,0,0,0,0,0,-4,0,4,0,0,0,0,0,0,0,0,0,0,0,0,0,0,,,,,
Jacquizz Rodgers,RB,TB,7,CLE,0,0,0,0,0,8,0,3,1,11,0,1,0,0,0,0,0,0,0,0,0,0,,,,,
Jake Elliott,K,PHI,7,CAR,0,0,0,0,0,0,0,0,0,0,0,0,0,0,0,0,0,0,1,0,0,2,,,,,
Jakeem Grant,WR,MIA,7,DET,0,0,0,0,0,0,0,0,2,32,0,2,0,0,0,0,0,0,0,0,0,0,,,,,
Jamaal Charles,RB,JAX,7,HOU,0,0,0,0,0,2,0,1,1,2,0,1,0,0,0,0,0,0,0,0,0,0,,,,,
Jameis Winston,QB,TB,7,CLE,365,0,52,32,2,55,1,10,0,0,0,0,0,0,0,0,0,0,0,0,0,0,,,,,
James White,RB,NE,7,CHI,0,0,0,0,0,40,0,11,8,57,2,10,0,0,0,0,0,0,0,0,0,0,,,,,
Jared Goff,QB,LA,7,SF,202,2,24,18,0,4,0,3,0,0,0,0,0,0,0,0,0,0,0,0,0,0,,,,,
Jarius Wright,WR,CAR,7,PHI,0,0,0,0,0,34,0,1,2,37,0,2,0,0,1,0,0,0,0,0,0,0,,,,,
Jarvis Landry,WR,CLE,7,TB,0,0,0,0,0,0,0,0,10,97,1,15,0,0,0,0,0,0,0,0,0,0,,,,,
Jason Croom,TE,BUF,7,IND,0,0,0,0,0,0,0,0,1,8,0,2,0,0,0,0,0,0,0,0,0,0,,,,,
Jason Myers,K,NYJ,7,MIN,0,0,0,0,0,0,0,0,0,0,0,0,0,0,0,0,0,0,0,1,0,2,,,,,
Jason Sanders,K,MIA,7,DET,0,0,0,0,0,0,0,0,0,0,0,0,0,0,0,0,0,0,0,0,0,3,,,,,
Javorius Allen,RB,BAL,7,NO,0,0,0,0,0,3,0,3,3,21,0,3,0,0,0,0,0,0,0,0,0,0,,,,,
Jeff Driskel,QB,CIN,7,KC,39,0,4,4,0,5,0,1,0,0,0,0,0,0,0,0,0,0,0,0,0,0,,,,,
Jeff Heuerman,TE,DEN,7,ARI,0,0,0,0,0,0,0,0,0,0,0,0,0,0,0,0,0,0,0,0,0,0,,,,,
Jeremy Sprinkle,TE,WAS,7,DAL,0,0,0,0,0,0,0,0,0,0,0,1,0,0,0,0,0,0,0,0,0,0,,,,,
Jermaine Kearse,WR,NYJ,7,MIN,0,0,0,0,0,0,0,0,0,0,0,2,0,0,0,0,0,0,0,0,0,0,,,,,
JoJo Natson,WR,LA,7,SF,0,0,0,0,0,0,0,0,0,0,0,0,0,0,0,0,0,0,0,0,0,0,,,,,
Joe Flacco,QB,BAL,7,NO,279,2,39,23,0,4,0,1,0,0,0,0,0,0,0,0,0,0,0,0,0,0,,,,,
Joe Mixon,RB,CIN,7,KC,0,0,0,0,0,50,0,13,3,1,0,5,0,0,0,0,0,0,0,0,0,0,,,,,
John Brown,WR,BAL,7,NO,0,0,0,0,0,0,0,0,7,134,1,7,0,0,0,0,0,0,0,0,0,0,,,,,
John Ross,WR,CIN,7,KC,0,0,0,0,0,0,0,0,0,0,0,1,0,0,0,0,0,0,0,0,0,0,,,,,
Jonnu Smith,TE,TEN,7,LAC,0,0,0,0,0,0,0,0,2,11,0,3,0,0,0,0,0,0,0,0,0,0,,,,,
Jordan Howard,RB,CHI,7,NE,0,0,0,0,0,39,1,12,1,9,0,1,0,0,0,0,0,0,0,0,0,0,,,,,
Jordan Leggett,TE,NYJ,7,MIN,0,0,0,0,0,0,0,0,0,0,0,1,0,0,0,0,0,0,0,0,0,0,,,,,
Jordan Reed,TE,WAS,7,DAL,0,0,0,0,0,0,0,0,2,43,0,4,0,0,0,0,0,0,0,0,0,0,,,,,
Jordan Wilkins,RB,IND,7,BUF,0,0,0,0,0,46,0,6,1,8,0,1,0,0,0,0,0,0,0,0,0,0,,,,,
Josh Adams,RB,PHI,7,CAR,0,0,0,0,0,17,0,4,0,0,0,0,0,0,0,0,0,0,0,0,0,0,,,,,
Josh Bellamy,WR,CHI,7,NE,0,0,0,0,0,0,0,0,0,0,0,3,0,0,0,0,0,0,0,0,0,0,,,,,
Josh Doctson,WR,WAS,7,DAL,0,0,0,0,0,0,0,0,3,42,0,6,0,0,0,0,0,0,0,0,0,0,,,,,
Josh Gordon,WR,NE,7,CHI,0,0,0,0,0,0,0,0,4,100,0,7,0,0,0,0,0,0,0,0,0,0,,,,,
Josh Lambo,K,JAX,7,HOU,0,0,0,0,0,0,0,0,0,0,0,0,0,0,0,0,0,0,0,0,0,1,,,,,
Josh Reynolds,WR,LA,7,SF,0,0,0,0,0,0,0,0,1,19,0,1,0,0,0,0,0,0,0,0,0,0,,,,,
Josh Rosen,QB,ARI,7,DEN,194,1,39,21,3,14,0,1,0,0,0,0,0,0,0,0,0,0,0,0,0,0,,,,,
Julian Edelman,WR,NE,7,CHI,0,0,0,0,0,0,0,0,5,36,1,8,0,0,0,0,0,0,0,0,0,0,,,,,
Julio Jones,WR,ATL,7,NYG,0,0,0,0,0,0,0,0,9,104,0,12,0,0,0,0,0,0,0,0,0,0,,,,,
Justin Hardy,WR,ATL,7,NYG,0,0,0,0,0,0,0,0,2,24,0,2,0,0,0,0,0,0,0,0,0,0,,,,,
Justin Jackson,RB,LAC,7,TEN,0,0,0,0,0,3,0,2,1,11,0,1,0,0,0,0,0,0,0,0,0,0,,,,,
Justin Tucker,K,BAL,7,NO,0,0,0,0,0,0,0,0,0,0,0,0,0,0,0,0,0,1,0,0,0,2,,,,,
KC,DEF,KC,7,CIN,,,,,,,,,,,,,,,,,,,,,,,1,0,0,0,10.0
Ka'imi Fairbairn,K,HOU,7,JAX,0,0,0,0,0,0,0,0,0,0,0,0,0,0,0,0,0,0,2,0,0,2,,,,,
Kalen Ballage,RB,MIA,7,DET,0,0,0,0,0,0,0,0,0,0,0,0,0,0,0,0,0,0,0,0,0,0,,,,,
Kapri Bibbs,RB,WAS,7,DAL,0,0,0,0,0,13,0,2,4,43,1,5,0,0,0,0,0,0,0,0,0,0,,,,,
Kareem Hunt,RB,KC,7,CIN,0,0,0,0,0,86,1,15,5,55,2,6,0,0,0,0,0,0,0,0,0,0,,,,,
Keelan Cole,WR,JAX,7,HOU,0,0,0,0,0,0,0,0,2,21,0,7,0,0,0,0,0,0,0,0,0,0,,,,,
Keenan Allen,WR,LAC,7,TEN,0,0,0,0,0,0,0,0,5,72,0,5,0,0,0,0,0,0,0,0,0,0,,,,,
Keke Coutee,WR,HOU,7,JAX,0,0,0,0,0,0,0,0,1,3,0,3,0,0,0,0,0,0,0,0,0,0,,,,,
Kelvin Benjamin,WR,BUF,7,IND,0,0,0,0,0,0,0,0,4,71,0,5,0,0,0,0,0,0,0,0,0,0,,,,,
Kendrick Bourne,WR,SF,7,LA,0,0,0,0,0,0,0,0,0,0,0,1,0,0,0,0,0,0,0,0,0,0,,,,,
Kenjon Barner,RB,NE,7,CHI,0,0,0,0,0,36,0,10,0,0,0,0,0,0,0,0,0,0,0,0,0,0,,,,,
Kenny Golladay,WR,DET,7,MIA,0,0,0,0,0,0,0,0,2,37,0,2,0,0,0,0,0,0,0,0,0,0,,,,,
Kenny Stills,WR,MIA,7,DET,0,0,0,0,0,0,0,0,1,5,1,3,0,0,0,0,0,0,0,0,0,0,,,,,
Kenyan Drake,RB,MIA,7,DET,0,0,0,0,0,72,1,6,4,15,0,8,0,0,0,0,0,0,0,0,0,0,,,,,
Kerryon Johnson,RB,DET,7,MIA,0,0,0,0,0,158,0,19,2,21,0,3,0,0,0,0,0,0,0,0,0,0,,,,,
Kevin White,WR,CHI,7,NE,0,0,0,0,0,0,0,0,2,64,0,2,0,0,0,0,0,0,0,0,0,0,,,,,
Kirk Cousins,QB,MIN,7,NYJ,241,2,40,25,0,-1,0,2,0,0,0,0,0,0,0,0,0,0,0,0,0,0,,,,,
Kyle Juszczyk,RB,SF,7,LA,0,0,0,0,0,-5,0,1,2,18,0,3,0,0,0,0,0,0,0,0,0,0,,,,,
Kyle Rudolph,TE,MIN,7,NYJ,0,0,0,0,0,0,0,0,1,16,0,4,0,0,0,0,0,0,0,0,0,0,,,,,
LA,DEF,LA,7,SF,,,,,,,,,,,,,,,,,,,,,,,0,1,0,0,10.0
LAC,DEF,LAC,7,TEN,,,,,,,,,,,,,,,,,,,,,,,0,0,0,0,19.0
Lamar Jackson,QB,BAL,7,NO,5,0,1,1,0,9,1,3,0,0,0,0,0,0,0,0,0,0,0,0,0,0,,,,,
Lamar Miller,RB,HOU,7,JAX,0,0,0,0,0,100,1,22,1,-1,0,3,0,0,0,0,0,0,0,0,0,0,,,,,
Laquon Treadwell,WR,MIN,7,NYJ,0,0,0,0,0,0,0,0,3,11,0,3,0,0,0,0,0,0,0,0,0,0,,,,,
Larry Fitzgerald,WR,ARI,7,DEN,0,0,0,0,0,0,0,0,4,40,1,8,0,0,0,0,0,0,0,0,0,0,,,,,
Latavius Murray,RB,MIN,7,NYJ,0,0,0,0,0,69,2,15,2,14,0,2,0,0,0,0,0,0,0,0,0,0,,,,,
LeGarrette Blount,RB,DET,7,MIA,0,0,0,0,0,50,1,10,0,0,0,0,0,0,0,0,0,0,0,0,0,0,,,,,
LeSean McCoy,RB,BUF,7,IND,0,0,0,0,0,1,0,2,0,0,0,0,0,0,0,0,0,0,0,0,0,0,,,,,
Luke Stocker,TE,TEN,7,LAC,0,0,0,0,0,0,0,0,2,11,1,2,0,0,0,0,0,0,0,0,0,0,,,,,
Luke Willson,TE,DET,7,MIA,0,0,0,0,0,0,0,0,2,8,0,2,0,0,0,0,0,0,0,0,0,0,,,,,
MIA,DEF,MIA,7,DET,,,,,,,,,,,,,,,,,,,,,,,0,0,0,0,32.0
MIN,DEF,MIN,7,NYJ,,,,,,,,,,,,,,,,,,,,,,,0,0,0,0,17.0
Malcolm Brown,RB,LA,7,SF,0,0,0,0,0,65,0,13,1,6,0,1,0,0,0,0,0,0,0,0,0,0,,,,,
Marcus Mariota,QB,TEN,7,LAC,237,1,32,24,1,38,0,7,0,0,0,0,0,0,0,0,0,0,0,0,0,0,,,,,
Marcus Murphy,RB,BUF,7,IND,0,0,0,0,0,53,0,4,5,17,0,6,0,0,0,0,0,0,0,0,0,0,,,,,
Mark Andrews,TE,BAL,7,NO,0,0,0,0,0,0,0,0,1,8,1,1,0,0,0,0,0,0,0,0,0,0,,,,,
Mark Ingram,RB,NO,7,BAL,0,0,0,0,0,32,0,12,2,10,0,2,0,0,0,0,0,0,0,0,0,0,,,,,
Mark Walton,RB,CIN,7,KC,0,0,0,0,0,10,0,4,0,0,0,0,0,0,0,0,0,0,0,0,0,0,,,,,
Marlon Mack,RB,IND,7,BUF,0,0,0,0,0,126,1,19,2,33,1,3,0,0,1,0,0,0,0,0,0,0,,,,,
Marquise Goodwin,WR,SF,7,LA,0,0,0,0,0,0,0,0,2,24,0,5,0,0,0,0,0,0,0,0,0,0,,,,,
Marvin Hall,WR,ATL,7,NYG,0,0,0,0,0,0,0,0,3,63,1,3,0,0,0,0,0,0,0,0,0,0,,,,,
Marvin Jones,WR,DET,7,MIA,0,0,0,0,0,0,0,0,3,29,0,4,0,0,0,0,0,0,0,0,0,0,,,,,
Matt Breida,RB,SF,7,LA,0,0,0,0,0,15,0,5,0,0,0,0,0,0,0,0,0,0,0,0,0,0,,,,,
Matt LaCosse,TE,DEN,7,ARI,0,0,0,0,0,0,0,0,1,12,0,1,0,0,0,0,0,0,0,0,0,0,,,,,
Matt Lengel,TE,CIN,7,KC,0,0,0,0,0,0,0,0,0,0,0,1,0,0,0,0,0,0,0,0,0,0,,,,,
Matt Prater,K,DET,7,MIA,0,0,0,0,0,0,0,0,0,0,0,0,0,0,0,0,2,1,0,1,0,2,,,,,
Matt Ryan,QB,ATL,7,NYG,379,1,39,31,0,1,0,2,0,0,0,0,0,0,0,0,0,0,0,0,0,0,,,,,
Matthew Slater,WR,NE,7,CHI,0,0,0,0,0,0,0,0,0,0,0,0,0,0,0,0,0,0,0,0,0,0,,,,,
Matthew Stafford,QB,DET,7,MIA,217,2,22,18,0,9,0,4,0,0,0,0,0,0,0,0,0,0,0,0,0,0,,,,,
Maurice Harris,WR,WAS,7,DAL,0,0,0,0,0,0,0,0,3,22,0,3,0,0,0,0,0,0,0,0,0,0,,,,,
Maxx Williams,TE,BAL,7,NO,0,0,0,0,0,1,0,1,0,0,0,0,0,0,0,0,0,0,0,0,0,0,,,,,
Michael Crabtree,WR,BAL,7,NO,0,0,0,0,0,0,0,0,5,66,0,9,0,0,0,0,0,0,0,0,0,0,,,,,
Michael Floyd,WR,WAS,7,DAL,0,0,0,0,0,0,0,0,1,20,0,3,0,0,0,0,0,0,0,0,0,0,,,,,
Michael Gallup,WR,DAL,7,WAS,0,0,0,0,0,0,0,0,3,81,1,5,0,0,0,0,0,0,0,0,0,0,,,,,
Michael Roberts,TE,DET,7,MIA,0,0,0,0,0,0,0,0,3,48,2,3,0,0,0,0,0,0,0,0,0,0,,,,,
Michael Thomas,WR,NO,7,BAL,0,0,0,0,0,0,0,0,7,69,1,9,0,0,0,0,0,0,0,0,0,0,,,,,
Mike Badgley,K,LAC,7,TEN,0,0,0,0,0,0,0,0,0,0,0,0,0,0,0,0,2,0,0,0,0,2,,,,,
Mike Boone,RB,MIN,7,NYJ,0,0,0,0,0,4,0,4,0,0,0,1,0,0,0,0,0,0,0,0,0,0,,,,,
Mike Evans,WR,TB,7,CLE,0,0,0,0,0,0,0,0,7,107,0,11,0,0,0,0,0,0,0,0,0,0,,,,,
Mike Gesicki,TE,MIA,7,DET,0,0,0,0,0,0,0,0,3,44,0,3,0,0,0,0,0,0,0,0,0,0,,,,,
Mike Williams,WR,LAC,7,TEN,0,0,0,0,0,3,0,1,1,55,1,3,0,0,0,0,0,0,0,0,0,0,,,,,
Mitchell Trubisky,QB,CHI,7,NE,333,2,50,26,2,81,1,6,0,0,0,0,0,0,0,0,0,0,0,0,0,0,,,,,
Mo Alie-Cox,TE,IND,7,BUF,0,0,0,0,0,0,0,0,1,7,0,1,0,0,0,0,0,0,0,0,0,0,,,,,
Mohamed Sanu,WR,ATL,7,NYG,0,0,0,0,0,0,0,0,2,21,0,2,0,0,0,0,0,0,0,0,0,0,,,,,
NE,DEF,NE,7,CHI,,,,,,,,,,,,,,,,,,,,,,,0,0,0,0,31.0
NO,DEF,NO,7,BAL,,,,,,,,,,,,,,,,,,,,,,,0,0,0,0,23.0
NYG,DEF,NYG,7,ATL,,,,,,,,,,,,,,,,,,,,,,,0,0,0,0,23.0
NYJ,DEF,NYJ,7,MIN,,,,,,,,,,,,,,,,,,,,,,,0,0,0,0,37.0
Neal Sterling,TE,NYJ,7,MIN,0,0,0,0,0,0,0,0,0,0,0,2,0,0,0,0,0,0,0,0,0,0,,,,,
Nelson Agholor,WR,PHI,7,CAR,0,0,0,0,0,0,0,0,6,20,0,7,0,0,0,0,0,0,0,0,0,0,,,,,
Nick Boyle,TE,BAL,7,NO,0,0,0,0,0,0,0,0,1,8,0,2,0,0,0,0,0,0,0,0,0,0,,,,,
Nick Chubb,RB,CLE,7,TB,0,0,0,0,0,80,1,18,0,0,0,2,0,0,0,0,0,0,0,0,0,0,,,,,
Nick O'Leary,TE,MIA,7,DET,0,0,0,0,0,0,0,0,2,23,0,3,0,0,0,0,0,0,0,0,0,0,,,,,
Nick Williams,WR,LA,7,SF,0,0,0,0,0,0,0,0,2,17,0,2,0,0,0,0,0,0,0,0,0,0,,,,,
Nyheim Hines,RB,IND,7,BUF,0,0,0,0,0,47,0,5,1,-5,0,2,0,0,0,0,0,0,0,0,0,0,,,,,
O.J. Howard,TE,TB,7,CLE,0,0,0,0,0,0,0,0,5,67,0,9,0,0,0,0,0,0,0,0,0,0,,,,,
Odell Beckham Jr.,WR,NYG,7,ATL,0,0,0,0,0,-1,0,1,8,143,1,11,0,0,0,0,0,0,0,0,0,0,,,,,
Orson Charles,TE,CLE,7,TB,0,0,0,0,0,0,0,0,0,0,0,0,0,0,0,0,0,0,0,0,0,0,,,,,
PHI,DEF,PHI,7,CAR,,,,,,,,,,,,,,,,,,,,,,,0,0,0,0,21.0
Patrick Mahomes,QB,KC,7,CIN,358,4,39,28,1,45,0,4,0,0,0,0,0,0,0,0,0,0,0,0,0,0,,,,,
Peyton Barber,RB,TB,7,CLE,0,0,0,0,0,30,0,11,0,0,0,2,0,0,0,0,0,0,0,0,0,0,,,,,
Phil Dawson,K,ARI,7,DEN,0,0,0,0,0,0,0,0,0,0,0,0,0,0,0,0,0,0,1,0,0,1,,,,,
Philip Rivers,QB,LAC,7,TEN,306,2,26,19,0,-1,0,1,0,0,0,0,0,0,0,0,0,0,0,0,0,0,,,,,
Phillip Dorsett,WR,NE,7,CHI,0,0,0,0,0,0,0,0,1,8,0,1,0,0,0,0,0,0,0,0,0,0,,,,,
Phillip Lindsay,RB,DEN,7,ARI,0,0,0,0,0,90,1,14,1,6,0,1,0,0,0,0,0,0,0,0,0,0,,,,,
Pierre Garcon,WR,SF,7,LA,0,0,0,0,0,0,0,0,1,5,0,1,0,0,0,0,0,0,0,0,0,0,,,,,
Quadree Henderson,WR,NYG,7,ATL,0,0,0,0,0,0,0,0,0,0,0,0,0,0,0,0,0,0,0,0,0,0,,,,,
Raheem Mostert,RB,SF,7,LA,0,0,0,0,0,59,0,7,4,19,0,4,0,0,0,0,0,0,0,0,0,0,,,,,
Randy Bullock,K,CIN,7,KC,0,0,0,0,0,0,0,0,0,0,0,0,0,0,0,0,0,1,0,0,0,1,,,,,
Rashad Greene,WR,JAX,7,HOU,0,0,0,0,0,0,0,0,1,8,0,1,0,0,0,0,0,0,0,0,0,0,,,,,
Rhett Ellison,TE,NYG,7,ATL,0,0,0,0,0,0,0,0,2,11,0,2,0,0,0,0,0,0,0,0,0,0,,,,,
Richie James,WR,SF,7,LA,0,0,0,0,0,0,0,0,0,0,0,0,0,0,0,0,0,0,0,0,0,0,,,,,
Ricky Ortiz,RB,ATL,7,NYG,0,0,0,0,0,0,0,0,2,7,0,2,0,0,0,0,0,0,0,0,0,0,,,,,
Ricky Seals-Jones,TE,ARI,7,DEN,0,0,0,0,0,0,0,0,2,12,0,4,0,0,0,0,0,0,0,0,0,0,,,,,
Rico Gathers,TE,DAL,7,WAS,0,0,0,0,0,0,0,0,0,0,0,1,0,0,0,0,0,0,0,0,0,0,,,,,
Robbie Chosen,WR,NYJ,7,MIN,0,0,0,0,0,0,0,0,3,44,0,10,0,0,0,0,0,0,0,0,0,0,,,,,
Robbie Gould,K,SF,7,LA,0,0,0,0,0,0,0,0,0,0,0,0,0,0,0,0,0,0,0,1,0,1,,,,,
Robert Woods,WR,LA,7,SF,0,0,0,0,0,6,0,1,5,78,0,7,0,0,0,0,0,0,0,0,0,0,,,,,
Roc Thomas,RB,MIN,7,NYJ,0,0,0,0,0,23,0,1,0,0,0,0,0,0,0,0,0,0,0,0,0,0,,,,,
Ronald Jones,RB,TB,7,CLE,0,0,0,0,0,13,1,6,1,15,0,1,0,0,0,0,0,0,0,0,0,0,,,,,
Royce Freeman,RB,DEN,7,ARI,0,0,0,0,0,37,1,13,0,0,0,0,0,0,0,0,0,0,0,0,0,0,,,,,
Russell Gage,WR,ATL,7,NYG,0,0,0,0,0,0,0,0,0,0,0,0,0,0,0,0,0,0,0,0,0,0,,,,,
Ryan Succop,K,TEN,7,LAC,0,0,0,0,0,0,0,0,0,0,0,0,0,0,0,0,1,1,0,0,0,1,,,,,
SF,DEF,SF,7,LA,,,,,,,,,,,,,,,,,,,,,,,0,0,0,0,39.0
Sam Darnold,QB,NYJ,7,MIN,206,1,42,17,3,18,1,6,0,0,0,0,0,0,0,0,0,0,0,0,0,0,,,,,
Samaje Perine,RB,WAS,7,DAL,0,0,0,0,0,2,0,2,0,0,0,0,0,0,0,0,0,0,0,0,0,0,,,,,
Sammy Watkins,WR,KC,7,CIN,0,0,0,0,0,0,0,0,4,74,0,7,0,0,0,0,0,0,0,0,0,0,,,,,
Saquon Barkley,RB,NYG,7,ATL,0,0,0,0,0,43,1,14,9,51,0,10,0,0,1,0,0,0,0,0,0,0,,,,,
Scott Simonson,TE,NYG,7,ATL,0,0,0,0,0,0,0,0,0,0,0,1,0,0,0,0,0,0,0,0,0,0,,,,,
Sean Mannion,QB,LA,7,SF,0,0,0,0,0,1,0,3,0,0,0,0,0,0,0,0,0,0,0,0,0,0,,,,,
Shelton Gibson,WR,PHI,7,CAR,0,0,0,0,0,0,0,0,0,0,0,0,0,0,0,0,0,0,0,0,0,0,,,,,
Sony Michel,RB,NE,7,CHI,0,0,0,0,0,22,0,4,1,13,0,1,0,0,0,0,0,0,0,0,0,0,,,,,
Spencer Ware,RB,KC,7,CIN,0,0,0,0,0,59,0,8,3,30,0,3,0,0,0,0,0,0,0,0,0,0,,,,,
Stefon Diggs,WR,MIN,7,NYJ,0,0,0,0,0,-7,0,2,8,33,0,15,0,0,0,0,0,0,0,0,0,0,,,,,
Stephen Gostkowski,K,NE,7,CHI,0,0,0,0,0,0,0,0,0,0,0,0,0,0,0,0,1,0,0,0,0,5,,,,,
Sterling Shepard,WR,NYG,7,ATL,0,0,0,0,0,0,0,0,5,167,0,8,0,0,0,0,0,0,0,0,0,0,,,,,
Steven Hauschka,K,BUF,7,IND,0,0,0,0,0,0,0,0,0,0,0,0,0,0,0,0,0,1,0,0,0,0,,,,,
T.J. Jones,WR,DET,7,MIA,0,0,0,0,0,0,0,0,1,26,0,1,0,0,0,0,0,0,0,0,0,0,,,,,
T.J. Yeldon,RB,JAX,7,HOU,0,0,0,0,0,28,0,12,5,40,1,7,0,0,0,0,0,0,0,0,0,0,,,,,
T.Y. Hilton,WR,IND,7,BUF,0,0,0,0,0,0,0,0,4,25,2,4,0,0,0,0,0,0,0,0,0,0,,,,,
TB,DEF,TB,7,CLE,,,,,,,,,,,,,,,,,,,,,,,0,0,0,0,23.0
TEN,DEF,TEN,7,LAC,,,,,,,,,,,,,,,,,,,,,,,0,0,0,0,20.0
Tajae Sharpe,WR,TEN,7,LAC,0,0,0,0,0,0,0,0,7,101,0,9,0,0,0,0,0,0,0,0,0,0,,,,,
Tarik Cohen,RB,CHI,7,NE,0,0,0,0,0,14,0,6,8,69,1,13,0,0,0,0,0,0,0,0,0,0,,,,,
Taylor Gabriel,WR,CHI,7,NE,0,0,0,0,0,0,0,1,3,26,0,4,0,0,0,0,0,0,0,0,0,0,,,,,
Taysom Hill,TE,NO,7,BAL,0,0,0,0,0,35,0,6,0,0,0,0,0,0,0,0,0,0,0,0,0,0,,,,,
Taywan Taylor,WR,TEN,7,LAC,0,0,0,0,0,0,0,0,1,8,0,2,0,0,0,0,0,0,0,0,0,0,,,,,
Tevin Coleman,RB,ATL,7,NYG,0,0,0,0,0,50,1,11,2,32,0,2,0,0,0,0,0,0,0,0,0,0,,,,,
Tim Patrick,WR,DEN,7,ARI,0,0,0,0,0,0,0,0,0,0,0,0,0,0,0,0,0,0,0,0,0,0,,,,,
Todd Gurley,RB,LA,7,SF,0,0,0,0,0,63,2,15,4,23,1,5,0,0,0,0,0,0,0,0,0,0,,,,,
Tom Brady,QB,NE,7,CHI,277,3,36,25,1,6,0,1,0,0,0,0,0,0,0,0,0,0,0,0,0,0,,,,,
Torrey Smith,WR,CAR,7,PHI,0,0,0,0,0,0,0,0,4,61,0,6,0,0,0,0,0,0,0,0,0,0,,,,,
Travis Benjamin,WR,LAC,7,TEN,0,0,0,0,0,0,0,0,1,13,0,1,0,0,0,0,0,0,0,0,0,0,,,,,
Travis Kelce,TE,KC,7,CIN,0,0,0,0,0,0,0,0,5,95,0,5,0,0,0,0,0,0,0,0,0,0,,,,,
Tre'Quan Smith,WR,NO,7,BAL,0,0,0,0,0,0,0,0,3,44,0,6,0,0,0,0,0,0,0,0,0,0,,,,,
Trent Sherfield,WR,ARI,7,DEN,0,0,0,0,0,0,0,0,0,0,0,0,0,0,0,0,0,0,0,0,0,0,,,,,
Trent Taylor,WR,SF,7,LA,0,0,0,0,0,0,0,0,1,6,0,3,0,0,0,0,0,0,0,0,0,0,,,,,
Trenton Cannon,RB,NYJ,7,MIN,0,0,0,0,0,4,0,2,4,69,0,5,0,0,0,0,0,0,0,0,0,0,,,,,
Trey Burton,TE,CHI,7,NE,0,0,0,0,0,0,0,0,9,126,1,11,0,0,0,0,0,0,0,0,0,0,,,,,
Tyler Boyd,WR,CIN,7,KC,0,0,0,0,0,0,0,0,3,27,0,4,0,0,0,0,0,0,0,0,0,0,,,,,
Tyler Ervin,RB,HOU,7,JAX,0,0,0,0,0,0,0,0,1,19,0,1,0,0,0,0,0,0,0,0,0,0,,,,,
Tyler Higbee,TE,LA,7,SF,0,0,0,0,0,0,0,0,0,0,0,1,0,0,0,0,0,0,0,0,0,0,,,,,
Tyreek Hill,WR,KC,7,CIN,0,0,0,0,0,8,0,2,7,68,1,10,0,0,0,0,0,0,0,0,0,0,,,,,
Tyrell Williams,WR,LAC,7,TEN,0,0,0,0,0,0,0,0,4,118,1,4,0,0,0,0,0,0,0,0,0,0,,,,,
Virgil Green,TE,LAC,7,TEN,0,0,0,0,0,0,0,0,0,0,0,1,0,0,0,0,0,0,0,0,0,0,,,,,
WAS,DEF,WAS,7,DAL,,,,,,,,,,,,,,,,,,,,,,,0,0,0,0,17.0
Wendell Smallwood,RB,PHI,7,CAR,0,0,0,0,0,32,0,9,2,5,0,2,0,0,0,0,0,0,0,0,0,0,,,,,
Wil Lutz,K,NO,7,BAL,0,0,0,0,0,0,0,0,0,0,0,0,0,0,0,0,0,1,0,0,0,3,,,,,
Will Fuller,WR,HOU,7,JAX,0,0,0,0,0,0,0,0,6,68,0,8,0,0,0,0,0,0,0,0,0,0,,,,,
Willie Snead,WR,BAL,7,NO,0,0,0,0,0,13,0,1,3,23,0,7,0,0,0,0,0,0,0,0,0,0,,,,,
Zach Ertz,TE,PHI,7,CAR,0,0,0,0,0,0,0,0,9,138,0,11,0,0,0,0,0,0,0,0,0,0,,,,,
Zach Pascal,WR,IND,7,BUF,0,0,0,0,0,0,0,0,0,0,0,0,0,0,0,0,0,0,0,0,0,0,,,,,
Zay Jones,WR,BUF,7,IND,0,0,0,0,0,0,0,0,3,27,0,5,0,0,0,0,0,0,0,0,0,0,,,,,
A.J. Green,WR,CIN,8,TB,0,0,0,0,0,0,0,0,5,76,1,7,0,0,0,0,0,0,0,0,0,0,,,,,
ARI,DEF,ARI,8,SF,,,,,,,,,,,,,,,,,,,,,,,0,0,0,0,15.0
Aaron Jones,RB,GB,8,LA,0,0,0,0,0,86,1,12,2,0,0,2,0,0,0,0,0,0,0,0,0,0,,,,,
Aaron Rodgers,QB,GB,8,LA,286,1,30,18,0,5,0,1,0,0,0,0,0,0,0,0,0,0,0,0,0,0,,,,,
Adam Humphries,WR,TB,8,CIN,0,0,0,0,0,0,0,0,7,76,0,10,0,0,0,0,0,0,0,0,0,0,,,,,
Adam Thielen,WR,MIN,8,NO,0,0,0,0,0,15,0,1,7,103,1,7,0,0,0,0,0,0,0,0,0,0,,,,,
Adam Vinatieri,K,IND,8,LV,0,0,0,0,0,0,0,0,0,0,0,0,0,0,0,0,2,0,0,0,0,4,,,,,
Adrian Peterson,RB,WAS,8,NYG,0,0,0,0,0,149,1,26,1,7,1,1,0,0,0,0,0,0,0,0,0,0,,,,,
Aldrick Robinson,WR,MIN,8,NO,0,0,0,0,0,0,0,0,1,19,0,2,0,0,0,0,0,0,0,0,0,0,,,,,
Aldrick Rosas,K,NYG,8,WAS,0,0,0,0,0,0,0,0,0,0,0,0,0,0,0,0,1,1,0,0,0,1,,,,,
Alex Collins,RB,BAL,8,CAR,0,0,0,0,0,49,1,11,2,14,0,2,0,0,0,0,0,0,0,0,0,0,,,,,
Alex Erickson,WR,CIN,8,TB,0,0,0,0,0,0,0,0,1,5,0,4,0,0,0,0,0,0,0,0,0,0,,,,,
Alex Smith,QB,WAS,8,NYG,178,1,32,20,0,13,0,3,0,0,0,0,0,0,0,0,0,0,0,0,0,0,,,,,
Alfred Blue,RB,HOU,8,MIA,0,0,0,0,0,42,0,15,0,0,0,0,0,0,0,0,0,0,0,0,0,0,,,,,
Alfred Morris,RB,SF,8,ARI,0,0,0,0,0,28,0,6,0,0,0,0,0,0,0,0,0,0,0,0,0,0,,,,,
Alshon Jeffery,WR,PHI,8,JAX,0,0,0,0,0,0,0,0,4,35,0,5,0,0,0,0,0,0,0,0,0,0,,,,,
Alvin Kamara,RB,NO,8,MIN,0,0,0,0,0,45,1,13,7,31,1,8,0,0,0,0,0,0,0,0,0,0,,,,,
Ameer Abdullah,RB,DET,8,SEA,0,0,0,0,0,0,0,0,1,6,0,1,0,0,0,0,0,0,0,0,0,0,,,,,
Andre Holmes,WR,BUF,8,NE,0,0,0,0,0,0,0,0,2,45,0,3,0,0,0,0,0,0,0,0,0,0,,,,,
Andre Roberts,WR,NYJ,8,CHI,0,0,0,0,0,0,0,0,0,0,0,1,0,0,0,0,0,0,0,0,0,0,,,,,
Andrew Luck,QB,IND,8,LV,239,3,31,22,0,-2,0,2,0,0,0,0,0,0,1,0,0,0,0,0,0,0,,,,,
Andy Dalton,QB,CIN,8,TB,280,2,34,21,0,10,0,3,0,0,0,0,0,0,0,0,0,0,0,0,0,0,,,,,
Anthony Miller,WR,CHI,8,NYJ,0,0,0,0,0,7,0,1,3,37,1,7,0,0,0,0,0,0,0,0,0,0,,,,,
Antonio Brown,WR,PIT,8,CLE,0,0,0,0,0,0,0,0,6,74,2,8,0,0,0,0,0,0,0,0,0,0,,,,,
Antonio Callaway,WR,CLE,8,PIT,0,0,0,0,0,0,0,0,5,36,1,6,0,0,0,0,0,0,0,0,0,0,,,,,
Austin Carr,WR,NO,8,MIN,0,0,0,0,0,0,0,0,0,0,0,1,0,0,0,0,0,0,0,0,0,0,,,,,
BAL,DEF,BAL,8,CAR,,,,,,,,,,,,,,,,,,,,,,,0,0,0,0,36.0
BUF,DEF,BUF,8,NE,,,,,,,,,,,,,,,,,,,,,,,0,0,0,0,25.0
Baker Mayfield,QB,CLE,8,PIT,180,2,36,22,1,9,0,1,0,0,0,0,0,0,0,0,0,0,0,0,0,0,,,,,
Ben Braunecker,TE,CHI,8,NYJ,0,0,0,0,0,0,0,0,0,0,0,0,0,0,0,0,0,0,0,0,0,0,,,,,
Ben Roethlisberger,QB,PIT,8,CLE,257,2,36,24,1,6,0,2,0,0,0,0,0,0,0,0,0,0,0,0,0,0,,,,,
Bennie Fowler,WR,NYG,8,WAS,0,0,0,0,0,0,0,0,4,48,0,7,0,0,0,0,0,0,0,0,0,0,,,,,
Benny Cunningham,RB,CHI,8,NYJ,0,0,0,0,0,0,0,0,0,0,0,0,0,0,0,0,0,0,0,0,0,0,,,,,
Blake Bell,TE,JAX,8,PHI,0,0,0,0,0,0,0,0,1,13,0,2,0,0,0,0,0,0,0,0,0,0,,,,,
Blake Bortles,QB,JAX,8,PHI,286,1,41,24,0,43,0,8,0,0,0,0,0,0,0,0,0,0,0,0,0,0,,,,,
Brandin Cooks,WR,LA,8,GB,0,0,0,0,0,9,0,2,3,74,0,8,0,0,0,0,0,0,0,0,0,0,,,,,
Brandon LaFell,WR,LV,8,IND,0,0,0,0,0,0,0,0,3,39,1,4,0,0,0,0,0,0,0,0,0,0,,,,,
Brandon McManus,K,DEN,8,KC,0,0,0,0,0,0,0,0,0,0,0,0,0,0,0,0,0,1,0,0,0,2,,,,,
Brandon Powell,WR,DET,8,SEA,0,0,0,0,0,0,0,0,0,0,0,0,0,0,0,0,0,0,0,0,0,0,,,,,
Brandon Weeden,QB,HOU,8,MIA,0,0,0,0,0,-1,0,1,0,0,0,0,0,0,0,0,0,0,0,0,0,0,,,,,
Breshad Perriman,WR,CLE,8,PIT,0,0,0,0,0,0,0,0,0,0,0,1,0,0,0,0,0,0,0,0,0,0,,,,,
Brian Hoyer,QB,NE,8,BUF,0,0,0,0,0,-2,0,2,0,0,0,0,0,0,0,0,0,0,0,0,0,0,,,,,
Brock Osweiler,QB,MIA,8,HOU,241,0,37,21,1,0,0,0,0,0,0,0,0,0,0,0,0,0,0,0,0,0,,,,,
Buddy Howell,RB,HOU,8,MIA,0,0,0,0,0,0,0,0,0,0,0,0,0,0,0,0,0,0,0,0,0,0,,,,,
C.J. Anderson,RB,CAR,8,BAL,0,0,0,0,0,20,0,5,0,0,0,0,0,0,0,0,0,0,0,0,0,0,,,,,
C.J. Beathard,QB,SF,8,ARI,190,1,28,14,0,9,0,5,0,0,0,0,0,0,0,0,0,0,0,0,0,0,,,,,
C.J. Uzomah,TE,CIN,8,TB,0,0,0,0,0,0,0,0,0,0,0,4,0,0,0,0,0,0,0,0,0,0,,,,,
CAR,DEF,CAR,8,BAL,,,,,,,,,,,,,,,,,,,,,,,0,0,0,0,21.0
CHI,DEF,CHI,8,NYJ,,,,,,,,,,,,,,,,,,,,,,,0,0,0,0,10.0
CIN,DEF,CIN,8,TB,,,,,,,,,,,,,,,,,,,,,,,1,0,0,0,34.0
CLE,DEF,CLE,8,PIT,,,,,,,,,,,,,,,,,,,,,,,0,0,0,0,33.0
Cam Newton,QB,CAR,8,BAL,219,2,29,21,0,52,1,10,0,0,0,0,0,0,0,0,0,0,0,0,0,0,,,,,
Cam Phillips,WR,BUF,8,NE,0,0,0,0,0,0,0,0,1,9,0,1,0,0,0,0,0,0,0,0,0,0,,,,,
Cameron Brate,TE,TB,8,CIN,0,0,0,0,0,0,0,0,1,13,0,2,0,0,0,0,0,0,0,0,0,0,,,,,
Carlos Hyde,RB,JAX,8,PHI,0,0,0,0,0,11,0,6,0,0,0,2,0,0,0,0,0,0,0,0,0,0,,,,,
Carson Wentz,QB,PHI,8,JAX,286,3,30,21,1,28,0,6,1,4,0,1,0,0,0,0,0,0,0,0,0,0,,,,,
Case Keenum,QB,DEN,8,KC,262,2,34,23,1,9,0,1,0,0,0,0,0,0,0,0,0,0,0,0,0,0,,,,,
Chad Williams,WR,ARI,8,SF,0,0,0,0,0,0,0,0,2,21,0,2,0,0,0,0,0,0,0,0,0,0,,,,,
Chandler Catanzaro,K,TB,8,CIN,0,0,0,0,0,0,0,0,0,0,0,0,0,0,0,0,1,1,0,0,0,2,,,,,
Charles Clay,TE,BUF,8,NE,0,0,0,0,0,0,0,0,3,36,0,6,0,0,0,0,0,0,0,0,0,0,,,,,
Charone Peake,WR,NYJ,8,CHI,0,0,0,0,0,0,0,0,1,14,0,1,0,0,0,0,0,0,0,0,0,0,,,,,
Chase Edmonds,RB,ARI,8,SF,0,0,0,0,0,9,0,2,1,12,0,2,0,0,0,0,0,0,0,0,0,0,,,,,
Chester Rogers,WR,IND,8,LV,0,0,0,0,0,0,0,0,0,0,0,1,0,0,1,0,0,0,0,0,0,0,,,,,
Chris Boswell,K,PIT,8,CLE,0,0,0,0,0,0,0,0,0,0,0,0,0,0,0,0,0,0,1,0,0,4,,,,,
Chris Carson,RB,SEA,8,DET,0,0,0,0,0,105,1,25,2,19,0,2,0,0,0,0,0,0,0,0,0,0,,,,,
Chris Conley,WR,KC,8,DEN,0,0,0,0,0,0,0,0,0,0,0,0,0,0,0,0,0,0,0,0,0,0,,,,,
Chris Godwin Jr.,WR,TB,8,CIN,0,0,0,0,0,0,0,0,2,32,0,7,0,0,1,0,0,0,0,0,0,0,,,,,
Chris Herndon,TE,NYJ,8,CHI,0,0,0,0,0,0,0,0,1,16,1,2,0,0,0,0,0,0,0,0,0,0,,,,,
Chris Hogan,WR,NE,8,BUF,0,0,0,0,0,0,0,0,2,49,0,2,0,0,0,0,0,0,0,0,0,0,,,,,
Chris Ivory,RB,BUF,8,NE,0,0,0,0,0,34,0,6,1,11,0,2,0,0,0,0,0,0,0,0,0,0,,,,,
Chris Moore,WR,BAL,8,CAR,0,0,0,0,0,0,0,0,2,19,0,2,0,0,0,0,0,0,0,0,0,0,,,,,
Chris Thompson,RB,WAS,8,NYG,0,0,0,0,0,13,0,3,2,9,0,3,0,0,0,0,0,0,0,0,0,0,,,,,
Christian Kirk,WR,ARI,8,SF,0,0,0,0,0,0,0,0,3,42,1,7,0,0,0,0,0,0,0,0,0,0,,,,,
Christian McCaffrey,RB,CAR,8,BAL,0,0,0,0,0,45,1,14,4,11,1,6,0,0,0,0,0,0,0,0,0,0,,,,,
Cody Parkey,K,CHI,8,NYJ,0,0,0,0,0,0,0,0,0,0,0,0,0,0,0,0,0,1,0,0,0,3,,,,,
Cordarrelle Patterson,RB,NE,8,BUF,0,0,0,0,0,38,0,10,0,0,0,0,0,0,0,0,0,0,0,0,0,0,,,,,
Corey Clement,RB,PHI,8,JAX,0,0,0,0,0,6,0,4,1,-1,0,1,0,0,0,0,0,0,0,0,0,0,,,,,
Courtland Sutton,WR,DEN,8,KC,0,0,0,0,0,0,0,0,3,78,0,4,0,0,0,0,0,0,0,0,0,0,,,,,
Curtis Samuel,WR,CAR,8,BAL,0,0,0,0,0,0,0,0,3,28,0,3,0,0,0,0,0,0,0,0,0,0,,,,,
DEN,DEF,DEN,8,KC,,,,,,,,,,,,,,,,,,,,,,,0,0,0,0,30.0
DET,DEF,DET,8,SEA,,,,,,,,,,,,,,,,,,,,,,,0,0,0,0,28.0
DJ Chark,WR,JAX,8,PHI,0,0,0,0,0,0,0,0,4,41,0,5,0,0,0,0,0,0,0,0,0,0,,,,,
DJ Moore,WR,CAR,8,BAL,0,0,0,0,0,39,0,2,5,90,0,6,0,0,0,0,0,0,0,0,0,0,,,,,
Dallas Goedert,TE,PHI,8,JAX,0,0,0,0,0,0,0,0,1,32,1,1,0,0,0,0,0,0,0,0,0,0,,,,,
Damiere Byrd,WR,CAR,8,BAL,0,0,0,0,0,0,0,0,0,0,0,1,0,0,0,0,0,0,0,0,0,0,,,,,
Damion Ratley,WR,CLE,8,PIT,0,0,0,0,0,0,0,0,1,21,0,4,0,0,0,0,0,0,0,0,0,0,,,,,
Dan Bailey,K,MIN,8,NO,0,0,0,0,0,0,0,0,0,0,0,0,0,0,0,0,0,0,0,0,0,2,,,,,
Daniel Carlson,K,LV,8,IND,0,0,0,0,0,0,0,0,0,0,0,0,0,0,0,0,0,0,0,0,0,4,,,,,
Danny Amendola,WR,MIA,8,HOU,28,1,1,1,0,0,0,0,5,43,0,6,0,0,0,0,0,0,0,0,0,0,,,,,
Dante Pettis,WR,SF,8,ARI,0,0,0,0,0,0,0,0,0,0,0,1,0,0,0,0,0,0,0,0,0,0,,,,,
Darren Fells,TE,CLE,8,PIT,0,0,0,0,0,0,0,0,1,6,0,1,0,0,0,0,0,0,0,0,0,0,,,,,
Davante Adams,WR,GB,8,LA,0,0,0,0,0,0,0,0,5,133,0,7,0,0,0,0,0,0,0,0,0,0,,,,,
David Grinnage,TE,JAX,8,PHI,0,0,0,0,0,0,0,0,3,37,0,5,0,0,0,0,0,0,0,0,0,0,,,,,
David Johnson,RB,ARI,8,SF,0,0,0,0,0,59,0,16,4,41,0,4,0,0,0,0,0,0,0,0,0,0,,,,,
David Moore,WR,SEA,8,DET,0,0,0,0,0,0,0,0,4,97,1,4,0,0,0,0,0,0,0,0,0,0,,,,,
David Morgan,TE,MIN,8,NO,0,0,0,0,0,0,0,0,0,0,0,1,0,0,0,0,0,0,0,0,0,0,,,,,
DeAndre Carter,WR,PHI,8,JAX,0,0,0,0,0,0,0,0,0,0,0,0,0,0,0,0,0,0,0,0,0,0,,,,,
DeAndre Hopkins,WR,HOU,8,MIA,0,0,0,0,0,0,0,0,6,82,2,7,0,0,0,0,0,0,0,0,0,0,,,,,
DeAndre Washington,RB,LV,8,IND,0,0,0,0,0,4,0,1,0,0,0,0,0,0,0,0,0,0,0,0,0,0,,,,,
DeSean Jackson,WR,TB,8,CIN,0,0,0,0,0,4,0,1,3,68,1,8,0,0,0,0,0,0,0,0,0,0,,,,,
DeVante Parker,WR,MIA,8,HOU,0,0,0,0,0,0,0,0,6,134,0,9,0,0,0,0,0,0,0,0,0,0,,,,,
Dede Westbrook,WR,JAX,8,PHI,0,0,0,0,0,9,0,1,2,31,1,6,0,0,0,0,0,0,0,0,0,0,,,,,
Demarcus Robinson,WR,KC,8,DEN,0,0,0,0,0,0,0,0,1,1,0,1,0,0,0,0,0,0,0,0,0,0,,,,,
Demaryius Thomas,WR,DEN,8,KC,0,0,0,0,0,0,0,0,3,30,0,7,0,0,0,0,0,0,0,0,0,0,,,,,
Demetrius Harris,TE,KC,8,DEN,0,0,0,0,0,0,0,0,0,0,0,0,0,0,0,0,0,0,0,0,0,0,,,,,
Deontay Burnett,WR,NYJ,8,CHI,0,0,0,0,0,0,0,0,4,61,0,4,0,0,0,0,0,0,0,0,0,0,,,,,
Derek Anderson,QB,BUF,8,NE,290,0,39,22,1,-1,0,1,0,0,0,0,0,0,0,0,0,0,0,0,0,0,,,,,
Derek Carr,QB,LV,8,IND,244,3,28,21,0,0,1,2,0,0,0,0,0,0,0,0,0,0,0,0,0,0,,,,,
Deshaun Watson,QB,HOU,8,MIA,239,5,20,16,0,14,0,1,0,0,0,0,0,0,0,0,0,0,0,0,0,0,,,,,
Devin Funchess,WR,CAR,8,BAL,0,0,0,0,0,0,0,0,3,27,0,3,0,0,0,0,0,0,0,0,0,0,,,,,
Devontae Booker,RB,DEN,8,KC,0,0,0,0,0,78,0,9,4,23,0,4,0,0,0,0,0,0,0,0,0,0,,,,,
Donte Moncrief,WR,JAX,8,PHI,0,0,0,0,0,0,0,0,4,54,0,7,0,0,0,0,0,0,0,0,0,0,,,,,
Dontrell Hilliard,RB,CLE,8,PIT,0,0,0,0,0,0,0,0,1,24,0,1,0,0,0,0,0,0,0,0,0,0,,,,,
Dontrelle Inman,WR,IND,8,LV,0,0,0,0,0,0,0,0,6,52,0,7,0,0,0,0,0,0,0,0,0,0,,,,,
Doug Baldwin,WR,SEA,8,DET,0,0,0,0,0,0,0,0,2,26,0,3,0,0,0,0,0,0,0,0,0,0,,,,,
Doug Martin,RB,LV,8,IND,0,0,0,0,0,72,0,13,2,17,0,2,0,0,0,0,0,0,0,0,0,0,,,,,
Drew Brees,QB,NO,8,MIN,120,1,23,18,1,0,0,0,0,0,0,0,0,0,0,0,0,0,0,0,0,0,,,,,
Duke Johnson,RB,CLE,8,PIT,0,0,0,0,0,0,0,2,2,16,0,3,0,0,0,0,0,0,0,0,0,0,,,,,
Durham Smythe,TE,MIA,8,HOU,0,0,0,0,0,0,0,0,0,0,0,1,0,0,0,0,0,0,0,0,0,0,,,,,
Dustin Hopkins,K,WAS,8,NYG,0,0,0,0,0,0,0,0,0,0,0,0,0,0,0,0,0,1,0,1,0,2,,,,,
Dwayne Harris,WR,LV,8,IND,0,0,0,0,0,13,0,1,0,0,0,0,0,0,0,0,0,0,0,0,0,0,,,,,
Ed Dickson,TE,SEA,8,DET,0,0,0,0,0,0,0,0,2,54,1,2,0,0,0,0,0,0,0,0,0,0,,,,,
Eli Manning,QB,NYG,8,WAS,316,1,47,30,2,0,0,0,0,0,0,0,0,0,0,0,0,0,0,0,0,0,,,,,
Emmanuel Sanders,WR,DEN,8,KC,0,0,0,0,0,-6,0,1,4,57,0,4,0,0,0,0,0,0,0,0,0,0,,,,,
Equanimeous St. Brown,WR,GB,8,LA,0,0,0,0,0,0,0,0,2,31,0,2,0,0,0,0,0,0,0,0,0,0,,,,,
Eric Ebron,TE,IND,8,LV,0,0,0,0,0,0,0,0,3,37,1,3,0,0,0,0,0,0,0,0,0,0,,,,,
Eric Tomlinson,TE,NYJ,8,CHI,0,0,0,0,0,0,0,0,0,0,0,0,0,0,0,0,0,0,0,0,0,0,,,,,
Evan Engram,TE,NYG,8,WAS,0,0,0,0,0,0,0,0,5,25,1,9,0,0,0,0,0,0,0,0,0,0,,,,,
Frank Gore,RB,MIA,8,HOU,0,0,0,0,0,53,0,12,1,5,0,2,0,0,0,0,0,0,0,0,0,0,,,,,
GB,DEF,GB,8,LA,,,,,,,,,,,,,,,,,,,,,,,0,0,0,0,29.0
George Kittle,TE,SF,8,ARI,0,0,0,0,0,0,0,0,5,57,0,8,0,0,0,0,0,0,0,0,0,0,,,,,
Gerald Everett,TE,LA,8,GB,0,0,0,0,0,0,0,0,1,22,0,2,0,0,0,0,0,0,0,0,0,0,,,,,
Geronimo Allison,WR,GB,8,LA,0,0,0,0,0,0,0,0,1,14,0,1,0,0,0,0,0,0,0,0,0,0,,,,,
Golden Tate,WR,DET,8,SEA,0,0,0,0,0,3,0,1,7,50,0,12,0,0,0,0,0,0,0,0,0,0,,,,,
Graham Gano,K,CAR,8,BAL,0,0,0,0,0,0,0,0,0,0,0,0,0,0,0,0,0,1,1,1,0,3,,,,,
Greg Joseph,K,CLE,8,PIT,0,0,0,0,0,0,0,0,0,0,0,0,0,0,0,0,0,1,1,0,0,0,,,,,
Greg Olsen,TE,CAR,8,BAL,0,0,0,0,0,0,0,0,4,56,1,4,0,0,0,0,0,0,0,0,0,0,,,,,
Greg Zuerlein,K,LA,8,GB,0,0,0,0,0,0,0,0,0,0,0,0,0,0,0,0,0,1,1,0,0,1,,,,,
Gus Edwards,RB,BAL,8,CAR,0,0,0,0,0,12,0,2,1,7,0,1,0,0,0,0,0,0,0,0,0,0,,,,,
HOU,DEF,HOU,8,MIA,,,,,,,,,,,,,,,,,,,,,,,0,0,0,0,23.0
Harrison Butker,K,KC,8,DEN,0,0,0,0,0,0,0,0,0,0,0,0,0,0,0,0,1,0,0,0,0,3,,,,,
Hayden Hurst,TE,BAL,8,CAR,0,0,0,0,0,0,0,0,2,29,1,3,0,0,0,0,0,0,0,0,0,0,,,,,
IND,DEF,IND,8,LV,,,,,,,,,,,,,,,,,,,,,,,0,0,0,0,28.0
Ian Thomas,TE,CAR,8,BAL,0,0,0,0,0,0,0,0,1,15,0,1,0,0,0,0,0,0,0,0,0,0,,,,,
Isaiah Crowell,RB,NYJ,8,CHI,0,0,0,0,0,25,0,13,1,13,0,1,0,0,0,0,0,0,0,0,0,0,,,,,
Isaiah McKenzie,WR,DEN,8,KC,0,0,0,0,0,0,0,0,0,0,0,0,0,0,0,0,0,0,0,0,0,0,,,,,
J.J. Nelson,WR,ARI,8,SF,0,0,0,0,0,8,0,1,0,0,0,1,0,0,0,0,0,0,0,0,0,0,,,,,
JAX,DEF,JAX,8,PHI,,,,,,,,,,,,,,,,,,,,,,,0,0,0,0,24.0
Jack Doyle,TE,IND,8,LV,0,0,0,0,0,0,0,0,6,70,1,7,0,0,0,0,0,0,0,0,0,0,,,,,
Jacquizz Rodgers,RB,TB,8,CIN,0,0,0,0,0,4,0,1,4,25,0,4,0,0,0,0,0,0,0,0,0,0,,,,,
Jake Elliott,K,PHI,8,JAX,0,0,0,0,0,0,0,0,0,0,0,0,0,0,0,0,0,1,0,0,0,3,,,,,
Jakeem Grant,WR,MIA,8,HOU,0,0,0,0,0,0,0,0,4,36,0,8,0,0,0,0,0,0,0,0,0,0,,,,,
Jalen Richard,RB,LV,8,IND,0,0,0,0,0,14,0,2,8,50,0,8,0,0,0,0,0,0,0,0,0,0,,,,,
Jamaal Williams,RB,GB,8,LA,0,0,0,0,0,9,1,4,0,0,0,1,0,0,0,0,0,0,0,0,0,0,,,,,
Jameis Winston,QB,TB,8,CIN,276,1,35,18,4,18,0,3,0,0,0,0,0,0,0,0,0,0,0,0,0,0,,,,,
James Conner,RB,PIT,8,CLE,0,0,0,0,0,146,2,24,5,66,0,6,0,0,0,0,0,0,0,0,0,0,,,,,
James White,RB,NE,8,BUF,0,0,0,0,0,15,1,8,10,79,0,13,0,0,0,0,0,0,0,0,0,0,,,,,
Jared Cook,TE,LV,8,IND,0,0,0,0,0,0,0,0,4,74,1,5,0,0,0,0,0,0,0,0,0,0,,,,,
Jared Goff,QB,LA,8,GB,295,3,35,19,0,7,0,5,0,0,0,0,0,0,1,0,0,0,0,0,0,0,,,,,
Jarius Wright,WR,CAR,8,BAL,0,0,0,0,0,0,0,0,2,5,0,3,0,0,0,0,0,0,0,0,0,0,,,,,
Jarvis Landry,WR,CLE,8,PIT,0,0,0,0,0,0,0,0,8,39,0,12,0,0,0,0,0,0,0,0,0,0,,,,,
Jason Croom,TE,BUF,8,NE,0,0,0,0,0,0,0,0,1,14,0,3,0,0,0,0,0,0,0,0,0,0,,,,,
Jason Myers,K,NYJ,8,CHI,0,0,0,0,0,0,0,0,0,0,0,0,0,0,0,0,0,0,1,0,0,1,,,,,
Jason Sanders,K,MIA,8,HOU,0,0,0,0,0,0,0,0,0,0,0,0,0,0,0,0,0,1,2,0,0,2,,,,,
Javorius Allen,RB,BAL,8,CAR,0,0,0,0,0,0,0,0,3,18,1,5,0,0,0,0,0,0,0,0,0,0,,,,,
Jaylen Samuels,RB,PIT,8,CLE,0,0,0,0,0,17,0,4,0,0,0,0,0,0,0,0,0,0,0,0,0,0,,,,,
Jeff Heuerman,TE,DEN,8,KC,0,0,0,0,0,0,0,0,1,4,1,5,0,0,0,0,0,0,0,0,0,0,,,,,
Jehu Chesson,WR,WAS,8,NYG,0,0,0,0,0,0,0,0,0,0,0,0,0,0,0,0,0,0,0,0,0,0,,,,,
Jeremy Sprinkle,TE,WAS,8,NYG,0,0,0,0,0,0,0,0,0,0,0,0,0,0,0,0,0,0,0,0,0,0,,,,,
Jermaine Gresham,TE,ARI,8,SF,0,0,0,0,0,0,0,0,3,22,0,3,0,0,0,0,0,0,0,0,0,0,,,,,
Jermaine Kearse,WR,NYJ,8,CHI,0,0,0,0,0,0,0,0,3,30,0,10,0,0,0,0,0,0,0,0,0,0,,,,,
Jesse James,TE,PIT,8,CLE,0,0,0,0,0,0,0,0,2,9,0,3,0,0,0,0,0,0,0,0,0,0,,,,,
Jimmy Graham,TE,GB,8,LA,0,0,0,0,0,0,0,0,1,21,0,4,0,0,0,0,0,0,0,0,0,0,,,,,
JoJo Natson,WR,LA,8,GB,0,0,0,0,0,0,0,0,0,0,0,0,0,0,0,0,0,0,0,0,0,0,,,,,
Joe Flacco,QB,BAL,8,CAR,192,1,39,22,2,14,0,2,0,0,0,0,0,0,0,0,0,0,0,0,0,0,,,,,
Joe Mixon,RB,CIN,8,TB,0,0,0,0,0,123,2,21,3,15,0,4,0,0,0,0,0,0,0,0,0,0,,,,,
John Brown,WR,BAL,8,CAR,0,0,0,0,0,0,0,0,3,28,0,7,0,0,0,0,0,0,0,0,0,0,,,,,
Jordan Akins,TE,HOU,8,MIA,0,0,0,0,0,0,0,0,0,0,0,0,0,0,0,0,0,0,0,0,0,0,,,,,
Jordan Franks,TE,CIN,8,TB,0,0,0,0,0,0,0,0,1,32,0,1,0,0,0,0,0,0,0,0,0,0,,,,,
Jordan Howard,RB,CHI,8,NYJ,0,0,0,0,0,81,1,22,0,0,0,1,0,0,0,0,0,0,0,0,0,0,,,,,
Jordan Leggett,TE,NYJ,8,CHI,0,0,0,0,0,0,0,0,0,0,0,1,0,0,0,0,0,0,0,0,0,0,,,,,
Jordan Matthews,TE,PHI,8,JAX,0,0,0,0,0,0,0,0,4,93,0,5,0,0,0,0,0,0,0,0,0,0,,,,,
Jordan Reed,TE,WAS,8,NYG,0,0,0,0,0,0,0,0,7,38,0,12,0,0,0,0,0,0,0,0,0,0,,,,,
Jordan Wilkins,RB,IND,8,LV,0,0,0,0,0,14,0,2,0,0,0,0,0,0,0,0,0,0,0,0,0,0,,,,,
Jordy Nelson,WR,LV,8,IND,0,0,0,0,0,0,0,0,1,14,0,4,0,0,0,0,0,0,0,0,0,0,,,,,
Josh Adams,RB,PHI,8,JAX,0,0,0,0,0,61,0,9,1,6,0,1,0,0,0,0,0,0,0,0,0,0,,,,,
Josh Bellamy,WR,CHI,8,NYJ,0,0,0,0,0,0,0,0,4,37,0,5,0,0,0,0,0,0,0,0,0,0,,,,,
Josh Doctson,WR,WAS,8,NYG,0,0,0,0,0,0,0,0,5,49,0,5,0,0,0,0,0,0,0,0,0,0,,,,,
Josh Gordon,WR,NE,8,BUF,0,0,0,0,0,0,0,0,4,42,0,6,0,0,0,0,0,0,0,0,0,0,,,,,
Josh Lambo,K,JAX,8,PHI,0,0,0,0,0,0,0,0,0,0,0,0,0,0,0,0,1,1,0,2,0,0,,,,,
Josh Perkins,TE,PHI,8,JAX,0,0,0,0,0,0,0,0,0,0,0,1,0,0,0,0,0,0,0,0,0,0,,,,,
Josh Reynolds,WR,LA,8,GB,0,0,0,0,0,-2,0,1,3,42,2,5,0,0,0,0,0,0,0,0,0,0,,,,,
Josh Rosen,QB,ARI,8,SF,252,2,40,23,1,12,0,2,0,0,0,0,0,0,1,0,0,0,0,0,0,0,,,,,
Joshua Dobbs,QB,PIT,8,CLE,0,0,0,0,0,-1,0,1,0,0,0,0,0,0,0,0,0,0,0,0,0,0,,,,,
JuJu Smith-Schuster,WR,PIT,8,CLE,0,0,0,0,0,0,0,0,4,33,0,6,0,0,0,0,0,0,0,0,0,0,,,,,
Julian Edelman,WR,NE,8,BUF,0,0,0,0,0,13,0,2,9,104,0,10,0,0,0,0,0,0,0,0,0,0,,,,,
Justin Hunter,WR,PIT,8,CLE,0,0,0,0,0,0,0,0,2,15,0,4,0,0,0,0,0,0,0,0,0,0,,,,,
Justin Tucker,K,BAL,8,CAR,0,0,0,0,0,0,0,0,0,0,0,0,0,0,0,0,0,0,0,0,0,3,,,,,
Justin Watson,WR,TB,8,CIN,0,0,0,0,0,0,0,0,1,5,0,1,0,0,0,0,0,0,0,0,0,0,,,,,
KC,DEF,KC,8,DEN,,,,,,,,,,,,,,,,,,,,,,,0,0,0,0,23.0
Ka'imi Fairbairn,K,HOU,8,MIA,0,0,0,0,0,0,0,0,0,0,0,0,0,0,0,0,0,0,0,0,0,6,,,,,
Kalen Ballage,RB,MIA,8,HOU,0,0,0,0,0,5,0,1,0,0,0,0,0,0,0,0,0,0,0,0,0,0,,,,,
Kapri Bibbs,RB,WAS,8,NYG,0,0,0,0,0,0,0,0,0,0,0,0,0,0,0,0,0,0,0,0,0,0,,,,,
Kareem Hunt,RB,KC,8,DEN,0,0,0,0,0,50,0,16,5,36,1,6,0,0,0,0,0,0,0,0,0,0,,,,,
Keelan Cole,WR,JAX,8,PHI,0,0,0,0,0,0,0,0,2,18,0,3,0,0,0,0,0,0,0,0,0,0,,,,,
Kelvin Benjamin,WR,BUF,8,NE,0,0,0,0,0,0,0,0,2,45,0,7,0,0,0,0,0,0,0,0,0,0,,,,,
Kendrick Bourne,WR,SF,8,ARI,0,0,0,0,0,0,0,0,7,71,0,10,0,0,0,0,0,0,0,0,0,0,,,,,
Kenjon Barner,RB,NE,8,BUF,0,0,0,0,0,4,0,2,0,0,0,0,0,0,0,0,0,0,0,0,0,0,,,,,
Kenny Golladay,WR,DET,8,SEA,0,0,0,0,0,0,0,0,1,12,0,1,0,0,0,0,0,0,0,0,0,0,,,,,
Kenyan Drake,RB,MIA,8,HOU,0,0,0,0,0,58,1,12,2,37,1,2,0,0,0,0,0,0,0,0,0,0,,,,,
Kerryon Johnson,RB,DET,8,SEA,0,0,0,0,0,22,0,8,6,69,0,8,0,0,0,0,0,0,0,0,0,0,,,,,
Kevin White,WR,CHI,8,NYJ,0,0,0,0,0,0,0,0,1,6,0,3,0,0,0,0,0,0,0,0,0,0,,,,,
KhaDarel Hodge,WR,LA,8,GB,0,0,0,0,0,0,0,0,0,0,0,0,0,0,0,0,0,0,0,0,0,0,,,,,
Kirk Cousins,QB,MIN,8,NO,359,2,41,31,1,3,0,2,0,0,0,0,0,0,0,0,0,0,0,0,0,0,,,,,
Kyle Juszczyk,RB,SF,8,ARI,0,0,0,0,0,10,0,2,0,0,0,1,0,0,0,0,0,0,0,0,0,0,,,,,
Kyle Rudolph,TE,MIN,8,NO,0,0,0,0,0,0,0,0,4,39,0,7,0,0,0,0,0,0,0,0,0,0,,,,,
LA,DEF,LA,8,GB,,,,,,,,,,,,,,,,,,,,,,,0,1,0,0,27.0
LV,DEF,LV,8,IND,,,,,,,,,,,,,,,,,,,,,,,0,0,0,0,0.0
Lamar Jackson,QB,BAL,8,CAR,46,1,5,4,0,26,0,3,0,0,0,0,0,0,0,0,0,0,0,0,0,0,,,,,
Lamar Miller,RB,HOU,8,MIA,0,0,0,0,0,133,1,18,0,0,0,2,0,0,0,0,0,0,0,0,0,0,,,,,
Laquon Treadwell,WR,MIN,8,NO,0,0,0,0,0,0,0,0,3,25,0,5,0,0,0,0,0,0,0,0,0,0,,,,,
Larry Fitzgerald,WR,ARI,8,SF,0,0,0,0,0,0,0,0,8,102,1,12,0,0,1,0,0,0,0,0,0,0,,,,,
Latavius Murray,RB,MIN,8,NO,0,0,0,0,0,56,1,13,5,39,0,6,0,0,0,0,0,0,0,0,0,0,,,,,
LeGarrette Blount,RB,DET,8,SEA,0,0,0,0,0,3,0,3,1,23,0,1,0,0,0,0,0,0,0,0,0,0,,,,,
LeSean McCoy,RB,BUF,8,NE,0,0,0,0,0,13,0,12,6,82,0,8,0,0,0,0,0,0,0,0,0,0,,,,,
Levine Toilolo,TE,DET,8,SEA,0,0,0,0,0,0,0,0,1,12,0,1,0,0,0,0,0,0,0,0,0,0,,,,,
Logan Thomas,TE,BUF,8,NE,0,0,0,0,0,0,0,0,0,0,0,0,0,0,0,0,0,0,0,0,0,0,,,,,
Luke Willson,TE,DET,8,SEA,0,0,0,0,0,0,0,0,3,21,0,4,0,0,0,0,0,0,0,0,0,0,,,,,
MIA,DEF,MIA,8,HOU,,,,,,,,,,,,,,,,,,,,,,,0,0,0,0,42.0
MIN,DEF,MIN,8,NO,,,,,,,,,,,,,,,,,,,,,,,0,0,0,0,30.0
Malcolm Brown,RB,LA,8,GB,0,0,0,0,0,7,0,1,0,0,0,0,0,0,0,0,0,0,0,0,0,0,,,,,
Marcus Murphy,RB,BUF,8,NE,0,0,0,0,0,0,0,0,0,0,0,0,0,0,0,0,0,0,0,0,0,0,,,,,
Mark Andrews,TE,BAL,8,CAR,0,0,0,0,0,0,0,0,4,31,0,5,0,0,0,0,0,0,0,0,0,0,,,,,
Mark Ingram,RB,NO,8,MIN,0,0,0,0,0,63,0,13,3,29,0,3,0,0,0,0,0,0,0,0,0,0,,,,,
Mark Walton,RB,CIN,8,TB,0,0,0,0,0,7,0,2,1,10,0,1,0,0,0,0,0,0,0,0,0,0,,,,,
Marlon Mack,RB,IND,8,LV,0,0,0,0,0,132,2,25,2,17,0,4,0,0,0,0,0,0,0,0,0,0,,,,,
Marquez Valdes-Scantling,WR,GB,8,LA,0,0,0,0,0,0,0,0,2,45,1,5,0,0,0,0,0,0,0,0,0,0,,,,,
Marquise Goodwin,WR,SF,8,ARI,0,0,0,0,0,0,0,0,1,55,1,4,0,0,0,0,0,0,0,0,0,0,,,,,
Marvin Jones,WR,DET,8,SEA,0,0,0,0,0,0,0,0,7,117,2,10,0,0,0,0,0,0,0,0,0,0,,,,,
Mason Crosby,K,GB,8,LA,0,0,0,0,0,0,0,0,0,0,0,0,0,0,0,0,0,0,1,1,0,3,,,,,
Matt Breida,RB,SF,8,ARI,0,0,0,0,0,42,0,16,0,0,0,0,0,0,0,0,0,0,0,0,0,0,,,,,
Matt LaCosse,TE,DEN,8,KC,0,0,0,0,0,0,0,0,4,29,0,5,0,0,0,0,0,0,0,0,0,0,,,,,
Matt Lengel,TE,CIN,8,TB,0,0,0,0,0,0,0,0,1,4,0,1,0,0,0,0,0,0,0,0,0,0,,,,,
Matt Prater,K,DET,8,SEA,0,0,0,0,0,0,0,0,0,0,0,0,0,0,0,0,0,0,0,0,0,2,,,,,
Matthew Stafford,QB,DET,8,SEA,310,2,40,27,1,6,0,1,0,0,0,0,0,0,0,0,0,0,0,0,0,0,,,,,
Maurice Harris,WR,WAS,8,NYG,0,0,0,0,0,0,0,0,2,20,0,2,0,0,0,0,0,0,0,0,0,0,,,,,
Michael Crabtree,WR,BAL,8,CAR,0,0,0,0,0,0,0,0,3,31,0,5,0,0,0,0,0,0,0,0,0,0,,,,,
Michael Roberts,TE,DET,8,SEA,0,0,0,0,0,0,0,0,0,0,0,1,0,0,0,0,0,0,0,0,0,0,,,,,
Michael Thomas,WR,NO,8,MIN,0,0,0,0,0,0,0,0,5,81,0,6,0,0,0,0,0,0,0,0,0,0,,,,,
Mike Boone,RB,MIN,8,NO,0,0,0,0,0,11,0,3,0,0,0,0,0,0,0,0,0,0,0,0,0,0,,,,,
Mike Davis,RB,SEA,8,DET,0,0,0,0,0,33,0,10,1,2,0,1,0,0,0,0,0,0,0,0,0,0,,,,,
Mike Evans,WR,TB,8,CIN,0,0,0,0,0,0,0,0,6,179,1,13,0,0,0,0,0,0,0,0,0,0,,,,,
Mike Gesicki,TE,MIA,8,HOU,0,0,0,0,0,0,0,0,4,14,0,5,0,0,0,0,0,0,0,0,0,0,,,,,
Mitchell Trubisky,QB,CHI,8,NYJ,220,2,29,16,0,51,0,6,0,0,0,0,0,0,0,0,0,0,0,0,0,0,,,,,
Mo Alie-Cox,TE,IND,8,LV,0,0,0,0,0,0,0,0,1,26,1,1,0,0,0,0,0,0,0,0,0,0,,,,,
NE,DEF,NE,8,BUF,,,,,,,,,,,,,,,,,,,,,,,1,0,0,0,6.0
NO,DEF,NO,8,MIN,,,,,,,,,,,,,,,,,,,,,,,1,0,0,0,20.0
NYG,DEF,NYG,8,WAS,,,,,,,,,,,,,,,,,,,,,,,0,0,0,0,20.0
NYJ,DEF,NYJ,8,CHI,,,,,,,,,,,,,,,,,,,,,,,0,0,0,0,24.0
Nathan Peterman,QB,BUF,8,NE,23,0,2,2,0,0,0,0,0,0,0,0,0,0,0,0,0,0,0,0,0,0,,,,,
Neal Sterling,TE,NYJ,8,CHI,0,0,0,0,0,0,0,0,1,7,0,1,0,0,0,0,0,0,0,0,0,0,,,,,
Nelson Agholor,WR,PHI,8,JAX,0,0,0,0,0,14,0,1,3,49,0,6,0,0,0,0,0,0,0,0,0,0,,,,,
Nick Boyle,TE,BAL,8,CAR,0,0,0,0,0,0,0,0,1,7,0,3,0,0,0,0,0,0,0,0,0,0,,,,,
Nick Chubb,RB,CLE,8,PIT,0,0,0,0,0,65,0,18,2,10,0,3,0,0,0,0,0,0,0,0,0,0,,,,,
Nick O'Leary,TE,MIA,8,HOU,0,0,0,0,0,0,0,0,0,0,0,0,0,0,0,0,0,0,0,0,0,0,,,,,
Nick Vannett,TE,SEA,8,DET,0,0,0,0,0,0,0,0,1,16,0,3,0,0,0,0,0,0,0,0,0,0,,,,,
Nick Williams,WR,LA,8,GB,0,0,0,0,0,0,0,0,0,0,0,1,0,0,0,0,0,0,0,0,0,0,,,,,
Nyheim Hines,RB,IND,8,LV,0,0,0,0,0,78,0,11,2,7,0,2,0,0,0,0,0,0,0,0,0,0,,,,,
O.J. Howard,TE,TB,8,CIN,0,0,0,0,0,0,0,0,4,68,1,4,0,0,0,0,0,0,0,0,0,0,,,,,
Odell Beckham Jr.,WR,NYG,8,WAS,0,0,0,0,0,0,0,0,8,136,0,11,0,0,0,0,0,0,0,0,0,0,,,,,
Orson Charles,TE,CLE,8,PIT,0,0,0,0,0,0,0,0,0,0,0,0,0,0,0,0,0,0,0,0,0,0,,,,,
PHI,DEF,PHI,8,JAX,,,,,,,,,,,,,,,,,,,,,,,0,0,0,0,18.0
PIT,DEF,PIT,8,CLE,,,,,,,,,,,,,,,,,,,,,,,0,1,0,0,18.0
Patrick DiMarco,RB,BUF,8,NE,0,0,0,0,0,0,0,0,1,0,0,1,0,0,0,0,0,0,0,0,0,0,,,,,
Patrick Mahomes,QB,KC,8,DEN,303,4,34,24,1,-1,0,2,0,0,0,0,0,0,0,0,0,0,0,0,0,0,,,,,
Patrick Ricard,RB,BAL,8,CAR,0,0,0,0,0,0,0,0,0,0,0,0,0,0,0,0,0,0,0,0,0,0,,,,,
Paul Richardson,WR,WAS,8,NYG,0,0,0,0,0,7,0,1,2,34,0,5,0,0,0,0,0,0,0,0,0,0,,,,,
Peyton Barber,RB,TB,8,CIN,0,0,0,0,0,85,1,19,0,0,0,0,0,0,0,0,0,0,0,0,0,0,,,,,
Phil Dawson,K,ARI,8,SF,0,0,0,0,0,0,0,0,0,0,0,0,0,0,0,0,0,1,0,0,0,1,,,,,
Phillip Lindsay,RB,DEN,8,KC,0,0,0,0,0,95,1,18,3,17,0,3,0,0,0,0,0,0,0,0,0,0,,,,,
Quadree Henderson,WR,NYG,8,WAS,0,0,0,0,0,0,0,0,0,0,0,0,0,0,0,0,0,0,0,0,0,0,,,,,
Raheem Mostert,RB,SF,8,ARI,0,0,0,0,0,18,0,2,0,0,0,1,0,0,0,0,0,0,0,0,0,0,,,,,
Randall Cobb,WR,GB,8,LA,0,0,0,0,0,0,0,0,4,40,0,5,0,0,0,0,0,0,0,0,0,0,,,,,
Randy Bullock,K,CIN,8,TB,0,0,0,0,0,0,0,0,0,0,0,0,0,0,0,0,0,0,1,0,0,4,,,,,
Rashaad Penny,RB,SEA,8,DET,0,0,0,0,0,0,0,0,0,0,0,0,0,0,0,0,0,0,0,0,0,0,,,,,
Rashad Greene,WR,JAX,8,PHI,0,0,0,0,0,0,0,0,1,9,0,2,0,0,0,0,0,0,0,0,0,0,,,,,
Ray-Ray McCloud,WR,BUF,8,NE,0,0,0,0,0,0,0,0,1,16,0,1,0,0,0,0,0,0,0,0,0,0,,,,,
Rhett Ellison,TE,NYG,8,WAS,0,0,0,0,0,0,0,0,0,0,0,1,0,0,0,0,0,0,0,0,0,0,,,,,
Richie James,WR,SF,8,ARI,0,0,0,0,0,0,0,0,0,0,0,0,0,0,0,0,0,0,0,0,0,0,,,,,
Ricky Seals-Jones,TE,ARI,8,SF,0,0,0,0,0,0,0,0,2,12,0,4,0,0,0,0,0,0,0,0,0,0,,,,,
Rob Gronkowski,TE,NE,8,BUF,0,0,0,0,0,0,0,0,3,43,0,8,0,0,0,0,0,0,0,0,0,0,,,,,
Robbie Gould,K,SF,8,ARI,0,0,0,0,0,0,0,0,0,0,0,0,0,0,0,0,2,0,0,0,0,1,,,,,
Robert Tonyan,TE,GB,8,LA,0,0,0,0,0,0,0,0,0,0,0,1,0,0,0,0,0,0,0,0,0,0,,,,,
Robert Woods,WR,LA,8,GB,0,0,0,0,0,0,0,0,5,70,0,7,0,0,0,0,0,0,0,0,0,0,,,,,
Roc Thomas,RB,MIN,8,NO,0,0,0,0,0,-1,0,1,1,15,0,1,0,0,0,0,0,0,0,0,0,0,,,,,
Ronald Jones,RB,TB,8,CIN,0,0,0,0,0,-3,0,2,1,4,0,1,0,0,0,0,0,0,0,0,0,0,,,,,
Russell Wilson,QB,SEA,8,DET,248,3,17,14,0,15,0,2,0,0,0,0,0,0,0,0,0,0,0,0,0,0,,,,,
Ryan Fitzpatrick,QB,TB,8,CIN,194,2,15,11,0,18,0,1,0,0,0,0,0,0,1,0,0,0,0,0,0,0,,,,,
Ryan Switzer,WR,PIT,8,CLE,0,0,0,0,0,0,0,0,0,0,0,1,0,0,0,0,0,0,0,0,0,0,,,,,
SEA,DEF,SEA,8,DET,,,,,,,,,,,,,,,,,,,,,,,0,0,0,0,14.0
SF,DEF,SF,8,ARI,,,,,,,,,,,,,,,,,,,,,,,0,1,0,0,18.0
Sam Darnold,QB,NYJ,8,CHI,153,1,29,14,0,22,0,5,0,0,0,0,0,0,0,0,0,0,0,0,0,0,,,,,
Sammy Watkins,WR,KC,8,DEN,0,0,0,0,0,0,0,0,8,107,2,9,0,0,0,0,0,0,0,0,0,0,,,,,
Saquon Barkley,RB,NYG,8,WAS,0,0,0,0,0,38,0,13,9,73,0,10,0,0,0,0,0,0,0,0,0,0,,,,,
Sebastian Janikowski,K,SEA,8,DET,0,0,0,0,0,0,0,0,0,0,0,0,0,0,0,0,0,0,0,0,0,4,,,,,
Senorise Perry,RB,MIA,8,HOU,0,0,0,0,0,0,0,0,0,0,0,0,0,0,0,0,0,0,0,0,0,0,,,,,
Seth DeValve,TE,CLE,8,PIT,0,0,0,0,0,0,0,0,2,28,1,2,0,0,0,0,0,0,0,0,0,0,,,,,
Seth Roberts,WR,LV,8,IND,0,0,0,0,0,0,0,0,2,42,1,4,0,0,0,0,0,0,0,0,0,0,,,,,
Stefon Diggs,WR,MIN,8,NO,0,0,0,0,0,0,0,0,10,119,1,11,0,0,0,0,0,0,0,0,0,0,,,,,
Stephen Gostkowski,K,NE,8,BUF,0,0,0,0,0,0,0,0,0,0,0,0,0,0,0,0,2,1,1,0,0,1,,,,,
Sterling Shepard,WR,NYG,8,WAS,0,0,0,0,0,0,0,0,4,34,0,8,0,0,0,0,0,0,0,0,0,0,,,,,
Stevan Ridley,RB,PIT,8,CLE,0,0,0,0,0,0,0,0,2,13,0,2,0,0,0,0,0,0,0,0,0,0,,,,,
Steven Hauschka,K,BUF,8,NE,0,0,0,0,0,0,0,0,0,0,0,0,0,0,0,0,0,0,1,1,0,0,,,,,
T.J. Yeldon,RB,JAX,8,PHI,0,0,0,0,0,7,0,2,7,83,0,9,0,0,0,0,0,0,0,0,0,0,,,,,
T.Y. Hilton,WR,IND,8,LV,0,0,0,0,0,0,0,0,1,34,0,5,0,0,0,0,0,0,0,0,0,0,,,,,
TB,DEF,TB,8,CIN,,,,,,,,,,,,,,,,,,,,,,,0,0,0,0,37.0
Tarik Cohen,RB,CHI,8,NYJ,0,0,0,0,0,40,0,5,1,70,1,3,0,0,0,0,0,0,0,0,0,0,,,,,
Taylor Gabriel,WR,CHI,8,NYJ,0,0,0,0,0,0,0,0,4,52,0,6,0,0,0,0,0,0,0,0,0,0,,,,,
Taylor Heinicke,QB,CAR,8,BAL,13,0,1,1,0,-2,0,2,0,0,0,0,0,0,0,0,0,0,0,0,0,0,,,,,
Taysom Hill,TE,NO,8,MIN,44,0,1,1,0,-2,0,3,1,5,0,1,0,0,0,0,0,0,0,0,0,0,,,,,
Tim Patrick,WR,DEN,8,KC,0,0,0,0,0,13,0,1,1,24,1,1,0,0,0,0,0,0,0,0,0,0,,,,,
Todd Gurley,RB,LA,8,GB,0,0,0,0,0,114,0,25,6,81,1,7,0,0,1,0,0,0,0,0,0,0,,,,,
Tom Brady,QB,NE,8,BUF,324,0,45,29,0,8,0,1,0,0,0,0,0,0,0,0,0,0,0,0,0,0,,,,,
Travis Kelce,TE,KC,8,DEN,0,0,0,0,0,0,0,0,6,79,1,10,0,0,0,0,0,0,0,0,0,0,,,,,
Tre'Quan Smith,WR,NO,8,MIN,0,0,0,0,0,0,0,0,3,18,0,4,0,0,0,0,0,0,0,0,0,0,,,,,
Trent Taylor,WR,SF,8,ARI,0,0,0,0,0,0,0,0,1,7,0,2,0,0,0,0,0,0,0,0,0,0,,,,,
Trenton Cannon,RB,NYJ,8,CHI,0,0,0,0,0,10,0,6,3,12,0,4,0,0,0,0,0,0,0,0,0,0,,,,,
Trey Burton,TE,CHI,8,NYJ,0,0,0,0,0,0,0,0,3,18,0,4,0,0,0,0,0,0,0,0,0,0,,,,,
Ty Montgomery,WR,GB,8,LA,0,0,0,0,0,6,0,2,1,2,0,2,0,0,0,0,0,0,0,0,0,0,,,,,
Tyler Boyd,WR,CIN,8,TB,0,0,0,0,0,-2,0,1,9,138,1,10,0,0,0,0,0,0,0,0,0,0,,,,,
Tyler Ervin,RB,HOU,8,MIA,0,0,0,0,0,0,0,0,1,4,0,1,0,0,0,0,0,0,0,0,0,0,,,,,
Tyler Higbee,TE,LA,8,GB,0,0,0,0,0,0,0,0,1,6,0,1,0,0,0,0,0,0,0,0,0,0,,,,,
Tyler Lockett,WR,SEA,8,DET,0,0,0,0,0,13,0,2,2,34,1,2,0,0,0,0,0,0,0,0,0,0,,,,,
Tyreek Hill,WR,KC,8,DEN,0,0,0,0,0,0,0,0,3,70,0,4,0,0,0,0,0,0,0,0,0,0,,,,,
Vance McDonald,TE,PIT,8,CLE,0,0,0,0,0,0,0,0,3,47,0,3,0,0,0,0,0,0,0,0,0,0,,,,,
Vernon Davis,TE,WAS,8,NYG,0,0,0,0,0,0,0,0,1,21,0,3,0,0,0,0,0,0,0,0,0,0,,,,,
WAS,DEF,WAS,8,NYG,,,,,,,,,,,,,,,,,,,,,,,0,0,0,0,13.0
Wayne Gallman,RB,NYG,8,WAS,0,0,0,0,0,-1,0,1,0,0,0,0,0,0,0,0,0,0,0,0,0,0,,,,,
Wendell Smallwood,RB,PHI,8,JAX,0,0,0,0,0,24,0,8,2,42,1,3,0,0,0,0,0,0,0,0,0,0,,,,,
Wil Lutz,K,NO,8,MIN,0,0,0,0,0,0,0,0,0,0,0,0,0,0,0,0,0,0,2,1,0,3,,,,,
Will Fuller,WR,HOU,8,MIA,0,0,0,0,0,0,0,0,5,124,1,6,0,0,0,0,0,0,0,0,0,0,,,,,
Willie Snead,WR,BAL,8,CAR,0,0,0,0,0,0,0,0,5,54,0,11,0,0,0,0,0,0,0,0,0,0,,,,,
Xavier Grimble,TE,PIT,8,CLE,0,0,0,0,0,0,0,0,0,0,0,0,0,0,0,0,0,0,0,0,0,0,,,,,
Zach Ertz,TE,PHI,8,JAX,0,0,0,0,0,0,0,0,4,26,1,6,0,0,0,0,0,0,0,0,0,0,,,,,
Zach Pascal,WR,IND,8,LV,0,0,0,0,0,0,0,0,1,-4,0,1,0,0,0,0,0,0,0,0,0,0,,,,,
Zay Jones,WR,BUF,8,NE,0,0,0,0,0,0,0,0,6,55,0,8,0,0,0,0,0,0,0,0,0,0,,,,,
AJ McCarron,QB,LV,9,SF,8,0,3,1,0,0,0,1,0,0,0,0,0,0,0,0,0,0,0,0,0,0,,,,,
ATL,DEF,ATL,9,WAS,,,,,,,,,,,,,,,,,,,,,,,0,0,0,0,14.0
Aaron Jones,RB,GB,9,NE,0,0,0,0,0,75,0,14,2,10,0,4,0,0,0,0,0,0,0,0,0,0,,,,,
Aaron Rodgers,QB,GB,9,NE,259,2,43,24,0,8,0,4,0,0,0,0,0,0,0,0,0,0,0,0,0,0,,,,,
Adam Humphries,WR,TB,9,CAR,0,0,0,0,0,7,0,1,8,82,2,8,0,0,0,0,0,0,0,0,0,0,,,,,
Adam Thielen,WR,MIN,9,DET,0,0,0,0,0,5,0,1,4,22,1,7,0,0,0,0,0,0,0,0,0,0,,,,,
Adrian Peterson,RB,WAS,9,ATL,0,0,0,0,0,17,0,9,3,16,0,3,0,0,0,0,0,0,0,0,0,0,,,,,
Alan Cross,TE,TB,9,CAR,0,0,0,0,0,0,0,0,0,0,0,1,0,0,0,0,0,0,0,0,0,0,,,,,
Aldrick Robinson,WR,MIN,9,DET,0,0,0,0,0,0,0,0,2,20,0,3,0,0,0,0,0,0,0,0,0,0,,,,,
Alex Armah,RB,CAR,9,TB,0,0,0,0,0,1,1,1,0,0,0,0,0,0,0,0,0,0,0,0,0,0,,,,,
Alex Collins,RB,BAL,9,PIT,0,0,0,0,0,35,1,9,1,4,0,1,0,0,0,0,0,0,0,0,0,0,,,,,
Alex Smith,QB,WAS,9,ATL,306,1,46,30,1,22,0,1,0,0,0,0,0,0,0,0,0,0,0,0,0,0,,,,,
Alfred Blue,RB,HOU,9,DEN,0,0,0,0,0,39,0,15,0,0,0,0,0,0,0,0,0,0,0,0,0,0,,,,,
Alfred Morris,RB,SF,9,LV,0,0,0,0,0,13,0,7,0,0,0,0,0,0,0,0,0,0,0,0,0,0,,,,,
Allen Hurns,WR,DAL,9,TEN,0,0,0,0,0,0,0,0,1,23,1,1,0,0,0,0,0,0,0,0,0,0,,,,,
Alvin Kamara,RB,NO,9,LA,0,0,0,0,0,82,2,19,4,34,1,5,0,0,0,0,0,0,0,0,0,0,,,,,
Amari Cooper,WR,DAL,9,TEN,0,0,0,0,0,0,0,0,5,58,1,8,0,0,0,0,0,0,0,0,0,0,,,,,
Andre Holmes,WR,BUF,9,CHI,0,0,0,0,0,0,0,0,1,6,0,1,0,0,0,0,0,0,0,0,0,0,,,,,
Andre Roberts,WR,NYJ,9,MIA,0,0,0,0,0,0,0,0,0,0,0,0,0,0,0,0,0,0,0,0,0,0,,,,,
Andy Jones,WR,DET,9,MIN,0,0,0,0,0,0,0,0,0,0,0,0,0,0,0,0,0,0,0,0,0,0,,,,,
Anthony Miller,WR,CHI,9,BUF,0,0,0,0,0,9,0,1,5,49,0,6,0,0,0,0,0,0,0,0,0,0,,,,,
Antonio Brown,WR,PIT,9,BAL,0,0,0,0,0,0,0,0,5,42,1,10,0,0,0,0,0,0,0,0,0,0,,,,,
Antonio Callaway,WR,CLE,9,KC,0,0,0,0,0,0,0,0,3,51,0,5,0,0,0,0,0,0,0,0,0,0,,,,,
Antonio Gates,TE,LAC,9,SEA,0,0,0,0,0,0,0,0,0,0,0,0,0,0,0,0,0,0,0,0,0,0,,,,,
Austin Ekeler,RB,LAC,9,SEA,0,0,0,0,0,21,0,3,1,13,0,2,0,0,0,0,0,0,0,0,0,0,,,,,
Austin Hooper,TE,ATL,9,WAS,0,0,0,0,0,0,0,0,3,41,0,3,0,0,0,0,0,0,0,0,0,0,,,,,
BAL,DEF,BAL,9,PIT,,,,,,,,,,,,,,,,,,,,,,,0,0,0,0,23.0
BUF,DEF,BUF,9,CHI,,,,,,,,,,,,,,,,,,,,,,,0,0,0,0,41.0
Baker Mayfield,QB,CLE,9,KC,297,2,42,29,1,0,0,0,0,0,0,0,0,0,0,0,0,0,0,0,0,0,,,,,
Ben Roethlisberger,QB,PIT,9,BAL,270,2,47,28,0,4,1,2,0,0,0,0,0,0,0,0,0,0,0,0,0,0,,,,,
Benjamin Watson,TE,NO,9,LA,0,0,0,0,0,0,0,0,3,62,1,4,0,0,0,0,0,0,0,0,0,0,,,,,
Blake Jarwin,TE,DAL,9,TEN,0,0,0,0,0,0,0,0,2,15,0,2,0,0,0,0,0,0,0,0,0,0,,,,,
Brandin Cooks,WR,LA,9,NO,0,0,0,0,0,0,0,0,6,114,1,8,0,0,0,0,0,0,0,0,0,0,,,,,
Brandon LaFell,WR,LV,9,SF,0,0,0,0,0,0,0,0,3,20,0,3,0,0,0,0,0,0,0,0,0,0,,,,,
Brandon McManus,K,DEN,9,HOU,0,0,0,0,0,0,0,0,0,0,0,0,0,0,0,0,0,0,1,0,0,2,,,,,
Brandon Powell,WR,DET,9,MIN,0,0,0,0,0,0,0,0,0,0,0,0,0,0,0,0,0,0,0,0,0,0,,,,,
Brandon Zylstra,WR,MIN,9,DET,0,0,0,0,0,0,0,0,0,0,0,0,0,0,0,0,0,0,0,0,0,0,,,,,
Breshad Perriman,WR,CLE,9,KC,0,0,0,0,0,9,0,2,2,36,0,6,0,0,0,0,0,0,0,0,0,0,,,,,
Brett Maher,K,DAL,9,TEN,0,0,0,0,0,0,0,0,0,0,0,0,0,0,0,0,0,0,0,0,0,2,,,,,
Brian Parker,TE,DEN,9,HOU,0,0,0,0,0,0,0,0,0,0,0,0,0,0,0,0,0,0,0,0,0,0,,,,,
Brock Osweiler,QB,MIA,9,NYJ,139,0,24,15,0,4,0,3,0,0,0,0,0,0,0,0,0,0,0,0,0,0,,,,,
Buddy Howell,RB,HOU,9,DEN,0,0,0,0,0,0,0,0,0,0,0,0,0,0,0,0,0,0,0,0,0,0,,,,,
C.J. Anderson,RB,CAR,9,TB,0,0,0,0,0,1,0,1,0,0,0,0,0,0,0,0,0,0,0,0,0,0,,,,,
CAR,DEF,CAR,9,TB,,,,,,,,,,,,,,,,,,,,,,,0,0,0,0,28.0
CHI,DEF,CHI,9,BUF,,,,,,,,,,,,,,,,,,,,,,,1,0,0,0,9.0
CLE,DEF,CLE,9,KC,,,,,,,,,,,,,,,,,,,,,,,0,0,0,0,37.0
Caleb Sturgis,K,LAC,9,SEA,0,0,0,0,0,0,0,0,0,0,0,0,0,0,0,0,0,0,0,0,0,1,,,,,
Calvin Ridley,WR,ATL,9,WAS,0,0,0,0,0,6,0,1,6,71,1,9,0,0,0,0,0,0,0,0,0,0,,,,,
Cam Newton,QB,CAR,9,TB,247,2,25,19,0,33,0,11,0,0,0,0,0,0,0,0,0,0,0,0,0,0,,,,,
Cameron Batson,WR,TEN,9,DAL,0,0,0,0,0,0,0,0,2,21,0,3,0,0,0,0,0,0,0,0,0,0,,,,,
Cameron Brate,TE,TB,9,CAR,0,0,0,0,0,0,0,0,3,15,0,3,0,0,0,0,0,0,0,0,0,0,,,,,
Case Keenum,QB,DEN,9,HOU,290,1,42,26,0,0,0,0,0,0,0,0,0,0,0,0,0,0,0,0,0,0,,,,,
Chad Beebe,WR,MIN,9,DET,0,0,0,0,0,0,0,0,3,21,0,3,0,0,0,0,0,0,0,0,0,0,,,,,
Chandler Catanzaro,K,TB,9,CAR,0,0,0,0,0,0,0,0,0,0,0,0,0,0,0,0,0,0,0,0,0,4,,,,,
Charone Peake,WR,NYJ,9,MIA,0,0,0,0,0,0,0,0,0,0,0,0,0,0,0,0,0,0,0,0,0,0,,,,,
Chase Daniel,QB,CHI,9,BUF,0,0,0,0,0,-3,0,3,0,0,0,0,0,0,0,0,0,0,0,0,0,0,,,,,
Chris Boswell,K,PIT,9,BAL,0,0,0,0,0,0,0,0,0,0,0,0,0,0,0,0,1,0,0,0,0,2,,,,,
Chris Carson,RB,SEA,9,LAC,0,0,0,0,0,40,0,8,0,0,0,0,0,0,0,0,0,0,0,0,0,0,,,,,
Chris Conley,WR,KC,9,CLE,0,0,0,0,0,0,0,0,1,23,0,2,0,0,0,0,0,0,0,0,0,0,,,,,
Chris Godwin Jr.,WR,TB,9,CAR,0,0,0,0,0,0,0,0,2,40,0,3,0,0,0,0,0,0,0,0,0,0,,,,,
Chris Herndon,TE,NYJ,9,MIA,0,0,0,0,0,0,0,0,4,62,0,4,0,0,0,0,0,0,0,0,0,0,,,,,
Chris Hogan,WR,NE,9,GB,0,0,0,0,0,0,0,0,0,0,0,2,0,0,0,0,0,0,0,0,0,0,,,,,
Chris Ivory,RB,BUF,9,CHI,0,0,0,0,0,36,0,7,3,19,0,4,0,0,0,0,0,0,0,0,0,0,,,,,
Chris Moore,WR,BAL,9,PIT,0,0,0,0,0,0,0,0,1,30,0,1,0,0,0,0,0,0,0,0,0,0,,,,,
Christian McCaffrey,RB,CAR,9,TB,0,0,0,0,0,79,2,17,5,78,0,6,0,0,0,0,0,0,0,0,0,0,,,,,
Cody Parkey,K,CHI,9,BUF,0,0,0,0,0,0,0,0,0,0,0,0,0,0,0,0,1,0,1,0,0,5,,,,,
Cole Beasley,WR,DAL,9,TEN,0,0,1,0,0,0,0,0,3,16,0,4,0,0,0,0,0,0,0,0,0,0,,,,,
Cooper Kupp,WR,LA,9,NO,0,0,0,0,0,0,0,0,5,89,1,6,0,0,0,0,0,0,0,0,0,0,,,,,
Cordarrelle Patterson,RB,NE,9,GB,0,0,0,0,0,61,1,11,1,7,0,1,0,0,0,0,0,0,0,0,0,0,,,,,
Corey Davis,WR,TEN,9,DAL,0,0,0,0,0,4,0,1,6,56,0,10,0,0,0,0,0,0,0,0,0,0,,,,,
Courtland Sutton,WR,DEN,9,HOU,0,0,0,0,0,0,0,0,3,57,0,5,0,0,0,0,0,0,0,0,0,0,,,,,
Curtis Samuel,WR,CAR,9,TB,0,0,0,0,0,33,1,1,2,25,1,4,0,0,0,0,0,0,0,0,0,0,,,,,
DAL,DEF,DAL,9,TEN,,,,,,,,,,,,,,,,,,,,,,,0,0,0,0,28.0
DEN,DEF,DEN,9,HOU,,,,,,,,,,,,,,,,,,,,,,,0,0,0,0,19.0
DET,DEF,DET,9,MIN,,,,,,,,,,,,,,,,,,,,,,,0,0,0,0,24.0
DJ Moore,WR,CAR,9,TB,0,0,0,0,0,32,0,1,1,16,0,2,0,0,0,0,0,0,0,0,0,0,,,,,
Dak Prescott,QB,DAL,9,TEN,243,2,31,21,1,11,0,2,0,0,0,1,0,0,0,0,0,0,0,0,0,0,,,,,
Dalvin Cook,RB,MIN,9,DET,0,0,0,0,0,89,0,10,4,20,0,4,0,0,0,0,0,0,0,0,0,0,,,,,
Damien Williams,RB,KC,9,CLE,0,0,0,0,0,0,0,0,0,0,0,0,0,0,0,0,0,0,0,0,0,0,,,,,
Damiere Byrd,WR,CAR,9,TB,0,0,0,0,0,0,0,0,0,0,0,0,0,0,0,0,0,0,0,0,0,0,,,,,
Damion Ratley,WR,CLE,9,KC,0,0,0,0,0,0,0,0,2,16,0,4,0,0,0,0,0,0,0,0,0,0,,,,,
Dan Arnold,TE,NO,9,LA,0,0,0,0,0,0,0,0,0,0,0,1,0,0,0,0,0,0,0,0,0,0,,,,,
Dan Bailey,K,MIN,9,DET,0,0,0,0,0,0,0,0,0,0,0,0,0,0,0,0,0,1,0,0,0,3,,,,,
Daniel Carlson,K,LV,9,SF,0,0,0,0,0,0,0,0,0,0,0,0,0,0,0,0,0,1,0,0,0,0,,,,,
Danny Amendola,WR,MIA,9,NYJ,0,0,0,0,0,0,0,0,5,47,0,7,0,0,0,0,0,0,0,0,0,0,,,,,
Dante Pettis,WR,SF,9,LV,0,0,0,0,0,0,0,0,0,0,0,0,0,0,0,0,0,0,0,0,0,0,,,,,
Darius Jennings,WR,TEN,9,DAL,0,0,0,0,0,0,0,0,1,36,0,1,0,0,0,0,0,0,0,0,0,0,,,,,
Darrius Heyward-Bey,WR,PIT,9,BAL,0,0,0,0,0,0,0,0,0,0,0,0,0,0,0,0,0,0,0,0,0,0,,,,,
Davante Adams,WR,GB,9,NE,0,0,0,0,0,0,0,0,6,40,1,9,0,0,0,0,0,0,0,0,0,0,,,,,
David Fluellen,RB,TEN,9,DAL,0,0,0,0,0,0,0,0,0,0,0,0,0,0,0,0,0,0,0,0,0,0,,,,,
David Moore,WR,SEA,9,LAC,0,0,0,0,0,0,0,0,2,16,0,7,0,0,0,0,0,0,0,0,0,0,,,,,
David Njoku,TE,CLE,9,KC,0,0,0,0,0,0,0,0,4,53,0,5,0,0,0,0,0,0,0,0,0,0,,,,,
DeAndre Hopkins,WR,HOU,9,DEN,0,0,0,0,0,0,0,0,10,105,1,12,0,0,0,0,0,0,0,0,0,0,,,,,
DeAndre Washington,RB,LV,9,SF,0,0,0,0,0,27,0,5,0,0,0,0,0,0,0,0,0,0,0,0,0,0,,,,,
DeSean Jackson,WR,TB,9,CAR,0,0,0,0,0,0,0,0,2,32,0,4,0,0,0,0,0,0,0,0,0,0,,,,,
DeVante Parker,WR,MIA,9,NYJ,0,0,0,0,0,0,0,0,1,8,0,2,0,0,0,0,0,0,0,0,0,0,,,,,
Demarcus Robinson,WR,KC,9,CLE,0,0,0,0,0,0,0,0,1,3,0,2,0,0,0,0,0,0,0,0,0,0,,,,,
Demaryius Thomas,WR,HOU,9,DEN,0,0,0,0,0,0,0,0,3,61,0,3,0,0,0,0,0,0,0,0,0,0,,,,,
Demetrius Harris,TE,KC,9,CLE,0,0,0,0,0,0,0,0,0,0,0,1,0,0,0,0,0,0,0,0,0,0,,,,,
Deontay Burnett,WR,NYJ,9,MIA,0,0,0,0,0,0,0,0,0,0,0,2,0,0,0,0,0,0,0,0,0,0,,,,,
Deonte Thompson,WR,DAL,9,TEN,0,0,0,0,0,0,0,0,2,21,0,2,0,0,0,0,0,0,0,0,0,0,,,,,
Derek Carr,QB,LV,9,SF,171,0,21,16,0,5,0,3,0,0,0,0,0,0,0,0,0,0,0,0,0,0,,,,,
Derek Carrier,TE,LV,9,SF,0,0,0,0,0,0,0,0,1,8,0,2,0,0,0,0,0,0,0,0,0,0,,,,,
Derrick Henry,RB,TEN,9,DAL,0,0,0,0,0,27,1,6,2,5,0,2,0,0,0,0,0,0,0,0,0,0,,,,,
Deshaun Watson,QB,HOU,9,DEN,213,2,24,17,0,38,0,6,0,0,0,0,0,0,0,0,0,0,0,0,0,0,,,,,
Devin Funchess,WR,CAR,9,TB,0,0,0,0,0,0,0,0,4,44,0,5,0,0,0,0,0,0,0,0,0,0,,,,,
Devontae Booker,RB,DEN,9,HOU,0,0,0,0,0,15,1,3,2,9,0,4,0,0,0,0,0,0,0,0,0,0,,,,,
Dion Lewis,RB,TEN,9,DAL,0,0,0,0,0,62,0,19,4,60,1,4,0,0,0,0,0,0,0,0,0,0,,,,,
Dontrell Hilliard,RB,CLE,9,KC,0,0,0,0,0,0,0,0,0,0,0,1,0,0,0,0,0,0,0,0,0,0,,,,,
Doug Baldwin,WR,SEA,9,LAC,0,0,0,0,0,0,0,0,4,77,0,4,0,0,0,0,0,0,0,0,0,0,,,,,
Doug Martin,RB,LV,9,SF,0,0,0,0,0,49,0,11,1,20,0,2,0,0,0,0,0,0,0,0,0,0,,,,,
Drew Brees,QB,NO,9,LA,346,4,36,25,0,16,0,4,0,0,0,0,0,0,0,0,0,0,0,0,0,0,,,,,
Duke Johnson,RB,CLE,9,KC,0,0,0,0,0,8,0,1,9,78,2,9,0,0,0,0,0,0,0,0,0,0,,,,,
Dustin Hopkins,K,WAS,9,ATL,0,0,0,0,0,0,0,0,0,0,0,0,0,0,0,0,0,0,0,0,0,2,,,,,
Dwayne Allen,TE,NE,9,GB,0,0,0,0,0,0,0,0,1,21,0,1,0,0,0,0,0,0,0,0,0,0,,,,,
Dwayne Harris,WR,LV,9,SF,0,0,0,0,0,0,0,0,1,13,0,1,0,0,0,0,0,0,0,0,0,0,,,,,
Dwayne Washington,RB,NO,9,LA,0,0,0,0,0,0,0,0,0,0,0,0,0,0,0,0,0,0,0,0,0,0,,,,,
Ed Dickson,TE,SEA,9,LAC,0,0,0,0,0,0,0,0,0,0,0,1,0,0,0,0,0,0,0,0,0,0,,,,,
Elijah McGuire,RB,NYJ,9,MIA,0,0,0,0,0,30,0,7,3,37,0,5,0,0,0,0,0,0,0,0,0,0,,,,,
Emmanuel Sanders,WR,DEN,9,HOU,0,0,0,0,0,0,0,0,6,47,0,9,0,0,0,0,0,0,0,0,0,0,,,,,
Equanimeous St. Brown,WR,GB,9,NE,0,0,0,0,0,0,0,0,1,4,0,4,0,0,0,0,0,0,0,0,0,0,,,,,
Eric Saubert,TE,ATL,9,WAS,0,0,0,0,0,0,0,0,0,0,0,0,0,0,0,0,0,0,0,0,0,0,,,,,
Eric Tomlinson,TE,NYJ,9,MIA,0,0,0,0,0,0,0,0,1,6,0,2,0,0,0,0,0,0,0,0,0,0,,,,,
Ezekiel Elliott,RB,DAL,9,TEN,0,0,0,0,0,61,0,17,4,51,0,5,0,0,0,0,0,0,0,0,0,0,,,,,
Frank Gore,RB,MIA,9,NYJ,0,0,0,0,0,53,0,20,1,6,0,1,0,0,0,0,0,0,0,0,0,0,,,,,
GB,DEF,GB,9,NE,,,,,,,,,,,,,,,,,,,,,,,0,0,0,0,31.0
George Kittle,TE,SF,9,LV,0,0,0,0,0,0,0,0,4,108,1,4,0,0,0,0,0,0,0,0,0,0,,,,,
Gerald Everett,TE,LA,9,NO,0,0,0,0,0,0,0,0,3,48,0,5,0,0,1,0,0,0,0,0,0,0,,,,,
Geremy Davis,WR,LAC,9,SEA,0,0,0,0,0,0,0,0,0,0,0,0,0,0,0,0,0,0,0,0,0,0,,,,,
Giorgio Tavecchio,K,ATL,9,WAS,0,0,0,0,0,0,0,0,0,0,0,0,0,0,0,0,1,0,0,0,0,5,,,,,
Graham Gano,K,CAR,9,TB,0,0,0,0,0,0,0,0,0,0,0,0,0,0,0,0,0,0,0,0,0,6,,,,,
Greg Joseph,K,CLE,9,KC,0,0,0,0,0,0,0,0,0,0,0,0,0,0,0,0,0,0,0,1,0,0,,,,,
Greg Olsen,TE,CAR,9,TB,0,0,0,0,0,0,0,0,6,76,1,6,0,0,0,0,0,0,0,0,0,0,,,,,
Greg Zuerlein,K,LA,9,NO,0,0,0,0,0,0,0,0,0,0,0,0,0,0,0,0,0,1,0,1,0,3,,,,,
Gus Edwards,RB,BAL,9,PIT,0,0,0,0,0,10,0,1,0,0,0,0,0,0,0,0,0,0,0,0,0,0,,,,,
HOU,DEF,HOU,9,DEN,,,,,,,,,,,,,,,,,,,,,,,0,0,0,0,17.0
Harrison Butker,K,KC,9,CLE,0,0,0,0,0,0,0,0,0,0,0,0,0,0,0,0,0,1,0,0,0,4,,,,,
Hayden Hurst,TE,BAL,9,PIT,0,0,0,0,0,0,0,0,1,21,0,2,0,0,0,0,0,0,0,0,0,0,,,,,
Isaiah Crowell,RB,NYJ,9,MIA,0,0,0,0,0,49,0,13,1,11,0,2,0,0,0,0,0,0,0,0,0,0,,,,,
Ito Smith,RB,ATL,9,WAS,0,0,0,0,0,60,1,10,1,4,0,2,0,0,0,0,0,0,0,0,0,0,,,,,
J'Mon Moore,WR,GB,9,NE,0,0,0,0,0,0,0,0,0,0,0,0,0,0,0,0,0,0,0,0,0,0,,,,,
Jacquizz Rodgers,RB,TB,9,CAR,0,0,0,0,0,14,0,2,2,-4,0,3,0,0,0,0,0,0,0,0,0,0,,,,,
Jakeem Grant,WR,MIA,9,NYJ,0,0,0,0,0,0,0,0,1,16,0,2,0,0,0,0,0,0,0,0,0,0,,,,,
Jalen Richard,RB,LV,9,SF,0,0,0,0,0,4,0,2,4,45,0,4,0,0,0,0,0,0,0,0,0,0,,,,,
Jamaal Williams,RB,GB,9,NE,0,0,0,0,0,34,0,7,2,20,0,2,0,0,0,0,0,0,0,0,0,0,,,,,
James Conner,RB,PIT,9,BAL,0,0,0,0,0,107,0,24,7,56,1,9,0,0,0,0,0,0,0,0,0,0,,,,,
James Washington,WR,PIT,9,BAL,0,0,0,0,0,0,0,0,2,17,0,5,0,0,0,0,0,0,0,0,0,0,,,,,
James White,RB,NE,9,GB,0,0,0,0,0,31,2,12,6,72,0,7,0,0,0,0,0,0,0,0,0,0,,,,,
Jamize Olawale,RB,DAL,9,TEN,0,0,0,0,0,0,0,0,0,0,0,0,0,0,0,0,0,0,0,0,0,0,,,,,
Jared Cook,TE,LV,9,SF,0,0,0,0,0,0,0,0,2,20,0,2,0,0,0,0,0,0,0,0,0,0,,,,,
Jared Goff,QB,LA,9,NO,391,3,40,28,1,17,0,3,0,0,0,0,0,0,1,0,0,0,0,0,0,0,,,,,
Jarius Wright,WR,CAR,9,TB,0,0,0,0,0,0,0,0,1,8,0,1,0,0,0,0,0,0,0,0,0,0,,,,,
Jaron Brown,WR,SEA,9,LAC,0,0,0,0,0,0,0,0,1,10,1,2,0,0,0,0,0,0,0,0,0,0,,,,,
Jarvis Landry,WR,CLE,9,KC,0,0,0,0,0,0,0,0,6,50,0,7,0,0,0,0,0,0,0,0,0,0,,,,,
Jason Croom,TE,BUF,9,CHI,0,0,0,0,0,0,0,0,3,36,0,5,0,0,0,0,0,0,0,0,0,0,,,,,
Jason Myers,K,NYJ,9,MIA,0,0,0,0,0,0,0,0,0,0,0,0,0,0,0,0,0,0,1,1,0,0,,,,,
Jason Sanders,K,MIA,9,NYJ,0,0,0,0,0,0,0,0,0,0,0,0,0,0,0,0,1,0,1,0,0,1,,,,,
Javorius Allen,RB,BAL,9,PIT,0,0,0,0,0,6,0,1,5,8,0,5,0,0,0,0,0,0,0,0,0,0,,,,,
Jaylen Samuels,RB,PIT,9,BAL,0,0,0,0,0,2,0,1,0,0,0,0,0,0,0,0,0,0,0,0,0,0,,,,,
Jeff Heuerman,TE,DEN,9,HOU,0,0,0,0,0,0,0,0,10,83,1,11,0,0,0,0,0,0,0,0,0,0,,,,,
Jehu Chesson,WR,WAS,9,ATL,0,0,0,0,0,0,0,0,0,0,0,0,0,0,0,0,0,0,0,0,0,0,,,,,
Jermaine Kearse,WR,NYJ,9,MIA,0,0,0,0,0,0,0,0,3,20,0,9,0,0,0,0,0,0,0,0,0,0,,,,,
Jesse James,TE,PIT,9,BAL,0,0,0,0,0,0,0,0,2,53,0,3,0,0,0,0,0,0,0,0,0,0,,,,,
Jimmy Graham,TE,GB,9,NE,0,0,0,0,0,0,0,0,4,55,1,6,0,0,0,0,0,0,0,0,0,0,,,,,
JoJo Natson,WR,LA,9,NO,0,0,0,0,0,0,0,0,0,0,0,0,0,0,0,0,0,0,0,0,0,0,,,,,
Joe Flacco,QB,BAL,9,PIT,206,0,37,23,0,0,0,0,0,0,0,0,0,0,0,0,0,0,0,0,0,0,,,,,
John Brown,WR,BAL,9,PIT,0,0,0,0,0,0,0,0,3,15,0,6,0,0,0,0,0,0,0,0,0,0,,,,,
Jonnu Smith,TE,TEN,9,DAL,0,0,0,0,0,0,0,0,2,33,1,2,0,0,0,0,0,0,0,0,0,0,,,,,
Jordan Akins,TE,HOU,9,DEN,0,0,0,0,0,0,0,0,0,0,0,3,0,0,0,0,0,0,0,0,0,0,,,,,
Jordan Howard,RB,CHI,9,BUF,0,0,0,0,0,47,2,14,0,0,0,0,0,0,0,0,0,0,0,0,0,0,,,,,
Jordan Leggett,TE,NYJ,9,MIA,0,0,0,0,0,0,0,0,1,6,0,2,0,0,0,0,0,0,0,0,0,0,,,,,
Jordan Reed,TE,WAS,9,ATL,0,0,0,0,0,0,0,0,4,34,0,6,0,0,0,0,0,0,0,0,0,0,,,,,
Jordy Nelson,WR,LV,9,SF,0,0,0,0,0,0,0,0,2,16,0,3,0,0,0,0,0,0,0,0,0,0,,,,,
Josh Bellamy,WR,CHI,9,BUF,0,0,0,0,0,0,0,0,0,0,0,2,0,0,0,0,0,0,0,0,0,0,,,,,
Josh Doctson,WR,WAS,9,ATL,0,0,0,0,0,0,0,0,3,31,1,6,0,0,0,0,0,0,0,0,0,0,,,,,
Josh Gordon,WR,NE,9,GB,0,0,0,0,0,0,0,0,5,130,1,9,0,0,0,0,0,0,0,0,0,0,,,,,
Josh Hill,TE,NO,9,LA,0,0,0,0,0,0,0,0,2,10,0,4,0,0,0,0,0,0,0,0,0,0,,,,,
Joshua Dobbs,QB,PIT,9,BAL,22,0,1,1,0,0,0,0,0,0,0,0,0,0,0,0,0,0,0,0,0,0,,,,,
JuJu Smith-Schuster,WR,PIT,9,BAL,0,0,0,0,0,0,0,0,7,78,0,9,0,0,0,0,0,0,0,0,0,0,,,,,
Julian Edelman,WR,NE,9,GB,37,0,1,1,0,28,0,2,6,71,0,10,0,0,0,0,0,0,0,0,0,0,,,,,
Julio Jones,WR,ATL,9,WAS,0,0,0,0,0,0,0,0,7,121,1,10,0,0,0,0,0,0,0,0,0,0,,,,,
Justin Hardy,WR,ATL,9,WAS,0,0,0,0,0,0,0,0,0,0,0,0,0,0,0,0,0,0,0,0,0,0,,,,,
Justin Tucker,K,BAL,9,PIT,0,0,0,0,0,0,0,0,0,0,0,0,0,0,0,0,2,1,0,0,0,1,,,,,
KC,DEF,KC,9,CLE,,,,,,,,,,,,,,,,,,,,,,,0,0,0,0,21.0
Ka'imi Fairbairn,K,HOU,9,DEN,0,0,0,0,0,0,0,0,0,0,0,0,0,0,0,0,0,1,1,0,0,1,,,,,
Kalen Ballage,RB,MIA,9,NYJ,0,0,0,0,0,-2,0,1,2,17,0,2,0,0,0,0,0,0,0,0,0,0,,,,,
Kapri Bibbs,RB,WAS,9,ATL,0,0,0,0,0,20,1,3,1,15,0,1,0,0,0,0,0,0,0,0,0,0,,,,,
Kareem Hunt,RB,KC,9,CLE,0,0,0,0,0,91,2,17,1,50,1,2,0,0,0,0,0,0,0,0,0,0,,,,,
Keenan Allen,WR,LAC,9,SEA,0,0,0,0,0,28,0,2,6,124,0,10,0,0,0,0,0,0,0,0,0,0,,,,,
Kelvin Benjamin,WR,BUF,9,CHI,0,0,0,0,0,0,0,0,4,40,0,9,0,0,0,0,0,0,0,0,0,0,,,,,
Kendrick Bourne,WR,SF,9,LV,0,0,0,0,0,0,0,0,2,6,1,2,0,0,0,0,0,0,0,0,0,0,,,,,
Kenjon Barner,RB,NE,9,GB,0,0,0,0,0,4,0,1,0,0,0,0,0,0,0,0,0,0,0,0,0,0,,,,,
Kenny Golladay,WR,DET,9,MIN,0,0,0,0,0,8,0,1,3,46,0,4,0,0,0,0,0,0,0,0,0,0,,,,,
Kenny Stills,WR,MIA,9,NYJ,0,0,0,0,0,0,0,0,1,19,0,1,0,0,0,0,0,0,0,0,0,0,,,,,
Kenyan Drake,RB,MIA,9,NYJ,0,0,0,0,0,9,0,3,4,26,0,6,0,0,0,0,0,0,0,0,0,0,,,,,
Kerryon Johnson,RB,DET,9,MIN,0,0,0,0,0,37,0,12,3,7,0,5,0,0,0,0,0,0,0,0,0,0,,,,,
Kirk Cousins,QB,MIN,9,DET,164,1,22,18,1,3,0,2,0,0,0,0,0,0,0,0,0,0,0,0,0,0,,,,,
Kyle Juszczyk,RB,SF,9,LV,0,0,0,0,0,1,0,1,2,10,0,2,0,0,0,0,0,0,0,0,0,0,,,,,
Kyle Rudolph,TE,MIN,9,DET,0,0,0,0,0,0,0,0,2,28,0,2,0,0,0,0,0,0,0,0,0,0,,,,,
LA,DEF,LA,9,NO,,,,,,,,,,,,,,,,,,,,,,,0,0,0,0,45.0
LAC,DEF,LAC,9,SEA,,,,,,,,,,,,,,,,,,,,,,,1,0,0,0,17.0
LV,DEF,LV,9,SF,,,,,,,,,,,,,,,,,,,,,,,0,0,0,0,0.0
Lamar Jackson,QB,BAL,9,PIT,12,0,1,1,0,10,0,5,0,0,0,1,0,0,0,0,0,0,0,0,0,0,,,,,
Lamar Miller,RB,HOU,9,DEN,0,0,0,0,0,21,0,12,2,27,0,2,0,0,0,0,0,0,0,0,0,0,,,,,
Lance Kendricks,TE,GB,9,NE,0,0,0,0,0,0,0,0,0,0,0,1,0,0,0,0,0,0,0,0,0,0,,,,,
Laquon Treadwell,WR,MIN,9,DET,0,0,0,0,0,0,0,0,2,37,0,2,0,0,0,0,0,0,0,0,0,0,,,,,
Latavius Murray,RB,MIN,9,DET,0,0,0,0,0,31,1,10,1,16,0,1,0,0,0,0,0,0,0,0,0,0,,,,,
LeGarrette Blount,RB,DET,9,MIN,0,0,0,0,0,8,0,5,1,2,0,1,0,0,0,0,0,0,0,0,0,0,,,,,
LeSean McCoy,RB,BUF,9,CHI,0,0,0,0,0,10,0,10,4,19,0,4,0,0,0,0,0,0,0,0,0,0,,,,,
Logan Thomas,TE,BUF,9,CHI,0,0,0,0,0,0,0,0,7,40,0,8,0,0,0,0,0,0,0,0,0,0,,,,,
Luke Stocker,TE,TEN,9,DAL,0,0,0,0,0,0,0,0,1,5,0,2,0,0,0,0,0,0,0,0,0,0,,,,,
Luke Willson,TE,DET,9,MIN,0,0,0,0,0,0,0,0,2,17,0,2,0,0,0,0,0,0,0,0,0,0,,,,,
MIA,DEF,MIA,9,NYJ,,,,,,,,,,,,,,,,,,,,,,,1,0,0,0,6.0
MIN,DEF,MIN,9,DET,,,,,,,,,,,,,,,,,,,,,,,0,0,0,0,9.0
Malcolm Brown,RB,LA,9,NO,0,0,0,0,0,0,0,0,1,18,1,1,0,0,0,0,0,0,0,0,0,0,,,,,
Marcedes Lewis,TE,GB,9,NE,0,0,0,0,0,0,0,0,1,5,0,1,0,0,0,0,0,0,0,0,0,0,,,,,
Marcus Mariota,QB,TEN,9,DAL,240,2,29,21,0,32,1,10,0,0,0,0,0,0,0,0,0,0,0,0,0,0,,,,,
Marcus Murphy,RB,BUF,9,CHI,0,0,0,0,0,6,0,1,3,-7,0,4,0,0,0,0,0,0,0,0,0,0,,,,,
Mark Andrews,TE,BAL,9,PIT,0,0,0,0,0,0,0,0,3,50,0,6,0,0,0,0,0,0,0,0,0,0,,,,,
Mark Ingram,RB,NO,9,LA,0,0,0,0,0,33,0,9,1,3,0,2,0,0,0,0,0,0,0,0,0,0,,,,,
Marquez Valdes-Scantling,WR,GB,9,NE,0,0,0,0,0,0,0,0,3,101,0,6,0,0,0,0,0,0,0,0,0,0,,,,,
Marquise Goodwin,WR,SF,9,LV,0,0,0,0,0,2,0,1,1,11,0,4,0,0,0,0,0,0,0,0,0,0,,,,,
Martavis Bryant,WR,LV,9,SF,0,0,0,0,0,17,0,1,2,29,0,2,0,0,0,0,0,0,0,0,0,0,,,,,
Marvin Hall,WR,ATL,9,WAS,0,0,0,0,0,0,0,0,0,0,0,1,0,0,0,0,0,0,0,0,0,0,,,,,
Marvin Jones,WR,DET,9,MIN,0,0,0,0,0,0,0,0,6,66,0,8,0,0,0,0,0,0,0,0,0,0,,,,,
Mason Crosby,K,GB,9,NE,0,0,0,0,0,0,0,0,0,0,0,0,0,0,0,0,1,0,0,0,0,2,,,,,
Matt Breida,RB,SF,9,LV,0,0,0,0,0,44,0,12,1,3,0,1,0,0,0,0,0,0,0,0,0,0,,,,,
Matt LaCosse,TE,DEN,9,HOU,0,0,0,0,0,0,0,0,1,44,0,1,0,0,0,0,0,0,0,0,0,0,,,,,
Matt Prater,K,DET,9,MIN,0,0,0,0,0,0,0,0,0,0,0,0,0,0,0,0,0,3,0,0,0,0,,,,,
Matt Ryan,QB,ATL,9,WAS,350,4,38,26,1,0,0,0,0,0,0,0,0,0,0,0,0,0,0,0,0,0,,,,,
Matthew Slater,WR,NE,9,GB,0,0,0,0,0,0,0,0,0,0,0,0,0,0,0,0,0,0,0,0,0,0,,,,,
Matthew Stafford,QB,DET,9,MIN,199,0,36,25,0,6,0,5,0,0,0,0,0,0,0,0,0,0,0,0,0,0,,,,,
Maurice Harris,WR,WAS,9,ATL,0,0,0,0,0,0,0,0,10,124,0,12,0,0,0,0,0,0,0,0,0,0,,,,,
Melvin Gordon,RB,LAC,9,SEA,0,0,0,0,0,113,1,16,1,10,0,4,0,0,0,0,0,0,0,0,0,0,,,,,
Michael Crabtree,WR,BAL,9,PIT,0,0,0,0,0,0,0,0,3,32,0,7,0,0,0,0,0,0,0,0,0,0,,,,,
Michael Floyd,WR,WAS,9,ATL,0,0,0,0,0,0,0,0,0,0,0,1,0,0,0,0,0,0,0,0,0,0,,,,,
Michael Gallup,WR,DAL,9,TEN,0,0,0,0,0,0,0,0,3,51,0,6,0,0,0,0,0,0,0,0,0,0,,,,,
Michael Roberts,TE,DET,9,MIN,0,0,0,0,0,0,0,0,1,12,0,4,0,0,0,0,0,0,0,0,0,0,,,,,
Michael Thomas,WR,NO,9,LA,0,0,0,0,0,0,0,0,12,211,1,15,0,0,0,0,0,0,0,0,0,0,,,,,
Mike Davis,RB,SEA,9,LAC,0,0,0,0,0,62,0,15,7,45,0,8,0,0,0,0,0,0,0,0,0,0,,,,,
Mike Evans,WR,TB,9,CAR,0,0,0,0,0,0,0,0,1,16,0,10,0,0,0,0,0,0,0,0,0,0,,,,,
Mike Gesicki,TE,MIA,9,NYJ,0,0,0,0,0,0,0,0,0,0,0,1,0,0,0,0,0,0,0,0,0,0,,,,,
Mike Williams,WR,LAC,9,SEA,0,0,0,0,0,0,0,0,1,30,1,3,0,0,0,0,0,0,0,0,0,0,,,,,
Mitchell Trubisky,QB,CHI,9,BUF,135,1,20,12,1,6,0,1,0,0,0,0,0,0,0,0,0,0,0,0,0,0,,,,,
Mohamed Sanu,WR,ATL,9,WAS,0,0,0,0,0,0,0,0,4,45,0,5,0,0,0,0,0,0,0,0,0,0,,,,,
NE,DEF,NE,9,GB,,,,,,,,,,,,,,,,,,,,,,,0,0,0,0,17.0
NO,DEF,NO,9,LA,,,,,,,,,,,,,,,,,,,,,,,0,0,0,0,35.0
NYJ,DEF,NYJ,9,MIA,,,,,,,,,,,,,,,,,,,,,,,0,0,0,0,13.0
Nathan Peterman,QB,BUF,9,CHI,188,0,49,31,3,47,1,8,0,0,0,0,0,0,0,0,0,0,0,0,0,0,,,,,
Nick Chubb,RB,CLE,9,KC,0,0,0,0,0,85,1,22,1,5,0,1,0,0,0,0,0,0,0,0,0,0,,,,,
Nick Mullens,QB,SF,9,LV,262,3,22,16,0,-3,0,4,0,0,0,0,0,0,0,0,0,0,0,0,0,0,,,,,
Nick Vannett,TE,SEA,9,LAC,0,0,0,0,0,0,0,0,6,52,1,8,0,0,0,0,0,0,0,0,0,0,,,,,
O.J. Howard,TE,TB,9,CAR,0,0,0,0,0,0,0,0,4,53,2,6,0,0,0,0,0,0,0,0,0,0,,,,,
PIT,DEF,PIT,9,BAL,,,,,,,,,,,,,,,,,,,,,,,0,0,0,0,16.0
Patrick DiMarco,RB,BUF,9,CHI,0,0,0,0,0,0,0,0,0,0,0,0,0,0,0,0,0,0,0,0,0,0,,,,,
Patrick Mahomes,QB,KC,9,CLE,375,3,32,23,1,18,0,2,0,0,0,0,0,0,0,0,0,0,0,0,0,0,,,,,
Paul Richardson,WR,WAS,9,ATL,0,0,0,0,0,0,0,0,2,16,0,6,0,0,0,0,0,0,0,0,0,0,,,,,
Peyton Barber,RB,TB,9,CAR,0,0,0,0,0,31,0,11,2,9,0,3,0,0,0,0,0,0,0,0,0,0,,,,,
Philip Rivers,QB,LAC,9,SEA,228,2,26,13,0,0,0,0,0,0,0,0,0,0,0,0,0,0,0,0,0,0,,,,,
Phillip Dorsett,WR,NE,9,GB,0,0,0,0,0,0,0,0,3,30,0,3,0,0,0,0,0,0,0,0,0,0,,,,,
Phillip Lindsay,RB,DEN,9,HOU,0,0,0,0,0,60,0,17,2,24,0,3,0,0,0,0,0,0,0,0,0,0,,,,,
Pierre Garcon,WR,SF,9,LV,0,0,0,0,0,0,0,0,3,56,1,5,0,0,0,0,0,0,0,0,0,0,,,,,
Quincy Enunwa,WR,NYJ,9,MIA,0,0,0,0,0,0,0,0,3,40,0,4,0,0,0,0,0,0,0,0,0,0,,,,,
Raheem Mostert,RB,SF,9,LV,0,0,0,0,0,86,1,7,0,0,0,0,0,0,0,0,0,0,0,0,0,0,,,,,
Randall Cobb,WR,GB,9,NE,0,0,0,0,0,0,0,0,5,24,0,6,0,0,0,0,0,0,0,0,0,0,,,,,
Rashaad Penny,RB,SEA,9,LAC,0,0,0,0,0,11,0,4,3,13,0,3,0,0,0,0,0,0,0,0,0,0,,,,,
Rashard Higgins,WR,CLE,9,KC,0,0,0,0,0,0,0,0,3,19,0,4,0,0,0,0,0,0,0,0,0,0,,,,,
Ray-Ray McCloud,WR,BUF,9,CHI,0,0,0,0,0,0,0,0,0,0,0,1,0,0,0,0,0,0,0,0,0,0,,,,,
Richie James,WR,SF,9,LV,0,0,0,0,0,0,0,0,2,60,0,3,0,0,0,0,0,0,0,0,0,0,,,,,
River Cracraft,WR,DEN,9,HOU,0,0,0,0,0,0,0,0,0,0,0,0,0,0,0,0,0,0,0,0,0,0,,,,,
Robbie Chosen,WR,NYJ,9,MIA,0,0,0,0,0,1,0,1,4,32,0,7,0,0,0,0,0,0,0,0,0,0,,,,,
Robbie Gould,K,SF,9,LV,0,0,0,0,0,0,0,0,0,0,0,0,0,0,0,0,1,1,0,0,0,4,,,,,
Robert Tonyan,TE,GB,9,NE,0,0,0,0,0,0,0,0,0,0,0,0,0,0,0,0,0,0,0,0,0,0,,,,,
Robert Woods,WR,LA,9,NO,0,0,0,0,0,4,0,2,5,71,0,9,0,0,0,0,0,0,0,0,0,0,,,,,
Rod Smith,RB,DAL,9,TEN,0,0,0,0,0,0,0,0,1,8,0,2,0,0,0,0,0,0,0,0,0,0,,,,,
Ross Dwelley,TE,SF,9,LV,0,0,0,0,0,0,0,0,1,8,0,1,0,0,0,0,0,0,0,0,0,0,,,,,
Russell Gage,WR,ATL,9,WAS,0,0,0,0,0,0,0,0,0,0,0,0,0,0,0,0,0,0,0,0,0,0,,,,,
Russell Wilson,QB,SEA,9,LAC,235,2,39,26,1,41,0,5,0,0,0,0,0,0,0,0,0,0,0,0,0,0,,,,,
Ryan Fitzpatrick,QB,TB,9,CAR,243,4,40,24,2,23,0,5,0,0,0,0,0,0,0,0,0,0,0,0,0,0,,,,,
Ryan Griffin,TE,HOU,9,DEN,0,0,0,0,0,0,0,0,1,13,0,2,0,0,0,0,0,0,0,0,0,0,,,,,
Ryan Succop,K,TEN,9,DAL,0,0,0,0,0,0,0,0,0,0,0,0,0,0,0,0,0,0,0,0,0,4,,,,,
Ryan Switzer,WR,PIT,9,BAL,0,0,0,0,0,0,0,0,3,21,0,4,0,0,0,0,0,0,0,0,0,0,,,,,
SEA,DEF,SEA,9,LAC,,,,,,,,,,,,,,,,,,,,,,,0,0,0,0,25.0
SF,DEF,SF,9,LV,,,,,,,,,,,,,,,,,,,,,,,0,0,0,0,3.0
Sam Darnold,QB,NYJ,9,MIA,229,0,39,21,4,0,0,0,0,0,0,0,0,0,0,0,0,0,0,0,0,0,,,,,
Samaje Perine,RB,WAS,9,ATL,0,0,0,0,0,20,0,2,2,8,0,3,0,0,0,0,0,0,0,0,0,0,,,,,
Sammy Watkins,WR,KC,9,CLE,0,0,0,0,0,2,0,1,5,62,0,5,0,0,0,0,0,0,0,0,0,0,,,,,
Sebastian Janikowski,K,SEA,9,LAC,0,0,0,0,0,0,0,0,0,0,0,0,0,0,0,0,0,0,1,0,0,2,,,,,
Senorise Perry,RB,MIA,9,NYJ,0,0,0,0,0,0,0,0,0,0,0,0,0,0,0,0,0,0,0,0,0,0,,,,,
Seth DeValve,TE,CLE,9,KC,0,0,0,0,0,0,0,0,0,0,0,1,0,0,0,0,0,0,0,0,0,0,,,,,
Seth Roberts,WR,LV,9,SF,0,0,0,0,0,0,0,0,1,8,0,2,0,0,0,0,0,0,0,0,0,0,,,,,
Shaun Wilson,RB,TB,9,CAR,0,0,0,0,0,7,0,2,0,0,0,0,0,0,0,0,0,0,0,0,0,0,,,,,
Spencer Ware,RB,KC,9,CLE,0,0,0,0,0,12,0,2,4,69,0,5,0,0,0,0,0,0,0,0,0,0,,,,,
Stephen Gostkowski,K,NE,9,GB,0,0,0,0,0,0,0,0,0,0,0,0,0,0,0,0,1,0,0,0,0,4,,,,,
Steven Hauschka,K,BUF,9,CHI,0,0,0,0,0,0,0,0,0,0,0,0,0,0,0,0,0,0,1,0,0,0,,,,,
T.J. Jones,WR,DET,9,MIN,0,0,0,0,0,0,0,0,2,13,0,2,0,0,0,0,0,0,0,0,0,0,,,,,
TB,DEF,TB,9,CAR,,,,,,,,,,,,,,,,,,,,,,,0,0,0,0,42.0
TEN,DEF,TEN,9,DAL,,,,,,,,,,,,,,,,,,,,,,,0,0,0,0,14.0
Tajae Sharpe,WR,TEN,9,DAL,0,0,0,0,0,0,0,0,1,0,0,1,0,0,0,0,0,0,0,0,0,0,,,,,
Taquan Mizzell,RB,CHI,9,BUF,0,0,0,0,0,0,0,0,1,5,0,2,0,0,0,0,0,0,0,0,0,0,,,,,
Tarik Cohen,RB,CHI,9,BUF,0,0,0,0,0,5,0,6,1,8,0,2,0,0,0,0,0,0,0,0,0,0,,,,,
Taylor Gabriel,WR,CHI,9,BUF,0,0,0,0,0,0,0,0,3,45,0,5,0,0,0,0,0,0,0,0,0,0,,,,,
Taysom Hill,TE,NO,9,LA,0,0,0,0,0,10,0,2,0,0,0,1,0,0,0,0,0,0,0,0,0,0,,,,,
Taywan Taylor,WR,TEN,9,DAL,0,0,0,0,0,0,0,0,2,24,0,2,0,0,0,0,0,0,0,0,0,0,,,,,
Terrelle Pryor,WR,BUF,9,CHI,0,0,0,0,0,-1,0,1,2,17,0,5,0,0,0,0,0,0,0,0,0,0,,,,,
Tevin Coleman,RB,ATL,9,WAS,0,0,0,0,0,88,0,13,5,68,2,7,0,0,0,0,0,0,0,0,0,0,,,,,
Theo Riddick,RB,DET,9,MIN,0,0,0,0,0,0,0,0,7,36,0,8,0,0,0,0,0,0,0,0,0,0,,,,,
Tim Patrick,WR,DEN,9,HOU,0,0,0,0,0,0,0,0,1,17,0,4,0,0,0,0,0,0,0,0,0,0,,,,,
Todd Gurley,RB,LA,9,NO,0,0,0,0,0,68,1,13,6,11,0,7,0,0,0,0,0,0,0,0,0,0,,,,,
Tom Brady,QB,NE,9,GB,294,1,35,22,0,-1,0,5,0,0,0,0,0,0,0,0,0,0,0,0,0,0,,,,,
Travis Benjamin,WR,LAC,9,SEA,0,0,0,0,0,-2,0,1,0,0,0,1,0,0,0,0,0,0,0,0,0,0,,,,,
Travis Kelce,TE,KC,9,CLE,0,0,0,0,0,0,0,0,7,99,2,9,0,0,0,0,0,0,0,0,0,0,,,,,
Tre'Quan Smith,WR,NO,9,LA,0,0,0,0,0,0,0,0,2,23,1,3,0,0,0,0,0,0,0,0,0,0,,,,,
Trenton Cannon,RB,NYJ,9,MIA,0,0,0,0,0,0,0,0,1,15,0,1,0,0,0,0,0,0,0,0,0,0,,,,,
Trey Burton,TE,CHI,9,BUF,0,0,0,0,0,0,0,0,2,28,1,3,0,0,0,0,0,0,0,0,0,0,,,,,
Tyler Ervin,RB,HOU,9,DEN,0,0,0,0,0,0,0,0,0,0,0,0,0,0,0,0,0,0,0,0,0,0,,,,,
Tyler Higbee,TE,LA,9,NO,0,0,0,0,0,0,0,0,2,40,0,4,0,0,0,0,0,0,0,0,0,0,,,,,
Tyler Lockett,WR,SEA,9,LAC,0,0,0,0,0,0,0,0,3,22,0,4,0,0,0,0,0,0,0,0,0,0,,,,,
Tyreek Hill,WR,KC,9,CLE,0,0,0,0,0,16,0,2,4,69,0,5,0,0,0,0,0,0,0,0,0,0,,,,,
Tyrell Williams,WR,LAC,9,SEA,0,0,0,0,0,0,0,0,2,23,1,3,0,0,0,0,0,0,0,0,0,0,,,,,
Tyrod Taylor,QB,CLE,9,KC,11,0,1,1,0,0,0,0,0,0,0,0,0,0,0,0,0,0,0,0,0,0,,,,,
Vance McDonald,TE,PIT,9,BAL,0,0,0,0,0,0,0,0,3,25,0,6,0,0,0,0,0,0,0,0,0,0,,,,,
Vernon Davis,TE,WAS,9,ATL,0,0,0,0,0,0,0,0,5,62,0,7,0,0,0,0,0,0,0,0,0,0,,,,,
Virgil Green,TE,LAC,9,SEA,0,0,0,0,0,0,0,0,2,28,0,3,0,0,0,0,0,0,0,0,0,0,,,,,
WAS,DEF,WAS,9,ATL,,,,,,,,,,,,,,,,,,,,,,,0,0,0,0,38.0
Wil Lutz,K,NO,9,LA,0,0,0,0,0,0,0,0,0,0,0,0,0,0,0,0,0,0,0,1,0,6,,,,,
Willie Snead,WR,BAL,9,PIT,0,0,0,0,0,0,0,0,7,58,0,8,0,0,0,0,0,0,0,0,0,0,,,,,
Zay Jones,WR,BUF,9,CHI,0,0,0,0,0,0,0,1,4,18,0,6,0,0,0,0,0,0,0,0,0,0,,,,,
A.J. Derby,TE,MIA,10,GB,0,0,0,0,0,0,0,0,1,13,0,2,0,0,0,0,0,0,0,0,0,0,,,,,
ARI,DEF,ARI,10,KC,,,,,,,,,,,,,,,,,,,,,,,0,0,0,0,26.0
ATL,DEF,ATL,10,CLE,,,,,,,,,,,,,,,,,,,,,,,0,0,0,0,28.0
Aaron Jones,RB,GB,10,MIA,0,0,0,0,0,145,2,15,3,27,0,5,0,0,0,0,0,0,0,0,0,0,,,,,
Aaron Rodgers,QB,GB,10,MIA,199,2,28,19,0,21,0,6,0,0,0,0,0,0,0,0,0,0,0,0,0,0,,,,,
Adam Humphries,WR,TB,10,WAS,0,0,0,0,0,0,0,0,2,53,0,3,0,0,0,0,0,0,0,0,0,0,,,,,
Adam Vinatieri,K,IND,10,JAX,0,0,0,0,0,0,0,0,0,0,0,0,0,0,0,0,0,0,0,0,0,3,,,,,
Adrian Peterson,RB,WAS,10,TB,0,0,0,0,0,68,0,19,2,1,0,2,0,0,0,0,0,0,0,0,0,0,,,,,
Aldrick Rosas,K,NYG,10,SF,0,0,0,0,0,0,0,0,0,0,0,0,0,0,0,0,1,1,0,0,0,3,,,,,
Alex Armah,RB,CAR,10,PIT,0,0,0,0,0,3,0,2,0,0,0,0,0,0,0,0,0,0,0,0,0,0,,,,,
Alex Erickson,WR,CIN,10,NO,0,0,0,0,0,0,0,0,0,0,0,0,0,0,0,0,0,0,0,0,0,0,,,,,
Alex Smith,QB,WAS,10,TB,178,1,27,19,0,16,0,2,0,0,0,0,0,0,0,0,0,0,0,0,0,0,,,,,
Alfred Morris,RB,SF,10,NYG,0,0,0,0,0,19,0,9,0,0,0,1,0,0,0,0,0,0,0,0,0,0,,,,,
Allen Hurns,WR,DAL,10,PHI,0,0,0,0,0,0,0,0,2,40,0,2,0,0,0,0,0,0,0,0,0,0,,,,,
Allen Robinson,WR,CHI,10,DET,0,0,0,0,0,0,0,0,6,133,2,8,0,0,0,0,0,0,0,0,0,0,,,,,
Alshon Jeffery,WR,PHI,10,DAL,0,0,0,0,0,0,0,0,4,48,0,8,0,0,0,0,0,0,0,0,0,0,,,,,
Alvin Kamara,RB,NO,10,CIN,0,0,0,0,0,56,2,12,4,46,0,5,0,0,0,0,0,0,0,0,0,0,,,,,
Amari Cooper,WR,DAL,10,PHI,0,0,0,0,0,0,0,0,6,75,0,10,0,0,0,0,0,0,0,0,0,0,,,,,
Andre Holmes,WR,BUF,10,NYJ,0,0,0,0,0,0,0,0,1,22,0,1,0,0,0,0,0,0,0,0,0,0,,,,,
Andre Roberts,WR,NYJ,10,BUF,0,0,0,0,0,0,0,0,0,0,0,0,0,0,0,0,0,0,0,0,0,0,,,,,
Andrew Luck,QB,IND,10,JAX,285,3,29,21,1,-2,0,5,0,0,0,0,0,0,0,0,0,0,0,0,0,0,,,,,
Andy Dalton,QB,CIN,10,NO,153,1,20,12,2,8,0,1,0,0,0,0,0,0,0,0,0,0,0,0,0,0,,,,,
Anthony Firkser,TE,TEN,10,NE,0,0,0,0,0,0,0,0,1,11,0,1,0,0,0,0,0,0,0,0,0,0,,,,,
Anthony Miller,WR,CHI,10,DET,0,0,0,0,0,0,0,0,5,122,1,6,0,0,0,0,0,0,0,0,0,0,,,,,
Antonio Brown,WR,PIT,10,CAR,0,0,0,0,0,0,0,0,6,96,1,6,0,0,0,0,0,0,0,0,0,0,,,,,
Antonio Callaway,WR,CLE,10,ATL,0,0,0,0,0,0,0,0,2,39,0,2,0,0,0,0,0,0,0,0,0,0,,,,,
Antonio Gates,TE,LAC,10,LV,0,0,0,0,0,0,0,0,1,18,0,2,0,0,0,0,0,0,0,0,0,0,,,,,
Auden Tate,WR,CIN,10,NO,0,0,0,0,0,0,0,0,0,0,0,1,0,0,0,0,0,0,0,0,0,0,,,,,
Austin Carr,WR,NO,10,CIN,0,0,0,0,0,0,0,0,2,20,0,2,0,0,0,0,0,0,0,0,0,0,,,,,
Austin Ekeler,RB,LAC,10,LV,0,0,0,0,0,19,0,3,0,0,0,0,0,0,0,0,0,0,0,0,0,0,,,,,
Austin Hooper,TE,ATL,10,CLE,0,0,0,0,0,0,0,0,10,56,1,11,0,0,0,0,0,0,0,0,0,0,,,,,
BUF,DEF,BUF,10,NYJ,,,,,,,,,,,,,,,,,,,,,,,0,0,0,0,10.0
Baker Mayfield,QB,CLE,10,ATL,216,3,20,17,0,20,0,6,0,0,0,1,0,0,0,0,0,0,0,0,0,0,,,,,
Ben Braunecker,TE,CHI,10,DET,0,0,0,0,0,0,0,0,1,20,0,1,0,0,0,0,0,0,0,0,0,0,,,,,
Ben Roethlisberger,QB,PIT,10,CAR,328,5,25,22,0,27,0,3,0,0,0,0,0,0,0,0,0,0,0,0,0,0,,,,,
Benjamin Watson,TE,NO,10,CIN,0,0,0,0,0,0,0,0,1,1,0,2,0,0,0,0,0,0,0,0,0,0,,,,,
Bennie Fowler,WR,NYG,10,SF,0,0,0,0,0,0,0,0,0,0,0,1,0,0,0,0,0,0,0,0,0,0,,,,,
Blake Bell,TE,JAX,10,IND,0,0,0,0,0,0,0,0,2,27,0,3,0,0,0,0,0,0,0,0,0,0,,,,,
Blake Bortles,QB,JAX,10,IND,320,2,38,26,0,8,0,2,0,0,0,0,0,0,0,0,0,0,0,0,0,0,,,,,
Brandin Cooks,WR,LA,10,SEA,0,0,0,0,0,9,1,1,10,100,0,12,0,0,0,0,0,0,0,0,0,0,,,,,
Brandon Bolden,RB,MIA,10,GB,0,0,0,0,0,0,0,0,0,0,0,0,0,0,0,0,0,0,0,0,0,0,,,,,
Brandon LaFell,WR,LV,10,LAC,0,0,0,0,0,0,0,0,4,47,0,6,0,0,0,0,0,0,0,0,0,0,,,,,
Brandon Powell,WR,DET,10,CHI,0,0,0,0,0,0,0,0,1,6,0,3,0,0,0,0,0,0,0,0,0,0,,,,,
Breshad Perriman,WR,CLE,10,ATL,0,0,0,0,0,0,0,0,2,33,0,2,0,0,0,0,0,0,0,0,0,0,,,,,
Brett Maher,K,DAL,10,PHI,0,0,0,0,0,0,0,0,0,0,0,0,0,0,0,0,1,1,0,0,0,3,,,,,
Brian Hill,RB,ATL,10,CLE,0,0,0,0,0,0,0,0,0,0,0,0,0,0,0,0,0,0,0,0,0,0,,,,,
Brian Hoyer,QB,NE,10,TEN,7,0,1,1,0,2,0,1,0,0,0,0,0,0,0,0,0,0,0,0,0,0,,,,,
Brock Osweiler,QB,MIA,10,GB,213,0,37,23,1,0,0,1,0,0,0,0,0,0,0,0,0,0,0,0,0,0,,,,,
C.J. Anderson,RB,CAR,10,PIT,0,0,0,0,0,-1,0,2,0,0,0,0,0,0,0,0,0,0,0,0,0,0,,,,,
C.J. Prosise,RB,SEA,10,LA,0,0,0,0,0,-3,0,1,0,0,0,0,0,0,0,0,0,0,0,0,0,0,,,,,
C.J. Uzomah,TE,CIN,10,NO,0,0,0,0,0,0,0,0,3,23,0,4,0,0,0,0,0,0,0,0,0,0,,,,,
CAR,DEF,CAR,10,PIT,,,,,,,,,,,,,,,,,,,,,,,0,0,0,0,52.0
CHI,DEF,CHI,10,DET,,,,,,,,,,,,,,,,,,,,,,,0,0,0,0,22.0
CIN,DEF,CIN,10,NO,,,,,,,,,,,,,,,,,,,,,,,0,0,0,0,51.0
CLE,DEF,CLE,10,ATL,,,,,,,,,,,,,,,,,,,,,,,0,0,0,0,16.0
Calvin Ridley,WR,ATL,10,CLE,0,0,0,0,0,3,0,1,3,37,0,5,0,0,0,0,0,0,0,0,0,0,,,,,
Cam Newton,QB,CAR,10,PIT,193,2,29,23,1,10,0,2,0,0,0,0,0,0,0,0,0,0,0,0,0,0,,,,,
Cameron Batson,WR,TEN,10,NE,0,0,0,0,0,0,0,0,2,36,0,3,0,0,0,0,0,0,0,0,0,0,,,,,
Cameron Brate,TE,TB,10,WAS,0,0,0,0,0,0,0,0,1,14,0,3,0,0,0,0,0,0,0,0,0,0,,,,,
Carlos Hyde,RB,JAX,10,IND,0,0,0,0,0,5,0,3,0,0,0,0,0,0,0,0,0,0,0,0,0,0,,,,,
Carson Wentz,QB,PHI,10,DAL,360,2,44,32,1,7,0,2,0,0,0,0,0,0,0,0,0,0,0,0,0,0,,,,,
Chandler Catanzaro,K,TB,10,WAS,0,0,0,0,0,0,0,0,0,0,0,0,0,0,0,0,0,1,0,0,0,0,,,,,
Charone Peake,WR,NYJ,10,BUF,0,0,0,0,0,0,0,0,1,11,0,1,0,0,0,0,0,0,0,0,0,0,,,,,
Chase Edmonds,RB,ARI,10,KC,0,0,0,0,0,7,0,2,0,0,0,0,0,0,0,0,0,0,0,0,0,0,,,,,
Chester Rogers,WR,IND,10,JAX,0,0,0,0,0,-4,0,1,0,0,0,1,0,0,0,0,0,0,0,0,0,0,,,,,
Chris Boswell,K,PIT,10,CAR,0,0,0,0,0,0,0,0,0,0,0,0,0,0,0,0,0,0,0,1,0,7,,,,,
Chris Conley,WR,KC,10,ARI,0,0,0,0,0,0,0,0,1,22,0,2,0,0,0,0,0,0,0,0,0,0,,,,,
Chris Godwin Jr.,WR,TB,10,WAS,0,0,0,0,0,0,0,0,7,103,0,7,0,0,0,0,0,0,0,0,0,0,,,,,
Chris Herndon,TE,NYJ,10,BUF,0,0,0,0,0,0,0,0,3,34,0,4,0,0,0,0,0,0,0,0,0,0,,,,,
Chris Hogan,WR,NE,10,TEN,0,0,0,0,0,0,0,0,0,0,0,2,0,0,0,0,0,0,0,0,0,0,,,,,
Christian Kirk,WR,ARI,10,KC,0,0,0,0,0,0,0,0,2,8,0,6,0,0,0,0,0,0,0,0,0,0,,,,,
Christian McCaffrey,RB,CAR,10,PIT,0,0,0,0,0,77,1,14,5,61,2,5,0,0,0,0,0,0,0,0,0,0,,,,,
Cody Core,WR,CIN,10,NO,0,0,0,0,0,0,0,0,2,17,0,2,0,0,0,0,0,0,0,0,0,0,,,,,
Cody Parkey,K,CHI,10,DET,0,0,0,0,0,0,0,0,0,0,0,0,0,0,0,0,0,0,0,0,0,2,,,,,
Cole Beasley,WR,DAL,10,PHI,0,0,0,0,0,0,0,0,4,37,0,5,0,0,0,0,0,0,0,0,0,0,,,,,
Cooper Kupp,WR,LA,10,SEA,0,0,0,0,0,0,0,0,5,39,0,8,0,0,0,0,0,0,0,0,0,0,,,,,
Cordarrelle Patterson,RB,NE,10,TEN,0,0,0,0,0,11,0,4,0,0,0,0,0,0,0,0,0,0,0,0,0,0,,,,,
Corey Clement,RB,PHI,10,DAL,0,0,0,0,0,13,0,5,1,-5,0,2,0,0,0,0,0,0,0,0,0,0,,,,,
Corey Coleman,WR,NYG,10,SF,0,0,0,0,0,0,0,0,1,11,0,1,0,0,0,0,0,0,0,0,0,0,,,,,
Corey Davis,WR,TEN,10,NE,0,0,0,0,0,0,0,0,7,125,1,10,0,0,0,0,0,0,0,0,0,0,,,,,
Curtis Samuel,WR,CAR,10,PIT,0,0,0,0,0,1,0,1,4,18,0,4,0,0,0,0,0,0,0,0,0,0,,,,,
DAL,DEF,DAL,10,PHI,,,,,,,,,,,,,,,,,,,,,,,0,0,0,0,20.0
DET,DEF,DET,10,CHI,,,,,,,,,,,,,,,,,,,,,,,0,0,0,0,34.0
DJ Chark,WR,JAX,10,IND,0,0,0,0,0,0,0,0,0,0,0,2,0,0,0,0,0,0,0,0,0,0,,,,,
DJ Moore,WR,CAR,10,PIT,0,0,0,0,0,5,0,1,4,20,0,5,0,0,0,0,0,0,0,0,0,0,,,,,
Dak Prescott,QB,DAL,10,PHI,270,1,36,26,0,9,1,6,0,0,0,0,0,0,0,0,0,0,0,0,0,0,,,,,
Dallas Goedert,TE,PHI,10,DAL,0,0,0,0,0,0,0,0,0,0,0,0,0,0,0,0,0,0,0,0,0,0,,,,,
Dalton Schultz,TE,DAL,10,PHI,0,0,0,0,0,0,0,0,2,21,0,2,0,0,0,0,0,0,0,0,0,0,,,,,
Damien Williams,RB,KC,10,ARI,0,0,0,0,0,0,0,0,0,0,0,0,0,0,0,0,0,0,0,0,0,0,,,,,
Dan Arnold,TE,NO,10,CIN,0,0,0,0,0,0,0,0,2,25,0,3,0,0,0,0,0,0,0,0,0,0,,,,,
Daniel Carlson,K,LV,10,LAC,0,0,0,0,0,0,0,0,0,0,0,0,0,0,0,0,0,1,1,0,0,0,,,,,
Danny Amendola,WR,MIA,10,GB,0,0,0,0,0,0,0,0,7,72,0,10,0,0,0,0,0,0,0,0,0,0,,,,,
Dante Pettis,WR,SF,10,NYG,0,0,0,0,0,0,0,0,4,12,0,6,0,0,0,0,0,0,0,0,0,0,,,,,
Darius Jennings,WR,TEN,10,NE,21,0,1,1,0,0,0,0,1,0,0,1,0,0,0,0,0,0,0,0,0,0,,,,,
Darrell Daniels,TE,SEA,10,LA,0,0,0,0,0,0,0,0,0,0,0,0,0,0,0,0,0,0,0,0,0,0,,,,,
Darrius Heyward-Bey,WR,PIT,10,CAR,0,0,0,0,0,0,0,0,1,9,0,1,0,0,0,0,0,0,0,0,0,0,,,,,
Davante Adams,WR,GB,10,MIA,0,0,0,0,0,0,0,0,4,57,2,7,0,0,0,0,0,0,0,0,0,0,,,,,
David Fluellen,RB,TEN,10,NE,0,0,0,0,0,14,0,3,0,0,0,0,0,0,0,0,0,0,0,0,0,0,,,,,
David Johnson,RB,ARI,10,KC,0,0,0,0,0,98,1,21,7,85,1,9,0,0,0,0,0,0,0,0,0,0,,,,,
David Moore,WR,SEA,10,LA,0,0,0,0,0,0,0,0,1,16,0,3,0,0,0,0,0,0,0,0,0,0,,,,,
David Njoku,TE,CLE,10,ATL,0,0,0,0,0,0,0,0,1,18,0,1,0,0,0,0,0,0,0,0,0,0,,,,,
DeSean Jackson,WR,TB,10,WAS,0,0,0,0,0,0,0,0,5,67,0,8,0,0,0,0,0,0,0,0,0,0,,,,,
DeVante Parker,WR,MIA,10,GB,0,0,0,0,0,0,0,0,5,43,0,11,0,0,0,0,0,0,0,0,0,0,,,,,
Dede Westbrook,WR,JAX,10,IND,0,0,0,0,0,13,0,2,5,30,0,10,0,0,0,0,0,0,0,0,0,0,,,,,
Demarcus Robinson,WR,KC,10,ARI,0,0,0,0,0,0,0,0,3,30,0,4,0,0,0,0,0,0,0,0,0,0,,,,,
Demetrius Harris,TE,KC,10,ARI,0,0,0,0,0,0,0,0,0,0,0,0,0,0,0,0,0,0,0,0,0,0,,,,,
Derek Carr,QB,LV,10,LAC,243,0,37,24,0,2,0,2,0,0,0,0,0,0,0,0,0,0,0,0,0,0,,,,,
Derek Carrier,TE,LV,10,LAC,0,0,0,0,0,0,0,0,1,5,0,3,0,0,0,0,0,0,0,0,0,0,,,,,
Derrick Henry,RB,TEN,10,NE,0,0,0,0,0,58,2,11,0,0,0,0,0,0,0,0,0,0,0,0,0,0,,,,,
Devin Funchess,WR,CAR,10,PIT,0,0,0,0,0,0,0,0,3,32,0,5,0,0,0,0,0,0,0,0,0,0,,,,,
Dion Lewis,RB,TEN,10,NE,0,0,0,0,0,57,0,20,2,11,0,2,0,0,0,0,0,0,0,0,0,0,,,,,
Donte Moncrief,WR,JAX,10,IND,0,0,0,0,0,0,0,0,3,98,1,4,0,0,0,0,0,0,0,0,0,0,,,,,
Dontrell Hilliard,RB,CLE,10,ATL,0,0,1,0,1,0,0,0,1,6,0,1,0,0,0,0,0,0,0,0,0,0,,,,,
Dontrelle Inman,WR,IND,10,JAX,0,0,0,0,0,0,0,0,4,41,0,4,0,0,0,0,0,0,0,0,0,0,,,,,
Doug Baldwin,WR,SEA,10,LA,0,0,0,0,0,0,0,0,5,39,0,5,0,0,0,0,0,0,0,0,0,0,,,,,
Doug Martin,RB,LV,10,LAC,0,0,0,0,0,61,0,15,3,31,0,3,0,0,0,0,0,0,0,0,0,0,,,,,
Drew Brees,QB,NO,10,CIN,265,3,25,22,0,3,1,2,0,0,0,0,0,0,0,0,0,0,0,0,0,0,,,,,
Duke Johnson,RB,CLE,10,ATL,0,0,0,0,0,15,0,3,4,31,1,4,0,0,0,0,0,0,0,0,0,0,,,,,
Dustin Hopkins,K,WAS,10,TB,0,0,0,0,0,0,0,0,0,0,0,0,0,0,0,0,1,0,2,0,0,1,,,,,
Dwayne Allen,TE,NE,10,TEN,0,0,0,0,0,0,0,0,1,10,0,1,0,0,0,0,0,0,0,0,0,0,,,,,
Dwayne Harris,WR,LV,10,LAC,0,0,0,0,0,0,0,0,1,0,0,1,0,0,0,0,0,0,0,0,0,0,,,,,
Dwayne Washington,RB,NO,10,CIN,0,0,0,0,0,47,0,11,0,0,0,0,0,0,0,0,0,0,0,0,0,0,,,,,
Ed Dickson,TE,SEA,10,LA,0,0,0,0,0,0,0,0,1,24,0,1,0,0,0,0,0,0,0,0,0,0,,,,,
Eli Manning,QB,NYG,10,SF,188,3,31,19,0,0,0,0,0,0,0,0,0,0,0,0,0,0,0,0,0,0,,,,,
Elijah McGuire,RB,NYJ,10,BUF,0,0,0,0,0,30,0,6,3,27,0,6,0,0,0,0,0,0,0,0,0,0,,,,,
Equanimeous St. Brown,WR,GB,10,MIA,0,0,0,0,0,0,0,0,2,3,0,3,0,0,0,0,0,0,0,0,0,0,,,,,
Eric Ebron,TE,IND,10,JAX,0,0,0,0,0,2,1,1,3,69,2,3,0,0,0,0,0,0,0,0,0,0,,,,,
Eric Saubert,TE,ATL,10,CLE,0,0,0,0,0,0,0,0,1,17,0,2,0,0,0,0,0,0,0,0,0,0,,,,,
Eric Tomlinson,TE,NYJ,10,BUF,0,0,0,0,0,0,0,0,0,0,0,1,0,0,0,0,0,0,0,0,0,0,,,,,
Evan Engram,TE,NYG,10,SF,0,0,0,0,0,0,0,0,4,46,0,5,0,0,0,0,0,0,0,0,0,0,,,,,
Ezekiel Elliott,RB,DAL,10,PHI,0,0,0,0,0,151,1,19,6,36,1,7,0,0,0,0,0,0,0,0,0,0,,,,,
Frank Gore,RB,MIA,10,GB,0,0,0,0,0,90,0,13,2,12,0,3,0,0,0,0,0,0,0,0,0,0,,,,,
GB,DEF,GB,10,MIA,,,,,,,,,,,,,,,,,,,,,,,0,0,0,0,12.0
Geoff Swaim,TE,DAL,10,PHI,0,0,0,0,0,0,0,0,3,13,0,3,0,0,0,0,0,0,0,0,0,0,,,,,
George Kittle,TE,SF,10,NYG,0,0,0,0,0,0,0,0,9,83,0,10,0,0,0,0,0,0,0,0,0,0,,,,,
Gerald Everett,TE,LA,10,SEA,0,0,0,0,0,0,0,0,2,15,1,2,0,0,0,0,0,0,0,0,0,0,,,,,
Giorgio Tavecchio,K,ATL,10,CLE,0,0,0,0,0,0,0,0,0,0,0,0,0,0,0,0,0,0,1,0,0,1,,,,,
Giovani Bernard,RB,CIN,10,NO,0,0,0,0,0,6,0,2,2,30,0,3,0,0,0,0,0,0,0,0,0,0,,,,,
Golden Tate,WR,PHI,10,DAL,0,0,0,0,0,0,0,0,2,19,0,4,0,0,0,0,0,0,0,0,0,0,,,,,
Graham Gano,K,CAR,10,PIT,0,0,0,0,0,0,0,0,0,0,0,0,0,0,0,0,0,0,0,0,0,3,,,,,
Greg Joseph,K,CLE,10,ATL,0,0,0,0,0,0,0,0,0,0,0,0,0,0,0,0,0,0,0,0,0,4,,,,,
Greg Olsen,TE,CAR,10,PIT,0,0,0,0,0,0,0,0,4,40,0,6,0,0,0,0,0,0,0,0,0,0,,,,,
Greg Zuerlein,K,LA,10,SEA,0,0,0,0,0,0,0,0,0,0,0,0,0,0,0,0,1,2,0,0,0,3,,,,,
Harrison Butker,K,KC,10,ARI,0,0,0,0,0,0,0,0,0,0,0,0,0,0,0,0,0,0,2,0,0,2,,,,,
IND,DEF,IND,10,JAX,,,,,,,,,,,,,,,,,,,,,,,0,0,0,0,26.0
Isaiah Crowell,RB,NYJ,10,BUF,0,0,0,0,0,19,1,7,2,18,0,2,0,0,0,0,0,0,0,0,0,0,,,,,
Isaiah McKenzie,WR,BUF,10,NYJ,0,0,0,0,0,32,0,3,1,14,0,1,0,0,0,0,0,0,0,0,0,0,,,,,
Ito Smith,RB,ATL,10,CLE,0,0,0,0,0,11,0,4,4,15,0,5,0,0,0,0,0,0,0,0,0,0,,,,,
J.J. Nelson,WR,ARI,10,KC,0,0,0,0,0,-10,0,1,0,0,0,1,0,0,0,0,0,0,0,0,0,0,,,,,
JAX,DEF,JAX,10,IND,,,,,,,,,,,,,,,,,,,,,,,0,0,0,0,29.0
Jack Doyle,TE,IND,10,JAX,0,0,0,0,0,0,0,0,3,36,0,3,0,0,0,0,0,0,0,0,0,0,,,,,
Jacob Hollister,TE,NE,10,TEN,0,0,0,0,0,0,0,0,1,17,0,2,0,0,0,0,0,0,0,0,0,0,,,,,
Jacquizz Rodgers,RB,TB,10,WAS,0,0,0,0,0,0,0,1,8,102,0,8,0,0,0,0,0,0,0,0,0,0,,,,,
Jake Elliott,K,PHI,10,DAL,0,0,0,0,0,0,0,0,0,0,0,0,0,0,0,0,1,0,0,1,0,2,,,,,
Jakeem Grant,WR,MIA,10,GB,0,0,0,0,0,0,0,0,0,0,0,1,0,0,0,0,0,0,0,0,0,0,,,,,
Jalen Richard,RB,LV,10,LAC,0,0,0,0,0,7,0,3,5,52,0,6,0,0,0,0,0,0,0,0,0,0,,,,,
Jamaal Williams,RB,GB,10,MIA,0,0,0,0,0,3,0,3,0,0,0,0,0,0,0,0,0,0,0,0,0,0,,,,,
James Conner,RB,PIT,10,CAR,0,0,0,0,0,65,1,13,1,8,0,1,0,0,0,0,0,0,0,0,0,0,,,,,
James O'Shaughnessy,TE,JAX,10,IND,0,0,0,0,0,0,0,0,5,46,0,6,0,0,0,0,0,0,0,0,0,0,,,,,
James White,RB,NE,10,TEN,0,0,0,0,0,-5,0,1,5,31,0,8,0,0,0,0,0,0,0,0,0,0,,,,,
Jamize Olawale,RB,DAL,10,PHI,0,0,0,0,0,0,0,0,0,0,0,0,0,0,0,0,0,0,0,0,0,0,,,,,
Jared Cook,TE,LV,10,LAC,0,0,0,0,0,0,0,0,4,52,0,9,0,0,0,0,0,0,0,0,0,0,,,,,
Jared Goff,QB,LA,10,SEA,318,2,39,28,0,3,0,3,0,0,0,0,0,0,0,0,0,0,0,0,0,0,,,,,
Jarius Wright,WR,CAR,10,PIT,0,0,0,0,0,0,0,0,3,22,0,3,0,0,0,0,0,0,0,0,0,0,,,,,
Jarvis Landry,WR,CLE,10,ATL,0,0,0,0,0,0,0,0,2,22,0,5,0,0,0,0,0,0,0,0,0,0,,,,,
Jason Croom,TE,BUF,10,NYJ,0,0,0,0,0,0,0,0,0,0,0,0,0,1,0,0,0,0,0,0,0,0,,,,,
Jason Myers,K,NYJ,10,BUF,0,0,0,0,0,0,0,0,0,0,0,0,0,0,0,0,0,0,0,1,0,1,,,,,
Jason Sanders,K,MIA,10,GB,0,0,0,0,0,0,0,0,0,0,0,0,0,0,0,0,1,1,2,0,0,0,,,,,
Jaylen Samuels,RB,PIT,10,CAR,0,0,0,0,0,7,0,5,3,22,1,4,0,0,0,0,0,0,0,0,0,0,,,,,
Jeff Driskel,QB,CIN,10,NO,45,0,3,2,0,35,1,2,0,0,0,0,0,0,0,0,0,0,0,0,0,0,,,,,
Jeremy Sprinkle,TE,WAS,10,TB,0,0,0,0,0,0,0,0,0,0,0,1,0,0,0,0,0,0,0,0,0,0,,,,,
Jermaine Kearse,WR,NYJ,10,BUF,0,0,0,0,0,0,0,0,2,16,0,5,0,0,0,0,0,0,0,0,0,0,,,,,
Jesse James,TE,PIT,10,CAR,0,0,0,0,0,0,0,0,1,8,1,1,0,0,0,0,0,0,0,0,0,0,,,,,
Jimmy Graham,TE,GB,10,MIA,0,0,0,0,0,0,0,0,1,14,0,1,0,0,0,0,0,0,0,0,0,0,,,,,
JoJo Natson,WR,LA,10,SEA,0,0,0,0,0,0,0,0,0,0,0,0,0,0,0,0,0,0,0,0,0,0,,,,,
Joe Mixon,RB,CIN,10,NO,0,0,0,0,0,61,0,11,2,24,0,2,0,0,0,0,0,0,0,0,0,0,,,,,
John Ross,WR,CIN,10,NO,0,0,0,0,0,0,0,0,2,39,1,6,0,0,0,0,0,0,0,0,0,0,,,,,
Jonnu Smith,TE,TEN,10,NE,0,0,0,0,0,0,0,0,3,45,1,3,0,0,0,0,0,0,0,0,0,0,,,,,
Jordan Howard,RB,CHI,10,DET,0,0,0,0,0,21,0,11,1,11,0,1,0,0,0,0,0,0,0,0,0,0,,,,,
Jordan Leggett,TE,NYJ,10,BUF,0,0,0,0,0,0,0,0,1,6,0,1,0,0,0,0,0,0,0,0,0,0,,,,,
Jordan Matthews,TE,PHI,10,DAL,0,0,0,0,0,0,0,0,3,40,0,3,0,0,0,0,0,0,0,0,0,0,,,,,
Jordan Reed,TE,WAS,10,TB,0,0,0,0,0,0,0,0,4,51,0,6,0,0,0,0,0,0,0,0,0,0,,,,,
Jordan Wilkins,RB,IND,10,JAX,0,0,0,0,0,53,0,1,0,0,0,0,0,0,0,0,0,0,0,0,0,0,,,,,
Jordy Nelson,WR,LV,10,LAC,0,0,0,0,0,0,0,0,0,0,0,1,0,0,0,0,0,0,0,0,0,0,,,,,
Josh Adams,RB,PHI,10,DAL,0,0,0,0,0,47,0,7,0,0,0,0,0,0,0,0,0,0,0,0,0,0,,,,,
Josh Doctson,WR,WAS,10,TB,0,0,0,0,0,0,0,0,4,46,1,4,0,0,0,0,0,0,0,0,0,0,,,,,
Josh Gordon,WR,NE,10,TEN,0,0,0,0,0,0,0,0,4,81,0,12,0,0,0,0,0,0,0,0,0,0,,,,,
Josh Hill,TE,NO,10,CIN,0,0,0,0,0,0,0,0,0,0,0,0,0,0,0,0,0,0,0,0,0,0,,,,,
Josh Lambo,K,JAX,10,IND,0,0,0,0,0,0,0,0,0,0,0,0,0,0,0,0,1,0,0,1,0,2,,,,,
Josh McCown,QB,NYJ,10,BUF,135,0,34,17,2,4,0,1,0,0,0,0,0,0,0,0,0,0,0,0,0,0,,,,,
Josh Perkins,TE,PHI,10,DAL,0,0,0,0,0,0,0,0,0,0,0,0,0,0,0,0,0,0,0,0,0,0,,,,,
Josh Rosen,QB,ARI,10,KC,208,1,39,22,2,-1,0,1,0,0,0,0,0,0,0,0,0,0,0,0,0,0,,,,,
Joshua Dobbs,QB,PIT,10,CAR,-3,0,2,1,0,0,0,0,0,0,0,0,0,0,0,0,0,0,0,0,0,0,,,,,
JuJu Smith-Schuster,WR,PIT,10,CAR,0,0,0,0,0,13,0,1,3,90,1,5,0,0,0,0,0,0,0,0,0,0,,,,,
Julian Edelman,WR,NE,10,TEN,6,0,1,1,0,0,0,0,9,104,0,12,0,0,0,0,0,0,0,0,0,0,,,,,
Julio Jones,WR,ATL,10,CLE,0,0,0,0,0,0,0,0,7,107,1,11,0,0,0,0,0,0,0,0,0,0,,,,,
Justin Hardy,WR,ATL,10,CLE,0,0,0,0,0,0,0,0,1,7,0,1,0,0,0,0,0,0,0,0,0,0,,,,,
Justin Jackson,RB,LAC,10,LV,0,0,0,0,0,0,0,0,0,0,0,0,0,0,0,0,0,0,0,0,0,0,,,,,
KC,DEF,KC,10,ARI,,,,,,,,,,,,,,,,,,,,,,,0,0,0,0,14.0
Kalen Ballage,RB,MIA,10,GB,0,0,0,0,0,0,0,0,1,6,0,1,0,0,0,0,0,0,0,0,0,0,,,,,
Kapri Bibbs,RB,WAS,10,TB,0,0,0,0,0,28,0,3,2,13,0,4,0,0,0,0,0,0,0,0,0,0,,,,,
Kareem Hunt,RB,KC,10,ARI,0,0,0,0,0,71,0,16,2,25,0,2,0,0,0,0,0,0,0,0,0,0,,,,,
Keenan Allen,WR,LAC,10,LV,0,0,0,0,0,0,0,0,6,57,1,9,0,0,0,0,0,0,0,0,0,0,,,,,
Keith Kirkwood,WR,NO,10,CIN,0,0,0,0,0,0,0,0,2,45,0,2,0,0,0,0,0,0,0,0,0,0,,,,,
Kelvin Benjamin,WR,BUF,10,NYJ,0,0,0,0,0,0,0,0,0,0,0,3,0,0,0,0,0,0,0,0,0,0,,,,,
Kendrick Bourne,WR,SF,10,NYG,0,0,0,0,0,0,0,0,4,33,0,6,0,0,0,0,0,0,0,0,0,0,,,,,
Kenny Golladay,WR,DET,10,CHI,0,0,0,0,0,0,0,0,6,78,1,13,0,0,0,0,0,0,0,0,0,0,,,,,
Kenny Stills,WR,MIA,10,GB,0,0,0,0,0,0,0,0,2,26,0,3,0,0,0,0,0,0,0,0,0,0,,,,,
Kenyan Drake,RB,MIA,10,GB,0,0,0,0,0,27,0,8,2,11,0,2,0,0,0,0,0,0,0,0,0,0,,,,,
Kerryon Johnson,RB,DET,10,CHI,0,0,0,0,0,51,1,14,6,38,1,6,0,0,0,0,0,0,0,0,0,0,,,,,
Kyle Juszczyk,RB,SF,10,NYG,0,0,0,0,0,3,0,1,2,10,0,2,0,0,0,0,0,0,0,0,0,0,,,,,
LA,DEF,LA,10,SEA,,,,,,,,,,,,,,,,,,,,,,,0,0,0,0,31.0
LAC,DEF,LAC,10,LV,,,,,,,,,,,,,,,,,,,,,,,0,0,0,0,6.0
LV,DEF,LV,10,LAC,,,,,,,,,,,,,,,,,,,,,,,0,0,0,0,0.0
Lance Kendricks,TE,GB,10,MIA,0,0,0,0,0,0,0,0,2,24,0,2,0,0,0,0,0,0,0,0,0,0,,,,,
Larry Fitzgerald,WR,ARI,10,KC,0,0,0,0,0,0,0,0,6,50,0,10,0,0,0,0,0,0,0,0,0,0,,,,,
LeGarrette Blount,RB,DET,10,CHI,0,0,0,0,0,4,0,6,0,0,0,0,0,0,0,0,0,0,0,0,0,0,,,,,
LeSean McCoy,RB,BUF,10,NYJ,0,0,0,0,0,113,2,26,1,5,0,1,0,0,0,0,0,0,0,0,0,0,,,,,
Leonard Fournette,RB,JAX,10,IND,0,0,0,0,0,53,1,24,5,56,1,5,0,0,0,0,0,0,0,0,0,0,,,,,
Leonte Carroo,WR,MIA,10,GB,0,0,0,0,0,14,0,1,1,20,0,1,0,0,0,0,0,0,0,0,0,0,,,,,
Levine Toilolo,TE,DET,10,CHI,0,0,0,0,0,0,0,0,1,16,0,1,0,0,0,0,0,0,0,0,0,0,,,,,
Logan Paulsen,TE,ATL,10,CLE,0,0,0,0,0,0,0,0,2,13,0,2,0,0,0,0,0,0,0,0,0,0,,,,,
Logan Thomas,TE,BUF,10,NYJ,15,0,1,1,0,0,0,0,1,1,0,1,0,0,0,0,0,0,0,0,0,0,,,,,
MIA,DEF,MIA,10,GB,,,,,,,,,,,,,,,,,,,,,,,0,0,0,0,31.0
Malcolm Brown,RB,LA,10,SEA,0,0,0,0,0,0,0,0,1,10,0,1,0,0,0,0,0,0,0,0,0,0,,,,,
Marcedes Lewis,TE,GB,10,MIA,0,0,0,0,0,0,0,0,1,30,0,1,0,0,0,0,0,0,0,0,0,0,,,,,
Marcus Kemp,WR,KC,10,ARI,0,0,0,0,0,0,0,0,0,0,0,1,0,0,0,0,0,0,0,0,0,0,,,,,
Marcus Mariota,QB,TEN,10,NE,228,2,24,16,0,21,0,2,1,21,0,1,0,0,0,0,0,0,0,0,0,0,,,,,
Marcus Murphy,RB,BUF,10,NYJ,0,0,0,0,0,69,0,14,0,0,0,0,0,0,0,0,0,0,0,0,0,0,,,,,
Mark Ingram,RB,NO,10,CIN,0,0,0,0,0,104,0,13,3,58,1,3,0,0,0,0,0,0,0,0,0,0,,,,,
Marlon Mack,RB,IND,10,JAX,0,0,0,0,0,29,0,12,2,9,0,2,0,0,1,0,0,0,0,0,0,0,,,,,
Marquez Valdes-Scantling,WR,GB,10,MIA,0,0,0,0,0,0,0,0,6,44,0,7,0,0,0,0,0,0,0,0,0,0,,,,,
Marquise Goodwin,WR,SF,10,NYG,0,0,0,0,0,0,0,0,4,69,0,5,0,0,0,0,0,0,0,0,0,0,,,,,
Martavis Bryant,WR,LV,10,LAC,0,0,0,0,0,2,0,1,3,17,0,3,0,0,0,0,0,0,0,0,0,0,,,,,
Marvin Hall,WR,ATL,10,CLE,0,0,0,0,0,0,0,0,1,12,0,1,0,0,0,0,0,0,0,0,0,0,,,,,
Marvin Jones,WR,DET,10,CHI,0,0,0,0,0,0,0,0,3,55,0,7,0,0,0,0,0,0,0,0,0,0,,,,,
Mason Crosby,K,GB,10,MIA,0,0,0,0,0,0,0,0,0,0,0,0,0,0,0,0,0,1,0,0,0,4,,,,,
Matt Barkley,QB,BUF,10,NYJ,232,2,25,15,0,-2,0,3,0,0,0,0,0,0,0,0,0,0,0,0,0,0,,,,,
Matt Breida,RB,SF,10,NYG,0,0,0,0,0,101,1,17,3,31,1,4,0,0,0,0,0,0,0,0,0,0,,,,,
Matt Lengel,TE,CIN,10,NO,0,0,0,0,0,0,0,0,0,0,0,0,0,0,0,0,0,0,0,0,0,0,,,,,
Matt Prater,K,DET,10,CHI,0,0,0,0,0,0,0,0,0,0,0,0,0,0,0,0,0,0,0,1,0,1,,,,,
Matt Ryan,QB,ATL,10,CLE,330,2,52,38,0,13,0,3,0,0,0,0,0,0,0,0,0,0,0,0,0,0,,,,,
Matthew Stafford,QB,DET,10,CHI,274,2,42,25,2,9,0,2,0,0,0,0,0,0,0,0,0,0,0,0,0,0,,,,,
Maurice Harris,WR,WAS,10,TB,0,0,0,0,0,4,0,1,5,52,0,5,0,0,0,0,0,0,0,0,0,0,,,,,
Melvin Gordon,RB,LAC,10,LV,0,0,0,0,0,93,0,18,5,72,1,6,0,0,0,0,0,0,0,0,0,0,,,,,
Michael Floyd,WR,WAS,10,TB,0,0,0,0,0,0,0,0,2,15,0,3,0,0,0,0,0,0,0,0,0,0,,,,,
Michael Gallup,WR,DAL,10,PHI,0,0,0,0,0,0,0,0,2,34,0,3,0,0,0,0,0,0,0,0,0,0,,,,,
Michael Roberts,TE,DET,10,CHI,0,0,0,0,0,0,0,0,1,9,0,3,0,0,0,0,0,0,0,0,0,0,,,,,
Michael Thomas,WR,NO,10,CIN,0,0,0,0,0,0,0,0,8,70,2,8,0,0,0,0,0,0,0,0,0,0,,,,,
Mike Badgley,K,LAC,10,LV,0,0,0,0,0,0,0,0,0,0,0,0,0,0,0,0,1,0,1,0,0,2,,,,,
Mike Davis,RB,SEA,10,LA,0,0,0,0,0,58,0,11,4,22,1,6,0,0,0,0,0,0,0,0,0,0,,,,,
Mike Evans,WR,TB,10,WAS,0,0,0,0,0,0,0,0,3,51,0,6,0,0,0,0,0,0,0,0,0,0,,,,,
Mike Gesicki,TE,MIA,10,GB,0,0,0,0,0,0,0,0,1,5,0,1,0,0,0,0,0,0,0,0,0,0,,,,,
Mike Williams,WR,LAC,10,LV,0,0,0,0,0,0,0,1,0,0,0,0,0,0,0,0,0,0,0,0,0,0,,,,,
Mitchell Trubisky,QB,CHI,10,DET,355,3,30,23,0,18,1,3,0,0,0,0,0,0,1,0,0,0,0,0,0,0,,,,,
Mo Alie-Cox,TE,IND,10,JAX,0,0,0,0,0,0,0,0,2,28,1,4,0,0,0,0,0,0,0,0,0,0,,,,,
Mohamed Sanu,WR,ATL,10,CLE,0,0,0,0,0,0,0,0,6,47,0,8,0,0,0,0,0,0,0,0,0,0,,,,,
NE,DEF,NE,10,TEN,,,,,,,,,,,,,,,,,,,,,,,0,0,0,0,34.0
NO,DEF,NO,10,CIN,,,,,,,,,,,,,,,,,,,,,,,0,0,0,0,14.0
NYG,DEF,NYG,10,SF,,,,,,,,,,,,,,,,,,,,,,,0,0,0,0,23.0
NYJ,DEF,NYJ,10,BUF,,,,,,,,,,,,,,,,,,,,,,,0,0,0,0,41.0
Nelson Agholor,WR,PHI,10,DAL,0,0,0,0,0,0,0,0,5,83,0,7,0,0,0,0,0,0,0,0,0,0,,,,,
Nick Chubb,RB,CLE,10,ATL,0,0,0,0,0,176,1,20,3,33,1,3,0,0,0,0,0,0,0,0,0,0,,,,,
Nick Mullens,QB,SF,10,NYG,250,1,39,27,2,1,0,2,0,0,0,0,0,0,0,0,0,0,0,0,0,0,,,,,
Nick O'Leary,TE,MIA,10,GB,0,0,0,0,0,0,0,0,1,5,0,1,0,0,0,0,0,0,0,0,0,0,,,,,
Nick Vannett,TE,SEA,10,LA,0,0,0,0,0,0,0,0,1,8,1,2,0,0,0,0,0,0,0,0,0,0,,,,,
Noah Brown,WR,DAL,10,PHI,0,0,0,0,0,0,0,0,0,0,0,0,0,0,0,0,0,0,0,0,0,0,,,,,
Nyheim Hines,RB,IND,10,JAX,0,0,0,0,0,3,0,3,3,19,0,4,0,0,0,0,0,0,0,0,0,0,,,,,
O.J. Howard,TE,TB,10,WAS,0,0,0,0,0,0,0,0,1,15,0,2,0,0,0,0,0,0,0,0,0,0,,,,,
Odell Beckham Jr.,WR,NYG,10,SF,0,0,0,0,0,0,0,0,4,73,2,11,0,0,0,0,0,0,0,0,0,0,,,,,
Orson Charles,TE,CLE,10,ATL,0,0,0,0,0,0,0,0,1,6,0,1,0,0,0,0,0,0,0,0,0,0,,,,,
PHI,DEF,PHI,10,DAL,,,,,,,,,,,,,,,,,,,,,,,0,0,0,0,27.0
PIT,DEF,PIT,10,CAR,,,,,,,,,,,,,,,,,,,,,,,1,0,0,0,21.0
Patrick Mahomes,QB,KC,10,ARI,249,2,28,21,0,21,0,4,0,0,0,0,0,0,0,0,0,0,0,0,0,0,,,,,
Peyton Barber,RB,TB,10,WAS,0,0,0,0,0,61,0,13,1,5,0,1,0,0,0,0,0,0,0,0,0,0,,,,,
Phil Dawson,K,ARI,10,KC,0,0,0,0,0,0,0,0,0,0,0,0,0,0,0,0,0,0,0,0,0,2,,,,,
Philip Rivers,QB,LAC,10,LV,223,2,26,18,1,1,0,1,0,0,0,0,0,0,0,0,0,0,0,0,0,0,,,,,
Phillip Dorsett,WR,NE,10,TEN,0,0,0,0,0,0,0,0,2,18,0,2,0,0,0,0,0,0,0,0,0,0,,,,,
Quadree Henderson,WR,NYG,10,SF,0,0,0,0,0,0,0,0,0,0,0,0,0,0,0,0,0,0,0,0,0,0,,,,,
Quincy Enunwa,WR,NYJ,10,BUF,0,0,0,0,0,0,0,0,4,18,0,8,0,0,0,0,0,0,0,0,0,0,,,,,
Randy Bullock,K,CIN,10,NO,0,0,0,0,0,0,0,0,0,0,0,0,0,0,0,0,0,0,0,0,0,2,,,,,
Rashaad Penny,RB,SEA,10,LA,0,0,0,0,0,108,1,12,0,0,0,0,0,0,0,0,0,0,0,0,0,0,,,,,
Rashad Greene,WR,JAX,10,IND,0,0,0,0,0,0,0,0,1,11,0,1,0,0,0,0,0,0,0,0,0,0,,,,,
Rashard Higgins,WR,CLE,10,ATL,0,0,0,0,0,0,0,0,1,28,1,1,0,0,0,0,0,0,0,0,0,0,,,,,
Rhett Ellison,TE,NYG,10,SF,0,0,0,0,0,0,0,0,1,6,0,1,0,0,0,0,0,0,0,0,0,0,,,,,
Richie James,WR,SF,10,NYG,0,0,0,0,0,0,0,0,0,0,0,0,0,0,0,0,0,0,0,0,0,0,,,,,
Ricky Seals-Jones,TE,ARI,10,KC,0,0,0,0,0,0,0,0,5,51,0,9,0,0,0,0,0,0,0,0,0,0,,,,,
Rishard Matthews,WR,NYJ,10,BUF,0,0,0,0,0,0,0,0,0,0,0,1,0,0,0,0,0,0,0,0,0,0,,,,,
Robbie Gould,K,SF,10,NYG,0,0,0,0,0,0,0,0,0,0,0,0,0,0,0,0,0,2,0,1,0,2,,,,,
Robert Foster,WR,BUF,10,NYJ,0,0,0,0,0,0,0,0,3,105,0,4,0,0,0,0,0,0,0,0,0,0,,,,,
Robert Woods,WR,LA,10,SEA,0,0,0,0,0,17,0,3,4,89,0,5,0,0,0,0,0,0,0,0,0,0,,,,,
Rod Smith,RB,DAL,10,PHI,0,0,0,0,0,8,0,2,1,14,0,1,0,0,0,0,0,0,0,0,0,0,,,,,
Russell Wilson,QB,SEA,10,LA,176,3,26,17,0,92,0,9,0,0,0,0,0,0,0,0,0,0,0,0,0,0,,,,,
Ryan Fitzpatrick,QB,TB,10,WAS,406,0,41,29,2,35,0,8,0,0,0,0,0,0,0,0,0,0,0,0,0,0,,,,,
Ryan Grant,WR,IND,10,JAX,0,0,0,0,0,0,0,0,1,6,0,1,0,0,0,0,0,0,0,0,0,0,,,,,
Ryan Succop,K,TEN,10,NE,0,0,0,0,0,0,0,0,0,0,0,0,0,0,0,0,0,2,0,0,0,4,,,,,
Ryan Switzer,WR,PIT,10,CAR,0,0,0,0,0,0,0,0,2,31,0,2,0,0,0,0,0,0,0,0,0,0,,,,,
SEA,DEF,SEA,10,LA,,,,,,,,,,,,,,,,,,,,,,,0,0,0,0,36.0
SF,DEF,SF,10,NYG,,,,,,,,,,,,,,,,,,,,,,,0,0,0,0,27.0
Saquon Barkley,RB,NYG,10,SF,0,0,0,0,0,67,0,20,4,33,0,5,0,0,0,0,0,0,0,0,0,0,,,,,
Scott Simonson,TE,NYG,10,SF,0,0,0,0,0,0,0,0,0,0,0,0,0,0,0,0,0,0,0,0,0,0,,,,,
Sebastian Janikowski,K,SEA,10,LA,0,0,0,0,0,0,0,0,0,0,0,0,0,0,0,0,0,1,0,0,0,4,,,,,
Senorise Perry,RB,MIA,10,GB,0,0,0,0,0,0,0,0,0,0,0,0,0,0,0,0,0,0,0,0,0,0,,,,,
Seth DeValve,TE,CLE,10,ATL,0,0,0,0,0,0,0,0,0,0,0,0,0,0,0,0,0,0,0,0,0,0,,,,,
Seth Roberts,WR,LV,10,LAC,0,0,0,0,0,0,0,0,3,39,0,3,0,0,0,0,0,0,0,0,0,0,,,,,
Shaun Wilson,RB,TB,10,WAS,0,0,0,0,0,7,0,2,1,-4,0,3,0,0,0,0,0,0,0,0,0,0,,,,,
Sony Michel,RB,NE,10,TEN,0,0,0,0,0,31,0,11,0,0,0,0,0,0,0,0,0,0,0,0,0,0,,,,,
Spencer Ware,RB,KC,10,ARI,0,0,0,0,0,6,1,2,1,7,0,1,0,0,0,0,0,0,0,0,0,0,,,,,
Stephen Gostkowski,K,NE,10,TEN,0,0,0,0,0,0,0,0,0,0,0,0,0,0,0,0,0,0,0,1,0,1,,,,,
Sterling Shepard,WR,NYG,10,SF,0,0,0,0,0,27,0,1,2,9,1,3,0,0,0,0,0,0,0,0,0,0,,,,,
Stevan Ridley,RB,PIT,10,CAR,0,0,0,0,0,26,0,8,0,0,0,1,0,0,0,0,0,0,0,0,0,0,,,,,
Steven Hauschka,K,BUF,10,NYJ,0,0,0,0,0,0,0,0,0,0,0,0,0,0,0,0,0,1,0,1,0,5,,,,,
T.J. Jones,WR,DET,10,CHI,0,0,0,0,0,0,0,0,1,12,0,2,0,0,0,0,0,0,0,0,0,0,,,,,
T.J. Logan,RB,ARI,10,KC,0,0,0,0,0,0,0,0,2,14,0,2,0,0,0,0,0,0,0,0,0,0,,,,,
T.J. Yeldon,RB,JAX,10,IND,0,0,0,0,0,12,0,3,5,51,0,6,0,0,0,0,0,0,0,0,0,0,,,,,
T.Y. Hilton,WR,IND,10,JAX,0,0,0,0,0,0,0,0,3,77,0,7,0,0,0,0,0,0,0,0,0,0,,,,,
TB,DEF,TB,10,WAS,,,,,,,,,,,,,,,,,,,,,,,0,0,0,0,16.0
TEN,DEF,TEN,10,NE,,,,,,,,,,,,,,,,,,,,,,,0,0,0,0,10.0
Tajae Sharpe,WR,TEN,10,NE,0,0,0,0,0,0,0,0,0,0,0,3,0,0,0,0,0,0,0,0,0,0,,,,,
Taquan Mizzell,RB,CHI,10,DET,0,0,0,0,0,0,0,1,0,0,0,0,0,0,0,0,0,0,0,0,0,0,,,,,
Tarik Cohen,RB,CHI,10,DET,0,0,0,0,0,15,1,7,6,29,0,7,0,0,0,0,0,0,0,0,0,0,,,,,
Taylor Gabriel,WR,CHI,10,DET,0,0,0,0,0,0,0,0,0,0,0,3,0,0,0,0,0,0,0,0,0,0,,,,,
Taysom Hill,TE,NO,10,CIN,0,0,1,0,0,24,0,4,0,0,0,1,0,0,0,0,0,0,0,0,0,0,,,,,
Teddy Bridgewater,QB,NO,10,CIN,0,0,1,0,0,-3,0,3,0,0,0,0,0,0,0,0,0,0,0,0,0,0,,,,,
Terrelle Pryor,WR,BUF,10,NYJ,0,0,0,0,0,0,0,0,0,0,0,3,0,0,0,0,0,0,0,0,0,0,,,,,
Tevin Coleman,RB,ATL,10,CLE,0,0,0,0,0,44,0,11,3,19,0,5,0,0,0,0,0,0,0,0,0,0,,,,,
Theo Riddick,RB,DET,10,CHI,0,0,0,0,0,0,0,0,6,60,0,7,0,0,0,0,0,0,0,0,0,0,,,,,
Todd Gurley,RB,LA,10,SEA,0,0,0,0,0,120,1,16,3,40,0,4,0,0,0,0,0,0,0,0,0,0,,,,,
Tom Brady,QB,NE,10,TEN,254,0,41,21,0,0,0,1,1,6,0,1,0,0,0,0,0,0,0,0,0,0,,,,,
Tra Carson,RB,GB,10,MIA,0,0,0,0,0,0,0,0,0,0,0,0,0,0,0,0,0,0,0,0,0,0,,,,,
Travis Benjamin,WR,LAC,10,LV,0,0,0,0,0,-2,0,1,0,0,0,0,0,0,0,0,0,0,0,0,0,0,,,,,
Travis Kelce,TE,KC,10,ARI,0,0,0,0,0,0,0,0,6,46,0,7,0,0,0,0,0,0,0,0,0,0,,,,,
Trent Sherfield,WR,ARI,10,KC,0,0,0,0,0,0,0,0,0,0,0,0,0,0,0,0,0,0,0,0,0,0,,,,,
Trent Taylor,WR,SF,10,NYG,0,0,0,0,0,0,0,0,1,12,0,1,0,0,0,0,0,0,0,0,0,0,,,,,
Trenton Cannon,RB,NYJ,10,BUF,0,0,0,0,0,30,0,4,1,5,0,4,0,0,0,0,0,0,0,0,0,0,,,,,
Trey Burton,TE,CHI,10,DET,0,0,0,0,0,0,0,0,4,40,0,4,0,0,1,0,0,0,0,0,0,0,,,,,
Tyler Boyd,WR,CIN,10,NO,0,0,0,0,0,0,0,0,3,65,0,4,0,0,0,0,0,0,0,0,0,0,,,,,
Tyler Higbee,TE,LA,10,SEA,0,0,0,0,0,0,0,0,3,25,1,3,0,0,0,0,0,0,0,0,0,0,,,,,
Tyler Lockett,WR,SEA,10,LA,0,0,0,0,0,18,0,1,5,67,1,6,0,0,0,0,0,0,0,0,0,0,,,,,
Tyreek Hill,WR,KC,10,ARI,0,0,0,0,0,20,0,1,7,117,2,10,0,0,0,0,0,0,0,0,0,0,,,,,
Tyrell Williams,WR,LAC,10,LV,0,0,0,0,0,0,0,0,4,46,0,6,0,0,0,0,0,0,0,0,0,0,,,,,
Vance McDonald,TE,PIT,10,CAR,0,0,0,0,0,0,0,0,4,44,1,4,0,0,0,0,0,0,0,0,0,0,,,,,
Vernon Davis,TE,WAS,10,TB,0,0,0,0,0,0,0,0,0,0,0,1,0,0,0,0,0,0,0,0,0,0,,,,,
Virgil Green,TE,LAC,10,LV,0,0,0,0,0,0,0,0,2,30,0,3,0,0,0,0,0,0,0,0,0,0,,,,,
WAS,DEF,WAS,10,TB,,,,,,,,,,,,,,,,,,,,,,,0,0,0,0,3.0
Wayne Gallman,RB,NYG,10,SF,0,0,0,0,0,3,0,2,0,0,0,1,0,0,0,0,0,0,0,0,0,0,,,,,
Wendell Smallwood,RB,PHI,10,DAL,0,0,0,0,0,4,0,2,3,30,0,3,0,0,0,0,0,0,0,0,0,0,,,,,
Wil Lutz,K,NO,10,CIN,0,0,0,0,0,0,0,0,0,0,0,0,0,0,0,0,1,0,2,0,0,6,,,,,
Zach Ertz,TE,PHI,10,DAL,0,0,0,0,0,0,0,0,14,145,2,16,0,0,0,0,0,0,0,0,0,0,,,,,
Zach Zenner,RB,DET,10,CHI,0,0,0,0,0,12,0,1,0,0,0,0,0,0,0,0,0,0,0,0,0,0,,,,,
Zay Jones,WR,BUF,10,NYJ,0,0,0,0,0,0,0,0,8,93,1,11,0,0,0,0,0,0,0,0,0,0,,,,,
ARI,DEF,ARI,11,LV,,,,,,,,,,,,,,,,,,,,,,,0,0,0,0,23.0
ATL,DEF,ATL,11,DAL,,,,,,,,,,,,,,,,,,,,,,,0,0,0,0,22.0
Aaron Jones,RB,GB,11,SEA,0,0,0,0,0,40,1,11,5,63,1,6,0,0,0,0,0,0,0,0,0,0,,,,,
Aaron Rodgers,QB,GB,11,SEA,332,2,30,21,0,3,0,1,0,0,0,0,0,0,0,0,0,0,0,0,0,0,,,,,
Adam Humphries,WR,TB,11,NYG,0,0,0,0,0,0,0,0,3,60,1,5,0,0,0,0,0,0,0,0,0,0,,,,,
Adam Shaheen,TE,CHI,11,MIN,0,0,0,0,0,0,0,0,0,0,0,0,0,0,1,0,0,0,0,0,0,0,,,,,
Adam Thielen,WR,MIN,11,CHI,0,0,0,0,0,0,0,0,7,66,0,12,0,0,1,0,0,0,0,0,0,0,,,,,
Adam Vinatieri,K,IND,11,TEN,0,0,0,0,0,0,0,0,0,0,0,0,0,0,0,0,1,0,0,0,0,5,,,,,
Adrian Peterson,RB,WAS,11,HOU,0,0,0,0,0,51,2,16,0,0,0,0,0,0,0,0,0,0,0,0,0,0,,,,,
Alan Cross,TE,TB,11,NYG,0,0,0,0,0,0,0,0,0,0,0,0,0,0,0,0,0,0,0,0,0,0,,,,,
Aldrick Robinson,WR,MIN,11,CHI,0,0,0,0,0,0,0,0,2,24,1,2,0,0,0,0,0,0,0,0,0,0,,,,,
Aldrick Rosas,K,NYG,11,TB,0,0,0,0,0,0,0,0,0,0,0,0,0,0,0,0,0,0,0,1,0,5,,,,,
Alex Collins,RB,BAL,11,CIN,0,0,0,0,0,18,1,7,0,0,0,0,0,0,0,0,0,0,0,0,0,0,,,,,
Alex Erickson,WR,CIN,11,BAL,0,0,0,0,0,0,0,0,0,0,0,1,0,0,0,0,0,0,0,0,0,0,,,,,
Alex Smith,QB,WAS,11,HOU,135,0,27,12,2,33,0,4,0,0,0,0,0,0,0,0,0,0,0,0,0,0,,,,,
Alfred Blue,RB,HOU,11,WAS,0,0,0,0,0,46,0,8,0,0,0,0,0,0,0,0,0,0,0,0,0,0,,,,,
Allen Robinson,WR,CHI,11,MIN,0,0,0,0,0,0,0,0,3,39,0,7,0,0,0,0,0,0,0,0,0,0,,,,,
Alshon Jeffery,WR,PHI,11,NO,0,0,0,0,0,0,0,0,4,33,0,5,0,0,0,0,0,0,0,0,0,0,,,,,
Alvin Kamara,RB,NO,11,PHI,0,0,0,0,0,71,0,13,1,37,1,1,0,0,0,0,0,0,0,0,0,0,,,,,
Amari Cooper,WR,DAL,11,ATL,0,0,0,0,0,0,0,0,3,36,0,5,0,0,0,0,0,0,0,0,0,0,,,,,
Ameer Abdullah,RB,MIN,11,CHI,0,0,0,0,0,0,0,0,1,10,0,1,0,0,0,0,0,0,0,0,0,0,,,,,
Andrew Luck,QB,IND,11,TEN,297,3,29,23,0,0,0,0,0,0,0,1,0,0,0,0,0,0,0,0,0,0,,,,,
Andy Dalton,QB,CIN,11,BAL,211,2,36,19,0,29,0,2,0,0,0,0,0,0,0,0,0,0,0,0,0,0,,,,,
Anthony Firkser,TE,TEN,11,IND,0,0,0,0,0,0,0,0,3,44,0,3,0,0,0,0,0,0,0,0,0,0,,,,,
Anthony Miller,WR,CHI,11,MIN,0,0,0,0,0,-1,0,1,2,25,1,3,0,0,0,0,0,0,0,0,0,0,,,,,
Antonio Brown,WR,PIT,11,JAX,0,0,0,0,0,0,0,0,5,117,1,13,0,0,0,0,0,0,0,0,0,0,,,,,
Antonio Gates,TE,LAC,11,DEN,0,0,0,0,0,0,0,0,5,80,1,7,0,0,0,0,0,0,0,0,0,0,,,,,
Antony Auclair,TE,TB,11,NYG,0,0,0,0,0,0,0,0,0,0,0,0,0,0,0,0,0,0,0,0,0,0,,,,,
Auden Tate,WR,CIN,11,BAL,0,0,0,0,0,0,0,0,1,5,0,1,0,0,0,0,0,0,0,0,0,0,,,,,
Austin Carr,WR,NO,11,PHI,0,0,0,0,0,0,0,0,1,3,1,2,0,0,0,0,0,0,0,0,0,0,,,,,
Austin Ekeler,RB,LAC,11,DEN,0,0,0,0,0,29,0,6,2,40,0,2,0,0,0,0,0,0,0,0,0,0,,,,,
Austin Hooper,TE,ATL,11,DAL,0,0,0,0,0,0,0,0,4,27,0,8,0,0,0,0,0,0,0,0,0,0,,,,,
BAL,DEF,BAL,11,CIN,,,,,,,,,,,,,,,,,,,,,,,0,0,0,0,21.0
Ben Braunecker,TE,CHI,11,MIN,0,0,0,0,0,0,0,0,1,4,0,1,0,0,0,0,0,0,0,0,0,0,,,,,
Ben Roethlisberger,QB,PIT,11,JAX,314,2,47,27,3,1,1,2,0,0,0,0,0,0,0,0,0,0,0,0,0,0,,,,,
Bennie Fowler,WR,NYG,11,TB,0,0,0,0,0,0,0,0,1,10,0,1,0,0,0,0,0,0,0,0,0,0,,,,,
Blaine Gabbert,QB,TEN,11,IND,118,1,16,11,1,0,0,0,0,0,0,0,0,0,0,0,0,0,0,0,0,0,,,,,
Blake Bell,TE,JAX,11,PIT,0,0,0,0,0,0,0,0,0,0,0,0,0,0,0,0,0,0,0,0,0,0,,,,,
Blake Bortles,QB,JAX,11,PIT,104,0,18,10,0,17,0,2,0,0,0,0,0,0,0,0,0,0,0,0,0,0,,,,,
Brandin Cooks,WR,LA,11,KC,0,0,0,0,0,0,0,1,8,107,0,12,0,0,0,0,0,0,0,0,0,0,,,,,
Brandon LaFell,WR,LV,11,ARI,0,0,0,0,0,0,0,0,2,29,1,3,0,0,0,0,0,0,0,0,0,0,,,,,
Brandon McManus,K,DEN,11,LAC,0,0,0,0,0,0,0,0,0,0,0,0,0,0,0,0,0,1,0,0,0,2,,,,,
Brett Maher,K,DAL,11,ATL,0,0,0,0,0,0,0,0,0,0,0,0,0,0,0,0,1,0,1,1,0,1,,,,,
Bruce Ellington,WR,DET,11,CAR,0,0,0,0,0,0,0,0,6,52,0,9,0,0,0,0,0,0,0,0,0,0,,,,,
Buddy Howell,RB,HOU,11,WAS,0,0,0,0,0,0,0,0,0,0,0,0,0,0,0,0,0,0,0,0,0,0,,,,,
Byron Marshall,RB,WAS,11,HOU,0,0,0,0,0,5,0,2,0,0,0,1,0,0,0,0,0,0,0,0,0,0,,,,,
C.J. Uzomah,TE,CIN,11,BAL,0,0,0,0,0,0,0,0,3,41,0,5,0,0,0,0,0,0,0,0,0,0,,,,,
CAR,DEF,CAR,11,DET,,,,,,,,,,,,,,,,,,,,,,,0,0,0,0,20.0
CHI,DEF,CHI,11,MIN,,,,,,,,,,,,,,,,,,,,,,,1,0,0,0,20.0
CIN,DEF,CIN,11,BAL,,,,,,,,,,,,,,,,,,,,,,,0,0,0,0,24.0
Cairo Santos,K,TB,11,NYG,0,0,0,0,0,0,0,0,0,0,0,0,0,0,0,0,0,0,0,0,0,5,,,,,
Calvin Ridley,WR,ATL,11,DAL,0,0,0,0,0,5,0,1,3,32,0,4,0,0,0,0,0,0,0,0,0,0,,,,,
Cam Newton,QB,CAR,11,DET,357,3,37,25,1,2,0,2,0,0,0,0,0,0,0,0,0,0,0,0,0,0,,,,,
Cameron Artis-Payne,RB,CAR,11,DET,0,0,0,0,0,1,0,1,0,0,0,0,0,0,0,0,0,0,0,0,0,0,,,,,
Cameron Batson,WR,TEN,11,IND,0,0,0,0,0,1,0,1,1,5,0,1,0,0,0,0,0,0,0,0,0,0,,,,,
Cameron Brate,TE,TB,11,NYG,0,0,0,0,0,0,0,0,2,16,0,3,0,0,0,0,0,0,0,0,0,0,,,,,
Carlos Hyde,RB,JAX,11,PIT,0,0,0,0,0,44,0,8,0,0,0,0,0,0,0,0,0,0,0,0,0,0,,,,,
Carson Wentz,QB,PHI,11,NO,156,0,33,19,3,6,0,1,0,0,0,0,0,0,0,0,0,0,0,0,0,0,,,,,
Case Keenum,QB,DEN,11,LAC,205,0,32,19,0,0,0,0,0,0,0,0,0,0,0,0,0,0,0,0,0,0,,,,,
Chad Beebe,WR,MIN,11,CHI,0,0,0,0,0,0,0,0,1,18,0,1,0,0,0,0,0,0,0,0,0,0,,,,,
Chase Edmonds,RB,ARI,11,LV,0,0,0,0,0,17,0,5,0,0,0,0,0,0,0,0,0,0,0,0,0,0,,,,,
Chester Rogers,WR,IND,11,TEN,0,0,0,0,0,0,0,0,2,9,0,2,0,0,0,0,0,0,0,0,0,0,,,,,
Chris Boswell,K,PIT,11,JAX,0,0,0,0,0,0,0,0,0,0,0,0,0,0,0,0,0,0,0,0,0,2,,,,,
Chris Carson,RB,SEA,11,GB,0,0,0,0,0,83,1,17,0,0,0,0,0,0,0,0,0,0,0,0,0,0,,,,,
Chris Conley,WR,KC,11,LA,0,0,0,0,0,0,0,0,7,74,2,8,0,0,0,0,0,0,0,0,0,0,,,,,
Chris Godwin Jr.,WR,TB,11,NYG,0,0,0,0,0,0,0,0,3,50,0,3,0,0,0,0,0,0,0,0,0,0,,,,,
Chris Moore,WR,BAL,11,CIN,0,0,0,0,0,8,0,1,1,14,0,1,0,0,0,0,0,0,0,0,0,0,,,,,
Christian Kirk,WR,ARI,11,LV,0,0,0,0,0,0,0,0,3,77,1,4,0,0,0,0,0,0,0,0,0,0,,,,,
Christian McCaffrey,RB,CAR,11,DET,0,0,0,0,0,53,0,13,6,57,0,8,0,0,0,0,0,0,0,0,0,0,,,,,
Cody Core,WR,CIN,11,BAL,0,0,0,0,0,0,0,0,0,0,0,2,0,0,0,0,0,0,0,0,0,0,,,,,
Cody Parkey,K,CHI,11,MIN,0,0,0,0,0,0,0,0,0,0,0,0,0,0,0,0,0,1,2,0,0,0,,,,,
Cole Beasley,WR,DAL,11,ATL,0,0,0,0,0,0,0,0,5,51,0,7,0,0,0,0,0,0,0,0,0,0,,,,,
Colt McCoy,QB,WAS,11,HOU,54,1,12,6,0,35,0,5,0,0,0,0,0,0,0,0,0,0,0,0,0,0,,,,,
Corey Clement,RB,PHI,11,NO,0,0,0,0,0,11,0,2,2,4,0,2,0,0,0,0,0,0,0,0,0,0,,,,,
Corey Coleman,WR,NYG,11,TB,0,0,0,0,0,0,0,0,1,9,0,1,0,0,0,0,0,0,0,0,0,0,,,,,
Corey Davis,WR,TEN,11,IND,0,0,0,0,0,-1,0,1,2,30,0,4,0,0,0,0,0,0,0,0,0,0,,,,,
Courtland Sutton,WR,DEN,11,LAC,0,0,0,0,0,0,0,0,3,78,0,6,0,0,0,0,0,0,0,0,0,0,,,,,
Curtis Samuel,WR,CAR,11,DET,0,0,0,0,0,0,0,0,5,55,1,7,0,0,0,0,0,0,0,0,0,0,,,,,
DAL,DEF,DAL,11,ATL,,,,,,,,,,,,,,,,,,,,,,,0,0,0,0,19.0
DEN,DEF,DEN,11,LAC,,,,,,,,,,,,,,,,,,,,,,,0,0,0,0,22.0
DET,DEF,DET,11,CAR,,,,,,,,,,,,,,,,,,,,,,,0,0,0,0,19.0
DJ Chark,WR,JAX,11,PIT,0,0,0,0,0,0,0,0,2,15,0,5,0,0,0,0,0,0,0,0,0,0,,,,,
DJ Moore,WR,CAR,11,DET,0,0,0,0,0,0,0,0,7,157,1,8,0,0,0,0,0,0,0,0,0,0,,,,,
DaeSean Hamilton,WR,DEN,11,LAC,0,0,0,0,0,0,0,0,1,4,0,2,0,0,0,0,0,0,0,0,0,0,,,,,
Dak Prescott,QB,DAL,11,ATL,208,0,32,22,0,5,1,4,0,0,0,0,0,0,0,0,0,0,0,0,0,0,,,,,
Dallas Goedert,TE,PHI,11,NO,0,0,0,0,0,0,0,0,0,0,0,3,0,0,0,0,0,0,0,0,0,0,,,,,
Dalvin Cook,RB,MIN,11,CHI,0,0,0,0,0,12,0,9,3,-2,0,3,0,0,0,0,0,0,0,0,0,0,,,,,
Damiere Byrd,WR,CAR,11,DET,0,0,0,0,0,0,0,0,0,0,0,0,0,0,0,0,0,0,0,0,0,0,,,,,
Dan Arnold,TE,NO,11,PHI,0,0,0,0,0,0,0,0,2,25,0,2,0,0,0,0,0,0,0,0,0,0,,,,,
Dan Bailey,K,MIN,11,CHI,0,0,0,0,0,0,0,0,0,0,0,0,0,0,0,0,0,2,0,0,0,0,,,,,
Daniel Carlson,K,LV,11,ARI,0,0,0,0,0,0,0,0,0,0,0,0,0,0,0,0,1,1,1,0,0,2,,,,,
Dare Ogunbowale,RB,TB,11,NYG,0,0,0,0,0,0,0,0,0,0,0,0,0,0,0,0,0,0,0,0,0,0,,,,,
Darrius Heyward-Bey,WR,PIT,11,JAX,0,0,0,0,0,0,0,0,0,0,0,0,0,0,0,0,0,0,0,0,0,0,,,,,
Davante Adams,WR,GB,11,SEA,0,0,0,0,0,0,0,0,10,166,0,12,0,0,0,0,0,0,0,0,0,0,,,,,
David Johnson,RB,ARI,11,LV,0,0,0,0,0,137,0,25,1,17,0,3,0,0,0,0,0,0,0,0,0,0,,,,,
David Moore,WR,SEA,11,GB,0,0,0,0,0,0,0,0,4,57,0,8,0,0,0,0,0,0,0,0,0,0,,,,,
DeAndre Carter,WR,HOU,11,WAS,0,0,0,0,0,0,0,0,0,0,0,0,0,0,0,0,0,0,0,0,0,0,,,,,
DeAndre Hopkins,WR,HOU,11,WAS,0,0,0,0,0,0,0,0,5,56,1,6,0,0,0,0,0,0,0,0,0,0,,,,,
DeAndre Washington,RB,LV,11,ARI,0,0,0,0,0,39,0,12,0,0,0,0,0,0,0,0,0,0,0,0,0,0,,,,,
DeSean Jackson,WR,TB,11,NYG,0,0,0,0,0,0,0,0,4,38,0,7,0,0,0,0,0,0,0,0,0,0,,,,,
Dede Westbrook,WR,JAX,11,PIT,0,0,0,0,0,0,0,0,2,19,0,4,0,0,0,0,0,0,0,0,0,0,,,,,
Demarcus Robinson,WR,KC,11,LA,0,0,0,0,0,0,0,0,1,14,0,2,0,0,0,0,0,0,0,0,0,0,,,,,
Demaryius Thomas,WR,HOU,11,WAS,0,0,0,0,0,0,0,0,0,0,0,1,0,0,0,0,0,0,0,0,0,0,,,,,
Demetrius Harris,TE,KC,11,LA,0,0,0,0,0,0,0,0,1,3,0,2,0,0,0,0,0,0,0,0,0,0,,,,,
Derek Carr,QB,LV,11,ARI,192,2,31,19,0,0,0,0,0,0,0,0,0,0,0,0,0,0,0,0,0,0,,,,,
Derek Carrier,TE,LV,11,ARI,0,0,0,0,0,0,0,0,0,0,0,0,0,0,0,0,0,0,0,0,0,0,,,,,
Derrick Henry,RB,TEN,11,IND,0,0,0,0,0,46,0,9,0,0,0,0,0,0,0,0,0,0,0,0,0,0,,,,,
Deshaun Watson,QB,HOU,11,WAS,208,1,24,16,2,7,0,3,0,0,0,0,0,0,0,0,0,0,0,0,0,0,,,,,
Devin Funchess,WR,CAR,11,DET,0,0,0,0,0,0,0,0,2,39,0,8,0,0,0,0,0,0,0,0,0,0,,,,,
Devontae Booker,RB,DEN,11,LAC,0,0,0,0,0,0,0,0,1,4,0,1,0,0,0,0,0,0,0,0,0,0,,,,,
Dion Lewis,RB,TEN,11,IND,0,0,0,0,0,24,0,10,1,8,0,2,0,0,0,0,0,0,0,0,0,0,,,,,
Donte Moncrief,WR,JAX,11,PIT,0,0,0,0,0,0,0,0,1,11,0,2,0,0,0,0,0,0,0,0,0,0,,,,,
Dontrelle Inman,WR,IND,11,TEN,0,0,0,0,0,0,0,0,4,34,1,6,0,0,0,0,0,0,0,0,0,0,,,,,
Doug Baldwin,WR,SEA,11,GB,0,0,0,0,0,0,0,0,7,52,1,10,0,0,0,0,0,0,0,0,0,0,,,,,
Doug Martin,RB,LV,11,ARI,0,0,0,0,0,52,0,10,1,6,0,1,0,0,0,0,0,0,0,0,0,0,,,,,
Drew Brees,QB,NO,11,PHI,363,4,30,22,0,0,0,0,0,0,0,0,0,0,0,0,0,0,0,0,0,0,,,,,
Dustin Hopkins,K,WAS,11,HOU,0,0,0,0,0,0,0,0,0,0,0,0,0,0,0,0,0,0,0,0,0,3,,,,,
Dwayne Harris,WR,LV,11,ARI,0,0,0,0,0,0,0,0,0,0,0,0,0,0,0,0,0,0,0,0,0,0,,,,,
Dwayne Washington,RB,NO,11,PHI,0,0,0,0,0,-3,0,3,0,0,0,0,0,0,0,0,0,0,0,0,0,0,,,,,
Ed Dickson,TE,SEA,11,GB,0,0,0,0,0,0,0,0,1,15,1,1,0,0,0,0,0,0,0,0,0,0,,,,,
Eli Manning,QB,NYG,11,TB,231,2,18,17,0,-1,0,1,0,0,0,0,0,0,0,0,0,0,0,0,0,0,,,,,
Emmanuel Sanders,WR,DEN,11,LAC,0,0,0,0,0,6,0,1,4,56,0,6,0,0,0,0,0,0,0,0,0,0,,,,,
Equanimeous St. Brown,WR,GB,11,SEA,0,0,0,0,0,0,0,0,1,16,0,4,0,0,0,0,0,0,0,0,0,0,,,,,
Eric Ebron,TE,IND,11,TEN,0,0,1,0,0,0,0,0,0,0,0,0,0,0,0,0,0,0,0,0,0,0,,,,,
Evan Engram,TE,NYG,11,TB,0,0,0,0,0,0,0,0,2,66,0,2,0,0,0,0,0,0,0,0,0,0,,,,,
Ezekiel Elliott,RB,DAL,11,ATL,0,0,0,0,0,122,1,23,7,79,0,8,0,0,0,0,0,0,0,0,0,0,,,,,
GB,DEF,GB,11,SEA,,,,,,,,,,,,,,,,,,,,,,,0,0,0,0,27.0
Geoff Swaim,TE,DAL,11,ATL,0,0,0,0,0,0,0,0,4,24,0,5,0,0,0,0,0,0,0,0,0,0,,,,,
Gerald Everett,TE,LA,11,KC,0,0,0,0,0,0,0,0,3,49,2,4,0,0,0,0,0,0,0,0,0,0,,,,,
Giovani Bernard,RB,CIN,11,BAL,0,0,0,0,0,5,0,2,4,20,0,4,0,0,0,0,0,0,0,0,0,0,,,,,
Godwin Igwebuike,RB,TB,11,NYG,0,0,0,0,0,0,0,0,0,0,0,0,0,0,0,0,0,0,0,0,0,0,,,,,
Golden Tate,WR,PHI,11,NO,0,0,0,0,0,-8,0,1,5,48,0,8,0,0,0,0,0,0,0,0,0,0,,,,,
Graham Gano,K,CAR,11,DET,0,0,0,0,0,0,0,0,0,0,0,0,0,0,0,0,0,0,0,0,0,1,,,,,
Greg Olsen,TE,CAR,11,DET,0,0,0,0,0,0,0,0,2,9,1,3,0,0,0,0,0,0,0,0,0,0,,,,,
Greg Zuerlein,K,LA,11,KC,0,0,0,0,0,0,0,0,0,0,0,0,0,0,0,0,1,1,0,0,0,6,,,,,
Gus Edwards,RB,BAL,11,CIN,0,0,0,0,0,115,1,17,0,0,0,0,0,0,1,0,0,0,0,0,0,0,,,,,
HOU,DEF,HOU,11,WAS,,,,,,,,,,,,,,,,,,,,,,,1,0,0,0,21.0
Harrison Butker,K,KC,11,LA,0,0,0,0,0,0,0,0,0,0,0,0,0,0,0,0,1,0,0,0,0,6,,,,,
IND,DEF,IND,11,TEN,,,,,,,,,,,,,,,,,,,,,,,0,0,0,0,10.0
Ito Smith,RB,ATL,11,DAL,0,0,0,0,0,10,0,6,2,12,0,2,0,0,0,0,0,0,0,0,0,0,,,,,
J.J. Nelson,WR,ARI,11,LV,0,0,0,0,0,0,0,0,0,0,0,1,0,0,0,0,0,0,0,0,0,0,,,,,
JAX,DEF,JAX,11,PIT,,,,,,,,,,,,,,,,,,,,,,,0,0,0,0,20.0
Jack Doyle,TE,IND,11,TEN,0,0,0,0,0,0,0,0,4,43,0,4,0,0,0,0,0,0,0,0,0,0,,,,,
Jacoby Brissett,QB,IND,11,TEN,-2,0,2,1,0,-3,0,3,0,0,0,0,0,0,0,0,0,0,0,0,0,0,,,,,
Jacquizz Rodgers,RB,TB,11,NYG,0,0,0,0,0,15,0,3,0,0,0,3,0,0,0,0,0,0,0,0,0,0,,,,,
Jake Elliott,K,PHI,11,NO,0,0,0,0,0,0,0,0,0,0,0,0,0,0,0,0,0,0,0,0,0,1,,,,,
Jalen Richard,RB,LV,11,ARI,0,0,0,0,0,61,0,11,3,32,0,4,0,0,0,0,0,0,0,0,0,0,,,,,
Jamaal Williams,RB,GB,11,SEA,0,0,0,0,0,5,0,1,0,0,0,0,0,0,0,0,0,0,0,0,0,0,,,,,
Jameis Winston,QB,TB,11,NYG,199,2,16,12,1,16,0,5,0,0,0,0,0,0,0,0,0,0,0,0,0,0,,,,,
James Conner,RB,PIT,11,JAX,0,0,0,0,0,25,0,9,6,24,0,9,0,0,0,0,0,0,0,0,0,0,,,,,
James O'Shaughnessy,TE,JAX,11,PIT,0,0,0,0,0,0,0,0,1,4,0,2,0,0,0,0,0,0,0,0,0,0,,,,,
James Washington,WR,PIT,11,JAX,0,0,0,0,0,0,0,0,1,11,0,3,0,0,0,0,0,0,0,0,0,0,,,,,
Jared Cook,TE,LV,11,ARI,0,0,0,0,0,0,0,0,3,31,1,6,0,0,0,0,0,0,0,0,0,0,,,,,
Jared Goff,QB,LA,11,KC,413,4,49,31,0,6,1,4,0,0,0,0,0,0,0,0,0,0,0,0,0,0,,,,,
Jarius Wright,WR,CAR,11,DET,0,0,0,0,0,0,0,0,3,40,0,3,0,0,0,0,0,0,0,0,0,0,,,,,
Jaron Brown,WR,SEA,11,GB,0,0,0,0,0,0,0,0,0,0,0,0,0,0,0,0,0,0,0,0,0,0,,,,,
Javorius Allen,RB,BAL,11,CIN,0,0,0,0,0,2,0,1,0,0,0,0,0,0,0,0,0,0,0,0,0,0,,,,,
Jeff Heuerman,TE,DEN,11,LAC,0,0,0,0,0,0,0,0,4,20,0,5,0,0,0,0,0,0,0,0,0,0,,,,,
Jeremy Sprinkle,TE,WAS,11,HOU,0,0,0,0,0,0,0,0,0,0,0,1,0,0,0,0,0,0,0,0,0,0,,,,,
Jermaine Gresham,TE,ARI,11,LV,0,0,0,0,0,0,0,0,1,8,0,2,0,0,0,0,0,0,0,0,0,0,,,,,
Jesse James,TE,PIT,11,JAX,0,0,0,0,0,0,0,0,0,0,0,0,0,0,0,0,0,0,0,0,0,0,,,,,
Jimmy Graham,TE,GB,11,SEA,0,0,0,0,0,0,0,0,1,13,0,1,0,0,0,0,0,0,0,0,0,0,,,,,
JoJo Natson,WR,LA,11,KC,0,0,0,0,0,0,0,0,0,0,0,0,0,0,0,0,0,0,0,0,0,0,,,,,
Joe Mixon,RB,CIN,11,BAL,0,0,0,0,0,14,1,12,3,38,0,3,0,0,0,0,0,0,0,0,0,0,,,,,
John Brown,WR,BAL,11,CIN,0,0,0,0,0,0,0,1,1,23,0,1,0,0,0,0,0,0,0,0,0,0,,,,,
John Ross,WR,CIN,11,BAL,0,0,0,0,0,0,0,0,2,27,1,7,0,0,0,0,0,0,0,0,0,0,,,,,
Jonnu Smith,TE,TEN,11,IND,0,0,0,0,0,0,0,0,6,44,0,8,0,0,0,0,0,0,0,0,0,0,,,,,
Jordan Akins,TE,HOU,11,WAS,0,0,0,0,0,0,0,0,2,42,0,2,0,0,0,0,0,0,0,0,0,0,,,,,
Jordan Franks,TE,CIN,11,BAL,0,0,0,0,0,0,0,0,1,5,0,1,0,0,0,0,0,0,0,0,0,0,,,,,
Jordan Howard,RB,CHI,11,MIN,0,0,0,0,0,63,0,18,1,2,0,1,0,0,0,0,0,0,0,0,0,0,,,,,
Jordan Matthews,TE,PHI,11,NO,0,0,0,0,0,0,0,0,3,37,0,4,0,0,0,0,0,0,0,0,0,0,,,,,
Jordan Reed,TE,WAS,11,HOU,0,0,0,0,0,0,0,0,7,71,1,11,0,0,0,0,0,0,0,0,0,0,,,,,
Jordan Wilkins,RB,IND,11,TEN,0,0,0,0,0,30,1,4,0,0,0,0,0,0,0,0,0,0,0,0,0,0,,,,,
Josh Adams,RB,PHI,11,NO,0,0,0,0,0,53,1,7,3,19,0,6,0,0,0,0,0,0,0,0,0,0,,,,,
Josh Bellamy,WR,CHI,11,MIN,0,0,0,0,0,0,0,0,2,11,0,3,0,0,1,0,0,0,0,0,0,0,,,,,
Josh Doctson,WR,WAS,11,HOU,0,0,0,0,0,0,0,0,3,32,0,7,0,0,0,0,0,0,0,0,0,0,,,,,
Josh Hill,TE,NO,11,PHI,0,0,0,0,0,0,0,0,2,26,0,4,0,0,0,0,0,0,0,0,0,0,,,,,
Josh Lambo,K,JAX,11,PIT,0,0,0,0,0,0,0,0,0,0,0,0,0,0,0,0,0,1,2,0,0,1,,,,,
Josh Reynolds,WR,LA,11,KC,0,0,0,0,0,0,0,0,6,80,1,8,0,0,0,0,0,0,0,0,0,0,,,,,
Josh Rosen,QB,ARI,11,LV,136,3,20,9,2,0,0,1,0,0,0,0,0,0,0,0,0,0,0,0,0,0,,,,,
JuJu Smith-Schuster,WR,PIT,11,JAX,0,0,0,0,0,0,0,0,8,104,0,10,0,0,0,0,0,0,0,0,0,0,,,,,
Julio Jones,WR,ATL,11,DAL,0,0,0,0,0,0,0,0,6,118,1,9,0,0,0,0,0,0,0,0,0,0,,,,,
Justin Hardy,WR,ATL,11,DAL,0,0,0,0,0,0,0,0,0,0,0,0,0,0,0,0,0,0,0,0,0,0,,,,,
Justin Tucker,K,BAL,11,CIN,0,0,0,0,0,0,0,0,0,0,0,0,0,0,0,0,2,0,0,1,0,1,,,,,
KC,DEF,KC,11,LA,,,,,,,,,,,,,,,,,,,,,,,0,0,0,0,54.0
Ka'imi Fairbairn,K,HOU,11,WAS,0,0,0,0,0,0,0,0,0,0,0,0,0,0,0,0,1,1,0,1,0,2,,,,,
Kapri Bibbs,RB,WAS,11,HOU,0,0,0,0,0,0,0,1,2,6,0,3,0,0,0,0,0,0,0,0,0,0,,,,,
Kareem Hunt,RB,KC,11,LA,0,0,0,0,0,70,0,14,3,41,1,4,0,0,0,0,0,0,0,0,0,0,,,,,
Keenan Allen,WR,LAC,11,DEN,0,0,0,0,0,1,0,1,9,89,1,12,0,0,0,0,0,0,0,0,0,0,,,,,
Keith Kirkwood,WR,NO,11,PHI,0,0,0,0,0,0,0,0,3,33,0,5,0,0,0,0,0,0,0,0,0,0,,,,,
Keke Coutee,WR,HOU,11,WAS,0,0,0,0,0,0,0,0,5,77,0,9,0,0,0,0,0,0,0,0,0,0,,,,,
Kenny Golladay,WR,DET,11,CAR,0,0,0,0,0,0,0,0,8,113,1,15,0,0,0,0,0,0,0,0,0,0,,,,,
Kerryon Johnson,RB,DET,11,CAR,0,0,0,0,0,87,1,15,2,10,0,2,0,0,0,0,0,0,0,0,0,0,,,,,
KhaDarel Hodge,WR,LA,11,KC,0,0,0,0,0,0,0,0,1,3,0,1,0,0,0,0,0,0,0,0,0,0,,,,,
Kirk Cousins,QB,MIN,11,CHI,262,2,46,30,2,5,0,1,0,0,0,0,0,0,1,0,0,0,0,0,0,0,,,,,
Kyle Rudolph,TE,MIN,11,CHI,0,0,0,0,0,0,0,0,2,13,0,5,0,0,0,0,0,0,0,0,0,0,,,,,
LA,DEF,LA,11,KC,,,,,,,,,,,,,,,,,,,,,,,1,0,0,0,51.0
LAC,DEF,LAC,11,DEN,,,,,,,,,,,,,,,,,,,,,,,0,0,0,0,23.0
LV,DEF,LV,11,ARI,,,,,,,,,,,,,,,,,,,,,,,0,0,0,0,0.0
Lamar Jackson,QB,BAL,11,CIN,150,0,19,13,1,119,0,26,0,0,0,0,0,0,0,0,0,0,0,0,0,0,,,,,
Lamar Miller,RB,HOU,11,WAS,0,0,0,0,0,86,0,20,3,22,0,5,0,0,0,0,0,0,0,0,0,0,,,,,
Lance Kendricks,TE,GB,11,SEA,0,0,0,0,0,0,0,0,2,12,0,2,0,0,0,0,0,0,0,0,0,0,,,,,
Lance Lenoir,WR,DAL,11,ATL,0,0,0,0,0,0,0,0,0,0,0,0,0,0,0,0,0,0,0,0,0,0,,,,,
Laquon Treadwell,WR,MIN,11,CHI,0,0,0,0,0,0,0,0,1,7,0,3,0,0,0,0,0,0,0,0,0,0,,,,,
Larry Fitzgerald,WR,ARI,11,LV,0,0,0,0,0,0,0,0,2,23,2,4,0,0,0,0,0,0,0,0,0,0,,,,,
Latavius Murray,RB,MIN,11,CHI,0,0,0,0,0,5,0,4,0,0,0,0,0,0,0,0,0,0,0,0,0,0,,,,,
LeGarrette Blount,RB,DET,11,CAR,0,0,0,0,0,1,0,7,0,0,0,0,0,0,0,0,0,0,0,0,0,0,,,,,
Lee Smith,TE,LV,11,ARI,0,0,0,0,0,0,0,0,2,6,0,2,0,0,0,0,0,0,0,0,0,0,,,,,
Leonard Fournette,RB,JAX,11,PIT,0,0,0,0,0,95,1,28,2,46,0,2,0,0,0,0,0,0,0,0,0,0,,,,,
Levine Toilolo,TE,DET,11,CAR,0,0,0,0,0,0,0,0,1,13,0,1,0,0,0,0,0,0,0,0,0,0,,,,,
Logan Paulsen,TE,ATL,11,DAL,0,0,0,0,0,0,0,0,2,19,0,2,0,0,0,0,0,0,0,0,0,0,,,,,
Luke Stocker,TE,TEN,11,IND,0,0,0,0,0,0,0,0,2,16,0,3,0,0,0,0,0,0,0,0,0,0,,,,,
Luke Willson,TE,DET,11,CAR,0,0,0,0,0,0,0,0,0,0,0,1,0,0,0,0,0,0,0,0,0,0,,,,,
MIN,DEF,MIN,11,CHI,,,,,,,,,,,,,,,,,,,,,,,0,0,0,0,25.0
Malcolm Brown,RB,LA,11,KC,0,0,0,0,0,15,0,4,0,0,0,0,0,0,0,0,0,0,0,0,0,0,,,,,
Marcell Ateman,WR,LV,11,ARI,0,0,0,0,0,0,0,0,4,50,0,5,0,0,0,0,0,0,0,0,0,0,,,,,
Marcus Kemp,WR,KC,11,LA,0,0,0,0,0,0,0,0,0,0,0,0,0,0,0,0,0,0,0,0,0,0,,,,,
Marcus Mariota,QB,TEN,11,IND,85,0,13,10,1,17,0,4,0,0,0,0,0,0,0,0,0,0,0,0,0,0,,,,,
Mark Andrews,TE,BAL,11,CIN,0,0,0,0,0,0,0,0,1,19,0,1,0,0,0,0,0,0,0,0,0,0,,,,,
Mark Ingram,RB,NO,11,PHI,0,0,0,0,0,103,2,16,0,0,0,0,0,0,0,0,0,0,0,0,0,0,,,,,
Marlon Mack,RB,IND,11,TEN,0,0,0,0,0,61,1,16,1,8,0,2,0,0,0,0,0,0,0,0,0,0,,,,,
Marquez Valdes-Scantling,WR,GB,11,SEA,0,0,0,0,0,0,0,0,1,8,0,3,0,0,0,0,0,0,0,0,0,0,,,,,
Marvin Hall,WR,ATL,11,DAL,0,0,0,0,0,3,0,1,0,0,0,0,0,0,0,0,0,0,0,0,0,0,,,,,
Mason Crosby,K,GB,11,SEA,0,0,0,0,0,0,0,0,0,0,0,0,0,0,0,0,0,1,0,0,0,3,,,,,
Matt Bryant,K,ATL,11,DAL,0,0,0,0,0,0,0,0,0,0,0,0,0,0,0,0,1,0,2,1,0,1,,,,,
Matt LaCosse,TE,DEN,11,LAC,0,0,0,0,0,0,0,0,1,9,0,2,0,0,0,0,0,0,0,0,0,0,,,,,
Matt Lengel,TE,CIN,11,BAL,0,0,0,0,0,0,0,0,1,4,1,1,0,0,0,0,0,0,0,0,0,0,,,,,
Matt McCrane,K,ARI,11,LV,0,0,0,0,0,0,0,0,0,0,0,0,0,0,0,0,0,0,0,0,0,3,,,,,
Matt Prater,K,DET,11,CAR,0,0,0,0,0,0,0,0,0,0,0,0,0,0,0,0,0,1,0,1,0,2,,,,,
Matt Ryan,QB,ATL,11,DAL,291,1,34,24,1,1,0,1,0,0,0,0,0,0,0,0,0,0,0,0,0,0,,,,,
Matthew Stafford,QB,DET,11,CAR,220,1,37,23,0,6,0,3,0,0,0,0,0,0,0,0,0,0,0,0,0,0,,,,,
Maurice Harris,WR,WAS,11,HOU,0,0,0,0,0,0,0,0,1,13,0,4,0,0,0,0,0,0,0,0,0,0,,,,,
Melvin Gordon,RB,LAC,11,DEN,0,0,0,0,0,69,0,18,6,87,0,6,0,0,0,0,0,0,0,0,0,0,,,,,
Michael Crabtree,WR,BAL,11,CIN,0,0,0,0,0,0,0,0,1,7,0,3,0,0,0,0,0,0,0,0,0,0,,,,,
Michael Floyd,WR,WAS,11,HOU,0,0,0,0,0,0,0,0,1,18,0,3,0,0,0,0,0,0,0,0,0,0,,,,,
Michael Gallup,WR,DAL,11,ATL,0,0,0,0,0,0,0,0,1,10,0,5,0,0,0,0,0,0,0,0,0,0,,,,,
Michael Thomas,WR,NO,11,PHI,0,0,0,0,0,0,0,0,4,92,1,4,0,0,0,0,0,0,0,0,0,0,,,,,
Mike Badgley,K,LAC,11,DEN,0,0,0,0,0,0,0,0,0,0,0,0,0,0,0,0,0,1,2,0,0,1,,,,,
Mike Davis,RB,SEA,11,GB,0,0,0,0,0,26,0,4,2,24,0,2,0,0,0,0,0,0,0,0,0,0,,,,,
Mike Evans,WR,TB,11,NYG,0,0,0,0,0,0,0,0,6,120,1,7,0,1,0,0,0,0,0,0,0,0,,,,,
Mike Williams,WR,LAC,11,DEN,0,0,0,0,0,0,0,0,2,56,0,3,0,0,0,0,0,0,0,0,0,0,,,,,
Mitchell Trubisky,QB,CHI,11,MIN,165,1,31,20,2,43,0,10,0,0,0,0,0,0,2,0,0,0,0,0,0,0,,,,,
Mo Alie-Cox,TE,IND,11,TEN,0,0,0,0,0,0,0,0,0,0,0,1,0,0,0,0,0,0,0,0,0,0,,,,,
Mohamed Sanu,WR,ATL,11,DAL,0,0,0,0,0,3,0,1,4,56,0,6,0,0,0,0,0,0,0,0,0,0,,,,,
MyCole Pruitt,TE,TEN,11,IND,0,0,0,0,0,0,0,0,1,19,0,1,0,0,0,0,0,0,0,0,0,0,,,,,
NO,DEF,NO,11,PHI,,,,,,,,,,,,,,,,,,,,,,,0,0,0,0,7.0
NYG,DEF,NYG,11,TB,,,,,,,,,,,,,,,,,,,,,,,1,0,0,0,35.0
Nelson Agholor,WR,PHI,11,NO,0,0,0,0,0,0,0,0,0,0,0,2,0,0,0,0,0,0,0,0,0,0,,,,,
Nick Boyle,TE,BAL,11,CIN,0,0,0,0,0,0,0,0,4,36,0,4,0,0,0,0,0,0,0,0,0,0,,,,,
Nick Vannett,TE,SEA,11,GB,0,0,0,0,0,0,0,0,1,17,0,2,0,0,0,0,0,0,0,0,0,0,,,,,
Noah Brown,WR,DAL,11,ATL,0,0,0,0,0,0,0,0,0,0,0,0,0,0,0,0,0,0,0,0,0,0,,,,,
Nyheim Hines,RB,IND,11,TEN,0,0,0,0,0,14,0,5,1,20,0,3,0,0,0,0,0,0,0,0,0,0,,,,,
O.J. Howard,TE,TB,11,NYG,0,0,0,0,0,0,0,0,5,78,0,6,0,0,0,0,0,0,0,0,0,0,,,,,
Odell Beckham Jr.,WR,NYG,11,TB,0,0,0,0,0,11,0,1,4,74,1,4,0,0,0,0,0,0,0,0,0,0,,,,,
PHI,DEF,PHI,11,NO,,,,,,,,,,,,,,,,,,,,,,,0,0,0,0,48.0
PIT,DEF,PIT,11,JAX,,,,,,,,,,,,,,,,,,,,,,,0,0,0,0,16.0
Patrick Mahomes,QB,KC,11,LA,478,6,46,33,3,28,0,6,0,0,0,0,0,0,0,0,0,0,0,0,0,0,,,,,
Patrick Ricard,RB,BAL,11,CIN,0,0,0,0,0,0,0,0,0,0,0,0,0,0,0,0,0,0,0,0,0,0,,,,,
Peyton Barber,RB,TB,11,NYG,0,0,0,0,0,106,1,18,2,4,0,2,0,0,0,0,0,0,0,0,0,0,,,,,
Pharoh Cooper,WR,LA,11,KC,0,0,0,0,0,0,0,0,0,0,0,0,0,0,0,0,0,0,0,0,0,0,,,,,
Philip Rivers,QB,LAC,11,DEN,401,2,43,28,2,-4,0,1,0,0,0,0,0,0,0,0,0,0,0,0,0,0,,,,,
Phillip Lindsay,RB,DEN,11,LAC,0,0,0,0,0,79,2,11,4,27,0,5,0,0,0,0,0,0,0,0,0,0,,,,,
Quadree Henderson,WR,NYG,11,TB,0,0,0,0,0,0,0,0,0,0,0,0,0,0,0,0,0,0,0,0,0,0,,,,,
Randy Bullock,K,CIN,11,BAL,0,0,0,0,0,0,0,0,0,0,0,0,0,0,0,0,0,0,0,0,0,3,,,,,
Rashaad Penny,RB,SEA,11,GB,0,0,0,0,0,46,0,8,0,0,0,0,0,0,0,0,0,0,0,0,0,0,,,,,
Rhett Ellison,TE,NYG,11,TB,0,0,0,0,0,0,0,0,1,12,0,1,0,0,0,0,0,0,0,0,0,0,,,,,
Ricky Seals-Jones,TE,ARI,11,LV,0,0,0,0,0,0,0,0,1,5,0,3,0,0,0,0,0,0,0,0,0,0,,,,,
River Cracraft,WR,DEN,11,LAC,0,0,0,0,0,0,0,0,0,0,0,0,0,0,0,0,0,0,0,0,0,0,,,,,
Robert Tonyan,TE,GB,11,SEA,0,0,0,0,0,0,0,0,1,54,1,1,0,0,0,0,0,0,0,0,0,0,,,,,
Robert Woods,WR,LA,11,KC,0,0,0,0,0,0,0,0,4,72,1,11,0,0,0,0,0,0,0,0,0,0,,,,,
Rod Smith,RB,DAL,11,ATL,0,0,0,0,0,0,0,1,2,8,0,2,0,0,0,0,0,0,0,0,0,0,,,,,
Royce Freeman,RB,DEN,11,LAC,0,0,0,0,0,23,1,7,1,7,0,1,0,0,0,0,0,0,0,0,0,0,,,,,
Russell Shepard,WR,NYG,11,TB,0,0,0,0,0,0,0,0,0,0,0,0,0,0,0,0,0,0,0,0,0,0,,,,,
Russell Wilson,QB,SEA,11,GB,225,2,31,21,0,17,0,5,1,-11,0,1,0,0,0,0,0,0,0,0,0,0,,,,,
Ryan Fitzpatrick,QB,TB,11,NYG,167,0,21,13,3,14,1,4,0,0,0,0,0,0,0,0,0,0,0,0,0,0,,,,,
Ryan Grant,WR,IND,11,TEN,0,0,0,0,0,0,0,0,2,15,0,3,0,0,0,0,0,0,0,0,0,0,,,,,
Ryan Succop,K,TEN,11,IND,0,0,0,0,0,0,0,0,0,0,0,0,0,0,0,0,0,0,1,0,0,1,,,,,
Ryan Switzer,WR,PIT,11,JAX,0,0,0,0,0,0,0,0,3,28,0,3,0,0,0,0,0,0,0,0,0,0,,,,,
SEA,DEF,SEA,11,GB,,,,,,,,,,,,,,,,,,,,,,,0,0,0,0,24.0
Sammy Watkins,WR,KC,11,LA,0,0,0,0,0,0,0,0,1,4,0,1,0,0,0,0,0,0,0,0,0,0,,,,,
Saquon Barkley,RB,NYG,11,TB,0,0,0,0,0,142,2,27,2,10,1,3,0,0,0,0,0,0,0,0,0,0,,,,,
Sebastian Janikowski,K,SEA,11,GB,0,0,0,0,0,0,0,0,0,0,0,0,0,0,0,0,0,1,1,0,0,3,,,,,
Seth Roberts,WR,LV,11,ARI,0,0,0,0,0,0,0,0,4,38,0,7,0,0,0,0,0,0,0,0,0,0,,,,,
Spencer Ware,RB,KC,11,LA,0,0,0,0,0,0,0,0,0,0,0,0,0,0,0,0,0,0,0,0,0,0,,,,,
Stefon Diggs,WR,MIN,11,CHI,0,0,0,0,0,0,0,0,13,126,1,18,0,0,0,0,0,0,0,0,0,0,,,,,
Sterling Shepard,WR,NYG,11,TB,0,0,0,0,0,0,0,0,2,22,0,2,0,0,0,0,0,0,0,0,0,0,,,,,
T.J. Jones,WR,DET,11,CAR,0,0,0,0,0,0,0,0,1,2,0,1,0,0,0,0,0,0,0,0,0,0,,,,,
T.J. Logan,RB,ARI,11,LV,0,0,0,0,0,0,0,0,0,0,0,0,0,0,0,0,0,0,0,0,0,0,,,,,
T.J. Yeldon,RB,JAX,11,PIT,0,0,0,0,0,23,0,5,2,9,0,3,0,0,0,0,0,0,0,0,0,0,,,,,
T.Y. Hilton,WR,IND,11,TEN,0,0,0,0,0,0,0,0,9,155,2,9,0,0,0,0,0,0,0,0,0,0,,,,,
TB,DEF,TB,11,NYG,,,,,,,,,,,,,,,,,,,,,,,0,0,0,0,38.0
TEN,DEF,TEN,11,IND,,,,,,,,,,,,,,,,,,,,,,,0,0,0,0,38.0
Tajae Sharpe,WR,TEN,11,IND,0,0,0,0,0,0,0,0,5,37,1,7,0,0,0,0,0,0,0,0,0,0,,,,,
Taquan Mizzell,RB,CHI,11,MIN,0,0,0,0,0,-1,0,1,0,0,0,0,0,0,0,0,0,0,0,0,0,0,,,,,
Tarik Cohen,RB,CHI,11,MIN,0,0,0,0,0,27,0,7,3,23,0,5,0,0,0,0,0,0,0,0,0,0,,,,,
Taylor Gabriel,WR,CHI,11,MIN,0,0,0,0,0,17,0,2,7,52,0,9,0,0,0,0,0,0,0,0,0,0,,,,,
Taylor Heinicke,QB,CAR,11,DET,0,0,1,0,0,0,0,0,0,0,0,0,0,0,0,0,0,0,0,0,0,0,,,,,
Taysom Hill,TE,NO,11,PHI,10,0,2,1,0,4,0,3,0,0,0,1,0,0,0,0,0,0,0,0,0,0,,,,,
Teddy Bridgewater,QB,NO,11,PHI,0,0,0,0,0,-1,0,1,0,0,0,0,0,0,0,0,0,0,0,0,0,0,,,,,
Tevin Coleman,RB,ATL,11,DAL,0,0,0,0,0,58,0,8,3,27,0,3,0,0,0,0,0,0,0,0,0,0,,,,,
Theo Riddick,RB,DET,11,CAR,0,0,0,0,0,0,0,1,5,30,0,6,0,0,0,0,0,0,0,0,0,0,,,,,
Tim Patrick,WR,DEN,11,LAC,0,0,0,0,0,0,0,0,0,0,0,1,0,0,0,0,0,0,0,0,0,0,,,,,
Todd Gurley,RB,LA,11,KC,0,0,0,0,0,55,0,12,3,39,0,3,0,0,0,0,0,0,0,0,0,0,,,,,
Travis Benjamin,WR,LAC,11,DEN,0,0,0,0,0,0,0,0,0,0,0,3,0,0,0,0,0,0,0,0,0,0,,,,,
Travis Kelce,TE,KC,11,LA,0,0,0,0,0,0,0,0,10,127,1,15,0,0,0,0,0,0,0,0,0,0,,,,,
Tre'Quan Smith,WR,NO,11,PHI,0,0,0,0,0,0,0,0,10,157,1,13,0,0,0,0,0,0,0,0,0,0,,,,,
Trent Sherfield,WR,ARI,11,LV,0,0,0,0,0,0,0,0,1,6,0,2,0,0,0,0,0,0,0,0,0,0,,,,,
Trevor Davis,WR,GB,11,SEA,0,0,0,0,0,0,0,0,0,0,0,0,0,0,0,0,0,0,0,0,0,0,,,,,
Trey Burton,TE,CHI,11,MIN,0,0,0,0,0,0,0,0,1,9,0,1,0,0,0,0,0,0,0,0,0,0,,,,,
Trey Quinn,WR,WAS,11,HOU,0,0,0,0,0,0,0,1,4,49,0,4,0,0,0,0,0,0,0,0,0,0,,,,,
Ty Montgomery,WR,BAL,11,CIN,0,0,0,0,0,5,0,0,0,0,0,0,0,0,0,0,0,0,0,0,0,0,,,,,
Tyler Boyd,WR,CIN,11,BAL,0,0,1,0,0,0,0,0,4,71,0,11,0,0,0,0,0,0,0,0,0,0,,,,,
Tyler Higbee,TE,LA,11,KC,0,0,0,0,0,0,0,0,6,63,0,7,0,0,0,0,0,0,0,0,0,0,,,,,
Tyler Lockett,WR,SEA,11,GB,0,0,0,0,0,1,0,1,5,71,0,5,0,0,0,0,0,0,0,0,0,0,,,,,
Tyreek Hill,WR,KC,11,LA,0,0,0,0,0,0,0,0,10,215,2,14,0,0,0,0,0,0,0,0,0,0,,,,,
Tyrell Williams,WR,LAC,11,DEN,0,0,0,0,0,0,0,0,2,22,0,6,0,0,0,0,0,0,0,0,0,0,,,,,
Vance McDonald,TE,PIT,11,JAX,0,0,0,0,0,0,0,0,3,27,1,6,0,0,0,0,0,0,0,0,0,0,,,,,
Vernon Davis,TE,WAS,11,HOU,0,0,0,0,0,0,0,0,0,0,0,2,0,0,0,0,0,0,0,0,0,0,,,,,
Virgil Green,TE,LAC,11,DEN,0,0,0,0,0,0,0,0,2,27,0,4,0,0,0,0,0,0,0,0,0,0,,,,,
WAS,DEF,WAS,11,HOU,,,,,,,,,,,,,,,,,,,,,,,0,0,0,0,23.0
Wayne Gallman,RB,NYG,11,TB,0,0,0,0,0,11,0,2,2,24,0,2,0,0,0,0,0,0,0,0,0,0,,,,,
Wendell Smallwood,RB,PHI,11,NO,0,0,0,0,0,-4,0,1,0,0,0,0,0,0,0,0,0,0,0,0,0,0,,,,,
Wil Lutz,K,NO,11,PHI,0,0,0,0,0,0,0,0,0,0,0,0,0,0,0,1,0,1,0,0,0,6,,,,,
Willie Snead,WR,BAL,11,CIN,0,0,0,0,0,0,0,0,5,51,0,8,0,0,0,0,0,0,0,0,0,0,,,,,
Xavier Grimble,TE,PIT,11,JAX,0,0,0,0,0,0,0,0,1,3,0,1,0,0,0,0,0,0,0,0,0,0,,,,,
Zach Ertz,TE,PHI,11,NO,0,0,0,0,0,0,0,0,2,15,0,3,0,0,0,0,0,0,0,0,0,0,,,,,
Zach Pascal,WR,IND,11,TEN,0,0,0,0,0,0,0,0,1,11,0,1,0,0,0,0,0,0,0,0,0,0,,,,,
AJ McCarron,QB,LV,12,BAL,0,0,0,0,0,-2,0,2,0,0,0,0,0,0,0,0,0,0,0,0,0,0,,,,,
ARI,DEF,ARI,12,LAC,,,,,,,,,,,,,,,,,,,,,,,0,0,0,0,45.0
ATL,DEF,ATL,12,NO,,,,,,,,,,,,,,,,,,,,,,,0,0,0,0,31.0
Aaron Jones,RB,GB,12,MIN,0,0,0,0,0,72,1,17,3,21,0,5,0,0,0,0,0,0,0,0,0,0,,,,,
Aaron Rodgers,QB,GB,12,MIN,198,1,28,17,0,0,0,0,0,0,0,0,0,0,0,0,0,0,0,0,0,0,,,,,
Adam Humphries,WR,TB,12,SF,0,0,0,0,0,0,0,0,6,54,1,6,0,0,0,0,0,0,0,0,0,0,,,,,
Adam Thielen,WR,MIN,12,GB,0,0,0,0,0,0,0,0,8,125,1,9,0,0,0,0,0,0,0,0,0,0,,,,,
Adam Vinatieri,K,IND,12,MIA,0,0,0,0,0,0,0,0,0,0,0,0,0,0,0,0,0,1,1,0,0,3,,,,,
Adrian Peterson,RB,WAS,12,DAL,0,0,0,0,0,35,0,12,2,9,0,2,0,0,0,0,0,0,0,0,0,0,,,,,
Aldrick Robinson,WR,MIN,12,GB,0,0,0,0,0,0,0,0,1,11,0,2,0,0,0,0,0,0,0,0,0,0,,,,,
Aldrick Rosas,K,NYG,12,PHI,0,0,0,0,0,0,0,0,0,0,0,0,0,0,0,0,2,0,0,1,0,1,,,,,
Alex Erickson,WR,CIN,12,CLE,0,0,0,0,0,0,0,0,0,0,0,0,0,0,0,0,0,0,0,0,0,0,,,,,
Alfred Blue,RB,HOU,12,TEN,0,0,0,0,0,49,0,13,1,13,0,1,0,0,0,0,0,0,0,0,0,0,,,,,
Allen Hurns,WR,DAL,12,WAS,0,0,0,0,0,0,0,0,1,7,0,1,0,0,0,0,0,0,0,0,0,0,,,,,
Allen Robinson,WR,CHI,12,DET,0,0,0,0,0,0,0,0,2,37,0,4,0,0,0,0,0,0,0,0,0,0,,,,,
Alshon Jeffery,WR,PHI,12,NYG,0,0,0,0,0,0,0,0,3,39,0,3,0,0,0,0,0,0,0,0,0,0,,,,,
Alvin Kamara,RB,NO,12,ATL,0,0,0,0,0,89,0,14,1,9,0,1,0,0,0,0,0,0,0,0,0,0,,,,,
Amari Cooper,WR,DAL,12,WAS,0,0,0,0,0,0,0,0,8,180,2,9,0,0,0,0,0,0,0,0,0,0,,,,,
Ameer Abdullah,RB,MIN,12,GB,0,0,0,0,0,0,0,0,0,0,0,1,0,0,0,0,0,0,0,0,0,0,,,,,
Andre Holmes,WR,BUF,12,JAX,0,0,0,0,0,0,0,0,0,0,0,0,0,0,0,0,0,0,0,0,0,0,,,,,
Andre Roberts,WR,NYJ,12,NE,0,0,0,0,0,0,0,0,0,0,0,0,0,0,0,0,0,0,0,0,0,0,,,,,
Andrew Luck,QB,IND,12,MIA,343,3,37,30,2,5,0,2,1,4,0,1,0,0,0,0,0,0,0,0,0,0,,,,,
Andy Dalton,QB,CIN,12,CLE,100,1,17,10,1,21,0,2,0,0,0,0,0,0,0,0,0,0,0,0,0,0,,,,,
Andy Jones,WR,DET,12,CHI,0,0,0,0,0,0,0,0,1,4,0,3,0,0,0,0,0,0,0,0,0,0,,,,,
Anthony Firkser,TE,TEN,12,HOU,0,0,0,0,0,0,0,0,4,52,0,4,0,0,0,0,0,0,0,0,0,0,,,,,
Anthony Miller,WR,CHI,12,DET,8,0,1,1,0,0,0,0,3,41,0,4,0,0,0,0,0,0,0,0,0,0,,,,,
Antonio Brown,WR,PIT,12,DEN,0,0,1,0,0,0,0,0,9,67,0,13,0,0,0,0,0,0,0,0,0,0,,,,,
Antonio Callaway,WR,CLE,12,CIN,0,0,0,0,0,0,0,0,4,62,1,5,0,0,0,0,0,0,0,0,0,0,,,,,
Antonio Gates,TE,LAC,12,ARI,0,0,0,0,0,0,0,0,1,18,0,1,0,0,0,0,0,0,0,0,0,0,,,,,
Antony Auclair,TE,TB,12,SF,0,0,0,0,0,0,0,0,1,8,0,1,0,0,0,0,0,0,0,0,0,0,,,,,
Auden Tate,WR,CIN,12,CLE,0,0,0,0,0,0,0,0,2,15,0,7,0,0,0,0,0,0,0,0,0,0,,,,,
Austin Carr,WR,NO,12,ATL,0,0,0,0,0,0,0,0,1,12,1,1,0,0,0,0,0,0,0,0,0,0,,,,,
Austin Ekeler,RB,LAC,12,ARI,0,0,0,0,0,35,1,5,10,68,0,11,0,0,0,0,0,0,0,0,0,0,,,,,
Austin Hooper,TE,ATL,12,NO,0,0,0,0,0,0,0,0,5,31,0,5,0,0,0,0,0,0,0,0,0,0,,,,,
BAL,DEF,BAL,12,LV,,,,,,,,,,,,,,,,,,,,,,,0,0,0,0,17.0
BUF,DEF,BUF,12,JAX,,,,,,,,,,,,,,,,,,,,,,,0,0,0,0,21.0
Baker Mayfield,QB,CLE,12,CIN,258,4,26,19,0,-4,0,4,0,0,0,0,0,0,0,0,0,0,0,0,0,0,,,,,
Ben Roethlisberger,QB,PIT,12,DEN,462,1,56,41,2,18,0,2,0,0,0,0,0,0,0,0,0,0,0,0,0,0,,,,,
Benjamin Watson,TE,NO,12,ATL,0,0,0,0,0,0,0,0,1,20,0,2,0,0,0,0,0,0,0,0,0,0,,,,,
Bennie Fowler,WR,NYG,12,PHI,0,0,0,0,0,0,0,0,2,23,0,3,0,0,0,0,0,0,0,0,0,0,,,,,
Blake Bell,TE,JAX,12,BUF,0,0,0,0,0,0,0,0,1,5,0,1,0,0,0,0,0,0,0,0,0,0,,,,,
Blake Bortles,QB,JAX,12,BUF,127,1,23,12,2,39,0,6,0,0,0,0,0,0,0,0,0,0,0,0,0,0,,,,,
Blake Jarwin,TE,DAL,12,WAS,0,0,0,0,0,0,0,0,2,25,0,2,0,0,0,0,0,0,0,0,0,0,,,,,
Brandon McManus,K,DEN,12,PIT,0,0,0,0,0,0,0,0,0,0,0,0,0,0,0,0,0,0,1,0,0,3,,,,,
Brendan Langley,WR,DEN,12,PIT,0,0,0,0,0,0,0,0,0,0,0,0,0,0,0,0,0,0,0,0,0,0,,,,,
Breshad Perriman,WR,CLE,12,CIN,0,0,0,0,0,-12,0,1,1,6,0,1,0,0,0,0,0,0,0,0,0,0,,,,,
Brett Maher,K,DAL,12,WAS,0,0,0,0,0,0,0,0,0,0,0,0,0,0,0,0,1,0,0,0,0,4,,,,,
Brian Parker,TE,DEN,12,PIT,0,0,0,0,0,0,0,0,0,0,0,1,0,0,0,0,0,0,0,0,0,0,,,,,
Brice Butler,WR,MIA,12,IND,0,0,0,0,0,0,0,0,0,0,0,1,0,0,0,0,0,0,0,0,0,0,,,,,
Bruce Ellington,WR,DET,12,CHI,0,0,0,0,0,2,0,1,6,28,0,7,0,0,0,0,0,0,0,0,0,0,,,,,
C.J. Uzomah,TE,CIN,12,CLE,0,0,0,0,0,0,0,0,6,39,0,12,0,0,0,0,0,0,0,0,0,0,,,,,
CAR,DEF,CAR,12,SEA,,,,,,,,,,,,,,,,,,,,,,,0,0,0,0,30.0
CHI,DEF,CHI,12,DET,,,,,,,,,,,,,,,,,,,,,,,1,0,0,0,16.0
CIN,DEF,CIN,12,CLE,,,,,,,,,,,,,,,,,,,,,,,0,0,0,0,35.0
CLE,DEF,CLE,12,CIN,,,,,,,,,,,,,,,,,,,,,,,0,0,0,0,20.0
Cairo Santos,K,TB,12,SF,0,0,0,0,0,0,0,0,0,0,0,0,0,0,0,0,0,1,1,0,0,3,,,,,
Calvin Ridley,WR,ATL,12,NO,0,0,0,0,0,0,0,0,8,93,1,13,0,0,0,0,0,0,0,0,0,0,,,,,
Cam Newton,QB,CAR,12,SEA,256,2,30,25,1,63,0,8,0,0,0,0,0,0,0,0,0,0,0,0,0,0,,,,,
Cameron Batson,WR,TEN,12,HOU,0,0,0,0,0,0,0,0,1,13,0,1,0,0,0,0,0,0,0,0,0,0,,,,,
Cameron Brate,TE,TB,12,SF,0,0,0,0,0,0,0,0,3,26,1,4,0,0,0,0,0,0,0,0,0,0,,,,,
Carlos Hyde,RB,JAX,12,BUF,0,0,0,0,0,33,0,10,0,0,0,0,0,0,0,0,0,0,0,0,0,0,,,,,
Carson Wentz,QB,PHI,12,NYG,236,1,28,20,0,-2,0,2,0,0,0,0,0,0,0,0,0,0,0,0,0,0,,,,,
Case Keenum,QB,DEN,12,PIT,197,2,28,15,0,-3,0,3,0,0,0,0,0,0,0,0,0,0,0,0,0,0,,,,,
Charone Peake,WR,NYJ,12,NE,0,0,0,0,0,0,0,0,0,0,0,0,0,0,0,0,0,0,0,0,0,0,,,,,
Chase Daniel,QB,CHI,12,DET,230,2,37,27,0,4,0,4,1,8,0,1,0,0,0,0,0,0,0,0,0,0,,,,,
Chase Edmonds,RB,ARI,12,LAC,0,0,0,0,0,0,0,5,0,0,0,0,0,0,0,0,0,0,0,0,0,0,,,,,
Chester Rogers,WR,IND,12,MIA,0,0,0,0,0,0,0,0,3,49,0,4,0,0,0,0,0,0,0,0,0,0,,,,,
Chris Boswell,K,PIT,12,DEN,2,1,1,1,0,0,0,0,0,0,0,0,0,0,0,0,0,0,1,0,0,2,,,,,
Chris Carson,RB,SEA,12,CAR,0,0,0,0,0,55,1,16,2,8,0,2,0,0,0,0,0,0,0,0,0,0,,,,,
Chris Godwin Jr.,WR,TB,12,SF,0,0,0,0,0,0,0,0,4,42,0,4,0,0,0,0,0,0,0,0,0,0,,,,,
Chris Herndon,TE,NYJ,12,NE,0,0,0,0,0,0,0,0,7,57,0,8,0,0,0,0,0,0,0,0,0,0,,,,,
Chris Hogan,WR,NE,12,NYJ,0,0,0,0,0,0,0,0,2,47,0,2,0,0,0,0,0,0,0,0,0,0,,,,,
Chris Ivory,RB,BUF,12,JAX,0,0,0,0,0,14,0,3,0,0,0,0,0,0,0,0,0,0,0,0,0,0,,,,,
Chris Manhertz,TE,CAR,12,SEA,0,0,0,0,0,0,0,0,0,0,0,1,0,0,0,0,0,0,0,0,0,0,,,,,
Chris Moore,WR,BAL,12,LV,0,0,0,0,0,0,0,0,1,1,0,1,0,0,0,0,0,0,0,0,0,0,,,,,
Christian Kirk,WR,ARI,12,LAC,0,0,0,0,0,0,0,0,4,41,0,6,0,0,0,0,0,0,0,0,0,0,,,,,
Christian McCaffrey,RB,CAR,12,SEA,0,0,0,0,0,125,1,17,11,112,1,11,0,0,0,0,0,0,0,0,0,0,,,,,
Cody Core,WR,CIN,12,CLE,0,0,0,0,0,0,0,0,1,7,0,2,0,0,0,0,0,0,0,0,0,0,,,,,
Cody Parkey,K,CHI,12,DET,0,0,0,0,0,0,0,0,0,0,0,0,0,0,0,0,0,0,1,0,0,2,,,,,
Cole Beasley,WR,DAL,12,WAS,0,0,0,0,0,0,0,0,1,5,0,3,0,0,0,0,0,0,0,0,0,0,,,,,
Colt McCoy,QB,WAS,12,DAL,268,2,38,24,3,28,0,5,0,0,0,0,0,0,0,0,0,0,0,0,0,0,,,,,
Cordarrelle Patterson,RB,NE,12,NYJ,0,0,0,0,0,10,0,5,1,-1,0,2,0,0,0,0,0,0,0,0,0,0,,,,,
Corey Clement,RB,PHI,12,NYG,0,0,0,0,0,45,0,5,2,31,0,2,0,0,1,0,0,0,0,0,0,0,,,,,
Corey Coleman,WR,NYG,12,PHI,0,0,0,0,0,0,0,0,0,0,0,1,0,0,0,0,0,0,0,0,0,0,,,,,
Corey Davis,WR,TEN,12,HOU,0,0,0,0,0,39,0,1,4,96,1,4,0,0,0,0,0,0,0,0,0,0,,,,,
Courtland Sutton,WR,DEN,12,PIT,0,0,0,0,0,0,0,0,1,14,0,4,0,0,0,0,0,0,0,0,0,0,,,,,
Curtis Samuel,WR,CAR,12,SEA,0,0,0,0,0,25,0,1,2,17,1,2,0,0,0,0,0,0,0,0,0,0,,,,,
DAL,DEF,DAL,12,WAS,,,,,,,,,,,,,,,,,,,,,,,0,0,0,0,23.0
DEN,DEF,DEN,12,PIT,,,,,,,,,,,,,,,,,,,,,,,0,0,0,0,17.0
DET,DEF,DET,12,CHI,,,,,,,,,,,,,,,,,,,,,,,0,0,0,0,23.0
DJ Moore,WR,CAR,12,SEA,0,0,0,0,0,7,0,1,8,91,0,9,0,0,0,0,0,0,0,0,0,0,,,,,
DaeSean Hamilton,WR,DEN,12,PIT,0,0,0,0,0,0,0,0,1,13,0,2,0,0,0,0,0,0,0,0,0,0,,,,,
Dak Prescott,QB,DAL,12,WAS,289,2,31,22,0,18,1,6,0,0,0,0,0,0,0,0,0,0,0,0,0,0,,,,,
Dallas Goedert,TE,PHI,12,NYG,0,0,0,0,0,0,0,0,3,33,0,4,0,0,0,0,0,0,0,0,0,0,,,,,
Dalton Schultz,TE,DAL,12,WAS,0,0,0,0,0,0,0,0,1,-1,0,1,0,0,0,0,0,0,0,0,0,0,,,,,
Dalvin Cook,RB,MIN,12,GB,0,0,0,0,0,29,0,10,3,47,1,3,0,0,0,0,0,0,0,0,0,0,,,,,
Damiere Byrd,WR,CAR,12,SEA,0,0,0,0,0,0,0,0,0,0,0,0,0,0,0,0,0,0,0,0,0,0,,,,,
Dan Arnold,TE,NO,12,ATL,0,0,0,0,0,0,0,0,4,45,1,6,0,0,0,0,0,0,0,0,0,0,,,,,
Dan Bailey,K,MIN,12,GB,0,0,0,0,0,0,0,0,0,0,0,0,0,0,0,0,0,1,0,0,0,3,,,,,
Daniel Carlson,K,LV,12,BAL,0,0,0,0,0,0,0,0,0,0,0,0,0,0,0,0,0,0,1,0,0,2,,,,,
Danny Amendola,WR,MIA,12,IND,0,0,0,0,0,0,0,0,1,13,0,1,0,0,0,0,0,0,0,0,0,0,,,,,
Dante Pettis,WR,SF,12,TB,0,0,0,0,0,0,0,0,4,77,1,7,0,0,0,0,0,0,0,0,0,0,,,,,
Darius Jennings,WR,TEN,12,HOU,0,0,0,0,0,0,0,0,0,0,0,0,0,0,0,0,0,0,0,0,0,0,,,,,
Darren Fells,TE,CLE,12,CIN,0,0,0,0,0,0,0,0,1,6,1,1,0,0,0,0,0,0,0,0,0,0,,,,,
Davante Adams,WR,GB,12,MIN,0,0,0,0,0,0,0,0,5,69,1,8,0,0,0,0,0,0,0,0,0,0,,,,,
David Johnson,RB,ARI,12,LAC,0,0,0,0,0,63,0,17,2,16,0,3,0,0,0,0,0,0,0,0,0,0,,,,,
David Moore,WR,SEA,12,CAR,0,0,0,0,0,0,0,0,4,103,1,5,0,0,0,0,0,0,0,0,0,0,,,,,
David Njoku,TE,CLE,12,CIN,0,0,0,0,0,0,0,0,5,63,1,5,0,0,0,0,0,0,0,0,0,0,,,,,
DeAndre Carter,WR,HOU,12,TEN,0,0,0,0,0,0,0,0,1,14,0,1,0,0,0,0,0,0,0,0,0,0,,,,,
DeAndre Hopkins,WR,HOU,12,TEN,0,0,0,0,0,0,0,0,5,74,0,6,0,0,0,0,0,0,0,0,0,0,,,,,
DeAndre Washington,RB,LV,12,BAL,0,0,0,0,0,8,0,3,1,9,0,1,0,0,0,0,0,0,0,0,0,0,,,,,
DeSean Jackson,WR,TB,12,SF,0,0,0,0,0,6,0,1,3,19,0,8,0,0,0,0,0,0,0,0,0,0,,,,,
DeVante Parker,WR,MIA,12,IND,0,0,0,0,0,0,0,0,3,10,0,3,0,0,0,0,0,0,0,0,0,0,,,,,
Dede Westbrook,WR,JAX,12,BUF,0,0,0,0,0,43,0,1,3,44,1,4,0,0,0,0,0,0,0,0,0,0,,,,,
Demaryius Thomas,WR,HOU,12,TEN,0,0,0,0,0,0,0,0,4,38,2,5,0,0,0,0,0,0,0,0,0,0,,,,,
Deonte Thompson,WR,BUF,12,JAX,0,0,0,0,0,0,0,0,0,0,0,3,0,0,0,0,0,0,0,0,0,0,,,,,
Derek Carr,QB,LV,12,BAL,194,1,34,16,0,0,0,0,0,0,0,0,0,0,0,0,0,0,0,0,0,0,,,,,
Derrick Henry,RB,TEN,12,HOU,0,0,0,0,0,30,0,8,2,19,0,3,0,0,0,0,0,0,0,0,0,0,,,,,
Deshaun Watson,QB,HOU,12,TEN,210,2,24,19,0,70,1,9,0,0,0,0,0,0,0,0,0,0,0,0,0,0,,,,,
Detrez Newsome,RB,LAC,12,ARI,0,0,0,0,0,15,0,4,0,0,0,0,0,0,0,0,0,0,0,0,0,0,,,,,
Devontae Booker,RB,DEN,12,PIT,0,0,0,0,0,0,0,0,1,6,0,2,0,0,0,0,0,0,0,0,0,0,,,,,
Dion Lewis,RB,TEN,12,HOU,0,0,0,0,0,8,0,7,7,33,0,7,0,0,0,0,0,0,0,0,0,0,,,,,
Donte Moncrief,WR,JAX,12,BUF,0,0,0,0,0,0,0,0,1,29,0,4,0,0,0,0,0,0,0,0,0,0,,,,,
Dontrell Hilliard,RB,CLE,12,CIN,0,0,0,0,0,0,0,0,0,0,0,0,0,0,0,0,0,0,0,0,0,0,,,,,
Dontrelle Inman,WR,IND,12,MIA,0,0,0,0,0,0,0,0,3,40,0,4,0,0,0,0,0,0,0,0,0,0,,,,,
Doug Baldwin,WR,SEA,12,CAR,0,0,0,0,0,0,0,0,5,39,0,7,0,0,0,0,0,0,0,0,0,0,,,,,
Doug Martin,RB,LV,12,BAL,0,0,0,0,0,51,1,11,3,21,0,4,0,0,0,0,0,0,0,0,0,0,,,,,
Drew Brees,QB,NO,12,ATL,171,4,22,15,1,-4,0,4,0,0,0,0,0,0,0,0,0,0,0,0,0,0,,,,,
Duke Johnson,RB,CLE,12,CIN,0,0,0,0,0,16,0,2,1,23,0,2,0,0,0,0,0,0,0,0,0,0,,,,,
Durham Smythe,TE,MIA,12,IND,0,0,0,0,0,0,0,0,2,27,0,2,0,0,0,0,0,0,0,0,0,0,,,,,
Dustin Hopkins,K,WAS,12,DAL,0,0,0,0,0,0,0,0,0,0,0,0,0,0,0,0,0,1,0,0,0,2,,,,,
Dwayne Harris,WR,LV,12,BAL,0,0,0,0,0,0,0,0,0,0,0,0,0,0,0,0,0,0,0,0,0,0,,,,,
Dwayne Washington,RB,NO,12,ATL,0,0,0,0,0,0,0,0,0,0,0,0,0,0,0,0,0,0,0,0,0,0,,,,,
Ed Dickson,TE,SEA,12,CAR,0,0,0,0,0,0,0,0,2,13,0,2,0,0,0,0,0,0,0,0,0,0,,,,,
Eli Manning,QB,NYG,12,PHI,297,1,37,26,1,0,0,0,0,0,0,0,0,0,0,0,0,0,0,0,0,0,,,,,
Elijah McGuire,RB,NYJ,12,NE,0,0,0,0,0,19,0,6,1,7,0,3,0,0,0,0,0,0,0,0,0,0,,,,,
Emmanuel Sanders,WR,DEN,12,PIT,0,0,0,0,0,0,0,0,7,86,1,12,0,0,0,0,0,0,0,0,0,0,,,,,
Equanimeous St. Brown,WR,GB,12,MIN,0,0,0,0,0,5,0,1,3,53,0,5,0,0,0,0,0,0,0,0,0,0,,,,,
Eric Ebron,TE,IND,12,MIA,0,0,0,0,0,0,0,0,5,45,2,7,0,0,0,0,0,0,0,0,0,0,,,,,
Eric Saubert,TE,ATL,12,NO,0,0,0,0,0,0,0,0,0,0,0,0,0,0,0,0,0,0,0,0,0,0,,,,,
Ezekiel Elliott,RB,DAL,12,WAS,0,0,0,0,0,121,1,26,5,22,0,6,0,0,0,0,0,0,0,0,0,0,,,,,
Frank Gore,RB,MIA,12,IND,0,0,0,0,0,67,0,14,1,10,0,2,0,0,0,0,0,0,0,0,0,0,,,,,
GB,DEF,GB,12,MIN,,,,,,,,,,,,,,,,,,,,,,,0,0,0,0,24.0
Geno Smith,QB,LAC,12,ARI,0,0,3,0,0,7,0,3,0,0,0,0,0,0,0,0,0,0,0,0,0,0,,,,,
George Kittle,TE,SF,12,TB,0,0,0,0,0,10,0,1,6,48,0,13,0,0,0,0,0,0,0,0,0,0,,,,,
Geremy Davis,WR,LAC,12,ARI,0,0,0,0,0,0,0,0,0,0,0,1,0,0,0,0,0,0,0,0,0,0,,,,,
Giovani Bernard,RB,CIN,12,CLE,0,0,0,0,0,10,0,1,1,12,0,1,0,0,0,0,0,0,0,0,0,0,,,,,
Golden Tate,WR,PHI,12,NYG,0,0,0,0,0,0,0,0,4,30,0,8,0,0,0,0,0,0,0,0,0,0,,,,,
Graham Gano,K,CAR,12,SEA,0,0,0,0,0,0,0,0,0,0,0,0,0,0,0,0,2,0,0,0,0,3,,,,,
Greg Joseph,K,CLE,12,CIN,0,0,0,0,0,0,0,0,0,0,0,0,0,0,0,0,0,0,0,0,0,5,,,,,
Greg Olsen,TE,CAR,12,SEA,0,0,0,0,0,0,0,0,2,11,0,4,0,0,0,0,0,0,0,0,0,0,,,,,
Gus Edwards,RB,BAL,12,LV,0,0,0,0,0,118,0,23,0,0,0,0,0,0,0,0,0,0,0,0,0,0,,,,,
HOU,DEF,HOU,12,TEN,,,,,,,,,,,,,,,,,,,,,,,0,0,0,0,17.0
Hayden Hurst,TE,BAL,12,LV,0,0,0,0,0,0,0,0,3,25,0,4,0,0,0,0,0,0,0,0,0,0,,,,,
IND,DEF,IND,12,MIA,,,,,,,,,,,,,,,,,,,,,,,0,0,0,0,24.0
Isaiah Crowell,RB,NYJ,12,NE,0,0,0,0,0,30,0,6,3,30,0,4,0,0,0,0,0,0,0,0,0,0,,,,,
Isaiah McKenzie,WR,BUF,12,JAX,0,0,0,0,0,8,1,2,2,11,0,3,0,0,0,0,0,0,0,0,0,0,,,,,
Ito Smith,RB,ATL,12,NO,0,0,0,0,0,0,0,4,2,7,0,2,0,0,0,0,0,0,0,0,0,0,,,,,
J'Mon Moore,WR,GB,12,MIN,0,0,0,0,0,0,0,0,0,0,0,0,0,0,0,0,0,0,0,0,0,0,,,,,
JAX,DEF,JAX,12,BUF,,,,,,,,,,,,,,,,,,,,,,,0,0,0,0,24.0
Jack Doyle,TE,IND,12,MIA,0,0,0,0,0,0,0,0,4,16,1,4,0,0,0,0,0,0,0,0,0,0,,,,,
Jacoby Brissett,QB,IND,12,MIA,4,0,1,1,0,0,0,0,0,0,0,0,0,0,0,0,0,0,0,0,0,0,,,,,
Jacquizz Rodgers,RB,TB,12,SF,0,0,0,0,0,31,0,5,4,31,0,5,0,0,0,0,0,0,0,0,0,0,,,,,
Jake Elliott,K,PHI,12,NYG,0,0,0,0,0,0,0,0,0,0,0,0,0,0,0,0,1,0,2,0,0,0,,,,,
Jalen Richard,RB,LV,12,BAL,0,0,0,0,0,1,0,1,2,15,0,4,0,0,0,0,0,0,0,0,0,0,,,,,
Jamaal Williams,RB,GB,12,MIN,0,0,0,0,0,5,0,1,0,0,0,0,0,0,0,0,0,0,0,0,0,0,,,,,
Jameis Winston,QB,TB,12,SF,312,2,38,29,0,24,0,7,0,0,0,0,0,0,0,0,0,0,0,0,0,0,,,,,
James Conner,RB,PIT,12,DEN,0,0,0,0,0,53,0,13,4,42,0,4,0,0,0,0,0,0,0,0,0,0,,,,,
James O'Shaughnessy,TE,JAX,12,BUF,0,0,0,0,0,0,0,0,0,0,0,2,0,0,0,0,0,0,0,0,0,0,,,,,
James Washington,WR,PIT,12,DEN,0,0,0,0,0,0,0,0,0,0,0,3,0,0,0,0,0,0,0,0,0,0,,,,,
James White,RB,NE,12,NYJ,0,0,0,0,0,73,0,9,1,5,0,5,0,0,0,0,0,0,0,0,0,0,,,,,
Jamize Olawale,RB,DAL,12,WAS,0,0,0,0,0,0,0,0,1,10,0,1,0,0,0,0,0,0,0,0,0,0,,,,,
Jared Cook,TE,LV,12,BAL,0,0,0,0,0,0,0,0,2,32,1,5,0,0,0,0,0,0,0,0,0,0,,,,,
Jarius Wright,WR,CAR,12,SEA,0,0,0,0,0,0,0,0,2,25,0,2,0,0,0,0,0,0,0,0,0,0,,,,,
Jaron Brown,WR,SEA,12,CAR,0,0,0,0,0,0,0,0,0,0,0,1,0,0,0,0,0,0,0,0,0,0,,,,,
Jarvis Landry,WR,CLE,12,CIN,0,0,0,0,0,0,0,0,3,30,0,5,0,0,0,0,0,0,0,0,0,0,,,,,
Jason Croom,TE,BUF,12,JAX,0,0,0,0,0,0,0,0,2,16,0,3,0,0,0,0,0,0,0,0,0,0,,,,,
Jason Myers,K,NYJ,12,NE,0,0,0,0,0,0,0,0,0,0,0,0,0,0,0,0,0,1,0,1,0,1,,,,,
Jason Sanders,K,MIA,12,IND,0,0,0,0,0,0,0,0,0,0,0,0,0,0,0,0,1,0,0,0,0,3,,,,,
Javorius Allen,RB,BAL,12,LV,0,0,0,0,0,2,0,1,0,0,0,0,0,0,0,0,0,0,0,0,0,0,,,,,
Jaylen Samuels,RB,PIT,12,DEN,0,0,0,0,0,0,0,0,1,12,0,2,0,0,0,0,0,0,0,0,0,0,,,,,
Jeff Driskel,QB,CIN,12,CLE,155,1,29,17,0,9,1,3,0,0,0,0,0,0,0,0,0,0,0,0,0,0,,,,,
Jeff Heuerman,TE,DEN,12,PIT,0,0,0,0,0,0,0,0,2,44,0,3,0,0,0,0,0,0,0,0,0,0,,,,,
Jeff Wilson,RB,SF,12,TB,0,0,0,0,0,33,0,7,1,8,0,1,0,0,0,0,0,0,0,0,0,0,,,,,
Jermaine Gresham,TE,ARI,12,LAC,0,0,0,0,0,0,0,0,1,2,0,1,0,0,0,0,0,0,0,0,0,0,,,,,
Jermaine Kearse,WR,NYJ,12,NE,0,0,0,0,0,0,0,0,6,66,1,12,0,0,0,0,0,0,0,0,0,0,,,,,
Jesse James,TE,PIT,12,DEN,0,0,0,0,0,0,0,0,4,35,0,4,0,0,0,0,0,0,0,0,0,0,,,,,
Jimmy Graham,TE,GB,12,MIN,0,0,0,0,0,0,0,0,2,34,0,4,0,0,0,0,0,0,0,0,0,0,,,,,
Joe Mixon,RB,CIN,12,CLE,0,0,0,0,0,89,0,14,7,66,0,7,0,0,0,0,0,0,0,0,0,0,,,,,
John Brown,WR,BAL,12,LV,0,0,0,0,0,0,0,0,1,25,0,7,0,0,0,0,0,0,0,0,0,0,,,,,
John Ross,WR,CIN,12,CLE,0,0,0,0,0,0,0,0,3,31,1,7,0,0,0,0,0,0,0,0,0,0,,,,,
Johnny Holton,WR,LV,12,BAL,0,0,0,0,0,0,0,0,0,0,0,1,0,0,0,0,0,0,0,0,0,0,,,,,
Jonnu Smith,TE,TEN,12,HOU,0,0,0,0,0,0,0,0,2,63,1,2,0,0,0,0,0,0,0,0,0,0,,,,,
Jordan Akins,TE,HOU,12,TEN,0,0,0,0,0,0,0,0,1,8,0,1,0,0,0,0,0,0,0,0,0,0,,,,,
Jordan Franks,TE,CIN,12,CLE,0,0,0,0,0,0,0,0,0,0,0,0,0,0,0,0,0,0,0,0,0,0,,,,,
Jordan Howard,RB,CHI,12,DET,0,0,0,0,0,13,0,7,1,2,0,2,0,0,0,0,0,0,0,0,0,0,,,,,
Jordan Leggett,TE,NYJ,12,NE,0,0,0,0,0,0,0,0,2,24,0,4,0,0,0,0,0,0,0,0,0,0,,,,,
Jordan Matthews,TE,PHI,12,NYG,0,0,0,0,0,0,0,0,0,0,0,1,0,0,0,0,0,0,0,0,0,0,,,,,
Jordan Reed,TE,WAS,12,DAL,0,0,0,0,0,0,0,0,6,75,0,8,0,0,0,0,0,0,0,0,0,0,,,,,
Jordan Wilkins,RB,IND,12,MIA,0,0,0,0,0,0,0,0,3,32,0,3,0,0,0,0,0,0,0,0,0,0,,,,,
Jordy Nelson,WR,LV,12,BAL,0,0,0,0,0,-2,0,1,0,0,0,1,0,0,0,0,0,0,0,0,0,0,,,,,
Josh Adams,RB,PHI,12,NYG,0,0,0,0,0,84,1,22,0,0,0,1,0,0,1,0,0,0,0,0,0,0,,,,,
Josh Allen,QB,BUF,12,JAX,160,1,19,8,0,99,1,13,0,0,0,0,0,0,0,0,0,0,0,0,0,0,,,,,
Josh Bellamy,WR,CHI,12,DET,0,0,0,0,0,0,0,0,1,7,0,1,0,0,0,0,0,0,0,0,0,0,,,,,
Josh Doctson,WR,WAS,12,DAL,0,0,0,0,0,0,0,0,6,66,0,10,0,0,0,0,0,0,0,0,0,0,,,,,
Josh Gordon,WR,NE,12,NYJ,0,0,0,0,0,0,0,0,5,70,0,5,0,0,0,0,0,0,0,0,0,0,,,,,
Josh Lambo,K,JAX,12,BUF,0,0,0,0,0,0,0,0,0,0,0,0,0,0,0,0,0,0,0,0,0,3,,,,,
Josh McCown,QB,NYJ,12,NE,276,1,45,26,1,25,0,3,0,0,0,0,0,0,0,0,0,0,0,0,0,0,,,,,
Josh Rosen,QB,ARI,12,LAC,105,1,19,12,1,-1,0,2,0,0,0,0,0,0,0,0,0,0,0,0,0,0,,,,,
JuJu Smith-Schuster,WR,PIT,12,DEN,0,0,0,0,0,0,0,0,13,189,1,17,0,0,0,0,0,0,0,0,0,0,,,,,
Julian Edelman,WR,NE,12,NYJ,0,0,0,0,0,0,0,0,4,84,1,5,0,0,0,0,0,0,0,0,0,0,,,,,
Julio Jones,WR,ATL,12,NO,0,0,0,0,0,1,0,1,11,147,0,14,0,0,0,0,0,0,0,0,0,0,,,,,
Justin Hardy,WR,ATL,12,NO,0,0,0,0,0,0,0,0,1,6,0,2,0,0,0,0,0,0,0,0,0,0,,,,,
Justin Jackson,RB,LAC,12,ARI,0,0,0,0,0,57,0,7,0,0,0,0,0,0,0,0,0,0,0,0,0,0,,,,,
Justin Tucker,K,BAL,12,LV,0,0,0,0,0,0,0,0,0,0,0,0,0,0,0,0,1,0,1,0,0,4,,,,,
Ka'imi Fairbairn,K,HOU,12,TEN,0,0,0,0,0,0,0,0,0,0,0,0,0,0,0,0,0,0,2,0,0,4,,,,,
Kalen Ballage,RB,MIA,12,IND,0,0,0,0,0,0,0,0,2,-5,0,2,0,0,0,0,0,0,0,0,0,0,,,,,
Kapri Bibbs,RB,WAS,12,DAL,0,0,0,0,0,17,1,3,3,19,0,3,0,0,0,0,0,0,0,0,0,0,,,,,
Keelan Cole,WR,JAX,12,BUF,0,0,0,0,0,0,0,0,0,0,0,2,0,0,0,0,0,0,0,0,0,0,,,,,
Keenan Allen,WR,LAC,12,ARI,0,0,0,0,0,0,0,0,7,72,1,7,0,0,0,0,0,0,0,0,0,0,,,,,
Keith Kirkwood,WR,NO,12,ATL,0,0,0,0,0,0,0,0,1,5,1,3,0,0,0,0,0,0,0,0,0,0,,,,,
Keke Coutee,WR,HOU,12,TEN,0,0,0,0,0,0,0,0,2,14,0,2,0,0,0,0,0,0,0,0,0,0,,,,,
Kelvin Benjamin,WR,BUF,12,JAX,0,0,0,0,0,0,0,0,1,32,0,2,0,0,0,0,0,0,0,0,0,0,,,,,
Kendrick Bourne,WR,SF,12,TB,0,0,0,0,0,0,0,0,2,27,0,3,0,0,0,0,0,0,0,0,0,0,,,,,
Kenny Golladay,WR,DET,12,CHI,0,0,0,0,0,0,0,0,5,90,0,8,0,0,0,0,0,0,0,0,0,0,,,,,
Kenny Stills,WR,MIA,12,IND,0,0,0,0,0,0,0,0,1,6,0,4,0,0,0,0,0,0,0,0,0,0,,,,,
Kenyan Drake,RB,MIA,12,IND,0,0,0,0,0,32,1,8,5,64,1,6,0,0,0,0,0,0,0,0,0,0,,,,,
Keon Hatcher,WR,LV,12,BAL,0,0,0,0,0,0,0,0,1,8,0,2,0,0,0,0,0,0,0,0,0,0,,,,,
Kirk Cousins,QB,MIN,12,GB,342,3,38,29,0,17,0,6,0,0,0,0,0,0,0,0,0,0,0,0,0,0,,,,,
Kyle Juszczyk,RB,SF,12,TB,0,0,0,0,0,0,0,0,0,0,0,1,0,0,0,0,0,0,0,0,0,0,,,,,
Kyle Rudolph,TE,MIN,12,GB,0,0,0,0,0,0,0,0,7,63,0,7,0,0,0,0,0,0,0,0,0,0,,,,,
LAC,DEF,LAC,12,ARI,,,,,,,,,,,,,,,,,,,,,,,0,0,0,0,10.0
LV,DEF,LV,12,BAL,,,,,,,,,,,,,,,,,,,,,,,0,0,0,0,0.0
Lamar Jackson,QB,BAL,12,LV,178,1,25,14,2,71,1,11,0,0,0,0,0,0,0,0,0,0,0,0,0,0,,,,,
Lamar Miller,RB,HOU,12,TEN,0,0,0,0,0,162,1,12,1,5,0,1,0,0,0,0,0,0,0,0,0,0,,,,,
Lance Kendricks,TE,GB,12,MIN,0,0,0,0,0,0,0,0,2,14,0,2,0,0,0,0,0,0,0,0,0,0,,,,,
Laquon Treadwell,WR,MIN,12,GB,0,0,0,0,0,0,0,0,1,6,0,3,0,0,0,0,0,0,0,0,0,0,,,,,
Larry Fitzgerald,WR,ARI,12,LAC,0,0,0,0,0,0,0,0,2,30,1,2,0,0,0,0,0,0,0,0,0,0,,,,,
Latavius Murray,RB,MIN,12,GB,0,0,0,0,0,33,0,11,0,0,0,0,0,0,0,0,0,0,0,0,0,0,,,,,
LeGarrette Blount,RB,DET,12,CHI,0,0,0,0,0,88,2,19,1,15,0,1,0,0,0,0,0,0,0,0,0,0,,,,,
LeSean McCoy,RB,BUF,12,JAX,0,0,0,0,0,46,0,17,1,7,0,1,0,0,0,0,0,0,0,0,0,0,,,,,
Lee Smith,TE,LV,12,BAL,0,0,0,0,0,0,0,0,2,39,0,2,0,0,0,0,0,0,0,0,0,0,,,,,
Leonard Fournette,RB,JAX,12,BUF,0,0,0,0,0,95,2,18,3,13,0,3,0,0,0,0,0,0,0,0,0,0,,,,,
Leonte Carroo,WR,MIA,12,IND,0,0,0,0,0,0,0,0,1,74,1,2,0,0,0,0,0,0,0,0,0,0,,,,,
Logan Paulsen,TE,ATL,12,NO,0,0,0,0,0,0,0,0,1,2,0,1,0,0,0,0,0,0,0,0,0,0,,,,,
Logan Thomas,TE,BUF,12,JAX,0,0,0,0,0,0,0,0,0,0,0,1,0,0,0,0,0,0,0,0,0,0,,,,,
Luke Stocker,TE,TEN,12,HOU,0,0,0,0,0,0,0,1,1,14,0,1,0,0,0,0,0,0,0,0,0,0,,,,,
Luke Willson,TE,DET,12,CHI,0,0,0,0,0,0,0,0,1,4,0,1,0,0,0,0,0,0,0,0,0,0,,,,,
MIA,DEF,MIA,12,IND,,,,,,,,,,,,,,,,,,,,,,,0,0,0,0,27.0
MIN,DEF,MIN,12,GB,,,,,,,,,,,,,,,,,,,,,,,0,0,0,0,17.0
Malik Turner,WR,SEA,12,CAR,0,0,0,0,0,0,0,0,1,19,0,2,0,0,0,0,0,0,0,0,0,0,,,,,
Marcedes Lewis,TE,GB,12,MIN,0,0,0,0,0,0,0,0,1,4,0,1,0,0,0,0,0,0,0,0,0,0,,,,,
Marcell Ateman,WR,LV,12,BAL,0,0,0,0,0,0,0,0,3,16,0,10,0,0,0,0,0,0,0,0,0,0,,,,,
Marcus Mariota,QB,TEN,12,HOU,303,2,23,22,0,28,0,6,0,0,0,0,0,0,0,0,0,0,0,0,0,0,,,,,
Marcus Murphy,RB,BUF,12,JAX,0,0,0,0,0,0,0,0,0,0,0,0,0,0,0,0,0,0,0,0,0,0,,,,,
Mark Andrews,TE,BAL,12,LV,0,0,0,0,0,0,0,0,1,74,0,1,0,0,0,0,0,0,0,0,0,0,,,,,
Mark Ingram,RB,NO,12,ATL,0,0,0,0,0,52,0,11,2,14,0,2,0,0,0,0,0,0,0,0,0,0,,,,,
Mark Walton,RB,CIN,12,CLE,0,0,0,0,0,0,0,0,0,0,0,0,0,0,0,0,0,0,0,0,0,0,,,,,
Marlon Mack,RB,IND,12,MIA,0,0,0,0,0,85,0,15,2,11,0,2,0,0,0,0,0,0,0,0,0,0,,,,,
Marquez Valdes-Scantling,WR,GB,12,MIN,0,0,0,0,0,0,0,0,1,3,0,2,0,0,0,0,0,0,0,0,0,0,,,,,
Marvin Hall,WR,ATL,12,NO,0,0,0,0,0,0,0,0,0,0,0,2,0,0,0,0,0,0,0,0,0,0,,,,,
Mason Crosby,K,GB,12,MIN,0,0,0,0,0,0,0,0,0,0,0,0,0,0,0,0,0,1,0,0,0,2,,,,,
Matt Breida,RB,SF,12,TB,0,0,0,0,0,106,0,14,3,34,0,4,0,0,0,0,0,0,0,0,0,0,,,,,
Matt Bryant,K,ATL,12,NO,0,0,0,0,0,0,0,0,0,0,0,0,0,0,0,0,0,1,0,0,0,2,,,,,
Matt LaCosse,TE,DEN,12,PIT,0,0,0,0,0,0,0,0,3,34,1,4,0,0,0,0,0,0,0,0,0,0,,,,,
Matt Lengel,TE,CIN,12,CLE,0,0,0,0,0,0,0,0,0,0,0,1,0,0,0,0,0,0,0,0,0,0,,,,,
Matt Prater,K,DET,12,CHI,0,0,0,0,0,0,0,0,0,0,0,0,0,0,0,0,1,0,0,0,0,1,,,,,
Matt Ryan,QB,ATL,12,NO,377,2,47,35,1,16,0,2,0,0,0,0,0,0,0,0,0,0,0,0,0,0,,,,,
Matthew Stafford,QB,DET,12,CHI,236,0,38,28,2,0,0,0,0,0,0,0,0,0,0,0,0,0,0,0,0,0,,,,,
Maurice Harris,WR,WAS,12,DAL,0,0,0,0,0,0,0,0,0,0,0,5,0,0,0,0,0,0,0,0,0,0,,,,,
Melvin Gordon,RB,LAC,12,ARI,0,0,0,0,0,61,2,10,2,5,0,2,0,0,0,0,0,0,0,0,0,0,,,,,
Michael Crabtree,WR,BAL,12,LV,0,0,0,0,0,0,0,0,3,21,1,6,0,0,0,0,0,0,0,0,0,0,,,,,
Michael Gallup,WR,DAL,12,WAS,0,0,0,0,0,0,0,0,2,19,0,6,0,0,0,0,0,0,0,0,0,0,,,,,
Michael Roberts,TE,DET,12,CHI,0,0,0,0,0,0,0,0,3,16,0,6,0,0,0,0,0,0,0,0,0,0,,,,,
Michael Thomas,WR,NO,12,ATL,0,0,0,0,0,0,0,0,4,38,0,6,0,0,0,0,0,0,0,0,0,0,,,,,
Mike Badgley,K,LAC,12,ARI,0,0,0,0,0,0,0,0,0,0,0,0,0,0,0,0,0,1,0,0,0,6,,,,,
Mike Davis,RB,SEA,12,CAR,0,0,0,0,0,14,0,4,0,0,0,1,0,0,0,0,0,0,0,0,0,0,,,,,
Mike Evans,WR,TB,12,SF,0,0,0,0,0,0,0,0,6,116,0,8,0,0,0,0,0,0,0,0,0,0,,,,,
Mike Gesicki,TE,MIA,12,IND,0,0,0,0,0,0,0,0,1,5,0,1,0,0,0,0,0,0,0,0,0,0,,,,,
Mike Williams,WR,LAC,12,ARI,0,0,0,0,0,0,0,0,4,25,2,4,0,0,0,0,0,0,0,0,0,0,,,,,
Mohamed Sanu,WR,ATL,12,NO,0,0,0,0,0,3,0,1,4,74,0,4,0,0,0,0,0,0,0,0,0,0,,,,,
MyCole Pruitt,TE,TEN,12,HOU,0,0,0,0,0,0,0,0,1,13,0,1,0,0,0,0,0,0,0,0,0,0,,,,,
NE,DEF,NE,12,NYJ,,,,,,,,,,,,,,,,,,,,,,,0,0,0,0,13.0
NO,DEF,NO,12,ATL,,,,,,,,,,,,,,,,,,,,,,,0,0,0,0,17.0
NYG,DEF,NYG,12,PHI,,,,,,,,,,,,,,,,,,,,,,,0,0,0,0,25.0
NYJ,DEF,NYJ,12,NE,,,,,,,,,,,,,,,,,,,,,,,0,0,0,0,27.0
Nelson Agholor,WR,PHI,12,NYG,0,0,0,0,0,0,0,0,1,12,0,1,0,0,0,0,0,0,0,0,0,0,,,,,
Nick Boyle,TE,BAL,12,LV,0,0,0,0,0,0,0,0,2,19,0,2,0,0,0,0,0,0,0,0,0,0,,,,,
Nick Chubb,RB,CLE,12,CIN,0,0,0,0,0,84,1,28,3,44,1,3,0,0,0,0,0,0,0,0,0,0,,,,,
Nick Mullens,QB,SF,12,TB,221,1,32,18,2,-1,0,2,0,0,0,0,0,0,0,0,0,0,0,0,0,0,,,,,
Nick Vannett,TE,SEA,12,CAR,0,0,0,0,0,0,0,0,2,22,0,2,0,0,0,0,0,0,0,0,0,0,,,,,
Noah Brown,WR,DAL,12,WAS,0,0,0,0,0,0,0,0,1,22,0,2,0,0,0,0,0,0,0,0,0,0,,,,,
Nyheim Hines,RB,IND,12,MIA,0,0,0,0,0,28,0,9,2,22,0,2,0,0,0,0,0,0,0,0,0,0,,,,,
Odell Beckham Jr.,WR,NYG,12,PHI,0,0,0,0,0,0,0,0,5,85,0,9,0,0,0,0,0,0,0,0,0,0,,,,,
Orson Charles,TE,CLE,12,CIN,0,0,0,0,0,0,0,0,0,0,0,0,0,0,0,0,0,0,0,0,0,0,,,,,
PHI,DEF,PHI,12,NYG,,,,,,,,,,,,,,,,,,,,,,,0,0,0,0,22.0
PIT,DEF,PIT,12,DEN,,,,,,,,,,,,,,,,,,,,,,,0,0,0,0,24.0
Patrick DiMarco,RB,BUF,12,JAX,0,0,0,0,0,0,0,0,0,0,0,0,0,0,0,0,0,0,0,0,0,0,,,,,
Peyton Barber,RB,TB,12,SF,0,0,0,0,0,47,1,18,2,16,0,2,0,0,0,0,0,0,0,0,0,0,,,,,
Phil Dawson,K,ARI,12,LAC,0,0,0,0,0,0,0,0,0,0,0,0,0,0,0,0,0,1,0,0,0,1,,,,,
Philip Rivers,QB,LAC,12,ARI,259,3,29,28,0,3,0,1,0,0,0,0,0,0,0,0,0,0,0,0,0,0,,,,,
Phillip Dorsett,WR,NE,12,NYJ,0,0,0,0,0,0,0,0,2,10,0,2,0,0,0,0,0,0,0,0,0,0,,,,,
Phillip Lindsay,RB,DEN,12,PIT,0,0,0,0,0,110,1,14,0,0,0,0,0,0,0,0,0,0,0,0,0,0,,,,,
Quadree Henderson,WR,NYG,12,PHI,0,0,0,0,0,0,0,0,0,0,0,0,0,0,0,0,0,0,0,0,0,0,,,,,
Quincy Enunwa,WR,NYJ,12,NE,0,0,0,0,0,0,0,0,4,73,0,4,0,0,0,0,0,0,0,0,0,0,,,,,
Randy Bullock,K,CIN,12,CLE,0,0,0,0,0,0,0,0,0,0,0,0,0,0,0,0,0,0,0,0,0,2,,,,,
Rashaad Penny,RB,SEA,12,CAR,0,0,0,0,0,4,0,4,0,0,0,0,0,0,0,0,0,0,0,0,0,0,,,,,
Rashad Greene,WR,JAX,12,BUF,0,0,0,0,0,0,0,0,0,0,0,0,0,0,0,0,0,0,0,0,0,0,,,,,
Rashard Higgins,WR,CLE,12,CIN,0,0,0,0,0,0,0,0,1,24,0,3,0,0,0,0,0,0,0,0,0,0,,,,,
Rhett Ellison,TE,NYG,12,PHI,0,0,0,0,0,0,0,0,4,77,0,6,0,0,0,0,0,0,0,0,0,0,,,,,
Richie James,WR,SF,12,TB,0,0,0,0,0,0,0,0,2,27,0,2,0,0,0,0,0,0,0,0,0,0,,,,,
Ricky Seals-Jones,TE,ARI,12,LAC,0,0,0,0,0,0,0,0,1,5,0,2,0,0,0,0,0,0,0,0,0,0,,,,,
River Cracraft,WR,DEN,12,PIT,0,0,0,0,0,0,0,0,0,0,0,0,0,0,0,0,0,0,0,0,0,0,,,,,
Rob Gronkowski,TE,NE,12,NYJ,0,0,0,0,0,0,0,0,3,56,1,7,0,0,0,0,0,0,0,0,0,0,,,,,
Robbie Chosen,WR,NYJ,12,NE,0,0,0,0,0,0,0,0,2,22,0,5,0,0,0,0,0,0,0,0,0,0,,,,,
Robbie Gould,K,SF,12,TB,0,0,0,0,0,0,0,0,0,0,0,0,0,0,0,0,1,0,0,0,0,0,,,,,
Robert Foster,WR,BUF,12,JAX,0,0,0,0,0,0,0,0,2,94,1,3,0,0,0,0,0,0,0,0,0,0,,,,,
Rod Smith,RB,DAL,12,WAS,0,0,0,0,0,7,0,2,0,0,0,0,0,0,0,0,0,0,0,0,0,0,,,,,
Royce Freeman,RB,DEN,12,PIT,0,0,0,0,0,17,0,6,0,0,0,0,0,0,0,0,0,0,0,0,0,0,,,,,
Russell Shepard,WR,NYG,12,PHI,0,0,0,0,0,0,0,0,1,29,0,1,0,0,0,0,0,0,0,0,0,0,,,,,
Russell Wilson,QB,SEA,12,CAR,339,2,31,22,0,4,0,3,0,0,0,0,0,0,0,0,0,0,0,0,0,0,,,,,
Ryan Grant,WR,IND,12,MIA,0,0,0,0,0,0,0,0,1,3,0,1,0,0,0,0,0,0,0,0,0,0,,,,,
Ryan Griffin,TE,HOU,12,TEN,0,0,0,0,0,0,0,0,3,38,0,4,0,0,0,0,0,0,0,0,0,0,,,,,
Ryan Succop,K,TEN,12,HOU,0,0,0,0,0,0,0,0,0,0,0,0,0,0,0,0,0,1,0,0,0,2,,,,,
Ryan Switzer,WR,PIT,12,DEN,0,0,0,0,0,4,0,1,6,67,0,8,0,0,0,0,0,0,0,0,0,0,,,,,
Ryan Tannehill,QB,MIA,12,IND,204,2,25,17,0,14,0,3,0,0,0,0,0,0,0,0,0,0,0,0,0,0,,,,,
SEA,DEF,SEA,12,CAR,,,,,,,,,,,,,,,,,,,,,,,0,0,0,0,27.0
SF,DEF,SF,12,TB,,,,,,,,,,,,,,,,,,,,,,,0,0,0,0,27.0
Sammie Coates,WR,HOU,12,TEN,0,0,0,0,0,0,0,0,0,0,0,0,0,0,0,0,0,0,0,0,0,0,,,,,
Saquon Barkley,RB,NYG,12,PHI,0,0,0,0,0,101,1,13,7,41,1,8,0,0,0,0,0,0,0,0,0,0,,,,,
Scott Simonson,TE,NYG,12,PHI,0,0,0,0,0,0,0,0,0,0,0,0,0,0,0,0,0,0,0,0,0,0,,,,,
Sean Culkin,TE,LAC,12,ARI,0,0,0,0,0,0,0,0,1,24,0,1,0,0,0,0,0,0,0,0,0,0,,,,,
Sebastian Janikowski,K,SEA,12,CAR,0,0,0,0,0,0,0,0,0,0,0,0,0,0,0,0,0,3,0,0,0,3,,,,,
Senorise Perry,RB,MIA,12,IND,0,0,0,0,0,0,0,0,0,0,0,0,0,0,0,0,0,0,0,0,0,0,,,,,
Seth Roberts,WR,LV,12,BAL,0,0,0,0,0,11,0,1,2,54,0,3,0,0,0,0,0,0,0,0,0,0,,,,,
Sony Michel,RB,NE,12,NYJ,0,0,0,0,0,133,1,21,2,12,0,2,0,0,0,0,0,0,0,0,0,0,,,,,
Stefon Diggs,WR,MIN,12,GB,0,0,0,0,0,12,0,1,8,77,1,11,0,0,0,0,0,0,0,0,0,0,,,,,
Stephen Gostkowski,K,NE,12,NYJ,0,0,0,0,0,0,0,0,0,0,0,0,0,0,0,0,0,2,0,0,0,3,,,,,
Sterling Shepard,WR,NYG,12,PHI,0,0,0,0,0,0,0,0,4,37,0,6,0,0,0,0,0,0,0,0,0,0,,,,,
Steven Hauschka,K,BUF,12,JAX,0,0,0,0,0,0,0,0,0,0,0,0,0,0,0,0,1,0,0,0,0,3,,,,,
T.J. Jones,WR,DET,12,CHI,0,0,0,0,0,0,0,0,1,15,0,1,0,0,0,0,0,0,0,0,0,0,,,,,
T.J. Logan,RB,ARI,12,LAC,0,0,0,0,0,0,0,0,1,5,0,1,0,0,0,0,0,0,0,0,0,0,,,,,
T.J. Yeldon,RB,JAX,12,BUF,0,0,0,0,0,16,0,3,2,17,0,4,0,0,0,0,0,0,0,0,0,0,,,,,
T.Y. Hilton,WR,IND,12,MIA,0,0,0,0,0,0,0,0,7,125,0,10,0,0,0,0,0,0,0,0,0,0,,,,,
TB,DEF,TB,12,SF,,,,,,,,,,,,,,,,,,,,,,,0,0,0,0,9.0
TEN,DEF,TEN,12,HOU,,,,,,,,,,,,,,,,,,,,,,,0,0,0,0,34.0
Tajae Sharpe,WR,TEN,12,HOU,0,0,0,0,0,0,0,0,0,0,0,0,0,0,0,0,0,0,0,0,0,0,,,,,
Taquan Mizzell,RB,CHI,12,DET,0,0,0,0,0,7,0,1,2,21,1,3,0,0,0,0,0,0,0,0,0,0,,,,,
Tarik Cohen,RB,CHI,12,DET,0,0,0,0,0,14,0,3,7,45,1,8,0,0,0,0,0,0,0,0,0,0,,,,,
Taylor Gabriel,WR,CHI,12,DET,0,0,0,0,0,0,0,0,7,49,0,8,0,0,0,0,0,0,0,0,0,0,,,,,
Taysom Hill,TE,NO,12,ATL,0,0,0,0,0,13,0,2,0,0,0,0,0,0,0,0,0,0,0,0,0,0,,,,,
Tevin Coleman,RB,ATL,12,NO,0,0,0,0,0,6,0,8,3,17,1,4,0,0,0,0,0,0,0,0,0,0,,,,,
Theo Riddick,RB,DET,12,CHI,0,0,0,0,0,12,0,2,7,48,0,7,0,0,0,0,0,0,0,0,0,0,,,,,
Tom Brady,QB,NE,12,NYJ,283,2,31,20,0,-1,0,1,0,0,0,0,0,0,0,0,0,0,0,0,0,0,,,,,
Tommylee Lewis,WR,NO,12,ATL,0,0,0,0,0,0,0,0,1,28,1,1,0,0,0,0,0,0,0,0,0,0,,,,,
Travis Benjamin,WR,LAC,12,ARI,0,0,0,0,0,0,0,0,3,47,0,3,0,0,0,0,0,0,0,0,0,0,,,,,
Trent Sherfield,WR,ARI,12,LAC,0,0,0,0,0,0,0,0,1,6,0,1,0,0,0,0,0,0,0,0,0,0,,,,,
Trenton Cannon,RB,NYJ,12,NE,0,0,0,0,0,0,0,0,1,-3,0,1,0,0,0,0,0,0,0,0,0,0,,,,,
Trevor Davis,WR,GB,12,MIN,0,0,0,0,0,0,0,0,0,0,0,0,0,0,0,0,0,0,0,0,0,0,,,,,
Trey Burton,TE,CHI,12,DET,0,0,0,0,0,0,0,0,4,28,0,7,0,0,0,0,0,0,0,0,0,0,,,,,
Trey Quinn,WR,WAS,12,DAL,0,0,0,0,0,0,0,0,5,26,1,6,0,0,0,0,0,0,0,0,0,0,,,,,
Ty Montgomery,WR,BAL,12,LV,0,0,0,0,0,51,0,8,3,13,0,3,0,0,0,0,0,0,0,0,0,0,,,,,
Tyler Boyd,WR,CIN,12,CLE,0,0,0,0,0,0,0,0,7,85,1,8,0,0,0,0,0,0,0,0,0,0,,,,,
Tyler Lockett,WR,SEA,12,CAR,0,0,0,0,0,-2,0,1,5,107,1,5,0,0,0,0,0,0,0,0,0,0,,,,,
Vance McDonald,TE,PIT,12,DEN,0,0,0,0,0,0,0,0,3,27,0,5,0,0,0,0,0,0,0,0,0,0,,,,,
Vernon Davis,TE,WAS,12,DAL,0,0,0,0,0,0,0,0,2,73,1,4,0,0,0,0,0,0,0,0,0,0,,,,,
Virgil Green,TE,LAC,12,ARI,0,0,0,0,0,0,0,0,0,0,0,1,0,0,0,0,0,0,0,0,0,0,,,,,
WAS,DEF,WAS,12,DAL,,,,,,,,,,,,,,,,,,,,,,,0,0,0,0,31.0
Wayne Gallman,RB,NYG,12,PHI,0,0,0,0,0,25,0,5,2,-2,0,2,0,0,0,0,0,0,0,0,0,0,,,,,
Wendell Smallwood,RB,PHI,12,NYG,0,0,0,0,0,0,0,0,0,0,0,0,0,0,0,0,0,0,0,0,0,0,,,,,
Wil Lutz,K,NO,12,ATL,0,0,0,0,0,0,0,0,0,0,0,0,0,0,0,0,1,0,0,0,0,4,,,,,
Xavier Grimble,TE,PIT,12,DEN,0,0,0,0,0,0,0,0,1,23,0,1,0,0,0,0,0,0,0,0,0,0,,,,,
Zach Ertz,TE,PHI,12,NYG,0,0,0,0,0,0,0,0,7,91,1,8,0,0,0,0,0,0,0,0,0,0,,,,,
Zach Zenner,RB,DET,12,CHI,0,0,0,0,0,9,0,2,1,4,0,1,0,0,0,0,0,0,0,0,0,0,,,,,
Zay Jones,WR,BUF,12,JAX,0,0,0,0,0,0,0,0,0,0,0,1,0,0,0,0,0,0,0,0,0,0,,,,,
A.J. Green,WR,CIN,13,DEN,0,0,0,0,0,0,0,0,1,7,0,1,0,0,0,0,0,0,0,0,0,0,,,,,
ARI,DEF,ARI,13,GB,,,,,,,,,,,,,,,,,,,,,,,0,0,0,0,17.0
ATL,DEF,ATL,13,BAL,,,,,,,,,,,,,,,,,,,,,,,0,0,0,0,26.0
Aaron Jones,RB,GB,13,ARI,0,0,0,0,0,36,1,11,4,16,0,4,0,0,0,0,0,0,0,0,0,0,,,,,
Aaron Rodgers,QB,GB,13,ARI,233,1,50,31,0,20,0,3,0,0,0,0,0,0,0,0,0,0,0,0,0,0,,,,,
Adam Humphries,WR,TB,13,CAR,0,0,0,0,0,0,0,0,7,61,1,9,0,0,0,0,0,0,0,0,0,0,,,,,
Adam Shaheen,TE,CHI,13,NYG,0,0,0,0,0,0,0,0,2,5,1,2,0,0,0,0,0,0,0,0,0,0,,,,,
Adam Thielen,WR,MIN,13,NE,0,0,0,0,0,0,0,0,5,28,1,10,0,0,0,0,0,0,0,0,0,0,,,,,
Adrian Peterson,RB,WAS,13,PHI,0,0,0,0,0,98,1,9,0,0,0,0,0,0,0,0,0,0,0,0,0,0,,,,,
Alan Cross,TE,TB,13,CAR,0,0,0,0,0,0,0,0,1,3,0,1,0,0,0,0,0,0,0,0,0,0,,,,,
Aldrick Robinson,WR,MIN,13,NE,0,0,0,0,0,0,0,0,5,37,0,9,0,0,0,0,0,0,0,0,0,0,,,,,
Aldrick Rosas,K,NYG,13,CHI,0,0,0,0,0,0,0,0,0,0,0,0,0,0,0,0,0,1,1,1,0,3,,,,,
Alex Erickson,WR,CIN,13,DEN,0,0,0,0,0,0,0,1,1,2,0,1,0,0,0,0,0,0,0,0,0,0,,,,,
Alfred Blue,RB,HOU,13,CLE,0,0,0,0,0,54,0,13,0,0,0,0,0,0,0,0,0,0,0,0,0,0,,,,,
Allen Robinson,WR,CHI,13,NYG,0,0,0,0,0,0,0,0,5,79,0,9,0,0,0,0,0,0,0,0,0,0,,,,,
Alshon Jeffery,WR,PHI,13,WAS,0,0,0,0,0,0,0,0,3,31,0,5,0,0,0,0,0,0,0,0,0,0,,,,,
Alvin Kamara,RB,NO,13,DAL,0,0,0,0,0,36,0,11,8,36,0,11,0,0,0,0,0,0,0,0,0,0,,,,,
Amari Cooper,WR,DAL,13,NO,0,0,0,0,0,0,0,0,8,76,0,8,0,0,0,0,0,0,0,0,0,0,,,,,
Ameer Abdullah,RB,MIN,13,NE,0,0,0,0,0,0,0,0,0,0,0,0,0,0,0,0,0,0,0,0,0,0,,,,,
Andre Holmes,WR,BUF,13,MIA,0,0,0,0,0,0,0,0,0,0,0,0,0,0,0,0,0,0,0,0,0,0,,,,,
Andre Roberts,WR,NYJ,13,TEN,0,0,0,0,0,18,0,1,1,10,0,1,0,0,0,0,0,0,0,0,0,0,,,,,
Andrew Luck,QB,IND,13,JAX,248,0,52,33,1,16,0,2,0,0,0,0,0,0,0,0,0,0,0,0,0,0,,,,,
Anthony Firkser,TE,TEN,13,NYJ,0,0,0,0,0,0,0,0,3,42,1,3,0,0,0,0,0,0,0,0,0,0,,,,,
Anthony Miller,WR,CHI,13,NYG,0,0,0,0,0,0,0,0,1,1,1,2,0,0,0,0,0,0,0,0,0,0,,,,,
Antonio Brown,WR,PIT,13,LAC,0,0,0,0,0,0,0,0,10,154,1,13,0,0,0,0,0,0,0,0,0,0,,,,,
Antonio Callaway,WR,CLE,13,HOU,0,0,0,0,0,0,0,0,3,84,0,6,0,0,0,0,0,0,0,0,0,0,,,,,
Antonio Gates,TE,LAC,13,PIT,0,0,0,0,0,0,0,0,0,0,0,1,0,0,1,0,0,0,0,0,0,0,,,,,
Austin Ekeler,RB,LAC,13,PIT,0,0,0,0,0,21,0,13,5,22,0,8,0,0,0,0,0,0,0,0,0,0,,,,,
Austin Hooper,TE,ATL,13,BAL,0,0,0,0,0,0,0,0,5,44,1,5,0,0,0,0,0,0,0,0,0,0,,,,,
BAL,DEF,BAL,13,ATL,,,,,,,,,,,,,,,,,,,,,,,0,0,0,0,16.0
BUF,DEF,BUF,13,MIA,,,,,,,,,,,,,,,,,,,,,,,0,0,0,0,21.0
Baker Mayfield,QB,CLE,13,HOU,397,1,43,29,3,0,0,0,0,0,0,0,0,0,0,0,0,0,0,0,0,0,,,,,
Ben Braunecker,TE,CHI,13,NYG,0,0,0,0,0,0,0,0,0,0,0,1,0,0,0,0,0,0,0,0,0,0,,,,,
Ben Roethlisberger,QB,PIT,13,LAC,281,2,45,29,1,0,0,0,0,0,0,0,0,0,0,0,0,0,0,0,0,0,,,,,
Bennie Fowler,WR,NYG,13,CHI,0,0,0,0,0,0,0,0,1,11,0,2,0,0,0,0,0,0,0,0,0,0,,,,,
Blaine Gabbert,QB,TEN,13,NYJ,0,0,0,0,0,-1,0,1,0,0,0,0,0,0,0,0,0,0,0,0,0,0,,,,,
Blake Jarwin,TE,DAL,13,NO,0,0,0,0,0,0,0,0,1,12,0,1,0,0,0,0,0,0,0,0,0,0,,,,,
Bobo Wilson,WR,TB,13,CAR,0,0,0,0,0,0,0,0,0,0,0,0,0,0,0,0,0,0,0,0,0,0,,,,,
Brandin Cooks,WR,LA,13,DET,0,0,0,0,0,0,0,0,4,62,0,6,0,0,0,0,0,0,0,0,0,0,,,,,
Brandon Bolden,RB,MIA,13,BUF,0,0,0,0,0,10,0,1,0,0,0,0,0,0,0,0,0,0,0,0,0,0,,,,,
Brandon McManus,K,DEN,13,CIN,0,0,0,0,0,0,0,0,0,0,0,0,0,0,0,0,1,0,0,0,0,3,,,,,
Breshad Perriman,WR,CLE,13,HOU,0,0,0,0,0,0,0,0,2,26,0,2,0,0,0,0,0,0,0,0,0,0,,,,,
Brett Maher,K,DAL,13,NO,0,0,0,0,0,0,0,0,0,0,0,0,0,0,0,0,1,0,1,0,0,1,,,,,
Brice Butler,WR,MIA,13,BUF,0,0,0,0,0,0,0,0,4,25,0,4,0,0,0,0,0,0,0,0,0,0,,,,,
Bruce Ellington,WR,DET,13,LA,0,0,1,0,0,0,0,0,7,35,0,10,0,0,0,0,0,0,0,0,0,0,,,,,
Buddy Howell,RB,HOU,13,CLE,0,0,0,0,0,0,0,0,0,0,0,0,0,0,0,0,0,0,0,0,0,0,,,,,
C.J. Uzomah,TE,CIN,13,DEN,0,0,0,0,0,0,0,0,5,33,0,6,0,0,0,0,0,0,0,0,0,0,,,,,
CAR,DEF,CAR,13,TB,,,,,,,,,,,,,,,,,,,,,,,0,0,0,0,24.0
CHI,DEF,CHI,13,NYG,,,,,,,,,,,,,,,,,,,,,,,0,0,0,0,30.0
CIN,DEF,CIN,13,DEN,,,,,,,,,,,,,,,,,,,,,,,0,0,0,0,24.0
CLE,DEF,CLE,13,HOU,,,,,,,,,,,,,,,,,,,,,,,0,0,0,0,29.0
Cairo Santos,K,TB,13,CAR,0,0,0,0,0,0,0,0,0,0,0,0,0,0,0,0,0,1,0,0,0,3,,,,,
Calvin Ridley,WR,ATL,13,BAL,0,0,0,0,0,0,0,0,3,22,0,5,0,0,0,0,0,0,0,0,0,0,,,,,
Cam Newton,QB,CAR,13,TB,300,2,41,28,4,33,0,6,0,0,0,0,0,0,0,0,0,0,0,0,0,0,,,,,
Cameron Batson,WR,TEN,13,NYJ,0,0,0,0,0,0,0,0,1,7,0,2,0,0,0,0,0,0,0,0,0,0,,,,,
Cameron Brate,TE,TB,13,CAR,0,0,0,0,0,0,0,0,3,36,0,6,0,0,0,0,0,0,0,0,0,0,,,,,
Carlos Hyde,RB,JAX,13,IND,0,0,0,0,0,36,0,13,1,1,0,1,0,0,0,0,0,0,0,0,0,0,,,,,
Carson Wentz,QB,PHI,13,WAS,306,2,39,27,1,-4,0,4,0,0,0,0,0,0,1,0,0,0,0,0,0,0,,,,,
Case Keenum,QB,DEN,13,CIN,151,1,21,12,0,9,0,2,0,0,0,0,0,0,0,0,0,0,0,0,0,0,,,,,
Charles Clay,TE,BUF,13,MIA,0,0,0,0,0,0,0,0,1,9,0,2,0,0,0,0,0,0,0,0,0,0,,,,,
Chase Daniel,QB,CHI,13,NYG,285,1,39,26,2,4,0,4,0,0,0,0,0,0,0,0,0,0,0,0,0,0,,,,,
Chase Edmonds,RB,ARI,13,GB,0,0,0,0,0,53,2,5,2,13,0,2,0,0,0,0,0,0,0,0,0,0,,,,,
Chester Rogers,WR,IND,13,JAX,0,0,0,0,0,0,0,0,0,0,0,0,0,0,0,0,0,0,0,0,0,0,,,,,
Chris Boswell,K,PIT,13,LAC,0,0,0,0,0,0,0,0,0,0,0,0,0,0,0,0,0,0,1,0,0,3,,,,,
Chris Carson,RB,SEA,13,SF,0,0,0,0,0,69,0,13,3,39,0,4,0,0,0,0,0,0,0,0,0,0,,,,,
Chris Conley,WR,KC,13,LV,0,0,0,0,0,0,0,0,3,25,1,7,0,0,0,0,0,0,0,0,0,0,,,,,
Chris Godwin Jr.,WR,TB,13,CAR,0,0,0,0,0,0,0,0,5,101,1,6,0,0,0,0,0,0,0,0,0,0,,,,,
Chris Herndon,TE,NYJ,13,TEN,0,0,0,0,0,0,0,0,2,31,0,6,0,0,0,0,0,0,0,0,0,0,,,,,
Chris Hogan,WR,NE,13,MIN,0,0,0,0,0,0,0,0,2,20,0,2,0,0,0,0,0,0,0,0,0,0,,,,,
Chris Ivory,RB,BUF,13,MIA,0,0,0,0,0,4,0,6,0,0,0,0,0,0,0,0,0,0,0,0,0,0,,,,,
Chris Moore,WR,BAL,13,ATL,0,0,0,0,0,0,0,0,1,21,0,1,0,0,0,0,0,0,0,0,0,0,,,,,
Chris Thompson,RB,WAS,13,PHI,0,0,0,0,0,3,0,3,3,18,0,5,0,0,0,0,0,0,0,0,0,0,,,,,
Christian Kirk,WR,ARI,13,GB,0,0,0,0,0,23,0,1,3,54,0,8,0,0,0,0,0,0,0,0,0,0,,,,,
Christian McCaffrey,RB,CAR,13,TB,0,0,0,0,0,106,0,10,9,55,1,10,0,0,0,0,0,0,0,0,0,0,,,,,
Cody Core,WR,CIN,13,DEN,0,0,0,0,0,0,0,0,1,30,1,4,0,0,0,0,0,0,0,0,0,0,,,,,
Cody Kessler,QB,JAX,13,IND,150,0,24,18,0,28,0,5,0,0,0,0,0,0,0,0,0,0,0,0,0,0,,,,,
Cody Parkey,K,CHI,13,NYG,0,0,0,0,0,0,0,0,0,0,0,0,0,0,0,0,1,1,0,0,0,3,,,,,
Cole Beasley,WR,DAL,13,NO,0,0,0,0,0,0,0,0,2,9,0,3,0,0,0,0,0,0,0,0,0,0,,,,,
Colt McCoy,QB,WAS,13,PHI,50,0,4,4,0,0,0,0,0,0,0,0,0,0,0,0,0,0,0,0,0,0,,,,,
Cordarrelle Patterson,RB,NE,13,MIN,0,0,0,0,0,6,0,1,2,53,0,2,0,0,0,0,0,0,0,0,0,0,,,,,
Corey Clement,RB,PHI,13,WAS,0,0,0,0,0,27,0,5,3,47,0,3,0,0,0,0,0,0,0,0,0,0,,,,,
Corey Coleman,WR,NYG,13,CHI,0,0,0,0,0,0,0,0,0,0,0,0,0,0,0,0,0,0,0,0,0,0,,,,,
Corey Davis,WR,TEN,13,NYJ,0,0,0,0,0,12,0,1,3,42,1,7,0,0,0,0,0,0,0,0,0,0,,,,,
Courtland Sutton,WR,DEN,13,CIN,0,0,0,0,0,0,0,0,4,85,1,7,0,0,0,0,0,0,0,0,0,0,,,,,
Curtis Samuel,WR,CAR,13,TB,0,0,0,0,0,8,0,1,6,88,0,11,0,0,0,0,0,0,0,0,0,0,,,,,
DAL,DEF,DAL,13,NO,,,,,,,,,,,,,,,,,,,,,,,0,0,0,0,10.0
DEN,DEF,DEN,13,CIN,,,,,,,,,,,,,,,,,,,,,,,0,0,0,0,10.0
DET,DEF,DET,13,LA,,,,,,,,,,,,,,,,,,,,,,,0,0,0,0,30.0
DJ Moore,WR,CAR,13,TB,0,0,0,0,0,21,0,2,4,44,0,8,0,0,0,0,0,0,0,0,0,0,,,,,
Dak Prescott,QB,DAL,13,NO,249,1,28,24,0,22,0,5,0,0,0,0,0,0,0,0,0,0,0,0,0,0,,,,,
Dallas Goedert,TE,PHI,13,WAS,0,0,0,0,0,0,0,0,0,0,0,3,0,0,0,0,0,0,0,0,0,0,,,,,
Dalton Schultz,TE,DAL,13,NO,0,0,0,0,0,0,0,0,1,7,0,2,0,0,0,0,0,0,0,0,0,0,,,,,
Dalvin Cook,RB,MIN,13,NE,0,0,0,0,0,84,0,9,8,22,0,10,0,0,0,0,0,0,0,0,0,0,,,,,
Damien Williams,RB,KC,13,LV,0,0,0,0,0,38,0,5,2,7,0,2,0,0,0,0,0,0,0,0,0,0,,,,,
Damion Ratley,WR,CLE,13,HOU,0,0,0,0,0,0,0,0,1,2,0,1,0,0,0,0,0,0,0,0,0,0,,,,,
Dan Arnold,TE,NO,13,DAL,0,0,0,0,0,0,0,0,2,20,0,2,0,0,0,0,0,0,0,0,0,0,,,,,
Dan Bailey,K,MIN,13,NE,0,0,0,0,0,0,0,0,0,0,0,0,0,0,0,0,0,1,0,0,0,1,,,,,
Daniel Brown,TE,CHI,13,NYG,0,0,0,0,0,0,0,0,0,0,0,0,0,0,0,0,0,0,0,0,0,0,,,,,
Daniel Carlson,K,LV,13,KC,0,0,0,0,0,0,0,0,0,0,0,0,0,0,0,0,0,0,1,1,0,3,,,,,
Dante Pettis,WR,SF,13,SEA,0,0,0,0,0,-2,0,1,5,129,2,7,0,0,0,0,0,0,0,0,0,0,,,,,
Darius Jennings,WR,TEN,13,NYJ,0,0,0,0,0,0,0,0,0,0,0,1,0,0,0,0,0,0,0,0,0,0,,,,,
Darrel Williams,RB,KC,13,LV,0,0,0,0,0,0,0,0,0,0,0,0,0,0,0,0,0,0,0,0,0,0,,,,,
Darrell Daniels,TE,ARI,13,GB,0,0,0,0,0,0,0,0,0,0,0,0,0,0,0,0,0,0,0,0,0,0,,,,,
Darren Fells,TE,CLE,13,HOU,0,0,0,0,0,0,0,0,0,0,0,0,0,0,0,0,0,0,0,0,0,0,,,,,
Darren Sproles,RB,PHI,13,WAS,0,0,0,0,0,22,1,4,0,0,0,0,0,0,0,0,0,0,0,0,0,0,,,,,
Darrius Heyward-Bey,WR,PIT,13,LAC,0,0,0,0,0,0,0,0,0,0,0,1,0,0,0,0,0,0,0,0,0,0,,,,,
Davante Adams,WR,GB,13,ARI,0,0,0,0,0,0,0,0,8,93,1,13,0,0,0,0,0,0,0,0,0,0,,,,,
David Johnson,RB,ARI,13,GB,0,0,0,0,0,69,0,20,1,3,0,2,0,0,0,0,0,0,0,0,0,0,,,,,
David Moore,WR,SEA,13,SF,0,0,0,0,0,0,0,0,0,0,0,1,0,0,0,0,0,0,0,0,0,0,,,,,
David Njoku,TE,CLE,13,HOU,0,0,0,0,0,0,0,0,3,8,0,6,0,0,0,0,0,0,0,0,0,0,,,,,
DeAndre Carter,WR,HOU,13,CLE,0,0,0,0,0,0,0,0,6,32,0,6,0,0,0,0,0,0,0,0,0,0,,,,,
DeAndre Hopkins,WR,HOU,13,CLE,0,0,0,0,0,0,0,0,7,91,0,12,0,0,0,0,0,0,0,0,0,0,,,,,
DeAndre Washington,RB,LV,13,KC,0,0,0,0,0,7,0,3,0,0,0,0,0,0,0,0,0,0,0,0,0,0,,,,,
DeVante Parker,WR,MIA,13,BUF,0,0,0,0,0,0,0,0,4,43,1,7,0,0,0,0,0,0,0,0,0,0,,,,,
Dede Westbrook,WR,JAX,13,IND,0,0,0,0,0,-1,0,1,3,25,0,5,0,0,0,0,0,0,0,0,0,0,,,,,
Demarcus Robinson,WR,KC,13,LV,0,0,0,0,0,0,0,0,1,38,0,1,0,0,0,0,0,0,0,0,0,0,,,,,
Demaryius Thomas,WR,HOU,13,CLE,0,0,0,0,0,0,0,0,3,32,0,5,0,0,0,0,0,0,0,0,0,0,,,,,
Demetrius Harris,TE,KC,13,LV,0,0,0,0,0,0,0,0,3,39,1,6,0,0,0,0,0,0,0,0,0,0,,,,,
Deonte Thompson,WR,BUF,13,MIA,0,0,0,0,0,0,0,0,1,12,0,1,0,0,0,0,0,0,0,0,0,0,,,,,
Derek Carr,QB,LV,13,KC,285,3,38,29,0,8,0,1,0,0,0,0,0,0,0,0,0,0,0,0,0,0,,,,,
Derrick Henry,RB,TEN,13,NYJ,0,0,0,0,0,40,1,10,2,5,0,2,0,0,0,0,0,0,0,0,0,0,,,,,
Deshaun Watson,QB,HOU,13,CLE,224,1,31,22,0,30,0,7,0,0,0,0,0,0,0,0,0,0,0,0,0,0,,,,,
Devin Funchess,WR,CAR,13,TB,0,0,0,0,0,0,0,0,1,10,1,3,0,0,0,0,0,0,0,0,0,0,,,,,
Devontae Booker,RB,DEN,13,CIN,0,0,0,0,0,4,0,1,2,38,0,2,0,0,0,0,0,0,0,0,0,0,,,,,
Dion Lewis,RB,TEN,13,NYJ,0,0,0,0,0,36,0,6,2,-2,0,3,0,0,0,0,0,0,0,0,0,0,,,,,
Donte Moncrief,WR,JAX,13,IND,0,0,0,0,0,0,0,0,3,40,0,4,0,0,0,0,0,0,0,0,0,0,,,,,
Dontrell Hilliard,RB,CLE,13,HOU,0,0,0,0,0,0,0,0,4,40,0,4,0,0,0,0,0,0,0,0,0,0,,,,,
Dontrelle Inman,WR,IND,13,JAX,0,0,0,0,0,0,0,0,2,14,0,6,0,0,0,0,0,0,0,0,0,0,,,,,
Doug Baldwin,WR,SEA,13,SF,0,0,0,0,0,0,0,0,2,22,1,4,0,0,0,0,0,0,0,0,0,0,,,,,
Doug Martin,RB,LV,13,KC,0,0,0,0,0,61,1,18,2,6,0,2,0,0,0,0,0,0,0,0,0,0,,,,,
Drew Brees,QB,NO,13,DAL,127,1,28,18,1,2,0,1,0,0,0,0,0,0,0,0,0,0,0,0,0,0,,,,,
Duke Johnson,RB,CLE,13,HOU,0,0,0,0,0,0,0,0,2,12,0,3,0,0,0,0,0,0,0,0,0,0,,,,,
Durham Smythe,TE,MIA,13,BUF,0,0,0,0,0,0,0,0,0,0,0,0,0,0,0,0,0,0,0,0,0,0,,,,,
Dustin Hopkins,K,WAS,13,PHI,0,0,0,0,0,0,0,0,0,0,0,0,0,0,0,0,0,0,2,0,0,1,,,,,
Dwayne Harris,WR,LV,13,KC,0,0,0,0,0,0,0,0,1,9,0,1,0,0,0,0,0,0,0,0,0,0,,,,,
Eli Manning,QB,NYG,13,CHI,170,1,35,19,1,0,0,0,0,0,0,0,0,0,0,0,0,0,0,0,0,0,,,,,
Elijah McGuire,RB,NYJ,13,TEN,0,0,0,0,0,19,0,6,1,-4,0,2,0,0,0,0,0,0,0,0,0,0,,,,,
Emmanuel Sanders,WR,DEN,13,CIN,0,0,0,0,0,0,0,0,4,19,0,6,0,0,0,0,0,0,0,0,0,0,,,,,
Equanimeous St. Brown,WR,GB,13,ARI,0,0,0,0,0,0,0,0,0,0,0,1,0,0,0,0,0,0,0,0,0,0,,,,,
Eric Ebron,TE,IND,13,JAX,0,0,0,0,0,-9,0,1,10,81,0,16,0,0,0,0,0,0,0,0,0,0,,,,,
Eric Tomlinson,TE,NYJ,13,TEN,0,0,0,0,0,0,0,0,0,0,0,0,0,0,0,0,0,0,0,0,0,0,,,,,
Erik Swoope,TE,IND,13,JAX,0,0,0,0,0,0,0,0,1,4,0,1,0,0,0,0,0,0,0,0,0,0,,,,,
Ezekiel Elliott,RB,DAL,13,NO,0,0,0,0,0,75,0,23,6,60,1,6,0,0,0,0,0,0,0,0,0,0,,,,,
Frank Gore,RB,MIA,13,BUF,0,0,0,0,0,21,0,8,1,10,0,1,0,0,0,0,0,0,0,0,0,0,,,,,
GB,DEF,GB,13,ARI,,,,,,,,,,,,,,,,,,,,,,,0,0,0,0,20.0
Gehrig Dieter,WR,KC,13,LV,0,0,0,0,0,0,0,0,0,0,0,1,0,0,0,0,0,0,0,0,0,0,,,,,
George Kittle,TE,SF,13,SEA,0,0,0,0,0,0,0,0,6,70,0,9,0,0,0,0,0,0,0,0,0,0,,,,,
Gerald Everett,TE,LA,13,DET,0,0,0,0,0,0,0,0,1,7,0,3,0,0,0,0,0,0,0,0,0,0,,,,,
Giovani Bernard,RB,CIN,13,DEN,0,0,0,0,0,14,0,5,6,32,0,8,0,0,0,0,0,0,0,0,0,0,,,,,
Golden Tate,WR,PHI,13,WAS,0,0,0,0,0,0,0,0,7,85,1,7,0,0,1,0,0,0,0,0,0,0,,,,,
Graham Gano,K,CAR,13,TB,0,0,0,0,0,0,0,0,0,0,0,0,0,0,0,0,0,1,0,0,0,2,,,,,
Greg Joseph,K,CLE,13,HOU,0,0,0,0,0,0,0,0,0,0,0,0,0,0,0,0,0,0,0,0,0,1,,,,,
Greg Olsen,TE,CAR,13,TB,0,0,0,0,0,0,0,0,1,13,0,1,0,0,0,0,0,0,0,0,0,0,,,,,
Greg Zuerlein,K,LA,13,DET,0,0,0,0,0,0,0,0,0,0,0,0,0,0,0,0,1,0,2,0,0,3,,,,,
Gus Edwards,RB,BAL,13,ATL,0,0,0,0,0,82,0,21,0,0,0,0,0,0,0,0,0,0,0,0,0,0,,,,,
HOU,DEF,HOU,13,CLE,,,,,,,,,,,,,,,,,,,,,,,1,0,0,0,13.0
Harrison Butker,K,KC,13,LV,0,0,0,0,0,0,0,0,0,0,0,0,0,0,0,0,1,0,0,1,0,4,,,,,
IND,DEF,IND,13,JAX,,,,,,,,,,,,,,,,,,,,,,,0,0,0,0,6.0
Ian Thomas,TE,CAR,13,TB,0,0,0,0,0,0,0,0,5,46,0,5,0,0,0,0,0,0,0,0,0,0,,,,,
Isaiah Crowell,RB,NYJ,13,TEN,0,0,0,0,0,98,0,21,4,9,0,5,0,0,0,0,0,0,0,0,0,0,,,,,
Isaiah Ford,WR,MIA,13,BUF,0,0,0,0,0,0,0,0,0,0,0,1,0,0,0,0,0,0,0,0,0,0,,,,,
Isaiah McKenzie,WR,BUF,13,MIA,0,0,0,0,0,0,0,0,4,46,0,4,0,0,0,0,0,0,0,0,0,0,,,,,
Ito Smith,RB,ATL,13,BAL,0,0,0,0,0,22,0,7,1,0,0,1,0,0,0,0,0,0,0,0,0,0,,,,,
J.D. McKissic,RB,SEA,13,SF,0,0,0,0,0,0,0,0,0,0,0,1,0,0,0,0,0,0,0,0,0,0,,,,,
JAX,DEF,JAX,13,IND,,,,,,,,,,,,,,,,,,,,,,,0,0,0,0,0.0
Jake Elliott,K,PHI,13,WAS,0,0,0,0,0,0,0,0,0,0,0,0,0,0,0,0,0,0,2,0,0,2,,,,,
Jake Kumerow,WR,GB,13,ARI,0,0,0,0,0,0,0,0,1,11,0,2,0,0,0,0,0,0,0,0,0,0,,,,,
Jalen Richard,RB,LV,13,KC,0,0,0,0,0,95,0,6,3,31,0,4,0,0,0,0,0,0,0,0,0,0,,,,,
Jamaal Williams,RB,GB,13,ARI,0,0,0,0,0,13,0,7,4,14,0,4,0,0,0,0,0,0,0,0,0,0,,,,,
Jameis Winston,QB,TB,13,CAR,249,2,30,20,0,48,0,5,0,0,0,0,0,0,0,0,0,0,0,0,0,0,,,,,
James Conner,RB,PIT,13,LAC,0,0,0,0,0,60,2,15,3,14,0,4,0,0,0,0,0,0,0,0,0,0,,,,,
James O'Shaughnessy,TE,JAX,13,IND,0,0,0,0,0,0,0,0,2,19,0,2,0,0,0,0,0,0,0,0,0,0,,,,,
James White,RB,NE,13,MIN,0,0,0,0,0,26,0,6,7,92,0,9,0,0,0,0,0,0,0,0,0,0,,,,,
Jamison Crowder,WR,WAS,13,PHI,0,0,0,0,0,-5,0,1,4,36,0,4,0,0,0,0,0,0,0,0,0,0,,,,,
Jared Cook,TE,LV,13,KC,0,0,0,0,0,0,0,0,7,100,1,8,0,0,0,0,0,0,0,0,0,0,,,,,
Jared Goff,QB,LA,13,DET,207,1,33,17,1,-2,0,2,0,0,0,0,0,0,0,0,0,0,0,0,0,0,,,,,
Jarius Wright,WR,CAR,13,TB,0,0,0,0,0,0,0,0,2,44,0,3,0,0,0,0,0,0,0,0,0,0,,,,,
Jaron Brown,WR,SEA,13,SF,0,0,0,0,0,0,0,0,3,67,2,3,0,0,0,0,0,0,0,0,0,0,,,,,
Jarvis Landry,WR,CLE,13,HOU,0,0,0,0,0,0,0,0,6,103,0,9,0,0,0,0,0,0,0,0,0,0,,,,,
Jason Croom,TE,BUF,13,MIA,0,0,0,0,0,0,0,0,0,0,0,0,0,0,0,0,0,0,0,0,0,0,,,,,
Jason Myers,K,NYJ,13,TEN,0,0,0,0,0,0,0,0,0,0,0,0,0,0,0,0,0,3,1,1,0,1,,,,,
Jason Sanders,K,MIA,13,BUF,0,0,0,0,0,0,0,0,0,0,0,0,0,0,0,0,0,0,0,0,0,3,,,,,
Jawill Davis,WR,NYG,13,CHI,0,0,0,0,0,0,0,0,0,0,0,0,0,0,0,0,0,0,0,0,0,0,,,,,
Jaylen Samuels,RB,PIT,13,LAC,0,0,0,0,0,5,0,2,3,20,1,3,0,0,0,0,0,0,0,0,0,0,,,,,
Jeff Driskel,QB,CIN,13,DEN,236,1,37,25,1,3,0,3,0,0,0,0,0,0,0,0,0,0,0,0,0,0,,,,,
Jeff Wilson,RB,SF,13,SEA,0,0,0,0,0,61,0,15,8,73,0,9,0,0,0,0,0,0,0,0,0,0,,,,,
Jehu Chesson,WR,WAS,13,PHI,0,0,0,0,0,0,0,0,0,0,0,0,0,0,0,0,0,0,0,0,0,0,,,,,
Jesse James,TE,PIT,13,LAC,0,0,0,0,0,0,0,0,1,7,0,3,0,0,0,0,0,0,0,0,0,0,,,,,
Jimmy Graham,TE,GB,13,ARI,0,0,0,0,0,0,0,0,8,50,0,11,0,0,0,0,0,0,0,0,0,0,,,,,
JoJo Natson,WR,LA,13,DET,0,0,0,0,0,0,0,0,0,0,0,0,0,0,0,0,0,0,0,0,0,0,,,,,
Joe Mixon,RB,CIN,13,DEN,0,0,0,0,0,82,0,12,2,13,0,2,0,0,0,0,0,0,0,0,0,0,,,,,
John Brown,WR,BAL,13,ATL,0,0,0,0,0,0,0,0,0,0,0,4,0,0,0,0,0,0,0,0,0,0,,,,,
John Ross,WR,CIN,13,DEN,0,0,0,0,0,2,0,1,2,13,0,3,0,0,0,0,0,0,0,0,0,0,,,,,
Jonnu Smith,TE,TEN,13,NYJ,0,0,0,0,0,0,0,0,2,29,0,3,0,0,0,0,0,0,0,0,0,0,,,,,
Jordan Akins,TE,HOU,13,CLE,0,0,0,0,0,0,0,0,1,13,0,1,0,0,0,0,0,0,0,0,0,0,,,,,
Jordan Franks,TE,CIN,13,DEN,0,0,0,0,0,0,0,0,0,0,0,1,0,0,0,0,0,0,0,0,0,0,,,,,
Jordan Howard,RB,CHI,13,NYG,0,0,0,0,0,76,0,16,1,4,0,1,0,0,0,0,0,0,0,0,0,0,,,,,
Jordan Leggett,TE,NYJ,13,TEN,0,0,0,0,0,0,0,0,2,18,0,2,0,0,0,0,0,0,0,0,0,0,,,,,
Jordan Matthews,TE,PHI,13,WAS,0,0,0,0,0,0,0,0,1,4,1,2,0,0,0,0,0,0,0,0,0,0,,,,,
Jordan Reed,TE,WAS,13,PHI,0,0,0,0,0,0,0,0,4,21,0,5,0,0,0,0,0,0,0,0,0,0,,,,,
Jordan Wilkins,RB,IND,13,JAX,0,0,0,0,0,0,0,0,1,0,0,1,0,0,0,0,0,0,0,0,0,0,,,,,
Jordy Nelson,WR,LV,13,KC,0,0,0,0,0,0,0,0,10,97,0,11,0,0,0,0,0,0,0,0,0,0,,,,,
Josh Adams,RB,PHI,13,WAS,0,0,0,0,0,85,0,20,0,0,0,0,0,0,0,0,0,0,0,0,0,0,,,,,
Josh Allen,QB,BUF,13,MIA,231,2,33,18,2,135,0,9,0,0,0,0,0,0,1,0,0,0,0,0,0,0,,,,,
Josh Bellamy,WR,CHI,13,NYG,0,0,0,0,0,0,0,0,1,8,0,1,0,0,0,0,0,0,0,0,0,0,,,,,
Josh Doctson,WR,WAS,13,PHI,0,0,0,0,0,0,0,0,3,51,0,5,0,0,0,0,0,0,0,0,0,0,,,,,
Josh Gordon,WR,NE,13,MIN,0,0,0,0,0,0,0,0,3,58,1,3,0,0,0,0,0,0,0,0,0,0,,,,,
Josh Lambo,K,JAX,13,IND,0,0,0,0,0,0,0,0,0,0,0,0,0,0,0,0,0,2,0,0,0,0,,,,,
Josh McCown,QB,NYJ,13,TEN,128,0,30,17,1,3,0,1,0,0,0,0,0,0,0,0,0,0,0,0,0,0,,,,,
Josh Reynolds,WR,LA,13,DET,0,0,0,0,0,0,0,0,2,19,0,5,0,0,0,0,0,0,0,0,0,0,,,,,
Josh Rosen,QB,ARI,13,GB,149,0,26,11,0,32,0,2,0,0,0,0,0,0,0,0,0,0,0,0,0,0,,,,,
JuJu Smith-Schuster,WR,PIT,13,LAC,0,0,0,0,0,0,0,0,6,49,0,9,0,0,0,0,0,0,0,0,0,0,,,,,
Julian Edelman,WR,NE,13,MIN,0,0,0,0,0,35,0,2,3,25,0,8,0,0,0,0,0,0,0,0,0,0,,,,,
Julio Jones,WR,ATL,13,BAL,0,0,0,0,0,0,0,0,2,18,0,8,0,0,0,0,0,0,0,0,0,0,,,,,
Justin Hardy,WR,ATL,13,BAL,0,0,0,0,0,0,0,0,0,0,0,0,0,0,0,0,0,0,0,0,0,0,,,,,
Justin Hunter,WR,PIT,13,LAC,0,0,0,0,0,0,0,0,0,0,0,3,0,0,0,0,0,0,0,0,0,0,,,,,
Justin Jackson,RB,LAC,13,PIT,0,0,0,0,0,63,1,8,1,19,0,1,0,0,0,0,0,0,0,0,0,0,,,,,
Justin Tucker,K,BAL,13,ATL,0,0,0,0,0,0,0,0,0,0,0,0,0,0,0,0,1,0,3,0,0,2,,,,,
Justin Watson,WR,TB,13,CAR,0,0,0,0,0,0,0,0,0,0,0,1,0,0,0,0,0,0,0,0,0,0,,,,,
KC,DEF,KC,13,LV,,,,,,,,,,,,,,,,,,,,,,,0,0,0,0,33.0
Ka'imi Fairbairn,K,HOU,13,CLE,0,0,0,0,0,0,0,0,0,0,0,0,0,0,0,0,0,2,2,1,0,2,,,,,
Kalen Ballage,RB,MIA,13,BUF,0,0,0,0,0,3,0,4,0,0,0,0,0,0,0,0,0,0,0,0,0,0,,,,,
Keelan Cole,WR,JAX,13,IND,0,0,0,0,0,0,0,0,2,16,0,2,0,0,0,0,0,0,0,0,0,0,,,,,
Keenan Allen,WR,LAC,13,PIT,0,0,0,0,0,0,0,0,14,148,1,19,0,0,1,0,0,0,0,0,0,0,,,,,
Keith Kirkwood,WR,NO,13,DAL,0,0,0,0,0,0,0,0,1,30,1,3,0,0,0,0,0,0,0,0,0,0,,,,,
Kelvin Benjamin,WR,BUF,13,MIA,0,0,0,0,0,0,0,0,2,20,0,4,0,0,0,0,0,0,0,0,0,0,,,,,
Kendrick Bourne,WR,SF,13,SEA,0,0,0,0,0,0,0,0,4,60,0,7,0,0,0,0,0,0,0,0,0,0,,,,,
Kenjon Barner,RB,CAR,13,TB,0,0,0,0,0,0,0,0,0,0,0,0,0,0,0,0,0,0,0,0,0,0,,,,,
Kenneth Dixon,RB,BAL,13,ATL,0,0,0,0,0,37,0,8,1,6,0,1,0,0,0,0,0,0,0,0,0,0,,,,,
Kenny Golladay,WR,DET,13,LA,0,0,0,0,0,0,0,0,3,50,0,8,0,0,0,0,0,0,0,0,0,0,,,,,
Kenny Stills,WR,MIA,13,BUF,0,0,0,0,0,0,0,0,4,37,1,6,0,0,0,0,0,0,0,0,0,0,,,,,
Kenyan Drake,RB,MIA,13,BUF,0,0,0,0,0,31,0,7,2,13,1,4,0,0,0,0,0,0,0,0,0,0,,,,,
Kirk Cousins,QB,MIN,13,NE,201,1,44,32,2,0,0,0,0,0,0,0,0,0,0,0,0,0,0,0,0,0,,,,,
Kyle Juszczyk,RB,SF,13,SEA,0,0,0,0,0,0,0,0,3,20,0,3,0,0,0,0,0,0,0,0,0,0,,,,,
Kyle Rudolph,TE,MIN,13,NE,0,0,0,0,0,0,0,0,3,38,0,3,0,0,0,0,0,0,0,0,0,0,,,,,
LA,DEF,LA,13,DET,,,,,,,,,,,,,,,,,,,,,,,0,0,0,0,16.0
LAC,DEF,LAC,13,PIT,,,,,,,,,,,,,,,,,,,,,,,0,0,0,0,30.0
LV,DEF,LV,13,KC,,,,,,,,,,,,,,,,,,,,,,,0,0,0,0,0.0
Lamar Jackson,QB,BAL,13,ATL,125,0,21,12,0,75,1,17,0,0,0,0,0,0,0,0,0,0,0,0,0,0,,,,,
Lamar Miller,RB,HOU,13,CLE,0,0,0,0,0,103,0,19,1,12,0,1,0,0,0,0,0,0,0,0,0,0,,,,,
Laquon Treadwell,WR,MIN,13,NE,0,0,0,0,0,0,0,0,2,13,0,2,0,0,0,0,0,0,0,0,0,0,,,,,
Larry Fitzgerald,WR,ARI,13,GB,0,0,0,0,0,0,0,0,3,48,0,6,0,0,0,0,0,0,0,0,0,0,,,,,
Latavius Murray,RB,MIN,13,NE,0,0,0,0,0,11,0,4,2,3,0,2,0,0,0,0,0,0,0,0,0,0,,,,,
LeGarrette Blount,RB,DET,13,LA,0,0,0,0,0,61,0,16,0,0,0,1,0,0,0,0,0,0,0,0,0,0,,,,,
LeSean McCoy,RB,BUF,13,MIA,0,0,0,0,0,52,0,15,4,12,0,4,0,0,0,0,0,0,0,0,0,0,,,,,
Lee Smith,TE,LV,13,KC,0,0,0,0,0,0,0,0,1,1,1,1,0,0,0,0,0,0,0,0,0,0,,,,,
Levine Toilolo,TE,DET,13,LA,0,0,0,0,0,0,0,0,4,90,0,6,0,0,0,0,0,0,0,0,0,0,,,,,
Luke Willson,TE,DET,13,LA,0,0,0,0,0,0,0,0,1,8,0,2,0,0,0,0,0,0,0,0,0,0,,,,,
MIA,DEF,MIA,13,BUF,,,,,,,,,,,,,,,,,,,,,,,0,0,0,0,17.0
MIN,DEF,MIN,13,NE,,,,,,,,,,,,,,,,,,,,,,,0,0,0,0,24.0
Malcolm Brown,RB,LA,13,DET,0,0,0,0,0,8,0,2,0,0,0,0,0,0,0,0,0,0,0,0,0,0,,,,,
Malik Turner,WR,SEA,13,SF,0,0,0,0,0,0,0,0,1,1,0,1,0,0,0,0,0,0,0,0,0,0,,,,,
Marcell Ateman,WR,LV,13,KC,0,0,0,0,0,0,0,0,2,16,1,4,0,0,0,0,0,0,0,0,0,0,,,,,
Marcus Mariota,QB,TEN,13,NYJ,282,2,35,20,1,43,0,4,0,0,0,0,0,0,0,0,0,0,0,0,0,0,,,,,
Marcus Murphy,RB,BUF,13,MIA,0,0,0,0,0,7,0,1,0,0,0,0,0,0,0,0,0,0,0,0,0,0,,,,,
Mark Andrews,TE,BAL,13,ATL,0,0,0,0,0,0,0,0,3,47,0,3,0,0,0,0,0,0,0,0,0,0,,,,,
Mark Ingram,RB,NO,13,DAL,0,0,0,0,0,27,0,7,2,1,0,3,0,0,0,0,0,0,0,0,0,0,,,,,
Mark Sanchez,QB,WAS,13,PHI,100,0,21,13,1,8,0,1,0,0,0,0,0,0,0,0,0,0,0,0,0,0,,,,,
Mark Walton,RB,CIN,13,DEN,0,0,0,0,0,10,0,1,0,0,0,0,0,0,0,0,0,0,0,0,0,0,,,,,
Marlon Mack,RB,IND,13,JAX,0,0,0,0,0,27,0,8,1,6,0,1,0,0,0,0,0,0,0,0,0,0,,,,,
Marquez Valdes-Scantling,WR,GB,13,ARI,0,0,0,0,0,29,0,2,2,19,0,7,0,0,0,0,0,0,0,0,0,0,,,,,
Mason Crosby,K,GB,13,ARI,0,0,0,0,0,0,0,0,0,0,0,0,0,0,0,0,0,1,0,0,0,2,,,,,
Matt Breida,RB,SF,13,SEA,0,0,0,0,0,6,0,5,3,51,0,3,0,0,0,0,0,0,0,0,0,0,,,,,
Matt Bryant,K,ATL,13,BAL,0,0,0,0,0,0,0,0,0,0,0,0,0,0,0,0,0,0,1,0,0,1,,,,,
Matt Dayes,RB,SF,13,SEA,0,0,0,0,0,0,0,0,0,0,0,0,0,0,0,0,0,0,0,0,0,0,,,,,
Matt LaCosse,TE,DEN,13,CIN,0,0,0,0,0,0,0,0,0,0,0,1,0,0,0,0,0,0,0,0,0,0,,,,,
Matt Lengel,TE,CIN,13,DEN,0,0,0,0,0,0,0,0,1,9,0,2,0,0,0,0,0,0,0,0,0,0,,,,,
Matt Prater,K,DET,13,LA,0,0,0,0,0,0,0,0,0,0,0,0,0,0,0,0,2,1,0,0,0,1,,,,,
Matt Ryan,QB,ATL,13,BAL,131,1,26,16,0,4,0,2,0,0,0,0,0,0,0,0,0,0,0,0,0,0,,,,,
Matthew Slater,WR,NE,13,MIN,0,0,0,0,0,0,0,0,0,0,0,0,0,0,0,0,0,0,0,0,0,0,,,,,
Matthew Stafford,QB,DET,13,LA,245,1,33,20,1,2,0,1,0,0,0,0,0,0,0,0,0,0,0,0,0,0,,,,,
Maurice Harris,WR,WAS,13,PHI,0,0,0,0,0,0,0,0,0,0,0,1,0,0,0,0,0,0,0,0,0,0,,,,,
Michael Crabtree,WR,BAL,13,ATL,0,0,0,0,0,0,0,0,3,36,0,4,0,0,0,0,0,0,0,0,0,0,,,,,
Michael Floyd,WR,WAS,13,PHI,0,0,0,0,0,0,0,0,1,9,0,2,0,0,0,0,0,0,0,0,0,0,,,,,
Michael Gallup,WR,DAL,13,NO,0,0,0,0,0,0,0,0,5,76,0,7,0,0,0,0,0,0,0,0,0,0,,,,,
Michael Thomas,WR,NO,13,DAL,0,0,0,0,0,0,0,0,5,40,0,8,0,0,0,0,0,0,0,0,0,0,,,,,
Mike Badgley,K,LAC,13,PIT,0,0,0,0,0,0,0,0,0,0,0,0,0,0,0,0,1,0,0,0,0,2,,,,,
Mike Davis,RB,SEA,13,SF,0,0,0,0,0,10,0,4,0,0,0,0,0,0,0,0,0,0,0,0,0,0,,,,,
Mike Evans,WR,TB,13,CAR,0,0,0,0,0,0,0,0,4,48,0,6,0,0,0,0,0,0,0,0,0,0,,,,,
Mike Williams,WR,LAC,13,PIT,0,0,0,0,0,0,0,0,3,52,0,3,0,0,0,0,0,0,0,0,0,0,,,,,
Mohamed Sanu,WR,ATL,13,BAL,0,0,1,0,0,0,0,0,3,37,0,4,0,0,0,0,0,0,0,0,0,0,,,,,
MyCole Pruitt,TE,TEN,13,NYJ,0,0,0,0,0,0,0,0,1,4,0,1,0,0,0,0,0,0,0,0,0,0,,,,,
NE,DEF,NE,13,MIN,,,,,,,,,,,,,,,,,,,,,,,0,0,0,0,10.0
NO,DEF,NO,13,DAL,,,,,,,,,,,,,,,,,,,,,,,0,0,0,0,13.0
NYG,DEF,NYG,13,CHI,,,,,,,,,,,,,,,,,,,,,,,1,0,0,0,27.0
NYJ,DEF,NYJ,13,TEN,,,,,,,,,,,,,,,,,,,,,,,1,0,0,0,26.0
Nelson Agholor,WR,PHI,13,WAS,0,0,0,0,0,0,0,0,4,56,0,8,0,0,0,0,0,0,0,0,0,0,,,,,
Nick Boyle,TE,BAL,13,ATL,0,0,0,0,0,0,0,0,1,7,0,2,0,0,0,0,0,0,0,0,0,0,,,,,
Nick Chubb,RB,CLE,13,HOU,0,0,0,0,0,31,1,9,3,41,0,3,0,0,0,0,0,0,0,0,0,0,,,,,
Nick Mullens,QB,SF,13,SEA,414,2,48,30,1,1,0,2,0,0,0,0,0,0,0,0,0,0,0,0,0,0,,,,,
Nick O'Leary,TE,MIA,13,BUF,0,0,0,0,0,0,0,0,1,9,0,1,0,0,0,0,0,0,0,0,0,0,,,,,
Nick Vannett,TE,SEA,13,SF,0,0,0,0,0,0,0,0,1,4,0,1,0,0,0,0,0,0,0,0,0,0,,,,,
Noah Brown,WR,DAL,13,NO,0,0,0,0,0,0,0,0,1,9,0,1,0,0,0,0,0,0,0,0,0,0,,,,,
Nyheim Hines,RB,IND,13,JAX,0,0,0,0,0,5,0,4,9,50,0,9,0,0,0,0,0,0,0,0,0,0,,,,,
Odell Beckham Jr.,WR,NYG,13,CHI,49,1,1,1,0,0,0,0,3,35,1,9,0,0,0,0,0,0,0,0,0,0,,,,,
Orson Charles,TE,CLE,13,HOU,0,0,0,0,0,0,0,0,0,0,0,0,0,0,0,0,0,0,0,0,0,0,,,,,
PHI,DEF,PHI,13,WAS,,,,,,,,,,,,,,,,,,,,,,,0,0,0,0,13.0
PIT,DEF,PIT,13,LAC,,,,,,,,,,,,,,,,,,,,,,,0,0,0,0,33.0
Patrick DiMarco,RB,BUF,13,MIA,0,0,0,0,0,0,0,0,1,38,0,1,0,0,0,0,0,0,0,0,0,0,,,,,
Patrick Mahomes,QB,KC,13,LV,295,4,38,23,0,52,0,9,0,0,0,0,0,0,0,0,0,0,0,0,0,0,,,,,
Peyton Barber,RB,TB,13,CAR,0,0,0,0,0,45,1,16,0,0,0,1,0,0,0,0,0,0,0,0,0,0,,,,,
Pharoh Cooper,WR,LA,13,DET,0,0,0,0,0,0,0,0,0,0,0,1,0,0,0,0,0,0,0,0,0,0,,,,,
Philip Rivers,QB,LAC,13,PIT,299,2,36,26,0,0,0,0,0,0,0,0,0,0,2,0,0,0,0,0,0,0,,,,,
Phillip Lindsay,RB,DEN,13,CIN,0,0,0,0,0,157,2,19,1,2,0,1,0,0,0,0,0,0,0,0,0,0,,,,,
Quincy Enunwa,WR,NYJ,13,TEN,0,0,0,0,0,0,0,0,2,9,0,6,0,0,0,0,0,0,0,0,0,0,,,,,
Randall Cobb,WR,GB,13,ARI,0,0,0,0,0,0,0,0,3,25,0,5,0,0,0,0,0,0,0,0,0,0,,,,,
Randy Bullock,K,CIN,13,DEN,0,0,0,0,0,0,0,0,0,0,0,0,0,0,0,0,0,1,0,0,0,1,,,,,
Rashaad Penny,RB,SEA,13,SF,0,0,0,0,0,65,1,7,0,0,0,0,0,0,0,0,0,0,0,0,0,0,,,,,
Rashad Greene,WR,JAX,13,IND,0,0,0,0,0,0,0,0,0,0,0,0,0,0,0,0,0,0,0,0,0,0,,,,,
Rashard Higgins,WR,CLE,13,HOU,0,0,0,0,0,0,0,0,4,62,1,4,0,0,0,0,0,0,0,0,0,0,,,,,
Rex Burkhead,RB,NE,13,MIN,0,0,0,0,0,20,0,7,2,21,0,2,0,0,0,0,0,0,0,0,0,0,,,,,
Rhett Ellison,TE,NYG,13,CHI,0,0,0,0,0,0,0,0,4,42,0,6,0,0,0,0,0,0,0,0,0,0,,,,,
Richie James,WR,SF,13,SEA,0,0,0,0,0,0,0,0,0,0,0,2,0,0,0,0,0,0,0,0,0,0,,,,,
Ricky Ortiz,RB,ATL,13,BAL,0,0,0,0,0,0,0,0,0,0,0,0,0,0,0,0,0,0,0,0,0,0,,,,,
Ricky Seals-Jones,TE,ARI,13,GB,0,0,0,0,0,0,0,0,1,10,0,3,0,0,0,0,0,0,0,0,0,0,,,,,
River Cracraft,WR,DEN,13,CIN,0,0,0,0,0,0,0,0,0,0,0,0,0,0,0,0,0,0,0,0,0,0,,,,,
Rob Gronkowski,TE,NE,13,MIN,0,0,0,0,0,0,0,0,3,26,0,4,0,0,0,0,0,0,0,0,0,0,,,,,
Robbie Chosen,WR,NYJ,13,TEN,0,0,0,0,0,0,0,0,4,48,0,7,0,0,0,0,0,0,0,0,0,0,,,,,
Robbie Gould,K,SF,13,SEA,0,0,0,0,0,0,0,0,0,0,0,0,0,0,0,0,0,0,1,0,0,1,,,,,
Robert Foster,WR,BUF,13,MIA,0,0,0,0,0,0,0,0,1,27,0,3,0,0,0,0,0,0,0,0,0,0,,,,,
Robert Griffin III,QB,BAL,13,ATL,21,0,4,2,0,0,0,0,0,0,0,0,0,0,0,0,0,0,0,0,0,0,,,,,
Robert Tonyan,TE,GB,13,ARI,0,0,0,0,0,0,0,0,1,5,0,1,0,0,0,0,0,0,0,0,0,0,,,,,
Robert Woods,WR,LA,13,DET,0,0,0,0,0,11,0,2,5,67,1,8,0,0,0,0,0,0,0,0,0,0,,,,,
Rod Smith,RB,DAL,13,NO,0,0,0,0,0,2,0,3,0,0,0,0,0,0,0,0,0,0,0,0,0,0,,,,,
Ronald Jones,RB,TB,13,CAR,0,0,0,0,0,2,0,4,0,0,0,0,0,0,0,0,0,0,0,0,0,0,,,,,
Royce Freeman,RB,DEN,13,CIN,0,0,0,0,0,48,0,12,0,0,0,0,0,0,0,0,0,0,0,0,0,0,,,,,
Russell Gage,WR,ATL,13,BAL,0,0,0,0,0,0,0,0,1,7,0,1,0,0,0,0,0,0,0,0,0,0,,,,,
Russell Shepard,WR,NYG,13,CHI,0,0,0,0,0,0,0,0,2,59,1,2,0,0,0,0,0,0,0,0,0,0,,,,,
Russell Wilson,QB,SEA,13,SF,185,4,17,11,0,14,0,4,0,0,0,0,0,0,0,0,0,0,0,0,0,0,,,,,
Ryan Grant,WR,IND,13,JAX,0,0,0,0,0,0,0,0,0,0,0,2,0,0,0,0,0,0,0,0,0,0,,,,,
Ryan Griffin,TE,HOU,13,CLE,0,0,0,0,0,0,0,0,1,12,0,1,0,0,0,0,0,0,0,0,0,0,,,,,
Ryan Hewitt,TE,IND,13,JAX,0,0,0,0,0,0,0,0,0,0,0,0,0,0,0,0,0,0,0,0,0,0,,,,,
Ryan Succop,K,TEN,13,NYJ,0,0,0,0,0,0,0,0,0,0,0,0,0,0,0,0,1,1,0,0,0,2,,,,,
Ryan Switzer,WR,PIT,13,LAC,0,0,0,0,0,0,0,0,2,9,0,2,0,0,0,0,0,0,0,0,0,0,,,,,
Ryan Tannehill,QB,MIA,13,BUF,137,3,24,16,1,-5,0,3,0,0,0,0,0,0,0,0,0,0,0,0,0,0,,,,,
SEA,DEF,SEA,13,SF,,,,,,,,,,,,,,,,,,,,,,,1,0,0,0,16.0
SF,DEF,SF,13,SEA,,,,,,,,,,,,,,,,,,,,,,,0,0,0,0,43.0
Sammie Coates,WR,HOU,13,CLE,0,0,0,0,0,0,0,0,0,0,0,0,0,0,0,0,0,0,0,0,0,0,,,,,
Saquon Barkley,RB,NYG,13,CHI,0,0,0,0,0,125,0,24,3,21,0,4,0,0,0,0,0,0,0,0,0,0,,,,,
Scott Simonson,TE,NYG,13,CHI,0,0,0,0,0,0,0,0,2,25,0,3,0,0,0,0,0,0,0,0,0,0,,,,,
Sebastian Janikowski,K,SEA,13,SF,0,0,0,0,0,0,0,0,0,0,0,0,0,0,0,0,0,0,1,0,0,4,,,,,
Senorise Perry,RB,MIA,13,BUF,0,0,0,0,0,0,0,0,0,0,0,0,0,0,0,0,0,0,0,0,0,0,,,,,
Seth DeValve,TE,CLE,13,HOU,0,0,0,0,0,0,0,0,1,19,0,2,0,0,0,0,0,0,0,0,0,0,,,,,
Seth Roberts,WR,LV,13,KC,0,0,0,0,0,0,0,0,3,25,0,6,0,0,0,0,0,0,0,0,0,0,,,,,
Sony Michel,RB,NE,13,MIN,0,0,0,0,0,63,0,17,1,7,0,1,0,0,0,0,0,0,0,0,0,0,,,,,
Spencer Ware,RB,KC,13,LV,0,0,0,0,0,47,1,14,1,5,0,1,0,0,0,0,0,0,0,0,0,0,,,,,
Stefon Diggs,WR,MIN,13,NE,0,0,0,0,0,0,0,0,5,49,0,6,0,0,0,0,0,0,0,0,0,0,,,,,
Stephen Gostkowski,K,NE,13,MIN,0,0,0,0,0,0,0,0,0,0,0,0,0,0,0,0,1,0,0,0,0,3,,,,,
Sterling Shepard,WR,NYG,13,CHI,0,0,0,0,0,0,0,0,4,28,0,6,0,0,0,0,0,0,0,0,0,0,,,,,
Steven Hauschka,K,BUF,13,MIA,0,0,0,0,0,0,0,0,0,0,0,0,0,0,0,0,0,1,0,0,0,0,,,,,
T.J. Jones,WR,DET,13,LA,0,0,0,0,0,0,0,0,1,25,0,1,0,0,0,0,0,0,0,0,0,0,,,,,
T.J. Logan,RB,ARI,13,GB,0,0,0,0,0,5,0,1,0,0,0,0,0,0,0,0,0,0,0,0,0,0,,,,,
T.J. Yeldon,RB,JAX,13,IND,0,0,0,0,0,16,0,8,7,49,0,8,0,0,0,0,0,0,0,0,0,0,,,,,
T.Y. Hilton,WR,IND,13,JAX,0,0,0,0,0,0,0,0,8,77,0,13,0,0,0,0,0,0,0,0,0,0,,,,,
TB,DEF,TB,13,CAR,,,,,,,,,,,,,,,,,,,,,,,0,0,0,0,17.0
TEN,DEF,TEN,13,NYJ,,,,,,,,,,,,,,,,,,,,,,,0,0,0,0,22.0
Tajae Sharpe,WR,TEN,13,NYJ,0,0,0,0,0,0,0,0,3,51,0,6,0,0,0,0,0,0,0,0,0,0,,,,,
Taquan Mizzell,RB,CHI,13,NYG,0,0,0,0,0,7,0,3,2,16,0,2,0,0,0,0,0,0,0,0,0,0,,,,,
Tarik Cohen,RB,CHI,13,NYG,1,1,1,1,0,30,0,8,12,156,0,14,0,0,0,0,0,0,0,0,0,0,,,,,
Taylor Gabriel,WR,CHI,13,NYG,0,0,0,0,0,0,0,0,3,17,0,7,0,0,0,0,0,0,0,0,0,0,,,,,
Taylor Heinicke,QB,CAR,13,TB,0,0,1,0,0,0,0,0,0,0,0,0,0,0,0,0,0,0,0,0,0,0,,,,,
Taysom Hill,TE,NO,13,DAL,0,0,0,0,0,0,0,0,0,0,0,0,0,0,0,0,0,0,0,0,0,0,,,,,
Taywan Taylor,WR,TEN,13,NYJ,0,0,0,0,0,0,0,0,3,104,0,5,0,0,0,0,0,0,0,0,0,0,,,,,
Tevin Coleman,RB,ATL,13,BAL,0,0,0,0,0,8,0,6,1,3,0,3,0,0,0,0,0,0,0,0,0,0,,,,,
Theo Riddick,RB,DET,13,LA,0,0,0,0,0,32,0,8,3,26,0,4,0,0,0,0,0,0,0,0,0,0,,,,,
Todd Gurley,RB,LA,13,DET,0,0,0,0,0,132,2,23,3,33,0,5,0,0,0,0,0,0,0,0,0,0,,,,,
Tom Brady,QB,NE,13,MIN,311,1,32,24,1,5,0,2,0,0,0,0,0,0,0,0,0,0,0,0,0,0,,,,,
Travis Benjamin,WR,LAC,13,PIT,0,0,0,0,0,1,0,1,2,44,1,2,0,0,0,0,0,0,0,0,0,0,,,,,
Travis Kelce,TE,KC,13,LV,0,0,0,0,0,0,0,0,12,168,2,13,0,0,0,0,0,0,0,0,0,0,,,,,
Tre'Quan Smith,WR,NO,13,DAL,0,0,0,0,0,0,0,0,0,0,0,1,0,0,0,0,0,0,0,0,0,0,,,,,
Trent Sherfield,WR,ARI,13,GB,0,0,0,0,0,0,0,0,1,21,0,3,0,0,0,0,0,0,0,0,0,0,,,,,
Trent Taylor,WR,SF,13,SEA,0,0,0,0,0,0,0,0,1,11,0,2,0,0,0,0,0,0,0,0,0,0,,,,,
Trenton Cannon,RB,NYJ,13,TEN,0,0,0,0,0,18,0,4,1,7,0,1,0,0,0,0,0,0,0,0,0,0,,,,,
Trey Burton,TE,CHI,13,NYG,0,0,0,0,0,0,0,0,0,0,0,1,0,0,0,0,0,0,0,0,0,0,,,,,
Ty Montgomery,WR,BAL,13,ATL,0,0,0,0,0,13,0,3,5,42,0,7,0,0,0,0,0,0,0,0,0,0,,,,,
Tyler Boyd,WR,CIN,13,DEN,0,0,0,0,0,0,0,0,6,97,0,8,0,0,0,0,0,0,0,0,0,0,,,,,
Tyler Higbee,TE,LA,13,DET,0,0,0,0,0,0,0,0,2,19,0,4,0,0,0,0,0,0,0,0,0,0,,,,,
Tyler Lockett,WR,SEA,13,SF,0,0,0,0,0,10,0,1,1,52,1,2,0,0,0,0,0,0,0,0,0,0,,,,,
Tyreek Hill,WR,KC,13,LV,0,0,0,0,0,37,0,2,1,13,0,6,0,0,0,0,0,0,0,0,0,0,,,,,
Tyrell Williams,WR,LAC,13,PIT,0,0,0,0,0,0,0,0,1,14,0,2,0,0,0,0,0,0,0,0,0,0,,,,,
Vance McDonald,TE,PIT,13,LAC,0,0,0,0,0,0,0,0,4,28,0,7,0,0,0,0,0,0,0,0,0,0,,,,,
Vernon Davis,TE,WAS,13,PHI,0,0,0,0,0,0,0,0,2,15,0,2,0,0,0,0,0,0,0,0,0,0,,,,,
WAS,DEF,WAS,13,PHI,,,,,,,,,,,,,,,,,,,,,,,0,0,0,0,28.0
Wayne Gallman,RB,NYG,13,CHI,0,0,0,0,0,16,0,5,1,-2,0,2,0,0,0,0,0,0,0,0,0,0,,,,,
Wil Lutz,K,NO,13,DAL,0,0,0,0,0,0,0,0,0,0,0,0,0,0,0,0,0,1,0,0,0,1,,,,,
Willie Snead,WR,BAL,13,ATL,0,0,0,0,0,0,0,0,1,8,0,3,0,0,0,0,0,0,0,0,0,0,,,,,
Zach Ertz,TE,PHI,13,WAS,0,0,0,0,0,0,0,0,9,83,0,10,0,0,0,0,0,0,0,0,0,0,,,,,
Zach Pascal,WR,IND,13,JAX,0,0,0,0,0,2,0,1,1,16,0,1,0,0,0,0,0,0,0,0,0,0,,,,,
Zach Zenner,RB,DET,13,LA,0,0,0,0,0,7,0,1,0,0,0,0,0,0,0,0,0,0,0,0,0,0,,,,,
Zane Gonzalez,K,ARI,13,GB,0,0,0,0,0,0,0,0,0,0,0,0,0,0,0,0,0,0,2,0,0,2,,,,,
Zay Jones,WR,BUF,13,MIA,0,0,0,0,0,0,0,0,4,67,2,9,0,0,1,0,0,0,0,0,0,0,,,,,
ARI,DEF,ARI,14,DET,,,,,,,,,,,,,,,,,,,,,,,0,0,0,0,17.0
ATL,DEF,ATL,14,GB,,,,,,,,,,,,,,,,,,,,,,,0,0,0,0,34.0
Aaron Jones,RB,GB,14,ATL,0,0,0,0,0,78,1,17,3,28,0,3,0,0,0,0,0,0,0,0,0,0,,,,,
Aaron Rodgers,QB,GB,14,ATL,196,2,32,21,0,44,0,3,0,0,0,0,0,0,0,0,0,0,0,0,0,0,,,,,
Adam Humphries,WR,TB,14,NO,0,0,0,0,0,0,0,0,4,42,0,8,0,0,0,0,0,0,0,0,0,0,,,,,
Adam Thielen,WR,MIN,14,SEA,0,0,0,0,0,8,0,1,5,70,0,7,0,0,0,0,0,0,0,0,0,0,,,,,
Adam Vinatieri,K,IND,14,HOU,0,0,0,0,0,0,0,0,0,0,0,0,0,0,0,0,0,0,0,1,0,3,,,,,
Adrian Peterson,RB,WAS,14,NYG,0,0,0,0,0,16,0,10,1,3,0,1,0,0,0,0,0,0,0,0,0,0,,,,,
Alan Cross,TE,TB,14,NO,0,0,0,0,0,0,0,0,0,0,0,0,0,0,0,0,0,0,0,0,0,0,,,,,
Aldrick Robinson,WR,MIN,14,SEA,0,0,0,0,0,0,0,0,0,0,0,1,0,0,0,0,0,0,0,0,0,0,,,,,
Aldrick Rosas,K,NYG,14,WAS,0,0,0,0,0,0,0,0,0,0,0,0,0,0,0,0,1,1,0,0,0,4,,,,,
Alex Armah,RB,CAR,14,CLE,0,0,0,0,0,0,0,1,0,0,0,0,0,0,0,0,0,0,0,0,0,0,,,,,
Alex Erickson,WR,CIN,14,LAC,0,0,0,0,0,14,0,1,0,0,0,0,0,0,0,0,0,0,0,0,0,0,,,,,
Alfred Blue,RB,HOU,14,IND,0,0,0,0,0,21,1,6,0,0,0,1,0,0,0,0,0,0,0,0,0,0,,,,,
Alfred Morris,RB,SF,14,DEN,0,0,0,0,0,4,0,2,1,3,0,1,0,0,0,0,0,0,0,0,0,0,,,,,
Allen Hurns,WR,DAL,14,PHI,0,0,0,0,0,0,0,0,1,9,0,1,0,0,0,0,0,0,0,0,0,0,,,,,
Allen Robinson,WR,CHI,14,LA,0,0,0,0,0,0,0,0,5,42,0,8,0,0,0,0,0,0,0,0,0,0,,,,,
Alshon Jeffery,WR,PHI,14,DAL,0,0,0,0,0,0,0,0,6,50,1,9,0,0,0,0,0,0,0,0,0,0,,,,,
Alvin Kamara,RB,NO,14,TB,0,0,0,0,0,51,0,12,5,36,0,6,0,0,1,0,0,0,0,0,0,0,,,,,
Amari Cooper,WR,DAL,14,PHI,0,0,0,0,0,0,0,0,10,217,3,13,0,0,0,0,0,0,0,0,0,0,,,,,
Ameer Abdullah,RB,MIN,14,SEA,0,0,0,0,0,0,0,0,0,0,0,0,0,0,0,0,0,0,0,0,0,0,,,,,
Andre Roberts,WR,NYJ,14,BUF,0,0,0,0,0,0,0,0,0,0,0,0,0,0,0,0,0,0,0,0,0,0,,,,,
Andrew Luck,QB,IND,14,HOU,399,2,41,27,1,16,0,6,0,0,0,0,0,0,0,0,0,0,0,0,0,0,,,,,
Andy Jones,WR,DET,14,ARI,0,0,0,0,0,0,0,0,1,5,0,2,0,0,0,0,0,0,0,0,0,0,,,,,
Anthony Firkser,TE,TEN,14,JAX,0,0,0,0,0,0,0,0,3,27,0,3,0,0,0,0,0,0,0,0,0,0,,,,,
Anthony Miller,WR,CHI,14,LA,0,0,0,0,0,0,0,0,0,0,0,1,0,0,0,0,0,0,0,0,0,0,,,,,
Antonio Brown,WR,PIT,14,LV,0,0,0,0,0,0,0,0,5,35,0,7,0,0,0,0,0,0,0,0,0,0,,,,,
Antonio Callaway,WR,CLE,14,CAR,0,0,0,0,0,0,0,0,1,0,0,1,0,0,0,0,0,0,0,0,0,0,,,,,
Antonio Gates,TE,LAC,14,CIN,0,0,0,0,0,0,0,0,2,19,0,2,0,0,0,0,0,0,0,0,0,0,,,,,
Antony Auclair,TE,TB,14,NO,0,0,0,0,0,0,0,0,1,12,0,1,0,0,0,0,0,0,0,0,0,0,,,,,
Austin Ekeler,RB,LAC,14,CIN,0,0,0,0,0,66,1,15,2,28,0,5,0,0,0,0,0,0,0,0,0,0,,,,,
Austin Hooper,TE,ATL,14,GB,0,0,0,0,0,0,0,0,4,37,0,6,0,0,0,0,0,0,0,0,0,0,,,,,
BAL,DEF,BAL,14,KC,,,,,,,,,,,,,,,,,,,,,,,0,0,0,0,27.0
BUF,DEF,BUF,14,NYJ,,,,,,,,,,,,,,,,,,,,,,,0,0,0,0,27.0
Baker Mayfield,QB,CLE,14,CAR,238,1,22,18,0,2,0,4,0,0,0,0,0,0,0,0,0,0,0,0,0,0,,,,,
Ben Braunecker,TE,CHI,14,LA,0,0,0,0,0,0,0,0,0,0,0,0,0,0,0,0,0,0,0,0,0,0,,,,,
Ben Roethlisberger,QB,PIT,14,LV,282,2,29,25,0,0,0,0,0,0,0,0,0,0,0,0,0,0,0,0,0,0,,,,,
Benjamin Watson,TE,NO,14,TB,0,0,0,0,0,0,0,0,3,24,0,3,0,0,0,0,0,0,0,0,0,0,,,,,
Bennie Fowler,WR,NYG,14,WAS,0,0,0,0,0,0,0,0,1,6,1,1,0,0,0,0,0,0,0,0,0,0,,,,,
Benny Cunningham,RB,CHI,14,LA,0,0,0,0,0,0,0,0,0,0,0,0,0,0,0,0,0,0,0,0,0,0,,,,,
Blake Bell,TE,JAX,14,TEN,0,0,0,0,0,0,0,0,2,16,0,2,0,0,0,0,0,0,0,0,0,0,,,,,
Blake Jarwin,TE,DAL,14,PHI,0,0,0,0,0,0,0,0,7,56,0,7,0,0,0,0,0,0,0,0,0,0,,,,,
Bobo Wilson,WR,TB,14,NO,0,0,0,0,0,0,0,0,1,8,0,1,0,0,0,0,0,0,0,0,0,0,,,,,
Bradley Sowell,TE,CHI,14,LA,0,0,0,0,0,0,0,0,1,2,1,1,0,0,0,0,0,0,0,0,0,0,,,,,
Brandin Cooks,WR,LA,14,CHI,0,0,0,0,0,0,0,0,3,22,0,8,0,0,0,0,0,0,0,0,0,0,,,,,
Brandon Bolden,RB,MIA,14,NE,0,0,0,0,0,60,2,2,1,0,0,1,0,0,0,0,0,0,0,0,0,0,,,,,
Brandon McManus,K,DEN,14,SF,0,0,0,0,0,0,0,0,0,0,0,0,0,0,0,0,0,0,0,0,0,2,,,,,
Brendan Langley,WR,DEN,14,SF,0,0,0,0,0,0,0,0,0,0,0,0,0,0,0,0,0,0,0,0,0,0,,,,,
Breshad Perriman,WR,CLE,14,CAR,0,0,0,0,0,0,0,0,2,81,0,2,0,0,0,0,0,0,0,0,0,0,,,,,
Brett Maher,K,DAL,14,PHI,0,0,0,0,0,0,0,0,0,0,0,0,0,0,0,0,2,0,0,0,1,2,,,,,
Brian Hill,RB,ATL,14,GB,0,0,0,0,0,5,0,1,0,0,0,0,0,0,0,0,0,0,0,0,0,0,,,,,
Brian Parker,TE,DEN,14,SF,0,0,0,0,0,0,0,0,1,5,0,2,0,0,0,0,0,0,0,0,0,0,,,,,
Brice Butler,WR,MIA,14,NE,0,0,0,0,0,0,0,0,1,23,1,1,0,0,0,0,0,0,0,0,0,0,,,,,
Brock Osweiler,QB,MIA,14,NE,0,0,0,0,0,0,0,0,0,0,0,0,0,0,0,0,0,0,0,0,0,0,,,,,
Bruce Ellington,WR,DET,14,ARI,0,0,0,0,0,0,0,0,4,17,0,4,0,0,0,0,0,0,0,0,0,0,,,,,
Byron Marshall,RB,WAS,14,NYG,0,0,0,0,0,4,0,1,3,13,0,3,0,0,0,0,0,0,0,0,0,0,,,,,
C.J. Uzomah,TE,CIN,14,LAC,0,0,0,0,0,0,0,0,3,37,0,3,0,0,0,0,0,0,0,0,0,0,,,,,
CAR,DEF,CAR,14,CLE,,,,,,,,,,,,,,,,,,,,,,,0,0,0,0,26.0
CHI,DEF,CHI,14,LA,,,,,,,,,,,,,,,,,,,,,,,0,1,0,0,6.0
CIN,DEF,CIN,14,LAC,,,,,,,,,,,,,,,,,,,,,,,0,0,0,0,26.0
CLE,DEF,CLE,14,CAR,,,,,,,,,,,,,,,,,,,,,,,0,0,0,0,20.0
Cairo Santos,K,TB,14,NO,0,0,0,0,0,0,0,0,0,0,0,0,0,0,0,0,0,0,0,0,0,2,,,,,
Calvin Ridley,WR,ATL,14,GB,0,0,0,0,0,0,0,0,1,10,0,4,0,0,0,0,0,0,0,0,0,0,,,,,
Cam Newton,QB,CAR,14,CLE,265,0,42,26,1,23,0,5,0,0,0,0,0,0,0,0,0,0,0,0,0,0,,,,,
Cameron Artis-Payne,RB,CAR,14,CLE,0,0,0,0,0,5,0,1,0,0,0,0,0,0,0,0,0,0,0,0,0,0,,,,,
Cameron Batson,WR,TEN,14,JAX,0,0,0,0,0,0,0,0,0,0,0,0,0,0,0,0,0,0,0,0,0,0,,,,,
Cameron Brate,TE,TB,14,NO,0,0,0,0,0,0,0,0,2,12,2,4,0,0,0,0,0,0,0,0,0,0,,,,,
Carlos Hyde,RB,JAX,14,TEN,0,0,0,0,0,0,0,0,1,-3,0,1,0,0,0,0,0,0,0,0,0,0,,,,,
Carson Wentz,QB,PHI,14,DAL,228,3,32,22,0,-3,0,4,0,0,0,0,0,0,0,0,0,0,0,0,0,0,,,,,
Case Keenum,QB,DEN,14,SF,186,1,42,24,0,24,0,4,0,0,0,0,0,0,0,0,0,0,0,0,0,0,,,,,
Chandler Catanzaro,K,CAR,14,CLE,0,0,0,0,0,0,0,0,0,0,0,0,0,0,0,0,0,2,0,0,0,2,,,,,
Charles Clay,TE,BUF,14,NYJ,0,0,0,0,0,0,0,0,1,6,0,2,0,0,0,0,0,0,0,0,0,0,,,,,
Chase Edmonds,RB,ARI,14,DET,0,0,0,0,0,14,0,3,0,0,0,0,0,0,0,0,0,0,0,0,0,0,,,,,
Chester Rogers,WR,IND,14,HOU,0,0,0,0,0,0,0,0,5,36,0,6,0,0,0,0,0,0,0,0,0,0,,,,,
Chris Boswell,K,PIT,14,LV,0,0,0,0,0,0,0,0,0,0,0,0,0,0,0,0,0,0,0,0,0,3,,,,,
Chris Carson,RB,SEA,14,MIN,0,0,0,0,0,90,1,22,0,0,0,0,0,0,0,0,0,0,0,0,0,0,,,,,
Chris Conley,WR,KC,14,BAL,0,0,0,0,0,0,0,0,2,13,0,3,0,0,0,0,0,0,0,0,0,0,,,,,
Chris Godwin Jr.,WR,TB,14,NO,0,0,0,0,0,0,0,0,1,13,0,10,0,0,0,0,0,0,0,0,0,0,,,,,
Chris Herndon,TE,NYJ,14,BUF,0,0,0,0,0,0,0,0,1,14,0,2,0,0,0,0,0,0,0,0,0,0,,,,,
Chris Hogan,WR,NE,14,MIA,0,0,0,0,0,0,0,0,0,0,0,1,0,0,0,0,0,0,0,0,0,0,,,,,
Chris Ivory,RB,BUF,14,NYJ,0,0,0,0,0,42,0,12,0,0,0,1,0,0,0,0,0,0,0,0,0,0,,,,,
Chris Moore,WR,BAL,14,KC,0,0,0,0,0,0,0,0,0,0,0,2,0,0,0,0,0,0,0,0,0,0,,,,,
Chris Thompson,RB,WAS,14,NYG,0,0,0,0,0,23,0,3,3,15,0,5,0,0,0,0,0,0,0,0,0,0,,,,,
Christian McCaffrey,RB,CAR,14,CLE,0,0,0,0,0,63,2,16,6,38,0,7,0,0,0,0,0,0,0,0,0,0,,,,,
Cody Core,WR,CIN,14,LAC,0,0,0,0,0,0,0,0,3,30,0,4,0,0,0,0,0,0,0,0,0,0,,,,,
Cody Kessler,QB,JAX,14,TEN,240,1,43,25,0,17,0,5,0,0,0,0,0,0,0,0,0,0,0,0,0,0,,,,,
Cody Parkey,K,CHI,14,LA,0,0,0,0,0,0,0,0,0,0,0,0,0,0,0,0,0,2,0,0,0,1,,,,,
Cole Beasley,WR,DAL,14,PHI,0,0,0,0,0,0,0,0,2,18,0,4,0,0,0,0,0,0,0,0,0,0,,,,,
Cordarrelle Patterson,RB,NE,14,MIA,0,0,0,0,0,0,0,0,2,51,1,3,0,0,0,0,0,0,0,0,0,0,,,,,
Corey Clement,RB,PHI,14,DAL,0,0,0,0,0,-4,0,1,0,0,0,0,0,0,0,0,0,0,0,0,0,0,,,,,
Corey Coleman,WR,NYG,14,WAS,0,0,0,0,0,0,0,0,2,43,0,2,0,0,0,0,0,0,0,0,0,0,,,,,
Corey Davis,WR,TEN,14,JAX,0,0,0,0,0,0,0,1,2,21,0,3,0,0,0,0,0,0,0,0,0,0,,,,,
Courtland Sutton,WR,DEN,14,SF,0,0,0,0,0,-1,0,1,2,14,0,6,0,0,0,0,0,0,0,0,0,0,,,,,
Curtis Samuel,WR,CAR,14,CLE,0,0,0,0,0,0,0,0,4,80,0,8,0,0,0,0,0,0,0,0,0,0,,,,,
DAL,DEF,DAL,14,PHI,,,,,,,,,,,,,,,,,,,,,,,0,0,0,0,23.0
DEN,DEF,DEN,14,SF,,,,,,,,,,,,,,,,,,,,,,,0,0,0,0,20.0
DET,DEF,DET,14,ARI,,,,,,,,,,,,,,,,,,,,,,,1,0,0,0,3.0
DJ Moore,WR,CAR,14,CLE,0,0,0,0,0,0,0,1,5,67,0,8,0,0,0,0,0,0,0,0,0,0,,,,,
DaeSean Hamilton,WR,DEN,14,SF,0,0,0,0,0,0,0,0,7,47,1,9,0,0,0,0,0,0,0,0,0,0,,,,,
Dak Prescott,QB,DAL,14,PHI,455,3,54,42,2,2,0,4,0,0,0,0,0,0,0,0,0,0,0,0,0,0,,,,,
Dallas Goedert,TE,PHI,14,DAL,0,0,0,0,0,0,0,0,4,44,1,5,0,0,0,0,0,0,0,0,0,0,,,,,
Dalton Schultz,TE,DAL,14,PHI,0,0,0,0,0,0,0,0,3,37,0,3,0,0,0,0,0,0,0,0,0,0,,,,,
Dalvin Cook,RB,MIN,14,SEA,0,0,0,0,0,55,0,13,5,28,1,7,0,0,0,0,0,0,0,0,0,0,,,,,
Damien Williams,RB,KC,14,BAL,0,0,0,0,0,14,1,8,4,16,1,5,0,0,0,0,0,0,0,0,0,0,,,,,
Dan Bailey,K,MIN,14,SEA,0,0,0,0,0,0,0,0,0,0,0,0,0,0,0,0,0,0,0,0,0,1,,,,,
Daniel Carlson,K,LV,14,PIT,0,0,0,0,0,0,0,0,0,0,0,0,0,0,0,0,0,0,1,0,0,3,,,,,
Danny Amendola,WR,MIA,14,NE,0,0,0,0,0,0,0,0,1,10,0,1,0,0,0,0,0,0,0,0,0,0,,,,,
Dante Pettis,WR,SF,14,DEN,0,0,0,0,0,0,0,0,3,49,1,7,0,0,0,0,0,0,0,0,0,0,,,,,
Darius Jennings,WR,TEN,14,JAX,0,0,0,0,0,0,0,0,0,0,0,0,0,0,0,0,0,0,0,0,0,0,,,,,
Darrel Williams,RB,KC,14,BAL,0,0,0,0,0,0,0,0,1,8,0,1,0,0,0,0,0,0,0,0,0,0,,,,,
Darren Sproles,RB,PHI,14,DAL,0,0,0,0,0,2,0,1,3,34,1,3,0,0,0,0,0,0,0,0,0,0,,,,,
Darren Waller,TE,LV,14,PIT,0,0,0,0,0,0,0,0,0,0,0,0,0,0,0,0,0,0,0,0,0,0,,,,,
Darrius Heyward-Bey,WR,PIT,14,LV,0,0,0,0,0,-7,0,1,0,0,0,0,0,0,0,0,0,0,0,0,0,0,,,,,
Davante Adams,WR,GB,14,ATL,0,0,0,0,0,0,0,0,7,81,1,11,0,0,0,0,0,0,0,0,0,0,,,,,
David Johnson,RB,ARI,14,DET,0,0,0,0,0,49,0,15,8,12,0,10,0,0,0,0,0,0,0,0,0,0,,,,,
David Moore,WR,SEA,14,MIN,0,0,0,0,0,0,0,0,0,0,0,5,0,0,0,0,0,0,0,0,0,0,,,,,
David Njoku,TE,CLE,14,CAR,0,0,0,0,0,0,0,0,3,35,0,4,0,0,0,0,0,0,0,0,0,0,,,,,
DeAndre Carter,WR,HOU,14,IND,0,0,0,0,0,0,0,0,1,0,0,1,0,0,0,0,0,0,0,0,0,0,,,,,
DeAndre Hopkins,WR,HOU,14,IND,0,0,0,0,0,0,0,0,4,36,1,10,0,0,0,0,0,0,0,0,0,0,,,,,
DeShone Kizer,QB,GB,14,ATL,0,0,0,0,0,-1,0,1,0,0,0,0,0,0,0,0,0,0,0,0,0,0,,,,,
DeVante Parker,WR,MIA,14,NE,0,0,0,0,0,0,0,0,1,18,0,4,0,0,0,0,0,0,0,0,0,0,,,,,
Dede Westbrook,WR,JAX,14,TEN,0,0,0,0,0,0,0,0,7,88,1,10,0,0,0,0,0,0,0,0,0,0,,,,,
Demarcus Robinson,WR,KC,14,BAL,0,0,0,0,0,0,0,0,5,42,0,7,0,0,0,0,0,0,0,0,0,0,,,,,
Demaryius Thomas,WR,HOU,14,IND,0,0,0,0,0,0,0,0,4,48,0,6,0,0,0,0,0,0,0,0,0,0,,,,,
Demetrius Harris,TE,KC,14,BAL,0,0,0,0,0,0,0,0,3,28,0,3,0,0,0,0,0,0,0,0,0,0,,,,,
Deonte Thompson,WR,BUF,14,NYJ,0,0,0,0,0,0,0,0,1,14,0,2,0,0,0,0,0,0,0,0,0,0,,,,,
Derek Carr,QB,LV,14,PIT,322,2,34,25,0,-1,0,1,0,0,0,0,0,0,0,0,0,0,0,0,0,0,,,,,
Derek Carrier,TE,LV,14,PIT,0,0,0,0,0,0,0,0,2,29,1,2,0,0,0,0,0,0,0,0,0,0,,,,,
Derrick Henry,RB,TEN,14,JAX,0,0,0,0,0,238,4,17,0,0,0,0,0,0,0,0,0,0,0,0,0,0,,,,,
Deshaun Watson,QB,HOU,14,IND,267,1,38,27,0,35,0,5,0,0,0,0,0,0,0,0,0,0,0,0,0,0,,,,,
Detrez Newsome,RB,LAC,14,CIN,0,0,0,0,0,0,0,0,0,0,0,0,0,0,0,0,0,0,0,0,0,0,,,,,
Devin Funchess,WR,CAR,14,CLE,0,0,0,0,0,0,0,0,0,0,0,3,0,0,0,0,0,0,0,0,0,0,,,,,
Devontae Booker,RB,DEN,14,SF,0,0,0,0,0,0,0,0,2,11,0,2,0,0,0,0,0,0,0,0,0,0,,,,,
Dion Lewis,RB,TEN,14,JAX,0,0,0,0,0,13,0,10,5,39,0,5,0,0,0,0,0,0,0,0,0,0,,,,,
Donte Moncrief,WR,JAX,14,TEN,0,0,0,0,0,0,0,0,5,47,0,10,0,0,0,0,0,0,0,0,0,0,,,,,
Dontrell Hilliard,RB,CLE,14,CAR,0,0,0,0,0,0,0,0,2,20,0,2,0,0,0,0,0,0,0,0,0,0,,,,,
Doug Martin,RB,LV,14,PIT,0,0,0,0,0,32,1,16,0,0,0,0,0,0,0,0,0,0,0,0,0,0,,,,,
Drew Brees,QB,NO,14,TB,201,1,31,24,1,-1,1,3,0,0,0,0,0,0,0,0,0,0,0,0,0,0,,,,,
Duke Johnson,RB,CLE,14,CAR,0,0,0,0,0,-6,0,2,0,0,0,0,0,0,0,0,0,0,0,0,0,0,,,,,
Durham Smythe,TE,MIA,14,NE,0,0,0,0,0,0,0,0,0,0,0,0,0,0,0,0,0,0,0,0,0,0,,,,,
Dustin Hopkins,K,WAS,14,NYG,0,0,0,0,0,0,0,0,0,0,0,0,0,0,0,0,0,0,0,0,0,0,,,,,
Dwayne Harris,WR,LV,14,PIT,0,0,0,0,0,0,0,0,0,0,0,0,0,0,0,0,0,0,0,0,0,0,,,,,
Dwayne Washington,RB,NO,14,TB,0,0,0,0,0,0,0,0,0,0,0,0,0,0,0,0,0,0,0,0,0,0,,,,,
Ed Dickson,TE,SEA,14,MIN,0,0,0,0,0,0,0,0,1,4,0,1,0,0,0,0,0,0,0,0,0,0,,,,,
Eli Manning,QB,NYG,14,WAS,197,3,22,14,0,0,0,0,0,0,0,0,0,0,0,0,0,0,0,0,0,0,,,,,
Elijah McGuire,RB,NYJ,14,BUF,0,0,0,0,0,60,1,17,3,23,0,4,0,0,0,0,0,0,0,0,0,0,,,,,
Equanimeous St. Brown,WR,GB,14,ATL,0,0,0,0,0,0,0,0,2,12,0,3,0,0,0,0,0,0,0,0,0,0,,,,,
Eric Ebron,TE,IND,14,HOU,0,0,0,0,0,0,0,0,4,65,1,8,0,0,0,0,0,0,0,0,0,0,,,,,
Eric Saubert,TE,ATL,14,GB,0,0,0,0,0,0,0,0,2,15,0,3,0,0,0,0,0,0,0,0,0,0,,,,,
Eric Tomlinson,TE,NYJ,14,BUF,0,0,0,0,0,0,0,0,0,0,0,0,0,0,0,0,0,0,0,0,0,0,,,,,
Erik Swoope,TE,IND,14,HOU,0,0,0,0,0,0,0,0,0,0,0,1,0,0,0,0,0,0,0,0,0,0,,,,,
Evan Engram,TE,NYG,14,WAS,0,0,0,0,0,0,0,0,3,77,0,5,0,0,0,0,0,0,0,0,0,0,,,,,
Ezekiel Elliott,RB,DAL,14,PHI,0,0,0,0,0,113,0,28,12,79,0,13,0,0,0,0,0,0,0,0,0,0,,,,,
Frank Gore,RB,MIA,14,NE,0,0,0,0,0,92,0,12,1,24,0,1,0,0,0,0,0,0,0,0,0,0,,,,,
GB,DEF,GB,14,ATL,,,,,,,,,,,,,,,,,,,,,,,1,0,0,0,20.0
Garrett Celek,TE,SF,14,DEN,0,0,0,0,0,0,0,0,0,0,0,1,0,0,0,0,0,0,0,0,0,0,,,,,
George Kittle,TE,SF,14,DEN,0,0,0,0,0,0,0,0,7,210,1,9,0,0,0,0,0,0,0,0,0,0,,,,,
Gerald Everett,TE,LA,14,CHI,0,0,0,0,0,0,0,0,4,29,0,7,0,0,0,0,0,0,0,0,0,0,,,,,
Giovani Bernard,RB,CIN,14,LAC,0,0,0,0,0,7,0,3,2,13,0,2,0,0,0,0,0,0,0,0,0,0,,,,,
Golden Tate,WR,PHI,14,DAL,0,0,0,0,0,0,0,0,1,7,0,3,0,0,0,0,0,0,0,0,0,0,,,,,
Greg Joseph,K,CLE,14,CAR,0,0,0,0,0,0,0,0,0,0,0,0,0,0,0,0,0,0,2,0,0,2,,,,,
Greg Zuerlein,K,LA,14,CHI,0,0,0,0,0,0,0,0,0,0,0,0,0,0,0,0,1,0,0,1,0,0,,,,,
Gus Edwards,RB,BAL,14,KC,0,0,0,0,0,67,0,16,0,0,0,0,0,0,0,0,0,0,0,0,0,0,,,,,
HOU,DEF,HOU,14,IND,,,,,,,,,,,,,,,,,,,,,,,0,0,0,0,24.0
Harrison Butker,K,KC,14,BAL,0,0,0,0,0,0,0,0,0,0,0,0,0,0,0,0,1,1,0,0,0,3,,,,,
IND,DEF,IND,14,HOU,,,,,,,,,,,,,,,,,,,,,,,0,0,0,0,21.0
Ian Thomas,TE,CAR,14,CLE,0,0,0,0,0,0,0,0,9,77,0,11,0,0,0,0,0,0,0,0,0,0,,,,,
Isaiah Crowell,RB,NYJ,14,BUF,0,0,0,0,0,5,0,2,1,2,0,1,0,0,0,0,0,0,0,0,0,0,,,,,
Isaiah McKenzie,WR,BUF,14,NYJ,0,0,0,0,0,22,1,4,4,47,0,7,0,0,0,0,0,0,0,0,0,0,,,,,
Ito Smith,RB,ATL,14,GB,0,0,0,0,0,60,0,11,3,14,0,4,0,0,0,0,0,0,0,0,0,0,,,,,
J'Mon Moore,WR,GB,14,ATL,0,0,0,0,0,0,0,0,0,0,0,0,0,0,0,0,0,0,0,0,0,0,,,,,
J.J. Nelson,WR,ARI,14,DET,0,0,0,0,0,-5,0,1,3,43,0,7,0,0,0,0,0,0,0,0,0,0,,,,,
JAX,DEF,JAX,14,TEN,,,,,,,,,,,,,,,,,,,,,,,0,1,0,0,30.0
Jacob Hollister,TE,NE,14,MIA,0,0,0,0,0,0,0,0,0,0,0,0,0,0,0,0,0,0,0,0,0,0,,,,,
Jacquizz Rodgers,RB,TB,14,NO,0,0,0,0,0,16,0,4,4,38,0,5,0,0,0,0,0,0,0,0,0,0,,,,,
Jake Elliott,K,PHI,14,DAL,0,0,0,0,0,0,0,0,0,0,0,0,0,0,0,0,1,0,0,0,0,2,,,,,
Jake Kumerow,WR,GB,14,ATL,0,0,0,0,0,0,0,0,0,0,0,0,0,0,0,0,0,0,0,0,0,0,,,,,
Jalen Richard,RB,LV,14,PIT,0,0,0,0,0,24,0,8,1,5,0,1,0,0,0,0,0,0,0,0,0,0,,,,,
Jalen Tolliver,WR,ARI,14,DET,0,0,0,0,0,0,0,0,2,22,0,2,0,0,0,0,0,0,0,0,0,0,,,,,
Jamaal Williams,RB,GB,14,ATL,0,0,0,0,0,17,0,4,0,0,0,1,0,0,0,0,0,0,0,0,0,0,,,,,
Jameis Winston,QB,TB,14,NO,213,2,38,18,1,47,0,5,0,0,0,0,0,0,0,0,0,0,0,0,0,0,,,,,
James O'Shaughnessy,TE,JAX,14,TEN,0,0,0,0,0,0,0,0,3,12,0,4,0,0,0,0,0,0,0,0,0,0,,,,,
James Washington,WR,PIT,14,LV,0,0,0,0,0,0,0,0,2,11,0,4,0,0,0,0,0,0,0,0,0,0,,,,,
James White,RB,NE,14,MIA,0,0,0,0,0,13,0,4,2,15,0,4,0,0,0,0,0,0,0,0,0,0,,,,,
Jamison Crowder,WR,WAS,14,NYG,0,0,0,0,0,0,0,0,2,87,1,7,0,0,0,0,0,0,0,0,0,0,,,,,
Jared Cook,TE,LV,14,PIT,0,0,0,0,0,0,0,0,7,116,0,10,0,0,0,0,0,0,0,0,0,0,,,,,
Jared Goff,QB,LA,14,CHI,180,0,44,20,4,5,0,1,0,0,0,0,0,0,0,0,0,0,0,0,0,0,,,,,
Jarius Wright,WR,CAR,14,CLE,0,0,0,0,0,5,0,1,3,36,0,5,0,0,0,0,0,0,0,0,0,0,,,,,
Jaron Brown,WR,SEA,14,MIN,0,0,0,0,0,0,0,0,1,0,0,1,0,0,0,0,0,0,0,0,0,0,,,,,
Jarvis Landry,WR,CLE,14,CAR,0,0,1,0,0,54,1,2,3,57,1,4,0,0,0,0,0,0,0,0,0,0,,,,,
Jason Myers,K,NYJ,14,BUF,0,0,0,0,0,0,0,0,0,0,0,0,0,0,0,0,1,0,1,0,0,3,,,,,
Jason Sanders,K,MIA,14,NE,0,0,0,0,0,0,0,0,0,0,0,0,0,0,0,0,0,0,0,0,0,4,,,,,
Javorius Allen,RB,BAL,14,KC,0,0,0,0,0,0,0,0,0,0,0,0,0,0,0,0,0,0,0,0,0,0,,,,,
Jawill Davis,WR,NYG,14,WAS,0,0,0,0,0,0,0,0,0,0,0,0,0,0,0,0,0,0,0,0,0,0,,,,,
Jaylen Samuels,RB,PIT,14,LV,0,0,0,0,0,28,0,11,7,64,0,7,0,0,0,0,0,0,0,0,0,0,,,,,
Jeff Driskel,QB,CIN,14,LAC,170,1,27,18,0,12,0,2,0,0,0,0,0,0,0,0,0,0,0,0,0,0,,,,,
Jeff Wilson,RB,SF,14,DEN,0,0,0,0,0,90,0,23,1,6,0,2,0,0,0,0,0,0,0,0,0,0,,,,,
Jehu Chesson,WR,WAS,14,NYG,0,0,0,0,0,-4,0,1,0,0,0,0,0,0,0,0,0,0,0,0,0,0,,,,,
Jermaine Gresham,TE,ARI,14,DET,0,0,0,0,0,0,0,0,0,0,0,1,0,0,0,0,0,0,0,0,0,0,,,,,
Jermaine Kearse,WR,NYJ,14,BUF,0,0,0,0,0,0,0,0,1,10,0,2,0,0,0,0,0,0,0,0,0,0,,,,,
Jesse James,TE,PIT,14,LV,0,0,0,0,0,0,0,0,2,28,0,2,0,0,0,0,0,0,0,0,0,0,,,,,
Jimmy Graham,TE,GB,14,ATL,0,0,0,0,0,0,0,0,2,13,0,5,0,0,0,0,0,0,0,0,0,0,,,,,
JoJo Natson,WR,LA,14,CHI,0,0,0,0,0,0,0,0,0,0,0,0,0,0,0,0,0,0,0,0,0,0,,,,,
Joe Mixon,RB,CIN,14,LAC,0,0,0,0,0,111,1,26,5,27,0,6,0,0,0,0,0,0,0,0,0,0,,,,,
Joe Webb,QB,HOU,14,IND,0,0,0,0,0,0,0,0,2,13,0,3,0,0,0,0,0,0,0,0,0,0,,,,,
John Brown,WR,BAL,14,KC,0,0,0,0,0,0,0,0,2,23,1,6,0,0,0,0,0,0,0,0,0,0,,,,,
John Kelly,RB,LA,14,CHI,0,0,0,0,0,0,0,0,0,0,0,0,0,0,0,0,0,0,0,0,0,0,,,,,
John Ross,WR,CIN,14,LAC,0,0,0,0,0,0,0,0,2,11,1,4,0,0,0,0,0,0,0,0,0,0,,,,,
Jordan Akins,TE,HOU,14,IND,0,0,0,0,0,0,0,0,2,40,0,2,0,0,0,0,0,0,0,0,0,0,,,,,
Jordan Howard,RB,CHI,14,LA,0,0,0,0,0,101,0,19,1,2,0,1,0,0,0,0,0,0,0,0,0,0,,,,,
Jordan Leggett,TE,NYJ,14,BUF,0,0,0,0,0,0,0,0,1,13,0,2,0,0,0,0,0,0,0,0,0,0,,,,,
Jordan Matthews,TE,PHI,14,DAL,0,0,0,0,0,0,0,0,1,6,0,1,0,0,0,0,0,0,0,0,0,0,,,,,
Jordan Reed,TE,WAS,14,NYG,0,0,0,0,0,0,0,0,0,0,0,1,0,0,0,0,0,0,0,0,0,0,,,,,
Jordy Nelson,WR,LV,14,PIT,0,0,0,0,0,0,0,0,6,48,0,7,0,0,0,0,0,0,0,0,0,0,,,,,
Josh Adams,RB,PHI,14,DAL,0,0,0,0,0,36,0,7,0,0,0,0,0,0,0,0,0,0,0,0,0,0,,,,,
Josh Allen,QB,BUF,14,NYJ,206,0,36,18,2,101,1,9,0,0,0,1,0,0,0,0,0,0,0,0,0,0,,,,,
Josh Bellamy,WR,CHI,14,LA,0,0,0,0,0,0,0,0,0,0,0,1,0,0,0,0,0,0,0,0,0,0,,,,,
Josh Doctson,WR,WAS,14,NYG,0,0,0,0,0,0,0,0,4,84,0,5,0,0,0,0,0,0,0,0,0,0,,,,,
Josh Gordon,WR,NE,14,MIA,0,0,0,0,0,0,0,0,5,96,0,9,0,0,0,0,0,0,0,0,0,0,,,,,
Josh Hill,TE,NO,14,TB,0,0,0,0,0,0,0,0,0,0,0,1,0,0,0,0,0,0,0,0,0,0,,,,,
Josh Johnson,QB,WAS,14,NYG,195,1,16,11,1,45,1,7,0,0,0,0,0,0,2,0,0,0,0,0,0,0,,,,,
Josh Lambo,K,JAX,14,TEN,0,0,0,0,0,0,0,0,0,0,0,0,0,0,0,0,0,0,0,0,0,1,,,,,
Josh McCown,QB,NYJ,14,BUF,0,0,1,0,0,0,0,0,0,0,0,0,0,0,0,0,0,0,0,0,0,0,,,,,
Josh Reynolds,WR,LA,14,CHI,0,0,0,0,0,0,0,0,3,36,0,7,0,0,0,0,0,0,0,0,0,0,,,,,
Josh Rosen,QB,ARI,14,DET,240,0,41,26,1,3,0,2,0,0,0,0,0,0,0,0,0,0,0,0,0,0,,,,,
Joshua Dobbs,QB,PIT,14,LV,24,0,9,4,1,15,0,2,0,0,0,0,0,0,0,0,0,0,0,0,0,0,,,,,
JuJu Smith-Schuster,WR,PIT,14,LV,0,0,0,0,0,0,0,0,8,130,2,12,0,0,0,0,0,0,0,0,0,0,,,,,
Julian Edelman,WR,NE,14,MIA,0,0,0,0,0,0,0,0,9,86,1,12,0,0,0,0,0,0,0,0,0,0,,,,,
Julio Jones,WR,ATL,14,GB,0,0,0,0,0,0,0,0,8,106,2,11,0,0,0,0,0,0,0,0,0,0,,,,,
Justin Davis,RB,LA,14,CHI,0,0,0,0,0,19,0,1,0,0,0,0,0,0,0,0,0,0,0,0,0,0,,,,,
Justin Hardy,WR,ATL,14,GB,0,0,0,0,0,0,0,0,3,30,1,4,0,0,0,0,0,0,0,0,0,0,,,,,
Justin Jackson,RB,LAC,14,CIN,0,0,0,0,0,12,0,7,2,23,0,2,0,0,0,0,0,0,0,0,0,0,,,,,
Justin Tucker,K,BAL,14,KC,0,0,0,0,0,0,0,0,0,0,0,0,0,0,0,0,1,0,0,0,0,3,,,,,
Justin Watson,WR,TB,14,NO,0,0,0,0,0,0,0,0,0,0,0,0,0,0,0,0,0,0,0,0,0,0,,,,,
KC,DEF,KC,14,BAL,,,,,,,,,,,,,,,,,,,,,,,0,0,0,0,24.0
Ka'imi Fairbairn,K,HOU,14,IND,0,0,0,0,0,0,0,0,0,0,0,0,0,0,0,0,0,0,0,0,0,3,,,,,
Kalen Ballage,RB,MIA,14,NE,0,0,0,0,0,0,0,0,0,0,0,0,0,0,0,0,0,0,0,0,0,0,,,,,
Keelan Cole,WR,JAX,14,TEN,0,0,0,0,0,0,0,0,3,55,0,7,0,0,0,0,0,0,0,0,0,0,,,,,
Keenan Allen,WR,LAC,14,CIN,0,0,0,0,0,0,0,1,5,78,1,8,0,0,0,0,0,0,0,0,0,0,,,,,
Keith Kirkwood,WR,NO,14,TB,0,0,0,0,0,0,0,0,2,21,0,2,0,0,0,0,0,0,0,0,0,0,,,,,
Kendrick Bourne,WR,SF,14,DEN,0,0,0,0,0,0,0,0,2,22,0,4,0,0,0,0,0,0,0,0,0,0,,,,,
Kenjon Barner,RB,CAR,14,CLE,0,0,0,0,0,0,0,0,0,0,0,0,0,0,0,0,0,0,0,0,0,0,,,,,
Kenneth Dixon,RB,BAL,14,KC,0,0,0,0,0,59,1,8,1,21,0,1,0,0,0,0,0,0,0,0,0,0,,,,,
Kenny Golladay,WR,DET,14,ARI,0,0,0,0,0,0,0,0,2,5,0,4,0,0,0,0,0,0,0,0,0,0,,,,,
Kenny Stills,WR,MIA,14,NE,0,0,0,0,0,0,0,0,8,135,1,9,0,0,0,0,0,0,0,0,0,0,,,,,
Kenyan Drake,RB,MIA,14,NE,0,0,0,0,0,24,0,6,1,55,1,1,0,0,0,0,0,0,0,0,0,0,,,,,
Kirk Cousins,QB,MIN,14,SEA,208,1,33,20,0,5,0,3,0,0,0,0,0,0,0,0,0,0,0,0,0,0,,,,,
Kyle Juszczyk,RB,SF,14,DEN,0,0,0,0,0,0,0,0,2,21,0,3,0,0,0,0,0,0,0,0,0,0,,,,,
Kyle Lauletta,QB,NYG,14,WAS,0,0,5,0,1,-2,0,1,0,0,0,0,0,0,0,0,0,0,0,0,0,0,,,,,
Kyle Rudolph,TE,MIN,14,SEA,0,0,0,0,0,0,0,0,2,7,0,5,0,0,0,0,0,0,0,0,0,0,,,,,
LA,DEF,LA,14,CHI,,,,,,,,,,,,,,,,,,,,,,,0,0,0,0,15.0
LAC,DEF,LAC,14,CIN,,,,,,,,,,,,,,,,,,,,,,,0,0,0,0,21.0
LV,DEF,LV,14,PIT,,,,,,,,,,,,,,,,,,,,,,,0,0,0,0,0.0
Lamar Jackson,QB,BAL,14,KC,147,2,24,13,0,67,0,14,0,0,0,0,0,0,0,0,0,0,0,0,0,0,,,,,
Lamar Miller,RB,HOU,14,IND,0,0,0,0,0,33,1,14,5,19,0,6,0,0,0,0,0,0,0,0,0,0,,,,,
Lance Kendricks,TE,GB,14,ATL,0,0,0,0,0,0,0,0,0,0,0,0,0,0,0,0,0,0,0,0,0,0,,,,,
Laquon Treadwell,WR,MIN,14,SEA,0,0,0,0,0,0,0,0,3,16,0,3,0,0,0,0,0,0,0,0,0,0,,,,,
Larry Fitzgerald,WR,ARI,14,DET,0,0,0,0,0,0,0,0,5,55,0,9,0,0,0,0,0,0,0,0,0,0,,,,,
Latavius Murray,RB,MIN,14,SEA,0,0,0,0,0,4,0,3,0,0,0,0,0,0,0,0,0,0,0,0,0,0,,,,,
LeGarrette Blount,RB,DET,14,ARI,0,0,0,0,0,33,0,12,2,18,0,3,0,0,0,0,0,0,0,0,0,0,,,,,
LeSean McCoy,RB,BUF,14,NYJ,0,0,0,0,0,1,0,2,0,0,0,1,0,0,0,0,0,0,0,0,0,0,,,,,
Lee Smith,TE,LV,14,PIT,0,0,0,0,0,0,0,0,1,3,1,1,0,0,0,0,0,0,0,0,0,0,,,,,
Leonard Fournette,RB,JAX,14,TEN,0,0,0,0,0,36,0,14,2,5,0,3,0,0,0,0,0,0,0,0,0,0,,,,,
Levine Toilolo,TE,DET,14,ARI,0,0,0,0,0,0,0,0,2,26,0,2,0,0,0,0,0,0,0,0,0,0,,,,,
Logan Thomas,TE,BUF,14,NYJ,0,0,0,0,0,0,0,0,1,5,0,2,0,0,0,0,0,0,0,0,0,0,,,,,
Luke Stocker,TE,TEN,14,JAX,0,0,0,0,0,0,0,0,1,7,0,1,0,0,0,0,0,0,0,0,0,0,,,,,
MIA,DEF,MIA,14,NE,,,,,,,,,,,,,,,,,,,,,,,0,0,0,0,33.0
MIN,DEF,MIN,14,SEA,,,,,,,,,,,,,,,,,,,,,,,0,0,0,0,21.0
Marcedes Lewis,TE,GB,14,ATL,0,0,0,0,0,0,0,0,0,0,0,0,0,0,0,0,0,0,0,0,0,0,,,,,
Marcell Ateman,WR,LV,14,PIT,0,0,0,0,0,0,0,0,3,45,0,4,0,0,0,0,0,0,0,0,0,0,,,,,
Marcus Kemp,WR,KC,14,BAL,0,0,0,0,0,0,0,0,0,0,0,0,0,0,0,0,0,0,0,0,0,0,,,,,
Marcus Mariota,QB,TEN,14,JAX,162,0,24,18,1,13,0,4,0,0,0,0,0,0,0,0,0,0,0,0,0,0,,,,,
Marcus Murphy,RB,BUF,14,NYJ,0,0,0,0,0,10,0,4,1,8,0,1,0,0,0,0,0,0,0,0,0,0,,,,,
Mark Andrews,TE,BAL,14,KC,0,0,0,0,0,0,0,0,0,0,0,2,0,0,0,0,0,0,0,0,0,0,,,,,
Mark Ingram,RB,NO,14,TB,0,0,0,0,0,52,1,13,1,1,0,3,0,0,0,0,0,0,0,0,0,0,,,,,
Mark Sanchez,QB,WAS,14,NYG,38,0,14,6,2,0,0,0,0,0,0,0,0,0,0,0,0,0,0,0,0,0,,,,,
Marlon Mack,RB,IND,14,HOU,0,0,0,0,0,33,1,14,0,0,0,1,0,0,0,0,0,0,0,0,0,0,,,,,
Marquez Valdes-Scantling,WR,GB,14,ATL,0,0,0,0,0,0,0,0,2,19,0,2,0,0,0,0,0,0,0,0,0,0,,,,,
Marquise Goodwin,WR,SF,14,DEN,0,0,0,0,0,0,0,0,2,20,0,2,0,0,0,0,0,0,0,0,0,0,,,,,
Marvin Hall,WR,ATL,14,GB,0,0,0,0,0,-3,0,1,0,0,0,1,0,0,0,0,0,0,0,0,0,0,,,,,
Mason Crosby,K,GB,14,ATL,0,0,0,0,0,0,0,0,0,0,0,0,0,0,0,0,0,0,1,1,0,4,,,,,
Matt Bryant,K,ATL,14,GB,0,0,0,0,0,0,0,0,0,0,0,0,0,0,0,0,0,0,0,0,0,2,,,,,
Matt Dayes,RB,SF,14,DEN,0,0,0,0,0,0,0,0,0,0,0,0,0,0,0,0,0,0,0,0,0,0,,,,,
Matt LaCosse,TE,DEN,14,SF,0,0,0,0,0,0,0,0,1,3,0,1,0,0,0,0,0,0,0,0,0,0,,,,,
Matt Prater,K,DET,14,ARI,0,0,0,0,0,0,0,0,0,0,0,0,0,0,0,0,0,0,1,0,0,2,,,,,
Matt Ryan,QB,ATL,14,GB,262,3,42,28,1,0,0,1,0,0,0,0,0,0,0,0,0,0,0,0,0,0,,,,,
Matthew Stafford,QB,DET,14,ARI,101,0,23,15,0,7,0,1,0,0,0,0,0,0,0,0,0,0,0,0,0,0,,,,,
Maurice Harris,WR,WAS,14,NYG,0,0,0,0,0,0,0,0,0,0,0,1,0,0,0,0,0,0,0,0,0,0,,,,,
Maxx Williams,TE,BAL,14,KC,0,0,0,0,0,0,0,0,1,10,1,1,0,0,0,0,0,0,0,0,0,0,,,,,
Michael Crabtree,WR,BAL,14,KC,0,0,0,0,0,0,0,0,3,31,0,4,0,0,0,0,0,0,0,0,0,0,,,,,
Michael Floyd,WR,WAS,14,NYG,0,0,0,0,0,0,0,0,0,0,0,2,0,0,1,0,0,0,0,0,0,0,,,,,
Michael Gallup,WR,DAL,14,PHI,0,0,0,0,0,0,0,0,4,24,0,9,0,0,0,0,0,0,0,0,0,0,,,,,
Michael Roberts,TE,DET,14,ARI,0,0,0,0,0,0,0,0,0,0,0,2,0,0,0,0,0,0,0,0,0,0,,,,,
Michael Thomas,WR,NO,14,TB,0,0,0,0,0,0,0,0,11,98,0,13,0,0,0,0,0,0,0,0,0,0,,,,,
Mike Badgley,K,LAC,14,CIN,0,0,0,0,0,0,0,0,0,0,0,0,0,0,0,0,0,2,1,1,0,2,,,,,
Mike Davis,RB,SEA,14,MIN,0,0,0,0,0,22,0,3,1,5,0,1,0,0,0,0,0,0,0,0,0,0,,,,,
Mike Evans,WR,TB,14,NO,0,0,0,0,0,0,0,0,4,86,0,6,0,0,0,0,0,0,0,0,0,0,,,,,
Mike Gesicki,TE,MIA,14,NE,0,0,0,0,0,0,0,0,0,0,0,1,0,0,0,0,0,0,0,0,0,0,,,,,
Mike Williams,WR,LAC,14,CIN,0,0,0,0,0,0,0,0,3,45,0,6,0,0,0,0,0,0,0,0,0,0,,,,,
Mitchell Trubisky,QB,CHI,14,LA,110,1,30,16,3,23,0,6,0,0,0,0,0,0,0,0,0,0,0,0,0,0,,,,,
Mohamed Sanu,WR,ATL,14,GB,0,0,0,0,0,0,0,0,6,54,0,8,0,0,0,0,0,0,0,0,0,0,,,,,
MyCole Pruitt,TE,TEN,14,JAX,0,0,0,0,0,0,0,0,1,9,0,1,0,0,0,0,0,0,0,0,0,0,,,,,
NE,DEF,NE,14,MIA,,,,,,,,,,,,,,,,,,,,,,,0,0,0,0,34.0
NO,DEF,NO,14,TB,,,,,,,,,,,,,,,,,,,,,,,0,0,0,0,14.0
NYG,DEF,NYG,14,WAS,,,,,,,,,,,,,,,,,,,,,,,1,0,0,0,16.0
NYJ,DEF,NYJ,14,BUF,,,,,,,,,,,,,,,,,,,,,,,0,0,0,0,23.0
Nelson Agholor,WR,PHI,14,DAL,0,0,0,0,0,0,0,0,2,49,0,3,0,0,0,0,0,0,0,0,0,0,,,,,
Nick Chubb,RB,CLE,14,CAR,0,0,0,0,0,66,1,13,4,17,0,6,0,0,0,0,0,0,0,0,0,0,,,,,
Nick Mullens,QB,SF,14,DEN,332,2,33,20,1,-10,0,5,0,0,0,0,0,0,0,0,0,0,0,0,0,0,,,,,
Nick Vannett,TE,SEA,14,MIN,0,0,0,0,0,0,0,0,1,12,0,1,0,0,0,0,0,0,0,0,0,0,,,,,
Nyheim Hines,RB,IND,14,HOU,0,0,0,0,0,1,0,3,3,16,0,5,0,0,0,0,0,0,0,0,0,0,,,,,
Orson Charles,TE,CLE,14,CAR,0,0,0,0,0,0,0,0,1,9,0,1,0,0,0,0,0,0,0,0,0,0,,,,,
PHI,DEF,PHI,14,DAL,,,,,,,,,,,,,,,,,,,,,,,0,0,0,0,29.0
PIT,DEF,PIT,14,LV,,,,,,,,,,,,,,,,,,,,,,,0,0,0,0,24.0
Patrick DiMarco,RB,BUF,14,NYJ,0,0,0,0,0,0,0,0,0,0,0,1,0,0,0,0,0,0,0,0,0,0,,,,,
Patrick Mahomes,QB,KC,14,BAL,377,2,53,35,1,-3,0,2,0,0,0,0,0,0,0,0,0,0,0,0,0,0,,,,,
Peyton Barber,RB,TB,14,NO,0,0,0,0,0,42,0,14,1,2,0,2,0,0,0,0,0,0,0,0,0,0,,,,,
Pharoh Cooper,WR,LA,14,CHI,0,0,0,0,0,0,0,0,0,0,0,0,0,0,0,0,0,0,0,0,0,0,,,,,
Philip Rivers,QB,LAC,14,CIN,220,1,29,19,0,7,0,2,0,0,0,0,0,0,0,0,0,0,0,0,0,0,,,,,
Phillip Lindsay,RB,DEN,14,SF,0,0,0,0,0,30,1,14,4,21,0,7,0,0,0,0,0,0,0,0,0,0,,,,,
Quincy Enunwa,WR,NYJ,14,BUF,0,0,0,0,0,0,0,0,3,22,0,4,0,0,0,0,0,0,0,0,0,0,,,,,
Randall Cobb,WR,GB,14,ATL,0,0,0,0,0,0,0,0,5,43,1,6,0,0,0,0,0,0,0,0,0,0,,,,,
Randy Bullock,K,CIN,14,LAC,0,0,0,0,0,0,0,0,0,0,0,0,0,0,0,0,1,0,2,0,0,0,,,,,
Rashaad Penny,RB,SEA,14,MIN,0,0,0,0,0,44,0,8,0,0,0,0,0,0,0,0,0,0,0,0,0,0,,,,,
Rashad Greene,WR,JAX,14,TEN,0,0,0,0,0,0,0,0,1,10,0,2,0,0,0,0,0,0,0,0,0,0,,,,,
Rashard Higgins,WR,CLE,14,CAR,0,0,0,0,0,0,0,0,2,19,0,3,0,0,0,0,0,0,0,0,0,0,,,,,
Rex Burkhead,RB,NE,14,MIA,0,0,0,0,0,2,0,4,1,3,0,2,0,0,0,0,0,0,0,0,0,0,,,,,
Richie James,WR,SF,14,DEN,0,0,0,0,0,0,0,0,0,0,0,0,0,0,0,0,0,0,0,0,0,0,,,,,
Ricky Seals-Jones,TE,ARI,14,DET,0,0,0,0,0,0,0,0,3,31,0,5,0,0,0,0,0,0,0,0,0,0,,,,,
Rico Gathers,TE,DAL,14,PHI,0,0,0,0,0,0,0,0,1,-1,0,1,0,0,0,0,0,0,0,0,0,0,,,,,
Rishard Matthews,WR,NYJ,14,BUF,0,0,0,0,0,0,0,0,1,6,0,1,0,0,0,0,0,0,0,0,0,0,,,,,
River Cracraft,WR,DEN,14,SF,0,0,0,0,0,0,0,0,0,0,0,0,0,0,0,0,0,0,0,0,0,0,,,,,
Rob Gronkowski,TE,NE,14,MIA,0,0,0,0,0,0,0,0,8,107,1,8,0,0,0,0,0,0,0,0,0,0,,,,,
Robbie Chosen,WR,NYJ,14,BUF,0,0,0,0,0,0,0,0,4,76,1,7,0,0,0,0,0,0,0,0,0,0,,,,,
Robbie Gould,K,SF,14,DEN,0,0,0,0,0,0,0,0,0,0,0,0,0,0,0,0,1,0,1,0,0,2,,,,,
Robert Foster,WR,BUF,14,NYJ,0,0,0,0,0,0,0,0,7,104,0,8,0,0,0,0,0,0,0,0,0,0,,,,,
Robert Griffin III,QB,BAL,14,KC,0,0,2,0,0,0,0,0,0,0,0,0,0,0,0,0,0,0,0,0,0,0,,,,,
Robert Woods,WR,LA,14,CHI,0,0,0,0,0,0,0,0,7,61,0,13,0,0,0,0,0,0,0,0,0,0,,,,,
Rod Smith,RB,DAL,14,PHI,0,0,0,0,0,27,0,4,2,16,0,2,0,0,0,0,0,0,0,0,0,0,,,,,
Ronald Jones,RB,TB,14,NO,0,0,0,0,0,0,0,0,0,0,0,0,0,0,0,0,0,0,0,0,0,0,,,,,
Ross Dwelley,TE,SF,14,DEN,0,0,0,0,0,0,0,0,0,0,0,0,0,0,0,0,0,0,0,0,0,0,,,,,
Royce Freeman,RB,DEN,14,SF,0,0,0,0,0,36,0,6,0,0,0,1,0,0,0,0,0,0,0,0,0,0,,,,,
Russell Gage,WR,ATL,14,GB,0,0,0,0,0,0,0,0,0,0,0,0,0,0,0,0,0,0,0,0,0,0,,,,,
Russell Shepard,WR,NYG,14,WAS,0,0,0,0,0,0,0,0,1,11,1,4,0,0,0,0,0,0,0,0,0,0,,,,,
Russell Wilson,QB,SEA,14,MIN,72,0,20,10,1,61,0,7,0,0,0,0,0,0,1,0,0,0,0,0,0,0,,,,,
Ryan Grant,WR,IND,14,HOU,0,0,0,0,0,0,0,0,1,15,0,1,0,0,0,0,0,0,0,0,0,0,,,,,
Ryan Griffin,TE,HOU,14,IND,0,0,0,0,0,0,0,0,5,80,0,5,0,0,0,0,0,0,0,0,0,0,,,,,
Ryan Succop,K,TEN,14,JAX,0,0,0,0,0,0,0,0,0,0,0,0,0,0,0,0,0,1,0,0,0,3,,,,,
Ryan Switzer,WR,PIT,14,LV,0,0,0,0,0,0,0,0,1,1,0,1,0,0,0,0,0,0,0,0,0,0,,,,,
Ryan Tannehill,QB,MIA,14,NE,265,3,19,14,0,13,0,1,0,0,0,0,0,0,0,0,0,0,0,0,0,0,,,,,
SEA,DEF,SEA,14,MIN,,,,,,,,,,,,,,,,,,,,,,,0,0,0,0,7.0
SF,DEF,SF,14,DEN,,,,,,,,,,,,,,,,,,,,,,,0,0,0,0,14.0
Sam Darnold,QB,NYJ,14,BUF,170,1,24,16,1,7,0,3,0,0,0,0,0,0,0,0,0,0,0,0,0,0,,,,,
Saquon Barkley,RB,NYG,14,WAS,0,0,0,0,0,170,1,14,4,27,0,5,0,0,0,0,0,0,0,0,0,0,,,,,
Sebastian Janikowski,K,SEA,14,MIN,0,0,0,0,0,0,0,0,0,0,0,0,0,0,0,0,0,2,0,0,0,1,,,,,
Senorise Perry,RB,MIA,14,NE,0,0,0,0,0,0,0,0,0,0,0,0,0,0,0,0,0,0,0,0,0,0,,,,,
Seth Roberts,WR,LV,14,PIT,0,0,0,0,0,0,0,0,5,76,0,7,0,0,0,0,0,0,0,0,0,0,,,,,
Sony Michel,RB,NE,14,MIA,0,0,0,0,0,57,0,20,0,0,0,0,0,0,0,0,0,0,0,0,0,0,,,,,
Spencer Ware,RB,KC,14,BAL,0,0,0,0,0,75,0,15,5,54,0,5,0,0,0,0,0,0,0,0,0,0,,,,,
Stefon Diggs,WR,MIN,14,SEA,0,0,0,0,0,5,0,1,4,76,0,6,0,0,0,0,0,0,0,0,0,0,,,,,
Stephen Gostkowski,K,NE,14,MIA,0,0,0,0,0,0,0,0,0,0,0,0,0,0,0,0,1,1,0,0,0,3,,,,,
Sterling Shepard,WR,NYG,14,WAS,0,0,0,0,0,0,0,0,2,17,1,6,0,0,0,0,0,0,0,0,0,0,,,,,
Stevan Ridley,RB,PIT,14,LV,0,0,0,0,0,4,1,5,0,0,0,0,0,0,0,0,0,0,0,0,0,0,,,,,
Steven Hauschka,K,BUF,14,NYJ,0,0,0,0,0,0,0,0,0,0,0,0,0,0,0,0,1,2,0,0,0,2,,,,,
T.J. Jones,WR,DET,14,ARI,0,0,0,0,0,0,0,0,0,0,0,1,0,0,0,0,0,0,0,0,0,0,,,,,
T.J. Yeldon,RB,JAX,14,TEN,0,0,0,0,0,7,0,1,1,10,0,1,0,0,0,0,0,0,0,0,0,0,,,,,
T.Y. Hilton,WR,IND,14,HOU,0,0,0,0,0,0,0,0,9,199,0,12,0,0,0,0,0,0,0,0,0,0,,,,,
TB,DEF,TB,14,NO,,,,,,,,,,,,,,,,,,,,,,,0,0,0,0,28.0
TEN,DEF,TEN,14,JAX,,,,,,,,,,,,,,,,,,,,,,,0,0,0,0,9.0
Tajae Sharpe,WR,TEN,14,JAX,0,0,0,0,0,0,0,0,0,0,0,4,0,0,0,0,0,0,0,0,0,0,,,,,
Taquan Mizzell,RB,CHI,14,LA,0,0,0,0,0,1,0,1,0,0,0,0,0,0,0,0,0,0,0,0,0,0,,,,,
Tarik Cohen,RB,CHI,14,LA,0,0,0,0,0,69,0,9,4,20,0,4,0,0,0,0,0,0,0,0,0,0,,,,,
Taylor Gabriel,WR,CHI,14,LA,0,0,0,0,0,0,0,0,3,22,0,7,0,0,0,0,0,0,0,0,0,0,,,,,
Taylor Heinicke,QB,CAR,14,CLE,33,0,1,1,0,0,0,0,0,0,0,0,0,0,0,0,0,0,0,0,0,0,,,,,
Taysom Hill,TE,NO,14,TB,0,0,0,0,0,-6,0,1,0,0,0,0,0,0,0,0,0,0,0,0,0,0,,,,,
Taywan Taylor,WR,TEN,14,JAX,0,0,0,0,0,0,0,0,6,59,0,7,0,0,0,0,0,0,0,0,0,0,,,,,
Tevin Coleman,RB,ATL,14,GB,0,0,0,0,0,45,0,10,1,-4,0,1,0,0,0,0,0,0,0,0,0,0,,,,,
Theo Riddick,RB,DET,14,ARI,0,0,0,0,0,28,0,6,4,30,0,4,0,0,0,0,0,0,0,0,0,0,,,,,
Tim Patrick,WR,DEN,14,SF,0,0,0,0,0,11,0,1,7,85,0,10,0,0,0,0,0,0,0,0,0,0,,,,,
Todd Gurley,RB,LA,14,CHI,0,0,0,0,0,28,0,11,3,30,0,7,0,0,0,0,0,0,0,0,0,0,,,,,
Tom Brady,QB,NE,14,MIA,358,3,43,27,0,3,0,1,0,0,0,0,0,0,0,0,0,0,0,0,0,0,,,,,
Tommylee Lewis,WR,NO,14,TB,0,0,0,0,0,0,0,0,1,20,0,1,0,0,0,0,0,0,0,0,0,0,,,,,
Travis Benjamin,WR,LAC,14,CIN,0,0,0,0,0,0,0,0,1,11,0,1,0,0,0,0,0,0,0,0,0,0,,,,,
Travis Kelce,TE,KC,14,BAL,0,0,0,0,0,0,0,0,7,77,1,9,0,0,0,0,0,0,0,0,0,0,,,,,
Tre'Quan Smith,WR,NO,14,TB,0,0,0,0,0,0,0,0,0,0,0,1,0,0,0,0,0,0,0,0,0,0,,,,,
Trent Sherfield,WR,ARI,14,DET,0,0,0,0,0,0,0,0,5,77,0,7,0,0,0,0,0,0,0,0,0,0,,,,,
Trent Taylor,WR,SF,14,DEN,0,0,0,0,0,0,0,0,1,6,0,2,0,0,0,0,0,0,0,0,0,0,,,,,
Trenton Cannon,RB,NYJ,14,BUF,0,0,0,0,0,3,1,5,1,4,0,1,0,0,0,0,0,0,0,0,0,0,,,,,
Trey Burton,TE,CHI,14,LA,0,0,0,0,0,0,0,0,2,22,0,5,0,0,0,0,0,0,0,0,0,0,,,,,
Ty Montgomery,WR,BAL,14,KC,0,0,0,0,0,1,0,2,1,1,0,3,0,0,0,0,0,0,0,0,0,0,,,,,
Tyler Boyd,WR,CIN,14,LAC,0,0,0,0,0,0,0,0,3,52,0,6,0,0,0,0,0,0,0,0,0,0,,,,,
Tyler Conklin,TE,MIN,14,SEA,0,0,0,0,0,0,0,0,1,11,0,2,0,0,0,0,0,0,0,0,0,0,,,,,
Tyler Higbee,TE,LA,14,CHI,0,0,0,0,0,0,0,0,1,9,0,1,0,0,0,0,0,0,0,0,0,0,,,,,
Tyler Lockett,WR,SEA,14,MIN,0,0,0,0,0,-3,0,2,5,42,0,6,0,0,1,0,0,0,0,0,0,0,,,,,
Tyreek Hill,WR,KC,14,BAL,0,0,0,0,0,6,0,1,8,139,0,14,0,0,0,0,0,0,0,0,0,0,,,,,
Tyrell Williams,WR,LAC,14,CIN,0,0,0,0,0,0,0,0,3,14,0,4,0,0,0,0,0,0,0,0,0,0,,,,,
Vance McDonald,TE,PIT,14,LV,0,0,0,0,0,0,0,0,4,37,0,4,0,0,0,0,0,0,0,0,0,0,,,,,
Vernon Davis,TE,WAS,14,NYG,0,0,0,0,0,0,0,0,4,31,0,4,0,0,1,0,0,0,0,0,0,0,,,,,
WAS,DEF,WAS,14,NYG,,,,,,,,,,,,,,,,,,,,,,,0,0,0,0,40.0
Wayne Gallman,RB,NYG,14,WAS,0,0,0,0,0,38,0,14,0,0,0,2,0,0,0,0,0,0,0,0,0,0,,,,,
Wendell Smallwood,RB,PHI,14,DAL,0,0,0,0,0,3,0,1,0,0,0,0,0,0,0,0,0,0,0,0,0,0,,,,,
Wil Lutz,K,NO,14,TB,0,0,0,0,0,0,0,0,0,0,0,0,0,0,0,0,0,2,0,0,0,2,,,,,
Willie Snead,WR,BAL,14,KC,0,0,0,0,0,0,0,0,5,61,0,7,0,0,0,0,0,0,0,0,0,0,,,,,
Zach Ertz,TE,PHI,14,DAL,0,0,0,0,0,0,0,0,5,38,0,8,0,0,0,0,0,0,0,0,0,0,,,,,
Zach Pascal,WR,IND,14,HOU,0,0,0,0,0,0,0,0,5,68,1,6,0,0,0,0,0,0,0,0,0,0,,,,,
Zach Zenner,RB,DET,14,ARI,0,0,0,0,0,54,1,12,0,0,0,0,0,0,0,0,0,0,0,0,0,0,,,,,
Zane Gonzalez,K,ARI,14,DET,0,0,0,0,0,0,0,0,0,0,0,0,0,0,0,0,1,0,0,0,0,0,,,,,
Zay Jones,WR,BUF,14,NYJ,0,0,1,0,0,0,0,0,3,22,0,9,0,0,0,0,0,0,0,0,0,0,,,,,
ARI,DEF,ARI,15,ATL,,,,,,,,,,,,,,,,,,,,,,,0,0,0,0,40.0
ATL,DEF,ATL,15,ARI,,,,,,,,,,,,,,,,,,,,,,,1,0,0,0,14.0
Aaron Jones,RB,GB,15,CHI,0,0,0,0,0,8,0,4,0,0,0,0,0,0,0,0,0,0,0,0,0,0,,,,,
Aaron Rodgers,QB,GB,15,CHI,274,0,42,25,1,25,0,3,0,0,0,0,0,0,1,0,0,0,0,0,0,0,,,,,
Adam Humphries,WR,TB,15,BAL,0,0,0,0,0,0,0,0,4,23,0,6,0,0,0,0,0,0,0,0,0,0,,,,,
Adam Shaheen,TE,CHI,15,GB,0,0,0,0,0,0,0,0,2,39,0,2,0,0,0,0,0,0,0,0,0,0,,,,,
Adam Thielen,WR,MIN,15,MIA,0,0,0,0,0,0,0,0,2,19,0,2,0,0,0,0,0,0,0,0,0,0,,,,,
Adam Vinatieri,K,IND,15,DAL,0,0,0,0,0,0,0,0,0,0,0,0,0,0,0,0,1,0,2,0,0,2,,,,,
Adrian Peterson,RB,WAS,15,JAX,0,0,0,0,0,51,0,19,2,20,0,3,0,0,0,0,0,0,0,0,0,0,,,,,
Aldrick Robinson,WR,MIN,15,MIA,0,0,0,0,0,0,0,0,2,44,1,2,0,0,0,0,0,0,0,0,0,0,,,,,
Aldrick Rosas,K,NYG,15,TEN,0,0,0,0,0,0,0,0,0,0,0,0,0,0,0,0,0,0,0,0,0,0,,,,,
Alex Erickson,WR,CIN,15,LV,0,0,0,0,0,0,0,0,3,23,0,5,0,0,0,0,0,0,0,0,0,0,,,,,
Alfred Blue,RB,HOU,15,NYJ,0,0,0,0,0,6,0,9,2,9,0,2,0,0,0,0,0,0,0,0,0,0,,,,,
Allen Hurns,WR,DAL,15,IND,0,0,0,0,0,0,0,0,1,9,0,2,0,0,0,0,0,0,0,0,0,0,,,,,
Allen Robinson,WR,CHI,15,GB,0,0,0,0,0,0,0,0,3,54,0,7,0,0,0,0,0,0,0,0,0,0,,,,,
Alshon Jeffery,WR,PHI,15,LA,0,0,0,0,0,0,0,0,8,160,0,8,0,0,0,0,0,0,0,0,0,0,,,,,
Alvin Kamara,RB,NO,15,CAR,0,0,0,0,0,67,1,14,7,36,0,9,0,0,0,0,0,0,0,0,0,0,,,,,
Amari Cooper,WR,DAL,15,IND,0,0,0,0,0,11,0,1,4,32,0,7,0,0,0,0,0,0,0,0,0,0,,,,,
Ameer Abdullah,RB,MIN,15,MIA,0,0,0,0,0,0,0,0,0,0,0,0,0,0,0,0,0,0,0,0,0,0,,,,,
Andre Holmes,WR,DEN,15,CLE,0,0,0,0,0,0,0,0,1,5,0,1,0,0,0,0,0,0,0,0,0,0,,,,,
Andre Roberts,WR,NYJ,15,HOU,0,0,0,0,0,0,0,0,3,16,1,4,0,0,0,0,0,0,0,0,0,0,,,,,
Andrew Luck,QB,IND,15,DAL,192,0,27,16,0,20,0,6,0,0,0,0,0,0,0,0,0,0,0,0,0,0,,,,,
Andy Jones,WR,DET,15,BUF,0,0,0,0,0,0,0,0,2,9,1,2,0,0,0,0,0,0,0,0,0,0,,,,,
Anthony Firkser,TE,TEN,15,NYG,0,0,0,0,0,0,0,0,0,0,0,0,0,0,0,0,0,0,0,0,0,0,,,,,
Anthony Miller,WR,CHI,15,GB,0,0,0,0,0,0,0,0,0,0,0,0,0,0,0,0,0,0,0,0,0,0,,,,,
Antonio Brown,WR,PIT,15,NE,0,0,0,0,0,0,0,0,4,49,1,7,0,0,0,0,0,0,0,0,0,0,,,,,
Antonio Callaway,WR,CLE,15,DEN,0,0,0,0,0,0,0,0,5,35,1,7,0,0,0,0,0,0,0,0,0,0,,,,,
Antonio Gates,TE,LAC,15,KC,0,0,0,0,0,0,0,0,4,54,0,5,0,0,0,0,0,0,0,0,0,0,,,,,
Antony Auclair,TE,TB,15,BAL,0,0,0,0,0,0,0,0,0,0,0,0,0,0,0,0,0,0,0,0,0,0,,,,,
Auden Tate,WR,CIN,15,LV,0,0,0,0,0,0,0,0,0,0,0,0,0,0,0,0,0,0,0,0,0,0,,,,,
Austin Hooper,TE,ATL,15,ARI,0,0,0,0,0,0,0,0,0,0,0,1,0,0,0,0,0,0,0,0,0,0,,,,,
BAL,DEF,BAL,15,TB,,,,,,,,,,,,,,,,,,,,,,,0,0,0,0,12.0
BUF,DEF,BUF,15,DET,,,,,,,,,,,,,,,,,,,,,,,0,0,0,0,13.0
Baker Mayfield,QB,CLE,15,DEN,188,2,31,18,1,6,0,4,0,0,0,0,0,0,0,0,0,0,0,0,0,0,,,,,
Ben Braunecker,TE,CHI,15,GB,0,0,0,0,0,0,0,0,0,0,0,0,0,0,0,0,0,0,0,0,0,0,,,,,
Ben Roethlisberger,QB,PIT,15,NE,235,2,34,22,2,-3,0,2,0,0,0,0,0,0,0,0,0,0,0,0,0,0,,,,,
Benjamin Watson,TE,NO,15,CAR,0,0,0,0,0,0,0,0,1,28,0,2,0,0,0,0,0,0,0,0,0,0,,,,,
Bennie Fowler,WR,NYG,15,TEN,0,0,0,0,0,0,0,0,2,43,0,4,0,0,0,0,0,0,0,0,0,0,,,,,
Benny Cunningham,RB,CHI,15,GB,0,0,0,0,0,-1,0,1,0,0,0,0,0,0,0,0,0,0,0,0,0,0,,,,,
Blaine Gabbert,QB,TEN,15,NYG,0,0,0,0,0,-1,0,3,0,0,0,0,0,0,0,0,0,0,0,0,0,0,,,,,
Blake Bell,TE,JAX,15,WAS,0,0,0,0,0,0,0,0,1,6,0,1,0,0,0,0,0,0,0,0,0,0,,,,,
Blake Jarwin,TE,DAL,15,IND,0,0,0,0,0,0,0,0,4,45,0,7,0,0,0,0,0,0,0,0,0,0,,,,,
Bobo Wilson,WR,TB,15,BAL,0,0,0,0,0,0,0,0,0,0,0,0,0,0,0,0,0,0,0,0,0,0,,,,,
Brandin Cooks,WR,LA,15,PHI,0,0,0,0,0,0,0,0,6,59,0,7,0,0,0,0,0,0,0,0,0,0,,,,,
Brandon Bolden,RB,MIA,15,MIN,0,0,0,0,0,12,0,1,0,0,0,0,0,0,0,0,0,0,0,0,0,0,,,,,
Brandon McManus,K,DEN,15,CLE,0,0,0,0,0,0,0,0,0,0,0,0,0,0,0,0,1,0,2,0,0,1,,,,,
Brandon Powell,WR,DET,15,BUF,0,0,0,0,0,4,0,1,3,11,0,3,0,0,0,0,0,0,0,0,0,0,,,,,
Breshad Perriman,WR,CLE,15,DEN,0,0,0,0,0,0,0,0,1,31,1,2,0,0,0,0,0,0,0,0,0,0,,,,,
Brett Maher,K,DAL,15,IND,0,0,0,0,0,0,0,0,0,0,0,0,0,0,0,0,0,0,0,0,0,0,,,,,
Brian Hill,RB,ATL,15,ARI,0,0,0,0,0,7,0,3,0,0,0,0,0,0,0,0,0,0,0,0,0,0,,,,,
Brian Parker,TE,DEN,15,CLE,0,0,0,0,0,0,0,0,2,18,0,2,0,0,0,0,0,0,0,0,0,0,,,,,
Brice Butler,WR,MIA,15,MIN,0,0,0,0,0,0,0,0,1,12,0,3,0,0,0,0,0,0,0,0,0,0,,,,,
Buddy Howell,RB,HOU,15,NYJ,0,0,0,0,0,0,0,0,0,0,0,0,0,0,0,0,0,0,0,0,0,0,,,,,
Byron Marshall,RB,WAS,15,JAX,0,0,0,0,0,0,0,0,1,17,0,1,0,0,0,0,0,0,0,0,0,0,,,,,
C.J. Uzomah,TE,CIN,15,LV,0,0,0,0,0,0,0,0,1,27,0,5,0,0,0,0,0,0,0,0,0,0,,,,,
CAR,DEF,CAR,15,NO,,,,,,,,,,,,,,,,,,,,,,,0,0,0,0,12.0
CHI,DEF,CHI,15,GB,,,,,,,,,,,,,,,,,,,,,,,0,0,0,0,17.0
CIN,DEF,CIN,15,LV,,,,,,,,,,,,,,,,,,,,,,,0,0,0,0,16.0
CLE,DEF,CLE,15,DEN,,,,,,,,,,,,,,,,,,,,,,,0,0,0,0,16.0
Cairo Santos,K,TB,15,BAL,0,0,0,0,0,0,0,0,0,0,0,0,0,0,0,0,2,0,0,0,0,0,,,,,
Calvin Ridley,WR,ATL,15,ARI,0,0,0,0,0,0,0,0,5,42,0,7,0,0,0,0,0,0,0,0,0,0,,,,,
Cam Newton,QB,CAR,15,NO,131,0,29,16,1,15,0,5,0,0,0,0,0,0,0,0,0,0,0,0,0,0,,,,,
Cameron Brate,TE,TB,15,BAL,0,0,0,0,0,0,0,0,1,9,0,2,0,0,0,0,0,0,0,0,0,0,,,,,
Case Keenum,QB,DEN,15,CLE,257,0,48,31,2,1,1,2,0,0,0,0,0,0,0,0,0,0,0,0,0,0,,,,,
Chandler Catanzaro,K,CAR,15,NO,0,0,0,0,0,0,0,0,0,0,0,0,0,0,0,0,0,0,0,0,0,1,,,,,
Charles Clay,TE,BUF,15,DET,0,0,0,0,0,0,0,0,0,0,0,1,0,0,0,0,0,0,0,0,0,0,,,,,
Chase Edmonds,RB,ARI,15,ATL,0,0,0,0,0,22,0,8,2,22,0,2,0,0,0,0,0,0,0,0,0,0,,,,,
Chester Rogers,WR,IND,15,DAL,0,0,0,0,0,0,0,0,1,10,0,1,0,0,0,0,0,0,0,0,0,0,,,,,
Chris Boswell,K,PIT,15,NE,0,0,0,0,0,0,0,0,0,0,0,0,0,0,0,0,0,0,1,0,0,2,,,,,
Chris Carson,RB,SEA,15,SF,0,0,0,0,0,119,1,22,6,29,0,6,0,0,0,0,0,0,0,0,0,0,,,,,
Chris Conley,WR,KC,15,LAC,0,0,0,0,0,0,0,0,2,19,0,3,0,0,0,0,0,0,0,0,0,0,,,,,
Chris Godwin Jr.,WR,TB,15,BAL,0,0,0,0,0,0,0,0,0,0,0,3,0,0,0,0,0,0,0,0,0,0,,,,,
Chris Herndon,TE,NYJ,15,HOU,0,0,0,0,0,0,0,0,3,53,0,4,0,0,0,0,0,0,0,0,0,0,,,,,
Chris Hogan,WR,NE,15,PIT,0,0,0,0,0,0,0,0,2,68,1,3,0,0,0,0,0,0,0,0,0,0,,,,,
Chris Manhertz,TE,CAR,15,NO,0,0,0,0,0,0,0,0,1,50,1,2,0,0,0,0,0,0,0,0,0,0,,,,,
Chris Moore,WR,BAL,15,TB,0,0,0,0,0,-5,0,1,1,5,1,1,0,0,0,0,0,0,0,0,0,0,,,,,
Chris Thompson,RB,WAS,15,JAX,0,0,0,0,0,9,0,5,1,4,0,2,0,0,0,0,0,0,0,0,0,0,,,,,
Christian McCaffrey,RB,CAR,15,NO,50,1,1,1,0,53,0,15,8,67,0,11,0,0,0,0,0,0,0,0,0,0,,,,,
Cody Core,WR,CIN,15,LV,0,0,0,0,0,0,0,0,1,10,0,4,0,0,0,0,0,0,0,0,0,0,,,,,
Cody Kessler,QB,JAX,15,WAS,57,0,17,9,1,68,0,6,0,0,0,0,0,0,0,0,0,0,0,0,0,0,,,,,
Cody Parkey,K,CHI,15,GB,0,0,0,0,0,0,0,0,0,0,0,0,0,0,0,0,1,0,0,0,0,3,,,,,
Cole Beasley,WR,DAL,15,IND,0,0,0,0,0,0,0,0,4,42,0,7,0,0,0,0,0,0,0,0,0,0,,,,,
Cordarrelle Patterson,RB,NE,15,PIT,0,0,0,0,0,0,0,0,3,20,0,3,0,0,0,0,0,0,0,0,0,0,,,,,
Corey Coleman,WR,NYG,15,TEN,0,0,0,0,0,0,0,0,1,8,0,2,0,0,0,0,0,0,0,0,0,0,,,,,
Corey Davis,WR,TEN,15,NYG,0,0,0,0,0,0,0,0,3,33,0,6,0,0,0,0,0,0,0,0,0,0,,,,,
Courtland Sutton,WR,DEN,15,CLE,0,0,0,0,0,0,0,0,5,42,0,6,0,0,0,0,0,0,0,0,0,0,,,,,
Curtis Samuel,WR,CAR,15,NO,0,0,0,0,0,8,0,2,1,17,0,4,0,0,0,0,0,0,0,0,0,0,,,,,
DAL,DEF,DAL,15,IND,,,,,,,,,,,,,,,,,,,,,,,0,0,0,0,23.0
DEN,DEF,DEN,15,CLE,,,,,,,,,,,,,,,,,,,,,,,0,0,0,0,17.0
DET,DEF,DET,15,BUF,,,,,,,,,,,,,,,,,,,,,,,0,0,0,0,14.0
DJ Moore,WR,CAR,15,NO,0,0,0,0,0,22,0,1,2,12,0,3,0,0,0,0,0,0,0,0,0,0,,,,,
Da'Mari Scott,WR,BUF,15,DET,0,0,0,0,0,0,0,0,0,0,0,0,0,0,0,0,0,0,0,0,0,0,,,,,
DaeSean Hamilton,WR,DEN,15,CLE,0,0,0,0,0,0,0,0,7,46,0,12,0,0,0,0,0,0,0,0,0,0,,,,,
Dak Prescott,QB,DAL,15,IND,206,0,39,24,1,0,0,0,0,0,0,0,0,0,0,0,0,0,0,0,0,0,,,,,
Dallas Goedert,TE,PHI,15,LA,0,0,0,0,0,0,0,0,2,12,0,2,0,0,0,0,0,0,0,0,0,0,,,,,
Dalton Schultz,TE,DAL,15,IND,0,0,0,0,0,0,0,0,3,23,0,4,0,0,0,0,0,0,0,0,0,0,,,,,
Dalvin Cook,RB,MIN,15,MIA,0,0,0,0,0,136,2,19,1,27,0,2,0,0,0,0,0,0,0,0,0,0,,,,,
Damien Williams,RB,KC,15,LAC,0,0,0,0,0,49,2,10,6,74,0,6,0,0,0,0,0,0,0,0,0,0,,,,,
Dan Arnold,TE,NO,15,CAR,0,0,0,0,0,0,0,0,0,0,0,2,0,0,0,0,0,0,0,0,0,0,,,,,
Dan Bailey,K,MIN,15,MIA,0,0,0,0,0,0,0,0,0,0,0,0,0,0,0,0,0,2,0,0,0,5,,,,,
Daniel Carlson,K,LV,15,CIN,0,0,0,0,0,0,0,0,0,0,0,0,0,0,0,0,1,0,1,1,0,1,,,,,
Danny Amendola,WR,MIA,15,MIN,0,0,0,0,0,0,0,0,3,30,0,8,0,0,0,0,0,0,0,0,0,0,,,,,
Dante Pettis,WR,SF,15,SEA,0,0,0,0,0,0,0,0,5,83,0,5,0,0,0,0,0,0,0,0,0,0,,,,,
Darius Jennings,WR,TEN,15,NYG,0,0,0,0,0,0,0,0,0,0,0,0,0,0,0,0,0,0,0,0,0,0,,,,,
Darrel Williams,RB,KC,15,LAC,0,0,0,0,0,13,0,2,2,19,1,2,0,0,0,0,0,0,0,0,0,0,,,,,
Darren Sproles,RB,PHI,15,LA,0,0,0,0,0,30,0,3,3,16,0,4,0,0,0,0,0,0,0,0,0,0,,,,,
Darren Waller,TE,LV,15,CIN,0,0,0,0,0,21,0,1,1,44,0,1,0,0,0,0,0,0,0,0,0,0,,,,,
Davante Adams,WR,GB,15,CHI,0,0,0,0,0,0,0,0,8,119,0,13,0,0,1,0,0,0,0,0,0,0,,,,,
Dave Williams,RB,JAX,15,WAS,0,0,0,0,0,32,0,5,0,0,0,0,0,0,0,0,0,0,0,0,0,0,,,,,
David Johnson,RB,ARI,15,ATL,0,0,0,0,0,33,1,11,3,68,0,6,0,0,0,0,0,0,0,0,0,0,,,,,
David Moore,WR,SEA,15,SF,0,0,0,0,0,0,0,0,1,9,0,3,0,0,0,0,0,0,0,0,0,0,,,,,
David Morgan,TE,MIN,15,MIA,0,0,0,0,0,0,0,0,0,0,0,0,0,0,0,0,0,0,0,0,0,0,,,,,
David Njoku,TE,CLE,15,DEN,0,0,0,0,0,0,0,0,3,30,0,5,0,0,0,0,0,0,0,0,0,0,,,,,
DeAndre Carter,WR,HOU,15,NYJ,0,0,0,0,0,7,0,1,2,55,0,3,0,0,0,0,0,0,0,0,0,0,,,,,
DeAndre Hopkins,WR,HOU,15,NYJ,0,0,0,0,0,0,0,0,10,170,2,11,0,0,0,0,0,0,0,0,0,0,,,,,
DeAndre Washington,RB,LV,15,CIN,0,0,0,0,0,1,0,1,0,0,0,0,0,0,0,0,0,0,0,0,0,0,,,,,
DeVante Parker,WR,MIA,15,MIN,0,0,0,0,0,0,0,0,0,0,0,1,0,0,0,0,0,0,0,0,0,0,,,,,
Dede Westbrook,WR,JAX,15,WAS,0,0,0,0,0,20,0,1,3,21,0,5,1,0,0,0,0,0,0,0,0,0,,,,,
Demarcus Robinson,WR,KC,15,LAC,0,0,0,0,0,0,0,0,2,7,1,3,0,0,0,0,0,0,0,0,0,0,,,,,
Demaryius Thomas,WR,HOU,15,NYJ,0,0,0,0,0,0,0,0,6,59,0,8,0,0,0,0,0,0,0,0,0,0,,,,,
Demetrius Harris,TE,KC,15,LAC,0,0,0,0,0,0,0,0,0,0,0,2,0,0,0,0,0,0,0,0,0,0,,,,,
Deonte Thompson,WR,BUF,15,DET,0,0,0,0,0,0,0,0,0,0,0,2,0,0,0,0,0,0,0,0,0,0,,,,,
Derek Carr,QB,LV,15,CIN,263,1,38,21,0,0,0,0,1,-9,0,1,0,0,0,0,0,0,0,0,0,0,,,,,
Derrick Henry,RB,TEN,15,NYG,6,0,1,1,0,170,2,33,1,0,0,1,0,0,0,0,0,0,0,0,0,0,,,,,
Deshaun Watson,QB,HOU,15,NYJ,294,2,28,22,0,26,0,4,0,0,0,0,0,0,0,0,0,0,0,0,0,0,,,,,
Detrez Newsome,RB,LAC,15,KC,0,0,0,0,0,34,0,6,2,19,0,2,0,0,0,0,0,0,0,0,0,0,,,,,
Devin Funchess,WR,CAR,15,NO,0,0,0,0,0,0,0,0,0,0,0,1,0,0,0,0,0,0,0,0,0,0,,,,,
Devontae Booker,RB,DEN,15,CLE,0,0,0,0,0,0,0,0,2,17,0,3,0,0,0,0,0,0,0,0,0,0,,,,,
Dion Lewis,RB,TEN,15,NYG,0,0,0,0,0,35,0,7,3,9,0,3,0,0,0,0,0,0,0,0,0,0,,,,,
Donte Moncrief,WR,JAX,15,WAS,0,0,0,0,0,0,0,0,0,0,0,2,0,0,0,0,0,0,0,0,0,0,,,,,
Dontrell Hilliard,RB,CLE,15,DEN,0,0,0,0,0,0,0,0,0,0,0,0,0,0,0,0,0,0,0,0,0,0,,,,,
Dontrelle Inman,WR,IND,15,DAL,0,0,0,0,0,0,0,0,0,0,0,1,0,0,0,0,0,0,0,0,0,0,,,,,
Doug Baldwin,WR,SEA,15,SF,0,0,0,0,0,0,0,0,4,77,2,6,0,0,0,0,0,0,0,0,0,0,,,,,
Doug Martin,RB,LV,15,CIN,0,0,0,0,0,39,0,9,0,0,0,1,0,0,0,0,0,0,0,0,0,0,,,,,
Drew Brees,QB,NO,15,CAR,203,0,35,23,1,-2,0,2,0,0,0,0,0,0,0,0,0,0,0,0,0,0,,,,,
Duke Johnson,RB,CLE,15,DEN,0,0,0,0,0,28,0,4,4,25,0,5,0,0,0,0,0,0,0,0,0,0,,,,,
Dustin Hopkins,K,WAS,15,JAX,0,0,0,0,0,0,0,0,0,0,0,0,0,0,0,0,0,2,1,0,0,1,,,,,
Dwayne Harris,WR,LV,15,CIN,0,0,0,0,0,0,0,0,0,0,0,0,0,0,0,0,0,0,0,0,0,0,,,,,
Ed Dickson,TE,SEA,15,SF,0,0,0,0,0,0,0,0,2,14,0,2,0,0,0,0,0,0,0,0,0,0,,,,,
Eli Manning,QB,NYG,15,TEN,229,0,44,21,1,0,0,0,0,0,0,0,0,0,0,0,0,0,0,0,0,0,,,,,
Eli Rogers,WR,PIT,15,NE,0,0,0,0,0,0,0,0,4,20,0,4,0,0,0,0,0,0,0,0,0,0,,,,,
Elijah McGuire,RB,NYJ,15,HOU,0,0,0,0,0,42,1,18,3,29,0,4,0,0,0,0,0,0,0,0,0,0,,,,,
Equanimeous St. Brown,WR,GB,15,CHI,0,0,0,0,0,0,0,0,1,7,0,3,0,0,0,0,0,0,0,0,0,0,,,,,
Eric Ebron,TE,IND,15,DAL,0,0,0,0,0,0,0,0,1,8,0,3,0,0,0,0,0,0,0,0,0,0,,,,,
Eric Tomlinson,TE,NYJ,15,HOU,0,0,0,0,0,0,0,0,1,11,0,1,0,0,0,0,0,0,0,0,0,0,,,,,
Evan Engram,TE,NYG,15,TEN,0,0,0,0,0,0,0,0,8,75,0,12,0,0,0,0,0,0,0,0,0,0,,,,,
Ezekiel Elliott,RB,DAL,15,IND,0,0,0,0,0,87,0,18,7,41,0,8,0,0,0,0,0,0,0,0,0,0,,,,,
Frank Gore,RB,MIA,15,MIN,0,0,0,0,0,14,0,5,0,0,0,0,0,0,0,0,0,0,0,0,0,0,,,,,
GB,DEF,GB,15,CHI,,,,,,,,,,,,,,,,,,,,,,,0,0,0,0,24.0
Garrett Celek,TE,SF,15,SEA,0,0,0,0,0,0,0,0,2,61,1,2,0,0,0,0,0,0,0,0,0,0,,,,,
George Kittle,TE,SF,15,SEA,0,0,0,0,0,0,0,0,3,51,0,8,0,0,0,0,0,0,0,0,0,0,,,,,
Gerald Everett,TE,LA,15,PHI,0,0,0,0,0,0,0,0,5,46,0,7,0,0,0,0,0,0,0,0,0,0,,,,,
Geremy Davis,WR,LAC,15,KC,0,0,0,0,0,0,0,0,0,0,0,0,0,0,0,0,0,0,0,0,0,0,,,,,
Giovani Bernard,RB,CIN,15,LV,0,0,0,0,0,7,0,6,2,25,0,2,0,0,0,0,0,0,0,0,0,0,,,,,
Golden Tate,WR,PHI,15,LA,0,0,0,0,0,0,0,0,5,43,0,5,0,0,0,0,0,0,0,0,0,0,,,,,
Greg Joseph,K,CLE,15,DEN,0,0,0,0,0,0,0,0,0,0,0,0,0,0,0,0,0,0,1,0,0,2,,,,,
Greg Zuerlein,K,LA,15,PHI,0,0,0,0,0,0,0,0,0,0,0,0,0,0,0,0,0,2,1,0,0,2,,,,,
Gus Edwards,RB,BAL,15,TB,0,0,0,0,0,104,1,19,0,0,0,0,0,0,0,0,0,0,0,0,0,0,,,,,
HOU,DEF,HOU,15,NYJ,,,,,,,,,,,,,,,,,,,,,,,0,0,0,0,22.0
Harrison Butker,K,KC,15,LAC,0,0,0,0,0,0,0,0,0,0,0,0,0,0,0,0,0,0,0,0,0,4,,,,,
Hayden Hurst,TE,BAL,15,TB,0,0,0,0,0,0,0,0,3,20,0,3,0,0,0,0,0,0,0,0,0,0,,,,,
IND,DEF,IND,15,DAL,,,,,,,,,,,,,,,,,,,,,,,0,0,0,0,0.0
Ian Thomas,TE,CAR,15,NO,0,0,0,0,0,0,0,0,2,14,0,4,0,0,0,0,0,0,0,0,0,0,,,,,
Isaiah McKenzie,WR,BUF,15,DET,0,0,0,0,0,4,0,1,6,53,0,7,0,0,0,0,0,0,0,0,0,0,,,,,
Ito Smith,RB,ATL,15,ARI,0,0,0,0,0,34,0,9,2,5,0,3,0,0,0,0,0,0,0,0,0,0,,,,,
J.D. McKissic,RB,SEA,15,SF,0,0,0,0,0,2,0,2,0,0,0,0,0,0,0,0,0,0,0,0,0,0,,,,,
JAX,DEF,JAX,15,WAS,,,,,,,,,,,,,,,,,,,,,,,0,0,0,0,16.0
Jacquizz Rodgers,RB,TB,15,BAL,0,0,0,0,0,0,0,0,1,1,0,1,0,0,0,0,0,0,0,0,0,0,,,,,
Jake Elliott,K,PHI,15,LA,0,0,0,0,0,0,0,0,0,0,0,0,0,0,0,0,0,1,1,1,0,3,,,,,
Jake Kumerow,WR,GB,15,CHI,0,0,0,0,0,0,0,0,1,5,0,2,0,0,0,0,0,0,0,0,0,0,,,,,
Jalen Richard,RB,LV,15,CIN,0,0,0,0,0,9,0,4,5,67,0,6,0,0,0,0,0,0,0,0,0,0,,,,,
Jalen Tolliver,WR,ARI,15,ATL,0,0,0,0,0,0,0,0,0,0,0,1,0,0,0,0,0,0,0,0,0,0,,,,,
Jamaal Williams,RB,GB,15,CHI,0,0,0,0,0,55,1,12,4,42,0,5,0,0,0,0,0,0,0,0,0,0,,,,,
Jameis Winston,QB,TB,15,BAL,157,0,25,13,1,0,0,2,0,0,0,0,0,0,0,0,0,0,0,0,0,0,,,,,
James O'Shaughnessy,TE,JAX,15,WAS,0,0,0,0,0,0,0,0,1,7,0,1,0,0,0,0,0,0,0,0,0,0,,,,,
James Washington,WR,PIT,15,NE,0,0,0,0,0,0,0,0,3,65,0,4,0,0,0,0,0,0,0,0,0,0,,,,,
James White,RB,NE,15,PIT,0,0,0,0,0,12,0,2,5,25,0,7,0,0,0,0,0,0,0,0,0,0,,,,,
Jamison Crowder,WR,WAS,15,JAX,0,0,0,0,0,0,0,0,4,46,0,4,0,0,0,0,0,0,0,0,0,0,,,,,
Jamize Olawale,RB,DAL,15,IND,0,0,0,0,0,0,0,0,0,0,0,1,0,0,0,0,0,0,0,0,0,0,,,,,
Jared Cook,TE,LV,15,CIN,0,0,0,0,0,0,0,0,2,23,0,5,0,0,0,0,0,0,0,0,0,0,,,,,
Jared Goff,QB,LA,15,PHI,339,0,53,35,1,11,0,2,0,0,0,0,0,0,0,0,0,0,0,0,0,0,,,,,
Jarius Wright,WR,CAR,15,NO,0,0,0,0,0,0,0,0,3,21,0,4,0,0,0,0,0,0,0,0,0,0,,,,,
Jarvis Landry,WR,CLE,15,DEN,0,0,0,0,0,0,0,0,3,37,0,8,0,0,0,0,0,0,0,0,0,0,,,,,
Jason Croom,TE,BUF,15,DET,0,0,0,0,0,0,0,0,1,25,0,1,0,0,0,0,0,0,0,0,0,0,,,,,
Jason Myers,K,NYJ,15,HOU,0,0,0,0,0,0,0,0,0,0,0,0,0,0,0,0,1,0,0,0,0,1,,,,,
Jason Sanders,K,MIA,15,MIN,0,0,0,0,0,0,0,0,0,0,0,0,0,0,0,0,1,0,0,0,0,2,,,,,
Javorius Allen,RB,BAL,15,TB,0,0,0,0,0,0,0,0,0,0,0,0,0,0,0,0,0,0,0,0,0,0,,,,,
Jawill Davis,WR,NYG,15,TEN,0,0,0,0,0,0,0,0,2,13,0,2,0,0,0,0,0,0,0,0,0,0,,,,,
Jaylen Samuels,RB,PIT,15,NE,0,0,0,0,0,142,0,19,2,30,0,2,0,0,0,0,0,0,0,0,0,0,,,,,
Jeff Driskel,QB,CIN,15,LV,130,1,33,14,1,32,0,7,0,0,0,0,0,0,0,0,0,0,0,0,0,0,,,,,
Jeff Wilson,RB,SF,15,SEA,0,0,0,0,0,46,0,7,0,0,0,1,0,0,0,0,0,0,0,0,0,0,,,,,
Jeremy Sprinkle,TE,WAS,15,JAX,0,0,0,0,0,0,0,0,3,19,1,3,0,0,0,0,0,0,0,0,0,0,,,,,
Jermaine Gresham,TE,ARI,15,ATL,0,0,0,0,0,0,0,0,1,16,0,1,0,0,0,0,0,0,0,0,0,0,,,,,
Jermaine Kearse,WR,NYJ,15,HOU,0,0,0,0,0,0,0,0,2,9,0,5,0,0,0,0,0,0,0,0,0,0,,,,,
Jesse James,TE,PIT,15,NE,0,0,0,0,0,0,0,0,1,9,0,1,0,0,0,0,0,0,0,0,0,0,,,,,
Jimmy Graham,TE,GB,15,CHI,0,0,0,0,0,0,0,0,3,32,0,4,0,0,0,0,0,0,0,0,0,0,,,,,
JoJo Natson,WR,LA,15,PHI,0,0,0,0,0,0,0,0,0,0,0,0,0,0,0,0,0,0,0,0,0,0,,,,,
Joe Mixon,RB,CIN,15,LV,0,0,0,0,0,129,2,27,2,1,0,4,0,0,0,0,0,0,0,0,0,0,,,,,
Joe Webb,QB,HOU,15,NYJ,0,0,0,0,0,0,0,0,0,0,0,0,0,0,0,0,0,0,0,0,0,0,,,,,
John Brown,WR,BAL,15,TB,0,0,0,0,0,0,0,0,1,9,0,3,0,0,0,0,0,0,0,0,0,0,,,,,
John Kelly,RB,LA,15,PHI,0,0,0,0,0,4,0,2,0,0,0,0,0,0,0,0,0,0,0,0,0,0,,,,,
John Ross,WR,CIN,15,LV,0,0,0,0,0,3,0,1,1,6,0,5,0,0,0,0,0,0,0,0,0,0,,,,,
Jordan Howard,RB,CHI,15,GB,0,0,0,0,0,60,1,19,1,15,0,1,0,0,0,0,0,0,0,0,0,0,,,,,
Jordan Leggett,TE,NYJ,15,HOU,0,0,0,0,0,0,0,0,1,8,0,1,0,0,0,0,0,0,0,0,0,0,,,,,
Jordan Wilkins,RB,IND,15,DAL,0,0,0,0,0,0,0,0,1,6,0,1,0,0,0,0,0,0,0,0,0,0,,,,,
Jordy Nelson,WR,LV,15,CIN,0,0,0,0,0,0,0,0,6,88,0,8,0,0,0,0,0,0,0,0,0,0,,,,,
Josh Adams,RB,PHI,15,LA,0,0,0,0,0,28,1,15,0,0,0,1,0,0,0,0,0,0,0,0,0,0,,,,,
Josh Allen,QB,BUF,15,DET,204,1,26,13,0,16,1,9,0,0,0,0,0,0,0,0,0,0,0,0,0,0,,,,,
Josh Bellamy,WR,CHI,15,GB,0,0,0,0,0,0,0,0,1,18,0,1,0,0,0,0,0,0,0,0,0,0,,,,,
Josh Doctson,WR,WAS,15,JAX,0,0,0,0,0,0,0,0,0,0,0,2,0,0,0,0,0,0,0,0,0,0,,,,,
Josh Gordon,WR,NE,15,PIT,0,0,0,0,0,0,0,0,1,19,0,2,0,0,0,0,0,0,0,0,0,0,,,,,
Josh Hill,TE,NO,15,CAR,0,0,0,0,0,0,0,0,2,24,0,3,0,0,0,0,0,0,0,0,0,0,,,,,
Josh Johnson,QB,WAS,15,JAX,151,1,25,16,0,49,0,9,0,0,0,0,0,0,0,0,0,0,0,0,0,0,,,,,
Josh Reynolds,WR,LA,15,PHI,0,0,0,0,0,0,0,0,5,70,0,12,0,0,0,0,0,0,0,0,0,0,,,,,
Josh Rosen,QB,ARI,15,ATL,132,0,22,13,2,8,0,2,0,0,0,0,0,0,0,0,0,0,0,0,0,0,,,,,
JuJu Smith-Schuster,WR,PIT,15,NE,0,0,0,0,0,0,0,0,4,40,0,10,0,0,0,0,0,0,0,0,0,0,,,,,
Julian Edelman,WR,NE,15,PIT,0,0,0,0,0,0,0,0,7,90,0,11,0,0,0,0,0,0,0,0,0,0,,,,,
Julio Jones,WR,ATL,15,ARI,0,0,0,0,0,0,0,0,6,82,1,8,0,0,0,0,0,0,0,0,0,0,,,,,
Justin Davis,RB,LA,15,PHI,0,0,0,0,0,0,0,1,0,0,0,0,0,0,0,0,0,0,0,0,0,0,,,,,
Justin Hardy,WR,ATL,15,ARI,0,0,0,0,0,0,0,0,3,29,1,3,0,0,0,0,0,0,0,0,0,0,,,,,
Justin Jackson,RB,LAC,15,KC,0,0,0,0,0,58,1,16,3,27,0,4,0,0,0,0,0,0,0,0,0,0,,,,,
Justin Tucker,K,BAL,15,TB,0,0,0,0,0,0,0,0,0,0,0,0,0,0,0,0,1,1,0,0,0,2,,,,,
Justin Watson,WR,TB,15,BAL,0,0,0,0,0,0,0,0,0,0,0,0,0,0,0,0,0,0,0,0,0,0,,,,,
KC,DEF,KC,15,LAC,,,,,,,,,,,,,,,,,,,,,,,0,0,0,0,29.0
Ka'imi Fairbairn,K,HOU,15,NYJ,0,0,0,0,0,0,0,0,0,0,0,0,0,0,0,0,0,1,3,1,0,2,,,,,
Kai Forbath,K,JAX,15,WAS,0,0,0,0,0,0,0,0,0,0,0,0,0,0,0,0,0,1,1,0,0,1,,,,,
Kalen Ballage,RB,MIA,15,MIN,0,0,0,0,0,123,1,12,1,-2,0,1,0,0,0,0,0,0,0,0,0,0,,,,,
Keelan Cole,WR,JAX,15,WAS,0,0,0,0,0,0,0,0,0,0,0,0,0,0,0,0,0,0,0,0,0,0,,,,,
Keith Ford,RB,BUF,15,DET,0,0,0,0,0,46,0,14,1,7,0,1,0,0,0,0,0,0,0,0,0,0,,,,,
Keith Kirkwood,WR,NO,15,CAR,0,0,0,0,0,0,0,0,2,40,0,2,0,0,0,0,0,0,0,0,0,0,,,,,
Kelvin Benjamin,WR,KC,15,LAC,0,0,0,0,0,0,0,0,1,17,0,2,0,0,0,0,0,0,0,0,0,0,,,,,
Kendrick Bourne,WR,SF,15,SEA,0,0,0,0,0,0,0,0,2,16,0,4,0,0,0,0,0,0,0,0,0,0,,,,,
Kenjon Barner,RB,CAR,15,NO,0,0,0,0,0,0,0,0,0,0,0,0,0,0,0,0,0,0,0,0,0,0,,,,,
Kenneth Dixon,RB,BAL,15,TB,0,0,0,0,0,48,0,11,1,2,0,1,0,0,0,0,0,0,0,0,0,0,,,,,
Kenny Golladay,WR,DET,15,BUF,0,0,0,0,0,0,0,0,7,146,0,8,0,0,0,0,0,0,0,0,0,0,,,,,
Kenny Stills,WR,MIA,15,MIN,0,0,0,0,0,0,0,0,1,17,0,3,0,0,0,0,0,0,0,0,0,0,,,,,
Kenyan Drake,RB,MIA,15,MIN,0,0,0,0,0,6,0,1,3,28,0,3,0,0,0,0,0,0,0,0,0,0,,,,,
KhaDarel Hodge,WR,LA,15,PHI,0,0,0,0,0,0,0,0,0,0,0,1,0,0,0,0,0,0,0,0,0,0,,,,,
Kirk Cousins,QB,MIN,15,MIA,215,2,21,14,1,7,0,5,0,0,0,0,0,0,0,0,0,0,0,0,0,0,,,,,
Kyle Juszczyk,RB,SF,15,SEA,0,0,0,0,0,0,0,0,1,3,0,1,0,0,0,0,0,0,0,0,0,0,,,,,
Kyle Rudolph,TE,MIN,15,MIA,0,0,0,0,0,0,0,0,3,23,0,3,0,0,0,0,0,0,0,0,0,0,,,,,
LA,DEF,LA,15,PHI,,,,,,,,,,,,,,,,,,,,,,,0,0,0,0,30.0
LAC,DEF,LAC,15,KC,,,,,,,,,,,,,,,,,,,,,,,0,0,0,0,28.0
LV,DEF,LV,15,CIN,,,,,,,,,,,,,,,,,,,,,,,0,0,0,0,0.0
Lamar Jackson,QB,BAL,15,TB,131,1,23,14,0,95,0,18,0,0,0,0,0,0,0,0,0,0,0,0,0,0,,,,,
Lamar Miller,RB,HOU,15,NYJ,0,0,0,0,0,8,0,3,0,0,0,0,0,0,0,0,0,0,0,0,0,0,,,,,
Lance Kendricks,TE,GB,15,CHI,0,0,0,0,0,0,0,0,4,27,0,4,0,0,0,0,0,0,0,0,0,0,,,,,
Laquon Treadwell,WR,MIN,15,MIA,0,0,0,0,0,0,0,0,0,0,0,1,0,0,0,0,0,0,0,0,0,0,,,,,
Larry Fitzgerald,WR,ARI,15,ATL,0,0,0,0,0,0,0,0,7,82,0,8,0,0,0,0,0,0,0,0,0,0,,,,,
Latavius Murray,RB,MIN,15,MIA,0,0,0,0,0,68,1,15,0,0,0,0,0,0,0,0,0,0,0,0,0,0,,,,,
LeGarrette Blount,RB,DET,15,BUF,0,0,0,0,0,9,0,7,0,0,0,1,0,0,0,0,0,0,0,0,0,0,,,,,
Lee Smith,TE,LV,15,CIN,0,0,0,0,0,0,0,0,1,1,1,1,0,0,0,0,0,0,0,0,0,0,,,,,
Leonard Fournette,RB,JAX,15,WAS,0,0,0,0,0,46,0,11,3,18,0,4,0,0,0,0,0,0,0,0,0,0,,,,,
Leonte Carroo,WR,MIA,15,MIN,0,0,0,0,0,0,0,0,0,0,0,0,0,0,0,0,0,0,0,0,0,0,,,,,
Levine Toilolo,TE,DET,15,BUF,0,0,0,0,0,0,0,0,4,28,0,4,0,0,0,0,0,0,0,0,0,0,,,,,
Luke Stocker,TE,TEN,15,NYG,0,0,0,0,0,0,0,0,2,27,0,2,0,0,0,0,0,0,0,0,0,0,,,,,
MIA,DEF,MIA,15,MIN,,,,,,,,,,,,,,,,,,,,,,,1,0,0,0,41.0
MIN,DEF,MIN,15,MIA,,,,,,,,,,,,,,,,,,,,,,,0,0,0,0,17.0
Malik Turner,WR,SEA,15,SF,0,0,0,0,0,0,0,0,0,0,0,0,0,0,0,0,0,0,0,0,0,0,,,,,
Marcell Ateman,WR,LV,15,CIN,0,0,0,0,0,0,0,0,2,20,0,5,0,0,0,0,0,0,0,0,0,0,,,,,
Marcus Mariota,QB,TEN,15,NYG,88,0,20,12,0,11,0,2,0,0,0,0,0,0,0,0,0,0,0,0,0,0,,,,,
Marcus Murphy,RB,BUF,15,DET,0,0,0,0,0,35,0,11,0,0,0,0,0,0,0,0,0,0,0,0,0,0,,,,,
Mark Andrews,TE,BAL,15,TB,0,0,0,0,0,0,0,0,2,31,0,4,0,0,0,0,0,0,0,0,0,0,,,,,
Mark Ingram,RB,NO,15,CAR,0,0,0,0,0,63,0,12,2,11,0,2,0,0,0,0,0,0,0,0,0,0,,,,,
Mark Walton,RB,CIN,15,LV,0,0,0,0,0,0,0,0,0,0,0,0,0,0,0,0,0,0,0,0,0,0,,,,,
Marlon Mack,RB,IND,15,DAL,0,0,0,0,0,139,2,27,1,10,0,1,0,0,0,0,0,0,0,0,0,0,,,,,
Marquez Valdes-Scantling,WR,GB,15,CHI,0,0,0,0,0,0,0,0,1,12,0,2,0,0,0,0,0,0,0,0,0,0,,,,,
Marquise Goodwin,WR,SF,15,SEA,0,0,0,0,0,0,0,0,1,7,0,1,0,0,0,0,0,0,0,0,0,0,,,,,
Marvin Hall,WR,ATL,15,ARI,0,0,0,0,0,0,0,0,1,10,0,3,0,0,0,0,0,0,0,0,0,0,,,,,
Mason Crosby,K,GB,15,CHI,0,0,0,0,0,0,0,0,0,0,0,0,0,0,0,0,0,0,3,0,0,0,,,,,
Matt Breida,RB,SF,15,SEA,0,0,0,0,0,50,0,17,5,46,0,5,0,0,0,0,0,0,0,0,0,0,,,,,
Matt Bryant,K,ATL,15,ARI,0,0,0,0,0,0,0,0,0,0,0,0,0,0,0,0,1,1,0,0,0,4,,,,,
Matt LaCosse,TE,DEN,15,CLE,0,0,0,0,0,0,0,0,4,43,0,6,0,0,0,0,0,0,0,0,0,0,,,,,
Matt Lengel,TE,CIN,15,LV,0,0,0,0,0,0,0,0,0,0,0,2,0,0,0,0,0,0,0,0,0,0,,,,,
Matt Prater,K,DET,15,BUF,0,0,0,0,0,0,0,0,0,0,0,0,0,0,0,0,0,0,0,0,0,1,,,,,
Matt Ryan,QB,ATL,15,ARI,231,2,36,22,0,18,1,3,0,0,0,0,0,0,0,0,0,0,0,0,0,0,,,,,
Matthew Stafford,QB,DET,15,BUF,208,1,29,22,0,0,0,0,0,0,0,0,0,0,0,0,0,0,0,0,0,0,,,,,
Maurice Harris,WR,WAS,15,JAX,0,0,0,0,0,0,0,0,1,13,0,2,0,0,0,0,0,0,0,0,0,0,,,,,
Maxx Williams,TE,BAL,15,TB,0,0,0,0,0,0,0,0,1,6,0,2,0,0,0,0,0,0,0,0,0,0,,,,,
Michael Crabtree,WR,BAL,15,TB,0,0,0,0,0,0,0,0,0,0,0,1,0,0,0,0,0,0,0,0,0,0,,,,,
Michael Floyd,WR,WAS,15,JAX,0,0,0,0,0,0,0,0,2,16,0,3,0,0,0,0,0,0,0,0,0,0,,,,,
Michael Thomas,WR,NO,15,CAR,0,0,0,0,0,0,0,0,7,49,0,9,0,0,0,0,0,0,0,0,0,0,,,,,
Mike Badgley,K,LAC,15,KC,0,0,0,0,0,0,0,0,0,0,0,0,0,0,0,0,0,0,0,0,0,3,,,,,
Mike Davis,RB,SEA,15,SF,0,0,0,0,0,21,0,5,8,63,0,8,0,0,0,0,0,0,0,0,0,0,,,,,
Mike Evans,WR,TB,15,BAL,0,0,0,0,0,0,0,0,4,121,0,9,0,0,0,0,0,0,0,0,0,0,,,,,
Mike Gesicki,TE,MIA,15,MIN,0,0,0,0,0,0,0,0,2,23,0,3,0,0,0,0,0,0,0,0,0,0,,,,,
Mike Glennon,QB,ARI,15,ATL,111,1,14,10,0,0,0,0,0,0,0,0,0,0,0,0,0,0,0,0,0,0,,,,,
Mike Williams,WR,LAC,15,KC,0,0,0,0,0,19,1,1,7,76,2,9,0,0,1,0,0,0,0,0,0,0,,,,,
Mitchell Trubisky,QB,CHI,15,GB,235,2,28,20,0,16,0,3,0,0,0,0,0,0,0,0,0,0,0,0,0,0,,,,,
Mohamed Sanu,WR,ATL,15,ARI,0,0,0,0,0,11,0,1,3,30,0,6,0,0,0,0,0,0,0,0,0,0,,,,,
MyCole Pruitt,TE,TEN,15,NYG,0,0,0,0,0,0,0,0,1,2,0,2,0,0,0,0,0,0,0,0,0,0,,,,,
NE,DEF,NE,15,PIT,,,,,,,,,,,,,,,,,,,,,,,0,0,0,0,17.0
NO,DEF,NO,15,CAR,,,,,,,,,,,,,,,,,,,,,,,0,0,0,0,9.0
NYG,DEF,NYG,15,TEN,,,,,,,,,,,,,,,,,,,,,,,0,0,0,0,17.0
NYJ,DEF,NYJ,15,HOU,,,,,,,,,,,,,,,,,,,,,,,0,0,0,0,29.0
Nelson Agholor,WR,PHI,15,LA,0,0,0,0,0,0,0,0,1,8,0,2,0,0,0,0,0,0,0,0,0,0,,,,,
Nick Chubb,RB,CLE,15,DEN,0,0,0,0,0,100,0,20,0,0,0,1,0,0,0,0,0,0,0,0,0,0,,,,,
Nick Foles,QB,PHI,15,LA,270,0,31,24,1,5,0,2,0,0,0,0,0,0,0,0,0,0,0,0,0,0,,,,,
Nick Mullens,QB,SF,15,SEA,275,1,29,20,0,-2,0,2,0,0,0,0,0,0,0,0,0,0,0,0,0,0,,,,,
Nick O'Leary,TE,MIA,15,MIN,0,0,0,0,0,0,0,0,0,0,0,1,0,0,0,0,0,0,0,0,0,0,,,,,
Nick Vannett,TE,SEA,15,SF,0,0,0,0,0,0,0,0,0,0,0,1,0,0,0,0,0,0,0,0,0,0,,,,,
Noah Brown,WR,DAL,15,IND,0,0,0,0,0,0,0,0,1,14,0,2,0,0,0,0,0,0,0,0,0,0,,,,,
Nyheim Hines,RB,IND,15,DAL,0,0,0,0,0,19,0,6,4,45,0,6,0,0,0,0,0,0,0,0,0,0,,,,,
PHI,DEF,PHI,15,LA,,,,,,,,,,,,,,,,,,,,,,,0,0,0,0,23.0
PIT,DEF,PIT,15,NE,,,,,,,,,,,,,,,,,,,,,,,0,0,0,0,10.0
Patrick DiMarco,RB,BUF,15,DET,0,0,0,0,0,9,0,1,0,0,0,0,0,0,0,0,0,0,0,0,0,0,,,,,
Patrick Mahomes,QB,KC,15,LAC,243,2,34,24,0,3,0,2,0,0,0,0,0,0,0,0,0,0,0,0,0,0,,,,,
Peyton Barber,RB,TB,15,BAL,0,0,0,0,0,85,1,19,2,4,0,2,0,0,0,0,0,0,0,0,0,0,,,,,
Pharoh Cooper,WR,LA,15,PHI,0,0,0,0,0,0,0,0,0,0,0,0,0,0,0,0,0,0,0,0,0,0,,,,,
Philip Rivers,QB,LAC,15,KC,313,2,38,26,2,0,0,0,0,0,0,0,0,0,1,0,0,0,0,0,0,0,,,,,
Phillip Lindsay,RB,DEN,15,CLE,0,0,0,0,0,24,0,14,4,20,0,6,0,0,0,0,0,0,0,0,0,0,,,,,
Randall Cobb,WR,GB,15,CHI,0,0,0,0,0,0,0,0,3,30,0,7,0,0,0,0,0,0,0,0,0,0,,,,,
Randy Bullock,K,CIN,15,LV,0,0,0,0,0,0,0,0,0,0,0,0,0,0,0,0,1,2,0,0,0,3,,,,,
Rashard Higgins,WR,CLE,15,DEN,0,0,0,0,0,0,0,0,2,30,0,3,0,0,0,0,0,0,0,0,0,0,,,,,
Ray-Ray McCloud,WR,BUF,15,DET,0,0,0,0,0,7,0,1,0,0,0,0,0,0,0,0,0,0,0,0,0,0,,,,,
Rex Burkhead,RB,NE,15,PIT,0,0,0,0,0,25,0,4,3,18,0,3,0,0,0,0,0,0,0,0,0,0,,,,,
Rhett Ellison,TE,NYG,15,TEN,0,0,0,0,0,0,0,0,0,0,0,1,0,0,0,0,0,0,0,0,0,0,,,,,
Richard Rodgers,TE,PHI,15,LA,0,0,0,0,0,0,0,0,0,0,0,0,0,0,0,0,0,0,0,0,0,0,,,,,
Richie James,WR,SF,15,SEA,0,0,0,0,0,0,0,0,0,0,0,0,1,0,0,0,0,0,0,0,0,0,,,,,
Ricky Seals-Jones,TE,ARI,15,ATL,0,0,0,0,0,0,0,0,3,22,0,8,0,0,0,0,0,0,0,0,0,0,,,,,
Rishard Matthews,WR,NYJ,15,HOU,0,0,0,0,0,0,0,0,1,7,0,1,0,0,0,0,0,0,0,0,0,0,,,,,
River Cracraft,WR,DEN,15,CLE,0,0,0,0,0,0,0,0,0,0,0,0,0,0,0,0,0,0,0,0,0,0,,,,,
Rob Gronkowski,TE,NE,15,PIT,0,0,0,0,0,0,0,0,2,21,0,5,0,0,0,0,0,0,0,0,0,0,,,,,
Robbie Chosen,WR,NYJ,15,HOU,0,0,0,0,0,0,0,0,7,96,1,11,0,0,0,0,0,0,0,0,0,0,,,,,
Robbie Gould,K,SF,15,SEA,0,0,0,0,0,0,0,0,0,0,0,0,0,0,0,0,1,2,1,0,0,2,,,,,
Robert Foster,WR,BUF,15,DET,0,0,0,0,0,0,0,0,4,108,1,5,0,0,0,0,0,0,0,0,0,0,,,,,
Robert Tonyan,TE,GB,15,CHI,0,0,0,0,0,0,0,0,0,0,0,0,0,0,0,0,0,0,0,0,0,0,,,,,
Robert Woods,WR,LA,15,PHI,0,0,0,0,0,19,0,1,7,74,0,9,0,0,0,0,0,0,0,0,0,0,,,,,
Rod Smith,RB,DAL,15,IND,0,0,0,0,0,14,0,3,0,0,0,0,0,0,0,0,0,0,0,0,0,0,,,,,
Ronald Jones,RB,TB,15,BAL,0,0,0,0,0,0,0,0,1,-1,0,2,0,0,0,0,0,0,0,0,0,0,,,,,
Royce Freeman,RB,DEN,15,CLE,0,0,0,0,0,7,0,4,1,1,0,1,0,0,0,0,0,0,0,0,0,0,,,,,
Russell Gage,WR,ATL,15,ARI,0,0,0,0,0,0,0,0,2,33,0,4,0,0,0,0,0,0,0,0,0,0,,,,,
Russell Shepard,WR,NYG,15,TEN,0,0,0,0,0,0,0,0,2,28,0,4,0,0,0,0,0,0,0,0,0,0,,,,,
Russell Wilson,QB,SEA,15,SF,237,2,31,23,0,15,0,5,0,0,0,0,0,0,0,0,0,0,0,0,0,0,,,,,
Ryan Grant,WR,IND,15,DAL,0,0,0,0,0,0,0,0,2,16,0,2,0,0,0,0,0,0,0,0,0,0,,,,,
Ryan Griffin,TE,HOU,15,NYJ,0,0,0,0,0,0,0,0,1,-1,0,1,0,0,0,0,0,0,0,0,0,0,,,,,
Ryan Succop,K,TEN,15,NYG,0,0,0,0,0,0,0,0,0,0,0,0,0,0,0,0,1,0,0,0,0,2,,,,,
Ryan Switzer,WR,PIT,15,NE,0,0,0,0,0,3,0,1,2,9,0,2,0,0,0,0,0,0,0,0,0,0,,,,,
Ryan Tannehill,QB,MIA,15,MIN,108,0,24,11,0,1,0,1,0,0,0,0,0,0,0,0,0,0,0,0,0,0,,,,,
SEA,DEF,SEA,15,SF,,,,,,,,,,,,,,,,,,,,,,,0,0,0,0,26.0
SF,DEF,SF,15,SEA,,,,,,,,,,,,,,,,,,,,,,,0,0,0,0,23.0
Sam Darnold,QB,NYJ,15,HOU,253,2,38,24,0,35,0,6,0,0,0,0,0,0,0,0,0,0,0,0,0,0,,,,,
Saquon Barkley,RB,NYG,15,TEN,0,0,0,0,0,31,0,14,4,25,0,10,0,0,0,0,0,0,0,0,0,0,,,,,
Sebastian Janikowski,K,SEA,15,SF,0,0,0,0,0,0,0,0,0,0,0,0,0,0,0,0,0,0,1,0,0,2,,,,,
Senorise Perry,RB,MIA,15,MIN,0,0,0,0,0,0,0,0,0,0,0,0,0,0,0,0,0,0,0,0,0,0,,,,,
Seth Roberts,WR,LV,15,CIN,0,0,0,0,0,-2,0,1,3,29,0,4,0,0,0,0,0,0,0,0,0,0,,,,,
Shelton Gibson,WR,PHI,15,LA,0,0,0,0,0,0,0,0,0,0,0,0,0,0,0,0,0,0,0,0,0,0,,,,,
Sony Michel,RB,NE,15,PIT,0,0,0,0,0,59,0,13,0,0,0,0,0,0,0,0,0,0,0,0,0,0,,,,,
Stefon Diggs,WR,MIN,15,MIA,0,0,0,0,0,9,0,1,4,49,1,7,0,0,0,0,0,0,0,0,0,0,,,,,
Stephen Gostkowski,K,NE,15,PIT,0,0,0,0,0,0,0,0,0,0,0,0,0,0,0,0,0,1,0,0,0,1,,,,,
Sterling Shepard,WR,NYG,15,TEN,0,0,0,0,0,0,0,0,2,37,0,9,0,0,0,0,0,0,0,0,0,0,,,,,
Stevan Ridley,RB,PIT,15,NE,0,0,0,0,0,16,0,3,0,0,0,0,0,0,0,0,0,0,0,0,0,0,,,,,
Steven Hauschka,K,BUF,15,DET,0,0,0,0,0,0,0,0,0,0,0,0,0,0,0,0,0,0,0,0,0,2,,,,,
T.J. Jones,WR,DET,15,BUF,0,0,0,0,0,0,0,0,1,5,0,3,0,0,0,0,0,0,0,0,0,0,,,,,
T.J. Logan,RB,ARI,15,ATL,0,0,0,0,0,-3,0,1,4,18,0,4,0,0,0,0,0,0,0,0,0,0,,,,,
T.J. Yeldon,RB,JAX,15,WAS,0,0,0,0,0,6,0,3,1,5,0,2,0,0,0,0,0,0,0,0,0,0,,,,,
T.Y. Hilton,WR,IND,15,DAL,0,0,0,0,0,0,0,0,5,85,0,8,0,0,0,0,0,0,0,0,0,0,,,,,
TB,DEF,TB,15,BAL,,,,,,,,,,,,,,,,,,,,,,,0,0,0,0,20.0
TEN,DEF,TEN,15,NYG,,,,,,,,,,,,,,,,,,,,,,,0,0,0,0,0.0
Tajae Sharpe,WR,TEN,15,NYG,0,0,0,0,0,0,0,0,1,6,0,1,0,0,0,0,0,0,0,0,0,0,,,,,
Taquan Mizzell,RB,CHI,15,GB,0,0,0,0,0,1,0,1,1,9,0,1,0,0,0,0,0,0,0,0,0,0,,,,,
Tarik Cohen,RB,CHI,15,GB,0,0,0,0,0,24,0,5,5,31,1,6,0,0,0,0,0,0,0,0,0,0,,,,,
Taylor Gabriel,WR,CHI,15,GB,0,0,0,0,0,0,0,0,3,33,0,3,0,0,0,0,0,0,0,0,0,0,,,,,
Taysom Hill,TE,NO,15,CAR,0,0,0,0,0,17,0,1,0,0,0,1,0,0,0,0,0,0,0,0,0,0,,,,,
Taywan Taylor,WR,TEN,15,NYG,0,0,0,0,0,0,0,0,2,17,0,5,0,0,0,0,0,0,0,0,0,0,,,,,
Tevin Coleman,RB,ATL,15,ARI,0,0,0,0,0,145,1,11,0,0,0,1,0,0,0,0,0,0,0,0,0,0,,,,,
Theo Riddick,RB,DET,15,BUF,0,0,0,0,0,47,0,8,2,9,0,3,0,0,0,0,0,0,0,0,0,0,,,,,
Tim Patrick,WR,DEN,15,CLE,0,0,0,0,0,0,0,0,5,65,0,8,0,0,0,0,0,0,0,0,0,0,,,,,
Todd Gurley,RB,LA,15,PHI,0,0,0,0,0,48,2,12,10,76,0,13,0,0,0,0,0,0,0,0,0,0,,,,,
Tom Brady,QB,NE,15,PIT,279,1,36,25,1,0,0,0,0,0,0,0,0,0,0,0,0,0,0,0,0,0,,,,,
Tommylee Lewis,WR,NO,15,CAR,0,0,0,0,0,4,0,1,0,0,0,0,0,0,0,0,0,0,0,0,0,0,,,,,
Travis Benjamin,WR,LAC,15,KC,0,0,0,0,0,8,0,1,2,57,0,3,0,0,0,0,0,0,0,0,0,0,,,,,
Travis Kelce,TE,KC,15,LAC,0,0,0,0,0,0,0,0,7,61,0,9,0,0,0,0,0,0,0,0,0,0,,,,,
Tre'Quan Smith,WR,NO,15,CAR,0,0,0,0,0,0,0,0,2,15,0,4,0,0,0,0,0,0,0,0,0,0,,,,,
Trent Sherfield,WR,ARI,15,ATL,0,0,0,0,0,0,0,0,3,15,1,5,0,0,0,0,0,0,0,0,0,0,,,,,
Trent Taylor,WR,SF,15,SEA,0,0,0,0,0,0,0,0,1,8,0,2,0,0,0,0,0,0,0,0,0,0,,,,,
Trenton Cannon,RB,NYJ,15,HOU,0,0,0,0,0,13,0,7,3,24,0,4,0,0,0,0,0,0,0,0,0,0,,,,,
Trey Burton,TE,CHI,15,GB,0,0,0,0,0,0,0,0,4,36,1,7,0,0,0,0,0,0,0,0,0,0,,,,,
Tyler Boyd,WR,CIN,15,LV,0,0,0,0,0,0,0,0,4,38,1,5,0,0,0,0,0,0,0,0,0,0,,,,,
Tyler Conklin,TE,MIN,15,MIA,0,0,0,0,0,0,0,0,2,53,0,3,0,0,0,0,0,0,0,0,0,0,,,,,
Tyler Higbee,TE,LA,15,PHI,0,0,0,0,0,0,0,0,2,14,0,2,0,0,0,0,0,0,0,0,0,0,,,,,
Tyler Lockett,WR,SEA,15,SF,0,0,0,0,0,11,0,1,2,45,0,2,0,0,0,0,0,0,0,0,0,0,,,,,
Tyreek Hill,WR,KC,15,LAC,0,0,0,0,0,-5,0,3,4,46,0,7,0,0,0,0,0,0,0,0,0,0,,,,,
Tyrell Williams,WR,LAC,15,KC,0,0,0,0,0,0,0,0,6,71,0,12,0,0,0,0,0,0,0,0,0,0,,,,,
Vance McDonald,TE,PIT,15,NE,0,0,0,0,0,0,0,0,2,13,1,3,0,0,0,0,0,0,0,0,0,0,,,,,
Vernon Davis,TE,WAS,15,JAX,0,0,0,0,0,0,0,0,2,16,0,3,0,0,0,0,0,0,0,0,0,0,,,,,
Virgil Green,TE,LAC,15,KC,0,0,0,0,0,0,0,0,2,9,0,3,0,0,0,0,0,0,0,0,0,0,,,,,
WAS,DEF,WAS,15,JAX,,,,,,,,,,,,,,,,,,,,,,,0,0,0,0,13.0
Wendell Smallwood,RB,PHI,15,LA,0,0,0,0,0,48,2,10,2,9,0,2,0,0,0,0,0,0,0,0,0,0,,,,,
Wil Lutz,K,NO,15,CAR,0,0,0,0,0,0,0,0,0,0,0,0,0,0,0,0,1,0,1,0,0,0,,,,,
Willie Snead,WR,BAL,15,TB,0,0,0,0,0,0,0,0,5,58,0,6,0,0,0,0,0,0,0,0,0,0,,,,,
Zach Ertz,TE,PHI,15,LA,0,0,0,0,0,0,0,0,3,22,0,7,0,0,0,0,0,0,0,0,0,0,,,,,
Zach Pascal,WR,IND,15,DAL,0,0,0,0,0,0,0,0,1,12,0,3,0,0,0,0,0,0,0,0,0,0,,,,,
Zach Zenner,RB,DET,15,BUF,0,0,0,0,0,45,1,10,3,0,0,4,0,0,0,0,0,0,0,0,0,0,,,,,
Zane Gonzalez,K,ARI,15,ATL,0,0,0,0,0,0,0,0,0,0,0,0,0,0,0,0,0,0,0,0,0,2,,,,,
Zay Jones,WR,BUF,15,DET,0,0,0,0,0,0,0,0,1,11,0,6,0,0,0,0,0,0,0,0,0,0,,,,,
ARI,DEF,ARI,16,LA,,,,,,,,,,,,,,,,,,,,,,,0,0,0,0,31.0
ATL,DEF,ATL,16,CAR,,,,,,,,,,,,,,,,,,,,,,,0,0,0,0,10.0
Aaron Rodgers,QB,GB,16,NYJ,442,2,55,37,0,32,2,5,0,0,0,0,0,0,1,0,0,0,0,0,0,0,,,,,
Adam Humphries,WR,TB,16,DAL,0,0,0,0,0,0,0,0,10,79,0,12,0,0,0,0,0,0,0,0,0,0,,,,,
Adam Shaheen,TE,CHI,16,SF,0,0,0,0,0,0,0,0,1,4,0,2,0,0,0,0,0,0,0,0,0,0,,,,,
Adam Thielen,WR,MIN,16,DET,0,0,0,0,0,3,0,1,5,80,0,6,0,0,0,0,0,0,0,0,0,0,,,,,
Adam Vinatieri,K,IND,16,NYG,0,0,0,0,0,0,0,0,0,0,0,0,0,0,0,0,0,0,0,0,0,4,,,,,
Adrian Peterson,RB,WAS,16,TEN,0,0,0,0,0,119,0,26,1,8,0,2,0,0,0,0,0,0,0,0,0,0,,,,,
Aldrick Robinson,WR,MIN,16,DET,0,0,0,0,0,0,0,0,0,0,0,2,0,0,0,0,0,0,0,0,0,0,,,,,
Aldrick Rosas,K,NYG,16,IND,0,0,0,0,0,0,0,0,0,0,0,0,0,0,0,0,1,0,1,0,0,3,,,,,
Alex Erickson,WR,CIN,16,CLE,0,0,0,0,0,0,0,0,2,35,0,2,0,0,0,0,0,0,0,0,0,0,,,,,
Alfred Blue,RB,HOU,16,PHI,0,0,0,0,0,14,0,4,4,26,0,5,0,0,0,0,0,0,0,0,0,0,,,,,
Allen Hurns,WR,DAL,16,TB,0,0,0,0,0,0,0,0,0,0,0,0,0,0,0,0,0,0,0,0,0,0,,,,,
Allen Robinson,WR,CHI,16,SF,0,0,0,0,0,9,0,1,6,85,0,8,0,0,0,0,0,0,0,0,0,0,,,,,
Alshon Jeffery,WR,PHI,16,HOU,0,0,0,0,0,0,0,0,3,82,0,5,0,0,0,0,0,0,0,0,0,0,,,,,
Alvin Kamara,RB,NO,16,PIT,0,0,0,0,0,23,2,7,4,82,0,6,0,0,0,0,0,0,0,0,0,0,,,,,
Amari Cooper,WR,DAL,16,TB,0,0,0,0,0,0,0,0,4,20,0,5,0,0,0,0,0,0,0,0,0,0,,,,,
Ameer Abdullah,RB,MIN,16,DET,0,0,0,0,0,0,0,0,0,0,0,0,0,0,0,0,0,0,0,0,0,0,,,,,
Andre Roberts,WR,NYJ,16,GB,0,0,0,0,0,0,0,0,0,0,0,0,1,0,0,0,0,0,0,0,0,0,,,,,
Andrew Luck,QB,IND,16,NYG,357,2,47,31,1,13,0,2,0,0,0,0,0,0,0,0,0,0,0,0,0,0,,,,,
Andy Jones,WR,DET,16,MIN,0,0,0,0,0,0,0,0,1,12,0,5,0,0,0,0,0,0,0,0,0,0,,,,,
Anthony Firkser,TE,TEN,16,WAS,0,0,0,0,0,0,0,0,2,16,0,3,0,0,0,0,0,0,0,0,0,0,,,,,
Anthony Miller,WR,CHI,16,SF,0,0,0,0,0,4,0,1,3,24,1,3,0,0,0,0,0,0,0,0,0,0,,,,,
Antonio Brown,WR,PIT,16,NO,0,0,0,0,0,0,0,0,14,185,2,19,0,0,0,0,0,0,0,0,0,0,,,,,
Antonio Callaway,WR,CLE,16,CIN,0,0,0,0,0,0,0,0,0,0,0,1,0,0,0,0,0,0,0,0,0,0,,,,,
Antonio Gates,TE,LAC,16,BAL,0,0,0,0,0,0,0,0,3,21,0,5,0,0,0,0,0,0,0,0,0,0,,,,,
Antony Auclair,TE,TB,16,DAL,0,0,0,0,0,0,0,0,0,0,0,0,0,0,0,0,0,0,0,0,0,0,,,,,
Austin Hooper,TE,ATL,16,CAR,0,0,0,0,0,0,0,0,2,36,0,2,0,0,0,0,0,0,0,0,0,0,,,,,
BAL,DEF,BAL,16,LAC,,,,,,,,,,,,,,,,,,,,,,,0,0,0,0,10.0
BUF,DEF,BUF,16,NE,,,,,,,,,,,,,,,,,,,,,,,0,0,0,0,24.0
Baker Mayfield,QB,CLE,16,CIN,284,3,37,27,0,16,0,6,0,0,0,0,0,0,0,0,0,0,0,0,0,0,,,,,
Ben Braunecker,TE,CHI,16,SF,0,0,0,0,0,0,0,0,1,18,0,1,0,0,0,0,0,0,0,0,0,0,,,,,
Ben Roethlisberger,QB,PIT,16,NO,380,3,50,33,0,4,0,2,0,0,0,0,0,0,1,0,0,0,0,0,0,0,,,,,
Benjamin Watson,TE,NO,16,PIT,0,0,0,0,0,0,0,0,1,6,0,2,0,0,0,0,0,0,0,0,0,0,,,,,
Bennie Fowler,WR,NYG,16,IND,0,0,0,0,0,0,0,0,1,26,0,3,0,0,0,0,0,0,0,0,0,0,,,,,
Blaine Gabbert,QB,TEN,16,WAS,101,1,11,7,0,0,0,0,0,0,0,0,0,0,0,0,0,0,0,0,0,0,,,,,
Blake Bell,TE,JAX,16,MIA,0,0,0,0,0,0,0,0,0,0,0,1,0,0,0,0,0,0,0,0,0,0,,,,,
Blake Bortles,QB,JAX,16,MIA,39,0,6,5,0,25,0,4,0,0,0,0,0,0,0,0,0,0,0,0,0,0,,,,,
Blake Jarwin,TE,DAL,16,TB,0,0,0,0,0,0,0,0,2,8,0,3,0,0,0,0,0,0,0,0,0,0,,,,,
Bobo Wilson,WR,TB,16,DAL,0,0,0,0,0,0,0,0,2,28,0,3,0,0,0,0,0,0,0,0,0,0,,,,,
Boston Scott,RB,PHI,16,HOU,0,0,0,0,0,0,0,0,0,0,0,0,0,0,0,0,0,0,0,0,0,0,,,,,
Brandin Cooks,WR,LA,16,ARI,0,0,0,0,0,27,0,3,3,35,0,3,0,0,0,0,0,0,0,0,0,0,,,,,
Brandon Bolden,RB,MIA,16,JAX,0,0,0,0,0,9,0,4,1,4,1,1,0,0,0,0,0,0,0,0,0,0,,,,,
Brandon McManus,K,DEN,16,LV,0,0,0,0,0,0,0,0,0,0,0,0,0,0,0,0,0,0,0,0,0,2,,,,,
Brandon Powell,WR,DET,16,MIN,0,0,0,0,0,0,0,0,1,9,0,2,0,0,0,0,0,0,0,0,0,0,,,,,
Brandon Zylstra,WR,MIN,16,DET,0,0,0,0,0,0,0,0,0,0,0,0,0,0,0,0,0,0,0,0,0,0,,,,,
Breshad Perriman,WR,CLE,16,CIN,0,0,0,0,0,0,0,0,2,76,0,4,0,0,0,0,0,0,0,0,0,0,,,,,
Brett Maher,K,DAL,16,TB,0,0,0,0,0,0,0,0,0,0,0,0,0,0,0,0,1,0,0,1,0,3,,,,,
Brian Hill,RB,ATL,16,CAR,0,0,0,0,0,115,0,8,0,0,0,1,0,0,0,0,0,0,0,0,0,0,,,,,
Brian Hoyer,QB,NE,16,BUF,0,0,1,0,0,-2,0,2,0,0,0,0,0,0,0,0,0,0,0,0,0,0,,,,,
Brian Parker,TE,DEN,16,LV,0,0,0,0,0,0,0,0,2,10,0,3,0,0,0,0,0,0,0,0,0,0,,,,,
Brice Butler,WR,MIA,16,JAX,0,0,0,0,0,0,0,0,0,0,0,0,0,0,0,0,0,0,0,0,0,0,,,,,
Bronson Kaufusi,TE,NYJ,16,GB,0,0,0,0,0,0,0,0,0,0,0,0,0,0,0,0,0,0,0,0,0,0,,,,,
Byron Marshall,RB,WAS,16,TEN,0,0,0,0,0,0,0,0,0,0,0,1,0,0,0,0,0,0,0,0,0,0,,,,,
C.J. Anderson,RB,LA,16,ARI,0,0,0,0,0,167,1,20,1,-5,0,3,0,0,0,0,0,0,0,0,0,0,,,,,
C.J. Uzomah,TE,CIN,16,CLE,0,0,0,0,0,0,0,0,4,49,1,5,0,0,0,0,0,0,0,0,0,0,,,,,
CAR,DEF,CAR,16,ATL,,,,,,,,,,,,,,,,,,,,,,,0,0,0,0,24.0
CHI,DEF,CHI,16,SF,,,,,,,,,,,,,,,,,,,,,,,0,0,0,0,9.0
CIN,DEF,CIN,16,CLE,,,,,,,,,,,,,,,,,,,,,,,0,0,0,0,26.0
CLE,DEF,CLE,16,CIN,,,,,,,,,,,,,,,,,,,,,,,0,0,0,0,18.0
Cairo Santos,K,TB,16,DAL,0,0,0,0,0,0,0,0,0,0,0,0,0,0,0,0,0,1,1,0,0,2,,,,,
Calvin Ridley,WR,ATL,16,CAR,0,0,0,0,0,0,0,0,3,90,1,5,0,0,0,0,0,0,0,0,0,0,,,,,
Cameron Artis-Payne,RB,CAR,16,ATL,0,0,0,0,0,7,0,1,1,13,0,2,0,0,0,0,0,0,0,0,0,0,,,,,
Cameron Brate,TE,TB,16,DAL,0,0,0,0,0,0,0,0,2,8,0,3,0,0,0,0,0,0,0,0,0,0,,,,,
Carlos Hyde,RB,JAX,16,MIA,0,0,0,0,0,47,0,8,0,0,0,0,0,0,0,0,0,0,0,0,0,0,,,,,
Case Keenum,QB,DEN,16,LV,202,2,37,23,2,19,0,3,0,0,0,0,0,0,0,0,0,0,0,0,0,0,,,,,
Chad Beebe,WR,MIN,16,DET,0,0,0,0,0,0,0,0,0,0,0,0,0,0,0,0,0,0,0,0,0,0,,,,,
Chad Williams,WR,ARI,16,LA,0,0,0,0,0,0,0,0,1,7,0,4,0,0,0,0,0,0,0,0,0,0,,,,,
Chandler Catanzaro,K,CAR,16,ATL,0,0,0,0,0,0,0,0,0,0,0,0,0,0,0,0,0,0,0,1,0,1,,,,,
Charcandrick West,RB,KC,16,SEA,0,0,0,0,0,1,0,1,2,37,1,3,0,0,0,0,0,0,0,0,0,0,,,,,
Chase Edmonds,RB,ARI,16,LA,0,0,0,0,0,20,0,4,1,1,0,2,0,0,0,0,0,0,0,0,0,0,,,,,
Chester Rogers,WR,IND,16,NYG,0,0,0,0,0,0,0,0,7,54,1,7,0,0,0,0,0,0,0,0,0,0,,,,,
Chris Boswell,K,PIT,16,NO,0,0,0,0,0,0,0,0,0,0,0,0,0,0,0,0,0,1,1,0,0,2,,,,,
Chris Carson,RB,SEA,16,KC,0,0,0,0,0,116,2,27,0,0,0,0,0,0,0,0,0,0,0,0,0,0,,,,,
Chris Conley,WR,KC,16,SEA,0,0,0,0,0,0,0,0,3,54,0,5,0,0,0,0,0,0,0,0,0,0,,,,,
Chris Godwin Jr.,WR,TB,16,DAL,0,0,0,0,0,0,0,0,3,39,0,6,0,0,0,0,0,0,0,0,0,0,,,,,
Chris Herndon,TE,NYJ,16,GB,0,0,0,0,0,0,0,0,6,82,1,7,0,0,0,0,0,0,0,0,0,0,,,,,
Chris Manhertz,TE,CAR,16,ATL,0,0,0,0,0,0,0,0,0,0,0,0,0,0,0,0,0,0,0,0,0,0,,,,,
Chris Moore,WR,BAL,16,LAC,0,0,0,0,0,0,0,0,1,8,0,1,0,0,0,0,0,0,0,0,0,0,,,,,
Chris Thompson,RB,WAS,16,TEN,0,0,0,0,0,20,0,4,1,8,0,1,0,0,0,0,0,0,0,0,0,0,,,,,
Christian McCaffrey,RB,CAR,16,ATL,0,0,0,0,0,101,0,21,12,77,0,13,0,0,0,0,0,0,0,0,0,0,,,,,
Cody Core,WR,CIN,16,CLE,0,0,0,0,0,0,0,0,2,36,0,3,0,0,1,0,0,0,0,0,0,0,,,,,
Cody Kessler,QB,JAX,16,MIA,106,0,17,12,0,2,0,1,0,0,0,0,0,0,0,0,0,0,0,0,0,0,,,,,
Cody Latimer,WR,NYG,16,IND,0,0,0,0,0,0,0,0,1,10,0,1,0,0,0,0,0,0,0,0,0,0,,,,,
Cody Parkey,K,CHI,16,SF,0,0,0,0,0,0,0,0,0,0,0,0,0,0,0,0,0,0,0,0,0,2,,,,,
Cole Beasley,WR,DAL,16,TB,0,0,0,0,0,0,0,0,5,50,0,5,0,0,0,0,0,0,0,0,0,0,,,,,
Cordarrelle Patterson,RB,NE,16,BUF,0,0,0,0,0,66,0,4,1,3,0,2,0,0,0,0,0,0,0,0,0,0,,,,,
Corey Coleman,WR,NYG,16,IND,0,0,0,0,0,5,0,1,0,0,0,1,0,0,0,0,0,0,0,0,0,0,,,,,
Corey Davis,WR,TEN,16,WAS,0,0,0,0,0,1,0,1,3,45,0,5,0,0,0,0,0,0,0,0,0,0,,,,,
Courtland Sutton,WR,DEN,16,LV,0,0,0,0,0,0,0,0,6,65,1,10,0,0,0,0,0,0,0,0,0,0,,,,,
Curtis Samuel,WR,CAR,16,ATL,0,0,0,0,0,0,0,0,7,41,0,13,0,0,0,0,0,0,0,0,0,0,,,,,
D'Onta Foreman,RB,HOU,16,PHI,0,0,0,0,0,-1,0,7,2,28,1,2,0,0,0,0,0,0,0,0,0,0,,,,,
DAL,DEF,DAL,16,TB,,,,,,,,,,,,,,,,,,,,,,,0,0,0,0,20.0
DEN,DEF,DEN,16,LV,,,,,,,,,,,,,,,,,,,,,,,0,0,0,0,27.0
DET,DEF,DET,16,MIN,,,,,,,,,,,,,,,,,,,,,,,0,0,0,0,27.0
DJ Moore,WR,CAR,16,ATL,0,0,0,0,0,0,0,0,2,19,0,7,0,0,0,0,0,0,0,0,0,0,,,,,
DaeSean Hamilton,WR,DEN,16,LV,0,0,0,0,0,0,0,0,6,40,1,9,0,0,0,0,0,0,0,0,0,0,,,,,
Dak Prescott,QB,DAL,16,TB,161,1,25,20,0,2,1,4,0,0,0,0,0,0,0,0,0,0,0,0,0,0,,,,,
Dallas Goedert,TE,PHI,16,HOU,0,0,0,0,0,0,0,0,3,30,0,3,0,0,0,0,0,0,0,0,0,0,,,,,
Dalton Schultz,TE,DAL,16,TB,0,0,0,0,0,0,0,0,0,0,0,0,0,0,0,0,0,0,0,0,0,0,,,,,
Dalvin Cook,RB,MIN,16,DET,0,0,0,0,0,73,0,16,3,35,0,3,0,0,0,0,0,0,0,0,0,0,,,,,
Damien Williams,RB,KC,16,SEA,0,0,0,0,0,103,0,13,7,37,1,7,0,0,0,0,0,0,0,0,0,0,,,,,
Dan Bailey,K,MIN,16,DET,0,0,0,0,0,0,0,0,0,0,0,0,0,0,0,0,2,0,0,0,0,3,,,,,
Daniel Carlson,K,LV,16,DEN,0,0,0,0,0,0,0,0,0,0,0,0,0,0,0,0,0,0,2,0,0,3,,,,,
Danny Amendola,WR,MIA,16,JAX,0,0,0,0,0,-2,0,1,3,40,0,3,0,0,0,0,0,0,0,0,0,0,,,,,
Danny Vitale,RB,GB,16,NYJ,0,0,0,0,0,0,0,0,1,2,0,2,0,0,0,0,0,0,0,0,0,0,,,,,
Dante Pettis,WR,SF,16,CHI,0,0,0,0,0,0,0,0,3,21,0,5,0,0,0,0,0,0,0,0,0,0,,,,,
Darius Jackson,RB,DAL,16,TB,0,0,0,0,0,0,0,0,0,0,0,0,0,0,0,0,0,0,0,0,0,0,,,,,
Darius Jennings,WR,TEN,16,WAS,0,0,0,0,0,2,0,1,3,29,0,3,0,0,0,0,0,0,0,0,0,0,,,,,
Darren Fells,TE,CLE,16,CIN,0,0,0,0,0,0,0,0,3,18,1,3,0,0,0,0,0,0,0,0,0,0,,,,,
Darren Sproles,RB,PHI,16,HOU,0,0,0,0,0,32,0,9,3,76,1,6,0,0,0,0,0,0,0,0,0,0,,,,,
Darren Waller,TE,LV,16,DEN,0,0,0,0,0,0,0,0,2,8,0,2,0,0,0,0,0,0,0,0,0,0,,,,,
Davante Adams,WR,GB,16,NYJ,0,0,0,0,0,0,0,0,11,71,1,18,0,0,0,0,0,0,0,0,0,0,,,,,
David Johnson,RB,ARI,16,LA,0,0,0,0,0,35,0,10,1,32,1,5,0,0,0,0,0,0,0,0,0,0,,,,,
David Moore,WR,SEA,16,KC,0,0,0,0,0,0,0,0,1,7,0,3,0,0,0,0,0,0,0,0,0,0,,,,,
David Njoku,TE,CLE,16,CIN,0,0,0,0,0,0,0,0,3,73,1,4,0,0,0,0,0,0,0,0,0,0,,,,,
DeAndre Carter,WR,HOU,16,PHI,0,0,0,0,0,0,0,0,6,61,0,7,0,0,0,0,0,0,0,0,0,0,,,,,
DeAndre Hopkins,WR,HOU,16,PHI,0,0,0,0,0,0,0,0,9,104,0,12,0,0,0,0,0,0,0,0,0,0,,,,,
DeAndre Washington,RB,LV,16,DEN,0,0,0,0,0,-1,0,1,0,0,0,0,0,0,0,0,0,0,0,0,0,0,,,,,
DeSean Jackson,WR,TB,16,DAL,0,0,0,0,0,4,0,1,1,24,0,4,0,0,0,0,0,0,0,0,0,0,,,,,
DeVante Parker,WR,MIA,16,JAX,0,0,0,0,0,0,0,0,2,13,0,3,0,0,0,0,0,0,0,0,0,0,,,,,
Dede Westbrook,WR,JAX,16,MIA,0,0,1,0,0,9,0,1,7,45,0,8,0,0,0,0,0,0,0,0,0,0,,,,,
Demarcus Robinson,WR,KC,16,SEA,0,0,0,0,0,0,0,0,2,17,1,3,0,0,0,0,0,0,0,0,0,0,,,,,
Demaryius Thomas,WR,HOU,16,PHI,0,0,0,0,0,0,0,0,3,37,0,5,0,0,0,0,0,0,0,0,0,0,,,,,
Demetrius Harris,TE,KC,16,SEA,0,0,0,0,0,0,0,0,0,0,0,1,0,0,0,0,0,0,0,0,0,0,,,,,
Deontay Burnett,WR,NYJ,16,GB,0,0,0,0,0,0,0,0,0,0,0,2,0,0,0,0,0,0,0,0,0,0,,,,,
Deonte Thompson,WR,BUF,16,NE,0,0,0,0,0,0,0,0,1,11,0,2,0,0,0,0,0,0,0,0,0,0,,,,,
Derek Carr,QB,LV,16,DEN,167,0,26,19,0,-3,0,4,0,0,0,0,0,0,0,0,0,0,0,0,0,0,,,,,
Derek Carrier,TE,LV,16,DEN,0,0,0,0,0,0,0,0,0,0,0,0,0,0,0,0,0,0,0,0,0,0,,,,,
Derrick Henry,RB,TEN,16,WAS,0,0,1,0,0,84,1,21,1,8,0,1,0,0,0,0,0,0,0,0,0,0,,,,,
Deshaun Watson,QB,HOU,16,PHI,339,2,40,29,0,49,2,8,0,0,0,0,0,0,0,0,0,0,0,0,0,0,,,,,
Devin Funchess,WR,CAR,16,ATL,0,0,0,0,0,0,0,0,2,23,0,4,0,0,0,0,0,0,0,0,0,0,,,,,
Devontae Booker,RB,DEN,16,LV,0,0,0,0,0,21,0,3,3,21,0,5,0,0,0,0,0,0,0,0,0,0,,,,,
Dion Lewis,RB,TEN,16,WAS,0,0,0,0,0,5,0,3,3,20,0,4,0,0,0,0,0,0,0,0,0,0,,,,,
Donte Moncrief,WR,JAX,16,MIA,0,0,0,0,0,0,0,0,4,43,0,4,0,0,0,0,0,0,0,0,0,0,,,,,
Dontrell Hilliard,RB,CLE,16,CIN,0,0,0,0,0,0,0,0,1,15,0,1,0,0,0,0,0,0,0,0,0,0,,,,,
Dontrelle Inman,WR,IND,16,NYG,0,0,0,0,0,0,0,0,4,46,1,5,0,0,0,0,0,0,0,0,0,0,,,,,
Doug Baldwin,WR,SEA,16,KC,0,0,0,0,0,0,0,0,7,126,1,12,0,0,0,0,0,0,0,0,0,0,,,,,
Doug Martin,RB,LV,16,DEN,0,0,0,0,0,107,1,21,1,9,0,2,0,0,0,0,0,0,0,0,0,0,,,,,
Drew Brees,QB,NO,16,PIT,326,1,39,27,0,-1,0,1,0,0,0,0,0,0,0,0,0,0,0,0,0,0,,,,,
Duke Johnson,RB,CLE,16,CIN,0,0,0,0,0,12,0,2,6,54,0,6,0,0,0,0,0,0,0,0,0,0,,,,,
Durham Smythe,TE,MIA,16,JAX,0,0,0,0,0,0,0,0,1,9,0,2,0,0,0,0,0,0,0,0,0,0,,,,,
Dustin Hopkins,K,WAS,16,TEN,0,0,0,0,0,0,0,0,0,0,0,0,0,0,0,0,0,0,2,1,0,1,,,,,
Dwayne Harris,WR,LV,16,DEN,0,0,0,0,0,0,0,0,0,0,0,0,1,0,0,0,0,0,0,0,0,0,,,,,
Ed Dickson,TE,SEA,16,KC,0,0,0,0,0,0,0,0,3,19,1,3,0,0,0,0,0,0,0,0,0,0,,,,,
Eli Manning,QB,NYG,16,IND,309,1,33,25,1,0,1,2,0,0,0,0,0,0,0,0,0,0,0,0,0,0,,,,,
Eli Rogers,WR,PIT,16,NO,0,0,0,0,0,0,0,0,1,2,0,1,0,0,1,0,0,0,0,0,0,0,,,,,
Elijah McGuire,RB,NYJ,16,GB,0,0,0,0,0,35,1,14,3,50,1,5,0,0,0,0,0,0,0,0,0,0,,,,,
Equanimeous St. Brown,WR,GB,16,NYJ,0,0,0,0,0,0,0,0,5,94,0,5,0,0,0,0,0,0,0,0,0,0,,,,,
Eric Ebron,TE,IND,16,NYG,0,0,0,0,0,0,0,0,3,28,0,5,0,0,0,0,0,0,0,0,0,0,,,,,
Evan Engram,TE,NYG,16,IND,0,0,0,0,0,26,0,2,6,87,0,6,0,0,0,0,0,0,0,0,0,0,,,,,
Ezekiel Elliott,RB,DAL,16,TB,0,0,0,0,0,85,0,18,5,24,0,6,0,0,0,0,0,0,0,0,0,0,,,,,
GB,DEF,GB,16,NYJ,,,,,,,,,,,,,,,,,,,,,,,0,0,0,0,38.0
George Kittle,TE,SF,16,CHI,0,0,0,0,0,0,0,0,7,74,0,12,0,0,0,0,0,0,0,0,0,0,,,,,
Gerald Everett,TE,LA,16,ARI,0,0,0,0,0,16,0,2,5,28,0,6,0,0,0,0,0,0,0,0,0,0,,,,,
Geremy Davis,WR,LAC,16,BAL,0,0,0,0,0,0,0,0,0,0,0,0,0,0,0,0,0,0,0,0,0,0,,,,,
Giovani Bernard,RB,CIN,16,CLE,0,0,0,0,0,0,0,0,2,0,0,2,0,0,0,0,0,0,0,0,0,0,,,,,
Godwin Igwebuike,RB,SF,16,CHI,0,0,0,0,0,0,0,0,0,0,0,0,0,0,0,0,0,0,0,0,0,0,,,,,
Golden Tate,WR,PHI,16,HOU,0,0,0,0,0,0,0,0,2,13,0,3,0,0,0,0,0,0,0,0,0,0,,,,,
Greg Joseph,K,CLE,16,CIN,0,0,0,0,0,0,0,0,0,0,0,0,0,0,0,0,0,2,0,0,0,2,,,,,
Greg Zuerlein,K,LA,16,ARI,0,0,0,0,0,0,0,0,0,0,0,0,0,0,0,0,1,0,0,0,0,4,,,,,
Gus Edwards,RB,BAL,16,LAC,0,0,0,0,0,92,0,14,1,13,0,1,0,0,0,0,0,0,0,0,0,0,,,,,
HOU,DEF,HOU,16,PHI,,,,,,,,,,,,,,,,,,,,,,,0,0,0,0,32.0
Harrison Butker,K,KC,16,SEA,0,0,0,0,0,0,0,0,0,0,0,0,0,0,0,0,1,1,0,1,0,2,,,,,
Hayden Hurst,TE,BAL,16,LAC,0,0,0,0,0,0,0,0,1,18,0,2,0,0,0,0,0,0,0,0,0,0,,,,,
IND,DEF,IND,16,NYG,,,,,,,,,,,,,,,,,,,,,,,0,0,0,0,27.0
Ian Thomas,TE,CAR,16,ATL,0,0,0,0,0,0,0,0,4,48,1,5,0,0,0,0,0,0,0,0,0,0,,,,,
Isaiah McKenzie,WR,BUF,16,NE,0,0,0,0,0,0,0,0,1,8,0,8,0,0,0,0,0,0,0,0,0,0,,,,,
J'Mon Moore,WR,GB,16,NYJ,0,0,0,0,0,0,0,0,0,0,0,0,0,0,0,0,0,0,0,0,0,0,,,,,
J.D. McKissic,RB,SEA,16,KC,0,0,0,0,0,6,0,1,0,0,0,0,0,0,0,0,0,0,0,0,0,0,,,,,
JAX,DEF,JAX,16,MIA,,,,,,,,,,,,,,,,,,,,,,,1,0,0,0,7.0
Jacquizz Rodgers,RB,TB,16,DAL,0,0,0,0,0,2,1,2,7,55,0,7,0,0,0,0,0,0,0,0,0,0,,,,,
Jake Elliott,K,PHI,16,HOU,0,0,0,0,0,0,0,0,0,0,0,0,0,0,0,0,0,1,1,0,0,2,,,,,
Jake Kumerow,WR,GB,16,NYJ,0,0,0,0,0,0,0,0,3,68,1,3,0,0,0,0,0,0,0,0,0,0,,,,,
Jalen Richard,RB,LV,16,DEN,0,0,0,0,0,11,1,4,4,40,0,5,0,0,0,0,0,0,0,0,0,0,,,,,
Jalen Tolliver,WR,ARI,16,LA,0,0,0,0,0,0,0,0,1,15,0,3,0,0,0,0,0,0,0,0,0,0,,,,,
Jamaal Williams,RB,GB,16,NYJ,0,0,0,0,0,95,1,15,6,61,0,9,0,0,0,0,0,0,0,0,0,0,,,,,
Jamal Agnew,WR,DET,16,MIN,0,0,0,0,0,0,0,0,0,0,0,0,0,0,0,0,0,0,0,0,0,0,,,,,
Jameis Winston,QB,TB,16,DAL,336,1,48,34,0,14,0,4,0,0,0,0,0,0,0,0,0,0,0,0,0,0,,,,,
James O'Shaughnessy,TE,JAX,16,MIA,0,0,0,0,0,0,0,0,0,0,0,0,0,0,0,0,0,0,0,0,0,0,,,,,
James Washington,WR,PIT,16,NO,0,0,0,0,0,0,0,0,0,0,0,2,0,0,0,0,0,0,0,0,0,0,,,,,
James White,RB,NE,16,BUF,0,0,0,0,0,41,1,8,2,13,0,4,0,0,0,0,0,0,0,0,0,0,,,,,
Jamison Crowder,WR,WAS,16,TEN,0,0,0,0,0,0,0,0,5,78,0,7,0,0,0,0,0,0,0,0,0,0,,,,,
Jared Cook,TE,LV,16,DEN,0,0,0,0,0,0,0,0,2,20,0,3,0,0,0,0,0,0,0,0,0,0,,,,,
Jared Goff,QB,LA,16,ARI,216,1,24,19,0,6,1,2,0,0,0,0,0,0,0,0,0,0,0,0,0,0,,,,,
Jarius Wright,WR,CAR,16,ATL,0,0,0,0,0,0,0,0,7,69,0,8,0,0,0,0,0,0,0,0,0,0,,,,,
Jaron Brown,WR,SEA,16,KC,0,0,0,0,0,0,0,0,1,9,0,1,0,0,0,0,0,0,0,0,0,0,,,,,
Jarvis Landry,WR,CLE,16,CIN,63,0,1,1,0,6,0,1,4,47,0,8,0,0,0,0,0,0,0,0,0,0,,,,,
Jason Croom,TE,BUF,16,NE,0,0,0,0,0,0,0,0,4,55,0,6,0,0,0,0,0,0,0,0,0,0,,,,,
Jason Myers,K,NYJ,16,GB,0,0,0,0,0,0,0,0,0,0,0,0,0,0,0,0,0,1,0,0,0,5,,,,,
Jason Sanders,K,MIA,16,JAX,0,0,0,0,0,0,0,0,0,0,0,0,0,0,0,0,0,0,0,0,0,1,,,,,
Jawill Davis,WR,NYG,16,IND,0,0,0,0,0,0,0,0,0,0,0,0,0,0,0,0,0,0,0,0,0,0,,,,,
Jaylen Samuels,RB,PIT,16,NO,0,0,0,0,0,53,0,12,3,11,1,3,0,0,0,0,0,0,0,0,0,0,,,,,
Jeff Driskel,QB,CIN,16,CLE,133,2,19,13,0,21,0,5,0,0,0,0,0,0,1,0,0,0,0,0,0,0,,,,,
Jeff Wilson,RB,SF,16,CHI,0,0,0,0,0,27,0,11,2,11,0,2,0,0,0,0,0,0,0,0,0,0,,,,,
Jeremy Sprinkle,TE,WAS,16,TEN,0,0,0,0,0,0,0,0,2,22,0,3,0,0,0,0,0,0,0,0,0,0,,,,,
Jermaine Kearse,WR,NYJ,16,GB,0,0,0,0,0,0,0,0,4,55,0,4,0,0,0,0,0,0,0,0,0,0,,,,,
Jerome Cunningham,TE,DET,16,MIN,0,0,0,0,0,0,0,0,0,0,0,1,0,0,0,0,0,0,0,0,0,0,,,,,
Jimmy Graham,TE,GB,16,NYJ,0,0,0,0,0,0,0,0,3,34,0,4,0,0,0,0,0,0,0,0,0,0,,,,,
JoJo Natson,WR,LA,16,ARI,0,0,0,0,0,0,0,0,0,0,0,0,0,0,0,0,0,0,0,0,0,0,,,,,
Joe Mixon,RB,CIN,16,CLE,0,0,0,0,0,68,0,17,2,10,0,2,0,0,0,0,0,0,0,0,0,0,,,,,
John Brown,WR,BAL,16,LAC,0,0,0,0,0,0,0,0,2,27,0,6,0,0,0,0,0,0,0,0,0,0,,,,,
John Kelly,RB,LA,16,ARI,0,0,0,0,0,40,0,10,1,9,0,1,0,0,0,0,0,0,0,0,0,0,,,,,
John Phillips,TE,ARI,16,LA,0,0,0,0,0,0,0,0,1,9,0,1,0,0,0,0,0,0,0,0,0,0,,,,,
John Ross,WR,CIN,16,CLE,0,0,0,0,0,7,0,1,1,3,1,5,0,0,0,0,0,0,0,0,0,0,,,,,
Jordan Akins,TE,HOU,16,PHI,0,0,0,0,0,0,0,0,2,33,0,3,0,0,0,0,0,0,0,0,0,0,,,,,
Jordan Howard,RB,CHI,16,SF,0,0,0,0,0,53,1,13,2,17,0,3,0,0,0,0,0,0,0,0,0,0,,,,,
Jordan Leggett,TE,NYJ,16,GB,0,0,0,0,0,0,0,0,1,9,0,1,0,0,0,0,0,0,0,0,0,0,,,,,
Jordan Matthews,TE,PHI,16,HOU,0,0,0,0,0,0,0,0,2,13,0,3,0,0,0,0,0,0,0,0,0,0,,,,,
Jordy Nelson,WR,LV,16,DEN,0,0,0,0,0,0,0,0,7,75,0,10,0,0,0,0,0,0,0,0,0,0,,,,,
Josh Adams,RB,PHI,16,HOU,0,0,0,0,0,21,0,11,0,0,0,1,0,0,0,0,0,0,0,0,0,0,,,,,
Josh Allen,QB,BUF,16,NE,217,1,41,20,2,30,0,5,0,0,0,0,0,0,0,0,0,0,0,0,0,0,,,,,
Josh Bellamy,WR,CHI,16,SF,0,0,0,0,0,0,0,0,1,6,0,1,0,0,0,0,0,0,0,0,0,0,,,,,
Josh Doctson,WR,WAS,16,TEN,0,0,0,0,0,0,0,0,3,30,0,6,0,0,0,0,0,0,0,0,0,0,,,,,
Josh Hill,TE,NO,16,PIT,0,0,0,0,0,0,0,0,2,1,0,3,0,0,0,0,0,0,0,0,0,0,,,,,
Josh Johnson,QB,WAS,16,TEN,153,1,23,13,2,22,0,4,0,0,0,0,0,0,0,0,0,0,0,0,0,0,,,,,
Josh Reynolds,WR,LA,16,ARI,0,0,0,0,0,0,0,0,2,44,0,2,0,0,0,0,0,0,0,0,0,0,,,,,
Josh Rosen,QB,ARI,16,LA,87,0,23,12,0,49,0,4,0,0,0,0,0,0,0,0,0,0,0,0,0,0,,,,,
JuJu Smith-Schuster,WR,PIT,16,NO,0,0,0,0,0,0,0,0,11,115,0,15,0,0,0,0,0,0,0,0,0,0,,,,,
Julian Edelman,WR,NE,16,BUF,0,0,0,0,0,0,0,0,6,70,1,10,0,0,0,0,0,0,0,0,0,0,,,,,
Julio Jones,WR,ATL,16,CAR,0,0,0,0,0,0,0,0,4,28,1,5,0,0,0,0,0,0,0,0,0,0,,,,,
Justin Hardy,WR,ATL,16,CAR,0,0,0,0,0,0,0,0,0,0,0,0,0,0,0,0,0,0,0,0,0,0,,,,,
Justin Jackson,RB,LAC,16,BAL,0,0,0,0,0,-1,0,1,7,47,0,10,0,0,0,0,0,0,0,0,0,0,,,,,
Justin Tucker,K,BAL,16,LAC,0,0,0,0,0,0,0,0,0,0,0,0,0,0,0,0,1,1,0,1,0,1,,,,,
KC,DEF,KC,16,SEA,,,,,,,,,,,,,,,,,,,,,,,0,0,0,0,38.0
Ka'imi Fairbairn,K,HOU,16,PHI,0,0,0,0,0,0,0,0,0,0,0,0,0,0,0,0,0,1,0,0,0,3,,,,,
Kai Forbath,K,JAX,16,MIA,0,0,0,0,0,0,0,0,0,0,0,0,0,0,0,0,1,0,0,0,0,2,,,,,
Kalen Ballage,RB,MIA,16,JAX,0,0,0,0,0,10,0,4,2,39,0,4,0,0,0,0,0,0,0,0,0,0,,,,,
Keelan Cole,WR,JAX,16,MIA,0,0,0,0,0,0,0,0,0,0,0,2,0,0,0,0,0,0,0,0,0,0,,,,,
Keenan Allen,WR,LAC,16,BAL,0,0,0,0,0,0,0,0,5,58,0,8,0,0,0,0,0,0,0,0,0,0,,,,,
Keith Ford,RB,BUF,16,NE,0,0,0,0,0,33,0,7,2,14,0,4,0,0,0,0,0,0,0,0,0,0,,,,,
Keith Kirkwood,WR,NO,16,PIT,0,0,0,0,0,0,0,0,2,35,0,4,0,0,0,0,0,0,0,0,0,0,,,,,
Kelvin Benjamin,WR,KC,16,SEA,0,0,0,0,0,0,0,0,0,0,0,2,0,0,0,0,0,0,0,0,0,0,,,,,
Kendrick Bourne,WR,SF,16,CHI,0,0,0,0,0,0,0,0,4,73,0,6,0,0,0,0,0,0,0,0,0,0,,,,,
Kenjon Barner,RB,CAR,16,ATL,0,0,0,0,0,0,0,0,1,3,0,1,0,0,0,0,0,0,0,0,0,0,,,,,
Kenneth Dixon,RB,BAL,16,LAC,0,0,0,0,0,28,0,8,2,20,0,3,0,0,0,0,0,0,0,0,0,0,,,,,
Kenny Golladay,WR,DET,16,MIN,0,0,0,0,0,0,0,0,6,58,0,15,0,0,0,0,0,0,0,0,0,0,,,,,
Kenny Stills,WR,MIA,16,JAX,0,0,0,0,0,0,0,0,1,5,0,2,0,0,0,0,0,0,0,0,0,0,,,,,
Kenyan Drake,RB,MIA,16,JAX,0,0,0,0,0,23,0,6,4,31,0,5,0,0,0,0,0,0,0,0,0,0,,,,,
KhaDarel Hodge,WR,LA,16,ARI,0,0,0,0,0,0,0,0,0,0,0,0,0,0,0,0,0,0,0,0,0,0,,,,,
Kirk Cousins,QB,MIN,16,DET,253,3,28,21,0,1,0,1,0,0,0,0,0,0,0,0,0,0,0,0,0,0,,,,,
Kyle Allen,QB,CAR,16,ATL,38,0,4,4,0,0,0,0,0,0,0,0,0,0,0,0,0,0,0,0,0,0,,,,,
Kyle Rudolph,TE,MIN,16,DET,0,0,0,0,0,0,0,0,9,122,2,9,0,0,0,0,0,0,0,0,0,0,,,,,
LA,DEF,LA,16,ARI,,,,,,,,,,,,,,,,,,,,,,,0,0,0,0,9.0
LAC,DEF,LAC,16,BAL,,,,,,,,,,,,,,,,,,,,,,,0,0,0,0,22.0
LV,DEF,LV,16,DEN,,,,,,,,,,,,,,,,,,,,,,,0,0,0,0,0.0
Lamar Jackson,QB,BAL,16,LAC,204,1,22,12,0,39,0,13,0,0,0,0,0,0,0,0,0,0,0,0,0,0,,,,,
Lance Kendricks,TE,GB,16,NYJ,0,0,0,0,0,0,0,0,2,26,0,2,0,0,0,0,0,0,0,0,0,0,,,,,
Larry Fitzgerald,WR,ARI,16,LA,32,1,1,1,0,0,0,0,6,53,0,9,0,0,0,0,0,0,0,0,0,0,,,,,
Latavius Murray,RB,MIN,16,DET,0,0,0,0,0,22,0,9,2,6,0,2,0,0,0,0,0,0,0,0,0,0,,,,,
LeGarrette Blount,RB,DET,16,MIN,0,0,0,0,0,29,0,11,2,-5,0,4,0,0,0,0,0,0,0,0,0,0,,,,,
LeSean McCoy,RB,BUF,16,NE,0,0,0,0,0,9,0,6,3,10,0,3,0,0,0,0,0,0,0,0,0,0,,,,,
Leonard Fournette,RB,JAX,16,MIA,0,0,0,0,0,43,1,18,3,28,0,5,0,0,0,0,0,0,0,0,0,0,,,,,
Leonte Carroo,WR,MIA,16,JAX,0,0,0,0,0,0,0,0,0,0,0,0,0,0,0,0,0,0,0,0,0,0,,,,,
Levine Toilolo,TE,DET,16,MIN,0,0,0,0,0,0,0,0,1,16,0,1,0,0,0,0,0,0,0,0,0,0,,,,,
Logan Thomas,TE,BUF,16,NE,0,0,0,0,0,0,0,0,0,0,0,1,0,0,0,0,0,0,0,0,0,0,,,,,
Luke Stocker,TE,TEN,16,WAS,0,0,0,0,0,0,0,0,0,0,0,1,0,0,0,0,0,0,0,0,0,0,,,,,
MIA,DEF,MIA,16,JAX,,,,,,,,,,,,,,,,,,,,,,,0,0,0,0,17.0
MIN,DEF,MIN,16,DET,,,,,,,,,,,,,,,,,,,,,,,0,0,0,0,9.0
Marcell Ateman,WR,LV,16,DEN,0,0,0,0,0,0,0,0,0,0,0,0,0,0,0,0,0,0,0,0,0,0,,,,,
Marcus Mariota,QB,TEN,16,WAS,110,0,13,10,0,7,0,1,0,0,0,0,0,0,0,0,0,0,0,0,0,0,,,,,
Mark Andrews,TE,BAL,16,LAC,0,0,0,0,0,0,0,0,2,83,1,2,0,0,0,0,0,0,0,0,0,0,,,,,
Mark Ingram,RB,NO,16,PIT,0,0,0,0,0,35,1,11,1,8,0,2,0,0,0,0,0,0,0,0,0,0,,,,,
Mark Walton,RB,CIN,16,CLE,0,0,0,0,0,0,0,0,0,0,0,0,0,0,0,0,0,0,0,0,0,0,,,,,
Marlon Mack,RB,IND,16,NYG,0,0,0,0,0,34,1,12,1,4,0,3,0,0,0,0,0,0,0,0,0,0,,,,,
Marquez Valdes-Scantling,WR,GB,16,NYJ,0,0,0,0,0,0,0,0,5,75,0,9,0,0,0,0,0,0,0,0,0,0,,,,,
Marquise Goodwin,WR,SF,16,CHI,0,0,0,0,0,0,0,0,3,29,0,9,0,0,0,0,0,0,0,0,0,0,,,,,
Marvin Hall,WR,ATL,16,CAR,0,0,0,0,0,0,0,0,0,0,0,1,0,0,0,0,0,0,0,0,0,0,,,,,
Mason Crosby,K,GB,16,NYJ,0,0,0,0,0,0,0,0,0,0,0,0,0,0,0,0,1,1,1,0,0,3,,,,,
Matt Breida,RB,SF,16,CHI,0,0,0,0,0,20,0,4,1,6,0,1,0,0,0,0,0,0,0,0,0,0,,,,,
Matt Bryant,K,ATL,16,CAR,0,0,0,0,0,0,0,0,0,0,0,0,0,0,0,0,0,1,0,0,0,3,,,,,
Matt Cassel,QB,DET,16,MIN,45,0,11,5,0,14,0,1,0,0,0,0,0,0,0,0,0,0,0,0,0,0,,,,,
Matt Dayes,RB,SF,16,CHI,0,0,0,0,0,0,0,0,0,0,0,0,0,0,0,0,0,0,0,0,0,0,,,,,
Matt Prater,K,DET,16,MIN,0,0,0,0,0,0,0,0,0,0,0,0,0,0,0,0,0,1,2,0,0,0,,,,,
Matt Ryan,QB,ATL,16,CAR,239,3,26,15,0,-1,0,1,0,0,0,0,0,0,0,0,0,0,0,0,0,0,,,,,
Matthew Slater,WR,NE,16,BUF,0,0,0,0,0,0,0,0,0,0,0,0,0,0,0,0,0,0,0,0,0,0,,,,,
Matthew Stafford,QB,DET,16,MIN,116,0,32,18,0,0,0,0,0,0,0,0,0,0,0,0,0,0,0,0,0,0,,,,,
Melvin Gordon,RB,LAC,16,BAL,0,0,0,0,0,41,1,12,3,13,0,3,0,0,0,0,0,0,0,0,0,0,,,,,
Michael Crabtree,WR,BAL,16,LAC,0,0,0,0,0,0,0,0,1,20,0,4,0,0,0,0,0,0,0,0,0,0,,,,,
Michael Floyd,WR,WAS,16,TEN,0,0,0,0,0,0,0,0,1,7,1,3,0,0,0,0,0,0,0,0,0,0,,,,,
Michael Gallup,WR,DAL,16,TB,0,0,0,0,0,0,0,0,3,53,1,4,0,0,0,0,0,0,0,0,0,0,,,,,
Michael Thomas,WR,NO,16,PIT,0,0,0,0,0,0,0,0,11,109,1,13,0,0,0,0,0,0,0,0,0,0,,,,,
Mike Badgley,K,LAC,16,BAL,0,0,0,0,0,0,0,0,0,0,0,0,0,0,0,0,0,1,0,0,0,1,,,,,
Mike Davis,RB,SEA,16,KC,0,0,0,0,0,31,0,7,0,0,0,1,0,0,0,0,0,0,0,0,0,0,,,,,
Mike Evans,WR,TB,16,DAL,0,0,0,0,0,0,0,0,6,90,1,10,0,0,0,0,0,0,0,0,0,0,,,,,
Mike Gesicki,TE,MIA,16,JAX,0,0,0,0,0,0,0,0,1,5,0,1,0,0,0,0,0,0,0,0,0,0,,,,,
Mike Glennon,QB,ARI,16,LA,63,0,7,5,0,0,0,0,0,0,0,0,0,0,0,0,0,0,0,0,0,0,,,,,
Mike Williams,WR,LAC,16,BAL,0,0,0,0,0,4,0,1,1,7,0,3,0,0,0,0,0,0,0,0,0,0,,,,,
Mitchell Trubisky,QB,CHI,16,SF,246,1,29,25,0,3,0,5,0,0,0,0,0,0,0,0,0,0,0,0,0,0,,,,,
Mo Alie-Cox,TE,IND,16,NYG,0,0,0,0,0,0,0,0,0,0,0,1,0,0,0,0,0,0,0,0,0,0,,,,,
Mohamed Sanu,WR,ATL,16,CAR,0,0,0,0,0,29,0,2,5,81,1,8,0,0,0,0,0,0,0,0,0,0,,,,,
MyCole Pruitt,TE,TEN,16,WAS,0,0,0,0,0,0,0,0,2,29,1,3,0,0,0,0,0,0,0,0,0,0,,,,,
NE,DEF,NE,16,BUF,,,,,,,,,,,,,,,,,,,,,,,0,0,0,0,12.0
NO,DEF,NO,16,PIT,,,,,,,,,,,,,,,,,,,,,,,0,0,0,0,28.0
NYG,DEF,NYG,16,IND,,,,,,,,,,,,,,,,,,,,,,,0,0,0,0,28.0
NYJ,DEF,NYJ,16,GB,,,,,,,,,,,,,,,,,,,,,,,0,0,0,0,44.0
Nate Sudfeld,QB,PHI,16,HOU,0,0,1,0,0,0,0,0,0,0,0,0,0,0,0,0,0,0,0,0,0,0,,,,,
Nelson Agholor,WR,PHI,16,HOU,0,0,0,0,0,0,0,0,5,116,1,7,0,0,0,0,0,0,0,0,0,0,,,,,
Nick Boyle,TE,BAL,16,LAC,0,0,0,0,0,0,0,0,2,15,0,2,0,0,0,0,0,0,0,0,0,0,,,,,
Nick Chubb,RB,CLE,16,CIN,0,0,0,0,0,112,0,19,2,3,0,3,0,0,0,0,0,0,0,0,0,0,,,,,
Nick Foles,QB,PHI,16,HOU,471,4,49,35,1,1,0,1,0,0,0,0,0,0,0,0,0,0,0,0,0,0,,,,,
Nick Mullens,QB,SF,16,CHI,241,0,38,22,1,0,0,0,0,0,0,0,0,0,0,0,0,0,0,0,0,0,,,,,
Nick Vannett,TE,SEA,16,KC,0,0,0,0,0,0,0,0,2,11,1,2,0,0,0,0,0,0,0,0,0,0,,,,,
Noah Brown,WR,DAL,16,TB,0,0,0,0,0,0,0,0,1,6,0,2,0,0,0,0,0,0,0,0,0,0,,,,,
Nyheim Hines,RB,IND,16,NYG,0,0,0,0,0,2,1,2,4,41,0,5,0,0,0,0,0,0,0,0,0,0,,,,,
PHI,DEF,PHI,16,HOU,,,,,,,,,,,,,,,,,,,,,,,0,0,0,0,30.0
PIT,DEF,PIT,16,NO,,,,,,,,,,,,,,,,,,,,,,,0,0,0,0,31.0
Patrick Mahomes,QB,KC,16,SEA,273,3,40,23,0,33,0,3,0,0,0,0,0,0,1,0,0,0,0,0,0,0,,,,,
Peyton Barber,RB,TB,16,DAL,0,0,0,0,0,43,0,17,3,13,0,3,0,0,0,0,0,0,0,0,0,0,,,,,
Pharoh Cooper,WR,ARI,16,LA,0,0,0,0,0,0,0,0,0,0,0,0,0,0,0,0,0,0,0,0,0,0,,,,,
Philip Rivers,QB,LAC,16,BAL,181,0,37,23,2,1,0,1,0,0,0,0,0,0,0,0,0,0,0,0,0,0,,,,,
Phillip Dorsett,WR,NE,16,BUF,0,0,0,0,0,13,0,2,0,0,0,0,0,0,0,0,0,0,0,0,0,0,,,,,
Phillip Lindsay,RB,DEN,16,LV,0,0,0,0,0,46,0,10,2,11,0,2,0,0,0,0,0,0,0,0,0,0,,,,,
Randy Bullock,K,CIN,16,CLE,0,0,0,0,0,0,0,0,0,0,0,0,0,0,0,0,0,0,0,1,0,1,,,,,
Rashad Greene,WR,JAX,16,MIA,0,0,0,0,0,0,0,0,2,22,0,2,0,0,0,0,0,0,0,0,0,0,,,,,
Rashard Higgins,WR,CLE,16,CIN,0,0,0,0,0,0,0,0,6,60,1,7,0,0,0,0,0,0,0,0,0,0,,,,,
Rex Burkhead,RB,NE,16,BUF,0,0,0,0,0,39,0,13,4,40,0,5,0,0,0,0,0,0,0,0,0,0,,,,,
Rhett Ellison,TE,NYG,16,IND,0,0,0,0,0,0,0,0,2,18,0,2,0,0,0,0,0,0,0,0,0,0,,,,,
Richard Rodgers,TE,PHI,16,HOU,0,0,0,0,0,0,0,0,1,7,0,1,0,0,0,0,0,0,0,0,0,0,,,,,
Richie James,WR,SF,16,CHI,0,0,0,0,0,0,0,0,1,4,0,1,0,0,0,0,0,0,0,0,0,0,,,,,
Ricky Ortiz,RB,ATL,16,CAR,0,0,0,0,0,0,0,0,1,4,0,1,0,0,0,0,0,0,0,0,0,0,,,,,
Ricky Seals-Jones,TE,ARI,16,LA,0,0,0,0,0,0,0,0,1,3,0,1,0,0,0,0,0,0,0,0,0,0,,,,,
River Cracraft,WR,DEN,16,LV,0,0,0,0,0,0,0,0,0,0,0,0,0,0,0,0,0,0,0,0,0,0,,,,,
Rob Gronkowski,TE,NE,16,BUF,0,0,0,0,0,0,0,0,0,0,0,3,0,0,0,0,0,0,0,0,0,0,,,,,
Robbie Chosen,WR,NYJ,16,GB,0,0,0,0,0,0,0,0,9,140,1,13,0,0,0,0,0,0,0,0,0,0,,,,,
Robbie Gould,K,SF,16,CHI,0,0,0,0,0,0,0,0,0,0,0,0,0,0,0,0,1,2,0,0,0,0,,,,,
Robert Foster,WR,BUF,16,NE,0,0,0,0,0,0,0,0,4,52,0,7,0,0,0,0,0,0,0,0,0,0,,,,,
Robert Tonyan,TE,GB,16,NYJ,0,0,0,0,0,0,0,0,1,11,0,1,0,0,0,0,0,0,0,0,0,0,,,,,
Robert Woods,WR,LA,16,ARI,0,0,0,0,0,15,1,2,6,89,1,7,0,0,0,0,0,0,0,0,0,0,,,,,
Rod Smith,RB,DAL,16,TB,0,0,0,0,0,-7,0,2,0,0,0,0,0,0,0,0,0,0,0,0,0,0,,,,,
Royce Freeman,RB,DEN,16,LV,0,0,0,0,0,21,0,7,0,0,0,1,0,0,0,0,0,0,0,0,0,0,,,,,
Russell Gage,WR,ATL,16,CAR,0,0,0,0,0,0,0,0,0,0,0,2,0,0,0,0,0,0,0,0,0,0,,,,,
Russell Wilson,QB,SEA,16,KC,271,3,29,18,0,57,0,8,0,0,0,0,0,0,0,0,0,0,0,0,0,0,,,,,
Ryan Grant,WR,IND,16,NYG,0,0,0,0,0,0,0,0,1,5,0,3,0,0,0,0,0,0,0,0,0,0,,,,,
Ryan Griffin,TE,HOU,16,PHI,0,0,0,0,0,0,0,0,2,15,0,4,0,0,0,0,0,0,0,0,0,0,,,,,
Ryan Succop,K,TEN,16,WAS,0,0,0,0,0,0,0,0,0,0,0,0,0,0,0,0,0,1,1,0,0,1,,,,,
Ryan Switzer,WR,PIT,16,NO,0,0,0,0,0,0,0,0,3,18,0,3,0,0,0,0,0,0,0,0,0,0,,,,,
Ryan Tannehill,QB,MIA,16,JAX,146,1,22,15,1,22,0,3,0,0,0,0,0,0,0,0,0,0,0,0,0,0,,,,,
SEA,DEF,SEA,16,KC,,,,,,,,,,,,,,,,,,,,,,,0,0,0,0,31.0
SF,DEF,SF,16,CHI,,,,,,,,,,,,,,,,,,,,,,,0,0,0,0,14.0
Sam Darnold,QB,NYJ,16,GB,341,3,35,24,0,4,0,3,0,0,0,0,0,0,0,0,0,0,0,0,0,0,,,,,
Saquon Barkley,RB,NYG,16,IND,0,0,0,0,0,43,1,21,5,34,0,7,0,0,0,0,0,0,0,0,0,0,,,,,
Scott Simonson,TE,NYG,16,IND,0,0,0,0,0,0,0,0,3,16,1,3,0,0,0,0,0,0,0,0,0,0,,,,,
Sean Mannion,QB,LA,16,ARI,0,0,0,0,0,-2,0,2,0,0,0,0,0,0,0,0,0,0,0,0,0,0,,,,,
Sebastian Janikowski,K,SEA,16,KC,0,0,0,0,0,0,0,0,0,0,0,0,0,0,0,0,1,0,0,0,0,5,,,,,
Seth DeValve,TE,CLE,16,CIN,0,0,0,0,0,0,0,0,1,1,0,1,0,0,0,0,0,0,0,0,0,0,,,,,
Seth Roberts,WR,LV,16,DEN,0,0,0,0,0,0,0,0,2,14,0,3,0,0,0,0,0,0,0,0,0,0,,,,,
Sony Michel,RB,NE,16,BUF,0,0,0,0,0,116,1,18,0,0,0,0,0,0,0,0,0,0,0,0,0,0,,,,,
Stefon Diggs,WR,MIN,16,DET,0,0,0,0,0,0,0,0,2,10,1,6,0,0,0,0,0,0,0,0,0,0,,,,,
Stephen Gostkowski,K,NE,16,BUF,0,0,0,0,0,0,0,0,0,0,0,0,0,0,0,0,1,0,0,0,0,3,,,,,
Sterling Shepard,WR,NYG,16,IND,0,0,0,0,0,-3,0,1,6,113,0,7,0,0,0,0,0,0,0,0,0,0,,,,,
Stevan Ridley,RB,PIT,16,NO,0,0,0,0,0,4,0,3,0,0,0,0,0,0,0,0,0,0,0,0,0,0,,,,,
Steven Hauschka,K,BUF,16,NE,0,0,0,0,0,0,0,0,0,0,0,0,0,0,0,0,0,1,1,0,0,0,,,,,
T.J. Jones,WR,DET,16,MIN,0,0,0,0,0,0,0,0,6,42,0,6,0,0,0,0,0,0,0,0,0,0,,,,,
T.Y. Hilton,WR,IND,16,NYG,0,0,0,0,0,0,0,0,7,138,0,8,0,0,0,0,0,0,0,0,0,0,,,,,
TB,DEF,TB,16,DAL,,,,,,,,,,,,,,,,,,,,,,,0,0,0,0,27.0
TEN,DEF,TEN,16,WAS,,,,,,,,,,,,,,,,,,,,,,,1,0,0,0,16.0
Taquan Mizzell,RB,CHI,16,SF,0,0,0,0,0,1,0,1,2,27,0,2,0,0,0,0,0,0,0,0,0,0,,,,,
Tarik Cohen,RB,CHI,16,SF,0,0,0,0,0,12,0,6,1,7,0,1,0,0,0,0,0,0,0,0,0,0,,,,,
Taylor Gabriel,WR,CHI,16,SF,0,0,0,0,0,8,0,1,3,28,0,3,0,0,0,0,0,0,0,0,0,0,,,,,
Taylor Heinicke,QB,CAR,16,ATL,274,1,53,33,3,33,0,3,0,0,0,0,0,0,0,0,0,0,0,0,0,0,,,,,
Taysom Hill,TE,NO,16,PIT,0,0,1,0,1,0,0,0,0,0,0,0,0,0,0,0,0,0,0,0,0,0,,,,,
Taywan Taylor,WR,TEN,16,WAS,0,0,0,0,0,0,0,0,3,64,0,3,0,0,0,0,0,0,0,0,0,0,,,,,
Ted Ginn,WR,NO,16,PIT,0,0,0,0,0,0,0,0,5,74,0,8,0,0,0,0,0,0,0,0,0,0,,,,,
Tevin Coleman,RB,ATL,16,CAR,0,0,0,0,0,51,0,10,0,0,0,1,0,0,0,0,0,0,0,0,0,0,,,,,
Theo Riddick,RB,DET,16,MIN,0,0,0,0,0,-2,0,3,4,7,0,5,0,0,0,0,0,0,0,0,0,0,,,,,
Tim Patrick,WR,DEN,16,LV,0,0,0,0,0,-7,0,1,3,44,0,5,0,0,0,0,0,0,0,0,0,0,,,,,
Tom Brady,QB,NE,16,BUF,126,1,24,13,2,0,0,0,0,0,0,0,0,0,0,0,0,0,0,0,0,0,,,,,
Tommylee Lewis,WR,NO,16,PIT,0,0,0,0,0,0,0,0,0,0,0,0,0,0,0,0,0,0,0,0,0,0,,,,,
Torrey Smith,WR,CAR,16,ATL,0,0,0,0,0,0,0,0,1,19,0,2,0,0,0,0,0,0,0,0,0,0,,,,,
Travis Benjamin,WR,LAC,16,BAL,0,0,0,0,0,6,0,1,1,11,0,3,0,0,0,0,0,0,0,0,0,0,,,,,
Travis Kelce,TE,KC,16,SEA,0,0,0,0,0,0,0,0,5,54,0,9,0,0,0,0,0,0,0,0,0,0,,,,,
Tre'Quan Smith,WR,NO,16,PIT,0,0,0,0,0,0,0,0,1,11,0,1,0,0,0,0,0,0,0,0,0,0,,,,,
Trent Sherfield,WR,ARI,16,LA,0,0,0,0,0,0,0,0,6,62,0,6,0,0,0,0,0,0,0,0,0,0,,,,,
Trent Taylor,WR,SF,16,CHI,0,0,0,0,0,0,0,0,1,23,0,1,0,0,0,0,0,0,0,0,0,0,,,,,
Trenton Cannon,RB,NYJ,16,GB,0,0,0,0,0,4,0,2,1,5,0,2,0,0,0,0,0,0,0,0,0,0,,,,,
Trey Burton,TE,CHI,16,SF,0,0,0,0,0,0,0,0,5,30,0,5,0,0,0,0,0,0,0,0,0,0,,,,,
Ty Montgomery,WR,BAL,16,LAC,0,0,0,0,0,0,0,0,0,0,0,1,0,0,0,0,0,0,0,0,0,0,,,,,
Tyler Higbee,TE,LA,16,ARI,0,0,0,0,0,0,0,0,1,16,0,1,0,0,0,0,0,0,0,0,0,0,,,,,
Tyler Lockett,WR,SEA,16,KC,0,0,0,0,0,0,0,0,4,99,0,5,0,0,0,0,0,0,0,0,0,0,,,,,
Tyreek Hill,WR,KC,16,SEA,0,0,0,0,0,17,0,2,4,74,0,9,0,0,0,0,0,0,0,0,0,0,,,,,
Tyrell Williams,WR,LAC,16,BAL,0,0,0,0,0,0,0,0,1,12,0,2,0,0,0,0,0,0,0,0,0,0,,,,,
Vance McDonald,TE,PIT,16,NO,0,0,0,0,0,0,0,0,1,49,0,4,0,0,0,0,0,0,0,0,0,0,,,,,
Victor Bolden,WR,BUF,16,NE,0,0,0,0,0,0,0,0,0,0,0,0,0,0,0,0,0,0,0,0,0,0,,,,,
Virgil Green,TE,LAC,16,BAL,0,0,0,0,0,0,0,0,2,12,0,2,0,0,0,0,0,0,0,0,0,0,,,,,
Vyncint Smith,WR,HOU,16,PHI,0,0,0,0,0,0,0,0,1,35,1,1,0,0,0,0,0,0,0,0,0,0,,,,,
WAS,DEF,WAS,16,TEN,,,,,,,,,,,,,,,,,,,,,,,0,0,0,0,25.0
Wayne Gallman,RB,NYG,16,IND,0,0,0,0,0,12,0,2,0,0,0,0,0,0,0,0,0,0,0,0,0,0,,,,,
Wendell Smallwood,RB,PHI,16,HOU,0,0,0,0,0,3,0,1,4,24,0,4,0,0,0,0,0,0,0,0,0,0,,,,,
Wil Lutz,K,NO,16,PIT,0,0,0,0,0,0,0,0,0,0,0,0,0,0,0,0,0,0,1,0,0,4,,,,,
Willie Snead,WR,BAL,16,LAC,0,0,0,0,0,0,0,0,0,0,0,0,0,0,0,0,0,0,0,0,0,0,,,,,
Xavier Grimble,TE,PIT,16,NO,0,0,0,0,0,0,0,0,0,0,0,1,0,0,0,0,0,0,0,0,0,0,,,,,
Zach Ertz,TE,PHI,16,HOU,0,0,0,0,0,0,0,0,12,110,2,16,0,0,0,0,0,0,0,0,0,0,,,,,
Zach Pascal,WR,IND,16,NYG,0,0,0,0,0,0,0,0,4,41,0,7,0,0,0,0,0,0,0,0,0,0,,,,,
Zach Zenner,RB,DET,16,MIN,0,0,0,0,0,45,0,8,2,22,0,3,0,0,0,0,0,0,0,0,0,0,,,,,
Zane Gonzalez,K,ARI,16,LA,0,0,0,0,0,0,0,0,0,0,0,0,0,0,0,0,0,1,0,0,0,0,,,,,
Zay Jones,WR,BUF,16,NE,0,0,0,0,0,0,0,0,5,67,1,9,0,0,0,0,0,0,0,0,0,0,,,,,
ARI,DEF,ARI,17,SEA,,,,,,,,,,,,,,,,,,,,,,,0,0,0,0,27.0
ATL,DEF,ATL,17,TB,,,,,,,,,,,,,,,,,,,,,,,0,0,0,0,32.0
Aaron Rodgers,QB,GB,17,DET,26,0,5,3,0,0,0,0,0,0,0,0,0,0,0,0,0,0,0,0,0,0,,,,,
Adam Humphries,WR,TB,17,ATL,0,0,0,0,0,0,0,0,5,66,0,6,0,0,0,0,0,0,0,0,0,0,,,,,
Adam Shaheen,TE,CHI,17,MIN,0,0,0,0,0,0,0,0,0,0,0,0,0,0,0,0,0,0,0,0,0,0,,,,,
Adam Thielen,WR,MIN,17,CHI,0,0,0,0,0,-1,0,1,3,38,0,4,0,0,0,0,0,0,0,0,0,0,,,,,
Adam Vinatieri,K,IND,17,TEN,0,0,0,0,0,0,0,0,0,0,0,0,0,0,0,0,1,0,0,1,0,3,,,,,
Adrian Peterson,RB,WAS,17,PHI,0,0,0,0,0,0,0,4,0,0,0,0,0,0,0,0,0,0,0,0,0,0,,,,,
Aldrick Robinson,WR,MIN,17,CHI,0,0,0,0,0,0,0,0,0,0,0,4,0,0,0,0,0,0,0,0,0,0,,,,,
Aldrick Rosas,K,NYG,17,DAL,0,0,0,0,0,0,0,0,0,0,0,0,0,0,0,0,0,1,1,0,0,3,,,,,
Alex Armah,RB,CAR,17,NO,0,0,0,0,0,1,0,1,1,5,0,1,0,0,0,0,0,0,0,0,0,0,,,,,
Alex Erickson,WR,CIN,17,PIT,0,0,0,0,0,0,0,0,6,63,0,6,0,0,0,0,0,0,0,0,0,0,,,,,
Alfred Blue,RB,HOU,17,JAX,0,0,0,0,0,12,0,3,2,12,0,3,0,0,0,0,0,0,0,0,0,0,,,,,
Alfred Morris,RB,SF,17,LA,0,0,0,0,0,111,1,16,1,4,0,1,0,0,0,0,0,0,0,0,0,0,,,,,
Allen Hurns,WR,DAL,17,NYG,0,0,0,0,0,0,0,0,1,49,0,1,0,0,0,0,0,0,0,0,0,0,,,,,
Allen Lazard,WR,GB,17,DET,0,0,0,0,0,0,0,0,1,7,0,1,0,0,0,0,0,0,0,0,0,0,,,,,
Alshon Jeffery,WR,PHI,17,WAS,0,0,0,0,0,0,0,0,5,59,1,5,0,0,0,0,0,0,0,0,0,0,,,,,
Amari Cooper,WR,DAL,17,NYG,0,0,0,0,0,0,0,0,5,31,0,11,0,0,0,0,0,0,0,0,0,0,,,,,
Andre Roberts,WR,NYJ,17,NE,0,0,0,0,0,0,0,0,3,28,0,4,0,0,0,0,0,0,0,0,0,0,,,,,
Andrew Luck,QB,IND,17,TEN,285,3,35,24,1,17,0,7,0,0,0,0,0,0,0,0,0,0,0,0,0,0,,,,,
Andy Jones,WR,DET,17,GB,0,0,0,0,0,0,0,0,6,50,0,12,0,0,0,0,0,0,0,0,0,0,,,,,
Anthony Firkser,TE,TEN,17,IND,0,0,0,0,0,0,0,0,1,8,0,1,0,0,0,0,0,0,0,0,0,0,,,,,
Anthony Miller,WR,CHI,17,MIN,0,0,0,0,0,7,0,2,0,0,0,0,0,0,0,0,0,0,0,0,0,0,,,,,
Antonio Callaway,WR,CLE,17,BAL,0,0,0,0,0,0,0,0,4,79,1,7,0,0,0,0,0,0,0,0,0,0,,,,,
Antonio Gates,TE,LAC,17,DEN,0,0,0,0,0,0,0,0,0,0,0,2,0,0,0,0,0,0,0,0,0,0,,,,,
Antony Auclair,TE,TB,17,ATL,0,0,0,0,0,0,0,0,0,0,0,1,0,0,0,0,0,0,0,0,0,0,,,,,
Auden Tate,WR,CIN,17,PIT,0,0,0,0,0,0,0,0,1,15,0,3,0,0,0,0,0,0,0,0,0,0,,,,,
Austin Carr,WR,NO,17,CAR,0,0,0,0,0,0,0,0,0,0,0,1,0,0,0,0,0,0,0,0,0,0,,,,,
Austin Ekeler,RB,LAC,17,DEN,0,0,0,0,0,58,1,8,0,0,0,1,0,0,0,0,0,0,0,0,0,0,,,,,
Austin Hooper,TE,ATL,17,TB,0,0,0,0,0,0,0,0,5,67,0,6,0,0,0,0,0,0,0,0,0,0,,,,,
BAL,DEF,BAL,17,CLE,,,,,,,,,,,,,,,,,,,,,,,0,0,0,0,24.0
BUF,DEF,BUF,17,MIA,,,,,,,,,,,,,,,,,,,,,,,0,0,0,0,17.0
Baker Mayfield,QB,CLE,17,BAL,376,3,42,23,3,0,0,0,0,0,0,0,0,0,0,0,0,0,0,0,0,0,,,,,
Ben Roethlisberger,QB,PIT,17,CIN,287,1,45,31,1,3,0,3,0,0,0,0,0,0,0,0,0,0,0,0,0,0,,,,,
Benjamin Watson,TE,NO,17,CAR,0,0,0,0,0,0,0,0,2,29,0,3,0,0,0,0,0,0,0,0,0,0,,,,,
Bennie Fowler,WR,NYG,17,DAL,0,0,0,0,0,0,0,0,3,21,0,4,0,0,0,0,0,0,0,0,0,0,,,,,
Benny Cunningham,RB,CHI,17,MIN,0,0,0,0,0,13,0,6,0,0,0,0,0,0,0,0,0,0,0,0,0,0,,,,,
Blaine Gabbert,QB,TEN,17,IND,165,1,29,18,2,0,0,0,0,0,0,0,0,0,0,0,0,0,0,0,0,0,,,,,
Blake Bell,TE,JAX,17,HOU,0,0,0,0,0,0,0,0,1,0,0,1,0,0,0,0,0,0,0,0,0,0,,,,,
Blake Bortles,QB,JAX,17,HOU,107,0,28,15,1,15,0,4,0,0,0,0,0,0,0,0,0,0,0,0,0,0,,,,,
Blake Jarwin,TE,DAL,17,NYG,0,0,0,0,0,0,0,0,7,119,3,8,0,0,0,0,0,0,0,0,0,0,,,,,
Bobo Wilson,WR,TB,17,ATL,0,0,0,0,0,0,0,0,1,16,0,1,0,0,0,0,0,0,0,0,0,0,,,,,
Brandin Cooks,WR,LA,17,SF,0,0,0,0,0,0,0,0,5,62,2,9,0,0,0,0,0,0,0,0,0,0,,,,,
Brandon Bolden,RB,MIA,17,BUF,0,0,0,0,0,0,0,0,1,9,0,1,0,0,0,0,0,0,0,0,0,0,,,,,
Brandon McManus,K,DEN,17,LAC,0,0,0,0,0,0,0,0,0,0,0,0,0,0,0,0,1,0,0,0,0,0,,,,,
Brandon Powell,WR,DET,17,GB,0,0,0,0,0,0,0,0,6,103,0,9,0,0,0,0,0,0,0,0,0,0,,,,,
Brandon Zylstra,WR,MIN,17,CHI,0,0,0,0,0,0,0,0,0,0,0,1,0,0,0,0,0,0,0,0,0,0,,,,,
Brendan Langley,WR,DEN,17,LAC,0,0,0,0,0,0,0,0,0,0,0,0,0,0,0,0,0,0,0,0,0,0,,,,,
Breshad Perriman,WR,CLE,17,BAL,0,0,0,0,0,5,0,1,3,45,1,4,0,0,0,0,0,0,0,0,0,0,,,,,
Brett Maher,K,DAL,17,NYG,0,0,0,0,0,0,0,0,0,0,0,0,0,0,0,0,0,0,0,0,0,4,,,,,
Brian Hill,RB,ATL,17,TB,0,0,0,0,0,30,0,8,1,9,0,1,0,0,0,0,0,0,0,0,0,0,,,,,
Brian Hoyer,QB,NE,17,NYJ,0,0,0,0,0,-3,0,3,0,0,0,0,0,0,0,0,0,0,0,0,0,0,,,,,
Brian Parker,TE,DEN,17,LAC,0,0,0,0,0,0,0,0,0,0,0,0,0,0,0,0,0,0,0,0,0,0,,,,,
Bronson Kaufusi,TE,NYJ,17,NE,0,0,0,0,0,0,0,0,0,0,0,0,0,0,0,0,0,0,0,0,0,0,,,,,
Byron Marshall,RB,WAS,17,PHI,0,0,0,0,0,0,0,0,0,0,0,0,0,0,0,0,0,0,0,0,0,0,,,,,
C.J. Anderson,RB,LA,17,SF,0,0,0,0,0,132,1,23,3,22,0,3,0,0,0,0,0,0,0,0,0,0,,,,,
C.J. Uzomah,TE,CIN,17,PIT,0,0,0,0,0,0,0,0,1,6,0,1,0,0,0,0,0,0,0,0,0,0,,,,,
CAR,DEF,CAR,17,NO,,,,,,,,,,,,,,,,,,,,,,,0,0,0,0,14.0
CHI,DEF,CHI,17,MIN,,,,,,,,,,,,,,,,,,,,,,,0,0,0,0,10.0
CIN,DEF,CIN,17,PIT,,,,,,,,,,,,,,,,,,,,,,,1,0,0,0,16.0
CLE,DEF,CLE,17,BAL,,,,,,,,,,,,,,,,,,,,,,,0,0,0,0,26.0
Cairo Santos,K,TB,17,ATL,0,0,0,0,0,0,0,0,0,0,0,0,0,0,0,0,0,1,1,0,0,2,,,,,
Calvin Ridley,WR,ATL,17,TB,0,0,0,0,0,0,0,0,5,32,1,5,0,0,0,0,0,0,0,0,0,0,,,,,
Cameron Artis-Payne,RB,CAR,17,NO,0,0,0,0,0,56,1,16,2,2,0,2,0,0,0,0,0,0,0,0,0,0,,,,,
Cameron Brate,TE,TB,17,ATL,0,0,0,0,0,0,0,0,2,39,0,4,0,0,0,0,0,0,0,0,0,0,,,,,
Carlos Hyde,RB,JAX,17,HOU,0,0,0,0,0,13,0,10,2,6,0,3,0,0,0,0,0,0,0,0,0,0,,,,,
Case Keenum,QB,DEN,17,LAC,292,1,48,31,1,8,0,3,0,0,0,0,0,0,0,0,0,0,0,0,0,0,,,,,
Chad Henne,QB,KC,17,LV,29,0,3,2,0,3,0,1,0,0,0,0,0,0,0,0,0,0,0,0,0,0,,,,,
Chad Williams,WR,ARI,17,SEA,0,0,0,0,0,9,0,1,5,51,0,11,0,0,0,0,0,0,0,0,0,0,,,,,
Chandler Catanzaro,K,CAR,17,NO,0,0,0,0,0,0,0,0,0,0,0,0,0,0,0,0,1,0,0,1,0,3,,,,,
Charcandrick West,RB,KC,17,LV,0,0,0,0,0,-2,0,1,0,0,0,0,0,0,0,0,0,0,0,0,0,0,,,,,
Chase Edmonds,RB,ARI,17,SEA,0,0,0,0,0,14,0,6,2,4,0,2,0,0,0,0,0,0,0,0,0,0,,,,,
Chester Rogers,WR,IND,17,TEN,0,0,0,0,0,0,0,0,3,32,0,4,0,0,0,0,0,0,0,0,0,0,,,,,
Chris Carson,RB,SEA,17,ARI,0,0,0,0,0,122,1,19,1,7,0,1,0,0,0,0,0,0,0,0,0,0,,,,,
Chris Conley,WR,KC,17,LV,0,0,0,0,0,0,0,0,0,0,0,3,0,0,0,0,0,0,0,0,0,0,,,,,
Chris Godwin Jr.,WR,TB,17,ATL,0,0,0,0,0,0,0,0,6,114,2,9,0,0,0,0,0,0,0,0,0,0,,,,,
Chris Herndon,TE,NYJ,17,NE,0,0,0,0,0,0,0,0,1,8,0,3,0,0,0,0,0,0,0,0,0,0,,,,,
Chris Hogan,WR,NE,17,NYJ,0,0,0,0,0,0,0,0,6,64,0,11,0,0,0,0,0,0,0,0,0,0,,,,,
Chris Ivory,RB,BUF,17,MIA,0,0,0,0,0,45,0,14,1,46,0,1,0,0,0,0,0,0,0,0,0,0,,,,,
Chris Lacy,WR,DET,17,GB,0,0,0,0,0,0,0,0,0,0,0,1,0,0,0,0,0,0,0,0,0,0,,,,,
Chris Manhertz,TE,CAR,17,NO,0,0,0,0,0,0,0,0,0,0,0,0,0,0,0,0,0,0,0,0,0,0,,,,,
Chris Moore,WR,BAL,17,CLE,0,0,0,0,0,0,0,0,2,19,0,3,0,0,0,0,0,0,0,0,0,0,,,,,
Chris Thompson,RB,WAS,17,PHI,0,0,0,0,0,10,0,2,5,14,0,8,0,0,0,0,0,0,0,0,0,0,,,,,
Christian McCaffrey,RB,CAR,17,NO,0,0,0,0,0,18,0,4,1,22,0,1,0,0,0,0,0,0,0,0,0,0,,,,,
Cody Core,WR,CIN,17,PIT,0,0,0,0,0,0,0,0,0,0,0,1,0,0,0,0,0,0,0,0,0,0,,,,,
Cody Latimer,WR,NYG,17,DAL,0,0,0,0,0,0,0,0,4,72,1,6,0,0,0,0,0,0,0,0,0,0,,,,,
Cody Parkey,K,CHI,17,MIN,0,0,0,0,0,0,0,0,0,0,0,0,0,0,0,0,0,0,1,0,0,1,,,,,
Cole Beasley,WR,DAL,17,NYG,0,0,0,0,0,0,0,0,6,94,1,6,0,0,0,0,0,0,0,0,0,0,,,,,
Corey Coleman,WR,NYG,17,DAL,0,0,0,0,0,0,0,0,0,0,0,0,0,0,0,0,0,0,0,0,0,0,,,,,
Corey Davis,WR,TEN,17,IND,0,0,0,0,0,0,0,0,5,48,0,7,0,0,0,0,0,0,0,0,0,0,,,,,
Courtland Sutton,WR,DEN,17,LAC,0,0,0,0,0,0,0,0,1,25,0,3,0,0,0,0,0,0,0,0,0,0,,,,,
Curtis Samuel,WR,CAR,17,NO,0,0,0,0,0,0,0,0,2,72,1,4,0,0,0,0,0,0,0,0,0,0,,,,,
DAL,DEF,DAL,17,NYG,,,,,,,,,,,,,,,,,,,,,,,0,0,0,0,35.0
DEN,DEF,DEN,17,LAC,,,,,,,,,,,,,,,,,,,,,,,0,0,0,0,23.0
DET,DEF,DET,17,GB,,,,,,,,,,,,,,,,,,,,,,,0,0,0,0,0.0
DJ Chark,WR,JAX,17,HOU,0,0,0,0,0,0,0,0,0,0,0,2,0,0,0,0,0,0,0,0,0,0,,,,,
DJ Moore,WR,CAR,17,NO,0,0,0,0,0,0,0,0,4,81,0,8,0,0,0,0,0,0,0,0,0,0,,,,,
DaeSean Hamilton,WR,DEN,17,LAC,0,0,0,0,0,0,0,0,5,49,0,8,0,0,0,0,0,0,0,0,0,0,,,,,
Dak Prescott,QB,DAL,17,NYG,387,4,44,27,0,0,0,4,0,0,0,0,0,0,1,0,0,0,0,0,0,0,,,,,
Dallas Goedert,TE,PHI,17,WAS,0,0,0,0,0,0,0,0,3,27,0,3,0,0,0,0,0,0,0,0,0,0,,,,,
Dalton Schultz,TE,DAL,17,NYG,0,0,0,0,0,0,0,0,1,17,0,2,0,0,0,0,0,0,0,0,0,0,,,,,
Dalvin Cook,RB,MIN,17,CHI,0,0,0,0,0,39,0,11,4,21,0,5,0,0,0,0,0,0,0,0,0,0,,,,,
Damien Williams,RB,KC,17,LV,0,0,0,0,0,51,1,11,1,8,0,1,0,0,0,0,0,0,0,0,0,0,,,,,
Dan Bailey,K,MIN,17,CHI,0,0,0,0,0,0,0,0,0,0,0,0,0,0,0,0,0,0,1,0,0,1,,,,,
Daniel Carlson,K,LV,17,KC,0,0,0,0,0,0,0,0,0,0,0,0,0,0,0,0,0,0,0,1,0,0,,,,,
Danny Amendola,WR,MIA,17,BUF,0,0,0,0,0,0,0,0,4,26,0,5,0,0,0,0,0,0,0,0,0,0,,,,,
Danny Vitale,RB,GB,17,DET,0,0,0,0,0,0,0,0,0,0,0,0,0,0,0,0,0,0,0,0,0,0,,,,,
Darius Jackson,RB,DAL,17,NYG,0,0,0,0,0,16,0,6,0,0,0,1,0,0,0,0,0,0,0,0,0,0,,,,,
Darius Jennings,WR,TEN,17,IND,0,0,0,0,0,0,0,0,3,17,0,5,0,0,0,0,0,0,0,0,0,0,,,,,
Darrel Williams,RB,KC,17,LV,0,0,0,0,0,31,0,11,0,0,0,0,0,0,0,0,0,0,0,0,0,0,,,,,
Darrell Daniels,TE,ARI,17,SEA,0,0,0,0,0,0,0,0,0,0,0,1,0,0,0,0,0,0,0,0,0,0,,,,,
Darren Fells,TE,CLE,17,BAL,0,0,0,0,0,0,0,0,1,3,0,1,0,0,0,0,0,0,0,0,0,0,,,,,
Darren Sproles,RB,PHI,17,WAS,0,0,0,0,0,24,0,7,2,12,0,3,0,0,0,0,0,0,0,0,0,0,,,,,
Darren Waller,TE,LV,17,KC,0,0,0,0,0,0,0,0,3,23,0,3,0,0,0,0,0,0,0,0,0,0,,,,,
Darrius Heyward-Bey,WR,PIT,17,CIN,0,0,0,0,0,0,0,0,0,0,0,0,0,0,0,0,0,0,0,0,0,0,,,,,
Darvin Kidsy,WR,WAS,17,PHI,0,0,0,0,0,0,0,0,1,8,0,2,0,0,0,0,0,0,0,0,0,0,,,,,
Dave Williams,RB,JAX,17,HOU,0,0,0,0,0,2,0,2,0,0,0,0,0,0,0,0,0,0,0,0,0,0,,,,,
David Johnson,RB,ARI,17,SEA,0,0,0,0,0,62,0,17,3,6,0,4,0,0,1,0,0,0,0,0,0,0,,,,,
David Moore,WR,SEA,17,ARI,0,0,0,0,0,0,0,0,2,16,0,4,0,0,0,0,0,0,0,0,0,0,,,,,
David Njoku,TE,CLE,17,BAL,0,0,0,0,0,0,0,0,3,62,0,7,0,0,0,0,0,0,0,0,0,0,,,,,
De'Angelo Henderson Sr.,RB,NYJ,17,NE,0,0,0,0,0,19,0,2,0,0,0,0,0,0,0,0,0,0,0,0,0,0,,,,,
DeAndre Carter,WR,HOU,17,JAX,0,0,0,0,0,0,0,0,4,33,0,5,0,0,0,0,0,0,0,0,0,0,,,,,
DeAndre Hopkins,WR,HOU,17,JAX,0,0,0,0,0,0,0,0,12,147,0,16,0,0,0,0,0,0,0,0,0,0,,,,,
DeAndre Washington,RB,LV,17,KC,0,0,0,0,0,30,0,4,0,0,0,0,0,0,0,0,0,0,0,0,0,0,,,,,
DeShone Kizer,QB,GB,17,DET,132,0,35,16,1,40,0,4,0,0,0,0,0,0,0,0,0,0,0,0,0,0,,,,,
DeVante Parker,WR,MIA,17,BUF,0,0,0,0,0,0,0,0,0,0,0,3,0,0,0,0,0,0,0,0,0,0,,,,,
Dede Westbrook,WR,JAX,17,HOU,0,0,0,0,0,0,0,0,3,10,0,7,0,0,0,0,0,0,0,0,0,0,,,,,
Demarcus Robinson,WR,KC,17,LV,0,0,0,0,0,0,0,0,1,89,1,2,0,0,0,0,0,0,0,0,0,0,,,,,
Demetrius Harris,TE,KC,17,LV,0,0,0,0,0,0,0,0,0,0,0,0,0,0,0,0,0,0,0,0,0,0,,,,,
Deontay Burnett,WR,NYJ,17,NE,0,0,0,0,0,0,0,0,5,73,0,5,0,0,0,0,0,0,0,0,0,0,,,,,
Derek Carr,QB,LV,17,KC,185,0,33,24,2,0,0,0,0,0,0,0,0,0,0,0,0,0,0,0,0,0,,,,,
Derrick Henry,RB,TEN,17,IND,0,0,0,0,0,93,0,16,1,13,0,1,0,0,0,0,0,0,0,0,0,0,,,,,
Deshaun Watson,QB,HOU,17,JAX,234,0,35,25,0,66,1,13,0,0,0,0,0,0,0,0,0,0,0,0,0,0,,,,,
Devontae Booker,RB,DEN,17,LAC,0,0,0,0,0,14,0,5,5,20,0,7,0,0,0,0,0,0,0,0,0,0,,,,,
Dion Lewis,RB,TEN,17,IND,0,0,0,0,0,0,0,0,3,23,0,4,0,0,0,0,0,0,0,0,0,0,,,,,
Donte Moncrief,WR,JAX,17,HOU,0,0,0,0,0,0,0,0,2,21,0,3,0,0,0,0,0,0,0,0,0,0,,,,,
Dontrelle Inman,WR,IND,17,TEN,0,0,0,0,0,0,0,0,5,77,1,6,0,0,0,0,0,0,0,0,0,0,,,,,
Doug Baldwin,WR,SEA,17,ARI,0,0,0,0,0,0,0,0,2,27,0,5,0,0,0,0,0,0,0,0,0,0,,,,,
Doug Martin,RB,LV,17,KC,0,0,0,0,0,100,0,21,1,1,0,2,0,0,0,0,0,0,0,0,0,0,,,,,
Duke Johnson,RB,CLE,17,BAL,0,0,0,0,0,21,0,4,1,3,0,4,0,0,0,0,0,0,0,0,0,0,,,,,
Durham Smythe,TE,MIA,17,BUF,0,0,0,0,0,0,0,0,3,14,0,4,0,0,0,0,0,0,0,0,0,0,,,,,
Dustin Hopkins,K,WAS,17,PHI,0,0,0,0,0,0,0,0,0,0,0,0,0,0,0,0,0,0,0,0,0,0,,,,,
Dwayne Allen,TE,NE,17,NYJ,0,0,0,0,0,0,0,0,0,0,0,0,0,0,0,0,0,0,0,0,0,0,,,,,
Dwayne Harris,WR,LV,17,KC,0,0,0,0,0,0,0,0,0,0,0,0,0,0,0,0,0,0,0,0,0,0,,,,,
Dwayne Washington,RB,NO,17,CAR,0,0,0,0,0,108,0,11,0,0,0,0,0,0,0,0,0,0,0,0,0,0,,,,,
Ed Dickson,TE,SEA,17,ARI,0,0,0,0,0,9,0,1,0,0,0,0,0,0,0,0,0,0,0,0,0,0,,,,,
Eli Manning,QB,NYG,17,DAL,301,2,41,24,1,2,0,1,0,0,0,0,0,0,1,0,0,0,0,0,0,0,,,,,
Eli Rogers,WR,PIT,17,CIN,0,0,0,0,0,-4,0,1,7,57,0,9,0,0,0,0,0,0,0,0,0,0,,,,,
Elijah McGuire,RB,NYJ,17,NE,0,0,0,0,0,41,0,18,2,24,0,2,0,0,0,0,0,0,0,0,0,0,,,,,
Eric Ebron,TE,IND,17,TEN,0,0,0,0,0,0,0,0,4,60,1,6,0,0,0,0,0,0,0,0,0,0,,,,,
Evan Engram,TE,NYG,17,DAL,0,0,0,0,0,0,0,0,5,81,1,8,0,0,1,0,0,0,0,0,0,0,,,,,
GB,DEF,GB,17,DET,,,,,,,,,,,,,,,,,,,,,,,0,0,0,0,31.0
Garrett Gilbert,QB,CAR,17,NO,40,0,3,2,0,0,0,0,0,0,0,0,0,0,0,0,0,0,0,0,0,0,,,,,
Gehrig Dieter,WR,KC,17,LV,0,0,0,0,0,0,0,0,1,22,0,2,0,0,0,0,0,0,0,0,0,0,,,,,
Geno Smith,QB,LAC,17,DEN,0,0,0,0,0,-2,0,2,0,0,0,0,0,0,0,0,0,0,0,0,0,0,,,,,
George Kittle,TE,SF,17,LA,0,0,0,0,0,0,0,0,9,149,1,14,0,0,0,0,0,0,0,0,0,0,,,,,
Gerald Everett,TE,LA,17,SF,0,0,0,0,0,0,0,0,0,0,0,1,0,0,0,0,0,0,0,0,0,0,,,,,
Giovani Bernard,RB,CIN,17,PIT,0,0,0,0,0,7,0,3,2,8,0,5,0,0,0,0,0,0,0,0,0,0,,,,,
Golden Tate,WR,PHI,17,WAS,0,0,0,0,0,0,0,0,4,33,0,6,0,0,0,0,0,0,0,0,0,0,,,,,
Greg Joseph,K,CLE,17,BAL,0,0,0,0,0,0,0,0,0,0,0,0,0,0,0,0,0,1,0,0,0,3,,,,,
Greg Zuerlein,K,LA,17,SF,0,0,0,0,0,0,0,0,0,0,0,0,0,0,0,0,1,0,0,1,0,6,,,,,
Gus Edwards,RB,BAL,17,CLE,0,0,0,0,0,76,0,12,0,0,0,0,0,0,0,0,0,0,0,0,0,0,,,,,
HOU,DEF,HOU,17,JAX,,,,,,,,,,,,,,,,,,,,,,,0,0,0,0,3.0
Harrison Butker,K,KC,17,LV,0,0,0,0,0,0,0,0,0,0,0,0,0,0,0,0,0,0,0,0,0,5,,,,,
Hayden Hurst,TE,BAL,17,CLE,0,0,0,0,0,0,0,0,2,43,0,4,0,0,0,0,0,0,0,0,0,0,,,,,
IND,DEF,IND,17,TEN,,,,,,,,,,,,,,,,,,,,,,,0,0,0,0,17.0
Ian Thomas,TE,CAR,17,NO,0,0,0,0,0,0,0,0,5,61,1,7,0,0,0,0,0,0,0,0,0,0,,,,,
Isaiah McKenzie,WR,BUF,17,MIA,0,0,0,0,0,0,0,0,0,0,0,0,0,0,0,0,0,0,0,0,0,0,,,,,
J'Mon Moore,WR,GB,17,DET,0,0,0,0,0,0,0,0,1,5,0,2,0,0,0,0,0,0,0,0,0,0,,,,,
J.J. Jones,WR,NYJ,17,NE,0,0,0,0,0,0,0,0,1,3,0,1,0,0,0,0,0,0,0,0,0,0,,,,,
JAX,DEF,JAX,17,HOU,,,,,,,,,,,,,,,,,,,,,,,0,0,0,0,20.0
Jacquizz Rodgers,RB,TB,17,ATL,0,0,0,0,0,3,0,3,1,2,0,1,0,0,0,0,0,0,0,0,0,0,,,,,
Jake Elliott,K,PHI,17,WAS,0,0,0,0,0,0,0,0,0,0,0,0,0,0,0,0,0,1,0,0,0,3,,,,,
Jake Kumerow,WR,GB,17,DET,0,0,0,0,0,0,0,0,3,19,0,4,0,0,0,0,0,0,0,0,0,0,,,,,
Jalen Richard,RB,LV,17,KC,0,0,0,0,0,1,0,3,2,17,0,2,0,0,0,0,0,0,0,0,0,0,,,,,
Jamaal Williams,RB,GB,17,DET,0,0,0,0,0,4,0,8,3,16,0,3,0,0,0,0,0,0,0,0,0,0,,,,,
Jameis Winston,QB,TB,17,ATL,345,4,35,22,1,23,0,2,0,0,0,0,0,0,0,0,0,0,0,0,0,0,,,,,
James Conner,RB,PIT,17,CIN,0,0,0,0,0,64,0,14,3,30,0,3,0,0,0,0,0,0,0,0,0,0,,,,,
James O'Shaughnessy,TE,JAX,17,HOU,0,0,0,0,0,0,0,0,3,25,0,4,0,0,0,0,0,0,0,0,0,0,,,,,
James Washington,WR,PIT,17,CIN,0,0,0,0,0,0,0,0,3,64,0,3,0,0,0,0,0,0,0,0,0,0,,,,,
James White,RB,NE,17,NYJ,0,0,0,0,0,30,0,4,4,39,1,5,0,0,0,0,0,0,0,0,0,0,,,,,
Jamison Crowder,WR,WAS,17,PHI,0,0,0,0,0,0,0,0,1,7,0,8,0,0,0,0,0,0,0,0,0,0,,,,,
Jamize Olawale,RB,DAL,17,NYG,0,0,0,0,0,0,0,0,0,0,0,1,0,0,0,0,0,0,0,0,0,0,,,,,
Jared Cook,TE,LV,17,KC,0,0,0,0,0,0,0,0,3,28,0,5,0,0,0,0,0,0,0,0,0,0,,,,,
Jared Goff,QB,LA,17,SF,199,4,26,15,0,0,0,1,0,0,0,0,0,0,0,0,0,0,0,0,0,0,,,,,
Jarius Wright,WR,CAR,17,NO,0,0,0,0,0,0,0,0,2,20,0,4,0,0,0,0,0,0,0,0,0,0,,,,,
Jaron Brown,WR,SEA,17,ARI,0,0,0,0,0,0,0,0,1,7,0,2,0,0,0,0,0,0,0,0,0,0,,,,,
Jarvis Landry,WR,CLE,17,BAL,0,0,0,0,0,0,0,0,5,102,1,9,0,0,0,0,0,0,0,0,0,0,,,,,
Jason Croom,TE,BUF,17,MIA,0,0,0,0,0,0,0,0,2,32,0,4,0,0,0,0,0,0,0,0,0,0,,,,,
Jason Myers,K,NYJ,17,NE,0,0,0,0,0,0,0,0,0,0,0,0,0,0,0,0,0,0,1,0,0,0,,,,,
Jason Sanders,K,MIA,17,BUF,0,0,0,0,0,0,0,0,0,0,0,0,0,0,0,0,1,0,0,0,0,2,,,,,
Javon Wims,WR,CHI,17,MIN,0,0,0,0,0,0,0,0,4,32,0,4,0,0,0,0,0,0,0,0,0,0,,,,,
Jaylen Samuels,RB,PIT,17,CIN,0,0,0,0,0,2,0,2,7,40,0,8,0,0,0,0,0,0,0,0,0,0,,,,,
Jeff Driskel,QB,CIN,17,PIT,95,0,24,12,0,13,0,2,0,0,0,0,0,0,0,0,0,0,0,0,0,0,,,,,
Jeff Wilson,RB,SF,17,LA,0,0,0,0,0,9,0,3,0,0,0,0,0,0,0,0,0,0,0,0,0,0,,,,,
Jehu Chesson,WR,WAS,17,PHI,0,0,0,0,0,0,0,0,1,7,0,1,0,0,0,0,0,0,0,0,0,0,,,,,
Jeremy Langford,RB,ATL,17,TB,0,0,0,0,0,25,0,9,0,0,0,0,0,0,0,0,0,0,0,0,0,0,,,,,
Jeremy Sprinkle,TE,WAS,17,PHI,0,0,0,0,0,0,0,0,0,0,0,0,0,0,0,0,0,0,0,0,0,0,,,,,
Jesse James,TE,PIT,17,CIN,0,0,0,0,0,0,0,0,0,0,0,1,0,0,0,0,0,0,0,0,0,0,,,,,
Jimmy Graham,TE,GB,17,DET,0,0,0,0,0,0,0,0,3,21,0,5,0,0,0,0,0,0,0,0,0,0,,,,,
JoJo Natson,WR,LA,17,SF,0,0,0,0,0,0,0,0,0,0,0,0,0,0,0,0,0,0,0,0,0,0,,,,,
Joe Mixon,RB,CIN,17,PIT,0,0,0,0,0,105,0,13,1,2,0,1,0,0,0,0,0,0,0,0,0,0,,,,,
John Brown,WR,BAL,17,CLE,0,0,0,0,0,0,0,0,1,7,0,3,0,0,0,0,0,0,0,0,0,0,,,,,
John Kelly,RB,LA,17,SF,0,0,0,0,0,30,0,15,1,18,0,2,0,0,0,0,0,0,0,0,0,0,,,,,
John Phillips,TE,ARI,17,SEA,0,0,0,0,0,0,0,0,2,29,0,2,0,0,0,0,0,0,0,0,0,0,,,,,
John Ross,WR,CIN,17,PIT,0,0,0,0,0,0,0,0,1,1,0,5,0,0,0,0,0,0,0,0,0,0,,,,,
Johnny Mundt,TE,LA,17,SF,0,0,0,0,0,0,0,0,1,5,0,1,0,0,0,0,0,0,0,0,0,0,,,,,
Jordan Akins,TE,HOU,17,JAX,0,0,0,0,0,0,0,0,0,0,0,2,0,0,0,0,0,0,0,0,0,0,,,,,
Jordan Howard,RB,CHI,17,MIN,0,0,0,0,0,109,2,21,1,5,0,2,0,0,0,0,0,0,0,0,0,0,,,,,
Jordan Leggett,TE,NYJ,17,NE,0,0,0,0,0,0,0,0,1,7,0,4,0,0,0,0,0,0,0,0,0,0,,,,,
Jordan Wilkins,RB,IND,17,TEN,0,0,0,0,0,18,0,3,1,5,0,1,0,0,0,0,0,0,0,0,0,0,,,,,
Jordy Nelson,WR,LV,17,KC,0,0,0,0,0,0,0,0,9,78,0,12,0,0,0,0,0,0,0,0,0,0,,,,,
Josh Adams,RB,PHI,17,WAS,0,0,0,0,0,50,0,11,3,33,0,3,0,0,0,0,0,0,0,0,0,0,,,,,
Josh Allen,QB,BUF,17,MIA,224,3,26,17,1,95,2,9,0,0,0,0,0,0,0,0,0,0,0,0,0,0,,,,,
Josh Bellamy,WR,CHI,17,MIN,0,0,0,0,0,0,0,0,1,2,0,4,0,0,0,0,0,0,0,0,0,0,,,,,
Josh Doctson,WR,WAS,17,PHI,0,0,0,0,0,0,0,0,2,33,0,4,0,0,0,0,0,0,0,0,0,0,,,,,
Josh Hill,TE,NO,17,CAR,0,0,0,0,0,0,0,0,0,0,0,1,0,0,0,0,0,0,0,0,0,0,,,,,
Josh Johnson,QB,WAS,17,PHI,91,0,27,12,1,4,0,3,0,0,0,0,0,0,0,0,0,0,0,0,0,0,,,,,
Josh Malone,WR,CIN,17,PIT,0,0,0,0,0,0,0,0,0,0,0,1,0,0,0,0,0,0,0,0,0,0,,,,,
Josh Reynolds,WR,LA,17,SF,0,0,0,0,0,0,0,0,4,55,2,7,0,0,0,0,0,0,0,0,0,0,,,,,
Josh Rosen,QB,ARI,17,SEA,149,1,34,18,0,0,0,0,0,0,0,0,0,0,0,0,0,0,0,0,0,0,,,,,
JuJu Smith-Schuster,WR,PIT,17,CIN,0,0,0,0,0,0,0,0,5,37,1,10,0,0,0,0,0,0,0,0,0,0,,,,,
Julian Edelman,WR,NE,17,NYJ,0,0,0,0,0,24,0,2,5,69,1,6,0,0,0,0,0,0,0,0,0,0,,,,,
Julio Jones,WR,ATL,17,TB,0,0,0,0,0,0,0,0,9,138,1,13,0,0,0,0,0,0,0,0,0,0,,,,,
Justin Hardy,WR,ATL,17,TB,0,0,0,0,0,0,0,0,0,0,0,2,0,0,0,0,0,0,0,0,0,0,,,,,
Justin Jackson,RB,LAC,17,DEN,0,0,0,0,0,10,0,6,0,0,0,0,0,0,0,0,0,0,0,0,0,0,,,,,
Justin Tucker,K,BAL,17,CLE,0,0,0,0,0,0,0,0,0,0,0,0,0,0,0,0,1,2,1,0,0,2,,,,,
Justin Watson,WR,TB,17,ATL,0,0,0,0,0,0,0,0,0,0,0,1,0,0,0,0,0,0,0,0,0,0,,,,,
KC,DEF,KC,17,LV,,,,,,,,,,,,,,,,,,,,,,,1,0,0,0,3.0
Ka'imi Fairbairn,K,HOU,17,JAX,0,0,0,0,0,0,0,0,0,0,0,0,0,0,0,0,2,0,0,0,0,2,,,,,
Kai Forbath,K,JAX,17,HOU,0,0,0,0,0,0,0,0,0,0,0,0,0,0,0,0,1,0,0,0,0,0,,,,,
Kalen Ballage,RB,MIA,17,BUF,0,0,0,0,0,47,0,12,1,1,0,1,0,0,0,0,0,0,0,0,0,0,,,,,
Kapri Bibbs,RB,GB,17,DET,0,0,0,0,0,2,0,1,3,13,0,5,0,0,0,0,0,0,0,0,0,0,,,,,
Keelan Cole,WR,JAX,17,HOU,0,0,0,0,0,0,0,0,4,45,0,8,0,0,0,0,0,0,0,0,0,0,,,,,
Keenan Allen,WR,LAC,17,DEN,0,0,0,0,0,0,0,0,4,64,0,7,0,0,0,0,0,0,0,0,0,0,,,,,
Kelvin Benjamin,WR,KC,17,LV,0,0,0,0,0,0,0,0,1,9,0,1,0,0,0,0,0,0,0,0,0,0,,,,,
Kendrick Bourne,WR,SF,17,LA,0,0,0,0,0,0,0,0,5,59,1,6,0,0,0,0,0,0,0,0,0,0,,,,,
Kenneth Dixon,RB,BAL,17,CLE,0,0,0,0,0,117,0,12,1,2,0,1,0,0,0,0,0,0,0,0,0,0,,,,,
Kenny Stills,WR,MIA,17,BUF,3,1,1,1,0,0,0,0,3,27,0,7,0,0,0,0,0,0,0,0,0,0,,,,,
Kenyan Drake,RB,MIA,17,BUF,0,0,0,0,0,43,0,11,5,52,0,5,0,0,0,0,0,0,0,0,0,0,,,,,
Kevin White,WR,CHI,17,MIN,0,0,0,0,0,0,0,0,1,22,0,3,0,0,0,0,0,0,0,0,0,0,,,,,
Kirk Cousins,QB,MIN,17,CHI,132,1,33,20,0,7,0,1,0,0,0,0,0,0,0,0,0,0,0,0,0,0,,,,,
Kyle Allen,QB,CAR,17,NO,228,2,27,16,0,19,1,5,0,0,0,0,0,0,0,0,0,0,0,0,0,0,,,,,
Kyle Juszczyk,RB,SF,17,LA,0,0,0,0,0,9,0,2,1,15,0,2,0,0,0,0,0,0,0,0,0,0,,,,,
Kyle Rudolph,TE,MIN,17,CHI,0,0,0,0,0,0,0,0,4,19,0,5,0,0,0,0,0,0,0,0,0,0,,,,,
LA,DEF,LA,17,SF,,,,,,,,,,,,,,,,,,,,,,,1,0,0,0,32.0
LAC,DEF,LAC,17,DEN,,,,,,,,,,,,,,,,,,,,,,,0,0,0,0,9.0
LV,DEF,LV,17,KC,,,,,,,,,,,,,,,,,,,,,,,0,0,0,0,0.0
Lamar Jackson,QB,BAL,17,CLE,179,0,24,14,0,90,2,20,0,0,0,0,0,0,0,0,0,0,0,0,0,0,,,,,
Lamar Miller,RB,HOU,17,JAX,0,0,0,0,0,56,1,17,2,0,0,2,0,0,0,0,0,0,0,0,0,0,,,,,
Lance Kendricks,TE,GB,17,DET,0,0,0,0,0,0,0,0,0,0,0,1,0,0,0,0,0,0,0,0,0,0,,,,,
Laquon Treadwell,WR,MIN,17,CHI,0,0,0,0,0,0,0,0,1,7,0,2,0,0,0,0,0,0,0,0,0,0,,,,,
Larry Fitzgerald,WR,ARI,17,SEA,0,0,0,0,0,0,0,0,4,36,1,9,0,0,0,0,0,0,0,0,0,0,,,,,
Latavius Murray,RB,MIN,17,CHI,0,0,0,0,0,18,0,2,0,0,0,0,0,0,0,0,0,0,0,0,0,0,,,,,
LeGarrette Blount,RB,DET,17,GB,0,0,0,0,0,15,0,11,0,0,0,0,0,0,0,0,0,0,0,0,0,0,,,,,
LeSean McCoy,RB,BUF,17,MIA,0,0,0,0,0,26,1,10,2,18,0,3,0,0,0,0,0,0,0,0,0,0,,,,,
Lee Smith,TE,LV,17,KC,0,0,0,0,0,0,0,0,0,0,0,0,0,0,0,0,0,0,0,0,0,0,,,,,
Leonte Carroo,WR,MIA,17,BUF,0,0,0,0,0,0,0,0,0,0,0,1,0,0,0,0,0,0,0,0,0,0,,,,,
Levine Toilolo,TE,DET,17,GB,0,0,0,0,0,0,0,0,4,43,1,4,0,0,0,0,0,0,0,0,0,0,,,,,
Logan Paulsen,TE,ATL,17,TB,0,0,0,0,0,0,0,0,1,19,0,1,0,0,0,0,0,0,0,0,0,0,,,,,
Luke Stocker,TE,TEN,17,IND,0,0,0,0,0,0,0,0,1,22,1,2,0,0,0,0,0,0,0,0,0,0,,,,,
MIA,DEF,MIA,17,BUF,,,,,,,,,,,,,,,,,,,,,,,1,0,0,0,42.0
MIN,DEF,MIN,17,CHI,,,,,,,,,,,,,,,,,,,,,,,0,0,0,0,24.0
Marcell Ateman,WR,LV,17,KC,0,0,0,0,0,0,0,0,1,7,0,3,0,0,0,0,0,0,0,0,0,0,,,,,
Mark Andrews,TE,BAL,17,CLE,0,0,0,0,0,0,0,0,4,54,0,5,0,0,0,0,0,0,0,0,0,0,,,,,
Mark Ingram,RB,NO,17,CAR,0,0,0,0,0,28,0,5,2,15,0,2,0,0,0,0,0,0,0,0,0,0,,,,,
Mark Walton,RB,CIN,17,PIT,0,0,0,0,0,0,0,0,0,0,0,0,0,0,0,0,0,0,0,0,0,0,,,,,
Marlon Mack,RB,IND,17,TEN,0,0,0,0,0,119,1,25,3,-1,0,3,0,0,0,0,0,0,0,0,0,0,,,,,
Marquez Valdes-Scantling,WR,GB,17,DET,0,0,0,0,0,0,0,0,3,43,0,8,0,0,0,0,0,0,0,0,0,0,,,,,
Marvin Hall,WR,ATL,17,TB,0,0,0,0,0,0,0,0,0,0,0,1,0,0,0,0,0,0,0,0,0,0,,,,,
Mason Crosby,K,GB,17,DET,0,0,0,0,0,0,0,0,0,0,0,0,0,0,0,0,0,0,0,0,0,0,,,,,
Matt Bryant,K,ATL,17,TB,0,0,0,0,0,0,0,0,0,0,0,0,0,0,0,0,0,1,1,0,0,4,,,,,
Matt Flanagan,TE,WAS,17,PHI,0,0,0,0,0,0,0,0,1,14,0,1,0,0,0,0,0,0,0,0,0,0,,,,,
Matt LaCosse,TE,DEN,17,LAC,0,0,0,0,0,0,0,0,5,33,0,8,0,0,0,0,0,0,0,0,0,0,,,,,
Matt McCrane,K,PIT,17,CIN,0,0,0,0,0,0,0,0,0,0,0,0,0,0,0,0,0,2,1,0,0,1,,,,,
Matt Prater,K,DET,17,GB,8,1,1,1,0,0,0,0,0,0,0,0,0,0,0,0,0,0,1,0,0,4,,,,,
Matt Ryan,QB,ATL,17,TB,378,2,44,31,1,7,0,4,1,5,1,1,0,0,0,0,0,0,0,0,0,0,,,,,
Matthew Slater,WR,NE,17,NYJ,0,0,0,0,0,0,0,0,0,0,0,0,0,0,0,0,0,0,0,0,0,0,,,,,
Matthew Stafford,QB,DET,17,GB,266,2,32,20,0,-2,0,2,0,0,0,0,0,0,0,0,0,0,0,0,0,0,,,,,
Maxx Williams,TE,BAL,17,CLE,0,0,0,0,0,0,0,1,0,0,0,0,0,0,0,0,0,0,0,0,0,0,,,,,
Melvin Gordon,RB,LAC,17,DEN,0,0,0,0,0,42,0,10,3,24,0,3,0,0,0,0,0,0,0,0,0,0,,,,,
Michael Crabtree,WR,BAL,17,CLE,0,0,0,0,0,0,0,0,2,20,0,2,0,0,0,0,0,0,0,0,0,0,,,,,
Michael Floyd,WR,WAS,17,PHI,0,0,0,0,0,0,0,0,2,15,0,3,0,0,0,0,0,0,0,0,0,0,,,,,
Michael Gallup,WR,DAL,17,NYG,0,0,0,0,0,0,0,0,3,50,0,6,0,0,1,0,0,0,0,0,0,0,,,,,
Michael Thomas,WR,NO,17,CAR,0,0,0,0,0,0,0,0,5,29,0,7,0,0,0,0,0,0,0,0,0,0,,,,,
Mike Badgley,K,LAC,17,DEN,0,0,0,0,0,0,0,0,0,0,0,0,0,0,0,0,0,0,0,0,0,3,,,,,
Mike Davis,RB,SEA,17,ARI,0,0,0,0,0,44,1,7,2,12,0,3,0,0,0,0,0,0,0,0,0,0,,,,,
Mike Evans,WR,TB,17,ATL,0,0,0,0,0,0,0,0,6,106,2,8,0,0,0,0,0,0,0,0,0,0,,,,,
Mike Gesicki,TE,MIA,17,BUF,0,0,0,0,0,0,0,0,1,18,0,2,0,0,0,0,0,0,0,0,0,0,,,,,
Mike Williams,WR,LAC,17,DEN,0,0,0,0,0,-11,0,1,5,65,1,6,0,0,0,0,0,0,0,0,0,0,,,,,
Mitchell Trubisky,QB,CHI,17,MIN,163,0,26,18,0,16,0,3,0,0,0,0,0,0,1,0,0,0,0,0,0,0,,,,,
Mo Alie-Cox,TE,IND,17,TEN,0,0,0,0,0,0,0,0,1,21,0,1,0,0,0,0,0,0,0,0,0,0,,,,,
Mohamed Sanu,WR,ATL,17,TB,5,1,1,1,0,2,0,1,7,90,0,10,0,0,0,0,0,0,0,0,0,0,,,,,
MyCole Pruitt,TE,TEN,17,IND,0,0,0,0,0,0,0,0,2,26,0,2,0,0,0,0,0,0,0,0,0,0,,,,,
NE,DEF,NE,17,NYJ,,,,,,,,,,,,,,,,,,,,,,,0,0,0,0,3.0
NO,DEF,NO,17,CAR,,,,,,,,,,,,,,,,,,,,,,,0,0,0,0,33.0
NYG,DEF,NYG,17,DAL,,,,,,,,,,,,,,,,,,,,,,,0,0,0,0,36.0
NYJ,DEF,NYJ,17,NE,,,,,,,,,,,,,,,,,,,,,,,0,0,0,0,38.0
Nate Sudfeld,QB,PHI,17,WAS,22,1,1,1,0,-2,0,2,0,0,0,0,0,0,0,0,0,0,0,0,0,0,,,,,
Nelson Agholor,WR,PHI,17,WAS,0,0,0,0,0,0,0,0,5,40,2,6,0,0,0,0,0,0,0,0,0,0,,,,,
Nick Chubb,RB,CLE,17,BAL,0,0,0,0,0,24,0,9,2,-4,0,3,0,0,0,0,0,0,0,0,0,0,,,,,
Nick Foles,QB,PHI,17,WAS,221,2,33,28,1,4,0,2,0,0,0,0,0,0,0,0,0,0,0,0,0,0,,,,,
Nick Mullens,QB,SF,17,LA,282,3,33,23,3,-2,0,1,0,0,0,0,0,0,1,0,0,0,0,0,0,0,,,,,
Nick Vannett,TE,SEA,17,ARI,0,0,0,0,0,0,0,0,2,17,0,3,0,0,0,0,0,0,0,0,0,0,,,,,
Noah Brown,WR,DAL,17,NYG,0,0,0,0,0,0,0,0,1,3,0,1,0,0,0,0,0,0,0,0,0,0,,,,,
Nyheim Hines,RB,IND,17,TEN,0,0,0,0,0,4,0,1,3,25,0,5,0,0,0,0,0,0,0,0,0,0,,,,,
PHI,DEF,PHI,17,WAS,,,,,,,,,,,,,,,,,,,,,,,0,0,0,0,0.0
PIT,DEF,PIT,17,CIN,,,,,,,,,,,,,,,,,,,,,,,0,0,0,0,13.0
Patrick Mahomes,QB,KC,17,LV,281,2,24,14,1,1,0,2,0,0,0,0,0,0,0,0,0,0,0,0,0,0,,,,,
Peyton Barber,RB,TB,17,ATL,0,0,0,0,0,66,0,15,1,2,0,1,0,0,0,0,0,0,0,0,0,0,,,,,
Pharoh Cooper,WR,ARI,17,SEA,0,0,0,0,0,0,0,0,0,0,0,0,0,0,0,0,0,0,0,0,0,0,,,,,
Philip Rivers,QB,LAC,17,DEN,176,1,24,14,2,0,0,1,0,0,0,0,0,0,0,0,0,0,0,0,0,0,,,,,
Phillip Dorsett,WR,NE,17,NYJ,0,0,0,0,0,16,0,2,5,34,1,5,0,0,0,0,0,0,0,0,0,0,,,,,
Randall Cobb,WR,GB,17,DET,0,0,0,0,0,0,0,0,1,27,0,5,0,0,0,0,0,0,0,0,0,0,,,,,
Randy Bullock,K,CIN,17,PIT,0,0,0,0,0,0,0,0,0,0,0,0,0,0,0,0,0,1,1,0,0,1,,,,,
Rashaad Penny,RB,SEA,17,ARI,0,0,0,0,0,6,0,4,0,0,0,0,0,0,0,0,0,0,0,0,0,0,,,,,
Rashard Higgins,WR,CLE,17,BAL,0,0,0,0,0,0,0,0,4,86,0,6,0,0,0,0,0,0,0,0,0,0,,,,,
Ray-Ray McCloud,WR,BUF,17,MIA,0,0,0,0,0,0,0,0,1,5,0,1,0,0,0,0,0,0,0,0,0,0,,,,,
Rex Burkhead,RB,NE,17,NYJ,0,0,0,0,0,14,0,5,1,18,1,2,0,0,0,0,0,0,0,0,0,0,,,,,
Richie James,WR,SF,17,LA,0,0,0,0,0,0,0,0,3,32,1,5,0,0,0,0,0,0,0,0,0,0,,,,,
River Cracraft,WR,DEN,17,LAC,0,0,0,0,0,0,0,0,1,44,0,2,0,0,0,0,0,0,0,0,0,0,,,,,
Rob Gronkowski,TE,NE,17,NYJ,0,0,0,0,0,0,0,0,2,24,0,2,0,0,0,0,0,0,0,0,0,0,,,,,
Robbie Chosen,WR,NYJ,17,NE,0,0,0,0,0,0,0,0,3,24,0,8,0,0,0,0,0,0,0,0,0,0,,,,,
Robbie Gould,K,SF,17,LA,0,0,0,0,0,0,0,0,0,0,0,0,0,0,0,0,0,1,0,0,0,3,,,,,
Robert Foster,WR,BUF,17,MIA,0,0,0,0,0,0,0,0,4,21,1,5,0,0,0,0,0,0,0,0,0,0,,,,,
Robert Tonyan,TE,GB,17,DET,0,0,0,0,0,0,0,0,1,7,0,2,0,0,0,0,0,0,0,0,0,0,,,,,
Robert Woods,WR,LA,17,SF,0,0,0,0,0,1,0,1,2,24,0,3,0,0,0,0,0,0,0,0,0,0,,,,,
Rod Smith,RB,DAL,17,NYG,0,0,0,0,0,35,1,12,2,14,0,3,0,0,0,0,0,0,0,0,0,0,,,,,
Ross Dwelley,TE,SF,17,LA,0,0,0,0,0,0,0,0,1,6,0,1,0,0,0,0,0,0,0,0,0,0,,,,,
Royce Freeman,RB,DEN,17,LAC,0,0,0,0,0,60,0,17,8,43,0,10,0,0,0,0,0,0,0,0,0,0,,,,,
Russell Gage,WR,ATL,17,TB,0,0,0,0,0,0,0,0,2,14,0,2,0,0,0,0,0,0,0,0,0,0,,,,,
Russell Wilson,QB,SEA,17,ARI,152,1,21,12,1,-2,0,2,0,0,0,0,0,0,0,0,0,0,0,0,0,0,,,,,
Ryan Grant,WR,IND,17,TEN,0,0,0,0,0,0,0,0,1,4,0,2,0,0,0,0,0,0,0,0,0,0,,,,,
Ryan Griffin,TE,HOU,17,JAX,0,0,0,0,0,0,0,0,1,8,0,1,0,0,0,0,0,0,0,0,0,0,,,,,
Ryan Hewitt,TE,IND,17,TEN,0,0,0,0,0,0,0,0,1,1,1,1,0,0,0,0,0,0,0,0,0,0,,,,,
Ryan Succop,K,TEN,17,IND,0,0,0,0,0,0,0,0,0,0,0,0,0,0,0,0,0,1,0,0,0,2,,,,,
Ryan Switzer,WR,PIT,17,CIN,0,0,0,0,0,0,0,0,1,2,0,3,0,0,0,0,0,0,0,0,0,0,,,,,
Ryan Tannehill,QB,MIA,17,BUF,147,0,31,18,2,9,0,2,1,3,1,1,0,0,0,0,0,0,0,0,0,0,,,,,
SEA,DEF,SEA,17,ARI,,,,,,,,,,,,,,,,,,,,,,,0,0,0,0,24.0
SF,DEF,SF,17,LA,,,,,,,,,,,,,,,,,,,,,,,0,0,0,0,48.0
Sam Darnold,QB,NYJ,17,NE,167,0,28,16,0,28,0,1,0,0,0,0,0,0,0,0,0,0,0,0,0,0,,,,,
Samaje Perine,RB,WAS,17,PHI,0,0,0,0,0,7,0,3,0,0,0,0,0,0,0,0,0,0,0,0,0,0,,,,,
Saquon Barkley,RB,NYG,17,DAL,0,0,0,0,0,109,1,17,4,33,0,8,0,0,0,0,0,0,0,0,0,0,,,,,
Scott Simonson,TE,NYG,17,DAL,0,0,0,0,0,0,0,0,2,14,0,2,0,0,0,0,0,0,0,0,0,0,,,,,
Sean Mannion,QB,LA,17,SF,23,0,3,2,0,-8,0,2,0,0,0,0,0,0,0,0,0,0,0,0,0,0,,,,,
Sebastian Janikowski,K,SEA,17,ARI,0,0,0,0,0,0,0,0,0,0,0,0,0,0,0,0,0,1,1,0,0,3,,,,,
Senorise Perry,RB,MIA,17,BUF,0,0,0,0,0,0,0,0,0,0,0,0,0,0,0,0,0,0,0,0,0,0,,,,,
Seth Roberts,WR,LV,17,KC,0,0,0,0,0,-4,0,1,5,31,0,5,0,0,0,0,0,0,0,0,0,0,,,,,
Sony Michel,RB,NE,17,NYJ,0,0,0,0,0,50,0,14,0,0,0,0,0,0,0,0,0,0,0,0,0,0,,,,,
Stefon Diggs,WR,MIN,17,CHI,0,0,0,0,0,0,0,0,8,47,1,10,0,0,0,0,0,0,0,0,0,0,,,,,
Stephen Gostkowski,K,NE,17,NYJ,0,0,0,0,0,0,0,0,0,0,0,0,0,0,0,0,0,1,0,0,0,5,,,,,
Sterling Shepard,WR,NYG,17,DAL,0,0,0,0,0,9,0,1,4,67,0,9,0,0,0,0,0,0,0,0,0,0,,,,,
Steven Hauschka,K,BUF,17,MIA,0,0,0,0,0,0,0,0,0,0,0,0,0,0,0,0,0,0,0,0,0,6,,,,,
T.J. Jones,WR,DET,17,GB,0,0,0,0,0,0,0,0,3,40,2,4,0,0,0,0,0,0,0,0,0,0,,,,,
T.Y. Hilton,WR,IND,17,TEN,0,0,0,0,0,0,0,0,2,61,0,6,0,0,0,0,0,0,0,0,0,0,,,,,
TB,DEF,TB,17,ATL,,,,,,,,,,,,,,,,,,,,,,,0,0,0,0,34.0
TEN,DEF,TEN,17,IND,,,,,,,,,,,,,,,,,,,,,,,1,0,0,0,33.0
Tajae Sharpe,WR,TEN,17,IND,0,0,0,0,0,0,0,0,0,0,0,1,0,0,0,0,0,0,0,0,0,0,,,,,
Tarik Cohen,RB,CHI,17,MIN,0,0,0,0,0,24,1,5,2,8,0,3,0,0,0,0,0,0,0,0,0,0,,,,,
Tavon Austin,WR,DAL,17,NYG,0,0,0,0,0,0,0,0,1,10,0,3,0,0,0,0,0,0,0,0,0,0,,,,,
Taylor Gabriel,WR,CHI,17,MIN,0,0,0,0,0,0,0,0,4,61,0,4,0,0,0,0,0,0,0,0,0,0,,,,,
Taysom Hill,TE,NO,17,CAR,0,0,0,0,0,11,1,3,1,3,0,1,0,0,0,0,0,0,0,0,0,0,,,,,
Taywan Taylor,WR,TEN,17,IND,0,0,0,0,0,0,0,0,2,8,0,6,0,0,0,0,0,0,0,0,0,0,,,,,
Teddy Bridgewater,QB,NO,17,CAR,118,1,22,14,1,12,0,4,0,0,0,0,0,0,0,0,0,0,0,0,0,0,,,,,
Temarrick Hemingway,TE,DEN,17,LAC,0,0,0,0,0,0,0,0,0,0,0,0,0,0,0,0,0,0,0,0,0,0,,,,,
Tevin Coleman,RB,ATL,17,TB,0,0,0,0,0,45,1,8,1,9,0,1,0,0,0,0,0,0,0,0,0,0,,,,,
Theo Riddick,RB,DET,17,GB,0,0,0,0,0,24,0,4,0,0,0,0,0,0,0,0,0,0,0,0,0,0,,,,,
Tim Patrick,WR,DEN,17,LAC,0,0,0,0,0,0,0,0,4,48,0,7,0,0,0,0,0,0,0,0,0,0,,,,,
Tom Brady,QB,NE,17,NYJ,250,4,33,24,0,0,0,0,0,0,0,0,0,0,0,0,0,0,0,0,0,0,,,,,
Tommylee Lewis,WR,NO,17,CAR,0,0,0,0,0,6,0,1,1,12,0,1,0,0,0,0,0,0,0,0,0,0,,,,,
Torrey Smith,WR,CAR,17,NO,0,0,0,0,0,0,0,0,0,0,0,2,0,0,0,0,0,0,0,0,0,0,,,,,
Travaris Cadet,RB,CAR,17,NO,0,0,0,0,0,17,0,11,1,5,0,1,0,0,0,0,0,0,0,0,0,0,,,,,
Travis Benjamin,WR,LAC,17,DEN,0,0,0,0,0,11,0,1,0,0,0,1,0,0,0,0,0,0,0,0,0,0,,,,,
Travis Kelce,TE,KC,17,LV,0,0,0,0,0,0,0,0,5,62,0,9,0,0,0,0,0,0,0,0,0,0,,,,,
Tre'Quan Smith,WR,NO,17,CAR,0,0,0,0,0,0,0,0,3,30,1,4,0,0,0,0,0,0,0,0,0,0,,,,,
Trent Sherfield,WR,ARI,17,SEA,0,0,0,0,0,0,0,0,2,23,0,4,0,0,0,0,0,0,0,0,0,0,,,,,
Trent Taylor,WR,SF,17,LA,0,0,0,0,0,0,0,0,3,17,0,4,0,0,1,0,0,0,0,0,0,0,,,,,
Trenton Cannon,RB,NYJ,17,NE,0,0,0,0,0,16,0,2,0,0,0,1,0,0,0,0,0,0,0,0,0,0,,,,,
Trey Burton,TE,CHI,17,MIN,0,0,0,0,0,0,0,0,5,33,0,6,0,0,0,0,0,0,0,0,0,0,,,,,
Ty Montgomery,WR,BAL,17,CLE,0,0,0,0,0,13,0,2,1,9,0,3,0,0,0,0,0,0,0,0,0,0,,,,,
Tyler Higbee,TE,LA,17,SF,0,0,0,0,0,0,0,0,1,36,0,1,0,0,0,0,0,0,0,0,0,0,,,,,
Tyler Lockett,WR,SEA,17,ARI,0,0,0,0,0,3,0,1,2,66,1,2,0,0,0,0,0,0,0,0,0,0,,,,,
Tyreek Hill,WR,KC,17,LV,0,0,0,0,0,15,1,1,5,101,1,7,0,0,0,0,0,0,0,0,0,0,,,,,
Tyrell Williams,WR,LAC,17,DEN,0,0,0,0,0,0,0,0,2,23,0,3,0,0,0,0,0,0,0,0,0,0,,,,,
Vance McDonald,TE,PIT,17,CIN,0,0,0,0,0,0,0,0,3,39,0,6,0,0,0,0,0,0,0,0,0,0,,,,,
Victor Bolden,WR,BUF,17,MIA,0,0,0,0,0,0,0,0,0,0,0,0,0,0,0,0,0,0,0,0,0,0,,,,,
Virgil Green,TE,LAC,17,DEN,0,0,0,0,0,0,0,0,0,0,0,1,0,0,0,0,0,0,0,0,0,0,,,,,
Vyncint Smith,WR,HOU,17,JAX,0,0,0,0,0,0,0,0,3,28,0,5,0,0,0,0,0,0,0,0,0,0,,,,,
WAS,DEF,WAS,17,PHI,,,,,,,,,,,,,,,,,,,,,,,0,0,0,0,24.0
Wayne Gallman,RB,NYG,17,DAL,0,0,0,0,0,23,1,6,1,7,0,1,0,0,0,0,0,0,0,0,0,0,,,,,
Wendell Smallwood,RB,PHI,17,WAS,0,0,0,0,0,53,0,12,4,24,0,4,0,0,0,0,0,0,0,0,0,0,,,,,
Wil Lutz,K,NO,17,CAR,0,0,0,0,0,0,0,0,0,0,0,0,0,0,0,0,0,0,0,0,0,2,,,,,
Willie Snead,WR,BAL,17,CLE,0,0,0,0,0,0,0,0,1,25,0,2,0,0,0,0,0,0,0,0,0,0,,,,,
Xavier Grimble,TE,PIT,17,CIN,0,0,0,0,0,0,0,0,1,16,0,1,0,0,0,0,0,0,0,0,0,0,,,,,
Zach Ertz,TE,PHI,17,WAS,0,0,0,0,0,0,0,0,3,15,0,4,0,0,0,0,0,0,0,0,0,0,,,,,
Zach Pascal,WR,IND,17,TEN,0,0,0,0,0,0,0,0,0,0,0,0,0,0,0,0,0,0,0,0,0,0,,,,,
Zach Zenner,RB,DET,17,GB,0,0,0,0,0,93,1,21,1,30,0,2,0,0,0,0,0,0,0,0,0,0,,,,,
Zane Gonzalez,K,ARI,17,SEA,0,0,0,0,0,0,0,0,0,0,0,0,0,0,0,0,0,1,0,2,0,1,,,,,
Zay Jones,WR,BUF,17,MIA,0,0,0,0,0,0,0,0,6,93,2,9,0,0,0,0,0,0,0,0,0,0,,,,,
Adam Shaheen,TE,CHI,18,PHI,0,0,0,0,0,0,0,0,3,13,0,4,0,0,0,0,0,0,0,0,0,0,,,,,
Adam Vinatieri,K,IND,18,HOU,0,0,0,0,0,0,0,0,0,0,0,0,0,0,0,0,0,0,0,0,0,3,,,,,
Alfred Blue,RB,HOU,18,IND,0,0,0,0,0,8,0,2,2,11,0,2,0,0,0,0,0,0,0,0,0,0,,,,,
Allen Hurns,WR,DAL,18,SEA,0,0,0,0,0,0,0,0,1,14,0,1,0,0,0,0,0,0,0,0,0,0,,,,,
Allen Robinson,WR,CHI,18,PHI,0,0,0,0,0,0,0,0,10,143,1,13,0,0,0,0,0,0,0,0,0,0,,,,,
Alshon Jeffery,WR,PHI,18,CHI,0,0,0,0,0,0,0,0,6,82,0,9,0,0,0,0,0,0,0,0,0,0,,,,,
Amari Cooper,WR,DAL,18,SEA,0,0,0,0,0,0,0,0,7,106,0,9,0,0,0,0,0,0,0,0,0,0,,,,,
Andrew Luck,QB,IND,18,HOU,222,2,32,19,1,29,0,8,0,0,0,0,0,0,0,0,0,0,0,0,0,0,,,,,
Anthony Miller,WR,CHI,18,PHI,0,0,0,0,0,0,0,0,3,34,0,5,0,0,0,0,0,0,0,0,0,0,,,,,
Antonio Gates,TE,LAC,18,BAL,0,0,0,0,0,0,0,0,4,35,0,4,0,0,0,0,0,0,0,0,0,0,,,,,
Austin Ekeler,RB,LAC,18,BAL,0,0,0,0,0,29,0,11,4,14,0,4,0,0,0,0,0,0,0,0,0,0,,,,,
BAL,DEF,BAL,18,LAC,,,,,,,,,,,,,,,,,,,,,,,0,0,0,0,23.0
Ben Braunecker,TE,CHI,18,PHI,0,0,0,0,0,0,0,0,2,15,0,2,0,0,0,0,0,0,0,0,0,0,,,,,
Benny Cunningham,RB,CHI,18,PHI,0,0,0,0,0,2,0,1,0,0,0,0,0,0,0,0,0,0,0,0,0,0,,,,,
Blake Jarwin,TE,DAL,18,SEA,0,0,0,0,0,0,0,0,3,15,0,3,0,0,0,0,0,0,0,0,0,0,,,,,
Boston Scott,RB,PHI,18,CHI,0,0,0,0,0,0,0,0,0,0,0,0,0,0,0,0,0,0,0,0,0,0,,,,,
Brett Maher,K,DAL,18,SEA,0,0,0,0,0,0,0,0,0,0,0,0,0,0,0,0,0,1,0,0,0,3,,,,,
CHI,DEF,CHI,18,PHI,,,,,,,,,,,,,,,,,,,,,,,0,0,0,0,16.0
Chester Rogers,WR,IND,18,HOU,0,0,0,0,0,0,0,0,4,46,0,5,0,0,0,0,0,0,0,0,0,0,,,,,
Chris Carson,RB,SEA,18,DAL,0,0,0,0,0,20,0,13,2,-1,0,3,0,0,1,0,0,0,0,0,0,0,,,,,
Chris Moore,WR,BAL,18,LAC,0,0,0,0,0,0,0,0,0,0,0,1,0,0,0,0,0,0,0,0,0,0,,,,,
Cody Parkey,K,CHI,18,PHI,0,0,0,0,0,0,0,0,0,0,0,0,0,0,0,0,1,2,0,0,0,0,,,,,
Cole Beasley,WR,DAL,18,SEA,0,0,0,0,0,0,0,0,3,28,0,3,0,0,0,0,0,0,0,0,0,0,,,,,
D'Onta Foreman,RB,HOU,18,IND,0,0,0,0,0,3,0,1,0,0,0,1,0,0,0,0,0,0,0,0,0,0,,,,,
DAL,DEF,DAL,18,SEA,,,,,,,,,,,,,,,,,,,,,,,0,0,0,0,22.0
Dak Prescott,QB,DAL,18,SEA,226,1,33,22,1,29,1,6,0,0,0,0,0,0,0,0,0,0,0,0,0,0,,,,,
Dallas Goedert,TE,PHI,18,CHI,0,0,0,0,0,0,0,0,2,20,1,4,0,0,0,0,0,0,0,0,0,0,,,,,
Dalton Schultz,TE,DAL,18,SEA,0,0,0,0,0,0,0,0,0,0,0,0,0,0,0,0,0,0,0,0,0,0,,,,,
Darren Sproles,RB,PHI,18,CHI,0,0,0,0,0,21,0,13,2,14,0,3,0,0,0,0,0,0,0,0,0,0,,,,,
DeAndre Carter,WR,HOU,18,IND,0,0,0,0,0,0,0,0,0,0,0,0,0,0,0,0,0,0,0,0,0,0,,,,,
DeAndre Hopkins,WR,HOU,18,IND,0,0,0,0,0,0,0,0,5,37,0,10,0,0,0,0,0,0,0,0,0,0,,,,,
Deshaun Watson,QB,HOU,18,IND,235,1,49,29,1,76,0,8,0,0,0,0,0,0,0,0,0,0,0,0,0,0,,,,,
Dontrelle Inman,WR,IND,18,HOU,0,0,0,0,0,0,0,0,4,53,1,4,0,0,0,0,0,0,0,0,0,0,,,,,
Doug Baldwin,WR,SEA,18,DAL,0,0,0,0,0,0,0,0,3,32,0,6,0,0,0,0,0,0,0,0,0,0,,,,,
Ed Dickson,TE,SEA,18,DAL,0,0,0,0,0,0,0,0,4,42,0,5,0,0,0,0,0,0,0,0,0,0,,,,,
Eric Ebron,TE,IND,18,HOU,0,0,0,0,0,0,0,0,3,26,1,6,0,0,0,0,0,0,0,0,0,0,,,,,
Ezekiel Elliott,RB,DAL,18,SEA,0,0,0,0,0,137,1,26,4,32,0,5,0,0,0,0,0,0,0,0,0,0,,,,,
Geremy Davis,WR,LAC,18,BAL,0,0,0,0,0,0,0,0,0,0,0,0,0,0,0,0,0,0,0,0,0,0,,,,,
Golden Tate,WR,PHI,18,CHI,0,0,0,0,0,0,0,0,5,46,1,8,0,0,0,0,0,0,0,0,0,0,,,,,
Gus Edwards,RB,BAL,18,LAC,0,0,0,0,0,23,0,8,0,0,0,0,0,0,0,0,0,0,0,0,0,0,,,,,
HOU,DEF,HOU,18,IND,,,,,,,,,,,,,,,,,,,,,,,0,0,0,0,21.0
Hayden Hurst,TE,BAL,18,LAC,0,0,0,0,0,0,0,0,0,0,0,1,0,0,0,0,0,0,0,0,0,0,,,,,
IND,DEF,IND,18,HOU,,,,,,,,,,,,,,,,,,,,,,,0,0,0,0,7.0
J.D. McKissic,RB,SEA,18,DAL,0,0,0,0,0,0,0,0,2,13,1,3,0,0,0,0,0,0,0,0,0,0,,,,,
Jake Elliott,K,PHI,18,CHI,0,0,0,0,0,0,0,0,0,0,0,0,0,0,0,0,0,0,1,0,0,1,,,,,
John Brown,WR,BAL,18,LAC,0,0,0,0,0,0,0,0,2,14,0,3,0,0,0,0,0,0,0,0,0,0,,,,,
Jordan Akins,TE,HOU,18,IND,0,0,0,0,0,0,0,0,2,8,0,3,0,0,0,0,0,0,0,0,0,0,,,,,
Jordan Howard,RB,CHI,18,PHI,0,0,0,0,0,35,0,10,0,0,0,1,0,0,0,0,0,0,0,0,0,0,,,,,
Jordan Wilkins,RB,IND,18,HOU,0,0,0,0,0,9,0,2,0,0,0,0,0,0,0,0,0,0,0,0,0,0,,,,,
Josh Adams,RB,PHI,18,CHI,0,0,0,0,0,2,0,1,0,0,0,0,0,0,0,0,0,0,0,0,0,0,,,,,
Josh Bellamy,WR,CHI,18,PHI,0,0,0,0,0,0,0,0,1,34,0,1,0,0,0,0,0,0,0,0,0,0,,,,,
Justin Jackson,RB,LAC,18,BAL,0,0,0,0,0,5,0,2,0,0,0,0,0,0,0,0,0,0,0,0,0,0,,,,,
Justin Tucker,K,BAL,18,LAC,0,0,0,0,0,0,0,0,0,0,0,0,0,0,0,0,0,1,0,0,0,2,,,,,
Ka'imi Fairbairn,K,HOU,18,IND,0,0,0,0,0,0,0,0,0,0,0,0,0,0,0,0,0,0,0,0,0,1,,,,,
Keenan Allen,WR,LAC,18,BAL,0,0,0,0,0,0,0,0,4,37,0,6,0,0,0,0,0,0,0,0,0,0,,,,,
Keke Coutee,WR,HOU,18,IND,0,0,0,0,0,0,0,0,11,110,1,14,0,0,0,0,0,0,0,0,0,0,,,,,
Kenneth Dixon,RB,BAL,18,LAC,0,0,0,0,0,13,0,6,3,53,0,3,0,0,0,0,0,0,0,0,0,0,,,,,
LAC,DEF,LAC,18,BAL,,,,,,,,,,,,,,,,,,,,,,,0,0,0,0,17.0
Lamar Jackson,QB,BAL,18,LAC,194,2,29,14,1,54,0,9,0,0,0,0,0,0,0,0,0,0,0,0,0,0,,,,,
Lamar Miller,RB,HOU,18,IND,0,0,0,0,0,18,0,5,8,63,0,10,0,0,0,0,0,0,0,0,0,0,,,,,
Mark Andrews,TE,BAL,18,LAC,0,0,0,0,0,0,0,0,3,31,0,7,0,0,0,0,0,0,0,0,0,0,,,,,
Marlon Mack,RB,IND,18,HOU,0,0,0,0,0,148,1,24,2,6,0,3,0,0,0,0,0,0,0,0,0,0,,,,,
Maxx Williams,TE,BAL,18,LAC,0,0,0,0,0,0,0,0,1,8,0,1,0,0,0,0,0,0,0,0,0,0,,,,,
Melvin Gordon,RB,LAC,18,BAL,0,0,0,0,0,40,1,17,1,3,0,1,0,0,0,0,0,0,0,0,0,0,,,,,
Michael Crabtree,WR,BAL,18,LAC,0,0,0,0,0,0,0,0,2,38,2,4,0,0,0,0,0,0,0,0,0,0,,,,,
Michael Gallup,WR,DAL,18,SEA,0,0,0,0,0,0,0,0,2,18,1,6,0,0,0,0,0,0,0,0,0,0,,,,,
Mike Badgley,K,LAC,18,BAL,0,0,0,0,0,0,0,0,0,0,0,0,0,0,0,0,1,1,2,1,0,0,,,,,
Mike Davis,RB,SEA,18,DAL,0,0,0,0,0,10,0,4,2,22,0,2,0,0,1,0,0,0,0,0,0,0,,,,,
Mike Williams,WR,LAC,18,BAL,0,0,0,0,0,0,0,0,2,42,0,5,0,0,1,0,0,0,0,0,0,0,,,,,
Mitchell Trubisky,QB,CHI,18,PHI,303,1,43,26,0,9,0,3,0,0,0,0,0,0,0,0,0,0,0,0,0,0,,,,,
Nelson Agholor,WR,PHI,18,CHI,0,0,0,0,0,0,0,0,3,32,0,6,0,0,0,0,0,0,0,0,0,0,,,,,
Nick Foles,QB,PHI,18,CHI,266,2,40,25,2,-1,0,1,0,0,0,0,0,0,0,0,0,0,0,0,0,0,,,,,
Nick Vannett,TE,SEA,18,DAL,0,0,0,0,0,0,0,0,1,5,0,2,0,0,0,0,0,0,0,0,0,0,,,,,
Noah Brown,WR,DAL,18,SEA,0,0,0,0,0,0,0,0,1,6,0,4,0,0,0,0,0,0,0,0,0,0,,,,,
PHI,DEF,PHI,18,CHI,,,,,,,,,,,,,,,,,,,,,,,0,0,0,0,15.0
Philip Rivers,QB,LAC,18,BAL,160,0,32,22,0,15,0,3,0,0,0,0,0,0,1,0,0,0,0,0,0,0,,,,,
Rashaad Penny,RB,SEA,18,DAL,0,0,0,0,0,29,0,4,0,0,0,0,0,0,0,0,0,0,0,0,0,0,,,,,
Rod Smith,RB,DAL,18,SEA,0,0,0,0,0,1,0,1,0,0,0,0,0,0,0,0,0,0,0,0,0,0,,,,,
Russell Wilson,QB,SEA,18,DAL,233,1,27,18,0,14,1,3,0,0,0,0,0,0,0,0,0,0,0,0,0,0,,,,,
Ryan Griffin,TE,HOU,18,IND,0,0,0,0,0,0,0,0,1,6,0,5,0,0,0,0,0,0,0,0,0,0,,,,,
SEA,DEF,SEA,18,DAL,,,,,,,,,,,,,,,,,,,,,,,0,0,0,0,24.0
Sebastian Janikowski,K,SEA,18,DAL,0,0,0,0,0,0,0,0,0,0,0,0,0,0,0,0,1,0,1,0,0,0,,,,,
T.Y. Hilton,WR,IND,18,HOU,0,0,0,0,0,0,0,0,5,85,0,10,0,0,0,0,0,0,0,0,0,0,,,,,
Taquan Mizzell,RB,CHI,18,PHI,0,0,0,0,0,-1,0,1,0,0,0,1,0,0,0,0,0,0,0,0,0,0,,,,,
Tarik Cohen,RB,CHI,18,PHI,0,0,0,0,0,0,0,1,3,27,0,5,0,0,0,0,0,0,0,0,0,0,,,,,
Tavon Austin,WR,DAL,18,SEA,0,0,0,0,0,-3,0,1,1,7,0,1,0,0,0,0,0,0,0,0,0,0,,,,,
Taylor Gabriel,WR,CHI,18,PHI,0,0,0,0,0,20,0,2,4,37,0,9,0,0,0,0,0,0,0,0,0,0,,,,,
Travis Benjamin,WR,LAC,18,BAL,0,0,0,0,0,0,0,0,3,11,0,3,0,0,0,0,0,0,0,0,0,0,,,,,
Ty Montgomery,WR,BAL,18,LAC,0,0,0,0,0,0,0,0,0,0,0,0,0,0,0,0,0,0,0,0,0,0,,,,,
Tyler Lockett,WR,SEA,18,DAL,0,0,0,0,0,0,0,0,4,120,0,6,0,0,0,0,0,0,0,0,0,0,,,,,
Tyrell Williams,WR,LAC,18,BAL,0,0,0,0,0,0,0,0,2,9,0,4,0,0,0,0,0,0,0,0,0,0,,,,,
Virgil Green,TE,LAC,18,BAL,0,0,0,0,0,0,0,0,1,8,0,1,0,0,0,0,0,0,0,0,0,0,,,,,
Vyncint Smith,WR,HOU,18,IND,0,0,0,0,0,0,0,0,0,0,0,2,0,0,0,0,0,0,0,0,0,0,,,,,
Wendell Smallwood,RB,PHI,18,CHI,0,0,0,0,0,20,0,8,2,20,0,3,0,0,0,0,0,0,0,0,0,0,,,,,
Willie Snead,WR,BAL,18,LAC,0,0,0,0,0,0,0,0,3,50,0,6,0,0,0,0,0,0,0,0,0,0,,,,,
Zach Ertz,TE,PHI,18,CHI,0,0,0,0,0,0,0,0,5,52,0,7,0,0,0,0,0,0,0,0,0,0,,,,,
Zach Pascal,WR,IND,18,HOU,0,0,0,0,0,14,0,1,1,6,0,3,0,0,0,0,0,0,0,0,0,0,,,,,
Adam Vinatieri,K,IND,19,KC,0,0,0,0,0,0,0,0,0,0,0,0,0,0,0,0,0,0,0,0,0,1,,,,,
Alshon Jeffery,WR,PHI,19,NO,0,0,0,0,0,0,0,0,5,63,0,8,0,0,0,0,0,0,0,0,0,0,,,,,
Alvin Kamara,RB,NO,19,PHI,0,0,0,0,0,71,0,16,4,35,0,4,0,0,0,0,0,0,0,0,0,0,,,,,
Amari Cooper,WR,DAL,19,LA,0,0,0,0,0,0,0,0,6,65,1,9,0,0,1,0,0,0,0,0,0,0,,,,,
Andrew Luck,QB,IND,19,KC,203,1,36,19,0,17,0,2,0,0,0,0,0,0,0,0,0,0,0,0,0,0,,,,,
Antonio Gates,TE,LAC,19,NE,0,0,0,0,0,0,0,0,5,41,1,8,0,0,0,0,0,0,0,0,0,0,,,,,
Austin Ekeler,RB,LAC,19,NE,0,0,0,0,0,0,0,0,3,19,0,5,0,0,0,0,0,0,0,0,0,0,,,,,
Benjamin Watson,TE,NO,19,PHI,0,0,0,0,0,0,0,0,1,12,0,1,0,0,0,0,0,0,0,0,0,0,,,,,
Blake Jarwin,TE,DAL,19,LA,0,0,0,0,0,0,0,0,2,17,0,2,0,0,0,0,0,0,0,0,0,0,,,,,
Boston Scott,RB,PHI,19,NO,0,0,0,0,0,0,0,0,0,0,0,0,0,0,0,0,0,0,0,0,0,0,,,,,
Brandin Cooks,WR,LA,19,DAL,0,0,0,0,0,5,0,1,4,65,0,6,0,0,0,0,0,0,0,0,0,0,,,,,
Brett Maher,K,DAL,19,LA,0,0,0,0,0,0,0,0,0,0,0,0,0,0,0,0,0,0,0,0,0,2,,,,,
C.J. Anderson,RB,LA,19,DAL,0,0,0,0,0,123,2,23,0,0,0,1,0,0,0,0,0,0,0,0,0,0,,,,,
Chester Rogers,WR,IND,19,KC,0,0,0,0,0,0,0,0,5,30,0,6,0,0,0,0,0,0,0,0,0,0,,,,,
Chris Conley,WR,KC,19,IND,0,0,0,0,0,0,0,0,0,0,0,2,0,0,0,0,0,0,0,0,0,0,,,,,
Chris Hogan,WR,NE,19,LAC,0,0,0,0,0,0,0,0,3,13,0,5,0,0,0,0,0,0,0,0,0,0,,,,,
Cole Beasley,WR,DAL,19,LA,0,0,0,0,0,0,0,0,1,15,0,2,0,0,0,0,0,0,0,0,0,0,,,,,
Cordarrelle Patterson,RB,NE,19,LAC,0,0,0,0,0,3,0,1,0,0,0,1,0,0,0,0,0,0,0,0,0,0,,,,,
DAL,DEF,DAL,19,LA,,,,,,,,,,,,,,,,,,,,,,,0,0,0,0,30.0
Dak Prescott,QB,DAL,19,LA,266,1,32,20,0,3,1,2,0,0,0,0,0,0,1,0,0,0,0,0,0,0,,,,,
Dallas Goedert,TE,PHI,19,NO,0,0,0,0,0,0,0,0,0,0,0,0,0,0,0,0,0,0,0,0,0,0,,,,,
Dalton Schultz,TE,DAL,19,LA,0,0,0,0,0,0,0,0,1,20,0,2,0,0,0,0,0,0,0,0,0,0,,,,,
Damien Williams,RB,KC,19,IND,0,0,0,0,0,129,1,25,5,25,0,6,0,0,0,0,0,0,0,0,0,0,,,,,
Darrel Williams,RB,KC,19,IND,0,0,0,0,0,9,1,3,0,0,0,0,0,0,0,0,0,0,0,0,0,0,,,,,
Darren Sproles,RB,PHI,19,NO,0,0,0,0,0,4,0,3,3,21,0,4,0,0,0,0,0,0,0,0,0,0,,,,,
Demetrius Harris,TE,KC,19,IND,0,0,0,0,0,0,0,0,0,0,0,1,0,0,0,0,0,0,0,0,0,0,,,,,
Dontrelle Inman,WR,IND,19,KC,0,0,0,0,0,0,0,0,4,55,0,4,0,0,0,0,0,0,0,0,0,0,,,,,
Drew Brees,QB,NO,19,PHI,301,2,38,28,1,0,0,3,0,0,0,0,0,0,0,0,0,0,0,0,0,0,,,,,
Eric Ebron,TE,IND,19,KC,0,0,0,0,0,0,0,0,5,51,0,9,0,0,0,0,0,0,0,0,0,0,,,,,
Ezekiel Elliott,RB,DAL,19,LA,0,0,0,0,0,47,1,20,2,19,0,5,0,0,0,0,0,0,0,0,0,0,,,,,
Gehrig Dieter,WR,KC,19,IND,0,0,0,0,0,0,0,0,1,11,0,1,0,0,0,0,0,0,0,0,0,0,,,,,
Gerald Everett,TE,LA,19,DAL,0,0,0,0,0,0,0,0,0,0,0,2,0,0,0,0,0,0,0,0,0,0,,,,,
Geremy Davis,WR,LAC,19,NE,0,0,0,0,0,0,0,0,0,0,0,0,0,0,0,0,0,0,0,0,0,0,,,,,
Golden Tate,WR,PHI,19,NO,0,0,0,0,0,0,0,0,2,18,0,5,0,0,0,0,0,0,0,0,0,0,,,,,
Greg Zuerlein,K,LA,19,DAL,0,0,0,0,0,0,0,0,0,0,0,0,0,0,0,0,2,0,1,0,0,3,,,,,
Harrison Butker,K,KC,19,IND,0,0,0,0,0,0,0,0,0,0,0,0,0,0,0,0,0,1,0,0,0,4,,,,,
Hunter Henry,TE,LAC,19,NE,0,0,0,0,0,0,0,0,0,0,0,1,0,0,0,0,0,0,0,0,0,0,,,,,
IND,DEF,IND,19,KC,,,,,,,,,,,,,,,,,,,,,,,0,0,0,0,31.0
Jake Elliott,K,PHI,19,NO,0,0,0,0,0,0,0,0,0,0,0,0,0,0,0,0,0,0,0,0,0,2,,,,,
James White,RB,NE,19,LAC,0,0,0,0,0,0,0,0,15,97,0,17,0,0,0,0,0,0,0,0,0,0,,,,,
Jared Goff,QB,LA,19,DAL,186,0,28,15,0,12,0,6,0,0,0,0,0,0,0,0,0,0,0,0,0,0,,,,,
JoJo Natson,WR,LA,19,DAL,0,0,0,0,0,0,0,0,0,0,0,0,0,0,0,0,0,0,0,0,0,0,,,,,
John Kelly,RB,LA,19,DAL,0,0,0,0,0,0,0,0,0,0,0,0,0,0,0,0,0,0,0,0,0,0,,,,,
Jordan Matthews,TE,PHI,19,NO,0,0,0,0,0,0,0,0,1,37,1,2,0,0,0,0,0,0,0,0,0,0,,,,,
Jordan Wilkins,RB,IND,19,KC,0,0,0,0,0,0,0,0,0,0,0,1,0,0,0,0,0,0,0,0,0,0,,,,,
Josh Hill,TE,NO,19,PHI,0,0,0,0,0,0,0,0,3,7,0,3,0,0,0,0,0,0,0,0,0,0,,,,,
Josh Reynolds,WR,LA,19,DAL,0,0,0,0,0,9,0,1,1,19,0,4,0,0,0,0,0,0,0,0,0,0,,,,,
Julian Edelman,WR,NE,19,LAC,0,0,0,0,0,7,0,1,9,151,0,13,0,0,0,0,0,0,0,0,0,0,,,,,
Justin Jackson,RB,LAC,19,NE,0,0,0,0,0,4,0,1,3,22,0,4,0,0,0,0,0,0,0,0,0,0,,,,,
KC,DEF,KC,19,IND,,,,,,,,,,,,,,,,,,,,,,,0,0,0,0,13.0
Keenan Allen,WR,LAC,19,NE,0,0,0,0,0,0,0,0,2,75,1,6,0,0,1,0,0,0,0,0,0,0,,,,,
Keith Kirkwood,WR,NO,19,PHI,0,0,0,0,0,0,0,0,2,8,1,2,0,0,0,0,0,0,0,0,0,0,,,,,
LA,DEF,LA,19,DAL,,,,,,,,,,,,,,,,,,,,,,,0,0,0,0,22.0
LAC,DEF,LAC,19,NE,,,,,,,,,,,,,,,,,,,,,,,0,0,0,0,41.0
Mark Ingram,RB,NO,19,PHI,0,0,0,0,0,53,0,9,2,9,0,2,0,0,0,0,0,0,0,0,0,0,,,,,
Marlon Mack,RB,IND,19,KC,0,0,0,0,0,46,0,9,0,0,0,0,0,0,0,0,0,0,0,0,0,0,,,,,
Matthew Slater,WR,NE,19,LAC,0,0,0,0,0,0,0,0,0,0,0,0,0,0,0,0,0,0,0,0,0,0,,,,,
Melvin Gordon,RB,LAC,19,NE,0,0,0,0,0,15,1,9,1,11,0,2,0,0,0,0,0,0,0,0,0,0,,,,,
Michael Gallup,WR,DAL,19,LA,0,0,0,0,0,0,0,0,6,119,0,9,0,0,0,0,0,0,0,0,0,0,,,,,
Michael Thomas,WR,NO,19,PHI,0,0,0,0,0,0,0,0,12,171,1,16,0,0,0,0,0,0,0,0,0,0,,,,,
Mike Badgley,K,LAC,19,NE,0,0,0,0,0,0,0,0,0,0,0,0,0,0,0,0,0,0,0,0,0,2,,,,,
Mike Williams,WR,LAC,19,NE,0,0,0,0,0,0,0,0,5,68,0,11,0,0,0,0,0,0,0,0,0,0,,,,,
Mo Alie-Cox,TE,IND,19,KC,0,0,0,0,0,0,0,0,0,0,0,1,0,0,0,0,0,0,0,0,0,0,,,,,
NE,DEF,NE,19,LAC,,,,,,,,,,,,,,,,,,,,,,,0,0,0,0,28.0
NO,DEF,NO,19,PHI,,,,,,,,,,,,,,,,,,,,,,,0,0,0,0,14.0
Nelson Agholor,WR,PHI,19,NO,0,0,0,0,0,12,0,1,1,6,0,3,0,0,0,0,0,0,0,0,0,0,,,,,
Nick Foles,QB,PHI,19,NO,201,1,31,18,2,0,1,2,0,0,0,0,0,0,0,0,0,0,0,0,0,0,,,,,
Nick Rose,K,LAC,19,NE,0,0,0,0,0,0,0,0,0,0,0,0,0,0,0,0,0,0,0,0,0,0,,,,,
Noah Brown,WR,DAL,19,LA,0,0,0,0,0,0,0,0,1,13,0,1,0,0,0,0,0,0,0,0,0,0,,,,,
Nyheim Hines,RB,IND,19,KC,0,0,0,0,0,24,0,3,0,0,0,0,0,0,0,0,0,0,0,0,0,0,,,,,
PHI,DEF,PHI,19,NO,,,,,,,,,,,,,,,,,,,,,,,0,0,0,0,20.0
Patrick Mahomes,QB,KC,19,IND,278,0,41,27,0,8,1,3,0,0,0,0,0,0,0,0,0,0,0,0,0,0,,,,,
Philip Rivers,QB,LAC,19,NE,331,3,51,25,1,0,0,0,0,0,0,0,0,0,1,0,0,0,0,0,0,0,,,,,
Phillip Dorsett,WR,NE,19,LAC,0,0,0,0,0,0,0,0,4,41,1,5,0,0,0,0,0,0,0,0,0,0,,,,,
Rex Burkhead,RB,NE,19,LAC,0,0,0,0,0,12,1,4,1,7,0,1,0,0,0,0,0,0,0,0,0,0,,,,,
Rico Gathers,TE,DAL,19,LA,0,0,0,0,0,0,0,0,0,0,0,1,0,0,0,0,0,0,0,0,0,0,,,,,
Rob Gronkowski,TE,NE,19,LAC,0,0,0,0,0,0,0,0,1,25,0,1,0,0,0,0,0,0,0,0,0,0,,,,,
Robert Woods,WR,LA,19,DAL,0,0,0,0,0,9,0,1,6,69,0,8,0,0,0,0,0,0,0,0,0,0,,,,,
Ryan Hewitt,TE,IND,19,KC,0,0,0,0,0,0,0,0,0,0,0,1,0,0,0,0,0,0,0,0,0,0,,,,,
Sammy Watkins,WR,KC,19,IND,0,0,0,0,0,-2,0,1,6,62,0,8,0,0,0,0,0,0,0,0,0,0,,,,,
Sony Michel,RB,NE,19,LAC,0,0,0,0,0,129,3,24,1,9,0,1,0,0,0,0,0,0,0,0,0,0,,,,,
Stephen Gostkowski,K,NE,19,LAC,0,0,0,0,0,0,0,0,0,0,0,0,0,0,0,0,1,1,0,0,0,5,,,,,
T.Y. Hilton,WR,IND,19,KC,0,0,0,0,0,0,0,0,4,60,1,11,0,0,0,0,0,0,0,0,0,0,,,,,
Tavon Austin,WR,DAL,19,LA,0,0,0,0,0,0,0,0,1,-2,0,1,0,0,0,0,0,0,0,0,0,0,,,,,
Taysom Hill,TE,NO,19,PHI,0,0,0,0,0,8,0,2,0,0,0,1,0,0,0,0,0,0,0,0,0,0,,,,,
Ted Ginn,WR,NO,19,PHI,0,0,0,0,0,0,0,0,3,44,0,7,0,0,0,0,0,0,0,0,0,0,,,,,
Todd Gurley,RB,LA,19,DAL,0,0,0,0,0,115,1,16,2,3,0,2,0,0,0,0,0,0,0,0,0,0,,,,,
Tom Brady,QB,NE,19,LAC,343,1,44,34,0,-1,0,2,0,0,0,0,0,0,0,0,0,0,0,0,0,0,,,,,
Tommylee Lewis,WR,NO,19,PHI,0,0,0,0,0,0,0,0,0,0,0,0,0,0,0,0,0,0,0,0,0,0,,,,,
Travis Benjamin,WR,LAC,19,NE,0,0,0,0,0,0,0,0,0,0,0,2,0,0,0,0,0,0,0,0,0,0,,,,,
Travis Kelce,TE,KC,19,IND,0,0,0,0,0,0,0,0,7,108,0,10,0,0,0,0,0,0,0,0,0,0,,,,,
Tre'Quan Smith,WR,NO,19,PHI,0,0,0,0,0,5,0,1,1,15,0,1,0,0,0,0,0,0,0,0,0,0,,,,,
Tyler Higbee,TE,LA,19,DAL,0,0,0,0,0,0,0,0,2,30,0,4,0,0,0,0,0,0,0,0,0,0,,,,,
Tyreek Hill,WR,KC,19,IND,0,0,0,0,0,36,1,1,8,72,0,13,0,0,0,0,0,0,0,0,0,0,,,,,
Tyrell Williams,WR,LAC,19,NE,0,0,0,0,0,0,0,0,5,94,0,7,0,0,0,0,0,0,0,0,0,0,,,,,
Virgil Green,TE,LAC,19,NE,0,0,0,0,0,0,0,0,1,1,1,1,0,0,0,0,0,0,0,0,0,0,,,,,
Wendell Smallwood,RB,PHI,19,NO,0,0,0,0,0,33,0,10,1,6,0,1,0,0,0,0,0,0,0,0,0,0,,,,,
Wil Lutz,K,NO,19,PHI,0,0,0,0,0,0,0,0,0,0,0,0,0,0,0,0,0,1,1,0,0,2,,,,,
Zach Ertz,TE,PHI,19,NO,0,0,0,0,0,0,0,0,5,50,0,8,0,0,0,0,0,0,0,0,0,0,,,,,
Zach Pascal,WR,IND,19,KC,0,0,0,0,0,0,0,0,1,7,0,3,1,0,0,0,0,0,0,0,0,0,,,,,
Alvin Kamara,RB,NO,20,LA,0,0,0,0,0,15,0,8,11,96,0,13,0,0,0,0,0,0,0,0,0,0,,,,,
Austin Carr,WR,NO,20,LA,0,0,0,0,0,0,0,0,1,5,0,1,0,0,0,0,0,0,0,0,0,0,,,,,
Brandin Cooks,WR,LA,20,NO,0,0,0,0,0,0,0,0,7,107,0,8,0,0,0,0,0,0,0,0,0,0,,,,,
C.J. Anderson,RB,LA,20,NO,0,0,0,0,0,44,0,16,1,5,0,1,0,0,0,0,0,0,0,0,0,0,,,,,
Charcandrick West,RB,KC,20,NE,0,0,0,0,0,0,0,0,0,0,0,0,0,0,0,0,0,0,0,0,0,0,,,,,
Chris Conley,WR,KC,20,NE,0,0,0,0,0,0,0,0,0,0,0,1,0,0,0,0,0,0,0,0,0,0,,,,,
Chris Hogan,WR,NE,20,KC,0,0,0,0,0,0,0,0,5,45,0,7,0,0,0,0,0,0,0,0,0,0,,,,,
Cordarrelle Patterson,RB,NE,20,KC,0,0,0,0,0,0,0,0,2,18,0,4,0,0,0,0,0,0,0,0,0,0,,,,,
Damien Williams,RB,KC,20,NE,0,0,0,0,0,30,1,10,5,66,2,8,0,0,0,0,0,0,0,0,0,0,,,,,
Dan Arnold,TE,NO,20,LA,0,0,0,0,0,0,0,0,0,0,0,2,0,0,0,0,0,0,0,0,0,0,,,,,
Darrel Williams,RB,KC,20,NE,0,0,0,0,0,0,0,0,0,0,0,0,0,0,0,0,0,0,0,0,0,0,,,,,
Demarcus Robinson,WR,KC,20,NE,0,0,0,0,0,0,0,0,1,27,0,1,0,0,0,0,0,0,0,0,0,0,,,,,
Demetrius Harris,TE,KC,20,NE,0,0,0,0,0,0,0,0,1,2,0,1,0,0,0,0,0,0,0,0,0,0,,,,,
Drew Brees,QB,NO,20,LA,249,2,40,26,1,-2,0,2,0,0,0,0,0,0,0,0,0,0,0,0,0,0,,,,,
Garrett Griffin,TE,NO,20,LA,0,0,0,0,0,0,0,0,2,12,1,2,0,0,0,0,0,0,0,0,0,0,,,,,
Gehrig Dieter,WR,KC,20,NE,0,0,0,0,0,0,0,0,0,0,0,0,0,0,0,0,0,0,0,0,0,0,,,,,
Gerald Everett,TE,LA,20,NO,0,0,0,0,0,0,0,0,2,50,0,4,0,0,0,0,0,0,0,0,0,0,,,,,
Greg Zuerlein,K,LA,20,NO,0,0,0,0,0,0,0,0,0,0,0,0,0,0,0,0,1,1,1,1,0,2,,,,,
Harrison Butker,K,KC,20,NE,0,0,0,0,0,0,0,0,0,0,0,0,0,0,0,0,0,1,0,0,0,4,,,,,
James White,RB,NE,20,KC,0,0,0,0,0,23,0,6,4,49,0,6,0,0,0,0,0,0,0,0,0,0,,,,,
Jared Goff,QB,LA,20,NO,297,1,40,25,1,10,0,3,0,0,0,0,0,0,0,0,0,0,0,0,0,0,,,,,
JoJo Natson,WR,LA,20,NO,0,0,0,0,0,0,0,0,0,0,0,0,0,0,0,0,0,0,0,0,0,0,,,,,
Josh Hill,TE,NO,20,LA,0,0,0,0,0,0,0,0,1,24,0,1,0,0,0,0,0,0,0,0,0,0,,,,,
Josh Reynolds,WR,LA,20,NO,0,0,0,0,0,16,0,1,4,74,0,7,0,0,0,0,0,0,0,0,0,0,,,,,
Julian Edelman,WR,NE,20,KC,0,0,0,0,0,0,0,0,7,96,0,10,0,0,0,0,0,0,0,0,0,0,,,,,
KC,DEF,KC,20,NE,,,,,,,,,,,,,,,,,,,,,,,0,0,0,0,37.0
KhaDarel Hodge,WR,LA,20,NO,0,0,0,0,0,0,0,0,0,0,0,0,0,0,0,0,0,0,0,0,0,0,,,,,
LA,DEF,LA,20,NO,,,,,,,,,,,,,,,,,,,,,,,0,0,0,0,23.0
Mark Ingram,RB,NO,20,LA,0,0,0,0,0,31,0,9,2,6,0,2,0,0,0,0,0,0,0,0,0,0,,,,,
Michael Thomas,WR,NO,20,LA,0,0,0,0,0,0,0,0,4,36,0,7,0,0,0,0,0,0,0,0,0,0,,,,,
NE,DEF,NE,20,KC,,,,,,,,,,,,,,,,,,,,,,,0,0,0,0,31.0
NO,DEF,NO,20,LA,,,,,,,,,,,,,,,,,,,,,,,0,0,0,0,26.0
Patrick Mahomes,QB,KC,20,NE,295,3,31,16,0,11,0,2,0,0,0,0,0,0,0,0,0,0,0,0,0,0,,,,,
Phillip Dorsett,WR,NE,20,KC,0,0,0,0,0,0,0,0,1,29,1,3,0,0,0,0,0,0,0,0,0,0,,,,,
Rex Burkhead,RB,NE,20,KC,0,0,0,0,0,41,2,12,4,23,0,4,0,0,0,0,0,0,0,0,0,0,,,,,
Rob Gronkowski,TE,NE,20,KC,0,0,0,0,0,0,0,0,6,79,0,11,0,0,0,0,0,0,0,0,0,0,,,,,
Robert Woods,WR,LA,20,NO,0,0,0,0,0,-3,0,2,6,33,0,11,0,0,0,0,0,0,0,0,0,0,,,,,
Sammy Watkins,WR,KC,20,NE,0,0,0,0,0,0,0,0,4,114,0,8,0,0,0,0,0,0,0,0,0,0,,,,,
Sony Michel,RB,NE,20,KC,0,0,0,0,0,113,2,29,0,0,0,0,0,0,0,0,0,0,0,0,0,0,,,,,
Spencer Ware,RB,KC,20,NE,0,0,0,0,0,0,0,0,1,21,0,1,0,0,0,0,0,0,0,0,0,0,,,,,
Stephen Gostkowski,K,NE,20,KC,0,0,0,0,0,0,0,0,0,0,0,0,0,0,0,0,0,0,1,0,0,4,,,,,
Taysom Hill,TE,NO,20,LA,0,0,1,0,0,0,0,1,1,2,1,1,0,0,0,0,0,0,0,0,0,0,,,,,
Ted Ginn,WR,NO,20,LA,0,0,0,0,0,0,0,0,3,58,0,6,0,0,0,0,0,0,0,0,0,0,,,,,
Todd Gurley,RB,LA,20,NO,0,0,0,0,0,10,1,4,1,3,0,3,0,0,0,0,0,0,0,0,0,0,,,,,
Tom Brady,QB,NE,20,KC,348,1,46,30,2,-1,0,1,0,0,0,0,0,0,0,0,0,0,0,0,0,0,,,,,
Tommylee Lewis,WR,NO,20,LA,0,0,0,0,0,0,0,0,0,0,0,1,0,0,0,0,0,0,0,0,0,0,,,,,
Travis Kelce,TE,KC,20,NE,0,0,0,0,0,0,0,0,3,23,1,6,0,0,0,0,0,0,0,0,0,0,,,,,
Tre'Quan Smith,WR,NO,20,LA,0,0,0,0,0,0,0,0,1,10,0,3,0,0,0,0,0,0,0,0,0,0,,,,,
Tyler Higbee,TE,LA,20,NO,0,0,0,0,0,0,0,0,4,25,1,4,0,0,0,0,0,0,0,0,0,0,,,,,
Tyreek Hill,WR,KC,20,NE,0,0,0,0,0,0,0,0,1,42,0,3,0,0,0,0,0,0,0,0,0,0,,,,,
Wil Lutz,K,NO,20,LA,0,0,0,0,0,0,0,0,0,0,0,0,0,0,0,0,1,2,0,0,0,2,,,,,
Brandin Cooks,WR,LA,21,NE,0,0,0,0,0,0,0,0,8,120,0,13,0,0,0,0,0,0,0,0,0,0,,,,,
C.J. Anderson,RB,LA,21,NE,0,0,0,0,0,22,0,7,2,12,0,3,0,0,0,0,0,0,0,0,0,0,,,,,
Chris Hogan,WR,NE,21,LA,0,0,0,0,0,0,0,0,0,0,0,6,0,0,0,0,0,0,0,0,0,0,,,,,
Cordarrelle Patterson,RB,NE,21,LA,0,0,0,0,0,7,0,2,2,14,0,2,0,0,0,0,0,0,0,0,0,0,,,,,
Gerald Everett,TE,LA,21,NE,0,0,0,0,0,0,0,0,0,0,0,1,0,0,0,0,0,0,0,0,0,0,,,,,
Greg Zuerlein,K,LA,21,NE,0,0,0,0,0,0,0,0,0,0,0,0,0,0,0,0,0,0,0,1,0,0,,,,,
James White,RB,NE,21,LA,0,0,0,0,0,4,0,2,1,5,0,4,0,0,0,0,0,0,0,0,0,0,,,,,
Jared Goff,QB,LA,21,NE,229,0,38,19,1,0,0,0,0,0,0,0,0,0,0,0,0,0,0,0,0,0,,,,,
JoJo Natson,WR,LA,21,NE,0,0,0,0,0,0,0,0,0,0,0,0,0,0,0,0,0,0,0,0,0,0,,,,,
Johnny Mundt,TE,LA,21,NE,0,0,0,0,0,0,0,0,0,0,0,0,0,0,0,0,0,0,0,0,0,0,,,,,
Josh Reynolds,WR,LA,21,NE,0,0,0,0,0,0,0,0,3,28,0,7,0,0,0,0,0,0,0,0,0,0,,,,,
Julian Edelman,WR,NE,21,LA,0,0,0,0,0,8,0,1,10,141,0,12,0,0,0,0,0,0,0,0,0,0,,,,,
LA,DEF,LA,21,NE,,,,,,,,,,,,,,,,,,,,,,,0,0,0,0,13.0
Matthew Slater,WR,NE,21,LA,0,0,0,0,0,0,0,0,0,0,0,0,0,0,0,0,0,0,0,0,0,0,,,,,
NE,DEF,NE,21,LA,,,,,,,,,,,,,,,,,,,,,,,0,0,0,0,3.0
Rex Burkhead,RB,NE,21,LA,0,0,0,0,0,43,0,7,2,15,0,2,0,0,0,0,0,0,0,0,0,0,,,,,
Rob Gronkowski,TE,NE,21,LA,0,0,0,0,0,0,0,0,6,87,0,7,0,0,0,0,0,0,0,0,0,0,,,,,
Robert Woods,WR,LA,21,NE,0,0,0,0,0,5,0,1,5,70,0,10,0,0,0,0,0,0,0,0,0,0,,,,,
Sony Michel,RB,NE,21,LA,0,0,0,0,0,94,1,18,0,0,0,2,0,0,0,0,0,0,0,0,0,0,,,,,
Stephen Gostkowski,K,NE,21,LA,0,0,0,0,0,0,0,0,0,0,0,0,0,0,0,0,0,0,2,0,0,1,,,,,
Todd Gurley,RB,LA,21,NE,0,0,0,0,0,35,0,10,1,-1,0,2,0,0,0,0,0,0,0,0,0,0,,,,,
Tom Brady,QB,NE,21,LA,262,0,35,21,1,-2,0,2,0,0,0,0,0,0,0,0,0,0,0,0,0,0,,,,,
