name,position,team,week,opponent_team,pass_yds,pass_td,pass_att,pass_cmp,pass_int,rush_yds,rush_td,carries,rec,rec_yds,rec_td,targets,return_td,off_fumble_return_td,two_pt,fg_0_19,fg_20_29,fg_30_39,fg_40_49,fg_50_plus,fg_60_plus,pat_made,def_td,def_safety,def_return_td,def_xp_returned,def_points_allowed
A.J. Brown,WR,TEN,1,CLE,0,0,0,0,0,0,0,0,3,100,0,4,0,0,0,0,0,0,0,0,0,0,,,,,
ARI,DEF,ARI,1,DET,,,,,,,,,,,,,,,,,,,,,,,0,0,0,0,27.0
ATL,DEF,ATL,1,MIN,,,,,,,,,,,,,,,,,,,,,,,0,0,0,0,28.0
Aaron Jones,RB,GB,1,CHI,0,0,0,0,0,39,0,13,1,0,0,1,0,0,0,0,0,0,0,0,0,0,,,,,
Aaron Rodgers,QB,GB,1,CHI,203,1,30,18,0,8,0,3,0,0,0,0,0,0,0,0,0,0,0,0,0,0,,,,,
Adam Humphries,WR,TEN,1,CLE,0,0,0,0,0,0,0,0,1,5,0,1,0,0,0,0,0,0,0,0,0,0,,,,,
Adam Shaheen,TE,CHI,1,GB,0,0,0,0,0,0,0,0,1,6,0,2,0,0,0,0,0,0,0,0,0,0,,,,,
Adam Thielen,WR,MIN,1,ATL,0,0,0,0,0,0,0,0,3,43,1,3,0,0,0,0,0,0,0,0,0,0,,,,,
Adam Vinatieri,K,IND,1,LAC,0,0,0,0,0,0,0,0,0,0,0,0,0,0,0,0,0,0,1,0,0,1,,,,,
Albert Wilson,WR,MIA,1,BAL,0,0,0,0,0,1,0,1,2,13,0,4,0,0,0,0,0,0,0,0,0,0,,,,,
Aldrick Rosas,K,NYG,1,DAL,0,0,0,0,0,0,0,0,0,0,0,0,0,0,0,0,1,0,0,0,0,2,,,,,
Alex Armah,RB,CAR,1,LA,0,0,0,0,0,1,1,1,0,0,0,0,0,0,0,0,0,0,0,0,0,0,,,,,
Alex Erickson,WR,CIN,1,SEA,0,0,0,0,0,0,0,0,4,28,0,4,0,0,0,0,0,0,0,0,0,0,,,,,
Alexander Mattison,RB,MIN,1,ATL,0,0,0,0,0,49,0,9,0,0,0,0,0,0,0,0,0,0,0,0,0,0,,,,,
Allen Hurns,WR,MIA,1,BAL,0,0,0,0,0,0,0,0,1,22,0,2,0,0,0,0,0,0,0,0,0,0,,,,,
Allen Robinson,WR,CHI,1,GB,0,0,0,0,0,0,0,0,7,102,0,13,0,0,0,0,0,0,0,0,0,0,,,,,
Alshon Jeffery,WR,PHI,1,WAS,0,0,0,0,0,2,1,1,5,49,1,7,0,0,0,0,0,0,0,0,0,0,,,,,
Alvin Kamara,RB,NO,1,HOU,0,0,0,0,0,97,0,13,7,72,0,8,0,0,0,0,0,0,0,0,0,0,,,,,
Amari Cooper,WR,DAL,1,NYG,0,0,0,0,0,0,0,0,6,106,1,9,0,0,0,0,0,0,0,0,0,0,,,,,
Ameer Abdullah,RB,MIN,1,ATL,0,0,0,0,0,8,0,2,0,0,0,0,0,0,0,0,0,0,0,0,0,0,,,,,
Andy Dalton,QB,CIN,1,SEA,418,2,51,35,0,0,0,0,0,0,0,0,0,0,0,0,0,0,0,0,0,0,,,,,
Andy Isabella,WR,ARI,1,DET,0,0,0,0,0,0,0,0,0,0,0,0,0,0,0,0,0,0,0,0,0,0,,,,,
Anthony Miller,WR,CHI,1,GB,0,0,0,0,0,0,0,0,0,0,0,1,0,0,0,0,0,0,0,0,0,0,,,,,
Austin Ekeler,RB,LAC,1,IND,0,0,0,0,0,58,1,12,6,96,2,7,0,0,0,0,0,0,0,0,0,0,,,,,
Austin Hooper,TE,ATL,1,MIN,0,0,0,0,0,0,0,0,9,77,0,9,0,0,0,0,0,0,0,0,0,0,,,,,
Austin Seibert,K,CLE,1,TEN,0,0,0,0,0,0,0,0,0,0,0,0,0,0,0,0,0,0,0,0,0,1,,,,,
BAL,DEF,BAL,1,MIA,,,,,,,,,,,,,,,,,,,,,,,0,0,0,0,10.0
BUF,DEF,BUF,1,NYJ,,,,,,,,,,,,,,,,,,,,,,,0,0,0,0,16.0
Baker Mayfield,QB,CLE,1,TEN,285,1,38,25,3,0,0,0,0,0,0,0,0,0,0,0,0,0,0,0,0,0,,,,,
Ben Roethlisberger,QB,PIT,1,NE,276,0,47,27,1,7,0,1,0,0,0,0,0,0,0,0,0,0,0,0,0,0,,,,,
Bennie Fowler,WR,NYG,1,DAL,0,0,0,0,0,0,0,0,5,40,0,5,0,0,0,0,0,0,0,0,0,0,,,,,
Blake Bell,TE,KC,1,JAX,0,0,0,0,0,0,0,0,1,7,0,1,0,0,0,0,0,0,0,0,0,0,,,,,
Blake Jarwin,TE,DAL,1,NYG,0,0,0,0,0,0,0,0,3,39,1,3,0,0,0,0,0,0,0,0,0,0,,,,,
Bobo Wilson,WR,TB,1,SF,0,0,0,0,0,0,0,0,0,0,0,1,0,0,0,0,0,0,0,0,0,0,,,,,
Brandin Cooks,WR,LA,1,CAR,0,0,0,0,0,0,0,0,2,39,0,6,0,0,0,0,0,0,0,0,0,0,,,,,
Brandon Bolden,RB,NE,1,PIT,0,0,0,0,0,7,0,1,0,0,0,0,0,0,0,0,0,0,0,0,0,0,,,,,
Brandon McManus,K,DEN,1,LV,0,0,0,0,0,0,0,0,0,0,0,0,0,0,0,0,2,1,0,0,0,1,,,,,
Braxton Berrios,WR,NYJ,1,BUF,0,0,0,0,0,0,0,0,0,0,0,0,0,0,0,0,0,0,0,0,0,0,,,,,
Breshad Perriman,WR,TB,1,SF,0,0,0,0,0,0,0,0,2,10,0,5,0,0,0,0,0,0,0,0,0,0,,,,,
Brett Maher,K,DAL,1,NYG,0,0,0,0,0,0,0,0,0,0,0,0,0,0,0,0,0,0,0,0,0,5,,,,,
Buddy Howell,RB,HOU,1,NO,0,0,0,0,0,0,0,0,0,0,0,0,0,0,0,0,0,0,0,0,0,0,,,,,
C.J. Anderson,RB,DET,1,ARI,0,0,0,0,0,35,0,11,0,0,0,0,0,0,0,0,0,0,0,0,0,0,,,,,
C.J. Uzomah,TE,CIN,1,SEA,0,0,0,0,0,0,0,0,4,66,0,5,0,0,0,0,0,0,0,0,0,0,,,,,
CAR,DEF,CAR,1,LA,,,,,,,,,,,,,,,,,,,,,,,0,0,0,0,30.0
CHI,DEF,CHI,1,GB,,,,,,,,,,,,,,,,,,,,,,,0,0,0,0,10.0
CIN,DEF,CIN,1,SEA,,,,,,,,,,,,,,,,,,,,,,,0,0,0,0,21.0
CLE,DEF,CLE,1,TEN,,,,,,,,,,,,,,,,,,,,,,,0,0,0,0,43.0
Cairo Santos,K,TEN,1,CLE,0,0,0,0,0,0,0,0,0,0,0,0,0,0,0,0,0,1,0,1,0,5,,,,,
Calvin Ridley,WR,ATL,1,MIN,0,0,0,0,0,0,0,0,4,64,1,6,0,0,0,0,0,0,0,0,0,0,,,,,
Cam Newton,QB,CAR,1,LA,239,0,38,25,1,-2,0,3,0,0,0,0,0,0,0,0,0,0,0,0,0,0,,,,,
Cameron Brate,TE,TB,1,SF,0,0,0,0,0,0,0,0,2,8,0,2,0,0,0,0,0,0,0,0,0,0,,,,,
Carlos Hyde,RB,HOU,1,NO,0,0,0,0,0,83,0,10,1,2,0,1,0,0,0,0,0,0,0,0,0,0,,,,,
Carson Wentz,QB,PHI,1,WAS,313,3,39,28,0,5,0,4,0,0,0,0,0,0,0,0,0,0,0,0,0,0,,,,,
Case Keenum,QB,WAS,1,PHI,380,3,44,30,0,0,0,0,0,0,0,0,0,0,0,0,0,0,0,0,0,0,,,,,
Cethan Carter,TE,CIN,1,SEA,0,0,0,0,0,0,0,0,0,0,0,0,0,0,0,0,0,0,0,0,0,0,,,,,
Chad Beebe,WR,MIN,1,ATL,0,0,0,0,0,0,0,0,1,9,0,1,0,0,0,0,0,0,0,0,0,0,,,,,
Charles Clay,TE,ARI,1,DET,0,0,0,0,0,0,0,0,1,5,0,1,0,0,0,0,0,0,0,0,0,0,,,,,
Chase Edmonds,RB,ARI,1,DET,0,0,0,0,0,5,0,1,0,0,0,1,0,0,0,0,0,0,0,0,0,0,,,,,
Chester Rogers,WR,IND,1,LAC,0,0,0,0,0,0,0,0,0,0,0,0,0,0,0,0,0,0,0,0,0,0,,,,,
Chris Boswell,K,PIT,1,NE,0,0,0,0,0,0,0,0,0,0,0,0,0,0,0,1,0,0,0,0,0,0,,,,,
Chris Carson,RB,SEA,1,CIN,0,0,0,0,0,46,1,15,6,34,1,7,0,0,0,0,0,0,0,0,0,0,,,,,
Chris Conley,WR,JAX,1,KC,0,0,0,0,0,0,0,0,6,97,1,7,0,0,0,0,0,0,0,0,0,0,,,,,
Chris Godwin Jr.,WR,TB,1,SF,0,0,0,0,0,0,0,0,3,53,1,6,0,0,0,0,0,0,0,0,0,0,,,,,
Chris Hogan,WR,CAR,1,LA,0,0,0,0,0,0,0,0,0,0,0,1,0,0,0,0,0,0,0,0,0,0,,,,,
Chris Manhertz,TE,CAR,1,LA,0,0,0,0,0,0,0,0,0,0,0,0,0,0,0,0,0,0,0,0,0,0,,,,,
Chris Thompson,RB,WAS,1,PHI,0,0,0,0,0,10,0,3,7,68,0,10,0,0,0,0,0,0,0,0,0,0,,,,,
Christian Kirk,WR,ARI,1,DET,0,0,0,0,0,12,0,1,4,32,0,12,0,0,1,0,0,0,0,0,0,0,,,,,
Christian McCaffrey,RB,CAR,1,LA,0,0,0,0,0,128,2,19,10,81,0,11,0,0,0,0,0,0,0,0,0,0,,,,,
Cody Core,WR,NYG,1,DAL,0,0,0,0,0,0,0,0,0,0,0,0,0,0,0,0,0,0,0,0,0,0,,,,,
Cody Latimer,WR,NYG,1,DAL,0,0,0,0,0,0,0,0,3,74,0,7,0,0,0,0,0,0,0,0,0,0,,,,,
Cole Beasley,WR,BUF,1,NYJ,0,0,0,0,0,0,0,0,5,40,0,9,0,0,0,0,0,0,0,0,0,0,,,,,
Cooper Kupp,WR,LA,1,CAR,0,0,0,0,0,0,0,0,7,46,0,10,0,0,0,0,0,0,0,0,0,0,,,,,
Cordarrelle Patterson,RB,CHI,1,GB,0,0,0,0,0,-2,0,1,1,3,0,3,0,0,0,0,0,0,0,0,0,0,,,,,
Corey Davis,WR,TEN,1,CLE,0,0,0,0,0,0,0,0,0,0,0,3,0,0,0,0,0,0,0,0,0,0,,,,,
Courtland Sutton,WR,DEN,1,LV,0,0,0,0,0,0,0,0,7,120,0,8,0,0,0,0,0,0,0,0,0,0,,,,,
Cullen Gillaspia,RB,HOU,1,NO,0,0,0,0,0,0,0,0,0,0,0,0,0,0,0,0,0,0,0,0,0,0,,,,,
Curtis Samuel,WR,CAR,1,LA,0,0,0,0,0,0,0,0,3,32,0,4,0,0,0,0,0,0,0,0,0,0,,,,,
D'Ernest Johnson,RB,CLE,1,TEN,0,0,0,0,0,13,0,1,2,23,0,2,0,0,0,0,0,0,0,0,0,0,,,,,
DAL,DEF,DAL,1,NYG,,,,,,,,,,,,,,,,,,,,,,,0,0,0,0,17.0
DEN,DEF,DEN,1,LV,,,,,,,,,,,,,,,,,,,,,,,0,0,0,0,24.0
DET,DEF,DET,1,ARI,,,,,,,,,,,,,,,,,,,,,,,0,0,0,0,27.0
DJ Chark,WR,JAX,1,KC,0,0,0,0,0,0,0,0,4,146,1,4,0,0,0,0,0,0,0,0,0,0,,,,,
DJ Moore,WR,CAR,1,LA,0,0,0,0,0,0,0,0,7,76,0,10,0,0,0,0,0,0,0,0,0,0,,,,,
DK Metcalf,WR,SEA,1,CIN,0,0,0,0,0,0,0,0,4,89,0,6,0,0,0,0,0,0,0,0,0,0,,,,,
DaeSean Hamilton,WR,DEN,1,LV,0,0,0,0,0,0,0,0,2,5,0,4,0,0,0,0,0,0,0,0,0,0,,,,,
Dak Prescott,QB,DAL,1,NYG,405,4,32,25,0,12,0,4,0,0,0,0,0,0,0,0,0,0,0,0,0,0,,,,,
Dallas Goedert,TE,PHI,1,WAS,0,0,0,0,0,0,0,0,2,16,0,3,0,0,0,0,0,0,0,0,0,0,,,,,
Dalvin Cook,RB,MIN,1,ATL,0,0,0,0,0,111,2,21,2,9,0,2,0,0,0,0,0,0,0,0,0,0,,,,,
Damien Williams,RB,KC,1,JAX,0,0,0,0,0,26,1,13,6,39,0,6,0,0,0,0,0,0,0,0,0,0,,,,,
Damiere Byrd,WR,ARI,1,DET,0,0,0,0,0,0,0,0,4,42,0,7,0,0,0,0,0,0,0,0,0,0,,,,,
Damion Ratley,WR,CLE,1,TEN,0,0,0,0,0,0,0,0,2,17,0,2,0,0,0,0,0,0,0,0,0,0,,,,,
Damion Willis,WR,CIN,1,SEA,0,0,0,0,0,0,0,0,3,30,0,5,0,0,0,0,0,0,0,0,0,0,,,,,
Dan Bailey,K,MIN,1,ATL,0,0,0,0,0,0,0,0,0,0,0,0,0,0,0,0,0,0,0,0,0,4,,,,,
Daniel Carlson,K,LV,1,DEN,0,0,0,0,0,0,0,0,0,0,0,0,0,0,0,0,1,0,0,0,0,3,,,,,
Daniel Jones,QB,NYG,1,DAL,17,0,4,3,0,5,0,1,0,0,0,0,0,0,0,0,0,0,0,0,0,0,,,,,
Danny Amendola,WR,DET,1,ARI,0,0,0,0,0,0,0,0,7,104,1,13,0,0,0,0,0,0,0,0,0,0,,,,,
Dante Pettis,WR,SF,1,TB,0,0,0,0,0,0,0,0,1,7,0,1,0,0,0,0,0,0,0,0,0,0,,,,,
Dare Ogunbowale,RB,TB,1,SF,0,0,0,0,0,0,0,0,4,33,0,5,0,0,0,0,0,0,0,0,0,0,,,,,
Darius Jennings,WR,TEN,1,CLE,0,0,0,0,0,0,0,0,0,0,0,0,0,0,0,0,0,0,0,0,0,0,,,,,
Darrell Henderson,RB,LA,1,CAR,0,0,0,0,0,0,0,1,0,0,0,0,0,0,0,0,0,0,0,0,0,0,,,,,
Darren Fells,TE,HOU,1,NO,0,0,0,0,0,0,0,0,0,0,0,1,0,0,0,0,0,0,0,0,0,0,,,,,
Darren Sproles,RB,PHI,1,WAS,0,0,0,0,0,47,0,9,3,16,0,3,0,0,1,0,0,0,0,0,0,0,,,,,
Darren Waller,TE,LV,1,DEN,0,0,0,0,0,0,0,0,7,70,0,8,0,0,0,0,0,0,0,0,0,0,,,,,
Darwin Thompson,RB,KC,1,JAX,0,0,0,0,0,0,0,0,1,3,0,1,0,0,0,0,0,0,0,0,0,0,,,,,
Davante Adams,WR,GB,1,CHI,0,0,0,0,0,0,0,0,4,36,0,8,0,0,0,0,0,0,0,0,0,0,,,,,
David Fluellen,RB,TEN,1,CLE,0,0,0,0,0,0,0,0,0,0,0,0,0,0,0,0,0,0,0,0,0,0,,,,,
David Johnson,RB,ARI,1,DET,0,0,0,0,0,82,0,18,6,55,1,7,0,0,0,0,0,0,0,0,0,0,,,,,
David Montgomery,RB,CHI,1,GB,0,0,0,0,0,18,0,6,1,27,0,1,0,0,0,0,0,0,0,0,0,0,,,,,
David Njoku,TE,CLE,1,TEN,0,0,0,0,0,0,0,0,4,37,1,6,0,0,0,0,0,0,0,0,0,0,,,,,
Dawson Knox,TE,BUF,1,NYJ,0,0,0,0,0,0,0,0,1,1,0,2,0,0,0,0,0,0,0,0,0,0,,,,,
DeAndre Carter,WR,HOU,1,NO,0,0,0,0,0,0,0,0,1,-1,0,1,0,0,0,0,0,0,0,0,0,0,,,,,
DeAndre Hopkins,WR,HOU,1,NO,0,0,0,0,0,0,0,0,8,111,2,13,0,0,0,0,0,0,0,0,0,0,,,,,
DeAndre Washington,RB,LV,1,DEN,0,0,0,0,0,8,0,2,0,0,0,0,0,0,0,0,0,0,0,0,0,0,,,,,
DeSean Jackson,WR,PHI,1,WAS,0,0,0,0,0,0,0,0,8,154,2,9,0,0,0,0,0,0,0,0,0,0,,,,,
DeVante Parker,WR,MIA,1,BAL,0,0,0,0,0,0,0,0,3,75,0,7,0,0,0,0,0,0,0,0,0,0,,,,,
Dede Westbrook,WR,JAX,1,KC,0,0,0,0,0,2,0,1,5,30,1,6,0,0,0,0,0,0,0,0,0,0,,,,,
Deebo Samuel Sr.,WR,SF,1,TB,0,0,0,0,0,0,0,0,3,17,0,3,0,0,1,0,0,0,0,0,0,0,,,,,
Delanie Walker,TE,TEN,1,CLE,0,0,0,0,0,0,0,0,5,55,2,6,0,0,0,0,0,0,0,0,0,0,,,,,
Demarcus Robinson,WR,KC,1,JAX,0,0,0,0,0,0,0,0,1,0,0,2,0,0,0,0,0,0,0,0,0,0,,,,,
Demetrius Harris,TE,CLE,1,TEN,0,0,0,0,0,0,0,0,0,0,0,1,0,0,0,0,0,0,0,0,0,0,,,,,
Deon Cain,WR,IND,1,LAC,0,0,0,0,0,0,0,0,2,35,0,2,0,0,0,0,0,0,0,0,0,0,,,,,
Deonte Harty,WR,NO,1,HOU,0,0,0,0,0,0,0,0,0,0,0,0,0,0,0,0,0,0,0,0,0,0,,,,,
Derek Carr,QB,LV,1,DEN,259,1,26,22,0,2,0,2,0,0,0,0,0,0,0,0,0,0,0,0,0,0,,,,,
Derrick Henry,RB,TEN,1,CLE,0,0,0,0,0,84,1,19,1,75,1,2,0,0,0,0,0,0,0,0,0,0,,,,,
Derrius Guice,RB,WAS,1,PHI,0,0,0,0,0,18,0,10,3,20,0,3,0,0,0,0,0,0,0,0,0,0,,,,,
Deshaun Watson,QB,HOU,1,NO,268,3,30,20,1,40,1,4,0,0,0,0,0,0,0,0,0,0,0,0,0,0,,,,,
Devin Funchess,WR,IND,1,LAC,0,0,0,0,0,0,0,0,3,32,0,5,0,0,0,0,0,0,0,0,0,0,,,,,
Devin Singletary,RB,BUF,1,NYJ,0,0,0,0,0,70,0,4,5,28,0,6,0,0,0,0,0,0,0,0,0,0,,,,,
Devonta Freeman,RB,ATL,1,MIN,0,0,0,0,0,19,0,8,3,12,0,4,0,0,0,0,0,0,0,0,0,0,,,,,
Dion Lewis,RB,TEN,1,CLE,0,0,0,0,0,7,0,3,3,6,0,4,0,0,0,0,0,0,0,0,0,0,,,,,
Diontae Johnson,WR,PIT,1,NE,0,0,0,0,0,0,0,0,3,25,0,5,0,0,0,0,0,0,0,0,0,0,,,,,
Diontae Spencer,WR,DEN,1,LV,0,0,0,0,0,0,0,0,0,0,0,0,0,0,0,0,0,0,0,0,0,0,,,,,
Donte Moncrief,WR,PIT,1,NE,0,0,0,0,0,0,0,0,3,7,0,10,0,0,0,0,0,0,0,0,0,0,,,,,
Dontrell Hilliard,RB,CLE,1,TEN,0,0,0,0,0,4,1,1,1,14,0,2,0,0,0,0,0,0,0,0,0,0,,,,,
Dontrelle Inman,WR,LAC,1,IND,0,0,0,0,0,0,0,0,1,5,0,1,0,0,0,0,0,0,0,0,0,0,,,,,
Drew Brees,QB,NO,1,HOU,370,2,43,32,1,0,0,0,0,0,0,0,0,0,0,0,0,0,0,0,0,0,,,,,
Drew Sample,TE,CIN,1,SEA,0,0,0,0,0,0,0,0,0,0,0,0,0,0,0,0,0,0,0,0,0,0,,,,,
Duke Johnson,RB,HOU,1,NO,0,0,0,0,0,57,0,9,4,33,0,5,0,0,0,0,0,0,0,0,0,0,,,,,
Dustin Hopkins,K,WAS,1,PHI,0,0,0,0,0,0,0,0,0,0,0,0,0,0,0,0,0,0,2,0,0,3,,,,,
Dwayne Harris,WR,LV,1,DEN,0,0,0,0,0,0,0,0,1,7,0,1,0,0,0,0,0,0,0,0,0,0,,,,,
Eddy Pineiro,K,CHI,1,GB,0,0,0,0,0,0,0,0,0,0,0,0,0,0,0,0,0,1,0,0,0,0,,,,,
Eli Manning,QB,NYG,1,DAL,306,1,44,30,0,6,0,1,0,0,0,0,0,0,0,0,0,0,0,0,0,0,,,,,
Emmanuel Sanders,WR,DEN,1,LV,0,0,0,0,0,0,0,0,5,86,1,7,0,0,0,0,0,0,0,0,0,0,,,,,
Eric Ebron,TE,IND,1,LAC,0,0,0,0,0,0,0,0,1,8,0,3,0,0,0,0,0,0,0,0,0,0,,,,,
Evan Engram,TE,NYG,1,DAL,0,0,0,0,0,0,0,0,11,116,1,14,0,0,0,0,0,0,0,0,0,0,,,,,
Ezekiel Elliott,RB,DAL,1,NYG,0,0,0,0,0,53,1,13,1,10,0,2,0,0,0,0,0,0,0,0,0,0,,,,,
Foster Moreau,TE,LV,1,DEN,0,0,0,0,0,0,0,0,2,20,0,2,0,0,0,0,0,0,0,0,0,0,,,,,
Frank Gore,RB,BUF,1,NYJ,0,0,0,0,0,20,0,11,0,0,0,0,0,0,0,0,0,0,0,0,0,0,,,,,
GB,DEF,GB,1,CHI,,,,,,,,,,,,,,,,,,,,,,,0,0,0,0,3.0
Gardner Minshew,QB,JAX,1,KC,275,2,25,22,1,6,0,1,0,0,0,0,0,0,0,0,0,0,0,0,0,0,,,,,
Geoff Swaim,TE,JAX,1,KC,0,0,0,0,0,0,0,0,4,17,0,4,0,0,0,0,0,0,0,0,0,0,,,,,
George Kittle,TE,SF,1,TB,0,0,0,0,0,0,0,0,8,54,0,10,0,0,0,0,0,0,0,0,0,0,,,,,
Gerald Everett,TE,LA,1,CAR,0,0,0,0,0,0,0,0,1,7,0,1,0,0,0,0,0,0,0,0,0,0,,,,,
Giovani Bernard,RB,CIN,1,SEA,0,0,0,0,0,21,0,7,2,42,0,3,0,0,0,0,0,0,0,0,0,0,,,,,
Greg Olsen,TE,CAR,1,LA,0,0,0,0,0,0,0,0,4,36,0,9,0,0,0,0,0,0,0,0,0,0,,,,,
Greg Zuerlein,K,LA,1,CAR,0,0,0,0,0,0,0,0,0,0,0,0,0,0,0,0,1,0,1,1,0,3,,,,,
Gunner Olszewski,WR,NE,1,PIT,0,0,0,0,0,0,0,0,0,0,0,0,0,0,0,0,0,0,0,0,0,0,,,,,
Gus Edwards,RB,BAL,1,MIA,0,0,0,0,0,56,0,17,0,0,0,0,0,0,0,0,0,0,0,0,0,0,,,,,
HOU,DEF,HOU,1,NO,,,,,,,,,,,,,,,,,,,,,,,0,0,0,0,30.0
Harrison Butker,K,KC,1,JAX,0,0,0,0,0,0,0,0,0,0,0,0,0,0,0,0,2,1,1,0,0,4,,,,,
Hayden Hurst,TE,BAL,1,MIA,0,0,0,0,0,0,0,0,3,41,0,3,0,0,0,0,0,0,0,0,0,0,,,,,
Hunter Henry,TE,LAC,1,IND,0,0,0,0,0,0,0,0,4,60,0,5,0,0,0,0,0,0,0,0,0,0,,,,,
Hunter Renfrow,WR,LV,1,DEN,0,0,0,0,0,0,0,0,2,13,0,3,0,0,0,0,0,0,0,0,0,0,,,,,
IND,DEF,IND,1,LAC,,,,,,,,,,,,,,,,,,,,,,,0,0,0,0,30.0
Ian Thomas,TE,CAR,1,LA,0,0,0,0,0,0,0,0,0,0,0,1,0,0,0,0,0,0,0,0,0,0,,,,,
Ito Smith,RB,ATL,1,MIN,0,0,0,0,0,31,0,6,1,9,0,1,0,0,0,0,0,0,0,0,0,0,,,,,
J.D. McKissic,RB,DET,1,ARI,0,0,0,0,0,0,0,0,2,24,0,2,0,0,0,0,0,0,0,0,0,0,,,,,
J.J. Arcega-Whiteside,WR,PHI,1,WAS,0,0,0,0,0,0,0,0,0,0,0,0,0,0,0,0,0,0,0,0,0,0,,,,,
J.P. Holtz,TE,WAS,1,PHI,0,0,0,0,0,0,0,0,0,0,0,0,0,0,0,0,0,0,0,0,0,0,,,,,
JAX,DEF,JAX,1,KC,,,,,,,,,,,,,,,,,,,,,,,0,0,0,0,40.0
Jack Doyle,TE,IND,1,LAC,0,0,0,0,0,0,0,0,1,20,0,2,0,0,0,0,0,0,0,0,0,0,,,,,
Jacoby Brissett,QB,IND,1,LAC,190,2,27,21,0,9,0,3,0,0,0,0,0,0,0,0,0,0,0,0,0,0,,,,,
Jake Elliott,K,PHI,1,WAS,0,0,0,0,0,0,0,0,0,0,0,0,0,0,0,0,1,0,0,0,0,3,,,,,
Jakeem Grant,WR,MIA,1,BAL,0,0,0,0,0,0,0,0,1,-3,0,4,0,0,0,0,0,0,0,0,0,0,,,,,
Jakobi Meyers,WR,NE,1,PIT,0,0,0,0,0,0,0,0,1,22,0,1,0,0,0,0,0,0,0,0,0,0,,,,,
Jalen Richard,RB,LV,1,DEN,0,0,0,0,0,3,0,1,0,0,0,0,0,0,0,0,0,0,0,0,0,0,,,,,
Jamaal Williams,RB,GB,1,CHI,0,0,0,0,0,0,0,5,2,15,0,2,0,0,0,0,0,0,0,0,0,0,,,,,
Jamal Agnew,WR,DET,1,ARI,0,0,0,0,0,0,0,0,0,0,0,0,0,0,0,0,0,0,0,0,0,0,,,,,
Jameis Winston,QB,TB,1,SF,194,1,36,20,3,13,0,5,0,0,0,0,0,0,0,0,0,0,0,0,0,0,,,,,
James Conner,RB,PIT,1,NE,0,0,0,0,0,21,0,10,4,44,0,4,0,0,0,0,0,0,0,0,0,0,,,,,
James O'Shaughnessy,TE,JAX,1,KC,0,0,0,0,0,0,0,0,4,32,0,5,0,0,0,0,0,0,0,0,0,0,,,,,
James Washington,WR,PIT,1,NE,0,0,0,0,0,0,0,0,2,51,0,6,0,0,0,0,0,0,0,0,0,0,,,,,
James White,RB,NE,1,PIT,0,0,0,0,0,26,0,4,5,56,0,7,0,0,0,0,0,0,0,0,0,0,,,,,
Jamison Crowder,WR,NYJ,1,BUF,0,0,0,0,0,4,0,1,14,99,0,17,0,0,0,0,0,0,0,0,0,0,,,,,
Jamize Olawale,RB,DAL,1,NYG,0,0,0,0,0,0,0,0,0,0,0,1,0,0,0,0,0,0,0,0,0,0,,,,,
Jared Cook,TE,NO,1,HOU,0,0,0,0,0,0,0,0,2,37,0,3,0,0,0,0,0,0,0,0,0,0,,,,,
Jared Goff,QB,LA,1,CAR,186,1,39,23,1,0,0,4,0,0,0,0,0,0,0,0,0,0,0,0,0,0,,,,,
Jarius Wright,WR,CAR,1,LA,0,0,0,0,0,0,0,0,1,14,0,1,0,0,0,0,0,0,0,0,0,0,,,,,
Jarvis Landry,WR,CLE,1,TEN,0,0,0,0,0,10,0,1,4,67,0,7,0,0,0,0,0,0,0,0,0,0,,,,,
Jason Myers,K,SEA,1,CIN,0,0,0,0,0,0,0,0,0,0,0,0,0,0,0,0,0,0,0,0,0,3,,,,,
Jason Sanders,K,MIA,1,BAL,0,0,0,0,0,0,0,0,0,0,0,0,0,0,0,0,0,0,0,1,0,1,,,,,
Jason Witten,TE,DAL,1,NYG,0,0,0,0,0,0,0,0,3,15,1,4,0,0,0,0,0,0,0,0,0,0,,,,,
Javon Wims,WR,CHI,1,GB,0,0,0,0,0,0,0,0,0,0,0,2,0,0,0,0,0,0,0,0,0,0,,,,,
Jaylen Samuels,RB,PIT,1,NE,0,0,0,0,0,4,0,2,1,2,0,2,0,0,0,0,0,0,0,0,0,0,,,,,
Jeremy Sprinkle,TE,WAS,1,PHI,0,0,0,0,0,0,0,0,1,8,0,1,0,0,0,0,0,0,0,0,0,0,,,,,
Jesse James,TE,DET,1,ARI,0,0,0,0,0,0,0,0,1,15,0,1,0,0,0,0,0,0,0,0,0,0,,,,,
Jimmy Garoppolo,QB,SF,1,TB,166,1,27,18,1,-2,0,2,0,0,0,0,0,0,1,0,0,0,0,0,0,0,,,,,
Jimmy Graham,TE,GB,1,CHI,0,0,0,0,0,0,0,0,3,30,1,5,0,0,0,0,0,0,0,0,0,0,,,,,
JoJo Natson,WR,LA,1,CAR,0,0,0,0,0,0,0,0,0,0,0,0,0,0,0,0,0,0,0,0,0,0,,,,,
Joe Flacco,QB,DEN,1,LV,268,1,31,21,0,1,0,1,0,0,0,0,0,0,0,0,0,0,0,0,0,0,,,,,
Joe Mixon,RB,CIN,1,SEA,0,0,0,0,0,10,0,6,2,7,0,3,0,0,0,0,0,0,0,0,0,0,,,,,
Joey Slye,K,CAR,1,LA,0,0,0,0,0,0,0,0,0,0,0,0,0,0,0,0,0,0,1,1,0,3,,,,,
John Brown,WR,BUF,1,NYJ,0,0,0,0,0,0,0,0,7,123,1,10,0,0,0,0,0,0,0,0,0,0,,,,,
John Ross,WR,CIN,1,SEA,0,0,0,0,0,0,0,0,7,158,2,12,0,0,0,0,0,0,0,0,0,0,,,,,
Johnny Holton,WR,PIT,1,NE,0,0,0,0,0,0,0,0,0,0,0,2,0,0,0,0,0,0,0,0,0,0,,,,,
Jonnu Smith,TE,TEN,1,CLE,0,0,0,0,0,10,0,1,1,7,0,1,0,0,0,0,0,0,0,0,0,0,,,,,
Jordan Akins,TE,HOU,1,NO,0,0,0,0,0,0,0,0,1,17,0,2,0,0,0,0,0,0,0,0,0,0,,,,,
Jordan Howard,RB,PHI,1,WAS,0,0,0,0,0,44,0,6,2,11,0,3,0,0,0,0,0,0,0,0,0,0,,,,,
Josh Allen,QB,BUF,1,NYJ,254,1,37,24,2,38,1,10,0,0,0,0,0,0,0,0,0,0,0,0,0,0,,,,,
Josh Bellamy,WR,NYJ,1,BUF,0,0,0,0,0,0,0,0,1,15,0,1,0,0,0,0,0,0,0,0,0,0,,,,,
Josh Gordon,WR,NE,1,PIT,0,0,0,0,0,0,0,0,3,73,1,4,0,0,0,0,0,0,0,0,0,0,,,,,
Josh Hill,TE,NO,1,HOU,0,0,0,0,0,0,0,0,1,-2,0,1,0,0,0,0,0,0,0,0,0,0,,,,,
Josh Jacobs,RB,LV,1,DEN,0,0,0,0,0,85,2,23,1,28,0,1,0,0,0,0,0,0,0,0,0,0,,,,,
Josh Lambo,K,JAX,1,KC,0,0,0,0,0,0,0,0,0,0,0,0,0,0,0,0,1,1,0,0,0,2,,,,,
Josh Reynolds,WR,LA,1,CAR,0,0,0,0,0,0,0,0,0,0,0,2,0,0,0,0,0,0,0,0,0,0,,,,,
Josh Rosen,QB,MIA,1,BAL,5,0,3,1,1,0,0,0,0,0,0,0,0,0,0,0,0,0,0,0,0,0,,,,,
JuJu Smith-Schuster,WR,PIT,1,NE,0,0,0,0,0,0,0,0,6,78,0,8,0,0,0,0,0,0,0,0,0,0,,,,,
Julian Edelman,WR,NE,1,PIT,32,0,1,1,0,8,0,1,6,83,0,11,0,0,0,0,0,0,0,0,0,0,,,,,
Julio Jones,WR,ATL,1,MIN,0,0,0,0,0,0,0,0,6,31,1,11,0,0,0,0,0,0,0,0,0,0,,,,,
Justice Hill,RB,BAL,1,MIA,0,0,0,0,0,27,0,7,0,0,0,0,0,0,0,0,0,0,0,0,0,0,,,,,
Justin Hardy,WR,ATL,1,MIN,0,0,0,0,0,0,0,0,4,41,0,5,0,0,0,0,0,0,0,0,0,0,,,,,
Justin Jackson,RB,LAC,1,IND,0,0,0,0,0,57,0,6,1,4,0,3,0,0,0,0,0,0,0,0,0,0,,,,,
Justin Tucker,K,BAL,1,MIA,0,0,0,0,0,0,0,0,0,0,0,0,0,0,0,0,0,1,0,0,0,8,,,,,
KC,DEF,KC,1,JAX,,,,,,,,,,,,,,,,,,,,,,,0,0,0,0,26.0
Ka'imi Fairbairn,K,HOU,1,NO,0,0,0,0,0,0,0,0,0,0,0,0,0,0,0,0,0,0,0,0,0,4,,,,,
Kaare Vedvik,K,NYJ,1,BUF,0,0,0,0,0,0,0,0,0,0,0,0,0,0,0,0,0,0,0,0,0,0,,,,,
Kalen Ballage,RB,MIA,1,BAL,0,0,0,0,0,-1,0,5,1,13,0,1,0,0,0,0,0,0,0,0,0,0,,,,,
KeeSean Johnson,WR,ARI,1,DET,0,0,0,0,0,0,0,0,5,46,0,10,0,0,0,0,0,0,0,0,0,0,,,,,
Keelan Cole,WR,JAX,1,KC,0,0,0,0,0,0,0,0,0,0,0,0,0,0,0,0,0,0,0,0,0,0,,,,,
Keenan Allen,WR,LAC,1,IND,0,0,0,0,0,0,0,0,8,123,1,10,0,0,0,0,0,0,0,0,0,0,,,,,
Kelvin Harmon,WR,WAS,1,PHI,0,0,0,0,0,0,0,0,2,31,0,2,0,0,0,0,0,0,0,0,0,0,,,,,
Kendrick Bourne,WR,SF,1,TB,0,0,0,0,0,0,0,0,1,9,0,3,0,0,0,0,0,0,0,0,0,0,,,,,
Kenjon Barner,RB,ATL,1,MIN,0,0,0,0,0,0,0,0,0,0,0,0,0,0,0,0,0,0,0,0,0,0,,,,,
Kenny Golladay,WR,DET,1,ARI,0,0,0,0,0,0,0,0,4,42,1,9,0,0,0,0,0,0,0,0,0,0,,,,,
Kenny Stills,WR,HOU,1,NO,0,0,0,0,0,0,0,0,3,37,1,3,0,0,0,0,0,0,0,0,0,0,,,,,
Kenyan Drake,RB,MIA,1,BAL,0,0,0,0,0,12,0,4,2,15,0,3,0,0,0,0,0,0,0,0,0,0,,,,,
Kerryon Johnson,RB,DET,1,ARI,0,0,0,0,0,49,0,16,2,13,0,2,0,0,0,0,0,0,0,0,0,0,,,,,
KhaDarel Hodge,WR,CLE,1,TEN,0,0,0,0,0,0,0,0,0,0,0,0,0,0,0,0,0,0,0,0,0,0,,,,,
Kirk Cousins,QB,MIN,1,ATL,98,1,10,8,0,4,1,6,0,0,0,0,0,0,0,0,0,0,0,0,0,0,,,,,
Kyle Juszczyk,RB,SF,1,TB,0,0,0,0,0,0,0,0,0,0,0,0,0,0,0,0,0,0,0,0,0,0,,,,,
Kyle Rudolph,TE,MIN,1,ATL,0,0,0,0,0,0,0,0,0,0,0,1,0,0,0,0,0,0,0,0,0,0,,,,,
Kyler Murray,QB,ARI,1,DET,308,2,54,29,1,13,0,3,0,0,0,0,0,0,1,0,0,0,0,0,0,0,,,,,
LA,DEF,LA,1,CAR,,,,,,,,,,,,,,,,,,,,,,,0,0,0,0,27.0
LAC,DEF,LAC,1,IND,,,,,,,,,,,,,,,,,,,,,,,0,0,0,0,24.0
LV,DEF,LV,1,DEN,,,,,,,,,,,,,,,,,,,,,,,0,0,0,0,0.0
Lamar Jackson,QB,BAL,1,MIA,324,5,20,17,0,6,0,3,0,0,0,0,0,0,0,0,0,0,0,0,0,0,,,,,
Larry Fitzgerald,WR,ARI,1,DET,0,0,0,0,0,0,0,0,8,113,1,13,0,0,0,0,0,0,0,0,0,0,,,,,
Latavius Murray,RB,NO,1,HOU,0,0,0,0,0,43,1,6,2,4,0,3,0,0,0,0,0,0,0,0,0,0,,,,,
Le'Veon Bell,RB,NYJ,1,BUF,0,0,0,0,0,60,0,17,6,32,1,9,0,0,1,0,0,0,0,0,0,0,,,,,
LeSean McCoy,RB,KC,1,JAX,0,0,0,0,0,81,0,10,1,12,0,1,0,0,0,0,0,0,0,0,0,0,,,,,
Lee Smith,TE,BUF,1,NYJ,0,0,0,0,0,0,0,0,0,0,0,0,0,0,0,0,0,0,0,0,0,0,,,,,
Leonard Fournette,RB,JAX,1,KC,0,0,0,0,0,66,0,13,4,28,0,6,0,0,0,0,0,0,0,0,0,0,,,,,
Luke Stocker,TE,ATL,1,MIN,0,0,0,0,0,0,0,0,0,0,0,1,0,0,0,0,0,0,0,0,0,0,,,,,
MIA,DEF,MIA,1,BAL,,,,,,,,,,,,,,,,,,,,,,,0,0,0,0,59.0
MIN,DEF,MIN,1,ATL,,,,,,,,,,,,,,,,,,,,,,,0,0,0,0,12.0
Malcolm Brown,RB,LA,1,CAR,0,0,0,0,0,53,2,11,0,0,0,0,0,0,0,0,0,0,0,0,0,0,,,,,
Marcedes Lewis,TE,GB,1,CHI,0,0,0,0,0,0,0,0,2,14,0,3,0,0,0,0,0,0,0,0,0,0,,,,,
Marcus Mariota,QB,TEN,1,CLE,248,3,24,14,0,24,0,3,0,0,0,0,0,0,0,0,0,0,0,0,0,0,,,,,
Mark Andrews,TE,BAL,1,MIA,0,0,0,0,0,0,0,0,8,108,1,8,0,0,0,0,0,0,0,0,0,0,,,,,
Mark Ingram,RB,BAL,1,MIA,0,0,0,0,0,107,2,14,0,0,0,0,0,0,0,0,0,0,0,0,0,0,,,,,
Mark Walton,RB,MIA,1,BAL,0,0,0,0,0,1,0,1,0,0,0,0,0,0,0,0,0,0,0,0,0,0,,,,,
Marlon Mack,RB,IND,1,LAC,0,0,0,0,0,174,1,25,0,0,0,0,0,0,1,0,0,0,0,0,0,0,,,,,
Marquez Valdes-Scantling,WR,GB,1,CHI,0,0,0,0,0,0,0,1,4,52,0,6,0,0,0,0,0,0,0,0,0,0,,,,,
Marquise Brown,WR,BAL,1,MIA,0,0,0,0,0,0,0,0,4,147,2,5,0,0,0,0,0,0,0,0,0,0,,,,,
Marquise Goodwin,WR,SF,1,TB,0,0,0,0,0,0,0,0,1,7,0,3,0,0,0,0,0,0,0,0,0,0,,,,,
Marvin Jones,WR,DET,1,ARI,0,0,0,0,0,4,0,1,4,56,0,4,0,0,0,0,0,0,0,0,0,0,,,,,
Mason Crosby,K,GB,1,CHI,0,0,0,0,0,0,0,0,0,0,0,0,0,0,0,0,0,1,0,0,0,1,,,,,
Matt Breida,RB,SF,1,TB,0,0,0,0,0,37,0,15,0,0,0,1,0,0,0,0,0,0,0,0,0,0,,,,,
Matt Gay,K,TB,1,SF,0,0,0,0,0,0,0,0,0,0,0,0,0,0,0,0,0,1,0,0,0,2,,,,,
Matt Moore,QB,KC,1,JAX,0,0,1,0,0,-1,0,1,0,0,0,0,0,0,0,0,0,0,0,0,0,0,,,,,
Matt Prater,K,DET,1,ARI,0,0,0,0,0,0,0,0,0,0,0,0,0,0,0,0,0,1,0,1,0,3,,,,,
Matt Ryan,QB,ATL,1,MIN,304,2,46,33,2,24,0,2,0,0,0,0,0,0,0,0,0,0,0,0,0,0,,,,,
Matthew Stafford,QB,DET,1,ARI,385,3,45,27,0,22,0,3,0,0,0,0,0,0,0,0,0,0,0,0,0,0,,,,,
Maxx Williams,TE,ARI,1,DET,0,0,0,0,0,0,0,0,1,15,0,1,0,0,0,0,0,0,0,0,0,0,,,,,
Mecole Hardman,WR,KC,1,JAX,0,0,0,0,0,0,0,0,0,0,0,1,0,0,0,0,0,0,0,0,0,0,,,,,
Michael Gallup,WR,DAL,1,NYG,0,0,0,0,0,0,0,0,7,158,0,7,0,0,0,0,0,0,0,0,0,0,,,,,
Michael Thomas,WR,NO,1,HOU,0,0,0,0,0,0,0,0,10,123,0,13,0,0,0,0,0,0,0,0,0,0,,,,,
Mike Davis,RB,CHI,1,GB,0,0,0,0,0,19,0,5,6,17,0,7,0,0,0,0,0,0,0,0,0,0,,,,,
Mike Evans,WR,TB,1,SF,0,0,0,0,0,0,0,0,2,28,0,5,0,0,0,0,0,0,0,0,0,0,,,,,
Mike Gesicki,TE,MIA,1,BAL,0,0,0,0,0,0,0,0,2,31,0,6,0,0,0,0,0,0,0,0,0,0,,,,,
Mike Williams,WR,LAC,1,IND,0,0,0,0,0,0,0,0,2,29,0,3,0,0,0,0,0,0,0,0,0,0,,,,,
Miles Boykin,WR,BAL,1,MIA,0,0,0,0,0,0,0,0,1,5,1,1,0,0,0,0,0,0,0,0,0,0,,,,,
Miles Sanders,RB,PHI,1,WAS,0,0,0,0,0,25,0,11,1,2,0,2,0,0,0,0,0,0,0,0,0,0,,,,,
Mitchell Trubisky,QB,CHI,1,GB,228,0,45,26,1,11,0,3,0,0,0,0,0,0,0,0,0,0,0,0,0,0,,,,,
Mo Alie-Cox,TE,IND,1,LAC,0,0,0,0,0,0,0,0,1,3,0,1,0,0,0,0,0,0,0,0,0,0,,,,,
Mohamed Sanu,WR,ATL,1,MIN,0,0,0,0,0,0,0,0,5,57,0,6,0,0,0,0,0,0,0,0,0,0,,,,,
MyCole Pruitt,TE,TEN,1,CLE,0,0,0,0,0,0,0,0,0,0,0,1,0,0,0,0,0,0,0,0,0,0,,,,,
NE,DEF,NE,1,PIT,,,,,,,,,,,,,,,,,,,,,,,0,0,0,0,3.0
NO,DEF,NO,1,HOU,,,,,,,,,,,,,,,,,,,,,,,0,0,0,0,28.0
NYG,DEF,NYG,1,DAL,,,,,,,,,,,,,,,,,,,,,,,0,0,0,0,35.0
NYJ,DEF,NYJ,1,BUF,,,,,,,,,,,,,,,,,,,,,,,1,1,0,0,17.0
Nelson Agholor,WR,PHI,1,WAS,0,0,0,0,0,0,0,0,2,11,0,5,0,0,0,0,0,0,0,0,0,0,,,,,
Nick Bawden,RB,DET,1,ARI,0,0,0,0,0,0,0,0,1,0,0,1,0,0,0,0,0,0,0,0,0,0,,,,,
Nick Boyle,TE,BAL,1,MIA,0,0,0,0,0,0,0,0,3,26,0,3,0,0,0,0,0,0,0,0,0,0,,,,,
Nick Chubb,RB,CLE,1,TEN,0,0,0,0,0,75,0,17,3,10,0,4,0,0,0,0,0,0,0,0,0,0,,,,,
Nick Foles,QB,JAX,1,KC,75,1,8,5,0,0,0,0,0,0,0,0,0,0,0,0,0,0,0,0,0,0,,,,,
Nick Vannett,TE,SEA,1,CIN,0,0,0,0,0,0,0,0,2,16,0,2,0,0,0,0,0,0,0,0,0,0,,,,,
Noah Fant,TE,DEN,1,LV,0,0,0,0,0,-5,0,1,2,29,0,4,0,0,0,0,0,0,0,0,0,0,,,,,
Nyheim Hines,RB,IND,1,LAC,0,0,0,0,0,13,0,4,4,4,0,4,0,0,0,0,0,0,0,0,0,0,,,,,
O.J. Howard,TE,TB,1,SF,0,0,0,0,0,0,0,0,4,32,0,5,0,0,0,0,0,0,0,0,0,0,,,,,
Odell Beckham Jr.,WR,CLE,1,TEN,0,0,0,0,0,0,0,0,7,71,0,11,0,0,0,0,0,0,0,0,0,0,,,,,
PHI,DEF,PHI,1,WAS,,,,,,,,,,,,,,,,,,,,,,,0,0,0,0,27.0
PIT,DEF,PIT,1,NE,,,,,,,,,,,,,,,,,,,,,,,0,0,0,0,33.0
Parris Campbell,WR,IND,1,LAC,0,0,0,0,0,7,0,1,1,1,0,1,0,0,0,0,0,0,0,0,0,0,,,,,
Patrick DiMarco,RB,BUF,1,NYJ,0,0,0,0,0,0,0,0,2,9,0,2,0,0,0,0,0,0,0,0,0,0,,,,,
Patrick Mahomes,QB,KC,1,JAX,378,3,33,25,0,2,0,1,0,0,0,0,0,0,0,0,0,0,0,0,0,0,,,,,
Patrick Ricard,RB,BAL,1,MIA,0,0,0,0,0,0,0,0,1,1,1,1,0,0,0,0,0,0,0,0,0,0,,,,,
Paul Richardson,WR,WAS,1,PHI,0,0,0,0,0,0,0,0,4,36,0,7,0,0,0,0,0,0,0,0,0,0,,,,,
Peyton Barber,RB,TB,1,SF,0,0,0,0,0,33,0,8,2,12,0,4,0,0,0,0,0,0,0,0,0,0,,,,,
Pharaoh Brown,TE,CLE,1,TEN,0,0,0,0,0,0,0,0,0,0,0,0,0,0,0,0,0,0,0,0,0,0,,,,,
Philip Rivers,QB,LAC,1,IND,333,3,34,25,1,6,0,1,0,0,0,0,0,0,0,0,0,0,0,0,0,0,,,,,
Phillip Dorsett,WR,NE,1,PIT,0,0,0,0,0,0,0,0,4,95,2,4,0,0,0,0,0,0,0,0,0,0,,,,,
Phillip Lindsay,RB,DEN,1,LV,0,0,0,0,0,43,0,11,4,23,0,6,0,0,0,0,0,0,0,0,0,0,,,,,
Preston Williams,WR,MIA,1,BAL,0,0,0,0,0,0,0,0,3,24,1,5,0,0,0,0,0,0,0,0,0,0,,,,,
Quincy Enunwa,WR,NYJ,1,BUF,0,0,0,0,0,0,0,0,1,-4,0,3,0,0,0,0,0,0,0,0,0,0,,,,,
Raheem Mostert,RB,SF,1,TB,0,0,0,0,0,40,0,9,1,0,0,1,0,0,0,0,0,0,0,0,0,0,,,,,
Randall Cobb,WR,DAL,1,NYG,0,0,0,0,0,0,0,0,4,69,1,5,0,0,0,0,0,0,0,0,0,0,,,,,
Randy Bullock,K,CIN,1,SEA,0,0,0,0,0,0,0,0,0,0,0,0,0,0,0,0,1,1,0,0,0,2,,,,,
Rashaad Penny,RB,SEA,1,CIN,0,0,0,0,0,18,0,6,0,0,0,0,0,0,0,0,0,0,0,0,0,0,,,,,
Rashard Higgins,WR,CLE,1,TEN,0,0,0,0,0,0,0,0,2,46,0,3,0,0,0,0,0,0,0,0,0,0,,,,,
Ray-Ray McCloud,WR,CAR,1,LA,0,0,0,0,0,0,0,0,0,0,0,0,0,0,0,0,0,0,0,0,0,0,,,,,
Reggie Bonnafon,RB,CAR,1,LA,0,0,0,0,0,0,0,0,0,0,0,0,0,0,0,0,0,0,0,0,0,0,,,,,
Rex Burkhead,RB,NE,1,PIT,0,0,0,0,0,44,0,8,5,41,0,8,0,0,0,0,0,0,0,0,0,0,,,,,
Rhett Ellison,TE,NYG,1,DAL,0,0,0,0,0,0,0,0,1,8,0,2,0,0,0,0,0,0,0,0,0,0,,,,,
Richie James,WR,SF,1,TB,0,0,0,0,0,0,0,0,1,39,1,2,0,0,0,0,0,0,0,0,0,0,,,,,
Robbie Chosen,WR,NYJ,1,BUF,0,0,0,0,0,0,0,0,3,23,0,7,0,0,0,0,0,0,0,0,0,0,,,,,
Robbie Gould,K,SF,1,TB,0,0,0,0,0,0,0,0,0,0,0,0,0,0,0,0,1,1,1,0,0,2,,,,,
Robert Griffin III,QB,BAL,1,MIA,55,1,6,6,0,9,0,4,0,0,0,0,0,0,0,0,0,0,0,0,0,0,,,,,
Robert Tonyan,TE,GB,1,CHI,0,0,0,0,0,0,0,0,1,28,0,1,0,0,0,0,0,0,0,0,0,0,,,,,
Robert Woods,WR,LA,1,CAR,0,0,0,0,0,16,0,2,8,70,0,13,0,0,0,0,0,0,0,0,0,0,,,,,
Ronald Jones,RB,TB,1,SF,0,0,0,0,0,75,0,13,1,18,0,1,0,0,0,0,0,0,0,0,0,0,,,,,
Royce Freeman,RB,DEN,1,LV,0,0,0,0,0,56,0,10,1,5,0,1,0,0,0,0,0,0,0,0,0,0,,,,,
Russell Gage,WR,ATL,1,MIN,0,0,0,0,0,-1,0,1,1,13,0,2,0,0,0,0,0,0,0,0,0,0,,,,,
Russell Wilson,QB,SEA,1,CIN,195,2,20,14,0,8,0,4,0,0,0,0,0,0,0,0,0,0,0,0,0,0,,,,,
Ryan Fitzpatrick,QB,MIA,1,BAL,185,1,29,14,1,8,0,1,0,0,0,0,0,0,0,0,0,0,0,0,0,0,,,,,
Ryan Grant,WR,LV,1,DEN,0,0,0,0,0,0,0,0,3,16,0,4,0,0,0,0,0,0,0,0,0,0,,,,,
Ryan Griffin,TE,NYJ,1,BUF,0,0,0,0,0,0,0,0,3,10,0,4,0,0,0,0,0,0,0,0,0,0,,,,,
Ryan Izzo,TE,NE,1,PIT,0,0,0,0,0,0,0,0,1,3,0,2,0,0,0,0,0,0,0,0,0,0,,,,,
Ryan Switzer,WR,PIT,1,NE,0,0,0,0,0,0,0,0,6,29,0,6,0,0,0,0,0,0,0,0,0,0,,,,,
Ryan Tannehill,QB,TEN,1,CLE,0,0,0,0,0,-2,0,2,0,0,0,0,0,0,0,0,0,0,0,0,0,0,,,,,
Ryquell Armstead,RB,JAX,1,KC,0,0,0,0,0,7,0,1,0,0,0,1,0,0,0,0,0,0,0,0,0,0,,,,,
SEA,DEF,SEA,1,CIN,,,,,,,,,,,,,,,,,,,,,,,0,0,0,0,20.0
SF,DEF,SF,1,TB,,,,,,,,,,,,,,,,,,,,,,,2,0,0,0,17.0
Sam Darnold,QB,NYJ,1,BUF,175,1,41,28,0,0,0,1,0,0,0,0,0,0,1,0,0,0,0,0,0,0,,,,,
Samaje Perine,RB,CIN,1,SEA,0,0,0,0,0,0,0,0,0,0,0,0,0,0,0,0,0,0,0,0,0,0,,,,,
Sammy Watkins,WR,KC,1,JAX,0,0,0,0,0,0,0,0,9,198,3,11,0,0,0,0,0,0,0,0,0,0,,,,,
Saquon Barkley,RB,NYG,1,DAL,0,0,0,0,0,120,0,11,4,19,0,6,0,0,0,0,0,0,0,0,0,0,,,,,
Seth Roberts,WR,BAL,1,MIA,0,0,0,0,0,0,0,0,1,10,0,1,0,0,0,0,0,0,0,0,0,0,,,,,
Sony Michel,RB,NE,1,PIT,0,0,0,0,0,14,0,15,0,0,0,0,0,0,0,0,0,0,0,0,0,0,,,,,
Stefon Diggs,WR,MIN,1,ATL,0,0,0,0,0,0,0,0,2,37,0,2,0,0,0,0,0,0,0,0,0,0,,,,,
Stephen Gostkowski,K,NE,1,PIT,0,0,0,0,0,0,0,0,0,0,0,0,0,0,0,0,1,2,1,0,0,3,,,,,
Sterling Shepard,WR,NYG,1,DAL,0,0,0,0,0,0,0,0,6,42,0,7,0,0,0,0,0,0,0,0,0,0,,,,,
Steven Hauschka,K,BUF,1,NYJ,0,0,0,0,0,0,0,0,0,0,0,0,0,0,0,0,0,0,1,0,0,2,,,,,
Steven Sims,WR,WAS,1,PHI,0,0,0,0,0,0,0,0,0,0,0,0,0,0,0,0,0,0,0,0,0,0,,,,,
T.J. Hockenson,TE,DET,1,ARI,0,0,0,0,0,0,0,0,6,131,1,9,0,0,0,0,0,0,0,0,0,0,,,,,
T.J. Logan,RB,TB,1,SF,0,0,0,0,0,0,0,0,0,0,0,0,0,0,0,0,0,0,0,0,0,0,,,,,
T.Y. Hilton,WR,IND,1,LAC,0,0,0,0,0,0,0,0,8,87,2,9,0,0,0,0,0,0,0,0,0,0,,,,,
TB,DEF,TB,1,SF,,,,,,,,,,,,,,,,,,,,,,,1,0,0,0,31.0
TEN,DEF,TEN,1,CLE,,,,,,,,,,,,,,,,,,,,,,,1,1,0,0,13.0
Taiwan Jones,RB,HOU,1,NO,0,0,0,0,0,0,0,0,0,0,0,0,0,0,0,0,0,0,0,0,0,0,,,,,
Tajae Sharpe,WR,TEN,1,CLE,0,0,0,0,0,0,0,0,0,0,0,2,0,0,0,0,0,0,0,0,0,0,,,,,
Tarik Cohen,RB,CHI,1,GB,0,0,0,0,0,0,0,0,8,49,0,10,0,0,0,0,0,0,0,0,0,0,,,,,
Tavon Austin,WR,DAL,1,NYG,0,0,0,0,0,0,0,0,1,8,0,1,0,0,0,0,0,0,0,0,0,0,,,,,
Taylor Gabriel,WR,CHI,1,GB,0,0,0,0,0,0,0,0,2,24,0,5,0,0,0,0,0,0,0,0,0,0,,,,,
Taysom Hill,TE,NO,1,HOU,0,0,0,0,0,8,0,2,1,9,1,2,0,0,0,0,0,0,0,0,0,0,,,,,
Ted Ginn,WR,NO,1,HOU,0,0,0,0,0,0,0,0,7,101,0,7,0,0,0,0,0,0,0,0,0,0,,,,,
Terry McLaurin,WR,WAS,1,PHI,0,0,0,0,0,0,0,0,5,125,1,7,0,0,0,0,0,0,0,0,0,0,,,,,
Tevin Coleman,RB,SF,1,TB,0,0,0,0,0,23,0,6,2,33,0,3,0,0,0,0,0,0,0,0,0,0,,,,,
Tim Patrick,WR,DEN,1,LV,0,0,0,0,0,0,0,0,0,0,0,0,0,0,0,0,0,0,0,0,0,0,,,,,
Todd Gurley,RB,LA,1,CAR,0,0,0,0,0,97,0,14,1,4,0,1,0,0,0,0,0,0,0,0,0,0,,,,,
Tom Brady,QB,NE,1,PIT,341,3,36,24,0,0,0,0,0,0,0,0,0,0,0,0,0,0,0,0,0,0,,,,,
Tommy Sweeney,TE,BUF,1,NYJ,0,0,0,0,0,0,0,0,2,35,0,2,0,0,0,0,0,0,0,0,0,0,,,,,
Tony Pollard,RB,DAL,1,NYG,0,0,0,0,0,24,0,13,0,0,0,0,0,0,0,0,0,0,0,0,0,0,,,,,
Travis Benjamin,WR,LAC,1,IND,0,0,0,0,0,0,0,0,2,12,0,3,0,0,0,0,0,0,0,0,0,0,,,,,
Travis Kelce,TE,KC,1,JAX,0,0,0,0,0,0,0,0,3,88,0,8,0,0,0,0,0,0,0,0,0,0,,,,,
Tre'Quan Smith,WR,NO,1,HOU,0,0,0,0,0,0,0,0,2,26,1,2,0,0,0,0,0,0,0,0,0,0,,,,,
Trent Sherfield,WR,ARI,1,DET,0,0,0,0,0,0,0,0,0,0,0,0,0,0,0,0,0,0,0,0,0,0,,,,,
Trevor Davis,WR,GB,1,CHI,0,0,0,0,0,0,0,0,1,28,0,1,0,0,0,0,0,0,0,0,0,0,,,,,
Trey Quinn,WR,WAS,1,PHI,0,0,0,0,0,0,0,0,4,33,1,6,0,0,0,0,0,0,0,0,0,0,,,,,
Ty Johnson,RB,DET,1,ARI,0,0,0,0,0,6,0,1,0,0,0,0,0,0,0,0,0,0,0,0,0,0,,,,,
Ty Montgomery,WR,NYJ,1,BUF,0,0,0,0,0,4,0,2,0,0,0,0,0,0,0,0,0,0,0,0,0,0,,,,,
Tyler Boyd,WR,CIN,1,SEA,0,0,0,0,0,3,0,1,8,60,0,12,0,0,0,0,0,0,0,0,0,0,,,,,
Tyler Eifert,TE,CIN,1,SEA,0,0,0,0,0,0,0,0,5,27,0,5,0,0,0,0,0,0,0,0,0,0,,,,,
Tyler Ervin,RB,JAX,1,KC,0,0,0,0,0,0,0,0,0,0,0,0,0,0,0,0,0,0,0,0,0,0,,,,,
Tyler Higbee,TE,LA,1,CAR,0,0,0,0,0,0,0,0,4,20,1,5,0,0,0,0,0,0,0,0,0,0,,,,,
Tyler Lockett,WR,SEA,1,CIN,0,0,0,0,0,0,0,0,1,44,1,2,0,0,0,0,0,0,0,0,0,0,,,,,
Tyreek Hill,WR,KC,1,JAX,0,0,0,0,0,5,0,1,2,16,0,2,0,0,0,0,0,0,0,0,0,0,,,,,
Tyrell Williams,WR,LV,1,DEN,0,0,0,0,0,0,0,0,6,105,1,7,0,0,0,0,0,0,0,0,0,0,,,,,
Tyrod Taylor,QB,LAC,1,IND,0,0,0,0,0,0,0,0,0,0,0,1,0,0,0,0,0,0,0,0,0,0,,,,,
Vance McDonald,TE,PIT,1,NE,0,0,0,0,0,0,0,0,2,40,0,4,0,0,0,0,0,0,0,0,0,0,,,,,
Vernon Davis,TE,WAS,1,PHI,0,0,0,0,0,0,0,0,4,59,1,7,0,0,0,0,0,0,0,0,0,0,,,,,
Virgil Green,TE,LAC,1,IND,0,0,0,0,0,0,0,0,1,4,0,1,0,0,0,0,0,0,0,0,0,0,,,,,
WAS,DEF,WAS,1,PHI,,,,,,,,,,,,,,,,,,,,,,,0,0,0,0,32.0
Wayne Gallman,RB,NYG,1,DAL,0,0,0,0,0,17,1,2,3,24,0,3,0,0,0,0,0,0,0,0,0,0,,,,,
Wil Lutz,K,NO,1,HOU,0,0,0,0,0,0,0,0,0,0,0,0,0,0,0,0,0,1,1,1,0,3,,,,,
Will Dissly,TE,SEA,1,CIN,0,0,0,0,0,0,0,0,1,12,0,2,0,0,0,0,0,0,0,0,0,0,,,,,
Will Fuller,WR,HOU,1,NO,0,0,0,0,0,0,0,0,2,69,0,3,0,0,0,0,0,0,0,0,0,0,,,,,
Willie Snead,WR,BAL,1,MIA,0,0,0,0,0,0,0,0,2,41,1,3,0,0,0,0,0,0,0,0,0,0,,,,,
Zach Ertz,TE,PHI,1,WAS,0,0,0,0,0,0,0,0,5,54,0,7,0,0,0,0,0,0,0,0,0,0,,,,,
Zach Pascal,WR,IND,1,LAC,0,0,0,0,0,0,0,0,0,0,0,0,0,0,0,0,0,0,0,0,0,0,,,,,
Zane Gonzalez,K,ARI,1,DET,0,0,0,0,0,0,0,0,0,0,0,0,0,0,0,0,2,1,1,0,0,1,,,,,
Zay Jones,WR,BUF,1,NYJ,0,0,0,0,0,0,0,0,2,18,0,4,0,0,0,0,0,0,0,0,0,0,,,,,
A.J. Brown,WR,TEN,2,IND,0,0,0,0,0,0,0,0,3,25,0,5,0,0,0,0,0,0,0,0,0,0,,,,,
ARI,DEF,ARI,2,BAL,,,,,,,,,,,,,,,,,,,,,,,0,0,0,0,23.0
ATL,DEF,ATL,2,PHI,,,,,,,,,,,,,,,,,,,,,,,0,0,0,0,20.0
Aaron Jones,RB,GB,2,MIN,0,0,0,0,0,116,1,23,4,34,0,6,0,0,0,0,0,0,0,0,0,0,,,,,
Aaron Rodgers,QB,GB,2,MIN,209,2,34,22,0,0,0,1,0,0,0,0,0,0,0,0,0,0,0,0,0,0,,,,,
Adam Humphries,WR,TEN,2,IND,0,0,0,0,0,1,0,1,2,-1,0,2,0,0,0,0,0,0,0,0,0,0,,,,,
Adam Shaheen,TE,CHI,2,DEN,0,0,0,0,0,0,0,0,3,24,0,3,0,0,0,0,0,0,0,0,0,0,,,,,
Adam Thielen,WR,MIN,2,GB,0,0,0,0,0,0,0,0,5,75,0,8,0,0,0,0,0,0,0,0,0,0,,,,,
Adam Vinatieri,K,IND,2,TEN,0,0,0,0,0,0,0,0,0,0,0,0,0,0,0,0,0,0,0,0,0,1,,,,,
Adrian Peterson,RB,WAS,2,DAL,0,0,0,0,0,25,1,10,2,7,0,2,0,0,0,0,0,0,0,0,0,0,,,,,
Aldrick Rosas,K,NYG,2,BUF,0,0,0,0,0,0,0,0,0,0,0,0,0,0,0,0,0,0,0,0,0,2,,,,,
Alex Erickson,WR,CIN,2,SF,0,0,0,0,0,0,0,0,1,14,0,3,0,0,0,0,0,0,0,0,0,0,,,,,
Alexander Mattison,RB,MIN,2,GB,0,0,0,0,0,25,0,4,0,0,0,0,0,0,0,0,0,0,0,0,0,0,,,,,
Allen Hurns,WR,MIA,2,NE,0,0,0,0,0,0,0,0,1,13,0,2,0,0,0,0,0,0,0,0,0,0,,,,,
Allen Robinson,WR,CHI,2,DEN,0,0,0,0,0,0,0,0,4,41,0,7,0,0,0,0,0,0,0,0,0,0,,,,,
Alvin Kamara,RB,NO,2,LA,0,0,0,0,0,45,0,13,1,15,0,3,0,0,0,0,0,0,0,0,0,0,,,,,
Amari Cooper,WR,DAL,2,WAS,0,0,0,0,0,0,0,0,4,44,1,5,0,0,0,0,0,0,0,0,0,0,,,,,
Ameer Abdullah,RB,MIN,2,GB,0,0,0,0,0,2,0,1,0,0,0,0,0,0,0,0,0,0,0,0,0,0,,,,,
Andy Dalton,QB,CIN,2,SF,311,2,42,26,1,2,0,2,0,0,0,0,0,0,0,0,0,0,0,0,0,0,,,,,
Anthony Miller,WR,CHI,2,DEN,0,0,0,0,0,0,0,0,1,2,0,1,0,0,0,0,0,0,0,0,0,0,,,,,
Antonio Brown,WR,NE,2,MIA,0,0,0,0,0,5,0,1,4,56,1,8,0,0,0,0,0,0,0,0,0,0,,,,,
Antony Auclair,TE,TB,2,CAR,0,0,0,0,0,0,0,0,0,0,0,0,0,0,0,0,0,0,0,0,0,0,,,,,
Auden Tate,WR,CIN,2,SF,0,0,0,0,0,0,0,0,1,6,0,2,0,0,0,0,0,0,0,0,0,0,,,,,
Austin Ekeler,RB,LAC,2,DET,0,0,0,0,0,66,1,17,6,67,0,6,0,0,0,0,0,0,0,0,0,0,,,,,
Austin Hooper,TE,ATL,2,PHI,0,0,0,0,0,0,0,0,4,34,0,6,0,0,0,0,0,0,0,0,0,0,,,,,
Austin Seibert,K,CLE,2,NYJ,0,0,0,0,0,0,0,0,0,0,0,0,0,0,0,0,1,0,2,0,0,2,,,,,
BAL,DEF,BAL,2,ARI,,,,,,,,,,,,,,,,,,,,,,,0,0,0,0,17.0
BUF,DEF,BUF,2,NYG,,,,,,,,,,,,,,,,,,,,,,,0,0,0,0,14.0
Baker Mayfield,QB,CLE,2,NYJ,325,1,35,19,1,0,0,0,0,0,0,0,0,0,0,0,0,0,0,0,0,0,,,,,
Ben Braunecker,TE,CHI,2,DEN,0,0,0,0,0,0,0,0,2,24,0,3,0,0,0,0,0,0,0,0,0,0,,,,,
Ben Roethlisberger,QB,PIT,2,SEA,75,0,15,8,0,0,0,0,0,0,0,0,0,0,0,0,0,0,0,0,0,0,,,,,
Bennie Fowler,WR,NYG,2,BUF,0,0,0,0,0,20,0,1,5,51,0,10,0,0,0,0,0,0,0,0,0,0,,,,,
Benny Snell,RB,PIT,2,SEA,0,0,0,0,0,23,0,1,0,0,0,0,0,0,0,0,0,0,0,0,0,0,,,,,
Blake Bell,TE,KC,2,LV,0,0,0,0,0,0,0,0,0,0,0,1,0,0,0,0,0,0,0,0,0,0,,,,,
Blake Jarwin,TE,DAL,2,WAS,0,0,0,0,0,0,0,0,1,22,0,1,0,0,0,0,0,0,0,0,0,0,,,,,
Bobo Wilson,WR,TB,2,CAR,0,0,0,0,0,0,0,0,0,0,0,0,0,0,0,0,0,0,0,0,0,0,,,,,
Brandin Cooks,WR,LA,2,NO,0,0,0,0,0,2,0,1,3,74,1,4,0,0,0,0,0,0,0,0,0,0,,,,,
Brandon McManus,K,DEN,2,CHI,0,0,0,0,0,0,0,0,0,0,0,0,0,0,0,0,0,1,1,0,0,0,,,,,
Braxton Berrios,WR,NYJ,2,CLE,0,0,0,0,0,0,0,0,0,0,0,0,0,0,0,0,0,0,0,0,0,0,,,,,
Breshad Perriman,WR,TB,2,CAR,0,0,0,0,0,0,0,0,0,0,0,4,0,0,0,0,0,0,0,0,0,0,,,,,
Brett Maher,K,DAL,2,WAS,0,0,0,0,0,0,0,0,0,0,0,0,0,0,0,0,1,0,0,0,0,4,,,,,
Bronson Kaufusi,TE,NYJ,2,CLE,0,0,0,0,0,0,0,0,0,0,0,0,0,0,0,0,0,0,0,0,0,0,,,,,
Byron Pringle,WR,KC,2,LV,0,0,0,0,0,0,0,0,0,0,0,0,0,0,0,0,0,0,0,0,0,0,,,,,
C.J. Anderson,RB,DET,2,LAC,0,0,0,0,0,8,0,5,0,0,0,0,0,0,0,0,0,0,0,0,0,0,,,,,
C.J. Prosise,RB,SEA,2,PIT,0,0,0,0,0,7,0,2,3,13,0,3,0,0,0,0,0,0,0,0,0,0,,,,,
CAR,DEF,CAR,2,TB,,,,,,,,,,,,,,,,,,,,,,,0,1,0,0,20.0
CHI,DEF,CHI,2,DEN,,,,,,,,,,,,,,,,,,,,,,,0,0,0,0,14.0
CIN,DEF,CIN,2,SF,,,,,,,,,,,,,,,,,,,,,,,0,0,0,0,41.0
CLE,DEF,CLE,2,NYJ,,,,,,,,,,,,,,,,,,,,,,,0,0,0,0,3.0
Cairo Santos,K,TEN,2,IND,0,0,0,0,0,0,0,0,0,0,0,0,0,0,0,0,0,0,1,0,0,2,,,,,
Calvin Ridley,WR,ATL,2,PHI,0,0,0,0,0,0,0,0,8,105,1,10,0,0,0,0,0,0,0,0,0,0,,,,,
Cam Newton,QB,CAR,2,TB,333,0,51,25,0,0,0,2,0,0,0,0,0,0,0,0,0,0,0,0,0,0,,,,,
Cameron Brate,TE,TB,2,CAR,0,0,0,0,0,0,0,0,2,10,0,2,0,0,0,0,0,0,0,0,0,0,,,,,
Carlos Hyde,RB,HOU,2,JAX,0,0,0,0,0,90,0,20,0,0,0,0,0,0,0,0,0,0,0,0,0,0,,,,,
Carson Wentz,QB,PHI,2,ATL,231,1,43,25,2,3,1,3,0,0,0,0,0,0,1,0,0,0,0,0,0,0,,,,,
Case Keenum,QB,WAS,2,DAL,221,2,37,26,0,-1,0,1,0,0,0,0,0,0,0,0,0,0,0,0,0,0,,,,,
Cedrick Wilson Jr.,WR,DAL,2,WAS,0,0,0,0,0,0,0,0,0,0,0,0,0,0,0,0,0,0,0,0,0,0,,,,,
Chad Beebe,WR,MIN,2,GB,0,0,0,0,0,0,0,0,1,61,0,1,0,0,0,0,0,0,0,0,0,0,,,,,
Charles Clay,TE,ARI,2,BAL,0,0,0,0,0,0,0,0,1,6,0,2,0,0,0,0,0,0,0,0,0,0,,,,,
Chase Edmonds,RB,ARI,2,BAL,0,0,0,0,0,2,0,1,2,15,0,2,0,0,0,0,0,0,0,0,0,0,,,,,
Chester Rogers,WR,IND,2,TEN,0,0,0,0,0,0,0,0,3,24,0,4,0,0,0,0,0,0,0,0,0,0,,,,,
Chris Boswell,K,PIT,2,SEA,0,0,0,0,0,0,0,0,0,0,0,0,0,0,0,0,0,1,1,0,0,2,,,,,
Chris Carson,RB,SEA,2,PIT,0,0,0,0,0,60,0,15,3,27,0,3,0,0,0,0,0,0,0,0,0,0,,,,,
Chris Conley,WR,JAX,2,HOU,0,0,0,0,0,0,0,0,4,73,0,5,0,0,0,0,0,0,0,0,0,0,,,,,
Chris Godwin Jr.,WR,TB,2,CAR,0,0,0,0,0,0,0,0,8,121,1,9,0,0,0,0,0,0,0,0,0,0,,,,,
Chris Hogan,WR,CAR,2,TB,0,0,0,0,0,0,0,0,1,12,0,1,0,0,0,0,0,0,0,0,0,0,,,,,
Chris Thompson,RB,WAS,2,DAL,0,0,0,0,0,3,0,2,5,48,0,8,0,0,0,0,0,0,0,0,0,0,,,,,
Christian Kirk,WR,ARI,2,BAL,0,0,0,0,0,0,0,0,6,114,0,8,0,0,0,0,0,0,0,0,0,0,,,,,
Christian McCaffrey,RB,CAR,2,TB,0,0,0,0,0,37,0,16,2,16,0,6,0,0,0,0,0,0,0,0,0,0,,,,,
Cody Core,WR,NYG,2,BUF,0,0,0,0,0,0,0,0,3,28,0,5,0,0,0,0,0,0,0,0,0,0,,,,,
Cody Latimer,WR,NYG,2,BUF,0,0,0,0,0,0,0,0,3,30,0,5,0,0,0,0,0,0,0,0,0,0,,,,,
Cole Beasley,WR,BUF,2,NYG,0,0,0,0,0,0,0,0,4,83,0,4,0,0,0,0,0,0,0,0,0,0,,,,,
Cooper Kupp,WR,LA,2,NO,0,0,0,0,0,6,0,1,5,120,0,9,0,0,0,0,0,0,0,0,0,0,,,,,
Cordarrelle Patterson,RB,CHI,2,DEN,0,0,0,0,0,50,0,2,0,0,0,0,0,0,0,0,0,0,0,0,0,0,,,,,
Corey Clement,RB,PHI,2,ATL,0,0,0,0,0,0,0,0,0,0,0,0,0,0,0,0,0,0,0,0,0,0,,,,,
Corey Davis,WR,TEN,2,IND,0,0,0,0,0,0,0,0,3,38,0,5,0,0,0,0,0,0,0,0,0,0,,,,,
Courtland Sutton,WR,DEN,2,CHI,0,0,0,0,0,0,0,0,4,40,0,7,0,0,0,0,0,0,0,0,0,0,,,,,
Curtis Samuel,WR,CAR,2,TB,0,0,0,0,0,2,0,1,5,91,0,13,0,0,0,0,0,0,0,0,0,0,,,,,
D'Ernest Johnson,RB,CLE,2,NYJ,0,0,0,0,0,8,0,3,3,42,0,4,0,0,0,0,0,0,0,0,0,0,,,,,
DAL,DEF,DAL,2,WAS,,,,,,,,,,,,,,,,,,,,,,,0,0,0,0,21.0
DEN,DEF,DEN,2,CHI,,,,,,,,,,,,,,,,,,,,,,,0,0,0,0,16.0
DET,DEF,DET,2,LAC,,,,,,,,,,,,,,,,,,,,,,,0,0,0,0,10.0
DJ Chark,WR,JAX,2,HOU,0,0,0,0,0,0,0,0,7,55,1,9,0,0,0,0,0,0,0,0,0,0,,,,,
DJ Moore,WR,CAR,2,TB,0,0,0,0,0,0,0,0,9,89,0,14,0,0,0,0,0,0,0,0,0,0,,,,,
DK Metcalf,WR,SEA,2,PIT,0,0,0,0,0,0,0,0,3,61,1,7,0,0,0,0,0,0,0,0,0,0,,,,,
DaeSean Hamilton,WR,DEN,2,CHI,0,0,0,0,0,0,0,0,2,15,0,6,0,0,0,0,0,0,0,0,0,0,,,,,
Dak Prescott,QB,DAL,2,WAS,269,3,30,26,1,69,0,5,0,0,0,0,0,0,0,0,0,0,0,0,0,0,,,,,
Dalvin Cook,RB,MIN,2,GB,0,0,0,0,0,154,1,20,3,37,0,3,0,0,0,0,0,0,0,0,0,0,,,,,
Damien Williams,RB,KC,2,LV,0,0,0,0,0,8,0,9,3,48,0,5,0,0,0,0,0,0,0,0,0,0,,,,,
Damiere Byrd,WR,ARI,2,BAL,0,0,0,0,0,0,0,0,6,45,0,7,0,0,0,0,0,0,0,0,0,0,,,,,
Damion Ratley,WR,CLE,2,NYJ,0,0,0,0,0,0,0,0,2,50,0,3,0,0,0,0,0,0,0,0,0,0,,,,,
Damion Willis,WR,CIN,2,SF,0,0,0,0,0,0,0,0,1,6,0,3,0,0,0,0,0,0,0,0,0,0,,,,,
Dan Bailey,K,MIN,2,GB,0,0,0,0,0,0,0,0,0,0,0,0,0,0,0,0,0,1,0,0,0,1,,,,,
Daniel Carlson,K,LV,2,KC,0,0,0,0,0,0,0,0,0,0,0,0,0,0,0,0,1,0,0,0,0,1,,,,,
Danny Amendola,WR,DET,2,LAC,0,0,0,0,0,0,0,0,0,0,0,1,0,0,0,0,0,0,0,0,0,0,,,,,
Danny Vitale,RB,GB,2,MIN,0,0,0,0,0,0,0,0,0,0,0,0,0,0,0,0,0,0,0,0,0,0,,,,,
Dante Pettis,WR,SF,2,CIN,16,0,1,1,0,0,0,0,0,0,0,0,0,0,0,0,0,0,0,0,0,0,,,,,
Dare Ogunbowale,RB,TB,2,CAR,0,0,0,0,0,0,0,0,1,9,0,1,0,0,0,0,0,0,0,0,0,0,,,,,
Darius Jennings,WR,TEN,2,IND,0,0,0,0,0,0,0,0,1,11,0,1,0,0,0,0,0,0,0,0,0,0,,,,,
Darren Fells,TE,HOU,2,JAX,0,0,0,0,0,0,0,0,1,9,0,3,0,0,0,0,0,0,0,0,0,0,,,,,
Darren Sproles,RB,PHI,2,ATL,0,0,0,0,0,0,0,0,2,5,0,3,0,0,0,0,0,0,0,0,0,0,,,,,
Darren Waller,TE,LV,2,KC,0,0,0,0,0,0,0,0,6,63,0,7,0,0,0,0,0,0,0,0,0,0,,,,,
Darwin Thompson,RB,KC,2,LV,0,0,0,0,0,1,0,1,0,0,0,0,0,0,0,0,0,0,0,0,0,0,,,,,
Davante Adams,WR,GB,2,MIN,0,0,0,0,0,0,0,0,7,106,0,9,0,0,0,0,0,0,0,0,0,0,,,,,
David Johnson,RB,ARI,2,BAL,0,0,0,0,0,14,1,7,1,0,0,1,0,0,0,0,0,0,0,0,0,0,,,,,
David Montgomery,RB,CHI,2,DEN,0,0,0,0,0,62,1,18,1,6,0,3,0,0,0,0,0,0,0,0,0,0,,,,,
David Njoku,TE,CLE,2,NYJ,0,0,0,0,0,0,0,0,0,0,0,1,0,0,0,0,0,0,0,0,0,0,,,,,
Dawson Knox,TE,BUF,2,NYG,0,0,0,0,0,0,0,0,1,18,0,4,0,0,0,0,0,0,0,0,0,0,,,,,
De'Anthony Thomas,WR,KC,2,LV,0,0,0,0,0,0,0,0,1,6,0,1,0,0,0,0,0,0,0,0,0,0,,,,,
DeAndre Carter,WR,HOU,2,JAX,0,0,0,0,0,0,0,0,0,0,0,0,0,0,0,0,0,0,0,0,0,0,,,,,
DeAndre Hopkins,WR,HOU,2,JAX,0,0,0,0,0,0,0,0,5,40,0,8,0,0,0,0,0,0,0,0,0,0,,,,,
DeAndre Washington,RB,LV,2,KC,0,0,0,0,0,9,0,3,2,26,0,2,0,0,0,0,0,0,0,0,0,0,,,,,
DeVante Parker,WR,MIA,2,NE,0,0,0,0,0,0,0,0,0,0,0,7,0,0,0,0,0,0,0,0,0,0,,,,,
Dede Westbrook,WR,JAX,2,HOU,0,0,0,0,0,0,0,0,1,3,0,5,0,0,0,0,0,0,0,0,0,0,,,,,
Deebo Samuel Sr.,WR,SF,2,CIN,0,0,0,0,0,7,0,2,5,86,1,7,0,0,0,0,0,0,0,0,0,0,,,,,
Delanie Walker,TE,TEN,2,IND,0,0,0,0,0,0,0,0,4,39,0,6,0,0,0,0,0,0,0,0,0,0,,,,,
Demarcus Robinson,WR,KC,2,LV,0,0,0,0,0,0,0,0,6,172,2,6,0,0,0,0,0,0,0,0,0,0,,,,,
Demaryius Thomas,WR,NYJ,2,CLE,0,0,0,0,0,0,0,0,1,-1,0,2,0,0,0,0,0,0,0,0,0,0,,,,,
Demetrius Harris,TE,CLE,2,NYJ,0,0,0,0,0,0,0,0,1,4,0,1,0,0,0,0,0,0,0,0,0,0,,,,,
Deon Cain,WR,IND,2,TEN,0,0,0,0,0,0,0,0,0,0,0,1,0,0,0,0,0,0,0,0,0,0,,,,,
Deonte Harty,WR,NO,2,LA,0,0,0,0,0,0,0,0,1,-7,0,1,0,0,0,0,0,0,0,0,0,0,,,,,
Derek Carr,QB,LV,2,KC,198,1,38,23,2,18,0,2,0,0,0,0,0,0,0,0,0,0,0,0,0,0,,,,,
Derek Carrier,TE,LV,2,KC,0,0,0,0,0,0,0,0,3,33,0,5,0,0,0,0,0,0,0,0,0,0,,,,,
Derrick Henry,RB,TEN,2,IND,0,0,0,0,0,82,1,15,2,12,0,3,0,0,0,0,0,0,0,0,0,0,,,,,
Deshaun Watson,QB,HOU,2,JAX,159,0,29,16,0,5,1,4,0,0,0,0,0,0,0,0,0,0,0,0,0,0,,,,,
Devin Singletary,RB,BUF,2,NYG,0,0,0,0,0,57,1,6,0,0,0,0,0,0,0,0,0,0,0,0,0,0,,,,,
Devin Smith,WR,DAL,2,WAS,0,0,0,0,0,0,0,0,3,74,1,3,0,0,0,0,0,0,0,0,0,0,,,,,
Devonta Freeman,RB,ATL,2,PHI,0,0,0,0,0,22,0,11,3,42,0,4,0,0,0,0,0,0,0,0,0,0,,,,,
Dion Lewis,RB,TEN,2,IND,0,0,0,0,0,9,0,3,1,5,0,1,0,0,0,0,0,0,0,0,0,0,,,,,
Diontae Johnson,WR,PIT,2,SEA,0,0,0,0,0,0,0,0,1,17,0,4,0,0,0,0,0,0,0,0,0,0,,,,,
Diontae Spencer,WR,DEN,2,CHI,0,0,0,0,0,0,0,0,0,0,0,0,0,0,0,0,0,0,0,0,0,0,,,,,
Donte Moncrief,WR,PIT,2,SEA,0,0,0,0,0,0,0,0,0,0,0,1,0,0,0,0,0,0,0,0,0,0,,,,,
Dontrelle Inman,WR,LAC,2,DET,0,0,0,0,0,0,0,0,1,28,0,2,0,0,0,0,0,0,0,0,0,0,,,,,
Drew Brees,QB,NO,2,LA,38,0,5,3,1,0,0,0,0,0,0,0,0,0,0,0,0,0,0,0,0,0,,,,,
Drew Sample,TE,CIN,2,SF,0,0,0,0,0,0,0,0,2,25,0,3,0,0,0,0,0,0,0,0,0,0,,,,,
Duke Johnson,RB,HOU,2,JAX,0,0,0,0,0,31,0,6,0,0,0,1,0,0,0,0,0,0,0,0,0,0,,,,,
Durham Smythe,TE,MIA,2,NE,0,0,0,0,0,0,0,0,1,24,0,1,0,0,0,0,0,0,0,0,0,0,,,,,
Dustin Hopkins,K,WAS,2,DAL,0,0,0,0,0,0,0,0,0,0,0,0,0,0,0,0,0,0,0,0,0,3,,,,,
Dwayne Harris,WR,LV,2,KC,0,0,0,0,0,0,0,0,0,0,0,0,0,0,0,0,0,0,0,0,0,0,,,,,
Eddy Pineiro,K,CHI,2,DEN,0,0,0,0,0,0,0,0,0,0,0,0,0,0,0,0,0,0,1,2,0,1,,,,,
Eli Manning,QB,NYG,2,BUF,250,1,45,26,2,2,0,1,0,0,0,0,0,0,0,0,0,0,0,0,0,0,,,,,
Emmanuel Sanders,WR,DEN,2,CHI,0,0,0,0,0,0,0,0,11,98,1,13,0,0,1,0,0,0,0,0,0,0,,,,,
Eric Ebron,TE,IND,2,TEN,0,0,0,0,0,0,0,0,3,25,1,4,0,0,0,0,0,0,0,0,0,0,,,,,
Evan Engram,TE,NYG,2,BUF,0,0,0,0,0,0,0,0,6,48,0,8,0,0,0,0,0,0,0,0,0,0,,,,,
Ezekiel Elliott,RB,DAL,2,WAS,0,0,0,0,0,111,1,23,2,9,0,2,0,0,0,0,0,0,0,0,0,0,,,,,
Frank Gore,RB,BUF,2,NYG,0,0,0,0,0,68,1,19,2,15,0,2,0,0,0,0,0,0,0,0,0,0,,,,,
GB,DEF,GB,2,MIN,,,,,,,,,,,,,,,,,,,,,,,0,0,0,0,16.0
Gardner Minshew,QB,JAX,2,HOU,213,1,33,23,0,56,0,6,0,0,0,0,0,0,0,0,0,0,0,0,0,0,,,,,
Geoff Swaim,TE,JAX,2,HOU,0,0,0,0,0,0,0,0,3,14,0,4,0,0,0,0,0,0,0,0,0,0,,,,,
George Kittle,TE,SF,2,CIN,0,0,0,0,0,0,0,0,3,54,0,3,0,0,0,0,0,0,0,0,0,0,,,,,
Gerald Everett,TE,LA,2,NO,0,0,0,0,0,0,0,1,3,21,0,4,0,0,0,0,0,0,0,0,0,0,,,,,
Geremy Davis,WR,LAC,2,DET,0,0,0,0,0,0,0,0,0,0,0,0,0,0,0,0,0,0,0,0,0,0,,,,,
Geronimo Allison,WR,GB,2,MIN,0,0,0,0,0,0,0,0,4,25,1,4,0,0,0,0,0,0,0,0,0,0,,,,,
Giovani Bernard,RB,CIN,2,SF,0,0,0,0,0,6,0,6,1,7,0,3,0,0,0,0,0,0,0,0,0,0,,,,,
Greg Olsen,TE,CAR,2,TB,0,0,0,0,0,0,0,0,6,110,0,9,0,0,0,0,0,0,0,0,0,0,,,,,
Greg Zuerlein,K,LA,2,NO,0,0,0,0,0,0,0,0,0,0,0,0,0,0,0,0,2,0,0,0,0,3,,,,,
Gunner Olszewski,WR,NE,2,MIA,0,0,0,0,0,0,0,0,0,0,0,0,0,0,0,0,0,0,0,0,0,0,,,,,
Gus Edwards,RB,BAL,2,ARI,0,0,0,0,0,11,0,3,0,0,0,0,0,0,0,0,0,0,0,0,0,0,,,,,
HOU,DEF,HOU,2,JAX,,,,,,,,,,,,,,,,,,,,,,,0,0,0,0,12.0
Harrison Butker,K,KC,2,LV,0,0,0,0,0,0,0,0,0,0,0,0,0,0,0,0,0,0,0,0,0,4,,,,,
Hayden Hurst,TE,BAL,2,ARI,0,0,0,0,0,0,0,0,1,1,1,1,0,0,0,0,0,0,0,0,0,0,,,,,
Hunter Renfrow,WR,LV,2,KC,0,0,0,0,0,0,0,0,4,30,0,8,0,0,0,0,0,0,0,0,0,0,,,,,
IND,DEF,IND,2,TEN,,,,,,,,,,,,,,,,,,,,,,,0,0,0,0,17.0
Irv Smith,TE,MIN,2,GB,0,0,0,0,0,0,0,0,1,-1,0,2,0,0,0,0,0,0,0,0,0,0,,,,,
Isaiah McKenzie,WR,BUF,2,NYG,0,0,0,0,0,4,0,1,2,40,1,2,0,0,0,0,0,0,0,0,0,0,,,,,
Ito Smith,RB,ATL,2,PHI,0,0,0,0,0,32,0,4,2,13,0,3,0,0,0,0,0,0,0,0,0,0,,,,,
J.D. McKissic,RB,DET,2,LAC,0,0,0,0,0,2,0,2,0,0,0,0,0,0,0,0,0,0,0,0,0,0,,,,,
J.J. Arcega-Whiteside,WR,PHI,2,ATL,0,0,0,0,0,0,0,0,1,4,0,4,0,0,0,0,0,0,0,0,0,0,,,,,
JAX,DEF,JAX,2,HOU,,,,,,,,,,,,,,,,,,,,,,,0,0,0,0,13.0
Jack Doyle,TE,IND,2,TEN,0,0,0,0,0,0,0,0,2,21,0,3,0,0,0,0,0,0,0,0,0,0,,,,,
Jacoby Brissett,QB,IND,2,TEN,146,3,28,17,1,25,0,7,0,0,0,0,0,0,0,0,0,0,0,0,0,0,,,,,
Jake Elliott,K,PHI,2,ATL,0,0,0,0,0,0,0,0,0,0,0,0,0,0,0,0,0,1,1,0,0,0,,,,,
Jake Kumerow,WR,GB,2,MIN,0,0,0,0,0,0,0,0,1,12,0,1,0,0,0,0,0,0,0,0,0,0,,,,,
Jakeem Grant,WR,MIA,2,NE,0,0,0,0,0,-4,0,1,3,22,0,7,0,0,0,0,0,0,0,0,0,0,,,,,
Jalen Richard,RB,LV,2,KC,0,0,0,0,0,3,0,2,2,2,0,3,0,0,0,0,0,0,0,0,0,0,,,,,
Jamaal Williams,RB,GB,2,MIN,0,0,0,0,0,28,0,9,3,13,1,4,0,0,0,0,0,0,0,0,0,0,,,,,
Jamal Agnew,WR,DET,2,LAC,0,0,0,0,0,0,0,0,0,0,0,0,0,0,0,0,0,0,0,0,0,0,,,,,
Jameis Winston,QB,TB,2,CAR,208,1,25,16,0,9,0,4,0,0,0,0,0,0,0,0,0,0,0,0,0,0,,,,,
James Conner,RB,PIT,2,SEA,0,0,0,0,0,33,1,11,3,12,0,4,0,0,0,0,0,0,0,0,0,0,,,,,
James O'Shaughnessy,TE,JAX,2,HOU,0,0,0,0,0,0,0,0,4,28,0,4,0,0,0,0,0,0,0,0,0,0,,,,,
James Washington,WR,PIT,2,SEA,0,0,0,0,0,0,0,0,2,23,0,3,0,0,0,0,0,0,0,0,0,0,,,,,
James White,RB,NE,2,MIA,0,0,0,0,0,10,0,3,3,19,1,4,0,0,0,0,0,0,0,0,0,0,,,,,
Jamison Crowder,WR,NYJ,2,CLE,0,0,0,0,0,0,0,0,4,40,0,6,0,0,0,0,0,0,0,0,0,0,,,,,
Jamize Olawale,RB,DAL,2,WAS,0,0,0,0,0,0,0,0,0,0,0,0,0,0,0,0,0,0,0,0,0,0,,,,,
Jared Cook,TE,NO,2,LA,0,0,0,0,0,0,0,0,2,25,0,7,0,0,0,0,0,0,0,0,0,0,,,,,
Jared Goff,QB,LA,2,NO,283,1,28,19,0,-2,1,4,0,0,0,0,0,0,0,0,0,0,0,0,0,0,,,,,
Jarius Wright,WR,CAR,2,TB,0,0,0,0,0,0,0,0,2,15,0,6,0,0,0,0,0,0,0,0,0,0,,,,,
Jaron Brown,WR,SEA,2,PIT,0,0,0,0,0,0,0,0,0,0,0,0,0,0,0,0,0,0,0,0,0,0,,,,,
Jarvis Landry,WR,CLE,2,NYJ,0,0,0,0,0,0,0,0,3,32,0,7,0,0,0,0,0,0,0,0,0,0,,,,,
Jason Myers,K,SEA,2,PIT,0,0,0,0,0,0,0,0,0,0,0,0,0,0,0,0,0,0,0,0,0,4,,,,,
Jason Sanders,K,MIA,2,NE,0,0,0,0,0,0,0,0,0,0,0,0,0,0,0,0,0,0,0,0,0,0,,,,,
Jason Witten,TE,DAL,2,WAS,0,0,0,0,0,0,0,0,4,25,1,4,0,0,0,0,0,0,0,0,0,0,,,,,
Jaylen Samuels,RB,PIT,2,SEA,0,0,0,0,0,18,0,3,1,13,0,1,0,0,0,0,0,0,0,0,0,0,,,,,
Jeff Heuerman,TE,DEN,2,CHI,0,0,0,0,0,0,0,0,4,21,0,5,0,0,0,0,0,0,0,0,0,0,,,,,
Jeff Wilson,RB,SF,2,CIN,0,0,0,0,0,34,2,10,0,0,0,0,0,0,0,0,0,0,0,0,0,0,,,,,
Jeremy Sprinkle,TE,WAS,2,DAL,0,0,0,0,0,0,0,0,1,11,0,1,0,0,0,0,0,0,0,0,0,0,,,,,
Jesse James,TE,DET,2,LAC,0,0,0,0,0,0,0,0,3,18,0,4,0,0,0,0,0,0,0,0,0,0,,,,,
Jimmy Garoppolo,QB,SF,2,CIN,296,3,25,17,1,8,0,4,0,0,0,0,0,0,0,0,0,0,0,0,0,0,,,,,
Jimmy Graham,TE,GB,2,MIN,0,0,0,0,0,0,0,0,0,0,0,1,0,0,0,0,0,0,0,0,0,0,,,,,
JoJo Natson,WR,LA,2,NO,0,0,0,0,0,0,0,0,0,0,0,0,0,0,0,0,0,0,0,0,0,0,,,,,
Joe Flacco,QB,DEN,2,CHI,292,1,50,35,1,0,0,0,0,0,0,0,0,0,1,0,0,0,0,0,0,0,,,,,
Joe Mixon,RB,CIN,2,SF,0,0,0,0,0,17,0,11,3,10,0,5,0,0,0,0,0,0,0,0,0,0,,,,,
Joey Slye,K,CAR,2,TB,0,0,0,0,0,0,0,0,0,0,0,0,0,0,0,0,0,2,0,2,0,0,,,,,
John Brown,WR,BUF,2,NYG,0,0,0,0,0,0,0,0,7,72,0,8,0,0,0,0,0,0,0,0,0,0,,,,,
John Ross,WR,CIN,2,SF,0,0,0,0,0,0,0,0,4,112,1,8,0,0,0,0,0,0,0,0,0,0,,,,,
Johnny Holton,WR,PIT,2,SEA,0,0,0,0,0,0,0,0,0,0,0,1,0,0,0,0,0,0,0,0,0,0,,,,,
Jordan Akins,TE,HOU,2,JAX,0,0,0,0,0,0,0,0,2,25,0,3,0,0,0,0,0,0,0,0,0,0,,,,,
Jordan Howard,RB,PHI,2,ATL,0,0,0,0,0,18,0,8,1,8,0,1,0,0,0,0,0,0,0,0,0,0,,,,,
Jordan Wilkins,RB,IND,2,TEN,0,0,0,0,0,82,0,5,1,4,0,1,0,0,0,0,0,0,0,0,0,0,,,,,
Josh Allen,QB,BUF,2,NYG,253,1,30,19,0,21,1,7,0,0,0,0,0,0,0,0,0,0,0,0,0,0,,,,,
Josh Bellamy,WR,NYJ,2,CLE,0,0,0,0,0,0,0,0,1,5,0,2,0,0,0,0,0,0,0,0,0,0,,,,,
Josh Gordon,WR,NE,2,MIA,0,0,0,0,0,0,0,0,2,19,0,5,0,0,0,0,0,0,0,0,0,0,,,,,
Josh Jacobs,RB,LV,2,KC,0,0,0,0,0,99,0,12,0,0,0,0,0,0,0,0,0,0,0,0,0,0,,,,,
Josh Lambo,K,JAX,2,HOU,0,0,0,0,0,0,0,0,0,0,0,0,0,0,0,0,0,1,1,0,0,0,,,,,
Josh McCown,QB,PHI,2,ATL,24,0,5,3,0,0,0,0,0,0,0,0,0,0,0,0,0,0,0,0,0,0,,,,,
Josh Reynolds,WR,LA,2,NO,0,0,0,0,0,0,0,0,0,0,0,1,0,0,0,0,0,0,0,0,0,0,,,,,
Josh Rosen,QB,MIA,2,NE,97,0,18,7,1,0,0,0,0,0,0,0,0,0,0,0,0,0,0,0,0,0,,,,,
JuJu Smith-Schuster,WR,PIT,2,SEA,0,0,0,0,0,0,0,0,5,84,0,8,0,0,0,0,0,0,0,0,0,0,,,,,
Julian Edelman,WR,NE,2,MIA,0,0,0,0,0,1,0,1,4,51,0,4,0,0,0,0,0,0,0,0,0,0,,,,,
Julio Jones,WR,ATL,2,PHI,0,0,0,0,0,0,0,0,5,106,2,10,0,0,0,0,0,0,0,0,0,0,,,,,
Justice Hill,RB,BAL,2,ARI,0,0,0,0,0,4,0,1,1,10,0,2,0,0,0,0,0,0,0,0,0,0,,,,,
Justin Hardy,WR,ATL,2,PHI,0,0,0,0,0,0,0,0,0,0,0,1,0,0,0,0,0,0,0,0,0,0,,,,,
Justin Jackson,RB,LAC,2,DET,0,0,0,0,0,59,0,7,1,5,0,1,0,0,0,0,0,0,0,0,0,0,,,,,
Justin Tucker,K,BAL,2,ARI,0,0,0,0,0,0,0,0,0,0,0,0,0,0,0,0,1,1,0,1,0,2,,,,,
KC,DEF,KC,2,LV,,,,,,,,,,,,,,,,,,,,,,,0,0,0,0,10.0
Ka'imi Fairbairn,K,HOU,2,JAX,0,0,0,0,0,0,0,0,0,0,0,0,0,0,0,0,1,1,0,0,0,1,,,,,
Kalen Ballage,RB,MIA,2,NE,0,0,0,0,0,6,0,4,1,6,0,5,0,0,0,0,0,0,0,0,0,0,,,,,
KeeSean Johnson,WR,ARI,2,BAL,0,0,0,0,0,0,0,0,1,31,0,2,0,0,1,0,0,0,0,0,0,0,,,,,
Keenan Allen,WR,LAC,2,DET,0,0,0,0,0,0,0,0,8,98,0,15,0,0,0,0,0,0,0,0,0,0,,,,,
Keke Coutee,WR,HOU,2,JAX,0,0,0,0,0,0,0,0,2,7,0,4,0,0,0,0,0,0,0,0,0,0,,,,,
Kendrick Bourne,WR,SF,2,CIN,0,0,0,0,0,0,0,0,1,4,0,2,0,0,0,0,0,0,0,0,0,0,,,,,
Kenjon Barner,RB,ATL,2,PHI,0,0,0,0,0,0,0,0,0,0,0,0,0,0,0,0,0,0,0,0,0,0,,,,,
Kenny Golladay,WR,DET,2,LAC,0,0,0,0,0,0,0,0,8,117,1,10,0,0,0,0,0,0,0,0,0,0,,,,,
Kenny Stills,WR,HOU,2,JAX,0,0,0,0,0,0,0,0,2,38,0,3,0,0,0,0,0,0,0,0,0,0,,,,,
Kenyan Drake,RB,MIA,2,NE,0,0,0,0,0,19,0,6,5,29,0,6,0,0,0,0,0,0,0,0,0,0,,,,,
Kerryon Johnson,RB,DET,2,LAC,0,0,0,0,0,41,0,12,2,47,1,3,0,0,0,0,0,0,0,0,0,0,,,,,
KhaDarel Hodge,WR,CLE,2,NYJ,0,0,0,0,0,0,0,0,0,0,0,0,0,0,0,0,0,0,0,0,0,0,,,,,
Kirk Cousins,QB,MIN,2,GB,230,1,32,14,2,17,0,2,0,0,0,0,0,0,0,0,0,0,0,0,0,0,,,,,
Kyle Juszczyk,RB,SF,2,CIN,0,0,0,0,0,6,0,1,1,5,0,2,0,0,0,0,0,0,0,0,0,0,,,,,
Kyle Rudolph,TE,MIN,2,GB,0,0,0,0,0,0,0,0,3,9,0,4,0,0,0,0,0,0,0,0,0,0,,,,,
Kyler Murray,QB,ARI,2,BAL,349,0,40,25,0,4,0,3,0,0,0,0,0,0,1,0,0,0,0,0,0,0,,,,,
LA,DEF,LA,2,NO,,,,,,,,,,,,,,,,,,,,,,,0,0,0,0,9.0
LAC,DEF,LAC,2,DET,,,,,,,,,,,,,,,,,,,,,,,0,0,0,0,13.0
LV,DEF,LV,2,KC,,,,,,,,,,,,,,,,,,,,,,,0,0,0,0,0.0
Lamar Jackson,QB,BAL,2,ARI,272,2,37,24,0,120,0,16,0,0,0,0,0,0,0,0,0,0,0,0,0,0,,,,,
Larry Fitzgerald,WR,ARI,2,BAL,0,0,0,0,0,0,0,0,5,104,0,11,0,0,0,0,0,0,0,0,0,0,,,,,
Latavius Murray,RB,NO,2,LA,0,0,0,0,0,7,0,5,1,16,0,1,0,0,0,0,0,0,0,0,0,0,,,,,
Le'Veon Bell,RB,NYJ,2,CLE,0,0,0,0,0,68,0,21,10,61,0,10,0,0,0,0,0,0,0,0,0,0,,,,,
LeSean McCoy,RB,KC,2,LV,0,0,0,0,0,23,0,11,3,0,0,3,0,0,0,0,0,0,0,0,0,0,,,,,
Lee Smith,TE,BUF,2,NYG,0,0,0,0,0,0,0,0,1,8,0,1,0,0,0,0,0,0,0,0,0,0,,,,,
Leonard Fournette,RB,JAX,2,HOU,0,0,0,0,0,47,0,15,4,40,0,6,0,0,0,0,0,0,0,0,0,0,,,,,
Logan Thomas,TE,DET,2,LAC,0,0,0,0,0,0,0,0,1,7,0,1,0,0,0,0,0,0,0,0,0,0,,,,,
Luke Falk,QB,NYJ,2,CLE,198,0,25,20,0,0,0,0,0,0,0,0,0,0,0,0,0,0,0,0,0,0,,,,,
Luke Stocker,TE,ATL,2,PHI,0,0,0,0,0,0,0,0,1,4,0,1,0,0,0,0,0,0,0,0,0,0,,,,,
MIA,DEF,MIA,2,NE,,,,,,,,,,,,,,,,,,,,,,,0,0,0,0,43.0
MIN,DEF,MIN,2,GB,,,,,,,,,,,,,,,,,,,,,,,0,0,0,0,21.0
Mack Hollins,WR,PHI,2,ATL,0,0,0,0,0,0,0,0,5,50,0,8,0,0,0,0,0,0,0,0,0,0,,,,,
Malcolm Brown,RB,LA,2,NO,0,0,0,0,0,37,0,6,1,10,0,1,0,0,0,0,0,0,0,0,0,0,,,,,
Malik Turner,WR,SEA,2,PIT,0,0,0,0,0,0,0,0,3,54,0,3,0,0,0,0,0,0,0,0,0,0,,,,,
Marcedes Lewis,TE,GB,2,MIN,0,0,0,0,0,0,0,0,0,0,0,1,0,0,0,0,0,0,0,0,0,0,,,,,
Marcus Mariota,QB,TEN,2,IND,154,1,28,19,0,32,0,5,0,0,0,0,0,0,0,0,0,0,0,0,0,0,,,,,
Mark Andrews,TE,BAL,2,ARI,0,0,0,0,0,0,0,0,8,112,1,9,0,0,0,0,0,0,0,0,0,0,,,,,
Mark Ingram,RB,BAL,2,ARI,0,0,0,0,0,47,0,13,2,30,0,2,0,0,0,0,0,0,0,0,0,0,,,,,
Mark Walton,RB,MIA,2,NE,0,0,0,0,0,15,0,3,1,12,0,2,0,0,0,0,0,0,0,0,0,0,,,,,
Marlon Mack,RB,IND,2,TEN,0,0,0,0,0,51,0,20,2,12,0,3,0,0,0,0,0,0,0,0,0,0,,,,,
Marquez Valdes-Scantling,WR,GB,2,MIN,0,0,0,0,0,0,0,0,3,19,0,5,0,0,0,0,0,0,0,0,0,0,,,,,
Marquise Brown,WR,BAL,2,ARI,0,0,0,0,0,0,0,0,8,86,0,13,0,0,0,0,0,0,0,0,0,0,,,,,
Marquise Goodwin,WR,SF,2,CIN,0,0,0,0,0,0,0,0,3,77,1,3,0,0,0,0,0,0,0,0,0,0,,,,,
Marvin Jones,WR,DET,2,LAC,0,0,0,0,0,0,0,0,5,43,0,6,0,0,0,0,0,0,0,0,0,0,,,,,
Mason Crosby,K,GB,2,MIN,0,0,0,0,0,0,0,0,0,0,0,0,0,0,0,0,0,0,0,0,0,3,,,,,
Mason Rudolph,QB,PIT,2,SEA,112,2,19,12,1,7,0,1,0,0,0,0,0,0,0,0,0,0,0,0,0,0,,,,,
Matt Breida,RB,SF,2,CIN,0,0,0,0,0,121,0,12,1,11,0,1,0,0,0,0,0,0,0,0,0,0,,,,,
Matt Bryant,K,ATL,2,PHI,0,0,0,0,0,0,0,0,0,0,0,0,0,0,0,0,0,0,0,1,0,3,,,,,
Matt Gay,K,TB,2,CAR,0,0,0,0,0,0,0,0,0,0,0,0,0,0,0,0,0,1,1,0,0,2,,,,,
Matt LaCosse,TE,NE,2,MIA,0,0,0,0,0,0,0,0,2,33,0,2,0,0,0,0,0,0,0,0,0,0,,,,,
Matt Prater,K,DET,2,LAC,0,0,0,0,0,0,0,0,0,0,0,0,0,0,0,0,0,0,0,0,0,1,,,,,
Matt Ryan,QB,ATL,2,PHI,320,3,43,27,3,3,0,2,0,0,0,0,0,0,0,0,0,0,0,0,0,0,,,,,
Matthew Slater,WR,NE,2,MIA,0,0,0,0,0,0,0,0,0,0,0,0,0,0,0,0,0,0,0,0,0,0,,,,,
Matthew Stafford,QB,DET,2,LAC,245,2,30,22,2,13,0,4,0,0,0,0,0,0,0,0,0,0,0,0,0,0,,,,,
Maxx Williams,TE,ARI,2,BAL,0,0,0,0,0,0,0,0,1,21,0,1,0,0,0,0,0,0,0,0,0,0,,,,,
Mecole Hardman,WR,KC,2,LV,0,0,0,0,0,0,0,0,4,61,1,6,0,0,0,0,0,0,0,0,0,0,,,,,
Michael Crabtree,WR,ARI,2,BAL,0,0,0,0,0,0,0,0,2,13,0,3,0,0,0,0,0,0,0,0,0,0,,,,,
Michael Gallup,WR,DAL,2,WAS,0,0,0,0,0,0,0,0,6,68,0,8,0,0,0,0,0,0,0,0,0,0,,,,,
Michael Thomas,WR,NO,2,LA,0,0,0,0,0,0,0,0,10,89,0,13,0,0,0,0,0,0,0,0,0,0,,,,,
Mike Davis,RB,CHI,2,DEN,0,0,0,0,0,1,0,3,0,0,0,0,0,0,0,0,0,0,0,0,0,0,,,,,
Mike Evans,WR,TB,2,CAR,0,0,0,0,0,0,0,0,4,61,0,8,0,0,0,0,0,0,0,0,0,0,,,,,
Mike Gesicki,TE,MIA,2,NE,0,0,0,0,0,0,0,0,1,11,0,2,0,0,0,0,0,0,0,0,0,0,,,,,
Mike Williams,WR,LAC,2,DET,0,0,0,0,0,0,0,0,3,83,0,5,0,0,0,0,0,0,0,0,0,0,,,,,
Miles Boykin,WR,BAL,2,ARI,0,0,0,0,0,0,0,0,1,11,0,3,0,0,0,0,0,0,0,0,0,0,,,,,
Miles Sanders,RB,PHI,2,ATL,0,0,0,0,0,28,0,10,3,9,0,4,0,0,0,0,0,0,0,0,0,0,,,,,
Mitchell Trubisky,QB,CHI,2,DEN,120,0,27,16,0,8,0,1,0,0,0,0,0,0,0,0,0,0,0,0,0,0,,,,,
Mo Alie-Cox,TE,IND,2,TEN,0,0,0,0,0,0,0,0,0,0,0,1,0,0,0,0,0,0,0,0,0,0,,,,,
Mohamed Sanu,WR,ATL,2,PHI,0,0,0,0,0,0,0,0,4,16,0,7,0,0,0,0,0,0,0,0,0,0,,,,,
NE,DEF,NE,2,MIA,,,,,,,,,,,,,,,,,,,,,,,2,0,0,0,0.0
NO,DEF,NO,2,LA,,,,,,,,,,,,,,,,,,,,,,,0,0,0,0,27.0
NYG,DEF,NYG,2,BUF,,,,,,,,,,,,,,,,,,,,,,,0,0,0,0,28.0
NYJ,DEF,NYJ,2,CLE,,,,,,,,,,,,,,,,,,,,,,,0,0,0,0,23.0
Nelson Agholor,WR,PHI,2,ATL,0,0,0,0,0,0,0,0,8,107,1,11,0,0,0,0,0,0,0,0,0,0,,,,,
Nick Bawden,RB,DET,2,LAC,0,0,0,0,0,0,0,0,0,0,0,0,0,0,0,0,0,0,0,0,0,0,,,,,
Nick Boyle,TE,BAL,2,ARI,0,0,0,0,0,0,0,0,1,14,0,3,0,0,0,0,0,0,0,0,0,0,,,,,
Nick Chubb,RB,CLE,2,NYJ,0,0,0,0,0,62,1,18,4,36,0,4,0,0,0,0,0,0,0,0,0,0,,,,,
Nick O'Leary,TE,MIA,2,NE,0,0,0,0,0,0,0,0,1,6,0,1,0,0,0,0,0,0,0,0,0,0,,,,,
Nick Vannett,TE,SEA,2,PIT,0,0,0,0,0,0,0,0,1,13,0,1,0,0,0,0,0,0,0,0,0,0,,,,,
Noah Fant,TE,DEN,2,CHI,0,0,0,0,0,0,0,0,4,33,0,4,0,0,0,0,0,0,0,0,0,0,,,,,
Nyheim Hines,RB,IND,2,TEN,0,0,0,0,0,9,0,2,1,5,0,2,0,0,0,0,0,0,0,0,0,0,,,,,
O.J. Howard,TE,TB,2,CAR,0,0,0,0,0,0,0,0,0,0,0,0,0,0,0,0,0,0,0,0,0,0,,,,,
Odell Beckham Jr.,WR,CLE,2,NYJ,0,0,0,0,0,0,0,0,6,161,1,10,0,0,0,0,0,0,0,0,0,0,,,,,
PHI,DEF,PHI,2,ATL,,,,,,,,,,,,,,,,,,,,,,,0,0,0,0,24.0
PIT,DEF,PIT,2,SEA,,,,,,,,,,,,,,,,,,,,,,,0,0,0,0,28.0
Parris Campbell,WR,IND,2,TEN,0,0,0,0,0,0,0,0,1,12,1,1,0,0,0,0,0,0,0,0,0,0,,,,,
Patrick DiMarco,RB,BUF,2,NYG,0,0,0,0,0,1,0,1,1,3,0,1,0,0,0,0,0,0,0,0,0,0,,,,,
Patrick Mahomes,QB,KC,2,LV,443,4,44,30,0,-1,0,1,0,0,0,0,0,0,0,0,0,0,0,0,0,0,,,,,
Patrick Ricard,RB,BAL,2,ARI,0,0,0,0,0,0,0,0,1,3,0,1,0,0,0,0,0,0,0,0,0,0,,,,,
Paul Richardson,WR,WAS,2,DAL,0,0,0,0,0,0,0,0,3,16,1,3,0,0,0,0,0,0,0,0,0,0,,,,,
Peyton Barber,RB,TB,2,CAR,0,0,0,0,0,82,1,23,1,7,0,1,0,0,0,0,0,0,0,0,0,0,,,,,
Pharaoh Brown,TE,CLE,2,NYJ,0,0,0,0,0,0,0,0,0,0,0,1,0,0,0,0,0,0,0,0,0,0,,,,,
Philip Rivers,QB,LAC,2,DET,293,0,36,21,1,12,0,1,0,0,0,0,0,0,0,0,0,0,0,0,0,0,,,,,
Phillip Dorsett,WR,NE,2,MIA,0,0,0,0,0,0,0,0,3,39,0,3,0,0,0,0,0,0,0,0,0,0,,,,,
Phillip Lindsay,RB,DEN,2,CHI,0,0,0,0,0,36,0,13,4,30,0,7,0,0,0,0,0,0,0,0,0,0,,,,,
Preston Williams,WR,MIA,2,NE,0,0,0,0,0,0,0,0,4,63,0,6,0,0,0,0,0,0,0,0,0,0,,,,,
Raheem Mostert,RB,SF,2,CIN,0,0,0,0,0,83,0,13,3,68,1,4,0,0,0,0,0,0,0,0,0,0,,,,,
Randall Cobb,WR,DAL,2,WAS,0,0,0,0,0,11,0,2,5,24,0,6,0,0,0,0,0,0,0,0,0,0,,,,,
Randy Bullock,K,CIN,2,SF,0,0,0,0,0,0,0,0,0,0,0,0,0,0,0,0,0,1,0,0,0,2,,,,,
Rashaad Penny,RB,SEA,2,PIT,0,0,0,0,0,62,1,10,1,3,0,1,0,0,0,0,0,0,0,0,0,0,,,,,
Ray-Ray McCloud,WR,CAR,2,TB,0,0,0,0,0,0,0,0,0,0,0,0,0,0,0,0,0,0,0,0,0,0,,,,,
Rex Burkhead,RB,NE,2,MIA,0,0,0,0,0,21,0,5,2,47,0,2,0,0,0,0,0,0,0,0,0,0,,,,,
Rhett Ellison,TE,NYG,2,BUF,0,0,0,0,0,0,0,0,1,8,0,1,0,0,0,0,0,0,0,0,0,0,,,,,
Richie James,WR,SF,2,CIN,0,0,0,0,0,0,0,0,1,7,0,4,0,0,0,0,0,0,0,0,0,0,,,,,
Robbie Chosen,WR,NYJ,2,CLE,0,0,0,0,0,0,0,0,4,81,0,6,0,0,0,0,0,0,0,0,0,0,,,,,
Robbie Gould,K,SF,2,CIN,0,0,0,0,0,0,0,0,0,0,0,0,0,0,0,0,0,2,0,0,0,5,,,,,
Robert Foster,WR,BUF,2,NYG,0,0,0,0,0,0,0,0,0,0,0,2,0,0,0,0,0,0,0,0,0,0,,,,,
Robert Woods,WR,LA,2,NO,0,0,0,0,0,9,0,1,2,33,0,2,0,0,0,0,0,0,0,0,0,0,,,,,
Ronald Jones,RB,TB,2,CAR,0,0,0,0,0,9,0,4,0,0,0,0,0,0,0,0,0,0,0,0,0,0,,,,,
Ross Dwelley,TE,SF,2,CIN,0,0,0,0,0,0,0,0,0,0,0,0,0,0,0,0,0,0,0,0,0,0,,,,,
Royce Freeman,RB,DEN,2,CHI,0,0,0,0,0,54,0,11,5,48,0,7,0,0,0,0,0,0,0,0,0,0,,,,,
Russell Gage,WR,ATL,2,PHI,0,0,0,0,0,0,0,0,0,0,0,1,0,0,0,0,0,0,0,0,0,0,,,,,
Russell Shepard,WR,NYG,2,BUF,0,0,0,0,0,0,0,0,2,19,0,3,0,0,0,0,0,0,0,0,0,0,,,,,
Russell Wilson,QB,SEA,2,PIT,300,3,35,29,0,22,0,6,0,0,0,0,0,0,0,0,0,0,0,0,0,0,,,,,
Ryan Fitzpatrick,QB,MIA,2,NE,89,0,21,11,3,6,0,1,0,0,0,0,0,0,0,0,0,0,0,0,0,0,,,,,
Ryan Grant,WR,LV,2,KC,0,0,0,0,0,0,0,0,1,-2,0,5,0,0,0,0,0,0,0,0,0,0,,,,,
Ryan Griffin,TE,NYJ,2,CLE,0,0,0,0,0,0,0,0,0,0,0,1,0,0,0,0,0,0,0,0,0,0,,,,,
Ryan Izzo,TE,NE,2,MIA,0,0,0,0,0,0,0,0,0,0,0,0,0,0,0,0,0,0,0,0,0,0,,,,,
Ryan Switzer,WR,PIT,2,SEA,0,0,0,0,0,0,0,0,1,0,0,4,0,0,0,0,0,0,0,0,0,0,,,,,
SEA,DEF,SEA,2,PIT,,,,,,,,,,,,,,,,,,,,,,,0,0,0,0,26.0
SF,DEF,SF,2,CIN,,,,,,,,,,,,,,,,,,,,,,,0,0,0,0,17.0
Sam Ficken,K,NYJ,2,CLE,0,0,0,0,0,0,0,0,0,0,0,0,0,0,0,0,0,0,1,0,0,0,,,,,
Sammy Watkins,WR,KC,2,LV,0,0,0,0,0,0,0,0,6,49,0,13,0,0,0,0,0,0,0,0,0,0,,,,,
Saquon Barkley,RB,NYG,2,BUF,0,0,0,0,0,107,1,18,3,28,0,7,0,0,0,0,0,0,0,0,0,0,,,,,
Sean Culkin,TE,LAC,2,DET,0,0,0,0,0,0,0,0,0,0,0,0,0,0,0,0,0,0,0,0,0,0,,,,,
Sony Michel,RB,NE,2,MIA,0,0,0,0,0,83,1,21,0,0,0,0,0,0,0,0,0,0,0,0,0,0,,,,,
Stefon Diggs,WR,MIN,2,GB,0,0,0,0,0,0,0,0,1,49,1,7,0,0,0,0,0,0,0,0,0,0,,,,,
Stephen Gostkowski,K,NE,2,MIA,0,0,0,0,0,0,0,0,0,0,0,0,0,0,0,0,1,0,0,0,0,4,,,,,
Steven Hauschka,K,BUF,2,NYG,0,0,0,0,0,0,0,0,0,0,0,0,0,0,0,0,0,0,0,0,0,4,,,,,
Steven Sims,WR,WAS,2,DAL,0,0,0,0,0,16,0,3,1,3,0,1,0,0,0,0,0,0,0,0,0,0,,,,,
T.J. Hockenson,TE,DET,2,LAC,0,0,0,0,0,0,0,0,1,7,0,3,0,0,0,0,0,0,0,0,0,0,,,,,
T.J. Jones,WR,NYG,2,BUF,0,0,0,0,0,0,0,0,3,38,1,4,0,0,0,0,0,0,0,0,0,0,,,,,
T.Y. Hilton,WR,IND,2,TEN,0,0,0,0,0,0,0,0,4,43,1,6,0,0,0,0,0,0,0,0,0,0,,,,,
TB,DEF,TB,2,CAR,,,,,,,,,,,,,,,,,,,,,,,0,0,0,0,14.0
TEN,DEF,TEN,2,IND,,,,,,,,,,,,,,,,,,,,,,,0,0,0,0,19.0
Tajae Sharpe,WR,TEN,2,IND,0,0,0,0,0,0,0,0,2,24,0,2,0,0,0,0,0,0,0,0,0,0,,,,,
Tarik Cohen,RB,CHI,2,DEN,0,0,0,0,0,18,0,4,2,7,0,5,0,0,0,0,0,0,0,0,0,0,,,,,
Taylor Gabriel,WR,CHI,2,DEN,0,0,0,0,0,14,0,1,1,11,0,2,0,0,0,0,0,0,0,0,0,0,,,,,
Taysom Hill,TE,NO,2,LA,0,0,0,0,0,0,0,0,2,16,0,3,0,0,0,0,0,0,0,0,0,0,,,,,
Taywan Taylor,WR,CLE,2,NYJ,0,0,0,0,0,0,0,0,0,0,0,1,0,0,0,0,0,0,0,0,0,0,,,,,
Teddy Bridgewater,QB,NO,2,LA,165,0,30,17,0,5,0,2,0,0,0,0,0,0,0,0,0,0,0,0,0,0,,,,,
Terry McLaurin,WR,WAS,2,DAL,0,0,0,0,0,0,0,0,5,62,1,9,0,0,0,0,0,0,0,0,0,0,,,,,
Todd Gurley,RB,LA,2,NO,0,0,0,0,0,63,1,16,3,4,0,4,0,0,0,0,0,0,0,0,0,0,,,,,
Tom Brady,QB,NE,2,MIA,264,2,28,20,0,1,1,2,0,0,0,0,0,0,0,0,0,0,0,0,0,0,,,,,
Tommy Sweeney,TE,BUF,2,NYG,0,0,0,0,0,0,0,0,0,0,0,1,0,0,0,0,0,0,0,0,0,0,,,,,
Tony Pollard,RB,DAL,2,WAS,0,0,0,0,0,22,0,4,1,3,0,1,0,0,0,0,0,0,0,0,0,0,,,,,
Travis Benjamin,WR,LAC,2,DET,0,0,0,0,0,0,0,0,0,0,0,2,0,0,0,0,0,0,0,0,0,0,,,,,
Travis Kelce,TE,KC,2,LV,0,0,0,0,0,0,0,0,7,107,1,9,0,0,0,0,0,0,0,0,0,0,,,,,
Tre'Quan Smith,WR,NO,2,LA,0,0,0,0,0,0,0,0,3,49,0,3,0,0,0,0,0,0,0,0,0,0,,,,,
Trenton Cannon,RB,NYJ,2,CLE,0,0,0,0,0,0,0,0,0,0,0,0,0,0,0,0,0,0,0,0,0,0,,,,,
Trevor Davis,WR,GB,2,MIN,0,0,0,0,0,0,0,0,0,0,0,0,0,0,0,0,0,0,0,0,0,0,,,,,
Trevor Siemian,QB,NYJ,2,CLE,3,0,6,3,0,0,0,0,0,0,0,0,0,0,0,0,0,0,0,0,0,0,,,,,
Trey Burton,TE,CHI,2,DEN,0,0,0,0,0,0,0,0,2,5,0,3,0,0,0,0,0,0,0,0,0,0,,,,,
Trey Quinn,WR,WAS,2,DAL,0,0,0,0,0,0,0,0,4,36,0,7,0,0,0,0,0,0,0,0,0,0,,,,,
Troy Fumagalli,TE,DEN,2,CHI,0,0,0,0,0,0,0,0,1,7,0,1,0,0,0,0,0,0,0,0,0,0,,,,,
Ty Johnson,RB,DET,2,LAC,0,0,0,0,0,30,0,5,2,6,0,2,0,0,0,0,0,0,0,0,0,0,,,,,
Ty Montgomery,WR,NYJ,2,CLE,0,0,0,0,0,25,0,3,3,15,0,3,0,0,0,0,0,0,0,0,0,0,,,,,
Tyler Boyd,WR,CIN,2,SF,0,0,0,0,0,0,0,0,10,122,0,10,0,0,0,0,0,0,0,0,0,0,,,,,
Tyler Eifert,TE,CIN,2,SF,0,0,0,0,0,0,0,0,3,9,1,5,0,0,0,0,0,0,0,0,0,0,,,,,
Tyler Ervin,RB,JAX,2,HOU,0,0,0,0,0,0,0,0,0,0,0,0,0,0,0,0,0,0,0,0,0,0,,,,,
Tyler Higbee,TE,LA,2,NO,0,0,0,0,0,0,0,0,2,21,0,3,0,0,0,0,0,0,0,0,0,0,,,,,
Tyler Lockett,WR,SEA,2,PIT,0,0,0,0,0,0,0,0,10,79,0,12,0,0,0,0,0,0,0,0,0,0,,,,,
Tyrell Williams,WR,LV,2,KC,0,0,0,0,0,0,0,0,5,46,1,7,0,0,0,0,0,0,0,0,0,0,,,,,
Vance McDonald,TE,PIT,2,SEA,0,0,0,0,0,0,0,0,7,38,2,7,0,0,0,0,0,0,0,0,0,0,,,,,
Vernon Davis,TE,WAS,2,DAL,0,0,0,0,0,0,0,0,3,29,0,4,0,0,0,0,0,0,0,0,0,0,,,,,
Virgil Green,TE,LAC,2,DET,0,0,0,0,0,0,0,0,1,9,0,2,0,0,0,0,0,0,0,0,0,0,,,,,
WAS,DEF,WAS,2,DAL,,,,,,,,,,,,,,,,,,,,,,,0,0,0,0,31.0
Wayne Gallman,RB,NYG,2,BUF,0,0,0,0,0,0,0,0,0,0,0,1,0,0,0,0,0,0,0,0,0,0,,,,,
Wendell Smallwood,RB,WAS,2,DAL,0,0,0,0,0,4,0,1,2,9,0,2,0,0,0,0,0,0,0,0,0,0,,,,,
Wil Lutz,K,NO,2,LA,0,0,0,0,0,0,0,0,0,0,0,0,0,0,0,0,0,1,1,1,0,0,,,,,
Will Dissly,TE,SEA,2,PIT,0,0,0,0,0,0,0,0,5,50,2,5,0,0,0,0,0,0,0,0,0,0,,,,,
Will Fuller,WR,HOU,2,JAX,0,0,0,0,0,0,0,0,4,40,0,7,0,0,0,0,0,0,0,0,0,0,,,,,
Willie Snead,WR,BAL,2,ARI,0,0,0,0,0,0,0,0,1,5,0,1,0,0,0,0,0,0,0,0,0,0,,,,,
Xavier Grimble,TE,PIT,2,SEA,0,0,0,0,0,0,0,0,0,0,0,1,0,0,0,0,0,0,0,0,0,0,,,,,
Zach Ertz,TE,PHI,2,ATL,0,0,0,0,0,0,0,0,8,72,0,16,0,0,1,0,0,0,0,0,0,0,,,,,
Zach Pascal,WR,IND,2,TEN,0,0,0,0,0,0,0,0,0,0,0,0,0,0,0,0,0,0,0,0,0,0,,,,,
Zane Gonzalez,K,ARI,2,BAL,0,0,0,0,0,0,0,0,0,0,0,0,0,0,0,0,3,0,0,0,0,0,,,,,
Zay Jones,WR,BUF,2,NYG,0,0,0,0,0,0,0,0,1,14,0,3,0,0,0,0,0,0,0,0,0,0,,,,,
A.J. Brown,WR,TEN,3,JAX,0,0,0,0,0,0,0,0,1,4,0,5,0,0,0,0,0,0,0,0,0,0,,,,,
ARI,DEF,ARI,3,CAR,,,,,,,,,,,,,,,,,,,,,,,0,0,0,0,38.0
ATL,DEF,ATL,3,IND,,,,,,,,,,,,,,,,,,,,,,,0,0,0,0,27.0
Aaron Jones,RB,GB,3,DEN,0,0,0,0,0,19,2,10,1,4,0,1,0,0,0,0,0,0,0,0,0,0,,,,,
Aaron Rodgers,QB,GB,3,DEN,235,1,29,17,0,-1,0,1,0,0,0,0,0,0,0,0,0,0,0,0,0,0,,,,,
Adam Humphries,WR,TEN,3,JAX,0,0,0,0,0,0,0,0,6,93,0,9,0,0,0,0,0,0,0,0,0,0,,,,,
Adam Shaheen,TE,CHI,3,WAS,0,0,0,0,0,0,0,0,1,7,0,1,0,0,0,0,0,0,0,0,0,0,,,,,
Adam Thielen,WR,MIN,3,LV,0,0,0,0,0,1,1,1,3,55,1,5,0,0,0,0,0,0,0,0,0,0,,,,,
Adam Vinatieri,K,IND,3,ATL,0,0,0,0,0,0,0,0,0,0,0,0,0,0,0,0,1,0,1,0,0,3,,,,,
Adrian Peterson,RB,WAS,3,CHI,0,0,0,0,0,37,0,12,1,-3,0,3,0,0,0,0,0,0,0,0,0,0,,,,,
Aldrick Rosas,K,NYG,3,TB,0,0,0,0,0,0,0,0,0,0,0,0,0,0,0,0,0,1,0,0,0,3,,,,,
Alex Armah,RB,CAR,3,ARI,0,0,0,0,0,4,0,1,1,2,0,1,0,0,0,0,0,0,0,0,0,0,,,,,
Alex Erickson,WR,CIN,3,BUF,0,0,0,0,0,0,0,0,1,13,0,1,0,0,0,0,0,0,0,0,0,0,,,,,
Alexander Mattison,RB,MIN,3,LV,0,0,0,0,0,58,1,12,0,0,0,0,0,0,0,0,0,0,0,0,0,0,,,,,
Allen Hurns,WR,MIA,3,DAL,0,0,0,0,0,0,0,0,1,6,0,2,0,0,0,0,0,0,0,0,0,0,,,,,
Allen Robinson,WR,CHI,3,WAS,0,0,0,0,0,0,0,0,6,60,0,7,0,0,0,0,0,0,0,0,0,0,,,,,
Alvin Kamara,RB,NO,3,SEA,0,0,0,0,0,69,1,16,9,92,1,10,0,0,0,0,0,0,0,0,0,0,,,,,
Amari Cooper,WR,DAL,3,MIA,0,0,0,0,0,0,0,0,6,88,2,7,0,0,0,0,0,0,0,0,0,0,,,,,
Ameer Abdullah,RB,MIN,3,LV,0,0,0,0,0,0,0,0,0,0,0,1,0,0,0,0,0,0,0,0,0,0,,,,,
Andre Roberts,WR,BUF,3,CIN,0,0,0,0,0,0,0,0,0,0,0,0,0,0,0,0,0,0,0,0,0,0,,,,,
Andy Dalton,QB,CIN,3,BUF,250,1,36,20,2,1,1,1,0,0,0,0,0,0,0,0,0,0,0,0,0,0,,,,,
Andy Isabella,WR,ARI,3,CAR,0,0,0,0,0,0,0,0,0,0,0,0,0,0,0,0,0,0,0,0,0,0,,,,,
Anthony Miller,WR,CHI,3,WAS,0,0,0,0,0,0,0,0,1,15,0,3,0,0,0,0,0,0,0,0,0,0,,,,,
Antony Auclair,TE,TB,3,NYG,0,0,0,0,0,0,0,0,0,0,0,1,0,0,0,0,0,0,0,0,0,0,,,,,
Auden Tate,WR,CIN,3,BUF,0,0,0,0,0,0,0,0,6,88,0,10,0,0,0,0,0,0,0,0,0,0,,,,,
Austin Ekeler,RB,LAC,3,HOU,0,0,0,0,0,36,0,9,7,45,0,7,0,0,0,0,0,0,0,0,0,0,,,,,
Austin Hooper,TE,ATL,3,IND,0,0,0,0,0,0,0,0,6,66,2,7,0,0,0,0,0,0,0,0,0,0,,,,,
Austin Seibert,K,CLE,3,LA,0,0,0,0,0,0,0,0,0,0,0,0,0,0,0,0,1,1,0,0,0,1,,,,,
BAL,DEF,BAL,3,KC,,,,,,,,,,,,,,,,,,,,,,,0,0,0,0,33.0
BUF,DEF,BUF,3,CIN,,,,,,,,,,,,,,,,,,,,,,,0,0,0,0,17.0
Baker Mayfield,QB,CLE,3,LA,195,1,36,18,1,-1,0,1,0,0,0,0,0,0,0,0,0,0,0,0,0,0,,,,,
Bennie Fowler,WR,NYG,3,TB,0,0,0,0,0,0,0,0,1,5,0,3,0,0,0,0,0,0,0,0,0,0,,,,,
Benny Snell,RB,PIT,3,SF,0,0,0,0,0,6,0,3,0,0,0,0,0,0,0,0,0,0,0,0,0,0,,,,,
Blake Bell,TE,KC,3,BAL,0,0,0,0,0,0,0,0,1,1,0,1,0,0,0,0,0,0,0,0,0,0,,,,,
Blake Jarwin,TE,DAL,3,MIA,0,0,0,0,0,0,0,0,1,3,0,3,0,0,0,0,0,0,0,0,0,0,,,,,
Bobo Wilson,WR,TB,3,NYG,0,0,0,0,0,0,0,0,0,0,0,1,0,0,0,0,0,0,0,0,0,0,,,,,
Brandin Cooks,WR,LA,3,CLE,0,0,0,0,0,8,0,1,8,112,0,12,0,0,0,0,0,0,0,0,0,0,,,,,
Brandon Bolden,RB,NE,3,NYJ,0,0,0,0,0,-2,0,2,2,21,0,3,0,0,0,0,0,0,0,0,0,0,,,,,
Brandon McManus,K,DEN,3,GB,0,0,0,0,0,0,0,0,0,0,0,0,0,0,0,0,0,1,0,0,0,1,,,,,
Braxton Berrios,WR,NYJ,3,NE,0,0,0,0,0,0,0,0,2,29,0,6,0,0,0,0,0,0,0,0,0,0,,,,,
Breshad Perriman,WR,TB,3,NYG,0,0,0,0,0,13,0,1,1,6,0,2,0,0,0,0,0,0,0,0,0,0,,,,,
Brett Maher,K,DAL,3,MIA,0,0,0,0,0,0,0,0,0,0,0,0,0,0,0,0,1,0,0,0,0,4,,,,,
Byron Pringle,WR,KC,3,BAL,0,0,0,0,0,0,0,0,1,7,0,1,0,0,0,0,0,0,0,0,0,0,,,,,
C.J. Prosise,RB,SEA,3,NO,0,0,0,0,0,5,0,4,5,38,0,5,0,0,0,0,0,0,0,0,0,0,,,,,
C.J. Uzomah,TE,CIN,3,BUF,0,0,0,0,0,0,0,0,0,0,0,1,0,0,0,0,0,0,0,0,0,0,,,,,
CAR,DEF,CAR,3,ARI,,,,,,,,,,,,,,,,,,,,,,,0,0,0,0,20.0
CHI,DEF,CHI,3,WAS,,,,,,,,,,,,,,,,,,,,,,,1,0,0,0,15.0
CIN,DEF,CIN,3,BUF,,,,,,,,,,,,,,,,,,,,,,,0,0,0,0,21.0
CLE,DEF,CLE,3,LA,,,,,,,,,,,,,,,,,,,,,,,0,0,0,0,20.0
Cairo Santos,K,TEN,3,JAX,0,0,0,0,0,0,0,0,0,0,0,0,0,0,0,0,0,0,0,0,0,1,,,,,
Calvin Ridley,WR,ATL,3,IND,0,0,0,0,0,0,0,0,1,6,0,1,0,0,0,0,0,0,0,0,0,0,,,,,
Cameron Brate,TE,TB,3,NYG,0,0,0,0,0,0,0,0,2,7,0,2,0,0,0,0,0,0,0,0,0,0,,,,,
Carlos Hyde,RB,HOU,3,LAC,0,0,0,0,0,19,1,10,0,0,0,0,0,0,0,0,0,0,0,0,0,0,,,,,
Carson Wentz,QB,PHI,3,DET,259,2,36,19,0,33,0,4,0,0,0,0,0,0,0,0,0,0,0,0,0,0,,,,,
Case Keenum,QB,WAS,3,CHI,332,2,43,30,3,3,0,2,0,0,0,0,0,0,0,0,0,0,0,0,0,0,,,,,
Cedrick Wilson Jr.,WR,DAL,3,MIA,0,0,0,0,0,0,0,0,0,0,0,1,0,0,0,0,0,0,0,0,0,0,,,,,
Chad Beebe,WR,MIN,3,LV,0,0,0,0,0,0,0,0,0,0,0,0,0,0,0,0,0,0,0,0,0,0,,,,,
Charles Clay,TE,ARI,3,CAR,0,0,0,0,0,0,0,0,1,9,0,1,0,0,0,0,0,0,0,0,0,0,,,,,
Chase Edmonds,RB,ARI,3,CAR,0,0,0,0,0,15,0,3,1,10,0,2,0,0,0,0,0,0,0,0,0,0,,,,,
Chris Boswell,K,PIT,3,SF,0,0,0,0,0,0,0,0,0,0,0,0,0,0,0,0,1,0,1,0,0,2,,,,,
Chris Carson,RB,SEA,3,NO,0,0,0,0,0,52,0,15,1,-2,0,1,0,0,0,0,0,0,0,0,0,0,,,,,
Chris Conley,WR,JAX,3,TEN,0,0,0,0,0,0,0,0,2,30,0,3,0,0,0,0,0,0,0,0,0,0,,,,,
Chris Godwin Jr.,WR,TB,3,NYG,0,0,0,0,0,0,0,0,3,40,0,5,0,0,0,0,0,0,0,0,0,0,,,,,
Chris Hogan,WR,CAR,3,ARI,0,0,0,0,0,0,0,0,1,6,0,2,0,0,0,0,0,0,0,0,0,0,,,,,
Chris Thompson,RB,WAS,3,CHI,0,0,0,0,0,29,0,7,4,79,0,5,0,0,0,0,0,0,0,0,0,0,,,,,
Christian Kirk,WR,ARI,3,CAR,0,0,0,0,0,0,0,0,10,59,0,12,0,0,0,0,0,0,0,0,0,0,,,,,
Christian McCaffrey,RB,CAR,3,ARI,0,0,0,0,0,153,1,24,3,35,0,4,0,0,0,0,0,0,0,0,0,0,,,,,
Cody Core,WR,NYG,3,TB,0,0,0,0,0,0,0,0,0,0,0,0,0,0,0,0,0,0,0,0,0,0,,,,,
Cole Beasley,WR,BUF,3,CIN,0,0,0,0,0,0,0,0,8,48,0,10,0,0,1,0,0,0,0,0,0,0,,,,,
Cooper Kupp,WR,LA,3,CLE,0,0,0,0,0,0,0,0,11,101,2,12,0,0,0,0,0,0,0,0,0,0,,,,,
Cordarrelle Patterson,RB,CHI,3,WAS,0,0,0,0,0,14,0,4,1,6,0,1,0,0,0,0,0,0,0,0,0,0,,,,,
Corey Davis,WR,TEN,3,JAX,0,0,0,0,0,0,0,0,3,44,0,4,0,0,0,0,0,0,0,0,0,0,,,,,
Courtland Sutton,WR,DEN,3,GB,0,0,0,0,0,0,0,0,5,87,0,7,0,0,0,0,0,0,0,0,0,0,,,,,
Curtis Samuel,WR,CAR,3,ARI,0,0,0,0,0,0,0,0,5,53,1,7,0,0,0,0,0,0,0,0,0,0,,,,,
DAL,DEF,DAL,3,MIA,,,,,,,,,,,,,,,,,,,,,,,0,0,0,0,6.0
DEN,DEF,DEN,3,GB,,,,,,,,,,,,,,,,,,,,,,,0,0,0,0,27.0
DET,DEF,DET,3,PHI,,,,,,,,,,,,,,,,,,,,,,,0,0,0,0,24.0
DJ Chark,WR,JAX,3,TEN,0,0,0,0,0,0,0,0,4,76,1,5,0,0,0,0,0,0,0,0,0,0,,,,,
DJ Moore,WR,CAR,3,ARI,0,0,0,0,0,12,0,1,1,52,1,2,0,0,0,0,0,0,0,0,0,0,,,,,
DK Metcalf,WR,SEA,3,NO,0,0,0,0,0,0,0,0,2,67,0,6,0,0,0,0,0,0,0,0,0,0,,,,,
Dak Prescott,QB,DAL,3,MIA,246,2,32,19,1,7,1,2,0,0,0,0,0,0,0,0,0,0,0,0,0,0,,,,,
Dallas Goedert,TE,PHI,3,DET,0,0,0,0,0,0,0,0,0,0,0,1,0,0,0,0,0,0,0,0,0,0,,,,,
Dalton Schultz,TE,DAL,3,MIA,0,0,0,0,0,0,0,0,0,0,0,0,0,0,0,0,0,0,0,0,0,0,,,,,
Dalvin Cook,RB,MIN,3,LV,0,0,0,0,0,110,1,16,4,33,0,5,0,0,0,0,0,0,0,0,0,0,,,,,
Damiere Byrd,WR,ARI,3,CAR,0,0,0,0,0,0,0,0,2,9,0,4,0,0,0,0,0,0,0,0,0,0,,,,,
Damion Ratley,WR,CLE,3,LA,0,0,0,0,0,0,0,0,3,26,0,5,0,0,0,0,0,0,0,0,0,0,,,,,
Dan Bailey,K,MIN,3,LV,0,0,0,0,0,0,0,0,0,0,0,0,0,0,0,0,1,0,0,1,0,4,,,,,
Daniel Brown,TE,NYJ,3,NE,0,0,0,0,0,0,0,0,0,0,0,0,0,0,0,0,0,0,0,0,0,0,,,,,
Daniel Carlson,K,LV,3,MIN,0,0,0,0,0,0,0,0,0,0,0,0,0,0,0,0,0,0,0,0,0,2,,,,,
Daniel Jones,QB,NYG,3,TB,336,2,36,23,0,28,2,4,0,0,0,0,0,0,1,0,0,0,0,0,0,0,,,,,
Danny Amendola,WR,DET,3,PHI,0,0,0,0,0,0,0,0,4,37,0,5,0,0,0,0,0,0,0,0,0,0,,,,,
Danny Vitale,RB,GB,3,DEN,0,0,0,0,0,0,0,0,1,27,0,1,0,0,0,0,0,0,0,0,0,0,,,,,
Dante Pettis,WR,SF,3,PIT,0,0,0,0,0,0,0,0,4,20,1,5,0,0,0,0,0,0,0,0,0,0,,,,,
Dare Ogunbowale,RB,TB,3,NYG,0,0,0,0,0,0,0,0,3,23,0,3,0,0,0,0,0,0,0,0,0,0,,,,,
Darius Jennings,WR,TEN,3,JAX,0,0,0,0,0,0,0,0,0,0,0,2,0,0,0,0,0,0,0,0,0,0,,,,,
Darius Slayton,WR,NYG,3,TB,0,0,0,0,0,0,0,0,3,82,0,5,0,0,0,0,0,0,0,0,0,0,,,,,
Darrel Williams,RB,KC,3,BAL,0,0,0,0,0,62,0,9,5,47,0,5,0,0,0,0,0,0,0,0,0,0,,,,,
Darren Fells,TE,HOU,3,LAC,0,0,0,0,0,0,0,0,5,49,1,6,0,0,0,0,0,0,0,0,0,0,,,,,
Darren Sproles,RB,PHI,3,DET,0,0,0,0,0,4,0,2,0,0,0,1,0,0,0,0,0,0,0,0,0,0,,,,,
Darren Waller,TE,LV,3,MIN,0,0,0,0,0,7,0,1,13,134,0,14,0,0,0,0,0,0,0,0,0,0,,,,,
Darrius Shepherd,WR,GB,3,DEN,0,0,0,0,0,0,0,0,0,0,0,0,0,0,0,0,0,0,0,0,0,0,,,,,
Darwin Thompson,RB,KC,3,BAL,0,0,0,0,0,8,0,3,0,0,0,0,0,0,0,0,0,0,0,0,0,0,,,,,
Davante Adams,WR,GB,3,DEN,0,0,0,0,0,0,0,0,4,56,0,4,0,0,0,0,0,0,0,0,0,0,,,,,
David Johnson,RB,ARI,3,CAR,0,0,0,0,0,37,0,11,6,28,1,9,0,0,0,0,0,0,0,0,0,0,,,,,
David Montgomery,RB,CHI,3,WAS,0,0,0,0,0,67,0,13,3,14,0,3,0,0,0,0,0,0,0,0,0,0,,,,,
David Moore,WR,SEA,3,NO,0,0,0,0,0,0,0,0,1,29,0,2,0,0,0,0,0,0,0,0,0,0,,,,,
Dawson Knox,TE,BUF,3,CIN,0,0,0,0,0,9,0,1,3,67,1,4,0,0,0,0,0,0,0,0,0,0,,,,,
De'Anthony Thomas,WR,KC,3,BAL,0,0,0,0,0,0,0,0,0,0,0,0,0,0,0,0,0,0,0,0,0,0,,,,,
DeAndre Carter,WR,HOU,3,LAC,0,0,0,0,0,0,0,0,0,0,0,0,0,0,0,0,0,0,0,0,0,0,,,,,
DeAndre Hopkins,WR,HOU,3,LAC,0,0,0,0,0,0,0,0,6,67,0,7,0,0,0,0,0,0,0,0,0,0,,,,,
DeAndre Washington,RB,LV,3,MIN,0,0,0,0,0,22,0,6,0,0,0,0,0,0,0,0,0,0,0,0,0,0,,,,,
DeVante Parker,WR,MIA,3,DAL,0,0,0,0,0,0,0,0,3,56,0,6,0,0,0,0,0,0,0,0,0,0,,,,,
Dede Westbrook,WR,JAX,3,TEN,0,0,0,0,0,4,0,1,5,46,0,9,0,0,0,0,0,0,0,0,0,0,,,,,
Deebo Samuel Sr.,WR,SF,3,PIT,0,0,0,0,0,0,0,0,3,44,0,4,0,0,0,0,0,0,0,0,0,0,,,,,
Delanie Walker,TE,TEN,3,JAX,0,0,0,0,0,0,0,0,7,64,0,9,0,0,0,0,0,0,0,0,0,0,,,,,
Demarcus Robinson,WR,KC,3,BAL,0,0,0,0,0,0,0,0,3,43,1,4,0,0,0,0,0,0,0,0,0,0,,,,,
Demetrius Harris,TE,CLE,3,LA,0,0,0,0,0,0,0,0,1,2,1,2,0,0,0,0,0,0,0,0,0,0,,,,,
Deon Cain,WR,IND,3,ATL,0,0,0,0,0,0,0,0,1,10,0,3,0,0,0,0,0,0,0,0,0,0,,,,,
Deonte Harty,WR,NO,3,SEA,0,0,0,0,0,0,0,0,0,0,0,0,1,0,0,0,0,0,0,0,0,0,,,,,
Derek Carr,QB,LV,3,MIN,242,2,34,27,1,0,0,1,0,0,0,0,0,0,0,0,0,0,0,0,0,0,,,,,
Derrick Henry,RB,TEN,3,JAX,0,0,0,0,0,44,1,17,1,2,0,2,0,0,0,0,0,0,0,0,0,0,,,,,
Deshaun Watson,QB,HOU,3,LAC,351,3,34,25,0,18,0,7,0,0,0,0,0,0,0,0,0,0,0,0,0,0,,,,,
Devin Smith,WR,DAL,3,MIA,0,0,0,0,0,0,0,0,2,39,0,5,0,0,0,0,0,0,0,0,0,0,,,,,
Devonta Freeman,RB,ATL,3,IND,0,0,0,0,0,88,0,16,3,7,0,4,0,0,0,0,0,0,0,0,0,0,,,,,
Dion Lewis,RB,TEN,3,JAX,0,0,0,0,0,13,0,3,1,7,0,1,0,0,0,0,0,0,0,0,0,0,,,,,
Diontae Johnson,WR,PIT,3,SF,0,0,0,0,0,6,0,1,3,52,1,6,0,0,0,0,0,0,0,0,0,0,,,,,
Diontae Spencer,WR,DEN,3,GB,0,0,0,0,0,0,0,0,0,0,0,0,0,0,0,0,0,0,0,0,0,0,,,,,
Dontrell Hilliard,RB,CLE,3,LA,0,0,0,0,0,0,0,0,0,0,0,0,0,0,0,0,0,0,0,0,0,0,,,,,
Dontrelle Inman,WR,LAC,3,HOU,0,0,0,0,0,0,0,0,1,23,0,3,0,0,0,0,0,0,0,0,0,0,,,,,
Duke Johnson,RB,HOU,3,LAC,0,0,0,0,0,2,0,2,2,22,0,3,0,0,0,0,0,0,0,0,0,0,,,,,
Durham Smythe,TE,MIA,3,DAL,0,0,0,0,0,0,0,0,0,0,0,1,0,0,0,0,0,0,0,0,0,0,,,,,
Dustin Hopkins,K,WAS,3,CHI,0,0,0,0,0,0,0,0,0,0,0,0,0,0,0,0,0,1,0,0,0,0,,,,,
Dwayne Washington,RB,NO,3,SEA,0,0,0,0,0,0,0,0,0,0,0,0,0,0,0,0,0,0,0,0,0,0,,,,,
Eddy Pineiro,K,CHI,3,WAS,0,0,0,0,0,0,0,0,0,0,0,0,0,0,0,0,0,1,0,0,0,4,,,,,
Emmanuel Sanders,WR,DEN,3,GB,0,0,0,0,0,0,0,0,2,10,0,5,0,0,0,0,0,0,0,0,0,0,,,,,
Eric Ebron,TE,IND,3,ATL,0,0,0,0,0,0,0,0,3,47,0,4,0,0,0,0,0,0,0,0,0,0,,,,,
Eric Tomlinson,TE,NYG,3,TB,0,0,0,0,0,0,0,0,0,0,0,0,0,0,0,0,0,0,0,0,0,0,,,,,
Evan Engram,TE,NYG,3,TB,0,0,0,0,0,0,0,0,6,113,1,8,0,0,0,0,0,0,0,0,0,0,,,,,
Ezekiel Elliott,RB,DAL,3,MIA,0,0,0,0,0,125,0,19,2,14,0,3,0,0,0,0,0,0,0,0,0,0,,,,,
Foster Moreau,TE,LV,3,MIN,0,0,0,0,0,0,0,0,1,1,0,2,0,0,0,0,0,0,0,0,0,0,,,,,
Frank Gore,RB,BUF,3,CIN,0,0,0,0,0,76,1,14,2,13,0,2,0,0,0,0,0,0,0,0,0,0,,,,,
GB,DEF,GB,3,DEN,,,,,,,,,,,,,,,,,,,,,,,0,0,0,0,16.0
Gardner Minshew,QB,JAX,3,TEN,204,2,30,20,0,18,0,4,0,0,0,0,0,0,0,0,0,0,0,0,0,0,,,,,
Geoff Swaim,TE,JAX,3,TEN,0,0,0,0,0,0,0,0,1,8,0,2,0,0,0,0,0,0,0,0,0,0,,,,,
George Kittle,TE,SF,3,PIT,0,0,0,0,0,0,0,0,6,57,0,8,0,0,0,0,0,0,0,0,0,0,,,,,
Gerald Everett,TE,LA,3,CLE,0,0,0,0,0,0,0,0,2,15,0,2,0,0,0,0,0,0,0,0,0,0,,,,,
Geronimo Allison,WR,GB,3,DEN,0,0,0,0,0,0,0,0,1,-1,0,3,0,0,0,0,0,0,0,0,0,0,,,,,
Giovani Bernard,RB,CIN,3,BUF,0,0,0,0,0,5,0,3,2,7,0,2,0,0,0,0,0,0,0,0,0,0,,,,,
Greg Olsen,TE,CAR,3,ARI,0,0,0,0,0,0,0,0,6,75,2,7,0,0,0,0,0,0,0,0,0,0,,,,,
Greg Zuerlein,K,LA,3,CLE,0,0,0,0,0,0,0,0,0,0,0,0,0,0,0,0,0,1,0,1,0,2,,,,,
Gunner Olszewski,WR,NE,3,NYJ,0,0,0,0,0,0,0,0,0,0,0,0,0,0,0,0,0,0,0,0,0,0,,,,,
Gus Edwards,RB,BAL,3,KC,0,0,0,0,0,53,0,7,2,15,0,2,0,0,0,0,0,0,0,0,0,0,,,,,
HOU,DEF,HOU,3,LAC,,,,,,,,,,,,,,,,,,,,,,,0,0,0,0,20.0
Harrison Butker,K,KC,3,BAL,0,0,0,0,0,0,0,0,0,0,0,0,0,0,0,0,0,1,1,0,0,3,,,,,
Hayden Hurst,TE,BAL,3,KC,0,0,0,0,0,0,0,0,2,14,0,5,0,0,0,0,0,0,0,0,0,0,,,,,
Hunter Renfrow,WR,LV,3,MIN,0,0,0,0,0,0,0,0,3,28,0,4,0,0,0,0,0,0,0,0,0,0,,,,,
IND,DEF,IND,3,ATL,,,,,,,,,,,,,,,,,,,,,,,0,0,0,0,24.0
Irv Smith,TE,MIN,3,LV,0,0,0,0,0,0,0,0,3,60,0,3,0,0,0,0,0,0,0,0,0,0,,,,,
Isaiah McKenzie,WR,BUF,3,CIN,0,0,0,0,0,10,0,3,1,9,0,1,0,0,0,0,0,0,0,0,0,0,,,,,
Ito Smith,RB,ATL,3,IND,0,0,0,0,0,0,0,1,0,0,0,0,0,0,0,0,0,0,0,0,0,0,,,,,
J.D. McKissic,RB,DET,3,PHI,0,0,0,0,0,44,0,1,0,0,0,0,0,0,0,0,0,0,0,0,0,0,,,,,
J.J. Arcega-Whiteside,WR,PHI,3,DET,0,0,0,0,0,0,0,0,1,10,0,3,0,0,0,0,0,0,0,0,0,0,,,,,
J.J. Nelson,WR,LV,3,MIN,0,0,0,0,0,0,0,0,4,36,1,5,0,0,0,0,0,0,0,0,0,0,,,,,
JAX,DEF,JAX,3,TEN,,,,,,,,,,,,,,,,,,,,,,,0,0,0,0,7.0
Jack Doyle,TE,IND,3,ATL,0,0,0,0,0,0,0,0,4,46,0,4,0,0,0,0,0,0,0,0,0,0,,,,,
Jacoby Brissett,QB,IND,3,ATL,310,2,37,28,0,4,0,3,0,0,0,0,0,0,0,0,0,0,0,0,0,0,,,,,
Jake Elliott,K,PHI,3,DET,0,0,0,0,0,0,0,0,0,0,0,0,0,0,0,0,1,0,0,0,0,3,,,,,
Jakeem Grant,WR,MIA,3,DAL,0,0,0,0,0,4,0,1,4,27,0,7,0,0,0,0,0,0,0,0,0,0,,,,,
Jakobi Meyers,WR,NE,3,NYJ,0,0,0,0,0,0,0,0,2,38,0,3,0,0,0,0,0,0,0,0,0,0,,,,,
Jalen Richard,RB,LV,3,MIN,0,0,0,0,0,15,0,2,3,14,0,3,0,0,0,0,0,0,0,0,0,0,,,,,
Jamaal Williams,RB,GB,3,DEN,0,0,0,0,0,59,0,12,2,27,0,2,0,0,0,0,0,0,0,0,0,0,,,,,
Jamal Agnew,WR,DET,3,PHI,0,0,0,0,0,0,0,0,0,0,0,0,1,0,0,0,0,0,0,0,0,0,,,,,
Jameis Winston,QB,TB,3,NYG,380,3,37,23,1,3,0,4,0,0,0,0,0,0,0,0,0,0,0,0,0,0,,,,,
James Conner,RB,PIT,3,SF,0,0,0,0,0,43,0,13,4,14,0,4,0,0,0,0,0,0,0,0,0,0,,,,,
James O'Shaughnessy,TE,JAX,3,TEN,0,0,0,0,0,0,0,0,2,18,1,3,0,0,0,0,0,0,0,0,0,0,,,,,
James Washington,WR,PIT,3,SF,0,0,0,0,0,0,0,0,2,14,0,5,0,0,0,0,0,0,0,0,0,0,,,,,
Jamison Crowder,WR,NYJ,3,NE,0,0,0,0,0,0,0,0,2,25,0,5,0,0,0,0,0,0,0,0,0,0,,,,,
Jamize Olawale,RB,DAL,3,MIA,0,0,0,0,0,0,0,0,0,0,0,0,0,0,0,0,0,0,0,0,0,0,,,,,
Jared Cook,TE,NO,3,SEA,0,0,0,0,0,0,0,0,1,7,0,2,0,0,0,0,0,0,0,0,0,0,,,,,
Jared Goff,QB,LA,3,CLE,268,2,38,24,2,14,0,4,0,0,0,0,0,0,0,0,0,0,0,0,0,0,,,,,
Jarius Wright,WR,CAR,3,ARI,0,0,0,0,0,0,0,0,2,38,0,2,0,0,0,0,0,0,0,0,0,0,,,,,
Jaron Brown,WR,SEA,3,NO,0,0,0,0,0,0,0,0,3,30,0,6,0,0,0,0,0,0,0,0,0,0,,,,,
Jarrett Stidham,QB,NE,3,NYJ,14,0,3,2,1,0,0,0,0,0,0,0,0,0,0,0,0,0,0,0,0,0,,,,,
Jarvis Landry,WR,CLE,3,LA,0,0,0,0,0,0,0,0,3,62,0,9,0,0,0,0,0,0,0,0,0,0,,,,,
Jason Myers,K,SEA,3,NO,0,0,0,0,0,0,0,0,0,0,0,0,0,0,0,0,0,0,0,0,0,3,,,,,
Jason Sanders,K,MIA,3,DAL,0,0,0,0,0,0,0,0,0,0,0,0,0,0,0,0,1,1,0,0,0,0,,,,,
Jason Witten,TE,DAL,3,MIA,0,0,0,0,0,0,0,0,3,54,0,4,0,0,0,0,0,0,0,0,0,0,,,,,
Javon Wims,WR,CHI,3,WAS,0,0,0,0,0,0,0,0,1,8,0,1,0,0,0,0,0,0,0,0,0,0,,,,,
Jeff Heuerman,TE,DEN,3,GB,0,0,0,0,0,0,0,0,2,20,0,2,0,0,0,0,0,0,0,0,0,0,,,,,
Jeff Wilson,RB,SF,3,PIT,0,0,0,0,0,18,2,8,0,0,0,1,0,0,0,0,0,0,0,0,0,0,,,,,
Jeremy Sprinkle,TE,WAS,3,CHI,0,0,0,0,0,0,0,0,2,19,0,4,0,0,0,0,0,0,0,0,0,0,,,,,
Jesse James,TE,DET,3,PHI,0,0,0,0,0,0,0,0,1,13,0,1,0,0,0,0,0,0,0,0,0,0,,,,,
Jimmy Garoppolo,QB,SF,3,PIT,277,1,32,23,2,3,0,6,0,0,0,0,0,0,0,0,0,0,0,0,0,0,,,,,
Jimmy Graham,TE,GB,3,DEN,0,0,0,0,0,0,0,0,0,0,0,1,0,0,0,0,0,0,0,0,0,0,,,,,
JoJo Natson,WR,LA,3,CLE,0,0,0,0,0,0,0,0,0,0,0,0,0,0,0,0,0,0,0,0,0,0,,,,,
Joe Flacco,QB,DEN,3,GB,213,0,29,20,1,5,0,2,0,0,0,0,0,0,0,0,0,0,0,0,0,0,,,,,
Joe Mixon,RB,CIN,3,BUF,0,0,0,0,0,60,0,15,2,34,1,2,0,0,0,0,0,0,0,0,0,0,,,,,
Joey Slye,K,CAR,3,ARI,0,0,0,0,0,0,0,0,0,0,0,0,0,0,0,0,0,1,0,0,0,5,,,,,
John Brown,WR,BUF,3,CIN,0,0,0,0,0,4,0,1,4,51,0,5,0,0,0,0,0,0,0,0,0,0,,,,,
John Ross,WR,CIN,3,BUF,0,0,0,0,0,0,0,0,2,22,0,6,0,0,0,0,0,0,0,0,0,0,,,,,
Johnny Holton,WR,PIT,3,SF,0,0,0,0,0,9,0,1,0,0,0,0,0,0,0,0,0,0,0,0,0,0,,,,,
Jonnu Smith,TE,TEN,3,JAX,0,0,0,0,0,0,0,0,2,20,0,3,0,0,0,0,0,0,0,0,0,0,,,,,
Jordan Akins,TE,HOU,3,LAC,0,0,0,0,0,0,0,0,3,73,2,5,0,0,0,0,0,0,0,0,0,0,,,,,
Jordan Howard,RB,PHI,3,DET,0,0,0,0,0,37,1,11,0,0,0,1,0,0,0,0,0,0,0,0,0,0,,,,,
Jordan Wilkins,RB,IND,3,ATL,0,0,0,0,0,-2,0,3,0,0,0,0,0,0,0,0,0,0,0,0,0,0,,,,,
Josh Allen,QB,BUF,3,CIN,243,1,36,23,1,46,0,9,0,0,0,0,0,0,1,0,0,0,0,0,0,0,,,,,
Josh Bellamy,WR,NYJ,3,NE,0,0,0,0,0,0,0,0,0,0,0,0,0,0,0,0,0,0,0,0,0,0,,,,,
Josh Gordon,WR,NE,3,NYJ,0,0,0,0,0,1,0,1,6,83,0,11,0,0,0,0,0,0,0,0,0,0,,,,,
Josh Hill,TE,NO,3,SEA,0,0,0,0,0,0,0,0,1,4,0,2,0,0,0,0,0,0,0,0,0,0,,,,,
Josh Jacobs,RB,LV,3,MIN,0,0,0,0,0,44,0,10,0,0,0,2,0,0,0,0,0,0,0,0,0,0,,,,,
Josh Lambo,K,JAX,3,TEN,0,0,0,0,0,0,0,0,0,0,0,0,0,0,0,0,0,0,2,0,0,2,,,,,
Josh Reynolds,WR,LA,3,CLE,0,0,0,0,0,0,0,0,0,0,0,2,0,0,0,0,0,0,0,0,0,0,,,,,
Josh Rosen,QB,MIA,3,DAL,200,0,39,18,0,13,0,3,0,0,0,0,0,0,0,0,0,0,0,0,0,0,,,,,
JuJu Smith-Schuster,WR,PIT,3,SF,0,0,0,0,0,0,0,0,3,81,1,7,0,0,0,0,0,0,0,0,0,0,,,,,
Julian Edelman,WR,NE,3,NYJ,0,0,0,0,0,0,0,0,7,62,1,10,0,0,0,0,0,0,0,0,0,0,,,,,
Julio Jones,WR,ATL,3,IND,0,0,0,0,0,0,0,0,8,128,1,9,0,0,0,0,0,0,0,0,0,0,,,,,
Justice Hill,RB,BAL,3,KC,0,0,0,0,0,1,0,1,0,0,0,3,0,0,0,0,0,0,0,0,0,0,,,,,
Justin Hardy,WR,ATL,3,IND,0,0,0,0,0,0,0,0,1,6,0,1,0,0,0,0,0,0,0,0,0,0,,,,,
Justin Jackson,RB,LAC,3,HOU,0,0,0,0,0,26,0,5,4,4,0,4,0,0,0,0,0,0,0,0,0,0,,,,,
Justin Tucker,K,BAL,3,KC,0,0,0,0,0,0,0,0,0,0,0,0,0,0,0,0,0,1,0,0,0,1,,,,,
Justin Watson,WR,TB,3,NYG,0,0,0,0,0,0,0,0,0,0,0,0,0,0,0,0,0,0,0,0,0,0,,,,,
KC,DEF,KC,3,BAL,,,,,,,,,,,,,,,,,,,,,,,0,0,0,0,28.0
Ka'imi Fairbairn,K,HOU,3,LAC,0,0,0,0,0,0,0,0,0,0,0,0,0,0,0,0,0,0,0,0,0,3,,,,,
Kalen Ballage,RB,MIA,3,DAL,0,0,0,0,0,17,0,8,1,10,0,3,0,0,0,0,0,0,0,0,0,0,,,,,
KeeSean Johnson,WR,ARI,3,CAR,0,0,0,0,0,0,0,0,3,13,0,4,0,0,0,0,0,0,0,0,0,0,,,,,
Keenan Allen,WR,LAC,3,HOU,0,0,0,0,0,3,0,1,13,183,2,17,0,0,0,0,0,0,0,0,0,0,,,,,
Kelvin Harmon,WR,WAS,3,CHI,0,0,0,0,0,0,0,0,0,0,0,0,0,0,0,0,0,0,0,0,0,0,,,,,
Kendrick Bourne,WR,SF,3,PIT,0,0,0,0,0,0,0,0,1,22,0,2,0,0,0,0,0,0,0,0,0,0,,,,,
Kenjon Barner,RB,ATL,3,IND,0,0,0,0,0,0,0,0,1,4,0,1,0,0,0,0,0,0,0,0,0,0,,,,,
Kenny Golladay,WR,DET,3,PHI,0,0,0,0,0,0,0,0,2,17,0,8,0,0,0,0,0,0,0,0,0,0,,,,,
Kenny Stills,WR,HOU,3,LAC,0,0,0,0,0,0,0,0,4,89,0,6,0,0,0,0,0,0,0,0,0,0,,,,,
Kenyan Drake,RB,MIA,3,DAL,0,0,0,0,0,38,0,12,3,34,0,6,0,0,0,0,0,0,0,0,0,0,,,,,
Kerryon Johnson,RB,DET,3,PHI,0,0,0,0,0,36,1,20,1,7,0,1,0,0,0,0,0,0,0,0,0,0,,,,,
Kirk Cousins,QB,MIN,3,LV,174,1,21,15,0,16,0,4,0,0,0,0,0,0,0,0,0,0,0,0,0,0,,,,,
Kyle Allen,QB,CAR,3,ARI,261,4,26,19,0,-1,0,3,0,0,0,0,0,0,0,0,0,0,0,0,0,0,,,,,
Kyle Juszczyk,RB,SF,3,PIT,0,0,0,0,0,0,0,0,3,51,0,3,0,0,0,0,0,0,0,0,0,0,,,,,
Kyle Rudolph,TE,MIN,3,LV,0,0,0,0,0,0,0,0,1,11,0,1,0,0,0,0,0,0,0,0,0,0,,,,,
Kyler Murray,QB,ARI,3,CAR,173,2,43,30,2,69,0,8,0,0,0,0,0,0,0,0,0,0,0,0,0,0,,,,,
LA,DEF,LA,3,CLE,,,,,,,,,,,,,,,,,,,,,,,0,0,0,0,13.0
LAC,DEF,LAC,3,HOU,,,,,,,,,,,,,,,,,,,,,,,0,0,0,0,27.0
LV,DEF,LV,3,MIN,,,,,,,,,,,,,,,,,,,,,,,0,0,0,0,0.0
Lamar Jackson,QB,BAL,3,KC,267,0,43,22,0,46,1,8,0,0,0,0,0,0,0,0,0,0,0,0,0,0,,,,,
Lance Kendricks,TE,LAC,3,HOU,0,0,0,0,0,0,0,0,1,13,0,2,0,0,0,0,0,0,0,0,0,0,,,,,
Larry Fitzgerald,WR,ARI,3,CAR,0,0,0,0,0,0,0,0,5,36,1,7,0,0,0,0,0,0,0,0,0,0,,,,,
Latavius Murray,RB,NO,3,SEA,0,0,0,0,0,2,0,2,0,0,0,0,0,0,0,0,0,0,0,0,0,0,,,,,
Le'Veon Bell,RB,NYJ,3,NE,0,0,0,0,0,35,0,18,4,28,0,4,0,0,0,0,0,0,0,0,0,0,,,,,
LeSean McCoy,RB,KC,3,BAL,0,0,0,0,0,54,1,8,3,26,1,3,0,0,0,0,0,0,0,0,0,0,,,,,
Lee Smith,TE,BUF,3,CIN,0,0,0,0,0,0,0,0,0,0,0,1,0,0,0,0,0,0,0,0,0,0,,,,,
Leonard Fournette,RB,JAX,3,TEN,0,0,0,0,0,66,0,15,6,26,0,8,0,0,0,0,0,0,0,0,0,0,,,,,
Logan Thomas,TE,DET,3,PHI,0,0,0,0,0,0,0,0,1,15,0,1,0,0,0,0,0,0,0,0,0,0,,,,,
Luke Falk,QB,NYJ,3,NE,98,0,22,12,1,0,0,0,0,0,0,0,0,0,0,0,0,0,0,0,0,0,,,,,
Luke Stocker,TE,ATL,3,IND,0,0,0,0,0,0,0,0,3,12,0,4,0,0,0,0,0,0,0,0,0,0,,,,,
MIA,DEF,MIA,3,DAL,,,,,,,,,,,,,,,,,,,,,,,0,0,0,0,31.0
MIN,DEF,MIN,3,LV,,,,,,,,,,,,,,,,,,,,,,,0,0,0,0,14.0
Mack Hollins,WR,PHI,3,DET,0,0,0,0,0,0,0,0,4,62,0,7,0,0,0,0,0,0,0,0,0,0,,,,,
Malcolm Brown,RB,LA,3,CLE,0,0,0,0,0,7,0,3,0,0,0,1,0,0,0,0,0,0,0,0,0,0,,,,,
Malik Turner,WR,SEA,3,NO,0,0,0,0,0,0,0,0,2,19,0,3,0,0,0,0,0,0,0,0,0,0,,,,,
Marcedes Lewis,TE,GB,3,DEN,0,0,0,0,0,0,0,0,1,19,0,2,0,0,0,0,0,0,0,0,0,0,,,,,
Marcus Mariota,QB,TEN,3,JAX,304,0,40,23,0,34,0,6,0,0,0,0,0,0,0,0,0,0,0,0,0,0,,,,,
Mark Andrews,TE,BAL,3,KC,0,0,0,0,0,0,0,0,3,15,0,7,0,0,0,0,0,0,0,0,0,0,,,,,
Mark Ingram,RB,BAL,3,KC,0,0,0,0,0,103,3,16,4,32,0,4,0,0,0,0,0,0,0,0,0,0,,,,,
Marlon Mack,RB,IND,3,ATL,0,0,0,0,0,74,1,16,2,14,0,3,0,0,0,0,0,0,0,0,0,0,,,,,
Marquez Valdes-Scantling,WR,GB,3,DEN,0,0,0,0,0,0,0,0,6,99,1,10,0,0,0,0,0,0,0,0,0,0,,,,,
Marquise Brown,WR,BAL,3,KC,0,0,0,0,0,0,0,0,2,49,0,9,0,0,0,0,0,0,0,0,0,0,,,,,
Marquise Goodwin,WR,SF,3,PIT,0,0,0,0,0,0,0,0,2,41,0,2,0,0,0,0,0,0,0,0,0,0,,,,,
Marvin Jones,WR,DET,3,PHI,0,0,0,0,0,0,0,0,6,101,1,9,0,0,0,0,0,0,0,0,0,0,,,,,
Mason Crosby,K,GB,3,DEN,0,0,0,0,0,0,0,0,0,0,0,0,0,0,0,0,0,0,2,0,0,3,,,,,
Mason Rudolph,QB,PIT,3,SF,174,2,27,14,1,15,0,4,0,0,0,0,0,0,0,0,0,0,0,0,0,0,,,,,
Matt Breida,RB,SF,3,PIT,0,0,0,0,0,68,0,14,2,20,0,3,0,0,0,0,0,0,0,0,0,0,,,,,
Matt Bryant,K,ATL,3,IND,0,0,0,0,0,0,0,0,0,0,0,0,0,0,0,0,0,1,0,0,0,3,,,,,
Matt Gay,K,TB,3,NYG,0,0,0,0,0,0,0,0,0,0,0,0,0,0,0,0,2,0,1,1,0,1,,,,,
Matt Prater,K,DET,3,PHI,0,0,0,0,0,0,0,0,0,0,0,0,0,0,0,0,1,1,0,0,0,3,,,,,
Matt Ryan,QB,ATL,3,IND,304,3,34,29,1,3,0,2,0,0,0,0,0,0,0,0,0,0,0,0,0,0,,,,,
Matthew Stafford,QB,DET,3,PHI,201,1,32,18,0,1,0,3,0,0,0,0,0,0,0,0,0,0,0,0,0,0,,,,,
Mecole Hardman,WR,KC,3,BAL,0,0,0,0,0,7,0,1,2,97,1,5,0,0,0,0,0,0,0,0,0,0,,,,,
Michael Crabtree,WR,ARI,3,CAR,0,0,0,0,0,0,0,0,2,9,0,2,0,0,0,0,0,0,0,0,0,0,,,,,
Michael Thomas,WR,NO,3,SEA,0,0,0,0,0,0,0,0,5,54,1,7,0,0,0,0,0,0,0,0,0,0,,,,,
Mike Boone,RB,MIN,3,LV,0,0,0,0,0,28,0,3,0,0,0,0,0,0,0,0,0,0,0,0,0,0,,,,,
Mike Davis,RB,CHI,3,WAS,0,0,0,0,0,2,0,1,0,0,0,0,0,0,0,0,0,0,0,0,0,0,,,,,
Mike Evans,WR,TB,3,NYG,0,0,0,0,0,0,0,0,8,190,3,15,0,0,0,0,0,0,0,0,0,0,,,,,
Mike Gesicki,TE,MIA,3,DAL,0,0,0,0,0,0,0,0,3,9,0,3,0,0,0,0,0,0,0,0,0,0,,,,,
Mike Williams,WR,LAC,3,HOU,0,0,0,0,0,0,0,0,3,45,0,7,0,0,0,0,0,0,0,0,0,0,,,,,
Miles Boykin,WR,BAL,3,KC,0,0,0,0,0,0,0,0,0,0,0,1,0,0,0,0,0,0,0,0,0,0,,,,,
Miles Sanders,RB,PHI,3,DET,0,0,0,0,0,53,0,13,2,73,0,4,0,0,0,0,0,0,0,0,0,0,,,,,
Mitchell Trubisky,QB,CHI,3,WAS,231,3,31,25,1,2,0,1,0,0,0,0,0,0,0,0,0,0,0,0,0,0,,,,,
Mo Alie-Cox,TE,IND,3,ATL,0,0,0,0,0,0,0,0,2,25,0,2,0,0,0,0,0,0,0,0,0,0,,,,,
Mohamed Sanu,WR,ATL,3,IND,0,0,0,0,0,2,0,1,6,75,0,6,0,0,0,0,0,0,0,0,0,0,,,,,
MyCole Pruitt,TE,TEN,3,JAX,0,0,0,0,0,0,0,0,0,0,0,0,0,0,0,0,0,0,0,0,0,0,,,,,
NE,DEF,NE,3,NYJ,,,,,,,,,,,,,,,,,,,,,,,0,0,0,0,14.0
NO,DEF,NO,3,SEA,,,,,,,,,,,,,,,,,,,,,,,0,0,0,0,27.0
NYG,DEF,NYG,3,TB,,,,,,,,,,,,,,,,,,,,,,,0,0,0,0,31.0
NYJ,DEF,NYJ,3,NE,,,,,,,,,,,,,,,,,,,,,,,1,0,0,0,30.0
Nelson Agholor,WR,PHI,3,DET,0,0,0,0,0,0,0,0,8,50,2,12,0,0,0,0,0,0,0,0,0,0,,,,,
Nick Bawden,RB,DET,3,PHI,0,0,0,0,0,0,0,0,1,10,0,1,0,0,0,0,0,0,0,0,0,0,,,,,
Nick Boyle,TE,BAL,3,KC,0,0,0,0,0,0,0,0,4,58,0,5,0,0,0,0,0,0,0,0,0,0,,,,,
Nick Chubb,RB,CLE,3,LA,0,0,0,0,0,96,0,23,4,35,0,7,0,0,0,0,0,0,0,0,0,0,,,,,
Nick O'Leary,TE,MIA,3,DAL,0,0,0,0,0,0,0,0,1,19,0,1,0,0,0,0,0,0,0,0,0,0,,,,,
Nick Vannett,TE,SEA,3,NO,0,0,0,0,0,0,0,0,1,9,0,2,0,0,0,0,0,0,0,0,0,0,,,,,
Noah Fant,TE,DEN,3,GB,0,0,0,0,0,0,0,0,3,37,0,3,0,0,0,0,0,0,0,0,0,0,,,,,
Nyheim Hines,RB,IND,3,ATL,0,0,0,0,0,3,0,2,3,26,0,4,0,0,0,0,0,0,0,0,0,0,,,,,
O.J. Howard,TE,TB,3,NYG,0,0,0,0,0,0,0,0,3,66,0,4,0,0,0,0,0,0,0,0,0,0,,,,,
Odell Beckham Jr.,WR,CLE,3,LA,0,0,0,0,0,0,0,0,6,56,0,9,0,0,0,0,0,0,0,0,0,0,,,,,
PHI,DEF,PHI,3,DET,,,,,,,,,,,,,,,,,,,,,,,0,0,0,0,27.0
PIT,DEF,PIT,3,SF,,,,,,,,,,,,,,,,,,,,,,,0,0,0,0,24.0
Parris Campbell,WR,IND,3,ATL,0,0,0,0,0,0,0,0,3,24,0,3,0,0,0,0,0,0,0,0,0,0,,,,,
Patrick Mahomes,QB,KC,3,BAL,374,3,37,27,0,9,0,4,0,0,0,0,0,0,0,0,0,0,0,0,0,0,,,,,
Paul Richardson,WR,WAS,3,CHI,0,0,0,0,0,0,0,0,8,83,1,9,0,0,0,0,0,0,0,0,0,0,,,,,
Peyton Barber,RB,TB,3,NYG,0,0,0,0,0,48,0,13,2,7,0,2,0,0,0,0,0,0,0,0,0,0,,,,,
Pharaoh Brown,TE,CLE,3,LA,0,0,0,0,0,0,0,0,0,0,0,0,0,0,0,0,0,0,0,0,0,0,,,,,
Philip Rivers,QB,LAC,3,HOU,318,2,46,31,0,9,0,2,0,0,0,0,0,0,0,0,0,0,0,0,0,0,,,,,
Phillip Dorsett,WR,NE,3,NYJ,0,0,0,0,0,12,0,2,6,53,1,7,0,0,0,0,0,0,0,0,0,0,,,,,
Phillip Lindsay,RB,DEN,3,GB,0,0,0,0,0,81,2,21,4,49,0,5,0,0,0,0,0,0,0,0,0,0,,,,,
Preston Williams,WR,MIA,3,DAL,0,0,0,0,0,0,0,0,4,68,0,12,0,0,0,0,0,0,0,0,0,0,,,,,
Raheem Mostert,RB,SF,3,PIT,0,0,0,0,0,79,0,12,0,0,0,1,0,0,0,0,0,0,0,0,0,0,,,,,
Randall Cobb,WR,DAL,3,MIA,0,0,0,0,0,0,0,0,2,23,0,4,0,0,0,0,0,0,0,0,0,0,,,,,
Randy Bullock,K,CIN,3,BUF,0,0,0,0,0,0,0,0,0,0,0,0,0,0,0,0,0,0,1,0,0,2,,,,,
Ray-Ray McCloud,WR,CAR,3,ARI,0,0,0,0,0,0,0,0,0,0,0,0,0,0,0,0,0,0,0,0,0,0,,,,,
Reggie Bonnafon,RB,CAR,3,ARI,0,0,0,0,0,5,0,2,0,0,0,0,0,0,0,0,0,0,0,0,0,0,,,,,
Rex Burkhead,RB,NE,3,NYJ,0,0,0,0,0,47,1,11,6,22,0,7,0,0,0,0,0,0,0,0,0,0,,,,,
Rhett Ellison,TE,NYG,3,TB,0,0,0,0,0,0,0,0,1,3,0,1,0,0,0,0,0,0,0,0,0,0,,,,,
Richie James,WR,SF,3,PIT,0,0,0,0,0,0,0,0,2,22,0,2,0,0,0,0,0,0,0,0,0,0,,,,,
Ricky Seals-Jones,TE,CLE,3,LA,0,0,0,0,0,0,0,0,1,14,0,2,0,0,0,0,0,0,0,0,0,0,,,,,
Robbie Chosen,WR,NYJ,3,NE,0,0,0,0,0,0,0,0,3,11,0,5,0,0,0,0,0,0,0,0,0,0,,,,,
Robbie Gould,K,SF,3,PIT,0,0,0,0,0,0,0,0,0,0,0,0,0,0,0,0,1,0,0,0,0,3,,,,,
Robert Foster,WR,BUF,3,CIN,0,0,0,0,0,0,0,0,0,0,0,1,0,0,0,0,0,0,0,0,0,0,,,,,
Robert Tonyan,TE,GB,3,DEN,0,0,0,0,0,0,0,0,1,4,0,3,0,0,0,0,0,0,0,0,0,0,,,,,
Robert Woods,WR,LA,3,CLE,0,0,0,0,0,18,0,2,3,40,0,8,0,0,0,0,0,0,0,0,0,0,,,,,
Ronald Jones,RB,TB,3,NYG,0,0,0,0,0,80,0,14,1,41,0,1,0,0,0,0,0,0,0,0,0,0,,,,,
Royce Freeman,RB,DEN,3,GB,0,0,0,0,0,63,0,15,4,10,0,5,0,0,0,0,0,0,0,0,0,0,,,,,
Russell Shepard,WR,NYG,3,TB,0,0,0,0,0,0,0,0,1,6,0,5,0,0,0,0,0,0,0,0,0,0,,,,,
Russell Wilson,QB,SEA,3,NO,406,2,50,32,0,51,2,7,0,0,0,0,0,0,0,0,0,0,0,0,0,0,,,,,
Ryan Fitzpatrick,QB,MIA,3,DAL,29,0,2,2,0,0,0,0,0,0,0,0,0,0,0,0,0,0,0,0,0,0,,,,,
Ryan Griffin,TE,NYJ,3,NE,0,0,0,0,0,0,0,0,1,5,0,1,0,0,0,0,0,0,0,0,0,0,,,,,
Ryan Izzo,TE,NE,3,NYJ,0,0,0,0,0,0,0,0,1,41,0,1,0,0,0,0,0,0,0,0,0,0,,,,,
Ryan Switzer,WR,PIT,3,SF,0,0,0,0,0,0,0,0,0,0,0,0,0,0,0,0,0,0,0,0,0,0,,,,,
SEA,DEF,SEA,3,NO,,,,,,,,,,,,,,,,,,,,,,,0,0,0,0,33.0
SF,DEF,SF,3,PIT,,,,,,,,,,,,,,,,,,,,,,,0,0,0,0,20.0
Sam Ficken,K,NYJ,3,NE,0,0,0,0,0,0,0,0,0,0,0,0,0,0,0,0,0,0,0,0,0,2,,,,,
Samaje Perine,RB,CIN,3,BUF,0,0,0,0,0,0,0,0,0,0,0,0,0,0,0,0,0,0,0,0,0,0,,,,,
Sammy Watkins,WR,KC,3,BAL,0,0,0,0,0,0,0,0,5,64,0,8,0,0,0,0,0,0,0,0,0,0,,,,,
Saquon Barkley,RB,NYG,3,TB,0,0,0,0,0,10,0,8,4,27,0,5,0,0,0,0,0,0,0,0,0,0,,,,,
Sean Culkin,TE,LAC,3,HOU,0,0,0,0,0,0,0,0,0,0,0,1,0,0,0,0,0,0,0,0,0,0,,,,,
Sean Mannion,QB,MIN,3,LV,0,0,0,0,0,-2,0,2,0,0,0,0,0,0,0,0,0,0,0,0,0,0,,,,,
Seth Roberts,WR,BAL,3,KC,0,0,0,0,0,0,0,0,2,37,0,2,0,0,0,0,0,0,0,0,0,0,,,,,
Sony Michel,RB,NE,3,NYJ,0,0,0,0,0,11,1,9,0,0,0,1,0,0,0,0,0,0,0,0,0,0,,,,,
Stefon Diggs,WR,MIN,3,LV,0,0,0,0,0,0,0,0,3,15,0,3,0,0,0,0,0,0,0,0,0,0,,,,,
Stephen Gostkowski,K,NE,3,NYJ,0,0,0,0,0,0,0,0,0,0,0,0,0,0,0,0,0,1,0,0,0,3,,,,,
Sterling Shepard,WR,NYG,3,TB,0,0,0,0,0,21,0,2,7,100,1,9,0,0,1,0,0,0,0,0,0,0,,,,,
Steven Hauschka,K,BUF,3,CIN,0,0,0,0,0,0,0,0,0,0,0,0,0,0,0,0,0,1,1,0,0,1,,,,,
Steven Sims,WR,WAS,3,CHI,0,0,0,0,0,0,0,0,2,24,0,2,0,0,0,0,0,0,0,0,0,0,,,,,
T.J. Hockenson,TE,DET,3,PHI,0,0,0,0,0,0,0,0,1,1,0,4,0,0,0,0,0,0,0,0,0,0,,,,,
T.J. Jones,WR,NYG,3,TB,0,0,0,0,0,0,0,0,0,0,0,0,0,0,0,0,0,0,0,0,0,0,,,,,
T.J. Yeldon,RB,BUF,3,CIN,0,0,0,0,0,30,0,8,2,19,0,3,0,0,0,0,0,0,0,0,0,0,,,,,
T.Y. Hilton,WR,IND,3,ATL,0,0,0,0,0,0,0,0,8,65,1,10,0,0,0,0,0,0,0,0,0,0,,,,,
TB,DEF,TB,3,NYG,,,,,,,,,,,,,,,,,,,,,,,0,0,0,0,32.0
TEN,DEF,TEN,3,JAX,,,,,,,,,,,,,,,,,,,,,,,0,0,0,0,20.0
Tajae Sharpe,WR,TEN,3,JAX,0,0,0,0,0,0,0,0,2,70,0,3,0,0,0,0,0,0,0,0,0,0,,,,,
Tarik Cohen,RB,CHI,3,WAS,0,0,0,0,0,-2,0,4,2,26,0,4,0,0,0,0,0,0,0,0,0,0,,,,,
Taylor Gabriel,WR,CHI,3,WAS,0,0,0,0,0,7,0,1,6,75,3,7,0,0,0,0,0,0,0,0,0,0,,,,,
Taysom Hill,TE,NO,3,SEA,0,0,0,0,0,5,0,1,1,5,0,1,0,0,0,0,0,0,0,0,0,0,,,,,
Ted Ginn,WR,NO,3,SEA,0,0,0,0,0,0,0,0,2,15,0,5,0,0,0,0,0,0,0,0,0,0,,,,,
Teddy Bridgewater,QB,NO,3,SEA,177,2,27,19,0,12,0,3,0,0,0,0,0,0,0,0,0,0,0,0,0,0,,,,,
Terry McLaurin,WR,WAS,3,CHI,0,0,0,0,0,0,0,0,6,70,1,8,0,0,0,0,0,0,0,0,0,0,,,,,
Todd Gurley,RB,LA,3,CLE,0,0,0,0,0,43,0,14,0,0,0,1,0,0,0,0,0,0,0,0,0,0,,,,,
Tom Brady,QB,NE,3,NYJ,306,2,42,28,0,-1,0,2,0,0,0,0,0,0,0,0,0,0,0,0,0,0,,,,,
Tommy Sweeney,TE,BUF,3,CIN,0,0,0,0,0,0,0,0,1,3,0,3,0,0,0,0,0,0,0,0,0,0,,,,,
Tony Pollard,RB,DAL,3,MIA,0,0,0,0,0,103,1,13,3,25,0,3,0,0,0,0,0,0,0,0,0,0,,,,,
Travis Benjamin,WR,LAC,3,HOU,0,0,0,0,0,0,0,0,2,5,0,5,0,0,0,0,0,0,0,0,0,0,,,,,
Travis Kelce,TE,KC,3,BAL,0,0,0,0,0,0,0,0,7,89,0,8,0,0,0,0,0,0,0,0,0,0,,,,,
Trent Sherfield,WR,ARI,3,CAR,0,0,0,0,0,0,0,0,0,0,0,1,0,0,0,0,0,0,0,0,0,0,,,,,
Trey Burton,TE,CHI,3,WAS,0,0,0,0,0,0,0,0,4,20,0,4,0,0,0,0,0,0,0,0,0,0,,,,,
Trey Quinn,WR,WAS,3,CHI,0,0,0,0,0,0,0,0,5,30,0,7,0,0,0,0,0,0,0,0,0,0,,,,,
Ty Johnson,RB,DET,3,PHI,0,0,0,0,0,5,0,4,1,0,0,2,0,0,0,0,0,0,0,0,0,0,,,,,
Ty Montgomery,WR,NYJ,3,NE,0,0,0,0,0,1,0,2,0,0,0,1,0,0,0,0,0,0,0,0,0,0,,,,,
Tyler Boyd,WR,CIN,3,BUF,0,0,0,0,0,0,0,0,6,68,0,11,0,0,0,0,0,0,0,0,0,0,,,,,
Tyler Eifert,TE,CIN,3,BUF,0,0,0,0,0,0,0,0,1,18,0,1,0,0,0,0,0,0,0,0,0,0,,,,,
Tyler Lockett,WR,SEA,3,NO,0,0,0,0,0,0,0,0,11,154,1,14,0,0,0,0,0,0,0,0,0,0,,,,,
Tyrell Williams,WR,LV,3,MIN,0,0,0,0,0,0,0,0,3,29,1,3,0,0,0,0,0,0,0,0,0,0,,,,,
Vance McDonald,TE,PIT,3,SF,0,0,0,0,0,0,0,0,1,10,0,2,0,0,0,0,0,0,0,0,0,0,,,,,
Vernon Davis,TE,WAS,3,CHI,0,0,0,0,0,0,0,0,2,30,0,4,0,0,0,0,0,0,0,0,0,0,,,,,
WAS,DEF,WAS,3,CHI,,,,,,,,,,,,,,,,,,,,,,,0,0,0,0,31.0
Wayne Gallman,RB,NYG,3,TB,0,0,0,0,0,13,0,5,0,0,0,0,0,0,0,0,0,0,0,0,0,0,,,,,
Wendell Smallwood,RB,WAS,3,CHI,0,0,0,0,0,0,0,0,0,0,0,0,0,0,0,0,0,0,0,0,0,0,,,,,
Wil Lutz,K,NO,3,SEA,0,0,0,0,0,0,0,0,0,0,0,0,0,0,0,0,0,0,0,0,0,3,,,,,
Will Dissly,TE,SEA,3,NO,0,0,0,0,0,0,0,0,6,62,1,7,0,0,0,0,0,0,0,0,0,0,,,,,
Will Fuller,WR,HOU,3,LAC,0,0,0,0,0,0,0,0,5,51,0,7,0,0,0,0,0,0,0,0,0,0,,,,,
Willie Snead,WR,BAL,3,KC,0,0,0,0,0,0,0,0,3,47,0,5,0,0,0,0,0,0,0,0,0,0,,,,,
Xavier Grimble,TE,PIT,3,SF,0,0,0,0,0,0,0,0,1,3,0,2,0,0,0,0,0,0,0,0,0,0,,,,,
Zach Ertz,TE,PHI,3,DET,0,0,0,0,0,0,0,0,4,64,0,7,0,0,0,0,0,0,0,0,0,0,,,,,
Zach Gentry,TE,PIT,3,SF,0,0,0,0,0,0,0,0,0,0,0,0,0,0,0,0,0,0,0,0,0,0,,,,,
Zach Pascal,WR,IND,3,ATL,0,0,0,0,0,0,0,0,2,53,1,3,0,0,0,0,0,0,0,0,0,0,,,,,
Zane Gonzalez,K,ARI,3,CAR,0,0,0,0,0,0,0,0,0,0,0,0,0,0,0,0,0,1,1,0,0,2,,,,,
Zay Jones,WR,BUF,3,CIN,0,0,0,0,0,0,0,0,2,33,0,3,0,0,0,0,0,0,0,0,0,0,,,,,
A.J. Brown,WR,TEN,4,ATL,0,0,0,0,0,0,0,0,3,94,2,3,0,0,0,0,0,0,0,0,0,0,,,,,
ARI,DEF,ARI,4,SEA,,,,,,,,,,,,,,,,,,,,,,,0,0,0,0,27.0
ATL,DEF,ATL,4,TEN,,,,,,,,,,,,,,,,,,,,,,,0,0,0,0,24.0
Aaron Jones,RB,GB,4,PHI,0,0,0,0,0,21,1,13,6,37,0,7,0,0,0,0,0,0,0,0,0,0,,,,,
Aaron Rodgers,QB,GB,4,PHI,422,2,53,34,1,46,0,5,0,0,0,0,0,0,0,0,0,0,0,0,0,0,,,,,
Adam Humphries,WR,TEN,4,ATL,0,0,0,0,0,0,0,0,2,15,0,3,0,0,0,0,0,0,0,0,0,0,,,,,
Adam Shaheen,TE,CHI,4,MIN,0,0,0,0,0,0,0,0,2,13,0,2,0,0,0,0,0,0,0,0,0,0,,,,,
Adam Thielen,WR,MIN,4,CHI,0,0,0,0,0,0,0,0,2,6,0,6,0,0,0,0,0,0,0,0,0,0,,,,,
Adam Vinatieri,K,IND,4,LV,0,0,0,0,0,0,0,0,0,0,0,0,0,0,0,0,1,0,0,0,0,3,,,,,
Adrian Peterson,RB,WAS,4,NYG,0,0,0,0,0,28,0,11,0,0,0,0,0,0,0,0,0,0,0,0,0,0,,,,,
Aldrick Rosas,K,NYG,4,WAS,0,0,0,0,0,0,0,0,0,0,0,0,0,0,0,0,0,1,0,0,0,3,,,,,
Alex Erickson,WR,CIN,4,PIT,0,0,0,0,0,0,0,0,0,0,0,0,0,0,0,0,0,0,0,0,0,0,,,,,
Alexander Mattison,RB,MIN,4,CHI,0,0,0,0,0,5,0,2,1,8,0,1,0,0,0,0,0,0,0,0,0,0,,,,,
Allen Robinson,WR,CHI,4,MIN,0,0,0,0,0,0,0,0,7,77,0,7,0,0,0,0,0,0,0,0,0,0,,,,,
Alshon Jeffery,WR,PHI,4,GB,0,0,0,0,0,0,0,0,3,38,1,9,0,0,0,0,0,0,0,0,0,0,,,,,
Alvin Kamara,RB,NO,4,DAL,0,0,0,0,0,69,0,17,3,20,0,3,0,0,0,0,0,0,0,0,0,0,,,,,
Amari Cooper,WR,DAL,4,NO,0,0,0,0,0,0,0,0,5,48,0,8,0,0,0,0,0,0,0,0,0,0,,,,,
Ameer Abdullah,RB,MIN,4,CHI,0,0,0,0,0,0,0,0,2,14,0,3,0,0,0,0,0,0,0,0,0,0,,,,,
Andre Patton,WR,LAC,4,MIA,0,0,0,0,0,0,0,0,2,22,0,4,0,0,0,0,0,0,0,0,0,0,,,,,
Andre Roberts,WR,BUF,4,NE,0,0,0,0,0,0,0,0,1,6,0,1,0,0,0,0,0,0,0,0,0,0,,,,,
Andy Dalton,QB,CIN,4,PIT,171,0,37,21,1,8,0,3,0,0,0,0,0,0,0,0,0,0,0,0,0,0,,,,,
Andy Isabella,WR,ARI,4,SEA,0,0,0,0,0,5,0,1,0,0,0,0,0,0,0,0,0,0,0,0,0,0,,,,,
Anthony Miller,WR,CHI,4,MIN,0,0,0,0,0,0,0,0,2,11,0,3,0,0,0,0,0,0,0,0,0,0,,,,,
Ashton Dulin,WR,IND,4,LV,0,0,0,0,0,0,0,0,0,0,0,0,0,0,0,0,0,0,0,0,0,0,,,,,
Auden Tate,WR,CIN,4,PIT,0,0,0,0,0,0,0,0,4,50,0,6,0,0,0,0,0,0,0,0,0,0,,,,,
Austin Ekeler,RB,LAC,4,MIA,0,0,0,0,0,60,1,18,5,62,1,5,0,0,0,0,0,0,0,0,0,0,,,,,
Austin Hooper,TE,ATL,4,TEN,0,0,0,0,0,0,0,0,9,130,0,11,0,0,0,0,0,0,0,0,0,0,,,,,
Austin Seibert,K,CLE,4,BAL,0,0,0,0,0,0,0,0,0,0,0,0,0,0,0,0,1,0,1,0,0,4,,,,,
BAL,DEF,BAL,4,CLE,,,,,,,,,,,,,,,,,,,,,,,0,0,0,0,40.0
BUF,DEF,BUF,4,NE,,,,,,,,,,,,,,,,,,,,,,,0,0,0,0,16.0
Baker Mayfield,QB,CLE,4,BAL,342,1,30,20,1,1,0,3,0,0,0,0,0,0,0,0,0,0,0,0,0,0,,,,,
Bennie Fowler,WR,NYG,4,WAS,0,0,0,0,0,0,0,0,1,3,0,2,0,0,0,0,0,0,0,0,0,0,,,,,
Benny Snell,RB,PIT,4,CIN,0,0,0,0,0,1,0,2,0,0,0,1,0,0,0,0,0,0,0,0,0,0,,,,,
Bisi Johnson,WR,MIN,4,CHI,0,0,0,0,0,0,0,0,4,35,0,4,0,0,0,0,0,0,0,0,0,0,,,,,
Blake Bell,TE,KC,4,DET,0,0,0,0,0,0,0,0,0,0,0,0,0,0,0,0,0,0,0,0,0,0,,,,,
Blake Jarwin,TE,DAL,4,NO,0,0,0,0,0,0,0,0,3,49,0,3,0,0,0,0,0,0,0,0,0,0,,,,,
Bobo Wilson,WR,TB,4,LA,0,0,0,0,0,0,0,0,1,14,0,4,0,0,0,0,0,0,0,0,0,0,,,,,
Brandin Cooks,WR,LA,4,TB,0,0,0,0,0,0,0,0,6,71,0,9,0,0,0,0,0,0,0,0,0,0,,,,,
Brandon Bolden,RB,NE,4,BUF,0,0,0,0,0,4,1,1,0,0,0,0,0,0,0,0,0,0,0,0,0,0,,,,,
Brandon McManus,K,DEN,4,JAX,0,0,0,0,0,0,0,0,0,0,0,0,0,0,0,0,0,1,0,0,0,3,,,,,
Breshad Perriman,WR,TB,4,LA,0,0,0,0,0,0,0,0,0,0,0,1,0,0,0,0,0,0,0,0,0,0,,,,,
Brett Maher,K,DAL,4,NO,0,0,0,0,0,0,0,0,0,0,0,0,0,0,0,0,1,0,0,0,0,1,,,,,
Byron Pringle,WR,KC,4,DET,0,0,0,0,0,0,0,0,1,13,0,1,0,0,0,0,0,0,0,0,0,0,,,,,
C.J. Prosise,RB,SEA,4,ARI,0,0,0,0,0,4,1,3,0,0,0,0,0,0,0,0,0,0,0,0,0,0,,,,,
C.J. Uzomah,TE,CIN,4,PIT,0,0,0,0,0,0,0,0,0,0,0,1,0,0,0,0,0,0,0,0,0,0,,,,,
CAR,DEF,CAR,4,HOU,,,,,,,,,,,,,,,,,,,,,,,0,0,0,0,10.0
CHI,DEF,CHI,4,MIN,,,,,,,,,,,,,,,,,,,,,,,0,0,0,0,6.0
CIN,DEF,CIN,4,PIT,,,,,,,,,,,,,,,,,,,,,,,0,0,0,0,27.0
CLE,DEF,CLE,4,BAL,,,,,,,,,,,,,,,,,,,,,,,0,0,0,0,25.0
Cairo Santos,K,TEN,4,ATL,0,0,0,0,0,0,0,0,0,0,0,0,0,0,0,0,0,0,1,0,0,3,,,,,
Calvin Ridley,WR,ATL,4,TEN,0,0,0,0,0,0,0,0,3,32,0,6,0,0,0,0,0,0,0,0,0,0,,,,,
Cameron Brate,TE,TB,4,LA,0,0,0,0,0,0,0,0,3,36,1,3,0,0,0,0,0,0,0,0,0,0,,,,,
Carlos Hyde,RB,HOU,4,CAR,0,0,0,0,0,58,0,12,4,6,0,5,0,0,0,0,0,0,0,0,0,0,,,,,
Carson Wentz,QB,PHI,4,GB,160,3,27,16,0,13,0,6,0,0,0,0,0,0,0,0,0,0,0,0,0,0,,,,,
Case Keenum,QB,WAS,4,NYG,37,0,11,6,1,0,0,0,0,0,0,0,0,0,0,0,0,0,0,0,0,0,,,,,
Charles Clay,TE,ARI,4,SEA,0,0,0,0,0,0,0,0,1,3,0,2,0,0,0,0,0,0,0,0,0,0,,,,,
Chase Daniel,QB,CHI,4,MIN,195,1,30,22,0,4,0,5,0,0,0,0,0,0,0,0,0,0,0,0,0,0,,,,,
Chase Edmonds,RB,ARI,4,SEA,0,0,0,0,0,37,0,6,0,0,0,0,0,0,0,0,0,0,0,0,0,0,,,,,
Chester Rogers,WR,IND,4,LV,0,0,0,0,0,0,0,0,3,48,1,6,0,0,0,0,0,0,0,0,0,0,,,,,
Chris Boswell,K,PIT,4,CIN,0,0,0,0,0,0,0,0,0,0,0,0,0,0,0,0,1,0,1,0,0,3,,,,,
Chris Carson,RB,SEA,4,ARI,0,0,0,0,0,104,0,22,4,41,0,4,0,0,0,0,0,0,0,0,0,0,,,,,
Chris Conley,WR,JAX,4,DEN,0,0,0,0,0,0,0,0,1,17,0,4,0,0,0,0,0,0,0,0,0,0,,,,,
Chris Godwin Jr.,WR,TB,4,LA,0,0,0,0,0,0,0,0,12,172,2,14,0,0,0,0,0,0,0,0,0,0,,,,,
Chris Hogan,WR,CAR,4,HOU,0,0,0,0,0,0,0,0,1,6,0,1,0,0,0,0,0,0,0,0,0,0,,,,,
Chris Moore,WR,BAL,4,CLE,0,0,0,0,0,0,0,0,0,0,0,1,0,0,0,0,0,0,0,0,0,0,,,,,
Chris Thompson,RB,WAS,4,NYG,0,0,0,0,0,4,0,4,4,56,0,5,0,0,0,0,0,0,0,0,0,0,,,,,
Christian Kirk,WR,ARI,4,SEA,0,0,0,0,0,6,0,1,4,37,0,5,0,0,0,0,0,0,0,0,0,0,,,,,
Christian McCaffrey,RB,CAR,4,HOU,0,0,0,0,0,93,1,27,10,86,0,10,0,0,0,0,0,0,0,0,0,0,,,,,
Cody Core,WR,NYG,4,WAS,0,0,0,0,0,0,0,0,0,0,0,0,0,0,0,0,0,0,0,0,0,0,,,,,
Cody Latimer,WR,NYG,4,WAS,0,0,0,0,0,0,0,0,0,0,0,0,0,0,0,0,0,0,0,0,0,0,,,,,
Cole Beasley,WR,BUF,4,NE,0,0,0,0,0,0,0,0,7,75,0,13,0,0,0,0,0,0,0,0,0,0,,,,,
Cooper Kupp,WR,LA,4,TB,0,0,0,0,0,-2,0,1,9,121,1,15,0,0,0,0,0,0,0,0,0,0,,,,,
Cordarrelle Patterson,RB,CHI,4,MIN,0,0,0,0,0,4,0,2,1,3,0,1,0,0,0,0,0,0,0,0,0,0,,,,,
Corey Davis,WR,TEN,4,ATL,0,0,0,0,0,0,0,0,5,91,1,6,0,0,0,0,0,0,0,0,0,0,,,,,
Courtland Sutton,WR,DEN,4,JAX,0,0,0,0,0,0,0,0,6,62,2,9,0,0,0,0,0,0,0,0,0,0,,,,,
Curtis Samuel,WR,CAR,4,HOU,0,0,0,0,0,1,0,1,3,32,0,7,0,0,0,0,0,0,0,0,0,0,,,,,
D'Ernest Johnson,RB,CLE,4,BAL,0,0,0,0,0,0,0,0,0,0,0,0,0,0,0,0,0,0,0,0,0,0,,,,,
DAL,DEF,DAL,4,NO,,,,,,,,,,,,,,,,,,,,,,,0,0,0,0,12.0
DEN,DEF,DEN,4,JAX,,,,,,,,,,,,,,,,,,,,,,,0,0,0,0,26.0
DET,DEF,DET,4,KC,,,,,,,,,,,,,,,,,,,,,,,0,0,0,0,34.0
DJ Chark,WR,JAX,4,DEN,0,0,0,0,0,0,0,0,4,44,0,8,0,0,0,0,0,0,0,0,0,0,,,,,
DJ Moore,WR,CAR,4,HOU,0,0,0,0,0,0,0,0,3,44,0,5,0,0,0,0,0,0,0,0,0,0,,,,,
DK Metcalf,WR,SEA,4,ARI,0,0,0,0,0,0,0,0,1,6,0,4,0,0,0,0,0,0,0,0,0,0,,,,,
DaeSean Hamilton,WR,DEN,4,JAX,0,0,0,0,0,0,0,0,3,57,0,5,0,0,0,0,0,0,0,0,0,0,,,,,
Dak Prescott,QB,DAL,4,NO,223,0,33,22,1,7,0,1,0,0,0,0,0,0,0,0,0,0,0,0,0,0,,,,,
Dallas Goedert,TE,PHI,4,GB,0,0,0,0,0,0,0,0,2,16,1,3,0,0,0,0,0,0,0,0,0,0,,,,,
Dalvin Cook,RB,MIN,4,CHI,0,0,0,0,0,35,1,14,6,35,0,8,0,0,0,0,0,0,0,0,0,0,,,,,
Damion Ratley,WR,CLE,4,BAL,0,0,0,0,0,0,0,0,1,10,0,3,0,0,0,0,0,0,0,0,0,0,,,,,
Damion Willis,WR,CIN,4,PIT,0,0,0,0,0,0,0,0,1,8,0,1,0,0,0,0,0,0,0,0,0,0,,,,,
Dan Bailey,K,MIN,4,CHI,0,0,0,0,0,0,0,0,0,0,0,0,0,0,0,0,0,0,0,0,0,0,,,,,
Daniel Carlson,K,LV,4,IND,0,0,0,0,0,0,0,0,0,0,0,0,0,0,0,0,1,0,0,0,0,4,,,,,
Daniel Jones,QB,NYG,4,WAS,225,1,31,23,2,33,0,5,0,0,0,0,0,0,0,0,0,0,0,0,0,0,,,,,
Danny Vitale,RB,GB,4,PHI,0,0,0,0,0,3,0,1,2,15,0,3,0,0,0,0,0,0,0,0,0,0,,,,,
Dare Ogunbowale,RB,TB,4,LA,0,0,0,0,0,0,0,1,3,16,0,4,0,0,0,0,0,0,0,0,0,0,,,,,
Darius Jennings,WR,TEN,4,ATL,0,0,0,0,0,0,0,0,1,6,0,1,0,0,0,0,0,0,0,0,0,0,,,,,
Darius Slayton,WR,NYG,4,WAS,0,0,0,0,0,0,0,0,2,13,0,2,0,0,0,0,0,0,0,0,0,0,,,,,
Darrel Williams,RB,KC,4,DET,0,0,0,0,0,13,2,8,3,43,0,4,0,0,0,0,0,0,0,0,0,0,,,,,
Darren Fells,TE,HOU,4,CAR,0,0,0,0,0,0,0,0,1,12,0,1,0,0,0,0,0,0,0,0,0,0,,,,,
Darren Sproles,RB,PHI,4,GB,0,0,0,0,0,4,0,1,0,0,0,0,0,0,0,0,0,0,0,0,0,0,,,,,
Darren Waller,TE,LV,4,IND,0,0,0,0,0,0,0,0,7,53,0,8,0,0,0,0,0,0,0,0,0,0,,,,,
Darrius Shepherd,WR,GB,4,PHI,0,0,0,0,0,0,0,0,0,0,0,0,0,0,0,0,0,0,0,0,0,0,,,,,
Davante Adams,WR,GB,4,PHI,0,0,0,0,0,0,0,0,10,180,0,15,0,0,0,0,0,0,0,0,0,0,,,,,
David Johnson,RB,ARI,4,SEA,0,0,0,0,0,40,0,11,8,99,0,11,0,0,0,0,0,0,0,0,0,0,,,,,
David Montgomery,RB,CHI,4,MIN,0,0,0,0,0,53,0,21,3,14,0,5,0,0,0,0,0,0,0,0,0,0,,,,,
David Moore,WR,SEA,4,ARI,0,0,0,0,0,0,0,0,1,9,0,2,0,0,0,0,0,0,0,0,0,0,,,,,
Dawson Knox,TE,BUF,4,NE,0,0,0,0,0,0,0,0,3,58,0,3,0,0,0,0,0,0,0,0,0,0,,,,,
De'Anthony Thomas,WR,KC,4,DET,0,0,0,0,0,0,0,0,0,0,0,0,0,0,0,0,0,0,0,0,0,0,,,,,
DeAndre Carter,WR,HOU,4,CAR,0,0,0,0,0,0,0,0,0,0,0,0,0,0,0,0,0,0,0,0,0,0,,,,,
DeAndre Hopkins,WR,HOU,4,CAR,0,0,1,0,1,0,0,0,5,41,0,8,0,0,0,0,0,0,0,0,0,0,,,,,
DeAndre Washington,RB,LV,4,IND,0,0,0,0,0,18,0,6,2,8,0,3,0,0,0,0,0,0,0,0,0,0,,,,,
DeVante Parker,WR,MIA,4,LAC,0,0,0,0,0,0,0,0,4,70,1,4,0,0,0,0,0,0,0,0,0,0,,,,,
Dede Westbrook,WR,JAX,4,DEN,0,0,0,0,0,0,0,0,5,66,0,6,0,0,0,0,0,0,0,0,0,0,,,,,
Delanie Walker,TE,TEN,4,ATL,0,0,0,0,0,0,0,0,1,4,0,2,0,0,0,0,0,0,0,0,0,0,,,,,
Demarcus Robinson,WR,KC,4,DET,0,0,0,0,0,0,0,0,4,35,0,9,0,0,0,0,0,0,0,0,0,0,,,,,
Demetrius Harris,TE,CLE,4,BAL,0,0,0,0,0,0,0,0,0,0,0,0,0,0,0,0,0,0,0,0,0,0,,,,,
Deon Cain,WR,IND,4,LV,0,0,0,0,0,0,0,0,0,0,0,5,0,0,0,0,0,0,0,0,0,0,,,,,
Deon Yelder,TE,KC,4,DET,0,0,0,0,0,0,0,0,2,43,0,2,0,0,0,0,0,0,0,0,0,0,,,,,
Deonte Harty,WR,NO,4,DAL,0,0,0,0,0,10,0,1,0,0,0,0,0,0,0,0,0,0,0,0,0,0,,,,,
Derek Carr,QB,LV,4,IND,189,2,31,21,0,-1,0,2,0,0,0,0,0,0,0,0,0,0,0,0,0,0,,,,,
Derek Carrier,TE,LV,4,IND,0,0,0,0,0,0,0,0,0,0,0,0,0,0,0,0,0,0,0,0,0,0,,,,,
Derrick Henry,RB,TEN,4,ATL,0,0,0,0,0,100,0,27,1,8,0,1,0,0,0,0,0,0,0,0,0,0,,,,,
Deshaun Watson,QB,HOU,4,CAR,160,0,33,21,0,12,1,3,0,0,0,0,0,0,0,0,0,0,0,0,0,0,,,,,
Devin Smith,WR,DAL,4,NO,0,0,0,0,0,0,0,0,0,0,0,1,0,0,0,0,0,0,0,0,0,0,,,,,
Devonta Freeman,RB,ATL,4,TEN,0,0,0,0,0,28,0,12,8,72,0,9,0,0,0,0,0,0,0,0,0,0,,,,,
Devontae Booker,RB,DEN,4,JAX,0,0,0,0,0,0,0,0,0,0,0,0,0,0,0,0,0,0,0,0,0,0,,,,,
Dion Lewis,RB,TEN,4,ATL,0,0,0,0,0,16,0,4,4,4,0,5,0,0,0,0,0,0,0,0,0,0,,,,,
Diontae Johnson,WR,PIT,4,CIN,0,0,0,0,0,0,0,0,6,77,1,6,0,0,0,0,0,0,0,0,0,0,,,,,
Diontae Spencer,WR,DEN,4,JAX,0,0,0,0,0,0,0,0,1,8,0,1,0,0,0,0,0,0,0,0,0,0,,,,,
Dontrell Hilliard,RB,CLE,4,BAL,0,0,0,0,0,27,1,6,2,27,0,3,0,0,0,0,0,0,0,0,0,0,,,,,
Dontrelle Inman,WR,LAC,4,MIA,0,0,0,0,0,0,0,0,5,76,0,7,0,0,0,0,0,0,0,0,0,0,,,,,
Duke Johnson,RB,HOU,4,CAR,0,0,0,0,0,56,0,6,2,22,0,3,0,0,0,0,0,0,0,0,0,0,,,,,
Durham Smythe,TE,MIA,4,LAC,0,0,0,0,0,0,0,0,0,0,0,0,0,0,0,0,0,0,0,0,0,0,,,,,
Dustin Hopkins,K,WAS,4,NYG,0,0,0,0,0,0,0,0,0,0,0,0,0,0,0,0,1,0,0,0,0,0,,,,,
Dwayne Haskins,QB,WAS,4,NYG,107,0,17,9,3,23,0,2,0,0,0,0,0,0,0,0,0,0,0,0,0,0,,,,,
Eddy Pineiro,K,CHI,4,MIN,0,0,0,0,0,0,0,0,0,0,0,0,0,0,0,0,1,2,0,0,0,1,,,,,
Emmanuel Sanders,WR,DEN,4,JAX,0,0,0,0,0,0,0,0,5,104,0,9,0,0,0,0,0,0,0,0,0,0,,,,,
Eric Ebron,TE,IND,4,LV,0,0,0,0,0,0,0,0,1,48,1,5,0,0,0,0,0,0,0,0,0,0,,,,,
Evan Engram,TE,NYG,4,WAS,0,0,0,0,0,0,0,0,4,54,0,7,0,0,0,0,0,0,0,0,0,0,,,,,
Ezekiel Elliott,RB,DAL,4,NO,0,0,0,0,0,35,1,18,6,30,0,7,0,0,0,0,0,0,0,0,0,0,,,,,
Foster Moreau,TE,LV,4,IND,0,0,0,0,0,0,0,0,3,30,1,3,0,0,0,0,0,0,0,0,0,0,,,,,
Frank Gore,RB,BUF,4,NE,0,0,0,0,0,109,0,17,0,0,0,1,0,0,0,0,0,0,0,0,0,0,,,,,
Fred Brown,WR,DEN,4,JAX,0,0,0,0,0,0,0,0,0,0,0,0,0,0,0,0,0,0,0,0,0,0,,,,,
GB,DEF,GB,4,PHI,,,,,,,,,,,,,,,,,,,,,,,0,0,0,0,34.0
Gardner Minshew,QB,JAX,4,DEN,213,2,33,19,0,2,0,1,0,0,0,0,0,0,0,0,0,0,0,0,0,0,,,,,
Geoff Swaim,TE,JAX,4,DEN,0,0,0,0,0,0,0,0,3,17,0,4,0,0,0,0,0,0,0,0,0,0,,,,,
Gerald Everett,TE,LA,4,TB,0,0,0,0,0,0,0,0,5,44,1,8,0,0,0,0,0,0,0,0,0,0,,,,,
Geremy Davis,WR,LAC,4,MIA,0,0,0,0,0,0,0,0,2,25,0,2,0,0,0,0,0,0,0,0,0,0,,,,,
Geronimo Allison,WR,GB,4,PHI,0,0,0,0,0,7,0,1,3,52,1,4,0,0,0,0,0,0,0,0,0,0,,,,,
Giovani Bernard,RB,CIN,4,PIT,0,0,0,0,0,3,0,1,4,16,0,6,0,0,0,0,0,0,0,0,0,0,,,,,
Greg Olsen,TE,CAR,4,HOU,0,0,0,0,0,0,0,0,2,5,0,4,0,0,0,0,0,0,0,0,0,0,,,,,
Greg Zuerlein,K,LA,4,TB,0,0,0,0,0,0,0,0,0,0,0,0,0,0,0,0,0,0,1,1,0,4,,,,,
Gunner Olszewski,WR,NE,4,BUF,0,0,0,0,0,0,0,0,0,0,0,0,0,0,0,0,0,0,0,0,0,0,,,,,
Gus Edwards,RB,BAL,4,CLE,0,0,0,0,0,28,0,6,1,8,0,1,0,0,0,0,0,0,0,0,0,0,,,,,
HOU,DEF,HOU,4,CAR,,,,,,,,,,,,,,,,,,,,,,,0,0,0,0,16.0
Harrison Butker,K,KC,4,DET,0,0,0,0,0,0,0,0,0,0,0,0,0,0,0,0,1,0,1,0,0,4,,,,,
Hayden Hurst,TE,BAL,4,CLE,0,0,0,0,0,0,0,0,2,39,0,2,0,0,0,0,0,0,0,0,0,0,,,,,
Hunter Renfrow,WR,LV,4,IND,0,0,0,0,0,0,0,0,2,18,0,3,0,0,0,0,0,0,0,0,0,0,,,,,
IND,DEF,IND,4,LV,,,,,,,,,,,,,,,,,,,,,,,0,0,0,0,31.0
Irv Smith,TE,MIN,4,CHI,0,0,0,0,0,0,0,0,1,5,0,1,0,0,0,0,0,0,0,0,0,0,,,,,
Isaiah Ford,WR,MIA,4,LAC,0,0,0,0,0,0,0,0,2,9,0,3,0,0,0,0,0,0,0,0,0,0,,,,,
Ito Smith,RB,ATL,4,TEN,0,0,0,0,0,11,1,2,2,20,0,4,0,0,0,0,0,0,0,0,0,0,,,,,
J.D. McKissic,RB,DET,4,KC,0,0,0,0,0,30,0,4,1,11,0,2,0,0,0,0,0,0,0,0,0,0,,,,,
J.P. Holtz,TE,CHI,4,MIN,0,0,0,0,0,0,0,0,1,7,0,1,0,0,0,0,0,0,0,0,0,0,,,,,
JAX,DEF,JAX,4,DEN,,,,,,,,,,,,,,,,,,,,,,,0,0,0,0,24.0
Jack Doyle,TE,IND,4,LV,0,0,0,0,0,0,0,0,4,22,1,8,0,0,0,0,0,0,0,0,0,0,,,,,
Jacoby Brissett,QB,IND,4,LV,265,3,46,24,1,19,0,5,0,0,0,0,0,0,0,0,0,0,0,0,0,0,,,,,
Jaeden Graham,TE,ATL,4,TEN,0,0,0,0,0,0,0,0,0,0,0,0,0,0,0,0,0,0,0,0,0,0,,,,,
Jake Elliott,K,PHI,4,GB,0,0,0,0,0,0,0,0,0,0,0,0,0,0,0,0,0,0,0,0,0,4,,,,,
Jakeem Grant,WR,MIA,4,LAC,0,0,0,0,0,-2,0,1,1,6,0,1,0,0,0,0,0,0,0,0,0,0,,,,,
Jalen Richard,RB,LV,4,IND,0,0,0,0,0,17,0,4,1,1,0,1,0,0,0,0,0,0,0,0,0,0,,,,,
Jamaal Williams,RB,GB,4,PHI,0,0,0,0,0,0,0,0,1,0,0,1,0,0,0,0,0,0,0,0,0,0,,,,,
Jamal Agnew,WR,DET,4,KC,0,0,0,0,0,0,0,0,0,0,0,0,0,0,0,0,0,0,0,0,0,0,,,,,
Jameis Winston,QB,TB,4,LA,385,4,41,28,1,-1,0,1,0,0,0,0,0,0,0,0,0,0,0,0,0,0,,,,,
James Conner,RB,PIT,4,CIN,0,0,0,0,0,42,0,10,8,83,1,8,0,0,0,0,0,0,0,0,0,0,,,,,
James O'Shaughnessy,TE,JAX,4,DEN,0,0,0,0,0,0,0,0,1,18,1,4,0,0,0,0,0,0,0,0,0,0,,,,,
James Washington,WR,PIT,4,CIN,0,0,0,0,0,0,0,0,0,0,0,1,0,0,0,0,0,0,0,0,0,0,,,,,
James White,RB,NE,4,BUF,0,0,0,0,0,1,0,1,8,57,0,10,0,0,0,0,0,0,0,0,0,0,,,,,
Jared Cook,TE,NO,4,DAL,0,0,0,0,0,0,0,0,3,21,0,6,0,0,0,0,0,0,0,0,0,0,,,,,
Jared Goff,QB,LA,4,TB,517,2,68,45,3,0,0,0,0,0,0,0,0,0,0,0,0,0,0,0,0,0,,,,,
Jarius Wright,WR,CAR,4,HOU,0,0,0,0,0,0,0,0,5,59,0,6,0,0,0,0,0,0,0,0,0,0,,,,,
Jaron Brown,WR,SEA,4,ARI,0,0,0,0,0,0,0,0,3,50,0,3,0,0,0,0,0,0,0,0,0,0,,,,,
Jarvis Landry,WR,CLE,4,BAL,0,0,0,0,0,0,0,0,8,167,0,10,0,0,0,0,0,0,0,0,0,0,,,,,
Jason Myers,K,SEA,4,ARI,0,0,0,0,0,0,0,0,0,0,0,0,0,0,0,0,1,1,0,0,0,3,,,,,
Jason Sanders,K,MIA,4,LAC,0,0,0,0,0,0,0,0,0,0,0,0,0,0,0,0,0,1,0,0,0,1,,,,,
Jason Witten,TE,DAL,4,NO,0,0,0,0,0,0,0,0,4,50,0,4,0,0,0,0,0,0,0,0,0,0,,,,,
Javon Wims,WR,CHI,4,MIN,0,0,0,0,0,0,0,0,4,56,0,5,0,0,0,0,0,0,0,0,0,0,,,,,
Jaylen Samuels,RB,PIT,4,CIN,31,0,3,3,0,26,1,10,8,57,0,8,0,0,0,0,0,0,0,0,0,0,,,,,
Jeremy Sprinkle,TE,WAS,4,NYG,0,0,0,0,0,0,0,0,1,20,0,3,0,0,0,0,0,0,0,0,0,0,,,,,
Jesse James,TE,DET,4,KC,0,0,0,0,0,0,0,0,0,0,0,1,0,0,0,0,0,0,0,0,0,0,,,,,
Jimmy Graham,TE,GB,4,PHI,0,0,0,0,0,0,0,0,6,61,1,9,0,0,0,0,0,0,0,0,0,0,,,,,
JoJo Natson,WR,LA,4,TB,0,0,0,0,0,0,0,0,0,0,0,0,0,0,0,0,0,0,0,0,0,0,,,,,
Joe Flacco,QB,DEN,4,JAX,303,3,38,22,1,-1,0,1,0,0,0,0,0,0,0,0,0,0,0,0,0,0,,,,,
Joe Mixon,RB,CIN,4,PIT,0,0,0,0,0,62,0,15,4,1,0,5,0,0,0,0,0,0,0,0,0,0,,,,,
Joey Slye,K,CAR,4,HOU,0,0,0,0,0,0,0,0,0,0,0,0,0,0,0,0,1,0,1,1,0,1,,,,,
John Brown,WR,BUF,4,NE,0,0,0,0,0,0,0,0,5,69,0,11,0,0,0,0,0,0,0,0,0,0,,,,,
John Ross,WR,CIN,4,PIT,0,0,0,0,0,0,0,0,3,36,0,6,0,0,0,0,0,0,0,0,0,0,,,,,
Johnny Holton,WR,PIT,4,CIN,0,0,0,0,0,0,0,0,0,0,0,0,0,0,0,0,0,0,0,0,0,0,,,,,
Jon Hilliman,RB,NYG,4,WAS,0,0,0,0,0,33,0,10,0,0,0,0,0,0,0,0,0,0,0,0,0,0,,,,,
Jonnu Smith,TE,TEN,4,ATL,0,0,0,0,0,0,0,0,1,5,0,1,0,0,0,0,0,0,0,0,0,0,,,,,
Jordan Akins,TE,HOU,4,CAR,0,0,0,0,0,0,0,0,3,21,0,4,0,0,0,0,0,0,0,0,0,0,,,,,
Jordan Howard,RB,PHI,4,GB,0,0,0,0,0,87,2,15,3,28,1,4,0,0,0,0,0,0,0,0,0,0,,,,,
Jordan Wilkins,RB,IND,4,LV,0,0,0,0,0,17,0,4,1,11,0,1,0,0,0,0,0,0,0,0,0,0,,,,,
Josh Allen,QB,BUF,4,NE,153,0,28,13,3,26,1,5,0,0,0,0,0,0,0,0,0,0,0,0,0,0,,,,,
Josh Gordon,WR,NE,4,BUF,0,0,0,0,0,0,0,0,3,46,0,7,0,0,0,0,0,0,0,0,0,0,,,,,
Josh Hill,TE,NO,4,DAL,0,0,0,0,0,0,0,0,3,29,0,4,0,0,0,0,0,0,0,0,0,0,,,,,
Josh Jacobs,RB,LV,4,IND,0,0,0,0,0,79,0,17,2,29,0,2,0,0,0,0,0,0,0,0,0,0,,,,,
Josh Lambo,K,JAX,4,DEN,0,0,0,0,0,0,0,0,0,0,0,0,0,0,0,0,1,2,1,0,0,2,,,,,
Josh Reynolds,WR,LA,4,TB,0,0,0,0,0,0,0,0,1,22,0,2,0,0,0,0,0,0,0,0,0,0,,,,,
Josh Rosen,QB,MIA,4,LAC,180,1,24,17,1,0,0,0,0,0,0,0,0,0,0,0,0,0,0,0,0,0,,,,,
JuJu Smith-Schuster,WR,PIT,4,CIN,0,0,0,0,0,0,0,0,3,15,0,4,0,0,0,0,0,0,0,0,0,0,,,,,
Julian Edelman,WR,NE,4,BUF,0,0,0,0,0,0,0,0,4,30,0,7,0,0,0,0,0,0,0,0,0,0,,,,,
Julio Jones,WR,ATL,4,TEN,0,0,0,0,0,1,0,1,4,52,0,7,0,0,0,0,0,0,0,0,0,0,,,,,
Justice Hill,RB,BAL,4,CLE,0,0,0,0,0,8,0,2,2,9,0,2,0,0,0,0,0,0,0,0,0,0,,,,,
Justin Tucker,K,BAL,4,CLE,0,0,0,0,0,0,0,0,0,0,0,0,0,0,0,0,0,0,1,0,0,2,,,,,
Justin Watson,WR,TB,4,LA,0,0,0,0,0,0,0,0,1,13,0,1,0,0,0,0,0,0,0,0,0,0,,,,,
KC,DEF,KC,4,DET,,,,,,,,,,,,,,,,,,,,,,,0,0,0,0,30.0
Ka'imi Fairbairn,K,HOU,4,CAR,0,0,0,0,0,0,0,0,0,0,0,0,0,0,0,0,0,1,0,0,0,1,,,,,
Kalen Ballage,RB,MIA,4,LAC,0,0,0,0,0,7,0,2,0,0,0,1,0,0,0,0,0,0,0,0,0,0,,,,,
KeeSean Johnson,WR,ARI,4,SEA,0,0,0,0,0,0,0,0,2,19,0,3,0,0,0,0,0,0,0,0,0,0,,,,,
Keelan Cole,WR,JAX,4,DEN,0,0,0,0,0,0,0,0,1,19,0,1,0,0,0,0,0,0,0,0,0,0,,,,,
Keelan Doss,WR,LV,4,IND,0,0,0,0,0,0,0,0,1,14,0,1,0,0,0,0,0,0,0,0,0,0,,,,,
Keenan Allen,WR,LAC,4,MIA,0,0,0,0,0,0,0,0,5,48,0,5,0,0,0,0,0,0,0,0,0,0,,,,,
Keke Coutee,WR,HOU,4,CAR,0,0,0,0,0,10,0,1,1,11,0,3,0,0,0,0,0,0,0,0,0,0,,,,,
Kelvin Harmon,WR,WAS,4,NYG,0,0,0,0,0,0,0,0,2,14,0,2,0,0,0,0,0,0,0,0,0,0,,,,,
Kenny Golladay,WR,DET,4,KC,0,0,0,0,0,0,0,0,5,67,2,9,0,0,0,0,0,0,0,0,0,0,,,,,
Kenny Stills,WR,HOU,4,CAR,0,0,0,0,0,0,0,0,2,24,0,2,0,0,0,0,0,0,0,0,0,0,,,,,
Kenyan Drake,RB,MIA,4,LAC,0,0,0,0,0,44,0,9,3,29,0,5,0,0,0,0,0,0,0,0,0,0,,,,,
Kerryon Johnson,RB,DET,4,KC,0,0,0,0,0,125,0,26,2,32,0,3,0,0,0,0,0,0,0,0,0,0,,,,,
KhaDarel Hodge,WR,CLE,4,BAL,0,0,0,0,0,0,0,0,0,0,0,0,0,0,0,0,0,0,0,0,0,0,,,,,
Kirk Cousins,QB,MIN,4,CHI,233,0,36,27,0,0,0,0,0,0,0,0,0,0,0,0,0,0,0,0,0,0,,,,,
Kyle Allen,QB,CAR,4,HOU,232,0,34,24,0,0,0,0,0,0,0,0,0,0,0,0,0,0,0,0,0,0,,,,,
Kyle Rudolph,TE,MIN,4,CHI,0,0,0,0,0,0,0,0,1,12,0,1,0,0,0,0,0,0,0,0,0,0,,,,,
Kyler Murray,QB,ARI,4,SEA,241,0,32,22,1,27,1,4,0,0,0,0,0,0,0,0,0,0,0,0,0,0,,,,,
LA,DEF,LA,4,TB,,,,,,,,,,,,,,,,,,,,,,,1,0,0,0,55.0
LAC,DEF,LAC,4,MIA,,,,,,,,,,,,,,,,,,,,,,,0,0,0,0,10.0
LV,DEF,LV,4,IND,,,,,,,,,,,,,,,,,,,,,,,1,0,0,0,0.0
Lamar Jackson,QB,BAL,4,CLE,247,3,34,24,2,66,0,9,0,0,0,0,0,0,0,0,0,0,0,0,0,0,,,,,
Lance Kendricks,TE,LAC,4,MIA,0,0,0,0,0,0,0,0,2,37,0,3,0,0,0,0,0,0,0,0,0,0,,,,,
Larry Fitzgerald,WR,ARI,4,SEA,0,0,0,0,0,0,0,0,5,47,0,5,0,0,0,0,0,0,0,0,0,0,,,,,
Latavius Murray,RB,NO,4,DAL,0,0,0,0,0,14,0,4,1,6,0,1,0,0,0,0,0,0,0,0,0,0,,,,,
LeSean McCoy,RB,KC,4,DET,0,0,0,0,0,56,1,11,2,33,0,4,0,0,0,0,0,0,0,0,0,0,,,,,
Lee Smith,TE,BUF,4,NE,0,0,0,0,0,0,0,0,0,0,0,0,0,0,0,0,0,0,0,0,0,0,,,,,
Leonard Fournette,RB,JAX,4,DEN,0,0,0,0,0,225,0,29,2,20,0,3,0,0,0,0,0,0,0,0,0,0,,,,,
Lil'Jordan Humphrey,WR,NO,4,DAL,0,0,0,0,0,0,0,0,0,0,0,1,0,0,0,0,0,0,0,0,0,0,,,,,
Logan Thomas,TE,DET,4,KC,0,0,0,0,0,0,0,0,3,25,0,3,0,0,0,0,0,0,0,0,0,0,,,,,
Luke Stocker,TE,ATL,4,TEN,0,0,0,0,0,0,0,0,0,0,0,1,0,0,0,0,0,0,0,0,0,0,,,,,
Luke Willson,TE,SEA,4,ARI,0,0,0,0,0,0,0,0,2,26,0,2,0,0,0,0,0,0,0,0,0,0,,,,,
MIA,DEF,MIA,4,LAC,,,,,,,,,,,,,,,,,,,,,,,0,0,0,0,30.0
MIN,DEF,MIN,4,CHI,,,,,,,,,,,,,,,,,,,,,,,0,0,0,0,16.0
Mack Hollins,WR,PHI,4,GB,0,0,0,0,0,0,0,0,1,13,0,2,0,0,0,0,0,0,0,0,0,0,,,,,
Malcolm Brown,RB,LA,4,TB,0,0,0,0,0,14,0,5,0,0,0,1,0,0,0,0,0,0,0,0,0,0,,,,,
Marcedes Lewis,TE,GB,4,PHI,0,0,0,0,0,0,0,0,2,19,0,2,0,0,0,0,0,0,0,0,0,0,,,,,
Marcus Mariota,QB,TEN,4,ATL,227,3,27,18,0,22,0,3,0,0,0,0,0,0,0,0,0,0,0,0,0,0,,,,,
Mark Andrews,TE,BAL,4,CLE,0,0,0,0,0,0,0,0,4,31,1,8,0,0,0,0,0,0,0,0,0,0,,,,,
Mark Ingram,RB,BAL,4,CLE,0,0,0,0,0,71,0,12,1,0,0,1,0,0,1,0,0,0,0,0,0,0,,,,,
Mark Walton,RB,MIA,4,LAC,0,0,0,0,0,23,0,6,2,11,0,2,0,0,0,0,0,0,0,0,0,0,,,,,
Marlon Mack,RB,IND,4,LV,0,0,0,0,0,39,0,11,0,0,0,0,0,0,0,0,0,0,0,0,0,0,,,,,
Marqise Lee,WR,JAX,4,DEN,0,0,0,0,0,0,0,0,1,5,0,1,0,0,0,0,0,0,0,0,0,0,,,,,
Marquez Valdes-Scantling,WR,GB,4,PHI,0,0,0,0,0,0,0,0,3,47,0,7,0,0,0,0,0,0,0,0,0,0,,,,,
Marquise Brown,WR,BAL,4,CLE,0,0,0,0,0,0,0,0,4,22,0,7,0,0,0,0,0,0,0,0,0,0,,,,,
Marvin Hall,WR,DET,4,KC,0,0,0,0,0,0,0,0,2,47,0,3,0,0,0,0,0,0,0,0,0,0,,,,,
Marvin Jones,WR,DET,4,KC,0,0,0,0,0,0,0,0,3,77,0,5,0,0,0,0,0,0,0,0,0,0,,,,,
Mason Crosby,K,GB,4,PHI,0,0,0,0,0,0,0,0,0,0,0,0,0,0,0,0,0,2,0,0,0,3,,,,,
Mason Rudolph,QB,PIT,4,CIN,229,2,28,24,0,-3,0,3,0,0,0,0,0,0,0,0,0,0,0,0,0,0,,,,,
Matt Barkley,QB,BUF,4,NE,127,0,16,9,1,0,0,0,0,0,0,0,0,0,0,0,0,0,0,0,0,0,,,,,
Matt Bryant,K,ATL,4,TEN,0,0,0,0,0,0,0,0,0,0,0,0,0,0,0,0,0,0,1,0,0,1,,,,,
Matt Gay,K,TB,4,LA,0,0,0,0,0,0,0,0,0,0,0,0,0,0,0,0,1,0,0,1,0,7,,,,,
Matt Prater,K,DET,4,KC,0,0,0,0,0,0,0,0,0,0,0,0,0,0,0,0,1,0,1,1,0,3,,,,,
Matt Ryan,QB,ATL,4,TEN,397,0,53,35,0,18,0,2,0,0,0,0,0,0,0,0,0,0,0,0,0,0,,,,,
Matthew Slater,WR,NE,4,BUF,0,0,0,0,0,0,0,0,0,0,0,0,1,0,0,0,0,0,0,0,0,0,,,,,
Matthew Stafford,QB,DET,4,KC,291,3,34,21,0,18,0,2,0,0,0,0,0,0,0,0,0,0,0,0,0,0,,,,,
Maxx Williams,TE,ARI,4,SEA,0,0,0,0,0,0,0,0,1,21,0,1,0,0,0,0,0,0,0,0,0,0,,,,,
Mecole Hardman,WR,KC,4,DET,0,0,0,0,0,0,0,0,2,9,0,5,0,0,0,0,0,0,0,0,0,0,,,,,
Michael Thomas,WR,NO,4,DAL,0,0,0,0,0,0,0,0,9,95,0,9,0,0,0,0,0,0,0,0,0,0,,,,,
Mike Evans,WR,TB,4,LA,0,0,0,0,0,0,0,0,4,89,1,7,0,0,0,0,0,0,0,0,0,0,,,,,
Miles Boykin,WR,BAL,4,CLE,0,0,0,0,0,0,0,0,3,32,1,3,0,0,0,0,0,0,0,0,0,0,,,,,
Miles Sanders,RB,PHI,4,GB,0,0,0,0,0,72,0,11,0,0,0,0,0,0,0,0,0,0,0,0,0,0,,,,,
Mitchell Trubisky,QB,CHI,4,MIN,9,0,3,2,0,0,0,0,0,0,0,0,0,0,0,0,0,0,0,0,0,0,,,,,
Mohamed Sanu,WR,ATL,4,TEN,0,0,0,0,0,0,0,0,9,91,0,12,0,0,0,0,0,0,0,0,0,0,,,,,
NE,DEF,NE,4,BUF,,,,,,,,,,,,,,,,,,,,,,,0,0,0,0,10.0
NO,DEF,NO,4,DAL,,,,,,,,,,,,,,,,,,,,,,,0,0,0,0,10.0
NYG,DEF,NYG,4,WAS,,,,,,,,,,,,,,,,,,,,,,,1,0,0,0,3.0
Nelson Agholor,WR,PHI,4,GB,0,0,0,0,0,0,0,0,0,0,0,1,0,0,0,0,0,0,0,0,0,0,,,,,
Nick Bawden,RB,DET,4,KC,0,0,0,0,0,0,0,0,1,4,0,2,0,0,0,0,0,0,0,0,0,0,,,,,
Nick Boyle,TE,BAL,4,CLE,0,0,0,0,0,0,0,0,1,9,0,1,0,0,0,0,0,0,0,0,0,0,,,,,
Nick Chubb,RB,CLE,4,BAL,0,0,0,0,0,165,3,20,3,18,0,4,0,0,0,0,0,0,0,0,0,0,,,,,
Nick O'Leary,TE,MIA,4,LAC,0,0,0,0,0,0,0,0,1,9,0,1,0,0,0,0,0,0,0,0,0,0,,,,,
Nick Vannett,TE,PIT,4,CIN,0,0,0,0,0,0,0,0,2,28,0,2,0,0,0,0,0,0,0,0,0,0,,,,,
Noah Fant,TE,DEN,4,JAX,0,0,0,0,0,0,0,0,2,31,1,4,0,0,0,0,0,0,0,0,0,0,,,,,
Nyheim Hines,RB,IND,4,LV,0,0,0,0,0,6,0,3,6,39,0,6,0,0,0,0,0,0,0,0,0,0,,,,,
O.J. Howard,TE,TB,4,LA,0,0,0,0,0,0,0,0,3,33,0,3,0,0,0,0,0,0,0,0,0,0,,,,,
Odell Beckham Jr.,WR,CLE,4,BAL,0,0,1,0,0,0,0,0,2,20,0,7,0,0,0,0,0,0,0,0,0,0,,,,,
PHI,DEF,PHI,4,GB,,,,,,,,,,,,,,,,,,,,,,,0,0,0,0,27.0
PIT,DEF,PIT,4,CIN,,,,,,,,,,,,,,,,,,,,,,,0,0,0,0,3.0
Parris Campbell,WR,IND,4,LV,0,0,0,0,0,0,0,0,5,25,0,8,0,0,0,0,0,0,0,0,0,0,,,,,
Patrick Mahomes,QB,KC,4,DET,315,0,42,24,0,54,0,6,0,0,0,0,0,0,0,0,0,0,0,0,0,0,,,,,
Patrick Ricard,RB,BAL,4,CLE,0,0,0,0,0,0,0,0,0,0,0,0,0,0,0,0,0,0,0,0,0,0,,,,,
Paul Richardson,WR,WAS,4,NYG,0,0,0,0,0,0,0,0,3,14,0,5,0,0,0,0,0,0,0,0,0,0,,,,,
Peyton Barber,RB,TB,4,LA,0,0,0,0,0,19,1,9,0,0,0,1,0,0,0,0,0,0,0,0,0,0,,,,,
Pharaoh Brown,TE,CLE,4,BAL,0,0,0,0,0,0,0,0,1,18,0,1,0,0,0,0,0,0,0,0,0,0,,,,,
Philip Rivers,QB,LAC,4,MIA,310,2,30,24,0,0,0,1,0,0,0,0,0,0,0,0,0,0,0,0,0,0,,,,,
Phillip Dorsett,WR,NE,4,BUF,0,0,0,0,0,9,0,1,2,10,0,9,0,0,0,0,0,0,0,0,0,0,,,,,
Phillip Lindsay,RB,DEN,4,JAX,0,0,0,0,0,53,0,9,1,7,0,1,0,0,0,0,0,0,0,0,0,0,,,,,
Preston Williams,WR,MIA,4,LAC,0,0,0,0,0,0,0,0,4,46,0,7,0,0,0,0,0,0,0,0,0,0,,,,,
Randall Cobb,WR,DAL,4,NO,0,0,0,0,0,0,0,0,3,41,0,6,0,0,0,0,0,0,0,0,0,0,,,,,
Randy Bullock,K,CIN,4,PIT,0,0,0,0,0,0,0,0,0,0,0,0,0,0,0,0,1,0,0,0,0,0,,,,,
Ray-Ray McCloud,WR,CAR,4,HOU,0,0,0,0,0,0,0,0,0,0,0,0,0,0,0,0,0,0,0,0,0,0,,,,,
Rex Burkhead,RB,NE,4,BUF,0,0,0,0,0,0,0,0,1,7,0,1,0,0,0,0,0,0,0,0,0,0,,,,,
Rhett Ellison,TE,NYG,4,WAS,0,0,0,0,0,0,0,0,3,24,0,4,0,0,0,0,0,0,0,0,0,0,,,,,
Ricky Seals-Jones,TE,CLE,4,BAL,0,0,0,0,0,0,0,0,3,82,1,3,0,0,0,0,0,0,0,0,0,0,,,,,
Robert Davis,WR,WAS,4,NYG,0,0,0,0,0,0,0,0,1,11,0,2,0,0,0,0,0,0,0,0,0,0,,,,,
Robert Tonyan,TE,GB,4,PHI,0,0,0,0,0,0,0,0,1,11,0,1,0,0,0,0,0,0,0,0,0,0,,,,,
Robert Woods,WR,LA,4,TB,0,0,0,0,0,0,0,0,13,164,0,15,0,0,0,0,0,0,0,0,0,0,,,,,
Ronald Jones,RB,TB,4,LA,0,0,0,0,0,70,1,19,1,12,0,1,0,0,0,0,0,0,0,0,0,0,,,,,
Royce Freeman,RB,DEN,4,JAX,0,0,0,0,0,16,0,6,4,34,0,6,0,0,0,0,0,0,0,0,0,0,,,,,
Russell Wilson,QB,SEA,4,ARI,240,1,28,22,0,7,0,2,0,0,0,0,0,0,0,0,0,0,0,0,0,0,,,,,
Ryan Izzo,TE,NE,4,BUF,0,0,0,0,0,0,0,0,0,0,0,0,0,0,0,0,0,0,0,0,0,0,,,,,
Ryan Switzer,WR,PIT,4,CIN,0,0,0,0,0,0,0,0,0,0,0,0,0,0,0,0,0,0,0,0,0,0,,,,,
Ryquell Armstead,RB,JAX,4,DEN,0,0,0,0,0,42,0,8,1,7,1,1,0,0,0,0,0,0,0,0,0,0,,,,,
SEA,DEF,SEA,4,ARI,,,,,,,,,,,,,,,,,,,,,,,1,0,0,0,10.0
Sammy Watkins,WR,KC,4,DET,0,0,0,0,0,0,0,0,3,54,0,6,0,0,0,0,0,0,0,0,0,0,,,,,
Scott Miller,WR,TB,4,LA,0,0,0,0,0,0,0,0,0,0,0,1,0,0,0,0,0,0,0,0,0,0,,,,,
Sean Culkin,TE,LAC,4,MIA,0,0,0,0,0,0,0,0,1,12,0,1,0,0,0,0,0,0,0,0,0,0,,,,,
Seth Roberts,WR,BAL,4,CLE,0,0,0,0,0,0,0,0,4,36,0,5,0,0,0,0,0,0,0,0,0,0,,,,,
Sony Michel,RB,NE,4,BUF,0,0,0,0,0,63,0,17,0,0,0,0,0,0,0,0,0,0,0,0,0,0,,,,,
Stefon Diggs,WR,MIN,4,CHI,0,0,0,0,0,0,0,0,7,108,0,7,0,0,0,0,0,0,0,0,0,0,,,,,
Stephen Gostkowski,K,NE,4,BUF,0,0,0,0,0,0,0,0,0,0,0,0,0,0,0,0,1,0,0,0,0,1,,,,,
Sterling Shepard,WR,NYG,4,WAS,0,0,0,0,0,23,0,1,7,76,0,9,0,0,0,0,0,0,0,0,0,0,,,,,
Steven Hauschka,K,BUF,4,NE,0,0,0,0,0,0,0,0,0,0,0,0,0,0,0,0,0,0,1,0,0,1,,,,,
Steven Sims,WR,WAS,4,NYG,0,0,0,0,0,0,0,0,0,0,0,0,0,0,0,0,0,0,0,0,0,0,,,,,
T.J. Hockenson,TE,DET,4,KC,0,0,0,0,0,0,0,0,3,27,1,3,0,0,0,0,0,0,0,0,0,0,,,,,
T.J. Jones,WR,NYG,4,WAS,0,0,0,0,0,0,0,0,0,0,0,0,0,0,0,0,0,0,0,0,0,0,,,,,
T.J. Logan,RB,TB,4,LA,0,0,0,0,0,0,0,0,0,0,0,0,0,0,0,0,0,0,0,0,0,0,,,,,
T.J. Yeldon,RB,BUF,4,NE,0,0,0,0,0,0,0,0,4,68,0,4,0,0,0,0,0,0,0,0,0,0,,,,,
TB,DEF,TB,4,LA,,,,,,,,,,,,,,,,,,,,,,,0,0,0,0,40.0
TEN,DEF,TEN,4,ATL,,,,,,,,,,,,,,,,,,,,,,,0,0,0,0,10.0
Tarik Cohen,RB,CHI,4,MIN,0,0,0,0,0,11,0,5,2,7,1,5,0,0,0,0,0,0,0,0,0,0,,,,,
Tavon Austin,WR,DAL,4,NO,0,0,0,0,0,3,0,1,1,5,0,1,0,0,0,0,0,0,0,0,0,0,,,,,
Taysom Hill,TE,NO,4,DAL,0,0,0,0,0,16,0,2,0,0,0,0,0,0,0,0,0,0,0,0,0,0,,,,,
Taywan Taylor,WR,CLE,4,BAL,0,0,0,0,0,0,0,0,0,0,0,0,0,0,0,0,0,0,0,0,0,0,,,,,
Ted Ginn,WR,NO,4,DAL,0,0,0,0,0,0,0,0,3,19,0,5,0,0,0,0,0,0,0,0,0,0,,,,,
Teddy Bridgewater,QB,NO,4,DAL,193,0,30,23,1,8,0,3,0,0,0,0,0,0,0,0,0,0,0,0,0,0,,,,,
Todd Gurley,RB,LA,4,TB,0,0,0,0,0,16,2,5,7,54,0,11,0,0,0,0,0,0,0,0,0,0,,,,,
Tom Brady,QB,NE,4,BUF,150,0,39,18,1,-3,0,3,0,0,0,0,0,0,0,0,0,0,0,0,0,0,,,,,
Travis Kelce,TE,KC,4,DET,0,0,0,0,0,0,0,0,7,85,0,8,0,0,0,0,0,0,0,0,0,0,,,,,
Trent Sherfield,WR,ARI,4,SEA,0,0,0,0,0,0,0,0,1,15,0,3,0,0,0,0,0,0,0,0,0,0,,,,,
Trevor Davis,WR,LV,4,IND,0,0,0,0,0,74,1,2,0,0,0,0,0,0,0,0,0,0,0,0,0,0,,,,,
Trey Burton,TE,CHI,4,MIN,0,0,0,0,0,0,0,0,2,16,0,4,0,0,0,0,0,0,0,0,0,0,,,,,
Trey Quinn,WR,WAS,4,NYG,0,0,0,0,0,0,0,0,2,10,0,4,0,0,0,0,0,0,0,0,0,0,,,,,
Troymaine Pope,RB,LAC,4,MIA,0,0,0,0,0,20,0,10,2,14,1,2,0,0,0,0,0,0,0,0,0,0,,,,,
Ty Johnson,RB,DET,4,KC,0,0,0,0,0,13,0,3,1,1,0,1,0,0,0,0,0,0,0,0,0,0,,,,,
Tyler Boyd,WR,CIN,4,PIT,0,0,0,0,0,0,0,0,3,33,0,6,0,0,0,0,0,0,0,0,0,0,,,,,
Tyler Eifert,TE,CIN,4,PIT,0,0,0,0,0,0,0,0,2,27,0,5,0,0,0,0,0,0,0,0,0,0,,,,,
Tyler Higbee,TE,LA,4,TB,0,0,0,0,0,0,0,0,4,41,0,7,0,0,0,0,0,0,0,0,0,0,,,,,
Tyler Lockett,WR,SEA,4,ARI,0,0,0,0,0,0,0,0,4,51,0,4,0,0,0,0,0,0,0,0,0,0,,,,,
Tyrell Williams,WR,LV,4,IND,0,0,0,0,0,0,0,0,3,36,1,7,0,0,0,0,0,0,0,0,0,0,,,,,
Tyrod Taylor,QB,LAC,4,MIA,7,0,1,1,0,-1,0,4,0,0,0,0,0,0,0,0,0,0,0,0,0,0,,,,,
Vernon Davis,TE,WAS,4,NYG,0,0,0,0,0,0,0,0,1,5,0,4,0,0,0,0,0,0,0,0,0,0,,,,,
WAS,DEF,WAS,4,NYG,,,,,,,,,,,,,,,,,,,,,,,0,0,0,0,24.0
Wayne Gallman,RB,NYG,4,WAS,0,0,0,0,0,63,1,18,6,55,1,7,0,0,0,0,0,0,0,0,0,0,,,,,
Wendell Smallwood,RB,WAS,4,NYG,0,0,0,0,0,0,0,0,1,14,0,1,0,0,0,0,0,0,0,0,0,0,,,,,
Wil Lutz,K,NO,4,DAL,0,0,0,0,0,0,0,0,0,0,0,0,0,0,0,1,1,0,2,0,0,0,,,,,
Will Dissly,TE,SEA,4,ARI,0,0,0,0,0,0,0,0,7,57,1,8,0,0,0,0,0,0,0,0,0,0,,,,,
Will Fuller,WR,HOU,4,CAR,0,0,0,0,0,0,0,0,3,23,0,6,0,0,0,0,0,0,0,0,0,0,,,,,
Willie Snead,WR,BAL,4,CLE,0,0,0,0,0,0,0,0,2,61,1,2,0,0,0,0,0,0,0,0,0,0,,,,,
Zach Ertz,TE,PHI,4,GB,0,0,0,0,0,0,0,0,7,65,0,8,0,0,0,0,0,0,0,0,0,0,,,,,
Zach Pascal,WR,IND,4,LV,0,0,0,0,0,0,0,0,4,72,0,7,0,0,0,0,0,0,0,0,0,0,,,,,
Zane Gonzalez,K,ARI,4,SEA,0,0,0,0,0,0,0,0,0,0,0,0,0,0,0,0,0,1,0,0,0,1,,,,,
Zay Jones,WR,BUF,4,NE,0,0,0,0,0,0,0,0,2,4,0,8,0,0,0,0,0,0,0,0,0,0,,,,,
A.J. Brown,WR,TEN,5,BUF,0,0,0,0,0,0,0,0,2,27,0,2,0,0,0,0,0,0,0,0,0,0,,,,,
ARI,DEF,ARI,5,CIN,,,,,,,,,,,,,,,,,,,,,,,0,0,0,0,23.0
ATL,DEF,ATL,5,HOU,,,,,,,,,,,,,,,,,,,,,,,0,0,0,0,53.0
Aaron Jones,RB,GB,5,DAL,0,0,0,0,0,107,4,19,7,75,0,8,0,0,0,0,0,0,0,0,0,0,,,,,
Aaron Rodgers,QB,GB,5,DAL,238,0,34,22,0,-1,0,4,0,0,0,0,0,0,0,0,0,0,0,0,0,0,,,,,
Adam Humphries,WR,TEN,5,BUF,0,0,0,0,0,0,0,0,4,30,0,6,0,0,0,0,0,0,0,0,0,0,,,,,
Adam Thielen,WR,MIN,5,NYG,0,0,0,0,0,0,0,0,7,130,2,8,0,0,0,0,0,0,0,0,0,0,,,,,
Adam Vinatieri,K,IND,5,KC,0,0,0,0,0,0,0,0,0,0,0,0,0,0,0,0,1,3,0,0,0,1,,,,,
Adrian Peterson,RB,WAS,5,NE,0,0,0,0,0,18,0,7,0,0,0,0,0,0,0,0,0,0,0,0,0,0,,,,,
Aldrick Rosas,K,NYG,5,MIN,0,0,0,0,0,0,0,0,0,0,0,0,0,0,0,0,0,1,0,0,0,1,,,,,
Alex Armah,RB,CAR,5,JAX,0,0,0,0,0,0,0,0,1,4,0,1,0,0,0,0,0,0,0,0,0,0,,,,,
Alex Erickson,WR,CIN,5,ARI,0,0,0,0,0,0,0,0,1,7,0,1,0,0,0,0,0,0,0,0,0,0,,,,,
Alexander Mattison,RB,MIN,5,NYG,0,0,0,0,0,52,0,7,0,0,0,0,0,0,0,0,0,0,0,0,0,0,,,,,
Allen Lazard,WR,GB,5,DAL,0,0,0,0,0,0,0,0,0,0,0,0,0,0,0,0,0,0,0,0,0,0,,,,,
Allen Robinson,WR,CHI,5,LV,0,0,0,0,0,0,0,0,7,97,2,9,0,0,0,0,0,0,0,0,0,0,,,,,
Alshon Jeffery,WR,PHI,5,NYJ,0,0,0,0,0,0,0,0,6,52,0,8,0,0,0,0,0,0,0,0,0,0,,,,,
Alvin Kamara,RB,NO,5,TB,13,0,1,1,0,62,0,16,6,42,0,7,0,0,0,0,0,0,0,0,0,0,,,,,
Amari Cooper,WR,DAL,5,GB,0,0,0,0,0,0,0,0,11,226,1,14,0,0,0,0,0,0,0,0,0,0,,,,,
Ameer Abdullah,RB,MIN,5,NYG,0,0,0,0,0,24,0,3,0,0,0,0,0,0,0,0,0,0,0,0,0,0,,,,,
Andre Patton,WR,LAC,5,DEN,0,0,0,0,0,0,0,0,0,0,0,0,0,0,0,0,0,0,0,0,0,0,,,,,
Andre Roberts,WR,BUF,5,TEN,0,0,0,0,0,7,0,1,0,0,0,0,0,0,0,0,0,0,0,0,0,0,,,,,
Andy Dalton,QB,CIN,5,ARI,262,2,38,27,0,5,0,2,0,0,0,0,0,0,0,0,0,0,0,0,0,0,,,,,
Andy Isabella,WR,ARI,5,CIN,0,0,0,0,0,11,0,2,0,0,0,0,0,0,0,0,0,0,0,0,0,0,,,,,
Anthony Miller,WR,CHI,5,LV,0,0,0,0,0,0,0,0,4,52,0,7,0,0,0,0,0,0,0,0,0,0,,,,,
Antonio Callaway,WR,CLE,5,SF,0,0,0,0,0,0,0,0,0,0,0,3,0,0,0,0,0,0,0,0,0,0,,,,,
Antony Auclair,TE,TB,5,NO,0,0,0,0,0,0,0,0,0,0,0,0,0,0,0,0,0,0,0,0,0,0,,,,,
Ashton Dulin,WR,IND,5,KC,0,0,0,0,0,0,0,0,0,0,0,0,0,0,0,0,0,0,0,0,0,0,,,,,
Auden Tate,WR,CIN,5,ARI,0,0,0,0,0,0,0,0,3,26,1,6,0,0,0,0,0,0,0,0,0,0,,,,,
Austin Ekeler,RB,LAC,5,DEN,0,0,0,0,0,7,0,3,15,86,0,16,0,0,0,0,0,0,0,0,0,0,,,,,
Austin Hooper,TE,ATL,5,HOU,0,0,0,0,0,0,0,0,6,56,0,9,0,0,1,0,0,0,0,0,0,0,,,,,
Austin Seibert,K,CLE,5,SF,0,0,0,0,0,0,0,0,0,0,0,0,0,0,0,0,0,1,0,0,0,0,,,,,
BAL,DEF,BAL,5,PIT,,,,,,,,,,,,,,,,,,,,,,,0,0,0,0,23.0
BUF,DEF,BUF,5,TEN,,,,,,,,,,,,,,,,,,,,,,,0,0,0,0,7.0
Baker Mayfield,QB,CLE,5,SF,100,0,22,8,2,0,0,0,0,0,0,0,0,0,0,0,0,0,0,0,0,0,,,,,
Bilal Powell,RB,NYJ,5,PHI,0,0,0,0,0,4,0,1,0,0,0,0,0,0,0,0,0,0,0,0,0,0,,,,,
Bisi Johnson,WR,MIN,5,NYG,0,0,0,0,0,0,0,0,4,43,0,4,0,0,0,0,0,0,0,0,0,0,,,,,
Bobo Wilson,WR,TB,5,NO,0,0,0,0,0,0,0,0,1,11,0,2,0,0,0,0,0,0,0,0,0,0,,,,,
Brandin Cooks,WR,LA,5,SEA,0,0,0,0,0,27,0,1,1,29,0,3,0,0,0,0,0,0,0,0,0,0,,,,,
Brandon Bolden,RB,NE,5,WAS,0,0,0,0,0,13,0,5,1,29,1,1,0,0,0,0,0,0,0,0,0,0,,,,,
Brandon McManus,K,DEN,5,LAC,0,0,0,0,0,0,0,0,0,0,0,0,0,0,0,0,0,0,2,0,0,2,,,,,
Braxton Berrios,WR,NYJ,5,PHI,0,0,0,0,0,0,0,0,0,0,0,0,0,0,0,0,0,0,0,0,0,0,,,,,
Brett Maher,K,DAL,5,GB,0,0,0,0,0,0,0,0,0,0,0,0,0,0,0,0,0,1,0,0,0,3,,,,,
Byron Pringle,WR,KC,5,IND,0,0,0,0,0,0,0,0,6,103,1,8,0,0,0,0,0,0,0,0,0,0,,,,,
C.J. Uzomah,TE,CIN,5,ARI,0,0,0,0,0,0,0,0,2,16,0,2,0,0,0,0,0,0,0,0,0,0,,,,,
CAR,DEF,CAR,5,JAX,,,,,,,,,,,,,,,,,,,,,,,0,0,0,0,27.0
CHI,DEF,CHI,5,LV,,,,,,,,,,,,,,,,,,,,,,,0,0,0,0,24.0
CIN,DEF,CIN,5,ARI,,,,,,,,,,,,,,,,,,,,,,,0,0,0,0,26.0
CLE,DEF,CLE,5,SF,,,,,,,,,,,,,,,,,,,,,,,0,0,0,0,31.0
Cairo Santos,K,TEN,5,BUF,0,0,0,0,0,0,0,0,0,0,0,0,0,0,0,0,0,0,0,0,0,1,,,,,
Calvin Ridley,WR,ATL,5,HOU,0,0,0,0,0,0,0,0,5,88,1,9,0,0,0,0,0,0,0,0,0,0,,,,,
Cameron Brate,TE,TB,5,NO,0,0,0,0,0,0,0,0,1,11,0,1,0,0,0,0,0,0,0,0,0,0,,,,,
Carlos Hyde,RB,HOU,5,ATL,0,0,0,0,0,60,1,21,0,0,0,1,0,0,0,0,0,0,0,0,0,0,,,,,
Carson Wentz,QB,PHI,5,NYJ,189,1,29,17,0,5,0,2,0,0,0,0,0,0,0,0,0,0,0,0,0,0,,,,,
Cethan Carter,TE,CIN,5,ARI,0,0,0,0,0,0,0,0,0,0,0,0,0,0,0,0,0,0,0,0,0,0,,,,,
Charles Clay,TE,ARI,5,CIN,0,0,0,0,0,0,0,0,1,27,0,1,0,0,0,0,0,0,0,0,0,0,,,,,
Chase Daniel,QB,CHI,5,LV,231,2,30,22,2,2,0,1,0,0,0,0,0,0,0,0,0,0,0,0,0,0,,,,,
Chase Edmonds,RB,ARI,5,CIN,0,0,0,0,0,68,1,8,3,18,0,4,0,0,0,0,0,0,0,0,0,0,,,,,
Chase McLaughlin,K,LAC,5,DEN,0,0,0,0,0,0,0,0,0,0,0,0,0,0,0,0,0,1,1,0,0,1,,,,,
Chester Rogers,WR,IND,5,KC,0,0,0,0,0,0,0,0,0,0,0,2,0,0,0,0,0,0,0,0,0,0,,,,,
Chris Boswell,K,PIT,5,BAL,0,0,0,0,0,0,0,0,0,0,0,0,0,0,0,0,1,1,1,0,0,2,,,,,
Chris Carson,RB,SEA,5,LA,0,0,0,0,0,118,0,27,1,5,1,2,0,0,0,0,0,0,0,0,0,0,,,,,
Chris Conley,WR,JAX,5,CAR,0,0,0,0,0,0,0,0,1,26,0,3,0,0,0,0,0,0,0,0,0,0,,,,,
Chris Godwin Jr.,WR,TB,5,NO,0,0,0,0,0,0,0,0,7,125,2,9,0,0,0,0,0,0,0,0,0,0,,,,,
Chris Thompson,RB,WAS,5,NE,0,0,0,0,0,21,0,4,5,17,0,7,0,0,0,0,0,0,0,0,0,0,,,,,
Christian McCaffrey,RB,CAR,5,JAX,0,0,1,0,0,176,2,19,6,61,1,8,0,0,0,0,0,0,0,0,0,0,,,,,
Cody Latimer,WR,NYG,5,MIN,0,0,0,0,0,0,0,0,0,0,0,1,0,0,0,0,0,0,0,0,0,0,,,,,
Cole Beasley,WR,BUF,5,TEN,0,0,0,0,0,0,0,0,3,21,0,4,0,0,0,0,0,0,0,0,0,0,,,,,
Colt McCoy,QB,WAS,5,NE,122,0,27,18,1,14,0,2,0,0,0,0,0,0,0,0,0,0,0,0,0,0,,,,,
Cooper Kupp,WR,LA,5,SEA,0,0,0,0,0,0,0,0,9,117,1,17,0,0,0,0,0,0,0,0,0,0,,,,,
Cordarrelle Patterson,RB,CHI,5,LV,0,0,0,0,0,5,0,1,0,0,0,0,0,0,0,0,0,0,0,0,0,0,,,,,
Corey Clement,RB,PHI,5,NYJ,0,0,0,0,0,0,0,0,0,0,0,0,0,0,0,0,0,0,0,0,0,0,,,,,
Corey Davis,WR,TEN,5,BUF,0,0,0,0,0,0,0,0,2,28,0,4,0,0,0,0,0,0,0,0,0,0,,,,,
Courtland Sutton,WR,DEN,5,LAC,0,0,0,0,0,0,0,0,4,92,1,7,0,0,0,0,0,0,0,0,0,0,,,,,
Cullen Gillaspia,RB,HOU,5,ATL,0,0,0,0,0,0,0,0,0,0,0,0,0,0,0,0,0,0,0,0,0,0,,,,,
Curtis Samuel,WR,CAR,5,JAX,0,0,0,0,0,25,0,2,3,19,0,6,0,0,0,0,0,0,0,0,0,0,,,,,
D'Ernest Johnson,RB,CLE,5,SF,0,0,0,0,0,0,0,0,1,6,0,1,0,0,0,0,0,0,0,0,0,0,,,,,
D.J. Foster,RB,ARI,5,CIN,0,0,0,0,0,0,0,0,0,0,0,0,0,0,0,0,0,0,0,0,0,0,,,,,
DAL,DEF,DAL,5,GB,,,,,,,,,,,,,,,,,,,,,,,0,0,0,0,34.0
DEN,DEF,DEN,5,LAC,,,,,,,,,,,,,,,,,,,,,,,0,0,0,0,13.0
DJ Chark,WR,JAX,5,CAR,0,0,0,0,0,0,0,0,8,164,2,11,0,0,0,0,0,0,0,0,0,0,,,,,
DJ Moore,WR,CAR,5,JAX,0,0,0,0,0,0,0,0,6,91,0,8,0,0,0,0,0,0,0,0,0,0,,,,,
DK Metcalf,WR,SEA,5,LA,0,0,0,0,0,0,0,0,2,44,1,3,0,0,0,0,0,0,0,0,0,0,,,,,
Dak Prescott,QB,DAL,5,GB,463,2,44,27,3,27,0,4,0,0,0,0,0,0,0,0,0,0,0,0,0,0,,,,,
Dallas Goedert,TE,PHI,5,NYJ,0,0,0,0,0,0,0,0,1,11,0,3,0,0,0,0,0,0,0,0,0,0,,,,,
Dalton Schultz,TE,DAL,5,GB,0,0,0,0,0,0,0,0,0,0,0,0,0,0,0,0,0,0,0,0,0,0,,,,,
Dalvin Cook,RB,MIN,5,NYG,0,0,0,0,0,132,0,21,6,86,0,6,0,0,0,0,0,0,0,0,0,0,,,,,
Damien Williams,RB,KC,5,IND,0,0,0,0,0,23,0,9,3,15,0,4,0,0,0,0,0,0,0,0,0,0,,,,,
Damion Ratley,WR,CLE,5,SF,0,0,0,0,0,0,0,0,0,0,0,2,0,0,0,0,0,0,0,0,0,0,,,,,
Damion Willis,WR,CIN,5,ARI,0,0,0,0,0,0,0,0,4,38,0,4,0,0,0,0,0,0,0,0,0,0,,,,,
Dan Bailey,K,MIN,5,NYG,0,0,0,0,0,0,0,0,0,0,0,0,0,0,0,0,0,2,2,0,0,2,,,,,
Daniel Brown,TE,NYJ,5,PHI,0,0,0,0,0,0,0,0,0,0,0,0,0,0,0,0,0,0,0,0,0,0,,,,,
Daniel Carlson,K,LV,5,CHI,0,0,0,0,0,0,0,0,0,0,0,0,0,0,0,0,0,0,1,0,0,3,,,,,
Daniel Jones,QB,NYG,5,MIN,182,1,38,21,1,12,0,3,0,0,0,0,0,0,0,0,0,0,0,0,0,0,,,,,
Danny Vitale,RB,GB,5,DAL,0,0,0,0,0,0,0,0,1,9,0,1,0,0,0,0,0,0,0,0,0,0,,,,,
Dante Pettis,WR,SF,5,CLE,0,0,0,0,0,0,0,0,1,11,0,3,0,0,0,0,0,0,0,0,0,0,,,,,
Dare Ogunbowale,RB,TB,5,NO,0,0,0,0,0,-4,0,1,2,27,0,3,0,0,0,0,0,0,0,0,0,0,,,,,
Darius Jennings,WR,TEN,5,BUF,0,0,0,0,0,0,0,0,0,0,0,0,0,0,0,0,0,0,0,0,0,0,,,,,
Darius Slayton,WR,NYG,5,MIN,0,0,0,0,0,0,0,0,4,62,1,5,0,0,0,0,0,0,0,0,0,0,,,,,
Darren Fells,TE,HOU,5,ATL,0,0,0,0,0,0,0,0,2,20,2,2,0,0,0,0,0,0,0,0,0,0,,,,,
Darren Sproles,RB,PHI,5,NYJ,0,0,0,0,0,4,0,3,0,0,0,1,0,0,0,0,0,0,0,0,0,0,,,,,
Darren Waller,TE,LV,5,CHI,0,0,0,0,0,0,0,0,4,39,0,5,0,0,0,0,0,0,0,0,0,0,,,,,
Darrius Shepherd,WR,GB,5,DAL,0,0,0,0,0,0,0,0,0,0,0,0,0,0,0,0,0,0,0,0,0,0,,,,,
David Fales,QB,NYJ,5,PHI,0,0,0,0,0,0,0,0,0,0,0,0,0,0,0,0,0,0,0,0,0,0,,,,,
David Johnson,RB,ARI,5,CIN,0,0,0,0,0,91,0,17,3,65,0,5,0,0,0,0,0,0,0,0,0,0,,,,,
David Montgomery,RB,CHI,5,LV,0,0,0,0,0,25,1,11,1,11,0,1,0,0,0,0,0,0,0,0,0,0,,,,,
David Moore,WR,SEA,5,LA,0,0,0,0,0,0,0,0,1,10,1,2,0,0,0,0,0,0,0,0,0,0,,,,,
Dawson Knox,TE,BUF,5,TEN,0,0,0,0,0,0,0,0,2,12,0,5,0,0,0,0,0,0,0,0,0,0,,,,,
De'Anthony Thomas,WR,KC,5,IND,0,0,0,0,0,0,0,0,0,0,0,0,0,0,0,0,0,0,0,0,0,0,,,,,
DeAndre Carter,WR,HOU,5,ATL,0,0,0,0,0,0,0,0,0,0,0,0,0,0,0,0,0,0,0,0,0,0,,,,,
DeAndre Hopkins,WR,HOU,5,ATL,0,0,0,0,0,0,0,0,7,88,0,8,0,0,0,0,0,0,0,0,0,0,,,,,
DeAndre Washington,RB,LV,5,CHI,0,0,0,0,0,17,1,6,3,19,0,3,0,0,0,0,0,0,0,0,0,0,,,,,
Dede Westbrook,WR,JAX,5,CAR,0,0,0,0,0,0,0,0,7,82,0,11,0,0,0,0,0,0,0,0,0,0,,,,,
Deebo Samuel Sr.,WR,SF,5,CLE,0,0,0,0,0,0,0,0,1,3,0,3,0,0,0,0,0,0,0,0,0,0,,,,,
Delanie Walker,TE,TEN,5,BUF,0,0,0,0,0,0,0,0,1,10,0,2,0,0,0,0,0,0,0,0,0,0,,,,,
Demarcus Robinson,WR,KC,5,IND,0,0,0,0,0,0,0,0,3,31,0,6,0,0,0,0,0,0,0,0,0,0,,,,,
Demaryius Thomas,WR,NYJ,5,PHI,0,0,0,0,0,0,0,0,4,47,0,9,0,0,0,0,0,0,0,0,0,0,,,,,
Demetrius Harris,TE,CLE,5,SF,0,0,0,0,0,0,0,0,1,0,0,2,0,0,0,0,0,0,0,0,0,0,,,,,
Deon Cain,WR,IND,5,KC,0,0,0,0,0,0,0,0,1,7,0,1,0,0,0,0,0,0,0,0,0,0,,,,,
Deonte Harty,WR,NO,5,TB,0,0,0,0,0,0,0,0,0,0,0,0,0,0,0,0,0,0,0,0,0,0,,,,,
Derek Carr,QB,LV,5,CHI,229,0,32,25,0,8,0,3,0,0,0,0,0,0,0,0,0,0,0,0,0,0,,,,,
Derek Carrier,TE,LV,5,CHI,0,0,0,0,0,0,0,0,2,22,0,2,0,0,0,0,0,0,0,0,0,0,,,,,
Derrick Henry,RB,TEN,5,BUF,0,0,0,0,0,78,1,20,0,0,0,0,0,0,0,0,0,0,0,0,0,0,,,,,
Deshaun Watson,QB,HOU,5,ATL,426,5,33,28,0,47,0,4,0,0,0,0,0,0,0,0,0,0,0,0,0,0,,,,,
Devlin Hodges,QB,PIT,5,BAL,68,0,9,7,0,20,0,2,0,0,0,0,0,0,0,0,0,0,0,0,0,0,,,,,
Devonta Freeman,RB,ATL,5,HOU,0,0,0,0,0,30,0,11,5,40,1,5,0,0,0,0,0,0,0,0,0,0,,,,,
Dion Lewis,RB,TEN,5,BUF,0,0,0,0,0,11,0,2,2,19,0,4,0,0,0,0,0,0,0,0,0,0,,,,,
Diontae Johnson,WR,PIT,5,BAL,0,0,0,0,0,0,0,0,5,27,0,8,0,0,0,0,0,0,0,0,0,0,,,,,
Diontae Spencer,WR,DEN,5,LAC,0,0,0,0,0,9,0,1,0,0,0,0,0,0,0,0,0,0,0,0,0,0,,,,,
Dontrell Hilliard,RB,CLE,5,SF,0,0,0,0,0,0,0,0,0,0,0,0,0,0,0,0,0,0,0,0,0,0,,,,,
Duke Johnson,RB,HOU,5,ATL,0,0,0,0,0,59,0,9,1,8,0,1,0,0,0,0,0,0,0,0,0,0,,,,,
Duke Williams,WR,BUF,5,TEN,0,0,0,0,0,0,0,0,4,29,1,4,0,0,0,0,0,0,0,0,0,0,,,,,
Dustin Hopkins,K,WAS,5,NE,0,0,0,0,0,0,0,0,0,0,0,0,0,0,0,0,0,0,0,0,0,1,,,,,
Eddy Pineiro,K,CHI,5,LV,0,0,0,0,0,0,0,0,0,0,0,0,0,0,0,0,0,0,0,0,0,3,,,,,
Emmanuel Sanders,WR,DEN,5,LAC,0,0,0,0,0,0,0,0,1,9,0,1,0,0,0,0,0,0,0,0,0,0,,,,,
Eric Ebron,TE,IND,5,KC,0,0,0,0,0,0,0,0,1,8,0,4,0,0,0,0,0,0,0,0,0,0,,,,,
Evan Engram,TE,NYG,5,MIN,0,0,0,0,0,5,0,2,6,42,0,11,0,0,0,0,0,0,0,0,0,0,,,,,
Ezekiel Elliott,RB,DAL,5,GB,0,0,0,0,0,62,1,12,2,29,0,3,0,0,0,0,0,0,0,0,0,0,,,,,
Foster Moreau,TE,LV,5,CHI,0,0,0,0,0,0,0,0,4,46,0,4,0,0,0,0,0,0,0,0,0,0,,,,,
Frank Gore,RB,BUF,5,TEN,0,0,0,0,0,60,0,14,2,9,0,2,0,0,0,0,0,0,0,0,0,0,,,,,
Fred Brown,WR,DEN,5,LAC,0,0,0,0,0,0,0,0,0,0,0,0,0,0,0,0,0,0,0,0,0,0,,,,,
GB,DEF,GB,5,DAL,,,,,,,,,,,,,,,,,,,,,,,0,0,0,0,24.0
Gardner Minshew,QB,JAX,5,CAR,374,2,44,26,0,42,0,7,0,0,0,0,0,0,0,0,0,0,0,0,0,0,,,,,
Garrett Gilbert,QB,CLE,5,SF,0,0,1,0,0,0,0,0,0,0,0,0,0,0,0,0,0,0,0,0,0,0,,,,,
Geoff Swaim,TE,JAX,5,CAR,0,0,0,0,0,0,0,0,1,4,0,1,0,0,0,0,0,0,0,0,0,0,,,,,
George Kittle,TE,SF,5,CLE,0,0,0,0,0,18,0,1,6,70,1,8,0,0,0,0,0,0,0,0,0,0,,,,,
Gerald Everett,TE,LA,5,SEA,0,0,0,0,0,0,0,0,7,136,0,11,0,0,0,0,0,0,0,0,0,0,,,,,
Geremy Davis,WR,LAC,5,DEN,0,0,0,0,0,0,0,0,0,0,0,0,0,0,0,0,0,0,0,0,0,0,,,,,
Geronimo Allison,WR,GB,5,DAL,0,0,0,0,0,0,0,0,2,28,0,6,0,0,0,0,0,0,0,0,0,0,,,,,
Giovani Bernard,RB,CIN,5,ARI,0,0,0,0,0,10,0,2,3,16,0,3,0,0,0,0,0,0,0,0,0,0,,,,,
Golden Tate,WR,NYG,5,MIN,0,0,0,0,0,0,0,0,3,13,0,6,0,0,0,0,0,0,0,0,0,0,,,,,
Greg Olsen,TE,CAR,5,JAX,0,0,0,0,0,0,0,0,0,0,0,2,0,0,0,0,0,0,0,0,0,0,,,,,
Greg Zuerlein,K,LA,5,SEA,0,0,0,0,0,0,0,0,0,0,0,0,0,0,0,0,0,2,1,0,0,2,,,,,
Gunner Olszewski,WR,NE,5,WAS,0,0,0,0,0,0,0,0,0,0,0,0,0,0,0,0,0,0,0,0,0,0,,,,,
Gus Edwards,RB,BAL,5,PIT,0,0,0,0,0,17,0,5,1,6,0,1,0,0,0,0,0,0,0,0,0,0,,,,,
HOU,DEF,HOU,5,ATL,,,,,,,,,,,,,,,,,,,,,,,1,0,0,0,32.0
Harrison Butker,K,KC,5,IND,0,0,0,0,0,0,0,0,0,0,0,0,0,0,0,0,1,1,0,0,0,1,,,,,
Hayden Hurst,TE,BAL,5,PIT,0,0,0,0,0,0,0,0,4,32,0,4,0,0,0,0,0,0,0,0,0,0,,,,,
Hunter Renfrow,WR,LV,5,CHI,0,0,0,0,0,0,0,0,1,12,0,5,0,0,0,0,0,0,0,0,0,0,,,,,
IND,DEF,IND,5,KC,,,,,,,,,,,,,,,,,,,,,,,0,0,0,0,13.0
Ian Thomas,TE,CAR,5,JAX,0,0,0,0,0,0,0,0,0,0,0,0,0,0,0,0,0,0,0,0,0,0,,,,,
Isaiah McKenzie,WR,BUF,5,TEN,0,0,0,0,0,0,0,0,2,52,0,2,0,0,0,0,0,0,0,0,0,0,,,,,
Ito Smith,RB,ATL,5,HOU,0,0,0,0,0,19,0,5,6,45,0,6,0,0,0,0,0,0,0,0,0,0,,,,,
J.P. Holtz,TE,CHI,5,LV,0,0,0,0,0,0,0,0,1,16,0,2,0,0,0,0,0,0,0,0,0,0,,,,,
JAX,DEF,JAX,5,CAR,,,,,,,,,,,,,,,,,,,,,,,0,0,0,0,34.0
Jack Doyle,TE,IND,5,KC,0,0,0,0,0,0,0,0,3,19,0,3,0,0,0,0,0,0,0,0,0,0,,,,,
Jacoby Brissett,QB,IND,5,KC,151,0,29,18,1,9,1,6,0,0,0,0,0,0,0,0,0,0,0,0,0,0,,,,,
Jaeden Graham,TE,ATL,5,HOU,0,0,0,0,0,0,0,0,0,0,0,0,0,0,0,0,0,0,0,0,0,0,,,,,
Jake Elliott,K,PHI,5,NYJ,0,0,0,0,0,0,0,0,0,0,0,0,0,0,0,0,1,0,0,0,0,4,,,,,
Jake Kumerow,WR,GB,5,DAL,0,0,0,0,0,0,0,0,1,9,0,2,0,0,0,0,0,0,0,0,0,0,,,,,
Jakob Johnson,RB,NE,5,WAS,0,0,0,0,0,0,0,0,1,5,0,2,0,0,0,0,0,0,0,0,0,0,,,,,
Jakobi Meyers,WR,NE,5,WAS,0,0,0,0,0,0,0,0,1,6,0,2,0,0,0,0,0,0,0,0,0,0,,,,,
Jalen Richard,RB,LV,5,CHI,0,0,0,0,0,14,0,2,2,18,0,2,0,0,0,0,0,0,0,0,0,0,,,,,
Jameis Winston,QB,TB,5,NO,204,2,27,15,0,13,0,3,0,0,0,0,0,0,0,0,0,0,0,0,0,0,,,,,
James Conner,RB,PIT,5,BAL,0,0,0,0,0,55,1,14,0,0,0,0,0,0,0,0,0,0,0,0,0,0,,,,,
James O'Shaughnessy,TE,JAX,5,CAR,0,0,0,0,0,0,0,0,3,57,0,4,0,0,0,0,0,0,0,0,0,0,,,,,
James Washington,WR,PIT,5,BAL,0,0,0,0,0,0,0,0,3,52,0,6,0,0,0,0,0,0,0,0,0,0,,,,,
James White,RB,NE,5,WAS,0,0,0,0,0,26,0,6,6,46,0,9,0,0,0,0,0,0,0,0,0,0,,,,,
Jamison Crowder,WR,NYJ,5,PHI,0,0,0,0,0,0,0,0,2,10,0,3,0,0,0,0,0,0,0,0,0,0,,,,,
Jared Cook,TE,NO,5,TB,0,0,0,0,0,0,0,0,4,41,1,6,0,0,0,0,0,0,0,0,0,0,,,,,
Jared Goff,QB,LA,5,SEA,395,1,49,29,1,1,0,1,0,0,0,0,0,0,0,0,0,0,0,0,0,0,,,,,
Jarius Wright,WR,CAR,5,JAX,0,0,0,0,0,0,0,0,1,6,0,3,0,0,0,0,0,0,0,0,0,0,,,,,
Jaron Brown,WR,SEA,5,LA,0,0,0,0,0,0,0,0,2,36,0,4,0,0,0,0,0,0,0,0,0,0,,,,,
Jarrett Stidham,QB,NE,5,WAS,0,0,1,0,0,0,0,0,0,0,0,0,0,0,0,0,0,0,0,0,0,0,,,,,
Jarvis Landry,WR,CLE,5,SF,0,0,0,0,0,0,0,0,4,75,0,6,0,0,0,0,0,0,0,0,0,0,,,,,
Jason Myers,K,SEA,5,LA,0,0,0,0,0,0,0,0,0,0,0,0,0,0,0,0,0,0,1,0,0,3,,,,,
Jason Witten,TE,DAL,5,GB,0,0,0,0,0,0,0,0,3,29,0,4,0,0,0,0,0,0,0,0,0,0,,,,,
Javon Wims,WR,CHI,5,LV,0,0,0,0,0,0,0,0,0,0,0,1,0,0,0,0,0,0,0,0,0,0,,,,,
Jaylen Samuels,RB,PIT,5,BAL,4,0,2,1,1,2,0,3,3,11,0,4,0,0,0,0,0,0,0,0,0,0,,,,,
Jeff Heuerman,TE,DEN,5,LAC,0,0,0,0,0,0,0,0,1,26,0,3,0,0,0,0,0,0,0,0,0,0,,,,,
Jeremy Sprinkle,TE,WAS,5,NE,0,0,0,0,0,0,0,0,2,17,0,3,0,0,0,0,0,0,0,0,0,0,,,,,
Jimmy Garoppolo,QB,SF,5,CLE,181,2,29,20,0,-3,0,4,0,0,0,0,0,0,0,0,0,0,0,0,0,0,,,,,
Jimmy Graham,TE,GB,5,DAL,0,0,0,0,0,0,0,0,3,41,0,3,0,0,0,0,0,0,0,0,0,0,,,,,
JoJo Natson,WR,LA,5,SEA,0,0,0,0,0,0,0,0,0,0,0,0,0,0,0,0,0,0,0,0,0,0,,,,,
Joe Flacco,QB,DEN,5,LAC,182,1,20,14,1,7,0,3,0,0,0,0,0,0,0,0,0,0,0,0,0,0,,,,,
Joe Mixon,RB,CIN,5,ARI,0,0,0,0,0,93,0,19,1,16,0,1,0,0,0,0,0,0,0,0,0,0,,,,,
Joey Slye,K,CAR,5,JAX,0,0,0,0,0,0,0,0,0,0,0,0,0,0,0,0,0,0,0,0,0,4,,,,,
John Brown,WR,BUF,5,TEN,0,0,0,0,0,0,0,0,5,75,0,5,0,0,0,0,0,0,0,0,0,0,,,,,
Johnny Holton,WR,PIT,5,BAL,0,0,0,0,0,0,0,0,0,4,0,1,0,0,0,0,0,0,0,0,0,0,,,,,
Jon Hilliman,RB,NYG,5,MIN,0,0,0,0,0,20,0,9,1,4,0,2,0,0,0,0,0,0,0,0,0,0,,,,,
Jonnu Smith,TE,TEN,5,BUF,0,0,0,0,0,0,0,0,1,57,0,2,0,0,0,0,0,0,0,0,0,0,,,,,
Jordan Akins,TE,HOU,5,ATL,0,0,0,0,0,0,0,0,1,21,0,1,0,0,0,0,0,0,0,0,0,0,,,,,
Jordan Howard,RB,PHI,5,NYJ,0,0,0,0,0,62,1,13,0,0,0,0,0,0,0,0,0,0,0,0,0,0,,,,,
Jordan Scarlett,RB,CAR,5,JAX,0,0,0,0,0,0,0,0,0,0,0,0,0,0,0,0,0,0,0,0,0,0,,,,,
Jordan Wilkins,RB,IND,5,KC,0,0,0,0,0,28,0,7,0,0,0,0,0,0,0,0,0,0,0,0,0,0,,,,,
Josh Allen,QB,BUF,5,TEN,219,2,32,23,1,27,0,10,0,0,0,0,0,0,0,0,0,0,0,0,0,0,,,,,
Josh Bellamy,WR,NYJ,5,PHI,0,0,0,0,0,0,0,0,0,0,0,0,0,0,0,0,0,0,0,0,0,0,,,,,
Josh Gordon,WR,NE,5,WAS,0,0,0,0,0,0,0,0,5,59,0,8,0,0,0,0,0,0,0,0,0,0,,,,,
Josh Hill,TE,NO,5,TB,0,0,0,0,0,0,0,0,3,39,0,4,0,0,0,0,0,0,0,0,0,0,,,,,
Josh Jacobs,RB,LV,5,CHI,0,0,0,0,0,123,2,26,3,20,0,3,0,0,0,0,0,0,0,0,0,0,,,,,
Josh Lambo,K,JAX,5,CAR,0,0,0,0,0,0,0,0,0,0,0,0,0,0,0,0,0,2,0,0,0,3,,,,,
Josh McCown,QB,PHI,5,NYJ,0,0,0,0,0,-2,0,2,0,0,0,0,0,0,0,0,0,0,0,0,0,0,,,,,
Josh Reynolds,WR,LA,5,SEA,0,0,0,0,0,0,0,0,1,12,0,1,0,0,0,0,0,0,0,0,0,0,,,,,
JuJu Smith-Schuster,WR,PIT,5,BAL,0,0,0,0,0,0,0,0,7,75,1,7,0,0,0,0,0,0,0,0,0,0,,,,,
Julian Edelman,WR,NE,5,WAS,0,0,0,0,0,0,0,0,8,110,1,9,0,0,0,0,0,0,0,0,0,0,,,,,
Julio Jones,WR,ATL,5,HOU,0,0,0,0,0,0,0,0,3,42,0,7,0,0,0,0,0,0,0,0,0,0,,,,,
Justice Hill,RB,BAL,5,PIT,0,0,0,0,0,7,0,2,0,0,0,0,0,0,0,0,0,0,0,0,0,0,,,,,
Justin Hardy,WR,ATL,5,HOU,0,0,0,0,0,0,0,0,1,5,0,1,0,0,0,0,0,0,0,0,0,0,,,,,
Justin Tucker,K,BAL,5,PIT,0,0,0,0,0,0,0,0,0,0,0,0,0,0,0,0,2,0,2,0,0,2,,,,,
KC,DEF,KC,5,IND,,,,,,,,,,,,,,,,,,,,,,,0,0,0,0,19.0
Ka'imi Fairbairn,K,HOU,5,ATL,0,0,0,0,0,0,0,0,0,0,0,0,0,0,0,0,1,0,0,1,0,5,,,,,
KeeSean Johnson,WR,ARI,5,CIN,0,0,0,0,0,3,0,1,3,22,0,7,0,0,0,0,0,0,0,0,0,0,,,,,
Keelan Doss,WR,LV,5,CHI,0,0,0,0,0,0,0,0,2,11,0,2,0,0,0,0,0,0,0,0,0,0,,,,,
Keenan Allen,WR,LAC,5,DEN,0,0,0,0,0,0,0,0,4,18,0,6,0,0,0,0,0,0,0,0,0,0,,,,,
Keke Coutee,WR,HOU,5,ATL,0,0,0,0,0,0,0,0,3,72,0,4,0,0,0,0,0,0,0,0,0,0,,,,,
Kelvin Harmon,WR,WAS,5,NE,0,0,0,0,0,0,0,0,1,4,0,1,0,0,0,0,0,0,0,0,0,0,,,,,
Kendrick Bourne,WR,SF,5,CLE,0,0,0,0,0,0,0,0,2,24,0,2,0,0,0,0,0,0,0,0,0,0,,,,,
Kirk Cousins,QB,MIN,5,NYG,306,2,27,22,0,3,0,3,0,0,0,0,0,0,0,0,0,0,0,0,0,0,,,,,
Kyle Allen,QB,CAR,5,JAX,181,1,30,17,0,4,0,1,0,0,0,0,0,0,0,0,0,0,0,0,0,0,,,,,
Kyle Juszczyk,RB,SF,5,CLE,0,0,0,0,0,0,0,0,2,20,0,3,0,0,0,0,0,0,0,0,0,0,,,,,
Kyle Rudolph,TE,MIN,5,NYG,0,0,0,0,0,0,0,0,1,4,0,1,0,0,0,0,0,0,0,0,0,0,,,,,
Kyler Murray,QB,ARI,5,CIN,253,0,32,20,0,93,1,10,0,0,0,0,0,0,0,0,0,0,0,0,0,0,,,,,
LA,DEF,LA,5,SEA,,,,,,,,,,,,,,,,,,,,,,,0,0,0,0,30.0
LAC,DEF,LAC,5,DEN,,,,,,,,,,,,,,,,,,,,,,,0,0,0,0,20.0
LV,DEF,LV,5,CHI,,,,,,,,,,,,,,,,,,,,,,,0,0,0,0,0.0
Lamar Jackson,QB,BAL,5,PIT,161,1,28,19,3,70,0,14,0,0,0,0,0,0,0,0,0,0,0,0,0,0,,,,,
Lance Kendricks,TE,LAC,5,DEN,0,0,0,0,0,0,0,0,0,0,0,1,0,0,0,0,0,0,0,0,0,0,,,,,
Larry Fitzgerald,WR,ARI,5,CIN,0,0,0,0,0,0,0,0,6,58,0,8,0,0,0,0,0,0,0,0,0,0,,,,,
Latavius Murray,RB,NO,5,TB,0,0,0,0,0,28,0,7,2,6,0,2,0,0,0,0,0,0,0,0,0,0,,,,,
Le'Veon Bell,RB,NYJ,5,PHI,0,0,0,0,0,43,0,15,7,45,0,9,0,0,0,0,0,0,0,0,0,0,,,,,
LeSean McCoy,RB,KC,5,IND,0,0,0,0,0,0,0,0,2,23,0,2,0,0,0,0,0,0,0,0,0,0,,,,,
Lee Smith,TE,BUF,5,TEN,0,0,0,0,0,0,0,0,1,8,1,1,0,0,0,0,0,0,0,0,0,0,,,,,
Leonard Fournette,RB,JAX,5,CAR,0,0,0,0,0,108,1,23,4,29,0,7,0,0,0,0,0,0,0,0,0,0,,,,,
Levine Toilolo,TE,SF,5,CLE,0,0,0,0,0,0,0,0,0,0,0,0,0,0,0,0,0,0,0,0,0,0,,,,,
Luke Falk,QB,NYJ,5,PHI,120,0,26,15,2,0,0,0,0,0,0,0,0,0,0,0,0,0,0,0,0,0,,,,,
Luke Stocker,TE,ATL,5,HOU,0,0,0,0,0,0,0,0,0,0,0,0,0,0,0,0,0,0,0,0,0,0,,,,,
Luke Willson,TE,SEA,5,LA,0,0,0,0,0,0,0,0,1,10,0,1,0,0,0,0,0,0,0,0,0,0,,,,,
MIN,DEF,MIN,5,NYG,,,,,,,,,,,,,,,,,,,,,,,0,1,0,0,10.0
Mack Hollins,WR,PHI,5,NYJ,0,0,0,0,0,0,0,0,0,0,0,1,0,0,0,0,0,0,0,0,0,0,,,,,
Malcolm Brown,RB,LA,5,SEA,0,0,0,0,0,3,0,1,0,0,0,0,0,0,0,0,0,0,0,0,0,0,,,,,
Marcedes Lewis,TE,GB,5,DAL,0,0,0,0,0,0,0,0,2,17,0,2,0,0,0,0,0,0,0,0,0,0,,,,,
Marcus Mariota,QB,TEN,5,BUF,183,0,22,13,0,13,0,5,0,0,0,0,0,0,0,0,0,0,0,0,0,0,,,,,
Mark Andrews,TE,BAL,5,PIT,0,0,0,0,0,0,0,0,5,45,0,7,0,0,0,0,0,0,0,0,0,0,,,,,
Mark Ingram,RB,BAL,5,PIT,0,0,0,0,0,44,1,19,2,5,0,2,0,0,0,0,0,0,0,0,0,0,,,,,
Marlon Mack,RB,IND,5,KC,0,0,0,0,0,132,0,29,3,16,0,3,0,0,0,0,0,0,0,0,0,0,,,,,
Marqise Lee,WR,JAX,5,CAR,0,0,0,0,0,0,0,0,1,5,0,2,0,0,0,0,0,0,0,0,0,0,,,,,
Marquez Valdes-Scantling,WR,GB,5,DAL,0,0,0,0,0,0,0,0,1,18,0,4,0,0,0,0,0,0,0,0,0,0,,,,,
Marquise Brown,WR,BAL,5,PIT,0,0,0,0,0,0,0,0,3,22,1,5,0,0,0,0,0,0,0,0,0,0,,,,,
Marquise Goodwin,WR,SF,5,CLE,0,0,0,0,0,15,0,1,3,41,0,4,0,0,0,0,0,0,0,0,0,0,,,,,
Mason Crosby,K,GB,5,DAL,0,0,0,0,0,0,0,0,0,0,0,0,0,0,0,0,1,1,0,0,0,4,,,,,
Mason Rudolph,QB,PIT,5,BAL,131,1,20,13,0,0,0,0,0,0,0,0,0,0,0,0,0,0,0,0,0,0,,,,,
Matt Breida,RB,SF,5,CLE,0,0,0,0,0,114,1,11,3,15,1,3,0,0,0,0,0,0,0,0,0,0,,,,,
Matt Bryant,K,ATL,5,HOU,0,0,0,0,0,0,0,0,0,0,0,0,0,0,0,0,0,1,0,0,0,3,,,,,
Matt Gay,K,TB,5,NO,0,0,0,0,0,0,0,0,0,0,0,0,0,0,0,0,0,0,1,0,0,3,,,,,
Matt LaCosse,TE,NE,5,WAS,0,0,0,0,0,0,0,0,1,22,0,4,0,0,0,0,0,0,0,0,0,0,,,,,
Matt Ryan,QB,ATL,5,HOU,330,3,46,32,1,7,1,3,0,0,0,0,0,0,1,0,0,0,0,0,0,0,,,,,
Maxx Williams,TE,ARI,5,CIN,0,0,0,0,0,0,0,0,1,7,0,1,0,0,0,0,0,0,0,0,0,0,,,,,
Mecole Hardman,WR,KC,5,IND,0,0,0,0,0,-6,0,1,4,79,0,6,0,0,0,0,0,0,0,0,0,0,,,,,
Melvin Gordon,RB,LAC,5,DEN,0,0,0,0,0,31,0,12,4,7,0,6,0,0,0,0,0,0,0,0,0,0,,,,,
Michael Gallup,WR,DAL,5,GB,0,0,0,0,0,0,0,0,7,113,1,14,0,0,0,0,0,0,0,0,0,0,,,,,
Michael Thomas,WR,NO,5,TB,0,0,0,0,0,0,0,0,11,182,2,13,0,0,0,0,0,0,0,0,0,0,,,,,
Mike Evans,WR,TB,5,NO,0,0,0,0,0,0,0,0,0,0,0,3,0,0,0,0,0,0,0,0,0,0,,,,,
Mike Nugent,K,NE,5,WAS,0,0,0,0,0,0,0,0,0,0,0,0,0,0,0,0,1,1,0,0,0,3,,,,,
Mike Williams,WR,LAC,5,DEN,0,0,0,0,0,0,0,0,6,74,0,13,0,0,0,0,0,0,0,0,0,0,,,,,
Miles Sanders,RB,PHI,5,NYJ,0,0,0,0,0,15,0,9,4,49,0,5,0,0,0,0,0,0,0,0,0,0,,,,,
Mo Alie-Cox,TE,IND,5,KC,0,0,0,0,0,0,0,0,1,10,0,2,0,0,0,0,0,0,0,0,0,0,,,,,
Mohamed Sanu,WR,ATL,5,HOU,0,0,0,0,0,1,0,1,5,42,1,5,0,0,0,0,0,0,0,0,0,0,,,,,
MyCole Pruitt,TE,TEN,5,BUF,0,0,0,0,0,0,0,0,0,0,0,0,0,0,0,0,0,0,0,0,0,0,,,,,
NE,DEF,NE,5,WAS,,,,,,,,,,,,,,,,,,,,,,,0,0,0,0,7.0
NO,DEF,NO,5,TB,,,,,,,,,,,,,,,,,,,,,,,0,0,0,0,24.0
NYG,DEF,NYG,5,MIN,,,,,,,,,,,,,,,,,,,,,,,0,0,0,0,28.0
NYJ,DEF,NYJ,5,PHI,,,,,,,,,,,,,,,,,,,,,,,0,0,0,0,31.0
Nelson Agholor,WR,PHI,5,NYJ,0,0,0,0,0,0,0,0,1,20,0,3,0,0,0,0,0,0,0,0,0,0,,,,,
Nick Boyle,TE,BAL,5,PIT,0,0,0,0,0,0,0,0,0,0,0,2,0,0,0,0,0,0,0,0,0,0,,,,,
Nick Chubb,RB,CLE,5,SF,0,0,0,0,0,87,0,16,1,12,0,1,0,0,0,0,0,0,0,0,0,0,,,,,
Nick Vannett,TE,PIT,5,BAL,0,0,0,0,0,0,0,0,0,0,0,1,0,0,0,0,0,0,0,0,0,0,,,,,
Noah Fant,TE,DEN,5,LAC,0,0,0,0,0,0,0,0,1,6,0,1,0,0,0,0,0,0,0,0,0,0,,,,,
Nyheim Hines,RB,IND,5,KC,0,0,0,0,0,-1,0,2,4,46,0,5,0,0,0,0,0,0,0,0,0,0,,,,,
O.J. Howard,TE,TB,5,NO,0,0,0,0,0,0,0,0,1,10,0,2,0,0,0,0,0,0,0,0,0,0,,,,,
Odell Beckham Jr.,WR,CLE,5,SF,20,0,1,1,0,15,0,2,2,27,0,6,0,0,0,0,0,0,0,0,0,0,,,,,
PHI,DEF,PHI,5,NYJ,,,,,,,,,,,,,,,,,,,,,,,1,0,0,0,6.0
PIT,DEF,PIT,5,BAL,,,,,,,,,,,,,,,,,,,,,,,0,0,0,0,26.0
Patrick Mahomes,QB,KC,5,IND,321,1,39,22,0,17,0,3,0,0,0,0,0,0,0,0,0,0,0,0,0,0,,,,,
Paul Richardson,WR,WAS,5,NE,0,0,0,0,0,0,0,0,2,14,0,2,0,0,0,0,0,0,0,0,0,0,,,,,
Peyton Barber,RB,TB,5,NO,0,0,0,0,0,32,1,8,1,-1,0,1,0,0,0,0,0,0,0,0,0,0,,,,,
Pharaoh Brown,TE,CLE,5,SF,0,0,0,0,0,0,0,0,0,0,0,0,0,0,0,0,0,0,0,0,0,0,,,,,
Pharoh Cooper,WR,ARI,5,CIN,0,0,0,0,0,0,0,0,2,33,0,2,0,0,0,0,0,0,0,0,0,0,,,,,
Philip Rivers,QB,LAC,5,DEN,211,0,48,32,2,-3,0,1,0,0,0,0,0,0,0,0,0,0,0,0,0,0,,,,,
Phillip Lindsay,RB,DEN,5,LAC,0,0,0,0,0,114,1,15,4,33,0,4,0,0,0,0,0,0,0,0,0,0,,,,,
Raheem Mostert,RB,SF,5,CLE,0,0,0,0,0,34,0,7,0,0,0,0,0,0,0,0,0,0,0,0,0,0,,,,,
Randall Cobb,WR,DAL,5,GB,0,0,0,0,0,0,0,0,3,53,0,6,0,0,0,0,0,0,0,0,0,0,,,,,
Randy Bullock,K,CIN,5,ARI,0,0,0,0,0,0,0,0,0,0,0,0,0,0,0,0,2,0,1,0,0,2,,,,,
Rashaad Penny,RB,SEA,5,LA,0,0,0,0,0,18,0,6,2,31,0,2,0,0,0,0,0,0,0,0,0,0,,,,,
Ray-Ray McCloud,WR,CAR,5,JAX,0,0,0,0,0,0,0,0,0,0,0,0,0,0,0,0,0,0,0,0,0,0,,,,,
Reggie Bonnafon,RB,CAR,5,JAX,0,0,0,0,0,80,1,5,0,0,0,0,0,0,0,0,0,0,0,0,0,0,,,,,
Rhett Ellison,TE,NYG,5,MIN,0,0,0,0,0,0,0,0,1,3,0,1,0,0,0,0,0,0,0,0,0,0,,,,,
Richie James,WR,SF,5,CLE,0,0,0,0,0,0,0,0,0,0,0,0,0,0,0,0,0,0,0,0,0,0,,,,,
Ricky Seals-Jones,TE,CLE,5,SF,0,0,0,0,0,0,0,0,0,0,0,1,0,0,0,0,0,0,0,0,0,0,,,,,
Robbie Chosen,WR,NYJ,5,PHI,0,0,0,0,0,0,0,0,1,16,0,3,0,0,0,0,0,0,0,0,0,0,,,,,
Robbie Gould,K,SF,5,CLE,0,0,0,0,0,0,0,0,0,0,0,0,0,0,0,0,0,0,1,0,0,4,,,,,
Robert Tonyan,TE,GB,5,DAL,0,0,0,0,0,0,0,0,1,23,0,1,0,0,0,0,0,0,0,0,0,0,,,,,
Robert Woods,WR,LA,5,SEA,0,0,0,0,0,0,0,0,5,48,0,9,0,0,0,0,0,0,0,0,0,0,,,,,
Ronald Jones,RB,TB,5,NO,0,0,0,0,0,35,0,9,2,21,0,3,0,0,0,0,0,0,0,0,0,0,,,,,
Ross Dwelley,TE,SF,5,CLE,0,0,0,0,0,0,0,0,2,-3,0,2,0,0,0,0,0,0,0,0,0,0,,,,,
Royce Freeman,RB,DEN,5,LAC,0,0,0,0,0,61,0,13,2,6,0,2,0,0,0,0,0,0,0,0,0,0,,,,,
Russell Gage,WR,ATL,5,HOU,0,0,0,0,0,0,0,0,1,12,0,2,0,0,0,0,0,0,0,0,0,0,,,,,
Russell Wilson,QB,SEA,5,LA,268,4,23,17,0,32,0,8,0,0,0,0,0,0,0,0,0,0,0,0,0,0,,,,,
Ryan Griffin,TE,NYJ,5,PHI,0,0,0,0,0,0,0,0,1,2,0,1,0,0,0,0,0,0,0,0,0,0,,,,,
Ryan Izzo,TE,NE,5,WAS,0,0,0,0,0,0,0,0,2,39,1,2,0,0,0,0,0,0,0,0,0,0,,,,,
Ryan Switzer,WR,PIT,5,BAL,0,0,0,0,0,0,0,0,0,0,0,0,0,0,0,0,0,0,0,0,0,0,,,,,
Ryquell Armstead,RB,JAX,5,CAR,0,0,0,0,0,-1,0,1,1,7,0,1,0,0,0,0,0,0,0,0,0,0,,,,,
SEA,DEF,SEA,5,LA,,,,,,,,,,,,,,,,,,,,,,,0,0,0,0,29.0
SF,DEF,SF,5,CLE,,,,,,,,,,,,,,,,,,,,,,,0,0,0,0,3.0
Sam Ficken,K,NYJ,5,PHI,0,0,0,0,0,0,0,0,0,0,0,0,0,0,0,0,0,0,0,0,0,0,,,,,
Samaje Perine,RB,CIN,5,ARI,0,0,0,0,0,0,0,0,0,0,0,0,0,0,0,0,0,0,0,0,0,0,,,,,
Scott Miller,WR,TB,5,NO,0,0,0,0,0,18,0,1,0,0,0,2,0,0,0,0,0,0,0,0,0,0,,,,,
Seth Roberts,WR,BAL,5,PIT,0,0,0,0,0,0,0,0,0,0,0,2,0,0,0,0,0,0,0,0,0,0,,,,,
Sony Michel,RB,NE,5,WAS,0,0,0,0,0,91,1,16,3,32,0,3,0,0,0,0,0,0,0,0,0,0,,,,,
Stanley Morgan,WR,CIN,5,ARI,0,0,0,0,0,0,0,0,1,6,0,2,0,0,0,0,0,0,0,0,0,0,,,,,
Stefon Diggs,WR,MIN,5,NYG,0,0,0,0,0,0,0,0,3,44,0,4,0,0,0,0,0,0,0,0,0,0,,,,,
Sterling Shepard,WR,NYG,5,MIN,0,0,0,0,0,-2,0,1,5,49,0,9,0,0,0,0,0,0,0,0,0,0,,,,,
Steven Hauschka,K,BUF,5,TEN,0,0,0,0,0,0,0,0,0,0,0,0,0,0,0,0,0,0,0,0,0,2,,,,,
Steven Sims,WR,WAS,5,NE,0,0,0,0,0,65,1,1,2,1,0,3,0,0,0,0,0,0,0,0,0,0,,,,,
T.J. Logan,RB,TB,5,NO,0,0,0,0,0,0,0,0,0,0,0,0,0,0,0,0,0,0,0,0,0,0,,,,,
T.J. Yeldon,RB,BUF,5,TEN,0,0,0,0,0,15,0,2,4,13,0,4,0,0,0,0,0,0,0,0,0,0,,,,,
T.Y. Hilton,WR,IND,5,KC,0,0,0,0,0,0,0,0,4,37,0,4,0,0,0,0,0,0,0,0,0,0,,,,,
TB,DEF,TB,5,NO,,,,,,,,,,,,,,,,,,,,,,,0,0,0,0,31.0
TEN,DEF,TEN,5,BUF,,,,,,,,,,,,,,,,,,,,,,,0,0,0,0,14.0
Taiwan Jones,RB,HOU,5,ATL,0,0,0,0,0,0,0,0,0,0,0,0,0,0,0,0,0,0,0,0,0,0,,,,,
Tajae Sharpe,WR,TEN,5,BUF,0,0,0,0,0,0,0,0,1,12,0,1,0,0,0,0,0,0,0,0,0,0,,,,,
Tarik Cohen,RB,CHI,5,LV,0,0,0,0,0,10,0,4,6,39,0,7,0,0,0,0,0,0,0,0,0,0,,,,,
Tavon Austin,WR,DAL,5,GB,0,0,0,0,0,14,0,1,1,13,0,1,0,0,0,0,0,0,0,0,0,0,,,,,
Taysom Hill,TE,NO,5,TB,18,0,1,1,0,14,0,2,0,0,0,0,0,0,0,0,0,0,0,0,0,0,,,,,
Ted Ginn,WR,NO,5,TB,0,0,0,0,0,1,0,1,2,35,1,2,0,0,0,0,0,0,0,0,0,0,,,,,
Teddy Bridgewater,QB,NO,5,TB,314,4,34,26,1,7,0,5,0,0,0,0,0,0,0,0,0,0,0,0,0,0,,,,,
Terry McLaurin,WR,WAS,5,NE,0,0,0,0,0,0,0,0,3,51,0,7,0,0,0,0,0,0,0,0,0,0,,,,,
Tevin Coleman,RB,SF,5,CLE,0,0,0,0,0,97,1,16,0,0,0,0,0,0,0,0,0,0,0,0,0,0,,,,,
Todd Gurley,RB,LA,5,SEA,0,0,0,0,0,51,2,15,3,6,0,5,0,0,0,0,0,0,0,0,0,0,,,,,
Tom Brady,QB,NE,5,WAS,348,3,42,28,1,0,0,0,0,0,0,0,0,0,0,0,0,0,0,0,0,0,,,,,
Tommy Sweeney,TE,BUF,5,TEN,0,0,0,0,0,0,0,0,0,0,0,2,0,0,0,0,0,0,0,0,0,0,,,,,
Tony Pollard,RB,DAL,5,GB,0,0,0,0,0,19,0,4,0,0,0,0,0,0,0,0,0,0,0,0,0,0,,,,,
Tra Carson,RB,GB,5,DAL,0,0,0,0,0,14,0,6,4,18,0,4,0,0,0,0,0,0,0,0,0,0,,,,,
Travis Benjamin,WR,LAC,5,DEN,0,0,0,0,0,0,0,0,1,13,0,2,0,0,0,0,0,0,0,0,0,0,,,,,
Travis Homer,RB,SEA,5,LA,0,0,0,0,0,0,0,0,0,0,0,0,0,0,0,0,0,0,0,0,0,0,,,,,
Travis Kelce,TE,KC,5,IND,0,0,0,0,0,0,0,0,4,70,0,10,0,0,0,0,0,0,0,0,0,0,,,,,
Trent Sherfield,WR,ARI,5,CIN,0,0,0,0,0,0,0,0,1,23,0,3,0,0,0,0,0,0,0,0,0,0,,,,,
Trenton Cannon,RB,NYJ,5,PHI,0,0,0,0,0,0,0,0,0,0,0,0,0,0,0,0,0,0,0,0,0,0,,,,,
Trevor Davis,WR,LV,5,CHI,0,0,0,0,0,0,0,0,4,42,0,4,0,0,0,0,0,0,0,0,0,0,,,,,
Trey Burton,TE,CHI,5,LV,0,0,0,0,0,0,0,0,3,16,0,3,0,0,0,0,0,0,0,0,0,0,,,,,
Trey Quinn,WR,WAS,5,NE,0,0,0,0,0,0,0,0,3,18,0,4,0,0,0,0,0,0,0,0,0,0,,,,,
Troymaine Pope,RB,LAC,5,DEN,0,0,0,0,0,0,0,0,0,0,0,0,0,0,0,0,0,0,0,0,0,0,,,,,
Ty Montgomery,WR,NYJ,5,PHI,0,0,0,0,0,1,0,2,0,0,0,0,0,0,0,0,0,0,0,0,0,0,,,,,
Tyler Boyd,WR,CIN,5,ARI,0,0,0,0,0,0,0,0,10,123,1,14,0,0,0,0,0,0,0,0,0,0,,,,,
Tyler Conklin,TE,MIN,5,NYG,0,0,0,0,0,0,0,0,0,0,0,0,0,0,0,0,0,0,0,0,0,0,,,,,
Tyler Eifert,TE,CIN,5,ARI,0,0,0,0,0,0,0,0,2,14,0,4,0,0,0,0,0,0,0,0,0,0,,,,,
Tyler Higbee,TE,LA,5,SEA,0,0,0,0,0,0,0,0,3,47,0,3,0,0,0,0,0,0,0,0,0,0,,,,,
Tyler Lockett,WR,SEA,5,LA,0,0,0,0,0,-8,0,1,4,51,1,4,0,0,0,0,0,0,0,0,0,0,,,,,
Vance McDonald,TE,PIT,5,BAL,0,0,0,0,0,0,0,0,3,34,0,3,0,0,0,0,0,0,0,0,0,0,,,,,
Virgil Green,TE,LAC,5,DEN,0,0,0,0,0,0,0,0,1,5,0,1,0,0,0,0,0,0,0,0,0,0,,,,,
Vyncint Smith,WR,NYJ,5,PHI,0,0,0,0,0,19,1,1,0,0,0,0,0,0,0,0,0,0,0,0,0,0,,,,,
WAS,DEF,WAS,5,NE,,,,,,,,,,,,,,,,,,,,,,,0,0,0,0,33.0
Wayne Gallman,RB,NYG,5,MIN,0,0,0,0,0,14,0,2,0,0,0,0,0,0,0,0,0,0,0,0,0,0,,,,,
Wendell Smallwood,RB,WAS,5,NE,0,0,0,0,0,27,0,6,0,0,0,0,0,0,0,0,0,0,0,0,0,0,,,,,
Wil Lutz,K,NO,5,TB,0,0,0,0,0,0,0,0,0,0,0,0,0,0,0,0,1,0,0,0,0,4,,,,,
Will Dissly,TE,SEA,5,LA,0,0,0,0,0,7,0,1,4,81,0,4,0,0,0,0,0,0,0,0,0,0,,,,,
Will Fuller,WR,HOU,5,ATL,0,0,0,0,0,0,0,0,14,217,3,16,0,0,0,0,0,0,0,0,0,0,,,,,
Willie Snead,WR,BAL,5,PIT,0,0,0,0,0,0,0,0,4,51,0,5,0,0,0,0,0,0,0,0,0,0,,,,,
Zach Ertz,TE,PHI,5,NYJ,0,0,0,0,0,0,0,0,5,57,1,7,0,0,0,0,0,0,0,0,0,0,,,,,
Zach Pascal,WR,IND,5,KC,0,0,0,0,0,12,0,1,1,8,0,2,0,0,0,0,0,0,0,0,0,0,,,,,
Zane Gonzalez,K,ARI,5,CIN,0,0,0,0,0,0,0,0,0,0,0,0,0,0,0,0,3,1,0,0,0,2,,,,,
A.J. Brown,WR,TEN,6,DEN,0,0,0,0,0,0,0,0,2,23,0,4,0,0,0,0,0,0,0,0,0,0,,,,,
ARI,DEF,ARI,6,ATL,,,,,,,,,,,,,,,,,,,,,,,0,0,0,0,33.0
ATL,DEF,ATL,6,ARI,,,,,,,,,,,,,,,,,,,,,,,0,0,0,0,34.0
Aaron Jones,RB,GB,6,DET,0,0,0,0,0,47,0,11,4,13,0,7,0,0,0,0,0,0,0,0,0,0,,,,,
Aaron Rodgers,QB,GB,6,DET,283,2,39,24,1,10,0,3,0,0,0,0,0,0,0,0,0,0,0,0,0,0,,,,,
Adam Humphries,WR,TEN,6,DEN,0,0,0,0,0,0,0,0,6,47,0,6,0,0,0,0,0,0,0,0,0,0,,,,,
Adam Thielen,WR,MIN,6,PHI,0,0,0,0,0,0,0,1,6,57,1,8,0,0,0,0,0,0,0,0,0,0,,,,,
Adrian Peterson,RB,WAS,6,MIA,0,0,0,0,0,118,0,23,2,18,0,2,0,0,0,0,0,0,0,0,0,0,,,,,
Albert Wilson,WR,MIA,6,WAS,0,0,0,0,0,0,0,0,5,15,0,6,0,0,0,0,0,0,0,0,0,0,,,,,
Aldrick Rosas,K,NYG,6,NE,0,0,0,0,0,0,0,0,0,0,0,0,0,0,0,0,0,0,0,0,0,2,,,,,
Alex Armah,RB,CAR,6,TB,0,0,0,0,0,4,0,2,0,0,0,0,0,0,0,0,0,0,0,0,0,0,,,,,
Alex Erickson,WR,CIN,6,BAL,0,0,0,0,0,17,0,1,4,47,0,6,0,0,0,0,0,0,0,0,0,0,,,,,
Alexander Mattison,RB,MIN,6,PHI,0,0,0,0,0,63,0,14,0,0,0,0,0,0,0,0,0,0,0,0,0,0,,,,,
Allen Hurns,WR,MIA,6,WAS,0,0,0,0,0,0,0,0,2,16,0,2,0,0,0,0,0,0,0,0,0,0,,,,,
Allen Lazard,WR,GB,6,DET,0,0,0,0,0,0,0,0,4,65,1,5,0,0,0,0,0,0,0,0,0,0,,,,,
Alshon Jeffery,WR,PHI,6,MIN,0,0,0,0,0,0,0,0,10,76,1,12,0,0,0,0,0,0,0,0,0,0,,,,,
Alvin Kamara,RB,NO,6,JAX,0,0,0,0,0,31,0,11,7,35,0,8,0,0,0,0,0,0,0,0,0,0,,,,,
Amari Cooper,WR,DAL,6,NYJ,0,0,0,0,0,0,0,0,1,3,0,2,0,0,0,0,0,0,0,0,0,0,,,,,
Andy Dalton,QB,CIN,6,BAL,235,0,39,21,1,2,1,1,0,0,0,0,0,0,0,0,0,0,0,0,0,0,,,,,
Andy Isabella,WR,ARI,6,ATL,0,0,0,0,0,0,0,0,0,0,0,0,0,0,0,0,0,0,0,0,0,0,,,,,
Anthony Firkser,TE,TEN,6,DEN,0,0,0,0,0,0,0,0,1,25,0,1,0,0,0,0,0,0,0,0,0,0,,,,,
Antonio Callaway,WR,CLE,6,SEA,0,0,0,0,0,0,0,0,2,22,0,4,0,0,0,0,0,0,0,0,0,0,,,,,
Auden Tate,WR,CIN,6,BAL,0,0,0,0,0,0,0,0,5,91,0,11,0,0,0,0,0,0,0,0,0,0,,,,,
Austin Ekeler,RB,LAC,6,PIT,0,0,0,0,0,14,0,5,3,14,0,4,0,0,0,0,0,0,0,0,0,0,,,,,
Austin Hooper,TE,ATL,6,ARI,0,0,0,0,0,0,0,0,8,117,1,8,0,0,0,0,0,0,0,0,0,0,,,,,
Austin Seibert,K,CLE,6,SEA,0,0,0,0,0,0,0,0,0,0,0,0,0,0,0,0,0,0,0,0,0,2,,,,,
BAL,DEF,BAL,6,CIN,,,,,,,,,,,,,,,,,,,,,,,0,0,0,0,17.0
Baker Mayfield,QB,CLE,6,SEA,249,1,37,22,3,35,1,4,0,0,0,0,0,0,1,0,0,0,0,0,0,0,,,,,
Benny Snell,RB,PIT,6,LAC,0,0,0,0,0,75,0,17,1,14,0,1,0,0,0,0,0,0,0,0,0,0,,,,,
Bilal Powell,RB,NYJ,6,DAL,0,0,0,0,0,5,0,1,0,0,0,1,0,0,0,0,0,0,0,0,0,0,,,,,
Bisi Johnson,WR,MIN,6,PHI,0,0,0,0,0,0,0,0,1,16,0,1,0,0,0,0,0,0,0,0,0,0,,,,,
Blake Bell,TE,KC,6,HOU,0,0,0,0,0,0,0,0,0,0,0,1,0,0,0,0,0,0,0,0,0,0,,,,,
Blake Jarwin,TE,DAL,6,NYJ,0,0,0,0,0,0,0,0,2,6,0,4,0,0,0,0,0,0,0,0,0,0,,,,,
Bobo Wilson,WR,TB,6,CAR,0,0,0,0,0,0,0,0,1,10,0,3,0,0,0,0,0,0,0,0,0,0,,,,,
Boston Scott,RB,PHI,6,MIN,0,0,0,0,0,30,0,4,0,0,0,0,0,0,0,0,0,0,0,0,0,0,,,,,
Brandin Cooks,WR,LA,6,SF,0,0,0,0,0,14,0,2,3,18,0,3,0,0,0,0,0,0,0,0,0,0,,,,,
Brandon Bolden,RB,NE,6,NYG,0,0,0,0,0,23,1,3,2,22,0,2,0,0,0,0,0,0,0,0,0,0,,,,,
Brandon McManus,K,DEN,6,TEN,0,0,0,0,0,0,0,0,0,0,0,0,0,0,0,0,0,1,1,1,0,1,,,,,
Brandon Zylstra,WR,CAR,6,TB,0,0,0,0,0,0,0,0,0,0,0,0,0,0,0,0,0,0,0,0,0,0,,,,,
Braxton Berrios,WR,NYJ,6,DAL,0,0,0,0,0,0,0,0,0,0,0,0,0,0,0,0,0,0,0,0,0,0,,,,,
Brett Maher,K,DAL,6,NYJ,0,0,0,0,0,0,0,0,0,0,0,0,0,0,0,0,0,1,0,1,1,1,,,,,
Buddy Howell,RB,HOU,6,KC,0,0,0,0,0,0,0,0,0,0,0,0,0,0,0,0,0,0,0,0,0,0,,,,,
Byron Pringle,WR,KC,6,HOU,0,0,0,0,0,0,0,0,2,24,0,4,0,0,0,0,0,0,0,0,0,0,,,,,
C.J. Prosise,RB,SEA,6,CLE,0,0,0,0,0,8,0,3,1,15,0,3,0,0,0,0,0,0,0,0,0,0,,,,,
C.J. Uzomah,TE,CIN,6,BAL,0,0,0,0,0,0,0,0,2,26,0,3,0,0,0,0,0,0,0,0,0,0,,,,,
CAR,DEF,CAR,6,TB,,,,,,,,,,,,,,,,,,,,,,,0,0,0,0,26.0
CIN,DEF,CIN,6,BAL,,,,,,,,,,,,,,,,,,,,,,,0,0,0,0,23.0
CLE,DEF,CLE,6,SEA,,,,,,,,,,,,,,,,,,,,,,,0,0,0,0,32.0
Calvin Ridley,WR,ATL,6,ARI,0,0,0,0,0,0,0,0,4,48,1,6,0,0,0,0,0,0,0,0,0,0,,,,,
Cameron Brate,TE,TB,6,CAR,0,0,0,0,0,0,0,0,2,47,1,4,0,0,0,0,0,0,0,0,0,0,,,,,
Carlos Hyde,RB,HOU,6,KC,0,0,0,0,0,116,1,26,1,14,0,1,0,0,0,0,0,0,0,0,0,0,,,,,
Carson Wentz,QB,PHI,6,MIN,306,2,40,26,1,23,0,2,0,0,0,0,0,0,0,0,0,0,0,0,0,0,,,,,
Case Keenum,QB,WAS,6,MIA,166,2,25,13,0,10,0,4,0,0,0,0,0,0,0,0,0,0,0,0,0,0,,,,,
Cedrick Wilson Jr.,WR,DAL,6,NYJ,0,0,0,0,0,0,0,0,5,46,0,6,0,0,0,0,0,0,0,0,0,0,,,,,
Charles Clay,TE,ARI,6,ATL,0,0,0,0,0,0,0,0,2,8,0,2,0,0,0,0,0,0,0,0,0,0,,,,,
Chase Edmonds,RB,ARI,6,ATL,0,0,0,0,0,34,0,5,2,33,1,2,0,0,0,0,0,0,0,0,0,0,,,,,
Chase McLaughlin,K,LAC,6,PIT,0,0,0,0,0,0,0,0,0,0,0,0,0,0,0,0,0,1,0,0,0,2,,,,,
Chris Boswell,K,PIT,6,LAC,0,0,0,0,0,0,0,0,0,0,0,0,0,0,0,0,1,0,0,0,0,3,,,,,
Chris Carson,RB,SEA,6,CLE,0,0,0,0,0,124,1,24,4,35,0,4,0,0,0,0,0,0,0,0,0,0,,,,,
Chris Conley,WR,JAX,6,NO,0,0,0,0,0,0,0,0,0,0,0,3,0,0,0,0,0,0,0,0,0,0,,,,,
Chris Godwin Jr.,WR,TB,6,CAR,0,0,0,0,0,0,0,0,10,151,0,12,0,0,0,0,0,0,0,0,0,0,,,,,
Chris Manhertz,TE,CAR,6,TB,0,0,0,0,0,0,0,0,0,0,0,0,0,0,0,0,0,0,0,0,0,0,,,,,
Chris Moore,WR,BAL,6,CIN,0,0,0,0,0,0,0,0,2,18,0,3,0,0,0,0,0,0,0,0,0,0,,,,,
Chris Thompson,RB,WAS,6,MIA,0,0,0,0,0,12,0,3,2,8,0,3,0,0,0,0,0,0,0,0,0,0,,,,,
Christian McCaffrey,RB,CAR,6,TB,0,0,0,0,0,31,1,22,4,26,1,5,0,0,0,0,0,0,0,0,0,0,,,,,
Cody Latimer,WR,NYG,6,NE,0,0,0,0,0,0,0,0,0,0,0,1,0,0,0,0,0,0,0,0,0,0,,,,,
Cody Parkey,K,TEN,6,DEN,0,0,0,0,0,0,0,0,0,0,0,0,0,0,0,0,0,0,0,0,0,0,,,,,
Cooper Kupp,WR,LA,6,SF,0,0,0,0,0,0,0,0,4,17,0,6,0,0,0,0,0,0,0,0,0,0,,,,,
Corey Davis,WR,TEN,6,DEN,0,0,0,0,0,0,0,0,3,36,0,5,0,0,0,0,0,0,0,0,0,0,,,,,
Courtland Sutton,WR,DEN,6,TEN,0,0,0,0,0,0,0,0,4,76,0,8,0,0,0,0,0,0,0,0,0,0,,,,,
Cullen Gillaspia,RB,HOU,6,KC,0,0,0,0,0,0,0,0,0,0,0,0,0,0,0,0,0,0,0,0,0,0,,,,,
Curtis Samuel,WR,CAR,6,TB,0,0,0,0,0,8,1,1,4,70,1,6,0,0,0,0,0,0,0,0,0,0,,,,,
D.J. Foster,RB,ARI,6,ATL,0,0,0,0,0,0,0,0,0,0,0,0,0,0,0,0,0,0,0,0,0,0,,,,,
DAL,DEF,DAL,6,NYJ,,,,,,,,,,,,,,,,,,,,,,,0,0,0,0,24.0
DEN,DEF,DEN,6,TEN,,,,,,,,,,,,,,,,,,,,,,,0,0,0,0,0.0
DET,DEF,DET,6,GB,,,,,,,,,,,,,,,,,,,,,,,0,0,0,0,23.0
DJ Chark,WR,JAX,6,NO,0,0,0,0,0,0,0,0,3,43,0,7,0,0,0,0,0,0,0,0,0,0,,,,,
DJ Moore,WR,CAR,6,TB,0,0,0,0,0,13,0,1,7,73,0,10,0,0,0,0,0,0,0,0,0,0,,,,,
DK Metcalf,WR,SEA,6,CLE,0,0,0,0,0,4,0,1,4,69,0,5,0,0,0,0,0,0,0,0,0,0,,,,,
DaeSean Hamilton,WR,DEN,6,TEN,0,0,0,0,0,0,0,0,2,25,0,2,0,0,0,0,0,0,0,0,0,0,,,,,
Dak Prescott,QB,DAL,6,NYJ,278,0,40,28,0,11,1,3,0,0,0,0,0,0,0,0,0,0,0,0,0,0,,,,,
Dallas Goedert,TE,PHI,6,MIN,0,0,0,0,0,0,0,0,5,48,0,8,0,0,0,0,0,0,0,0,0,0,,,,,
Dalton Schultz,TE,DAL,6,NYJ,0,0,0,0,0,0,0,0,1,6,0,1,0,0,0,0,0,0,0,0,0,0,,,,,
Dalvin Cook,RB,MIN,6,PHI,0,0,0,0,0,41,1,16,2,13,0,2,0,0,0,0,0,0,0,0,0,0,,,,,
Dalyn Dawkins,RB,TEN,6,DEN,0,0,0,0,0,2,0,2,0,0,0,0,0,0,0,0,0,0,0,0,0,0,,,,,
Damien Williams,RB,KC,6,HOU,0,0,0,0,0,6,0,1,1,14,1,1,0,0,0,0,0,0,0,0,0,0,,,,,
Damiere Byrd,WR,ARI,6,ATL,0,0,0,0,0,0,0,0,2,60,0,2,0,0,0,0,0,0,0,0,0,0,,,,,
Damion Willis,WR,CIN,6,BAL,0,0,0,0,0,0,0,0,0,0,0,1,0,0,0,0,0,0,0,0,0,0,,,,,
Dan Bailey,K,MIN,6,PHI,0,0,0,0,0,0,0,0,0,0,0,0,0,0,0,0,0,1,0,0,0,5,,,,,
Daniel Jones,QB,NYG,6,NE,161,1,31,15,3,8,0,2,0,0,0,0,0,0,0,0,0,0,0,0,0,0,,,,,
Danny Amendola,WR,DET,6,GB,0,0,0,0,0,0,0,0,1,6,0,1,0,0,0,0,0,0,0,0,0,0,,,,,
Danny Vitale,RB,GB,6,DET,0,0,0,0,0,0,0,0,0,0,0,0,0,0,0,0,0,0,0,0,0,0,,,,,
Dante Pettis,WR,SF,6,LA,0,0,0,0,0,0,0,0,3,45,0,6,0,0,0,0,0,0,0,0,0,0,,,,,
Dare Ogunbowale,RB,TB,6,CAR,0,0,0,0,0,3,1,1,3,22,0,5,0,0,0,0,0,0,0,0,0,0,,,,,
Darius Jennings,WR,TEN,6,DEN,0,0,0,0,0,0,0,0,0,0,0,1,0,0,0,0,0,0,0,0,0,0,,,,,
Darius Slayton,WR,NYG,6,NE,0,0,0,0,0,0,0,0,3,32,0,8,0,0,0,0,0,0,0,0,0,0,,,,,
Darrel Williams,RB,KC,6,HOU,0,0,0,0,0,0,0,0,1,52,0,2,0,0,0,0,0,0,0,0,0,0,,,,,
Darrell Henderson,RB,LA,6,SF,0,0,0,0,0,39,0,6,1,9,0,2,0,0,0,0,0,0,0,0,0,0,,,,,
Darren Fells,TE,HOU,6,KC,0,0,0,0,0,0,0,0,6,69,0,7,0,0,0,0,0,0,0,0,0,0,,,,,
Darrius Shepherd,WR,GB,6,DET,0,0,0,0,0,0,0,0,1,1,0,2,0,0,0,0,0,0,0,0,0,0,,,,,
David Johnson,RB,ARI,6,ATL,0,0,0,0,0,34,1,12,6,68,1,8,0,0,0,0,0,0,0,0,0,0,,,,,
David Moore,WR,SEA,6,CLE,0,0,0,0,0,0,0,0,3,36,0,4,0,0,0,0,0,0,0,0,0,0,,,,,
De'Anthony Thomas,WR,KC,6,HOU,0,0,0,0,0,4,0,1,0,0,0,1,0,0,0,0,0,0,0,0,0,0,,,,,
DeAndre Carter,WR,HOU,6,KC,0,0,0,0,0,0,0,0,0,0,0,0,0,0,0,0,0,0,0,0,0,0,,,,,
DeAndre Hopkins,WR,HOU,6,KC,0,0,0,0,0,0,0,0,9,55,0,12,0,0,1,0,0,0,0,0,0,0,,,,,
DeVante Parker,WR,MIA,6,WAS,0,0,0,0,0,0,0,0,3,28,1,4,0,0,0,0,0,0,0,0,0,0,,,,,
Dede Westbrook,WR,JAX,6,NO,0,0,0,0,0,0,0,0,3,53,0,8,0,0,0,0,0,0,0,0,0,0,,,,,
Deebo Samuel Sr.,WR,SF,6,LA,0,0,0,0,0,1,0,1,3,18,0,5,0,0,0,0,0,0,0,0,0,0,,,,,
Delanie Walker,TE,TEN,6,DEN,0,0,0,0,0,0,0,0,3,43,0,6,0,0,0,0,0,0,0,0,0,0,,,,,
Demarcus Robinson,WR,KC,6,HOU,0,0,0,0,0,0,0,0,0,0,0,4,0,0,0,0,0,0,0,0,0,0,,,,,
Demaryius Thomas,WR,NYJ,6,DAL,0,0,0,0,0,0,0,0,4,62,0,4,0,0,0,0,0,0,0,0,0,0,,,,,
Demetrius Harris,TE,CLE,6,SEA,0,0,0,0,0,0,0,0,0,0,0,0,0,0,1,0,0,0,0,0,0,0,,,,,
Deonte Harty,WR,NO,6,JAX,0,0,0,0,0,0,0,0,0,0,0,0,0,0,0,0,0,0,0,0,0,0,,,,,
Derrick Henry,RB,TEN,6,DEN,0,0,0,0,0,28,0,15,1,5,0,3,0,0,0,0,0,0,0,0,0,0,,,,,
Deshaun Watson,QB,HOU,6,KC,280,1,42,30,2,42,2,10,0,0,0,0,0,0,1,0,0,0,0,0,0,0,,,,,
Devlin Hodges,QB,PIT,6,LAC,132,1,20,15,1,8,0,3,0,0,0,0,0,0,0,0,0,0,0,0,0,0,,,,,
Devonta Freeman,RB,ATL,6,ARI,0,0,0,0,0,88,0,19,3,30,2,3,0,0,0,0,0,0,0,0,0,0,,,,,
Dion Lewis,RB,TEN,6,DEN,0,0,0,0,0,-1,0,1,3,20,0,3,0,0,0,0,0,0,0,0,0,0,,,,,
Diontae Johnson,WR,PIT,6,LAC,0,0,0,0,0,0,0,0,2,14,0,2,0,0,0,0,0,0,0,0,0,0,,,,,
Diontae Spencer,WR,DEN,6,TEN,0,0,0,0,0,0,0,0,0,0,0,0,0,0,0,0,0,0,0,0,0,0,,,,,
Donte Moncrief,WR,PIT,6,LAC,0,0,0,0,0,0,0,0,1,11,0,2,0,0,0,0,0,0,0,0,0,0,,,,,
Dontrell Hilliard,RB,CLE,6,SEA,0,0,0,0,0,0,0,0,2,17,0,3,0,0,0,0,0,0,0,0,0,0,,,,,
Drew Sample,TE,CIN,6,BAL,0,0,0,0,0,0,0,0,1,-1,0,1,0,0,0,0,0,0,0,0,0,0,,,,,
Duke Johnson,RB,HOU,6,KC,0,0,0,0,0,34,0,5,2,20,1,4,0,0,0,0,0,0,0,0,0,0,,,,,
Dustin Hopkins,K,WAS,6,MIA,0,0,0,0,0,0,0,0,0,0,0,0,0,0,0,0,1,0,0,0,0,2,,,,,
Emmanuel Sanders,WR,DEN,6,TEN,0,0,0,0,0,0,0,0,1,0,0,3,0,0,0,0,0,0,0,0,0,0,,,,,
Ezekiel Elliott,RB,DAL,6,NYJ,0,0,0,0,0,105,1,28,5,48,0,6,0,0,0,0,0,0,0,0,0,0,,,,,
Fred Brown,WR,DEN,6,TEN,0,0,0,0,0,0,0,0,1,5,0,1,0,0,0,0,0,0,0,0,0,0,,,,,
GB,DEF,GB,6,DET,,,,,,,,,,,,,,,,,,,,,,,0,0,0,0,22.0
Gardner Minshew,QB,JAX,6,NO,163,0,29,14,1,1,0,2,0,0,0,0,0,0,0,0,0,0,0,0,0,0,,,,,
Geoff Swaim,TE,JAX,6,NO,0,0,0,0,0,0,0,0,1,5,0,2,0,0,0,0,0,0,0,0,0,0,,,,,
George Kittle,TE,SF,6,LA,0,0,0,0,0,0,0,0,8,103,0,8,0,0,0,0,0,0,0,0,0,0,,,,,
Gerald Everett,TE,LA,6,SF,0,0,0,0,0,0,0,0,2,9,0,5,0,0,0,0,0,0,0,0,0,0,,,,,
Geremy Davis,WR,LAC,6,PIT,0,0,0,0,0,0,0,0,1,13,0,1,0,0,0,0,0,0,0,0,0,0,,,,,
Geronimo Allison,WR,GB,6,DET,0,0,0,0,0,0,0,0,3,40,0,7,0,0,0,0,0,0,0,0,0,0,,,,,
Giovani Bernard,RB,CIN,6,BAL,0,0,0,0,0,4,0,4,2,20,0,3,0,0,0,0,0,0,0,0,0,0,,,,,
Golden Tate,WR,NYG,6,NE,0,0,0,0,0,0,0,0,6,102,1,9,0,0,0,0,0,0,0,0,0,0,,,,,
Greg Olsen,TE,CAR,6,TB,0,0,0,0,0,0,0,0,4,52,0,7,0,0,0,0,0,0,0,0,0,0,,,,,
Greg Zuerlein,K,LA,6,SF,0,0,0,0,0,0,0,0,0,0,0,0,0,0,0,0,0,0,0,0,0,1,,,,,
Gunner Olszewski,WR,NE,6,NYG,0,0,0,0,0,0,0,0,2,34,0,3,0,0,0,0,0,0,0,0,0,0,,,,,
Gus Edwards,RB,BAL,6,CIN,0,0,0,0,0,34,0,6,0,0,0,0,0,0,0,0,0,0,0,0,0,0,,,,,
HOU,DEF,HOU,6,KC,,,,,,,,,,,,,,,,,,,,,,,0,0,0,0,24.0
Harrison Butker,K,KC,6,HOU,0,0,0,0,0,0,0,0,0,0,0,0,0,0,0,0,0,0,1,0,0,3,,,,,
Hayden Hurst,TE,BAL,6,CIN,0,0,0,0,0,0,0,0,1,4,0,1,0,0,0,0,0,0,0,0,0,0,,,,,
Hunter Henry,TE,LAC,6,PIT,0,0,0,0,0,0,0,0,8,100,2,9,0,0,0,0,0,0,0,0,0,0,,,,,
Irv Smith,TE,MIN,6,PHI,0,0,0,0,0,0,0,0,2,29,0,2,0,0,0,0,0,0,0,0,0,0,,,,,
Isaiah Ford,WR,MIA,6,WAS,0,0,0,0,0,0,0,0,0,0,0,1,0,0,0,0,0,0,0,0,0,0,,,,,
Ito Smith,RB,ATL,6,ARI,0,0,0,0,0,6,0,3,0,0,0,0,0,0,0,0,0,0,0,0,0,0,,,,,
J.D. McKissic,RB,DET,6,GB,0,0,0,0,0,4,0,3,2,7,0,3,0,0,0,0,0,0,0,0,0,0,,,,,
JAX,DEF,JAX,6,NO,,,,,,,,,,,,,,,,,,,,,,,0,0,0,0,13.0
Jaeden Graham,TE,ATL,6,ARI,0,0,0,0,0,0,0,0,1,21,0,1,0,0,0,0,0,0,0,0,0,0,,,,,
Jake Elliott,K,PHI,6,MIN,0,0,1,0,1,0,0,0,0,0,0,0,0,0,0,0,0,0,1,1,0,2,,,,,
Jake Kumerow,WR,GB,6,DET,0,0,0,0,0,0,0,0,2,17,0,3,0,0,0,0,0,0,0,0,0,0,,,,,
Jakobi Meyers,WR,NE,6,NYG,0,0,0,0,0,0,0,0,4,54,0,4,0,0,0,0,0,0,0,0,0,0,,,,,
Jamaal Williams,RB,GB,6,DET,0,0,0,0,0,104,0,14,4,32,1,5,0,0,0,0,0,0,0,0,0,0,,,,,
Jamal Agnew,WR,DET,6,GB,0,0,0,0,0,9,0,1,0,0,0,0,0,0,0,0,0,0,0,0,0,0,,,,,
Jameis Winston,QB,TB,6,CAR,400,1,54,30,5,1,0,1,0,0,0,0,0,0,2,0,0,0,0,0,0,0,,,,,
James Conner,RB,PIT,6,LAC,0,0,0,0,0,41,1,16,7,78,1,7,0,0,0,0,0,0,0,0,0,0,,,,,
James White,RB,NE,6,NYG,0,0,0,0,0,-1,0,2,9,46,0,9,0,0,0,0,0,0,0,0,0,0,,,,,
Jamison Crowder,WR,NYJ,6,DAL,0,0,0,0,0,0,0,0,6,98,0,9,0,0,0,0,0,0,0,0,0,0,,,,,
Jared Cook,TE,NO,6,JAX,0,0,0,0,0,0,0,0,3,37,1,3,0,0,0,0,0,0,0,0,0,0,,,,,
Jared Goff,QB,LA,6,SF,78,0,24,13,0,0,0,1,0,0,0,0,0,0,0,0,0,0,0,0,0,0,,,,,
Jarius Wright,WR,CAR,6,TB,0,0,0,0,0,0,0,0,1,6,0,3,0,0,0,0,0,0,0,0,0,0,,,,,
Jaron Brown,WR,SEA,6,CLE,0,0,0,0,0,0,0,0,3,29,2,5,0,0,0,0,0,0,0,0,0,0,,,,,
Jarvis Landry,WR,CLE,6,SEA,0,0,0,0,0,0,0,0,3,36,0,5,0,0,0,0,0,0,0,0,0,0,,,,,
Jason Moore,WR,LAC,6,PIT,0,0,0,0,0,0,0,0,2,43,0,2,0,0,0,0,0,0,0,0,0,0,,,,,
Jason Myers,K,SEA,6,CLE,0,0,0,0,0,0,0,0,0,0,0,0,0,0,0,0,1,1,0,0,0,2,,,,,
Jason Sanders,K,MIA,6,WAS,0,0,0,0,0,0,0,0,0,0,0,0,0,0,0,0,0,1,0,0,0,1,,,,,
Jason Witten,TE,DAL,6,NYJ,0,0,0,0,0,0,0,0,5,57,0,7,0,0,0,0,0,0,0,0,0,0,,,,,
Jeremy Sprinkle,TE,WAS,6,MIA,0,0,0,0,0,0,0,0,2,24,0,3,0,0,0,0,0,0,0,0,0,0,,,,,
Jesse James,TE,DET,6,GB,0,0,0,0,0,0,0,0,1,8,0,1,0,0,0,0,0,0,0,0,0,0,,,,,
Jimmy Garoppolo,QB,SF,6,LA,243,0,33,24,1,4,1,5,0,0,0,0,0,0,0,0,0,0,0,0,0,0,,,,,
Jimmy Graham,TE,GB,6,DET,0,0,0,0,0,0,0,0,2,17,0,5,0,0,0,0,0,0,0,0,0,0,,,,,
JoJo Natson,WR,LA,6,SF,0,0,0,0,0,0,0,0,0,0,0,0,0,0,0,0,0,0,0,0,0,0,,,,,
Joe Flacco,QB,DEN,6,TEN,177,0,28,18,1,-1,0,4,0,0,0,0,0,0,0,0,0,0,0,0,0,0,,,,,
Joe Mixon,RB,CIN,6,BAL,0,0,0,0,0,10,0,8,2,29,0,3,0,0,0,0,0,0,0,0,0,0,,,,,
Joey Slye,K,CAR,6,TB,0,0,0,0,0,0,0,0,0,0,0,0,0,0,0,0,1,0,2,0,0,4,,,,,
Johnny Holton,WR,PIT,6,LAC,0,0,0,0,0,0,0,0,0,0,0,1,0,0,0,0,0,0,0,0,0,0,,,,,
Johnny Mundt,TE,LA,6,SF,0,0,0,0,0,0,0,0,0,0,0,0,0,0,0,0,0,0,0,0,0,0,,,,,
Jon Hilliman,RB,NYG,6,NE,0,0,0,0,0,38,0,11,2,-3,0,2,0,0,0,0,0,0,0,0,0,0,,,,,
Jonnu Smith,TE,TEN,6,DEN,0,0,0,0,0,0,0,0,1,8,0,1,0,0,0,0,0,0,0,0,0,0,,,,,
Jordan Akins,TE,HOU,6,KC,0,0,0,0,0,0,0,0,3,39,0,3,0,0,0,0,0,0,0,0,0,0,,,,,
Jordan Howard,RB,PHI,6,MIN,0,0,0,0,0,49,0,13,0,0,0,0,0,0,0,0,0,0,0,0,0,0,,,,,
Jordan Scarlett,RB,CAR,6,TB,0,0,0,0,0,0,0,0,0,0,0,0,0,0,0,0,0,0,0,0,0,0,,,,,
Josh Gordon,WR,NE,6,NYG,0,0,0,0,0,0,0,0,1,7,0,1,0,0,0,0,0,0,0,0,0,0,,,,,
Josh Hill,TE,NO,6,JAX,0,0,0,0,0,0,0,0,1,8,0,2,0,0,0,0,0,0,0,0,0,0,,,,,
Josh Lambo,K,JAX,6,NO,0,0,0,0,0,0,0,0,0,0,0,0,0,0,0,0,1,1,0,0,0,0,,,,,
Josh Reynolds,WR,LA,6,SF,0,0,0,0,0,0,0,0,0,0,0,1,0,0,0,0,0,0,0,0,0,0,,,,,
Josh Rosen,QB,MIA,6,WAS,85,0,25,15,2,0,0,0,0,0,0,0,0,0,0,0,0,0,0,0,0,0,,,,,
JuJu Smith-Schuster,WR,PIT,6,LAC,0,0,0,0,0,0,0,0,1,7,0,3,0,0,0,0,0,0,0,0,0,0,,,,,
Julian Edelman,WR,NE,6,NYG,0,0,0,0,0,0,0,0,9,113,0,15,0,0,0,0,0,0,0,0,0,0,,,,,
Julio Jones,WR,ATL,6,ARI,0,0,0,0,0,0,0,0,8,108,0,9,0,0,0,0,0,0,0,0,0,0,,,,,
Justice Hill,RB,BAL,6,CIN,0,0,0,0,0,31,0,5,0,0,0,0,0,0,0,0,0,0,0,0,0,0,,,,,
Justin Hardy,WR,ATL,6,ARI,0,0,0,0,0,0,0,0,0,0,0,0,0,0,0,0,0,0,0,0,0,0,,,,,
Justin Tucker,K,BAL,6,CIN,0,0,0,0,0,0,0,0,0,0,0,0,0,0,0,0,1,0,2,0,0,2,,,,,
KC,DEF,KC,6,HOU,,,,,,,,,,,,,,,,,,,,,,,0,0,0,0,31.0
Ka'imi Fairbairn,K,HOU,6,KC,0,0,0,0,0,0,0,0,0,0,0,0,0,0,0,0,0,0,1,0,0,2,,,,,
Kalen Ballage,RB,MIA,6,WAS,0,0,0,0,0,7,1,3,0,0,0,0,0,0,0,0,0,0,0,0,0,0,,,,,
KeeSean Johnson,WR,ARI,6,ATL,0,0,0,0,0,0,0,0,2,14,0,5,0,0,0,0,0,0,0,0,0,0,,,,,
Keenan Allen,WR,LAC,6,PIT,0,0,0,0,0,0,0,0,2,33,0,6,0,0,0,0,0,0,0,0,0,0,,,,,
Keke Coutee,WR,HOU,6,KC,0,0,0,0,0,0,0,0,4,39,0,6,0,0,0,0,0,0,0,0,0,0,,,,,
Kelvin Harmon,WR,WAS,6,MIA,0,0,0,0,0,0,0,0,1,8,0,1,0,0,0,0,0,0,0,0,0,0,,,,,
Kendrick Bourne,WR,SF,6,LA,0,0,0,0,0,0,0,0,1,11,0,1,0,0,0,0,0,0,0,0,0,0,,,,,
Kenjon Barner,RB,ATL,6,ARI,0,0,0,0,0,0,0,0,0,0,0,0,0,0,0,0,0,0,0,0,0,0,,,,,
Kenny Golladay,WR,DET,6,GB,0,0,0,0,0,0,0,0,5,121,0,9,0,0,0,0,0,0,0,0,0,0,,,,,
Kenyan Drake,RB,MIA,6,WAS,0,0,0,0,0,40,0,10,6,30,0,9,0,0,0,0,0,0,0,0,0,0,,,,,
Kerryon Johnson,RB,DET,6,GB,0,0,0,0,0,34,1,13,2,27,0,4,0,0,0,0,0,0,0,0,0,0,,,,,
Kirk Cousins,QB,MIN,6,PHI,333,4,29,22,1,0,0,2,0,0,0,0,0,0,0,0,0,0,0,0,0,0,,,,,
Kyle Allen,QB,CAR,6,TB,227,2,32,20,0,3,0,3,0,0,0,0,0,0,0,0,0,0,0,0,0,0,,,,,
Kyle Rudolph,TE,MIN,6,PHI,0,0,0,0,0,0,0,0,3,36,0,3,0,0,0,0,0,0,0,0,0,0,,,,,
Kyler Murray,QB,ARI,6,ATL,340,3,37,27,0,32,0,11,0,0,0,0,0,0,0,0,0,0,0,0,0,0,,,,,
LA,DEF,LA,6,SF,,,,,,,,,,,,,,,,,,,,,,,0,0,0,0,20.0
LAC,DEF,LAC,6,PIT,,,,,,,,,,,,,,,,,,,,,,,0,0,0,0,24.0
Lamar Jackson,QB,BAL,6,CIN,236,0,33,21,0,152,1,19,0,0,0,0,0,0,0,0,0,0,0,0,0,0,,,,,
Laquon Treadwell,WR,MIN,6,PHI,0,0,0,0,0,0,0,0,1,15,0,1,0,0,0,0,0,0,0,0,0,0,,,,,
Larry Fitzgerald,WR,ARI,6,ATL,0,0,0,0,0,0,0,0,6,69,0,8,0,0,0,0,0,0,0,0,0,0,,,,,
Latavius Murray,RB,NO,6,JAX,0,0,0,0,0,44,0,8,3,35,0,3,0,0,0,0,0,0,0,0,0,0,,,,,
Le'Veon Bell,RB,NYJ,6,DAL,0,0,0,0,0,50,1,14,1,3,0,1,0,0,0,0,0,0,0,0,0,0,,,,,
LeSean McCoy,RB,KC,6,HOU,0,0,0,0,0,44,0,8,2,0,0,2,0,0,0,0,0,0,0,0,0,0,,,,,
Leonard Fournette,RB,JAX,6,NO,0,0,0,0,0,72,0,20,6,46,0,6,0,0,0,0,0,0,0,0,0,0,,,,,
Levine Toilolo,TE,SF,6,LA,0,0,0,0,0,0,0,0,1,8,0,1,0,0,0,0,0,0,0,0,0,0,,,,,
Logan Thomas,TE,DET,6,GB,0,0,0,0,0,0,0,0,0,0,0,1,0,0,0,0,0,0,0,0,0,0,,,,,
Luke Stocker,TE,ATL,6,ARI,0,0,0,0,0,0,0,0,1,0,0,1,0,0,0,0,0,0,0,0,0,0,,,,,
Luke Willson,TE,SEA,6,CLE,0,0,0,0,0,0,0,0,2,16,0,3,0,0,0,0,0,0,0,0,0,0,,,,,
MIA,DEF,MIA,6,WAS,,,,,,,,,,,,,,,,,,,,,,,0,0,0,0,17.0
MIN,DEF,MIN,6,PHI,,,,,,,,,,,,,,,,,,,,,,,0,0,0,0,20.0
Mack Hollins,WR,PHI,6,MIN,0,0,0,0,0,0,0,0,0,0,0,2,0,0,0,0,0,0,0,0,0,0,,,,,
Malcolm Brown,RB,LA,6,SF,0,0,0,0,0,40,0,11,0,0,0,0,0,0,0,0,0,0,0,0,0,0,,,,,
Malik Turner,WR,SEA,6,CLE,0,0,0,0,0,0,0,0,0,0,0,1,0,0,0,0,0,0,0,0,0,0,,,,,
Marcedes Lewis,TE,GB,6,DET,0,0,0,0,0,0,0,0,2,50,0,2,0,0,0,0,0,0,0,0,0,0,,,,,
Marcus Mariota,QB,TEN,6,DEN,63,0,18,7,2,4,0,2,0,0,0,0,0,0,0,0,0,0,0,0,0,0,,,,,
Mark Andrews,TE,BAL,6,CIN,0,0,0,0,0,0,0,0,6,99,0,8,0,0,0,0,0,0,0,0,0,0,,,,,
Mark Ingram,RB,BAL,6,CIN,0,0,0,0,0,52,1,13,2,22,0,2,0,0,0,0,0,0,0,0,0,0,,,,,
Mark Walton,RB,MIA,6,WAS,0,0,0,0,0,32,0,6,5,43,0,6,0,0,0,0,0,0,0,0,0,0,,,,,
Marqise Lee,WR,JAX,6,NO,0,0,0,0,0,1,0,1,0,0,0,0,0,0,0,0,0,0,0,0,0,0,,,,,
Marquez Valdes-Scantling,WR,GB,6,DET,0,0,0,0,0,9,0,1,2,48,0,2,0,0,0,0,0,0,0,0,0,0,,,,,
Marquise Goodwin,WR,SF,6,LA,0,0,0,0,0,0,0,0,2,15,0,3,0,0,0,0,0,0,0,0,0,0,,,,,
Marvin Hall,WR,DET,6,GB,0,0,0,0,0,0,0,0,1,58,0,1,0,0,0,0,0,0,0,0,0,0,,,,,
Marvin Jones,WR,DET,6,GB,0,0,0,0,0,0,0,0,2,17,0,5,0,0,0,0,0,0,0,0,0,0,,,,,
Mason Crosby,K,GB,6,DET,0,0,0,0,0,0,0,0,0,0,0,0,0,0,0,0,1,1,1,0,0,2,,,,,
Matt Breida,RB,SF,6,LA,0,0,0,0,0,36,0,13,4,27,0,4,0,0,0,0,0,0,0,0,0,0,,,,,
Matt Bryant,K,ATL,6,ARI,0,0,0,0,0,0,0,0,0,0,0,0,0,0,0,0,1,0,1,0,0,3,,,,,
Matt Gay,K,TB,6,CAR,0,0,0,0,0,0,0,0,0,0,0,0,0,0,0,0,0,0,0,1,0,1,,,,,
Matt Prater,K,DET,6,GB,0,0,0,0,0,0,0,0,0,0,0,0,0,0,0,0,2,0,1,2,0,1,,,,,
Matt Ryan,QB,ATL,6,ARI,356,4,36,30,0,7,0,2,0,0,0,0,0,0,0,0,0,0,0,0,0,0,,,,,
Matthew Stafford,QB,DET,6,GB,265,0,32,18,0,9,0,3,0,0,0,0,0,0,0,0,0,0,0,0,0,0,,,,,
Maxx Williams,TE,ARI,6,ATL,0,0,0,0,0,0,0,0,3,34,1,3,0,0,0,0,0,0,0,0,0,0,,,,,
Mecole Hardman,WR,KC,6,HOU,0,0,0,0,0,0,0,0,4,45,0,4,0,0,0,0,0,0,0,0,0,0,,,,,
Melvin Gordon,RB,LAC,6,PIT,0,0,0,0,0,18,0,8,3,30,0,4,0,0,0,0,0,0,0,0,0,0,,,,,
Michael Gallup,WR,DAL,6,NYJ,0,0,0,0,0,0,0,0,4,48,0,7,0,0,0,0,0,0,0,0,0,0,,,,,
Michael Thomas,WR,NO,6,JAX,0,0,0,0,0,0,0,0,8,89,0,12,0,0,0,0,0,0,0,0,0,0,,,,,
Mike Boone,RB,MIN,6,PHI,0,0,0,0,0,0,0,0,0,0,0,0,0,0,0,0,0,0,0,0,0,0,,,,,
Mike Evans,WR,TB,6,CAR,0,0,0,0,0,0,0,0,9,96,0,17,0,0,1,0,0,0,0,0,0,0,,,,,
Mike Gesicki,TE,MIA,6,WAS,0,0,0,0,0,0,0,0,3,51,0,7,0,0,0,0,0,0,0,0,0,0,,,,,
Mike Nugent,K,NE,6,NYG,0,0,0,0,0,0,0,0,0,0,0,0,0,0,0,0,0,0,0,0,0,5,,,,,
Mike Thomas,WR,LA,6,SF,0,0,0,0,0,0,0,0,0,0,0,0,0,0,0,0,0,0,0,0,0,0,,,,,
Mike Williams,WR,LAC,6,PIT,0,0,0,0,0,0,0,0,5,72,0,10,0,0,0,0,0,0,0,0,0,0,,,,,
Miles Boykin,WR,BAL,6,CIN,0,0,0,0,0,0,0,0,2,28,0,3,0,0,0,0,0,0,0,0,0,0,,,,,
Miles Sanders,RB,PHI,6,MIN,0,0,0,0,0,6,0,3,3,86,1,3,0,0,0,0,0,0,0,0,0,0,,,,,
Mohamed Sanu,WR,ATL,6,ARI,0,0,0,0,0,0,0,0,3,29,0,4,0,0,0,0,0,0,0,0,0,0,,,,,
NE,DEF,NE,6,NYG,,,,,,,,,,,,,,,,,,,,,,,0,0,0,0,14.0
NO,DEF,NO,6,JAX,,,,,,,,,,,,,,,,,,,,,,,0,0,0,0,6.0
NYG,DEF,NYG,6,NE,,,,,,,,,,,,,,,,,,,,,,,0,0,0,0,35.0
NYJ,DEF,NYJ,6,DAL,,,,,,,,,,,,,,,,,,,,,,,0,0,0,0,22.0
Nelson Agholor,WR,PHI,6,MIN,0,0,0,0,0,0,0,0,4,42,0,7,0,0,0,0,0,0,0,0,0,0,,,,,
Nick Bawden,RB,DET,6,GB,0,0,0,0,0,0,0,0,0,0,0,1,0,0,0,0,0,0,0,0,0,0,,,,,
Nick Boyle,TE,BAL,6,CIN,0,0,0,0,0,0,0,0,2,18,0,4,0,0,0,0,0,0,0,0,0,0,,,,,
Nick Chubb,RB,CLE,6,SEA,0,0,0,0,0,122,2,20,5,17,0,6,0,0,0,0,0,0,0,0,0,0,,,,,
Nick O'Leary,TE,MIA,6,WAS,0,0,0,0,0,0,0,0,1,3,0,1,0,0,0,0,0,0,0,0,0,0,,,,,
Nick Vannett,TE,PIT,6,LAC,0,0,0,0,0,0,0,0,1,5,0,1,0,0,0,0,0,0,0,0,0,0,,,,,
Noah Fant,TE,DEN,6,TEN,0,0,0,0,0,0,0,0,2,16,0,3,0,0,0,0,0,0,0,0,0,0,,,,,
O.J. Howard,TE,TB,6,CAR,0,0,0,0,0,0,0,0,2,35,0,4,0,0,0,0,0,0,0,0,0,0,,,,,
Odell Beckham Jr.,WR,CLE,6,SEA,0,0,0,0,0,0,0,0,6,101,0,11,0,0,0,0,0,0,0,0,0,0,,,,,
Olamide Zaccheaus,WR,ATL,6,ARI,0,0,0,0,0,0,0,0,0,0,0,0,0,0,0,0,0,0,0,0,0,0,,,,,
PHI,DEF,PHI,6,MIN,,,,,,,,,,,,,,,,,,,,,,,0,0,0,0,38.0
PIT,DEF,PIT,6,LAC,,,,,,,,,,,,,,,,,,,,,,,0,0,0,0,17.0
Patrick Mahomes,QB,KC,6,HOU,273,3,35,19,1,-1,0,1,0,0,0,0,0,0,0,0,0,0,0,0,0,0,,,,,
Patrick Ricard,RB,BAL,6,CIN,0,0,0,0,0,0,0,0,1,6,0,1,0,0,0,0,0,0,0,0,0,0,,,,,
Paul Richardson,WR,WAS,6,MIA,0,0,0,0,0,0,0,1,0,0,0,4,0,0,0,0,0,0,0,0,0,0,,,,,
Peyton Barber,RB,TB,6,CAR,0,0,0,0,0,28,0,8,0,0,0,0,0,0,0,0,0,0,0,0,0,0,,,,,
Pharaoh Brown,TE,CLE,6,SEA,0,0,0,0,0,0,0,0,1,9,0,1,0,0,0,0,0,0,0,0,0,0,,,,,
Pharoh Cooper,WR,ARI,6,ATL,0,0,0,0,0,2,0,1,3,16,0,4,0,0,0,0,0,0,0,0,0,0,,,,,
Philip Rivers,QB,LAC,6,PIT,320,2,44,26,2,0,0,1,0,0,0,0,0,0,0,0,0,0,0,0,0,0,,,,,
Phillip Lindsay,RB,DEN,6,TEN,0,0,0,0,0,70,1,15,2,5,0,3,0,0,0,0,0,0,0,0,0,0,,,,,
Preston Williams,WR,MIA,6,WAS,0,0,0,0,0,0,0,0,2,31,0,6,0,0,0,0,0,0,0,0,0,0,,,,,
Raheem Mostert,RB,SF,6,LA,0,0,0,0,0,13,0,4,0,0,0,0,0,0,0,0,0,0,0,0,0,0,,,,,
Randy Bullock,K,CIN,6,BAL,0,0,0,0,0,0,0,0,0,0,0,0,0,0,0,0,1,0,0,0,0,2,,,,,
Ray-Ray McCloud,WR,CAR,6,TB,0,0,0,0,0,0,0,0,0,0,0,0,0,0,0,0,0,0,0,0,0,0,,,,,
Reggie Bonnafon,RB,CAR,6,TB,0,0,0,0,0,0,0,0,0,0,0,0,0,0,0,0,0,0,0,0,0,0,,,,,
Rhett Ellison,TE,NYG,6,NE,0,0,0,0,0,0,0,0,3,30,0,7,0,0,0,0,0,0,0,0,0,0,,,,,
Richie James,WR,SF,6,LA,0,0,0,0,0,0,0,0,0,0,0,0,0,0,0,0,0,0,0,0,0,0,,,,,
Ricky Seals-Jones,TE,CLE,6,SEA,0,0,0,0,0,0,0,0,3,47,1,6,0,0,0,0,0,0,0,0,0,0,,,,,
Robbie Chosen,WR,NYJ,6,DAL,0,0,0,0,0,0,0,0,5,125,1,8,0,0,0,0,0,0,0,0,0,0,,,,,
Robbie Gould,K,SF,6,LA,0,0,0,0,0,0,0,0,0,0,0,0,0,0,0,0,1,1,0,0,0,2,,,,,
Robert Woods,WR,LA,6,SF,0,0,0,0,0,16,1,2,0,0,0,4,0,0,0,0,0,0,0,0,0,0,,,,,
Ronald Jones,RB,TB,6,CAR,0,0,0,0,0,10,1,4,0,0,0,0,0,0,0,0,0,0,0,0,0,0,,,,,
Royce Freeman,RB,DEN,6,TEN,0,0,0,0,0,34,0,11,5,42,0,5,0,0,0,0,0,0,0,0,0,0,,,,,
Russell Gage,WR,ATL,6,ARI,0,0,0,0,0,0,0,0,1,6,0,1,0,0,0,0,0,0,0,0,0,0,,,,,
Russell Wilson,QB,SEA,6,CLE,295,2,33,23,0,31,1,9,0,0,0,0,0,0,0,0,0,0,0,0,0,0,,,,,
Ryan Fitzpatrick,QB,MIA,6,WAS,132,1,18,12,0,5,0,2,0,0,0,0,0,0,0,0,0,0,0,0,0,0,,,,,
Ryan Griffin,TE,NYJ,6,DAL,0,0,0,0,0,0,0,0,3,28,1,3,0,0,0,0,0,0,0,0,0,0,,,,,
Ryan Izzo,TE,NE,6,NYG,0,0,0,0,0,0,0,0,2,31,0,4,0,0,0,0,0,0,0,0,0,0,,,,,
Ryan Switzer,WR,PIT,6,LAC,0,0,0,0,0,0,0,0,1,-2,0,1,0,0,0,0,0,0,0,0,0,0,,,,,
Ryan Tannehill,QB,TEN,6,DEN,144,0,16,13,1,6,0,1,0,0,0,0,0,0,0,0,0,0,0,0,0,0,,,,,
Ryquell Armstead,RB,JAX,6,NO,0,0,0,0,0,1,0,1,0,0,0,0,0,0,0,0,0,0,0,0,0,0,,,,,
SEA,DEF,SEA,6,CLE,,,,,,,,,,,,,,,,,,,,,,,0,0,0,0,28.0
SF,DEF,SF,6,LA,,,,,,,,,,,,,,,,,,,,,,,0,0,0,0,7.0
Sam Darnold,QB,NYJ,6,DAL,338,2,32,23,1,1,0,5,0,0,0,0,0,0,0,0,0,0,0,0,0,0,,,,,
Sam Ficken,K,NYJ,6,DAL,0,0,0,0,0,0,0,0,0,0,0,0,0,0,0,0,0,1,0,0,0,3,,,,,
Scott Miller,WR,TB,6,CAR,0,0,0,0,0,0,0,0,3,39,0,7,0,0,0,0,0,0,0,0,0,0,,,,,
Seth DeValve,TE,JAX,6,NO,0,0,0,0,0,0,0,0,1,16,0,1,0,0,0,0,0,0,0,0,0,0,,,,,
Seth Roberts,WR,BAL,6,CIN,0,0,0,0,0,0,0,0,2,23,0,2,0,0,0,0,0,0,0,0,0,0,,,,,
Sony Michel,RB,NE,6,NYG,0,0,0,0,0,86,0,22,2,27,0,3,0,0,0,0,0,0,0,0,0,0,,,,,
Stefon Diggs,WR,MIN,6,PHI,0,0,0,0,0,18,0,2,7,167,3,11,0,0,0,0,0,0,0,0,0,0,,,,,
Steven Sims,WR,WAS,6,MIA,0,0,0,0,0,1,0,1,0,0,0,0,0,0,0,0,0,0,0,0,0,0,,,,,
T.J. Hockenson,TE,DET,6,GB,0,0,0,0,0,0,0,0,4,21,0,6,0,0,0,0,0,0,0,0,0,0,,,,,
TB,DEF,TB,6,CAR,,,,,,,,,,,,,,,,,,,,,,,0,0,0,0,37.0
TEN,DEF,TEN,6,DEN,,,,,,,,,,,,,,,,,,,,,,,0,0,0,0,16.0
Tajae Sharpe,WR,TEN,6,DEN,0,0,0,0,0,0,0,0,0,0,0,2,0,0,0,0,0,0,0,0,0,0,,,,,
Tavon Austin,WR,DAL,6,NYJ,0,0,0,0,0,0,0,0,5,64,0,6,0,0,0,0,0,0,0,0,0,0,,,,,
Taysom Hill,TE,NO,6,JAX,0,0,0,0,0,17,0,3,0,0,0,0,0,0,0,0,0,0,0,0,0,0,,,,,
Ted Ginn,WR,NO,6,JAX,0,0,0,0,0,12,0,1,2,36,0,6,0,0,0,0,0,0,0,0,0,0,,,,,
Teddy Bridgewater,QB,NO,6,JAX,240,1,36,24,0,0,0,3,0,0,0,0,0,0,0,0,0,0,0,0,0,0,,,,,
Terry McLaurin,WR,WAS,6,MIA,0,0,0,0,0,0,0,0,4,100,2,7,0,0,0,0,0,0,0,0,0,0,,,,,
Tevin Coleman,RB,SF,6,LA,0,0,0,0,0,45,1,18,2,16,0,3,0,0,0,0,0,0,0,0,0,0,,,,,
Tom Brady,QB,NE,6,NYG,334,0,41,31,1,6,2,7,0,0,0,0,0,0,0,0,0,0,0,0,0,0,,,,,
Tony Pollard,RB,DAL,6,NYJ,0,0,0,0,0,13,0,3,0,0,0,0,0,0,0,0,0,0,0,0,0,0,,,,,
Tra Carson,RB,GB,6,DET,0,0,0,0,0,0,0,0,0,0,0,0,0,0,0,0,0,0,0,0,0,0,,,,,
Travis Benjamin,WR,LAC,6,PIT,0,0,0,0,0,0,0,0,1,0,0,4,0,0,0,0,0,0,0,0,0,0,,,,,
Travis Kelce,TE,KC,6,HOU,0,0,0,0,0,0,0,0,4,58,0,6,0,0,0,0,0,0,0,0,0,0,,,,,
Trent Sherfield,WR,ARI,6,ATL,0,0,0,0,0,0,0,0,1,38,0,1,0,0,0,0,0,0,0,0,0,0,,,,,
Trey Quinn,WR,WAS,6,MIA,0,0,0,0,0,0,0,0,2,8,0,4,0,0,0,0,0,0,0,0,0,0,,,,,
Troymaine Pope,RB,LAC,6,PIT,0,0,0,0,0,0,0,0,0,0,0,0,0,0,0,0,0,0,0,0,0,0,,,,,
Ty Johnson,RB,DET,6,GB,0,0,0,0,0,0,0,0,0,0,0,0,0,0,0,0,0,0,0,0,0,0,,,,,
Ty Montgomery,WR,NYJ,6,DAL,0,0,0,0,0,0,0,0,3,17,0,3,0,0,0,0,0,0,0,0,0,0,,,,,
Tyler Boyd,WR,CIN,6,BAL,0,0,0,0,0,0,0,0,3,10,0,7,0,0,0,0,0,0,0,0,0,0,,,,,
Tyler Conklin,TE,MIN,6,PHI,0,0,0,0,0,0,0,0,0,0,0,0,0,0,0,0,0,0,0,0,0,0,,,,,
Tyler Eifert,TE,CIN,6,BAL,0,0,0,0,0,0,0,0,2,13,0,2,0,0,0,0,0,0,0,0,0,0,,,,,
Tyler Higbee,TE,LA,6,SF,0,0,0,0,0,0,0,0,3,25,0,3,0,0,0,0,0,0,0,0,0,0,,,,,
Tyler Lockett,WR,SEA,6,CLE,0,0,0,0,0,3,0,1,5,75,0,5,0,0,0,0,0,0,0,0,0,0,,,,,
Tyreek Hill,WR,KC,6,HOU,0,0,0,0,0,0,0,0,5,80,2,10,0,0,0,0,0,0,0,0,0,0,,,,,
Vance McDonald,TE,PIT,6,LAC,0,0,0,0,0,0,0,0,1,5,0,1,0,0,0,0,0,0,0,0,0,0,,,,,
Virgil Green,TE,LAC,6,PIT,0,0,0,0,0,0,0,0,1,15,0,2,0,0,0,0,0,0,0,0,0,0,,,,,
Vyncint Smith,WR,NYJ,6,DAL,0,0,0,0,0,0,0,0,1,5,0,1,0,0,0,0,0,0,0,0,0,0,,,,,
WAS,DEF,WAS,6,MIA,,,,,,,,,,,,,,,,,,,,,,,0,0,0,0,16.0
Wendell Smallwood,RB,WAS,6,MIA,0,0,0,0,0,4,0,1,0,0,0,0,0,0,0,0,0,0,0,0,0,0,,,,,
Wil Lutz,K,NO,6,JAX,0,0,0,0,0,0,0,0,0,0,0,0,0,0,0,0,1,0,1,0,0,1,,,,,
Will Dissly,TE,SEA,6,CLE,0,0,0,0,0,0,0,0,0,0,0,1,0,0,0,0,0,0,0,0,0,0,,,,,
Will Fuller,WR,HOU,6,KC,0,0,0,0,0,0,0,0,5,44,0,9,0,0,0,0,0,0,0,0,0,0,,,,,
Willie Snead,WR,BAL,6,CIN,0,0,0,0,0,0,0,0,3,18,0,5,0,0,0,0,0,0,0,0,0,0,,,,,
Zach Ertz,TE,PHI,6,MIN,0,0,0,0,0,0,0,0,4,54,0,9,0,0,0,0,0,0,0,0,0,0,,,,,
Zane Gonzalez,K,ARI,6,ATL,0,0,0,0,0,0,0,0,0,0,0,0,0,0,0,0,1,1,0,0,0,4,,,,,
A.J. Brown,WR,TEN,7,LAC,0,0,0,0,0,-2,0,1,6,64,0,8,0,0,0,0,0,0,0,0,0,0,,,,,
ARI,DEF,ARI,7,NYG,,,,,,,,,,,,,,,,,,,,,,,0,0,0,0,21.0
ATL,DEF,ATL,7,LA,,,,,,,,,,,,,,,,,,,,,,,0,0,0,0,37.0
Aaron Jones,RB,GB,7,LV,0,0,0,0,0,50,0,12,4,33,1,4,0,0,0,0,0,0,0,0,0,0,,,,,
Aaron Rodgers,QB,GB,7,LV,429,5,31,25,0,6,1,2,0,0,0,0,0,0,0,0,0,0,0,0,0,0,,,,,
Adam Humphries,WR,TEN,7,LAC,0,0,0,0,0,0,0,0,4,40,0,4,0,0,0,0,0,0,0,0,0,0,,,,,
Adam Shaheen,TE,CHI,7,NO,0,0,0,0,0,0,0,0,2,24,0,2,0,0,1,0,0,0,0,0,0,0,,,,,
Adam Thielen,WR,MIN,7,DET,0,0,0,0,0,0,0,0,1,25,1,2,0,0,0,0,0,0,0,0,0,0,,,,,
Adam Vinatieri,K,IND,7,HOU,0,0,0,0,0,0,0,0,0,0,0,0,0,0,0,0,0,0,0,0,0,4,,,,,
Adrian Peterson,RB,WAS,7,SF,0,0,0,0,0,81,0,20,0,0,0,0,0,0,0,0,0,0,0,0,0,0,,,,,
Albert Wilson,WR,MIA,7,BUF,0,0,0,0,0,0,0,0,1,22,0,2,0,0,0,0,0,0,0,0,0,0,,,,,
Aldrick Rosas,K,NYG,7,ARI,0,0,0,0,0,0,0,0,0,0,0,0,0,0,0,0,0,0,0,0,0,3,,,,,
Alex Erickson,WR,CIN,7,JAX,0,0,0,0,0,-2,0,2,8,137,0,14,0,0,0,0,0,0,0,0,0,0,,,,,
Alexander Mattison,RB,MIN,7,DET,0,0,0,0,0,18,0,7,0,0,0,0,0,0,0,0,0,0,0,0,0,0,,,,,
Allen Hurns,WR,MIA,7,BUF,0,0,0,0,0,0,0,0,3,53,0,3,0,0,0,0,0,0,0,0,0,0,,,,,
Allen Lazard,WR,GB,7,LV,0,0,0,0,0,0,0,0,3,42,0,4,0,0,0,0,0,0,0,0,0,0,,,,,
Allen Robinson,WR,CHI,7,NO,0,0,0,0,0,0,0,0,10,87,1,16,0,0,0,0,0,0,0,0,0,0,,,,,
Alshon Jeffery,WR,PHI,7,DAL,0,0,0,0,0,0,0,0,2,38,0,5,0,0,0,0,0,0,0,0,0,0,,,,,
Amari Cooper,WR,DAL,7,PHI,0,0,0,0,0,0,0,0,5,106,0,5,0,0,0,0,0,0,0,0,0,0,,,,,
Ameer Abdullah,RB,MIN,7,DET,0,0,0,0,0,0,0,0,0,0,0,0,0,0,0,0,0,0,0,0,0,0,,,,,
Andre Roberts,WR,BUF,7,MIA,0,0,0,0,0,0,0,0,0,0,0,1,0,0,0,0,0,0,0,0,0,0,,,,,
Andy Dalton,QB,CIN,7,JAX,276,1,43,22,3,33,1,4,0,0,0,0,0,0,0,0,0,0,0,0,0,0,,,,,
Andy Isabella,WR,ARI,7,NYG,0,0,0,0,0,0,0,0,2,8,0,2,0,0,0,0,0,0,0,0,0,0,,,,,
Anthony Firkser,TE,TEN,7,LAC,0,0,0,0,0,0,0,0,1,27,0,1,0,0,0,0,0,0,0,0,0,0,,,,,
Anthony Miller,WR,CHI,7,NO,0,0,0,0,0,-1,0,1,5,64,0,9,0,0,0,0,0,0,0,0,0,0,,,,,
Ashton Dulin,WR,IND,7,HOU,0,0,0,0,0,0,0,0,0,0,0,0,0,0,0,0,0,0,0,0,0,0,,,,,
Auden Tate,WR,CIN,7,JAX,0,0,0,0,0,0,0,0,3,65,0,6,0,0,0,0,0,0,0,0,0,0,,,,,
Austin Carr,WR,NO,7,CHI,0,0,0,0,0,0,0,0,0,0,0,2,0,0,0,0,0,0,0,0,0,0,,,,,
Austin Ekeler,RB,LAC,7,TEN,0,0,0,0,0,7,0,5,7,118,1,8,0,0,0,0,0,0,0,0,0,0,,,,,
Austin Hooper,TE,ATL,7,LA,0,0,0,0,0,0,0,0,4,46,1,5,0,0,0,0,0,0,0,0,0,0,,,,,
BAL,DEF,BAL,7,SEA,,,,,,,,,,,,,,,,,,,,,,,1,0,0,0,16.0
BUF,DEF,BUF,7,MIA,,,,,,,,,,,,,,,,,,,,,,,0,0,0,0,21.0
Ben Braunecker,TE,CHI,7,NO,0,0,0,0,0,0,0,0,0,0,0,0,0,0,0,0,0,0,0,0,0,0,,,,,
Benjamin Watson,TE,NE,7,NYJ,0,0,0,0,0,0,0,0,3,18,0,5,0,0,0,0,0,0,0,0,0,0,,,,,
Bennie Fowler,WR,NYG,7,ARI,0,0,0,0,0,0,0,0,4,35,0,5,0,0,0,0,0,0,0,0,0,0,,,,,
Bilal Powell,RB,NYJ,7,NE,0,0,0,0,0,3,0,1,0,0,0,0,0,0,0,0,0,0,0,0,0,0,,,,,
Bisi Johnson,WR,MIN,7,DET,0,0,0,0,0,0,0,0,4,40,1,8,0,0,0,0,0,0,0,0,0,0,,,,,
Blake Bell,TE,KC,7,DEN,0,0,0,0,0,0,0,0,0,0,0,1,0,0,0,0,0,0,0,0,0,0,,,,,
Blake Jarwin,TE,DAL,7,PHI,0,0,0,0,0,0,0,0,1,1,1,1,0,0,0,0,0,0,0,0,0,0,,,,,
Boston Scott,RB,PHI,7,DAL,0,0,0,0,0,32,0,7,1,5,0,1,0,0,0,0,0,0,0,0,0,0,,,,,
Brandin Cooks,WR,LA,7,ATL,0,0,0,0,0,0,0,0,4,59,0,7,0,0,0,0,0,0,0,0,0,0,,,,,
Brandon Bolden,RB,NE,7,NYJ,0,0,0,0,0,2,0,1,4,39,0,4,0,0,0,0,0,0,0,0,0,0,,,,,
Brandon McManus,K,DEN,7,KC,0,0,0,0,0,0,0,0,0,0,0,0,0,0,0,0,0,0,0,0,0,0,,,,,
Braxton Berrios,WR,NYJ,7,NE,0,0,0,0,0,0,0,0,1,1,0,1,0,0,0,0,0,0,0,0,0,0,,,,,
Brett Maher,K,DAL,7,PHI,0,0,0,0,0,0,0,0,0,0,0,0,0,0,0,0,2,0,0,0,1,4,,,,,
Brian Hill,RB,ATL,7,LA,0,0,0,0,0,11,0,5,2,14,0,2,0,0,0,0,0,0,0,0,0,0,,,,,
Buddy Howell,RB,HOU,7,IND,0,0,0,0,0,0,0,0,0,0,0,0,0,0,0,0,0,0,0,0,0,0,,,,,
Byron Pringle,WR,KC,7,DEN,0,0,0,0,0,0,0,0,0,0,0,0,0,0,0,0,0,0,0,0,0,0,,,,,
C.J. Prosise,RB,SEA,7,BAL,0,0,0,0,0,17,0,1,0,0,0,0,0,0,0,0,0,0,0,0,0,0,,,,,
CHI,DEF,CHI,7,NO,,,,,,,,,,,,,,,,,,,,,,,0,0,0,0,36.0
CIN,DEF,CIN,7,JAX,,,,,,,,,,,,,,,,,,,,,,,0,0,0,0,27.0
Calvin Ridley,WR,ATL,7,LA,0,0,0,0,0,0,0,0,4,30,0,6,0,0,0,0,0,0,0,0,0,0,,,,,
Carlos Hyde,RB,HOU,7,IND,0,0,0,0,0,35,0,12,0,0,0,1,0,0,0,0,0,0,0,0,0,0,,,,,
Carson Wentz,QB,PHI,7,DAL,191,1,26,16,1,12,0,4,0,0,0,0,0,0,0,0,0,0,0,0,0,0,,,,,
Case Keenum,QB,WAS,7,SF,77,0,12,9,0,0,0,0,0,0,0,0,0,0,0,0,0,0,0,0,0,0,,,,,
Cethan Carter,TE,CIN,7,JAX,0,0,0,0,0,0,0,0,0,0,0,0,0,0,0,0,0,0,0,0,0,0,,,,,
Charles Clay,TE,ARI,7,NYG,0,0,0,0,0,0,0,0,1,12,0,2,0,0,0,0,0,0,0,0,0,0,,,,,
Chase Edmonds,RB,ARI,7,NYG,0,0,0,0,0,126,3,27,2,24,0,4,0,0,0,0,0,0,0,0,0,0,,,,,
Chase McLaughlin,K,LAC,7,TEN,0,0,0,0,0,0,0,0,0,0,0,0,0,0,0,0,1,0,0,1,0,2,,,,,
Chester Rogers,WR,IND,7,HOU,0,0,0,0,0,0,0,0,2,24,0,2,0,0,0,0,0,0,0,0,0,0,,,,,
Chris Carson,RB,SEA,7,BAL,0,0,0,0,0,65,0,21,3,9,0,5,0,0,0,0,0,0,0,0,0,0,,,,,
Chris Conley,WR,JAX,7,CIN,0,0,0,0,0,0,0,0,3,83,0,7,0,0,1,0,0,0,0,0,0,0,,,,,
Chris Moore,WR,BAL,7,SEA,0,0,0,0,0,0,0,0,1,3,0,1,0,0,0,0,0,0,0,0,0,0,,,,,
Cody Latimer,WR,NYG,7,ARI,0,0,0,0,0,0,0,0,4,33,0,5,0,0,0,0,0,0,0,0,0,0,,,,,
Cody Parkey,K,TEN,7,LAC,0,0,0,0,0,0,0,0,0,0,0,0,0,0,0,0,0,0,1,0,0,2,,,,,
Cole Beasley,WR,BUF,7,MIA,0,0,0,0,0,0,0,0,3,16,1,6,0,0,0,0,0,0,0,0,0,0,,,,,
Cooper Kupp,WR,LA,7,ATL,0,0,0,0,0,0,0,0,6,50,0,8,0,0,0,0,0,0,0,0,0,0,,,,,
Cordarrelle Patterson,RB,CHI,7,NO,0,0,0,0,0,2,0,1,2,21,0,3,1,0,0,0,0,0,0,0,0,0,,,,,
Corey Davis,WR,TEN,7,LAC,0,0,0,0,0,0,0,0,6,80,1,7,0,0,0,0,0,0,0,0,0,0,,,,,
Courtland Sutton,WR,DEN,7,KC,0,0,0,0,0,0,0,0,6,87,0,8,0,0,0,0,0,0,0,0,0,0,,,,,
Cullen Gillaspia,RB,HOU,7,IND,0,0,0,0,0,0,0,0,0,0,0,0,0,0,0,0,0,0,0,0,0,0,,,,,
DAL,DEF,DAL,7,PHI,,,,,,,,,,,,,,,,,,,,,,,0,0,0,0,10.0
DEN,DEF,DEN,7,KC,,,,,,,,,,,,,,,,,,,,,,,0,0,0,0,30.0
DET,DEF,DET,7,MIN,,,,,,,,,,,,,,,,,,,,,,,0,0,0,0,42.0
DJ Chark,WR,JAX,7,CIN,0,0,0,0,0,20,0,1,3,53,0,5,0,0,0,0,0,0,0,0,0,0,,,,,
DK Metcalf,WR,SEA,7,BAL,0,0,0,0,0,0,0,0,4,53,0,9,0,0,0,0,0,0,0,0,0,0,,,,,
DaeSean Hamilton,WR,DEN,7,KC,0,0,0,0,0,0,0,0,2,4,0,5,0,0,0,0,0,0,0,0,0,0,,,,,
Dak Prescott,QB,DAL,7,PHI,239,1,27,21,1,30,1,5,0,0,0,0,0,0,0,0,0,0,0,0,0,0,,,,,
Dallas Goedert,TE,PHI,7,DAL,0,0,0,0,0,0,0,0,4,69,1,4,0,0,0,0,0,0,0,0,0,0,,,,,
Dalton Schultz,TE,DAL,7,PHI,0,0,0,0,0,0,0,0,0,0,0,0,0,0,0,0,0,0,0,0,0,0,,,,,
Dalvin Cook,RB,MIN,7,DET,0,0,0,0,0,142,2,25,1,7,0,2,0,0,0,0,0,0,0,0,0,0,,,,,
Damien Harris,RB,NE,7,NYJ,0,0,0,0,0,12,0,4,0,0,0,0,0,0,0,0,0,0,0,0,0,0,,,,,
Damien Williams,RB,KC,7,DEN,0,0,0,0,0,7,0,9,2,-1,0,3,0,0,0,0,0,0,0,0,0,0,,,,,
Damiere Byrd,WR,ARI,7,NYG,0,0,0,0,0,0,0,0,1,4,0,2,0,0,0,0,0,0,0,0,0,0,,,,,
Dan Arnold,TE,NO,7,CHI,0,0,0,0,0,0,0,0,0,0,0,1,0,0,0,0,0,0,0,0,0,0,,,,,
Dan Bailey,K,MIN,7,DET,0,0,0,0,0,0,0,0,0,0,0,0,0,0,0,0,0,0,0,0,0,6,,,,,
Daniel Brown,TE,NYJ,7,NE,0,0,0,0,0,0,0,0,0,0,0,0,0,0,0,0,0,0,0,0,0,0,,,,,
Daniel Carlson,K,LV,7,GB,0,0,0,0,0,0,0,0,0,0,0,0,0,0,0,0,0,0,1,0,0,3,,,,,
Daniel Jones,QB,NYG,7,ARI,223,1,35,22,1,35,0,4,0,0,0,0,0,0,0,0,0,0,0,0,0,0,,,,,
Danny Amendola,WR,DET,7,MIN,0,0,0,0,0,0,0,0,8,105,0,11,0,0,0,0,0,0,0,0,0,0,,,,,
Danny Vitale,RB,GB,7,LV,0,0,0,0,0,0,0,0,2,43,0,2,0,0,0,0,0,0,0,0,0,0,,,,,
Dante Pettis,WR,SF,7,WAS,0,0,0,0,0,0,0,0,0,0,0,2,0,0,0,0,0,0,0,0,0,0,,,,,
Darius Jennings,WR,TEN,7,LAC,0,0,0,0,0,0,0,0,0,0,0,0,0,0,0,0,0,0,0,0,0,0,,,,,
Darius Slayton,WR,NYG,7,ARI,0,0,0,0,0,0,0,0,2,28,0,2,0,0,0,0,0,0,0,0,0,0,,,,,
Darrel Williams,RB,KC,7,DEN,0,0,0,0,0,1,0,2,2,5,0,2,0,0,0,0,0,0,0,0,0,0,,,,,
Darrell Daniels,TE,ARI,7,NYG,0,0,0,0,0,0,0,0,0,0,0,0,0,0,0,0,0,0,0,0,0,0,,,,,
Darrell Henderson,RB,LA,7,ATL,0,0,0,0,0,31,0,11,1,8,0,1,0,0,0,0,0,0,0,0,0,0,,,,,
Darren Fells,TE,HOU,7,IND,0,0,0,0,0,0,0,0,2,27,0,2,0,0,0,0,0,0,0,0,0,0,,,,,
Darren Waller,TE,LV,7,GB,0,0,0,0,0,0,0,0,7,126,2,8,0,0,0,0,0,0,0,0,0,0,,,,,
Darrius Shepherd,WR,GB,7,LV,0,0,0,0,0,0,0,0,0,0,0,0,0,0,0,0,0,0,0,0,0,0,,,,,
David Johnson,RB,ARI,7,NYG,0,0,0,0,0,2,0,1,0,0,0,0,0,0,0,0,0,0,0,0,0,0,,,,,
David Montgomery,RB,CHI,7,NO,0,0,0,0,0,6,0,2,2,13,0,2,0,0,0,0,0,0,0,0,0,0,,,,,
David Moore,WR,SEA,7,BAL,0,0,0,0,0,0,0,0,1,14,0,3,0,0,0,0,0,0,0,0,0,0,,,,,
Dawson Knox,TE,BUF,7,MIA,0,0,0,0,0,0,0,0,2,22,0,5,0,0,0,0,0,0,0,0,0,0,,,,,
De'Anthony Thomas,WR,KC,7,DEN,0,0,0,0,0,0,0,0,0,0,0,0,0,0,0,0,0,0,0,0,0,0,,,,,
DeAndre Carter,WR,HOU,7,IND,0,0,0,0,0,0,0,0,0,0,0,0,0,0,0,0,0,0,0,0,0,0,,,,,
DeAndre Hopkins,WR,HOU,7,IND,0,0,0,0,0,0,0,0,9,106,1,12,0,0,0,0,0,0,0,0,0,0,,,,,
DeAndre Washington,RB,LV,7,GB,0,0,0,0,0,29,0,6,1,12,0,1,0,0,0,0,0,0,0,0,0,0,,,,,
DeVante Parker,WR,MIA,7,BUF,0,0,0,0,0,0,0,0,5,55,1,10,0,0,0,0,0,0,0,0,0,0,,,,,
Dede Westbrook,WR,JAX,7,CIN,0,0,0,0,0,14,0,2,6,103,0,9,0,0,0,0,0,0,0,0,0,0,,,,,
Demarcus Robinson,WR,KC,7,DEN,0,0,0,0,0,0,0,0,3,31,0,5,0,0,0,0,0,0,0,0,0,0,,,,,
Demaryius Thomas,WR,NYJ,7,NE,0,0,0,0,0,0,0,0,3,42,0,9,0,0,0,0,0,0,0,0,0,0,,,,,
Deonte Harty,WR,NO,7,CHI,0,0,0,0,0,0,0,0,0,0,0,0,0,0,0,0,0,0,0,0,0,0,,,,,
Derek Carr,QB,LV,7,GB,293,2,28,22,1,0,0,2,0,0,0,0,0,0,0,0,0,0,0,0,0,0,,,,,
Derek Carrier,TE,LV,7,GB,0,0,0,0,0,0,0,0,2,22,0,4,0,0,0,0,0,0,0,0,0,0,,,,,
Derrick Henry,RB,TEN,7,LAC,0,0,0,0,0,90,1,22,1,18,0,1,0,0,0,0,0,0,0,0,0,0,,,,,
Deshaun Watson,QB,HOU,7,IND,308,1,34,23,2,32,0,3,0,0,0,0,0,0,0,0,0,0,0,0,0,0,,,,,
Devin Singletary,RB,BUF,7,MIA,0,0,0,0,0,26,0,7,0,0,0,0,0,0,0,0,0,0,0,0,0,0,,,,,
Devonta Freeman,RB,ATL,7,LA,0,0,0,0,0,19,0,7,2,6,0,3,0,0,0,0,0,0,0,0,0,0,,,,,
Dexter Williams,RB,GB,7,LV,0,0,0,0,0,2,0,3,0,0,0,0,0,0,0,0,0,0,0,0,0,0,,,,,
Dion Lewis,RB,TEN,7,LAC,0,0,0,0,0,2,0,1,0,0,0,1,0,0,0,0,0,0,0,0,0,0,,,,,
Diontae Spencer,WR,DEN,7,KC,0,0,0,0,0,0,0,0,1,5,0,1,0,0,0,0,0,0,0,0,0,0,,,,,
Drew Sample,TE,CIN,7,JAX,0,0,0,0,0,0,0,0,1,3,0,1,0,0,0,0,0,0,0,0,0,0,,,,,
Duke Johnson,RB,HOU,7,IND,0,0,0,0,0,34,0,7,2,22,0,5,0,0,0,0,0,0,0,0,0,0,,,,,
Duke Williams,WR,BUF,7,MIA,0,0,0,0,0,0,0,0,1,23,0,1,0,0,0,0,0,0,0,0,0,0,,,,,
Durham Smythe,TE,MIA,7,BUF,0,0,0,0,0,0,0,0,0,0,0,1,0,0,0,0,0,0,0,0,0,0,,,,,
Dustin Hopkins,K,WAS,7,SF,0,0,0,0,0,0,0,0,0,0,0,0,0,0,0,0,0,0,0,0,0,0,,,,,
Dwayne Washington,RB,NO,7,CHI,0,0,0,0,0,0,0,0,1,6,0,1,0,0,0,0,0,0,0,0,0,0,,,,,
Eddy Pineiro,K,CHI,7,NO,0,0,0,0,0,0,0,0,0,0,0,0,0,0,0,0,0,0,1,0,0,2,,,,,
Emmanuel Sanders,WR,DEN,7,KC,0,0,0,0,0,0,0,0,5,60,0,6,0,0,0,0,0,0,0,0,0,0,,,,,
Eric Ebron,TE,IND,7,HOU,0,0,0,0,0,0,0,0,4,70,1,5,0,0,0,0,0,0,0,0,0,0,,,,,
Eric Tomlinson,TE,NE,7,NYJ,0,0,0,0,0,0,0,0,1,1,0,1,0,0,0,0,0,0,0,0,0,0,,,,,
Evan Baylis,TE,GB,7,LV,0,0,0,0,0,0,0,0,0,0,0,0,0,0,0,0,0,0,0,0,0,0,,,,,
Evan Engram,TE,NYG,7,ARI,0,0,0,0,0,0,0,0,1,6,0,5,0,0,0,0,0,0,0,0,0,0,,,,,
Ezekiel Elliott,RB,DAL,7,PHI,0,0,0,0,0,111,1,22,6,36,0,7,0,0,0,0,0,0,0,0,0,0,,,,,
Foster Moreau,TE,LV,7,GB,0,0,0,0,0,0,0,0,2,24,1,3,0,0,0,0,0,0,0,0,0,0,,,,,
Frank Gore,RB,BUF,7,MIA,0,0,0,0,0,55,0,11,1,11,0,1,0,0,0,0,0,0,0,0,0,0,,,,,
GB,DEF,GB,7,LV,,,,,,,,,,,,,,,,,,,,,,,0,0,0,0,24.0
Gardner Minshew,QB,JAX,7,CIN,255,1,32,15,0,48,0,9,0,0,0,0,0,0,1,0,0,0,0,0,0,0,,,,,
George Kittle,TE,SF,7,WAS,0,0,0,0,0,0,0,2,3,38,0,5,0,0,0,0,0,0,0,0,0,0,,,,,
Gerald Everett,TE,LA,7,ATL,0,0,0,0,0,0,0,0,4,50,1,10,0,0,0,0,0,0,0,0,0,0,,,,,
Geremy Davis,WR,LAC,7,TEN,0,0,0,0,0,0,0,0,0,0,0,0,0,0,0,0,0,0,0,0,0,0,,,,,
Geronimo Allison,WR,GB,7,LV,0,0,0,0,0,0,0,0,4,33,0,5,0,0,0,0,0,0,0,0,0,0,,,,,
Giovani Bernard,RB,CIN,7,JAX,0,0,0,0,0,0,0,4,2,4,0,3,0,0,0,0,0,0,0,0,0,0,,,,,
Golden Tate,WR,NYG,7,ARI,0,0,0,0,0,0,0,0,6,80,0,11,0,0,0,0,0,0,0,0,0,0,,,,,
Greg Zuerlein,K,LA,7,ATL,0,0,0,0,0,0,0,0,0,0,0,0,0,0,0,0,2,0,0,1,0,4,,,,,
Gunner Olszewski,WR,NE,7,NYJ,0,0,0,0,0,0,0,0,0,0,0,1,0,0,0,0,0,0,0,0,0,0,,,,,
Gus Edwards,RB,BAL,7,SEA,0,0,0,0,0,35,0,8,0,0,0,0,0,0,0,0,0,0,0,0,0,0,,,,,
HOU,DEF,HOU,7,IND,,,,,,,,,,,,,,,,,,,,,,,0,0,0,0,30.0
Harrison Butker,K,KC,7,DEN,0,0,0,0,0,0,0,0,0,0,0,0,0,0,0,0,1,2,0,0,0,3,,,,,
Hayden Hurst,TE,BAL,7,SEA,0,0,0,0,0,0,0,0,1,10,0,2,0,0,0,0,0,0,0,0,0,0,,,,,
Hunter Henry,TE,LAC,7,TEN,0,0,0,0,0,0,0,0,6,97,0,8,0,0,0,0,0,0,0,0,0,0,,,,,
Hunter Renfrow,WR,LV,7,GB,0,0,0,0,0,0,0,0,2,14,0,3,0,0,0,0,0,0,0,0,0,0,,,,,
IND,DEF,IND,7,HOU,,,,,,,,,,,,,,,,,,,,,,,0,1,0,0,23.0
Irv Smith,TE,MIN,7,DET,0,0,0,0,0,0,0,0,5,60,0,6,0,0,0,0,0,0,0,0,0,0,,,,,
Isaiah Ford,WR,MIA,7,BUF,0,0,0,0,0,0,0,0,0,0,0,1,0,0,0,0,0,0,0,0,0,0,,,,,
Isaiah McKenzie,WR,BUF,7,MIA,0,0,0,0,0,0,0,0,2,11,0,3,0,0,0,0,0,0,0,0,0,0,,,,,
Ito Smith,RB,ATL,7,LA,0,0,0,0,0,7,0,1,0,0,0,0,0,0,0,0,0,0,0,0,0,0,,,,,
J.D. McKissic,RB,DET,7,MIN,0,0,0,0,0,29,0,5,2,31,0,3,0,0,0,0,0,0,0,0,0,0,,,,,
JAX,DEF,JAX,7,CIN,,,,,,,,,,,,,,,,,,,,,,,1,0,0,0,17.0
Jack Doyle,TE,IND,7,HOU,0,0,0,0,0,0,0,0,3,21,0,5,0,0,0,0,0,0,0,0,0,0,,,,,
Jacob Hollister,TE,SEA,7,BAL,0,0,0,0,0,0,0,0,3,20,0,6,0,0,0,0,0,0,0,0,0,0,,,,,
Jacoby Brissett,QB,IND,7,HOU,326,4,39,26,0,6,0,5,0,0,0,0,0,0,0,0,0,0,0,0,0,0,,,,,
Jaeden Graham,TE,ATL,7,LA,0,0,0,0,0,0,0,0,0,0,0,0,0,0,0,0,0,0,0,0,0,0,,,,,
Jake Elliott,K,PHI,7,DAL,0,0,0,0,0,0,0,0,0,0,0,0,0,0,0,0,0,1,0,0,0,1,,,,,
Jake Kumerow,WR,GB,7,LV,0,0,0,0,0,0,0,0,2,54,1,2,0,0,0,0,0,0,0,0,0,0,,,,,
Jakobi Meyers,WR,NE,7,NYJ,0,0,0,0,0,0,0,0,5,47,0,5,0,0,0,0,0,0,0,0,0,0,,,,,
Jalen Richard,RB,LV,7,GB,0,0,0,0,0,2,0,2,1,5,0,1,0,0,0,0,0,0,0,0,0,0,,,,,
Jamaal Williams,RB,GB,7,LV,0,0,0,0,0,5,0,3,4,26,1,5,0,0,0,0,0,0,0,0,0,0,,,,,
Jamal Agnew,WR,DET,7,MIN,0,0,0,0,0,0,0,0,0,0,0,0,0,0,0,0,0,0,0,0,0,0,,,,,
James White,RB,NE,7,NYJ,0,0,0,0,0,0,0,5,7,59,0,8,0,0,0,0,0,0,0,0,0,0,,,,,
Jamison Crowder,WR,NYJ,7,NE,0,0,0,0,0,0,0,0,4,26,0,5,0,0,0,0,0,0,0,0,0,0,,,,,
Jared Goff,QB,LA,7,ATL,268,2,37,22,0,3,1,3,0,0,0,0,0,0,0,0,0,0,0,0,0,0,,,,,
Jaron Brown,WR,SEA,7,BAL,0,0,0,0,0,0,0,0,3,60,0,6,0,0,0,0,0,0,0,0,0,0,,,,,
Jarrett Stidham,QB,NE,7,NYJ,0,0,0,0,0,-2,0,2,0,0,0,0,0,0,0,0,0,0,0,0,0,0,,,,,
Jason Moore,WR,LAC,7,TEN,0,0,0,0,0,0,0,0,0,0,0,0,0,0,0,0,0,0,0,0,0,0,,,,,
Jason Myers,K,SEA,7,BAL,0,0,0,0,0,0,0,0,0,0,0,0,0,0,0,0,0,3,0,0,0,1,,,,,
Jason Sanders,K,MIA,7,BUF,0,0,0,0,0,0,0,0,0,0,0,0,0,0,0,0,0,0,0,0,0,3,,,,,
Jason Witten,TE,DAL,7,PHI,0,0,0,0,0,0,0,0,4,33,0,4,0,0,0,0,0,0,0,0,0,0,,,,,
Javon Wims,WR,CHI,7,NO,0,0,0,0,0,0,0,0,1,6,1,1,0,0,0,0,0,0,0,0,0,0,,,,,
Jeff Wilson,RB,SF,7,WAS,0,0,0,0,0,20,0,5,0,0,0,0,0,0,0,0,0,0,0,0,0,0,,,,,
Jeremy Sprinkle,TE,WAS,7,SF,0,0,0,0,0,0,0,0,2,13,0,2,0,0,0,0,0,0,0,0,0,0,,,,,
Jesse James,TE,DET,7,MIN,0,0,0,0,0,0,0,0,1,7,0,4,0,0,0,0,0,0,0,0,0,0,,,,,
Jimmy Garoppolo,QB,SF,7,WAS,151,0,21,12,1,20,0,4,0,0,0,0,0,0,0,0,0,0,0,0,0,0,,,,,
Jimmy Graham,TE,GB,7,LV,0,0,0,0,0,0,0,0,4,65,1,4,0,0,0,0,0,0,0,0,0,0,,,,,
JoJo Natson,WR,LA,7,ATL,0,0,0,0,0,0,0,0,0,0,0,0,0,0,0,0,0,0,0,0,0,0,,,,,
Joe Flacco,QB,DEN,7,KC,213,0,34,21,0,0,0,0,0,0,0,0,0,0,0,0,0,0,0,0,0,0,,,,,
Joe Mixon,RB,CIN,7,JAX,0,0,0,0,0,2,0,10,1,2,1,2,0,0,0,0,0,0,0,0,0,0,,,,,
John Brown,WR,BUF,7,MIA,0,0,0,0,0,0,0,0,5,83,1,6,0,0,0,0,0,0,0,0,0,0,,,,,
John Kelly,RB,LA,7,ATL,0,0,0,0,0,9,0,3,0,0,0,0,0,0,0,0,0,0,0,0,0,0,,,,,
Johnny Mundt,TE,LA,7,ATL,0,0,0,0,0,0,0,0,0,0,0,1,0,0,0,0,0,0,0,0,0,0,,,,,
Jonnu Smith,TE,TEN,7,LAC,0,0,0,0,0,0,0,0,3,64,0,3,0,0,0,0,0,0,0,0,0,0,,,,,
Jordan Akins,TE,HOU,7,IND,0,0,0,0,0,0,0,0,2,17,0,2,0,0,0,0,0,0,0,0,0,0,,,,,
Jordan Howard,RB,PHI,7,DAL,0,0,0,0,0,50,0,11,2,6,0,2,0,0,0,0,0,0,0,0,0,0,,,,,
Jordan Wilkins,RB,IND,7,HOU,0,0,0,0,0,9,0,2,1,6,0,1,0,0,0,0,0,0,0,0,0,0,,,,,
Josh Allen,QB,BUF,7,MIA,202,2,26,16,0,32,0,4,0,0,0,0,0,0,1,0,0,0,0,0,0,0,,,,,
Josh Hill,TE,NO,7,CHI,0,0,0,0,0,0,0,0,3,43,1,3,0,0,0,0,0,0,0,0,0,0,,,,,
Josh Jacobs,RB,LV,7,GB,0,0,0,0,0,124,0,21,3,10,0,3,0,0,0,0,0,0,0,0,0,0,,,,,
Josh Lambo,K,JAX,7,CIN,0,0,0,0,0,0,0,0,0,0,0,0,0,0,0,0,3,1,0,0,0,1,,,,,
Josh Reynolds,WR,LA,7,ATL,0,0,0,0,0,0,0,0,0,0,0,1,0,0,0,0,0,0,0,0,0,0,,,,,
Julian Edelman,WR,NE,7,NYJ,0,0,0,0,0,20,0,3,7,47,0,12,0,0,0,0,0,0,0,0,0,0,,,,,
Julio Jones,WR,ATL,7,LA,0,0,0,0,0,0,0,0,6,93,0,9,0,0,0,0,0,0,0,0,0,0,,,,,
Justice Hill,RB,BAL,7,SEA,0,0,0,0,0,0,0,0,0,0,0,0,0,0,0,0,0,0,0,0,0,0,,,,,
Justin Hardy,WR,ATL,7,LA,0,0,0,0,0,0,0,0,2,19,0,2,0,0,0,0,0,0,0,0,0,0,,,,,
Justin Tucker,K,BAL,7,SEA,0,0,0,0,0,0,0,0,0,0,0,0,0,0,0,0,3,0,0,0,0,3,,,,,
KC,DEF,KC,7,DEN,,,,,,,,,,,,,,,,,,,,,,,0,0,0,0,6.0
Ka'imi Fairbairn,K,HOU,7,IND,0,0,0,0,0,0,0,0,0,0,0,0,0,0,0,0,1,1,1,0,0,2,,,,,
Kalen Ballage,RB,MIA,7,BUF,0,0,0,0,0,7,1,3,0,0,0,0,0,0,0,0,0,0,0,0,0,0,,,,,
KeeSean Johnson,WR,ARI,7,NYG,0,0,0,0,0,0,0,0,1,6,0,2,0,0,0,0,0,0,0,0,0,0,,,,,
Keelan Cole,WR,JAX,7,CIN,0,0,0,0,0,0,0,0,1,2,1,2,0,0,0,0,0,0,0,0,0,0,,,,,
Keelan Doss,WR,LV,7,GB,0,0,0,0,0,0,0,0,3,54,0,5,0,0,0,0,0,0,0,0,0,0,,,,,
Keenan Allen,WR,LAC,7,TEN,0,0,0,0,0,0,0,0,4,61,0,11,0,0,0,0,0,0,0,0,0,0,,,,,
Keke Coutee,WR,HOU,7,IND,0,0,0,0,0,4,1,1,3,25,0,5,0,0,0,0,0,0,0,0,0,0,,,,,
Kelvin Harmon,WR,WAS,7,SF,0,0,0,0,0,0,0,0,0,0,0,0,0,0,0,0,0,0,0,0,0,0,,,,,
Kendrick Bourne,WR,SF,7,WAS,0,0,0,0,0,0,0,0,3,69,0,4,0,0,0,0,0,0,0,0,0,0,,,,,
Kenjon Barner,RB,ATL,7,LA,0,0,0,0,0,0,0,0,0,0,0,1,0,0,0,0,0,0,0,0,0,0,,,,,
Kenny Golladay,WR,DET,7,MIN,0,0,0,0,0,0,0,0,1,21,0,2,0,0,0,0,0,0,0,0,0,0,,,,,
Kenny Stills,WR,HOU,7,IND,0,0,0,0,0,0,0,0,4,105,0,5,0,0,0,0,0,0,0,0,0,0,,,,,
Kenyan Drake,RB,MIA,7,BUF,0,0,0,0,0,21,0,6,3,37,0,4,0,0,0,0,0,0,0,0,0,0,,,,,
Kerryon Johnson,RB,DET,7,MIN,0,0,0,0,0,23,0,5,0,0,0,1,0,0,0,0,0,0,0,0,0,0,,,,,
Kirk Cousins,QB,MIN,7,DET,338,4,34,24,0,-3,0,4,0,0,0,0,0,0,0,0,0,0,0,0,0,0,,,,,
Kyle Rudolph,TE,MIN,7,DET,0,0,0,0,0,0,0,0,5,58,1,6,0,0,0,0,0,0,0,0,0,0,,,,,
Kyler Murray,QB,ARI,7,NYG,104,0,21,14,0,28,0,10,0,0,0,0,0,0,0,0,0,0,0,0,0,0,,,,,
LA,DEF,LA,7,ATL,,,,,,,,,,,,,,,,,,,,,,,0,0,0,0,10.0
LAC,DEF,LAC,7,TEN,,,,,,,,,,,,,,,,,,,,,,,0,0,0,0,23.0
LV,DEF,LV,7,GB,,,,,,,,,,,,,,,,,,,,,,,0,0,0,0,0.0
Lamar Jackson,QB,BAL,7,SEA,143,0,20,9,0,116,1,14,0,0,0,0,0,0,0,0,0,0,0,0,0,0,,,,,
Larry Fitzgerald,WR,ARI,7,NYG,0,0,0,0,0,0,0,0,1,12,0,3,0,0,0,0,0,0,0,0,0,0,,,,,
Latavius Murray,RB,NO,7,CHI,0,0,0,0,0,119,2,27,5,31,0,6,0,0,0,0,0,0,0,0,0,0,,,,,
Le'Veon Bell,RB,NYJ,7,NE,0,0,0,0,0,70,0,15,1,6,0,4,0,0,0,0,0,0,0,0,0,0,,,,,
LeSean McCoy,RB,KC,7,DEN,0,0,0,0,0,64,0,12,2,12,0,2,0,0,0,0,0,0,0,0,0,0,,,,,
Lee Smith,TE,BUF,7,MIA,0,0,0,0,0,0,0,0,1,9,0,1,0,0,0,0,0,0,0,0,0,0,,,,,
Leonard Fournette,RB,JAX,7,CIN,0,0,0,0,0,131,0,29,2,14,0,2,0,0,0,0,0,0,0,0,0,0,,,,,
Levine Toilolo,TE,SF,7,WAS,0,0,0,0,0,0,0,0,1,2,0,1,0,0,0,0,0,0,0,0,0,0,,,,,
Logan Thomas,TE,DET,7,MIN,0,0,0,0,0,0,0,0,0,0,0,0,0,0,0,0,0,0,0,0,0,0,,,,,
Luke Willson,TE,SEA,7,BAL,0,0,0,0,0,0,0,0,0,0,0,1,0,0,0,0,0,0,0,0,0,0,,,,,
MIA,DEF,MIA,7,BUF,,,,,,,,,,,,,,,,,,,,,,,0,0,0,0,31.0
MIN,DEF,MIN,7,DET,,,,,,,,,,,,,,,,,,,,,,,0,0,0,0,30.0
Mack Hollins,WR,PHI,7,DAL,0,0,0,0,0,0,0,0,0,0,0,1,0,0,0,0,0,0,0,0,0,0,,,,,
Malik Turner,WR,SEA,7,BAL,0,0,0,0,0,0,0,0,1,24,0,1,0,0,0,0,0,0,0,0,0,0,,,,,
Marcell Ateman,WR,LV,7,GB,0,0,0,0,0,0,0,0,1,36,0,1,0,0,0,0,0,0,0,0,0,0,,,,,
Mark Andrews,TE,BAL,7,SEA,0,0,0,0,0,0,0,0,2,39,0,8,0,0,0,0,0,0,0,0,0,0,,,,,
Mark Ingram,RB,BAL,7,SEA,0,0,0,0,0,46,0,12,1,7,0,1,0,0,0,0,0,0,0,0,0,0,,,,,
Mark Walton,RB,MIA,7,BUF,0,0,0,0,0,66,0,14,1,-8,0,1,0,0,0,0,0,0,0,0,0,0,,,,,
Marlon Mack,RB,IND,7,HOU,0,0,0,0,0,44,0,18,3,12,0,3,0,0,0,0,0,0,0,0,0,0,,,,,
Marquez Valdes-Scantling,WR,GB,7,LV,0,0,0,0,0,0,0,0,2,133,1,3,0,0,0,0,0,0,0,0,0,0,,,,,
Marquise Goodwin,WR,SF,7,WAS,0,0,0,0,0,0,0,0,0,0,0,1,0,0,0,0,0,0,0,0,0,0,,,,,
Marvin Hall,WR,DET,7,MIN,0,0,0,0,0,0,0,0,1,47,0,2,0,0,0,0,0,0,0,0,0,0,,,,,
Marvin Jones,WR,DET,7,MIN,0,0,0,0,0,0,0,0,10,93,4,13,0,0,0,0,0,0,0,0,0,0,,,,,
Mason Crosby,K,GB,7,LV,0,0,0,0,0,0,0,0,0,0,0,0,0,0,0,0,0,0,0,0,0,6,,,,,
Matt Breida,RB,SF,7,WAS,0,0,0,0,0,35,0,8,1,1,0,1,0,0,0,0,0,0,0,0,0,0,,,,,
Matt Bryant,K,ATL,7,LA,0,0,0,0,0,0,0,0,0,0,0,0,0,0,0,0,0,0,0,1,0,1,,,,,
Matt Moore,QB,KC,7,DEN,117,1,19,10,0,-1,0,1,0,0,0,0,0,0,0,0,0,0,0,0,0,0,,,,,
Matt Prater,K,DET,7,MIN,0,0,0,0,0,0,0,0,0,0,0,0,0,0,0,0,0,0,1,0,0,3,,,,,
Matt Ryan,QB,ATL,7,LA,159,0,27,16,1,2,0,1,0,0,0,0,0,0,0,0,0,0,0,0,0,0,,,,,
Matt Schaub,QB,ATL,7,LA,65,1,6,6,0,-1,0,1,0,0,0,0,0,0,0,0,0,0,0,0,0,0,,,,,
Matthew Slater,WR,NE,7,NYJ,0,0,0,0,0,0,0,0,0,0,0,0,0,0,0,0,0,0,0,0,0,0,,,,,
Matthew Stafford,QB,DET,7,MIN,364,4,45,30,1,0,0,0,0,0,0,0,0,0,0,0,0,0,0,0,0,0,,,,,
Maxx Williams,TE,ARI,7,NYG,0,0,0,0,0,0,0,0,1,5,0,1,0,0,0,0,0,0,0,0,0,0,,,,,
Mecole Hardman,WR,KC,7,DEN,0,0,0,0,0,0,0,0,2,28,1,3,0,0,0,0,0,0,0,0,0,0,,,,,
Melvin Gordon,RB,LAC,7,TEN,0,0,0,0,0,32,0,16,2,-3,1,3,0,0,0,0,0,0,0,0,0,0,,,,,
Michael Gallup,WR,DAL,7,PHI,0,0,0,0,0,0,0,0,3,34,0,4,0,0,0,0,0,0,0,0,0,0,,,,,
Michael Thomas,WR,NO,7,CHI,0,0,0,0,0,0,0,0,9,131,0,11,0,0,0,0,0,0,0,0,0,0,,,,,
Mike Gesicki,TE,MIA,7,BUF,0,0,0,0,0,0,0,0,4,41,0,4,0,0,0,0,0,0,0,0,0,0,,,,,
Mike Glennon,QB,LV,7,GB,36,1,3,2,0,0,0,0,0,0,0,0,0,0,0,0,0,0,0,0,0,0,,,,,
Mike Nugent,K,NE,7,NYJ,0,0,0,0,0,0,0,0,0,0,0,0,0,0,0,0,0,1,0,0,0,4,,,,,
Mike Thomas,WR,LA,7,ATL,0,0,0,0,0,0,0,0,0,0,0,0,0,0,0,0,0,0,0,0,0,0,,,,,
Mike Williams,WR,LAC,7,TEN,0,0,0,0,0,0,0,0,4,47,0,6,0,0,0,0,0,0,0,0,0,0,,,,,
Miles Boykin,WR,BAL,7,SEA,0,0,0,0,0,0,0,0,2,55,0,2,0,0,0,0,0,0,0,0,0,0,,,,,
Miles Sanders,RB,PHI,7,DAL,0,0,0,0,0,21,0,6,3,11,0,3,0,0,0,0,0,0,0,0,0,0,,,,,
Mitchell Trubisky,QB,CHI,7,NO,251,2,54,34,0,0,0,0,0,0,0,0,0,0,1,0,0,0,0,0,0,0,,,,,
Mohamed Sanu,WR,ATL,7,LA,0,0,0,0,0,0,0,0,1,3,0,2,0,0,0,0,0,0,0,0,0,0,,,,,
NE,DEF,NE,7,NYJ,,,,,,,,,,,,,,,,,,,,,,,0,1,0,0,0.0
NO,DEF,NO,7,CHI,,,,,,,,,,,,,,,,,,,,,,,0,1,0,0,25.0
NYG,DEF,NYG,7,ARI,,,,,,,,,,,,,,,,,,,,,,,0,0,0,0,27.0
NYJ,DEF,NYJ,7,NE,,,,,,,,,,,,,,,,,,,,,,,0,0,0,0,33.0
Nelson Agholor,WR,PHI,7,DAL,0,0,0,0,0,0,0,0,2,24,0,3,0,0,0,0,0,0,0,0,0,0,,,,,
Nick Boyle,TE,BAL,7,SEA,0,0,0,0,0,0,0,0,1,20,0,1,0,0,0,0,0,0,0,0,0,0,,,,,
Noah Fant,TE,DEN,7,KC,0,0,0,0,0,0,0,0,1,7,0,5,0,0,0,0,0,0,0,0,0,0,,,,,
Nyheim Hines,RB,IND,7,HOU,0,0,0,0,0,3,0,1,1,13,0,2,0,0,0,0,0,0,0,0,0,0,,,,,
PHI,DEF,PHI,7,DAL,,,,,,,,,,,,,,,,,,,,,,,0,0,0,0,37.0
Patrick DiMarco,RB,BUF,7,MIA,0,0,0,0,0,4,0,1,1,27,0,1,0,0,0,0,0,0,0,0,0,0,,,,,
Patrick Mahomes,QB,KC,7,DEN,76,1,11,10,0,2,0,1,0,0,0,0,0,0,0,0,0,0,0,0,0,0,,,,,
Paul Richardson,WR,WAS,7,SF,0,0,0,0,0,0,0,0,0,0,0,1,0,0,0,0,0,0,0,0,0,0,,,,,
Pharoh Cooper,WR,ARI,7,NYG,0,0,0,0,0,0,0,0,4,29,0,4,0,0,0,0,0,0,0,0,0,0,,,,,
Philip Rivers,QB,LAC,7,TEN,329,2,38,24,0,0,0,0,0,0,0,0,0,0,0,0,0,0,0,0,0,0,,,,,
Phillip Dorsett,WR,NE,7,NYJ,0,0,0,0,0,0,0,0,3,46,1,4,0,0,0,0,0,0,0,0,0,0,,,,,
Phillip Lindsay,RB,DEN,7,KC,0,0,0,0,0,36,0,11,1,-4,0,1,0,0,0,0,0,0,0,0,0,0,,,,,
Preston Williams,WR,MIA,7,BUF,0,0,0,0,0,0,0,0,6,82,0,8,0,0,0,0,0,0,0,0,0,0,,,,,
Raheem Mostert,RB,SF,7,WAS,0,0,0,0,0,0,0,0,0,0,0,0,0,0,0,0,0,0,0,0,0,0,,,,,
Randall Cobb,WR,DAL,7,PHI,0,0,0,0,0,0,0,0,2,29,0,3,0,0,0,0,0,0,0,0,0,0,,,,,
Randy Bullock,K,CIN,7,JAX,0,0,0,0,0,0,0,0,0,0,0,0,0,0,0,0,0,1,0,0,0,2,,,,,
Rhett Ellison,TE,NYG,7,ARI,0,0,0,0,0,0,0,0,2,33,1,2,0,0,0,0,0,0,0,0,0,0,,,,,
Richie James,WR,SF,7,WAS,0,0,0,0,0,0,0,0,1,40,0,1,0,0,0,0,0,0,0,0,0,0,,,,,
Robbie Chosen,WR,NYJ,7,NE,0,0,0,0,0,0,0,0,1,10,0,8,0,0,0,0,0,0,0,0,0,0,,,,,
Robbie Gould,K,SF,7,WAS,0,0,0,0,0,0,0,0,0,0,0,0,0,0,0,0,3,0,0,0,0,0,,,,,
Robert Woods,WR,LA,7,ATL,0,0,0,0,0,6,0,1,5,80,0,7,0,0,0,0,0,0,0,0,0,0,,,,,
Ross Dwelley,TE,SF,7,WAS,0,0,0,0,0,0,0,0,1,2,0,3,0,0,0,0,0,0,0,0,0,0,,,,,
Royce Freeman,RB,DEN,7,KC,0,0,0,0,0,35,1,10,4,32,0,5,0,0,0,0,0,0,0,0,0,0,,,,,
Russell Gage,WR,ATL,7,LA,0,0,0,0,0,0,0,0,1,13,0,2,0,0,0,0,0,0,0,0,0,0,,,,,
Russell Wilson,QB,SEA,7,BAL,241,1,41,20,1,27,0,3,0,0,0,0,0,0,0,0,0,0,0,0,0,0,,,,,
Ryan Fitzpatrick,QB,MIA,7,BUF,282,1,35,23,1,13,1,6,0,0,0,0,0,0,0,0,0,0,0,0,0,0,,,,,
Ryan Griffin,TE,NYJ,7,NE,0,0,0,0,0,0,0,0,1,1,0,2,0,0,0,0,0,0,0,0,0,0,,,,,
Ryan Tannehill,QB,TEN,7,LAC,312,2,29,23,1,7,0,5,0,0,0,0,0,0,0,0,0,0,0,0,0,0,,,,,
Ryquell Armstead,RB,JAX,7,CIN,0,0,0,0,0,3,0,3,0,0,0,1,0,0,0,0,0,0,0,0,0,0,,,,,
SEA,DEF,SEA,7,BAL,,,,,,,,,,,,,,,,,,,,,,,0,0,0,0,30.0
SF,DEF,SF,7,WAS,,,,,,,,,,,,,,,,,,,,,,,0,0,0,0,0.0
Sam Darnold,QB,NYJ,7,NE,86,0,32,11,4,-1,0,2,0,0,0,0,0,0,0,0,0,0,0,0,0,0,,,,,
Sam Ficken,K,NYJ,7,NE,0,0,0,0,0,0,0,0,0,0,0,0,0,0,0,0,0,0,0,0,0,0,,,,,
Saquon Barkley,RB,NYG,7,ARI,0,0,0,0,0,72,1,18,3,8,0,5,0,0,0,0,0,0,0,0,0,0,,,,,
Seth DeValve,TE,JAX,7,CIN,0,0,0,0,0,0,0,0,0,0,0,2,0,0,0,0,0,0,0,0,0,0,,,,,
Seth Roberts,WR,BAL,7,SEA,0,0,0,0,0,0,0,0,1,9,0,4,0,0,0,0,0,0,0,0,0,0,,,,,
Sony Michel,RB,NE,7,NYJ,0,0,0,0,0,42,3,19,1,-8,0,2,0,0,0,0,0,0,0,0,0,0,,,,,
Stefon Diggs,WR,MIN,7,DET,0,0,0,0,0,0,0,0,7,143,0,8,0,0,0,0,0,0,0,0,0,0,,,,,
Steven Hauschka,K,BUF,7,MIA,0,0,0,0,0,0,0,0,0,0,0,0,0,0,0,0,0,1,2,0,0,2,,,,,
Steven Sims,WR,WAS,7,SF,0,0,0,0,0,0,0,1,3,5,0,3,0,0,0,0,0,0,0,0,0,0,,,,,
T.J. Hockenson,TE,DET,7,MIN,0,0,0,0,0,0,0,0,3,32,0,5,0,0,0,0,0,0,0,0,0,0,,,,,
T.Y. Hilton,WR,IND,7,HOU,0,0,0,0,0,0,0,0,6,74,1,11,0,0,0,0,0,0,0,0,0,0,,,,,
TEN,DEF,TEN,7,LAC,,,,,,,,,,,,,,,,,,,,,,,0,0,0,0,20.0
Taiwan Jones,RB,HOU,7,IND,0,0,0,0,0,0,0,0,0,0,0,0,0,0,0,0,0,0,0,0,0,0,,,,,
Tajae Sharpe,WR,TEN,7,LAC,0,0,0,0,0,0,0,0,2,19,1,3,0,0,0,0,0,0,0,0,0,0,,,,,
Tarik Cohen,RB,CHI,7,NO,0,0,0,0,0,10,0,3,9,19,0,12,0,0,0,0,0,0,0,0,0,0,,,,,
Tavon Austin,WR,DAL,7,PHI,0,0,0,0,0,20,1,1,0,0,0,1,0,0,0,0,0,0,0,0,0,0,,,,,
Taylor Gabriel,WR,CHI,7,NO,0,0,0,0,0,0,0,0,1,6,0,2,0,0,0,0,0,0,0,0,0,0,,,,,
Taysom Hill,TE,NO,7,CHI,0,0,0,0,0,21,0,2,1,4,1,2,0,0,0,0,0,0,0,0,0,0,,,,,
Ted Ginn,WR,NO,7,CHI,0,0,0,0,0,0,0,0,2,48,0,5,0,0,0,0,0,0,0,0,0,0,,,,,
Teddy Bridgewater,QB,NO,7,CHI,281,2,38,23,0,7,0,4,0,0,0,0,0,0,0,0,0,0,0,0,0,0,,,,,
Terry McLaurin,WR,WAS,7,SF,0,0,0,0,0,0,0,0,1,11,0,2,0,0,0,0,0,0,0,0,0,0,,,,,
Tevin Coleman,RB,SF,7,WAS,0,0,0,0,0,62,0,20,2,-1,0,2,0,0,0,0,0,0,0,0,0,0,,,,,
Tim Boyle,QB,GB,7,LV,0,0,0,0,0,-3,0,3,0,0,0,0,0,0,0,0,0,0,0,0,0,0,,,,,
Todd Gurley,RB,LA,7,ATL,0,0,0,0,0,41,0,18,1,13,1,1,0,0,0,0,0,0,0,0,0,0,,,,,
Tom Brady,QB,NE,7,NYJ,249,1,45,31,1,0,0,0,0,0,0,0,0,0,0,0,0,0,0,0,0,0,,,,,
Tony Pollard,RB,DAL,7,PHI,0,0,0,0,0,28,0,8,0,0,0,0,0,0,0,0,0,0,0,0,0,0,,,,,
Travis Kelce,TE,KC,7,DEN,0,0,0,0,0,0,0,0,6,44,0,8,0,0,0,0,0,0,0,0,0,0,,,,,
Trent Sherfield,WR,ARI,7,NYG,0,0,0,0,0,0,0,0,1,4,0,1,0,0,0,0,0,0,0,0,0,0,,,,,
Trevor Davis,WR,LV,7,GB,0,0,0,0,0,0,0,0,2,26,0,2,0,0,0,0,0,0,0,0,0,0,,,,,
Trey Burton,TE,CHI,7,NO,0,0,0,0,0,0,0,0,2,11,0,4,0,0,0,0,0,0,0,0,0,0,,,,,
Trey Quinn,WR,WAS,7,SF,0,0,0,0,0,0,0,0,2,30,0,3,0,0,0,0,0,0,0,0,0,0,,,,,
Troymaine Pope,RB,LAC,7,TEN,0,0,0,0,0,0,0,0,0,0,0,0,0,0,0,0,0,0,0,0,0,0,,,,,
Ty Johnson,RB,DET,7,MIN,0,0,0,0,0,29,0,10,4,28,0,4,0,0,0,0,0,0,0,0,0,0,,,,,
Ty Montgomery,WR,NYJ,7,NE,0,0,0,0,0,9,0,2,0,0,0,1,0,0,0,0,0,0,0,0,0,0,,,,,
Tyler Boyd,WR,CIN,7,JAX,0,0,0,0,0,0,0,0,5,55,0,14,0,0,0,0,0,0,0,0,0,0,,,,,
Tyler Eifert,TE,CIN,7,JAX,0,0,0,0,0,0,0,0,2,10,0,2,0,0,0,0,0,0,0,0,0,0,,,,,
Tyler Higbee,TE,LA,7,ATL,0,0,0,0,0,0,0,0,1,8,0,1,0,0,0,0,0,0,0,0,0,0,,,,,
Tyler Kroft,TE,BUF,7,MIA,0,0,0,0,0,0,0,0,0,0,0,0,0,0,0,0,0,0,0,0,0,0,,,,,
Tyler Lockett,WR,SEA,7,BAL,0,0,0,0,0,-3,0,1,5,61,1,7,0,0,0,0,0,0,0,0,0,0,,,,,
Tyreek Hill,WR,KC,7,DEN,0,0,0,0,0,0,0,0,3,74,1,5,0,0,0,0,0,0,0,0,0,0,,,,,
Ventell Bryant,WR,DAL,7,PHI,0,0,0,0,0,0,0,0,0,0,0,0,0,0,0,0,0,0,0,0,0,0,,,,,
Virgil Green,TE,LAC,7,TEN,0,0,0,0,0,0,0,0,1,9,0,1,0,0,0,0,0,0,0,0,0,0,,,,,
Vyncint Smith,WR,NYJ,7,NE,0,0,0,0,0,0,0,0,0,0,0,1,0,0,0,0,0,0,0,0,0,0,,,,,
WAS,DEF,WAS,7,SF,,,,,,,,,,,,,,,,,,,,,,,0,0,0,0,9.0
Wendell Smallwood,RB,WAS,7,SF,0,0,0,0,0,23,0,5,1,18,0,1,0,0,0,0,0,0,0,0,0,0,,,,,
Wil Lutz,K,NO,7,CHI,0,0,0,0,0,0,0,0,0,0,0,0,0,0,0,0,0,2,0,0,0,4,,,,,
Will Fuller,WR,HOU,7,IND,0,0,0,0,0,0,0,0,1,6,0,1,0,0,0,0,0,0,0,0,0,0,,,,,
Willie Snead,WR,BAL,7,SEA,0,0,0,0,0,2,0,1,0,0,0,1,0,0,0,0,0,0,0,0,0,0,,,,,
Zach Ertz,TE,PHI,7,DAL,0,0,0,0,0,0,0,0,2,38,0,6,0,0,0,0,0,0,0,0,0,0,,,,,
Zach Pascal,WR,IND,7,HOU,0,0,1,0,0,0,0,0,6,106,2,7,0,0,0,0,0,0,0,0,0,0,,,,,
Zach Zenner,RB,NO,7,CHI,0,0,0,0,0,1,0,1,1,6,0,2,0,0,0,0,0,0,0,0,0,0,,,,,
Zane Gonzalez,K,ARI,7,NYG,0,0,0,0,0,0,0,0,0,0,0,0,0,0,0,0,0,1,1,0,0,3,,,,,
A.J. Brown,WR,TEN,8,TB,0,0,0,0,0,0,0,0,2,11,1,3,0,0,0,0,0,0,0,0,0,0,,,,,
ARI,DEF,ARI,8,NO,,,,,,,,,,,,,,,,,,,,,,,0,0,0,0,31.0
ATL,DEF,ATL,8,SEA,,,,,,,,,,,,,,,,,,,,,,,0,0,0,0,27.0
Aaron Jones,RB,GB,8,KC,0,0,0,0,0,67,0,13,7,159,2,8,0,0,0,0,0,0,0,0,0,0,,,,,
Aaron Rodgers,QB,GB,8,KC,305,3,33,23,0,29,0,6,0,0,0,0,0,0,0,0,0,0,0,0,0,0,,,,,
Adam Humphries,WR,TEN,8,TB,0,0,0,0,0,0,0,0,3,24,0,6,0,0,0,0,0,0,0,0,0,0,,,,,
Adam Shaheen,TE,CHI,8,LAC,0,0,0,0,0,0,0,0,0,0,0,2,0,0,0,0,0,0,0,0,0,0,,,,,
Adam Vinatieri,K,IND,8,DEN,0,0,0,0,0,0,0,0,0,0,0,0,0,0,0,0,0,0,1,2,0,0,,,,,
Adrian Peterson,RB,WAS,8,MIN,0,0,0,0,0,76,0,14,2,27,0,2,0,0,0,0,0,0,0,0,0,0,,,,,
Albert Wilson,WR,MIA,8,PIT,0,0,0,0,0,0,0,0,1,5,1,2,0,0,0,0,0,0,0,0,0,0,,,,,
Aldrick Rosas,K,NYG,8,DET,0,0,0,0,0,0,0,0,0,0,0,0,0,0,0,0,0,0,0,0,0,2,,,,,
Alex Armah,RB,CAR,8,SF,0,0,0,0,0,0,0,0,0,0,0,0,0,0,0,0,0,0,0,0,0,0,,,,,
Alex Erickson,WR,CIN,8,LA,0,0,0,0,0,0,0,0,6,97,0,7,0,0,0,0,0,0,0,0,0,0,,,,,
Alexander Mattison,RB,MIN,8,WAS,0,0,0,0,0,61,0,13,2,3,0,2,0,0,0,0,0,0,0,0,0,0,,,,,
Allen Hurns,WR,MIA,8,PIT,0,0,0,0,0,0,0,0,1,12,1,1,0,0,0,0,0,0,0,0,0,0,,,,,
Allen Lazard,WR,GB,8,KC,0,0,0,0,0,0,0,0,5,42,0,5,0,0,0,0,0,0,0,0,0,0,,,,,
Allen Robinson,WR,CHI,8,LAC,0,0,0,0,0,0,0,0,5,62,0,7,0,0,0,0,0,0,0,0,0,0,,,,,
Alshon Jeffery,WR,PHI,8,BUF,0,0,0,0,0,0,0,0,4,64,0,6,0,0,0,0,0,0,0,0,0,0,,,,,
Ameer Abdullah,RB,MIN,8,WAS,0,0,0,0,0,0,0,0,0,0,0,0,0,0,0,0,0,0,0,0,0,0,,,,,
Andre Roberts,WR,BUF,8,PHI,0,0,0,0,0,0,0,0,0,0,0,0,0,0,0,0,0,0,0,0,0,0,,,,,
Andy Dalton,QB,CIN,8,LA,329,1,52,32,0,4,0,1,1,-4,0,1,0,0,0,0,0,0,0,0,0,0,,,,,
Anthony Firkser,TE,TEN,8,TB,0,0,0,0,0,0,0,0,3,43,0,5,0,0,0,0,0,0,0,0,0,0,,,,,
Anthony Miller,WR,CHI,8,LAC,0,0,0,0,0,0,0,0,3,67,0,3,0,0,0,0,0,0,0,0,0,0,,,,,
Antonio Callaway,WR,CLE,8,NE,0,0,0,0,0,0,0,0,2,11,0,3,0,0,0,0,0,0,0,0,0,0,,,,,
Antony Auclair,TE,TB,8,TEN,0,0,0,0,0,0,0,0,0,0,0,0,0,0,0,0,0,0,0,0,0,0,,,,,
Ashton Dulin,WR,IND,8,DEN,0,0,0,0,0,0,0,0,0,0,0,0,0,0,0,0,0,0,0,0,0,0,,,,,
Auden Tate,WR,CIN,8,LA,0,0,0,0,0,0,0,0,5,65,0,13,0,0,0,0,0,0,0,0,0,0,,,,,
Austin Carr,WR,NO,8,ARI,0,0,0,0,0,0,0,0,1,9,0,2,0,0,0,0,0,0,0,0,0,0,,,,,
Austin Ekeler,RB,LAC,8,CHI,0,0,0,0,0,3,0,3,2,19,1,3,0,0,0,0,0,0,0,0,0,0,,,,,
Austin Hooper,TE,ATL,8,SEA,0,0,0,0,0,0,0,0,6,65,1,7,0,0,0,0,0,0,0,0,0,0,,,,,
Austin Seibert,K,CLE,8,NE,0,0,0,0,0,0,0,0,0,0,0,0,0,0,0,0,0,1,1,0,0,1,,,,,
BUF,DEF,BUF,8,PHI,,,,,,,,,,,,,,,,,,,,,,,0,0,0,0,31.0
Baker Mayfield,QB,CLE,8,NE,194,1,31,20,1,18,0,1,0,0,0,0,0,0,0,0,0,0,0,0,0,0,,,,,
Benjamin Watson,TE,NE,8,CLE,0,0,0,0,0,0,0,0,1,26,0,1,0,0,0,0,0,0,0,0,0,0,,,,,
Bennie Fowler,WR,NYG,8,DET,0,0,0,0,0,0,0,0,2,21,0,2,0,0,0,0,0,0,0,0,0,0,,,,,
Benny Snell,RB,PIT,8,MIA,0,0,0,0,0,13,0,5,0,0,0,0,0,0,0,0,0,0,0,0,0,0,,,,,
Bilal Powell,RB,NYJ,8,JAX,0,0,0,0,0,11,0,4,0,0,0,0,0,0,0,0,0,0,0,0,0,0,,,,,
Bisi Johnson,WR,MIN,8,WAS,0,0,0,0,0,0,0,0,2,27,0,2,0,0,0,0,0,0,0,0,0,0,,,,,
Blake Bell,TE,KC,8,GB,0,0,0,0,0,0,0,0,0,0,0,1,0,0,0,0,0,0,0,0,0,0,,,,,
Boston Scott,RB,PHI,8,BUF,0,0,0,0,0,6,1,5,0,0,0,0,0,0,0,0,0,0,0,0,0,0,,,,,
Brandin Cooks,WR,LA,8,CIN,0,0,0,0,0,0,0,0,0,0,0,1,0,0,0,0,0,0,0,0,0,0,,,,,
Brandon Bolden,RB,NE,8,CLE,0,0,0,0,0,0,0,0,0,0,0,1,0,0,0,0,0,0,0,0,0,0,,,,,
Brandon McManus,K,DEN,8,IND,0,0,0,0,0,0,0,0,0,0,0,0,0,0,0,0,2,0,0,0,0,1,,,,,
Brandon Zylstra,WR,CAR,8,SF,0,0,0,0,0,0,0,0,0,0,0,1,0,0,0,0,0,0,0,0,0,0,,,,,
Braxton Berrios,WR,NYJ,8,JAX,0,0,0,0,0,0,0,0,0,0,0,0,0,0,0,0,0,0,0,0,0,0,,,,,
Breshad Perriman,WR,TB,8,TEN,0,0,0,0,0,0,0,0,0,0,0,4,0,0,0,0,0,0,0,0,0,0,,,,,
Brett Hundley,QB,ARI,8,NO,0,0,1,0,0,0,0,0,0,0,0,0,0,0,0,0,0,0,0,0,0,0,,,,,
Brian Hill,RB,ATL,8,SEA,0,0,0,0,0,29,1,3,0,0,0,0,0,0,0,0,0,0,0,0,0,0,,,,,
C.J. Uzomah,TE,CIN,8,LA,0,0,0,0,0,0,0,0,1,4,0,2,0,0,0,0,0,0,0,0,0,0,,,,,
CAR,DEF,CAR,8,SF,,,,,,,,,,,,,,,,,,,,,,,0,1,0,0,51.0
CHI,DEF,CHI,8,LAC,,,,,,,,,,,,,,,,,,,,,,,0,0,0,0,17.0
CIN,DEF,CIN,8,LA,,,,,,,,,,,,,,,,,,,,,,,0,0,0,0,24.0
CLE,DEF,CLE,8,NE,,,,,,,,,,,,,,,,,,,,,,,0,0,0,0,27.0
Calvin Ridley,WR,ATL,8,SEA,0,0,0,0,0,0,0,0,4,70,0,7,0,0,1,0,0,0,0,0,0,0,,,,,
Cameron Brate,TE,TB,8,TEN,0,0,0,0,0,0,0,0,3,32,0,6,0,0,0,0,0,0,0,0,0,0,,,,,
Carlos Hyde,RB,HOU,8,LV,0,0,0,0,0,83,0,19,0,0,0,1,0,0,0,0,0,0,0,0,0,0,,,,,
Carson Wentz,QB,PHI,8,BUF,172,1,24,17,0,35,0,8,0,0,0,0,0,0,0,0,0,0,0,0,0,0,,,,,
Case Keenum,QB,WAS,8,MIN,130,0,16,12,0,0,0,0,0,0,0,0,0,0,0,0,0,0,0,0,0,0,,,,,
Charles Clay,TE,ARI,8,NO,0,0,0,0,0,0,0,0,3,88,0,3,0,0,0,0,0,0,0,0,0,0,,,,,
Chase Edmonds,RB,ARI,8,NO,0,0,0,0,0,8,0,7,2,5,0,4,0,0,0,0,0,0,0,0,0,0,,,,,
Chase McLaughlin,K,LAC,8,CHI,0,0,0,0,0,0,0,0,0,0,0,0,0,0,0,0,1,0,0,0,0,2,,,,,
Chester Rogers,WR,IND,8,DEN,0,0,0,0,0,0,0,0,1,7,0,2,0,0,0,0,0,0,0,0,0,0,,,,,
Chris Boswell,K,PIT,8,MIA,0,0,0,0,0,0,0,0,0,0,0,0,0,0,0,0,0,0,2,0,0,3,,,,,
Chris Carson,RB,SEA,8,ATL,0,0,0,0,0,90,1,20,0,0,0,1,0,0,0,0,0,0,0,0,0,0,,,,,
Chris Conley,WR,JAX,8,NYJ,0,0,0,0,0,0,0,0,4,103,1,7,0,0,0,0,0,0,0,0,0,0,,,,,
Chris Godwin Jr.,WR,TB,8,TEN,0,0,0,0,0,0,0,0,4,43,0,8,0,0,1,0,0,0,0,0,0,0,,,,,
Christian Kirk,WR,ARI,8,NO,0,0,0,0,0,19,0,1,8,79,0,11,0,0,0,0,0,0,0,0,0,0,,,,,
Christian McCaffrey,RB,CAR,8,SF,0,0,0,0,0,117,1,14,4,38,0,5,0,0,1,0,0,0,0,0,0,0,,,,,
Cody Latimer,WR,NYG,8,DET,0,0,0,0,0,0,0,0,2,28,0,3,0,0,0,0,0,0,0,0,0,0,,,,,
Cody Parkey,K,TEN,8,TB,0,0,0,0,0,0,0,0,0,0,0,0,0,0,0,0,0,0,1,1,0,3,,,,,
Cole Beasley,WR,BUF,8,PHI,0,0,0,0,0,0,0,0,3,41,1,7,0,0,0,0,0,0,0,0,0,0,,,,,
Cooper Kupp,WR,LA,8,CIN,0,0,0,0,0,0,0,0,7,220,1,10,0,0,0,0,0,0,0,0,0,0,,,,,
Cordarrelle Patterson,RB,CHI,8,LAC,0,0,0,0,0,5,0,1,2,1,0,2,0,0,0,0,0,0,0,0,0,0,,,,,
Corey Davis,WR,TEN,8,TB,0,0,0,0,0,0,0,0,2,9,0,6,0,0,0,0,0,0,0,0,0,0,,,,,
Courtland Sutton,WR,DEN,8,IND,0,0,0,0,0,0,0,0,3,72,0,5,0,0,0,0,0,0,0,0,0,0,,,,,
Cullen Gillaspia,RB,HOU,8,LV,0,0,0,0,0,0,0,0,0,0,0,0,0,0,0,0,0,0,0,0,0,0,,,,,
Curtis Samuel,WR,CAR,8,SF,0,0,0,0,0,0,0,0,4,46,0,11,0,0,0,0,0,0,0,0,0,0,,,,,
DEN,DEF,DEN,8,IND,,,,,,,,,,,,,,,,,,,,,,,0,0,0,0,15.0
DET,DEF,DET,8,NYG,,,,,,,,,,,,,,,,,,,,,,,0,0,0,0,26.0
DJ Chark,WR,JAX,8,NYJ,0,0,0,0,0,0,0,1,6,79,1,12,0,0,0,0,0,0,0,0,0,0,,,,,
DJ Moore,WR,CAR,8,SF,0,0,0,0,0,0,0,0,5,38,0,9,0,0,0,0,0,0,0,0,0,0,,,,,
DK Metcalf,WR,SEA,8,ATL,0,0,0,0,0,0,0,0,3,13,2,5,0,0,0,0,0,0,0,0,0,0,,,,,
DaeSean Hamilton,WR,DEN,8,IND,0,0,0,0,0,0,0,0,0,0,0,1,0,0,0,0,0,0,0,0,0,0,,,,,
Dallas Goedert,TE,PHI,8,BUF,0,0,0,0,0,0,0,0,3,22,1,5,0,0,0,0,0,0,0,0,0,0,,,,,
Dalvin Cook,RB,MIN,8,WAS,0,0,0,0,0,98,1,23,5,73,0,6,0,0,0,0,0,0,0,0,0,0,,,,,
Damien Williams,RB,KC,8,GB,0,0,0,0,0,30,1,7,0,0,0,0,0,0,0,0,0,0,0,0,0,0,,,,,
Damiere Byrd,WR,ARI,8,NO,0,0,0,0,0,0,0,0,2,18,0,5,0,0,0,0,0,0,0,0,0,0,,,,,
Dan Arnold,TE,NO,8,ARI,0,0,0,0,0,0,0,0,2,25,0,3,0,0,0,0,0,0,0,0,0,0,,,,,
Dan Bailey,K,MIN,8,WAS,0,0,0,0,0,0,0,0,0,0,0,0,0,0,0,0,2,0,1,1,0,1,,,,,
Daniel Carlson,K,LV,8,HOU,0,0,0,0,0,0,0,0,0,0,0,0,0,0,0,0,0,0,1,0,0,3,,,,,
Daniel Jones,QB,NYG,8,DET,322,4,41,28,0,13,0,4,0,0,0,0,0,0,0,0,0,0,0,0,0,0,,,,,
Danny Amendola,WR,DET,8,NYG,0,0,0,0,0,0,0,0,8,95,0,8,0,0,0,0,0,0,0,0,0,0,,,,,
Danny Vitale,RB,GB,8,KC,0,0,0,0,0,0,0,0,0,0,0,0,0,0,0,0,0,0,0,0,0,0,,,,,
Dante Pettis,WR,SF,8,CAR,0,0,0,0,0,0,0,0,1,5,0,3,0,0,0,0,0,0,0,0,0,0,,,,,
Dare Ogunbowale,RB,TB,8,TEN,0,0,0,0,0,-2,0,1,1,3,0,3,0,0,0,0,0,0,0,0,0,0,,,,,
Darius Slayton,WR,NYG,8,DET,0,0,0,0,0,0,0,0,2,50,2,5,0,0,0,0,0,0,0,0,0,0,,,,,
Darrel Williams,RB,KC,8,GB,0,0,0,0,0,10,0,2,0,0,0,0,0,0,0,0,0,0,0,0,0,0,,,,,
Darrell Daniels,TE,ARI,8,NO,0,0,0,0,0,0,0,0,0,0,0,1,0,0,0,0,0,0,0,0,0,0,,,,,
Darrell Henderson,RB,LA,8,CIN,0,0,0,0,0,49,0,11,2,20,0,3,0,0,0,0,0,0,0,0,0,0,,,,,
Darren Fells,TE,HOU,8,LV,0,0,0,0,0,0,0,0,6,58,2,6,0,0,0,0,0,0,0,0,0,0,,,,,
Darren Waller,TE,LV,8,HOU,0,0,0,0,0,0,0,0,2,11,1,8,0,0,0,0,0,0,0,0,0,0,,,,,
Darrius Shepherd,WR,GB,8,KC,0,0,0,0,0,0,0,0,0,0,0,0,0,0,0,0,0,0,0,0,0,0,,,,,
Darwin Thompson,RB,KC,8,GB,0,0,0,0,0,0,0,0,1,-1,0,1,0,0,0,0,0,0,0,0,0,0,,,,,
David Montgomery,RB,CHI,8,LAC,0,0,0,0,0,135,1,27,4,12,0,5,0,0,0,0,0,0,0,0,0,0,,,,,
David Moore,WR,SEA,8,ATL,0,0,0,0,0,2,0,1,1,23,0,4,0,0,0,0,0,0,0,0,0,0,,,,,
Dawson Knox,TE,BUF,8,PHI,0,0,0,0,0,0,0,0,0,0,0,1,0,0,0,0,0,0,0,0,0,0,,,,,
DeAndre Carter,WR,HOU,8,LV,0,0,0,0,0,0,0,0,1,46,0,3,0,0,0,0,0,0,0,0,0,0,,,,,
DeAndre Hopkins,WR,HOU,8,LV,0,0,0,0,0,0,0,0,11,109,0,13,0,0,0,0,0,0,0,0,0,0,,,,,
DeAndre Washington,RB,LV,8,HOU,0,0,0,0,0,23,0,5,1,4,0,1,0,0,0,0,0,0,0,0,0,0,,,,,
DeAndrew White,WR,CAR,8,SF,0,0,0,0,0,0,0,0,1,8,0,1,0,0,0,0,0,0,0,0,0,0,,,,,
DeVante Parker,WR,MIA,8,PIT,0,0,0,0,0,0,0,0,6,59,0,8,0,0,0,0,0,0,0,0,0,0,,,,,
Dede Westbrook,WR,JAX,8,NYJ,0,0,0,0,0,0,0,0,0,0,0,1,0,0,0,0,0,0,0,0,0,0,,,,,
Deebo Samuel Sr.,WR,SF,8,CAR,0,0,0,0,0,29,1,2,3,19,0,3,0,0,0,0,0,0,0,0,0,0,,,,,
Demarcus Robinson,WR,KC,8,GB,0,0,0,0,0,0,0,0,2,6,0,2,0,0,0,0,0,0,0,0,0,0,,,,,
Demaryius Thomas,WR,NYJ,8,JAX,0,0,0,0,0,0,0,0,5,63,0,5,0,0,0,0,0,0,0,0,0,0,,,,,
Demetrius Harris,TE,CLE,8,NE,0,0,0,0,0,0,0,0,2,33,1,3,0,0,0,0,0,0,0,0,0,0,,,,,
Deonte Harty,WR,NO,8,ARI,0,0,0,0,0,0,0,0,2,17,0,2,0,0,0,0,0,0,0,0,0,0,,,,,
Derek Carr,QB,LV,8,HOU,285,3,30,18,0,0,0,0,0,0,0,0,0,0,0,0,0,0,0,0,0,0,,,,,
Derrick Henry,RB,TEN,8,TB,0,0,0,0,0,75,0,16,1,8,0,1,0,0,0,0,0,0,0,0,0,0,,,,,
Deshaun Watson,QB,HOU,8,LV,279,3,39,27,0,46,0,10,0,0,0,0,0,0,0,0,0,0,0,0,0,0,,,,,
Devin Singletary,RB,BUF,8,PHI,0,0,0,0,0,19,0,3,4,30,1,6,0,0,0,0,0,0,0,0,0,0,,,,,
Devonta Freeman,RB,ATL,8,SEA,0,0,0,0,0,39,0,13,8,63,0,8,0,0,0,0,0,0,0,0,0,0,,,,,
Dion Lewis,RB,TEN,8,TB,0,0,0,0,0,0,0,0,1,2,0,1,0,0,0,0,0,0,0,0,0,0,,,,,
Diontae Johnson,WR,PIT,8,MIA,0,0,0,0,0,0,0,0,5,84,1,7,0,0,0,0,0,0,0,0,0,0,,,,,
Diontae Spencer,WR,DEN,8,IND,0,0,0,0,0,5,0,1,2,18,0,2,0,0,0,0,0,0,0,0,0,0,,,,,
Donte Moncrief,WR,PIT,8,MIA,0,0,0,0,0,0,0,0,0,0,0,2,0,0,0,0,0,0,0,0,0,0,,,,,
Dontrell Hilliard,RB,CLE,8,NE,0,0,0,0,0,10,0,1,4,24,0,4,0,0,0,0,0,0,0,0,0,0,,,,,
Drew Brees,QB,NO,8,ARI,373,3,43,34,1,0,0,0,0,0,0,0,0,0,0,0,0,0,0,0,0,0,,,,,
Duke Johnson,RB,HOU,8,LV,0,0,0,0,0,1,0,3,4,33,1,5,0,0,0,0,0,0,0,0,0,0,,,,,
Duke Williams,WR,BUF,8,PHI,0,0,0,0,0,0,0,0,1,6,0,2,0,0,0,0,0,0,0,0,0,0,,,,,
Dustin Hopkins,K,WAS,8,MIN,0,0,0,0,0,0,0,0,0,0,0,0,0,0,0,0,1,1,1,0,0,0,,,,,
Dwayne Harris,WR,LV,8,HOU,0,0,0,0,0,0,0,0,0,0,0,0,0,0,0,0,0,0,0,0,0,0,,,,,
Dwayne Haskins,QB,WAS,8,MIN,33,0,5,3,1,0,0,0,0,0,0,0,0,0,0,0,0,0,0,0,0,0,,,,,
Dwayne Washington,RB,NO,8,ARI,0,0,0,0,0,38,0,3,0,0,0,0,0,0,0,0,0,0,0,0,0,0,,,,,
Eddy Pineiro,K,CHI,8,LAC,0,0,0,0,0,0,0,0,0,0,0,0,0,0,0,1,2,0,0,0,0,1,,,,,
Emmanuel Sanders,WR,SF,8,CAR,0,0,0,0,0,0,0,0,4,25,1,5,0,0,0,0,0,0,0,0,0,0,,,,,
Eric Ebron,TE,IND,8,DEN,0,0,0,0,0,0,0,0,3,26,0,4,0,0,0,0,0,0,0,0,0,0,,,,,
Evan Baylis,TE,GB,8,KC,0,0,0,0,0,0,0,0,0,0,0,0,0,0,0,0,0,0,0,0,0,0,,,,,
Evan Engram,TE,NYG,8,DET,0,0,0,0,0,0,0,0,4,40,1,7,0,0,0,0,0,0,0,0,0,0,,,,,
Foster Moreau,TE,LV,8,HOU,0,0,0,0,0,0,0,0,1,10,0,2,0,0,0,0,0,0,0,0,0,0,,,,,
Frank Gore,RB,BUF,8,PHI,0,0,0,0,0,34,0,9,0,0,0,0,0,0,0,0,0,0,0,0,0,0,,,,,
Fred Brown,WR,DEN,8,IND,0,0,0,0,0,0,0,0,1,16,0,2,0,0,0,0,0,0,0,0,0,0,,,,,
GB,DEF,GB,8,KC,,,,,,,,,,,,,,,,,,,,,,,0,0,0,0,24.0
Gardner Minshew,QB,JAX,8,NYJ,279,3,34,22,0,28,0,8,0,0,0,0,0,0,0,0,0,0,0,0,0,0,,,,,
George Kittle,TE,SF,8,CAR,0,0,0,0,0,0,0,0,6,86,0,7,0,0,0,0,0,0,0,0,0,0,,,,,
Gerald Everett,TE,LA,8,CIN,0,0,0,0,0,0,0,0,2,15,0,3,0,0,0,0,0,0,0,0,0,0,,,,,
Geremy Davis,WR,LAC,8,CHI,0,0,0,0,0,0,0,0,0,0,0,0,0,0,0,0,0,0,0,0,0,0,,,,,
Geronimo Allison,WR,GB,8,KC,0,0,0,0,0,0,0,0,1,7,0,3,0,0,0,0,0,0,0,0,0,0,,,,,
Giovani Bernard,RB,CIN,8,LA,0,0,0,0,0,31,0,3,2,14,0,2,0,0,0,0,0,0,0,0,0,0,,,,,
Golden Tate,WR,NYG,8,DET,0,0,0,0,0,0,0,0,8,85,0,10,0,0,0,0,0,0,0,0,0,0,,,,,
Greg Olsen,TE,CAR,8,SF,0,0,0,0,0,0,0,0,2,13,0,2,0,0,0,0,0,0,0,0,0,0,,,,,
Greg Zuerlein,K,LA,8,CIN,0,0,0,0,0,0,0,0,0,0,0,0,0,0,0,0,1,0,0,0,0,3,,,,,
Gunner Olszewski,WR,NE,8,CLE,0,0,0,0,0,0,0,0,0,0,0,0,0,0,0,0,0,0,0,0,0,0,,,,,
HOU,DEF,HOU,8,LV,,,,,,,,,,,,,,,,,,,,,,,0,0,0,0,24.0
Hale Hentges,TE,WAS,8,MIN,0,0,0,0,0,0,0,0,1,13,0,1,0,0,0,0,0,0,0,0,0,0,,,,,
Harrison Butker,K,KC,8,GB,0,0,0,0,0,0,0,0,0,0,0,0,0,0,0,0,1,0,0,0,0,3,,,,,
Hunter Henry,TE,LAC,8,CHI,0,0,0,0,0,0,0,0,4,47,0,6,0,0,0,0,0,0,0,0,0,0,,,,,
Hunter Renfrow,WR,LV,8,HOU,0,0,0,0,0,0,0,0,4,88,1,4,0,0,0,0,0,0,0,0,0,0,,,,,
IND,DEF,IND,8,DEN,,,,,,,,,,,,,,,,,,,,,,,0,0,0,0,13.0
Ian Thomas,TE,CAR,8,SF,0,0,0,0,0,0,0,0,0,0,0,1,0,0,0,0,0,0,0,0,0,0,,,,,
Irv Smith,TE,MIN,8,WAS,0,0,0,0,0,0,0,0,3,21,0,3,0,0,0,0,0,0,0,0,0,0,,,,,
J.D. McKissic,RB,DET,8,NYG,0,0,0,0,0,-1,0,1,3,2,0,3,0,0,0,0,0,0,0,0,0,0,,,,,
J.P. Holtz,TE,CHI,8,LAC,0,0,0,0,0,0,0,0,0,0,0,0,0,0,0,0,0,0,0,0,0,0,,,,,
JAX,DEF,JAX,8,NYJ,,,,,,,,,,,,,,,,,,,,,,,0,0,0,0,15.0
Jack Doyle,TE,IND,8,DEN,0,0,0,0,0,0,0,0,4,61,0,5,0,0,0,0,0,0,0,0,0,0,,,,,
Jacob Hollister,TE,SEA,8,ATL,0,0,0,0,0,0,0,0,2,18,0,2,0,0,0,0,0,0,0,0,0,0,,,,,
Jacoby Brissett,QB,IND,8,DEN,202,0,25,15,0,34,0,6,0,0,0,0,0,0,0,0,0,0,0,0,0,0,,,,,
Jaeden Graham,TE,ATL,8,SEA,0,0,0,0,0,0,0,0,1,11,0,1,0,0,0,0,0,0,0,0,0,0,,,,,
Jake Elliott,K,PHI,8,BUF,0,0,0,0,0,0,0,0,0,0,0,0,0,0,0,0,0,1,0,0,0,2,,,,,
Jake Kumerow,WR,GB,8,KC,0,0,0,0,0,0,0,0,2,48,0,4,0,0,0,0,0,0,0,0,0,0,,,,,
Jakeem Grant,WR,MIA,8,PIT,0,0,0,0,0,0,0,0,2,32,0,3,0,0,0,0,0,0,0,0,0,0,,,,,
Jakobi Meyers,WR,NE,8,CLE,0,0,0,0,0,0,0,0,1,5,0,2,0,0,0,0,0,0,0,0,0,0,,,,,
Jalen Richard,RB,LV,8,HOU,0,0,0,0,0,3,0,1,2,24,0,3,0,0,0,0,0,0,0,0,0,0,,,,,
Jamaal Williams,RB,GB,8,KC,0,0,0,0,0,22,1,7,3,14,1,3,0,0,0,0,0,0,0,0,0,0,,,,,
Jamal Agnew,WR,DET,8,NYG,0,0,0,0,0,0,0,0,0,0,0,0,0,0,0,0,0,0,0,0,0,0,,,,,
Jameis Winston,QB,TB,8,TEN,301,2,43,21,2,53,0,8,0,0,0,0,0,0,1,0,0,0,0,0,0,0,,,,,
James Conner,RB,PIT,8,MIA,0,0,0,0,0,145,1,23,3,5,0,4,0,0,0,0,0,0,0,0,0,0,,,,,
James Washington,WR,PIT,8,MIA,0,0,0,0,0,0,0,0,1,21,0,6,0,0,0,0,0,0,0,0,0,0,,,,,
James White,RB,NE,8,CLE,0,0,0,0,0,4,0,2,4,75,0,5,0,0,0,0,0,0,0,0,0,0,,,,,
Jamison Crowder,WR,NYJ,8,JAX,0,0,0,0,0,0,0,0,3,24,0,5,0,0,0,0,0,0,0,0,0,0,,,,,
Jared Goff,QB,LA,8,CIN,372,2,31,17,0,0,0,0,0,0,0,0,0,0,0,0,0,0,0,0,0,0,,,,,
Jarius Wright,WR,CAR,8,SF,0,0,0,0,0,0,0,0,2,12,0,4,0,0,0,0,0,0,0,0,0,0,,,,,
Jarvis Landry,WR,CLE,8,NE,0,0,0,0,0,0,0,0,5,65,0,10,0,0,0,0,0,0,0,0,0,0,,,,,
Jason Myers,K,SEA,8,ATL,0,0,0,0,0,0,0,0,0,0,0,0,0,0,0,0,0,0,1,1,0,3,,,,,
Jason Sanders,K,MIA,8,PIT,0,0,0,0,0,0,0,0,0,0,0,0,0,0,0,0,0,0,0,0,0,2,,,,,
Jeff Heuerman,TE,DEN,8,IND,0,0,0,0,0,0,0,0,1,11,0,1,0,0,0,0,0,0,0,0,0,0,,,,,
Jeff Wilson,RB,SF,8,CAR,0,0,0,0,0,6,0,2,0,0,0,0,0,0,0,0,0,0,0,0,0,0,,,,,
Jeremy Sprinkle,TE,WAS,8,MIN,0,0,0,0,0,0,0,0,2,12,0,2,0,0,0,0,0,0,0,0,0,0,,,,,
Jimmy Garoppolo,QB,SF,8,CAR,175,2,22,18,1,0,0,0,0,0,0,0,0,0,0,0,0,0,0,0,0,0,,,,,
Jimmy Graham,TE,GB,8,KC,0,0,0,0,0,0,0,0,3,20,0,5,0,0,0,0,0,0,0,0,0,0,,,,,
JoJo Natson,WR,LA,8,CIN,0,0,0,0,0,0,0,0,0,0,0,0,0,0,0,0,0,0,0,0,0,0,,,,,
Joe Flacco,QB,DEN,8,IND,174,0,32,20,0,9,0,1,0,0,0,0,0,0,0,0,0,0,0,0,0,0,,,,,
Joe Mixon,RB,CIN,8,LA,0,0,0,0,0,66,0,17,4,11,1,4,0,0,0,0,0,0,0,0,0,0,,,,,
Joey Slye,K,CAR,8,SF,0,0,0,0,0,0,0,0,0,0,0,0,0,0,0,0,0,0,1,0,0,0,,,,,
John Brown,WR,BUF,8,PHI,0,0,0,0,0,0,0,0,5,54,0,8,0,0,0,0,0,0,0,0,0,0,,,,,
Jonnu Smith,TE,TEN,8,TB,0,0,0,0,0,0,0,0,6,78,1,7,0,0,0,0,0,0,0,0,0,0,,,,,
Jordan Akins,TE,HOU,8,LV,0,0,0,0,0,0,0,0,2,11,0,5,0,0,0,0,0,0,0,0,0,0,,,,,
Jordan Howard,RB,PHI,8,BUF,0,0,0,0,0,96,1,23,1,15,0,2,0,0,0,0,0,0,0,0,0,0,,,,,
Jordan Scarlett,RB,CAR,8,SF,0,0,0,0,0,9,0,4,0,0,0,0,0,0,0,0,0,0,0,0,0,0,,,,,
Jordan Wilkins,RB,IND,8,DEN,0,0,0,0,0,5,0,2,0,0,0,0,0,0,0,0,0,0,0,0,0,0,,,,,
Josh Allen,QB,BUF,8,PHI,169,2,34,16,0,45,0,8,0,0,0,0,0,0,0,0,0,0,0,0,0,0,,,,,
Josh Bellamy,WR,NYJ,8,JAX,0,0,0,0,0,0,0,0,0,0,0,0,0,0,0,0,0,0,0,0,0,0,,,,,
Josh Hill,TE,NO,8,ARI,0,0,0,0,0,0,0,0,3,39,0,5,0,0,0,0,0,0,0,0,0,0,,,,,
Josh Jacobs,RB,LV,8,HOU,0,0,0,0,0,66,0,15,2,15,0,2,0,0,0,0,0,0,0,0,0,0,,,,,
Josh Lambo,K,JAX,8,NYJ,0,0,0,0,0,0,0,0,0,0,0,0,0,0,0,0,2,0,1,0,0,2,,,,,
Josh Oliver,TE,JAX,8,NYJ,0,0,0,0,0,0,0,0,1,6,0,2,0,0,0,0,0,0,0,0,0,0,,,,,
Josh Reynolds,WR,LA,8,CIN,0,0,0,0,0,-1,0,1,3,73,1,8,0,0,0,0,0,0,0,0,0,0,,,,,
JuJu Smith-Schuster,WR,PIT,8,MIA,0,0,0,0,0,0,0,0,5,103,1,9,0,0,0,0,0,0,0,0,0,0,,,,,
Julian Edelman,WR,NE,8,CLE,0,0,0,0,0,-3,0,1,8,78,2,11,0,0,0,0,0,0,0,0,0,0,,,,,
Julio Jones,WR,ATL,8,SEA,0,0,0,0,0,0,0,0,10,152,0,12,0,0,0,0,0,0,0,0,0,0,,,,,
Justin Hardy,WR,ATL,8,SEA,0,0,0,0,0,0,0,0,2,23,0,4,0,0,0,0,0,0,0,0,0,0,,,,,
Juwann Winfree,WR,DEN,8,IND,0,0,0,0,0,0,0,0,0,0,0,0,0,0,0,0,0,0,0,0,0,0,,,,,
KC,DEF,KC,8,GB,,,,,,,,,,,,,,,,,,,,,,,0,0,0,0,31.0
Ka'imi Fairbairn,K,HOU,8,LV,0,0,0,0,0,0,0,0,0,0,0,0,0,0,0,0,0,1,1,0,0,3,,,,,
Kalen Ballage,RB,MIA,8,PIT,0,0,0,0,0,8,0,3,1,11,0,1,0,0,0,0,0,0,0,0,0,0,,,,,
Kalif Raymond,WR,TEN,8,TB,0,0,0,0,0,0,0,0,0,0,0,0,0,0,0,0,0,0,0,0,0,0,,,,,
Keelan Cole,WR,JAX,8,NYJ,0,0,0,0,0,0,0,0,2,12,1,2,0,0,0,0,0,0,0,0,0,0,,,,,
Keenan Allen,WR,LAC,8,CHI,0,0,0,0,0,0,0,0,7,53,0,10,0,0,0,0,0,0,0,0,0,0,,,,,
Kelvin Harmon,WR,WAS,8,MIN,0,0,0,0,0,0,0,0,1,12,0,1,0,0,0,0,0,0,0,0,0,0,,,,,
Kendrick Bourne,WR,SF,8,CAR,0,0,0,0,0,0,0,0,1,12,0,1,0,0,0,0,0,0,0,0,0,0,,,,,
Kenjon Barner,RB,ATL,8,SEA,0,0,0,0,0,1,0,1,0,0,0,0,0,0,0,0,0,0,0,0,0,0,,,,,
Kenny Golladay,WR,DET,8,NYG,0,0,0,0,0,0,0,0,6,123,2,8,0,0,0,0,0,0,0,0,0,0,,,,,
Kenny Stills,WR,HOU,8,LV,0,0,0,0,0,0,0,0,3,22,0,5,0,0,0,0,0,0,0,0,0,0,,,,,
KhaDarel Hodge,WR,CLE,8,NE,0,0,0,0,0,0,0,0,0,0,0,0,0,0,0,0,0,0,0,0,0,0,,,,,
Kirk Cousins,QB,MIN,8,WAS,285,0,26,23,0,2,0,2,0,0,0,0,0,0,0,0,0,0,0,0,0,0,,,,,
Kyle Allen,QB,CAR,8,SF,158,0,37,19,3,0,0,0,0,0,0,0,0,0,0,0,0,0,0,0,0,0,,,,,
Kyle Rudolph,TE,MIN,8,WAS,0,0,0,0,0,0,0,0,3,17,0,3,0,0,0,0,0,0,0,0,0,0,,,,,
Kyler Murray,QB,ARI,8,NO,220,0,33,19,0,13,0,2,0,0,0,0,0,0,0,0,0,0,0,0,0,0,,,,,
LA,DEF,LA,8,CIN,,,,,,,,,,,,,,,,,,,,,,,0,0,0,0,10.0
LAC,DEF,LAC,8,CHI,,,,,,,,,,,,,,,,,,,,,,,0,0,0,0,16.0
LV,DEF,LV,8,HOU,,,,,,,,,,,,,,,,,,,,,,,0,0,0,0,0.0
Laquon Treadwell,WR,MIN,8,WAS,0,0,0,0,0,0,0,0,1,1,0,1,0,0,0,0,0,0,0,0,0,0,,,,,
Larry Fitzgerald,WR,ARI,8,NO,0,0,0,0,0,0,0,0,2,8,0,4,0,0,0,0,0,0,0,0,0,0,,,,,
Latavius Murray,RB,NO,8,ARI,0,0,0,0,0,102,1,21,9,55,1,12,0,0,0,0,0,0,0,0,0,0,,,,,
Le'Veon Bell,RB,NYJ,8,JAX,0,0,0,0,0,23,0,8,3,12,0,5,0,0,0,0,0,0,0,0,0,0,,,,,
LeSean McCoy,RB,KC,8,GB,0,0,0,0,0,40,0,9,4,23,0,4,0,0,0,0,0,0,0,0,0,0,,,,,
Lee Smith,TE,BUF,8,PHI,0,0,0,0,0,0,0,0,1,6,0,1,0,0,0,0,0,0,0,0,0,0,,,,,
Leonard Fournette,RB,JAX,8,NYJ,0,0,0,0,0,76,0,19,7,60,0,7,0,0,0,0,0,0,0,0,0,0,,,,,
Logan Thomas,TE,DET,8,NYG,0,0,0,0,0,0,0,0,1,17,0,1,0,0,0,0,0,0,0,0,0,0,,,,,
Luke Stocker,TE,ATL,8,SEA,0,0,0,0,0,0,0,0,1,18,0,1,0,0,0,0,0,0,0,0,0,0,,,,,
Luke Willson,TE,SEA,8,ATL,0,0,0,0,0,0,0,0,1,7,0,1,0,0,0,0,0,0,0,0,0,0,,,,,
MIA,DEF,MIA,8,PIT,,,,,,,,,,,,,,,,,,,,,,,0,0,0,0,27.0
MIN,DEF,MIN,8,WAS,,,,,,,,,,,,,,,,,,,,,,,0,0,0,0,9.0
Malik Turner,WR,SEA,8,ATL,0,0,0,0,0,0,0,0,1,21,0,1,0,0,0,0,0,0,0,0,0,0,,,,,
Marcedes Lewis,TE,GB,8,KC,0,0,0,0,0,0,0,0,1,11,0,1,0,0,0,0,0,0,0,0,0,0,,,,,
Mark Walton,RB,MIA,8,PIT,0,0,0,0,0,35,0,11,3,19,0,6,0,0,0,0,0,0,0,0,0,0,,,,,
Marlon Mack,RB,IND,8,DEN,0,0,0,0,0,76,1,19,1,14,0,1,0,0,0,0,0,0,0,0,0,0,,,,,
Marqise Lee,WR,JAX,8,NYJ,0,0,0,0,0,0,0,0,1,8,0,1,0,0,0,0,0,0,0,0,0,0,,,,,
Marquez Valdes-Scantling,WR,GB,8,KC,0,0,0,0,0,0,0,0,1,4,0,2,0,0,0,0,0,0,0,0,0,0,,,,,
Marvin Hall,WR,DET,8,NYG,0,0,0,0,0,0,0,0,1,49,1,1,0,0,0,0,0,0,0,0,0,0,,,,,
Marvin Jones,WR,DET,8,NYG,0,0,0,0,0,0,0,0,4,22,0,5,0,0,0,0,0,0,0,0,0,0,,,,,
Mason Crosby,K,GB,8,KC,0,0,0,0,0,0,0,0,0,0,0,0,0,0,0,0,0,1,0,0,0,4,,,,,
Mason Rudolph,QB,PIT,8,MIA,251,2,36,20,1,0,0,0,0,0,0,0,0,0,0,0,0,0,0,0,0,0,,,,,
Matt Breida,RB,SF,8,CAR,0,0,0,0,0,35,0,11,1,15,0,1,0,0,0,0,0,0,0,0,0,0,,,,,
Matt Bryant,K,ATL,8,SEA,0,0,0,0,0,0,0,0,0,0,0,0,0,0,0,0,0,1,1,0,0,0,,,,,
Matt Gay,K,TB,8,TEN,0,0,0,0,0,0,0,0,0,0,0,0,0,0,0,0,2,0,1,0,0,0,,,,,
Matt Moore,QB,KC,8,GB,267,2,36,24,0,3,0,1,0,0,0,0,0,0,0,0,0,0,0,0,0,0,,,,,
Matt Prater,K,DET,8,NYG,0,0,0,0,0,0,0,0,0,0,0,0,0,0,0,0,0,0,0,1,0,4,,,,,
Matt Schaub,QB,ATL,8,SEA,460,1,52,39,1,0,0,0,0,0,0,0,0,0,1,0,0,0,0,0,0,0,,,,,
Matthew Slater,WR,NE,8,CLE,0,0,0,0,0,0,0,0,0,0,0,0,0,0,0,0,0,0,0,0,0,0,,,,,
Matthew Stafford,QB,DET,8,NYG,342,3,32,25,1,-3,0,2,0,0,0,0,0,0,0,0,0,0,0,0,0,0,,,,,
Maxx Williams,TE,ARI,8,NO,0,0,0,0,0,0,0,0,1,9,0,1,0,0,0,0,0,0,0,0,0,0,,,,,
Mecole Hardman,WR,KC,8,GB,0,0,0,0,0,0,0,0,2,55,1,2,0,0,0,0,0,0,0,0,0,0,,,,,
Melvin Gordon,RB,LAC,8,CHI,0,0,0,0,0,31,1,8,2,3,0,3,0,0,0,0,0,0,0,0,0,0,,,,,
Michael Thomas,WR,NO,8,ARI,0,0,0,0,0,-9,0,1,11,112,1,11,0,0,0,0,0,0,0,0,0,0,,,,,
Mike Davis,RB,CHI,8,LAC,0,0,0,0,0,3,0,2,1,5,0,1,0,0,0,0,0,0,0,0,0,0,,,,,
Mike Evans,WR,TB,8,TEN,0,0,0,0,0,0,0,0,11,198,2,12,0,0,0,0,0,0,0,0,0,0,,,,,
Mike Gesicki,TE,MIA,8,PIT,0,0,0,0,0,0,0,0,2,10,0,3,0,0,0,0,0,0,0,0,0,0,,,,,
Mike Nugent,K,NE,8,CLE,0,0,0,0,0,0,0,0,0,0,0,0,0,0,0,0,2,0,0,0,0,3,,,,,
Mike Thomas,WR,LA,8,CIN,0,0,0,0,0,0,0,0,0,0,0,1,0,0,0,0,0,0,0,0,0,0,,,,,
Mike Williams,WR,LAC,8,CHI,0,0,0,0,0,0,0,0,3,69,0,6,0,0,0,0,0,0,0,0,0,0,,,,,
Miles Sanders,RB,PHI,8,BUF,0,0,0,0,0,74,1,3,3,44,0,3,0,0,1,0,0,0,0,0,0,0,,,,,
Mitchell Trubisky,QB,CHI,8,LAC,253,0,35,23,1,10,0,4,0,0,0,0,0,0,0,0,0,0,0,0,0,0,,,,,
Mohamed Sanu,WR,NE,8,CLE,0,0,0,0,0,0,0,0,2,23,0,5,0,0,0,0,0,0,0,0,0,0,,,,,
MyCole Pruitt,TE,TEN,8,TB,0,0,0,0,0,0,0,0,0,0,0,1,0,0,0,0,0,0,0,0,0,0,,,,,
NE,DEF,NE,8,CLE,,,,,,,,,,,,,,,,,,,,,,,0,0,0,0,13.0
NO,DEF,NO,8,ARI,,,,,,,,,,,,,,,,,,,,,,,0,0,0,0,9.0
NYG,DEF,NYG,8,DET,,,,,,,,,,,,,,,,,,,,,,,0,0,0,0,31.0
NYJ,DEF,NYJ,8,JAX,,,,,,,,,,,,,,,,,,,,,,,0,0,0,0,29.0
Nelson Agholor,WR,PHI,8,BUF,0,0,0,0,0,7,0,2,4,7,0,4,0,0,0,0,0,0,0,0,0,0,,,,,
Nick Chubb,RB,CLE,8,NE,0,0,0,0,0,131,0,20,1,7,0,1,0,0,0,0,0,0,0,0,0,0,,,,,
Nick Mullens,QB,SF,8,CAR,0,0,0,0,0,-3,0,3,0,0,0,0,0,0,0,0,0,0,0,0,0,0,,,,,
Nick O'Leary,TE,MIA,8,PIT,0,0,0,0,0,0,0,0,0,0,0,1,0,0,0,0,0,0,0,0,0,0,,,,,
Nick Vannett,TE,PIT,8,MIA,0,0,0,0,0,0,0,0,1,15,0,2,0,0,0,0,0,0,0,0,0,0,,,,,
Noah Fant,TE,DEN,8,IND,0,0,0,0,0,0,0,0,5,26,0,9,0,0,0,0,0,0,0,0,0,0,,,,,
Nyheim Hines,RB,IND,8,DEN,0,0,0,0,0,12,0,4,3,34,0,3,0,0,0,0,0,0,0,0,0,0,,,,,
Odell Beckham Jr.,WR,CLE,8,NE,0,0,0,0,0,0,0,0,5,52,0,7,0,0,0,0,0,0,0,0,0,0,,,,,
PHI,DEF,PHI,8,BUF,,,,,,,,,,,,,,,,,,,,,,,0,0,0,0,13.0
PIT,DEF,PIT,8,MIA,,,,,,,,,,,,,,,,,,,,,,,0,0,0,0,14.0
Parris Campbell,WR,IND,8,DEN,0,0,0,0,0,0,0,0,0,0,0,1,0,0,0,0,0,0,0,0,0,0,,,,,
Patrick DiMarco,RB,BUF,8,PHI,0,0,0,0,0,0,0,0,0,0,0,1,0,0,0,0,0,0,0,0,0,0,,,,,
Paul Perkins,RB,DET,8,NYG,0,0,0,0,0,4,0,3,0,0,0,0,0,0,0,0,0,0,0,0,0,0,,,,,
Paul Richardson,WR,WAS,8,MIN,0,0,0,0,0,0,0,0,3,34,0,4,0,0,0,0,0,0,0,0,0,0,,,,,
Peyton Barber,RB,TB,8,TEN,0,0,0,0,0,20,0,10,1,8,0,3,0,0,0,0,0,0,0,0,0,0,,,,,
Pharaoh Brown,TE,CLE,8,NE,0,0,0,0,0,0,0,0,0,0,0,0,0,0,0,0,0,0,0,0,0,0,,,,,
Pharoh Cooper,WR,ARI,8,NO,0,0,0,0,0,0,0,0,0,0,0,0,0,0,0,0,0,0,0,0,0,0,,,,,
Philip Rivers,QB,LAC,8,CHI,201,1,29,19,1,0,0,0,0,0,0,0,0,0,0,0,0,0,0,0,0,0,,,,,
Phillip Dorsett,WR,NE,8,CLE,0,0,0,0,0,0,0,0,3,43,0,6,0,0,0,0,0,0,0,0,0,0,,,,,
Phillip Lindsay,RB,DEN,8,IND,0,0,0,0,0,59,0,14,5,17,0,5,0,0,0,0,0,0,0,0,0,0,,,,,
Preston Williams,WR,MIA,8,PIT,0,0,0,0,0,0,0,0,4,42,0,7,0,0,0,0,0,0,0,0,0,0,,,,,
Raheem Mostert,RB,SF,8,CAR,0,0,0,0,0,60,1,9,0,0,0,0,0,0,0,0,0,0,0,0,0,0,,,,,
Randy Bullock,K,CIN,8,LA,0,0,0,0,0,0,0,0,0,0,0,0,0,0,0,0,1,0,0,0,0,1,,,,,
Rashaad Penny,RB,SEA,8,ATL,0,0,0,0,0,55,0,8,0,0,0,0,0,0,0,0,0,0,0,0,0,0,,,,,
Rashard Higgins,WR,CLE,8,NE,0,0,0,0,0,0,0,0,1,2,0,2,0,0,0,0,0,0,0,0,0,0,,,,,
Reggie Bonnafon,RB,CAR,8,SF,0,0,0,0,0,4,0,1,1,3,0,3,0,0,0,0,0,0,0,0,0,0,,,,,
Rex Burkhead,RB,NE,8,CLE,0,0,0,0,0,4,0,3,1,9,0,1,0,0,0,0,0,0,0,0,0,0,,,,,
Rhett Ellison,TE,NYG,8,DET,0,0,0,0,0,0,0,0,1,-1,0,2,0,0,0,0,0,0,0,0,0,0,,,,,
Richie James,WR,SF,8,CAR,0,0,0,0,0,0,0,0,0,0,0,0,0,0,0,0,0,0,0,0,0,0,,,,,
Robbie Chosen,WR,NYJ,8,JAX,0,0,0,0,0,0,0,0,4,43,0,6,0,0,0,0,0,0,0,0,0,0,,,,,
Robbie Gould,K,SF,8,CAR,0,0,0,0,0,0,0,0,0,0,0,0,0,0,0,0,1,0,0,0,0,6,,,,,
Robert Foster,WR,BUF,8,PHI,0,0,0,0,0,0,0,0,0,0,0,1,0,0,0,0,0,0,0,0,0,0,,,,,
Robert Woods,WR,LA,8,CIN,0,0,0,0,0,6,0,4,2,36,0,2,0,0,0,0,0,0,0,0,0,0,,,,,
Rod Smith,RB,TEN,8,TB,0,0,0,0,0,0,0,0,0,0,0,0,0,0,0,0,0,0,0,0,0,0,,,,,
Ronald Jones,RB,TB,8,TEN,0,0,0,0,0,35,0,11,1,17,0,3,0,0,0,0,0,0,0,0,0,0,,,,,
Royce Freeman,RB,DEN,8,IND,0,0,0,0,0,40,1,12,1,5,0,2,0,0,0,0,0,0,0,0,0,0,,,,,
Russell Gage,WR,ATL,8,SEA,0,0,0,0,0,0,0,0,7,58,0,9,0,0,0,0,0,0,0,0,0,0,,,,,
Russell Wilson,QB,SEA,8,ATL,182,2,20,14,0,4,0,4,0,0,0,0,0,0,0,0,0,0,0,0,0,0,,,,,
Ryan Fitzpatrick,QB,MIA,8,PIT,190,2,34,21,2,17,0,5,0,0,0,0,0,0,0,0,0,0,0,0,0,0,,,,,
Ryan Griffin,TE,NYJ,8,JAX,0,0,0,0,0,0,0,0,4,66,2,4,0,0,1,0,0,0,0,0,0,0,,,,,
Ryan Switzer,WR,PIT,8,MIA,0,0,0,0,0,0,0,0,0,0,0,0,0,0,0,0,0,0,0,0,0,0,,,,,
Ryan Tannehill,QB,TEN,8,TB,193,3,33,21,0,-3,0,4,0,0,0,0,0,0,0,0,0,0,0,0,0,0,,,,,
Ryquell Armstead,RB,JAX,8,NYJ,0,0,0,0,0,7,0,6,0,0,0,0,0,0,0,0,0,0,0,0,0,0,,,,,
SEA,DEF,SEA,8,ATL,,,,,,,,,,,,,,,,,,,,,,,0,0,0,0,20.0
SF,DEF,SF,8,CAR,,,,,,,,,,,,,,,,,,,,,,,0,0,0,0,13.0
Sam Darnold,QB,NYJ,8,JAX,218,2,30,21,3,-1,0,1,0,0,0,0,0,0,1,0,0,0,0,0,0,0,,,,,
Sam Ficken,K,NYJ,8,JAX,0,0,0,0,0,0,0,0,0,0,0,0,0,0,0,0,0,0,0,0,0,1,,,,,
Sammy Watkins,WR,KC,8,GB,0,0,0,0,0,0,0,0,5,45,0,8,0,0,0,0,0,0,0,0,0,0,,,,,
Saquon Barkley,RB,NYG,8,DET,0,0,0,0,0,64,0,19,8,79,1,10,0,0,0,0,0,0,0,0,0,0,,,,,
Scott Miller,WR,TB,8,TEN,0,0,0,0,0,0,0,0,0,0,0,1,0,0,0,0,0,0,0,0,0,0,,,,,
Seth DeValve,TE,JAX,8,NYJ,0,0,0,0,0,0,0,0,1,11,0,1,0,0,0,0,0,0,0,0,0,0,,,,,
Sony Michel,RB,NE,8,CLE,0,0,0,0,0,74,0,21,0,0,0,0,0,0,0,0,0,0,0,0,0,0,,,,,
Stanley Morgan,WR,CIN,8,LA,0,0,0,0,0,0,0,0,1,3,0,1,0,0,0,0,0,0,0,0,0,0,,,,,
Stefon Diggs,WR,MIN,8,WAS,0,0,0,0,0,0,0,0,7,143,0,7,0,0,0,0,0,0,0,0,0,0,,,,,
Steven Hauschka,K,BUF,8,PHI,0,0,0,0,0,0,0,0,0,0,0,0,0,0,0,0,0,0,0,0,0,1,,,,,
Steven Sims,WR,WAS,8,MIN,0,0,0,0,0,0,0,0,0,0,0,0,0,0,0,0,0,0,0,0,0,0,,,,,
T.J. Hockenson,TE,DET,8,NYG,0,0,0,0,0,0,0,0,1,21,0,1,0,0,0,0,0,0,0,0,0,0,,,,,
T.J. Logan,RB,TB,8,TEN,0,0,0,0,0,0,0,0,0,0,0,0,0,0,0,0,0,0,0,0,0,0,,,,,
T.Y. Hilton,WR,IND,8,DEN,0,0,0,0,0,0,0,0,2,54,0,6,0,0,0,0,0,0,0,0,0,0,,,,,
TB,DEF,TB,8,TEN,,,,,,,,,,,,,,,,,,,,,,,0,0,0,0,27.0
TEN,DEF,TEN,8,TB,,,,,,,,,,,,,,,,,,,,,,,0,0,0,0,23.0
Tajae Sharpe,WR,TEN,8,TB,0,0,0,0,0,0,0,0,3,18,1,3,0,0,0,0,0,0,0,0,0,0,,,,,
Tanner Hudson,TE,TB,8,TEN,0,0,0,0,0,0,0,0,0,0,0,1,0,0,0,0,0,0,0,0,0,0,,,,,
Tarik Cohen,RB,CHI,8,LAC,0,0,0,0,0,9,0,4,3,37,0,3,0,0,0,0,0,0,0,0,0,0,,,,,
Taylor Gabriel,WR,CHI,8,LAC,0,0,0,0,0,0,0,0,4,53,0,6,0,0,0,0,0,0,0,0,0,0,,,,,
Taysom Hill,TE,NO,8,ARI,0,0,0,0,0,0,0,0,3,63,1,3,0,0,0,0,0,0,0,0,0,0,,,,,
Ted Ginn,WR,NO,8,ARI,0,0,0,0,0,0,0,0,2,42,0,3,0,0,0,0,0,0,0,0,0,0,,,,,
Teddy Bridgewater,QB,NO,8,ARI,0,0,0,0,0,-2,0,2,0,0,0,0,0,0,0,0,0,0,0,0,0,0,,,,,
Terry McLaurin,WR,WAS,8,MIN,0,0,0,0,0,0,0,0,4,39,0,6,0,0,0,0,0,0,0,0,0,0,,,,,
Tevin Coleman,RB,SF,8,CAR,0,0,0,0,0,105,3,11,2,13,1,2,0,0,0,0,0,0,0,0,0,0,,,,,
Todd Gurley,RB,LA,8,CIN,0,0,0,0,0,44,1,10,0,0,0,1,0,0,0,0,0,0,0,0,0,0,,,,,
Tom Brady,QB,NE,8,CLE,259,2,36,20,0,0,0,0,0,0,0,0,0,0,0,0,0,0,0,0,0,0,,,,,
Tra Carson,RB,DET,8,NYG,0,0,0,0,0,34,0,12,0,0,0,0,0,0,0,0,0,0,0,0,0,0,,,,,
Travis Kelce,TE,KC,8,GB,0,0,0,0,0,0,0,0,4,63,1,8,0,0,0,0,0,0,0,0,0,0,,,,,
Trent Sherfield,WR,ARI,8,NO,0,0,0,0,0,0,0,0,0,0,0,2,0,0,0,0,0,0,0,0,0,0,,,,,
Trevon Wesco,TE,NYJ,8,JAX,0,0,0,0,0,0,0,0,0,0,0,0,0,0,0,0,0,0,0,0,0,0,,,,,
Trevor Davis,WR,LV,8,HOU,0,0,0,0,0,-1,0,1,1,15,0,2,0,0,0,0,0,0,0,0,0,0,,,,,
Trey Burton,TE,CHI,8,LAC,0,0,0,0,0,0,0,0,1,16,0,4,0,0,0,0,0,0,0,0,0,0,,,,,
Trey Edmunds,RB,PIT,8,MIA,0,0,0,0,0,0,0,1,0,0,0,0,0,0,0,0,0,0,0,0,0,0,,,,,
Trey Quinn,WR,WAS,8,MIN,0,0,0,0,0,0,0,0,1,15,0,3,0,0,0,0,0,0,0,0,0,0,,,,,
Troymaine Pope,RB,LAC,8,CHI,0,0,0,0,0,0,0,0,0,0,0,0,0,0,0,0,0,0,0,0,0,0,,,,,
Ty Johnson,RB,DET,8,NYG,0,0,0,0,0,25,0,7,1,13,0,4,0,0,0,0,0,0,0,0,0,0,,,,,
Ty Montgomery,WR,NYJ,8,JAX,0,0,0,0,0,0,0,0,0,0,0,0,0,0,0,0,0,0,0,0,0,0,,,,,
Tyler Boyd,WR,CIN,8,LA,0,0,0,0,0,3,0,1,6,65,0,9,0,0,0,0,0,0,0,0,0,0,,,,,
Tyler Eifert,TE,CIN,8,LA,0,0,0,0,0,0,0,0,6,74,0,9,0,0,0,0,0,0,0,0,0,0,,,,,
Tyler Ervin,RB,JAX,8,NYJ,0,0,0,0,0,0,0,0,0,0,0,0,0,0,0,0,0,0,0,0,0,0,,,,,
Tyler Higbee,TE,LA,8,CIN,0,0,0,0,0,0,0,0,1,8,0,1,0,0,0,0,0,0,0,0,0,0,,,,,
Tyler Kroft,TE,BUF,8,PHI,0,0,0,0,0,0,0,0,2,32,0,4,0,0,0,0,0,0,0,0,0,0,,,,,
Tyler Lockett,WR,SEA,8,ATL,0,0,0,0,0,0,0,0,6,100,0,6,0,0,0,0,0,0,0,0,0,0,,,,,
Tyreek Hill,WR,KC,8,GB,0,0,0,0,0,5,0,1,6,76,0,9,0,0,0,0,0,0,0,0,0,0,,,,,
Tyrell Williams,WR,LV,8,HOU,0,0,0,0,0,0,0,0,3,91,1,6,0,0,0,0,0,0,0,0,0,0,,,,,
Vance McDonald,TE,PIT,8,MIA,0,0,0,0,0,0,0,0,3,19,0,4,0,0,0,0,0,0,0,0,0,0,,,,,
Virgil Green,TE,LAC,8,CHI,0,0,0,0,0,0,0,0,1,10,0,1,0,0,0,0,0,0,0,0,0,0,,,,,
Vyncint Smith,WR,NYJ,8,JAX,0,0,0,0,0,13,0,1,2,10,0,4,0,0,0,0,0,0,0,0,0,0,,,,,
WAS,DEF,WAS,8,MIN,,,,,,,,,,,,,,,,,,,,,,,0,0,0,0,19.0
Wayne Gallman,RB,NYG,8,DET,0,0,0,0,0,0,0,0,1,20,0,1,0,0,0,0,0,0,0,0,0,0,,,,,
Wendell Smallwood,RB,WAS,8,MIN,0,0,0,0,0,9,0,2,1,11,0,2,0,0,0,0,0,0,0,0,0,0,,,,,
Wil Lutz,K,NO,8,ARI,0,0,0,0,0,0,0,0,0,0,0,0,0,0,0,0,1,0,0,0,0,4,,,,,
Zach Ertz,TE,PHI,8,BUF,0,0,0,0,0,0,0,0,2,20,0,4,0,0,0,0,0,0,0,0,0,0,,,,,
Zach Pascal,WR,IND,8,DEN,0,0,0,0,0,0,0,0,1,6,0,2,0,0,0,0,0,0,0,0,0,0,,,,,
Zach Zenner,RB,ARI,8,NO,0,0,0,0,0,0,0,1,1,13,0,1,0,0,0,0,0,0,0,0,0,0,,,,,
Zane Gonzalez,K,ARI,8,NO,0,0,0,0,0,0,0,0,0,0,0,0,0,0,0,0,0,2,0,1,0,0,,,,,
Zay Jones,WR,LV,8,HOU,0,0,0,0,0,0,0,0,2,27,0,2,0,0,0,0,0,0,0,0,0,0,,,,,
A.J. Brown,WR,TEN,9,CAR,0,0,0,0,0,0,0,0,4,81,0,7,0,0,0,0,0,0,0,0,0,0,,,,,
ARI,DEF,ARI,9,SF,,,,,,,,,,,,,,,,,,,,,,,0,0,0,0,28.0
Aaron Jones,RB,GB,9,LAC,0,0,0,0,0,30,0,8,1,-1,0,3,0,0,0,0,0,0,0,0,0,0,,,,,
Aaron Rodgers,QB,GB,9,LAC,161,1,35,23,0,5,0,1,0,0,0,0,0,0,1,0,0,0,0,0,0,0,,,,,
Adam Humphries,WR,TEN,9,CAR,0,0,0,0,0,0,0,0,4,65,0,4,0,0,0,0,0,0,0,0,0,0,,,,,
Adam Shaheen,TE,CHI,9,PHI,0,0,0,0,0,0,0,0,0,0,0,1,0,0,0,0,0,0,0,0,0,0,,,,,
Adam Thielen,WR,MIN,9,KC,0,0,0,0,0,0,0,0,0,0,0,1,0,0,0,0,0,0,0,0,0,0,,,,,
Adam Vinatieri,K,IND,9,PIT,0,0,0,0,0,0,0,0,0,0,0,0,0,0,0,0,1,0,0,0,0,1,,,,,
Adrian Peterson,RB,WAS,9,BUF,0,0,0,0,0,108,0,18,1,22,0,1,0,0,0,0,0,0,0,0,0,0,,,,,
Albert Wilson,WR,MIA,9,NYJ,0,0,0,0,0,0,0,0,1,3,0,2,0,0,0,0,0,0,0,0,0,0,,,,,
Aldrick Rosas,K,NYG,9,DAL,0,0,0,0,0,0,0,0,0,0,0,0,0,0,0,0,4,0,0,0,0,0,,,,,
Alexander Mattison,RB,MIN,9,KC,0,0,0,0,0,6,0,3,0,0,0,1,0,0,0,0,0,0,0,0,0,0,,,,,
Alfred Morris,RB,ARI,9,SF,0,0,0,0,0,4,0,1,0,0,0,0,0,0,0,0,0,0,0,0,0,0,,,,,
Allen Hurns,WR,MIA,9,NYJ,0,0,0,0,0,0,0,0,2,16,0,3,0,0,0,0,0,0,0,0,0,0,,,,,
Allen Lazard,WR,GB,9,LAC,0,0,0,0,0,0,0,0,3,44,0,4,0,0,0,0,0,0,0,0,0,0,,,,,
Allen Robinson,WR,CHI,9,PHI,0,0,0,0,0,0,0,0,1,6,0,5,0,0,0,0,0,0,0,0,0,0,,,,,
Alshon Jeffery,WR,PHI,9,CHI,0,0,0,0,0,0,0,0,4,36,0,8,0,0,0,0,0,0,0,0,0,0,,,,,
Amari Cooper,WR,DAL,9,NYG,0,0,0,0,0,0,0,0,4,80,1,7,0,0,0,0,0,0,0,0,0,0,,,,,
Ameer Abdullah,RB,MIN,9,KC,0,0,0,0,0,2,0,1,1,16,1,1,0,0,0,0,0,0,0,0,0,0,,,,,
Andre Roberts,WR,BUF,9,WAS,0,0,0,0,0,0,0,0,0,0,0,0,0,0,0,0,0,0,0,0,0,0,,,,,
Andy Isabella,WR,ARI,9,SF,0,0,0,0,0,0,0,0,1,88,1,1,0,0,0,0,0,0,0,0,0,0,,,,,
Anthony Firkser,TE,TEN,9,CAR,0,0,0,0,0,0,0,0,0,0,0,1,0,0,0,0,0,0,0,0,0,0,,,,,
Anthony Miller,WR,CHI,9,PHI,0,0,0,0,0,0,0,0,0,0,0,1,0,0,0,0,0,0,0,0,0,0,,,,,
Antonio Callaway,WR,CLE,9,DEN,0,0,0,0,0,0,0,0,4,56,0,5,0,0,0,0,0,0,0,0,0,0,,,,,
Antony Auclair,TE,TB,9,SEA,0,0,0,0,0,0,0,0,1,11,0,2,0,0,0,0,0,0,0,0,0,0,,,,,
Austin Ekeler,RB,LAC,9,GB,0,0,0,0,0,70,0,12,4,23,0,4,0,0,0,0,0,0,0,0,0,0,,,,,
Austin Seibert,K,CLE,9,DEN,0,0,0,0,0,0,0,0,0,0,0,0,0,0,0,0,1,3,0,0,0,1,,,,,
BAL,DEF,BAL,9,NE,,,,,,,,,,,,,,,,,,,,,,,0,0,0,0,20.0
BUF,DEF,BUF,9,WAS,,,,,,,,,,,,,,,,,,,,,,,0,0,0,0,9.0
Baker Mayfield,QB,CLE,9,DEN,273,1,42,27,0,22,0,3,0,0,0,0,0,0,0,0,0,0,0,0,0,0,,,,,
Ben Koyack,TE,JAX,9,HOU,0,0,0,0,0,0,0,0,0,0,0,1,0,0,0,0,0,0,0,0,0,0,,,,,
Benjamin Watson,TE,NE,9,BAL,0,0,0,0,0,0,0,0,4,28,0,5,0,0,0,0,0,0,0,0,0,0,,,,,
Bennie Fowler,WR,NYG,9,DAL,0,0,0,0,0,0,0,0,3,22,0,6,0,0,0,0,0,0,0,0,0,0,,,,,
Bilal Powell,RB,NYJ,9,MIA,0,0,0,0,0,16,0,2,0,0,0,0,0,0,0,0,0,0,0,0,0,0,,,,,
Bisi Johnson,WR,MIN,9,KC,0,0,0,0,0,0,0,0,1,4,1,2,0,0,0,0,0,0,0,0,0,0,,,,,
Blake Bell,TE,KC,9,MIN,0,0,0,0,0,0,0,0,1,2,0,1,0,0,0,0,0,0,0,0,0,0,,,,,
Blake Jarwin,TE,DAL,9,NYG,0,0,0,0,0,0,0,0,1,42,1,1,0,0,0,0,0,0,0,0,0,0,,,,,
Brandon Allen,QB,DEN,9,CLE,193,2,20,12,0,13,0,5,0,0,0,0,0,0,0,0,0,0,0,0,0,0,,,,,
Brandon Bolden,RB,NE,9,BAL,0,0,0,0,0,0,0,0,0,0,0,0,0,0,0,0,0,0,0,0,0,0,,,,,
Brandon McManus,K,DEN,9,CLE,0,0,0,0,0,0,0,0,0,0,0,0,0,0,0,0,0,0,1,0,0,3,,,,,
Braxton Berrios,WR,NYJ,9,MIA,0,0,0,0,0,0,0,0,0,0,0,0,0,0,0,0,0,0,0,0,0,0,,,,,
Breshad Perriman,WR,TB,9,SEA,0,0,0,0,0,0,0,0,4,42,1,8,0,0,0,0,0,0,0,0,0,0,,,,,
Brett Maher,K,DAL,9,NYG,0,0,0,0,0,0,0,0,0,0,0,0,0,0,0,0,1,1,0,1,0,4,,,,,
Brian Hoyer,QB,IND,9,PIT,168,3,26,17,1,6,0,1,0,0,0,0,0,0,0,0,0,0,0,0,0,0,,,,,
Byron Pringle,WR,KC,9,MIN,0,0,0,0,0,0,0,0,0,0,0,0,0,0,0,0,0,0,0,0,0,0,,,,,
C.J. Board,WR,JAX,9,HOU,0,0,0,0,0,0,0,0,1,23,0,3,0,0,0,0,0,0,0,0,0,0,,,,,
CAR,DEF,CAR,9,TEN,,,,,,,,,,,,,,,,,,,,,,,0,0,0,0,20.0
CHI,DEF,CHI,9,PHI,,,,,,,,,,,,,,,,,,,,,,,0,0,0,0,22.0
CLE,DEF,CLE,9,DEN,,,,,,,,,,,,,,,,,,,,,,,0,0,0,0,24.0
Carlos Hyde,RB,HOU,9,JAX,0,0,0,0,0,160,0,19,0,0,0,0,0,0,0,0,0,0,0,0,0,0,,,,,
Carson Wentz,QB,PHI,9,CHI,239,1,39,26,0,15,0,4,0,0,0,0,0,0,0,0,0,0,0,0,0,0,,,,,
Charles Clay,TE,ARI,9,SF,0,0,0,0,0,0,0,0,1,6,0,2,0,0,0,0,0,0,0,0,0,0,,,,,
Chester Rogers,WR,IND,9,PIT,0,0,0,0,0,0,0,0,3,22,1,5,0,0,0,0,0,0,0,0,0,0,,,,,
Chris Boswell,K,PIT,9,IND,0,0,0,0,0,0,0,0,0,0,0,0,0,0,0,0,2,1,0,1,0,2,,,,,
Chris Carson,RB,SEA,9,TB,0,0,0,0,0,105,0,16,2,28,0,3,0,0,0,0,0,0,0,0,0,0,,,,,
Chris Conley,WR,JAX,9,HOU,0,0,0,0,0,0,0,0,2,32,0,7,0,0,0,0,0,0,0,0,0,0,,,,,
Chris Godwin Jr.,WR,TB,9,SEA,0,0,0,0,0,8,0,1,7,61,0,9,0,0,0,0,0,0,0,0,0,0,,,,,
Chris Moore,WR,BAL,9,NE,0,0,0,0,0,0,0,0,0,0,0,0,0,0,0,0,0,0,0,0,0,0,,,,,
Christian Kirk,WR,ARI,9,SF,0,0,0,0,0,8,0,1,2,8,0,5,0,0,0,0,0,0,0,0,0,0,,,,,
Christian McCaffrey,RB,CAR,9,TEN,0,0,0,0,0,146,2,24,3,20,1,3,0,0,0,0,0,0,0,0,0,0,,,,,
Cody Latimer,WR,NYG,9,DAL,0,0,0,0,0,0,0,0,2,8,1,3,0,0,0,0,0,0,0,0,0,0,,,,,
Cole Beasley,WR,BUF,9,WAS,0,0,0,0,0,0,0,0,2,13,1,2,0,0,0,0,0,0,0,0,0,0,,,,,
Cordarrelle Patterson,RB,CHI,9,PHI,0,0,0,0,0,0,0,0,1,5,0,1,0,0,0,0,0,0,0,0,0,0,,,,,
Corey Davis,WR,TEN,9,CAR,0,0,0,0,0,0,0,0,4,48,0,5,0,0,0,0,0,0,0,0,0,0,,,,,
Courtland Sutton,WR,DEN,9,CLE,0,0,0,0,0,7,0,1,5,56,1,8,0,0,0,0,0,0,0,0,0,0,,,,,
Curtis Samuel,WR,CAR,9,TEN,0,0,0,0,0,10,0,1,3,64,1,6,0,0,0,0,0,0,0,0,0,0,,,,,
DAL,DEF,DAL,9,NYG,,,,,,,,,,,,,,,,,,,,,,,0,0,0,0,18.0
DEN,DEF,DEN,9,CLE,,,,,,,,,,,,,,,,,,,,,,,0,0,0,0,19.0
DET,DEF,DET,9,LV,,,,,,,,,,,,,,,,,,,,,,,0,0,0,0,31.0
DJ Chark,WR,JAX,9,HOU,0,0,0,0,0,0,0,0,4,32,0,9,0,0,0,0,0,0,0,0,0,0,,,,,
DJ Moore,WR,CAR,9,TEN,0,0,0,0,0,0,0,0,7,101,0,10,0,0,0,0,0,0,0,0,0,0,,,,,
DK Metcalf,WR,SEA,9,TB,0,0,0,0,0,7,0,1,6,123,1,9,0,0,1,0,0,0,0,0,0,0,,,,,
Dak Prescott,QB,DAL,9,NYG,257,3,35,22,1,12,0,3,0,0,0,0,0,0,0,0,0,0,0,0,0,0,,,,,
Dallas Goedert,TE,PHI,9,CHI,0,0,0,0,0,0,0,0,4,39,0,5,0,0,0,0,0,0,0,0,0,0,,,,,
Dalvin Cook,RB,MIN,9,KC,0,0,0,0,0,71,0,21,4,45,0,7,0,0,0,0,0,0,0,0,0,0,,,,,
Damien Williams,RB,KC,9,MIN,0,0,0,0,0,125,1,12,2,3,0,2,0,0,0,0,0,0,0,0,0,0,,,,,
Dan Bailey,K,MIN,9,KC,0,0,0,0,0,0,0,0,0,0,0,0,0,0,0,0,1,0,0,0,0,2,,,,,
Daniel Brown,TE,NYJ,9,MIA,0,0,0,0,0,0,0,0,0,0,0,0,0,0,0,0,0,0,0,0,0,0,,,,,
Daniel Carlson,K,LV,9,DET,0,0,0,0,0,0,0,0,0,0,0,0,0,0,0,0,0,1,0,0,0,4,,,,,
Daniel Jones,QB,NYG,9,DAL,210,1,41,26,1,54,0,6,0,0,0,0,0,0,0,0,0,0,0,0,0,0,,,,,
Danny Amendola,WR,DET,9,LV,0,0,0,0,0,0,0,0,3,29,0,5,0,0,0,0,0,0,0,0,0,0,,,,,
Danny Vitale,RB,GB,9,LAC,0,0,0,0,0,0,0,0,0,0,0,0,0,0,0,0,0,0,0,0,0,0,,,,,
Dante Pettis,WR,SF,9,ARI,0,0,0,0,0,0,0,0,1,21,1,1,0,0,0,0,0,0,0,0,0,0,,,,,
Dare Ogunbowale,RB,TB,9,SEA,0,0,0,0,0,1,1,1,1,12,0,1,0,0,0,0,0,0,0,0,0,0,,,,,
Darius Slayton,WR,NYG,9,DAL,0,0,0,0,0,0,0,0,1,6,0,4,0,0,0,0,0,0,0,0,0,0,,,,,
Darrel Williams,RB,KC,9,MIN,0,0,0,0,0,1,0,1,0,0,0,0,0,0,0,0,0,0,0,0,0,0,,,,,
Darrell Daniels,TE,ARI,9,SF,0,0,0,0,0,0,0,0,0,0,0,0,0,0,0,0,0,0,0,0,0,0,,,,,
Darren Fells,TE,HOU,9,JAX,0,0,0,0,0,0,0,0,1,1,1,3,0,0,0,0,0,0,0,0,0,0,,,,,
Darren Sproles,RB,PHI,9,CHI,0,0,0,0,0,7,0,2,1,3,0,2,0,0,0,0,0,0,0,0,0,0,,,,,
Darren Waller,TE,LV,9,DET,0,0,0,0,0,0,0,0,2,52,0,2,0,0,0,0,0,0,0,0,0,0,,,,,
Davante Adams,WR,GB,9,LAC,0,0,0,0,0,0,0,0,7,41,0,11,0,0,0,0,0,0,0,0,0,0,,,,,
David Montgomery,RB,CHI,9,PHI,0,0,0,0,0,40,2,14,3,36,0,4,0,0,0,0,0,0,0,0,0,0,,,,,
David Moore,WR,SEA,9,TB,0,0,0,0,0,0,0,0,2,18,0,4,0,0,0,0,0,0,0,0,0,0,,,,,
Dawson Knox,TE,BUF,9,WAS,0,0,0,0,0,0,0,0,2,14,0,2,0,0,0,0,0,0,0,0,0,0,,,,,
DeAndre Carter,WR,HOU,9,JAX,0,0,0,0,0,0,0,0,1,8,0,1,0,0,0,0,0,0,0,0,0,0,,,,,
DeAndre Hopkins,WR,HOU,9,JAX,0,0,0,0,0,6,0,1,8,48,1,11,0,0,0,0,0,0,0,0,0,0,,,,,
DeAndre Washington,RB,LV,9,DET,0,0,0,0,0,7,0,3,1,21,0,1,0,0,0,0,0,0,0,0,0,0,,,,,
DeSean Jackson,WR,PHI,9,CHI,0,0,0,0,0,0,0,0,1,5,0,1,0,0,0,0,0,0,0,0,0,0,,,,,
DeVante Parker,WR,MIA,9,NYJ,0,0,0,0,0,0,0,0,4,57,1,6,0,0,0,0,0,0,0,0,0,0,,,,,
Deebo Samuel Sr.,WR,SF,9,ARI,0,0,0,0,0,0,0,0,4,40,0,7,0,0,0,0,0,0,0,0,0,0,,,,,
Demarcus Robinson,WR,KC,9,MIN,0,0,0,0,0,0,0,0,1,5,0,2,0,0,0,0,0,0,0,0,0,0,,,,,
Demaryius Thomas,WR,NYJ,9,MIA,0,0,0,0,0,0,0,0,2,19,0,3,0,0,0,0,0,0,0,0,0,0,,,,,
Demetrius Harris,TE,CLE,9,DEN,0,0,0,0,0,0,0,0,3,25,0,4,0,0,0,0,0,0,0,0,0,0,,,,,
Deon Cain,WR,IND,9,PIT,0,0,0,0,0,0,0,0,0,0,0,2,0,0,0,0,0,0,0,0,0,0,,,,,
Derek Carr,QB,LV,9,DET,289,2,31,20,0,0,0,0,0,0,0,0,0,0,0,0,0,0,0,0,0,0,,,,,
Derek Carrier,TE,LV,9,DET,0,0,0,0,0,27,0,1,0,0,0,0,0,0,0,0,0,0,0,0,0,0,,,,,
Derrick Henry,RB,TEN,9,CAR,0,0,0,0,0,63,1,13,3,36,1,3,0,0,0,0,0,0,0,0,0,0,,,,,
Deshaun Watson,QB,HOU,9,JAX,201,2,28,22,0,37,0,7,0,0,0,0,0,0,0,0,0,0,0,0,0,0,,,,,
Devin Singletary,RB,BUF,9,WAS,0,0,0,0,0,95,1,20,3,45,0,4,0,0,0,0,0,0,0,0,0,0,,,,,
Devine Ozigbo,RB,JAX,9,HOU,0,0,0,0,0,0,0,0,0,0,0,0,0,0,0,0,0,0,0,0,0,0,,,,,
Devontae Booker,RB,DEN,9,CLE,0,0,0,0,0,0,0,0,1,14,0,1,0,0,0,0,0,0,0,0,0,0,,,,,
Dion Lewis,RB,TEN,9,CAR,0,0,0,0,0,20,0,4,5,33,0,5,0,0,0,0,0,0,0,0,0,0,,,,,
Diontae Johnson,WR,PIT,9,IND,0,0,0,0,0,2,0,1,1,3,0,2,0,0,0,0,0,0,0,0,0,0,,,,,
Diontae Spencer,WR,DEN,9,CLE,0,0,0,0,0,0,0,0,1,0,0,3,0,0,0,0,0,0,0,0,0,0,,,,,
Dontrell Hilliard,RB,CLE,9,DEN,0,0,0,0,0,8,0,5,2,6,0,2,0,0,0,0,0,0,0,0,0,0,,,,,
Duke Johnson,RB,HOU,9,JAX,0,0,0,0,0,13,1,7,5,68,0,5,0,0,0,0,0,0,0,0,0,0,,,,,
Durham Smythe,TE,MIA,9,NYJ,0,0,0,0,0,0,0,0,0,0,0,0,0,0,0,0,0,0,0,0,0,0,,,,,
Dustin Hopkins,K,WAS,9,BUF,0,0,0,0,0,0,0,0,0,0,0,0,0,0,0,0,1,2,0,0,0,0,,,,,
Dwayne Haskins,QB,WAS,9,BUF,144,0,22,15,0,14,0,3,0,0,0,0,0,0,0,0,0,0,0,0,0,0,,,,,
Eddy Pineiro,K,CHI,9,PHI,0,0,0,0,0,0,0,0,0,0,0,0,0,0,0,0,0,0,0,0,0,2,,,,,
Emmanuel Sanders,WR,SF,9,ARI,0,0,0,0,0,0,0,0,7,112,1,9,0,0,0,0,0,0,0,0,0,0,,,,,
Eric Ebron,TE,IND,9,PIT,0,0,0,0,0,0,0,0,2,16,0,2,0,0,0,0,0,0,0,0,0,0,,,,,
Evan Engram,TE,NYG,9,DAL,0,0,0,0,0,2,0,1,6,48,0,8,0,0,0,0,0,0,0,0,0,0,,,,,
Ezekiel Elliott,RB,DAL,9,NYG,0,0,0,0,0,139,0,23,0,0,0,0,0,0,0,0,0,0,0,0,0,0,,,,,
Foster Moreau,TE,LV,9,DET,0,0,0,0,0,0,0,0,1,3,1,2,0,0,0,0,0,0,0,0,0,0,,,,,
Frank Gore,RB,BUF,9,WAS,0,0,0,0,0,15,0,11,0,0,0,0,0,0,0,0,0,0,0,0,0,0,,,,,
GB,DEF,GB,9,LAC,,,,,,,,,,,,,,,,,,,,,,,0,0,0,0,26.0
Gardner Minshew,QB,JAX,9,HOU,309,0,47,27,2,34,0,4,0,0,0,0,0,0,0,0,0,0,0,0,0,0,,,,,
George Kittle,TE,SF,9,ARI,0,0,0,0,0,0,0,0,6,79,1,8,0,0,0,0,0,0,0,0,0,0,,,,,
Geronimo Allison,WR,GB,9,LAC,0,0,0,0,0,0,0,0,2,21,0,2,0,0,0,0,0,0,0,0,0,0,,,,,
Golden Tate,WR,NYG,9,DAL,0,0,0,0,0,16,0,1,6,42,0,6,0,0,0,0,0,0,0,0,0,0,,,,,
Greg Dortch,WR,CAR,9,TEN,0,0,0,0,0,0,0,0,0,0,0,0,0,0,0,0,0,0,0,0,0,0,,,,,
Greg Olsen,TE,CAR,9,TEN,0,0,0,0,0,0,0,0,3,40,0,6,0,0,0,0,0,0,0,0,0,0,,,,,
Gus Edwards,RB,BAL,9,NE,0,0,0,0,0,27,1,7,0,0,0,0,0,0,0,0,0,0,0,0,0,0,,,,,
HOU,DEF,HOU,9,JAX,,,,,,,,,,,,,,,,,,,,,,,0,0,0,0,3.0
Harrison Butker,K,KC,9,MIN,0,0,0,0,0,0,0,0,0,0,0,0,0,0,0,0,1,0,2,1,0,2,,,,,
Hayden Hurst,TE,BAL,9,NE,0,0,0,0,0,0,0,0,2,15,0,2,0,0,0,0,0,0,0,0,0,0,,,,,
Hunter Henry,TE,LAC,9,GB,0,0,0,0,0,0,0,0,7,84,0,10,0,0,0,0,0,0,0,0,0,0,,,,,
Hunter Renfrow,WR,LV,9,DET,0,0,0,0,0,0,0,0,6,54,1,7,0,0,0,0,0,0,0,0,0,0,,,,,
IND,DEF,IND,9,PIT,,,,,,,,,,,,,,,,,,,,,,,0,1,0,0,26.0
Irv Smith,TE,MIN,9,KC,0,0,0,0,0,0,0,0,4,33,0,6,0,0,0,0,0,0,0,0,0,0,,,,,
Isaiah McKenzie,WR,BUF,9,WAS,0,0,0,0,0,0,0,0,3,12,0,3,0,0,0,0,0,0,0,0,0,0,,,,,
J.D. McKissic,RB,DET,9,LV,0,0,0,0,0,32,0,4,3,40,1,4,0,0,0,0,0,0,0,0,0,0,,,,,
JAX,DEF,JAX,9,HOU,,,,,,,,,,,,,,,,,,,,,,,0,0,0,0,26.0
Jack Doyle,TE,IND,9,PIT,0,0,0,0,0,0,0,0,3,22,1,4,0,0,0,0,0,0,0,0,0,0,,,,,
Jacob Hollister,TE,SEA,9,TB,0,0,0,0,0,0,0,0,4,37,2,6,0,0,0,0,0,0,0,0,0,0,,,,,
Jacoby Brissett,QB,IND,9,PIT,59,0,5,4,0,4,0,2,0,0,0,0,0,0,0,0,0,0,0,0,0,0,,,,,
Jake Elliott,K,PHI,9,CHI,0,0,0,0,0,0,0,0,0,0,0,0,0,0,0,0,2,1,0,0,0,1,,,,,
Jake Kumerow,WR,GB,9,LAC,0,0,0,0,0,0,0,0,0,0,0,2,0,0,0,0,0,0,0,0,0,0,,,,,
Jakeem Grant,WR,MIA,9,NYJ,0,0,0,0,0,0,0,0,3,33,0,5,0,0,0,0,0,0,0,0,0,0,,,,,
Jalen Richard,RB,LV,9,DET,0,0,0,0,0,12,0,2,3,56,0,4,0,0,0,0,0,0,0,0,0,0,,,,,
Jamaal Williams,RB,GB,9,LAC,0,0,0,0,0,10,0,2,6,39,1,6,0,0,0,0,0,0,0,0,0,0,,,,,
Jamal Agnew,WR,DET,9,LV,0,0,0,0,0,0,0,0,0,0,0,0,0,0,0,0,0,0,0,0,0,0,,,,,
Jameis Winston,QB,TB,9,SEA,335,2,44,29,0,8,0,2,0,0,0,0,0,0,0,0,0,0,0,0,0,0,,,,,
James Washington,WR,PIT,9,IND,0,0,0,0,0,0,0,0,4,69,0,4,0,0,0,0,0,0,0,0,0,0,,,,,
James White,RB,NE,9,BAL,0,0,0,0,0,38,1,9,2,46,0,3,0,0,0,0,0,0,0,0,0,0,,,,,
Jamison Crowder,WR,NYJ,9,MIA,0,0,0,0,0,0,0,0,8,83,1,9,0,0,0,0,0,0,0,0,0,0,,,,,
Jamize Olawale,RB,DAL,9,NYG,0,0,0,0,0,0,0,0,0,0,0,0,0,0,0,0,0,0,0,0,0,0,,,,,
Jarius Wright,WR,CAR,9,TEN,0,0,0,0,0,-7,0,1,0,0,0,4,0,0,0,0,0,0,0,0,0,0,,,,,
Jarvis Landry,WR,CLE,9,DEN,0,0,0,0,0,0,0,0,6,51,1,13,0,0,0,0,0,0,0,0,0,0,,,,,
Jason Myers,K,SEA,9,TB,0,0,0,0,0,0,0,0,0,0,0,0,0,0,0,0,1,1,0,0,0,2,,,,,
Jason Sanders,K,MIA,9,NYJ,0,0,0,0,0,0,0,0,0,0,0,0,0,0,0,0,1,0,0,0,0,3,,,,,
Jason Witten,TE,DAL,9,NYG,0,0,0,0,0,0,0,0,8,58,0,9,0,0,0,0,0,0,0,0,0,0,,,,,
Jaylen Samuels,RB,PIT,9,IND,0,0,0,0,0,10,0,8,13,73,0,13,0,0,0,0,0,0,0,0,0,0,,,,,
Jeff Wilson,RB,SF,9,ARI,0,0,0,0,0,0,0,0,1,2,0,1,0,0,0,0,0,0,0,0,0,0,,,,,
Jeremy Sprinkle,TE,WAS,9,BUF,0,0,0,0,0,0,0,0,1,16,0,1,0,0,0,0,0,0,0,0,0,0,,,,,
Jesse James,TE,DET,9,LV,0,0,0,0,0,0,0,0,1,3,0,2,0,0,0,0,0,0,0,0,0,0,,,,,
Jimmy Garoppolo,QB,SF,9,ARI,317,4,37,28,0,2,0,3,0,0,0,0,0,0,0,0,0,0,0,0,0,0,,,,,
Jimmy Graham,TE,GB,9,LAC,0,0,0,0,0,0,0,0,4,17,0,4,0,0,0,0,0,0,0,0,0,0,,,,,
Joey Slye,K,CAR,9,TEN,0,0,0,0,0,0,0,0,0,0,0,0,0,0,0,0,0,1,0,0,0,3,,,,,
John Brown,WR,BUF,9,WAS,0,0,0,0,0,0,0,0,4,76,0,7,0,0,0,0,0,0,0,0,0,0,,,,,
Johnny Holton,WR,PIT,9,IND,0,0,0,0,0,0,0,0,0,0,0,1,0,0,0,0,0,0,0,0,0,0,,,,,
Jonnu Smith,TE,TEN,9,CAR,0,0,0,0,0,0,0,0,3,18,0,5,0,0,0,0,0,0,0,0,0,0,,,,,
Jordan Akins,TE,HOU,9,JAX,0,0,0,0,0,0,0,0,3,24,0,3,0,0,0,0,0,0,0,0,0,0,,,,,
Jordan Howard,RB,PHI,9,CHI,0,0,0,0,0,82,1,19,1,1,0,1,0,0,0,0,0,0,0,0,0,0,,,,,
Jordan Wilkins,RB,IND,9,PIT,0,0,0,0,0,6,0,1,1,6,0,2,0,0,0,0,0,0,0,0,0,0,,,,,
Josh Allen,QB,BUF,9,WAS,160,1,20,14,0,12,1,8,0,0,0,0,0,0,0,0,0,0,0,0,0,0,,,,,
Josh Jacobs,RB,LV,9,DET,0,0,0,0,0,120,2,28,0,0,0,2,0,0,0,0,0,0,0,0,0,0,,,,,
Josh Lambo,K,JAX,9,HOU,0,0,0,0,0,0,0,0,0,0,0,0,0,0,0,0,0,1,0,0,0,0,,,,,
Josh Oliver,TE,JAX,9,HOU,0,0,0,0,0,0,0,0,1,4,0,2,0,0,0,0,0,0,0,0,0,0,,,,,
JuJu Smith-Schuster,WR,PIT,9,IND,0,0,0,0,0,0,0,0,3,16,0,5,0,0,0,0,0,0,0,0,0,0,,,,,
Julian Edelman,WR,NE,9,BAL,0,0,0,0,0,0,0,0,10,89,0,11,0,0,0,0,0,0,0,0,0,0,,,,,
Justice Hill,RB,BAL,9,NE,0,0,0,0,0,7,0,3,0,0,0,1,0,0,0,0,0,0,0,0,0,0,,,,,
Justin Jackson,RB,LAC,9,GB,0,0,0,0,0,7,0,2,1,7,0,1,0,0,0,0,0,0,0,0,0,0,,,,,
Justin Tucker,K,BAL,9,NE,0,0,0,0,0,0,0,0,0,0,0,0,0,0,0,0,0,1,0,0,0,4,,,,,
Juwann Winfree,WR,DEN,9,CLE,0,0,0,0,0,0,0,0,0,0,0,0,0,0,0,0,0,0,0,0,0,0,,,,,
KC,DEF,KC,9,MIN,,,,,,,,,,,,,,,,,,,,,,,0,0,0,0,23.0
Ka'imi Fairbairn,K,HOU,9,JAX,0,0,0,0,0,0,0,0,0,0,0,0,0,0,0,0,0,0,1,1,0,2,,,,,
Kalen Ballage,RB,MIA,9,NYJ,0,0,0,0,0,19,0,7,0,0,0,1,0,0,0,0,0,0,0,0,0,0,,,,,
Kalif Raymond,WR,TEN,9,CAR,0,0,0,0,0,0,0,0,2,19,0,3,0,0,0,0,0,0,0,0,0,0,,,,,
KeeSean Johnson,WR,ARI,9,SF,0,0,0,0,0,0,0,0,2,22,1,3,0,0,0,0,0,0,0,0,0,0,,,,,
Keelan Cole,WR,JAX,9,HOU,0,0,0,0,0,0,0,0,5,80,0,6,0,0,0,0,0,0,0,0,0,0,,,,,
Keenan Allen,WR,LAC,9,GB,0,0,0,0,0,0,0,0,3,40,0,4,0,0,0,0,0,0,0,0,0,0,,,,,
Kelvin Harmon,WR,WAS,9,BUF,0,0,0,0,0,0,0,0,1,6,0,2,0,0,0,0,0,0,0,0,0,0,,,,,
Kendrick Bourne,WR,SF,9,ARI,0,0,0,0,0,0,0,0,1,7,1,1,0,0,0,0,0,0,0,0,0,0,,,,,
Kenny Golladay,WR,DET,9,LV,0,0,0,0,0,0,0,0,4,132,1,7,0,0,0,0,0,0,0,0,0,0,,,,,
Kenny Stills,WR,HOU,9,JAX,0,0,0,0,0,0,0,0,4,52,0,4,0,0,0,0,0,0,0,0,0,0,,,,,
Kenyan Drake,RB,ARI,9,SF,0,0,0,0,0,110,1,15,4,52,0,4,0,0,1,0,0,0,0,0,0,0,,,,,
KhaDarel Hodge,WR,CLE,9,DEN,0,0,0,0,0,0,0,0,1,10,0,1,0,0,0,0,0,0,0,0,0,0,,,,,
Kirk Cousins,QB,MIN,9,KC,220,3,38,19,0,5,0,1,0,0,0,0,0,0,0,0,0,0,0,0,0,0,,,,,
Kyle Allen,QB,CAR,9,TEN,232,2,32,17,1,-4,0,3,0,0,0,0,0,0,0,0,0,0,0,0,0,0,,,,,
Kyle Rudolph,TE,MIN,9,KC,0,0,0,0,0,0,0,0,3,23,1,5,0,0,0,0,0,0,0,0,0,0,,,,,
Kyler Murray,QB,ARI,9,SF,241,2,24,17,0,34,0,5,0,0,0,0,0,0,1,0,0,0,0,0,0,0,,,,,
LAC,DEF,LAC,9,GB,,,,,,,,,,,,,,,,,,,,,,,0,0,0,0,11.0
LV,DEF,LV,9,DET,,,,,,,,,,,,,,,,,,,,,,,0,0,0,0,0.0
Lamar Jackson,QB,BAL,9,NE,163,1,23,17,0,61,2,16,0,0,0,0,0,0,0,0,0,0,0,0,0,0,,,,,
Laquon Treadwell,WR,MIN,9,KC,0,0,0,0,0,0,0,0,3,58,0,5,0,0,0,0,0,0,0,0,0,0,,,,,
Larry Fitzgerald,WR,ARI,9,SF,0,0,0,0,0,0,0,0,4,38,0,4,0,0,0,0,0,0,0,0,0,0,,,,,
Le'Veon Bell,RB,NYJ,9,MIA,0,0,0,0,0,66,0,17,8,55,0,9,0,0,0,0,0,0,0,0,0,0,,,,,
LeSean McCoy,RB,KC,9,MIN,0,0,0,0,0,9,0,3,1,0,0,1,0,0,0,0,0,0,0,0,0,0,,,,,
Leonard Fournette,RB,JAX,9,HOU,0,0,0,0,0,40,0,11,5,32,0,6,0,0,0,0,0,0,0,0,0,0,,,,,
Logan Thomas,TE,DET,9,LV,0,0,0,0,0,0,0,0,1,13,0,2,0,0,0,0,0,0,0,0,0,0,,,,,
Luke Willson,TE,SEA,9,TB,0,0,0,0,0,0,0,0,2,20,0,2,0,0,0,0,0,0,0,0,0,0,,,,,
MIA,DEF,MIA,9,NYJ,,,,,,,,,,,,,,,,,,,,,,,0,1,0,0,18.0
MIN,DEF,MIN,9,KC,,,,,,,,,,,,,,,,,,,,,,,0,0,0,0,26.0
Mack Hollins,WR,PHI,9,CHI,0,0,0,0,0,0,0,0,0,0,0,0,0,0,0,0,0,0,0,0,0,0,,,,,
Marcell Ateman,WR,LV,9,DET,0,0,0,0,0,0,0,0,1,34,0,1,0,0,0,0,0,0,0,0,0,0,,,,,
Mark Andrews,TE,BAL,9,NE,0,0,0,0,0,0,0,0,2,21,0,3,0,0,0,0,0,0,0,0,0,0,,,,,
Mark Ingram,RB,BAL,9,NE,0,0,0,0,0,115,0,15,2,29,0,3,0,0,0,0,0,0,0,0,0,0,,,,,
Mark Walton,RB,MIA,9,NYJ,0,0,0,0,0,29,0,12,3,12,0,4,0,0,0,0,0,0,0,0,0,0,,,,,
Marlon Mack,RB,IND,9,PIT,0,0,0,0,0,89,0,21,0,0,0,0,0,0,0,0,0,0,0,0,0,0,,,,,
Marquez Valdes-Scantling,WR,GB,9,LAC,0,0,0,0,0,0,0,0,0,0,0,2,0,0,0,0,0,0,0,0,0,0,,,,,
Marquise Brown,WR,BAL,9,NE,0,0,0,0,0,0,0,0,3,48,0,4,0,0,0,0,0,0,0,0,0,0,,,,,
Marvin Hall,WR,DET,9,LV,0,0,0,0,0,7,0,1,0,0,0,1,0,0,0,0,0,0,0,0,0,0,,,,,
Marvin Jones,WR,DET,9,LV,0,0,0,0,0,0,0,0,8,126,1,10,0,0,0,0,0,0,0,0,0,0,,,,,
Mason Crosby,K,GB,9,LAC,0,0,0,0,0,0,0,0,0,0,0,0,0,0,0,0,0,0,0,1,0,0,,,,,
Mason Rudolph,QB,PIT,9,IND,191,1,35,26,1,5,0,3,0,0,0,0,0,0,0,0,0,0,0,0,0,0,,,,,
Matt Breida,RB,SF,9,ARI,0,0,0,0,0,78,0,15,2,14,0,2,0,0,0,0,0,0,0,0,0,0,,,,,
Matt Gay,K,TB,9,SEA,0,0,0,0,0,0,0,0,0,0,0,0,0,0,0,0,0,0,2,0,0,4,,,,,
Matt Moore,QB,KC,9,MIN,275,1,35,25,0,0,0,0,0,0,0,0,0,0,0,0,0,0,0,0,0,0,,,,,
Matt Prater,K,DET,9,LV,0,0,0,0,0,0,0,0,0,0,0,0,0,0,0,0,1,0,0,0,0,3,,,,,
Matthew Stafford,QB,DET,9,LV,406,3,41,26,1,6,0,3,0,0,0,0,0,0,0,0,0,0,0,0,0,0,,,,,
Maxx Williams,TE,ARI,9,SF,0,0,0,0,0,0,0,0,1,12,0,2,0,0,0,0,0,0,0,0,0,0,,,,,
Mecole Hardman,WR,KC,9,MIN,0,0,0,0,0,7,0,1,0,0,0,0,0,0,0,0,0,0,0,0,0,0,,,,,
Melvin Gordon,RB,LAC,9,GB,0,0,0,0,0,80,2,20,3,29,0,4,0,0,0,0,0,0,0,0,0,0,,,,,
Michael Gallup,WR,DAL,9,NYG,0,0,0,0,0,0,0,0,2,33,1,6,0,0,0,0,0,0,0,0,0,0,,,,,
Michael Walker,WR,JAX,9,HOU,0,0,0,0,0,0,0,0,0,0,0,0,0,0,0,0,0,0,0,0,0,0,,,,,
Mike Badgley,K,LAC,9,GB,0,0,0,0,0,0,0,0,0,0,0,0,0,0,0,0,1,1,2,0,0,2,,,,,
Mike Boone,RB,MIN,9,KC,0,0,0,0,0,0,0,0,0,0,0,0,0,0,0,0,0,0,0,0,0,0,,,,,
Mike Evans,WR,TB,9,SEA,0,0,0,0,0,0,0,0,12,180,1,16,0,0,0,0,0,0,0,0,0,0,,,,,
Mike Gesicki,TE,MIA,9,NYJ,0,0,0,0,0,0,0,0,6,95,0,6,0,0,0,0,0,0,0,0,0,0,,,,,
Mike Williams,WR,LAC,9,GB,0,0,0,0,0,2,0,1,3,111,0,3,0,0,0,0,0,0,0,0,0,0,,,,,
Miles Boykin,WR,BAL,9,NE,0,0,0,0,0,0,0,0,0,0,0,1,0,0,0,0,0,0,0,0,0,0,,,,,
Miles Sanders,RB,PHI,9,CHI,0,0,0,0,0,42,0,10,3,31,0,3,0,0,0,0,0,0,0,0,0,0,,,,,
Mitchell Trubisky,QB,CHI,9,PHI,125,0,21,10,0,15,0,2,0,0,0,0,0,0,0,0,0,0,0,0,0,0,,,,,
Mo Alie-Cox,TE,IND,9,PIT,0,0,0,0,0,0,0,0,1,11,0,1,0,0,0,0,0,0,0,0,0,0,,,,,
Mohamed Sanu,WR,NE,9,BAL,0,0,0,0,0,0,0,0,10,81,1,14,0,0,0,0,0,0,0,0,0,0,,,,,
MyCole Pruitt,TE,TEN,9,CAR,0,0,0,0,0,0,0,0,0,0,0,0,0,0,0,0,0,0,0,0,0,0,,,,,
NE,DEF,NE,9,BAL,,,,,,,,,,,,,,,,,,,,,,,0,0,0,0,37.0
NYG,DEF,NYG,9,DAL,,,,,,,,,,,,,,,,,,,,,,,0,0,0,0,37.0
NYJ,DEF,NYJ,9,MIA,,,,,,,,,,,,,,,,,,,,,,,0,1,0,0,26.0
Nelson Agholor,WR,PHI,9,CHI,0,0,0,0,0,0,0,0,3,21,0,8,0,0,0,0,0,0,0,0,0,0,,,,,
Nick Bawden,RB,DET,9,LV,0,0,0,0,0,0,0,0,0,0,0,0,0,0,0,0,0,0,0,0,0,0,,,,,
Nick Boyle,TE,BAL,9,NE,0,0,0,0,0,0,0,0,5,27,1,5,0,0,0,0,0,0,0,0,0,0,,,,,
Nick Chubb,RB,CLE,9,DEN,0,0,0,0,0,65,0,20,4,26,0,5,0,0,0,0,0,0,0,0,0,0,,,,,
Nick Folk,K,NE,9,BAL,0,0,0,0,0,0,0,0,0,0,0,0,0,0,0,1,1,0,0,0,0,2,,,,,
Nick Vannett,TE,PIT,9,IND,0,0,0,0,0,0,0,0,0,0,0,1,0,0,0,0,0,0,0,0,0,0,,,,,
Noah Fant,TE,DEN,9,CLE,0,0,0,0,0,0,0,0,3,115,1,4,0,0,0,0,0,0,0,0,0,0,,,,,
Nyheim Hines,RB,IND,9,PIT,0,0,0,0,0,7,0,1,1,21,0,3,0,0,0,0,0,0,0,0,0,0,,,,,
Odell Beckham Jr.,WR,CLE,9,DEN,0,0,0,0,0,-5,0,1,5,87,0,6,0,0,0,0,0,0,0,0,0,0,,,,,
PHI,DEF,PHI,9,CHI,,,,,,,,,,,,,,,,,,,,,,,0,0,0,0,14.0
PIT,DEF,PIT,9,IND,,,,,,,,,,,,,,,,,,,,,,,1,0,0,0,24.0
Parris Campbell,WR,IND,9,PIT,0,0,0,0,0,27,0,3,5,53,0,5,0,0,0,0,0,0,0,0,0,0,,,,,
Patrick DiMarco,RB,BUF,9,WAS,0,0,0,0,0,0,0,0,0,0,0,0,0,0,0,0,0,0,0,0,0,0,,,,,
Patrick Ricard,RB,BAL,9,NE,0,0,0,0,0,0,0,0,1,8,0,1,0,0,0,0,0,0,0,0,0,0,,,,,
Paul Perkins,RB,DET,9,LV,0,0,0,0,0,16,0,2,0,0,0,0,0,0,0,0,0,0,0,0,0,0,,,,,
Paul Richardson,WR,WAS,9,BUF,0,0,0,0,0,0,0,0,4,42,0,5,0,0,0,0,0,0,0,0,0,0,,,,,
Peyton Barber,RB,TB,9,SEA,0,0,0,0,0,15,0,4,0,0,0,0,0,0,0,0,0,0,0,0,0,0,,,,,
Pharoh Cooper,WR,ARI,9,SF,0,0,0,0,0,0,0,0,2,15,0,2,0,0,0,0,0,0,0,0,0,0,,,,,
Philip Rivers,QB,LAC,9,GB,294,0,28,21,0,0,0,3,0,0,0,0,0,0,0,0,0,0,0,0,0,0,,,,,
Phillip Dorsett,WR,NE,9,BAL,0,0,0,0,0,0,0,0,2,13,0,4,0,0,0,0,0,0,0,0,0,0,,,,,
Phillip Lindsay,RB,DEN,9,CLE,0,0,0,0,0,92,1,9,0,0,0,0,0,0,0,0,0,0,0,0,0,0,,,,,
Preston Williams,WR,MIA,9,NYJ,0,0,0,0,0,0,0,0,5,72,2,9,0,0,0,0,0,0,0,0,0,0,,,,,
Raheem Mostert,RB,SF,9,ARI,0,0,0,0,0,-2,0,1,0,0,0,0,0,0,0,0,0,0,0,0,0,0,,,,,
Randall Cobb,WR,DAL,9,NYG,0,0,0,0,0,0,0,1,6,35,0,8,0,0,0,0,0,0,0,0,0,0,,,,,
Rashaad Penny,RB,SEA,9,TB,0,0,0,0,0,12,0,4,0,0,0,1,0,0,0,0,0,0,0,0,0,0,,,,,
Rashard Higgins,WR,CLE,9,DEN,0,0,0,0,0,0,0,0,0,0,0,1,0,0,0,0,0,0,0,0,0,0,,,,,
Reggie Bonnafon,RB,CAR,9,TEN,0,0,0,0,0,6,0,3,1,7,0,1,0,0,0,0,0,0,0,0,0,0,,,,,
Rex Burkhead,RB,NE,9,BAL,0,0,0,0,0,18,0,4,1,16,0,2,0,0,0,0,0,0,0,0,0,0,,,,,
Rhett Ellison,TE,NYG,9,DAL,0,0,0,0,0,0,0,0,2,17,0,5,0,0,0,0,0,0,0,0,0,0,,,,,
Richie James,WR,SF,9,ARI,0,0,0,0,0,0,0,0,0,0,0,0,0,0,0,0,0,0,0,0,0,0,,,,,
Ricky Seals-Jones,TE,CLE,9,DEN,0,0,0,0,0,0,0,0,2,12,0,2,0,0,0,0,0,0,0,0,0,0,,,,,
Robbie Chosen,WR,NYJ,9,MIA,0,0,0,0,0,0,0,0,2,33,0,4,0,0,0,0,0,0,0,0,0,0,,,,,
Robbie Gould,K,SF,9,ARI,0,0,0,0,0,0,0,0,0,0,0,0,0,0,0,0,0,0,0,0,0,4,,,,,
Robert Foster,WR,BUF,9,WAS,0,0,0,0,0,0,0,0,0,0,0,1,0,0,0,0,0,0,0,0,0,0,,,,,
Ronald Jones,RB,TB,9,SEA,0,0,0,0,0,67,1,18,2,15,0,2,0,0,0,0,0,0,0,0,0,0,,,,,
Ross Dwelley,TE,SF,9,ARI,0,0,0,0,0,0,0,0,4,29,0,4,0,0,0,0,0,0,0,0,0,0,,,,,
Royce Freeman,RB,DEN,9,CLE,0,0,0,0,0,15,0,5,1,-1,0,1,0,0,0,0,0,0,0,0,0,0,,,,,
Russell Wilson,QB,SEA,9,TB,378,5,43,29,0,21,0,1,0,0,0,0,0,0,1,0,0,0,0,0,0,0,,,,,
Ryan Fitzpatrick,QB,MIA,9,NYJ,288,3,36,24,0,2,0,5,0,0,0,0,0,0,0,0,0,0,0,0,0,0,,,,,
Ryan Griffin,TE,NYJ,9,MIA,0,0,0,0,0,0,0,0,6,50,0,8,0,0,0,0,0,0,0,0,0,0,,,,,
Ryan Succop,K,TEN,9,CAR,0,0,0,0,0,0,0,0,0,0,0,0,0,0,0,0,0,0,0,0,0,2,,,,,
Ryan Switzer,WR,PIT,9,IND,0,0,0,0,0,0,0,0,0,0,0,0,0,0,0,0,0,0,0,0,0,0,,,,,
Ryan Tannehill,QB,TEN,9,CAR,331,1,39,27,2,38,1,4,0,0,0,0,0,0,0,0,0,0,0,0,0,0,,,,,
Ryquell Armstead,RB,JAX,9,HOU,0,0,0,0,0,0,0,0,5,65,0,5,0,0,0,0,0,0,0,0,0,0,,,,,
SEA,DEF,SEA,9,TB,,,,,,,,,,,,,,,,,,,,,,,0,0,0,0,34.0
SF,DEF,SF,9,ARI,,,,,,,,,,,,,,,,,,,,,,,0,0,0,0,25.0
Sam Darnold,QB,NYJ,9,MIA,260,1,39,27,1,1,0,2,0,0,0,0,0,0,0,0,0,0,0,0,0,0,,,,,
Sam Ficken,K,NYJ,9,MIA,0,0,0,0,0,0,0,0,0,0,0,0,0,0,0,0,1,0,1,1,0,1,,,,,
Sammy Watkins,WR,KC,9,MIN,0,0,0,0,0,0,0,0,7,63,0,10,0,0,0,0,0,0,0,0,0,0,,,,,
Saquon Barkley,RB,NYG,9,DAL,0,0,0,0,0,28,0,14,6,67,0,8,0,0,0,0,0,0,0,0,0,0,,,,,
Scott Miller,WR,TB,9,SEA,0,0,0,0,0,0,0,0,0,0,0,2,0,0,0,0,0,0,0,0,0,0,,,,,
Senorise Perry,RB,BUF,9,WAS,0,0,0,0,0,0,0,0,0,0,0,0,0,0,0,0,0,0,0,0,0,0,,,,,
Seth DeValve,TE,JAX,9,HOU,0,0,0,0,0,0,0,0,4,41,0,5,0,0,0,0,0,0,0,0,0,0,,,,,
Seth Roberts,WR,BAL,9,NE,0,0,0,0,0,0,0,0,0,0,0,1,0,0,0,0,0,0,0,0,0,0,,,,,
Sony Michel,RB,NE,9,BAL,0,0,0,0,0,18,0,4,1,12,0,2,0,0,0,0,0,0,0,0,0,0,,,,,
Stefon Diggs,WR,MIN,9,KC,0,0,0,0,0,12,0,1,1,4,0,5,0,0,0,0,0,0,0,0,0,0,,,,,
Stephen Carlson,TE,CLE,9,DEN,0,0,0,0,0,0,0,0,0,0,0,1,0,0,0,0,0,0,0,0,0,0,,,,,
Steven Hauschka,K,BUF,9,WAS,0,0,0,0,0,0,0,0,0,0,0,0,0,0,0,0,0,0,1,0,0,3,,,,,
Steven Mitchell,WR,HOU,9,JAX,0,0,0,0,0,0,0,0,0,0,0,1,0,0,0,0,0,0,0,0,0,0,,,,,
Steven Sims,WR,WAS,9,BUF,0,0,0,0,0,0,0,0,1,12,0,1,0,0,0,0,0,0,0,0,0,0,,,,,
T.J. Hockenson,TE,DET,9,LV,0,0,0,0,0,0,0,0,3,56,0,7,0,0,0,0,0,0,0,0,0,0,,,,,
T.J. Logan,RB,TB,9,SEA,0,0,0,0,0,0,0,0,1,2,0,1,0,0,0,0,0,0,0,0,0,0,,,,,
TB,DEF,TB,9,SEA,,,,,,,,,,,,,,,,,,,,,,,0,0,0,0,40.0
TEN,DEF,TEN,9,CAR,,,,,,,,,,,,,,,,,,,,,,,0,0,0,0,30.0
Taiwan Jones,RB,HOU,9,JAX,0,0,0,0,0,0,0,0,0,0,0,0,0,0,0,0,0,0,0,0,0,0,,,,,
Tajae Sharpe,WR,TEN,9,CAR,0,0,0,0,0,0,0,0,2,31,0,4,0,0,0,0,0,0,0,0,0,0,,,,,
Tanner Hudson,TE,TB,9,SEA,0,0,0,0,0,0,0,0,1,12,0,2,0,0,0,0,0,0,0,0,0,0,,,,,
Tarik Cohen,RB,CHI,9,PHI,0,0,0,0,0,7,0,2,2,9,0,5,0,0,0,0,0,0,0,0,0,0,,,,,
Tavon Austin,WR,DAL,9,NYG,0,0,0,0,0,0,0,0,0,0,0,0,0,0,0,0,0,0,0,0,0,0,,,,,
Taylor Gabriel,WR,CHI,9,PHI,0,0,0,0,0,0,0,0,3,69,0,3,0,0,0,0,0,0,0,0,0,0,,,,,
Terry McLaurin,WR,WAS,9,BUF,0,0,0,0,0,0,0,0,4,39,0,6,0,0,0,0,0,0,0,0,0,0,,,,,
Tevin Coleman,RB,SF,9,ARI,0,0,0,0,0,23,0,12,2,13,0,4,0,0,0,0,0,0,0,0,0,0,,,,,
Tom Brady,QB,NE,9,BAL,285,1,46,30,1,0,0,0,0,0,0,0,0,0,0,0,0,0,0,0,0,0,,,,,
Tony Brooks-James,RB,PIT,9,IND,0,0,0,0,0,0,0,1,0,0,0,0,0,0,0,0,0,0,0,0,0,0,,,,,
Tony Pollard,RB,DAL,9,NYG,0,0,0,0,0,21,0,3,1,9,0,3,0,0,0,0,0,0,0,0,0,0,,,,,
Travis Kelce,TE,KC,9,MIN,0,0,0,0,0,0,0,0,7,62,0,9,0,0,0,0,0,0,0,0,0,0,,,,,
Trent Sherfield,WR,ARI,9,SF,0,0,0,0,0,0,0,0,0,0,0,0,0,0,0,0,0,0,0,0,0,0,,,,,
Trevor Davis,WR,LV,9,DET,0,0,0,0,0,0,0,0,0,0,0,0,0,0,0,0,0,0,0,0,0,0,,,,,
Trey Burton,TE,CHI,9,PHI,0,0,0,0,0,0,0,0,0,0,0,1,0,0,0,0,0,0,0,0,0,0,,,,,
Trey Edmunds,RB,PIT,9,IND,0,0,0,0,0,73,0,12,0,0,0,0,0,0,0,0,0,0,0,0,0,0,,,,,
Trey Quinn,WR,WAS,9,BUF,0,0,0,0,0,0,0,0,1,9,0,3,0,0,0,0,0,0,0,0,0,0,,,,,
Troy Fumagalli,TE,DEN,9,CLE,0,0,0,0,0,0,0,0,1,9,0,1,0,0,0,0,0,0,0,0,0,0,,,,,
Ty Johnson,RB,DET,9,LV,0,0,0,0,0,29,0,9,3,7,0,3,0,0,0,0,0,0,0,0,0,0,,,,,
Tyler Kroft,TE,BUF,9,WAS,0,0,0,0,0,0,0,0,0,0,0,1,0,0,0,0,0,0,0,0,0,0,,,,,
Tyler Lockett,WR,SEA,9,TB,0,0,0,0,0,0,0,0,13,152,2,18,0,0,0,0,0,0,0,0,0,0,,,,,
Tyreek Hill,WR,KC,9,MIN,0,0,0,0,0,5,0,1,6,140,1,9,0,0,0,0,0,0,0,0,0,0,,,,,
Tyrell Williams,WR,LV,9,DET,0,0,0,0,0,0,0,0,3,48,0,4,0,0,0,0,0,0,0,0,0,0,,,,,
Vance McDonald,TE,PIT,9,IND,0,0,0,0,0,0,0,0,5,30,1,7,0,0,0,0,0,0,0,0,0,0,,,,,
Ventell Bryant,WR,DAL,9,NYG,0,0,0,0,0,0,0,0,0,0,0,0,0,0,0,0,0,0,0,0,0,0,,,,,
Virgil Green,TE,LAC,9,GB,0,0,0,0,0,0,0,0,0,0,0,0,0,0,0,0,0,0,0,0,0,0,,,,,
Vyncint Smith,WR,NYJ,9,MIA,0,0,0,0,0,0,0,0,1,20,0,3,0,0,0,0,0,0,0,0,0,0,,,,,
WAS,DEF,WAS,9,BUF,,,,,,,,,,,,,,,,,,,,,,,0,0,0,0,24.0
Wayne Gallman,RB,NYG,9,DAL,0,0,0,0,0,0,0,0,0,0,0,1,0,0,0,0,0,0,0,0,0,0,,,,,
Wendell Smallwood,RB,WAS,9,BUF,0,0,0,0,0,5,0,2,2,-2,0,3,0,0,0,0,0,0,0,0,0,0,,,,,
Willie Snead,WR,BAL,9,NE,0,0,0,0,0,0,0,0,2,15,0,2,0,0,0,0,0,0,0,0,0,0,,,,,
Zach Ertz,TE,PHI,9,CHI,0,0,0,0,0,0,0,0,9,103,1,11,0,0,0,0,0,0,0,0,0,0,,,,,
Zach Pascal,WR,IND,9,PIT,0,0,0,0,0,0,0,0,5,76,1,6,0,0,0,0,0,0,0,0,0,0,,,,,
Zach Zenner,RB,ARI,9,SF,0,0,0,0,0,-3,0,1,0,0,0,0,0,0,0,0,0,0,0,0,0,0,,,,,
Zane Gonzalez,K,ARI,9,SF,0,0,0,0,0,0,0,0,0,0,0,0,0,0,0,0,0,1,0,0,0,2,,,,,
Zay Jones,WR,LV,9,DET,0,0,0,0,0,3,0,1,3,21,0,4,0,0,0,0,0,0,0,0,0,0,,,,,
A.J. Brown,WR,TEN,10,KC,0,0,0,0,0,0,0,0,1,17,0,4,0,0,0,0,0,0,0,0,0,0,,,,,
ARI,DEF,ARI,10,TB,,,,,,,,,,,,,,,,,,,,,,,0,0,0,0,30.0
ATL,DEF,ATL,10,NO,,,,,,,,,,,,,,,,,,,,,,,0,0,0,0,9.0
Aaron Jones,RB,GB,10,CAR,0,0,0,0,0,93,3,13,0,0,0,0,0,0,0,0,0,0,0,0,0,0,,,,,
Aaron Rodgers,QB,GB,10,CAR,233,0,29,17,0,7,0,1,0,0,0,0,0,0,0,0,0,0,0,0,0,0,,,,,
Adam Humphries,WR,TEN,10,KC,0,0,0,0,0,0,0,0,1,23,1,1,0,0,0,0,0,0,0,0,0,0,,,,,
Adam Vinatieri,K,IND,10,MIA,0,0,0,0,0,0,0,0,0,0,0,0,0,0,0,0,1,1,0,0,0,0,,,,,
Albert Wilson,WR,MIA,10,IND,0,0,0,0,0,0,0,0,1,0,0,3,0,0,0,0,0,0,0,0,0,0,,,,,
Aldrick Rosas,K,NYG,10,NYJ,0,0,0,0,0,0,0,0,0,0,0,0,0,0,0,0,0,0,0,0,0,1,,,,,
Alex Erickson,WR,CIN,10,BAL,0,0,0,0,0,13,0,1,0,0,0,2,0,0,0,0,0,0,0,0,0,0,,,,,
Alexander Mattison,RB,MIN,10,DAL,0,0,0,0,0,52,0,8,1,2,0,1,0,0,0,0,0,0,0,0,0,0,,,,,
Allen Hurns,WR,MIA,10,IND,0,0,0,0,0,0,0,0,2,32,0,4,0,0,0,0,0,0,0,0,0,0,,,,,
Allen Lazard,WR,GB,10,CAR,0,0,0,0,0,0,0,0,3,27,0,6,0,0,0,0,0,0,0,0,0,0,,,,,
Allen Robinson,WR,CHI,10,DET,0,0,0,0,0,0,0,0,6,86,0,9,0,0,0,0,0,0,0,0,0,0,,,,,
Alvin Kamara,RB,NO,10,ATL,0,0,0,0,0,24,0,4,8,50,0,10,0,0,0,0,0,0,0,0,0,0,,,,,
Amari Cooper,WR,DAL,10,MIN,0,0,0,0,0,0,0,0,11,147,1,14,0,0,0,0,0,0,0,0,0,0,,,,,
Ameer Abdullah,RB,MIN,10,DAL,0,0,0,0,0,0,0,0,0,0,0,0,0,0,0,0,0,0,0,0,0,0,,,,,
Andre Patton,WR,LAC,10,LV,0,0,0,0,0,0,0,0,0,0,0,4,0,0,0,0,0,0,0,0,0,0,,,,,
Andre Roberts,WR,BUF,10,CLE,0,0,0,0,0,0,0,0,1,7,0,3,0,0,0,0,0,0,0,0,0,0,,,,,
Andy Isabella,WR,ARI,10,TB,0,0,0,0,0,0,0,0,3,78,0,3,0,0,0,0,0,0,0,0,0,0,,,,,
Anthony Firkser,TE,TEN,10,KC,0,0,0,0,0,0,0,0,3,36,1,4,0,0,0,0,0,0,0,0,0,0,,,,,
Anthony Miller,WR,CHI,10,DET,0,0,0,0,0,0,0,0,1,7,0,2,0,0,0,0,0,0,0,0,0,0,,,,,
Ashton Dulin,WR,IND,10,MIA,0,0,0,0,0,0,0,0,0,0,0,0,0,0,0,0,0,0,0,0,0,0,,,,,
Auden Tate,WR,CIN,10,BAL,0,0,0,0,0,0,0,0,3,36,0,6,0,0,0,0,0,0,0,0,0,0,,,,,
Austin Ekeler,RB,LAC,10,LV,0,0,0,0,0,19,0,6,2,29,1,2,0,0,0,0,0,0,0,0,0,0,,,,,
Austin Hooper,TE,ATL,10,NO,0,0,0,0,0,0,0,0,4,17,1,5,0,0,0,0,0,0,0,0,0,0,,,,,
Austin Seibert,K,CLE,10,BUF,0,0,0,0,0,0,0,0,0,0,0,0,0,0,0,0,1,0,1,0,0,1,,,,,
BAL,DEF,BAL,10,CIN,,,,,,,,,,,,,,,,,,,,,,,1,0,0,0,13.0
BUF,DEF,BUF,10,CLE,,,,,,,,,,,,,,,,,,,,,,,0,1,0,0,19.0
Baker Mayfield,QB,CLE,10,BUF,238,2,38,26,0,1,0,2,0,0,0,0,0,0,0,0,0,0,0,0,0,0,,,,,
Ben Braunecker,TE,CHI,10,DET,0,0,0,0,0,0,0,0,1,18,1,1,0,0,0,0,0,0,0,0,0,0,,,,,
Bennie Fowler,WR,NYG,10,NYJ,0,0,0,0,0,0,0,0,2,16,0,3,0,0,1,0,0,0,0,0,0,0,,,,,
Bilal Powell,RB,NYJ,10,NYG,0,0,0,0,0,15,0,7,0,0,0,0,0,0,0,0,0,0,0,0,0,0,,,,,
Bisi Johnson,WR,MIN,10,DAL,0,0,0,0,0,0,0,0,2,25,0,4,0,0,0,0,0,0,0,0,0,0,,,,,
Blake Bell,TE,KC,10,TEN,0,0,0,0,0,0,0,0,0,0,0,0,0,0,0,0,0,0,0,0,0,0,,,,,
Blake Bortles,QB,LA,10,PIT,0,0,0,0,0,1,0,1,0,0,0,0,0,0,0,0,0,0,0,0,0,0,,,,,
Blake Jarwin,TE,DAL,10,MIN,0,0,0,0,0,0,0,0,3,35,0,4,0,0,0,0,0,0,0,0,0,0,,,,,
Braxton Berrios,WR,NYJ,10,NYG,0,0,0,0,0,0,0,0,0,0,0,0,0,0,0,0,0,0,0,0,0,0,,,,,
Breshad Perriman,WR,TB,10,ARI,0,0,0,0,0,0,0,0,2,17,0,4,0,0,0,0,0,0,0,0,0,0,,,,,
Brett Maher,K,DAL,10,MIN,0,0,0,0,0,0,0,0,0,0,0,0,0,0,0,0,1,0,0,0,0,3,,,,,
Brian Hill,RB,ATL,10,NO,0,0,0,0,0,61,0,20,1,10,1,2,0,0,0,0,0,0,0,0,0,0,,,,,
Brian Hoyer,QB,IND,10,MIA,204,1,39,18,3,0,0,2,0,0,0,0,0,0,0,0,0,0,0,0,0,0,,,,,
Byron Pringle,WR,KC,10,TEN,0,0,0,0,0,0,0,0,0,0,0,0,0,0,0,0,0,0,0,0,0,0,,,,,
C.J. Uzomah,TE,CIN,10,BAL,0,0,0,0,0,0,0,0,0,0,0,0,0,0,0,0,0,0,0,0,0,0,,,,,
CAR,DEF,CAR,10,GB,,,,,,,,,,,,,,,,,,,,,,,0,0,0,0,24.0
CHI,DEF,CHI,10,DET,,,,,,,,,,,,,,,,,,,,,,,0,0,0,0,13.0
CIN,DEF,CIN,10,BAL,,,,,,,,,,,,,,,,,,,,,,,0,0,0,0,49.0
CLE,DEF,CLE,10,BUF,,,,,,,,,,,,,,,,,,,,,,,0,0,0,0,16.0
Calvin Ridley,WR,ATL,10,NO,0,0,0,0,0,19,0,1,3,28,0,5,0,0,0,0,0,0,0,0,0,0,,,,,
Charles Clay,TE,ARI,10,TB,0,0,0,0,0,0,0,0,1,5,0,1,0,0,0,0,0,0,0,0,0,0,,,,,
Chase McLaughlin,K,SF,10,SEA,0,0,0,0,0,0,0,0,0,0,0,0,0,0,0,0,0,1,2,0,0,1,,,,,
Chester Rogers,WR,IND,10,MIA,0,0,0,0,0,0,0,0,2,31,0,4,0,0,0,0,0,0,0,0,0,0,,,,,
Chris Boswell,K,PIT,10,LA,0,0,0,0,0,0,0,0,0,0,0,0,0,0,0,0,0,1,0,0,0,2,,,,,
Chris Carson,RB,SEA,10,SF,0,0,0,0,0,89,1,25,3,12,0,4,0,0,0,0,0,0,0,0,0,0,,,,,
Chris Godwin Jr.,WR,TB,10,ARI,0,0,0,0,0,0,0,0,6,74,0,12,0,0,0,0,0,0,0,0,0,0,,,,,
Chris Herndon,TE,NYJ,10,NYG,0,0,0,0,0,0,0,0,1,7,0,2,0,0,0,0,0,0,0,0,0,0,,,,,
Christian Blake,WR,ATL,10,NO,0,0,0,0,0,0,0,0,2,15,0,2,0,0,0,0,0,0,0,0,0,0,,,,,
Christian Kirk,WR,ARI,10,TB,0,0,0,0,0,0,0,0,6,138,3,10,0,0,0,0,0,0,0,0,0,0,,,,,
Christian McCaffrey,RB,CAR,10,GB,0,0,0,0,0,108,1,20,6,33,0,7,0,0,0,0,0,0,0,0,0,0,,,,,
Clive Walford,TE,MIA,10,IND,0,0,0,0,0,0,0,0,1,8,0,1,0,0,0,0,0,0,0,0,0,0,,,,,
Cody Core,WR,NYG,10,NYJ,0,0,0,0,0,0,0,0,0,0,0,0,0,0,0,0,0,0,0,0,0,0,,,,,
Cody Latimer,WR,NYG,10,NYJ,0,0,0,0,0,0,0,0,0,0,0,1,0,0,0,0,0,0,0,0,0,0,,,,,
Cole Beasley,WR,BUF,10,CLE,0,0,0,0,0,0,0,0,4,74,0,6,0,0,0,0,0,0,0,0,0,0,,,,,
Cooper Kupp,WR,LA,10,PIT,0,0,0,0,0,0,0,0,0,0,0,4,0,0,0,0,0,0,0,0,0,0,,,,,
Cordarrelle Patterson,RB,CHI,10,DET,0,0,0,0,0,0,0,0,0,0,0,0,0,0,0,0,0,0,0,0,0,0,,,,,
Curtis Samuel,WR,CAR,10,GB,0,0,0,0,0,0,0,0,4,35,1,8,0,0,0,0,0,0,0,0,0,0,,,,,
D'Ernest Johnson,RB,CLE,10,BUF,0,0,0,0,0,0,0,0,0,0,0,0,0,0,0,0,0,0,0,0,0,0,,,,,
DAL,DEF,DAL,10,MIN,,,,,,,,,,,,,,,,,,,,,,,0,0,0,0,28.0
DET,DEF,DET,10,CHI,,,,,,,,,,,,,,,,,,,,,,,0,0,0,0,20.0
DJ Moore,WR,CAR,10,GB,0,0,0,0,0,0,0,0,9,120,0,11,0,0,0,0,0,0,0,0,0,0,,,,,
DK Metcalf,WR,SEA,10,SF,0,0,0,0,0,0,0,0,6,70,0,10,0,0,0,0,0,0,0,0,0,0,,,,,
Dak Prescott,QB,DAL,10,MIN,397,3,46,28,1,0,0,0,0,0,0,0,0,0,0,0,0,0,0,0,0,0,,,,,
Dalvin Cook,RB,MIN,10,DAL,0,0,0,0,0,97,1,26,7,86,0,7,0,0,0,0,0,0,0,0,0,0,,,,,
Damien Williams,RB,KC,10,TEN,0,0,0,0,0,77,0,19,5,32,0,5,0,0,0,0,0,0,0,0,0,0,,,,,
Dan Bailey,K,MIN,10,DAL,0,0,0,0,0,0,0,0,0,0,0,0,0,0,0,0,2,0,0,0,0,2,,,,,
Daniel Carlson,K,LV,10,LAC,0,0,0,0,0,0,0,0,0,0,0,0,0,0,0,0,1,0,1,0,0,2,,,,,
Daniel Jones,QB,NYG,10,NYJ,308,4,40,26,0,20,0,3,0,0,0,0,0,0,1,0,0,0,0,0,0,0,,,,,
Danny Amendola,WR,DET,10,CHI,0,0,0,0,0,0,0,0,4,29,0,9,0,0,0,0,0,0,0,0,0,0,,,,,
Danny Vitale,RB,GB,10,CAR,0,0,0,0,0,0,0,0,0,0,0,1,0,0,0,0,0,0,0,0,0,0,,,,,
Dante Pettis,WR,SF,10,SEA,0,0,0,0,0,0,0,0,0,0,0,3,0,0,0,0,0,0,0,0,0,0,,,,,
Dare Ogunbowale,RB,TB,10,ARI,0,0,0,0,0,0,0,0,3,24,0,3,0,0,0,0,0,0,0,0,0,0,,,,,
Darius Slayton,WR,NYG,10,NYJ,0,0,0,0,0,0,0,0,10,121,2,15,0,0,0,0,0,0,0,0,0,0,,,,,
Darrel Williams,RB,KC,10,TEN,0,0,0,0,0,6,0,2,1,9,0,1,0,0,0,0,0,0,0,0,0,0,,,,,
Darrell Daniels,TE,ARI,10,TB,0,0,0,0,0,0,0,0,0,0,0,0,0,0,0,0,0,0,0,0,0,0,,,,,
Darrell Henderson,RB,LA,10,PIT,0,0,0,0,0,4,0,4,0,0,0,0,0,0,0,0,0,0,0,0,0,0,,,,,
Darren Waller,TE,LV,10,LAC,0,0,0,0,0,0,0,0,3,40,0,5,0,0,0,0,0,0,0,0,0,0,,,,,
Darwin Thompson,RB,KC,10,TEN,0,0,0,0,0,-1,0,1,1,8,0,1,0,0,0,0,0,0,0,0,0,0,,,,,
Davante Adams,WR,GB,10,CAR,0,0,0,0,0,0,0,0,7,118,0,10,0,0,0,0,0,0,0,0,0,0,,,,,
David Johnson,RB,ARI,10,TB,0,0,0,0,0,2,0,5,1,8,0,1,0,0,0,0,0,0,0,0,0,0,,,,,
David Montgomery,RB,CHI,10,DET,0,0,0,0,0,60,0,17,0,0,0,0,0,0,0,0,0,0,0,0,0,0,,,,,
David Moore,WR,SEA,10,SF,0,0,0,0,0,0,0,0,0,0,0,1,0,0,0,0,0,0,0,0,0,0,,,,,
Dawson Knox,TE,BUF,10,CLE,0,0,0,0,0,0,0,0,4,55,0,6,0,0,0,0,0,0,0,0,0,0,,,,,
De'Anthony Thomas,WR,BAL,10,CIN,0,0,0,0,0,0,0,0,0,0,0,0,0,0,0,0,0,0,0,0,0,0,,,,,
DeAndre Washington,RB,LV,10,LAC,0,0,0,0,0,0,0,1,2,19,0,2,0,0,0,0,0,0,0,0,0,0,,,,,
DeAndrew White,WR,CAR,10,GB,0,0,0,0,0,0,0,0,0,0,0,0,0,0,0,0,0,0,0,0,0,0,,,,,
DeVante Parker,WR,MIA,10,IND,0,0,0,0,0,0,0,0,5,69,0,10,0,0,0,0,0,0,0,0,0,0,,,,,
Deebo Samuel Sr.,WR,SF,10,SEA,0,0,0,0,0,0,0,0,8,112,0,11,0,0,0,0,0,0,0,0,0,0,,,,,
Demarcus Robinson,WR,KC,10,TEN,0,0,0,0,0,0,0,0,4,56,0,5,0,0,0,0,0,0,0,0,0,0,,,,,
Demaryius Thomas,WR,NYJ,10,NYG,0,0,0,0,0,0,0,0,6,84,0,9,0,0,0,0,0,0,0,0,0,0,,,,,
Demetrius Harris,TE,CLE,10,BUF,0,0,0,0,0,0,0,0,2,28,0,2,0,0,0,0,0,0,0,0,0,0,,,,,
Deon Yelder,TE,KC,10,TEN,0,0,0,0,0,0,0,0,1,7,0,1,0,0,0,0,0,0,0,0,0,0,,,,,
Deonte Harty,WR,NO,10,ATL,0,0,0,0,0,0,0,0,0,0,0,0,0,0,0,0,0,0,0,0,0,0,,,,,
Derek Carr,QB,LV,10,LAC,218,1,31,21,0,4,0,1,0,0,0,0,0,0,0,0,0,0,0,0,0,0,,,,,
Derrick Henry,RB,TEN,10,KC,0,0,0,0,0,188,2,23,2,3,0,2,0,0,0,0,0,0,0,0,0,0,,,,,
Devin Singletary,RB,BUF,10,CLE,0,0,0,0,0,42,0,8,3,8,0,6,0,0,0,0,0,0,0,0,0,0,,,,,
Devonta Freeman,RB,ATL,10,NO,0,0,0,0,0,38,0,10,3,10,0,4,0,0,0,0,0,0,0,0,0,0,,,,,
Diontae Johnson,WR,PIT,10,LA,0,0,0,0,0,0,0,0,4,64,0,6,0,0,0,0,0,0,0,0,0,0,,,,,
Dontrell Hilliard,RB,CLE,10,BUF,0,0,0,0,0,0,0,0,0,0,0,0,0,0,0,0,0,0,0,0,0,0,,,,,
Drew Brees,QB,NO,10,ATL,287,0,45,32,0,0,0,0,0,0,0,0,0,0,0,0,0,0,0,0,0,0,,,,,
Drew Sample,TE,CIN,10,BAL,0,0,0,0,0,0,0,0,1,3,0,1,0,0,0,0,0,0,0,0,0,0,,,,,
Durham Smythe,TE,MIA,10,IND,0,0,0,0,0,0,0,0,0,0,0,0,0,0,0,0,0,0,0,0,0,0,,,,,
Eddy Pineiro,K,CHI,10,DET,0,0,0,0,0,0,0,0,0,0,0,0,0,0,0,0,0,0,0,0,0,2,,,,,
Emmanuel Sanders,WR,SF,10,SEA,0,0,0,0,0,0,0,0,2,24,0,4,0,0,0,0,0,0,0,0,0,0,,,,,
Eric Ebron,TE,IND,10,MIA,0,0,0,0,0,0,0,0,5,56,0,12,0,0,0,0,0,0,0,0,0,0,,,,,
Ezekiel Elliott,RB,DAL,10,MIN,0,0,0,0,0,47,0,20,2,16,0,3,0,0,0,0,0,0,0,0,0,0,,,,,
Frank Gore,RB,BUF,10,CLE,0,0,0,0,0,12,0,5,1,4,0,1,0,0,0,0,0,0,0,0,0,0,,,,,
GB,DEF,GB,10,CAR,,,,,,,,,,,,,,,,,,,,,,,0,0,0,0,16.0
Garrett Celek,TE,SF,10,SEA,0,0,0,0,0,0,0,0,0,0,0,0,0,0,0,0,0,0,0,0,0,0,,,,,
Gerald Everett,TE,LA,10,PIT,0,0,0,0,0,0,0,0,8,68,0,12,0,0,0,0,0,0,0,0,0,0,,,,,
Geronimo Allison,WR,GB,10,CAR,0,0,0,0,0,0,0,0,3,6,0,3,0,0,0,0,0,0,0,0,0,0,,,,,
Giovani Bernard,RB,CIN,10,BAL,0,0,0,0,0,8,0,4,1,0,0,1,0,0,0,0,0,0,0,0,0,0,,,,,
Golden Tate,WR,NYG,10,NYJ,0,0,0,0,0,0,0,0,4,95,2,8,0,0,0,0,0,0,0,0,0,0,,,,,
Greg Olsen,TE,CAR,10,GB,0,0,0,0,0,0,0,0,8,98,0,10,0,0,0,0,0,0,0,0,0,0,,,,,
Greg Zuerlein,K,LA,10,PIT,0,0,0,0,0,0,0,0,0,0,0,0,0,0,0,0,0,1,0,0,0,1,,,,,
Gus Edwards,RB,BAL,10,CIN,0,0,0,0,0,17,0,4,0,0,0,0,0,0,0,0,0,0,0,0,0,0,,,,,
Harrison Butker,K,KC,10,TEN,0,0,0,0,0,0,0,0,0,0,0,0,0,0,0,0,0,2,2,0,0,2,,,,,
Hayden Hurst,TE,BAL,10,CIN,0,0,0,0,0,0,0,0,2,20,0,2,0,0,0,0,0,0,0,0,0,0,,,,,
Hunter Henry,TE,LAC,10,LV,0,0,0,0,0,0,0,0,4,30,1,7,0,0,0,0,0,0,0,0,0,0,,,,,
Hunter Renfrow,WR,LV,10,LAC,0,0,0,0,0,0,0,0,4,42,0,5,0,0,0,0,0,0,0,0,0,0,,,,,
IND,DEF,IND,10,MIA,,,,,,,,,,,,,,,,,,,,,,,0,0,0,0,16.0
Irv Smith,TE,MIN,10,DAL,0,0,0,0,0,0,0,0,5,34,0,6,0,0,0,0,0,0,0,0,0,0,,,,,
Isaiah McKenzie,WR,BUF,10,CLE,0,0,0,0,0,0,0,0,2,19,0,4,0,0,0,0,0,0,0,0,0,0,,,,,
J.D. McKissic,RB,DET,10,CHI,0,0,0,0,0,36,0,10,6,19,0,7,0,0,0,0,0,0,0,0,0,0,,,,,
Jace Sternberger,TE,GB,10,CAR,0,0,0,0,0,0,0,0,0,0,0,0,0,0,0,0,0,0,0,0,0,0,,,,,
Jack Doyle,TE,IND,10,MIA,0,0,0,0,0,0,0,0,3,44,1,4,0,0,0,0,0,0,0,0,0,0,,,,,
Jacob Hollister,TE,SEA,10,SF,0,0,0,0,0,0,0,0,8,62,1,10,0,0,0,0,0,0,0,0,0,0,,,,,
Jaeden Graham,TE,ATL,10,NO,0,0,0,0,0,0,0,0,0,0,0,0,0,0,0,0,0,0,0,0,0,0,,,,,
Jake Kumerow,WR,GB,10,CAR,0,0,0,0,0,0,0,0,2,23,0,2,0,0,0,0,0,0,0,0,0,0,,,,,
Jakeem Grant,WR,MIA,10,IND,0,0,0,0,0,0,0,0,2,15,0,2,0,0,0,0,0,0,0,0,0,0,,,,,
Jalen Richard,RB,LV,10,LAC,0,0,0,0,0,0,0,2,4,43,0,4,0,0,0,0,0,0,0,0,0,0,,,,,
Jamaal Williams,RB,GB,10,CAR,0,0,0,0,0,63,0,13,0,0,0,1,0,0,0,0,0,0,0,0,0,0,,,,,
Jamal Agnew,WR,DET,10,CHI,0,0,0,0,0,0,0,0,0,0,0,0,0,0,0,0,0,0,0,0,0,0,,,,,
Jameis Winston,QB,TB,10,ARI,358,1,48,30,2,40,0,3,0,0,0,0,0,0,0,0,0,0,0,0,0,0,,,,,
James Washington,WR,PIT,10,LA,0,0,0,0,0,0,0,0,6,90,1,7,0,0,0,0,0,0,0,0,0,0,,,,,
Jamison Crowder,WR,NYJ,10,NYG,0,0,0,0,0,0,0,0,5,81,1,6,0,0,0,0,0,0,0,0,0,0,,,,,
Jared Cook,TE,NO,10,ATL,0,0,0,0,0,0,0,0,6,74,0,10,0,0,0,0,0,0,0,0,0,0,,,,,
Jared Goff,QB,LA,10,PIT,243,0,41,22,2,0,0,1,0,0,0,0,0,0,0,0,0,0,0,0,0,0,,,,,
Jarius Wright,WR,CAR,10,GB,0,0,0,0,0,0,0,0,1,21,0,2,0,0,0,0,0,0,0,0,0,0,,,,,
Jarvis Landry,WR,CLE,10,BUF,0,0,0,0,0,0,0,0,9,97,1,10,0,0,0,0,0,0,0,0,0,0,,,,,
Jason Moore,WR,LAC,10,LV,0,0,0,0,0,0,0,0,0,0,0,1,0,0,0,0,0,0,0,0,0,0,,,,,
Jason Myers,K,SEA,10,SF,0,0,0,0,0,0,0,0,0,0,0,0,0,0,0,0,0,0,2,0,0,3,,,,,
Jason Sanders,K,MIA,10,IND,0,0,0,0,0,0,0,0,0,0,0,0,0,0,0,0,0,0,3,0,0,1,,,,,
Jason Witten,TE,DAL,10,MIN,0,0,0,0,0,0,0,0,2,17,0,5,0,0,0,0,0,0,0,0,0,0,,,,,
Jaylen Samuels,RB,PIT,10,LA,0,0,0,0,0,29,0,14,3,11,0,7,0,0,0,0,0,0,0,0,0,0,,,,,
Jeff Driskel,QB,DET,10,CHI,269,1,46,27,1,37,0,5,1,6,0,1,0,0,0,0,0,0,0,0,0,0,,,,,
Jesse James,TE,DET,10,CHI,0,0,0,0,0,0,0,0,0,0,0,1,0,0,0,0,0,0,0,0,0,0,,,,,
Jimmy Garoppolo,QB,SF,10,SEA,248,1,46,24,1,1,0,2,0,0,0,0,0,0,1,0,0,0,0,0,0,0,,,,,
Jimmy Graham,TE,GB,10,CAR,0,0,0,0,0,0,0,0,2,59,0,3,0,0,0,0,0,0,0,0,0,0,,,,,
JoJo Natson,WR,LA,10,PIT,0,0,0,0,0,0,0,0,0,0,0,0,0,0,0,0,0,0,0,0,0,0,,,,,
Joe Mixon,RB,CIN,10,BAL,0,0,0,0,0,114,0,30,2,37,0,3,0,0,0,0,0,0,0,0,0,0,,,,,
Joey Slye,K,CAR,10,GB,0,0,0,0,0,0,0,0,0,0,0,0,0,0,0,0,0,0,0,1,0,1,,,,,
John Brown,WR,BUF,10,CLE,0,0,0,0,0,0,0,0,5,77,0,11,0,0,0,0,0,0,0,0,0,0,,,,,
Johnny Holton,WR,PIT,10,LA,0,0,0,0,0,0,0,0,0,0,0,0,0,0,0,0,0,0,0,0,0,0,,,,,
Johnny Mundt,TE,LA,10,PIT,0,0,0,0,0,0,0,0,1,9,0,1,0,0,0,0,0,0,0,0,0,0,,,,,
Jonathan Williams,RB,IND,10,MIA,0,0,0,0,0,1,0,2,0,0,0,0,0,0,0,0,0,0,0,0,0,0,,,,,
Jonnu Smith,TE,TEN,10,KC,0,0,0,0,0,0,0,0,4,30,0,6,0,0,0,0,0,0,0,0,0,0,,,,,
Jordan Wilkins,RB,IND,10,MIA,0,0,0,0,0,20,0,3,0,0,0,0,0,0,0,0,0,0,0,0,0,0,,,,,
Josh Allen,QB,BUF,10,CLE,266,0,41,22,0,28,2,6,0,0,0,0,0,0,0,0,0,0,0,0,0,0,,,,,
Josh Gordon,WR,SEA,10,SF,0,0,0,0,0,0,0,0,2,27,0,2,0,0,0,0,0,0,0,0,0,0,,,,,
Josh Jacobs,RB,LV,10,LAC,0,0,0,0,0,71,1,16,3,30,0,5,0,0,0,0,0,0,0,0,0,0,,,,,
Josh Reynolds,WR,LA,10,PIT,0,0,0,0,0,0,0,0,3,49,0,5,0,0,0,0,0,0,0,0,0,0,,,,,
JuJu Smith-Schuster,WR,PIT,10,LA,0,0,0,0,0,0,0,0,3,44,0,5,0,0,0,0,0,0,0,0,0,0,,,,,
Julio Jones,WR,ATL,10,NO,0,0,0,0,0,0,0,0,3,79,0,9,0,0,0,0,0,0,0,0,0,0,,,,,
Justice Hill,RB,BAL,10,CIN,0,0,0,0,0,11,0,3,0,0,0,0,0,0,0,0,0,0,0,0,0,0,,,,,
Justin Tucker,K,BAL,10,CIN,0,0,0,0,0,0,0,0,0,0,0,0,0,0,0,0,0,0,0,0,0,7,,,,,
Justin Watson,WR,TB,10,ARI,0,0,0,0,0,0,0,0,0,0,0,0,0,0,0,0,0,0,0,0,0,0,,,,,
KC,DEF,KC,10,TEN,,,,,,,,,,,,,,,,,,,,,,,0,0,0,0,35.0
Kaden Smith,TE,NYG,10,NYJ,0,0,0,0,0,0,0,0,1,1,0,1,0,0,0,0,0,0,0,0,0,0,,,,,
Kalen Ballage,RB,MIA,10,IND,0,0,0,0,0,43,0,20,4,2,0,4,0,0,0,0,0,0,0,0,0,0,,,,,
Kalif Raymond,WR,TEN,10,KC,0,0,0,0,0,0,0,0,1,52,0,1,0,0,0,0,0,0,0,0,0,0,,,,,
Kareem Hunt,RB,CLE,10,BUF,0,0,0,0,0,30,0,4,7,44,0,9,0,0,0,0,0,0,0,0,0,0,,,,,
KeeSean Johnson,WR,ARI,10,TB,0,0,0,0,0,0,0,0,0,0,0,4,0,0,0,0,0,0,0,0,0,0,,,,,
Keenan Allen,WR,LAC,10,LV,0,0,0,0,0,18,0,1,8,68,0,11,0,0,0,0,0,0,0,0,0,0,,,,,
Kendrick Bourne,WR,SF,10,SEA,0,0,0,0,0,0,0,0,4,42,1,8,0,0,1,0,0,0,0,0,0,0,,,,,
Kenjon Barner,RB,ATL,10,NO,0,0,0,0,0,12,0,1,0,0,0,0,0,0,0,0,0,0,0,0,0,0,,,,,
Kenny Golladay,WR,DET,10,CHI,0,0,0,0,0,0,0,0,3,57,1,9,0,0,0,0,0,0,0,0,0,0,,,,,
Kenyan Drake,RB,ARI,10,TB,0,0,0,0,0,35,0,10,6,6,0,7,0,0,0,0,0,0,0,0,0,0,,,,,
Kirk Cousins,QB,MIN,10,DAL,220,2,32,23,0,5,0,1,0,0,0,0,0,0,1,0,0,0,0,0,0,0,,,,,
Kyle Allen,QB,CAR,10,GB,307,1,43,28,1,12,0,3,0,0,0,0,0,0,0,0,0,0,0,0,0,0,,,,,
Kyle Juszczyk,RB,SF,10,SEA,0,0,0,0,0,0,0,0,0,0,0,1,0,0,0,0,0,0,0,0,0,0,,,,,
Kyle Rudolph,TE,MIN,10,DAL,0,0,0,0,0,0,0,0,4,14,2,5,0,0,1,0,0,0,0,0,0,0,,,,,
Kyler Murray,QB,ARI,10,TB,324,3,44,27,1,38,0,3,0,0,0,0,0,0,0,0,0,0,0,0,0,0,,,,,
LA,DEF,LA,10,PIT,,,,,,,,,,,,,,,,,,,,,,,0,1,0,0,17.0
LAC,DEF,LAC,10,LV,,,,,,,,,,,,,,,,,,,,,,,0,0,0,0,26.0
LV,DEF,LV,10,LAC,,,,,,,,,,,,,,,,,,,,,,,1,0,0,0,0.0
Lamar Jackson,QB,BAL,10,CIN,223,3,17,15,0,65,1,7,0,0,0,0,0,0,0,0,0,0,0,0,0,0,,,,,
Lance Kendricks,TE,LAC,10,LV,0,0,0,0,0,0,0,0,0,0,0,1,0,0,0,0,0,0,0,0,0,0,,,,,
Laquon Treadwell,WR,MIN,10,DAL,0,0,0,0,0,0,0,0,1,10,0,1,0,0,0,0,0,0,0,0,0,0,,,,,
Larry Fitzgerald,WR,ARI,10,TB,0,0,0,0,0,0,0,0,8,71,0,8,0,0,0,0,0,0,0,0,0,0,,,,,
Latavius Murray,RB,NO,10,ATL,0,0,0,0,0,12,0,5,2,7,0,2,0,0,0,0,0,0,0,0,0,0,,,,,
Le'Veon Bell,RB,NYJ,10,NYG,0,0,0,0,0,34,1,18,4,34,0,4,0,0,0,0,0,0,0,0,0,0,,,,,
Lee Smith,TE,BUF,10,CLE,0,0,0,0,0,0,0,0,0,0,0,0,0,0,0,0,0,0,0,0,0,0,,,,,
Logan Thomas,TE,DET,10,CHI,0,0,0,0,0,0,0,0,2,19,0,2,0,0,0,0,0,0,0,0,0,0,,,,,
MIA,DEF,MIA,10,IND,,,,,,,,,,,,,,,,,,,,,,,0,0,0,0,12.0
MIN,DEF,MIN,10,DAL,,,,,,,,,,,,,,,,,,,,,,,0,0,0,0,24.0
Malcolm Brown,RB,LA,10,PIT,0,0,0,0,0,10,0,5,0,0,0,0,0,0,0,0,0,0,0,0,0,0,,,,,
Malik Turner,WR,SEA,10,SF,0,0,0,0,0,0,0,0,2,35,0,2,0,0,0,0,0,0,0,0,0,0,,,,,
Marcus Johnson,WR,IND,10,MIA,0,0,0,0,0,0,0,0,1,9,0,3,0,0,0,0,0,0,0,0,0,0,,,,,
Mark Andrews,TE,BAL,10,CIN,0,0,0,0,0,0,0,0,6,53,2,8,0,0,0,0,0,0,0,0,0,0,,,,,
Mark Ingram,RB,BAL,10,CIN,0,0,0,0,0,34,1,9,0,0,0,0,0,0,0,0,0,0,0,0,0,0,,,,,
Marlon Mack,RB,IND,10,MIA,0,0,0,0,0,74,0,19,1,8,0,1,0,0,0,0,0,0,0,0,0,0,,,,,
Marquez Valdes-Scantling,WR,GB,10,CAR,0,0,0,0,0,0,0,0,0,0,0,1,0,0,0,0,0,0,0,0,0,0,,,,,
Marquise Brown,WR,BAL,10,CIN,0,0,0,0,0,0,0,0,4,80,1,4,0,0,0,0,0,0,0,0,0,0,,,,,
Marquise Goodwin,WR,SF,10,SEA,0,0,0,0,0,0,0,0,0,0,0,3,0,0,0,0,0,0,0,0,0,0,,,,,
Marvin Jones,WR,DET,10,CHI,0,0,0,0,0,0,0,0,5,77,0,5,0,0,0,0,0,0,0,0,0,0,,,,,
Mason Crosby,K,GB,10,CAR,0,0,0,0,0,0,0,0,0,0,0,0,0,0,0,0,0,0,1,0,0,3,,,,,
Mason Rudolph,QB,PIT,10,LA,242,1,38,22,0,-1,0,2,0,0,0,0,0,0,0,0,0,0,0,0,0,0,,,,,
Matt Breida,RB,SF,10,SEA,0,0,0,0,0,18,0,10,2,7,0,2,0,0,0,0,0,0,0,0,0,0,,,,,
Matt Gay,K,TB,10,ARI,0,0,0,0,0,0,0,0,0,0,0,0,0,0,0,0,0,1,2,0,0,3,,,,,
Matt Prater,K,DET,10,CHI,0,0,0,0,0,0,0,0,0,0,0,0,0,0,0,0,1,0,0,1,0,1,,,,,
Matt Ryan,QB,ATL,10,NO,182,2,35,20,1,13,0,2,0,0,0,0,0,0,0,0,0,0,0,0,0,0,,,,,
Maxx Williams,TE,ARI,10,TB,0,0,0,0,0,0,0,0,1,15,0,2,0,0,0,0,0,0,0,0,0,0,,,,,
Mecole Hardman,WR,KC,10,TEN,0,0,0,0,0,0,0,0,1,63,1,1,0,0,0,0,0,0,0,0,0,0,,,,,
Melvin Gordon,RB,LAC,10,LV,0,0,0,0,0,108,1,22,1,25,0,1,0,0,0,0,0,0,0,0,0,0,,,,,
Michael Gallup,WR,DAL,10,MIN,0,0,0,0,0,0,0,0,4,76,1,10,0,0,0,0,0,0,0,0,0,0,,,,,
Michael Thomas,WR,NO,10,ATL,0,0,0,0,0,0,0,0,13,152,0,14,0,0,0,0,0,0,0,0,0,0,,,,,
Mike Badgley,K,LAC,10,LV,0,0,0,0,0,0,0,0,0,0,0,0,0,0,0,0,1,0,0,0,0,3,,,,,
Mike Boone,RB,MIN,10,DAL,0,0,0,0,0,0,0,0,0,0,0,0,0,0,0,0,0,0,0,0,0,0,,,,,
Mike Evans,WR,TB,10,ARI,0,0,0,0,0,0,0,0,4,82,0,6,0,0,0,0,0,0,0,0,0,0,,,,,
Mike Gesicki,TE,MIA,10,IND,0,0,0,0,0,0,0,0,3,28,0,6,0,0,0,0,0,0,0,0,0,0,,,,,
Mike Thomas,WR,LA,10,PIT,0,0,0,0,0,0,0,0,0,0,0,0,0,0,0,0,0,0,0,0,0,0,,,,,
Mike Williams,WR,LAC,10,LV,0,0,0,0,0,0,0,0,2,55,0,3,0,0,0,0,0,0,0,0,0,0,,,,,
Mitchell Trubisky,QB,CHI,10,DET,173,3,23,16,0,8,0,3,0,0,0,0,0,0,0,0,0,0,0,0,0,0,,,,,
Mo Alie-Cox,TE,IND,10,MIA,0,0,0,0,0,0,0,0,0,0,0,1,0,0,0,0,0,0,0,0,0,0,,,,,
Myles Gaskin,RB,MIA,10,IND,0,0,0,0,0,0,0,0,1,0,0,1,0,0,0,0,0,0,0,0,0,0,,,,,
NO,DEF,NO,10,ATL,,,,,,,,,,,,,,,,,,,,,,,0,0,0,0,26.0
NYG,DEF,NYG,10,NYJ,,,,,,,,,,,,,,,,,,,,,,,0,0,0,0,34.0
NYJ,DEF,NYJ,10,NYG,,,,,,,,,,,,,,,,,,,,,,,0,0,0,0,27.0
Nick Bawden,RB,DET,10,CHI,0,0,0,0,0,0,0,0,1,3,0,1,0,0,0,0,0,0,0,0,0,0,,,,,
Nick Boyle,TE,BAL,10,CIN,0,0,0,0,0,0,0,0,4,78,0,4,0,0,0,0,0,0,0,0,0,0,,,,,
Nick Chubb,RB,CLE,10,BUF,0,0,0,0,0,116,0,20,2,5,0,4,0,0,0,0,0,0,0,0,0,0,,,,,
Nick Vannett,TE,PIT,10,LA,0,0,0,0,0,0,0,0,1,8,0,1,0,0,0,0,0,0,0,0,0,0,,,,,
Nyheim Hines,RB,IND,10,MIA,0,0,0,0,0,14,0,3,4,30,0,7,0,0,0,0,0,0,0,0,0,0,,,,,
O.J. Howard,TE,TB,10,ARI,0,0,0,0,0,0,0,0,4,47,1,7,0,0,0,0,0,0,0,0,0,0,,,,,
Odell Beckham Jr.,WR,CLE,10,BUF,0,0,0,0,0,0,0,0,5,57,0,12,0,0,0,0,0,0,0,0,0,0,,,,,
Olamide Zaccheaus,WR,ATL,10,NO,0,0,0,0,0,0,0,0,0,0,0,0,0,0,0,0,0,0,0,0,0,0,,,,,
PIT,DEF,PIT,10,LA,,,,,,,,,,,,,,,,,,,,,,,0,0,0,0,12.0
Patrick DiMarco,RB,BUF,10,CLE,0,0,0,0,0,2,0,1,1,2,0,1,0,0,0,0,0,0,0,0,0,0,,,,,
Patrick Laird,RB,MIA,10,IND,0,0,0,0,0,4,0,2,2,15,0,2,0,0,0,0,0,0,0,0,0,0,,,,,
Patrick Mahomes,QB,KC,10,TEN,446,3,50,36,0,0,0,0,0,0,0,0,0,0,0,0,0,0,0,0,0,0,,,,,
Patrick Ricard,RB,BAL,10,CIN,0,0,0,0,0,0,0,0,0,0,0,0,0,0,0,0,0,0,0,0,0,0,,,,,
Paul Perkins,RB,DET,10,CHI,0,0,0,0,0,9,0,7,1,9,0,1,0,0,0,0,0,0,0,0,0,0,,,,,
Peyton Barber,RB,TB,10,ARI,0,0,0,0,0,43,1,11,1,4,0,1,0,0,0,0,0,0,0,0,0,0,,,,,
Pharoh Cooper,WR,ARI,10,TB,0,0,0,0,0,0,0,0,2,29,0,5,0,0,0,0,0,0,0,0,0,0,,,,,
Philip Rivers,QB,LAC,10,LV,207,2,31,17,3,0,0,0,0,0,0,0,0,0,0,0,0,0,0,0,0,0,,,,,
Raheem Mostert,RB,SF,10,SEA,0,0,0,0,0,28,0,6,1,7,0,1,0,0,0,0,0,0,0,0,0,0,,,,,
Randall Cobb,WR,DAL,10,MIN,0,0,1,0,0,0,0,0,6,106,1,8,0,0,0,0,0,0,0,0,0,0,,,,,
Randy Bullock,K,CIN,10,BAL,0,0,0,0,0,0,0,0,0,0,0,0,0,0,0,0,0,1,1,0,0,1,,,,,
Rashaad Penny,RB,SEA,10,SF,0,0,0,0,0,2,0,2,0,0,0,0,0,0,0,0,0,0,0,0,0,0,,,,,
Rashard Higgins,WR,CLE,10,BUF,0,0,0,0,0,0,0,0,1,7,1,1,0,0,0,0,0,0,0,0,0,0,,,,,
Rhett Ellison,TE,NYG,10,NYJ,0,0,0,0,0,0,0,0,3,42,0,3,0,0,0,0,0,0,0,0,0,0,,,,,
Richie James,WR,SF,10,SEA,0,0,0,0,0,0,0,0,0,0,0,0,0,0,0,0,0,0,0,0,0,0,,,,,
Robbie Chosen,WR,NYJ,10,NYG,0,0,0,0,0,0,0,0,1,11,0,3,0,0,0,0,0,0,0,0,0,0,,,,,
Robert Foster,WR,BUF,10,CLE,0,0,0,0,0,0,0,0,1,20,0,1,0,0,0,0,0,0,0,0,0,0,,,,,
Robert Griffin III,QB,BAL,10,CIN,20,0,5,3,1,9,0,0,0,0,0,0,0,0,0,0,0,0,0,0,0,0,,,,,
Robert Woods,WR,LA,10,PIT,0,0,0,0,0,0,0,0,7,95,0,11,0,0,0,0,0,0,0,0,0,0,,,,,
Ronald Jones,RB,TB,10,ARI,0,0,0,0,0,29,1,11,8,77,0,8,0,0,0,0,0,0,0,0,0,0,,,,,
Ross Dwelley,TE,SF,10,SEA,0,0,0,0,0,0,0,0,3,24,0,7,0,0,0,0,0,0,0,0,0,0,,,,,
Russell Gage,WR,ATL,10,NO,0,0,0,0,0,0,0,0,4,23,0,5,0,0,0,0,0,0,0,0,0,0,,,,,
Russell Wilson,QB,SEA,10,SF,232,1,34,24,1,53,0,6,0,0,0,0,0,0,0,0,0,0,0,0,0,0,,,,,
Ryan Finley,QB,CIN,10,BAL,167,1,30,16,1,22,0,5,0,0,0,0,0,0,0,0,0,0,0,0,0,0,,,,,
Ryan Fitzpatrick,QB,MIA,10,IND,169,0,33,21,1,23,1,4,0,0,0,0,0,0,0,0,0,0,0,0,0,0,,,,,
Ryan Griffin,TE,NYJ,10,NYG,0,0,0,0,0,0,0,0,1,-2,0,1,0,0,0,0,0,0,0,0,0,0,,,,,
Ryan Nall,RB,CHI,10,DET,0,0,0,0,0,0,0,0,0,0,0,0,0,0,0,0,0,0,0,0,0,0,,,,,
Ryan Succop,K,TEN,10,KC,0,0,0,0,0,0,0,0,0,0,0,0,0,0,0,0,0,0,0,0,0,3,,,,,
Ryan Switzer,WR,PIT,10,LA,0,0,0,0,0,0,0,0,0,0,0,0,0,0,0,0,0,0,0,0,0,0,,,,,
Ryan Tannehill,QB,TEN,10,KC,181,2,19,13,0,37,0,3,0,0,0,0,0,0,1,0,0,0,0,0,0,0,,,,,
SEA,DEF,SEA,10,SF,,,,,,,,,,,,,,,,,,,,,,,0,0,0,0,24.0
SF,DEF,SF,10,SEA,,,,,,,,,,,,,,,,,,,,,,,0,0,0,0,27.0
Sam Darnold,QB,NYJ,10,NYG,230,1,30,19,0,25,1,3,0,0,0,0,0,0,0,0,0,0,0,0,0,0,,,,,
Sam Ficken,K,NYJ,10,NYG,0,0,0,0,0,0,0,0,0,0,0,0,0,0,0,0,0,1,0,1,0,4,,,,,
Sammy Watkins,WR,KC,10,TEN,0,0,0,0,0,12,0,2,5,39,0,9,0,0,0,0,0,0,0,0,0,0,,,,,
Saquon Barkley,RB,NYG,10,NYJ,0,0,0,0,0,1,0,13,5,30,0,5,0,0,0,0,0,0,0,0,0,0,,,,,
Scott Miller,WR,TB,10,ARI,0,0,0,0,0,0,0,0,2,33,0,3,0,0,0,0,0,0,0,0,0,0,,,,,
Senorise Perry,RB,BUF,10,CLE,0,0,0,0,0,0,0,0,0,0,0,0,0,0,0,0,0,0,0,0,0,0,,,,,
Stanley Morgan,WR,CIN,10,BAL,0,0,0,0,0,0,0,0,1,9,0,4,0,0,0,0,0,0,0,0,0,0,,,,,
Stefon Diggs,WR,MIN,10,DAL,0,0,0,0,0,0,0,0,3,49,0,6,0,0,0,0,0,0,0,0,0,0,,,,,
Steven Hauschka,K,BUF,10,CLE,0,0,0,0,0,0,0,0,0,0,0,0,0,0,0,0,0,0,0,0,0,2,,,,,
T.J. Hockenson,TE,DET,10,CHI,0,0,0,0,0,0,0,0,3,47,0,6,0,0,0,0,0,0,0,0,0,0,,,,,
T.J. Logan,RB,TB,10,ARI,0,0,0,0,0,6,0,1,0,0,0,1,0,0,0,0,0,0,0,0,0,0,,,,,
TB,DEF,TB,10,ARI,,,,,,,,,,,,,,,,,,,,,,,0,0,0,0,27.0
TEN,DEF,TEN,10,KC,,,,,,,,,,,,,,,,,,,,,,,0,0,0,0,32.0
Tajae Sharpe,WR,TEN,10,KC,0,0,0,0,0,0,0,0,1,20,0,1,0,0,0,0,0,0,0,0,0,0,,,,,
Tarik Cohen,RB,CHI,10,DET,0,0,0,0,0,14,0,3,4,23,1,4,0,0,0,0,0,0,0,0,0,0,,,,,
Tavon Austin,WR,DAL,10,MIN,0,0,0,0,0,7,0,1,0,0,0,0,0,0,0,0,0,0,0,0,0,0,,,,,
Taylor Gabriel,WR,CHI,10,DET,0,0,0,0,0,-1,0,1,4,39,1,6,0,0,0,0,0,0,0,0,0,0,,,,,
Taysom Hill,TE,NO,10,ATL,17,0,1,1,0,11,0,1,1,3,0,1,0,0,0,0,0,0,0,0,0,0,,,,,
Ted Ginn,WR,NO,10,ATL,0,0,0,0,0,5,0,1,0,0,0,3,0,0,0,0,0,0,0,0,0,0,,,,,
Tevin Coleman,RB,SF,10,SEA,0,0,0,0,0,40,0,9,4,32,0,4,0,0,0,0,0,0,0,0,0,0,,,,,
Todd Gurley,RB,LA,10,PIT,0,0,0,0,0,73,0,12,0,0,0,4,0,0,0,0,0,0,0,0,0,0,,,,,
Tony Brooks-James,RB,PIT,10,LA,0,0,0,0,0,11,0,6,0,0,0,0,0,0,0,0,0,0,0,0,0,0,,,,,
Tony Pollard,RB,DAL,10,MIN,0,0,0,0,0,-4,0,1,0,0,0,0,0,0,0,0,0,0,0,0,0,0,,,,,
Travis Kelce,TE,KC,10,TEN,0,0,0,0,0,0,0,0,7,75,1,7,0,0,0,0,0,0,0,0,0,0,,,,,
Tre'Quan Smith,WR,NO,10,ATL,0,0,0,0,0,0,0,0,1,13,0,2,0,0,0,0,0,0,0,0,0,0,,,,,
Trent Sherfield,WR,ARI,10,TB,0,0,0,0,0,0,0,0,0,0,0,2,0,0,0,0,0,0,0,0,0,0,,,,,
Trevon Wesco,TE,NYJ,10,NYG,0,0,0,0,0,2,0,1,1,15,0,1,0,0,0,0,0,0,0,0,0,0,,,,,
Trevor Davis,WR,LV,10,LAC,0,0,0,0,0,0,0,0,0,0,0,0,0,0,0,0,0,0,0,0,0,0,,,,,
Trey Burton,TE,CHI,10,DET,0,0,0,0,0,0,0,0,0,0,0,1,0,0,0,0,0,0,0,0,0,0,,,,,
Trey Edmunds,RB,PIT,10,LA,0,0,0,0,0,1,0,4,2,14,0,3,0,0,0,0,0,0,0,0,0,0,,,,,
Troymaine Pope,RB,LAC,10,LV,0,0,0,0,0,0,0,0,0,0,0,0,0,0,0,0,0,0,0,0,0,0,,,,,
Ty Johnson,RB,DET,10,CHI,0,0,0,0,0,16,0,5,1,3,0,1,0,0,0,0,0,0,0,0,0,0,,,,,
Ty Montgomery,WR,NYJ,10,NYG,0,0,0,0,0,0,0,0,0,0,0,0,0,0,0,0,0,0,0,0,0,0,,,,,
Tyler Boyd,WR,CIN,10,BAL,0,0,0,0,0,0,0,0,6,62,0,8,0,0,0,0,0,0,0,0,0,0,,,,,
Tyler Conklin,TE,MIN,10,DAL,0,0,0,0,0,0,0,0,0,0,0,1,0,0,0,0,0,0,0,0,0,0,,,,,
Tyler Eifert,TE,CIN,10,BAL,0,0,0,0,0,0,0,0,2,20,1,4,0,0,0,0,0,0,0,0,0,0,,,,,
Tyler Higbee,TE,LA,10,PIT,0,0,0,0,0,0,0,0,3,22,0,4,0,0,0,0,0,0,0,0,0,0,,,,,
Tyler Lockett,WR,SEA,10,SF,0,0,0,0,0,3,0,1,3,26,0,4,0,0,0,0,0,0,0,0,0,0,,,,,
Tyreek Hill,WR,KC,10,TEN,0,0,0,0,0,3,0,1,11,157,1,19,0,0,0,0,0,0,0,0,0,0,,,,,
Tyrell Williams,WR,LV,10,LAC,0,0,0,0,0,0,0,0,3,25,0,5,0,0,0,0,0,0,0,0,0,0,,,,,
Vance McDonald,TE,PIT,10,LA,0,0,0,0,0,2,0,1,3,11,0,7,0,0,0,0,0,0,0,0,0,0,,,,,
Vyncint Smith,WR,NYJ,10,NYG,0,0,0,0,0,0,0,0,0,0,0,1,0,0,0,0,0,0,0,0,0,0,,,,,
Wayne Gallman,RB,NYG,10,NYJ,0,0,0,0,0,2,0,1,1,3,0,2,0,0,0,0,0,0,0,0,0,0,,,,,
Wil Lutz,K,NO,10,ATL,0,0,0,0,0,0,0,0,0,0,0,0,0,0,0,0,2,0,1,0,0,0,,,,,
Willie Snead,WR,BAL,10,CIN,0,0,0,0,0,0,0,0,2,12,0,3,0,0,0,0,0,0,0,0,0,0,,,,,
Younghoe Koo,K,ATL,10,NO,0,0,0,0,0,0,0,0,0,0,0,0,0,0,0,0,0,3,1,0,0,2,,,,,
Zach Pascal,WR,IND,10,MIA,0,0,0,0,0,0,0,0,2,26,0,7,0,0,0,0,0,0,0,0,0,0,,,,,
Zane Gonzalez,K,ARI,10,TB,0,0,0,0,0,0,0,0,0,0,0,0,0,0,0,0,0,1,0,1,0,3,,,,,
Zay Jones,WR,LV,10,LAC,0,0,0,0,0,0,0,0,1,10,0,3,0,0,0,0,0,0,0,0,0,0,,,,,
AJ McCarron,QB,HOU,11,BAL,0,0,1,0,0,0,0,0,0,0,0,0,0,0,0,0,0,0,0,0,0,0,,,,,
ARI,DEF,ARI,11,SF,,,,,,,,,,,,,,,,,,,,,,,0,0,0,0,36.0
ATL,DEF,ATL,11,CAR,,,,,,,,,,,,,,,,,,,,,,,0,0,0,0,3.0
Adam Vinatieri,K,IND,11,JAX,0,0,0,0,0,0,0,0,0,0,0,0,0,0,0,0,0,1,0,0,0,4,,,,,
Adrian Peterson,RB,WAS,11,NYJ,0,0,0,0,0,25,0,9,2,5,0,2,0,0,0,0,0,0,0,0,0,0,,,,,
Albert Wilson,WR,MIA,11,BUF,0,0,0,0,0,0,0,0,3,26,0,6,0,0,0,0,0,0,0,0,0,0,,,,,
Alex Armah,RB,CAR,11,ATL,0,0,0,0,0,0,0,0,0,0,0,0,0,0,0,0,0,0,0,0,0,0,,,,,
Alex Erickson,WR,CIN,11,LV,0,0,0,0,0,0,0,0,1,0,0,5,0,0,0,0,0,0,0,0,0,0,,,,,
Alexander Mattison,RB,MIN,11,DEN,0,0,0,0,0,5,0,3,0,0,0,0,0,0,0,0,0,0,0,0,0,0,,,,,
Allen Hurns,WR,MIA,11,BUF,0,0,0,0,0,0,0,0,4,53,0,6,0,0,0,0,0,0,0,0,0,0,,,,,
Allen Robinson,WR,CHI,11,LA,0,0,0,0,0,0,0,0,4,15,0,6,0,0,0,0,0,0,0,0,0,0,,,,,
Alvin Kamara,RB,NO,11,TB,0,0,0,0,0,75,0,13,10,47,0,10,0,0,0,0,0,0,0,0,0,0,,,,,
Amari Cooper,WR,DAL,11,DET,0,0,0,0,0,0,0,0,3,38,0,8,0,0,0,0,0,0,0,0,0,0,,,,,
Ameer Abdullah,RB,MIN,11,DEN,0,0,0,0,0,5,0,1,2,11,0,2,0,0,0,0,0,0,0,0,0,0,,,,,
Andre Patton,WR,LAC,11,KC,0,0,0,0,0,0,0,0,0,0,0,1,0,0,0,0,0,0,0,0,0,0,,,,,
Andre Roberts,WR,BUF,11,MIA,0,0,0,0,0,0,0,0,0,0,0,0,0,0,0,0,0,0,0,0,0,0,,,,,
Andy Isabella,WR,ARI,11,SF,0,0,0,0,0,0,0,0,1,6,0,4,0,0,0,0,0,0,0,0,0,0,,,,,
Anthony Miller,WR,CHI,11,LA,0,0,0,0,0,0,0,0,6,54,0,11,0,0,0,0,0,0,0,0,0,0,,,,,
Auden Tate,WR,CIN,11,LV,0,0,0,0,0,0,0,0,4,56,0,6,0,0,0,0,0,0,0,0,0,0,,,,,
Austin Ekeler,RB,LAC,11,KC,0,0,0,0,0,24,0,5,8,108,0,12,0,0,0,0,0,0,0,0,0,0,,,,,
Austin Seibert,K,CLE,11,PIT,0,0,0,0,0,0,0,0,0,0,0,0,0,0,0,0,0,0,0,0,0,3,,,,,
BAL,DEF,BAL,11,HOU,,,,,,,,,,,,,,,,,,,,,,,0,0,0,0,7.0
BUF,DEF,BUF,11,MIA,,,,,,,,,,,,,,,,,,,,,,,0,0,0,0,20.0
Baker Mayfield,QB,CLE,11,PIT,193,2,32,17,0,1,1,1,0,0,0,0,0,0,0,0,0,0,0,0,0,0,,,,,
Ben Braunecker,TE,CHI,11,LA,0,0,0,0,0,0,0,0,1,8,0,3,0,0,0,0,0,0,0,0,0,0,,,,,
Ben Koyack,TE,JAX,11,IND,0,0,0,0,0,0,0,0,1,9,0,1,0,0,0,0,0,0,0,0,0,0,,,,,
Benjamin Watson,TE,NE,11,PHI,0,0,0,0,0,0,0,0,3,52,0,4,0,0,0,0,0,0,0,0,0,0,,,,,
Bilal Powell,RB,NYJ,11,WAS,0,0,1,0,0,42,0,7,1,5,0,2,0,0,0,0,0,0,0,0,0,0,,,,,
Bisi Johnson,WR,MIN,11,DEN,0,0,0,0,0,0,0,0,6,35,0,9,0,0,0,0,0,0,0,0,0,0,,,,,
Blake Jarwin,TE,DAL,11,DET,0,0,0,0,0,0,0,0,2,38,0,2,0,0,0,0,0,0,0,0,0,0,,,,,
Bo Scarbrough,RB,DET,11,DAL,0,0,0,0,0,55,1,14,0,0,0,0,0,0,0,0,0,0,0,0,0,0,,,,,
Boston Scott,RB,PHI,11,NE,0,0,0,0,0,26,0,7,0,0,0,0,0,0,0,0,0,0,0,0,0,0,,,,,
Brandon Allen,QB,DEN,11,MIN,240,1,39,17,1,18,0,3,0,0,0,0,0,0,0,0,0,0,0,0,0,0,,,,,
Brandon Bolden,RB,NE,11,PHI,0,0,0,0,0,0,0,0,0,0,0,0,0,0,0,0,0,0,0,0,0,0,,,,,
Brandon McManus,K,DEN,11,MIN,0,0,0,0,0,0,0,0,0,0,0,0,0,0,0,0,1,0,2,0,0,2,,,,,
Braxton Berrios,WR,NYJ,11,WAS,0,0,0,0,0,0,0,0,0,0,0,0,0,0,0,0,0,0,0,0,0,0,,,,,
Breshad Perriman,WR,TB,11,NO,0,0,0,0,0,0,0,0,1,20,0,3,0,0,0,0,0,0,0,0,0,0,,,,,
Brett Maher,K,DAL,11,DET,0,0,0,0,0,0,0,0,0,0,0,0,0,0,0,0,0,2,0,0,0,3,,,,,
Brian Hill,RB,ATL,11,CAR,0,0,0,0,0,30,0,15,1,8,0,3,0,0,0,0,0,0,0,0,0,0,,,,,
Brian Hoyer,QB,IND,11,JAX,0,0,0,0,0,-2,0,2,0,0,0,0,0,0,0,0,0,0,0,0,0,0,,,,,
Buddy Howell,RB,HOU,11,BAL,0,0,0,0,0,5,0,2,0,0,0,0,0,0,0,0,0,0,0,0,0,0,,,,,
Byron Pringle,WR,KC,11,LAC,0,0,0,0,0,0,0,0,1,9,0,1,0,0,0,0,0,0,0,0,0,0,,,,,
C.J. Uzomah,TE,CIN,11,LV,0,0,0,0,0,0,0,0,2,5,0,5,0,0,0,0,0,0,0,0,0,0,,,,,
CAR,DEF,CAR,11,ATL,,,,,,,,,,,,,,,,,,,,,,,0,0,0,0,29.0
CHI,DEF,CHI,11,LA,,,,,,,,,,,,,,,,,,,,,,,0,0,0,0,17.0
CIN,DEF,CIN,11,LV,,,,,,,,,,,,,,,,,,,,,,,0,0,0,0,17.0
CLE,DEF,CLE,11,PIT,,,,,,,,,,,,,,,,,,,,,,,0,0,0,0,7.0
Calvin Ridley,WR,ATL,11,CAR,0,0,0,0,0,0,0,0,8,143,1,8,0,0,0,0,0,0,0,0,0,0,,,,,
Cam Sims,WR,WAS,11,NYJ,0,0,0,0,0,0,0,0,0,0,0,0,0,0,0,0,0,0,0,0,0,0,,,,,
Cameron Brate,TE,TB,11,NO,0,0,0,0,0,0,0,0,10,73,0,14,0,0,0,0,0,0,0,0,0,0,,,,,
Carlos Hyde,RB,HOU,11,BAL,0,0,0,0,0,65,1,9,0,0,0,1,0,0,0,0,0,0,0,0,0,0,,,,,
Carson Wentz,QB,PHI,11,NE,214,1,40,20,0,17,0,3,0,0,0,0,0,0,0,0,0,0,0,0,0,0,,,,,
Charles Clay,TE,ARI,11,SF,0,0,0,0,0,0,0,0,0,0,0,1,0,0,0,0,0,0,0,0,0,0,,,,,
Chase Daniel,QB,CHI,11,LA,9,0,4,1,0,0,0,0,0,0,0,0,0,0,0,0,0,0,0,0,0,0,,,,,
Chase McLaughlin,K,SF,11,ARI,0,0,0,0,0,0,0,0,0,0,0,0,0,0,0,0,0,0,1,0,0,3,,,,,
Chester Rogers,WR,IND,11,JAX,0,0,0,0,0,18,0,1,1,11,0,2,0,0,0,0,0,0,0,0,0,0,,,,,
Chris Boswell,K,PIT,11,CLE,0,0,0,0,0,0,0,0,0,0,0,0,0,0,0,0,0,0,0,0,0,1,,,,,
Chris Conley,WR,JAX,11,IND,0,0,0,0,0,0,0,0,6,58,0,8,0,0,0,0,0,0,0,0,0,0,,,,,
Chris Godwin Jr.,WR,TB,11,NO,0,0,0,0,0,0,0,0,3,47,1,6,0,0,0,0,0,0,0,0,0,0,,,,,
Christian Blake,WR,ATL,11,CAR,0,0,0,0,0,0,0,0,1,3,0,1,0,0,0,0,0,0,0,0,0,0,,,,,
Christian Kirk,WR,ARI,11,SF,0,0,0,0,0,1,0,1,6,41,0,9,0,0,0,0,0,0,0,0,0,0,,,,,
Christian McCaffrey,RB,CAR,11,ATL,0,0,0,0,0,70,0,14,11,121,0,15,0,0,0,0,0,0,0,0,0,0,,,,,
Clive Walford,TE,MIA,11,BUF,0,0,0,0,0,0,0,0,0,0,0,0,0,0,0,0,0,0,0,0,0,0,,,,,
Cole Beasley,WR,BUF,11,MIA,0,0,0,0,0,0,0,0,4,38,0,4,0,0,0,0,0,0,0,0,0,0,,,,,
Cooper Kupp,WR,LA,11,CHI,0,0,0,0,0,0,0,0,3,53,0,3,0,0,0,0,0,0,0,0,0,0,,,,,
Cordarrelle Patterson,RB,CHI,11,LA,0,0,0,0,0,0,0,0,0,0,0,0,0,0,0,0,0,0,0,0,0,0,,,,,
Courtland Sutton,WR,DEN,11,MIN,38,0,1,1,0,10,0,2,5,113,0,9,0,0,0,0,0,0,0,0,0,0,,,,,
Curtis Samuel,WR,CAR,11,ATL,0,0,0,0,0,0,0,0,4,25,0,6,0,0,0,0,0,0,0,0,0,0,,,,,
D'Ernest Johnson,RB,CLE,11,PIT,0,0,0,0,0,0,0,0,0,0,0,0,0,0,0,0,0,0,0,0,0,0,,,,,
DAL,DEF,DAL,11,DET,,,,,,,,,,,,,,,,,,,,,,,0,0,0,0,27.0
DEN,DEF,DEN,11,MIN,,,,,,,,,,,,,,,,,,,,,,,0,0,0,0,27.0
DET,DEF,DET,11,DAL,,,,,,,,,,,,,,,,,,,,,,,0,0,0,0,35.0
DJ Chark,WR,JAX,11,IND,0,0,0,0,0,0,0,0,8,104,2,15,0,0,0,0,0,0,0,0,0,0,,,,,
DJ Moore,WR,CAR,11,ATL,0,0,0,0,0,0,0,0,8,95,0,15,0,0,0,0,0,0,0,0,0,0,,,,,
DaeSean Hamilton,WR,DEN,11,MIN,0,0,0,0,0,0,0,0,0,0,0,0,0,0,0,0,0,0,0,0,0,0,,,,,
Dak Prescott,QB,DAL,11,DET,444,3,46,29,0,18,0,6,0,0,0,0,0,0,0,0,0,0,0,0,0,0,,,,,
Dallas Goedert,TE,PHI,11,NE,0,0,0,0,0,0,0,0,3,36,1,6,0,0,0,0,0,0,0,0,0,0,,,,,
Dalvin Cook,RB,MIN,11,DEN,0,0,0,0,0,26,1,11,5,31,0,6,0,0,0,0,0,0,0,0,0,0,,,,,
Damien Williams,RB,KC,11,LAC,0,0,0,0,0,7,0,4,1,6,0,1,0,0,0,0,0,0,0,0,0,0,,,,,
Damion Willis,WR,CIN,11,LV,0,0,0,0,0,0,0,0,0,0,0,1,0,0,0,0,0,0,0,0,0,0,,,,,
Dan Bailey,K,MIN,11,DEN,0,0,0,0,0,0,0,0,0,0,0,0,0,0,0,0,0,0,0,0,0,3,,,,,
Daniel Brown,TE,NYJ,11,WAS,0,0,0,0,0,0,0,0,1,20,1,1,0,0,0,0,0,0,0,0,0,0,,,,,
Daniel Carlson,K,LV,11,CIN,0,0,0,0,0,0,0,0,0,0,0,0,0,0,0,0,1,0,0,0,0,2,,,,,
Danny Amendola,WR,DET,11,DAL,0,0,0,0,0,0,0,0,4,47,0,5,0,0,0,0,0,0,0,0,0,0,,,,,
Dare Ogunbowale,RB,TB,11,NO,0,0,0,0,0,0,0,2,3,10,0,4,0,0,0,0,0,0,0,0,0,0,,,,,
Darrel Williams,RB,KC,11,LAC,0,0,0,0,0,35,1,11,2,8,0,3,0,0,0,0,0,0,0,0,0,0,,,,,
Darrell Daniels,TE,ARI,11,SF,0,0,0,0,0,0,0,0,1,4,0,1,0,0,0,0,0,0,0,0,0,0,,,,,
Darren Fells,TE,HOU,11,BAL,0,0,0,0,0,0,0,0,1,18,0,3,0,0,0,0,0,0,0,0,0,0,,,,,
Darren Waller,TE,LV,11,CIN,0,0,0,0,0,-2,0,1,5,78,0,7,0,0,0,0,0,0,0,0,0,0,,,,,
David Montgomery,RB,CHI,11,LA,0,0,0,0,0,31,0,14,1,19,0,3,0,0,0,0,0,0,0,0,0,0,,,,,
Dawson Knox,TE,BUF,11,MIA,0,0,0,0,0,0,0,0,2,32,1,3,0,0,0,0,0,0,0,0,0,0,,,,,
De'Anthony Thomas,WR,BAL,11,HOU,0,0,0,0,0,0,0,0,0,0,0,0,0,0,0,0,0,0,0,0,0,0,,,,,
DeAndre Carter,WR,HOU,11,BAL,0,0,0,0,0,0,0,0,0,0,0,0,0,0,0,0,0,0,0,0,0,0,,,,,
DeAndre Hopkins,WR,HOU,11,BAL,0,0,0,0,0,0,0,0,7,80,0,12,0,0,0,0,0,0,0,0,0,0,,,,,
DeAndre Washington,RB,LV,11,CIN,0,0,0,0,0,-1,0,2,2,14,0,2,0,0,0,0,0,0,0,0,0,0,,,,,
DeAndrew White,WR,CAR,11,ATL,0,0,0,0,0,0,0,0,0,0,0,0,0,0,0,0,0,0,0,0,0,0,,,,,
DeVante Parker,WR,MIA,11,BUF,0,0,0,0,0,0,0,0,7,135,0,10,0,0,0,0,0,0,0,0,0,0,,,,,
Dede Westbrook,WR,JAX,11,IND,0,0,0,0,0,0,0,0,4,32,0,6,0,0,0,0,0,0,0,0,0,0,,,,,
Deebo Samuel Sr.,WR,SF,11,ARI,0,0,0,0,0,0,0,0,8,134,0,10,0,0,0,0,0,0,0,0,0,0,,,,,
Demarcus Robinson,WR,KC,11,LAC,0,0,0,0,0,0,0,0,0,0,0,1,0,0,0,0,0,0,0,0,0,0,,,,,
Demaryius Thomas,WR,NYJ,11,WAS,0,0,0,0,0,0,0,0,4,44,0,5,0,0,0,0,0,0,0,0,0,0,,,,,
Deon Yelder,TE,KC,11,LAC,0,0,0,0,0,0,0,0,0,0,0,1,0,0,0,0,0,0,0,0,0,0,,,,,
Derek Carr,QB,LV,11,CIN,292,1,29,25,1,1,1,5,0,0,0,0,0,0,0,0,0,0,0,0,0,0,,,,,
Derek Carrier,TE,LV,11,CIN,0,0,0,0,0,0,0,0,0,0,0,0,0,0,0,0,0,0,0,0,0,0,,,,,
Derrius Guice,RB,WAS,11,NYJ,0,0,0,0,0,24,0,7,1,45,1,2,0,0,0,0,0,0,0,0,0,0,,,,,
Deshaun Watson,QB,HOU,11,BAL,169,0,29,18,1,12,0,3,0,0,0,0,0,0,0,0,0,0,0,0,0,0,,,,,
Devin Singletary,RB,BUF,11,MIA,0,0,0,0,0,75,0,15,1,4,0,1,0,0,0,0,0,0,0,0,0,0,,,,,
Devontae Booker,RB,DEN,11,MIN,0,0,0,0,0,4,0,1,0,0,0,2,0,0,0,0,0,0,0,0,0,0,,,,,
Diontae Johnson,WR,PIT,11,CLE,0,0,0,0,0,0,0,0,2,17,0,4,0,0,0,0,0,0,0,0,0,0,,,,,
Diontae Spencer,WR,DEN,11,MIN,0,0,0,0,0,0,0,0,0,0,0,0,0,0,0,0,0,0,0,0,0,0,,,,,
Dontrell Hilliard,RB,CLE,11,PIT,0,0,0,0,0,0,0,0,0,0,0,0,0,0,0,0,0,0,0,0,0,0,,,,,
Drew Brees,QB,NO,11,TB,228,3,35,28,0,0,0,3,0,0,0,0,0,0,0,0,0,0,0,0,0,0,,,,,
Duke Johnson,RB,HOU,11,BAL,0,0,0,0,0,40,0,6,2,4,0,2,0,0,0,0,0,0,0,0,0,0,,,,,
Durham Smythe,TE,MIA,11,BUF,0,0,0,0,0,0,0,0,0,0,0,0,0,0,0,0,0,0,0,0,0,0,,,,,
Dustin Hopkins,K,WAS,11,NYJ,0,0,0,0,0,0,0,0,0,0,0,0,0,0,0,0,0,0,1,0,0,0,,,,,
Dwayne Haskins,QB,WAS,11,NYJ,214,2,35,19,1,5,0,4,0,0,0,0,0,0,1,0,0,0,0,0,0,0,,,,,
Eddy Pineiro,K,CHI,11,LA,0,0,0,0,0,0,0,0,0,0,0,0,0,0,0,0,0,0,0,0,0,1,,,,,
Emmanuel Sanders,WR,SF,11,ARI,0,0,0,0,0,0,0,0,3,33,0,5,0,0,0,0,0,0,0,0,0,0,,,,,
Eric Ebron,TE,IND,11,JAX,0,0,0,0,0,0,0,0,4,27,0,4,0,0,0,0,0,0,0,0,0,0,,,,,
Ezekiel Elliott,RB,DAL,11,DET,0,0,0,0,0,45,1,16,2,28,1,3,0,0,0,0,0,0,0,0,0,0,,,,,
Foster Moreau,TE,LV,11,CIN,0,0,0,0,0,0,0,0,2,8,1,2,0,0,0,0,0,0,0,0,0,0,,,,,
Frank Gore,RB,BUF,11,MIA,0,0,0,0,0,27,0,11,1,18,0,2,0,0,0,0,0,0,0,0,0,0,,,,,
Garrett Celek,TE,SF,11,ARI,0,0,0,0,0,0,0,0,0,0,0,0,0,0,0,0,0,0,0,0,0,0,,,,,
Garrett Gilbert,QB,CLE,11,PIT,0,0,0,0,0,-1,0,1,0,0,0,0,0,0,0,0,0,0,0,0,0,0,,,,,
Gehrig Dieter,WR,KC,11,LAC,0,0,0,0,0,0,0,0,0,0,0,0,0,0,0,0,0,0,0,0,0,0,,,,,
Gerald Everett,TE,LA,11,CHI,0,0,0,0,0,0,0,0,1,20,0,1,0,0,0,0,0,0,0,0,0,0,,,,,
Giovani Bernard,RB,CIN,11,LV,0,0,0,0,0,30,0,3,1,16,0,3,0,0,0,0,0,0,0,0,0,0,,,,,
Greg Olsen,TE,CAR,11,ATL,0,0,0,0,0,0,0,0,5,57,0,5,0,0,0,0,0,0,0,0,0,0,,,,,
Greg Zuerlein,K,LA,11,CHI,0,0,0,0,0,0,0,0,0,0,0,0,0,0,0,0,0,1,0,0,0,2,,,,,
Gus Edwards,RB,BAL,11,HOU,0,0,0,0,0,112,1,8,0,0,0,0,0,0,0,0,0,0,0,0,0,0,,,,,
HOU,DEF,HOU,11,BAL,,,,,,,,,,,,,,,,,,,,,,,0,0,0,0,41.0
Hale Hentges,TE,WAS,11,NYJ,0,0,0,0,0,0,0,0,1,0,0,3,0,0,0,0,0,0,0,0,0,0,,,,,
Harrison Butker,K,KC,11,LAC,0,0,0,0,0,0,0,0,0,0,0,0,0,0,0,0,0,0,1,0,0,3,,,,,
Hayden Hurst,TE,BAL,11,HOU,0,0,0,0,0,0,0,0,2,16,0,2,0,0,0,0,0,0,0,0,0,0,,,,,
Hunter Henry,TE,LAC,11,KC,0,0,0,0,0,0,0,0,6,69,0,9,0,0,1,0,0,0,0,0,0,0,,,,,
Hunter Renfrow,WR,LV,11,CIN,0,0,0,0,0,0,0,0,5,66,0,6,0,0,0,0,0,0,0,0,0,0,,,,,
IND,DEF,IND,11,JAX,,,,,,,,,,,,,,,,,,,,,,,0,0,0,0,13.0
Ian Thomas,TE,CAR,11,ATL,0,0,0,0,0,0,0,0,0,0,0,1,0,0,0,0,0,0,0,0,0,0,,,,,
Irv Smith,TE,MIN,11,DEN,0,0,0,0,0,0,0,0,3,20,1,3,0,0,0,0,0,0,0,0,0,0,,,,,
Isaiah McKenzie,WR,BUF,11,MIA,0,0,0,0,0,10,0,1,3,21,0,6,0,0,0,0,0,0,0,0,0,0,,,,,
J.D. McKissic,RB,DET,11,DAL,0,0,0,0,0,13,0,3,3,40,0,4,0,0,0,0,0,0,0,0,0,0,,,,,
J.J. Arcega-Whiteside,WR,PHI,11,NE,0,0,0,0,0,0,0,0,1,29,0,1,0,0,0,0,0,0,0,0,0,0,,,,,
J.P. Holtz,TE,CHI,11,LA,0,0,0,0,0,0,0,0,0,0,0,0,0,0,0,0,0,0,0,0,0,0,,,,,
JAX,DEF,JAX,11,IND,,,,,,,,,,,,,,,,,,,,,,,0,0,0,0,33.0
Jack Doyle,TE,IND,11,JAX,0,0,0,0,0,0,0,0,0,0,0,0,0,0,0,0,0,0,0,0,0,0,,,,,
Jacoby Brissett,QB,IND,11,JAX,148,1,24,15,1,12,1,2,0,0,0,0,0,0,0,0,0,0,0,0,0,0,,,,,
Jaeden Graham,TE,ATL,11,CAR,0,0,0,0,0,0,0,0,2,23,0,2,0,0,0,0,0,0,0,0,0,0,,,,,
Jake Elliott,K,PHI,11,NE,0,0,0,0,0,0,0,0,0,0,0,0,0,0,0,0,0,0,1,0,0,1,,,,,
Jakeem Grant,WR,MIA,11,BUF,0,0,0,0,0,7,1,1,3,32,0,3,1,0,0,0,0,0,0,0,0,0,,,,,
Jakobi Meyers,WR,NE,11,PHI,0,0,0,0,0,0,0,0,1,7,0,2,0,0,0,0,0,0,0,0,0,0,,,,,
Jalen Richard,RB,LV,11,CIN,0,0,0,0,0,0,0,2,1,7,0,1,0,0,0,0,0,0,0,0,0,0,,,,,
Jamal Agnew,WR,DET,11,DAL,0,0,0,0,0,0,0,0,0,0,0,0,0,0,0,0,0,0,0,0,0,0,,,,,
Jameis Winston,QB,TB,11,NO,313,2,51,30,4,23,0,2,0,0,0,0,0,0,0,0,0,0,0,0,0,0,,,,,
James Conner,RB,PIT,11,CLE,0,0,0,0,0,10,0,5,1,6,0,2,0,0,0,0,0,0,0,0,0,0,,,,,
James Washington,WR,PIT,11,CLE,0,0,0,0,0,0,0,0,3,49,0,5,0,0,0,0,0,0,0,0,0,0,,,,,
James White,RB,NE,11,PHI,0,0,0,0,0,20,0,5,4,16,0,7,0,0,1,0,0,0,0,0,0,0,,,,,
Jamison Crowder,WR,NYJ,11,WAS,0,0,0,0,0,0,0,0,5,76,1,8,0,0,0,0,0,0,0,0,0,0,,,,,
Jamize Olawale,RB,DAL,11,DET,0,0,0,0,0,0,0,0,0,0,0,0,0,0,0,0,0,0,0,0,0,0,,,,,
Jared Cook,TE,NO,11,TB,0,0,0,0,0,0,0,0,2,33,1,2,0,0,0,0,0,0,0,0,0,0,,,,,
Jared Goff,QB,LA,11,CHI,173,0,18,11,1,3,0,3,0,0,0,0,0,0,0,0,0,0,0,0,0,0,,,,,
Jarius Wright,WR,CAR,11,ATL,0,0,0,0,0,0,0,0,1,19,0,2,0,0,0,0,0,0,0,0,0,0,,,,,
Jarvis Landry,WR,CLE,11,PIT,0,0,0,0,0,0,0,0,4,43,1,7,0,0,0,0,0,0,0,0,0,0,,,,,
Jason Moore,WR,LAC,11,KC,0,0,0,0,0,0,0,0,0,0,0,1,0,0,0,0,0,0,0,0,0,0,,,,,
Jason Sanders,K,MIA,11,BUF,0,0,0,0,0,0,0,0,0,0,0,0,0,0,0,0,0,0,0,0,0,2,,,,,
Jason Witten,TE,DAL,11,DET,0,0,0,0,0,0,0,0,5,33,0,7,0,0,0,0,0,0,0,0,0,0,,,,,
Javon Wims,WR,CHI,11,LA,0,0,0,0,0,0,0,0,1,11,0,2,0,0,0,0,0,0,0,0,0,0,,,,,
Jaylen Samuels,RB,PIT,11,CLE,0,0,0,0,0,26,0,5,5,19,1,6,0,0,0,0,0,0,0,0,0,0,,,,,
Jeff Driskel,QB,DET,11,DAL,209,2,26,15,0,51,1,8,0,0,0,0,0,0,0,0,0,0,0,0,0,0,,,,,
Jeff Wilson,RB,SF,11,ARI,0,0,0,0,0,0,0,0,1,25,1,1,0,0,0,0,0,0,0,0,0,0,,,,,
Jeremy Sprinkle,TE,WAS,11,NYJ,0,0,0,0,0,0,0,0,2,16,1,3,0,0,0,0,0,0,0,0,0,0,,,,,
Jimmy Garoppolo,QB,SF,11,ARI,424,4,45,34,2,7,0,1,0,0,0,0,0,0,0,0,0,0,0,0,0,0,,,,,
JoJo Natson,WR,LA,11,CHI,0,0,0,0,0,0,0,0,0,0,0,0,0,0,0,0,0,0,0,0,0,0,,,,,
Joe Mixon,RB,CIN,11,LV,0,0,0,0,0,86,1,15,1,17,0,3,0,0,0,0,0,0,0,0,0,0,,,,,
Joey Slye,K,CAR,11,ATL,0,0,0,0,0,0,0,0,0,0,0,0,0,0,0,0,0,1,0,0,0,0,,,,,
John Brown,WR,BUF,11,MIA,0,0,0,0,0,0,0,0,9,137,2,14,0,0,0,0,0,0,0,0,0,0,,,,,
Johnny Holton,WR,PIT,11,CLE,0,0,0,0,0,0,0,0,1,18,0,7,0,0,0,0,0,0,0,0,0,0,,,,,
Jonathan Williams,RB,IND,11,JAX,0,0,0,0,0,116,0,13,1,31,0,1,0,0,0,0,0,0,0,0,0,0,,,,,
Jordan Akins,TE,HOU,11,BAL,0,0,0,0,0,0,0,0,1,15,0,2,0,0,0,0,0,0,0,0,0,0,,,,,
Jordan Matthews,TE,PHI,11,NE,0,0,0,0,0,0,0,0,1,6,0,6,0,0,0,0,0,0,0,0,0,0,,,,,
Josh Adams,RB,NYJ,11,WAS,0,0,0,0,0,6,0,4,0,0,0,0,0,0,0,0,0,0,0,0,0,0,,,,,
Josh Allen,QB,BUF,11,MIA,256,3,33,21,0,56,1,7,0,0,0,0,0,0,0,0,0,0,0,0,0,0,,,,,
Josh Hill,TE,NO,11,TB,0,0,0,0,0,0,0,0,2,8,0,2,0,0,0,0,0,0,0,0,0,0,,,,,
Josh Jacobs,RB,LV,11,CIN,0,0,0,0,0,112,0,23,3,12,0,3,0,0,0,0,0,0,0,0,0,0,,,,,
Josh Lambo,K,JAX,11,IND,0,0,0,0,0,0,0,0,0,0,0,0,0,0,0,0,0,0,0,0,0,1,,,,,
Josh Oliver,TE,JAX,11,IND,0,0,0,0,0,0,0,0,1,5,0,2,0,0,0,0,0,0,0,0,0,0,,,,,
Josh Reynolds,WR,LA,11,CHI,0,0,0,0,0,-5,0,1,3,55,0,6,0,0,0,0,0,0,0,0,0,0,,,,,
JuJu Smith-Schuster,WR,PIT,11,CLE,0,0,0,0,0,0,0,0,2,21,0,4,0,0,0,0,0,0,0,0,0,0,,,,,
Julian Edelman,WR,NE,11,PHI,15,1,1,1,0,0,0,0,5,53,0,10,0,0,0,0,0,0,0,0,0,0,,,,,
Julio Jones,WR,ATL,11,CAR,0,0,0,0,0,-4,0,1,6,91,0,8,0,0,0,0,0,0,0,0,0,0,,,,,
Justice Hill,RB,BAL,11,HOU,0,0,0,0,0,18,0,5,1,9,0,1,0,0,0,0,0,0,0,0,0,0,,,,,
Justin Hardy,WR,ATL,11,CAR,0,0,0,0,0,0,0,0,2,14,0,4,0,0,0,0,0,0,0,0,0,0,,,,,
Justin Tucker,K,BAL,11,HOU,0,0,0,0,0,0,0,0,0,0,0,0,0,0,0,0,0,1,1,0,0,5,,,,,
Justin Watson,WR,TB,11,NO,0,0,0,0,0,0,0,0,0,0,0,0,0,0,0,0,0,0,0,0,0,0,,,,,
KC,DEF,KC,11,LAC,,,,,,,,,,,,,,,,,,,,,,,0,0,0,0,17.0
Ka'imi Fairbairn,K,HOU,11,BAL,0,0,0,0,0,0,0,0,0,0,0,0,0,0,0,0,0,0,0,0,0,1,,,,,
Kalen Ballage,RB,MIA,11,BUF,0,0,0,0,0,9,1,9,5,8,0,6,0,0,0,0,0,0,0,0,0,0,,,,,
Kareem Hunt,RB,CLE,11,PIT,0,0,0,0,0,12,0,6,6,46,0,8,0,0,0,0,0,0,0,0,0,0,,,,,
KeeSean Johnson,WR,ARI,11,SF,0,0,0,0,0,0,0,0,2,14,0,2,0,0,0,0,0,0,0,0,0,0,,,,,
Keelan Cole,WR,JAX,11,IND,0,0,0,0,0,0,0,0,4,41,0,5,0,0,0,0,0,0,0,0,0,0,,,,,
Keenan Allen,WR,LAC,11,KC,0,0,0,0,0,0,0,0,8,71,1,12,0,0,0,0,0,0,0,0,0,0,,,,,
Keke Coutee,WR,HOU,11,BAL,0,0,0,0,0,0,0,0,3,25,0,3,0,0,0,0,0,0,0,0,0,0,,,,,
Kelvin Harmon,WR,WAS,11,NYJ,0,0,0,0,0,0,0,0,5,53,0,6,0,0,0,0,0,0,0,0,0,0,,,,,
Kendrick Bourne,WR,SF,11,ARI,0,0,0,0,0,0,0,0,4,31,1,6,0,0,0,0,0,0,0,0,0,0,,,,,
Kenjon Barner,RB,ATL,11,CAR,3,0,1,1,0,15,0,2,0,0,0,0,1,0,0,0,0,0,0,0,0,0,,,,,
Kenny Golladay,WR,DET,11,DAL,0,0,0,0,0,0,0,0,1,34,0,5,0,0,0,0,0,0,0,0,0,0,,,,,
Kenny Stills,WR,HOU,11,BAL,0,0,0,0,0,0,0,0,4,27,0,7,0,0,0,0,0,0,0,0,0,0,,,,,
Kenyan Drake,RB,ARI,11,SF,0,0,0,0,0,67,0,16,6,13,0,7,0,0,0,0,0,0,0,0,0,0,,,,,
KhaDarel Hodge,WR,CLE,11,PIT,0,0,0,0,0,0,0,0,1,41,0,2,0,0,0,0,0,0,0,0,0,0,,,,,
Kirk Cousins,QB,MIN,11,DEN,319,3,35,29,0,1,0,2,0,0,0,0,0,0,0,0,0,0,0,0,0,0,,,,,
Kyle Allen,QB,CAR,11,ATL,325,0,50,31,4,7,0,1,0,0,0,0,0,0,0,0,0,0,0,0,0,0,,,,,
Kyle Juszczyk,RB,SF,11,ARI,0,0,0,0,0,0,0,0,7,63,0,7,0,0,0,0,0,0,0,0,0,0,,,,,
Kyle Rudolph,TE,MIN,11,DEN,0,0,0,0,0,0,0,0,5,67,1,5,0,0,0,0,0,0,0,0,0,0,,,,,
Kyler Murray,QB,ARI,11,SF,150,2,33,24,0,67,1,8,0,0,0,0,0,0,0,0,0,0,0,0,0,0,,,,,
LA,DEF,LA,11,CHI,,,,,,,,,,,,,,,,,,,,,,,0,0,0,0,7.0
LAC,DEF,LAC,11,KC,,,,,,,,,,,,,,,,,,,,,,,0,0,0,0,24.0
LV,DEF,LV,11,CIN,,,,,,,,,,,,,,,,,,,,,,,0,0,0,0,0.0
Lamar Jackson,QB,BAL,11,HOU,222,4,24,17,0,79,0,10,0,0,0,0,0,0,0,0,0,0,0,0,0,0,,,,,
Laquon Treadwell,WR,MIN,11,DEN,0,0,0,0,0,0,0,0,0,0,0,1,0,0,0,0,0,0,0,0,0,0,,,,,
Larry Fitzgerald,WR,ARI,11,SF,0,0,0,0,0,0,0,0,5,37,1,5,0,0,0,0,0,0,0,0,0,0,,,,,
Latavius Murray,RB,NO,11,TB,0,0,0,0,0,27,0,10,2,5,0,3,0,0,0,0,0,0,0,0,0,0,,,,,
Le'Veon Bell,RB,NYJ,11,WAS,0,0,0,0,0,59,1,18,2,33,0,2,0,0,0,0,0,0,0,0,0,0,,,,,
LeSean McCoy,RB,KC,11,LAC,0,0,0,0,0,29,1,7,4,28,0,6,0,0,0,0,0,0,0,0,0,0,,,,,
Leonard Fournette,RB,JAX,11,IND,0,0,0,0,0,23,0,8,7,34,0,7,0,0,0,0,0,0,0,0,0,0,,,,,
Logan Thomas,TE,DET,11,DAL,0,0,0,0,0,0,0,0,0,0,0,1,0,0,0,0,0,0,0,0,0,0,,,,,
MIA,DEF,MIA,11,BUF,,,,,,,,,,,,,,,,,,,,,,,0,0,0,0,37.0
MIN,DEF,MIN,11,DEN,,,,,,,,,,,,,,,,,,,,,,,0,0,0,0,23.0
Mack Hollins,WR,PHI,11,NE,0,0,0,0,0,0,0,0,0,0,0,1,0,0,0,0,0,0,0,0,0,0,,,,,
Malcolm Brown,RB,LA,11,CHI,0,0,0,0,0,15,1,5,0,0,0,0,0,0,0,0,0,0,0,0,0,0,,,,,
Marcus Johnson,WR,IND,11,JAX,0,0,0,0,0,0,0,0,4,38,1,4,0,0,0,0,0,0,0,0,0,0,,,,,
Mark Andrews,TE,BAL,11,HOU,0,0,0,0,0,0,0,0,4,75,1,4,0,0,0,0,0,0,0,0,0,0,,,,,
Mark Ingram,RB,BAL,11,HOU,0,0,0,0,0,48,0,13,3,37,2,4,0,0,0,0,0,0,0,0,0,0,,,,,
Marlon Mack,RB,IND,11,JAX,0,0,0,0,0,109,1,14,0,0,0,0,0,0,0,0,0,0,0,0,0,0,,,,,
Marquise Brown,WR,BAL,11,HOU,0,0,0,0,0,0,0,0,2,23,0,4,0,0,0,0,0,0,0,0,0,0,,,,,
Marquise Goodwin,WR,SF,11,ARI,0,0,0,0,0,0,0,0,1,5,0,2,0,0,0,0,0,0,0,0,0,0,,,,,
Marvin Hall,WR,DET,11,DAL,0,0,0,0,0,0,0,0,1,39,0,1,0,0,0,0,0,0,0,0,0,0,,,,,
Marvin Jones,WR,DET,11,DAL,0,0,0,0,0,-4,0,1,4,43,2,5,0,0,0,0,0,0,0,0,0,0,,,,,
Mason Rudolph,QB,PIT,11,CLE,221,1,44,23,4,15,0,2,0,0,0,0,0,0,0,0,0,0,0,0,0,0,,,,,
Matt Gay,K,TB,11,NO,0,0,0,0,0,0,0,0,0,0,0,0,0,0,0,0,0,0,0,1,0,2,,,,,
Matt LaCosse,TE,NE,11,PHI,0,0,0,0,0,0,0,0,2,3,0,2,0,0,0,0,0,0,0,0,0,0,,,,,
Matt Prater,K,DET,11,DAL,0,0,0,0,0,0,0,0,0,0,0,0,0,0,0,0,0,0,0,0,0,3,,,,,
Matt Ryan,QB,ATL,11,CAR,311,1,31,21,0,0,0,2,0,0,0,0,0,0,0,0,0,0,0,0,0,0,,,,,
Matt Schaub,QB,ATL,11,CAR,0,0,0,0,0,-1,0,1,0,0,0,0,0,0,0,0,0,0,0,0,0,0,,,,,
Mecole Hardman,WR,KC,11,LAC,0,0,0,0,0,0,0,0,2,13,0,4,0,0,0,0,0,0,0,0,0,0,,,,,
Melvin Gordon,RB,LAC,11,KC,0,0,0,0,0,69,0,14,3,21,0,5,0,0,0,0,0,0,0,0,0,0,,,,,
Michael Gallup,WR,DAL,11,DET,0,0,0,0,0,0,0,0,9,148,0,13,0,0,0,0,0,0,0,0,0,0,,,,,
Michael Thomas,WR,NO,11,TB,0,0,0,0,0,0,0,0,8,114,1,10,0,0,0,0,0,0,0,0,0,0,,,,,
Michael Walker,WR,JAX,11,IND,0,0,0,0,0,0,0,0,0,0,0,0,0,0,0,0,0,0,0,0,0,0,,,,,
Mike Badgley,K,LAC,11,KC,0,0,0,0,0,0,0,0,0,0,0,0,0,0,0,0,2,0,1,0,0,0,,,,,
Mike Evans,WR,TB,11,NO,0,0,0,0,0,0,0,0,4,69,0,8,0,0,0,0,0,0,0,0,0,0,,,,,
Mike Gesicki,TE,MIA,11,BUF,0,0,0,0,0,0,0,0,4,18,0,6,0,0,0,0,0,0,0,0,0,0,,,,,
Mike Thomas,WR,LA,11,CHI,0,0,0,0,0,0,0,0,1,9,0,3,0,0,0,0,0,0,0,0,0,0,,,,,
Mike Williams,WR,LAC,11,KC,0,0,0,0,0,0,0,0,2,76,0,6,0,0,0,0,0,0,0,0,0,0,,,,,
Miles Boykin,WR,BAL,11,HOU,0,0,0,0,0,0,0,0,0,0,0,2,0,0,0,0,0,0,0,0,0,0,,,,,
Miles Sanders,RB,PHI,11,NE,0,0,0,0,0,38,0,11,2,9,0,4,0,0,0,0,0,0,0,0,0,0,,,,,
Mitchell Trubisky,QB,CHI,11,LA,190,1,43,24,1,4,0,1,0,0,0,0,0,0,0,0,0,0,0,0,0,0,,,,,
Mohamed Sanu,WR,NE,11,PHI,0,0,0,0,0,8,0,1,2,4,0,4,0,0,0,0,0,0,0,0,0,0,,,,,
Myles Gaskin,RB,MIA,11,BUF,0,0,0,0,0,0,0,1,0,0,0,1,0,0,0,0,0,0,0,0,0,0,,,,,
N'Keal Harry,TE,NE,11,PHI,0,0,0,0,0,0,0,0,3,18,0,4,0,0,0,0,0,0,0,0,0,0,,,,,
NE,DEF,NE,11,PHI,,,,,,,,,,,,,,,,,,,,,,,0,0,0,0,10.0
NO,DEF,NO,11,TB,,,,,,,,,,,,,,,,,,,,,,,1,0,0,0,17.0
NYJ,DEF,NYJ,11,WAS,,,,,,,,,,,,,,,,,,,,,,,0,0,0,0,17.0
Nelson Agholor,WR,PHI,11,NE,0,0,0,0,0,0,0,0,4,40,0,9,0,0,0,0,0,0,0,0,0,0,,,,,
Nick Boyle,TE,BAL,11,HOU,0,0,0,0,0,0,0,0,2,20,0,3,0,0,0,0,0,0,0,0,0,0,,,,,
Nick Chubb,RB,CLE,11,PIT,0,0,0,0,0,92,0,27,0,0,0,1,0,0,0,0,0,0,0,0,0,0,,,,,
Nick Foles,QB,JAX,11,IND,296,2,47,33,1,0,0,0,0,0,0,0,0,0,0,0,0,0,0,0,0,0,,,,,
Nick Folk,K,NE,11,PHI,0,0,0,0,0,0,0,0,0,0,0,0,0,0,0,0,1,2,0,0,0,0,,,,,
Nick Vannett,TE,PIT,11,CLE,0,0,0,0,0,0,0,0,1,7,0,1,0,0,0,0,0,0,0,0,0,0,,,,,
Noah Fant,TE,DEN,11,MIN,0,0,0,0,0,-7,0,2,4,60,0,10,0,0,0,0,0,0,0,0,0,0,,,,,
Nyheim Hines,RB,IND,11,JAX,0,0,0,0,0,11,1,3,3,24,0,4,0,0,0,0,0,0,0,0,0,0,,,,,
O.J. Howard,TE,TB,11,NO,0,0,0,0,0,0,0,0,0,0,0,1,0,0,0,0,0,0,0,0,0,0,,,,,
Odell Beckham Jr.,WR,CLE,11,PIT,0,0,0,0,0,0,0,0,4,60,0,10,0,0,0,0,0,0,0,0,0,0,,,,,
PHI,DEF,PHI,11,NE,,,,,,,,,,,,,,,,,,,,,,,0,0,0,0,17.0
PIT,DEF,PIT,11,CLE,,,,,,,,,,,,,,,,,,,,,,,0,0,0,0,21.0
Patrick Laird,RB,MIA,11,BUF,0,0,0,0,0,7,0,1,6,51,0,6,0,0,0,0,0,0,0,0,0,0,,,,,
Patrick Mahomes,QB,KC,11,LAC,182,1,32,19,1,59,0,5,0,0,0,0,0,0,0,0,0,0,0,0,0,0,,,,,
Patrick Ricard,RB,BAL,11,HOU,0,0,0,0,0,0,0,0,3,27,0,3,0,0,0,0,0,0,0,0,0,0,,,,,
Peyton Barber,RB,TB,11,NO,0,0,0,0,0,0,0,0,2,11,1,2,0,0,0,0,0,0,0,0,0,0,,,,,
Pharoh Cooper,WR,ARI,11,SF,0,0,0,0,0,0,0,0,3,35,1,4,0,0,0,0,0,0,0,0,0,0,,,,,
Philip Rivers,QB,LAC,11,KC,353,1,52,28,4,0,0,0,0,0,0,0,0,0,1,0,0,0,0,0,0,0,,,,,
Phillip Dorsett,WR,NE,11,PHI,0,0,0,0,0,0,0,0,3,33,1,5,0,0,0,0,0,0,0,0,0,0,,,,,
Phillip Lindsay,RB,DEN,11,MIN,0,0,0,0,0,67,0,16,2,8,0,2,0,0,0,0,0,0,0,0,0,0,,,,,
Qadree Ollison,RB,ATL,11,CAR,0,0,0,0,0,11,1,4,0,0,0,1,0,0,0,0,0,0,0,0,0,0,,,,,
Raheem Mostert,RB,SF,11,ARI,0,0,0,0,0,13,0,6,2,14,0,3,0,0,0,0,0,0,0,0,0,0,,,,,
Randall Cobb,WR,DAL,11,DET,0,0,0,0,0,0,0,0,4,115,1,7,0,0,0,0,0,0,0,0,0,0,,,,,
Randy Bullock,K,CIN,11,LV,0,0,0,0,0,0,0,0,0,0,0,0,0,0,0,0,0,0,1,0,0,1,,,,,
Reggie Bonnafon,RB,CAR,11,ATL,0,0,0,0,0,0,0,0,2,8,0,3,0,0,0,0,0,0,0,0,0,0,,,,,
Rex Burkhead,RB,NE,11,PHI,0,0,0,0,0,14,0,5,2,34,0,3,0,0,0,0,0,0,0,0,0,0,,,,,
Richie James,WR,SF,11,ARI,0,0,0,0,0,0,0,0,1,57,0,1,0,0,0,0,0,0,0,0,0,0,,,,,
Robbie Chosen,WR,NYJ,11,WAS,0,0,0,0,0,0,0,0,1,6,1,3,0,0,0,0,0,0,0,0,0,0,,,,,
Robert Griffin III,QB,BAL,11,HOU,15,0,2,2,0,-1,0,1,0,0,0,0,0,0,0,0,0,0,0,0,0,0,,,,,
Ronald Jones,RB,TB,11,NO,0,0,0,0,0,13,0,4,2,1,0,4,0,0,0,0,0,0,0,0,0,0,,,,,
Ross Dwelley,TE,SF,11,ARI,0,0,0,0,0,0,0,0,4,14,2,5,0,0,0,0,0,0,0,0,0,0,,,,,
Royce Freeman,RB,DEN,11,MIN,0,0,0,0,0,31,0,8,1,14,0,1,0,0,0,0,0,0,0,0,0,0,,,,,
Russell Gage,WR,ATL,11,CAR,0,0,0,0,0,0,0,0,2,32,0,4,0,0,0,0,0,0,0,0,0,0,,,,,
Ryan Finley,QB,CIN,11,LV,115,0,31,13,1,47,0,3,0,0,0,0,0,0,0,0,0,0,0,0,0,0,,,,,
Ryan Fitzpatrick,QB,MIA,11,BUF,323,0,45,32,0,0,0,1,0,0,0,0,0,0,0,0,0,0,0,0,0,0,,,,,
Ryan Griffin,TE,NYJ,11,WAS,0,0,0,0,0,0,0,0,5,109,1,5,0,0,0,0,0,0,0,0,0,0,,,,,
Ryquell Armstead,RB,JAX,11,IND,0,0,0,0,0,6,0,1,2,13,0,2,0,0,0,0,0,0,0,0,0,0,,,,,
SF,DEF,SF,11,ARI,,,,,,,,,,,,,,,,,,,,,,,0,0,0,0,26.0
Sam Darnold,QB,NYJ,11,WAS,293,4,30,19,1,-3,0,2,0,0,0,0,0,0,0,0,0,0,0,0,0,0,,,,,
Sam Ficken,K,NYJ,11,WAS,0,0,0,0,0,0,0,0,0,0,0,0,0,0,0,0,0,0,0,0,0,4,,,,,
Sammy Watkins,WR,KC,11,LAC,0,0,0,0,0,0,0,0,2,26,0,3,0,0,0,0,0,0,0,0,0,0,,,,,
Scott Miller,WR,TB,11,NO,0,0,0,0,0,0,0,0,4,71,0,6,0,0,0,0,0,0,0,0,0,0,,,,,
Senorise Perry,RB,BUF,11,MIA,0,0,0,0,0,0,0,0,0,0,0,0,0,0,0,0,0,0,0,0,0,0,,,,,
Seth Roberts,WR,BAL,11,HOU,0,0,0,0,0,0,0,0,1,15,1,1,0,0,0,0,0,0,0,0,0,0,,,,,
Sony Michel,RB,NE,11,PHI,0,0,0,0,0,33,0,10,2,11,0,4,0,0,0,0,0,0,0,0,0,0,,,,,
Stefon Diggs,WR,MIN,11,DEN,0,0,0,0,0,0,0,0,5,121,1,5,0,0,0,0,0,0,0,0,0,0,,,,,
Stephen Carlson,TE,CLE,11,PIT,0,0,0,0,0,0,0,0,1,8,1,1,0,0,0,0,0,0,0,0,0,0,,,,,
Steven Hauschka,K,BUF,11,MIA,0,0,0,0,0,0,0,0,0,0,0,0,0,0,0,0,1,1,0,1,0,4,,,,,
Steven Sims,WR,WAS,11,NYJ,0,0,0,0,0,0,0,0,2,6,0,4,0,0,0,0,0,0,0,0,0,0,,,,,
T.J. Hockenson,TE,DET,11,DAL,0,0,0,0,0,0,0,0,1,6,0,2,0,0,0,0,0,0,0,0,0,0,,,,,
T.J. Logan,RB,TB,11,NO,0,0,0,0,0,0,0,0,1,11,0,1,0,0,0,0,0,0,0,0,0,0,,,,,
TB,DEF,TB,11,NO,,,,,,,,,,,,,,,,,,,,,,,0,0,0,0,34.0
Taiwan Jones,RB,HOU,11,BAL,0,0,0,0,0,0,0,0,0,0,0,0,0,0,0,0,0,0,0,0,0,0,,,,,
Tarik Cohen,RB,CHI,11,LA,0,0,0,0,0,39,0,9,5,35,1,6,0,0,0,0,0,0,0,0,0,0,,,,,
Tavon Austin,WR,DAL,11,DET,0,0,0,0,0,0,0,0,0,0,0,1,0,0,0,0,0,0,0,0,0,0,,,,,
Taylor Gabriel,WR,CHI,11,LA,0,0,0,0,0,0,0,0,7,57,0,14,0,0,0,0,0,0,0,0,0,0,,,,,
Taysom Hill,TE,NO,11,TB,0,0,0,0,0,2,0,1,1,2,0,1,0,0,0,0,0,0,0,0,0,0,,,,,
Ted Ginn,WR,NO,11,TB,0,0,0,0,0,0,0,0,2,14,1,4,0,0,0,0,0,0,0,0,0,0,,,,,
Terry McLaurin,WR,WAS,11,NYJ,0,0,0,0,0,0,0,0,3,69,0,4,0,0,0,0,0,0,0,0,0,0,,,,,
Tevin Coleman,RB,SF,11,ARI,0,0,0,0,0,14,0,12,3,48,0,4,0,0,0,0,0,0,0,0,0,0,,,,,
Tevin Jones,WR,PIT,11,CLE,0,0,0,0,0,0,0,0,2,24,0,4,0,0,0,0,0,0,0,0,0,0,,,,,
Tim Patrick,WR,DEN,11,MIN,0,0,0,0,0,0,0,0,4,77,0,8,0,0,0,0,0,0,0,0,0,0,,,,,
Todd Gurley,RB,LA,11,CHI,0,0,0,0,0,97,1,25,3,36,0,3,0,0,0,0,0,0,0,0,0,0,,,,,
Tom Brady,QB,NE,11,PHI,216,0,47,26,0,-1,0,1,0,0,0,0,0,0,0,0,0,0,0,0,0,0,,,,,
Tony Brooks-James,RB,PIT,11,CLE,0,0,0,0,0,-4,0,1,0,0,0,0,0,0,0,0,0,0,0,0,0,0,,,,,
Tony Pollard,RB,DAL,11,DET,0,0,0,0,0,12,0,2,4,44,1,4,0,0,1,0,0,0,0,0,0,0,,,,,
Travis Kelce,TE,KC,11,LAC,0,0,0,0,0,0,0,0,7,92,1,10,0,0,0,0,0,0,0,0,0,0,,,,,
Tre'Quan Smith,WR,NO,11,TB,0,0,0,0,0,0,0,0,0,0,0,1,0,0,0,0,0,0,0,0,0,0,,,,,
Trevon Wesco,TE,NYJ,11,WAS,0,0,0,0,0,0,0,0,0,0,0,0,0,0,0,0,0,0,0,0,0,0,,,,,
Trevor Davis,WR,LV,11,CIN,0,0,0,0,0,0,0,0,0,0,0,0,0,0,0,0,0,0,0,0,0,0,,,,,
Trey Edmunds,RB,PIT,11,CLE,0,0,0,0,0,11,0,3,3,27,0,3,0,0,0,0,0,0,0,0,0,0,,,,,
Trey Quinn,WR,WAS,11,NYJ,0,0,0,0,0,0,0,0,2,9,0,4,0,0,1,0,0,0,0,0,0,0,,,,,
Troy Fumagalli,TE,DEN,11,MIN,0,0,0,0,0,0,0,0,1,3,1,3,0,0,0,0,0,0,0,0,0,0,,,,,
Troymaine Pope,RB,LAC,11,KC,0,0,0,0,0,0,0,0,0,0,0,1,0,0,0,0,0,0,0,0,0,0,,,,,
Ty Johnson,RB,DET,11,DAL,0,0,0,0,0,6,0,2,1,0,0,1,0,0,0,0,0,0,0,0,0,0,,,,,
Ty Montgomery,WR,NYJ,11,WAS,0,0,0,0,0,11,0,2,0,0,0,1,0,0,0,0,0,0,0,0,0,0,,,,,
Tyler Boyd,WR,CIN,11,LV,0,0,0,0,0,10,0,1,1,0,0,3,0,0,0,0,0,0,0,0,0,0,,,,,
Tyler Conklin,TE,MIN,11,DEN,0,0,0,0,0,0,0,0,2,28,0,3,0,0,0,0,0,0,0,0,0,0,,,,,
Tyler Eifert,TE,CIN,11,LV,0,0,0,0,0,0,0,0,3,21,0,4,0,0,0,0,0,0,0,0,0,0,,,,,
Tyler Kroft,TE,BUF,11,MIA,0,0,0,0,0,0,0,0,1,6,0,1,0,0,0,0,0,0,0,0,0,0,,,,,
Tyreek Hill,WR,KC,11,LAC,0,0,0,0,0,0,0,0,0,0,0,2,0,0,0,0,0,0,0,0,0,0,,,,,
Tyrell Williams,WR,LV,11,CIN,0,0,0,0,0,0,0,0,4,82,0,4,0,0,0,0,0,0,0,0,0,0,,,,,
Vance McDonald,TE,PIT,11,CLE,0,0,0,0,0,0,0,0,3,33,0,7,0,0,0,0,0,0,0,0,0,0,,,,,
Virgil Green,TE,LAC,11,KC,0,0,0,0,0,0,0,0,1,8,0,1,0,0,0,0,0,0,0,0,0,0,,,,,
Vyncint Smith,WR,NYJ,11,WAS,0,0,0,0,0,0,0,0,0,0,0,1,0,0,0,0,0,0,0,0,0,0,,,,,
WAS,DEF,WAS,11,NYJ,,,,,,,,,,,,,,,,,,,,,,,0,0,0,0,34.0
Wendell Smallwood,RB,WAS,11,NYJ,0,0,0,0,0,0,0,0,1,11,0,3,0,0,0,0,0,0,0,0,0,0,,,,,
Wil Lutz,K,NO,11,TB,0,0,0,0,0,0,0,0,0,0,0,0,0,0,0,0,1,0,1,0,0,4,,,,,
Willie Snead,WR,BAL,11,HOU,0,0,0,0,0,0,0,0,2,13,0,3,0,0,0,0,0,0,0,0,0,0,,,,,
Younghoe Koo,K,ATL,11,CAR,0,0,0,0,0,0,0,0,0,0,0,0,0,0,0,0,2,1,0,0,0,2,,,,,
Zach Ertz,TE,PHI,11,NE,0,0,0,0,0,0,0,0,9,94,0,11,0,0,0,0,0,0,0,0,0,0,,,,,
Zach Pascal,WR,IND,11,JAX,0,0,0,0,0,0,0,0,2,17,0,6,0,0,0,0,0,0,0,0,0,0,,,,,
Zane Gonzalez,K,ARI,11,SF,0,0,0,0,0,0,0,0,0,0,0,0,0,0,0,0,1,0,1,0,0,2,,,,,
Zay Jones,WR,LV,11,CIN,0,0,0,0,0,0,0,0,3,25,0,3,0,0,0,0,0,0,0,0,0,0,,,,,
A.J. Brown,WR,TEN,12,JAX,0,0,0,0,0,0,0,0,4,135,1,5,0,0,0,0,0,0,0,0,0,0,,,,,
ATL,DEF,ATL,12,TB,,,,,,,,,,,,,,,,,,,,,,,0,0,0,0,35.0
Aaron Jones,RB,GB,12,SF,0,0,0,0,0,38,0,13,0,0,0,1,0,0,0,0,0,0,0,0,0,0,,,,,
Aaron Rodgers,QB,GB,12,SF,104,1,33,20,0,13,0,3,0,0,0,0,0,0,1,0,0,0,0,0,0,0,,,,,
Adam Humphries,WR,TEN,12,JAX,0,0,0,0,0,0,0,0,3,20,0,3,0,0,0,0,0,0,0,0,0,0,,,,,
Adam Vinatieri,K,IND,12,HOU,0,0,0,0,0,0,0,0,0,0,0,0,0,0,0,0,0,1,0,0,0,2,,,,,
Adrian Peterson,RB,WAS,12,DET,0,0,0,0,0,27,0,10,1,22,0,1,0,0,0,0,0,0,0,0,0,0,,,,,
Albert Wilson,WR,MIA,12,CLE,0,0,0,0,0,4,0,1,6,33,0,7,0,0,0,0,0,0,0,0,0,0,,,,,
Aldrick Rosas,K,NYG,12,CHI,0,0,0,0,0,0,0,0,0,0,0,0,0,0,0,0,0,0,0,0,0,2,,,,,
Alex Armah,RB,CAR,12,NO,0,0,0,0,0,0,0,1,0,0,0,0,0,0,0,0,0,0,0,0,0,0,,,,,
Alex Erickson,WR,CIN,12,PIT,0,0,0,0,0,0,0,0,2,43,0,8,0,0,0,0,0,0,0,0,0,0,,,,,
Allen Hurns,WR,MIA,12,CLE,0,0,0,0,0,0,0,0,4,42,1,7,0,0,0,0,0,0,0,0,0,0,,,,,
Allen Lazard,WR,GB,12,SF,0,0,0,0,0,21,0,1,1,7,0,2,0,0,0,0,0,0,0,0,0,0,,,,,
Allen Robinson,WR,CHI,12,NYG,0,0,0,0,0,0,0,0,6,131,1,10,0,0,0,0,0,0,0,0,0,0,,,,,
Alvin Kamara,RB,NO,12,CAR,0,0,0,0,0,54,0,11,9,48,0,9,0,0,0,0,0,0,0,0,0,0,,,,,
Amari Cooper,WR,DAL,12,NE,0,0,0,0,0,0,0,0,0,0,0,2,0,0,0,0,0,0,0,0,0,0,,,,,
Andre Roberts,WR,BUF,12,DEN,0,0,0,0,0,0,0,0,0,0,0,0,0,0,0,0,0,0,0,0,0,0,,,,,
Anthony Miller,WR,CHI,12,NYG,0,0,0,0,0,0,0,0,6,77,0,9,0,0,0,0,0,0,0,0,0,0,,,,,
Auden Tate,WR,CIN,12,PIT,0,0,0,0,0,0,0,0,1,10,0,3,0,0,0,0,0,0,0,0,0,0,,,,,
Austin Seibert,K,CLE,12,MIA,0,0,0,0,0,0,0,0,0,0,0,0,0,0,0,0,1,0,1,0,0,5,,,,,
BAL,DEF,BAL,12,LA,,,,,,,,,,,,,,,,,,,,,,,0,0,0,0,6.0
BUF,DEF,BUF,12,DEN,,,,,,,,,,,,,,,,,,,,,,,0,0,0,0,3.0
Baker Mayfield,QB,CLE,12,MIA,327,3,34,24,1,5,0,2,0,0,0,0,0,0,0,0,0,0,0,0,0,0,,,,,
Ben Braunecker,TE,CHI,12,NYG,0,0,0,0,0,0,0,0,2,9,0,4,0,0,0,0,0,0,0,0,0,0,,,,,
Ben Koyack,TE,JAX,12,TEN,0,0,0,0,0,0,0,0,0,0,0,1,0,0,0,0,0,0,0,0,0,0,,,,,
Benjamin Watson,TE,NE,12,DAL,0,0,0,0,0,0,0,0,0,0,0,1,0,0,0,0,0,0,0,0,0,0,,,,,
Benny Snell,RB,PIT,12,CIN,0,0,0,0,0,98,0,21,1,5,0,1,0,0,0,0,0,0,0,0,0,0,,,,,
Bilal Powell,RB,NYJ,12,LV,0,0,0,0,0,15,0,5,1,5,0,2,0,0,0,0,0,0,0,0,0,0,,,,,
Blake Jarwin,TE,DAL,12,NE,0,0,0,0,0,0,0,0,3,17,0,4,0,0,0,0,0,0,0,0,0,0,,,,,
Bo Scarbrough,RB,DET,12,WAS,0,0,0,0,0,98,0,18,0,0,0,1,0,0,0,0,0,0,0,0,0,0,,,,,
Boston Scott,RB,PHI,12,SEA,0,0,0,0,0,0,0,0,0,0,0,0,0,0,0,0,0,0,0,0,0,0,,,,,
Brandin Cooks,WR,LA,12,BAL,0,0,0,0,0,1,0,1,2,32,0,4,0,0,0,0,0,0,0,0,0,0,,,,,
Brandon Allen,QB,DEN,12,BUF,82,0,25,10,1,8,0,2,0,0,0,0,0,0,0,0,0,0,0,0,0,0,,,,,
Brandon Bolden,RB,NE,12,DAL,0,0,0,0,0,11,0,1,0,0,0,0,0,0,0,0,0,0,0,0,0,0,,,,,
Brandon McManus,K,DEN,12,BUF,0,0,0,0,0,0,0,0,0,0,0,0,0,0,0,0,0,0,1,0,0,0,,,,,
Braxton Berrios,WR,NYJ,12,LV,0,0,0,0,0,0,0,0,1,69,0,1,0,0,0,0,0,0,0,0,0,0,,,,,
Breshad Perriman,WR,TB,12,ATL,0,0,0,0,0,0,0,0,1,44,0,1,0,0,0,0,0,0,0,0,0,0,,,,,
Brett Maher,K,DAL,12,NE,0,0,0,0,0,0,0,0,0,0,0,0,0,0,0,0,2,0,1,0,0,0,,,,,
Brian Hill,RB,ATL,12,TB,0,0,0,0,0,14,0,9,3,13,0,4,0,0,0,0,0,0,0,0,0,0,,,,,
C.J. Uzomah,TE,CIN,12,PIT,0,0,0,0,0,0,0,0,0,0,0,1,0,0,0,0,0,0,0,0,0,0,,,,,
CAR,DEF,CAR,12,NO,,,,,,,,,,,,,,,,,,,,,,,0,0,0,0,34.0
CHI,DEF,CHI,12,NYG,,,,,,,,,,,,,,,,,,,,,,,0,0,0,0,14.0
CIN,DEF,CIN,12,PIT,,,,,,,,,,,,,,,,,,,,,,,0,0,0,0,16.0
CLE,DEF,CLE,12,MIA,,,,,,,,,,,,,,,,,,,,,,,0,0,0,0,24.0
Calvin Ridley,WR,ATL,12,TB,0,0,0,0,0,15,0,1,6,85,1,14,0,0,0,0,0,0,0,0,0,0,,,,,
Cameron Brate,TE,TB,12,ATL,0,0,0,0,0,0,0,0,0,0,0,1,0,0,0,0,0,0,0,0,0,0,,,,,
Carlos Hyde,RB,HOU,12,IND,0,0,0,0,0,67,0,16,0,0,0,0,0,0,0,0,0,0,0,0,0,0,,,,,
Carson Wentz,QB,PHI,12,SEA,256,1,45,33,2,27,0,5,0,0,0,0,0,0,0,0,0,0,0,0,0,0,,,,,
Case Keenum,QB,WAS,12,DET,0,0,0,0,0,-1,0,1,0,0,0,0,0,0,0,0,0,0,0,0,0,0,,,,,
Chase McLaughlin,K,SF,12,GB,0,0,0,0,0,0,0,0,0,0,0,0,0,0,0,0,2,0,1,0,0,4,,,,,
Chester Rogers,WR,IND,12,HOU,0,0,0,0,0,0,0,0,1,12,0,1,0,0,0,0,0,0,0,0,0,0,,,,,
Chris Boswell,K,PIT,12,CIN,0,0,0,0,0,0,0,0,0,0,0,0,0,0,0,0,2,0,1,0,0,1,,,,,
Chris Carson,RB,SEA,12,PHI,0,0,0,0,0,26,0,8,4,31,0,4,0,0,0,0,0,0,0,0,0,0,,,,,
Chris Conley,WR,JAX,12,TEN,0,0,0,0,0,0,0,0,4,49,0,9,0,0,0,0,0,0,0,0,0,0,,,,,
Chris Godwin Jr.,WR,TB,12,ATL,0,0,0,0,0,0,0,0,7,184,2,8,0,0,0,0,0,0,0,0,0,0,,,,,
Christian Blake,WR,ATL,12,TB,0,0,0,0,0,0,0,0,2,16,0,9,0,0,0,0,0,0,0,0,0,0,,,,,
Christian McCaffrey,RB,CAR,12,NO,0,0,0,0,0,64,1,22,9,69,1,9,0,0,0,0,0,0,0,0,0,0,,,,,
Cody Core,WR,NYG,12,CHI,0,0,0,0,0,0,0,0,0,0,0,0,0,0,0,0,0,0,0,0,0,0,,,,,
Cody Latimer,WR,NYG,12,CHI,0,0,0,0,0,0,0,0,1,7,0,1,0,0,0,0,0,0,0,0,0,0,,,,,
Cole Beasley,WR,BUF,12,DEN,0,0,0,0,0,0,0,0,6,76,1,9,0,0,0,0,0,0,0,0,0,0,,,,,
Cooper Kupp,WR,LA,12,BAL,0,0,0,0,0,0,0,0,6,35,0,10,0,0,0,0,0,0,0,0,0,0,,,,,
Cordarrelle Patterson,RB,CHI,12,NYG,0,0,0,0,0,0,0,0,0,0,0,0,0,0,0,0,0,0,0,0,0,0,,,,,
Corey Davis,WR,TEN,12,JAX,0,0,0,0,0,0,0,0,2,29,0,3,0,0,0,0,0,0,0,0,0,0,,,,,
Courtland Sutton,WR,DEN,12,BUF,0,0,0,0,0,0,0,0,1,27,0,8,0,0,0,0,0,0,0,0,0,0,,,,,
Curtis Samuel,WR,CAR,12,NO,0,0,0,0,0,40,0,4,1,9,0,4,0,0,0,0,0,0,0,0,0,0,,,,,
D'Ernest Johnson,RB,CLE,12,MIA,0,0,0,0,0,0,0,0,0,0,0,0,0,0,0,0,0,0,0,0,0,0,,,,,
DAL,DEF,DAL,12,NE,,,,,,,,,,,,,,,,,,,,,,,0,0,0,0,13.0
DEN,DEF,DEN,12,BUF,,,,,,,,,,,,,,,,,,,,,,,0,0,0,0,20.0
DET,DEF,DET,12,WAS,,,,,,,,,,,,,,,,,,,,,,,0,0,0,0,19.0
DJ Chark,WR,JAX,12,TEN,0,0,0,0,0,0,0,0,5,38,0,6,0,0,1,0,0,0,0,0,0,0,,,,,
DJ Moore,WR,CAR,12,NO,0,0,0,0,0,8,0,1,6,126,2,9,0,0,0,0,0,0,0,0,0,0,,,,,
DK Metcalf,WR,SEA,12,PHI,0,0,0,0,0,0,0,0,3,35,0,6,0,0,0,0,0,0,0,0,0,0,,,,,
DaeSean Hamilton,WR,DEN,12,BUF,0,0,0,0,0,0,0,0,0,0,0,1,0,0,0,0,0,0,0,0,0,0,,,,,
Dak Prescott,QB,DAL,12,NE,212,0,33,19,1,4,0,1,0,0,0,0,0,0,0,0,0,0,0,0,0,0,,,,,
Dallas Goedert,TE,PHI,12,SEA,0,0,0,0,0,0,0,0,7,32,0,8,0,0,0,0,0,0,0,0,0,0,,,,,
Dalton Schultz,TE,DAL,12,NE,0,0,0,0,0,0,0,0,0,0,0,0,0,0,0,0,0,0,0,0,0,0,,,,,
Daniel Brown,TE,NYJ,12,LV,0,0,0,0,0,0,0,0,0,0,0,0,0,0,0,0,0,0,0,0,0,0,,,,,
Daniel Carlson,K,LV,12,NYJ,0,0,0,0,0,0,0,0,0,0,0,0,0,0,0,0,0,0,1,0,0,0,,,,,
Daniel Jones,QB,NYG,12,CHI,150,2,36,21,0,27,0,2,0,0,0,0,0,0,0,0,0,0,0,0,0,0,,,,,
Danny Amendola,WR,DET,12,WAS,0,0,0,0,0,0,0,0,3,21,0,3,0,0,0,0,0,0,0,0,0,0,,,,,
Danny Vitale,RB,GB,12,SF,0,0,0,0,0,0,0,0,1,3,0,1,0,0,0,0,0,0,0,0,0,0,,,,,
Dare Ogunbowale,RB,TB,12,ATL,0,0,0,0,0,12,0,1,0,0,0,1,0,0,0,0,0,0,0,0,0,0,,,,,
Darius Slayton,WR,NYG,12,CHI,0,0,0,0,0,0,0,0,4,67,0,7,0,0,0,0,0,0,0,0,0,0,,,,,
Darren Fells,TE,HOU,12,IND,0,0,0,0,0,0,0,0,1,24,0,2,0,0,0,0,0,0,0,0,0,0,,,,,
Darren Waller,TE,LV,12,NYJ,0,0,0,0,0,0,0,0,3,41,0,6,0,0,0,0,0,0,0,0,0,0,,,,,
Davante Adams,WR,GB,12,SF,0,0,0,0,0,0,0,0,7,43,1,12,0,0,1,0,0,0,0,0,0,0,,,,,
David Montgomery,RB,CHI,12,NYG,0,0,0,0,0,22,0,13,2,9,0,3,0,0,0,0,0,0,0,0,0,0,,,,,
David Moore,WR,SEA,12,PHI,0,0,0,0,0,4,0,1,1,31,0,2,0,0,0,0,0,0,0,0,0,0,,,,,
Dawson Knox,TE,BUF,12,DEN,0,0,0,0,0,0,0,0,2,11,0,2,0,0,0,0,0,0,0,0,0,0,,,,,
De'Anthony Thomas,WR,BAL,12,LA,0,0,0,0,0,0,0,0,0,0,0,0,0,0,0,0,0,0,0,0,0,0,,,,,
DeAndre Carter,WR,HOU,12,IND,0,0,0,0,0,0,0,0,0,0,0,0,0,0,0,0,0,0,0,0,0,0,,,,,
DeAndre Hopkins,WR,HOU,12,IND,0,0,0,0,0,0,0,0,6,94,2,8,0,0,0,0,0,0,0,0,0,0,,,,,
DeAndre Washington,RB,LV,12,NYJ,0,0,0,0,0,19,0,6,1,0,0,1,0,0,0,0,0,0,0,0,0,0,,,,,
DeAndrew White,WR,CAR,12,NO,0,0,0,0,0,0,0,0,0,0,0,0,0,0,0,0,0,0,0,0,0,0,,,,,
DeVante Parker,WR,MIA,12,CLE,0,0,0,0,0,0,0,0,6,91,0,11,0,0,0,0,0,0,0,0,0,0,,,,,
Dede Westbrook,WR,JAX,12,TEN,0,0,0,0,0,0,0,0,8,69,0,9,0,0,0,0,0,0,0,0,0,0,,,,,
Deebo Samuel Sr.,WR,SF,12,GB,0,0,0,0,0,0,0,0,2,50,1,2,0,0,0,0,0,0,0,0,0,0,,,,,
Demaryius Thomas,WR,NYJ,12,LV,0,0,0,0,0,0,0,0,2,22,0,3,0,0,0,0,0,0,0,0,0,0,,,,,
Demetrius Harris,TE,CLE,12,MIA,0,0,0,0,0,0,0,0,2,20,0,2,0,0,0,0,0,0,0,0,0,0,,,,,
Deon Cain,WR,PIT,12,CIN,0,0,0,0,0,0,0,0,1,35,0,1,0,0,0,0,0,0,0,0,0,0,,,,,
Derek Carr,QB,LV,12,NYJ,127,0,27,15,1,11,0,1,0,0,0,0,0,0,0,0,0,0,0,0,0,0,,,,,
Derek Carrier,TE,LV,12,NYJ,0,0,0,0,0,0,0,0,0,0,0,1,0,0,0,0,0,0,0,0,0,0,,,,,
Derrick Henry,RB,TEN,12,JAX,0,0,0,0,0,159,2,19,1,16,0,1,0,0,0,0,0,0,0,0,0,0,,,,,
Derrius Guice,RB,WAS,12,DET,0,0,0,0,0,32,0,10,1,6,0,2,0,0,0,0,0,0,0,0,0,0,,,,,
Deshaun Watson,QB,HOU,12,IND,298,2,30,19,1,10,0,3,0,0,0,0,0,0,0,0,0,0,0,0,0,0,,,,,
Devin Singletary,RB,BUF,12,DEN,0,0,0,0,0,106,0,21,1,8,0,2,0,0,0,0,0,0,0,0,0,0,,,,,
Devine Ozigbo,RB,JAX,12,TEN,0,0,0,0,0,0,0,0,0,0,0,0,0,0,0,0,0,0,0,0,0,0,,,,,
Devlin Hodges,QB,PIT,12,CIN,118,1,11,5,0,1,0,3,0,0,0,0,0,0,0,0,0,0,0,0,0,0,,,,,
Devontae Booker,RB,DEN,12,BUF,0,0,0,0,0,0,0,0,0,0,0,0,0,0,0,0,0,0,0,0,0,0,,,,,
Dion Lewis,RB,TEN,12,JAX,0,0,0,0,0,21,0,5,1,24,0,2,0,0,0,0,0,0,0,0,0,0,,,,,
Diontae Johnson,WR,PIT,12,CIN,0,0,0,0,0,0,0,0,3,29,0,6,0,0,0,0,0,0,0,0,0,0,,,,,
Diontae Spencer,WR,DEN,12,BUF,0,0,0,0,0,0,0,0,1,0,0,1,0,0,0,0,0,0,0,0,0,0,,,,,
Dontrell Hilliard,RB,CLE,12,MIA,0,0,0,0,0,0,0,0,0,0,0,0,0,0,0,0,0,0,0,0,0,0,,,,,
Drew Brees,QB,NO,12,CAR,311,3,39,30,1,0,0,0,0,0,0,0,0,0,0,0,0,0,0,0,0,0,,,,,
Duke Johnson,RB,HOU,12,IND,0,0,0,0,0,22,0,5,1,8,0,1,0,0,0,0,0,0,0,0,0,0,,,,,
Durham Smythe,TE,MIA,12,CLE,0,0,0,0,0,0,0,0,0,0,0,2,0,0,0,0,0,0,0,0,0,0,,,,,
Dustin Hopkins,K,WAS,12,DET,0,0,0,0,0,0,0,0,0,0,0,0,0,0,0,0,1,2,1,0,0,1,,,,,
Dwayne Haskins,QB,WAS,12,DET,156,0,29,13,1,28,0,3,0,0,0,0,0,0,0,0,0,0,0,0,0,0,,,,,
Eddy Pineiro,K,CHI,12,NYG,0,0,0,0,0,0,0,0,0,0,0,0,0,0,0,0,2,0,0,0,0,1,,,,,
Emmanuel Sanders,WR,SF,12,GB,0,0,0,0,0,0,0,0,1,15,0,1,0,0,0,0,0,0,0,0,0,0,,,,,
Eric Ebron,TE,IND,12,HOU,0,0,0,0,0,0,0,0,4,44,0,5,0,0,0,0,0,0,0,0,0,0,,,,,
Ezekiel Elliott,RB,DAL,12,NE,0,0,0,0,0,86,0,21,4,40,0,4,0,0,0,0,0,0,0,0,0,0,,,,,
Foster Moreau,TE,LV,12,NYJ,0,0,0,0,0,0,0,0,1,3,0,1,0,0,0,0,0,0,0,0,0,0,,,,,
Frank Gore,RB,BUF,12,DEN,0,0,0,0,0,65,0,15,0,0,0,0,0,0,0,0,0,0,0,0,0,0,,,,,
Fred Brown,WR,DEN,12,BUF,0,0,0,0,0,0,0,0,0,0,0,0,0,0,0,0,0,0,0,0,0,0,,,,,
GB,DEF,GB,12,SF,,,,,,,,,,,,,,,,,,,,,,,0,0,0,0,37.0
Garrett Gilbert,QB,CLE,12,MIA,0,0,0,0,0,-1,0,1,0,0,0,0,0,0,0,0,0,0,0,0,0,0,,,,,
George Kittle,TE,SF,12,GB,0,0,0,0,0,0,0,0,6,129,1,6,0,0,0,0,0,0,0,0,0,0,,,,,
Gerald Everett,TE,LA,12,BAL,0,0,0,0,0,0,0,0,2,23,0,2,0,0,0,0,0,0,0,0,0,0,,,,,
Geronimo Allison,WR,GB,12,SF,0,0,0,0,0,0,0,0,3,9,0,4,0,0,0,0,0,0,0,0,0,0,,,,,
Giovani Bernard,RB,CIN,12,PIT,0,0,0,0,0,-1,0,1,3,31,0,3,0,0,0,0,0,0,0,0,0,0,,,,,
Golden Tate,WR,NYG,12,CHI,0,0,0,0,0,0,0,0,3,33,1,7,0,0,0,0,0,0,0,0,0,0,,,,,
Greg Olsen,TE,CAR,12,NO,0,0,0,0,0,0,0,0,5,44,0,7,0,0,0,0,0,0,0,0,0,0,,,,,
Greg Ward,WR,PHI,12,SEA,0,0,0,0,0,0,0,0,6,40,0,7,0,0,0,0,0,0,0,0,0,0,,,,,
Greg Zuerlein,K,LA,12,BAL,0,0,0,0,0,0,0,0,0,0,0,0,0,0,0,0,0,1,1,0,0,0,,,,,
Gus Edwards,RB,BAL,12,LA,0,0,0,0,0,55,0,14,0,0,0,0,0,0,0,0,0,0,0,0,0,0,,,,,
HOU,DEF,HOU,12,IND,,,,,,,,,,,,,,,,,,,,,,,0,0,0,0,17.0
Hayden Hurst,TE,BAL,12,LA,0,0,0,0,0,0,0,0,0,0,0,1,0,0,0,0,0,0,0,0,0,0,,,,,
Hunter Renfrow,WR,LV,12,NYJ,0,0,0,0,0,0,0,0,3,31,0,5,0,0,0,0,0,0,0,0,0,0,,,,,
IND,DEF,IND,12,HOU,,,,,,,,,,,,,,,,,,,,,,,0,0,0,0,20.0
Ian Thomas,TE,CAR,12,NO,0,0,0,0,0,0,0,0,1,4,0,2,0,0,0,0,0,0,0,0,0,0,,,,,
Isaiah McKenzie,WR,BUF,12,DEN,0,0,0,0,0,-5,0,1,2,13,0,3,0,0,0,0,0,0,0,0,0,0,,,,,
J.D. McKissic,RB,DET,12,WAS,0,0,0,0,0,3,0,1,2,17,0,2,0,0,0,0,0,0,0,0,0,0,,,,,
J.J. Arcega-Whiteside,WR,PHI,12,SEA,0,0,0,0,0,0,0,0,2,43,0,5,0,0,0,0,0,0,0,0,0,0,,,,,
JAX,DEF,JAX,12,TEN,,,,,,,,,,,,,,,,,,,,,,,0,0,0,0,42.0
Jack Doyle,TE,IND,12,HOU,0,0,0,0,0,0,0,0,3,28,0,4,0,0,0,0,0,0,0,0,0,0,,,,,
Jacob Hollister,TE,SEA,12,PHI,0,0,0,0,0,0,0,0,2,22,0,4,0,0,0,0,0,0,0,0,0,0,,,,,
Jacoby Brissett,QB,IND,12,HOU,129,0,25,16,0,20,1,4,0,0,0,0,0,0,0,0,0,0,0,0,0,0,,,,,
Jaeden Graham,TE,ATL,12,TB,0,0,0,0,0,0,0,0,1,53,0,2,0,0,0,0,0,0,0,0,0,0,,,,,
Jake Elliott,K,PHI,12,SEA,0,0,0,0,0,0,0,0,0,0,0,0,0,0,0,0,1,0,0,0,0,0,,,,,
Jake Kumerow,WR,GB,12,SF,0,0,0,0,0,0,0,0,0,0,0,1,0,0,0,0,0,0,0,0,0,0,,,,,
Jakeem Grant,WR,MIA,12,CLE,0,0,0,0,0,0,0,0,0,0,0,1,0,0,0,0,0,0,0,0,0,0,,,,,
Jakobi Meyers,WR,NE,12,DAL,0,0,0,0,0,0,0,0,4,74,0,9,0,0,0,0,0,0,0,0,0,0,,,,,
Jalen Richard,RB,LV,12,NYJ,0,0,0,0,0,4,0,2,6,47,0,7,0,0,0,0,0,0,0,0,0,0,,,,,
Jamaal Williams,RB,GB,12,SF,0,0,0,0,0,45,0,11,7,35,0,8,0,0,0,0,0,0,0,0,0,0,,,,,
Jameis Winston,QB,TB,12,ATL,313,3,28,18,2,38,0,8,0,0,0,0,0,0,0,0,0,0,0,0,0,0,,,,,
James Washington,WR,PIT,12,CIN,0,0,0,0,0,0,0,0,3,98,1,7,0,0,0,0,0,0,0,0,0,0,,,,,
James White,RB,NE,12,DAL,0,0,0,0,0,5,0,2,1,-6,0,3,0,0,0,0,0,0,0,0,0,0,,,,,
Jamison Crowder,WR,NYJ,12,LV,0,0,0,0,0,0,0,0,2,18,0,4,0,0,0,0,0,0,0,0,0,0,,,,,
Jared Cook,TE,NO,12,CAR,0,0,0,0,0,0,0,0,6,99,1,8,0,0,0,0,0,0,0,0,0,0,,,,,
Jared Goff,QB,LA,12,BAL,212,0,37,26,2,-1,0,1,0,0,0,0,0,0,0,0,0,0,0,0,0,0,,,,,
Jarius Wright,WR,CAR,12,NO,0,0,0,0,0,0,0,0,1,4,0,1,0,0,0,0,0,0,0,0,0,0,,,,,
Jarvis Landry,WR,CLE,12,MIA,0,0,0,0,0,0,0,0,10,148,2,13,0,0,0,0,0,0,0,0,0,0,,,,,
Jason Myers,K,SEA,12,PHI,0,0,0,0,0,0,0,0,0,0,0,0,0,0,0,0,1,0,0,0,0,2,,,,,
Jason Sanders,K,MIA,12,CLE,0,0,0,0,0,0,0,0,0,0,0,0,0,0,0,0,0,1,0,0,0,3,,,,,
Jason Witten,TE,DAL,12,NE,0,0,0,0,0,0,0,0,1,5,0,4,0,0,0,0,0,0,0,0,0,0,,,,,
Javon Wims,WR,CHI,12,NYG,0,0,0,0,0,0,0,0,0,0,0,2,0,0,0,0,0,0,0,0,0,0,,,,,
Jay Ajayi,RB,PHI,12,SEA,0,0,0,0,0,16,0,6,0,0,0,0,0,0,0,0,0,0,0,0,0,0,,,,,
Jaylen Samuels,RB,PIT,12,CIN,0,0,0,0,0,6,0,2,3,26,0,3,0,0,0,0,0,0,0,0,0,0,,,,,
Jeff Driskel,QB,DET,12,WAS,207,1,33,20,3,63,0,9,0,0,0,0,0,0,0,0,0,0,0,0,0,0,,,,,
Jeff Wilson,RB,SF,12,GB,0,0,0,0,0,27,0,2,0,0,0,1,0,0,0,0,0,0,0,0,0,0,,,,,
Jeremy Sprinkle,TE,WAS,12,DET,0,0,0,0,0,0,0,0,1,4,0,2,0,0,0,0,0,0,0,0,0,0,,,,,
Jesper Horsted,TE,CHI,12,NYG,0,0,0,0,0,0,0,0,1,4,0,1,0,0,0,0,0,0,0,0,0,0,,,,,
Jesse James,TE,DET,12,WAS,0,0,0,0,0,0,0,0,1,7,0,1,0,0,0,0,0,0,0,0,0,0,,,,,
Jimmy Garoppolo,QB,SF,12,GB,253,2,20,14,0,1,0,2,0,0,0,0,0,0,0,0,0,0,0,0,0,0,,,,,
Jimmy Graham,TE,GB,12,SF,0,0,0,0,0,0,0,0,1,7,0,2,0,0,0,0,0,0,0,0,0,0,,,,,
JoJo Natson,WR,LA,12,BAL,0,0,0,0,0,0,0,0,0,0,0,0,0,0,0,0,0,0,0,0,0,0,,,,,
Joe Mixon,RB,CIN,12,PIT,0,0,0,0,0,79,0,18,0,0,0,0,0,0,0,0,0,0,0,0,0,0,,,,,
Joey Slye,K,CAR,12,NO,0,0,0,0,0,0,0,0,0,0,0,0,0,0,0,0,0,0,1,1,0,1,,,,,
John Brown,WR,BUF,12,DEN,0,0,0,0,0,0,0,0,2,39,1,4,0,0,0,0,0,0,0,0,0,0,,,,,
Johnny Holton,WR,PIT,12,CIN,0,0,0,0,0,0,0,0,0,0,0,0,0,0,0,0,0,0,0,0,0,0,,,,,
Jonathan Williams,RB,IND,12,HOU,0,0,0,0,0,104,1,26,3,17,0,3,0,0,0,0,0,0,0,0,0,0,,,,,
Jonnu Smith,TE,TEN,12,JAX,0,0,0,0,0,4,0,1,0,0,0,0,0,0,0,0,0,0,0,0,0,0,,,,,
Jordan Akins,TE,HOU,12,IND,0,0,0,0,0,0,0,0,3,26,0,4,0,0,0,0,0,0,0,0,0,0,,,,,
Jordan Matthews,TE,PHI,12,SEA,0,0,0,0,0,0,0,0,3,27,0,6,0,0,0,0,0,0,0,0,0,0,,,,,
Jordan Wilkins,RB,IND,12,HOU,0,0,0,0,0,0,0,0,0,0,0,0,0,0,0,0,0,0,0,0,0,0,,,,,
Josh Adams,RB,NYJ,12,LV,0,0,0,0,0,6,0,4,0,0,0,0,0,0,0,0,0,0,0,0,0,0,,,,,
Josh Allen,QB,BUF,12,DEN,185,2,25,15,1,56,0,9,0,0,0,0,0,0,0,0,0,0,0,0,0,0,,,,,
Josh Gordon,WR,SEA,12,PHI,0,0,0,0,0,0,0,0,1,10,0,2,0,0,0,0,0,0,0,0,0,0,,,,,
Josh Hill,TE,NO,12,CAR,0,0,0,0,0,0,0,0,1,12,0,1,0,0,0,0,0,0,0,0,0,0,,,,,
Josh Jacobs,RB,LV,12,NYJ,0,0,0,0,0,34,0,10,1,2,0,1,0,0,0,0,0,0,0,0,0,0,,,,,
Josh Lambo,K,JAX,12,TEN,0,0,0,0,0,0,0,0,0,0,0,0,0,0,0,0,0,0,1,1,0,0,,,,,
Josh Reynolds,WR,LA,12,BAL,0,0,0,0,0,0,0,0,2,8,0,2,0,0,0,0,0,0,0,0,0,0,,,,,
Julian Edelman,WR,NE,12,DAL,0,0,0,0,0,0,0,0,8,93,0,12,0,0,0,0,0,0,0,0,0,0,,,,,
Julio Jones,WR,ATL,12,TB,0,0,0,0,0,0,0,0,5,68,0,10,0,0,0,0,0,0,0,0,0,0,,,,,
Justice Hill,RB,BAL,12,LA,0,0,0,0,0,27,0,8,0,0,0,0,0,0,0,0,0,0,0,0,0,0,,,,,
Justin Tucker,K,BAL,12,LA,0,0,0,0,0,0,0,0,0,0,0,0,0,0,0,0,0,1,0,0,0,6,,,,,
Ka'imi Fairbairn,K,HOU,12,IND,0,0,0,0,0,0,0,0,0,0,0,0,0,0,0,0,0,2,0,0,0,2,,,,,
Kaden Smith,TE,NYG,12,CHI,0,0,0,0,0,0,0,0,5,17,1,6,0,0,0,0,0,0,0,0,0,0,,,,,
Kalen Ballage,RB,MIA,12,CLE,0,0,0,0,0,13,0,7,1,13,0,1,0,0,0,0,0,0,0,0,0,0,,,,,
Kalif Raymond,WR,TEN,12,JAX,0,0,0,0,0,-5,0,1,1,14,0,1,0,0,0,0,0,0,0,0,0,0,,,,,
Kareem Hunt,RB,CLE,12,MIA,0,0,0,0,0,37,1,8,2,9,0,3,0,0,0,0,0,0,0,0,0,0,,,,,
Keelan Cole,WR,JAX,12,TEN,0,0,0,0,0,0,0,0,2,18,0,2,0,0,0,0,0,0,0,0,0,0,,,,,
Kelvin Harmon,WR,WAS,12,DET,0,0,0,0,0,0,0,0,3,43,0,6,0,0,0,0,0,0,0,0,0,0,,,,,
Kendrick Bourne,WR,SF,12,GB,0,0,0,0,0,0,0,0,2,27,0,2,0,0,0,0,0,0,0,0,0,0,,,,,
Kenjon Barner,RB,ATL,12,TB,0,0,0,0,0,0,0,0,2,8,0,2,0,0,0,0,0,0,0,0,0,0,,,,,
Kenny Golladay,WR,DET,12,WAS,0,0,0,0,0,0,0,0,4,61,0,4,0,0,0,0,0,0,0,0,0,0,,,,,
Kenny Stills,WR,HOU,12,IND,0,0,0,0,0,0,0,0,1,6,0,2,0,0,0,0,0,0,0,0,0,0,,,,,
Kerrith Whyte,RB,PIT,12,CIN,0,0,0,0,0,43,0,6,0,0,0,0,0,0,0,0,0,0,0,0,0,0,,,,,
KhaDarel Hodge,WR,CLE,12,MIA,0,0,0,0,0,0,0,0,0,0,0,1,0,0,0,0,0,0,0,0,0,0,,,,,
Kyle Allen,QB,CAR,12,NO,256,3,36,23,0,9,0,1,0,0,0,0,0,0,0,0,0,0,0,0,0,0,,,,,
Kyle Juszczyk,RB,SF,12,GB,0,0,0,0,0,0,0,0,0,0,0,0,0,0,0,0,0,0,0,0,0,0,,,,,
LA,DEF,LA,12,BAL,,,,,,,,,,,,,,,,,,,,,,,0,0,0,0,45.0
LV,DEF,LV,12,NYJ,,,,,,,,,,,,,,,,,,,,,,,0,0,0,0,0.0
Lamar Jackson,QB,BAL,12,LA,169,5,20,15,0,95,0,8,0,0,0,0,0,0,0,0,0,0,0,0,0,0,,,,,
Latavius Murray,RB,NO,12,CAR,0,0,0,0,0,64,1,7,0,0,0,0,0,0,0,0,0,0,0,0,0,0,,,,,
Le'Veon Bell,RB,NYJ,12,LV,0,0,0,0,0,49,0,12,5,59,0,5,0,0,0,0,0,0,0,0,0,0,,,,,
Leonard Fournette,RB,JAX,12,TEN,0,0,0,0,0,97,2,24,9,62,0,12,0,0,0,0,0,0,0,0,0,0,,,,,
Logan Thomas,TE,DET,12,WAS,0,0,0,0,0,0,0,0,2,24,1,2,0,0,0,0,0,0,0,0,0,0,,,,,
Luke Stocker,TE,ATL,12,TB,0,0,0,0,0,0,0,0,0,0,0,1,0,0,0,0,0,0,0,0,0,0,,,,,
MIA,DEF,MIA,12,CLE,,,,,,,,,,,,,,,,,,,,,,,0,0,0,0,41.0
Malcolm Brown,RB,LA,12,BAL,0,0,0,0,0,0,0,1,0,0,0,0,0,0,0,0,0,0,0,0,0,0,,,,,
Malik Turner,WR,SEA,12,PHI,0,0,0,0,0,0,0,0,1,33,1,2,0,0,0,0,0,0,0,0,0,0,,,,,
Marcell Ateman,WR,LV,12,NYJ,0,0,0,0,0,0,0,0,0,0,0,1,0,0,0,0,0,0,0,0,0,0,,,,,
Marcus Johnson,WR,IND,12,HOU,0,0,0,0,0,0,0,0,0,0,0,1,0,0,0,0,0,0,0,0,0,0,,,,,
Mark Andrews,TE,BAL,12,LA,0,0,0,0,0,0,0,0,2,45,0,3,0,0,0,0,0,0,0,0,0,0,,,,,
Mark Ingram,RB,BAL,12,LA,0,0,0,0,0,111,1,15,1,7,1,1,0,0,0,0,0,0,0,0,0,0,,,,,
Marquez Valdes-Scantling,WR,GB,12,SF,0,0,0,0,0,0,0,0,1,7,0,3,0,0,0,0,0,0,0,0,0,0,,,,,
Marquise Brown,WR,BAL,12,LA,0,0,0,0,0,0,0,0,5,42,2,7,0,0,0,0,0,0,0,0,0,0,,,,,
Marvin Hall,WR,DET,12,WAS,0,0,0,0,0,0,0,0,1,21,0,2,0,0,0,0,0,0,0,0,0,0,,,,,
Marvin Jones,WR,DET,12,WAS,0,0,0,0,0,0,0,0,5,46,0,11,0,0,0,0,0,0,0,0,0,0,,,,,
Mason Crosby,K,GB,12,SF,0,0,0,0,0,0,0,0,0,0,0,0,0,0,0,0,0,0,0,0,0,0,,,,,
Mason Rudolph,QB,PIT,12,CIN,85,0,16,8,1,4,0,4,0,0,0,0,0,0,0,0,0,0,0,0,0,0,,,,,
Matt Gay,K,TB,12,ATL,0,0,0,0,0,0,0,0,0,0,0,0,0,0,0,0,0,1,0,0,0,2,,,,,
Matt LaCosse,TE,NE,12,DAL,0,0,0,0,0,0,0,0,1,5,0,1,0,0,0,0,0,0,0,0,0,0,,,,,
Matt Prater,K,DET,12,WAS,0,0,0,0,0,0,0,0,0,0,0,0,0,0,0,0,2,0,1,0,0,1,,,,,
Matt Ryan,QB,ATL,12,TB,271,0,46,23,1,8,0,1,0,0,0,0,0,0,0,0,0,0,0,0,0,0,,,,,
Matt Schaub,QB,ATL,12,TB,55,1,9,5,0,0,0,0,0,0,0,0,0,0,0,0,0,0,0,0,0,0,,,,,
Matthew Slater,WR,NE,12,DAL,0,0,0,0,0,0,0,0,0,0,0,0,0,0,0,0,0,0,0,0,0,0,,,,,
Michael Gallup,WR,DAL,12,NE,0,0,0,0,0,0,0,0,4,55,0,6,0,0,0,0,0,0,0,0,0,0,,,,,
Michael Thomas,WR,NO,12,CAR,0,0,0,0,0,0,0,0,10,101,1,11,0,0,0,0,0,0,0,0,0,0,,,,,
Michael Walker,WR,JAX,12,TEN,0,0,0,0,0,0,0,0,0,0,0,0,0,0,0,0,0,0,0,0,0,0,,,,,
Mike Evans,WR,TB,12,ATL,0,0,0,0,0,0,0,0,4,50,0,8,0,0,0,0,0,0,0,0,0,0,,,,,
Mike Gesicki,TE,MIA,12,CLE,0,0,0,0,0,0,0,0,3,28,1,7,0,0,0,0,0,0,0,0,0,0,,,,,
Mike Glennon,QB,LV,12,NYJ,20,0,7,4,0,0,0,2,0,0,0,0,0,0,0,0,0,0,0,0,0,0,,,,,
Miles Boykin,WR,BAL,12,LA,0,0,0,0,0,0,0,0,2,54,0,2,0,0,0,0,0,0,0,0,0,0,,,,,
Miles Sanders,RB,PHI,12,SEA,0,0,0,0,0,63,0,12,3,23,0,5,0,0,0,0,0,0,0,0,0,0,,,,,
Mitchell Trubisky,QB,CHI,12,NYG,278,1,41,25,2,18,1,7,0,0,0,0,0,0,0,0,0,0,0,0,0,0,,,,,
MyCole Pruitt,TE,TEN,12,JAX,0,0,0,0,0,0,0,0,1,20,0,1,0,0,0,0,0,0,0,0,0,0,,,,,
Myles Gaskin,RB,MIA,12,CLE,0,0,0,0,0,10,0,4,1,7,0,1,0,0,0,0,0,0,0,0,0,0,,,,,
N'Keal Harry,TE,NE,12,DAL,0,0,0,0,0,0,0,0,1,10,1,4,0,0,0,0,0,0,0,0,0,0,,,,,
NE,DEF,NE,12,DAL,,,,,,,,,,,,,,,,,,,,,,,0,0,0,0,9.0
NO,DEF,NO,12,CAR,,,,,,,,,,,,,,,,,,,,,,,0,0,0,0,31.0
NYG,DEF,NYG,12,CHI,,,,,,,,,,,,,,,,,,,,,,,0,0,0,0,19.0
NYJ,DEF,NYJ,12,LV,,,,,,,,,,,,,,,,,,,,,,,1,0,0,0,3.0
Nick Boyle,TE,BAL,12,LA,0,0,0,0,0,0,0,0,1,7,0,1,0,0,0,0,0,0,0,0,0,0,,,,,
Nick Chubb,RB,CLE,12,MIA,0,0,0,0,0,106,1,21,3,58,0,3,0,0,0,0,0,0,0,0,0,0,,,,,
Nick Foles,QB,JAX,12,TEN,272,0,48,32,0,20,0,3,0,0,0,0,0,0,1,0,0,0,0,0,0,0,,,,,
Nick Folk,K,NE,12,DAL,0,0,0,0,0,0,0,0,0,0,0,0,0,0,0,0,0,0,2,0,0,1,,,,,
Nick O'Leary,TE,JAX,12,TEN,0,0,0,0,0,0,0,0,4,36,0,4,0,0,0,0,0,0,0,0,0,0,,,,,
Nick Vannett,TE,PIT,12,CIN,0,0,0,0,0,0,0,0,0,0,0,0,0,0,0,0,0,0,0,0,0,0,,,,,
Noah Fant,TE,DEN,12,BUF,0,0,0,0,0,0,0,0,3,14,0,5,0,0,0,0,0,0,0,0,0,0,,,,,
Nyheim Hines,RB,IND,12,HOU,0,0,0,0,0,51,0,9,2,10,0,3,0,0,0,0,0,0,0,0,0,0,,,,,
O.J. Howard,TE,TB,12,ATL,0,0,0,0,0,0,0,0,1,10,0,2,0,0,0,0,0,0,0,0,0,0,,,,,
Odell Beckham Jr.,WR,CLE,12,MIA,0,0,0,0,0,0,0,0,6,84,1,8,0,0,0,0,0,0,0,0,0,0,,,,,
PHI,DEF,PHI,12,SEA,,,,,,,,,,,,,,,,,,,,,,,0,0,0,0,17.0
PIT,DEF,PIT,12,CIN,,,,,,,,,,,,,,,,,,,,,,,0,0,0,0,10.0
Patrick Laird,RB,MIA,12,CLE,0,0,0,0,0,20,0,3,0,0,0,1,0,0,0,0,0,0,0,0,0,0,,,,,
Paul Richardson,WR,WAS,12,DET,0,0,0,0,0,0,0,0,1,6,0,2,0,0,0,0,0,0,0,0,0,0,,,,,
Peyton Barber,RB,TB,12,ATL,0,0,0,0,0,32,0,11,0,0,0,1,0,0,0,0,0,0,0,0,0,0,,,,,
Phillip Lindsay,RB,DEN,12,BUF,0,0,0,0,0,57,0,13,1,11,0,3,0,0,0,0,0,0,0,0,0,0,,,,,
Qadree Ollison,RB,ATL,12,TB,0,0,0,0,0,20,1,8,1,7,0,1,0,0,0,0,0,0,0,0,0,0,,,,,
Raheem Mostert,RB,SF,12,GB,0,0,0,0,0,45,1,6,1,22,0,3,0,0,0,0,0,0,0,0,0,0,,,,,
Randall Cobb,WR,DAL,12,NE,0,0,0,0,0,0,0,0,4,86,0,7,0,0,0,0,0,0,0,0,0,0,,,,,
Randy Bullock,K,CIN,12,PIT,0,0,0,0,0,0,0,0,0,0,0,0,0,0,0,0,1,0,0,0,0,1,,,,,
Rashaad Penny,RB,SEA,12,PHI,0,0,0,0,0,129,1,14,0,0,0,1,0,0,0,0,0,0,0,0,0,0,,,,,
Rashard Higgins,WR,CLE,12,MIA,0,0,0,0,0,0,0,0,0,0,0,1,0,0,0,0,0,0,0,0,0,0,,,,,
Rex Burkhead,RB,NE,12,DAL,0,0,0,0,0,3,0,2,2,14,0,5,0,0,0,0,0,0,0,0,0,0,,,,,
Richie James,WR,SF,12,GB,0,0,0,0,0,0,0,1,0,0,0,0,0,0,0,0,0,0,0,0,0,0,,,,,
Ricky Seals-Jones,TE,CLE,12,MIA,0,0,0,0,0,0,0,0,0,0,0,1,0,0,0,0,0,0,0,0,0,0,,,,,
Robbie Chosen,WR,NYJ,12,LV,0,0,0,0,0,0,0,0,4,86,1,5,0,0,0,0,0,0,0,0,0,0,,,,,
Robert Foster,WR,BUF,12,DEN,0,0,0,0,0,22,0,1,1,24,0,1,0,0,0,0,0,0,0,0,0,0,,,,,
Robert Griffin III,QB,BAL,12,LA,39,0,3,1,0,-3,0,3,0,0,0,0,0,0,0,0,0,0,0,0,0,0,,,,,
Robert Tonyan,TE,GB,12,SF,0,0,0,0,0,0,0,0,2,8,0,2,0,0,0,0,0,0,0,0,0,0,,,,,
Robert Woods,WR,LA,12,BAL,0,0,0,0,0,0,0,0,6,97,0,9,0,0,0,0,0,0,0,0,0,0,,,,,
Ronald Jones,RB,TB,12,ATL,0,0,0,0,0,51,1,12,3,16,0,3,0,0,0,0,0,0,0,0,0,0,,,,,
Royce Freeman,RB,DEN,12,BUF,0,0,0,0,0,20,0,2,2,9,0,2,0,0,0,0,0,0,0,0,0,0,,,,,
Russell Gage,WR,ATL,12,TB,0,0,0,0,0,0,0,0,8,76,0,10,0,0,0,0,0,0,0,0,0,0,,,,,
Russell Wilson,QB,SEA,12,PHI,200,1,25,13,1,15,0,3,0,0,0,0,0,0,0,0,0,0,0,0,0,0,,,,,
Ryan Finley,QB,CIN,12,PIT,192,1,26,12,0,8,0,2,0,0,0,0,0,0,0,0,0,0,0,0,0,0,,,,,
Ryan Fitzpatrick,QB,MIA,12,CLE,214,2,39,21,2,45,1,5,0,0,0,0,0,0,0,0,0,0,0,0,0,0,,,,,
Ryan Griffin,TE,NYJ,12,LV,0,0,0,0,0,0,0,0,3,13,1,3,0,0,0,0,0,0,0,0,0,0,,,,,
Ryan Succop,K,TEN,12,JAX,0,0,0,0,0,0,0,0,0,0,0,0,0,0,0,0,0,0,0,0,0,6,,,,,
Ryan Tannehill,QB,TEN,12,JAX,259,2,18,14,0,40,2,7,0,0,0,0,0,0,0,0,0,0,0,0,0,0,,,,,
Ryquell Armstead,RB,JAX,12,TEN,0,0,0,0,0,0,0,0,0,0,0,1,0,0,0,0,0,0,0,0,0,0,,,,,
SEA,DEF,SEA,12,PHI,,,,,,,,,,,,,,,,,,,,,,,0,0,0,0,9.0
SF,DEF,SF,12,GB,,,,,,,,,,,,,,,,,,,,,,,0,0,0,0,8.0
Sam Darnold,QB,NYJ,12,LV,315,2,29,20,0,16,1,4,0,0,0,0,0,0,0,0,0,0,0,0,0,0,,,,,
Sam Ficken,K,NYJ,12,LV,0,0,0,0,0,0,0,0,0,0,0,0,0,0,0,0,1,1,0,0,0,4,,,,,
Saquon Barkley,RB,NYG,12,CHI,0,0,0,0,0,59,0,17,2,1,0,3,0,0,0,0,0,0,0,0,0,0,,,,,
Scott Miller,WR,TB,12,ATL,0,0,0,0,0,-2,0,1,1,8,0,1,0,0,0,0,0,0,0,0,0,0,,,,,
Scott Simonson,TE,NYG,12,CHI,0,0,0,0,0,0,0,0,1,10,0,1,0,0,0,0,0,0,0,0,0,0,,,,,
Senorise Perry,RB,BUF,12,DEN,0,0,0,0,0,0,0,0,0,0,0,0,0,0,0,0,0,0,0,0,0,0,,,,,
Seth Roberts,WR,BAL,12,LA,0,0,0,0,0,0,0,0,3,39,0,4,0,0,0,0,0,0,0,0,0,0,,,,,
Sony Michel,RB,NE,12,DAL,0,0,0,0,0,85,0,20,0,0,0,0,0,0,0,0,0,0,0,0,0,0,,,,,
Stephen Carlson,TE,CLE,12,MIA,0,0,0,0,0,0,0,0,1,8,0,1,0,0,0,0,0,0,0,0,0,0,,,,,
Sterling Shepard,WR,NYG,12,CHI,0,0,0,0,0,22,0,1,5,15,0,9,0,0,0,0,0,0,0,0,0,0,,,,,
Steven Hauschka,K,BUF,12,DEN,0,0,0,0,0,0,0,0,0,0,0,0,0,0,0,0,1,1,0,0,0,2,,,,,
Steven Sims,WR,WAS,12,DET,0,0,1,0,0,0,0,0,0,0,0,2,1,0,0,0,0,0,0,0,0,0,,,,,
T.J. Hockenson,TE,DET,12,WAS,0,0,0,0,0,0,0,0,0,0,0,2,0,0,0,0,0,0,0,0,0,0,,,,,
T.J. Logan,RB,TB,12,ATL,0,0,0,0,0,2,0,1,0,0,0,0,0,0,0,0,0,0,0,0,0,0,,,,,
T.Y. Hilton,WR,IND,12,HOU,0,0,0,0,0,0,0,0,3,18,0,6,0,0,0,0,0,0,0,0,0,0,,,,,
TB,DEF,TB,12,ATL,,,,,,,,,,,,,,,,,,,,,,,0,0,0,0,22.0
TEN,DEF,TEN,12,JAX,,,,,,,,,,,,,,,,,,,,,,,0,0,0,0,20.0
Taiwan Jones,RB,HOU,12,IND,0,0,0,0,0,0,0,0,0,0,0,0,0,0,0,0,0,0,0,0,0,0,,,,,
Tarik Cohen,RB,CHI,12,NYG,0,0,0,0,0,25,0,6,7,29,0,9,0,0,0,0,0,0,0,0,0,0,,,,,
Tavon Austin,WR,DAL,12,NE,0,0,0,0,0,0,0,0,0,0,0,1,0,0,0,0,0,0,0,0,0,0,,,,,
Taylor Gabriel,WR,CHI,12,NYG,0,0,0,0,0,0,0,0,1,19,0,3,0,0,0,0,0,0,0,0,0,0,,,,,
Taysom Hill,TE,NO,12,CAR,0,0,0,0,0,0,0,0,1,0,0,1,0,0,0,0,0,0,0,0,0,0,,,,,
Ted Ginn,WR,NO,12,CAR,0,0,0,0,0,0,0,0,2,38,0,5,0,0,0,0,0,0,0,0,0,0,,,,,
Terry McLaurin,WR,WAS,12,DET,0,0,0,0,0,0,0,0,5,72,0,12,0,0,0,0,0,0,0,0,0,0,,,,,
Tevin Coleman,RB,SF,12,GB,0,0,0,0,0,39,1,11,2,10,0,4,0,0,0,0,0,0,0,0,0,0,,,,,
Tevin Jones,WR,PIT,12,CIN,0,0,0,0,0,0,0,0,1,9,0,3,0,0,0,0,0,0,0,0,0,0,,,,,
Tim Boyle,QB,GB,12,SF,15,0,4,3,0,0,0,0,0,0,0,0,0,0,0,0,0,0,0,0,0,0,,,,,
Tim Patrick,WR,DEN,12,BUF,0,0,0,0,0,0,0,0,1,3,0,3,0,0,0,0,0,0,0,0,0,0,,,,,
Todd Gurley,RB,LA,12,BAL,0,0,0,0,0,22,0,6,3,-3,0,3,0,0,0,0,0,0,0,0,0,0,,,,,
Tom Brady,QB,NE,12,DAL,190,1,37,17,0,-3,0,2,0,0,0,0,0,0,0,0,0,0,0,0,0,0,,,,,
Tony Pollard,RB,DAL,12,NE,0,0,0,0,0,19,0,4,3,9,0,4,0,0,0,0,0,0,0,0,0,0,,,,,
Travis Homer,RB,SEA,12,PHI,0,0,0,0,0,0,0,0,0,0,0,0,0,0,0,0,0,0,0,0,0,0,,,,,
Tre'Quan Smith,WR,NO,12,CAR,0,0,0,0,0,0,0,0,1,13,1,3,0,0,0,0,0,0,0,0,0,0,,,,,
Trevor Davis,WR,LV,12,NYJ,0,0,0,0,0,0,0,0,0,0,0,2,0,0,0,0,0,0,0,0,0,0,,,,,
Trey Edmunds,RB,PIT,12,CIN,0,0,0,0,0,7,0,2,0,0,0,0,0,0,0,0,0,0,0,0,0,0,,,,,
Trey Quinn,WR,WAS,12,DET,0,0,0,0,0,0,0,0,0,0,0,1,0,0,0,0,0,0,0,0,0,0,,,,,
Ty Johnson,RB,DET,12,WAS,0,0,0,0,0,11,0,4,2,10,0,2,0,0,0,0,0,0,0,0,0,0,,,,,
Ty Montgomery,WR,NYJ,12,LV,0,0,0,0,0,2,0,5,1,21,0,2,0,0,0,0,0,0,0,0,0,0,,,,,
Tyler Boyd,WR,CIN,12,PIT,0,0,0,0,0,0,0,0,5,101,1,9,0,0,0,0,0,0,0,0,0,0,,,,,
Tyler Eifert,TE,CIN,12,PIT,0,0,0,0,0,0,0,0,1,7,0,1,0,0,0,0,0,0,0,0,0,0,,,,,
Tyler Higbee,TE,LA,12,BAL,0,0,0,0,0,0,0,0,5,20,0,6,0,0,0,0,0,0,0,0,0,0,,,,,
Tyler Kroft,TE,BUF,12,DEN,0,0,0,0,0,0,0,0,1,14,0,1,0,0,0,0,0,0,0,0,0,0,,,,,
Tyler Lockett,WR,SEA,12,PHI,0,0,0,0,0,0,0,0,1,38,0,2,0,0,0,0,0,0,0,0,0,0,,,,,
Tyrell Williams,WR,LV,12,NYJ,0,0,0,0,0,0,0,0,2,18,0,6,0,0,0,0,0,0,0,0,0,0,,,,,
Vance McDonald,TE,PIT,12,CIN,0,0,0,0,0,0,0,0,1,1,0,1,0,0,0,0,0,0,0,0,0,0,,,,,
Ventell Bryant,WR,DAL,12,NE,0,0,0,0,0,0,0,0,0,0,0,0,0,0,0,0,0,0,0,0,0,0,,,,,
Vyncint Smith,WR,NYJ,12,LV,0,0,0,0,0,0,0,0,1,22,0,1,0,0,0,0,0,0,0,0,0,0,,,,,
WAS,DEF,WAS,12,DET,,,,,,,,,,,,,,,,,,,,,,,0,0,0,0,16.0
Wayne Gallman,RB,NYG,12,CHI,0,0,0,0,0,1,0,1,0,0,0,0,0,0,0,0,0,0,0,0,0,0,,,,,
Wendell Smallwood,RB,WAS,12,DET,0,0,0,0,0,0,0,0,1,3,0,1,0,0,0,0,0,0,0,0,0,0,,,,,
Wil Lutz,K,NO,12,CAR,0,0,0,0,0,0,0,0,0,0,0,0,0,0,0,0,0,1,1,0,0,4,,,,,
Will Fuller,WR,HOU,12,IND,0,0,0,0,0,0,0,0,7,140,0,11,0,0,0,0,0,0,0,0,0,0,,,,,
Willie Snead,WR,BAL,12,LA,0,0,0,0,0,0,0,0,2,14,2,3,0,0,0,0,0,0,0,0,0,0,,,,,
Younghoe Koo,K,ATL,12,TB,0,0,0,0,0,0,0,0,0,0,0,0,0,0,0,0,1,1,1,0,0,1,,,,,
Zach Ertz,TE,PHI,12,SEA,0,0,0,0,0,0,0,0,12,91,1,14,0,0,0,0,0,0,0,0,0,0,,,,,
Zach Pascal,WR,IND,12,HOU,0,0,0,0,0,0,0,0,0,0,0,1,0,0,0,0,0,0,0,0,0,0,,,,,
Zay Jones,WR,LV,12,NYJ,0,0,0,0,0,0,0,0,2,5,0,2,0,0,0,0,0,0,0,0,0,0,,,,,
A.J. Brown,WR,TEN,13,IND,0,0,0,0,0,0,0,0,3,45,0,4,0,0,0,0,0,0,0,0,0,0,,,,,
ARI,DEF,ARI,13,LA,,,,,,,,,,,,,,,,,,,,,,,0,0,0,0,34.0
ATL,DEF,ATL,13,NO,,,,,,,,,,,,,,,,,,,,,,,0,0,0,0,26.0
Aaron Jones,RB,GB,13,NYG,0,0,0,0,0,18,0,11,4,13,0,6,0,0,0,0,0,0,0,0,0,0,,,,,
Aaron Rodgers,QB,GB,13,NYG,243,4,33,21,0,24,0,3,0,0,0,0,0,0,0,0,0,0,0,0,0,0,,,,,
Adam Humphries,WR,TEN,13,IND,0,0,0,0,0,0,0,0,1,13,1,2,0,0,0,0,0,0,0,0,0,0,,,,,
Adam Vinatieri,K,IND,13,TEN,0,0,0,0,0,0,0,0,0,0,0,0,0,0,0,0,1,0,0,0,0,2,,,,,
Adrian Peterson,RB,WAS,13,CAR,0,0,0,0,0,99,1,13,0,0,0,1,0,0,0,0,0,0,0,0,0,0,,,,,
Albert Wilson,WR,MIA,13,PHI,0,0,0,0,0,31,0,2,5,32,0,5,0,0,0,0,0,0,0,0,0,0,,,,,
Aldrick Rosas,K,NYG,13,GB,0,0,0,0,0,0,0,0,0,0,0,0,0,0,0,0,1,0,1,0,0,1,,,,,
Alex Armah,RB,CAR,13,WAS,0,0,0,0,0,2,0,1,0,0,0,0,0,0,0,0,0,0,0,0,0,0,,,,,
Alex Erickson,WR,CIN,13,NYJ,0,0,0,0,0,0,0,0,2,21,0,2,0,0,0,0,0,0,0,0,0,0,,,,,
Alexander Mattison,RB,MIN,13,SEA,0,0,0,0,0,22,0,4,4,51,0,5,0,0,0,0,0,0,0,0,0,0,,,,,
Allen Hurns,WR,MIA,13,PHI,0,0,0,0,0,0,0,0,3,33,0,4,0,0,0,0,0,0,0,0,0,0,,,,,
Allen Lazard,WR,GB,13,NYG,0,0,0,0,0,0,0,0,3,103,1,3,0,0,0,0,0,0,0,0,0,0,,,,,
Allen Robinson,WR,CHI,13,DET,0,0,0,0,0,0,0,0,8,86,1,12,0,0,0,0,0,0,0,0,0,0,,,,,
Alshon Jeffery,WR,PHI,13,MIA,0,0,0,0,0,0,0,0,9,137,1,16,0,0,0,0,0,0,0,0,0,0,,,,,
Alvin Kamara,RB,NO,13,ATL,0,0,0,0,0,61,0,11,4,23,0,8,0,0,0,0,0,0,0,0,0,0,,,,,
Amari Cooper,WR,DAL,13,BUF,0,0,0,0,0,0,0,0,8,85,0,11,0,0,0,0,0,0,0,0,0,0,,,,,
Ameer Abdullah,RB,MIN,13,SEA,0,0,0,0,0,0,0,0,0,0,0,0,0,0,0,0,0,0,0,0,0,0,,,,,
Andre Patton,WR,LAC,13,DEN,0,0,0,0,0,0,0,0,1,8,0,2,0,0,0,0,0,0,0,0,0,0,,,,,
Andre Roberts,WR,BUF,13,DAL,0,0,0,0,0,0,0,0,0,0,0,0,0,0,0,0,0,0,0,0,0,0,,,,,
Andy Dalton,QB,CIN,13,NYJ,243,1,37,22,0,-4,0,5,0,0,0,0,0,0,0,0,0,0,0,0,0,0,,,,,
Andy Isabella,WR,ARI,13,LA,0,0,0,0,0,0,0,0,0,0,0,1,0,0,0,0,0,0,0,0,0,0,,,,,
Anthony Firkser,TE,TEN,13,IND,0,0,0,0,0,0,0,0,3,22,0,4,0,0,0,0,0,0,0,0,0,0,,,,,
Anthony Miller,WR,CHI,13,DET,0,0,0,0,0,0,0,0,9,140,0,13,0,0,0,0,0,0,0,0,0,0,,,,,
Ashton Dulin,WR,IND,13,TEN,0,0,0,0,0,0,0,0,1,13,0,1,0,0,0,0,0,0,0,0,0,0,,,,,
Auden Tate,WR,CIN,13,NYJ,0,0,0,0,0,0,0,0,4,66,0,7,0,0,0,0,0,0,0,0,0,0,,,,,
Austin Ekeler,RB,LAC,13,DEN,0,0,0,0,0,16,0,9,4,51,1,5,0,0,0,0,0,0,0,0,0,0,,,,,
Austin Seibert,K,CLE,13,PIT,0,0,0,0,0,0,0,0,0,0,0,0,0,0,0,0,0,2,0,0,0,1,,,,,
BAL,DEF,BAL,13,SF,,,,,,,,,,,,,,,,,,,,,,,0,0,0,0,17.0
BUF,DEF,BUF,13,DAL,,,,,,,,,,,,,,,,,,,,,,,0,0,0,0,15.0
Baker Mayfield,QB,CLE,13,PIT,196,1,32,18,1,2,0,1,0,0,0,0,0,0,0,0,0,0,0,0,0,0,,,,,
Benjamin Watson,TE,NE,13,HOU,0,0,0,0,0,0,0,0,1,23,0,1,0,0,0,0,0,0,0,0,0,0,,,,,
Benny Snell,RB,PIT,13,CLE,0,0,0,0,0,63,1,16,1,4,0,1,0,0,0,0,0,0,0,0,0,0,,,,,
Bilal Powell,RB,NYJ,13,CIN,0,0,0,0,0,14,0,4,2,4,0,2,0,0,0,0,0,0,0,0,0,0,,,,,
Bisi Johnson,WR,MIN,13,SEA,0,0,0,0,0,0,0,0,1,1,0,3,0,0,0,0,0,0,0,0,0,0,,,,,
Blake Bell,TE,KC,13,LV,0,0,0,0,0,0,0,0,0,0,0,1,0,0,0,0,0,0,0,0,0,0,,,,,
Blake Bortles,QB,LA,13,ARI,3,0,2,1,0,-10,0,1,0,0,0,0,0,0,0,0,0,0,0,0,0,0,,,,,
Blake Jarwin,TE,DAL,13,BUF,0,0,0,0,0,0,0,0,2,9,0,3,0,0,0,0,0,0,0,0,0,0,,,,,
Bo Scarbrough,RB,DET,13,CHI,0,0,0,0,0,83,0,21,0,0,0,0,0,0,0,0,0,0,0,0,0,0,,,,,
Brandin Cooks,WR,LA,13,ARI,0,0,0,0,0,0,0,0,2,24,0,2,0,0,0,0,0,0,0,0,0,0,,,,,
Brandon Bolden,RB,NE,13,HOU,0,0,0,0,0,0,0,0,0,0,0,0,0,0,0,0,0,0,0,0,0,0,,,,,
Brandon McManus,K,DEN,13,LAC,0,0,0,0,0,0,0,0,0,0,0,0,0,0,0,0,0,1,0,2,0,2,,,,,
Braxton Berrios,WR,NYJ,13,CIN,0,0,0,0,0,0,0,0,1,5,0,2,0,0,0,0,0,0,0,0,0,0,,,,,
Breshad Perriman,WR,TB,13,JAX,0,0,0,0,0,0,0,0,5,87,0,6,0,0,0,0,0,0,0,0,0,0,,,,,
Brett Maher,K,DAL,13,BUF,0,0,0,0,0,0,0,0,0,0,0,0,0,0,0,0,0,0,0,0,0,1,,,,,
Brian Hill,RB,ATL,13,NO,0,0,0,0,0,13,0,4,3,24,0,3,0,0,0,0,0,0,0,0,0,0,,,,,
Buddy Howell,RB,HOU,13,NE,0,0,0,0,0,0,0,0,0,0,0,0,0,0,0,0,0,0,0,0,0,0,,,,,
Byron Pringle,WR,KC,13,LV,0,0,0,0,0,0,0,0,0,0,0,0,0,0,0,0,0,0,0,0,0,0,,,,,
C.J. Uzomah,TE,CIN,13,NYJ,0,0,0,0,0,0,0,0,5,51,0,6,0,0,0,0,0,0,0,0,0,0,,,,,
CAR,DEF,CAR,13,WAS,,,,,,,,,,,,,,,,,,,,,,,0,0,0,0,29.0
CHI,DEF,CHI,13,DET,,,,,,,,,,,,,,,,,,,,,,,0,0,0,0,20.0
CIN,DEF,CIN,13,NYJ,,,,,,,,,,,,,,,,,,,,,,,0,1,0,0,6.0
CLE,DEF,CLE,13,PIT,,,,,,,,,,,,,,,,,,,,,,,0,0,0,0,20.0
Calvin Ridley,WR,ATL,13,NO,0,0,0,0,0,0,0,0,8,91,0,10,0,0,0,0,0,0,0,0,0,0,,,,,
Cameron Brate,TE,TB,13,JAX,0,0,0,0,0,0,0,0,1,5,0,1,0,0,0,0,0,0,0,0,0,0,,,,,
Carlos Hyde,RB,HOU,13,NE,0,0,0,0,0,17,0,10,1,5,0,1,0,0,0,0,0,0,0,0,0,0,,,,,
Carson Wentz,QB,PHI,13,MIA,310,3,46,28,1,0,0,0,0,0,0,0,0,0,1,0,0,0,0,0,0,0,,,,,
Charles Clay,TE,ARI,13,LA,0,0,0,0,0,0,0,0,2,29,0,2,0,0,0,0,0,0,0,0,0,0,,,,,
Chris Boswell,K,PIT,13,CLE,0,0,0,0,0,0,0,0,0,0,0,0,0,0,0,0,1,1,0,0,0,2,,,,,
Chris Carson,RB,SEA,13,MIN,0,0,0,0,0,102,1,23,1,7,0,2,0,0,0,0,0,0,0,0,0,0,,,,,
Chris Conley,WR,JAX,13,TB,0,0,0,0,0,0,0,0,4,57,0,5,0,0,0,0,0,0,0,0,0,0,,,,,
Chris Godwin Jr.,WR,TB,13,JAX,0,0,0,0,0,0,0,0,4,50,0,6,0,0,0,0,0,0,0,0,0,0,,,,,
Chris Thompson,RB,WAS,13,CAR,0,0,0,0,0,14,0,3,1,15,0,2,0,0,0,0,0,0,0,0,0,0,,,,,
Christian Blake,WR,ATL,13,NO,0,0,0,0,0,0,0,0,6,57,0,9,0,0,0,0,0,0,0,0,0,0,,,,,
Christian Kirk,WR,ARI,13,LA,0,0,0,0,0,0,0,0,3,23,0,7,0,0,0,0,0,0,0,0,0,0,,,,,
Christian McCaffrey,RB,CAR,13,WAS,0,0,0,0,0,44,0,14,7,58,0,12,0,0,0,0,0,0,0,0,0,0,,,,,
Clive Walford,TE,MIA,13,PHI,0,0,0,0,0,0,0,0,0,0,0,1,0,0,0,0,0,0,0,0,0,0,,,,,
Cody Hollister,WR,TEN,13,IND,0,0,0,0,0,0,0,0,2,13,0,2,0,0,0,0,0,0,0,0,0,0,,,,,
Cody Latimer,WR,NYG,13,GB,0,0,0,0,0,0,0,0,1,43,0,3,0,0,0,0,0,0,0,0,0,0,,,,,
Cole Beasley,WR,BUF,13,DAL,0,0,0,0,0,0,0,0,6,110,1,7,0,0,0,0,0,0,0,0,0,0,,,,,
Cooper Kupp,WR,LA,13,ARI,0,0,0,0,0,0,0,0,6,65,1,6,0,0,0,0,0,0,0,0,0,0,,,,,
Cordarrelle Patterson,RB,CHI,13,DET,0,0,0,0,0,0,0,0,0,0,0,0,0,0,0,0,0,0,0,0,0,0,,,,,
Corey Davis,WR,TEN,13,IND,0,0,0,0,0,0,0,0,1,23,0,2,0,0,0,0,0,0,0,0,0,0,,,,,
Courtland Sutton,WR,DEN,13,LAC,0,0,0,0,0,0,0,0,4,74,2,5,0,0,0,0,0,0,0,0,0,0,,,,,
Curtis Samuel,WR,CAR,13,WAS,0,0,0,0,0,0,0,0,4,65,1,7,0,0,0,0,0,0,0,0,0,0,,,,,
DAL,DEF,DAL,13,BUF,,,,,,,,,,,,,,,,,,,,,,,0,0,0,0,26.0
DEN,DEF,DEN,13,LAC,,,,,,,,,,,,,,,,,,,,,,,0,0,0,0,20.0
DET,DEF,DET,13,CHI,,,,,,,,,,,,,,,,,,,,,,,0,0,0,0,24.0
DJ Chark,WR,JAX,13,TB,0,0,0,0,0,0,0,0,2,47,0,5,0,0,0,0,0,0,0,0,0,0,,,,,
DJ Moore,WR,CAR,13,WAS,0,0,0,0,0,-3,0,1,6,75,1,12,0,0,0,0,0,0,0,0,0,0,,,,,
DK Metcalf,WR,SEA,13,MIN,0,0,0,0,0,0,0,0,6,75,0,7,0,0,0,0,0,0,0,0,0,0,,,,,
Da'Mari Scott,WR,NYG,13,GB,0,0,0,0,0,0,0,0,1,11,0,2,0,0,0,0,0,0,0,0,0,0,,,,,
DaeSean Hamilton,WR,DEN,13,LAC,0,0,0,0,0,0,0,0,2,12,0,3,0,0,0,0,0,0,0,0,0,0,,,,,
Dak Prescott,QB,DAL,13,BUF,355,2,49,32,1,25,0,4,0,0,0,0,0,0,1,0,0,0,0,0,0,0,,,,,
Dallas Goedert,TE,PHI,13,MIA,0,0,0,0,0,0,0,0,6,66,0,7,0,0,0,0,0,0,0,0,0,0,,,,,
Dalvin Cook,RB,MIN,13,SEA,0,0,0,0,0,29,1,9,3,35,0,4,0,0,0,0,0,0,0,0,0,0,,,,,
Damiere Byrd,WR,ARI,13,LA,0,0,0,0,0,0,0,0,0,0,0,3,0,0,0,0,0,0,0,0,0,0,,,,,
Damion Willis,WR,CIN,13,NYJ,0,0,0,0,0,0,0,0,0,0,0,1,0,0,0,0,0,0,0,0,0,0,,,,,
Dan Bailey,K,MIN,13,SEA,0,0,0,0,0,0,0,0,0,0,0,0,0,0,0,0,0,0,1,0,0,3,,,,,
Daniel Brown,TE,NYJ,13,CIN,0,0,0,0,0,0,0,0,1,9,0,1,0,0,0,0,0,0,0,0,0,0,,,,,
Daniel Carlson,K,LV,13,KC,0,0,0,0,0,0,0,0,0,0,0,0,0,0,0,0,0,1,0,0,0,0,,,,,
Daniel Jones,QB,NYG,13,GB,240,1,37,20,3,6,0,5,0,0,0,0,0,0,0,0,0,0,0,0,0,0,,,,,
Danny Amendola,WR,DET,13,CHI,0,0,0,0,0,0,0,0,3,32,0,8,0,0,0,0,0,0,0,0,0,0,,,,,
Danny Vitale,RB,GB,13,NYG,0,0,0,0,0,0,0,0,0,0,0,1,0,0,0,0,0,0,0,0,0,0,,,,,
Dare Ogunbowale,RB,TB,13,JAX,0,0,0,0,0,0,0,1,2,12,0,2,0,0,0,0,0,0,0,0,0,0,,,,,
Darius Slayton,WR,NYG,13,GB,0,0,0,0,0,0,0,0,6,44,0,9,0,0,0,0,0,0,0,0,0,0,,,,,
Darrel Williams,RB,KC,13,LV,0,0,0,0,0,13,0,6,1,3,1,2,0,0,0,0,0,0,0,0,0,0,,,,,
Darrell Henderson,RB,LA,13,ARI,0,0,0,0,0,17,0,4,0,0,0,0,0,0,0,0,0,0,0,0,0,0,,,,,
Darren Fells,TE,HOU,13,NE,0,0,0,0,0,0,0,0,2,23,1,3,0,0,0,0,0,0,0,0,0,0,,,,,
Darren Waller,TE,LV,13,KC,0,0,0,0,0,0,0,0,7,100,0,9,0,0,0,0,0,0,0,0,0,0,,,,,
Darwin Thompson,RB,KC,13,LV,0,0,0,0,0,44,1,11,0,0,0,0,0,0,0,0,0,0,0,0,0,0,,,,,
Davante Adams,WR,GB,13,NYG,0,0,0,0,0,0,0,0,6,64,2,10,0,0,0,0,0,0,0,0,0,0,,,,,
David Blough,QB,DET,13,CHI,280,2,38,22,1,1,0,1,0,0,0,0,0,0,0,0,0,0,0,0,0,0,,,,,
David Johnson,RB,ARI,13,LA,0,0,0,0,0,15,0,4,2,9,0,2,0,0,0,0,0,0,0,0,0,0,,,,,
David Montgomery,RB,CHI,13,DET,0,0,0,0,0,75,0,16,2,12,1,2,0,0,0,0,0,0,0,0,0,0,,,,,
David Moore,WR,SEA,13,MIN,0,0,0,0,0,0,0,0,2,65,1,4,0,0,0,0,0,0,0,0,0,0,,,,,
Dawson Knox,TE,BUF,13,DAL,0,0,0,0,0,0,0,0,3,17,0,4,0,0,0,0,0,0,0,0,0,0,,,,,
De'Anthony Thomas,WR,BAL,13,SF,0,0,0,0,0,0,0,0,0,0,0,0,0,0,0,0,0,0,0,0,0,0,,,,,
DeAndre Carter,WR,HOU,13,NE,0,0,0,0,0,0,0,0,0,0,0,0,0,0,0,0,0,0,0,0,0,0,,,,,
DeAndre Hopkins,WR,HOU,13,NE,6,1,1,1,0,0,0,0,5,64,0,8,0,0,0,0,0,0,0,0,0,0,,,,,
DeAndre Washington,RB,LV,13,KC,0,0,0,0,0,5,0,2,3,44,0,3,0,0,0,0,0,0,0,0,0,0,,,,,
DeAndrew White,WR,CAR,13,WAS,0,0,0,0,0,0,0,0,0,0,0,0,0,0,0,0,0,0,0,0,0,0,,,,,
DeVante Parker,WR,MIA,13,PHI,0,0,0,0,0,0,0,0,7,159,2,10,0,0,0,0,0,0,0,0,0,0,,,,,
Dede Westbrook,WR,JAX,13,TB,0,0,0,0,0,0,0,0,5,60,1,8,0,0,1,0,0,0,0,0,0,0,,,,,
Deebo Samuel Sr.,WR,SF,13,BAL,0,0,0,0,0,20,0,1,2,41,1,4,0,0,0,0,0,0,0,0,0,0,,,,,
Demaryius Thomas,WR,NYJ,13,CIN,0,0,0,0,0,0,0,0,3,23,0,5,0,0,0,0,0,0,0,0,0,0,,,,,
Demetrius Harris,TE,CLE,13,PIT,0,0,0,0,0,0,0,0,1,23,0,4,0,0,0,0,0,0,0,0,0,0,,,,,
Deon Cain,WR,PIT,13,CLE,0,0,0,0,0,0,0,0,1,5,0,1,0,0,0,0,0,0,0,0,0,0,,,,,
Deonte Harty,WR,NO,13,ATL,0,0,0,0,0,0,0,0,0,0,0,0,0,0,0,0,0,0,0,0,0,0,,,,,
Derek Carr,QB,LV,13,KC,222,1,30,20,2,7,0,3,0,0,0,0,0,0,0,0,0,0,0,0,0,0,,,,,
Derek Carrier,TE,LV,13,KC,0,0,0,0,0,0,0,0,2,10,1,2,0,0,0,0,0,0,0,0,0,0,,,,,
Derrick Henry,RB,TEN,13,IND,0,0,0,0,0,149,1,26,3,17,0,3,0,0,0,0,0,0,0,0,0,0,,,,,
Derrius Guice,RB,WAS,13,CAR,0,0,0,0,0,129,2,10,2,8,0,2,0,0,0,0,0,0,0,0,0,0,,,,,
Deshaun Watson,QB,HOU,13,NE,234,3,25,18,0,-1,0,4,1,6,1,1,0,0,0,0,0,0,0,0,0,0,,,,,
Devin Singletary,RB,BUF,13,DAL,0,0,0,0,0,63,0,14,3,38,1,4,0,0,0,0,0,0,0,0,0,0,,,,,
Devlin Hodges,QB,PIT,13,CLE,212,1,21,14,1,2,0,5,0,0,0,0,0,0,0,0,0,0,0,0,0,0,,,,,
Devonta Freeman,RB,ATL,13,NO,0,0,0,0,0,51,0,17,4,13,0,5,0,0,0,0,0,0,0,0,0,0,,,,,
Devontae Booker,RB,DEN,13,LAC,0,0,0,0,0,0,0,0,0,0,0,0,0,0,0,0,0,0,0,0,0,0,,,,,
Dion Lewis,RB,TEN,13,IND,0,0,0,0,0,0,0,0,1,9,0,1,0,0,0,0,0,0,0,0,0,0,,,,,
Diontae Johnson,WR,PIT,13,CLE,0,0,0,0,0,17,0,1,1,14,0,5,0,0,0,0,0,0,0,0,0,0,,,,,
Diontae Spencer,WR,DEN,13,LAC,0,0,0,0,0,0,0,0,0,0,0,0,0,0,0,0,0,0,0,0,0,0,,,,,
Dontrell Hilliard,RB,CLE,13,PIT,0,0,0,0,0,0,0,0,0,0,0,0,0,0,0,0,0,0,0,0,0,0,,,,,
Drew Brees,QB,NO,13,ATL,184,1,30,18,0,-1,0,1,0,0,0,0,0,0,0,0,0,0,0,0,0,0,,,,,
Drew Lock,QB,DEN,13,LAC,134,2,28,18,1,15,0,3,0,0,0,0,0,0,0,0,0,0,0,0,0,0,,,,,
Duke Johnson,RB,HOU,13,NE,0,0,0,0,0,36,0,9,5,54,1,6,0,0,0,0,0,0,0,0,0,0,,,,,
Durham Smythe,TE,MIA,13,PHI,0,0,0,0,0,0,0,0,2,13,0,3,0,0,0,0,0,0,0,0,0,0,,,,,
Dustin Hopkins,K,WAS,13,CAR,0,0,0,0,0,0,0,0,0,0,0,0,0,0,0,0,1,1,1,0,0,2,,,,,
Dwayne Haskins,QB,WAS,13,CAR,147,0,25,13,0,6,0,4,0,0,0,0,0,0,0,0,0,0,0,0,0,0,,,,,
Eddy Pineiro,K,CHI,13,DET,0,0,0,0,0,0,0,0,0,0,0,0,0,0,0,0,0,1,0,0,0,3,,,,,
Emmanuel Sanders,WR,SF,13,BAL,0,0,0,0,0,0,0,0,4,41,0,6,0,0,0,0,0,0,0,0,0,0,,,,,
Ezekiel Elliott,RB,DAL,13,BUF,0,0,0,0,0,71,0,12,7,66,0,10,0,0,0,0,0,0,0,0,0,0,,,,,
Foster Moreau,TE,LV,13,KC,0,0,0,0,0,0,0,0,1,15,0,1,0,0,0,0,0,0,0,0,0,0,,,,,
Frank Gore,RB,BUF,13,DAL,0,0,0,0,0,11,0,9,1,14,0,1,0,0,0,0,0,0,0,0,0,0,,,,,
GB,DEF,GB,13,NYG,,,,,,,,,,,,,,,,,,,,,,,0,0,0,0,13.0
Gardner Minshew,QB,JAX,13,TB,147,1,27,16,1,8,0,2,0,0,0,0,0,0,1,0,0,0,0,0,0,0,,,,,
Garrett Gilbert,QB,CLE,13,PIT,0,0,2,0,0,0,0,0,0,0,0,0,0,0,0,0,0,0,0,0,0,0,,,,,
Gehrig Dieter,WR,KC,13,LV,0,0,0,0,0,0,0,0,0,0,0,0,0,0,0,0,0,0,0,0,0,0,,,,,
George Kittle,TE,SF,13,BAL,0,0,0,0,0,-3,0,1,2,17,0,4,0,0,0,0,0,0,0,0,0,0,,,,,
Geronimo Allison,WR,GB,13,NYG,0,0,0,0,0,0,0,0,2,20,0,3,0,0,0,0,0,0,0,0,0,0,,,,,
Giovani Bernard,RB,CIN,13,NYJ,0,0,0,0,0,4,0,1,1,8,0,2,0,0,0,0,0,0,0,0,0,0,,,,,
Greg Olsen,TE,CAR,13,WAS,0,0,0,0,0,0,0,0,3,22,0,3,0,0,0,0,0,0,0,0,0,0,,,,,
Greg Ward,WR,PHI,13,MIA,0,0,0,0,0,0,0,0,1,5,0,3,0,0,0,0,0,0,0,0,0,0,,,,,
Greg Zuerlein,K,LA,13,ARI,0,0,0,0,0,0,0,0,0,0,0,0,0,0,0,0,1,1,0,0,0,4,,,,,
Gus Edwards,RB,BAL,13,SF,0,0,0,0,0,15,0,6,1,7,0,1,0,0,0,0,0,0,0,0,0,0,,,,,
HOU,DEF,HOU,13,NE,,,,,,,,,,,,,,,,,,,,,,,0,0,0,0,22.0
Hale Hentges,TE,WAS,13,CAR,0,0,0,0,0,0,0,0,0,0,0,1,0,0,0,0,0,0,0,0,0,0,,,,,
Harrison Butker,K,KC,13,LV,0,0,0,0,0,0,0,0,0,0,0,0,0,0,0,0,0,0,0,1,0,5,,,,,
Hayden Hurst,TE,BAL,13,SF,0,0,0,0,0,0,0,0,3,21,0,4,0,0,0,0,0,0,0,0,0,0,,,,,
Hunter Henry,TE,LAC,13,DEN,0,0,0,0,0,0,0,0,2,10,0,3,0,0,0,0,0,0,0,0,0,0,,,,,
IND,DEF,IND,13,TEN,,,,,,,,,,,,,,,,,,,,,,,0,0,0,0,31.0
Ian Thomas,TE,CAR,13,WAS,0,0,0,0,0,0,0,0,4,24,0,4,0,0,0,0,0,0,0,0,0,0,,,,,
Irv Smith,TE,MIN,13,SEA,0,0,0,0,0,0,0,0,1,6,0,3,0,0,0,0,0,0,0,0,0,0,,,,,
Isaiah Ford,WR,MIA,13,PHI,0,0,0,0,0,0,0,0,0,0,0,1,0,0,0,0,0,0,0,0,0,0,,,,,
Isaiah McKenzie,WR,BUF,13,DAL,0,0,0,0,0,0,0,0,3,34,0,3,0,0,0,0,0,0,0,0,0,0,,,,,
J.D. McKissic,RB,DET,13,CHI,0,0,0,0,0,9,0,2,3,15,0,3,0,0,0,0,0,0,0,0,0,0,,,,,
J.J. Arcega-Whiteside,WR,PHI,13,MIA,0,0,0,0,0,0,0,0,1,15,1,2,0,0,0,0,0,0,0,0,0,0,,,,,
JAX,DEF,JAX,13,TB,,,,,,,,,,,,,,,,,,,,,,,0,0,0,0,28.0
Jack Doyle,TE,IND,13,TEN,0,0,0,0,0,0,0,0,6,73,1,11,0,0,0,0,0,0,0,0,0,0,,,,,
Jacob Hollister,TE,SEA,13,MIN,0,0,0,0,0,0,0,0,6,44,0,8,0,0,0,0,0,0,0,0,0,0,,,,,
Jacoby Brissett,QB,IND,13,TEN,319,1,40,25,2,-1,0,1,0,0,0,0,0,0,0,0,0,0,0,0,0,0,,,,,
Jaeden Graham,TE,ATL,13,NO,0,0,0,0,0,0,0,0,4,41,1,4,0,0,0,0,0,0,0,0,0,0,,,,,
Jake Elliott,K,PHI,13,MIA,0,0,0,0,0,0,0,0,0,0,0,0,0,0,0,0,0,1,2,0,0,2,,,,,
Jakobi Meyers,WR,NE,13,HOU,0,0,0,0,0,0,0,0,3,46,0,7,0,0,0,0,0,0,0,0,0,0,,,,,
Jalen Richard,RB,LV,13,KC,0,0,0,0,0,2,0,1,1,6,0,2,0,0,0,0,0,0,0,0,0,0,,,,,
Jamaal Williams,RB,GB,13,NYG,0,0,0,0,0,41,0,10,4,26,0,4,0,0,0,0,0,0,0,0,0,0,,,,,
Jameis Winston,QB,TB,13,JAX,268,0,33,21,0,20,0,6,0,0,0,0,0,0,0,0,0,0,0,0,0,0,,,,,
James Washington,WR,PIT,13,CLE,0,0,0,0,0,0,0,0,4,111,1,4,0,0,0,0,0,0,0,0,0,0,,,,,
James White,RB,NE,13,HOU,0,0,0,0,0,79,0,14,8,98,2,11,0,0,0,0,0,0,0,0,0,0,,,,,
Jamison Crowder,WR,NYJ,13,CIN,0,0,0,0,0,0,0,0,2,8,0,9,0,0,0,0,0,0,0,0,0,0,,,,,
Jared Cook,TE,NO,13,ATL,0,0,0,0,0,0,0,0,3,85,0,6,0,0,0,0,0,0,0,0,0,0,,,,,
Jared Goff,QB,LA,13,ARI,424,2,43,32,0,0,0,0,0,0,0,0,0,0,0,0,0,0,0,0,0,0,,,,,
Jarius Wright,WR,CAR,13,WAS,0,0,0,0,0,0,0,0,3,34,0,5,0,0,0,0,0,0,0,0,0,0,,,,,
Jaron Brown,WR,SEA,13,MIN,0,0,0,0,0,0,0,0,1,6,0,1,0,0,0,0,0,0,0,0,0,0,,,,,
Jarvis Landry,WR,CLE,13,PIT,0,0,0,0,0,0,0,0,6,76,0,11,0,0,0,0,0,0,0,0,0,0,,,,,
Jason Myers,K,SEA,13,MIN,0,0,0,0,0,0,0,0,0,0,0,0,0,0,0,0,2,1,0,0,0,4,,,,,
Jason Sanders,K,MIA,13,PHI,0,0,0,0,0,0,0,0,1,1,1,1,0,0,0,0,0,0,0,1,0,2,,,,,
Jason Vander Laan,TE,NO,13,ATL,0,0,0,0,0,0,0,0,0,0,0,0,0,0,0,0,0,0,0,0,0,0,,,,,
Jason Witten,TE,DAL,13,BUF,0,0,0,0,0,0,0,0,6,42,1,8,0,0,1,0,0,0,0,0,0,0,,,,,
Javon Wims,WR,CHI,13,DET,0,0,0,0,0,0,0,0,5,56,0,6,0,0,0,0,0,0,0,0,0,0,,,,,
Javorius Allen,RB,NYG,13,GB,0,0,0,0,0,4,0,1,0,0,0,0,0,0,0,0,0,0,0,0,0,0,,,,,
Jay Ajayi,RB,PHI,13,MIA,0,0,0,0,0,9,0,2,0,0,0,0,0,0,0,0,0,0,0,0,0,0,,,,,
Jaylen Samuels,RB,PIT,13,CLE,0,0,0,0,0,32,0,7,2,22,0,2,0,0,0,0,0,0,0,0,0,0,,,,,
Jeff Heuerman,TE,DEN,13,LAC,0,0,0,0,0,0,0,0,3,15,0,5,0,0,0,0,0,0,0,0,0,0,,,,,
Jeff Wilson,RB,SF,13,BAL,0,0,0,0,0,0,0,0,1,7,0,1,0,0,0,0,0,0,0,0,0,0,,,,,
Jeremy Sprinkle,TE,WAS,13,CAR,0,0,0,0,0,0,0,0,2,36,0,4,0,0,0,0,0,0,0,0,0,0,,,,,
Jesper Horsted,TE,CHI,13,DET,0,0,0,0,0,0,0,0,1,18,1,1,0,0,0,0,0,0,0,0,0,0,,,,,
Jimmy Garoppolo,QB,SF,13,BAL,165,1,21,15,0,5,0,3,0,0,0,0,0,0,0,0,0,0,0,0,0,0,,,,,
Jimmy Graham,TE,GB,13,NYG,0,0,0,0,0,0,0,0,1,16,0,1,0,0,0,0,0,0,0,0,0,0,,,,,
JoJo Natson,WR,LA,13,ARI,0,0,0,0,0,0,0,0,0,0,0,0,0,0,0,0,0,0,0,0,0,0,,,,,
Joe Mixon,RB,CIN,13,NYJ,0,0,0,0,0,44,1,19,4,26,0,4,0,0,0,0,0,0,0,0,0,0,,,,,
Joey Slye,K,CAR,13,WAS,0,0,0,0,0,0,0,0,0,0,0,0,0,0,0,0,0,0,0,0,0,3,,,,,
John Brown,WR,BUF,13,DAL,28,1,1,1,0,0,0,0,3,26,0,4,0,0,0,0,0,0,0,0,0,0,,,,,
Johnny Holton,WR,PIT,13,CLE,0,0,0,0,0,0,0,0,0,0,0,0,0,0,0,0,0,0,0,0,0,0,,,,,
Johnny Mundt,TE,LA,13,ARI,0,0,0,0,0,0,0,0,0,0,0,1,0,0,0,0,0,0,0,0,0,0,,,,,
Jonathan Williams,RB,IND,13,TEN,0,0,0,0,0,14,0,8,1,11,0,1,0,0,0,0,0,0,0,0,0,0,,,,,
Jonnu Smith,TE,TEN,13,IND,0,0,0,0,0,0,0,0,2,0,0,2,0,0,0,0,0,0,0,0,0,0,,,,,
Jordan Akins,TE,HOU,13,NE,0,0,0,0,0,0,0,0,1,19,0,1,0,0,0,0,0,0,0,0,0,0,,,,,
Jordan Wilkins,RB,IND,13,TEN,0,0,0,0,0,47,0,11,2,9,0,3,0,0,0,0,0,0,0,0,0,0,,,,,
Josh Allen,QB,BUF,13,DAL,231,1,24,19,0,43,1,10,0,0,0,0,0,0,0,0,0,0,0,0,0,0,,,,,
Josh Gordon,WR,SEA,13,MIN,0,0,0,0,0,0,0,0,1,10,0,1,0,0,0,0,0,0,0,0,0,0,,,,,
Josh Hill,TE,NO,13,ATL,0,0,0,0,0,0,0,0,1,2,0,2,0,0,0,0,0,0,0,0,0,0,,,,,
Josh Jacobs,RB,LV,13,KC,0,0,0,0,0,104,0,17,0,0,0,0,0,0,0,0,0,0,0,0,0,0,,,,,
Josh Lambo,K,JAX,13,TB,0,0,0,0,0,0,0,0,0,0,0,0,0,0,0,0,0,0,0,1,0,0,,,,,
Josh Reynolds,WR,LA,13,ARI,0,0,0,0,0,0,0,0,4,39,0,4,0,0,0,0,0,0,0,0,0,0,,,,,
Julian Edelman,WR,NE,13,HOU,0,0,0,0,0,-7,0,1,6,106,1,11,0,0,0,0,0,0,0,0,0,0,,,,,
Justice Hill,RB,BAL,13,SF,0,0,0,0,0,3,0,1,0,0,0,0,0,0,0,0,0,0,0,0,0,0,,,,,
Justin Hardy,WR,ATL,13,NO,0,0,0,0,0,0,0,0,3,28,0,3,0,0,0,0,0,0,0,0,0,0,,,,,
Justin Tucker,K,BAL,13,SF,0,0,0,0,0,0,0,0,0,0,0,0,0,0,0,0,0,1,1,0,0,2,,,,,
Justin Watson,WR,TB,13,JAX,0,0,0,0,0,0,0,0,0,0,0,1,0,0,0,0,0,0,0,0,0,0,,,,,
KC,DEF,KC,13,LV,,,,,,,,,,,,,,,,,,,,,,,1,0,0,0,9.0
Ka'imi Fairbairn,K,HOU,13,NE,0,0,0,0,0,0,0,0,0,0,0,0,0,0,0,0,0,0,0,0,0,4,,,,,
Kaden Smith,TE,NYG,13,GB,0,0,0,0,0,0,0,0,6,70,0,8,0,0,0,0,0,0,0,0,0,0,,,,,
Kai Forbath,K,NE,13,HOU,0,0,0,0,0,0,0,0,0,0,0,0,0,0,0,0,1,0,0,0,0,1,,,,,
Kalen Ballage,RB,MIA,13,PHI,0,0,0,0,0,0,0,3,0,0,0,1,0,0,0,0,0,0,0,0,0,0,,,,,
Kalif Raymond,WR,TEN,13,IND,0,0,0,0,0,0,0,0,1,40,1,1,0,0,0,0,0,0,0,0,0,0,,,,,
Kareem Hunt,RB,CLE,13,PIT,0,0,0,0,0,46,0,7,5,19,1,5,0,0,0,0,0,0,0,0,0,0,,,,,
Keelan Cole,WR,JAX,13,TB,0,0,0,0,0,0,0,0,1,11,0,2,0,0,0,0,0,0,0,0,0,0,,,,,
Keelan Doss,WR,LV,13,KC,0,0,0,0,0,0,0,0,1,11,0,1,0,0,0,0,0,0,0,0,0,0,,,,,
Keenan Allen,WR,LAC,13,DEN,0,0,0,0,0,0,0,0,6,68,1,6,0,0,0,0,0,0,0,0,0,0,,,,,
Kelvin Harmon,WR,WAS,13,CAR,0,0,0,0,0,0,0,0,3,51,0,5,0,0,0,0,0,0,0,0,0,0,,,,,
Kendrick Bourne,WR,SF,13,BAL,0,0,0,0,0,0,0,0,3,42,0,3,0,0,0,0,0,0,0,0,0,0,,,,,
Kenjon Barner,RB,ATL,13,NO,0,0,0,0,0,0,0,0,2,6,0,2,0,0,0,0,0,0,0,0,0,0,,,,,
Kenny Golladay,WR,DET,13,CHI,0,0,0,0,0,0,0,0,4,158,1,5,0,0,0,0,0,0,0,0,0,0,,,,,
Kenny Stills,WR,HOU,13,NE,0,0,0,0,0,0,0,0,3,61,1,4,0,0,0,0,0,0,0,0,0,0,,,,,
Kenyan Drake,RB,ARI,13,LA,0,0,0,0,0,31,0,13,2,20,0,5,0,0,0,0,0,0,0,0,0,0,,,,,
Kerrith Whyte,RB,PIT,13,CLE,0,0,0,0,0,10,0,3,0,0,0,0,0,0,0,0,0,0,0,0,0,0,,,,,
KhaDarel Hodge,WR,CLE,13,PIT,0,0,0,0,0,0,0,0,0,0,0,0,0,0,0,0,0,0,0,0,0,0,,,,,
Kirk Cousins,QB,MIN,13,SEA,276,2,38,22,1,0,0,0,0,0,0,0,0,0,0,0,0,0,0,0,0,0,,,,,
Kyle Allen,QB,CAR,13,WAS,278,2,46,27,1,22,1,4,0,0,0,0,0,0,0,0,0,0,0,0,0,0,,,,,
Kyle Juszczyk,RB,SF,13,BAL,0,0,0,0,0,0,0,0,0,0,0,0,0,0,0,0,0,0,0,0,0,0,,,,,
Kyle Rudolph,TE,MIN,13,SEA,0,0,0,0,0,0,0,0,4,50,1,6,0,0,0,0,0,0,0,0,0,0,,,,,
Kyler Murray,QB,ARI,13,LA,163,0,34,19,1,28,1,4,0,0,0,0,0,0,0,0,0,0,0,0,0,0,,,,,
LA,DEF,LA,13,ARI,,,,,,,,,,,,,,,,,,,,,,,1,0,0,0,7.0
LAC,DEF,LAC,13,DEN,,,,,,,,,,,,,,,,,,,,,,,0,0,0,0,23.0
LV,DEF,LV,13,KC,,,,,,,,,,,,,,,,,,,,,,,0,0,0,0,0.0
Lamar Jackson,QB,BAL,13,SF,105,1,23,14,0,101,1,16,0,0,0,0,0,0,0,0,0,0,0,0,0,0,,,,,
Laquon Treadwell,WR,MIN,13,SEA,0,0,0,0,0,0,0,0,1,58,1,2,0,0,0,0,0,0,0,0,0,0,,,,,
Larry Fitzgerald,WR,ARI,13,LA,0,0,0,0,0,0,0,0,6,56,0,7,0,0,0,0,0,0,0,0,0,0,,,,,
Latavius Murray,RB,NO,13,ATL,0,0,0,0,0,2,0,4,0,0,0,0,0,0,0,0,0,0,0,0,0,0,,,,,
Le'Veon Bell,RB,NYJ,13,CIN,0,0,0,0,0,32,0,10,4,35,0,5,0,0,0,0,0,0,0,0,0,0,,,,,
LeSean McCoy,RB,KC,13,LV,0,0,0,0,0,10,1,5,3,20,0,3,0,0,0,0,0,0,0,0,0,0,,,,,
Leonard Fournette,RB,JAX,13,TB,0,0,0,0,0,38,0,14,9,53,0,11,0,0,0,0,0,0,0,0,0,0,,,,,
Logan Thomas,TE,DET,13,CHI,0,0,0,0,0,0,0,0,0,0,0,0,0,0,0,0,0,0,0,0,0,0,,,,,
MIA,DEF,MIA,13,PHI,,,,,,,,,,,,,,,,,,,,,,,0,0,0,0,31.0
MIN,DEF,MIN,13,SEA,,,,,,,,,,,,,,,,,,,,,,,1,0,0,0,37.0
Mack Hollins,WR,PHI,13,MIA,0,0,0,0,0,0,0,0,0,0,0,0,0,0,0,0,0,0,0,0,0,0,,,,,
Malcolm Brown,RB,LA,13,ARI,0,0,0,0,0,30,0,6,0,0,0,1,0,0,0,0,0,0,0,0,0,0,,,,,
Malik Turner,WR,SEA,13,MIN,0,0,0,0,0,0,0,0,0,0,0,0,0,0,0,0,0,0,0,0,0,0,,,,,
Marcedes Lewis,TE,GB,13,NYG,0,0,0,0,0,0,0,0,1,1,1,2,0,0,0,0,0,0,0,0,0,0,,,,,
Marcus Johnson,WR,IND,13,TEN,0,0,0,0,0,0,0,0,4,55,0,6,0,0,0,0,0,0,0,0,0,0,,,,,
Mark Andrews,TE,BAL,13,SF,0,0,0,0,0,0,0,0,3,50,1,6,0,0,0,0,0,0,0,0,0,0,,,,,
Mark Ingram,RB,BAL,13,SF,0,0,0,0,0,59,0,15,2,3,0,2,0,0,0,0,0,0,0,0,0,0,,,,,
Marquez Valdes-Scantling,WR,GB,13,NYG,0,0,0,0,0,0,0,0,0,0,0,2,0,0,0,0,0,0,0,0,0,0,,,,,
Marquise Brown,WR,BAL,13,SF,0,0,0,0,0,0,0,0,1,1,0,2,0,0,0,0,0,0,0,0,0,0,,,,,
Marvin Jones,WR,DET,13,CHI,0,0,0,0,0,0,0,0,3,40,1,6,0,0,0,0,0,0,0,0,0,0,,,,,
Mason Crosby,K,GB,13,NYG,0,0,0,0,0,0,0,0,0,0,0,0,0,0,0,0,0,0,1,0,0,4,,,,,
Matt Gay,K,TB,13,JAX,0,0,0,0,0,0,0,0,0,0,0,0,0,0,0,0,1,1,0,0,0,2,,,,,
Matt LaCosse,TE,NE,13,HOU,0,0,0,0,0,0,0,0,1,24,0,2,0,0,0,0,0,0,0,0,0,0,,,,,
Matt Moore,QB,KC,13,LV,0,0,0,0,0,-1,0,1,0,0,0,0,0,0,0,0,0,0,0,0,0,0,,,,,
Matt Prater,K,DET,13,CHI,0,0,0,0,0,0,0,0,0,0,0,0,0,0,0,0,2,0,0,0,0,2,,,,,
Matt Ryan,QB,ATL,13,NO,312,2,50,35,2,21,0,3,0,0,0,0,0,0,0,0,0,0,0,0,0,0,,,,,
Mecole Hardman,WR,KC,13,LV,0,0,0,0,0,9,0,1,0,0,0,0,0,0,0,0,0,0,0,0,0,0,,,,,
Melvin Gordon,RB,LAC,13,DEN,0,0,0,0,0,99,0,20,2,11,0,3,0,0,0,0,0,0,0,0,0,0,,,,,
Michael Gallup,WR,DAL,13,BUF,0,0,0,0,0,0,0,0,3,63,0,7,0,0,0,0,0,0,0,0,0,0,,,,,
Michael Thomas,WR,NO,13,ATL,0,0,0,0,0,0,0,0,6,48,0,8,0,0,0,0,0,0,0,0,0,0,,,,,
Michael Walker,WR,JAX,13,TB,0,0,0,0,0,0,0,0,1,6,0,2,0,0,0,0,0,0,0,0,0,0,,,,,
Mike Badgley,K,LAC,13,DEN,0,0,0,0,0,0,0,0,0,0,0,0,0,0,0,0,0,1,1,0,0,2,,,,,
Mike Davis,RB,CAR,13,WAS,0,0,0,0,0,0,0,0,0,0,0,0,0,0,0,0,0,0,0,0,0,0,,,,,
Mike Evans,WR,TB,13,JAX,0,0,0,0,0,0,0,0,4,53,0,11,0,0,0,0,0,0,0,0,0,0,,,,,
Mike Gesicki,TE,MIA,13,PHI,0,0,0,0,0,0,0,0,5,79,1,7,0,0,0,0,0,0,0,0,0,0,,,,,
Mike Thomas,WR,LA,13,ARI,0,0,0,0,0,0,0,0,0,0,0,0,0,0,0,0,0,0,0,0,0,0,,,,,
Mike Williams,WR,LAC,13,DEN,0,0,0,0,0,0,0,0,5,117,0,7,0,0,0,0,0,0,0,0,0,0,,,,,
Miles Sanders,RB,PHI,13,MIA,0,0,0,0,0,83,0,17,5,22,1,5,0,0,0,0,0,0,0,0,0,0,,,,,
Mitchell Trubisky,QB,CHI,13,DET,338,3,38,29,1,4,0,4,0,0,0,0,0,0,0,0,0,0,0,0,0,0,,,,,
Mo Alie-Cox,TE,IND,13,TEN,0,0,0,0,0,0,0,0,0,0,0,0,0,0,0,0,0,0,0,0,0,0,,,,,
Mohamed Sanu,WR,NE,13,HOU,0,0,0,0,0,0,0,0,3,14,0,5,0,0,0,0,0,0,0,0,0,0,,,,,
Myles Gaskin,RB,MIA,13,PHI,0,0,0,0,0,20,0,2,1,6,0,1,0,0,0,0,0,0,0,0,0,0,,,,,
N'Keal Harry,TE,NE,13,HOU,0,0,0,0,0,0,0,0,0,0,0,1,0,0,0,0,0,0,0,0,0,0,,,,,
NE,DEF,NE,13,HOU,,,,,,,,,,,,,,,,,,,,,,,0,0,0,0,28.0
NO,DEF,NO,13,ATL,,,,,,,,,,,,,,,,,,,,,,,0,0,0,0,18.0
NYG,DEF,NYG,13,GB,,,,,,,,,,,,,,,,,,,,,,,0,0,0,0,31.0
NYJ,DEF,NYJ,13,CIN,,,,,,,,,,,,,,,,,,,,,,,0,0,0,0,22.0
Nelson Agholor,WR,PHI,13,MIA,0,0,0,0,0,0,0,0,3,41,0,6,0,0,1,0,0,0,0,0,0,0,,,,,
Nick Boyle,TE,BAL,13,SF,0,0,0,0,0,0,0,0,1,4,0,2,0,0,0,0,0,0,0,0,0,0,,,,,
Nick Chubb,RB,CLE,13,PIT,0,0,0,0,0,58,0,16,1,21,0,2,0,0,0,0,0,0,0,0,0,0,,,,,
Nick Foles,QB,JAX,13,TB,93,0,14,7,1,3,0,1,0,0,0,0,0,0,0,0,0,0,0,0,0,0,,,,,
Nick O'Leary,TE,JAX,13,TB,0,0,0,0,0,0,0,0,1,6,0,4,0,0,0,0,0,0,0,0,0,0,,,,,
Nick Vannett,TE,PIT,13,CLE,0,0,0,0,0,0,0,0,1,7,0,1,0,0,0,0,0,0,0,0,0,0,,,,,
Noah Fant,TE,DEN,13,LAC,0,0,0,0,0,0,0,0,1,5,0,3,0,0,0,0,0,0,0,0,0,0,,,,,
Nyheim Hines,RB,IND,13,TEN,0,0,0,0,0,22,1,4,2,18,0,2,0,0,0,0,0,0,0,0,0,0,,,,,
O.J. Howard,TE,TB,13,JAX,0,0,0,0,0,0,0,0,5,61,0,6,0,0,0,0,0,0,0,0,0,0,,,,,
Odell Beckham Jr.,WR,CLE,13,PIT,0,0,0,0,0,0,0,0,3,29,0,6,0,0,0,0,0,0,0,0,0,0,,,,,
Olamide Zaccheaus,WR,ATL,13,NO,0,0,0,0,0,0,0,0,0,0,0,1,0,0,0,0,0,0,0,0,0,0,,,,,
PHI,DEF,PHI,13,MIA,,,,,,,,,,,,,,,,,,,,,,,0,0,0,0,37.0
PIT,DEF,PIT,13,CLE,,,,,,,,,,,,,,,,,,,,,,,0,0,0,0,13.0
Patrick Laird,RB,MIA,13,PHI,0,0,0,0,0,5,1,10,4,43,0,5,0,0,1,0,0,0,0,0,0,0,,,,,
Patrick Mahomes,QB,KC,13,LV,175,1,29,15,0,25,1,3,0,0,0,0,0,0,0,0,0,0,0,0,0,0,,,,,
Patrick Ricard,RB,BAL,13,SF,0,0,0,0,0,0,0,0,1,2,0,2,0,0,0,0,0,0,0,0,0,0,,,,,
Peyton Barber,RB,TB,13,JAX,0,0,0,0,0,44,2,17,0,0,0,0,0,0,1,0,0,0,0,0,0,0,,,,,
Pharoh Cooper,WR,ARI,13,LA,0,0,0,0,0,0,0,0,4,26,0,6,0,0,0,0,0,0,0,0,0,0,,,,,
Philip Rivers,QB,LAC,13,DEN,265,2,29,20,1,0,0,0,0,0,0,0,0,0,0,0,0,0,0,0,0,0,,,,,
Phillip Dorsett,WR,NE,13,HOU,0,0,0,0,0,0,0,0,2,15,0,6,0,0,0,0,0,0,0,0,0,0,,,,,
Phillip Lindsay,RB,DEN,13,LAC,0,0,0,0,0,58,0,17,3,4,0,3,0,0,0,0,0,0,0,0,0,0,,,,,
Raheem Mostert,RB,SF,13,BAL,0,0,0,0,0,146,1,19,2,8,0,2,0,0,0,0,0,0,0,0,0,0,,,,,
Randall Cobb,WR,DAL,13,BUF,0,0,0,0,0,0,0,0,3,53,0,3,0,0,0,0,0,0,0,0,0,0,,,,,
Randy Bullock,K,CIN,13,NYJ,0,0,0,0,0,0,0,0,0,0,0,0,0,0,0,0,1,0,1,0,0,2,,,,,
Rashaad Penny,RB,SEA,13,MIN,0,0,0,0,0,74,1,15,4,33,1,5,0,0,0,0,0,0,0,0,0,0,,,,,
Rashard Higgins,WR,CLE,13,PIT,0,0,0,0,0,0,0,0,0,0,0,3,0,0,0,0,0,0,0,0,0,0,,,,,
Reggie Bonnafon,RB,CAR,13,WAS,0,0,0,0,0,0,0,0,0,0,0,0,0,0,0,0,0,0,0,0,0,0,,,,,
Rex Burkhead,RB,NE,13,HOU,0,0,0,0,0,15,0,3,0,0,0,1,0,0,0,0,0,0,0,0,0,0,,,,,
Richie James,WR,SF,13,BAL,0,0,0,0,0,0,0,0,0,0,0,0,0,0,0,0,0,0,0,0,0,0,,,,,
Robbie Chosen,WR,NYJ,13,CIN,0,0,0,0,0,0,0,0,7,101,0,10,0,0,0,0,0,0,0,0,0,0,,,,,
Robbie Gould,K,SF,13,BAL,0,0,0,0,0,0,0,0,0,0,0,0,0,0,0,0,0,1,0,0,0,2,,,,,
Robert Foster,WR,BUF,13,DAL,0,0,0,0,0,7,0,1,1,20,0,2,0,0,0,0,0,0,0,0,0,0,,,,,
Robert Tonyan,TE,GB,13,NYG,0,0,0,0,0,0,0,0,0,0,0,1,0,0,0,0,0,0,0,0,0,0,,,,,
Robert Woods,WR,LA,13,ARI,0,0,0,0,0,0,0,0,13,172,0,18,0,0,0,0,0,0,0,0,0,0,,,,,
Ronald Jones,RB,TB,13,JAX,0,0,0,0,0,8,0,6,0,0,0,0,0,0,0,0,0,0,0,0,0,0,,,,,
Ross Travis,TE,IND,13,TEN,0,0,0,0,0,0,0,0,2,31,0,3,0,0,0,0,0,0,0,0,0,0,,,,,
Royce Freeman,RB,DEN,13,LAC,0,0,0,0,0,11,0,5,4,13,0,4,0,0,0,0,0,0,0,0,0,0,,,,,
Russell Gage,WR,ATL,13,NO,0,0,0,0,0,0,0,0,5,52,1,9,0,0,0,0,0,0,0,0,0,0,,,,,
Russell Wilson,QB,SEA,13,MIN,240,2,31,21,1,13,0,4,0,0,0,0,0,0,0,0,0,0,0,0,0,0,,,,,
Ryan Fitzpatrick,QB,MIA,13,PHI,365,3,39,27,1,2,0,3,0,0,0,0,0,0,1,0,0,0,0,0,0,0,,,,,
Ryan Griffin,TE,NYJ,13,CIN,0,0,0,0,0,0,0,0,5,30,0,7,0,0,0,0,0,0,0,0,0,0,,,,,
Ryan Santoso,K,TEN,13,IND,0,0,0,0,0,0,0,0,0,0,0,0,0,0,0,0,0,0,0,0,0,0,,,,,
Ryan Succop,K,TEN,13,IND,0,0,0,0,0,0,0,0,0,0,0,0,0,0,0,0,0,1,0,0,0,4,,,,,
Ryan Tannehill,QB,TEN,13,IND,182,2,22,17,0,5,0,4,0,0,0,0,0,0,0,0,0,0,0,0,0,0,,,,,
Ryquell Armstead,RB,JAX,13,TB,0,0,0,0,0,0,0,0,0,0,0,1,0,0,0,0,0,0,0,0,0,0,,,,,
SEA,DEF,SEA,13,MIN,,,,,,,,,,,,,,,,,,,,,,,0,0,0,0,30.0
SF,DEF,SF,13,BAL,,,,,,,,,,,,,,,,,,,,,,,0,0,0,0,20.0
Sam Darnold,QB,NYJ,13,CIN,239,0,48,28,0,9,0,2,0,0,0,0,0,0,0,0,0,0,0,0,0,0,,,,,
Sam Ficken,K,NYJ,13,CIN,0,0,0,0,0,0,0,0,0,0,0,0,0,0,0,0,0,1,1,0,0,0,,,,,
Sammy Watkins,WR,KC,13,LV,0,0,0,0,0,0,0,0,0,0,0,3,0,0,0,0,0,0,0,0,0,0,,,,,
Saquon Barkley,RB,NYG,13,GB,0,0,0,0,0,83,0,19,3,32,0,7,0,0,0,0,0,0,0,0,0,0,,,,,
Seth Roberts,WR,BAL,13,SF,0,0,0,0,0,0,0,0,1,5,0,2,0,0,0,0,0,0,0,0,0,0,,,,,
Sony Michel,RB,NE,13,HOU,0,0,0,0,0,45,0,10,0,0,0,0,0,0,0,0,0,0,0,0,0,0,,,,,
Stanley Morgan,WR,CIN,13,NYJ,0,0,0,0,0,0,0,0,0,0,0,2,0,0,0,0,0,0,0,0,0,0,,,,,
Stefon Diggs,WR,MIN,13,SEA,0,0,0,0,0,27,0,1,4,25,0,9,0,0,0,0,0,0,0,0,0,0,,,,,
Stephen Carlson,TE,CLE,13,PIT,0,0,0,0,0,0,0,0,2,28,0,2,0,0,0,0,0,0,0,0,0,0,,,,,
Sterling Shepard,WR,NYG,13,GB,0,0,0,0,0,0,0,0,3,40,1,6,0,0,0,0,0,0,0,0,0,0,,,,,
Steven Hauschka,K,BUF,13,DAL,0,0,0,0,0,0,0,0,0,0,0,0,0,0,0,0,1,0,1,0,0,2,,,,,
Steven Sims,WR,WAS,13,CAR,0,0,0,0,0,0,0,0,3,29,0,4,0,0,0,0,0,0,0,0,0,0,,,,,
T.J. Hockenson,TE,DET,13,CHI,0,0,0,0,0,0,0,0,6,18,0,11,0,0,0,0,0,0,0,0,0,0,,,,,
T.J. Logan,RB,TB,13,JAX,0,0,0,0,0,2,0,1,0,0,0,0,0,0,0,0,0,0,0,0,0,0,,,,,
TB,DEF,TB,13,JAX,,,,,,,,,,,,,,,,,,,,,,,0,0,0,0,11.0
TEN,DEF,TEN,13,IND,,,,,,,,,,,,,,,,,,,,,,,0,0,0,0,17.0
Tarik Cohen,RB,CHI,13,DET,0,0,0,0,0,9,0,3,4,26,0,4,0,0,0,0,0,0,0,0,0,0,,,,,
Tavon Austin,WR,DAL,13,BUF,0,0,0,0,0,0,0,0,2,22,0,5,0,0,0,0,0,0,0,0,0,0,,,,,
Taysom Hill,TE,NO,13,ATL,0,0,1,0,0,33,1,2,2,12,1,2,0,0,0,0,0,0,0,0,0,0,,,,,
Ted Ginn,WR,NO,13,ATL,0,0,0,0,0,0,0,0,0,0,0,1,0,0,0,0,0,0,0,0,0,0,,,,,
Terry McLaurin,WR,WAS,13,CAR,0,0,0,0,0,0,0,0,2,8,0,4,0,0,0,0,0,0,0,0,0,0,,,,,
Tevin Coleman,RB,SF,13,BAL,0,0,0,0,0,6,0,5,1,9,0,1,0,0,0,0,0,0,0,0,0,0,,,,,
Tevin Jones,WR,PIT,13,CLE,0,0,0,0,0,0,0,0,1,28,0,1,0,0,0,0,0,0,0,0,0,0,,,,,
Tim Boyle,QB,GB,13,NYG,0,0,0,0,0,-4,0,2,0,0,0,0,0,0,0,0,0,0,0,0,0,0,,,,,
Tim Patrick,WR,DEN,13,LAC,0,0,0,0,0,0,0,0,0,0,0,2,0,0,0,0,0,0,0,0,0,0,,,,,
Todd Gurley,RB,LA,13,ARI,0,0,0,0,0,95,1,19,1,20,0,1,0,0,0,0,0,0,0,0,0,0,,,,,
Tom Brady,QB,NE,13,HOU,326,3,47,24,1,13,0,1,0,0,0,0,0,0,0,0,0,0,0,0,0,0,,,,,
Tony Pollard,RB,DAL,13,BUF,0,0,0,0,0,7,0,3,0,0,0,1,0,0,0,0,0,0,0,0,0,0,,,,,
Travis Homer,RB,SEA,13,MIN,0,0,0,0,0,29,0,1,0,0,0,0,0,0,0,0,0,0,0,0,0,0,,,,,
Travis Kelce,TE,KC,13,LV,0,0,0,0,0,0,0,0,5,90,0,9,0,0,0,0,0,0,0,0,0,0,,,,,
Tre'Quan Smith,WR,NO,13,ATL,0,0,0,0,0,0,0,0,2,14,0,2,0,0,0,0,0,0,0,0,0,0,,,,,
Trevor Davis,WR,LV,13,KC,0,0,0,0,0,0,0,1,0,0,0,0,0,0,0,0,0,0,0,0,0,0,,,,,
Trey Quinn,WR,WAS,13,CAR,0,0,0,0,0,0,0,0,0,0,0,1,0,0,0,0,0,0,0,0,0,0,,,,,
Troymaine Pope,RB,LAC,13,DEN,0,0,0,0,0,0,0,0,0,0,0,0,0,0,0,0,0,0,0,0,0,0,,,,,
Ty Johnson,RB,DET,13,CHI,0,0,0,0,0,12,0,3,3,17,0,3,0,0,0,0,0,0,0,0,0,0,,,,,
Ty Montgomery,WR,NYJ,13,CIN,0,0,0,0,0,7,0,1,1,1,0,1,0,0,0,0,0,0,0,0,0,0,,,,,
Tyler Boyd,WR,CIN,13,NYJ,0,0,0,0,0,0,0,0,5,59,1,10,0,0,0,0,0,0,0,0,0,0,,,,,
Tyler Conklin,TE,MIN,13,SEA,0,0,0,0,0,0,0,0,2,8,0,2,0,0,0,0,0,0,0,0,0,0,,,,,
Tyler Eifert,TE,CIN,13,NYJ,0,0,0,0,0,0,0,0,1,12,0,2,0,0,0,0,0,0,0,0,0,0,,,,,
Tyler Higbee,TE,LA,13,ARI,0,0,0,0,0,0,0,0,7,107,1,8,0,0,0,0,0,0,0,0,0,0,,,,,
Tyler Lockett,WR,SEA,13,MIN,0,0,0,0,0,0,0,0,0,0,0,3,0,0,0,0,0,0,0,0,0,0,,,,,
Tyreek Hill,WR,KC,13,LV,0,0,0,0,0,-4,0,1,5,55,0,8,0,0,0,0,0,0,0,0,0,0,,,,,
Tyrell Williams,WR,LV,13,KC,0,0,0,0,0,0,0,0,1,9,0,4,0,0,0,0,0,0,0,0,0,0,,,,,
Vance McDonald,TE,PIT,13,CLE,0,0,0,0,0,0,0,0,3,21,0,3,0,0,0,0,0,0,0,0,0,0,,,,,
Ventell Bryant,WR,DAL,13,BUF,0,0,0,0,0,0,0,0,1,15,1,1,0,0,0,0,0,0,0,0,0,0,,,,,
Virgil Green,TE,LAC,13,DEN,0,0,0,0,0,0,0,0,0,0,0,1,0,0,0,0,0,0,0,0,0,0,,,,,
Vyncint Smith,WR,NYJ,13,CIN,0,0,0,0,0,0,0,0,2,23,0,3,0,0,0,0,0,0,0,0,0,0,,,,,
WAS,DEF,WAS,13,CAR,,,,,,,,,,,,,,,,,,,,,,,0,0,0,0,21.0
Wil Lutz,K,NO,13,ATL,0,0,0,0,0,0,0,0,0,0,0,0,0,0,0,0,1,0,3,0,0,2,,,,,
Will Fuller,WR,HOU,13,NE,0,0,0,0,0,0,0,0,1,8,0,2,0,0,0,0,0,0,0,0,0,0,,,,,
Willie Snead,WR,BAL,13,SF,0,0,0,0,0,0,0,0,1,12,0,2,0,0,0,0,0,0,0,0,0,0,,,,,
Younghoe Koo,K,ATL,13,NO,0,0,0,0,0,0,0,0,0,0,0,0,0,0,0,0,0,0,2,0,0,0,,,,,
Zach Ertz,TE,PHI,13,MIA,0,0,0,0,0,0,0,0,3,24,0,6,0,0,0,0,0,0,0,0,0,0,,,,,
Zach Pascal,WR,IND,13,TEN,0,0,0,0,0,0,0,0,7,109,0,10,0,0,0,0,0,0,0,0,0,0,,,,,
Zane Gonzalez,K,ARI,13,LA,0,0,0,0,0,0,0,0,0,0,0,0,0,0,0,0,0,0,0,0,0,1,,,,,
Zay Jones,WR,LV,13,KC,0,0,0,0,0,0,0,0,2,14,0,3,0,0,0,0,0,0,0,0,0,0,,,,,
A.J. Brown,WR,TEN,14,LV,0,0,0,0,0,13,0,1,5,153,2,7,0,0,0,0,0,0,0,0,0,0,,,,,
ARI,DEF,ARI,14,PIT,,,,,,,,,,,,,,,,,,,,,,,0,0,0,0,23.0
ATL,DEF,ATL,14,CAR,,,,,,,,,,,,,,,,,,,,,,,0,0,0,0,20.0
Aaron Jones,RB,GB,14,WAS,0,0,0,0,0,134,1,16,6,58,0,7,0,0,0,0,0,0,0,0,0,0,,,,,
Aaron Rodgers,QB,GB,14,WAS,195,1,28,18,0,16,0,5,0,0,0,0,0,0,0,0,0,0,0,0,0,0,,,,,
Adrian Peterson,RB,WAS,14,GB,0,0,0,0,0,76,1,20,0,0,0,0,0,0,0,0,0,0,0,0,0,0,,,,,
Albert Wilson,WR,MIA,14,NYJ,0,0,0,0,0,0,0,0,1,5,0,2,0,0,0,0,0,0,0,0,0,0,,,,,
Aldrick Rosas,K,NYG,14,PHI,0,0,0,0,0,0,0,0,0,0,0,0,0,0,0,0,0,1,0,0,0,2,,,,,
Alex Erickson,WR,CIN,14,CLE,26,0,1,1,0,0,0,0,5,45,0,7,0,0,0,0,0,0,0,0,0,0,,,,,
Alexander Hollins,WR,MIN,14,DET,0,0,0,0,0,0,0,0,0,0,0,1,0,0,0,0,0,0,0,0,0,0,,,,,
Alexander Mattison,RB,MIN,14,DET,0,0,0,0,0,46,0,14,2,18,0,2,0,0,0,0,0,0,0,0,0,0,,,,,
Allen Hurns,WR,MIA,14,NYJ,0,0,0,0,0,0,0,0,5,68,0,8,0,0,0,0,0,0,0,0,0,0,,,,,
Allen Lazard,WR,GB,14,WAS,0,0,0,0,0,0,0,0,2,19,0,3,0,0,0,0,0,0,0,0,0,0,,,,,
Allen Robinson,WR,CHI,14,DAL,0,0,0,0,0,0,0,0,5,48,2,8,0,0,0,0,0,0,0,0,0,0,,,,,
Alshon Jeffery,WR,PHI,14,NYG,0,0,0,0,0,0,0,0,0,0,0,2,0,0,0,0,0,0,0,0,0,0,,,,,
Alvin Kamara,RB,NO,14,SF,0,0,0,0,0,25,0,13,4,18,0,6,0,0,0,0,0,0,0,0,0,0,,,,,
Amari Cooper,WR,DAL,14,CHI,0,0,0,0,0,0,0,0,6,83,1,8,0,0,0,0,0,0,0,0,0,0,,,,,
Ameer Abdullah,RB,MIN,14,DET,0,0,0,0,0,0,0,0,1,2,0,1,0,0,0,0,0,0,0,0,0,0,,,,,
Andre Roberts,WR,BUF,14,BAL,0,0,0,0,0,0,0,0,0,0,0,0,0,0,0,0,0,0,0,0,0,0,,,,,
Andy Dalton,QB,CIN,14,CLE,262,0,38,22,1,11,0,3,0,0,0,0,0,0,0,0,0,0,0,0,0,0,,,,,
Andy Isabella,WR,ARI,14,PIT,0,0,0,0,0,0,0,0,1,5,0,1,0,0,0,0,0,0,0,0,0,0,,,,,
Anthony Firkser,TE,TEN,14,LV,0,0,0,0,0,0,0,0,1,39,0,1,0,0,0,0,0,0,0,0,0,0,,,,,
Anthony Miller,WR,CHI,14,DAL,0,0,0,0,0,0,0,0,3,42,1,4,0,0,0,0,0,0,0,0,0,0,,,,,
Auden Tate,WR,CIN,14,CLE,0,0,0,0,0,0,0,0,1,16,0,4,0,0,0,0,0,0,0,0,0,0,,,,,
Austin Ekeler,RB,LAC,14,JAX,0,0,0,0,0,101,0,8,4,112,1,5,0,0,0,0,0,0,0,0,0,0,,,,,
Austin Hooper,TE,ATL,14,CAR,0,0,0,0,0,0,0,0,2,32,0,6,0,0,0,0,0,0,0,0,0,0,,,,,
Austin Seibert,K,CLE,14,CIN,0,0,0,0,0,0,0,0,0,0,0,0,0,0,0,0,0,1,0,1,0,3,,,,,
BAL,DEF,BAL,14,BUF,,,,,,,,,,,,,,,,,,,,,,,0,0,0,0,17.0
BUF,DEF,BUF,14,BAL,,,,,,,,,,,,,,,,,,,,,,,0,0,0,0,24.0
Baker Mayfield,QB,CLE,14,CIN,192,0,24,11,2,13,1,2,0,0,0,0,0,0,0,0,0,0,0,0,0,0,,,,,
Benjamin Watson,TE,NE,14,KC,0,0,0,0,0,0,0,0,1,7,0,3,0,0,0,0,0,0,0,0,0,0,,,,,
Benny Snell,RB,PIT,14,ARI,0,0,0,0,0,41,0,16,0,0,0,0,0,0,0,0,0,0,0,0,0,0,,,,,
Bilal Powell,RB,NYJ,14,MIA,0,0,0,0,0,74,0,19,2,14,0,3,0,0,0,0,0,0,0,0,0,0,,,,,
Bisi Johnson,WR,MIN,14,DET,0,0,0,0,0,0,0,0,1,9,1,1,0,0,0,0,0,0,0,0,0,0,,,,,
Blake Bell,TE,KC,14,NE,0,0,0,0,0,0,0,0,0,0,0,0,0,0,0,0,0,0,0,0,0,0,,,,,
Blake Jarwin,TE,DAL,14,CHI,0,0,0,0,0,0,0,0,6,50,0,7,0,0,0,0,0,0,0,0,0,0,,,,,
Bo Scarbrough,RB,DET,14,MIN,0,0,0,0,0,65,0,19,1,5,0,3,0,0,0,0,0,0,0,0,0,0,,,,,
Boston Scott,RB,PHI,14,NYG,0,0,0,0,0,59,1,10,6,69,0,6,0,0,0,0,0,0,0,0,0,0,,,,,
Brandin Cooks,WR,LA,14,SEA,0,0,0,0,0,0,0,0,0,0,0,2,0,0,0,0,0,0,0,0,0,0,,,,,
Brandon Bolden,RB,NE,14,KC,0,0,0,0,0,10,1,1,0,0,0,0,0,0,0,0,0,0,0,0,0,0,,,,,
Brandon McManus,K,DEN,14,HOU,0,0,0,0,0,0,0,0,0,0,0,0,0,0,0,0,0,1,0,0,0,5,,,,,
Brandon Zylstra,WR,CAR,14,ATL,0,0,0,0,0,0,0,0,1,7,0,2,0,0,0,0,0,0,0,0,0,0,,,,,
Braxton Berrios,WR,NYJ,14,MIA,0,0,0,0,0,0,0,0,0,0,0,1,0,0,0,0,0,0,0,0,0,0,,,,,
Breshad Perriman,WR,TB,14,IND,0,0,0,0,0,0,0,0,3,70,1,5,0,0,0,0,0,0,0,0,0,0,,,,,
Brett Maher,K,DAL,14,CHI,0,0,0,0,0,0,0,0,0,0,0,0,0,0,0,0,0,1,0,0,0,3,,,,,
Brian Hill,RB,ATL,14,CAR,0,0,0,0,0,62,1,9,0,0,0,0,0,0,0,0,0,0,0,0,0,0,,,,,
Buddy Howell,RB,HOU,14,DEN,0,0,0,0,0,0,0,0,0,0,0,0,0,0,0,0,0,0,0,0,0,0,,,,,
Byron Pringle,WR,KC,14,NE,0,0,0,0,0,0,0,0,1,14,0,1,0,0,0,0,0,0,0,0,0,0,,,,,
C.J. Prosise,RB,SEA,14,LA,0,0,0,0,0,2,0,1,0,0,0,0,0,0,0,0,0,0,0,0,0,0,,,,,
C.J. Uzomah,TE,CIN,14,CLE,0,0,0,0,0,0,0,0,1,4,0,2,0,0,0,0,0,0,0,0,0,0,,,,,
CAR,DEF,CAR,14,ATL,,,,,,,,,,,,,,,,,,,,,,,0,0,0,0,40.0
CHI,DEF,CHI,14,DAL,,,,,,,,,,,,,,,,,,,,,,,0,0,0,0,24.0
CIN,DEF,CIN,14,CLE,,,,,,,,,,,,,,,,,,,,,,,0,0,0,0,27.0
CLE,DEF,CLE,14,CIN,,,,,,,,,,,,,,,,,,,,,,,1,0,0,0,19.0
Calvin Ridley,WR,ATL,14,CAR,0,0,0,0,0,0,0,0,5,76,1,5,0,0,0,0,0,0,0,0,0,0,,,,,
Cameron Brate,TE,TB,14,IND,0,0,0,0,0,0,0,0,4,30,1,4,0,0,0,0,0,0,0,0,0,0,,,,,
Carlos Hyde,RB,HOU,14,DEN,0,0,0,0,0,73,0,14,2,5,0,3,0,0,0,0,0,0,0,0,0,0,,,,,
Carson Wentz,QB,PHI,14,NYG,325,2,50,33,0,9,0,5,0,0,0,0,0,0,0,0,0,0,0,0,0,0,,,,,
Cedrick Wilson Jr.,WR,DAL,14,CHI,0,0,0,0,0,0,0,0,0,0,0,1,0,0,0,0,0,0,0,0,0,0,,,,,
Cethan Carter,TE,CIN,14,CLE,0,0,0,0,0,0,0,0,0,0,0,0,0,0,0,0,0,0,0,0,0,0,,,,,
Chad Williams,WR,IND,14,TB,0,0,0,0,0,0,0,0,0,0,0,1,0,0,0,0,0,0,0,0,0,0,,,,,
Charles Clay,TE,ARI,14,PIT,0,0,0,0,0,0,0,0,1,5,1,1,0,0,0,0,0,0,0,0,0,0,,,,,
Charles Jones,TE,JAX,14,LAC,0,0,0,0,0,0,0,0,0,0,0,0,0,0,0,0,0,0,0,0,0,0,,,,,
Chase Edmonds,RB,ARI,14,PIT,0,0,0,0,0,9,0,1,0,0,0,2,0,0,0,0,0,0,0,0,0,0,,,,,
Chase McLaughlin,K,IND,14,TB,0,0,0,0,0,0,0,0,0,0,0,0,0,0,0,1,0,0,0,1,0,3,,,,,
Chris Boswell,K,PIT,14,ARI,0,0,0,0,0,0,0,0,0,0,0,0,0,0,0,0,1,2,0,0,0,2,,,,,
Chris Carson,RB,SEA,14,LA,0,0,0,0,0,76,0,15,3,15,0,4,0,0,0,0,0,0,0,0,0,0,,,,,
Chris Conley,WR,JAX,14,LAC,0,0,0,0,0,0,0,0,1,7,0,3,0,0,0,0,0,0,0,0,0,0,,,,,
Chris Godwin Jr.,WR,TB,14,IND,0,0,0,0,0,0,0,0,7,91,0,9,0,0,0,0,0,0,0,0,0,0,,,,,
Chris Lacy,WR,DET,14,MIN,0,0,0,0,0,0,0,0,0,0,0,0,0,0,0,0,0,0,0,0,0,0,,,,,
Chris Manhertz,TE,CAR,14,ATL,0,0,0,0,0,0,0,0,1,11,0,1,0,0,0,0,0,0,0,0,0,0,,,,,
Chris Thompson,RB,WAS,14,GB,0,0,0,0,0,0,0,0,7,43,0,8,0,0,0,0,0,0,0,0,0,0,,,,,
Christian Blake,WR,ATL,14,CAR,0,0,0,0,0,0,0,0,0,0,0,0,0,0,0,0,0,0,0,0,0,0,,,,,
Christian Kirk,WR,ARI,14,PIT,0,0,0,0,0,4,0,1,8,85,0,9,0,0,0,0,0,0,0,0,0,0,,,,,
Christian McCaffrey,RB,CAR,14,ATL,0,0,0,0,0,53,0,11,11,82,0,12,0,0,0,0,0,0,0,0,0,0,,,,,
Clive Walford,TE,MIA,14,NYJ,0,0,0,0,0,4,0,0,0,0,0,0,0,0,0,0,0,0,0,0,0,0,,,,,
Cody Core,WR,NYG,14,PHI,0,0,0,0,0,0,0,0,0,0,0,0,0,0,0,0,0,0,0,0,0,0,,,,,
Cody Hollister,WR,TEN,14,LV,0,0,0,0,0,0,0,0,0,0,0,0,0,0,0,0,0,0,0,0,0,0,,,,,
Cole Beasley,WR,BUF,14,BAL,0,0,0,0,0,0,0,0,4,29,1,7,0,0,1,0,0,0,0,0,0,0,,,,,
Cooper Kupp,WR,LA,14,SEA,0,0,1,0,0,0,0,0,4,45,1,4,0,0,0,0,0,0,0,0,0,0,,,,,
Cordarrelle Patterson,RB,CHI,14,DAL,0,0,0,0,0,-5,0,1,1,33,0,1,0,0,0,0,0,0,0,0,0,0,,,,,
Corey Davis,WR,TEN,14,LV,0,0,0,0,0,0,0,0,2,34,0,4,0,0,0,0,0,0,0,0,0,0,,,,,
Courtland Sutton,WR,DEN,14,HOU,0,0,0,0,0,0,0,0,5,34,0,7,0,0,0,0,0,0,0,0,0,0,,,,,
Curtis Samuel,WR,CAR,14,ATL,0,0,0,0,0,17,0,3,2,25,0,4,0,0,0,0,0,0,0,0,0,0,,,,,
DAL,DEF,DAL,14,CHI,,,,,,,,,,,,,,,,,,,,,,,0,0,0,0,31.0
DEN,DEF,DEN,14,HOU,,,,,,,,,,,,,,,,,,,,,,,0,0,0,0,24.0
DET,DEF,DET,14,MIN,,,,,,,,,,,,,,,,,,,,,,,0,0,0,0,20.0
DJ Chark,WR,JAX,14,LAC,0,0,0,0,0,0,0,0,9,75,0,10,0,0,0,0,0,0,0,0,0,0,,,,,
DJ Moore,WR,CAR,14,ATL,0,0,0,0,0,0,0,1,4,81,0,6,0,0,0,0,0,0,0,0,0,0,,,,,
DK Metcalf,WR,SEA,14,LA,0,0,0,0,0,0,0,0,6,78,0,6,0,0,0,0,0,0,0,0,0,0,,,,,
Da'Mari Scott,WR,NYG,14,PHI,0,0,0,0,0,0,0,0,0,0,0,0,0,0,0,0,0,0,0,0,0,0,,,,,
DaeSean Hamilton,WR,DEN,14,HOU,0,0,0,0,0,0,0,0,2,36,0,4,0,0,0,0,0,0,0,0,0,0,,,,,
Dak Prescott,QB,DAL,14,CHI,334,1,49,27,0,1,0,3,0,0,0,0,0,0,0,0,0,0,0,0,0,0,,,,,
Dallas Goedert,TE,PHI,14,NYG,0,0,0,0,0,0,0,0,3,41,0,6,0,0,0,0,0,0,0,0,0,0,,,,,
Dalvin Cook,RB,MIN,14,DET,0,0,0,0,0,62,1,18,2,13,0,2,0,0,0,0,0,0,0,0,0,0,,,,,
Damiere Byrd,WR,ARI,14,PIT,0,0,0,0,0,0,0,0,1,10,0,1,0,0,0,0,0,0,0,0,0,0,,,,,
Damion Ratley,WR,CLE,14,CIN,0,0,0,0,0,0,0,0,0,0,0,1,0,0,0,0,0,0,0,0,0,0,,,,,
Dan Bailey,K,MIN,14,DET,0,0,0,0,0,0,0,0,0,0,0,0,0,0,0,0,1,0,0,1,0,2,,,,,
Daniel Brown,TE,NYJ,14,MIA,0,0,0,0,0,0,0,0,1,7,0,2,0,0,0,0,0,0,0,0,0,0,,,,,
Daniel Carlson,K,LV,14,TEN,0,0,0,0,0,0,0,0,0,0,0,0,0,0,0,0,0,0,0,0,0,3,,,,,
Danny Amendola,WR,DET,14,MIN,0,0,0,0,0,0,0,0,5,34,0,8,0,0,0,0,0,0,0,0,0,0,,,,,
Danny Vitale,RB,GB,14,WAS,0,0,0,0,0,0,0,0,0,0,0,1,0,0,0,0,0,0,0,0,0,0,,,,,
Dare Ogunbowale,RB,TB,14,IND,0,0,0,0,0,0,0,0,5,48,0,5,0,0,0,0,0,0,0,0,0,0,,,,,
Darius Slayton,WR,NYG,14,PHI,0,0,0,0,0,0,0,0,5,154,2,8,0,0,0,0,0,0,0,0,0,0,,,,,
Darrell Daniels,TE,ARI,14,PIT,0,0,0,0,0,0,0,0,0,0,0,0,0,0,0,0,0,0,0,0,0,0,,,,,
Darrell Henderson,RB,LA,14,SEA,0,0,0,0,0,0,0,0,0,0,0,0,0,0,0,0,0,0,0,0,0,0,,,,,
Darren Fells,TE,HOU,14,DEN,0,0,0,0,0,0,0,0,2,2,0,4,0,0,0,0,0,0,0,0,0,0,,,,,
Darren Waller,TE,LV,14,TEN,0,0,0,0,0,0,0,0,6,72,0,6,0,0,0,0,0,0,0,0,0,0,,,,,
Darwin Thompson,RB,KC,14,NE,0,0,0,0,0,7,0,4,4,36,0,5,0,0,0,0,0,0,0,0,0,0,,,,,
Davante Adams,WR,GB,14,WAS,0,0,0,0,0,0,0,0,4,41,0,6,0,0,0,0,0,0,0,0,0,0,,,,,
David Blough,QB,DET,14,MIN,205,1,40,24,2,0,0,0,0,0,0,0,0,0,0,0,0,0,0,0,0,0,,,,,
David Johnson,RB,ARI,14,PIT,0,0,0,0,0,19,0,3,2,34,1,2,0,0,0,0,0,0,0,0,0,0,,,,,
David Montgomery,RB,CHI,14,DAL,0,0,0,0,0,86,0,20,0,0,0,1,0,0,0,0,0,0,0,0,0,0,,,,,
David Moore,WR,SEA,14,LA,0,0,0,0,0,0,0,0,1,15,0,2,0,0,0,0,0,0,0,0,0,0,,,,,
David Njoku,TE,CLE,14,CIN,0,0,0,0,0,0,0,0,1,4,0,3,0,0,0,0,0,0,0,0,0,0,,,,,
Dawson Knox,TE,BUF,14,BAL,0,0,0,0,0,0,0,0,1,37,0,4,0,0,0,0,0,0,0,0,0,0,,,,,
De'Anthony Thomas,WR,BAL,14,BUF,0,0,0,0,0,0,0,0,0,0,0,0,0,0,0,0,0,0,0,0,0,0,,,,,
De'Lance Turner,RB,MIA,14,NYJ,0,0,0,0,0,0,0,0,0,0,0,0,0,0,0,0,0,0,0,0,0,0,,,,,
DeAndre Carter,WR,HOU,14,DEN,0,0,0,0,0,0,0,0,0,0,0,0,0,0,0,0,0,0,0,0,0,0,,,,,
DeAndre Hopkins,WR,HOU,14,DEN,0,0,0,0,0,12,0,1,7,120,1,13,0,0,0,0,0,0,0,0,0,0,,,,,
DeAndre Washington,RB,LV,14,TEN,0,0,0,0,0,53,1,14,6,43,0,7,0,0,0,0,0,0,0,0,0,0,,,,,
DeAndrew White,WR,CAR,14,ATL,0,0,0,0,0,0,0,0,0,0,0,0,0,0,0,0,0,0,0,0,0,0,,,,,
DeVante Parker,WR,MIA,14,NYJ,0,0,0,0,0,0,0,0,2,28,0,2,0,0,0,0,0,0,0,0,0,0,,,,,
Dede Westbrook,WR,JAX,14,LAC,0,0,0,0,0,0,0,0,6,25,0,7,0,0,0,0,0,0,0,0,0,0,,,,,
Deebo Samuel Sr.,WR,SF,14,NO,0,0,0,0,0,33,0,2,5,76,0,8,0,0,0,0,0,0,0,0,0,0,,,,,
Demarcus Robinson,WR,KC,14,NE,0,0,0,0,0,0,0,0,1,12,0,2,0,0,0,0,0,0,0,0,0,0,,,,,
Demaryius Thomas,WR,NYJ,14,MIA,0,0,0,0,0,0,0,0,2,28,1,4,0,0,0,0,0,0,0,0,0,0,,,,,
Deon Cain,WR,PIT,14,ARI,0,0,0,0,0,0,0,0,1,22,0,1,0,0,0,0,0,0,0,0,0,0,,,,,
Deonte Harty,WR,NO,14,SF,0,0,0,0,0,8,0,1,1,13,0,1,0,0,0,0,0,0,0,0,0,0,,,,,
Derek Carr,QB,LV,14,TEN,262,2,34,25,0,17,0,2,0,0,0,0,0,0,0,0,0,0,0,0,0,0,,,,,
Derrick Henry,RB,TEN,14,LV,0,0,0,0,0,103,2,18,1,6,0,1,0,0,0,0,0,0,0,0,0,0,,,,,
Derrius Guice,RB,WAS,14,GB,0,0,0,0,0,42,0,5,0,0,0,0,0,0,0,0,0,0,0,0,0,0,,,,,
Deshaun Watson,QB,HOU,14,DEN,292,1,50,28,2,44,2,6,0,0,0,0,0,0,0,0,0,0,0,0,0,0,,,,,
Devin Singletary,RB,BUF,14,BAL,0,0,0,0,0,89,0,17,6,29,0,8,0,0,0,0,0,0,0,0,0,0,,,,,
Devlin Hodges,QB,PIT,14,ARI,152,1,19,16,0,34,0,5,0,0,0,0,0,0,0,0,0,0,0,0,0,0,,,,,
Devonta Freeman,RB,ATL,14,CAR,0,0,0,0,0,84,1,17,4,10,0,4,0,0,0,0,0,0,0,0,0,0,,,,,
Devontae Booker,RB,DEN,14,HOU,0,0,0,0,0,0,0,0,2,24,0,2,0,0,0,0,0,0,0,0,0,0,,,,,
Dion Lewis,RB,TEN,14,LV,0,0,0,0,0,26,0,9,1,5,0,1,0,0,0,0,0,0,0,0,0,0,,,,,
Diontae Johnson,WR,PIT,14,ARI,0,0,0,0,0,16,0,1,6,60,1,8,1,0,0,0,0,0,0,0,0,0,,,,,
Diontae Spencer,WR,DEN,14,HOU,0,0,0,0,0,0,0,0,0,0,0,0,0,0,0,0,0,0,0,0,0,0,,,,,
Dontrell Hilliard,RB,CLE,14,CIN,0,0,0,0,0,0,0,0,0,0,0,0,0,0,0,0,0,0,0,0,0,0,,,,,
Drew Brees,QB,NO,14,SF,349,5,40,29,0,1,1,1,0,0,0,0,0,0,0,0,0,0,0,0,0,0,,,,,
Drew Lock,QB,DEN,14,HOU,309,3,27,22,1,15,0,3,0,0,0,0,0,0,0,0,0,0,0,0,0,0,,,,,
Duke Johnson,RB,HOU,14,DEN,0,0,0,0,0,5,0,1,6,40,0,8,0,0,0,0,0,0,0,0,0,0,,,,,
Durham Smythe,TE,MIA,14,NYJ,0,0,0,0,0,0,0,0,1,2,0,1,0,0,0,0,0,0,0,0,0,0,,,,,
Dustin Hopkins,K,WAS,14,GB,0,0,0,0,0,0,0,0,0,0,0,0,0,0,0,0,0,0,0,1,0,0,,,,,
Dwayne Haskins,QB,WAS,14,GB,170,1,27,16,1,-1,0,1,0,0,0,0,0,0,0,0,0,0,0,0,0,0,,,,,
Eddy Pineiro,K,CHI,14,DAL,0,0,0,0,0,0,0,0,0,0,0,0,0,0,0,0,0,1,0,0,0,4,,,,,
Eli Manning,QB,NYG,14,PHI,203,2,30,15,0,-1,0,2,0,0,0,0,0,0,0,0,0,0,0,0,0,0,,,,,
Emmanuel Sanders,WR,SF,14,NO,35,1,1,1,0,0,0,0,7,157,1,9,0,0,0,0,0,0,0,0,0,0,,,,,
Ezekiel Elliott,RB,DAL,14,CHI,0,0,0,0,0,81,2,19,2,12,0,5,0,0,0,0,0,0,0,0,0,0,,,,,
Foster Moreau,TE,LV,14,TEN,0,0,0,0,0,0,0,0,3,14,1,3,0,0,0,0,0,0,0,0,0,0,,,,,
Frank Gore,RB,BUF,14,BAL,0,0,0,0,0,6,0,4,0,0,0,0,0,0,0,0,0,0,0,0,0,0,,,,,
GB,DEF,GB,14,WAS,,,,,,,,,,,,,,,,,,,,,,,0,0,0,0,15.0
Gardner Minshew,QB,JAX,14,LAC,162,1,37,24,0,31,0,6,0,0,0,0,0,0,0,0,0,0,0,0,0,0,,,,,
Garrett Celek,TE,SF,14,NO,0,0,0,0,0,0,0,0,0,0,0,0,0,0,0,0,0,0,0,0,0,0,,,,,
Garrett Gilbert,QB,CLE,14,CIN,0,0,0,0,0,-1,0,1,0,0,0,0,0,0,0,0,0,0,0,0,0,0,,,,,
George Kittle,TE,SF,14,NO,0,0,0,0,0,0,0,0,6,67,1,8,0,0,0,0,0,0,0,0,0,0,,,,,
Geronimo Allison,WR,GB,14,WAS,0,0,0,0,0,0,0,0,1,11,0,1,0,0,0,0,0,0,0,0,0,0,,,,,
Giovani Bernard,RB,CIN,14,CLE,0,0,0,0,0,15,0,4,2,31,0,3,0,0,0,0,0,0,0,0,0,0,,,,,
Golden Tate,WR,NYG,14,PHI,0,0,0,0,0,0,0,0,1,11,0,5,0,0,0,0,0,0,0,0,0,0,,,,,
Greg Dortch,WR,CAR,14,ATL,0,0,0,0,0,0,0,0,0,0,0,0,0,0,0,0,0,0,0,0,0,0,,,,,
Greg Ward,WR,PHI,14,NYG,0,0,0,0,0,0,0,0,4,34,0,9,0,0,0,0,0,0,0,0,0,0,,,,,
Greg Zuerlein,K,LA,14,SEA,0,0,0,0,0,0,0,0,0,0,0,0,0,0,0,0,0,0,0,0,0,4,,,,,
Gus Edwards,RB,BAL,14,BUF,0,0,0,0,0,20,0,4,0,0,0,0,0,0,0,0,0,0,0,0,0,0,,,,,
HOU,DEF,HOU,14,DEN,,,,,,,,,,,,,,,,,,,,,,,0,0,0,0,38.0
Harrison Butker,K,KC,14,NE,0,0,0,0,0,0,0,0,0,0,0,0,0,0,0,0,0,1,2,0,0,2,,,,,
Hayden Hurst,TE,BAL,14,BUF,0,0,0,0,0,0,0,0,3,73,1,3,0,0,0,0,0,0,0,0,0,0,,,,,
Hunter Henry,TE,LAC,14,JAX,0,0,0,0,0,0,0,0,2,39,1,4,0,0,0,0,0,0,0,0,0,0,,,,,
IND,DEF,IND,14,TB,,,,,,,,,,,,,,,,,,,,,,,1,0,0,0,38.0
Ian Thomas,TE,CAR,14,ATL,0,0,0,0,0,0,0,0,5,57,1,10,0,0,0,0,0,0,0,0,0,0,,,,,
Irv Smith,TE,MIN,14,DET,0,0,0,0,0,0,0,0,3,21,0,4,0,0,0,0,0,0,0,0,0,0,,,,,
Isaac Nauta,TE,DET,14,MIN,0,0,0,0,0,0,0,0,1,3,0,1,0,0,0,0,0,0,0,0,0,0,,,,,
Isaiah Ford,WR,MIA,14,NYJ,0,0,0,0,0,0,0,0,6,92,0,9,0,0,0,0,0,0,0,0,0,0,,,,,
Isaiah McKenzie,WR,BUF,14,BAL,0,0,0,0,0,0,0,0,3,25,0,5,0,0,0,0,0,0,0,0,0,0,,,,,
J.D. McKissic,RB,DET,14,MIN,0,0,0,0,0,2,0,1,4,16,0,4,0,0,0,0,0,0,0,0,0,0,,,,,
J.J. Arcega-Whiteside,WR,PHI,14,NYG,0,0,0,0,0,0,0,0,2,29,0,3,0,0,0,0,0,0,0,0,0,0,,,,,
J.P. Holtz,TE,CHI,14,DAL,0,0,0,0,0,0,0,0,3,56,0,3,0,0,0,0,0,0,0,0,0,0,,,,,
JAX,DEF,JAX,14,LAC,,,,,,,,,,,,,,,,,,,,,,,0,0,0,0,45.0
Jace Sternberger,TE,GB,14,WAS,0,0,0,0,0,0,0,0,0,0,0,1,0,0,0,0,0,0,0,0,0,0,,,,,
Jack Doyle,TE,IND,14,TB,0,0,0,0,0,0,0,0,2,27,0,6,0,0,0,0,0,0,0,0,0,0,,,,,
Jacob Hollister,TE,SEA,14,LA,0,0,0,0,0,0,0,0,4,34,0,6,0,0,0,0,0,0,0,0,0,0,,,,,
Jacoby Brissett,QB,IND,14,TB,251,2,36,19,0,26,0,4,0,0,0,0,0,0,1,0,0,0,0,0,0,0,,,,,
Jake Elliott,K,PHI,14,NYG,0,0,0,0,0,0,0,0,0,0,0,0,0,0,0,0,0,1,0,0,0,2,,,,,
Jakobi Meyers,WR,NE,14,KC,0,0,0,0,0,0,0,0,1,35,0,3,0,0,0,0,0,0,0,0,0,0,,,,,
Jalen Guyton,WR,LAC,14,JAX,0,0,0,0,0,0,0,0,0,0,0,2,0,0,0,0,0,0,0,0,0,0,,,,,
Jalen Richard,RB,LV,14,TEN,0,0,0,0,0,28,0,7,2,18,0,3,0,0,0,0,0,0,0,0,0,0,,,,,
Jamaal Williams,RB,GB,14,WAS,0,0,0,0,0,24,0,7,0,0,0,1,0,0,0,0,0,0,0,0,0,0,,,,,
Jameis Winston,QB,TB,14,IND,456,4,45,33,3,5,1,6,0,0,0,0,0,0,0,0,0,0,0,0,0,0,,,,,
James Washington,WR,PIT,14,ARI,0,0,0,0,0,0,0,0,4,33,0,4,0,0,0,0,0,0,0,0,0,0,,,,,
James White,RB,NE,14,KC,35,0,1,1,0,33,0,6,5,27,0,7,0,0,0,0,0,0,0,0,0,0,,,,,
Jamison Crowder,WR,NYJ,14,MIA,0,0,0,0,0,0,0,0,3,29,0,7,0,0,0,0,0,0,0,0,0,0,,,,,
Jamize Olawale,RB,DAL,14,CHI,0,0,0,0,0,0,0,0,0,0,0,1,0,0,0,0,0,0,0,0,0,0,,,,,
Jared Cook,TE,NO,14,SF,0,0,0,0,0,0,0,0,2,64,2,2,0,0,0,0,0,0,0,0,0,0,,,,,
Jared Goff,QB,LA,14,SEA,293,2,31,22,2,4,0,2,0,0,0,0,0,0,0,0,0,0,0,0,0,0,,,,,
Jarius Wright,WR,CAR,14,ATL,0,0,0,0,0,0,0,0,4,30,0,5,0,0,0,0,0,0,0,0,0,0,,,,,
Jaron Brown,WR,SEA,14,LA,0,0,0,0,0,0,0,0,0,0,0,0,0,0,0,0,0,0,0,0,0,0,,,,,
Jarvis Landry,WR,CLE,14,CIN,0,0,0,0,0,0,0,0,4,76,0,7,0,0,0,0,0,0,0,0,0,0,,,,,
Jason Moore,WR,LAC,14,JAX,0,0,0,0,0,0,0,0,0,0,0,0,0,0,0,0,0,0,0,0,0,0,,,,,
Jason Myers,K,SEA,14,LA,0,0,0,0,0,0,0,0,0,0,0,0,0,0,0,0,0,2,0,0,0,0,,,,,
Jason Sanders,K,MIA,14,NYJ,0,0,0,0,0,0,0,0,0,0,0,0,0,0,0,0,3,2,1,1,0,0,,,,,
Jason Witten,TE,DAL,14,CHI,0,0,0,0,0,0,0,0,5,37,0,7,0,0,0,0,0,0,0,0,0,0,,,,,
Javon Wims,WR,CHI,14,DAL,0,0,0,0,0,0,0,0,0,0,0,3,0,0,0,0,0,0,0,0,0,0,,,,,
Jay Ajayi,RB,PHI,14,NYG,0,0,0,0,0,5,0,2,0,0,0,1,0,0,0,0,0,0,0,0,0,0,,,,,
Jaylen Samuels,RB,PIT,14,ARI,0,0,0,0,0,16,0,7,2,18,0,2,0,0,0,0,0,0,0,0,0,0,,,,,
Jeff Heuerman,TE,DEN,14,HOU,0,0,0,0,0,0,0,0,1,8,1,1,0,0,0,0,0,0,0,0,0,0,,,,,
Jeremy Sprinkle,TE,WAS,14,GB,0,0,0,0,0,0,0,0,0,0,0,0,0,0,0,0,0,0,0,0,0,0,,,,,
Jesper Horsted,TE,CHI,14,DAL,0,0,0,0,0,0,0,0,4,36,0,4,0,0,0,0,0,0,0,0,0,0,,,,,
Jesse James,TE,DET,14,MIN,0,0,0,0,0,0,0,0,1,23,0,2,0,0,0,0,0,0,0,0,0,0,,,,,
Jimmy Garoppolo,QB,SF,14,NO,349,4,35,26,1,1,0,2,0,0,0,0,0,0,0,0,0,0,0,0,0,0,,,,,
Jimmy Graham,TE,GB,14,WAS,0,0,0,0,0,0,0,0,3,49,0,5,0,0,0,0,0,0,0,0,0,0,,,,,
Joe Mixon,RB,CIN,14,CLE,0,0,0,0,0,146,1,23,3,40,0,4,0,0,0,0,0,0,0,0,0,0,,,,,
Joey Slye,K,CAR,14,ATL,0,0,0,0,0,0,0,0,0,0,0,0,0,0,0,0,0,0,2,0,0,2,,,,,
John Brown,WR,BUF,14,BAL,0,0,0,0,0,0,0,0,3,26,0,8,0,0,0,0,0,0,0,0,0,0,,,,,
John Ross,WR,CIN,14,CLE,0,0,0,0,0,0,0,0,2,28,0,3,0,0,0,0,0,0,0,0,0,0,,,,,
Jonnu Smith,TE,TEN,14,LV,0,0,0,0,0,0,0,0,3,29,1,4,0,0,0,0,0,0,0,0,0,0,,,,,
Jordan Akins,TE,HOU,14,DEN,0,0,0,0,0,0,0,0,4,49,0,9,0,0,0,0,0,0,0,0,0,0,,,,,
Jordan Wilkins,RB,IND,14,TB,0,0,0,0,0,1,0,1,0,0,0,0,0,0,0,0,0,0,0,0,0,0,,,,,
Josh Allen,QB,BUF,14,BAL,146,1,39,17,0,9,0,2,0,0,0,0,0,0,1,0,0,0,0,0,0,0,,,,,
Josh Gordon,WR,SEA,14,LA,0,0,0,0,0,0,0,0,2,34,0,5,0,0,0,0,0,0,0,0,0,0,,,,,
Josh Hill,TE,NO,14,SF,0,0,0,0,0,0,0,0,2,4,1,3,0,0,0,0,0,0,0,0,0,0,,,,,
Josh Lambo,K,JAX,14,LAC,0,0,0,0,0,0,0,0,0,0,0,0,0,0,0,0,1,0,0,0,0,1,,,,,
Josh Perkins,TE,PHI,14,NYG,0,0,0,0,0,0,0,0,5,37,0,5,0,0,0,0,0,0,0,0,0,0,,,,,
Josh Reynolds,WR,LA,14,SEA,0,0,0,0,0,29,0,3,0,0,0,0,0,0,0,0,0,0,0,0,0,0,,,,,
Julian Edelman,WR,NE,14,KC,0,0,0,0,0,8,0,1,8,95,1,12,0,0,0,0,0,0,0,0,0,0,,,,,
Julio Jones,WR,ATL,14,CAR,0,0,0,0,0,0,0,0,5,66,0,8,0,0,0,0,0,0,0,0,0,0,,,,,
Justice Hill,RB,BAL,14,BUF,0,0,0,0,0,8,0,3,0,0,0,0,0,0,0,0,0,0,0,0,0,0,,,,,
Justin Hardy,WR,ATL,14,CAR,0,0,0,0,0,0,0,0,1,19,0,1,0,0,0,0,0,0,0,0,0,0,,,,,
Justin Jackson,RB,LAC,14,JAX,0,0,0,0,0,25,0,3,0,0,0,0,0,0,0,0,0,0,0,0,0,0,,,,,
Justin Tucker,K,BAL,14,BUF,0,0,0,0,0,0,0,0,0,0,0,0,0,0,0,0,0,1,0,0,0,3,,,,,
Justin Watson,WR,TB,14,IND,0,0,0,0,0,0,0,0,5,59,1,8,0,0,0,0,0,0,0,0,0,0,,,,,
KC,DEF,KC,14,NE,,,,,,,,,,,,,,,,,,,,,,,0,0,0,0,16.0
Ka'imi Fairbairn,K,HOU,14,DEN,0,0,0,0,0,0,0,0,0,0,0,0,0,0,0,0,0,0,0,1,0,3,,,,,
Kaden Smith,TE,NYG,14,PHI,0,0,0,0,0,0,0,0,2,9,0,5,0,0,0,0,0,0,0,0,0,0,,,,,
Kalif Raymond,WR,TEN,14,LV,0,0,0,0,0,0,0,0,1,11,0,2,0,0,0,0,0,0,0,0,0,0,,,,,
Kareem Hunt,RB,CLE,14,CIN,0,0,0,0,0,28,1,9,2,40,0,2,0,0,0,0,0,0,0,0,0,0,,,,,
Keelan Cole,WR,JAX,14,LAC,0,0,0,0,0,0,0,0,1,12,0,3,0,0,0,0,0,0,0,0,0,0,,,,,
Keelan Doss,WR,LV,14,TEN,0,0,0,0,0,0,0,0,3,26,0,3,0,0,0,0,0,0,0,0,0,0,,,,,
Keenan Allen,WR,LAC,14,JAX,0,0,0,0,0,0,0,0,5,83,0,6,0,0,0,0,0,0,0,0,0,0,,,,,
Keke Coutee,WR,HOU,14,DEN,0,0,0,0,0,0,0,0,5,68,0,8,0,0,0,0,0,0,0,0,0,0,,,,,
Kelvin Harmon,WR,WAS,14,GB,0,0,0,0,0,0,0,0,1,30,0,4,0,0,0,0,0,0,0,0,0,0,,,,,
Kendrick Bourne,WR,SF,14,NO,0,0,0,0,0,0,0,0,3,18,2,4,0,0,0,0,0,0,0,0,0,0,,,,,
Kenjon Barner,RB,ATL,14,CAR,0,0,0,0,0,0,0,0,0,0,0,0,0,0,0,0,0,0,0,0,0,0,,,,,
Kenny Golladay,WR,DET,14,MIN,0,0,0,0,0,0,0,0,6,58,1,8,0,0,0,0,0,0,0,0,0,0,,,,,
Kenny Stills,WR,HOU,14,DEN,0,0,0,0,0,0,0,0,2,8,0,2,0,0,0,0,0,0,0,0,0,0,,,,,
Kenyan Drake,RB,ARI,14,PIT,0,0,0,0,0,37,0,11,3,30,0,3,0,0,0,0,0,0,0,0,0,0,,,,,
Kerrith Whyte,RB,PIT,14,ARI,0,0,0,0,0,41,0,5,1,9,0,1,0,0,0,0,0,0,0,0,0,0,,,,,
KhaDarel Hodge,WR,CLE,14,CIN,0,0,0,0,0,0,0,0,0,0,0,1,0,0,0,0,0,0,0,0,0,0,,,,,
Kirk Cousins,QB,MIN,14,DET,242,1,30,24,0,-1,0,1,0,0,0,0,0,0,0,0,0,0,0,0,0,0,,,,,
Kyle Allen,QB,CAR,14,ATL,293,1,41,28,2,24,1,6,0,0,0,0,0,0,0,0,0,0,0,0,0,0,,,,,
Kyle Juszczyk,RB,SF,14,NO,0,0,0,0,0,0,0,0,3,22,0,3,0,0,0,0,0,0,0,0,0,0,,,,,
Kyle Rudolph,TE,MIN,14,DET,0,0,0,0,0,0,0,0,2,11,0,2,0,0,0,0,0,0,0,0,0,0,,,,,
Kyler Murray,QB,ARI,14,PIT,194,2,30,20,3,2,0,6,0,0,0,0,0,0,0,0,0,0,0,0,0,0,,,,,
LA,DEF,LA,14,SEA,,,,,,,,,,,,,,,,,,,,,,,0,0,0,0,12.0
LAC,DEF,LAC,14,JAX,,,,,,,,,,,,,,,,,,,,,,,0,0,0,0,10.0
LV,DEF,LV,14,TEN,,,,,,,,,,,,,,,,,,,,,,,0,0,0,0,0.0
Lamar Jackson,QB,BAL,14,BUF,145,3,25,16,1,40,0,11,0,0,0,0,0,0,0,0,0,0,0,0,0,0,,,,,
Laquon Treadwell,WR,MIN,14,DET,0,0,0,0,0,0,0,0,2,42,0,2,0,0,0,0,0,0,0,0,0,0,,,,,
Larry Fitzgerald,WR,ARI,14,PIT,0,0,0,0,0,0,0,0,3,20,0,7,0,0,0,0,0,0,0,0,0,0,,,,,
Latavius Murray,RB,NO,14,SF,0,0,0,0,0,69,0,7,2,25,0,3,0,0,0,0,0,0,0,0,0,0,,,,,
LeSean McCoy,RB,KC,14,NE,0,0,0,0,0,39,0,11,1,4,0,3,0,0,0,0,0,0,0,0,0,0,,,,,
Leonard Fournette,RB,JAX,14,LAC,0,0,0,0,0,50,0,15,3,13,0,6,0,0,0,0,0,0,0,0,0,0,,,,,
Logan Thomas,TE,DET,14,MIN,0,0,0,0,0,0,0,0,2,21,0,4,0,0,0,0,0,0,0,0,0,0,,,,,
Luke Stocker,TE,ATL,14,CAR,0,0,0,0,0,0,0,0,0,0,0,1,0,0,0,0,0,0,0,0,0,0,,,,,
MIA,DEF,MIA,14,NYJ,,,,,,,,,,,,,,,,,,,,,,,0,0,0,0,22.0
MIN,DEF,MIN,14,DET,,,,,,,,,,,,,,,,,,,,,,,0,0,0,0,7.0
Mack Hollins,WR,MIA,14,NYJ,0,0,0,0,0,0,0,0,0,0,0,1,0,0,0,0,0,0,0,0,0,0,,,,,
Malcolm Brown,RB,LA,14,SEA,0,0,0,0,0,21,1,5,0,0,0,0,0,0,0,0,0,0,0,0,0,0,,,,,
Malik Turner,WR,SEA,14,LA,0,0,0,0,0,0,0,0,1,10,0,3,0,0,0,0,0,0,0,0,0,0,,,,,
Marcedes Lewis,TE,GB,14,WAS,0,0,0,0,0,0,0,0,1,5,0,1,0,0,0,0,0,0,0,0,0,0,,,,,
Marcus Johnson,WR,IND,14,TB,0,0,0,0,0,0,0,0,3,105,1,7,0,0,0,0,0,0,0,0,0,0,,,,,
Mark Andrews,TE,BAL,14,BUF,0,0,0,0,0,0,0,0,1,14,0,3,0,0,0,0,0,0,0,0,0,0,,,,,
Mark Ingram,RB,BAL,14,BUF,0,0,0,0,0,50,0,15,3,29,0,3,0,0,0,0,0,0,0,0,0,0,,,,,
Marlon Mack,RB,IND,14,TB,0,0,0,0,0,38,1,13,0,0,0,0,0,0,0,0,0,0,0,0,0,0,,,,,
Marquise Brown,WR,BAL,14,BUF,0,0,0,0,0,0,0,0,3,-2,0,3,0,0,0,0,0,0,0,0,0,0,,,,,
Marvin Jones,WR,DET,14,MIN,0,0,0,0,0,0,0,0,3,38,0,7,0,0,0,0,0,0,0,0,0,0,,,,,
Mason Crosby,K,GB,14,WAS,0,0,0,0,0,0,0,0,0,0,0,0,0,0,0,0,0,2,0,0,0,2,,,,,
Matt Breida,RB,SF,14,NO,0,0,0,0,0,54,0,6,1,4,0,1,0,0,0,0,0,0,0,0,0,0,,,,,
Matt Gay,K,TB,14,IND,0,0,0,0,0,0,0,0,0,0,0,0,0,0,0,0,0,0,1,0,0,5,,,,,
Matt LaCosse,TE,NE,14,KC,0,0,0,0,0,0,0,0,2,14,0,4,0,0,0,0,0,0,0,0,0,0,,,,,
Matt Prater,K,DET,14,MIN,0,0,0,0,0,0,0,0,0,0,0,0,0,0,0,0,0,0,0,0,0,1,,,,,
Matt Ryan,QB,ATL,14,CAR,313,2,34,20,0,8,0,1,0,0,0,0,0,0,0,0,0,0,0,0,0,0,,,,,
Matt Schaub,QB,ATL,14,CAR,0,0,0,0,0,-1,0,1,0,0,0,0,0,0,0,0,0,0,0,0,0,0,,,,,
Matthew Slater,WR,NE,14,KC,0,0,0,0,0,0,0,0,0,0,0,0,0,0,0,0,0,0,0,0,0,0,,,,,
Maxx Williams,TE,ARI,14,PIT,0,0,0,0,0,0,0,0,0,0,0,1,0,0,0,0,0,0,0,0,0,0,,,,,
Mecole Hardman,WR,KC,14,NE,0,0,0,0,0,0,0,0,1,48,1,1,0,0,0,0,0,0,0,0,0,0,,,,,
Melvin Gordon,RB,LAC,14,JAX,0,0,0,0,0,55,1,12,5,29,0,5,0,0,0,0,0,0,0,0,0,0,,,,,
Michael Gallup,WR,DAL,14,CHI,0,0,0,0,0,0,0,0,6,109,0,10,0,0,0,0,0,0,0,0,0,0,,,,,
Michael Thomas,WR,NO,14,SF,0,0,0,0,0,0,0,0,11,134,1,15,0,0,0,0,0,0,0,0,0,0,,,,,
Michael Walker,WR,JAX,14,LAC,0,0,0,0,0,0,0,0,1,9,0,1,0,0,0,0,0,0,0,0,0,0,,,,,
Mike Badgley,K,LAC,14,JAX,0,0,0,0,0,0,0,0,0,0,0,0,0,0,0,0,0,0,1,0,0,6,,,,,
Mike Boone,RB,MIN,14,DET,0,0,0,0,0,13,0,5,0,0,0,0,0,0,0,0,0,0,0,0,0,0,,,,,
Mike Evans,WR,TB,14,IND,0,0,0,0,0,0,0,0,1,61,1,2,0,0,0,0,0,0,0,0,0,0,,,,,
Mike Gesicki,TE,MIA,14,NYJ,0,0,0,0,0,0,0,0,1,6,0,5,0,0,0,0,0,0,0,0,0,0,,,,,
Mike Williams,WR,LAC,14,JAX,0,0,0,0,0,0,0,0,2,63,1,3,0,0,0,0,0,0,0,0,0,0,,,,,
Miles Sanders,RB,PHI,14,NYG,0,0,0,0,0,45,0,15,4,24,0,5,0,0,0,0,0,0,0,0,0,0,,,,,
Mitchell Trubisky,QB,CHI,14,DAL,244,3,31,23,1,63,1,10,0,0,0,0,0,0,0,0,0,0,0,0,0,0,,,,,
Mo Alie-Cox,TE,IND,14,TB,0,0,0,0,0,0,0,0,1,8,0,1,0,0,0,0,0,0,0,0,0,0,,,,,
Mohamed Sanu,WR,NE,14,KC,0,0,0,0,0,0,0,0,1,13,0,1,0,0,0,0,0,0,0,0,0,0,,,,,
MyCole Pruitt,TE,TEN,14,LV,0,0,0,0,0,0,0,0,1,42,0,1,0,0,0,0,0,0,0,0,0,0,,,,,
Myles Gaskin,RB,MIA,14,NYJ,0,0,0,0,0,5,0,4,1,6,0,2,0,0,0,0,0,0,0,0,0,0,,,,,
N'Keal Harry,TE,NE,14,KC,0,0,0,0,0,0,0,0,1,12,0,1,0,0,0,0,0,0,0,0,0,0,,,,,
NE,DEF,NE,14,KC,,,,,,,,,,,,,,,,,,,,,,,0,0,0,0,23.0
NO,DEF,NO,14,SF,,,,,,,,,,,,,,,,,,,,,,,0,0,0,0,48.0
NYG,DEF,NYG,14,PHI,,,,,,,,,,,,,,,,,,,,,,,0,0,0,0,23.0
NYJ,DEF,NYJ,14,MIA,,,,,,,,,,,,,,,,,,,,,,,0,0,0,0,21.0
Nick Boyle,TE,BAL,14,BUF,0,0,0,0,0,0,0,0,2,10,1,3,0,0,0,0,0,0,0,0,0,0,,,,,
Nick Chubb,RB,CLE,14,CIN,0,0,0,0,0,106,0,15,1,11,0,1,0,0,0,0,0,0,0,0,0,0,,,,,
Nick Folk,K,NE,14,KC,0,0,0,0,0,0,0,0,0,0,0,0,0,0,0,0,1,0,0,0,0,1,,,,,
Nick O'Leary,TE,JAX,14,LAC,0,0,0,0,0,0,0,0,4,30,1,5,0,0,0,0,0,0,0,0,0,0,,,,,
Noah Fant,TE,DEN,14,HOU,0,0,0,0,0,0,0,0,4,113,1,4,0,0,0,0,0,0,0,0,0,0,,,,,
Nsimba Webster,WR,LA,14,SEA,0,0,0,0,0,0,0,0,0,0,0,0,0,0,0,0,0,0,0,0,0,0,,,,,
Nyheim Hines,RB,IND,14,TB,0,0,0,0,0,1,0,4,4,24,0,5,0,0,0,0,0,0,0,0,0,0,,,,,
O.J. Howard,TE,TB,14,IND,0,0,0,0,0,0,0,0,4,73,0,5,0,0,0,0,0,0,0,0,0,0,,,,,
Odell Beckham Jr.,WR,CLE,14,CIN,0,0,0,0,0,0,0,0,2,39,0,5,0,0,0,0,0,0,0,0,0,0,,,,,
Olamide Zaccheaus,WR,ATL,14,CAR,0,0,0,0,0,0,0,0,1,93,1,2,0,0,0,0,0,0,0,0,0,0,,,,,
PHI,DEF,PHI,14,NYG,,,,,,,,,,,,,,,,,,,,,,,0,0,0,0,17.0
PIT,DEF,PIT,14,ARI,,,,,,,,,,,,,,,,,,,,,,,0,0,0,0,17.0
Parris Campbell,WR,IND,14,TB,0,0,0,0,0,0,0,0,3,12,0,5,0,0,0,0,0,0,0,0,0,0,,,,,
Patrick Laird,RB,MIA,14,NYJ,0,0,0,0,0,48,0,15,4,38,0,5,0,0,0,0,0,0,0,0,0,0,,,,,
Patrick Mahomes,QB,KC,14,NE,283,1,40,26,1,6,0,6,0,0,0,0,0,0,0,0,0,0,0,0,0,0,,,,,
Patrick Ricard,RB,BAL,14,BUF,0,0,0,0,0,0,0,0,0,0,0,0,0,0,0,0,0,0,0,0,0,0,,,,,
Peyton Barber,RB,TB,14,IND,0,0,0,0,0,34,0,11,2,19,0,2,0,0,0,0,0,0,0,0,0,0,,,,,
Pharoh Cooper,WR,ARI,14,PIT,0,0,0,0,0,0,0,0,1,5,0,1,0,0,0,0,0,0,0,0,0,0,,,,,
Philip Rivers,QB,LAC,14,JAX,314,3,22,16,0,0,0,1,0,0,0,0,0,0,0,0,0,0,0,0,0,0,,,,,
Phillip Dorsett,WR,NE,14,KC,0,0,0,0,0,0,0,0,0,0,0,2,0,0,0,0,0,0,0,0,0,0,,,,,
Phillip Lindsay,RB,DEN,14,HOU,0,0,0,0,0,51,1,16,2,4,0,2,0,0,0,0,0,0,0,0,0,0,,,,,
Qadree Ollison,RB,ATL,14,CAR,0,0,0,0,0,6,0,4,0,0,0,0,0,0,0,0,0,0,0,0,0,0,,,,,
Raheem Mostert,RB,SF,14,NO,0,0,0,0,0,69,1,10,2,40,1,2,0,0,0,0,0,0,0,0,0,0,,,,,
Randall Cobb,WR,DAL,14,CHI,0,0,0,0,0,0,0,0,2,43,0,5,0,0,0,0,0,0,0,0,0,0,,,,,
Randy Bullock,K,CIN,14,CLE,0,0,0,0,0,0,0,0,0,0,0,0,0,0,0,0,1,1,2,0,0,1,,,,,
Rashaad Penny,RB,SEA,14,LA,0,0,0,0,0,0,0,0,1,16,0,1,0,0,0,0,0,0,0,0,0,0,,,,,
Reggie Bonnafon,RB,CAR,14,ATL,0,0,0,0,0,6,0,1,0,0,0,0,0,0,0,0,0,0,0,0,0,0,,,,,
Rex Burkhead,RB,NE,14,KC,0,0,0,0,0,15,0,7,0,0,0,1,0,0,0,0,0,0,0,0,0,0,,,,,
Richie James,WR,SF,14,NO,0,0,0,0,0,-1,0,1,0,0,0,0,0,0,0,0,0,0,0,0,0,0,,,,,
Ricky Seals-Jones,TE,CLE,14,CIN,0,0,0,0,0,0,0,0,1,22,0,1,0,0,0,0,0,0,0,0,0,0,,,,,
Rico Gafford,WR,LV,14,TEN,0,0,0,0,0,0,0,0,1,49,1,1,0,0,0,0,0,0,0,0,0,0,,,,,
Riley Ridley,WR,CHI,14,DAL,0,0,0,0,0,0,0,0,1,5,0,1,0,0,0,0,0,0,0,0,0,0,,,,,
Robbie Chosen,WR,NYJ,14,MIA,0,0,0,0,0,4,0,1,7,117,1,11,0,0,0,0,0,0,0,0,0,0,,,,,
Robbie Gould,K,SF,14,NO,0,0,0,0,0,0,0,0,0,0,0,0,0,0,0,0,0,1,1,0,0,6,,,,,
Robert Foster,WR,BUF,14,BAL,0,0,0,0,0,0,0,0,0,0,0,4,0,0,0,0,0,0,0,0,0,0,,,,,
Robert Tonyan,TE,GB,14,WAS,0,0,0,0,0,0,0,0,1,12,1,1,0,0,0,0,0,0,0,0,0,0,,,,,
Robert Woods,WR,LA,14,SEA,0,0,0,0,0,29,0,2,7,98,1,9,0,0,0,0,0,0,0,0,0,0,,,,,
Ronald Jones,RB,TB,14,IND,0,0,0,0,0,36,0,11,4,23,0,5,0,0,0,0,0,0,0,0,0,0,,,,,
Ross Travis,TE,IND,14,TB,0,0,0,0,0,0,0,0,1,1,0,1,0,0,0,0,0,0,0,0,0,0,,,,,
Royce Freeman,RB,DEN,14,HOU,0,0,0,0,0,24,0,8,2,8,1,2,0,0,0,0,0,0,0,0,0,0,,,,,
Russell Gage,WR,ATL,14,CAR,0,0,0,0,0,0,0,0,2,17,0,4,0,0,0,0,0,0,0,0,0,0,,,,,
Russell Wilson,QB,SEA,14,LA,245,0,36,22,1,28,0,5,0,0,0,0,0,0,0,0,0,0,0,0,0,0,,,,,
Ryan Fitzpatrick,QB,MIA,14,NYJ,245,0,37,21,1,65,0,7,0,0,0,0,0,0,0,0,0,0,0,0,0,0,,,,,
Ryan Griffin,QB,TB,14,IND,18,0,4,2,0,0,0,0,0,0,0,0,0,0,0,0,0,0,0,0,0,0,,,,,
Ryan Griffin,TE,NYJ,14,MIA,0,0,0,0,0,0,0,0,1,8,0,1,0,0,0,0,0,0,0,0,0,0,,,,,
Ryan Nall,RB,CHI,14,DAL,0,0,0,0,0,0,0,0,0,0,0,0,0,0,0,0,0,0,0,0,0,0,,,,,
Ryan Santoso,K,TEN,14,LV,0,0,0,0,0,0,0,0,0,0,0,0,0,0,0,0,0,0,0,0,0,0,,,,,
Ryan Succop,K,TEN,14,LV,0,0,0,0,0,0,0,0,0,0,0,0,0,0,0,0,0,0,0,0,0,6,,,,,
Ryan Tannehill,QB,TEN,14,LV,391,3,27,21,1,19,0,4,0,0,0,0,0,0,0,0,0,0,0,0,0,0,,,,,
Ryquell Armstead,RB,JAX,14,LAC,0,0,0,0,0,7,0,2,0,0,0,2,0,0,0,0,0,0,0,0,0,0,,,,,
SEA,DEF,SEA,14,LA,,,,,,,,,,,,,,,,,,,,,,,1,0,0,0,28.0
SF,DEF,SF,14,NO,,,,,,,,,,,,,,,,,,,,,,,0,0,0,0,46.0
Sam Darnold,QB,NYJ,14,MIA,270,2,36,20,1,3,0,3,0,0,0,0,0,0,0,0,0,0,0,0,0,0,,,,,
Sam Ficken,K,NYJ,14,MIA,0,0,0,0,0,0,0,0,0,0,0,0,0,0,0,0,0,1,2,0,0,1,,,,,
Sammy Watkins,WR,KC,14,NE,0,0,0,0,0,0,0,0,4,50,0,8,0,0,0,0,0,0,0,0,0,0,,,,,
Saquon Barkley,RB,NYG,14,PHI,0,0,0,0,0,66,0,17,3,1,0,4,0,0,0,0,0,0,0,0,0,0,,,,,
Scott Simonson,TE,NYG,14,PHI,0,0,0,0,0,0,0,0,0,0,0,0,0,0,0,0,0,0,0,0,0,0,,,,,
Senorise Perry,RB,BUF,14,BAL,0,0,0,0,0,0,0,0,0,0,0,0,0,0,0,0,0,0,0,0,0,0,,,,,
Seth Roberts,WR,BAL,14,BUF,0,0,0,0,0,0,0,0,1,8,0,4,0,0,0,0,0,0,0,0,0,0,,,,,
Sony Michel,RB,NE,14,KC,0,0,0,0,0,8,0,5,1,1,0,1,0,0,0,0,0,0,0,0,0,0,,,,,
Spencer Ware,RB,KC,14,NE,0,0,0,0,0,11,0,5,1,-9,0,2,0,0,0,0,0,0,0,0,0,0,,,,,
Stanley Morgan,WR,CIN,14,CLE,0,0,0,0,0,0,0,0,0,0,0,1,0,0,0,0,0,0,0,0,0,0,,,,,
Stefon Diggs,WR,MIN,14,DET,0,0,0,0,0,0,0,0,6,92,0,9,0,0,0,0,0,0,0,0,0,0,,,,,
Stephen Carlson,TE,CLE,14,CIN,0,0,0,0,0,0,0,0,0,0,0,1,0,0,0,0,0,0,0,0,0,0,,,,,
Sterling Shepard,WR,NYG,14,PHI,0,0,0,0,0,8,0,1,4,28,0,7,0,0,0,0,0,0,0,0,0,0,,,,,
Steven Hauschka,K,BUF,14,BAL,0,0,0,0,0,0,0,0,0,0,0,0,0,0,0,0,0,1,2,0,0,0,,,,,
Steven Sims,WR,WAS,14,GB,0,0,0,0,0,0,0,0,4,40,0,7,0,0,0,0,0,0,0,0,0,0,,,,,
TB,DEF,TB,14,IND,,,,,,,,,,,,,,,,,,,,,,,0,0,0,0,35.0
TEN,DEF,TEN,14,LV,,,,,,,,,,,,,,,,,,,,,,,0,0,0,0,21.0
Tajae Sharpe,WR,TEN,14,LV,0,0,0,0,0,0,0,0,4,25,0,4,0,0,0,0,0,0,0,0,0,0,,,,,
Tarik Cohen,RB,CHI,14,DAL,0,0,0,0,0,7,0,3,6,24,0,6,0,0,0,0,0,0,0,0,0,0,,,,,
Tavon Austin,WR,DAL,14,CHI,0,0,0,0,0,0,0,0,0,0,0,2,0,0,0,0,0,0,0,0,0,0,,,,,
Taysom Hill,TE,NO,14,SF,0,0,1,0,0,13,0,5,1,12,0,1,0,0,0,0,0,0,0,0,0,0,,,,,
Ted Ginn,WR,NO,14,SF,0,0,0,0,0,0,0,0,4,50,0,6,0,0,0,0,0,0,0,0,0,0,,,,,
Terry McLaurin,WR,WAS,14,GB,0,0,0,0,0,0,0,0,4,57,1,7,0,0,0,0,0,0,0,0,0,0,,,,,
Tevin Coleman,RB,SF,14,NO,0,0,0,0,0,6,0,3,0,0,0,0,0,0,0,0,0,0,0,0,0,0,,,,,
Tim Patrick,WR,DEN,14,HOU,0,0,0,0,0,0,0,0,2,50,0,3,0,0,0,0,0,0,0,0,0,0,,,,,
Todd Gurley,RB,LA,14,SEA,0,0,0,0,0,79,1,23,4,34,0,4,0,0,0,0,0,0,0,0,0,0,,,,,
Tom Brady,QB,NE,14,KC,169,1,36,19,1,20,0,2,0,0,0,0,0,0,0,0,0,0,0,0,0,0,,,,,
Travis Homer,RB,SEA,14,LA,0,0,0,0,0,0,0,0,0,0,0,0,0,0,0,0,0,0,0,0,0,0,,,,,
Travis Kelce,TE,KC,14,NE,0,0,0,0,0,4,1,1,7,66,0,9,0,0,0,0,0,0,0,0,0,0,,,,,
Tre'Quan Smith,WR,NO,14,SF,0,0,0,0,0,0,0,0,2,29,1,4,0,0,0,0,0,0,0,0,0,0,,,,,
Trey Edmunds,RB,PIT,14,ARI,0,0,0,0,0,0,0,0,1,7,0,1,0,0,0,0,0,0,0,0,0,0,,,,,
Troy Fumagalli,TE,DEN,14,HOU,0,0,0,0,0,0,0,0,1,3,0,1,0,0,0,0,0,0,0,0,0,0,,,,,
Ty Johnson,RB,DET,14,MIN,0,0,0,0,0,3,0,2,1,7,0,1,0,0,0,0,0,0,0,0,0,0,,,,,
Ty Montgomery,WR,NYJ,14,MIA,0,0,0,0,0,31,0,9,3,30,0,3,0,0,0,0,0,0,0,0,0,0,,,,,
Tyler Boyd,WR,CIN,14,CLE,0,0,0,0,0,7,0,1,5,75,0,6,0,0,0,0,0,0,0,0,0,0,,,,,
Tyler Conklin,TE,MIN,14,DET,0,0,0,0,0,0,0,0,3,13,0,3,0,0,0,0,0,0,0,0,0,0,,,,,
Tyler Eifert,TE,CIN,14,CLE,0,0,0,0,0,0,0,0,4,49,0,4,0,0,0,0,0,0,0,0,0,0,,,,,
Tyler Ervin,RB,GB,14,WAS,0,0,0,0,0,0,0,0,0,0,0,0,0,0,0,0,0,0,0,0,0,0,,,,,
Tyler Higbee,TE,LA,14,SEA,0,0,0,0,0,0,0,0,7,116,0,11,0,0,0,0,0,0,0,0,0,0,,,,,
Tyler Kroft,TE,BUF,14,BAL,0,0,0,0,0,0,0,0,0,0,0,1,0,0,0,0,0,0,0,0,0,0,,,,,
Tyler Lockett,WR,SEA,14,LA,0,0,0,0,0,0,0,0,4,43,0,6,0,0,0,0,0,0,0,0,0,0,,,,,
Tyreek Hill,WR,KC,14,NE,0,0,0,0,0,8,0,2,6,62,0,8,0,0,0,0,0,0,0,0,0,0,,,,,
Tyrell Williams,WR,LV,14,TEN,0,0,0,0,0,0,0,0,3,35,0,4,0,0,0,0,0,0,0,0,0,0,,,,,
Tyrod Taylor,QB,LAC,14,JAX,26,1,5,3,0,10,0,4,0,0,0,0,0,0,0,0,0,0,0,0,0,0,,,,,
Vance McDonald,TE,PIT,14,ARI,0,0,0,0,0,0,0,0,1,3,0,1,0,0,0,0,0,0,0,0,0,0,,,,,
Ventell Bryant,WR,DAL,14,CHI,0,0,0,0,0,0,0,0,0,0,0,0,0,0,0,0,0,0,0,0,0,0,,,,,
Virgil Green,TE,LAC,14,JAX,0,0,0,0,0,0,0,0,1,14,1,1,0,0,0,0,0,0,0,0,0,0,,,,,
Vyncint Smith,WR,NYJ,14,MIA,0,0,0,0,0,0,0,0,1,37,0,3,0,0,0,0,0,0,0,0,0,0,,,,,
WAS,DEF,WAS,14,GB,,,,,,,,,,,,,,,,,,,,,,,0,0,0,0,20.0
Wendell Smallwood,RB,WAS,14,GB,0,0,0,0,0,4,0,2,0,0,0,0,0,0,0,0,0,0,0,0,0,0,,,,,
Wil Lutz,K,NO,14,SF,0,0,0,0,0,0,0,0,0,0,0,0,0,0,0,0,0,0,1,1,0,4,,,,,
Willie Snead,WR,BAL,14,BUF,0,0,0,0,0,0,0,0,3,13,1,4,0,0,0,0,0,0,0,0,0,0,,,,,
Younghoe Koo,K,ATL,14,CAR,0,0,0,0,0,0,0,0,0,0,0,0,0,0,0,0,1,2,0,1,0,4,,,,,
Zach Ertz,TE,PHI,14,NYG,0,0,0,0,0,0,0,0,9,91,2,13,0,0,0,0,0,0,0,0,0,0,,,,,
Zach Pascal,WR,IND,14,TB,0,0,0,0,0,0,0,0,5,74,1,9,0,0,1,0,0,0,0,0,0,0,,,,,
Zane Gonzalez,K,ARI,14,PIT,0,0,0,0,0,0,0,0,0,0,0,0,0,0,0,0,0,1,0,0,0,2,,,,,
Zay Jones,WR,LV,14,TEN,0,0,0,0,0,0,0,0,1,5,0,3,0,0,0,0,0,0,0,0,0,0,,,,,
A.J. Brown,WR,TEN,15,HOU,0,0,0,0,0,0,0,0,8,114,1,13,0,0,0,0,0,0,0,0,0,0,,,,,
ARI,DEF,ARI,15,CLE,,,,,,,,,,,,,,,,,,,,,,,0,0,0,0,24.0
ATL,DEF,ATL,15,SF,,,,,,,,,,,,,,,,,,,,,,,0,0,0,0,22.0
Aaron Jones,RB,GB,15,CHI,0,0,0,0,0,51,2,13,0,0,0,0,0,0,0,0,0,0,0,0,0,0,,,,,
Aaron Rodgers,QB,GB,15,CHI,203,1,33,16,0,23,0,3,0,0,0,0,0,0,0,0,0,0,0,0,0,0,,,,,
Adam Thielen,WR,MIN,15,LAC,0,0,0,0,0,3,0,1,3,27,0,3,0,0,0,0,0,0,0,0,0,0,,,,,
Adrian Peterson,RB,WAS,15,PHI,0,0,0,0,0,66,1,16,3,25,0,3,0,0,0,0,0,0,0,0,0,0,,,,,
Albert Wilson,WR,MIA,15,NYG,0,0,0,0,0,0,0,0,5,59,0,8,0,0,0,0,0,0,0,0,0,0,,,,,
Aldrick Rosas,K,NYG,15,MIA,0,0,0,0,0,0,0,0,0,0,0,0,0,0,0,0,0,0,0,0,0,4,,,,,
Alex Erickson,WR,CIN,15,NE,0,0,0,0,0,0,0,0,1,6,0,5,0,0,0,0,0,0,0,0,0,0,,,,,
Alex Tanney,QB,NYG,15,MIA,1,0,1,1,0,0,0,0,0,0,0,0,0,0,0,0,0,0,0,0,0,0,,,,,
Allen Hurns,WR,MIA,15,NYG,0,0,0,0,0,0,0,0,1,9,0,1,0,0,0,0,0,0,0,0,0,0,,,,,
Allen Lazard,WR,GB,15,CHI,0,0,0,0,0,0,0,0,2,14,0,3,0,0,0,0,0,0,0,0,0,0,,,,,
Allen Robinson,WR,CHI,15,GB,0,0,0,0,0,0,0,0,7,125,0,14,0,0,0,0,0,0,0,0,0,0,,,,,
Alvin Kamara,RB,NO,15,IND,0,0,0,0,0,66,0,14,5,23,0,5,0,0,0,0,0,0,0,0,0,0,,,,,
Amari Cooper,WR,DAL,15,LA,0,0,0,0,0,0,0,0,1,19,0,2,0,0,0,0,0,0,0,0,0,0,,,,,
Ameer Abdullah,RB,MIN,15,LAC,0,0,0,0,0,25,0,5,0,0,0,2,0,0,0,0,0,0,0,0,0,0,,,,,
Andre Patton,WR,LAC,15,MIN,0,0,0,0,0,0,0,0,1,8,0,1,0,0,0,0,0,0,0,0,0,0,,,,,
Andre Roberts,WR,BUF,15,PIT,0,0,0,0,0,0,0,0,1,7,0,2,0,0,0,0,0,0,0,0,0,0,,,,,
Andy Dalton,QB,CIN,15,NE,151,1,31,17,4,1,0,2,0,0,0,0,0,0,0,0,0,0,0,0,0,0,,,,,
Andy Isabella,WR,ARI,15,CLE,0,0,0,0,0,-1,0,1,1,4,0,1,0,0,0,0,0,0,0,0,0,0,,,,,
Anthony Firkser,TE,TEN,15,HOU,0,0,0,0,0,0,0,0,1,7,0,4,0,0,0,0,0,0,0,0,0,0,,,,,
Anthony Miller,WR,CHI,15,GB,0,0,0,0,0,0,0,0,9,118,1,15,0,0,0,0,0,0,0,0,0,0,,,,,
Ashton Dulin,WR,IND,15,NO,0,0,0,0,0,0,0,0,1,4,0,1,0,0,0,0,0,0,0,0,0,0,,,,,
Austin Ekeler,RB,LAC,15,MIN,0,0,0,0,0,19,0,7,5,62,0,7,0,0,0,0,0,0,0,0,0,0,,,,,
Austin Hooper,TE,ATL,15,SF,0,0,0,0,0,0,0,0,3,20,0,6,0,0,0,0,0,0,0,0,0,0,,,,,
Austin Seibert,K,CLE,15,ARI,0,0,0,0,0,0,0,0,0,0,0,0,0,0,0,0,0,0,1,0,0,3,,,,,
BAL,DEF,BAL,15,NYJ,,,,,,,,,,,,,,,,,,,,,,,0,0,0,0,21.0
BUF,DEF,BUF,15,PIT,,,,,,,,,,,,,,,,,,,,,,,0,0,0,0,10.0
Baker Mayfield,QB,CLE,15,ARI,247,2,43,30,1,11,0,2,0,0,0,0,0,0,0,0,0,0,0,0,0,0,,,,,
Benny Snell,RB,PIT,15,BUF,0,0,0,0,0,1,0,2,0,0,0,0,0,0,0,0,0,0,0,0,0,0,,,,,
Bisi Johnson,WR,MIN,15,LAC,0,0,0,0,0,6,0,1,1,19,0,1,0,0,0,0,0,0,0,0,0,0,,,,,
Blake Bell,TE,KC,15,DEN,0,0,0,0,0,0,0,0,2,41,0,2,0,0,0,0,0,0,0,0,0,0,,,,,
Blake Jarwin,TE,DAL,15,LA,0,0,0,0,0,0,0,0,2,40,0,3,0,0,0,0,0,0,0,0,0,0,,,,,
Boston Scott,RB,PHI,15,WAS,0,0,0,0,0,26,0,6,7,39,0,7,0,0,0,0,0,0,0,0,0,0,,,,,
Brandin Cooks,WR,LA,15,DAL,0,0,0,0,0,0,0,0,4,46,0,8,0,0,0,0,0,0,0,0,0,0,,,,,
Brandon Bolden,RB,NE,15,CIN,0,0,0,0,0,0,0,0,0,0,0,0,0,0,0,0,0,0,0,0,0,0,,,,,
Brandon McManus,K,DEN,15,KC,0,0,0,0,0,0,0,0,0,0,0,0,0,0,0,0,0,1,0,0,0,0,,,,,
Braxton Berrios,WR,NYJ,15,BAL,0,0,0,0,0,0,0,0,0,0,0,0,0,0,0,0,0,0,0,0,0,0,,,,,
Breshad Perriman,WR,TB,15,DET,0,0,0,0,0,3,0,1,5,113,3,6,0,0,0,0,0,0,0,0,0,0,,,,,
Brian Hill,RB,ATL,15,SF,0,0,0,0,0,16,0,1,0,0,0,0,0,0,0,0,0,0,0,0,0,0,,,,,
Byron Pringle,WR,KC,15,DEN,0,0,0,0,0,0,0,0,0,0,0,0,0,0,0,0,0,0,0,0,0,0,,,,,
C.J. Board,WR,JAX,15,LV,0,0,0,0,0,0,0,0,1,8,0,1,0,0,0,0,0,0,0,0,0,0,,,,,
C.J. Prosise,RB,SEA,15,CAR,0,0,0,0,0,15,0,5,1,10,0,1,0,0,0,0,0,0,0,0,0,0,,,,,
C.J. Uzomah,TE,CIN,15,NE,0,0,0,0,0,0,0,0,1,8,0,2,0,0,0,0,0,0,0,0,0,0,,,,,
CAR,DEF,CAR,15,SEA,,,,,,,,,,,,,,,,,,,,,,,0,0,0,0,30.0
CHI,DEF,CHI,15,GB,,,,,,,,,,,,,,,,,,,,,,,0,0,0,0,21.0
CIN,DEF,CIN,15,NE,,,,,,,,,,,,,,,,,,,,,,,0,0,0,0,34.0
CLE,DEF,CLE,15,ARI,,,,,,,,,,,,,,,,,,,,,,,0,0,0,0,38.0
Cameron Brate,TE,TB,15,DET,0,0,0,0,0,0,0,0,3,33,0,7,0,0,0,0,0,0,0,0,0,0,,,,,
Carlos Hyde,RB,HOU,15,TEN,0,0,0,0,0,104,1,26,0,0,0,0,0,0,0,0,0,0,0,0,0,0,,,,,
Carson Wentz,QB,PHI,15,WAS,266,3,43,30,0,9,0,3,0,0,0,0,0,0,0,0,0,0,0,0,0,0,,,,,
Cethan Carter,TE,CIN,15,NE,0,0,0,0,0,0,0,0,2,13,1,2,0,0,0,0,0,0,0,0,0,0,,,,,
Charles Clay,TE,ARI,15,CLE,0,0,0,0,0,0,0,0,1,18,0,2,0,0,0,0,0,0,0,0,0,0,,,,,
Chase Edmonds,RB,ARI,15,CLE,0,0,0,0,0,0,0,0,0,0,0,0,0,0,0,0,0,0,0,0,0,0,,,,,
Chase McLaughlin,K,IND,15,NO,0,0,0,0,0,0,0,0,0,0,0,0,0,0,0,0,0,0,0,0,0,1,,,,,
Chris Boswell,K,PIT,15,BUF,0,0,0,0,0,0,0,0,0,0,0,0,0,0,0,0,0,0,1,0,0,1,,,,,
Chris Carson,RB,SEA,15,CAR,0,0,0,0,0,133,2,24,1,4,0,2,0,0,0,0,0,0,0,0,0,0,,,,,
Chris Conley,WR,JAX,15,LV,0,0,0,0,0,0,0,0,4,49,2,8,0,0,0,0,0,0,0,0,0,0,,,,,
Chris Godwin Jr.,WR,TB,15,DET,0,0,0,0,0,0,0,0,5,121,0,8,0,0,0,0,0,0,0,0,0,0,,,,,
Chris Hogan,WR,CAR,15,SEA,0,0,0,0,0,0,0,0,1,13,0,3,0,0,0,0,0,0,0,0,0,0,,,,,
Chris Lacy,WR,DET,15,TB,0,0,0,0,0,0,0,0,1,48,0,2,0,0,0,0,0,0,0,0,0,0,,,,,
Chris Moore,WR,BAL,15,NYJ,0,0,0,0,0,0,0,0,0,0,0,0,0,0,0,0,0,0,0,0,0,0,,,,,
Chris Thompson,RB,WAS,15,PHI,0,0,0,0,0,0,0,0,2,26,0,3,0,0,0,0,0,0,0,0,0,0,,,,,
Christian Blake,WR,ATL,15,SF,0,0,0,0,0,0,0,0,0,0,0,1,0,0,0,0,0,0,0,0,0,0,,,,,
Christian Kirk,WR,ARI,15,CLE,0,0,0,0,0,28,0,1,4,33,0,5,0,0,0,0,0,0,0,0,0,0,,,,,
Christian McCaffrey,RB,CAR,15,SEA,0,0,1,0,0,87,2,19,8,88,0,10,0,0,0,0,0,0,0,0,0,0,,,,,
Clive Walford,TE,MIA,15,NYG,0,0,0,0,0,0,0,0,2,34,0,4,0,0,0,0,0,0,0,0,0,0,,,,,
Cody Latimer,WR,NYG,15,MIA,0,0,0,0,0,0,0,0,1,21,0,2,0,0,0,0,0,0,0,0,0,0,,,,,
Cole Beasley,WR,BUF,15,PIT,0,0,0,0,0,0,0,0,1,6,0,6,0,0,0,0,0,0,0,0,0,0,,,,,
Cooper Kupp,WR,LA,15,DAL,0,0,0,0,0,0,0,0,6,41,1,6,0,0,0,0,0,0,0,0,0,0,,,,,
Cordarrelle Patterson,RB,CHI,15,GB,0,0,0,0,0,0,0,1,1,6,0,4,0,0,0,0,0,0,0,0,0,0,,,,,
Corey Davis,WR,TEN,15,HOU,0,0,0,0,0,0,0,0,3,57,0,6,0,0,0,0,0,0,0,0,0,0,,,,,
Courtland Sutton,WR,DEN,15,KC,0,0,0,0,0,0,0,0,4,79,0,10,0,0,0,0,0,0,0,0,0,0,,,,,
Cullen Gillaspia,RB,HOU,15,TEN,0,0,0,0,0,0,0,0,0,0,0,0,0,0,0,0,0,0,0,0,0,0,,,,,
Curtis Samuel,WR,CAR,15,SEA,0,0,0,0,0,23,0,4,5,31,1,7,0,0,0,0,0,0,0,0,0,0,,,,,
D'Ernest Johnson,RB,CLE,15,ARI,0,0,0,0,0,0,0,0,0,0,0,0,0,0,0,0,0,0,0,0,0,0,,,,,
DAL,DEF,DAL,15,LA,,,,,,,,,,,,,,,,,,,,,,,0,0,0,0,21.0
DEN,DEF,DEN,15,KC,,,,,,,,,,,,,,,,,,,,,,,0,0,0,0,23.0
DET,DEF,DET,15,TB,,,,,,,,,,,,,,,,,,,,,,,0,0,0,0,38.0
DJ Moore,WR,CAR,15,SEA,0,0,0,0,0,10,0,1,8,113,0,12,0,0,0,0,0,0,0,0,0,0,,,,,
DK Metcalf,WR,SEA,15,CAR,0,0,0,0,0,0,0,0,2,36,1,4,0,0,0,0,0,0,0,0,0,0,,,,,
Da'Mari Scott,WR,NYG,15,MIA,0,0,0,0,0,0,0,0,0,0,0,0,0,0,0,0,0,0,0,0,0,0,,,,,
DaeSean Hamilton,WR,DEN,15,KC,0,0,0,0,0,0,0,0,2,13,0,9,0,0,0,0,0,0,0,0,0,0,,,,,
Dak Prescott,QB,DAL,15,LA,212,2,23,15,0,12,0,7,0,0,0,0,0,0,0,0,0,0,0,0,0,0,,,,,
Dallas Goedert,TE,PHI,15,WAS,0,0,0,0,0,0,0,0,5,55,0,6,0,0,0,0,0,0,0,0,0,0,,,,,
Dalvin Cook,RB,MIN,15,LAC,0,0,0,0,0,27,0,9,3,16,0,3,0,0,0,0,0,0,0,0,0,0,,,,,
Damiere Byrd,WR,ARI,15,CLE,0,0,0,0,0,0,0,0,6,86,0,6,0,0,0,0,0,0,0,0,0,0,,,,,
Damion Ratley,WR,CLE,15,ARI,0,0,0,0,0,0,0,0,2,33,0,2,0,0,0,0,0,0,0,0,0,0,,,,,
Dan Arnold,TE,ARI,15,CLE,0,0,0,0,0,0,0,0,1,6,1,1,0,0,0,0,0,0,0,0,0,0,,,,,
Dan Bailey,K,MIN,15,LAC,0,0,0,0,0,0,0,0,0,0,0,0,0,0,0,0,2,1,1,0,0,3,,,,,
Daniel Brown,TE,NYJ,15,BAL,0,0,0,0,0,0,0,0,1,4,0,2,0,0,0,0,0,0,0,0,0,0,,,,,
Daniel Carlson,K,LV,15,JAX,0,0,0,0,0,0,0,0,0,0,0,0,0,0,0,0,1,2,0,0,0,1,,,,,
Danny Amendola,WR,DET,15,TB,0,0,0,0,0,0,0,0,8,102,0,13,0,0,0,0,0,0,0,0,0,0,,,,,
Dare Ogunbowale,RB,TB,15,DET,0,0,0,0,0,3,0,1,1,13,0,1,0,0,0,0,0,0,0,0,0,0,,,,,
Darius Slayton,WR,NYG,15,MIA,0,0,0,0,0,0,0,0,2,31,1,3,0,0,0,0,0,0,0,0,0,0,,,,,
Darrell Henderson,RB,LA,15,DAL,0,0,0,0,0,0,0,0,0,0,0,0,0,0,0,0,0,0,0,0,0,0,,,,,
Darren Fells,TE,HOU,15,TEN,0,0,0,0,0,0,0,0,1,2,0,2,0,0,0,0,0,0,0,0,0,0,,,,,
Darren Waller,TE,LV,15,JAX,0,0,0,0,0,0,0,0,8,122,0,10,0,0,0,0,0,0,0,0,0,0,,,,,
Darwin Thompson,RB,KC,15,DEN,0,0,0,0,0,38,0,8,1,1,0,1,0,0,0,0,0,0,0,0,0,0,,,,,
Davante Adams,WR,GB,15,CHI,0,0,0,0,0,0,0,0,7,103,1,13,0,0,0,0,0,0,0,0,0,0,,,,,
David Blough,QB,DET,15,TB,260,0,43,24,2,19,0,5,0,0,0,0,0,0,0,0,0,0,0,0,0,0,,,,,
David Johnson,RB,ARI,15,CLE,0,0,0,0,0,6,0,3,0,0,0,0,0,0,0,0,0,0,0,0,0,0,,,,,
David Montgomery,RB,CHI,15,GB,0,0,0,0,0,39,0,14,1,10,0,1,0,0,0,0,0,0,0,0,0,0,,,,,
David Moore,WR,SEA,15,CAR,0,0,0,0,0,0,0,0,0,0,0,0,0,0,0,0,0,0,0,0,0,0,,,,,
Dawson Knox,TE,BUF,15,PIT,0,0,0,0,0,0,0,0,1,11,0,1,0,0,0,0,0,0,0,0,0,0,,,,,
De'Anthony Thomas,WR,BAL,15,NYJ,0,0,0,0,0,0,0,0,0,0,0,0,0,0,0,0,0,0,0,0,0,0,,,,,
De'Lance Turner,RB,MIA,15,NYG,0,0,0,0,0,0,0,0,0,0,0,0,0,0,0,0,0,0,0,0,0,0,,,,,
DeAndre Carter,WR,HOU,15,TEN,0,0,0,0,0,0,0,0,0,0,0,0,0,0,0,0,0,0,0,0,0,0,,,,,
DeAndre Hopkins,WR,HOU,15,TEN,0,0,0,0,0,0,0,0,6,119,0,8,0,0,0,0,0,0,0,0,0,0,,,,,
DeAndre Washington,RB,LV,15,JAX,0,0,0,0,0,16,0,6,2,6,0,3,0,0,0,0,0,0,0,0,0,0,,,,,
DeVante Parker,WR,MIA,15,NYG,0,0,0,0,0,0,0,0,4,72,2,7,0,0,0,0,0,0,0,0,0,0,,,,,
Dede Westbrook,WR,JAX,15,LV,0,0,0,0,0,7,0,1,2,14,0,4,0,0,0,0,0,0,0,0,0,0,,,,,
Deebo Samuel Sr.,WR,SF,15,ATL,0,0,0,0,0,8,0,1,1,29,0,3,0,0,0,0,0,0,0,0,0,0,,,,,
Demarcus Robinson,WR,KC,15,DEN,0,0,0,0,0,0,0,0,2,21,0,3,0,0,0,0,0,0,0,0,0,0,,,,,
Demetrius Harris,TE,CLE,15,ARI,0,0,0,0,0,0,0,0,1,13,0,2,0,0,0,0,0,0,0,0,0,0,,,,,
Deon Cain,WR,PIT,15,BUF,0,0,0,0,0,0,0,0,0,0,0,1,0,0,0,0,0,0,0,0,0,0,,,,,
Deonte Harty,WR,NO,15,IND,0,0,0,0,0,0,0,0,1,1,0,1,0,0,0,0,0,0,0,0,0,0,,,,,
Derek Carr,QB,LV,15,JAX,267,1,36,22,0,12,0,1,0,0,0,0,0,0,0,0,0,0,0,0,0,0,,,,,
Derek Carrier,TE,LV,15,JAX,0,0,0,0,0,0,0,0,1,5,0,2,0,0,0,0,0,0,0,0,0,0,,,,,
Derrick Henry,RB,TEN,15,HOU,0,0,0,0,0,86,0,21,0,0,0,1,0,0,0,0,0,0,0,0,0,0,,,,,
Deshaun Watson,QB,HOU,15,TEN,243,2,27,19,2,32,0,7,0,0,0,0,0,0,0,0,0,0,0,0,0,0,,,,,
Devin Singletary,RB,BUF,15,PIT,0,0,0,0,0,87,0,21,2,2,0,3,0,0,0,0,0,0,0,0,0,0,,,,,
Devlin Hodges,QB,PIT,15,BUF,202,1,38,23,4,4,0,1,0,0,0,0,0,0,0,0,0,0,0,0,0,0,,,,,
Devonta Freeman,RB,ATL,15,SF,0,0,0,0,0,39,0,12,2,16,0,3,0,0,0,0,0,0,0,0,0,0,,,,,
Devontae Booker,RB,DEN,15,KC,0,0,0,0,0,5,0,1,0,0,0,0,0,0,0,0,0,0,0,0,0,0,,,,,
Dion Lewis,RB,TEN,15,HOU,0,0,0,0,0,10,0,3,1,11,1,1,0,0,0,0,0,0,0,0,0,0,,,,,
Diontae Johnson,WR,PIT,15,BUF,0,0,0,0,0,0,0,0,5,62,0,7,0,0,0,0,0,0,0,0,0,0,,,,,
Diontae Spencer,WR,DEN,15,KC,0,0,0,0,0,0,0,0,0,0,0,0,0,0,0,0,0,0,0,0,0,0,,,,,
Dontrell Hilliard,RB,CLE,15,ARI,0,0,0,0,0,0,0,0,0,0,0,0,0,0,0,0,0,0,0,0,0,0,,,,,
Dontrelle Inman,WR,IND,15,NO,0,0,0,0,0,0,0,0,2,25,0,3,0,0,0,0,0,0,0,0,0,0,,,,,
Drew Brees,QB,NO,15,IND,307,4,30,29,0,0,0,0,0,0,0,0,0,0,0,0,0,0,0,0,0,0,,,,,
Drew Lock,QB,DEN,15,KC,208,0,40,18,1,3,0,2,0,0,0,0,0,0,0,0,0,0,0,0,0,0,,,,,
Duke Johnson,RB,HOU,15,TEN,0,0,0,0,0,4,0,2,2,19,0,3,0,0,0,0,0,0,0,0,0,0,,,,,
Dustin Hopkins,K,WAS,15,PHI,0,0,0,0,0,0,0,0,0,0,0,0,0,0,0,0,0,0,1,1,0,3,,,,,
Dwayne Haskins,QB,WAS,15,PHI,261,2,28,19,0,26,0,3,0,0,0,0,0,0,0,0,0,0,0,0,0,0,,,,,
Dwayne Washington,RB,NO,15,IND,0,0,0,0,0,20,0,3,0,0,0,0,0,0,0,0,0,0,0,0,0,0,,,,,
Eddy Pineiro,K,CHI,15,GB,0,0,0,0,0,0,0,0,0,0,0,0,0,0,0,0,1,1,0,0,0,1,,,,,
Eli Manning,QB,NYG,15,MIA,283,2,28,20,3,0,0,0,0,0,0,0,0,0,0,0,0,0,0,0,0,0,,,,,
Emmanuel Sanders,WR,SF,15,ATL,0,0,0,0,0,0,0,0,2,9,0,4,0,0,0,0,0,0,0,0,0,0,,,,,
Ezekiel Elliott,RB,DAL,15,LA,0,0,0,0,0,117,2,24,3,43,0,4,0,0,0,0,0,0,0,0,0,0,,,,,
Frank Gore,RB,BUF,15,PIT,0,0,0,0,0,15,0,10,0,0,0,0,0,0,0,0,0,0,0,0,0,0,,,,,
GB,DEF,GB,15,CHI,,,,,,,,,,,,,,,,,,,,,,,0,0,0,0,13.0
Gardner Minshew,QB,JAX,15,LV,201,2,29,17,0,27,0,5,0,0,0,0,0,0,0,0,0,0,0,0,0,0,,,,,
George Kittle,TE,SF,15,ATL,0,0,0,0,0,0,0,0,13,134,0,17,0,0,0,0,0,0,0,0,0,0,,,,,
Geronimo Allison,WR,GB,15,CHI,0,0,0,0,0,0,0,0,2,19,0,4,0,0,0,0,0,0,0,0,0,0,,,,,
Giovani Bernard,RB,CIN,15,NE,0,0,0,0,0,27,0,5,2,10,0,2,0,0,0,0,0,0,0,0,0,0,,,,,
Golden Tate,WR,NYG,15,MIA,0,0,0,0,0,0,0,0,1,51,1,4,0,0,0,0,0,0,0,0,0,0,,,,,
Greg Ward,WR,PHI,15,WAS,0,0,0,0,0,0,0,0,7,61,1,9,0,0,0,0,0,0,0,0,0,0,,,,,
Greg Zuerlein,K,LA,15,DAL,0,0,0,0,0,0,0,0,0,0,0,0,0,0,0,0,0,0,0,0,0,1,,,,,
Gus Edwards,RB,BAL,15,NYJ,0,0,0,0,0,35,0,5,0,0,0,0,0,0,0,0,0,0,0,0,0,0,,,,,
HOU,DEF,HOU,15,TEN,,,,,,,,,,,,,,,,,,,,,,,0,0,0,0,21.0
Harrison Butker,K,KC,15,DEN,0,0,0,0,0,0,0,0,0,0,0,0,0,0,0,0,2,0,1,0,0,0,,,,,
Hayden Hurst,TE,BAL,15,NYJ,0,0,0,0,0,0,0,0,1,19,0,2,0,0,0,0,0,0,0,0,0,0,,,,,
Hunter Henry,TE,LAC,15,MIN,0,0,0,0,0,0,0,0,2,29,0,2,0,0,0,0,0,0,0,0,0,0,,,,,
IND,DEF,IND,15,NO,,,,,,,,,,,,,,,,,,,,,,,0,0,0,0,34.0
Ian Thomas,TE,CAR,15,SEA,0,0,0,0,0,0,0,0,2,23,0,3,0,0,0,0,0,0,0,0,0,0,,,,,
Irv Smith,TE,MIN,15,LAC,0,0,0,0,0,0,0,0,2,8,1,3,0,0,0,0,0,0,0,0,0,0,,,,,
Isaac Nauta,TE,DET,15,TB,0,0,0,0,0,0,0,0,1,10,0,2,0,0,0,0,0,0,0,0,0,0,,,,,
Isaiah Ford,WR,MIA,15,NYG,0,0,0,0,0,0,0,0,3,21,0,5,0,0,0,0,0,0,0,0,0,0,,,,,
Ishmael Hyman,WR,TB,15,DET,0,0,0,0,0,0,0,0,1,3,0,1,0,0,0,0,0,0,0,0,0,0,,,,,
J.D. McKissic,RB,DET,15,TB,0,0,0,0,0,2,0,1,2,7,0,3,0,0,0,0,0,0,0,0,0,0,,,,,
J.J. Arcega-Whiteside,WR,PHI,15,WAS,0,0,0,0,0,0,0,0,0,0,0,2,0,0,0,0,0,0,0,0,0,0,,,,,
J.P. Holtz,TE,CHI,15,GB,0,0,0,0,0,0,0,0,1,-1,0,1,0,0,0,0,0,0,0,0,0,0,,,,,
JAX,DEF,JAX,15,LV,,,,,,,,,,,,,,,,,,,,,,,0,0,0,0,16.0
Jack Doyle,TE,IND,15,NO,0,0,0,0,0,0,0,0,2,21,0,5,0,0,0,0,0,0,0,0,0,0,,,,,
Jacob Hollister,TE,SEA,15,CAR,0,0,0,0,0,0,0,0,3,23,0,3,0,0,0,0,0,0,0,0,0,0,,,,,
Jacoby Brissett,QB,IND,15,NO,165,0,34,18,0,7,0,1,0,0,0,0,0,0,0,0,0,0,0,0,0,0,,,,,
Jake Elliott,K,PHI,15,WAS,0,0,0,0,0,0,0,0,0,0,0,0,0,0,0,0,1,0,0,0,0,4,,,,,
Jake Kumerow,WR,GB,15,CHI,0,0,0,0,0,0,0,0,1,49,0,1,0,0,0,0,0,0,0,0,0,0,,,,,
Jalen Richard,RB,LV,15,JAX,0,0,0,0,0,11,0,1,2,25,0,3,0,0,0,0,0,0,0,0,0,0,,,,,
Jamaal Williams,RB,GB,15,CHI,0,0,0,0,0,26,0,8,1,7,0,1,0,0,0,0,0,0,0,0,0,0,,,,,
Jamal Agnew,WR,DET,15,TB,0,0,0,0,0,0,0,0,0,0,0,0,0,0,0,0,0,0,0,0,0,0,,,,,
Jameis Winston,QB,TB,15,DET,458,4,42,28,1,4,0,2,0,0,0,0,0,0,0,0,0,0,0,0,0,0,,,,,
James Conner,RB,PIT,15,BUF,0,0,0,0,0,42,0,8,4,9,1,5,0,0,0,0,0,0,0,0,0,0,,,,,
James Washington,WR,PIT,15,BUF,0,0,0,0,0,0,0,0,5,83,0,11,0,0,0,0,0,0,0,0,0,0,,,,,
James White,RB,NE,15,CIN,0,0,0,0,0,13,0,3,3,49,1,4,0,0,0,0,0,0,0,0,0,0,,,,,
Jamison Crowder,WR,NYJ,15,BAL,0,0,0,0,0,0,0,0,6,90,2,11,0,0,0,0,0,0,0,0,0,0,,,,,
Jared Cook,TE,NO,15,IND,0,0,0,0,0,0,0,0,4,54,0,4,0,0,0,0,0,0,0,0,0,0,,,,,
Jared Goff,QB,LA,15,DAL,284,2,51,33,1,2,0,3,0,0,0,0,0,0,0,0,0,0,0,0,0,0,,,,,
Jarius Wright,WR,CAR,15,SEA,0,0,0,0,0,0,0,0,1,9,0,4,0,0,0,0,0,0,0,0,0,0,,,,,
Jaron Brown,WR,SEA,15,CAR,0,0,0,0,0,0,0,0,1,9,0,1,0,0,0,0,0,0,0,0,0,0,,,,,
Jarvis Landry,WR,CLE,15,ARI,0,0,0,0,0,0,0,0,5,23,0,8,0,0,0,0,0,0,0,0,0,0,,,,,
Jason Myers,K,SEA,15,CAR,0,0,0,0,0,0,0,0,0,0,0,0,0,0,0,0,0,1,0,0,0,3,,,,,
Jason Sanders,K,MIA,15,NYG,0,0,0,0,0,0,0,0,0,0,0,0,0,0,0,0,1,0,1,0,0,2,,,,,
Jason Witten,TE,DAL,15,LA,0,0,0,0,0,0,0,0,4,36,1,5,0,0,0,0,0,0,0,0,0,0,,,,,
Javorius Allen,RB,NYG,15,MIA,0,0,0,0,0,28,1,8,0,0,0,0,0,0,0,0,0,0,0,0,0,0,,,,,
Jaylen Samuels,RB,PIT,15,BUF,0,0,0,0,0,-1,0,2,1,5,0,1,0,0,0,0,0,0,0,0,0,0,,,,,
Jeff Heuerman,TE,DEN,15,KC,0,0,0,0,0,0,0,0,0,0,0,1,0,0,0,0,0,0,0,0,0,0,,,,,
Jeff Smith,WR,NYJ,15,BAL,0,0,0,0,0,0,0,0,1,12,0,2,0,0,0,0,0,0,0,0,0,0,,,,,
Jeremy Sprinkle,TE,WAS,15,PHI,0,0,0,0,0,0,0,0,2,13,0,2,0,0,0,0,0,0,0,0,0,0,,,,,
Jesper Horsted,TE,CHI,15,GB,0,0,0,0,0,0,0,0,1,9,0,3,0,0,0,0,0,0,0,0,0,0,,,,,
Jesse James,TE,DET,15,TB,0,0,0,0,0,0,0,0,3,31,0,5,0,0,0,0,0,0,0,0,0,0,,,,,
Jimmy Garoppolo,QB,SF,15,ATL,200,1,34,22,0,6,0,2,0,0,0,0,0,0,0,0,0,0,0,0,0,0,,,,,
Jimmy Graham,TE,GB,15,CHI,0,0,0,0,0,0,0,0,1,0,0,4,0,0,0,0,0,0,0,0,0,0,,,,,
Joe Mixon,RB,CIN,15,NE,0,0,0,0,0,136,0,25,3,20,0,3,0,0,0,0,0,0,0,0,0,0,,,,,
Joey Slye,K,CAR,15,SEA,0,0,0,0,0,0,0,0,0,0,0,0,0,0,0,0,0,0,0,1,0,3,,,,,
John Brown,WR,BUF,15,PIT,0,0,0,0,0,0,0,0,7,99,0,10,0,0,0,0,0,0,0,0,0,0,,,,,
John Ross,WR,CIN,15,NE,0,0,0,0,0,0,0,0,2,24,0,3,0,0,0,0,0,0,0,0,0,0,,,,,
Johnny Holton,WR,PIT,15,BUF,0,0,0,0,0,0,0,0,2,-1,0,2,0,0,0,0,0,0,0,0,0,0,,,,,
Johnny Mundt,TE,LA,15,DAL,0,0,0,0,0,0,0,0,2,15,0,3,0,0,0,0,0,0,0,0,0,0,,,,,
Jonathan Williams,RB,IND,15,NO,0,0,0,0,0,0,0,0,0,0,0,0,0,0,0,0,0,0,0,0,0,0,,,,,
Jonnu Smith,TE,TEN,15,HOU,0,0,0,0,0,57,0,1,5,60,0,5,0,0,0,0,0,0,0,0,0,0,,,,,
Jordan Akins,TE,HOU,15,TEN,0,0,0,0,0,0,0,0,2,7,0,2,0,0,0,0,0,0,0,0,0,0,,,,,
Jordan Wilkins,RB,IND,15,NO,0,0,0,0,0,10,1,3,1,7,0,3,0,0,0,0,0,0,0,0,0,0,,,,,
Josh Allen,QB,BUF,15,PIT,139,1,25,13,1,28,1,7,0,0,0,0,0,0,0,0,0,0,0,0,0,0,,,,,
Josh Ferguson,RB,WAS,15,PHI,0,0,0,0,0,9,0,3,0,0,0,0,0,0,0,0,0,0,0,0,0,0,,,,,
Josh Gordon,WR,SEA,15,CAR,0,0,1,0,1,0,0,0,1,58,0,1,0,0,0,0,0,0,0,0,0,0,,,,,
Josh Hill,TE,NO,15,IND,0,0,0,0,0,0,0,0,1,5,1,1,0,0,0,0,0,0,0,0,0,0,,,,,
Josh Jacobs,RB,LV,15,JAX,0,0,0,0,0,89,0,24,2,20,0,3,0,0,0,0,0,0,0,0,0,0,,,,,
Josh Lambo,K,JAX,15,LV,0,0,0,0,0,0,0,0,0,0,0,0,0,0,0,0,1,0,1,0,0,2,,,,,
Josh Reynolds,WR,LA,15,DAL,0,0,0,0,0,0,0,0,2,36,0,4,0,0,0,0,0,0,0,0,0,0,,,,,
Julian Edelman,WR,NE,15,CIN,0,0,0,0,0,0,0,0,2,9,0,5,0,0,0,0,0,0,0,0,0,0,,,,,
Julio Jones,WR,ATL,15,SF,0,0,0,0,0,0,0,0,13,134,2,20,0,0,0,0,0,0,0,0,0,0,,,,,
Justice Hill,RB,BAL,15,NYJ,0,0,0,0,0,15,0,4,0,0,0,0,0,0,0,0,0,0,0,0,0,0,,,,,
Justin Jackson,RB,LAC,15,MIN,0,0,0,0,0,15,0,5,2,2,0,2,0,0,0,0,0,0,0,0,0,0,,,,,
Justin Tucker,K,BAL,15,NYJ,0,0,0,0,0,0,0,0,0,0,0,0,0,0,0,0,0,0,0,0,0,4,,,,,
Justin Watson,WR,TB,15,DET,0,0,0,0,0,0,0,0,2,17,0,2,0,0,0,0,0,0,0,0,0,0,,,,,
KC,DEF,KC,15,DEN,,,,,,,,,,,,,,,,,,,,,,,0,0,0,0,3.0
Ka'imi Fairbairn,K,HOU,15,TEN,0,0,0,0,0,0,0,0,0,0,0,0,0,0,0,0,1,0,0,0,0,3,,,,,
Kaden Smith,TE,NYG,15,MIA,0,0,0,0,0,0,0,0,3,38,0,3,0,0,0,0,0,0,0,0,0,0,,,,,
Kai Forbath,K,DAL,15,LA,0,0,0,0,0,0,0,0,0,0,0,0,0,0,0,0,0,0,2,1,0,5,,,,,
Kalif Raymond,WR,TEN,15,HOU,0,0,0,0,0,0,0,0,1,2,0,2,0,0,0,0,0,0,0,0,0,0,,,,,
Kareem Hunt,RB,CLE,15,ARI,0,0,0,0,0,14,0,4,8,62,0,9,0,0,0,0,0,0,0,0,0,0,,,,,
Keelan Cole,WR,JAX,15,LV,0,0,0,0,0,0,0,0,3,76,0,6,0,0,0,0,0,0,0,0,0,0,,,,,
Keelan Doss,WR,LV,15,JAX,0,0,0,0,0,0,0,0,1,17,0,2,0,0,0,0,0,0,0,0,0,0,,,,,
Keenan Allen,WR,LAC,15,MIN,0,0,0,0,0,0,0,0,9,99,0,10,0,0,0,0,0,0,0,0,0,0,,,,,
Kelvin Harmon,WR,WAS,15,PHI,0,0,0,0,0,0,0,0,2,22,0,3,0,0,0,0,0,0,0,0,0,0,,,,,
Kendrick Bourne,WR,SF,15,ATL,0,0,0,0,0,0,0,0,1,11,0,2,0,0,0,0,0,0,0,0,0,0,,,,,
Kenjon Barner,RB,ATL,15,SF,0,0,0,0,0,0,0,0,1,4,0,2,0,0,0,0,0,0,0,0,0,0,,,,,
Kenny Golladay,WR,DET,15,TB,0,0,0,0,0,0,0,0,3,44,0,7,0,0,0,0,0,0,0,0,0,0,,,,,
Kenny Stills,WR,HOU,15,TEN,0,0,0,0,0,0,0,0,3,35,2,3,0,0,0,0,0,0,0,0,0,0,,,,,
Kenyan Drake,RB,ARI,15,CLE,0,0,0,0,0,137,4,22,1,9,0,1,0,0,0,0,0,0,0,0,0,0,,,,,
Kerrith Whyte,RB,PIT,15,BUF,0,0,0,0,0,5,0,1,0,0,0,0,0,0,0,0,0,0,0,0,0,0,,,,,
KhaDarel Hodge,WR,CLE,15,ARI,0,0,0,0,0,0,0,0,0,0,0,1,0,0,0,0,0,0,0,0,0,0,,,,,
Kirk Cousins,QB,MIN,15,LAC,207,1,25,19,1,14,0,3,0,0,0,0,0,0,0,0,0,0,0,0,0,0,,,,,
Kyle Allen,QB,CAR,15,SEA,277,1,41,25,3,25,0,5,0,0,0,0,0,0,0,0,0,0,0,0,0,0,,,,,
Kyle Juszczyk,RB,SF,15,ATL,0,0,0,0,0,1,0,2,2,6,1,2,0,0,0,0,0,0,0,0,0,0,,,,,
Kyle Rudolph,TE,MIN,15,LAC,0,0,0,0,0,0,0,0,3,48,0,3,0,0,0,0,0,0,0,0,0,0,,,,,
Kyler Murray,QB,ARI,15,CLE,219,1,25,19,1,56,0,8,0,0,0,0,0,0,0,0,0,0,0,0,0,0,,,,,
LA,DEF,LA,15,DAL,,,,,,,,,,,,,,,,,,,,,,,0,0,0,0,44.0
LAC,DEF,LAC,15,MIN,,,,,,,,,,,,,,,,,,,,,,,0,0,0,0,39.0
LV,DEF,LV,15,JAX,,,,,,,,,,,,,,,,,,,,,,,0,0,0,0,0.0
Lamar Jackson,QB,BAL,15,NYJ,212,5,23,15,0,86,0,8,0,0,0,0,0,0,0,0,0,0,0,0,0,0,,,,,
Laquon Treadwell,WR,MIN,15,LAC,0,0,0,0,0,0,0,0,0,0,0,0,0,0,0,0,0,0,0,0,0,0,,,,,
Larry Fitzgerald,WR,ARI,15,CLE,0,0,0,0,0,0,0,0,3,42,0,5,0,0,0,0,0,0,0,0,0,0,,,,,
Latavius Murray,RB,NO,15,IND,0,0,0,0,0,29,0,9,2,20,0,3,0,0,0,0,0,0,0,0,0,0,,,,,
Le'Veon Bell,RB,NYJ,15,BAL,0,0,0,0,0,87,0,21,2,1,0,2,0,0,0,0,0,0,0,0,0,0,,,,,
LeSean McCoy,RB,KC,15,DEN,0,0,0,0,0,16,0,6,0,0,0,0,0,0,0,0,0,0,0,0,0,0,,,,,
Leonard Fournette,RB,JAX,15,LV,0,0,0,0,0,42,0,15,5,31,0,7,0,0,0,0,0,0,0,0,0,0,,,,,
Logan Thomas,TE,DET,15,TB,0,0,0,0,0,0,0,0,0,0,0,4,0,0,0,0,0,0,0,0,0,0,,,,,
Luke Stocker,TE,ATL,15,SF,0,0,0,0,0,0,0,0,1,9,0,1,0,0,0,0,0,0,0,0,0,0,,,,,
MIA,DEF,MIA,15,NYG,,,,,,,,,,,,,,,,,,,,,,,0,0,0,0,36.0
MIN,DEF,MIN,15,LAC,,,,,,,,,,,,,,,,,,,,,,,0,0,0,0,10.0
Malcolm Brown,RB,LA,15,DAL,0,0,0,0,0,0,0,0,0,0,0,0,0,0,0,0,0,0,0,0,0,0,,,,,
Malik Turner,WR,SEA,15,CAR,0,0,0,0,0,0,0,0,3,26,0,3,0,0,0,0,0,0,0,0,0,0,,,,,
Marcedes Lewis,TE,GB,15,CHI,0,0,0,0,0,0,0,0,1,6,0,1,0,0,0,0,0,0,0,0,0,0,,,,,
Marcus Johnson,WR,IND,15,NO,0,0,0,0,0,0,0,0,2,37,0,4,0,0,0,0,0,0,0,0,0,0,,,,,
Mark Andrews,TE,BAL,15,NYJ,0,0,0,0,0,0,0,0,4,52,1,7,0,0,0,0,0,0,0,0,0,0,,,,,
Mark Ingram,RB,BAL,15,NYJ,0,0,0,0,0,76,1,13,1,10,1,2,0,0,1,0,0,0,0,0,0,0,,,,,
Marlon Mack,RB,IND,15,NO,0,0,0,0,0,19,0,11,0,0,0,0,0,0,0,0,0,0,0,0,0,0,,,,,
Marquez Valdes-Scantling,WR,GB,15,CHI,0,0,0,0,0,0,0,0,0,0,0,1,0,0,0,0,0,0,0,0,0,0,,,,,
Marquise Brown,WR,BAL,15,NYJ,0,0,0,0,0,0,0,0,4,45,1,4,0,0,0,0,0,0,0,0,0,0,,,,,
Mason Crosby,K,GB,15,CHI,0,0,0,0,0,0,0,0,0,0,0,0,0,0,0,0,0,0,0,0,0,3,,,,,
Matt Breida,RB,SF,15,ATL,0,0,0,0,0,11,0,4,2,6,0,2,0,0,0,0,0,0,0,0,0,0,,,,,
Matt Gay,K,TB,15,DET,0,0,0,0,0,0,0,0,0,0,0,0,0,0,0,0,0,0,1,0,0,5,,,,,
Matt LaCosse,TE,NE,15,CIN,0,0,0,0,0,0,0,0,3,22,0,3,0,0,0,0,0,0,0,0,0,0,,,,,
Matt Prater,K,DET,15,TB,0,0,0,0,0,0,0,0,0,0,0,0,0,0,0,0,0,0,1,0,0,2,,,,,
Matt Ryan,QB,ATL,15,SF,210,2,39,25,0,27,0,5,0,0,0,0,0,0,0,0,0,0,0,0,0,0,,,,,
Matthew Slater,WR,NE,15,CIN,0,0,0,0,0,0,0,0,0,0,0,0,0,0,0,0,0,0,0,0,0,0,,,,,
Maxx Williams,TE,ARI,15,CLE,0,0,0,0,0,0,0,0,1,4,0,1,0,0,0,0,0,0,0,0,0,0,,,,,
Mecole Hardman,WR,KC,15,DEN,0,0,0,0,0,0,0,0,1,10,0,2,0,0,0,0,0,0,0,0,0,0,,,,,
Melvin Gordon,RB,LAC,15,MIN,0,0,0,0,0,28,0,7,5,36,0,7,0,0,0,0,0,0,0,0,0,0,,,,,
Michael Gallup,WR,DAL,15,LA,0,0,0,0,0,0,0,0,1,6,0,3,0,0,0,0,0,0,0,0,0,0,,,,,
Michael Thomas,WR,NO,15,IND,0,0,0,0,0,0,0,0,12,128,1,12,0,0,0,0,0,0,0,0,0,0,,,,,
Michael Walker,WR,JAX,15,LV,0,0,0,0,0,0,0,0,0,0,0,0,0,0,0,0,0,0,0,0,0,0,,,,,
Mike Badgley,K,LAC,15,MIN,0,0,0,0,0,0,0,0,0,0,0,0,0,0,0,0,0,0,1,0,0,1,,,,,
Mike Boone,RB,MIN,15,LAC,0,0,0,0,0,56,2,13,0,0,0,0,0,0,0,0,0,0,0,0,0,0,,,,,
Mike Gesicki,TE,MIA,15,NYG,0,0,0,0,0,0,0,0,4,47,0,8,0,0,0,0,0,0,0,0,0,0,,,,,
Mike Thomas,WR,LA,15,DAL,0,0,0,0,0,0,0,0,1,5,0,1,0,0,0,0,0,0,0,0,0,0,,,,,
Mike Williams,WR,LAC,15,MIN,0,0,0,0,0,0,0,0,4,71,1,9,0,0,0,0,0,0,0,0,0,0,,,,,
Miles Boykin,WR,BAL,15,NYJ,0,0,0,0,0,0,0,0,1,5,1,1,0,0,0,0,0,0,0,0,0,0,,,,,
Miles Sanders,RB,PHI,15,WAS,0,0,0,0,0,122,1,19,6,50,1,6,0,0,0,0,0,0,0,0,0,0,,,,,
Mitchell Trubisky,QB,CHI,15,GB,334,1,53,29,2,29,0,4,0,0,0,0,0,0,0,0,0,0,0,0,0,0,,,,,
Mohamed Sanu,WR,NE,15,CIN,0,0,0,0,0,0,0,0,2,13,0,8,0,0,0,0,0,0,0,0,0,0,,,,,
Myles Gaskin,RB,MIA,15,NYG,0,0,0,0,0,43,0,9,2,29,0,3,0,0,0,0,0,0,0,0,0,0,,,,,
N'Keal Harry,TE,NE,15,CIN,0,0,0,0,0,22,0,2,2,15,1,4,0,0,0,0,0,0,0,0,0,0,,,,,
NE,DEF,NE,15,CIN,,,,,,,,,,,,,,,,,,,,,,,1,0,0,0,13.0
NO,DEF,NO,15,IND,,,,,,,,,,,,,,,,,,,,,,,0,0,0,0,7.0
NYG,DEF,NYG,15,MIA,,,,,,,,,,,,,,,,,,,,,,,0,1,0,0,20.0
NYJ,DEF,NYJ,15,BAL,,,,,,,,,,,,,,,,,,,,,,,0,0,0,0,42.0
Nick Chubb,RB,CLE,15,ARI,0,0,0,0,0,127,1,17,3,21,0,3,0,0,0,0,0,0,0,0,0,0,,,,,
Nick Folk,K,NE,15,CIN,0,0,0,0,0,0,0,0,0,0,0,0,0,0,0,0,0,0,2,0,0,4,,,,,
Nick Vannett,TE,PIT,15,BUF,0,0,0,0,0,0,0,0,5,40,0,6,0,0,0,0,0,0,0,0,0,0,,,,,
Noah Fant,TE,DEN,15,KC,0,0,0,0,0,0,0,0,2,56,0,3,0,0,0,0,0,0,0,0,0,0,,,,,
Nsimba Webster,WR,LA,15,DAL,0,0,0,0,0,0,0,0,0,0,0,0,0,0,0,0,0,0,0,0,0,0,,,,,
Nyheim Hines,RB,IND,15,NO,0,0,0,0,0,10,0,2,2,2,0,2,0,0,0,0,0,0,0,0,0,0,,,,,
O.J. Howard,TE,TB,15,DET,0,0,0,0,0,0,0,0,4,46,0,7,0,0,0,0,0,0,0,0,0,0,,,,,
Odell Beckham Jr.,WR,CLE,15,ARI,0,0,0,0,0,0,0,0,8,66,0,13,0,0,0,0,0,0,0,0,0,0,,,,,
Olamide Zaccheaus,WR,ATL,15,SF,0,0,0,0,0,0,0,0,0,0,0,0,0,1,0,0,0,0,0,0,0,0,,,,,
PHI,DEF,PHI,15,WAS,,,,,,,,,,,,,,,,,,,,,,,0,0,0,0,27.0
PIT,DEF,PIT,15,BUF,,,,,,,,,,,,,,,,,,,,,,,0,0,0,0,17.0
Patrick DiMarco,RB,BUF,15,PIT,0,0,0,0,0,0,0,0,0,0,0,1,0,0,0,0,0,0,0,0,0,0,,,,,
Patrick Laird,RB,MIA,15,NYG,0,0,0,0,0,46,0,12,2,8,0,5,0,0,0,0,0,0,0,0,0,0,,,,,
Patrick Mahomes,QB,KC,15,DEN,340,2,34,27,1,11,0,3,0,0,0,0,0,0,1,0,0,0,0,0,0,0,,,,,
Patrick Ricard,RB,BAL,15,NYJ,0,0,0,0,0,0,0,0,0,0,0,2,0,0,0,0,0,0,0,0,0,0,,,,,
Peyton Barber,RB,TB,15,DET,0,0,0,0,0,17,0,10,2,23,0,2,0,0,0,0,0,0,0,0,0,0,,,,,
Pharoh Cooper,WR,ARI,15,CLE,0,0,0,0,0,0,0,0,1,17,0,1,0,0,0,0,0,0,0,0,0,0,,,,,
Philip Rivers,QB,LAC,15,MIN,307,1,39,28,3,0,0,0,0,0,0,0,0,0,0,0,0,0,0,0,0,0,,,,,
Phillip Lindsay,RB,DEN,15,KC,0,0,0,0,0,32,0,7,0,0,0,2,0,0,0,0,0,0,0,0,0,0,,,,,
Qadree Ollison,RB,ATL,15,SF,0,0,0,0,0,1,1,1,0,0,0,0,0,0,0,0,0,0,0,0,0,0,,,,,
Raheem Mostert,RB,SF,15,ATL,0,0,0,0,0,54,1,14,1,5,0,2,0,0,0,0,0,0,0,0,0,0,,,,,
Randall Cobb,WR,DAL,15,LA,0,0,0,0,0,0,0,0,1,-3,0,2,0,0,0,0,0,0,0,0,0,0,,,,,
Randy Bullock,K,CIN,15,NE,0,0,0,0,0,0,0,0,0,0,0,0,0,0,0,0,0,1,1,0,0,1,,,,,
Rex Burkhead,RB,NE,15,CIN,0,0,0,0,0,53,1,6,2,6,0,2,0,0,0,0,0,0,0,0,0,0,,,,,
Richie James,WR,SF,15,ATL,0,0,0,0,0,0,0,0,0,0,0,0,0,0,0,0,0,0,0,0,0,0,,,,,
Ricky Seals-Jones,TE,CLE,15,ARI,0,0,0,0,0,0,0,0,3,29,2,4,0,0,0,0,0,0,0,0,0,0,,,,,
Riley Ridley,WR,CHI,15,GB,0,0,0,0,0,0,0,0,2,10,0,2,0,0,0,0,0,0,0,0,0,0,,,,,
Robbie Chosen,WR,NYJ,15,BAL,0,0,0,0,0,0,0,0,4,66,0,6,0,0,1,0,0,0,0,0,0,0,,,,,
Robbie Gould,K,SF,15,ATL,0,0,0,0,0,0,0,0,0,0,0,0,0,0,0,0,1,0,2,0,0,1,,,,,
Robert Griffin III,QB,BAL,15,NYJ,0,0,1,0,0,6,0,4,0,0,0,0,0,0,0,0,0,0,0,0,0,0,,,,,
Robert Tonyan,TE,GB,15,CHI,0,0,0,0,0,0,0,0,1,5,0,2,0,0,0,0,0,0,0,0,0,0,,,,,
Robert Woods,WR,LA,15,DAL,0,0,0,0,0,0,0,0,4,17,0,9,0,0,0,0,0,0,0,0,0,0,,,,,
Ronald Jones,RB,TB,15,DET,0,0,0,0,0,23,0,11,1,26,0,3,0,0,0,0,0,0,0,0,0,0,,,,,
Ross Dwelley,TE,SF,15,ATL,0,0,0,0,0,0,0,0,0,0,0,0,0,0,0,0,0,0,0,0,0,0,,,,,
Royce Freeman,RB,DEN,15,KC,0,0,0,0,0,12,0,5,4,14,0,4,0,0,0,0,0,0,0,0,0,0,,,,,
Russell Gage,WR,ATL,15,SF,0,0,0,0,0,6,0,1,5,27,0,6,0,0,0,0,0,0,0,0,0,0,,,,,
Russell Wilson,QB,SEA,15,CAR,286,2,26,20,0,-1,0,3,0,0,0,0,0,0,0,0,0,0,0,0,0,0,,,,,
Ryan Fitzpatrick,QB,MIA,15,NYG,279,2,41,23,0,33,0,4,0,0,0,0,0,0,0,0,0,0,0,0,0,0,,,,,
Ryan Griffin,QB,TB,15,DET,0,0,0,0,0,-1,0,4,0,0,0,0,0,0,0,0,0,0,0,0,0,0,,,,,
Ryan Santoso,K,TEN,15,HOU,0,0,0,0,0,0,0,0,0,0,0,0,0,0,0,0,0,0,0,0,0,0,,,,,
Ryan Succop,K,TEN,15,HOU,0,0,0,0,0,0,0,0,0,0,0,0,0,0,0,0,0,0,0,0,0,3,,,,,
Ryan Tannehill,QB,TEN,15,HOU,279,2,36,22,1,10,1,3,0,0,0,0,0,0,0,0,0,0,0,0,0,0,,,,,
Ryquell Armstead,RB,JAX,15,LV,0,0,0,0,0,1,0,1,0,0,0,0,0,0,0,0,0,0,0,0,0,0,,,,,
SEA,DEF,SEA,15,CAR,,,,,,,,,,,,,,,,,,,,,,,0,0,0,0,24.0
SF,DEF,SF,15,ATL,,,,,,,,,,,,,,,,,,,,,,,0,0,0,0,29.0
Sam Darnold,QB,NYJ,15,BAL,218,2,32,18,1,11,0,1,0,0,0,0,0,0,1,0,0,0,0,0,0,0,,,,,
Sam Ficken,K,NYJ,15,BAL,0,0,0,0,0,0,0,0,0,0,0,0,0,0,0,0,0,0,0,0,0,1,,,,,
Sammy Watkins,WR,KC,15,DEN,0,0,0,0,0,0,0,0,3,49,0,4,0,0,1,0,0,0,0,0,0,0,,,,,
Saquon Barkley,RB,NYG,15,MIA,0,0,0,0,0,112,2,24,4,31,0,5,0,0,0,0,0,0,0,0,0,0,,,,,
Scott Miller,WR,TB,15,DET,0,0,0,0,0,0,0,0,3,49,1,3,0,0,0,0,0,0,0,0,0,0,,,,,
Scott Simonson,TE,NYG,15,MIA,0,0,0,0,0,0,0,0,1,1,0,1,0,0,0,0,0,0,0,0,0,0,,,,,
Sean Mannion,QB,MIN,15,LAC,0,0,0,0,0,-3,0,3,0,0,0,0,0,0,0,0,0,0,0,0,0,0,,,,,
Senorise Perry,RB,BUF,15,PIT,0,0,0,0,0,0,0,0,0,0,0,0,0,0,0,0,0,0,0,0,0,0,,,,,
Seth DeValve,TE,JAX,15,LV,0,0,0,0,0,0,0,0,2,23,0,2,0,0,0,0,0,0,0,0,0,0,,,,,
Seth Roberts,WR,BAL,15,NYJ,0,0,0,0,0,0,0,0,3,66,1,3,0,0,0,0,0,0,0,0,0,0,,,,,
Sony Michel,RB,NE,15,CIN,0,0,0,0,0,89,0,19,1,14,0,2,0,0,0,0,0,0,0,0,0,0,,,,,
Spencer Ware,RB,KC,15,DEN,0,0,0,0,0,26,0,7,2,9,0,2,0,0,0,0,0,0,0,0,0,0,,,,,
Stanley Morgan,WR,CIN,15,NE,0,0,0,0,0,0,0,0,0,0,0,0,0,0,0,0,0,0,0,0,0,0,,,,,
Stefon Diggs,WR,MIN,15,LAC,0,0,0,0,0,4,0,1,4,76,0,6,0,0,0,0,0,0,0,0,0,0,,,,,
Sterling Shepard,WR,NYG,15,MIA,0,0,0,0,0,0,0,0,9,111,0,11,0,0,0,0,0,0,0,0,0,0,,,,,
Steven Hauschka,K,BUF,15,PIT,0,0,0,0,0,0,0,0,0,0,0,0,0,0,0,0,0,1,0,0,0,2,,,,,
Steven Sims,WR,WAS,15,PHI,0,0,0,0,0,0,0,0,5,45,1,11,0,0,0,0,0,0,0,0,0,0,,,,,
T.Y. Hilton,WR,IND,15,NO,0,0,0,0,0,0,0,0,4,25,0,9,0,0,0,0,0,0,0,0,0,0,,,,,
TB,DEF,TB,15,DET,,,,,,,,,,,,,,,,,,,,,,,1,0,0,0,17.0
TEN,DEF,TEN,15,HOU,,,,,,,,,,,,,,,,,,,,,,,0,0,0,0,24.0
Tajae Sharpe,WR,TEN,15,HOU,0,0,0,0,0,0,0,0,2,28,0,2,0,0,0,0,0,0,0,0,0,0,,,,,
Tanner Hudson,TE,TB,15,DET,0,0,0,0,0,0,0,0,1,14,0,1,0,0,0,0,0,0,0,0,0,0,,,,,
Tarik Cohen,RB,CHI,15,GB,0,0,0,0,0,28,0,8,7,57,0,10,0,0,0,0,0,0,0,0,0,0,,,,,
Tavon Austin,WR,DAL,15,LA,0,0,0,0,0,3,0,2,1,59,1,1,0,0,0,0,0,0,0,0,0,0,,,,,
Taysom Hill,TE,NO,15,IND,0,0,0,0,0,1,0,2,2,42,1,2,0,0,0,0,0,0,0,0,0,0,,,,,
Ted Ginn,WR,NO,15,IND,0,0,0,0,0,0,0,0,1,13,0,1,0,0,0,0,0,0,0,0,0,0,,,,,
Teddy Bridgewater,QB,NO,15,IND,0,0,0,0,0,-3,0,3,0,0,0,0,0,0,0,0,0,0,0,0,0,0,,,,,
Terry McLaurin,WR,WAS,15,PHI,0,0,0,0,0,0,0,0,5,130,1,5,0,0,0,0,0,0,0,0,0,0,,,,,
Tevin Coleman,RB,SF,15,ATL,0,0,0,0,0,40,0,4,0,0,0,1,0,0,0,0,0,0,0,0,0,0,,,,,
Tevin Jones,WR,PIT,15,BUF,0,0,0,0,0,0,0,0,0,0,0,2,0,0,0,0,0,0,0,0,0,0,,,,,
Tim Patrick,WR,DEN,15,KC,0,0,0,0,0,0,0,0,3,26,0,7,0,0,0,0,0,0,0,0,0,0,,,,,
Todd Gurley,RB,LA,15,DAL,0,0,0,0,0,20,1,11,3,18,1,6,0,0,1,0,0,0,0,0,0,0,,,,,
Tom Brady,QB,NE,15,CIN,128,2,29,15,0,-2,0,2,0,0,0,0,0,0,0,0,0,0,0,0,0,0,,,,,
Tony Pollard,RB,DAL,15,LA,0,0,0,0,0,131,1,12,2,12,0,2,0,0,0,0,0,0,0,0,0,0,,,,,
Travis Homer,RB,SEA,15,CAR,0,0,0,0,0,7,0,2,0,0,0,0,0,0,0,0,0,0,0,0,0,0,,,,,
Travis Kelce,TE,KC,15,DEN,0,0,0,0,0,0,0,0,11,142,0,13,0,0,0,0,0,0,0,0,0,0,,,,,
Tre'Quan Smith,WR,NO,15,IND,0,0,0,0,0,0,0,0,1,21,1,1,0,0,0,0,0,0,0,0,0,0,,,,,
Trevon Wesco,TE,NYJ,15,BAL,0,0,0,0,0,0,0,0,0,0,0,0,0,0,0,0,0,0,0,0,0,0,,,,,
Trevor Davis,WR,MIA,15,NYG,0,0,0,0,0,0,0,0,0,0,0,0,0,0,0,0,0,0,0,0,0,0,,,,,
Troy Fumagalli,TE,DEN,15,KC,0,0,0,0,0,0,0,0,1,7,0,1,0,0,0,0,0,0,0,0,0,0,,,,,
Troymaine Pope,RB,LAC,15,MIN,0,0,0,0,0,0,0,0,0,0,0,0,0,0,0,0,0,0,0,0,0,0,,,,,
Ty Johnson,RB,DET,15,TB,0,0,0,0,0,3,0,2,4,17,0,5,0,0,0,0,0,0,0,0,0,0,,,,,
Ty Montgomery,WR,NYJ,15,BAL,0,0,0,0,0,5,0,2,1,5,0,1,0,0,0,0,0,0,0,0,0,0,,,,,
Tyler Boyd,WR,CIN,15,NE,0,0,0,0,0,0,0,0,3,26,0,7,0,0,0,0,0,0,0,0,0,0,,,,,
Tyler Conklin,TE,MIN,15,LAC,0,0,0,0,0,0,0,0,0,0,0,0,0,0,0,0,0,0,0,0,0,0,,,,,
Tyler Eifert,TE,CIN,15,NE,0,0,0,0,0,0,0,0,3,44,0,5,0,0,0,0,0,0,0,0,0,0,,,,,
Tyler Ervin,RB,GB,15,CHI,0,0,0,0,0,0,0,0,0,0,0,0,0,0,0,0,0,0,0,0,0,0,,,,,
Tyler Higbee,TE,LA,15,DAL,0,0,0,0,0,0,0,0,12,111,0,14,0,0,0,0,0,0,0,0,0,0,,,,,
Tyler Kroft,TE,BUF,15,PIT,0,0,0,0,0,0,0,0,1,14,1,1,0,0,0,0,0,0,0,0,0,0,,,,,
Tyler Lockett,WR,SEA,15,CAR,0,0,0,0,0,0,0,0,8,120,1,9,0,0,0,0,0,0,0,0,0,0,,,,,
Tyreek Hill,WR,KC,15,DEN,0,0,0,0,0,1,0,1,5,67,2,7,0,0,0,0,0,0,0,0,0,0,,,,,
Tyrell Williams,WR,LV,15,JAX,0,0,0,0,0,0,0,0,2,45,1,3,0,0,0,0,0,0,0,0,0,0,,,,,
Ventell Bryant,WR,DAL,15,LA,0,0,0,0,0,0,0,0,0,0,0,0,0,0,0,0,0,0,0,0,0,0,,,,,
Vyncint Smith,WR,NYJ,15,BAL,0,0,0,0,0,0,0,0,3,40,0,5,0,0,0,0,0,0,0,0,0,0,,,,,
WAS,DEF,WAS,15,PHI,,,,,,,,,,,,,,,,,,,,,,,0,0,0,0,37.0
Wes Hills,RB,DET,15,TB,0,0,0,0,0,21,2,10,2,1,0,2,0,0,0,0,0,0,0,0,0,0,,,,,
Wil Lutz,K,NO,15,IND,0,0,0,0,0,0,0,0,0,0,0,0,0,0,0,0,1,1,0,0,0,4,,,,,
Will Fuller,WR,HOU,15,TEN,0,0,0,0,0,0,0,0,5,61,0,7,0,0,0,0,0,0,0,0,0,0,,,,,
Willie Snead,WR,BAL,15,NYJ,0,0,0,0,0,0,0,0,1,15,0,1,0,0,0,0,0,0,0,0,0,0,,,,,
Younghoe Koo,K,ATL,15,SF,0,0,0,0,0,0,0,0,0,0,0,0,0,0,0,0,0,0,1,0,0,2,,,,,
Zach Ertz,TE,PHI,15,WAS,0,0,0,0,0,0,0,0,5,61,1,10,0,0,0,0,0,0,0,0,0,0,,,,,
Zach Gentry,TE,PIT,15,BUF,0,0,0,0,0,0,0,0,1,4,0,1,0,0,0,0,0,0,0,0,0,0,,,,,
Zach Pascal,WR,IND,15,NO,0,0,0,0,0,0,0,0,4,44,0,6,0,0,0,0,0,0,0,0,0,0,,,,,
Zane Gonzalez,K,ARI,15,CLE,0,0,0,0,0,0,0,0,0,0,0,0,0,0,0,0,1,0,0,0,0,5,,,,,
Zay Jones,WR,LV,15,JAX,0,0,0,0,0,0,0,0,1,5,0,2,0,0,0,0,0,0,0,0,0,0,,,,,
A.J. Brown,WR,TEN,16,NO,0,0,0,0,0,49,1,1,1,34,0,2,0,0,0,0,0,0,0,0,0,0,,,,,
ARI,DEF,ARI,16,SEA,,,,,,,,,,,,,,,,,,,,,,,0,0,0,0,13.0
ATL,DEF,ATL,16,JAX,,,,,,,,,,,,,,,,,,,,,,,0,0,0,0,12.0
Aaron Jones,RB,GB,16,MIN,0,0,0,0,0,154,2,23,2,6,0,3,0,0,0,0,0,0,0,0,0,0,,,,,
Aaron Rodgers,QB,GB,16,MIN,216,0,40,26,1,-3,0,3,0,0,0,0,0,0,1,0,0,0,0,0,0,0,,,,,
Adam Thielen,WR,MIN,16,GB,0,0,0,0,0,2,0,1,0,0,0,4,0,0,0,0,0,0,0,0,0,0,,,,,
Adrian Peterson,RB,WAS,16,NYG,0,0,0,0,0,36,1,15,2,19,0,2,0,0,0,0,0,0,0,0,0,0,,,,,
Albert Wilson,WR,MIA,16,CIN,0,0,0,0,0,9,0,1,7,79,0,7,0,0,0,0,0,0,0,0,0,0,,,,,
Aldrick Rosas,K,NYG,16,WAS,0,0,0,0,0,0,0,0,0,0,0,0,0,0,0,0,0,0,0,0,0,5,,,,,
Alex Erickson,WR,CIN,16,MIA,0,0,0,0,0,0,0,0,6,55,0,9,0,0,0,0,0,0,0,0,0,0,,,,,
Allen Hurns,WR,MIA,16,CIN,0,0,0,0,0,0,0,0,2,41,0,2,0,0,0,0,0,0,0,0,0,0,,,,,
Allen Lazard,WR,GB,16,MIN,0,0,0,0,0,0,0,0,5,45,0,9,0,0,0,0,0,0,0,0,0,0,,,,,
Allen Robinson,WR,CHI,16,KC,0,0,0,0,0,0,0,0,6,53,0,12,0,0,0,0,0,0,0,0,0,0,,,,,
Alvin Kamara,RB,NO,16,TEN,0,0,0,0,0,80,2,11,6,30,0,7,0,0,0,0,0,0,0,0,0,0,,,,,
Amari Cooper,WR,DAL,16,PHI,0,0,0,0,0,0,0,0,4,24,0,12,0,0,0,0,0,0,0,0,0,0,,,,,
Ameer Abdullah,RB,MIN,16,GB,0,0,0,0,0,27,0,4,6,31,0,7,0,0,0,0,0,0,0,0,0,0,,,,,
Andre Patton,WR,LAC,16,LV,0,0,0,0,0,0,0,0,2,18,0,2,0,0,0,0,0,0,0,0,0,0,,,,,
Andre Roberts,WR,BUF,16,NE,0,0,0,0,0,0,0,0,0,0,0,0,0,0,0,0,0,0,0,0,0,0,,,,,
Andy Dalton,QB,CIN,16,MIA,396,4,56,33,0,0,0,0,0,0,0,0,0,0,2,0,0,0,0,0,0,0,,,,,
Anthony Firkser,TE,TEN,16,NO,0,0,0,0,0,0,0,0,0,0,0,1,0,0,0,0,0,0,0,0,0,0,,,,,
Anthony Miller,WR,CHI,16,KC,0,0,0,0,0,0,0,0,1,2,0,2,0,0,0,0,0,0,0,0,0,0,,,,,
Austin Ekeler,RB,LAC,16,LV,0,0,0,0,0,11,0,4,5,58,0,6,0,0,0,0,0,0,0,0,0,0,,,,,
Austin Hooper,TE,ATL,16,JAX,0,0,0,0,0,0,0,0,7,82,0,9,0,0,0,0,0,0,0,0,0,0,,,,,
Austin Seibert,K,CLE,16,BAL,0,0,0,0,0,0,0,0,0,0,0,0,0,0,0,0,0,0,1,0,0,0,,,,,
BAL,DEF,BAL,16,CLE,,,,,,,,,,,,,,,,,,,,,,,0,0,0,0,15.0
BUF,DEF,BUF,16,NE,,,,,,,,,,,,,,,,,,,,,,,0,0,0,0,24.0
Baker Mayfield,QB,CLE,16,BAL,192,2,33,20,1,4,0,2,0,0,0,0,0,0,0,0,0,0,0,0,0,0,,,,,
Benjamin Watson,TE,NE,16,BUF,0,0,0,0,0,0,0,0,3,15,0,3,0,0,0,0,0,0,0,0,0,0,,,,,
Benny Snell,RB,PIT,16,NYJ,0,0,0,0,0,14,0,7,0,0,0,0,0,0,0,0,0,0,0,0,0,0,,,,,
Bilal Powell,RB,NYJ,16,PIT,0,0,0,0,0,3,0,1,1,5,0,2,0,0,0,0,0,0,0,0,0,0,,,,,
Bisi Johnson,WR,MIN,16,GB,0,0,0,0,0,0,0,0,1,6,0,2,0,0,0,0,0,0,0,0,0,0,,,,,
Blake Bell,TE,KC,16,CHI,0,0,0,0,0,0,0,0,2,15,0,3,0,0,0,0,0,0,0,0,0,0,,,,,
Blake Jarwin,TE,DAL,16,PHI,0,0,0,0,0,0,0,0,1,14,0,1,0,0,0,0,0,0,0,0,0,0,,,,,
Bo Scarbrough,RB,DET,16,DEN,0,0,0,0,0,34,0,8,0,0,0,0,0,0,0,0,0,0,0,0,0,0,,,,,
Boston Scott,RB,PHI,16,DAL,0,0,0,0,0,12,0,3,6,7,0,6,0,0,0,0,0,0,0,0,0,0,,,,,
Brandin Cooks,WR,LA,16,SF,0,0,0,0,0,0,0,0,4,39,1,6,0,0,0,0,0,0,0,0,0,0,,,,,
Brandon Bolden,RB,NE,16,BUF,0,0,0,0,0,0,0,0,0,0,0,0,0,0,0,0,0,0,0,0,0,0,,,,,
Brandon McManus,K,DEN,16,DET,0,0,0,0,0,0,0,0,0,0,0,0,0,0,0,0,1,1,0,0,0,3,,,,,
Brandon Zylstra,WR,CAR,16,IND,0,0,0,0,0,0,0,0,1,3,0,1,0,0,0,0,0,0,0,0,0,0,,,,,
Braxton Berrios,WR,NYJ,16,PIT,0,0,0,0,0,0,0,0,0,0,0,0,0,0,0,0,0,0,0,0,0,0,,,,,
Breshad Perriman,WR,TB,16,HOU,0,0,0,0,0,0,0,0,7,102,0,12,0,0,0,0,0,0,0,0,0,0,,,,,
Brett Hundley,QB,ARI,16,SEA,49,0,9,4,0,35,0,6,0,0,0,0,0,0,0,0,0,0,0,0,0,0,,,,,
Brian Hill,RB,ATL,16,JAX,0,0,0,0,0,66,0,7,0,0,0,0,0,0,0,0,0,0,0,0,0,0,,,,,
Brian Hoyer,QB,IND,16,CAR,0,0,0,0,0,-2,0,3,0,0,0,0,0,0,0,0,0,0,0,0,0,0,,,,,
Buddy Howell,RB,HOU,16,TB,0,0,0,0,0,0,0,0,0,0,0,0,0,0,0,0,0,0,0,0,0,0,,,,,
C.J. Prosise,RB,SEA,16,ARI,0,0,0,0,0,14,0,4,0,0,0,0,0,0,0,0,0,0,0,0,0,0,,,,,
C.J. Uzomah,TE,CIN,16,MIA,0,0,0,0,0,0,0,0,4,37,1,4,0,0,0,0,0,0,0,0,0,0,,,,,
CAR,DEF,CAR,16,IND,,,,,,,,,,,,,,,,,,,,,,,0,0,0,0,38.0
CHI,DEF,CHI,16,KC,,,,,,,,,,,,,,,,,,,,,,,0,0,0,0,26.0
CIN,DEF,CIN,16,MIA,,,,,,,,,,,,,,,,,,,,,,,0,0,0,0,38.0
CLE,DEF,CLE,16,BAL,,,,,,,,,,,,,,,,,,,,,,,0,0,0,0,31.0
Cam Sims,WR,WAS,16,NYG,0,0,0,0,0,0,0,0,1,15,0,1,0,0,0,0,0,0,0,0,0,0,,,,,
Cameron Brate,TE,TB,16,HOU,0,0,0,0,0,0,0,0,2,17,0,5,0,0,0,0,0,0,0,0,0,0,,,,,
Carlos Hyde,RB,HOU,16,TB,0,0,0,0,0,27,1,17,1,10,0,1,0,0,0,0,0,0,0,0,0,0,,,,,
Carson Wentz,QB,PHI,16,DAL,319,1,40,31,0,22,0,6,0,0,0,0,0,0,0,0,0,0,0,0,0,0,,,,,
Case Keenum,QB,WAS,16,NYG,158,1,22,16,0,1,1,1,0,0,0,0,0,0,0,0,0,0,0,0,0,0,,,,,
Cethan Carter,TE,CIN,16,MIA,0,0,0,0,0,0,0,0,0,0,0,0,0,0,0,0,0,0,0,0,0,0,,,,,
Charles Clay,TE,ARI,16,SEA,0,0,0,0,0,0,0,0,1,16,0,1,0,0,0,0,0,0,0,0,0,0,,,,,
Chase Edmonds,RB,ARI,16,SEA,0,0,0,0,0,0,0,0,0,0,0,0,0,0,0,0,0,0,0,0,0,0,,,,,
Chase McLaughlin,K,IND,16,CAR,0,0,0,0,0,0,0,0,0,0,0,0,0,0,0,0,0,1,0,0,0,5,,,,,
Chris Boswell,K,PIT,16,NYJ,0,0,0,0,0,0,0,0,0,0,0,0,0,0,0,0,0,0,1,0,0,1,,,,,
Chris Carson,RB,SEA,16,ARI,0,0,0,0,0,40,0,8,1,20,0,1,0,0,0,0,0,0,0,0,0,0,,,,,
Chris Conley,WR,JAX,16,ATL,0,0,0,0,0,0,0,0,2,56,1,5,0,0,0,0,0,0,0,0,0,0,,,,,
Chris Hogan,WR,CAR,16,IND,0,0,0,0,0,0,0,0,2,16,0,3,0,0,0,0,0,0,0,0,0,0,,,,,
Chris Lacy,WR,DET,16,DEN,0,0,0,0,0,0,0,0,0,0,0,1,0,0,0,0,0,0,0,0,0,0,,,,,
Chris Moore,WR,BAL,16,CLE,0,0,0,0,0,0,0,0,0,0,0,0,0,0,0,0,0,0,0,0,0,0,,,,,
Chris Thompson,RB,WAS,16,NYG,0,0,0,0,0,34,0,8,4,18,0,4,0,0,0,0,0,0,0,0,0,0,,,,,
Christian Kirk,WR,ARI,16,SEA,0,0,0,0,0,9,0,2,0,0,0,5,0,0,0,0,0,0,0,0,0,0,,,,,
Christian McCaffrey,RB,CAR,16,IND,0,0,0,0,0,54,0,13,15,119,0,15,0,0,0,0,0,0,0,0,0,0,,,,,
Clive Walford,TE,MIA,16,CIN,0,0,0,0,0,0,0,0,1,15,0,2,0,0,0,0,0,0,0,0,0,0,,,,,
Codey McElroy,TE,TB,16,HOU,0,0,0,0,0,0,0,0,1,30,0,1,0,0,0,0,0,0,0,0,0,0,,,,,
Cody Hollister,WR,TEN,16,NO,0,0,0,0,0,0,0,0,0,0,0,0,0,0,0,0,0,0,0,0,0,0,,,,,
Cody Latimer,WR,NYG,16,WAS,0,0,0,0,0,0,0,0,5,44,1,7,0,0,0,0,0,0,0,0,0,0,,,,,
Cole Beasley,WR,BUF,16,NE,0,0,0,0,0,0,0,0,7,108,0,12,0,0,0,0,0,0,0,0,0,0,,,,,
Cooper Kupp,WR,LA,16,SF,0,0,0,0,0,0,0,0,4,31,1,4,0,0,0,0,0,0,0,0,0,0,,,,,
Cordarrelle Patterson,RB,CHI,16,KC,0,0,0,0,0,16,0,1,1,5,0,1,0,0,0,0,0,0,0,0,0,0,,,,,
Corey Davis,WR,TEN,16,NO,0,0,0,0,0,0,0,0,3,40,0,4,0,0,0,0,0,0,0,0,0,0,,,,,
Courtland Sutton,WR,DEN,16,DET,0,0,0,0,0,0,0,0,5,41,0,10,0,0,0,0,0,0,0,0,0,0,,,,,
Curtis Samuel,WR,CAR,16,IND,0,0,0,0,0,4,0,2,2,17,0,5,0,0,0,0,0,0,0,0,0,0,,,,,
D'Ernest Johnson,RB,CLE,16,BAL,0,0,0,0,0,0,0,0,0,0,0,0,0,0,0,0,0,0,0,0,0,0,,,,,
DAL,DEF,DAL,16,PHI,,,,,,,,,,,,,,,,,,,,,,,0,0,0,0,17.0
DEN,DEF,DEN,16,DET,,,,,,,,,,,,,,,,,,,,,,,0,0,0,0,17.0
DET,DEF,DET,16,DEN,,,,,,,,,,,,,,,,,,,,,,,0,0,0,0,27.0
DJ Chark,WR,JAX,16,ATL,0,0,0,0,0,0,0,0,2,18,0,7,0,0,0,0,0,0,0,0,0,0,,,,,
DJ Moore,WR,CAR,16,IND,0,0,0,0,0,0,0,0,1,1,0,2,0,0,0,0,0,0,0,0,0,0,,,,,
DK Metcalf,WR,SEA,16,ARI,0,0,0,0,0,0,0,0,0,0,0,1,0,0,0,0,0,0,0,0,0,0,,,,,
Da'Mari Scott,WR,NYG,16,WAS,0,0,0,0,0,5,0,1,1,11,0,1,0,0,0,0,0,0,0,0,0,0,,,,,
DaeSean Hamilton,WR,DEN,16,DET,0,0,0,0,0,0,0,0,6,65,1,6,0,0,0,0,0,0,0,0,0,0,,,,,
Dak Prescott,QB,DAL,16,PHI,265,0,44,25,0,7,0,1,0,0,0,0,0,0,0,0,0,0,0,0,0,0,,,,,
Dallas Goedert,TE,PHI,16,DAL,0,0,0,0,0,0,0,0,9,91,1,12,0,0,0,0,0,0,0,0,0,0,,,,,
Dalton Schultz,TE,DAL,16,PHI,0,0,0,0,0,0,0,0,0,0,0,1,0,0,0,0,0,0,0,0,0,0,,,,,
Dalyn Dawkins,RB,TEN,16,NO,0,0,0,0,0,24,0,9,0,0,0,1,0,0,0,0,0,0,0,0,0,0,,,,,
Damien Williams,RB,KC,16,CHI,0,0,0,0,0,65,0,16,3,27,1,3,0,0,0,0,0,0,0,0,0,0,,,,,
Damiere Byrd,WR,ARI,16,SEA,0,0,0,0,0,0,0,0,1,11,0,1,0,0,0,0,0,0,0,0,0,0,,,,,
Damion Ratley,WR,CLE,16,BAL,0,0,0,0,0,0,0,0,0,0,0,3,0,0,0,0,0,0,0,0,0,0,,,,,
Dan Arnold,TE,ARI,16,SEA,0,0,0,0,0,0,0,0,1,20,0,3,0,0,0,0,0,0,0,0,0,0,,,,,
Dan Bailey,K,MIN,16,GB,0,0,0,0,0,0,0,0,0,0,0,0,0,0,0,0,1,0,0,0,0,1,,,,,
Daniel Brown,TE,NYJ,16,PIT,0,0,0,0,0,0,0,0,0,0,0,1,0,0,0,0,0,0,0,0,0,0,,,,,
Daniel Carlson,K,LV,16,LAC,0,0,0,0,0,0,0,0,0,0,0,0,0,0,0,0,0,0,1,0,0,3,,,,,
Daniel Jones,QB,NYG,16,WAS,352,5,42,28,0,12,0,3,0,0,0,0,0,0,0,0,0,0,0,0,0,0,,,,,
Danny Amendola,WR,DET,16,DEN,0,0,0,0,0,0,0,0,2,21,0,3,0,0,0,0,0,0,0,0,0,0,,,,,
Danny Vitale,RB,GB,16,MIN,0,0,0,0,0,0,0,0,0,0,0,1,0,0,0,0,0,0,0,0,0,0,,,,,
Dare Ogunbowale,RB,TB,16,HOU,0,0,0,0,0,0,0,0,3,34,0,5,0,0,0,0,0,0,0,0,0,0,,,,,
Darius Slayton,WR,NYG,16,WAS,0,0,0,0,0,0,0,0,0,0,0,2,0,0,0,0,0,0,0,0,0,0,,,,,
Darrell Daniels,TE,ARI,16,SEA,0,0,0,0,0,0,0,0,0,0,0,1,0,0,0,0,0,0,0,0,0,0,,,,,
Darrell Henderson,RB,LA,16,SF,0,0,0,0,0,7,0,2,0,0,0,0,0,0,0,0,0,0,0,0,0,0,,,,,
Darren Fells,TE,HOU,16,TB,0,0,0,0,0,0,0,0,3,27,0,3,0,0,0,0,0,0,0,0,0,0,,,,,
Darren Waller,TE,LV,16,LAC,0,0,0,0,0,0,0,0,4,37,0,4,0,0,0,0,0,0,0,0,0,0,,,,,
Darwin Thompson,RB,KC,16,CHI,0,0,0,0,0,14,0,5,0,0,0,0,0,0,0,0,0,0,0,0,0,0,,,,,
Davante Adams,WR,GB,16,MIN,0,0,0,0,0,0,0,0,13,116,0,16,0,0,0,0,0,0,0,0,0,0,,,,,
David Blough,QB,DET,16,DEN,117,1,24,12,0,0,0,0,0,0,0,0,0,0,0,0,0,0,0,0,0,0,,,,,
David Johnson,RB,ARI,16,SEA,0,0,0,0,0,3,0,2,1,4,0,1,0,0,0,0,0,0,0,0,0,0,,,,,
David Montgomery,RB,CHI,16,KC,0,0,0,0,0,57,0,13,1,2,0,1,0,0,0,0,0,0,0,0,0,0,,,,,
David Moore,WR,SEA,16,ARI,0,0,0,0,0,19,0,1,1,21,0,2,0,0,0,0,0,0,0,0,0,0,,,,,
Dawson Knox,TE,BUF,16,NE,0,0,0,0,0,0,0,0,1,33,0,4,0,0,0,0,0,0,0,0,0,0,,,,,
De'Anthony Thomas,WR,BAL,16,CLE,0,0,0,0,0,0,0,0,0,0,0,0,0,0,0,0,0,0,0,0,0,0,,,,,
De'Lance Turner,RB,MIA,16,CIN,0,0,0,0,0,6,0,4,0,0,0,0,0,0,0,0,0,0,0,0,0,0,,,,,
DeAndre Carter,WR,HOU,16,TB,0,0,0,0,0,0,0,0,2,44,0,2,0,0,0,0,0,0,0,0,0,0,,,,,
DeAndre Hopkins,WR,HOU,16,TB,0,0,0,0,0,0,0,0,5,23,0,9,0,0,0,0,0,0,0,0,0,0,,,,,
DeAndre Washington,RB,LV,16,LAC,0,0,0,0,0,85,1,23,2,21,0,3,0,0,0,0,0,0,0,0,0,0,,,,,
DeAndrew White,WR,CAR,16,IND,0,0,0,0,0,0,0,0,1,12,0,3,0,0,0,0,0,0,0,0,0,0,,,,,
DeVante Parker,WR,MIA,16,CIN,0,0,0,0,0,0,0,0,5,111,1,15,0,0,0,0,0,0,0,0,0,0,,,,,
Dede Westbrook,WR,JAX,16,ATL,0,0,0,0,0,0,0,0,2,5,0,4,0,0,0,0,0,0,0,0,0,0,,,,,
Deebo Samuel Sr.,WR,SF,16,LA,0,0,0,0,0,28,1,3,4,31,0,6,0,0,0,0,0,0,0,0,0,0,,,,,
Demarcus Robinson,WR,KC,16,CHI,0,0,0,0,0,0,0,0,1,13,0,2,0,0,0,0,0,0,0,0,0,0,,,,,
Demetrius Harris,TE,CLE,16,BAL,0,0,0,0,0,0,0,0,1,1,1,3,0,0,0,0,0,0,0,0,0,0,,,,,
Deon Cain,WR,PIT,16,NYJ,0,0,0,0,0,0,0,0,2,10,0,2,0,0,0,0,0,0,0,0,0,0,,,,,
Deonte Harty,WR,NO,16,TEN,0,0,0,0,0,0,0,0,1,0,0,1,0,0,0,0,0,0,0,0,0,0,,,,,
Derek Carr,QB,LV,16,LAC,291,1,30,26,0,3,1,1,0,0,0,0,0,0,0,0,0,0,0,0,0,0,,,,,
Derek Carrier,TE,LV,16,LAC,0,0,0,0,0,0,0,0,2,12,0,2,0,0,0,0,0,0,0,0,0,0,,,,,
Deshaun Watson,QB,HOU,16,TB,184,0,32,19,1,37,0,7,0,0,0,0,0,0,0,0,0,0,0,0,0,0,,,,,
Devin Singletary,RB,BUF,16,NE,0,0,0,0,0,46,0,15,1,2,0,1,0,0,0,0,0,0,0,0,0,0,,,,,
Devlin Hodges,QB,PIT,16,NYJ,84,0,17,11,2,0,0,1,0,0,0,0,0,0,0,0,0,0,0,0,0,0,,,,,
Devonta Freeman,RB,ATL,16,JAX,0,0,0,0,0,53,1,13,9,74,1,10,0,0,0,0,0,0,0,0,0,0,,,,,
Devontae Booker,RB,DEN,16,DET,0,0,0,0,0,0,0,0,1,2,0,2,0,0,0,0,0,0,0,0,0,0,,,,,
Dion Lewis,RB,TEN,16,NO,0,0,0,0,0,68,0,15,1,19,0,2,0,0,0,0,0,0,0,0,0,0,,,,,
Diontae Johnson,WR,PIT,16,NYJ,0,0,0,0,0,0,0,0,8,81,1,9,0,0,0,0,0,0,0,0,0,0,,,,,
Diontae Spencer,WR,DEN,16,DET,0,0,0,0,0,0,0,0,0,0,0,0,0,0,0,0,0,0,0,0,0,0,,,,,
Dontrell Hilliard,RB,CLE,16,BAL,0,0,0,0,0,0,0,0,1,4,0,1,0,0,0,0,0,0,0,0,0,0,,,,,
Dontrelle Inman,WR,IND,16,CAR,0,0,0,0,0,0,0,0,1,18,0,2,0,0,0,0,0,0,0,0,0,0,,,,,
Drew Brees,QB,NO,16,TEN,279,3,38,27,0,-3,0,3,0,0,0,0,0,0,0,0,0,0,0,0,0,0,,,,,
Drew Lock,QB,DEN,16,DET,192,1,33,25,0,10,0,4,0,0,0,0,0,0,0,0,0,0,0,0,0,0,,,,,
Duke Johnson,RB,HOU,16,TB,0,0,0,0,0,4,0,2,1,12,0,4,0,0,0,0,0,0,0,0,0,0,,,,,
Durham Smythe,TE,MIA,16,CIN,0,0,0,0,0,0,0,0,2,18,0,2,0,0,0,0,0,0,0,0,0,0,,,,,
Dustin Hopkins,K,WAS,16,NYG,0,0,0,0,0,0,0,0,0,0,0,0,0,0,0,0,0,0,0,0,0,5,,,,,
Dwayne Haskins,QB,WAS,16,NYG,133,2,15,12,0,0,0,0,0,0,0,0,0,0,0,0,0,0,0,0,0,0,,,,,
Dwayne Washington,RB,NO,16,TEN,0,0,0,0,0,0,0,0,0,0,0,0,0,0,0,0,0,0,0,0,0,0,,,,,
Eddy Pineiro,K,CHI,16,KC,0,0,0,0,0,0,0,0,0,0,0,0,0,0,0,0,0,0,1,0,0,0,,,,,
Emmanuel Sanders,WR,SF,16,LA,0,0,0,0,0,0,0,0,3,61,0,6,0,0,0,0,0,0,0,0,0,0,,,,,
Eric Saubert,TE,CHI,16,KC,0,0,0,0,0,0,0,0,1,11,0,2,0,0,0,0,0,0,0,0,0,0,,,,,
Ezekiel Elliott,RB,DAL,16,PHI,0,0,0,0,0,47,0,13,7,37,0,7,0,0,0,0,0,0,0,0,0,0,,,,,
GB,DEF,GB,16,MIN,,,,,,,,,,,,,,,,,,,,,,,0,0,0,0,10.0
Gardner Minshew,QB,JAX,16,ATL,181,1,31,13,0,36,0,7,0,0,0,0,0,0,0,0,0,0,0,0,0,0,,,,,
George Kittle,TE,SF,16,LA,0,0,0,0,0,0,0,0,5,79,1,8,0,0,0,0,0,0,0,0,0,0,,,,,
Gerald Everett,TE,LA,16,SF,0,0,0,0,0,0,0,0,0,0,0,1,0,0,0,0,0,0,0,0,0,0,,,,,
Geronimo Allison,WR,GB,16,MIN,0,0,0,0,0,0,0,0,0,0,0,2,0,0,1,0,0,0,0,0,0,0,,,,,
Giovani Bernard,RB,CIN,16,MIA,0,0,0,0,0,3,0,2,2,12,0,3,0,0,0,0,0,0,0,0,0,0,,,,,
Golden Tate,WR,NYG,16,WAS,0,0,0,0,0,0,0,0,6,96,0,11,0,0,0,0,0,0,0,0,0,0,,,,,
Greg Joseph,K,TEN,16,NO,0,0,0,0,0,0,0,0,0,0,0,0,0,0,0,0,0,0,0,0,0,4,,,,,
Greg Olsen,TE,CAR,16,IND,0,0,0,0,0,0,0,0,2,33,0,5,0,0,0,0,0,0,0,0,0,0,,,,,
Greg Ward,WR,PHI,16,DAL,0,0,0,0,0,5,0,1,4,71,0,5,0,0,0,0,0,0,0,0,0,0,,,,,
Greg Zuerlein,K,LA,16,SF,0,0,0,0,0,0,0,0,0,0,0,0,0,0,0,0,0,0,0,1,0,4,,,,,
Gus Edwards,RB,BAL,16,CLE,0,0,0,0,0,66,0,12,1,7,0,1,0,0,0,0,0,0,0,0,0,0,,,,,
HOU,DEF,HOU,16,TB,,,,,,,,,,,,,,,,,,,,,,,1,0,0,0,20.0
Hale Hentges,TE,WAS,16,NYG,0,0,0,0,0,0,0,0,2,28,1,2,0,0,0,0,0,0,0,0,0,0,,,,,
Harrison Butker,K,KC,16,CHI,0,0,0,0,0,0,0,0,0,0,0,0,0,0,0,0,0,1,0,1,0,2,,,,,
Hayden Hurst,TE,BAL,16,CLE,0,0,0,0,0,0,0,0,1,9,0,3,0,0,0,0,0,0,0,0,0,0,,,,,
Hunter Henry,TE,LAC,16,LV,0,0,0,0,0,0,0,0,5,45,0,7,0,0,0,0,0,0,0,0,0,0,,,,,
Hunter Renfrow,WR,LV,16,LAC,0,0,0,0,0,0,0,0,7,107,1,9,0,0,0,0,0,0,0,0,0,0,,,,,
IND,DEF,IND,16,CAR,,,,,,,,,,,,,,,,,,,,,,,0,0,0,0,6.0
Ian Thomas,TE,CAR,16,IND,0,0,0,0,0,0,0,0,3,16,0,3,0,0,0,0,0,0,0,0,0,0,,,,,
Irv Smith,TE,MIN,16,GB,0,0,0,0,0,0,0,0,2,4,0,3,0,0,0,0,0,0,0,0,0,0,,,,,
Isaiah Ford,WR,MIA,16,CIN,0,0,0,0,0,0,0,0,5,68,0,6,0,0,0,0,0,0,0,0,0,0,,,,,
Isaiah McKenzie,WR,BUF,16,NE,0,0,0,0,0,0,0,0,2,11,0,2,0,0,0,0,0,0,0,0,0,0,,,,,
Ishmael Hyman,WR,TB,16,HOU,0,0,0,0,0,0,0,0,1,31,0,3,0,0,0,0,0,0,0,0,0,0,,,,,
J.J. Arcega-Whiteside,WR,PHI,16,DAL,0,0,0,0,0,0,0,0,2,39,0,2,0,0,0,0,0,0,0,0,0,0,,,,,
J.P. Holtz,TE,CHI,16,KC,0,0,0,0,0,0,0,0,1,13,0,1,0,0,0,0,0,0,0,0,0,0,,,,,
JAX,DEF,JAX,16,ATL,,,,,,,,,,,,,,,,,,,,,,,0,0,0,0,24.0
Jack Doyle,TE,IND,16,CAR,0,0,0,0,0,0,0,0,2,17,0,4,0,0,0,0,0,0,0,0,0,0,,,,,
Jacob Hollister,TE,SEA,16,ARI,0,0,0,0,0,0,0,0,5,64,0,6,0,0,0,0,0,0,0,0,0,0,,,,,
Jacoby Brissett,QB,IND,16,CAR,119,0,27,14,0,37,1,3,1,2,0,1,0,0,0,0,0,0,0,0,0,0,,,,,
Jaeden Graham,TE,ATL,16,JAX,0,0,0,0,0,0,0,0,0,0,0,0,0,0,0,0,0,0,0,0,0,0,,,,,
Jake Elliott,K,PHI,16,DAL,0,0,0,0,0,0,0,0,0,0,0,0,0,0,0,0,0,1,0,0,0,2,,,,,
Jake Kumerow,WR,GB,16,MIN,0,0,0,0,0,0,0,0,0,0,0,1,0,0,0,0,0,0,0,0,0,0,,,,,
Jakobi Meyers,WR,NE,16,BUF,0,0,0,0,0,0,0,0,3,25,0,3,0,0,0,0,0,0,0,0,0,0,,,,,
Jalen Richard,RB,LV,16,LAC,0,0,0,0,0,11,0,5,4,18,0,4,0,0,0,0,0,0,0,0,0,0,,,,,
Jamaal Williams,RB,GB,16,MIN,0,0,0,0,0,33,0,6,2,19,0,2,0,0,0,0,0,0,0,0,0,0,,,,,
Jamal Agnew,WR,DET,16,DEN,0,0,0,0,0,0,0,0,0,0,0,0,1,0,0,0,0,0,0,0,0,0,,,,,
Jameis Winston,QB,TB,16,HOU,335,1,48,25,4,16,0,2,0,0,0,0,0,0,0,0,0,0,0,0,0,0,,,,,
James Conner,RB,PIT,16,NYJ,0,0,0,0,0,32,0,6,0,0,0,0,0,0,0,0,0,0,0,0,0,0,,,,,
James Washington,WR,PIT,16,NYJ,0,0,0,0,0,0,0,0,5,41,0,8,0,0,0,0,0,0,0,0,0,0,,,,,
James White,RB,NE,16,BUF,0,0,0,0,0,5,0,3,4,24,0,5,0,0,0,0,0,0,0,0,0,0,,,,,
Jamison Crowder,WR,NYJ,16,PIT,0,0,0,0,0,0,0,0,4,60,0,8,0,0,0,0,0,0,0,0,0,0,,,,,
Jared Cook,TE,NO,16,TEN,0,0,0,0,0,0,0,0,3,84,2,4,0,0,0,0,0,0,0,0,0,0,,,,,
Jared Goff,QB,LA,16,SF,323,2,46,27,1,12,0,4,0,0,0,0,0,0,0,0,0,0,0,0,0,0,,,,,
Jarius Wright,WR,CAR,16,IND,0,0,0,0,0,0,0,0,1,19,0,5,0,0,0,0,0,0,0,0,0,0,,,,,
Jarvis Landry,WR,CLE,16,BAL,0,0,0,0,0,0,0,0,7,74,0,9,0,0,0,0,0,0,0,0,0,0,,,,,
Jason Myers,K,SEA,16,ARI,0,0,0,0,0,0,0,0,0,0,0,0,0,0,0,0,0,1,0,1,0,1,,,,,
Jason Sanders,K,MIA,16,CIN,0,0,0,0,0,0,0,0,0,0,0,0,0,0,0,0,0,1,0,0,0,5,,,,,
Jason Witten,TE,DAL,16,PHI,0,0,0,0,0,0,0,0,2,14,0,3,0,0,0,0,0,0,0,0,0,0,,,,,
Javon Wims,WR,CHI,16,KC,0,0,0,0,0,0,0,0,3,26,0,9,0,0,0,0,0,0,0,0,0,0,,,,,
Javorius Allen,RB,NYG,16,WAS,0,0,0,0,0,0,0,0,0,0,0,0,0,0,0,0,0,0,0,0,0,0,,,,,
Jaylen Samuels,RB,PIT,16,NYJ,0,0,0,0,0,7,0,3,4,32,0,6,0,0,0,0,0,0,0,0,0,0,,,,,
Jeff Heuerman,TE,DEN,16,DET,0,0,0,0,0,0,0,0,2,13,0,2,0,0,0,0,0,0,0,0,0,0,,,,,
Jeremy Sprinkle,TE,WAS,16,NYG,0,0,0,0,0,0,0,0,2,14,0,3,0,0,0,0,0,0,0,0,0,0,,,,,
Jesper Horsted,TE,CHI,16,KC,0,0,0,0,0,0,0,0,1,20,0,1,0,0,0,0,0,0,0,0,0,0,,,,,
Jesse James,TE,DET,16,DEN,0,0,0,0,0,0,0,0,1,12,0,1,0,0,0,0,0,0,0,0,0,0,,,,,
Jimmy Garoppolo,QB,SF,16,LA,248,1,27,16,2,5,0,4,0,0,0,0,0,0,0,0,0,0,0,0,0,0,,,,,
Jimmy Graham,TE,GB,16,MIN,0,0,0,0,0,0,0,0,1,16,0,1,0,0,0,0,0,0,0,0,0,0,,,,,
Joe Mixon,RB,CIN,16,MIA,0,0,0,0,0,50,0,21,2,23,0,2,0,0,0,0,0,0,0,0,0,0,,,,,
Joey Slye,K,CAR,16,IND,0,0,0,0,0,0,0,0,0,0,0,0,0,0,0,0,1,0,0,1,0,0,,,,,
John Brown,WR,BUF,16,NE,0,0,0,0,0,3,0,1,1,53,1,4,0,0,0,0,0,0,0,0,0,0,,,,,
John Ross,WR,CIN,16,MIA,0,0,0,0,0,6,0,2,6,84,0,13,0,0,0,0,0,0,0,0,0,0,,,,,
Jonnu Smith,TE,TEN,16,NO,0,0,0,0,0,0,0,0,3,63,1,4,0,0,0,0,0,0,0,0,0,0,,,,,
Jordan Akins,TE,HOU,16,TB,0,0,0,0,0,0,0,0,0,0,0,2,0,0,0,0,0,0,0,0,0,0,,,,,
Jordan Wilkins,RB,IND,16,CAR,0,0,0,0,0,84,1,9,0,0,0,0,0,0,0,0,0,0,0,0,0,0,,,,,
Josh Allen,QB,BUF,16,NE,208,2,26,13,0,43,0,7,0,0,0,0,0,0,0,0,0,0,0,0,0,0,,,,,
Josh Hill,TE,NO,16,TEN,0,0,0,0,0,0,0,0,0,0,0,0,0,0,0,0,0,0,0,0,0,0,,,,,
Josh Lambo,K,JAX,16,ATL,0,0,0,0,0,0,0,0,0,0,0,0,0,0,0,0,1,0,1,0,0,0,,,,,
Josh Perkins,TE,PHI,16,DAL,0,0,0,0,0,0,0,0,0,0,0,2,0,0,0,0,0,0,0,0,0,0,,,,,
Josh Reynolds,WR,LA,16,SF,0,0,0,0,0,0,0,0,2,32,0,3,0,0,0,0,0,0,0,0,0,0,,,,,
JuJu Smith-Schuster,WR,PIT,16,NYJ,0,0,0,0,0,0,0,0,2,22,0,4,0,0,0,0,0,0,0,0,0,0,,,,,
Julian Edelman,WR,NE,16,BUF,0,0,0,0,0,0,0,0,5,72,0,6,0,0,1,0,0,0,0,0,0,0,,,,,
Julio Jones,WR,ATL,16,JAX,0,0,0,0,0,0,0,0,10,166,0,15,0,0,0,0,0,0,0,0,0,0,,,,,
Justice Hill,RB,BAL,16,CLE,0,0,0,0,0,19,1,3,3,32,0,4,0,0,0,0,0,0,0,0,0,0,,,,,
Justin Hardy,WR,ATL,16,JAX,0,0,0,0,0,0,0,0,0,0,0,1,0,0,0,0,0,0,0,0,0,0,,,,,
Justin Tucker,K,BAL,16,CLE,0,0,0,0,0,0,0,0,0,0,0,0,0,0,0,0,0,1,0,0,0,4,,,,,
Justin Watson,WR,TB,16,HOU,0,0,0,0,0,0,0,0,5,43,1,10,0,0,0,0,0,0,0,0,0,0,,,,,
KC,DEF,KC,16,CHI,,,,,,,,,,,,,,,,,,,,,,,0,0,0,0,3.0
Ka'imi Fairbairn,K,HOU,16,TB,0,0,0,0,0,0,0,0,0,0,0,0,0,0,0,0,1,2,0,0,0,2,,,,,
Kaden Smith,TE,NYG,16,WAS,0,0,0,0,0,0,0,0,6,35,2,8,0,0,0,0,0,0,0,0,0,0,,,,,
Kai Forbath,K,DAL,16,PHI,0,0,0,0,0,0,0,0,0,0,0,0,0,0,0,0,0,1,2,0,0,0,,,,,
Kalif Raymond,WR,TEN,16,NO,0,0,0,0,0,0,0,0,2,32,0,2,0,0,0,0,0,0,0,0,0,0,,,,,
Kareem Hunt,RB,CLE,16,BAL,0,0,0,0,0,8,0,2,4,33,0,4,0,0,0,0,0,0,0,0,0,0,,,,,
Keelan Cole,WR,JAX,16,ATL,0,0,0,0,0,6,0,1,1,23,0,2,0,0,0,0,0,0,0,0,0,0,,,,,
Keenan Allen,WR,LAC,16,LV,0,0,0,0,0,-5,0,1,5,71,0,10,0,0,0,0,0,0,0,0,0,0,,,,,
Kelvin Harmon,WR,WAS,16,NYG,11,0,1,1,0,0,0,0,5,58,0,6,0,0,0,0,0,0,0,0,0,0,,,,,
Kendrick Bourne,WR,SF,16,LA,0,0,0,0,0,0,0,0,2,29,0,3,0,0,0,0,0,0,0,0,0,0,,,,,
Kenjon Barner,RB,ATL,16,JAX,0,0,0,0,0,0,0,0,0,0,0,0,0,0,0,0,0,0,0,0,0,0,,,,,
Kenny Golladay,WR,DET,16,DEN,0,0,0,0,0,0,0,0,6,66,1,12,0,0,0,0,0,0,0,0,0,0,,,,,
Kenny Stills,WR,HOU,16,TB,0,0,0,0,0,0,0,0,5,57,0,9,0,0,0,0,0,0,0,0,0,0,,,,,
Kenyan Drake,RB,ARI,16,SEA,0,0,0,0,0,166,2,24,3,18,0,4,0,0,0,0,0,0,0,0,0,0,,,,,
Kerrith Whyte,RB,PIT,16,NYJ,0,0,0,0,0,22,0,6,0,0,0,0,0,0,0,0,0,0,0,0,0,0,,,,,
Kerryon Johnson,RB,DET,16,DEN,0,0,0,0,0,42,0,10,1,1,0,1,0,0,0,0,0,0,0,0,0,0,,,,,
KhaDarel Hodge,WR,CLE,16,BAL,0,0,0,0,0,0,0,0,1,6,0,2,0,0,0,0,0,0,0,0,0,0,,,,,
Kirk Cousins,QB,MIN,16,GB,122,1,31,16,1,0,0,0,0,0,0,1,0,0,0,0,0,0,0,0,0,0,,,,,
Krishawn Hogan,WR,NO,16,TEN,0,0,0,0,0,0,0,0,1,4,0,1,0,0,0,0,0,0,0,0,0,0,,,,,
Kyle Juszczyk,RB,SF,16,LA,0,0,0,0,0,0,0,0,1,23,0,2,0,0,0,0,0,0,0,0,0,0,,,,,
Kyle Rudolph,TE,MIN,16,GB,0,0,0,0,0,0,0,0,1,7,0,2,0,0,0,0,0,0,0,0,0,0,,,,,
Kyler Murray,QB,ARI,16,SEA,118,1,18,11,0,40,0,6,0,0,0,0,0,0,0,0,0,0,0,0,0,0,,,,,
LA,DEF,LA,16,SF,,,,,,,,,,,,,,,,,,,,,,,0,0,0,0,34.0
LAC,DEF,LAC,16,LV,,,,,,,,,,,,,,,,,,,,,,,0,0,0,0,24.0
LV,DEF,LV,16,LAC,,,,,,,,,,,,,,,,,,,,,,,0,0,0,0,0.0
Lamar Jackson,QB,BAL,16,CLE,238,3,31,20,0,103,0,17,0,0,0,0,0,0,0,0,0,0,0,0,0,0,,,,,
Laquon Treadwell,WR,MIN,16,GB,0,0,0,0,0,0,0,0,0,0,0,1,0,0,0,0,0,0,0,0,0,0,,,,,
Larry Fitzgerald,WR,ARI,16,SEA,0,0,0,0,0,0,0,0,4,48,1,7,0,0,0,0,0,0,0,0,0,0,,,,,
Latavius Murray,RB,NO,16,TEN,0,0,0,0,0,14,0,7,2,11,0,3,0,0,0,0,0,0,0,0,0,0,,,,,
Le'Veon Bell,RB,NYJ,16,PIT,0,0,0,0,0,72,0,25,4,21,0,4,0,0,0,0,0,0,0,0,0,0,,,,,
Leonard Fournette,RB,JAX,16,ATL,0,0,0,0,0,71,0,15,3,34,0,6,0,0,0,0,0,0,0,0,0,0,,,,,
Logan Thomas,TE,DET,16,DEN,0,0,0,0,0,0,0,0,2,17,0,3,0,0,0,0,0,0,0,0,0,0,,,,,
Luke Stocker,TE,ATL,16,JAX,0,0,0,0,0,0,0,0,0,0,0,1,0,0,0,0,0,0,0,0,0,0,,,,,
Luke Willson,TE,SEA,16,ARI,0,0,0,0,0,0,0,0,0,0,0,0,0,0,0,0,0,0,0,0,0,0,,,,,
MIA,DEF,MIA,16,CIN,,,,,,,,,,,,,,,,,,,,,,,0,0,0,0,35.0
MIN,DEF,MIN,16,GB,,,,,,,,,,,,,,,,,,,,,,,0,0,0,0,23.0
Mack Hollins,WR,MIA,16,CIN,0,0,0,0,0,0,0,0,0,0,0,0,0,0,0,0,0,0,0,0,0,0,,,,,
Malcolm Brown,RB,LA,16,SF,0,0,0,0,0,-1,0,1,0,0,0,1,0,0,0,0,0,0,0,0,0,0,,,,,
Malik Turner,WR,SEA,16,ARI,0,0,0,0,0,0,0,0,1,23,0,3,0,0,0,0,0,0,0,0,0,0,,,,,
Marcedes Lewis,TE,GB,16,MIN,0,0,0,0,0,0,0,0,1,2,0,1,0,0,0,0,0,0,0,0,0,0,,,,,
Marcus Johnson,WR,IND,16,CAR,0,0,0,0,0,0,0,0,1,2,0,4,0,0,0,0,0,0,0,0,0,0,,,,,
Mark Andrews,TE,BAL,16,CLE,0,0,0,0,0,0,0,0,6,93,2,9,0,0,0,0,0,0,0,0,0,0,,,,,
Mark Ingram,RB,BAL,16,CLE,0,0,0,0,0,55,0,8,2,36,1,2,0,0,0,0,0,0,0,0,0,0,,,,,
Marlon Mack,RB,IND,16,CAR,0,0,0,0,0,95,1,16,2,6,0,2,0,0,0,0,0,0,0,0,0,0,,,,,
Marquez Valdes-Scantling,WR,GB,16,MIN,0,0,0,0,0,0,0,0,1,6,0,1,0,0,0,0,0,0,0,0,0,0,,,,,
Marquise Brown,WR,BAL,16,CLE,0,0,0,0,0,0,0,0,1,6,0,2,0,0,0,0,0,0,0,0,0,0,,,,,
Mason Crosby,K,GB,16,MIN,0,0,0,0,0,0,0,0,0,0,0,0,0,0,0,1,0,1,1,0,0,0,,,,,
Mason Rudolph,QB,PIT,16,NYJ,129,1,20,14,0,0,0,2,0,0,0,0,0,0,0,0,0,0,0,0,0,0,,,,,
Matt Gay,K,TB,16,HOU,0,0,0,0,0,0,0,0,0,0,0,0,0,0,0,0,0,0,1,1,0,2,,,,,
Matt LaCosse,TE,NE,16,BUF,0,0,0,0,0,0,0,0,1,8,1,1,0,0,0,0,0,0,0,0,0,0,,,,,
Matt Moore,QB,KC,16,CHI,0,0,0,0,0,-1,0,1,0,0,0,0,0,0,0,0,0,0,0,0,0,0,,,,,
Matt Prater,K,DET,16,DEN,0,0,0,0,0,0,0,0,0,0,0,0,0,0,0,0,1,0,0,0,0,2,,,,,
Matt Ryan,QB,ATL,16,JAX,384,1,45,32,2,6,0,4,0,0,0,0,0,0,0,0,0,0,0,0,0,0,,,,,
Maxx Williams,TE,ARI,16,SEA,0,0,0,0,0,0,0,0,2,36,0,2,0,0,0,0,0,0,0,0,0,0,,,,,
Mecole Hardman,WR,KC,16,CHI,0,0,0,0,0,0,0,0,0,0,0,0,0,0,0,0,0,0,0,0,0,0,,,,,
Melvin Gordon,RB,LAC,16,LV,0,0,0,0,0,15,2,9,6,32,0,7,0,0,0,0,0,0,0,0,0,0,,,,,
Michael Gallup,WR,DAL,16,PHI,0,0,0,0,0,0,0,0,5,98,0,11,0,0,0,0,0,0,0,0,0,0,,,,,
Michael Thomas,WR,NO,16,TEN,0,0,0,0,0,0,0,0,12,136,1,17,0,0,0,0,0,0,0,0,0,0,,,,,
Michael Walker,WR,JAX,16,ATL,0,0,0,0,0,0,0,0,0,0,0,0,0,0,0,0,0,0,0,0,0,0,,,,,
Mike Badgley,K,LAC,16,LV,0,0,0,0,0,0,0,0,0,0,0,0,0,0,0,0,1,0,0,0,0,2,,,,,
Mike Boone,RB,MIN,16,GB,0,0,0,0,0,28,0,11,1,5,0,1,0,0,0,0,0,0,0,0,0,0,,,,,
Mike Gesicki,TE,MIA,16,CIN,0,0,0,0,0,0,0,0,6,82,2,12,0,0,0,0,0,0,0,0,0,0,,,,,
Mike Williams,WR,LAC,16,LV,0,0,0,0,0,0,0,0,3,51,0,4,0,0,0,0,0,0,0,0,0,0,,,,,
Miles Boykin,WR,BAL,16,CLE,0,0,0,0,0,0,0,0,1,8,0,1,0,0,0,0,0,0,0,0,0,0,,,,,
Miles Sanders,RB,PHI,16,DAL,0,0,0,0,0,79,1,20,5,77,0,6,0,0,0,0,0,0,0,0,0,0,,,,,
Mitchell Trubisky,QB,CHI,16,KC,157,0,34,18,0,20,0,6,0,0,0,0,0,0,0,0,0,0,0,0,0,0,,,,,
Mo Alie-Cox,TE,IND,16,CAR,0,0,0,0,0,0,0,0,1,21,0,1,0,0,0,0,0,0,0,0,0,0,,,,,
Mohamed Sanu,WR,NE,16,BUF,0,0,0,0,0,0,0,0,3,24,0,5,0,0,0,0,0,0,0,0,0,0,,,,,
MyCole Pruitt,TE,TEN,16,NO,0,0,0,0,0,0,0,0,2,15,0,2,0,0,0,0,0,0,0,0,0,0,,,,,
Myles Gaskin,RB,MIA,16,CIN,0,0,0,0,0,55,1,16,1,3,0,3,0,0,0,0,0,0,0,0,0,0,,,,,
N'Keal Harry,TE,NE,16,BUF,0,0,0,0,0,18,0,2,2,21,0,3,0,0,0,0,0,0,0,0,0,0,,,,,
NE,DEF,NE,16,BUF,,,,,,,,,,,,,,,,,,,,,,,0,0,0,0,17.0
NO,DEF,NO,16,TEN,,,,,,,,,,,,,,,,,,,,,,,0,0,0,0,28.0
NYG,DEF,NYG,16,WAS,,,,,,,,,,,,,,,,,,,,,,,0,0,0,0,35.0
NYJ,DEF,NYJ,16,PIT,,,,,,,,,,,,,,,,,,,,,,,0,0,0,0,10.0
Nick Boyle,TE,BAL,16,CLE,0,0,0,0,0,0,0,0,3,24,0,4,0,0,0,0,0,0,0,0,0,0,,,,,
Nick Chubb,RB,CLE,16,BAL,0,0,0,0,0,45,0,15,0,0,0,1,0,0,0,0,0,0,0,0,0,0,,,,,
Nick Folk,K,NE,16,BUF,0,0,0,0,0,0,0,0,0,0,0,0,0,0,0,0,1,1,0,1,0,1,,,,,
Nick Vannett,TE,PIT,16,NYJ,0,0,0,0,0,0,0,0,1,18,0,1,0,0,0,0,0,0,0,0,0,0,,,,,
Noah Fant,TE,DEN,16,DET,0,0,0,0,0,0,0,0,2,10,0,2,0,0,0,0,0,0,0,0,0,0,,,,,
Nsimba Webster,WR,LA,16,SF,0,0,0,0,0,0,0,0,0,0,0,0,0,0,0,0,0,0,0,0,0,0,,,,,
Nyheim Hines,RB,IND,16,CAR,0,0,0,0,0,4,0,1,1,2,0,1,2,0,0,0,0,0,0,0,0,0,,,,,
O.J. Howard,TE,TB,16,HOU,0,0,0,0,0,0,0,0,3,46,0,7,0,0,0,0,0,0,0,0,0,0,,,,,
Odell Beckham Jr.,WR,CLE,16,BAL,0,0,0,0,0,0,0,0,4,44,1,6,0,0,0,0,0,0,0,0,0,0,,,,,
PHI,DEF,PHI,16,DAL,,,,,,,,,,,,,,,,,,,,,,,0,0,0,0,9.0
PIT,DEF,PIT,16,NYJ,,,,,,,,,,,,,,,,,,,,,,,0,0,0,0,16.0
Patrick Laird,RB,MIA,16,CIN,0,0,0,0,0,17,0,8,1,1,0,1,0,0,0,0,0,0,0,0,0,0,,,,,
Patrick Mahomes,QB,KC,16,CHI,251,2,33,23,0,14,1,2,0,0,0,0,0,0,0,0,0,0,0,0,0,0,,,,,
Peyton Barber,RB,TB,16,HOU,0,0,0,0,0,13,0,5,0,0,0,0,0,0,0,0,0,0,0,0,0,0,,,,,
Pharoh Cooper,WR,ARI,16,SEA,0,0,0,0,0,0,0,0,2,14,0,2,0,0,0,0,0,0,0,0,0,0,,,,,
Philip Rivers,QB,LAC,16,LV,279,0,39,27,0,0,0,0,0,0,0,0,0,0,0,0,0,0,0,0,0,0,,,,,
Phillip Lindsay,RB,DEN,16,DET,0,0,0,0,0,109,1,19,2,9,0,3,0,0,0,0,0,0,0,0,0,0,,,,,
Qadree Ollison,RB,ATL,16,JAX,0,0,0,0,0,3,1,1,0,0,0,0,0,0,0,0,0,0,0,0,0,0,,,,,
Raheem Mostert,RB,SF,16,LA,0,0,0,0,0,53,1,11,0,0,0,1,0,0,0,0,0,0,0,0,0,0,,,,,
Randall Cobb,WR,DAL,16,PHI,0,0,0,0,0,0,0,0,5,73,0,7,0,0,0,0,0,0,0,0,0,0,,,,,
Randy Bullock,K,CIN,16,MIA,0,0,0,0,0,0,0,0,0,0,0,0,0,0,0,0,1,0,0,1,0,1,,,,,
Rashard Higgins,WR,CLE,16,BAL,0,0,0,0,0,0,0,0,0,0,0,0,0,0,0,0,0,0,0,0,0,0,,,,,
Reggie Bonnafon,RB,CAR,16,IND,0,0,0,0,0,12,0,2,0,0,0,0,0,0,0,0,0,0,0,0,0,0,,,,,
Rex Burkhead,RB,NE,16,BUF,0,0,0,0,0,20,1,5,4,77,0,4,0,0,0,0,0,0,0,0,0,0,,,,,
Richie James,WR,SF,16,LA,0,0,0,0,0,0,0,0,0,0,0,0,0,0,0,0,0,0,0,0,0,0,,,,,
Ricky Seals-Jones,TE,CLE,16,BAL,0,0,0,0,0,0,0,0,1,23,0,2,0,0,0,0,0,0,0,0,0,0,,,,,
Rico Gafford,WR,LV,16,LAC,0,0,0,0,0,0,0,0,0,0,0,0,0,0,0,0,0,0,0,0,0,0,,,,,
Robbie Chosen,WR,NYJ,16,PIT,0,0,0,0,0,0,0,0,2,32,1,4,0,0,0,0,0,0,0,0,0,0,,,,,
Robbie Gould,K,SF,16,LA,0,0,0,0,0,0,0,0,0,0,0,0,0,0,0,0,1,1,0,0,0,4,,,,,
Robert Davis,WR,PHI,16,DAL,0,0,0,0,0,0,0,0,1,6,0,1,0,0,0,0,0,0,0,0,0,0,,,,,
Robert Foster,WR,BUF,16,NE,0,0,0,0,0,0,0,0,0,0,0,1,0,0,0,0,0,0,0,0,0,0,,,,,
Robert Woods,WR,LA,16,SF,0,0,0,0,0,6,0,2,8,117,0,11,0,0,0,0,0,0,0,0,0,0,,,,,
Rod Smith,RB,LV,16,LAC,0,0,0,0,0,0,0,0,0,0,0,0,0,0,0,0,0,0,0,0,0,0,,,,,
Ronald Jones,RB,TB,16,HOU,0,0,0,0,0,77,1,14,3,32,0,4,0,0,0,0,0,0,0,0,0,0,,,,,
Ross Dwelley,TE,SF,16,LA,0,0,0,0,0,0,0,0,1,25,0,1,0,0,0,0,0,0,0,0,0,0,,,,,
Ross Travis,TE,IND,16,CAR,0,0,0,0,0,0,0,0,1,19,0,2,0,0,0,0,0,0,0,0,0,0,,,,,
Royce Freeman,RB,DEN,16,DET,0,0,0,0,0,28,1,9,2,9,0,2,0,0,0,0,0,0,0,0,0,0,,,,,
Russell Gage,WR,ATL,16,JAX,0,0,0,0,0,7,0,2,5,49,0,6,0,0,0,0,0,0,0,0,0,0,,,,,
Russell Wilson,QB,SEA,16,ARI,169,1,31,16,0,2,0,2,0,0,0,0,0,0,0,0,0,0,0,0,0,0,,,,,
Ryan Fitzpatrick,QB,MIA,16,CIN,419,4,52,31,1,9,0,5,0,0,0,0,0,0,0,0,0,0,0,0,0,0,,,,,
Ryan Nall,RB,CHI,16,KC,0,0,0,0,0,0,0,0,0,0,0,0,0,0,0,0,0,0,0,0,0,0,,,,,
Ryan Tannehill,QB,TEN,16,NO,272,3,27,17,0,8,0,1,0,0,0,0,0,0,0,0,0,0,0,0,0,0,,,,,
Ryquell Armstead,RB,JAX,16,ATL,0,0,0,0,0,2,0,1,0,0,0,0,0,0,0,0,0,0,0,0,0,0,,,,,
SEA,DEF,SEA,16,ARI,,,,,,,,,,,,,,,,,,,,,,,0,0,0,0,27.0
SF,DEF,SF,16,LA,,,,,,,,,,,,,,,,,,,,,,,1,0,0,0,31.0
Sam Darnold,QB,NYJ,16,PIT,183,1,26,16,0,3,0,4,0,0,0,0,0,0,0,0,0,0,0,0,0,0,,,,,
Sam Ficken,K,NYJ,16,PIT,0,0,0,0,0,0,0,0,0,0,0,0,0,0,0,0,0,1,1,1,0,1,,,,,
Sammy Watkins,WR,KC,16,CHI,0,0,0,0,0,0,0,0,2,28,0,5,0,0,0,0,0,0,0,0,0,0,,,,,
Saquon Barkley,RB,NYG,16,WAS,0,0,0,0,0,189,1,22,4,90,1,4,0,0,0,0,0,0,0,0,0,0,,,,,
Senorise Perry,RB,BUF,16,NE,0,0,0,0,0,0,0,0,0,0,0,0,0,0,0,0,0,0,0,0,0,0,,,,,
Seth DeValve,TE,JAX,16,ATL,0,0,0,0,0,0,0,0,3,45,0,6,0,0,0,0,0,0,0,0,0,0,,,,,
Seth Roberts,WR,BAL,16,CLE,0,0,0,0,0,0,0,0,2,23,0,3,0,0,0,0,0,0,0,0,0,0,,,,,
Sony Michel,RB,NE,16,BUF,0,0,0,0,0,96,0,21,1,5,0,2,0,0,0,0,0,0,0,0,0,0,,,,,
Spencer Schnell,WR,TB,16,HOU,0,0,0,0,0,0,0,0,0,0,0,0,0,0,0,0,0,0,0,0,0,0,,,,,
Spencer Ware,RB,KC,16,CHI,0,0,0,0,0,14,0,5,2,22,0,3,0,0,0,0,0,0,0,0,0,0,,,,,
Stanley Morgan,WR,CIN,16,MIA,0,0,0,0,0,0,0,0,0,0,0,0,0,0,0,0,0,0,0,0,0,0,,,,,
Stefon Diggs,WR,MIN,16,GB,0,0,1,0,0,0,0,0,3,57,1,5,0,0,0,0,0,0,0,0,0,0,,,,,
Stephen Carlson,TE,CLE,16,BAL,0,0,0,0,0,0,0,0,1,7,0,1,0,0,0,0,0,0,0,0,0,0,,,,,
Sterling Shepard,WR,NYG,16,WAS,0,0,0,0,0,0,0,0,6,76,1,6,0,0,0,0,0,0,0,0,0,0,,,,,
Steven Hauschka,K,BUF,16,NE,0,0,0,0,0,0,0,0,0,0,0,0,0,0,0,0,0,1,0,0,0,2,,,,,
Steven Sims,WR,WAS,16,NYG,0,0,0,0,0,9,0,2,6,64,2,10,0,0,0,0,0,0,0,0,0,0,,,,,
T.Y. Hilton,WR,IND,16,CAR,0,0,0,0,0,0,0,0,3,26,0,4,0,0,0,0,0,0,0,0,0,0,,,,,
TB,DEF,TB,16,HOU,,,,,,,,,,,,,,,,,,,,,,,0,0,0,0,23.0
TEN,DEF,TEN,16,NO,,,,,,,,,,,,,,,,,,,,,,,0,0,0,0,38.0
Taiwan Jones,RB,HOU,16,TB,0,0,0,0,0,0,0,0,0,0,0,0,0,0,0,0,0,0,0,0,0,0,,,,,
Tajae Sharpe,WR,TEN,16,NO,0,0,0,0,0,0,0,0,5,69,2,6,0,0,0,0,0,0,0,0,0,0,,,,,
Tarik Cohen,RB,CHI,16,KC,0,0,0,0,0,8,0,2,3,25,0,4,0,0,0,0,0,0,0,0,0,0,,,,,
Tavon Austin,WR,DAL,16,PHI,0,0,0,0,0,0,0,0,1,5,0,2,0,0,0,0,0,0,0,0,0,0,,,,,
Taysom Hill,TE,NO,16,TEN,20,0,2,1,0,11,0,2,2,21,0,2,0,0,0,0,0,0,0,0,0,0,,,,,
Ted Ginn,WR,NO,16,TEN,0,0,0,0,0,0,0,0,0,0,0,1,0,0,0,0,0,0,0,0,0,0,,,,,
Terry McLaurin,WR,WAS,16,NYG,0,0,0,0,0,0,0,0,7,86,0,9,0,0,0,0,0,0,0,0,0,0,,,,,
Tevin Coleman,RB,SF,16,LA,0,0,0,0,0,33,0,5,0,0,0,0,0,0,0,0,0,0,0,0,0,0,,,,,
Tim Patrick,WR,DEN,16,DET,0,0,0,0,0,0,0,0,5,48,0,6,0,0,0,0,0,0,0,0,0,0,,,,,
Todd Gurley,RB,LA,16,SF,0,0,0,0,0,48,2,15,0,0,0,2,0,0,0,0,0,0,0,0,0,0,,,,,
Tom Brady,QB,NE,16,BUF,271,1,33,26,0,4,0,4,0,0,0,0,0,0,1,0,0,0,0,0,0,0,,,,,
Tony Pollard,RB,DAL,16,PHI,0,0,0,0,0,0,0,2,0,0,0,0,0,0,0,0,0,0,0,0,0,0,,,,,
Travis Fulgham,WR,DET,16,DEN,0,0,0,0,0,0,0,0,0,0,0,2,0,0,0,0,0,0,0,0,0,0,,,,,
Travis Homer,RB,SEA,16,ARI,0,0,0,0,0,16,0,5,6,26,0,8,0,0,0,0,0,0,0,0,0,0,,,,,
Travis Kelce,TE,KC,16,CHI,0,0,0,0,0,0,0,0,8,74,1,9,0,0,0,0,0,0,0,0,0,0,,,,,
Tre'Quan Smith,WR,NO,16,TEN,0,0,0,0,0,0,0,0,1,13,0,2,0,0,0,0,0,0,0,0,0,0,,,,,
Trent Sherfield,WR,ARI,16,SEA,0,0,0,0,0,0,0,0,0,0,0,0,0,0,0,0,0,0,0,0,0,0,,,,,
Trevon Wesco,TE,NYJ,16,PIT,0,0,0,0,0,0,0,0,1,32,0,1,0,0,0,0,0,0,0,0,0,0,,,,,
Trevor Davis,WR,MIA,16,CIN,0,0,0,0,0,0,0,0,0,0,0,0,0,0,0,0,0,0,0,0,0,0,,,,,
Trey Edmunds,RB,PIT,16,NYJ,0,0,0,0,0,0,0,0,0,0,0,0,0,0,0,0,0,0,0,0,0,0,,,,,
Troymaine Pope,RB,LAC,16,LV,0,0,0,0,0,0,0,0,0,0,0,0,0,0,0,0,0,0,0,0,0,0,,,,,
Ty Johnson,RB,DET,16,DEN,0,0,0,0,0,20,0,3,0,0,0,0,0,0,0,0,0,0,0,0,0,0,,,,,
Ty Montgomery,WR,NYJ,16,PIT,0,0,0,0,0,7,0,2,1,1,0,1,0,0,0,0,0,0,0,0,0,0,,,,,
Tyler Boyd,WR,CIN,16,MIA,0,0,0,0,0,0,0,0,9,128,2,15,0,0,0,0,0,0,0,0,0,0,,,,,
Tyler Conklin,TE,MIN,16,GB,0,0,0,0,0,0,0,0,0,0,0,0,0,0,0,0,0,0,0,0,0,0,,,,,
Tyler Eifert,TE,CIN,16,MIA,0,0,0,0,0,0,0,0,4,57,1,8,0,0,1,0,0,0,0,0,0,0,,,,,
Tyler Ervin,RB,GB,16,MIN,0,0,0,0,0,0,0,0,1,6,0,1,0,0,0,0,0,0,0,0,0,0,,,,,
Tyler Higbee,TE,LA,16,SF,0,0,0,0,0,0,0,0,9,104,0,11,0,0,0,0,0,0,0,0,0,0,,,,,
Tyler Kroft,TE,BUF,16,NE,0,0,0,0,0,0,0,0,0,0,0,1,0,0,0,0,0,0,0,0,0,0,,,,,
Tyler Lockett,WR,SEA,16,ARI,0,0,0,0,0,0,0,0,1,12,0,7,0,0,0,0,0,0,0,0,0,0,,,,,
Tyreek Hill,WR,KC,16,CHI,0,0,0,0,0,0,0,0,5,72,0,5,0,0,0,0,0,0,0,0,0,0,,,,,
Tyrell Williams,WR,LV,16,LAC,0,0,0,0,0,0,0,0,4,82,0,4,0,0,0,0,0,0,0,0,0,0,,,,,
Tyrod Taylor,QB,LAC,16,LV,0,0,0,0,0,-2,0,2,0,0,0,0,0,0,0,0,0,0,0,0,0,0,,,,,
Vance McDonald,TE,PIT,16,NYJ,0,0,0,0,0,0,0,0,3,9,0,6,0,0,0,0,0,0,0,0,0,0,,,,,
Ventell Bryant,WR,DAL,16,PHI,0,0,0,0,0,0,0,0,0,0,0,0,0,0,0,0,0,0,0,0,0,0,,,,,
Virgil Green,TE,LAC,16,LV,0,0,0,0,0,0,0,0,1,4,0,1,0,0,0,0,0,0,0,0,0,0,,,,,
Vyncint Smith,WR,NYJ,16,PIT,0,0,0,0,0,0,0,0,3,32,0,4,0,0,0,0,0,0,0,0,0,0,,,,,
WAS,DEF,WAS,16,NYG,,,,,,,,,,,,,,,,,,,,,,,0,0,0,0,41.0
Wil Lutz,K,NO,16,TEN,0,0,0,0,0,0,0,0,0,0,0,0,0,0,0,0,0,0,1,0,0,5,,,,,
Will Fuller,WR,HOU,16,TB,0,0,0,0,0,0,0,0,2,11,0,2,0,0,0,0,0,0,0,0,0,0,,,,,
Will Grier,QB,CAR,16,IND,224,0,44,27,3,17,0,4,0,0,0,0,0,0,0,0,0,0,0,0,0,0,,,,,
Willie Snead,WR,BAL,16,CLE,0,0,0,0,0,0,0,0,0,0,0,1,0,0,0,0,0,0,0,0,0,0,,,,,
Younghoe Koo,K,ATL,16,JAX,0,0,0,0,0,0,0,0,0,0,0,0,0,0,0,0,1,0,0,0,0,3,,,,,
Zach Ertz,TE,PHI,16,DAL,0,0,0,0,0,0,0,0,4,28,0,6,0,0,0,0,0,0,0,0,0,0,,,,,
Zach Pascal,WR,IND,16,CAR,0,0,0,0,0,0,0,0,1,6,0,3,0,0,0,0,0,0,0,0,0,0,,,,,
Zane Gonzalez,K,ARI,16,SEA,0,0,0,0,0,0,0,0,0,0,0,0,0,0,0,0,1,0,1,0,0,3,,,,,
Zay Jones,WR,LV,16,LAC,0,0,0,0,0,0,0,0,3,14,0,3,0,0,0,0,0,0,0,0,0,0,,,,,
A.J. Brown,WR,TEN,17,HOU,0,0,0,0,0,0,0,0,4,124,1,8,0,0,0,0,0,0,0,0,0,0,,,,,
AJ McCarron,QB,HOU,17,TEN,225,0,36,21,1,39,1,5,0,0,0,0,0,0,0,0,0,0,0,0,0,0,,,,,
ARI,DEF,ARI,17,LA,,,,,,,,,,,,,,,,,,,,,,,0,0,0,0,31.0
ATL,DEF,ATL,17,TB,,,,,,,,,,,,,,,,,,,,,,,1,0,0,0,22.0
Aaron Jones,RB,GB,17,DET,0,0,0,0,0,100,0,25,2,43,0,6,0,0,0,0,0,0,0,0,0,0,,,,,
Aaron Rodgers,QB,GB,17,DET,323,2,55,27,1,1,0,2,0,0,0,0,0,0,0,0,0,0,0,0,0,0,,,,,
Adrian Peterson,RB,WAS,17,DAL,0,0,0,0,0,78,0,13,1,0,0,4,0,0,0,0,0,0,0,0,0,0,,,,,
Albert Wilson,WR,MIA,17,NE,20,0,2,1,0,0,0,0,5,59,0,8,0,0,0,0,0,0,0,0,0,0,,,,,
Aldrick Rosas,K,NYG,17,PHI,0,0,0,0,0,0,0,0,0,0,0,0,0,0,0,0,0,1,0,0,0,2,,,,,
Alex Erickson,WR,CIN,17,CLE,0,0,0,0,0,5,0,1,1,16,0,4,0,0,0,0,0,0,0,0,0,0,,,,,
Alexander Hollins,WR,MIN,17,CHI,0,0,0,0,0,0,0,0,2,46,0,3,0,0,0,0,0,0,0,0,0,0,,,,,
Allen Lazard,WR,GB,17,DET,0,0,0,0,0,0,0,0,4,69,1,8,0,0,0,0,0,0,0,0,0,0,,,,,
Allen Robinson,WR,CHI,17,MIN,0,0,0,0,0,2,0,1,9,71,0,12,0,0,0,0,0,0,0,0,0,0,,,,,
Alvin Kamara,RB,NO,17,CAR,0,0,0,0,0,39,2,8,2,18,0,3,0,0,0,0,0,0,0,0,0,0,,,,,
Amari Cooper,WR,DAL,17,WAS,0,0,0,0,0,6,0,1,4,92,0,5,0,0,0,0,0,0,0,0,0,0,,,,,
Ameer Abdullah,RB,MIN,17,CHI,0,0,0,0,0,22,0,6,3,14,0,4,0,0,0,0,0,0,0,0,0,0,,,,,
Andre Patton,WR,LAC,17,KC,0,0,0,0,0,0,0,0,0,0,0,3,0,0,0,0,0,0,0,0,0,0,,,,,
Andy Dalton,QB,CIN,17,CLE,190,1,28,16,1,10,1,8,0,0,0,0,0,0,0,0,0,0,0,0,0,0,,,,,
Anthony Firkser,TE,TEN,17,HOU,0,0,0,0,0,0,0,0,1,5,0,2,0,0,0,0,0,0,0,0,0,0,,,,,
Anthony Miller,WR,CHI,17,MIN,0,0,0,0,0,0,0,0,1,5,0,1,0,0,0,0,0,0,0,0,0,0,,,,,
Ashton Dulin,WR,IND,17,JAX,0,0,0,0,0,0,0,0,0,0,0,0,0,0,0,0,0,0,0,0,0,0,,,,,
Austin Ekeler,RB,LAC,17,KC,0,0,0,0,0,46,0,9,9,43,0,11,0,0,0,0,0,0,0,0,0,0,,,,,
Austin Hooper,TE,ATL,17,TB,0,0,0,0,0,0,0,0,7,45,0,9,0,0,0,0,0,0,0,0,0,0,,,,,
Austin Seibert,K,CLE,17,CIN,0,0,0,0,0,0,0,0,0,0,0,0,0,0,0,0,0,0,1,0,0,2,,,,,
BAL,DEF,BAL,17,PIT,,,,,,,,,,,,,,,,,,,,,,,0,1,0,0,10.0
BUF,DEF,BUF,17,NYJ,,,,,,,,,,,,,,,,,,,,,,,0,0,0,0,13.0
Baker Mayfield,QB,CLE,17,CIN,279,3,27,12,3,29,0,4,0,0,0,0,0,0,0,0,0,0,0,0,0,0,,,,,
Benjamin Watson,TE,NE,17,MIA,0,0,0,0,0,0,0,0,1,4,0,1,0,0,0,0,0,0,0,0,0,0,,,,,
Benny Snell,RB,PIT,17,BAL,0,0,0,0,0,91,1,18,0,0,0,0,0,0,0,0,0,0,0,0,0,0,,,,,
Bilal Powell,RB,NYJ,17,BUF,0,0,0,0,0,27,0,7,0,0,0,0,0,0,0,0,0,0,0,0,0,0,,,,,
Bisi Johnson,WR,MIN,17,CHI,0,0,0,0,0,0,0,0,3,34,0,4,0,0,0,0,0,0,0,0,0,0,,,,,
Blake Bell,TE,KC,17,LAC,0,0,0,0,0,0,0,0,1,1,0,2,0,0,0,0,0,0,0,0,0,0,,,,,
Blake Jarwin,TE,DAL,17,WAS,0,0,0,0,0,0,0,0,0,0,0,1,0,0,0,0,0,0,0,0,0,0,,,,,
Bo Scarbrough,RB,DET,17,GB,0,0,0,0,0,42,0,9,0,0,0,0,0,0,0,0,0,0,0,0,0,0,,,,,
Boston Scott,RB,PHI,17,NYG,0,0,0,0,0,54,3,19,4,84,0,6,0,0,0,0,0,0,0,0,0,0,,,,,
Brandin Cooks,WR,LA,17,ARI,0,0,0,0,0,0,0,0,3,40,0,5,0,0,0,0,0,0,0,0,0,0,,,,,
Brandon Bolden,RB,NE,17,MIA,0,0,0,0,0,0,0,0,0,0,0,0,0,0,0,0,0,0,0,0,0,0,,,,,
Brandon McManus,K,DEN,17,LV,0,0,0,0,0,0,0,0,0,0,0,0,0,0,0,0,0,0,2,1,0,1,,,,,
Brandon Zylstra,WR,CAR,17,NO,0,0,0,0,0,0,0,0,6,96,0,8,0,0,0,0,0,0,0,0,0,0,,,,,
Braxton Berrios,WR,NYJ,17,BUF,0,0,0,0,0,0,0,0,1,11,0,2,0,0,0,0,0,0,0,0,0,0,,,,,
Breshad Perriman,WR,TB,17,ATL,0,0,0,0,0,0,0,0,5,134,1,8,0,0,0,0,0,0,0,0,0,0,,,,,
Brett Hundley,QB,ARI,17,LA,0,0,1,1,0,6,0,1,0,0,0,0,0,0,0,0,0,0,0,0,0,0,,,,,
Brian Hill,RB,ATL,17,TB,0,0,0,0,0,21,0,5,0,0,0,0,0,0,0,0,0,0,0,0,0,0,,,,,
Buddy Howell,RB,HOU,17,TEN,0,0,0,0,0,5,0,3,0,0,0,0,0,0,0,0,0,0,0,0,0,0,,,,,
C.J. Uzomah,TE,CIN,17,CLE,0,0,0,0,0,0,0,0,5,25,1,6,0,0,0,0,0,0,0,0,0,0,,,,,
CAR,DEF,CAR,17,NO,,,,,,,,,,,,,,,,,,,,,,,0,0,0,0,42.0
CHI,DEF,CHI,17,MIN,,,,,,,,,,,,,,,,,,,,,,,0,1,0,0,19.0
CIN,DEF,CIN,17,CLE,,,,,,,,,,,,,,,,,,,,,,,0,0,0,0,23.0
CLE,DEF,CLE,17,CIN,,,,,,,,,,,,,,,,,,,,,,,0,0,0,0,33.0
Cam Sims,WR,WAS,17,DAL,0,0,0,0,0,0,0,0,1,12,0,2,0,0,0,0,0,0,0,0,0,0,,,,,
Cameron Brate,TE,TB,17,ATL,0,0,0,0,0,0,0,0,1,2,1,3,0,0,0,0,0,0,0,0,0,0,,,,,
Carlos Hyde,RB,HOU,17,TEN,0,0,0,0,0,13,0,4,0,0,0,0,0,0,0,0,0,0,0,0,0,0,,,,,
Carson Wentz,QB,PHI,17,NYG,289,1,40,23,0,15,0,3,0,0,0,0,0,0,0,0,0,0,0,0,0,0,,,,,
Case Keenum,QB,WAS,17,DAL,206,1,37,18,1,0,0,0,0,0,0,0,0,0,0,0,0,0,0,0,0,0,,,,,
Cethan Carter,TE,CIN,17,CLE,0,0,0,0,0,0,0,0,0,0,0,1,0,0,0,0,0,0,0,0,0,0,,,,,
Charles Jones,TE,JAX,17,IND,0,0,0,0,0,0,0,0,1,5,0,1,0,0,0,0,0,0,0,0,0,0,,,,,
Chase Edmonds,RB,ARI,17,LA,0,0,0,0,0,-1,0,1,0,0,0,0,0,0,0,0,0,0,0,0,0,0,,,,,
Chase McLaughlin,K,IND,17,JAX,0,0,0,0,0,0,0,0,0,0,0,0,0,0,0,0,1,0,0,1,0,2,,,,,
Chris Boswell,K,PIT,17,BAL,0,0,0,0,0,0,0,0,0,0,0,0,0,0,0,0,1,0,0,0,0,1,,,,,
Chris Conley,WR,JAX,17,IND,0,0,0,0,0,0,0,0,3,38,0,6,0,0,0,0,0,0,0,0,0,0,,,,,
Chris Hogan,WR,CAR,17,NO,0,0,0,0,0,0,0,0,2,14,0,4,0,0,0,0,0,0,0,0,0,0,,,,,
Chris Lacy,WR,DET,17,GB,0,0,0,0,0,0,0,0,2,12,0,7,0,0,0,0,0,0,0,0,0,0,,,,,
Chris Moore,WR,BAL,17,PIT,0,0,0,0,0,0,0,1,0,0,0,0,0,0,0,0,0,0,0,0,0,0,,,,,
Chris Thompson,RB,WAS,17,DAL,0,0,0,0,0,11,0,3,1,0,0,3,0,0,0,0,0,0,0,0,0,0,,,,,
Christian Blake,WR,ATL,17,TB,0,0,0,0,0,0,0,0,0,0,0,2,0,0,0,0,0,0,0,0,0,0,,,,,
Christian Kirk,WR,ARI,17,LA,0,0,0,0,0,6,0,1,7,60,0,10,0,0,0,0,0,0,0,0,0,0,,,,,
Christian McCaffrey,RB,CAR,17,NO,0,0,0,0,0,26,1,9,7,72,0,10,0,0,0,0,0,0,0,0,0,0,,,,,
Cody Latimer,WR,NYG,17,PHI,0,0,0,0,0,0,0,0,2,12,0,3,0,0,0,0,0,0,0,0,0,0,,,,,
Cooper Kupp,WR,LA,17,ARI,0,0,0,0,0,0,0,0,7,99,1,10,0,0,0,0,0,0,0,0,0,0,,,,,
Cordarrelle Patterson,RB,CHI,17,MIN,0,0,0,0,0,14,0,2,0,0,0,0,0,0,0,0,0,0,0,0,0,0,,,,,
Corey Davis,WR,TEN,17,HOU,0,0,0,0,0,0,0,0,4,44,0,5,0,0,0,0,0,0,0,0,0,0,,,,,
Courtland Sutton,WR,DEN,17,LV,0,0,0,0,0,0,0,0,4,52,0,8,0,0,0,0,0,0,0,0,0,0,,,,,
Curtis Samuel,WR,CAR,17,NO,0,0,0,0,0,0,0,0,2,13,0,4,0,0,0,0,0,0,0,0,0,0,,,,,
Cyril Grayson,WR,TB,17,ATL,0,0,0,0,0,0,0,0,1,3,0,1,0,0,0,0,0,0,0,0,0,0,,,,,
D'Ernest Johnson,RB,CLE,17,CIN,0,0,0,0,0,0,0,0,0,0,0,0,0,0,0,0,0,0,0,0,0,0,,,,,
DAL,DEF,DAL,17,WAS,,,,,,,,,,,,,,,,,,,,,,,0,0,0,0,16.0
DEN,DEF,DEN,17,LV,,,,,,,,,,,,,,,,,,,,,,,0,0,0,0,15.0
DET,DEF,DET,17,GB,,,,,,,,,,,,,,,,,,,,,,,0,0,0,0,23.0
DJ Chark,WR,JAX,17,IND,0,0,0,0,0,0,0,0,4,34,0,5,0,0,0,0,0,0,0,0,0,0,,,,,
DK Metcalf,WR,SEA,17,SF,0,0,0,0,0,0,0,0,6,81,1,12,0,0,0,0,0,0,0,0,0,0,,,,,
Da'Mari Scott,WR,NYG,17,PHI,0,0,0,0,0,0,0,0,0,0,0,0,0,0,0,0,0,0,0,0,0,0,,,,,
DaeSean Hamilton,WR,DEN,17,LV,0,0,0,0,0,0,0,0,5,65,0,6,0,0,0,0,0,0,0,0,0,0,,,,,
Dak Prescott,QB,DAL,17,WAS,303,4,33,23,0,35,0,3,0,0,0,0,0,0,0,0,0,0,0,0,0,0,,,,,
Dallas Goedert,TE,PHI,17,NYG,0,0,0,0,0,0,0,0,4,65,0,10,0,0,0,0,0,0,0,0,0,0,,,,,
Damien Williams,RB,KC,17,LAC,0,0,0,0,0,124,2,12,4,30,0,7,0,0,0,0,0,0,0,0,0,0,,,,,
Damiere Byrd,WR,ARI,17,LA,0,0,0,0,0,0,0,0,7,74,1,8,0,0,0,0,0,0,0,0,0,0,,,,,
Damion Ratley,WR,CLE,17,CIN,0,0,0,0,0,0,0,0,2,64,1,3,0,0,0,0,0,0,0,0,0,0,,,,,
Dan Arnold,TE,ARI,17,LA,0,0,0,0,0,0,0,0,4,76,1,6,0,0,0,0,0,0,0,0,0,0,,,,,
Dan Bailey,K,MIN,17,CHI,0,0,0,0,0,0,0,0,0,0,0,0,0,0,0,0,0,4,0,0,0,1,,,,,
Daniel Brown,TE,NYJ,17,BUF,0,0,0,0,0,0,0,0,3,32,0,4,0,0,0,0,0,0,0,0,0,0,,,,,
Daniel Carlson,K,LV,17,DEN,0,0,0,0,0,0,0,0,0,0,0,0,0,0,0,0,2,1,0,0,0,0,,,,,
Daniel Jones,QB,NYG,17,PHI,301,1,47,28,1,26,0,3,0,0,0,0,0,0,0,0,0,0,0,0,0,0,,,,,
Danny Amendola,WR,DET,17,GB,19,1,1,1,0,0,0,0,2,16,0,4,0,0,0,0,0,0,0,0,0,0,,,,,
Dare Ogunbowale,RB,TB,17,ATL,0,0,0,0,0,4,0,1,0,0,0,0,0,0,0,0,0,0,0,0,0,0,,,,,
Darius Jennings,WR,TEN,17,HOU,0,0,0,0,0,0,0,0,0,0,0,0,0,0,0,0,0,0,0,0,0,0,,,,,
Darius Slayton,WR,NYG,17,PHI,0,0,0,0,0,0,0,0,4,50,0,9,0,0,0,0,0,0,0,0,0,0,,,,,
Darren Waller,TE,LV,17,DEN,0,0,0,0,0,0,0,0,6,107,0,10,0,0,0,0,0,0,0,0,0,0,,,,,
Darvin Kidsy,WR,WAS,17,DAL,0,0,0,0,0,0,0,0,0,0,0,0,0,0,0,0,0,0,0,0,0,0,,,,,
Darwin Thompson,RB,KC,17,LAC,0,0,0,0,0,17,0,4,1,-4,0,1,0,0,0,0,0,0,0,0,0,0,,,,,
Davante Adams,WR,GB,17,DET,0,0,0,0,0,0,0,0,7,93,1,13,0,0,0,0,0,0,0,0,0,0,,,,,
David Blough,QB,DET,17,GB,122,0,29,12,1,11,0,2,1,19,1,1,0,0,0,0,0,0,0,0,0,0,,,,,
David Montgomery,RB,CHI,17,MIN,0,0,0,0,0,113,1,23,0,0,0,0,0,0,0,0,0,0,0,0,0,0,,,,,
David Moore,WR,SEA,17,SF,0,0,0,0,0,0,0,0,2,30,0,2,0,0,0,0,0,0,0,0,0,0,,,,,
De'Anthony Thomas,WR,BAL,17,PIT,0,0,0,0,0,1,0,1,0,0,0,0,0,0,0,0,0,0,0,0,0,0,,,,,
DeAndre Carter,WR,HOU,17,TEN,0,0,0,0,0,0,0,0,6,65,0,7,0,0,0,0,0,0,0,0,0,0,,,,,
DeAndre Washington,RB,LV,17,DEN,0,0,0,0,0,77,0,17,8,55,0,9,0,0,0,0,0,0,0,0,0,0,,,,,
DeAndrew White,WR,CAR,17,NO,0,0,0,0,0,0,0,0,2,31,0,5,0,0,0,0,0,0,0,0,0,0,,,,,
DeVante Parker,WR,MIA,17,NE,0,0,0,0,0,0,0,0,8,137,0,11,0,0,0,0,0,0,0,0,0,0,,,,,
Dede Westbrook,WR,JAX,17,IND,0,0,0,0,0,0,0,0,7,72,1,8,0,0,1,0,0,0,0,0,0,0,,,,,
Deebo Samuel Sr.,WR,SF,17,SEA,0,0,0,0,0,33,1,2,5,102,0,5,0,0,0,0,0,0,0,0,0,0,,,,,
Demarcus Robinson,WR,KC,17,LAC,0,0,0,0,0,0,0,0,1,24,1,2,0,0,0,0,0,0,0,0,0,0,,,,,
Demetrius Harris,TE,CLE,17,CIN,0,0,0,0,0,0,0,0,0,0,0,1,0,0,0,0,0,0,0,0,0,0,,,,,
Deontay Burnett,WR,PHI,17,NYG,0,0,0,0,0,0,0,0,2,48,0,4,0,0,0,0,0,0,0,0,0,0,,,,,
Deonte Harty,WR,NO,17,CAR,0,0,0,0,0,13,0,2,0,0,0,0,0,0,0,0,0,0,0,0,0,0,,,,,
Derek Carr,QB,LV,17,DEN,391,1,46,29,0,0,0,1,0,0,0,0,0,0,0,0,0,0,0,0,0,0,,,,,
Derek Carrier,TE,LV,17,DEN,0,0,0,0,0,0,0,0,1,4,0,1,0,0,0,0,0,0,0,0,0,0,,,,,
Derrick Henry,RB,TEN,17,HOU,0,0,0,0,0,211,3,32,0,0,0,0,0,0,0,0,0,0,0,0,0,0,,,,,
Devine Ozigbo,RB,JAX,17,IND,0,0,0,0,0,27,0,9,3,23,0,5,0,0,0,0,0,0,0,0,0,0,,,,,
Devlin Hodges,QB,PIT,17,BAL,95,0,25,9,0,-1,0,1,0,0,0,0,0,0,0,0,0,0,0,0,0,0,,,,,
Devonta Freeman,RB,ATL,17,TB,0,0,0,0,0,58,0,18,2,15,0,4,0,0,0,0,0,0,0,0,0,0,,,,,
Devontae Booker,RB,DEN,17,LV,0,0,0,0,0,0,0,0,2,17,0,2,0,0,0,0,0,0,0,0,0,0,,,,,
Dexter Williams,RB,GB,17,DET,0,0,0,0,0,9,0,2,0,0,0,0,0,0,0,0,0,0,0,0,0,0,,,,,
Dion Lewis,RB,TEN,17,HOU,0,0,0,0,0,7,0,1,0,0,0,0,0,0,0,0,0,0,0,0,0,0,,,,,
Diontae Johnson,WR,PIT,17,BAL,0,0,0,0,0,0,0,0,4,54,0,7,0,0,0,0,0,0,0,0,0,0,,,,,
Diontae Spencer,WR,DEN,17,LV,0,0,0,0,0,-8,0,1,0,0,0,0,0,0,0,0,0,0,0,0,0,0,,,,,
Dontrelle Inman,WR,IND,17,JAX,0,0,0,0,0,0,0,0,1,6,0,3,0,0,0,0,0,0,0,0,0,0,,,,,
Drew Brees,QB,NO,17,CAR,253,3,30,19,0,-1,0,1,0,0,0,0,0,0,0,0,0,0,0,0,0,0,,,,,
Drew Lock,QB,DEN,17,LV,177,1,28,17,0,29,0,6,0,0,0,0,0,0,0,0,0,0,0,0,0,0,,,,,
Duke Johnson,RB,HOU,17,TEN,0,0,0,0,0,12,1,4,5,45,0,6,0,0,0,0,0,0,0,0,0,0,,,,,
Duke Williams,WR,BUF,17,NYJ,0,0,0,0,0,0,0,0,6,108,0,12,0,0,0,0,0,0,0,0,0,0,,,,,
Durham Smythe,TE,MIA,17,NE,0,0,0,0,0,0,0,0,1,8,0,3,0,0,0,0,0,0,0,0,0,0,,,,,
Dustin Hopkins,K,WAS,17,DAL,0,0,0,0,0,0,0,0,0,0,0,0,0,0,0,0,1,1,1,0,0,1,,,,,
Dwayne Washington,RB,NO,17,CAR,0,0,0,0,0,2,0,2,0,0,0,0,0,0,0,0,0,0,0,0,0,0,,,,,
Eddy Pineiro,K,CHI,17,MIN,0,0,0,0,0,0,0,0,0,0,0,0,0,0,0,0,2,2,0,0,0,1,,,,,
Emmanuel Sanders,WR,SF,17,SEA,0,0,0,0,0,0,0,0,3,25,0,4,0,0,0,0,0,0,0,0,0,0,,,,,
Eric Saubert,TE,CHI,17,MIN,0,0,0,0,0,0,0,0,1,10,0,1,0,0,0,0,0,0,0,0,0,0,,,,,
Ezekiel Elliott,RB,DAL,17,WAS,0,0,0,0,0,122,1,18,3,2,1,5,0,0,0,0,0,0,0,0,0,0,,,,,
Frank Gore,RB,BUF,17,NYJ,0,0,0,0,0,26,0,6,3,16,0,4,0,0,0,0,0,0,0,0,0,0,,,,,
Fred Brown,WR,DEN,17,LV,0,0,0,0,0,0,0,0,0,0,0,0,0,0,0,0,0,0,0,0,0,0,,,,,
GB,DEF,GB,17,DET,,,,,,,,,,,,,,,,,,,,,,,0,0,0,0,20.0
Gardner Minshew,QB,JAX,17,IND,295,3,39,27,1,7,0,5,0,0,0,0,0,0,1,0,0,0,0,0,0,0,,,,,
George Kittle,TE,SF,17,SEA,0,0,0,0,0,7,0,1,7,86,0,7,0,0,0,0,0,0,0,0,0,0,,,,,
Geronimo Allison,WR,GB,17,DET,0,0,0,0,0,0,0,0,3,17,0,4,0,0,0,0,0,0,0,0,0,0,,,,,
Giovani Bernard,RB,CIN,17,CLE,0,0,0,0,0,4,0,3,0,0,0,1,0,0,0,0,0,0,0,0,0,0,,,,,
Golden Tate,WR,NYG,17,PHI,0,0,0,0,0,0,0,0,5,68,1,8,0,0,0,0,0,0,0,0,0,0,,,,,
Greg Joseph,K,TEN,17,HOU,0,0,0,0,0,0,0,0,0,0,0,0,0,0,0,0,0,0,0,0,0,5,,,,,
Greg Olsen,TE,CAR,17,NO,0,0,0,0,0,0,0,0,2,12,0,6,0,0,0,0,0,0,0,0,0,0,,,,,
Greg Ward,WR,PHI,17,NYG,0,0,0,0,0,0,0,0,6,43,0,7,0,0,0,0,0,0,0,0,0,0,,,,,
Greg Zuerlein,K,LA,17,ARI,0,0,0,0,0,0,0,0,0,0,0,0,0,0,0,0,0,0,1,0,0,4,,,,,
Gus Edwards,RB,BAL,17,PIT,0,0,0,0,0,130,0,21,1,2,0,1,0,0,0,0,0,0,0,0,0,0,,,,,
HOU,DEF,HOU,17,TEN,,,,,,,,,,,,,,,,,,,,,,,0,0,0,0,35.0
Hale Hentges,TE,WAS,17,DAL,0,0,0,0,0,0,0,0,4,62,0,7,0,0,0,0,0,0,0,0,0,0,,,,,
Harrison Butker,K,KC,17,LAC,0,0,0,0,0,0,0,0,0,0,0,0,0,0,0,0,0,0,1,0,0,4,,,,,
Hayden Hurst,TE,BAL,17,PIT,0,0,0,0,0,0,0,0,2,35,0,2,0,0,0,0,0,0,0,0,0,0,,,,,
Hunter Henry,TE,LAC,17,KC,0,0,0,0,0,0,0,0,5,42,1,6,0,0,0,0,0,0,0,0,0,0,,,,,
Hunter Renfrow,WR,LV,17,DEN,0,0,0,0,0,0,0,0,6,102,1,9,0,0,0,0,0,0,0,0,0,0,,,,,
IND,DEF,IND,17,JAX,,,,,,,,,,,,,,,,,,,,,,,0,0,0,0,38.0
Ian Thomas,TE,CAR,17,NO,0,0,0,0,0,0,0,0,1,12,0,5,0,0,0,0,0,0,0,0,0,0,,,,,
Irv Smith,TE,MIN,17,CHI,0,0,0,0,0,0,0,0,1,11,0,2,0,0,0,0,0,0,0,0,0,0,,,,,
Isaiah Ford,WR,MIA,17,NE,0,0,0,0,0,11,0,1,7,54,0,9,0,0,0,0,0,0,0,0,0,0,,,,,
Isaiah McKenzie,WR,BUF,17,NYJ,0,0,0,0,0,30,0,2,2,7,0,5,0,0,0,0,0,0,0,0,0,0,,,,,
J.D. McKissic,RB,DET,17,GB,0,0,0,0,0,0,0,0,1,4,0,2,0,0,0,0,0,0,0,0,0,0,,,,,
JAX,DEF,JAX,17,IND,,,,,,,,,,,,,,,,,,,,,,,0,0,0,0,20.0
Jace Sternberger,TE,GB,17,DET,0,0,0,0,0,0,0,0,0,0,0,0,0,0,0,0,0,0,0,0,0,0,,,,,
Jack Doyle,TE,IND,17,JAX,0,0,0,0,0,0,0,0,1,6,0,4,0,0,0,0,0,0,0,0,0,0,,,,,
Jacob Hollister,TE,SEA,17,SF,0,0,0,0,0,0,0,0,4,25,0,8,0,0,0,0,0,0,0,0,0,0,,,,,
Jacoby Brissett,QB,IND,17,JAX,162,0,25,12,0,17,0,4,0,0,0,0,0,0,0,0,0,0,0,0,0,0,,,,,
Jake Elliott,K,PHI,17,NYG,0,0,0,0,0,0,0,0,0,0,0,0,0,0,0,0,0,1,0,1,0,4,,,,,
Jake Kumerow,WR,GB,17,DET,0,0,0,0,0,0,0,0,1,7,0,2,0,0,0,0,0,0,0,0,0,0,,,,,
Jaleel Scott,WR,BAL,17,PIT,0,0,0,0,0,0,0,0,1,6,0,3,0,0,0,0,0,0,0,0,0,0,,,,,
Jalen Richard,RB,LV,17,DEN,0,0,0,0,0,20,0,3,2,39,0,2,0,0,0,0,0,0,0,0,0,0,,,,,
Jamal Agnew,WR,DET,17,GB,0,0,0,0,0,0,0,0,1,-2,0,2,0,0,0,0,0,0,0,0,0,0,,,,,
Jameis Winston,QB,TB,17,ATL,201,2,24,13,2,5,0,2,0,0,0,0,0,0,1,0,0,0,0,0,0,0,,,,,
James Washington,WR,PIT,17,BAL,0,0,0,0,0,0,0,0,0,0,0,3,0,0,0,0,0,0,0,0,0,0,,,,,
James White,RB,NE,17,MIA,0,0,0,0,0,4,0,2,3,33,1,3,0,0,0,0,0,0,0,0,0,0,,,,,
Jamison Crowder,WR,NYJ,17,BUF,0,0,0,0,0,0,0,0,8,66,1,10,0,0,0,0,0,0,0,0,0,0,,,,,
Jared Cook,TE,NO,17,CAR,0,0,0,0,0,0,0,0,2,44,1,2,0,0,0,0,0,0,0,0,0,0,,,,,
Jared Goff,QB,LA,17,ARI,319,3,45,29,0,4,0,2,0,0,0,0,0,0,0,0,0,0,0,0,0,0,,,,,
Jarius Wright,WR,CAR,17,NO,0,0,0,0,0,0,0,0,2,10,0,5,0,0,0,0,0,0,0,0,0,0,,,,,
Jaron Brown,WR,SEA,17,SF,0,0,0,0,0,0,0,0,0,0,0,2,0,0,0,0,0,0,0,0,0,0,,,,,
Jarvis Landry,WR,CLE,17,CIN,0,0,0,0,0,0,0,0,2,82,1,6,0,0,0,0,0,0,0,0,0,0,,,,,
Jason Moore,WR,LAC,17,KC,0,0,0,0,0,0,0,0,0,0,0,1,0,0,0,0,0,0,0,0,0,0,,,,,
Jason Myers,K,SEA,17,SF,0,0,0,0,0,0,0,0,0,0,0,0,0,0,0,0,0,0,0,0,0,3,,,,,
Jason Sanders,K,MIA,17,NE,0,0,0,0,0,0,0,0,0,0,0,0,0,0,0,0,1,1,0,0,0,3,,,,,
Jason Witten,TE,DAL,17,WAS,0,0,0,0,0,0,0,0,4,24,0,4,0,0,0,0,0,0,0,0,0,0,,,,,
Javon Wims,WR,CHI,17,MIN,0,0,0,0,0,0,0,0,3,23,0,7,0,0,0,0,0,0,0,0,0,0,,,,,
Javorius Allen,RB,NYG,17,PHI,0,0,0,0,0,4,0,1,1,9,0,2,0,0,0,0,0,0,0,0,0,0,,,,,
Jaydon Mickens,WR,TB,17,ATL,0,0,0,0,0,0,0,0,0,0,0,0,0,0,0,0,0,0,0,0,0,0,,,,,
Jaylen Samuels,RB,PIT,17,BAL,0,0,0,0,0,0,0,0,1,16,0,2,0,0,0,0,0,0,0,0,0,0,,,,,
Jeremy Sprinkle,TE,WAS,17,DAL,0,0,0,0,0,0,0,0,3,18,0,6,0,0,0,0,0,0,0,0,0,0,,,,,
Jesse James,TE,DET,17,GB,0,0,0,0,0,0,0,0,2,5,0,3,0,0,0,0,0,0,0,0,0,0,,,,,
Jimmy Garoppolo,QB,SF,17,SEA,285,0,22,18,0,4,0,2,0,0,0,0,0,0,0,0,0,0,0,0,0,0,,,,,
Jimmy Graham,TE,GB,17,DET,0,0,0,0,0,0,0,0,4,49,0,7,0,0,0,0,0,0,0,0,0,0,,,,,
Joe Mixon,RB,CIN,17,CLE,0,0,0,0,0,162,2,26,1,14,0,1,0,0,0,0,0,0,0,0,0,0,,,,,
Joey Slye,K,CAR,17,NO,0,0,0,0,0,0,0,0,0,0,0,0,0,0,0,0,1,0,0,0,0,1,,,,,
John Franklin,WR,TB,17,ATL,0,0,0,0,0,11,0,1,0,0,0,0,0,0,0,0,0,0,0,0,0,0,,,,,
John Ross,WR,CIN,17,CLE,0,0,0,0,0,-2,0,1,2,42,0,5,0,0,0,0,0,0,0,0,0,0,,,,,
John Ursua,WR,SEA,17,SF,0,0,0,0,0,0,0,0,1,11,0,1,0,0,0,0,0,0,0,0,0,0,,,,,
Johnny Mundt,TE,LA,17,ARI,0,0,0,0,0,0,0,0,1,2,0,1,0,0,0,0,0,0,0,0,0,0,,,,,
Jonnu Smith,TE,TEN,17,HOU,0,0,0,0,0,7,0,1,0,0,0,0,0,0,0,0,0,0,0,0,0,0,,,,,
Jordan Akins,TE,HOU,17,TEN,0,0,0,0,0,0,0,0,5,54,0,7,0,0,0,0,0,0,0,0,0,0,,,,,
Josh Allen,QB,BUF,17,NYJ,5,0,5,3,0,0,0,0,0,0,0,0,0,0,0,0,0,0,0,0,0,0,,,,,
Josh Hill,TE,NO,17,CAR,0,0,0,0,0,0,0,0,3,35,0,5,0,0,0,0,0,0,0,0,0,0,,,,,
Josh Lambo,K,JAX,17,IND,0,0,0,0,0,0,0,0,0,0,0,0,0,0,0,0,1,0,0,2,0,3,,,,,
Josh Perkins,TE,PHI,17,NYG,0,0,0,0,0,0,0,0,4,50,1,6,0,0,0,0,0,0,0,0,0,0,,,,,
Josh Reynolds,WR,LA,17,ARI,0,0,0,0,0,0,0,0,0,0,0,1,0,0,0,0,0,0,0,0,0,0,,,,,
JuJu Smith-Schuster,WR,PIT,17,BAL,0,0,0,0,0,0,0,0,2,6,0,6,0,0,0,0,0,0,0,0,0,0,,,,,
Julian Edelman,WR,NE,17,MIA,0,0,0,0,0,0,0,0,3,26,0,7,0,0,0,0,0,0,0,0,0,0,,,,,
Julio Jones,WR,ATL,17,TB,0,0,0,0,0,0,0,0,7,78,0,13,0,0,0,0,0,0,0,0,0,0,,,,,
Justice Hill,RB,BAL,17,PIT,0,0,0,0,0,39,1,10,1,10,0,2,0,0,0,0,0,0,0,0,0,0,,,,,
Justin Hardy,WR,ATL,17,TB,0,0,0,0,0,0,0,0,3,40,0,3,0,0,0,0,0,0,0,0,0,0,,,,,
Justin Jackson,RB,LAC,17,KC,0,0,0,0,0,11,0,1,0,0,0,0,0,0,0,0,0,0,0,0,0,0,,,,,
Justin Tucker,K,BAL,17,PIT,0,0,0,0,0,0,0,0,0,0,0,0,0,0,0,0,1,0,3,0,0,2,,,,,
Justin Watson,WR,TB,17,ATL,0,0,0,0,0,0,0,0,2,27,0,4,0,0,0,0,0,0,0,0,0,0,,,,,
KC,DEF,KC,17,LAC,,,,,,,,,,,,,,,,,,,,,,,0,0,0,0,21.0
Ka'imi Fairbairn,K,HOU,17,TEN,0,0,0,0,0,0,0,0,0,0,0,0,0,0,0,0,0,0,0,0,0,2,,,,,
Kaden Smith,TE,NYG,17,PHI,0,0,0,0,0,0,0,0,8,98,0,11,0,0,0,0,0,0,0,0,0,0,,,,,
Kai Forbath,K,DAL,17,WAS,0,0,0,0,0,0,0,0,0,0,0,0,0,0,0,0,1,0,3,0,0,5,,,,,
Kareem Hunt,RB,CLE,17,CIN,0,0,0,0,0,4,0,3,3,32,0,4,0,0,0,0,0,0,0,0,0,0,,,,,
Keelan Cole,WR,JAX,17,IND,0,0,0,0,0,0,0,0,3,67,1,4,0,0,0,0,0,0,0,0,0,0,,,,,
Keenan Allen,WR,LAC,17,KC,0,0,0,0,0,0,0,0,9,82,1,10,0,0,0,0,0,0,0,0,0,0,,,,,
Keke Coutee,WR,HOU,17,TEN,0,0,0,0,0,0,0,0,1,7,0,3,0,0,0,0,0,0,0,0,0,0,,,,,
Kelvin Harmon,WR,WAS,17,DAL,0,0,0,0,0,0,0,0,3,33,0,5,0,0,0,0,0,0,0,0,0,0,,,,,
Kendrick Bourne,WR,SF,17,SEA,0,0,0,0,0,0,0,0,0,0,0,0,0,0,0,0,0,0,0,0,0,0,,,,,
Kenjon Barner,RB,ATL,17,TB,0,0,0,0,0,0,0,0,0,0,0,0,0,0,0,0,0,0,0,0,0,0,,,,,
Kenny Golladay,WR,DET,17,GB,0,0,0,0,0,0,0,0,3,72,0,4,0,0,0,0,0,0,0,0,0,0,,,,,
Kenyan Drake,RB,ARI,17,LA,0,0,0,0,0,60,1,12,3,23,0,4,0,0,0,0,0,0,0,0,0,0,,,,,
Kerrith Whyte,RB,PIT,17,BAL,0,0,0,0,0,1,0,3,0,0,0,0,0,0,0,0,0,0,0,0,0,0,,,,,
Kerryon Johnson,RB,DET,17,GB,0,0,0,0,0,53,1,11,0,0,0,0,0,0,0,0,0,0,0,0,0,0,,,,,
KhaDarel Hodge,WR,CLE,17,CIN,0,0,0,0,0,0,0,0,1,19,0,2,0,0,0,0,0,0,0,0,0,0,,,,,
Kyle Allen,QB,CAR,17,NO,295,0,41,25,1,5,0,2,0,0,0,0,0,0,0,0,0,0,0,0,0,0,,,,,
Kyle Juszczyk,RB,SF,17,SEA,0,0,0,0,0,0,0,0,1,49,0,1,0,0,0,0,0,0,0,0,0,0,,,,,
Kyler Murray,QB,ARI,17,LA,325,2,42,26,2,0,0,2,0,0,0,0,0,0,0,0,0,0,0,0,0,0,,,,,
LA,DEF,LA,17,ARI,,,,,,,,,,,,,,,,,,,,,,,0,0,0,0,24.0
LAC,DEF,LAC,17,KC,,,,,,,,,,,,,,,,,,,,,,,0,0,0,0,31.0
LV,DEF,LV,17,DEN,,,,,,,,,,,,,,,,,,,,,,,0,0,0,0,0.0
Laquon Treadwell,WR,MIN,17,CHI,0,0,0,0,0,0,0,0,0,0,0,2,0,0,0,0,0,0,0,0,0,0,,,,,
Larry Fitzgerald,WR,ARI,17,LA,0,0,0,0,0,0,0,0,4,45,0,7,0,0,0,0,0,0,0,0,0,0,,,,,
Latavius Murray,RB,NO,17,CAR,0,0,0,0,0,61,0,17,1,14,0,1,0,0,0,0,0,0,0,0,0,0,,,,,
Le'Veon Bell,RB,NYJ,17,BUF,0,0,0,0,0,41,0,16,5,36,0,5,0,0,0,0,0,0,0,0,0,0,,,,,
Logan Thomas,TE,DET,17,GB,0,0,0,0,0,0,0,0,1,15,0,3,0,0,0,0,0,0,0,0,0,0,,,,,
Luke Stocker,TE,ATL,17,TB,0,0,0,0,0,0,0,0,1,10,0,1,0,0,0,0,0,0,0,0,0,0,,,,,
MIA,DEF,MIA,17,NE,,,,,,,,,,,,,,,,,,,,,,,1,0,0,0,24.0
MIN,DEF,MIN,17,CHI,,,,,,,,,,,,,,,,,,,,,,,0,0,0,0,21.0
Mack Hollins,WR,MIA,17,NE,0,0,0,0,0,0,0,0,0,0,0,0,0,0,0,0,0,0,0,0,0,0,,,,,
Malcolm Brown,RB,LA,17,ARI,0,0,0,0,0,26,1,9,1,6,0,1,0,0,0,0,0,0,0,0,0,0,,,,,
Marcedes Lewis,TE,GB,17,DET,0,0,0,0,0,0,0,0,1,12,0,1,0,0,0,0,0,0,0,0,0,0,,,,,
Marcell Ateman,WR,LV,17,DEN,0,0,0,0,0,0,0,0,3,46,0,7,0,0,0,0,0,0,0,0,0,0,,,,,
Marcus Johnson,WR,IND,17,JAX,0,0,0,0,0,0,0,0,2,31,0,4,0,0,0,0,0,0,0,0,0,0,,,,,
Marcus Mariota,QB,TEN,17,HOU,24,0,1,1,0,0,0,0,0,0,0,0,0,0,0,0,0,0,0,0,0,0,,,,,
Marlon Mack,RB,IND,17,JAX,0,0,0,0,0,77,2,15,0,0,0,1,0,0,0,0,0,0,0,0,0,0,,,,,
Marquez Valdes-Scantling,WR,GB,17,DET,0,0,0,0,0,0,0,0,2,19,0,7,0,0,0,0,0,0,0,0,0,0,,,,,
Marquise Brown,WR,BAL,17,PIT,0,0,0,0,0,0,0,0,2,15,0,2,0,0,0,0,0,0,0,0,0,0,,,,,
Marshawn Lynch,RB,SEA,17,SF,0,0,0,0,0,34,1,12,0,0,0,0,0,0,0,0,0,0,0,0,0,0,,,,,
Mason Crosby,K,GB,17,DET,0,0,0,0,0,0,0,0,0,0,0,0,0,0,0,0,0,2,1,0,0,2,,,,,
Matt Barkley,QB,BUF,17,NYJ,232,0,35,18,2,-4,0,2,0,0,0,0,0,0,0,0,0,0,0,0,0,0,,,,,
Matt Breida,RB,SF,17,SEA,0,0,0,0,0,16,0,4,0,0,0,1,0,0,0,0,0,0,0,0,0,0,,,,,
Matt Gay,K,TB,17,ATL,0,0,0,0,0,0,0,0,0,0,0,0,0,0,0,0,0,0,0,0,0,2,,,,,
Matt Prater,K,DET,17,GB,0,0,0,0,0,0,0,0,0,0,0,0,0,0,0,0,0,0,1,1,0,2,,,,,
Matt Ryan,QB,ATL,17,TB,313,1,51,30,0,0,0,2,0,0,0,0,0,0,0,0,0,0,0,0,0,0,,,,,
Maxx Williams,TE,ARI,17,LA,0,0,0,0,0,0,0,0,1,23,0,2,0,0,0,0,0,0,0,0,0,0,,,,,
Mecole Hardman,WR,KC,17,LAC,0,0,0,0,0,0,0,0,1,30,0,1,1,0,0,0,0,0,0,0,0,0,,,,,
Melvin Gordon,RB,LAC,17,KC,0,0,0,0,0,46,1,14,6,76,0,7,0,0,0,0,0,0,0,0,0,0,,,,,
Michael Gallup,WR,DAL,17,WAS,0,0,0,0,0,0,0,0,5,98,3,7,0,0,0,0,0,0,0,0,0,0,,,,,
Michael Thomas,WR,NO,17,CAR,0,0,0,0,0,0,0,0,4,37,0,9,0,0,0,0,0,0,0,0,0,0,,,,,
Mike Badgley,K,LAC,17,KC,0,0,0,0,0,0,0,0,0,0,0,0,0,0,0,0,0,0,0,0,0,3,,,,,
Mike Boone,RB,MIN,17,CHI,0,0,0,0,0,148,1,17,2,12,0,3,0,0,0,0,0,0,0,0,0,0,,,,,
Mike Davis,RB,CAR,17,NO,0,0,0,0,0,2,0,2,0,0,0,0,0,0,0,0,0,0,0,0,0,0,,,,,
Mike Gesicki,TE,MIA,17,NE,0,0,0,0,0,0,0,0,4,34,1,7,0,0,0,0,0,0,0,0,0,0,,,,,
Mike Williams,WR,LAC,17,KC,0,0,0,0,0,0,0,0,2,38,0,5,0,0,0,0,0,0,0,0,0,0,,,,,
Miles Boykin,WR,BAL,17,PIT,0,0,0,0,0,0,0,0,0,0,0,2,0,0,0,0,0,0,0,0,0,0,,,,,
Miles Sanders,RB,PHI,17,NYG,0,0,0,0,0,52,0,9,3,-1,0,5,0,0,0,0,0,0,0,0,0,0,,,,,
Mitchell Trubisky,QB,CHI,17,MIN,207,0,37,26,0,1,0,2,0,0,0,0,0,0,0,0,0,0,0,0,0,0,,,,,
Mo Alie-Cox,TE,IND,17,JAX,0,0,0,0,0,0,0,0,1,15,0,1,0,0,0,0,0,0,0,0,0,0,,,,,
Mohamed Sanu,WR,NE,17,MIA,0,0,0,0,0,0,0,0,3,35,0,5,0,0,0,0,0,0,0,0,0,0,,,,,
MyCole Pruitt,TE,TEN,17,HOU,0,0,0,0,0,0,0,0,2,13,1,2,0,0,0,0,0,0,0,0,0,0,,,,,
N'Keal Harry,TE,NE,17,MIA,0,0,0,0,0,9,0,1,3,29,0,7,0,0,0,0,0,0,0,0,0,0,,,,,
NE,DEF,NE,17,MIA,,,,,,,,,,,,,,,,,,,,,,,0,0,0,0,27.0
NO,DEF,NO,17,CAR,,,,,,,,,,,,,,,,,,,,,,,1,0,0,0,10.0
NYG,DEF,NYG,17,PHI,,,,,,,,,,,,,,,,,,,,,,,0,0,0,0,34.0
NYJ,DEF,NYJ,17,BUF,,,,,,,,,,,,,,,,,,,,,,,0,0,0,0,6.0
Nick Boyle,TE,BAL,17,PIT,0,0,0,0,0,0,0,0,1,6,0,2,0,0,0,0,0,0,0,0,0,0,,,,,
Nick Chubb,RB,CLE,17,CIN,0,0,0,0,0,41,0,13,1,1,0,2,0,0,0,0,0,0,0,0,0,0,,,,,
Nick Folk,K,NE,17,MIA,0,0,0,0,0,0,0,0,0,0,0,0,0,0,0,0,1,0,0,0,0,3,,,,,
Noah Fant,TE,DEN,17,LV,0,0,0,0,0,0,0,0,1,4,0,2,0,0,0,0,0,0,0,0,0,0,,,,,
Nsimba Webster,WR,LA,17,ARI,0,0,0,0,0,0,0,0,0,0,0,0,0,0,0,0,0,0,0,0,0,0,,,,,
Nyheim Hines,RB,IND,17,JAX,0,0,0,0,0,34,0,7,3,22,0,5,0,0,0,0,0,0,0,0,0,0,,,,,
O.J. Howard,TE,TB,17,ATL,0,0,0,0,0,0,0,0,0,0,0,0,0,0,0,0,0,0,0,0,0,0,,,,,
Odell Beckham Jr.,WR,CLE,17,CIN,0,0,0,0,0,0,0,0,3,81,1,6,0,0,0,0,0,0,0,0,0,0,,,,,
Olamide Zaccheaus,WR,ATL,17,TB,0,0,0,0,0,0,0,0,2,22,0,2,0,0,0,0,0,0,0,0,0,0,,,,,
PHI,DEF,PHI,17,NYG,,,,,,,,,,,,,,,,,,,,,,,0,0,0,0,17.0
PIT,DEF,PIT,17,BAL,,,,,,,,,,,,,,,,,,,,,,,0,0,0,0,28.0
Patrick Laird,RB,MIA,17,NE,0,0,0,0,0,21,0,11,4,48,0,5,0,0,0,0,0,0,0,0,0,0,,,,,
Patrick Mahomes,QB,KC,17,LAC,174,1,25,16,1,21,0,7,0,0,0,0,0,0,0,0,0,0,0,0,0,0,,,,,
Peyton Barber,RB,TB,17,ATL,0,0,0,0,0,10,0,6,2,25,0,4,0,0,0,0,0,0,0,0,0,0,,,,,
Pharoh Cooper,WR,ARI,17,LA,0,0,0,0,0,0,0,0,1,24,0,2,0,0,0,0,0,0,0,0,0,0,,,,,
Philip Rivers,QB,LAC,17,KC,281,2,46,31,2,5,0,1,0,0,0,0,0,0,0,0,0,0,0,0,0,0,,,,,
Phillip Dorsett,WR,NE,17,MIA,0,0,0,0,0,0,0,0,1,50,0,4,0,0,0,0,0,0,0,0,0,0,,,,,
Phillip Lindsay,RB,DEN,17,LV,0,0,0,0,0,53,0,18,0,0,0,1,0,0,0,0,0,0,0,0,0,0,,,,,
Qadree Ollison,RB,ATL,17,TB,0,0,0,0,0,9,0,4,0,0,0,0,0,0,0,0,0,0,0,0,0,0,,,,,
Raheem Mostert,RB,SF,17,SEA,0,0,0,0,0,57,2,10,1,16,0,2,0,0,0,0,0,0,0,0,0,0,,,,,
Randall Cobb,WR,DAL,17,WAS,0,0,0,0,0,0,0,0,5,81,0,6,0,0,0,0,0,0,0,0,0,0,,,,,
Randy Bullock,K,CIN,17,CLE,0,0,0,0,0,0,0,0,0,0,0,0,0,0,0,0,0,0,2,0,0,3,,,,,
Rashard Davis,WR,TEN,17,HOU,0,0,0,0,0,0,0,0,1,16,0,1,0,0,0,0,0,0,0,0,0,0,,,,,
Reggie Bonnafon,RB,CAR,17,NO,0,0,0,0,0,3,0,2,2,39,0,2,0,0,0,0,0,0,0,0,0,0,,,,,
Rex Burkhead,RB,NE,17,MIA,0,0,0,0,0,48,0,6,1,6,0,1,0,0,0,0,0,0,0,0,0,0,,,,,
Richie James,WR,SF,17,SEA,0,0,0,0,0,0,0,0,0,0,0,0,0,0,0,0,0,0,0,0,0,0,,,,,
Ricky Ortiz,RB,NO,17,CAR,0,0,0,0,0,0,0,0,1,8,0,1,0,0,0,0,0,0,0,0,0,0,,,,,
Rico Gafford,WR,LV,17,DEN,0,0,0,0,0,0,0,0,1,17,0,1,0,0,0,0,0,0,0,0,0,0,,,,,
Riley Ridley,WR,CHI,17,MIN,0,0,0,0,0,0,0,0,3,54,0,4,0,0,0,0,0,0,0,0,0,0,,,,,
Robbie Chosen,WR,NYJ,17,BUF,0,0,0,0,0,0,0,0,3,18,0,7,0,0,0,0,0,0,0,0,0,0,,,,,
Robbie Gould,K,SF,17,SEA,0,0,0,0,0,0,0,0,0,0,0,0,0,0,0,0,0,1,1,0,0,2,,,,,
Robert Davis,WR,PHI,17,NYG,0,0,0,0,0,0,0,0,0,0,0,2,0,0,0,0,0,0,0,0,0,0,,,,,
Robert Foster,WR,BUF,17,NYJ,0,0,0,0,0,0,0,0,0,0,0,4,0,0,0,0,0,0,0,0,0,0,,,,,
Robert Griffin III,QB,BAL,17,PIT,96,0,21,11,1,50,0,8,0,0,0,0,0,0,0,0,0,0,0,0,0,0,,,,,
Robert Tonyan,TE,GB,17,DET,0,0,0,0,0,0,0,0,2,9,0,3,0,0,0,0,0,0,0,0,0,0,,,,,
Robert Woods,WR,LA,17,ARI,0,0,0,0,0,9,0,1,7,67,1,12,0,0,0,0,0,0,0,0,0,0,,,,,
Rod Smith,RB,LV,17,DEN,0,0,0,0,0,0,0,0,0,0,0,0,0,0,0,0,0,0,0,0,0,0,,,,,
Ronald Jones,RB,TB,17,ATL,0,0,0,0,0,106,0,11,2,10,0,2,0,0,0,0,0,0,0,0,0,0,,,,,
Royce Freeman,RB,DEN,17,LV,0,0,0,0,0,-4,0,2,1,8,0,1,0,0,0,0,0,0,0,0,0,0,,,,,
Russell Gage,WR,ATL,17,TB,0,0,0,0,0,0,0,0,7,68,0,13,0,0,0,0,0,0,0,0,0,0,,,,,
Russell Wilson,QB,SEA,17,SF,233,2,40,25,0,29,0,8,0,0,0,0,0,0,0,0,0,0,0,0,0,0,,,,,
Ryan Fitzpatrick,QB,MIA,17,NE,320,1,41,28,0,15,1,5,0,0,0,0,0,0,0,0,0,0,0,0,0,0,,,,,
Ryan Nall,RB,CHI,17,MIN,0,0,0,0,0,8,0,2,0,0,0,0,0,0,0,0,0,0,0,0,0,0,,,,,
Ryan Tannehill,QB,TEN,17,HOU,198,2,20,13,0,20,0,5,0,0,0,0,0,0,0,0,0,0,0,0,0,0,,,,,
Ryquell Armstead,RB,JAX,17,IND,0,0,0,0,0,33,0,10,5,52,1,9,0,0,0,0,0,0,0,0,0,0,,,,,
SEA,DEF,SEA,17,SF,,,,,,,,,,,,,,,,,,,,,,,0,0,0,0,26.0
SF,DEF,SF,17,SEA,,,,,,,,,,,,,,,,,,,,,,,0,0,0,0,21.0
Sam Darnold,QB,NYJ,17,BUF,199,1,36,23,1,-2,0,3,0,0,0,0,0,0,0,0,0,0,0,0,0,0,,,,,
Sam Ficken,K,NYJ,17,BUF,0,0,0,0,0,0,0,0,0,0,0,0,0,0,0,0,0,1,1,0,0,1,,,,,
Samaje Perine,RB,MIA,17,NE,0,0,0,0,0,16,0,5,0,0,0,0,0,0,0,0,0,0,0,0,0,0,,,,,
Sammy Watkins,WR,KC,17,LAC,0,0,0,0,0,0,0,0,1,8,0,2,0,0,0,0,0,0,0,0,0,0,,,,,
Saquon Barkley,RB,NYG,17,PHI,0,0,0,0,0,92,1,17,3,25,0,4,0,0,0,0,0,0,0,0,0,0,,,,,
Sean Mannion,QB,MIN,17,CHI,126,0,21,12,2,0,0,1,0,0,0,0,0,0,0,0,0,0,0,0,0,0,,,,,
Senorise Perry,RB,BUF,17,NYJ,0,0,0,0,0,3,0,3,1,1,0,1,0,0,0,0,0,0,0,0,0,0,,,,,
Seth DeValve,TE,JAX,17,IND,0,0,0,0,0,0,0,0,1,4,0,1,0,0,0,0,0,0,0,0,0,0,,,,,
Seth Roberts,WR,BAL,17,PIT,0,0,0,0,0,0,0,0,0,0,0,1,0,0,0,0,0,0,0,0,0,0,,,,,
Sony Michel,RB,NE,17,MIA,0,0,0,0,0,74,1,18,0,0,0,0,0,0,0,0,0,0,0,0,0,0,,,,,
Sterling Shepard,WR,NYG,17,PHI,0,0,0,0,0,0,0,0,5,39,0,10,0,0,0,0,0,0,0,0,0,0,,,,,
Steven Hauschka,K,BUF,17,NYJ,0,0,0,0,0,0,0,0,0,0,0,0,0,0,0,0,2,0,0,0,0,0,,,,,
Steven Mitchell,WR,HOU,17,TEN,0,0,0,0,0,0,0,0,2,37,0,5,0,0,0,0,0,0,0,0,0,0,,,,,
Steven Sims,WR,WAS,17,DAL,0,0,0,0,0,-6,0,1,5,81,1,8,0,0,0,0,0,0,0,0,0,0,,,,,
T.J. Yeldon,RB,BUF,17,NYJ,0,0,0,0,0,18,0,7,3,24,0,4,0,0,0,0,0,0,0,0,0,0,,,,,
T.Y. Hilton,WR,IND,17,JAX,0,0,0,0,0,0,0,0,3,72,0,3,0,0,0,0,0,0,0,0,0,0,,,,,
TB,DEF,TB,17,ATL,,,,,,,,,,,,,,,,,,,,,,,0,0,0,0,28.0
TEN,DEF,TEN,17,HOU,,,,,,,,,,,,,,,,,,,,,,,0,0,0,0,14.0
Taiwan Jones,RB,HOU,17,TEN,0,0,0,0,0,40,0,9,1,9,0,1,0,0,0,0,0,0,0,0,0,0,,,,,
Tajae Sharpe,WR,TEN,17,HOU,0,0,0,0,0,0,0,0,1,13,0,2,0,0,0,0,0,0,0,0,0,0,,,,,
Tanner Hudson,TE,TB,17,ATL,0,0,0,0,0,0,0,0,0,0,0,1,0,0,0,0,0,0,0,0,0,0,,,,,
Tarik Cohen,RB,CHI,17,MIN,0,0,0,0,0,20,0,4,9,44,0,10,0,0,0,0,0,0,0,0,0,0,,,,,
Tavon Austin,WR,DAL,17,WAS,0,0,0,0,0,0,0,0,1,1,0,2,0,0,0,0,0,0,0,0,0,0,,,,,
Taysom Hill,TE,NO,17,CAR,0,0,0,0,0,4,0,2,1,45,1,1,0,0,0,0,0,0,0,0,0,0,,,,,
Ted Ginn,WR,NO,17,CAR,0,0,0,0,0,0,0,0,1,10,0,2,0,0,0,0,0,0,0,0,0,0,,,,,
Teddy Bridgewater,QB,NO,17,CAR,14,0,1,1,0,-3,0,3,0,0,0,0,0,0,0,0,0,0,0,0,0,0,,,,,
Tevin Coleman,RB,SF,17,SEA,0,0,0,0,0,11,0,5,1,7,0,2,0,0,0,0,0,0,0,0,0,0,,,,,
Tim Patrick,WR,DEN,17,LV,0,0,0,0,0,0,0,0,1,14,0,2,0,0,0,0,0,0,0,0,0,0,,,,,
Todd Gurley,RB,LA,17,ARI,0,0,0,0,0,68,0,20,2,21,0,2,0,0,0,0,0,0,0,0,0,0,,,,,
Tom Brady,QB,NE,17,MIA,221,2,29,16,1,0,0,0,0,0,0,0,0,0,0,0,0,0,0,0,0,0,,,,,
Tommy Sweeney,TE,BUF,17,NYJ,0,0,0,0,0,0,0,0,5,76,0,5,0,0,0,0,0,0,0,0,0,0,,,,,
Tony Pollard,RB,DAL,17,WAS,0,0,0,0,0,60,0,14,1,5,0,2,0,0,0,0,0,0,0,0,0,0,,,,,
Trace McSorley,QB,BAL,17,PIT,0,0,0,0,0,1,0,1,0,0,0,0,0,0,0,0,0,0,0,0,0,0,,,,,
Travis Fulgham,WR,DET,17,GB,0,0,0,0,0,0,0,0,0,0,0,1,0,0,0,0,0,0,0,0,0,0,,,,,
Travis Homer,RB,SEA,17,SF,0,0,0,0,0,62,0,10,5,30,0,5,0,0,0,0,0,0,0,0,0,0,,,,,
Travis Kelce,TE,KC,17,LAC,0,0,0,0,0,0,0,0,3,24,0,5,0,0,0,0,0,0,0,0,0,0,,,,,
Tre'Quan Smith,WR,NO,17,CAR,0,0,0,0,0,0,0,0,5,56,1,5,0,0,0,0,0,0,0,0,0,0,,,,,
Trevon Wesco,TE,NYJ,17,BUF,0,0,0,0,0,0,0,0,0,0,0,1,0,0,0,0,0,0,0,0,0,0,,,,,
Trevor Davis,WR,MIA,17,NE,0,0,0,0,0,0,0,0,0,0,0,0,0,0,0,0,0,0,0,0,0,0,,,,,
Troy Fumagalli,TE,DEN,17,LV,0,0,0,0,0,0,0,0,1,9,0,2,0,0,0,0,0,0,0,0,0,0,,,,,
Troymaine Pope,RB,LAC,17,KC,0,0,0,0,0,0,0,0,0,0,0,0,0,0,0,0,0,0,0,0,0,0,,,,,
Ty Johnson,RB,DET,17,GB,0,0,0,0,0,65,0,3,0,0,0,2,0,0,0,0,0,0,0,0,0,0,,,,,
Ty Montgomery,WR,NYJ,17,BUF,0,0,0,0,0,0,0,0,0,0,0,0,0,0,0,0,0,0,0,0,0,0,,,,,
Tyler Boyd,WR,CIN,17,CLE,0,0,0,0,0,0,0,0,5,59,0,7,0,0,0,0,0,0,0,0,0,0,,,,,
Tyler Conklin,TE,MIN,17,CHI,0,0,0,0,0,0,0,0,1,9,0,1,0,0,0,0,0,0,0,0,0,0,,,,,
Tyler Eifert,TE,CIN,17,CLE,0,0,0,0,0,0,0,0,2,34,0,2,0,0,0,0,0,0,0,0,0,0,,,,,
Tyler Ervin,RB,GB,17,DET,0,0,0,0,0,10,0,1,1,5,0,3,0,0,0,0,0,0,0,0,0,0,,,,,
Tyler Higbee,TE,LA,17,ARI,0,0,0,0,0,0,0,0,8,84,1,12,0,0,0,0,0,0,0,0,0,0,,,,,
Tyler Kroft,TE,BUF,17,NYJ,0,0,0,0,0,0,0,0,1,5,0,4,0,0,0,0,0,0,0,0,0,0,,,,,
Tyler Lockett,WR,SEA,17,SF,0,0,0,0,0,0,0,0,6,51,1,7,0,0,0,0,0,0,0,0,0,0,,,,,
Tyreek Hill,WR,KC,17,LAC,0,0,0,0,0,0,0,0,4,61,0,5,0,0,0,0,0,0,0,0,0,0,,,,,
Tyrone Swoopes,TE,SEA,17,SF,0,0,0,0,0,0,0,0,1,5,0,1,0,0,0,0,0,0,0,0,0,0,,,,,
Vance McDonald,TE,PIT,17,BAL,0,0,0,0,0,0,0,0,2,19,0,2,0,0,0,0,0,0,0,0,0,0,,,,,
Virgil Green,TE,LAC,17,KC,0,0,0,0,0,0,0,0,0,0,0,1,0,0,0,0,0,0,0,0,0,0,,,,,
Vyncint Smith,WR,NYJ,17,BUF,0,0,0,0,0,20,0,1,3,36,0,4,0,0,0,0,0,0,0,0,0,0,,,,,
WAS,DEF,WAS,17,DAL,,,,,,,,,,,,,,,,,,,,,,,0,0,0,0,47.0
Wendell Smallwood,RB,WAS,17,DAL,0,0,0,0,0,5,0,3,0,0,0,0,0,0,0,0,0,0,0,0,0,0,,,,,
Wil Lutz,K,NO,17,CAR,0,0,0,0,0,0,0,0,0,0,0,0,0,0,0,0,0,0,0,0,0,6,,,,,
Will Grier,QB,CAR,17,NO,4,0,8,1,1,5,0,3,0,0,0,0,0,0,0,0,0,0,0,0,0,0,,,,,
Willie Snead,WR,BAL,17,PIT,0,0,0,0,0,0,0,1,3,22,0,5,0,0,0,0,0,0,0,0,0,0,,,,,
Younghoe Koo,K,ATL,17,TB,0,0,0,0,0,0,0,0,0,0,0,0,0,0,0,0,1,2,2,0,0,1,,,,,
Zach Pascal,WR,IND,17,JAX,0,0,0,0,0,4,0,1,1,10,0,3,0,0,0,0,0,0,0,0,0,0,,,,,
Zane Gonzalez,K,ARI,17,LA,0,0,0,0,0,0,0,0,0,0,0,0,0,0,0,0,0,1,0,0,0,3,,,,,
Zay Jones,WR,LV,17,DEN,0,0,0,0,0,0,0,0,2,21,0,2,0,0,0,0,0,0,0,0,0,0,,,,,
A.J. Brown,WR,TEN,18,NE,0,0,0,0,0,0,0,0,1,4,0,1,0,0,0,0,0,0,0,0,0,0,,,,,
Adam Thielen,WR,MIN,18,NO,0,0,0,0,0,3,0,1,7,129,0,9,0,0,0,0,0,0,0,0,0,0,,,,,
Alexander Hollins,WR,MIN,18,NO,0,0,0,0,0,0,0,0,0,0,0,1,0,0,0,0,0,0,0,0,0,0,,,,,
Alexander Mattison,RB,MIN,18,NO,0,0,0,0,0,20,0,5,1,10,0,2,0,0,0,0,0,0,0,0,0,0,,,,,
Alvin Kamara,RB,NO,18,MIN,0,0,0,0,0,21,1,7,8,34,0,9,0,0,0,0,0,0,0,0,0,0,,,,,
Ameer Abdullah,RB,MIN,18,NO,0,0,0,0,0,9,0,1,0,0,0,0,0,0,0,0,0,0,0,0,0,0,,,,,
Andre Roberts,WR,BUF,18,HOU,0,0,0,0,0,0,0,0,0,0,0,0,0,0,0,0,0,0,0,0,0,0,,,,,
Anthony Firkser,TE,TEN,18,NE,0,0,0,0,0,0,0,0,2,23,1,3,0,0,0,0,0,0,0,0,0,0,,,,,
BUF,DEF,BUF,18,HOU,,,,,,,,,,,,,,,,,,,,,,,0,0,0,0,22.0
Benjamin Watson,TE,NE,18,TEN,0,0,0,0,0,0,0,0,3,38,0,4,0,0,0,0,0,0,0,0,0,0,,,,,
Bisi Johnson,WR,MIN,18,NO,0,0,0,0,0,0,0,0,2,17,0,3,0,0,0,0,0,0,0,0,0,0,,,,,
Boston Scott,RB,PHI,18,SEA,0,0,0,0,0,25,0,6,3,23,0,3,0,0,0,0,0,0,0,0,0,0,,,,,
Carlos Hyde,RB,HOU,18,BUF,0,0,0,0,0,48,0,16,1,5,1,1,0,0,0,0,0,0,0,0,0,0,,,,,
Carson Wentz,QB,PHI,18,SEA,3,0,4,1,0,0,0,0,0,0,0,0,0,0,0,0,0,0,0,0,0,0,,,,,
Cole Beasley,WR,BUF,18,HOU,0,0,0,0,0,0,0,0,4,44,0,5,0,0,0,0,0,0,0,0,0,0,,,,,
Corey Davis,WR,TEN,18,NE,0,0,0,0,0,0,0,0,0,0,0,2,0,0,0,0,0,0,0,0,0,0,,,,,
Cullen Gillaspia,RB,HOU,18,BUF,0,0,0,0,0,0,0,0,0,0,0,0,0,0,0,0,0,0,0,0,0,0,,,,,
DK Metcalf,WR,SEA,18,PHI,0,0,0,0,0,0,0,0,7,160,1,9,0,0,0,0,0,0,0,0,0,0,,,,,
Dallas Goedert,TE,PHI,18,SEA,0,0,0,0,0,0,0,0,7,73,0,8,0,0,0,0,0,0,0,0,0,0,,,,,
Dalvin Cook,RB,MIN,18,NO,0,0,0,0,0,94,2,28,3,36,0,5,0,0,0,0,0,0,0,0,0,0,,,,,
Dan Bailey,K,MIN,18,NO,0,0,0,0,0,0,0,0,0,0,0,0,0,0,0,0,1,0,1,0,0,2,,,,,
Darius Jennings,WR,TEN,18,NE,0,0,0,0,0,0,0,0,0,0,0,0,0,0,0,0,0,0,0,0,0,0,,,,,
Darren Fells,TE,HOU,18,BUF,0,0,0,0,0,0,0,0,4,37,0,5,0,0,0,0,0,0,0,0,0,0,,,,,
David Moore,WR,SEA,18,PHI,0,0,0,0,0,0,0,0,2,57,0,4,0,0,0,0,0,0,0,0,0,0,,,,,
Dawson Knox,TE,BUF,18,HOU,0,0,0,0,0,0,0,0,1,14,0,2,0,0,0,0,0,0,0,0,0,0,,,,,
DeAndre Carter,WR,HOU,18,BUF,0,0,0,0,0,0,0,0,1,5,0,2,0,0,0,0,0,0,0,0,0,0,,,,,
DeAndre Hopkins,WR,HOU,18,BUF,0,0,0,0,0,0,0,0,6,90,0,8,0,0,1,0,0,0,0,0,0,0,,,,,
Deontay Burnett,WR,PHI,18,SEA,0,0,0,0,0,0,0,0,1,5,0,1,0,0,0,0,0,0,0,0,0,0,,,,,
Deonte Harty,WR,NO,18,MIN,0,0,0,0,0,0,0,0,1,50,0,1,0,0,0,0,0,0,0,0,0,0,,,,,
Derrick Henry,RB,TEN,18,NE,0,0,0,0,0,182,1,34,1,22,0,1,0,0,0,0,0,0,0,0,0,0,,,,,
Deshaun Watson,QB,HOU,18,BUF,247,1,25,20,0,55,1,14,0,0,0,0,0,0,2,0,0,0,0,0,0,0,,,,,
Devin Singletary,RB,BUF,18,HOU,0,0,0,0,0,58,0,13,6,76,0,7,0,0,0,0,0,0,0,0,0,0,,,,,
Dion Lewis,RB,TEN,18,NE,0,0,0,0,0,8,0,2,1,8,0,1,0,0,0,0,0,0,0,0,0,0,,,,,
Drew Brees,QB,NO,18,MIN,208,1,33,26,1,5,0,1,0,0,0,0,0,0,0,0,0,0,0,0,0,0,,,,,
Duke Johnson,RB,HOU,18,BUF,0,0,0,0,0,38,0,3,3,30,0,3,0,0,0,0,0,0,0,0,0,0,,,,,
Duke Williams,WR,BUF,18,HOU,0,0,0,0,0,0,0,0,4,49,0,10,0,0,0,0,0,0,0,0,0,0,,,,,
Frank Gore,RB,BUF,18,HOU,0,0,0,0,0,22,0,8,0,0,0,1,0,0,0,0,0,0,0,0,0,0,,,,,
Greg Joseph,K,TEN,18,NE,0,0,0,0,0,0,0,0,0,0,0,0,0,0,0,0,0,0,0,0,0,2,,,,,
Greg Ward,WR,PHI,18,SEA,0,0,0,0,0,3,0,1,3,24,0,4,0,0,0,0,0,0,0,0,0,0,,,,,
HOU,DEF,HOU,18,BUF,,,,,,,,,,,,,,,,,,,,,,,0,0,0,0,19.0
Isaiah McKenzie,WR,BUF,18,HOU,0,0,0,0,0,0,0,0,4,23,0,5,0,0,0,0,0,0,0,0,0,0,,,,,
Jacob Hollister,TE,SEA,18,PHI,0,0,0,0,0,0,0,0,2,16,0,4,0,0,0,0,0,0,0,0,0,0,,,,,
Jake Elliott,K,PHI,18,SEA,0,0,0,0,0,0,0,0,0,0,0,0,0,0,0,0,1,1,1,0,0,0,,,,,
James White,RB,NE,18,TEN,0,0,0,0,0,14,0,1,5,62,0,5,0,0,0,0,0,0,0,0,0,0,,,,,
Jared Cook,TE,NO,18,MIN,0,0,0,0,0,0,0,0,5,54,0,5,0,0,0,0,0,0,0,0,0,0,,,,,
Jason Myers,K,SEA,18,PHI,0,0,0,0,0,0,0,0,0,0,0,0,0,0,0,0,0,0,1,0,0,2,,,,,
John Brown,WR,BUF,18,HOU,16,1,1,1,0,0,0,0,4,50,0,8,0,0,0,0,0,0,0,0,0,0,,,,,
Jonnu Smith,TE,TEN,18,NE,0,0,0,0,0,0,0,0,1,9,0,2,0,0,0,0,0,0,0,0,0,0,,,,,
Josh Allen,QB,BUF,18,HOU,264,0,46,24,0,92,0,9,1,16,1,1,0,0,0,0,0,0,0,0,0,0,,,,,
Josh Hill,TE,NO,18,MIN,0,0,0,0,0,0,0,0,2,3,0,3,0,0,0,0,0,0,0,0,0,0,,,,,
Josh McCown,QB,PHI,18,SEA,174,0,24,18,0,23,0,5,0,0,0,0,0,0,0,0,0,0,0,0,0,0,,,,,
Julian Edelman,WR,NE,18,TEN,0,0,0,0,0,12,1,2,3,30,0,5,0,0,0,0,0,0,0,0,0,0,,,,,
Ka'imi Fairbairn,K,HOU,18,BUF,0,0,0,0,0,0,0,0,0,0,0,0,0,0,0,0,1,0,1,0,0,0,,,,,
Kenny Stills,WR,HOU,18,BUF,0,0,0,0,0,0,0,0,4,46,0,5,0,0,0,0,0,0,0,0,0,0,,,,,
Kirk Cousins,QB,MIN,18,NO,242,1,31,19,0,-1,0,2,0,0,0,0,0,0,0,0,0,0,0,0,0,0,,,,,
Kyle Rudolph,TE,MIN,18,NO,0,0,0,0,0,0,0,0,4,31,1,7,0,0,0,0,0,0,0,0,0,0,,,,,
Latavius Murray,RB,NO,18,MIN,0,0,0,0,0,21,0,5,1,4,0,2,0,0,0,0,0,0,0,0,0,0,,,,,
Lee Smith,TE,BUF,18,HOU,0,0,0,0,0,0,0,0,1,8,0,1,0,0,0,0,0,0,0,0,0,0,,,,,
MIN,DEF,MIN,18,NO,,,,,,,,,,,,,,,,,,,,,,,0,0,0,0,20.0
Marcus Mariota,QB,TEN,18,NE,4,0,1,1,0,0,0,0,0,0,0,0,0,0,0,0,0,0,0,0,0,0,,,,,
Marshawn Lynch,RB,SEA,18,PHI,0,0,0,0,0,7,1,6,2,25,0,3,0,0,0,0,0,0,0,0,0,0,,,,,
Matthew Slater,WR,NE,18,TEN,0,0,0,0,0,0,0,0,0,0,0,0,0,0,0,0,0,0,0,0,0,0,,,,,
Michael Thomas,WR,NO,18,MIN,0,0,0,0,0,0,0,0,7,70,0,8,0,0,0,0,0,0,0,0,0,0,,,,,
Miles Sanders,RB,PHI,18,SEA,0,0,0,0,0,69,0,14,3,8,0,5,0,0,0,0,0,0,0,0,0,0,,,,,
Mohamed Sanu,WR,NE,18,TEN,0,0,0,0,0,0,0,0,1,11,0,5,0,0,0,0,0,0,0,0,0,0,,,,,
MyCole Pruitt,TE,TEN,18,NE,0,0,0,0,0,0,0,0,2,4,0,2,0,0,0,0,0,0,0,0,0,0,,,,,
N'Keal Harry,TE,NE,18,TEN,0,0,0,0,0,7,0,1,2,21,0,7,0,0,0,0,0,0,0,0,0,0,,,,,
NE,DEF,NE,18,TEN,,,,,,,,,,,,,,,,,,,,,,,0,0,0,0,20.0
NO,DEF,NO,18,MIN,,,,,,,,,,,,,,,,,,,,,,,0,0,0,0,26.0
Nick Folk,K,NE,18,TEN,0,0,0,0,0,0,0,0,0,0,0,0,0,0,0,0,1,1,0,0,0,1,,,,,
PHI,DEF,PHI,18,SEA,,,,,,,,,,,,,,,,,,,,,,,0,0,0,0,17.0
Patrick DiMarco,RB,BUF,18,HOU,0,0,0,0,0,0,0,0,0,0,0,1,0,0,0,0,0,0,0,0,0,0,,,,,
Phillip Dorsett,WR,NE,18,TEN,0,0,0,0,0,0,0,0,1,6,0,4,0,0,0,0,0,0,0,0,0,0,,,,,
Rashard Davis,WR,TEN,18,NE,0,0,0,0,0,0,0,0,0,0,0,0,0,0,0,0,0,0,0,0,0,0,,,,,
Rex Burkhead,RB,NE,18,TEN,0,0,0,0,0,4,0,3,3,32,0,3,0,0,0,0,0,0,0,0,0,0,,,,,
Ricky Ortiz,RB,NO,18,MIN,0,0,0,0,0,0,0,0,0,0,0,0,0,0,0,0,0,0,0,0,0,0,,,,,
Russell Wilson,QB,SEA,18,PHI,325,1,30,18,0,45,0,9,0,0,0,0,0,0,0,0,0,0,0,0,0,0,,,,,
Ryan Tannehill,QB,TEN,18,NE,72,1,15,8,1,11,0,4,0,0,0,0,0,0,0,0,0,0,0,0,0,0,,,,,
SEA,DEF,SEA,18,PHI,,,,,,,,,,,,,,,,,,,,,,,0,0,0,0,9.0
Sony Michel,RB,NE,18,TEN,0,0,0,0,0,61,0,14,2,9,0,2,0,0,0,0,0,0,0,0,0,0,,,,,
Stefon Diggs,WR,MIN,18,NO,0,0,0,0,0,8,0,2,2,19,0,3,0,0,0,0,0,0,0,0,0,0,,,,,
Steven Hauschka,K,BUF,18,HOU,0,0,0,0,0,0,0,0,0,0,0,0,0,0,0,0,0,1,3,0,0,1,,,,,
TEN,DEF,TEN,18,NE,,,,,,,,,,,,,,,,,,,,,,,1,0,0,0,13.0
Taiwan Jones,RB,HOU,18,BUF,0,0,0,0,0,0,0,0,1,34,0,1,0,0,0,0,0,0,0,0,0,0,,,,,
Tajae Sharpe,WR,TEN,18,NE,0,0,0,0,0,0,0,0,1,6,0,3,0,0,0,0,0,0,0,0,0,0,,,,,
Taysom Hill,TE,NO,18,MIN,50,0,1,1,0,50,0,4,2,25,1,2,0,0,0,0,0,0,0,0,0,0,,,,,
Ted Ginn,WR,NO,18,MIN,0,0,0,0,0,0,0,0,1,18,0,2,0,0,0,0,0,0,0,0,0,0,,,,,
Tom Brady,QB,NE,18,TEN,209,0,37,20,1,0,0,0,0,0,0,0,0,0,0,0,0,0,0,0,0,0,,,,,
Travis Homer,RB,SEA,18,PHI,0,0,0,0,0,12,0,11,1,5,0,1,0,0,0,0,0,0,0,0,0,0,,,,,
Tre'Quan Smith,WR,NO,18,MIN,0,0,0,0,0,0,0,0,0,0,0,1,0,0,0,0,0,0,0,0,0,0,,,,,
Tyler Conklin,TE,MIN,18,NO,0,0,0,0,0,0,0,0,0,0,0,1,0,0,0,0,0,0,0,0,0,0,,,,,
Tyler Kroft,TE,BUF,18,HOU,0,0,0,0,0,0,0,0,0,0,0,2,0,0,0,0,0,0,0,0,0,0,,,,,
Tyler Lockett,WR,SEA,18,PHI,0,0,0,0,0,0,0,0,4,62,0,8,0,0,0,0,0,0,0,0,0,0,,,,,
Wil Lutz,K,NO,18,MIN,0,0,0,0,0,0,0,0,0,0,0,0,0,0,0,0,1,0,1,0,0,2,,,,,
Zach Ertz,TE,PHI,18,SEA,0,0,0,0,0,0,0,0,2,44,0,4,0,0,0,0,0,0,0,0,0,0,,,,,
A.J. Brown,WR,TEN,19,BAL,0,0,0,0,0,9,0,1,1,9,0,3,0,0,0,0,0,0,0,0,0,0,,,,,
Aaron Jones,RB,GB,19,SEA,0,0,0,0,0,62,2,21,1,4,0,2,0,0,0,0,0,0,0,0,0,0,,,,,
Aaron Rodgers,QB,GB,19,SEA,243,2,27,16,0,14,0,5,0,0,0,0,0,0,0,0,0,0,0,0,0,0,,,,,
Adam Thielen,WR,MIN,19,SF,0,0,0,0,0,0,0,0,5,50,0,7,0,0,0,0,0,0,0,0,0,0,,,,,
Alexander Mattison,RB,MIN,19,SF,0,0,0,0,0,3,0,1,0,0,0,0,0,0,0,0,0,0,0,0,0,0,,,,,
Allen Lazard,WR,GB,19,SEA,0,0,0,0,0,5,0,1,0,0,0,0,0,0,0,0,0,0,0,0,0,0,,,,,
Ameer Abdullah,RB,MIN,19,SF,0,0,0,0,0,0,0,0,1,7,0,1,0,0,0,0,0,0,0,0,0,0,,,,,
BAL,DEF,BAL,19,TEN,,,,,,,,,,,,,,,,,,,,,,,0,0,0,0,28.0
Blake Bell,TE,KC,19,HOU,0,0,0,0,0,0,0,0,2,15,1,2,0,0,0,0,0,0,0,0,0,0,,,,,
Buddy Howell,RB,HOU,19,KC,0,0,0,0,0,0,0,0,0,0,0,0,0,0,0,0,0,0,0,0,0,0,,,,,
Byron Pringle,WR,KC,19,HOU,0,0,0,0,0,0,0,0,0,0,0,0,0,0,0,0,0,0,0,0,0,0,,,,,
Carlos Hyde,RB,HOU,19,KC,0,0,0,0,0,44,0,13,3,18,0,4,0,0,0,0,0,0,0,0,0,0,,,,,
Chris Moore,WR,BAL,19,TEN,0,0,0,0,0,0,0,0,0,0,0,1,0,0,0,0,0,0,0,0,0,0,,,,,
Corey Davis,WR,TEN,19,BAL,0,0,0,0,0,0,0,0,1,3,1,2,0,0,0,0,0,0,0,0,0,0,,,,,
Cullen Gillaspia,RB,HOU,19,KC,0,0,0,0,0,0,0,0,0,0,0,0,0,0,0,0,0,0,0,0,0,0,,,,,
DK Metcalf,WR,SEA,19,GB,0,0,0,0,0,0,0,0,4,59,0,5,0,0,0,0,0,0,0,0,0,0,,,,,
Dalvin Cook,RB,MIN,19,SF,0,0,0,0,0,18,0,9,6,8,0,8,0,0,0,0,0,0,0,0,0,0,,,,,
Damien Williams,RB,KC,19,HOU,0,0,0,0,0,47,2,12,2,21,1,6,0,0,0,0,0,0,0,0,0,0,,,,,
Dan Bailey,K,MIN,19,SF,0,0,0,0,0,0,0,0,0,0,0,0,0,0,0,0,0,1,0,0,0,1,,,,,
Darius Jennings,WR,TEN,19,BAL,0,0,0,0,0,0,0,0,0,0,0,1,0,0,0,0,0,0,0,0,0,0,,,,,
Darren Fells,TE,HOU,19,KC,0,0,0,0,0,0,0,0,3,22,1,7,0,0,0,0,0,0,0,0,0,0,,,,,
Darwin Thompson,RB,KC,19,HOU,0,0,0,0,0,0,0,0,0,0,0,0,0,0,0,0,0,0,0,0,0,0,,,,,
Davante Adams,WR,GB,19,SEA,0,0,0,0,0,0,0,0,8,160,2,11,0,0,0,0,0,0,0,0,0,0,,,,,
David Moore,WR,SEA,19,GB,0,0,0,0,0,6,0,1,0,0,0,0,0,0,0,0,0,0,0,0,0,0,,,,,
De'Anthony Thomas,WR,BAL,19,TEN,0,0,0,0,0,0,0,0,0,0,0,0,0,0,0,0,0,0,0,0,0,0,,,,,
DeAndre Carter,WR,HOU,19,KC,0,0,0,0,0,0,0,0,1,17,0,1,0,0,0,0,0,0,0,0,0,0,,,,,
DeAndre Hopkins,WR,HOU,19,KC,0,0,0,0,0,0,0,0,9,118,0,14,0,0,0,0,0,0,0,0,0,0,,,,,
Deebo Samuel Sr.,WR,SF,19,MIN,0,0,0,0,0,6,0,1,3,42,0,6,0,0,0,0,0,0,0,0,0,0,,,,,
Demarcus Robinson,WR,KC,19,HOU,0,0,0,0,0,0,0,0,1,4,0,4,0,0,0,0,0,0,0,0,0,0,,,,,
Deon Yelder,TE,KC,19,HOU,0,0,0,0,0,0,0,0,1,11,0,1,0,0,0,0,0,0,0,0,0,0,,,,,
Derrick Henry,RB,TEN,19,BAL,3,1,1,1,0,195,0,30,2,7,0,2,0,0,0,0,0,0,0,0,0,0,,,,,
Deshaun Watson,QB,HOU,19,KC,388,2,52,31,0,37,1,6,0,0,0,0,0,0,0,0,0,0,0,0,0,0,,,,,
Duke Johnson,RB,HOU,19,KC,0,0,0,0,0,11,0,1,5,23,0,8,0,0,0,0,0,0,0,0,0,0,,,,,
Emmanuel Sanders,WR,SF,19,MIN,0,0,0,0,0,0,0,0,2,33,0,2,0,0,0,0,0,0,0,0,0,0,,,,,
GB,DEF,GB,19,SEA,,,,,,,,,,,,,,,,,,,,,,,0,0,0,0,23.0
George Kittle,TE,SF,19,MIN,0,0,0,0,0,0,0,0,3,16,0,5,0,0,0,0,0,0,0,0,0,0,,,,,
Geronimo Allison,WR,GB,19,SEA,0,0,0,0,0,0,0,0,1,11,0,1,0,0,0,0,0,0,0,0,0,0,,,,,
Greg Joseph,K,TEN,19,BAL,0,0,0,0,0,0,0,0,0,0,0,0,0,0,0,0,0,0,0,0,0,4,,,,,
Gus Edwards,RB,BAL,19,TEN,0,0,0,0,0,20,0,3,0,0,0,0,0,0,0,0,0,0,0,0,0,0,,,,,
HOU,DEF,HOU,19,KC,,,,,,,,,,,,,,,,,,,,,,,0,0,0,0,51.0
Harrison Butker,K,KC,19,HOU,0,0,0,0,0,0,0,0,0,0,0,0,0,0,0,0,1,0,0,0,0,6,,,,,
Hayden Hurst,TE,BAL,19,TEN,0,0,0,0,0,0,0,0,4,53,1,6,0,0,0,0,0,0,0,0,0,0,,,,,
Irv Smith,TE,MIN,19,SF,0,0,0,0,0,0,0,0,3,39,0,3,0,0,0,0,0,0,0,0,0,0,,,,,
Jace Sternberger,TE,GB,19,SEA,0,0,0,0,0,0,0,0,1,2,0,1,0,0,0,0,0,0,0,0,0,0,,,,,
Jacob Hollister,TE,SEA,19,GB,0,0,0,0,0,0,0,0,5,47,0,6,0,0,0,0,0,0,0,0,0,0,,,,,
Jake Kumerow,WR,GB,19,SEA,0,0,0,0,0,0,0,0,0,0,0,1,0,0,0,0,0,0,0,0,0,0,,,,,
Jamaal Williams,RB,GB,19,SEA,0,0,0,0,0,3,0,1,1,9,0,1,0,0,0,0,0,0,0,0,0,0,,,,,
Jaron Brown,WR,SEA,19,GB,0,0,0,0,0,0,0,0,0,0,0,0,0,0,0,0,0,0,0,0,0,0,,,,,
Jason Myers,K,SEA,19,GB,0,0,0,0,0,0,0,0,0,0,0,0,0,0,0,0,0,0,1,0,0,2,,,,,
Jimmy Garoppolo,QB,SF,19,MIN,131,1,19,11,1,0,0,4,0,0,0,0,0,0,0,0,0,0,0,0,0,0,,,,,
Jimmy Graham,TE,GB,19,SEA,0,0,0,0,0,0,0,0,3,49,0,4,0,0,0,0,0,0,0,0,0,0,,,,,
Jonnu Smith,TE,TEN,19,BAL,0,0,0,0,0,0,0,0,2,12,1,3,0,0,0,0,0,0,0,0,0,0,,,,,
Justice Hill,RB,BAL,19,TEN,0,0,0,0,0,0,0,0,4,26,0,5,0,0,0,0,0,0,0,0,0,0,,,,,
Justin Tucker,K,BAL,19,TEN,0,0,0,0,0,0,0,0,0,0,0,0,0,0,0,0,1,0,1,0,0,0,,,,,
KC,DEF,KC,19,HOU,,,,,,,,,,,,,,,,,,,,,,,0,0,0,0,31.0
Ka'imi Fairbairn,K,HOU,19,KC,0,0,0,0,0,0,0,0,0,0,0,0,0,0,0,0,0,1,0,0,0,4,,,,,
Kalif Raymond,WR,TEN,19,BAL,0,0,0,0,0,0,0,0,1,45,1,1,0,0,0,0,0,0,0,0,0,0,,,,,
Kendrick Bourne,WR,SF,19,MIN,0,0,0,0,0,0,0,0,3,40,1,5,0,0,0,0,0,0,0,0,0,0,,,,,
Kenny Stills,WR,HOU,19,KC,0,0,0,0,0,0,0,0,3,80,1,6,0,0,0,0,0,0,0,0,0,0,,,,,
Kirk Cousins,QB,MIN,19,SF,172,1,29,21,1,0,0,0,0,0,0,0,0,0,0,0,0,0,0,0,0,0,,,,,
Kyle Rudolph,TE,MIN,19,SF,0,0,0,0,0,0,0,0,2,4,0,3,0,0,0,0,0,0,0,0,0,0,,,,,
Lamar Jackson,QB,BAL,19,TEN,365,1,59,31,2,143,0,20,0,0,0,0,0,0,0,0,0,0,0,0,0,0,,,,,
Luke Willson,TE,SEA,19,GB,0,0,0,0,0,1,0,1,1,8,0,1,0,0,0,0,0,0,0,0,0,0,,,,,
MIN,DEF,MIN,19,SF,,,,,,,,,,,,,,,,,,,,,,,0,0,0,0,27.0
Malik Turner,WR,SEA,19,GB,0,0,0,0,0,0,0,0,0,0,0,3,0,0,0,0,0,0,0,0,0,0,,,,,
Mark Andrews,TE,BAL,19,TEN,0,0,0,0,0,0,0,0,4,39,0,7,0,0,0,0,0,0,0,0,0,0,,,,,
Mark Ingram,RB,BAL,19,TEN,0,0,0,0,0,22,0,6,1,9,0,2,0,0,0,0,0,0,0,0,0,0,,,,,
Marquez Valdes-Scantling,WR,GB,19,SEA,0,0,0,0,0,0,0,0,1,8,0,1,0,0,0,0,0,0,0,0,0,0,,,,,
Marquise Brown,WR,BAL,19,TEN,0,0,0,0,0,0,0,0,7,126,0,11,0,0,0,0,0,0,0,0,0,0,,,,,
Marshawn Lynch,RB,SEA,19,GB,0,0,0,0,0,26,2,12,0,0,0,0,0,0,0,0,0,0,0,0,0,0,,,,,
Mason Crosby,K,GB,19,SEA,0,0,0,0,0,0,0,0,0,0,0,0,0,0,0,0,0,0,0,0,0,4,,,,,
Matt Breida,RB,SF,19,MIN,0,0,0,0,0,17,0,8,0,0,0,0,0,0,0,0,0,0,0,0,0,0,,,,,
Mecole Hardman,WR,KC,19,HOU,0,0,0,0,0,0,0,0,2,19,0,4,0,0,0,0,0,0,0,0,0,0,,,,,
Mike Boone,RB,MIN,19,SF,0,0,0,0,0,0,0,0,0,0,0,0,0,0,0,0,0,0,0,0,0,0,,,,,
Miles Boykin,WR,BAL,19,TEN,0,0,0,0,0,0,0,0,3,26,0,7,0,0,0,0,0,0,0,0,0,0,,,,,
MyCole Pruitt,TE,TEN,19,BAL,0,0,0,0,0,0,0,0,1,15,0,1,0,0,0,0,0,0,0,0,0,0,,,,,
Nick Boyle,TE,BAL,19,TEN,0,0,0,0,0,0,0,0,0,0,0,2,0,0,0,0,0,0,0,0,0,0,,,,,
Patrick Mahomes,QB,KC,19,HOU,321,5,35,23,0,53,0,7,0,0,0,0,0,0,0,0,0,0,0,0,0,0,,,,,
Raheem Mostert,RB,SF,19,MIN,0,0,0,0,0,58,0,12,0,0,0,0,0,0,0,0,0,0,0,0,0,0,,,,,
Richie James,WR,SF,19,MIN,0,0,0,0,0,0,0,0,0,0,0,0,0,0,0,0,0,0,0,0,0,0,,,,,
Robbie Gould,K,SF,19,MIN,0,0,0,0,0,0,0,0,0,0,0,0,0,0,0,0,1,1,0,0,0,3,,,,,
Russell Wilson,QB,SEA,19,GB,277,1,31,21,0,64,0,7,0,0,0,0,0,0,0,0,0,0,0,0,0,0,,,,,
Ryan Tannehill,QB,TEN,19,BAL,88,2,14,7,0,13,1,6,0,0,0,0,0,0,0,0,0,0,0,0,0,0,,,,,
SEA,DEF,SEA,19,GB,,,,,,,,,,,,,,,,,,,,,,,0,0,0,0,28.0
SF,DEF,SF,19,MIN,,,,,,,,,,,,,,,,,,,,,,,0,0,0,0,10.0
Sammy Watkins,WR,KC,19,HOU,0,0,0,0,0,14,0,1,2,76,0,2,0,0,0,0,0,0,0,0,0,0,,,,,
Seth Roberts,WR,BAL,19,TEN,0,0,0,0,0,0,0,0,2,30,0,4,0,0,0,0,0,0,0,0,0,0,,,,,
Stefon Diggs,WR,MIN,19,SF,0,0,0,0,0,0,0,0,2,57,1,5,0,0,0,0,0,0,0,0,0,0,,,,,
TEN,DEF,TEN,19,BAL,,,,,,,,,,,,,,,,,,,,,,,0,0,0,0,12.0
Taiwan Jones,RB,HOU,19,KC,0,0,0,0,0,0,0,0,1,14,0,1,0,0,0,0,0,0,0,0,0,0,,,,,
Tajae Sharpe,WR,TEN,19,BAL,0,0,0,0,0,0,0,0,0,0,0,2,0,0,0,0,0,0,0,0,0,0,,,,,
Tevin Coleman,RB,SF,19,MIN,0,0,0,0,0,105,2,22,0,0,0,0,0,0,0,0,0,0,0,0,0,0,,,,,
Travis Homer,RB,SEA,19,GB,0,0,0,0,0,13,0,3,2,27,0,3,0,0,0,0,0,0,0,0,0,0,,,,,
Travis Kelce,TE,KC,19,HOU,0,0,0,0,0,0,0,0,10,134,3,12,0,0,0,0,0,0,0,0,0,0,,,,,
Tyler Conklin,TE,MIN,19,SF,0,0,0,0,0,0,0,0,1,5,0,1,0,0,0,0,0,0,0,0,0,0,,,,,
Tyler Ervin,RB,GB,19,SEA,0,0,0,0,0,25,0,2,0,0,0,0,0,0,0,0,0,0,0,0,0,0,,,,,
Tyler Lockett,WR,SEA,19,GB,0,0,0,0,0,0,0,0,9,136,1,10,0,0,0,0,0,0,0,0,0,0,,,,,
Tyreek Hill,WR,KC,19,HOU,0,0,0,0,0,4,0,1,3,41,0,4,0,0,0,0,0,0,0,0,0,0,,,,,
Will Fuller,WR,HOU,19,KC,0,0,0,0,0,0,0,0,5,89,0,8,0,0,0,0,0,0,0,0,0,0,,,,,
Willie Snead,WR,BAL,19,TEN,0,0,0,0,0,0,0,0,6,56,0,8,0,0,0,0,0,0,0,0,0,0,,,,,
A.J. Brown,WR,TEN,20,KC,0,0,0,0,0,0,0,0,3,51,0,6,0,0,0,0,0,0,0,0,0,0,,,,,
Aaron Jones,RB,GB,20,SF,0,0,0,0,0,56,1,12,5,27,1,5,0,0,0,0,0,0,0,0,0,0,,,,,
Aaron Rodgers,QB,GB,20,SF,326,2,39,31,2,0,0,1,0,0,0,0,0,0,0,0,0,0,0,0,0,0,,,,,
Adam Humphries,WR,TEN,20,KC,0,0,0,0,0,0,0,0,4,25,0,5,0,0,0,0,0,0,0,0,0,0,,,,,
Allen Lazard,WR,GB,20,SF,0,0,0,0,0,0,0,0,3,36,0,4,0,0,0,0,0,0,0,0,0,0,,,,,
Anthony Firkser,TE,TEN,20,KC,0,0,0,0,0,0,0,0,1,22,1,2,0,0,0,0,0,0,0,0,0,0,,,,,
Corey Davis,WR,TEN,20,KC,0,0,0,0,0,0,0,0,5,65,0,8,0,0,0,0,0,0,0,0,0,0,,,,,
Damien Williams,RB,KC,20,TEN,0,0,0,0,0,45,1,17,5,44,0,6,0,0,0,0,0,0,0,0,0,0,,,,,
Darwin Thompson,RB,KC,20,TEN,0,0,0,0,0,7,0,1,0,0,0,1,0,0,0,0,0,0,0,0,0,0,,,,,
Davante Adams,WR,GB,20,SF,0,0,0,0,0,0,0,0,9,138,0,11,0,0,0,0,0,0,0,0,0,0,,,,,
Deebo Samuel Sr.,WR,SF,20,GB,0,0,0,0,0,43,0,2,2,46,0,3,0,0,0,0,0,0,0,0,0,0,,,,,
Demarcus Robinson,WR,KC,20,TEN,0,0,0,0,0,0,0,0,2,31,0,2,0,0,0,0,0,0,0,0,0,0,,,,,
Derrick Henry,RB,TEN,20,KC,0,0,0,0,0,69,1,19,2,-8,0,2,0,0,0,0,0,0,0,0,0,0,,,,,
Dion Lewis,RB,TEN,20,KC,0,0,0,0,0,0,0,0,1,6,0,1,0,0,0,0,0,0,0,0,0,0,,,,,
Emmanuel Sanders,WR,SF,20,GB,0,0,0,0,0,0,0,0,0,0,0,1,0,0,0,0,0,0,0,0,0,0,,,,,
GB,DEF,GB,20,SF,,,,,,,,,,,,,,,,,,,,,,,0,0,0,0,37.0
George Kittle,TE,SF,20,GB,0,0,0,0,0,0,0,0,1,19,0,1,0,0,0,0,0,0,0,0,0,0,,,,,
Geronimo Allison,WR,GB,20,SF,0,0,0,0,0,0,0,0,2,8,0,3,0,0,0,0,0,0,0,0,0,0,,,,,
Greg Joseph,K,TEN,20,KC,0,0,0,0,0,0,0,0,0,0,0,0,0,0,0,0,0,1,0,0,0,3,,,,,
Harrison Butker,K,KC,20,TEN,0,0,0,0,0,0,0,0,0,0,0,0,0,0,0,0,0,0,0,0,0,5,,,,,
Jace Sternberger,TE,GB,20,SF,0,0,0,0,0,0,0,0,2,13,1,2,0,0,0,0,0,0,0,0,0,0,,,,,
Jake Kumerow,WR,GB,20,SF,0,0,0,0,0,0,0,0,1,23,0,1,0,0,0,0,0,0,0,0,0,0,,,,,
Jamaal Williams,RB,GB,20,SF,0,0,0,0,0,6,0,3,2,1,0,3,0,0,0,0,0,0,0,0,0,0,,,,,
Jimmy Garoppolo,QB,SF,20,GB,77,0,8,6,0,-1,0,4,0,0,0,0,0,0,0,0,0,0,0,0,0,0,,,,,
Jimmy Graham,TE,GB,20,SF,0,0,0,0,0,0,0,0,4,59,0,5,0,0,0,0,0,0,0,0,0,0,,,,,
Jonnu Smith,TE,TEN,20,KC,0,0,0,0,0,0,0,0,3,38,0,4,0,0,0,0,0,0,0,0,0,0,,,,,
KC,DEF,KC,20,TEN,,,,,,,,,,,,,,,,,,,,,,,0,0,0,0,24.0
Kalif Raymond,WR,TEN,20,KC,0,0,0,0,0,0,0,0,0,0,0,0,0,0,0,0,0,0,0,0,0,0,,,,,
Kendrick Bourne,WR,SF,20,GB,0,0,0,0,0,0,0,0,1,6,0,1,0,0,0,0,0,0,0,0,0,0,,,,,
Marcedes Lewis,TE,GB,20,SF,0,0,0,0,0,0,0,0,2,14,0,2,0,0,0,0,0,0,0,0,0,0,,,,,
Marcus Mariota,QB,TEN,20,KC,0,0,0,0,0,5,0,1,0,0,0,0,0,0,0,0,0,0,0,0,0,0,,,,,
Mason Crosby,K,GB,20,SF,0,0,0,0,0,0,0,0,0,0,0,0,0,0,0,0,0,0,0,0,0,2,,,,,
Matt Breida,RB,SF,20,GB,0,0,0,0,0,2,0,1,0,0,0,0,0,0,0,0,0,0,0,0,0,0,,,,,
Mecole Hardman,WR,KC,20,TEN,0,0,0,0,0,0,0,0,1,8,0,1,0,0,0,0,0,0,0,0,0,0,,,,,
MyCole Pruitt,TE,TEN,20,KC,0,0,0,0,0,0,0,0,1,9,0,1,0,0,0,0,0,0,0,0,0,0,,,,,
Patrick Mahomes,QB,KC,20,TEN,294,3,35,23,0,53,1,8,0,0,0,0,0,0,0,0,0,0,0,0,0,0,,,,,
Raheem Mostert,RB,SF,20,GB,0,0,0,0,0,220,4,29,2,6,0,2,0,0,0,0,0,0,0,0,0,0,,,,,
Richie James,WR,SF,20,GB,0,0,0,0,0,0,0,0,0,0,0,0,0,0,0,0,0,0,0,0,0,0,,,,,
Robbie Gould,K,SF,20,GB,0,0,0,0,0,0,0,0,0,0,0,0,0,0,0,0,1,0,1,1,0,4,,,,,
Robert Tonyan,TE,GB,20,SF,0,0,0,0,0,0,0,0,0,0,0,0,0,0,0,0,0,0,0,0,0,0,,,,,
Ryan Tannehill,QB,TEN,20,KC,209,2,31,21,0,11,0,3,0,0,0,0,0,0,0,0,0,0,0,0,0,0,,,,,
SF,DEF,SF,20,GB,,,,,,,,,,,,,,,,,,,,,,,0,0,0,0,20.0
Sammy Watkins,WR,KC,20,TEN,0,0,0,0,0,0,0,0,7,114,1,10,0,0,0,0,0,0,0,0,0,0,,,,,
TEN,DEF,TEN,20,KC,,,,,,,,,,,,,,,,,,,,,,,0,0,0,0,35.0
Tajae Sharpe,WR,TEN,20,KC,0,0,0,0,0,0,0,0,0,0,0,1,0,0,0,0,0,0,0,0,0,0,,,,,
Tevin Coleman,RB,SF,20,GB,0,0,0,0,0,21,0,6,0,0,0,0,0,0,0,0,0,0,0,0,0,0,,,,,
Travis Kelce,TE,KC,20,TEN,0,0,0,0,0,0,0,0,3,30,0,4,0,0,0,0,0,0,0,0,0,0,,,,,
Tyler Ervin,RB,GB,20,SF,0,0,0,0,0,0,0,0,1,7,0,1,0,0,0,0,0,0,0,0,0,0,,,,,
Tyreek Hill,WR,KC,20,TEN,0,0,0,0,0,7,0,1,5,67,2,7,0,0,0,0,0,0,0,0,0,0,,,,,
Blake Bell,TE,KC,21,SF,0,0,0,0,0,0,0,0,1,9,0,1,0,0,0,0,0,0,0,0,0,0,,,,,
Byron Pringle,WR,KC,21,SF,0,0,0,0,0,0,0,0,0,0,0,0,0,0,0,0,0,0,0,0,0,0,,,,,
Damien Williams,RB,KC,21,SF,0,0,0,0,0,104,1,17,4,29,1,8,0,0,0,0,0,0,0,0,0,0,,,,,
Darwin Thompson,RB,KC,21,SF,0,0,0,0,0,0,0,1,0,0,0,1,0,0,0,0,0,0,0,0,0,0,,,,,
Deebo Samuel Sr.,WR,SF,21,KC,0,0,0,0,0,53,0,3,5,39,0,9,0,0,0,0,0,0,0,0,0,0,,,,,
Emmanuel Sanders,WR,SF,21,KC,0,0,0,0,0,0,0,0,3,38,0,5,0,0,0,0,0,0,0,0,0,0,,,,,
George Kittle,TE,SF,21,KC,0,0,0,0,0,0,0,0,4,36,0,7,0,0,0,0,0,0,0,0,0,0,,,,,
Harrison Butker,K,KC,21,SF,0,0,0,0,0,0,0,0,0,0,0,0,0,0,0,0,0,1,0,0,0,4,,,,,
Jeff Wilson,RB,SF,21,KC,0,0,0,0,0,0,0,0,1,20,0,1,0,0,0,0,0,0,0,0,0,0,,,,,
Jimmy Garoppolo,QB,SF,21,KC,219,1,31,20,2,2,0,2,0,0,0,0,0,0,0,0,0,0,0,0,0,0,,,,,
KC,DEF,KC,21,SF,,,,,,,,,,,,,,,,,,,,,,,0,0,0,0,20.0
Kendrick Bourne,WR,SF,21,KC,0,0,0,0,0,0,0,0,2,42,0,4,0,0,0,0,0,0,0,0,0,0,,,,,
Kyle Juszczyk,RB,SF,21,KC,0,0,0,0,0,0,0,0,3,39,1,3,0,0,0,0,0,0,0,0,0,0,,,,,
Mecole Hardman,WR,KC,21,SF,0,0,0,0,0,-6,0,1,1,2,0,1,0,0,0,0,0,0,0,0,0,0,,,,,
Patrick Mahomes,QB,KC,21,SF,286,2,42,26,2,29,1,9,0,0,0,0,0,0,0,0,0,0,0,0,0,0,,,,,
Raheem Mostert,RB,SF,21,KC,0,0,0,0,0,58,1,12,1,2,0,1,0,0,0,0,0,0,0,0,0,0,,,,,
Richie James,WR,SF,21,KC,0,0,0,0,0,0,0,0,0,0,0,0,0,0,0,0,0,0,0,0,0,0,,,,,
Robbie Gould,K,SF,21,KC,0,0,0,0,0,0,0,0,0,0,0,0,0,0,0,0,0,1,1,0,0,2,,,,,
SF,DEF,SF,21,KC,,,,,,,,,,,,,,,,,,,,,,,0,0,0,0,31.0
Sammy Watkins,WR,KC,21,SF,0,0,0,0,0,0,0,0,5,98,0,6,0,0,0,0,0,0,0,0,0,0,,,,,
Tevin Coleman,RB,SF,21,KC,0,0,0,0,0,28,0,5,1,3,0,1,0,0,0,0,0,0,0,0,0,0,,,,,
Travis Kelce,TE,KC,21,SF,0,0,0,0,0,2,0,1,6,43,1,6,0,0,0,0,0,0,0,0,0,0,,,,,
Tyreek Hill,WR,KC,21,SF,0,0,0,0,0,0,0,0,9,105,0,16,0,0,0,0,0,0,0,0,0,0,,,,,
