name,position,team,week,opponent_team,pass_yds,pass_td,pass_att,pass_cmp,pass_int,rush_yds,rush_td,carries,rec,rec_yds,rec_td,targets,return_td,off_fumble_return_td,two_pt,fg_0_19,fg_20_29,fg_30_39,fg_40_49,fg_50_plus,fg_60_plus,pat_made,def_td,def_safety,def_return_td,def_xp_returned,def_points_allowed
A.J. Brown,WR,TEN,1,DEN,0,0,0,0,0,0,0,0,5,39,0,8,0,0,0,0,0,0,0,0,0,0,,,,,
A.J. Green,WR,CIN,1,LAC,0,0,0,0,0,0,0,0,5,51,0,9,0,0,0,0,0,0,0,0,0,0,,,,,
AJ Dillon,RB,GB,1,MIN,0,0,0,0,0,14,0,2,0,0,0,0,0,0,0,0,0,0,0,0,0,0,,,,,
ARI,DEF,ARI,1,SF,,,,,,,,,,,,,,,,,,,,,,,0,0,0,0,20.0
ATL,DEF,ATL,1,SEA,,,,,,,,,,,,,,,,,,,,,,,0,0,0,0,38.0
Aaron Jones,RB,GB,1,MIN,0,0,0,0,0,66,1,16,4,10,0,6,0,0,0,0,0,0,0,0,0,0,,,,,
Aaron Rodgers,QB,GB,1,MIN,364,4,44,32,0,2,0,1,0,0,0,0,0,0,0,0,0,0,0,0,0,0,,,,,
Adam Humphries,WR,TEN,1,DEN,0,0,0,0,0,0,0,0,6,47,0,7,0,0,0,0,0,0,0,0,0,0,,,,,
Adam Thielen,WR,MIN,1,GB,0,0,0,0,0,0,0,0,6,110,2,8,0,0,1,0,0,0,0,0,0,0,,,,,
Adrian Peterson,RB,DET,1,CHI,0,0,0,0,0,93,0,14,3,21,0,3,0,0,0,0,0,0,0,0,0,0,,,,,
Alex Armah,RB,CAR,1,LV,0,0,0,0,0,1,0,2,0,0,0,0,0,0,0,0,0,0,0,0,0,0,,,,,
Alex Erickson,WR,CIN,1,LAC,0,0,0,0,0,0,0,0,0,0,0,0,0,0,0,0,0,0,0,0,0,0,,,,,
Alexander Mattison,RB,MIN,1,GB,0,0,0,0,0,50,0,6,4,30,0,4,0,0,0,0,0,0,0,0,0,0,,,,,
Allen Lazard,WR,GB,1,MIN,0,0,0,0,0,19,0,1,4,63,1,4,0,0,0,0,0,0,0,0,0,0,,,,,
Allen Robinson,WR,CHI,1,DET,0,0,0,0,0,-1,0,1,5,74,0,9,0,0,0,0,0,0,0,0,0,0,,,,,
Alvin Kamara,RB,NO,1,TB,0,0,0,0,0,16,1,12,5,51,1,8,0,0,0,0,0,0,0,0,0,0,,,,,
Amari Cooper,WR,DAL,1,LA,0,0,0,0,0,0,0,0,10,81,0,14,0,0,0,0,0,0,0,0,0,0,,,,,
Andre Roberts,WR,BUF,1,NYJ,0,0,0,0,0,0,0,0,0,0,0,0,0,0,0,0,0,0,0,0,0,0,,,,,
Anthony Firkser,TE,TEN,1,DEN,0,0,0,0,0,0,0,0,2,5,0,2,0,0,0,0,0,0,0,0,0,0,,,,,
Anthony Miller,WR,CHI,1,DET,0,0,0,0,0,0,0,0,4,76,1,6,0,0,0,0,0,0,0,0,0,0,,,,,
Antonio Gibson,RB,WAS,1,PHI,0,0,0,0,0,36,0,9,2,8,0,2,0,0,0,0,0,0,0,0,0,0,,,,,
Ashton Dulin,WR,IND,1,JAX,0,0,0,0,0,0,0,0,0,0,0,0,0,0,0,0,0,0,0,0,0,0,,,,,
Austin Ekeler,RB,LAC,1,CIN,0,0,0,0,0,84,0,19,1,3,0,1,0,0,0,0,0,0,0,0,0,0,,,,,
Austin Hooper,TE,CLE,1,BAL,0,0,0,0,0,0,0,0,2,15,0,2,0,0,0,0,0,0,0,0,0,0,,,,,
Austin Seibert,K,CLE,1,BAL,0,0,0,0,0,0,0,0,0,0,0,0,0,0,0,0,0,0,0,0,0,0,,,,,
BAL,DEF,BAL,1,CLE,,,,,,,,,,,,,,,,,,,,,,,0,0,0,0,6.0
BUF,DEF,BUF,1,NYJ,,,,,,,,,,,,,,,,,,,,,,,0,0,0,0,17.0
Baker Mayfield,QB,CLE,1,BAL,189,1,39,21,1,3,0,2,0,0,0,0,0,0,0,0,0,0,0,0,0,0,,,,,
Ben Roethlisberger,QB,PIT,1,NYG,229,3,32,21,0,9,0,3,0,0,0,0,0,0,0,0,0,0,0,0,0,0,,,,,
Bennie Fowler,WR,NO,1,TB,0,0,0,0,0,0,0,0,0,0,0,0,0,0,0,0,0,0,0,0,0,0,,,,,
Benny Snell,RB,PIT,1,NYG,0,0,0,0,0,113,0,19,0,0,0,1,0,0,0,0,0,0,0,0,0,0,,,,,
Bisi Johnson,WR,MIN,1,GB,0,0,0,0,0,0,0,0,3,56,0,4,0,0,0,0,0,0,0,0,0,0,,,,,
Blake Jarwin,TE,DAL,1,LA,0,0,0,0,0,0,0,0,1,12,0,1,0,0,0,0,0,0,0,0,0,0,,,,,
Boston Scott,RB,PHI,1,WAS,0,0,0,0,0,35,0,9,2,19,0,2,0,0,0,0,0,0,0,0,0,0,,,,,
Brandin Cooks,WR,HOU,1,KC,0,0,0,0,0,0,0,0,2,20,0,5,0,0,0,0,0,0,0,0,0,0,,,,,
Brandon McManus,K,DEN,1,TEN,0,0,0,0,0,0,0,0,0,0,0,0,0,0,0,0,0,0,0,0,0,2,,,,,
Brandon Powell,WR,ATL,1,SEA,0,0,0,0,0,0,0,0,0,0,0,0,0,0,0,0,0,0,0,0,0,0,,,,,
Braxton Berrios,WR,NYJ,1,BUF,0,0,0,0,0,0,0,0,0,0,0,0,0,0,0,0,0,0,0,0,0,0,,,,,
Breshad Perriman,WR,NYJ,1,BUF,0,0,0,0,0,0,0,0,3,17,0,5,0,0,0,0,0,0,0,0,0,0,,,,,
Brian Hill,RB,ATL,1,SEA,0,0,0,0,0,12,0,3,2,8,0,2,0,0,0,0,0,0,0,0,0,0,,,,,
Bryan Edwards,WR,LV,1,CAR,0,0,0,0,0,0,0,0,1,9,0,1,0,0,0,0,0,0,0,0,0,0,,,,,
C.J. Board,WR,NYG,1,PIT,0,0,0,0,0,0,0,0,2,17,0,2,0,0,0,0,0,0,0,0,0,0,,,,,
C.J. Uzomah,TE,CIN,1,LAC,0,0,0,0,0,0,0,0,4,45,0,5,0,0,0,0,0,0,0,0,0,0,,,,,
CAR,DEF,CAR,1,LV,,,,,,,,,,,,,,,,,,,,,,,0,0,0,0,34.0
CHI,DEF,CHI,1,DET,,,,,,,,,,,,,,,,,,,,,,,0,0,0,0,23.0
CIN,DEF,CIN,1,LAC,,,,,,,,,,,,,,,,,,,,,,,0,0,0,0,16.0
CLE,DEF,CLE,1,BAL,,,,,,,,,,,,,,,,,,,,,,,0,0,0,0,38.0
Cairo Santos,K,CHI,1,DET,0,0,0,0,0,0,0,0,0,0,0,0,0,0,0,0,1,1,0,0,0,3,,,,,
Calvin Ridley,WR,ATL,1,SEA,0,0,0,0,0,-1,0,1,9,130,2,12,0,0,0,0,0,0,0,0,0,0,,,,,
Cam Akers,RB,LA,1,DAL,0,0,0,0,0,39,0,14,1,4,0,1,0,0,0,0,0,0,0,0,0,0,,,,,
Cam Newton,QB,NE,1,MIA,155,0,19,15,0,75,2,15,0,0,0,0,0,0,0,0,0,0,0,0,0,0,,,,,
Cameron Brate,TE,TB,1,NO,0,0,0,0,0,0,0,0,0,0,0,1,0,0,0,0,0,0,0,0,0,0,,,,,
Carlos Hyde,RB,SEA,1,ATL,0,0,0,0,0,23,1,7,0,0,0,0,0,0,0,0,0,0,0,0,0,0,,,,,
Carson Wentz,QB,PHI,1,WAS,270,2,42,24,2,2,0,1,0,0,0,0,0,0,0,0,0,0,0,0,0,0,,,,,
Cedrick Wilson Jr.,WR,DAL,1,LA,0,0,0,0,0,0,0,0,0,0,0,0,0,0,0,0,0,0,0,0,0,0,,,,,
CeeDee Lamb,WR,DAL,1,LA,0,0,0,0,0,0,0,0,5,59,0,6,0,0,0,0,0,0,0,0,0,0,,,,,
Cethan Carter,TE,CIN,1,LAC,0,0,0,0,0,0,0,0,0,0,0,0,0,0,0,0,0,0,0,0,0,0,,,,,
Chase Claypool,WR,PIT,1,NYG,0,0,0,0,0,8,0,1,2,39,0,2,0,0,0,0,0,0,0,0,0,0,,,,,
Chase Edmonds,RB,ARI,1,SF,0,0,0,0,0,26,0,6,3,19,1,5,0,0,0,0,0,0,0,0,0,0,,,,,
Chris Boswell,K,PIT,1,NYG,0,0,0,0,0,0,0,0,0,0,0,0,0,0,0,0,0,1,1,0,0,2,,,,,
Chris Carson,RB,SEA,1,ATL,0,0,0,0,0,21,0,6,6,45,2,6,0,0,0,0,0,0,0,0,0,0,,,,,
Chris Conley,WR,JAX,1,IND,0,0,0,0,0,0,0,0,1,6,0,1,0,0,0,0,0,0,0,0,0,0,,,,,
Chris Godwin Jr.,WR,TB,1,NO,0,0,0,0,0,0,0,0,6,79,0,7,0,0,0,0,0,0,0,0,0,0,,,,,
Chris Herndon,TE,NYJ,1,BUF,0,0,0,0,0,0,0,0,6,37,0,7,0,0,0,0,0,0,0,0,0,0,,,,,
Chris Hogan,WR,NYJ,1,BUF,0,0,0,0,0,0,0,0,1,0,0,4,0,0,0,0,0,0,0,0,0,0,,,,,
Chris Manhertz,TE,CAR,1,LV,0,0,0,0,0,0,0,0,1,4,0,1,0,0,0,0,0,0,0,0,0,0,,,,,
Chris Streveler,QB,ARI,1,SF,0,0,0,0,0,3,0,1,0,0,0,0,0,0,0,0,0,0,0,0,0,0,,,,,
Chris Thompson,RB,JAX,1,IND,0,0,0,0,0,0,0,0,2,6,0,2,0,0,0,0,0,0,0,0,0,0,,,,,
Christian Blake,WR,ATL,1,SEA,0,0,0,0,0,0,0,0,0,0,0,0,0,0,0,0,0,0,0,0,0,0,,,,,
Christian Kirk,WR,ARI,1,SF,0,0,0,0,0,0,0,0,1,0,0,5,0,0,0,0,0,0,0,0,0,0,,,,,
Christian McCaffrey,RB,CAR,1,LV,0,0,0,0,0,97,2,23,3,38,0,4,0,0,0,0,0,0,0,0,0,0,,,,,
Clyde Edwards-Helaire,RB,KC,1,HOU,0,0,0,0,0,138,1,25,0,0,0,2,0,0,0,0,0,0,0,0,0,0,,,,,
Cole Beasley,WR,BUF,1,NYJ,0,0,0,0,0,0,0,0,4,58,0,7,0,0,0,0,0,0,0,0,0,0,,,,,
Cole Kmet,TE,CHI,1,DET,0,0,0,0,0,0,0,0,0,0,0,1,0,0,0,0,0,0,0,0,0,0,,,,,
Collin Johnson,WR,JAX,1,IND,0,0,0,0,0,0,0,0,1,14,0,1,0,0,0,0,0,0,0,0,0,0,,,,,
Cooper Kupp,WR,LA,1,DAL,0,0,0,0,0,0,0,0,4,40,0,5,0,0,0,0,0,0,0,0,0,0,,,,,
Cordarrelle Patterson,RB,CHI,1,DET,0,0,0,0,0,19,0,4,1,12,0,1,0,0,0,0,0,0,0,0,0,0,,,,,
Corey Clement,RB,PHI,1,WAS,0,0,0,0,0,19,0,6,2,2,0,2,0,0,0,0,0,0,0,0,0,0,,,,,
Corey Davis,WR,TEN,1,DEN,0,0,0,0,0,0,0,0,7,101,0,8,0,0,0,0,0,0,0,0,0,0,,,,,
Curtis Samuel,WR,CAR,1,LV,0,0,0,0,0,5,0,1,5,38,0,8,0,0,0,0,0,0,0,0,0,0,,,,,
D'Andre Swift,RB,DET,1,CHI,0,0,0,0,0,8,1,3,3,15,0,5,0,0,0,0,0,0,0,0,0,0,,,,,
D'Ernest Johnson,RB,CLE,1,BAL,0,0,0,0,0,5,0,1,0,0,0,0,0,0,0,0,0,0,0,0,0,0,,,,,
DAL,DEF,DAL,1,LA,,,,,,,,,,,,,,,,,,,,,,,0,0,0,0,20.0
DEN,DEF,DEN,1,TEN,,,,,,,,,,,,,,,,,,,,,,,0,0,0,0,16.0
DET,DEF,DET,1,CHI,,,,,,,,,,,,,,,,,,,,,,,0,0,0,0,27.0
DJ Chark,WR,JAX,1,IND,0,0,0,0,0,0,0,0,3,25,1,3,0,0,0,0,0,0,0,0,0,0,,,,,
DJ Moore,WR,CAR,1,LV,0,0,0,0,0,0,0,0,4,54,0,9,0,0,0,0,0,0,0,0,0,0,,,,,
DK Metcalf,WR,SEA,1,ATL,0,0,0,0,0,0,0,0,4,95,1,8,0,0,0,0,0,0,0,0,0,0,,,,,
DaeSean Hamilton,WR,DEN,1,TEN,0,0,0,0,0,0,0,0,1,18,0,3,0,0,0,0,0,0,0,0,0,0,,,,,
Dak Prescott,QB,DAL,1,LA,266,1,39,25,0,30,0,3,0,0,0,0,0,0,0,0,0,0,0,0,0,0,,,,,
Dallas Goedert,TE,PHI,1,WAS,0,0,0,0,0,0,0,0,8,101,1,9,0,0,0,0,0,0,0,0,0,0,,,,,
Dalton Schultz,TE,DAL,1,LA,0,0,0,0,0,0,0,0,1,11,0,4,0,0,0,0,0,0,0,0,0,0,,,,,
Dalvin Cook,RB,MIN,1,GB,0,0,0,0,0,50,2,12,1,-2,0,2,0,0,2,0,0,0,0,0,0,0,,,,,
Damiere Byrd,WR,NE,1,MIA,0,0,0,0,0,0,0,0,0,0,0,0,0,0,0,0,0,0,0,0,0,0,,,,,
Damion Ratley,WR,NYG,1,PIT,0,0,0,0,0,0,0,0,0,0,0,1,0,0,0,0,0,0,0,0,0,0,,,,,
Dan Arnold,TE,ARI,1,SF,0,0,0,0,0,0,0,0,2,21,0,2,0,0,0,0,0,0,0,0,0,0,,,,,
Dan Bailey,K,MIN,1,GB,0,0,0,0,0,0,0,0,0,0,0,0,0,0,0,0,0,1,0,0,0,1,,,,,
Daniel Brown,TE,NYJ,1,BUF,0,0,0,0,0,0,0,0,0,0,0,0,0,0,0,0,0,0,0,0,0,0,,,,,
Daniel Carlson,K,LV,1,CAR,0,0,0,0,0,0,0,0,0,0,0,0,0,0,0,0,1,0,0,1,0,4,,,,,
Daniel Jones,QB,NYG,1,PIT,279,2,41,26,2,22,0,4,0,0,0,0,0,0,0,0,0,0,0,0,0,0,,,,,
Danny Amendola,WR,DET,1,CHI,0,0,0,0,0,0,0,0,5,81,0,7,0,0,0,0,0,0,0,0,0,0,,,,,
Dante Pettis,WR,SF,1,ARI,0,0,0,0,0,0,0,0,0,0,0,1,0,0,0,0,0,0,0,0,0,0,,,,,
Darius Slayton,WR,NYG,1,PIT,0,0,0,0,0,0,0,0,6,102,2,9,0,0,0,0,0,0,0,0,0,0,,,,,
Darnell Mooney,WR,CHI,1,DET,0,0,0,0,0,0,0,0,3,38,0,3,0,0,0,0,0,0,0,0,0,0,,,,,
Darrel Williams,RB,KC,1,HOU,0,0,0,0,0,23,0,7,2,7,0,2,0,0,0,0,0,0,0,0,0,0,,,,,
Darrell Daniels,TE,ARI,1,SF,0,0,0,0,0,0,0,0,0,0,0,0,0,0,0,0,0,0,0,0,0,0,,,,,
Darrell Henderson,RB,LA,1,DAL,0,0,0,0,0,6,0,3,0,0,0,0,0,0,0,0,0,0,0,0,0,0,,,,,
Darren Fells,TE,HOU,1,KC,0,0,0,0,0,0,0,0,2,19,0,2,0,0,0,0,0,0,0,0,0,0,,,,,
Darren Waller,TE,LV,1,CAR,0,0,0,0,0,0,0,0,6,45,0,8,0,0,0,0,0,0,0,0,0,0,,,,,
Davante Adams,WR,GB,1,MIN,0,0,0,0,0,0,0,0,14,156,2,17,0,0,0,0,0,0,0,0,0,0,,,,,
David Johnson,RB,HOU,1,KC,0,0,0,0,0,77,1,11,3,32,0,4,0,0,0,0,0,0,0,0,0,0,,,,,
David Montgomery,RB,CHI,1,DET,0,0,0,0,0,64,0,13,1,10,0,3,0,0,0,0,0,0,0,0,0,0,,,,,
David Moore,WR,SEA,1,ATL,0,0,0,0,0,12,0,1,3,28,0,3,0,0,0,0,0,0,0,0,0,0,,,,,
David Njoku,TE,CLE,1,BAL,0,0,0,0,0,0,0,0,3,50,1,3,0,0,0,0,0,0,0,0,0,0,,,,,
Dawson Knox,TE,BUF,1,NYJ,0,0,0,0,0,0,0,0,2,26,0,3,0,0,0,0,0,0,0,0,0,0,,,,,
DeAndre Carter,WR,HOU,1,KC,0,0,0,0,0,0,0,0,1,8,0,2,0,0,0,0,0,0,0,0,0,0,,,,,
DeAndre Hopkins,WR,ARI,1,SF,0,0,0,0,0,0,0,0,14,151,0,16,0,0,0,0,0,0,0,0,0,0,,,,,
DeSean Jackson,WR,PHI,1,WAS,0,0,0,0,0,0,0,0,2,46,0,7,0,0,0,0,0,0,0,0,0,0,,,,,
DeVante Parker,WR,MIA,1,NE,0,0,0,0,0,0,0,0,4,47,0,4,0,0,0,0,0,0,0,0,0,0,,,,,
Demarcus Robinson,WR,KC,1,HOU,0,0,0,0,0,0,0,0,3,20,0,6,0,0,0,0,0,0,0,0,0,0,,,,,
Demetrius Harris,TE,CHI,1,DET,0,0,0,0,0,0,0,0,0,0,0,1,0,0,0,0,0,0,0,0,0,0,,,,,
Deonte Harty,WR,NO,1,TB,0,0,0,0,0,9,0,1,1,17,0,1,0,0,0,0,0,0,0,0,0,0,,,,,
Derek Carr,QB,LV,1,CAR,239,1,30,22,0,0,0,0,0,0,0,0,0,0,0,0,0,0,0,0,0,0,,,,,
Derek Carrier,TE,LV,1,CAR,0,0,0,0,0,0,0,0,0,0,0,0,0,0,0,0,0,0,0,0,0,0,,,,,
Derrick Henry,RB,TEN,1,DEN,0,0,0,0,0,116,0,31,3,15,0,3,0,0,0,0,0,0,0,0,0,0,,,,,
Deshaun Watson,QB,HOU,1,KC,253,1,32,20,1,27,1,6,0,0,0,0,0,0,0,0,0,0,0,0,0,0,,,,,
Devin Duvernay,WR,BAL,1,CLE,0,0,0,0,0,0,0,0,1,12,0,1,0,0,0,0,0,0,0,0,0,0,,,,,
Devin Singletary,RB,BUF,1,NYJ,0,0,0,0,0,30,0,9,5,23,0,7,0,0,0,0,0,0,0,0,0,0,,,,,
Devontae Booker,RB,LV,1,CAR,0,0,0,0,0,29,0,4,3,23,0,3,0,0,0,0,0,0,0,0,0,0,,,,,
Dion Lewis,RB,NYG,1,PIT,0,0,0,0,0,1,0,1,0,0,0,1,0,0,0,0,0,0,0,0,0,0,,,,,
Diontae Johnson,WR,PIT,1,NYG,0,0,0,0,0,0,0,0,6,57,0,10,0,0,0,0,0,0,0,0,0,0,,,,,
Diontae Spencer,WR,DEN,1,TEN,0,0,0,0,0,0,0,0,0,0,0,0,0,0,0,0,0,0,0,0,0,0,,,,,
Dontrelle Inman,WR,WAS,1,PHI,0,0,0,0,0,0,0,0,2,21,0,5,0,0,0,0,0,0,0,0,0,0,,,,,
Drew Brees,QB,NO,1,TB,160,2,30,18,0,0,0,2,0,0,0,0,0,0,0,0,0,0,0,0,0,0,,,,,
Drew Lock,QB,DEN,1,TEN,216,1,33,22,0,5,0,3,0,0,0,0,0,0,0,0,0,0,0,0,0,0,,,,,
Drew Sample,TE,CIN,1,LAC,0,0,0,0,0,0,0,0,1,7,0,1,0,0,0,0,0,0,0,0,0,0,,,,,
Duke Johnson,RB,HOU,1,KC,0,0,0,0,0,14,0,5,0,0,0,1,0,0,0,0,0,0,0,0,0,0,,,,,
Dustin Hopkins,K,WAS,1,PHI,0,0,0,0,0,0,0,0,0,0,0,0,0,0,0,0,0,1,1,0,0,3,,,,,
Dwayne Haskins,QB,WAS,1,PHI,178,1,31,17,0,17,0,7,0,0,0,0,0,0,0,0,0,0,0,0,0,0,,,,,
Emmanuel Sanders,WR,NO,1,TB,0,0,0,0,0,0,0,0,3,15,1,5,0,0,0,0,0,0,0,0,0,0,,,,,
Eric Ebron,TE,PIT,1,NYG,0,0,0,0,0,0,0,0,1,18,0,2,0,0,0,0,0,0,0,0,0,0,,,,,
Eric Tomlinson,TE,NYG,1,PIT,0,0,0,0,0,0,0,0,0,0,0,0,0,0,0,0,0,0,0,0,0,0,,,,,
Evan Engram,TE,NYG,1,PIT,0,0,0,0,0,0,0,0,2,9,0,7,0,0,0,0,0,0,0,0,0,0,,,,,
Ezekiel Elliott,RB,DAL,1,LA,0,0,0,0,0,96,1,22,3,31,1,4,0,0,0,0,0,0,0,0,0,0,,,,,
Frank Gore,RB,NYJ,1,BUF,0,0,0,0,0,24,0,6,0,0,0,0,0,0,0,0,0,0,0,0,0,0,,,,,
Freddie Swain,WR,SEA,1,ATL,0,0,0,0,0,0,0,0,1,17,0,1,0,0,0,0,0,0,0,0,0,0,,,,,
GB,DEF,GB,1,MIN,,,,,,,,,,,,,,,,,,,,,,,0,1,0,0,34.0
Gabe Davis,WR,BUF,1,NYJ,0,0,0,0,0,0,0,0,2,16,0,2,0,0,0,0,0,0,0,0,0,0,,,,,
Gardner Minshew,QB,JAX,1,IND,173,3,20,19,0,19,0,5,0,0,0,0,0,0,0,0,0,0,0,0,0,0,,,,,
George Kittle,TE,SF,1,ARI,0,0,0,0,0,9,0,1,4,44,0,5,0,0,0,0,0,0,0,0,0,0,,,,,
Gerald Everett,TE,LA,1,DAL,0,0,0,0,0,0,0,0,1,7,0,2,0,0,0,0,0,0,0,0,0,0,,,,,
Giovani Bernard,RB,CIN,1,LAC,0,0,0,0,0,7,0,1,4,21,0,5,0,0,0,0,0,0,0,0,0,0,,,,,
Graham Gano,K,NYG,1,PIT,0,0,0,0,0,0,0,0,0,0,0,0,0,0,0,0,1,0,0,0,0,1,,,,,
Greg Olsen,TE,SEA,1,ATL,0,0,0,0,0,0,0,0,4,24,1,4,0,0,0,0,0,0,0,0,0,0,,,,,
Greg Ward,WR,PHI,1,WAS,0,0,0,0,0,0,0,0,5,31,0,7,0,0,0,0,0,0,0,0,0,0,,,,,
Greg Zuerlein,K,DAL,1,LA,0,0,0,0,0,0,0,0,0,0,0,0,0,0,0,0,0,1,0,0,0,2,,,,,
Gus Edwards,RB,BAL,1,CLE,0,0,0,0,0,17,0,4,0,0,0,0,0,0,0,0,0,0,0,0,0,0,,,,,
HOU,DEF,HOU,1,KC,,,,,,,,,,,,,,,,,,,,,,,0,0,0,0,34.0
Harrison Bryant,TE,CLE,1,BAL,0,0,0,0,0,0,0,0,1,5,0,2,0,0,0,0,0,0,0,0,0,0,,,,,
Harrison Butker,K,KC,1,HOU,0,0,0,0,0,0,0,0,0,0,0,0,0,0,0,1,1,0,0,0,0,4,,,,,
Hayden Hurst,TE,ATL,1,SEA,0,0,0,0,0,0,0,0,3,38,0,5,0,0,0,0,0,0,0,0,0,0,,,,,
Henry Ruggs III,WR,LV,1,CAR,0,0,0,0,0,11,0,2,3,55,0,5,0,0,0,0,0,0,0,0,0,0,,,,,
Hunter Henry,TE,LAC,1,CIN,0,0,0,0,0,0,0,0,5,73,0,8,0,0,0,0,0,0,0,0,0,0,,,,,
Hunter Renfrow,WR,LV,1,CAR,0,0,0,0,0,0,0,0,2,21,0,2,0,0,0,0,0,0,0,0,0,0,,,,,
IND,DEF,IND,1,JAX,,,,,,,,,,,,,,,,,,,,,,,0,0,0,0,27.0
Ian Thomas,TE,CAR,1,LV,0,0,0,0,0,0,0,0,2,16,0,2,0,0,0,0,0,0,0,0,0,0,,,,,
Irv Smith,TE,MIN,1,GB,0,0,0,0,0,0,0,0,1,11,0,1,0,0,0,0,0,0,0,0,0,0,,,,,
Isaiah Ford,WR,MIA,1,NE,0,0,0,0,0,0,0,0,2,13,0,5,0,0,0,0,0,0,0,0,0,0,,,,,
Isaiah McKenzie,WR,BUF,1,NYJ,0,0,0,0,0,0,0,0,3,17,0,3,0,0,0,0,0,0,0,0,0,0,,,,,
Ito Smith,RB,ATL,1,SEA,0,0,0,0,0,4,0,1,3,2,0,3,0,0,0,0,0,0,0,0,0,0,,,,,
J.D. McKissic,RB,WAS,1,PHI,0,0,0,0,0,-2,0,3,1,1,0,5,0,0,0,0,0,0,0,0,0,0,,,,,
J.J. Taylor,RB,NE,1,MIA,0,0,0,0,0,28,0,4,1,4,0,1,0,0,0,0,0,0,0,0,0,0,,,,,
J.K. Dobbins,RB,BAL,1,CLE,0,0,0,0,0,22,2,7,0,0,0,0,0,0,0,0,0,0,0,0,0,0,,,,,
JAX,DEF,JAX,1,IND,,,,,,,,,,,,,,,,,,,,,,,0,0,0,0,20.0
Jace Sternberger,TE,GB,1,MIN,0,0,0,0,0,0,0,0,0,0,0,1,0,0,0,0,0,0,0,0,0,0,,,,,
Jack Doyle,TE,IND,1,JAX,0,0,0,0,0,0,0,0,3,49,0,4,0,0,0,0,0,0,0,0,0,0,,,,,
Jacob Hollister,TE,SEA,1,ATL,0,0,0,0,0,0,0,0,1,9,0,1,0,0,0,0,0,0,0,0,0,0,,,,,
Jacoby Brissett,QB,IND,1,JAX,0,0,0,0,0,0,0,0,0,0,0,0,0,0,0,0,0,0,0,0,0,0,,,,,
Jake Butt,TE,DEN,1,TEN,0,0,0,0,0,0,0,0,1,0,0,2,0,0,0,0,0,0,0,0,0,0,,,,,
Jake Elliott,K,PHI,1,WAS,0,0,0,0,0,0,0,0,0,0,0,0,0,0,0,0,0,1,0,0,0,2,,,,,
Jakeem Grant,WR,MIA,1,NE,0,0,0,0,0,0,0,0,3,25,0,3,0,0,0,0,0,0,0,0,0,0,,,,,
Jalen Guyton,WR,LAC,1,CIN,0,0,0,0,0,0,0,0,1,16,0,1,0,0,0,0,0,0,0,0,0,0,,,,,
Jalen Reagor,WR,PHI,1,WAS,0,0,0,0,0,0,0,0,1,55,0,4,0,0,0,0,0,0,0,0,0,0,,,,,
Jalen Richard,RB,LV,1,CAR,0,0,0,0,0,0,0,0,1,15,0,1,0,0,0,0,0,0,0,0,0,0,,,,,
Jamaal Williams,RB,GB,1,MIN,0,0,0,0,0,21,0,7,4,21,0,4,0,0,0,0,0,0,0,0,0,0,,,,,
Jamal Agnew,WR,DET,1,CHI,0,0,0,0,0,0,0,0,0,0,0,1,0,0,0,0,0,0,0,0,0,0,,,,,
James Conner,RB,PIT,1,NYG,0,0,0,0,0,9,0,6,2,8,0,4,0,0,0,0,0,0,0,0,0,0,,,,,
James O'Shaughnessy,TE,JAX,1,IND,0,0,0,0,0,0,0,0,1,0,0,1,0,0,0,0,0,0,0,0,0,0,,,,,
James Proche,WR,BAL,1,CLE,0,0,0,0,0,0,0,0,0,0,0,0,0,0,0,0,0,0,0,0,0,0,,,,,
James Robinson,RB,JAX,1,IND,0,0,0,0,0,62,0,16,1,28,0,1,0,0,0,0,0,0,0,0,0,0,,,,,
James Washington,WR,PIT,1,NYG,0,0,0,0,0,0,0,0,2,34,1,3,0,0,0,0,0,0,0,0,0,0,,,,,
James White,RB,NE,1,MIA,0,0,0,0,0,22,0,5,3,30,0,3,0,0,0,0,0,0,0,0,0,0,,,,,
Jamison Crowder,WR,NYJ,1,BUF,0,0,0,0,0,0,0,0,7,115,1,13,0,0,0,0,0,0,0,0,0,0,,,,,
Jared Cook,TE,NO,1,TB,0,0,0,0,0,0,0,0,5,80,0,7,0,0,0,0,0,0,0,0,0,0,,,,,
Jared Goff,QB,LA,1,DAL,275,0,31,20,1,15,0,4,0,0,0,0,0,0,0,0,0,0,0,0,0,0,,,,,
Jarvis Landry,WR,CLE,1,BAL,0,0,0,0,0,0,0,0,5,61,0,6,0,0,0,0,0,0,0,0,0,0,,,,,
Jason Huntley,RB,PHI,1,WAS,0,0,0,0,0,1,0,1,0,0,0,0,0,0,0,0,0,0,0,0,0,0,,,,,
Jason Myers,K,SEA,1,ATL,0,0,0,0,0,0,0,0,0,0,0,0,0,0,0,0,0,0,1,0,0,5,,,,,
Jason Sanders,K,MIA,1,NE,0,0,0,0,0,0,0,0,0,0,0,0,0,0,0,0,0,0,1,0,0,0,,,,,
Jason Witten,TE,LV,1,CAR,0,0,0,0,0,0,0,0,1,2,0,1,0,0,0,0,0,0,0,0,0,0,,,,,
Javon Wims,WR,CHI,1,DET,0,0,0,0,0,0,0,0,1,1,1,2,0,0,0,0,0,0,0,0,0,0,,,,,
Jaydon Mickens,WR,TB,1,NO,0,0,0,0,0,0,0,0,0,0,0,0,0,0,0,0,0,0,0,0,0,0,,,,,
Jaylen Samuels,RB,PIT,1,NYG,0,0,0,0,0,2,0,1,1,1,0,1,0,0,0,0,0,0,0,0,0,0,,,,,
Jeremy McNichols,RB,TEN,1,DEN,0,0,0,0,0,0,0,0,0,0,0,1,0,0,0,0,0,0,0,0,0,0,,,,,
Jerick McKinnon,RB,SF,1,ARI,0,0,0,0,0,24,0,3,3,20,1,5,0,0,0,0,0,0,0,0,0,0,,,,,
Jerry Jeudy,WR,DEN,1,TEN,0,0,0,0,0,0,0,0,4,56,0,8,0,0,0,0,0,0,0,0,0,0,,,,,
Jimmy Garoppolo,QB,SF,1,ARI,259,2,33,19,0,9,0,1,0,0,0,0,0,0,0,0,0,0,0,0,0,0,,,,,
Jimmy Graham,TE,CHI,1,DET,0,0,0,0,0,0,0,0,3,25,1,7,0,0,0,0,0,0,0,0,0,0,,,,,
JoJo Natson,WR,CLE,1,BAL,0,0,0,0,0,0,0,0,0,0,0,0,0,0,0,0,0,0,0,0,0,0,,,,,
Joe Burrow,QB,CIN,1,LAC,193,0,36,23,1,46,1,8,0,0,0,0,0,0,0,0,0,0,0,0,0,0,,,,,
Joe Mixon,RB,CIN,1,LAC,0,0,0,0,0,69,0,19,1,2,0,2,0,0,0,0,0,0,0,0,0,0,,,,,
Joe Reed,WR,LAC,1,CIN,0,0,0,0,0,0,0,0,0,0,0,0,0,0,0,0,0,0,0,0,0,0,,,,,
Joey Slye,K,CAR,1,LV,0,0,0,0,0,0,0,0,0,0,0,0,0,0,0,0,0,1,2,0,0,1,,,,,
John Brown,WR,BUF,1,NYJ,0,0,0,0,0,0,0,0,6,70,1,10,0,0,0,0,0,0,0,0,0,0,,,,,
John Hightower,WR,PHI,1,WAS,0,0,0,0,0,0,0,0,1,-2,0,4,0,0,0,0,0,0,0,0,0,0,,,,,
John Ross,WR,CIN,1,LAC,0,0,0,0,0,0,0,0,2,17,0,5,0,0,0,0,0,0,0,0,0,0,,,,,
Jonathan Taylor,RB,IND,1,JAX,0,0,0,0,0,22,0,9,6,67,0,6,0,0,0,0,0,0,0,0,0,0,,,,,
Jonnu Smith,TE,TEN,1,DEN,0,0,0,0,0,0,0,0,4,36,1,7,0,0,0,0,0,0,0,0,0,0,,,,,
Jordan Akins,TE,HOU,1,KC,0,0,0,0,0,0,0,0,2,39,1,2,0,0,0,0,0,0,0,0,0,0,,,,,
Jordan Howard,RB,MIA,1,NE,0,0,0,0,0,7,1,8,0,0,0,0,0,0,0,0,0,0,0,0,0,0,,,,,
Jordan Reed,TE,SF,1,ARI,0,0,0,0,0,0,0,0,2,12,0,2,0,0,0,0,0,0,0,0,0,0,,,,,
Josh Adams,RB,NYJ,1,BUF,0,0,0,0,0,8,1,2,2,14,0,2,0,0,0,0,0,0,0,0,0,0,,,,,
Josh Allen,QB,BUF,1,NYJ,312,2,46,33,0,57,1,14,0,0,0,0,0,0,0,0,0,0,0,0,0,0,,,,,
Josh Hill,TE,NO,1,TB,0,0,0,0,0,0,0,0,0,0,0,1,0,0,0,0,0,0,0,0,0,0,,,,,
Josh Jacobs,RB,LV,1,CAR,0,0,0,0,0,93,3,25,4,46,0,6,0,0,0,0,0,0,0,0,0,0,,,,,
Josh Lambo,K,JAX,1,IND,0,0,0,0,0,0,0,0,0,0,0,0,0,0,0,0,0,0,1,1,0,3,,,,,
Josh Malone,WR,NYJ,1,BUF,0,0,0,0,0,0,0,0,0,0,0,0,0,0,0,0,0,0,0,0,0,0,,,,,
Josh Reynolds,WR,LA,1,DAL,0,0,0,0,0,0,0,0,1,17,0,1,0,0,0,0,0,0,0,0,0,0,,,,,
Joshua Kelley,RB,LAC,1,CIN,0,0,0,0,0,60,1,12,0,0,0,0,0,0,0,0,0,0,0,0,0,0,,,,,
Josiah Deguara,TE,GB,1,MIN,0,0,0,0,0,0,0,0,1,12,0,2,0,0,0,0,0,0,0,0,0,0,,,,,
JuJu Smith-Schuster,WR,PIT,1,NYG,0,0,0,0,0,0,0,0,6,69,2,6,0,0,0,0,0,0,0,0,0,0,,,,,
Julian Edelman,WR,NE,1,MIA,0,0,0,0,0,23,0,1,5,57,0,7,0,0,0,0,0,0,0,0,0,0,,,,,
Julio Jones,WR,ATL,1,SEA,0,0,0,0,0,0,0,0,9,157,0,12,0,0,0,0,0,0,0,0,0,0,,,,,
Justin Jackson,RB,LAC,1,CIN,0,0,0,0,0,4,0,2,0,0,0,0,0,0,0,0,0,0,0,0,0,0,,,,,
Justin Jefferson,WR,MIN,1,GB,0,0,0,0,0,0,0,0,2,26,0,3,0,0,0,0,0,0,0,0,0,0,,,,,
Justin Tucker,K,BAL,1,CLE,0,0,0,0,0,0,0,0,0,0,0,0,0,0,0,0,0,0,1,0,0,5,,,,,
Justin Watson,WR,TB,1,NO,0,0,0,0,0,0,0,0,1,6,0,2,0,0,0,0,0,0,0,0,0,0,,,,,
K.J. Osborn,WR,MIN,1,GB,0,0,0,0,0,0,0,0,0,0,0,0,0,0,0,0,0,0,0,0,0,0,,,,,
KC,DEF,KC,1,HOU,,,,,,,,,,,,,,,,,,,,,,,0,0,0,0,20.0
Ka'imi Fairbairn,K,HOU,1,KC,0,0,0,0,0,0,0,0,0,0,0,0,0,0,0,0,0,0,0,0,0,2,,,,,
Kaden Smith,TE,NYG,1,PIT,0,0,0,0,0,0,0,0,2,17,0,2,0,0,0,0,0,0,0,0,0,0,,,,,
Kalif Raymond,WR,TEN,1,DEN,0,0,0,0,0,0,0,0,0,0,0,2,0,0,0,0,0,0,0,0,0,0,,,,,
Kareem Hunt,RB,CLE,1,BAL,0,0,0,0,0,72,0,13,4,9,0,6,0,0,0,0,0,0,0,0,0,0,,,,,
Keelan Cole,WR,JAX,1,IND,0,0,0,0,0,0,0,0,5,47,1,5,0,0,0,0,0,0,0,0,0,0,,,,,
Keenan Allen,WR,LAC,1,CIN,0,0,0,0,0,0,0,0,4,37,0,8,0,0,0,0,0,0,0,0,0,0,,,,,
Kendrick Bourne,WR,SF,1,ARI,0,0,0,0,0,0,0,0,2,34,0,5,0,0,0,0,0,0,0,0,0,0,,,,,
Kenny Stills,WR,HOU,1,KC,0,0,0,0,0,0,0,0,0,0,0,2,0,0,0,0,0,0,0,0,0,0,,,,,
Kenyan Drake,RB,ARI,1,SF,0,0,0,0,0,60,1,16,2,5,0,2,0,0,0,0,0,0,0,0,0,0,,,,,
Kerryon Johnson,RB,DET,1,CHI,0,0,0,0,0,14,0,7,0,0,0,0,0,0,0,0,0,0,0,0,0,0,,,,,
KhaDarel Hodge,WR,CLE,1,BAL,0,0,0,0,0,0,0,0,1,12,0,3,0,0,0,0,0,0,0,0,0,0,,,,,
Kirk Cousins,QB,MIN,1,GB,259,2,25,19,1,34,0,4,0,0,0,0,0,0,1,0,0,0,0,0,0,0,,,,,
Kyle Juszczyk,RB,SF,1,ARI,0,0,0,0,0,7,0,1,1,41,0,2,0,0,0,0,0,0,0,0,0,0,,,,,
Kyle Rudolph,TE,MIN,1,GB,0,0,0,0,0,0,0,0,2,28,0,2,0,0,0,0,0,0,0,0,0,0,,,,,
Kyler Murray,QB,ARI,1,SF,230,1,40,26,1,91,1,13,0,0,0,0,0,0,0,0,0,0,0,0,0,0,,,,,
LA,DEF,LA,1,DAL,,,,,,,,,,,,,,,,,,,,,,,0,0,0,0,17.0
LAC,DEF,LAC,1,CIN,,,,,,,,,,,,,,,,,,,,,,,0,0,0,0,13.0
LV,DEF,LV,1,CAR,,,,,,,,,,,,,,,,,,,,,,,0,0,0,0,30.0
Lamar Jackson,QB,BAL,1,CLE,275,3,25,20,0,45,0,7,0,0,0,0,0,0,0,0,0,0,0,0,0,0,,,,,
Larry Fitzgerald,WR,ARI,1,SF,0,0,0,0,0,0,0,0,4,34,0,5,0,0,0,0,0,0,0,0,0,0,,,,,
Latavius Murray,RB,NO,1,TB,0,0,0,0,0,48,0,15,0,0,0,1,0,0,0,0,0,0,0,0,0,0,,,,,
Laviska Shenault Jr.,WR,JAX,1,IND,0,0,0,0,0,10,0,2,3,37,1,4,0,0,0,0,0,0,0,0,0,0,,,,,
Le'Veon Bell,RB,NYJ,1,BUF,0,0,0,0,0,14,0,6,2,32,0,2,0,0,0,0,0,0,0,0,0,0,,,,,
LeSean McCoy,RB,TB,1,NO,0,0,0,0,0,0,0,0,1,2,0,1,0,0,0,0,0,0,0,0,0,0,,,,,
Leonard Fournette,RB,TB,1,NO,0,0,0,0,0,5,0,5,1,14,0,1,0,0,0,0,0,0,0,0,0,0,,,,,
Levine Toilolo,TE,NYG,1,PIT,0,0,0,0,0,0,0,0,1,13,0,1,0,0,0,0,0,0,0,0,0,0,,,,,
Logan Thomas,TE,WAS,1,PHI,0,0,0,0,0,0,0,0,4,37,1,8,0,0,0,0,0,0,0,0,0,0,,,,,
Luke Stocker,TE,ATL,1,SEA,0,0,0,0,0,0,0,0,0,0,0,1,0,0,0,0,0,0,0,0,0,0,,,,,
MIA,DEF,MIA,1,NE,,,,,,,,,,,,,,,,,,,,,,,0,0,0,0,21.0
MIN,DEF,MIN,1,GB,,,,,,,,,,,,,,,,,,,,,,,0,0,0,0,43.0
Malcolm Brown,RB,LA,1,DAL,0,0,0,0,0,79,2,18,3,31,0,4,0,0,0,0,0,0,0,0,0,0,,,,,
Marcus Kemp,WR,KC,1,HOU,0,0,0,0,0,0,0,0,0,0,0,0,0,0,0,0,0,0,0,0,0,0,,,,,
Mark Andrews,TE,BAL,1,CLE,0,0,0,0,0,0,0,0,5,58,2,6,0,0,0,0,0,0,0,0,0,0,,,,,
Mark Ingram,RB,BAL,1,CLE,0,0,0,0,0,29,0,10,0,0,0,0,0,0,0,0,0,0,0,0,0,0,,,,,
Marlon Mack,RB,IND,1,JAX,0,0,0,0,0,26,0,4,3,30,0,3,0,0,0,0,0,0,0,0,0,0,,,,,
Marquez Valdes-Scantling,WR,GB,1,MIN,0,0,0,0,0,0,0,0,4,96,1,6,0,0,0,0,0,0,0,0,0,0,,,,,
Marquise Brown,WR,BAL,1,CLE,0,0,0,0,0,0,0,0,5,101,0,6,0,0,0,0,0,0,0,0,0,0,,,,,
Marvin Hall,WR,DET,1,CHI,0,0,0,0,0,0,0,0,1,26,0,2,0,0,0,0,0,0,0,0,0,0,,,,,
Marvin Jones,WR,DET,1,CHI,0,0,0,0,0,0,0,0,4,55,0,8,0,0,0,0,0,0,0,0,0,0,,,,,
Mason Crosby,K,GB,1,MIN,0,0,0,0,0,0,0,0,0,0,0,0,0,0,0,0,0,1,1,0,0,5,,,,,
Matt Breida,RB,MIA,1,NE,0,0,0,0,0,22,0,5,0,0,0,0,0,0,0,0,0,0,0,0,0,0,,,,,
Matt Prater,K,DET,1,CHI,0,0,0,0,0,0,0,0,0,0,0,0,0,0,0,0,1,1,1,0,0,2,,,,,
Matt Ryan,QB,ATL,1,SEA,450,2,54,37,1,-1,0,1,0,0,0,0,0,0,0,0,0,0,0,0,0,0,,,,,
Matthew Stafford,QB,DET,1,CHI,297,1,42,24,1,23,0,5,0,0,0,0,0,0,0,0,0,0,0,0,0,0,,,,,
Maxx Williams,TE,ARI,1,SF,0,0,0,0,0,0,0,0,0,0,0,2,0,0,0,0,0,0,0,0,0,0,,,,,
Mecole Hardman,WR,KC,1,HOU,0,0,0,0,0,0,0,0,1,6,0,1,0,0,0,0,0,0,0,0,0,0,,,,,
Melvin Gordon,RB,DEN,1,TEN,0,0,0,0,0,78,1,15,3,8,0,3,0,0,0,0,0,0,0,0,0,0,,,,,
Michael Gallup,WR,DAL,1,LA,0,0,0,0,0,0,0,0,3,50,0,5,0,0,0,0,0,0,0,0,0,0,,,,,
Michael Pittman,WR,IND,1,JAX,0,0,0,0,0,0,0,0,2,10,0,2,0,0,0,0,0,0,0,0,0,0,,,,,
Michael Thomas,WR,NO,1,TB,0,0,0,0,0,0,0,0,3,17,0,5,0,0,0,0,0,0,0,0,0,0,,,,,
Mike Badgley,K,LAC,1,CIN,0,0,0,0,0,0,0,0,0,0,0,0,0,0,0,0,2,0,1,0,0,1,,,,,
Mike Boone,RB,MIN,1,GB,0,0,0,0,0,0,0,0,0,0,0,0,0,0,0,0,0,0,0,0,0,0,,,,,
Mike Davis,RB,CAR,1,LV,0,0,0,0,0,0,0,0,0,0,0,0,0,0,0,0,0,0,0,0,0,0,,,,,
Mike Evans,WR,TB,1,NO,0,0,0,0,0,0,0,0,1,2,1,4,0,0,0,0,0,0,0,0,0,0,,,,,
Mike Gesicki,TE,MIA,1,NE,0,0,0,0,0,0,0,0,3,30,0,5,0,0,0,0,0,0,0,0,0,0,,,,,
Mike Thomas,WR,CIN,1,LAC,0,0,0,0,0,0,0,0,2,17,0,3,0,0,0,0,0,0,0,0,0,0,,,,,
Mike Williams,WR,LAC,1,CIN,0,0,0,0,0,0,0,0,4,69,0,9,0,0,0,0,0,0,0,0,0,0,,,,,
Miles Boykin,WR,BAL,1,CLE,0,0,0,0,0,0,0,0,3,37,0,4,0,0,0,0,0,0,0,0,0,0,,,,,
Mitchell Trubisky,QB,CHI,1,DET,242,3,36,20,0,26,0,3,0,0,0,0,0,0,0,0,0,0,0,0,0,0,,,,,
Mo Alie-Cox,TE,IND,1,JAX,0,0,0,0,0,0,0,0,2,20,0,2,0,0,0,0,0,0,0,0,0,0,,,,,
MyCole Pruitt,TE,TEN,1,DEN,0,0,0,0,0,0,0,0,1,1,1,1,0,0,0,0,0,0,0,0,0,0,,,,,
Myles Gaskin,RB,MIA,1,NE,0,0,0,0,0,40,0,9,4,26,0,4,0,0,0,0,0,0,0,0,0,0,,,,,
N'Keal Harry,TE,NE,1,MIA,0,0,0,0,0,0,0,0,5,39,0,6,0,0,0,0,0,0,0,0,0,0,,,,,
NE,DEF,NE,1,MIA,,,,,,,,,,,,,,,,,,,,,,,0,0,0,0,11.0
NO,DEF,NO,1,TB,,,,,,,,,,,,,,,,,,,,,,,1,0,0,0,23.0
NYG,DEF,NYG,1,PIT,,,,,,,,,,,,,,,,,,,,,,,0,0,0,0,26.0
NYJ,DEF,NYJ,1,BUF,,,,,,,,,,,,,,,,,,,,,,,0,0,0,0,27.0
Nelson Agholor,WR,LV,1,CAR,0,0,0,0,0,0,0,0,1,23,1,1,0,0,0,0,0,0,0,0,0,0,,,,,
Nick Boyle,TE,BAL,1,CLE,0,0,0,0,0,0,0,0,2,3,0,3,0,0,0,0,0,0,0,0,0,0,,,,,
Nick Chubb,RB,CLE,1,BAL,0,0,0,0,0,60,0,10,1,6,0,1,0,0,0,0,0,0,0,0,0,0,,,,,
Nick Folk,K,NE,1,MIA,0,0,0,0,0,0,0,0,0,0,0,0,0,0,0,0,0,0,0,0,0,3,,,,,
Nick Keizer,TE,KC,1,HOU,0,0,0,0,0,0,0,0,0,0,0,0,0,0,0,0,0,0,0,0,0,0,,,,,
Nick Vannett,TE,DEN,1,TEN,0,0,0,0,0,0,0,0,1,-6,0,2,0,0,0,0,0,0,0,0,0,0,,,,,
Noah Fant,TE,DEN,1,TEN,0,0,0,0,0,0,0,0,5,81,1,6,0,0,0,0,0,0,0,0,0,0,,,,,
Nsimba Webster,WR,LA,1,DAL,0,0,0,0,0,0,0,0,0,0,0,0,0,0,0,0,0,0,0,0,0,0,,,,,
Nyheim Hines,RB,IND,1,JAX,0,0,0,0,0,28,1,7,8,45,1,8,0,0,0,0,0,0,0,0,0,0,,,,,
O.J. Howard,TE,TB,1,NO,0,0,0,0,0,0,0,0,4,36,1,6,0,0,0,0,0,0,0,0,0,0,,,,,
Odell Beckham Jr.,WR,CLE,1,BAL,0,0,0,0,0,0,0,0,3,22,0,10,0,0,0,0,0,0,0,0,0,0,,,,,
Olamide Zaccheaus,WR,ATL,1,SEA,0,0,0,0,0,0,0,0,0,0,0,0,0,0,0,0,0,0,0,0,0,0,,,,,
PHI,DEF,PHI,1,WAS,,,,,,,,,,,,,,,,,,,,,,,0,0,0,0,27.0
PIT,DEF,PIT,1,NYG,,,,,,,,,,,,,,,,,,,,,,,0,0,0,0,16.0
Parris Campbell,WR,IND,1,JAX,0,0,0,0,0,9,0,1,6,71,0,9,0,0,0,0,0,0,0,0,0,0,,,,,
Patrick Laird,RB,MIA,1,NE,0,0,0,0,0,0,0,0,2,9,0,2,0,0,0,0,0,0,0,0,0,0,,,,,
Patrick Mahomes,QB,KC,1,HOU,211,3,32,24,0,0,0,0,0,0,0,0,0,0,0,0,0,0,0,0,0,0,,,,,
Patrick Ricard,RB,BAL,1,CLE,0,0,0,0,0,-1,0,1,1,9,0,1,0,0,0,0,0,0,0,0,0,0,,,,,
Peyton Barber,RB,WAS,1,PHI,0,0,0,0,0,29,2,17,0,0,0,0,0,0,0,0,0,0,0,0,0,0,,,,,
Pharoh Cooper,WR,CAR,1,LV,0,0,0,0,0,0,0,0,0,0,0,0,0,0,0,0,0,0,0,0,0,0,,,,,
Philip Rivers,QB,IND,1,JAX,363,1,46,36,2,3,0,1,0,0,0,0,0,0,0,0,0,0,0,0,0,0,,,,,
Phillip Lindsay,RB,DEN,1,TEN,0,0,0,0,0,24,0,7,1,11,0,1,0,0,0,0,0,0,0,0,0,0,,,,,
Preston Williams,WR,MIA,1,NE,0,0,0,0,0,0,0,0,2,41,0,7,0,0,0,0,0,0,0,0,0,0,,,,,
Quintez Cephus,WR,DET,1,CHI,0,0,0,0,0,0,0,0,3,43,0,10,0,0,0,0,0,0,0,0,0,0,,,,,
Raheem Mostert,RB,SF,1,ARI,0,0,0,0,0,56,0,15,4,95,1,5,0,0,0,0,0,0,0,0,0,0,,,,,
Randall Cobb,WR,HOU,1,KC,0,0,0,0,0,0,0,0,2,23,0,3,0,0,0,0,0,0,0,0,0,0,,,,,
Randy Bullock,K,CIN,1,LAC,0,0,0,0,0,0,0,0,0,0,0,0,0,0,0,0,0,0,1,1,0,1,,,,,
Rashard Higgins,WR,CLE,1,BAL,0,0,0,0,0,0,0,0,1,9,0,1,0,0,0,0,0,0,0,0,0,0,,,,,
Ray-Ray McCloud,WR,PIT,1,NYG,0,0,0,0,0,0,0,0,0,0,0,0,0,0,0,0,0,0,0,0,0,0,,,,,
Rex Burkhead,RB,NE,1,MIA,0,0,0,0,0,32,0,7,0,0,0,0,0,0,0,0,0,0,0,0,0,0,,,,,
Rob Gronkowski,TE,TB,1,NO,0,0,0,0,0,0,0,0,2,11,0,3,0,0,0,0,0,0,0,0,0,0,,,,,
Robbie Chosen,WR,CAR,1,LV,0,0,0,0,0,0,0,0,6,114,1,8,0,0,1,0,0,0,0,0,0,0,,,,,
Robbie Gould,K,SF,1,ARI,0,0,0,0,0,0,0,0,0,0,0,0,0,0,0,0,1,0,0,1,0,2,,,,,
Robert Griffin III,QB,BAL,1,CLE,9,0,1,1,0,-1,0,1,0,0,0,0,0,0,0,0,0,0,0,0,0,0,,,,,
Robert Woods,WR,LA,1,DAL,0,0,0,0,0,14,0,1,6,105,0,8,0,0,0,0,0,0,0,0,0,0,,,,,
Rodrigo Blankenship,K,IND,1,JAX,0,0,0,0,0,0,0,0,0,0,0,0,0,0,0,0,1,1,0,0,0,2,,,,,
Ronald Jones,RB,TB,1,NO,0,0,0,0,0,66,0,17,2,16,0,3,0,0,0,0,0,0,0,0,0,0,,,,,
Ross Dwelley,TE,SF,1,ARI,0,0,0,0,0,0,0,0,0,0,0,0,0,0,0,0,0,0,0,0,0,0,,,,,
Royce Freeman,RB,DEN,1,TEN,0,0,0,0,0,0,0,1,1,12,0,1,0,0,0,0,0,0,0,0,0,0,,,,,
Russell Gage,WR,ATL,1,SEA,0,0,0,0,0,0,0,0,9,114,0,12,0,0,0,0,0,0,0,0,0,0,,,,,
Russell Wilson,QB,SEA,1,ATL,322,4,35,31,0,29,0,3,0,0,0,0,0,0,0,0,0,0,0,0,0,0,,,,,
Ryan Fitzpatrick,QB,MIA,1,NE,191,0,30,20,3,18,0,5,0,0,0,0,0,0,1,0,0,0,0,0,0,0,,,,,
Ryan Griffin,TE,NYJ,1,BUF,0,0,0,0,0,0,0,0,0,0,0,0,0,0,0,0,0,0,0,0,0,0,,,,,
Ryan Izzo,TE,NE,1,MIA,0,0,0,0,0,0,0,0,1,25,0,2,0,0,0,0,0,0,0,0,0,0,,,,,
Ryan Succop,K,TB,1,NO,0,0,0,0,0,0,0,0,0,0,0,0,0,0,0,0,0,1,0,0,0,2,,,,,
Ryan Tannehill,QB,TEN,1,DEN,249,2,43,29,0,14,0,3,0,0,0,0,0,0,0,0,0,0,0,0,0,0,,,,,
SEA,DEF,SEA,1,ATL,,,,,,,,,,,,,,,,,,,,,,,0,0,0,0,25.0
SF,DEF,SF,1,ARI,,,,,,,,,,,,,,,,,,,,,,,0,0,0,0,24.0
Sam Darnold,QB,NYJ,1,BUF,215,1,35,21,1,6,0,1,0,0,0,0,0,0,0,0,0,0,0,0,0,0,,,,,
Sam Ficken,K,NYJ,1,BUF,0,0,0,0,0,0,0,0,0,0,0,0,0,0,0,0,0,1,0,0,0,2,,,,,
Sam Sloman,K,LA,1,DAL,0,0,0,0,0,0,0,0,0,0,0,0,0,0,0,0,0,2,0,0,0,2,,,,,
Samaje Perine,RB,CIN,1,LAC,0,0,0,0,0,0,0,0,0,0,0,0,0,0,0,0,0,0,0,0,0,0,,,,,
Sammy Watkins,WR,KC,1,HOU,0,0,0,0,0,3,0,1,7,82,1,9,0,0,0,0,0,0,0,0,0,0,,,,,
Saquon Barkley,RB,NYG,1,PIT,0,0,0,0,0,6,0,15,6,60,0,9,0,0,0,0,0,0,0,0,0,0,,,,,
Scott Miller,WR,TB,1,NO,0,0,0,0,0,6,0,1,5,73,0,6,0,0,0,0,0,0,0,0,0,0,,,,,
Senorise Perry,RB,TEN,1,DEN,0,0,0,0,0,0,0,0,0,0,0,0,0,0,0,0,0,0,0,0,0,0,,,,,
Seth Roberts,WR,CAR,1,LV,0,0,0,0,0,0,0,0,1,5,0,2,0,0,0,0,0,0,0,0,0,0,,,,,
Sony Michel,RB,NE,1,MIA,0,0,0,0,0,37,1,10,0,0,0,0,0,0,0,0,0,0,0,0,0,0,,,,,
Stefon Diggs,WR,BUF,1,NYJ,0,0,0,0,0,0,0,0,8,86,0,9,0,0,0,0,0,0,0,0,0,0,,,,,
Stephen Carlson,TE,CLE,1,BAL,0,0,0,0,0,0,0,0,0,0,0,1,0,0,0,0,0,0,0,0,0,0,,,,,
Stephen Gostkowski,K,TEN,1,DEN,0,0,0,0,0,0,0,0,0,0,0,0,0,0,0,0,1,0,0,0,0,1,,,,,
Sterling Shepard,WR,NYG,1,PIT,0,0,0,0,0,0,0,0,6,47,0,6,0,0,0,0,0,0,0,0,0,0,,,,,
Steven Sims,WR,WAS,1,PHI,0,0,0,0,0,0,0,0,3,50,0,3,0,0,0,0,0,0,0,0,0,0,,,,,
T.J. Hockenson,TE,DET,1,CHI,0,0,0,0,0,0,0,0,5,56,1,5,0,0,0,0,0,0,0,0,0,0,,,,,
T.Y. Hilton,WR,IND,1,JAX,0,0,0,0,0,0,0,0,4,53,0,9,0,0,0,0,0,0,0,0,0,0,,,,,
TB,DEF,TB,1,NO,,,,,,,,,,,,,,,,,,,,,,,0,0,0,0,34.0
TEN,DEF,TEN,1,DEN,,,,,,,,,,,,,,,,,,,,,,,0,0,0,0,14.0
Tajae Sharpe,WR,MIN,1,GB,0,0,0,0,0,0,0,0,0,0,0,1,0,0,0,0,0,0,0,0,0,0,,,,,
Tarik Cohen,RB,CHI,1,DET,0,0,0,0,0,41,0,7,2,6,0,2,0,0,0,0,0,0,0,0,0,0,,,,,
Taysom Hill,TE,NO,1,TB,38,0,1,1,0,13,0,3,1,14,0,1,0,0,0,0,0,0,0,0,0,0,,,,,
Ted Ginn,WR,CHI,1,DET,0,0,0,0,0,0,0,0,0,0,0,1,0,0,0,0,0,0,0,0,0,0,,,,,
Teddy Bridgewater,QB,CAR,1,LV,269,1,34,22,0,26,0,4,0,0,0,0,0,0,1,0,0,0,0,0,0,0,,,,,
Terry McLaurin,WR,WAS,1,PHI,0,0,0,0,0,0,0,0,5,61,0,7,0,0,0,0,0,0,0,0,0,0,,,,,
Tevin Coleman,RB,SF,1,ARI,0,0,0,0,0,18,0,4,1,6,0,2,0,0,0,0,0,0,0,0,0,0,,,,,
Tim Boyle,QB,GB,1,MIN,0,0,0,0,0,-2,0,2,0,0,0,0,0,0,0,0,0,0,0,0,0,0,,,,,
Tim Patrick,WR,DEN,1,TEN,0,0,0,0,0,0,0,0,4,29,0,5,0,0,0,0,0,0,0,0,0,0,,,,,
Todd Gurley,RB,ATL,1,SEA,0,0,0,0,0,56,1,14,2,1,0,5,0,0,0,0,0,0,0,0,0,0,,,,,
Tom Brady,QB,TB,1,NO,239,2,36,23,2,9,1,3,0,0,0,0,0,0,0,0,0,0,0,0,0,0,,,,,
Tony Pollard,RB,DAL,1,LA,0,0,0,0,0,10,0,2,2,22,0,3,0,0,0,0,0,0,0,0,0,0,,,,,
Travis Homer,RB,SEA,1,ATL,0,0,0,0,0,-1,0,3,2,4,0,2,0,0,0,0,0,0,0,0,0,0,,,,,
Travis Kelce,TE,KC,1,HOU,0,0,0,0,0,0,0,0,6,50,1,6,0,0,0,0,0,0,0,0,0,0,,,,,
Tre'Quan Smith,WR,NO,1,TB,0,0,0,0,0,0,0,0,1,4,0,1,0,0,0,0,0,0,0,0,0,0,,,,,
Trent Taylor,WR,SF,1,ARI,0,0,0,0,0,0,0,0,2,7,0,5,0,0,0,0,0,0,0,0,0,0,,,,,
Trenton Cannon,RB,CAR,1,LV,0,0,0,0,0,0,0,0,0,0,0,0,0,0,0,0,0,0,0,0,0,0,,,,,
Ty Montgomery,WR,NO,1,TB,0,0,0,0,0,-4,0,1,0,0,0,0,0,0,0,0,0,0,0,0,0,0,,,,,
Tyler Bass,K,BUF,1,NYJ,0,0,0,0,0,0,0,0,0,0,0,0,0,0,0,1,1,0,0,0,0,3,,,,,
Tyler Boyd,WR,CIN,1,LAC,0,0,0,0,0,0,0,0,4,33,0,5,0,0,0,0,0,0,0,0,0,0,,,,,
Tyler Eifert,TE,JAX,1,IND,0,0,0,0,0,0,0,0,1,8,0,1,0,0,0,0,0,0,0,0,0,0,,,,,
Tyler Ervin,RB,GB,1,MIN,0,0,0,0,0,38,0,3,1,6,0,1,0,0,0,0,0,0,0,0,0,0,,,,,
Tyler Higbee,TE,LA,1,DAL,0,0,0,0,0,0,0,0,3,40,0,4,0,0,0,0,0,0,0,0,0,0,,,,,
Tyler Lockett,WR,SEA,1,ATL,0,0,0,0,0,0,0,0,8,92,0,8,0,0,0,0,0,0,0,0,0,0,,,,,
Tyreek Hill,WR,KC,1,HOU,0,0,0,0,0,0,0,0,5,46,1,6,0,0,0,0,0,0,0,0,0,0,,,,,
Tyrie Cleveland,WR,DEN,1,TEN,0,0,0,0,0,0,0,0,1,7,0,1,0,0,0,0,0,0,0,0,0,0,,,,,
Tyrod Taylor,QB,LAC,1,CIN,208,0,30,16,0,7,0,6,0,0,0,0,0,0,0,0,0,0,0,0,0,0,,,,,
Van Jefferson,WR,LA,1,DAL,0,0,0,0,0,0,0,0,1,31,0,3,0,0,0,0,0,0,0,0,0,0,,,,,
Vance McDonald,TE,PIT,1,NYG,0,0,0,0,0,0,0,0,1,3,0,2,0,0,0,0,0,0,0,0,0,0,,,,,
Virgil Green,TE,LAC,1,CIN,0,0,0,0,0,0,0,0,1,10,0,2,0,0,0,0,0,0,0,0,0,0,,,,,
WAS,DEF,WAS,1,PHI,,,,,,,,,,,,,,,,,,,,,,,0,0,0,0,17.0
Wayne Gallman,RB,NYG,1,PIT,0,0,0,0,0,0,0,0,1,14,0,1,0,0,0,0,0,0,0,0,0,0,,,,,
Wil Lutz,K,NO,1,TB,0,0,0,0,0,0,0,0,0,0,0,0,0,0,0,0,2,0,0,0,0,4,,,,,
Will Dissly,TE,SEA,1,ATL,0,0,0,0,0,0,0,0,2,8,0,2,0,0,0,0,0,0,0,0,0,0,,,,,
Will Fuller,WR,HOU,1,KC,0,0,0,0,0,0,0,0,8,112,0,10,0,0,0,0,0,0,0,0,0,0,,,,,
Willie Snead,WR,BAL,1,CLE,0,0,0,0,0,0,0,0,4,64,1,4,0,0,0,0,0,0,0,0,0,0,,,,,
Xavier Jones,RB,LA,1,DAL,0,0,0,0,0,0,0,0,0,0,0,0,0,0,0,0,0,0,0,0,0,0,,,,,
Younghoe Koo,K,ATL,1,SEA,0,0,0,0,0,0,0,0,0,0,0,0,0,0,0,0,0,0,2,0,0,1,,,,,
Zach Ertz,TE,PHI,1,WAS,0,0,0,0,0,0,0,0,3,18,1,7,0,0,0,0,0,0,0,0,0,0,,,,,
Zach Pascal,WR,IND,1,JAX,0,0,0,0,0,0,0,0,2,18,0,3,0,0,0,0,0,0,0,0,0,0,,,,,
Zack Moss,RB,BUF,1,NYJ,0,0,0,0,0,11,0,9,3,16,1,4,0,0,0,0,0,0,0,0,0,0,,,,,
Zane Gonzalez,K,ARI,1,SF,0,0,0,0,0,0,0,0,0,0,0,0,0,0,0,0,0,0,0,1,0,3,,,,,
A.J. Green,WR,CIN,2,CLE,0,0,0,0,0,0,0,0,3,29,0,13,0,0,0,0,0,0,0,0,0,0,,,,,
AJ Dillon,RB,GB,2,DET,0,0,0,0,0,17,0,5,0,0,0,0,0,0,0,0,0,0,0,0,0,0,,,,,
ARI,DEF,ARI,2,WAS,,,,,,,,,,,,,,,,,,,,,,,0,0,0,0,15.0
ATL,DEF,ATL,2,DAL,,,,,,,,,,,,,,,,,,,,,,,0,0,0,0,40.0
Aaron Jones,RB,GB,2,DET,0,0,0,0,0,168,2,18,4,68,1,8,0,0,0,0,0,0,0,0,0,0,,,,,
Aaron Rodgers,QB,GB,2,DET,240,2,30,18,0,12,0,2,1,-6,0,1,0,0,0,0,0,0,0,0,0,0,,,,,
Adam Humphries,WR,TEN,2,JAX,0,0,0,0,0,0,0,0,5,48,1,6,0,0,0,0,0,0,0,0,0,0,,,,,
Adam Shaheen,TE,MIA,2,BUF,0,0,0,0,0,0,0,0,1,4,0,2,0,0,0,0,0,0,0,0,0,0,,,,,
Adam Thielen,WR,MIN,2,IND,0,0,0,0,0,0,0,0,3,31,0,8,0,0,0,0,0,0,0,0,0,0,,,,,
Adam Trautman,TE,NO,2,LV,0,0,0,0,0,0,0,0,1,17,0,1,0,0,0,0,0,0,0,0,0,0,,,,,
Adrian Peterson,RB,DET,2,GB,0,0,0,0,0,41,0,7,0,0,0,0,0,0,0,0,0,0,0,0,0,0,,,,,
Alex Armah,RB,CAR,2,TB,0,0,0,0,0,0,0,0,1,14,0,1,0,0,0,0,0,0,0,0,0,0,,,,,
Alex Erickson,WR,CIN,2,CLE,0,0,0,0,0,0,0,0,0,0,0,0,0,0,0,0,0,0,0,0,0,0,,,,,
Alexander Mattison,RB,MIN,2,IND,0,0,0,0,0,13,0,3,1,3,0,2,0,0,0,0,0,0,0,0,0,0,,,,,
Allen Lazard,WR,GB,2,DET,0,0,0,0,0,0,0,0,3,45,0,5,0,0,0,0,0,0,0,0,0,0,,,,,
Allen Robinson,WR,CHI,2,NYG,0,0,0,0,0,0,0,0,3,33,0,9,0,0,0,0,0,0,0,0,0,0,,,,,
Alvin Kamara,RB,NO,2,LV,0,0,0,0,0,79,2,13,9,95,0,9,0,0,0,0,0,0,0,0,0,0,,,,,
Amari Cooper,WR,DAL,2,ATL,0,0,0,0,0,0,0,0,6,100,0,9,0,0,0,0,0,0,0,0,0,0,,,,,
Andre Roberts,WR,BUF,2,MIA,0,0,0,0,0,0,0,0,0,0,0,0,0,0,0,0,0,0,0,0,0,0,,,,,
Andy Dalton,QB,DAL,2,ATL,0,0,1,0,0,0,0,0,0,0,0,0,0,0,0,0,0,0,0,0,0,0,,,,,
Andy Isabella,WR,ARI,2,WAS,0,0,0,0,0,0,0,0,2,67,0,3,0,0,0,0,0,0,0,0,0,0,,,,,
Anthony Firkser,TE,TEN,2,JAX,0,0,0,0,0,0,0,0,4,45,0,4,0,0,0,0,0,0,0,0,0,0,,,,,
Anthony Miller,WR,CHI,2,NYG,0,0,0,0,0,0,0,0,0,0,0,3,0,0,0,0,0,0,0,0,0,0,,,,,
Antonio Gandy-Golden,WR,WAS,2,ARI,0,0,0,0,0,0,0,0,1,3,0,1,0,0,0,0,0,0,0,0,0,0,,,,,
Antonio Gibson,RB,WAS,2,ARI,0,0,0,0,0,55,1,13,1,-3,0,2,0,0,0,0,0,0,0,0,0,0,,,,,
Ashton Dulin,WR,IND,2,MIN,0,0,0,0,0,0,0,0,1,6,0,1,0,0,0,0,0,0,0,0,0,0,,,,,
Austin Ekeler,RB,LAC,2,KC,0,0,0,0,0,93,0,16,4,55,0,4,0,0,0,0,0,0,0,0,0,0,,,,,
Austin Hooper,TE,CLE,2,CIN,0,0,0,0,0,0,0,0,2,22,0,4,0,0,0,0,0,0,0,0,0,0,,,,,
BAL,DEF,BAL,2,HOU,,,,,,,,,,,,,,,,,,,,,,,0,0,0,0,16.0
BUF,DEF,BUF,2,MIA,,,,,,,,,,,,,,,,,,,,,,,0,0,0,0,28.0
Baker Mayfield,QB,CLE,2,CIN,219,2,23,16,1,5,0,3,0,0,0,0,0,0,0,0,0,0,0,0,0,0,,,,,
Ben Roethlisberger,QB,PIT,2,DEN,311,2,41,29,1,-2,0,3,0,0,0,0,0,0,0,0,0,0,0,0,0,0,,,,,
Benny Snell,RB,PIT,2,DEN,0,0,0,0,0,5,0,3,1,-4,0,1,0,0,0,0,0,0,0,0,0,0,,,,,
Bisi Johnson,WR,MIN,2,IND,0,0,0,0,0,0,0,0,1,24,0,3,0,0,0,0,0,0,0,0,0,0,,,,,
Blake Bell,TE,DAL,2,ATL,0,0,0,0,0,0,0,0,2,34,0,3,0,0,0,0,0,0,0,0,0,0,,,,,
Boston Scott,RB,PHI,2,LA,0,0,0,0,0,19,0,4,3,24,0,3,0,0,0,0,0,0,0,0,0,0,,,,,
Brandin Cooks,WR,HOU,2,BAL,0,0,0,0,0,0,0,0,5,95,0,8,0,0,0,0,0,0,0,0,0,0,,,,,
Brandon Aiyuk,WR,SF,2,NYJ,0,0,0,0,0,0,0,0,2,21,0,3,0,0,0,0,0,0,0,0,0,0,,,,,
Brandon McManus,K,DEN,2,PIT,0,0,0,0,0,0,0,0,0,0,0,0,0,0,0,0,1,0,1,0,0,1,,,,,
Brandon Powell,WR,ATL,2,DAL,0,0,0,0,0,0,0,0,0,0,0,0,0,0,0,0,0,0,0,0,0,0,,,,,
Braxton Berrios,WR,NYJ,2,SF,0,0,0,0,0,0,0,0,6,59,1,8,0,0,0,0,0,0,0,0,0,0,,,,,
Breshad Perriman,WR,NYJ,2,SF,0,0,0,0,0,0,0,0,2,12,0,2,0,0,0,0,0,0,0,0,0,0,,,,,
Brian Hill,RB,ATL,2,DAL,0,0,0,0,0,14,0,3,2,11,0,2,0,0,0,0,0,0,0,0,0,0,,,,,
Bryan Edwards,WR,LV,2,NO,0,0,0,0,0,0,0,0,2,42,0,2,0,0,0,0,0,0,0,0,0,0,,,,,
C.J. Board,WR,NYG,2,CHI,0,0,0,0,0,0,0,0,3,32,0,3,0,0,0,0,0,0,0,0,0,0,,,,,
C.J. Uzomah,TE,CIN,2,CLE,0,0,0,0,0,0,0,0,4,42,1,6,0,0,0,0,0,0,0,0,0,0,,,,,
CAR,DEF,CAR,2,TB,,,,,,,,,,,,,,,,,,,,,,,0,0,0,0,31.0
CHI,DEF,CHI,2,NYG,,,,,,,,,,,,,,,,,,,,,,,0,0,0,0,13.0
CIN,DEF,CIN,2,CLE,,,,,,,,,,,,,,,,,,,,,,,0,0,0,0,35.0
CLE,DEF,CLE,2,CIN,,,,,,,,,,,,,,,,,,,,,,,0,0,0,0,30.0
Cairo Santos,K,CHI,2,NYG,0,0,0,0,0,0,0,0,0,0,0,0,0,0,0,0,0,1,0,0,0,2,,,,,
Calvin Ridley,WR,ATL,2,DAL,0,0,0,0,0,0,0,0,7,109,2,10,0,0,0,0,0,0,0,0,0,0,,,,,
Cam Akers,RB,LA,2,PHI,0,0,0,0,0,13,0,3,0,0,0,0,0,0,0,0,0,0,0,0,0,0,,,,,
Cam Newton,QB,NE,2,SEA,397,1,44,30,1,47,2,11,0,0,0,0,0,0,0,0,0,0,0,0,0,0,,,,,
Cam Sims,WR,WAS,2,ARI,0,0,0,0,0,0,0,0,0,0,0,0,0,0,0,0,0,0,0,0,0,0,,,,,
Cameron Batson,WR,TEN,2,JAX,0,0,0,0,0,11,0,1,2,26,0,2,0,0,0,0,0,0,0,0,0,0,,,,,
Carlos Hyde,RB,SEA,2,NE,0,0,0,0,0,22,0,5,2,15,0,2,0,0,0,0,0,0,0,0,0,0,,,,,
Carson Wentz,QB,PHI,2,LA,242,0,43,26,2,7,1,2,0,0,0,0,0,0,0,0,0,0,0,0,0,0,,,,,
Cedrick Wilson Jr.,WR,DAL,2,ATL,0,0,0,0,0,0,0,0,0,0,0,0,0,0,0,0,0,0,0,0,0,0,,,,,
CeeDee Lamb,WR,DAL,2,ATL,0,0,0,0,0,9,0,1,6,106,0,9,0,0,0,0,0,0,0,0,0,0,,,,,
Cethan Carter,TE,CIN,2,CLE,0,0,0,0,0,0,0,0,0,0,0,0,0,0,0,0,0,0,0,0,0,0,,,,,
Chase Claypool,WR,PIT,2,DEN,0,0,0,0,0,0,0,0,3,88,1,3,0,0,0,0,0,0,0,0,0,0,,,,,
Chase Edmonds,RB,ARI,2,WAS,0,0,0,0,0,4,0,3,3,9,0,4,0,0,0,0,0,0,0,0,0,0,,,,,
Chris Boswell,K,PIT,2,DEN,0,0,0,0,0,0,0,0,0,0,0,0,0,0,0,0,1,0,0,0,0,3,,,,,
Chris Carson,RB,SEA,2,NE,0,0,0,0,0,72,0,17,3,36,1,3,0,0,0,0,0,0,0,0,0,0,,,,,
Chris Conley,WR,JAX,2,TEN,0,0,0,0,0,0,0,0,4,48,0,7,0,0,0,0,0,0,0,0,0,0,,,,,
Chris Herndon,TE,NYJ,2,SF,0,0,0,0,0,0,0,0,1,5,0,4,0,0,0,0,0,0,0,0,0,0,,,,,
Chris Hogan,WR,NYJ,2,SF,0,0,0,0,0,0,0,0,6,75,0,8,0,0,0,0,0,0,0,0,0,0,,,,,
Chris Manhertz,TE,CAR,2,TB,0,0,0,0,0,0,0,0,1,8,0,1,0,0,0,0,0,0,0,0,0,0,,,,,
Chris Thompson,RB,JAX,2,TEN,0,0,0,0,0,7,0,2,3,20,1,4,0,0,0,0,0,0,0,0,0,0,,,,,
Christian Kirk,WR,ARI,2,WAS,0,0,0,0,0,3,0,1,2,57,0,4,0,0,0,0,0,0,0,0,0,0,,,,,
Christian McCaffrey,RB,CAR,2,TB,0,0,0,0,0,59,2,18,4,29,0,5,0,0,0,0,0,0,0,0,0,0,,,,,
Clyde Edwards-Helaire,RB,KC,2,LAC,0,0,0,0,0,38,0,10,6,32,0,8,0,0,0,0,0,0,0,0,0,0,,,,,
Cody Parkey,K,CLE,2,CIN,0,0,0,0,0,0,0,0,0,0,0,0,0,0,0,0,0,0,0,0,0,5,,,,,
Cole Beasley,WR,BUF,2,MIA,0,0,0,0,0,0,0,0,5,70,0,6,0,0,0,0,0,0,0,0,0,0,,,,,
Cole Kmet,TE,CHI,2,NYG,0,0,0,0,0,0,0,0,1,12,0,1,0,0,0,0,0,0,0,0,0,0,,,,,
Collin Johnson,WR,JAX,2,TEN,0,0,0,0,0,0,0,0,0,0,0,3,0,0,0,0,0,0,0,0,0,0,,,,,
Cooper Kupp,WR,LA,2,PHI,0,0,0,0,0,19,0,2,5,81,0,6,0,0,0,0,0,0,0,0,0,0,,,,,
Cordarrelle Patterson,RB,CHI,2,NYG,0,0,0,0,0,25,0,7,2,8,0,2,0,0,0,0,0,0,0,0,0,0,,,,,
Corey Davis,WR,TEN,2,JAX,0,0,0,0,0,0,0,0,3,36,1,5,0,0,0,0,0,0,0,0,0,0,,,,,
Courtland Sutton,WR,DEN,2,PIT,0,0,0,0,0,0,0,0,3,66,0,6,0,0,0,0,0,0,0,0,0,0,,,,,
Curtis Samuel,WR,CAR,2,TB,0,0,0,0,0,26,0,4,2,13,0,2,0,0,0,0,0,0,0,0,0,0,,,,,
Cyril Grayson,WR,TB,2,CAR,0,0,0,0,0,0,0,0,0,0,0,1,0,0,0,0,0,0,0,0,0,0,,,,,
D'Andre Swift,RB,DET,2,GB,0,0,0,0,0,12,0,5,5,60,0,5,0,0,0,0,0,0,0,0,0,0,,,,,
DAL,DEF,DAL,2,ATL,,,,,,,,,,,,,,,,,,,,,,,0,0,0,0,39.0
DEN,DEF,DEN,2,PIT,,,,,,,,,,,,,,,,,,,,,,,0,0,0,0,26.0
DET,DEF,DET,2,GB,,,,,,,,,,,,,,,,,,,,,,,0,0,0,0,42.0
DJ Chark,WR,JAX,2,TEN,0,0,0,0,0,0,0,0,4,84,0,4,0,0,0,0,0,0,0,0,0,0,,,,,
DJ Moore,WR,CAR,2,TB,0,0,0,0,0,0,0,0,8,120,0,13,0,0,0,0,0,0,0,0,0,0,,,,,
DK Metcalf,WR,SEA,2,NE,0,0,0,0,0,0,0,0,4,92,1,6,0,0,0,0,0,0,0,0,0,0,,,,,
DaeSean Hamilton,WR,DEN,2,PIT,0,0,0,0,0,0,0,0,1,5,0,3,0,0,0,0,0,0,0,0,0,0,,,,,
Dak Prescott,QB,DAL,2,ATL,450,1,47,34,0,18,3,5,0,0,0,0,0,0,0,0,0,0,0,0,0,0,,,,,
Dallas Goedert,TE,PHI,2,LA,0,0,0,0,0,0,0,0,4,30,0,8,0,0,0,0,0,0,0,0,0,0,,,,,
Dalton Schultz,TE,DAL,2,ATL,0,0,0,0,0,0,0,0,9,88,1,10,0,0,0,0,0,0,0,0,0,0,,,,,
Dalvin Cook,RB,MIN,2,IND,0,0,0,0,0,63,1,14,2,8,0,2,0,0,1,0,0,0,0,0,0,0,,,,,
Damiere Byrd,WR,NE,2,SEA,0,0,0,0,0,0,0,0,6,72,0,9,0,0,0,0,0,0,0,0,0,0,,,,,
Damion Ratley,WR,NYG,2,CHI,0,0,0,0,0,0,0,0,0,0,0,2,0,0,0,0,0,0,0,0,0,0,,,,,
Dan Arnold,TE,ARI,2,WAS,0,0,0,0,0,0,0,0,2,26,0,4,0,0,0,0,0,0,0,0,0,0,,,,,
Dan Bailey,K,MIN,2,IND,0,0,0,0,0,0,0,0,0,0,0,0,0,0,0,0,1,0,0,0,0,0,,,,,
Dan Chisena,WR,MIN,2,IND,0,0,0,0,0,0,0,0,0,0,0,0,0,0,0,0,0,0,0,0,0,0,,,,,
Daniel Carlson,K,LV,2,NO,0,0,0,0,0,0,0,0,0,0,0,0,0,0,0,0,1,0,0,1,0,4,,,,,
Daniel Jones,QB,NYG,2,CHI,241,0,40,25,1,21,0,3,0,0,0,0,0,0,0,0,0,0,0,0,0,0,,,,,
Danny Amendola,WR,DET,2,GB,0,0,0,0,0,0,0,0,2,21,0,7,0,0,0,0,0,0,0,0,0,0,,,,,
Dante Pettis,WR,SF,2,NYJ,0,0,0,0,0,0,0,0,0,0,0,0,0,0,0,0,0,0,0,0,0,0,,,,,
Darius Slayton,WR,NYG,2,CHI,0,0,0,0,0,0,0,0,3,33,0,6,0,0,0,0,0,0,0,0,0,0,,,,,
Darnell Mooney,WR,CHI,2,NYG,0,0,0,0,0,0,0,0,3,36,1,3,0,0,0,0,0,0,0,0,0,0,,,,,
Darrel Williams,RB,KC,2,LAC,0,0,0,0,0,0,0,0,1,12,0,1,0,0,0,0,0,0,0,0,0,0,,,,,
Darrell Daniels,TE,ARI,2,WAS,0,0,0,0,0,0,0,0,0,0,0,1,0,0,0,0,0,0,0,0,0,0,,,,,
Darrell Henderson,RB,LA,2,PHI,0,0,0,0,0,81,1,12,2,40,0,3,0,0,0,0,0,0,0,0,0,0,,,,,
Darren Fells,TE,HOU,2,BAL,0,0,0,0,0,0,0,0,2,23,1,4,0,0,0,0,0,0,0,0,0,0,,,,,
Darren Waller,TE,LV,2,NO,0,0,0,0,0,0,0,0,12,105,1,16,0,0,0,0,0,0,0,0,0,0,,,,,
Darwin Thompson,RB,KC,2,LAC,0,0,0,0,0,21,0,4,0,0,0,1,0,0,0,0,0,0,0,0,0,0,,,,,
Davante Adams,WR,GB,2,DET,0,0,0,0,0,0,0,0,3,36,0,3,0,0,0,0,0,0,0,0,0,0,,,,,
David Johnson,RB,HOU,2,BAL,0,0,0,0,0,34,0,11,2,16,0,4,0,0,0,0,0,0,0,0,0,0,,,,,
David Montgomery,RB,CHI,2,NYG,0,0,0,0,0,82,0,16,3,45,1,3,0,0,0,0,0,0,0,0,0,0,,,,,
David Moore,WR,SEA,2,NE,0,0,0,0,0,0,0,0,3,48,1,3,0,0,0,0,0,0,0,0,0,0,,,,,
Dawson Knox,TE,BUF,2,MIA,0,0,0,0,0,0,0,0,1,36,0,3,0,0,0,0,0,0,0,0,0,0,,,,,
DeAndre Carter,WR,HOU,2,BAL,0,0,0,0,0,0,0,0,0,0,0,0,0,0,0,0,0,0,0,0,0,0,,,,,
DeAndre Hopkins,WR,ARI,2,WAS,0,0,0,0,0,0,0,0,8,68,1,9,0,0,0,0,0,0,0,0,0,0,,,,,
DeSean Jackson,WR,PHI,2,LA,0,0,0,0,0,0,0,0,6,64,0,9,0,0,0,0,0,0,0,0,0,0,,,,,
DeVante Parker,WR,MIA,2,BUF,0,0,0,0,0,0,0,0,5,53,1,8,0,0,0,0,0,0,0,0,0,0,,,,,
Demarcus Robinson,WR,KC,2,LAC,0,0,0,0,0,0,0,0,3,28,0,4,0,0,0,0,0,0,0,0,0,0,,,,,
Demetrius Harris,TE,CHI,2,NYG,0,0,0,0,0,0,0,0,0,0,0,1,0,0,0,0,0,0,0,0,0,0,,,,,
Deonte Harty,WR,NO,2,LV,0,0,0,0,0,11,0,1,3,23,0,5,0,0,0,0,0,0,0,0,0,0,,,,,
Derek Carr,QB,LV,2,NO,284,3,38,28,0,3,0,3,0,0,0,0,0,0,0,0,0,0,0,0,0,0,,,,,
Derrick Henry,RB,TEN,2,JAX,0,0,0,0,0,84,0,25,0,0,0,2,0,0,0,0,0,0,0,0,0,0,,,,,
Deshaun Watson,QB,HOU,2,BAL,275,1,36,25,1,17,0,5,0,0,0,0,0,0,0,0,0,0,0,0,0,0,,,,,
Devin Duvernay,WR,BAL,2,HOU,0,0,0,0,0,0,0,0,1,19,0,1,0,0,0,0,0,0,0,0,0,0,,,,,
Devin Singletary,RB,BUF,2,MIA,0,0,0,0,0,56,0,10,2,20,0,3,0,0,0,0,0,0,0,0,0,0,,,,,
Devontae Booker,RB,LV,2,NO,0,0,0,0,0,-1,0,3,1,6,0,1,0,0,0,0,0,0,0,0,0,0,,,,,
Dion Lewis,RB,NYG,2,CHI,0,0,0,0,0,20,1,10,4,36,0,5,0,0,0,0,0,0,0,0,0,0,,,,,
Diontae Johnson,WR,PIT,2,DEN,0,0,0,0,0,0,0,0,8,92,1,13,0,0,0,0,0,0,0,0,0,0,,,,,
Diontae Spencer,WR,DEN,2,PIT,0,0,0,0,0,0,0,0,0,0,0,0,0,0,0,0,0,0,0,0,0,0,,,,,
Dontrelle Inman,WR,WAS,2,ARI,0,0,0,0,0,0,0,0,2,17,0,5,0,0,0,0,0,0,0,0,0,0,,,,,
Drew Brees,QB,NO,2,LV,312,1,38,26,1,0,0,0,0,0,0,0,0,0,0,0,0,0,0,0,0,0,,,,,
Drew Lock,QB,DEN,2,PIT,20,0,5,1,0,0,0,0,0,0,0,0,0,0,0,0,0,0,0,0,0,0,,,,,
Drew Sample,TE,CIN,2,CLE,0,0,0,0,0,0,0,0,7,45,0,9,0,0,0,0,0,0,0,0,0,0,,,,,
Dustin Hopkins,K,WAS,2,ARI,0,0,0,0,0,0,0,0,0,0,0,0,0,0,0,0,1,0,0,0,0,0,,,,,
Dwayne Haskins,QB,WAS,2,ARI,223,1,33,19,0,8,0,1,0,0,0,0,0,0,0,0,0,0,0,0,0,0,,,,,
Emmanuel Sanders,WR,NO,2,LV,0,0,0,0,0,0,0,0,1,18,0,3,0,0,0,0,0,0,0,0,0,0,,,,,
Eric Ebron,TE,PIT,2,DEN,0,0,0,0,0,0,0,0,3,43,0,5,0,0,0,0,0,0,0,0,0,0,,,,,
Evan Engram,TE,NYG,2,CHI,0,0,0,0,0,0,0,0,6,65,0,8,0,0,0,0,0,0,0,0,0,0,,,,,
Ezekiel Elliott,RB,DAL,2,ATL,0,0,0,0,0,89,1,22,6,33,0,7,0,0,0,0,0,0,0,0,0,0,,,,,
Foster Moreau,TE,LV,2,NO,0,0,0,0,0,0,0,0,1,31,0,1,0,0,0,0,0,0,0,0,0,0,,,,,
Frank Gore,RB,NYJ,2,SF,0,0,0,0,0,63,0,21,0,0,0,2,0,0,0,0,0,0,0,0,0,0,,,,,
Freddie Swain,WR,SEA,2,NE,0,0,0,0,0,0,0,0,1,21,1,1,0,0,0,0,0,0,0,0,0,0,,,,,
GB,DEF,GB,2,DET,,,,,,,,,,,,,,,,,,,,,,,1,0,0,0,21.0
Gabe Davis,WR,BUF,2,MIA,0,0,0,0,0,0,0,1,1,6,1,1,0,0,0,0,0,0,0,0,0,0,,,,,
Gardner Minshew,QB,JAX,2,TEN,339,3,45,30,2,19,0,4,0,0,0,0,0,0,0,0,0,0,0,0,0,0,,,,,
Giovani Bernard,RB,CIN,2,CLE,0,0,0,0,0,3,0,1,5,22,0,7,0,0,0,0,0,0,0,0,0,0,,,,,
Golden Tate,WR,NYG,2,CHI,0,0,0,0,0,0,0,0,5,47,0,5,0,0,0,0,0,0,0,0,0,0,,,,,
Graham Gano,K,NYG,2,CHI,0,0,0,0,0,0,0,0,0,0,0,0,0,0,0,0,0,2,0,0,0,1,,,,,
Greg Olsen,TE,SEA,2,NE,0,0,0,0,0,0,0,0,0,0,0,1,0,0,0,0,0,0,0,0,0,0,,,,,
Greg Ward,WR,PHI,2,LA,0,0,0,0,0,0,0,0,1,5,0,1,0,0,0,0,0,0,0,0,0,0,,,,,
Greg Zuerlein,K,DAL,2,ATL,0,0,0,0,0,0,0,0,0,0,0,0,0,0,0,0,0,1,1,0,0,4,,,,,
Gus Edwards,RB,BAL,2,HOU,0,0,0,0,0,73,0,10,0,0,0,0,0,0,0,0,0,0,0,0,0,0,,,,,
HOU,DEF,HOU,2,BAL,,,,,,,,,,,,,,,,,,,,,,,0,0,0,0,33.0
Harrison Bryant,TE,CLE,2,CIN,0,0,0,0,0,0,0,0,1,14,0,2,0,0,0,0,0,0,0,0,0,0,,,,,
Harrison Butker,K,KC,2,LAC,0,0,0,0,0,0,0,0,0,0,0,0,0,0,0,0,0,1,0,2,0,0,,,,,
Hayden Hurst,TE,ATL,2,DAL,0,0,0,0,0,0,0,0,5,72,1,8,0,0,0,0,0,0,0,0,0,0,,,,,
Henry Ruggs III,WR,LV,2,NO,0,0,0,0,0,0,0,0,1,4,0,3,0,0,0,0,0,0,0,0,0,0,,,,,
Hunter Henry,TE,LAC,2,KC,0,0,0,0,0,0,0,0,6,83,0,8,0,0,0,0,0,0,0,0,0,0,,,,,
Hunter Renfrow,WR,LV,2,NO,0,0,0,0,0,0,0,0,3,37,0,3,0,0,0,0,0,0,0,0,0,0,,,,,
IND,DEF,IND,2,MIN,,,,,,,,,,,,,,,,,,,,,,,0,1,0,0,11.0
Irv Smith,TE,MIN,2,IND,0,0,0,0,0,0,0,0,1,3,0,4,0,0,0,0,0,0,0,0,0,0,,,,,
Isaiah Ford,WR,MIA,2,BUF,0,0,0,0,0,0,0,0,7,76,0,9,0,0,0,0,0,0,0,0,0,0,,,,,
Isaiah McKenzie,WR,BUF,2,MIA,0,0,0,0,0,0,0,0,2,47,0,2,0,0,0,0,0,0,0,0,0,0,,,,,
Ito Smith,RB,ATL,2,DAL,0,0,0,0,0,20,0,5,0,0,0,0,0,0,0,0,0,0,0,0,0,0,,,,,
J.D. McKissic,RB,WAS,2,ARI,0,0,0,0,0,53,0,8,0,0,0,0,0,0,0,0,0,0,0,0,0,0,,,,,
J.J. Arcega-Whiteside,WR,PHI,2,LA,0,0,0,0,0,0,0,0,0,0,0,2,0,0,0,0,0,0,0,0,0,0,,,,,
J.J. Taylor,RB,NE,2,SEA,0,0,0,0,0,-1,0,1,0,0,0,0,0,0,0,0,0,0,0,0,0,0,,,,,
J.K. Dobbins,RB,BAL,2,HOU,0,0,0,0,0,48,0,2,1,13,0,1,0,0,0,0,0,0,0,0,0,0,,,,,
JAX,DEF,JAX,2,TEN,,,,,,,,,,,,,,,,,,,,,,,0,0,0,0,33.0
Jace Sternberger,TE,GB,2,DET,0,0,0,0,0,0,0,0,0,0,0,1,0,0,0,0,0,0,0,0,0,0,,,,,
Jake Butt,TE,DEN,2,PIT,0,0,0,0,0,0,0,0,0,0,0,0,0,0,0,0,0,0,0,0,0,0,,,,,
Jake Elliott,K,PHI,2,LA,0,0,0,0,0,0,0,0,0,0,0,0,0,0,0,0,0,2,0,0,0,1,,,,,
Jakeem Grant,WR,MIA,2,BUF,0,0,0,0,0,0,0,0,1,2,0,1,0,0,0,0,0,0,0,0,0,0,,,,,
Jakob Johnson,RB,NE,2,SEA,0,0,0,0,0,0,0,0,1,1,1,1,0,0,0,0,0,0,0,0,0,0,,,,,
Jakobi Meyers,WR,NE,2,SEA,0,0,0,0,0,0,0,0,1,7,0,1,0,0,0,0,0,0,0,0,0,0,,,,,
Jalen Guyton,WR,LAC,2,KC,0,0,0,0,0,0,0,0,1,14,1,2,0,0,0,0,0,0,0,0,0,0,,,,,
Jalen Reagor,WR,PHI,2,LA,0,0,0,0,0,0,0,0,4,41,0,4,0,0,0,0,0,0,0,0,0,0,,,,,
Jalen Richard,RB,LV,2,NO,0,0,0,0,0,26,1,2,0,0,0,0,0,0,0,0,0,0,0,0,0,0,,,,,
Jamaal Williams,RB,GB,2,DET,0,0,0,0,0,63,0,8,0,0,0,0,0,0,1,0,0,0,0,0,0,0,,,,,
Jamal Agnew,WR,DET,2,GB,0,0,0,0,0,0,0,0,1,0,0,1,0,0,0,0,0,0,0,0,0,0,,,,,
James Conner,RB,PIT,2,DEN,0,0,0,0,0,106,1,16,2,15,0,2,0,0,0,0,0,0,0,0,0,0,,,,,
James O'Shaughnessy,TE,JAX,2,TEN,0,0,0,0,0,0,0,0,4,40,0,4,0,0,0,0,0,0,0,0,0,0,,,,,
James Proche,WR,BAL,2,HOU,0,0,0,0,0,0,0,0,0,0,0,0,0,0,0,0,0,0,0,0,0,0,,,,,
James Robinson,RB,JAX,2,TEN,0,0,0,0,0,102,1,16,3,18,0,4,0,0,0,0,0,0,0,0,0,0,,,,,
James Washington,WR,PIT,2,DEN,0,0,0,0,0,0,0,0,3,22,0,5,0,0,0,0,0,0,0,0,0,0,,,,,
Jared Cook,TE,NO,2,LV,0,0,0,0,0,0,0,0,2,13,1,5,0,0,0,0,0,0,0,0,0,0,,,,,
Jared Goff,QB,LA,2,PHI,267,3,27,20,0,13,0,7,0,0,0,0,0,0,0,0,0,0,0,0,0,0,,,,,
Jarvis Landry,WR,CLE,2,CIN,0,0,0,0,0,0,0,0,3,46,0,3,0,0,0,0,0,0,0,0,0,0,,,,,
Jason Myers,K,SEA,2,NE,0,0,0,0,0,0,0,0,0,0,0,0,0,0,0,0,0,0,0,0,0,5,,,,,
Jason Sanders,K,MIA,2,BUF,0,0,0,0,0,0,0,0,0,0,0,0,0,0,0,0,0,0,1,1,0,2,,,,,
Jason Witten,TE,LV,2,NO,0,0,0,0,0,0,0,0,1,3,0,1,0,0,0,0,0,0,0,0,0,0,,,,,
Javon Wims,WR,CHI,2,NYG,0,0,0,0,0,0,0,0,2,17,0,2,0,0,0,0,0,0,0,0,0,0,,,,,
Jaydon Mickens,WR,TB,2,CAR,0,0,0,0,0,0,0,0,0,0,0,0,0,0,0,0,0,0,0,0,0,0,,,,,
Jaylen Samuels,RB,PIT,2,DEN,0,0,0,0,0,0,0,0,1,4,0,2,0,0,0,0,0,0,0,0,0,0,,,,,
Jeff Driskel,QB,DEN,2,PIT,256,2,34,18,1,5,0,2,0,0,0,0,0,0,1,0,0,0,0,0,0,0,,,,,
Jeff Wilson,RB,SF,2,NYJ,0,0,0,0,0,3,0,2,0,0,0,0,0,0,0,0,0,0,0,0,0,0,,,,,
Jeremy McNichols,RB,TEN,2,JAX,0,0,0,0,0,7,0,2,0,0,0,0,0,0,0,0,0,0,0,0,0,0,,,,,
Jerick McKinnon,RB,SF,2,NYJ,0,0,0,0,0,77,1,3,0,0,0,1,0,0,0,0,0,0,0,0,0,0,,,,,
Jerry Jeudy,WR,DEN,2,PIT,0,0,0,0,0,0,0,0,4,62,0,7,0,0,0,0,0,0,0,0,0,0,,,,,
Jimmy Garoppolo,QB,SF,2,NYJ,131,2,16,14,0,0,0,0,0,0,0,0,0,0,0,0,0,0,0,0,0,0,,,,,
Jimmy Graham,TE,CHI,2,NYG,0,0,0,0,0,0,0,0,1,18,0,1,0,0,0,0,0,0,0,0,0,0,,,,,
JoJo Natson,WR,CLE,2,CIN,0,0,0,0,0,0,0,0,0,0,0,0,0,0,0,0,0,0,0,0,0,0,,,,,
Joe Burrow,QB,CIN,2,CLE,316,3,61,37,0,19,0,7,0,0,0,0,0,0,0,0,0,0,0,0,0,0,,,,,
Joe Mixon,RB,CIN,2,CLE,0,0,0,0,0,46,0,16,4,40,0,4,0,0,0,0,0,0,0,0,0,0,,,,,
Joe Reed,WR,LAC,2,KC,0,0,0,0,0,8,0,1,0,0,0,0,0,0,0,0,0,0,0,0,0,0,,,,,
Joey Slye,K,CAR,2,TB,0,0,0,0,0,0,0,0,0,0,0,0,0,0,0,0,1,0,0,0,0,2,,,,,
John Brown,WR,BUF,2,MIA,0,0,0,0,0,0,0,0,4,82,1,6,0,0,0,0,0,0,0,0,0,0,,,,,
John Ross,WR,CIN,2,CLE,0,0,0,0,0,0,0,0,0,0,0,2,0,0,0,0,0,0,0,0,0,0,,,,,
Jonathan Taylor,RB,IND,2,MIN,0,0,0,0,0,101,1,26,2,9,0,2,0,0,0,0,0,0,0,0,0,0,,,,,
Jonnu Smith,TE,TEN,2,JAX,0,0,0,0,0,0,0,0,4,84,2,5,0,0,0,0,0,0,0,0,0,0,,,,,
Jordan Akins,TE,HOU,2,BAL,0,0,0,0,0,0,0,0,7,55,0,7,0,0,0,0,0,0,0,0,0,0,,,,,
Jordan Howard,RB,MIA,2,BUF,0,0,0,0,0,4,1,5,0,0,0,0,0,0,0,0,0,0,0,0,0,0,,,,,
Jordan Reed,TE,SF,2,NYJ,0,0,0,0,0,0,0,0,7,50,2,8,0,0,0,0,0,0,0,0,0,0,,,,,
Jordan Wilkins,RB,IND,2,MIN,0,0,0,0,0,40,0,9,0,0,0,0,0,0,0,0,0,0,0,0,0,0,,,,,
Josh Adams,RB,NYJ,2,SF,0,0,0,0,0,0,0,1,0,0,0,0,0,0,0,0,0,0,0,0,0,0,,,,,
Josh Allen,QB,BUF,2,MIA,415,4,35,24,0,19,0,4,0,0,0,0,0,0,0,0,0,0,0,0,0,0,,,,,
Josh Hill,TE,NO,2,LV,0,0,0,0,0,0,0,0,1,16,0,2,0,0,0,0,0,0,0,0,0,0,,,,,
Josh Jacobs,RB,LV,2,NO,0,0,0,0,0,88,0,27,3,17,0,3,0,0,0,0,0,0,0,0,0,0,,,,,
Josh Lambo,K,JAX,2,TEN,0,0,0,0,0,0,0,0,0,0,0,0,0,0,0,0,0,1,0,0,0,3,,,,,
Josh Malone,WR,NYJ,2,SF,0,0,0,0,0,12,0,1,4,16,0,6,0,0,0,0,0,0,0,0,0,0,,,,,
Josh Reynolds,WR,LA,2,PHI,0,0,0,0,0,0,0,0,2,33,0,2,0,0,0,0,0,0,0,0,0,0,,,,,
Joshua Kelley,RB,LAC,2,KC,0,0,0,0,0,64,0,23,2,49,0,2,0,0,0,0,0,0,0,0,0,0,,,,,
JuJu Smith-Schuster,WR,PIT,2,DEN,0,0,0,0,0,0,0,0,7,48,0,8,0,0,0,0,0,0,0,0,0,0,,,,,
Julian Edelman,WR,NE,2,SEA,0,0,0,0,0,0,0,0,8,179,0,11,0,0,0,0,0,0,0,0,0,0,,,,,
Julio Jones,WR,ATL,2,DAL,0,0,0,0,0,0,0,0,2,24,0,4,0,0,0,0,0,0,0,0,0,0,,,,,
Justin Herbert,QB,LAC,2,KC,311,1,33,22,1,18,1,4,0,0,0,0,0,0,0,0,0,0,0,0,0,0,,,,,
Justin Jefferson,WR,MIN,2,IND,0,0,0,0,0,0,0,0,3,44,0,3,0,0,0,0,0,0,0,0,0,0,,,,,
Justin Tucker,K,BAL,2,HOU,0,0,0,0,0,0,0,0,0,0,0,0,0,0,0,0,1,2,1,0,0,3,,,,,
Justin Watson,WR,TB,2,CAR,0,0,0,0,0,0,0,0,2,48,0,3,0,0,0,0,0,0,0,0,0,0,,,,,
K.J. Osborn,WR,MIN,2,IND,0,0,0,0,0,0,0,0,0,0,0,0,0,0,0,0,0,0,0,0,0,0,,,,,
KC,DEF,KC,2,LAC,,,,,,,,,,,,,,,,,,,,,,,0,0,0,0,20.0
KJ Hamler,WR,DEN,2,PIT,0,0,0,0,0,9,0,1,3,48,0,7,0,0,0,0,0,0,0,0,0,0,,,,,
Ka'imi Fairbairn,K,HOU,2,BAL,0,0,0,0,0,0,0,0,0,0,0,0,0,0,0,0,0,1,2,0,0,1,,,,,
Kaden Smith,TE,NYG,2,CHI,0,0,0,0,0,0,0,0,2,-1,0,3,0,0,0,0,0,0,0,0,0,0,,,,,
Kalen Ballage,RB,NYJ,2,SF,0,0,0,0,0,5,0,1,2,12,0,2,0,0,0,0,0,0,0,0,0,0,,,,,
Kalif Raymond,WR,TEN,2,JAX,0,0,0,0,0,0,0,0,0,0,0,0,0,0,0,0,0,0,0,0,0,0,,,,,
Kareem Hunt,RB,CLE,2,CIN,0,0,0,0,0,86,1,10,2,15,1,2,0,0,0,0,0,0,0,0,0,0,,,,,
Keelan Cole,WR,JAX,2,TEN,0,0,0,0,0,0,0,0,6,58,1,7,0,0,0,0,0,0,0,0,0,0,,,,,
Keenan Allen,WR,LAC,2,KC,0,0,0,0,0,0,0,0,7,96,0,10,0,0,0,0,0,0,0,0,0,0,,,,,
Keke Coutee,WR,HOU,2,BAL,0,0,0,0,0,0,0,0,2,11,0,2,0,0,0,0,0,0,0,0,0,0,,,,,
Kendrick Bourne,WR,SF,2,NYJ,0,0,0,0,0,0,0,0,4,67,0,5,0,0,0,0,0,0,0,0,0,0,,,,,
Kenny Stills,WR,HOU,2,BAL,0,0,0,0,0,0,0,0,2,16,0,3,0,0,0,0,0,0,0,0,0,0,,,,,
Kenyan Drake,RB,ARI,2,WAS,0,0,0,0,0,86,0,20,2,9,0,2,0,0,0,0,0,0,0,0,0,0,,,,,
Kerryon Johnson,RB,DET,2,GB,0,0,0,0,0,32,1,8,0,0,0,1,0,0,0,0,0,0,0,0,0,0,,,,,
KhaDarel Hodge,WR,CLE,2,CIN,0,0,0,0,0,0,0,0,2,39,0,2,0,0,0,0,0,0,0,0,0,0,,,,,
Kirk Cousins,QB,MIN,2,IND,113,0,26,11,3,0,0,0,0,0,0,0,0,0,0,0,0,0,0,0,0,0,,,,,
Kyle Juszczyk,RB,SF,2,NYJ,0,0,0,0,0,0,0,0,2,6,0,2,0,0,0,0,0,0,0,0,0,0,,,,,
Kyle Rudolph,TE,MIN,2,IND,0,0,0,0,0,0,0,0,0,0,0,1,0,0,0,0,0,0,0,0,0,0,,,,,
Kyler Murray,QB,ARI,2,WAS,286,1,38,26,1,67,2,8,0,0,0,0,0,0,0,0,0,0,0,0,0,0,,,,,
LA,DEF,LA,2,PHI,,,,,,,,,,,,,,,,,,,,,,,0,0,0,0,19.0
LAC,DEF,LAC,2,KC,,,,,,,,,,,,,,,,,,,,,,,0,0,0,0,23.0
LV,DEF,LV,2,NO,,,,,,,,,,,,,,,,,,,,,,,0,0,0,0,24.0
La'Mical Perine,RB,NYJ,2,SF,0,0,0,0,0,17,0,3,0,0,0,0,0,0,0,0,0,0,0,0,0,0,,,,,
Lamar Jackson,QB,BAL,2,HOU,204,1,24,18,0,54,0,16,0,0,0,0,0,0,0,0,0,0,0,0,0,0,,,,,
Larry Fitzgerald,WR,ARI,2,WAS,0,0,0,0,0,0,0,0,7,50,0,7,0,0,0,0,0,0,0,0,0,0,,,,,
Latavius Murray,RB,NO,2,LV,0,0,0,0,0,14,0,3,2,19,0,2,0,0,0,0,0,0,0,0,0,0,,,,,
Laviska Shenault Jr.,WR,JAX,2,TEN,0,0,0,0,0,37,0,5,3,35,0,4,0,0,0,0,0,0,0,0,0,0,,,,,
LeSean McCoy,RB,TB,2,CAR,0,0,0,0,0,-5,0,1,5,26,0,7,0,0,0,0,0,0,0,0,0,0,,,,,
Leonard Fournette,RB,TB,2,CAR,0,0,0,0,0,103,2,12,4,13,0,5,0,0,0,0,0,0,0,0,0,0,,,,,
Logan Thomas,TE,WAS,2,ARI,0,0,0,0,0,0,0,0,4,26,0,9,0,0,0,0,0,0,0,0,0,0,,,,,
Luke Stocker,TE,ATL,2,DAL,0,0,0,0,0,0,0,0,0,0,0,0,0,0,0,0,0,0,0,0,0,0,,,,,
Lynn Bowden,WR,MIA,2,BUF,0,0,0,0,0,0,0,0,1,-1,0,1,0,0,0,0,0,0,0,0,0,0,,,,,
MIA,DEF,MIA,2,BUF,,,,,,,,,,,,,,,,,,,,,,,0,0,0,0,31.0
MIN,DEF,MIN,2,IND,,,,,,,,,,,,,,,,,,,,,,,0,0,0,0,28.0
Malcolm Brown,RB,LA,2,PHI,0,0,0,0,0,47,0,11,0,0,0,0,0,0,0,0,0,0,0,0,0,0,,,,,
Malik Turner,WR,DAL,2,ATL,0,0,0,0,0,0,0,0,0,0,0,0,0,0,0,0,0,0,0,0,0,0,,,,,
Marcedes Lewis,TE,GB,2,DET,0,0,0,0,0,0,0,0,1,4,0,1,0,0,0,0,0,0,0,0,0,0,,,,,
Marcus Baugh,TE,WAS,2,ARI,0,0,0,0,0,0,0,0,1,2,0,1,0,0,0,0,0,0,0,0,0,0,,,,,
Marcus Kemp,WR,KC,2,LAC,0,0,0,0,0,0,0,0,0,0,0,0,0,0,0,0,0,0,0,0,0,0,,,,,
Mark Andrews,TE,BAL,2,HOU,0,0,0,0,0,0,0,0,1,29,0,3,0,0,0,0,0,0,0,0,0,0,,,,,
Mark Ingram,RB,BAL,2,HOU,0,0,0,0,0,55,1,9,2,22,0,3,0,0,0,0,0,0,0,0,0,0,,,,,
Marquez Valdes-Scantling,WR,GB,2,DET,0,0,0,0,0,0,0,0,3,64,0,7,0,0,0,0,0,0,0,0,0,0,,,,,
Marquise Brown,WR,BAL,2,HOU,0,0,0,0,0,0,0,0,5,42,0,6,0,0,0,0,0,0,0,0,0,0,,,,,
Marvin Hall,WR,DET,2,GB,0,0,0,0,0,0,0,0,1,24,1,2,0,0,0,0,0,0,0,0,0,0,,,,,
Marvin Jones,WR,DET,2,GB,0,0,0,0,0,0,0,0,4,23,1,6,0,0,0,0,0,0,0,0,0,0,,,,,
Mason Crosby,K,GB,2,DET,0,0,0,0,0,0,0,0,0,0,0,0,0,0,0,0,0,1,1,0,0,4,,,,,
Matt Breida,RB,MIA,2,BUF,0,0,0,0,0,37,0,7,1,2,0,2,0,0,0,0,0,0,0,0,0,0,,,,,
Matt Prater,K,DET,2,GB,0,0,0,0,0,0,0,0,0,0,0,0,0,0,0,0,0,0,0,0,0,3,,,,,
Matt Ryan,QB,ATL,2,DAL,273,4,36,24,0,16,0,4,0,0,0,0,0,0,0,0,0,0,0,0,0,0,,,,,
Matthew Slater,WR,NE,2,SEA,0,0,0,0,0,0,0,0,0,0,0,0,0,0,0,0,0,0,0,0,0,0,,,,,
Matthew Stafford,QB,DET,2,GB,244,2,33,20,1,4,0,1,0,0,0,0,0,0,0,0,0,0,0,0,0,0,,,,,
Mecole Hardman,WR,KC,2,LAC,0,0,0,0,0,3,0,1,2,30,0,3,0,0,1,0,0,0,0,0,0,0,,,,,
Melvin Gordon,RB,DEN,2,PIT,0,0,0,0,0,70,0,19,2,14,1,3,0,0,0,0,0,0,0,0,0,0,,,,,
Michael Gallup,WR,DAL,2,ATL,0,0,0,0,0,0,0,0,2,58,0,5,0,0,0,0,0,0,0,0,0,0,,,,,
Michael Pittman,WR,IND,2,MIN,0,0,0,0,0,0,0,0,4,37,0,6,0,0,0,0,0,0,0,0,0,0,,,,,
Mike Badgley,K,LAC,2,KC,0,0,0,0,0,0,0,0,0,0,0,0,0,0,0,0,1,0,1,0,0,2,,,,,
Mike Boone,RB,MIN,2,IND,0,0,0,0,0,0,0,0,0,0,0,0,0,0,0,0,0,0,0,0,0,0,,,,,
Mike Davis,RB,CAR,2,TB,0,0,0,0,0,1,0,1,8,74,0,8,0,0,0,0,0,0,0,0,0,0,,,,,
Mike Evans,WR,TB,2,CAR,0,0,0,0,0,0,0,0,7,104,1,10,0,0,0,0,0,0,0,0,0,0,,,,,
Mike Gesicki,TE,MIA,2,BUF,0,0,0,0,0,0,0,0,8,130,1,11,0,0,0,0,0,0,0,0,0,0,,,,,
Mike Thomas,WR,CIN,2,CLE,0,0,0,0,0,0,0,0,4,31,1,4,0,0,0,0,0,0,0,0,0,0,,,,,
Mike Williams,WR,LAC,2,KC,0,0,0,0,0,0,0,0,2,14,0,4,0,0,0,0,0,0,0,0,0,0,,,,,
Miles Boykin,WR,BAL,2,HOU,0,0,0,0,0,0,0,0,4,38,0,5,0,0,0,0,0,0,0,0,0,0,,,,,
Miles Sanders,RB,PHI,2,LA,0,0,0,0,0,95,1,20,3,36,0,7,0,0,0,0,0,0,0,0,0,0,,,,,
Mitchell Trubisky,QB,CHI,2,NYG,190,2,28,18,2,16,0,4,0,0,0,0,0,0,0,0,0,0,0,0,0,0,,,,,
Mo Alie-Cox,TE,IND,2,MIN,0,0,0,0,0,0,0,0,5,111,0,6,0,0,0,0,0,0,0,0,0,0,,,,,
Myles Gaskin,RB,MIA,2,BUF,0,0,0,0,0,46,0,7,6,36,0,7,0,0,0,0,0,0,0,0,0,0,,,,,
N'Keal Harry,TE,NE,2,SEA,0,0,0,0,0,0,0,0,8,72,0,12,0,0,0,0,0,0,0,0,0,0,,,,,
NE,DEF,NE,2,SEA,,,,,,,,,,,,,,,,,,,,,,,1,0,0,0,35.0
NO,DEF,NO,2,LV,,,,,,,,,,,,,,,,,,,,,,,0,0,0,0,34.0
NYG,DEF,NYG,2,CHI,,,,,,,,,,,,,,,,,,,,,,,0,0,0,0,17.0
NYJ,DEF,NYJ,2,SF,,,,,,,,,,,,,,,,,,,,,,,0,0,0,0,31.0
Nelson Agholor,WR,LV,2,NO,0,0,0,0,0,0,0,0,1,19,0,1,0,0,0,0,0,0,0,0,0,0,,,,,
Nick Boyle,TE,BAL,2,HOU,0,0,0,0,0,0,0,0,1,11,0,1,0,0,0,0,0,0,0,0,0,0,,,,,
Nick Chubb,RB,CLE,2,CIN,0,0,0,0,0,124,2,22,1,9,0,1,0,0,0,0,0,0,0,0,0,0,,,,,
Nick Folk,K,NE,2,SEA,0,0,0,0,0,0,0,0,0,0,0,0,0,0,0,0,1,0,0,0,0,3,,,,,
Nick Keizer,TE,KC,2,LAC,0,0,0,0,0,0,0,0,0,0,0,0,0,0,0,0,0,0,0,0,0,0,,,,,
Nick Mullens,QB,SF,2,NYJ,71,0,11,8,1,-2,0,2,0,0,0,0,0,0,0,0,0,0,0,0,0,0,,,,,
Nick Vannett,TE,DEN,2,PIT,0,0,0,0,0,0,0,0,0,0,0,2,0,0,0,0,0,0,0,0,0,0,,,,,
Noah Brown,WR,DAL,2,ATL,0,0,0,0,0,0,0,0,2,28,0,2,0,0,0,0,0,0,0,0,0,0,,,,,
Noah Fant,TE,DEN,2,PIT,0,0,0,0,0,0,0,0,4,57,1,5,0,0,1,0,0,0,0,0,0,0,,,,,
Nsimba Webster,WR,LA,2,PHI,0,0,0,0,0,0,0,0,0,0,0,0,0,0,0,0,0,0,0,0,0,0,,,,,
Nyheim Hines,RB,IND,2,MIN,0,0,0,0,0,0,0,0,1,4,0,1,0,0,0,0,0,0,0,0,0,0,,,,,
O.J. Howard,TE,TB,2,CAR,0,0,0,0,0,0,0,0,1,11,0,3,0,0,0,0,0,0,0,0,0,0,,,,,
Odell Beckham Jr.,WR,CLE,2,CIN,0,0,0,0,0,0,0,0,4,74,1,6,0,0,0,0,0,0,0,0,0,0,,,,,
Olamide Zaccheaus,WR,ATL,2,DAL,0,0,0,0,0,0,0,0,1,10,0,1,0,0,0,0,0,0,0,0,0,0,,,,,
PHI,DEF,PHI,2,LA,,,,,,,,,,,,,,,,,,,,,,,0,0,0,0,37.0
PIT,DEF,PIT,2,DEN,,,,,,,,,,,,,,,,,,,,,,,0,1,0,0,21.0
Parris Campbell,WR,IND,2,MIN,0,0,0,0,0,7,0,1,0,0,0,0,0,0,0,0,0,0,0,0,0,0,,,,,
Patrick Mahomes,QB,KC,2,LAC,302,2,47,27,0,54,0,6,0,0,0,0,0,0,1,0,0,0,0,0,0,0,,,,,
Patrick Ricard,RB,BAL,2,HOU,0,0,0,0,0,0,0,0,1,1,1,1,0,0,0,0,0,0,0,0,0,0,,,,,
Peyton Barber,RB,WAS,2,ARI,0,0,0,0,0,1,0,1,0,0,0,0,0,0,0,0,0,0,0,0,0,0,,,,,
Pharoh Cooper,WR,CAR,2,TB,0,0,0,0,0,0,0,0,0,0,0,0,0,0,0,0,0,0,0,0,0,0,,,,,
Philip Rivers,QB,IND,2,MIN,214,1,25,19,1,3,0,4,0,0,0,0,0,0,0,0,0,0,0,0,0,0,,,,,
Preston Williams,WR,MIA,2,BUF,0,0,0,0,0,0,0,0,1,26,0,5,0,0,1,0,0,0,0,0,0,0,,,,,
Quintez Cephus,WR,DET,2,GB,0,0,0,0,0,0,0,0,3,54,0,3,0,0,0,0,0,0,0,0,0,0,,,,,
Raheem Mostert,RB,SF,2,NYJ,0,0,0,0,0,92,1,8,2,15,0,2,0,0,0,0,0,0,0,0,0,0,,,,,
Randall Cobb,WR,HOU,2,BAL,0,0,0,0,0,0,0,0,5,59,0,6,0,0,0,0,0,0,0,0,0,0,,,,,
Randy Bullock,K,CIN,2,CLE,0,0,0,0,0,0,0,0,0,0,0,0,0,0,0,0,1,1,1,0,0,3,,,,,
Ray-Ray McCloud,WR,PIT,2,DEN,0,0,0,0,0,0,0,0,0,0,0,0,0,0,0,0,0,0,0,0,0,0,,,,,
Reggie Gilliam,RB,BUF,2,MIA,0,0,0,0,0,0,0,0,1,1,1,1,0,0,0,0,0,0,0,0,0,0,,,,,
Rex Burkhead,RB,NE,2,SEA,0,0,0,0,0,2,0,6,4,47,0,6,0,0,0,0,0,0,0,0,0,0,,,,,
Rob Gronkowski,TE,TB,2,CAR,0,0,0,0,0,0,0,0,0,0,0,1,0,0,0,0,0,0,0,0,0,0,,,,,
Robbie Chosen,WR,CAR,2,TB,0,0,0,0,0,0,0,0,9,109,0,10,0,0,0,0,0,0,0,0,0,0,,,,,
Robbie Gould,K,SF,2,NYJ,0,0,0,0,0,0,0,0,0,0,0,0,0,0,0,0,0,0,1,0,0,4,,,,,
Robert Tonyan,TE,GB,2,DET,0,0,0,0,0,0,0,0,2,25,1,3,0,0,0,0,0,0,0,0,0,0,,,,,
Robert Woods,WR,LA,2,PHI,0,0,0,0,0,19,1,3,2,14,0,5,0,0,0,0,0,0,0,0,0,0,,,,,
Rodrigo Blankenship,K,IND,2,MIN,0,0,0,0,0,0,0,0,0,0,0,0,0,0,0,0,1,2,1,0,0,2,,,,,
Ronald Jones,RB,TB,2,CAR,0,0,0,0,0,23,1,7,2,4,0,2,0,0,0,0,0,0,0,0,0,0,,,,,
Ross Dwelley,TE,SF,2,NYJ,0,0,0,0,0,0,0,0,1,5,0,1,0,0,0,0,0,0,0,0,0,0,,,,,
Royce Freeman,RB,DEN,2,PIT,0,0,0,0,0,20,0,3,0,0,0,0,0,0,0,0,0,0,0,0,0,0,,,,,
Russell Gage,WR,ATL,2,DAL,0,0,1,0,0,0,0,0,6,46,1,9,0,0,0,0,0,0,0,0,0,0,,,,,
Russell Wilson,QB,SEA,2,NE,288,5,28,21,1,39,0,5,0,0,0,0,0,0,0,0,0,0,0,0,0,0,,,,,
Ryan Fitzpatrick,QB,MIA,2,BUF,328,2,47,31,0,12,0,3,0,0,0,0,0,0,1,0,0,0,0,0,0,0,,,,,
Ryan Griffin,TE,NYJ,2,SF,0,0,0,0,0,0,0,0,0,0,0,0,0,0,0,0,0,0,0,0,0,0,,,,,
Ryan Izzo,TE,NE,2,SEA,0,0,0,0,0,0,0,0,2,19,0,2,0,0,0,0,0,0,0,0,0,0,,,,,
Ryan Nall,RB,CHI,2,NYG,0,0,0,0,0,0,0,0,1,2,0,1,0,0,0,0,0,0,0,0,0,0,,,,,
Ryan Succop,K,TB,2,CAR,0,0,0,0,0,0,0,0,0,0,0,0,0,0,0,0,0,1,0,0,0,4,,,,,
Ryan Tannehill,QB,TEN,2,JAX,239,4,24,18,0,12,0,4,0,0,0,0,0,0,0,0,0,0,0,0,0,0,,,,,
SEA,DEF,SEA,2,NE,,,,,,,,,,,,,,,,,,,,,,,0,0,0,0,30.0
SF,DEF,SF,2,NYJ,,,,,,,,,,,,,,,,,,,,,,,0,0,0,0,13.0
Sam Darnold,QB,NYJ,2,SF,179,1,32,21,0,7,0,2,0,0,0,0,0,0,0,0,0,0,0,0,0,0,,,,,
Sam Ficken,K,NYJ,2,SF,0,0,0,0,0,0,0,0,0,0,0,0,0,0,0,0,1,0,1,0,0,1,,,,,
Sam Sloman,K,LA,2,PHI,0,0,0,0,0,0,0,0,0,0,0,0,0,0,0,0,0,1,0,0,0,4,,,,,
Sammy Watkins,WR,KC,2,LAC,0,0,0,0,0,0,0,0,1,11,0,3,0,0,0,0,0,0,0,0,0,0,,,,,
Saquon Barkley,RB,NYG,2,CHI,0,0,0,0,0,28,0,4,0,0,0,0,0,0,0,0,0,0,0,0,0,0,,,,,
Scott Miller,WR,TB,2,CAR,0,0,0,0,0,1,0,1,2,11,0,3,0,0,0,0,0,0,0,0,0,0,,,,,
Senorise Perry,RB,TEN,2,JAX,0,0,0,0,0,9,0,2,0,0,0,0,0,0,0,0,0,0,0,0,0,0,,,,,
Sony Michel,RB,NE,2,SEA,0,0,0,0,0,19,0,7,0,0,0,1,0,0,0,0,0,0,0,0,0,0,,,,,
Stefon Diggs,WR,BUF,2,MIA,0,0,0,0,0,0,0,0,8,153,1,13,0,0,0,0,0,0,0,0,0,0,,,,,
Stephen Anderson,TE,LAC,2,KC,0,0,0,0,0,0,0,0,0,0,0,0,0,0,0,0,0,0,0,0,0,0,,,,,
Stephen Gostkowski,K,TEN,2,JAX,0,0,0,0,0,0,0,0,0,0,0,0,0,0,0,0,0,0,1,1,0,3,,,,,
Sterling Shepard,WR,NYG,2,CHI,0,0,0,0,0,6,0,1,2,29,0,4,0,0,0,0,0,0,0,0,0,0,,,,,
Steven Sims,WR,WAS,2,ARI,0,0,0,0,0,0,0,0,3,53,0,5,0,0,0,0,0,0,0,0,0,0,,,,,
T.J. Hockenson,TE,DET,2,GB,0,0,0,0,0,0,0,0,4,62,0,4,0,0,0,0,0,0,0,0,0,0,,,,,
T.Y. Hilton,WR,IND,2,MIN,0,0,0,0,0,0,0,0,3,28,0,5,0,0,0,0,0,0,0,0,0,0,,,,,
TB,DEF,TB,2,CAR,,,,,,,,,,,,,,,,,,,,,,,0,0,0,0,17.0
TEN,DEF,TEN,2,JAX,,,,,,,,,,,,,,,,,,,,,,,0,0,0,0,30.0
Taiwan Jones,RB,BUF,2,MIA,0,0,0,0,0,0,0,0,0,0,0,0,0,0,0,0,0,0,0,0,0,0,,,,,
Tarik Cohen,RB,CHI,2,NYG,0,0,0,0,0,12,0,5,1,15,0,1,0,0,0,0,0,0,0,0,0,0,,,,,
Taysom Hill,TE,NO,2,LV,0,0,0,0,0,8,0,2,0,0,0,0,0,0,0,0,0,0,0,0,0,0,,,,,
Teddy Bridgewater,QB,CAR,2,TB,367,0,42,33,2,0,0,0,0,0,0,0,0,0,0,0,0,0,0,0,0,0,,,,,
Tee Higgins,WR,CIN,2,CLE,0,0,0,0,0,0,0,0,3,35,0,6,0,0,0,0,0,0,0,0,0,0,,,,,
Terry McLaurin,WR,WAS,2,ARI,0,0,0,0,0,0,0,0,7,125,1,10,0,0,0,0,0,0,0,0,0,0,,,,,
Tevin Coleman,RB,SF,2,NYJ,0,0,0,0,0,12,0,14,2,28,0,2,0,0,0,0,0,0,0,0,0,0,,,,,
Tim Boyle,QB,GB,2,DET,0,0,0,0,0,-1,0,2,0,0,0,0,0,0,0,0,0,0,0,0,0,0,,,,,
Tim Patrick,WR,DEN,2,PIT,0,0,0,0,0,0,0,0,2,24,0,5,0,0,0,0,0,0,0,0,0,0,,,,,
Todd Gurley,RB,ATL,2,DAL,0,0,0,0,0,61,0,21,0,0,0,0,0,0,0,0,0,0,0,0,0,0,,,,,
Tom Brady,QB,TB,2,CAR,217,1,35,23,1,0,0,1,0,0,0,0,0,0,0,0,0,0,0,0,0,0,,,,,
Tony Pollard,RB,DAL,2,ATL,0,0,0,0,0,6,0,2,1,3,0,1,0,0,0,0,0,0,0,0,0,0,,,,,
Travis Homer,RB,SEA,2,NE,0,0,0,0,0,21,0,3,0,0,0,0,0,0,0,0,0,0,0,0,0,0,,,,,
Travis Kelce,TE,KC,2,LAC,0,0,0,0,0,0,0,0,9,90,1,14,0,0,0,0,0,0,0,0,0,0,,,,,
Tre'Quan Smith,WR,NO,2,LV,0,0,0,0,0,0,0,0,5,86,0,7,0,0,0,0,0,0,0,0,0,0,,,,,
Trent Sherfield,WR,ARI,2,WAS,0,0,0,0,0,0,0,0,0,0,0,0,0,0,0,0,0,0,0,0,0,0,,,,,
Trent Taylor,WR,SF,2,NYJ,0,0,0,0,0,0,0,0,2,10,0,3,0,0,0,0,0,0,0,0,0,0,,,,,
Trenton Cannon,RB,CAR,2,TB,0,0,0,0,0,0,0,0,0,0,0,0,0,0,0,0,0,0,0,0,0,0,,,,,
Ty Johnson,RB,DET,2,GB,0,0,0,0,0,0,0,0,0,0,0,1,0,0,0,0,0,0,0,0,0,0,,,,,
Ty Montgomery,WR,NO,2,LV,0,0,0,0,0,0,0,0,2,25,0,3,0,0,0,0,0,0,0,0,0,0,,,,,
Tyler Bass,K,BUF,2,MIA,0,0,0,0,0,0,0,0,0,0,0,0,0,0,0,0,0,1,0,0,0,4,,,,,
Tyler Boyd,WR,CIN,2,CLE,0,0,0,0,0,0,0,0,7,72,1,8,0,0,0,0,0,0,0,0,0,0,,,,,
Tyler Conklin,TE,MIN,2,IND,0,0,0,0,0,0,0,0,0,0,0,0,0,0,0,0,0,0,0,0,0,0,,,,,
Tyler Eifert,TE,JAX,2,TEN,0,0,0,0,0,0,0,0,3,36,1,6,0,0,0,0,0,0,0,0,0,0,,,,,
Tyler Ervin,RB,GB,2,DET,0,0,0,0,0,0,0,0,1,4,0,1,0,0,0,0,0,0,0,0,0,0,,,,,
Tyler Higbee,TE,LA,2,PHI,0,0,0,0,0,0,0,0,5,54,3,5,0,0,0,0,0,0,0,0,0,0,,,,,
Tyler Lockett,WR,SEA,2,NE,0,0,0,0,0,0,0,0,7,67,1,8,0,0,0,0,0,0,0,0,0,0,,,,,
Tyreek Hill,WR,KC,2,LAC,0,0,0,0,0,9,0,1,5,99,1,11,0,0,0,0,0,0,0,0,0,0,,,,,
Van Jefferson,WR,LA,2,PHI,0,0,0,0,0,-1,0,1,4,45,0,5,0,0,0,0,0,0,0,0,0,0,,,,,
Vance McDonald,TE,PIT,2,DEN,0,0,0,0,0,0,0,0,1,3,0,2,0,0,0,0,0,0,0,0,0,0,,,,,
WAS,DEF,WAS,2,ARI,,,,,,,,,,,,,,,,,,,,,,,0,0,0,0,30.0
Wil Lutz,K,NO,2,LV,0,0,0,0,0,0,0,0,0,0,0,0,0,0,0,0,0,1,0,0,0,3,,,,,
Will Dissly,TE,SEA,2,NE,0,0,0,0,0,0,0,0,1,9,0,1,0,0,0,0,0,0,0,0,0,0,,,,,
Will Fuller,WR,HOU,2,BAL,0,0,0,0,0,0,0,1,0,0,0,0,0,0,0,0,0,0,0,0,0,0,,,,,
Willie Snead,WR,BAL,2,HOU,0,0,0,0,0,0,0,0,2,29,0,2,0,0,0,0,0,0,0,0,0,0,,,,,
Younghoe Koo,K,ATL,2,DAL,0,0,0,0,0,0,0,0,0,0,0,0,0,0,0,0,1,1,2,0,0,3,,,,,
Zach Ertz,TE,PHI,2,LA,0,0,0,0,0,0,0,0,5,42,0,7,0,0,0,0,0,0,0,0,0,0,,,,,
Zach Pascal,WR,IND,2,MIN,0,0,0,0,0,0,0,0,3,19,1,4,0,0,0,0,0,0,0,0,0,0,,,,,
Zack Moss,RB,BUF,2,MIA,0,0,0,0,0,37,0,8,0,0,0,0,0,0,0,0,0,0,0,0,0,0,,,,,
Zane Gonzalez,K,ARI,2,WAS,0,0,0,0,0,0,0,0,0,0,0,0,0,0,0,0,1,1,1,0,0,3,,,,,
Zay Jones,WR,LV,2,NO,0,0,0,0,0,0,0,0,1,15,1,1,0,0,0,0,0,0,0,0,0,0,,,,,
A.J. Green,WR,CIN,3,PHI,0,0,0,0,0,0,0,0,5,36,0,6,0,0,0,0,0,0,0,0,0,0,,,,,
ARI,DEF,ARI,3,DET,,,,,,,,,,,,,,,,,,,,,,,0,0,0,0,26.0
ATL,DEF,ATL,3,CHI,,,,,,,,,,,,,,,,,,,,,,,0,0,0,0,30.0
Aaron Jones,RB,GB,3,NO,0,0,0,0,0,69,1,16,2,17,0,4,0,0,0,0,0,0,0,0,0,0,,,,,
Aaron Rodgers,QB,GB,3,NO,283,3,32,21,0,12,0,2,0,0,0,0,0,0,0,0,0,0,0,0,0,0,,,,,
Adam Humphries,WR,TEN,3,MIN,0,0,0,0,0,0,0,0,4,41,0,7,0,0,0,0,0,0,0,0,0,0,,,,,
Adam Thielen,WR,MIN,3,TEN,0,0,0,0,0,4,0,1,3,29,1,5,0,0,0,0,0,0,0,0,0,0,,,,,
Adam Trautman,TE,NO,3,GB,0,0,0,0,0,0,0,0,2,17,0,2,0,0,0,0,0,0,0,0,0,0,,,,,
Adrian Peterson,RB,DET,3,ARI,0,0,0,0,0,75,0,22,1,10,0,1,0,0,0,0,0,0,0,0,0,0,,,,,
Alex Erickson,WR,CIN,3,PHI,0,0,0,0,0,0,0,0,0,0,0,0,0,0,0,0,0,0,0,0,0,0,,,,,
Alexander Mattison,RB,MIN,3,TEN,0,0,0,0,0,27,0,8,0,0,0,0,0,0,0,0,0,0,0,0,0,0,,,,,
Allen Lazard,WR,GB,3,NO,0,0,0,0,0,-2,0,1,6,146,1,8,0,0,0,0,0,0,0,0,0,0,,,,,
Allen Robinson,WR,CHI,3,ATL,0,0,0,0,0,0,0,0,10,123,1,13,0,0,0,0,0,0,0,0,0,0,,,,,
Alvin Kamara,RB,NO,3,GB,0,0,0,0,0,58,0,6,13,139,2,14,0,0,0,0,0,0,0,0,0,0,,,,,
Amari Cooper,WR,DAL,3,SEA,0,0,0,0,0,0,0,0,9,86,0,12,0,0,0,0,0,0,0,0,0,0,,,,,
Ameer Abdullah,RB,MIN,3,TEN,0,0,0,0,0,0,0,0,0,0,0,0,0,0,0,0,0,0,0,0,0,0,,,,,
Andre Roberts,WR,BUF,3,LA,0,0,0,0,0,0,0,0,0,0,0,0,0,0,0,0,0,0,0,0,0,0,,,,,
Andy Isabella,WR,ARI,3,DET,0,0,0,0,0,-6,0,1,4,47,2,4,0,0,0,0,0,0,0,0,0,0,,,,,
Anthony McFarland,RB,PIT,3,HOU,0,0,0,0,0,42,0,6,1,7,0,2,0,0,0,0,0,0,0,0,0,0,,,,,
Anthony Miller,WR,CHI,3,ATL,0,0,0,0,0,9,0,1,2,41,1,5,0,0,0,0,0,0,0,0,0,0,,,,,
Antonio Gandy-Golden,WR,WAS,3,CLE,0,0,0,0,0,22,0,1,0,0,0,2,0,0,0,0,0,0,0,0,0,0,,,,,
Antonio Gibson,RB,WAS,3,CLE,0,0,0,0,0,49,1,9,3,11,0,3,0,0,0,0,0,0,0,0,0,0,,,,,
Ashton Dulin,WR,IND,3,NYJ,0,0,0,0,0,0,0,0,0,0,0,1,0,0,0,0,0,0,0,0,0,0,,,,,
Auden Tate,WR,CIN,3,PHI,0,0,0,0,0,0,0,0,2,29,0,4,0,0,0,0,0,0,0,0,0,0,,,,,
Austin Ekeler,RB,LAC,3,CAR,0,0,0,0,0,59,1,12,11,84,0,11,0,0,0,0,0,0,0,0,0,0,,,,,
Austin Hooper,TE,CLE,3,WAS,0,0,0,0,0,0,0,0,3,25,0,4,0,0,0,0,0,0,0,0,0,0,,,,,
BAL,DEF,BAL,3,KC,,,,,,,,,,,,,,,,,,,,,,,0,0,0,0,34.0
BUF,DEF,BUF,3,LA,,,,,,,,,,,,,,,,,,,,,,,0,0,0,0,32.0
Baker Mayfield,QB,CLE,3,WAS,156,2,23,16,0,1,0,1,0,0,0,0,0,0,0,0,0,0,0,0,0,0,,,,,
Ben Roethlisberger,QB,PIT,3,HOU,237,2,36,23,0,-3,0,5,0,0,0,0,0,0,1,0,0,0,0,0,0,0,,,,,
Benny Snell,RB,PIT,3,HOU,0,0,0,0,0,11,0,7,0,0,0,0,0,0,0,0,0,0,0,0,0,0,,,,,
Blake Bell,TE,DAL,3,SEA,0,0,0,0,0,0,0,0,0,0,0,1,0,0,0,0,0,0,0,0,0,0,,,,,
Boston Scott,RB,PHI,3,CIN,0,0,0,0,0,5,0,3,0,0,0,1,0,0,0,0,0,0,0,0,0,0,,,,,
Brandin Cooks,WR,HOU,3,PIT,0,0,0,0,0,0,0,0,3,23,0,5,0,0,0,0,0,0,0,0,0,0,,,,,
Brandon Aiyuk,WR,SF,3,NYG,0,0,0,0,0,31,1,3,5,70,0,8,0,0,0,0,0,0,0,0,0,0,,,,,
Brandon McManus,K,DEN,3,TB,0,0,0,0,0,0,0,0,0,0,0,0,0,0,0,0,0,0,0,1,0,1,,,,,
Brandon Powell,WR,ATL,3,CHI,0,0,0,0,0,0,0,0,3,27,0,4,0,0,0,0,0,0,0,0,0,0,,,,,
Braxton Berrios,WR,NYJ,3,IND,0,0,0,0,0,0,0,0,4,64,1,4,0,0,0,0,0,0,0,0,0,0,,,,,
Brett Rypien,QB,DEN,3,TB,53,0,9,8,1,0,0,0,0,0,0,0,0,0,0,0,0,0,0,0,0,0,,,,,
Brian Hill,RB,ATL,3,CHI,0,0,0,0,0,58,1,9,1,22,0,3,0,0,0,0,0,0,0,0,0,0,,,,,
Bryan Edwards,WR,LV,3,NE,0,0,0,0,0,0,0,0,2,48,0,3,0,0,0,0,0,0,0,0,0,0,,,,,
C.J. Board,WR,NYG,3,SF,0,0,0,0,0,0,0,0,1,9,0,2,0,0,0,0,0,0,0,0,0,0,,,,,
C.J. Prosise,RB,HOU,3,PIT,0,0,0,0,0,1,0,1,0,0,0,0,0,0,0,0,0,0,0,0,0,0,,,,,
CAR,DEF,CAR,3,LAC,,,,,,,,,,,,,,,,,,,,,,,0,0,0,0,16.0
CHI,DEF,CHI,3,ATL,,,,,,,,,,,,,,,,,,,,,,,0,0,0,0,26.0
CIN,DEF,CIN,3,PHI,,,,,,,,,,,,,,,,,,,,,,,0,0,0,0,23.0
CLE,DEF,CLE,3,WAS,,,,,,,,,,,,,,,,,,,,,,,0,0,0,0,20.0
Cairo Santos,K,CHI,3,ATL,0,0,0,0,0,0,0,0,0,0,0,0,0,0,0,0,0,1,0,0,0,3,,,,,
Calvin Ridley,WR,ATL,3,CHI,0,0,0,0,0,7,0,1,5,110,0,13,0,0,0,0,0,0,0,0,0,0,,,,,
Cam Newton,QB,NE,3,LV,162,1,28,17,1,27,0,9,0,0,0,0,0,0,0,0,0,0,0,0,0,0,,,,,
Cameron Batson,WR,TEN,3,MIN,0,0,0,0,0,0,0,0,0,0,0,0,0,0,0,0,0,0,0,0,0,0,,,,,
Carlos Hyde,RB,SEA,3,DAL,0,0,0,0,0,12,0,4,1,11,0,1,0,0,0,0,0,0,0,0,0,0,,,,,
Carson Wentz,QB,PHI,3,CIN,225,1,47,29,2,65,1,9,0,0,0,0,0,0,0,0,0,0,0,0,0,0,,,,,
Cedrick Wilson Jr.,WR,DAL,3,SEA,0,0,0,0,0,0,0,0,5,107,2,7,0,0,0,0,0,0,0,0,0,0,,,,,
CeeDee Lamb,WR,DAL,3,SEA,0,0,0,0,0,1,0,1,5,65,0,7,0,0,0,0,0,0,0,0,0,0,,,,,
Cethan Carter,TE,CIN,3,PHI,0,0,0,0,0,0,0,0,1,1,0,1,0,0,0,0,0,0,0,0,0,0,,,,,
Chad Beebe,WR,MIN,3,TEN,0,0,0,0,0,0,0,0,1,7,0,1,0,0,0,0,0,0,0,0,0,0,,,,,
Chase Claypool,WR,PIT,3,HOU,0,0,0,0,0,0,0,0,1,24,0,4,0,0,0,0,0,0,0,0,0,0,,,,,
Chase Edmonds,RB,ARI,3,DET,0,0,0,0,0,13,0,3,2,21,0,2,0,0,0,0,0,0,0,0,0,0,,,,,
Chris Boswell,K,PIT,3,HOU,0,0,0,0,0,0,0,0,0,0,0,0,0,0,0,0,1,1,0,0,0,2,,,,,
Chris Carson,RB,SEA,3,DAL,0,0,0,0,0,64,0,14,3,12,0,3,0,0,0,0,0,0,0,0,0,0,,,,,
Chris Conley,WR,JAX,3,MIA,0,0,0,0,0,0,0,0,3,34,0,8,0,0,0,0,0,0,0,0,0,0,,,,,
Chris Godwin Jr.,WR,TB,3,DEN,0,0,0,0,0,0,0,0,5,64,1,6,0,0,0,0,0,0,0,0,0,0,,,,,
Chris Herndon,TE,NYJ,3,IND,0,0,0,0,0,0,0,0,3,21,0,5,0,0,0,0,0,0,0,0,0,0,,,,,
Chris Hogan,WR,NYJ,3,IND,0,0,0,0,0,0,0,0,0,0,0,3,0,0,0,0,0,0,0,0,0,0,,,,,
Chris Thompson,RB,JAX,3,MIA,0,0,0,0,0,3,0,2,5,35,0,6,0,0,0,0,0,0,0,0,0,0,,,,,
Clyde Edwards-Helaire,RB,KC,3,BAL,0,0,0,0,0,64,0,20,5,70,0,6,0,0,0,0,0,0,0,0,0,0,,,,,
Cody Parkey,K,CLE,3,WAS,0,0,0,0,0,0,0,0,0,0,0,0,0,0,0,0,0,1,1,0,0,4,,,,,
Cole Beasley,WR,BUF,3,LA,0,0,0,0,0,0,0,0,6,100,0,7,0,0,0,0,0,0,0,0,0,0,,,,,
Cole Kmet,TE,CHI,3,ATL,0,0,0,0,0,0,0,0,0,0,0,0,0,0,0,0,0,0,0,0,0,0,,,,,
Collin Johnson,WR,JAX,3,MIA,0,0,0,0,0,0,0,0,1,3,0,2,0,0,0,0,0,0,0,0,0,0,,,,,
Cooper Kupp,WR,LA,3,BUF,0,0,0,0,0,0,0,0,9,107,1,10,0,0,0,0,0,0,0,0,0,0,,,,,
Cordarrelle Patterson,RB,CHI,3,ATL,0,0,0,0,0,13,0,4,0,0,0,0,0,0,0,0,0,0,0,0,0,0,,,,,
Corey Clement,RB,PHI,3,CIN,0,0,0,0,0,8,0,3,0,0,0,0,0,0,0,0,0,0,0,0,0,0,,,,,
Corey Davis,WR,TEN,3,MIN,0,0,0,0,0,0,0,0,5,69,0,6,0,0,0,0,0,0,0,0,0,0,,,,,
Cullen Gillaspia,RB,HOU,3,PIT,0,0,0,0,0,0,0,0,1,6,0,1,0,0,0,0,0,0,0,0,0,0,,,,,
Curtis Samuel,WR,CAR,3,LAC,0,0,0,0,0,7,0,4,4,45,0,4,0,0,0,0,0,0,0,0,0,0,,,,,
D'Andre Swift,RB,DET,3,ARI,0,0,0,0,0,0,0,0,1,19,0,2,0,0,0,0,0,0,0,0,0,0,,,,,
D'Ernest Johnson,RB,CLE,3,WAS,0,0,0,0,0,0,0,0,0,0,0,0,0,0,0,0,0,0,0,0,0,0,,,,,
DAL,DEF,DAL,3,SEA,,,,,,,,,,,,,,,,,,,,,,,0,0,0,0,38.0
DEN,DEF,DEN,3,TB,,,,,,,,,,,,,,,,,,,,,,,0,0,0,0,28.0
DET,DEF,DET,3,ARI,,,,,,,,,,,,,,,,,,,,,,,0,0,0,0,23.0
DJ Moore,WR,CAR,3,LAC,0,0,0,0,0,0,0,0,2,65,0,4,0,0,0,0,0,0,0,0,0,0,,,,,
DK Metcalf,WR,SEA,3,DAL,0,0,0,0,0,0,0,0,4,110,1,8,0,0,0,0,0,0,0,0,0,0,,,,,
Dak Prescott,QB,DAL,3,SEA,472,3,57,37,2,26,0,6,0,0,0,0,0,0,0,0,0,0,0,0,0,0,,,,,
Dallas Goedert,TE,PHI,3,CIN,0,0,0,0,0,0,0,0,1,7,0,1,0,0,0,0,0,0,0,0,0,0,,,,,
Dalton Schultz,TE,DAL,3,SEA,0,0,0,0,0,0,0,0,4,48,0,6,0,0,0,0,0,0,0,0,0,0,,,,,
Dalvin Cook,RB,MIN,3,TEN,0,0,0,0,0,181,1,22,2,18,0,5,0,0,0,0,0,0,0,0,0,0,,,,,
Damiere Byrd,WR,NE,3,LV,0,0,0,0,0,0,0,0,3,27,0,3,0,0,0,0,0,0,0,0,0,0,,,,,
Damion Ratley,WR,NYG,3,SF,0,0,0,0,0,0,0,0,1,29,0,2,0,0,0,0,0,0,0,0,0,0,,,,,
Dan Arnold,TE,ARI,3,DET,0,0,0,0,0,0,0,0,1,11,0,2,0,0,0,0,0,0,0,0,0,0,,,,,
Dan Bailey,K,MIN,3,TEN,0,0,0,0,0,0,0,0,0,0,0,0,0,0,0,0,0,0,1,0,0,3,,,,,
Daniel Carlson,K,LV,3,NE,0,0,0,0,0,0,0,0,0,0,0,0,0,0,0,0,2,0,0,0,0,2,,,,,
Daniel Jones,QB,NYG,3,SF,179,0,32,17,1,49,0,5,0,0,0,0,0,0,0,0,0,0,0,0,0,0,,,,,
Danny Amendola,WR,DET,3,ARI,0,0,0,0,0,0,0,0,1,18,0,4,0,0,0,0,0,0,0,0,0,0,,,,,
Dare Ogunbowale,RB,JAX,3,MIA,0,0,0,0,0,0,0,0,0,0,0,0,0,0,0,0,0,0,0,0,0,0,,,,,
Darius Slayton,WR,NYG,3,SF,0,0,0,0,0,0,0,0,3,53,0,7,0,0,0,0,0,0,0,0,0,0,,,,,
Darnell Mooney,WR,CHI,3,ATL,0,0,0,0,0,0,0,0,2,19,0,5,0,0,0,0,0,0,0,0,0,0,,,,,
Darrel Williams,RB,KC,3,BAL,0,0,0,0,0,6,0,2,2,1,0,2,0,0,0,0,0,0,0,0,0,0,,,,,
Darrell Daniels,TE,ARI,3,DET,0,0,0,0,0,0,0,0,2,24,0,2,0,0,0,0,0,0,0,0,0,0,,,,,
Darrell Henderson,RB,LA,3,BUF,0,0,0,0,0,114,1,20,1,6,0,3,0,0,0,0,0,0,0,0,0,0,,,,,
Darren Fells,TE,HOU,3,PIT,0,0,0,0,0,0,0,0,0,0,0,2,0,0,0,0,0,0,0,0,0,0,,,,,
Darren Waller,TE,LV,3,NE,0,0,0,0,0,0,0,0,2,9,0,4,0,0,0,0,0,0,0,0,0,0,,,,,
Darrius Shepherd,WR,GB,3,NO,0,0,0,0,0,0,0,0,0,0,0,1,0,0,0,0,0,0,0,0,0,0,,,,,
Darrynton Evans,RB,TEN,3,MIN,0,0,0,0,0,9,0,3,0,0,0,0,0,0,0,0,0,0,0,0,0,0,,,,,
Darwin Thompson,RB,KC,3,BAL,0,0,0,0,0,11,0,2,0,0,0,2,0,0,0,0,0,0,0,0,0,0,,,,,
Daurice Fountain,WR,IND,3,NYJ,0,0,0,0,0,0,0,0,2,23,0,2,0,0,0,0,0,0,0,0,0,0,,,,,
David Johnson,RB,HOU,3,PIT,0,0,0,0,0,23,1,13,2,23,0,3,0,0,0,0,0,0,0,0,0,0,,,,,
David Montgomery,RB,CHI,3,ATL,0,0,0,0,0,45,0,14,2,9,0,3,0,0,0,0,0,0,0,0,0,0,,,,,
David Moore,WR,SEA,3,DAL,0,0,0,0,0,0,0,0,1,2,0,1,0,0,0,0,0,0,0,0,0,0,,,,,
DeAndre Carter,WR,HOU,3,PIT,0,0,0,0,0,0,0,0,0,0,0,0,0,0,0,0,0,0,0,0,0,0,,,,,
DeAndre Hopkins,WR,ARI,3,DET,0,0,0,0,0,0,0,0,10,137,0,12,0,0,0,0,0,0,0,0,0,0,,,,,
DeSean Jackson,WR,PHI,3,CIN,0,0,0,0,0,0,0,0,2,11,0,4,0,0,0,0,0,0,0,0,0,0,,,,,
DeVante Parker,WR,MIA,3,JAX,0,0,0,0,0,0,0,0,5,69,0,5,0,0,0,0,0,0,0,0,0,0,,,,,
Dede Westbrook,WR,JAX,3,MIA,0,0,0,0,0,0,0,0,1,4,0,1,0,0,0,0,0,0,0,0,0,0,,,,,
Demarcus Robinson,WR,KC,3,BAL,0,0,0,0,0,0,0,0,0,0,0,1,0,0,0,0,0,0,0,0,0,0,,,,,
Demetrius Harris,TE,CHI,3,ATL,0,0,0,0,0,0,0,0,3,15,0,3,0,0,0,0,0,0,0,0,0,0,,,,,
Deontay Burnett,WR,PHI,3,CIN,0,0,0,0,0,0,0,0,3,19,0,4,0,0,0,0,0,0,0,0,0,0,,,,,
Deonte Harty,WR,NO,3,GB,0,0,0,0,0,0,0,0,2,5,0,3,0,0,0,0,0,0,0,0,0,0,,,,,
Derek Carr,QB,LV,3,NE,261,2,32,24,0,10,0,2,0,0,0,0,0,0,0,0,0,0,0,0,0,0,,,,,
Derrick Henry,RB,TEN,3,MIN,0,0,0,0,0,119,2,26,2,11,0,3,0,0,0,0,0,0,0,0,0,0,,,,,
Deshaun Watson,QB,HOU,3,PIT,264,2,27,19,1,5,0,1,0,0,0,0,0,0,0,0,0,0,0,0,0,0,,,,,
Devin Duvernay,WR,BAL,3,KC,0,0,0,0,0,0,0,0,2,7,0,3,1,0,0,0,0,0,0,0,0,0,,,,,
Devin Singletary,RB,BUF,3,LA,0,0,0,0,0,71,0,13,4,50,0,5,0,0,0,0,0,0,0,0,0,0,,,,,
Devonta Freeman,RB,NYG,3,SF,0,0,0,0,0,10,0,5,0,0,0,0,0,0,0,0,0,0,0,0,0,0,,,,,
Devontae Booker,RB,LV,3,NE,0,0,0,0,0,31,0,3,0,0,0,0,0,0,0,0,0,0,0,0,0,0,,,,,
Dion Lewis,RB,NYG,3,SF,0,0,0,0,0,0,0,1,1,10,0,3,0,0,0,0,0,0,0,0,0,0,,,,,
Diontae Johnson,WR,PIT,3,HOU,0,0,0,0,0,9,0,1,0,0,0,2,0,0,0,0,0,0,0,0,0,0,,,,,
Diontae Spencer,WR,DEN,3,TB,0,0,0,0,0,0,0,0,1,7,0,1,0,0,0,0,0,0,0,0,0,0,,,,,
Dontrelle Inman,WR,WAS,3,CLE,0,0,0,0,0,0,0,0,3,38,2,6,0,0,0,0,0,0,0,0,0,0,,,,,
Drew Brees,QB,NO,3,GB,288,3,36,29,0,0,0,0,0,0,0,0,0,0,0,0,0,0,0,0,0,0,,,,,
Drew Sample,TE,CIN,3,PHI,0,0,0,0,0,0,0,0,1,1,0,1,0,0,0,0,0,0,0,0,0,0,,,,,
Durham Smythe,TE,MIA,3,JAX,0,0,0,0,0,0,0,0,1,7,0,1,0,0,0,0,0,0,0,0,0,0,,,,,
Dustin Hopkins,K,WAS,3,CLE,0,0,0,0,0,0,0,0,0,0,0,0,0,0,0,0,0,0,0,0,0,2,,,,,
Dwayne Haskins,QB,WAS,3,CLE,224,2,37,21,3,2,0,2,0,0,0,0,0,0,0,0,0,0,0,0,0,0,,,,,
Emmanuel Sanders,WR,NO,3,GB,0,0,0,0,0,0,0,0,4,56,1,5,0,0,0,0,0,0,0,0,0,0,,,,,
Eric Ebron,TE,PIT,3,HOU,0,0,0,0,0,0,0,0,5,52,1,7,0,0,0,0,0,0,0,0,0,0,,,,,
Evan Engram,TE,NYG,3,SF,0,0,0,0,0,0,0,0,3,22,0,5,0,0,0,0,0,0,0,0,0,0,,,,,
Ezekiel Elliott,RB,DAL,3,SEA,0,0,0,0,0,34,1,14,6,24,0,11,0,0,0,0,0,0,0,0,0,0,,,,,
Foster Moreau,TE,LV,3,NE,0,0,0,0,0,0,0,0,2,25,1,2,0,0,0,0,0,0,0,0,0,0,,,,,
Frank Gore,RB,NYJ,3,IND,0,0,0,0,0,57,0,15,1,5,0,1,0,0,0,0,0,0,0,0,0,0,,,,,
Freddie Swain,WR,SEA,3,DAL,0,0,0,0,0,0,0,0,1,13,0,1,0,0,0,0,0,0,0,0,0,0,,,,,
GB,DEF,GB,3,NO,,,,,,,,,,,,,,,,,,,,,,,0,0,0,0,30.0
Gabe Davis,WR,BUF,3,LA,0,0,0,0,0,0,0,0,4,81,0,4,0,0,0,0,0,0,0,0,0,0,,,,,
Gardner Minshew,QB,JAX,3,MIA,275,0,42,30,1,22,0,3,0,0,0,0,0,0,0,0,0,0,0,0,0,0,,,,,
Gerald Everett,TE,LA,3,BUF,0,0,0,0,0,0,0,0,2,34,0,2,0,0,0,0,0,0,0,0,0,0,,,,,
Giovani Bernard,RB,CIN,3,PHI,0,0,0,0,0,0,0,0,3,55,0,3,0,0,0,0,0,0,0,0,0,0,,,,,
Golden Tate,WR,NYG,3,SF,0,0,0,0,0,0,0,0,5,36,0,7,0,0,0,0,0,0,0,0,0,0,,,,,
Graham Gano,K,NYG,3,SF,0,0,0,0,0,0,0,0,0,0,0,0,0,0,0,0,0,0,2,1,0,0,,,,,
Greg Olsen,TE,SEA,3,DAL,0,0,0,0,0,0,0,0,5,61,0,6,0,0,0,0,0,0,0,0,0,0,,,,,
Greg Ward,WR,PHI,3,CIN,0,0,0,0,0,-6,0,1,8,72,1,11,0,0,0,0,0,0,0,0,0,0,,,,,
Greg Zuerlein,K,DAL,3,SEA,0,0,0,0,0,0,0,0,0,0,0,0,0,0,0,0,0,0,2,0,0,1,,,,,
Gus Edwards,RB,BAL,3,KC,0,0,0,0,0,39,0,4,0,0,0,0,0,0,0,0,0,0,0,0,0,0,,,,,
HOU,DEF,HOU,3,PIT,,,,,,,,,,,,,,,,,,,,,,,0,0,0,0,28.0
Harrison Bryant,TE,CLE,3,WAS,0,0,0,0,0,0,0,0,1,3,1,2,0,0,0,0,0,0,0,0,0,0,,,,,
Harrison Butker,K,KC,3,BAL,0,0,0,0,0,0,0,0,0,0,0,0,0,0,0,0,0,0,0,0,0,4,,,,,
Hayden Hurst,TE,ATL,3,CHI,0,0,0,0,0,0,0,0,1,1,1,3,0,0,0,0,0,0,0,0,0,0,,,,,
Hunter Henry,TE,LAC,3,CAR,0,0,0,0,0,0,0,0,5,50,0,7,0,0,0,0,0,0,0,0,0,0,,,,,
Hunter Renfrow,WR,LV,3,NE,0,0,0,0,0,0,0,0,6,84,1,9,0,0,0,0,0,0,0,0,0,0,,,,,
IND,DEF,IND,3,NYJ,,,,,,,,,,,,,,,,,,,,,,,2,1,0,0,7.0
Ian Thomas,TE,CAR,3,LAC,0,0,0,0,0,0,0,0,1,9,0,2,0,0,0,0,0,0,0,0,0,0,,,,,
Irv Smith,TE,MIN,3,TEN,0,0,0,0,0,0,0,0,0,0,0,0,0,0,0,0,0,0,0,0,0,0,,,,,
Isaiah Ford,WR,MIA,3,JAX,0,0,0,0,0,0,0,0,2,14,0,2,0,0,0,0,0,0,0,0,0,0,,,,,
Isaiah McKenzie,WR,BUF,3,LA,0,0,0,0,0,4,0,1,1,6,0,2,0,0,0,0,0,0,0,0,0,0,,,,,
Isaiah Wright,WR,WAS,3,CLE,0,0,0,0,0,6,0,1,4,24,0,6,0,0,0,0,0,0,0,0,0,0,,,,,
Isaiah Zuber,WR,NE,3,LV,0,0,0,0,0,13,0,1,0,0,0,0,0,0,0,0,0,0,0,0,0,0,,,,,
Ito Smith,RB,ATL,3,CHI,0,0,0,0,0,0,0,0,0,0,0,2,0,0,0,0,0,0,0,0,0,0,,,,,
J.D. McKissic,RB,WAS,3,CLE,0,0,0,0,0,15,0,5,3,37,0,4,0,0,0,0,0,0,0,0,0,0,,,,,
J.J. Taylor,RB,NE,3,LV,0,0,0,0,0,43,0,11,0,0,0,1,0,0,0,0,0,0,0,0,0,0,,,,,
J.K. Dobbins,RB,BAL,3,KC,0,0,0,0,0,6,0,1,4,38,0,4,0,0,0,0,0,0,0,0,0,0,,,,,
J.P. Holtz,TE,CHI,3,ATL,0,0,0,0,0,0,0,0,0,0,0,0,0,0,0,0,0,0,0,0,0,0,,,,,
JAX,DEF,JAX,3,MIA,,,,,,,,,,,,,,,,,,,,,,,0,0,0,0,31.0
JaMycal Hasty,RB,SF,3,NYG,0,0,0,0,0,9,0,2,1,9,0,1,0,0,0,0,0,0,0,0,0,0,,,,,
Jace Sternberger,TE,GB,3,NO,0,0,0,0,0,0,0,0,3,36,0,3,0,0,0,0,0,0,0,0,0,0,,,,,
Jacob Hollister,TE,SEA,3,DAL,0,0,0,0,0,0,0,0,1,1,1,2,0,0,1,0,0,0,0,0,0,0,,,,,
Jacoby Brissett,QB,IND,3,NYJ,17,0,4,2,0,0,0,2,0,0,0,0,0,0,0,0,0,0,0,0,0,0,,,,,
Jake Butt,TE,DEN,3,TB,0,0,0,0,0,0,0,0,1,5,0,1,0,0,0,0,0,0,0,0,0,0,,,,,
Jake Elliott,K,PHI,3,CIN,0,0,0,0,0,0,0,0,0,0,0,0,0,0,0,0,1,0,1,1,0,2,,,,,
Jakeem Grant,WR,MIA,3,JAX,0,0,0,0,0,29,0,1,1,19,0,1,0,0,0,0,0,0,0,0,0,0,,,,,
Jakob Johnson,RB,NE,3,LV,0,0,0,0,0,0,0,0,1,6,0,1,0,0,0,0,0,0,0,0,0,0,,,,,
Jalen Guyton,WR,LAC,3,CAR,0,0,0,0,0,0,0,0,2,23,0,3,0,0,0,0,0,0,0,0,0,0,,,,,
Jalen Hurts,QB,PHI,3,CIN,0,0,0,0,0,5,0,2,0,0,0,0,0,0,0,0,0,0,0,0,0,0,,,,,
Jalen Richard,RB,LV,3,NE,0,0,0,0,0,14,0,1,3,8,0,3,0,0,0,0,0,0,0,0,0,0,,,,,
Jamaal Williams,RB,GB,3,NO,0,0,0,0,0,14,0,6,1,3,0,1,0,0,0,0,0,0,0,0,0,0,,,,,
Jamal Agnew,WR,DET,3,ARI,0,0,0,0,0,2,0,1,2,20,0,2,0,0,0,0,0,0,0,0,0,0,,,,,
James Conner,RB,PIT,3,HOU,0,0,0,0,0,109,1,18,4,40,0,5,0,0,0,0,0,0,0,0,0,0,,,,,
James O'Shaughnessy,TE,JAX,3,MIA,0,0,0,0,0,0,0,0,3,29,0,4,0,0,0,0,0,0,0,0,0,0,,,,,
James Proche,WR,BAL,3,KC,0,0,0,0,0,0,0,0,0,0,0,0,0,0,0,0,0,0,0,0,0,0,,,,,
James Robinson,RB,JAX,3,MIA,0,0,0,0,0,46,2,11,6,83,0,6,0,0,0,0,0,0,0,0,0,0,,,,,
James Washington,WR,PIT,3,HOU,0,0,0,0,0,0,0,0,5,36,0,7,0,0,0,0,0,0,0,0,0,0,,,,,
Jared Cook,TE,NO,3,GB,0,0,0,0,0,0,0,0,2,21,0,3,0,0,0,0,0,0,0,0,0,0,,,,,
Jared Goff,QB,LA,3,BUF,321,2,32,23,1,4,1,2,0,0,0,0,0,0,1,0,0,0,0,0,0,0,,,,,
Jarvis Landry,WR,CLE,3,WAS,0,0,0,0,0,0,0,0,4,36,0,4,0,0,0,0,0,0,0,0,0,0,,,,,
Jason Myers,K,SEA,3,DAL,0,0,0,0,0,0,0,0,0,0,0,0,0,0,0,0,0,0,0,0,0,4,,,,,
Jason Sanders,K,MIA,3,JAX,0,0,0,0,0,0,0,0,0,0,0,0,0,0,0,0,0,1,0,0,0,4,,,,,
Javon Wims,WR,CHI,3,ATL,0,0,0,0,0,0,0,0,0,0,0,1,0,0,0,0,0,0,0,0,0,0,,,,,
Jaydon Mickens,WR,TB,3,DEN,0,0,0,0,0,0,0,0,0,0,0,0,0,0,0,0,0,0,0,0,0,0,,,,,
Jaylen Samuels,RB,PIT,3,HOU,0,0,0,0,0,1,0,1,0,0,0,0,0,0,0,0,0,0,0,0,0,0,,,,,
Jeff Driskel,QB,DEN,3,TB,176,1,30,17,1,14,0,3,0,0,0,0,0,0,0,0,0,0,0,0,0,0,,,,,
Jeff Wilson,RB,SF,3,NYG,0,0,0,0,0,15,1,12,3,54,1,3,0,0,0,0,0,0,0,0,0,0,,,,,
Jeremy McNichols,RB,TEN,3,MIN,0,0,0,0,0,0,0,0,1,5,0,1,0,0,0,0,0,0,0,0,0,0,,,,,
Jerick McKinnon,RB,SF,3,NYG,0,0,0,0,0,38,1,14,3,39,0,4,0,0,0,0,0,0,0,0,0,0,,,,,
Jerry Jeudy,WR,DEN,3,TB,0,0,0,0,0,0,0,0,5,55,0,9,0,0,0,0,0,0,0,0,0,0,,,,,
Jesse James,TE,DET,3,ARI,0,0,0,0,0,0,0,0,3,28,1,4,0,0,0,0,0,0,0,0,0,0,,,,,
Jimmy Graham,TE,CHI,3,ATL,0,0,0,0,0,0,0,0,6,60,2,10,0,0,0,0,0,0,0,0,0,0,,,,,
JoJo Natson,WR,CLE,3,WAS,0,0,0,0,0,3,0,1,0,0,0,0,0,0,0,0,0,0,0,0,0,0,,,,,
Joe Burrow,QB,CIN,3,PHI,312,2,44,31,0,-1,0,1,0,0,0,0,0,0,0,0,0,0,0,0,0,0,,,,,
Joe Mixon,RB,CIN,3,PHI,0,0,0,0,0,49,0,17,2,16,0,3,0,0,0,0,0,0,0,0,0,0,,,,,
Joe Reed,WR,LAC,3,CAR,0,0,0,0,0,0,0,0,0,0,0,0,0,0,0,0,0,0,0,0,0,0,,,,,
Joey Slye,K,CAR,3,LAC,0,0,0,0,0,0,0,0,0,0,0,0,0,0,0,0,3,2,0,0,0,0,,,,,
John Brown,WR,BUF,3,LA,0,0,0,0,0,0,0,0,0,0,0,2,0,0,0,0,0,0,0,0,0,0,,,,,
John Hightower,WR,PHI,3,CIN,0,0,0,0,0,0,0,0,2,19,0,3,0,0,0,0,0,0,0,0,0,0,,,,,
Jonathan Taylor,RB,IND,3,NYJ,0,0,0,0,0,59,1,13,1,3,0,1,0,0,0,0,0,0,0,0,0,0,,,,,
Jonnu Smith,TE,TEN,3,MIN,0,0,0,0,0,0,0,0,5,61,0,8,0,0,0,0,0,0,0,0,0,0,,,,,
Jordan Akins,TE,HOU,3,PIT,0,0,0,0,0,0,0,0,2,28,0,3,0,0,0,0,0,0,0,0,0,0,,,,,
Jordan Howard,RB,MIA,3,JAX,0,0,0,0,0,1,1,3,0,0,0,0,0,0,0,0,0,0,0,0,0,0,,,,,
Jordan Reed,TE,SF,3,NYG,0,0,0,0,0,0,0,0,2,23,0,6,0,0,0,0,0,0,0,0,0,0,,,,,
Jordan Wilkins,RB,IND,3,NYJ,0,0,0,0,0,39,0,9,1,6,0,1,0,0,0,0,0,0,0,0,0,0,,,,,
Josh Allen,QB,BUF,3,LA,311,4,33,24,1,8,1,4,0,0,0,0,0,0,0,0,0,0,0,0,0,0,,,,,
Josh Jacobs,RB,LV,3,NE,0,0,0,0,0,71,0,16,3,12,0,4,0,0,0,0,0,0,0,0,0,0,,,,,
Josh Malone,WR,NYJ,3,IND,0,0,0,0,0,0,0,0,0,0,0,0,0,0,0,0,0,0,0,0,0,0,,,,,
Josh Reynolds,WR,LA,3,BUF,0,0,0,0,0,0,0,0,4,60,0,5,0,0,0,0,0,0,0,0,0,0,,,,,
Joshua Kelley,RB,LAC,3,CAR,0,0,0,0,0,43,0,8,2,9,0,2,0,0,0,0,0,0,0,0,0,0,,,,,
JuJu Smith-Schuster,WR,PIT,3,HOU,0,0,0,0,0,0,0,0,4,43,1,5,0,0,1,0,0,0,0,0,0,0,,,,,
Julian Edelman,WR,NE,3,LV,0,0,0,0,0,-1,0,1,2,23,0,6,0,0,0,0,0,0,0,0,0,0,,,,,
Justin Herbert,QB,LAC,3,CAR,330,1,49,35,1,15,0,3,0,0,0,0,0,0,0,0,0,0,0,0,0,0,,,,,
Justin Jefferson,WR,MIN,3,TEN,0,0,0,0,0,0,0,0,7,175,1,9,0,0,0,0,0,0,0,0,0,0,,,,,
Justin Tucker,K,BAL,3,KC,0,0,0,0,0,0,0,0,0,0,0,0,0,0,0,0,1,0,1,0,0,2,,,,,
K.J. Hill,WR,LAC,3,CAR,0,0,0,0,0,0,0,0,1,15,0,4,0,0,0,0,0,0,0,0,0,0,,,,,
KC,DEF,KC,3,BAL,,,,,,,,,,,,,,,,,,,,,,,0,0,0,0,20.0
KJ Hamler,WR,DEN,3,TB,0,0,0,0,0,-2,0,1,3,30,0,5,0,0,0,0,0,0,0,0,0,0,,,,,
Ka'imi Fairbairn,K,HOU,3,PIT,0,0,0,0,0,0,0,0,0,0,0,0,0,0,0,0,0,0,0,0,0,3,,,,,
Kaden Smith,TE,NYG,3,SF,0,0,0,0,0,0,0,0,1,13,0,2,0,0,0,0,0,0,0,0,0,0,,,,,
Kalen Ballage,RB,NYJ,3,IND,0,0,0,0,0,8,0,2,5,44,0,5,0,0,0,0,0,0,0,0,0,0,,,,,
Kalif Raymond,WR,TEN,3,MIN,0,0,0,0,0,-3,0,1,3,118,0,3,0,0,0,0,0,0,0,0,0,0,,,,,
Kareem Hunt,RB,CLE,3,WAS,0,0,0,0,0,46,0,16,2,18,1,3,0,0,0,0,0,0,0,0,0,0,,,,,
KeeSean Johnson,WR,ARI,3,DET,0,0,0,0,0,0,0,0,2,24,0,7,0,0,0,0,0,0,0,0,0,0,,,,,
Keelan Cole,WR,JAX,3,MIA,0,0,0,0,0,0,0,0,4,43,0,6,0,0,0,0,0,0,0,0,0,0,,,,,
Keenan Allen,WR,LAC,3,CAR,0,0,0,0,0,0,0,0,13,132,1,19,0,0,0,0,0,0,0,0,0,0,,,,,
Kendrick Bourne,WR,SF,3,NYG,0,0,0,0,0,0,0,0,4,63,0,6,0,0,0,0,0,0,0,0,0,0,,,,,
Kenny Golladay,WR,DET,3,ARI,0,0,0,0,0,0,0,0,6,57,1,7,0,0,0,0,0,0,0,0,0,0,,,,,
Kenny Stills,WR,HOU,3,PIT,0,0,0,0,0,0,0,0,3,35,0,4,0,0,0,0,0,0,0,0,0,0,,,,,
Kenyan Drake,RB,ARI,3,DET,0,0,0,0,0,73,0,18,1,6,0,1,0,0,0,0,0,0,0,0,0,0,,,,,
Kerryon Johnson,RB,DET,3,ARI,0,0,0,0,0,16,0,3,1,14,0,1,0,0,0,0,0,0,0,0,0,0,,,,,
KhaDarel Hodge,WR,CLE,3,WAS,0,0,0,0,0,0,0,0,0,0,0,1,0,0,0,0,0,0,0,0,0,0,,,,,
Kirk Cousins,QB,MIN,3,TEN,251,3,27,16,2,14,0,2,0,0,0,0,0,0,0,0,0,0,0,0,0,0,,,,,
Kyle Juszczyk,RB,SF,3,NYG,0,0,0,0,0,0,0,0,1,7,0,1,0,0,0,0,0,0,0,0,0,0,,,,,
Kyle Rudolph,TE,MIN,3,TEN,0,0,0,0,0,0,0,0,2,11,1,3,0,0,0,0,0,0,0,0,0,0,,,,,
Kyler Murray,QB,ARI,3,DET,270,2,35,23,3,29,1,5,0,0,0,0,0,0,0,0,0,0,0,0,0,0,,,,,
LA,DEF,LA,3,BUF,,,,,,,,,,,,,,,,,,,,,,,0,0,0,0,35.0
LAC,DEF,LAC,3,CAR,,,,,,,,,,,,,,,,,,,,,,,0,0,0,0,21.0
LV,DEF,LV,3,NE,,,,,,,,,,,,,,,,,,,,,,,0,0,0,0,36.0
La'Mical Perine,RB,NYJ,3,IND,0,0,0,0,0,24,0,7,2,-1,0,2,0,0,0,0,0,0,0,0,0,0,,,,,
Lamar Jackson,QB,BAL,3,KC,97,1,28,15,0,83,0,9,0,0,0,0,0,0,0,0,0,0,0,0,0,0,,,,,
Larry Fitzgerald,WR,ARI,3,DET,0,0,0,0,0,0,0,0,1,0,0,3,0,0,0,0,0,0,0,0,0,0,,,,,
Latavius Murray,RB,NO,3,GB,0,0,0,0,0,58,0,12,1,7,0,1,0,0,0,0,0,0,0,0,0,0,,,,,
Laviska Shenault Jr.,WR,JAX,3,MIA,0,0,0,0,0,1,0,1,5,33,0,6,0,0,0,0,0,0,0,0,0,0,,,,,
Lawrence Cager,TE,NYJ,3,IND,0,0,0,0,0,0,0,0,2,35,0,4,0,0,0,0,0,0,0,0,0,0,,,,,
LeSean McCoy,RB,TB,3,DEN,0,0,0,0,0,0,0,0,2,24,0,4,0,0,0,0,0,0,0,0,0,0,,,,,
Lee Smith,TE,BUF,3,LA,0,0,0,0,0,0,0,0,1,1,1,1,0,0,0,0,0,0,0,0,0,0,,,,,
Leonard Fournette,RB,TB,3,DEN,0,0,0,0,0,15,0,7,2,7,0,2,0,0,0,0,0,0,0,0,0,0,,,,,
Levante Bellamy,RB,DEN,3,TB,0,0,0,0,0,0,0,0,0,0,0,0,0,0,0,0,0,0,0,0,0,0,,,,,
Logan Thomas,TE,WAS,3,CLE,0,0,0,0,0,0,0,0,4,31,0,7,0,0,0,0,0,0,0,0,0,0,,,,,
Luke Stocker,TE,ATL,3,CHI,0,0,0,0,0,0,0,0,1,6,0,1,0,0,0,0,0,0,0,0,0,0,,,,,
MIA,DEF,MIA,3,JAX,,,,,,,,,,,,,,,,,,,,,,,0,0,0,0,13.0
MIN,DEF,MIN,3,TEN,,,,,,,,,,,,,,,,,,,,,,,0,0,0,0,31.0
Malcolm Brown,RB,LA,3,BUF,0,0,0,0,0,19,0,7,0,0,0,2,0,0,0,0,0,0,0,0,0,0,,,,,
Marcedes Lewis,TE,GB,3,NO,0,0,0,0,0,0,0,0,1,18,1,2,0,0,0,0,0,0,0,0,0,0,,,,,
Mark Andrews,TE,BAL,3,KC,0,0,0,0,0,0,0,0,3,22,0,8,0,0,0,0,0,0,0,0,0,0,,,,,
Mark Ingram,RB,BAL,3,KC,0,0,0,0,0,30,0,7,0,0,0,1,0,0,0,0,0,0,0,0,0,0,,,,,
Marquez Valdes-Scantling,WR,GB,3,NO,0,0,0,0,0,0,0,0,1,5,0,4,0,0,0,0,0,0,0,0,0,0,,,,,
Marquise Brown,WR,BAL,3,KC,0,0,0,0,0,0,0,0,2,13,0,6,0,0,0,0,0,0,0,0,0,0,,,,,
Marvin Jones,WR,DET,3,ARI,0,0,0,0,0,0,0,0,3,51,0,3,0,0,0,0,0,0,0,0,0,0,,,,,
Mason Crosby,K,GB,3,NO,0,0,0,0,0,0,0,0,0,0,0,0,0,0,0,0,0,1,1,1,0,4,,,,,
Matt Breida,RB,MIA,3,JAX,0,0,0,0,0,4,0,3,0,0,0,0,0,0,0,0,0,0,0,0,0,0,,,,,
Matt Prater,K,DET,3,ARI,0,0,0,0,0,0,0,0,0,0,0,0,0,0,0,0,1,3,0,0,0,2,,,,,
Matt Ryan,QB,ATL,3,CHI,238,1,38,19,1,-1,0,1,0,0,0,0,0,0,0,0,0,0,0,0,0,0,,,,,
Matthew Stafford,QB,DET,3,ARI,270,2,31,22,0,-3,0,1,0,0,0,0,0,0,0,0,0,0,0,0,0,0,,,,,
Mecole Hardman,WR,KC,3,BAL,0,0,0,0,0,0,0,0,4,81,1,6,0,0,0,0,0,0,0,0,0,0,,,,,
Melvin Gordon,RB,DEN,3,TB,0,0,0,0,0,26,0,8,4,12,0,6,0,0,0,0,0,0,0,0,0,0,,,,,
Michael Gallup,WR,DAL,3,SEA,0,0,0,0,0,0,0,0,6,138,1,9,0,0,0,0,0,0,0,0,0,0,,,,,
Michael Pittman,WR,IND,3,NYJ,0,0,0,0,0,0,0,0,3,26,0,4,0,0,0,0,0,0,0,0,0,0,,,,,
Mike Badgley,K,LAC,3,CAR,0,0,0,0,0,0,0,0,0,0,0,0,0,0,0,0,0,0,1,0,0,1,,,,,
Mike Davis,RB,CAR,3,LAC,0,0,0,0,0,46,0,13,8,45,1,9,0,0,0,0,0,0,0,0,0,0,,,,,
Mike Evans,WR,TB,3,DEN,0,0,0,0,0,0,0,0,2,2,2,4,0,0,0,0,0,0,0,0,0,0,,,,,
Mike Gesicki,TE,MIA,3,JAX,0,0,0,0,0,0,0,0,1,15,1,3,0,0,0,0,0,0,0,0,0,0,,,,,
Mike Thomas,WR,CIN,3,PHI,0,0,0,0,0,0,0,0,2,9,0,2,0,0,0,0,0,0,0,0,0,0,,,,,
Mike Williams,WR,LAC,3,CAR,0,0,0,0,0,0,0,0,1,17,0,1,0,0,0,0,0,0,0,0,0,0,,,,,
Miles Boykin,WR,BAL,3,KC,0,0,0,0,0,0,0,0,1,8,0,2,0,0,0,0,0,0,0,0,0,0,,,,,
Miles Sanders,RB,PHI,3,CIN,0,0,0,0,0,95,0,18,4,12,0,8,0,0,0,0,0,0,0,0,0,0,,,,,
Mitchell Trubisky,QB,CHI,3,ATL,128,1,22,13,1,45,0,1,0,0,0,0,0,0,0,0,0,0,0,0,0,0,,,,,
Mo Alie-Cox,TE,IND,3,NYJ,0,0,0,0,0,0,0,0,3,50,1,3,0,0,0,0,0,0,0,0,0,0,,,,,
Mohamed Sanu,WR,SF,3,NYG,0,0,0,0,0,0,0,0,1,9,0,1,0,0,0,0,0,0,0,0,0,0,,,,,
MyCole Pruitt,TE,TEN,3,MIN,0,0,0,0,0,0,0,0,2,16,0,2,0,0,0,0,0,0,0,0,0,0,,,,,
Myles Gaskin,RB,MIA,3,JAX,0,0,0,0,0,66,0,22,5,29,0,5,0,0,0,0,0,0,0,0,0,0,,,,,
N'Keal Harry,TE,NE,3,LV,0,0,0,0,0,2,0,1,2,34,0,4,0,0,0,0,0,0,0,0,0,0,,,,,
NE,DEF,NE,3,LV,,,,,,,,,,,,,,,,,,,,,,,0,0,0,0,20.0
NO,DEF,NO,3,GB,,,,,,,,,,,,,,,,,,,,,,,0,0,0,0,37.0
NYG,DEF,NYG,3,SF,,,,,,,,,,,,,,,,,,,,,,,0,0,0,0,36.0
NYJ,DEF,NYJ,3,IND,,,,,,,,,,,,,,,,,,,,,,,0,0,0,0,36.0
Nelson Agholor,WR,LV,3,NE,0,0,0,0,0,0,0,0,2,32,0,3,0,0,0,0,0,0,0,0,0,0,,,,,
Nick Boyle,TE,BAL,3,KC,0,0,0,0,0,0,0,0,1,5,1,1,0,0,0,0,0,0,0,0,0,0,,,,,
Nick Chubb,RB,CLE,3,WAS,0,0,0,0,0,108,2,19,1,2,0,1,0,0,0,0,0,0,0,0,0,0,,,,,
Nick Foles,QB,CHI,3,ATL,188,3,29,16,1,-3,0,3,0,0,0,0,0,0,0,0,0,0,0,0,0,0,,,,,
Nick Folk,K,NE,3,LV,0,0,0,0,0,0,0,0,0,0,0,0,0,0,0,0,1,2,0,0,0,3,,,,,
Nick Keizer,TE,KC,3,BAL,0,0,0,0,0,0,0,0,0,0,0,1,0,0,0,0,0,0,0,0,0,0,,,,,
Nick Mullens,QB,SF,3,NYG,343,1,36,25,0,0,0,4,0,0,0,0,0,0,0,0,0,0,0,0,0,0,,,,,
Nick Westbrook-Ikhine,WR,TEN,3,MIN,0,0,0,0,0,0,0,0,0,0,0,2,0,0,0,0,0,0,0,0,0,0,,,,,
Noah Brown,WR,DAL,3,SEA,0,0,0,0,0,0,0,0,1,9,0,2,0,0,0,0,0,0,0,0,0,0,,,,,
Noah Fant,TE,DEN,3,TB,0,0,0,0,0,0,0,0,5,46,0,10,0,0,0,0,0,0,0,0,0,0,,,,,
Noah Togiai,TE,IND,3,NYJ,0,0,0,0,0,0,0,0,0,0,0,1,0,0,0,0,0,0,0,0,0,0,,,,,
Nsimba Webster,WR,LA,3,BUF,0,0,0,0,0,0,0,0,0,0,0,0,0,0,0,0,0,0,0,0,0,0,,,,,
Nyheim Hines,RB,IND,3,NYJ,0,0,0,0,0,21,0,7,4,40,0,5,0,0,0,0,0,0,0,0,0,0,,,,,
O.J. Howard,TE,TB,3,DEN,0,0,0,0,0,0,0,0,3,49,0,4,0,0,0,0,0,0,0,0,0,0,,,,,
Odell Beckham Jr.,WR,CLE,3,WAS,0,0,0,0,0,0,0,0,4,59,0,6,0,0,0,0,0,0,0,0,0,0,,,,,
Olamide Zaccheaus,WR,ATL,3,CHI,0,0,0,0,0,0,0,0,4,41,0,6,0,0,0,0,0,0,0,0,0,0,,,,,
PHI,DEF,PHI,3,CIN,,,,,,,,,,,,,,,,,,,,,,,0,0,0,0,23.0
PIT,DEF,PIT,3,HOU,,,,,,,,,,,,,,,,,,,,,,,0,0,0,0,21.0
Patrick Mahomes,QB,KC,3,BAL,385,4,42,31,0,26,1,4,0,0,0,0,0,0,0,0,0,0,0,0,0,0,,,,,
Peyton Barber,RB,WAS,3,CLE,0,0,0,0,0,6,0,3,0,0,0,0,0,0,0,0,0,0,0,0,0,0,,,,,
Pharoh Cooper,WR,CAR,3,LAC,0,0,0,0,0,0,0,0,0,0,0,0,0,0,0,0,0,0,0,0,0,0,,,,,
Philip Rivers,QB,IND,3,NYJ,217,1,21,17,0,0,0,0,0,0,0,0,0,0,0,0,0,0,0,0,0,0,,,,,
Preston Williams,WR,MIA,3,JAX,0,0,0,0,0,0,0,0,2,7,1,2,0,0,0,0,0,0,0,0,0,0,,,,,
Quintez Cephus,WR,DET,3,ARI,0,0,0,0,0,0,0,0,0,0,0,0,0,0,0,0,0,0,0,0,0,0,,,,,
Randall Cobb,WR,HOU,3,PIT,0,0,0,0,0,0,0,0,4,95,1,4,0,0,0,0,0,0,0,0,0,0,,,,,
Randy Bullock,K,CIN,3,PHI,0,0,0,0,0,0,0,0,0,0,0,0,0,0,0,0,1,1,1,0,0,2,,,,,
Ray-Ray McCloud,WR,PIT,3,HOU,0,0,0,0,0,0,0,0,0,0,0,0,0,0,0,0,0,0,0,0,0,0,,,,,
Raymond Calais,RB,LA,3,BUF,0,0,0,0,0,0,0,0,0,0,0,0,0,0,0,0,0,0,0,0,0,0,,,,,
Reggie Bonnafon,RB,CAR,3,LAC,0,0,0,0,0,16,0,2,0,0,0,0,0,0,0,0,0,0,0,0,0,0,,,,,
Rex Burkhead,RB,NE,3,LV,0,0,0,0,0,49,2,6,7,49,1,10,0,0,0,0,0,0,0,0,0,0,,,,,
Richard Rodgers,TE,PHI,3,CIN,0,0,0,0,0,0,0,0,2,15,0,2,0,0,0,0,0,0,0,0,0,0,,,,,
Rico Gafford,WR,LV,3,NE,0,0,0,0,0,0,0,0,0,0,0,0,0,0,0,0,0,0,0,0,0,0,,,,,
Rob Gronkowski,TE,TB,3,DEN,0,0,0,0,0,0,0,0,6,48,0,7,0,0,0,0,0,0,0,0,0,0,,,,,
Robbie Chosen,WR,CAR,3,LAC,0,0,0,0,0,0,0,0,5,55,0,5,0,0,0,0,0,0,0,0,0,0,,,,,
Robbie Gould,K,SF,3,NYG,0,0,0,0,0,0,0,0,0,0,0,0,0,0,0,0,1,1,0,1,0,3,,,,,
Robert Tonyan,TE,GB,3,NO,0,0,0,0,0,0,0,0,5,50,1,5,0,0,0,0,0,0,0,0,0,0,,,,,
Robert Woods,WR,LA,3,BUF,0,0,0,0,0,30,0,3,5,74,1,6,0,0,0,0,0,0,0,0,0,0,,,,,
Rodrigo Blankenship,K,IND,3,NYJ,0,0,0,0,0,0,0,0,0,0,0,0,0,0,0,0,0,0,2,0,0,4,,,,,
Ronald Jones,RB,TB,3,DEN,0,0,0,0,0,53,0,13,2,20,0,4,0,0,0,0,0,0,0,0,0,0,,,,,
Ross Dwelley,TE,SF,3,NYG,0,0,0,0,0,0,0,0,4,49,0,4,0,0,0,0,0,0,0,0,0,0,,,,,
Royce Freeman,RB,DEN,3,TB,0,0,0,0,0,4,0,2,2,31,0,2,0,0,0,0,0,0,0,0,0,0,,,,,
Russell Gage,WR,ATL,3,CHI,0,0,0,0,0,0,0,0,2,26,0,3,0,0,0,0,0,0,0,0,0,0,,,,,
Russell Wilson,QB,SEA,3,DAL,315,5,40,27,0,22,0,6,0,0,0,0,0,0,1,0,0,0,0,0,0,0,,,,,
Ryan Fitzpatrick,QB,MIA,3,JAX,160,2,20,18,0,38,1,7,1,0,0,1,0,0,0,0,0,0,0,0,0,0,,,,,
Ryan Griffin,TE,NYJ,3,IND,0,0,0,0,0,0,0,0,0,0,0,2,0,0,0,0,0,0,0,0,0,0,,,,,
Ryan Izzo,TE,NE,3,LV,0,0,0,0,0,0,0,0,0,0,0,1,0,0,0,0,0,0,0,0,0,0,,,,,
Ryan Succop,K,TB,3,DEN,0,0,0,0,0,0,0,0,0,0,0,0,0,0,0,0,0,1,1,0,0,2,,,,,
Ryan Tannehill,QB,TEN,3,MIN,321,0,37,23,1,9,0,4,1,0,0,1,0,0,0,0,0,0,0,0,0,0,,,,,
SEA,DEF,SEA,3,DAL,,,,,,,,,,,,,,,,,,,,,,,0,1,0,0,31.0
SF,DEF,SF,3,NYG,,,,,,,,,,,,,,,,,,,,,,,0,0,0,0,9.0
Sam Darnold,QB,NYJ,3,IND,168,1,29,17,3,20,0,5,0,0,0,0,0,0,0,0,0,0,0,0,0,0,,,,,
Sam Ficken,K,NYJ,3,IND,0,0,0,0,0,0,0,0,0,0,0,0,0,0,0,0,0,0,0,0,0,1,,,,,
Sam Sloman,K,LA,3,BUF,0,0,0,0,0,0,0,0,0,0,0,0,0,0,0,0,0,1,0,0,0,3,,,,,
Sammy Watkins,WR,KC,3,BAL,0,0,0,0,0,0,0,0,7,62,0,8,0,0,0,0,0,0,0,0,0,0,,,,,
Scott Miller,WR,TB,3,DEN,0,0,0,0,0,0,0,0,3,83,0,5,0,0,0,0,0,0,0,0,0,0,,,,,
Seth Roberts,WR,CAR,3,LAC,0,0,0,0,0,0,0,0,2,16,0,3,0,0,0,0,0,0,0,0,0,0,,,,,
Sony Michel,RB,NE,3,LV,0,0,0,0,0,117,0,9,2,23,0,2,0,0,0,0,0,0,0,0,0,0,,,,,
Stefon Diggs,WR,BUF,3,LA,0,0,0,0,0,0,0,0,4,49,1,6,0,0,0,0,0,0,0,0,0,0,,,,,
Stephen Gostkowski,K,TEN,3,MIN,0,0,0,0,0,0,0,0,0,0,0,0,0,0,0,0,0,3,0,3,0,1,,,,,
Steven Sims,WR,WAS,3,CLE,0,0,0,0,0,0,0,0,0,0,0,0,0,0,0,0,0,0,0,0,0,0,,,,,
T.J. Hockenson,TE,DET,3,ARI,0,0,0,0,0,0,0,0,4,53,0,7,0,0,0,0,0,0,0,0,0,0,,,,,
T.J. Yeldon,RB,BUF,3,LA,0,0,0,0,0,18,0,3,0,0,0,0,0,0,0,0,0,0,0,0,0,0,,,,,
T.Y. Hilton,WR,IND,3,NYJ,0,0,0,0,0,0,0,0,3,52,0,3,0,0,0,0,0,0,0,0,0,0,,,,,
TB,DEF,TB,3,DEN,,,,,,,,,,,,,,,,,,,,,,,0,1,0,0,10.0
TEN,DEF,TEN,3,MIN,,,,,,,,,,,,,,,,,,,,,,,0,0,0,0,30.0
Tarik Cohen,RB,CHI,3,ATL,0,0,0,0,0,21,0,2,3,20,0,6,0,0,0,0,0,0,0,0,0,0,,,,,
Taysom Hill,TE,NO,3,GB,0,0,0,0,0,6,0,2,1,1,0,1,0,0,0,0,0,0,0,0,0,0,,,,,
Ted Ginn,WR,CHI,3,ATL,0,0,0,0,0,0,0,0,1,29,0,3,0,0,0,0,0,0,0,0,0,0,,,,,
Teddy Bridgewater,QB,CAR,3,LAC,235,1,28,22,0,12,0,2,0,0,0,0,0,0,0,0,0,0,0,0,0,0,,,,,
Tee Higgins,WR,CIN,3,PHI,0,0,0,0,0,0,0,0,5,40,2,9,0,0,0,0,0,0,0,0,0,0,,,,,
Terry McLaurin,WR,WAS,3,CLE,0,0,0,0,0,3,0,1,4,83,0,8,0,0,0,0,0,0,0,0,0,0,,,,,
Tim Patrick,WR,DEN,3,TB,0,0,0,0,0,0,0,0,4,43,1,4,0,0,0,0,0,0,0,0,0,0,,,,,
Todd Gurley,RB,ATL,3,CHI,0,0,0,0,0,80,1,14,1,2,0,2,0,0,0,0,0,0,0,0,0,0,,,,,
Tom Brady,QB,TB,3,DEN,297,3,38,25,0,0,0,5,0,0,0,0,0,0,0,0,0,0,0,0,0,0,,,,,
Tony Pollard,RB,DAL,3,SEA,0,0,0,0,0,0,0,0,1,-5,0,1,0,0,0,0,0,0,0,0,0,0,,,,,
Travis Homer,RB,SEA,3,DAL,0,0,0,0,0,19,0,2,0,0,0,1,0,0,0,0,0,0,0,0,0,0,,,,,
Travis Kelce,TE,KC,3,BAL,0,0,0,0,0,0,0,0,6,87,0,7,0,0,0,0,0,0,0,0,0,0,,,,,
Tre'Quan Smith,WR,NO,3,GB,0,0,0,0,0,0,0,0,4,42,0,6,0,0,0,0,0,0,0,0,0,0,,,,,
Trent Sherfield,WR,ARI,3,DET,0,0,0,0,0,0,0,0,0,0,0,0,0,0,0,0,0,0,0,0,0,0,,,,,
Trent Taylor,WR,SF,3,NYG,0,0,0,0,0,0,0,0,1,20,0,1,0,0,0,0,0,0,0,0,0,0,,,,,
Tyler Bass,K,BUF,3,LA,0,0,0,0,0,0,0,0,0,0,0,0,0,0,0,0,0,0,0,0,0,5,,,,,
Tyler Boyd,WR,CIN,3,PHI,0,0,0,0,0,0,0,0,10,125,0,13,0,0,0,0,0,0,0,0,0,0,,,,,
Tyler Eifert,TE,JAX,3,MIA,0,0,0,0,0,0,0,0,2,11,0,3,0,0,0,0,0,0,0,0,0,0,,,,,
Tyler Ervin,RB,GB,3,NO,0,0,0,0,0,5,0,1,2,8,0,2,0,0,0,0,0,0,0,0,0,0,,,,,
Tyler Higbee,TE,LA,3,BUF,0,0,0,0,0,0,0,0,2,40,0,2,0,0,1,0,0,0,0,0,0,0,,,,,
Tyler Kroft,TE,BUF,3,LA,0,0,0,0,0,0,0,0,4,24,2,5,0,0,0,0,0,0,0,0,0,0,,,,,
Tyler Lockett,WR,SEA,3,DAL,0,0,0,0,0,0,0,0,9,100,3,13,0,0,0,0,0,0,0,0,0,0,,,,,
Tyreek Hill,WR,KC,3,BAL,0,0,0,0,0,25,0,2,5,77,1,6,0,0,0,0,0,0,0,0,0,0,,,,,
Van Jefferson,WR,LA,3,BUF,0,0,0,0,0,0,0,0,0,0,0,1,0,0,0,0,0,0,0,0,0,0,,,,,
Vance McDonald,TE,PIT,3,HOU,0,0,0,0,0,0,0,0,3,35,0,3,0,0,0,0,0,0,0,0,0,0,,,,,
Virgil Green,TE,LAC,3,CAR,0,0,0,0,0,0,0,0,0,0,0,1,0,0,0,0,0,0,0,0,0,0,,,,,
WAS,DEF,WAS,3,CLE,,,,,,,,,,,,,,,,,,,,,,,0,0,0,0,34.0
Wayne Gallman,RB,NYG,3,SF,0,0,0,0,0,7,0,4,2,7,0,3,0,0,0,0,0,0,0,0,0,0,,,,,
Wil Lutz,K,NO,3,GB,0,0,0,0,0,0,0,0,0,0,0,0,0,0,0,0,0,2,1,0,0,3,,,,,
Will Dissly,TE,SEA,3,DAL,0,0,0,0,0,0,0,0,2,5,0,2,0,0,0,0,0,0,0,0,0,0,,,,,
Will Fuller,WR,HOU,3,PIT,0,0,0,0,0,0,0,0,4,54,1,5,0,0,0,0,0,0,0,0,0,0,,,,,
Willie Snead,WR,BAL,3,KC,0,0,0,0,0,0,0,0,2,4,0,2,0,0,0,0,0,0,0,0,0,0,,,,,
Younghoe Koo,K,ATL,3,CHI,0,0,0,0,0,0,0,0,0,0,0,0,0,0,0,0,1,1,0,0,0,2,,,,,
Zach Ertz,TE,PHI,3,CIN,0,0,0,0,0,0,0,0,7,70,0,10,0,0,0,0,0,0,0,0,0,0,,,,,
Zach Pascal,WR,IND,3,NYJ,0,0,0,0,0,0,0,0,2,34,0,4,0,0,0,0,0,0,0,0,0,0,,,,,
Zane Gonzalez,K,ARI,3,DET,0,0,0,0,0,0,0,0,0,0,0,0,0,0,0,0,0,0,0,1,0,2,,,,,
Zay Jones,WR,LV,3,NE,0,0,0,0,0,0,0,0,3,32,0,3,0,0,0,0,0,0,0,0,0,0,,,,,
A.J. Green,WR,CIN,4,JAX,0,0,0,0,0,0,0,0,1,3,0,5,0,0,0,0,0,0,0,0,0,0,,,,,
AJ Dillon,RB,GB,4,ATL,0,0,0,0,0,3,0,1,0,0,0,0,0,0,0,0,0,0,0,0,0,0,,,,,
ARI,DEF,ARI,4,CAR,,,,,,,,,,,,,,,,,,,,,,,0,0,0,0,31.0
ATL,DEF,ATL,4,GB,,,,,,,,,,,,,,,,,,,,,,,0,0,0,0,30.0
Aaron Jones,RB,GB,4,ATL,0,0,0,0,0,71,0,15,5,40,1,5,0,0,0,0,0,0,0,0,0,0,,,,,
Aaron Rodgers,QB,GB,4,ATL,327,4,33,27,0,5,0,1,0,0,0,0,0,0,0,0,0,0,0,0,0,0,,,,,
Adam Shaheen,TE,MIA,4,SEA,0,0,0,0,0,0,0,0,0,0,0,1,0,0,0,0,0,0,0,0,0,0,,,,,
Adam Thielen,WR,MIN,4,HOU,0,0,0,0,0,8,0,1,8,114,1,10,0,0,0,0,0,0,0,0,0,0,,,,,
Adrian Killins Jr.,RB,PHI,4,SF,0,0,0,0,0,-12,0,1,1,2,0,1,0,0,0,0,0,0,0,0,0,0,,,,,
Adrian Peterson,RB,DET,4,NO,0,0,0,0,0,36,1,11,0,0,0,2,0,0,0,0,0,0,0,0,0,0,,,,,
Aldrick Rosas,K,JAX,4,CIN,0,0,0,0,0,0,0,0,0,0,0,0,0,0,0,0,1,2,0,1,0,1,,,,,
Alex Armah,RB,CAR,4,ARI,0,0,0,0,0,2,0,1,0,0,0,0,0,0,0,0,0,0,0,0,0,0,,,,,
Alex Erickson,WR,CIN,4,JAX,0,0,0,0,0,7,0,1,1,9,0,1,0,0,0,0,0,0,0,0,0,0,,,,,
Alexander Mattison,RB,MIN,4,HOU,0,0,0,0,0,17,1,7,0,0,0,0,0,0,0,0,0,0,0,0,0,0,,,,,
Allen Robinson,WR,CHI,4,IND,0,0,0,0,0,0,0,0,7,101,1,10,0,0,0,0,0,0,0,0,0,0,,,,,
Alvin Kamara,RB,NO,4,DET,0,0,0,0,0,83,1,19,3,36,0,4,0,0,0,0,0,0,0,0,0,0,,,,,
Amari Cooper,WR,DAL,4,CLE,0,0,0,0,0,0,0,0,12,134,1,16,0,0,1,0,0,0,0,0,0,0,,,,,
Andre Roberts,WR,BUF,4,LV,0,0,0,0,0,-3,0,1,1,6,0,1,0,0,0,0,0,0,0,0,0,0,,,,,
Andy Isabella,WR,ARI,4,CAR,0,0,0,0,0,0,0,0,2,3,0,3,0,0,0,0,0,0,0,0,0,0,,,,,
Anthony Miller,WR,CHI,4,IND,0,0,0,0,0,0,0,0,3,16,0,5,0,0,0,0,0,0,0,0,0,0,,,,,
Antonio Gibson,RB,WAS,4,BAL,0,0,0,0,0,46,1,13,4,82,0,5,0,0,0,0,0,0,0,0,0,0,,,,,
Auden Tate,WR,CIN,4,JAX,0,0,0,0,0,0,0,0,1,15,0,1,0,0,0,0,0,0,0,0,0,0,,,,,
Austin Ekeler,RB,LAC,4,TB,0,0,0,0,0,12,0,2,1,2,0,1,0,0,0,0,0,0,0,0,0,0,,,,,
Austin Hooper,TE,CLE,4,DAL,0,0,0,0,0,0,0,0,5,34,1,7,0,0,0,0,0,0,0,0,0,0,,,,,
BAL,DEF,BAL,4,WAS,,,,,,,,,,,,,,,,,,,,,,,0,0,0,0,17.0
BUF,DEF,BUF,4,LV,,,,,,,,,,,,,,,,,,,,,,,0,0,0,0,23.0
Baker Mayfield,QB,CLE,4,DAL,165,2,30,19,0,6,0,3,0,0,0,0,0,0,0,0,0,0,0,0,0,0,,,,,
Bisi Johnson,WR,MIN,4,HOU,0,0,0,0,0,0,0,0,0,0,0,1,0,0,0,0,0,0,0,0,0,0,,,,,
Blake Bell,TE,DAL,4,CLE,0,0,0,0,0,0,0,0,2,24,0,2,0,0,0,0,0,0,0,0,0,0,,,,,
Boston Scott,RB,PHI,4,SF,0,0,0,0,0,1,0,2,0,0,0,0,0,0,0,0,0,0,0,0,0,0,,,,,
Brandin Cooks,WR,HOU,4,MIN,0,0,0,0,0,0,0,0,0,0,0,3,0,0,0,0,0,0,0,0,0,0,,,,,
Brandon Aiyuk,WR,SF,4,PHI,0,0,0,0,0,38,1,1,2,18,0,5,0,0,0,0,0,0,0,0,0,0,,,,,
Brandon McManus,K,DEN,4,NYJ,0,0,0,0,0,0,0,0,0,0,0,0,0,0,0,0,0,0,1,2,0,4,,,,,
Brandon Powell,WR,ATL,4,GB,0,0,0,0,0,0,0,0,0,0,0,0,0,0,0,0,0,0,0,0,0,0,,,,,
Braxton Berrios,WR,NYJ,4,DEN,0,0,0,0,0,0,0,0,0,0,0,3,0,0,0,0,0,0,0,0,0,0,,,,,
Brett Rypien,QB,DEN,4,NYJ,242,2,31,19,3,-5,0,5,0,0,0,0,0,0,0,0,0,0,0,0,0,0,,,,,
Brian Hill,RB,ATL,4,GB,0,0,0,0,0,10,0,4,2,13,0,2,0,0,0,0,0,0,0,0,0,0,,,,,
Brian Hoyer,QB,NE,4,KC,130,0,24,15,1,8,0,1,0,0,0,0,0,0,0,0,0,0,0,0,0,0,,,,,
C.J. Beathard,QB,SF,4,PHI,138,0,19,14,0,0,0,0,0,0,0,0,0,0,0,0,0,0,0,0,0,0,,,,,
C.J. Board,WR,NYG,4,LA,0,0,0,0,0,3,0,1,0,0,0,1,0,0,0,0,0,0,0,0,0,0,,,,,
CAR,DEF,CAR,4,ARI,,,,,,,,,,,,,,,,,,,,,,,0,0,0,0,21.0
CHI,DEF,CHI,4,IND,,,,,,,,,,,,,,,,,,,,,,,0,0,0,0,19.0
CIN,DEF,CIN,4,JAX,,,,,,,,,,,,,,,,,,,,,,,0,0,0,0,25.0
CLE,DEF,CLE,4,DAL,,,,,,,,,,,,,,,,,,,,,,,0,0,0,0,38.0
Cairo Santos,K,CHI,4,IND,0,0,0,0,0,0,0,0,0,0,0,0,0,0,0,0,1,0,0,0,0,0,,,,,
Calvin Ridley,WR,ATL,4,GB,0,0,0,0,0,0,0,0,0,0,0,5,0,0,0,0,0,0,0,0,0,0,,,,,
Cam Sims,WR,WAS,4,BAL,0,0,0,0,0,0,0,0,2,17,0,2,0,0,0,0,0,0,0,0,0,0,,,,,
Cameron Brate,TE,TB,4,LAC,0,0,0,0,0,0,0,0,1,3,1,1,0,0,0,0,0,0,0,0,0,0,,,,,
Carson Wentz,QB,PHI,4,SF,193,1,28,18,1,37,1,7,0,0,0,0,0,0,1,0,0,0,0,0,0,0,,,,,
Cedrick Wilson Jr.,WR,DAL,4,CLE,0,0,0,0,0,0,0,0,3,34,0,6,0,0,0,0,0,0,0,0,0,0,,,,,
CeeDee Lamb,WR,DAL,4,CLE,0,0,0,0,0,3,0,1,5,79,2,7,0,0,0,0,0,0,0,0,0,0,,,,,
Cethan Carter,TE,CIN,4,JAX,0,0,0,0,0,0,0,0,1,24,0,1,0,0,0,0,0,0,0,0,0,0,,,,,
Chase Edmonds,RB,ARI,4,CAR,0,0,0,0,0,16,0,4,5,24,1,6,0,0,0,0,0,0,0,0,0,0,,,,,
Chris Carson,RB,SEA,4,MIA,0,0,0,0,0,80,2,16,3,20,0,4,0,0,0,0,0,0,0,0,0,0,,,,,
Chris Conley,WR,JAX,4,CIN,0,0,0,0,0,0,0,0,3,44,0,4,0,0,0,0,0,0,0,0,0,0,,,,,
Chris Herndon,TE,NYJ,4,DEN,0,0,0,0,0,0,0,0,1,11,0,3,0,0,0,0,0,0,0,0,0,0,,,,,
Chris Hogan,WR,NYJ,4,DEN,0,0,0,0,0,0,0,0,4,23,0,8,0,0,0,0,0,0,0,0,0,0,,,,,
Chris Manhertz,TE,CAR,4,ARI,0,0,0,0,0,0,0,0,1,17,0,1,0,0,0,0,0,0,0,0,0,0,,,,,
Christian Blake,WR,ATL,4,GB,0,0,0,0,0,0,0,0,3,47,0,5,0,0,0,0,0,0,0,0,0,0,,,,,
Christian Kirk,WR,ARI,4,CAR,0,0,0,0,0,0,0,0,3,19,1,5,0,0,0,0,0,0,0,0,0,0,,,,,
Clyde Edwards-Helaire,RB,KC,4,NE,0,0,0,0,0,64,0,16,3,27,0,3,0,0,0,0,0,0,0,0,0,0,,,,,
Cody Parkey,K,CLE,4,DAL,0,0,0,0,0,0,0,0,0,0,0,0,0,0,0,0,0,1,1,0,0,5,,,,,
Cole Beasley,WR,BUF,4,LV,0,0,0,0,0,0,0,0,3,32,1,4,0,0,0,0,0,0,0,0,0,0,,,,,
Cole Kmet,TE,CHI,4,IND,0,0,0,0,0,0,0,0,0,0,0,1,0,0,0,0,0,0,0,0,0,0,,,,,
Collin Johnson,WR,JAX,4,CIN,0,0,0,0,0,0,0,0,0,0,0,0,0,0,0,0,0,0,0,0,0,0,,,,,
Cooper Kupp,WR,LA,4,NYG,0,0,0,0,0,-2,0,1,5,69,1,7,0,0,0,0,0,0,0,0,0,0,,,,,
Cordarrelle Patterson,RB,CHI,4,IND,0,0,0,0,0,5,0,3,1,0,0,2,0,0,0,0,0,0,0,0,0,0,,,,,
Corey Clement,RB,PHI,4,SF,0,0,0,0,0,3,0,2,0,0,0,0,0,0,0,0,0,0,0,0,0,0,,,,,
Curtis Samuel,WR,CAR,4,ARI,0,0,0,0,0,-3,0,2,3,51,0,4,0,0,0,0,0,0,0,0,0,0,,,,,
D'Andre Swift,RB,DET,4,NO,0,0,0,0,0,22,0,4,4,30,1,4,0,0,0,0,0,0,0,0,0,0,,,,,
D'Ernest Johnson,RB,CLE,4,DAL,0,0,0,0,0,95,0,13,0,0,0,0,0,0,0,0,0,0,0,0,0,0,,,,,
DAL,DEF,DAL,4,CLE,,,,,,,,,,,,,,,,,,,,,,,0,0,0,0,49.0
DEN,DEF,DEN,4,NYJ,,,,,,,,,,,,,,,,,,,,,,,0,0,0,0,28.0
DET,DEF,DET,4,NO,,,,,,,,,,,,,,,,,,,,,,,0,0,0,0,35.0
DJ Chark,WR,JAX,4,CIN,0,0,0,0,0,0,0,0,8,95,2,9,0,0,0,0,0,0,0,0,0,0,,,,,
DJ Moore,WR,CAR,4,ARI,0,0,0,0,0,0,0,0,4,49,0,6,0,0,0,0,0,0,0,0,0,0,,,,,
DK Metcalf,WR,SEA,4,MIA,0,0,0,0,0,0,0,0,4,106,0,6,0,0,0,0,0,0,0,0,0,0,,,,,
DaeSean Hamilton,WR,DEN,4,NYJ,0,0,0,0,0,0,0,0,1,9,0,3,0,0,0,0,0,0,0,0,0,0,,,,,
Dak Prescott,QB,DAL,4,CLE,502,4,58,41,1,12,0,2,0,0,0,0,0,0,2,0,0,0,0,0,0,0,,,,,
Dalton Schultz,TE,DAL,4,CLE,0,0,0,0,0,0,0,0,4,72,1,8,0,0,0,0,0,0,0,0,0,0,,,,,
Dalvin Cook,RB,MIN,4,HOU,0,0,0,0,0,130,2,27,2,16,0,2,0,0,0,0,0,0,0,0,0,0,,,,,
Damien Harris,RB,NE,4,KC,0,0,0,0,0,100,0,17,0,0,0,0,0,0,0,0,0,0,0,0,0,0,,,,,
Damiere Byrd,WR,NE,4,KC,0,0,0,0,0,0,0,0,5,80,0,10,0,0,0,0,0,0,0,0,0,0,,,,,
Damion Ratley,WR,NYG,4,LA,0,0,0,0,0,0,0,0,3,34,0,4,0,0,0,0,0,0,0,0,0,0,,,,,
Dan Arnold,TE,ARI,4,CAR,0,0,0,0,0,0,0,0,4,39,0,4,0,0,0,0,0,0,0,0,0,0,,,,,
Dan Bailey,K,MIN,4,HOU,0,0,0,0,0,0,0,0,0,0,0,0,0,0,0,0,0,1,0,0,0,4,,,,,
Dan Chisena,WR,MIN,4,HOU,0,0,0,0,0,0,0,0,0,0,0,0,0,0,0,0,0,0,0,0,0,0,,,,,
Daniel Brown,TE,NYJ,4,DEN,0,0,0,0,0,0,0,0,0,0,0,0,0,0,0,0,0,0,0,0,0,0,,,,,
Daniel Carlson,K,LV,4,BUF,0,0,0,0,0,0,0,0,0,0,0,0,0,0,0,0,1,1,0,1,0,2,,,,,
Daniel Jones,QB,NYG,4,LA,190,0,36,23,1,45,0,6,0,0,0,0,0,0,0,0,0,0,0,0,0,0,,,,,
Danny Amendola,WR,DET,4,NO,0,0,0,0,0,0,0,0,2,57,0,3,0,0,0,0,0,0,0,0,0,0,,,,,
Dante Pettis,WR,SF,4,PHI,0,0,0,0,0,0,0,0,0,0,0,0,0,0,0,0,0,0,0,0,0,0,,,,,
Darius Slayton,WR,NYG,4,LA,0,0,0,0,0,0,0,0,3,48,0,7,0,0,0,0,0,0,0,0,0,0,,,,,
Darnell Mooney,WR,CHI,4,IND,0,0,0,0,0,-3,0,1,5,52,0,9,0,0,0,0,0,0,0,0,0,0,,,,,
Darrel Williams,RB,KC,4,NE,0,0,0,0,0,2,0,1,0,0,0,1,0,0,0,0,0,0,0,0,0,0,,,,,
Darrell Henderson,RB,LA,4,NYG,0,0,0,0,0,21,0,8,1,16,0,1,0,0,0,0,0,0,0,0,0,0,,,,,
Darren Fells,TE,HOU,4,MIN,0,0,0,0,0,0,0,0,2,21,0,2,0,0,0,0,0,0,0,0,0,0,,,,,
Darren Waller,TE,LV,4,BUF,0,0,0,0,0,0,0,0,9,88,0,11,0,0,0,0,0,0,0,0,0,0,,,,,
Darrius Shepherd,WR,GB,4,ATL,0,0,0,0,0,0,0,0,2,21,0,3,0,0,0,0,0,0,0,0,0,0,,,,,
Daurice Fountain,WR,IND,4,CHI,0,0,0,0,0,0,0,0,0,0,0,1,0,0,0,0,0,0,0,0,0,0,,,,,
David Johnson,RB,HOU,4,MIN,0,0,0,0,0,63,0,16,2,29,0,3,0,0,0,0,0,0,0,0,0,0,,,,,
David Montgomery,RB,CHI,4,IND,0,0,0,0,0,27,0,10,3,30,0,6,0,0,1,0,0,0,0,0,0,0,,,,,
David Moore,WR,SEA,4,MIA,0,0,0,0,0,0,0,0,3,95,1,4,0,0,0,0,0,0,0,0,0,0,,,,,
Dawson Knox,TE,BUF,4,LV,0,0,0,0,0,0,0,0,2,16,0,3,0,0,0,0,0,0,0,0,0,0,,,,,
DeAndre Carter,WR,HOU,4,MIN,0,0,0,0,0,0,0,0,0,0,0,0,0,0,0,0,0,0,0,0,0,0,,,,,
DeAndre Hopkins,WR,ARI,4,CAR,0,0,0,0,0,0,0,0,7,41,0,9,0,0,0,0,0,0,0,0,0,0,,,,,
DeVante Parker,WR,MIA,4,SEA,0,0,0,0,0,0,0,0,10,110,0,12,0,0,0,0,0,0,0,0,0,0,,,,,
DeeJay Dallas,RB,SEA,4,MIA,0,0,0,0,0,8,0,2,2,15,0,2,0,0,0,0,0,0,0,0,0,0,,,,,
Deebo Samuel Sr.,WR,SF,4,PHI,0,0,0,0,0,10,0,1,3,35,0,3,0,0,0,0,0,0,0,0,0,0,,,,,
Demetrius Harris,TE,CHI,4,IND,0,0,0,0,0,0,0,0,1,6,0,2,0,0,0,0,0,0,0,0,0,0,,,,,
Deon Yelder,TE,KC,4,NE,0,0,0,0,0,0,0,0,1,5,0,1,0,0,0,0,0,0,0,0,0,0,,,,,
Deonte Harty,WR,NO,4,DET,0,0,0,0,0,10,0,2,1,10,0,2,0,0,0,0,0,0,0,0,0,0,,,,,
Derek Carr,QB,LV,4,BUF,311,2,44,32,0,20,0,4,0,0,0,0,0,0,0,0,0,0,0,0,0,0,,,,,
Deshaun Watson,QB,HOU,4,MIN,300,2,33,20,0,9,0,5,0,0,0,0,0,0,0,0,0,0,0,0,0,0,,,,,
Devin Duvernay,WR,BAL,4,WAS,0,0,0,0,0,0,0,0,1,4,0,2,0,0,0,0,0,0,0,0,0,0,,,,,
Devin Singletary,RB,BUF,4,LV,0,0,0,0,0,56,1,18,5,21,0,6,0,0,0,0,0,0,0,0,0,0,,,,,
Devonta Freeman,RB,NYG,4,LA,0,0,0,0,0,33,0,11,4,35,0,4,0,0,0,0,0,0,0,0,0,0,,,,,
Dion Lewis,RB,NYG,4,LA,0,0,0,0,0,10,0,1,2,8,0,3,0,0,0,0,0,0,0,0,0,0,,,,,
Diontae Spencer,WR,DEN,4,NYJ,0,0,0,0,0,0,0,0,0,0,0,0,0,0,0,0,0,0,0,0,0,0,,,,,
Donald Parham,TE,LAC,4,TB,0,0,0,0,0,0,0,0,1,19,1,1,0,0,0,0,0,0,0,0,0,0,,,,,
Donovan Peoples-Jones,WR,CLE,4,DAL,0,0,0,0,0,0,0,0,0,0,0,0,0,0,0,0,0,0,0,0,0,0,,,,,
Dontrell Hilliard,RB,CLE,4,DAL,0,0,0,0,0,19,0,5,1,2,0,1,0,0,0,0,0,0,0,0,0,0,,,,,
Dontrelle Inman,WR,WAS,4,BAL,0,0,0,0,0,0,0,0,4,29,0,5,0,0,0,0,0,0,0,0,0,0,,,,,
Drew Brees,QB,NO,4,DET,246,2,25,19,1,-3,0,3,0,0,0,0,0,0,0,0,0,0,0,0,0,0,,,,,
Drew Sample,TE,CIN,4,JAX,0,0,0,0,0,0,0,0,3,47,0,5,0,0,0,0,0,0,0,0,0,0,,,,,
Duke Johnson,RB,HOU,4,MIN,0,0,0,0,0,24,0,5,3,21,0,4,0,0,0,0,0,0,0,0,0,0,,,,,
Durham Smythe,TE,MIA,4,SEA,0,0,0,0,0,0,0,0,2,30,0,2,0,0,0,0,0,0,0,0,0,0,,,,,
Dustin Hopkins,K,WAS,4,BAL,0,0,0,0,0,0,0,0,0,0,0,0,0,0,0,0,0,0,1,0,0,2,,,,,
Dwayne Haskins,QB,WAS,4,BAL,314,0,45,32,0,3,1,3,0,0,0,0,0,0,0,0,0,0,0,0,0,0,,,,,
Elliott Fry,K,ATL,4,GB,0,0,0,0,0,0,0,0,0,0,0,0,0,0,0,0,1,0,0,0,0,1,,,,,
Emmanuel Sanders,WR,NO,4,DET,0,0,0,0,0,0,0,0,6,93,0,9,0,0,0,0,0,0,0,0,0,0,,,,,
Evan Engram,TE,NYG,4,LA,0,0,0,0,0,0,0,0,6,35,0,10,0,0,0,0,0,0,0,0,0,0,,,,,
Ezekiel Elliott,RB,DAL,4,CLE,0,0,0,0,0,54,0,12,8,71,0,8,0,0,1,0,0,0,0,0,0,0,,,,,
Foster Moreau,TE,LV,4,BUF,0,0,0,0,0,0,0,0,1,8,0,1,0,0,0,0,0,0,0,0,0,0,,,,,
Frank Gore,RB,NYJ,4,DEN,0,0,0,0,0,30,0,13,1,6,0,2,0,0,0,0,0,0,0,0,0,0,,,,,
Freddie Swain,WR,SEA,4,MIA,0,0,0,0,0,0,0,0,2,32,0,3,0,0,0,0,0,0,0,0,0,0,,,,,
GB,DEF,GB,4,ATL,,,,,,,,,,,,,,,,,,,,,,,0,0,0,0,16.0
Gabe Davis,WR,BUF,4,LV,0,0,0,0,0,0,0,0,1,26,1,1,0,0,0,0,0,0,0,0,0,0,,,,,
Gardner Minshew,QB,JAX,4,CIN,351,2,40,27,1,9,0,2,0,0,0,0,0,0,0,0,0,0,0,0,0,0,,,,,
George Kittle,TE,SF,4,PHI,0,0,0,0,0,8,0,1,15,183,1,15,0,0,0,0,0,0,0,0,0,0,,,,,
Gerald Everett,TE,LA,4,NYG,0,0,0,0,0,2,1,1,1,10,0,1,0,0,0,0,0,0,0,0,0,0,,,,,
Giovani Bernard,RB,CIN,4,JAX,0,0,0,0,0,19,0,2,0,0,0,0,0,0,0,0,0,0,0,0,0,0,,,,,
Golden Tate,WR,NYG,4,LA,0,0,0,0,0,0,0,0,4,20,0,6,0,0,0,0,0,0,0,0,0,0,,,,,
Graham Gano,K,NYG,4,LA,0,0,0,0,0,0,0,0,0,0,0,0,0,0,0,0,1,2,0,0,0,0,,,,,
Greg Olsen,TE,SEA,4,MIA,0,0,0,0,0,0,0,0,5,35,0,7,0,0,0,0,0,0,0,0,0,0,,,,,
Greg Ward,WR,PHI,4,SF,0,0,0,0,0,0,0,0,4,38,0,7,0,0,0,0,0,0,0,0,0,0,,,,,
Greg Zuerlein,K,DAL,4,CLE,0,0,0,0,0,0,0,0,0,0,0,0,0,0,0,0,0,0,0,0,0,2,,,,,
Gunner Olszewski,WR,NE,4,KC,0,0,0,0,0,0,0,0,1,11,0,1,0,0,0,0,0,0,0,0,0,0,,,,,
Gus Edwards,RB,BAL,4,WAS,0,0,0,0,0,38,0,9,0,0,0,0,0,0,0,0,0,0,0,0,0,0,,,,,
HOU,DEF,HOU,4,MIN,,,,,,,,,,,,,,,,,,,,,,,0,0,0,0,31.0
Harrison Bryant,TE,CLE,4,DAL,0,0,0,0,0,0,0,0,4,37,0,4,0,0,0,0,0,0,0,0,0,0,,,,,
Harrison Butker,K,KC,4,NE,0,0,0,0,0,0,0,0,0,0,0,0,0,0,0,0,1,1,0,0,0,2,,,,,
Hayden Hurst,TE,ATL,4,GB,0,0,0,0,0,0,0,0,4,51,0,6,0,0,0,0,0,0,0,0,0,0,,,,,
Hunter Henry,TE,LAC,4,TB,0,0,0,0,0,0,0,0,2,39,0,4,0,0,0,0,0,0,0,0,0,0,,,,,
Hunter Renfrow,WR,LV,4,BUF,0,0,0,0,0,0,0,0,5,57,0,8,0,0,0,0,0,0,0,0,0,0,,,,,
IND,DEF,IND,4,CHI,,,,,,,,,,,,,,,,,,,,,,,0,0,0,0,11.0
Ian Thomas,TE,CAR,4,ARI,0,0,0,0,0,0,0,0,2,5,1,5,0,0,0,0,0,0,0,0,0,0,,,,,
Irv Smith,TE,MIN,4,HOU,0,0,0,0,0,0,0,0,0,0,0,1,0,0,0,0,0,0,0,0,0,0,,,,,
Isaiah Ford,WR,MIA,4,SEA,0,0,0,0,0,0,0,0,4,48,0,10,0,0,0,0,0,0,0,0,0,0,,,,,
Isaiah McKenzie,WR,BUF,4,LV,0,0,0,0,0,11,0,2,1,18,0,1,0,0,0,0,0,0,0,0,0,0,,,,,
Isaiah Wright,WR,WAS,4,BAL,0,0,0,0,0,9,0,1,4,20,0,5,0,0,0,0,0,0,0,0,0,0,,,,,
Isaiah Zuber,WR,NE,4,KC,0,0,0,0,0,8,0,1,0,0,0,0,0,0,0,0,0,0,0,0,0,0,,,,,
Ito Smith,RB,ATL,4,GB,0,0,0,0,0,3,0,2,3,24,0,3,0,0,0,0,0,0,0,0,0,0,,,,,
J.D. McKissic,RB,WAS,4,BAL,0,0,0,0,0,6,0,2,7,40,0,8,0,0,0,0,0,0,0,0,0,0,,,,,
J.K. Dobbins,RB,BAL,4,WAS,0,0,0,0,0,16,0,5,1,1,0,2,0,0,0,0,0,0,0,0,0,0,,,,,
J.P. Holtz,TE,CHI,4,IND,0,0,0,0,0,0,0,0,0,0,0,0,0,0,0,0,0,0,0,0,0,0,,,,,
JAX,DEF,JAX,4,CIN,,,,,,,,,,,,,,,,,,,,,,,0,0,0,0,33.0
Jack Doyle,TE,IND,4,CHI,0,0,0,0,0,0,0,0,1,12,0,1,0,0,0,0,0,0,0,0,0,0,,,,,
Jaeden Graham,TE,ATL,4,GB,0,0,0,0,0,0,0,0,0,0,0,0,0,0,0,0,0,0,0,0,0,0,,,,,
Jake Butt,TE,DEN,4,NYJ,0,0,0,0,0,0,0,0,0,0,0,1,0,0,0,0,0,0,0,0,0,0,,,,,
Jake Elliott,K,PHI,4,SF,0,0,0,0,0,0,0,0,0,0,0,0,0,0,0,0,0,1,0,0,0,2,,,,,
Jakeem Grant,WR,MIA,4,SEA,0,0,0,0,0,0,0,0,3,36,0,5,0,0,0,0,0,0,0,0,0,0,,,,,
Jakob Johnson,RB,NE,4,KC,0,0,0,0,0,0,0,0,0,0,0,0,0,0,0,0,0,0,0,0,0,0,,,,,
Jalen Guyton,WR,LAC,4,TB,0,0,0,0,0,0,0,0,1,72,1,1,0,0,0,0,0,0,0,0,0,0,,,,,
Jalen Hurts,QB,PHI,4,SF,0,0,0,0,0,18,0,3,0,0,0,0,0,0,0,0,0,0,0,0,0,0,,,,,
Jalen Richard,RB,LV,4,BUF,0,0,0,0,0,6,0,1,2,10,0,4,0,0,0,0,0,0,0,0,0,0,,,,,
Jamaal Williams,RB,GB,4,ATL,0,0,0,0,0,10,0,8,8,95,0,8,0,0,0,0,0,0,0,0,0,0,,,,,
Jamal Agnew,WR,DET,4,NO,0,0,0,0,0,2,0,1,1,1,0,2,0,0,0,0,0,0,0,0,0,0,,,,,
James O'Shaughnessy,TE,JAX,4,CIN,0,0,0,0,0,0,0,0,1,26,0,2,0,0,0,0,0,0,0,0,0,0,,,,,
James Proche,WR,BAL,4,WAS,0,0,0,0,0,0,0,0,0,0,0,0,0,0,0,0,0,0,0,0,0,0,,,,,
James Robinson,RB,JAX,4,CIN,0,0,0,0,0,75,0,17,4,32,0,4,0,0,0,0,0,0,0,0,0,0,,,,,
James White,RB,NE,4,KC,0,0,0,0,0,21,0,3,7,38,0,8,0,0,0,0,0,0,0,0,0,0,,,,,
Jamison Crowder,WR,NYJ,4,DEN,0,0,0,0,0,0,0,0,7,104,0,10,0,0,0,0,0,0,0,0,0,0,,,,,
Jared Goff,QB,LA,4,NYG,200,1,32,25,0,-3,0,3,0,0,0,0,0,0,0,0,0,0,0,0,0,0,,,,,
Jarrett Stidham,QB,NE,4,KC,60,1,13,5,2,3,0,2,0,0,0,0,0,0,0,0,0,0,0,0,0,0,,,,,
Jarvis Landry,WR,CLE,4,DAL,37,1,1,1,0,0,0,0,5,48,0,6,0,0,0,0,0,0,0,0,0,0,,,,,
Jason Myers,K,SEA,4,MIA,0,0,0,0,0,0,0,0,0,0,0,0,0,0,0,0,0,0,0,1,0,4,,,,,
Jason Sanders,K,MIA,4,SEA,0,0,0,0,0,0,0,0,0,0,0,0,0,0,0,0,2,0,3,0,0,0,,,,,
Jason Witten,TE,LV,4,BUF,0,0,0,0,0,0,0,0,2,18,1,2,0,0,0,0,0,0,0,0,0,0,,,,,
Jaydon Mickens,WR,TB,4,LAC,0,0,0,0,0,0,0,0,0,0,0,0,0,0,0,0,0,0,0,0,0,0,,,,,
Jeff Driskel,QB,DEN,4,NYJ,0,0,0,0,0,9,0,1,0,0,0,0,0,0,0,0,0,0,0,0,0,0,,,,,
Jeff Smith,WR,NYJ,4,DEN,0,0,0,0,0,0,0,0,7,81,0,9,0,0,0,0,0,0,0,0,0,0,,,,,
Jeff Wilson,RB,SF,4,PHI,0,0,0,0,0,6,0,3,1,13,0,1,0,0,0,0,0,0,0,0,0,0,,,,,
Jeremy Sprinkle,TE,WAS,4,BAL,0,0,0,0,0,0,0,0,0,0,0,0,0,0,0,0,0,0,0,0,0,0,,,,,
Jerick McKinnon,RB,SF,4,PHI,0,0,0,0,0,54,1,14,7,43,0,8,0,0,0,0,0,0,0,0,0,0,,,,,
Jerry Jeudy,WR,DEN,4,NYJ,0,0,0,0,0,0,0,0,2,61,1,4,0,0,0,0,0,0,0,0,0,0,,,,,
Jesse James,TE,DET,4,NO,0,0,0,0,0,0,0,0,1,31,0,2,0,0,0,0,0,0,0,0,0,0,,,,,
Jimmy Graham,TE,CHI,4,IND,0,0,0,0,0,0,0,0,4,33,0,5,0,0,0,0,0,0,0,0,0,0,,,,,
Joe Burrow,QB,CIN,4,JAX,300,1,36,25,1,11,0,4,0,0,0,0,0,0,0,0,0,0,0,0,0,0,,,,,
Joe Flacco,QB,NYJ,4,DEN,16,0,2,2,0,0,0,0,0,0,0,0,0,0,0,0,0,0,0,0,0,0,,,,,
Joe Mixon,RB,CIN,4,JAX,0,0,0,0,0,151,2,25,6,30,1,6,0,0,0,0,0,0,0,0,0,0,,,,,
Joey Slye,K,CAR,4,ARI,0,0,0,0,0,0,0,0,0,0,0,0,0,0,0,0,1,0,0,0,0,4,,,,,
John Brown,WR,BUF,4,LV,0,0,0,0,0,0,0,0,4,42,0,5,0,0,0,0,0,0,0,0,0,0,,,,,
John Hightower,WR,PHI,4,SF,0,0,0,0,0,0,0,0,2,22,0,2,0,0,0,0,0,0,0,0,0,0,,,,,
Johnny Mundt,TE,LA,4,NYG,0,0,0,0,0,0,0,0,1,5,0,1,0,0,0,0,0,0,0,0,0,0,,,,,
Jonathan Taylor,RB,IND,4,CHI,0,0,0,0,0,68,0,17,1,11,0,1,0,0,0,0,0,0,0,0,0,0,,,,,
Jonathan Ward,RB,ARI,4,CAR,0,0,0,0,0,0,0,0,0,0,0,0,0,0,0,0,0,0,0,0,0,0,,,,,
Jordan Akins,TE,HOU,4,MIN,0,0,0,0,0,0,0,0,3,46,0,3,0,0,0,0,0,0,0,0,0,0,,,,,
Jordan Howard,RB,MIA,4,SEA,0,0,0,0,0,2,0,2,1,-3,0,1,0,0,0,0,0,0,0,0,0,0,,,,,
Jordan Wilkins,RB,IND,4,CHI,0,0,0,0,0,15,0,9,1,16,0,1,0,0,0,0,0,0,0,0,0,0,,,,,
Josh Allen,QB,BUF,4,LV,288,2,34,24,0,-1,1,3,0,0,0,0,0,0,0,0,0,0,0,0,0,0,,,,,
Josh Hill,TE,NO,4,DET,0,0,0,0,0,0,0,0,1,7,0,1,0,0,0,0,0,0,0,0,0,0,,,,,
Josh Jacobs,RB,LV,4,BUF,0,0,0,0,0,48,0,15,3,25,0,4,0,0,0,0,0,0,0,0,0,0,,,,,
Josh Reynolds,WR,LA,4,NYG,0,0,0,0,0,0,0,0,3,25,0,4,0,0,0,0,0,0,0,0,0,0,,,,,
Joshua Kelley,RB,LAC,4,TB,0,0,0,0,0,7,0,9,3,26,0,3,0,0,0,0,0,0,0,0,0,0,,,,,
Julian Edelman,WR,NE,4,KC,0,0,0,0,0,0,0,0,3,35,0,6,0,0,0,0,0,0,0,0,0,0,,,,,
Julio Jones,WR,ATL,4,GB,0,0,0,0,0,0,0,0,4,32,0,4,0,0,0,0,0,0,0,0,0,0,,,,,
Justice Hill,RB,BAL,4,WAS,0,0,0,0,0,0,0,0,0,0,0,0,0,0,0,0,0,0,0,0,0,0,,,,,
Justin Herbert,QB,LAC,4,TB,290,3,25,20,1,14,0,5,0,0,0,0,0,0,0,0,0,0,0,0,0,0,,,,,
Justin Jackson,RB,LAC,4,TB,0,0,0,0,0,9,0,6,2,12,0,2,0,0,0,0,0,0,0,0,0,0,,,,,
Justin Jefferson,WR,MIN,4,HOU,0,0,0,0,0,0,0,0,4,103,0,5,0,0,0,0,0,0,0,0,0,0,,,,,
Justin Tucker,K,BAL,4,WAS,0,0,0,0,0,0,0,0,0,0,0,0,0,0,0,0,0,0,1,0,0,4,,,,,
Justin Watson,WR,TB,4,LAC,0,0,0,0,0,0,0,0,4,40,0,6,0,0,0,0,0,0,0,0,0,0,,,,,
K.J. Hill,WR,LAC,4,TB,0,0,0,0,0,0,0,0,0,0,0,0,0,0,0,0,0,0,0,0,0,0,,,,,
K.J. Osborn,WR,MIN,4,HOU,0,0,0,0,0,0,0,0,0,0,0,0,0,0,0,0,0,0,0,0,0,0,,,,,
KC,DEF,KC,4,NE,,,,,,,,,,,,,,,,,,,,,,,1,0,0,0,10.0
Ka'imi Fairbairn,K,HOU,4,MIN,0,0,0,0,0,0,0,0,0,0,0,0,0,0,0,0,2,0,0,1,0,2,,,,,
Kaden Smith,TE,NYG,4,LA,0,0,0,0,0,0,0,0,1,10,0,1,0,0,0,0,0,0,0,0,0,0,,,,,
Kalen Ballage,RB,NYJ,4,DEN,0,0,0,0,0,0,0,0,2,11,0,3,0,0,0,0,0,0,0,0,0,0,,,,,
Kareem Hunt,RB,CLE,4,DAL,0,0,0,0,0,71,2,11,0,0,0,0,0,0,0,0,0,0,0,0,0,0,,,,,
Ke'Shawn Vaughn,RB,TB,4,LAC,0,0,0,0,0,4,0,3,2,22,1,3,0,0,0,0,0,0,0,0,0,0,,,,,
Keelan Cole,WR,JAX,4,CIN,0,0,0,0,0,0,0,0,4,46,0,5,0,0,0,0,0,0,0,0,0,0,,,,,
Keenan Allen,WR,LAC,4,TB,0,0,0,0,0,0,0,0,8,62,0,11,0,0,0,0,0,0,0,0,0,0,,,,,
Kendrick Bourne,WR,SF,4,PHI,0,0,0,0,0,0,0,0,3,33,0,6,0,0,0,0,0,0,0,0,0,0,,,,,
Kenjon Barner,RB,TB,4,LAC,0,0,0,0,0,0,0,0,0,0,0,1,0,0,0,0,0,0,0,0,0,0,,,,,
Kenny Golladay,WR,DET,4,NO,0,0,0,0,0,0,0,0,4,62,1,8,0,0,0,0,0,0,0,0,0,0,,,,,
Kenny Stills,WR,HOU,4,MIN,0,0,0,0,0,0,0,0,2,39,1,4,0,0,0,0,0,0,0,0,0,0,,,,,
Kenyan Drake,RB,ARI,4,CAR,0,0,0,0,0,35,0,13,0,0,0,0,0,0,0,0,0,0,0,0,0,0,,,,,
Kerryon Johnson,RB,DET,4,NO,0,0,0,0,0,9,0,3,1,3,0,1,0,0,0,0,0,0,0,0,0,0,,,,,
Kirk Cousins,QB,MIN,4,HOU,260,1,22,16,0,5,0,4,0,0,0,0,0,0,0,0,0,0,0,0,0,0,,,,,
Kyle Juszczyk,RB,SF,4,PHI,0,0,0,0,0,0,0,0,1,13,0,2,0,0,0,0,0,0,0,0,0,0,,,,,
Kyle Rudolph,TE,MIN,4,HOU,0,0,0,0,0,0,0,0,2,27,0,2,0,0,0,0,0,0,0,0,0,0,,,,,
Kyler Murray,QB,ARI,4,CAR,133,3,31,24,0,78,0,6,0,0,0,0,0,0,0,0,0,0,0,0,0,0,,,,,
LA,DEF,LA,4,NYG,,,,,,,,,,,,,,,,,,,,,,,0,0,0,0,9.0
LAC,DEF,LAC,4,TB,,,,,,,,,,,,,,,,,,,,,,,1,0,0,0,38.0
LV,DEF,LV,4,BUF,,,,,,,,,,,,,,,,,,,,,,,0,0,0,0,30.0
La'Mical Perine,RB,NYJ,4,DEN,0,0,0,0,0,15,0,5,0,0,0,0,0,0,0,0,0,0,0,0,0,0,,,,,
Lamar Jackson,QB,BAL,4,WAS,193,2,21,14,1,53,1,7,0,0,0,0,0,0,0,0,0,0,0,0,0,0,,,,,
Larry Fitzgerald,WR,ARI,4,CAR,0,0,0,0,0,0,0,0,2,4,0,3,0,0,0,0,0,0,0,0,0,0,,,,,
Latavius Murray,RB,NO,4,DET,0,0,0,0,0,64,2,14,1,19,0,2,0,0,0,0,0,0,0,0,0,0,,,,,
Laviska Shenault Jr.,WR,JAX,4,CIN,0,0,0,0,0,5,0,1,5,86,0,6,0,0,0,0,0,0,0,0,0,0,,,,,
Lawrence Cager,TE,NYJ,4,DEN,0,0,0,0,0,0,0,0,0,0,0,2,0,0,0,0,0,0,0,0,0,0,,,,,
LeSean McCoy,RB,TB,4,LAC,0,0,0,0,0,3,0,1,1,3,0,1,0,0,0,0,0,0,0,0,0,0,,,,,
Levante Bellamy,RB,DEN,4,NYJ,0,0,0,0,0,0,0,0,0,0,0,0,0,0,0,0,0,0,0,0,0,0,,,,,
Logan Thomas,TE,WAS,4,BAL,0,0,0,0,0,0,0,0,1,8,0,4,0,0,0,0,0,0,0,0,0,0,,,,,
Lynn Bowden,WR,MIA,4,SEA,0,0,0,0,0,5,0,1,0,0,0,0,0,0,0,0,0,0,0,0,0,0,,,,,
MIA,DEF,MIA,4,SEA,,,,,,,,,,,,,,,,,,,,,,,0,0,0,0,31.0
MIN,DEF,MIN,4,HOU,,,,,,,,,,,,,,,,,,,,,,,0,0,0,0,23.0
Malcolm Brown,RB,LA,4,NYG,0,0,0,0,0,38,0,9,5,19,0,6,0,0,0,0,0,0,0,0,0,0,,,,,
Malik Taylor,WR,GB,4,ATL,0,0,0,0,0,0,0,0,1,20,0,1,0,0,0,0,0,0,0,0,0,0,,,,,
Marcus Johnson,WR,IND,4,CHI,0,0,0,0,0,0,0,0,1,27,0,1,0,0,0,0,0,0,0,0,0,0,,,,,
Mark Andrews,TE,BAL,4,WAS,0,0,0,0,0,0,0,0,3,57,2,3,0,0,0,0,0,0,0,0,0,0,,,,,
Mark Ingram,RB,BAL,4,WAS,0,0,0,0,0,34,1,8,1,3,0,1,0,0,0,0,0,0,0,0,0,0,,,,,
Marquez Callaway,WR,NO,4,DET,0,0,0,0,0,0,0,0,1,16,0,1,0,0,0,0,0,0,0,0,0,0,,,,,
Marquez Valdes-Scantling,WR,GB,4,ATL,0,0,0,0,0,0,0,0,4,45,0,8,0,0,0,0,0,0,0,0,0,0,,,,,
Marquise Brown,WR,BAL,4,WAS,0,0,0,0,0,0,0,0,4,86,0,8,0,0,0,0,0,0,0,0,0,0,,,,,
Marvin Hall,WR,DET,4,NO,0,0,0,0,0,0,0,0,0,0,0,1,0,0,0,0,0,0,0,0,0,0,,,,,
Marvin Jones,WR,DET,4,NO,0,0,0,0,0,0,0,0,1,9,0,2,0,0,0,0,0,0,0,0,0,0,,,,,
Mason Crosby,K,GB,4,ATL,0,0,0,0,0,0,0,0,0,0,0,0,0,0,0,0,0,0,1,0,0,3,,,,,
Matt Breida,RB,MIA,4,SEA,0,0,0,0,0,9,0,3,3,39,0,3,0,0,0,0,0,0,0,0,0,0,,,,,
Matt Prater,K,DET,4,NO,0,0,0,0,0,0,0,0,0,0,0,0,0,0,0,0,0,0,0,0,0,3,,,,,
Matt Ryan,QB,ATL,4,GB,285,0,39,28,0,10,0,2,0,0,0,0,0,0,0,0,0,0,0,0,0,0,,,,,
Matthew Stafford,QB,DET,4,NO,206,3,31,17,1,21,0,3,0,0,0,0,0,0,1,0,0,0,0,0,0,0,,,,,
Mecole Hardman,WR,KC,4,NE,0,0,0,0,0,0,0,0,4,27,1,4,0,0,0,0,0,0,0,0,0,0,,,,,
Melvin Gordon,RB,DEN,4,NYJ,0,0,0,0,0,107,2,23,2,11,0,3,0,0,0,0,0,0,0,0,0,0,,,,,
Michael Gallup,WR,DAL,4,CLE,0,0,0,0,0,0,0,0,2,29,0,5,0,0,0,0,0,0,0,0,0,0,,,,,
Mike Badgley,K,LAC,4,TB,0,0,0,0,0,0,0,0,0,0,0,0,0,0,0,0,0,0,0,1,0,4,,,,,
Mike Boone,RB,MIN,4,HOU,0,0,0,0,0,0,0,0,0,0,0,0,0,0,0,0,0,0,0,0,0,0,,,,,
Mike Davis,RB,CAR,4,ARI,0,0,0,0,0,84,1,16,5,27,0,6,0,0,0,0,0,0,0,0,0,0,,,,,
Mike Evans,WR,TB,4,LAC,0,0,0,0,0,0,0,0,7,122,1,8,0,0,0,0,0,0,0,0,0,0,,,,,
Mike Gesicki,TE,MIA,4,SEA,0,0,0,0,0,0,0,0,1,15,0,3,0,0,0,0,0,0,0,0,0,0,,,,,
Mike Thomas,WR,CIN,4,JAX,0,0,0,0,0,0,0,0,1,5,0,1,0,0,0,0,0,0,0,0,0,0,,,,,
Miles Boykin,WR,BAL,4,WAS,0,0,0,0,0,0,0,0,2,28,0,4,0,0,0,0,0,0,0,0,0,0,,,,,
Miles Sanders,RB,PHI,4,SF,0,0,0,0,0,46,0,13,2,30,0,4,0,0,0,0,0,0,0,0,0,0,,,,,
Mo Alie-Cox,TE,IND,4,CHI,0,0,0,0,0,0,0,0,1,13,1,2,0,0,0,0,0,0,0,0,0,0,,,,,
Myles Gaskin,RB,MIA,4,SEA,0,0,0,0,0,40,0,10,3,22,0,4,0,0,0,0,0,0,0,0,0,0,,,,,
N'Keal Harry,TE,NE,4,KC,0,0,0,0,0,0,0,0,3,21,1,6,0,0,0,0,0,0,0,0,0,0,,,,,
NE,DEF,NE,4,KC,,,,,,,,,,,,,,,,,,,,,,,0,0,0,0,26.0
NO,DEF,NO,4,DET,,,,,,,,,,,,,,,,,,,,,,,0,0,0,0,29.0
NYG,DEF,NYG,4,LA,,,,,,,,,,,,,,,,,,,,,,,0,0,0,0,17.0
NYJ,DEF,NYJ,4,DEN,,,,,,,,,,,,,,,,,,,,,,,1,0,0,0,37.0
Nelson Agholor,WR,LV,4,BUF,0,0,0,0,0,0,0,0,4,44,1,4,0,0,0,0,0,0,0,0,0,0,,,,,
Nick Boyle,TE,BAL,4,WAS,0,0,0,0,0,0,0,0,1,9,0,1,0,0,0,0,0,0,0,0,0,0,,,,,
Nick Chubb,RB,CLE,4,DAL,0,0,0,0,0,43,0,6,0,0,0,0,0,0,0,0,0,0,0,0,0,0,,,,,
Nick Foles,QB,CHI,4,IND,249,1,42,26,1,-1,0,2,0,0,0,0,0,0,0,0,0,0,0,0,0,0,,,,,
Nick Folk,K,NE,4,KC,0,0,0,0,0,0,0,0,0,0,0,0,0,0,0,0,0,0,1,0,0,1,,,,,
Nick Mullens,QB,SF,4,PHI,200,1,26,18,2,0,0,0,0,0,0,0,0,0,0,0,0,0,0,0,0,0,,,,,
Nick Vannett,TE,DEN,4,NYJ,0,0,0,0,0,0,0,0,1,7,0,2,0,0,0,0,0,0,0,0,0,0,,,,,
Noah Brown,WR,DAL,4,CLE,0,0,0,0,0,0,0,0,4,43,0,4,0,0,0,0,0,0,0,0,0,0,,,,,
Noah Fant,TE,DEN,4,NYJ,0,0,0,0,0,0,0,0,5,35,0,6,0,0,0,0,0,0,0,0,0,0,,,,,
Nsimba Webster,WR,LA,4,NYG,0,0,0,0,0,0,0,0,0,0,0,0,0,0,0,0,0,0,0,0,0,0,,,,,
Nyheim Hines,RB,IND,4,CHI,0,0,0,0,0,24,0,9,3,8,0,3,0,0,0,0,0,0,0,0,0,0,,,,,
O.J. Howard,TE,TB,4,LAC,0,0,0,0,0,0,0,0,3,50,1,6,0,0,0,0,0,0,0,0,0,0,,,,,
Odell Beckham Jr.,WR,CLE,4,DAL,0,0,0,0,0,73,1,2,5,81,2,8,0,0,0,0,0,0,0,0,0,0,,,,,
Olamide Zaccheaus,WR,ATL,4,GB,0,0,0,0,0,0,0,0,8,86,0,9,0,0,0,0,0,0,0,0,0,0,,,,,
PHI,DEF,PHI,4,SF,,,,,,,,,,,,,,,,,,,,,,,1,0,0,0,20.0
Patrick Mahomes,QB,KC,4,NE,236,2,29,19,0,28,0,8,0,0,0,0,0,0,0,0,0,0,0,0,0,0,,,,,
Peyton Barber,RB,WAS,4,BAL,0,0,0,0,0,5,0,3,0,0,0,1,0,0,0,0,0,0,0,0,0,0,,,,,
Pharaoh Brown,TE,HOU,4,MIN,0,0,0,0,0,0,0,0,0,0,0,0,0,0,0,0,0,0,0,0,0,0,,,,,
Pharoh Cooper,WR,CAR,4,ARI,0,0,0,0,0,0,0,0,0,0,0,0,0,0,0,0,0,0,0,0,0,0,,,,,
Philip Rivers,QB,IND,4,CHI,190,1,29,16,0,-4,0,3,0,0,0,0,0,0,0,0,0,0,0,0,0,0,,,,,
Preston Williams,WR,MIA,4,SEA,0,0,0,0,0,0,0,0,1,15,0,3,0,0,1,0,0,0,0,0,0,0,,,,,
Randall Cobb,WR,HOU,4,MIN,0,0,0,0,0,0,0,0,2,36,0,5,0,0,0,0,0,0,0,0,0,0,,,,,
Randy Bullock,K,CIN,4,JAX,0,0,0,0,0,0,0,0,0,0,0,0,0,0,0,0,0,2,2,0,0,3,,,,,
Raymond Calais,RB,LA,4,NYG,0,0,0,0,0,0,0,0,0,0,0,0,0,0,0,0,0,0,0,0,0,0,,,,,
Reggie Bonnafon,RB,CAR,4,ARI,0,0,0,0,0,53,0,10,2,18,1,2,0,0,0,0,0,0,0,0,0,0,,,,,
Reggie Gilliam,RB,BUF,4,LV,0,0,0,0,0,0,0,0,0,0,0,0,0,0,0,0,0,0,0,0,0,0,,,,,
Rex Burkhead,RB,NE,4,KC,0,0,0,0,0,45,0,11,1,5,0,1,0,0,0,0,0,0,0,0,0,0,,,,,
Richard Rodgers,TE,PHI,4,SF,0,0,0,0,0,0,0,0,3,35,0,4,0,0,0,0,0,0,0,0,0,0,,,,,
Rob Gronkowski,TE,TB,4,LAC,0,0,0,0,0,0,0,0,1,29,0,3,0,0,0,0,0,0,0,0,0,0,,,,,
Robbie Chosen,WR,CAR,4,ARI,0,0,0,0,0,0,0,0,8,99,0,11,0,0,0,0,0,0,0,0,0,0,,,,,
Robbie Gould,K,SF,4,PHI,0,0,0,0,0,0,0,0,0,0,0,0,0,0,0,0,0,0,0,0,0,2,,,,,
Robert Griffin III,QB,BAL,4,WAS,0,0,1,0,1,3,0,3,0,0,0,0,0,0,0,0,0,0,0,0,0,0,,,,,
Robert Tonyan,TE,GB,4,ATL,0,0,0,0,0,0,0,0,6,98,3,6,0,0,0,0,0,0,0,0,0,0,,,,,
Robert Woods,WR,LA,4,NYG,0,0,0,0,0,2,0,1,6,36,0,7,0,0,0,0,0,0,0,0,0,0,,,,,
Rodrigo Blankenship,K,IND,4,CHI,0,0,0,0,0,0,0,0,0,0,0,0,0,0,0,0,1,2,1,0,0,1,,,,,
Ronald Jones,RB,TB,4,LAC,0,0,0,0,0,111,0,20,6,17,0,9,0,0,0,0,0,0,0,0,0,0,,,,,
Royce Freeman,RB,DEN,4,NYJ,0,0,0,0,0,6,0,3,2,6,0,2,0,0,0,0,0,0,0,0,0,0,,,,,
Russell Gage,WR,ATL,4,GB,0,0,0,0,0,-2,0,1,2,22,0,3,0,0,0,0,0,0,0,0,0,0,,,,,
Russell Wilson,QB,SEA,4,MIA,360,2,34,24,1,5,0,4,0,0,0,0,0,0,0,0,0,0,0,0,0,0,,,,,
Ryan Fitzpatrick,QB,MIA,4,SEA,315,0,45,29,2,47,1,6,0,0,0,0,0,0,1,0,0,0,0,0,0,0,,,,,
Ryan Griffin,TE,NYJ,4,DEN,0,0,0,0,0,0,0,0,3,10,0,3,0,0,0,0,0,0,0,0,0,0,,,,,
Ryan Izzo,TE,NE,4,KC,0,0,0,0,0,0,0,0,0,0,0,3,0,0,0,0,0,0,0,0,0,0,,,,,
Ryan Nall,RB,CHI,4,IND,0,0,0,0,0,0,0,0,0,0,0,0,0,0,0,0,0,0,0,0,0,0,,,,,
Ryan Succop,K,TB,4,LAC,0,0,0,0,0,0,0,0,0,0,0,0,0,0,0,0,1,0,0,0,0,5,,,,,
SEA,DEF,SEA,4,MIA,,,,,,,,,,,,,,,,,,,,,,,0,0,0,0,23.0
SF,DEF,SF,4,PHI,,,,,,,,,,,,,,,,,,,,,,,0,0,0,0,25.0
Sam Darnold,QB,NYJ,4,DEN,230,0,42,23,0,84,1,6,0,0,0,0,0,0,0,0,0,0,0,0,0,0,,,,,
Sam Ficken,K,NYJ,4,DEN,0,0,0,0,0,0,0,0,0,0,0,0,0,0,0,0,1,3,0,1,0,1,,,,,
Sam Sloman,K,LA,4,NYG,0,0,0,0,0,0,0,0,0,0,0,0,0,0,0,0,0,1,0,0,0,2,,,,,
Sammy Watkins,WR,KC,4,NE,0,0,0,0,0,0,0,0,4,43,0,7,0,0,0,0,0,0,0,0,0,0,,,,,
Scott Miller,WR,TB,4,LAC,0,0,0,0,0,0,0,0,5,83,1,7,0,0,0,0,0,0,0,0,0,0,,,,,
Seth Roberts,WR,CAR,4,ARI,0,0,0,0,0,0,0,0,1,10,0,1,0,0,0,0,0,0,0,0,0,0,,,,,
Stefon Diggs,WR,BUF,4,LV,0,0,0,0,0,0,0,0,6,115,0,7,0,0,0,0,0,0,0,0,0,0,,,,,
Stephen Carlson,TE,CLE,4,DAL,0,0,0,0,0,0,0,0,0,0,0,0,0,0,1,0,0,0,0,0,0,0,,,,,
T.J. Hockenson,TE,DET,4,NO,0,0,0,0,0,0,0,0,2,9,1,4,0,0,1,0,0,0,0,0,0,0,,,,,
T.J. Yeldon,RB,BUF,4,LV,0,0,0,0,0,0,0,0,0,0,0,1,0,0,0,0,0,0,0,0,0,0,,,,,
T.Y. Hilton,WR,IND,4,CHI,0,0,0,0,0,0,0,0,3,29,0,5,0,0,0,0,0,0,0,0,0,0,,,,,
TB,DEF,TB,4,LAC,,,,,,,,,,,,,,,,,,,,,,,0,0,0,0,31.0
Taiwan Jones,RB,BUF,4,LV,0,0,0,0,0,0,0,0,0,0,0,0,0,0,0,0,0,0,0,0,0,0,,,,,
Taysom Hill,TE,NO,4,DET,0,0,0,0,0,6,0,3,1,8,0,1,0,0,0,0,0,0,0,0,0,0,,,,,
Ted Ginn,WR,CHI,4,IND,0,0,0,0,0,0,0,0,2,11,0,2,0,0,0,0,0,0,0,0,0,0,,,,,
Teddy Bridgewater,QB,CAR,4,ARI,276,2,37,26,1,32,1,6,0,0,0,0,0,0,0,0,0,0,0,0,0,0,,,,,
Tee Higgins,WR,CIN,4,JAX,0,0,0,0,0,13,0,1,4,77,0,7,0,0,0,0,0,0,0,0,0,0,,,,,
Terry McLaurin,WR,WAS,4,BAL,0,0,0,0,0,0,0,0,10,118,0,14,0,0,0,0,0,0,0,0,0,0,,,,,
Theo Riddick,RB,LV,4,BUF,0,0,0,0,0,13,0,2,0,0,0,0,0,0,0,0,0,0,0,0,0,0,,,,,
Tim Boyle,QB,GB,4,ATL,0,0,0,0,0,-1,0,1,0,0,0,0,0,0,0,0,0,0,0,0,0,0,,,,,
Tim Patrick,WR,DEN,4,NYJ,0,0,0,0,0,0,0,0,6,113,1,7,0,0,0,0,0,0,0,0,0,0,,,,,
Todd Gurley,RB,ATL,4,GB,0,0,0,0,0,57,2,16,1,6,0,1,0,0,0,0,0,0,0,0,0,0,,,,,
Tom Brady,QB,TB,4,LAC,369,5,46,30,1,-3,0,3,0,0,0,0,0,0,0,0,0,0,0,0,0,0,,,,,
Tony Pollard,RB,DAL,4,CLE,0,0,0,0,0,16,1,3,1,16,0,2,0,0,0,0,0,0,0,0,0,0,,,,,
Travis Fulgham,WR,PHI,4,SF,0,0,0,0,0,0,0,0,2,57,1,3,0,0,0,0,0,0,0,0,0,0,,,,,
Travis Homer,RB,SEA,4,MIA,0,0,0,0,0,5,0,4,1,3,1,1,0,0,0,0,0,0,0,0,0,0,,,,,
Travis Kelce,TE,KC,4,NE,0,0,0,0,0,0,0,0,3,70,0,7,0,0,0,0,0,0,0,0,0,0,,,,,
Tre'Quan Smith,WR,NO,4,DET,0,0,0,0,0,0,0,0,4,54,2,4,0,0,0,0,0,0,0,0,0,0,,,,,
Trent Taylor,WR,SF,4,PHI,0,0,0,0,0,0,0,0,0,0,0,1,0,0,0,0,0,0,0,0,0,0,,,,,
Trey Burton,TE,IND,4,CHI,0,0,0,0,0,0,0,0,2,16,0,5,0,0,0,0,0,0,0,0,0,0,,,,,
Tyler Bass,K,BUF,4,LV,0,0,0,0,0,0,0,0,0,0,0,0,0,0,0,0,0,1,0,0,0,3,,,,,
Tyler Boyd,WR,CIN,4,JAX,0,0,0,0,0,4,0,1,7,90,0,8,0,0,0,0,0,0,0,0,0,0,,,,,
Tyler Eifert,TE,JAX,4,CIN,0,0,0,0,0,0,0,0,2,22,0,6,0,0,0,0,0,0,0,0,0,0,,,,,
Tyler Ervin,RB,GB,4,ATL,0,0,0,0,0,0,0,0,1,8,0,2,0,0,0,0,0,0,0,0,0,0,,,,,
Tyler Higbee,TE,LA,4,NYG,0,0,0,0,0,0,0,0,3,20,0,4,0,0,0,0,0,0,0,0,0,0,,,,,
Tyler Kroft,TE,BUF,4,LV,0,0,0,0,0,0,0,0,1,12,0,3,0,0,0,0,0,0,0,0,0,0,,,,,
Tyler Lockett,WR,SEA,4,MIA,0,0,0,0,0,0,0,0,2,39,0,4,0,0,0,0,0,0,0,0,0,0,,,,,
Tyreek Hill,WR,KC,4,NE,0,0,0,0,0,0,0,0,4,64,1,6,0,0,0,0,0,0,0,0,0,0,,,,,
Tyron Johnson,WR,LAC,4,TB,0,0,0,0,0,0,0,0,1,53,1,1,0,0,0,0,0,0,0,0,0,0,,,,,
Van Jefferson,WR,LA,4,NYG,0,0,0,0,0,0,0,0,0,0,0,1,0,0,0,0,0,0,0,0,0,0,,,,,
Virgil Green,TE,LAC,4,TB,0,0,0,0,0,0,0,0,0,0,0,0,0,0,0,0,0,0,0,0,0,0,,,,,
WAS,DEF,WAS,4,BAL,,,,,,,,,,,,,,,,,,,,,,,0,0,0,0,31.0
Wayne Gallman,RB,NYG,4,LA,0,0,0,0,0,45,0,6,0,0,0,0,0,0,0,0,0,0,0,0,0,0,,,,,
Wil Lutz,K,NO,4,DET,0,0,0,0,0,0,0,0,0,0,0,0,0,0,0,0,0,0,0,0,0,5,,,,,
Will Dissly,TE,SEA,4,MIA,0,0,0,0,0,0,0,0,2,15,0,2,0,0,0,0,0,0,0,0,0,0,,,,,
Will Fuller,WR,HOU,4,MIN,0,0,0,0,0,0,0,0,6,108,1,7,0,0,0,0,0,0,0,0,0,0,,,,,
Willie Snead,WR,BAL,4,WAS,0,0,0,0,0,0,0,0,2,20,0,2,0,0,0,0,0,0,0,0,0,0,,,,,
Zach Ertz,TE,PHI,4,SF,0,0,0,0,0,0,0,0,4,9,0,5,0,0,1,0,0,0,0,0,0,0,,,,,
Zach Pascal,WR,IND,4,CHI,0,0,0,0,0,0,0,0,3,58,0,8,0,0,0,0,0,0,0,0,0,0,,,,,
Zane Gonzalez,K,ARI,4,CAR,0,0,0,0,0,0,0,0,0,0,0,0,0,0,0,0,0,0,0,0,0,3,,,,,
Zay Jones,WR,LV,4,BUF,0,0,0,0,0,0,0,0,4,32,0,7,0,0,0,0,0,0,0,0,0,0,,,,,
A.J. Brown,WR,TEN,5,BUF,0,0,0,0,0,0,0,0,7,82,1,9,0,0,0,0,0,0,0,0,0,0,,,,,
A.J. Green,WR,CIN,5,BAL,0,0,0,0,0,0,0,0,0,0,0,1,0,0,0,0,0,0,0,0,0,0,,,,,
ARI,DEF,ARI,5,NYJ,,,,,,,,,,,,,,,,,,,,,,,0,0,0,0,10.0
ATL,DEF,ATL,5,CAR,,,,,,,,,,,,,,,,,,,,,,,0,0,0,0,23.0
Adam Shaheen,TE,MIA,5,SF,0,0,0,0,0,0,0,0,1,3,1,1,0,0,0,0,0,0,0,0,0,0,,,,,
Adam Thielen,WR,MIN,5,SEA,0,0,0,0,0,3,0,1,9,80,2,13,0,0,0,0,0,0,0,0,0,0,,,,,
Alex Armah,RB,CAR,5,ATL,0,0,0,0,0,2,0,1,0,0,0,0,0,0,0,0,0,0,0,0,0,0,,,,,
Alex Erickson,WR,CIN,5,BAL,0,0,0,0,0,0,0,0,0,0,0,0,0,0,0,0,0,0,0,0,0,0,,,,,
Alex Smith,QB,WAS,5,LA,37,0,17,9,0,1,0,1,0,0,0,0,0,0,0,0,0,0,0,0,0,0,,,,,
Alexander Mattison,RB,MIN,5,SEA,0,0,0,0,0,112,0,20,3,24,0,3,0,0,0,0,0,0,0,0,0,0,,,,,
Allen Robinson,WR,CHI,5,TB,0,0,0,0,0,0,0,0,10,90,0,16,0,0,0,0,0,0,0,0,0,0,,,,,
Alvin Kamara,RB,NO,5,LAC,0,0,0,0,0,45,0,11,8,74,0,10,0,0,0,0,0,0,0,0,0,0,,,,,
Amari Cooper,WR,DAL,5,NYG,0,0,0,0,0,-2,0,1,2,23,0,4,0,0,0,0,0,0,0,0,0,0,,,,,
Ameer Abdullah,RB,MIN,5,SEA,0,0,0,0,0,0,0,0,0,0,0,0,0,0,0,0,0,0,0,0,0,0,,,,,
Andre Roberts,WR,BUF,5,TEN,0,0,0,0,0,0,0,0,1,16,0,2,0,0,0,0,0,0,0,0,0,0,,,,,
Andy Dalton,QB,DAL,5,NYG,111,0,11,9,0,0,0,1,0,0,0,0,0,0,0,0,0,0,0,0,0,0,,,,,
Andy Isabella,WR,ARI,5,NYJ,0,0,0,0,0,0,0,0,2,30,0,3,0,0,0,0,0,0,0,0,0,0,,,,,
Anthony Firkser,TE,TEN,5,BUF,0,0,0,0,0,0,0,0,3,19,0,5,0,0,0,0,0,0,0,0,0,0,,,,,
Anthony McFarland,RB,PIT,5,PHI,0,0,0,0,0,6,0,3,0,0,0,0,0,0,0,0,0,0,0,0,0,0,,,,,
Anthony Miller,WR,CHI,5,TB,0,0,0,0,0,0,0,0,4,28,0,4,0,0,0,0,0,0,0,0,0,0,,,,,
Antonio Gibson,RB,WAS,5,LA,0,0,0,0,0,27,0,11,5,24,0,5,0,0,0,0,0,0,0,0,0,0,,,,,
Ashton Dulin,WR,IND,5,CLE,0,0,0,0,0,3,0,1,1,34,0,1,0,0,0,0,0,0,0,0,0,0,,,,,
Auden Tate,WR,CIN,5,BAL,0,0,0,0,0,0,0,0,1,12,0,1,0,0,0,0,0,0,0,0,0,0,,,,,
Austin Hooper,TE,CLE,5,IND,0,0,0,0,0,0,0,0,5,57,0,10,0,0,0,0,0,0,0,0,0,0,,,,,
BAL,DEF,BAL,5,CIN,,,,,,,,,,,,,,,,,,,,,,,0,0,0,0,3.0
BUF,DEF,BUF,5,TEN,,,,,,,,,,,,,,,,,,,,,,,0,0,0,0,42.0
Baker Mayfield,QB,CLE,5,IND,247,2,37,21,2,17,0,2,0,0,0,0,0,0,0,0,0,0,0,0,0,0,,,,,
Ben Roethlisberger,QB,PIT,5,PHI,239,3,34,27,0,-2,0,2,0,0,0,0,0,0,0,0,0,0,0,0,0,0,,,,,
Bennie Fowler,WR,NO,5,LAC,0,0,0,0,0,0,0,0,2,11,0,6,0,0,0,0,0,0,0,0,0,0,,,,,
Benny Snell,RB,PIT,5,PHI,0,0,0,0,0,19,0,7,0,0,0,0,0,0,0,0,0,0,0,0,0,0,,,,,
Bisi Johnson,WR,MIN,5,SEA,0,0,0,0,0,0,0,0,1,13,0,1,0,0,0,0,0,0,0,0,0,0,,,,,
Blake Bell,TE,DAL,5,NYG,0,0,0,0,0,0,0,0,1,13,0,1,0,0,0,0,0,0,0,0,0,0,,,,,
Boston Scott,RB,PHI,5,PIT,0,0,0,0,0,3,0,1,0,0,0,0,0,0,0,0,0,0,0,0,0,0,,,,,
Brandin Cooks,WR,HOU,5,JAX,0,0,0,0,0,0,0,0,8,161,1,12,0,0,0,0,0,0,0,0,0,0,,,,,
Brandon Aiyuk,WR,SF,5,MIA,0,0,0,0,0,0,0,0,3,44,0,6,0,0,0,0,0,0,0,0,0,0,,,,,
Brandon Powell,WR,ATL,5,CAR,0,0,0,0,0,0,0,0,0,0,0,1,0,0,0,0,0,0,0,0,0,0,,,,,
Braxton Berrios,WR,NYJ,5,ARI,0,0,0,0,0,13,0,1,0,0,0,2,0,0,0,0,0,0,0,0,0,0,,,,,
Brian Hill,RB,ATL,5,CAR,0,0,0,0,0,39,0,6,2,15,0,2,0,0,0,0,0,0,0,0,0,0,,,,,
Byron Pringle,WR,KC,5,LV,0,0,0,0,0,0,0,0,1,23,0,1,0,0,0,0,0,0,0,0,0,0,,,,,
C.J. Beathard,QB,SF,5,MIA,94,1,18,9,0,0,0,0,0,0,0,0,0,0,0,0,0,0,0,0,0,0,,,,,
CAR,DEF,CAR,5,ATL,,,,,,,,,,,,,,,,,,,,,,,0,0,0,0,16.0
CHI,DEF,CHI,5,TB,,,,,,,,,,,,,,,,,,,,,,,0,0,0,0,19.0
CIN,DEF,CIN,5,BAL,,,,,,,,,,,,,,,,,,,,,,,0,0,0,0,27.0
CLE,DEF,CLE,5,IND,,,,,,,,,,,,,,,,,,,,,,,1,1,0,0,23.0
Cairo Santos,K,CHI,5,TB,0,0,0,0,0,0,0,0,0,0,0,0,0,0,0,0,0,1,1,0,0,2,,,,,
Calvin Ridley,WR,ATL,5,CAR,0,0,0,0,0,0,0,0,8,136,0,10,0,0,0,0,0,0,0,0,0,0,,,,,
Cam Akers,RB,LA,5,WAS,0,0,0,0,0,61,0,9,0,0,0,0,0,0,0,0,0,0,0,0,0,0,,,,,
Cam Sims,WR,WAS,5,LA,0,0,0,0,0,0,0,0,0,0,0,0,0,0,0,0,0,0,0,0,0,0,,,,,
Cameron Brate,TE,TB,5,CHI,0,0,0,0,0,0,0,0,5,44,0,6,0,0,0,0,0,0,0,0,0,0,,,,,
Carson Wentz,QB,PHI,5,PIT,258,2,35,20,2,11,0,4,0,0,0,0,0,0,1,0,0,0,0,0,0,0,,,,,
Cedrick Wilson Jr.,WR,DAL,5,NYG,11,1,1,1,0,0,0,0,4,22,0,4,0,0,0,0,0,0,0,0,0,0,,,,,
CeeDee Lamb,WR,DAL,5,NYG,0,0,0,0,0,0,0,0,8,124,0,11,0,0,0,0,0,0,0,0,0,0,,,,,
Cethan Carter,TE,CIN,5,BAL,0,0,0,0,0,0,0,0,0,0,0,0,0,0,0,0,0,0,0,0,0,0,,,,,
Chad Beebe,WR,MIN,5,SEA,0,0,0,0,0,0,0,0,1,11,0,2,0,0,0,0,0,0,0,0,0,0,,,,,
Chase Claypool,WR,PIT,5,PHI,0,0,0,0,0,6,1,3,7,110,3,11,0,0,0,0,0,0,0,0,0,0,,,,,
Chase Edmonds,RB,ARI,5,NYJ,0,0,0,0,0,36,1,3,5,56,0,6,0,0,0,0,0,0,0,0,0,0,,,,,
Chris Boswell,K,PIT,5,PHI,0,0,0,0,0,0,0,0,0,0,0,0,0,0,0,0,0,0,1,0,0,5,,,,,
Chris Carson,RB,SEA,5,MIN,0,0,0,0,0,52,1,8,6,27,0,7,0,0,0,0,0,0,0,0,0,0,,,,,
Chris Conley,WR,JAX,5,HOU,0,0,0,0,0,0,0,0,2,58,0,2,0,0,0,0,0,0,0,0,0,0,,,,,
Chris Herndon,TE,NYJ,5,ARI,0,0,0,0,0,0,0,0,2,24,0,3,0,0,0,0,0,0,0,0,0,0,,,,,
Chris Hogan,WR,NYJ,5,ARI,0,0,0,0,0,0,0,0,3,20,0,3,0,0,0,0,0,0,0,0,0,0,,,,,
Chris Thompson,RB,JAX,5,HOU,0,0,0,0,0,7,0,2,3,35,0,3,0,0,0,0,0,0,0,0,0,0,,,,,
Christian Blake,WR,ATL,5,CAR,0,0,0,0,0,0,0,0,0,0,0,0,0,0,0,0,0,0,0,0,0,0,,,,,
Christian Kirk,WR,ARI,5,NYJ,0,0,0,0,0,0,0,0,5,78,0,7,0,0,0,0,0,0,0,0,0,0,,,,,
Clyde Edwards-Helaire,RB,KC,5,LV,0,0,0,0,0,40,0,10,3,40,0,8,0,0,0,0,0,0,0,0,0,0,,,,,
Cody Hollister,WR,TEN,5,BUF,0,0,0,0,0,0,0,0,1,12,0,1,0,0,0,0,0,0,0,0,0,0,,,,,
Cody Parkey,K,CLE,5,IND,0,0,0,0,0,0,0,0,0,0,0,0,0,0,0,0,1,1,1,0,0,3,,,,,
Cole Beasley,WR,BUF,5,TEN,0,0,0,0,0,0,0,0,6,53,0,6,0,0,0,0,0,0,0,0,0,0,,,,,
Cole Kmet,TE,CHI,5,TB,0,0,0,0,0,0,0,0,0,0,0,0,0,0,0,0,0,0,0,0,0,0,,,,,
Collin Johnson,WR,JAX,5,HOU,0,0,0,0,0,0,0,0,3,30,1,4,0,0,0,0,0,0,0,0,0,0,,,,,
Cooper Kupp,WR,LA,5,WAS,0,0,0,0,0,0,0,0,5,66,0,8,0,0,0,0,0,0,0,0,0,0,,,,,
Cordarrelle Patterson,RB,CHI,5,TB,0,0,0,0,0,7,0,3,3,38,0,3,0,0,0,0,0,0,0,0,0,0,,,,,
Curtis Samuel,WR,CAR,5,ATL,0,0,0,0,0,28,0,4,5,36,0,5,0,0,0,0,0,0,0,0,0,0,,,,,
D'Ernest Johnson,RB,CLE,5,IND,0,0,0,0,0,32,0,8,1,4,0,1,0,0,0,0,0,0,0,0,0,0,,,,,
DAL,DEF,DAL,5,NYG,,,,,,,,,,,,,,,,,,,,,,,0,0,0,0,34.0
DJ Chark,WR,JAX,5,HOU,0,0,0,0,0,0,0,0,3,16,0,4,0,0,0,0,0,0,0,0,0,0,,,,,
DJ Moore,WR,CAR,5,ATL,0,0,0,0,0,0,0,0,4,93,1,5,0,0,0,0,0,0,0,0,0,0,,,,,
DK Metcalf,WR,SEA,5,MIN,0,0,0,0,0,0,0,0,6,93,2,11,0,0,0,0,0,0,0,0,0,0,,,,,
Dak Prescott,QB,DAL,5,NYG,166,0,21,14,1,7,0,2,1,11,1,1,0,0,0,0,0,0,0,0,0,0,,,,,
Dalton Schultz,TE,DAL,5,NYG,0,0,0,0,0,0,0,0,1,6,0,3,0,0,0,0,0,0,0,0,0,0,,,,,
Dalvin Cook,RB,MIN,5,SEA,0,0,0,0,0,65,1,17,5,24,0,5,0,0,0,0,0,0,0,0,0,0,,,,,
Damion Ratley,WR,NYG,5,DAL,0,0,0,0,0,0,0,0,0,0,0,1,0,0,0,0,0,0,0,0,0,0,,,,,
Dan Bailey,K,MIN,5,SEA,0,0,0,0,0,0,0,0,0,0,0,0,0,0,0,0,0,0,1,1,0,2,,,,,
Daniel Carlson,K,LV,5,KC,0,0,0,0,0,0,0,0,0,0,0,0,0,0,0,0,0,1,1,0,0,4,,,,,
Daniel Jones,QB,NYG,5,DAL,222,0,33,20,0,-7,0,2,0,0,0,0,0,0,1,0,0,0,0,0,0,0,,,,,
Dare Ogunbowale,RB,JAX,5,HOU,0,0,0,0,0,0,0,0,0,0,0,0,0,0,0,0,0,0,0,0,0,0,,,,,
Darius Slayton,WR,NYG,5,DAL,0,0,0,0,0,0,0,0,8,129,0,11,0,0,0,0,0,0,0,0,0,0,,,,,
Darnell Mooney,WR,CHI,5,TB,0,0,0,0,0,0,0,0,2,15,0,5,0,0,0,0,0,0,0,0,0,0,,,,,
Darrel Williams,RB,KC,5,LV,0,0,0,0,0,4,0,1,1,15,0,5,0,0,1,0,0,0,0,0,0,0,,,,,
Darrell Daniels,TE,ARI,5,NYJ,0,0,0,0,0,0,0,0,2,37,0,2,0,0,0,0,0,0,0,0,0,0,,,,,
Darrell Henderson,RB,LA,5,WAS,0,0,0,0,0,38,1,15,3,30,1,4,0,0,0,0,0,0,0,0,0,0,,,,,
Darren Fells,TE,HOU,5,JAX,0,0,0,0,0,0,0,0,2,57,1,2,0,0,0,0,0,0,0,0,0,0,,,,,
Darren Waller,TE,LV,5,KC,0,0,0,0,0,0,0,0,5,48,1,7,0,0,0,0,0,0,0,0,0,0,,,,,
Darrynton Evans,RB,TEN,5,BUF,0,0,0,0,0,12,0,2,0,0,0,0,0,0,0,0,0,0,0,0,0,0,,,,,
David Johnson,RB,HOU,5,JAX,0,0,0,0,0,96,0,17,2,7,0,4,0,0,0,0,0,0,0,0,0,0,,,,,
David Montgomery,RB,CHI,5,TB,0,0,0,0,0,29,1,10,7,30,0,8,0,0,0,0,0,0,0,0,0,0,,,,,
David Moore,WR,SEA,5,MIN,0,0,0,0,0,0,0,0,0,0,0,3,0,0,0,0,0,0,0,0,0,0,,,,,
David Njoku,TE,CLE,5,IND,0,0,0,0,0,0,0,0,1,6,0,1,0,0,0,0,0,0,0,0,0,0,,,,,
Dawson Knox,TE,BUF,5,TEN,0,0,0,0,0,0,0,0,1,15,0,3,0,0,0,0,0,0,0,0,0,0,,,,,
DeAndre Carter,WR,HOU,5,JAX,0,0,0,0,0,0,0,0,0,0,0,0,0,0,0,0,0,0,0,0,0,0,,,,,
DeAndre Hopkins,WR,ARI,5,NYJ,0,0,0,0,0,0,0,0,6,131,1,7,0,0,0,0,0,0,0,0,0,0,,,,,
DeVante Parker,WR,MIA,5,SF,0,0,0,0,0,0,0,0,2,50,1,3,0,0,0,0,0,0,0,0,0,0,,,,,
DeeJay Dallas,RB,SEA,5,MIN,0,0,0,0,0,0,0,0,0,0,0,0,0,0,0,0,0,0,0,0,0,0,,,,,
Deebo Samuel Sr.,WR,SF,5,MIA,0,0,0,0,0,3,0,1,2,19,0,8,0,0,0,0,0,0,0,0,0,0,,,,,
Demarcus Robinson,WR,KC,5,LV,0,0,0,0,0,0,0,0,2,2,0,4,0,0,0,0,0,0,0,0,0,0,,,,,
Demetrius Harris,TE,CHI,5,TB,0,0,0,0,0,0,0,0,1,9,0,1,0,0,0,0,0,0,0,0,0,0,,,,,
Derek Carr,QB,LV,5,KC,347,3,31,22,1,1,0,4,0,0,0,0,0,0,0,0,0,0,0,0,0,0,,,,,
Derrick Henry,RB,TEN,5,BUF,0,0,0,0,0,57,2,19,1,6,0,2,0,0,0,0,0,0,0,0,0,0,,,,,
Deshaun Watson,QB,HOU,5,JAX,359,3,35,25,2,25,0,2,0,0,0,0,0,0,0,0,0,0,0,0,0,0,,,,,
Devin Duvernay,WR,BAL,5,CIN,0,0,0,0,0,42,0,1,2,17,0,2,0,0,0,0,0,0,0,0,0,0,,,,,
Devin Singletary,RB,BUF,5,TEN,0,0,0,0,0,25,0,11,1,8,0,1,0,0,0,0,0,0,0,0,0,0,,,,,
Devonta Freeman,RB,NYG,5,DAL,0,0,0,0,0,60,1,17,2,27,0,3,0,0,0,0,0,0,0,0,0,0,,,,,
Devontae Booker,RB,LV,5,KC,0,0,0,0,0,62,0,7,1,5,0,1,0,0,0,0,0,0,0,0,0,0,,,,,
Dion Lewis,RB,NYG,5,DAL,0,0,0,0,0,0,0,0,2,1,0,4,0,0,0,0,0,0,0,0,0,0,,,,,
Diontae Johnson,WR,PIT,5,PHI,0,0,0,0,0,0,0,0,1,-2,0,1,0,0,0,0,0,0,0,0,0,0,,,,,
Donald Parham,TE,LAC,5,NO,0,0,0,0,0,0,0,0,0,0,0,1,0,0,0,0,0,0,0,0,0,0,,,,,
Donovan Peoples-Jones,WR,CLE,5,IND,0,0,0,0,0,0,0,0,0,0,0,0,0,0,0,0,0,0,0,0,0,0,,,,,
Dontrelle Inman,WR,WAS,5,LA,0,0,0,0,0,0,0,0,1,-2,0,1,0,0,0,0,0,0,0,0,0,0,,,,,
Drew Brees,QB,NO,5,LAC,325,1,47,33,1,1,1,1,0,0,0,0,0,0,0,0,0,0,0,0,0,0,,,,,
Drew Sample,TE,CIN,5,BAL,0,0,0,0,0,0,0,0,2,22,0,2,0,0,0,0,0,0,0,0,0,0,,,,,
Duke Johnson,RB,HOU,5,JAX,0,0,0,0,0,8,0,3,1,11,0,1,0,0,0,0,0,0,0,0,0,0,,,,,
Dustin Hopkins,K,WAS,5,LA,0,0,0,0,0,0,0,0,0,0,0,0,0,0,0,0,0,0,1,0,0,1,,,,,
Dwayne Washington,RB,NO,5,LAC,0,0,0,0,0,0,0,0,0,0,0,0,0,0,0,0,0,0,0,0,0,0,,,,,
Emmanuel Sanders,WR,NO,5,LAC,0,0,0,0,0,0,0,0,12,122,0,14,0,0,0,0,0,0,0,0,0,0,,,,,
Eric Ebron,TE,PIT,5,PHI,0,0,0,0,0,0,0,0,5,43,0,6,0,0,0,0,0,0,0,0,0,0,,,,,
Evan Engram,TE,NYG,5,DAL,0,0,0,0,0,9,1,2,1,16,0,2,0,0,0,0,0,0,0,0,0,0,,,,,
Ezekiel Elliott,RB,DAL,5,NYG,0,0,0,0,0,91,2,19,1,14,0,2,0,0,0,0,0,0,0,0,0,0,,,,,
Frank Gore,RB,NYJ,5,ARI,0,0,0,0,0,30,0,9,0,0,0,0,0,0,0,0,0,0,0,0,0,0,,,,,
Freddie Swain,WR,SEA,5,MIN,0,0,0,0,0,0,0,0,2,14,0,2,0,0,0,0,0,0,0,0,0,0,,,,,
Gabe Davis,WR,BUF,5,TEN,0,0,0,0,0,0,0,0,5,58,0,9,0,0,0,0,0,0,0,0,0,0,,,,,
Gardner Minshew,QB,JAX,5,HOU,301,2,49,31,0,18,0,4,0,0,0,0,0,0,0,0,0,0,0,0,0,0,,,,,
Geoff Swaim,TE,TEN,5,BUF,0,0,0,0,0,0,0,0,0,0,0,0,0,0,0,0,0,0,0,0,0,0,,,,,
George Kittle,TE,SF,5,MIA,0,0,0,0,0,0,0,0,4,44,0,8,0,0,0,0,0,0,0,0,0,0,,,,,
Gerald Everett,TE,LA,5,WAS,0,0,0,0,0,0,0,0,4,90,0,4,0,0,0,0,0,0,0,0,0,0,,,,,
Giovani Bernard,RB,CIN,5,BAL,0,0,0,0,0,0,0,0,1,4,0,2,0,0,0,0,0,0,0,0,0,0,,,,,
Golden Tate,WR,NYG,5,DAL,0,0,0,0,0,0,0,0,4,42,0,5,0,0,0,0,0,0,0,0,0,0,,,,,
Graham Gano,K,NYG,5,DAL,0,0,0,0,0,0,0,0,0,0,0,0,0,0,0,0,1,0,0,3,0,2,,,,,
Greg Olsen,TE,SEA,5,MIN,0,0,0,0,0,0,0,0,1,20,0,1,0,0,0,0,0,0,0,0,0,0,,,,,
Greg Ward,WR,PHI,5,PIT,0,0,0,0,0,0,0,0,4,26,1,5,0,0,0,0,0,0,0,0,0,0,,,,,
Greg Zuerlein,K,DAL,5,NYG,0,0,0,0,0,0,0,0,0,0,0,0,0,0,0,0,1,1,1,0,0,4,,,,,
Gus Edwards,RB,BAL,5,CIN,0,0,0,0,0,25,0,7,0,0,0,3,0,0,0,0,0,0,0,0,0,0,,,,,
HOU,DEF,HOU,5,JAX,,,,,,,,,,,,,,,,,,,,,,,0,0,0,0,14.0
Harrison Bryant,TE,CLE,5,IND,0,0,0,0,0,0,0,0,0,0,0,1,0,0,0,0,0,0,0,0,0,0,,,,,
Harrison Butker,K,KC,5,LV,0,0,0,0,0,0,0,0,0,0,0,0,0,0,0,0,0,1,0,0,0,3,,,,,
Hayden Hurst,TE,ATL,5,CAR,0,0,0,0,0,0,0,0,2,8,0,6,0,0,0,0,0,0,0,0,0,0,,,,,
Henry Ruggs III,WR,LV,5,KC,0,0,0,0,0,0,0,0,2,118,1,3,0,0,0,0,0,0,0,0,0,0,,,,,
Hunter Henry,TE,LAC,5,NO,0,0,0,0,0,0,0,0,4,23,1,8,0,0,0,0,0,0,0,0,0,0,,,,,
Hunter Renfrow,WR,LV,5,KC,0,0,0,0,0,0,0,0,1,42,0,2,0,0,0,0,0,0,0,0,0,0,,,,,
IND,DEF,IND,5,CLE,,,,,,,,,,,,,,,,,,,,,,,0,0,0,0,32.0
Ian Thomas,TE,CAR,5,ATL,0,0,0,0,0,0,0,0,0,0,0,1,0,0,0,0,0,0,0,0,0,0,,,,,
Irv Smith,TE,MIN,5,SEA,0,0,0,0,0,0,0,0,4,64,0,5,0,0,0,0,0,0,0,0,0,0,,,,,
Isaiah Ford,WR,MIA,5,SF,0,0,0,0,0,0,0,0,2,23,0,2,0,0,0,0,0,0,0,0,0,0,,,,,
Isaiah McKenzie,WR,BUF,5,TEN,0,0,0,0,0,0,0,0,4,7,1,4,0,0,0,0,0,0,0,0,0,0,,,,,
Isaiah Wright,WR,WAS,5,LA,0,0,0,0,0,0,0,0,1,3,0,1,0,0,0,0,0,0,0,0,0,0,,,,,
Ito Smith,RB,ATL,5,CAR,0,0,0,0,0,6,0,2,0,0,0,0,0,0,0,0,0,0,0,0,0,0,,,,,
J.D. McKissic,RB,WAS,5,LA,0,0,0,0,0,3,0,1,6,46,0,8,0,0,0,0,0,0,0,0,0,0,,,,,
J.J. Arcega-Whiteside,WR,PHI,5,PIT,0,0,0,0,0,0,0,0,1,37,0,1,0,0,0,0,0,0,0,0,0,0,,,,,
J.K. Dobbins,RB,BAL,5,CIN,0,0,0,0,0,34,0,1,3,21,0,3,0,0,0,0,0,0,0,0,0,0,,,,,
JAX,DEF,JAX,5,HOU,,,,,,,,,,,,,,,,,,,,,,,0,0,0,0,30.0
Jack Doyle,TE,IND,5,CLE,0,0,0,0,0,0,0,0,0,0,0,2,0,0,0,0,0,0,0,0,0,0,,,,,
Jaeden Graham,TE,ATL,5,CAR,0,0,0,0,0,0,0,0,1,7,0,1,0,0,0,0,0,0,0,0,0,0,,,,,
Jake Elliott,K,PHI,5,PIT,0,0,0,0,0,0,0,0,0,0,0,0,0,0,0,0,0,0,0,0,0,3,,,,,
Jakeem Grant,WR,MIA,5,SF,0,0,0,0,0,-12,0,1,1,6,0,3,0,0,0,0,0,0,0,0,0,0,,,,,
Jalen Guyton,WR,LAC,5,NO,0,0,0,0,0,-4,0,1,1,49,0,3,0,0,0,0,0,0,0,0,0,0,,,,,
Jalen Hurts,QB,PHI,5,PIT,18,0,1,1,0,0,0,0,0,0,0,0,0,0,0,0,0,0,0,0,0,0,,,,,
Jalen Richard,RB,LV,5,KC,0,0,0,0,0,4,0,1,4,26,0,5,0,0,0,0,0,0,0,0,0,0,,,,,
James Conner,RB,PIT,5,PHI,0,0,0,0,0,44,1,15,3,19,0,3,0,0,0,0,0,0,0,0,0,0,,,,,
James O'Shaughnessy,TE,JAX,5,HOU,0,0,0,0,0,0,0,0,3,20,0,3,0,0,0,0,0,0,0,0,0,0,,,,,
James Proche,WR,BAL,5,CIN,0,0,0,0,0,0,0,0,0,0,0,0,0,0,0,0,0,0,0,0,0,0,,,,,
James Robinson,RB,JAX,5,HOU,0,0,0,0,0,48,0,13,5,22,0,7,0,0,0,0,0,0,0,0,0,0,,,,,
James Washington,WR,PIT,5,PHI,0,0,0,0,0,0,0,0,3,25,0,4,0,0,0,0,0,0,0,0,0,0,,,,,
Jamison Crowder,WR,NYJ,5,ARI,0,0,0,0,0,0,0,0,8,116,1,10,0,0,0,0,0,0,0,0,0,0,,,,,
Jared Cook,TE,NO,5,LAC,0,0,0,0,0,0,0,0,2,52,1,3,0,0,0,0,0,0,0,0,0,0,,,,,
Jared Goff,QB,LA,5,WAS,309,2,30,21,1,0,1,3,0,0,0,0,0,0,0,0,0,0,0,0,0,0,,,,,
Jarvis Landry,WR,CLE,5,IND,0,0,0,0,0,0,0,0,4,88,0,9,0,0,0,0,0,0,0,0,0,0,,,,,
Jason Myers,K,SEA,5,MIN,0,0,0,0,0,0,0,0,0,0,0,0,0,0,0,0,0,0,0,0,0,3,,,,,
Jason Sanders,K,MIA,5,SF,0,0,0,0,0,0,0,0,0,0,0,0,0,0,0,0,2,1,1,1,0,4,,,,,
Jason Witten,TE,LV,5,KC,0,0,0,0,0,0,0,0,2,6,0,2,0,0,0,0,0,0,0,0,0,0,,,,,
Javon Wims,WR,CHI,5,TB,0,0,0,0,0,0,0,0,0,0,0,0,0,0,0,0,0,0,0,0,0,0,,,,,
Jaydon Mickens,WR,TB,5,CHI,0,0,0,0,0,0,0,0,2,22,0,2,0,0,0,0,0,0,0,0,0,0,,,,,
Jeff Smith,WR,NYJ,5,ARI,0,0,0,0,0,0,0,0,3,23,0,11,0,0,0,0,0,0,0,0,0,0,,,,,
Jeff Wilson,RB,SF,5,MIA,0,0,0,0,0,27,0,4,0,0,0,1,0,0,0,0,0,0,0,0,0,0,,,,,
Jeremy McNichols,RB,TEN,5,BUF,0,0,0,0,0,28,0,9,1,3,0,1,0,0,0,0,0,0,0,0,0,0,,,,,
Jeremy Sprinkle,TE,WAS,5,LA,0,0,0,0,0,0,0,0,0,0,0,1,0,0,0,0,0,0,0,0,0,0,,,,,
Jerick McKinnon,RB,SF,5,MIA,0,0,0,0,0,0,0,1,2,5,0,4,0,0,0,0,0,0,0,0,0,0,,,,,
Jimmy Garoppolo,QB,SF,5,MIA,77,0,17,7,2,0,0,0,0,0,0,0,0,0,0,0,0,0,0,0,0,0,,,,,
Jimmy Graham,TE,CHI,5,TB,0,0,0,0,0,0,0,0,3,33,1,5,0,0,0,0,0,0,0,0,0,0,,,,,
Joe Burrow,QB,CIN,5,BAL,183,0,30,19,1,10,0,3,0,0,0,0,0,0,0,0,0,0,0,0,0,0,,,,,
Joe Flacco,QB,NYJ,5,ARI,195,1,33,18,0,20,0,4,0,0,0,0,0,0,0,0,0,0,0,0,0,0,,,,,
Joe Mixon,RB,CIN,5,BAL,0,0,0,0,0,59,0,24,6,35,0,8,0,0,0,0,0,0,0,0,0,0,,,,,
Joey Slye,K,CAR,5,ATL,0,0,0,0,0,0,0,0,0,0,0,0,0,0,0,0,1,2,0,0,0,2,,,,,
John Hightower,WR,PHI,5,PIT,0,0,0,0,0,0,0,0,2,18,0,6,0,0,1,0,0,0,0,0,0,0,,,,,
Jonathan Taylor,RB,IND,5,CLE,0,0,0,0,0,57,1,12,2,17,0,3,0,0,0,0,0,0,0,0,0,0,,,,,
Jonathan Ward,RB,ARI,5,NYJ,0,0,0,0,0,0,0,0,0,0,0,0,0,0,0,0,0,0,0,0,0,0,,,,,
Jonnu Smith,TE,TEN,5,BUF,0,0,0,0,0,0,0,0,5,40,2,7,0,0,0,0,0,0,0,0,0,0,,,,,
Jordan Wilkins,RB,IND,5,CLE,0,0,0,0,0,1,0,1,0,0,0,0,0,0,0,0,0,0,0,0,0,0,,,,,
Josh Allen,QB,BUF,5,TEN,263,2,41,26,2,18,0,4,0,0,0,0,0,0,0,0,0,0,0,0,0,0,,,,,
Josh Hill,TE,NO,5,LAC,0,0,0,0,0,0,0,0,1,1,0,1,0,0,0,0,0,0,0,0,0,0,,,,,
Josh Jacobs,RB,LV,5,KC,0,0,0,0,0,77,2,23,2,8,0,3,0,0,0,0,0,0,0,0,0,0,,,,,
Josh Reynolds,WR,LA,5,WAS,0,0,0,0,0,0,0,0,2,46,0,4,0,0,0,0,0,0,0,0,0,0,,,,,
Joshua Kelley,RB,LAC,5,NO,0,0,0,0,0,29,0,11,1,9,0,1,0,0,0,0,0,0,0,0,0,0,,,,,
JuJu Smith-Schuster,WR,PIT,5,PHI,0,0,0,0,0,0,0,0,4,28,0,5,0,0,0,0,0,0,0,0,0,0,,,,,
Justin Herbert,QB,LAC,5,NO,264,4,34,20,0,8,0,4,0,0,0,0,0,0,0,0,0,0,0,0,0,0,,,,,
Justin Jackson,RB,LAC,5,NO,0,0,0,0,0,71,0,15,5,23,0,6,0,0,0,0,0,0,0,0,0,0,,,,,
Justin Jefferson,WR,MIN,5,SEA,0,0,0,0,0,0,0,0,3,23,0,5,0,0,0,0,0,0,0,0,0,0,,,,,
Justin Tucker,K,BAL,5,CIN,0,0,0,0,0,0,0,0,0,0,0,0,0,0,0,0,0,1,1,0,0,3,,,,,
K.J. Hill,WR,LAC,5,NO,0,0,0,0,0,0,0,0,1,8,0,2,0,0,0,0,0,0,0,0,0,0,,,,,
KC,DEF,KC,5,LV,,,,,,,,,,,,,,,,,,,,,,,0,0,0,0,40.0
Ka'imi Fairbairn,K,HOU,5,JAX,0,0,0,0,0,0,0,0,0,0,0,0,0,0,0,0,0,2,1,0,0,3,,,,,
Kaden Smith,TE,NYG,5,DAL,0,0,0,0,0,0,0,0,1,7,0,1,0,0,0,0,0,0,0,0,0,0,,,,,
Kalif Raymond,WR,TEN,5,BUF,0,0,0,0,0,0,0,0,2,26,0,2,0,0,0,0,0,0,0,0,0,0,,,,,
Kareem Hunt,RB,CLE,5,IND,0,0,0,0,0,72,0,20,3,21,1,4,0,0,0,0,0,0,0,0,0,0,,,,,
Ke'Shawn Vaughn,RB,TB,5,CHI,0,0,0,0,0,0,0,0,2,5,0,3,0,0,0,0,0,0,0,0,0,0,,,,,
KeeSean Johnson,WR,ARI,5,NYJ,0,0,0,0,0,0,0,0,1,5,0,1,0,0,0,0,0,0,0,0,0,0,,,,,
Keelan Cole,WR,JAX,5,HOU,0,0,0,0,0,2,0,1,2,25,1,6,0,0,0,0,0,0,0,0,0,0,,,,,
Keenan Allen,WR,LAC,5,NO,0,0,0,0,0,0,0,0,2,29,1,2,0,0,0,0,0,0,0,0,0,0,,,,,
Kendrick Bourne,WR,SF,5,MIA,0,0,0,0,0,0,0,0,2,30,1,4,0,0,0,0,0,0,0,0,0,0,,,,,
Kenny Stills,WR,HOU,5,JAX,0,0,0,0,0,0,0,0,1,14,0,1,0,0,0,0,0,0,0,0,0,0,,,,,
Kenyan Drake,RB,ARI,5,NYJ,0,0,0,0,0,60,1,18,1,2,0,1,0,0,0,0,0,0,0,0,0,0,,,,,
Kevin White,WR,SF,5,MIA,0,0,0,0,0,0,0,0,0,0,0,0,0,0,0,0,0,0,0,0,0,0,,,,,
Kirk Cousins,QB,MIN,5,SEA,249,2,39,27,1,2,0,1,0,0,0,0,0,0,0,0,0,0,0,0,0,0,,,,,
Kyle Allen,QB,WAS,5,LA,74,0,13,9,0,7,1,1,0,0,0,0,0,0,0,0,0,0,0,0,0,0,,,,,
Kyle Juszczyk,RB,SF,5,MIA,0,0,0,0,0,11,1,2,0,0,0,1,0,0,0,0,0,0,0,0,0,0,,,,,
Kyle Rudolph,TE,MIN,5,SEA,0,0,0,0,0,0,0,0,1,10,0,2,0,0,0,0,0,0,0,0,0,0,,,,,
Kyler Murray,QB,ARI,5,NYJ,380,1,37,27,1,31,1,9,0,0,0,0,0,0,0,0,0,0,0,0,0,0,,,,,
LA,DEF,LA,5,WAS,,,,,,,,,,,,,,,,,,,,,,,0,0,0,0,10.0
LAC,DEF,LAC,5,NO,,,,,,,,,,,,,,,,,,,,,,,0,0,0,0,30.0
LV,DEF,LV,5,KC,,,,,,,,,,,,,,,,,,,,,,,0,0,0,0,32.0
La'Mical Perine,RB,NYJ,5,ARI,0,0,0,0,0,0,0,0,0,0,0,0,0,0,0,0,0,0,0,0,0,0,,,,,
Lamar Jackson,QB,BAL,5,CIN,180,2,37,19,1,3,0,2,0,0,0,0,0,0,0,0,0,0,0,0,0,0,,,,,
Larry Fitzgerald,WR,ARI,5,NYJ,0,0,0,0,0,0,0,0,4,35,0,7,0,0,0,0,0,0,0,0,0,0,,,,,
Latavius Murray,RB,NO,5,LAC,0,0,0,0,0,34,0,8,2,23,0,2,0,0,0,0,0,0,0,0,0,0,,,,,
Laviska Shenault Jr.,WR,JAX,5,HOU,0,0,0,0,0,0,0,0,7,79,0,8,0,0,0,0,0,0,0,0,0,0,,,,,
Le'Veon Bell,RB,NYJ,5,ARI,0,0,0,0,0,60,0,13,1,7,0,1,0,0,0,0,0,0,0,0,0,0,,,,,
Logan Thomas,TE,WAS,5,LA,0,0,0,0,0,0,0,0,1,4,0,4,0,0,0,0,0,0,0,0,0,0,,,,,
Luke Stocker,TE,ATL,5,CAR,0,0,0,0,0,0,0,0,1,2,0,1,0,0,0,0,0,0,0,0,0,0,,,,,
Lynn Bowden,WR,MIA,5,SF,0,0,0,0,0,4,0,3,0,0,0,0,0,0,0,0,0,0,0,0,0,0,,,,,
MIA,DEF,MIA,5,SF,,,,,,,,,,,,,,,,,,,,,,,0,0,0,0,17.0
MIN,DEF,MIN,5,SEA,,,,,,,,,,,,,,,,,,,,,,,0,0,0,0,27.0
Mack Hollins,WR,MIA,5,SF,0,0,0,0,0,0,0,0,0,0,0,0,0,0,0,0,0,0,0,0,0,0,,,,,
Malcolm Brown,RB,LA,5,WAS,0,0,0,0,0,30,0,8,1,-6,0,2,0,0,0,0,0,0,0,0,0,0,,,,,
Marcus Johnson,WR,IND,5,CLE,0,0,0,0,0,0,0,0,3,53,0,3,0,0,0,0,0,0,0,0,0,0,,,,,
Mark Andrews,TE,BAL,5,CIN,0,0,0,0,0,0,0,0,6,56,1,9,0,0,0,0,0,0,0,0,0,0,,,,,
Mark Ingram,RB,BAL,5,CIN,0,0,0,0,0,57,0,11,0,0,0,0,0,0,0,0,0,0,0,0,0,0,,,,,
Marquez Callaway,WR,NO,5,LAC,0,0,0,0,0,0,0,0,4,34,0,6,0,0,0,0,0,0,0,0,0,0,,,,,
Marquise Brown,WR,BAL,5,CIN,0,0,0,0,0,1,0,1,6,77,1,10,0,0,0,0,0,0,0,0,0,0,,,,,
Matt Barkley,QB,BUF,5,TEN,22,0,5,3,0,0,0,0,0,0,0,0,0,0,0,0,0,0,0,0,0,0,,,,,
Matt Breida,RB,MIA,5,SF,0,0,0,0,0,28,0,9,1,31,0,1,0,0,0,0,0,0,0,0,0,0,,,,,
Matt Ryan,QB,ATL,5,CAR,226,0,37,21,1,-1,0,1,0,0,0,0,0,0,0,0,0,0,0,0,0,0,,,,,
Mecole Hardman,WR,KC,5,LV,0,0,0,0,0,0,0,0,2,50,0,3,0,0,0,0,0,0,0,0,0,0,,,,,
Michael Gallup,WR,DAL,5,NYG,0,0,0,0,0,0,0,0,4,73,0,4,0,0,0,0,0,0,0,0,0,0,,,,,
Mike Badgley,K,LAC,5,NO,0,0,0,0,0,0,0,0,0,0,0,0,0,0,0,0,0,0,0,0,0,3,,,,,
Mike Boone,RB,MIN,5,SEA,0,0,0,0,0,19,0,2,0,0,0,0,0,0,0,0,0,0,0,0,0,0,,,,,
Mike Davis,RB,CAR,5,ATL,0,0,0,0,0,89,0,16,9,60,1,10,0,0,0,0,0,0,0,0,0,0,,,,,
Mike Evans,WR,TB,5,CHI,0,0,0,0,0,0,0,0,5,41,1,9,0,0,0,0,0,0,0,0,0,0,,,,,
Mike Gesicki,TE,MIA,5,SF,0,0,0,0,0,0,0,0,5,91,0,6,0,0,0,0,0,0,0,0,0,0,,,,,
Mike Thomas,WR,CIN,5,BAL,0,0,0,0,0,1,0,1,1,6,0,1,0,0,0,0,0,0,0,0,0,0,,,,,
Mike Williams,WR,LAC,5,NO,0,0,0,0,0,0,0,0,5,109,2,8,0,0,0,0,0,0,0,0,0,0,,,,,
Miles Boykin,WR,BAL,5,CIN,0,0,0,0,0,0,0,0,0,0,0,2,0,0,0,0,0,0,0,0,0,0,,,,,
Miles Sanders,RB,PHI,5,PIT,0,0,0,0,0,80,2,11,2,19,0,4,0,0,0,0,0,0,0,0,0,0,,,,,
Mo Alie-Cox,TE,IND,5,CLE,0,0,0,0,0,0,0,0,0,0,0,1,0,0,0,0,0,0,0,0,0,0,,,,,
Myles Gaskin,RB,MIA,5,SF,0,0,0,0,0,57,1,16,5,34,0,5,0,0,0,0,0,0,0,0,0,0,,,,,
NO,DEF,NO,5,LAC,,,,,,,,,,,,,,,,,,,,,,,0,0,0,0,27.0
NYG,DEF,NYG,5,DAL,,,,,,,,,,,,,,,,,,,,,,,1,0,0,0,37.0
NYJ,DEF,NYJ,5,ARI,,,,,,,,,,,,,,,,,,,,,,,0,0,0,0,30.0
Nelson Agholor,WR,LV,5,KC,0,0,0,0,0,0,0,0,2,67,1,2,0,0,0,0,0,0,0,0,0,0,,,,,
Nick Boyle,TE,BAL,5,CIN,0,0,0,0,0,0,0,0,1,2,0,2,0,0,0,0,0,0,0,0,0,0,,,,,
Nick Foles,QB,CHI,5,TB,243,1,42,30,1,-1,0,1,0,0,0,0,0,0,0,0,0,0,0,0,0,0,,,,,
Nick Keizer,TE,KC,5,LV,0,0,0,0,0,0,0,0,0,0,0,1,0,0,0,0,0,0,0,0,0,0,,,,,
Nick Westbrook-Ikhine,WR,TEN,5,BUF,0,0,0,0,0,0,0,0,1,7,0,1,0,0,0,0,0,0,0,0,0,0,,,,,
Nsimba Webster,WR,LA,5,WAS,0,0,0,0,0,0,0,0,0,0,0,0,0,0,0,0,0,0,0,0,0,0,,,,,
Nyheim Hines,RB,IND,5,CLE,0,0,0,0,0,8,0,3,2,22,0,4,0,0,0,0,0,0,0,0,0,0,,,,,
Odell Beckham Jr.,WR,CLE,5,IND,18,0,1,1,0,-1,0,1,5,58,0,9,0,0,0,0,0,0,0,0,0,0,,,,,
Olamide Zaccheaus,WR,ATL,5,CAR,0,0,0,0,0,0,0,0,1,13,0,4,0,0,0,0,0,0,0,0,0,0,,,,,
PHI,DEF,PHI,5,PIT,,,,,,,,,,,,,,,,,,,,,,,0,0,0,0,38.0
PIT,DEF,PIT,5,PHI,,,,,,,,,,,,,,,,,,,,,,,0,0,0,0,29.0
Patrick Mahomes,QB,KC,5,LV,340,2,43,22,1,21,1,6,0,0,0,0,0,0,1,0,0,0,0,0,0,0,,,,,
Patrick Ricard,RB,BAL,5,CIN,0,0,0,0,0,0,0,0,1,7,0,2,0,0,0,0,0,0,0,0,0,0,,,,,
Penny Hart,WR,SEA,5,MIN,0,0,0,0,0,0,0,0,0,0,0,0,0,0,0,0,0,0,0,0,0,0,,,,,
Pharaoh Brown,TE,HOU,5,JAX,0,0,0,0,0,0,0,0,1,4,0,1,0,0,0,0,0,0,0,0,0,0,,,,,
Pharoh Cooper,WR,CAR,5,ATL,0,0,0,0,0,0,0,0,1,12,0,1,0,0,0,0,0,0,0,0,0,0,,,,,
Philip Rivers,QB,IND,5,CLE,243,0,33,21,2,-1,0,1,0,0,0,0,0,0,0,0,0,0,0,0,0,0,,,,,
Preston Williams,WR,MIA,5,SF,0,0,0,0,0,0,0,0,4,106,1,5,0,0,0,0,0,0,0,0,0,0,,,,,
Raheem Mostert,RB,SF,5,MIA,0,0,0,0,0,90,0,11,3,29,0,3,0,0,0,0,0,0,0,0,0,0,,,,,
Randall Cobb,WR,HOU,5,JAX,0,0,0,0,0,0,0,0,6,47,0,6,0,0,0,0,0,0,0,0,0,0,,,,,
Randy Bullock,K,CIN,5,BAL,0,0,0,0,0,0,0,0,0,0,0,0,0,0,0,0,0,1,0,0,0,0,,,,,
Rashard Higgins,WR,CLE,5,IND,0,0,0,0,0,0,0,0,3,31,1,3,0,0,0,0,0,0,0,0,0,0,,,,,
Ray-Ray McCloud,WR,PIT,5,PHI,0,0,0,0,0,63,0,2,3,12,0,3,0,0,0,0,0,0,0,0,0,0,,,,,
Richard Rodgers,TE,PHI,5,PIT,0,0,0,0,0,0,0,0,1,18,0,1,0,0,0,0,0,0,0,0,0,0,,,,,
Rico Gafford,WR,LV,5,KC,0,0,0,0,0,0,0,0,0,0,0,1,0,0,0,0,0,0,0,0,0,0,,,,,
Rob Gronkowski,TE,TB,5,CHI,0,0,0,0,0,0,0,0,3,52,0,6,0,0,0,0,0,0,0,0,0,0,,,,,
Robbie Chosen,WR,CAR,5,ATL,0,0,0,0,0,3,0,1,8,112,0,12,0,0,0,0,0,0,0,0,0,0,,,,,
Robbie Gould,K,SF,5,MIA,0,0,0,0,0,0,0,0,0,0,0,0,0,0,0,0,0,1,0,0,0,2,,,,,
Robert Griffin III,QB,BAL,5,CIN,0,0,0,0,0,-1,0,1,0,0,0,0,0,0,0,0,0,0,0,0,0,0,,,,,
Robert Woods,WR,LA,5,WAS,0,0,0,0,0,0,0,0,4,71,1,5,0,0,0,0,0,0,0,0,0,0,,,,,
Rodrigo Blankenship,K,IND,5,CLE,0,0,0,0,0,0,0,0,0,0,0,0,0,0,0,0,1,2,0,0,0,2,,,,,
Ronald Jones,RB,TB,5,CHI,0,0,0,0,0,106,0,17,3,19,0,5,0,0,0,0,0,0,0,0,0,0,,,,,
Ross Dwelley,TE,SF,5,MIA,0,0,0,0,0,0,0,0,0,0,0,0,0,0,0,0,0,0,0,0,0,0,,,,,
Russell Gage,WR,ATL,5,CAR,0,0,0,0,0,0,0,0,2,16,0,5,0,0,0,0,0,0,0,0,0,0,,,,,
Russell Wilson,QB,SEA,5,MIN,217,3,32,20,1,58,0,5,0,0,0,0,0,0,0,0,0,0,0,0,0,0,,,,,
Ryan Fitzpatrick,QB,MIA,5,SF,350,3,28,22,0,16,0,3,0,0,0,0,0,0,0,0,0,0,0,0,0,0,,,,,
Ryan Nall,RB,CHI,5,TB,0,0,0,0,0,0,0,0,0,0,0,0,0,0,0,0,0,0,0,0,0,0,,,,,
Ryan Succop,K,TB,5,CHI,0,0,0,0,0,0,0,0,0,0,0,0,0,0,0,0,1,2,1,0,0,1,,,,,
Ryan Tannehill,QB,TEN,5,BUF,195,3,28,21,0,42,1,4,0,0,0,0,0,0,0,0,0,0,0,0,0,0,,,,,
SEA,DEF,SEA,5,MIN,,,,,,,,,,,,,,,,,,,,,,,0,0,0,0,26.0
SF,DEF,SF,5,MIA,,,,,,,,,,,,,,,,,,,,,,,0,0,0,0,43.0
Sam Ficken,K,NYJ,5,ARI,0,0,0,0,0,0,0,0,0,0,0,0,0,0,0,0,1,0,0,0,0,1,,,,,
Sam Sloman,K,LA,5,WAS,0,0,0,0,0,0,0,0,0,0,0,0,0,0,0,0,1,0,0,0,0,3,,,,,
Sammy Watkins,WR,KC,5,LV,0,0,0,0,0,0,0,0,2,24,1,2,0,0,0,0,0,0,0,0,0,0,,,,,
Stefon Diggs,WR,BUF,5,TEN,0,0,0,0,0,0,0,0,10,106,0,16,0,0,0,0,0,0,0,0,0,0,,,,,
Stephen Carlson,TE,CLE,5,IND,0,0,0,0,0,0,0,0,0,0,0,0,0,0,0,0,0,0,0,0,0,0,,,,,
Stephen Gostkowski,K,TEN,5,BUF,0,0,0,0,0,0,0,0,0,0,0,0,0,0,0,0,0,0,0,0,0,6,,,,,
Steven Hauschka,K,JAX,5,HOU,0,0,0,0,0,0,0,0,0,0,0,0,0,0,0,0,0,0,0,0,0,2,,,,,
T.J. Yeldon,RB,BUF,5,TEN,0,0,0,0,0,52,0,7,1,22,1,3,0,0,0,0,0,0,0,0,0,0,,,,,
T.Y. Hilton,WR,IND,5,CLE,0,0,0,0,0,0,0,0,6,69,0,10,0,0,0,0,0,0,0,0,0,0,,,,,
TB,DEF,TB,5,CHI,,,,,,,,,,,,,,,,,,,,,,,0,0,0,0,20.0
TEN,DEF,TEN,5,BUF,,,,,,,,,,,,,,,,,,,,,,,0,0,0,0,16.0
Taiwan Jones,RB,BUF,5,TEN,0,0,0,0,0,0,0,0,0,0,0,1,0,0,0,0,0,0,0,0,0,0,,,,,
Tanner Hudson,TE,TB,5,CHI,0,0,0,0,0,0,0,0,1,9,0,4,0,0,0,0,0,0,0,0,0,0,,,,,
Taysom Hill,TE,NO,5,LAC,0,0,1,0,0,13,1,3,0,0,0,2,0,0,0,0,0,0,0,0,0,0,,,,,
Ted Ginn,WR,CHI,5,TB,0,0,0,0,0,0,0,0,0,0,0,0,0,0,0,0,0,0,0,0,0,0,,,,,
Teddy Bridgewater,QB,CAR,5,ATL,313,2,36,27,0,3,0,3,0,0,0,0,0,0,0,0,0,0,0,0,0,0,,,,,
Tee Higgins,WR,CIN,5,BAL,0,0,0,0,0,0,0,0,4,62,0,8,0,0,0,0,0,0,0,0,0,0,,,,,
Temarrick Hemingway,TE,WAS,5,LA,0,0,0,0,0,0,0,0,1,10,0,1,0,0,0,0,0,0,0,0,0,0,,,,,
Terry McLaurin,WR,WAS,5,LA,0,0,0,0,0,0,0,0,3,26,0,7,0,0,0,0,0,0,0,0,0,0,,,,,
Todd Gurley,RB,ATL,5,CAR,0,0,0,0,0,121,1,14,4,29,0,5,0,0,0,0,0,0,0,0,0,0,,,,,
Tom Brady,QB,TB,5,CHI,253,1,41,25,0,0,0,3,0,0,0,0,0,0,0,0,0,0,0,0,0,0,,,,,
Tony Pollard,RB,DAL,5,NYG,0,0,0,0,0,30,0,6,2,2,0,3,0,0,0,0,0,0,0,0,0,0,,,,,
Travis Fulgham,WR,PHI,5,PIT,0,0,0,0,0,0,0,0,10,152,1,13,0,0,0,0,0,0,0,0,0,0,,,,,
Travis Homer,RB,SEA,5,MIN,0,0,0,0,0,14,0,3,0,0,0,0,0,0,0,0,0,0,0,0,0,0,,,,,
Travis Kelce,TE,KC,5,LV,0,0,0,0,0,0,0,0,8,108,1,12,0,0,0,0,0,0,0,0,0,0,,,,,
Tre'Quan Smith,WR,NO,5,LAC,0,0,0,0,0,0,0,0,2,8,0,3,0,0,0,0,0,0,0,0,0,0,,,,,
Trent Sherfield,WR,ARI,5,NYJ,0,0,0,0,0,0,0,0,1,6,0,1,0,0,0,0,0,0,0,0,0,0,,,,,
Trent Taylor,WR,SF,5,MIA,0,0,0,0,0,0,0,0,0,0,0,0,0,0,0,0,0,0,0,0,0,0,,,,,
Trenton Cannon,RB,CAR,5,ATL,0,0,0,0,0,-1,0,2,0,0,0,0,0,0,0,0,0,0,0,0,0,0,,,,,
Trevon Wesco,TE,NYJ,5,ARI,0,0,0,0,0,0,0,1,1,5,0,1,0,0,0,0,0,0,0,0,0,0,,,,,
Trey Burton,TE,IND,5,CLE,0,0,0,0,0,0,0,0,5,33,0,6,0,0,0,0,0,0,0,0,0,0,,,,,
Tyler Bass,K,BUF,5,TEN,0,0,0,0,0,0,0,0,0,0,0,0,0,0,0,0,0,0,1,0,0,1,,,,,
Tyler Boyd,WR,CIN,5,BAL,0,0,0,0,0,0,0,0,4,42,0,6,0,0,0,0,0,0,0,0,0,0,,,,,
Tyler Eifert,TE,JAX,5,HOU,0,0,0,0,0,0,0,0,3,16,0,7,0,0,0,0,0,0,0,0,0,0,,,,,
Tyler Higbee,TE,LA,5,WAS,0,0,0,0,0,0,0,0,2,12,0,2,0,0,0,0,0,0,0,0,0,0,,,,,
Tyler Johnson,WR,TB,5,CHI,0,0,0,0,0,0,0,0,4,61,0,6,0,0,0,0,0,0,0,0,0,0,,,,,
Tyler Kroft,TE,BUF,5,TEN,0,0,0,0,0,0,0,0,0,0,0,0,0,0,0,0,0,0,0,0,0,0,,,,,
Tyler Lockett,WR,SEA,5,MIN,0,0,0,0,0,0,0,0,4,44,0,5,0,0,0,0,0,0,0,0,0,0,,,,,
Tyreek Hill,WR,KC,5,LV,0,0,0,0,0,15,1,3,3,78,0,6,0,0,0,0,0,0,0,0,0,0,,,,,
Tyron Johnson,WR,LAC,5,NO,0,0,0,0,0,7,0,1,0,0,0,0,0,0,0,0,0,0,0,0,0,0,,,,,
Vance McDonald,TE,PIT,5,PHI,0,0,0,0,0,0,0,0,1,4,0,1,0,0,0,0,0,0,0,0,0,0,,,,,
Virgil Green,TE,LAC,5,NO,0,0,0,0,0,0,0,0,1,14,0,1,0,0,0,0,0,0,0,0,0,0,,,,,
WAS,DEF,WAS,5,LA,,,,,,,,,,,,,,,,,,,,,,,0,0,0,0,30.0
Wayne Gallman,RB,NYG,5,DAL,0,0,0,0,0,24,0,5,2,0,0,2,0,0,0,0,0,0,0,0,0,0,,,,,
Wil Lutz,K,NO,5,LAC,0,0,0,0,0,0,0,0,0,0,0,0,0,0,0,0,0,1,1,1,0,3,,,,,
Will Dissly,TE,SEA,5,MIN,0,0,0,0,0,0,0,0,1,19,1,1,0,0,0,0,0,0,0,0,0,0,,,,,
Will Fuller,WR,HOU,5,JAX,0,0,0,0,0,0,0,0,4,58,1,8,0,0,0,0,0,0,0,0,0,0,,,,,
Willie Snead,WR,BAL,5,CIN,0,0,0,0,0,0,0,0,0,0,0,3,0,0,0,0,0,0,0,0,0,0,,,,,
Xavier Jones,RB,LA,5,WAS,0,0,0,0,0,0,0,0,0,0,0,0,0,0,0,0,0,0,0,0,0,0,,,,,
Younghoe Koo,K,ATL,5,CAR,0,0,0,0,0,0,0,0,0,0,0,0,0,0,0,0,0,1,1,1,0,1,,,,,
Zach Ertz,TE,PHI,5,PIT,0,0,0,0,0,0,0,0,1,6,0,6,0,0,0,0,0,0,0,0,0,0,,,,,
Zach Pascal,WR,IND,5,CLE,0,0,0,0,0,0,0,0,2,15,0,2,0,0,0,0,0,0,0,0,0,0,,,,,
Zane Gonzalez,K,ARI,5,NYJ,0,0,0,0,0,0,0,0,0,0,0,0,0,0,0,0,0,0,1,0,0,3,,,,,
Zay Jones,WR,LV,5,KC,0,0,0,0,0,0,0,0,1,2,0,1,0,0,0,0,0,0,0,0,0,0,,,,,
A.J. Brown,WR,TEN,6,HOU,0,0,0,0,0,0,0,0,5,58,2,7,0,0,0,0,0,0,0,0,0,0,,,,,
A.J. Green,WR,CIN,6,IND,0,0,0,0,0,0,0,0,8,96,0,11,0,0,0,0,0,0,0,0,0,0,,,,,
AJ Dillon,RB,GB,6,TB,0,0,0,0,0,31,0,5,0,0,0,0,0,0,0,0,0,0,0,0,0,0,,,,,
ARI,DEF,ARI,6,DAL,,,,,,,,,,,,,,,,,,,,,,,0,0,0,0,10.0
ATL,DEF,ATL,6,MIN,,,,,,,,,,,,,,,,,,,,,,,0,0,0,0,23.0
Aaron Jones,RB,GB,6,TB,0,0,0,0,0,15,1,10,3,26,0,5,0,0,0,0,0,0,0,0,0,0,,,,,
Aaron Rodgers,QB,GB,6,TB,160,0,35,16,2,14,0,2,0,0,0,0,0,0,0,0,0,0,0,0,0,0,,,,,
Adam Humphries,WR,TEN,6,HOU,0,0,0,0,0,0,0,0,6,64,1,6,0,0,0,0,0,0,0,0,0,0,,,,,
Adam Shaheen,TE,MIA,6,NYJ,0,0,0,0,0,0,0,0,3,51,1,3,0,0,0,0,0,0,0,0,0,0,,,,,
Adam Thielen,WR,MIN,6,ATL,0,0,0,0,0,0,0,0,3,51,1,5,0,0,0,0,0,0,0,0,0,0,,,,,
Adrian Peterson,RB,DET,6,JAX,0,0,0,0,0,40,1,15,1,18,0,1,0,0,0,0,0,0,0,0,0,0,,,,,
Albert Okwuegbunam,TE,DEN,6,NE,0,0,0,0,0,0,0,0,2,45,0,6,0,0,0,0,0,0,0,0,0,0,,,,,
Alex Armah,RB,CAR,6,CHI,0,0,0,0,0,0,0,0,0,0,0,1,0,0,0,0,0,0,0,0,0,0,,,,,
Alex Erickson,WR,CIN,6,IND,0,0,0,0,0,0,0,0,0,0,0,1,0,0,0,0,0,0,0,0,0,0,,,,,
Alexander Mattison,RB,MIN,6,ATL,0,0,0,0,0,26,0,10,1,4,0,2,0,0,0,0,0,0,0,0,0,0,,,,,
Allen Robinson,WR,CHI,6,CAR,0,0,0,0,0,0,0,0,5,53,0,9,0,0,0,0,0,0,0,0,0,0,,,,,
Amari Cooper,WR,DAL,6,ARI,0,0,0,0,0,0,0,0,7,79,1,10,0,0,0,0,0,0,0,0,0,0,,,,,
Ameer Abdullah,RB,MIN,6,ATL,0,0,0,0,0,7,0,2,1,1,0,1,0,0,0,0,0,0,0,0,0,0,,,,,
Andre Roberts,WR,BUF,6,KC,0,0,0,0,0,0,0,0,0,0,0,0,0,0,0,0,0,0,0,0,0,0,,,,,
Andy Dalton,QB,DAL,6,ARI,266,1,54,34,2,4,0,2,0,0,0,0,0,0,0,0,0,0,0,0,0,0,,,,,
Andy Isabella,WR,ARI,6,DAL,0,0,0,0,0,0,0,0,0,0,0,2,0,0,0,0,0,0,0,0,0,0,,,,,
Anthony Firkser,TE,TEN,6,HOU,0,0,0,0,0,0,0,0,8,113,1,9,0,0,0,0,0,0,0,0,0,0,,,,,
Anthony McFarland,RB,PIT,6,CLE,0,0,0,0,0,2,0,3,1,6,0,1,0,0,0,0,0,0,0,0,0,0,,,,,
Anthony Miller,WR,CHI,6,CAR,0,0,0,0,0,0,0,0,3,8,0,3,0,0,0,0,0,0,0,0,0,0,,,,,
Antonio Gandy-Golden,WR,WAS,6,NYG,0,0,0,0,0,0,0,0,0,0,0,1,0,0,0,0,0,0,0,0,0,0,,,,,
Antonio Gibson,RB,WAS,6,NYG,0,0,0,0,0,30,0,9,4,25,0,5,0,0,0,0,0,0,0,0,0,0,,,,,
Artavis Pierce,RB,CHI,6,CAR,0,0,0,0,0,0,0,0,0,0,0,0,0,0,0,0,0,0,0,0,0,0,,,,,
Ashton Dulin,WR,IND,6,CIN,0,0,0,0,0,0,0,0,0,0,0,0,0,0,0,0,0,0,0,0,0,0,,,,,
Austin Hooper,TE,CLE,6,PIT,0,0,0,0,0,0,0,0,5,52,0,6,0,0,0,0,0,0,0,0,0,0,,,,,
Austin Mack,WR,NYG,6,WAS,0,0,0,0,0,0,0,0,1,1,0,1,0,0,0,0,0,0,0,0,0,0,,,,,
BAL,DEF,BAL,6,PHI,,,,,,,,,,,,,,,,,,,,,,,0,0,0,0,28.0
BUF,DEF,BUF,6,KC,,,,,,,,,,,,,,,,,,,,,,,0,0,0,0,26.0
Baker Mayfield,QB,CLE,6,PIT,119,1,18,10,2,5,0,1,0,0,0,0,0,0,0,0,0,0,0,0,0,0,,,,,
Ben Roethlisberger,QB,PIT,6,CLE,162,1,22,14,0,5,0,3,0,0,0,0,0,0,0,0,0,0,0,0,0,0,,,,,
Benny Snell,RB,PIT,6,CLE,0,0,0,0,0,17,1,6,1,4,0,1,0,0,0,0,0,0,0,0,0,0,,,,,
Blaine Gabbert,QB,TB,6,GB,0,0,1,0,0,2,0,3,0,0,0,0,0,0,0,0,0,0,0,0,0,0,,,,,
Blake Bell,TE,DAL,6,ARI,0,0,0,0,0,0,0,0,0,0,0,1,0,0,0,0,0,0,0,0,0,0,,,,,
Boston Scott,RB,PHI,6,BAL,0,0,0,0,0,4,0,2,2,5,0,4,0,0,0,0,0,0,0,0,0,0,,,,,
Brandin Cooks,WR,HOU,6,TEN,0,0,0,0,0,0,0,0,9,68,1,9,0,0,0,0,0,0,0,0,0,0,,,,,
Brandon Aiyuk,WR,SF,6,LA,0,0,0,0,0,0,0,0,2,12,1,3,0,0,0,0,0,0,0,0,0,0,,,,,
Brandon McManus,K,DEN,6,NE,0,0,0,0,0,0,0,0,0,0,0,0,0,0,0,0,2,0,2,2,0,0,,,,,
Brandon Powell,WR,ATL,6,MIN,0,0,0,0,0,0,0,0,0,0,0,0,0,0,0,0,0,0,0,0,0,0,,,,,
Braxton Berrios,WR,NYJ,6,MIA,0,0,0,0,0,0,0,0,1,18,0,3,0,0,0,0,0,0,0,0,0,0,,,,,
Breshad Perriman,WR,NYJ,6,MIA,0,0,0,0,0,0,0,0,4,62,0,8,0,0,0,0,0,0,0,0,0,0,,,,,
Brian Hill,RB,ATL,6,MIN,0,0,0,0,0,28,0,10,2,6,0,2,0,0,0,0,0,0,0,0,0,0,,,,,
Byron Pringle,WR,KC,6,BUF,0,0,0,0,0,0,0,0,2,46,0,2,0,0,0,0,0,0,0,0,0,0,,,,,
C.J. Board,WR,NYG,6,WAS,0,0,0,0,0,0,0,0,1,8,0,3,0,0,0,0,0,0,0,0,0,0,,,,,
CAR,DEF,CAR,6,CHI,,,,,,,,,,,,,,,,,,,,,,,0,0,0,0,23.0
CHI,DEF,CHI,6,CAR,,,,,,,,,,,,,,,,,,,,,,,0,0,0,0,16.0
CIN,DEF,CIN,6,IND,,,,,,,,,,,,,,,,,,,,,,,0,0,0,0,31.0
CLE,DEF,CLE,6,PIT,,,,,,,,,,,,,,,,,,,,,,,0,0,0,0,38.0
Cairo Santos,K,CHI,6,CAR,0,0,0,0,0,0,0,0,0,0,0,0,0,0,0,0,0,2,0,1,0,2,,,,,
Calvin Ridley,WR,ATL,6,MIN,0,0,0,0,0,8,0,1,6,61,1,7,0,0,0,0,0,0,0,0,0,0,,,,,
Cam Newton,QB,NE,6,DEN,157,0,25,17,2,76,1,10,1,16,0,1,0,0,0,0,0,0,0,0,0,0,,,,,
Cam Sims,WR,WAS,6,NYG,0,0,0,0,0,0,0,0,1,22,1,1,0,0,0,0,0,0,0,0,0,0,,,,,
Cameron Batson,WR,TEN,6,HOU,0,0,0,0,0,0,0,0,1,13,0,1,0,0,0,0,0,0,0,0,0,0,,,,,
Cameron Brate,TE,TB,6,GB,0,0,0,0,0,0,0,0,1,3,0,1,0,0,0,0,0,0,0,0,0,0,,,,,
Carson Wentz,QB,PHI,6,BAL,213,2,40,21,0,49,1,5,0,0,0,0,0,0,2,0,0,0,0,0,0,0,,,,,
Case Keenum,QB,CLE,6,PIT,46,0,10,5,0,0,0,0,0,0,0,0,0,0,0,0,0,0,0,0,0,0,,,,,
Cedrick Wilson Jr.,WR,DAL,6,ARI,0,0,0,0,0,0,0,0,2,10,0,3,0,0,0,0,0,0,0,0,0,0,,,,,
CeeDee Lamb,WR,DAL,6,ARI,0,0,0,0,0,0,0,0,7,64,0,11,0,0,0,0,0,0,0,0,0,0,,,,,
Cethan Carter,TE,CIN,6,IND,0,0,0,0,0,0,0,0,0,0,0,1,0,0,0,0,0,0,0,0,0,0,,,,,
Chad Beebe,WR,MIN,6,ATL,0,0,0,0,0,0,0,0,2,13,0,6,0,0,0,0,0,0,0,0,0,0,,,,,
Chase Claypool,WR,PIT,6,CLE,0,0,0,0,0,7,1,2,4,74,0,4,0,0,0,0,0,0,0,0,0,0,,,,,
Chase Edmonds,RB,ARI,6,DAL,0,0,0,0,0,23,0,5,1,6,0,2,0,0,0,0,0,0,0,0,0,0,,,,,
Chris Boswell,K,PIT,6,CLE,0,0,0,0,0,0,0,0,0,0,0,0,0,0,0,0,0,1,0,0,0,5,,,,,
Chris Conley,WR,JAX,6,DET,0,0,0,0,0,0,0,0,1,6,0,2,0,0,0,0,0,0,0,0,0,0,,,,,
Chris Godwin Jr.,WR,TB,6,GB,0,0,0,0,0,0,0,0,5,48,0,7,0,0,0,0,0,0,0,0,0,0,,,,,
Chris Manhertz,TE,CAR,6,CHI,0,0,0,0,0,0,0,0,1,6,0,2,0,0,0,0,0,0,0,0,0,0,,,,,
Chris Thompson,RB,JAX,6,DET,0,0,0,0,0,0,0,0,3,15,0,4,0,0,0,0,0,0,0,0,0,0,,,,,
Christian Blake,WR,ATL,6,MIN,0,0,0,0,0,0,0,0,1,5,0,2,0,0,0,0,0,0,0,0,0,0,,,,,
Christian Kirk,WR,ARI,6,DAL,0,0,0,0,0,0,0,0,2,86,2,3,0,0,0,0,0,0,0,0,0,0,,,,,
Clyde Edwards-Helaire,RB,KC,6,BUF,0,0,0,0,0,161,0,26,4,8,0,4,0,0,0,0,0,0,0,0,0,0,,,,,
Cody Parkey,K,CLE,6,PIT,0,0,0,0,0,0,0,0,0,0,0,0,0,0,0,0,0,0,0,0,0,1,,,,,
Cole Beasley,WR,BUF,6,KC,0,0,0,0,0,0,0,0,4,45,1,7,0,0,0,0,0,0,0,0,0,0,,,,,
Cole Kmet,TE,CHI,6,CAR,0,0,0,0,0,0,0,0,2,20,1,2,0,0,0,0,0,0,0,0,0,0,,,,,
Cooper Kupp,WR,LA,6,SF,0,0,0,0,0,0,0,0,3,11,0,9,0,0,0,0,0,0,0,0,0,0,,,,,
Cordarrelle Patterson,RB,CHI,6,CAR,0,0,0,0,0,1,0,1,1,8,0,1,0,0,0,0,0,0,0,0,0,0,,,,,
Corey Clement,RB,PHI,6,BAL,0,0,0,0,0,0,0,0,0,0,0,0,0,0,0,0,0,0,0,0,0,0,,,,,
Cyril Grayson,WR,TB,6,GB,0,0,0,0,0,0,0,0,0,0,0,2,0,0,0,0,0,0,0,0,0,0,,,,,
D'Andre Swift,RB,DET,6,JAX,0,0,0,0,0,116,2,14,3,7,0,4,0,0,0,0,0,0,0,0,0,0,,,,,
D'Ernest Johnson,RB,CLE,6,PIT,0,0,0,0,0,1,0,4,0,0,0,1,0,0,0,0,0,0,0,0,0,0,,,,,
DAL,DEF,DAL,6,ARI,,,,,,,,,,,,,,,,,,,,,,,0,0,0,0,38.0
DEN,DEF,DEN,6,NE,,,,,,,,,,,,,,,,,,,,,,,0,0,0,0,12.0
DET,DEF,DET,6,JAX,,,,,,,,,,,,,,,,,,,,,,,0,0,0,0,16.0
DJ Chark,WR,JAX,6,DET,0,0,0,0,0,0,0,0,7,45,0,14,0,0,0,0,0,0,0,0,0,0,,,,,
DJ Moore,WR,CAR,6,CHI,0,0,0,0,0,0,0,0,5,93,0,11,0,0,0,0,0,0,0,0,0,0,,,,,
DaeSean Hamilton,WR,DEN,6,NE,0,0,0,0,0,0,0,0,0,0,0,2,0,0,0,0,0,0,0,0,0,0,,,,,
Dalton Schultz,TE,DAL,6,ARI,0,0,0,0,0,0,0,0,4,35,0,5,0,0,0,0,0,0,0,0,0,0,,,,,
Damien Harris,RB,NE,6,DEN,0,0,0,0,0,19,0,6,1,14,0,1,0,0,0,0,0,0,0,0,0,0,,,,,
Damiere Byrd,WR,NE,6,DEN,0,0,0,0,0,0,0,0,3,38,0,4,0,0,0,0,0,0,0,0,0,0,,,,,
Dan Arnold,TE,ARI,6,DAL,0,0,0,0,0,0,0,0,0,0,0,0,0,0,0,0,0,0,0,0,0,0,,,,,
Dan Bailey,K,MIN,6,ATL,0,0,0,0,0,0,0,0,0,0,0,0,0,0,0,0,0,0,0,0,0,1,,,,,
Daniel Brown,TE,NYJ,6,MIA,0,0,0,0,0,0,0,0,0,0,0,0,0,0,0,0,0,0,0,0,0,0,,,,,
Daniel Jones,QB,NYG,6,WAS,112,1,19,12,1,74,0,7,0,0,0,0,0,0,0,0,0,0,0,0,0,0,,,,,
Danny Amendola,WR,DET,6,JAX,0,0,0,0,0,0,0,0,2,31,0,2,0,0,0,0,0,0,0,0,0,0,,,,,
Darius Slayton,WR,NYG,6,WAS,0,0,0,0,0,-3,0,1,2,41,1,4,0,0,0,0,0,0,0,0,0,0,,,,,
Darnell Mooney,WR,CHI,6,CAR,0,0,0,0,0,0,0,0,3,36,0,5,0,0,0,0,0,0,0,0,0,0,,,,,
Darrel Williams,RB,KC,6,BUF,0,0,0,0,0,26,1,6,1,15,0,1,0,0,0,0,0,0,0,0,0,0,,,,,
Darrell Daniels,TE,ARI,6,DAL,0,0,0,0,0,0,0,0,1,1,0,1,0,0,0,0,0,0,0,0,0,0,,,,,
Darrell Henderson,RB,LA,6,SF,0,0,0,0,0,88,0,14,0,4,0,0,0,0,0,0,0,0,0,0,0,0,,,,,
Darren Fells,TE,HOU,6,TEN,0,0,0,0,0,0,0,0,6,85,1,7,0,0,0,0,0,0,0,0,0,0,,,,,
Darrius Shepherd,WR,GB,6,TB,0,0,0,0,0,0,0,0,1,16,0,1,0,0,0,0,0,0,0,0,0,0,,,,,
Darwin Thompson,RB,KC,6,BUF,0,0,0,0,0,17,0,3,0,0,0,0,0,0,0,0,0,0,0,0,0,0,,,,,
Davante Adams,WR,GB,6,TB,0,0,0,0,0,0,0,0,6,61,0,10,0,0,0,0,0,0,0,0,0,0,,,,,
David Johnson,RB,HOU,6,TEN,0,0,0,0,0,57,1,19,1,12,0,2,0,0,0,0,0,0,0,0,0,0,,,,,
David Montgomery,RB,CHI,6,CAR,0,0,0,0,0,58,0,19,4,39,0,5,0,0,0,0,0,0,0,0,0,0,,,,,
David Njoku,TE,CLE,6,PIT,0,0,0,0,0,0,0,0,1,7,0,3,0,0,0,0,0,0,0,0,0,0,,,,,
De'Michael Harris,WR,IND,6,CIN,0,0,0,0,0,0,0,0,3,29,0,3,0,0,0,0,0,0,0,0,0,0,,,,,
DeAndre Carter,WR,HOU,6,TEN,0,0,0,0,0,0,0,0,0,0,0,0,0,0,0,0,0,0,0,0,0,0,,,,,
DeAndre Hopkins,WR,ARI,6,DAL,0,0,0,0,0,0,0,0,2,73,0,8,0,0,0,0,0,0,0,0,0,0,,,,,
DeVante Parker,WR,MIA,6,NYJ,0,0,0,0,0,0,0,0,3,35,0,8,0,0,0,0,0,0,0,0,0,0,,,,,
Deebo Samuel Sr.,WR,SF,6,LA,0,0,0,0,0,-6,0,1,6,66,1,6,0,0,0,0,0,0,0,0,0,0,,,,,
Demarcus Robinson,WR,KC,6,BUF,0,0,0,0,0,0,0,0,5,69,0,6,0,0,0,0,0,0,0,0,0,0,,,,,
Demetrius Harris,TE,CHI,6,CAR,0,0,0,0,0,0,0,0,0,0,0,3,0,0,0,0,0,0,0,0,0,0,,,,,
Derrick Henry,RB,TEN,6,HOU,0,0,0,0,0,212,2,22,2,52,0,5,0,0,0,0,0,0,0,0,0,0,,,,,
Deshaun Watson,QB,HOU,6,TEN,335,4,37,28,0,26,0,4,0,0,0,0,0,0,0,0,0,0,0,0,0,0,,,,,
Devin Duvernay,WR,BAL,6,PHI,0,0,0,0,0,0,0,0,3,31,0,3,0,0,0,0,0,0,0,0,0,0,,,,,
Devin Singletary,RB,BUF,6,KC,0,0,0,0,0,32,0,10,1,13,0,2,0,0,0,0,0,0,0,0,0,0,,,,,
Devonta Freeman,RB,NYG,6,WAS,0,0,0,0,0,61,0,18,1,-4,0,2,0,0,0,0,0,0,0,0,0,0,,,,,
Dion Lewis,RB,NYG,6,WAS,0,0,0,0,0,0,0,0,1,10,0,1,0,0,0,0,0,0,0,0,0,0,,,,,
Diontae Spencer,WR,DEN,6,NE,0,0,0,0,0,9,0,1,0,0,0,1,0,0,0,0,0,0,0,0,0,0,,,,,
Donovan Peoples-Jones,WR,CLE,6,PIT,0,0,0,0,0,0,0,0,0,0,0,1,0,0,0,0,0,0,0,0,0,0,,,,,
Dontrell Hilliard,RB,CLE,6,PIT,0,0,0,0,0,29,0,4,0,0,0,0,0,0,0,0,0,0,0,0,0,0,,,,,
Dontrelle Inman,WR,WAS,6,NYG,0,0,0,0,0,0,0,0,5,45,0,5,0,0,0,0,0,0,0,0,0,0,,,,,
Drew Lock,QB,DEN,6,NE,189,0,24,10,2,-1,0,5,0,0,0,0,0,0,0,0,0,0,0,0,0,0,,,,,
Drew Sample,TE,CIN,6,IND,0,0,0,0,0,0,0,0,0,0,0,1,0,0,0,0,0,0,0,0,0,0,,,,,
Duke Johnson,RB,HOU,6,TEN,0,0,0,0,0,9,0,4,1,2,0,2,0,0,0,0,0,0,0,0,0,0,,,,,
Durham Smythe,TE,MIA,6,NYJ,0,0,0,0,0,0,0,0,1,4,1,2,0,0,0,0,0,0,0,0,0,0,,,,,
Dustin Hopkins,K,WAS,6,NYG,0,0,0,0,0,0,0,0,0,0,0,0,0,0,0,0,1,1,0,0,0,1,,,,,
Equanimeous St. Brown,WR,GB,6,TB,0,0,0,0,0,0,0,0,0,0,0,2,0,0,0,0,0,0,0,0,0,0,,,,,
Eric Ebron,TE,PIT,6,CLE,0,0,0,0,0,0,0,0,2,9,0,4,0,0,0,0,0,0,0,0,0,0,,,,,
Evan Engram,TE,NYG,6,WAS,0,0,0,0,0,0,0,0,2,30,0,3,0,0,0,0,0,0,0,0,0,0,,,,,
Ezekiel Elliott,RB,DAL,6,ARI,0,0,0,0,0,49,0,12,8,31,0,10,0,0,0,0,0,0,0,0,0,0,,,,,
Frank Gore,RB,NYJ,6,MIA,0,0,0,0,0,46,0,11,4,24,0,4,0,0,0,0,0,0,0,0,0,0,,,,,
GB,DEF,GB,6,TB,,,,,,,,,,,,,,,,,,,,,,,0,0,0,0,38.0
Gabe Davis,WR,BUF,6,KC,0,0,0,0,0,0,0,0,1,7,0,1,0,0,0,0,0,0,0,0,0,0,,,,,
Gardner Minshew,QB,JAX,6,DET,243,1,44,25,1,14,1,3,1,0,0,1,0,0,0,0,0,0,0,0,0,0,,,,,
Geoff Swaim,TE,TEN,6,HOU,0,0,0,0,0,0,0,0,2,10,0,3,0,0,0,0,0,0,0,0,0,0,,,,,
George Kittle,TE,SF,6,LA,0,0,0,0,0,0,0,0,7,109,1,10,0,0,0,0,0,0,0,0,0,0,,,,,
Gerald Everett,TE,LA,6,SF,0,0,0,0,0,0,0,0,3,27,0,4,0,0,0,0,0,0,0,0,0,0,,,,,
Giovani Bernard,RB,CIN,6,IND,0,0,0,0,0,15,1,8,3,13,0,3,0,0,0,0,0,0,0,0,0,0,,,,,
Golden Tate,WR,NYG,6,WAS,0,0,0,0,0,0,0,0,1,11,0,1,0,0,0,0,0,0,0,0,0,0,,,,,
Graham Gano,K,NYG,6,WAS,0,0,0,0,0,0,0,0,0,0,0,0,0,0,0,0,1,1,0,0,0,2,,,,,
Greg Ward,WR,PHI,6,BAL,0,0,0,0,0,0,0,0,2,19,0,3,0,0,1,0,0,0,0,0,0,0,,,,,
Greg Zuerlein,K,DAL,6,ARI,0,0,0,0,0,0,0,0,0,0,0,0,0,0,0,0,0,1,0,0,0,1,,,,,
Gunner Olszewski,WR,NE,6,DEN,0,0,0,0,0,0,0,0,0,0,0,0,0,0,0,0,0,0,0,0,0,0,,,,,
Gus Edwards,RB,BAL,6,PHI,0,0,0,0,0,26,1,14,0,0,0,0,0,0,0,0,0,0,0,0,0,0,,,,,
HOU,DEF,HOU,6,TEN,,,,,,,,,,,,,,,,,,,,,,,0,0,0,0,42.0
Harrison Bryant,TE,CLE,6,PIT,0,0,0,0,0,0,0,0,1,11,0,2,0,0,0,0,0,0,0,0,0,0,,,,,
Harrison Butker,K,KC,6,BUF,0,0,0,0,0,0,0,0,0,0,0,0,0,0,0,0,0,2,0,0,0,2,,,,,
Hayden Hurst,TE,ATL,6,MIN,0,0,0,0,0,0,0,0,4,57,1,4,0,0,0,0,0,0,0,0,0,0,,,,,
IND,DEF,IND,6,CIN,,,,,,,,,,,,,,,,,,,,,,,0,0,0,0,27.0
Ian Thomas,TE,CAR,6,CHI,0,0,0,0,0,0,0,0,1,9,0,1,0,0,0,0,0,0,0,0,0,0,,,,,
Irv Smith,TE,MIN,6,ATL,0,0,0,0,0,0,0,0,4,55,0,5,0,0,1,0,0,0,0,0,0,0,,,,,
Isaiah McKenzie,WR,BUF,6,KC,0,0,0,0,0,0,0,0,1,4,0,1,0,0,0,0,0,0,0,0,0,0,,,,,
Isaiah Wright,WR,WAS,6,NYG,0,0,0,0,0,1,0,1,4,25,0,5,0,0,0,0,0,0,0,0,0,0,,,,,
Isaiah Zuber,WR,NE,6,DEN,0,0,0,0,0,0,0,0,1,16,0,1,0,0,0,0,0,0,0,0,0,0,,,,,
Ito Smith,RB,ATL,6,MIN,0,0,0,0,0,8,0,2,1,17,0,1,0,0,0,0,0,0,0,0,0,0,,,,,
J.D. McKissic,RB,WAS,6,NYG,0,0,0,0,0,41,0,8,6,43,0,6,0,0,0,0,0,0,0,0,0,0,,,,,
J.J. Arcega-Whiteside,WR,PHI,6,BAL,0,0,0,0,0,0,0,0,0,0,0,1,0,1,1,0,0,0,0,0,0,0,,,,,
J.K. Dobbins,RB,BAL,6,PHI,0,0,0,0,0,28,0,9,2,1,0,4,0,0,0,0,0,0,0,0,0,0,,,,,
JAX,DEF,JAX,6,DET,,,,,,,,,,,,,,,,,,,,,,,0,0,0,0,34.0
JaMycal Hasty,RB,SF,6,LA,0,0,0,0,0,37,0,9,0,0,0,1,0,0,0,0,0,0,0,0,0,0,,,,,
Jack Doyle,TE,IND,6,CIN,0,0,0,0,0,0,0,0,3,29,1,3,0,0,0,0,0,0,0,0,0,0,,,,,
Jake Elliott,K,PHI,6,BAL,0,0,0,0,0,0,0,0,0,0,0,0,0,0,0,0,0,0,0,0,0,0,,,,,
Jakeem Grant,WR,MIA,6,NYJ,0,0,0,0,0,0,0,0,4,48,0,4,0,0,0,0,0,0,0,0,0,0,,,,,
Jalen Hurts,QB,PHI,6,BAL,0,0,0,0,0,23,0,2,1,3,0,1,0,0,0,0,0,0,0,0,0,0,,,,,
Jamaal Williams,RB,GB,6,TB,0,0,0,0,0,34,0,4,0,0,0,1,0,0,0,0,0,0,0,0,0,0,,,,,
Jamal Agnew,WR,DET,6,JAX,0,0,0,0,0,0,0,0,2,17,0,2,0,0,0,0,0,0,0,0,0,0,,,,,
James Conner,RB,PIT,6,CLE,0,0,0,0,0,101,1,20,1,1,0,1,0,0,0,0,0,0,0,0,0,0,,,,,
James O'Shaughnessy,TE,JAX,6,DET,0,0,0,0,0,0,0,0,0,0,0,1,0,0,0,0,0,0,0,0,0,0,,,,,
James Proche,WR,BAL,6,PHI,0,0,0,0,0,0,0,0,0,0,0,0,0,0,0,0,0,0,0,0,0,0,,,,,
James Robinson,RB,JAX,6,DET,0,0,0,0,0,29,0,12,4,24,1,4,0,0,0,0,0,0,0,0,0,0,,,,,
James Washington,WR,PIT,6,CLE,0,0,0,0,0,0,0,0,4,68,1,7,0,0,0,0,0,0,0,0,0,0,,,,,
James White,RB,NE,6,DEN,0,0,0,0,0,8,0,4,8,65,0,9,0,0,0,0,0,0,0,0,0,0,,,,,
Jamison Crowder,WR,NYJ,6,MIA,0,0,0,0,0,0,0,0,7,48,0,13,0,0,0,0,0,0,0,0,0,0,,,,,
Jared Goff,QB,LA,6,SF,198,2,38,19,1,10,0,1,0,0,0,0,0,0,0,0,0,0,0,0,0,0,,,,,
Jarvis Landry,WR,CLE,6,PIT,0,0,0,0,0,0,0,0,3,40,0,5,0,0,0,0,0,0,0,0,0,0,,,,,
Jason Croom,TE,PHI,6,BAL,0,0,0,0,0,0,0,0,1,3,1,1,0,0,0,0,0,0,0,0,0,0,,,,,
Jason Sanders,K,MIA,6,NYJ,0,0,0,0,0,0,0,0,0,0,0,0,0,0,0,0,1,0,0,0,0,3,,,,,
Jaydon Mickens,WR,TB,6,GB,0,0,0,0,0,0,0,0,0,0,0,0,0,0,0,0,0,0,0,0,0,0,,,,,
Jeff Smith,WR,NYJ,6,MIA,0,0,0,0,0,0,0,0,1,8,0,4,0,0,0,0,0,0,0,0,0,0,,,,,
Jeremy McNichols,RB,TEN,6,HOU,0,0,0,0,0,51,0,5,2,11,0,3,0,0,0,0,0,0,0,0,0,0,,,,,
Jerick McKinnon,RB,SF,6,LA,0,0,0,0,0,18,0,6,2,10,0,3,0,0,0,0,0,0,0,0,0,0,,,,,
Jerry Jeudy,WR,DEN,6,NE,0,0,0,0,0,0,0,0,2,32,0,5,0,0,0,0,0,0,0,0,0,0,,,,,
Jesse James,TE,DET,6,JAX,0,0,0,0,0,0,0,0,1,3,0,2,0,0,0,0,0,0,0,0,0,0,,,,,
Jimmy Garoppolo,QB,SF,6,LA,268,3,33,23,0,8,0,4,0,0,0,0,0,0,0,0,0,0,0,0,0,0,,,,,
Jimmy Graham,TE,CHI,6,CAR,0,0,0,0,0,0,0,0,5,34,0,8,0,0,0,0,0,0,0,0,0,0,,,,,
Joe Burrow,QB,CIN,6,IND,313,0,39,25,1,2,1,3,0,0,0,0,0,0,0,0,0,0,0,0,0,0,,,,,
Joe Flacco,QB,NYJ,6,MIA,186,0,44,21,1,0,0,1,0,0,0,0,0,0,0,0,0,0,0,0,0,0,,,,,
Joe Mixon,RB,CIN,6,IND,0,0,0,0,0,54,1,18,2,15,0,3,0,0,0,0,0,0,0,0,0,0,,,,,
Joey Slye,K,CAR,6,CHI,0,0,0,0,0,0,0,0,0,0,0,0,0,0,0,0,2,0,1,0,0,1,,,,,
John Brown,WR,BUF,6,KC,0,0,0,0,0,0,0,0,0,0,0,4,0,0,0,0,0,0,0,0,0,0,,,,,
John Hightower,WR,PHI,6,BAL,0,0,0,0,0,0,0,0,1,50,0,4,0,0,0,0,0,0,0,0,0,0,,,,,
Jon Brown,K,JAX,6,DET,0,0,0,0,0,0,0,0,0,0,0,0,0,0,0,0,0,1,0,0,0,1,,,,,
Jonathan Taylor,RB,IND,6,CIN,0,0,0,0,0,60,0,12,4,55,0,4,0,0,0,0,0,0,0,0,0,0,,,,,
Jonnu Smith,TE,TEN,6,HOU,0,0,0,0,0,0,0,0,1,13,0,2,0,0,0,0,0,0,0,0,0,0,,,,,
Jordan Wilkins,RB,IND,6,CIN,0,0,0,0,0,-1,0,1,0,0,0,1,0,0,0,0,0,0,0,0,0,0,,,,,
Josh Allen,QB,BUF,6,KC,122,2,27,14,1,42,0,8,0,0,0,0,0,0,0,0,0,0,0,0,0,0,,,,,
Josh Reynolds,WR,LA,6,SF,0,0,0,0,0,0,0,0,2,45,1,5,0,0,0,0,0,0,0,0,0,0,,,,,
JuJu Smith-Schuster,WR,PIT,6,CLE,0,0,0,0,0,0,0,0,2,6,0,4,0,0,0,0,0,0,0,0,0,0,,,,,
Julian Edelman,WR,NE,6,DEN,38,0,2,2,0,0,0,0,2,8,0,6,0,0,0,0,0,0,0,0,0,0,,,,,
Julio Jones,WR,ATL,6,MIN,0,0,0,0,0,0,0,0,8,137,2,10,0,0,0,0,0,0,0,0,0,0,,,,,
Justice Hill,RB,BAL,6,PHI,0,0,0,0,0,0,0,0,0,0,0,0,0,0,0,0,0,0,0,0,0,0,,,,,
Justin Jefferson,WR,MIN,6,ATL,0,0,0,0,0,0,0,0,9,166,2,11,0,0,1,0,0,0,0,0,0,0,,,,,
Justin Tucker,K,BAL,6,PHI,0,0,0,0,0,0,0,0,0,0,0,0,0,0,0,0,0,0,2,1,0,3,,,,,
KC,DEF,KC,6,BUF,,,,,,,,,,,,,,,,,,,,,,,0,0,0,0,17.0
Ka'imi Fairbairn,K,HOU,6,TEN,0,0,0,0,0,0,0,0,0,0,0,0,0,0,0,0,0,1,0,0,0,3,,,,,
Kaden Smith,TE,NYG,6,WAS,0,0,0,0,0,0,0,0,3,15,0,3,0,0,0,0,0,0,0,0,0,0,,,,,
Kalif Raymond,WR,TEN,6,HOU,0,0,0,0,0,0,0,0,3,32,0,4,0,0,0,0,0,0,0,0,0,0,,,,,
Kareem Hunt,RB,CLE,6,PIT,0,0,0,0,0,40,0,13,2,17,0,3,0,0,0,0,0,0,0,0,0,0,,,,,
Ke'Shawn Vaughn,RB,TB,6,GB,0,0,0,0,0,42,0,5,0,0,0,1,0,0,0,0,0,0,0,0,0,0,,,,,
Keelan Cole,WR,JAX,6,DET,0,0,0,0,0,0,0,0,6,143,0,9,0,0,0,0,0,0,0,0,0,0,,,,,
Keith Kirkwood,WR,CAR,6,CHI,0,0,0,0,0,0,0,0,1,13,0,2,0,0,0,0,0,0,0,0,0,0,,,,,
Kendrick Bourne,WR,SF,6,LA,0,0,0,0,0,0,0,0,2,44,0,3,0,0,0,0,0,0,0,0,0,0,,,,,
Kenny Golladay,WR,DET,6,JAX,0,0,0,0,0,0,0,0,4,105,0,6,0,0,0,0,0,0,0,0,0,0,,,,,
Kenyan Drake,RB,ARI,6,DAL,0,0,0,0,0,164,2,20,0,0,0,2,0,0,0,0,0,0,0,0,0,0,,,,,
Kerryon Johnson,RB,DET,6,JAX,0,0,0,0,0,9,0,4,1,11,0,2,0,0,0,0,0,0,0,0,0,0,,,,,
Kirk Cousins,QB,MIN,6,ATL,343,3,36,24,3,0,0,0,0,0,0,0,0,0,2,0,0,0,0,0,0,0,,,,,
Kyle Allen,QB,WAS,6,NYG,280,2,42,31,1,8,0,2,0,0,0,0,0,0,0,0,0,0,0,0,0,0,,,,,
Kyle Juszczyk,RB,SF,6,LA,0,0,0,0,0,0,0,0,1,8,0,2,0,0,0,0,0,0,0,0,0,0,,,,,
Kyle Rudolph,TE,MIN,6,ATL,0,0,0,0,0,0,0,0,3,47,0,4,0,0,0,0,0,0,0,0,0,0,,,,,
Kyler Murray,QB,ARI,6,DAL,188,2,24,9,0,74,1,10,0,0,0,0,0,0,0,0,0,0,0,0,0,0,,,,,
LA,DEF,LA,6,SF,,,,,,,,,,,,,,,,,,,,,,,0,0,0,0,24.0
La'Mical Perine,RB,NYJ,6,MIA,0,0,0,0,0,27,0,7,2,9,0,3,0,0,0,0,0,0,0,0,0,0,,,,,
Lamar Jackson,QB,BAL,6,PHI,186,1,27,16,0,108,1,9,0,0,0,0,0,0,0,0,0,0,0,0,0,0,,,,,
Larry Fitzgerald,WR,ARI,6,DAL,0,0,0,0,0,0,0,0,3,22,0,4,0,0,0,0,0,0,0,0,0,0,,,,,
Laviska Shenault Jr.,WR,JAX,6,DET,0,0,0,0,0,1,0,1,3,10,0,7,0,0,0,0,0,0,0,0,0,0,,,,,
LeSean McCoy,RB,TB,6,GB,0,0,0,0,0,1,0,4,1,6,0,1,0,0,0,0,0,0,0,0,0,0,,,,,
Logan Thomas,TE,WAS,6,NYG,0,0,0,0,0,0,0,0,3,42,1,4,0,0,0,0,0,0,0,0,0,0,,,,,
MIA,DEF,MIA,6,NYJ,,,,,,,,,,,,,,,,,,,,,,,0,0,0,0,0.0
MIN,DEF,MIN,6,ATL,,,,,,,,,,,,,,,,,,,,,,,0,0,0,0,40.0
Malcolm Brown,RB,LA,6,SF,0,0,0,0,0,4,0,2,3,18,0,4,0,0,0,0,0,0,0,0,0,0,,,,,
Malik Taylor,WR,GB,6,TB,0,0,0,0,0,0,0,0,0,0,0,1,0,0,0,0,0,0,0,0,0,0,,,,,
Marcedes Lewis,TE,GB,6,TB,0,0,0,0,0,0,0,0,0,0,0,2,0,0,0,0,0,0,0,0,0,0,,,,,
Marcus Johnson,WR,IND,6,CIN,0,0,0,0,0,0,0,0,5,108,0,8,0,0,0,0,0,0,0,0,0,0,,,,,
Mark Andrews,TE,BAL,6,PHI,0,0,0,0,0,0,0,0,2,21,0,4,0,0,0,0,0,0,0,0,0,0,,,,,
Mark Ingram,RB,BAL,6,PHI,0,0,0,0,0,20,0,5,0,0,0,0,0,0,0,0,0,0,0,0,0,0,,,,,
Marquez Valdes-Scantling,WR,GB,6,TB,0,0,0,0,0,0,0,0,3,32,0,5,0,0,0,0,0,0,0,0,0,0,,,,,
Marquise Brown,WR,BAL,6,PHI,0,0,0,0,0,0,0,0,4,57,0,6,0,0,0,0,0,0,0,0,0,0,,,,,
Marvin Hall,WR,DET,6,JAX,0,0,0,0,0,1,0,1,1,6,0,2,0,0,0,0,0,0,0,0,0,0,,,,,
Marvin Jones,WR,DET,6,JAX,0,0,0,0,0,0,0,0,2,8,0,5,0,0,0,0,0,0,0,0,0,0,,,,,
Mason Crosby,K,GB,6,TB,0,0,0,0,0,0,0,0,0,0,0,0,0,0,0,0,0,1,0,0,0,1,,,,,
Mason Rudolph,QB,PIT,6,CLE,6,0,1,1,0,-3,0,3,0,0,0,0,0,0,0,0,0,0,0,0,0,0,,,,,
Matt Breida,RB,MIA,6,NYJ,0,0,0,0,0,15,0,6,2,7,0,2,0,0,0,0,0,0,0,0,0,0,,,,,
Matt Prater,K,DET,6,JAX,0,0,0,0,0,0,0,0,0,0,0,0,0,0,0,0,0,1,1,0,0,4,,,,,
Matt Ryan,QB,ATL,6,MIN,371,4,40,30,0,8,0,4,0,0,0,0,0,0,0,0,0,0,0,0,0,0,,,,,
Matthew Stafford,QB,DET,6,JAX,223,1,31,19,1,14,0,5,0,0,0,0,0,0,0,0,0,0,0,0,0,0,,,,,
Mecole Hardman,WR,KC,6,BUF,0,0,0,0,0,0,0,0,0,0,0,1,0,0,0,0,0,0,0,0,0,0,,,,,
Michael Gallup,WR,DAL,6,ARI,0,0,0,0,0,0,0,0,2,23,0,6,0,0,0,0,0,0,0,0,0,0,,,,,
Mike Boone,RB,MIN,6,ATL,0,0,0,0,0,-1,0,1,1,6,0,1,0,0,0,0,0,0,0,0,0,0,,,,,
Mike Davis,RB,CAR,6,CHI,0,0,0,0,0,52,1,18,2,3,0,3,0,0,0,0,0,0,0,0,0,0,,,,,
Mike Evans,WR,TB,6,GB,0,0,0,0,0,0,0,0,1,10,0,2,0,0,0,0,0,0,0,0,0,0,,,,,
Mike Gesicki,TE,MIA,6,NYJ,0,0,0,0,0,0,0,0,0,0,0,2,0,0,0,0,0,0,0,0,0,0,,,,,
Mike Thomas,WR,CIN,6,IND,0,0,0,0,0,0,0,0,1,10,0,3,0,0,0,0,0,0,0,0,0,0,,,,,
Miles Boykin,WR,BAL,6,PHI,0,0,0,0,0,0,0,0,1,11,0,2,0,0,0,0,0,0,0,0,0,0,,,,,
Miles Sanders,RB,PHI,6,BAL,0,0,0,0,0,118,0,9,1,-6,0,2,0,0,0,0,0,0,0,0,0,0,,,,,
Myles Gaskin,RB,MIA,6,NYJ,0,0,0,0,0,91,0,18,4,35,0,4,0,0,0,0,0,0,0,0,0,0,,,,,
N'Keal Harry,TE,NE,6,DEN,0,0,0,0,0,0,0,0,0,0,0,2,0,0,0,0,0,0,0,0,0,0,,,,,
NE,DEF,NE,6,DEN,,,,,,,,,,,,,,,,,,,,,,,0,0,0,0,18.0
NYG,DEF,NYG,6,WAS,,,,,,,,,,,,,,,,,,,,,,,0,0,0,0,19.0
NYJ,DEF,NYJ,6,MIA,,,,,,,,,,,,,,,,,,,,,,,0,0,0,0,24.0
Nick Boyle,TE,BAL,6,PHI,0,0,0,0,0,0,0,0,3,33,1,3,0,0,0,0,0,0,0,0,0,0,,,,,
Nick Foles,QB,CHI,6,CAR,198,1,39,23,1,4,1,5,0,0,0,0,0,0,0,0,0,0,0,0,0,0,,,,,
Nick Folk,K,NE,6,DEN,0,0,0,0,0,0,0,0,0,0,0,0,0,0,0,0,0,1,1,0,0,0,,,,,
Nick Keizer,TE,KC,6,BUF,0,0,0,0,0,0,0,0,1,2,0,1,0,0,0,0,0,0,0,0,0,0,,,,,
Nick Vannett,TE,DEN,6,NE,0,0,0,0,0,0,0,0,1,7,0,1,0,0,0,0,0,0,0,0,0,0,,,,,
Nick Westbrook-Ikhine,WR,TEN,6,HOU,0,0,0,0,0,0,0,0,0,0,0,0,0,0,1,0,0,0,0,0,0,0,,,,,
Noah Brown,WR,DAL,6,ARI,0,0,0,0,0,0,0,0,2,15,0,2,0,0,0,0,0,0,0,0,0,0,,,,,
Nsimba Webster,WR,LA,6,SF,0,0,0,0,0,0,0,0,0,0,0,0,0,0,0,0,0,0,0,0,0,0,,,,,
Nyheim Hines,RB,IND,6,CIN,0,0,0,0,0,0,0,0,5,27,0,6,0,0,0,0,0,0,0,0,0,0,,,,,
Odell Beckham Jr.,WR,CLE,6,PIT,0,0,0,0,0,0,0,0,2,25,0,3,0,0,0,0,0,0,0,0,0,0,,,,,
Olamide Zaccheaus,WR,ATL,6,MIN,0,0,0,0,0,0,0,0,0,0,0,2,0,0,0,0,0,0,0,0,0,0,,,,,
PHI,DEF,PHI,6,BAL,,,,,,,,,,,,,,,,,,,,,,,0,0,0,0,30.0
PIT,DEF,PIT,6,CLE,,,,,,,,,,,,,,,,,,,,,,,1,0,0,0,7.0
Patrick Laird,RB,MIA,6,NYJ,0,0,0,0,0,0,0,0,1,2,0,1,0,0,0,0,0,0,0,0,0,0,,,,,
Patrick Mahomes,QB,KC,6,BUF,225,2,26,21,0,36,0,10,0,0,0,0,0,0,0,0,0,0,0,0,0,0,,,,,
Patrick Ricard,RB,BAL,6,PHI,0,0,0,0,0,0,0,0,0,0,0,1,0,0,0,0,0,0,0,0,0,0,,,,,
Peyton Barber,RB,WAS,6,NYG,0,0,0,0,0,6,0,4,1,4,0,1,0,0,0,0,0,0,0,0,0,0,,,,,
Pharaoh Brown,TE,HOU,6,TEN,0,0,0,0,0,0,0,0,2,28,0,2,0,0,0,0,0,0,0,0,0,0,,,,,
Pharoh Cooper,WR,CAR,6,CHI,0,0,0,0,0,0,0,0,0,0,0,0,0,0,0,0,0,0,0,0,0,0,,,,,
Philip Rivers,QB,IND,6,CIN,371,3,44,29,1,-1,0,1,0,0,0,0,0,0,0,0,0,0,0,0,0,0,,,,,
Phillip Lindsay,RB,DEN,6,NE,0,0,0,0,0,101,0,23,0,0,0,0,0,0,0,0,0,0,0,0,0,0,,,,,
Preston Williams,WR,MIA,6,NYJ,0,0,0,0,0,0,0,0,2,18,1,3,0,0,0,0,0,0,0,0,0,0,,,,,
Raheem Mostert,RB,SF,6,LA,0,0,0,0,0,65,0,17,2,11,0,2,0,0,0,0,0,0,0,0,0,0,,,,,
Randall Cobb,WR,HOU,6,TEN,0,0,1,0,0,0,0,0,3,17,1,4,0,0,0,0,0,0,0,0,0,0,,,,,
Randy Bullock,K,CIN,6,IND,0,0,0,0,0,0,0,0,0,0,0,0,0,0,0,0,0,0,1,1,0,3,,,,,
Rashard Higgins,WR,CLE,6,PIT,0,0,0,0,0,0,0,0,1,13,1,2,0,0,0,0,0,0,0,0,0,0,,,,,
Ray-Ray McCloud,WR,PIT,6,CLE,0,0,0,0,0,0,0,0,0,0,0,1,0,0,0,0,0,0,0,0,0,0,,,,,
Rex Burkhead,RB,NE,6,DEN,0,0,0,0,0,14,0,5,0,0,0,0,0,0,0,0,0,0,0,0,0,0,,,,,
Richard Rodgers,TE,PHI,6,BAL,0,0,0,0,0,0,0,0,3,31,0,3,0,0,0,0,0,0,0,0,0,0,,,,,
Richie James,WR,SF,6,LA,0,0,0,0,0,0,0,0,0,0,0,0,0,0,0,0,0,0,0,0,0,0,,,,,
Ricky Seals-Jones,TE,KC,6,BUF,0,0,0,0,0,0,0,0,0,0,0,1,0,0,0,0,0,0,0,0,0,0,,,,,
Rico Dowdle,RB,DAL,6,ARI,0,0,0,0,0,13,0,3,0,0,0,0,0,0,0,0,0,0,0,0,0,0,,,,,
Rob Gronkowski,TE,TB,6,GB,0,0,0,0,0,0,0,0,5,78,1,8,0,0,0,0,0,0,0,0,0,0,,,,,
Robbie Chosen,WR,CAR,6,CHI,0,0,0,0,0,0,0,0,4,77,0,5,0,0,0,0,0,0,0,0,0,0,,,,,
Robbie Gould,K,SF,6,LA,0,0,0,0,0,0,0,0,0,0,0,0,0,0,0,0,0,0,1,0,0,3,,,,,
Robert Tonyan,TE,GB,6,TB,0,0,0,0,0,0,0,0,3,25,0,4,0,0,0,0,0,0,0,0,0,0,,,,,
Robert Woods,WR,LA,6,SF,0,0,0,0,0,11,0,2,4,29,1,10,0,0,0,0,0,0,0,0,0,0,,,,,
Rodrigo Blankenship,K,IND,6,CIN,0,0,0,0,0,0,0,0,0,0,0,0,0,0,0,0,0,0,1,0,0,4,,,,,
Ronald Jones,RB,TB,6,GB,0,0,0,0,0,113,2,23,2,8,0,2,0,0,0,0,0,0,0,0,0,0,,,,,
Royce Freeman,RB,DEN,6,NE,0,0,0,0,0,26,0,8,1,4,0,1,0,0,0,0,0,0,0,0,0,0,,,,,
Russell Gage,WR,ATL,6,MIN,0,0,0,0,0,0,0,0,4,65,0,4,0,0,0,0,0,0,0,0,0,0,,,,,
Ryan Fitzpatrick,QB,MIA,6,NYJ,191,3,27,18,2,4,0,1,0,0,0,0,0,0,0,0,0,0,0,0,0,0,,,,,
Ryan Griffin,TE,NYJ,6,MIA,0,0,0,0,0,0,0,0,2,17,0,3,0,0,0,0,0,0,0,0,0,0,,,,,
Ryan Izzo,TE,NE,6,DEN,0,0,0,0,0,0,0,0,3,38,0,3,0,0,0,0,0,0,0,0,0,0,,,,,
Ryan Succop,K,TB,6,GB,0,0,0,0,0,0,0,0,0,0,0,0,0,0,0,0,0,0,0,1,0,5,,,,,
Ryan Tannehill,QB,TEN,6,HOU,366,4,41,30,1,0,0,0,0,0,0,0,0,0,1,0,0,0,0,0,0,0,,,,,
SF,DEF,SF,6,LA,,,,,,,,,,,,,,,,,,,,,,,0,0,0,0,16.0
Sam Ficken,K,NYJ,6,MIA,0,0,0,0,0,0,0,0,0,0,0,0,0,0,0,0,0,0,0,0,0,0,,,,,
Sam Sloman,K,LA,6,SF,0,0,0,0,0,0,0,0,0,0,0,0,0,0,0,0,0,0,1,0,0,1,,,,,
Samaje Perine,RB,CIN,6,IND,0,0,0,0,0,0,0,1,0,0,0,0,0,0,0,0,0,0,0,0,0,0,,,,,
Scott Miller,WR,TB,6,GB,0,0,0,0,0,0,0,0,1,6,0,2,0,0,0,0,0,0,0,0,0,0,,,,,
Stefon Diggs,WR,BUF,6,KC,0,0,0,0,0,0,0,0,6,46,1,8,0,0,0,0,0,0,0,0,0,0,,,,,
Stephen Gostkowski,K,TEN,6,HOU,0,0,0,0,0,0,0,0,0,0,0,0,0,0,0,0,0,0,0,0,0,4,,,,,
T.J. Hockenson,TE,DET,6,JAX,0,0,0,0,0,0,0,0,2,17,1,5,0,0,0,0,0,0,0,0,0,0,,,,,
T.Y. Hilton,WR,IND,6,CIN,0,0,0,0,0,0,0,0,1,11,0,5,0,0,0,0,0,0,0,0,0,0,,,,,
TB,DEF,TB,6,GB,,,,,,,,,,,,,,,,,,,,,,,1,0,0,0,10.0
TEN,DEF,TEN,6,HOU,,,,,,,,,,,,,,,,,,,,,,,0,0,0,0,36.0
Taiwan Jones,RB,BUF,6,KC,0,0,0,0,0,0,0,0,0,0,0,0,0,0,0,0,0,0,0,0,0,0,,,,,
Ted Ginn,WR,CHI,6,CAR,0,0,0,0,0,0,0,0,0,0,0,0,0,0,0,0,0,0,0,0,0,0,,,,,
Teddy Bridgewater,QB,CAR,6,CHI,216,0,29,16,2,48,0,8,0,0,0,0,0,0,0,0,0,0,0,0,0,0,,,,,
Tee Higgins,WR,CIN,6,IND,0,0,0,0,0,2,0,1,6,125,0,8,0,0,0,0,0,0,0,0,0,0,,,,,
Terry McLaurin,WR,WAS,6,NYG,0,0,0,0,0,0,0,0,7,74,0,12,0,0,0,0,0,0,0,0,0,0,,,,,
Tim Boyle,QB,GB,6,TB,0,0,0,0,0,0,0,0,0,0,0,0,0,0,0,0,0,0,0,0,0,0,,,,,
Tim Patrick,WR,DEN,6,NE,0,0,0,0,0,0,0,0,4,101,0,8,0,0,0,0,0,0,0,0,0,0,,,,,
Todd Gurley,RB,ATL,6,MIN,0,0,0,0,0,47,0,20,3,20,0,4,0,0,0,0,0,0,0,0,0,0,,,,,
Tom Brady,QB,TB,6,GB,166,2,27,17,0,0,0,0,0,0,0,0,0,0,0,0,0,0,0,0,0,0,,,,,
Tony Pollard,RB,DAL,6,ARI,0,0,0,0,0,31,0,10,2,9,0,4,0,0,0,0,0,0,0,0,0,0,,,,,
Travis Fulgham,WR,PHI,6,BAL,0,0,0,0,0,0,0,0,6,75,1,10,0,0,0,0,0,0,0,0,0,0,,,,,
Travis Kelce,TE,KC,6,BUF,0,0,0,0,0,0,0,0,5,65,2,7,0,0,0,0,0,0,0,0,0,0,,,,,
Trent Sherfield,WR,ARI,6,DAL,0,0,0,0,0,0,0,0,0,0,0,0,0,0,0,0,0,0,0,0,0,0,,,,,
Trent Taylor,WR,SF,6,LA,0,0,0,0,0,0,0,0,1,8,0,2,0,0,0,0,0,0,0,0,0,0,,,,,
Trenton Cannon,RB,CAR,6,CHI,0,0,0,0,0,12,0,3,2,15,0,2,0,0,0,0,0,0,0,0,0,0,,,,,
Trey Burton,TE,IND,6,CIN,0,0,0,0,0,1,1,1,4,58,1,5,0,0,0,0,0,0,0,0,0,0,,,,,
Tua Tagovailoa,QB,MIA,6,NYJ,9,0,2,2,0,0,0,0,0,0,0,0,0,0,0,0,0,0,0,0,0,0,,,,,
Ty Johnson,RB,NYJ,6,MIA,0,0,0,0,0,42,0,3,0,0,0,1,0,0,0,0,0,0,0,0,0,0,,,,,
Tyler Bass,K,BUF,6,KC,0,0,0,0,0,0,0,0,0,0,0,0,0,0,0,0,0,0,1,0,0,2,,,,,
Tyler Boyd,WR,CIN,6,IND,0,0,0,0,0,25,0,1,5,54,0,8,0,0,0,0,0,0,0,0,0,0,,,,,
Tyler Davis,TE,JAX,6,DET,0,0,0,0,0,0,0,0,0,0,0,2,0,0,0,0,0,0,0,0,0,0,,,,,
Tyler Eifert,TE,JAX,6,DET,0,0,0,0,0,0,0,0,0,0,0,0,0,0,0,0,0,0,0,0,0,0,,,,,
Tyler Higbee,TE,LA,6,SF,0,0,0,0,0,0,0,0,3,56,0,4,0,0,0,0,0,0,0,0,0,0,,,,,
Tyler Johnson,WR,TB,6,GB,0,0,0,0,0,0,0,0,1,7,1,1,0,0,0,0,0,0,0,0,0,0,,,,,
Tyler Kroft,TE,BUF,6,KC,0,0,0,0,0,0,0,0,1,7,0,2,0,0,0,0,0,0,0,0,0,0,,,,,
Tyreek Hill,WR,KC,6,BUF,0,0,0,0,0,5,0,1,3,20,0,3,0,0,0,0,0,0,0,0,0,0,,,,,
Tyrie Cleveland,WR,DEN,6,NE,0,0,0,0,0,0,0,0,0,0,0,0,0,0,0,0,0,0,0,0,0,0,,,,,
Van Jefferson,WR,LA,6,SF,0,0,0,0,0,0,0,0,1,8,0,1,0,0,0,0,0,0,0,0,0,0,,,,,
Vyncint Smith,WR,NYJ,6,MIA,0,0,0,0,0,0,0,0,0,0,0,0,0,0,0,0,0,0,0,0,0,0,,,,,
WAS,DEF,WAS,6,NYG,,,,,,,,,,,,,,,,,,,,,,,0,0,0,0,20.0
Will Fuller,WR,HOU,6,TEN,0,0,0,0,0,0,0,0,6,123,1,11,0,0,0,0,0,0,0,0,0,0,,,,,
Willie Snead,WR,BAL,6,PHI,0,0,0,0,0,0,0,0,1,32,0,2,0,0,0,0,0,0,0,0,0,0,,,,,
Younghoe Koo,K,ATL,6,MIN,0,0,0,0,0,0,0,0,0,0,0,0,0,0,0,0,1,0,2,1,0,4,,,,,
Zach Ertz,TE,PHI,6,BAL,0,0,0,0,0,0,0,0,4,33,0,10,0,0,0,0,0,0,0,0,0,0,,,,,
Zach Pascal,WR,IND,6,CIN,0,0,0,0,0,0,0,0,4,54,1,7,0,0,0,0,0,0,0,0,0,0,,,,,
Zack Moss,RB,BUF,6,KC,0,0,0,0,0,10,0,5,0,0,0,0,0,0,0,0,0,0,0,0,0,0,,,,,
Zane Gonzalez,K,ARI,6,DAL,0,0,0,0,0,0,0,0,0,0,0,0,0,0,0,0,1,0,0,0,0,5,,,,,
A.J. Brown,WR,TEN,7,PIT,0,0,0,0,0,0,0,0,6,153,1,8,0,0,0,0,0,0,0,0,0,0,,,,,
A.J. Green,WR,CIN,7,CLE,0,0,0,0,0,0,0,0,7,82,0,13,0,0,0,0,0,0,0,0,0,0,,,,,
AJ Dillon,RB,GB,7,HOU,0,0,0,0,0,11,0,5,0,0,0,0,0,0,0,0,0,0,0,0,0,0,,,,,
ARI,DEF,ARI,7,SEA,,,,,,,,,,,,,,,,,,,,,,,0,0,0,0,34.0
ATL,DEF,ATL,7,DET,,,,,,,,,,,,,,,,,,,,,,,0,0,0,0,23.0
Aaron Rodgers,QB,GB,7,HOU,283,4,34,23,0,0,0,0,0,0,0,0,0,0,0,0,0,0,0,0,0,0,,,,,
Adam Humphries,WR,TEN,7,PIT,0,0,0,0,0,0,0,0,1,19,0,3,0,0,0,0,0,0,0,0,0,0,,,,,
Adam Trautman,TE,NO,7,CAR,0,0,0,0,0,0,0,0,0,0,0,1,0,0,0,0,0,0,0,0,0,0,,,,,
Adrian Peterson,RB,DET,7,ATL,0,0,0,0,0,29,0,11,1,1,0,1,0,0,0,0,0,0,0,0,0,0,,,,,
Albert Okwuegbunam,TE,DEN,7,KC,0,0,0,0,0,0,0,0,7,60,0,7,0,0,0,0,0,0,0,0,0,0,,,,,
Alex Armah,RB,CAR,7,NO,0,0,0,0,0,1,0,1,0,0,0,1,0,0,0,0,0,0,0,0,0,0,,,,,
Alex Erickson,WR,CIN,7,CLE,0,0,0,0,0,0,0,0,0,0,0,0,0,0,0,0,0,0,0,0,0,0,,,,,
Allen Robinson,WR,CHI,7,LA,0,0,0,0,0,0,0,0,4,70,0,4,0,0,0,0,0,0,0,0,0,0,,,,,
Alvin Kamara,RB,NO,7,CAR,0,0,0,0,0,83,0,14,8,65,0,8,0,0,0,0,0,0,0,0,0,0,,,,,
Amari Cooper,WR,DAL,7,WAS,0,0,0,0,0,5,0,1,7,80,0,7,0,0,0,0,0,0,0,0,0,0,,,,,
Andre Roberts,WR,BUF,7,NYJ,0,0,0,0,0,0,0,0,0,0,0,0,0,0,0,0,0,0,0,0,0,0,,,,,
Andy Dalton,QB,DAL,7,WAS,75,0,19,9,1,16,0,3,0,0,0,0,0,0,0,0,0,0,0,0,0,0,,,,,
Andy Isabella,WR,ARI,7,SEA,0,0,0,0,0,0,0,0,1,7,0,3,0,0,0,0,0,0,0,0,0,0,,,,,
Anthony Firkser,TE,TEN,7,PIT,0,0,0,0,0,0,0,0,2,7,0,2,0,0,0,0,0,0,0,0,0,0,,,,,
Anthony McFarland,RB,PIT,7,TEN,0,0,0,0,0,6,0,1,0,0,0,1,0,0,0,0,0,0,0,0,0,0,,,,,
Anthony Miller,WR,CHI,7,LA,0,0,0,0,0,0,0,0,3,20,0,5,0,0,0,0,0,0,0,0,0,0,,,,,
Antonio Gibson,RB,WAS,7,DAL,0,0,0,0,0,128,1,20,0,0,0,1,0,0,0,0,0,0,0,0,0,0,,,,,
Auden Tate,WR,CIN,7,CLE,0,0,0,0,0,0,0,0,0,0,0,1,0,0,0,0,0,0,0,0,0,0,,,,,
Austin Carr,WR,NO,7,CAR,0,0,0,0,0,0,0,0,1,6,0,1,0,0,0,0,0,0,0,0,0,0,,,,,
BUF,DEF,BUF,7,NYJ,,,,,,,,,,,,,,,,,,,,,,,0,0,0,0,10.0
Baker Mayfield,QB,CLE,7,CIN,297,5,28,22,1,-1,0,1,0,0,0,0,0,0,0,0,0,0,0,0,0,0,,,,,
Ben DiNucci,QB,DAL,7,WAS,39,0,3,2,0,0,0,1,0,0,0,0,0,0,0,0,0,0,0,0,0,0,,,,,
Ben Ellefson,TE,JAX,7,LAC,0,0,0,0,0,0,0,0,0,0,0,0,0,0,1,0,0,0,0,0,0,0,,,,,
Ben Roethlisberger,QB,PIT,7,TEN,268,2,49,32,3,-1,0,1,0,0,0,0,0,0,0,0,0,0,0,0,0,0,,,,,
Benny Snell,RB,PIT,7,TEN,0,0,0,0,0,2,1,2,0,0,0,0,0,0,0,0,0,0,0,0,0,0,,,,,
Boston Scott,RB,PHI,7,NYG,0,0,0,0,0,46,0,12,3,46,1,5,0,0,0,0,0,0,0,0,0,0,,,,,
Brandin Cooks,WR,HOU,7,GB,0,0,0,0,0,0,0,0,7,60,0,9,0,0,0,0,0,0,0,0,0,0,,,,,
Brandon Aiyuk,WR,SF,7,NE,0,0,0,0,0,0,0,0,6,115,0,7,0,0,0,0,0,0,0,0,0,0,,,,,
Brandon McManus,K,DEN,7,KC,0,0,0,0,0,0,0,0,0,0,0,0,0,0,0,0,0,0,1,0,0,1,,,,,
Brandon Powell,WR,ATL,7,DET,0,0,0,0,0,0,0,0,1,4,0,2,0,0,0,0,0,0,0,0,0,0,,,,,
Brandon Zylstra,WR,CAR,7,NO,0,0,0,0,0,0,0,0,1,4,0,1,0,0,0,0,0,0,0,0,0,0,,,,,
Braxton Berrios,WR,NYJ,7,BUF,0,0,0,0,0,0,0,0,4,35,0,7,0,0,0,0,0,0,0,0,0,0,,,,,
Breshad Perriman,WR,NYJ,7,BUF,0,0,0,0,0,0,0,0,2,27,0,2,0,0,0,0,0,0,0,0,0,0,,,,,
Brian Hill,RB,ATL,7,DET,0,0,0,0,0,3,0,2,3,27,0,3,0,0,0,0,0,0,0,0,0,0,,,,,
Buddy Howell,RB,HOU,7,GB,0,0,0,0,0,0,0,0,0,0,0,0,0,0,0,0,0,0,0,0,0,0,,,,,
Byron Pringle,WR,KC,7,DEN,0,0,0,0,0,0,0,0,0,0,0,0,1,0,0,0,0,0,0,0,0,0,,,,,
CAR,DEF,CAR,7,NO,,,,,,,,,,,,,,,,,,,,,,,0,0,0,0,27.0
CHI,DEF,CHI,7,LA,,,,,,,,,,,,,,,,,,,,,,,0,0,0,0,24.0
CIN,DEF,CIN,7,CLE,,,,,,,,,,,,,,,,,,,,,,,0,0,0,0,37.0
CLE,DEF,CLE,7,CIN,,,,,,,,,,,,,,,,,,,,,,,0,0,0,0,34.0
Cairo Santos,K,CHI,7,LA,0,0,0,0,0,0,0,0,0,0,0,0,0,0,0,0,0,0,1,0,0,1,,,,,
Calvin Ridley,WR,ATL,7,DET,0,0,0,0,0,0,0,0,5,69,1,7,0,0,1,0,0,0,0,0,0,0,,,,,
Cam Newton,QB,NE,7,SF,98,0,15,9,3,19,0,5,0,0,0,0,0,0,0,0,0,0,0,0,0,0,,,,,
Cam Sims,WR,WAS,7,DAL,0,0,0,0,0,0,0,0,1,22,0,1,0,0,0,0,0,0,0,0,0,0,,,,,
Cameron Brate,TE,TB,7,LV,0,0,0,0,0,0,0,0,1,8,0,1,0,0,0,0,0,0,0,0,0,0,,,,,
Carlos Hyde,RB,SEA,7,ARI,0,0,0,0,0,68,1,15,3,8,0,4,0,0,0,0,0,0,0,0,0,0,,,,,
Carson Wentz,QB,PHI,7,NYG,359,2,43,25,1,14,1,7,0,0,0,0,0,0,0,0,0,0,0,0,0,0,,,,,
CeeDee Lamb,WR,DAL,7,WAS,0,0,0,0,0,1,0,1,0,0,0,5,0,0,0,0,0,0,0,0,0,0,,,,,
Chad Henne,QB,KC,7,DEN,13,0,2,2,0,-2,1,4,0,0,0,0,0,0,0,0,0,0,0,0,0,0,,,,,
Chase Claypool,WR,PIT,7,TEN,0,0,0,0,0,0,0,0,1,-2,0,1,0,0,0,0,0,0,0,0,0,0,,,,,
Chase Edmonds,RB,ARI,7,SEA,0,0,0,0,0,58,0,5,7,87,0,7,0,0,0,0,0,0,0,0,0,0,,,,,
Chris Boswell,K,PIT,7,TEN,0,0,0,0,0,0,0,0,0,0,0,0,0,0,0,0,0,2,0,0,0,3,,,,,
Chris Carson,RB,SEA,7,ARI,0,0,0,0,0,34,0,5,1,7,0,2,0,0,0,0,0,0,0,0,0,0,,,,,
Chris Conley,WR,JAX,7,LAC,0,0,0,0,0,0,0,0,1,28,1,2,0,0,0,0,0,0,0,0,0,0,,,,,
Chris Godwin Jr.,WR,TB,7,LV,0,0,0,0,0,0,0,0,9,88,1,9,0,0,0,0,0,0,0,0,0,0,,,,,
Christian Kirk,WR,ARI,7,SEA,0,0,0,0,0,0,0,0,5,37,2,8,0,0,0,0,0,0,0,0,0,0,,,,,
Clyde Edwards-Helaire,RB,KC,7,DEN,0,0,0,0,0,46,1,8,1,17,0,4,0,0,0,0,0,0,0,0,0,0,,,,,
Cody Parkey,K,CLE,7,CIN,0,0,0,0,0,0,0,0,0,0,0,0,0,0,0,0,0,0,1,0,0,4,,,,,
Cole Beasley,WR,BUF,7,NYJ,0,0,0,0,0,0,0,0,11,112,0,12,0,0,0,0,0,0,0,0,0,0,,,,,
Cole Kmet,TE,CHI,7,LA,0,0,0,0,0,0,0,0,2,45,0,2,0,0,0,0,0,0,0,0,0,0,,,,,
Collin Johnson,WR,JAX,7,LAC,0,0,0,0,0,0,0,0,1,13,0,1,0,0,0,0,0,0,0,0,0,0,,,,,
Cooper Kupp,WR,LA,7,CHI,0,0,0,0,0,16,0,1,6,43,0,6,0,0,0,0,0,0,0,0,0,0,,,,,
Cordarrelle Patterson,RB,CHI,7,LA,0,0,0,0,0,1,0,3,3,11,0,4,0,0,0,0,0,0,0,0,0,0,,,,,
Corey Clement,RB,PHI,7,NYG,0,0,0,0,0,9,0,2,1,12,0,1,0,0,0,0,0,0,0,0,0,0,,,,,
Corey Davis,WR,TEN,7,PIT,0,0,0,0,0,0,0,0,6,35,1,10,0,0,0,0,0,0,0,0,0,0,,,,,
Cullen Gillaspia,RB,HOU,7,GB,0,0,0,0,0,0,0,0,0,0,0,0,0,0,0,0,0,0,0,0,0,0,,,,,
Curtis Samuel,WR,CAR,7,NO,0,0,0,0,0,5,1,1,6,48,0,6,0,0,0,0,0,0,0,0,0,0,,,,,
D'Andre Swift,RB,DET,7,ATL,0,0,0,0,0,27,1,9,4,21,0,5,0,0,0,0,0,0,0,0,0,0,,,,,
D'Ernest Johnson,RB,CLE,7,CIN,0,0,0,0,0,3,0,1,0,0,0,0,0,0,0,0,0,0,0,0,0,0,,,,,
DAL,DEF,DAL,7,WAS,,,,,,,,,,,,,,,,,,,,,,,0,0,0,0,25.0
DEN,DEF,DEN,7,KC,,,,,,,,,,,,,,,,,,,,,,,0,0,0,0,43.0
DET,DEF,DET,7,ATL,,,,,,,,,,,,,,,,,,,,,,,0,0,0,0,22.0
DJ Chark,WR,JAX,7,LAC,0,0,0,0,0,0,0,0,1,26,0,7,0,0,0,0,0,0,0,0,0,0,,,,,
DJ Moore,WR,CAR,7,NO,0,0,0,0,0,0,0,0,4,93,2,5,0,0,0,0,0,0,0,0,0,0,,,,,
DK Metcalf,WR,SEA,7,ARI,0,0,0,0,0,0,0,0,2,23,0,5,0,0,0,0,0,0,0,0,0,0,,,,,
DaeSean Hamilton,WR,DEN,7,KC,0,0,0,0,0,0,0,0,2,26,0,3,0,0,0,0,0,0,0,0,0,0,,,,,
Dalton Keene,TE,NE,7,SF,0,0,0,0,0,0,0,0,1,8,0,1,0,0,0,0,0,0,0,0,0,0,,,,,
Dalton Schultz,TE,DAL,7,WAS,0,0,0,0,0,0,0,0,2,22,0,4,0,0,0,0,0,0,0,0,0,0,,,,,
Damien Harris,RB,NE,7,SF,0,0,0,0,0,58,0,10,1,12,0,1,0,0,0,0,0,0,0,0,0,0,,,,,
Damiere Byrd,WR,NE,7,SF,0,0,0,0,0,0,0,0,1,16,0,2,0,0,0,0,0,0,0,0,0,0,,,,,
Dan Arnold,TE,ARI,7,SEA,0,0,0,0,0,0,0,0,2,57,0,3,0,0,0,0,0,0,0,0,0,0,,,,,
Daniel Carlson,K,LV,7,TB,0,0,0,0,0,0,0,0,0,0,0,0,0,0,0,0,0,1,1,0,0,2,,,,,
Daniel Jones,QB,NYG,7,PHI,187,2,30,20,1,92,0,4,0,0,0,0,0,0,0,0,0,0,0,0,0,0,,,,,
Danny Amendola,WR,DET,7,ATL,0,0,0,0,0,0,0,0,3,62,0,4,0,0,0,0,0,0,0,0,0,0,,,,,
Dare Ogunbowale,RB,JAX,7,LAC,0,0,0,0,0,0,0,0,0,0,0,0,0,0,0,0,0,0,0,0,0,0,,,,,
Darius Slayton,WR,NYG,7,PHI,0,0,0,0,0,0,0,0,2,23,0,3,0,0,0,0,0,0,0,0,0,0,,,,,
Darnell Mooney,WR,CHI,7,LA,0,0,0,0,0,0,0,0,3,40,0,7,0,0,0,0,0,0,0,0,0,0,,,,,
Darrell Daniels,TE,ARI,7,SEA,0,0,0,0,0,0,0,0,0,0,0,1,0,0,0,0,0,0,0,0,0,0,,,,,
Darrell Henderson,RB,LA,7,CHI,0,0,0,0,0,63,0,15,2,13,0,2,0,0,0,0,0,0,0,0,0,0,,,,,
Darren Waller,TE,LV,7,TB,0,0,0,0,0,0,0,0,6,50,1,9,0,0,0,0,0,0,0,0,0,0,,,,,
Darrius Shepherd,WR,GB,7,HOU,0,0,0,0,0,0,0,0,0,0,0,1,0,0,0,0,0,0,0,0,0,0,,,,,
Davante Adams,WR,GB,7,HOU,0,0,0,0,0,0,0,0,13,196,2,16,0,0,0,0,0,0,0,0,0,0,,,,,
David Johnson,RB,HOU,7,GB,0,0,0,0,0,42,0,14,4,42,1,4,0,0,0,0,0,0,0,0,0,0,,,,,
David Montgomery,RB,CHI,7,LA,0,0,0,0,0,48,0,14,5,21,0,5,0,0,0,0,0,0,0,0,0,0,,,,,
David Moore,WR,SEA,7,ARI,0,0,0,0,0,4,0,1,3,54,0,3,0,0,0,0,0,0,0,0,0,0,,,,,
David Njoku,TE,CLE,7,CIN,0,0,0,0,0,0,0,0,2,20,1,3,0,0,0,0,0,0,0,0,0,0,,,,,
DeAndre Carter,WR,HOU,7,GB,0,0,0,0,0,0,0,0,0,0,0,0,0,0,0,0,0,0,0,0,0,0,,,,,
DeAndre Hopkins,WR,ARI,7,SEA,0,0,0,0,0,0,0,0,10,103,1,12,0,0,0,0,0,0,0,0,0,0,,,,,
DeAndre Washington,RB,KC,7,DEN,0,0,0,0,0,5,0,3,1,2,0,1,0,0,0,0,0,0,0,0,0,0,,,,,
DeSean Jackson,WR,PHI,7,NYG,0,0,0,0,0,12,0,1,3,34,0,5,0,0,0,0,0,0,0,0,0,0,,,,,
Dede Westbrook,WR,JAX,7,LAC,0,0,0,0,0,0,0,0,0,0,0,0,0,0,0,0,0,0,0,0,0,0,,,,,
DeeJay Dallas,RB,SEA,7,ARI,0,0,0,0,0,0,0,0,2,18,0,3,0,0,0,0,0,0,0,0,0,0,,,,,
Deebo Samuel Sr.,WR,SF,7,NE,0,0,0,0,0,7,0,3,5,65,0,5,0,0,0,0,0,0,0,0,0,0,,,,,
Demarcus Robinson,WR,KC,7,DEN,0,0,0,0,0,0,0,0,1,4,0,1,0,0,0,0,0,0,0,0,0,0,,,,,
Demetrius Harris,TE,CHI,7,LA,0,0,0,0,0,0,0,0,2,15,0,3,0,0,0,0,0,0,0,0,0,0,,,,,
Denzel Mims,WR,NYJ,7,BUF,0,0,0,0,0,0,0,0,4,42,0,7,0,0,0,0,0,0,0,0,0,0,,,,,
Deonte Harty,WR,NO,7,CAR,0,0,0,0,0,0,0,0,4,46,1,5,0,0,0,0,0,0,0,0,0,0,,,,,
Derek Carr,QB,LV,7,TB,284,2,36,24,1,19,0,2,0,0,0,0,0,0,0,0,0,0,0,0,0,0,,,,,
Derek Carrier,TE,LV,7,TB,0,0,0,0,0,0,0,0,0,0,0,0,0,0,0,0,0,0,0,0,0,0,,,,,
Derrick Henry,RB,TEN,7,PIT,0,0,0,0,0,75,1,20,2,-3,0,2,0,0,0,0,0,0,0,0,0,0,,,,,
Deshaun Watson,QB,HOU,7,GB,309,2,39,29,0,38,0,7,0,0,0,0,0,0,0,0,0,0,0,0,0,0,,,,,
Devin Singletary,RB,BUF,7,NYJ,0,0,0,0,0,29,0,8,2,18,0,5,0,0,0,0,0,0,0,0,0,0,,,,,
Devine Ozigbo,RB,JAX,7,LAC,0,0,0,0,0,0,0,0,0,0,0,0,0,0,0,0,0,0,0,0,0,0,,,,,
Devonta Freeman,RB,NYG,7,PHI,0,0,0,0,0,8,0,3,0,0,0,1,0,0,0,0,0,0,0,0,0,0,,,,,
Devontae Booker,RB,LV,7,TB,0,0,0,0,0,5,0,3,2,9,0,2,0,0,0,0,0,0,0,0,0,0,,,,,
Dion Lewis,RB,NYG,7,PHI,0,0,0,0,0,23,0,3,0,0,0,0,0,0,0,0,0,0,0,0,0,0,,,,,
Diontae Johnson,WR,PIT,7,TEN,0,0,0,0,0,0,0,0,9,80,2,15,0,0,0,0,0,0,0,0,0,0,,,,,
Donald Parham,TE,LAC,7,JAX,0,0,0,0,0,0,0,0,1,22,1,1,0,0,0,0,0,0,0,0,0,0,,,,,
Donovan Peoples-Jones,WR,CLE,7,CIN,0,0,0,0,0,0,0,0,3,56,1,3,0,0,0,0,0,0,0,0,0,0,,,,,
Dontrell Hilliard,RB,CLE,7,CIN,0,0,0,0,0,0,0,0,0,0,0,0,0,0,0,0,0,0,0,0,0,0,,,,,
Drew Brees,QB,NO,7,CAR,287,2,36,29,0,2,1,3,0,0,0,0,0,0,0,0,0,0,0,0,0,0,,,,,
Drew Lock,QB,DEN,7,KC,254,0,40,24,2,8,1,3,0,0,0,0,0,0,0,0,0,0,0,0,0,0,,,,,
Drew Sample,TE,CIN,7,CLE,0,0,0,0,0,0,0,0,5,52,0,6,0,0,0,0,0,0,0,0,0,0,,,,,
Duke Johnson,RB,HOU,7,GB,0,0,0,0,0,-1,0,1,5,43,0,5,0,0,0,0,0,0,0,0,0,0,,,,,
Dustin Hopkins,K,WAS,7,DAL,0,0,0,0,0,0,0,0,0,0,0,0,0,0,0,0,0,1,0,0,0,2,,,,,
Easton Stick,QB,LAC,7,JAX,4,0,1,1,0,-2,0,1,0,0,0,0,0,0,0,0,0,0,0,0,0,0,,,,,
Eric Ebron,TE,PIT,7,TEN,0,0,0,0,0,0,0,0,6,50,0,8,0,0,0,0,0,0,0,0,0,0,,,,,
Evan Engram,TE,NYG,7,PHI,0,0,0,0,0,3,0,2,6,46,0,9,0,0,0,0,0,0,0,0,0,0,,,,,
Ezekiel Elliott,RB,DAL,7,WAS,0,0,0,0,0,45,0,12,1,6,0,2,0,0,0,0,0,0,0,0,0,0,,,,,
Frank Gore,RB,NYJ,7,BUF,0,0,0,0,0,60,0,11,0,0,0,0,0,0,0,0,0,0,0,0,0,0,,,,,
Freddie Swain,WR,SEA,7,ARI,0,0,0,0,0,0,0,0,0,0,0,1,0,0,0,0,0,0,0,0,0,0,,,,,
GB,DEF,GB,7,HOU,,,,,,,,,,,,,,,,,,,,,,,0,0,0,0,20.0
Gabe Davis,WR,BUF,7,NYJ,0,0,0,0,0,0,0,0,1,11,0,3,0,0,0,0,0,0,0,0,0,0,,,,,
Gardner Minshew,QB,JAX,7,LAC,173,2,27,14,0,21,0,4,0,0,0,0,0,0,1,0,0,0,0,0,0,0,,,,,
Geoff Swaim,TE,TEN,7,PIT,0,0,0,0,0,0,0,0,0,0,0,1,0,0,0,0,0,0,0,0,0,0,,,,,
George Kittle,TE,SF,7,NE,0,0,0,0,0,0,0,0,5,55,0,7,0,0,0,0,0,0,0,0,0,0,,,,,
Gerald Everett,TE,LA,7,CHI,0,0,0,0,0,0,0,0,4,28,1,5,0,0,0,0,0,0,0,0,0,0,,,,,
Giovani Bernard,RB,CIN,7,CLE,0,0,0,0,0,37,0,13,5,59,1,5,0,0,0,0,0,0,0,0,0,0,,,,,
Golden Tate,WR,NYG,7,PHI,0,0,0,0,0,0,0,0,1,39,1,2,0,0,0,0,0,0,0,0,0,0,,,,,
Graham Gano,K,NYG,7,PHI,0,0,0,0,0,0,0,0,0,0,0,0,0,0,0,0,0,0,0,0,0,3,,,,,
Greg Olsen,TE,SEA,7,ARI,0,0,0,0,0,0,0,0,2,18,0,3,0,0,0,0,0,0,0,0,0,0,,,,,
Greg Ward,WR,PHI,7,NYG,0,0,0,0,0,0,0,0,5,42,1,6,0,0,0,0,0,0,0,0,0,0,,,,,
Greg Zuerlein,K,DAL,7,WAS,0,0,0,0,0,0,0,0,0,0,0,0,0,0,0,0,0,0,1,0,0,0,,,,,
Gunner Olszewski,WR,NE,7,SF,0,0,0,0,0,0,0,0,0,0,0,0,0,0,0,0,0,0,0,0,0,0,,,,,
HOU,DEF,HOU,7,GB,,,,,,,,,,,,,,,,,,,,,,,0,0,0,0,35.0
Hakeem Butler,WR,PHI,7,NYG,0,0,0,0,0,0,0,0,0,0,0,1,0,0,0,0,0,0,0,0,0,0,,,,,
Harrison Bryant,TE,CLE,7,CIN,0,0,0,0,0,0,0,0,4,56,2,5,0,0,0,0,0,0,0,0,0,0,,,,,
Harrison Butker,K,KC,7,DEN,0,0,0,0,0,0,0,0,0,0,0,0,0,0,0,0,1,1,1,0,0,4,,,,,
Hayden Hurst,TE,ATL,7,DET,0,0,0,0,0,0,0,0,6,68,0,7,0,0,0,0,0,0,0,0,0,0,,,,,
Henry Ruggs III,WR,LV,7,TB,0,0,0,0,0,10,0,1,2,35,0,3,0,0,0,0,0,0,0,0,0,0,,,,,
Hunter Henry,TE,LAC,7,JAX,0,0,0,0,0,0,0,0,3,23,0,7,0,0,0,0,0,0,0,0,0,0,,,,,
Hunter Renfrow,WR,LV,7,TB,0,0,0,0,0,0,0,0,4,42,0,6,0,0,0,0,0,0,0,0,0,0,,,,,
Ian Thomas,TE,CAR,7,NO,0,0,0,0,0,0,0,0,1,11,0,1,0,0,0,0,0,0,0,0,0,0,,,,,
Isaac Nauta,TE,DET,7,ATL,0,0,0,0,0,0,0,0,1,3,0,1,0,0,0,0,0,0,0,0,0,0,,,,,
Isaiah McKenzie,WR,BUF,7,NYJ,0,0,0,0,0,-11,0,1,2,14,0,2,0,0,0,0,0,0,0,0,0,0,,,,,
Ito Smith,RB,ATL,7,DET,0,0,0,0,0,0,0,0,0,0,0,1,0,0,0,0,0,0,0,0,0,0,,,,,
J.D. McKissic,RB,WAS,7,DAL,0,0,0,0,0,35,0,5,2,16,0,2,0,0,0,0,0,0,0,0,0,0,,,,,
J.J. Arcega-Whiteside,WR,PHI,7,NYG,0,0,0,0,0,0,0,0,1,8,0,1,0,0,0,0,0,0,0,0,0,0,,,,,
J.P. Holtz,TE,CHI,7,LA,0,0,0,0,0,0,0,0,0,0,0,0,0,0,0,0,0,0,0,0,0,0,,,,,
JAX,DEF,JAX,7,LAC,,,,,,,,,,,,,,,,,,,,,,,0,0,0,0,39.0
JaMycal Hasty,RB,SF,7,NE,0,0,0,0,0,57,0,9,1,16,0,1,0,0,0,0,0,0,0,0,0,0,,,,,
Jace Sternberger,TE,GB,7,HOU,0,0,0,0,0,0,0,0,1,3,1,1,0,0,0,0,0,0,0,0,0,0,,,,,
Jacob Hollister,TE,SEA,7,ARI,0,0,0,0,0,0,0,0,3,22,0,3,0,0,0,0,0,0,0,0,0,0,,,,,
Jaeden Graham,TE,ATL,7,DET,0,0,0,0,0,0,0,0,0,0,0,0,0,0,0,0,0,0,0,0,0,0,,,,,
Jake Elliott,K,PHI,7,NYG,0,0,0,0,0,0,0,0,0,0,0,0,0,0,0,0,0,1,0,0,0,1,,,,,
Jakob Johnson,RB,NE,7,SF,0,0,0,0,0,0,0,0,1,1,0,1,0,0,0,0,0,0,0,0,0,0,,,,,
Jakobi Meyers,WR,NE,7,SF,0,0,0,0,0,2,0,1,4,60,0,6,0,0,0,0,0,0,0,0,0,0,,,,,
Jalen Guyton,WR,LAC,7,JAX,0,0,0,0,0,0,0,0,2,84,1,3,0,0,0,0,0,0,0,0,0,0,,,,,
Jalen Hurts,QB,PHI,7,NYG,0,0,0,0,0,2,0,2,0,0,0,0,0,0,0,0,0,0,0,0,0,0,,,,,
Jalen Richard,RB,LV,7,TB,0,0,0,0,0,24,0,7,0,0,0,0,0,0,0,0,0,0,0,0,0,0,,,,,
Jamaal Williams,RB,GB,7,HOU,0,0,0,0,0,77,1,19,4,37,0,5,0,0,0,0,0,0,0,0,0,0,,,,,
Jamal Agnew,WR,DET,7,ATL,0,0,0,0,0,0,0,0,0,0,0,1,0,0,0,0,0,0,0,0,0,0,,,,,
James Conner,RB,PIT,7,TEN,0,0,0,0,0,82,0,20,3,29,0,5,0,0,0,0,0,0,0,0,0,0,,,,,
James O'Shaughnessy,TE,JAX,7,LAC,0,0,0,0,0,0,0,0,3,32,0,3,0,0,0,0,0,0,0,0,0,0,,,,,
James Robinson,RB,JAX,7,LAC,0,0,0,0,0,119,1,22,4,18,1,6,0,0,1,0,0,0,0,0,0,0,,,,,
James Washington,WR,PIT,7,TEN,0,0,0,0,0,0,0,0,0,0,0,1,0,0,0,0,0,0,0,0,0,0,,,,,
James White,RB,NE,7,SF,0,0,0,0,0,0,0,0,1,3,0,1,0,0,0,0,0,0,0,0,0,0,,,,,
Jared Cook,TE,NO,7,CAR,0,0,0,0,0,0,0,0,3,32,1,4,0,0,0,0,0,0,0,0,0,0,,,,,
Jared Goff,QB,LA,7,CHI,220,2,33,23,0,1,0,4,0,0,0,0,0,0,0,0,0,0,0,0,0,0,,,,,
Jarrett Stidham,QB,NE,7,SF,64,0,10,6,1,3,0,2,0,0,0,0,0,0,0,0,0,0,0,0,0,0,,,,,
Jarvis Landry,WR,CLE,7,CIN,19,0,1,1,0,4,0,2,5,48,0,6,0,0,0,0,0,0,0,0,0,0,,,,,
Jason Huntley,RB,PHI,7,NYG,0,0,0,0,0,13,0,2,0,0,0,1,0,0,0,0,0,0,0,0,0,0,,,,,
Jason Myers,K,SEA,7,ARI,0,0,0,0,0,0,0,0,0,0,0,0,0,0,0,0,0,0,2,0,0,4,,,,,
Jason Witten,TE,LV,7,TB,0,0,0,0,0,0,0,0,1,6,0,1,0,0,0,0,0,0,0,0,0,0,,,,,
Javon Wims,WR,CHI,7,LA,0,0,0,0,0,0,0,0,1,8,0,2,0,0,0,0,0,0,0,0,0,0,,,,,
Jaydon Mickens,WR,TB,7,LV,0,0,0,0,0,0,0,0,0,0,0,0,0,0,0,0,0,0,0,0,0,0,,,,,
Jaylen Samuels,RB,PIT,7,TEN,0,0,0,0,0,5,0,1,0,0,0,0,0,0,0,0,0,0,0,0,0,0,,,,,
Jeff Smith,WR,NYJ,7,BUF,0,0,0,0,0,0,0,0,0,0,0,1,0,0,0,0,0,0,0,0,0,0,,,,,
Jeff Wilson,RB,SF,7,NE,0,0,0,0,0,112,3,17,2,8,0,2,0,0,0,0,0,0,0,0,0,0,,,,,
Jeremy McNichols,RB,TEN,7,PIT,0,0,0,0,0,2,0,1,0,0,0,0,0,0,0,0,0,0,0,0,0,0,,,,,
Jeremy Sprinkle,TE,WAS,7,DAL,0,0,0,0,0,0,0,0,1,6,0,1,0,0,0,0,0,0,0,0,0,0,,,,,
Jerick McKinnon,RB,SF,7,NE,0,0,0,0,0,-1,0,3,0,0,0,0,0,0,0,0,0,0,0,0,0,0,,,,,
Jerry Jeudy,WR,DEN,7,KC,0,0,0,0,0,0,0,0,2,20,0,4,0,0,0,0,0,0,0,0,0,0,,,,,
Jesse James,TE,DET,7,ATL,0,0,0,0,0,0,0,0,0,0,0,0,0,0,0,0,0,0,0,0,0,0,,,,,
Jimmy Garoppolo,QB,SF,7,NE,277,0,25,20,2,4,0,1,0,0,0,0,0,0,0,0,0,0,0,0,0,0,,,,,
Jimmy Graham,TE,CHI,7,LA,0,0,0,0,0,0,0,0,5,31,0,6,0,0,0,0,0,0,0,0,0,0,,,,,
Joe Burrow,QB,CIN,7,CLE,406,3,47,35,1,34,1,6,0,0,0,0,0,0,0,0,0,0,0,0,0,0,,,,,
Joe Reed,WR,LAC,7,JAX,0,0,0,0,0,14,1,2,0,0,0,0,0,0,0,0,0,0,0,0,0,0,,,,,
Joey Slye,K,CAR,7,NO,0,0,0,0,0,0,0,0,0,0,0,0,0,0,0,0,0,0,1,0,0,3,,,,,
John Hightower,WR,PHI,7,NYG,0,0,0,0,0,0,0,0,1,59,0,2,0,0,0,0,0,0,0,0,0,0,,,,,
Johnny Mundt,TE,LA,7,CHI,0,0,0,0,0,0,0,0,3,48,0,3,0,0,0,0,0,0,0,0,0,0,,,,,
Jonnu Smith,TE,TEN,7,PIT,0,0,0,0,0,0,0,0,1,9,0,4,0,0,0,0,0,0,0,0,0,0,,,,,
Josh Allen,QB,BUF,7,NYJ,307,0,43,30,0,61,0,11,0,0,0,0,0,0,0,0,0,0,0,0,0,0,,,,,
Josh Hill,TE,NO,7,CAR,0,0,0,0,0,0,0,0,1,0,0,1,0,0,0,0,0,0,0,0,0,0,,,,,
Josh Jacobs,RB,LV,7,TB,0,0,0,0,0,17,0,10,3,14,0,4,0,0,0,0,0,0,0,0,0,0,,,,,
Josh Lambo,K,JAX,7,LAC,0,0,0,0,0,0,0,0,0,0,0,0,0,0,0,0,0,0,0,0,0,1,,,,,
Josh Reynolds,WR,LA,7,CHI,0,0,0,0,0,0,0,0,4,52,1,8,0,0,0,0,0,0,0,0,0,0,,,,,
Joshua Kelley,RB,LAC,7,JAX,0,0,0,0,0,29,0,12,5,24,0,5,0,0,0,0,0,0,0,0,0,0,,,,,
JuJu Smith-Schuster,WR,PIT,7,TEN,0,0,0,0,0,0,0,0,9,85,0,14,0,0,0,0,0,0,0,0,0,0,,,,,
Julian Edelman,WR,NE,7,SF,0,0,0,0,0,0,0,0,1,13,0,3,0,0,0,0,0,0,0,0,0,0,,,,,
Julio Jones,WR,ATL,7,DET,0,0,0,0,0,0,0,0,8,97,0,9,0,0,0,0,0,0,0,0,0,0,,,,,
Justin Herbert,QB,LAC,7,JAX,347,3,43,27,0,66,1,9,0,0,0,0,0,0,0,0,0,0,0,0,0,0,,,,,
Justin Jackson,RB,LAC,7,JAX,0,0,0,0,0,12,0,5,5,43,0,6,0,0,0,0,0,0,0,0,0,0,,,,,
KC,DEF,KC,7,DEN,,,,,,,,,,,,,,,,,,,,,,,1,0,0,0,16.0
KJ Hamler,WR,DEN,7,KC,0,0,0,0,0,10,0,1,2,24,0,3,0,0,0,0,0,0,0,0,0,0,,,,,
Ka'imi Fairbairn,K,HOU,7,GB,0,0,0,0,0,0,0,0,0,0,0,0,0,0,0,0,1,1,0,0,0,2,,,,,
Kaden Smith,TE,NYG,7,PHI,0,0,0,0,0,0,0,0,0,0,0,0,0,0,0,0,0,0,0,0,0,0,,,,,
Kalif Raymond,WR,TEN,7,PIT,0,0,0,0,0,0,0,0,0,0,0,0,0,0,0,0,0,0,0,0,0,0,,,,,
Kareem Hunt,RB,CLE,7,CIN,0,0,0,0,0,76,0,18,3,26,1,4,0,0,0,0,0,0,0,0,0,0,,,,,
Keelan Cole,WR,JAX,7,LAC,0,0,0,0,0,0,0,0,1,12,0,2,0,0,0,0,0,0,0,0,0,0,,,,,
Keenan Allen,WR,LAC,7,JAX,0,0,0,0,0,0,0,0,10,125,0,13,0,0,0,0,0,0,0,0,0,0,,,,,
Kendrick Bourne,WR,SF,7,NE,0,0,0,0,0,0,0,0,0,0,0,1,0,0,0,0,0,0,0,0,0,0,,,,,
Kenny Golladay,WR,DET,7,ATL,0,0,0,0,0,0,0,0,6,114,0,7,0,0,0,0,0,0,0,0,0,0,,,,,
Kenny Stills,WR,HOU,7,GB,0,0,0,0,0,0,0,0,2,34,0,4,0,0,0,0,0,0,0,0,0,0,,,,,
Kenyan Drake,RB,ARI,7,SEA,0,0,0,0,0,34,0,14,1,7,0,2,0,0,0,0,0,0,0,0,0,0,,,,,
Kyle Allen,QB,WAS,7,DAL,194,2,25,15,0,11,0,4,0,0,0,0,0,0,0,0,0,0,0,0,0,0,,,,,
Kyle Juszczyk,RB,SF,7,NE,0,0,0,0,0,18,1,4,1,18,0,2,0,0,0,0,0,0,0,0,0,0,,,,,
Kyler Murray,QB,ARI,7,SEA,360,3,48,34,1,67,1,14,0,0,0,0,0,0,0,0,0,0,0,0,0,0,,,,,
LA,DEF,LA,7,CHI,,,,,,,,,,,,,,,,,,,,,,,0,0,0,0,10.0
LAC,DEF,LAC,7,JAX,,,,,,,,,,,,,,,,,,,,,,,0,0,0,0,29.0
LV,DEF,LV,7,TB,,,,,,,,,,,,,,,,,,,,,,,0,0,0,0,45.0
La'Mical Perine,RB,NYJ,7,BUF,0,0,0,0,0,40,1,11,2,16,0,3,0,0,0,0,0,0,0,0,0,0,,,,,
Larry Fitzgerald,WR,ARI,7,SEA,0,0,0,0,0,0,0,0,8,62,0,8,0,0,0,0,0,0,0,0,0,0,,,,,
Latavius Murray,RB,NO,7,CAR,0,0,0,0,0,47,0,11,1,9,0,1,0,0,0,0,0,0,0,0,0,0,,,,,
Laviska Shenault Jr.,WR,JAX,7,LAC,0,0,0,0,0,0,0,1,3,44,0,3,0,0,0,0,0,0,0,0,0,0,,,,,
Le'Veon Bell,RB,KC,7,DEN,0,0,0,0,0,39,0,6,0,0,0,0,0,0,0,0,0,0,0,0,0,0,,,,,
Leonard Fournette,RB,TB,7,LV,0,0,0,0,0,50,0,11,6,47,0,7,0,0,0,0,0,0,0,0,0,0,,,,,
Logan Thomas,TE,WAS,7,DAL,0,0,0,0,0,0,0,0,4,60,1,4,0,0,0,0,0,0,0,0,0,0,,,,,
Luke Stocker,TE,ATL,7,DET,0,0,0,0,0,0,0,0,0,0,0,1,0,0,0,0,0,0,0,0,0,0,,,,,
Malcolm Brown,RB,LA,7,CHI,0,0,0,0,0,57,1,10,0,0,0,1,0,0,0,0,0,0,0,0,0,0,,,,,
Malik Taylor,WR,GB,7,HOU,0,0,0,0,0,0,0,0,2,6,1,2,0,0,0,0,0,0,0,0,0,0,,,,,
Marcedes Lewis,TE,GB,7,HOU,0,0,0,0,0,0,0,0,1,9,0,3,0,0,0,0,0,0,0,0,0,0,,,,,
Marcus Kemp,WR,KC,7,DEN,0,0,0,0,0,0,0,0,1,11,0,1,0,0,0,0,0,0,0,0,0,0,,,,,
Marquez Callaway,WR,NO,7,CAR,0,0,0,0,0,0,0,0,8,75,0,10,0,0,0,0,0,0,0,0,0,0,,,,,
Marquez Valdes-Scantling,WR,GB,7,HOU,0,0,0,0,0,9,0,1,0,0,0,4,0,0,0,0,0,0,0,0,0,0,,,,,
Marvin Hall,WR,DET,7,ATL,0,0,0,0,0,0,0,0,0,0,0,1,0,0,0,0,0,0,0,0,0,0,,,,,
Marvin Jones,WR,DET,7,ATL,0,0,0,0,0,0,0,0,5,80,0,6,0,0,0,0,0,0,0,0,0,0,,,,,
Mason Crosby,K,GB,7,HOU,0,0,0,0,0,0,0,0,0,0,0,0,0,0,0,0,0,0,0,0,0,5,,,,,
Matt Prater,K,DET,7,ATL,0,0,0,0,0,0,0,0,0,0,0,0,0,0,0,0,0,0,1,2,0,2,,,,,
Matt Ryan,QB,ATL,7,DET,338,1,42,31,0,0,0,0,0,0,0,0,0,0,1,0,0,0,0,0,0,0,,,,,
Matthew Stafford,QB,DET,7,ATL,340,1,36,25,0,8,0,1,0,0,0,0,0,0,0,0,0,0,0,0,0,0,,,,,
Mecole Hardman,WR,KC,7,DEN,0,0,0,0,0,13,0,1,2,57,0,2,0,0,0,0,0,0,0,0,0,0,,,,,
Melvin Gordon,RB,DEN,7,KC,0,0,0,0,0,68,1,17,2,12,0,4,0,0,0,0,0,0,0,0,0,0,,,,,
Michael Gallup,WR,DAL,7,WAS,0,0,0,0,0,0,0,0,0,0,0,2,0,0,0,0,0,0,0,0,0,0,,,,,
Mike Badgley,K,LAC,7,JAX,0,0,0,0,0,0,0,0,0,0,0,0,0,0,0,0,0,2,0,0,0,3,,,,,
Mike Davis,RB,CAR,7,NO,0,0,0,0,0,12,0,7,5,24,0,5,0,0,0,0,0,0,0,0,0,0,,,,,
Mike Evans,WR,TB,7,LV,0,0,0,0,0,0,0,0,2,37,0,2,0,0,0,0,0,0,0,0,0,0,,,,,
Mike Thomas,WR,CIN,7,CLE,0,0,0,0,0,0,0,0,2,54,0,3,0,0,0,0,0,0,0,0,0,0,,,,,
Mike Williams,WR,LAC,7,JAX,0,0,0,0,0,0,0,0,1,4,0,3,0,0,0,0,0,0,0,0,0,0,,,,,
N'Keal Harry,TE,NE,7,SF,0,0,0,0,0,0,0,0,1,6,0,2,0,0,0,0,0,0,0,0,0,0,,,,,
NE,DEF,NE,7,SF,,,,,,,,,,,,,,,,,,,,,,,0,0,0,0,33.0
NO,DEF,NO,7,CAR,,,,,,,,,,,,,,,,,,,,,,,0,0,0,0,24.0
NYG,DEF,NYG,7,PHI,,,,,,,,,,,,,,,,,,,,,,,0,0,0,0,22.0
NYJ,DEF,NYJ,7,BUF,,,,,,,,,,,,,,,,,,,,,,,0,0,0,0,18.0
Nelson Agholor,WR,LV,7,TB,0,0,0,0,0,0,0,0,5,107,1,9,0,0,0,0,0,0,0,0,0,0,,,,,
Nick Foles,QB,CHI,7,LA,261,0,40,28,2,0,0,0,0,0,0,0,0,0,0,0,0,0,0,0,0,0,,,,,
Nick Folk,K,NE,7,SF,0,0,0,0,0,0,0,0,0,0,0,0,0,0,0,0,0,0,2,0,0,0,,,,,
Nick Keizer,TE,KC,7,DEN,0,0,0,0,0,0,0,0,2,36,0,2,0,0,0,0,0,0,0,0,0,0,,,,,
Nick Vannett,TE,DEN,7,KC,0,0,0,0,0,0,0,0,2,25,0,3,0,0,0,0,0,0,0,0,0,0,,,,,
Noah Brown,WR,DAL,7,WAS,0,0,0,0,0,0,0,0,0,0,0,0,0,0,0,0,0,0,0,0,0,0,,,,,
Noah Fant,TE,DEN,7,KC,0,0,0,0,0,0,0,0,3,38,0,7,0,0,0,0,0,0,0,0,0,0,,,,,
Nsimba Webster,WR,LA,7,CHI,0,0,0,0,0,0,0,0,0,0,0,0,0,0,0,0,0,0,0,0,0,0,,,,,
Odell Beckham Jr.,WR,CLE,7,CIN,0,0,0,0,0,0,0,0,0,0,0,1,0,0,0,0,0,0,0,0,0,0,,,,,
Olamide Zaccheaus,WR,ATL,7,DET,0,0,0,0,0,0,0,1,0,0,0,0,0,0,0,0,0,0,0,0,0,0,,,,,
PHI,DEF,PHI,7,NYG,,,,,,,,,,,,,,,,,,,,,,,0,0,0,0,21.0
PIT,DEF,PIT,7,TEN,,,,,,,,,,,,,,,,,,,,,,,0,0,0,0,24.0
Patrick Mahomes,QB,KC,7,DEN,200,1,23,15,0,0,0,0,0,0,0,0,0,0,0,0,0,0,0,0,0,0,,,,,
Peyton Barber,RB,WAS,7,DAL,0,0,0,0,0,34,0,10,0,0,0,0,0,0,0,0,0,0,0,0,0,0,,,,,
Pharoh Cooper,WR,CAR,7,NO,0,0,0,0,0,0,0,0,0,0,0,0,0,0,0,0,0,0,0,0,0,0,,,,,
Phillip Lindsay,RB,DEN,7,KC,0,0,0,0,0,79,0,9,0,0,0,0,0,0,0,0,0,0,0,0,0,0,,,,,
Randall Cobb,WR,HOU,7,GB,0,0,0,0,0,0,0,0,8,95,0,10,0,0,0,0,0,0,0,0,0,0,,,,,
Randy Bullock,K,CIN,7,CLE,0,0,0,0,0,0,0,0,0,0,0,0,0,0,0,0,1,1,0,0,0,4,,,,,
Rashard Higgins,WR,CLE,7,CIN,0,0,0,0,0,0,0,0,6,110,0,6,0,0,0,0,0,0,0,0,0,0,,,,,
Ray-Ray McCloud,WR,PIT,7,TEN,0,0,0,0,0,0,0,0,2,12,0,2,0,0,0,0,0,0,0,0,0,0,,,,,
Raymond Calais,RB,LA,7,CHI,0,0,0,0,0,0,0,0,0,0,0,0,0,0,0,0,0,0,0,0,0,0,,,,,
Reggie Gilliam,RB,BUF,7,NYJ,0,0,0,0,0,0,0,0,1,15,0,1,0,0,0,0,0,0,0,0,0,0,,,,,
Rex Burkhead,RB,NE,7,SF,0,0,0,0,0,12,0,4,3,35,0,4,0,0,0,0,0,0,0,0,0,0,,,,,
Richard Rodgers,TE,PHI,7,NYG,0,0,0,0,0,0,0,0,6,85,0,8,0,0,0,0,0,0,0,0,0,0,,,,,
Richie James,WR,SF,7,NE,0,0,0,0,0,0,0,0,0,0,0,0,0,0,0,0,0,0,0,0,0,0,,,,,
Rico Gafford,WR,LV,7,TB,0,0,0,0,0,0,0,0,0,0,0,1,0,0,0,0,0,0,0,0,0,0,,,,,
Rob Gronkowski,TE,TB,7,LV,0,0,0,0,0,0,0,0,5,62,1,8,0,0,0,0,0,0,0,0,0,0,,,,,
Robbie Chosen,WR,CAR,7,NO,0,0,0,0,0,0,0,0,6,74,0,8,0,0,0,0,0,0,0,0,0,0,,,,,
Robbie Gould,K,SF,7,NE,0,0,0,0,0,0,0,0,0,0,0,0,0,0,0,0,0,1,1,0,0,3,,,,,
Robert Tonyan,TE,GB,7,HOU,0,0,0,0,0,0,0,0,2,32,0,2,0,0,0,0,0,0,0,0,0,0,,,,,
Robert Woods,WR,LA,7,CHI,0,0,0,0,0,23,0,4,3,22,0,5,0,0,0,0,0,0,0,0,0,0,,,,,
Ronald Jones,RB,TB,7,LV,0,0,0,0,0,34,1,13,1,2,0,2,0,0,0,0,0,0,0,0,0,0,,,,,
Royce Freeman,RB,DEN,7,KC,0,0,0,0,0,12,0,3,1,5,0,2,0,0,0,0,0,0,0,0,0,0,,,,,
Russell Gage,WR,ATL,7,DET,0,0,0,0,0,0,0,0,6,54,0,7,0,0,0,0,0,0,0,0,0,0,,,,,
Russell Wilson,QB,SEA,7,ARI,388,3,50,33,3,84,0,6,0,0,0,0,0,0,0,0,0,0,0,0,0,0,,,,,
Ryan Izzo,TE,NE,7,SF,0,0,0,0,0,0,0,0,1,8,0,1,0,0,0,0,0,0,0,0,0,0,,,,,
Ryan Succop,K,TB,7,LV,0,0,0,0,0,0,0,0,0,0,0,0,0,0,0,0,1,0,0,0,0,6,,,,,
Ryan Tannehill,QB,TEN,7,PIT,220,2,30,18,0,5,0,2,0,0,0,0,0,0,0,0,0,0,0,0,0,0,,,,,
SEA,DEF,SEA,7,ARI,,,,,,,,,,,,,,,,,,,,,,,0,0,0,0,37.0
SF,DEF,SF,7,NE,,,,,,,,,,,,,,,,,,,,,,,0,0,0,0,6.0
Sam Darnold,QB,NYJ,7,BUF,120,0,23,12,2,0,0,0,0,0,0,0,0,0,0,0,0,0,0,0,0,0,,,,,
Sam Sloman,K,LA,7,CHI,0,0,0,0,0,0,0,0,0,0,0,0,0,0,0,0,1,0,0,0,0,3,,,,,
Samaje Perine,RB,CIN,7,CLE,0,0,0,0,0,3,0,1,1,3,0,1,0,0,0,0,0,0,0,0,0,0,,,,,
Scott Miller,WR,TB,7,LV,0,0,0,0,0,0,0,0,6,109,1,9,0,0,0,0,0,0,0,0,0,0,,,,,
Sergio Castillo,K,NYJ,7,BUF,0,0,0,0,0,0,0,0,0,0,0,0,0,0,0,0,1,0,0,0,0,1,,,,,
Stefon Diggs,WR,BUF,7,NYJ,0,0,0,0,0,0,0,0,6,48,0,11,0,0,0,0,0,0,0,0,0,0,,,,,
Stephen Anderson,TE,LAC,7,JAX,0,0,0,0,0,0,0,0,0,0,0,0,0,0,0,0,0,0,0,0,0,0,,,,,
Stephen Carlson,TE,CLE,7,CIN,0,0,0,0,0,0,0,0,0,0,0,0,0,0,0,0,0,0,0,0,0,0,,,,,
Stephen Gostkowski,K,TEN,7,PIT,0,0,0,0,0,0,0,0,0,0,0,0,0,0,0,0,0,0,0,1,0,3,,,,,
Sterling Shepard,WR,NYG,7,PHI,0,0,0,0,0,0,0,0,6,59,1,8,0,0,0,0,0,0,0,0,0,0,,,,,
T.J. Hockenson,TE,DET,7,ATL,0,0,0,0,0,0,0,0,5,59,1,6,0,0,0,0,0,0,0,0,0,0,,,,,
TB,DEF,TB,7,LV,,,,,,,,,,,,,,,,,,,,,,,0,0,0,0,20.0
TEN,DEF,TEN,7,PIT,,,,,,,,,,,,,,,,,,,,,,,0,0,0,0,27.0
Taiwan Jones,RB,BUF,7,NYJ,0,0,0,0,0,0,0,0,0,0,0,0,0,0,0,0,0,0,0,0,0,0,,,,,
Tanner Hudson,TE,TB,7,LV,0,0,0,0,0,0,0,0,1,12,0,1,0,0,0,0,0,0,0,0,0,0,,,,,
Taysom Hill,TE,NO,7,CAR,0,0,1,1,0,6,0,1,0,0,0,0,0,0,0,0,0,0,0,0,0,0,,,,,
Teddy Bridgewater,QB,CAR,7,NO,254,2,28,23,0,10,0,2,0,0,0,0,0,0,0,0,0,0,0,0,0,0,,,,,
Tee Higgins,WR,CIN,7,CLE,0,0,0,0,0,7,0,1,5,71,1,5,0,0,0,0,0,0,0,0,0,0,,,,,
Temarrick Hemingway,TE,WAS,7,DAL,0,0,0,0,0,0,0,0,0,0,0,1,0,0,0,0,0,0,0,0,0,0,,,,,
Terry McLaurin,WR,WAS,7,DAL,0,0,0,0,0,0,0,0,7,90,1,11,0,0,0,0,0,0,0,0,0,0,,,,,
Tim Boyle,QB,GB,7,HOU,0,0,0,0,0,-1,0,2,0,0,0,0,0,0,0,0,0,0,0,0,0,0,,,,,
Tim Patrick,WR,DEN,7,KC,0,0,0,0,0,0,0,0,3,44,0,4,0,0,0,0,0,0,0,0,0,0,,,,,
Todd Gurley,RB,ATL,7,DET,0,0,0,0,0,63,2,23,2,19,0,3,0,0,0,0,0,0,0,0,0,0,,,,,
Tom Brady,QB,TB,7,LV,369,4,45,33,0,1,1,1,0,0,0,0,0,0,0,0,0,0,0,0,0,0,,,,,
Tony Pollard,RB,DAL,7,WAS,0,0,0,0,0,16,0,8,1,6,0,1,0,0,0,0,0,0,0,0,0,0,,,,,
Travis Fulgham,WR,PHI,7,NYG,0,0,0,0,0,0,0,0,5,73,0,11,0,0,0,0,0,0,0,0,0,0,,,,,
Travis Homer,RB,SEA,7,ARI,0,0,0,0,0,10,0,3,0,0,0,0,0,0,0,0,0,0,0,0,0,0,,,,,
Travis Kelce,TE,KC,7,DEN,0,0,0,0,0,0,0,0,3,31,0,3,0,0,0,0,0,0,0,0,0,0,,,,,
Tre'Quan Smith,WR,NO,7,CAR,0,0,0,0,0,0,0,0,4,54,0,4,0,0,0,0,0,0,0,0,0,0,,,,,
Trent Taylor,WR,SF,7,NE,0,0,0,0,0,0,0,0,0,0,0,0,0,0,0,0,0,0,0,0,0,0,,,,,
Trenton Cannon,RB,CAR,7,NO,0,0,0,0,0,7,0,1,0,0,0,0,0,0,0,0,0,0,0,0,0,0,,,,,
Trevon Wesco,TE,NYJ,7,BUF,0,0,0,0,0,0,0,0,0,0,0,1,0,0,0,0,0,0,0,0,0,0,,,,,
Troymaine Pope,RB,LAC,7,JAX,0,0,0,0,0,6,0,1,0,0,0,0,0,0,0,0,0,0,0,0,0,0,,,,,
Ty Johnson,RB,NYJ,7,BUF,0,0,0,0,0,0,0,0,0,0,0,0,0,0,0,0,0,0,0,0,0,0,,,,,
Tyler Bass,K,BUF,7,NYJ,0,0,0,0,0,0,0,0,0,0,0,0,0,0,0,0,1,1,3,1,0,0,,,,,
Tyler Boyd,WR,CIN,7,CLE,16,0,1,1,0,0,0,0,11,101,1,13,0,0,0,0,0,0,0,0,0,0,,,,,
Tyler Johnson,WR,TB,7,LV,0,0,0,0,0,0,0,0,2,4,1,2,0,0,0,0,0,0,0,0,0,0,,,,,
Tyler Kroft,TE,BUF,7,NYJ,0,0,0,0,0,0,0,0,4,64,0,4,0,0,0,0,0,0,0,0,0,0,,,,,
Tyler Lockett,WR,SEA,7,ARI,0,0,0,0,0,0,0,0,15,200,3,20,0,0,0,0,0,0,0,0,0,0,,,,,
Tyreek Hill,WR,KC,7,DEN,0,0,0,0,0,0,0,0,6,55,1,10,0,0,0,0,0,0,0,0,0,0,,,,,
Tyrie Cleveland,WR,DEN,7,KC,0,0,0,0,0,0,0,0,0,0,0,1,0,0,0,0,0,0,0,0,0,0,,,,,
Tyron Johnson,WR,LAC,7,JAX,0,0,0,0,0,10,0,2,0,0,0,1,0,0,0,0,0,0,0,0,0,0,,,,,
Van Jefferson,WR,LA,7,CHI,0,0,0,0,0,0,0,0,1,14,0,1,0,0,0,0,0,0,0,0,0,0,,,,,
Vance McDonald,TE,PIT,7,TEN,0,0,0,0,0,0,0,0,2,14,0,2,0,0,0,0,0,0,0,0,0,0,,,,,
Virgil Green,TE,LAC,7,JAX,0,0,0,0,0,0,0,0,1,26,1,2,0,0,0,0,0,0,0,0,0,0,,,,,
Vyncint Smith,WR,NYJ,7,BUF,0,0,0,0,0,0,0,0,0,0,0,0,0,0,0,0,0,0,0,0,0,0,,,,,
WAS,DEF,WAS,7,DAL,,,,,,,,,,,,,,,,,,,,,,,0,1,0,0,3.0
Wayne Gallman,RB,NYG,7,PHI,0,0,0,0,0,34,1,10,5,20,0,5,0,0,0,0,0,0,0,0,0,0,,,,,
Wil Lutz,K,NO,7,CAR,0,0,0,0,0,0,0,0,0,0,0,0,0,0,0,0,0,0,2,0,0,3,,,,,
Will Dissly,TE,SEA,7,ARI,0,0,0,0,0,0,0,0,2,38,0,4,0,0,0,0,0,0,0,0,0,0,,,,,
Will Fuller,WR,HOU,7,GB,0,0,0,0,0,0,0,0,3,35,1,6,0,0,0,0,0,0,0,0,0,0,,,,,
Younghoe Koo,K,ATL,7,DET,0,0,0,0,0,0,0,0,0,0,0,0,0,0,0,0,0,0,0,0,0,2,,,,,
Zack Moss,RB,BUF,7,NYJ,0,0,0,0,0,47,0,7,3,25,0,3,0,0,0,0,0,0,0,0,0,0,,,,,
Zane Gonzalez,K,ARI,7,SEA,0,0,0,0,0,0,0,0,0,0,0,0,0,0,0,0,0,0,3,0,0,4,,,,,
A.J. Brown,WR,TEN,8,CIN,0,0,0,0,0,0,0,0,4,24,1,7,0,0,0,0,0,0,0,0,0,0,,,,,
A.J. Green,WR,CIN,8,TEN,0,0,0,0,0,0,0,0,2,19,0,5,0,0,0,0,0,0,0,0,0,0,,,,,
AJ Dillon,RB,GB,8,MIN,0,0,0,0,0,21,0,5,1,16,0,1,0,0,0,0,0,0,0,0,0,0,,,,,
ATL,DEF,ATL,8,CAR,,,,,,,,,,,,,,,,,,,,,,,0,0,0,0,17.0
Aaron Rodgers,QB,GB,8,MIN,291,3,41,27,0,9,0,2,0,0,0,0,0,0,0,0,0,0,0,0,0,0,,,,,
Adam Humphries,WR,TEN,8,CIN,0,0,0,0,0,0,0,0,0,0,0,2,0,0,0,0,0,0,0,0,0,0,,,,,
Adam Shaheen,TE,MIA,8,LA,0,0,0,0,0,0,0,0,0,0,0,1,0,0,0,0,0,0,0,0,0,0,,,,,
Adam Thielen,WR,MIN,8,GB,0,0,0,0,0,0,0,0,3,27,0,4,0,0,0,0,0,0,0,0,0,0,,,,,
Adrian Peterson,RB,DET,8,IND,0,0,0,0,0,7,0,5,1,5,0,1,0,0,0,0,0,0,0,0,0,0,,,,,
Albert Okwuegbunam,TE,DEN,8,LAC,0,0,0,0,0,0,0,0,1,9,1,1,0,0,0,0,0,0,0,0,0,0,,,,,
Alex Erickson,WR,CIN,8,TEN,0,0,0,0,0,0,0,0,0,0,0,0,0,0,0,0,0,0,0,0,0,0,,,,,
Alexander Mattison,RB,MIN,8,GB,0,0,0,0,0,8,0,3,0,0,0,0,0,0,0,0,0,0,0,0,0,0,,,,,
Alfred Morris,RB,NYG,8,TB,0,0,0,0,0,28,0,8,0,0,0,0,0,0,0,0,0,0,0,0,0,0,,,,,
Allen Robinson,WR,CHI,8,NO,0,0,0,0,0,0,0,0,6,87,1,7,0,0,0,0,0,0,0,0,0,0,,,,,
Alvin Kamara,RB,NO,8,CHI,0,0,0,0,0,67,0,12,9,96,0,13,0,0,0,0,0,0,0,0,0,0,,,,,
Amari Cooper,WR,DAL,8,PHI,0,0,0,0,0,0,0,0,1,5,0,5,0,0,0,0,0,0,0,0,0,0,,,,,
Ameer Abdullah,RB,MIN,8,GB,0,0,0,0,0,0,0,0,0,0,0,0,0,0,0,0,0,0,0,0,0,0,,,,,
Andre Roberts,WR,BUF,8,NE,0,0,0,0,0,0,0,0,0,0,0,0,0,0,0,0,0,0,0,0,0,0,,,,,
Anthony Firkser,TE,TEN,8,CIN,0,0,0,0,0,0,0,0,2,36,0,3,0,0,0,0,0,0,0,0,0,0,,,,,
Anthony McFarland,RB,PIT,8,BAL,0,0,0,0,0,1,0,1,0,0,0,0,0,0,0,0,0,0,0,0,0,0,,,,,
Anthony Miller,WR,CHI,8,NO,0,0,0,0,0,0,0,0,8,73,0,11,0,0,0,0,0,0,0,0,0,0,,,,,
Ashton Dulin,WR,IND,8,DET,0,0,0,0,0,0,0,0,1,13,0,1,0,0,0,0,0,0,0,0,0,0,,,,,
Auden Tate,WR,CIN,8,TEN,0,0,0,0,0,0,0,0,7,65,0,7,0,0,0,0,0,0,0,0,0,0,,,,,
Austin Carr,WR,NO,8,CHI,0,0,0,0,0,0,0,0,1,10,0,1,0,0,0,0,0,0,0,0,0,0,,,,,
BAL,DEF,BAL,8,PIT,,,,,,,,,,,,,,,,,,,,,,,0,0,0,0,28.0
BUF,DEF,BUF,8,NE,,,,,,,,,,,,,,,,,,,,,,,0,0,0,0,21.0
Baker Mayfield,QB,CLE,8,LV,122,0,25,12,0,29,0,6,0,0,0,0,0,0,0,0,0,0,0,0,0,0,,,,,
Ben DiNucci,QB,DAL,8,PHI,180,0,40,21,0,22,0,5,0,0,0,0,0,0,0,0,0,0,0,0,0,0,,,,,
Ben Roethlisberger,QB,PIT,8,BAL,182,2,32,21,0,0,0,0,0,0,0,0,0,0,0,0,0,0,0,0,0,0,,,,,
Boston Scott,RB,PHI,8,DAL,0,0,0,0,0,70,0,15,2,9,0,2,0,0,0,0,0,0,0,0,0,0,,,,,
Brandon Aiyuk,WR,SF,8,SEA,0,0,0,0,0,0,0,0,8,91,1,10,0,0,0,0,0,0,0,0,0,0,,,,,
Brandon McManus,K,DEN,8,LAC,0,0,0,0,0,0,0,0,0,0,0,0,0,0,0,0,0,1,0,0,0,4,,,,,
Brandon Powell,WR,ATL,8,CAR,0,0,0,0,0,0,0,0,0,0,0,0,0,0,0,0,0,0,0,0,0,0,,,,,
Braxton Berrios,WR,NYJ,8,KC,0,0,0,0,0,0,0,0,8,34,0,11,0,0,0,0,0,0,0,0,0,0,,,,,
Brian Hill,RB,ATL,8,CAR,0,0,0,0,0,55,0,11,2,9,0,3,0,0,0,0,0,0,0,0,0,0,,,,,
Byron Pringle,WR,KC,8,NYJ,0,0,0,0,0,0,0,0,3,22,0,4,0,0,0,0,0,0,0,0,0,0,,,,,
CAR,DEF,CAR,8,ATL,,,,,,,,,,,,,,,,,,,,,,,0,0,0,0,25.0
CHI,DEF,CHI,8,NO,,,,,,,,,,,,,,,,,,,,,,,0,0,0,0,26.0
CIN,DEF,CIN,8,TEN,,,,,,,,,,,,,,,,,,,,,,,0,0,0,0,20.0
CLE,DEF,CLE,8,LV,,,,,,,,,,,,,,,,,,,,,,,0,0,0,0,16.0
Cairo Santos,K,CHI,8,NO,0,0,0,0,0,0,0,0,0,0,0,0,0,0,0,0,1,0,1,1,0,2,,,,,
Calvin Ridley,WR,ATL,8,CAR,0,0,0,0,0,0,0,0,3,42,0,4,0,0,0,0,0,0,0,0,0,0,,,,,
Cam Akers,RB,LA,8,MIA,0,0,0,0,0,35,0,9,1,19,0,1,0,0,0,0,0,0,0,0,0,0,,,,,
Cam Newton,QB,NE,8,BUF,174,0,25,15,0,54,1,9,0,0,0,0,0,0,1,0,0,0,0,0,0,0,,,,,
Cameron Brate,TE,TB,8,NYG,0,0,0,0,0,0,0,0,2,35,0,2,0,0,0,0,0,0,0,0,0,0,,,,,
Carson Wentz,QB,PHI,8,DAL,123,2,27,15,2,17,0,4,0,0,0,0,0,0,1,0,0,0,0,0,0,0,,,,,
Cedrick Wilson Jr.,WR,DAL,8,PHI,0,0,0,0,0,-11,0,2,0,0,0,2,0,0,0,0,0,0,0,0,0,0,,,,,
CeeDee Lamb,WR,DAL,8,PHI,0,0,0,0,0,19,0,1,4,27,0,5,0,0,0,0,0,0,0,0,0,0,,,,,
Cethan Carter,TE,CIN,8,TEN,0,0,0,0,0,0,0,0,1,2,0,1,0,0,0,0,0,0,0,0,0,0,,,,,
Chad Beebe,WR,MIN,8,GB,0,0,0,0,0,0,0,0,1,16,0,1,0,0,0,0,0,0,0,0,0,0,,,,,
Chad Henne,QB,KC,8,NYJ,17,0,4,3,0,0,0,1,0,0,0,0,0,0,0,0,0,0,0,0,0,0,,,,,
Chase Claypool,WR,PIT,8,BAL,0,0,0,0,0,0,0,0,5,42,1,9,0,0,0,0,0,0,0,0,0,0,,,,,
Chris Boswell,K,PIT,8,BAL,0,0,0,0,0,0,0,0,0,0,0,0,0,0,0,0,0,0,0,0,0,4,,,,,
Chris Herndon,TE,NYJ,8,KC,0,0,0,0,0,0,0,0,1,3,0,2,0,0,0,0,0,0,0,0,0,0,,,,,
Chris Manhertz,TE,CAR,8,ATL,0,0,0,0,0,0,0,0,1,6,0,1,0,0,0,0,0,0,0,0,0,0,,,,,
Chris Moore,WR,BAL,8,PIT,0,0,0,0,0,0,0,0,0,0,0,0,0,0,0,0,0,0,0,0,0,0,,,,,
Christian Blake,WR,ATL,8,CAR,0,0,0,0,0,0,0,0,2,14,0,2,0,0,0,0,0,0,0,0,0,0,,,,,
Clyde Edwards-Helaire,RB,KC,8,NYJ,0,0,0,0,0,21,0,6,3,10,0,3,0,0,0,0,0,0,0,0,0,0,,,,,
Cody Parkey,K,CLE,8,LV,0,0,0,0,0,0,0,0,0,0,0,0,0,0,0,0,0,1,1,0,0,0,,,,,
Cole Beasley,WR,BUF,8,NE,0,0,0,0,0,0,0,0,2,24,0,2,0,0,0,0,0,0,0,0,0,0,,,,,
Cole Kmet,TE,CHI,8,NO,0,0,0,0,0,0,0,0,1,2,0,1,0,0,0,0,0,0,0,0,0,0,,,,,
Colin Thompson,TE,CAR,8,ATL,0,0,0,0,0,0,0,0,0,0,0,1,0,0,0,0,0,0,0,0,0,0,,,,,
Cooper Kupp,WR,LA,8,MIA,0,0,0,0,0,0,0,0,11,110,0,20,0,0,0,0,0,0,0,0,0,0,,,,,
Cordarrelle Patterson,RB,CHI,8,NO,0,0,0,0,0,4,0,1,2,1,0,2,0,0,0,0,0,0,0,0,0,0,,,,,
Corey Clement,RB,PHI,8,DAL,0,0,0,0,0,24,0,5,1,4,0,2,0,0,0,0,0,0,0,0,0,0,,,,,
Corey Davis,WR,TEN,8,CIN,0,0,0,0,0,0,0,0,8,128,1,10,0,0,0,0,0,0,0,0,0,0,,,,,
Curtis Samuel,WR,CAR,8,ATL,0,0,0,0,0,23,1,3,4,31,1,5,0,0,0,0,0,0,0,0,0,0,,,,,
D'Andre Swift,RB,DET,8,IND,0,0,0,0,0,1,0,6,3,22,0,4,0,0,0,0,0,0,0,0,0,0,,,,,
D'Ernest Johnson,RB,CLE,8,LV,0,0,0,0,0,6,0,2,1,5,0,1,0,0,0,0,0,0,0,0,0,0,,,,,
D'Onta Foreman,RB,TEN,8,CIN,0,0,0,0,0,37,0,5,0,0,0,0,0,0,0,0,0,0,0,0,0,0,,,,,
DAL,DEF,DAL,8,PHI,,,,,,,,,,,,,,,,,,,,,,,0,0,0,0,23.0
DEN,DEF,DEN,8,LAC,,,,,,,,,,,,,,,,,,,,,,,0,0,0,0,30.0
DET,DEF,DET,8,IND,,,,,,,,,,,,,,,,,,,,,,,0,0,0,0,41.0
DJ Moore,WR,CAR,8,ATL,0,0,0,0,0,0,0,0,2,55,0,6,0,0,0,0,0,0,0,0,0,0,,,,,
DK Metcalf,WR,SEA,8,SF,0,0,0,0,0,0,0,0,12,161,2,15,0,0,0,0,0,0,0,0,0,0,,,,,
DaeSean Hamilton,WR,DEN,8,LAC,0,0,0,0,0,0,0,0,4,82,1,5,0,0,0,0,0,0,0,0,0,0,,,,,
Dallas Goedert,TE,PHI,8,DAL,0,0,0,0,0,0,0,0,1,15,0,1,0,0,0,0,0,0,0,0,0,0,,,,,
Dalton Schultz,TE,DAL,8,PHI,0,0,0,0,0,0,0,0,6,53,0,8,0,0,0,0,0,0,0,0,0,0,,,,,
Dalvin Cook,RB,MIN,8,GB,0,0,0,0,0,163,3,30,2,63,1,3,0,0,0,0,0,0,0,0,0,0,,,,,
Damien Harris,RB,NE,8,BUF,0,0,0,0,0,102,1,16,0,0,0,0,0,0,0,0,0,0,0,0,0,0,,,,,
Damiere Byrd,WR,NE,8,BUF,0,0,0,0,0,0,0,0,3,39,0,4,0,0,0,0,0,0,0,0,0,0,,,,,
Dan Bailey,K,MIN,8,GB,0,0,0,0,0,0,0,0,0,0,0,0,0,0,0,0,0,0,0,0,0,4,,,,,
Daniel Carlson,K,LV,8,CLE,0,0,0,0,0,0,0,0,0,0,0,0,0,0,0,0,2,1,0,0,0,1,,,,,
Daniel Jones,QB,NYG,8,TB,256,2,41,25,2,20,0,3,0,0,0,0,0,0,0,0,0,0,0,0,0,0,,,,,
Danny Amendola,WR,DET,8,IND,0,0,0,0,0,0,0,0,3,54,0,4,0,0,0,0,0,0,0,0,0,0,,,,,
Dante Pettis,WR,SF,8,SEA,0,0,0,0,0,0,0,0,0,0,0,0,0,0,0,0,0,0,0,0,0,0,,,,,
Darius Slayton,WR,NYG,8,TB,0,0,0,0,0,0,0,0,5,56,0,9,0,0,0,0,0,0,0,0,0,0,,,,,
Darnell Mooney,WR,CHI,8,NO,0,0,0,0,0,0,0,0,5,69,1,6,0,0,0,0,0,0,0,0,0,0,,,,,
Darrel Williams,RB,KC,8,NYJ,0,0,0,0,0,19,0,3,1,7,0,1,0,0,0,0,0,0,0,0,0,0,,,,,
Darrell Henderson,RB,LA,8,MIA,0,0,0,0,0,47,0,8,1,11,0,2,0,0,0,0,0,0,0,0,0,0,,,,,
Darren Waller,TE,LV,8,CLE,0,0,0,0,0,0,0,0,5,27,0,6,0,0,0,0,0,0,0,0,0,0,,,,,
Darrius Shepherd,WR,GB,8,MIN,0,0,0,0,0,0,0,0,1,6,0,1,0,0,0,0,0,0,0,0,0,0,,,,,
Darwin Thompson,RB,KC,8,NYJ,0,0,0,0,0,3,0,4,0,0,0,1,0,0,0,0,0,0,0,0,0,0,,,,,
Davante Adams,WR,GB,8,MIN,0,0,0,0,0,0,0,0,7,53,3,11,0,0,0,0,0,0,0,0,0,0,,,,,
David Montgomery,RB,CHI,8,NO,0,0,0,0,0,89,0,21,2,16,0,5,0,0,0,0,0,0,0,0,0,0,,,,,
David Moore,WR,SEA,8,SF,0,0,0,0,0,28,0,2,3,18,1,3,0,0,0,0,0,0,0,0,0,0,,,,,
David Njoku,TE,CLE,8,LV,0,0,0,0,0,0,0,0,1,19,0,3,0,0,0,0,0,0,0,0,0,0,,,,,
DeVante Parker,WR,MIA,8,LA,0,0,0,0,0,0,0,0,1,3,1,2,0,0,0,0,0,0,0,0,0,0,,,,,
DeeJay Dallas,RB,SEA,8,SF,0,0,0,0,0,41,1,18,5,17,1,5,0,0,0,0,0,0,0,0,0,0,,,,,
Demarcus Robinson,WR,KC,8,NYJ,0,0,0,0,0,0,0,0,4,63,1,5,0,0,0,0,0,0,0,0,0,0,,,,,
Demetrius Harris,TE,CHI,8,NO,0,0,0,0,0,0,0,0,0,0,0,0,0,0,0,0,0,0,0,0,0,0,,,,,
Denzel Mims,WR,NYJ,8,KC,0,0,0,0,0,0,0,0,2,42,0,3,0,0,0,0,0,0,0,0,0,0,,,,,
Deon Yelder,TE,KC,8,NYJ,0,0,0,0,0,0,0,0,1,5,0,1,0,0,0,0,0,0,0,0,0,0,,,,,
Deonte Harty,WR,NO,8,CHI,0,0,0,0,0,-2,0,1,3,19,0,3,0,0,0,0,0,0,0,0,0,0,,,,,
Derek Carr,QB,LV,8,CLE,111,1,24,15,0,41,0,6,0,0,0,0,0,0,0,0,0,0,0,0,0,0,,,,,
Derrick Henry,RB,TEN,8,CIN,0,0,0,0,0,112,1,18,0,0,0,1,0,0,0,0,0,0,0,0,0,0,,,,,
Devin Duvernay,WR,BAL,8,PIT,0,0,0,0,0,0,0,0,1,39,0,3,0,0,0,0,0,0,0,0,0,0,,,,,
Devin Singletary,RB,BUF,8,NE,0,0,0,0,0,86,0,14,1,6,0,1,0,0,0,0,0,0,0,0,0,0,,,,,
Devontae Booker,RB,LV,8,CLE,0,0,0,0,0,29,0,5,1,17,0,1,0,0,0,0,0,0,0,0,0,0,,,,,
Dion Lewis,RB,NYG,8,TB,0,0,0,0,0,0,0,0,2,8,1,3,0,0,0,0,0,0,0,0,0,0,,,,,
Diontae Johnson,WR,PIT,8,BAL,0,0,0,0,0,0,0,0,1,6,0,3,0,0,0,0,0,0,0,0,0,0,,,,,
Donovan Peoples-Jones,WR,CLE,8,LV,0,0,0,0,0,0,0,0,0,0,0,0,0,0,0,0,0,0,0,0,0,0,,,,,
Drew Brees,QB,NO,8,CHI,280,2,41,31,0,4,0,3,0,0,0,0,0,0,0,0,0,0,0,0,0,0,,,,,
Drew Lock,QB,DEN,8,LAC,248,3,41,26,1,-1,0,2,0,0,0,0,0,0,0,0,0,0,0,0,0,0,,,,,
Drew Sample,TE,CIN,8,TEN,0,0,0,0,0,0,0,0,0,0,0,1,0,0,0,0,0,0,0,0,0,0,,,,,
Durham Smythe,TE,MIA,8,LA,0,0,0,0,0,0,0,0,2,16,0,2,0,0,0,0,0,0,0,0,0,0,,,,,
Dwayne Harris,WR,CHI,8,NO,0,0,0,0,0,0,0,0,0,0,0,0,0,0,0,0,0,0,0,0,0,0,,,,,
Dwayne Washington,RB,NO,8,CHI,0,0,0,0,0,0,0,0,0,0,0,0,0,0,0,0,0,0,0,0,0,0,,,,,
Equanimeous St. Brown,WR,GB,8,MIN,0,0,0,0,0,0,0,0,1,12,0,3,0,0,0,0,0,0,0,0,0,0,,,,,
Eric Ebron,TE,PIT,8,BAL,0,0,0,0,0,0,0,0,4,48,1,5,0,0,0,0,0,0,0,0,0,0,,,,,
Evan Engram,TE,NYG,8,TB,0,0,0,0,0,9,0,1,5,61,0,10,0,0,0,0,0,0,0,0,0,0,,,,,
Ezekiel Elliott,RB,DAL,8,PHI,0,0,0,0,0,63,0,19,1,10,0,2,0,0,0,0,0,0,0,0,0,0,,,,,
Foster Moreau,TE,LV,8,CLE,0,0,0,0,0,0,0,0,0,0,0,1,0,0,0,0,0,0,0,0,0,0,,,,,
Frank Gore,RB,NYJ,8,KC,0,0,0,0,0,30,0,10,0,0,0,0,0,0,0,0,0,0,0,0,0,0,,,,,
GB,DEF,GB,8,MIN,,,,,,,,,,,,,,,,,,,,,,,0,0,0,0,28.0
Gabe Davis,WR,BUF,8,NE,0,0,0,0,0,0,0,0,0,0,0,2,0,0,0,0,0,0,0,0,0,0,,,,,
George Kittle,TE,SF,8,SEA,0,0,0,0,0,0,0,0,2,39,0,4,0,0,0,0,0,0,0,0,0,0,,,,,
Gerald Everett,TE,LA,8,MIA,0,0,0,0,0,0,0,0,5,32,0,9,0,0,0,0,0,0,0,0,0,0,,,,,
Giovani Bernard,RB,CIN,8,TEN,0,0,0,0,0,62,1,15,3,16,1,4,0,0,0,0,0,0,0,0,0,0,,,,,
Golden Tate,WR,NYG,8,TB,18,0,1,1,0,0,0,0,2,31,1,3,0,0,0,0,0,0,0,0,0,0,,,,,
Graham Gano,K,NYG,8,TB,0,0,0,0,0,0,0,0,0,0,0,0,0,0,0,0,0,1,0,0,0,2,,,,,
Greg Olsen,TE,SEA,8,SF,0,0,0,0,0,0,0,0,0,0,0,4,0,0,0,0,0,0,0,0,0,0,,,,,
Greg Ward,WR,PHI,8,DAL,0,0,0,0,0,2,0,1,3,10,0,5,0,0,0,0,0,0,0,0,0,0,,,,,
Greg Zuerlein,K,DAL,8,PHI,0,0,0,0,0,0,0,0,0,0,0,0,0,0,0,0,0,0,2,1,0,0,,,,,
Gunner Olszewski,WR,NE,8,BUF,0,0,0,0,0,6,0,1,0,0,0,0,0,0,0,0,0,0,0,0,0,0,,,,,
Gus Edwards,RB,BAL,8,PIT,0,0,0,0,0,87,1,16,0,0,0,1,0,0,0,0,0,0,0,0,0,0,,,,,
Harrison Bryant,TE,CLE,8,LV,0,0,0,0,0,0,0,0,3,25,0,3,0,0,0,0,0,0,0,0,0,0,,,,,
Harrison Butker,K,KC,8,NYJ,0,0,0,0,0,0,0,0,0,0,0,0,0,0,0,0,0,0,0,0,0,5,,,,,
Hayden Hurst,TE,ATL,8,CAR,0,0,0,0,0,0,0,0,5,54,0,7,0,0,0,0,0,0,0,0,0,0,,,,,
Henry Ruggs III,WR,LV,8,CLE,0,0,0,0,0,1,0,1,2,8,0,4,0,0,0,0,0,0,0,0,0,0,,,,,
Hunter Henry,TE,LAC,8,DEN,0,0,0,0,0,0,0,0,4,33,0,4,0,0,0,0,0,0,0,0,0,0,,,,,
Hunter Renfrow,WR,LV,8,CLE,0,0,0,0,0,0,0,0,4,26,1,4,0,0,0,0,0,0,0,0,0,0,,,,,
IND,DEF,IND,8,DET,,,,,,,,,,,,,,,,,,,,,,,1,0,0,0,21.0
Ian Thomas,TE,CAR,8,ATL,0,0,0,0,0,0,0,0,3,28,0,3,0,0,0,0,0,0,0,0,0,0,,,,,
Irv Smith,TE,MIN,8,GB,0,0,0,0,0,0,0,0,1,16,0,1,0,0,0,0,0,0,0,0,0,0,,,,,
Isaiah Ford,WR,MIA,8,LA,0,0,0,0,0,0,0,0,1,10,0,1,0,0,0,0,0,0,0,0,0,0,,,,,
Isaiah Zuber,WR,NE,8,BUF,0,0,0,0,0,0,0,0,1,13,0,1,0,0,0,0,0,0,0,0,0,0,,,,,
J.K. Dobbins,RB,BAL,8,PIT,0,0,0,0,0,113,0,15,1,8,0,2,0,0,0,0,0,0,0,0,0,0,,,,,
J.P. Holtz,TE,CHI,8,NO,0,0,0,0,0,0,0,0,0,0,0,0,0,0,0,0,0,0,0,0,0,0,,,,,
JaMycal Hasty,RB,SF,8,SEA,0,0,0,0,0,29,1,12,1,2,0,1,0,0,0,0,0,0,0,0,0,0,,,,,
Jace Sternberger,TE,GB,8,MIN,0,0,0,0,0,0,0,0,3,46,0,4,0,0,0,0,0,0,0,0,0,0,,,,,
Jack Doyle,TE,IND,8,DET,0,0,0,0,0,0,0,0,2,18,1,3,0,0,0,0,0,0,0,0,0,0,,,,,
Jacob Hollister,TE,SEA,8,SF,0,0,0,0,0,0,0,0,1,6,0,2,0,0,0,0,0,0,0,0,0,0,,,,,
Jake Elliott,K,PHI,8,DAL,0,0,0,0,0,0,0,0,0,0,0,0,0,0,0,0,0,0,0,0,0,1,,,,,
Jakeem Grant,WR,MIA,8,LA,0,0,0,0,0,0,0,0,1,15,0,2,1,0,0,0,0,0,0,0,0,0,,,,,
Jakobi Meyers,WR,NE,8,BUF,0,0,0,0,0,0,0,0,6,58,0,10,0,0,1,0,0,0,0,0,0,0,,,,,
Jalen Guyton,WR,LAC,8,DEN,0,0,0,0,0,0,0,0,1,3,0,4,0,0,0,0,0,0,0,0,0,0,,,,,
Jalen Hurts,QB,PHI,8,DAL,9,0,1,1,0,0,0,0,0,0,0,0,0,0,0,0,0,0,0,0,0,0,,,,,
Jalen Reagor,WR,PHI,8,DAL,0,0,0,0,0,6,0,1,3,16,1,6,0,0,1,0,0,0,0,0,0,0,,,,,
Jalen Richard,RB,LV,8,CLE,0,0,0,0,0,6,0,1,1,12,0,1,0,0,0,0,0,0,0,0,0,0,,,,,
Jamaal Williams,RB,GB,8,MIN,0,0,0,0,0,75,0,16,6,27,0,6,0,0,1,0,0,0,0,0,0,0,,,,,
Jamal Agnew,WR,DET,8,IND,0,0,0,0,0,11,0,1,0,0,0,0,0,0,0,0,0,0,0,0,0,0,,,,,
James Conner,RB,PIT,8,BAL,0,0,0,0,0,47,1,15,3,13,0,3,0,0,0,0,0,0,0,0,0,0,,,,,
James Proche,WR,BAL,8,PIT,0,0,0,0,0,0,0,0,0,0,0,1,0,0,0,0,0,0,0,0,0,0,,,,,
James Washington,WR,PIT,8,BAL,0,0,0,0,0,0,0,0,0,0,0,1,0,0,0,0,0,0,0,0,0,0,,,,,
James White,RB,NE,8,BUF,0,0,0,0,0,0,0,2,2,35,0,4,0,0,0,0,0,0,0,0,0,0,,,,,
Jared Cook,TE,NO,8,CHI,0,0,0,0,0,0,0,0,5,51,1,7,0,0,0,0,0,0,0,0,0,0,,,,,
Jared Goff,QB,LA,8,MIA,355,1,61,35,2,0,0,0,0,0,0,0,0,0,0,0,0,0,0,0,0,0,,,,,
Jarvis Landry,WR,CLE,8,LV,0,0,0,0,0,0,0,0,4,52,0,11,0,0,0,0,0,0,0,0,0,0,,,,,
Jason Huntley,RB,PHI,8,DAL,0,0,0,0,0,0,0,0,0,0,0,0,0,0,0,0,0,0,0,0,0,0,,,,,
Jason Myers,K,SEA,8,SF,0,0,0,0,0,0,0,0,0,0,0,0,0,0,0,0,0,0,1,0,0,4,,,,,
Jason Sanders,K,MIA,8,LA,0,0,0,0,0,0,0,0,0,0,0,0,0,0,0,0,0,0,0,0,0,4,,,,,
Jason Witten,TE,LV,8,CLE,0,0,0,0,0,0,0,0,2,21,0,2,0,0,0,0,0,0,0,0,0,0,,,,,
Javon Wims,WR,CHI,8,NO,0,0,0,0,0,0,0,0,1,9,0,1,0,0,0,0,0,0,0,0,0,0,,,,,
Jaydon Mickens,WR,TB,8,NYG,0,0,0,0,0,0,0,0,5,36,0,8,0,0,0,0,0,0,0,0,0,0,,,,,
Jaylen Samuels,RB,PIT,8,BAL,0,0,0,0,0,0,0,0,0,0,0,2,0,0,0,0,0,0,0,0,0,0,,,,,
Jeff Smith,WR,NYJ,8,KC,0,0,0,0,0,0,0,0,3,29,0,8,0,0,0,0,0,0,0,0,0,0,,,,,
Jeremy McNichols,RB,TEN,8,CIN,0,0,0,0,0,49,0,4,0,0,0,1,0,0,0,0,0,0,0,0,0,0,,,,,
Jerick McKinnon,RB,SF,8,SEA,0,0,0,0,0,-1,1,3,4,40,0,4,0,0,0,0,0,0,0,0,0,0,,,,,
Jerry Jeudy,WR,DEN,8,LAC,0,0,0,0,0,0,0,0,4,73,0,10,0,0,0,0,0,0,0,0,0,0,,,,,
Jesse James,TE,DET,8,IND,0,0,0,0,0,0,0,0,1,23,0,1,0,0,0,0,0,0,0,0,0,0,,,,,
Jimmy Garoppolo,QB,SF,8,SEA,84,0,16,11,1,4,0,4,0,0,0,0,0,0,0,0,0,0,0,0,0,0,,,,,
Jimmy Graham,TE,CHI,8,NO,0,0,0,0,0,0,0,0,2,13,0,7,0,0,0,0,0,0,0,0,0,0,,,,,
Joe Burrow,QB,CIN,8,TEN,249,2,37,26,0,9,0,3,0,0,0,0,0,0,0,0,0,0,0,0,0,0,,,,,
Joe Reed,WR,LAC,8,DEN,0,0,0,0,0,0,0,0,0,0,0,0,0,0,0,0,0,0,0,0,0,0,,,,,
Joey Slye,K,CAR,8,ATL,0,0,0,0,0,0,0,0,0,0,0,0,0,0,0,0,0,1,0,0,0,2,,,,,
John Brown,WR,BUF,8,NE,0,0,0,0,0,0,0,0,1,21,0,2,0,0,0,0,0,0,0,0,0,0,,,,,
John Hightower,WR,PHI,8,DAL,0,0,0,0,0,0,0,0,0,0,0,3,0,0,0,0,0,0,0,0,0,0,,,,,
Jonathan Taylor,RB,IND,8,DET,0,0,0,0,0,22,0,11,2,9,0,2,0,0,0,0,0,0,0,0,0,0,,,,,
Jonnu Smith,TE,TEN,8,CIN,0,0,0,0,0,0,0,0,2,29,0,2,0,0,0,0,0,0,0,0,0,0,,,,,
Jordan Wilkins,RB,IND,8,DET,0,0,0,0,0,89,1,20,1,24,0,1,0,0,1,0,0,0,0,0,0,0,,,,,
Josh Allen,QB,BUF,8,NE,154,0,18,11,1,23,1,10,0,0,0,0,0,0,0,0,0,0,0,0,0,0,,,,,
Josh Hill,TE,NO,8,CHI,0,0,0,0,0,0,0,0,1,7,0,1,0,0,0,0,0,0,0,0,0,0,,,,,
Josh Jacobs,RB,LV,8,CLE,0,0,0,0,0,129,0,31,0,0,0,1,0,0,0,0,0,0,0,0,0,0,,,,,
Josh Reynolds,WR,LA,8,MIA,0,0,0,0,0,0,0,0,4,44,0,9,0,0,0,0,0,0,0,0,0,0,,,,,
Joshua Kelley,RB,LAC,8,DEN,0,0,0,0,0,32,0,7,1,-7,0,1,0,0,0,0,0,0,0,0,0,0,,,,,
JuJu Smith-Schuster,WR,PIT,8,BAL,0,0,0,0,0,0,0,0,7,67,0,8,0,0,0,0,0,0,0,0,0,0,,,,,
Julio Jones,WR,ATL,8,CAR,0,0,0,0,0,0,0,0,7,137,0,10,0,0,0,0,0,0,0,0,0,0,,,,,
Justin Herbert,QB,LAC,8,DEN,278,3,43,29,2,21,0,3,0,0,0,0,0,0,0,0,0,0,0,0,0,0,,,,,
Justin Jackson,RB,LAC,8,DEN,0,0,0,0,0,89,0,17,3,53,0,5,0,0,0,0,0,0,0,0,0,0,,,,,
Justin Jefferson,WR,MIN,8,GB,0,0,0,0,0,0,0,0,3,26,0,4,0,0,0,0,0,0,0,0,0,0,,,,,
Justin Tucker,K,BAL,8,PIT,0,0,0,0,0,0,0,0,0,0,0,0,0,0,0,0,0,0,0,1,0,3,,,,,
Justin Watson,WR,TB,8,NYG,0,0,0,0,0,0,0,0,0,0,0,0,0,0,0,0,0,0,0,0,0,0,,,,,
Juwan Johnson,TE,NO,8,CHI,0,0,0,0,0,0,0,0,1,5,0,3,0,0,0,0,0,0,0,0,0,0,,,,,
K.J. Hill,WR,LAC,8,DEN,0,0,0,0,0,0,0,0,0,0,0,0,0,0,0,0,0,0,0,0,0,0,,,,,
K.J. Osborn,WR,MIN,8,GB,0,0,0,0,0,0,0,0,0,0,0,0,0,0,0,0,0,0,0,0,0,0,,,,,
KC,DEF,KC,8,NYJ,,,,,,,,,,,,,,,,,,,,,,,0,0,0,0,9.0
KJ Hamler,WR,DEN,8,LAC,0,0,0,0,0,0,0,0,3,13,1,3,0,0,0,0,0,0,0,0,0,0,,,,,
Kaden Smith,TE,NYG,8,TB,0,0,0,0,0,0,0,0,1,6,0,2,0,0,0,0,0,0,0,0,0,0,,,,,
Kai Forbath,K,LA,8,MIA,0,0,0,0,0,0,0,0,0,0,0,0,0,0,0,0,1,0,0,0,0,2,,,,,
Kalif Raymond,WR,TEN,8,CIN,0,0,0,0,0,0,0,0,1,11,0,1,0,0,0,0,0,0,0,0,0,0,,,,,
Kareem Hunt,RB,CLE,8,LV,0,0,0,0,0,66,0,14,2,7,0,3,0,0,0,0,0,0,0,0,0,0,,,,,
Keenan Allen,WR,LAC,8,DEN,0,0,1,0,0,0,0,0,9,67,1,12,0,0,0,0,0,0,0,0,0,0,,,,,
Kendrick Bourne,WR,SF,8,SEA,0,0,0,0,0,0,0,0,8,81,0,10,0,0,0,0,0,0,0,0,0,0,,,,,
Kenny Golladay,WR,DET,8,IND,0,0,0,0,0,0,0,0,0,0,0,4,0,0,0,0,0,0,0,0,0,0,,,,,
Kerryon Johnson,RB,DET,8,IND,0,0,0,0,0,0,0,0,2,15,1,2,0,0,0,0,0,0,0,0,0,0,,,,,
Kirk Cousins,QB,MIN,8,GB,160,1,14,11,0,0,0,0,0,0,0,0,0,0,0,0,0,0,0,0,0,0,,,,,
Kyle Juszczyk,RB,SF,8,SEA,0,0,0,0,0,0,0,0,2,21,0,2,0,0,0,0,0,0,0,0,0,0,,,,,
Kyle Rudolph,TE,MIN,8,GB,0,0,0,0,0,0,0,0,1,12,0,1,0,0,0,0,0,0,0,0,0,0,,,,,
LA,DEF,LA,8,MIA,,,,,,,,,,,,,,,,,,,,,,,0,0,0,0,28.0
LAC,DEF,LAC,8,DEN,,,,,,,,,,,,,,,,,,,,,,,0,0,0,0,31.0
LV,DEF,LV,8,CLE,,,,,,,,,,,,,,,,,,,,,,,0,0,0,0,6.0
La'Mical Perine,RB,NYJ,8,KC,0,0,0,0,0,27,0,8,2,6,0,2,0,0,0,0,0,0,0,0,0,0,,,,,
Lamar Jackson,QB,BAL,8,PIT,208,2,28,13,2,65,0,16,0,0,0,0,0,0,0,0,0,0,0,0,0,0,,,,,
Latavius Murray,RB,NO,8,CHI,0,0,0,0,0,17,0,8,3,14,0,3,0,0,0,0,0,0,0,0,0,0,,,,,
Le'Veon Bell,RB,KC,8,NYJ,0,0,0,0,0,7,0,6,3,31,0,3,0,0,0,0,0,0,0,0,0,0,,,,,
Leonard Fournette,RB,TB,8,NYG,0,0,0,0,0,52,0,15,3,19,0,6,0,0,0,0,0,0,0,0,0,0,,,,,
Levine Toilolo,TE,NYG,8,TB,0,0,0,0,0,0,0,0,1,9,0,2,0,0,0,0,0,0,0,0,0,0,,,,,
MIA,DEF,MIA,8,LA,,,,,,,,,,,,,,,,,,,,,,,0,0,0,0,17.0
MIN,DEF,MIN,8,GB,,,,,,,,,,,,,,,,,,,,,,,0,0,0,0,22.0
Mack Hollins,WR,MIA,8,LA,0,0,0,0,0,0,0,0,0,0,0,0,0,0,0,0,0,0,0,0,0,0,,,,,
Malcolm Brown,RB,LA,8,MIA,0,0,0,0,0,40,0,10,2,17,0,2,0,0,0,0,0,0,0,0,0,0,,,,,
Malcolm Perry,RB,MIA,8,LA,0,0,0,0,0,-5,0,1,1,10,0,1,0,0,0,0,0,0,0,0,0,0,,,,,
Malik Taylor,WR,GB,8,MIN,0,0,0,0,0,0,0,0,1,26,0,1,0,0,0,0,0,0,0,0,0,0,,,,,
Marcedes Lewis,TE,GB,8,MIN,0,0,0,0,0,0,0,0,0,0,0,0,0,0,0,0,0,0,0,0,0,0,,,,,
Marcus Johnson,WR,IND,8,DET,0,0,0,0,0,0,0,0,2,39,0,4,0,0,0,0,0,0,0,0,0,0,,,,,
Mark Andrews,TE,BAL,8,PIT,0,0,0,0,0,0,0,0,3,32,0,6,0,0,0,0,0,0,0,0,0,0,,,,,
Marquez Valdes-Scantling,WR,GB,8,MIN,0,0,0,0,0,4,0,1,1,19,0,1,0,0,0,0,0,0,0,0,0,0,,,,,
Marquise Brown,WR,BAL,8,PIT,0,0,0,0,0,0,0,0,1,3,1,2,0,0,0,0,0,0,0,0,0,0,,,,,
Marvin Hall,WR,DET,8,IND,0,0,0,0,0,0,0,0,4,113,0,7,0,0,0,0,0,0,0,0,0,0,,,,,
Marvin Jones,WR,DET,8,IND,0,0,0,0,0,0,0,0,3,39,2,7,0,0,0,0,0,0,0,0,0,0,,,,,
Mason Crosby,K,GB,8,MIN,0,0,0,0,0,0,0,0,0,0,0,0,0,0,0,0,0,0,0,0,0,2,,,,,
Matt Breida,RB,MIA,8,LA,0,0,0,0,0,13,0,4,0,0,0,0,0,0,0,0,0,0,0,0,0,0,,,,,
Matt Prater,K,DET,8,IND,0,0,0,0,0,0,0,0,0,0,0,0,0,0,0,0,0,0,0,0,0,3,,,,,
Matt Ryan,QB,ATL,8,CAR,281,0,30,21,1,27,1,6,0,0,0,0,0,0,0,0,0,0,0,0,0,0,,,,,
Matthew Slater,WR,NE,8,BUF,0,0,0,0,0,0,0,0,0,0,0,0,0,0,0,0,0,0,0,0,0,0,,,,,
Matthew Stafford,QB,DET,8,IND,336,3,42,24,1,10,0,1,0,0,0,0,0,0,0,0,0,0,0,0,0,0,,,,,
Mecole Hardman,WR,KC,8,NYJ,0,0,0,0,0,0,0,0,7,96,1,9,0,0,0,0,0,0,0,0,0,0,,,,,
Melvin Gordon,RB,DEN,8,LAC,0,0,0,0,0,26,0,8,6,21,0,7,0,0,0,0,0,0,0,0,0,0,,,,,
Michael Gallup,WR,DAL,8,PHI,0,0,0,0,0,0,0,0,7,61,0,12,0,0,0,0,0,0,0,0,0,0,,,,,
Michael Pittman,WR,IND,8,DET,0,0,0,0,0,0,0,0,1,6,0,1,0,0,0,0,0,0,0,0,0,0,,,,,
Mike Badgley,K,LAC,8,DEN,0,0,0,0,0,0,0,0,0,0,0,0,0,0,0,0,0,1,1,1,0,3,,,,,
Mike Boone,RB,MIN,8,GB,0,0,0,0,0,0,0,0,0,0,0,0,0,0,0,0,0,0,0,0,0,0,,,,,
Mike Davis,RB,CAR,8,ATL,0,0,0,0,0,66,0,13,1,11,0,2,0,0,0,0,0,0,0,0,0,0,,,,,
Mike Evans,WR,TB,8,NYG,0,0,0,0,0,0,0,0,5,55,1,7,0,0,0,0,0,0,0,0,0,0,,,,,
Mike Gesicki,TE,MIA,8,LA,0,0,0,0,0,0,0,0,1,8,0,2,0,0,0,0,0,0,0,0,0,0,,,,,
Mike Williams,WR,LAC,8,DEN,0,0,0,0,0,1,0,1,5,99,1,8,0,0,0,0,0,0,0,0,0,0,,,,,
Miles Boykin,WR,BAL,8,PIT,0,0,0,0,0,0,0,0,2,20,1,3,0,0,0,0,0,0,0,0,0,0,,,,,
Mitchell Trubisky,QB,CHI,8,NO,0,0,0,0,0,3,0,1,0,0,0,0,0,0,0,0,0,0,0,0,0,0,,,,,
Mo Alie-Cox,TE,IND,8,DET,0,0,0,0,0,0,0,0,3,37,0,4,0,0,0,0,0,0,0,0,0,0,,,,,
MyCole Pruitt,TE,TEN,8,CIN,0,0,0,0,0,0,0,0,0,0,0,1,0,0,0,0,0,0,0,0,0,0,,,,,
Myles Gaskin,RB,MIA,8,LA,0,0,0,0,0,47,1,18,3,16,0,6,0,0,0,0,0,0,0,0,0,0,,,,,
NE,DEF,NE,8,BUF,,,,,,,,,,,,,,,,,,,,,,,0,0,0,0,24.0
NO,DEF,NO,8,CHI,,,,,,,,,,,,,,,,,,,,,,,0,0,0,0,23.0
NYG,DEF,NYG,8,TB,,,,,,,,,,,,,,,,,,,,,,,0,0,0,0,25.0
NYJ,DEF,NYJ,8,KC,,,,,,,,,,,,,,,,,,,,,,,0,0,0,0,35.0
Nelson Agholor,WR,LV,8,CLE,0,0,0,0,0,0,0,0,0,0,0,2,0,0,0,0,0,0,0,0,0,0,,,,,
Nick Boyle,TE,BAL,8,PIT,0,0,0,0,0,0,0,0,0,0,0,1,0,0,0,0,0,0,0,0,0,0,,,,,
Nick Foles,QB,CHI,8,NO,272,2,41,28,1,0,0,0,0,0,0,0,0,0,0,0,0,0,0,0,0,0,,,,,
Nick Folk,K,NE,8,BUF,0,0,0,0,0,0,0,0,0,0,0,0,0,0,0,0,0,1,1,0,0,1,,,,,
Nick Keizer,TE,KC,8,NYJ,0,0,0,0,0,0,0,0,1,5,0,2,0,0,0,0,0,0,0,0,0,0,,,,,
Nick Mullens,QB,SF,8,SEA,238,2,25,18,0,0,0,0,0,0,0,0,0,0,0,0,0,0,0,0,0,0,,,,,
Noah Brown,WR,DAL,8,PHI,0,0,0,0,0,0,0,0,0,0,0,2,0,0,0,0,0,0,0,0,0,0,,,,,
Noah Fant,TE,DEN,8,LAC,0,0,0,0,0,0,0,0,7,47,0,9,0,0,0,0,0,0,0,0,0,0,,,,,
Nsimba Webster,WR,LA,8,MIA,0,0,0,0,0,0,0,0,0,0,0,0,0,0,0,0,0,0,0,0,0,0,,,,,
Nyheim Hines,RB,IND,8,DET,0,0,0,0,0,8,0,5,3,54,2,5,0,0,0,0,0,0,0,0,0,0,,,,,
PHI,DEF,PHI,8,DAL,,,,,,,,,,,,,,,,,,,,,,,0,1,0,0,9.0
PIT,DEF,PIT,8,BAL,,,,,,,,,,,,,,,,,,,,,,,1,0,0,0,24.0
PJ Walker,QB,CAR,8,ATL,3,0,4,1,0,0,0,0,0,0,0,0,0,0,0,0,0,0,0,0,0,0,,,,,
Patrick Mahomes,QB,KC,8,NYJ,416,5,42,31,0,0,0,0,0,0,0,0,0,0,0,0,0,0,0,0,0,0,,,,,
Patrick Ricard,RB,BAL,8,PIT,0,0,0,0,0,0,0,0,0,0,0,0,0,0,0,0,0,0,0,0,0,0,,,,,
Penny Hart,WR,SEA,8,SF,0,0,0,0,0,0,0,0,0,0,0,0,0,0,0,0,0,0,0,0,0,0,,,,,
Pharoh Cooper,WR,CAR,8,ATL,0,0,0,0,0,0,0,0,0,0,0,0,0,0,0,0,0,0,0,0,0,0,,,,,
Philip Rivers,QB,IND,8,DET,262,3,33,23,0,-2,0,2,0,0,0,0,0,0,0,0,0,0,0,0,0,0,,,,,
Phillip Lindsay,RB,DEN,8,LAC,0,0,0,0,0,83,1,6,1,3,0,3,0,0,0,0,0,0,0,0,0,0,,,,,
Preston Williams,WR,MIA,8,LA,0,0,0,0,0,0,0,0,2,15,0,5,0,0,0,0,0,0,0,0,0,0,,,,,
Qadree Ollison,RB,ATL,8,CAR,0,0,0,0,0,3,0,1,0,0,0,0,0,0,0,0,0,0,0,0,0,0,,,,,
Randy Bullock,K,CIN,8,TEN,0,0,0,0,0,0,0,0,0,0,0,0,0,0,0,0,0,1,0,0,0,4,,,,,
Rashard Higgins,WR,CLE,8,LV,0,0,0,0,0,0,0,0,1,14,0,3,0,0,0,0,0,0,0,0,0,0,,,,,
Ray-Ray McCloud,WR,PIT,8,BAL,0,0,0,0,0,0,0,0,1,6,0,1,0,0,0,0,0,0,0,0,0,0,,,,,
Reggie Gilliam,RB,BUF,8,NE,0,0,0,0,0,0,0,0,0,0,0,0,0,0,0,0,0,0,0,0,0,0,,,,,
Rex Burkhead,RB,NE,8,BUF,0,0,0,0,0,26,0,6,1,5,0,1,0,0,0,0,0,0,0,0,0,0,,,,,
River Cracraft,WR,SF,8,SEA,0,0,0,0,0,0,0,0,0,0,0,0,0,0,0,0,0,0,0,0,0,0,,,,,
Rob Gronkowski,TE,TB,8,NYG,0,0,0,0,0,0,0,0,4,41,1,4,0,0,0,0,0,0,0,0,0,0,,,,,
Robbie Chosen,WR,CAR,8,ATL,0,0,0,0,0,0,0,0,5,48,0,8,0,0,0,0,0,0,0,0,0,0,,,,,
Robbie Gould,K,SF,8,SEA,0,0,0,0,0,0,0,0,0,0,0,0,0,0,0,0,0,0,0,0,0,3,,,,,
Robert Tonyan,TE,GB,8,MIN,0,0,0,0,0,0,0,0,5,79,0,7,0,0,0,0,0,0,0,0,0,0,,,,,
Robert Woods,WR,LA,8,MIA,0,0,0,0,0,9,1,2,7,85,1,8,0,0,0,0,0,0,0,0,0,0,,,,,
Rodrigo Blankenship,K,IND,8,DET,0,0,0,0,0,0,0,0,0,0,0,0,0,0,0,0,0,0,0,0,0,3,,,,,
Ronald Jones,RB,TB,8,NYG,0,0,0,0,0,23,0,7,4,23,0,4,0,0,0,0,0,0,0,0,0,0,,,,,
Ross Dwelley,TE,SF,8,SEA,0,0,0,0,0,0,0,0,1,16,1,4,0,0,0,0,0,0,0,0,0,0,,,,,
Russell Gage,WR,ATL,8,CAR,0,0,0,0,0,0,0,0,2,25,0,3,0,0,0,0,0,0,0,0,0,0,,,,,
Russell Wilson,QB,SEA,8,SF,261,4,37,27,0,23,0,6,0,0,0,0,0,0,0,0,0,0,0,0,0,0,,,,,
Ryan Griffin,TE,NYJ,8,KC,0,0,0,0,0,0,0,0,0,0,0,0,0,0,0,0,0,0,0,0,0,0,,,,,
Ryan Izzo,TE,NE,8,BUF,0,0,0,0,0,0,0,0,2,24,0,3,0,0,0,0,0,0,0,0,0,0,,,,,
Ryan Nall,RB,CHI,8,NO,0,0,0,0,0,0,0,0,1,2,0,1,0,0,0,0,0,0,0,0,0,0,,,,,
Ryan Succop,K,TB,8,NYG,0,0,0,0,0,0,0,0,0,0,0,0,0,0,0,0,0,2,2,0,0,1,,,,,
Ryan Tannehill,QB,TEN,8,CIN,233,2,30,18,1,20,0,2,0,0,0,0,0,0,0,0,0,0,0,0,0,0,,,,,
SEA,DEF,SEA,8,SF,,,,,,,,,,,,,,,,,,,,,,,0,0,0,0,27.0
SF,DEF,SF,8,SEA,,,,,,,,,,,,,,,,,,,,,,,0,0,0,0,37.0
Sam Darnold,QB,NYJ,8,KC,133,0,30,18,0,21,0,4,0,0,0,0,0,0,0,0,0,0,0,0,0,0,,,,,
Samaje Perine,RB,CIN,8,TEN,0,0,0,0,0,32,1,10,1,2,0,1,0,0,0,0,0,0,0,0,0,0,,,,,
Scott Miller,WR,TB,8,NYG,0,0,0,0,0,7,0,1,3,35,0,6,0,0,0,0,0,0,0,0,0,0,,,,,
Sergio Castillo,K,NYJ,8,KC,0,0,0,0,0,0,0,0,0,0,0,0,0,0,0,0,0,1,1,1,0,0,,,,,
Stefon Diggs,WR,BUF,8,NE,0,0,0,0,0,0,0,0,6,92,0,9,0,0,0,0,0,0,0,0,0,0,,,,,
Stephen Carlson,TE,CLE,8,LV,0,0,0,0,0,0,0,0,0,0,0,0,0,0,0,0,0,0,0,0,0,0,,,,,
Stephen Gostkowski,K,TEN,8,CIN,0,0,0,0,0,0,0,0,0,0,0,0,0,0,0,0,0,0,0,0,0,2,,,,,
Stephen Sullivan,TE,SEA,8,SF,0,0,0,0,0,0,0,0,0,0,0,0,0,0,0,0,0,0,0,0,0,0,,,,,
Sterling Shepard,WR,NYG,8,TB,0,0,0,0,0,0,0,0,8,74,0,10,0,0,0,0,0,0,0,0,0,0,,,,,
T.J. Hockenson,TE,DET,8,IND,0,0,0,0,0,0,0,0,7,65,0,10,0,0,0,0,0,0,0,0,0,0,,,,,
T.Y. Hilton,WR,IND,8,DET,0,0,0,0,0,0,0,0,2,9,0,2,0,0,0,0,0,0,0,0,0,0,,,,,
TB,DEF,TB,8,NYG,,,,,,,,,,,,,,,,,,,,,,,0,0,0,0,23.0
TEN,DEF,TEN,8,CIN,,,,,,,,,,,,,,,,,,,,,,,0,0,0,0,31.0
Tanner Hudson,TE,TB,8,NYG,0,0,0,0,0,0,0,0,0,0,0,1,0,0,0,0,0,0,0,0,0,0,,,,,
Taysom Hill,TE,NO,8,CHI,0,0,0,0,0,35,0,5,2,30,1,2,0,0,0,0,0,0,0,0,0,0,,,,,
Teddy Bridgewater,QB,CAR,8,ATL,176,1,23,15,1,30,0,5,0,0,0,0,0,0,0,0,0,0,0,0,0,0,,,,,
Tee Higgins,WR,CIN,8,TEN,0,0,0,0,0,6,0,2,6,78,0,9,0,0,0,0,0,0,0,0,0,0,,,,,
Tevin Coleman,RB,SF,8,SEA,0,0,0,0,0,20,0,3,0,0,0,0,0,0,0,0,0,0,0,0,0,0,,,,,
Todd Gurley,RB,ATL,8,CAR,0,0,0,0,0,46,1,18,0,0,0,0,0,0,0,0,0,0,0,0,0,0,,,,,
Tom Brady,QB,TB,8,NYG,279,2,40,28,0,-1,0,1,0,0,0,0,0,0,0,0,0,0,0,0,0,0,,,,,
Tommylee Lewis,WR,NO,8,CHI,0,0,0,0,0,0,0,0,1,5,0,1,0,0,0,0,0,0,0,0,0,0,,,,,
Tony Pollard,RB,DAL,8,PHI,0,0,0,0,0,40,0,7,2,24,0,2,0,0,0,0,0,0,0,0,0,0,,,,,
Travis Fulgham,WR,PHI,8,DAL,0,0,0,0,0,0,0,0,6,78,1,7,0,0,0,0,0,0,0,0,0,0,,,,,
Travis Homer,RB,SEA,8,SF,0,0,0,0,0,4,0,1,0,0,0,0,0,0,0,0,0,0,0,0,0,0,,,,,
Travis Kelce,TE,KC,8,NYJ,0,0,0,0,0,0,0,0,8,109,1,12,0,0,0,0,0,0,0,0,0,0,,,,,
Tre'Quan Smith,WR,NO,8,CHI,0,0,0,0,0,0,0,0,5,43,0,7,0,0,0,0,0,0,0,0,0,0,,,,,
Trent Taylor,WR,SF,8,SEA,0,0,0,0,0,0,0,0,3,32,0,5,0,0,0,0,0,0,0,0,0,0,,,,,
Trey Burton,TE,IND,8,DET,0,0,0,0,0,2,1,1,3,9,0,4,0,0,0,0,0,0,0,0,0,0,,,,,
Trey Edmunds,RB,PIT,8,BAL,0,0,0,0,0,0,0,0,0,0,0,0,0,0,0,0,0,0,0,0,0,0,,,,,
Troymaine Pope,RB,LAC,8,DEN,0,0,0,0,0,67,0,10,5,28,0,7,0,0,0,0,0,0,0,0,0,0,,,,,
Tua Tagovailoa,QB,MIA,8,LA,93,1,22,12,0,0,0,2,0,0,0,0,0,0,0,0,0,0,0,0,0,0,,,,,
Ty Johnson,RB,NYJ,8,KC,0,0,0,0,0,15,0,3,1,6,0,1,0,0,0,0,0,0,0,0,0,0,,,,,
Tyler Bass,K,BUF,8,NE,0,0,0,0,0,0,0,0,0,0,0,0,0,0,0,0,1,0,0,0,0,3,,,,,
Tyler Boyd,WR,CIN,8,TEN,0,0,0,0,0,9,0,2,6,67,1,7,0,0,0,0,0,0,0,0,0,0,,,,,
Tyler Ervin,RB,GB,8,MIN,0,0,0,0,0,0,0,0,1,7,0,3,0,0,0,0,0,0,0,0,0,0,,,,,
Tyler Higbee,TE,LA,8,MIA,0,0,0,0,0,0,0,0,2,14,0,4,0,0,0,0,0,0,0,0,0,0,,,,,
Tyler Johnson,WR,TB,8,NYG,0,0,0,0,0,0,0,0,2,35,0,2,0,0,0,0,0,0,0,0,0,0,,,,,
Tyler Kroft,TE,BUF,8,NE,0,0,0,0,0,0,0,0,1,11,0,1,0,0,0,0,0,0,0,0,0,0,,,,,
Tyler Lockett,WR,SEA,8,SF,0,0,0,0,0,0,0,0,4,33,0,5,0,0,0,0,0,0,0,0,0,0,,,,,
Tyreek Hill,WR,KC,8,NYJ,0,0,0,0,0,0,0,0,4,98,2,6,0,0,0,0,0,0,0,0,0,0,,,,,
Tyrie Cleveland,WR,DEN,8,LAC,0,0,0,0,0,0,0,0,0,0,0,0,0,0,0,0,0,0,0,0,0,0,,,,,
Van Jefferson,WR,LA,8,MIA,0,0,0,0,0,0,0,0,2,23,0,2,0,0,0,0,0,0,0,0,0,0,,,,,
Vyncint Smith,WR,NYJ,8,KC,0,0,0,0,0,0,0,0,1,13,0,1,0,0,0,0,0,0,0,0,0,0,,,,,
Wayne Gallman,RB,NYG,8,TB,0,0,0,0,0,44,1,12,1,18,0,1,0,0,0,0,0,0,0,0,0,0,,,,,
Wil Lutz,K,NO,8,CHI,0,0,0,0,0,0,0,0,0,0,0,0,0,0,0,0,1,3,0,0,0,2,,,,,
Will Dissly,TE,SEA,8,SF,0,0,0,0,0,0,0,0,1,17,0,1,0,0,0,0,0,0,0,0,0,0,,,,,
Willie Snead,WR,BAL,8,PIT,0,0,0,0,0,0,0,0,5,106,0,7,0,0,0,0,0,0,0,0,0,0,,,,,
Xavier Jones,RB,LA,8,MIA,0,0,0,0,0,0,0,0,0,0,0,0,0,0,0,0,0,0,0,0,0,0,,,,,
Younghoe Koo,K,ATL,8,CAR,0,0,0,0,0,0,0,0,0,0,0,0,0,0,0,0,2,2,0,0,0,1,,,,,
Zach Pascal,WR,IND,8,DET,0,0,1,0,0,0,0,0,3,44,0,6,0,0,0,0,0,0,0,0,0,0,,,,,
Zack Moss,RB,BUF,8,NE,0,0,0,0,0,81,2,14,0,0,0,1,0,0,0,0,0,0,0,0,0,0,,,,,
A.J. Brown,WR,TEN,9,CHI,0,0,0,0,0,0,0,0,4,101,1,9,0,0,0,0,0,0,0,0,0,0,,,,,
ARI,DEF,ARI,9,MIA,,,,,,,,,,,,,,,,,,,,,,,0,0,0,0,34.0
ATL,DEF,ATL,9,DEN,,,,,,,,,,,,,,,,,,,,,,,0,0,0,0,27.0
Aaron Jones,RB,GB,9,SF,0,0,0,0,0,58,0,15,5,21,0,5,0,0,0,0,0,0,0,0,0,0,,,,,
Aaron Rodgers,QB,GB,9,SF,305,4,31,25,0,7,0,1,0,0,0,0,0,0,0,0,0,0,0,0,0,0,,,,,
Adam Shaheen,TE,MIA,9,ARI,0,0,0,0,0,0,0,0,0,0,0,1,0,0,0,0,0,0,0,0,0,0,,,,,
Adam Thielen,WR,MIN,9,DET,0,0,0,0,0,0,0,0,2,38,0,5,0,0,0,0,0,0,0,0,0,0,,,,,
Adam Trautman,TE,NO,9,TB,0,0,0,0,0,0,0,0,3,39,1,3,0,0,0,0,0,0,0,0,0,0,,,,,
Adrian Peterson,RB,DET,9,MIN,0,0,0,0,0,29,0,8,3,14,0,5,0,0,0,0,0,0,0,0,0,0,,,,,
Albert Okwuegbunam,TE,DEN,9,ATL,0,0,0,0,0,0,0,0,1,7,0,1,0,0,0,0,0,0,0,0,0,0,,,,,
Alex Collins,RB,SEA,9,BUF,0,0,0,0,0,5,0,2,0,0,0,0,0,0,0,0,0,0,0,0,0,0,,,,,
Alex Smith,QB,WAS,9,NYG,325,1,32,24,3,0,0,0,0,0,0,0,0,0,0,0,0,0,0,0,0,0,,,,,
Alexander Mattison,RB,MIN,9,DET,0,0,0,0,0,69,0,12,0,0,0,0,0,0,0,0,0,0,0,0,0,0,,,,,
Alfred Morris,RB,NYG,9,WAS,0,0,0,0,0,67,0,9,1,4,0,1,0,0,0,0,0,0,0,0,0,0,,,,,
Allen Robinson,WR,CHI,9,TEN,0,0,0,0,0,0,0,0,7,81,0,9,0,0,0,0,0,0,0,0,0,0,,,,,
Alvin Kamara,RB,NO,9,TB,0,0,0,0,0,40,1,9,5,9,0,6,0,0,0,0,0,0,0,0,0,0,,,,,
Amari Cooper,WR,DAL,9,PIT,0,0,0,0,0,8,0,1,5,67,0,6,0,0,0,0,0,0,0,0,0,0,,,,,
Ameer Abdullah,RB,MIN,9,DET,0,0,0,0,0,0,0,0,1,22,1,1,0,0,0,0,0,0,0,0,0,0,,,,,
Andre Roberts,WR,BUF,9,SEA,0,0,0,0,0,0,0,0,0,0,0,0,0,0,0,0,0,0,0,0,0,0,,,,,
Andy Isabella,WR,ARI,9,MIA,0,0,0,0,0,0,0,0,2,10,0,3,0,0,0,0,0,0,0,0,0,0,,,,,
Anthony Firkser,TE,TEN,9,CHI,0,0,0,0,0,0,0,0,3,19,0,6,0,0,0,0,0,0,0,0,0,0,,,,,
Anthony McFarland,RB,PIT,9,DAL,0,0,0,0,0,7,0,3,2,15,0,2,0,0,0,0,0,0,0,0,0,0,,,,,
Anthony Miller,WR,CHI,9,TEN,0,0,0,0,0,0,0,0,5,59,0,8,0,0,0,0,0,0,0,0,0,0,,,,,
Antonio Brown,WR,TB,9,NO,0,0,0,0,0,0,0,0,3,31,0,5,0,0,0,0,0,0,0,0,0,0,,,,,
Antonio Gibson,RB,WAS,9,NYG,0,0,0,0,0,20,1,6,3,35,0,3,0,0,0,0,0,0,0,0,0,0,,,,,
Austin Mack,WR,NYG,9,WAS,0,0,0,0,0,0,0,0,4,72,0,5,0,0,0,0,0,0,0,0,0,0,,,,,
Austin Walter,RB,SF,9,GB,0,0,0,0,0,0,0,0,0,0,0,0,0,0,0,0,0,0,0,0,0,0,,,,,
BAL,DEF,BAL,9,IND,,,,,,,,,,,,,,,,,,,,,,,0,0,0,0,10.0
BUF,DEF,BUF,9,SEA,,,,,,,,,,,,,,,,,,,,,,,0,0,0,0,34.0
Ben Roethlisberger,QB,PIT,9,DAL,306,3,42,29,0,8,0,1,0,0,0,0,0,0,0,0,0,0,0,0,0,0,,,,,
Benny Snell,RB,PIT,9,DAL,0,0,0,0,0,1,0,3,0,0,0,0,0,0,0,0,0,0,0,0,0,0,,,,,
Blaine Gabbert,QB,TB,9,NO,0,0,0,0,0,-1,0,1,0,0,0,0,0,0,0,0,0,0,0,0,0,0,,,,,
Blake Bell,TE,DAL,9,PIT,0,0,0,0,0,0,0,0,1,-4,0,2,0,0,0,0,0,0,0,0,0,0,,,,,
Brandin Cooks,WR,HOU,9,JAX,0,0,0,0,0,0,0,0,3,83,1,9,0,0,0,0,0,0,0,0,0,0,,,,,
Brandon McManus,K,DEN,9,ATL,0,0,0,0,0,0,0,0,0,0,0,0,0,0,0,0,0,0,2,0,0,3,,,,,
Brandon Powell,WR,ATL,9,DEN,0,0,0,0,0,4,0,1,1,9,1,1,0,0,0,0,0,0,0,0,0,0,,,,,
Brandon Zylstra,WR,CAR,9,KC,0,0,0,0,0,0,0,0,1,28,0,1,0,0,0,0,0,0,0,0,0,0,,,,,
Braxton Berrios,WR,NYJ,9,NE,0,0,0,0,0,0,0,0,1,13,0,1,0,0,0,0,0,0,0,0,0,0,,,,,
Breshad Perriman,WR,NYJ,9,NE,0,0,0,0,0,0,0,0,5,101,2,7,0,0,0,0,0,0,0,0,0,0,,,,,
Brian Hill,RB,ATL,9,DEN,0,0,0,0,0,24,0,8,0,0,0,1,0,0,0,0,0,0,0,0,0,0,,,,,
C.J. Board,WR,NYG,9,WAS,0,0,0,0,0,0,0,0,1,10,0,1,0,0,0,0,0,0,0,0,0,0,,,,,
CAR,DEF,CAR,9,KC,,,,,,,,,,,,,,,,,,,,,,,0,0,0,0,33.0
CHI,DEF,CHI,9,TEN,,,,,,,,,,,,,,,,,,,,,,,0,0,0,0,24.0
Cairo Santos,K,CHI,9,TEN,0,0,0,0,0,0,0,0,0,0,0,0,0,0,0,0,1,0,0,0,0,2,,,,,
Cam Newton,QB,NE,9,NYJ,274,0,35,27,0,16,2,10,0,0,0,0,0,0,0,0,0,0,0,0,0,0,,,,,
Cam Sims,WR,WAS,9,NYG,0,0,0,0,0,0,0,0,3,110,0,4,0,0,0,0,0,0,0,0,0,0,,,,,
Cameron Batson,WR,TEN,9,CHI,0,0,0,0,0,0,0,0,1,6,0,1,0,0,0,0,0,0,0,0,0,0,,,,,
Cedrick Wilson Jr.,WR,DAL,9,PIT,0,0,0,0,0,0,0,0,1,6,0,3,0,0,0,0,0,0,0,0,0,0,,,,,
CeeDee Lamb,WR,DAL,9,PIT,0,0,0,0,0,0,0,0,4,71,1,7,0,0,0,0,0,0,0,0,0,0,,,,,
Chad Beebe,WR,MIN,9,DET,0,0,0,0,0,0,0,0,0,0,0,0,0,0,0,0,0,0,0,0,0,0,,,,,
Chase Claypool,WR,PIT,9,DAL,0,0,0,0,0,4,0,1,8,69,0,13,0,0,0,0,0,0,0,0,0,0,,,,,
Chase Daniel,QB,DET,9,MIN,94,1,13,8,1,5,0,1,0,0,0,0,0,0,0,0,0,0,0,0,0,0,,,,,
Chase Edmonds,RB,ARI,9,MIA,0,0,0,0,0,70,0,25,3,18,0,3,0,0,0,0,0,0,0,0,0,0,,,,,
Chris Boswell,K,PIT,9,DAL,0,0,0,0,0,0,0,0,0,0,0,0,0,0,0,0,0,0,1,1,0,0,,,,,
Chris Conley,WR,JAX,9,HOU,0,0,0,0,0,0,0,0,7,52,0,8,0,0,0,0,0,0,0,0,0,0,,,,,
Chris Godwin Jr.,WR,TB,9,NO,0,0,0,0,0,0,0,0,3,41,0,6,0,0,0,0,0,0,0,0,0,0,,,,,
Chris Thompson,RB,JAX,9,HOU,0,0,0,0,0,3,0,1,4,35,0,4,0,0,0,0,0,0,0,0,0,0,,,,,
Christian Blake,WR,ATL,9,DEN,0,0,0,0,0,0,0,0,3,31,0,3,0,0,0,0,0,0,0,0,0,0,,,,,
Christian Kirk,WR,ARI,9,MIA,0,0,0,0,0,0,0,0,5,123,1,8,0,0,0,0,0,0,0,0,0,0,,,,,
Christian McCaffrey,RB,CAR,9,KC,0,0,0,0,0,69,1,18,10,82,1,10,0,0,0,0,0,0,0,0,0,0,,,,,
Clyde Edwards-Helaire,RB,KC,9,CAR,0,0,0,0,0,14,0,5,3,20,1,5,0,0,0,0,0,0,0,0,0,0,,,,,
Cole Beasley,WR,BUF,9,SEA,0,0,0,0,0,0,0,0,3,39,0,3,0,0,0,0,0,0,0,0,0,0,,,,,
Collin Johnson,WR,JAX,9,HOU,0,0,0,0,0,0,0,0,1,9,0,2,0,0,0,0,0,0,0,0,0,0,,,,,
Cordarrelle Patterson,RB,CHI,9,TEN,0,0,0,0,0,13,0,3,4,27,0,4,0,0,0,0,0,0,0,0,0,0,,,,,
Corey Davis,WR,TEN,9,CHI,0,0,0,0,0,0,0,0,0,0,0,3,0,0,0,0,0,0,0,0,0,0,,,,,
Cullen Gillaspia,RB,HOU,9,JAX,0,0,0,0,0,0,0,0,0,0,0,0,0,0,0,0,0,0,0,0,0,0,,,,,
Curtis Samuel,WR,CAR,9,KC,0,0,0,0,0,13,0,3,9,105,1,9,0,0,0,0,0,0,0,0,0,0,,,,,
D'Andre Swift,RB,DET,9,MIN,0,0,0,0,0,64,0,13,3,33,0,5,0,0,0,0,0,0,0,0,0,0,,,,,
D'Onta Foreman,RB,TEN,9,CHI,0,0,0,0,0,11,0,5,0,0,0,0,0,0,0,0,0,0,0,0,0,0,,,,,
D.J. Foster,RB,ARI,9,MIA,0,0,0,0,0,2,0,1,1,7,0,1,0,0,0,0,0,0,0,0,0,0,,,,,
DAL,DEF,DAL,9,PIT,,,,,,,,,,,,,,,,,,,,,,,0,0,0,0,24.0
DEN,DEF,DEN,9,ATL,,,,,,,,,,,,,,,,,,,,,,,0,0,0,0,34.0
DET,DEF,DET,9,MIN,,,,,,,,,,,,,,,,,,,,,,,0,0,0,0,34.0
DJ Chark,WR,JAX,9,HOU,0,0,0,0,0,0,0,0,7,146,1,12,0,0,0,0,0,0,0,0,0,0,,,,,
DJ Moore,WR,CAR,9,KC,0,0,0,0,0,0,0,0,2,18,0,3,0,0,0,0,0,0,0,0,0,0,,,,,
DK Metcalf,WR,SEA,9,BUF,0,0,0,0,0,0,0,0,7,108,1,9,0,0,0,0,0,0,0,0,0,0,,,,,
DaeSean Hamilton,WR,DEN,9,ATL,0,0,0,0,0,0,0,0,2,12,0,2,0,0,0,0,0,0,0,0,0,0,,,,,
Dalton Schultz,TE,DAL,9,PIT,0,0,0,0,0,0,0,0,4,48,0,7,0,0,0,0,0,0,0,0,0,0,,,,,
Dalvin Cook,RB,MIN,9,DET,0,0,0,0,0,206,2,22,2,46,0,2,0,0,0,0,0,0,0,0,0,0,,,,,
Damien Harris,RB,NE,9,NYJ,0,0,0,0,0,71,0,14,0,0,0,0,0,0,0,0,0,0,0,0,0,0,,,,,
Damiere Byrd,WR,NE,9,NYJ,0,0,0,0,0,0,0,0,5,65,0,9,0,0,0,0,0,0,0,0,0,0,,,,,
Dan Arnold,TE,ARI,9,MIA,0,0,0,0,0,0,0,0,1,16,0,1,0,0,0,0,0,0,0,0,0,0,,,,,
Dan Bailey,K,MIN,9,DET,0,0,0,0,0,0,0,0,0,0,0,0,0,0,0,0,0,0,0,0,0,4,,,,,
Dan Chisena,WR,MIN,9,DET,0,0,0,0,0,0,0,0,0,0,0,0,0,0,0,0,0,0,0,0,0,0,,,,,
Daniel Carlson,K,LV,9,LAC,0,0,0,0,0,0,0,0,0,0,0,0,0,0,0,0,0,1,0,0,0,4,,,,,
Daniel Jones,QB,NYG,9,WAS,212,1,34,23,0,4,0,6,0,0,0,0,0,0,0,0,0,0,0,0,0,0,,,,,
Danny Amendola,WR,DET,9,MIN,0,0,0,0,0,2,0,1,7,77,0,10,0,0,0,0,0,0,0,0,0,0,,,,,
Darius Slayton,WR,NYG,9,WAS,0,0,0,0,0,2,0,1,1,6,0,1,0,0,0,0,0,0,0,0,0,0,,,,,
Darnell Mooney,WR,CHI,9,TEN,0,0,0,0,0,0,0,0,5,43,0,11,0,0,0,0,0,0,0,0,0,0,,,,,
Darrel Williams,RB,KC,9,CAR,0,0,0,0,0,0,0,0,1,3,0,1,0,0,0,0,0,0,0,0,0,0,,,,,
Darrell Daniels,TE,ARI,9,MIA,0,0,0,0,0,0,0,0,1,21,1,1,0,0,0,0,0,0,0,0,0,0,,,,,
Darren Fells,TE,HOU,9,JAX,0,0,0,0,0,0,0,0,2,26,0,2,0,0,0,0,0,0,0,0,0,0,,,,,
Darren Waller,TE,LV,9,LAC,0,0,0,0,0,0,0,0,5,22,1,10,0,0,0,0,0,0,0,0,0,0,,,,,
Darrius Shepherd,WR,GB,9,SF,0,0,0,0,0,0,0,0,1,3,0,1,0,0,0,0,0,0,0,0,0,0,,,,,
Davante Adams,WR,GB,9,SF,0,0,0,0,0,0,0,0,10,173,1,12,0,0,0,0,0,0,0,0,0,0,,,,,
David Johnson,RB,HOU,9,JAX,0,0,0,0,0,16,0,2,0,0,0,1,0,0,0,0,0,0,0,0,0,0,,,,,
David Montgomery,RB,CHI,9,TEN,0,0,0,0,0,30,0,14,3,12,0,3,0,0,0,0,0,0,0,0,0,0,,,,,
David Moore,WR,SEA,9,BUF,0,0,0,0,0,0,0,0,4,71,1,6,0,0,0,0,0,0,0,0,0,0,,,,,
De'Michael Harris,WR,IND,9,BAL,0,0,0,0,0,28,0,2,4,27,0,4,0,0,0,0,0,0,0,0,0,0,,,,,
DeAndre Carter,WR,HOU,9,JAX,0,0,0,0,0,0,0,0,0,0,0,0,0,0,0,0,0,0,0,0,0,0,,,,,
DeAndre Hopkins,WR,ARI,9,MIA,0,0,0,0,0,0,0,0,3,30,0,3,0,0,0,0,0,0,0,0,0,0,,,,,
DeVante Parker,WR,MIA,9,ARI,0,0,0,0,0,0,0,0,6,64,0,7,0,0,0,0,0,0,0,0,0,0,,,,,
DeeJay Dallas,RB,SEA,9,BUF,0,0,0,0,0,31,1,7,2,8,0,2,0,0,0,0,0,0,0,0,0,0,,,,,
Demarcus Robinson,WR,KC,9,CAR,0,0,0,0,0,0,0,0,3,34,1,3,0,0,0,0,0,0,0,0,0,0,,,,,
Denzel Mims,WR,NYJ,9,NE,0,0,0,0,0,0,0,0,4,62,0,8,0,0,0,0,0,0,0,0,0,0,,,,,
Deonte Harty,WR,NO,9,TB,0,0,0,0,0,0,0,0,1,40,0,1,0,0,0,0,0,0,0,0,0,0,,,,,
Derek Carr,QB,LV,9,LAC,165,2,23,13,0,14,0,2,0,0,0,0,0,0,0,0,0,0,0,0,0,0,,,,,
Derek Carrier,TE,LV,9,LAC,0,0,0,0,0,0,0,0,0,0,0,0,0,0,0,0,0,0,0,0,0,0,,,,,
Derrick Henry,RB,TEN,9,CHI,0,0,0,0,0,68,0,21,0,0,0,0,0,0,0,0,0,0,0,0,0,0,,,,,
Deshaun Watson,QB,HOU,9,JAX,281,2,32,19,0,50,0,10,0,0,0,0,0,0,0,0,0,0,0,0,0,0,,,,,
Devin Duvernay,WR,BAL,9,IND,0,0,0,0,0,-1,0,1,0,0,0,0,0,0,0,0,0,0,0,0,0,0,,,,,
Devin Singletary,RB,BUF,9,SEA,0,0,0,0,0,1,0,2,3,33,0,3,0,0,0,0,0,0,0,0,0,0,,,,,
Devontae Booker,RB,LV,9,LAC,0,0,0,0,0,68,1,8,0,0,0,0,0,0,0,0,0,0,0,0,0,0,,,,,
Dexter Williams,RB,GB,9,SF,0,0,0,0,0,8,0,2,0,0,0,0,0,0,0,0,0,0,0,0,0,0,,,,,
Dion Lewis,RB,NYG,9,WAS,0,0,0,0,0,5,0,3,2,16,0,2,0,0,0,0,0,0,0,0,0,0,,,,,
Diontae Johnson,WR,PIT,9,DAL,0,0,0,0,0,4,0,1,6,77,0,10,0,0,0,0,0,0,0,0,0,0,,,,,
Donald Parham,TE,LAC,9,LV,0,0,0,0,0,0,0,0,0,0,0,3,0,0,0,0,0,0,0,0,0,0,,,,,
Drew Brees,QB,NO,9,TB,222,4,32,26,0,-2,0,2,0,0,0,0,0,0,0,0,0,0,0,0,0,0,,,,,
Drew Lock,QB,DEN,9,ATL,313,2,48,25,1,47,1,7,0,0,0,0,0,0,0,0,0,0,0,0,0,0,,,,,
Duke Johnson,RB,HOU,9,JAX,0,0,0,0,0,41,1,16,4,32,0,4,0,0,0,0,0,0,0,0,0,0,,,,,
Durham Smythe,TE,MIA,9,ARI,0,0,0,0,0,0,0,0,1,19,0,1,0,0,0,0,0,0,0,0,0,0,,,,,
Dustin Hopkins,K,WAS,9,NYG,0,0,0,0,0,0,0,0,0,0,0,0,0,0,0,0,0,0,2,0,0,2,,,,,
Dwayne Harris,WR,CHI,9,TEN,0,0,0,0,0,0,0,0,0,0,0,0,0,0,0,0,0,0,0,0,0,0,,,,,
Dwayne Washington,RB,NO,9,TB,0,0,0,0,0,9,0,5,0,0,0,0,0,0,0,0,0,0,0,0,0,0,,,,,
Emmanuel Sanders,WR,NO,9,TB,0,0,0,0,0,0,0,0,4,38,1,5,0,0,0,0,0,0,0,0,0,0,,,,,
Eric Ebron,TE,PIT,9,DAL,0,0,0,0,0,0,0,0,3,22,1,6,0,0,0,0,0,0,0,0,0,0,,,,,
Evan Engram,TE,NYG,9,WAS,0,0,0,0,0,0,0,0,5,48,1,10,0,0,0,0,0,0,0,0,0,0,,,,,
Ezekiel Elliott,RB,DAL,9,PIT,0,0,0,0,0,51,0,18,2,18,0,3,0,0,0,0,0,0,0,0,0,0,,,,,
Frank Gore,RB,NYJ,9,NE,0,0,0,0,0,46,0,12,2,13,0,2,0,0,0,0,0,0,0,0,0,0,,,,,
Freddie Swain,WR,SEA,9,BUF,0,0,0,0,0,0,0,0,0,0,0,2,0,0,0,0,0,0,0,0,0,0,,,,,
GB,DEF,GB,9,SF,,,,,,,,,,,,,,,,,,,,,,,0,0,0,0,17.0
Gabe Davis,WR,BUF,9,SEA,0,0,0,0,0,0,0,0,4,70,1,5,0,0,0,0,0,0,0,0,0,0,,,,,
Garrett Gilbert,QB,DAL,9,PIT,243,1,38,21,1,28,0,3,0,0,0,0,0,0,0,0,0,0,0,0,0,0,,,,,
Graham Gano,K,NYG,9,WAS,0,0,0,0,0,0,0,0,0,0,0,0,0,0,0,0,0,1,2,0,0,2,,,,,
Greg Olsen,TE,SEA,9,BUF,0,0,0,0,0,0,0,0,2,13,0,3,0,0,0,0,0,0,0,0,0,0,,,,,
Greg Zuerlein,K,DAL,9,PIT,0,0,0,0,0,0,0,0,0,0,0,0,0,0,0,0,0,2,2,0,0,1,,,,,
Gunner Olszewski,WR,NE,9,NYJ,0,0,0,0,0,16,0,3,1,-1,0,1,0,0,0,0,0,0,0,0,0,0,,,,,
Gus Edwards,RB,BAL,9,IND,0,0,0,0,0,23,1,11,2,11,0,2,0,0,0,0,0,0,0,0,0,0,,,,,
HOU,DEF,HOU,9,JAX,,,,,,,,,,,,,,,,,,,,,,,0,0,0,0,25.0
Harrison Butker,K,KC,9,CAR,0,0,0,0,0,0,0,0,0,0,0,0,0,0,0,0,0,1,0,1,0,3,,,,,
Hayden Hurst,TE,ATL,9,DEN,0,0,0,0,0,0,0,0,7,62,0,8,0,0,0,0,0,0,0,0,0,0,,,,,
Henry Ruggs III,WR,LV,9,LAC,0,0,0,0,0,10,0,1,0,0,0,3,0,0,0,0,0,0,0,0,0,0,,,,,
Hunter Henry,TE,LAC,9,LV,0,0,0,0,0,0,0,0,4,33,0,7,0,0,0,0,0,0,0,0,0,0,,,,,
Hunter Renfrow,WR,LV,9,LAC,0,0,0,0,0,0,0,0,2,60,0,3,0,0,0,0,0,0,0,0,0,0,,,,,
IND,DEF,IND,9,BAL,,,,,,,,,,,,,,,,,,,,,,,0,0,0,0,24.0
Ian Thomas,TE,CAR,9,KC,0,0,0,0,0,0,0,0,1,8,0,2,0,0,0,0,0,0,0,0,0,0,,,,,
Irv Smith,TE,MIN,9,DET,0,0,0,0,0,0,0,0,2,10,2,4,0,0,0,0,0,0,0,0,0,0,,,,,
Isaiah McKenzie,WR,BUF,9,SEA,0,0,0,0,0,1,0,1,1,25,1,1,0,0,0,0,0,0,0,0,0,0,,,,,
Isaiah Wright,WR,WAS,9,NYG,0,0,0,0,0,0,0,0,3,30,0,3,0,0,0,0,0,0,0,0,0,0,,,,,
J.D. McKissic,RB,WAS,9,NYG,0,0,0,0,0,17,0,3,9,65,0,14,0,0,0,0,0,0,0,0,0,0,,,,,
J.K. Dobbins,RB,BAL,9,IND,0,0,0,0,0,30,0,12,2,5,0,2,0,0,0,0,0,0,0,0,0,0,,,,,
J.P. Holtz,TE,CHI,9,TEN,0,0,0,0,0,0,0,0,0,0,0,0,0,0,0,0,0,0,0,0,0,0,,,,,
JAX,DEF,JAX,9,HOU,,,,,,,,,,,,,,,,,,,,,,,0,0,0,0,27.0
JaMycal Hasty,RB,SF,9,GB,0,0,0,0,0,3,0,4,2,10,0,2,0,0,0,0,0,0,0,0,0,0,,,,,
Jace Sternberger,TE,GB,9,SF,0,0,0,0,0,0,0,0,1,1,0,1,0,0,0,0,0,0,0,0,0,0,,,,,
Jack Doyle,TE,IND,9,BAL,0,0,0,0,0,0,0,0,0,0,0,2,0,0,0,0,0,0,0,0,0,0,,,,,
Jacob Hollister,TE,SEA,9,BUF,0,0,0,0,0,0,0,0,5,60,0,7,0,0,0,0,0,0,0,0,0,0,,,,,
Jacoby Brissett,QB,IND,9,BAL,0,0,1,0,0,0,0,0,0,0,0,0,0,0,0,0,0,0,0,0,0,0,,,,,
Jaeden Graham,TE,ATL,9,DEN,0,0,0,0,0,0,0,0,0,0,0,0,0,0,0,0,0,0,0,0,0,0,,,,,
Jake Luton,QB,JAX,9,HOU,304,1,38,26,1,13,1,1,0,0,0,0,0,0,0,0,0,0,0,0,0,0,,,,,
Jakeem Grant,WR,MIA,9,ARI,0,0,0,0,0,0,0,0,4,35,0,5,0,0,0,0,0,0,0,0,0,0,,,,,
Jakob Johnson,RB,NE,9,NYJ,0,0,0,0,0,0,0,0,2,6,0,2,0,0,0,0,0,0,0,0,0,0,,,,,
Jakobi Meyers,WR,NE,9,NYJ,0,0,0,0,0,0,0,0,12,169,0,14,0,0,0,0,0,0,0,0,0,0,,,,,
Jalen Guyton,WR,LAC,9,LV,0,0,0,0,0,0,0,0,1,9,0,2,0,0,0,0,0,0,0,0,0,0,,,,,
Jalen Richard,RB,LV,9,LAC,0,0,0,0,0,3,0,1,1,19,0,1,0,0,0,0,0,0,0,0,0,0,,,,,
Jameis Winston,QB,NO,9,TB,12,0,1,1,0,-3,0,3,0,0,0,0,0,0,0,0,0,0,0,0,0,0,,,,,
James Conner,RB,PIT,9,DAL,0,0,0,0,0,22,0,9,2,-2,0,2,0,0,0,0,0,0,0,0,0,0,,,,,
James O'Shaughnessy,TE,JAX,9,HOU,0,0,0,0,0,0,0,0,1,9,0,2,0,0,0,0,0,0,0,0,0,0,,,,,
James Proche,WR,BAL,9,IND,0,0,0,0,0,0,0,0,0,0,0,0,0,0,0,0,0,0,0,0,0,0,,,,,
James Robinson,RB,JAX,9,HOU,0,0,0,0,0,99,1,25,0,0,0,2,0,0,0,0,0,0,0,0,0,0,,,,,
James Washington,WR,PIT,9,DAL,0,0,0,0,0,0,0,0,1,17,1,2,0,0,0,0,0,0,0,0,0,0,,,,,
James White,RB,NE,9,NYJ,0,0,0,0,0,0,0,2,4,24,0,5,0,0,0,0,0,0,0,0,0,0,,,,,
Jamison Crowder,WR,NYJ,9,NE,0,0,0,0,0,0,0,0,2,26,1,2,0,0,0,0,0,0,0,0,0,0,,,,,
Jared Cook,TE,NO,9,TB,0,0,0,0,0,0,0,0,2,30,0,3,0,0,0,0,0,0,0,0,0,0,,,,,
Jason Myers,K,SEA,9,BUF,0,0,0,0,0,0,0,0,0,0,0,0,0,0,0,0,0,0,2,0,0,4,,,,,
Jason Sanders,K,MIA,9,ARI,0,0,0,0,0,0,0,0,0,0,0,0,0,0,0,0,0,0,0,2,0,4,,,,,
Jason Witten,TE,LV,9,LAC,0,0,0,0,0,0,0,0,1,0,0,1,0,0,0,0,0,0,0,0,0,0,,,,,
Jaydon Mickens,WR,TB,9,NO,0,0,0,0,0,0,0,0,0,0,0,0,0,0,0,0,0,0,0,0,0,0,,,,,
Jeremy McNichols,RB,TEN,9,CHI,0,0,0,0,0,10,0,2,0,0,0,0,0,0,0,0,0,0,0,0,0,0,,,,,
Jerick McKinnon,RB,SF,9,GB,0,0,0,0,0,52,1,12,3,16,0,4,0,0,0,0,0,0,0,0,0,0,,,,,
Jerry Jeudy,WR,DEN,9,ATL,0,0,0,0,0,0,0,0,7,125,1,14,0,0,0,0,0,0,0,0,0,0,,,,,
Jesse James,TE,DET,9,MIN,0,0,0,0,0,0,0,0,1,0,0,1,0,0,0,0,0,0,0,0,0,0,,,,,
Jimmy Graham,TE,CHI,9,TEN,0,0,0,0,0,0,0,0,6,55,1,6,0,0,0,0,0,0,0,0,0,0,,,,,
Joe Flacco,QB,NYJ,9,NE,262,3,25,18,1,0,0,0,0,0,0,0,0,0,0,0,0,0,0,0,0,0,,,,,
Joe Reed,WR,LAC,9,LV,0,0,0,0,0,7,0,2,0,0,0,1,0,0,0,0,0,0,0,0,0,0,,,,,
Joey Slye,K,CAR,9,KC,0,0,0,0,0,0,0,0,0,0,0,0,0,0,0,0,0,0,1,0,0,4,,,,,
John Brown,WR,BUF,9,SEA,0,0,0,0,0,0,0,0,8,99,0,11,0,0,0,0,0,0,0,0,0,0,,,,,
Jonathan Taylor,RB,IND,9,BAL,0,0,0,0,0,27,1,6,2,7,0,2,0,0,0,0,0,0,0,0,0,0,,,,,
Jonathan Ward,RB,ARI,9,MIA,0,0,0,0,0,0,0,0,0,0,0,0,0,0,0,0,0,0,0,0,0,0,,,,,
Jonnu Smith,TE,TEN,9,CHI,0,0,0,0,0,0,0,0,2,32,1,2,0,0,0,0,0,0,0,0,0,0,,,,,
Jordan Akins,TE,HOU,9,JAX,0,0,0,0,0,0,0,0,2,19,0,4,0,0,0,0,0,0,0,0,0,0,,,,,
Jordan Howard,RB,MIA,9,ARI,0,0,0,0,0,19,1,10,0,0,0,0,0,0,0,0,0,0,0,0,0,0,,,,,
Jordan Reed,TE,SF,9,GB,0,0,0,0,0,0,0,0,1,3,0,2,0,0,0,0,0,0,0,0,0,0,,,,,
Jordan Wilkins,RB,IND,9,BAL,0,0,0,0,0,39,0,11,2,-1,0,2,0,0,0,0,0,0,0,0,0,0,,,,,
Josh Allen,QB,BUF,9,SEA,415,3,38,31,0,14,1,7,0,0,0,0,0,0,0,0,0,0,0,0,0,0,,,,,
Josh Hill,TE,NO,9,TB,0,0,0,0,0,0,0,0,2,14,1,2,0,0,0,0,0,0,0,0,0,0,,,,,
Josh Jacobs,RB,LV,9,LAC,0,0,0,0,0,65,1,14,1,3,0,1,0,0,0,0,0,0,0,0,0,0,,,,,
Josh Lambo,K,JAX,9,HOU,0,0,0,0,0,0,0,0,0,0,0,0,0,0,0,0,0,1,0,1,0,1,,,,,
Joshua Kelley,RB,LAC,9,LV,0,0,0,0,0,28,0,9,5,31,0,5,0,0,0,0,0,0,0,0,0,0,,,,,
JuJu Smith-Schuster,WR,PIT,9,DAL,0,0,0,0,0,0,0,0,6,93,1,7,0,0,0,0,0,0,0,0,0,0,,,,,
Julio Jones,WR,ATL,9,DEN,0,0,0,0,0,0,0,0,5,54,1,7,0,0,0,0,0,0,0,0,0,0,,,,,
Justice Hill,RB,BAL,9,IND,0,0,0,0,0,0,0,0,0,0,0,0,0,0,0,0,0,0,0,0,0,0,,,,,
Justin Herbert,QB,LAC,9,LV,326,2,42,28,0,24,0,5,0,0,0,0,0,0,0,0,0,0,0,0,0,0,,,,,
Justin Jefferson,WR,MIN,9,DET,0,0,0,0,0,0,0,0,3,64,0,4,0,0,0,0,0,0,0,0,0,0,,,,,
Justin Tucker,K,BAL,9,IND,0,0,0,0,0,0,0,0,0,0,0,0,0,0,0,0,0,0,1,0,0,3,,,,,
K.J. Hill,WR,LAC,9,LV,0,0,0,0,0,0,0,0,0,0,0,0,0,0,0,0,0,0,0,0,0,0,,,,,
K.J. Osborn,WR,MIN,9,DET,0,0,0,0,0,0,0,0,0,0,0,0,0,0,0,0,0,0,0,0,0,0,,,,,
KC,DEF,KC,9,CAR,,,,,,,,,,,,,,,,,,,,,,,0,0,0,0,31.0
KJ Hamler,WR,DEN,9,ATL,0,0,0,0,0,15,0,1,6,75,0,10,0,0,0,0,0,0,0,0,0,0,,,,,
Ka'imi Fairbairn,K,HOU,9,JAX,0,0,0,0,0,0,0,0,0,0,0,0,0,0,0,0,0,1,0,1,0,3,,,,,
Kaden Smith,TE,NYG,9,WAS,0,0,0,0,0,0,0,0,1,8,0,1,0,0,0,0,0,0,0,0,0,0,,,,,
Kalen Ballage,RB,LAC,9,LV,0,0,0,0,0,69,1,15,2,15,0,3,0,0,0,0,0,0,0,0,0,0,,,,,
Kalif Raymond,WR,TEN,9,CHI,0,0,0,0,0,0,0,0,0,0,0,0,0,0,0,0,0,0,0,0,0,0,,,,,
Keelan Cole,WR,JAX,9,HOU,0,0,0,0,0,0,0,0,1,6,0,2,0,0,0,0,0,0,0,0,0,0,,,,,
Keenan Allen,WR,LAC,9,LV,0,0,0,0,0,0,0,0,9,103,1,11,0,0,0,0,0,0,0,0,0,0,,,,,
Kerryon Johnson,RB,DET,9,MIN,0,0,0,0,0,29,0,4,3,36,0,3,0,0,0,0,0,0,0,0,0,0,,,,,
Kirk Cousins,QB,MIN,9,DET,220,3,20,13,0,0,0,0,0,0,0,0,0,0,0,0,0,0,0,0,0,0,,,,,
Kyle Allen,QB,WAS,9,NYG,62,0,7,5,0,0,0,0,0,0,0,0,0,0,0,0,0,0,0,0,0,0,,,,,
Kyle Juszczyk,RB,SF,9,GB,0,0,0,0,0,0,0,0,1,4,0,1,0,0,0,0,0,0,0,0,0,0,,,,,
Kyle Rudolph,TE,MIN,9,DET,0,0,0,0,0,0,0,0,3,40,0,4,0,0,0,0,0,0,0,0,0,0,,,,,
Kyler Murray,QB,ARI,9,MIA,283,3,26,21,0,106,1,11,0,0,0,0,0,0,0,0,0,0,0,0,0,0,,,,,
LAC,DEF,LAC,9,LV,,,,,,,,,,,,,,,,,,,,,,,0,0,0,0,31.0
LV,DEF,LV,9,LAC,,,,,,,,,,,,,,,,,,,,,,,0,0,0,0,26.0
La'Mical Perine,RB,NYJ,9,NE,0,0,0,0,0,19,0,6,2,19,0,2,0,0,0,0,0,0,0,0,0,0,,,,,
Lamar Jackson,QB,BAL,9,IND,170,0,23,19,0,58,1,13,0,0,0,0,0,0,0,0,0,0,0,0,0,0,,,,,
Larry Fitzgerald,WR,ARI,9,MIA,0,0,0,0,0,0,0,0,4,54,0,5,0,0,0,0,0,0,0,0,0,0,,,,,
Latavius Murray,RB,NO,9,TB,0,0,0,0,0,39,0,10,2,3,0,2,0,0,0,0,0,0,0,0,0,0,,,,,
Laviska Shenault Jr.,WR,JAX,9,HOU,0,0,0,0,0,0,0,0,1,-1,0,1,0,0,0,0,0,0,0,0,0,0,,,,,
Le'Veon Bell,RB,KC,9,CAR,0,0,0,0,0,8,0,4,1,-5,0,1,0,0,0,0,0,0,0,0,0,0,,,,,
Leonard Fournette,RB,TB,9,NO,0,0,0,0,0,0,0,1,6,41,0,6,0,0,0,0,0,0,0,0,0,0,,,,,
Levine Toilolo,TE,NYG,9,WAS,0,0,0,0,0,0,0,0,1,0,0,1,0,0,0,0,0,0,0,0,0,0,,,,,
Logan Thomas,TE,WAS,9,NYG,0,0,0,0,0,0,0,0,3,28,0,6,0,0,0,0,0,0,0,0,0,0,,,,,
Luke Stocker,TE,ATL,9,DEN,0,0,0,0,0,0,0,0,1,12,0,1,0,0,0,0,0,0,0,0,0,0,,,,,
MIA,DEF,MIA,9,ARI,,,,,,,,,,,,,,,,,,,,,,,0,0,0,0,31.0
MIN,DEF,MIN,9,DET,,,,,,,,,,,,,,,,,,,,,,,0,0,0,0,20.0
Mack Hollins,WR,MIA,9,ARI,0,0,0,0,0,0,0,0,1,11,1,1,0,0,0,0,0,0,0,0,0,0,,,,,
Malcolm Perry,RB,MIA,9,ARI,0,0,0,0,0,0,0,0,0,0,0,1,0,0,0,0,0,0,0,0,0,0,,,,,
Malik Taylor,WR,GB,9,SF,0,0,0,0,0,9,0,1,0,0,0,0,0,0,0,0,0,0,0,0,0,0,,,,,
Marcedes Lewis,TE,GB,9,SF,0,0,0,0,0,0,0,0,1,1,1,1,0,0,0,0,0,0,0,0,0,0,,,,,
Marcus Johnson,WR,IND,9,BAL,0,0,0,0,0,0,0,0,2,14,0,7,0,0,0,0,0,0,0,0,0,0,,,,,
Mark Andrews,TE,BAL,9,IND,0,0,0,0,0,0,0,0,3,22,0,5,0,0,0,0,0,0,0,0,0,0,,,,,
Marquez Callaway,WR,NO,9,TB,0,0,0,0,0,0,0,0,2,11,0,2,0,0,0,0,0,0,0,0,0,0,,,,,
Marquez Valdes-Scantling,WR,GB,9,SF,0,0,0,0,0,0,0,0,2,53,2,4,0,0,0,0,0,0,0,0,0,0,,,,,
Marquise Brown,WR,BAL,9,IND,0,0,0,0,0,0,0,0,3,38,0,5,0,0,0,0,0,0,0,0,0,0,,,,,
Marvin Hall,WR,DET,9,MIN,0,0,0,0,0,0,0,0,3,28,0,5,0,0,0,0,0,0,0,0,0,0,,,,,
Marvin Jones,WR,DET,9,MIN,0,0,0,0,0,0,0,0,3,43,1,4,0,0,0,0,0,0,0,0,0,0,,,,,
Mason Crosby,K,GB,9,SF,0,0,0,0,0,0,0,0,0,0,0,0,0,0,0,1,0,0,0,1,0,4,,,,,
Mason Rudolph,QB,PIT,9,DAL,3,0,3,2,0,0,0,0,0,0,0,0,0,0,0,0,0,0,0,0,0,0,,,,,
Matt Prater,K,DET,9,MIN,0,0,0,0,0,0,0,0,0,0,0,0,0,0,0,0,1,0,1,0,0,2,,,,,
Matt Ryan,QB,ATL,9,DEN,284,3,35,25,1,10,0,3,0,0,0,0,0,0,0,0,0,0,0,0,0,0,,,,,
Matthew Slater,WR,NE,9,NYJ,0,0,0,0,0,0,0,0,0,0,0,0,0,0,0,0,0,0,0,0,0,0,,,,,
Matthew Stafford,QB,DET,9,MIN,211,1,32,23,2,0,0,0,0,0,0,0,0,0,0,0,0,0,0,0,0,0,,,,,
Maxx Williams,TE,ARI,9,MIA,0,0,0,0,0,0,0,0,1,4,1,1,0,0,0,0,0,0,0,0,0,0,,,,,
Mecole Hardman,WR,KC,9,CAR,0,0,0,0,0,0,0,0,3,48,0,4,0,0,0,0,0,0,0,0,0,0,,,,,
Melvin Gordon,RB,DEN,9,ATL,0,0,0,0,0,18,0,6,1,9,0,1,0,0,0,0,0,0,0,0,0,0,,,,,
Michael Gallup,WR,DAL,9,PIT,0,0,0,0,0,0,0,0,3,36,0,7,0,0,0,0,0,0,0,0,0,0,,,,,
Michael Pittman,WR,IND,9,BAL,0,0,0,0,0,0,0,0,4,56,0,7,0,0,0,0,0,0,0,0,0,0,,,,,
Michael Thomas,WR,NO,9,TB,0,0,0,0,0,0,0,0,5,51,0,6,0,0,0,0,0,0,0,0,0,0,,,,,
Mike Badgley,K,LAC,9,LV,0,0,0,0,0,0,0,0,0,0,0,0,0,0,0,0,1,0,1,0,0,2,,,,,
Mike Boone,RB,MIN,9,DET,0,0,0,0,0,0,0,0,0,0,0,0,0,0,0,0,0,0,0,0,0,0,,,,,
Mike Davis,RB,CAR,9,KC,0,0,0,0,0,3,0,1,5,34,0,6,0,0,0,0,0,0,0,0,0,0,,,,,
Mike Evans,WR,TB,9,NO,0,0,0,0,0,0,0,0,4,64,0,6,0,0,0,0,0,0,0,0,0,0,,,,,
Mike Gesicki,TE,MIA,9,ARI,0,0,0,0,0,0,0,0,3,42,0,4,0,0,0,0,0,0,0,0,0,0,,,,,
Mike Williams,WR,LAC,9,LV,0,0,0,0,0,0,0,0,5,81,0,7,0,0,0,0,0,0,0,0,0,0,,,,,
Miles Boykin,WR,BAL,9,IND,0,0,0,0,0,0,0,0,1,11,0,1,0,0,0,0,0,0,0,0,0,0,,,,,
Mo Alie-Cox,TE,IND,9,BAL,0,0,0,0,0,0,0,0,3,43,0,3,0,0,0,0,0,0,0,0,0,0,,,,,
NE,DEF,NE,9,NYJ,,,,,,,,,,,,,,,,,,,,,,,0,0,0,0,27.0
NO,DEF,NO,9,TB,,,,,,,,,,,,,,,,,,,,,,,0,0,0,0,3.0
NYG,DEF,NYG,9,WAS,,,,,,,,,,,,,,,,,,,,,,,0,0,0,0,20.0
NYJ,DEF,NYJ,9,NE,,,,,,,,,,,,,,,,,,,,,,,0,0,0,0,30.0
Nelson Agholor,WR,LV,9,LAC,0,0,0,0,0,0,0,0,2,55,1,3,0,0,0,0,0,0,0,0,0,0,,,,,
Nick Boyle,TE,BAL,9,IND,0,0,0,0,0,0,0,0,4,46,0,4,0,0,0,0,0,0,0,0,0,0,,,,,
Nick Foles,QB,CHI,9,TEN,335,2,52,36,0,2,0,2,0,0,0,0,0,0,0,0,0,0,0,0,0,0,,,,,
Nick Folk,K,NE,9,NYJ,0,0,0,0,0,0,0,0,0,0,0,0,0,0,0,0,1,0,1,1,0,3,,,,,
Nick Keizer,TE,KC,9,CAR,0,0,0,0,0,0,0,0,0,0,0,0,0,0,0,0,0,0,0,0,0,0,,,,,
Nick Mullens,QB,SF,9,GB,291,1,35,22,1,0,0,1,0,0,0,0,0,0,0,0,0,0,0,0,0,0,,,,,
Nick Vannett,TE,DEN,9,ATL,0,0,0,0,0,0,0,0,1,11,0,1,0,0,0,0,0,0,0,0,0,0,,,,,
Noah Fant,TE,DEN,9,ATL,0,0,0,0,0,0,0,0,3,45,0,3,0,0,0,0,0,0,0,0,0,0,,,,,
Nyheim Hines,RB,IND,9,BAL,0,0,0,0,0,18,0,2,2,20,0,3,0,0,0,0,0,0,0,0,0,0,,,,,
Olamide Zaccheaus,WR,ATL,9,DEN,0,0,0,0,0,0,0,0,4,103,1,6,0,0,0,0,0,0,0,0,0,0,,,,,
PIT,DEF,PIT,9,DAL,,,,,,,,,,,,,,,,,,,,,,,0,0,0,0,19.0
Patrick Laird,RB,MIA,9,ARI,0,0,0,0,0,-1,0,1,1,17,0,1,0,0,0,0,0,0,0,0,0,0,,,,,
Patrick Mahomes,QB,KC,9,CAR,372,4,45,30,0,6,0,1,0,0,0,0,0,0,0,0,0,0,0,0,0,0,,,,,
Penny Hart,WR,SEA,9,BUF,0,0,0,0,0,0,0,0,0,0,0,0,0,0,0,0,0,0,0,0,0,0,,,,,
Pharaoh Brown,TE,HOU,9,JAX,0,0,0,0,0,0,0,0,0,0,0,1,0,0,0,0,0,0,0,0,0,0,,,,,
Pharoh Cooper,WR,CAR,9,KC,0,0,0,0,0,0,0,0,0,0,0,0,0,0,0,0,0,0,0,0,0,0,,,,,
Philip Rivers,QB,IND,9,BAL,227,0,43,25,1,0,0,0,0,0,0,0,0,0,0,0,0,0,0,0,0,0,,,,,
Phillip Lindsay,RB,DEN,9,ATL,0,0,0,0,0,23,0,8,0,0,0,3,0,0,0,0,0,0,0,0,0,0,,,,,
Preston Williams,WR,MIA,9,ARI,0,0,0,0,0,0,0,0,4,60,1,5,0,0,0,0,0,0,0,0,0,0,,,,,
Quintez Cephus,WR,DET,9,MIN,0,0,0,0,0,0,0,0,2,31,0,2,0,0,0,0,0,0,0,0,0,0,,,,,
Randall Cobb,WR,HOU,9,JAX,0,0,0,0,0,0,0,0,3,21,0,3,0,0,0,0,0,0,0,0,0,0,,,,,
Ray-Ray McCloud,WR,PIT,9,DAL,0,0,0,0,0,0,0,0,2,16,0,2,0,0,0,0,0,0,0,0,0,0,,,,,
Rex Burkhead,RB,NE,9,NYJ,0,0,0,0,0,56,1,12,3,11,0,3,0,0,0,0,0,0,0,0,0,0,,,,,
Richie James,WR,SF,9,GB,0,0,0,0,0,0,0,0,9,184,1,13,0,0,0,0,0,0,0,0,0,0,,,,,
Rico Dowdle,RB,DAL,9,PIT,0,0,0,0,0,0,0,0,0,0,0,0,0,0,0,0,0,0,0,0,0,0,,,,,
Riley Ridley,WR,CHI,9,TEN,0,0,0,0,0,0,0,0,2,23,0,2,0,0,0,0,0,0,0,0,0,0,,,,,
River Cracraft,WR,SF,9,GB,0,0,0,0,0,0,0,0,2,13,0,5,0,0,0,0,0,0,0,0,0,0,,,,,
Rob Gronkowski,TE,TB,9,NO,0,0,0,0,0,0,0,0,1,2,0,6,0,0,0,0,0,0,0,0,0,0,,,,,
Robbie Chosen,WR,CAR,9,KC,0,0,0,0,0,0,0,0,9,63,0,13,0,0,0,0,0,0,0,0,0,0,,,,,
Robbie Gould,K,SF,9,GB,0,0,0,0,0,0,0,0,0,0,0,0,0,0,0,0,1,0,0,0,0,2,,,,,
Robert Tonyan,TE,GB,9,SF,0,0,0,0,0,0,0,0,1,5,0,1,0,0,0,0,0,0,0,0,0,0,,,,,
Rodrigo Blankenship,K,IND,9,BAL,0,0,0,0,0,0,0,0,0,0,0,0,0,0,0,0,0,0,1,0,0,1,,,,,
Ronald Jones,RB,TB,9,NO,0,0,0,0,0,9,0,3,3,9,0,4,0,0,0,0,0,0,0,0,0,0,,,,,
Ross Dwelley,TE,SF,9,GB,0,0,0,0,0,0,0,0,3,52,0,3,0,0,0,0,0,0,0,0,0,0,,,,,
Russell Gage,WR,ATL,9,DEN,0,0,0,0,0,0,0,0,2,11,0,6,0,0,0,0,0,0,0,0,0,0,,,,,
Russell Wilson,QB,SEA,9,BUF,390,2,41,28,2,5,1,2,0,0,0,0,0,0,0,0,0,0,0,0,0,0,,,,,
Ryan Griffin,TE,NYJ,9,NE,0,0,0,0,0,0,0,0,2,28,0,2,0,0,0,0,0,0,0,0,0,0,,,,,
Ryan Nall,RB,CHI,9,TEN,0,0,0,0,0,0,0,0,4,35,1,4,0,0,0,0,0,0,0,0,0,0,,,,,
Ryan Succop,K,TB,9,NO,0,0,0,0,0,0,0,0,0,0,0,0,0,0,0,0,0,0,1,0,0,0,,,,,
Ryan Tannehill,QB,TEN,9,CHI,158,2,21,10,0,3,0,3,0,0,0,0,0,0,0,0,0,0,0,0,0,0,,,,,
SEA,DEF,SEA,9,BUF,,,,,,,,,,,,,,,,,,,,,,,0,0,0,0,44.0
SF,DEF,SF,9,GB,,,,,,,,,,,,,,,,,,,,,,,0,0,0,0,34.0
Salvon Ahmed,RB,MIA,9,ARI,0,0,0,0,0,38,0,7,0,0,0,0,0,0,0,0,0,0,0,0,0,0,,,,,
Scott Miller,WR,TB,9,NO,0,0,0,0,0,0,0,0,1,10,0,3,0,0,0,0,0,0,0,0,0,0,,,,,
Sergio Castillo,K,NYJ,9,NE,0,0,0,0,0,0,0,0,0,0,0,0,0,0,0,0,0,1,0,1,0,3,,,,,
Stefon Diggs,WR,BUF,9,SEA,0,0,0,0,0,0,0,0,9,118,0,12,0,0,0,0,0,0,0,0,0,0,,,,,
Stephen Anderson,TE,LAC,9,LV,0,0,0,0,0,0,0,0,0,0,0,0,0,0,0,0,0,0,0,0,0,0,,,,,
Stephen Gostkowski,K,TEN,9,CHI,0,0,0,0,0,0,0,0,0,0,0,0,0,0,0,0,0,0,1,0,0,3,,,,,
Sterling Shepard,WR,NYG,9,WAS,0,0,0,0,0,18,0,1,6,39,0,8,0,0,0,0,0,0,0,0,0,0,,,,,
Steven Sims,WR,WAS,9,NYG,0,0,0,0,0,0,0,0,1,4,0,1,0,0,0,0,0,0,0,0,0,0,,,,,
T.J. Hockenson,TE,DET,9,MIN,0,0,0,0,0,0,0,0,5,39,1,8,0,0,0,0,0,0,0,0,0,0,,,,,
TB,DEF,TB,9,NO,,,,,,,,,,,,,,,,,,,,,,,0,0,0,0,38.0
TEN,DEF,TEN,9,CHI,,,,,,,,,,,,,,,,,,,,,,,0,0,0,0,17.0
Taysom Hill,TE,NO,9,TB,48,0,2,2,0,54,0,7,1,21,0,1,0,0,0,0,0,0,0,0,0,0,,,,,
Teddy Bridgewater,QB,CAR,9,KC,310,2,49,36,0,19,1,2,0,0,0,0,0,0,0,0,0,0,0,0,0,0,,,,,
Terry McLaurin,WR,WAS,9,NYG,0,0,0,0,0,0,0,0,7,115,1,8,0,0,0,0,0,0,0,0,0,0,,,,,
Tim Boyle,QB,GB,9,SF,0,0,0,0,0,-1,0,1,0,0,0,0,0,0,0,0,0,0,0,0,0,0,,,,,
Tim Patrick,WR,DEN,9,ATL,0,0,0,0,0,0,0,0,4,29,1,9,0,0,0,0,0,0,0,0,0,0,,,,,
Todd Gurley,RB,ATL,9,DEN,0,0,0,0,0,53,1,19,2,2,0,2,0,0,0,0,0,0,0,0,0,0,,,,,
Tom Brady,QB,TB,9,NO,209,0,38,22,3,0,0,0,0,0,0,0,0,0,0,0,0,0,0,0,0,0,,,,,
Tony Pollard,RB,DAL,9,PIT,0,0,0,0,0,57,0,9,1,1,0,2,0,0,0,0,0,0,0,0,0,0,,,,,
Travis Homer,RB,SEA,9,BUF,0,0,0,0,0,16,0,6,3,64,0,3,0,0,0,0,0,0,0,0,0,0,,,,,
Travis Kelce,TE,KC,9,CAR,0,0,0,0,0,0,0,0,10,159,0,12,0,0,0,0,0,0,0,0,0,0,,,,,
Tre'Quan Smith,WR,NO,9,TB,0,0,0,0,0,0,0,0,1,14,1,2,0,0,0,0,0,0,0,0,0,0,,,,,
Trent Taylor,WR,SF,9,GB,0,0,0,0,0,0,0,0,1,9,0,4,0,0,0,0,0,0,0,0,0,0,,,,,
Trey Burton,TE,IND,9,BAL,0,0,0,0,0,0,0,0,1,6,0,4,0,0,0,0,0,0,0,0,0,0,,,,,
Tua Tagovailoa,QB,MIA,9,ARI,248,2,28,20,0,35,0,7,0,0,0,0,0,0,0,0,0,0,0,0,0,0,,,,,
Tyler Bass,K,BUF,9,SEA,0,0,0,0,0,0,0,0,0,0,0,0,0,0,0,0,1,1,1,0,0,5,,,,,
Tyler Conklin,TE,MIN,9,DET,0,0,0,0,0,0,0,0,0,0,0,0,0,0,0,0,0,0,0,0,0,0,,,,,
Tyler Eifert,TE,JAX,9,HOU,0,0,0,0,0,0,0,0,4,48,0,5,0,0,0,0,0,0,0,0,0,0,,,,,
Tyler Ervin,RB,GB,9,SF,0,0,0,0,0,24,0,8,4,48,0,5,0,0,0,0,0,0,0,0,0,0,,,,,
Tyler Johnson,WR,TB,9,NO,0,0,0,0,0,0,0,0,1,11,0,1,0,0,0,0,0,0,0,0,0,0,,,,,
Tyler Kroft,TE,BUF,9,SEA,0,0,0,0,0,0,0,0,1,1,1,1,0,0,0,0,0,0,0,0,0,0,,,,,
Tyler Lockett,WR,SEA,9,BUF,0,0,0,0,0,0,0,0,4,40,0,7,0,0,0,0,0,0,0,0,0,0,,,,,
Tyreek Hill,WR,KC,9,CAR,0,0,0,0,0,8,0,1,9,113,2,18,0,0,0,0,0,0,0,0,0,0,,,,,
Tyrie Cleveland,WR,DEN,9,ATL,0,0,0,0,0,0,0,0,0,0,0,1,0,0,0,0,0,0,0,0,0,0,,,,,
Tyrod Taylor,QB,LAC,9,LV,0,0,0,0,0,0,0,0,0,0,0,0,0,0,0,0,0,0,0,0,0,0,,,,,
Tyron Johnson,WR,LAC,9,LV,0,0,0,0,0,0,0,0,1,50,0,1,0,0,0,0,0,0,0,0,0,0,,,,,
Vance McDonald,TE,PIT,9,DAL,0,0,0,0,0,0,0,0,1,2,0,1,0,0,0,0,0,0,0,0,0,0,,,,,
WAS,DEF,WAS,9,NYG,,,,,,,,,,,,,,,,,,,,,,,0,0,0,0,23.0
Wayne Gallman,RB,NYG,9,WAS,0,0,0,0,0,68,1,14,1,9,0,2,0,0,0,0,0,0,0,0,0,0,,,,,
Wil Lutz,K,NO,9,TB,0,0,0,0,0,0,0,0,0,0,0,0,0,0,0,0,0,1,0,0,0,5,,,,,
Will Dissly,TE,SEA,9,BUF,0,0,0,0,0,0,0,0,1,26,0,1,0,0,0,0,0,0,0,0,0,0,,,,,
Will Fuller,WR,HOU,9,JAX,0,0,0,0,0,0,0,0,5,100,1,5,0,0,0,0,0,0,0,0,0,0,,,,,
Willie Snead,WR,BAL,9,IND,0,0,0,0,0,0,0,0,4,37,0,4,0,0,0,0,0,0,0,0,0,0,,,,,
Younghoe Koo,K,ATL,9,DEN,0,0,0,0,0,0,0,0,0,0,0,0,0,0,0,0,0,1,0,1,0,4,,,,,
Zach Pascal,WR,IND,9,BAL,0,0,0,0,0,0,0,0,5,55,0,6,0,0,0,0,0,0,0,0,0,0,,,,,
Zack Moss,RB,BUF,9,SEA,0,0,0,0,0,18,1,9,2,30,0,2,0,0,0,0,0,0,0,0,0,0,,,,,
Zane Gonzalez,K,ARI,9,MIA,0,0,0,0,0,0,0,0,0,0,0,0,0,0,0,0,0,1,0,0,0,4,,,,,
A.J. Brown,WR,TEN,10,IND,0,0,0,0,0,0,0,0,1,21,0,4,0,0,0,0,0,0,0,0,0,0,,,,,
A.J. Green,WR,CIN,10,PIT,0,0,0,0,0,0,0,0,0,0,0,5,0,0,0,0,0,0,0,0,0,0,,,,,
ARI,DEF,ARI,10,BUF,,,,,,,,,,,,,,,,,,,,,,,0,0,0,0,30.0
Aaron Jones,RB,GB,10,JAX,0,0,0,0,0,46,0,13,5,49,0,6,0,0,0,0,0,0,0,0,0,0,,,,,
Aaron Rodgers,QB,GB,10,JAX,325,2,34,24,1,4,1,3,0,0,0,0,0,0,0,0,0,0,0,0,0,0,,,,,
Adam Shaheen,TE,MIA,10,LAC,0,0,0,0,0,0,0,0,1,19,0,1,0,0,0,0,0,0,0,0,0,0,,,,,
Adam Thielen,WR,MIN,10,CHI,0,0,0,0,0,0,0,0,4,43,2,7,0,0,0,0,0,0,0,0,0,0,,,,,
Adrian Peterson,RB,DET,10,WAS,0,0,0,0,0,21,0,4,1,9,0,1,0,0,0,0,0,0,0,0,0,0,,,,,
Alex Armah,RB,CAR,10,TB,0,0,0,0,0,0,0,0,2,-5,0,2,0,0,0,0,0,0,0,0,0,0,,,,,
Alex Collins,RB,SEA,10,LA,0,0,0,0,0,43,1,11,1,4,0,2,0,0,0,0,0,0,0,0,0,0,,,,,
Alex Erickson,WR,CIN,10,PIT,0,0,0,0,0,0,0,0,0,0,0,0,0,0,0,0,0,0,0,0,0,0,,,,,
Alex Smith,QB,WAS,10,DET,390,0,55,38,0,4,0,2,0,0,0,0,0,0,0,0,0,0,0,0,0,0,,,,,
Alexander Mattison,RB,MIN,10,CHI,0,0,0,0,0,4,0,2,0,0,0,0,0,0,0,0,0,0,0,0,0,0,,,,,
Alfred Morris,RB,NYG,10,PHI,0,0,0,0,0,34,0,8,0,0,0,0,0,0,0,0,0,0,0,0,0,0,,,,,
Allen Robinson,WR,CHI,10,MIN,0,0,0,0,0,0,0,0,6,43,0,9,0,0,0,0,0,0,0,0,0,0,,,,,
Alshon Jeffery,WR,PHI,10,NYG,0,0,0,0,0,0,0,0,0,0,0,1,0,0,0,0,0,0,0,0,0,0,,,,,
Alvin Kamara,RB,NO,10,SF,0,0,0,0,0,15,2,8,7,83,1,8,0,0,0,0,0,0,0,0,0,0,,,,,
Andre Roberts,WR,BUF,10,ARI,0,0,0,0,0,0,0,0,0,0,0,0,0,0,0,0,0,0,0,0,0,0,,,,,
Andy Isabella,WR,ARI,10,BUF,0,0,0,0,0,0,0,0,1,14,0,1,0,0,0,0,0,0,0,0,0,0,,,,,
Anthony Firkser,TE,TEN,10,IND,0,0,0,0,0,0,0,0,1,5,0,3,0,0,0,0,0,0,0,0,0,0,,,,,
Anthony Miller,WR,CHI,10,MIN,0,0,0,0,0,0,0,0,2,28,0,7,0,0,0,0,0,0,0,0,0,0,,,,,
Antonio Brown,WR,TB,10,CAR,0,0,0,0,0,-3,0,1,7,69,0,8,0,0,0,0,0,0,0,0,0,0,,,,,
Antonio Gibson,RB,WAS,10,DET,0,0,0,0,0,45,2,13,4,20,0,4,0,0,0,0,0,0,0,0,0,0,,,,,
Artavis Pierce,RB,CHI,10,MIN,0,0,0,0,0,9,0,3,0,0,0,0,0,0,0,0,0,0,0,0,0,0,,,,,
Auden Tate,WR,CIN,10,PIT,0,0,0,0,0,0,0,0,2,24,0,4,0,0,0,0,0,0,0,0,0,0,,,,,
Austin Hooper,TE,CLE,10,HOU,0,0,0,0,0,0,0,0,1,11,0,2,0,0,0,0,0,0,0,0,0,0,,,,,
Austin Mack,WR,NYG,10,PHI,0,0,0,0,0,0,0,0,1,9,0,1,0,0,0,0,0,0,0,0,0,0,,,,,
Austin Walter,RB,SF,10,NO,0,0,0,0,0,3,0,1,1,27,0,1,0,0,0,0,0,0,0,0,0,0,,,,,
BAL,DEF,BAL,10,NE,,,,,,,,,,,,,,,,,,,,,,,0,0,0,0,23.0
BUF,DEF,BUF,10,ARI,,,,,,,,,,,,,,,,,,,,,,,0,0,0,0,32.0
Baker Mayfield,QB,CLE,10,HOU,132,0,20,12,0,1,0,3,0,0,0,0,0,0,0,0,0,0,0,0,0,0,,,,,
Ben Roethlisberger,QB,PIT,10,CIN,333,4,46,27,0,0,0,1,0,0,0,0,0,0,0,0,0,0,0,0,0,0,,,,,
Benny Snell,RB,PIT,10,CIN,0,0,0,0,0,12,0,3,0,0,0,0,0,0,0,0,0,0,0,0,0,0,,,,,
Bisi Johnson,WR,MIN,10,CHI,0,0,0,0,0,0,0,0,0,0,0,1,0,0,0,0,0,0,0,0,0,0,,,,,
Blaine Gabbert,QB,TB,10,CAR,0,0,0,0,0,0,0,3,0,0,0,0,0,0,0,0,0,0,0,0,0,0,,,,,
Boston Scott,RB,PHI,10,NYG,0,0,0,0,0,63,1,3,1,11,0,1,0,0,0,0,0,0,0,0,0,0,,,,,
Brandin Cooks,WR,HOU,10,CLE,0,0,0,0,0,0,0,0,6,39,0,8,0,0,0,0,0,0,0,0,0,0,,,,,
Brandon Aiyuk,WR,SF,10,NO,0,0,0,0,0,-8,0,1,7,75,1,14,0,0,0,0,0,0,0,0,0,0,,,,,
Brandon McManus,K,DEN,10,LV,0,0,0,0,0,0,0,0,0,0,0,0,0,0,0,0,0,1,0,1,0,0,,,,,
Bryan Edwards,WR,LV,10,DEN,0,0,0,0,0,0,0,0,1,16,0,1,0,0,0,0,0,0,0,0,0,0,,,,,
Buddy Howell,RB,HOU,10,CLE,0,0,0,0,0,0,0,0,0,0,0,0,0,0,0,0,0,0,0,0,0,0,,,,,
C.J. Beathard,QB,SF,10,NO,0,0,1,0,0,0,0,0,0,0,0,0,0,0,0,0,0,0,0,0,0,0,,,,,
C.J. Prosise,RB,HOU,10,CLE,0,0,0,0,0,0,0,0,1,-2,0,1,0,0,0,0,0,0,0,0,0,0,,,,,
CAR,DEF,CAR,10,TB,,,,,,,,,,,,,,,,,,,,,,,0,0,0,0,46.0
CHI,DEF,CHI,10,MIN,,,,,,,,,,,,,,,,,,,,,,,0,0,0,0,19.0
CIN,DEF,CIN,10,PIT,,,,,,,,,,,,,,,,,,,,,,,0,0,0,0,36.0
CLE,DEF,CLE,10,HOU,,,,,,,,,,,,,,,,,,,,,,,0,0,0,0,7.0
Cairo Santos,K,CHI,10,MIN,0,0,0,0,0,0,0,0,0,0,0,0,0,0,0,0,1,0,1,0,0,1,,,,,
Cam Akers,RB,LA,10,SEA,0,0,0,0,0,38,0,10,0,0,0,0,0,0,0,0,0,0,0,0,0,0,,,,,
Cam Newton,QB,NE,10,BAL,118,1,17,13,0,21,1,11,0,0,0,0,0,0,0,0,0,0,0,0,0,0,,,,,
Cam Sims,WR,WAS,10,DET,0,0,0,0,0,0,0,0,4,54,0,5,0,0,0,0,0,0,0,0,0,0,,,,,
Cameron Batson,WR,TEN,10,IND,0,0,0,0,0,0,0,0,2,8,0,2,0,0,0,0,0,0,0,0,0,0,,,,,
Cameron Brate,TE,TB,10,CAR,0,0,0,0,0,0,0,0,3,31,1,3,0,0,0,0,0,0,0,0,0,0,,,,,
Carson Wentz,QB,PHI,10,NYG,208,0,37,21,0,4,0,2,0,0,0,0,0,0,0,0,0,0,0,0,0,0,,,,,
Cethan Carter,TE,CIN,10,PIT,0,0,0,0,0,0,0,0,0,0,0,0,0,0,0,0,0,0,0,0,0,0,,,,,
Chad Beebe,WR,MIN,10,CHI,0,0,0,0,0,0,0,0,2,16,0,2,0,0,0,0,0,0,0,0,0,0,,,,,
Chase Claypool,WR,PIT,10,CIN,0,0,0,0,0,-3,0,2,4,56,2,10,0,0,0,0,0,0,0,0,0,0,,,,,
Chase Edmonds,RB,ARI,10,BUF,0,0,0,0,0,56,0,8,3,21,0,3,0,0,0,0,0,0,0,0,0,0,,,,,
Chase McLaughlin,K,JAX,10,GB,0,0,0,0,0,0,0,0,0,0,0,0,0,0,0,0,0,1,0,1,0,2,,,,,
Chris Boswell,K,PIT,10,CIN,0,0,0,0,0,0,0,0,0,0,0,0,0,0,0,0,0,1,2,0,0,3,,,,,
Chris Conley,WR,JAX,10,GB,0,0,0,0,0,0,0,0,4,43,0,8,0,0,0,0,0,0,0,0,0,0,,,,,
Chris Godwin Jr.,WR,TB,10,CAR,0,0,0,0,0,0,0,0,6,92,0,6,0,0,0,0,0,0,0,0,0,0,,,,,
Christian Kirk,WR,ARI,10,BUF,0,0,0,0,0,0,0,0,4,27,0,6,0,0,0,0,0,0,0,0,0,0,,,,,
Cody Parkey,K,CLE,10,HOU,0,0,0,0,0,0,0,0,0,0,0,0,0,0,0,0,0,0,1,0,0,1,,,,,
Cole Beasley,WR,BUF,10,ARI,0,0,0,0,0,0,0,0,11,109,1,13,0,0,0,0,0,0,0,0,0,0,,,,,
Cole Kmet,TE,CHI,10,MIN,0,0,0,0,0,0,0,0,1,7,0,3,0,0,0,0,0,0,0,0,0,0,,,,,
Colin Thompson,TE,CAR,10,TB,0,0,0,0,0,0,0,0,1,7,1,1,0,0,0,0,0,0,0,0,0,0,,,,,
Cooper Kupp,WR,LA,10,SEA,0,0,0,0,0,0,0,0,5,50,0,7,0,0,0,0,0,0,0,0,0,0,,,,,
Cordarrelle Patterson,RB,CHI,10,MIN,0,0,0,0,0,30,0,12,2,19,0,2,1,0,0,0,0,0,0,0,0,0,,,,,
Corey Clement,RB,PHI,10,NYG,0,0,0,0,0,5,1,1,0,0,0,0,0,0,0,0,0,0,0,0,0,0,,,,,
Corey Davis,WR,TEN,10,IND,0,0,0,0,0,0,0,0,5,67,0,6,0,0,0,0,0,0,0,0,0,0,,,,,
Cullen Gillaspia,RB,HOU,10,CLE,0,0,0,0,0,0,0,0,0,0,0,0,0,0,0,0,0,0,0,0,0,0,,,,,
Curtis Samuel,WR,CAR,10,TB,0,0,0,0,0,4,0,3,3,8,0,5,0,0,0,0,0,0,0,0,0,0,,,,,
D'Andre Swift,RB,DET,10,WAS,0,0,0,0,0,81,0,16,5,68,1,5,0,0,0,0,0,0,0,0,0,0,,,,,
D'Onta Foreman,RB,TEN,10,IND,0,0,0,0,0,18,0,7,1,5,1,1,0,0,0,0,0,0,0,0,0,0,,,,,
D.J. Foster,RB,ARI,10,BUF,0,0,0,0,0,0,0,0,0,0,0,0,0,0,0,0,0,0,0,0,0,0,,,,,
DEN,DEF,DEN,10,LV,,,,,,,,,,,,,,,,,,,,,,,0,0,0,0,37.0
DET,DEF,DET,10,WAS,,,,,,,,,,,,,,,,,,,,,,,0,0,0,0,27.0
DJ Chark,WR,JAX,10,GB,0,0,0,0,0,0,0,0,4,56,0,5,0,0,0,0,0,0,0,0,0,0,,,,,
DJ Moore,WR,CAR,10,TB,0,0,0,0,0,0,0,0,4,96,1,7,0,0,0,0,0,0,0,0,0,0,,,,,
DK Metcalf,WR,SEA,10,LA,0,0,0,0,0,0,0,0,2,28,0,4,0,0,0,0,0,0,0,0,0,0,,,,,
DaeSean Hamilton,WR,DEN,10,LV,0,0,0,0,0,0,0,0,4,33,1,6,0,0,0,0,0,0,0,0,0,0,,,,,
Dallas Goedert,TE,PHI,10,NYG,0,0,0,0,0,0,0,0,4,33,0,6,0,0,0,0,0,0,0,0,0,0,,,,,
Dalvin Cook,RB,MIN,10,CHI,0,0,0,0,0,96,0,30,4,16,0,4,0,0,0,0,0,0,0,0,0,0,,,,,
Damien Harris,RB,NE,10,BAL,0,0,0,0,0,121,0,22,0,0,0,0,0,0,0,0,0,0,0,0,0,0,,,,,
Dan Arnold,TE,ARI,10,BUF,0,0,0,0,0,0,0,0,4,34,0,4,0,0,0,0,0,0,0,0,0,0,,,,,
Dan Bailey,K,MIN,10,CHI,0,0,0,0,0,0,0,0,0,0,0,0,0,0,0,0,0,1,1,0,0,1,,,,,
Dan Chisena,WR,MIN,10,CHI,0,0,0,0,0,0,0,0,0,0,0,0,0,0,0,0,0,0,0,0,0,0,,,,,
Daniel Carlson,K,LV,10,DEN,0,0,0,0,0,0,0,0,0,0,0,0,0,0,0,0,2,0,0,1,0,4,,,,,
Daniel Jones,QB,NYG,10,PHI,244,0,28,21,0,64,1,9,0,0,0,0,0,0,0,0,0,0,0,0,0,0,,,,,
Danny Amendola,WR,DET,10,WAS,0,0,0,0,0,0,0,0,3,10,0,3,0,0,0,0,0,0,0,0,0,0,,,,,
Dare Ogunbowale,RB,JAX,10,GB,0,0,0,0,0,0,0,0,1,5,0,2,0,0,0,0,0,0,0,0,0,0,,,,,
Darius Slayton,WR,NYG,10,PHI,0,0,0,0,0,0,0,0,5,93,0,7,0,0,0,0,0,0,0,0,0,0,,,,,
Darnell Mooney,WR,CHI,10,MIN,0,0,0,0,0,0,0,0,2,3,0,2,0,0,0,0,0,0,0,0,0,0,,,,,
Darrell Henderson,RB,LA,10,SEA,0,0,0,0,0,28,1,7,1,5,0,1,0,0,0,0,0,0,0,0,0,0,,,,,
Darren Fells,TE,HOU,10,CLE,0,0,0,0,0,0,0,0,1,15,0,1,0,0,0,0,0,0,0,0,0,0,,,,,
Darren Waller,TE,LV,10,DEN,0,0,0,0,0,0,0,0,3,37,0,5,0,0,0,0,0,0,0,0,0,0,,,,,
Davante Adams,WR,GB,10,JAX,0,0,0,0,0,0,0,0,8,66,1,12,0,0,0,0,0,0,0,0,0,0,,,,,
David Moore,WR,SEA,10,LA,0,0,0,0,0,2,0,1,2,16,0,3,0,0,0,0,0,0,0,0,0,0,,,,,
Dawson Knox,TE,BUF,10,ARI,0,0,0,0,0,0,0,0,2,16,0,4,0,0,0,0,0,0,0,0,0,0,,,,,
De'Michael Harris,WR,IND,10,TEN,0,0,0,0,0,0,0,0,1,21,0,1,0,0,0,0,0,0,0,0,0,0,,,,,
DeAndre Carter,WR,HOU,10,CLE,0,0,0,0,0,0,0,0,0,0,0,0,0,0,0,0,0,0,0,0,0,0,,,,,
DeAndre Hopkins,WR,ARI,10,BUF,0,0,0,0,0,0,0,0,7,127,1,12,0,0,0,0,0,0,0,0,0,0,,,,,
DeAndre Washington,RB,MIA,10,LAC,0,0,0,0,0,2,0,2,0,0,0,0,0,0,0,0,0,0,0,0,0,0,,,,,
DeVante Parker,WR,MIA,10,LAC,0,0,0,0,0,0,0,0,2,31,0,7,0,0,0,0,0,0,0,0,0,0,,,,,
DeeJay Dallas,RB,SEA,10,LA,0,0,0,0,0,8,0,2,2,23,0,3,0,0,0,0,0,0,0,0,0,0,,,,,
Demetrius Harris,TE,CHI,10,MIN,0,0,0,0,0,0,0,0,0,0,0,0,0,0,0,0,0,0,0,0,0,0,,,,,
Deonte Harty,WR,NO,10,SF,0,0,0,0,0,0,0,0,4,24,0,4,0,0,0,0,0,0,0,0,0,0,,,,,
Derek Carr,QB,LV,10,DEN,154,0,25,16,0,10,0,4,0,0,0,0,0,0,0,0,0,0,0,0,0,0,,,,,
Derek Carrier,TE,LV,10,DEN,0,0,0,0,0,0,0,0,0,0,0,0,0,0,0,0,0,0,0,0,0,0,,,,,
Derrick Henry,RB,TEN,10,IND,0,0,0,0,0,103,0,19,1,6,0,2,0,0,0,0,0,0,0,0,0,0,,,,,
Deshaun Watson,QB,HOU,10,CLE,163,1,30,20,0,36,0,8,0,0,0,0,0,0,0,0,0,0,0,0,0,0,,,,,
Devin Duvernay,WR,BAL,10,NE,0,0,0,0,0,0,0,0,3,45,0,3,0,0,0,0,0,0,0,0,0,0,,,,,
Devin Singletary,RB,BUF,10,ARI,0,0,0,0,0,15,0,4,1,-5,0,3,0,0,0,0,0,0,0,0,0,0,,,,,
Devontae Booker,RB,LV,10,DEN,0,0,0,0,0,81,2,16,1,2,0,1,0,0,0,0,0,0,0,0,0,0,,,,,
Dion Lewis,RB,NYG,10,PHI,0,0,0,0,0,0,0,0,2,17,0,2,0,0,0,0,0,0,0,0,0,0,,,,,
Diontae Johnson,WR,PIT,10,CIN,0,0,0,0,0,0,0,0,6,116,1,11,0,0,0,0,0,0,0,0,0,0,,,,,
Diontae Spencer,WR,DEN,10,LV,0,0,0,0,0,0,0,0,0,0,0,0,0,0,0,0,0,0,0,0,0,0,,,,,
Donald Parham,TE,LAC,10,MIA,0,0,0,0,0,0,0,0,1,13,0,1,0,0,0,0,0,0,0,0,0,0,,,,,
Donovan Peoples-Jones,WR,CLE,10,HOU,0,0,0,0,0,0,0,0,2,16,0,2,0,0,0,0,0,0,0,0,0,0,,,,,
Drew Brees,QB,NO,10,SF,76,1,13,8,0,-1,0,1,0,0,0,0,0,0,0,0,0,0,0,0,0,0,,,,,
Drew Lock,QB,DEN,10,LV,257,1,47,23,4,7,0,2,0,0,0,0,0,0,0,0,0,0,0,0,0,0,,,,,
Drew Sample,TE,CIN,10,PIT,0,0,0,0,0,0,0,0,1,9,0,2,0,0,0,0,0,0,0,0,0,0,,,,,
Duke Johnson,RB,HOU,10,CLE,0,0,0,0,0,54,0,14,0,0,0,1,0,0,0,0,0,0,0,0,0,0,,,,,
Durham Smythe,TE,MIA,10,LAC,0,0,0,0,0,0,0,0,2,9,1,2,0,0,0,0,0,0,0,0,0,0,,,,,
Dustin Hopkins,K,WAS,10,DET,0,0,0,0,0,0,0,0,0,0,0,0,0,0,0,0,0,1,1,0,0,3,,,,,
Dwayne Harris,WR,CHI,10,MIN,0,0,0,0,0,0,0,0,0,0,0,0,0,0,0,0,0,0,0,0,0,0,,,,,
Emmanuel Sanders,WR,NO,10,SF,0,0,0,0,0,0,0,0,1,5,0,1,0,0,0,0,0,0,0,0,0,0,,,,,
Eric Ebron,TE,PIT,10,CIN,0,0,0,0,0,0,0,0,2,38,0,6,0,0,0,0,0,0,0,0,0,0,,,,,
Evan Engram,TE,NYG,10,PHI,0,0,0,0,0,0,0,0,2,15,0,3,0,0,0,0,0,0,0,0,0,0,,,,,
Freddie Swain,WR,SEA,10,LA,0,0,0,0,0,0,0,0,3,37,0,4,0,0,0,0,0,0,0,0,0,0,,,,,
GB,DEF,GB,10,JAX,,,,,,,,,,,,,,,,,,,,,,,0,0,0,0,20.0
Gabe Davis,WR,BUF,10,ARI,0,0,0,0,0,0,0,0,0,0,0,3,0,0,0,0,0,0,0,0,0,0,,,,,
Gerald Everett,TE,LA,10,SEA,0,0,0,0,0,0,0,0,2,27,0,3,0,0,0,0,0,0,0,0,0,0,,,,,
Giovani Bernard,RB,CIN,10,PIT,0,0,0,0,0,30,0,8,4,17,0,7,0,0,0,0,0,0,0,0,0,0,,,,,
Golden Tate,WR,NYG,10,PHI,0,0,0,0,0,0,0,0,2,44,0,5,0,0,0,0,0,0,0,0,0,0,,,,,
Graham Gano,K,NYG,10,PHI,0,0,0,0,0,0,0,0,0,0,0,0,0,0,0,0,0,1,1,0,0,3,,,,,
Greg Olsen,TE,SEA,10,LA,0,0,0,0,0,0,0,0,2,33,0,4,0,0,0,0,0,0,0,0,0,0,,,,,
Greg Ward,WR,PHI,10,NYG,0,0,0,0,0,0,0,0,5,39,0,6,0,0,0,0,0,0,0,0,0,0,,,,,
Gunner Olszewski,WR,NE,10,BAL,0,0,0,0,0,0,0,0,0,0,0,0,0,0,0,0,0,0,0,0,0,0,,,,,
Gus Edwards,RB,BAL,10,NE,0,0,0,0,0,42,0,7,1,31,0,1,0,0,0,0,0,0,0,0,0,0,,,,,
HOU,DEF,HOU,10,CLE,,,,,,,,,,,,,,,,,,,,,,,0,0,0,0,10.0
Henry Ruggs III,WR,LV,10,DEN,0,0,0,0,0,0,0,0,3,31,0,4,0,0,0,0,0,0,0,0,0,0,,,,,
Hunter Henry,TE,LAC,10,MIA,0,0,0,0,0,0,0,0,4,30,1,6,0,0,0,0,0,0,0,0,0,0,,,,,
Hunter Renfrow,WR,LV,10,DEN,0,0,0,0,0,0,0,0,2,30,0,2,0,0,0,0,0,0,0,0,0,0,,,,,
IND,DEF,IND,10,TEN,,,,,,,,,,,,,,,,,,,,,,,0,0,0,0,17.0
Ian Thomas,TE,CAR,10,TB,0,0,0,0,0,0,0,0,1,7,0,1,0,0,0,0,0,0,0,0,0,0,,,,,
Isaac Nauta,TE,DET,10,WAS,0,0,0,0,0,0,0,0,0,0,0,1,0,0,0,0,0,0,0,0,0,0,,,,,
Isaiah McKenzie,WR,BUF,10,ARI,12,1,1,1,0,0,0,0,1,2,0,1,0,0,0,0,0,0,0,0,0,0,,,,,
Isaiah Wright,WR,WAS,10,DET,0,0,0,0,0,0,0,0,6,59,0,6,0,0,0,0,0,0,0,0,0,0,,,,,
J.D. McKissic,RB,WAS,10,DET,0,0,0,0,0,6,1,8,7,43,0,15,0,0,0,0,0,0,0,0,0,0,,,,,
J.K. Dobbins,RB,BAL,10,NE,0,0,0,0,0,13,0,5,1,1,0,2,0,0,0,0,0,0,0,0,0,0,,,,,
JAX,DEF,JAX,10,GB,,,,,,,,,,,,,,,,,,,,,,,0,0,0,0,24.0
JaMycal Hasty,RB,SF,10,NO,0,0,0,0,0,13,0,3,2,-4,0,2,0,0,0,0,0,0,0,0,0,0,,,,,
Jacob Hollister,TE,SEA,10,LA,0,0,0,0,0,0,0,0,1,6,0,1,0,0,0,0,0,0,0,0,0,0,,,,,
Jacoby Brissett,QB,IND,10,TEN,0,0,0,0,0,2,1,1,0,0,0,0,0,0,0,0,0,0,0,0,0,0,,,,,
Jake Elliott,K,PHI,10,NYG,0,0,0,0,0,0,0,0,0,0,0,0,0,0,0,0,0,0,1,0,0,0,,,,,
Jake Luton,QB,JAX,10,GB,169,1,35,18,1,0,0,0,0,0,0,0,0,0,0,0,0,0,0,0,0,0,,,,,
Jakeem Grant,WR,MIA,10,LAC,0,0,0,0,0,0,0,0,4,43,1,5,0,0,0,0,0,0,0,0,0,0,,,,,
Jakob Johnson,RB,NE,10,BAL,0,0,0,0,0,0,0,0,2,20,0,2,0,0,0,0,0,0,0,0,0,0,,,,,
Jakobi Meyers,WR,NE,10,BAL,24,1,1,1,0,0,0,0,5,59,0,7,0,0,0,0,0,0,0,0,0,0,,,,,
Jalen Guyton,WR,LAC,10,MIA,0,0,0,0,0,0,0,0,4,24,0,6,0,0,0,0,0,0,0,0,0,0,,,,,
Jalen Hurts,QB,PHI,10,NYG,0,0,0,0,0,-1,0,2,0,0,0,0,0,0,0,0,0,0,0,0,0,0,,,,,
Jalen Reagor,WR,PHI,10,NYG,0,0,0,0,0,0,0,0,4,47,0,7,0,0,0,0,0,0,0,0,0,0,,,,,
Jalen Richard,RB,LV,10,DEN,0,0,0,0,0,0,0,0,0,0,0,0,0,0,0,0,0,0,0,0,0,0,,,,,
Jamaal Williams,RB,GB,10,JAX,0,0,0,0,0,30,0,8,3,25,0,4,0,0,0,0,0,0,0,0,0,0,,,,,
Jameis Winston,QB,NO,10,SF,63,0,10,6,0,-2,0,4,0,0,0,0,0,0,0,0,0,0,0,0,0,0,,,,,
James Conner,RB,PIT,10,CIN,0,0,0,0,0,36,0,13,2,12,0,2,0,0,0,0,0,0,0,0,0,0,,,,,
James O'Shaughnessy,TE,JAX,10,GB,0,0,0,0,0,0,0,0,0,0,0,1,0,0,0,0,0,0,0,0,0,0,,,,,
James Proche,WR,BAL,10,NE,0,0,0,0,0,0,0,0,0,0,0,0,0,0,0,0,0,0,0,0,0,0,,,,,
James Robinson,RB,JAX,10,GB,0,0,0,0,0,109,0,23,2,3,0,5,0,0,0,0,0,0,0,0,0,0,,,,,
James Washington,WR,PIT,10,CIN,0,0,0,0,0,0,0,0,2,30,0,2,0,0,0,0,0,0,0,0,0,0,,,,,
James White,RB,NE,10,BAL,0,0,0,0,0,0,0,0,2,8,0,2,0,0,0,0,0,0,0,0,0,0,,,,,
Jared Cook,TE,NO,10,SF,0,0,0,0,0,0,0,0,0,0,0,2,0,0,0,0,0,0,0,0,0,0,,,,,
Jared Goff,QB,LA,10,SEA,302,0,37,27,0,4,0,5,0,0,0,0,0,0,0,0,0,0,0,0,0,0,,,,,
Jarvis Landry,WR,CLE,10,HOU,0,0,0,0,0,0,0,0,3,29,0,5,0,0,0,0,0,0,0,0,0,0,,,,,
Jason Myers,K,SEA,10,LA,0,0,0,0,0,0,0,0,0,0,0,0,0,0,0,0,0,2,0,0,1,1,,,,,
Jason Sanders,K,MIA,10,LAC,0,0,0,0,0,0,0,0,0,0,0,0,0,0,0,0,0,1,1,1,0,2,,,,,
Jaylen Samuels,RB,PIT,10,CIN,0,0,0,0,0,0,0,0,0,0,0,0,0,0,0,0,0,0,0,0,0,0,,,,,
Jeff Badet,WR,WAS,10,DET,0,0,0,0,0,0,0,0,0,0,0,1,0,0,0,0,0,0,0,0,0,0,,,,,
Jeremy McNichols,RB,TEN,10,IND,0,0,0,0,0,26,0,3,1,8,0,1,0,0,0,0,0,0,0,0,0,0,,,,,
Jerick McKinnon,RB,SF,10,NO,0,0,0,0,0,33,0,18,1,13,0,3,0,0,0,0,0,0,0,0,0,0,,,,,
Jerry Jeudy,WR,DEN,10,LV,0,0,0,0,0,0,0,0,4,68,0,8,0,0,0,0,0,0,0,0,0,0,,,,,
Jesse James,TE,DET,10,WAS,0,0,0,0,0,0,0,0,2,9,0,3,0,0,0,0,0,0,0,0,0,0,,,,,
Jimmy Graham,TE,CHI,10,MIN,0,0,0,0,0,0,0,0,0,0,0,2,0,0,0,0,0,0,0,0,0,0,,,,,
Joe Burrow,QB,CIN,10,PIT,213,1,40,21,0,0,0,0,0,0,0,0,0,0,0,0,0,0,0,0,0,0,,,,,
Joe Reed,WR,LAC,10,MIA,0,0,0,0,0,0,0,0,0,0,0,0,0,0,0,0,0,0,0,0,0,0,,,,,
Joey Slye,K,CAR,10,TB,0,0,0,0,0,0,0,0,0,0,0,0,0,0,0,0,0,0,1,0,0,2,,,,,
John Brown,WR,BUF,10,ARI,0,0,0,0,0,0,0,0,6,72,0,8,0,0,0,0,0,0,0,0,0,0,,,,,
Jonathan Taylor,RB,IND,10,TEN,0,0,0,0,0,12,0,7,2,25,0,2,0,0,0,0,0,0,0,0,0,0,,,,,
Jonnu Smith,TE,TEN,10,IND,0,0,0,0,0,1,1,1,2,14,0,6,0,0,0,0,0,0,0,0,0,0,,,,,
Jordan Akins,TE,HOU,10,CLE,0,0,0,0,0,0,0,0,1,5,0,1,0,0,0,0,0,0,0,0,0,0,,,,,
Jordan Reed,TE,SF,10,NO,0,0,0,0,0,0,0,0,5,62,0,6,0,0,0,0,0,0,0,0,0,0,,,,,
Jordan Wilkins,RB,IND,10,TEN,0,0,0,0,0,28,0,8,0,0,0,1,0,0,0,0,0,0,0,0,0,0,,,,,
Josh Allen,QB,BUF,10,ARI,284,2,49,32,2,38,0,7,1,12,1,1,0,0,0,0,0,0,0,0,0,0,,,,,
Josh Jacobs,RB,LV,10,DEN,0,0,0,0,0,112,2,21,4,24,0,4,0,0,0,0,0,0,0,0,0,0,,,,,
Josh Reynolds,WR,LA,10,SEA,0,0,0,0,0,0,0,0,8,94,0,10,0,0,0,0,0,0,0,0,0,0,,,,,
Joshua Kelley,RB,LAC,10,MIA,0,0,0,0,0,21,0,7,0,0,0,0,0,0,0,0,0,0,0,0,0,0,,,,,
JuJu Smith-Schuster,WR,PIT,10,CIN,0,0,0,0,0,0,0,0,9,77,1,13,0,0,0,0,0,0,0,0,0,0,,,,,
Justice Hill,RB,BAL,10,NE,0,0,0,0,0,0,0,0,1,3,0,1,0,0,0,0,0,0,0,0,0,0,,,,,
Justin Herbert,QB,LAC,10,MIA,187,2,32,20,1,10,1,4,0,0,0,0,0,0,0,0,0,0,0,0,0,0,,,,,
Justin Jefferson,WR,MIN,10,CHI,0,0,0,0,0,0,0,0,8,135,0,10,0,0,0,0,0,0,0,0,0,0,,,,,
Justin Tucker,K,BAL,10,NE,0,0,0,0,0,0,0,0,0,0,0,0,0,0,0,0,1,0,0,0,0,2,,,,,
Justin Watson,WR,TB,10,CAR,0,0,0,0,0,0,0,0,0,0,0,0,0,0,0,0,0,0,0,0,0,0,,,,,
K.J. Hill,WR,LAC,10,MIA,0,0,0,0,0,0,0,0,0,0,0,0,0,0,0,0,0,0,0,0,0,0,,,,,
K.J. Osborn,WR,MIN,10,CHI,0,0,0,0,0,0,0,0,0,0,0,0,0,0,0,0,0,0,0,0,0,0,,,,,
KJ Hamler,WR,DEN,10,LV,0,0,0,0,0,0,0,0,4,50,0,10,0,0,0,0,0,0,0,0,0,0,,,,,
Ka'imi Fairbairn,K,HOU,10,CLE,0,0,0,0,0,0,0,0,0,0,0,0,0,0,0,0,0,0,0,0,0,1,,,,,
Kaden Smith,TE,NYG,10,PHI,0,0,0,0,0,0,0,0,2,12,0,2,0,0,0,0,0,0,0,0,0,0,,,,,
Kai Forbath,K,LA,10,SEA,0,0,0,0,0,0,0,0,0,0,0,0,0,0,0,0,1,0,0,0,0,2,,,,,
Kalen Ballage,RB,LAC,10,MIA,0,0,0,0,0,68,0,18,5,34,0,6,0,0,0,0,0,0,0,0,0,0,,,,,
Kalif Raymond,WR,TEN,10,IND,0,0,0,0,0,0,0,0,0,0,0,0,0,0,0,0,0,0,0,0,0,0,,,,,
Kareem Hunt,RB,CLE,10,HOU,0,0,0,0,0,104,0,19,3,28,0,4,0,0,0,0,0,0,0,0,0,0,,,,,
Keelan Cole,WR,JAX,10,GB,0,0,0,0,0,0,0,0,5,47,1,7,1,0,0,0,0,0,0,0,0,0,,,,,
Keenan Allen,WR,LAC,10,MIA,0,0,0,0,0,0,0,0,3,39,1,7,0,0,0,0,0,0,0,0,0,0,,,,,
Kendrick Bourne,WR,SF,10,NO,0,0,0,0,0,0,0,0,4,26,0,5,0,0,0,0,0,0,0,0,0,0,,,,,
Kenny Stills,WR,HOU,10,CLE,0,0,0,0,0,0,0,0,1,6,0,1,0,0,0,0,0,0,0,0,0,0,,,,,
Kenyan Drake,RB,ARI,10,BUF,0,0,0,0,0,100,0,16,1,9,0,1,0,0,0,0,0,0,0,0,0,0,,,,,
Kerryon Johnson,RB,DET,10,WAS,0,0,0,0,0,3,0,1,0,0,0,0,0,0,0,0,0,0,0,0,0,0,,,,,
KhaDarel Hodge,WR,CLE,10,HOU,0,0,0,0,0,0,0,0,0,0,0,1,0,0,0,0,0,0,0,0,0,0,,,,,
Kirk Cousins,QB,MIN,10,CHI,292,2,36,25,1,-1,0,1,0,0,0,0,0,0,0,0,0,0,0,0,0,0,,,,,
Kyle Juszczyk,RB,SF,10,NO,0,0,0,0,0,5,0,1,0,0,0,1,0,0,0,0,0,0,0,0,0,0,,,,,
Kyle Rudolph,TE,MIN,10,CHI,0,0,0,0,0,0,0,0,4,63,0,5,0,0,0,0,0,0,0,0,0,0,,,,,
Kyler Murray,QB,ARI,10,BUF,245,1,32,22,1,61,2,11,0,0,0,0,0,0,0,0,0,0,0,0,0,0,,,,,
LA,DEF,LA,10,SEA,,,,,,,,,,,,,,,,,,,,,,,0,0,0,0,16.0
LAC,DEF,LAC,10,MIA,,,,,,,,,,,,,,,,,,,,,,,0,0,0,0,29.0
LV,DEF,LV,10,DEN,,,,,,,,,,,,,,,,,,,,,,,0,0,0,0,12.0
Lamar Jackson,QB,BAL,10,NE,249,2,34,24,1,55,0,11,0,0,0,0,0,0,0,0,0,0,0,0,0,0,,,,,
Lamar Miller,RB,CHI,10,MIN,0,0,0,0,0,0,0,0,2,6,0,2,0,0,0,0,0,0,0,0,0,0,,,,,
Larry Fitzgerald,WR,ARI,10,BUF,0,0,0,0,0,0,0,0,2,13,0,5,0,0,0,0,0,0,0,0,0,0,,,,,
Latavius Murray,RB,NO,10,SF,0,0,0,0,0,57,0,9,0,0,0,0,0,0,0,0,0,0,0,0,0,0,,,,,
Leonard Fournette,RB,TB,10,CAR,0,0,0,0,0,19,0,8,2,11,0,3,0,0,0,0,0,0,0,0,0,0,,,,,
Logan Thomas,TE,WAS,10,DET,0,0,0,0,0,0,0,0,4,66,0,5,0,0,0,0,0,0,0,0,0,0,,,,,
MIA,DEF,MIA,10,LAC,,,,,,,,,,,,,,,,,,,,,,,0,0,0,0,21.0
MIN,DEF,MIN,10,CHI,,,,,,,,,,,,,,,,,,,,,,,0,0,0,0,13.0
Mack Hollins,WR,MIA,10,LAC,0,0,0,0,0,0,0,0,1,1,0,1,0,0,0,0,0,0,0,0,0,0,,,,,
Malcolm Brown,RB,LA,10,SEA,0,0,0,0,0,33,2,6,2,18,0,2,0,0,0,0,0,0,0,0,0,0,,,,,
Malcolm Perry,RB,MIA,10,LAC,0,0,0,0,0,6,0,1,2,21,0,2,0,0,0,0,0,0,0,0,0,0,,,,,
Malik Taylor,WR,GB,10,JAX,0,0,0,0,0,0,0,0,0,0,0,0,0,0,0,0,0,0,0,0,0,0,,,,,
Marcus Johnson,WR,IND,10,TEN,0,0,0,0,0,0,0,0,0,0,0,1,0,0,0,0,0,0,0,0,0,0,,,,,
Mark Andrews,TE,BAL,10,NE,0,0,0,0,0,0,0,0,7,61,0,9,0,0,0,0,0,0,0,0,0,0,,,,,
Mark Ingram,RB,BAL,10,NE,0,0,0,0,0,5,0,5,2,24,0,2,0,0,0,0,0,0,0,0,0,0,,,,,
Marquez Callaway,WR,NO,10,SF,0,0,0,0,0,0,0,0,0,0,0,0,0,0,0,0,0,0,0,0,0,0,,,,,
Marquez Valdes-Scantling,WR,GB,10,JAX,0,0,0,0,0,0,0,0,4,149,1,6,0,0,0,0,0,0,0,0,0,0,,,,,
Marquise Brown,WR,BAL,10,NE,0,0,0,0,0,0,0,0,2,14,0,7,0,0,0,0,0,0,0,0,0,0,,,,,
Marvin Hall,WR,DET,10,WAS,0,0,0,0,0,0,0,0,2,61,1,3,0,0,0,0,0,0,0,0,0,0,,,,,
Marvin Jones,WR,DET,10,WAS,0,0,0,0,0,0,0,0,8,96,1,10,0,0,0,0,0,0,0,0,0,0,,,,,
Mason Crosby,K,GB,10,JAX,0,0,0,0,0,0,0,0,0,0,0,0,0,0,0,0,0,1,0,0,0,3,,,,,
Matt Prater,K,DET,10,WAS,0,0,0,0,0,0,0,0,0,0,0,0,0,0,0,0,0,1,0,2,0,3,,,,,
Matthew Stafford,QB,DET,10,WAS,276,3,33,24,0,0,0,0,0,0,0,0,0,0,0,0,0,0,0,0,0,0,,,,,
Melvin Gordon,RB,DEN,10,LV,0,0,0,0,0,46,0,11,0,0,0,2,0,0,0,0,0,0,0,0,0,0,,,,,
Michael Pittman,WR,IND,10,TEN,0,0,0,0,0,21,0,1,7,101,0,8,0,0,0,0,0,0,0,0,0,0,,,,,
Michael Thomas,WR,NO,10,SF,0,0,0,0,0,0,0,0,2,27,0,7,0,0,0,0,0,0,0,0,0,0,,,,,
Mike Badgley,K,LAC,10,MIA,0,0,0,0,0,0,0,0,0,0,0,0,0,0,0,0,0,0,0,0,0,3,,,,,
Mike Davis,RB,CAR,10,TB,0,0,0,0,0,32,0,7,4,12,0,5,0,0,0,0,0,0,0,0,0,0,,,,,
Mike Evans,WR,TB,10,CAR,0,0,0,0,0,0,0,0,6,77,1,11,0,0,0,0,0,0,0,0,0,0,,,,,
Mike Gesicki,TE,MIA,10,LAC,0,0,0,0,0,0,0,0,2,40,0,5,0,0,0,0,0,0,0,0,0,0,,,,,
Mike Thomas,WR,CIN,10,PIT,0,0,0,0,0,0,0,0,0,0,0,2,0,0,0,0,0,0,0,0,0,0,,,,,
Mike Williams,WR,LAC,10,MIA,0,0,0,0,0,0,0,0,2,38,0,5,0,0,0,0,0,0,0,0,0,0,,,,,
Miles Sanders,RB,PHI,10,NYG,0,0,0,0,0,85,0,15,2,10,0,5,0,0,1,0,0,0,0,0,0,0,,,,,
Mo Alie-Cox,TE,IND,10,TEN,0,0,0,0,0,0,0,0,3,19,0,4,0,0,0,0,0,0,0,0,0,0,,,,,
NE,DEF,NE,10,BAL,,,,,,,,,,,,,,,,,,,,,,,0,0,0,0,17.0
NO,DEF,NO,10,SF,,,,,,,,,,,,,,,,,,,,,,,0,0,0,0,13.0
NYG,DEF,NYG,10,PHI,,,,,,,,,,,,,,,,,,,,,,,0,0,0,0,17.0
Nelson Agholor,WR,LV,10,DEN,0,0,0,0,0,0,0,0,1,8,0,4,0,0,0,0,0,0,0,0,0,0,,,,,
Nick Boyle,TE,BAL,10,NE,0,0,0,0,0,0,0,0,1,4,0,1,0,0,0,0,0,0,0,0,0,0,,,,,
Nick Chubb,RB,CLE,10,HOU,0,0,0,0,0,126,1,19,0,0,0,1,0,0,0,0,0,0,0,0,0,0,,,,,
Nick Foles,QB,CHI,10,MIN,106,0,26,15,1,2,0,1,0,0,0,0,0,0,0,0,0,0,0,0,0,0,,,,,
Nick Folk,K,NE,10,BAL,0,0,0,0,0,0,0,0,0,0,0,0,0,0,0,0,1,0,0,0,0,2,,,,,
Nick Mullens,QB,SF,10,NO,247,1,38,24,2,3,0,1,0,0,0,0,0,0,0,0,0,0,0,0,0,0,,,,,
Nick Westbrook-Ikhine,WR,TEN,10,IND,0,0,0,0,0,0,0,0,0,0,0,1,0,0,0,0,0,0,0,0,0,0,,,,,
Noah Fant,TE,DEN,10,LV,0,0,0,0,0,0,0,0,3,18,0,7,0,0,0,0,0,0,0,0,0,0,,,,,
Nsimba Webster,WR,LA,10,SEA,0,0,0,0,0,0,0,0,0,0,0,0,0,0,0,0,0,0,0,0,0,0,,,,,
Nyheim Hines,RB,IND,10,TEN,0,0,0,0,0,70,1,12,5,45,1,6,0,0,0,0,0,0,0,0,0,0,,,,,
PHI,DEF,PHI,10,NYG,,,,,,,,,,,,,,,,,,,,,,,0,0,0,0,27.0
PIT,DEF,PIT,10,CIN,,,,,,,,,,,,,,,,,,,,,,,0,0,0,0,10.0
PJ Walker,QB,CAR,10,TB,12,0,4,2,0,0,0,0,0,0,0,0,0,0,0,0,0,0,0,0,0,0,,,,,
Patrick Laird,RB,MIA,10,LAC,0,0,0,0,0,19,0,2,0,0,0,0,0,0,0,0,0,0,0,0,0,0,,,,,
Patrick Ricard,RB,BAL,10,NE,0,0,0,0,0,0,0,0,1,2,0,1,0,0,0,0,0,0,0,0,0,0,,,,,
Peyton Barber,RB,WAS,10,DET,0,0,0,0,0,7,0,2,1,7,0,1,0,0,0,0,0,0,0,0,0,0,,,,,
Pharaoh Brown,TE,HOU,10,CLE,0,0,0,0,0,0,0,0,2,21,1,2,0,0,0,0,0,0,0,0,0,0,,,,,
Philip Rivers,QB,IND,10,TEN,308,1,39,29,0,0,0,0,0,0,0,0,0,0,0,0,0,0,0,0,0,0,,,,,
Phillip Lindsay,RB,DEN,10,LV,0,0,0,0,0,2,0,4,0,0,0,1,0,0,0,0,0,0,0,0,0,0,,,,,
Quintez Cephus,WR,DET,10,WAS,0,0,0,0,0,0,0,0,1,10,0,2,0,0,0,0,0,0,0,0,0,0,,,,,
Randall Cobb,WR,HOU,10,CLE,0,0,0,0,0,0,0,0,3,41,0,5,0,0,0,0,0,0,0,0,0,0,,,,,
Randy Bullock,K,CIN,10,PIT,0,0,0,0,0,0,0,0,0,0,0,0,0,0,0,0,0,1,0,0,0,1,,,,,
Rashard Higgins,WR,CLE,10,HOU,0,0,0,0,0,0,0,0,3,48,0,4,0,0,0,0,0,0,0,0,0,0,,,,,
Ray-Ray McCloud,WR,PIT,10,CIN,0,0,0,0,0,-1,0,1,2,4,0,2,0,0,0,0,0,0,0,0,0,0,,,,,
Rex Burkhead,RB,NE,10,BAL,0,0,0,0,0,31,0,6,4,35,2,5,0,0,0,0,0,0,0,0,0,0,,,,,
Richard Rodgers,TE,PHI,10,NYG,0,0,0,0,0,0,0,0,4,60,0,5,0,0,0,0,0,0,0,0,0,0,,,,,
Richie James,WR,SF,10,NO,0,0,0,0,0,0,0,0,3,26,0,5,0,0,0,0,0,0,0,0,0,0,,,,,
Rob Gronkowski,TE,TB,10,CAR,0,0,0,0,0,0,0,0,2,51,1,3,0,0,0,0,0,0,0,0,0,0,,,,,
Robbie Chosen,WR,CAR,10,TB,0,0,0,0,0,0,0,0,4,21,0,6,0,0,0,0,0,0,0,0,0,0,,,,,
Robbie Gould,K,SF,10,NO,0,0,0,0,0,0,0,0,0,0,0,0,0,0,0,0,0,1,1,0,0,1,,,,,
Robert Tonyan,TE,GB,10,JAX,0,0,0,0,0,0,0,0,3,33,0,4,0,0,0,0,0,0,0,0,0,0,,,,,
Robert Woods,WR,LA,10,SEA,0,0,0,0,0,3,0,1,5,33,0,6,0,0,0,0,0,0,0,0,0,0,,,,,
Rodney Smith,RB,CAR,10,TB,0,0,0,0,0,13,0,3,1,2,0,1,0,0,0,0,0,0,0,0,0,0,,,,,
Rodrigo Blankenship,K,IND,10,TEN,0,0,0,0,0,0,0,0,0,0,0,0,0,0,0,0,1,0,1,0,0,4,,,,,
Ronald Jones,RB,TB,10,CAR,0,0,0,0,0,192,1,23,1,6,0,2,0,0,0,0,0,0,0,0,0,0,,,,,
Ross Dwelley,TE,SF,10,NO,0,0,0,0,0,0,0,0,1,22,0,2,0,0,0,0,0,0,0,0,0,0,,,,,
Royce Freeman,RB,DEN,10,LV,0,0,0,0,0,11,0,2,2,15,0,2,0,0,0,0,0,0,0,0,0,0,,,,,
Russell Wilson,QB,SEA,10,LA,248,0,37,22,2,60,0,8,0,0,0,0,0,0,0,0,0,0,0,0,0,0,,,,,
Ryan Izzo,TE,NE,10,BAL,0,0,0,0,0,0,0,0,1,20,0,1,0,0,0,0,0,0,0,0,0,0,,,,,
Ryan Nall,RB,CHI,10,MIN,0,0,0,0,0,0,0,1,1,18,0,2,0,0,0,0,0,0,0,0,0,0,,,,,
Ryan Succop,K,TB,10,CAR,0,0,0,0,0,0,0,0,0,0,0,0,0,0,0,0,3,0,1,0,0,4,,,,,
Ryan Tannehill,QB,TEN,10,IND,147,1,27,15,0,9,0,2,0,0,0,0,0,0,0,0,0,0,0,0,0,0,,,,,
SEA,DEF,SEA,10,LA,,,,,,,,,,,,,,,,,,,,,,,0,0,0,0,23.0
SF,DEF,SF,10,NO,,,,,,,,,,,,,,,,,,,,,,,0,0,0,0,27.0
Salvon Ahmed,RB,MIA,10,LAC,0,0,0,0,0,85,1,21,1,5,0,1,0,0,0,0,0,0,0,0,0,0,,,,,
Samaje Perine,RB,CIN,10,PIT,0,0,0,0,0,48,0,7,1,7,0,1,0,0,0,0,0,0,0,0,0,0,,,,,
Scott Miller,WR,TB,10,CAR,0,0,0,0,0,0,0,0,1,4,0,1,0,0,0,0,0,0,0,0,0,0,,,,,
Stefon Diggs,WR,BUF,10,ARI,0,0,0,0,0,0,0,0,10,93,1,10,0,0,0,0,0,0,0,0,0,0,,,,,
Stephen Gostkowski,K,TEN,10,IND,0,0,0,0,0,0,0,0,0,0,0,0,0,0,0,0,0,0,0,1,0,2,,,,,
Sterling Shepard,WR,NYG,10,PHI,0,0,0,0,0,0,0,0,6,47,0,6,0,0,0,0,0,0,0,0,0,0,,,,,
Steven Sims,WR,WAS,10,DET,0,0,0,0,0,0,0,0,5,46,0,6,0,0,0,0,0,0,0,0,0,0,,,,,
T.J. Hockenson,TE,DET,10,WAS,0,0,0,0,0,0,0,0,2,13,0,4,0,0,0,0,0,0,0,0,0,0,,,,,
T.Y. Hilton,WR,IND,10,TEN,0,0,0,0,0,0,0,0,4,40,0,5,0,0,0,0,0,0,0,0,0,0,,,,,
TB,DEF,TB,10,CAR,,,,,,,,,,,,,,,,,,,,,,,0,0,0,0,23.0
TEN,DEF,TEN,10,IND,,,,,,,,,,,,,,,,,,,,,,,0,0,0,0,34.0
Taysom Hill,TE,NO,10,SF,0,0,0,0,0,45,0,8,0,0,0,0,0,0,0,0,0,0,0,0,0,0,,,,,
Teddy Bridgewater,QB,CAR,10,TB,136,2,24,18,1,16,1,3,0,0,0,0,0,0,0,0,0,0,0,0,0,0,,,,,
Tee Higgins,WR,CIN,10,PIT,0,0,0,0,0,0,0,0,7,115,1,9,0,0,0,0,0,0,0,0,0,0,,,,,
Terry Godwin,WR,JAX,10,GB,0,0,0,0,0,0,0,0,0,0,0,2,0,0,0,0,0,0,0,0,0,0,,,,,
Terry McLaurin,WR,WAS,10,DET,0,0,0,0,0,27,0,1,7,95,0,9,0,0,0,0,0,0,0,0,0,0,,,,,
Tim Patrick,WR,DEN,10,LV,0,0,0,0,0,0,0,0,4,61,0,6,0,0,0,0,0,0,0,0,0,0,,,,,
Tom Brady,QB,TB,10,CAR,341,3,39,28,0,2,1,2,0,0,0,0,0,0,0,0,0,0,0,0,0,0,,,,,
Travis Fulgham,WR,PHI,10,NYG,0,0,0,0,0,0,0,0,1,8,0,5,0,0,0,0,0,0,0,0,0,0,,,,,
Travis Homer,RB,SEA,10,LA,0,0,0,0,0,0,0,0,3,19,0,3,0,0,0,0,0,0,0,0,0,0,,,,,
Trayveon Williams,RB,CIN,10,PIT,0,0,0,0,0,22,0,5,0,0,0,0,0,0,0,0,0,0,0,0,0,0,,,,,
Tre'Quan Smith,WR,NO,10,SF,0,0,0,0,0,0,0,0,0,0,0,1,0,0,0,0,0,0,0,0,0,0,,,,,
Trent Sherfield,WR,ARI,10,BUF,0,0,0,0,0,0,0,0,0,0,0,0,0,0,0,0,0,0,0,0,0,0,,,,,
Trent Taylor,WR,SF,10,NO,0,0,0,0,0,0,0,0,0,0,0,0,0,0,0,0,0,0,0,0,0,0,,,,,
Trenton Cannon,RB,CAR,10,TB,0,0,0,0,0,0,0,0,0,0,0,0,0,0,0,0,0,0,0,0,0,0,,,,,
Trey Burton,TE,IND,10,TEN,0,0,0,0,0,0,0,0,3,24,0,3,0,0,0,0,0,0,0,0,0,0,,,,,
Troy Fumagalli,TE,DEN,10,LV,0,0,0,0,0,0,0,0,2,12,0,3,0,0,0,0,0,0,0,0,0,0,,,,,
Tua Tagovailoa,QB,MIA,10,LAC,169,2,25,15,0,-1,0,6,0,0,0,0,0,0,0,0,0,0,0,0,0,0,,,,,
Tyler Bass,K,BUF,10,ARI,0,0,0,0,0,0,0,0,0,0,0,0,0,0,0,0,0,0,0,3,0,3,,,,,
Tyler Boyd,WR,CIN,10,PIT,0,0,0,0,0,0,0,0,6,41,0,8,0,0,0,0,0,0,0,0,0,0,,,,,
Tyler Bray,QB,CHI,10,MIN,18,0,5,1,0,0,0,0,0,0,0,0,0,0,0,0,0,0,0,0,0,0,,,,,
Tyler Conklin,TE,MIN,10,CHI,0,0,0,0,0,0,0,0,2,11,0,2,0,0,0,0,0,0,0,0,0,0,,,,,
Tyler Eifert,TE,JAX,10,GB,0,0,0,0,0,0,0,0,2,15,0,4,0,0,0,0,0,0,0,0,0,0,,,,,
Tyler Ervin,RB,GB,10,JAX,0,0,0,0,0,0,0,1,1,3,0,1,0,0,0,0,0,0,0,0,0,0,,,,,
Tyler Higbee,TE,LA,10,SEA,0,0,0,0,0,0,0,0,3,60,0,6,0,0,0,0,0,0,0,0,0,0,,,,,
Tyler Johnson,WR,TB,10,CAR,0,0,0,0,0,0,0,0,0,0,0,1,0,0,0,0,0,0,0,0,0,0,,,,,
Tyler Lockett,WR,SEA,10,LA,0,0,0,0,0,0,0,0,5,66,0,9,0,0,0,0,0,0,0,0,0,0,,,,,
Van Jefferson,WR,LA,10,SEA,0,0,0,0,0,0,0,0,1,15,0,1,0,0,0,0,0,0,0,0,0,0,,,,,
WAS,DEF,WAS,10,DET,,,,,,,,,,,,,,,,,,,,,,,0,0,0,0,30.0
Wayne Gallman,RB,NYG,10,PHI,0,0,0,0,0,53,2,18,1,7,0,2,0,0,0,0,0,0,0,0,0,0,,,,,
Wil Lutz,K,NO,10,SF,0,0,0,0,0,0,0,0,0,0,0,0,0,0,0,0,1,0,1,0,0,3,,,,,
Will Dissly,TE,SEA,10,LA,0,0,0,0,0,0,0,0,1,16,0,2,0,0,0,0,0,0,0,0,0,0,,,,,
Will Fuller,WR,HOU,10,CLE,0,0,0,0,0,0,0,0,5,38,0,8,0,0,0,0,0,0,0,0,0,0,,,,,
Willie Snead,WR,BAL,10,NE,0,0,0,0,0,0,0,0,5,64,2,7,0,0,0,0,0,0,0,0,0,0,,,,,
Zach Pascal,WR,IND,10,TEN,0,0,0,0,0,0,0,0,4,33,0,5,0,0,0,0,0,0,0,0,0,0,,,,,
Zack Moss,RB,BUF,10,ARI,0,0,0,0,0,20,0,7,1,-3,0,2,0,0,0,0,0,0,0,0,0,0,,,,,
Zane Gonzalez,K,ARI,10,BUF,0,0,0,0,0,0,0,0,0,0,0,0,0,0,0,0,2,0,2,0,0,2,,,,,
Zay Jones,WR,LV,10,DEN,0,0,0,0,0,0,0,0,1,6,0,1,0,0,0,0,0,0,0,0,0,0,,,,,
A.J. Brown,WR,TEN,11,BAL,0,0,0,0,0,0,0,0,4,62,1,7,0,0,0,0,0,0,0,0,0,0,,,,,
A.J. Green,WR,CIN,11,WAS,0,0,0,0,0,0,0,0,4,41,1,9,0,0,0,0,0,0,0,0,0,0,,,,,
ARI,DEF,ARI,11,SEA,,,,,,,,,,,,,,,,,,,,,,,0,0,0,0,28.0
ATL,DEF,ATL,11,NO,,,,,,,,,,,,,,,,,,,,,,,0,0,0,0,24.0
Aaron Jones,RB,GB,11,IND,0,0,0,0,0,41,1,10,4,30,0,4,0,0,0,0,0,0,0,0,0,0,,,,,
Aaron Rodgers,QB,GB,11,IND,311,3,38,27,1,13,0,3,0,0,0,0,0,0,0,0,0,0,0,0,0,0,,,,,
Adam Thielen,WR,MIN,11,DAL,0,0,0,0,0,0,0,0,8,123,2,11,0,0,0,0,0,0,0,0,0,0,,,,,
Adam Trautman,TE,NO,11,ATL,0,0,0,0,0,0,0,0,1,19,0,1,0,0,0,0,0,0,0,0,0,0,,,,,
Adrian Peterson,RB,DET,11,CAR,0,0,0,0,0,18,0,7,0,0,0,1,0,0,0,0,0,0,0,0,0,0,,,,,
Alex Armah,RB,CAR,11,DET,0,0,0,0,0,0,0,0,0,0,0,1,0,0,0,0,0,0,0,0,0,0,,,,,
Alex Erickson,WR,CIN,11,WAS,0,0,0,0,0,2,0,1,1,8,0,1,0,0,0,0,0,0,0,0,0,0,,,,,
Alex Smith,QB,WAS,11,CIN,166,1,25,17,1,-3,0,3,0,0,0,0,0,0,0,0,0,0,0,0,0,0,,,,,
Alexander Mattison,RB,MIN,11,DAL,0,0,0,0,0,6,0,1,0,0,0,0,0,0,0,0,0,0,0,0,0,0,,,,,
Allen Lazard,WR,GB,11,IND,0,0,0,0,0,0,0,0,2,18,0,4,0,0,0,0,0,0,0,0,0,0,,,,,
Alshon Jeffery,WR,PHI,11,CLE,0,0,0,0,0,0,0,0,0,0,0,2,0,0,0,0,0,0,0,0,0,0,,,,,
Alvin Kamara,RB,NO,11,ATL,0,0,0,0,0,45,1,13,0,0,0,1,0,0,0,0,0,0,0,0,0,0,,,,,
Amari Cooper,WR,DAL,11,MIN,0,0,0,0,0,0,0,0,6,81,0,7,0,0,0,0,0,0,0,0,0,0,,,,,
Andy Dalton,QB,DAL,11,MIN,203,3,32,22,1,5,0,3,1,-3,0,1,0,0,0,0,0,0,0,0,0,0,,,,,
Andy Isabella,WR,ARI,11,SEA,0,0,0,0,0,0,0,0,1,6,0,2,0,0,0,0,0,0,0,0,0,0,,,,,
Anthony Firkser,TE,TEN,11,BAL,0,0,0,0,0,0,0,0,4,33,0,5,0,0,0,0,0,0,0,0,0,0,,,,,
Anthony McFarland,RB,PIT,11,JAX,0,0,0,0,0,3,0,3,0,0,0,0,0,0,0,0,0,0,0,0,0,0,,,,,
Antonio Brown,WR,TB,11,LA,0,0,0,0,0,1,0,1,8,57,0,13,0,0,0,0,0,0,0,0,0,0,,,,,
Antonio Callaway,WR,MIA,11,DEN,0,0,0,0,0,0,0,0,1,13,0,1,0,0,0,0,0,0,0,0,0,0,,,,,
Antonio Gibson,RB,WAS,11,CIN,0,0,0,0,0,94,1,16,1,10,0,2,0,0,0,0,0,0,0,0,0,0,,,,,
Auden Tate,WR,CIN,11,WAS,0,0,0,0,0,0,0,0,1,5,0,2,0,0,0,0,0,0,0,0,0,0,,,,,
Austin Hooper,TE,CLE,11,PHI,0,0,0,0,0,0,0,0,3,33,0,5,0,0,0,0,0,0,0,0,0,0,,,,,
BAL,DEF,BAL,11,TEN,,,,,,,,,,,,,,,,,,,,,,,0,0,0,0,30.0
Baker Mayfield,QB,CLE,11,PHI,204,0,22,12,0,9,0,6,0,0,0,0,0,0,0,0,0,0,0,0,0,0,,,,,
Ben Ellefson,TE,JAX,11,PIT,0,0,0,0,0,0,0,0,1,10,0,3,0,0,0,0,0,0,0,0,0,0,,,,,
Ben Roethlisberger,QB,PIT,11,JAX,267,2,46,32,1,0,0,0,0,0,0,0,0,0,0,0,0,0,0,0,0,0,,,,,
Benny Snell,RB,PIT,11,JAX,0,0,0,0,0,15,1,7,0,0,0,0,0,0,0,0,0,0,0,0,0,0,,,,,
Bisi Johnson,WR,MIN,11,DAL,0,0,0,0,0,0,0,0,1,9,0,1,0,0,0,0,0,0,0,0,0,0,,,,,
Blake Bell,TE,DAL,11,MIN,0,0,0,0,0,0,0,0,1,13,0,1,0,0,0,0,0,0,0,0,0,0,,,,,
Bo Scarbrough,RB,SEA,11,ARI,0,0,0,0,0,31,0,6,0,0,0,0,0,0,0,0,0,0,0,0,0,0,,,,,
Boston Scott,RB,PHI,11,CLE,0,0,0,0,0,24,0,5,3,26,0,3,0,0,0,0,0,0,0,0,0,0,,,,,
Brandin Cooks,WR,HOU,11,NE,0,0,0,0,0,0,0,0,4,85,0,5,0,0,0,0,0,0,0,0,0,0,,,,,
Brandon McManus,K,DEN,11,MIA,0,0,0,0,0,0,0,0,0,0,0,0,0,0,0,0,1,0,1,0,0,2,,,,,
Brandon Powell,WR,ATL,11,NO,0,0,0,0,0,3,0,1,0,0,0,0,0,0,0,0,0,0,0,0,0,0,,,,,
Braxton Berrios,WR,NYJ,11,LAC,0,0,0,0,0,0,0,0,0,0,0,0,0,0,0,0,0,0,0,0,0,0,,,,,
Breshad Perriman,WR,NYJ,11,LAC,0,0,0,0,0,0,0,0,2,54,1,4,0,0,0,0,0,0,0,0,0,0,,,,,
Brian Hill,RB,ATL,11,NO,0,0,0,0,0,18,0,4,0,0,0,0,0,0,0,0,0,0,0,0,0,0,,,,,
Bryan Edwards,WR,LV,11,KC,0,0,0,0,0,0,0,0,1,1,0,2,0,0,0,0,0,0,0,0,0,0,,,,,
Byron Pringle,WR,KC,11,LV,0,0,0,0,0,0,0,0,3,17,0,4,0,0,0,0,0,0,0,0,0,0,,,,,
C.J. Prosise,RB,HOU,11,NE,0,0,0,0,0,4,0,3,2,8,0,2,0,0,0,0,0,0,0,0,0,0,,,,,
CAR,DEF,CAR,11,DET,,,,,,,,,,,,,,,,,,,,,,,0,0,0,0,0.0
CIN,DEF,CIN,11,WAS,,,,,,,,,,,,,,,,,,,,,,,0,0,0,0,20.0
CLE,DEF,CLE,11,PHI,,,,,,,,,,,,,,,,,,,,,,,1,1,0,0,17.0
Calvin Ridley,WR,ATL,11,NO,0,0,0,0,0,0,0,0,5,90,0,9,0,0,0,0,0,0,0,0,0,0,,,,,
Cam Akers,RB,LA,11,TB,0,0,0,0,0,15,0,5,1,4,1,1,0,0,0,0,0,0,0,0,0,0,,,,,
Cam Newton,QB,NE,11,HOU,365,1,40,26,0,6,0,3,0,0,0,0,0,0,0,0,0,0,0,0,0,0,,,,,
Cam Sims,WR,WAS,11,CIN,0,0,0,0,0,0,0,0,2,20,0,2,0,0,0,0,0,0,0,0,0,0,,,,,
Cameron Batson,WR,TEN,11,BAL,0,0,0,0,0,4,0,1,2,21,0,2,0,0,0,0,0,0,0,0,0,0,,,,,
Cameron Brate,TE,TB,11,LA,0,0,0,0,0,0,0,0,3,23,0,4,0,0,0,0,0,0,0,0,0,0,,,,,
Carlos Hyde,RB,SEA,11,ARI,0,0,0,0,0,79,1,14,2,16,0,3,0,0,0,0,0,0,0,0,0,0,,,,,
Carson Wentz,QB,PHI,11,CLE,235,2,35,21,2,10,0,3,0,0,0,0,0,0,0,0,0,0,0,0,0,0,,,,,
Cedrick Wilson Jr.,WR,DAL,11,MIN,0,0,0,0,0,0,0,0,1,7,0,2,0,0,0,0,0,0,0,0,0,0,,,,,
CeeDee Lamb,WR,DAL,11,MIN,0,0,0,0,0,12,0,2,4,34,1,6,0,0,1,0,0,0,0,0,0,0,,,,,
Chad Beebe,WR,MIN,11,DAL,0,0,0,0,0,0,0,0,0,0,0,0,0,0,0,0,0,0,0,0,0,0,,,,,
Chase Claypool,WR,PIT,11,JAX,0,0,0,0,0,0,0,0,4,59,1,8,0,0,0,0,0,0,0,0,0,0,,,,,
Chase Edmonds,RB,ARI,11,SEA,0,0,0,0,0,13,0,2,4,36,1,4,0,0,0,0,0,0,0,0,0,0,,,,,
Chase McLaughlin,K,JAX,11,PIT,0,0,0,0,0,0,0,0,0,0,0,0,0,0,0,0,0,0,1,0,0,0,,,,,
Chris Boswell,K,PIT,11,JAX,0,0,0,0,0,0,0,0,0,0,0,0,0,0,0,0,0,0,2,0,0,3,,,,,
Chris Conley,WR,JAX,11,PIT,0,0,0,0,0,0,0,0,1,13,0,4,0,0,0,0,0,0,0,0,0,0,,,,,
Chris Godwin Jr.,WR,TB,11,LA,0,0,0,0,0,0,0,0,7,53,1,10,0,0,0,0,0,0,0,0,0,0,,,,,
Chris Herndon,TE,NYJ,11,LAC,0,0,0,0,0,0,0,0,2,32,1,3,0,0,0,0,0,0,0,0,0,0,,,,,
Chris Manhertz,TE,CAR,11,DET,0,0,0,0,0,0,0,0,0,0,0,1,0,0,0,0,0,0,0,0,0,0,,,,,
Christian Blake,WR,ATL,11,NO,0,0,0,0,0,0,0,0,2,28,0,4,0,0,0,0,0,0,0,0,0,0,,,,,
Christian Kirk,WR,ARI,11,SEA,0,0,0,0,0,0,0,0,4,50,0,6,0,0,0,0,0,0,0,0,0,0,,,,,
Clyde Edwards-Helaire,RB,KC,11,LV,0,0,0,0,0,69,2,14,1,8,0,2,0,0,0,0,0,0,0,0,0,0,,,,,
Cody Parkey,K,CLE,11,PHI,0,0,0,0,0,0,0,0,0,0,0,0,0,0,0,0,1,0,1,0,0,2,,,,,
Cooper Kupp,WR,LA,11,TB,0,0,0,0,0,0,0,0,11,145,0,13,0,0,0,0,0,0,0,0,0,0,,,,,
Corey Davis,WR,TEN,11,BAL,0,0,0,0,0,0,0,0,5,113,0,7,0,0,0,0,0,0,0,0,0,0,,,,,
Curtis Samuel,WR,CAR,11,DET,0,0,0,0,0,4,0,1,8,70,1,10,0,0,0,0,0,0,0,0,0,0,,,,,
D'Ernest Johnson,RB,CLE,11,PHI,0,0,0,0,0,0,0,0,0,0,0,0,0,0,0,0,0,0,0,0,0,0,,,,,
D'Onta Foreman,RB,TEN,11,BAL,0,0,0,0,0,1,0,1,0,0,0,0,0,0,0,0,0,0,0,0,0,0,,,,,
D.J. Foster,RB,ARI,11,SEA,0,0,0,0,0,0,0,0,0,0,0,0,0,0,0,0,0,0,0,0,0,0,,,,,
DAL,DEF,DAL,11,MIN,,,,,,,,,,,,,,,,,,,,,,,0,0,0,0,28.0
DEN,DEF,DEN,11,MIA,,,,,,,,,,,,,,,,,,,,,,,0,0,0,0,13.0
DET,DEF,DET,11,CAR,,,,,,,,,,,,,,,,,,,,,,,0,0,0,0,20.0
DJ Chark,WR,JAX,11,PIT,0,0,0,0,0,0,0,0,4,41,0,8,0,0,0,0,0,0,0,0,0,0,,,,,
DJ Moore,WR,CAR,11,DET,0,0,1,0,0,21,0,1,7,127,0,11,0,0,0,0,0,0,0,0,0,0,,,,,
DK Metcalf,WR,SEA,11,ARI,0,0,0,0,0,0,0,0,3,46,1,5,0,0,0,0,0,0,0,0,0,0,,,,,
Dallas Goedert,TE,PHI,11,CLE,0,0,0,0,0,0,0,0,5,77,1,6,0,0,0,0,0,0,0,0,0,0,,,,,
Dalton Schultz,TE,DAL,11,MIN,0,0,0,0,0,0,0,0,4,25,1,6,0,0,0,0,0,0,0,0,0,0,,,,,
Dalvin Cook,RB,MIN,11,DAL,0,0,0,0,0,115,1,27,5,45,0,5,0,0,0,0,0,0,0,0,0,0,,,,,
Damien Harris,RB,NE,11,HOU,0,0,0,0,0,43,1,11,1,11,0,2,0,0,0,0,0,0,0,0,0,0,,,,,
Damiere Byrd,WR,NE,11,HOU,0,0,0,0,0,11,0,1,6,132,1,7,0,0,0,0,0,0,0,0,0,0,,,,,
Dan Arnold,TE,ARI,11,SEA,0,0,0,0,0,0,0,0,1,4,1,2,0,0,0,0,0,0,0,0,0,0,,,,,
Dan Bailey,K,MIN,11,DAL,0,0,0,0,0,0,0,0,0,0,0,0,0,0,0,0,0,0,0,0,0,4,,,,,
Daniel Brown,TE,NYJ,11,LAC,0,0,0,0,0,0,0,0,0,0,0,0,0,0,0,0,0,0,0,0,0,0,,,,,
Daniel Carlson,K,LV,11,KC,0,0,0,0,0,0,0,0,0,0,0,0,0,0,0,0,0,1,0,0,0,4,,,,,
Dare Ogunbowale,RB,JAX,11,PIT,0,0,0,0,0,0,0,0,0,0,0,2,0,0,0,0,0,0,0,0,0,0,,,,,
Darrel Williams,RB,KC,11,LV,0,0,0,0,0,0,0,0,3,22,0,3,0,0,0,0,0,0,0,0,0,0,,,,,
Darrell Henderson,RB,LA,11,TB,0,0,0,0,0,5,0,8,2,4,0,3,0,0,0,0,0,0,0,0,0,0,,,,,
Darren Fells,TE,HOU,11,NE,0,0,0,0,0,0,0,0,2,29,0,2,0,0,0,0,0,0,0,0,0,0,,,,,
Darren Waller,TE,LV,11,KC,0,0,0,0,0,0,0,0,7,88,1,7,0,0,0,0,0,0,0,0,0,0,,,,,
Darrius Shepherd,WR,GB,11,IND,0,0,0,0,0,0,0,0,0,0,0,0,0,0,0,0,0,0,0,0,0,0,,,,,
Davante Adams,WR,GB,11,IND,0,0,0,0,0,0,0,0,7,106,1,9,0,0,0,0,0,0,0,0,0,0,,,,,
David Moore,WR,SEA,11,ARI,0,0,0,0,0,0,0,0,2,5,0,2,0,0,0,0,0,0,0,0,0,0,,,,,
David Njoku,TE,CLE,11,PHI,0,0,0,0,0,0,0,0,0,0,0,1,0,0,0,0,0,0,0,0,0,0,,,,,
De'Michael Harris,WR,IND,11,GB,0,0,0,0,0,19,0,2,1,1,0,1,0,0,0,0,0,0,0,0,0,0,,,,,
DeAndre Hopkins,WR,ARI,11,SEA,0,0,0,0,0,0,0,0,5,51,0,8,0,0,0,0,0,0,0,0,0,0,,,,,
DeVante Parker,WR,MIA,11,DEN,0,0,0,0,0,0,0,0,6,61,1,9,0,0,0,0,0,0,0,0,0,0,,,,,
DeeJay Dallas,RB,SEA,11,ARI,0,0,0,0,0,13,0,1,2,19,0,2,0,0,0,0,0,0,0,0,0,0,,,,,
Demarcus Robinson,WR,KC,11,LV,0,0,0,0,0,0,0,0,6,44,0,8,0,0,0,0,0,0,0,0,0,0,,,,,
Denzel Mims,WR,NYJ,11,LAC,0,0,0,0,0,0,0,0,3,71,0,7,0,0,0,0,0,0,0,0,0,0,,,,,
Deonte Harty,WR,NO,11,ATL,0,0,0,0,0,23,0,1,1,2,0,1,0,0,0,0,0,0,0,0,0,0,,,,,
Derek Carr,QB,LV,11,KC,275,3,31,23,1,6,0,3,0,0,0,0,0,0,0,0,0,0,0,0,0,0,,,,,
Derek Carrier,TE,LV,11,KC,0,0,0,0,0,0,0,0,1,14,0,1,0,0,0,0,0,0,0,0,0,0,,,,,
Derrick Henry,RB,TEN,11,BAL,0,0,0,0,0,133,1,28,1,-1,0,2,0,0,0,0,0,0,0,0,0,0,,,,,
Deshaun Watson,QB,HOU,11,NE,344,2,37,28,0,36,1,6,0,0,0,0,0,0,0,0,0,0,0,0,0,0,,,,,
Devin Duvernay,WR,BAL,11,TEN,0,0,0,0,0,0,0,0,1,5,0,2,0,0,0,0,0,0,0,0,0,0,,,,,
Devine Ozigbo,RB,JAX,11,PIT,0,0,0,0,0,0,0,0,3,5,0,3,0,0,0,0,0,0,0,0,0,0,,,,,
Devontae Booker,RB,LV,11,KC,0,0,0,0,0,16,0,5,1,3,0,1,0,0,0,0,0,0,0,0,0,0,,,,,
Dez Bryant,WR,BAL,11,TEN,0,0,0,0,0,0,0,0,4,28,0,5,0,0,0,0,0,0,0,0,0,0,,,,,
Diontae Johnson,WR,PIT,11,JAX,0,0,0,0,0,0,0,0,12,111,0,16,0,0,0,0,0,0,0,0,0,0,,,,,
Diontae Spencer,WR,DEN,11,MIA,0,0,0,0,0,0,0,0,0,0,0,0,0,0,0,0,0,0,0,0,0,0,,,,,
Donald Parham,TE,LAC,11,NYJ,0,0,0,0,0,0,0,0,0,0,0,0,0,0,0,0,0,0,0,0,0,0,,,,,
Donovan Peoples-Jones,WR,CLE,11,PHI,0,0,0,0,0,0,0,0,0,0,0,0,0,0,0,0,0,0,0,0,0,0,,,,,
Donte Moncrief,WR,NE,11,HOU,0,0,0,0,0,0,0,0,1,15,0,2,0,0,0,0,0,0,0,0,0,0,,,,,
Drew Lock,QB,DEN,11,MIA,270,0,30,18,1,23,0,2,0,0,0,0,0,0,0,0,0,0,0,0,0,0,,,,,
Drew Sample,TE,CIN,11,WAS,0,0,0,0,0,0,0,0,2,29,0,4,0,0,0,0,0,0,0,0,0,0,,,,,
Duke Johnson,RB,HOU,11,NE,0,0,0,0,0,15,0,10,3,20,0,5,0,0,0,0,0,0,0,0,0,0,,,,,
Durham Smythe,TE,MIA,11,DEN,0,0,0,0,0,0,0,0,0,0,0,1,0,0,0,0,0,0,0,0,0,0,,,,,
Dustin Hopkins,K,WAS,11,CIN,0,0,0,0,0,0,0,0,0,0,0,0,0,0,0,0,0,1,0,1,0,2,,,,,
Emmanuel Sanders,WR,NO,11,ATL,0,0,0,0,0,0,0,0,4,66,0,5,0,0,0,0,0,0,0,0,0,0,,,,,
Equanimeous St. Brown,WR,GB,11,IND,0,0,0,0,0,0,0,0,1,23,0,1,0,0,0,0,0,0,0,0,0,0,,,,,
Eric Ebron,TE,PIT,11,JAX,0,0,0,0,0,0,0,0,4,36,1,7,0,0,0,0,0,0,0,0,0,0,,,,,
Eric Saubert,TE,JAX,11,PIT,0,0,0,0,0,0,0,0,1,3,0,1,0,0,0,0,0,0,0,0,0,0,,,,,
Ezekiel Elliott,RB,DAL,11,MIN,0,0,0,0,0,103,0,21,2,11,1,2,0,0,0,0,0,0,0,0,0,0,,,,,
Frank Gore,RB,NYJ,11,LAC,0,0,0,0,0,61,1,15,2,10,0,2,0,0,0,0,0,0,0,0,0,0,,,,,
GB,DEF,GB,11,IND,,,,,,,,,,,,,,,,,,,,,,,0,0,0,0,34.0
Geoff Swaim,TE,TEN,11,BAL,0,0,0,0,0,0,0,0,1,9,0,1,0,0,0,0,0,0,0,0,0,0,,,,,
Gerald Everett,TE,LA,11,TB,0,0,0,0,0,0,0,0,4,27,0,5,0,0,0,0,0,0,0,0,0,0,,,,,
Giovani Bernard,RB,CIN,11,WAS,0,0,0,0,0,18,0,9,4,37,0,5,0,0,0,0,0,0,0,0,0,0,,,,,
Greg Olsen,TE,SEA,11,ARI,0,0,0,0,0,0,0,0,2,20,0,2,0,0,0,0,0,0,0,0,0,0,,,,,
Greg Ward,WR,PHI,11,CLE,0,0,0,0,0,0,0,0,3,9,0,4,0,0,0,0,0,0,0,0,0,0,,,,,
Greg Zuerlein,K,DAL,11,MIN,0,0,0,0,0,0,0,0,0,0,0,0,0,0,0,1,0,0,0,0,0,2,,,,,
Gunner Olszewski,WR,NE,11,HOU,0,0,0,0,0,0,0,0,0,0,0,0,0,0,0,0,0,0,0,0,0,0,,,,,
Gus Edwards,RB,BAL,11,TEN,0,0,0,0,0,6,0,3,0,0,0,0,0,0,0,0,0,0,0,0,0,0,,,,,
HOU,DEF,HOU,11,NE,,,,,,,,,,,,,,,,,,,,,,,0,0,0,0,20.0
Harrison Butker,K,KC,11,LV,0,0,0,0,0,0,0,0,0,0,0,0,0,0,0,0,0,0,0,0,0,5,,,,,
Hayden Hurst,TE,ATL,11,NO,0,0,0,0,0,0,0,0,0,0,0,2,0,0,0,0,0,0,0,0,0,0,,,,,
Henry Ruggs III,WR,LV,11,KC,0,0,0,0,0,12,0,1,1,5,0,1,0,0,0,0,0,0,0,0,0,0,,,,,
Hunter Henry,TE,LAC,11,NYJ,0,0,0,0,0,0,0,0,4,48,1,7,0,0,0,0,0,0,0,0,0,0,,,,,
Hunter Renfrow,WR,LV,11,KC,0,0,0,0,0,0,0,0,2,37,0,2,0,0,0,0,0,0,0,0,0,0,,,,,
IND,DEF,IND,11,GB,,,,,,,,,,,,,,,,,,,,,,,0,0,0,0,31.0
Irv Smith,TE,MIN,11,DAL,0,0,0,0,0,0,0,0,2,23,0,2,0,0,0,0,0,0,0,0,0,0,,,,,
Isaiah Wright,WR,WAS,11,CIN,0,0,0,0,0,0,0,0,1,7,0,1,0,0,0,0,0,0,0,0,0,0,,,,,
Ito Smith,RB,ATL,11,NO,0,0,0,0,0,5,0,1,0,0,0,0,0,0,0,0,0,0,0,0,0,0,,,,,
J.D. McKissic,RB,WAS,11,CIN,0,0,0,0,0,43,0,6,3,26,0,4,0,0,0,0,0,0,0,0,0,0,,,,,
J.K. Dobbins,RB,BAL,11,TEN,0,0,0,0,0,70,1,15,2,15,0,2,0,0,1,0,0,0,0,0,0,0,,,,,
JAX,DEF,JAX,11,PIT,,,,,,,,,,,,,,,,,,,,,,,0,0,0,0,27.0
Jace Sternberger,TE,GB,11,IND,0,0,0,0,0,0,0,0,3,23,0,3,0,0,0,0,0,0,0,0,0,0,,,,,
Jack Doyle,TE,IND,11,GB,0,0,0,0,0,0,0,0,1,6,1,2,0,0,0,0,0,0,0,0,0,0,,,,,
Jacob Hollister,TE,SEA,11,ARI,0,0,0,0,0,0,0,0,2,14,0,3,0,0,0,0,0,0,0,0,0,0,,,,,
Jacoby Brissett,QB,IND,11,GB,0,0,0,0,0,9,0,2,0,0,0,0,0,0,0,0,0,0,0,0,0,0,,,,,
Jake Elliott,K,PHI,11,CLE,0,0,0,0,0,0,0,0,0,0,0,0,0,0,0,0,0,0,1,0,0,2,,,,,
Jake Luton,QB,JAX,11,PIT,151,0,37,16,4,0,0,0,0,0,0,0,0,0,0,0,0,0,0,0,0,0,,,,,
Jakeem Grant,WR,MIA,11,DEN,0,0,0,0,0,3,0,1,2,12,0,6,0,0,0,0,0,0,0,0,0,0,,,,,
Jakobi Meyers,WR,NE,11,HOU,0,0,0,0,0,0,0,0,3,38,0,3,0,0,0,0,0,0,0,0,0,0,,,,,
Jalen Guyton,WR,LAC,11,NYJ,0,0,0,0,0,0,0,0,1,4,0,1,0,0,0,0,0,0,0,0,0,0,,,,,
Jalen Hurts,QB,PHI,11,CLE,0,0,0,0,0,6,0,1,0,0,0,0,0,0,0,0,0,0,0,0,0,0,,,,,
Jalen Reagor,WR,PHI,11,CLE,0,0,0,0,0,0,0,0,4,52,0,5,0,0,0,0,0,0,0,0,0,0,,,,,
Jamaal Williams,RB,GB,11,IND,0,0,0,0,0,12,0,5,1,4,1,2,0,0,0,0,0,0,0,0,0,0,,,,,
Jamal Agnew,WR,DET,11,CAR,0,0,0,0,0,0,0,0,3,10,0,6,0,0,0,0,0,0,0,0,0,0,,,,,
James Conner,RB,PIT,11,JAX,0,0,0,0,0,89,0,13,3,10,0,3,0,0,0,0,0,0,0,0,0,0,,,,,
James Proche,WR,BAL,11,TEN,0,0,0,0,0,0,0,0,1,14,0,1,0,0,0,0,0,0,0,0,0,0,,,,,
James Robinson,RB,JAX,11,PIT,0,0,0,0,0,73,0,17,2,21,0,2,0,0,0,0,0,0,0,0,0,0,,,,,
James Washington,WR,PIT,11,JAX,0,0,0,0,0,0,0,0,1,12,0,3,0,0,0,0,0,0,0,0,0,0,,,,,
James White,RB,NE,11,HOU,0,0,0,0,0,19,0,5,6,64,0,9,0,0,0,0,0,0,0,0,0,0,,,,,
Jamison Crowder,WR,NYJ,11,LAC,0,0,0,0,0,0,0,0,1,16,0,4,0,0,0,0,0,0,0,0,0,0,,,,,
Jared Cook,TE,NO,11,ATL,0,0,0,0,0,0,0,0,1,6,0,1,0,0,0,0,0,0,0,0,0,0,,,,,
Jared Goff,QB,LA,11,TB,376,3,51,39,2,0,0,1,0,0,0,0,0,0,0,0,0,0,0,0,0,0,,,,,
Jarvis Landry,WR,CLE,11,PHI,0,0,0,0,0,3,0,1,2,23,0,2,0,0,0,0,0,0,0,0,0,0,,,,,
Jason Myers,K,SEA,11,ARI,0,0,0,0,0,0,0,0,0,0,0,0,0,0,0,0,1,0,1,0,0,2,,,,,
Jason Sanders,K,MIA,11,DEN,0,0,0,0,0,0,0,0,0,0,0,0,0,0,0,0,0,0,1,1,0,1,,,,,
Jason Witten,TE,LV,11,KC,0,0,0,0,0,0,0,0,1,1,1,1,0,0,0,0,0,0,0,0,0,0,,,,,
Jeff Smith,WR,NYJ,11,LAC,0,0,0,0,0,0,0,0,1,5,0,1,0,0,0,0,0,0,0,0,0,0,,,,,
Jeremy McNichols,RB,TEN,11,BAL,0,0,0,0,0,0,0,0,1,2,0,1,0,0,0,0,0,0,0,0,0,0,,,,,
Jerry Jeudy,WR,DEN,11,MIA,0,0,0,0,0,0,0,0,3,37,0,8,0,0,0,0,0,0,0,0,0,0,,,,,
Jesse James,TE,DET,11,CAR,0,0,0,0,0,0,0,0,1,3,0,2,0,0,0,0,0,0,0,0,0,0,,,,,
Joe Burrow,QB,CIN,11,WAS,203,1,34,22,0,12,0,2,0,0,0,0,0,0,0,0,0,0,0,0,0,0,,,,,
Joe Flacco,QB,NYJ,11,LAC,205,2,30,15,1,2,0,1,0,0,0,0,0,0,0,0,0,0,0,0,0,0,,,,,
Joe Reed,WR,LAC,11,NYJ,0,0,0,0,0,0,0,0,0,0,0,0,0,0,0,0,0,0,0,0,0,0,,,,,
Joey Slye,K,CAR,11,DET,0,0,0,0,0,0,0,0,0,0,0,0,0,0,0,0,0,1,0,1,0,2,,,,,
Johnny Mundt,TE,LA,11,TB,0,0,0,0,0,0,0,0,0,0,0,0,0,0,0,0,0,0,0,0,0,0,,,,,
Jonathan Taylor,RB,IND,11,GB,0,0,0,0,0,90,0,22,4,24,0,4,0,0,0,0,0,0,0,0,0,0,,,,,
Jonathan Ward,RB,ARI,11,SEA,0,0,0,0,0,0,0,0,0,0,0,0,0,0,0,0,0,0,0,0,0,0,,,,,
Jonnu Smith,TE,TEN,11,BAL,0,0,0,0,0,0,0,0,4,20,1,6,0,0,0,0,0,0,0,0,0,0,,,,,
Jordan Akins,TE,HOU,11,NE,0,0,0,0,0,0,0,0,5,83,0,6,0,0,0,0,0,0,0,0,0,0,,,,,
Jordan Wilkins,RB,IND,11,GB,0,0,0,0,0,21,0,4,1,15,0,1,0,0,0,0,0,0,0,0,0,0,,,,,
Josh Jacobs,RB,LV,11,KC,0,0,0,0,0,55,1,17,1,9,0,1,0,0,0,0,0,0,0,0,0,0,,,,,
Josh Reynolds,WR,LA,11,TB,0,0,0,0,0,0,0,0,3,32,0,6,0,0,0,0,0,0,0,0,0,0,,,,,
Joshua Kelley,RB,LAC,11,NYJ,0,0,0,0,0,-2,0,4,2,4,0,2,0,0,0,0,0,0,0,0,0,0,,,,,
JuJu Smith-Schuster,WR,PIT,11,JAX,0,0,0,0,0,0,0,0,4,19,0,5,0,0,0,0,0,0,0,0,0,0,,,,,
Julio Jones,WR,ATL,11,NO,0,0,0,0,0,0,0,0,2,39,0,2,0,0,0,0,0,0,0,0,0,0,,,,,
Justice Hill,RB,BAL,11,TEN,0,0,0,0,0,0,0,0,0,0,0,0,0,0,0,0,0,0,0,0,0,0,,,,,
Justin Herbert,QB,LAC,11,NYJ,366,3,49,37,0,11,0,2,0,0,0,0,0,0,0,0,0,0,0,0,0,0,,,,,
Justin Jefferson,WR,MIN,11,DAL,0,0,0,0,0,0,0,0,3,86,1,5,0,0,0,0,0,0,0,0,0,0,,,,,
Justin Tucker,K,BAL,11,TEN,0,0,0,0,0,0,0,0,0,0,0,0,0,0,0,0,2,1,0,0,0,1,,,,,
Justin Watson,WR,TB,11,LA,0,0,0,0,0,0,0,0,0,0,0,0,0,0,0,0,0,0,0,0,0,0,,,,,
K.J. Hill,WR,LAC,11,NYJ,0,0,0,0,0,0,0,0,0,0,0,0,0,0,0,0,0,0,0,0,0,0,,,,,
K.J. Osborn,WR,MIN,11,DAL,0,0,0,0,0,0,0,0,0,0,0,0,0,0,0,0,0,0,0,0,0,0,,,,,
KC,DEF,KC,11,LV,,,,,,,,,,,,,,,,,,,,,,,0,0,0,0,31.0
KJ Hamler,WR,DEN,11,MIA,0,0,0,0,0,0,0,0,4,35,0,6,0,0,0,0,0,0,0,0,0,0,,,,,
Ka'imi Fairbairn,K,HOU,11,NE,0,0,0,0,0,0,0,0,0,0,0,0,0,0,0,0,0,1,1,0,0,3,,,,,
Kalen Ballage,RB,LAC,11,NYJ,0,0,0,0,0,44,0,16,7,27,0,9,0,0,0,0,0,0,0,0,0,0,,,,,
Kalif Raymond,WR,TEN,11,BAL,0,0,0,0,0,0,0,0,0,0,0,0,0,0,0,0,0,0,0,0,0,0,,,,,
Kareem Hunt,RB,CLE,11,PHI,0,0,0,0,0,11,1,13,1,10,0,1,0,0,0,0,0,0,0,0,0,0,,,,,
Keelan Cole,WR,JAX,11,PIT,0,0,0,0,0,0,0,0,2,26,0,5,0,0,0,0,0,0,0,0,0,0,,,,,
Keenan Allen,WR,LAC,11,NYJ,0,0,0,0,0,0,0,0,16,145,1,19,0,0,0,0,0,0,0,0,0,0,,,,,
Keke Coutee,WR,HOU,11,NE,0,0,0,0,0,0,0,0,2,10,1,4,0,0,0,0,0,0,0,0,0,0,,,,,
Kenjon Barner,RB,TB,11,LA,0,0,0,0,0,0,0,0,0,0,0,0,0,0,0,0,0,0,0,0,0,0,,,,,
Kenyan Drake,RB,ARI,11,SEA,0,0,0,0,0,29,1,11,4,31,0,5,0,0,0,0,0,0,0,0,0,0,,,,,
Kerryon Johnson,RB,DET,11,CAR,0,0,0,0,0,17,0,6,2,21,0,5,0,0,0,0,0,0,0,0,0,0,,,,,
KhaDarel Hodge,WR,CLE,11,PHI,0,0,0,0,0,0,0,0,3,73,0,5,0,0,0,0,0,0,0,0,0,0,,,,,
Kirk Cousins,QB,MIN,11,DAL,314,3,30,22,0,4,0,1,0,0,0,0,0,0,0,0,0,0,0,0,0,0,,,,,
Kyle Rudolph,TE,MIN,11,DAL,0,0,0,0,0,0,0,0,3,28,0,3,0,0,0,0,0,0,0,0,0,0,,,,,
Kyler Murray,QB,ARI,11,SEA,269,2,42,29,0,15,0,5,0,0,0,0,0,0,0,0,0,0,0,0,0,0,,,,,
LA,DEF,LA,11,TB,,,,,,,,,,,,,,,,,,,,,,,0,0,0,0,24.0
LAC,DEF,LAC,11,NYJ,,,,,,,,,,,,,,,,,,,,,,,1,0,0,0,28.0
LV,DEF,LV,11,KC,,,,,,,,,,,,,,,,,,,,,,,0,0,0,0,35.0
La'Mical Perine,RB,NYJ,11,LAC,0,0,0,0,0,33,1,8,0,0,0,1,0,0,0,0,0,0,0,0,0,0,,,,,
Lamar Jackson,QB,BAL,11,TEN,186,1,29,17,1,51,0,13,0,0,0,0,0,0,1,0,0,0,0,0,0,0,,,,,
Larry Fitzgerald,WR,ARI,11,SEA,0,0,0,0,0,0,0,0,8,62,0,10,0,0,0,0,0,0,0,0,0,0,,,,,
Latavius Murray,RB,NO,11,ATL,0,0,0,0,0,49,0,12,2,36,0,2,0,0,0,0,0,0,0,0,0,0,,,,,
Le'Veon Bell,RB,KC,11,LV,0,0,0,0,0,25,1,7,1,11,0,1,0,0,0,0,0,0,0,0,0,0,,,,,
Leonard Fournette,RB,TB,11,LA,0,0,0,0,0,17,1,7,1,9,0,4,0,0,0,0,0,0,0,0,0,0,,,,,
Logan Thomas,TE,WAS,11,CIN,0,0,0,0,0,2,0,1,2,6,0,5,0,0,0,0,0,0,0,0,0,0,,,,,
Logan Woodside,QB,TEN,11,BAL,7,0,1,1,0,0,0,0,0,0,0,0,0,0,0,0,0,0,0,0,0,0,,,,,
Luke Stocker,TE,ATL,11,NO,0,0,0,0,0,0,0,0,0,0,0,1,0,0,0,0,0,0,0,0,0,0,,,,,
MIA,DEF,MIA,11,DEN,,,,,,,,,,,,,,,,,,,,,,,0,0,0,0,20.0
MIN,DEF,MIN,11,DAL,,,,,,,,,,,,,,,,,,,,,,,0,0,0,0,31.0
Mack Hollins,WR,MIA,11,DEN,0,0,0,0,0,0,0,0,1,9,0,2,0,0,0,0,0,0,0,0,0,0,,,,,
Malcolm Brown,RB,LA,11,TB,0,0,0,0,0,20,0,3,1,8,0,1,0,0,0,0,0,0,0,0,0,0,,,,,
Malcolm Perry,RB,MIA,11,DEN,0,0,0,0,0,0,0,0,3,23,0,5,0,0,0,0,0,0,0,0,0,0,,,,,
Marcedes Lewis,TE,GB,11,IND,0,0,0,0,0,0,0,0,1,8,0,1,0,0,0,0,0,0,0,0,0,0,,,,,
Marcus Johnson,WR,IND,11,GB,0,0,0,0,0,0,0,0,1,14,0,3,0,0,0,0,0,0,0,0,0,0,,,,,
Mark Andrews,TE,BAL,11,TEN,0,0,0,0,0,0,0,0,5,96,1,7,0,0,0,0,0,0,0,0,0,0,,,,,
Mark Ingram,RB,BAL,11,TEN,0,0,0,0,0,2,0,2,0,0,0,0,0,0,0,0,0,0,0,0,0,0,,,,,
Marquez Callaway,WR,NO,11,ATL,0,0,0,0,0,0,0,0,0,0,0,0,0,0,0,0,0,0,0,0,0,0,,,,,
Marquez Valdes-Scantling,WR,GB,11,IND,0,0,0,0,0,0,0,0,3,55,0,6,0,0,0,0,0,0,0,0,0,0,,,,,
Marquise Brown,WR,BAL,11,TEN,0,0,0,0,0,0,0,0,0,0,0,3,0,0,0,0,0,0,0,0,0,0,,,,,
Marvin Hall,WR,DET,11,CAR,0,0,0,0,0,0,0,0,3,16,0,3,0,0,0,0,0,0,0,0,0,0,,,,,
Marvin Jones,WR,DET,11,CAR,0,0,0,0,0,0,0,0,4,51,0,6,0,0,0,0,0,0,0,0,0,0,,,,,
Mason Crosby,K,GB,11,IND,0,0,0,0,0,0,0,0,0,0,0,0,0,0,0,0,1,0,0,0,0,4,,,,,
Mason Rudolph,QB,PIT,11,JAX,0,0,0,0,0,-4,0,3,0,0,0,0,0,0,0,0,0,0,0,0,0,0,,,,,
Matt Breida,RB,MIA,11,DEN,0,0,0,0,0,4,0,2,0,0,0,0,0,0,0,0,0,0,0,0,0,0,,,,,
Matt Gay,K,LA,11,TB,0,0,0,0,0,0,0,0,0,0,0,0,0,0,0,0,0,1,1,0,0,3,,,,,
Matt Prater,K,DET,11,CAR,0,0,0,0,0,0,0,0,0,0,0,0,0,0,0,0,0,0,0,0,0,0,,,,,
Matt Ryan,QB,ATL,11,NO,232,0,37,19,2,0,0,0,0,0,0,0,0,0,0,0,0,0,0,0,0,0,,,,,
Matthew Slater,WR,NE,11,HOU,0,0,0,0,0,0,0,0,0,0,0,0,0,0,0,0,0,0,0,0,0,0,,,,,
Matthew Stafford,QB,DET,11,CAR,178,0,33,18,0,5,0,4,0,0,0,0,0,0,0,0,0,0,0,0,0,0,,,,,
Maxx Williams,TE,ARI,11,SEA,0,0,0,0,0,0,0,0,2,29,0,2,0,0,0,0,0,0,0,0,0,0,,,,,
Mecole Hardman,WR,KC,11,LV,0,0,0,0,0,0,0,0,1,16,0,1,0,0,0,0,0,0,0,0,0,0,,,,,
Melvin Gordon,RB,DEN,11,MIA,0,0,0,0,0,84,2,15,0,0,0,0,0,0,0,0,0,0,0,0,0,0,,,,,
Michael Gallup,WR,DAL,11,MIN,0,0,0,0,0,0,0,0,2,29,0,5,0,0,0,0,0,0,0,0,0,0,,,,,
Michael Pittman,WR,IND,11,GB,0,0,0,0,0,0,0,0,3,66,1,3,0,0,0,0,0,0,0,0,0,0,,,,,
Michael Thomas,WR,NO,11,ATL,0,0,0,0,0,0,0,0,9,104,0,12,0,0,0,0,0,0,0,0,0,0,,,,,
Mike Badgley,K,LAC,11,NYJ,0,0,0,0,0,0,0,0,0,0,0,0,0,0,0,0,1,0,1,0,0,4,,,,,
Mike Davis,RB,CAR,11,DET,0,0,0,0,0,64,1,19,2,15,0,2,0,0,0,0,0,0,0,0,0,0,,,,,
Mike Evans,WR,TB,11,LA,0,0,0,0,0,0,0,0,5,49,1,9,0,0,0,0,0,0,0,0,0,0,,,,,
Mike Gesicki,TE,MIA,11,DEN,0,0,0,0,0,0,0,0,4,43,0,5,0,0,0,0,0,0,0,0,0,0,,,,,
Mike Williams,WR,LAC,11,NYJ,0,0,0,0,0,0,0,0,4,72,1,7,0,0,0,0,0,0,0,0,0,0,,,,,
Miles Sanders,RB,PHI,11,CLE,0,0,0,0,0,66,0,16,3,15,0,5,0,0,0,0,0,0,0,0,0,0,,,,,
Mo Alie-Cox,TE,IND,11,GB,0,0,0,0,0,0,0,0,2,16,0,3,0,0,0,0,0,0,0,0,0,0,,,,,
N'Keal Harry,TE,NE,11,HOU,0,0,0,0,0,0,0,0,5,41,0,8,0,0,0,0,0,0,0,0,0,0,,,,,
NE,DEF,NE,11,HOU,,,,,,,,,,,,,,,,,,,,,,,0,0,0,0,27.0
NO,DEF,NO,11,ATL,,,,,,,,,,,,,,,,,,,,,,,0,0,0,0,9.0
NYJ,DEF,NYJ,11,LAC,,,,,,,,,,,,,,,,,,,,,,,0,1,0,0,34.0
Nathan Cottrell,RB,JAX,11,PIT,0,0,0,0,0,0,0,0,0,0,0,0,0,0,0,0,0,0,0,0,0,0,,,,,
Nelson Agholor,WR,LV,11,KC,0,0,0,0,0,0,0,0,6,88,1,9,0,0,0,0,0,0,0,0,0,0,,,,,
Nick Chubb,RB,CLE,11,PHI,0,0,0,0,0,114,0,20,0,0,0,0,0,0,0,0,0,0,0,0,0,0,,,,,
Nick Folk,K,NE,11,HOU,0,0,0,0,0,0,0,0,0,0,0,0,0,0,0,0,0,1,1,0,0,2,,,,,
Nick Keizer,TE,KC,11,LV,0,0,0,0,0,0,0,0,1,5,0,1,0,0,0,0,0,0,0,0,0,0,,,,,
Nick Vannett,TE,DEN,11,MIA,0,0,0,0,0,0,0,0,2,24,0,2,0,0,0,0,0,0,0,0,0,0,,,,,
Nick Westbrook-Ikhine,WR,TEN,11,BAL,0,0,0,0,0,0,0,0,1,7,0,1,0,0,0,0,0,0,0,0,0,0,,,,,
Noah Brown,WR,DAL,11,MIN,0,0,0,0,0,0,0,0,1,6,0,1,0,0,0,0,0,0,0,0,0,0,,,,,
Noah Fant,TE,DEN,11,MIA,0,0,0,0,0,0,0,0,4,55,0,5,0,0,0,0,0,0,0,0,0,0,,,,,
Nsimba Webster,WR,LA,11,TB,0,0,0,0,0,0,0,0,0,0,0,0,0,0,0,0,0,0,0,0,0,0,,,,,
Nyheim Hines,RB,IND,11,GB,0,0,0,0,0,2,0,6,3,31,0,4,0,0,1,0,0,0,0,0,0,0,,,,,
Olamide Zaccheaus,WR,ATL,11,NO,0,0,0,0,0,0,0,0,1,10,0,1,0,0,0,0,0,0,0,0,0,0,,,,,
PHI,DEF,PHI,11,CLE,,,,,,,,,,,,,,,,,,,,,,,0,0,0,0,22.0
PIT,DEF,PIT,11,JAX,,,,,,,,,,,,,,,,,,,,,,,0,0,0,0,3.0
PJ Walker,QB,CAR,11,DET,258,1,34,24,2,-2,0,5,0,0,0,1,0,0,0,0,0,0,0,0,0,0,,,,,
Patrick Laird,RB,MIA,11,DEN,0,0,0,0,0,0,0,0,1,8,0,2,0,0,0,0,0,0,0,0,0,0,,,,,
Patrick Mahomes,QB,KC,11,LV,348,2,45,34,1,16,0,4,0,0,0,0,0,0,0,0,0,0,0,0,0,0,,,,,
Patrick Ricard,RB,BAL,11,TEN,0,0,0,0,0,0,0,0,1,5,0,1,0,0,0,0,0,0,0,0,0,0,,,,,
Peyton Barber,RB,WAS,11,CIN,0,0,0,0,0,28,0,8,0,0,0,0,0,0,0,0,0,0,0,0,0,0,,,,,
Pharaoh Brown,TE,HOU,11,NE,0,0,0,0,0,0,0,0,2,22,0,3,0,0,0,0,0,0,0,0,0,0,,,,,
Pharoh Cooper,WR,CAR,11,DET,0,0,0,0,0,0,0,0,0,0,0,0,0,0,0,0,0,0,0,0,0,0,,,,,
Philip Rivers,QB,IND,11,GB,288,3,36,24,1,-1,0,1,0,0,0,0,0,0,0,0,0,0,0,0,0,0,,,,,
Phillip Lindsay,RB,DEN,11,MIA,0,0,0,0,0,82,0,16,0,0,0,0,0,0,0,0,0,0,0,0,0,0,,,,,
Quintez Cephus,WR,DET,11,CAR,0,0,0,0,0,0,0,0,1,9,0,2,0,0,0,0,0,0,0,0,0,0,,,,,
Randall Cobb,WR,HOU,11,NE,0,0,0,0,0,0,0,0,2,7,1,2,0,0,0,0,0,0,0,0,0,0,,,,,
Randy Bullock,K,CIN,11,WAS,0,0,0,0,0,0,0,0,0,0,0,0,0,0,0,0,0,0,0,1,0,0,,,,,
Rashard Higgins,WR,CLE,11,PHI,0,0,0,0,0,0,0,0,3,65,0,4,0,0,0,0,0,0,0,0,0,0,,,,,
Ray-Ray McCloud,WR,PIT,11,JAX,0,0,0,0,0,3,0,1,4,20,0,4,0,0,0,0,0,0,0,0,0,0,,,,,
Rex Burkhead,RB,NE,11,HOU,0,0,0,0,0,7,0,4,2,5,0,3,0,0,0,0,0,0,0,0,0,0,,,,,
Richard Rodgers,TE,PHI,11,CLE,0,0,0,0,0,0,0,0,2,48,1,2,0,0,0,0,0,0,0,0,0,0,,,,,
Rob Gronkowski,TE,TB,11,LA,0,0,0,0,0,0,0,0,2,25,0,6,0,0,0,0,0,0,0,0,0,0,,,,,
Robbie Chosen,WR,CAR,11,DET,0,0,0,0,0,0,0,0,7,46,0,9,0,0,0,0,0,0,0,0,0,0,,,,,
Robert Tonyan,TE,GB,11,IND,0,0,0,0,0,0,0,0,5,44,1,5,0,0,0,0,0,0,0,0,0,0,,,,,
Robert Woods,WR,LA,11,TB,0,0,0,0,0,-4,0,2,12,130,1,15,0,0,0,0,0,0,0,0,0,0,,,,,
Rodney Smith,RB,CAR,11,DET,0,0,0,0,0,29,0,8,0,0,0,0,0,0,0,0,0,0,0,0,0,0,,,,,
Rodrigo Blankenship,K,IND,11,GB,0,0,0,0,0,0,0,0,0,0,0,0,0,0,0,0,0,3,1,0,0,2,,,,,
Ronald Jones,RB,TB,11,LA,0,0,0,0,0,24,0,10,0,0,0,1,0,0,0,0,0,0,0,0,0,0,,,,,
Russell Gage,WR,ATL,11,NO,0,0,0,0,0,0,0,0,7,58,0,12,0,0,0,0,0,0,0,0,0,0,,,,,
Russell Wilson,QB,SEA,11,ARI,197,2,28,23,0,42,0,10,0,0,0,0,0,0,0,0,0,0,0,0,0,0,,,,,
Ryan Finley,QB,CIN,11,WAS,30,0,10,3,1,19,0,1,0,0,0,0,0,0,0,0,0,0,0,0,0,0,,,,,
Ryan Fitzpatrick,QB,MIA,11,DEN,117,0,18,12,1,6,0,2,0,0,0,0,0,0,0,0,0,0,0,0,0,0,,,,,
Ryan Izzo,TE,NE,11,HOU,0,0,0,0,0,0,0,0,2,59,0,3,0,0,0,0,0,0,0,0,0,0,,,,,
Ryan Succop,K,TB,11,LA,0,0,0,0,0,0,0,0,0,0,0,0,0,0,0,0,0,1,0,0,0,3,,,,,
Ryan Tannehill,QB,TEN,11,BAL,259,2,31,22,1,35,0,4,0,0,0,0,0,0,1,0,0,0,0,0,0,0,,,,,
SEA,DEF,SEA,11,ARI,,,,,,,,,,,,,,,,,,,,,,,0,1,0,0,21.0
Salvon Ahmed,RB,MIA,11,DEN,0,0,0,0,0,43,0,12,5,31,0,6,0,0,0,0,0,0,0,0,0,0,,,,,
Sam Ficken,K,NYJ,11,LAC,0,0,0,0,0,0,0,0,0,0,0,0,0,0,0,0,0,0,0,0,0,2,,,,,
Samaje Perine,RB,CIN,11,WAS,0,0,0,0,0,19,0,5,1,2,0,2,0,0,0,0,0,0,0,0,0,0,,,,,
Stephen Gostkowski,K,TEN,11,BAL,0,0,0,0,0,0,0,0,0,0,0,0,0,0,0,0,1,0,2,0,0,1,,,,,
Steven Sims,WR,WAS,11,CIN,0,0,0,0,0,0,0,0,3,13,1,3,0,0,0,0,0,0,0,0,0,0,,,,,
T.J. Hockenson,TE,DET,11,CAR,0,0,0,0,0,0,0,0,4,68,0,7,0,0,0,0,0,0,0,0,0,0,,,,,
T.Y. Hilton,WR,IND,11,GB,0,0,0,0,0,0,0,0,3,36,0,6,0,0,0,0,0,0,0,0,0,0,,,,,
TB,DEF,TB,11,LA,,,,,,,,,,,,,,,,,,,,,,,0,0,0,0,27.0
TEN,DEF,TEN,11,BAL,,,,,,,,,,,,,,,,,,,,,,,0,0,0,0,24.0
Taysom Hill,TE,NO,11,ATL,233,0,23,18,0,49,2,10,0,0,0,0,0,0,0,0,0,0,0,0,0,0,,,,,
Tee Higgins,WR,CIN,11,WAS,0,0,0,0,0,0,0,0,3,26,0,10,0,0,0,0,0,0,0,0,0,0,,,,,
Terry McLaurin,WR,WAS,11,CIN,0,0,0,0,0,0,0,0,5,84,0,7,0,0,0,0,0,0,0,0,0,0,,,,,
Tim Patrick,WR,DEN,11,MIA,0,0,0,0,0,0,0,0,5,119,0,8,0,0,0,0,0,0,0,0,0,0,,,,,
Todd Gurley,RB,ATL,11,NO,0,0,0,0,0,26,0,8,1,3,0,2,0,0,0,0,0,0,0,0,0,0,,,,,
Tom Brady,QB,TB,11,LA,216,2,48,26,2,0,0,0,0,0,0,0,0,0,0,0,0,0,0,0,0,0,,,,,
Tony Pollard,RB,DAL,11,MIN,0,0,0,0,0,60,1,5,0,0,0,0,0,0,0,0,0,0,0,0,0,0,,,,,
Travis Fulgham,WR,PHI,11,CLE,0,0,0,0,0,0,0,0,1,8,0,7,0,0,0,0,0,0,0,0,0,0,,,,,
Travis Kelce,TE,KC,11,LV,4,0,1,1,0,0,0,0,8,127,1,10,0,0,0,0,0,0,0,0,0,0,,,,,
Trenton Cannon,RB,CAR,11,DET,0,0,0,0,0,0,0,0,0,0,0,0,0,0,0,0,0,0,0,0,0,0,,,,,
Trey Burton,TE,IND,11,GB,0,0,0,0,0,0,0,0,2,25,1,5,0,0,0,0,0,0,0,0,0,0,,,,,
Troy Fumagalli,TE,DEN,11,MIA,0,0,0,0,0,0,0,0,0,0,0,1,0,0,0,0,0,0,0,0,0,0,,,,,
Troymaine Pope,RB,LAC,11,NYJ,0,0,0,0,0,4,0,3,2,12,0,2,0,0,0,0,0,0,0,0,0,0,,,,,
Tua Tagovailoa,QB,MIA,11,DEN,83,1,20,11,0,0,0,0,0,0,0,0,0,0,0,0,0,0,0,0,0,0,,,,,
Ty Johnson,RB,NYJ,11,LAC,0,0,0,0,0,0,0,0,4,17,0,6,0,0,0,0,0,0,0,0,0,0,,,,,
Tyler Boyd,WR,CIN,11,WAS,0,0,0,0,0,0,0,0,9,85,0,11,0,0,0,0,0,0,0,0,0,0,,,,,
Tyler Eifert,TE,JAX,11,PIT,0,0,0,0,0,0,0,0,2,32,0,5,0,0,0,0,0,0,0,0,0,0,,,,,
Tyler Higbee,TE,LA,11,TB,0,0,0,0,0,1,0,1,4,19,0,4,0,0,0,0,0,0,0,0,0,0,,,,,
Tyler Lockett,WR,SEA,11,ARI,0,0,0,0,0,0,0,0,9,67,1,9,0,0,0,0,0,0,0,0,0,0,,,,,
Tyreek Hill,WR,KC,11,LV,0,0,0,0,0,-2,0,2,11,102,1,14,0,0,0,0,0,0,0,0,0,0,,,,,
Tyron Johnson,WR,LAC,11,NYJ,0,0,0,0,0,0,0,0,1,54,0,1,0,0,0,0,0,0,0,0,0,0,,,,,
Van Jefferson,WR,LA,11,TB,0,0,0,0,0,0,0,0,1,7,1,1,0,0,0,0,0,0,0,0,0,0,,,,,
WAS,DEF,WAS,11,CIN,,,,,,,,,,,,,,,,,,,,,,,0,0,0,0,9.0
Wil Lutz,K,NO,11,ATL,0,0,0,0,0,0,0,0,0,0,0,0,0,0,0,0,1,0,0,0,0,3,,,,,
Will Dissly,TE,SEA,11,ARI,0,0,0,0,0,0,0,0,1,10,0,1,0,0,0,0,0,0,0,0,0,0,,,,,
Will Fuller,WR,HOU,11,NE,0,0,0,0,0,0,0,0,6,80,0,8,0,0,0,0,0,0,0,0,0,0,,,,,
Willie Snead,WR,BAL,11,TEN,0,0,0,0,0,0,0,0,3,23,0,7,0,0,0,0,0,0,0,0,0,0,,,,,
Xavier Jones,RB,LA,11,TB,0,0,0,0,0,0,0,0,0,0,0,0,0,0,0,0,0,0,0,0,0,0,,,,,
Younghoe Koo,K,ATL,11,NO,0,0,0,0,0,0,0,0,0,0,0,0,0,0,0,0,1,0,0,2,0,0,,,,,
Zach Pascal,WR,IND,11,GB,0,0,0,0,0,0,0,0,3,54,0,3,0,0,0,0,0,0,0,0,0,0,,,,,
Zane Gonzalez,K,ARI,11,SEA,0,0,0,0,0,0,0,0,0,0,0,0,0,0,0,0,0,0,0,0,0,3,,,,,
Zay Jones,WR,LV,11,KC,0,0,0,0,0,0,0,0,1,18,0,1,0,0,0,0,0,0,0,0,0,0,,,,,
A.J. Brown,WR,TEN,12,IND,0,0,0,0,0,0,0,0,4,98,1,6,1,0,0,0,0,0,0,0,0,0,,,,,
A.J. Green,WR,CIN,12,NYG,0,0,0,0,0,0,0,0,0,0,0,3,0,0,0,0,0,0,0,0,0,0,,,,,
ARI,DEF,ARI,12,NE,,,,,,,,,,,,,,,,,,,,,,,0,0,0,0,20.0
ATL,DEF,ATL,12,LV,,,,,,,,,,,,,,,,,,,,,,,1,0,0,0,6.0
Aaron Jones,RB,GB,12,CHI,0,0,0,0,0,90,0,17,1,0,0,2,0,0,0,0,0,0,0,0,0,0,,,,,
Aaron Rodgers,QB,GB,12,CHI,211,4,29,21,0,12,0,2,0,0,0,0,0,0,0,0,0,0,0,0,0,0,,,,,
Adam Shaheen,TE,MIA,12,NYJ,0,0,0,0,0,0,0,0,1,7,1,2,0,0,0,0,0,0,0,0,0,0,,,,,
Adam Trautman,TE,NO,12,DEN,0,0,0,0,0,0,0,0,1,8,0,1,0,0,0,0,0,0,0,0,0,0,,,,,
Adrian Peterson,RB,DET,12,HOU,0,0,0,0,0,55,2,15,0,0,0,0,0,0,0,0,0,0,0,0,0,0,,,,,
Aldrick Rosas,K,JAX,12,CLE,0,0,0,0,0,0,0,0,0,0,0,0,0,0,0,0,1,0,0,1,0,1,,,,,
Alex Erickson,WR,CIN,12,NYG,0,0,0,0,0,-4,0,1,0,0,0,0,0,0,0,0,0,0,0,0,0,0,,,,,
Alex Smith,QB,WAS,12,DAL,149,1,26,19,1,1,0,3,0,0,0,0,0,0,0,0,0,0,0,0,0,0,,,,,
Alexander Mattison,RB,MIN,12,CAR,0,0,0,0,0,6,0,2,0,0,0,0,0,0,0,0,0,0,0,0,0,0,,,,,
Alfred Morris,RB,NYG,12,CIN,0,0,0,0,0,8,0,4,0,0,0,0,0,0,0,0,0,0,0,0,0,0,,,,,
Allen Lazard,WR,GB,12,CHI,0,0,0,0,0,0,0,0,4,23,1,6,0,0,0,0,0,0,0,0,0,0,,,,,
Allen Robinson,WR,CHI,12,GB,0,0,0,0,0,0,0,0,8,74,2,13,0,0,0,0,0,0,0,0,0,0,,,,,
Alshon Jeffery,WR,PHI,12,SEA,0,0,0,0,0,0,0,0,2,15,0,4,0,0,0,0,0,0,0,0,0,0,,,,,
Alvin Kamara,RB,NO,12,DEN,0,0,0,0,0,54,0,11,1,-2,0,2,0,0,0,0,0,0,0,0,0,0,,,,,
Amari Cooper,WR,DAL,12,WAS,0,0,0,0,0,0,0,0,6,112,1,8,0,0,0,0,0,0,0,0,0,0,,,,,
Ameer Abdullah,RB,MIN,12,CAR,0,0,0,0,0,0,0,0,0,0,0,0,0,0,0,0,0,0,0,0,0,0,,,,,
Andre Roberts,WR,BUF,12,LAC,0,0,0,0,0,0,0,0,0,0,0,0,0,0,0,0,0,0,0,0,0,0,,,,,
Andy Dalton,QB,DAL,12,WAS,215,1,35,25,1,17,0,3,0,0,0,0,0,0,0,0,0,0,0,0,0,0,,,,,
Andy Isabella,WR,ARI,12,NE,0,0,0,0,0,0,0,0,4,33,0,6,0,0,0,0,0,0,0,0,0,0,,,,,
Anthony Firkser,TE,TEN,12,IND,0,0,0,0,0,0,0,0,0,0,0,1,0,0,0,0,0,0,0,0,0,0,,,,,
Anthony McFarland,RB,PIT,12,BAL,0,0,0,0,0,9,0,3,1,17,0,1,0,0,0,0,0,0,0,0,0,0,,,,,
Anthony Miller,WR,CHI,12,GB,0,0,0,0,0,0,0,0,3,28,0,6,0,0,0,0,0,0,0,0,0,0,,,,,
Antonio Brown,WR,TB,12,KC,0,0,0,0,0,0,0,0,2,11,0,3,0,0,0,0,0,0,0,0,0,0,,,,,
Antonio Callaway,WR,MIA,12,NYJ,0,0,0,0,0,0,0,0,1,7,0,1,0,0,0,0,0,0,0,0,0,0,,,,,
Antonio Gibson,RB,WAS,12,DAL,0,0,0,0,0,115,3,20,5,21,0,7,0,0,0,0,0,0,0,0,0,0,,,,,
Ashton Dulin,WR,IND,12,TEN,0,0,0,0,0,0,0,0,0,0,0,0,0,0,0,0,0,0,0,0,0,0,,,,,
Auden Tate,WR,CIN,12,NYG,0,0,0,0,0,0,0,0,0,0,0,2,0,0,0,0,0,0,0,0,0,0,,,,,
Austin Carr,WR,NO,12,DEN,0,0,0,0,0,0,0,0,0,0,0,0,0,0,0,0,0,0,0,0,0,0,,,,,
Austin Ekeler,RB,LAC,12,BUF,0,0,0,0,0,44,0,14,11,85,0,16,0,0,0,0,0,0,0,0,0,0,,,,,
Austin Hooper,TE,CLE,12,JAX,0,0,0,0,0,0,0,0,2,13,1,2,0,0,0,0,0,0,0,0,0,0,,,,,
BAL,DEF,BAL,12,PIT,,,,,,,,,,,,,,,,,,,,,,,0,0,0,0,19.0
BUF,DEF,BUF,12,LAC,,,,,,,,,,,,,,,,,,,,,,,0,0,0,0,17.0
Baker Mayfield,QB,CLE,12,JAX,258,2,29,19,0,1,0,4,0,0,0,0,0,0,0,0,0,0,0,0,0,0,,,,,
Ben Ellefson,TE,JAX,12,CLE,0,0,0,0,0,0,0,0,0,0,0,1,0,0,0,0,0,0,0,0,0,0,,,,,
Ben Roethlisberger,QB,PIT,12,BAL,266,1,51,36,1,-1,0,1,0,0,0,0,0,0,0,0,0,0,0,0,0,0,,,,,
Benny Snell,RB,PIT,12,BAL,0,0,0,0,0,60,0,16,3,33,0,4,0,0,0,0,0,0,0,0,0,0,,,,,
Bisi Johnson,WR,MIN,12,CAR,0,0,0,0,0,0,0,0,7,74,0,7,0,0,1,0,0,0,0,0,0,0,,,,,
Boston Scott,RB,PHI,12,SEA,0,0,0,0,0,7,0,2,5,40,0,6,0,0,0,0,0,0,0,0,0,0,,,,,
Brandin Cooks,WR,HOU,12,DET,0,0,0,0,0,0,0,0,5,85,0,5,0,0,0,0,0,0,0,0,0,0,,,,,
Brandon Allen,QB,CIN,12,NYG,136,1,29,17,1,7,0,4,0,0,0,0,0,0,0,0,0,0,0,0,0,0,,,,,
Brandon Dillon,TE,MIN,12,CAR,0,0,0,0,0,0,0,0,1,6,0,1,0,0,0,0,0,0,0,0,0,0,,,,,
Brandon McManus,K,DEN,12,NO,0,0,0,0,0,0,0,0,0,0,0,0,0,0,0,0,0,0,0,1,0,0,,,,,
Brandon Powell,WR,ATL,12,LV,0,0,0,0,0,0,0,0,2,4,1,2,0,0,0,0,0,0,0,0,0,0,,,,,
Braxton Berrios,WR,NYJ,12,MIA,0,0,0,0,0,0,0,0,0,0,0,0,0,0,0,0,0,0,0,0,0,0,,,,,
Breshad Perriman,WR,NYJ,12,MIA,0,0,0,0,0,0,0,0,4,79,0,8,0,0,0,0,0,0,0,0,0,0,,,,,
Brian Hill,RB,ATL,12,LV,0,0,0,0,0,55,0,13,0,0,0,1,0,0,0,0,0,0,0,0,0,0,,,,,
Bryan Edwards,WR,LV,12,ATL,0,0,0,0,0,0,0,0,1,15,0,2,0,0,0,0,0,0,0,0,0,0,,,,,
C.J. Board,WR,NYG,12,CIN,0,0,0,0,0,0,0,0,1,11,0,1,0,0,0,0,0,0,0,0,0,0,,,,,
C.J. Prosise,RB,HOU,12,DET,0,0,0,0,0,12,0,5,1,2,1,1,0,0,0,0,0,0,0,0,0,0,,,,,
CAR,DEF,CAR,12,MIN,,,,,,,,,,,,,,,,,,,,,,,0,0,0,0,28.0
CHI,DEF,CHI,12,GB,,,,,,,,,,,,,,,,,,,,,,,0,0,0,0,41.0
CIN,DEF,CIN,12,NYG,,,,,,,,,,,,,,,,,,,,,,,0,0,0,0,19.0
CLE,DEF,CLE,12,JAX,,,,,,,,,,,,,,,,,,,,,,,0,0,0,0,25.0
Cairo Santos,K,CHI,12,GB,0,0,0,0,0,0,0,0,0,0,0,0,0,0,0,0,1,0,0,0,0,2,,,,,
Calvin Ridley,WR,ATL,12,LV,0,0,0,0,0,0,0,0,6,50,1,9,0,0,0,0,0,0,0,0,0,0,,,,,
Cam Akers,RB,LA,12,SF,0,0,0,0,0,84,1,9,0,0,0,0,0,0,0,0,0,0,0,0,0,0,,,,,
Cam Newton,QB,NE,12,ARI,84,0,18,9,2,46,0,9,0,0,0,0,0,0,0,0,0,0,0,0,0,0,,,,,
Cameron Batson,WR,TEN,12,IND,0,0,0,0,0,5,0,1,0,0,0,0,0,0,0,0,0,0,0,0,0,0,,,,,
Cameron Brate,TE,TB,12,KC,0,0,0,0,0,0,0,0,4,34,0,6,0,0,0,0,0,0,0,0,0,0,,,,,
Carlos Hyde,RB,SEA,12,PHI,0,0,0,0,0,22,0,15,2,7,0,3,0,0,0,0,0,0,0,0,0,0,,,,,
Carson Wentz,QB,PHI,12,SEA,215,2,45,25,1,42,0,5,0,0,0,0,0,0,0,0,0,0,0,0,0,0,,,,,
Cedrick Wilson Jr.,WR,DAL,12,WAS,0,0,0,0,0,-1,0,1,0,0,0,0,0,0,0,0,0,0,0,0,0,0,,,,,
CeeDee Lamb,WR,DAL,12,WAS,0,0,0,0,0,0,0,0,5,21,0,7,0,0,0,0,0,0,0,0,0,0,,,,,
Cethan Carter,TE,CIN,12,NYG,0,0,0,0,0,0,0,0,1,5,0,1,0,0,0,0,0,0,0,0,0,0,,,,,
Chad Beebe,WR,MIN,12,CAR,0,0,0,0,0,0,0,0,7,63,1,7,0,0,0,0,0,0,0,0,0,0,,,,,
Charlie Woerner,TE,SF,12,LA,0,0,0,0,0,0,0,0,0,0,0,0,0,0,0,0,0,0,0,0,0,0,,,,,
Chase Claypool,WR,PIT,12,BAL,0,0,0,0,0,0,0,0,6,52,0,9,0,0,0,0,0,0,0,0,0,0,,,,,
Chase Edmonds,RB,ARI,12,NE,0,0,0,0,0,29,0,6,4,14,0,5,0,0,0,0,0,0,0,0,0,0,,,,,
Chris Boswell,K,PIT,12,BAL,0,0,0,0,0,0,0,0,0,0,0,0,0,0,0,0,2,0,0,0,0,1,,,,,
Chris Carson,RB,SEA,12,PHI,0,0,0,0,0,41,1,8,2,18,0,2,0,0,0,0,0,0,0,0,0,0,,,,,
Chris Godwin Jr.,WR,TB,12,KC,0,0,0,0,0,0,0,0,8,97,0,9,0,0,0,0,0,0,0,0,0,0,,,,,
Chris Herndon,TE,NYJ,12,MIA,0,0,0,0,0,0,0,0,0,0,0,0,0,0,0,0,0,0,0,0,0,0,,,,,
Chris Manhertz,TE,CAR,12,MIN,0,0,0,0,0,0,0,0,1,11,0,1,0,0,0,0,0,0,0,0,0,0,,,,,
Christian Blake,WR,ATL,12,LV,0,0,0,0,0,0,0,0,1,17,0,1,0,0,0,0,0,0,0,0,0,0,,,,,
Christian Kirk,WR,ARI,12,NE,0,0,0,0,0,0,0,1,3,19,0,6,0,0,0,0,0,0,0,0,0,0,,,,,
Clyde Edwards-Helaire,RB,KC,12,TB,0,0,0,0,0,37,0,11,1,2,0,1,0,0,0,0,0,0,0,0,0,0,,,,,
Cody Parkey,K,CLE,12,JAX,0,0,0,0,0,0,0,0,0,0,0,0,0,0,0,0,1,0,1,0,0,3,,,,,
Cole Beasley,WR,BUF,12,LAC,20,1,1,1,0,0,0,0,2,25,0,4,0,0,0,0,0,0,0,0,0,0,,,,,
Cole Kmet,TE,CHI,12,GB,0,0,0,0,0,0,0,0,1,8,0,3,0,0,0,0,0,0,0,0,0,0,,,,,
Collin Johnson,WR,JAX,12,CLE,0,0,0,0,0,0,0,0,4,96,1,8,0,0,0,0,0,0,0,0,0,0,,,,,
Colt McCoy,QB,NYG,12,CIN,31,0,10,6,0,7,0,5,0,0,0,0,0,0,0,0,0,0,0,0,0,0,,,,,
Cooper Kupp,WR,LA,12,SF,0,0,0,0,0,0,0,0,2,41,0,5,0,0,0,0,0,0,0,0,0,0,,,,,
Cordarrelle Patterson,RB,CHI,12,GB,0,0,0,0,0,8,0,2,0,0,0,0,0,0,0,0,0,0,0,0,0,0,,,,,
Corey Clement,RB,PHI,12,SEA,0,0,0,0,0,6,0,1,0,0,0,0,0,0,0,0,0,0,0,0,0,0,,,,,
Corey Davis,WR,TEN,12,IND,0,0,0,0,0,0,0,0,3,70,0,3,0,0,0,0,0,0,0,0,0,0,,,,,
Curtis Samuel,WR,CAR,12,MIN,0,0,0,0,0,5,0,1,5,72,0,5,0,0,0,0,0,0,0,0,0,0,,,,,
D'Ernest Johnson,RB,CLE,12,JAX,0,0,0,0,0,0,0,0,0,0,0,0,0,0,0,0,0,0,0,0,0,0,,,,,
D'Onta Foreman,RB,TEN,12,IND,0,0,0,0,0,28,0,4,0,0,0,0,0,0,0,0,0,0,0,0,0,0,,,,,
D.J. Foster,RB,ARI,12,NE,0,0,0,0,0,0,0,0,0,0,0,0,0,0,0,0,0,0,0,0,0,0,,,,,
DAL,DEF,DAL,12,WAS,,,,,,,,,,,,,,,,,,,,,,,0,0,0,0,41.0
DEN,DEF,DEN,12,NO,,,,,,,,,,,,,,,,,,,,,,,0,0,0,0,31.0
DET,DEF,DET,12,HOU,,,,,,,,,,,,,,,,,,,,,,,0,0,0,0,41.0
DJ Moore,WR,CAR,12,MIN,0,0,0,0,0,0,0,0,4,61,0,9,0,0,0,0,0,0,0,0,0,0,,,,,
DK Metcalf,WR,SEA,12,PHI,0,0,0,0,0,0,0,0,10,177,0,13,0,0,0,0,0,0,0,0,0,0,,,,,
DaeSean Hamilton,WR,DEN,12,NO,0,0,0,0,0,0,0,0,0,0,0,1,0,0,0,0,0,0,0,0,0,0,,,,,
Dallas Goedert,TE,PHI,12,SEA,0,0,0,0,0,0,0,0,7,75,1,10,0,0,0,0,0,0,0,0,0,0,,,,,
Dalton Schultz,TE,DAL,12,WAS,0,0,0,0,0,0,0,0,5,24,0,5,0,0,0,0,0,0,0,0,0,0,,,,,
Dalvin Cook,RB,MIN,12,CAR,0,0,0,0,0,61,0,18,4,21,0,4,0,0,0,0,0,0,0,0,0,0,,,,,
Damien Harris,RB,NE,12,ARI,0,0,0,0,0,47,0,14,0,0,0,0,0,0,0,0,0,0,0,0,0,0,,,,,
Damiere Byrd,WR,NE,12,ARI,0,0,0,0,0,0,0,0,3,33,0,8,0,0,0,0,0,0,0,0,0,0,,,,,
Dan Arnold,TE,ARI,12,NE,0,0,0,0,0,0,0,0,1,17,0,3,0,0,0,0,0,0,0,0,0,0,,,,,
Dan Bailey,K,MIN,12,CAR,0,0,0,0,0,0,0,0,0,0,0,0,0,0,0,0,1,0,0,1,0,2,,,,,
Daniel Brown,TE,NYJ,12,MIA,0,0,0,0,0,0,0,0,0,0,0,0,0,0,0,0,0,0,0,0,0,0,,,,,
Daniel Carlson,K,LV,12,ATL,0,0,0,0,0,0,0,0,0,0,0,0,0,0,0,0,2,0,0,0,0,0,,,,,
Daniel Jones,QB,NYG,12,CIN,213,0,27,16,0,19,0,6,0,0,0,0,0,0,0,0,0,0,0,0,0,0,,,,,
Darius Slayton,WR,NYG,12,CIN,0,0,0,0,0,0,0,0,0,0,0,2,0,0,0,0,0,0,0,0,0,0,,,,,
Darnell Mooney,WR,CHI,12,GB,0,0,0,0,0,0,0,0,3,34,0,9,0,0,1,0,0,0,0,0,0,0,,,,,
Darrell Henderson,RB,LA,12,SF,0,0,0,0,0,19,0,10,0,0,0,1,0,0,0,0,0,0,0,0,0,0,,,,,
Darren Waller,TE,LV,12,ATL,0,0,0,0,0,0,0,0,4,23,0,7,0,0,0,0,0,0,0,0,0,0,,,,,
Darrius Shepherd,WR,GB,12,CHI,0,0,0,0,0,0,0,0,0,0,0,0,0,0,0,0,0,0,0,0,0,0,,,,,
Davante Adams,WR,GB,12,CHI,0,0,0,0,0,0,0,0,6,61,1,9,0,0,0,0,0,0,0,0,0,0,,,,,
David Montgomery,RB,CHI,12,GB,0,0,0,0,0,103,0,11,5,40,1,6,0,0,0,0,0,0,0,0,0,0,,,,,
David Moore,WR,SEA,12,PHI,0,0,0,0,0,1,0,1,3,-6,1,3,0,0,0,0,0,0,0,0,0,0,,,,,
Dawson Knox,TE,BUF,12,LAC,0,0,0,0,0,0,0,0,1,2,1,1,0,0,0,0,0,0,0,0,0,0,,,,,
De'Michael Harris,WR,IND,12,TEN,0,0,0,0,0,2,0,1,1,1,0,1,0,0,0,0,0,0,0,0,0,0,,,,,
DeAndre Carter,WR,CHI,12,GB,0,0,0,0,0,0,0,0,0,0,0,0,0,0,0,0,0,0,0,0,0,0,,,,,
DeAndre Hopkins,WR,ARI,12,NE,0,0,0,0,0,0,0,0,5,55,0,7,0,0,0,0,0,0,0,0,0,0,,,,,
DeAndre Washington,RB,MIA,12,NYJ,0,0,0,0,0,49,0,13,2,11,0,5,0,0,0,0,0,0,0,0,0,0,,,,,
DeVante Parker,WR,MIA,12,NYJ,0,0,0,0,0,0,0,0,8,119,0,14,0,0,0,0,0,0,0,0,0,0,,,,,
Deebo Samuel Sr.,WR,SF,12,LA,0,0,0,0,0,0,0,0,11,133,0,13,0,0,0,0,0,0,0,0,0,0,,,,,
Demarcus Robinson,WR,KC,12,TB,0,0,0,0,0,0,0,0,5,36,0,6,0,0,0,0,0,0,0,0,0,0,,,,,
Demetrius Harris,TE,CHI,12,GB,0,0,0,0,0,0,0,0,0,0,0,0,0,0,0,0,0,0,0,0,0,0,,,,,
Denzel Mims,WR,NYJ,12,MIA,0,0,0,0,0,0,0,0,4,67,0,8,0,0,0,0,0,0,0,0,0,0,,,,,
Deon Yelder,TE,KC,12,TB,0,0,0,0,0,0,0,0,1,2,0,1,0,0,0,0,0,0,0,0,0,0,,,,,
Derek Carr,QB,LV,12,ATL,215,0,34,22,1,0,0,0,0,0,0,0,0,0,0,0,0,0,0,0,0,0,,,,,
Derrick Henry,RB,TEN,12,IND,0,0,0,0,0,178,3,27,2,7,0,4,0,0,0,0,0,0,0,0,0,0,,,,,
Deshaun Watson,QB,HOU,12,DET,318,4,25,17,0,24,0,8,0,0,0,0,0,0,1,0,0,0,0,0,0,0,,,,,
Devin Duvernay,WR,BAL,12,PIT,0,0,0,0,0,0,0,0,3,20,0,3,0,0,0,0,0,0,0,0,0,0,,,,,
Devin Singletary,RB,BUF,12,LAC,0,0,0,0,0,82,0,11,3,20,0,3,0,0,0,0,0,0,0,0,0,0,,,,,
Devine Ozigbo,RB,JAX,12,CLE,0,0,0,0,0,0,0,0,0,0,0,0,0,0,0,0,0,0,0,0,0,0,,,,,
Devontae Booker,RB,LV,12,ATL,0,0,0,0,0,6,0,5,1,-1,0,4,0,0,0,0,0,0,0,0,0,0,,,,,
Dez Bryant,WR,BAL,12,PIT,0,0,0,0,0,0,0,0,0,0,0,2,0,0,0,0,0,0,0,0,0,0,,,,,
Dion Lewis,RB,NYG,12,CIN,0,0,0,0,0,10,0,2,1,7,0,3,0,0,0,0,0,0,0,0,0,0,,,,,
Diontae Johnson,WR,PIT,12,BAL,0,0,0,0,0,0,0,0,8,46,0,13,0,0,0,0,0,0,0,0,0,0,,,,,
Donald Parham,TE,LAC,12,BUF,0,0,0,0,0,0,0,0,0,0,0,1,0,0,0,0,0,0,0,0,0,0,,,,,
Donovan Peoples-Jones,WR,CLE,12,JAX,0,0,0,0,0,0,0,0,0,0,0,0,0,0,0,0,0,0,0,0,0,0,,,,,
Donte Moncrief,WR,NE,12,ARI,0,0,0,0,0,0,0,0,0,0,0,0,0,0,0,0,0,0,0,0,0,0,,,,,
Dontrelle Inman,WR,WAS,12,DAL,0,0,0,0,0,0,0,0,1,15,0,1,0,0,0,0,0,0,0,0,0,0,,,,,
Drew Sample,TE,CIN,12,NYG,0,0,0,0,0,0,0,0,4,40,0,5,0,0,0,0,0,0,0,0,0,0,,,,,
Duke Johnson,RB,HOU,12,DET,0,0,0,0,0,37,0,9,3,43,1,4,0,0,0,0,0,0,0,0,0,0,,,,,
Durham Smythe,TE,MIA,12,NYJ,0,0,0,0,0,0,0,0,3,19,0,3,0,0,0,0,0,0,0,0,0,0,,,,,
Dustin Hopkins,K,WAS,12,DAL,0,0,0,0,0,0,0,0,0,0,0,0,0,0,0,0,1,1,0,0,0,5,,,,,
Dwayne Washington,RB,NO,12,DEN,0,0,0,0,0,6,0,3,0,0,0,0,0,0,0,0,0,0,0,0,0,0,,,,,
Emmanuel Sanders,WR,NO,12,DEN,0,0,0,0,0,0,0,0,1,4,0,1,0,0,0,0,0,0,0,0,0,0,,,,,
Equanimeous St. Brown,WR,GB,12,CHI,0,0,0,0,0,7,0,1,2,39,0,2,0,0,0,0,0,0,0,0,0,0,,,,,
Eric Ebron,TE,PIT,12,BAL,0,0,0,0,0,0,0,0,7,54,0,11,0,0,0,0,0,0,0,0,0,0,,,,,
Eric Saubert,TE,JAX,12,CLE,0,0,0,0,0,0,0,0,0,0,0,0,0,0,0,0,0,0,0,0,0,0,,,,,
Evan Engram,TE,NYG,12,CIN,0,0,0,0,0,0,0,0,6,129,0,9,0,0,0,0,0,0,0,0,0,0,,,,,
Ezekiel Elliott,RB,DAL,12,WAS,0,0,0,0,0,32,0,10,1,7,0,3,0,0,0,0,0,0,0,0,0,0,,,,,
Frank Gore,RB,NYJ,12,MIA,0,0,0,0,0,74,0,18,3,12,0,3,0,0,0,0,0,0,0,0,0,0,,,,,
GB,DEF,GB,12,CHI,,,,,,,,,,,,,,,,,,,,,,,0,0,0,0,25.0
Gabe Davis,WR,BUF,12,LAC,0,0,0,0,0,0,0,0,3,79,1,4,0,0,0,0,0,0,0,0,0,0,,,,,
Geoff Swaim,TE,TEN,12,IND,0,0,0,0,0,0,0,0,3,30,0,3,0,0,0,0,0,0,0,0,0,0,,,,,
Gerald Everett,TE,LA,12,SF,0,0,0,0,0,0,0,0,2,16,0,2,0,0,0,0,0,0,0,0,0,0,,,,,
Giovani Bernard,RB,CIN,12,NYG,0,0,0,0,0,32,0,8,2,17,0,3,0,0,0,0,0,0,0,0,0,0,,,,,
Golden Tate,WR,NYG,12,CIN,0,0,1,0,0,0,0,0,4,36,0,9,0,0,0,0,0,0,0,0,0,0,,,,,
Graham Gano,K,NYG,12,CIN,0,0,0,0,0,0,0,0,0,0,0,0,0,0,0,0,0,2,2,0,0,1,,,,,
Greg Ward,WR,PHI,12,SEA,0,0,0,0,0,0,0,0,1,3,0,3,0,0,0,0,0,0,0,0,0,0,,,,,
Greg Zuerlein,K,DAL,12,WAS,0,0,0,0,0,0,0,0,0,0,0,0,0,0,0,0,1,2,0,0,0,1,,,,,
Gunner Olszewski,WR,NE,12,ARI,0,0,0,0,0,1,0,1,0,0,0,0,0,0,0,0,0,0,0,0,0,0,,,,,
Gus Edwards,RB,BAL,12,PIT,0,0,0,0,0,10,1,9,0,0,0,0,0,0,0,0,0,0,0,0,0,0,,,,,
HOU,DEF,HOU,12,DET,,,,,,,,,,,,,,,,,,,,,,,1,0,0,0,25.0
Harrison Bryant,TE,CLE,12,JAX,0,0,0,0,0,0,0,0,1,13,0,2,0,0,0,0,0,0,0,0,0,0,,,,,
Harrison Butker,K,KC,12,TB,0,0,0,0,0,0,0,0,0,0,0,0,0,0,0,1,1,0,0,0,0,3,,,,,
Hayden Hurst,TE,ATL,12,LV,0,0,0,0,0,0,0,0,4,48,0,8,0,0,0,0,0,0,0,0,0,0,,,,,
Henry Ruggs III,WR,LV,12,ATL,0,0,0,0,0,-2,0,1,3,56,0,5,0,0,0,0,0,0,0,0,0,0,,,,,
Hunter Henry,TE,LAC,12,BUF,0,0,0,0,0,0,0,0,7,67,0,10,0,0,0,0,0,0,0,0,0,0,,,,,
Hunter Renfrow,WR,LV,12,ATL,0,0,0,0,0,0,0,0,7,73,0,9,0,0,0,0,0,0,0,0,0,0,,,,,
IND,DEF,IND,12,TEN,,,,,,,,,,,,,,,,,,,,,,,0,0,0,0,45.0
Ian Thomas,TE,CAR,12,MIN,0,0,0,0,0,0,0,0,1,4,0,2,0,0,0,0,0,0,0,0,0,0,,,,,
Isaiah McKenzie,WR,BUF,12,LAC,0,0,0,0,0,-1,0,1,0,0,0,0,0,0,0,0,0,0,0,0,0,0,,,,,
Ito Smith,RB,ATL,12,LV,0,0,0,0,0,65,1,12,4,10,0,5,0,0,0,0,0,0,0,0,0,0,,,,,
J.D. McKissic,RB,WAS,12,DAL,0,0,0,0,0,6,0,1,2,21,0,2,0,0,0,0,0,0,0,0,0,0,,,,,
J.P. Holtz,TE,CHI,12,GB,0,0,0,0,0,0,0,0,0,0,0,0,0,0,0,0,0,0,0,0,0,0,,,,,
JAX,DEF,JAX,12,CLE,,,,,,,,,,,,,,,,,,,,,,,0,0,0,0,27.0
Jace Sternberger,TE,GB,12,CHI,0,0,0,0,0,0,0,0,1,5,0,1,0,0,0,0,0,0,0,0,0,0,,,,,
Jack Doyle,TE,IND,12,TEN,0,0,0,0,0,0,0,0,0,0,0,1,0,0,0,0,0,0,0,0,0,0,,,,,
Jacob Hollister,TE,SEA,12,PHI,0,0,0,0,0,0,0,0,2,11,0,5,0,0,0,0,0,0,0,0,0,0,,,,,
Jacoby Brissett,QB,IND,12,TEN,0,0,2,0,0,3,2,4,0,0,0,0,0,0,0,0,0,0,0,0,0,0,,,,,
Jaeden Graham,TE,ATL,12,LV,0,0,0,0,0,0,0,0,1,11,0,2,0,0,0,0,0,0,0,0,0,0,,,,,
Jake Elliott,K,PHI,12,SEA,0,0,0,0,0,0,0,0,0,0,0,0,0,0,0,0,0,0,1,0,0,0,,,,,
Jakeem Grant,WR,MIA,12,NYJ,0,0,0,0,0,0,0,0,2,15,0,2,0,0,0,0,0,0,0,0,0,0,,,,,
Jakobi Meyers,WR,NE,12,ARI,0,0,0,0,0,0,0,0,5,52,0,6,0,0,0,0,0,0,0,0,0,0,,,,,
Jalen Guyton,WR,LAC,12,BUF,0,0,0,0,0,0,0,0,3,33,0,4,0,0,0,0,0,0,0,0,0,0,,,,,
Jalen Hurts,QB,PHI,12,SEA,6,0,1,1,0,0,0,0,0,0,0,0,0,0,0,0,0,0,0,0,0,0,,,,,
Jalen Reagor,WR,PHI,12,SEA,0,0,0,0,0,0,0,0,3,11,0,7,0,0,0,0,0,0,0,0,0,0,,,,,
Jamaal Williams,RB,GB,12,CHI,0,0,0,0,0,73,1,17,0,0,0,0,0,0,0,0,0,0,0,0,0,0,,,,,
Jamal Agnew,WR,DET,12,HOU,0,0,1,0,0,0,0,0,0,0,0,1,0,0,0,0,0,0,0,0,0,0,,,,,
James O'Shaughnessy,TE,JAX,12,CLE,0,0,0,0,0,0,0,0,2,17,0,4,0,0,0,0,0,0,0,0,0,0,,,,,
James Proche,WR,BAL,12,PIT,0,0,0,0,0,0,0,0,0,0,0,1,0,0,0,0,0,0,0,0,0,0,,,,,
James Robinson,RB,JAX,12,CLE,0,0,0,0,0,128,1,22,5,31,0,6,0,0,0,0,0,0,0,0,0,0,,,,,
James Washington,WR,PIT,12,BAL,0,0,0,0,0,0,0,0,2,19,0,3,0,0,0,0,0,0,0,0,0,0,,,,,
James White,RB,NE,12,ARI,0,0,0,0,0,18,2,5,1,-1,0,1,0,0,0,0,0,0,0,0,0,0,,,,,
Jamison Crowder,WR,NYJ,12,MIA,0,0,0,0,0,0,0,0,3,31,0,5,0,0,0,0,0,0,0,0,0,0,,,,,
Jared Cook,TE,NO,12,DEN,0,0,0,0,0,0,0,0,0,0,0,2,0,0,0,0,0,0,0,0,0,0,,,,,
Jared Goff,QB,LA,12,SF,198,0,31,19,2,11,0,5,0,0,0,0,0,0,0,0,0,0,0,0,0,0,,,,,
Jarvis Landry,WR,CLE,12,JAX,0,0,0,0,0,0,0,0,8,143,1,11,0,0,0,0,0,0,0,0,0,0,,,,,
Jason Myers,K,SEA,12,PHI,0,0,0,0,0,0,0,0,0,0,0,0,0,0,0,0,0,2,1,0,0,2,,,,,
Jason Sanders,K,MIA,12,NYJ,0,0,0,0,0,0,0,0,0,0,0,0,0,0,0,0,0,0,0,2,0,2,,,,,
Jeff Smith,WR,NYJ,12,MIA,0,0,0,0,0,0,0,0,1,7,0,1,0,0,0,0,0,0,0,0,0,0,,,,,
Jeff Wilson,RB,SF,12,LA,0,0,0,0,0,40,0,12,0,0,0,0,0,0,0,0,0,0,0,0,0,0,,,,,
Jeremy McNichols,RB,TEN,12,IND,0,0,0,0,0,20,0,8,0,0,0,1,0,0,0,0,0,0,0,0,0,0,,,,,
Jeremy Sprinkle,TE,WAS,12,DAL,0,0,0,0,0,0,0,0,0,0,0,0,0,0,0,0,0,0,0,0,0,0,,,,,
Jerick McKinnon,RB,SF,12,LA,0,0,0,0,0,21,0,3,2,11,0,3,0,0,0,0,0,0,0,0,0,0,,,,,
Jerry Jeudy,WR,DEN,12,NO,0,0,0,0,0,0,0,0,0,0,0,1,0,0,0,0,0,0,0,0,0,0,,,,,
Jesse James,TE,DET,12,HOU,0,0,0,0,0,0,0,0,1,10,0,1,0,0,0,0,0,0,0,0,0,0,,,,,
Jimmy Graham,TE,CHI,12,GB,0,0,0,0,0,0,0,0,3,32,0,4,0,0,0,0,0,0,0,0,0,0,,,,,
Joe Reed,WR,LAC,12,BUF,0,0,0,0,0,0,0,0,0,0,0,0,0,0,0,0,0,0,0,0,0,0,,,,,
Joey Slye,K,CAR,12,MIN,0,0,0,0,0,0,0,0,0,0,0,0,0,0,0,0,1,0,1,0,0,3,,,,,
John Hightower,WR,PHI,12,SEA,0,0,0,0,0,0,0,0,1,1,0,1,0,0,0,0,0,0,0,0,0,0,,,,,
Jonathan Williams,RB,DET,12,HOU,0,0,0,0,0,5,0,1,4,21,0,4,0,0,0,0,0,0,0,0,0,0,,,,,
Jordan Akins,TE,HOU,12,DET,0,0,0,0,0,4,0,1,0,0,0,2,0,0,0,0,0,0,0,0,0,0,,,,,
Jordan Reed,TE,SF,12,LA,0,0,0,0,0,0,0,0,2,18,0,6,0,0,0,0,0,0,0,0,0,0,,,,,
Jordan Wilkins,RB,IND,12,TEN,0,0,0,0,0,22,0,6,3,35,0,4,0,0,0,0,0,0,0,0,0,0,,,,,
Josh Adams,RB,NYJ,12,MIA,0,0,0,0,0,1,0,1,0,0,0,0,0,0,0,0,0,0,0,0,0,0,,,,,
Josh Allen,QB,BUF,12,LAC,157,1,24,18,1,32,1,9,0,0,0,0,0,0,0,0,0,0,0,0,0,0,,,,,
Josh Hill,TE,NO,12,DEN,0,0,0,0,0,0,0,0,0,0,0,0,0,0,0,0,0,0,0,0,0,0,,,,,
Josh Jacobs,RB,LV,12,ATL,0,0,0,0,0,27,0,7,3,17,0,3,0,0,0,0,0,0,0,0,0,0,,,,,
Josh Reynolds,WR,LA,12,SF,0,0,0,0,0,0,0,0,5,40,0,6,0,0,0,0,0,0,0,0,0,0,,,,,
Joshua Kelley,RB,LAC,12,BUF,0,0,0,0,0,35,1,7,0,0,0,0,0,0,0,0,0,0,0,0,0,0,,,,,
JuJu Smith-Schuster,WR,PIT,12,BAL,0,0,0,0,0,0,0,0,8,37,1,9,0,0,0,0,0,0,0,0,0,0,,,,,
Justice Hill,RB,BAL,12,PIT,0,0,0,0,0,35,0,9,2,5,0,2,0,0,0,0,0,0,0,0,0,0,,,,,
Justin Herbert,QB,LAC,12,BUF,316,1,52,31,1,-2,0,2,0,0,0,0,0,0,1,0,0,0,0,0,0,0,,,,,
Justin Jefferson,WR,MIN,12,CAR,0,0,0,0,0,0,0,0,7,70,2,13,0,0,0,0,0,0,0,0,0,0,,,,,
Justin Tucker,K,BAL,12,PIT,0,0,0,0,0,0,0,0,0,0,0,0,0,0,0,0,0,0,0,0,0,2,,,,,
Justin Watson,WR,TB,12,KC,0,0,0,0,0,0,0,0,0,0,0,0,0,0,0,0,0,0,0,0,0,0,,,,,
KC,DEF,KC,12,TB,,,,,,,,,,,,,,,,,,,,,,,0,0,0,0,24.0
KJ Hamler,WR,DEN,12,NO,0,0,0,0,0,-8,0,2,0,0,0,0,0,0,0,0,0,0,0,0,0,0,,,,,
Ka'imi Fairbairn,K,HOU,12,DET,0,0,0,0,0,0,0,0,0,0,0,0,0,0,0,0,1,0,1,0,0,3,,,,,
Kahale Warring,TE,HOU,12,DET,0,0,0,0,0,0,0,0,0,0,0,1,0,0,0,0,0,0,0,0,0,0,,,,,
Kalif Raymond,WR,TEN,12,IND,0,0,0,0,0,0,0,0,0,0,0,1,0,0,0,0,0,0,0,0,0,0,,,,,
Kareem Hunt,RB,CLE,12,JAX,0,0,0,0,0,62,0,10,0,0,0,2,0,0,0,0,0,0,0,0,0,0,,,,,
KeeSean Johnson,WR,ARI,12,NE,0,0,0,0,0,0,0,0,1,7,0,1,0,0,0,0,0,0,0,0,0,0,,,,,
Keelan Cole,WR,JAX,12,CLE,0,0,0,0,0,0,0,0,3,44,0,6,0,0,0,0,0,0,0,0,0,0,,,,,
Keenan Allen,WR,LAC,12,BUF,0,0,0,0,0,0,0,0,4,40,1,10,0,0,1,0,0,0,0,0,0,0,,,,,
Keke Coutee,WR,HOU,12,DET,0,0,0,0,0,0,0,0,2,17,0,3,0,0,1,0,0,0,0,0,0,0,,,,,
Kendall Hinton,WR,DEN,12,NO,13,0,9,1,2,7,0,2,0,0,0,0,0,0,0,0,0,0,0,0,0,0,,,,,
Kendrick Bourne,WR,SF,12,LA,0,0,0,0,0,0,0,0,3,34,0,5,0,0,0,0,0,0,0,0,0,0,,,,,
Kenyan Drake,RB,ARI,12,NE,0,0,0,0,0,78,2,22,3,15,0,4,0,0,0,0,0,0,0,0,0,0,,,,,
Kerryon Johnson,RB,DET,12,HOU,0,0,0,0,0,46,0,11,4,52,0,4,0,0,0,0,0,0,0,0,0,0,,,,,
KhaDarel Hodge,WR,CLE,12,JAX,0,0,0,0,0,0,0,0,3,31,0,3,0,0,0,0,0,0,0,0,0,0,,,,,
Kirk Cousins,QB,MIN,12,CAR,307,3,45,34,0,19,0,3,0,0,0,0,0,0,1,0,0,0,0,0,0,0,,,,,
Kyle Juszczyk,RB,SF,12,LA,0,0,0,0,0,8,0,2,2,24,0,2,0,0,0,0,0,0,0,0,0,0,,,,,
Kyle Rudolph,TE,MIN,12,CAR,0,0,0,0,0,0,0,0,7,68,0,8,0,0,0,0,0,0,0,0,0,0,,,,,
Kyler Murray,QB,ARI,12,NE,170,0,34,23,1,31,0,5,0,0,0,0,0,0,0,0,0,0,0,0,0,0,,,,,
LA,DEF,LA,12,SF,,,,,,,,,,,,,,,,,,,,,,,0,0,0,0,23.0
LAC,DEF,LAC,12,BUF,,,,,,,,,,,,,,,,,,,,,,,0,0,0,0,27.0
LV,DEF,LV,12,ATL,,,,,,,,,,,,,,,,,,,,,,,0,0,0,0,43.0
Latavius Murray,RB,NO,12,DEN,0,0,0,0,0,124,2,19,1,2,0,1,0,0,0,0,0,0,0,0,0,0,,,,,
Laviska Shenault Jr.,WR,JAX,12,CLE,0,0,0,0,0,6,0,1,3,31,0,4,0,0,0,0,0,0,0,0,0,0,,,,,
Le'Veon Bell,RB,KC,12,TB,0,0,0,0,0,22,0,5,2,10,0,2,0,0,0,0,0,0,0,0,0,0,,,,,
Lee Smith,TE,BUF,12,LAC,0,0,0,0,0,0,0,0,1,3,0,1,0,0,0,0,0,0,0,0,0,0,,,,,
Leonard Fournette,RB,TB,12,KC,0,0,0,0,0,10,0,3,3,10,0,3,0,0,0,0,0,0,0,0,0,0,,,,,
Logan Thomas,TE,WAS,12,DAL,28,0,1,1,0,3,0,1,4,20,1,4,0,0,0,0,0,0,0,0,0,0,,,,,
Logan Woodside,QB,TEN,12,IND,0,0,0,0,0,-5,0,3,0,0,0,0,0,0,0,0,0,0,0,0,0,0,,,,,
Luke Willson,TE,BAL,12,PIT,0,0,0,0,0,0,0,0,0,0,0,2,0,0,0,0,0,0,0,0,0,0,,,,,
Lynn Bowden,WR,MIA,12,NYJ,0,0,0,0,0,0,0,0,0,0,0,1,0,0,0,0,0,0,0,0,0,0,,,,,
MIA,DEF,MIA,12,NYJ,,,,,,,,,,,,,,,,,,,,,,,0,0,0,0,3.0
MIN,DEF,MIN,12,CAR,,,,,,,,,,,,,,,,,,,,,,,0,0,0,0,27.0
Mack Hollins,WR,MIA,12,NYJ,0,0,0,0,0,0,0,0,2,19,0,3,0,0,0,0,0,0,0,0,0,0,,,,,
Malcolm Brown,RB,LA,12,SF,0,0,0,0,0,4,0,3,2,15,0,2,0,0,0,0,0,0,0,0,0,0,,,,,
Malcolm Perry,RB,MIA,12,NYJ,0,0,0,0,0,0,0,0,1,8,0,1,0,0,0,0,0,0,0,0,0,0,,,,,
Malik Taylor,WR,GB,12,CHI,0,0,0,0,0,0,0,0,0,0,0,0,0,0,0,0,0,0,0,0,0,0,,,,,
Marcedes Lewis,TE,GB,12,CHI,0,0,0,0,0,0,0,0,2,16,1,4,0,0,0,0,0,0,0,0,0,0,,,,,
Marquez Callaway,WR,NO,12,DEN,0,0,0,0,0,0,0,0,0,0,0,0,0,0,0,0,0,0,0,0,0,0,,,,,
Marquise Brown,WR,BAL,12,PIT,0,0,0,0,0,0,0,0,4,85,1,8,0,0,0,0,0,0,0,0,0,0,,,,,
Marvin Hall,WR,DET,12,HOU,0,0,0,0,0,0,0,0,2,16,0,4,0,0,0,0,0,0,0,0,0,0,,,,,
Marvin Jones,WR,DET,12,HOU,0,0,0,0,0,0,0,0,6,48,0,12,0,0,0,0,0,0,0,0,0,0,,,,,
Mason Crosby,K,GB,12,CHI,0,0,0,0,0,0,0,0,0,0,0,0,0,0,0,0,0,0,0,0,0,5,,,,,
Matt Barkley,QB,BUF,12,LAC,0,0,0,0,0,0,0,0,0,0,0,0,0,0,0,0,0,0,0,0,0,0,,,,,
Matt Breida,RB,MIA,12,NYJ,0,0,0,0,0,36,0,8,2,17,0,2,0,0,0,0,0,0,0,0,0,0,,,,,
Matt Gay,K,LA,12,SF,0,0,0,0,0,0,0,0,0,0,0,0,0,0,0,0,0,0,2,0,0,2,,,,,
Matt Prater,K,DET,12,HOU,0,0,0,0,0,0,0,0,0,0,0,0,0,0,0,0,1,0,0,0,0,2,,,,,
Matt Ryan,QB,ATL,12,LV,185,2,39,22,1,5,0,1,0,0,0,0,0,0,0,0,0,0,0,0,0,0,,,,,
Matt Schaub,QB,ATL,12,LV,0,0,0,0,0,-4,0,3,0,0,0,0,0,0,0,0,0,0,0,0,0,0,,,,,
Matthew Stafford,QB,DET,12,HOU,295,1,42,28,1,3,0,1,0,0,0,1,0,0,1,0,0,0,0,0,0,0,,,,,
Maxx Williams,TE,ARI,12,NE,0,0,0,0,0,0,0,0,2,10,0,2,0,0,0,0,0,0,0,0,0,0,,,,,
Mecole Hardman,WR,KC,12,TB,0,0,0,0,0,0,0,0,3,23,0,5,0,0,0,0,0,0,0,0,0,0,,,,,
Melvin Gordon,RB,DEN,12,NO,0,0,0,0,0,31,0,12,0,0,0,0,0,0,0,0,0,0,0,0,0,0,,,,,
Michael Gallup,WR,DAL,12,WAS,0,0,0,0,0,0,0,0,6,41,0,8,0,0,0,0,0,0,0,0,0,0,,,,,
Michael Pittman,WR,IND,12,TEN,0,0,0,0,0,0,0,0,2,28,0,9,0,0,0,0,0,0,0,0,0,0,,,,,
Michael Thomas,WR,NO,12,DEN,0,0,0,0,0,1,0,1,4,50,0,6,0,0,0,0,0,0,0,0,0,0,,,,,
Mike Badgley,K,LAC,12,BUF,0,0,0,0,0,0,0,0,0,0,0,0,0,0,0,0,1,0,0,0,0,0,,,,,
Mike Davis,RB,CAR,12,MIN,0,0,0,0,0,55,0,15,3,24,0,6,0,0,0,0,0,0,0,0,0,0,,,,,
Mike Evans,WR,TB,12,KC,0,0,0,0,0,0,0,0,3,50,2,9,0,0,0,0,0,0,0,0,0,0,,,,,
Mike Gesicki,TE,MIA,12,NYJ,0,0,0,0,0,0,0,0,2,35,1,5,0,0,0,0,0,0,0,0,0,0,,,,,
Mike Glennon,QB,JAX,12,CLE,235,2,35,20,0,6,0,2,0,0,0,0,0,0,0,0,0,0,0,0,0,0,,,,,
Mike Williams,WR,LAC,12,BUF,0,0,0,0,0,0,0,0,3,26,0,5,0,0,0,0,0,0,0,0,0,0,,,,,
Miles Boykin,WR,BAL,12,PIT,0,0,0,0,0,0,0,0,0,0,0,0,0,0,0,0,0,0,0,0,0,0,,,,,
Miles Sanders,RB,PHI,12,SEA,0,0,0,0,0,15,0,6,2,7,0,3,0,0,1,0,0,0,0,0,0,0,,,,,
Mitchell Trubisky,QB,CHI,12,GB,242,3,46,26,2,10,0,3,0,0,0,0,0,0,1,0,0,0,0,0,0,0,,,,,
Mo Alie-Cox,TE,IND,12,TEN,0,0,0,0,0,0,0,0,2,19,0,2,0,0,0,0,0,0,0,0,0,0,,,,,
Mohamed Sanu,WR,DET,12,HOU,0,0,0,0,0,0,0,0,4,32,1,4,0,0,1,0,0,0,0,0,0,0,,,,,
N'Keal Harry,TE,NE,12,ARI,0,0,0,0,0,-2,0,1,0,0,0,2,0,0,0,0,0,0,0,0,0,0,,,,,
NE,DEF,NE,12,ARI,,,,,,,,,,,,,,,,,,,,,,,0,0,0,0,17.0
NO,DEF,NO,12,DEN,,,,,,,,,,,,,,,,,,,,,,,0,0,0,0,3.0
NYG,DEF,NYG,12,CIN,,,,,,,,,,,,,,,,,,,,,,,0,0,0,0,17.0
NYJ,DEF,NYJ,12,MIA,,,,,,,,,,,,,,,,,,,,,,,0,0,0,0,20.0
Nathan Cottrell,RB,JAX,12,CLE,0,0,0,0,0,0,0,0,0,0,0,0,0,0,0,0,0,0,0,0,0,0,,,,,
Nathan Peterman,QB,LV,12,ATL,25,0,5,3,0,9,0,1,0,0,0,0,0,0,0,0,0,0,0,0,0,0,,,,,
Nelson Agholor,WR,LV,12,ATL,0,0,0,0,0,0,0,0,5,54,0,6,0,0,0,0,0,0,0,0,0,0,,,,,
Nick Chubb,RB,CLE,12,JAX,0,0,0,0,0,144,1,19,3,32,0,3,0,0,0,0,0,0,0,0,0,0,,,,,
Nick Folk,K,NE,12,ARI,0,0,0,0,0,0,0,0,0,0,0,0,0,0,0,0,1,0,0,1,0,2,,,,,
Nick Mullens,QB,SF,12,LA,252,0,35,24,1,0,0,0,0,0,0,0,0,0,0,0,0,0,0,0,0,0,,,,,
Nick Vannett,TE,DEN,12,NO,0,0,0,0,0,0,0,0,0,0,0,1,0,0,0,0,0,0,0,0,0,0,,,,,
Noah Brown,WR,DAL,12,WAS,0,0,0,0,0,0,0,0,0,0,0,1,0,0,0,0,0,0,0,0,0,0,,,,,
Noah Fant,TE,DEN,12,NO,0,0,0,0,0,0,0,0,1,13,0,2,0,0,0,0,0,0,0,0,0,0,,,,,
Nsimba Webster,WR,LA,12,SF,0,0,0,0,0,0,0,0,0,0,0,0,0,0,0,0,0,0,0,0,0,0,,,,,
Nyheim Hines,RB,IND,12,TEN,0,0,0,0,0,29,0,10,8,66,0,10,0,0,0,0,0,0,0,0,0,0,,,,,
Olamide Zaccheaus,WR,ATL,12,LV,0,0,0,0,0,0,0,0,1,11,0,3,0,0,0,0,0,0,0,0,0,0,,,,,
PHI,DEF,PHI,12,SEA,,,,,,,,,,,,,,,,,,,,,,,0,0,0,0,23.0
PIT,DEF,PIT,12,BAL,,,,,,,,,,,,,,,,,,,,,,,1,0,0,0,14.0
Patrick Laird,RB,MIA,12,NYJ,0,0,0,0,0,9,0,1,0,0,0,0,0,0,0,0,0,0,0,0,0,0,,,,,
Patrick Mahomes,QB,KC,12,TB,462,3,49,37,0,28,0,4,0,0,0,1,0,0,0,0,0,0,0,0,0,0,,,,,
Penny Hart,WR,SEA,12,PHI,0,0,0,0,0,0,0,0,0,0,0,0,0,0,0,0,0,0,0,0,0,0,,,,,
Peyton Barber,RB,WAS,12,DAL,0,0,0,0,0,57,0,11,0,0,0,0,0,0,0,0,0,0,0,0,0,0,,,,,
Pharaoh Brown,TE,HOU,12,DET,0,0,0,0,0,0,0,0,0,0,0,0,0,0,0,0,0,0,0,0,0,0,,,,,
Pharoh Cooper,WR,CAR,12,MIN,0,0,0,0,0,0,0,0,0,0,0,0,0,0,0,0,0,0,0,0,0,0,,,,,
Philip Rivers,QB,IND,12,TEN,295,2,42,24,1,0,0,0,0,0,0,0,0,0,0,0,0,0,0,0,0,0,,,,,
Phillip Lindsay,RB,DEN,12,NO,0,0,0,0,0,20,0,9,0,0,0,0,0,0,0,0,0,0,0,0,0,0,,,,,
Quintez Cephus,WR,DET,12,HOU,0,0,0,0,0,0,0,0,2,27,0,2,0,0,0,0,0,0,0,0,0,0,,,,,
Raheem Mostert,RB,SF,12,LA,0,0,0,0,0,43,1,16,2,0,0,2,0,0,0,0,0,0,0,0,0,0,,,,,
Randy Bullock,K,CIN,12,NYG,0,0,0,0,0,0,0,0,0,0,0,0,0,0,0,0,0,0,1,0,0,2,,,,,
Rashard Higgins,WR,CLE,12,JAX,0,0,0,0,0,0,0,0,1,15,0,2,0,0,0,0,0,0,0,0,0,0,,,,,
Ray-Ray McCloud,WR,PIT,12,BAL,0,0,0,0,0,0,0,0,1,8,0,1,0,0,0,0,0,0,0,0,0,0,,,,,
Richard Rodgers,TE,PHI,12,SEA,0,0,0,0,0,0,0,0,3,53,1,6,0,0,0,0,0,0,0,0,0,0,,,,,
Richie James,WR,SF,12,LA,0,0,0,0,0,0,0,0,1,29,0,1,0,0,0,0,0,0,0,0,0,0,,,,,
Riley Ridley,WR,CHI,12,GB,0,0,0,0,0,0,0,0,2,16,0,2,0,0,0,0,0,0,0,0,0,0,,,,,
Rob Gronkowski,TE,TB,12,KC,0,0,0,0,0,0,0,0,6,106,0,7,0,0,0,0,0,0,0,0,0,0,,,,,
Robbie Chosen,WR,CAR,12,MIN,0,0,0,0,0,0,0,0,4,94,1,7,0,0,0,0,0,0,0,0,0,0,,,,,
Robbie Gould,K,SF,12,LA,0,0,0,0,0,0,0,0,0,0,0,0,0,0,0,0,0,0,3,0,0,2,,,,,
Robert Griffin III,QB,BAL,12,PIT,33,0,12,7,1,68,0,7,0,0,0,0,0,0,0,0,0,0,0,0,0,0,,,,,
Robert Tonyan,TE,GB,12,CHI,0,0,0,0,0,0,0,0,5,67,1,5,0,0,0,0,0,0,0,0,0,0,,,,,
Robert Woods,WR,LA,12,SF,0,0,0,0,0,8,0,1,7,80,0,12,0,0,0,0,0,0,0,0,0,0,,,,,
Rodney Smith,RB,CAR,12,MIN,0,0,0,0,0,18,0,7,0,0,0,1,0,0,0,0,0,0,0,0,0,0,,,,,
Rodrigo Blankenship,K,IND,12,TEN,0,0,0,0,0,0,0,0,0,0,0,0,0,0,0,0,0,0,0,0,0,2,,,,,
Ronald Jones,RB,TB,12,KC,0,0,0,0,0,66,0,9,1,37,1,2,0,0,0,0,0,0,0,0,0,0,,,,,
Ross Dwelley,TE,SF,12,LA,0,0,0,0,0,0,0,0,1,3,0,2,0,0,0,0,0,0,0,0,0,0,,,,,
Royce Freeman,RB,DEN,12,NO,0,0,0,0,0,50,0,8,0,0,0,0,0,0,0,0,0,0,0,0,0,0,,,,,
Russell Gage,WR,ATL,12,LV,0,0,0,0,0,0,0,0,3,34,0,5,0,0,0,0,0,0,0,0,0,0,,,,,
Russell Wilson,QB,SEA,12,PHI,230,1,31,22,0,12,0,6,0,0,0,0,0,0,0,0,0,0,0,0,0,0,,,,,
Ryan Fitzpatrick,QB,MIA,12,NYJ,257,2,39,24,0,10,0,3,0,0,0,0,0,0,0,0,0,0,0,0,0,0,,,,,
Ryan Griffin,TE,NYJ,12,MIA,0,0,0,0,0,0,0,0,0,0,0,0,0,0,0,0,0,0,0,0,0,0,,,,,
Ryan Nall,RB,CHI,12,GB,0,0,0,0,0,0,0,0,1,10,0,1,0,0,0,0,0,0,0,0,0,0,,,,,
Ryan Succop,K,TB,12,KC,0,0,0,0,0,0,0,0,0,0,0,0,0,0,0,0,1,0,0,0,0,3,,,,,
Ryan Tannehill,QB,TEN,12,IND,221,1,22,13,0,3,1,2,0,0,0,0,0,0,0,0,0,0,0,0,0,0,,,,,
SEA,DEF,SEA,12,PHI,,,,,,,,,,,,,,,,,,,,,,,0,0,0,0,17.0
SF,DEF,SF,12,LA,,,,,,,,,,,,,,,,,,,,,,,1,0,0,0,20.0
Sam Darnold,QB,NYJ,12,MIA,197,0,27,16,2,9,0,2,0,0,0,0,0,0,0,0,0,0,0,0,0,0,,,,,
Samaje Perine,RB,CIN,12,NYG,0,0,0,0,0,0,0,0,1,2,0,1,0,0,0,0,0,0,0,0,0,0,,,,,
Sammy Watkins,WR,KC,12,TB,0,0,0,0,0,0,0,0,4,38,0,7,0,0,0,0,0,0,0,0,0,0,,,,,
Scott Miller,WR,TB,12,KC,0,0,0,0,0,0,0,0,0,0,0,1,0,0,0,0,0,0,0,0,0,0,,,,,
Senorise Perry,RB,TEN,12,IND,0,0,0,0,0,0,0,0,0,0,0,0,0,0,0,0,0,0,0,0,0,0,,,,,
Sergio Castillo,K,NYJ,12,MIA,0,0,0,0,0,0,0,0,0,0,0,0,0,0,0,0,0,1,0,0,0,0,,,,,
Stefon Diggs,WR,BUF,12,LAC,0,0,0,0,0,0,0,0,7,39,0,9,0,0,0,0,0,0,0,0,0,0,,,,,
Stephen Anderson,TE,LAC,12,BUF,0,0,0,0,0,0,0,0,0,0,0,0,0,0,0,0,0,0,0,0,0,0,,,,,
Stephen Carlson,TE,CLE,12,JAX,0,0,0,0,0,0,0,0,1,11,0,1,0,0,0,0,0,0,0,0,0,0,,,,,
Stephen Gostkowski,K,TEN,12,IND,0,0,0,0,0,0,0,0,0,0,0,0,0,0,0,0,0,0,1,0,0,6,,,,,
Sterling Shepard,WR,NYG,12,CIN,0,0,0,0,0,4,0,1,7,64,0,8,0,0,0,0,0,0,0,0,0,0,,,,,
Steven Sims,WR,WAS,12,DAL,0,0,0,0,0,0,0,0,1,8,0,1,0,0,0,0,0,0,0,0,0,0,,,,,
T.J. Hockenson,TE,DET,12,HOU,0,0,0,0,0,0,0,0,5,89,0,8,0,0,0,0,0,0,0,0,0,0,,,,,
T.Y. Hilton,WR,IND,12,TEN,0,0,0,0,0,0,0,0,4,81,1,5,0,0,0,0,0,0,0,0,0,0,,,,,
TB,DEF,TB,12,KC,,,,,,,,,,,,,,,,,,,,,,,0,0,0,0,27.0
TEN,DEF,TEN,12,IND,,,,,,,,,,,,,,,,,,,,,,,0,0,0,0,26.0
Taiwan Jones,RB,BUF,12,LAC,0,0,0,0,0,0,0,0,0,0,0,0,0,0,0,0,0,0,0,0,0,0,,,,,
Tajae Sharpe,WR,MIN,12,CAR,0,0,0,0,0,0,0,0,0,0,0,1,0,0,0,0,0,0,0,0,0,0,,,,,
Taysom Hill,TE,NO,12,DEN,78,0,16,9,1,44,2,10,0,0,0,0,0,0,0,0,0,0,0,0,0,0,,,,,
Taywan Taylor,WR,CLE,12,JAX,0,0,0,0,0,0,0,0,0,0,0,1,0,0,0,0,0,0,0,0,0,0,,,,,
Teddy Bridgewater,QB,CAR,12,MIN,267,1,36,19,1,12,0,2,0,0,0,0,0,0,0,0,0,0,0,0,0,0,,,,,
Tee Higgins,WR,CIN,12,NYG,0,0,0,0,0,0,0,0,5,44,1,5,0,0,0,0,0,0,0,0,0,0,,,,,
Temarrick Hemingway,TE,WAS,12,DAL,0,0,0,0,0,0,0,0,0,0,0,0,0,0,0,0,0,0,0,0,0,0,,,,,
Terry McLaurin,WR,WAS,12,DAL,0,0,0,0,0,0,0,0,7,92,0,9,0,0,0,0,0,0,0,0,0,0,,,,,
Tim Boyle,QB,GB,12,CHI,0,0,0,0,0,0,0,2,0,0,0,0,0,0,0,0,0,0,0,0,0,0,,,,,
Tim Patrick,WR,DEN,12,NO,0,0,0,0,0,0,0,0,0,0,0,2,0,0,0,0,0,0,0,0,0,0,,,,,
Tom Brady,QB,TB,12,KC,345,3,41,27,2,-1,0,1,0,0,0,0,0,0,0,0,0,0,0,0,0,0,,,,,
Tony Brooks-James,RB,ATL,12,LV,0,0,0,0,0,4,0,3,0,0,0,0,0,0,0,0,0,0,0,0,0,0,,,,,
Tony Pollard,RB,DAL,12,WAS,0,0,0,0,0,12,0,4,2,10,0,2,0,0,0,0,0,0,0,0,0,0,,,,,
Trace McSorley,QB,BAL,12,PIT,77,1,6,2,0,16,0,3,0,0,0,0,0,0,0,0,0,0,0,0,0,0,,,,,
Travis Fulgham,WR,PHI,12,SEA,0,0,0,0,0,0,0,0,2,16,0,2,0,0,0,0,0,0,0,0,0,0,,,,,
Travis Kelce,TE,KC,12,TB,0,0,1,0,0,0,0,0,8,82,0,8,0,0,0,0,0,0,0,0,0,0,,,,,
Trayveon Williams,RB,CIN,12,NYG,0,0,0,0,0,-2,0,1,1,13,0,1,0,0,0,0,0,0,0,0,0,0,,,,,
Tre'Quan Smith,WR,NO,12,DEN,0,0,0,0,0,0,0,0,1,16,0,1,0,0,0,0,0,0,0,0,0,0,,,,,
Trent Taylor,WR,SF,12,LA,0,0,0,0,0,0,0,0,0,0,0,0,0,0,0,0,0,0,0,0,0,0,,,,,
Trenton Cannon,RB,CAR,12,MIN,0,0,0,0,0,17,0,3,1,1,0,1,0,0,0,0,0,0,0,0,0,0,,,,,
Trey Burton,TE,IND,12,TEN,0,0,0,0,0,0,0,0,3,42,1,6,0,0,0,0,0,0,0,0,0,0,,,,,
Trey Quinn,WR,JAX,12,CLE,0,0,0,0,0,0,0,0,0,0,0,0,0,0,0,0,0,0,0,0,0,0,,,,,
Troy Fumagalli,TE,DEN,12,NO,0,0,0,0,0,0,0,0,0,0,0,1,0,0,0,0,0,0,0,0,0,0,,,,,
Troymaine Pope,RB,LAC,12,BUF,0,0,0,0,0,-1,0,1,1,2,0,1,0,0,0,0,0,0,0,0,0,0,,,,,
Ty Johnson,RB,NYJ,12,MIA,0,0,0,0,0,3,0,2,1,1,0,2,0,0,0,0,0,0,0,0,0,0,,,,,
Tyler Bass,K,BUF,12,LAC,0,0,0,0,0,0,0,0,0,0,0,0,0,0,0,0,0,0,2,0,0,3,,,,,
Tyler Boyd,WR,CIN,12,NYG,0,0,0,0,0,0,0,0,3,15,0,6,0,0,0,0,0,0,0,0,0,0,,,,,
Tyler Conklin,TE,MIN,12,CAR,0,0,0,0,0,0,0,0,1,5,0,2,0,0,0,0,0,0,0,0,0,0,,,,,
Tyler Eifert,TE,JAX,12,CLE,0,0,0,0,0,0,0,0,3,16,1,4,0,0,0,0,0,0,0,0,0,0,,,,,
Tyler Higbee,TE,LA,12,SF,0,0,0,0,0,0,0,0,1,6,0,2,0,0,0,0,0,0,0,0,0,0,,,,,
Tyler Johnson,WR,TB,12,KC,0,0,0,0,0,0,0,0,0,0,0,1,0,0,0,0,0,0,0,0,0,0,,,,,
Tyler Lockett,WR,SEA,12,PHI,0,0,0,0,0,0,0,0,3,23,0,4,0,0,0,0,0,0,0,0,0,0,,,,,
Tyreek Hill,WR,KC,12,TB,0,0,0,0,0,0,0,0,13,269,3,15,0,0,0,0,0,0,0,0,0,0,,,,,
Tyron Johnson,WR,LAC,12,BUF,0,0,0,0,0,0,0,0,2,63,0,4,0,0,0,0,0,0,0,0,0,0,,,,,
WAS,DEF,WAS,12,DAL,,,,,,,,,,,,,,,,,,,,,,,1,0,0,0,16.0
Wayne Gallman,RB,NYG,12,CIN,0,0,0,0,0,94,1,24,3,-3,0,5,0,0,0,0,0,0,0,0,0,0,,,,,
Wil Lutz,K,NO,12,DEN,0,0,0,0,0,0,0,0,0,0,0,0,0,0,0,0,0,0,1,0,0,4,,,,,
Will Fuller,WR,HOU,12,DET,0,0,0,0,0,0,0,0,6,171,2,7,0,0,0,0,0,0,0,0,0,0,,,,,
Younghoe Koo,K,ATL,12,LV,0,0,0,0,0,0,0,0,0,0,0,0,0,0,0,0,1,3,0,1,0,4,,,,,
Zach Pascal,WR,IND,12,TEN,0,0,0,0,0,0,0,0,1,23,0,4,0,0,0,0,0,0,0,0,0,0,,,,,
Zack Moss,RB,BUF,12,LAC,0,0,0,0,0,59,0,9,2,9,0,2,0,0,0,0,0,0,0,0,0,0,,,,,
Zane Gonzalez,K,ARI,12,NE,0,0,0,0,0,0,0,0,0,0,0,0,0,0,0,0,0,0,1,0,0,2,,,,,
Zay Jones,WR,LV,12,ATL,0,0,0,0,0,0,0,0,1,3,0,1,0,0,0,0,0,0,0,0,0,0,,,,,
A.J. Brown,WR,TEN,13,CLE,0,0,0,0,0,0,0,0,4,87,0,7,0,0,0,0,0,0,0,0,0,0,,,,,
A.J. Green,WR,CIN,13,MIA,0,0,0,0,0,0,0,0,0,0,0,1,0,0,0,0,0,0,0,0,0,0,,,,,
ARI,DEF,ARI,13,LA,,,,,,,,,,,,,,,,,,,,,,,0,0,0,0,38.0
ATL,DEF,ATL,13,NO,,,,,,,,,,,,,,,,,,,,,,,0,0,0,0,21.0
Aaron Jones,RB,GB,13,PHI,0,0,0,0,0,130,1,15,3,18,0,3,0,0,0,0,0,0,0,0,0,0,,,,,
Aaron Rodgers,QB,GB,13,PHI,295,3,34,25,0,-3,0,4,0,0,0,0,0,0,0,0,0,0,0,0,0,0,,,,,
Adam Humphries,WR,TEN,13,CLE,0,0,0,0,0,0,0,0,1,9,0,4,0,0,0,0,0,0,0,0,0,0,,,,,
Adam Shaheen,TE,MIA,13,CIN,0,0,0,0,0,0,0,0,0,0,0,1,0,0,0,0,0,0,0,0,0,0,,,,,
Adam Thielen,WR,MIN,13,JAX,0,0,0,0,0,0,0,0,8,75,1,11,0,0,0,0,0,0,0,0,0,0,,,,,
Adam Trautman,TE,NO,13,ATL,0,0,0,0,0,0,0,0,3,9,0,3,0,0,0,0,0,0,0,0,0,0,,,,,
Adrian Peterson,RB,DET,13,CHI,0,0,0,0,0,57,2,16,0,0,0,1,0,0,0,0,0,0,0,0,0,0,,,,,
Alex Erickson,WR,CIN,13,MIA,0,0,0,0,0,0,0,0,2,17,0,3,0,0,0,0,0,0,0,0,0,0,,,,,
Alex Smith,QB,WAS,13,PIT,296,1,46,31,0,0,0,0,0,0,0,0,0,0,0,0,0,0,0,0,0,0,,,,,
Alfred Morris,RB,NYG,13,SEA,0,0,0,0,0,39,1,8,1,6,1,1,0,0,0,0,0,0,0,0,0,0,,,,,
Allen Lazard,WR,GB,13,PHI,0,0,0,0,0,0,0,0,3,50,0,4,0,0,0,0,0,0,0,0,0,0,,,,,
Allen Robinson,WR,CHI,13,DET,0,0,0,0,0,0,0,0,6,75,0,7,0,0,0,0,0,0,0,0,0,0,,,,,
Alshon Jeffery,WR,PHI,13,GB,0,0,0,0,0,0,0,0,0,0,0,1,0,0,0,0,0,0,0,0,0,0,,,,,
Alvin Kamara,RB,NO,13,ATL,0,0,0,0,0,88,1,15,2,9,0,3,0,0,0,0,0,0,0,0,0,0,,,,,
Amari Cooper,WR,DAL,13,BAL,0,0,0,0,0,10,0,1,5,43,1,9,0,0,0,0,0,0,0,0,0,0,,,,,
Ameer Abdullah,RB,MIN,13,JAX,0,0,0,0,0,11,0,2,1,18,0,1,0,0,0,0,0,0,0,0,0,0,,,,,
Andre Roberts,WR,BUF,13,SF,0,0,0,0,0,0,0,0,0,0,0,0,0,0,0,0,0,0,0,0,0,0,,,,,
Andy Dalton,QB,DAL,13,BAL,285,2,48,31,1,2,0,1,0,0,0,0,0,0,0,0,0,0,0,0,0,0,,,,,
Andy Isabella,WR,ARI,13,LA,0,0,0,0,0,0,0,0,2,7,0,5,0,0,0,0,0,0,0,0,0,0,,,,,
Anthony Firkser,TE,TEN,13,CLE,0,0,0,0,0,0,0,0,5,51,0,7,0,0,0,0,0,0,0,0,0,0,,,,,
Anthony McFarland,RB,PIT,13,WAS,0,0,0,0,0,15,0,4,0,0,0,1,0,0,0,0,0,0,0,0,0,0,,,,,
Anthony Miller,WR,CHI,13,DET,0,0,0,0,0,3,0,1,5,56,0,5,0,0,0,0,0,0,0,0,0,0,,,,,
Antonio Callaway,WR,MIA,13,CIN,0,0,0,0,0,0,0,0,0,0,0,0,0,0,0,0,0,0,0,0,0,0,,,,,
Antonio Gibson,RB,WAS,13,PIT,0,0,0,0,0,14,0,2,0,0,0,0,0,0,0,0,0,0,0,0,0,0,,,,,
Ashton Dulin,WR,IND,13,HOU,0,0,0,0,0,0,0,0,0,0,0,1,0,0,0,0,0,0,0,0,0,0,,,,,
Austin Ekeler,RB,LAC,13,NE,0,0,0,0,0,36,0,8,4,32,0,9,0,0,0,0,0,0,0,0,0,0,,,,,
Austin Hooper,TE,CLE,13,TEN,0,0,0,0,0,0,0,0,2,24,0,2,0,0,0,0,0,0,0,0,0,0,,,,,
BAL,DEF,BAL,13,DAL,,,,,,,,,,,,,,,,,,,,,,,0,0,0,0,17.0
BUF,DEF,BUF,13,SF,,,,,,,,,,,,,,,,,,,,,,,0,0,0,0,24.0
Baker Mayfield,QB,CLE,13,TEN,334,4,33,25,0,5,0,4,1,6,0,1,0,0,0,0,0,0,0,0,0,0,,,,,
Ben Roethlisberger,QB,PIT,13,WAS,305,2,53,33,1,0,0,1,0,0,0,0,0,0,0,0,0,0,0,0,0,0,,,,,
Benny Snell,RB,PIT,13,WAS,0,0,0,0,0,5,0,8,2,5,0,3,0,0,0,0,0,0,0,0,0,0,,,,,
Blake Bell,TE,DAL,13,BAL,0,0,0,0,0,0,0,0,1,2,0,1,0,0,0,0,0,0,0,0,0,0,,,,,
Boston Scott,RB,PHI,13,GB,0,0,0,0,0,9,0,2,0,0,0,2,0,0,0,0,0,0,0,0,0,0,,,,,
Brandin Cooks,WR,HOU,13,IND,0,0,0,0,0,0,0,0,5,65,0,8,0,0,0,0,0,0,0,0,0,0,,,,,
Brandon Aiyuk,WR,SF,13,BUF,0,0,0,0,0,0,0,0,5,95,1,9,0,0,0,0,0,0,0,0,0,0,,,,,
Brandon Allen,QB,CIN,13,MIA,153,1,19,11,1,3,0,2,0,0,0,1,0,0,0,0,0,0,0,0,0,0,,,,,
Brandon McManus,K,DEN,13,KC,0,0,0,0,0,0,0,0,0,0,0,0,0,0,0,0,0,0,0,1,0,1,,,,,
Brandon Powell,WR,ATL,13,NO,0,0,0,0,0,0,0,0,1,9,0,1,0,0,0,0,0,0,0,0,0,0,,,,,
Braxton Berrios,WR,NYJ,13,LV,0,0,0,0,0,0,0,0,2,33,0,2,0,0,0,0,0,0,0,0,0,0,,,,,
Breshad Perriman,WR,NYJ,13,LV,0,0,0,0,0,0,0,0,1,22,0,4,0,0,0,0,0,0,0,0,0,0,,,,,
Brian Hill,RB,ATL,13,NO,0,0,0,0,0,18,0,5,0,0,0,0,0,0,0,0,0,0,0,0,0,0,,,,,
Bryan Edwards,WR,LV,13,NYJ,0,0,0,0,0,0,0,0,0,0,0,1,0,0,0,0,0,0,0,0,0,0,,,,,
Buddy Howell,RB,HOU,13,IND,0,0,0,0,0,0,0,0,0,0,0,0,0,0,0,0,0,0,0,0,0,0,,,,,
C.J. Board,WR,NYG,13,SEA,0,0,0,0,0,0,0,0,1,-2,0,1,0,0,0,0,0,0,0,0,0,0,,,,,
CHI,DEF,CHI,13,DET,,,,,,,,,,,,,,,,,,,,,,,0,0,0,0,34.0
CIN,DEF,CIN,13,MIA,,,,,,,,,,,,,,,,,,,,,,,0,0,0,0,19.0
CLE,DEF,CLE,13,TEN,,,,,,,,,,,,,,,,,,,,,,,0,0,0,0,35.0
Cairo Santos,K,CHI,13,DET,0,0,0,0,0,0,0,0,0,0,0,0,0,0,0,0,0,0,1,0,0,3,,,,,
Calvin Ridley,WR,ATL,13,NO,0,0,0,0,0,0,0,0,5,108,0,10,0,0,0,0,0,0,0,0,0,0,,,,,
Cam Akers,RB,LA,13,ARI,0,0,0,0,0,72,1,21,1,22,0,1,0,0,0,0,0,0,0,0,0,0,,,,,
Cam Newton,QB,NE,13,LAC,69,1,19,12,0,48,2,14,0,0,0,0,0,0,0,0,0,0,0,0,0,0,,,,,
Cam Sims,WR,WAS,13,PIT,0,0,0,0,0,0,0,0,5,92,0,9,0,0,0,0,0,0,0,0,0,0,,,,,
Cameron Batson,WR,TEN,13,CLE,0,0,0,0,0,0,0,1,3,14,1,3,0,0,0,0,0,0,0,0,0,0,,,,,
Carlos Hyde,RB,SEA,13,NYG,0,0,0,0,0,1,0,2,3,10,0,3,0,0,0,0,0,0,0,0,0,0,,,,,
Carson Wentz,QB,PHI,13,GB,79,0,15,6,0,18,0,3,0,0,0,0,0,0,0,0,0,0,0,0,0,0,,,,,
CeeDee Lamb,WR,DAL,13,BAL,0,0,0,0,0,0,0,0,6,46,0,9,0,0,0,0,0,0,0,0,0,0,,,,,
Cethan Carter,TE,CIN,13,MIA,0,0,0,0,0,0,0,0,0,0,0,0,0,0,0,0,0,0,0,0,0,0,,,,,
Chad Beebe,WR,MIN,13,JAX,0,0,0,0,0,0,0,0,2,10,0,3,0,0,0,0,0,0,0,0,0,0,,,,,
Chad Hansen,WR,HOU,13,IND,0,0,0,0,0,0,0,0,5,101,0,7,0,0,0,0,0,0,0,0,0,0,,,,,
Charlie Woerner,TE,SF,13,BUF,0,0,0,0,0,0,0,0,2,33,0,2,0,0,0,0,0,0,0,0,0,0,,,,,
Chase Claypool,WR,PIT,13,WAS,0,0,0,0,0,0,0,0,2,38,0,4,0,0,0,0,0,0,0,0,0,0,,,,,
Chase Edmonds,RB,ARI,13,LA,0,0,0,0,0,28,0,6,2,15,0,5,0,0,0,0,0,0,0,0,0,0,,,,,
Chase McLaughlin,K,JAX,13,MIN,0,0,0,0,0,0,0,0,0,0,0,0,0,0,0,0,1,0,0,0,0,1,,,,,
Chris Carson,RB,SEA,13,NYG,0,0,0,0,0,65,0,13,3,45,1,6,0,0,0,0,0,0,0,0,0,0,,,,,
Chris Conley,WR,JAX,13,MIN,0,0,0,0,0,0,0,0,2,12,0,2,0,0,0,0,0,0,0,0,0,0,,,,,
Christian Kirk,WR,ARI,13,LA,0,0,0,0,0,0,0,0,1,2,0,3,0,0,0,0,0,0,0,0,0,0,,,,,
Cody Parkey,K,CLE,13,TEN,0,0,0,0,0,0,0,0,0,0,0,0,0,0,0,0,1,0,1,0,0,5,,,,,
Cole Beasley,WR,BUF,13,SF,0,0,0,0,0,0,0,0,9,130,1,11,0,0,0,0,0,0,0,0,0,0,,,,,
Cole Kmet,TE,CHI,13,DET,0,0,0,0,0,0,0,0,5,37,1,7,0,0,0,0,0,0,0,0,0,0,,,,,
Collin Johnson,WR,JAX,13,MIN,0,0,0,0,0,0,0,0,4,66,0,6,0,0,1,0,0,0,0,0,0,0,,,,,
Colt McCoy,QB,NYG,13,SEA,105,1,22,13,1,2,0,2,0,0,0,0,0,0,1,0,0,0,0,0,0,0,,,,,
Cooper Kupp,WR,LA,13,ARI,0,0,0,0,0,0,0,0,8,73,0,9,0,0,0,0,0,0,0,0,0,0,,,,,
Cordarrelle Patterson,RB,CHI,13,DET,0,0,0,0,0,59,1,10,1,4,0,2,0,0,0,0,0,0,0,0,0,0,,,,,
Corey Davis,WR,TEN,13,CLE,0,0,0,0,0,0,0,0,11,182,1,12,0,0,0,0,0,0,0,0,0,0,,,,,
D'Ernest Johnson,RB,CLE,13,TEN,0,0,0,0,0,0,0,0,1,5,0,1,0,0,0,0,0,0,0,0,0,0,,,,,
DAL,DEF,DAL,13,BAL,,,,,,,,,,,,,,,,,,,,,,,0,0,0,0,34.0
DEN,DEF,DEN,13,KC,,,,,,,,,,,,,,,,,,,,,,,0,0,0,0,22.0
DET,DEF,DET,13,CHI,,,,,,,,,,,,,,,,,,,,,,,0,0,0,0,30.0
DJ Chark,WR,JAX,13,MIN,0,0,0,0,0,0,0,0,2,41,0,7,0,0,0,0,0,0,0,0,0,0,,,,,
DK Metcalf,WR,SEA,13,NYG,0,0,0,0,0,0,0,0,5,80,0,8,0,0,0,0,0,0,0,0,0,0,,,,,
Dallas Goedert,TE,PHI,13,GB,0,0,0,0,0,0,0,0,5,66,0,7,0,0,0,0,0,0,0,0,0,0,,,,,
Dalton Schultz,TE,DAL,13,BAL,0,0,0,0,0,0,0,0,4,44,0,4,0,0,0,0,0,0,0,0,0,0,,,,,
Dalvin Cook,RB,MIN,13,JAX,0,0,0,0,0,120,0,32,6,59,0,9,0,0,0,0,0,0,0,0,0,0,,,,,
Damien Harris,RB,NE,13,LAC,0,0,0,0,0,80,0,16,1,15,0,1,0,0,0,0,0,0,0,0,0,0,,,,,
Damiere Byrd,WR,NE,13,LAC,0,0,0,0,0,0,0,0,2,16,0,3,0,0,0,0,0,0,0,0,0,0,,,,,
Dan Arnold,TE,ARI,13,LA,0,0,0,0,0,0,0,0,2,61,2,3,0,0,0,0,0,0,0,0,0,0,,,,,
Dan Bailey,K,MIN,13,JAX,0,0,0,0,0,0,0,0,0,0,0,0,0,0,0,0,1,0,1,0,0,1,,,,,
Dan Chisena,WR,MIN,13,JAX,0,0,0,0,0,0,0,0,0,0,0,0,0,0,0,0,0,0,0,0,0,0,,,,,
Daniel Brown,TE,NYJ,13,LV,0,0,0,0,0,0,0,0,0,0,0,0,0,0,0,0,0,0,0,0,0,0,,,,,
Daniel Carlson,K,LV,13,NYJ,0,0,0,0,0,0,0,0,0,0,0,0,0,0,0,0,0,0,1,0,0,4,,,,,
Danny Amendola,WR,DET,13,CHI,0,0,0,0,0,0,0,0,3,62,0,5,0,0,0,0,0,0,0,0,0,0,,,,,
Dare Ogunbowale,RB,JAX,13,MIN,0,0,0,0,0,7,0,2,0,0,0,2,0,0,0,0,0,0,0,0,0,0,,,,,
Darius Slayton,WR,NYG,13,SEA,0,0,0,0,0,0,0,0,1,14,0,1,0,0,0,0,0,0,0,0,0,0,,,,,
Darnell Mooney,WR,CHI,13,DET,0,0,0,0,0,0,0,0,4,43,0,6,0,0,0,0,0,0,0,0,0,0,,,,,
Darrel Williams,RB,KC,13,DEN,0,0,0,0,0,38,0,6,1,5,0,2,0,0,0,0,0,0,0,0,0,0,,,,,
Darrell Henderson,RB,LA,13,ARI,0,0,0,0,0,49,1,3,2,25,0,3,0,0,0,0,0,0,0,0,0,0,,,,,
Darren Fells,TE,HOU,13,IND,0,0,0,0,0,0,0,0,0,0,0,1,0,0,0,0,0,0,0,0,0,0,,,,,
Darren Waller,TE,LV,13,NYJ,0,0,0,0,0,0,0,0,13,200,2,17,0,0,0,0,0,0,0,0,0,0,,,,,
Davante Adams,WR,GB,13,PHI,0,0,0,0,0,0,0,0,10,121,2,12,0,0,0,0,0,0,0,0,0,0,,,,,
David Johnson,RB,HOU,13,IND,0,0,0,0,0,44,1,10,0,0,0,2,0,0,0,0,0,0,0,0,0,0,,,,,
David Montgomery,RB,CHI,13,DET,0,0,0,0,0,72,2,17,4,39,0,4,0,0,0,0,0,0,0,0,0,0,,,,,
David Moore,WR,SEA,13,NYG,0,0,0,0,0,0,0,0,1,6,0,2,0,0,0,0,0,0,0,0,0,0,,,,,
David Njoku,TE,CLE,13,TEN,0,0,0,0,0,0,0,0,1,5,0,1,0,0,0,0,0,0,0,0,0,0,,,,,
Dawson Knox,TE,BUF,13,SF,0,0,0,0,0,0,0,0,4,27,1,4,0,0,0,0,0,0,0,0,0,0,,,,,
De'Michael Harris,WR,IND,13,HOU,0,0,0,0,0,-3,0,1,0,0,0,0,0,0,0,0,0,0,0,0,0,0,,,,,
DeAndre Carter,WR,CHI,13,DET,0,0,0,0,0,0,0,0,0,0,0,0,0,0,0,0,0,0,0,0,0,0,,,,,
DeAndre Hopkins,WR,ARI,13,LA,0,0,0,0,0,0,0,0,8,52,1,13,0,0,0,0,0,0,0,0,0,0,,,,,
DeVante Parker,WR,MIA,13,CIN,0,0,0,0,0,0,0,0,4,35,0,8,0,0,0,0,0,0,0,0,0,0,,,,,
DeeJay Dallas,RB,SEA,13,NYG,0,0,0,0,0,0,0,0,2,11,0,3,0,0,0,0,0,0,0,0,0,0,,,,,
Deebo Samuel Sr.,WR,SF,13,BUF,0,0,0,0,0,3,0,1,6,73,0,9,0,0,0,0,0,0,0,0,0,0,,,,,
Demarcus Robinson,WR,KC,13,DEN,0,0,0,0,0,0,0,0,2,39,0,2,0,0,0,0,0,0,0,0,0,0,,,,,
Denzel Mims,WR,NYJ,13,LV,0,0,0,0,0,0,0,0,2,40,0,3,0,0,1,0,0,0,0,0,0,0,,,,,
Derek Carr,QB,LV,13,NYJ,381,3,47,28,1,5,1,2,0,0,0,0,0,0,0,0,0,0,0,0,0,0,,,,,
Derrick Henry,RB,TEN,13,CLE,0,0,0,0,0,60,0,15,1,9,0,1,0,0,0,0,0,0,0,0,0,0,,,,,
Deshaun Watson,QB,HOU,13,IND,341,0,38,26,1,38,1,7,0,0,0,0,0,0,0,0,0,0,0,0,0,0,,,,,
Devin Duvernay,WR,BAL,13,DAL,0,0,0,0,0,0,0,0,1,2,0,1,0,0,0,0,0,0,0,0,0,0,,,,,
Devin Singletary,RB,BUF,13,SF,0,0,0,0,0,61,0,18,3,22,0,4,0,0,0,0,0,0,0,0,0,0,,,,,
Devontae Booker,RB,LV,13,NYJ,0,0,0,0,0,50,0,16,1,1,0,2,0,0,0,0,0,0,0,0,0,0,,,,,
Dion Lewis,RB,NYG,13,SEA,0,0,0,0,0,6,0,3,0,0,0,0,0,0,0,0,0,0,0,0,0,0,,,,,
Diontae Johnson,WR,PIT,13,WAS,0,0,0,0,0,0,0,0,8,71,1,12,0,0,0,0,0,0,0,0,0,0,,,,,
Donald Parham,TE,LAC,13,NE,0,0,0,0,0,0,0,0,2,21,0,4,0,0,0,0,0,0,0,0,0,0,,,,,
Donovan Peoples-Jones,WR,CLE,13,TEN,0,0,0,0,0,0,0,0,2,92,1,3,0,0,0,0,0,0,0,0,0,0,,,,,
Donte Moncrief,WR,NE,13,LAC,0,0,0,0,0,4,0,1,0,0,0,0,0,0,0,0,0,0,0,0,0,0,,,,,
Drew Lock,QB,DEN,13,KC,151,2,28,15,2,9,0,2,0,0,0,0,0,0,0,0,0,0,0,0,0,0,,,,,
Drew Sample,TE,CIN,13,MIA,0,0,0,0,0,0,0,0,7,49,0,7,0,0,0,0,0,0,0,0,0,0,,,,,
Duke Johnson,RB,HOU,13,IND,0,0,0,0,0,8,0,2,6,24,0,6,0,0,0,0,0,0,0,0,0,0,,,,,
Durham Smythe,TE,MIA,13,CIN,0,0,0,0,0,0,0,0,2,16,0,2,0,0,0,0,0,0,0,0,0,0,,,,,
Dustin Hopkins,K,WAS,13,PIT,0,0,0,0,0,0,0,0,0,0,0,0,0,0,0,0,0,0,3,0,0,2,,,,,
Dwayne Washington,RB,NO,13,ATL,0,0,0,0,0,0,0,0,0,0,0,0,0,0,0,0,0,0,0,0,0,0,,,,,
Emmanuel Sanders,WR,NO,13,ATL,0,0,0,0,0,0,0,0,5,39,0,6,0,0,0,0,0,0,0,0,0,0,,,,,
Equanimeous St. Brown,WR,GB,13,PHI,0,0,0,0,0,0,0,0,1,7,0,2,0,0,0,0,0,0,0,0,0,0,,,,,
Eric Ebron,TE,PIT,13,WAS,0,0,0,0,0,0,0,0,7,68,0,11,0,0,0,0,0,0,0,0,0,0,,,,,
Eric Saubert,TE,JAX,13,MIN,0,0,0,0,0,0,0,0,0,0,0,1,0,0,0,0,0,0,0,0,0,0,,,,,
Evan Engram,TE,NYG,13,SEA,0,0,0,0,0,0,0,0,4,32,0,8,0,0,0,0,0,0,0,0,0,0,,,,,
Ezekiel Elliott,RB,DAL,13,BAL,0,0,0,0,0,77,0,18,4,18,0,6,0,0,0,0,0,0,0,0,0,0,,,,,
Frank Gore,RB,NYJ,13,LV,0,0,0,0,0,2,0,1,0,0,0,0,0,0,0,0,0,0,0,0,0,0,,,,,
Freddie Swain,WR,SEA,13,NYG,0,0,0,0,0,0,0,0,0,0,0,1,0,0,0,0,0,0,0,0,0,0,,,,,
GB,DEF,GB,13,PHI,,,,,,,,,,,,,,,,,,,,,,,0,0,0,0,16.0
Gabe Davis,WR,BUF,13,SF,0,0,0,0,0,0,0,0,3,68,1,4,0,0,0,0,0,0,0,0,0,0,,,,,
Geoff Swaim,TE,TEN,13,CLE,0,0,0,0,0,0,0,0,0,0,0,1,0,0,0,0,0,0,0,0,0,0,,,,,
Gerald Everett,TE,LA,13,ARI,0,0,0,0,0,0,0,0,6,44,0,7,0,0,0,0,0,0,0,0,0,0,,,,,
Giovani Bernard,RB,CIN,13,MIA,0,0,0,0,0,30,0,12,2,-1,0,2,0,0,0,0,0,0,0,0,0,0,,,,,
Golden Tate,WR,NYG,13,SEA,0,0,0,0,0,0,0,0,4,30,0,4,0,0,0,0,0,0,0,0,0,0,,,,,
Graham Gano,K,NYG,13,SEA,0,0,0,0,0,0,0,0,0,0,0,0,0,0,0,0,0,0,1,0,0,0,,,,,
Greg Ward,WR,PHI,13,GB,0,0,0,0,0,0,0,0,3,57,1,5,0,0,0,0,0,0,0,0,0,0,,,,,
Greg Zuerlein,K,DAL,13,BAL,0,0,0,0,0,0,0,0,0,0,0,0,0,0,0,0,0,1,0,0,0,2,,,,,
Gunner Olszewski,WR,NE,13,LAC,0,0,0,0,0,0,0,0,1,38,1,1,1,0,0,0,0,0,0,0,0,0,,,,,
Gus Edwards,RB,BAL,13,DAL,0,0,0,0,0,101,0,7,0,0,0,0,0,0,0,0,0,0,0,0,0,0,,,,,
HOU,DEF,HOU,13,IND,,,,,,,,,,,,,,,,,,,,,,,0,0,0,0,26.0
Harrison Butker,K,KC,13,DEN,0,0,0,0,0,0,0,0,0,0,0,0,0,0,0,0,2,2,1,0,0,1,,,,,
Hayden Hurst,TE,ATL,13,NO,0,0,0,0,0,0,0,0,1,9,0,4,0,0,0,0,0,0,0,0,0,0,,,,,
Henry Ruggs III,WR,LV,13,NYJ,0,0,0,0,0,0,0,0,3,84,1,4,0,0,0,0,0,0,0,0,0,0,,,,,
Hunter Henry,TE,LAC,13,NE,0,0,0,0,0,0,0,0,1,5,0,2,0,0,0,0,0,0,0,0,0,0,,,,,
Hunter Renfrow,WR,LV,13,NYJ,0,0,0,0,0,0,0,0,4,47,0,6,0,0,0,0,0,0,0,0,0,0,,,,,
IND,DEF,IND,13,HOU,,,,,,,,,,,,,,,,,,,,,,,0,1,0,0,20.0
Isaiah McKenzie,WR,BUF,13,SF,0,0,0,0,0,0,0,0,2,31,1,2,0,0,0,0,0,0,0,0,0,0,,,,,
Isaiah Wright,WR,WAS,13,PIT,0,0,0,0,0,0,0,0,1,5,0,4,0,0,0,0,0,0,0,0,0,0,,,,,
Ito Smith,RB,ATL,13,NO,0,0,0,0,0,36,0,8,1,-2,0,2,0,0,0,0,0,0,0,0,0,0,,,,,
J.D. McKissic,RB,WAS,13,PIT,0,0,0,0,0,8,0,5,10,70,0,10,0,0,0,0,0,0,0,0,0,0,,,,,
J.K. Dobbins,RB,BAL,13,DAL,0,0,0,0,0,71,1,11,0,0,0,0,0,0,0,0,0,0,0,0,0,0,,,,,
J.P. Holtz,TE,CHI,13,DET,0,0,0,0,0,0,0,0,0,0,0,0,0,0,0,0,0,0,0,0,0,0,,,,,
JAX,DEF,JAX,13,MIN,,,,,,,,,,,,,,,,,,,,,,,1,0,0,0,27.0
Jack Doyle,TE,IND,13,HOU,0,0,0,0,0,0,0,0,1,12,0,1,0,0,0,0,0,0,0,0,0,0,,,,,
Jacob Hollister,TE,SEA,13,NYG,0,0,0,0,0,0,0,0,3,20,0,4,0,0,0,0,0,0,0,0,0,0,,,,,
Jacoby Brissett,QB,IND,13,HOU,0,0,0,0,0,1,0,2,0,0,0,0,0,0,0,0,0,0,0,0,0,0,,,,,
Jaeden Graham,TE,ATL,13,NO,0,0,0,0,0,0,0,0,0,0,0,1,0,0,0,0,0,0,0,0,0,0,,,,,
Jake Elliott,K,PHI,13,GB,0,0,0,0,0,0,0,0,0,0,0,0,0,0,0,0,0,0,0,1,0,1,,,,,
Jakeem Grant,WR,MIA,13,CIN,0,0,0,0,0,0,0,0,2,42,0,6,0,0,0,0,0,0,0,0,0,0,,,,,
Jakob Johnson,RB,NE,13,LAC,0,0,0,0,0,0,0,0,1,1,0,1,0,0,0,0,0,0,0,0,0,0,,,,,
Jakobi Meyers,WR,NE,13,LAC,0,0,0,0,0,0,0,0,2,15,0,6,0,0,0,0,0,0,0,0,0,0,,,,,
Jalen Guyton,WR,LAC,13,NE,0,0,0,0,0,0,0,0,2,38,0,7,0,0,0,0,0,0,0,0,0,0,,,,,
Jalen Hurts,QB,PHI,13,GB,109,1,12,5,1,29,0,5,0,0,0,0,0,0,0,0,0,0,0,0,0,0,,,,,
Jalen Reagor,WR,PHI,13,GB,0,0,0,0,0,11,0,1,1,34,0,1,1,0,0,0,0,0,0,0,0,0,,,,,
Jalen Richard,RB,LV,13,NYJ,0,0,0,0,0,11,0,4,1,6,0,1,0,0,0,0,0,0,0,0,0,0,,,,,
Jamaal Williams,RB,GB,13,PHI,0,0,0,0,0,26,0,5,2,10,0,2,0,0,0,0,0,0,0,0,0,0,,,,,
Jamal Agnew,WR,DET,13,CHI,0,0,0,0,0,0,0,1,2,24,0,2,0,0,0,0,0,0,0,0,0,0,,,,,
James O'Shaughnessy,TE,JAX,13,MIN,0,0,0,0,0,0,0,0,4,41,0,6,0,0,0,0,0,0,0,0,0,0,,,,,
James Proche,WR,BAL,13,DAL,0,0,0,0,0,0,0,0,0,0,0,0,0,0,0,0,0,0,0,0,0,0,,,,,
James Robinson,RB,JAX,13,MIN,0,0,0,0,0,78,1,18,6,30,0,6,0,0,0,0,0,0,0,0,0,0,,,,,
James Washington,WR,PIT,13,WAS,0,0,0,0,0,0,0,0,2,80,1,4,0,0,0,0,0,0,0,0,0,0,,,,,
James White,RB,NE,13,LAC,0,0,0,0,0,0,0,0,3,1,0,4,0,0,0,0,0,0,0,0,0,0,,,,,
Jamison Crowder,WR,NYJ,13,LV,0,0,0,0,0,0,0,0,5,47,2,7,0,0,0,0,0,0,0,0,0,0,,,,,
Jared Cook,TE,NO,13,ATL,0,0,0,0,0,0,0,0,3,28,1,5,0,0,0,0,0,0,0,0,0,0,,,,,
Jared Goff,QB,LA,13,ARI,351,1,47,37,0,1,1,4,0,0,0,0,0,0,0,0,0,0,0,0,0,0,,,,,
Jarrett Stidham,QB,NE,13,LAC,61,1,3,2,0,-2,0,2,0,0,0,0,0,0,0,0,0,0,0,0,0,0,,,,,
Jarvis Landry,WR,CLE,13,TEN,6,0,1,1,0,0,0,0,8,62,1,10,0,0,0,0,0,0,0,0,0,0,,,,,
Jason Myers,K,SEA,13,NYG,0,0,0,0,0,0,0,0,0,0,0,0,0,0,0,0,0,1,0,0,0,1,,,,,
Jason Sanders,K,MIA,13,CIN,0,0,0,0,0,0,0,0,0,0,0,0,0,0,0,1,2,0,1,0,0,1,,,,,
Jason Witten,TE,LV,13,NYJ,0,0,0,0,0,0,0,0,0,0,0,1,0,0,0,0,0,0,0,0,0,0,,,,,
Javon Wims,WR,CHI,13,DET,0,0,0,0,0,0,0,0,1,13,0,1,0,0,0,0,0,0,0,0,0,0,,,,,
Jaylen Samuels,RB,PIT,13,WAS,0,0,0,0,0,1,0,1,3,11,0,4,0,0,0,0,0,0,0,0,0,0,,,,,
Jeff Wilson,RB,SF,13,BUF,0,0,0,0,0,47,0,7,2,12,0,5,0,0,0,0,0,0,0,0,0,0,,,,,
Jeremy McNichols,RB,TEN,13,CLE,0,0,0,0,0,2,1,2,3,15,0,4,0,0,0,0,0,0,0,0,0,0,,,,,
Jeremy Sprinkle,TE,WAS,13,PIT,0,0,0,0,0,0,0,0,0,0,0,0,0,0,0,0,0,0,0,0,0,0,,,,,
Jerry Jeudy,WR,DEN,13,KC,0,0,0,0,0,0,0,0,1,5,0,4,0,0,0,0,0,0,0,0,0,0,,,,,
Jesse James,TE,DET,13,CHI,0,0,0,0,0,0,0,0,1,9,1,3,0,0,0,0,0,0,0,0,0,0,,,,,
Jimmy Graham,TE,CHI,13,DET,0,0,0,0,0,0,0,0,0,0,0,1,0,0,0,0,0,0,0,0,0,0,,,,,
John Hightower,WR,PHI,13,GB,0,0,0,0,0,0,0,0,0,0,0,2,0,0,0,0,0,0,0,0,0,0,,,,,
Jonathan Taylor,RB,IND,13,HOU,0,0,0,0,0,91,0,13,3,44,1,3,0,0,0,0,0,0,0,0,0,0,,,,,
Jonathan Williams,RB,DET,13,CHI,0,0,0,0,0,0,0,0,0,0,0,0,0,0,0,0,0,0,0,0,0,0,,,,,
Jordan Akins,TE,HOU,13,IND,0,0,0,0,0,0,0,0,2,10,0,3,0,0,0,0,0,0,0,0,0,0,,,,,
Jordan Howard,RB,PHI,13,GB,0,0,0,0,0,19,0,4,0,0,0,0,0,0,0,0,0,0,0,0,0,0,,,,,
Jordan Reed,TE,SF,13,BUF,0,0,0,0,0,0,0,0,3,32,1,4,0,0,0,0,0,0,0,0,0,0,,,,,
Jordan Wilkins,RB,IND,13,HOU,0,0,0,0,0,12,0,5,2,6,0,2,0,0,0,0,0,0,0,0,0,0,,,,,
Josh Adams,RB,NYJ,13,LV,0,0,0,0,0,74,0,8,0,0,0,0,0,0,0,0,0,0,0,0,0,0,,,,,
Josh Allen,QB,BUF,13,SF,375,4,40,32,0,11,0,6,0,0,0,0,0,0,0,0,0,0,0,0,0,0,,,,,
Josh Reynolds,WR,LA,13,ARI,0,0,0,0,0,0,0,0,1,21,0,1,0,0,0,0,0,0,0,0,0,0,,,,,
Joshua Kelley,RB,LAC,13,NE,0,0,0,0,0,0,0,0,2,3,0,2,0,0,0,0,0,0,0,0,0,0,,,,,
JuJu Smith-Schuster,WR,PIT,13,WAS,0,0,0,0,0,0,0,0,7,28,0,10,0,0,0,0,0,0,0,0,0,0,,,,,
Julio Jones,WR,ATL,13,NO,0,0,0,0,0,0,0,0,6,94,0,10,0,0,0,0,0,0,0,0,0,0,,,,,
Justice Hill,RB,BAL,13,DAL,0,0,0,0,0,0,0,0,1,4,0,1,0,0,0,0,0,0,0,0,0,0,,,,,
Justin Herbert,QB,LAC,13,NE,209,0,53,26,2,0,0,0,0,0,0,0,0,0,0,0,0,0,0,0,0,0,,,,,
Justin Jefferson,WR,MIN,13,JAX,0,0,0,0,0,2,0,1,9,121,1,12,0,0,0,0,0,0,0,0,0,0,,,,,
Justin Tucker,K,BAL,13,DAL,0,0,0,0,0,0,0,0,0,0,0,0,0,0,0,0,1,1,0,0,0,4,,,,,
K.J. Hill,WR,LAC,13,NE,0,0,0,0,0,0,0,0,1,7,0,1,0,0,0,0,0,0,0,0,0,0,,,,,
K.J. Osborn,WR,MIN,13,JAX,0,0,0,0,0,0,0,0,0,0,0,0,0,0,0,0,0,0,0,0,0,0,,,,,
KC,DEF,KC,13,DEN,,,,,,,,,,,,,,,,,,,,,,,0,0,0,0,16.0
KJ Hamler,WR,DEN,13,KC,0,0,0,0,0,13,0,2,2,16,0,5,0,0,0,0,0,0,0,0,0,0,,,,,
Ka'imi Fairbairn,K,HOU,13,IND,0,0,0,0,0,0,0,0,0,0,0,0,0,0,0,0,0,1,0,1,0,2,,,,,
Kaden Smith,TE,NYG,13,SEA,0,0,0,0,0,0,0,0,1,3,0,1,0,0,0,0,0,0,0,0,0,0,,,,,
Kahale Warring,TE,HOU,13,IND,0,0,0,0,0,0,0,0,0,0,0,1,0,0,0,0,0,0,0,0,0,0,,,,,
Kalen Ballage,RB,LAC,13,NE,0,0,0,0,0,34,0,7,3,5,0,4,0,0,0,0,0,0,0,0,0,0,,,,,
Kalif Raymond,WR,TEN,13,CLE,0,0,0,0,0,0,0,0,0,0,0,0,0,0,0,0,0,0,0,0,0,0,,,,,
Kareem Hunt,RB,CLE,13,TEN,0,0,0,0,0,33,0,14,3,24,0,3,0,0,0,0,0,0,0,0,0,0,,,,,
KeeSean Johnson,WR,ARI,13,LA,0,0,0,0,0,0,0,0,4,27,0,4,0,0,0,0,0,0,0,0,0,0,,,,,
Keelan Cole,WR,JAX,13,MIN,0,0,0,0,0,0,0,0,1,7,0,2,0,0,0,0,0,0,0,0,0,0,,,,,
Keenan Allen,WR,LAC,13,NE,0,0,0,0,0,0,0,0,5,48,0,11,0,0,0,0,0,0,0,0,0,0,,,,,
Keke Coutee,WR,HOU,13,IND,0,0,0,0,0,0,0,0,8,141,0,9,0,0,0,0,0,0,0,0,0,0,,,,,
Kendrick Bourne,WR,SF,13,BUF,0,0,0,0,0,0,0,0,4,35,0,6,0,0,0,0,0,0,0,0,0,0,,,,,
Kenyan Drake,RB,ARI,13,LA,0,0,0,0,0,49,1,10,2,9,0,3,0,0,0,0,0,0,0,0,0,0,,,,,
Kerryon Johnson,RB,DET,13,CHI,0,0,0,0,0,3,0,3,2,8,0,3,0,0,0,0,0,0,0,0,0,0,,,,,
Kirk Cousins,QB,MIN,13,JAX,305,3,43,28,1,12,0,3,0,0,0,0,0,0,0,0,0,0,0,0,0,0,,,,,
Kyle Juszczyk,RB,SF,13,BUF,0,0,0,0,0,5,0,2,1,6,1,1,0,0,0,0,0,0,0,0,0,0,,,,,
Kyle Rudolph,TE,MIN,13,JAX,0,0,0,0,0,0,0,0,0,0,0,2,0,0,0,0,0,0,0,0,0,0,,,,,
Kyler Murray,QB,ARI,13,LA,173,3,39,21,1,15,0,5,0,0,0,0,0,0,0,0,0,0,0,0,0,0,,,,,
LA,DEF,LA,13,ARI,,,,,,,,,,,,,,,,,,,,,,,1,0,0,0,28.0
LAC,DEF,LAC,13,NE,,,,,,,,,,,,,,,,,,,,,,,0,0,0,0,45.0
LV,DEF,LV,13,NYJ,,,,,,,,,,,,,,,,,,,,,,,0,0,0,0,28.0
Lamar Jackson,QB,BAL,13,DAL,107,2,17,12,1,94,1,13,0,0,0,0,0,0,0,0,0,0,0,0,0,0,,,,,
Latavius Murray,RB,NO,13,ATL,0,0,0,0,0,17,0,5,2,0,0,2,0,0,0,0,0,0,0,0,0,0,,,,,
Laviska Shenault Jr.,WR,JAX,13,MIN,0,0,0,0,0,30,0,2,3,38,1,3,0,0,0,0,0,0,0,0,0,0,,,,,
Le'Veon Bell,RB,KC,13,DEN,0,0,0,0,0,40,0,11,2,15,0,3,0,0,0,0,0,0,0,0,0,0,,,,,
Lee Smith,TE,BUF,13,SF,0,0,0,0,0,0,0,0,0,0,0,1,0,0,0,0,0,0,0,0,0,0,,,,,
Levine Toilolo,TE,NYG,13,SEA,0,0,0,0,0,0,0,0,0,0,0,0,0,0,0,0,0,0,0,0,0,0,,,,,
Logan Thomas,TE,WAS,13,PIT,0,0,0,0,0,0,0,0,9,98,1,9,0,0,0,0,0,0,0,0,0,0,,,,,
Luke Stocker,TE,ATL,13,NO,0,0,0,0,0,0,0,0,0,0,0,0,0,0,0,0,0,0,0,0,0,0,,,,,
Luke Willson,TE,BAL,13,DAL,0,0,0,0,0,0,0,0,1,12,0,1,0,0,0,0,0,0,0,0,0,0,,,,,
Lynn Bowden,WR,MIA,13,CIN,0,0,0,0,0,11,0,1,4,41,0,4,0,0,0,0,0,0,0,0,0,0,,,,,
MIA,DEF,MIA,13,CIN,,,,,,,,,,,,,,,,,,,,,,,0,0,0,0,7.0
MIN,DEF,MIN,13,JAX,,,,,,,,,,,,,,,,,,,,,,,0,1,0,0,24.0
Mack Hollins,WR,MIA,13,CIN,0,0,0,0,0,0,0,0,1,7,0,1,0,0,0,0,0,0,0,0,0,0,,,,,
Malcolm Brown,RB,LA,13,ARI,0,0,0,0,0,-3,0,3,1,30,0,1,0,0,0,0,0,0,0,0,0,0,,,,,
Malik Taylor,WR,GB,13,PHI,0,0,0,0,0,0,0,0,1,14,0,1,0,0,0,0,0,0,0,0,0,0,,,,,
Marcedes Lewis,TE,GB,13,PHI,0,0,0,0,0,0,0,0,1,36,0,1,0,0,0,0,0,0,0,0,0,0,,,,,
Mark Ingram,RB,BAL,13,DAL,0,0,0,0,0,28,0,6,1,1,0,1,0,0,0,0,0,0,0,0,0,0,,,,,
Marquez Valdes-Scantling,WR,GB,13,PHI,0,0,0,0,0,-4,0,1,0,0,0,2,0,0,0,0,0,0,0,0,0,0,,,,,
Marquise Brown,WR,BAL,13,DAL,0,0,0,0,0,0,0,0,5,39,1,8,0,0,0,0,0,0,0,0,0,0,,,,,
Marvin Jones,WR,DET,13,CHI,0,0,0,0,0,0,0,0,8,116,1,12,0,0,0,0,0,0,0,0,0,0,,,,,
Mason Crosby,K,GB,13,PHI,0,0,0,0,0,0,0,0,0,0,0,0,0,0,0,0,0,0,1,0,0,3,,,,,
Mason Schreck,TE,CIN,13,MIA,0,0,0,0,0,0,0,0,0,0,0,1,0,0,0,0,0,0,0,0,0,0,,,,,
Matt Gay,K,LA,13,ARI,0,0,0,0,0,0,0,0,0,0,0,0,0,0,0,0,0,1,0,0,0,5,,,,,
Matt Prater,K,DET,13,CHI,0,0,0,0,0,0,0,0,0,0,0,0,0,0,0,0,0,0,0,0,0,4,,,,,
Matt Ryan,QB,ATL,13,NO,273,1,39,19,0,0,0,0,0,0,0,0,0,0,0,0,0,0,0,0,0,0,,,,,
Matthew Stafford,QB,DET,13,CHI,402,3,42,27,1,0,0,2,0,0,0,0,0,0,0,0,0,0,0,0,0,0,,,,,
Matthew Wright,K,PIT,13,WAS,0,0,0,0,0,0,0,0,0,0,0,0,0,0,0,0,0,1,0,0,0,2,,,,,
Mecole Hardman,WR,KC,13,DEN,0,0,0,0,0,0,0,0,1,15,0,3,0,0,0,0,0,0,0,0,0,0,,,,,
Melvin Gordon,RB,DEN,13,KC,0,0,0,0,0,131,0,15,1,11,0,2,0,0,0,0,0,0,0,0,0,0,,,,,
Michael Gallup,WR,DAL,13,BAL,0,0,0,0,0,0,0,0,7,86,1,11,0,0,0,0,0,0,0,0,0,0,,,,,
Michael Pittman,WR,IND,13,HOU,0,0,0,0,0,0,0,0,5,46,0,5,0,0,0,0,0,0,0,0,0,0,,,,,
Michael Thomas,WR,NO,13,ATL,0,0,0,0,0,0,0,0,9,105,0,11,0,0,0,0,0,0,0,0,0,0,,,,,
Mike Badgley,K,LAC,13,NE,0,0,0,0,0,0,0,0,0,0,0,0,0,0,0,0,0,0,0,0,0,0,,,,,
Mike Gesicki,TE,MIA,13,CIN,0,0,0,0,0,0,0,0,9,88,1,11,0,0,0,0,0,0,0,0,0,0,,,,,
Mike Glennon,QB,JAX,13,MIN,280,1,42,28,2,9,0,3,0,0,0,0,0,0,1,0,0,0,0,0,0,0,,,,,
Mike Thomas,WR,CIN,13,MIA,0,0,0,0,0,0,0,0,0,0,0,0,0,0,0,0,0,0,0,0,0,0,,,,,
Mike Williams,WR,LAC,13,NE,0,0,0,0,0,0,0,0,4,43,0,9,0,0,0,0,0,0,0,0,0,0,,,,,
Miles Boykin,WR,BAL,13,DAL,0,0,0,0,0,0,0,0,1,38,1,3,0,0,0,0,0,0,0,0,0,0,,,,,
Miles Sanders,RB,PHI,13,GB,0,0,0,0,0,31,0,10,0,0,0,1,0,0,0,0,0,0,0,0,0,0,,,,,
Mitchell Trubisky,QB,CHI,13,DET,267,1,34,26,0,6,0,3,0,0,0,0,0,0,0,0,0,0,0,0,0,0,,,,,
Mo Alie-Cox,TE,IND,13,HOU,0,0,0,0,0,0,0,0,3,23,0,5,0,0,0,0,0,0,0,0,0,0,,,,,
Mohamed Sanu,WR,DET,13,CHI,0,0,0,0,0,0,0,0,2,36,0,2,0,0,0,0,0,0,0,0,0,0,,,,,
MyCole Pruitt,TE,TEN,13,CLE,0,0,0,0,0,0,0,0,1,22,1,2,0,1,0,0,0,0,0,0,0,0,,,,,
Myles Gaskin,RB,MIA,13,CIN,0,0,0,0,0,90,0,21,2,51,0,2,0,0,0,0,0,0,0,0,0,0,,,,,
N'Keal Harry,TE,NE,13,LAC,0,0,0,0,0,0,0,0,2,15,1,3,0,0,0,0,0,0,0,0,0,0,,,,,
NE,DEF,NE,13,LAC,,,,,,,,,,,,,,,,,,,,,,,0,0,0,0,0.0
NO,DEF,NO,13,ATL,,,,,,,,,,,,,,,,,,,,,,,0,0,0,0,16.0
NYG,DEF,NYG,13,SEA,,,,,,,,,,,,,,,,,,,,,,,0,0,0,0,12.0
NYJ,DEF,NYJ,13,LV,,,,,,,,,,,,,,,,,,,,,,,0,0,0,0,31.0
Nathan Cottrell,RB,JAX,13,MIN,0,0,0,0,0,0,0,0,0,0,0,0,0,0,0,0,0,0,0,0,0,0,,,,,
Nelson Agholor,WR,LV,13,NYJ,0,0,0,0,0,0,0,0,4,38,0,11,0,0,0,0,0,0,0,0,0,0,,,,,
Nick Chubb,RB,CLE,13,TEN,0,0,0,0,0,80,1,18,1,26,0,1,0,0,0,0,0,0,0,0,0,0,,,,,
Nick Folk,K,NE,13,LAC,0,0,0,0,0,0,0,0,0,0,0,0,0,0,0,0,0,1,0,0,0,6,,,,,
Nick Keizer,TE,KC,13,DEN,0,0,0,0,0,0,0,0,1,15,0,1,0,0,0,0,0,0,0,0,0,0,,,,,
Nick Mullens,QB,SF,13,BUF,316,3,39,26,2,0,0,0,0,0,0,0,0,0,0,0,0,0,0,0,0,0,,,,,
Nick Vannett,TE,DEN,13,KC,0,0,0,0,0,0,0,0,2,7,0,2,0,0,0,0,0,0,0,0,0,0,,,,,
Noah Brown,WR,DAL,13,BAL,0,0,0,0,0,0,0,0,3,40,0,4,0,0,0,0,0,0,0,0,0,0,,,,,
Noah Fant,TE,DEN,13,KC,0,0,0,0,0,0,0,0,4,57,0,7,0,0,0,0,0,0,0,0,0,0,,,,,
Nsimba Webster,WR,LA,13,ARI,0,0,0,0,0,0,0,0,0,0,0,0,0,0,0,0,0,0,0,0,0,0,,,,,
Nyheim Hines,RB,IND,13,HOU,0,0,0,0,0,10,1,6,3,22,0,3,0,0,0,0,0,0,0,0,0,0,,,,,
PHI,DEF,PHI,13,GB,,,,,,,,,,,,,,,,,,,,,,,0,0,0,0,30.0
PIT,DEF,PIT,13,WAS,,,,,,,,,,,,,,,,,,,,,,,0,0,0,0,23.0
Patrick Laird,RB,MIA,13,CIN,0,0,0,0,0,6,0,3,2,16,0,3,0,0,0,0,0,0,0,0,0,0,,,,,
Patrick Mahomes,QB,KC,13,DEN,318,1,40,25,0,26,0,4,0,0,0,0,0,0,0,0,0,0,0,0,0,0,,,,,
Patrick Ricard,RB,BAL,13,DAL,0,0,0,0,0,0,0,0,2,11,0,2,0,0,0,0,0,0,0,0,0,0,,,,,
Peyton Barber,RB,WAS,13,PIT,0,0,0,0,0,23,1,14,0,0,0,0,0,0,0,0,0,0,0,0,0,0,,,,,
Philip Rivers,QB,IND,13,HOU,285,2,35,27,0,-2,0,2,0,0,0,0,0,0,0,0,0,0,0,0,0,0,,,,,
Phillip Lindsay,RB,DEN,13,KC,0,0,0,0,0,26,0,14,0,0,0,1,0,0,0,0,0,0,0,0,0,0,,,,,
Quintez Cephus,WR,DET,13,CHI,0,0,0,0,0,0,0,0,2,63,1,4,0,0,0,0,0,0,0,0,0,0,,,,,
Raheem Mostert,RB,SF,13,BUF,0,0,0,0,0,42,0,9,1,1,0,1,0,0,0,0,0,0,0,0,0,0,,,,,
Randy Bullock,K,CIN,13,MIA,0,0,0,0,0,0,0,0,0,0,0,0,0,0,0,0,0,0,0,0,0,1,,,,,
Rashard Higgins,WR,CLE,13,TEN,0,0,0,0,0,0,0,0,6,95,1,9,0,0,0,0,0,0,0,0,0,0,,,,,
Ray-Ray McCloud,WR,PIT,13,WAS,0,0,0,0,0,0,0,0,2,4,0,3,0,0,0,0,0,0,0,0,0,0,,,,,
Richie James,WR,SF,13,BUF,0,0,0,0,0,0,0,0,0,0,0,0,0,0,0,0,0,0,0,0,0,0,,,,,
Robbie Gould,K,SF,13,BUF,0,0,0,0,0,0,0,0,0,0,0,0,0,0,0,0,0,0,1,0,0,3,,,,,
Robert Tonyan,TE,GB,13,PHI,0,0,0,0,0,0,0,0,4,39,1,5,0,0,0,0,0,0,0,0,0,0,,,,,
Robert Woods,WR,LA,13,ARI,0,0,0,0,0,0,0,0,10,85,0,11,0,0,0,0,0,0,0,0,0,0,,,,,
Rodrigo Blankenship,K,IND,13,HOU,0,0,0,0,0,0,0,0,0,0,0,0,0,0,0,0,0,0,1,0,0,3,,,,,
Ross Dwelley,TE,SF,13,BUF,0,0,0,0,0,0,0,0,2,29,0,2,0,0,0,0,0,0,0,0,0,0,,,,,
Russell Gage,WR,ATL,13,NO,0,0,0,0,0,0,0,0,4,51,1,8,0,0,0,0,0,0,0,0,0,0,,,,,
Russell Wilson,QB,SEA,13,NYG,263,1,43,27,1,45,0,7,0,0,0,0,0,0,0,0,0,0,0,0,0,0,,,,,
Ryan Finley,QB,CIN,13,MIA,40,0,7,6,1,0,0,0,0,0,0,0,0,0,0,0,0,0,0,0,0,0,,,,,
Ryan Griffin,TE,NYJ,13,LV,0,0,0,0,0,0,0,0,2,31,0,2,0,0,0,0,0,0,0,0,0,0,,,,,
Ryan Izzo,TE,NE,13,LAC,0,0,0,0,0,0,0,0,1,6,0,1,0,0,0,0,0,0,0,0,0,0,,,,,
Ryan Nall,RB,CHI,13,DET,0,0,0,0,0,0,0,0,0,0,0,0,0,0,0,0,0,0,0,0,0,0,,,,,
Ryan Tannehill,QB,TEN,13,CLE,389,3,45,29,1,0,0,0,0,0,0,0,0,0,1,0,0,0,0,0,0,0,,,,,
SEA,DEF,SEA,13,NYG,,,,,,,,,,,,,,,,,,,,,,,0,1,0,0,17.0
SF,DEF,SF,13,BUF,,,,,,,,,,,,,,,,,,,,,,,0,0,0,0,34.0
Sam Darnold,QB,NYJ,13,LV,186,2,23,14,1,26,1,3,0,0,0,0,0,0,1,0,0,0,0,0,0,0,,,,,
Samaje Perine,RB,CIN,13,MIA,0,0,0,0,0,7,0,3,0,0,0,0,0,0,0,0,0,0,0,0,0,0,,,,,
Sammy Watkins,WR,KC,13,DEN,0,0,0,0,0,0,0,0,4,35,0,6,0,0,0,0,0,0,0,0,0,0,,,,,
Sergio Castillo,K,NYJ,13,LV,0,0,0,0,0,0,0,0,0,0,0,0,0,0,0,0,0,0,0,0,0,2,,,,,
Sony Michel,RB,NE,13,LAC,0,0,0,0,0,35,0,10,1,23,0,1,0,0,0,0,0,0,0,0,0,0,,,,,
Stanley Morgan,WR,CIN,13,MIA,0,0,0,0,0,0,0,0,0,0,0,0,0,0,0,0,0,0,0,0,0,0,,,,,
Stefon Diggs,WR,BUF,13,SF,0,0,0,0,0,0,0,0,10,92,0,10,0,0,0,0,0,0,0,0,0,0,,,,,
Stephen Anderson,TE,LAC,13,NE,0,0,0,0,0,0,0,0,1,6,0,2,0,0,0,0,0,0,0,0,0,0,,,,,
Stephen Gostkowski,K,TEN,13,CLE,0,0,0,0,0,0,0,0,0,0,0,0,0,0,0,0,0,0,0,0,0,3,,,,,
Sterling Shepard,WR,NYG,13,SEA,0,0,0,0,0,0,0,0,1,22,0,6,0,0,1,0,0,0,0,0,0,0,,,,,
Steven Sims,WR,WAS,13,PIT,0,0,0,0,0,0,0,0,4,17,0,6,0,0,0,0,0,0,0,0,0,0,,,,,
T.J. Hockenson,TE,DET,13,CHI,0,0,0,0,0,0,0,0,7,84,0,9,0,0,0,0,0,0,0,0,0,0,,,,,
T.Y. Hilton,WR,IND,13,HOU,0,0,0,0,0,0,0,0,8,110,1,11,0,0,0,0,0,0,0,0,0,0,,,,,
TEN,DEF,TEN,13,CLE,,,,,,,,,,,,,,,,,,,,,,,0,0,0,0,41.0
Taysom Hill,TE,NO,13,ATL,232,2,37,27,0,83,0,14,0,0,0,0,0,0,0,0,0,0,0,0,0,0,,,,,
Tee Higgins,WR,CIN,13,MIA,0,0,0,0,0,0,0,0,5,56,0,8,0,0,0,0,0,0,0,0,0,0,,,,,
Terry McLaurin,WR,WAS,13,PIT,0,0,0,0,0,0,0,0,2,14,0,6,0,0,0,0,0,0,0,0,0,0,,,,,
Tevin Coleman,RB,SF,13,BUF,0,0,0,0,0,-11,0,2,0,0,0,0,0,0,0,0,0,0,0,0,0,0,,,,,
Theo Riddick,RB,LV,13,NYJ,0,0,0,0,0,6,0,3,1,3,0,1,0,0,0,0,0,0,0,0,0,0,,,,,
Tim Patrick,WR,DEN,13,KC,0,0,0,0,0,0,0,0,4,44,2,4,0,0,0,0,0,0,0,0,0,0,,,,,
Todd Gurley,RB,ATL,13,NO,0,0,0,0,0,16,0,8,1,4,0,1,0,0,0,0,0,0,0,0,0,0,,,,,
Tommylee Lewis,WR,NO,13,ATL,0,0,0,0,0,16,0,1,0,0,0,1,0,0,0,0,0,0,0,0,0,0,,,,,
Tony Pollard,RB,DAL,13,BAL,0,0,0,0,0,22,0,8,1,6,0,1,0,0,0,0,0,0,0,0,0,0,,,,,
Travis Fulgham,WR,PHI,13,GB,0,0,0,0,0,0,0,0,0,0,0,2,0,0,0,0,0,0,0,0,0,0,,,,,
Travis Kelce,TE,KC,13,DEN,0,0,0,0,0,0,0,0,8,136,1,12,0,0,0,0,0,0,0,0,0,0,,,,,
Tre'Quan Smith,WR,NO,13,ATL,0,0,0,0,0,3,0,1,3,42,1,6,0,0,0,0,0,0,0,0,0,0,,,,,
Trent Sherfield,WR,ARI,13,LA,0,0,0,0,0,0,0,0,0,0,0,0,0,0,0,0,0,0,0,0,0,0,,,,,
Trey Burton,TE,IND,13,HOU,0,0,0,0,0,0,0,0,1,11,0,3,0,0,0,0,0,0,0,0,0,0,,,,,
Troy Fumagalli,TE,DEN,13,KC,0,0,0,0,0,0,0,0,0,0,0,1,0,0,0,0,0,0,0,0,0,0,,,,,
Tua Tagovailoa,QB,MIA,13,CIN,296,1,39,26,0,3,0,3,0,0,0,0,0,0,0,0,0,0,0,0,0,0,,,,,
Ty Johnson,RB,NYJ,13,LV,0,0,0,0,0,104,1,22,2,13,0,2,0,0,0,0,0,0,0,0,0,0,,,,,
Tyler Bass,K,BUF,13,SF,0,0,0,0,0,0,0,0,0,0,0,0,0,0,0,0,1,1,0,0,0,4,,,,,
Tyler Boyd,WR,CIN,13,MIA,0,0,1,0,0,0,0,0,1,72,1,4,0,0,0,0,0,0,0,0,0,0,,,,,
Tyler Conklin,TE,MIN,13,JAX,0,0,0,0,0,0,0,0,1,10,0,1,0,0,0,0,0,0,0,0,0,0,,,,,
Tyler Eifert,TE,JAX,13,MIN,0,0,0,0,0,0,0,0,6,45,0,6,0,0,0,0,0,0,0,0,0,0,,,,,
Tyler Ervin,RB,GB,13,PHI,0,0,0,0,0,0,0,0,0,0,0,0,0,0,0,0,0,0,0,0,0,0,,,,,
Tyler Higbee,TE,LA,13,ARI,0,0,0,0,0,0,0,0,4,24,1,6,0,0,0,0,0,0,0,0,0,0,,,,,
Tyler Lockett,WR,SEA,13,NYG,0,0,0,0,0,0,0,0,6,63,0,9,0,0,0,0,0,0,0,0,0,0,,,,,
Tyreek Hill,WR,KC,13,DEN,0,0,0,0,0,30,0,1,6,58,0,11,0,0,0,0,0,0,0,0,0,0,,,,,
Tyrie Cleveland,WR,DEN,13,KC,0,0,0,0,0,0,0,0,1,11,0,1,0,0,0,0,0,0,0,0,0,0,,,,,
Tyron Johnson,WR,LAC,13,NE,0,0,0,0,0,0,0,0,1,1,0,1,0,0,0,0,0,0,0,0,0,0,,,,,
Van Jefferson,WR,LA,13,ARI,0,0,0,0,0,0,0,0,4,27,0,5,0,0,0,0,0,0,0,0,0,0,,,,,
WAS,DEF,WAS,13,PIT,,,,,,,,,,,,,,,,,,,,,,,0,0,0,0,17.0
Wayne Gallman,RB,NYG,13,SEA,0,0,0,0,0,135,0,16,0,0,0,0,0,0,0,0,0,0,0,0,0,0,,,,,
Wil Lutz,K,NO,13,ATL,0,0,0,0,0,0,0,0,0,0,0,0,0,0,0,0,0,0,0,0,0,3,,,,,
Will Dissly,TE,SEA,13,NYG,0,0,0,0,0,0,0,0,4,28,0,5,0,0,0,0,0,0,0,0,0,0,,,,,
Younghoe Koo,K,ATL,13,NO,0,0,0,0,0,0,0,0,0,0,0,0,0,0,0,0,1,1,0,1,0,1,,,,,
Zach Ertz,TE,PHI,13,GB,0,0,0,0,0,0,0,0,2,31,0,4,0,0,0,0,0,0,0,0,0,0,,,,,
Zach Pascal,WR,IND,13,HOU,0,0,0,0,0,0,0,0,1,11,0,1,0,0,0,0,0,0,0,0,0,0,,,,,
Zack Moss,RB,BUF,13,SF,0,0,0,0,0,9,0,3,1,5,0,1,0,0,0,0,0,0,0,0,0,0,,,,,
Zane Gonzalez,K,ARI,13,LA,0,0,0,0,0,0,0,0,0,0,0,0,0,0,0,0,0,0,0,0,0,4,,,,,
Zay Jones,WR,LV,13,NYJ,0,0,0,0,0,0,0,0,0,0,0,1,0,0,0,0,0,0,0,0,0,0,,,,,
A.J. Brown,WR,TEN,14,JAX,0,0,0,0,0,0,0,0,7,112,1,9,0,0,0,0,0,0,0,0,0,0,,,,,
A.J. Green,WR,CIN,14,DAL,0,0,0,0,0,0,0,0,6,62,1,7,0,0,0,0,0,0,0,0,0,0,,,,,
AJ McCarron,QB,HOU,14,CHI,0,0,0,0,0,0,0,0,0,0,0,0,0,0,0,0,0,0,0,0,0,0,,,,,
ARI,DEF,ARI,14,NYG,,,,,,,,,,,,,,,,,,,,,,,0,0,0,0,7.0
ATL,DEF,ATL,14,LAC,,,,,,,,,,,,,,,,,,,,,,,0,0,0,0,20.0
Aaron Jones,RB,GB,14,DET,0,0,0,0,0,69,0,15,2,6,0,3,0,0,0,0,0,0,0,0,0,0,,,,,
Aaron Rodgers,QB,GB,14,DET,290,3,33,26,0,13,1,6,0,0,0,0,0,0,0,0,0,0,0,0,0,0,,,,,
Adam Shaheen,TE,MIA,14,KC,0,0,0,0,0,0,0,0,2,26,0,3,0,0,0,0,0,0,0,0,0,0,,,,,
Adam Thielen,WR,MIN,14,TB,0,0,0,0,0,0,0,0,3,39,0,4,0,0,0,0,0,0,0,0,0,0,,,,,
Adam Trautman,TE,NO,14,PHI,0,0,0,0,0,0,0,0,1,12,0,1,0,0,0,0,0,0,0,0,0,0,,,,,
Adrian Peterson,RB,DET,14,GB,0,0,0,0,0,7,0,4,1,23,0,1,0,0,0,0,0,0,0,0,0,0,,,,,
Aldrick Rosas,K,JAX,14,TEN,0,0,0,0,0,0,0,0,0,0,0,0,0,0,0,0,0,0,0,1,0,1,,,,,
Alex Armah,RB,CAR,14,DEN,0,0,0,0,0,0,0,0,1,0,0,1,0,0,0,0,0,0,0,0,0,0,,,,,
Alex Erickson,WR,CIN,14,DAL,0,0,0,0,0,0,0,1,1,9,0,1,0,0,0,0,0,0,0,0,0,0,,,,,
Alex Smith,QB,WAS,14,SF,57,0,19,8,1,0,0,0,0,0,0,0,0,0,0,0,0,0,0,0,0,0,,,,,
Alfred Morris,RB,NYG,14,ARI,0,0,0,0,0,7,0,3,0,0,0,0,0,0,0,0,0,0,0,0,0,0,,,,,
Allen Lazard,WR,GB,14,DET,0,0,0,0,0,0,0,0,2,19,0,3,0,0,0,0,0,0,0,0,0,0,,,,,
Allen Robinson,WR,CHI,14,HOU,0,0,0,0,0,0,0,0,9,123,1,13,0,0,0,0,0,0,0,0,0,0,,,,,
Alshon Jeffery,WR,PHI,14,NO,0,0,0,0,0,0,0,0,1,15,1,1,0,0,0,0,0,0,0,0,0,0,,,,,
Alvin Kamara,RB,NO,14,PHI,0,0,0,0,0,50,1,11,7,44,0,10,0,0,0,0,0,0,0,0,0,0,,,,,
Amari Cooper,WR,DAL,14,CIN,0,0,0,0,0,0,0,0,4,51,1,5,0,0,0,0,0,0,0,0,0,0,,,,,
Ameer Abdullah,RB,MIN,14,TB,0,0,0,0,0,11,0,3,2,10,0,2,0,0,0,0,0,0,0,0,0,0,,,,,
Andre Roberts,WR,BUF,14,PIT,0,0,0,0,0,0,0,0,0,0,0,0,0,0,0,0,0,0,0,0,0,0,,,,,
Andy Dalton,QB,DAL,14,CIN,185,2,23,16,0,-1,0,1,0,0,0,0,0,0,0,0,0,0,0,0,0,0,,,,,
Anthony Firkser,TE,TEN,14,JAX,0,0,0,0,0,0,0,0,1,5,0,1,0,0,0,0,0,0,0,0,0,0,,,,,
Anthony Miller,WR,CHI,14,HOU,0,0,0,0,0,0,0,0,2,16,0,2,0,0,0,0,0,0,0,0,0,0,,,,,
Antonio Brown,WR,TB,14,MIN,0,0,0,0,0,0,0,0,5,49,0,5,0,0,0,0,0,0,0,0,0,0,,,,,
Antonio Callaway,WR,MIA,14,KC,0,0,0,0,0,0,0,0,0,0,0,2,0,0,0,0,0,0,0,0,0,0,,,,,
Antony Auclair,TE,TB,14,MIN,0,0,0,0,0,0,0,0,0,0,0,1,0,0,0,0,0,0,0,0,0,0,,,,,
Austin Ekeler,RB,LAC,14,ATL,0,0,0,0,0,79,0,15,9,67,0,9,0,0,0,0,0,0,0,0,0,0,,,,,
Austin Seibert,K,CIN,14,DAL,0,0,0,0,0,0,0,0,0,0,0,0,0,0,0,0,0,0,0,0,0,1,,,,,
BAL,DEF,BAL,14,CLE,,,,,,,,,,,,,,,,,,,,,,,0,1,0,0,42.0
BUF,DEF,BUF,14,PIT,,,,,,,,,,,,,,,,,,,,,,,1,0,0,0,15.0
Baker Mayfield,QB,CLE,14,BAL,343,2,47,28,1,23,1,5,0,0,0,0,0,0,1,0,0,0,0,0,0,0,,,,,
Ben Roethlisberger,QB,PIT,14,BUF,187,2,37,21,2,0,0,0,0,0,0,0,0,0,1,0,0,0,0,0,0,0,,,,,
Benny Snell,RB,PIT,14,BUF,0,0,0,0,0,14,0,3,0,0,0,0,0,0,0,0,0,0,0,0,0,0,,,,,
Blake Bell,TE,DAL,14,CIN,0,0,0,0,0,0,0,0,1,11,0,1,0,0,0,0,0,0,0,0,0,0,,,,,
Boston Scott,RB,PHI,14,NO,0,0,0,0,0,6,0,3,1,11,0,1,0,0,0,0,0,0,0,0,0,0,,,,,
Brandon Aiyuk,WR,SF,14,WAS,0,0,0,0,0,0,0,0,10,119,0,16,0,0,0,0,0,0,0,0,0,0,,,,,
Brandon Allen,QB,CIN,14,DAL,217,1,36,27,0,12,0,4,0,0,0,0,0,0,0,0,0,0,0,0,0,0,,,,,
Brandon McManus,K,DEN,14,CAR,0,0,0,0,0,0,0,0,0,0,0,0,0,0,0,0,0,0,0,0,0,2,,,,,
Brandon Powell,WR,ATL,14,LAC,0,0,0,0,0,0,0,0,1,9,0,1,0,0,0,0,0,0,0,0,0,0,,,,,
Brandon Zylstra,WR,CAR,14,DEN,0,0,0,0,0,0,0,0,1,3,0,2,0,0,0,0,0,0,0,0,0,0,,,,,
Braxton Berrios,WR,NYJ,14,SEA,0,0,0,0,0,0,0,0,3,49,0,5,0,0,0,0,0,0,0,0,0,0,,,,,
Breshad Perriman,WR,NYJ,14,SEA,0,0,0,0,0,0,0,0,3,26,0,7,0,0,0,0,0,0,0,0,0,0,,,,,
Brian Hill,RB,ATL,14,LAC,0,0,0,0,0,3,0,1,1,12,0,1,0,0,0,0,0,0,0,0,0,0,,,,,
Buddy Howell,RB,HOU,14,CHI,0,0,0,0,0,42,0,11,1,3,0,2,0,0,0,0,0,0,0,0,0,0,,,,,
C.J. Board,WR,NYG,14,ARI,0,0,0,0,0,0,0,0,0,0,0,0,0,0,0,0,0,0,0,0,0,0,,,,,
C.J. Prosise,RB,HOU,14,CHI,0,0,0,0,0,2,0,1,1,10,0,1,0,0,0,0,0,0,0,0,0,0,,,,,
CAR,DEF,CAR,14,DEN,,,,,,,,,,,,,,,,,,,,,,,0,0,0,0,32.0
CHI,DEF,CHI,14,HOU,,,,,,,,,,,,,,,,,,,,,,,0,1,0,0,7.0
CIN,DEF,CIN,14,DAL,,,,,,,,,,,,,,,,,,,,,,,0,0,0,0,30.0
CLE,DEF,CLE,14,BAL,,,,,,,,,,,,,,,,,,,,,,,0,0,0,0,47.0
Cairo Santos,K,CHI,14,HOU,0,0,0,0,0,0,0,0,0,0,0,0,0,0,0,0,0,2,0,0,0,4,,,,,
Calvin Ridley,WR,ATL,14,LAC,0,0,0,0,0,0,0,0,8,124,1,12,0,0,0,0,0,0,0,0,0,0,,,,,
Cam Akers,RB,LA,14,NE,0,0,0,0,0,171,0,29,2,23,0,3,0,0,0,0,0,0,0,0,0,0,,,,,
Cam Newton,QB,NE,14,LA,119,0,16,9,1,16,0,7,0,0,0,0,0,0,0,0,0,0,0,0,0,0,,,,,
Cam Sims,WR,WAS,14,SF,0,0,0,0,0,5,0,1,1,8,0,2,0,0,0,0,0,0,0,0,0,0,,,,,
Cameron Brate,TE,TB,14,MIN,0,0,0,0,0,0,0,0,1,9,0,1,0,0,0,0,0,0,0,0,0,0,,,,,
Carlos Hyde,RB,SEA,14,NYJ,0,0,0,0,0,66,0,15,0,0,0,0,0,0,0,0,0,0,0,0,0,0,,,,,
CeeDee Lamb,WR,DAL,14,CIN,0,0,0,0,0,15,0,1,2,46,0,2,0,0,0,0,0,0,0,0,0,0,,,,,
Cethan Carter,TE,CIN,14,DAL,0,0,0,0,0,0,0,0,0,0,0,0,0,0,0,0,0,0,0,0,0,0,,,,,
Chad Beebe,WR,MIN,14,TB,0,0,0,0,0,0,0,0,0,0,0,3,0,0,0,0,0,0,0,0,0,0,,,,,
Chad Hansen,WR,HOU,14,CHI,0,0,0,0,0,0,0,0,7,56,0,7,0,0,0,0,0,0,0,0,0,0,,,,,
Charlie Woerner,TE,SF,14,WAS,0,0,0,0,0,0,0,0,0,0,0,1,0,0,0,0,0,0,0,0,0,0,,,,,
Chase Claypool,WR,PIT,14,BUF,0,0,0,0,0,0,0,0,3,15,0,6,0,0,0,0,0,0,0,0,0,0,,,,,
Chase Daniel,QB,DET,14,GB,29,0,6,3,0,0,0,0,0,0,0,0,0,0,0,0,0,0,0,0,0,0,,,,,
Chase Edmonds,RB,ARI,14,NYG,0,0,0,0,0,32,0,7,4,21,0,5,0,0,0,0,0,0,0,0,0,0,,,,,
Chris Boswell,K,PIT,14,BUF,0,0,0,0,0,0,0,0,0,0,0,0,0,0,0,0,0,0,0,0,0,1,,,,,
Chris Carson,RB,SEA,14,NYJ,0,0,0,0,0,76,1,12,3,22,0,5,0,0,0,0,0,0,0,0,0,0,,,,,
Chris Godwin Jr.,WR,TB,14,MIN,0,0,0,0,0,0,0,0,2,25,0,3,0,0,0,0,0,0,0,0,0,0,,,,,
Chris Herndon,TE,NYJ,14,SEA,0,0,0,0,0,0,0,0,1,9,0,1,0,0,0,0,0,0,0,0,0,0,,,,,
Christian Kirk,WR,ARI,14,NYG,0,0,0,0,0,0,0,0,3,14,0,4,0,0,0,0,0,0,0,0,0,0,,,,,
Clyde Edwards-Helaire,RB,KC,14,MIA,0,0,0,0,0,32,0,16,5,59,0,6,0,0,0,0,0,0,0,0,0,0,,,,,
Cody Parkey,K,CLE,14,BAL,0,0,0,0,0,0,0,0,0,0,0,0,0,0,0,0,0,0,0,0,0,4,,,,,
Colby Parkinson,TE,SEA,14,NYJ,0,0,0,0,0,0,0,0,2,16,0,2,0,0,0,0,0,0,0,0,0,0,,,,,
Cole Beasley,WR,BUF,14,PIT,0,0,0,0,0,0,0,0,5,41,0,10,0,0,0,0,0,0,0,0,0,0,,,,,
Cole Kmet,TE,CHI,14,HOU,0,0,0,0,0,0,0,0,4,41,0,7,0,0,0,0,0,0,0,0,0,0,,,,,
Collin Johnson,WR,JAX,14,TEN,0,0,0,0,0,0,0,0,2,33,0,3,0,0,0,0,0,0,0,0,0,0,,,,,
Colt McCoy,QB,NYG,14,ARI,18,0,3,2,0,0,0,0,0,0,0,0,0,0,0,0,0,0,0,0,0,0,,,,,
Cooper Kupp,WR,LA,14,NE,0,0,0,0,0,0,0,0,5,33,1,5,0,0,0,0,0,0,0,0,0,0,,,,,
Cordarrelle Patterson,RB,CHI,14,HOU,0,0,0,0,0,26,0,6,0,0,0,1,0,0,0,0,0,0,0,0,0,0,,,,,
Corey Davis,WR,TEN,14,JAX,0,0,0,0,0,0,0,0,3,34,0,3,0,0,0,0,0,0,0,0,0,0,,,,,
Curtis Samuel,WR,CAR,14,DEN,0,0,0,0,0,22,0,2,7,68,0,9,0,0,0,0,0,0,0,0,0,0,,,,,
D'Andre Swift,RB,DET,14,GB,0,0,0,0,0,24,1,7,4,26,0,5,0,0,0,0,0,0,0,0,0,0,,,,,
D'Ernest Johnson,RB,CLE,14,BAL,0,0,0,0,0,0,0,0,0,0,0,0,0,0,0,0,0,0,0,0,0,0,,,,,
DAL,DEF,DAL,14,CIN,,,,,,,,,,,,,,,,,,,,,,,0,0,0,0,7.0
DEN,DEF,DEN,14,CAR,,,,,,,,,,,,,,,,,,,,,,,0,0,0,0,27.0
DET,DEF,DET,14,GB,,,,,,,,,,,,,,,,,,,,,,,0,0,0,0,31.0
DJ Chark,WR,JAX,14,TEN,0,0,0,0,0,0,0,0,2,16,0,9,0,0,0,0,0,0,0,0,0,0,,,,,
DK Metcalf,WR,SEA,14,NYJ,0,0,0,0,0,0,0,0,6,61,1,8,0,0,0,0,0,0,0,0,0,0,,,,,
DaeSean Hamilton,WR,DEN,14,CAR,0,0,0,0,0,0,0,0,1,13,0,1,0,0,0,0,0,0,0,0,0,0,,,,,
Dallas Goedert,TE,PHI,14,NO,0,0,0,0,0,0,0,0,4,43,0,6,0,0,0,0,0,0,0,0,0,0,,,,,
Dalton Schultz,TE,DAL,14,CIN,0,0,0,0,0,0,0,0,3,34,0,3,0,0,0,0,0,0,0,0,0,0,,,,,
Dalvin Cook,RB,MIN,14,TB,0,0,0,0,0,102,1,22,2,8,0,4,0,0,0,0,0,0,0,0,0,0,,,,,
Damien Harris,RB,NE,14,LA,0,0,0,0,0,50,0,11,1,0,0,2,0,0,0,0,0,0,0,0,0,0,,,,,
Damiere Byrd,WR,NE,14,LA,0,0,0,0,0,0,0,0,5,48,0,8,0,0,0,0,0,0,0,0,0,0,,,,,
Dan Arnold,TE,ARI,14,NYG,0,0,0,0,0,0,0,0,2,27,1,4,0,0,0,0,0,0,0,0,0,0,,,,,
Dan Bailey,K,MIN,14,TB,0,0,0,0,0,0,0,0,0,0,0,0,0,0,0,0,0,0,0,0,0,0,,,,,
Daniel Carlson,K,LV,14,IND,0,0,0,0,0,0,0,0,0,0,0,0,0,0,0,0,2,0,0,0,0,3,,,,,
Daniel Jones,QB,NYG,14,ARI,127,0,21,11,0,0,0,0,0,0,0,0,0,0,0,0,0,0,0,0,0,0,,,,,
Danny Amendola,WR,DET,14,GB,0,0,0,0,0,0,0,0,6,66,0,7,0,0,0,0,0,0,0,0,0,0,,,,,
Dare Ogunbowale,RB,JAX,14,TEN,0,0,0,0,0,0,0,0,1,12,0,1,0,0,0,0,0,0,0,0,0,0,,,,,
Darius Slayton,WR,NYG,14,ARI,0,0,0,0,0,0,0,0,3,31,0,8,0,0,0,0,0,0,0,0,0,0,,,,,
Darnell Mooney,WR,CHI,14,HOU,0,0,0,0,0,5,0,1,2,22,1,2,0,0,0,0,0,0,0,0,0,0,,,,,
Darrell Henderson,RB,LA,14,NE,0,0,0,0,0,5,0,2,0,0,0,0,0,0,0,0,0,0,0,0,0,0,,,,,
Darren Fells,TE,HOU,14,CHI,0,0,0,0,0,0,0,0,1,15,0,1,0,0,0,0,0,0,0,0,0,0,,,,,
Darren Waller,TE,LV,14,IND,0,0,0,0,0,0,0,0,7,75,0,10,0,0,0,0,0,0,0,0,0,0,,,,,
Davante Adams,WR,GB,14,DET,0,0,0,0,0,0,0,0,7,115,1,10,0,0,0,0,0,0,0,0,0,0,,,,,
David Montgomery,RB,CHI,14,HOU,0,0,0,0,0,113,1,11,3,42,0,4,0,0,0,0,0,0,0,0,0,0,,,,,
David Moore,WR,SEA,14,NYJ,0,0,0,0,0,9,0,1,3,20,1,5,0,0,0,0,0,0,0,0,0,0,,,,,
David Njoku,TE,CLE,14,BAL,0,0,0,0,0,0,0,0,3,45,0,4,0,0,0,0,0,0,0,0,0,0,,,,,
Dawson Knox,TE,BUF,14,PIT,0,0,0,0,0,0,0,0,4,34,0,7,0,0,0,0,0,0,0,0,0,0,,,,,
DeAndre Hopkins,WR,ARI,14,NYG,0,0,0,0,0,0,0,0,9,136,0,11,0,0,0,0,0,0,0,0,0,0,,,,,
DeAndre Washington,RB,MIA,14,KC,0,0,0,0,0,35,0,13,2,17,0,4,0,0,0,0,0,0,0,0,0,0,,,,,
DeVante Parker,WR,MIA,14,KC,0,0,0,0,0,0,0,0,0,0,0,2,0,0,0,0,0,0,0,0,0,0,,,,,
DeeJay Dallas,RB,SEA,14,NYJ,0,0,0,0,0,7,0,4,0,0,0,0,0,0,0,0,0,0,0,0,0,0,,,,,
Deebo Samuel Sr.,WR,SF,14,WAS,0,0,0,0,0,9,0,1,0,0,0,0,0,0,0,0,0,0,0,0,0,0,,,,,
Demarcus Robinson,WR,KC,14,MIA,0,0,0,0,0,0,0,0,1,13,0,1,0,0,0,0,0,0,0,0,0,0,,,,,
Derek Carr,QB,LV,14,IND,316,2,45,31,2,12,1,3,0,0,0,0,0,0,0,0,0,0,0,0,0,0,,,,,
Derrick Henry,RB,TEN,14,JAX,0,0,0,0,0,215,2,26,2,7,0,2,0,0,0,0,0,0,0,0,0,0,,,,,
Deshaun Watson,QB,HOU,14,CHI,219,1,30,21,0,38,0,7,0,0,0,0,0,0,0,0,0,0,0,0,0,0,,,,,
Devin Asiasi,TE,NE,14,LA,0,0,0,0,0,0,0,0,0,0,0,1,0,0,0,0,0,0,0,0,0,0,,,,,
Devin Duvernay,WR,BAL,14,CLE,0,0,0,0,0,0,0,0,0,0,0,0,0,0,0,0,0,0,0,0,0,0,,,,,
Devin Singletary,RB,BUF,14,PIT,0,0,0,0,0,32,0,7,1,2,0,1,0,0,0,0,0,0,0,0,0,0,,,,,
Devine Ozigbo,RB,JAX,14,TEN,0,0,0,0,0,0,0,0,4,30,0,4,0,0,0,0,0,0,0,0,0,0,,,,,
Devontae Booker,RB,LV,14,IND,0,0,0,0,0,8,0,4,3,11,0,3,0,0,0,0,0,0,0,0,0,0,,,,,
Dion Lewis,RB,NYG,14,ARI,0,0,0,0,0,14,1,2,0,0,0,0,0,0,0,0,0,0,0,0,0,0,,,,,
Diontae Johnson,WR,PIT,14,BUF,0,0,0,0,0,0,0,0,4,40,0,7,0,0,0,0,0,0,0,0,0,0,,,,,
Diontae Spencer,WR,DEN,14,CAR,0,0,0,0,0,0,0,0,0,0,0,0,1,0,0,0,0,0,0,0,0,0,,,,,
Donovan Peoples-Jones,WR,CLE,14,BAL,0,0,0,0,0,0,0,0,3,74,0,5,0,0,1,0,0,0,0,0,0,0,,,,,
Drew Lock,QB,DEN,14,CAR,280,4,27,21,0,4,0,6,0,0,0,0,0,0,0,0,0,0,0,0,0,0,,,,,
Drew Sample,TE,CIN,14,DAL,0,0,0,0,0,0,0,0,3,21,0,4,0,0,0,0,0,0,0,0,0,0,,,,,
Duke Johnson,RB,HOU,14,CHI,0,0,0,0,0,26,0,8,2,53,0,2,0,0,0,0,0,0,0,0,0,0,,,,,
Durham Smythe,TE,MIA,14,KC,0,0,0,0,0,0,0,0,2,19,0,3,0,0,0,0,0,0,0,0,0,0,,,,,
Dustin Hopkins,K,WAS,14,SF,0,0,0,0,0,0,0,0,0,0,0,0,0,0,0,0,1,1,0,1,0,2,,,,,
Dwayne Haskins,QB,WAS,14,SF,51,0,12,7,0,-12,0,4,0,0,0,0,0,0,0,0,0,0,0,0,0,0,,,,,
Emmanuel Sanders,WR,NO,14,PHI,0,0,0,0,0,0,0,0,3,48,1,5,0,0,0,0,0,0,0,0,0,0,,,,,
Equanimeous St. Brown,WR,GB,14,DET,0,0,0,0,0,0,0,0,1,15,0,1,0,0,0,0,0,0,0,0,0,0,,,,,
Eric Ebron,TE,PIT,14,BUF,0,0,0,0,0,0,0,0,2,30,0,5,0,0,1,0,0,0,0,0,0,0,,,,,
Eric Saubert,TE,JAX,14,TEN,0,0,0,0,0,0,0,0,1,4,0,1,0,0,0,0,0,0,0,0,0,0,,,,,
Evan Engram,TE,NYG,14,ARI,0,0,0,0,0,0,0,0,2,18,0,4,0,0,0,0,0,0,0,0,0,0,,,,,
Ezekiel Elliott,RB,DAL,14,CIN,0,0,0,0,0,48,0,12,2,11,0,3,0,0,0,0,0,0,0,0,0,0,,,,,
Foster Moreau,TE,LV,14,IND,0,0,0,0,0,0,0,0,1,47,1,2,0,0,0,0,0,0,0,0,0,0,,,,,
Frank Gore,RB,NYJ,14,SEA,0,0,0,0,0,23,0,8,1,8,0,1,0,0,0,0,0,0,0,0,0,0,,,,,
Freddie Swain,WR,SEA,14,NYJ,0,0,0,0,0,0,0,0,2,22,1,3,0,0,0,0,0,0,0,0,0,0,,,,,
GB,DEF,GB,14,DET,,,,,,,,,,,,,,,,,,,,,,,0,0,0,0,24.0
Gabe Davis,WR,BUF,14,PIT,0,0,0,0,0,0,0,0,3,19,1,8,0,0,0,0,0,0,0,0,0,0,,,,,
Gardner Minshew,QB,JAX,14,TEN,178,1,31,18,0,22,0,2,0,0,0,0,0,0,0,0,0,0,0,0,0,0,,,,,
Geno Smith,QB,SEA,14,NYJ,33,0,5,4,0,-2,0,2,0,0,0,0,0,0,0,0,0,0,0,0,0,0,,,,,
Geoff Swaim,TE,TEN,14,JAX,0,0,0,0,0,0,0,0,3,34,1,3,0,0,0,0,0,0,0,0,0,0,,,,,
Gerald Everett,TE,LA,14,NE,0,0,0,0,0,0,0,0,1,9,0,3,0,0,0,0,0,0,0,0,0,0,,,,,
Giovani Bernard,RB,CIN,14,DAL,0,0,0,0,0,8,0,3,3,15,0,3,0,0,0,0,0,0,0,0,0,0,,,,,
Golden Tate,WR,NYG,14,ARI,0,0,0,0,0,0,0,0,1,39,0,2,0,0,0,0,0,0,0,0,0,0,,,,,
Graham Gano,K,NYG,14,ARI,0,0,0,0,0,0,0,0,0,0,0,0,0,0,0,0,0,0,0,0,0,1,,,,,
Greg Ward,WR,PHI,14,NO,0,0,0,0,0,0,0,0,2,20,0,5,0,0,0,0,0,0,0,0,0,0,,,,,
Greg Zuerlein,K,DAL,14,CIN,0,0,0,0,0,0,0,0,0,0,0,0,0,0,0,0,1,1,0,1,0,3,,,,,
Gunner Olszewski,WR,NE,14,LA,0,0,0,0,0,0,0,0,0,0,0,0,0,0,0,0,0,0,0,0,0,0,,,,,
Gus Edwards,RB,BAL,14,CLE,0,0,0,0,0,49,2,7,1,4,0,1,0,0,0,0,0,0,0,0,0,0,,,,,
HOU,DEF,HOU,14,CHI,,,,,,,,,,,,,,,,,,,,,,,0,0,0,0,36.0
Harrison Bryant,TE,CLE,14,BAL,0,0,0,0,0,0,0,0,3,18,0,6,0,0,0,0,0,0,0,0,0,0,,,,,
Harrison Butker,K,KC,14,MIA,0,0,0,0,0,0,0,0,0,0,0,0,0,0,0,0,0,0,1,0,0,4,,,,,
Hayden Hurst,TE,ATL,14,LAC,0,0,0,0,0,0,0,0,1,7,0,3,0,0,0,0,0,0,0,0,0,0,,,,,
Henry Ruggs III,WR,LV,14,IND,0,0,0,0,0,0,0,0,3,18,0,3,0,0,0,0,0,0,0,0,0,0,,,,,
Hunter Henry,TE,LAC,14,ATL,0,0,0,0,0,0,0,0,6,41,0,8,0,0,0,0,0,0,0,0,0,0,,,,,
Hunter Renfrow,WR,LV,14,IND,0,0,0,0,0,0,0,0,5,38,0,7,0,0,0,0,0,0,0,0,0,0,,,,,
IND,DEF,IND,14,LV,,,,,,,,,,,,,,,,,,,,,,,1,0,0,0,27.0
Ian Thomas,TE,CAR,14,DEN,0,0,0,0,0,0,0,0,3,20,0,4,0,0,0,0,0,0,0,0,0,0,,,,,
Irv Smith,TE,MIN,14,TB,0,0,0,0,0,0,0,0,4,63,1,4,0,0,0,0,0,0,0,0,0,0,,,,,
Isaiah McKenzie,WR,BUF,14,PIT,0,0,0,0,0,0,0,0,1,12,0,1,0,0,0,0,0,0,0,0,0,0,,,,,
Isaiah Wright,WR,WAS,14,SF,0,0,1,0,0,0,0,0,1,9,0,1,0,0,0,0,0,0,0,0,0,0,,,,,
Ito Smith,RB,ATL,14,LAC,0,0,0,0,0,42,0,11,1,3,0,1,0,0,0,0,0,0,0,0,0,0,,,,,
J.D. McKissic,RB,WAS,14,SF,0,0,0,0,0,68,0,11,2,18,0,4,0,0,0,0,0,0,0,0,0,0,,,,,
J.K. Dobbins,RB,BAL,14,CLE,0,0,0,0,0,53,1,13,0,0,0,0,0,0,1,0,0,0,0,0,0,0,,,,,
J.P. Holtz,TE,CHI,14,HOU,0,0,0,0,0,0,0,0,0,0,0,0,0,0,0,0,0,0,0,0,0,0,,,,,
JAX,DEF,JAX,14,TEN,,,,,,,,,,,,,,,,,,,,,,,0,0,0,0,31.0
Jack Doyle,TE,IND,14,LV,0,0,0,0,0,0,0,0,3,44,0,3,0,0,0,0,0,0,0,0,0,0,,,,,
Jacob Hollister,TE,SEA,14,NYJ,0,0,0,0,0,0,0,0,1,20,0,1,0,0,0,0,0,0,0,0,0,0,,,,,
Jacoby Brissett,QB,IND,14,LV,0,0,0,0,0,-2,0,2,0,0,0,0,0,0,0,0,0,0,0,0,0,0,,,,,
Jaeden Graham,TE,ATL,14,LAC,0,0,0,0,0,0,0,0,1,7,0,1,0,0,0,0,0,0,0,0,0,0,,,,,
Jake Elliott,K,PHI,14,NO,0,0,0,0,0,0,0,0,0,0,0,0,0,0,0,0,0,0,1,0,0,3,,,,,
Jakeem Grant,WR,MIA,14,KC,0,0,0,0,0,0,0,0,3,32,0,5,0,0,0,0,0,0,0,0,0,0,,,,,
Jakobi Meyers,WR,NE,14,LA,0,0,0,0,0,0,0,0,4,47,0,5,0,0,0,0,0,0,0,0,0,0,,,,,
Jaleel Scott,WR,NYJ,14,SEA,0,0,0,0,0,0,0,0,1,16,0,1,0,0,0,0,0,0,0,0,0,0,,,,,
Jalen Guyton,WR,LAC,14,ATL,0,0,0,0,0,0,0,0,1,8,0,3,0,0,0,0,0,0,0,0,0,0,,,,,
Jalen Hurts,QB,PHI,14,NO,167,1,30,17,0,106,0,18,0,0,0,0,0,0,0,0,0,0,0,0,0,0,,,,,
Jalen Reagor,WR,PHI,14,NO,0,0,0,0,0,19,0,1,2,46,0,4,0,0,0,0,0,0,0,0,0,0,,,,,
Jalen Richard,RB,LV,14,IND,0,0,0,0,0,10,0,2,4,31,0,5,0,0,0,0,0,0,0,0,0,0,,,,,
Jamaal Williams,RB,GB,14,DET,0,0,0,0,0,38,0,10,0,0,0,0,0,0,0,0,0,0,0,0,0,0,,,,,
Jamal Agnew,WR,DET,14,GB,0,0,0,0,0,11,0,1,1,4,0,1,0,0,0,0,0,0,0,0,0,0,,,,,
James Conner,RB,PIT,14,BUF,0,0,0,0,0,18,0,10,0,0,0,0,0,0,0,0,0,0,0,0,0,0,,,,,
James O'Shaughnessy,TE,JAX,14,TEN,0,0,0,0,0,0,0,0,2,14,0,2,0,0,0,0,0,0,0,0,0,0,,,,,
James Robinson,RB,JAX,14,TEN,0,0,0,0,0,67,0,12,4,16,0,4,0,0,0,0,0,0,0,0,0,0,,,,,
James Washington,WR,PIT,14,BUF,0,0,0,0,0,0,0,0,3,29,1,6,0,0,0,0,0,0,0,0,0,0,,,,,
James White,RB,NE,14,LA,0,0,0,0,0,16,0,3,1,2,0,2,0,0,0,0,0,0,0,0,0,0,,,,,
Jamison Crowder,WR,NYJ,14,SEA,0,0,0,0,0,0,0,0,2,7,0,4,0,0,0,0,0,0,0,0,0,0,,,,,
Jared Cook,TE,NO,14,PHI,0,0,0,0,0,0,0,0,3,37,1,4,0,0,0,0,0,0,0,0,0,0,,,,,
Jared Goff,QB,LA,14,NE,137,1,25,16,1,11,1,4,0,0,0,0,0,0,0,0,0,0,0,0,0,0,,,,,
Jarrett Stidham,QB,NE,14,LA,27,0,7,5,0,3,0,1,0,0,0,0,0,0,0,0,0,0,0,0,0,0,,,,,
Jarvis Landry,WR,CLE,14,BAL,12,0,1,1,0,0,0,0,6,52,0,9,0,0,0,0,0,0,0,0,0,0,,,,,
Jason Myers,K,SEA,14,NYJ,0,0,0,0,0,0,0,0,0,0,0,0,0,0,0,0,1,0,1,0,0,4,,,,,
Jason Sanders,K,MIA,14,KC,0,0,0,0,0,0,0,0,0,0,0,0,0,0,0,0,0,1,1,0,0,3,,,,,
Javon Wims,WR,CHI,14,HOU,0,0,0,0,0,2,0,1,0,0,0,0,0,0,0,0,0,0,0,0,0,0,,,,,
Jaylen Samuels,RB,PIT,14,BUF,0,0,0,0,0,15,0,4,3,18,0,4,0,0,0,0,0,0,0,0,0,0,,,,,
Jeff Smith,WR,NYJ,14,SEA,0,0,0,0,0,0,0,0,1,14,0,2,0,0,0,0,0,0,0,0,0,0,,,,,
Jeff Wilson,RB,SF,14,WAS,0,0,0,0,0,31,1,11,1,13,0,3,0,0,0,0,0,0,0,0,0,0,,,,,
Jeremy McNichols,RB,TEN,14,JAX,0,0,0,0,0,9,0,11,1,0,0,1,0,0,0,0,0,0,0,0,0,0,,,,,
Jeremy Sprinkle,TE,WAS,14,SF,0,0,0,0,0,0,0,0,0,0,0,1,0,0,0,0,0,0,0,0,0,0,,,,,
Jerry Jeudy,WR,DEN,14,CAR,0,0,0,0,0,0,0,0,2,42,0,4,0,0,0,0,0,0,0,0,0,0,,,,,
Jimmy Graham,TE,CHI,14,HOU,0,0,0,0,0,0,0,0,4,23,1,4,0,0,0,0,0,0,0,0,0,0,,,,,
Joey Slye,K,CAR,14,DEN,0,0,0,0,0,0,0,0,0,0,0,0,0,0,0,0,1,1,0,0,0,3,,,,,
Jonathan Taylor,RB,IND,14,LV,0,0,0,0,0,150,2,20,2,15,0,2,0,0,0,0,0,0,0,0,0,0,,,,,
Jonathan Ward,RB,ARI,14,NYG,0,0,0,0,0,0,0,0,0,0,0,0,0,0,0,0,0,0,0,0,0,0,,,,,
Jonnu Smith,TE,TEN,14,JAX,0,0,0,0,0,3,0,1,2,20,0,2,0,0,0,0,0,0,0,0,0,0,,,,,
Jordan Akins,TE,HOU,14,CHI,0,0,0,0,0,0,0,0,3,20,0,6,0,0,0,0,0,0,0,0,0,0,,,,,
Jordan Reed,TE,SF,14,WAS,0,0,0,0,0,0,0,0,2,13,0,5,0,0,0,0,0,0,0,0,0,0,,,,,
Jordan Wilkins,RB,IND,14,LV,0,0,0,0,0,3,0,1,1,4,0,2,0,0,0,0,0,0,0,0,0,0,,,,,
Josh Adams,RB,NYJ,14,SEA,0,0,0,0,0,27,0,6,2,3,0,2,0,0,0,0,0,0,0,0,0,0,,,,,
Josh Allen,QB,BUF,14,PIT,238,2,43,24,1,28,0,6,0,0,0,0,0,0,0,0,0,0,0,0,0,0,,,,,
Josh Hill,TE,NO,14,PHI,0,0,0,0,0,0,0,0,1,1,0,1,0,0,0,0,0,0,0,0,0,0,,,,,
Josh Jacobs,RB,LV,14,IND,0,0,0,0,0,49,0,13,3,25,0,5,0,0,0,0,0,0,0,0,0,0,,,,,
Josh Reynolds,WR,LA,14,NE,0,0,0,0,0,0,0,0,1,6,0,2,0,0,0,0,0,0,0,0,0,0,,,,,
JuJu Smith-Schuster,WR,PIT,14,BUF,0,0,0,0,0,0,0,0,6,55,1,7,0,0,0,0,0,0,0,0,0,0,,,,,
Justice Hill,RB,BAL,14,CLE,0,0,0,0,0,4,0,1,0,0,0,0,0,0,0,0,0,0,0,0,0,0,,,,,
Justin Herbert,QB,LAC,14,ATL,243,2,44,36,1,0,0,0,0,0,0,0,0,0,0,0,0,0,0,0,0,0,,,,,
Justin Jackson,RB,LAC,14,ATL,0,0,0,0,0,9,0,3,3,10,0,3,0,0,0,0,0,0,0,0,0,0,,,,,
Justin Jefferson,WR,MIN,14,TB,0,0,0,0,0,0,0,0,4,39,0,8,0,0,1,0,0,0,0,0,0,0,,,,,
Justin Tucker,K,BAL,14,CLE,0,0,0,0,0,0,0,0,0,0,0,0,0,0,0,0,0,0,0,1,0,4,,,,,
Juwan Johnson,TE,NO,14,PHI,0,0,0,0,0,0,0,0,1,11,0,1,0,0,0,0,0,0,0,0,0,0,,,,,
K.J. Hill,WR,LAC,14,ATL,0,0,0,0,0,0,0,0,1,4,0,1,0,0,0,0,0,0,0,0,0,0,,,,,
KC,DEF,KC,14,MIA,,,,,,,,,,,,,,,,,,,,,,,0,1,0,0,27.0
KJ Hamler,WR,DEN,14,CAR,0,0,0,0,0,0,0,0,2,86,2,3,0,0,0,0,0,0,0,0,0,0,,,,,
Ka'imi Fairbairn,K,HOU,14,CHI,0,0,0,0,0,0,0,0,0,0,0,0,0,0,0,0,0,0,0,0,0,1,,,,,
Kaden Smith,TE,NYG,14,ARI,0,0,0,0,0,0,0,0,1,6,0,1,0,0,0,0,0,0,0,0,0,0,,,,,
Kalen Ballage,RB,LAC,14,ATL,0,0,0,0,0,14,0,7,1,6,0,2,0,0,0,0,0,0,0,0,0,0,,,,,
Kalif Raymond,WR,TEN,14,JAX,0,0,0,0,0,0,0,0,0,0,0,1,0,0,0,0,0,0,0,0,0,0,,,,,
Kareem Hunt,RB,CLE,14,BAL,0,0,0,0,0,33,1,6,6,77,1,7,0,0,0,0,0,0,0,0,0,0,,,,,
Ke'Shawn Vaughn,RB,TB,14,MIN,0,0,0,0,0,-3,0,1,0,0,0,0,0,0,0,0,0,0,0,0,0,0,,,,,
KeeSean Johnson,WR,ARI,14,NYG,0,0,0,0,0,0,0,0,1,9,0,2,0,0,0,0,0,0,0,0,0,0,,,,,
Keelan Cole,WR,JAX,14,TEN,0,0,0,0,0,0,0,0,7,67,1,12,0,0,0,0,0,0,0,0,0,0,,,,,
Keenan Allen,WR,LAC,14,ATL,0,0,0,0,0,0,0,0,9,52,1,11,0,0,0,0,0,0,0,0,0,0,,,,,
Keke Coutee,WR,HOU,14,CHI,0,0,0,0,0,0,0,0,3,24,1,3,0,0,0,0,0,0,0,0,0,0,,,,,
Kendrick Bourne,WR,SF,14,WAS,0,0,0,0,0,0,0,0,3,42,0,7,0,0,1,0,0,0,0,0,0,0,,,,,
Kenjon Barner,RB,TB,14,MIN,0,0,0,0,0,0,0,0,0,0,0,0,0,0,0,0,0,0,0,0,0,0,,,,,
Kenyan Drake,RB,ARI,14,NYG,0,0,0,0,0,80,1,23,1,10,0,1,0,0,0,0,0,0,0,0,0,0,,,,,
Kerryon Johnson,RB,DET,14,GB,0,0,0,0,0,3,1,2,1,10,0,1,0,0,0,0,0,0,0,0,0,0,,,,,
Kirk Cousins,QB,MIN,14,TB,225,1,37,24,0,41,0,5,0,0,0,0,0,0,1,0,0,0,0,0,0,0,,,,,
Kyle Juszczyk,RB,SF,14,WAS,0,0,0,0,0,3,0,1,2,15,1,3,0,0,0,0,0,0,0,0,0,0,,,,,
Kyler Murray,QB,ARI,14,NYG,244,1,35,24,0,47,0,13,0,0,0,0,0,0,0,0,0,0,0,0,0,0,,,,,
LA,DEF,LA,14,NE,,,,,,,,,,,,,,,,,,,,,,,1,0,0,0,3.0
LAC,DEF,LAC,14,ATL,,,,,,,,,,,,,,,,,,,,,,,0,0,0,0,17.0
LV,DEF,LV,14,IND,,,,,,,,,,,,,,,,,,,,,,,0,0,0,0,44.0
Lamar Jackson,QB,BAL,14,CLE,163,1,17,11,0,124,2,9,0,0,0,0,0,0,0,0,0,0,0,0,0,0,,,,,
Laquon Treadwell,WR,ATL,14,LAC,0,0,0,0,0,0,0,0,1,9,1,1,0,0,0,0,0,0,0,0,0,0,,,,,
Larry Fitzgerald,WR,ARI,14,NYG,0,0,0,0,0,0,0,0,2,10,0,3,0,0,0,0,0,0,0,0,0,0,,,,,
Latavius Murray,RB,NO,14,PHI,0,0,0,0,0,13,0,4,1,-6,0,1,0,0,0,0,0,0,0,0,0,0,,,,,
Laviska Shenault Jr.,WR,JAX,14,TEN,0,0,0,0,0,2,0,1,6,49,0,11,0,0,0,0,0,0,0,0,0,0,,,,,
Le'Veon Bell,RB,KC,14,MIA,0,0,0,0,0,21,0,2,2,14,0,3,0,0,0,0,0,0,0,0,0,0,,,,,
LeSean McCoy,RB,TB,14,MIN,0,0,0,0,0,32,0,4,1,3,0,1,0,0,0,0,0,0,0,0,0,0,,,,,
Levine Toilolo,TE,NYG,14,ARI,0,0,0,0,0,0,0,0,0,0,0,0,0,0,0,0,0,0,0,0,0,0,,,,,
Logan Thomas,TE,WAS,14,SF,0,0,0,0,0,0,0,0,6,43,0,7,0,0,0,0,0,0,0,0,0,0,,,,,
Logan Woodside,QB,TEN,14,JAX,0,0,0,0,0,18,0,1,0,0,0,0,0,0,0,0,0,0,0,0,0,0,,,,,
Lynn Bowden,WR,MIA,14,KC,0,0,1,0,0,2,0,1,7,82,0,9,0,0,0,0,0,0,0,0,0,0,,,,,
MIA,DEF,MIA,14,KC,,,,,,,,,,,,,,,,,,,,,,,0,0,0,0,33.0
MIN,DEF,MIN,14,TB,,,,,,,,,,,,,,,,,,,,,,,0,0,0,0,26.0
Mack Hollins,WR,MIA,14,KC,0,0,0,0,0,0,0,0,5,66,0,9,0,0,0,0,0,0,0,0,0,0,,,,,
Malcolm Brown,RB,LA,14,NE,0,0,0,0,0,0,0,0,0,0,0,1,0,0,0,0,0,0,0,0,0,0,,,,,
Malcolm Perry,RB,MIA,14,KC,0,0,0,0,0,0,0,0,1,5,0,2,0,0,0,0,0,0,0,0,0,0,,,,,
Marcedes Lewis,TE,GB,14,DET,0,0,0,0,0,0,0,0,1,6,0,1,0,0,0,0,0,0,0,0,0,0,,,,,
Marcus Johnson,WR,IND,14,LV,0,0,0,0,0,0,0,0,0,0,0,1,0,0,0,0,0,0,0,0,0,0,,,,,
Marcus Kemp,WR,KC,14,MIA,0,0,0,0,0,0,0,0,0,0,0,0,0,0,0,0,0,0,0,0,0,0,,,,,
Mark Andrews,TE,BAL,14,CLE,0,0,0,0,0,0,0,0,5,78,0,6,0,0,0,0,0,0,0,0,0,0,,,,,
Marquez Valdes-Scantling,WR,GB,14,DET,0,0,0,0,0,0,0,0,6,85,1,6,0,0,0,0,0,0,0,0,0,0,,,,,
Marquise Brown,WR,BAL,14,CLE,0,0,0,0,0,0,0,0,2,50,1,6,0,0,0,0,0,0,0,0,0,0,,,,,
Marvin Jones,WR,DET,14,GB,0,0,0,0,0,0,0,0,4,48,0,8,0,0,0,0,0,0,0,0,0,0,,,,,
Mason Crosby,K,GB,14,DET,0,0,0,0,0,0,0,0,0,0,0,0,0,0,0,0,0,0,0,1,0,4,,,,,
Matt Gay,K,LA,14,NE,0,0,0,0,0,0,0,0,0,0,0,0,0,0,0,0,0,1,0,0,0,3,,,,,
Matt Prater,K,DET,14,GB,0,0,0,0,0,0,0,0,0,0,0,0,0,0,0,0,0,1,0,0,0,3,,,,,
Matt Ryan,QB,ATL,14,LAC,224,1,32,21,3,3,0,1,0,0,0,0,0,0,0,0,0,0,0,0,0,0,,,,,
Matthew Stafford,QB,DET,14,GB,244,1,34,24,0,6,0,1,0,0,0,0,0,0,0,0,0,0,0,0,0,0,,,,,
Maxx Williams,TE,ARI,14,NYG,0,0,0,0,0,0,0,0,2,17,0,2,0,0,0,0,0,0,0,0,0,0,,,,,
Mecole Hardman,WR,KC,14,MIA,0,0,0,0,0,0,0,0,3,40,0,3,1,0,0,0,0,0,0,0,0,0,,,,,
Melvin Gordon,RB,DEN,14,CAR,0,0,0,0,0,68,0,13,3,23,0,3,0,0,0,0,0,0,0,0,0,0,,,,,
Michael Gallup,WR,DAL,14,CIN,0,0,0,0,0,0,0,0,2,23,0,6,0,0,0,0,0,0,0,0,0,0,,,,,
Michael Pittman,WR,IND,14,LV,0,0,0,0,0,3,0,1,2,42,0,5,0,0,0,0,0,0,0,0,0,0,,,,,
Michael Thomas,WR,NO,14,PHI,0,0,0,0,0,0,0,0,8,84,0,8,0,0,0,0,0,0,0,0,0,0,,,,,
Mike Badgley,K,LAC,14,ATL,0,0,0,0,0,0,0,0,0,0,0,0,0,0,0,0,0,1,1,0,0,2,,,,,
Mike Boone,RB,MIN,14,TB,0,0,0,0,0,8,0,2,1,4,0,1,0,0,0,0,0,0,0,0,0,0,,,,,
Mike Davis,RB,CAR,14,DEN,0,0,0,0,0,51,2,11,5,42,0,6,0,0,0,0,0,0,0,0,0,0,,,,,
Mike Evans,WR,TB,14,MIN,0,0,0,0,0,0,0,0,3,56,0,5,0,0,0,0,0,0,0,0,0,0,,,,,
Mike Gesicki,TE,MIA,14,KC,0,0,0,0,0,0,0,0,5,65,2,6,0,0,0,0,0,0,0,0,0,0,,,,,
Mike Glennon,QB,JAX,14,TEN,85,0,23,13,1,0,0,0,0,0,0,0,0,0,0,0,0,0,0,0,0,0,,,,,
Mike Nugent,K,ARI,14,NYG,0,0,0,0,0,0,0,0,0,0,0,0,0,0,0,0,0,4,0,0,0,2,,,,,
Mike Thomas,WR,CIN,14,DAL,0,0,0,0,0,0,0,0,0,0,0,1,0,0,0,0,0,0,0,0,0,0,,,,,
Miles Boykin,WR,BAL,14,CLE,0,0,0,0,0,0,0,0,1,15,0,1,0,0,0,0,0,0,0,0,0,0,,,,,
Miles Sanders,RB,PHI,14,NO,0,0,0,0,0,115,2,14,4,21,0,5,0,0,0,0,0,0,0,0,0,0,,,,,
Mitchell Trubisky,QB,CHI,14,HOU,267,3,33,24,0,23,0,4,0,0,0,0,0,0,0,0,0,0,0,0,0,0,,,,,
Mo Alie-Cox,TE,IND,14,LV,0,0,0,0,0,0,0,0,1,9,0,1,0,0,0,0,0,0,0,0,0,0,,,,,
Mohamed Sanu,WR,DET,14,GB,0,0,0,0,0,0,0,0,2,37,0,2,0,0,0,0,0,0,0,0,0,0,,,,,
N'Keal Harry,TE,NE,14,LA,0,0,0,0,0,0,0,0,3,49,0,4,0,0,0,0,0,0,0,0,0,0,,,,,
NE,DEF,NE,14,LA,,,,,,,,,,,,,,,,,,,,,,,0,0,0,0,24.0
NO,DEF,NO,14,PHI,,,,,,,,,,,,,,,,,,,,,,,0,0,0,0,24.0
NYG,DEF,NYG,14,ARI,,,,,,,,,,,,,,,,,,,,,,,0,0,0,0,26.0
NYJ,DEF,NYJ,14,SEA,,,,,,,,,,,,,,,,,,,,,,,0,0,0,0,40.0
Nathan Cottrell,RB,JAX,14,TEN,0,0,0,0,0,0,0,0,0,0,0,0,0,0,0,0,0,0,0,0,0,0,,,,,
Nelson Agholor,WR,LV,14,IND,0,0,0,0,0,0,0,0,5,100,1,9,0,0,0,0,0,0,0,0,0,0,,,,,
Nick Chubb,RB,CLE,14,BAL,0,0,0,0,0,82,2,17,2,21,0,2,0,0,0,0,0,0,0,0,0,0,,,,,
Nick Folk,K,NE,14,LA,0,0,0,0,0,0,0,0,0,0,0,0,0,0,0,0,1,0,0,0,0,0,,,,,
Nick Keizer,TE,KC,14,MIA,0,0,0,0,0,0,0,0,0,0,0,0,0,0,0,0,0,0,0,0,0,0,,,,,
Nick Mullens,QB,SF,14,WAS,260,1,45,25,1,0,0,0,0,0,0,0,0,0,1,0,0,0,0,0,0,0,,,,,
Nick Vannett,TE,DEN,14,CAR,0,0,0,0,0,0,0,0,4,20,1,4,0,0,0,0,0,0,0,0,0,0,,,,,
Nick Westbrook-Ikhine,WR,TEN,14,JAX,0,0,0,0,0,0,0,0,0,0,0,1,0,0,0,0,0,0,0,0,0,0,,,,,
Nsimba Webster,WR,LA,14,NE,0,0,0,0,0,0,0,0,0,0,0,0,0,0,0,0,0,0,0,0,0,0,,,,,
Nyheim Hines,RB,IND,14,LV,0,0,0,0,0,58,0,7,4,17,0,4,0,0,0,0,0,0,0,0,0,0,,,,,
PHI,DEF,PHI,14,NO,,,,,,,,,,,,,,,,,,,,,,,0,0,0,0,21.0
PIT,DEF,PIT,14,BUF,,,,,,,,,,,,,,,,,,,,,,,0,0,0,0,26.0
Patrick Laird,RB,MIA,14,KC,0,0,0,0,0,19,0,4,1,4,0,1,0,0,0,0,0,0,0,0,0,0,,,,,
Patrick Mahomes,QB,KC,14,MIA,393,2,34,24,3,9,0,5,0,0,0,0,0,0,0,0,0,0,0,0,0,0,,,,,
Penny Hart,WR,SEA,14,NYJ,0,0,0,0,0,19,0,1,1,3,0,1,0,0,0,0,0,0,0,0,0,0,,,,,
Peyton Barber,RB,WAS,14,SF,0,0,0,0,0,37,0,12,2,1,0,3,0,0,0,0,0,0,0,0,0,0,,,,,
Pharoh Cooper,WR,CAR,14,DEN,0,0,0,0,0,0,0,0,3,52,0,3,0,0,0,0,0,0,0,0,0,0,,,,,
Philip Rivers,QB,IND,14,LV,244,2,28,19,0,0,0,0,0,0,0,0,0,0,0,0,0,0,0,0,0,0,,,,,
Phillip Lindsay,RB,DEN,14,CAR,0,0,0,0,0,24,0,11,2,7,0,2,0,0,0,0,0,0,0,0,0,0,,,,,
Quez Watkins,WR,PHI,14,NO,0,0,0,0,0,0,0,0,1,3,0,1,0,0,0,0,0,0,0,0,0,0,,,,,
Quintez Cephus,WR,DET,14,GB,0,0,0,0,0,0,0,0,2,16,0,2,0,0,0,0,0,0,0,0,0,0,,,,,
Raheem Mostert,RB,SF,14,WAS,0,0,0,0,0,65,0,14,2,5,0,4,0,0,0,0,0,0,0,0,0,0,,,,,
Rashard Higgins,WR,CLE,14,BAL,0,0,0,0,0,0,0,0,6,68,1,10,0,0,0,0,0,0,0,0,0,0,,,,,
Ray-Ray McCloud,WR,PIT,14,BUF,0,0,0,0,0,0,0,0,0,0,0,0,0,0,0,0,0,0,0,0,0,0,,,,,
Richie James,WR,SF,14,WAS,0,0,0,0,0,0,0,0,3,33,0,3,0,0,0,0,0,0,0,0,0,0,,,,,
Rob Gronkowski,TE,TB,14,MIN,0,0,0,0,0,0,0,0,1,2,1,2,0,0,0,0,0,0,0,0,0,0,,,,,
Robbie Chosen,WR,CAR,14,DEN,0,0,0,0,0,13,0,2,8,84,0,12,0,0,0,0,0,0,0,0,0,0,,,,,
Robbie Gould,K,SF,14,WAS,0,0,0,0,0,0,0,0,0,0,0,0,0,0,0,0,0,0,0,0,0,1,,,,,
Robert Foster,WR,WAS,14,SF,0,0,0,0,0,0,0,0,0,0,0,2,0,0,0,0,0,0,0,0,0,0,,,,,
Robert Tonyan,TE,GB,14,DET,0,0,0,0,0,0,0,0,5,36,1,5,0,0,0,0,0,0,0,0,0,0,,,,,
Robert Woods,WR,LA,14,NE,0,0,0,0,0,-1,0,1,5,32,0,8,0,0,0,0,0,0,0,0,0,0,,,,,
Rodney Smith,RB,CAR,14,DEN,0,0,0,0,0,10,0,2,2,14,0,2,0,0,0,0,0,0,0,0,0,0,,,,,
Rodrigo Blankenship,K,IND,14,LV,0,0,0,0,0,0,0,0,0,0,0,0,0,0,0,0,2,1,0,0,0,5,,,,,
Ronald Jones,RB,TB,14,MIN,0,0,0,0,0,80,1,18,1,4,0,2,0,0,0,0,0,0,0,0,0,0,,,,,
Ross Dwelley,TE,SF,14,WAS,0,0,0,0,0,0,0,0,2,20,0,2,0,0,0,0,0,0,0,0,0,0,,,,,
Russell Gage,WR,ATL,14,LAC,39,1,1,1,0,0,0,0,5,82,0,7,0,0,0,0,0,0,0,0,0,0,,,,,
Russell Wilson,QB,SEA,14,NYJ,206,4,27,21,1,-1,0,1,0,0,0,0,0,0,0,0,0,0,0,0,0,0,,,,,
Ryan Finley,QB,CIN,14,DAL,5,0,2,1,0,0,0,0,0,0,0,0,0,0,0,0,0,0,0,0,0,0,,,,,
Ryan Succop,K,TB,14,MIN,0,0,0,0,0,0,0,0,0,0,0,0,0,0,0,1,0,0,1,0,0,2,,,,,
Ryan Tannehill,QB,TEN,14,JAX,212,2,24,19,0,0,0,0,0,0,0,0,0,0,0,0,0,0,0,0,0,0,,,,,
SEA,DEF,SEA,14,NYJ,,,,,,,,,,,,,,,,,,,,,,,0,0,0,0,3.0
SF,DEF,SF,14,WAS,,,,,,,,,,,,,,,,,,,,,,,0,0,0,0,23.0
Sam Darnold,QB,NYJ,14,SEA,132,0,26,14,0,3,0,1,0,0,0,0,0,0,0,0,0,0,0,0,0,0,,,,,
Samaje Perine,RB,CIN,14,DAL,0,0,0,0,0,32,0,10,2,9,0,2,0,0,0,0,0,0,0,0,0,0,,,,,
Sammy Watkins,WR,KC,14,MIA,0,0,0,0,0,0,0,0,2,52,0,3,0,0,0,0,0,0,0,0,0,0,,,,,
Scott Miller,WR,TB,14,MIN,0,0,0,0,0,0,0,0,1,48,1,2,0,0,0,0,0,0,0,0,0,0,,,,,
Sergio Castillo,K,NYJ,14,SEA,0,0,0,0,0,0,0,0,0,0,0,0,0,0,0,0,0,0,1,0,0,0,,,,,
Seth DeValve,TE,ARI,14,NYG,0,0,0,0,0,0,0,0,0,0,0,0,0,0,0,0,0,0,0,0,0,0,,,,,
Sony Michel,RB,NE,14,LA,0,0,0,0,0,22,0,7,0,0,0,1,0,0,0,0,0,0,0,0,0,0,,,,,
Stefon Diggs,WR,BUF,14,PIT,0,0,0,0,0,1,0,1,10,130,1,14,0,0,0,0,0,0,0,0,0,0,,,,,
Stephen Gostkowski,K,TEN,14,JAX,0,0,0,0,0,0,0,0,0,0,0,0,0,0,0,0,0,0,0,1,0,4,,,,,
Sterling Shepard,WR,NYG,14,ARI,0,0,0,0,0,0,0,0,3,35,0,5,0,0,0,0,0,0,0,0,0,0,,,,,
Steven Mitchell,WR,HOU,14,CHI,0,0,0,0,0,0,0,0,3,38,0,5,0,0,0,0,0,0,0,0,0,0,,,,,
Steven Sims,WR,WAS,14,SF,0,0,0,0,0,0,0,0,1,5,0,3,0,0,0,0,0,0,0,0,0,0,,,,,
T.J. Hockenson,TE,DET,14,GB,0,0,0,0,0,0,0,0,6,43,1,11,0,0,0,0,0,0,0,0,0,0,,,,,
T.Y. Hilton,WR,IND,14,LV,0,0,0,0,0,0,0,0,5,86,2,7,0,0,0,0,0,0,0,0,0,0,,,,,
TB,DEF,TB,14,MIN,,,,,,,,,,,,,,,,,,,,,,,0,0,0,0,14.0
TEN,DEF,TEN,14,JAX,,,,,,,,,,,,,,,,,,,,,,,0,0,0,0,10.0
Tajae Sharpe,WR,MIN,14,TB,0,0,0,0,0,0,0,0,0,0,0,1,0,0,0,0,0,0,0,0,0,0,,,,,
Tavon Austin,WR,GB,14,DET,0,0,0,0,0,0,0,0,2,8,0,2,0,0,0,0,0,0,0,0,0,0,,,,,
Taysom Hill,TE,NO,14,PHI,291,2,38,28,1,33,0,5,0,0,0,0,0,0,0,0,0,0,0,0,0,0,,,,,
Teddy Bridgewater,QB,CAR,14,DEN,283,0,40,30,0,31,1,3,0,0,0,0,0,0,0,0,0,0,0,0,0,0,,,,,
Tee Higgins,WR,CIN,14,DAL,0,0,0,0,0,0,0,0,5,49,0,8,0,0,0,0,0,0,0,0,0,0,,,,,
Terry McLaurin,WR,WAS,14,SF,0,0,0,0,0,0,0,0,2,24,0,6,0,0,0,0,0,0,0,0,0,0,,,,,
Tim Patrick,WR,DEN,14,CAR,0,0,0,0,0,0,0,0,3,36,1,5,0,0,0,0,0,0,0,0,0,0,,,,,
Todd Gurley,RB,ATL,14,LAC,0,0,0,0,0,19,0,6,2,12,0,3,0,0,0,0,0,0,0,0,0,0,,,,,
Tom Brady,QB,TB,14,MIN,196,2,23,15,0,-2,0,3,0,0,0,0,0,0,0,0,0,0,0,0,0,0,,,,,
Tommylee Lewis,WR,NO,14,PHI,0,0,0,0,0,0,0,0,0,0,0,0,0,0,0,0,0,0,0,0,0,0,,,,,
Tony Pollard,RB,DAL,14,CIN,0,0,0,0,0,39,0,11,2,9,1,2,0,0,0,0,0,0,0,0,0,0,,,,,
Trace McSorley,QB,BAL,14,CLE,13,0,4,1,0,1,0,2,0,0,0,0,0,0,0,0,0,0,0,0,0,0,,,,,
Travis Kelce,TE,KC,14,MIA,0,0,0,0,0,0,0,0,8,136,1,10,0,0,0,0,0,0,0,0,0,0,,,,,
Trayveon Williams,RB,CIN,14,DAL,0,0,0,0,0,49,0,12,3,14,0,3,0,0,0,0,0,0,0,0,0,0,,,,,
Tre'Quan Smith,WR,NO,14,PHI,0,0,0,0,0,0,0,0,3,60,0,6,0,0,0,0,0,0,0,0,0,0,,,,,
Trent Sherfield,WR,ARI,14,NYG,0,0,0,0,0,0,0,0,0,0,0,0,0,0,0,0,0,0,0,0,0,0,,,,,
Trenton Cannon,RB,CAR,14,DEN,0,0,0,0,0,-2,0,1,0,0,0,0,0,0,0,0,0,0,0,0,0,0,,,,,
Troy Fumagalli,TE,DEN,14,CAR,0,0,0,0,0,0,0,0,4,53,0,5,0,0,0,0,0,0,0,0,0,0,,,,,
Tua Tagovailoa,QB,MIA,14,KC,316,2,48,28,1,24,1,6,0,0,0,0,0,0,0,0,0,0,0,0,0,0,,,,,
Ty Johnson,RB,NYJ,14,SEA,0,0,0,0,0,16,0,8,0,0,0,0,0,0,0,0,0,0,0,0,0,0,,,,,
Tyler Bass,K,BUF,14,PIT,0,0,0,0,0,0,0,0,0,0,0,0,0,0,0,0,1,1,0,0,0,2,,,,,
Tyler Boyd,WR,CIN,14,DAL,0,0,0,0,0,0,0,0,5,43,0,9,0,0,0,0,0,0,0,0,0,0,,,,,
Tyler Conklin,TE,MIN,14,TB,0,0,0,0,0,0,0,0,5,40,0,5,0,0,0,0,0,0,0,0,0,0,,,,,
Tyler Eifert,TE,JAX,14,TEN,0,0,0,0,0,0,0,0,2,22,0,2,0,0,0,0,0,0,0,0,0,0,,,,,
Tyler Higbee,TE,LA,14,NE,0,0,0,0,0,0,0,0,2,34,0,2,0,0,0,0,0,0,0,0,0,0,,,,,
Tyler Lockett,WR,SEA,14,NYJ,0,0,0,0,0,0,0,0,5,52,0,5,0,0,0,0,0,0,0,0,0,0,,,,,
Tyreek Hill,WR,KC,14,MIA,0,0,0,0,0,32,1,1,3,79,1,7,0,0,0,0,0,0,0,0,0,0,,,,,
Tyron Johnson,WR,LAC,14,ATL,0,0,0,0,0,0,0,0,6,55,1,7,0,0,0,0,0,0,0,0,0,0,,,,,
Van Jefferson,WR,LA,14,NE,0,0,0,0,0,0,0,0,0,0,0,0,0,0,0,0,0,0,0,0,0,0,,,,,
Vance McDonald,TE,PIT,14,BUF,0,0,0,0,0,0,0,0,0,0,0,2,0,0,0,0,0,0,0,0,0,0,,,,,
WAS,DEF,WAS,14,SF,,,,,,,,,,,,,,,,,,,,,,,1,0,0,0,15.0
Wayne Gallman,RB,NYG,14,ARI,0,0,0,0,0,57,0,12,3,16,0,4,0,0,0,0,0,0,0,0,0,0,,,,,
Wil Lutz,K,NO,14,PHI,0,0,0,0,0,0,0,0,0,0,0,0,0,0,0,0,0,0,0,0,0,3,,,,,
Will Dissly,TE,SEA,14,NYJ,0,0,0,0,0,0,0,0,2,23,1,2,0,0,0,0,0,0,0,0,0,0,,,,,
Willie Snead,WR,BAL,14,CLE,0,0,0,0,0,0,0,0,3,29,0,5,0,0,0,0,0,0,0,0,0,0,,,,,
Younghoe Koo,K,ATL,14,LAC,0,0,0,0,0,0,0,0,0,0,0,0,0,0,0,0,0,0,1,0,0,2,,,,,
Zach Ertz,TE,PHI,14,NO,0,0,0,0,0,0,0,0,2,8,0,3,0,0,0,0,0,0,0,0,0,0,,,,,
Zach Pascal,WR,IND,14,LV,0,0,0,0,0,0,0,0,1,27,0,2,0,0,0,0,0,0,0,0,0,0,,,,,
Zack Moss,RB,BUF,14,PIT,0,0,0,0,0,43,0,13,0,0,0,1,0,0,0,0,0,0,0,0,0,0,,,,,
Zay Jones,WR,LV,14,IND,29,0,1,1,0,0,0,0,0,0,0,0,0,0,0,0,0,0,0,0,0,0,,,,,
A.J. Brown,WR,TEN,15,DET,0,0,0,0,0,0,0,0,5,44,1,6,0,0,0,0,0,0,0,0,0,0,,,,,
A.J. Green,WR,CIN,15,PIT,0,0,0,0,0,0,0,0,2,40,0,3,0,0,0,0,0,0,0,0,0,0,,,,,
AJ Dillon,RB,GB,15,CAR,0,0,0,0,0,18,0,1,0,0,0,0,0,0,0,0,0,0,0,0,0,0,,,,,
ARI,DEF,ARI,15,PHI,,,,,,,,,,,,,,,,,,,,,,,0,1,0,0,26.0
ATL,DEF,ATL,15,TB,,,,,,,,,,,,,,,,,,,,,,,0,0,0,0,31.0
Aaron Jones,RB,GB,15,CAR,0,0,0,0,0,145,1,20,3,13,0,4,0,0,0,0,0,0,0,0,0,0,,,,,
Aaron Rodgers,QB,GB,15,CAR,143,1,29,20,0,26,1,5,0,0,0,0,0,0,0,0,0,0,0,0,0,0,,,,,
Adam Shaheen,TE,MIA,15,NE,0,0,0,0,0,0,0,0,1,15,0,2,0,0,0,0,0,0,0,0,0,0,,,,,
Adam Thielen,WR,MIN,15,CHI,0,0,0,0,0,0,0,0,2,11,1,3,0,0,0,0,0,0,0,0,0,0,,,,,
Adrian Peterson,RB,DET,15,TEN,0,0,0,0,0,23,0,6,0,0,0,0,0,0,0,0,0,0,0,0,0,0,,,,,
Aldrick Rosas,K,JAX,15,BAL,0,0,0,0,0,0,0,0,0,0,0,0,0,0,0,0,0,0,0,0,0,2,,,,,
Alex Armah,RB,CAR,15,GB,0,0,0,0,0,0,0,0,1,9,0,1,0,0,0,0,0,0,0,0,0,0,,,,,
Alex Erickson,WR,CIN,15,PIT,0,0,0,0,0,0,0,0,0,0,0,1,0,0,0,0,0,0,0,0,0,0,,,,,
Alexander Mattison,RB,MIN,15,CHI,0,0,0,0,0,1,0,1,1,14,0,1,0,0,0,0,0,0,0,0,0,0,,,,,
Alfred Morris,RB,NYG,15,CLE,0,0,0,0,0,39,0,7,0,0,0,0,0,0,0,0,0,0,0,0,0,0,,,,,
Allen Lazard,WR,GB,15,CAR,0,0,0,0,0,0,0,0,5,56,0,6,0,0,0,0,0,0,0,0,0,0,,,,,
Allen Robinson,WR,CHI,15,MIN,0,0,0,0,0,0,0,0,4,83,0,5,0,0,0,0,0,0,0,0,0,0,,,,,
Alshon Jeffery,WR,PHI,15,ARI,0,0,0,0,0,0,0,0,2,63,0,3,0,0,0,0,0,0,0,0,0,0,,,,,
Alvin Kamara,RB,NO,15,KC,0,0,0,0,0,54,0,11,3,40,1,6,0,0,0,0,0,0,0,0,0,0,,,,,
Amari Cooper,WR,DAL,15,SF,0,0,0,0,0,-7,0,2,2,10,0,3,0,0,0,0,0,0,0,0,0,0,,,,,
Ameer Abdullah,RB,MIN,15,CHI,0,0,0,0,0,0,0,0,0,0,0,0,0,0,0,0,0,0,0,0,0,0,,,,,
Andre Roberts,WR,BUF,15,DEN,0,0,0,0,0,0,0,0,0,0,0,0,0,0,0,0,0,0,0,0,0,0,,,,,
Andy Dalton,QB,DAL,15,SF,209,2,33,19,0,8,0,2,0,0,0,0,0,0,0,0,0,0,0,0,0,0,,,,,
Anthony Firkser,TE,TEN,15,DET,0,0,0,0,0,0,0,0,1,20,0,1,0,0,0,0,0,0,0,0,0,0,,,,,
Anthony McFarland,RB,PIT,15,CIN,0,0,0,0,0,5,0,1,1,9,0,1,0,0,0,0,0,0,0,0,0,0,,,,,
Anthony Miller,WR,CHI,15,MIN,0,0,0,0,0,0,0,0,1,13,0,1,0,0,0,0,0,0,0,0,0,0,,,,,
Antonio Brown,WR,TB,15,ATL,0,0,0,0,0,0,0,0,5,93,1,7,0,0,0,0,0,0,0,0,0,0,,,,,
Austin Ekeler,RB,LAC,15,LV,0,0,0,0,0,60,0,13,4,19,0,4,0,0,0,0,0,0,0,0,0,0,,,,,
Austin Hooper,TE,CLE,15,NYG,0,0,0,0,0,0,0,0,5,41,1,6,0,0,0,0,0,0,0,0,0,0,,,,,
Austin Seibert,K,CIN,15,PIT,0,0,0,0,0,0,0,0,0,0,0,0,0,0,0,0,0,2,0,0,0,3,,,,,
BAL,DEF,BAL,15,JAX,,,,,,,,,,,,,,,,,,,,,,,0,1,0,0,14.0
BUF,DEF,BUF,15,DEN,,,,,,,,,,,,,,,,,,,,,,,0,0,0,0,19.0
Baker Mayfield,QB,CLE,15,NYG,297,2,32,27,0,11,0,4,0,0,0,0,0,0,0,0,0,0,0,0,0,0,,,,,
Ben Roethlisberger,QB,PIT,15,CIN,170,1,38,20,1,-1,0,2,0,0,0,0,0,0,0,0,0,0,0,0,0,0,,,,,
Benny Snell,RB,PIT,15,CIN,0,0,0,0,0,84,1,18,3,23,0,4,0,0,0,0,0,0,0,0,0,0,,,,,
Blake Bell,TE,DAL,15,SF,0,0,0,0,0,2,0,1,1,10,0,1,0,0,0,0,0,0,0,0,0,0,,,,,
Boston Scott,RB,PHI,15,ARI,0,0,0,0,0,0,0,0,1,7,0,1,0,0,0,0,0,0,0,0,0,0,,,,,
Brandin Cooks,WR,HOU,15,IND,0,0,0,0,0,0,0,0,6,59,0,7,0,0,0,0,0,0,0,0,0,0,,,,,
Brandon Aiyuk,WR,SF,15,DAL,0,0,0,0,0,0,0,0,9,73,1,13,0,0,0,0,0,0,0,0,0,0,,,,,
Brandon Powell,WR,ATL,15,TB,0,0,0,0,0,0,0,0,2,5,0,4,0,0,0,0,0,0,0,0,0,0,,,,,
Brandon Zylstra,WR,CAR,15,GB,0,0,0,0,0,1,0,1,0,0,0,0,0,0,0,0,0,0,0,0,0,0,,,,,
Braxton Berrios,WR,NYJ,15,LA,0,0,0,0,0,0,0,0,2,9,0,3,0,0,0,0,0,0,0,0,0,0,,,,,
Breshad Perriman,WR,NYJ,15,LA,0,0,0,0,0,0,0,0,1,21,0,1,0,0,0,0,0,0,0,0,0,0,,,,,
Brian Hill,RB,ATL,15,TB,0,0,0,0,0,-2,0,5,2,9,0,2,0,0,0,0,0,0,0,0,0,0,,,,,
Buddy Howell,RB,HOU,15,IND,0,0,0,0,0,22,0,5,0,0,0,0,0,0,0,0,0,0,0,0,0,0,,,,,
Byron Pringle,WR,KC,15,NO,0,0,0,0,0,0,0,0,0,0,0,0,0,0,0,0,0,0,0,0,0,0,,,,,
C.J. Beathard,QB,SF,15,DAL,100,1,7,5,0,0,0,0,0,0,0,0,0,0,0,0,0,0,0,0,0,0,,,,,
CAR,DEF,CAR,15,GB,,,,,,,,,,,,,,,,,,,,,,,0,0,0,0,24.0
CHI,DEF,CHI,15,MIN,,,,,,,,,,,,,,,,,,,,,,,0,0,0,0,27.0
CIN,DEF,CIN,15,PIT,,,,,,,,,,,,,,,,,,,,,,,0,0,0,0,17.0
CLE,DEF,CLE,15,NYG,,,,,,,,,,,,,,,,,,,,,,,0,0,0,0,6.0
Cairo Santos,K,CHI,15,MIN,0,0,0,0,0,0,0,0,0,0,0,0,0,0,0,0,0,1,3,0,0,3,,,,,
Calvin Ridley,WR,ATL,15,TB,0,0,0,0,0,0,0,0,10,163,1,14,0,0,0,0,0,0,0,0,0,0,,,,,
Cam Akers,RB,LA,15,NYJ,0,0,0,0,0,63,0,15,1,-1,0,3,0,0,0,0,0,0,0,0,0,0,,,,,
Cam Newton,QB,NE,15,MIA,209,0,27,17,0,38,0,9,0,0,0,0,0,0,0,0,0,0,0,0,0,0,,,,,
Cam Sims,WR,WAS,15,SEA,0,0,0,0,0,0,0,0,5,26,0,8,0,0,0,0,0,0,0,0,0,0,,,,,
Cameron Batson,WR,TEN,15,DET,0,0,0,0,0,0,0,0,0,0,0,1,0,0,0,0,0,0,0,0,0,0,,,,,
Cameron Brate,TE,TB,15,ATL,0,0,0,0,0,0,0,0,4,54,0,4,0,0,0,0,0,0,0,0,0,0,,,,,
Carlos Hyde,RB,SEA,15,WAS,0,0,0,0,0,55,1,2,2,8,0,3,0,0,0,0,0,0,0,0,0,0,,,,,
Cedrick Wilson Jr.,WR,DAL,15,SF,12,0,1,1,0,0,0,0,0,0,0,0,0,0,0,0,0,0,0,0,0,0,,,,,
CeeDee Lamb,WR,DAL,15,SF,0,0,0,0,0,0,0,0,5,85,0,7,1,0,0,0,0,0,0,0,0,0,,,,,
Chad Beebe,WR,MIN,15,CHI,0,0,0,0,0,0,0,0,2,21,0,2,0,0,0,0,0,0,0,0,0,0,,,,,
Chad Hansen,WR,HOU,15,IND,0,0,0,0,0,0,0,0,2,55,1,3,0,0,0,0,0,0,0,0,0,0,,,,,
Chase Claypool,WR,PIT,15,CIN,0,0,0,0,0,-6,0,1,3,54,0,8,0,0,0,0,0,0,0,0,0,0,,,,,
Chase Daniel,QB,DET,15,TEN,55,0,6,5,1,11,0,1,0,0,0,0,0,0,0,0,0,0,0,0,0,0,,,,,
Chase Edmonds,RB,ARI,15,PHI,0,0,0,0,0,47,0,11,3,19,1,5,0,0,0,0,0,0,0,0,0,0,,,,,
Chris Boswell,K,PIT,15,CIN,0,0,0,0,0,0,0,0,0,0,0,0,0,0,0,0,1,0,0,0,0,2,,,,,
Chris Carson,RB,SEA,15,WAS,0,0,0,0,0,63,0,15,2,6,0,3,0,0,0,0,0,0,0,0,0,0,,,,,
Chris Conley,WR,JAX,15,BAL,0,0,0,0,0,0,0,0,1,13,1,3,0,0,0,0,0,0,0,0,0,0,,,,,
Chris Godwin Jr.,WR,TB,15,ATL,0,0,0,0,0,0,0,0,4,36,1,5,0,0,0,0,0,0,0,0,0,0,,,,,
Chris Herndon,TE,NYJ,15,LA,0,0,0,0,0,0,0,0,3,48,0,4,0,0,0,0,0,0,0,0,0,0,,,,,
Christian Blake,WR,ATL,15,TB,0,0,0,0,0,0,0,0,1,-1,0,1,0,0,0,0,0,0,0,0,0,0,,,,,
Christian Kirk,WR,ARI,15,PHI,0,0,0,0,0,0,0,0,3,33,0,4,0,0,0,0,0,0,0,0,0,0,,,,,
Clyde Edwards-Helaire,RB,KC,15,NO,0,0,0,0,0,79,0,14,1,4,0,2,0,0,0,0,0,0,0,0,0,0,,,,,
Cody Parkey,K,CLE,15,NYG,0,0,0,0,0,0,0,0,0,0,0,0,0,0,0,0,0,0,0,0,0,2,,,,,
Cole Beasley,WR,BUF,15,DEN,0,0,0,0,0,0,0,0,8,112,0,10,0,0,0,0,0,0,0,0,0,0,,,,,
Cole Kmet,TE,CHI,15,MIN,0,0,0,0,0,0,0,0,2,12,0,2,0,0,0,0,0,0,0,0,0,0,,,,,
Collin Johnson,WR,JAX,15,BAL,0,0,0,0,0,0,0,0,1,8,0,1,0,0,0,0,0,0,0,0,0,0,,,,,
Colt McCoy,QB,NYG,15,CLE,221,0,31,19,0,3,0,2,0,0,0,0,0,0,0,0,0,0,0,0,0,0,,,,,
Cooper Kupp,WR,LA,15,NYJ,0,0,0,0,0,0,0,0,5,39,0,5,0,0,0,0,0,0,0,0,0,0,,,,,
Cordarrelle Patterson,RB,CHI,15,MIN,0,0,0,0,0,3,0,1,1,4,0,1,0,0,0,0,0,0,0,0,0,0,,,,,
Corey Clement,RB,PHI,15,ARI,0,0,0,0,0,0,0,0,0,0,0,0,0,0,0,0,0,0,0,0,0,0,,,,,
Corey Davis,WR,TEN,15,DET,0,0,0,0,0,0,0,0,4,110,1,6,0,0,0,0,0,0,0,0,0,0,,,,,
Curtis Samuel,WR,CAR,15,GB,0,0,0,0,0,6,0,2,4,42,0,9,0,0,0,0,0,0,0,0,0,0,,,,,
D'Andre Swift,RB,DET,15,TEN,0,0,0,0,0,67,2,15,4,15,0,5,0,0,0,0,0,0,0,0,0,0,,,,,
D'Ernest Johnson,RB,CLE,15,NYG,0,0,0,0,0,24,0,4,0,0,0,0,0,0,0,0,0,0,0,0,0,0,,,,,
DAL,DEF,DAL,15,SF,,,,,,,,,,,,,,,,,,,,,,,0,0,0,0,33.0
DEN,DEF,DEN,15,BUF,,,,,,,,,,,,,,,,,,,,,,,0,0,0,0,48.0
DET,DEF,DET,15,TEN,,,,,,,,,,,,,,,,,,,,,,,0,1,0,0,46.0
DJ Chark,WR,JAX,15,BAL,0,0,0,0,0,0,0,0,4,53,0,5,0,0,0,0,0,0,0,0,0,0,,,,,
DJ Moore,WR,CAR,15,GB,0,0,0,0,0,1,0,1,6,131,0,8,0,0,0,0,0,0,0,0,0,0,,,,,
DK Metcalf,WR,SEA,15,WAS,0,0,0,0,0,0,0,0,5,43,0,6,0,0,0,0,0,0,0,0,0,0,,,,,
Dallas Goedert,TE,PHI,15,ARI,0,0,0,0,0,0,0,0,4,39,0,8,0,0,0,0,0,0,0,0,0,0,,,,,
Dalton Keene,TE,NE,15,MIA,0,0,0,0,0,0,0,0,1,2,0,2,0,0,0,0,0,0,0,0,0,0,,,,,
Dalton Schultz,TE,DAL,15,SF,0,0,0,0,0,0,0,0,2,14,1,2,0,0,0,0,0,0,0,0,0,0,,,,,
Dalvin Cook,RB,MIN,15,CHI,0,0,0,0,0,132,1,24,5,27,0,5,0,0,0,0,0,0,0,0,0,0,,,,,
Damiere Byrd,WR,NE,15,MIA,0,0,0,0,0,0,0,0,3,24,0,4,0,0,0,0,0,0,0,0,0,0,,,,,
Dan Arnold,TE,ARI,15,PHI,0,0,0,0,0,0,0,0,3,54,0,5,0,0,0,0,0,0,0,0,0,0,,,,,
Dan Bailey,K,MIN,15,CHI,0,0,0,0,0,0,0,0,0,0,0,0,0,0,0,0,2,0,0,0,0,3,,,,,
Daniel Carlson,K,LV,15,LAC,0,0,0,0,0,0,0,0,0,0,0,0,0,0,0,0,2,0,0,0,0,3,,,,,
Danny Amendola,WR,DET,15,TEN,0,0,0,0,0,0,0,0,3,20,0,4,0,0,0,0,0,0,0,0,0,0,,,,,
Dare Ogunbowale,RB,JAX,15,BAL,0,0,0,0,0,17,0,2,1,8,0,1,0,0,0,0,0,0,0,0,0,0,,,,,
Darius Slayton,WR,NYG,15,CLE,0,0,0,0,0,0,0,0,4,74,0,9,0,0,0,0,0,0,0,0,0,0,,,,,
Darnell Mooney,WR,CHI,15,MIN,0,0,0,0,0,16,0,1,4,49,1,5,0,0,0,0,0,0,0,0,0,0,,,,,
Darrel Williams,RB,KC,15,NO,0,0,0,0,0,5,0,3,0,0,0,0,0,0,0,0,0,0,0,0,0,0,,,,,
Darrell Daniels,TE,ARI,15,PHI,0,0,0,0,0,0,0,0,1,2,0,1,0,0,0,0,0,0,0,0,0,0,,,,,
Darrell Henderson,RB,LA,15,NYJ,0,0,0,0,0,-2,0,1,1,5,0,1,0,0,0,0,0,0,0,0,0,0,,,,,
Darren Waller,TE,LV,15,LAC,0,0,0,0,0,0,0,0,9,150,1,12,0,0,0,0,0,0,0,0,0,0,,,,,
Darrynton Evans,RB,TEN,15,DET,0,0,0,0,0,30,0,8,2,27,1,2,0,0,0,0,0,0,0,0,0,0,,,,,
Davante Adams,WR,GB,15,CAR,0,0,0,0,0,0,0,0,7,42,0,10,0,0,0,0,0,0,0,0,0,0,,,,,
David Johnson,RB,HOU,15,IND,0,0,0,0,0,27,0,8,11,106,0,11,0,0,0,0,0,0,0,0,0,0,,,,,
David Montgomery,RB,CHI,15,MIN,0,0,0,0,0,146,2,32,1,16,0,2,0,0,0,0,0,0,0,0,0,0,,,,,
David Moore,WR,SEA,15,WAS,0,0,0,0,0,5,0,1,2,10,0,4,0,0,0,0,0,0,0,0,0,0,,,,,
David Njoku,TE,CLE,15,NYG,0,0,0,0,0,0,0,0,1,22,0,1,0,0,0,0,0,0,0,0,0,0,,,,,
Dawson Knox,TE,BUF,15,DEN,0,0,0,0,0,0,0,0,2,36,1,4,0,0,0,0,0,0,0,0,0,0,,,,,
DeAndre Hopkins,WR,ARI,15,PHI,0,0,0,0,0,1,0,1,9,169,1,11,0,0,0,0,0,0,0,0,0,0,,,,,
Demarcus Robinson,WR,KC,15,NO,0,0,0,0,0,0,0,0,2,27,0,3,0,0,0,0,0,0,0,0,0,0,,,,,
Denzel Mims,WR,NYJ,15,LA,0,0,0,0,0,0,0,0,3,18,0,4,0,0,0,0,0,0,0,0,0,0,,,,,
Deon Yelder,TE,KC,15,NO,0,0,0,0,0,0,0,0,1,6,0,1,0,0,0,0,0,0,0,0,0,0,,,,,
Derek Carr,QB,LV,15,LAC,53,0,5,3,0,0,0,0,0,0,0,0,0,0,0,0,0,0,0,0,0,0,,,,,
Derrick Henry,RB,TEN,15,DET,0,0,0,0,0,147,1,24,2,5,0,2,0,0,1,0,0,0,0,0,0,0,,,,,
Deshaun Watson,QB,HOU,15,IND,373,2,41,33,0,25,0,6,0,0,0,0,0,0,0,0,0,0,0,0,0,0,,,,,
Devin Asiasi,TE,NE,15,MIA,0,0,0,0,0,0,0,0,0,0,0,1,0,0,0,0,0,0,0,0,0,0,,,,,
Devin Singletary,RB,BUF,15,DEN,0,0,0,0,0,68,1,8,3,16,0,3,0,0,0,0,0,0,0,0,0,0,,,,,
Devine Ozigbo,RB,JAX,15,BAL,0,0,0,0,0,0,0,0,1,4,0,1,0,0,0,0,0,0,0,0,0,0,,,,,
Devontae Booker,RB,LV,15,LAC,0,0,0,0,0,12,0,3,0,0,0,0,0,0,0,0,0,0,0,0,0,0,,,,,
Dez Bryant,WR,BAL,15,JAX,0,0,0,0,0,0,0,0,1,11,1,3,0,0,0,0,0,0,0,0,0,0,,,,,
Dion Lewis,RB,NYG,15,CLE,0,0,0,0,0,4,0,1,2,14,0,2,0,0,0,0,0,0,0,0,0,0,,,,,
Diontae Johnson,WR,PIT,15,CIN,0,0,0,0,0,0,0,0,8,59,1,13,0,0,0,0,0,0,0,0,0,0,,,,,
Diontae Spencer,WR,DEN,15,BUF,0,0,0,0,0,0,0,0,0,0,0,0,0,0,0,0,0,0,0,0,0,0,,,,,
Donald Parham,TE,LAC,15,LV,0,0,0,0,0,0,0,0,0,0,0,1,0,0,0,0,0,0,0,0,0,0,,,,,
Donovan Peoples-Jones,WR,CLE,15,NYG,0,0,0,0,0,0,0,0,3,55,0,3,0,0,0,0,0,0,0,0,0,0,,,,,
Drew Brees,QB,NO,15,KC,234,3,34,15,1,0,0,0,0,0,0,0,0,0,0,0,0,0,0,0,0,0,,,,,
Drew Lock,QB,DEN,15,BUF,132,1,32,20,0,37,0,5,0,0,0,0,0,0,0,0,0,0,0,0,0,0,,,,,
Drew Sample,TE,CIN,15,PIT,0,0,0,0,0,0,0,0,1,4,0,1,0,0,0,0,0,0,0,0,0,0,,,,,
Durham Smythe,TE,MIA,15,NE,0,0,0,0,0,0,0,0,5,40,0,5,0,0,0,0,0,0,0,0,0,0,,,,,
Dustin Hopkins,K,WAS,15,SEA,0,0,0,0,0,0,0,0,0,0,0,0,0,0,0,0,0,0,1,0,0,0,,,,,
Dwayne Haskins,QB,WAS,15,SEA,295,1,55,38,2,28,0,3,0,0,0,0,0,0,0,0,0,0,0,0,0,0,,,,,
Emmanuel Sanders,WR,NO,15,KC,0,0,0,0,0,0,0,0,4,76,0,5,0,0,0,0,0,0,0,0,0,0,,,,,
Eric Ebron,TE,PIT,15,CIN,0,0,0,0,0,0,0,0,0,0,0,1,0,0,0,0,0,0,0,0,0,0,,,,,
Eric Tomlinson,TE,BAL,15,JAX,0,0,0,0,0,0,0,0,0,0,0,1,0,0,0,0,0,0,0,0,0,0,,,,,
Evan Engram,TE,NYG,15,CLE,0,0,0,0,0,0,0,0,4,46,0,7,0,0,0,0,0,0,0,0,0,0,,,,,
Foster Moreau,TE,LV,15,LAC,0,0,0,0,0,0,0,0,1,22,0,1,0,0,0,0,0,0,0,0,0,0,,,,,
Frank Gore,RB,NYJ,15,LA,0,0,0,0,0,59,1,23,1,6,0,1,0,0,0,0,0,0,0,0,0,0,,,,,
Freddie Swain,WR,SEA,15,WAS,0,0,0,0,0,0,0,0,1,3,0,1,0,0,0,0,0,0,0,0,0,0,,,,,
GB,DEF,GB,15,CAR,,,,,,,,,,,,,,,,,,,,,,,0,0,0,0,16.0
Gabe Davis,WR,BUF,15,DEN,0,0,0,0,0,0,0,0,2,18,0,5,0,0,0,0,0,0,0,0,0,0,,,,,
Gardner Minshew,QB,JAX,15,BAL,226,2,29,22,0,9,0,2,0,0,0,0,0,0,0,0,0,0,0,0,0,0,,,,,
Gerald Everett,TE,LA,15,NYJ,0,0,0,0,0,0,0,0,2,28,0,5,0,0,0,0,0,0,0,0,0,0,,,,,
Giovani Bernard,RB,CIN,15,PIT,0,0,0,0,0,83,1,25,1,14,1,1,0,0,0,0,0,0,0,0,0,0,,,,,
Golden Tate,WR,NYG,15,CLE,0,0,0,0,0,0,0,0,2,13,0,3,0,0,0,0,0,0,0,0,0,0,,,,,
Graham Gano,K,NYG,15,CLE,0,0,0,0,0,0,0,0,0,0,0,0,0,0,0,0,0,2,0,0,0,0,,,,,
Greg Ward,WR,PHI,15,ARI,0,0,0,0,0,0,0,0,4,15,2,5,0,0,0,0,0,0,0,0,0,0,,,,,
Greg Zuerlein,K,DAL,15,SF,0,0,0,0,0,0,0,0,0,0,0,0,0,0,0,0,0,0,2,0,0,5,,,,,
Gunner Olszewski,WR,NE,15,MIA,0,0,0,0,0,0,0,0,0,0,0,0,0,0,0,0,0,0,0,0,0,0,,,,,
Gus Edwards,RB,BAL,15,JAX,0,0,0,0,0,42,0,9,2,36,0,2,0,0,0,0,0,0,0,0,0,0,,,,,
HOU,DEF,HOU,15,IND,,,,,,,,,,,,,,,,,,,,,,,0,0,0,0,27.0
Harrison Bryant,TE,CLE,15,NYG,0,0,0,0,0,0,0,0,2,19,0,2,0,0,0,0,0,0,0,0,0,0,,,,,
Harrison Butker,K,KC,15,NO,0,0,0,0,0,0,0,0,0,0,0,0,0,0,0,0,1,0,0,0,0,3,,,,,
Hayden Hurst,TE,ATL,15,TB,0,0,0,0,0,0,0,0,4,21,1,5,0,0,0,0,0,0,0,0,0,0,,,,,
Hunter Bryant,TE,DET,15,TEN,0,0,0,0,0,0,0,0,1,44,0,2,0,0,0,0,0,0,0,0,0,0,,,,,
Hunter Henry,TE,LAC,15,LV,0,0,0,0,0,0,0,0,5,65,1,7,0,0,0,0,0,0,0,0,0,0,,,,,
Hunter Renfrow,WR,LV,15,LAC,0,0,0,0,0,0,0,0,1,4,0,2,0,0,0,0,0,0,0,0,0,0,,,,,
IND,DEF,IND,15,HOU,,,,,,,,,,,,,,,,,,,,,,,0,0,0,0,20.0
Ian Thomas,TE,CAR,15,GB,0,0,0,0,0,0,0,0,3,29,0,4,0,0,0,0,0,0,0,0,0,0,,,,,
Irv Smith,TE,MIN,15,CHI,0,0,0,0,0,0,0,0,3,37,0,4,0,0,0,0,0,0,0,0,0,0,,,,,
Isaiah Ford,WR,MIA,15,NE,0,0,0,0,0,0,0,0,3,18,0,3,0,0,0,0,0,0,0,0,0,0,,,,,
Isaiah McKenzie,WR,BUF,15,DEN,0,0,0,0,0,0,0,0,1,8,0,1,0,0,0,0,0,0,0,0,0,0,,,,,
Isaiah Wright,WR,WAS,15,SEA,0,0,0,0,0,0,0,0,2,15,0,2,0,0,0,0,0,0,0,0,0,0,,,,,
Ito Smith,RB,ATL,15,TB,0,0,0,0,0,24,0,6,2,9,0,3,0,0,0,0,0,0,0,0,0,0,,,,,
J.D. McKissic,RB,WAS,15,SEA,0,0,0,0,0,51,0,13,9,56,1,10,0,0,0,0,0,0,0,0,0,0,,,,,
J.J. Taylor,RB,NE,15,MIA,0,0,0,0,0,2,0,1,0,0,0,0,0,0,0,0,0,0,0,0,0,0,,,,,
J.K. Dobbins,RB,BAL,15,JAX,0,0,0,0,0,64,1,14,1,17,0,1,0,0,0,0,0,0,0,0,0,0,,,,,
J.P. Holtz,TE,CHI,15,MIN,0,0,0,0,0,0,0,0,0,0,0,1,0,0,0,0,0,0,0,0,0,0,,,,,
JAX,DEF,JAX,15,BAL,,,,,,,,,,,,,,,,,,,,,,,0,0,0,0,40.0
Jack Doyle,TE,IND,15,HOU,0,0,0,0,0,0,0,0,2,14,0,2,0,0,0,0,0,0,0,0,0,0,,,,,
Jacob Hollister,TE,SEA,15,WAS,0,0,0,0,0,0,0,0,2,17,1,2,0,0,0,0,0,0,0,0,0,0,,,,,
Jacoby Brissett,QB,IND,15,HOU,0,0,1,0,0,2,0,1,0,0,0,0,0,0,0,0,0,0,0,0,0,0,,,,,
Jaeden Graham,TE,ATL,15,TB,0,0,0,0,0,0,0,0,0,0,0,0,0,0,0,0,0,0,0,0,0,0,,,,,
Jake Elliott,K,PHI,15,ARI,0,0,0,0,0,0,0,0,0,0,0,0,0,0,0,0,0,0,0,0,0,2,,,,,
Jake Kumerow,WR,BUF,15,DEN,0,0,0,0,0,0,0,0,1,22,1,1,0,0,0,0,0,0,0,0,0,0,,,,,
Jakob Johnson,RB,NE,15,MIA,0,0,0,0,0,0,0,0,0,0,0,1,0,0,0,0,0,0,0,0,0,0,,,,,
Jakobi Meyers,WR,NE,15,MIA,0,0,0,0,0,0,0,0,7,111,0,10,0,0,0,0,0,0,0,0,0,0,,,,,
Jalen Guyton,WR,LAC,15,LV,0,0,0,0,0,4,0,1,4,91,0,6,0,0,0,0,0,0,0,0,0,0,,,,,
Jalen Hurts,QB,PHI,15,ARI,338,3,44,24,0,63,1,11,0,0,0,0,0,0,0,0,0,0,0,0,0,0,,,,,
Jalen Reagor,WR,PHI,15,ARI,0,0,0,0,0,-10,0,1,5,49,0,8,0,0,0,0,0,0,0,0,0,0,,,,,
Jalen Richard,RB,LV,15,LAC,0,0,0,0,0,0,0,0,1,7,0,1,0,0,0,0,0,0,0,0,0,0,,,,,
Jamaal Williams,RB,GB,15,CAR,0,0,0,0,0,6,0,1,2,14,0,2,0,0,0,0,0,0,0,0,0,0,,,,,
Jamal Agnew,WR,DET,15,TEN,0,0,0,0,0,7,0,1,1,13,0,1,0,0,0,0,0,0,0,0,0,0,,,,,
James O'Shaughnessy,TE,JAX,15,BAL,0,0,0,0,0,0,0,0,1,6,0,1,0,0,0,0,0,0,0,0,0,0,,,,,
James Proche,WR,BAL,15,JAX,0,0,0,0,0,0,0,0,0,0,0,0,0,0,0,0,0,0,0,0,0,0,,,,,
James Robinson,RB,JAX,15,BAL,0,0,0,0,0,35,0,16,3,18,1,3,0,0,0,0,0,0,0,0,0,0,,,,,
James Washington,WR,PIT,15,CIN,0,0,0,0,0,0,0,0,0,0,0,3,0,0,0,0,0,0,0,0,0,0,,,,,
James White,RB,NE,15,MIA,0,0,0,0,0,3,0,2,4,52,0,4,0,0,0,0,0,0,0,0,0,0,,,,,
Jamison Crowder,WR,NYJ,15,LA,0,0,0,0,0,0,0,0,6,66,0,8,0,0,0,0,0,0,0,0,0,0,,,,,
Jared Cook,TE,NO,15,KC,0,0,0,0,0,0,0,0,2,29,0,5,0,0,0,0,0,0,0,0,0,0,,,,,
Jared Goff,QB,LA,15,NYJ,209,2,34,22,1,9,0,1,0,0,0,0,0,0,0,0,0,0,0,0,0,0,,,,,
Jarvis Landry,WR,CLE,15,NYG,0,0,0,0,0,0,0,0,7,61,1,8,0,0,0,0,0,0,0,0,0,0,,,,,
Jason Myers,K,SEA,15,WAS,0,0,0,0,0,0,0,0,0,0,0,0,0,0,0,0,0,0,2,0,0,2,,,,,
Jason Sanders,K,MIA,15,NE,0,0,0,0,0,0,0,0,0,0,0,0,0,0,0,0,0,0,0,0,0,2,,,,,
Javon Wims,WR,CHI,15,MIN,0,0,0,0,0,0,0,0,0,0,0,1,0,0,0,0,0,0,0,0,0,0,,,,,
Jaylen Samuels,RB,PIT,15,CIN,0,0,0,0,0,4,0,1,1,12,0,1,0,0,0,0,0,0,0,0,0,0,,,,,
Jeff Wilson,RB,SF,15,DAL,0,0,0,0,0,60,1,16,0,0,0,4,0,0,0,0,0,0,0,0,0,0,,,,,
Jeremy McNichols,RB,TEN,15,DET,0,0,0,0,0,0,0,0,1,5,0,1,0,0,0,0,0,0,0,0,0,0,,,,,
Jerick McKinnon,RB,SF,15,DAL,0,0,0,0,0,0,0,0,2,22,0,2,0,0,0,0,0,0,0,0,0,0,,,,,
Jerry Jeudy,WR,DEN,15,BUF,0,0,0,0,0,0,0,0,1,19,0,5,0,0,0,0,0,0,0,0,0,0,,,,,
Jesse James,TE,DET,15,TEN,0,0,0,0,0,0,0,0,1,11,0,1,0,0,0,0,0,0,0,0,0,0,,,,,
Jimmy Graham,TE,CHI,15,MIN,0,0,0,0,0,0,0,0,2,25,0,3,0,0,0,0,0,0,0,0,0,0,,,,,
Joey Slye,K,CAR,15,GB,0,0,0,0,0,0,0,0,0,0,0,0,0,0,0,0,1,2,0,0,0,1,,,,,
Jonathan Taylor,RB,IND,15,HOU,0,0,0,0,0,83,1,16,4,12,0,5,0,0,0,0,0,0,0,0,0,0,,,,,
Jonnu Smith,TE,TEN,15,DET,0,0,0,0,0,0,0,0,5,52,0,5,0,0,0,0,0,0,0,0,0,0,,,,,
Jordan Akins,TE,HOU,15,IND,0,0,0,0,0,0,0,0,5,50,0,6,0,0,0,0,0,0,0,0,0,0,,,,,
Jordan Reed,TE,SF,15,DAL,0,0,0,0,0,0,0,0,2,18,1,5,0,0,0,0,0,0,0,0,0,0,,,,,
Josh Adams,RB,NYJ,15,LA,0,0,0,0,0,0,0,0,0,0,0,0,0,0,0,0,0,0,0,0,0,0,,,,,
Josh Allen,QB,BUF,15,DEN,359,2,40,28,0,33,2,3,0,0,0,0,0,0,0,0,0,0,0,0,0,0,,,,,
Josh Jacobs,RB,LV,15,LAC,0,0,0,0,0,76,1,26,3,38,0,3,0,0,0,0,0,0,0,0,0,0,,,,,
Josh Reynolds,WR,LA,15,NYJ,0,0,0,0,0,0,0,0,2,9,0,2,0,0,0,0,0,0,0,0,0,0,,,,,
Joshua Kelley,RB,LAC,15,LV,0,0,0,0,0,8,0,2,0,0,0,0,0,0,0,0,0,0,0,0,0,0,,,,,
JuJu Smith-Schuster,WR,PIT,15,CIN,0,0,0,0,0,0,0,0,3,15,0,6,0,0,0,0,0,0,0,0,0,0,,,,,
Justice Hill,RB,BAL,15,JAX,0,0,0,0,0,0,0,0,1,8,0,1,0,0,0,0,0,0,0,0,0,0,,,,,
Justin Herbert,QB,LAC,15,LV,314,2,32,22,0,14,1,4,0,0,0,0,0,0,0,0,0,0,0,0,0,0,,,,,
Justin Jefferson,WR,MIN,15,CHI,0,0,0,0,0,0,0,0,8,104,0,11,0,0,0,0,0,0,0,0,0,0,,,,,
Justin Tucker,K,BAL,15,JAX,0,0,0,0,0,0,0,0,0,0,0,0,0,0,0,0,0,0,1,0,0,5,,,,,
Juwan Johnson,TE,NO,15,KC,0,0,0,0,0,0,0,0,0,0,0,4,0,0,0,0,0,0,0,0,0,0,,,,,
K.J. Hill,WR,LAC,15,LV,0,0,0,0,0,0,0,0,3,39,0,3,0,0,0,0,0,0,0,0,0,0,,,,,
KC,DEF,KC,15,NO,,,,,,,,,,,,,,,,,,,,,,,0,0,0,0,29.0
KJ Hamler,WR,DEN,15,BUF,0,0,0,0,0,0,0,0,1,4,0,4,0,0,0,0,0,0,0,0,0,0,,,,,
Ka'imi Fairbairn,K,HOU,15,IND,0,0,0,0,0,0,0,0,0,0,0,0,0,0,0,0,1,1,0,0,0,2,,,,,
Kaden Smith,TE,NYG,15,CLE,0,0,0,0,0,0,0,0,1,0,0,1,0,0,0,0,0,0,0,0,0,0,,,,,
Kahale Warring,TE,HOU,15,IND,0,0,0,0,0,0,0,0,2,32,0,2,0,0,0,0,0,0,0,0,0,0,,,,,
Kalen Ballage,RB,LAC,15,LV,0,0,0,0,0,11,1,8,0,0,0,0,0,0,0,0,0,0,0,0,0,0,,,,,
Kareem Hunt,RB,CLE,15,NYG,0,0,0,0,0,21,0,7,3,7,0,3,0,0,0,0,0,0,0,0,0,0,,,,,
Ke'Shawn Vaughn,RB,TB,15,ATL,0,0,0,0,0,4,0,2,0,0,0,1,0,0,0,0,0,0,0,0,0,0,,,,,
KeeSean Johnson,WR,ARI,15,PHI,0,0,0,0,0,0,0,0,2,38,0,3,0,0,0,0,0,0,0,0,0,0,,,,,
Keelan Cole,WR,JAX,15,BAL,0,0,0,0,0,0,0,0,2,22,0,2,0,0,0,0,0,0,0,0,0,0,,,,,
Keenan Allen,WR,LAC,15,LV,0,0,0,0,0,-1,0,1,1,17,0,3,0,0,0,0,0,0,0,0,0,0,,,,,
Keke Coutee,WR,HOU,15,IND,0,0,0,0,0,0,0,0,5,53,1,7,0,0,0,0,0,0,0,0,0,0,,,,,
Kendrick Bourne,WR,SF,15,DAL,0,0,0,0,0,0,0,0,4,86,1,4,0,0,0,0,0,0,0,0,0,0,,,,,
Kenjon Barner,RB,TB,15,ATL,0,0,0,0,0,0,0,0,0,0,0,0,0,0,0,0,0,0,0,0,0,0,,,,,
Kenyan Drake,RB,ARI,15,PHI,0,0,0,0,0,26,0,10,2,14,0,2,0,0,0,0,0,0,0,0,0,0,,,,,
Kirk Cousins,QB,MIN,15,CHI,271,2,35,24,1,25,0,3,0,0,0,0,0,0,0,0,0,0,0,0,0,0,,,,,
Kyle Juszczyk,RB,SF,15,DAL,0,0,0,0,0,4,0,2,1,25,0,2,0,0,0,0,0,0,0,0,0,0,,,,,
Kyler Murray,QB,ARI,15,PHI,406,3,36,27,1,29,1,8,0,0,0,0,0,0,0,0,0,0,0,0,0,0,,,,,
LA,DEF,LA,15,NYJ,,,,,,,,,,,,,,,,,,,,,,,0,0,0,0,23.0
LAC,DEF,LAC,15,LV,,,,,,,,,,,,,,,,,,,,,,,0,0,0,0,27.0
LV,DEF,LV,15,LAC,,,,,,,,,,,,,,,,,,,,,,,0,0,0,0,30.0
Lamar Jackson,QB,BAL,15,JAX,243,3,22,17,1,35,1,10,0,0,0,0,0,0,0,0,0,0,0,0,0,0,,,,,
Laquon Treadwell,WR,ATL,15,TB,0,0,0,0,0,0,0,0,1,14,0,1,0,0,0,0,0,0,0,0,0,0,,,,,
Larry Fitzgerald,WR,ARI,15,PHI,0,0,0,0,0,0,0,0,3,35,1,4,0,0,0,0,0,0,0,0,0,0,,,,,
Latavius Murray,RB,NO,15,KC,0,0,0,0,0,3,0,4,2,26,1,3,0,0,0,0,0,0,0,0,0,0,,,,,
Laviska Shenault Jr.,WR,JAX,15,BAL,0,0,0,0,0,1,0,2,5,43,0,6,0,0,0,0,0,0,0,0,0,0,,,,,
Le'Veon Bell,RB,KC,15,NO,0,0,0,0,0,62,1,15,1,14,0,1,0,0,0,0,0,0,0,0,0,0,,,,,
LeSean McCoy,RB,TB,15,ATL,0,0,0,0,0,0,0,0,3,32,0,3,0,0,0,0,0,0,0,0,0,0,,,,,
Lee Smith,TE,BUF,15,DEN,0,0,0,0,0,0,0,0,0,0,0,1,0,0,0,0,0,0,0,0,0,0,,,,,
Leonard Fournette,RB,TB,15,ATL,0,0,0,0,0,49,2,14,3,16,0,5,0,0,0,0,0,0,0,0,0,0,,,,,
Levine Toilolo,TE,NYG,15,CLE,0,0,0,0,0,0,0,0,1,14,0,1,0,0,0,0,0,0,0,0,0,0,,,,,
Lil'Jordan Humphrey,WR,NO,15,KC,0,0,0,0,0,0,0,0,2,29,1,4,0,0,0,0,0,0,0,0,0,0,,,,,
Logan Thomas,TE,WAS,15,SEA,0,0,0,0,0,0,0,0,13,101,0,16,0,0,0,0,0,0,0,0,0,0,,,,,
Logan Woodside,QB,TEN,15,DET,0,0,0,0,0,-3,0,3,0,0,0,0,0,0,0,0,0,0,0,0,0,0,,,,,
Luke Stocker,TE,ATL,15,TB,0,0,0,0,0,0,0,0,2,21,0,3,0,0,0,0,0,0,0,0,0,0,,,,,
Lynn Bowden,WR,MIA,15,NE,0,0,0,0,0,9,0,1,6,37,0,7,0,0,0,0,0,0,0,0,0,0,,,,,
MIA,DEF,MIA,15,NE,,,,,,,,,,,,,,,,,,,,,,,0,0,0,0,12.0
MIN,DEF,MIN,15,CHI,,,,,,,,,,,,,,,,,,,,,,,0,0,0,0,33.0
Mack Hollins,WR,MIA,15,NE,0,0,0,0,0,0,0,0,2,18,0,3,0,0,0,0,0,0,0,0,0,0,,,,,
Malcolm Brown,RB,LA,15,NYJ,0,0,0,0,0,4,0,1,1,6,0,1,0,0,0,0,0,0,0,0,0,0,,,,,
Malcolm Perry,RB,MIA,15,NE,0,0,0,0,0,4,0,1,0,0,0,0,0,0,0,0,0,0,0,0,0,0,,,,,
Marcus Johnson,WR,IND,15,HOU,0,0,0,0,0,0,0,0,0,0,0,0,0,0,0,0,0,0,0,0,0,0,,,,,
Marcus Mariota,QB,LV,15,LAC,226,1,28,17,1,88,1,9,0,0,0,0,0,0,0,0,0,0,0,0,0,0,,,,,
Mark Andrews,TE,BAL,15,JAX,0,0,0,0,0,0,0,0,5,66,1,5,0,0,0,0,0,0,0,0,0,0,,,,,
Marquez Valdes-Scantling,WR,GB,15,CAR,0,0,0,0,0,0,0,0,0,0,0,1,0,0,0,0,0,0,0,0,0,0,,,,,
Marquise Brown,WR,BAL,15,JAX,0,0,0,0,0,0,0,0,6,98,0,7,0,0,0,0,0,0,0,0,0,0,,,,,
Marvin Jones,WR,DET,15,TEN,0,0,0,0,0,0,0,0,10,112,1,12,0,0,0,0,0,0,0,0,0,0,,,,,
Mason Crosby,K,GB,15,CAR,0,0,0,0,0,0,0,0,0,0,0,0,0,0,0,0,0,0,0,1,0,3,,,,,
Mason Schreck,TE,CIN,15,PIT,0,0,0,0,0,0,0,0,0,0,0,0,0,0,0,0,0,0,0,0,0,0,,,,,
Matt Breida,RB,MIA,15,NE,0,0,0,0,0,86,0,12,0,0,0,0,0,0,0,0,0,0,0,0,0,0,,,,,
Matt Gay,K,LA,15,NYJ,0,0,0,0,0,0,0,0,0,0,0,0,0,0,0,0,0,0,2,0,0,2,,,,,
Matt Prater,K,DET,15,TEN,0,0,0,0,0,0,0,0,0,0,0,0,0,0,0,0,0,0,0,1,0,2,,,,,
Matt Ryan,QB,ATL,15,TB,356,3,49,34,0,16,0,1,0,0,0,0,0,0,0,0,0,0,0,0,0,0,,,,,
Matthew Stafford,QB,DET,15,TEN,252,1,32,22,0,12,0,2,0,0,0,0,0,0,0,0,0,0,0,0,0,0,,,,,
Maxx Williams,TE,ARI,15,PHI,0,0,0,0,0,0,0,0,1,42,0,1,0,0,0,0,0,0,0,0,0,0,,,,,
Mecole Hardman,WR,KC,15,NO,0,0,0,0,0,-5,0,1,3,22,1,9,0,0,0,0,0,0,0,0,0,0,,,,,
Melvin Gordon,RB,DEN,15,BUF,0,0,0,0,0,61,2,11,4,20,0,4,0,0,0,0,0,0,0,0,0,0,,,,,
Michael Gallup,WR,DAL,15,SF,0,0,0,0,0,0,0,0,3,26,1,4,0,0,0,0,0,0,0,0,0,0,,,,,
Michael Pittman,WR,IND,15,HOU,0,0,0,0,0,0,0,0,2,19,0,3,0,0,0,0,0,0,0,0,0,0,,,,,
Mike Badgley,K,LAC,15,LV,0,0,0,0,0,0,0,0,0,0,0,0,0,0,0,0,1,0,0,0,0,3,,,,,
Mike Davis,RB,CAR,15,GB,0,0,0,0,0,59,0,14,2,2,0,2,0,0,0,0,0,0,0,0,0,0,,,,,
Mike Evans,WR,TB,15,ATL,0,0,0,0,0,0,0,0,6,110,0,7,0,0,0,0,0,0,0,0,0,0,,,,,
Mike Nugent,K,ARI,15,PHI,0,0,0,0,0,0,0,0,0,0,0,0,0,0,0,0,0,0,1,0,0,4,,,,,
Mike Williams,WR,LAC,15,LV,0,0,0,0,0,0,0,0,2,22,0,2,0,0,0,0,0,0,0,0,0,0,,,,,
Miles Boykin,WR,BAL,15,JAX,0,0,0,0,0,0,0,0,1,4,1,2,0,0,0,0,0,0,0,0,0,0,,,,,
Miles Sanders,RB,PHI,15,ARI,0,0,0,0,0,64,0,17,1,26,0,2,0,0,0,0,0,0,0,0,0,0,,,,,
Mitchell Trubisky,QB,CHI,15,MIN,202,1,21,15,1,34,0,8,0,0,0,0,0,0,0,0,0,0,0,0,0,0,,,,,
Mo Alie-Cox,TE,IND,15,HOU,0,0,0,0,0,0,0,0,2,14,0,2,0,0,0,0,0,0,0,0,0,0,,,,,
Mohamed Sanu,WR,DET,15,TEN,0,0,0,0,0,0,0,0,4,38,0,5,0,0,0,0,0,0,0,0,0,0,,,,,
MyCole Pruitt,TE,TEN,15,DET,0,0,0,0,0,0,0,0,1,10,0,2,0,0,0,0,0,0,0,0,0,0,,,,,
N'Keal Harry,TE,NE,15,MIA,0,0,0,0,0,0,0,0,1,12,0,2,0,0,0,0,0,0,0,0,0,0,,,,,
NE,DEF,NE,15,MIA,,,,,,,,,,,,,,,,,,,,,,,0,0,0,0,22.0
NO,DEF,NO,15,KC,,,,,,,,,,,,,,,,,,,,,,,0,1,0,0,32.0
NYG,DEF,NYG,15,CLE,,,,,,,,,,,,,,,,,,,,,,,0,0,0,0,20.0
NYJ,DEF,NYJ,15,LA,,,,,,,,,,,,,,,,,,,,,,,0,0,0,0,20.0
Nathan Cottrell,RB,JAX,15,BAL,0,0,0,0,0,0,0,0,0,0,0,0,0,0,0,0,0,0,0,0,0,0,,,,,
Nelson Agholor,WR,LV,15,LAC,0,0,0,0,0,0,0,0,4,49,0,8,0,0,0,0,0,0,0,0,0,0,,,,,
Nick Chubb,RB,CLE,15,NYG,0,0,0,0,0,50,1,15,2,16,0,2,0,0,0,0,0,0,0,0,0,0,,,,,
Nick Folk,K,NE,15,MIA,0,0,0,0,0,0,0,0,0,0,0,0,0,0,0,0,0,1,3,0,0,0,,,,,
Nick Mullens,QB,SF,15,DAL,219,2,36,21,2,7,0,1,0,0,0,0,0,0,0,0,0,0,0,0,0,0,,,,,
Nick Vannett,TE,DEN,15,BUF,0,0,0,0,0,0,0,0,0,0,0,1,0,0,0,0,0,0,0,0,0,0,,,,,
Nick Westbrook-Ikhine,WR,TEN,15,DET,0,0,0,0,0,0,0,0,0,0,0,0,0,0,0,0,0,0,0,0,0,0,,,,,
Noah Brown,WR,DAL,15,SF,0,0,0,0,0,4,0,1,1,13,0,6,0,0,0,0,0,0,0,0,0,0,,,,,
Noah Fant,TE,DEN,15,BUF,0,0,0,0,0,0,0,0,8,68,1,11,0,0,0,0,0,0,0,0,0,0,,,,,
Nsimba Webster,WR,LA,15,NYJ,0,0,0,0,0,0,0,0,0,0,0,0,0,0,0,0,0,0,0,0,0,0,,,,,
Nyheim Hines,RB,IND,15,HOU,0,0,0,0,0,43,0,5,2,11,0,3,0,0,0,0,0,0,0,0,0,0,,,,,
PHI,DEF,PHI,15,ARI,,,,,,,,,,,,,,,,,,,,,,,0,0,0,0,33.0
PIT,DEF,PIT,15,CIN,,,,,,,,,,,,,,,,,,,,,,,0,0,0,0,27.0
Patrick Laird,RB,MIA,15,NE,0,0,0,0,0,20,0,2,2,12,0,2,0,0,0,0,0,0,0,0,0,0,,,,,
Patrick Mahomes,QB,KC,15,NO,254,3,47,26,0,37,0,7,0,0,0,0,0,0,1,0,0,0,0,0,0,0,,,,,
Patrick Ricard,RB,BAL,15,JAX,0,0,0,0,0,0,0,0,2,10,0,3,0,0,0,0,0,0,0,0,0,0,,,,,
Peyton Barber,RB,WAS,15,SEA,0,0,0,0,0,5,1,4,0,0,0,1,0,0,0,0,0,0,0,0,0,0,,,,,
Pharaoh Brown,TE,HOU,15,IND,0,0,0,0,0,0,0,0,1,11,0,1,0,0,0,0,0,0,0,0,0,0,,,,,
Pharoh Cooper,WR,CAR,15,GB,0,0,0,0,0,0,0,0,0,0,0,1,0,0,0,0,0,0,0,0,0,0,,,,,
Philip Rivers,QB,IND,15,HOU,228,2,28,22,0,-1,0,1,0,0,0,0,0,0,0,0,0,0,0,0,0,0,,,,,
Phillip Lindsay,RB,DEN,15,BUF,0,0,0,0,0,38,0,11,3,7,0,3,0,0,0,0,0,0,0,0,0,0,,,,,
Quez Watkins,WR,PHI,15,ARI,0,0,0,0,0,0,0,0,3,40,1,4,0,0,0,0,0,0,0,0,0,0,,,,,
Quintez Cephus,WR,DET,15,TEN,0,0,0,0,0,0,0,0,1,36,0,3,0,0,0,0,0,0,0,0,0,0,,,,,
Raheem Mostert,RB,SF,15,DAL,0,0,0,0,0,68,0,14,0,0,0,0,0,0,0,0,0,0,0,0,0,0,,,,,
Rashaad Penny,RB,SEA,15,WAS,0,0,0,0,0,6,0,2,0,0,0,0,0,0,0,0,0,0,0,0,0,0,,,,,
Rashard Higgins,WR,CLE,15,NYG,0,0,0,0,0,0,0,0,4,76,0,5,0,0,0,0,0,0,0,0,0,0,,,,,
Ray-Ray McCloud,WR,PIT,15,CIN,0,0,0,0,0,0,0,0,1,-2,0,1,0,0,0,0,0,0,0,0,0,0,,,,,
Richie James,WR,SF,15,DAL,0,0,0,0,0,0,0,0,4,56,0,7,0,0,0,0,0,0,0,0,0,0,,,,,
Rico Dowdle,RB,DAL,15,SF,0,0,0,0,0,11,0,4,0,0,0,0,0,0,0,0,0,0,0,0,0,0,,,,,
River Cracraft,WR,SF,15,DAL,0,0,0,0,0,0,0,0,2,11,0,2,0,0,0,0,0,0,0,0,0,0,,,,,
Rob Gronkowski,TE,TB,15,ATL,0,0,0,0,0,0,0,0,3,29,0,7,0,0,0,0,0,0,0,0,0,0,,,,,
Robbie Chosen,WR,CAR,15,GB,0,0,0,0,0,-1,0,1,2,21,0,5,0,0,0,0,0,0,0,0,0,0,,,,,
Robbie Gould,K,SF,15,DAL,0,0,0,0,0,0,0,0,0,0,0,0,0,0,0,0,0,1,1,0,0,3,,,,,
Robert Foster,WR,WAS,15,SEA,0,0,0,0,0,0,0,0,1,9,0,2,0,0,0,0,0,0,0,0,0,0,,,,,
Robert Tonyan,TE,GB,15,CAR,0,0,0,0,0,0,0,0,3,18,1,3,0,0,0,0,0,0,0,0,0,0,,,,,
Robert Woods,WR,LA,15,NYJ,0,0,0,0,0,40,0,1,6,56,1,7,0,0,0,0,0,0,0,0,0,0,,,,,
Rodney Smith,RB,CAR,15,GB,0,0,0,0,0,23,0,4,3,24,0,4,0,0,0,0,0,0,0,0,0,0,,,,,
Rodrigo Blankenship,K,IND,15,HOU,0,0,0,0,0,0,0,0,0,0,0,0,0,0,0,0,0,1,0,1,0,3,,,,,
Ross Dwelley,TE,SF,15,DAL,0,0,0,0,0,0,0,0,2,28,0,2,0,0,0,0,0,0,0,0,0,0,,,,,
Royce Freeman,RB,DEN,15,BUF,0,0,0,0,0,4,0,1,0,0,0,0,0,0,0,0,0,0,0,0,0,0,,,,,
Russell Gage,WR,ATL,15,TB,0,0,0,0,0,0,0,0,5,68,1,10,0,0,0,0,0,0,0,0,0,0,,,,,
Russell Wilson,QB,SEA,15,WAS,121,1,27,18,1,52,0,6,0,0,0,0,0,0,0,0,0,0,0,0,0,0,,,,,
Ryan Finley,QB,CIN,15,PIT,89,1,13,7,0,47,1,10,0,0,0,0,0,0,0,0,0,0,0,0,0,0,,,,,
Ryan Succop,K,TB,15,ATL,0,0,0,0,0,0,0,0,0,0,0,0,0,0,0,0,1,0,0,0,0,4,,,,,
Ryan Tannehill,QB,TEN,15,DET,273,3,27,21,0,21,2,3,0,0,0,0,0,0,0,0,0,0,0,0,0,0,,,,,
SEA,DEF,SEA,15,WAS,,,,,,,,,,,,,,,,,,,,,,,0,0,0,0,15.0
SF,DEF,SF,15,DAL,,,,,,,,,,,,,,,,,,,,,,,0,0,0,0,41.0
Salvon Ahmed,RB,MIA,15,NE,0,0,0,0,0,122,1,23,1,5,0,3,0,0,1,0,0,0,0,0,0,0,,,,,
Sam Darnold,QB,NYJ,15,LA,207,1,31,22,0,18,0,5,0,0,0,0,0,0,0,0,0,0,0,0,0,0,,,,,
Sam Ficken,K,NYJ,15,LA,0,0,0,0,0,0,0,0,0,0,0,0,0,0,0,0,2,1,0,0,0,2,,,,,
Samaje Perine,RB,CIN,15,PIT,0,0,0,0,0,14,0,4,0,0,0,0,0,0,0,0,0,0,0,0,0,0,,,,,
Sammy Watkins,WR,KC,15,NO,0,0,0,0,0,0,0,0,4,60,0,6,0,0,0,0,0,0,0,0,0,0,,,,,
Scott Miller,WR,TB,15,ATL,0,0,0,0,0,0,0,0,3,20,0,3,0,0,0,0,0,0,0,0,0,0,,,,,
Scottie Phillips,RB,HOU,15,IND,0,0,0,0,0,9,0,2,1,7,0,1,0,0,0,0,0,0,0,0,0,0,,,,,
Senorise Perry,RB,TEN,15,DET,0,0,0,0,0,0,0,0,0,0,0,0,0,0,0,0,0,0,0,0,0,0,,,,,
Sewo Olonilua,RB,DAL,15,SF,0,0,0,0,0,0,0,0,0,0,0,0,0,0,0,0,0,0,0,0,0,0,,,,,
Sony Michel,RB,NE,15,MIA,0,0,0,0,0,74,0,10,1,8,0,1,0,0,0,0,0,0,0,0,0,0,,,,,
Stanley Morgan,WR,CIN,15,PIT,0,0,0,0,0,0,0,0,0,0,0,0,0,0,0,0,0,0,0,0,0,0,,,,,
Stefon Diggs,WR,BUF,15,DEN,0,0,0,0,0,0,0,0,11,147,0,13,0,0,0,0,0,0,0,0,0,0,,,,,
Stephen Gostkowski,K,TEN,15,DET,0,0,0,0,0,0,0,0,0,0,0,0,0,0,0,0,0,1,0,0,0,5,,,,,
Sterling Shepard,WR,NYG,15,CLE,0,0,0,0,0,-3,0,1,4,51,0,7,0,0,0,0,0,0,0,0,0,0,,,,,
Steven Mitchell,WR,HOU,15,IND,0,0,0,0,0,0,0,0,0,0,0,0,0,0,0,0,0,0,0,0,0,0,,,,,
Steven Sims,WR,WAS,15,SEA,0,0,0,0,0,0,0,0,1,11,0,2,0,0,0,0,0,0,0,0,0,0,,,,,
T.J. Hockenson,TE,DET,15,TEN,0,0,0,0,0,0,0,1,2,18,0,4,0,0,0,0,0,0,0,0,0,0,,,,,
T.Y. Hilton,WR,IND,15,HOU,0,0,0,0,0,0,0,0,4,71,0,6,0,0,0,0,0,0,0,0,0,0,,,,,
TB,DEF,TB,15,ATL,,,,,,,,,,,,,,,,,,,,,,,0,0,0,0,27.0
TEN,DEF,TEN,15,DET,,,,,,,,,,,,,,,,,,,,,,,0,0,0,0,25.0
Taiwan Jones,RB,BUF,15,DEN,0,0,0,0,0,0,0,0,0,0,0,0,0,0,0,0,0,0,0,0,0,0,,,,,
Tavon Austin,WR,GB,15,CAR,0,0,0,0,0,0,0,0,0,0,0,0,0,0,0,0,0,0,0,0,0,0,,,,,
Taylor Russolino,K,DEN,15,BUF,0,0,0,0,0,0,0,0,0,0,0,0,0,0,0,0,0,0,0,0,0,1,,,,,
Taysom Hill,TE,NO,15,KC,0,0,0,0,0,3,1,2,0,0,0,2,0,0,0,0,0,0,0,0,0,0,,,,,
Teddy Bridgewater,QB,CAR,15,GB,258,0,35,21,0,26,1,4,0,0,0,0,0,0,0,0,0,0,0,0,0,0,,,,,
Tee Higgins,WR,CIN,15,PIT,0,0,0,0,0,0,0,0,3,31,0,6,0,0,0,0,0,0,0,0,0,0,,,,,
Terry McLaurin,WR,WAS,15,SEA,0,0,0,0,0,0,0,0,7,77,0,12,0,0,0,0,0,0,0,0,0,0,,,,,
Tevin Coleman,RB,SF,15,DAL,0,0,0,0,0,11,0,3,0,0,0,0,0,0,0,0,0,0,0,0,0,0,,,,,
Theo Riddick,RB,LV,15,LAC,0,0,0,0,0,-5,0,1,0,0,0,0,0,0,0,0,0,0,0,0,0,0,,,,,
Tim Patrick,WR,DEN,15,BUF,0,0,0,0,0,0,0,0,3,14,0,4,0,0,0,0,0,0,0,0,0,0,,,,,
Todd Gurley,RB,ATL,15,TB,0,0,0,0,0,-1,0,1,2,15,0,2,0,0,0,0,0,0,0,0,0,0,,,,,
Tom Brady,QB,TB,15,ATL,390,2,45,31,0,-2,0,2,0,0,0,0,0,0,0,0,0,0,0,0,0,0,,,,,
Tommylee Lewis,WR,NO,15,KC,0,0,0,0,0,0,0,0,0,0,0,1,0,0,0,0,0,0,0,0,0,0,,,,,
Tony Pollard,RB,DAL,15,SF,0,0,0,0,0,69,2,12,6,63,0,9,0,0,0,0,0,0,0,0,0,0,,,,,
Travis Fulgham,WR,PHI,15,ARI,0,0,0,0,0,0,0,0,2,30,0,2,0,0,0,0,0,0,0,0,0,0,,,,,
Travis Kelce,TE,KC,15,NO,0,0,0,0,0,0,0,0,8,68,1,12,0,0,1,0,0,0,0,0,0,0,,,,,
Trayveon Williams,RB,CIN,15,PIT,0,0,0,0,0,8,0,2,0,0,0,0,0,0,0,0,0,0,0,0,0,0,,,,,
Tre'Quan Smith,WR,NO,15,KC,0,0,0,0,0,0,0,0,1,25,0,2,0,0,0,0,0,0,0,0,0,0,,,,,
Trent Taylor,WR,SF,15,DAL,0,0,0,0,0,0,0,0,0,0,0,0,0,0,0,0,0,0,0,0,0,0,,,,,
Trenton Cannon,RB,CAR,15,GB,0,0,0,0,0,0,0,0,0,0,0,0,0,0,0,0,0,0,0,0,0,0,,,,,
Trevon Wesco,TE,NYJ,15,LA,0,0,0,0,0,0,0,0,0,0,0,0,0,0,0,0,0,0,0,0,0,0,,,,,
Trey Burton,TE,IND,15,HOU,0,0,0,0,0,0,0,0,1,8,0,2,0,0,0,0,0,0,0,0,0,0,,,,,
Tua Tagovailoa,QB,MIA,15,NE,145,0,26,20,1,9,2,3,0,0,0,0,0,0,1,0,0,0,0,0,0,0,,,,,
Ty Johnson,RB,NYJ,15,LA,0,0,0,0,0,16,0,3,6,39,1,6,0,0,0,0,0,0,0,0,0,0,,,,,
Tyler Bass,K,BUF,15,DEN,0,0,0,0,0,0,0,0,0,0,0,0,0,0,0,0,2,0,0,0,0,6,,,,,
Tyler Boyd,WR,CIN,15,PIT,0,0,0,0,0,0,0,0,0,0,0,1,0,0,0,0,0,0,0,0,0,0,,,,,
Tyler Conklin,TE,MIN,15,CHI,0,0,0,0,0,0,0,0,3,57,1,4,0,0,0,0,0,0,0,0,0,0,,,,,
Tyler Eifert,TE,JAX,15,BAL,0,0,0,0,0,0,0,0,3,51,0,4,0,0,0,0,0,0,0,0,0,0,,,,,
Tyler Higbee,TE,LA,15,NYJ,0,0,0,0,0,0,0,0,4,67,1,5,0,0,0,0,0,0,0,0,0,0,,,,,
Tyler Huntley,QB,BAL,15,JAX,7,0,4,2,0,18,0,4,0,0,0,0,0,0,0,0,0,0,0,0,0,0,,,,,
Tyler Johnson,WR,TB,15,ATL,0,0,0,0,0,0,0,0,0,0,0,1,0,0,0,0,0,0,0,0,0,0,,,,,
Tyler Lockett,WR,SEA,15,WAS,0,0,0,0,0,0,0,0,4,34,0,7,0,0,0,0,0,0,0,0,0,0,,,,,
Tyreek Hill,WR,KC,15,NO,0,0,0,0,0,1,0,1,6,53,1,10,0,0,0,0,0,0,0,0,0,0,,,,,
Tyron Johnson,WR,LAC,15,LV,0,0,0,0,0,0,0,0,3,61,1,5,0,0,0,0,0,0,0,0,0,0,,,,,
Van Jefferson,WR,LA,15,NYJ,0,0,0,0,0,0,0,0,0,0,0,1,0,0,0,0,0,0,0,0,0,0,,,,,
Vance McDonald,TE,PIT,15,CIN,0,0,0,0,0,0,0,0,0,0,0,0,0,0,0,0,0,0,0,0,0,0,,,,,
WAS,DEF,WAS,15,SEA,,,,,,,,,,,,,,,,,,,,,,,0,0,0,0,20.0
Wayne Gallman,RB,NYG,15,CLE,0,0,0,0,0,29,0,9,0,0,0,0,0,0,0,0,0,0,0,0,0,0,,,,,
Wil Lutz,K,NO,15,KC,0,0,0,0,0,0,0,0,0,0,0,0,0,0,0,0,0,0,0,0,0,3,,,,,
Will Dissly,TE,SEA,15,WAS,0,0,0,0,0,0,0,0,0,0,0,0,0,0,0,0,0,0,0,0,0,0,,,,,
Willie Snead,WR,BAL,15,JAX,0,0,0,0,0,0,0,0,0,0,0,1,0,0,0,0,0,0,0,0,0,0,,,,,
Younghoe Koo,K,ATL,15,TB,0,0,0,0,0,0,0,0,0,0,0,0,0,0,0,0,0,1,0,1,0,3,,,,,
Zach Ertz,TE,PHI,15,ARI,0,0,0,0,0,0,0,0,2,69,0,7,0,0,0,0,0,0,0,0,0,0,,,,,
Zach Pascal,WR,IND,15,HOU,0,0,0,0,0,0,0,0,5,79,2,6,0,0,0,0,0,0,0,0,0,0,,,,,
Zack Moss,RB,BUF,15,DEN,0,0,0,0,0,81,0,13,0,0,0,0,0,0,0,0,0,0,0,0,0,0,,,,,
Zay Jones,WR,LV,15,LAC,0,0,0,0,0,0,0,0,1,9,0,2,0,0,0,0,0,0,0,0,0,0,,,,,
A.J. Brown,WR,TEN,16,GB,0,0,0,0,0,0,0,0,4,43,0,8,0,0,0,0,0,0,0,0,0,0,,,,,
A.J. Green,WR,CIN,16,HOU,0,0,0,0,0,0,0,0,4,64,0,7,0,0,0,0,0,0,0,0,0,0,,,,,
AJ Dillon,RB,GB,16,TEN,0,0,0,0,0,124,2,21,1,5,0,1,0,0,0,0,0,0,0,0,0,0,,,,,
ARI,DEF,ARI,16,SF,,,,,,,,,,,,,,,,,,,,,,,0,0,0,0,20.0
ATL,DEF,ATL,16,KC,,,,,,,,,,,,,,,,,,,,,,,0,0,0,0,17.0
Aaron Jones,RB,GB,16,TEN,0,0,0,0,0,94,0,10,2,14,0,3,0,0,0,0,0,0,0,0,0,0,,,,,
Aaron Rodgers,QB,GB,16,TEN,231,4,25,21,1,19,0,3,0,0,0,0,0,0,0,0,0,0,0,0,0,0,,,,,
Adam Shaheen,TE,MIA,16,LV,0,0,0,0,0,0,0,0,1,3,0,1,0,0,0,0,0,0,0,0,0,0,,,,,
Adam Thielen,WR,MIN,16,NO,0,0,0,0,0,0,0,0,8,97,1,9,0,0,0,0,0,0,0,0,0,0,,,,,
Adam Trautman,TE,NO,16,MIN,0,0,0,0,0,0,0,0,2,45,0,2,0,0,0,0,0,0,0,0,0,0,,,,,
Adrian Peterson,RB,DET,16,TB,0,0,0,0,0,10,0,4,0,0,0,0,0,0,0,0,0,0,0,0,0,0,,,,,
Aldrick Rosas,K,JAX,16,CHI,0,0,0,0,0,0,0,0,0,0,0,0,0,0,0,0,1,0,0,0,0,2,,,,,
Alex Armah,RB,CAR,16,WAS,0,0,0,0,0,3,0,1,0,0,0,0,0,0,0,0,0,0,0,0,0,0,,,,,
Alex Erickson,WR,CIN,16,HOU,0,0,1,0,0,0,0,0,6,88,0,6,0,0,0,0,0,0,0,0,0,0,,,,,
Alfred Morris,RB,NYG,16,BAL,0,0,0,0,0,4,0,3,1,9,0,1,0,0,0,0,0,0,0,0,0,0,,,,,
Allen Lazard,WR,GB,16,TEN,0,0,0,0,0,0,0,0,2,14,0,2,0,0,0,0,0,0,0,0,0,0,,,,,
Allen Robinson,WR,CHI,16,JAX,0,0,0,0,0,0,0,0,10,103,0,13,0,0,0,0,0,0,0,0,0,0,,,,,
Alshon Jeffery,WR,PHI,16,DAL,0,0,0,0,0,0,0,0,1,22,0,1,0,0,0,0,0,0,0,0,0,0,,,,,
Alvin Kamara,RB,NO,16,MIN,0,0,0,0,0,155,6,22,3,17,0,5,0,0,0,0,0,0,0,0,0,0,,,,,
Amari Cooper,WR,DAL,16,PHI,0,0,0,0,0,0,0,0,4,121,0,6,0,0,0,0,0,0,0,0,0,0,,,,,
Ameer Abdullah,RB,MIN,16,NO,0,0,0,0,0,13,0,1,0,0,0,1,0,0,0,0,0,0,0,0,0,0,,,,,
Andre Roberts,WR,BUF,16,NE,0,0,0,0,0,0,0,0,2,12,0,2,0,0,0,0,0,0,0,0,0,0,,,,,
Andy Dalton,QB,DAL,16,PHI,377,3,30,22,1,15,0,5,0,0,0,0,0,0,0,0,0,0,0,0,0,0,,,,,
Anthony Firkser,TE,TEN,16,GB,0,0,0,0,0,0,0,0,1,11,0,2,0,0,0,0,0,0,0,0,0,0,,,,,
Anthony Miller,WR,CHI,16,JAX,0,0,0,0,0,0,0,0,2,10,0,3,0,0,0,0,0,0,0,0,0,0,,,,,
Antonio Brown,WR,TB,16,DET,0,0,0,0,0,0,0,0,4,35,1,6,0,0,0,0,0,0,0,0,0,0,,,,,
Antonio Gandy-Golden,WR,WAS,16,CAR,0,0,0,0,0,0,0,0,0,0,0,3,0,0,0,0,0,0,0,0,0,0,,,,,
Antonio Gibson,RB,WAS,16,CAR,0,0,0,0,0,61,0,10,3,8,0,4,0,0,0,0,0,0,0,0,0,0,,,,,
Artavis Pierce,RB,CHI,16,JAX,0,0,0,0,0,26,1,2,0,0,0,0,0,0,0,0,0,0,0,0,0,0,,,,,
Ashton Dulin,WR,IND,16,PIT,0,0,0,0,0,8,0,1,0,0,0,0,0,0,0,0,0,0,0,0,0,0,,,,,
Austin Carr,WR,NO,16,MIN,0,0,0,0,0,0,0,0,0,0,0,1,0,0,0,0,0,0,0,0,0,0,,,,,
Austin Ekeler,RB,LAC,16,DEN,0,0,0,0,0,45,0,10,3,23,1,3,0,0,0,0,0,0,0,0,0,0,,,,,
Austin Hooper,TE,CLE,16,NYJ,0,0,0,0,0,0,0,0,7,71,0,15,0,0,0,0,0,0,0,0,0,0,,,,,
Austin Mack,WR,NYG,16,BAL,0,0,0,0,0,0,0,0,0,0,0,3,0,0,0,0,0,0,0,0,0,0,,,,,
Austin Seibert,K,CIN,16,HOU,0,0,0,0,0,0,0,0,0,0,0,0,0,0,0,0,0,2,1,0,0,4,,,,,
BAL,DEF,BAL,16,NYG,,,,,,,,,,,,,,,,,,,,,,,0,0,0,0,13.0
BUF,DEF,BUF,16,NE,,,,,,,,,,,,,,,,,,,,,,,0,0,0,0,9.0
Baker Mayfield,QB,CLE,16,NYJ,285,0,53,28,0,6,0,3,0,0,0,0,0,0,0,0,0,0,0,0,0,0,,,,,
Ben Roethlisberger,QB,PIT,16,IND,341,3,49,34,0,-1,0,2,0,0,0,0,0,0,0,0,0,0,0,0,0,0,,,,,
Benny Snell,RB,PIT,16,IND,0,0,0,0,0,0,0,6,0,0,0,0,0,0,0,0,0,0,0,0,0,0,,,,,
Bisi Johnson,WR,MIN,16,NO,0,0,0,0,0,0,0,0,1,13,0,1,0,0,0,0,0,0,0,0,0,0,,,,,
Blaine Gabbert,QB,TB,16,DET,143,2,15,9,0,15,0,2,0,0,0,0,0,0,0,0,0,0,0,0,0,0,,,,,
Blake Bell,TE,DAL,16,PHI,0,0,0,0,0,0,0,0,1,7,0,1,0,0,0,0,0,0,0,0,0,0,,,,,
Boston Scott,RB,PHI,16,DAL,0,0,0,0,0,17,0,2,0,0,0,0,0,0,0,0,0,0,0,0,0,0,,,,,
Brandin Cooks,WR,HOU,16,CIN,0,0,0,0,0,0,0,0,7,141,1,10,0,0,0,0,0,0,0,0,0,0,,,,,
Brandon Aiyuk,WR,SF,16,ARI,0,0,0,0,0,16,0,1,1,15,0,2,0,0,0,0,0,0,0,0,0,0,,,,,
Brandon Allen,QB,CIN,16,HOU,371,2,37,29,0,3,0,2,0,0,0,0,0,0,0,0,0,0,0,0,0,0,,,,,
Brandon McManus,K,DEN,16,LAC,0,0,0,0,0,0,0,0,0,0,0,0,0,0,0,0,0,1,0,2,0,1,,,,,
Brandon Powell,WR,ATL,16,KC,0,0,0,0,0,0,0,0,1,2,0,2,0,0,0,0,0,0,0,0,0,0,,,,,
Brandon Zylstra,WR,CAR,16,WAS,0,0,0,0,0,0,0,0,0,0,0,0,0,1,0,0,0,0,0,0,0,0,,,,,
Braxton Berrios,WR,NYJ,16,CLE,0,0,0,0,0,0,0,0,3,60,1,3,0,0,0,0,0,0,0,0,0,0,,,,,
Breshad Perriman,WR,NYJ,16,CLE,0,0,0,0,0,6,0,1,0,0,0,6,0,0,0,0,0,0,0,0,0,0,,,,,
Brian Hill,RB,ATL,16,KC,0,0,0,0,0,36,0,7,3,25,0,3,0,0,0,0,0,0,0,0,0,0,,,,,
Bryan Edwards,WR,LV,16,MIA,0,0,0,0,0,0,0,0,1,11,0,1,0,0,0,0,0,0,0,0,0,0,,,,,
C.J. Beathard,QB,SF,16,ARI,182,3,22,13,0,18,0,3,0,0,0,0,0,0,0,0,0,0,0,0,0,0,,,,,
C.J. Board,WR,NYG,16,BAL,0,0,0,0,0,0,0,0,1,16,0,2,0,0,0,0,0,0,0,0,0,0,,,,,
CAR,DEF,CAR,16,WAS,,,,,,,,,,,,,,,,,,,,,,,0,0,0,0,13.0
CHI,DEF,CHI,16,JAX,,,,,,,,,,,,,,,,,,,,,,,0,0,0,0,17.0
CIN,DEF,CIN,16,HOU,,,,,,,,,,,,,,,,,,,,,,,0,0,0,0,31.0
CLE,DEF,CLE,16,NYJ,,,,,,,,,,,,,,,,,,,,,,,0,0,0,0,23.0
Cairo Santos,K,CHI,16,JAX,0,0,0,0,0,0,0,0,0,0,0,0,0,0,0,0,1,0,1,0,0,5,,,,,
Calvin Ridley,WR,ATL,16,KC,0,0,0,0,0,-7,0,1,5,130,0,9,0,0,0,0,0,0,0,0,0,0,,,,,
Cam Newton,QB,NE,16,BUF,34,0,10,5,0,24,1,4,0,0,0,0,0,0,0,0,0,0,0,0,0,0,,,,,
Cam Sims,WR,WAS,16,CAR,0,0,0,0,0,0,0,0,3,63,0,9,0,0,0,0,0,0,0,0,0,0,,,,,
Cameron Batson,WR,TEN,16,GB,0,0,0,0,0,0,0,0,1,12,0,1,0,0,0,0,0,0,0,0,0,0,,,,,
Cameron Brate,TE,TB,16,DET,0,0,0,0,0,0,0,0,2,27,0,2,0,0,0,0,0,0,0,0,0,0,,,,,
Carlos Hyde,RB,SEA,16,LA,0,0,0,0,0,8,0,2,1,18,0,1,0,0,0,0,0,0,0,0,0,0,,,,,
Cedrick Wilson Jr.,WR,DAL,16,PHI,0,0,0,0,0,0,0,0,0,0,0,0,0,0,0,0,0,0,0,0,0,0,,,,,
CeeDee Lamb,WR,DAL,16,PHI,0,0,0,0,0,19,1,1,3,65,1,5,0,0,0,0,0,0,0,0,0,0,,,,,
Cethan Carter,TE,CIN,16,HOU,0,0,0,0,0,0,0,0,0,0,0,0,0,0,0,0,0,0,0,0,0,0,,,,,
Chad Hansen,WR,HOU,16,CIN,0,0,0,0,0,0,0,0,1,8,0,3,0,0,0,0,0,0,0,0,0,0,,,,,
Chase Claypool,WR,PIT,16,IND,0,0,0,0,0,0,0,0,4,54,0,6,0,0,0,0,0,0,0,0,0,0,,,,,
Chase Daniel,QB,DET,16,TB,86,0,18,13,0,0,0,0,0,0,0,0,0,0,0,0,0,0,0,0,0,0,,,,,
Chase Edmonds,RB,ARI,16,SF,0,0,0,0,0,0,0,0,2,8,0,3,0,0,0,0,0,0,0,0,0,0,,,,,
Chris Carson,RB,SEA,16,LA,0,0,0,0,0,69,0,16,3,10,0,3,0,0,0,0,0,0,0,0,0,0,,,,,
Chris Conley,WR,JAX,16,CHI,0,0,0,0,0,0,0,0,3,27,0,3,0,0,0,0,0,0,0,0,0,0,,,,,
Chris Godwin Jr.,WR,TB,16,DET,0,0,0,0,0,0,0,0,5,84,1,9,0,0,0,0,0,0,0,0,0,0,,,,,
Chris Herndon,TE,NYJ,16,CLE,0,0,0,0,0,0,0,0,4,34,1,4,0,0,0,0,0,0,0,0,0,0,,,,,
Chris Rowland,WR,ATL,16,KC,0,0,0,0,0,0,0,0,0,0,0,0,0,0,0,0,0,0,0,0,0,0,,,,,
Christian Kirk,WR,ARI,16,SF,0,0,0,0,0,0,0,0,7,76,0,10,0,0,0,0,0,0,0,0,0,0,,,,,
Cody Parkey,K,CLE,16,NYJ,0,0,0,0,0,0,0,0,0,0,0,0,0,0,0,0,0,0,1,0,0,1,,,,,
Cole Beasley,WR,BUF,16,NE,0,0,0,0,0,0,0,0,3,17,0,5,0,0,0,0,0,0,0,0,0,0,,,,,
Cole Kmet,TE,CHI,16,JAX,0,0,0,0,0,-3,0,1,2,18,0,6,0,0,0,0,0,0,0,0,0,0,,,,,
Cooper Kupp,WR,LA,16,SEA,0,0,0,0,0,0,0,0,8,66,0,9,0,0,0,0,0,0,0,0,0,0,,,,,
Cordarrelle Patterson,RB,CHI,16,JAX,0,0,0,0,0,0,0,0,0,0,0,0,0,0,0,0,0,0,0,0,0,0,,,,,
Corey Davis,WR,TEN,16,GB,0,0,0,0,0,0,0,0,0,0,0,2,0,0,0,0,0,0,0,0,0,0,,,,,
Craig Reynolds,RB,JAX,16,CHI,0,0,0,0,0,4,0,1,1,3,0,1,0,0,0,0,0,0,0,0,0,0,,,,,
Curtis Samuel,WR,CAR,16,WAS,0,0,0,0,0,52,0,7,5,106,0,5,0,0,0,0,0,0,0,0,0,0,,,,,
D'Andre Swift,RB,DET,16,TB,0,0,0,0,0,45,0,10,4,25,0,5,0,0,0,0,0,0,0,0,0,0,,,,,
D'Ernest Johnson,RB,CLE,16,NYJ,0,0,0,0,0,0,0,0,0,0,0,0,0,0,0,0,0,0,0,0,0,0,,,,,
D.J. Foster,RB,ARI,16,SF,0,0,0,0,0,0,0,1,0,0,0,0,0,0,0,0,0,0,0,0,0,0,,,,,
DAL,DEF,DAL,16,PHI,,,,,,,,,,,,,,,,,,,,,,,0,0,0,0,17.0
DEN,DEF,DEN,16,LAC,,,,,,,,,,,,,,,,,,,,,,,0,0,0,0,19.0
DET,DEF,DET,16,TB,,,,,,,,,,,,,,,,,,,,,,,0,0,0,0,47.0
DJ Chark,WR,JAX,16,CHI,0,0,0,0,0,0,0,0,4,62,1,6,0,0,0,0,0,0,0,0,0,0,,,,,
DJ Moore,WR,CAR,16,WAS,0,0,0,0,0,0,0,0,5,37,0,10,0,0,0,0,0,0,0,0,0,0,,,,,
DK Metcalf,WR,SEA,16,LA,0,0,0,0,0,0,0,0,6,59,0,8,0,0,0,0,0,0,0,0,0,0,,,,,
DaeSean Hamilton,WR,DEN,16,LAC,0,0,0,0,0,0,0,0,5,77,0,9,0,0,0,0,0,0,0,0,0,0,,,,,
Dallas Goedert,TE,PHI,16,DAL,0,0,0,0,0,0,0,0,3,38,0,3,0,0,0,0,0,0,0,0,0,0,,,,,
Dalton Schultz,TE,DAL,16,PHI,0,0,0,0,0,0,0,0,3,21,0,4,0,0,0,0,0,0,0,0,0,0,,,,,
Dalvin Cook,RB,MIN,16,NO,0,0,0,0,0,73,1,15,2,12,0,2,0,0,0,0,0,0,0,0,0,0,,,,,
Damiere Byrd,WR,NE,16,BUF,0,0,0,0,0,0,0,0,1,7,0,3,0,0,0,0,0,0,0,0,0,0,,,,,
Dan Arnold,TE,ARI,16,SF,0,0,0,0,0,0,0,0,3,25,0,5,0,0,0,0,0,0,0,0,0,0,,,,,
Dan Bailey,K,MIN,16,NO,0,0,0,0,0,0,0,0,0,0,0,0,0,0,0,0,0,0,0,0,0,3,,,,,
Dan Chisena,WR,MIN,16,NO,0,0,0,0,0,0,0,0,0,0,0,0,0,0,0,0,0,0,0,0,0,0,,,,,
Daniel Brown,TE,NYJ,16,CLE,0,0,0,0,0,0,0,0,1,13,0,1,0,0,0,0,0,0,0,0,0,0,,,,,
Daniel Carlson,K,LV,16,MIA,0,0,0,0,0,0,0,0,0,0,0,0,0,0,0,0,3,1,0,0,0,1,,,,,
Daniel Jones,QB,NYG,16,BAL,252,1,41,24,0,3,0,1,0,0,0,0,0,0,0,0,0,0,0,0,0,0,,,,,
Danny Amendola,WR,DET,16,TB,0,0,0,0,0,0,0,0,5,37,0,7,0,0,0,0,0,0,0,0,0,0,,,,,
Dante Pettis,WR,NYG,16,BAL,0,0,0,0,0,0,0,0,2,33,0,3,0,0,0,0,0,0,0,0,0,0,,,,,
Dare Ogunbowale,RB,JAX,16,CHI,0,0,0,0,0,71,0,14,3,7,0,5,0,0,0,0,0,0,0,0,0,0,,,,,
Darius Slayton,WR,NYG,16,BAL,0,0,0,0,0,0,0,0,2,26,0,8,0,0,0,0,0,0,0,0,0,0,,,,,
Darnell Mooney,WR,CHI,16,JAX,0,0,0,0,0,2,0,1,4,39,0,7,0,0,0,0,0,0,0,0,0,0,,,,,
Darrel Williams,RB,KC,16,ATL,0,0,0,0,0,46,0,10,4,27,0,6,0,0,0,0,0,0,0,0,0,0,,,,,
Darrell Daniels,TE,ARI,16,SF,0,0,0,0,0,0,0,0,1,7,0,2,0,0,0,0,0,0,0,0,0,0,,,,,
Darrell Henderson,RB,LA,16,SEA,0,0,0,0,0,62,0,12,0,0,0,0,0,0,0,0,0,0,0,0,0,0,,,,,
Darren Fells,TE,HOU,16,CIN,0,0,0,0,0,0,0,0,1,22,1,2,0,0,0,0,0,0,0,0,0,0,,,,,
Darren Waller,TE,LV,16,MIA,0,0,0,0,0,0,0,0,5,112,0,6,0,0,0,0,0,0,0,0,0,0,,,,,
Darrynton Evans,RB,TEN,16,GB,0,0,0,0,0,3,0,1,0,0,0,2,0,0,0,0,0,0,0,0,0,0,,,,,
Davante Adams,WR,GB,16,TEN,0,0,0,0,0,0,0,0,11,142,3,12,0,0,0,0,0,0,0,0,0,0,,,,,
David Blough,QB,DET,16,TB,49,0,10,6,1,18,0,1,0,0,0,0,0,0,0,0,0,0,0,0,0,0,,,,,
David Johnson,RB,HOU,16,CIN,0,0,0,0,0,128,1,12,3,11,1,3,0,0,0,0,0,0,0,0,0,0,,,,,
David Montgomery,RB,CHI,16,JAX,0,0,0,0,0,95,1,23,2,26,0,2,0,0,0,0,0,0,0,0,0,0,,,,,
David Moore,WR,SEA,16,LA,0,0,0,0,0,0,0,0,1,45,0,1,0,0,0,0,0,0,0,0,0,0,,,,,
David Njoku,TE,CLE,16,NYJ,0,0,0,0,0,0,0,0,4,26,0,4,0,0,0,0,0,0,0,0,0,0,,,,,
Dawson Knox,TE,BUF,16,NE,0,0,0,0,0,0,0,0,3,51,0,4,0,0,0,0,0,0,0,0,0,0,,,,,
DeAndre Carter,WR,CHI,16,JAX,0,0,0,0,0,0,0,0,0,0,0,0,0,0,0,0,0,0,0,0,0,0,,,,,
DeAndre Hopkins,WR,ARI,16,SF,0,0,0,0,0,0,0,0,8,48,0,12,0,0,0,0,0,0,0,0,0,0,,,,,
DeSean Jackson,WR,PHI,16,DAL,0,0,0,0,0,0,0,0,1,81,1,1,0,0,0,0,0,0,0,0,0,0,,,,,
Demarcus Robinson,WR,KC,16,ATL,0,0,0,0,0,0,0,0,2,29,1,2,0,0,0,0,0,0,0,0,0,0,,,,,
Denzel Mims,WR,NYJ,16,CLE,0,0,0,0,0,0,0,0,0,0,0,2,0,0,0,0,0,0,0,0,0,0,,,,,
Deon Yelder,TE,KC,16,ATL,0,0,0,0,0,0,0,0,1,12,0,1,0,0,0,0,0,0,0,0,0,0,,,,,
Derek Carr,QB,LV,16,MIA,336,1,34,21,0,-2,1,2,0,0,0,0,0,0,0,0,0,0,0,0,0,0,,,,,
Derrick Henry,RB,TEN,16,GB,0,0,0,0,0,98,0,23,0,0,0,0,0,0,0,0,0,0,0,0,0,0,,,,,
Deshaun Watson,QB,HOU,16,CIN,324,3,33,24,0,38,0,5,0,0,0,0,0,0,0,0,0,0,0,0,0,0,,,,,
Devin Asiasi,TE,NE,16,BUF,0,0,0,0,0,0,0,0,0,0,0,2,0,0,0,0,0,0,0,0,0,0,,,,,
Devin Duvernay,WR,BAL,16,NYG,0,0,0,0,0,7,0,1,1,0,0,1,0,0,0,0,0,0,0,0,0,0,,,,,
Devin Singletary,RB,BUF,16,NE,0,0,0,0,0,36,0,10,2,16,0,2,0,0,0,0,0,0,0,0,0,0,,,,,
Devine Ozigbo,RB,JAX,16,CHI,0,0,0,0,0,1,0,1,1,3,0,1,0,0,0,0,0,0,0,0,0,0,,,,,
Devontae Booker,RB,LV,16,MIA,0,0,0,0,0,11,0,6,2,8,0,2,0,0,0,0,0,0,0,0,0,0,,,,,
Dez Bryant,WR,BAL,16,NYG,0,0,0,0,0,0,0,0,1,8,1,1,0,0,0,0,0,0,0,0,0,0,,,,,
Dion Lewis,RB,NYG,16,BAL,0,0,0,0,0,15,0,1,0,0,0,0,0,0,0,0,0,0,0,0,0,0,,,,,
Diontae Johnson,WR,PIT,16,IND,0,0,0,0,0,2,0,1,8,74,1,14,0,0,0,0,0,0,0,0,0,0,,,,,
Diontae Spencer,WR,DEN,16,LAC,0,0,0,0,0,9,0,1,1,10,0,2,0,0,0,0,0,0,0,0,0,0,,,,,
Dominique Dafney,TE,GB,16,TEN,0,0,0,0,0,0,0,0,1,13,0,1,0,0,0,0,0,0,0,0,0,0,,,,,
Donald Parham,TE,LAC,16,DEN,0,0,0,0,0,0,0,0,2,47,0,3,0,0,0,0,0,0,0,0,0,0,,,,,
Donte Moncrief,WR,NE,16,BUF,0,0,0,0,0,0,0,0,0,0,0,0,0,0,0,0,0,0,0,0,0,0,,,,,
Dontrell Hilliard,RB,HOU,16,CIN,0,0,0,0,0,0,0,0,0,0,0,0,0,0,0,0,0,0,0,0,0,0,,,,,
Drew Brees,QB,NO,16,MIN,311,0,26,19,2,-3,0,3,0,0,0,0,0,0,0,0,0,0,0,0,0,0,,,,,
Drew Lock,QB,DEN,16,LAC,264,0,47,24,2,15,1,5,0,0,0,0,0,0,0,0,0,0,0,0,0,0,,,,,
Drew Sample,TE,CIN,16,HOU,0,0,0,0,0,0,0,0,1,8,1,1,0,0,0,0,0,0,0,0,0,0,,,,,
Durham Smythe,TE,MIA,16,LV,0,0,0,0,0,0,0,0,2,6,0,2,0,0,0,0,0,0,0,0,0,0,,,,,
Dustin Hopkins,K,WAS,16,CAR,0,0,0,0,0,0,0,0,0,0,0,0,0,0,0,0,1,0,1,0,0,1,,,,,
Dwayne Haskins,QB,WAS,16,CAR,154,0,28,14,2,0,0,0,0,0,0,0,0,0,0,0,0,0,0,0,0,0,,,,,
Dwayne Washington,RB,NO,16,MIN,0,0,0,0,0,0,0,0,0,0,0,0,0,0,0,0,0,0,0,0,0,0,,,,,
Emmanuel Sanders,WR,NO,16,MIN,0,0,0,0,0,12,0,1,4,83,0,5,0,0,0,0,0,0,0,0,0,0,,,,,
Equanimeous St. Brown,WR,GB,16,TEN,0,0,0,0,0,0,0,0,1,21,1,1,0,0,0,0,0,0,0,0,0,0,,,,,
Eric Ebron,TE,PIT,16,IND,0,0,0,0,0,0,0,0,5,47,1,7,0,0,0,0,0,0,0,0,0,0,,,,,
Eric Saubert,TE,JAX,16,CHI,0,0,0,0,0,0,0,0,0,0,0,0,0,0,0,0,0,0,0,0,0,0,,,,,
Evan Engram,TE,NYG,16,BAL,0,0,0,0,0,5,0,1,7,65,0,10,0,0,0,0,0,0,0,0,0,0,,,,,
Ezekiel Elliott,RB,DAL,16,PHI,0,0,0,0,0,105,0,19,4,34,0,4,0,0,0,0,0,0,0,0,0,0,,,,,
Foster Moreau,TE,LV,16,MIA,0,0,0,0,0,0,0,0,0,0,0,0,0,0,0,0,0,0,0,0,0,0,,,,,
Frank Gore,RB,NYJ,16,CLE,0,0,0,0,0,48,0,14,1,5,0,1,0,0,0,0,0,0,0,0,0,0,,,,,
Freddie Swain,WR,SEA,16,LA,0,0,0,0,0,0,0,0,0,0,0,0,0,0,0,0,0,0,0,0,0,0,,,,,
GB,DEF,GB,16,TEN,,,,,,,,,,,,,,,,,,,,,,,0,0,0,0,14.0
Gabe Davis,WR,BUF,16,NE,0,0,0,0,0,0,0,0,3,33,0,5,0,0,0,0,0,0,0,0,0,0,,,,,
George Kittle,TE,SF,16,ARI,0,0,0,0,0,0,0,0,4,92,0,5,0,0,0,0,0,0,0,0,0,0,,,,,
Gerald Everett,TE,LA,16,SEA,0,0,0,0,0,0,0,0,2,13,0,3,0,0,0,0,0,0,0,0,0,0,,,,,
Giovani Bernard,RB,CIN,16,HOU,0,0,0,0,0,65,0,16,7,66,0,8,0,0,0,0,0,0,0,0,0,0,,,,,
Graham Gano,K,NYG,16,BAL,0,0,0,0,0,0,0,0,0,0,0,0,0,0,0,0,0,1,1,0,0,1,,,,,
Greg Olsen,TE,SEA,16,LA,0,0,0,0,0,0,0,0,1,15,0,2,0,0,0,0,0,0,0,0,0,0,,,,,
Greg Ward,WR,PHI,16,DAL,0,0,0,0,0,0,0,0,2,27,0,3,0,0,0,0,0,0,0,0,0,0,,,,,
Greg Zuerlein,K,DAL,16,PHI,0,0,0,0,0,0,0,0,0,0,0,0,0,0,0,0,2,1,0,0,0,4,,,,,
Gunner Olszewski,WR,NE,16,BUF,0,0,0,0,0,0,0,0,0,0,0,0,0,0,0,0,0,0,0,0,0,0,,,,,
Gus Edwards,RB,BAL,16,NYG,0,0,0,0,0,85,0,15,2,37,0,2,0,0,0,0,0,0,0,0,0,0,,,,,
HOU,DEF,HOU,16,CIN,,,,,,,,,,,,,,,,,,,,,,,0,0,0,0,37.0
Harrison Bryant,TE,CLE,16,NYJ,0,0,0,0,0,0,0,0,3,37,0,7,0,0,0,0,0,0,0,0,0,0,,,,,
Harrison Butker,K,KC,16,ATL,0,0,0,0,0,0,0,0,0,0,0,0,0,0,0,0,0,0,0,1,0,2,,,,,
Hayden Hurst,TE,ATL,16,KC,0,0,0,0,0,0,0,0,5,47,1,6,0,0,0,0,0,0,0,0,0,0,,,,,
Henry Ruggs III,WR,LV,16,MIA,0,0,0,0,0,7,0,1,0,0,0,2,0,0,0,0,0,0,0,0,0,0,,,,,
Hunter Bryant,TE,DET,16,TB,0,0,0,0,0,0,0,0,0,0,0,0,0,0,0,0,0,0,0,0,0,0,,,,,
Hunter Renfrow,WR,LV,16,MIA,0,0,0,0,0,0,0,0,5,34,0,5,0,0,0,0,0,0,0,0,0,0,,,,,
IND,DEF,IND,16,PIT,,,,,,,,,,,,,,,,,,,,,,,0,0,0,0,28.0
Irv Smith,TE,MIN,16,NO,0,0,0,0,0,0,0,0,6,53,2,9,0,0,0,0,0,0,0,0,0,0,,,,,
Isaiah Ford,WR,MIA,16,LV,0,0,0,0,0,0,0,0,4,37,0,5,0,0,0,0,0,0,0,0,0,0,,,,,
Isaiah McKenzie,WR,BUF,16,NE,0,0,0,0,0,5,0,2,4,26,0,4,0,0,0,0,0,0,0,0,0,0,,,,,
Isaiah Wright,WR,WAS,16,CAR,0,0,0,0,0,0,0,0,0,0,0,1,0,0,0,0,0,0,0,0,0,0,,,,,
Ito Smith,RB,ATL,16,KC,0,0,0,0,0,46,0,10,1,5,0,1,0,0,0,0,0,0,0,0,0,0,,,,,
J.D. McKissic,RB,WAS,16,CAR,0,0,0,0,0,15,0,4,8,77,1,10,0,0,0,0,0,0,0,0,0,0,,,,,
J.J. Taylor,RB,NE,16,BUF,0,0,0,0,0,38,0,6,0,0,0,0,0,0,0,0,0,0,0,0,0,0,,,,,
J.K. Dobbins,RB,BAL,16,NYG,0,0,0,0,0,77,1,11,0,0,0,1,0,0,0,0,0,0,0,0,0,0,,,,,
JAX,DEF,JAX,16,CHI,,,,,,,,,,,,,,,,,,,,,,,0,0,0,0,41.0
Ja'Marcus Bradley,WR,CLE,16,NYJ,0,0,0,0,0,0,0,0,5,60,0,11,0,0,0,0,0,0,0,0,0,0,,,,,
Jack Doyle,TE,IND,16,PIT,0,0,0,0,0,0,0,0,4,50,0,6,0,0,0,0,0,0,0,0,0,0,,,,,
Jacob Hollister,TE,SEA,16,LA,0,0,0,0,0,0,0,0,2,17,1,6,0,0,0,0,0,0,0,0,0,0,,,,,
Jacoby Brissett,QB,IND,16,PIT,0,0,0,0,0,1,0,1,0,0,0,0,0,0,0,0,0,0,0,0,0,0,,,,,
Jake Elliott,K,PHI,16,DAL,0,0,0,0,0,0,0,0,0,0,0,0,0,0,0,0,0,1,0,0,0,2,,,,,
Jakeem Grant,WR,MIA,16,LV,0,0,0,0,0,0,0,0,5,43,0,6,0,0,0,0,0,0,0,0,0,0,,,,,
Jakobi Meyers,WR,NE,16,BUF,0,0,0,0,0,0,0,0,4,45,0,6,0,0,0,0,0,0,0,0,0,0,,,,,
Jalen Guyton,WR,LAC,16,DEN,0,0,0,0,0,0,0,0,3,43,0,5,0,0,0,0,0,0,0,0,0,0,,,,,
Jalen Hurts,QB,PHI,16,DAL,342,1,39,21,2,69,0,9,0,0,0,0,0,0,0,0,0,0,0,0,0,0,,,,,
Jalen Reagor,WR,PHI,16,DAL,0,0,0,0,0,0,0,0,3,30,0,7,0,0,0,0,0,0,0,0,0,0,,,,,
Jalen Richard,RB,LV,16,MIA,0,0,0,0,0,19,0,2,1,4,0,1,0,0,0,0,0,0,0,0,0,0,,,,,
Jamal Agnew,WR,DET,16,TB,0,0,0,0,0,0,0,0,0,0,0,0,1,0,0,0,0,0,0,0,0,0,,,,,
James Conner,RB,PIT,16,IND,0,0,0,0,0,21,1,5,5,45,0,5,0,0,0,0,0,0,0,0,0,0,,,,,
James O'Shaughnessy,TE,JAX,16,CHI,0,0,0,0,0,0,0,0,2,18,0,3,0,0,0,0,0,0,0,0,0,0,,,,,
James Washington,WR,PIT,16,IND,0,0,0,0,0,0,0,0,2,20,0,3,0,0,0,0,0,0,0,0,0,0,,,,,
James White,RB,NE,16,BUF,0,0,0,0,0,14,0,4,3,23,0,3,0,0,0,0,0,0,0,0,0,0,,,,,
Jamison Crowder,WR,NYJ,16,CLE,43,1,1,1,0,14,0,1,7,92,1,9,0,0,0,0,0,0,0,0,0,0,,,,,
Jared Cook,TE,NO,16,MIN,0,0,0,0,0,0,0,0,3,82,0,4,0,0,0,0,0,0,0,0,0,0,,,,,
Jared Goff,QB,LA,16,SEA,234,0,43,24,1,23,0,7,0,0,0,0,0,0,0,0,0,0,0,0,0,0,,,,,
Jarrett Stidham,QB,NE,16,BUF,44,0,11,4,0,0,0,0,0,0,0,0,0,0,0,0,0,0,0,0,0,0,,,,,
Jason Myers,K,SEA,16,LA,0,0,0,0,0,0,0,0,0,0,0,0,0,0,0,0,0,0,2,0,0,2,,,,,
Jason Sanders,K,MIA,16,LV,0,0,0,0,0,0,0,0,0,0,0,0,0,0,0,0,1,2,1,0,0,2,,,,,
Jason Witten,TE,LV,16,MIA,0,0,0,0,0,0,0,0,2,12,0,5,0,0,0,0,0,0,0,0,0,0,,,,,
Jeff Wilson,RB,SF,16,ARI,0,0,0,0,0,183,0,22,1,21,1,2,0,0,0,0,0,0,0,0,0,0,,,,,
Jeremy McNichols,RB,TEN,16,GB,0,0,0,0,0,0,0,0,1,6,0,1,0,0,0,0,0,0,0,0,0,0,,,,,
Jerick McKinnon,RB,SF,16,ARI,0,0,0,0,0,4,0,1,3,28,0,4,0,0,0,0,0,0,0,0,0,0,,,,,
Jerry Jeudy,WR,DEN,16,LAC,0,0,0,0,0,0,0,0,6,61,0,15,0,0,0,0,0,0,0,0,0,0,,,,,
Jesse James,TE,DET,16,TB,0,0,0,0,0,0,0,0,0,0,0,1,0,0,0,0,0,0,0,0,0,0,,,,,
Jimmy Graham,TE,CHI,16,JAX,0,0,0,0,0,0,0,0,4,69,2,5,0,0,0,0,0,0,0,0,0,0,,,,,
Joe Webb,QB,NYG,16,BAL,0,0,0,0,0,0,0,0,0,0,0,0,0,0,0,0,0,0,0,0,0,0,,,,,
Joey Slye,K,CAR,16,WAS,0,0,0,0,0,0,0,0,0,0,0,0,0,0,0,0,0,0,0,0,0,2,,,,,
Johnny Mundt,TE,LA,16,SEA,0,0,0,0,0,0,0,0,0,0,0,0,0,0,0,0,0,0,0,0,0,0,,,,,
Jonathan Taylor,RB,IND,16,PIT,0,0,0,0,0,74,2,18,0,0,0,0,0,0,0,0,0,0,0,0,0,0,,,,,
Jonathan Ward,RB,ARI,16,SF,0,0,0,0,0,0,0,0,0,0,0,0,0,0,0,0,0,0,0,0,0,0,,,,,
Jonnu Smith,TE,TEN,16,GB,0,0,0,0,0,0,0,0,3,30,1,7,0,0,0,0,0,0,0,0,0,0,,,,,
Jordan Akins,TE,HOU,16,CIN,0,0,0,0,0,0,0,0,4,39,0,4,0,0,0,0,0,0,0,0,0,0,,,,,
Jordan Howard,RB,PHI,16,DAL,0,0,0,0,0,8,0,3,0,0,0,0,0,0,0,0,0,0,0,0,0,0,,,,,
Jordan Reed,TE,SF,16,ARI,0,0,0,0,0,0,0,0,0,0,0,2,0,0,0,0,0,0,0,0,0,0,,,,,
Jordan Wilkins,RB,IND,16,PIT,0,0,0,0,0,0,0,0,0,0,0,0,0,0,0,0,0,0,0,0,0,0,,,,,
Josh Adams,RB,NYJ,16,CLE,0,0,0,0,0,0,0,0,0,0,0,0,0,0,0,0,0,0,0,0,0,0,,,,,
Josh Allen,QB,BUF,16,NE,320,4,36,27,0,35,0,4,0,0,0,0,0,0,0,0,0,0,0,0,0,0,,,,,
Josh Jacobs,RB,LV,16,MIA,0,0,0,0,0,69,0,13,0,0,0,2,0,0,0,0,0,0,0,0,0,0,,,,,
Josh Reynolds,WR,LA,16,SEA,0,0,0,0,0,5,0,1,6,65,0,10,0,0,0,0,0,0,0,0,0,0,,,,,
JuJu Smith-Schuster,WR,PIT,16,IND,0,0,0,0,0,0,0,0,9,96,1,13,0,0,0,0,0,0,0,0,0,0,,,,,
Justice Hill,RB,BAL,16,NYG,0,0,0,0,0,0,0,0,0,0,0,0,0,0,0,0,0,0,0,0,0,0,,,,,
Justin Herbert,QB,LAC,16,DEN,253,1,33,21,0,26,0,4,0,0,0,0,0,0,0,0,0,0,0,0,0,0,,,,,
Justin Jackson,RB,LAC,16,DEN,0,0,0,0,0,4,0,2,0,0,0,0,0,0,0,0,0,0,0,0,0,0,,,,,
Justin Jefferson,WR,MIN,16,NO,0,0,0,0,0,0,0,0,6,85,0,10,0,0,0,0,0,0,0,0,0,0,,,,,
Justin Tucker,K,BAL,16,NYG,0,0,0,0,0,0,0,0,0,0,0,0,0,0,0,0,2,0,0,0,0,3,,,,,
Juwan Johnson,TE,NO,16,MIN,0,0,0,0,0,0,0,0,1,19,0,1,0,0,0,0,0,0,0,0,0,0,,,,,
K.J. Hill,WR,LAC,16,DEN,0,0,0,0,0,0,0,0,0,0,0,0,0,0,0,0,0,0,0,0,0,0,,,,,
KC,DEF,KC,16,ATL,,,,,,,,,,,,,,,,,,,,,,,0,0,0,0,14.0
KJ Hamler,WR,DEN,16,LAC,0,0,0,0,0,3,0,1,0,0,0,0,0,0,0,0,0,0,0,0,0,0,,,,,
Ka'imi Fairbairn,K,HOU,16,CIN,0,0,0,0,0,0,0,0,0,0,0,0,0,0,0,0,1,0,0,0,0,4,,,,,
Kaden Smith,TE,NYG,16,BAL,0,0,0,0,0,0,0,0,0,0,0,0,0,0,0,0,0,0,0,0,0,0,,,,,
Kahale Warring,TE,HOU,16,CIN,0,0,0,0,0,0,0,0,1,3,0,3,0,0,0,0,0,0,0,0,0,0,,,,,
Kalen Ballage,RB,LAC,16,DEN,0,0,0,0,0,14,0,4,2,12,0,3,0,0,0,0,0,0,0,0,0,0,,,,,
Kalif Raymond,WR,TEN,16,GB,0,0,0,0,0,0,0,0,0,0,0,1,0,0,0,0,0,0,0,0,0,0,,,,,
Kareem Hunt,RB,CLE,16,NYJ,0,0,0,0,0,11,1,4,3,41,0,5,0,0,0,0,0,0,0,0,0,0,,,,,
Ke'Shawn Vaughn,RB,TB,16,DET,0,0,0,0,0,62,0,15,1,7,0,2,0,0,0,0,0,0,0,0,0,0,,,,,
KeeSean Johnson,WR,ARI,16,SF,0,0,0,0,0,0,0,0,2,50,0,3,0,0,0,0,0,0,0,0,0,0,,,,,
Keelan Cole,WR,JAX,16,CHI,0,0,0,0,0,0,0,0,3,26,0,5,0,0,0,0,0,0,0,0,0,0,,,,,
Keke Coutee,WR,HOU,16,CIN,0,0,0,0,0,0,0,0,5,54,0,5,0,0,0,0,0,0,0,0,0,0,,,,,
Kendrick Bourne,WR,SF,16,ARI,0,0,0,0,0,0,0,0,1,16,0,1,0,0,0,0,0,0,0,0,0,0,,,,,
Kenjon Barner,RB,TB,16,DET,0,0,0,0,0,0,0,0,0,0,0,0,0,0,0,0,0,0,0,0,0,0,,,,,
Kenyan Drake,RB,ARI,16,SF,0,0,0,0,0,45,1,18,2,5,0,2,0,0,0,0,0,0,0,0,0,0,,,,,
Kerryon Johnson,RB,DET,16,TB,0,0,0,0,0,0,0,0,2,17,0,2,0,0,0,0,0,0,0,0,0,0,,,,,
Kirk Cousins,QB,MIN,16,NO,291,3,41,27,0,0,0,0,0,0,0,0,0,0,0,0,0,0,0,0,0,0,,,,,
Kyle Juszczyk,RB,SF,16,ARI,0,0,0,0,0,3,0,1,2,10,2,3,0,0,0,0,0,0,0,0,0,0,,,,,
Kyler Murray,QB,ARI,16,SF,247,0,50,31,1,75,0,8,0,0,0,0,0,0,0,0,0,0,0,0,0,0,,,,,
LA,DEF,LA,16,SEA,,,,,,,,,,,,,,,,,,,,,,,0,0,0,0,20.0
LAC,DEF,LAC,16,DEN,,,,,,,,,,,,,,,,,,,,,,,0,0,0,0,16.0
LV,DEF,LV,16,MIA,,,,,,,,,,,,,,,,,,,,,,,0,0,0,0,26.0
La'Mical Perine,RB,NYJ,16,CLE,0,0,0,0,0,30,0,9,1,14,0,2,0,0,0,0,0,0,0,0,0,0,,,,,
Lamar Jackson,QB,BAL,16,NYG,183,2,26,17,0,80,0,13,0,0,0,0,0,0,0,0,0,0,0,0,0,0,,,,,
Laquon Treadwell,WR,ATL,16,KC,0,0,0,0,0,0,0,0,2,11,1,2,0,0,0,0,0,0,0,0,0,0,,,,,
Larry Fitzgerald,WR,ARI,16,SF,0,0,0,0,0,0,0,0,6,28,0,8,0,0,0,0,0,0,0,0,0,0,,,,,
Latavius Murray,RB,NO,16,MIN,0,0,0,0,0,72,0,12,3,24,0,3,0,0,0,0,0,0,0,0,0,0,,,,,
Laviska Shenault Jr.,WR,JAX,16,CHI,0,0,0,0,0,0,0,0,5,48,1,7,0,0,0,0,0,0,0,0,0,0,,,,,
Le'Veon Bell,RB,KC,16,ATL,0,0,0,0,0,30,0,7,1,9,0,3,0,0,0,0,0,0,0,0,0,0,,,,,
LeSean McCoy,RB,TB,16,DET,0,0,0,0,0,0,0,0,1,5,0,1,0,0,0,0,0,0,0,0,0,0,,,,,
Lee Smith,TE,BUF,16,NE,0,0,0,0,0,0,0,0,2,31,1,2,0,0,0,0,0,0,0,0,0,0,,,,,
Leonard Fournette,RB,TB,16,DET,0,0,0,0,0,34,1,9,3,32,0,3,0,0,0,0,0,0,0,0,0,0,,,,,
Levante Bellamy,RB,DEN,16,LAC,0,0,0,0,0,11,0,3,1,5,0,1,0,0,0,0,0,0,0,0,0,0,,,,,
Logan Thomas,TE,WAS,16,CAR,0,0,0,0,0,0,0,1,7,63,0,12,0,0,0,0,0,0,0,0,0,0,,,,,
Logan Woodside,QB,TEN,16,GB,0,0,2,0,0,0,0,0,0,0,0,0,0,0,0,0,0,0,0,0,0,0,,,,,
Luke Stocker,TE,ATL,16,KC,0,0,0,0,0,0,0,0,1,9,0,1,0,0,0,0,0,0,0,0,0,0,,,,,
Lynn Bowden,WR,MIA,16,LV,0,0,0,0,0,8,0,1,2,8,0,3,0,0,0,0,0,0,0,0,0,0,,,,,
MIA,DEF,MIA,16,LV,,,,,,,,,,,,,,,,,,,,,,,0,0,0,0,25.0
MIN,DEF,MIN,16,NO,,,,,,,,,,,,,,,,,,,,,,,0,0,0,0,52.0
Mack Hollins,WR,MIA,16,LV,0,0,0,0,0,0,0,0,2,42,0,4,0,0,0,0,0,0,0,0,0,0,,,,,
Malcolm Brown,RB,LA,16,SEA,0,0,0,0,0,27,0,7,1,8,0,3,0,0,0,0,0,0,0,0,0,0,,,,,
Malcolm Perry,RB,MIA,16,LV,0,0,0,0,0,0,0,0,0,0,0,0,0,0,0,0,0,0,0,0,0,0,,,,,
Malik Taylor,WR,GB,16,TEN,0,0,0,0,0,0,0,0,0,0,0,0,0,0,0,0,0,0,0,0,0,0,,,,,
Mark Andrews,TE,BAL,16,NYG,0,0,0,0,0,0,0,0,6,76,0,10,0,0,0,0,0,0,0,0,0,0,,,,,
Marquez Callaway,WR,NO,16,MIN,0,0,0,0,0,0,0,0,3,26,0,4,0,0,0,0,0,0,0,0,0,0,,,,,
Marquise Brown,WR,BAL,16,NYG,0,0,0,0,0,0,0,0,4,25,1,4,0,0,0,0,0,0,0,0,0,0,,,,,
Marvin Hall,WR,CLE,16,NYJ,0,0,0,0,0,0,0,0,1,12,0,2,0,0,0,0,0,0,0,0,0,0,,,,,
Marvin Jones,WR,DET,16,TB,0,0,0,0,0,0,0,0,3,19,0,3,0,0,0,0,0,0,0,0,0,0,,,,,
Mason Crosby,K,GB,16,TEN,0,0,0,0,0,0,0,0,0,0,0,0,0,0,0,0,0,0,0,0,0,4,,,,,
Matt Barkley,QB,BUF,16,NE,11,0,3,2,0,-3,0,3,0,0,0,0,0,0,0,0,0,0,0,0,0,0,,,,,
Matt Gay,K,LA,16,SEA,0,0,0,0,0,0,0,0,0,0,0,0,0,0,0,0,0,1,1,1,0,0,,,,,
Matt Prater,K,DET,16,TB,0,0,0,0,0,0,0,0,0,0,0,0,0,0,0,0,0,0,0,0,0,1,,,,,
Matt Ryan,QB,ATL,16,KC,300,2,35,27,0,-1,0,1,0,0,0,0,0,0,0,0,0,0,0,0,0,0,,,,,
Matt Sokol,TE,LAC,16,DEN,0,0,0,0,0,0,0,0,0,0,0,0,0,0,0,0,0,0,0,0,0,0,,,,,
Matthew Slater,WR,NE,16,BUF,0,0,0,0,0,0,0,0,0,0,0,0,0,0,0,0,0,0,0,0,0,0,,,,,
Matthew Stafford,QB,DET,16,TB,17,0,3,2,0,0,0,0,0,0,0,0,0,0,0,0,0,0,0,0,0,0,,,,,
Matthew Wright,K,PIT,16,IND,0,0,0,0,0,0,0,0,0,0,0,0,0,0,0,0,0,0,0,0,0,4,,,,,
Mecole Hardman,WR,KC,16,ATL,0,0,0,0,0,20,0,1,3,24,0,6,0,0,0,0,0,0,0,0,0,0,,,,,
Melvin Gordon,RB,DEN,16,LAC,0,0,0,0,0,79,0,16,0,0,0,0,0,0,0,0,0,0,0,0,0,0,,,,,
Michael Gallup,WR,DAL,16,PHI,0,0,0,0,0,0,0,0,6,121,2,8,0,0,0,0,0,0,0,0,0,0,,,,,
Michael Pittman,WR,IND,16,PIT,0,0,0,0,0,0,0,0,3,38,0,6,0,0,0,0,0,0,0,0,0,0,,,,,
Mike Badgley,K,LAC,16,DEN,0,0,0,0,0,0,0,0,0,0,0,0,0,0,0,0,1,2,1,0,0,1,,,,,
Mike Boone,RB,MIN,16,NO,0,0,0,0,0,4,1,1,0,0,0,0,0,0,0,0,0,0,0,0,0,0,,,,,
Mike Davis,RB,CAR,16,WAS,0,0,0,0,0,28,1,14,0,0,0,0,0,0,0,0,0,0,0,0,0,0,,,,,
Mike Evans,WR,TB,16,DET,0,0,0,0,0,0,0,0,10,181,2,12,0,0,0,0,0,0,0,0,0,0,,,,,
Mike Gesicki,TE,MIA,16,LV,0,0,0,0,0,0,0,0,4,54,0,7,0,0,0,0,0,0,0,0,0,0,,,,,
Mike Glennon,QB,JAX,16,CHI,211,2,37,24,2,0,0,0,0,0,0,0,0,0,0,0,0,0,0,0,0,0,,,,,
Mike Nugent,K,ARI,16,SF,0,0,0,0,0,0,0,0,0,0,0,0,0,0,0,0,1,0,1,0,0,0,,,,,
Mike Thomas,WR,CIN,16,HOU,0,0,0,0,0,0,0,0,0,0,0,1,0,0,0,0,0,0,0,0,0,0,,,,,
Mike Williams,WR,LAC,16,DEN,0,0,0,0,0,0,0,0,4,54,0,10,0,0,0,0,0,0,0,0,0,0,,,,,
Miles Boykin,WR,BAL,16,NYG,0,0,0,0,0,0,0,0,1,13,0,2,0,0,0,0,0,0,0,0,0,0,,,,,
Miles Sanders,RB,PHI,16,DAL,0,0,0,0,0,57,1,15,4,27,0,6,0,0,0,0,0,0,0,0,0,0,,,,,
Mitchell Trubisky,QB,CHI,16,JAX,265,2,35,24,1,10,1,2,0,0,0,0,0,0,0,0,0,0,0,0,0,0,,,,,
Mo Alie-Cox,TE,IND,16,PIT,0,0,0,0,0,0,0,0,1,20,0,1,0,0,0,0,0,0,0,0,0,0,,,,,
Mohamed Sanu,WR,DET,16,TB,0,0,0,0,0,0,0,0,2,22,0,4,0,0,0,0,0,0,0,0,0,0,,,,,
Myles Gaskin,RB,MIA,16,LV,0,0,0,0,0,87,0,14,5,82,2,5,0,0,0,0,0,0,0,0,0,0,,,,,
N'Keal Harry,TE,NE,16,BUF,0,0,0,0,0,0,0,0,1,3,0,4,0,0,0,0,0,0,0,0,0,0,,,,,
NE,DEF,NE,16,BUF,,,,,,,,,,,,,,,,,,,,,,,0,0,0,0,38.0
NO,DEF,NO,16,MIN,,,,,,,,,,,,,,,,,,,,,,,0,0,0,0,33.0
NYG,DEF,NYG,16,BAL,,,,,,,,,,,,,,,,,,,,,,,0,0,0,0,27.0
NYJ,DEF,NYJ,16,CLE,,,,,,,,,,,,,,,,,,,,,,,0,0,0,0,16.0
Nathan Cottrell,RB,JAX,16,CHI,0,0,0,0,0,0,0,0,0,0,0,0,0,0,0,0,0,0,0,0,0,0,,,,,
Nelson Agholor,WR,LV,16,MIA,0,0,0,0,0,0,0,0,5,155,1,6,0,0,0,0,0,0,0,0,0,0,,,,,
Nick Chubb,RB,CLE,16,NYJ,0,0,0,0,0,28,1,11,5,38,0,5,0,0,0,0,0,0,0,0,0,0,,,,,
Nick Foles,QB,CHI,16,JAX,0,0,1,0,0,-2,0,2,0,0,0,0,0,0,0,0,0,0,0,0,0,0,,,,,
Nick Folk,K,NE,16,BUF,0,0,0,0,0,0,0,0,0,0,0,0,0,0,0,0,0,0,1,0,0,0,,,,,
Nick Westbrook-Ikhine,WR,TEN,16,GB,0,0,0,0,0,0,0,0,1,19,0,1,0,0,0,0,0,0,0,0,0,0,,,,,
Noah Fant,TE,DEN,16,LAC,0,0,0,0,0,0,0,0,6,65,0,9,0,0,0,0,0,0,0,0,0,0,,,,,
Nsimba Webster,WR,LA,16,SEA,0,0,0,0,0,0,0,0,0,0,0,0,0,0,0,0,0,0,0,0,0,0,,,,,
Nyheim Hines,RB,IND,16,PIT,0,0,0,0,0,44,0,8,4,20,0,4,0,0,0,0,0,0,0,0,0,0,,,,,
PHI,DEF,PHI,16,DAL,,,,,,,,,,,,,,,,,,,,,,,0,0,0,0,37.0
PIT,DEF,PIT,16,IND,,,,,,,,,,,,,,,,,,,,,,,0,0,0,0,24.0
Patrick Mahomes,QB,KC,16,ATL,278,2,44,24,1,21,0,3,0,0,0,1,0,0,0,0,0,0,0,0,0,0,,,,,
Peyton Barber,RB,WAS,16,CAR,0,0,0,0,0,10,0,1,0,0,0,0,0,0,0,0,0,0,0,0,0,0,,,,,
Pharaoh Brown,TE,HOU,16,CIN,0,0,0,0,0,0,0,0,1,29,0,1,0,0,0,0,0,0,0,0,0,0,,,,,
Pharoh Cooper,WR,CAR,16,WAS,0,0,0,0,0,0,0,0,0,0,0,1,0,0,0,0,0,0,0,0,0,0,,,,,
Philip Rivers,QB,IND,16,PIT,270,1,34,21,1,0,0,0,0,0,0,0,0,0,0,0,0,0,0,0,0,0,,,,,
Quez Watkins,WR,PHI,16,DAL,0,0,0,0,0,0,0,0,2,57,0,3,0,0,0,0,0,0,0,0,0,0,,,,,
Quintez Cephus,WR,DET,16,TB,0,0,0,0,0,0,0,0,1,9,0,2,0,0,0,0,0,0,0,0,0,0,,,,,
Rashaad Penny,RB,SEA,16,LA,0,0,0,0,0,9,0,3,0,0,0,0,0,0,0,0,0,0,0,0,0,0,,,,,
Ray-Ray McCloud,WR,PIT,16,IND,0,0,0,0,0,0,0,0,0,0,0,0,0,0,0,0,0,0,0,0,0,0,,,,,
Richie James,WR,SF,16,ARI,0,0,0,0,0,0,0,0,0,0,0,1,0,0,0,0,0,0,0,0,0,0,,,,,
Rico Dowdle,RB,DAL,16,PHI,0,0,0,0,0,0,0,0,0,0,0,0,0,0,0,0,0,0,0,0,0,0,,,,,
River Cracraft,WR,SF,16,ARI,0,0,0,0,0,0,0,0,0,0,0,0,0,0,0,0,0,0,0,0,0,0,,,,,
Rob Gronkowski,TE,TB,16,DET,0,0,0,0,0,0,0,0,2,58,2,2,0,0,0,0,0,0,0,0,0,0,,,,,
Robbie Chosen,WR,CAR,16,WAS,0,0,0,0,0,0,0,0,7,39,1,10,0,0,0,0,0,0,0,0,0,0,,,,,
Robbie Gould,K,SF,16,ARI,0,0,0,0,0,0,0,0,0,0,0,0,0,0,0,0,0,0,0,0,0,2,,,,,
Robert Foster,WR,WAS,16,CAR,0,0,0,0,0,0,0,0,1,28,0,2,0,0,0,0,0,0,0,0,0,0,,,,,
Robert Tonyan,TE,GB,16,TEN,0,0,0,0,0,0,0,0,1,17,0,2,0,0,0,0,0,0,0,0,0,0,,,,,
Robert Woods,WR,LA,16,SEA,0,0,0,0,0,1,0,2,4,48,0,9,0,0,0,0,0,0,0,0,0,0,,,,,
Rodney Smith,RB,CAR,16,WAS,0,0,0,0,0,23,0,7,2,15,0,2,0,0,0,0,0,0,0,0,0,0,,,,,
Rodrigo Blankenship,K,IND,16,PIT,0,0,0,0,0,0,0,0,0,0,0,0,0,0,0,0,1,0,0,0,0,3,,,,,
Royce Freeman,RB,DEN,16,LAC,0,0,0,0,0,16,0,2,2,7,0,2,0,0,0,0,0,0,0,0,0,0,,,,,
Russell Gage,WR,ATL,16,KC,0,0,0,0,0,0,0,0,4,23,0,5,0,0,0,0,0,0,0,0,0,0,,,,,
Russell Wilson,QB,SEA,16,LA,225,1,32,20,0,9,1,3,0,0,0,0,0,0,0,0,0,0,0,0,0,0,,,,,
Ryan Fitzpatrick,QB,MIA,16,LV,182,1,13,9,0,0,0,0,0,0,0,0,0,0,0,0,0,0,0,0,0,0,,,,,
Ryan Nall,RB,CHI,16,JAX,0,0,0,0,0,0,0,2,0,0,0,0,0,0,0,0,0,0,0,0,0,0,,,,,
Ryan Succop,K,TB,16,DET,0,0,0,0,0,0,0,0,0,0,0,0,0,0,0,0,0,0,0,0,0,5,,,,,
Ryan Tannehill,QB,TEN,16,GB,121,1,24,11,2,55,1,3,0,0,0,0,0,0,0,0,0,0,0,0,0,0,,,,,
SEA,DEF,SEA,16,LA,,,,,,,,,,,,,,,,,,,,,,,0,0,0,0,9.0
SF,DEF,SF,16,ARI,,,,,,,,,,,,,,,,,,,,,,,0,0,0,0,12.0
Salvon Ahmed,RB,MIA,16,LV,0,0,0,0,0,2,0,6,1,1,0,1,0,0,0,0,0,0,0,0,0,0,,,,,
Sam Darnold,QB,NYJ,16,CLE,175,2,32,16,0,20,0,7,0,0,0,0,0,0,0,0,0,0,0,0,0,0,,,,,
Sam Ficken,K,NYJ,16,CLE,0,0,0,0,0,0,0,0,0,0,0,0,0,0,0,0,0,1,0,0,0,2,,,,,
Samaje Perine,RB,CIN,16,HOU,0,0,0,0,0,95,2,13,4,41,0,4,0,0,0,0,0,0,0,0,0,0,,,,,
Sammy Watkins,WR,KC,16,ATL,0,0,1,0,1,0,0,0,2,14,0,4,0,0,0,0,0,0,0,0,0,0,,,,,
Scott Miller,WR,TB,16,DET,0,0,0,0,0,0,0,0,1,7,0,2,0,0,0,0,0,0,0,0,0,0,,,,,
Seth DeValve,TE,ARI,16,SF,0,0,0,0,0,0,0,0,0,0,0,1,0,0,0,0,0,0,0,0,0,0,,,,,
Sony Michel,RB,NE,16,BUF,0,0,0,0,0,69,0,10,0,0,0,0,0,0,0,0,0,0,0,0,0,0,,,,,
Stefon Diggs,WR,BUF,16,NE,0,0,0,0,0,0,0,0,9,145,3,11,0,0,0,0,0,0,0,0,0,0,,,,,
Stephen Anderson,TE,LAC,16,DEN,0,0,0,0,0,0,0,0,4,48,0,6,0,0,0,0,0,0,0,0,0,0,,,,,
Stephen Gostkowski,K,TEN,16,GB,0,0,0,0,0,0,0,0,0,0,0,0,0,0,0,0,0,0,0,0,0,2,,,,,
Sterling Shepard,WR,NYG,16,BAL,0,0,0,0,0,0,0,0,9,77,1,12,0,0,0,0,0,0,0,0,0,0,,,,,
Steven Mitchell,WR,HOU,16,CIN,0,0,0,0,0,0,0,0,1,2,0,2,0,0,0,0,0,0,0,0,0,0,,,,,
Steven Sims,WR,WAS,16,CAR,0,0,0,0,0,0,0,0,4,52,0,6,0,0,0,0,0,0,0,0,0,0,,,,,
T.J. Hockenson,TE,DET,16,TB,0,0,0,0,0,0,0,0,4,23,0,6,0,0,0,0,0,0,0,0,0,0,,,,,
T.Y. Hilton,WR,IND,16,PIT,0,0,0,0,0,0,0,0,3,60,0,7,0,0,0,0,0,0,0,0,0,0,,,,,
TB,DEF,TB,16,DET,,,,,,,,,,,,,,,,,,,,,,,0,0,0,0,7.0
TEN,DEF,TEN,16,GB,,,,,,,,,,,,,,,,,,,,,,,0,0,0,0,40.0
Taiwan Jones,RB,BUF,16,NE,0,0,0,0,0,0,0,0,0,0,0,1,0,0,0,0,0,0,0,0,0,0,,,,,
Tanner Hudson,TE,TB,16,DET,0,0,0,0,0,0,0,0,1,20,0,1,0,0,0,0,0,0,0,0,0,0,,,,,
Tavon Austin,WR,GB,16,TEN,0,0,0,0,0,0,0,0,2,5,0,2,0,0,0,0,0,0,0,0,0,0,,,,,
Taylor Heinicke,QB,WAS,16,CAR,137,1,19,12,0,22,0,3,0,0,0,0,0,0,0,0,0,0,0,0,0,0,,,,,
Taysom Hill,TE,NO,16,MIN,8,0,2,2,0,18,1,5,1,19,0,1,0,0,0,0,0,0,0,0,0,0,,,,,
Teddy Bridgewater,QB,CAR,16,WAS,197,1,28,19,1,7,0,6,0,0,0,0,0,0,0,0,0,0,0,0,0,0,,,,,
Tee Higgins,WR,CIN,16,HOU,0,0,0,0,0,0,0,0,6,99,1,9,0,0,0,0,0,0,0,0,0,0,,,,,
Tevin Coleman,RB,SF,16,ARI,0,0,0,0,0,3,0,2,1,0,0,1,0,0,0,0,0,0,0,0,0,0,,,,,
Tim Boyle,QB,GB,16,TEN,0,0,0,0,0,-3,0,3,0,0,0,0,0,0,0,0,0,0,0,0,0,0,,,,,
Tim Patrick,WR,DEN,16,LAC,0,0,0,0,0,0,0,0,3,39,0,4,0,0,0,0,0,0,0,0,0,0,,,,,
Todd Gurley,RB,ATL,16,KC,0,0,0,0,0,16,0,4,3,34,0,3,0,0,0,0,0,0,0,0,0,0,,,,,
Tom Brady,QB,TB,16,DET,348,4,27,22,0,0,0,0,0,0,0,0,0,0,0,0,0,0,0,0,0,0,,,,,
Tony Pollard,RB,DAL,16,PHI,0,0,0,0,0,12,0,9,1,8,0,2,0,0,0,0,0,0,0,0,0,0,,,,,
Travis Fulgham,WR,PHI,16,DAL,0,0,0,0,0,0,0,0,2,27,0,3,0,0,0,0,0,0,0,0,0,0,,,,,
Travis Kelce,TE,KC,16,ATL,0,0,0,0,0,0,0,0,7,98,1,13,0,0,0,0,0,0,0,0,0,0,,,,,
Trayveon Williams,RB,CIN,16,HOU,0,0,0,0,0,6,0,2,0,0,0,0,0,0,0,0,0,0,0,0,0,0,,,,,
Trent Sherfield,WR,ARI,16,SF,0,0,0,0,0,0,0,0,0,0,0,0,0,0,0,0,0,0,0,0,0,0,,,,,
Trenton Cannon,RB,CAR,16,WAS,0,0,0,0,0,0,0,0,0,0,0,0,0,0,0,0,0,0,0,0,0,0,,,,,
Trenton Irwin,WR,CIN,16,HOU,0,0,0,0,0,0,0,0,1,5,0,2,0,0,0,0,0,0,0,0,0,0,,,,,
Trey Burton,TE,IND,16,PIT,0,0,0,0,0,0,0,0,3,18,0,4,0,0,0,0,0,0,0,0,0,0,,,,,
Troy Fumagalli,TE,DEN,16,LAC,0,0,0,0,0,0,0,0,0,0,0,1,0,0,0,0,0,0,0,0,0,0,,,,,
Tua Tagovailoa,QB,MIA,16,LV,94,1,22,17,0,11,0,3,0,0,0,0,0,0,0,0,0,0,0,0,0,0,,,,,
Ty Johnson,RB,NYJ,16,CLE,0,0,0,0,0,13,0,2,0,0,0,0,0,0,0,0,0,0,0,0,0,0,,,,,
Ty Montgomery,WR,NO,16,MIN,0,0,0,0,0,0,0,0,0,0,0,1,0,0,0,0,0,0,0,0,0,0,,,,,
Tyler Bass,K,BUF,16,NE,0,0,0,0,0,0,0,0,0,0,0,0,0,0,0,0,1,0,0,0,0,5,,,,,
Tyler Conklin,TE,MIN,16,NO,0,0,0,0,0,0,0,0,4,31,0,6,0,0,0,0,0,0,0,0,0,0,,,,,
Tyler Eifert,TE,JAX,16,CHI,0,0,0,0,0,0,0,0,2,17,0,5,0,0,0,0,0,0,0,0,0,0,,,,,
Tyler Higbee,TE,LA,16,SEA,0,0,0,0,0,0,0,0,3,34,0,6,0,0,0,0,0,0,0,0,0,0,,,,,
Tyler Johnson,WR,TB,16,DET,0,0,0,0,0,0,0,0,1,35,0,1,0,0,0,0,0,0,0,0,0,0,,,,,
Tyler Lockett,WR,SEA,16,LA,0,0,0,0,0,0,0,0,3,44,0,5,0,0,0,0,0,0,0,0,0,0,,,,,
Tyreek Hill,WR,KC,16,ATL,0,0,0,0,0,0,0,0,4,65,0,6,0,0,0,0,0,0,0,0,0,0,,,,,
Tyron Johnson,WR,LAC,16,DEN,0,0,0,0,0,0,0,0,3,26,0,3,0,0,0,0,0,0,0,0,0,0,,,,,
Van Jefferson,WR,LA,16,SEA,0,0,0,0,0,0,0,0,0,0,0,1,0,0,0,0,0,0,0,0,0,0,,,,,
Vance McDonald,TE,PIT,16,IND,0,0,0,0,0,0,0,0,1,5,0,1,0,0,0,0,0,0,0,0,0,0,,,,,
WAS,DEF,WAS,16,CAR,,,,,,,,,,,,,,,,,,,,,,,0,0,0,0,20.0
Wayne Gallman,RB,NYG,16,BAL,0,0,0,0,0,27,0,6,2,26,0,2,0,0,0,0,0,0,0,0,0,0,,,,,
Wil Lutz,K,NO,16,MIN,0,0,0,0,0,0,0,0,0,0,0,0,0,0,0,0,0,1,0,0,0,7,,,,,
Will Dissly,TE,SEA,16,LA,0,0,0,0,0,0,0,0,3,17,0,3,0,0,0,0,0,0,0,0,0,0,,,,,
Willie Snead,WR,BAL,16,NYG,0,0,0,0,0,0,0,0,2,24,0,2,0,0,0,0,0,0,0,0,0,0,,,,,
Xavier Jones,RB,LA,16,SEA,0,0,0,0,0,0,0,0,0,0,0,0,0,0,0,0,0,0,0,0,0,0,,,,,
Younghoe Koo,K,ATL,16,KC,0,0,0,0,0,0,0,0,0,0,0,0,0,0,0,0,0,0,0,0,0,2,,,,,
Zach Ertz,TE,PHI,16,DAL,0,0,0,0,0,0,0,0,3,33,0,7,0,0,0,0,0,0,0,0,0,0,,,,,
Zach Pascal,WR,IND,16,PIT,0,0,0,0,0,0,0,0,3,64,1,6,0,0,0,0,0,0,0,0,0,0,,,,,
Zack Moss,RB,BUF,16,NE,0,0,0,0,0,57,1,12,1,0,0,1,0,0,0,0,0,0,0,0,0,0,,,,,
A.J. Brown,WR,TEN,17,HOU,0,0,0,0,0,0,0,0,10,151,1,11,0,0,0,0,0,0,0,0,0,0,,,,,
A.J. Green,WR,CIN,17,BAL,0,0,0,0,0,0,0,0,0,0,0,6,0,0,0,0,0,0,0,0,0,0,,,,,
AJ Dillon,RB,GB,17,CHI,0,0,0,0,0,3,0,1,0,0,0,0,0,0,0,0,0,0,0,0,0,0,,,,,
AJ McCarron,QB,HOU,17,TEN,20,0,1,1,0,0,0,0,0,0,0,0,0,0,0,0,0,0,0,0,0,0,,,,,
ARI,DEF,ARI,17,LA,,,,,,,,,,,,,,,,,,,,,,,0,0,0,0,18.0
ATL,DEF,ATL,17,TB,,,,,,,,,,,,,,,,,,,,,,,0,0,0,0,44.0
Aaron Jones,RB,GB,17,CHI,0,0,0,0,0,42,1,11,4,43,0,5,0,0,0,0,0,0,0,0,0,0,,,,,
Aaron Rodgers,QB,GB,17,CHI,240,4,24,19,0,4,0,1,0,0,0,0,0,0,0,0,0,0,0,0,0,0,,,,,
Adam Shaheen,TE,MIA,17,BUF,0,0,0,0,0,0,0,0,1,22,0,3,0,0,0,0,0,0,0,0,0,0,,,,,
Adam Thielen,WR,MIN,17,DET,0,0,0,0,0,0,0,0,4,57,0,5,0,0,0,0,0,0,0,0,0,0,,,,,
Adam Trautman,TE,NO,17,CAR,0,0,0,0,0,0,0,0,1,5,0,1,0,0,0,0,0,0,0,0,0,0,,,,,
Adrian Peterson,RB,DET,17,MIN,0,0,0,0,0,63,1,7,0,0,0,0,0,0,0,0,0,0,0,0,0,0,,,,,
Aldrick Rosas,K,JAX,17,IND,0,0,0,0,0,0,0,0,0,0,0,0,0,0,0,0,0,0,0,0,0,2,,,,,
Alex Armah,RB,CAR,17,NO,0,0,0,0,0,0,0,0,0,0,0,1,0,0,0,0,0,0,0,0,0,0,,,,,
Alex Collins,RB,SEA,17,SF,0,0,0,0,0,29,1,5,0,0,0,0,0,0,0,0,0,0,0,0,0,0,,,,,
Alex Erickson,WR,CIN,17,BAL,0,0,0,0,0,2,0,1,1,8,0,3,0,0,0,0,0,0,0,0,0,0,,,,,
Alex Smith,QB,WAS,17,PHI,162,2,32,22,2,0,0,1,0,0,0,0,0,0,0,0,0,0,0,0,0,0,,,,,
Alexander Mattison,RB,MIN,17,DET,0,0,0,0,0,95,1,21,3,50,1,3,0,0,0,0,0,0,0,0,0,0,,,,,
Alfred Morris,RB,NYG,17,DAL,0,0,0,0,0,12,0,5,0,0,0,1,0,0,0,0,0,0,0,0,0,0,,,,,
Allen Lazard,WR,GB,17,CHI,0,0,0,0,0,0,0,0,2,17,0,4,0,0,0,0,0,0,0,0,0,0,,,,,
Allen Robinson,WR,CHI,17,GB,0,0,0,0,0,0,0,0,2,37,0,5,0,0,0,0,0,0,0,0,0,0,,,,,
Amari Cooper,WR,DAL,17,NYG,0,0,0,0,0,0,0,0,6,41,0,9,0,0,0,0,0,0,0,0,0,0,,,,,
Ameer Abdullah,RB,MIN,17,DET,0,0,0,0,0,0,0,0,3,7,1,3,0,0,0,0,0,0,0,0,0,0,,,,,
Andy Dalton,QB,DAL,17,NYG,244,0,47,29,1,48,0,7,0,0,0,0,0,0,0,0,0,0,0,0,0,0,,,,,
Anthony Firkser,TE,TEN,17,HOU,0,0,0,0,0,0,0,0,2,18,0,2,0,0,0,0,0,0,0,0,0,0,,,,,
Anthony McFarland,RB,PIT,17,CLE,0,0,0,0,0,17,0,5,0,0,0,0,0,0,0,0,0,0,0,0,0,0,,,,,
Anthony Miller,WR,CHI,17,GB,0,0,0,0,0,0,0,0,2,13,0,2,0,0,0,0,0,0,0,0,0,0,,,,,
Antonio Brown,WR,TB,17,ATL,0,0,0,0,0,0,0,0,11,138,2,15,0,0,0,0,0,0,0,0,0,0,,,,,
Antonio Gibson,RB,WAS,17,PHI,0,0,0,0,0,75,0,19,1,6,0,1,0,0,0,0,0,0,0,0,0,0,,,,,
Antonio Williams,RB,BUF,17,MIA,0,0,0,0,0,63,2,12,1,20,0,1,0,0,0,0,0,0,0,0,0,0,,,,,
Artavis Pierce,RB,CHI,17,GB,0,0,0,0,0,-1,0,1,0,0,0,0,0,0,0,0,0,0,0,0,0,0,,,,,
Ashton Dulin,WR,IND,17,JAX,0,0,0,0,0,0,0,0,0,0,0,1,0,0,0,0,0,0,0,0,0,0,,,,,
Austin Carr,WR,NO,17,CAR,0,0,0,0,0,0,0,0,1,11,1,1,0,0,0,0,0,0,0,0,0,0,,,,,
Austin Ekeler,RB,LAC,17,KC,0,0,0,0,0,18,0,7,6,33,1,7,0,0,0,0,0,0,0,0,0,0,,,,,
Austin Hooper,TE,CLE,17,PIT,0,0,0,0,0,0,0,0,4,37,1,5,0,0,0,0,0,0,0,0,0,0,,,,,
Austin Mack,WR,NYG,17,DAL,0,0,0,0,0,0,0,0,1,9,0,1,0,0,0,0,0,0,0,0,0,0,,,,,
Austin Seibert,K,CIN,17,BAL,0,0,0,0,0,0,0,0,0,0,0,0,0,0,0,0,0,1,0,0,0,0,,,,,
Austin Walter,RB,SF,17,SEA,0,0,0,0,0,0,0,0,0,0,0,0,0,0,0,0,0,0,0,0,0,0,,,,,
BAL,DEF,BAL,17,CIN,,,,,,,,,,,,,,,,,,,,,,,0,0,0,0,3.0
BUF,DEF,BUF,17,MIA,,,,,,,,,,,,,,,,,,,,,,,1,0,0,0,26.0
Baker Mayfield,QB,CLE,17,PIT,196,1,27,17,0,44,0,6,0,0,0,0,0,0,0,0,0,0,0,0,0,0,,,,,
Benny Snell,RB,PIT,17,CLE,0,0,0,0,0,10,0,3,0,0,0,0,0,0,0,0,0,0,0,0,0,0,,,,,
Bisi Johnson,WR,MIN,17,DET,0,0,0,0,0,0,0,0,0,0,0,0,0,0,0,0,0,0,0,0,0,0,,,,,
Boston Scott,RB,PHI,17,WAS,0,0,0,0,0,65,0,15,2,14,0,5,0,0,0,0,0,0,0,0,0,0,,,,,
Brandin Cooks,WR,HOU,17,TEN,0,0,0,0,0,0,0,0,11,166,2,16,0,0,0,0,0,0,0,0,0,0,,,,,
Brandon Allen,QB,CIN,17,BAL,48,0,21,6,2,2,0,1,0,0,0,0,0,0,0,0,0,0,0,0,0,0,,,,,
Brandon McManus,K,DEN,17,LV,0,0,0,0,0,0,0,0,0,0,0,0,0,0,0,0,2,1,0,0,0,2,,,,,
Braxton Berrios,WR,NYJ,17,NE,0,0,0,0,0,16,0,2,3,20,0,3,0,0,0,0,0,0,0,0,0,0,,,,,
Breshad Perriman,WR,NYJ,17,NE,0,0,0,0,0,0,0,0,3,84,0,6,0,0,0,0,0,0,0,0,0,0,,,,,
Brian Hill,RB,ATL,17,TB,0,0,0,0,0,94,0,9,3,42,0,3,0,0,0,0,0,0,0,0,0,0,,,,,
Bryan Edwards,WR,LV,17,DEN,0,0,0,0,0,0,0,0,2,51,1,2,0,0,0,0,0,0,0,0,0,0,,,,,
Byron Pringle,WR,KC,17,LAC,0,0,0,0,0,0,0,0,4,52,1,6,0,0,0,0,0,0,0,0,0,0,,,,,
C.J. Beathard,QB,SF,17,SEA,273,1,37,25,0,10,0,3,0,0,0,0,0,0,0,0,0,0,0,0,0,0,,,,,
C.J. Board,WR,NYG,17,DAL,0,0,0,0,0,0,0,0,0,0,0,0,0,0,0,0,0,0,0,0,0,0,,,,,
CAR,DEF,CAR,17,NO,,,,,,,,,,,,,,,,,,,,,,,0,0,0,0,33.0
CHI,DEF,CHI,17,GB,,,,,,,,,,,,,,,,,,,,,,,0,0,0,0,35.0
CIN,DEF,CIN,17,BAL,,,,,,,,,,,,,,,,,,,,,,,0,0,0,0,38.0
CLE,DEF,CLE,17,PIT,,,,,,,,,,,,,,,,,,,,,,,0,0,0,0,22.0
Cairo Santos,K,CHI,17,GB,0,0,0,0,0,0,0,0,0,0,0,0,0,0,0,0,2,1,0,0,0,1,,,,,
Caleb Wilson,TE,PHI,17,WAS,0,0,0,0,0,0,0,0,0,0,0,0,0,0,0,0,0,0,0,0,0,0,,,,,
Calvin Ridley,WR,ATL,17,TB,0,0,0,0,0,-6,0,1,8,52,0,12,0,0,0,0,0,0,0,0,0,0,,,,,
Cam Akers,RB,LA,17,ARI,0,0,0,0,0,34,0,21,4,52,0,4,0,0,0,0,0,0,0,0,0,0,,,,,
Cam Newton,QB,NE,17,NYJ,242,3,30,21,0,79,0,11,1,19,1,1,0,0,0,0,0,0,0,0,0,0,,,,,
Cam Sims,WR,WAS,17,PHI,0,0,0,0,0,0,0,0,5,43,0,5,0,0,0,0,0,0,0,0,0,0,,,,,
Cameron Brate,TE,TB,17,ATL,0,0,0,0,0,0,0,0,1,11,0,2,0,0,0,0,0,0,0,0,0,0,,,,,
Cedrick Wilson Jr.,WR,DAL,17,NYG,0,0,0,0,0,0,0,0,1,3,0,1,0,0,0,0,0,0,0,0,0,0,,,,,
CeeDee Lamb,WR,DAL,17,NYG,0,0,0,0,0,3,0,1,5,43,0,7,0,0,0,0,0,0,0,0,0,0,,,,,
Cethan Carter,TE,CIN,17,BAL,0,0,0,0,0,0,0,0,1,21,0,2,0,0,0,0,0,0,0,0,0,0,,,,,
Chad Beebe,WR,MIN,17,DET,0,0,0,0,0,0,0,0,2,44,1,3,0,0,0,0,0,0,0,0,0,0,,,,,
Chad Hansen,WR,HOU,17,TEN,0,0,0,0,0,0,0,0,2,16,0,4,0,0,0,0,0,0,0,0,0,0,,,,,
Chad Henne,QB,KC,17,LAC,218,2,32,23,0,0,0,2,0,0,0,0,0,0,0,0,0,0,0,0,0,0,,,,,
Charlie Woerner,TE,SF,17,SEA,0,0,0,0,0,0,0,0,1,3,0,1,0,0,0,0,0,0,0,0,0,0,,,,,
Chase Claypool,WR,PIT,17,CLE,0,0,0,0,0,0,0,0,5,101,1,11,0,0,0,0,0,0,0,0,0,0,,,,,
Chase Edmonds,RB,ARI,17,LA,0,0,0,0,0,-3,0,3,2,28,0,2,0,0,0,0,0,0,0,0,0,0,,,,,
Chase McLaughlin,K,NYJ,17,NE,0,0,0,0,0,0,0,0,0,0,0,0,0,0,0,0,0,0,0,0,0,2,,,,,
Chris Carson,RB,SEA,17,SF,0,0,0,0,0,44,0,11,2,39,0,2,0,0,0,0,0,0,0,0,0,0,,,,,
Chris Conley,WR,JAX,17,IND,0,0,0,0,0,0,0,0,7,87,0,9,0,0,0,0,0,0,0,0,0,0,,,,,
Chris Godwin Jr.,WR,TB,17,ATL,0,0,0,0,0,0,0,0,5,133,2,7,0,0,0,0,0,0,0,0,0,0,,,,,
Chris Herndon,TE,NYJ,17,NE,0,0,0,0,0,0,0,0,7,63,1,9,0,0,0,0,0,0,0,0,0,0,,,,,
Chris Moore,WR,BAL,17,CIN,0,0,0,0,0,0,0,0,0,0,0,0,0,0,0,0,0,0,0,0,0,0,,,,,
Chris Rowland,WR,ATL,17,TB,0,0,0,0,0,0,0,0,0,0,0,0,0,0,0,0,0,0,0,0,0,0,,,,,
Chris Streveler,QB,ARI,17,LA,105,1,16,11,1,12,0,3,0,0,0,0,0,0,0,0,0,0,0,0,0,0,,,,,
Christian Blake,WR,ATL,17,TB,0,0,0,0,0,0,0,0,0,0,0,0,0,0,0,0,0,0,0,0,0,0,,,,,
Cody Parkey,K,CLE,17,PIT,0,0,0,0,0,0,0,0,0,0,0,0,0,0,0,0,1,0,0,0,0,3,,,,,
Cole Kmet,TE,CHI,17,GB,0,0,0,0,0,0,0,0,7,41,0,8,0,0,0,0,0,0,0,0,0,0,,,,,
Cordarrelle Patterson,RB,CHI,17,GB,0,0,0,0,0,18,0,4,0,0,0,0,0,0,0,0,0,0,0,0,0,0,,,,,
Corey Clement,RB,PHI,17,WAS,0,0,0,0,0,1,0,1,1,7,0,1,0,0,0,0,0,0,0,0,0,0,,,,,
Corey Davis,WR,TEN,17,HOU,0,0,0,0,0,0,0,0,5,39,0,11,0,0,0,0,0,0,0,0,0,0,,,,,
Curtis Samuel,WR,CAR,17,NO,0,0,0,0,0,3,0,3,7,118,0,11,0,0,0,0,0,0,0,0,0,0,,,,,
D'Andre Swift,RB,DET,17,MIN,0,0,0,0,0,54,1,12,3,16,0,3,0,0,0,0,0,0,0,0,0,0,,,,,
D'Ernest Johnson,RB,CLE,17,PIT,0,0,0,0,0,0,0,0,0,0,0,0,0,0,0,0,0,0,0,0,0,0,,,,,
D.J. Foster,RB,ARI,17,LA,0,0,0,0,0,0,0,0,0,0,0,0,0,0,0,0,0,0,0,0,0,0,,,,,
DAL,DEF,DAL,17,NYG,,,,,,,,,,,,,,,,,,,,,,,0,0,0,0,23.0
DEN,DEF,DEN,17,LV,,,,,,,,,,,,,,,,,,,,,,,0,0,0,0,32.0
DET,DEF,DET,17,MIN,,,,,,,,,,,,,,,,,,,,,,,0,0,0,0,37.0
DJ Moore,WR,CAR,17,NO,0,0,0,0,0,0,0,0,5,101,0,11,0,0,0,0,0,0,0,0,0,0,,,,,
DK Metcalf,WR,SEA,17,SF,0,0,0,0,0,0,0,0,3,21,0,9,0,0,0,0,0,0,0,0,0,0,,,,,
DaeSean Hamilton,WR,DEN,17,LV,0,0,0,0,0,0,0,0,2,18,0,6,0,0,0,0,0,0,0,0,0,0,,,,,
Dalton Keene,TE,NE,17,NYJ,0,0,0,0,0,0,0,0,1,6,0,2,0,0,0,0,0,0,0,0,0,0,,,,,
Dalton Schultz,TE,DAL,17,NYG,0,0,0,0,0,0,0,0,7,70,0,10,0,0,0,0,0,0,0,0,0,0,,,,,
Damiere Byrd,WR,NE,17,NYJ,0,0,0,0,0,4,0,1,1,7,0,3,0,0,0,0,0,0,0,0,0,0,,,,,
Dan Arnold,TE,ARI,17,LA,0,0,0,0,0,0,0,0,3,46,0,3,0,0,0,0,0,0,0,0,0,0,,,,,
Dan Bailey,K,MIN,17,DET,0,0,0,0,0,0,0,0,0,0,0,0,0,0,0,0,1,0,0,0,0,4,,,,,
Dan Chisena,WR,MIN,17,DET,0,0,0,0,0,0,0,0,0,0,0,0,0,0,0,0,0,0,0,0,0,0,,,,,
Daniel Brown,TE,NYJ,17,NE,0,0,0,0,0,0,0,0,1,18,0,1,0,0,0,0,0,0,0,0,0,0,,,,,
Daniel Carlson,K,LV,17,DEN,0,0,0,0,0,0,0,0,0,0,0,0,0,0,0,0,0,1,0,0,0,3,,,,,
Daniel Jones,QB,NYG,17,DAL,229,2,25,17,1,17,0,9,0,0,0,0,0,0,0,0,0,0,0,0,0,0,,,,,
Danny Amendola,WR,DET,17,MIN,0,0,0,0,0,0,0,0,1,6,0,2,0,0,0,0,0,0,0,0,0,0,,,,,
Dante Pettis,WR,NYG,17,DAL,0,0,0,0,0,0,0,0,2,43,1,2,0,0,0,0,0,0,0,0,0,0,,,,,
Dare Ogunbowale,RB,JAX,17,IND,0,0,0,0,0,50,0,14,4,22,0,7,0,0,0,0,0,0,0,0,0,0,,,,,
Darius Slayton,WR,NYG,17,DAL,0,0,0,0,0,0,0,0,2,22,0,4,0,0,0,0,0,0,0,0,0,0,,,,,
Darnell Mooney,WR,CHI,17,GB,0,0,0,0,0,0,0,0,11,93,0,13,0,0,0,0,0,0,0,0,0,0,,,,,
Darrel Williams,RB,KC,17,LAC,0,0,0,0,0,0,0,0,1,2,0,1,0,0,0,0,0,0,0,0,0,0,,,,,
Darren Waller,TE,LV,17,DEN,0,0,0,0,0,0,0,0,9,117,1,10,0,0,1,0,0,0,0,0,0,0,,,,,
Darrynton Evans,RB,TEN,17,HOU,0,0,0,0,0,0,0,0,0,0,0,0,0,0,0,0,0,0,0,0,0,0,,,,,
Darwin Thompson,RB,KC,17,LAC,0,0,0,0,0,45,1,14,7,65,1,7,0,0,0,0,0,0,0,0,0,0,,,,,
Davante Adams,WR,GB,17,CHI,0,0,0,0,0,0,0,0,6,46,1,6,0,0,0,0,0,0,0,0,0,0,,,,,
David Johnson,RB,HOU,17,TEN,0,0,0,0,0,84,1,14,3,36,0,5,0,0,0,0,0,0,0,0,0,0,,,,,
David Montgomery,RB,CHI,17,GB,0,0,0,0,0,69,1,22,9,63,0,9,0,0,0,0,0,0,0,0,0,0,,,,,
David Moore,WR,SEA,17,SF,0,0,0,0,0,0,0,0,1,5,0,1,0,0,0,0,0,0,0,0,0,0,,,,,
David Njoku,TE,CLE,17,PIT,0,0,0,0,0,0,0,0,2,13,0,5,0,0,0,0,0,0,0,0,0,0,,,,,
Dawson Knox,TE,BUF,17,MIA,0,0,0,0,0,0,0,0,2,29,0,8,0,0,0,0,0,0,0,0,0,0,,,,,
DeAndre Carter,WR,CHI,17,GB,0,0,0,0,0,0,0,0,0,0,0,0,0,0,0,0,0,0,0,0,0,0,,,,,
DeAndre Hopkins,WR,ARI,17,LA,0,0,0,0,0,0,0,0,4,35,0,10,0,0,0,0,0,0,0,0,0,0,,,,,
DeVante Parker,WR,MIA,17,BUF,0,0,0,0,0,0,0,0,7,116,0,14,0,0,0,0,0,0,0,0,0,0,,,,,
Demarcus Robinson,WR,KC,17,LAC,0,0,0,0,0,0,0,0,6,58,0,7,0,0,0,0,0,0,0,0,0,0,,,,,
Demetrius Harris,TE,CHI,17,GB,0,0,0,0,0,0,0,0,0,0,0,0,0,0,0,0,0,0,0,0,0,0,,,,,
Denzel Mims,WR,NYJ,17,NE,0,0,0,0,0,0,0,0,1,15,0,2,0,0,0,0,0,0,0,0,0,0,,,,,
Deon Yelder,TE,KC,17,LAC,0,0,0,0,0,0,0,0,2,6,0,6,0,0,0,0,0,0,0,0,0,0,,,,,
Derek Carr,QB,LV,17,DEN,371,2,38,24,2,1,0,2,0,0,0,0,0,0,1,0,0,0,0,0,0,0,,,,,
Derek Carrier,TE,LV,17,DEN,0,0,0,0,0,0,0,0,0,0,0,0,0,0,0,0,0,0,0,0,0,0,,,,,
Derrick Henry,RB,TEN,17,HOU,0,0,0,0,0,250,2,34,0,0,0,0,0,0,0,0,0,0,0,0,0,0,,,,,
Deshaun Watson,QB,HOU,17,TEN,365,3,39,28,1,12,0,3,0,0,0,0,0,0,0,0,0,0,0,0,0,0,,,,,
Devin Asiasi,TE,NE,17,NYJ,0,0,0,0,0,0,0,0,2,39,1,3,0,0,0,0,0,0,0,0,0,0,,,,,
Devin Duvernay,WR,BAL,17,CIN,0,0,0,0,0,22,0,1,0,0,0,1,0,0,0,0,0,0,0,0,0,0,,,,,
Devin Singletary,RB,BUF,17,MIA,0,0,0,0,0,7,0,3,1,6,0,1,0,0,0,0,0,0,0,0,0,0,,,,,
Devontae Booker,RB,LV,17,DEN,0,0,0,0,0,16,0,5,0,0,0,0,0,0,0,0,0,0,0,0,0,0,,,,,
Dion Lewis,RB,NYG,17,DAL,0,0,0,0,0,7,0,1,0,0,0,1,0,0,0,0,0,0,0,0,0,0,,,,,
Diontae Johnson,WR,PIT,17,CLE,0,0,0,0,0,0,0,0,3,96,0,4,0,0,0,0,0,0,0,0,0,0,,,,,
Diontae Spencer,WR,DEN,17,LV,0,0,0,0,0,1,0,1,1,9,0,2,0,0,0,0,0,0,0,0,0,0,,,,,
Dominique Dafney,TE,GB,17,CHI,0,0,0,0,0,0,0,0,1,13,1,1,0,0,0,0,0,0,0,0,0,0,,,,,
Donald Parham,TE,LAC,17,KC,0,0,0,0,0,0,0,0,3,37,1,4,0,0,0,0,0,0,0,0,0,0,,,,,
Donovan Peoples-Jones,WR,CLE,17,PIT,0,0,0,0,0,0,0,0,1,11,0,3,0,0,0,0,0,0,0,0,0,0,,,,,
Donte Moncrief,WR,NE,17,NYJ,0,0,0,0,0,0,0,0,0,0,0,0,0,0,0,0,0,0,0,0,0,0,,,,,
Dontrell Hilliard,RB,HOU,17,TEN,0,0,0,0,0,0,0,0,0,0,0,0,0,0,0,0,0,0,0,0,0,0,,,,,
Drew Brees,QB,NO,17,CAR,201,3,32,22,0,0,0,0,0,0,0,0,0,0,0,0,0,0,0,0,0,0,,,,,
Drew Lock,QB,DEN,17,LV,339,2,41,25,0,7,0,2,0,0,0,0,0,0,1,0,0,0,0,0,0,0,,,,,
Drew Sample,TE,CIN,17,BAL,0,0,0,0,0,0,0,0,2,15,0,3,0,0,0,0,0,0,0,0,0,0,,,,,
Durham Smythe,TE,MIA,17,BUF,0,0,0,0,0,0,0,0,3,23,0,3,0,0,0,0,0,0,0,0,0,0,,,,,
Dustin Hopkins,K,WAS,17,PHI,0,0,0,0,0,0,0,0,0,0,0,0,0,0,0,0,0,0,2,0,0,2,,,,,
Emmanuel Sanders,WR,NO,17,CAR,0,0,0,0,0,0,0,0,9,63,1,13,0,0,0,0,0,0,0,0,0,0,,,,,
Equanimeous St. Brown,WR,GB,17,CHI,0,0,0,0,0,0,0,0,0,0,0,1,0,0,0,0,0,0,0,0,0,0,,,,,
Eric Saubert,TE,JAX,17,IND,0,0,0,0,0,0,0,0,1,9,0,1,0,0,0,0,0,0,0,0,0,0,,,,,
Evan Engram,TE,NYG,17,DAL,0,0,0,0,0,0,0,0,2,17,0,4,0,0,0,0,0,0,0,0,0,0,,,,,
Ezekiel Elliott,RB,DAL,17,NYG,0,0,0,0,0,42,1,14,3,19,0,4,0,0,0,0,0,0,0,0,0,0,,,,,
Foster Moreau,TE,LV,17,DEN,0,0,0,0,0,0,0,0,1,7,0,1,0,0,0,0,0,0,0,0,0,0,,,,,
Freddie Swain,WR,SEA,17,SF,0,0,0,0,0,0,0,0,0,0,0,1,0,0,0,0,0,0,0,0,0,0,,,,,
GB,DEF,GB,17,CHI,,,,,,,,,,,,,,,,,,,,,,,0,0,0,0,16.0
Gabe Davis,WR,BUF,17,MIA,0,0,0,0,0,0,0,0,2,107,1,5,0,0,0,0,0,0,0,0,0,0,,,,,
Gehrig Dieter,WR,KC,17,LAC,0,0,0,0,0,0,0,0,1,10,0,2,0,0,0,0,0,0,0,0,0,0,,,,,
George Kittle,TE,SF,17,SEA,0,0,0,0,0,0,0,0,7,68,0,9,0,0,0,0,0,0,0,0,0,0,,,,,
Gerald Everett,TE,LA,17,ARI,0,0,0,0,0,0,0,0,2,25,0,7,0,0,0,0,0,0,0,0,0,0,,,,,
Giovani Bernard,RB,CIN,17,BAL,0,0,0,0,0,7,0,3,0,0,0,1,0,0,0,0,0,0,0,0,0,0,,,,,
Graham Gano,K,NYG,17,DAL,0,0,0,0,0,0,0,0,0,0,0,0,0,0,0,0,0,0,0,1,0,2,,,,,
Greg Ward,WR,PHI,17,WAS,15,0,1,1,0,0,0,0,1,6,0,3,0,0,0,0,0,0,0,0,0,0,,,,,
Greg Zuerlein,K,DAL,17,NYG,0,0,0,0,0,0,0,0,0,0,0,0,0,0,0,0,0,2,1,1,0,1,,,,,
Gunner Olszewski,WR,NE,17,NYJ,0,0,0,0,0,0,0,0,2,14,0,2,0,0,0,0,0,0,0,0,0,0,,,,,
Gus Edwards,RB,BAL,17,CIN,0,0,0,0,0,60,0,12,1,10,0,1,0,0,0,0,0,0,0,0,0,0,,,,,
HOU,DEF,HOU,17,TEN,,,,,,,,,,,,,,,,,,,,,,,0,0,0,0,41.0
Harrison Butker,K,KC,17,LAC,0,0,0,0,0,0,0,0,0,0,0,0,0,0,0,0,0,0,0,0,0,3,,,,,
Hayden Hurst,TE,ATL,17,TB,0,0,0,0,0,0,0,0,4,28,1,6,0,0,0,0,0,0,0,0,0,0,,,,,
Henry Ruggs III,WR,LV,17,DEN,0,0,0,0,0,0,0,1,3,38,0,3,0,0,0,0,0,0,0,0,0,0,,,,,
Hunter Bryant,TE,DET,17,MIN,0,0,0,0,0,0,0,0,0,0,0,1,0,0,0,0,0,0,0,0,0,0,,,,,
Hunter Renfrow,WR,LV,17,DEN,0,0,0,0,0,0,0,0,3,24,0,7,0,0,0,0,0,0,0,0,0,0,,,,,
IND,DEF,IND,17,JAX,,,,,,,,,,,,,,,,,,,,,,,0,0,0,0,14.0
Ian Thomas,TE,CAR,17,NO,0,0,0,0,0,0,0,0,1,-1,0,3,0,0,0,0,0,0,0,0,0,0,,,,,
Irv Smith,TE,MIN,17,DET,0,0,0,0,0,0,0,0,2,30,0,3,0,0,0,0,0,0,0,0,0,0,,,,,
Isaiah Ford,WR,MIA,17,BUF,0,0,0,0,0,0,0,0,3,37,0,7,0,0,0,0,0,0,0,0,0,0,,,,,
Isaiah McKenzie,WR,BUF,17,MIA,0,0,0,0,0,0,0,2,6,65,2,9,1,0,0,0,0,0,0,0,0,0,,,,,
Ito Smith,RB,ATL,17,TB,0,0,0,0,0,9,0,3,1,7,0,4,0,0,0,0,0,0,0,0,0,0,,,,,
J.D. McKissic,RB,WAS,17,PHI,0,0,0,0,0,0,0,2,5,30,0,8,0,0,0,0,0,0,0,0,0,0,,,,,
J.J. Arcega-Whiteside,WR,PHI,17,WAS,0,0,0,0,0,0,0,0,2,40,0,3,0,0,0,0,0,0,0,0,0,0,,,,,
J.J. Taylor,RB,NE,17,NYJ,0,0,0,0,0,0,0,0,0,0,0,0,0,0,0,0,0,0,0,0,0,0,,,,,
J.K. Dobbins,RB,BAL,17,CIN,0,0,0,0,0,160,2,13,0,0,0,0,0,0,0,0,0,0,0,0,0,0,,,,,
JAX,DEF,JAX,17,IND,,,,,,,,,,,,,,,,,,,,,,,0,0,0,0,28.0
Jack Doyle,TE,IND,17,JAX,0,0,0,0,0,0,0,0,3,17,0,3,0,0,0,0,0,0,0,0,0,0,,,,,
Jacob Hollister,TE,SEA,17,SF,0,0,0,0,0,0,0,0,1,6,0,3,0,0,0,0,0,0,0,0,0,0,,,,,
Jacoby Brissett,QB,IND,17,JAX,0,0,0,0,0,3,0,2,0,0,0,0,0,0,0,0,0,0,0,0,0,0,,,,,
Jake Elliott,K,PHI,17,WAS,0,0,0,0,0,0,0,0,0,0,0,0,0,0,0,0,0,0,0,0,0,2,,,,,
Jakobi Meyers,WR,NE,17,NYJ,19,1,1,1,0,7,0,1,6,68,0,7,0,0,0,0,0,0,0,0,0,0,,,,,
Jalen Guyton,WR,LAC,17,KC,0,0,0,0,0,0,0,0,0,0,0,4,0,0,0,0,0,0,0,0,0,0,,,,,
Jalen Hurts,QB,PHI,17,WAS,72,0,20,7,1,34,2,8,0,0,0,0,0,0,0,0,0,0,0,0,0,0,,,,,
Jalen Reagor,WR,PHI,17,WAS,0,0,0,0,0,0,0,0,1,15,0,1,0,0,0,0,0,0,0,0,0,0,,,,,
Jamaal Williams,RB,GB,17,CHI,0,0,0,0,0,26,0,5,0,0,0,0,0,0,0,0,0,0,0,0,0,0,,,,,
Jamal Agnew,WR,DET,17,MIN,0,0,0,0,0,0,0,0,0,0,0,0,0,0,0,0,0,0,0,0,0,0,,,,,
Jameis Winston,QB,NO,17,CAR,0,0,0,0,0,-1,0,1,0,0,0,0,0,0,0,0,0,0,0,0,0,0,,,,,
James Conner,RB,PIT,17,CLE,0,0,0,0,0,37,0,9,5,25,0,8,0,0,0,0,0,0,0,0,0,0,,,,,
James O'Shaughnessy,TE,JAX,17,IND,0,0,0,0,0,0,0,0,1,10,0,1,0,0,0,0,0,0,0,0,0,0,,,,,
James Washington,WR,PIT,17,CLE,0,0,0,0,0,0,0,0,0,0,0,2,0,0,0,0,0,0,0,0,0,0,,,,,
James White,RB,NE,17,NYJ,0,0,0,0,0,0,0,0,4,31,1,7,0,0,0,0,0,0,0,0,0,0,,,,,
Jamison Crowder,WR,NYJ,17,NE,0,0,0,0,0,0,0,0,4,31,0,4,0,0,0,0,0,0,0,0,0,0,,,,,
Jared Cook,TE,NO,17,CAR,0,0,0,0,0,0,0,0,4,43,1,5,0,0,0,0,0,0,0,0,0,0,,,,,
Jarvis Landry,WR,CLE,17,PIT,0,0,0,0,0,3,1,1,5,51,0,6,0,0,0,0,0,0,0,0,0,0,,,,,
Jason Huntley,RB,PHI,17,WAS,0,0,0,0,0,5,0,2,1,0,0,1,0,0,0,0,0,0,0,0,0,0,,,,,
Jason Myers,K,SEA,17,SF,0,0,0,0,0,0,0,0,0,0,0,0,0,0,0,0,0,2,0,0,0,2,,,,,
Jason Sanders,K,MIA,17,BUF,0,0,0,0,0,0,0,0,0,0,0,0,0,0,0,0,0,1,1,0,0,2,,,,,
Javon Wims,WR,CHI,17,GB,0,0,0,0,0,0,0,0,0,0,0,2,0,0,0,0,0,0,0,0,0,0,,,,,
Jaydon Mickens,WR,TB,17,ATL,0,0,0,0,0,0,0,0,0,0,0,0,0,0,0,0,0,0,0,0,0,0,,,,,
Jeff Smith,WR,NYJ,17,NE,0,0,0,0,0,0,0,0,0,0,0,0,0,0,0,0,0,0,0,0,0,0,,,,,
Jeff Wilson,RB,SF,17,SEA,0,0,0,0,0,76,1,20,3,12,1,7,0,0,0,0,0,0,0,0,0,0,,,,,
Jeremy Sprinkle,TE,WAS,17,PHI,0,0,0,0,0,0,0,0,0,0,0,0,0,0,0,0,0,0,0,0,0,0,,,,,
Jerick McKinnon,RB,SF,17,SEA,0,0,0,0,0,0,0,0,1,6,0,1,0,0,0,0,0,0,0,0,0,0,,,,,
Jerry Jeudy,WR,DEN,17,LV,0,0,0,0,0,0,0,0,5,140,1,7,0,0,1,0,0,0,0,0,0,0,,,,,
Jesse James,TE,DET,17,MIN,0,0,0,0,0,0,0,0,1,2,0,1,0,0,0,0,0,0,0,0,0,0,,,,,
Jimmy Graham,TE,CHI,17,GB,0,0,0,0,0,0,0,0,2,5,0,2,0,0,0,0,0,0,0,0,0,0,,,,,
Joe Reed,WR,LAC,17,KC,0,0,0,0,0,0,0,0,0,0,0,0,0,0,0,0,0,0,0,0,0,0,,,,,
Joey Slye,K,CAR,17,NO,0,0,0,0,0,0,0,0,0,0,0,0,0,0,0,0,0,0,0,0,0,1,,,,,
John Brown,WR,BUF,17,MIA,0,0,0,0,0,0,0,0,4,72,1,4,0,0,0,0,0,0,0,0,0,0,,,,,
John Hightower,WR,PHI,17,WAS,0,0,0,0,0,1,0,1,0,0,0,2,0,0,0,0,0,0,0,0,0,0,,,,,
John Wolford,QB,LA,17,ARI,231,0,38,22,1,56,0,6,0,0,0,0,0,0,0,0,0,0,0,0,0,0,,,,,
Johnny Mundt,TE,LA,17,ARI,0,0,0,0,0,0,0,0,0,0,0,0,0,0,0,0,0,0,0,0,0,0,,,,,
Jonathan Taylor,RB,IND,17,JAX,0,0,0,0,0,253,2,30,1,1,0,2,0,0,0,0,0,0,0,0,0,0,,,,,
Jonathan Ward,RB,ARI,17,LA,0,0,0,0,0,0,0,0,1,11,1,1,0,0,0,0,0,0,0,0,0,0,,,,,
Jonnu Smith,TE,TEN,17,HOU,0,0,0,0,0,0,0,0,1,8,0,2,0,0,0,0,0,0,0,0,0,0,,,,,
Jordan Akins,TE,HOU,17,TEN,0,0,0,0,0,0,0,0,1,9,0,2,0,0,0,0,0,0,0,0,0,0,,,,,
Josh Adams,RB,NYJ,17,NE,0,0,0,0,0,47,1,11,2,12,0,4,0,0,0,0,0,0,0,0,0,0,,,,,
Josh Allen,QB,BUF,17,MIA,224,3,25,18,1,3,0,2,0,0,0,0,0,0,0,0,0,0,0,0,0,0,,,,,
Josh Jacobs,RB,LV,17,DEN,0,0,0,0,0,89,2,15,0,0,0,1,0,0,0,0,0,0,0,0,0,0,,,,,
Josh Reynolds,WR,LA,17,ARI,0,0,0,0,0,0,0,0,4,29,0,6,0,0,0,0,0,0,0,0,0,0,,,,,
Joshua Dobbs,QB,PIT,17,CLE,2,0,5,4,0,20,0,2,0,0,0,0,0,0,0,0,0,0,0,0,0,0,,,,,
JuJu Smith-Schuster,WR,PIT,17,CLE,0,0,0,0,0,0,0,0,6,65,1,8,0,0,0,0,0,0,0,0,0,0,,,,,
Justice Hill,RB,BAL,17,CIN,0,0,0,0,0,21,0,2,0,0,0,0,0,0,0,0,0,0,0,0,0,0,,,,,
Justin Herbert,QB,LAC,17,KC,302,3,31,22,0,9,1,6,0,0,0,0,0,0,1,0,0,0,0,0,0,0,,,,,
Justin Jackson,RB,LAC,17,KC,0,0,0,0,0,72,0,9,1,32,0,2,0,0,1,0,0,0,0,0,0,0,,,,,
Justin Jefferson,WR,MIN,17,DET,0,0,0,0,0,0,0,0,9,133,0,12,0,0,0,0,0,0,0,0,0,0,,,,,
Justin Tucker,K,BAL,17,CIN,0,0,0,0,0,0,0,0,0,0,0,0,0,0,0,0,0,1,0,0,0,5,,,,,
Juwan Johnson,TE,NO,17,CAR,0,0,0,0,0,0,0,0,1,4,0,1,0,0,0,0,0,0,0,0,0,0,,,,,
K.J. Hill,WR,LAC,17,KC,0,0,0,0,0,0,0,0,0,0,0,0,0,0,0,0,0,0,0,0,0,0,,,,,
KC,DEF,KC,17,LAC,,,,,,,,,,,,,,,,,,,,,,,0,0,0,0,38.0
Ka'imi Fairbairn,K,HOU,17,TEN,0,0,0,0,0,0,0,0,0,0,0,0,0,0,0,0,2,0,1,1,0,2,,,,,
Kaden Smith,TE,NYG,17,DAL,0,0,0,0,0,0,0,0,1,16,0,1,0,0,0,0,0,0,0,0,0,0,,,,,
Kalen Ballage,RB,LAC,17,KC,0,0,0,0,0,36,1,13,0,0,0,0,0,0,0,0,0,0,0,0,0,0,,,,,
Kalif Raymond,WR,TEN,17,HOU,0,0,0,0,0,0,0,0,0,0,0,0,0,0,0,0,0,0,0,0,0,0,,,,,
Kareem Hunt,RB,CLE,17,PIT,0,0,0,0,0,37,0,10,1,4,0,1,0,0,0,0,0,0,0,0,0,0,,,,,
KeeSean Johnson,WR,ARI,17,LA,0,0,0,0,0,0,0,0,2,13,0,2,0,0,0,0,0,0,0,0,0,0,,,,,
Keelan Cole,WR,JAX,17,IND,0,0,0,0,0,0,0,0,3,23,0,7,0,0,0,0,0,0,0,0,0,0,,,,,
Keke Coutee,WR,HOU,17,TEN,0,0,0,0,0,0,0,0,6,90,0,7,0,0,0,0,0,0,0,0,0,0,,,,,
Kendrick Bourne,WR,SF,17,SEA,0,0,0,0,0,0,0,0,5,76,0,6,0,0,0,0,0,0,0,0,0,0,,,,,
Kenyan Drake,RB,ARI,17,LA,0,0,0,0,0,36,0,10,3,15,0,3,0,0,0,0,0,0,0,0,0,0,,,,,
Kerryon Johnson,RB,DET,17,MIN,0,0,0,0,0,0,0,0,0,0,0,1,0,0,0,0,0,0,0,0,0,0,,,,,
Kevin Rader,TE,PIT,17,CLE,0,0,0,0,0,0,0,0,0,0,0,1,0,0,0,0,0,0,0,0,0,0,,,,,
KhaDarel Hodge,WR,CLE,17,PIT,0,0,0,0,0,0,0,0,2,25,0,2,0,0,0,0,0,0,0,0,0,0,,,,,
Kirk Cousins,QB,MIN,17,DET,405,3,40,28,0,1,1,5,0,0,0,0,0,0,0,0,0,0,0,0,0,0,,,,,
Kyle Juszczyk,RB,SF,17,SEA,0,0,0,0,0,0,0,1,1,4,0,2,0,0,0,0,0,0,0,0,0,0,,,,,
Kyler Murray,QB,ARI,17,LA,87,0,11,8,0,3,0,2,0,0,0,0,0,0,0,0,0,0,0,0,0,0,,,,,
LA,DEF,LA,17,ARI,,,,,,,,,,,,,,,,,,,,,,,1,1,0,0,7.0
LAC,DEF,LAC,17,KC,,,,,,,,,,,,,,,,,,,,,,,0,1,0,0,21.0
LV,DEF,LV,17,DEN,,,,,,,,,,,,,,,,,,,,,,,0,0,0,0,31.0
Lamar Jackson,QB,BAL,17,CIN,113,3,18,10,1,97,0,11,0,0,0,0,0,0,0,0,0,0,0,0,0,0,,,,,
Laquon Treadwell,WR,ATL,17,TB,0,0,0,0,0,0,0,0,2,15,0,3,0,0,0,0,0,0,0,0,0,0,,,,,
Laviska Shenault Jr.,WR,JAX,17,IND,0,0,0,0,0,-2,0,1,6,68,2,9,0,0,0,0,0,0,0,0,0,0,,,,,
Leonard Fournette,RB,TB,17,ATL,0,0,0,0,0,13,0,5,2,14,0,2,0,0,0,0,0,0,0,0,0,0,,,,,
Levante Bellamy,RB,DEN,17,LV,0,0,0,0,0,0,0,1,0,0,0,0,0,0,0,0,0,0,0,0,0,0,,,,,
Levine Toilolo,TE,NYG,17,DAL,0,0,0,0,0,0,0,0,1,10,0,1,0,0,0,0,0,0,0,0,0,0,,,,,
Lil'Jordan Humphrey,WR,NO,17,CAR,0,0,0,0,0,0,0,0,1,17,0,1,0,0,0,0,0,0,0,0,0,0,,,,,
Logan Thomas,TE,WAS,17,PHI,0,0,0,0,0,0,0,0,3,37,1,6,0,0,0,0,0,0,0,0,0,0,,,,,
Luke Stocker,TE,ATL,17,TB,0,0,0,0,0,0,0,0,1,13,0,1,0,0,0,0,0,0,0,0,0,0,,,,,
Lynn Bowden,WR,MIA,17,BUF,32,0,1,1,0,-7,0,1,8,44,0,12,0,0,0,0,0,0,0,0,0,0,,,,,
MIA,DEF,MIA,17,BUF,,,,,,,,,,,,,,,,,,,,,,,0,0,0,0,56.0
MIN,DEF,MIN,17,DET,,,,,,,,,,,,,,,,,,,,,,,0,0,0,0,35.0
Mack Hollins,WR,MIA,17,BUF,0,0,0,0,0,0,0,0,1,3,0,1,0,0,0,0,0,0,0,0,0,0,,,,,
Malcolm Brown,RB,LA,17,ARI,0,0,0,0,0,20,0,3,1,-2,0,1,0,0,0,0,0,0,0,0,0,0,,,,,
Malcolm Perry,RB,MIA,17,BUF,0,0,0,0,0,0,0,0,1,25,1,1,0,0,0,0,0,0,0,0,0,0,,,,,
Malik Taylor,WR,GB,17,CHI,0,0,0,0,0,0,0,0,0,0,0,0,0,0,0,0,0,0,0,0,0,0,,,,,
Marcedes Lewis,TE,GB,17,CHI,0,0,0,0,0,0,0,0,1,9,0,1,0,0,0,0,0,0,0,0,0,0,,,,,
Mark Andrews,TE,BAL,17,CIN,0,0,0,0,0,0,0,0,4,27,0,7,0,0,0,0,0,0,0,0,0,0,,,,,
Mark Ingram,RB,BAL,17,CIN,0,0,0,0,0,39,0,9,0,0,0,0,0,0,0,0,0,0,0,0,0,0,,,,,
Marquez Callaway,WR,NO,17,CAR,0,0,0,0,0,0,0,0,3,51,0,4,0,0,0,0,0,0,0,0,0,0,,,,,
Marquez Valdes-Scantling,WR,GB,17,CHI,0,0,0,0,0,4,0,1,2,87,1,3,0,0,0,0,0,0,0,0,0,0,,,,,
Marquise Brown,WR,BAL,17,CIN,0,0,0,0,0,0,0,0,5,41,2,8,0,0,0,0,0,0,0,0,0,0,,,,,
Marvin Jones,WR,DET,17,MIN,0,0,0,0,0,0,0,0,8,180,2,11,0,0,0,0,0,0,0,0,0,0,,,,,
Mason Crosby,K,GB,17,CHI,0,0,0,0,0,0,0,0,0,0,0,0,0,0,0,0,0,0,0,0,0,5,,,,,
Mason Rudolph,QB,PIT,17,CLE,315,2,39,22,1,1,0,1,0,0,0,0,0,0,0,0,0,0,0,0,0,0,,,,,
Matt Barkley,QB,BUF,17,MIA,164,1,13,6,1,-3,0,3,0,0,0,0,0,0,0,0,0,0,0,0,0,0,,,,,
Matt Cole,WR,SF,17,SEA,0,0,0,0,0,0,0,0,0,0,0,0,0,0,0,0,0,0,0,0,0,0,,,,,
Matt Gay,K,LA,17,ARI,0,0,0,0,0,0,0,0,0,0,0,0,0,0,0,0,2,1,0,0,0,1,,,,,
Matt Prater,K,DET,17,MIN,0,0,0,0,0,0,0,0,0,0,0,0,0,0,0,0,0,0,0,1,0,2,,,,,
Matt Ryan,QB,ATL,17,TB,265,2,44,29,0,1,1,3,0,0,0,0,0,0,0,0,0,0,0,0,0,0,,,,,
Matthew Slater,WR,NE,17,NYJ,0,0,0,0,0,0,0,0,0,0,0,0,0,0,0,0,0,0,0,0,0,0,,,,,
Matthew Stafford,QB,DET,17,MIN,293,3,31,20,1,9,0,2,0,0,0,0,0,0,0,0,0,0,0,0,0,0,,,,,
Matthew Wright,K,PIT,17,CLE,0,0,0,0,0,0,0,0,0,0,0,0,0,0,0,0,1,0,2,0,0,1,,,,,
Mecole Hardman,WR,KC,17,LAC,0,0,0,0,0,0,0,0,2,25,0,2,0,0,0,0,0,0,0,0,0,0,,,,,
Melvin Gordon,RB,DEN,17,LV,0,0,0,0,0,93,1,26,4,17,0,6,0,0,0,0,0,0,0,0,0,0,,,,,
Michael Gallup,WR,DAL,17,NYG,0,0,0,0,0,0,0,0,4,49,0,8,0,0,0,0,0,0,0,0,0,0,,,,,
Michael Pittman,WR,IND,17,JAX,0,0,0,0,0,2,0,1,2,28,0,2,0,0,0,0,0,0,0,0,0,0,,,,,
Mike Badgley,K,LAC,17,KC,0,0,0,0,0,0,0,0,0,0,0,0,0,0,0,0,0,0,0,0,0,4,,,,,
Mike Boone,RB,MIN,17,DET,0,0,0,0,0,29,0,5,0,0,0,0,0,0,0,0,0,0,0,0,0,0,,,,,
Mike Evans,WR,TB,17,ATL,0,0,0,0,0,0,0,0,3,46,0,4,0,0,0,0,0,0,0,0,0,0,,,,,
Mike Gesicki,TE,MIA,17,BUF,0,0,0,0,0,0,0,0,5,47,0,10,0,0,0,0,0,0,0,0,0,0,,,,,
Mike Glennon,QB,JAX,17,IND,261,2,42,26,0,2,0,1,0,0,0,0,0,0,0,0,0,0,0,0,0,0,,,,,
Mike Nugent,K,ARI,17,LA,0,0,0,0,0,0,0,0,0,0,0,0,0,0,0,0,0,0,0,0,0,1,,,,,
Mike Thomas,WR,CIN,17,BAL,0,0,0,0,0,0,0,0,0,0,0,0,0,0,0,0,0,0,0,0,0,0,,,,,
Mike Williams,WR,LAC,17,KC,0,0,0,0,0,0,0,0,6,108,1,7,0,0,0,0,0,0,0,0,0,0,,,,,
Miles Boykin,WR,BAL,17,CIN,0,0,0,0,0,0,0,0,1,43,1,2,0,0,0,0,0,0,0,0,0,0,,,,,
Mitchell Trubisky,QB,CHI,17,GB,252,0,42,33,1,22,0,4,0,0,0,0,0,0,0,0,0,0,0,0,0,0,,,,,
Mohamed Sanu,WR,DET,17,MIN,0,0,0,0,0,3,0,1,2,13,0,6,0,0,0,0,0,0,0,0,0,0,,,,,
Myles Gaskin,RB,MIA,17,BUF,0,0,0,0,0,20,1,7,4,57,0,5,0,0,0,0,0,0,0,0,0,0,,,,,
N'Keal Harry,TE,NE,17,NYJ,0,0,0,0,0,0,0,0,2,17,0,2,0,0,0,0,0,0,0,0,0,0,,,,,
NE,DEF,NE,17,NYJ,,,,,,,,,,,,,,,,,,,,,,,0,0,0,0,14.0
NO,DEF,NO,17,CAR,,,,,,,,,,,,,,,,,,,,,,,0,0,0,0,7.0
NYG,DEF,NYG,17,DAL,,,,,,,,,,,,,,,,,,,,,,,0,0,0,0,19.0
NYJ,DEF,NYJ,17,NE,,,,,,,,,,,,,,,,,,,,,,,0,0,0,0,28.0
Nate Sudfeld,QB,PHI,17,WAS,32,0,12,5,1,12,0,2,0,0,0,0,0,0,0,0,0,0,0,0,0,0,,,,,
Nathan Cottrell,RB,JAX,17,IND,0,0,0,0,0,0,0,0,0,0,0,0,0,0,0,0,0,0,0,0,0,0,,,,,
Nelson Agholor,WR,LV,17,DEN,0,0,0,0,0,0,0,0,1,57,0,4,0,0,0,0,0,0,0,0,0,0,,,,,
Nick Chubb,RB,CLE,17,PIT,0,0,0,0,0,108,1,14,0,0,0,1,0,0,0,0,0,0,0,0,0,0,,,,,
Nick Folk,K,NE,17,NYJ,0,0,0,0,0,0,0,0,0,0,0,0,0,0,0,0,0,0,0,0,0,4,,,,,
Nick Westbrook-Ikhine,WR,TEN,17,HOU,0,0,0,0,0,0,0,0,0,0,0,1,0,0,0,0,0,0,0,0,0,0,,,,,
Noah Fant,TE,DEN,17,LV,0,0,0,0,0,0,0,0,4,48,0,6,0,0,0,0,0,0,0,0,0,0,,,,,
Nsimba Webster,WR,LA,17,ARI,0,0,0,0,0,0,0,0,0,0,0,0,0,0,0,0,0,0,0,0,0,0,,,,,
Nyheim Hines,RB,IND,17,JAX,0,0,0,0,0,17,0,2,6,50,0,7,0,0,0,0,0,0,0,0,0,0,,,,,
PHI,DEF,PHI,17,WAS,,,,,,,,,,,,,,,,,,,,,,,0,0,0,0,20.0
PIT,DEF,PIT,17,CLE,,,,,,,,,,,,,,,,,,,,,,,0,0,0,0,24.0
PJ Walker,QB,CAR,17,NO,95,0,14,5,3,0,0,0,0,0,0,0,0,0,0,0,0,0,0,0,0,0,,,,,
Peyton Barber,RB,WAS,17,PHI,0,0,0,0,0,10,0,4,0,0,0,0,0,0,0,0,0,0,0,0,0,0,,,,,
Pharaoh Brown,TE,HOU,17,TEN,0,0,0,0,0,0,0,0,5,48,1,5,0,0,0,0,0,0,0,0,0,0,,,,,
Pharoh Cooper,WR,CAR,17,NO,0,0,0,0,0,0,0,0,1,9,0,2,0,0,0,0,0,0,0,0,0,0,,,,,
Philip Rivers,QB,IND,17,JAX,164,1,27,17,1,-2,0,2,0,0,0,0,0,0,1,0,0,0,0,0,0,0,,,,,
Quez Watkins,WR,PHI,17,WAS,0,0,0,0,0,0,0,0,1,6,0,5,0,0,0,0,0,0,0,0,0,0,,,,,
Quintez Cephus,WR,DET,17,MIN,0,0,0,0,0,0,0,0,2,51,1,3,0,0,0,0,0,0,0,0,0,0,,,,,
Rashaad Penny,RB,SEA,17,SF,0,0,0,0,0,19,0,6,0,0,0,0,0,0,0,0,0,0,0,0,0,0,,,,,
Rashard Higgins,WR,CLE,17,PIT,0,0,0,0,0,0,0,0,2,55,0,3,0,0,0,0,0,0,0,0,0,0,,,,,
Ray-Ray McCloud,WR,PIT,17,CLE,0,0,0,0,0,0,0,0,2,-3,0,2,0,0,0,0,0,0,0,0,0,0,,,,,
Raymond Calais,RB,LA,17,ARI,0,0,0,0,0,0,0,0,0,0,0,0,0,0,0,0,0,0,0,0,0,0,,,,,
Richie James,WR,SF,17,SEA,0,0,0,0,0,0,0,0,3,66,0,5,0,0,0,0,0,0,0,0,0,0,,,,,
Rico Dowdle,RB,DAL,17,NYG,0,0,0,0,0,0,0,0,0,0,0,0,0,0,0,0,0,0,0,0,0,0,,,,,
River Cracraft,WR,SF,17,SEA,0,0,0,0,0,0,0,0,2,17,0,2,0,0,0,0,0,0,0,0,0,0,,,,,
Rob Gronkowski,TE,TB,17,ATL,0,0,0,0,0,0,0,0,2,29,0,4,0,0,0,0,0,0,0,0,0,0,,,,,
Robbie Chosen,WR,CAR,17,NO,0,0,0,0,0,0,0,0,3,40,0,7,0,0,0,0,0,0,0,0,0,0,,,,,
Robert Tonyan,TE,GB,17,CHI,0,0,0,0,0,0,0,0,2,18,1,2,0,0,0,0,0,0,0,0,0,0,,,,,
Robert Woods,WR,LA,17,ARI,0,0,0,0,0,0,0,0,4,36,0,7,0,0,0,0,0,0,0,0,0,0,,,,,
Rodney Smith,RB,CAR,17,NO,0,0,0,0,0,40,1,10,1,4,0,1,0,0,0,0,0,0,0,0,0,0,,,,,
Rodrigo Blankenship,K,IND,17,JAX,0,0,0,0,0,0,0,0,0,0,0,0,0,0,0,0,2,0,0,0,0,2,,,,,
Ronald Jones,RB,TB,17,ATL,0,0,0,0,0,78,1,12,0,0,0,0,0,0,0,0,0,0,0,0,0,0,,,,,
Ross Dwelley,TE,SF,17,SEA,0,0,0,0,0,0,0,0,2,21,0,2,0,0,0,0,0,0,0,0,0,0,,,,,
Royce Freeman,RB,DEN,17,LV,0,0,0,0,0,21,0,2,1,1,0,1,0,0,0,0,0,0,0,0,0,0,,,,,
Russell Gage,WR,ATL,17,TB,0,0,0,0,0,11,0,1,9,91,1,10,0,0,0,0,0,0,0,0,0,0,,,,,
Russell Wilson,QB,SEA,17,SF,181,2,36,20,0,29,0,5,0,0,0,0,0,0,0,0,0,0,0,0,0,0,,,,,
Ryan Griffin,TE,NYJ,17,NE,0,0,0,0,0,0,0,0,0,0,0,0,0,0,0,0,0,0,0,0,0,0,,,,,
Ryan Succop,K,TB,17,ATL,0,0,0,0,0,0,0,0,0,0,0,0,0,0,0,0,2,1,0,0,0,5,,,,,
Ryan Tannehill,QB,TEN,17,HOU,216,1,27,18,0,38,2,7,0,0,0,0,0,0,0,0,0,0,0,0,0,0,,,,,
SEA,DEF,SEA,17,SF,,,,,,,,,,,,,,,,,,,,,,,0,0,0,0,23.0
SF,DEF,SF,17,SEA,,,,,,,,,,,,,,,,,,,,,,,0,0,0,0,26.0
Salvon Ahmed,RB,MIA,17,BUF,0,0,0,0,0,29,1,6,3,19,0,3,0,0,0,0,0,0,0,0,0,0,,,,,
Sam Darnold,QB,NYJ,17,NE,266,1,34,23,2,3,0,1,0,0,0,0,0,0,0,0,0,0,0,0,0,0,,,,,
Sam Sloman,K,TEN,17,HOU,0,0,0,0,0,0,0,0,0,0,0,0,0,0,0,0,0,1,1,0,0,5,,,,,
Samaje Perine,RB,CIN,17,BAL,0,0,0,0,0,51,0,9,0,0,0,0,0,0,0,0,0,0,0,0,0,0,,,,,
Scott Miller,WR,TB,17,ATL,0,0,0,0,0,0,0,0,1,12,0,3,0,0,0,0,0,0,0,0,0,0,,,,,
Sean McKeon,TE,DAL,17,NYG,0,0,0,0,0,0,0,0,0,0,0,0,0,0,0,0,0,0,0,0,0,0,,,,,
Sony Michel,RB,NE,17,NYJ,0,0,0,0,0,76,0,16,3,60,1,3,0,0,0,0,0,0,0,0,0,0,,,,,
Stefon Diggs,WR,BUF,17,MIA,0,0,0,0,0,0,0,0,7,76,0,8,0,0,0,0,0,0,0,0,0,0,,,,,
Stephen Anderson,TE,LAC,17,KC,0,0,0,0,0,0,0,0,3,52,0,3,0,0,0,0,0,0,0,0,0,0,,,,,
Stephen Carlson,TE,CLE,17,PIT,0,0,0,0,0,0,0,0,0,0,0,0,0,0,0,0,0,0,0,0,0,0,,,,,
Sterling Shepard,WR,NYG,17,DAL,0,0,0,0,0,24,1,2,8,112,1,10,0,0,0,0,0,0,0,0,0,0,,,,,
Steven Mitchell,WR,HOU,17,TEN,0,0,0,0,0,0,0,0,1,20,0,1,0,0,0,0,0,0,0,0,0,0,,,,,
Steven Sims,WR,WAS,17,PHI,0,0,0,0,0,18,0,1,1,6,0,1,0,0,0,0,0,0,0,0,0,0,,,,,
T.J. Hockenson,TE,DET,17,MIN,0,0,0,0,0,0,0,0,3,25,0,3,0,0,0,0,0,0,0,0,0,0,,,,,
T.Y. Hilton,WR,IND,17,JAX,0,0,0,0,0,0,0,0,3,27,1,7,0,0,1,0,0,0,0,0,0,0,,,,,
TB,DEF,TB,17,ATL,,,,,,,,,,,,,,,,,,,,,,,0,0,0,0,27.0
TEN,DEF,TEN,17,HOU,,,,,,,,,,,,,,,,,,,,,,,0,0,0,0,38.0
Tavon Austin,WR,GB,17,CHI,0,0,0,0,0,0,0,0,1,7,0,1,0,0,0,0,0,0,0,0,0,0,,,,,
Taysom Hill,TE,NO,17,CAR,0,0,0,0,0,41,1,7,1,5,0,1,0,0,0,0,0,0,0,0,0,0,,,,,
Teddy Bridgewater,QB,CAR,17,NO,176,0,23,13,2,7,0,3,0,0,0,0,0,0,0,0,0,0,0,0,0,0,,,,,
Tee Higgins,WR,CIN,17,BAL,0,0,0,0,0,0,0,0,0,0,0,1,0,0,0,0,0,0,0,0,0,0,,,,,
Terry Godwin,WR,JAX,17,IND,0,0,0,0,0,3,0,1,3,32,0,4,0,0,0,0,0,0,0,0,0,0,,,,,
Terry McLaurin,WR,WAS,17,PHI,0,0,0,0,0,0,0,0,7,40,1,8,0,0,0,0,0,0,0,0,0,0,,,,,
Theo Riddick,RB,LV,17,DEN,0,0,0,0,0,0,0,0,4,40,0,5,0,0,0,0,0,0,0,0,0,0,,,,,
Tim Patrick,WR,DEN,17,LV,0,0,0,0,0,0,0,0,2,46,0,4,0,0,0,0,0,0,0,0,0,0,,,,,
Todd Gurley,RB,ATL,17,TB,0,0,0,0,0,18,0,9,1,17,0,2,0,0,0,0,0,0,0,0,0,0,,,,,
Tom Brady,QB,TB,17,ATL,399,4,41,26,1,3,0,5,0,0,0,0,0,0,0,0,0,0,0,0,0,0,,,,,
Tommy Stevens,QB,CAR,17,NO,0,0,0,0,0,24,0,4,0,0,0,0,0,0,0,0,0,0,0,0,0,0,,,,,
Tommylee Lewis,WR,NO,17,CAR,0,0,0,0,0,-2,0,1,0,0,0,0,0,0,0,0,0,0,0,0,0,0,,,,,
Tony Jones,RB,NO,17,CAR,0,0,0,0,0,13,0,3,0,0,0,0,0,0,0,0,0,0,0,0,0,0,,,,,
Tony Pollard,RB,DAL,17,NYG,0,0,0,0,0,15,0,5,3,19,0,5,0,0,0,0,0,0,0,0,0,0,,,,,
Travis Fulgham,WR,PHI,17,WAS,0,0,0,0,0,0,0,0,1,15,0,2,0,0,0,0,0,0,0,0,0,0,,,,,
Trayveon Williams,RB,CIN,17,BAL,0,0,0,0,0,74,0,4,1,3,0,1,0,0,0,0,0,0,0,0,0,0,,,,,
Trent Sherfield,WR,ARI,17,LA,0,0,0,0,0,0,0,0,4,44,0,6,0,0,0,0,0,0,0,0,0,0,,,,,
Trenton Cannon,RB,CAR,17,NO,0,0,0,0,0,0,0,0,0,0,0,0,0,0,0,0,0,0,0,0,0,0,,,,,
Trey Burton,TE,IND,17,JAX,0,0,0,0,0,0,0,0,0,0,0,0,0,0,0,0,0,0,0,0,0,0,,,,,
Tristan Vizcaino,K,SF,17,SEA,0,0,0,0,0,0,0,0,0,0,0,0,0,0,0,0,0,2,1,0,0,2,,,,,
Troy Fumagalli,TE,DEN,17,LV,0,0,0,0,0,0,0,0,2,15,1,3,0,0,0,0,0,0,0,0,0,0,,,,,
Tua Tagovailoa,QB,MIA,17,BUF,361,1,58,35,3,28,0,6,0,0,0,0,0,0,0,0,0,0,0,0,0,0,,,,,
Ty Johnson,RB,NYJ,17,NE,0,0,0,0,0,45,0,11,2,23,0,2,0,0,0,0,0,0,0,0,0,0,,,,,
Ty Montgomery,WR,NO,17,CAR,0,0,0,0,0,105,0,18,1,2,0,2,0,0,0,0,0,0,0,0,0,0,,,,,
Tyler Bass,K,BUF,17,MIA,0,0,0,0,0,0,0,0,0,0,0,0,0,0,0,0,0,0,0,0,0,8,,,,,
Tyler Boyd,WR,CIN,17,BAL,0,0,0,0,0,11,0,1,1,1,0,3,0,0,0,0,0,0,0,0,0,0,,,,,
Tyler Conklin,TE,MIN,17,DET,0,0,0,0,0,0,0,0,3,40,0,6,0,0,0,0,0,0,0,0,0,0,,,,,
Tyler Eifert,TE,JAX,17,IND,0,0,0,0,0,0,0,0,1,10,0,2,0,0,0,0,0,0,0,0,0,0,,,,,
Tyler Higbee,TE,LA,17,ARI,0,0,0,0,0,0,0,0,3,41,0,4,0,0,0,0,0,0,0,0,0,0,,,,,
Tyler Huntley,QB,BAL,17,CIN,8,0,1,1,0,5,0,6,0,0,0,0,0,0,0,0,0,0,0,0,0,0,,,,,
Tyler Johnson,WR,TB,17,ATL,0,0,0,0,0,0,0,0,1,16,0,1,0,0,0,0,0,0,0,0,0,0,,,,,
Tyler Lockett,WR,SEA,17,SF,0,0,0,0,0,0,0,0,12,90,2,14,0,0,0,0,0,0,0,0,0,0,,,,,
Tyrie Cleveland,WR,DEN,17,LV,0,0,0,0,0,0,0,0,4,45,0,5,0,0,0,0,0,0,0,0,0,0,,,,,
Tyron Johnson,WR,LAC,17,KC,0,0,0,0,0,0,0,0,2,35,0,2,0,0,0,0,0,0,0,0,0,0,,,,,
Van Jefferson,WR,LA,17,ARI,0,0,0,0,0,0,0,0,4,50,0,8,0,0,0,0,0,0,0,0,0,0,,,,,
Vance McDonald,TE,PIT,17,CLE,0,0,0,0,0,0,0,0,5,33,0,6,0,0,0,0,0,0,0,0,0,0,,,,,
Vyncint Smith,WR,NYJ,17,NE,0,0,0,0,0,0,0,0,0,0,0,2,0,0,0,0,0,0,0,0,0,0,,,,,
WAS,DEF,WAS,17,PHI,,,,,,,,,,,,,,,,,,,,,,,0,0,0,0,14.0
Wayne Gallman,RB,NYG,17,DAL,0,0,0,0,0,65,0,11,0,0,0,0,0,0,0,0,0,0,0,0,0,0,,,,,
Wil Lutz,K,NO,17,CAR,0,0,0,0,0,0,0,0,0,0,0,0,0,0,0,0,0,1,1,0,0,3,,,,,
Will Dissly,TE,SEA,17,SF,0,0,0,0,0,0,0,0,1,20,0,2,0,0,0,0,0,0,0,0,0,0,,,,,
Younghoe Koo,K,ATL,17,TB,0,0,0,0,0,0,0,0,0,0,0,0,0,0,0,0,2,0,0,0,0,3,,,,,
Zach Ertz,TE,PHI,17,WAS,0,0,0,0,0,0,0,0,3,16,0,6,0,0,0,0,0,0,0,0,0,0,,,,,
Zach Pascal,WR,IND,17,JAX,0,0,0,0,0,0,0,0,2,41,0,4,0,0,0,0,0,0,0,0,0,0,,,,,
Zack Moss,RB,BUF,17,MIA,0,0,0,0,0,8,0,3,1,13,0,1,0,0,0,0,0,0,0,0,0,0,,,,,
Zay Jones,WR,LV,17,DEN,0,0,0,0,0,0,0,0,1,37,0,2,0,0,0,0,0,0,0,0,0,0,,,,,
A.J. Brown,WR,TEN,18,BAL,0,0,0,0,0,0,0,0,6,83,1,10,0,0,0,0,0,0,0,0,0,0,,,,,
Adam Trautman,TE,NO,18,CHI,0,0,0,0,0,0,0,0,1,4,0,3,0,0,0,0,0,0,0,0,0,0,,,,,
Allen Robinson,WR,CHI,18,NO,0,0,0,0,0,0,0,0,6,55,0,7,0,0,0,0,0,0,0,0,0,0,,,,,
Alvin Kamara,RB,NO,18,CHI,0,0,0,0,0,99,1,23,2,17,0,2,0,0,0,0,0,0,0,0,0,0,,,,,
Andre Roberts,WR,BUF,18,IND,0,0,0,0,0,0,0,0,0,0,0,0,0,0,0,0,0,0,0,0,0,0,,,,,
Anthony Firkser,TE,TEN,18,BAL,0,0,0,0,0,0,0,0,2,44,0,2,0,0,0,0,0,0,0,0,0,0,,,,,
Anthony Miller,WR,CHI,18,NO,0,0,0,0,0,2,0,1,2,22,0,3,0,0,0,0,0,0,0,0,0,0,,,,,
Antonio Brown,WR,TB,18,WAS,0,0,0,0,0,22,0,1,2,49,1,3,0,0,0,0,0,0,0,0,0,0,,,,,
Antonio Gibson,RB,WAS,18,TB,0,0,0,0,0,31,0,14,2,4,0,3,0,0,0,0,0,0,0,0,0,0,,,,,
Austin Hooper,TE,CLE,18,PIT,0,0,0,0,0,0,0,0,7,46,1,11,0,0,0,0,0,0,0,0,0,0,,,,,
BAL,DEF,BAL,18,TEN,,,,,,,,,,,,,,,,,,,,,,,0,0,0,0,13.0
BUF,DEF,BUF,18,IND,,,,,,,,,,,,,,,,,,,,,,,0,0,0,0,24.0
Baker Mayfield,QB,CLE,18,PIT,263,3,34,21,0,3,0,5,0,0,0,0,0,0,0,0,0,0,0,0,0,0,,,,,
Ben Roethlisberger,QB,PIT,18,CLE,501,4,68,47,4,0,0,1,0,0,0,0,0,0,1,0,0,0,0,0,0,0,,,,,
Benny Snell,RB,PIT,18,CLE,0,0,0,0,0,13,0,2,1,4,0,2,0,0,0,0,0,0,0,0,0,0,,,,,
CHI,DEF,CHI,18,NO,,,,,,,,,,,,,,,,,,,,,,,0,0,0,0,21.0
CLE,DEF,CLE,18,PIT,,,,,,,,,,,,,,,,,,,,,,,0,0,0,0,37.0
Cairo Santos,K,CHI,18,NO,0,0,0,0,0,0,0,0,0,0,0,0,0,0,0,0,0,1,0,0,0,0,,,,,
Cam Akers,RB,LA,18,SEA,0,0,0,0,0,131,1,28,2,45,0,2,0,0,0,0,0,0,0,0,0,0,,,,,
Cam Sims,WR,WAS,18,TB,0,0,0,0,0,0,0,0,7,104,0,13,0,0,0,0,0,0,0,0,0,0,,,,,
Cameron Batson,WR,TEN,18,BAL,0,0,0,0,0,0,0,0,1,6,0,1,0,0,0,0,0,0,0,0,0,0,,,,,
Cameron Brate,TE,TB,18,WAS,0,0,0,0,0,0,0,0,4,80,0,6,0,0,0,0,0,0,0,0,0,0,,,,,
Carlos Hyde,RB,SEA,18,LA,0,0,0,0,0,5,0,4,0,0,0,0,0,0,0,0,0,0,0,0,0,0,,,,,
Chase Claypool,WR,PIT,18,CLE,0,0,0,0,0,0,0,0,5,59,2,7,0,0,0,0,0,0,0,0,0,0,,,,,
Chris Boswell,K,PIT,18,CLE,0,0,0,0,0,0,0,0,0,0,0,0,0,0,0,0,0,0,1,0,0,2,,,,,
Chris Carson,RB,SEA,18,LA,0,0,0,0,0,77,0,16,1,5,0,2,0,0,0,0,0,0,0,0,0,0,,,,,
Chris Godwin Jr.,WR,TB,18,WAS,0,0,0,0,0,0,0,0,5,79,1,12,0,0,0,0,0,0,0,0,0,0,,,,,
Cody Parkey,K,CLE,18,PIT,0,0,0,0,0,0,0,0,0,0,0,0,0,0,0,0,1,1,0,0,0,6,,,,,
Cole Beasley,WR,BUF,18,IND,0,0,0,0,0,0,0,0,7,57,0,7,0,0,0,0,0,0,0,0,0,0,,,,,
Cole Kmet,TE,CHI,18,NO,0,0,0,0,0,0,0,0,3,16,0,4,0,0,0,0,0,0,0,0,0,0,,,,,
Cooper Kupp,WR,LA,18,SEA,0,0,0,0,0,0,0,0,4,78,0,9,0,0,0,0,0,0,0,0,0,0,,,,,
Cordarrelle Patterson,RB,CHI,18,NO,0,0,0,0,0,2,0,1,0,0,0,0,0,0,0,0,0,0,0,0,0,0,,,,,
Corey Davis,WR,TEN,18,BAL,0,0,0,0,0,0,0,0,0,0,0,2,0,0,0,0,0,0,0,0,0,0,,,,,
D'Ernest Johnson,RB,CLE,18,PIT,0,0,0,0,0,0,0,0,0,0,0,0,0,0,0,0,0,0,0,0,0,0,,,,,
DK Metcalf,WR,SEA,18,LA,0,0,0,0,0,0,0,0,5,96,2,11,0,0,0,0,0,0,0,0,0,0,,,,,
Darrynton Evans,RB,TEN,18,BAL,0,0,0,0,0,1,0,1,0,0,0,0,0,0,0,0,0,0,0,0,0,0,,,,,
David Montgomery,RB,CHI,18,NO,0,0,0,0,0,31,0,12,0,0,0,1,0,0,0,0,0,0,0,0,0,0,,,,,
David Moore,WR,SEA,18,LA,0,0,0,0,0,4,0,1,1,1,0,1,0,0,0,0,0,0,0,0,0,0,,,,,
David Njoku,TE,CLE,18,PIT,0,0,0,0,0,0,0,0,1,7,0,1,0,0,0,0,0,0,0,0,0,0,,,,,
Dawson Knox,TE,BUF,18,IND,0,0,0,0,0,0,0,0,2,5,1,3,0,0,0,0,0,0,0,0,0,0,,,,,
De'Michael Harris,WR,IND,18,BUF,0,0,0,0,0,0,0,0,0,0,0,0,0,0,0,0,0,0,0,0,0,0,,,,,
DeAndre Carter,WR,CHI,18,NO,0,0,0,0,0,3,0,1,3,17,0,4,0,0,0,0,0,0,0,0,0,0,,,,,
Demetrius Harris,TE,CHI,18,NO,0,0,0,0,0,0,0,0,0,0,0,0,0,0,0,0,0,0,0,0,0,0,,,,,
Deonte Harty,WR,NO,18,CHI,0,0,0,0,0,-2,0,1,7,83,0,7,0,0,0,0,0,0,0,0,0,0,,,,,
Derrick Henry,RB,TEN,18,BAL,0,0,0,0,0,40,0,18,3,11,0,3,0,0,0,0,0,0,0,0,0,0,,,,,
Devin Duvernay,WR,BAL,18,TEN,0,0,0,0,0,0,0,0,0,0,0,0,0,0,0,0,0,0,0,0,0,0,,,,,
Devin Singletary,RB,BUF,18,IND,0,0,0,0,0,21,0,3,3,23,0,3,0,0,0,0,0,0,0,0,0,0,,,,,
Dez Bryant,WR,BAL,18,TEN,0,0,0,0,0,0,0,0,0,0,0,1,0,0,0,0,0,0,0,0,0,0,,,,,
Diontae Johnson,WR,PIT,18,CLE,0,0,0,0,0,0,0,0,11,117,0,16,0,0,0,0,0,0,0,0,0,0,,,,,
Donovan Peoples-Jones,WR,CLE,18,PIT,0,0,0,0,0,0,0,0,1,8,0,2,0,0,0,0,0,0,0,0,0,0,,,,,
Drew Brees,QB,NO,18,CHI,265,2,39,28,0,2,0,3,0,0,0,0,0,0,0,0,0,0,0,0,0,0,,,,,
Dustin Hopkins,K,WAS,18,TB,0,0,0,0,0,0,0,0,0,0,0,0,0,0,0,0,0,1,0,0,0,2,,,,,
Emmanuel Sanders,WR,NO,18,CHI,0,0,0,0,0,0,0,0,2,3,0,3,0,0,0,0,0,0,0,0,0,0,,,,,
Eric Ebron,TE,PIT,18,CLE,0,0,0,0,0,0,0,0,7,62,1,11,0,0,0,0,0,0,0,0,0,0,,,,,
Freddie Swain,WR,SEA,18,LA,0,0,0,0,0,0,0,0,1,28,0,1,0,0,0,0,0,0,0,0,0,0,,,,,
Gabe Davis,WR,BUF,18,IND,0,0,0,0,0,0,0,0,4,85,0,4,0,0,0,0,0,0,0,0,0,0,,,,,
Geoff Swaim,TE,TEN,18,BAL,0,0,0,0,0,0,0,0,1,5,0,1,0,0,0,0,0,0,0,0,0,0,,,,,
Gerald Everett,TE,LA,18,SEA,0,0,0,0,0,0,0,0,0,0,0,1,0,0,0,0,0,0,0,0,0,0,,,,,
Gus Edwards,RB,BAL,18,TEN,0,0,0,0,0,38,0,8,0,0,0,0,0,0,0,0,0,0,0,0,0,0,,,,,
IND,DEF,IND,18,BUF,,,,,,,,,,,,,,,,,,,,,,,0,0,0,0,27.0
Isaiah Wright,WR,WAS,18,TB,0,0,0,0,0,0,0,0,0,0,0,1,0,0,0,0,0,0,0,0,0,0,,,,,
J.D. McKissic,RB,WAS,18,TB,0,0,0,0,0,5,1,2,2,8,0,3,0,0,0,0,0,0,0,0,0,0,,,,,
J.K. Dobbins,RB,BAL,18,TEN,0,0,0,0,0,43,1,9,1,-6,0,1,0,0,0,0,0,0,0,0,0,0,,,,,
Jack Doyle,TE,IND,18,BUF,0,0,0,0,0,0,0,0,7,70,1,9,0,0,1,0,0,0,0,0,0,0,,,,,
Jacob Hollister,TE,SEA,18,LA,0,0,0,0,0,0,0,0,0,0,0,5,0,0,0,0,0,0,0,0,0,0,,,,,
Jacoby Brissett,QB,IND,18,BUF,0,0,0,0,0,0,0,1,0,0,0,0,0,0,0,0,0,0,0,0,0,0,,,,,
James Conner,RB,PIT,18,CLE,0,0,0,0,0,37,1,11,5,30,0,5,0,0,1,0,0,0,0,0,0,0,,,,,
James Washington,WR,PIT,18,CLE,0,0,0,0,0,0,0,0,5,72,0,6,0,0,0,0,0,0,0,0,0,0,,,,,
Jared Cook,TE,NO,18,CHI,0,0,0,0,0,0,0,0,4,40,0,7,0,0,0,0,0,0,0,0,0,0,,,,,
Jared Goff,QB,LA,18,SEA,155,1,19,9,0,4,0,4,0,0,0,0,0,0,0,0,0,0,0,0,0,0,,,,,
Jarvis Landry,WR,CLE,18,PIT,0,0,0,0,0,0,0,0,5,92,1,8,0,0,0,0,0,0,0,0,0,0,,,,,
Jason Myers,K,SEA,18,LA,0,0,0,0,0,0,0,0,0,0,0,0,0,0,0,0,0,0,0,2,0,2,,,,,
Javon Wims,WR,CHI,18,NO,0,0,0,0,0,0,0,0,1,28,0,4,0,0,0,0,0,0,0,0,0,0,,,,,
Jaydon Mickens,WR,TB,18,WAS,0,0,0,0,0,0,0,0,0,0,0,0,0,0,0,0,0,0,0,0,0,0,,,,,
Jeremy McNichols,RB,TEN,18,BAL,0,0,0,0,0,4,0,1,0,0,0,0,0,0,0,0,0,0,0,0,0,0,,,,,
Jeremy Sprinkle,TE,WAS,18,TB,0,0,0,0,0,0,0,0,1,8,0,1,0,0,0,0,0,0,0,0,0,0,,,,,
Jimmy Graham,TE,CHI,18,NO,0,0,0,0,0,0,0,0,2,25,1,2,0,0,0,0,0,0,0,0,0,0,,,,,
John Brown,WR,BUF,18,IND,0,0,0,0,0,0,0,0,0,0,0,4,0,0,0,0,0,0,0,0,0,0,,,,,
John Wolford,QB,LA,18,SEA,29,0,6,3,0,2,0,1,0,0,0,0,0,0,0,0,0,0,0,0,0,0,,,,,
Jonathan Taylor,RB,IND,18,BUF,0,0,0,0,0,78,1,21,2,6,0,4,0,0,0,0,0,0,0,0,0,0,,,,,
Jonnu Smith,TE,TEN,18,BAL,0,0,0,0,0,0,0,0,2,9,0,3,0,0,0,0,0,0,0,0,0,0,,,,,
Josh Allen,QB,BUF,18,IND,324,2,35,26,0,54,1,11,0,0,0,0,0,0,0,0,0,0,0,0,0,0,,,,,
JuJu Smith-Schuster,WR,PIT,18,CLE,0,0,0,0,0,0,0,0,13,157,1,19,0,0,0,0,0,0,0,0,0,0,,,,,
Justin Tucker,K,BAL,18,TEN,0,0,0,0,0,0,0,0,0,0,0,0,0,0,0,0,0,1,0,1,0,2,,,,,
Kalif Raymond,WR,TEN,18,BAL,0,0,0,0,0,0,0,0,0,0,0,1,0,0,0,0,0,0,0,0,0,0,,,,,
Kareem Hunt,RB,CLE,18,PIT,0,0,0,0,0,48,2,8,1,13,0,1,0,0,0,0,0,0,0,0,0,0,,,,,
Ke'Shawn Vaughn,RB,TB,18,WAS,0,0,0,0,0,21,0,5,0,0,0,1,0,0,0,0,0,0,0,0,0,0,,,,,
LA,DEF,LA,18,SEA,,,,,,,,,,,,,,,,,,,,,,,1,0,0,0,20.0
Lamar Jackson,QB,BAL,18,TEN,179,0,24,17,1,136,1,16,0,0,0,0,0,0,0,0,0,0,0,0,0,0,,,,,
Latavius Murray,RB,NO,18,CHI,0,0,0,0,0,9,0,4,2,11,1,2,0,0,0,0,0,0,0,0,0,0,,,,,
Leonard Fournette,RB,TB,18,WAS,0,0,0,0,0,93,1,19,4,39,0,4,0,0,0,0,0,0,0,0,0,0,,,,,
Lil'Jordan Humphrey,WR,NO,18,CHI,0,0,0,0,0,0,0,0,1,14,0,1,0,0,0,0,0,0,0,0,0,0,,,,,
Logan Thomas,TE,WAS,18,TB,0,0,0,0,0,0,0,0,5,74,0,9,0,0,0,0,0,0,0,0,0,0,,,,,
Malcolm Brown,RB,LA,18,SEA,0,0,0,0,0,30,0,9,1,9,0,1,0,0,0,0,0,0,0,0,0,0,,,,,
Mark Andrews,TE,BAL,18,TEN,0,0,0,0,0,0,0,0,4,41,0,6,0,0,0,0,0,0,0,0,0,0,,,,,
Marquise Brown,WR,BAL,18,TEN,0,0,0,0,0,19,0,2,7,109,0,9,0,0,0,0,0,0,0,0,0,0,,,,,
Matt Gay,K,LA,18,SEA,0,0,0,0,0,0,0,0,0,0,0,0,0,0,0,0,0,2,1,0,0,3,,,,,
Michael Pittman,WR,IND,18,BUF,0,0,0,0,0,11,0,1,5,90,0,10,0,0,0,0,0,0,0,0,0,0,,,,,
Michael Thomas,WR,NO,18,CHI,0,0,0,0,0,0,0,0,5,73,1,7,0,0,0,0,0,0,0,0,0,0,,,,,
Mike Evans,WR,TB,18,WAS,0,0,0,0,0,0,0,0,6,119,0,10,0,0,0,0,0,0,0,0,0,0,,,,,
Miles Boykin,WR,BAL,18,TEN,0,0,0,0,0,0,0,0,0,0,0,1,0,0,0,0,0,0,0,0,0,0,,,,,
Mitchell Trubisky,QB,CHI,18,NO,199,1,29,19,0,10,0,3,0,0,0,0,0,0,0,0,0,0,0,0,0,0,,,,,
Mo Alie-Cox,TE,IND,18,BUF,0,0,0,0,0,0,0,0,4,32,0,4,0,0,0,0,0,0,0,0,0,0,,,,,
NO,DEF,NO,18,CHI,,,,,,,,,,,,,,,,,,,,,,,0,0,0,0,9.0
Nick Chubb,RB,CLE,18,PIT,0,0,0,0,0,76,0,18,4,69,1,4,0,0,0,0,0,0,0,0,0,0,,,,,
Nick Westbrook-Ikhine,WR,TEN,18,BAL,0,0,0,0,0,0,0,0,2,17,0,2,0,0,0,0,0,0,0,0,0,0,,,,,
Nsimba Webster,WR,LA,18,SEA,0,0,0,0,0,0,0,0,0,0,0,0,0,0,0,0,0,0,0,0,0,0,,,,,
Nyheim Hines,RB,IND,18,BUF,0,0,0,0,0,75,0,6,1,8,0,3,0,0,0,0,0,0,0,0,0,0,,,,,
PIT,DEF,PIT,18,CLE,,,,,,,,,,,,,,,,,,,,,,,0,0,0,0,48.0
Patrick Ricard,RB,BAL,18,TEN,0,0,0,0,0,0,0,0,3,26,0,4,0,0,0,0,0,0,0,0,0,0,,,,,
Peyton Barber,RB,WAS,18,TB,0,0,0,0,0,0,0,0,0,0,0,0,0,0,0,0,0,0,0,0,0,0,,,,,
Philip Rivers,QB,IND,18,BUF,309,2,46,27,0,-1,0,1,0,0,0,0,0,0,1,0,0,0,0,0,0,0,,,,,
Rashard Higgins,WR,CLE,18,PIT,0,0,0,0,0,0,0,0,2,28,0,7,0,0,0,0,0,0,0,0,0,0,,,,,
Ray-Ray McCloud,WR,PIT,18,CLE,0,0,0,0,0,0,0,0,0,0,0,0,0,0,0,0,0,0,0,0,0,0,,,,,
Riley Ridley,WR,CHI,18,NO,0,0,0,0,0,0,0,0,2,36,0,2,0,0,0,0,0,0,0,0,0,0,,,,,
Rob Gronkowski,TE,TB,18,WAS,0,0,0,0,0,0,0,0,0,0,0,1,0,0,0,0,0,0,0,0,0,0,,,,,
Robert Woods,WR,LA,18,SEA,0,0,0,0,0,-3,0,1,4,48,1,8,0,0,0,0,0,0,0,0,0,0,,,,,
Rodrigo Blankenship,K,IND,18,BUF,0,0,0,0,0,0,0,0,0,0,0,0,0,0,0,0,0,1,0,0,0,1,,,,,
Russell Wilson,QB,SEA,18,LA,174,2,27,11,1,50,0,4,0,0,0,0,0,0,0,0,0,0,0,0,0,0,,,,,
Ryan Nall,RB,CHI,18,NO,0,0,0,0,0,0,0,1,0,0,0,0,0,0,0,0,0,0,0,0,0,0,,,,,
Ryan Succop,K,TB,18,WAS,0,0,0,0,0,0,0,0,0,0,0,0,0,0,0,0,2,2,0,0,0,1,,,,,
Ryan Tannehill,QB,TEN,18,BAL,165,1,26,18,1,6,0,2,1,-10,0,1,0,0,0,0,0,0,0,0,0,0,,,,,
SEA,DEF,SEA,18,LA,,,,,,,,,,,,,,,,,,,,,,,0,0,0,0,30.0
Scott Miller,WR,TB,18,WAS,0,0,0,0,0,8,0,1,1,15,0,1,0,0,0,0,0,0,0,0,0,0,,,,,
Stefon Diggs,WR,BUF,18,IND,0,0,0,0,0,0,0,0,6,128,1,9,0,0,0,0,0,0,0,0,0,0,,,,,
Stephen Gostkowski,K,TEN,18,BAL,0,0,0,0,0,0,0,0,0,0,0,0,0,0,0,0,1,0,1,0,0,1,,,,,
Steven Sims,WR,WAS,18,TB,0,0,0,0,0,4,0,1,3,33,1,4,0,0,0,0,0,0,0,0,0,0,,,,,
T.Y. Hilton,WR,IND,18,BUF,0,0,0,0,0,0,0,0,2,32,0,5,0,0,0,0,0,0,0,0,0,0,,,,,
TB,DEF,TB,18,WAS,,,,,,,,,,,,,,,,,,,,,,,0,0,0,0,23.0
TEN,DEF,TEN,18,BAL,,,,,,,,,,,,,,,,,,,,,,,0,0,0,0,20.0
Taiwan Jones,RB,BUF,18,IND,0,0,0,0,0,0,0,0,0,0,0,0,0,0,0,0,0,0,0,0,0,0,,,,,
Taylor Heinicke,QB,WAS,18,TB,306,1,44,26,1,46,1,6,0,0,0,0,0,0,0,0,0,0,0,0,0,0,,,,,
Taysom Hill,TE,NO,18,CHI,0,0,0,0,0,15,0,4,2,5,0,2,0,0,0,0,0,0,0,0,0,0,,,,,
Terry McLaurin,WR,WAS,18,TB,0,0,0,0,0,0,0,0,6,75,0,7,0,0,0,0,0,0,0,0,0,0,,,,,
Tom Brady,QB,TB,18,WAS,381,2,40,22,0,-2,0,3,0,0,0,0,0,0,0,0,0,0,0,0,0,0,,,,,
Trey Burton,TE,IND,18,BUF,0,0,0,0,0,0,0,0,3,34,0,3,0,0,0,0,0,0,0,0,0,0,,,,,
Tyler Bass,K,BUF,18,IND,0,0,0,0,0,0,0,0,0,0,0,0,0,0,0,0,0,0,1,1,0,3,,,,,
Tyler Higbee,TE,LA,18,SEA,0,0,0,0,0,0,0,0,1,4,0,3,0,0,0,0,0,0,0,0,0,0,,,,,
Tyler Lockett,WR,SEA,18,LA,0,0,0,0,0,0,0,0,2,43,0,4,0,0,0,0,0,0,0,0,0,0,,,,,
Van Jefferson,WR,LA,18,SEA,0,0,0,0,0,0,0,0,0,0,0,0,0,0,0,0,0,0,0,0,0,0,,,,,
Vance McDonald,TE,PIT,18,CLE,0,0,0,0,0,0,0,0,0,0,0,2,0,0,0,0,0,0,0,0,0,0,,,,,
WAS,DEF,WAS,18,TB,,,,,,,,,,,,,,,,,,,,,,,0,0,0,0,31.0
Wil Lutz,K,NO,18,CHI,0,0,0,0,0,0,0,0,0,0,0,0,0,0,0,0,0,0,0,0,0,3,,,,,
Will Dissly,TE,SEA,18,LA,0,0,0,0,0,0,0,0,1,1,0,2,0,0,0,0,0,0,0,0,0,0,,,,,
Willie Snead,WR,BAL,18,TEN,0,0,0,0,0,0,0,0,2,9,0,2,0,0,0,0,0,0,0,0,0,0,,,,,
Zach Pascal,WR,IND,18,BUF,0,0,0,0,0,0,0,0,3,37,1,5,0,0,0,0,0,0,0,0,0,0,,,,,
Zack Moss,RB,BUF,18,IND,0,0,0,0,0,21,0,7,4,26,0,4,0,0,0,0,0,0,0,0,0,0,,,,,
AJ Dillon,RB,GB,19,LA,0,0,0,0,0,27,0,6,0,0,0,0,0,0,0,0,0,0,0,0,0,0,,,,,
Aaron Jones,RB,GB,19,LA,0,0,0,0,0,99,1,14,1,14,0,2,0,0,0,0,0,0,0,0,0,0,,,,,
Aaron Rodgers,QB,GB,19,LA,296,2,36,23,0,-3,1,4,0,0,0,0,0,0,0,0,0,0,0,0,0,0,,,,,
Allen Lazard,WR,GB,19,LA,0,0,0,0,0,0,0,0,4,96,1,8,0,0,0,0,0,0,0,0,0,0,,,,,
Alvin Kamara,RB,NO,19,TB,0,0,0,0,0,85,0,18,3,20,0,6,0,0,0,0,0,0,0,0,0,0,,,,,
Andre Roberts,WR,BUF,19,BAL,0,0,0,0,0,0,0,0,0,0,0,0,0,0,0,0,0,0,0,0,0,0,,,,,
Antonio Brown,WR,TB,19,NO,0,0,0,0,0,0,0,0,1,10,0,3,0,0,0,0,0,0,0,0,0,0,,,,,
Austin Hooper,TE,CLE,19,KC,0,0,0,0,0,0,0,0,2,16,0,3,0,0,0,0,0,0,0,0,0,0,,,,,
BAL,DEF,BAL,19,BUF,,,,,,,,,,,,,,,,,,,,,,,0,0,0,0,17.0
BUF,DEF,BUF,19,BAL,,,,,,,,,,,,,,,,,,,,,,,1,0,0,0,3.0
Baker Mayfield,QB,CLE,19,KC,204,1,37,23,1,11,0,3,1,-8,0,1,0,0,0,0,0,0,0,0,0,0,,,,,
Byron Pringle,WR,KC,19,CLE,0,0,0,0,0,0,0,0,2,14,0,3,0,0,0,0,0,0,0,0,0,0,,,,,
CLE,DEF,CLE,19,KC,,,,,,,,,,,,,,,,,,,,,,,0,0,0,0,22.0
Cam Akers,RB,LA,19,GB,0,0,0,0,0,90,1,18,1,6,0,1,0,0,1,0,0,0,0,0,0,0,,,,,
Cameron Brate,TE,TB,19,NO,0,0,0,0,0,0,0,0,4,50,0,5,0,0,0,0,0,0,0,0,0,0,,,,,
Chad Henne,QB,KC,19,CLE,66,0,8,6,1,12,0,2,0,0,0,0,0,0,0,0,0,0,0,0,0,0,,,,,
Chris Godwin Jr.,WR,TB,19,NO,0,0,0,0,0,0,0,0,4,34,0,7,0,0,0,0,0,0,0,0,0,0,,,,,
Cody Parkey,K,CLE,19,KC,0,0,0,0,0,0,0,0,0,0,0,0,0,0,0,0,0,0,1,0,0,2,,,,,
Cole Beasley,WR,BUF,19,BAL,0,0,0,0,0,0,0,0,0,0,0,2,0,0,0,0,0,0,0,0,0,0,,,,,
D'Ernest Johnson,RB,CLE,19,KC,0,0,0,0,0,0,0,0,0,0,0,0,0,0,0,0,0,0,0,0,0,0,,,,,
Darrel Williams,RB,KC,19,CLE,0,0,0,0,0,78,0,13,4,16,0,4,0,0,0,0,0,0,0,0,0,0,,,,,
Davante Adams,WR,GB,19,LA,0,0,0,0,0,0,0,0,9,66,1,10,0,0,0,0,0,0,0,0,0,0,,,,,
David Njoku,TE,CLE,19,KC,0,0,0,0,0,0,0,0,4,59,0,5,0,0,0,0,0,0,0,0,0,0,,,,,
Dawson Knox,TE,BUF,19,BAL,0,0,0,0,0,0,0,0,2,18,0,2,0,0,0,0,0,0,0,0,0,0,,,,,
Demarcus Robinson,WR,KC,19,CLE,0,0,0,0,0,0,0,0,1,14,0,3,0,0,0,0,0,0,0,0,0,0,,,,,
Deonte Harty,WR,NO,19,TB,0,0,0,0,0,0,0,0,1,-1,0,1,0,0,0,0,0,0,0,0,0,0,,,,,
Devin Duvernay,WR,BAL,19,BUF,0,0,0,0,0,0,0,0,0,0,0,0,0,0,0,0,0,0,0,0,0,0,,,,,
Devin Singletary,RB,BUF,19,BAL,0,0,0,0,0,25,0,7,3,12,0,3,0,0,0,0,0,0,0,0,0,0,,,,,
Dez Bryant,WR,BAL,19,BUF,0,0,0,0,0,0,0,0,0,0,0,1,0,0,0,0,0,0,0,0,0,0,,,,,
Dominique Dafney,TE,GB,19,LA,0,0,0,0,0,0,0,0,0,0,0,0,0,0,0,0,0,0,0,0,0,0,,,,,
Donovan Peoples-Jones,WR,CLE,19,KC,0,0,0,0,0,0,0,0,1,23,0,1,0,0,0,0,0,0,0,0,0,0,,,,,
Drew Brees,QB,NO,19,TB,134,1,34,19,3,3,0,2,0,0,0,0,0,0,0,0,0,0,0,0,0,0,,,,,
Dwayne Washington,RB,NO,19,TB,0,0,0,0,0,2,0,1,0,0,0,0,0,0,0,0,0,0,0,0,0,0,,,,,
Emmanuel Sanders,WR,NO,19,TB,0,0,0,0,0,0,0,0,6,48,0,9,0,0,0,0,0,0,0,0,0,0,,,,,
Equanimeous St. Brown,WR,GB,19,LA,0,0,0,0,0,0,0,0,1,27,0,2,0,0,0,0,0,0,0,0,0,0,,,,,
GB,DEF,GB,19,LA,,,,,,,,,,,,,,,,,,,,,,,0,0,0,0,18.0
Gabe Davis,WR,BUF,19,BAL,0,0,0,0,0,0,0,0,0,0,0,4,0,0,0,0,0,0,0,0,0,0,,,,,
Gerald Everett,TE,LA,19,GB,0,0,0,0,0,0,0,0,0,0,0,1,0,0,0,0,0,0,0,0,0,0,,,,,
Gus Edwards,RB,BAL,19,BUF,0,0,0,0,0,42,0,10,0,0,0,0,0,0,0,0,0,0,0,0,0,0,,,,,
Harrison Bryant,TE,CLE,19,KC,0,0,0,0,0,0,0,0,0,0,0,1,0,0,0,0,0,0,0,0,0,0,,,,,
Harrison Butker,K,KC,19,CLE,0,0,0,0,0,0,0,0,0,0,0,0,0,0,0,0,1,1,0,1,0,1,,,,,
Isaiah McKenzie,WR,BUF,19,BAL,0,0,0,0,0,0,0,0,2,8,0,2,0,0,0,0,0,0,0,0,0,0,,,,,
J.K. Dobbins,RB,BAL,19,BUF,0,0,0,0,0,42,0,10,3,51,0,5,0,0,0,0,0,0,0,0,0,0,,,,,
Jamaal Williams,RB,GB,19,LA,0,0,0,0,0,65,0,12,0,0,0,0,0,0,0,0,0,0,0,0,0,0,,,,,
Jameis Winston,QB,NO,19,TB,56,1,1,1,0,0,0,0,0,0,0,0,0,0,0,0,0,0,0,0,0,0,,,,,
Jared Cook,TE,NO,19,TB,0,0,0,0,0,0,0,0,5,28,0,7,0,0,0,0,0,0,0,0,0,0,,,,,
Jared Goff,QB,LA,19,GB,174,1,27,21,0,6,0,1,0,0,0,0,0,0,1,0,0,0,0,0,0,0,,,,,
Jarvis Landry,WR,CLE,19,KC,0,0,0,0,0,0,0,0,7,20,1,10,0,0,0,0,0,0,0,0,0,0,,,,,
Jaydon Mickens,WR,TB,19,NO,0,0,0,0,0,0,0,0,0,0,0,0,0,0,0,0,0,0,0,0,0,0,,,,,
John Brown,WR,BUF,19,BAL,0,0,0,0,0,0,0,0,8,62,0,11,0,0,0,0,0,0,0,0,0,0,,,,,
Johnny Mundt,TE,LA,19,GB,0,0,0,0,0,0,0,0,0,0,0,0,0,0,0,0,0,0,0,0,0,0,,,,,
Josh Allen,QB,BUF,19,BAL,206,1,37,23,0,3,0,7,0,0,0,0,0,0,0,0,0,0,0,0,0,0,,,,,
Josh Hill,TE,NO,19,TB,0,0,0,0,0,0,0,0,1,-3,0,1,0,0,0,0,0,0,0,0,0,0,,,,,
Josh Reynolds,WR,LA,19,GB,0,0,0,0,0,0,0,0,3,65,0,4,0,0,0,0,0,0,0,0,0,0,,,,,
Justice Hill,RB,BAL,19,BUF,0,0,0,0,0,0,0,0,0,0,0,1,0,0,0,0,0,0,0,0,0,0,,,,,
Justin Tucker,K,BAL,19,BUF,0,0,0,0,0,0,0,0,0,0,0,0,0,0,0,0,0,1,0,0,0,0,,,,,
KC,DEF,KC,19,CLE,,,,,,,,,,,,,,,,,,,,,,,0,0,0,0,17.0
Kareem Hunt,RB,CLE,19,KC,0,0,0,0,0,32,1,6,1,2,0,1,0,0,0,0,0,0,0,0,0,0,,,,,
LA,DEF,LA,19,GB,,,,,,,,,,,,,,,,,,,,,,,0,0,0,0,32.0
Lamar Jackson,QB,BAL,19,BUF,162,0,24,14,1,34,0,9,0,0,0,0,0,0,0,0,0,0,0,0,0,0,,,,,
Le'Veon Bell,RB,KC,19,CLE,0,0,0,0,0,6,0,2,0,0,0,3,0,0,0,0,0,0,0,0,0,0,,,,,
Leonard Fournette,RB,TB,19,NO,0,0,0,0,0,63,0,17,5,44,1,6,0,0,0,0,0,0,0,0,0,0,,,,,
Malcolm Brown,RB,LA,19,GB,0,0,0,0,0,0,0,0,1,4,0,1,0,0,0,0,0,0,0,0,0,0,,,,,
Malik Taylor,WR,GB,19,LA,0,0,0,0,0,0,0,0,0,0,0,0,0,0,0,0,0,0,0,0,0,0,,,,,
Mark Andrews,TE,BAL,19,BUF,0,0,0,0,0,0,0,0,4,28,0,11,0,0,0,0,0,0,0,0,0,0,,,,,
Marquez Callaway,WR,NO,19,TB,0,0,0,0,0,0,0,0,0,0,0,2,0,0,0,0,0,0,0,0,0,0,,,,,
Marquez Valdes-Scantling,WR,GB,19,LA,0,0,0,0,0,0,0,0,4,33,0,8,0,0,0,0,0,0,0,0,0,0,,,,,
Marquise Brown,WR,BAL,19,BUF,0,0,0,0,0,0,0,0,4,87,0,7,0,0,0,0,0,0,0,0,0,0,,,,,
Mason Crosby,K,GB,19,LA,0,0,0,0,0,0,0,0,0,0,0,0,0,0,0,0,1,1,0,0,0,2,,,,,
Matt Gay,K,LA,19,GB,0,0,0,0,0,0,0,0,0,0,0,0,0,0,0,0,0,1,0,0,0,1,,,,,
Mecole Hardman,WR,KC,19,CLE,0,0,0,0,0,4,0,1,4,58,0,4,0,0,0,0,0,0,0,0,0,0,,,,,
Michael Thomas,WR,NO,19,TB,0,0,0,0,0,0,0,0,0,0,0,4,0,0,0,0,0,0,0,0,0,0,,,,,
Mike Evans,WR,TB,19,NO,0,0,0,0,0,0,0,0,1,3,1,3,0,0,0,0,0,0,0,0,0,0,,,,,
Miles Boykin,WR,BAL,19,BUF,0,0,0,0,0,0,0,0,3,20,0,4,0,0,0,0,0,0,0,0,0,0,,,,,
NO,DEF,NO,19,TB,,,,,,,,,,,,,,,,,,,,,,,0,0,0,0,30.0
Nick Chubb,RB,CLE,19,KC,0,0,0,0,0,69,0,13,2,4,0,5,0,0,0,0,0,0,0,0,0,0,,,,,
Nsimba Webster,WR,LA,19,GB,0,0,0,0,0,0,0,0,0,0,0,0,0,0,0,0,0,0,0,0,0,0,,,,,
Patrick Mahomes,QB,KC,19,CLE,255,1,30,21,0,14,1,3,0,0,0,0,0,0,0,0,0,0,0,0,0,0,,,,,
Patrick Ricard,RB,BAL,19,BUF,0,0,0,0,0,0,0,0,1,11,0,1,0,0,0,0,0,0,0,0,0,0,,,,,
Rashard Higgins,WR,CLE,19,KC,0,0,0,0,0,0,0,0,5,88,0,7,0,0,0,0,0,0,0,0,0,0,,,,,
Ricky Seals-Jones,TE,KC,19,CLE,0,0,0,0,0,0,0,0,0,0,0,0,0,0,0,0,0,0,0,0,0,0,,,,,
Rob Gronkowski,TE,TB,19,NO,0,0,0,0,0,0,0,0,1,14,0,5,0,0,0,0,0,0,0,0,0,0,,,,,
Robert Tonyan,TE,GB,19,LA,0,0,0,0,0,0,0,0,4,60,0,4,0,0,0,0,0,0,0,0,0,0,,,,,
Robert Woods,WR,LA,19,GB,0,0,0,0,0,0,0,0,8,48,0,10,0,0,0,0,0,0,0,0,0,0,,,,,
Ronald Jones,RB,TB,19,NO,0,0,0,0,0,62,0,13,0,0,0,1,0,0,0,0,0,0,0,0,0,0,,,,,
Ryan Succop,K,TB,19,NO,0,0,0,0,0,0,0,0,0,0,0,0,0,0,0,0,1,2,0,0,0,3,,,,,
Scott Miller,WR,TB,19,NO,0,0,0,0,0,0,0,0,1,29,0,2,0,0,0,0,0,0,0,0,0,0,,,,,
Stefon Diggs,WR,BUF,19,BAL,0,0,0,0,0,0,0,0,8,106,1,11,0,0,0,0,0,0,0,0,0,0,,,,,
T.J. Yeldon,RB,BUF,19,BAL,0,0,0,0,0,4,0,2,0,0,0,0,0,0,0,0,0,0,0,0,0,0,,,,,
TB,DEF,TB,19,NO,,,,,,,,,,,,,,,,,,,,,,,0,0,0,0,20.0
Tavon Austin,WR,GB,19,LA,0,0,0,0,0,0,0,0,0,0,0,0,0,0,0,0,0,0,0,0,0,0,,,,,
Tom Brady,QB,TB,19,NO,199,2,33,18,0,2,1,5,0,0,0,0,0,0,0,0,0,0,0,0,0,0,,,,,
Travis Kelce,TE,KC,19,CLE,0,0,0,0,0,0,0,0,8,109,1,10,0,0,0,0,0,0,0,0,0,0,,,,,
Tre'Quan Smith,WR,NO,19,TB,0,0,0,0,0,0,0,0,3,85,2,3,0,0,0,0,0,0,0,0,0,0,,,,,
Ty Montgomery,WR,NO,19,TB,0,0,0,0,0,14,0,4,1,13,0,1,0,0,0,0,0,0,0,0,0,0,,,,,
Tyler Bass,K,BUF,19,BAL,0,0,0,0,0,0,0,0,0,0,0,0,0,0,0,0,1,0,0,0,0,2,,,,,
Tyler Higbee,TE,LA,19,GB,0,0,0,0,0,0,0,0,2,5,0,2,0,0,0,0,0,0,0,0,0,0,,,,,
Tyler Huntley,QB,BAL,19,BUF,60,0,13,6,0,32,0,3,0,0,0,0,0,0,0,0,0,0,0,0,0,0,,,,,
Tyler Johnson,WR,TB,19,NO,0,0,0,0,0,0,0,0,1,15,0,1,0,0,0,0,0,0,0,0,0,0,,,,,
Tyreek Hill,WR,KC,19,CLE,0,0,0,0,0,9,0,3,8,110,0,10,0,0,0,0,0,0,0,0,0,0,,,,,
Van Jefferson,WR,LA,19,GB,0,0,0,0,0,0,0,0,6,46,1,7,0,0,0,0,0,0,0,0,0,0,,,,,
Wil Lutz,K,NO,19,TB,0,0,0,0,0,0,0,0,0,0,0,0,0,0,0,0,1,0,1,0,0,2,,,,,
Willie Snead,WR,BAL,19,BUF,0,0,0,0,0,0,0,0,5,25,0,5,0,0,0,0,0,0,0,0,0,0,,,,,
AJ Dillon,RB,GB,20,TB,0,0,0,0,0,17,0,3,1,13,0,1,0,0,0,0,0,0,0,0,0,0,,,,,
Aaron Jones,RB,GB,20,TB,0,0,0,0,0,27,0,6,4,7,0,6,0,0,0,0,0,0,0,0,0,0,,,,,
Aaron Rodgers,QB,GB,20,TB,346,3,48,33,1,0,0,0,0,0,0,0,0,0,0,0,0,0,0,0,0,0,,,,,
Allen Lazard,WR,GB,20,TB,0,0,0,0,0,0,0,0,3,62,0,6,0,0,0,0,0,0,0,0,0,0,,,,,
Andre Roberts,WR,BUF,20,KC,0,0,0,0,0,0,0,0,0,0,0,0,0,0,0,0,0,0,0,0,0,0,,,,,
BUF,DEF,BUF,20,KC,,,,,,,,,,,,,,,,,,,,,,,0,0,0,0,38.0
Byron Pringle,WR,KC,20,BUF,0,0,0,0,0,0,0,0,3,22,0,5,0,0,0,0,0,0,0,0,0,0,,,,,
Cameron Brate,TE,TB,20,GB,0,0,0,0,0,0,0,0,3,19,1,5,0,0,0,0,0,0,0,0,0,0,,,,,
Chris Godwin Jr.,WR,TB,20,GB,0,0,0,0,0,6,0,1,5,110,0,9,0,0,0,0,0,0,0,0,0,0,,,,,
Clyde Edwards-Helaire,RB,KC,20,BUF,0,0,0,0,0,7,1,6,1,0,0,2,0,0,0,0,0,0,0,0,0,0,,,,,
Cole Beasley,WR,BUF,20,KC,0,0,0,0,0,0,0,0,7,88,0,9,0,0,0,0,0,0,0,0,0,0,,,,,
Darrel Williams,RB,KC,20,BUF,0,0,0,0,0,52,1,13,1,9,0,1,0,0,0,0,0,0,0,0,0,0,,,,,
Davante Adams,WR,GB,20,TB,0,0,0,0,0,0,0,0,9,67,1,15,0,0,0,0,0,0,0,0,0,0,,,,,
Dawson Knox,TE,BUF,20,KC,0,0,0,0,0,0,0,0,6,42,1,8,0,0,0,0,0,0,0,0,0,0,,,,,
Devin Singletary,RB,BUF,20,KC,0,0,0,0,0,17,0,6,2,9,0,3,0,0,0,0,0,0,0,0,0,0,,,,,
Dominique Dafney,TE,GB,20,TB,0,0,0,0,0,0,0,0,0,0,0,0,0,0,0,0,0,0,0,0,0,0,,,,,
Equanimeous St. Brown,WR,GB,20,TB,0,0,0,0,0,0,0,0,1,10,0,1,0,0,0,0,0,0,0,0,0,0,,,,,
GB,DEF,GB,20,TB,,,,,,,,,,,,,,,,,,,,,,,0,0,0,0,31.0
Gabe Davis,WR,BUF,20,KC,0,0,0,0,0,0,0,0,0,0,0,3,0,0,0,0,0,0,0,0,0,0,,,,,
Harrison Butker,K,KC,20,BUF,0,0,0,0,0,0,0,0,0,0,0,0,0,0,0,0,0,0,1,0,0,5,,,,,
Isaiah McKenzie,WR,BUF,20,KC,0,0,0,0,0,9,0,2,1,6,1,1,0,0,0,0,0,0,0,0,0,0,,,,,
Jamaal Williams,RB,GB,20,TB,0,0,0,0,0,23,0,7,4,22,0,4,0,0,0,0,0,0,0,0,0,0,,,,,
Jaydon Mickens,WR,TB,20,GB,0,0,0,0,0,0,0,0,0,0,0,0,0,0,0,0,0,0,0,0,0,0,,,,,
John Brown,WR,BUF,20,KC,0,0,0,0,0,0,0,0,2,24,0,4,0,0,0,0,0,0,0,0,0,0,,,,,
Josh Allen,QB,BUF,20,KC,287,2,48,28,1,88,0,7,0,0,0,0,0,0,0,0,0,0,0,0,0,0,,,,,
Justin Watson,WR,TB,20,GB,0,0,0,0,0,0,0,0,0,0,0,0,0,0,0,0,0,0,0,0,0,0,,,,,
KC,DEF,KC,20,BUF,,,,,,,,,,,,,,,,,,,,,,,0,0,0,0,24.0
Leonard Fournette,RB,TB,20,GB,0,0,0,0,0,55,1,12,5,19,0,7,0,0,0,0,0,0,0,0,0,0,,,,,
Marcedes Lewis,TE,GB,20,TB,0,0,0,0,0,0,0,0,3,28,0,3,0,0,0,0,0,0,0,0,0,0,,,,,
Marquez Valdes-Scantling,WR,GB,20,TB,0,0,0,0,0,0,0,0,4,115,1,6,0,0,0,0,0,0,0,0,0,0,,,,,
Mason Crosby,K,GB,20,TB,0,0,0,0,0,0,0,0,0,0,0,0,0,0,0,0,2,0,0,0,0,2,,,,,
Mecole Hardman,WR,KC,20,BUF,0,0,0,0,0,50,0,1,2,4,1,3,0,0,0,0,0,0,0,0,0,0,,,,,
Mike Evans,WR,TB,20,GB,0,0,0,0,0,0,0,0,3,51,1,8,0,0,0,0,0,0,0,0,0,0,,,,,
Nick Keizer,TE,KC,20,BUF,0,0,0,0,0,0,0,0,0,0,0,1,0,0,0,0,0,0,0,0,0,0,,,,,
Patrick Mahomes,QB,KC,20,BUF,325,3,38,29,0,5,0,5,0,0,0,0,0,0,0,0,0,0,0,0,0,0,,,,,
Reggie Gilliam,RB,BUF,20,KC,0,0,0,0,0,0,0,0,0,0,0,0,0,0,0,0,0,0,0,0,0,0,,,,,
Rob Gronkowski,TE,TB,20,GB,0,0,0,0,0,0,0,0,1,29,0,1,0,0,0,0,0,0,0,0,0,0,,,,,
Robert Tonyan,TE,GB,20,TB,0,0,0,0,0,0,0,0,4,22,1,4,0,0,0,0,0,0,0,0,0,0,,,,,
Ronald Jones,RB,TB,20,GB,0,0,0,0,0,16,0,10,0,0,0,0,0,0,0,0,0,0,0,0,0,0,,,,,
Ryan Succop,K,TB,20,GB,0,0,0,0,0,0,0,0,0,0,0,0,0,0,0,0,0,0,1,0,0,4,,,,,
Scott Miller,WR,TB,20,GB,0,0,0,0,0,0,0,0,2,36,1,3,0,0,0,0,0,0,0,0,0,0,,,,,
Stefon Diggs,WR,BUF,20,KC,0,0,0,0,0,0,0,0,6,77,0,11,0,0,0,0,0,0,0,0,0,0,,,,,
T.J. Yeldon,RB,BUF,20,KC,0,0,0,0,0,15,0,3,4,41,0,5,0,0,0,0,0,0,0,0,0,0,,,,,
TB,DEF,TB,20,GB,,,,,,,,,,,,,,,,,,,,,,,0,0,0,0,26.0
Taiwan Jones,RB,BUF,20,KC,0,0,0,0,0,0,0,0,0,0,0,0,0,0,0,0,0,0,0,0,0,0,,,,,
Tavon Austin,WR,GB,20,TB,0,0,0,0,0,0,0,0,0,0,0,0,0,0,0,0,0,0,0,0,0,0,,,,,
Tom Brady,QB,TB,20,GB,280,3,36,20,3,-1,0,1,0,0,0,0,0,0,0,0,0,0,0,0,0,0,,,,,
Travis Kelce,TE,KC,20,BUF,0,0,0,0,0,0,0,0,13,118,2,15,0,0,0,0,0,0,0,0,0,0,,,,,
Tyler Bass,K,BUF,20,KC,0,0,0,0,0,0,0,0,0,0,0,0,0,0,0,0,2,0,0,2,0,0,,,,,
Tyler Johnson,WR,TB,20,GB,0,0,0,0,0,0,0,0,1,16,0,2,0,0,0,0,0,0,0,0,0,0,,,,,
Tyreek Hill,WR,KC,20,BUF,0,0,0,0,0,0,0,0,9,172,0,11,0,0,0,0,0,0,0,0,0,0,,,,,
Antonio Brown,WR,TB,21,KC,0,0,0,0,0,0,0,0,5,22,1,6,0,0,0,0,0,0,0,0,0,0,,,,,
Byron Pringle,WR,KC,21,TB,0,0,0,0,0,0,0,0,1,3,0,2,0,0,0,0,0,0,0,0,0,0,,,,,
Cameron Brate,TE,TB,21,KC,0,0,0,0,0,0,0,0,3,26,0,3,0,0,0,0,0,0,0,0,0,0,,,,,
Chris Godwin Jr.,WR,TB,21,KC,0,0,0,0,0,0,0,0,2,9,0,4,0,0,0,0,0,0,0,0,0,0,,,,,
Clyde Edwards-Helaire,RB,KC,21,TB,0,0,0,0,0,64,0,9,2,23,0,3,0,0,0,0,0,0,0,0,0,0,,,,,
Darrel Williams,RB,KC,21,TB,0,0,0,0,0,5,0,2,2,10,0,7,0,0,0,0,0,0,0,0,0,0,,,,,
Demarcus Robinson,WR,KC,21,TB,0,0,0,0,0,0,0,0,1,11,0,2,0,0,0,0,0,0,0,0,0,0,,,,,
Harrison Butker,K,KC,21,TB,0,0,0,0,0,0,0,0,0,0,0,0,0,0,0,0,0,1,1,1,0,0,,,,,
Jaydon Mickens,WR,TB,21,KC,0,0,0,0,0,0,0,0,0,0,0,0,0,0,0,0,0,0,0,0,0,0,,,,,
KC,DEF,KC,21,TB,,,,,,,,,,,,,,,,,,,,,,,0,0,0,0,31.0
Leonard Fournette,RB,TB,21,KC,0,0,0,0,0,89,1,16,4,46,0,4,0,0,0,0,0,0,0,0,0,0,,,,,
Mecole Hardman,WR,KC,21,TB,0,0,0,0,0,0,0,0,2,4,0,6,0,0,0,0,0,0,0,0,0,0,,,,,
Mike Evans,WR,TB,21,KC,0,0,0,0,0,0,0,0,1,31,0,1,0,0,0,0,0,0,0,0,0,0,,,,,
Patrick Mahomes,QB,KC,21,TB,270,0,49,26,2,33,0,5,0,0,0,0,0,0,0,0,0,0,0,0,0,0,,,,,
Rob Gronkowski,TE,TB,21,KC,0,0,0,0,0,0,0,0,6,67,2,7,0,0,0,0,0,0,0,0,0,0,,,,,
Ronald Jones,RB,TB,21,KC,0,0,0,0,0,61,0,12,0,0,0,1,0,0,0,0,0,0,0,0,0,0,,,,,
Ryan Succop,K,TB,21,KC,0,0,0,0,0,0,0,0,0,0,0,0,0,0,0,0,0,0,0,1,0,4,,,,,
Sammy Watkins,WR,KC,21,TB,0,0,0,0,0,0,0,0,1,13,0,1,0,0,0,0,0,0,0,0,0,0,,,,,
Scott Miller,WR,TB,21,KC,0,0,0,0,0,-3,0,1,0,0,0,0,0,0,0,0,0,0,0,0,0,0,,,,,
TB,DEF,TB,21,KC,,,,,,,,,,,,,,,,,,,,,,,0,0,0,0,9.0
Tanner Hudson,TE,TB,21,KC,0,0,0,0,0,0,0,0,0,0,0,1,0,0,0,0,0,0,0,0,0,0,,,,,
Tom Brady,QB,TB,21,KC,201,3,29,21,0,-2,0,4,0,0,0,0,0,0,0,0,0,0,0,0,0,0,,,,,
Travis Kelce,TE,KC,21,TB,0,0,0,0,0,0,0,0,10,133,0,15,0,0,0,0,0,0,0,0,0,0,,,,,
Tyler Johnson,WR,TB,21,KC,0,0,0,0,0,0,0,0,0,0,0,1,0,0,0,0,0,0,0,0,0,0,,,,,
Tyreek Hill,WR,KC,21,TB,0,0,0,0,0,5,0,1,7,73,0,10,0,0,0,0,0,0,0,0,0,0,,,,,
