name,position,team,week,opponent_team,pass_yds,pass_td,pass_att,pass_cmp,pass_int,rush_yds,rush_td,carries,rec,rec_yds,rec_td,targets,return_td,off_fumble_return_td,two_pt,fg_0_19,fg_20_29,fg_30_39,fg_40_49,fg_50_plus,fg_60_plus,pat_made,def_td,def_safety,def_return_td,def_xp_returned,def_points_allowed
A.J. Brown,WR,TEN,1,ARI,0,0,0,0,0,0,0,0,4,49,1,8,0,0,0,0,0,0,0,0,0,0,,,,,
A.J. Green,WR,ARI,1,TEN,0,0,0,0,0,0,0,0,2,25,0,6,0,0,0,0,0,0,0,0,0,0,,,,,
AJ Dillon,RB,GB,1,NO,0,0,0,0,0,19,0,4,1,7,0,2,0,0,0,0,0,0,0,0,0,0,,,,,
ARI,DEF,ARI,1,TEN,,,,,,,,,,,,,,,,,,,,,,,0,0,0,0,13.0
ATL,DEF,ATL,1,PHI,,,,,,,,,,,,,,,,,,,,,,,0,0,0,0,32.0
Aaron Jones,RB,GB,1,NO,0,0,0,0,0,9,0,5,2,13,0,2,0,0,0,0,0,0,0,0,0,0,,,,,
Aaron Rodgers,QB,GB,1,NO,133,0,28,15,2,0,0,0,0,0,0,0,0,0,0,0,0,0,0,0,0,0,,,,,
Adam Humphries,WR,WAS,1,LAC,0,0,0,0,0,0,0,0,2,10,0,2,0,0,0,0,0,0,0,0,0,0,,,,,
Adam Thielen,WR,MIN,1,CIN,0,0,0,0,0,0,0,0,9,92,2,10,0,0,0,0,0,0,0,0,0,0,,,,,
Adam Trautman,TE,NO,1,GB,0,0,0,0,0,0,0,0,3,18,0,6,0,0,0,0,0,0,0,0,0,0,,,,,
Albert Okwuegbunam,TE,DEN,1,NYG,0,0,0,0,0,0,0,0,3,16,1,3,0,0,0,0,0,0,0,0,0,0,,,,,
Albert Wilson,WR,MIA,1,NE,0,0,0,0,0,0,0,0,0,0,0,2,0,0,0,0,0,0,0,0,0,0,,,,,
Aldrick Rosas,K,NO,1,GB,0,0,0,0,0,0,0,0,0,0,0,0,0,0,0,0,0,0,1,0,0,5,,,,,
Alex Erickson,WR,CAR,1,NYJ,0,0,0,0,0,0,0,0,0,0,0,0,0,0,0,0,0,0,0,0,0,0,,,,,
Alexander Mattison,RB,MIN,1,CIN,0,0,0,0,0,2,0,1,1,4,0,1,0,0,0,0,0,0,0,0,0,0,,,,,
Allen Lazard,WR,GB,1,NO,0,0,0,0,0,0,0,0,2,16,0,4,0,0,0,0,0,0,0,0,0,0,,,,,
Allen Robinson,WR,CHI,1,LA,0,0,0,0,0,0,0,0,6,35,0,11,0,0,0,0,0,0,0,0,0,0,,,,,
Alvin Kamara,RB,NO,1,GB,0,0,0,0,0,83,0,20,3,8,1,4,0,0,0,0,0,0,0,0,0,0,,,,,
Amari Cooper,WR,DAL,1,TB,0,0,0,0,0,0,0,0,13,139,2,17,0,0,0,0,0,0,0,0,0,0,,,,,
Amari Rodgers,WR,GB,1,NO,0,0,0,0,0,0,0,0,1,19,0,1,0,0,0,0,0,0,0,0,0,0,,,,,
Ameer Abdullah,RB,MIN,1,CIN,0,0,0,0,0,4,0,1,2,15,0,2,0,0,0,0,0,0,0,0,0,0,,,,,
Amon-Ra St. Brown,WR,DET,1,SF,0,0,0,0,0,0,0,0,2,23,0,4,0,0,0,0,0,0,0,0,0,0,,,,,
Andre Roberts,WR,HOU,1,JAX,0,0,0,0,0,0,0,0,0,0,0,0,0,0,0,0,0,0,0,0,0,0,,,,,
Andy Dalton,QB,CHI,1,LA,206,0,38,27,1,13,0,2,0,0,0,0,0,0,0,0,0,0,0,0,0,0,,,,,
Anthony Firkser,TE,TEN,1,ARI,0,0,0,0,0,0,0,0,3,19,0,4,0,0,0,0,0,0,0,0,0,0,,,,,
Anthony Schwartz,WR,CLE,1,KC,0,0,0,0,0,17,0,1,3,69,0,5,0,0,0,0,0,0,0,0,0,0,,,,,
Antonio Brown,WR,TB,1,DAL,0,0,0,0,0,6,0,1,5,121,1,7,0,0,0,0,0,0,0,0,0,0,,,,,
Antonio Gibson,RB,WAS,1,LAC,0,0,0,0,0,90,0,20,3,18,0,5,0,0,0,0,0,0,0,0,0,0,,,,,
Ashton Dulin,WR,IND,1,SEA,0,0,0,0,0,0,0,0,0,0,0,0,0,0,0,0,0,0,0,0,0,0,,,,,
Austin Ekeler,RB,LAC,1,WAS,0,0,0,0,0,57,1,15,0,0,0,0,0,0,0,0,0,0,0,0,0,0,,,,,
Austin Hooper,TE,CLE,1,KC,0,0,0,0,0,0,0,0,3,27,0,3,0,0,0,0,0,0,0,0,0,0,,,,,
Austin Seibert,K,DET,1,SF,0,0,0,0,0,0,0,0,0,0,0,0,0,0,0,0,0,0,1,0,0,2,,,,,
Avery Williams,RB,ATL,1,PHI,0,0,0,0,0,0,0,0,0,0,0,0,0,0,0,0,0,0,0,0,0,0,,,,,
BAL,DEF,BAL,1,LV,,,,,,,,,,,,,,,,,,,,,,,0,0,0,0,33.0
BUF,DEF,BUF,1,PIT,,,,,,,,,,,,,,,,,,,,,,,0,0,0,0,23.0
Baker Mayfield,QB,CLE,1,KC,321,0,28,21,1,7,0,1,0,11,0,0,0,0,0,0,0,0,0,0,0,0,,,,,
Ben Roethlisberger,QB,PIT,1,BUF,188,1,32,18,0,5,0,4,0,0,0,0,0,0,0,0,0,0,0,0,0,0,,,,,
Benny Snell,RB,PIT,1,BUF,0,0,0,0,0,0,0,0,0,0,0,0,0,0,0,0,0,0,0,0,0,0,,,,,
Blake Bell,TE,KC,1,CLE,0,0,0,0,0,2,0,1,1,3,0,1,0,0,0,0,0,0,0,0,0,0,,,,,
Blake Jarwin,TE,DAL,1,TB,0,0,0,0,0,0,0,0,3,20,0,3,0,0,0,0,0,0,0,0,0,0,,,,,
Boston Scott,RB,PHI,1,ATL,0,0,0,0,0,0,0,0,0,0,0,0,0,0,0,0,0,0,0,0,0,0,,,,,
Brandin Cooks,WR,HOU,1,JAX,0,0,0,0,0,0,0,0,5,132,0,7,0,0,0,0,0,0,0,0,0,0,,,,,
Brandon Aiyuk,WR,SF,1,DET,0,0,0,0,0,0,0,0,0,0,0,0,0,0,0,0,0,0,0,0,0,0,,,,,
Brandon Bolden,RB,NE,1,MIA,0,0,0,0,0,5,0,1,0,0,0,0,0,0,0,0,0,0,0,0,0,0,,,,,
Brandon McManus,K,DEN,1,NYG,0,0,0,0,0,0,0,0,0,0,0,0,0,0,0,0,1,1,0,0,0,3,,,,,
Braxton Berrios,WR,NYJ,1,CAR,0,0,0,0,0,0,0,0,5,51,0,7,0,0,0,0,0,0,0,0,0,0,,,,,
Bryan Edwards,WR,LV,1,BAL,0,0,0,0,0,0,0,0,4,81,0,5,0,0,0,0,0,0,0,0,0,0,,,,,
Byron Pringle,WR,KC,1,CLE,0,0,0,0,0,0,0,0,1,6,0,2,0,0,0,0,0,0,0,0,0,0,,,,,
C.J. Board,WR,NYG,1,DEN,0,0,0,0,0,0,0,0,1,6,0,1,0,0,0,0,0,0,0,0,0,0,,,,,
C.J. Uzomah,TE,CIN,1,MIN,0,0,0,0,0,0,0,0,2,35,0,2,0,0,0,0,0,0,0,0,0,0,,,,,
CAR,DEF,CAR,1,NYJ,,,,,,,,,,,,,,,,,,,,,,,0,0,0,0,14.0
CHI,DEF,CHI,1,LA,,,,,,,,,,,,,,,,,,,,,,,0,0,0,0,34.0
CIN,DEF,CIN,1,MIN,,,,,,,,,,,,,,,,,,,,,,,0,0,0,0,24.0
CLE,DEF,CLE,1,KC,,,,,,,,,,,,,,,,,,,,,,,0,0,0,0,33.0
Cairo Santos,K,CHI,1,LA,0,0,0,0,0,0,0,0,0,0,0,0,0,0,0,0,0,0,0,0,0,2,,,,,
Calvin Ridley,WR,ATL,1,PHI,0,0,0,0,0,0,0,0,5,51,0,8,0,0,0,0,0,0,0,0,0,0,,,,,
Cam Sims,WR,WAS,1,LAC,0,0,0,0,0,0,0,0,1,17,0,1,0,0,0,0,0,0,0,0,0,0,,,,,
Carlos Hyde,RB,JAX,1,HOU,0,0,0,0,0,44,0,9,2,14,0,2,0,0,0,0,0,0,0,0,0,0,,,,,
Carson Wentz,QB,IND,1,SEA,251,2,38,25,0,23,0,4,0,0,0,0,0,0,0,0,0,0,0,0,0,0,,,,,
Cedrick Wilson Jr.,WR,DAL,1,TB,0,0,0,0,0,0,0,0,3,24,0,3,0,0,0,0,0,0,0,0,0,0,,,,,
CeeDee Lamb,WR,DAL,1,TB,0,0,0,0,0,0,0,0,7,104,1,15,0,0,0,0,0,0,0,0,0,0,,,,,
Chase Claypool,WR,PIT,1,BUF,0,0,0,0,0,25,0,1,3,45,0,5,0,0,0,0,0,0,0,0,0,0,,,,,
Chase Edmonds,RB,ARI,1,TEN,0,0,0,0,0,63,0,12,4,43,0,4,0,0,0,0,0,0,0,0,0,0,,,,,
Chase McLaughlin,K,CLE,1,KC,0,0,0,0,0,0,0,0,0,0,0,0,0,0,0,0,0,0,0,0,0,3,,,,,
Chester Rogers,WR,TEN,1,ARI,0,0,0,0,0,0,0,0,4,62,0,6,0,0,0,0,0,0,0,0,0,0,,,,,
Chris Boswell,K,PIT,1,BUF,0,0,0,0,0,0,0,0,0,0,0,0,0,0,0,0,2,0,1,0,0,2,,,,,
Chris Carson,RB,SEA,1,IND,0,0,0,0,0,91,0,16,3,26,0,3,0,0,0,0,0,0,0,0,0,0,,,,,
Chris Conley,WR,HOU,1,JAX,0,0,0,0,0,0,0,0,2,27,0,2,0,0,0,0,0,0,0,0,0,0,,,,,
Chris Godwin Jr.,WR,TB,1,DAL,0,0,0,0,0,0,0,0,9,105,1,13,0,0,0,0,0,0,0,0,0,0,,,,,
Chris Herndon,TE,MIN,1,CIN,0,0,0,0,0,0,0,0,0,0,0,2,0,0,0,0,0,0,0,0,0,0,,,,,
Chris Hogan,WR,NO,1,GB,0,0,0,0,0,0,0,0,1,10,1,1,0,0,0,0,0,0,0,0,0,0,,,,,
Chris Manhertz,TE,JAX,1,HOU,0,0,0,0,0,0,0,0,1,22,1,1,0,0,0,0,0,0,0,0,0,0,,,,,
Christian Kirk,WR,ARI,1,TEN,0,0,0,0,0,0,0,0,5,70,2,5,0,0,0,0,0,0,0,0,0,0,,,,,
Christian McCaffrey,RB,CAR,1,NYJ,0,0,0,0,0,98,0,21,9,89,0,9,0,0,0,0,0,0,0,0,0,0,,,,,
Chuba Hubbard,RB,CAR,1,NYJ,0,0,0,0,0,0,0,0,2,4,0,2,0,0,0,0,0,0,0,0,0,0,,,,,
Clyde Edwards-Helaire,RB,KC,1,CLE,0,0,0,0,0,43,0,14,3,29,0,3,0,0,0,0,0,0,0,0,0,0,,,,,
Cole Beasley,WR,BUF,1,PIT,0,0,0,0,0,0,0,0,8,60,0,13,0,0,0,0,0,0,0,0,0,0,,,,,
Cole Kmet,TE,CHI,1,LA,0,0,0,0,0,0,0,0,5,42,0,7,0,0,0,0,0,0,0,0,0,0,,,,,
Cooper Kupp,WR,LA,1,CHI,0,0,0,0,0,0,0,0,7,108,1,10,0,0,0,0,0,0,0,0,0,0,,,,,
Cordarrelle Patterson,RB,ATL,1,PHI,0,0,0,0,0,54,0,7,2,13,0,2,0,0,0,0,0,0,0,0,0,0,,,,,
Corey Clement,RB,DAL,1,TB,0,0,0,0,0,0,0,0,0,0,0,0,0,0,0,0,0,0,0,0,0,0,,,,,
Corey Davis,WR,NYJ,1,CAR,0,0,0,0,0,0,0,0,5,97,2,7,0,0,0,0,0,0,0,0,0,0,,,,,
Courtland Sutton,WR,DEN,1,NYG,0,0,0,0,0,0,0,0,1,14,0,3,0,0,0,0,0,0,0,0,0,0,,,,,
D'Andre Swift,RB,DET,1,SF,0,0,0,0,0,39,0,11,8,65,1,11,0,0,0,0,0,0,0,0,0,0,,,,,
DAL,DEF,DAL,1,TB,,,,,,,,,,,,,,,,,,,,,,,0,0,0,0,31.0
DEN,DEF,DEN,1,NYG,,,,,,,,,,,,,,,,,,,,,,,0,0,0,0,13.0
DET,DEF,DET,1,SF,,,,,,,,,,,,,,,,,,,,,,,0,0,0,0,41.0
DJ Chark,WR,JAX,1,HOU,0,0,0,0,0,0,0,0,3,86,1,12,0,0,0,0,0,0,0,0,0,0,,,,,
DJ Moore,WR,CAR,1,NYJ,0,0,0,0,0,14,0,1,6,80,0,8,0,0,0,0,0,0,0,0,0,0,,,,,
DK Metcalf,WR,SEA,1,IND,0,0,0,0,0,0,0,0,4,60,1,5,0,0,0,0,0,0,0,0,0,0,,,,,
Dak Prescott,QB,DAL,1,TB,403,3,58,42,1,13,0,4,0,0,0,0,0,0,0,0,0,0,0,0,0,0,,,,,
Dallas Goedert,TE,PHI,1,ATL,0,0,0,0,0,0,0,0,4,42,1,5,0,0,0,0,0,0,0,0,0,0,,,,,
Dalton Schultz,TE,DAL,1,TB,0,0,0,0,0,0,0,0,6,45,0,6,0,0,0,0,0,0,0,0,0,0,,,,,
Dalvin Cook,RB,MIN,1,CIN,0,0,0,0,0,61,1,20,6,43,0,7,0,0,0,0,0,0,0,0,0,0,,,,,
Damien Harris,RB,NE,1,MIA,0,0,0,0,0,100,0,23,2,17,0,3,0,0,0,0,0,0,0,0,0,0,,,,,
Damien Williams,RB,CHI,1,LA,0,0,0,0,0,12,0,6,4,28,0,5,0,0,0,0,0,0,0,0,0,0,,,,,
Damiere Byrd,WR,CHI,1,LA,0,0,0,0,0,0,0,0,3,19,0,3,0,0,0,0,0,0,0,0,0,0,,,,,
Dan Arnold,TE,CAR,1,NYJ,0,0,0,0,0,0,0,0,2,6,0,3,0,0,0,0,0,0,0,0,0,0,,,,,
Daniel Brown,TE,NYJ,1,CAR,0,0,0,0,0,0,0,0,0,0,0,0,0,0,0,0,0,0,0,0,0,0,,,,,
Daniel Carlson,K,LV,1,BAL,0,0,0,0,0,0,0,0,0,0,0,0,0,0,0,0,0,1,0,1,0,3,,,,,
Daniel Jones,QB,NYG,1,DEN,267,1,37,22,0,27,1,6,0,0,0,0,0,0,0,0,0,0,0,0,0,0,,,,,
Danny Amendola,WR,HOU,1,JAX,0,0,0,0,0,0,0,0,5,34,1,5,0,0,0,0,0,0,0,0,0,0,,,,,
Dare Ogunbowale,RB,JAX,1,HOU,0,0,0,0,0,0,0,0,0,0,0,0,0,0,0,0,0,0,0,0,0,0,,,,,
Darius Slayton,WR,NYG,1,DEN,0,0,0,0,0,0,0,0,3,65,0,7,0,0,0,0,0,0,0,0,0,0,,,,,
Darnell Mooney,WR,CHI,1,LA,0,0,0,0,0,0,0,0,5,26,0,7,0,0,0,0,0,0,0,0,0,0,,,,,
Darrel Williams,RB,KC,1,CLE,0,0,0,0,0,4,0,1,0,0,0,0,0,0,0,0,0,0,0,0,0,0,,,,,
Darrell Daniels,TE,ARI,1,TEN,0,0,0,0,0,0,0,0,0,0,0,0,0,0,0,0,0,0,0,0,0,0,,,,,
Darrell Henderson,RB,LA,1,CHI,0,0,0,0,0,70,1,16,1,17,0,1,0,0,0,0,0,0,0,0,0,0,,,,,
Darren Fells,TE,DET,1,SF,0,0,0,0,0,0,0,0,1,2,0,1,0,0,0,0,0,0,0,0,0,0,,,,,
Darren Waller,TE,LV,1,BAL,0,0,0,0,0,0,0,0,10,105,1,19,0,0,0,0,0,0,0,0,0,0,,,,,
Davante Adams,WR,GB,1,NO,0,0,0,0,0,0,0,0,5,56,0,7,0,0,0,0,0,0,0,0,0,0,,,,,
David Johnson,RB,HOU,1,JAX,0,0,0,0,0,10,0,3,3,18,1,4,0,0,0,0,0,0,0,0,0,0,,,,,
David Montgomery,RB,CHI,1,LA,0,0,0,0,0,108,1,16,1,10,0,1,0,0,0,0,0,0,0,0,0,0,,,,,
David Njoku,TE,CLE,1,KC,0,0,0,0,0,0,0,0,3,76,0,5,0,0,0,0,0,0,0,0,0,0,,,,,
Dawson Knox,TE,BUF,1,PIT,0,0,0,0,0,0,0,0,4,41,0,4,0,0,0,0,0,0,0,0,0,0,,,,,
DeAndre Carter,WR,WAS,1,LAC,0,0,0,0,0,0,0,0,0,0,0,0,0,0,0,0,0,0,0,0,0,0,,,,,
DeAndre Hopkins,WR,ARI,1,TEN,0,0,0,0,0,0,0,0,6,83,2,8,0,0,0,0,0,0,0,0,0,0,,,,,
DeSean Jackson,WR,LA,1,CHI,0,0,0,0,0,0,0,0,2,21,0,2,0,0,0,0,0,0,0,0,0,0,,,,,
DeVante Parker,WR,MIA,1,NE,0,0,0,0,0,0,0,0,4,81,0,7,0,0,0,0,0,0,0,0,0,0,,,,,
DeVonta Smith,WR,PHI,1,ATL,0,0,0,0,0,0,0,0,6,71,1,8,0,0,0,0,0,0,0,0,0,0,,,,,
Dede Westbrook,WR,MIN,1,CIN,0,0,0,0,0,0,0,0,1,11,0,1,0,0,0,0,0,0,0,0,0,0,,,,,
Dee Eskridge,WR,SEA,1,IND,0,0,0,0,0,22,0,2,1,6,0,1,0,0,0,0,0,0,0,0,0,0,,,,,
DeeJay Dallas,RB,SEA,1,IND,0,0,0,0,0,5,0,1,1,5,0,1,0,0,0,0,0,0,0,0,0,0,,,,,
Deebo Samuel Sr.,WR,SF,1,DET,0,0,0,0,0,0,0,0,9,189,1,12,0,0,0,0,0,0,0,0,0,0,,,,,
Demarcus Robinson,WR,KC,1,CLE,0,0,0,0,0,0,0,0,1,9,0,2,0,0,0,0,0,0,0,0,0,0,,,,,
Demetric Felton,RB,CLE,1,KC,0,0,0,0,0,0,0,0,0,0,0,0,0,0,0,0,0,0,0,0,0,0,,,,,
Demetrius Harris,TE,ARI,1,TEN,0,0,0,0,0,0,0,0,0,0,0,3,0,0,0,0,0,0,0,0,0,0,,,,,
Denzel Mims,WR,NYJ,1,CAR,0,0,0,0,0,0,0,0,1,40,0,1,0,0,0,0,0,0,0,0,0,0,,,,,
Deonte Harty,WR,NO,1,GB,0,0,0,0,0,0,0,0,2,72,1,2,0,0,0,0,0,0,0,0,0,0,,,,,
Derek Carr,QB,LV,1,BAL,435,2,56,34,1,6,0,4,0,0,0,0,0,0,0,0,0,0,0,0,0,0,,,,,
Derrick Henry,RB,TEN,1,ARI,0,0,0,0,0,58,0,17,3,19,0,4,0,0,0,0,0,0,0,0,0,0,,,,,
Devin Duvernay,WR,BAL,1,LV,0,0,0,0,0,0,0,0,1,6,0,2,0,0,0,0,0,0,0,0,0,0,,,,,
Devin Singletary,RB,BUF,1,PIT,0,0,0,0,0,72,0,11,3,8,0,5,0,0,0,0,0,0,0,0,0,0,,,,,
Devin Smith,WR,JAX,1,HOU,0,0,0,0,0,0,0,0,0,0,0,1,0,0,0,0,0,0,0,0,0,0,,,,,
Devontae Booker,RB,NYG,1,DEN,0,0,0,0,0,7,0,4,1,6,0,1,0,0,0,0,0,0,0,0,0,0,,,,,
Diontae Johnson,WR,PIT,1,BUF,0,0,0,0,0,0,0,0,5,36,1,10,0,0,0,0,0,0,0,0,0,0,,,,,
Diontae Spencer,WR,DEN,1,NYG,0,0,0,0,0,0,0,0,0,0,0,0,0,0,0,0,0,0,0,0,0,0,,,,,
Dominique Dafney,TE,GB,1,NO,0,0,0,0,0,0,0,0,0,0,0,0,0,0,0,0,0,0,0,0,0,0,,,,,
Donald Parham,TE,LAC,1,WAS,0,0,0,0,0,0,0,0,0,0,0,1,0,0,0,0,0,0,0,0,0,0,,,,,
Donovan Peoples-Jones,WR,CLE,1,KC,0,0,0,0,0,0,0,0,1,4,0,1,0,0,0,0,0,0,0,0,0,0,,,,,
Durham Smythe,TE,MIA,1,NE,0,0,0,0,0,0,0,0,1,9,0,2,0,0,0,0,0,0,0,0,0,0,,,,,
Dustin Hopkins,K,WAS,1,LAC,0,0,0,0,0,0,0,0,0,0,0,0,0,0,0,0,0,1,2,0,0,1,,,,,
Dyami Brown,WR,WAS,1,LAC,0,0,0,0,0,0,0,0,1,-2,0,4,0,0,0,0,0,0,0,0,0,0,,,,,
Elijah Mitchell,RB,SF,1,DET,0,0,0,0,0,104,1,19,0,0,0,0,0,0,0,0,0,0,0,0,0,0,,,,,
Elijah Moore,WR,NYJ,1,CAR,0,0,0,0,0,0,0,0,1,-3,0,4,0,0,0,0,0,0,0,0,0,0,,,,,
Emmanuel Sanders,WR,BUF,1,PIT,0,0,0,0,0,0,0,0,4,52,0,8,0,0,0,0,0,0,0,0,0,0,,,,,
Eric Ebron,TE,PIT,1,BUF,0,0,0,0,0,0,0,0,1,19,0,2,0,0,0,0,0,0,0,0,0,0,,,,,
Eric Saubert,TE,DEN,1,NYG,0,0,0,0,0,0,0,0,1,7,0,2,0,0,0,0,0,0,0,0,0,0,,,,,
Eric Tomlinson,TE,BAL,1,LV,0,0,0,0,0,0,0,0,0,0,0,0,0,0,0,0,0,0,0,0,0,0,,,,,
Evan McPherson,K,CIN,1,MIN,0,0,0,0,0,0,0,0,0,0,0,0,0,0,0,0,0,1,0,1,0,3,,,,,
Ezekiel Elliott,RB,DAL,1,TB,0,0,0,0,0,33,0,11,2,6,0,2,0,0,0,0,0,0,0,0,0,0,,,,,
Freddie Swain,WR,SEA,1,IND,0,0,0,0,0,5,0,1,0,0,0,1,0,0,0,0,0,0,0,0,0,0,,,,,
GB,DEF,GB,1,NO,,,,,,,,,,,,,,,,,,,,,,,0,0,0,0,38.0
Gabe Davis,WR,BUF,1,PIT,0,0,0,0,0,0,0,0,2,40,1,5,0,0,0,0,0,0,0,0,0,0,,,,,
Gary Brightwell,RB,NYG,1,DEN,0,0,0,0,0,0,0,0,1,6,0,1,0,0,0,0,0,0,0,0,0,0,,,,,
Geoff Swaim,TE,TEN,1,ARI,0,0,0,0,0,0,0,0,0,0,0,1,0,0,0,0,0,0,0,0,0,0,,,,,
George Kittle,TE,SF,1,DET,0,0,0,0,0,0,0,0,4,78,0,5,0,0,0,0,0,0,0,0,0,0,,,,,
Gerald Everett,TE,SEA,1,IND,0,0,0,0,0,0,0,0,2,20,1,2,0,0,0,0,0,0,0,0,0,0,,,,,
Giovani Bernard,RB,TB,1,DAL,0,0,0,0,0,0,0,0,2,12,0,3,0,0,0,0,0,0,0,0,0,0,,,,,
Godwin Igwebuike,RB,DET,1,SF,0,0,0,0,0,0,0,0,0,0,0,0,0,0,0,0,0,0,0,0,0,0,,,,,
Graham Gano,K,NYG,1,DEN,0,0,0,0,0,0,0,0,0,0,0,0,0,0,0,0,0,0,0,0,0,1,,,,,
Greg Joseph,K,MIN,1,CIN,0,0,0,0,0,0,0,0,0,0,0,0,0,0,0,0,0,0,0,1,0,3,,,,,
Greg Zuerlein,K,DAL,1,TB,0,0,0,0,0,0,0,0,0,0,0,0,0,0,0,0,1,1,1,0,0,2,,,,,
Gunner Olszewski,WR,NE,1,MIA,0,0,0,0,0,0,0,0,0,0,0,0,0,0,0,0,0,0,0,0,0,0,,,,,
HOU,DEF,HOU,1,JAX,,,,,,,,,,,,,,,,,,,,,,,0,0,0,0,21.0
Harrison Bryant,TE,CLE,1,KC,0,0,0,0,0,0,0,0,1,17,0,2,0,0,0,0,0,0,0,0,0,0,,,,,
Harrison Butker,K,KC,1,CLE,0,0,0,0,0,0,0,0,0,0,0,0,0,0,0,0,1,0,1,0,0,3,,,,,
Hayden Hurst,TE,ATL,1,PHI,0,0,0,0,0,0,0,0,4,28,0,4,0,0,0,0,0,0,0,0,0,0,,,,,
Henry Ruggs III,WR,LV,1,BAL,0,0,0,0,0,0,0,0,2,46,0,5,0,0,0,0,0,0,0,0,0,0,,,,,
Hunter Henry,TE,NE,1,MIA,0,0,0,0,0,0,0,0,3,31,0,3,0,0,0,0,0,0,0,0,0,0,,,,,
Hunter Renfrow,WR,LV,1,BAL,0,0,0,0,0,0,0,0,6,70,0,9,0,0,0,0,0,0,0,0,0,0,,,,,
IND,DEF,IND,1,SEA,,,,,,,,,,,,,,,,,,,,,,,0,0,0,0,28.0
Ian Thomas,TE,CAR,1,NYJ,0,0,0,0,0,0,0,0,1,17,0,2,0,0,0,0,0,0,0,0,0,0,,,,,
Ihmir Smith-Marsette,WR,MIN,1,CIN,0,0,0,0,0,0,0,0,0,0,0,0,0,0,0,0,0,0,0,0,0,0,,,,,
Isaiah McKenzie,WR,BUF,1,PIT,0,0,0,0,0,-3,0,1,0,0,0,0,0,0,0,0,0,0,0,0,0,0,,,,,
J.D. McKissic,RB,WAS,1,LAC,0,0,0,0,0,8,0,1,0,0,0,1,0,0,0,0,0,0,0,0,0,0,,,,,
J.J. Arcega-Whiteside,WR,PHI,1,ATL,0,0,0,0,0,0,0,0,0,0,0,0,0,0,0,0,0,0,0,0,0,0,,,,,
JAX,DEF,JAX,1,HOU,,,,,,,,,,,,,,,,,,,,,,,0,0,0,0,37.0
Ja'Marr Chase,WR,CIN,1,MIN,0,0,0,0,0,-2,0,1,5,101,1,7,0,0,0,0,0,0,0,0,0,0,,,,,
JaMycal Hasty,RB,SF,1,DET,0,0,0,0,0,3,1,1,1,15,0,1,0,0,0,0,0,0,0,0,0,0,,,,,
Jack Doyle,TE,IND,1,SEA,0,0,0,0,0,0,0,0,3,21,0,4,0,0,0,0,0,0,0,0,0,0,,,,,
Jacoby Brissett,QB,MIA,1,NE,0,0,0,0,0,4,0,2,0,0,0,0,0,0,0,0,0,0,0,0,0,0,,,,,
Jake Elliott,K,PHI,1,ATL,0,0,0,0,0,0,0,0,0,0,0,0,0,0,0,0,0,0,1,0,0,3,,,,,
Jake Funk,RB,LA,1,CHI,0,0,0,0,0,0,0,0,0,0,0,0,0,0,0,0,0,0,0,0,0,0,,,,,
Jakeem Grant,WR,MIA,1,NE,0,0,0,0,0,0,0,0,0,0,0,0,0,0,0,0,0,0,0,0,0,0,,,,,
Jakobi Meyers,WR,NE,1,MIA,0,0,0,0,0,0,0,0,6,44,0,9,0,0,0,0,0,0,0,0,0,0,,,,,
Jalen Guyton,WR,LAC,1,WAS,0,0,0,0,0,0,0,0,3,49,0,5,0,0,0,0,0,0,0,0,0,0,,,,,
Jalen Hurts,QB,PHI,1,ATL,264,3,35,27,0,62,0,7,0,0,0,0,0,0,0,0,0,0,0,0,0,0,,,,,
Jalen Reagor,WR,PHI,1,ATL,0,0,0,0,0,0,0,0,6,49,1,6,0,0,0,0,0,0,0,0,0,0,,,,,
Jamaal Williams,RB,DET,1,SF,0,0,0,0,0,54,1,9,8,56,0,9,0,0,0,0,0,0,0,0,0,0,,,,,
Jamal Agnew,WR,JAX,1,HOU,0,0,0,0,0,0,0,0,0,0,0,0,0,0,0,0,0,0,0,0,0,0,,,,,
Jameis Winston,QB,NO,1,GB,148,5,20,14,0,37,0,6,0,0,0,0,0,0,0,0,0,0,0,0,0,0,,,,,
James Conner,RB,ARI,1,TEN,0,0,0,0,0,53,0,16,0,0,0,0,0,0,0,0,0,0,0,0,0,0,,,,,
James O'Shaughnessy,TE,JAX,1,HOU,0,0,0,0,0,0,0,0,6,48,0,8,0,0,0,0,0,0,0,0,0,0,,,,,
James Robinson,RB,JAX,1,HOU,0,0,0,0,0,25,0,5,3,29,0,6,0,0,0,0,0,0,0,0,0,0,,,,,
James Washington,WR,PIT,1,BUF,0,0,0,0,0,0,0,0,2,10,0,2,0,0,0,0,0,0,0,0,0,0,,,,,
James White,RB,NE,1,MIA,0,0,0,0,0,12,0,4,6,49,0,7,0,0,0,0,0,0,0,0,0,0,,,,,
Jared Cook,TE,LAC,1,WAS,0,0,0,0,0,0,0,0,5,56,0,8,0,0,0,0,0,0,0,0,0,0,,,,,
Jared Goff,QB,DET,1,SF,338,3,57,38,1,14,0,3,0,0,0,0,0,0,2,0,0,0,0,0,0,0,,,,,
Jaret Patterson,RB,WAS,1,LAC,0,0,0,0,0,9,0,2,0,0,0,0,0,0,0,0,0,0,0,0,0,0,,,,,
Jarvis Landry,WR,CLE,1,KC,0,0,0,0,0,13,1,2,5,71,0,5,0,0,0,0,0,0,0,0,0,0,,,,,
Jason Myers,K,SEA,1,IND,0,0,0,0,0,0,0,0,0,0,0,0,0,0,0,0,0,0,0,0,0,4,,,,,
Jason Sanders,K,MIA,1,NE,0,0,0,0,0,0,0,0,0,0,0,0,0,0,0,0,0,0,1,0,0,2,,,,,
Javonte Williams,RB,DEN,1,NYG,0,0,0,0,0,45,0,14,1,-4,0,1,0,0,0,0,0,0,0,0,0,0,,,,,
Jaydon Mickens,WR,TB,1,DAL,0,0,0,0,0,0,0,0,0,0,0,0,0,0,0,0,0,0,0,0,0,0,,,,,
Jaylen Waddle,WR,MIA,1,NE,0,0,0,0,0,0,0,0,4,61,1,5,0,0,0,0,0,0,0,0,0,0,,,,,
Jeff Smith,WR,NYJ,1,CAR,0,0,0,0,0,0,0,0,0,0,0,1,0,0,0,0,0,0,0,0,0,0,,,,,
Jeremy McNichols,RB,TEN,1,ARI,0,0,0,0,0,9,0,2,3,24,0,4,0,0,0,0,0,0,0,0,0,0,,,,,
Jerry Jeudy,WR,DEN,1,NYG,0,0,0,0,0,0,0,0,6,72,0,7,0,0,0,0,0,0,0,0,0,0,,,,,
Jimmy Garoppolo,QB,SF,1,DET,314,1,25,17,0,2,0,3,0,0,0,0,0,0,0,0,0,0,0,0,0,0,,,,,
Jimmy Graham,TE,CHI,1,LA,0,0,0,0,0,0,0,0,1,11,0,2,0,0,0,0,0,0,0,0,0,0,,,,,
Joe Burrow,QB,CIN,1,MIN,261,2,27,20,0,2,0,1,0,0,0,0,0,0,0,0,0,0,0,0,0,0,,,,,
Joe Mixon,RB,CIN,1,MIN,0,0,0,0,0,127,1,29,4,23,0,4,0,0,0,0,0,0,0,0,0,0,,,,,
Joey Slye,K,HOU,1,JAX,0,0,0,0,0,0,0,0,0,0,0,0,0,0,0,0,2,0,1,0,0,4,,,,,
Johnny Mundt,TE,LA,1,CHI,0,0,0,0,0,0,0,0,0,0,0,0,0,0,0,0,0,0,0,0,0,0,,,,,
Jonathan Taylor,RB,IND,1,SEA,0,0,0,0,0,56,0,17,6,60,0,7,0,0,0,0,0,0,0,0,0,0,,,,,
Jonathan Ward,RB,ARI,1,TEN,0,0,0,0,0,0,0,0,0,0,0,0,0,0,0,0,0,0,0,0,0,0,,,,,
Jonnu Smith,TE,NE,1,MIA,0,0,0,0,0,6,0,1,5,42,0,5,0,0,0,0,0,0,0,0,0,0,,,,,
Jordan Akins,TE,HOU,1,JAX,0,0,0,0,0,0,0,0,0,0,0,2,0,0,0,0,0,0,0,0,0,0,,,,,
Jordan Love,QB,GB,1,NO,68,0,7,5,0,0,0,0,0,0,0,0,0,0,0,0,0,0,0,0,0,0,,,,,
Josh Allen,QB,BUF,1,PIT,270,1,51,30,0,44,0,9,0,0,0,0,0,0,0,0,0,0,0,0,0,0,,,,,
Josh Jacobs,RB,LV,1,BAL,0,0,0,0,0,34,2,10,1,6,0,2,0,0,0,0,0,0,0,0,0,0,,,,,
Josh Lambo,K,JAX,1,HOU,0,0,0,0,0,0,0,0,0,0,0,0,0,0,0,0,0,0,0,0,0,3,,,,,
Josh Oliver,TE,BAL,1,LV,0,0,0,0,0,0,0,0,0,0,0,1,0,0,0,0,0,0,0,0,0,0,,,,,
Josh Palmer,WR,LAC,1,WAS,0,0,0,0,0,0,0,0,1,17,0,1,0,0,0,0,0,0,0,0,0,0,,,,,
JuJu Smith-Schuster,WR,PIT,1,BUF,0,0,0,0,0,0,0,0,4,52,0,8,0,0,0,0,0,0,0,0,0,0,,,,,
Julio Jones,WR,TEN,1,ARI,0,0,0,0,0,0,0,0,3,29,0,6,0,0,0,0,0,0,0,0,0,0,,,,,
Justin Fields,QB,CHI,1,LA,10,0,2,2,0,3,1,1,0,0,0,0,0,0,0,0,0,0,0,0,0,0,,,,,
Justin Herbert,QB,LAC,1,WAS,337,1,47,31,1,-1,0,4,0,0,0,0,0,0,0,0,0,0,0,0,0,0,,,,,
Justin Jackson,RB,LAC,1,WAS,0,0,0,0,0,5,0,1,1,2,0,1,0,0,0,0,0,0,0,0,0,0,,,,,
Justin Jefferson,WR,MIN,1,CIN,11,0,1,1,0,0,0,0,5,71,0,9,0,0,0,0,0,0,0,0,0,0,,,,,
Justin Tucker,K,BAL,1,LV,0,0,0,0,0,0,0,0,0,0,0,0,0,0,0,0,0,0,2,0,0,3,,,,,
Juwan Johnson,TE,NO,1,GB,0,0,0,0,0,0,0,0,3,21,2,3,0,0,0,0,0,0,0,0,0,0,,,,,
K.J. Hill,WR,LAC,1,WAS,0,0,0,0,0,0,0,0,3,30,0,3,0,0,0,0,0,0,0,0,0,0,,,,,
K.J. Osborn,WR,MIN,1,CIN,0,0,0,0,0,0,0,0,7,76,0,9,0,0,0,0,0,0,0,0,0,0,,,,,
KC,DEF,KC,1,CLE,,,,,,,,,,,,,,,,,,,,,,,0,0,0,0,29.0
KJ Hamler,WR,DEN,1,NYG,0,0,0,0,0,0,0,0,3,41,0,4,0,0,0,0,0,0,0,0,0,0,,,,,
Kadarius Toney,WR,NYG,1,DEN,0,0,0,0,0,0,0,0,2,-2,0,2,0,0,0,0,0,0,0,0,0,0,,,,,
Kaden Smith,TE,NYG,1,DEN,0,0,0,0,0,0,0,0,0,0,0,0,0,0,0,0,0,0,0,0,0,0,,,,,
Kalif Raymond,WR,DET,1,SF,0,0,0,0,0,9,0,1,3,50,0,4,0,0,0,0,0,0,0,0,0,0,,,,,
Kareem Hunt,RB,CLE,1,KC,0,0,0,0,0,33,1,6,3,28,0,3,0,0,1,0,0,0,0,0,0,0,,,,,
Keenan Allen,WR,LAC,1,WAS,0,0,0,0,0,0,0,0,9,100,0,13,0,0,0,0,0,0,0,0,0,0,,,,,
Kendrick Bourne,WR,NE,1,MIA,0,0,0,0,0,0,0,0,1,17,0,3,0,0,0,0,0,0,0,0,0,0,,,,,
Kenny Gainwell,RB,PHI,1,ATL,0,0,0,0,0,37,1,9,2,6,0,3,0,0,0,0,0,0,0,0,0,0,,,,,
Kenny Golladay,WR,NYG,1,DEN,0,0,0,0,0,0,0,0,4,64,0,6,0,0,0,0,0,0,0,0,0,0,,,,,
Kenyan Drake,RB,LV,1,BAL,0,0,0,0,0,11,0,6,5,59,0,5,0,0,0,0,0,0,0,0,0,0,,,,,
Khalil Herbert,RB,CHI,1,LA,0,0,0,0,0,0,0,0,0,0,0,0,0,0,0,0,0,0,0,0,0,0,,,,,
Kirk Cousins,QB,MIN,1,CIN,351,2,49,36,0,0,0,0,0,0,0,0,0,0,0,0,0,0,0,0,0,0,,,,,
Kyle Juszczyk,RB,SF,1,DET,0,0,0,0,0,0,0,0,1,7,0,1,0,0,0,0,0,0,0,0,0,0,,,,,
Kyle Pitts,TE,ATL,1,PHI,0,0,0,0,0,0,0,0,4,31,0,8,0,0,0,0,0,0,0,0,0,0,,,,,
Kyle Rudolph,TE,NYG,1,DEN,0,0,0,0,0,0,0,0,2,8,0,5,0,0,0,0,0,0,0,0,0,0,,,,,
Kyler Murray,QB,ARI,1,TEN,289,4,32,21,1,20,1,5,0,0,0,0,0,0,0,0,0,0,0,0,0,0,,,,,
Kylin Hill,RB,GB,1,NO,0,0,0,0,0,14,0,5,0,0,0,0,0,0,0,0,0,0,0,0,0,0,,,,,
LA,DEF,LA,1,CHI,,,,,,,,,,,,,,,,,,,,,,,0,0,0,0,14.0
LAC,DEF,LAC,1,WAS,,,,,,,,,,,,,,,,,,,,,,,0,0,0,0,16.0
LV,DEF,LV,1,BAL,,,,,,,,,,,,,,,,,,,,,,,0,0,0,0,27.0
Lamar Jackson,QB,BAL,1,LV,235,1,30,19,0,86,0,12,0,0,0,0,0,0,0,0,0,0,0,0,0,0,,,,,
Larry Rountree III,RB,LAC,1,WAS,0,0,0,0,0,27,0,8,0,0,0,0,0,0,0,0,0,0,0,0,0,0,,,,,
Latavius Murray,RB,BAL,1,LV,0,0,0,0,0,28,1,10,0,0,0,0,0,0,0,0,0,0,0,0,0,0,,,,,
Laviska Shenault Jr.,WR,JAX,1,HOU,0,0,0,0,0,9,0,1,7,50,0,10,0,0,0,0,0,0,0,0,0,0,,,,,
Leonard Fournette,RB,TB,1,DAL,0,0,0,0,0,32,0,9,5,27,0,7,0,0,0,0,0,0,0,0,0,0,,,,,
Logan Thomas,TE,WAS,1,LAC,0,0,0,0,0,0,0,0,3,30,1,3,0,0,0,0,0,0,0,0,0,0,,,,,
MIA,DEF,MIA,1,NE,,,,,,,,,,,,,,,,,,,,,,,0,0,0,0,16.0
MIN,DEF,MIN,1,CIN,,,,,,,,,,,,,,,,,,,,,,,0,0,0,0,27.0
Mac Jones,QB,NE,1,MIA,281,1,39,29,0,0,0,0,0,0,0,0,0,0,0,0,0,0,0,0,0,0,,,,,
Mack Hollins,WR,MIA,1,NE,0,0,0,0,0,0,0,0,0,0,0,0,0,0,0,0,0,0,0,0,0,0,,,,,
Malcolm Brown,RB,MIA,1,NE,0,0,0,0,0,16,0,5,0,0,0,0,0,0,0,0,0,0,0,0,0,0,,,,,
Malik Taylor,WR,GB,1,NO,0,0,0,0,0,0,0,0,2,14,0,3,0,0,0,0,0,0,0,0,0,0,,,,,
Marcedes Lewis,TE,GB,1,NO,0,0,0,0,0,0,0,0,1,19,0,1,0,0,0,0,0,0,0,0,0,0,,,,,
Marcus Kemp,WR,KC,1,CLE,0,0,0,0,0,0,0,0,0,0,0,0,0,0,0,0,0,0,0,0,0,0,,,,,
Marcus Mariota,QB,LV,1,BAL,0,0,0,0,0,31,0,1,0,0,0,0,0,0,0,0,0,0,0,0,0,0,,,,,
Mark Andrews,TE,BAL,1,LV,0,0,0,0,0,0,0,0,3,20,0,5,0,0,0,0,0,0,0,0,0,0,,,,,
Mark Ingram,RB,HOU,1,JAX,0,0,0,0,0,85,1,26,0,0,0,1,0,0,0,0,0,0,0,0,0,0,,,,,
Marquez Callaway,WR,NO,1,GB,0,0,0,0,0,0,0,0,1,14,0,2,0,0,0,0,0,0,0,0,0,0,,,,,
Marquez Valdes-Scantling,WR,GB,1,NO,0,0,0,0,0,0,0,0,3,17,0,8,0,0,0,0,0,0,0,0,0,0,,,,,
Marquise Brown,WR,BAL,1,LV,0,0,0,0,0,5,0,1,6,69,1,6,0,0,0,0,0,0,0,0,0,0,,,,,
Marquise Goodwin,WR,CHI,1,LA,0,0,0,0,0,-2,0,1,4,45,0,4,0,0,0,0,0,0,0,0,0,0,,,,,
Marvin Jones,WR,JAX,1,HOU,0,0,0,0,0,0,0,0,5,77,1,9,0,0,0,0,0,0,0,0,0,0,,,,,
Mason Crosby,K,GB,1,NO,0,0,0,0,0,0,0,0,0,0,0,0,0,0,0,0,0,1,0,0,0,0,,,,,
Matt Ammendola,K,NYJ,1,CAR,0,0,0,0,0,0,0,0,0,0,0,0,0,0,0,0,0,0,0,0,0,0,,,,,
Matt Breida,RB,BUF,1,PIT,0,0,0,0,0,4,0,4,0,0,0,0,0,0,0,0,0,0,0,0,0,0,,,,,
Matt Gay,K,LA,1,CHI,0,0,0,0,0,0,0,0,0,0,0,0,0,0,0,0,1,0,0,1,0,4,,,,,
Matt Prater,K,ARI,1,TEN,0,0,0,0,0,0,0,0,0,0,0,0,0,0,0,0,0,1,0,0,0,5,,,,,
Matt Ryan,QB,ATL,1,PHI,164,0,35,21,0,8,0,2,0,0,0,0,0,0,0,0,0,0,0,0,0,0,,,,,
Matthew Stafford,QB,LA,1,CHI,321,3,26,20,0,-5,0,5,0,0,0,0,0,0,0,0,0,0,0,0,0,0,,,,,
Maxx Williams,TE,ARI,1,TEN,0,0,0,0,0,0,0,0,0,0,0,1,0,0,0,0,0,0,0,0,0,0,,,,,
Mecole Hardman,WR,KC,1,CLE,0,0,0,0,0,0,0,0,3,19,0,3,0,0,0,0,0,0,0,0,0,0,,,,,
Mekhi Sargent,RB,TEN,1,ARI,0,0,0,0,0,2,0,1,0,0,0,0,0,0,0,0,0,0,0,0,0,0,,,,,
Melvin Gordon,RB,DEN,1,NYG,0,0,0,0,0,101,1,11,3,17,0,3,0,0,0,0,0,0,0,0,0,0,,,,,
Michael Carter,RB,NYJ,1,CAR,0,0,0,0,0,6,0,4,1,14,0,2,0,0,0,0,0,0,0,0,0,0,,,,,
Michael Gallup,WR,DAL,1,TB,0,0,0,0,0,0,0,0,4,36,0,7,0,0,0,0,0,0,0,0,0,0,,,,,
Michael Pittman,WR,IND,1,SEA,0,0,0,0,0,0,0,0,3,29,0,4,0,0,0,0,0,0,0,0,0,0,,,,,
Mike Badgley,K,TEN,1,ARI,0,0,0,0,0,0,0,0,0,0,0,0,0,0,0,0,0,0,0,0,0,1,,,,,
Mike Davis,RB,ATL,1,PHI,0,0,0,0,0,49,0,15,3,23,0,6,0,0,0,0,0,0,0,0,0,0,,,,,
Mike Evans,WR,TB,1,DAL,0,0,0,0,0,0,0,0,3,24,0,6,0,0,0,0,0,0,0,0,0,0,,,,,
Mike Gesicki,TE,MIA,1,NE,0,0,0,0,0,0,0,0,0,0,0,3,0,0,0,0,0,0,0,0,0,0,,,,,
Mike Strachan,WR,IND,1,SEA,0,0,0,0,0,0,0,0,2,26,0,2,0,0,0,0,0,0,0,0,0,0,,,,,
Mike Thomas,WR,CIN,1,MIN,0,0,0,0,0,0,0,0,1,5,0,3,0,0,0,0,0,0,0,0,0,0,,,,,
Mike Williams,WR,LAC,1,WAS,0,0,0,0,0,0,0,0,8,82,1,12,0,0,0,0,0,0,0,0,0,0,,,,,
Miles Sanders,RB,PHI,1,ATL,0,0,0,0,0,74,0,15,4,39,0,5,0,0,1,0,0,0,0,0,0,0,,,,,
Mo Alie-Cox,TE,IND,1,SEA,0,0,0,0,0,0,0,0,0,0,0,2,0,0,0,0,0,0,0,0,0,0,,,,,
Mohamed Sanu,WR,SF,1,DET,0,0,0,0,0,0,0,0,1,7,0,1,0,0,0,0,0,0,0,0,0,0,,,,,
Myles Gaskin,RB,MIA,1,NE,0,0,0,0,0,49,0,9,5,27,0,5,0,0,0,0,0,0,0,0,0,0,,,,,
NE,DEF,NE,1,MIA,,,,,,,,,,,,,,,,,,,,,,,0,0,0,0,17.0
NO,DEF,NO,1,GB,,,,,,,,,,,,,,,,,,,,,,,0,0,0,0,3.0
NYG,DEF,NYG,1,DEN,,,,,,,,,,,,,,,,,,,,,,,0,0,0,0,27.0
NYJ,DEF,NYJ,1,CAR,,,,,,,,,,,,,,,,,,,,,,,0,0,0,0,19.0
Najee Harris,RB,PIT,1,BUF,0,0,0,0,0,45,0,16,1,4,0,3,0,0,0,0,0,0,0,0,0,0,,,,,
Nelson Agholor,WR,NE,1,MIA,0,0,0,0,0,0,0,0,5,72,1,7,0,0,0,0,0,0,0,0,0,0,,,,,
Nick Chubb,RB,CLE,1,KC,0,0,0,0,0,83,2,15,2,18,0,2,0,0,0,0,0,0,0,0,0,0,,,,,
Nick Folk,K,NE,1,MIA,0,0,0,0,0,0,0,0,0,0,0,0,0,0,0,0,1,1,1,0,0,1,,,,,
Nick Westbrook-Ikhine,WR,TEN,1,ARI,0,0,0,0,0,0,0,0,1,10,0,2,0,0,0,0,0,0,0,0,0,0,,,,,
Nico Collins,WR,HOU,1,JAX,0,0,0,0,0,0,0,0,1,7,0,3,0,0,0,0,0,0,0,0,0,0,,,,,
Noah Fant,TE,DEN,1,NYG,0,0,0,0,0,0,0,0,6,62,0,8,0,0,0,0,0,0,0,0,0,0,,,,,
Nsimba Webster,WR,CHI,1,LA,0,0,0,0,0,0,0,0,0,0,0,0,0,0,0,0,0,0,0,0,0,0,,,,,
Nyheim Hines,RB,IND,1,SEA,0,0,0,0,0,34,0,9,6,48,0,8,0,0,0,0,0,0,0,0,0,0,,,,,
PHI,DEF,PHI,1,ATL,,,,,,,,,,,,,,,,,,,,,,,0,0,0,0,6.0
PIT,DEF,PIT,1,BUF,,,,,,,,,,,,,,,,,,,,,,,0,0,0,0,16.0
Parris Campbell,WR,IND,1,SEA,0,0,0,0,0,0,0,0,1,24,0,3,0,0,0,0,0,0,0,0,0,0,,,,,
Pat Freiermuth,TE,PIT,1,BUF,0,0,0,0,0,0,0,0,1,24,0,1,0,0,0,0,0,0,0,0,0,0,,,,,
Patrick Mahomes,QB,KC,1,CLE,337,3,36,27,0,18,1,5,0,0,0,0,0,0,0,0,0,0,0,0,0,0,,,,,
Patrick Ricard,RB,BAL,1,LV,0,0,0,0,0,0,0,0,2,15,0,3,0,0,0,0,0,0,0,0,0,0,,,,,
Penny Hart,WR,SEA,1,IND,0,0,0,0,0,0,0,0,0,0,0,0,0,0,0,0,0,0,0,0,0,0,,,,,
Pharaoh Brown,TE,HOU,1,JAX,0,0,0,0,0,0,0,0,4,67,0,5,0,0,0,0,0,0,0,0,0,0,,,,,
Phillip Lindsay,RB,HOU,1,JAX,0,0,0,0,0,25,1,8,0,0,0,1,0,0,0,0,0,0,0,0,0,0,,,,,
Quez Watkins,WR,PHI,1,ATL,0,0,0,0,0,0,0,0,3,23,0,3,0,0,0,0,0,0,0,0,0,0,,,,,
Quintez Cephus,WR,DET,1,SF,0,0,0,0,0,0,0,0,3,12,1,6,0,0,1,0,0,0,0,0,0,0,,,,,
Raheem Mostert,RB,SF,1,DET,0,0,0,0,0,20,0,2,0,0,0,0,0,0,0,0,0,0,0,0,0,0,,,,,
Randall Cobb,WR,GB,1,NO,0,0,0,0,0,1,0,1,1,32,0,1,0,0,0,0,0,0,0,0,0,0,,,,,
Rashaad Penny,RB,SEA,1,IND,0,0,0,0,0,8,0,2,0,0,0,0,0,0,0,0,0,0,0,0,0,0,,,,,
Ray-Ray McCloud,WR,PIT,1,BUF,0,0,0,0,0,0,0,0,0,0,0,0,0,0,0,0,0,0,0,0,0,0,,,,,
Rex Burkhead,RB,HOU,1,JAX,0,0,0,0,0,0,0,0,1,6,0,2,0,0,0,0,0,0,0,0,0,0,,,,,
Rhamondre Stevenson,RB,NE,1,MIA,0,0,0,0,0,2,0,1,1,9,0,1,0,0,0,0,0,0,0,0,0,0,,,,,
Rob Gronkowski,TE,TB,1,DAL,0,0,0,0,0,0,0,0,8,90,2,8,0,0,0,0,0,0,0,0,0,0,,,,,
Robbie Chosen,WR,CAR,1,NYJ,0,0,0,0,0,0,0,0,1,57,1,3,0,0,0,0,0,0,0,0,0,0,,,,,
Robbie Gould,K,SF,1,DET,0,0,0,0,0,0,0,0,0,0,0,0,0,0,0,0,0,0,1,1,0,5,,,,,
Robert Tonyan,TE,GB,1,NO,0,0,0,0,0,0,0,0,2,8,0,4,0,0,0,0,0,0,0,0,0,0,,,,,
Robert Woods,WR,LA,1,CHI,0,0,0,0,0,7,0,1,3,27,1,4,0,0,0,0,0,0,0,0,0,0,,,,,
Rodrigo Blankenship,K,IND,1,SEA,0,0,0,0,0,0,0,0,0,0,0,0,0,0,0,0,1,0,0,0,0,1,,,,,
Ronald Jones,RB,TB,1,DAL,0,0,0,0,0,14,0,4,0,0,0,0,0,0,0,0,0,0,0,0,0,0,,,,,
Rondale Moore,WR,ARI,1,TEN,0,0,0,0,0,0,0,0,4,68,0,5,0,0,0,0,0,0,0,0,0,0,,,,,
Russell Gage,WR,ATL,1,PHI,0,0,0,0,0,0,0,0,0,0,0,2,0,0,0,0,0,0,0,0,0,0,,,,,
Russell Wilson,QB,SEA,1,IND,254,4,23,18,0,9,0,5,0,0,0,0,0,0,0,0,0,0,0,0,0,0,,,,,
Ryan Fitzpatrick,QB,WAS,1,LAC,13,0,6,3,0,2,0,1,0,0,0,0,0,0,0,0,0,0,0,0,0,0,,,,,
Ryan Griffin,TE,NYJ,1,CAR,0,0,0,0,0,0,0,0,3,22,0,6,0,0,0,0,0,0,0,0,0,0,,,,,
Ryan Santoso,K,CAR,1,NYJ,0,0,0,0,0,0,0,0,0,0,0,0,0,0,0,0,2,0,0,0,0,1,,,,,
Ryan Succop,K,TB,1,DAL,0,0,0,0,0,0,0,0,0,0,0,0,0,0,0,0,0,1,0,0,0,4,,,,,
Ryan Tannehill,QB,TEN,1,ARI,212,1,35,21,1,17,1,2,0,0,0,0,0,0,0,0,0,0,0,0,0,0,,,,,
SEA,DEF,SEA,1,IND,,,,,,,,,,,,,,,,,,,,,,,0,0,0,0,16.0
SF,DEF,SF,1,DET,,,,,,,,,,,,,,,,,,,,,,,1,0,0,0,33.0
Salvon Ahmed,RB,MIA,1,NE,0,0,0,0,0,4,0,3,2,24,0,3,0,0,0,0,0,0,0,0,0,0,,,,,
Sam Darnold,QB,CAR,1,NYJ,279,1,35,24,0,-1,1,5,0,0,0,0,0,0,0,0,0,0,0,0,0,0,,,,,
Samaje Perine,RB,CIN,1,MIN,0,0,0,0,0,22,0,5,1,7,0,1,0,0,0,0,0,0,0,0,0,0,,,,,
Sammy Watkins,WR,BAL,1,LV,0,0,0,0,0,0,0,0,4,96,0,8,0,0,0,0,0,0,0,0,0,0,,,,,
Saquon Barkley,RB,NYG,1,DEN,0,0,0,0,0,26,0,10,1,1,0,3,0,0,0,0,0,0,0,0,0,0,,,,,
Sony Michel,RB,LA,1,CHI,0,0,0,0,0,2,0,1,0,0,0,0,0,0,0,0,0,0,0,0,0,0,,,,,
Stefon Diggs,WR,BUF,1,PIT,0,0,0,0,0,0,0,0,9,69,0,13,0,0,0,0,0,0,0,0,0,0,,,,,
Stephen Anderson,TE,LAC,1,WAS,0,0,0,0,0,0,0,0,1,1,0,2,0,0,0,0,0,0,0,0,0,0,,,,,
Sterling Shepard,WR,NYG,1,DEN,0,0,0,0,0,0,0,0,7,113,1,9,0,0,0,0,0,0,0,0,0,0,,,,,
T.J. Hockenson,TE,DET,1,SF,0,0,0,0,0,0,0,0,8,97,1,11,0,0,1,0,0,0,0,0,0,0,,,,,
TB,DEF,TB,1,DAL,,,,,,,,,,,,,,,,,,,,,,,0,0,0,0,29.0
TEN,DEF,TEN,1,ARI,,,,,,,,,,,,,,,,,,,,,,,0,0,0,0,38.0
Taylor Heinicke,QB,WAS,1,LAC,122,1,15,11,0,17,0,3,0,0,0,0,0,0,0,0,0,0,0,0,0,0,,,,,
Taysom Hill,TE,NO,1,GB,3,0,1,1,0,1,0,2,0,0,0,0,0,0,0,0,0,0,0,0,0,0,,,,,
Teddy Bridgewater,QB,DEN,1,NYG,264,2,36,28,0,19,0,3,0,0,0,0,0,0,0,0,0,0,0,0,0,0,,,,,
Tee Higgins,WR,CIN,1,MIN,0,0,0,0,0,0,0,0,4,58,1,5,0,0,0,0,0,0,0,0,0,0,,,,,
Terrace Marshall Jr.,WR,CAR,1,NYJ,0,0,0,0,0,0,0,0,3,26,0,6,0,0,0,0,0,0,0,0,0,0,,,,,
Terry McLaurin,WR,WAS,1,LAC,0,0,0,0,0,0,0,0,4,62,0,4,0,0,0,0,0,0,0,0,0,0,,,,,
Tevin Coleman,RB,NYJ,1,CAR,0,0,0,0,0,24,0,9,0,0,0,0,0,0,0,0,0,0,0,0,0,0,,,,,
Tim Patrick,WR,DEN,1,NYG,0,0,0,0,0,0,0,0,4,39,1,4,0,0,0,0,0,0,0,0,0,0,,,,,
Tom Brady,QB,TB,1,DAL,379,4,50,32,2,0,0,0,0,0,0,0,0,0,0,0,0,0,0,0,0,0,,,,,
Tommy Tremble,TE,CAR,1,NYJ,0,0,0,0,0,0,0,0,0,0,0,0,0,0,0,0,0,0,0,0,0,0,,,,,
Tony Jones,RB,NO,1,GB,0,0,0,0,0,50,0,11,1,3,0,1,0,0,0,0,0,0,0,0,0,0,,,,,
Tony Pollard,RB,DAL,1,TB,0,0,0,0,0,14,0,3,4,29,0,4,0,0,0,0,0,0,0,0,0,0,,,,,
Travis Homer,RB,SEA,1,IND,0,0,0,0,0,0,0,0,0,0,0,0,0,0,0,0,0,0,0,0,0,0,,,,,
Travis Kelce,TE,KC,1,CLE,0,0,0,0,0,0,0,0,6,76,2,7,0,0,0,0,0,0,0,0,0,0,,,,,
Trent Sherfield,WR,SF,1,DET,0,0,0,0,0,0,0,0,2,23,1,3,0,0,0,0,0,0,0,0,0,0,,,,,
Trenton Cannon,RB,BAL,1,LV,0,0,0,0,0,5,0,2,0,0,0,0,0,0,0,0,0,0,0,0,0,0,,,,,
Trevor Lawrence,QB,JAX,1,HOU,332,3,51,28,3,-2,0,1,0,0,0,0,0,0,0,0,0,0,0,0,0,0,,,,,
Trey Lance,QB,SF,1,DET,5,1,1,1,0,2,0,3,0,0,0,0,0,0,0,0,0,0,0,0,0,0,,,,,
Trinity Benson,WR,DET,1,SF,0,0,0,0,0,0,0,0,3,19,0,6,0,0,0,0,0,0,0,0,0,0,,,,,
Tristan Vizcaino,K,LAC,1,WAS,0,0,0,0,0,0,0,0,0,0,0,0,0,0,0,0,1,1,0,0,0,2,,,,,
Tua Tagovailoa,QB,MIA,1,NE,202,1,27,16,1,1,1,4,0,0,0,0,0,0,0,0,0,0,0,0,0,0,,,,,
Ty Johnson,RB,NYJ,1,CAR,0,0,0,0,0,15,0,4,1,11,0,3,0,0,0,0,0,0,0,0,0,0,,,,,
Ty Montgomery,WR,NO,1,GB,0,0,0,0,0,0,0,0,1,5,0,1,0,0,0,0,0,0,0,0,0,0,,,,,
Ty'Son Williams,RB,BAL,1,LV,0,0,0,0,0,65,1,9,3,29,0,4,0,0,0,0,0,0,0,0,0,0,,,,,
Tyler Bass,K,BUF,1,PIT,0,0,0,0,0,0,0,0,0,0,0,0,0,0,0,0,1,1,1,0,0,1,,,,,
Tyler Boyd,WR,CIN,1,MIN,0,0,0,0,0,0,0,0,3,32,0,4,0,0,0,0,0,0,0,0,0,0,,,,,
Tyler Conklin,TE,MIN,1,CIN,0,0,0,0,0,0,0,0,4,41,0,4,0,0,0,0,0,0,0,0,0,0,,,,,
Tyler Higbee,TE,LA,1,CHI,0,0,0,0,0,0,0,0,5,68,0,6,0,0,0,0,0,0,0,0,0,0,,,,,
Tyler Johnson,WR,TB,1,DAL,0,0,0,0,0,0,0,0,0,0,0,1,0,0,0,0,0,0,0,0,0,0,,,,,
Tyler Kroft,TE,NYJ,1,CAR,0,0,0,0,0,0,0,0,3,26,0,5,0,0,0,0,0,0,0,0,0,0,,,,,
Tyler Lockett,WR,SEA,1,IND,0,0,0,0,0,0,0,0,4,100,2,5,0,0,0,0,0,0,0,0,0,0,,,,,
Tyreek Hill,WR,KC,1,CLE,0,0,0,0,0,4,0,1,11,197,1,15,0,0,0,0,0,0,0,0,0,0,,,,,
Tyrell Williams,WR,DET,1,SF,0,0,0,0,0,0,0,0,2,14,0,3,0,0,0,0,0,0,0,0,0,0,,,,,
Tyrod Taylor,QB,HOU,1,JAX,291,2,33,21,0,40,0,4,0,0,0,0,0,0,0,0,0,0,0,0,0,0,,,,,
Tyron Johnson,WR,JAX,1,HOU,0,0,0,0,0,0,0,0,1,6,0,1,0,0,0,0,0,0,0,0,0,0,,,,,
Van Jefferson,WR,LA,1,CHI,0,0,0,0,0,0,0,0,2,80,1,3,0,0,0,0,0,0,0,0,0,0,,,,,
WAS,DEF,WAS,1,LAC,,,,,,,,,,,,,,,,,,,,,,,0,0,0,0,20.0
Will Dissly,TE,SEA,1,IND,0,0,0,0,0,0,0,0,3,37,0,3,0,0,0,0,0,0,0,0,0,0,,,,,
Willie Snead,WR,LV,1,BAL,0,0,0,0,0,0,0,0,0,0,0,1,0,0,0,0,0,0,0,0,0,0,,,,,
Younghoe Koo,K,ATL,1,PHI,0,0,0,0,0,0,0,0,0,0,0,0,0,0,0,0,2,0,0,0,0,0,,,,,
Zach Ertz,TE,PHI,1,ATL,0,0,0,0,0,0,0,0,2,34,0,2,0,0,0,0,0,0,0,0,0,0,,,,,
Zach Gentry,TE,PIT,1,BUF,0,0,0,0,0,0,0,0,1,-2,0,1,0,0,0,0,0,0,0,0,0,0,,,,,
Zach Pascal,WR,IND,1,SEA,0,0,0,0,0,0,0,0,4,43,2,5,0,0,0,0,0,0,0,0,0,0,,,,,
Zach Wilson,QB,NYJ,1,CAR,258,2,37,20,1,0,0,0,0,0,0,0,0,0,1,0,0,0,0,0,0,0,,,,,
Zay Jones,WR,LV,1,BAL,0,0,0,0,0,0,0,0,2,46,1,2,0,0,0,0,0,0,0,0,0,0,,,,,
A.J. Brown,WR,TEN,2,SEA,0,0,0,0,0,0,0,0,3,43,0,9,0,0,0,0,0,0,0,0,0,0,,,,,
A.J. Green,WR,ARI,2,MIN,0,0,0,0,0,0,0,0,3,44,1,6,0,0,0,0,0,0,0,0,0,0,,,,,
AJ Dillon,RB,GB,2,DET,0,0,0,0,0,18,0,5,1,8,0,1,0,0,0,0,0,0,0,0,0,0,,,,,
ARI,DEF,ARI,2,MIN,,,,,,,,,,,,,,,,,,,,,,,0,0,0,0,33.0
ATL,DEF,ATL,2,TB,,,,,,,,,,,,,,,,,,,,,,,0,0,0,0,48.0
Aaron Jones,RB,GB,2,DET,0,0,0,0,0,67,1,17,6,48,3,6,0,0,0,0,0,0,0,0,0,0,,,,,
Aaron Rodgers,QB,GB,2,DET,255,4,27,22,0,6,0,4,0,0,0,0,0,0,0,0,0,0,0,0,0,0,,,,,
Adam Humphries,WR,WAS,2,NYG,0,0,0,0,0,0,0,0,7,44,0,8,0,0,0,0,0,0,0,0,0,0,,,,,
Adam Thielen,WR,MIN,2,ARI,0,0,0,0,0,0,0,0,6,39,1,7,0,0,0,0,0,0,0,0,0,0,,,,,
Albert Okwuegbunam,TE,DEN,2,JAX,0,0,0,0,0,0,0,0,4,24,0,4,0,0,0,0,0,0,0,0,0,0,,,,,
Albert Wilson,WR,MIA,2,BUF,0,0,0,0,0,0,0,0,4,20,0,6,0,0,0,0,0,0,0,0,0,0,,,,,
Aldrick Rosas,K,NO,2,CAR,0,0,0,0,0,0,0,0,0,0,0,0,0,0,0,0,0,0,0,0,0,1,,,,,
Alex Armah,RB,NO,2,CAR,0,0,0,0,0,0,0,0,0,0,0,0,0,0,0,0,0,0,0,0,0,0,,,,,
Alex Collins,RB,SEA,2,TEN,0,0,0,0,0,25,0,1,0,0,0,0,0,0,0,0,0,0,0,0,0,0,,,,,
Alex Erickson,WR,CAR,2,NO,0,0,0,0,0,0,0,0,0,0,0,0,0,0,0,0,0,0,0,0,0,0,,,,,
Alexander Mattison,RB,MIN,2,ARI,0,0,0,0,0,11,0,3,1,17,0,1,0,0,0,0,0,0,0,0,0,0,,,,,
Allen Robinson,WR,CHI,2,CIN,0,0,0,0,0,0,0,0,2,24,1,4,0,0,0,0,0,0,0,0,0,0,,,,,
Alvin Kamara,RB,NO,2,CAR,0,0,0,0,0,5,0,8,4,25,0,6,0,0,0,0,0,0,0,0,0,0,,,,,
Amari Cooper,WR,DAL,2,LAC,0,0,0,0,0,0,0,0,3,24,0,5,0,0,0,0,0,0,0,0,0,0,,,,,
Amari Rodgers,WR,GB,2,DET,0,0,0,0,0,0,0,0,0,0,0,0,0,0,0,0,0,0,0,0,0,0,,,,,
Ameer Abdullah,RB,MIN,2,ARI,0,0,0,0,0,0,0,0,0,0,0,1,0,0,0,0,0,0,0,0,0,0,,,,,
Amon-Ra St. Brown,WR,DET,2,GB,0,0,0,0,0,0,0,0,3,18,0,5,0,0,0,0,0,0,0,0,0,0,,,,,
Andre Roberts,WR,HOU,2,CLE,0,0,0,0,0,0,0,0,1,35,0,2,0,0,0,0,0,0,0,0,0,0,,,,,
Andy Dalton,QB,CHI,2,CIN,56,1,11,9,0,25,0,2,0,0,0,0,0,0,0,0,0,0,0,0,0,0,,,,,
Andy Isabella,WR,ARI,2,MIN,0,0,0,0,0,0,0,0,0,0,0,0,0,0,0,0,0,0,0,0,0,0,,,,,
Anthony Schwartz,WR,CLE,2,HOU,0,0,0,0,0,0,0,0,0,0,0,1,0,0,0,0,0,0,0,0,0,0,,,,,
Antonio Brown,WR,TB,2,ATL,0,0,0,0,0,0,0,0,1,17,0,3,0,0,0,0,0,0,0,0,0,0,,,,,
Antonio Gibson,RB,WAS,2,NYG,0,0,0,0,0,69,0,13,2,4,0,2,0,0,0,0,0,0,0,0,0,0,,,,,
Ashton Dulin,WR,IND,2,LA,0,0,0,0,0,0,0,0,1,10,0,2,0,1,0,0,0,0,0,0,0,0,,,,,
Austin Ekeler,RB,LAC,2,DAL,0,0,0,0,0,54,0,9,9,61,0,9,0,0,1,0,0,0,0,0,0,0,,,,,
Austin Hooper,TE,CLE,2,HOU,0,0,0,0,0,0,0,0,5,40,0,5,0,0,0,0,0,0,0,0,0,0,,,,,
Austin Seibert,K,DET,2,GB,0,0,0,0,0,0,0,0,0,0,0,0,0,0,0,0,0,0,1,0,0,2,,,,,
Avery Williams,RB,ATL,2,TB,0,0,0,0,0,0,0,0,0,0,0,0,0,0,0,0,0,0,0,0,0,0,,,,,
BAL,DEF,BAL,2,KC,,,,,,,,,,,,,,,,,,,,,,,0,0,0,0,35.0
BUF,DEF,BUF,2,MIA,,,,,,,,,,,,,,,,,,,,,,,0,0,0,0,0.0
Baker Mayfield,QB,CLE,2,HOU,213,1,21,19,1,10,1,8,0,0,0,0,0,0,0,0,0,0,0,0,0,0,,,,,
Ben Ellefson,TE,MIN,2,ARI,0,0,0,0,0,0,0,0,0,0,0,0,0,0,0,0,0,0,0,0,0,0,,,,,
Ben Roethlisberger,QB,PIT,2,LV,295,1,40,27,1,0,0,0,0,0,0,0,0,0,0,0,0,0,0,0,0,0,,,,,
Benny Snell,RB,PIT,2,LV,0,0,0,0,0,1,0,2,0,0,0,0,0,0,0,0,0,0,0,0,0,0,,,,,
Blaine Gabbert,QB,TB,2,ATL,0,0,0,0,0,-3,0,3,0,0,0,0,0,0,0,0,0,0,0,0,0,0,,,,,
Blake Bell,TE,KC,2,BAL,0,0,0,0,0,0,0,0,1,20,0,1,0,0,0,0,0,0,0,0,0,0,,,,,
Blake Jarwin,TE,DAL,2,LAC,0,0,0,0,0,0,0,0,3,37,0,4,0,0,0,0,0,0,0,0,0,0,,,,,
Brandin Cooks,WR,HOU,2,CLE,0,0,0,0,0,0,0,0,9,78,1,14,0,0,0,0,0,0,0,0,0,0,,,,,
Brandon Aiyuk,WR,SF,2,PHI,0,0,0,0,0,0,0,0,1,6,0,2,0,0,0,0,0,0,0,0,0,0,,,,,
Brandon McManus,K,DEN,2,JAX,0,0,0,0,0,0,0,0,0,0,0,0,0,0,0,0,0,1,2,0,0,2,,,,,
Brandon Zylstra,WR,CAR,2,NO,0,0,0,0,0,0,0,0,3,44,1,3,0,0,0,0,0,0,0,0,0,0,,,,,
Braxton Berrios,WR,NYJ,2,NE,0,0,0,0,0,0,0,0,7,73,0,11,0,0,0,0,0,0,0,0,0,0,,,,,
Bryan Edwards,WR,LV,2,PIT,0,0,0,0,0,0,0,0,3,40,0,3,0,0,0,0,0,0,0,0,0,0,,,,,
Byron Pringle,WR,KC,2,BAL,0,0,0,0,0,0,0,0,2,63,1,2,0,0,0,0,0,0,0,0,0,0,,,,,
C.J. Board,WR,NYG,2,WAS,0,0,0,0,0,6,0,1,0,0,0,0,0,0,0,0,0,0,0,0,0,0,,,,,
C.J. Uzomah,TE,CIN,2,CHI,0,0,0,0,0,0,0,0,2,4,0,2,0,0,0,0,0,0,0,0,0,0,,,,,
CAR,DEF,CAR,2,NO,,,,,,,,,,,,,,,,,,,,,,,0,0,0,0,7.0
CHI,DEF,CHI,2,CIN,,,,,,,,,,,,,,,,,,,,,,,1,0,0,0,17.0
CIN,DEF,CIN,2,CHI,,,,,,,,,,,,,,,,,,,,,,,0,0,0,0,20.0
CLE,DEF,CLE,2,HOU,,,,,,,,,,,,,,,,,,,,,,,0,0,0,0,21.0
Cairo Santos,K,CHI,2,CIN,0,0,0,0,0,0,0,0,0,0,0,0,0,0,0,0,2,0,0,0,0,2,,,,,
Calvin Ridley,WR,ATL,2,TB,0,0,0,0,0,0,0,0,7,63,1,10,0,0,0,0,0,0,0,0,0,0,,,,,
Cameron Brate,TE,TB,2,ATL,0,0,0,0,0,0,0,0,1,8,0,1,0,0,0,0,0,0,0,0,0,0,,,,,
Carlos Hyde,RB,JAX,2,DEN,0,0,0,0,0,7,0,2,0,0,0,2,0,0,0,0,0,0,0,0,0,0,,,,,
Carson Wentz,QB,IND,2,LA,247,1,31,20,1,37,0,5,0,0,0,0,0,0,1,0,0,0,0,0,0,0,,,,,
Cedrick Wilson Jr.,WR,DAL,2,LAC,0,0,0,0,0,5,0,1,2,20,0,2,0,0,0,0,0,0,0,0,0,0,,,,,
CeeDee Lamb,WR,DAL,2,LAC,0,0,0,0,0,13,0,1,8,81,0,9,0,0,0,0,0,0,0,0,0,0,,,,,
Cethan Carter,TE,MIA,2,BUF,0,0,0,0,0,0,0,0,1,8,0,1,0,0,0,0,0,0,0,0,0,0,,,,,
Chase Claypool,WR,PIT,2,LV,0,0,0,0,0,-3,0,1,3,70,0,9,0,0,0,0,0,0,0,0,0,0,,,,,
Chase Edmonds,RB,ARI,2,MIN,0,0,0,0,0,46,0,8,5,29,0,5,0,0,0,0,0,0,0,0,0,0,,,,,
Chase McLaughlin,K,CLE,2,HOU,0,0,0,0,0,0,0,0,0,0,0,0,0,0,0,0,0,1,0,0,0,4,,,,,
Chester Rogers,WR,TEN,2,SEA,0,0,0,0,0,0,0,0,2,22,0,5,0,0,0,0,0,0,0,0,0,0,,,,,
Chris Boswell,K,PIT,2,LV,0,0,0,0,0,0,0,0,0,0,0,0,0,0,0,0,0,0,0,1,0,2,,,,,
Chris Carson,RB,SEA,2,TEN,0,0,0,0,0,31,2,13,0,0,0,0,0,0,0,0,0,0,0,0,0,0,,,,,
Chris Conley,WR,HOU,2,CLE,0,0,0,0,0,0,0,0,1,13,0,2,0,0,0,0,0,0,0,0,0,0,,,,,
Chris Evans,RB,CIN,2,CHI,0,0,0,0,0,0,0,0,1,14,0,1,0,0,0,0,0,0,0,0,0,0,,,,,
Chris Godwin Jr.,WR,TB,2,ATL,0,0,0,0,0,0,0,0,4,62,1,5,0,0,0,0,0,0,0,0,0,0,,,,,
Chris Hogan,WR,NO,2,CAR,0,0,0,0,0,0,0,0,1,16,0,3,0,0,0,0,0,0,0,0,0,0,,,,,
Chris Manhertz,TE,JAX,2,DEN,0,0,0,0,0,0,0,0,0,0,0,1,0,0,0,0,0,0,0,0,0,0,,,,,
Christian Blake,WR,ATL,2,TB,0,0,0,0,0,0,0,0,1,8,0,1,0,0,0,0,0,0,0,0,0,0,,,,,
Christian Kirk,WR,ARI,2,MIN,0,0,0,0,0,0,0,0,3,65,0,4,0,0,0,0,0,0,0,0,0,0,,,,,
Christian McCaffrey,RB,CAR,2,NO,0,0,0,0,0,72,1,24,5,65,0,6,0,0,0,0,0,0,0,0,0,0,,,,,
Chuba Hubbard,RB,CAR,2,NO,0,0,0,0,0,10,0,8,0,0,0,1,0,0,0,0,0,0,0,0,0,0,,,,,
Clyde Edwards-Helaire,RB,KC,2,BAL,0,0,0,0,0,46,0,13,0,0,0,0,0,0,0,0,0,0,0,0,0,0,,,,,
Cole Beasley,WR,BUF,2,MIA,0,0,0,0,0,0,0,0,4,36,0,4,0,0,0,0,0,0,0,0,0,0,,,,,
Cole Kmet,TE,CHI,2,CIN,0,0,0,0,0,0,0,0,1,0,0,1,0,0,0,0,0,0,0,0,0,0,,,,,
Cooper Kupp,WR,LA,2,IND,0,0,0,0,0,-5,0,1,9,163,2,11,0,0,0,0,0,0,0,0,0,0,,,,,
Cordarrelle Patterson,RB,ATL,2,TB,0,0,0,0,0,11,1,7,5,58,1,7,0,0,0,0,0,0,0,0,0,0,,,,,
Corey Davis,WR,NYJ,2,NE,0,0,0,0,0,0,0,0,2,8,0,5,0,0,0,0,0,0,0,0,0,0,,,,,
Courtland Sutton,WR,DEN,2,JAX,0,0,0,0,0,0,0,0,9,159,0,12,0,0,0,0,0,0,0,0,0,0,,,,,
D'Andre Swift,RB,DET,2,GB,0,0,0,0,0,37,0,8,4,41,0,5,0,0,0,0,0,0,0,0,0,0,,,,,
DAL,DEF,DAL,2,LAC,,,,,,,,,,,,,,,,,,,,,,,0,0,0,0,17.0
DEN,DEF,DEN,2,JAX,,,,,,,,,,,,,,,,,,,,,,,0,0,0,0,13.0
DET,DEF,DET,2,GB,,,,,,,,,,,,,,,,,,,,,,,0,0,0,0,35.0
DJ Chark,WR,JAX,2,DEN,0,0,0,0,0,0,0,0,1,19,0,4,0,0,0,0,0,0,0,0,0,0,,,,,
DJ Moore,WR,CAR,2,NO,0,0,0,0,0,0,0,0,8,79,1,11,0,0,0,0,0,0,0,0,0,0,,,,,
DK Metcalf,WR,SEA,2,TEN,0,0,0,0,0,0,0,0,6,53,0,11,0,0,0,0,0,0,0,0,0,0,,,,,
Dak Prescott,QB,DAL,2,LAC,237,0,27,23,1,0,0,0,0,0,0,0,0,0,0,0,0,0,0,0,0,0,,,,,
Dallas Goedert,TE,PHI,2,SF,0,0,0,0,0,0,0,0,2,24,0,2,0,0,0,0,0,0,0,0,0,0,,,,,
Dalton Schultz,TE,DAL,2,LAC,0,0,0,0,0,0,0,0,2,18,0,2,0,0,0,0,0,0,0,0,0,0,,,,,
Dalvin Cook,RB,MIN,2,ARI,0,0,0,0,0,131,0,22,2,17,0,3,0,0,0,0,0,0,0,0,0,0,,,,,
Damien Harris,RB,NE,2,NYJ,0,0,0,0,0,62,1,16,1,2,0,1,0,0,0,0,0,0,0,0,0,0,,,,,
Damien Williams,RB,CHI,2,CIN,0,0,0,0,0,6,0,2,2,-2,0,3,0,0,0,0,0,0,0,0,0,0,,,,,
Dan Arnold,TE,CAR,2,NO,0,0,0,0,0,0,0,0,3,55,0,4,0,0,0,0,0,0,0,0,0,0,,,,,
Daniel Carlson,K,LV,2,PIT,0,0,0,0,0,0,0,0,0,0,0,0,0,0,0,0,0,1,3,0,0,2,,,,,
Daniel Jones,QB,NYG,2,WAS,249,1,32,22,0,95,1,9,0,0,0,0,0,0,0,0,0,0,0,0,0,0,,,,,
Danny Amendola,WR,HOU,2,CLE,0,0,0,0,0,0,0,0,1,9,0,1,0,0,0,0,0,0,0,0,0,0,,,,,
Darius Slayton,WR,NYG,2,WAS,0,0,0,0,0,0,0,0,3,54,1,6,0,0,0,0,0,0,0,0,0,0,,,,,
Darnell Mooney,WR,CHI,2,CIN,0,0,0,0,0,0,0,0,6,66,0,8,0,0,0,0,0,0,0,0,0,0,,,,,
Darrel Williams,RB,KC,2,BAL,0,0,0,0,0,-2,1,3,0,0,0,0,0,0,0,0,0,0,0,0,0,0,,,,,
Darrell Daniels,TE,ARI,2,MIN,0,0,0,0,0,0,0,0,0,0,0,0,0,0,0,0,0,0,0,0,0,0,,,,,
Darrell Henderson,RB,LA,2,IND,0,0,0,0,0,53,1,13,3,29,0,5,0,0,0,0,0,0,0,0,0,0,,,,,
Darren Waller,TE,LV,2,PIT,0,0,0,0,0,0,0,0,5,65,0,7,0,0,0,0,0,0,0,0,0,0,,,,,
Davante Adams,WR,GB,2,DET,0,0,0,0,0,0,0,0,8,121,0,9,0,0,0,0,0,0,0,0,0,0,,,,,
David Johnson,RB,HOU,2,CLE,0,0,0,0,0,25,0,6,2,22,0,2,0,0,0,0,0,0,0,0,0,0,,,,,
David Montgomery,RB,CHI,2,CIN,0,0,0,0,0,61,0,20,3,18,0,4,0,0,0,0,0,0,0,0,0,0,,,,,
David Njoku,TE,CLE,2,HOU,0,0,0,0,0,0,0,0,2,18,0,3,0,0,0,0,0,0,0,0,0,0,,,,,
Davis Mills,QB,HOU,2,CLE,102,1,18,8,1,-1,0,2,0,0,0,0,0,0,0,0,0,0,0,0,0,0,,,,,
Dawson Knox,TE,BUF,2,MIA,0,0,0,0,0,0,0,0,2,17,1,3,0,0,0,0,0,0,0,0,0,0,,,,,
DeAndre Carter,WR,WAS,2,NYG,0,0,0,0,0,2,0,1,0,0,0,0,0,0,0,0,0,0,0,0,0,0,,,,,
DeAndre Hopkins,WR,ARI,2,MIN,0,0,0,0,0,0,0,0,4,54,1,4,0,0,0,0,0,0,0,0,0,0,,,,,
DeVante Parker,WR,MIA,2,BUF,0,0,0,0,0,0,0,0,5,42,0,9,0,0,0,0,0,0,0,0,0,0,,,,,
DeVonta Smith,WR,PHI,2,SF,0,0,0,0,0,0,0,0,2,16,0,7,0,0,0,0,0,0,0,0,0,0,,,,,
Dede Westbrook,WR,MIN,2,ARI,0,0,0,0,0,0,0,0,0,0,0,0,0,0,0,0,0,0,0,0,0,0,,,,,
DeeJay Dallas,RB,SEA,2,TEN,0,0,0,0,0,0,0,0,0,0,0,0,0,0,0,0,0,0,0,0,0,0,,,,,
Deebo Samuel Sr.,WR,SF,2,PHI,0,0,0,0,0,8,0,2,6,93,0,8,0,0,0,0,0,0,0,0,0,0,,,,,
Demarcus Robinson,WR,KC,2,BAL,0,0,0,0,0,0,0,0,3,46,1,4,0,0,0,0,0,0,0,0,0,0,,,,,
Demetric Felton,RB,CLE,2,HOU,0,0,0,0,0,0,0,0,2,51,1,2,0,0,0,0,0,0,0,0,0,0,,,,,
Demetrius Harris,TE,ARI,2,MIN,0,0,0,0,0,0,0,0,0,0,0,0,0,0,0,0,0,0,0,0,0,0,,,,,
Deonte Harty,WR,NO,2,CAR,0,0,0,0,0,1,0,1,1,9,0,2,0,0,0,0,0,0,0,0,0,0,,,,,
Derek Carr,QB,LV,2,PIT,382,2,37,28,0,9,0,4,0,0,0,0,0,0,0,0,0,0,0,0,0,0,,,,,
Derek Carrier,TE,LV,2,PIT,0,0,0,0,0,0,0,0,2,13,0,2,0,0,0,0,0,0,0,0,0,0,,,,,
Derrick Henry,RB,TEN,2,SEA,0,0,0,0,0,182,3,35,6,55,0,6,0,0,0,0,0,0,0,0,0,0,,,,,
Devin Duvernay,WR,BAL,2,KC,0,0,0,0,0,0,0,0,0,0,0,0,0,1,0,0,0,0,0,0,0,0,,,,,
Devin Singletary,RB,BUF,2,MIA,0,0,0,0,0,82,1,13,2,9,0,3,0,0,0,0,0,0,0,0,0,0,,,,,
Devonta Freeman,RB,BAL,2,KC,0,0,0,0,0,29,0,2,0,0,0,0,0,0,0,0,0,0,0,0,0,0,,,,,
Devontae Booker,RB,NYG,2,WAS,0,0,0,0,0,9,0,2,1,2,0,1,0,0,0,0,0,0,0,0,0,0,,,,,
Diontae Johnson,WR,PIT,2,LV,0,0,0,0,0,0,0,0,9,105,0,12,0,0,0,0,0,0,0,0,0,0,,,,,
Diontae Spencer,WR,DEN,2,JAX,0,0,0,0,0,0,0,0,0,0,0,0,0,0,0,0,0,0,0,0,0,0,,,,,
Donovan Peoples-Jones,WR,CLE,2,HOU,0,0,0,0,0,0,0,0,1,14,0,1,0,0,0,0,0,0,0,0,0,0,,,,,
Durham Smythe,TE,MIA,2,BUF,0,0,0,0,0,0,0,0,0,0,0,0,0,0,0,0,0,0,0,0,0,0,,,,,
Dustin Hopkins,K,WAS,2,NYG,0,0,0,0,0,0,0,0,0,0,0,0,0,0,0,0,0,1,2,0,0,3,,,,,
Dwayne Washington,RB,NO,2,CAR,0,0,0,0,0,0,0,0,0,0,0,0,0,0,0,0,0,0,0,0,0,0,,,,,
Dyami Brown,WR,WAS,2,NYG,0,0,0,0,0,0,0,0,3,34,0,6,0,0,0,0,0,0,0,0,0,0,,,,,
Elijah Mitchell,RB,SF,2,PHI,0,0,0,0,0,42,0,17,2,11,0,2,0,0,0,0,0,0,0,0,0,0,,,,,
Elijah Moore,WR,NYJ,2,NE,0,0,0,0,0,0,0,0,4,47,0,8,0,0,0,0,0,0,0,0,0,0,,,,,
Emmanuel Sanders,WR,BUF,2,MIA,0,0,0,0,0,0,0,0,2,48,0,6,0,0,0,0,0,0,0,0,0,0,,,,,
Equanimeous St. Brown,WR,GB,2,DET,0,0,0,0,0,0,0,0,1,0,0,1,0,0,0,0,0,0,0,0,0,0,,,,,
Eric Ebron,TE,PIT,2,LV,0,0,0,0,0,0,0,0,0,0,0,2,0,0,0,0,0,0,0,0,0,0,,,,,
Eric Saubert,TE,DEN,2,JAX,0,0,0,0,0,0,0,0,1,7,0,1,0,0,0,0,0,0,0,0,0,0,,,,,
Evan McPherson,K,CIN,2,CHI,0,0,0,0,0,0,0,0,0,0,0,0,0,0,0,0,0,0,0,1,0,2,,,,,
Ezekiel Elliott,RB,DAL,2,LAC,0,0,0,0,0,71,1,16,2,26,0,2,0,0,0,0,0,0,0,0,0,0,,,,,
Foster Moreau,TE,LV,2,PIT,0,0,0,0,0,0,0,0,2,34,1,3,0,0,0,0,0,0,0,0,0,0,,,,,
Freddie Swain,WR,SEA,2,TEN,0,0,0,0,0,5,0,1,5,95,1,5,0,0,0,0,0,0,0,0,0,0,,,,,
GB,DEF,GB,2,DET,,,,,,,,,,,,,,,,,,,,,,,0,0,0,0,17.0
Gary Brightwell,RB,NYG,2,WAS,0,0,0,0,0,0,0,0,0,0,0,0,0,0,0,0,0,0,0,0,0,0,,,,,
Geoff Swaim,TE,TEN,2,SEA,0,0,0,0,0,0,0,0,2,10,0,2,0,0,0,0,0,0,0,0,0,0,,,,,
George Kittle,TE,SF,2,PHI,0,0,0,0,0,0,0,0,4,17,0,4,0,0,0,0,0,0,0,0,0,0,,,,,
Gerald Everett,TE,SEA,2,TEN,0,0,0,0,0,0,0,0,1,3,0,2,0,0,0,0,0,0,0,0,0,0,,,,,
Giovani Bernard,RB,TB,2,ATL,0,0,0,0,0,0,0,0,2,16,0,2,0,0,0,0,0,0,0,0,0,0,,,,,
Giovanni Ricci,TE,CAR,2,NO,0,0,0,0,0,0,0,0,0,0,0,0,0,0,0,0,0,0,0,0,0,0,,,,,
Godwin Igwebuike,RB,DET,2,GB,0,0,0,0,0,0,0,0,0,0,0,0,0,0,0,0,0,0,0,0,0,0,,,,,
Graham Gano,K,NYG,2,WAS,0,0,0,0,0,0,0,0,0,0,0,0,0,0,0,0,1,1,1,2,0,2,,,,,
Greg Joseph,K,MIN,2,ARI,0,0,0,0,0,0,0,0,0,0,0,0,0,0,0,0,0,0,0,2,0,3,,,,,
Greg Ward,WR,PHI,2,SF,0,0,1,0,0,0,0,0,0,0,0,0,0,0,0,0,0,0,0,0,0,0,,,,,
Greg Zuerlein,K,DAL,2,LAC,0,0,0,0,0,0,0,0,0,0,0,0,0,0,0,0,0,1,0,1,0,2,,,,,
Gunner Olszewski,WR,NE,2,NYJ,0,0,0,0,0,0,0,0,0,0,0,0,0,0,0,0,0,0,0,0,0,0,,,,,
HOU,DEF,HOU,2,CLE,,,,,,,,,,,,,,,,,,,,,,,0,0,0,0,31.0
Harrison Bryant,TE,CLE,2,HOU,0,0,0,0,0,0,0,0,4,49,0,4,0,0,0,0,0,0,0,0,0,0,,,,,
Harrison Butker,K,KC,2,BAL,0,0,0,0,0,0,0,0,0,0,0,0,0,0,0,0,0,0,0,0,0,5,,,,,
Hayden Hurst,TE,ATL,2,TB,0,0,0,0,0,0,0,0,1,6,0,1,0,0,0,0,0,0,0,0,0,0,,,,,
Henry Ruggs III,WR,LV,2,PIT,0,0,0,0,0,2,0,1,5,113,1,7,0,0,0,0,0,0,0,0,0,0,,,,,
Hunter Henry,TE,NE,2,NYJ,0,0,0,0,0,0,0,0,2,42,0,4,0,0,0,0,0,0,0,0,0,0,,,,,
Hunter Renfrow,WR,LV,2,PIT,0,0,0,0,0,0,0,0,5,57,0,7,0,0,0,0,0,0,0,0,0,0,,,,,
IND,DEF,IND,2,LA,,,,,,,,,,,,,,,,,,,,,,,0,0,0,0,27.0
Ian Thomas,TE,CAR,2,NO,0,0,0,0,0,0,0,0,1,7,0,2,0,0,0,0,0,0,0,0,0,0,,,,,
Ihmir Smith-Marsette,WR,MIN,2,ARI,0,0,0,0,0,0,0,0,0,0,0,0,0,0,0,0,0,0,0,0,0,0,,,,,
Isaiah McKenzie,WR,BUF,2,MIA,0,0,0,0,0,0,0,0,1,1,0,2,0,0,0,0,0,0,0,0,0,0,,,,,
J.D. McKissic,RB,WAS,2,NYG,0,0,0,0,0,10,1,4,5,83,0,6,0,0,0,0,0,0,0,0,0,0,,,,,
J.J. Taylor,RB,NE,2,NYJ,0,0,0,0,0,3,0,2,0,0,0,0,0,0,0,0,0,0,0,0,0,0,,,,,
JAX,DEF,JAX,2,DEN,,,,,,,,,,,,,,,,,,,,,,,0,0,0,0,23.0
Ja'Marr Chase,WR,CIN,2,CHI,0,0,0,0,0,0,0,0,2,54,1,4,0,0,0,0,0,0,0,0,0,0,,,,,
JaMycal Hasty,RB,SF,2,PHI,0,0,0,0,0,38,0,5,4,21,0,5,0,0,0,0,0,0,0,0,0,0,,,,,
Jack Doyle,TE,IND,2,LA,0,0,0,0,0,0,0,0,5,64,0,8,0,0,1,0,0,0,0,0,0,0,,,,,
Jack Stoll,TE,PHI,2,SF,0,0,0,0,0,0,0,0,0,0,0,0,0,0,0,0,0,0,0,0,0,0,,,,,
Jacob Eason,QB,IND,2,LA,25,0,5,2,1,0,0,0,0,0,0,0,0,0,0,0,0,0,0,0,0,0,,,,,
Jacoby Brissett,QB,MIA,2,BUF,169,0,40,24,1,8,0,4,0,0,0,0,0,0,0,0,0,0,0,0,0,0,,,,,
Jake Elliott,K,PHI,2,SF,0,0,0,0,0,0,0,0,0,0,0,0,0,0,0,0,0,0,1,0,0,0,,,,,
Jake Funk,RB,LA,2,IND,0,0,0,0,0,0,0,0,0,0,0,0,0,0,0,0,0,0,0,0,0,0,,,,,
Jake Kumerow,WR,BUF,2,MIA,0,0,0,0,0,0,0,0,0,0,0,1,0,0,0,0,0,0,0,0,0,0,,,,,
Jakeem Grant,WR,MIA,2,BUF,0,0,0,0,0,0,0,0,1,0,0,1,0,0,0,0,0,0,0,0,0,0,,,,,
Jakobi Meyers,WR,NE,2,NYJ,0,0,0,0,0,0,0,0,4,38,0,6,0,0,0,0,0,0,0,0,0,0,,,,,
Jalen Guyton,WR,LAC,2,DAL,0,0,0,0,0,9,0,1,2,13,0,2,0,0,0,0,0,0,0,0,0,0,,,,,
Jalen Hurts,QB,PHI,2,SF,190,0,23,12,0,82,1,10,0,0,0,1,0,0,0,0,0,0,0,0,0,0,,,,,
Jalen Reagor,WR,PHI,2,SF,0,0,0,0,0,0,0,0,2,5,0,5,0,0,0,0,0,0,0,0,0,0,,,,,
Jamaal Williams,RB,DET,2,GB,0,0,0,0,0,25,0,7,3,12,0,3,0,0,0,0,0,0,0,0,0,0,,,,,
Jamal Agnew,WR,JAX,2,DEN,0,0,0,0,0,0,0,0,0,0,0,0,1,0,0,0,0,0,0,0,0,0,,,,,
Jameis Winston,QB,NO,2,CAR,111,0,22,11,2,19,1,3,0,0,0,0,0,0,0,0,0,0,0,0,0,0,,,,,
James Conner,RB,ARI,2,MIN,0,0,0,0,0,26,0,8,0,0,0,0,0,0,0,0,0,0,0,0,0,0,,,,,
James O'Shaughnessy,TE,JAX,2,DEN,0,0,0,0,0,0,0,0,1,24,0,1,0,0,0,0,0,0,0,0,0,0,,,,,
James Robinson,RB,JAX,2,DEN,0,0,0,0,0,47,0,11,3,17,0,3,0,0,0,0,0,0,0,0,0,0,,,,,
James Washington,WR,PIT,2,LV,0,0,0,0,0,0,0,0,0,0,0,1,0,0,0,0,0,0,0,0,0,0,,,,,
James White,RB,NE,2,NYJ,0,0,0,0,0,20,1,5,6,45,0,6,0,0,0,0,0,0,0,0,0,0,,,,,
Jared Cook,TE,LAC,2,DAL,0,0,0,0,0,0,0,0,3,28,0,5,0,0,0,0,0,0,0,0,0,0,,,,,
Jared Goff,QB,DET,2,GB,246,2,36,26,1,46,0,4,0,0,0,0,0,0,0,0,0,0,0,0,0,0,,,,,
Jaret Patterson,RB,WAS,2,NYG,0,0,0,0,0,0,0,0,0,0,0,0,0,0,0,0,0,0,0,0,0,0,,,,,
Jarvis Landry,WR,CLE,2,HOU,0,0,0,0,0,0,0,0,1,9,0,1,0,0,0,0,0,0,0,0,0,0,,,,,
Jason Myers,K,SEA,2,TEN,0,0,0,0,0,0,0,0,0,0,0,0,0,0,0,0,0,1,0,0,0,3,,,,,
Jason Sanders,K,MIA,2,BUF,0,0,0,0,0,0,0,0,0,0,0,0,0,0,0,0,0,0,0,0,0,0,,,,,
Jauan Jennings,WR,SF,2,PHI,0,0,0,0,0,0,0,0,2,17,1,2,0,0,0,0,0,0,0,0,0,0,,,,,
Javonte Williams,RB,DEN,2,JAX,0,0,0,0,0,64,0,13,1,10,0,1,0,0,0,0,0,0,0,0,0,0,,,,,
Jaydon Mickens,WR,TB,2,ATL,0,0,0,0,0,0,0,0,0,0,0,0,0,0,0,0,0,0,0,0,0,0,,,,,
Jaylen Waddle,WR,MIA,2,BUF,0,0,0,0,0,0,0,0,6,48,0,8,0,0,0,0,0,0,0,0,0,0,,,,,
Jeff Smith,WR,NYJ,2,NE,0,0,0,0,0,0,0,0,1,35,0,2,0,0,0,0,0,0,0,0,0,0,,,,,
Jeremy McNichols,RB,TEN,2,SEA,0,0,0,0,0,3,0,1,3,26,0,3,0,0,0,0,0,0,0,0,0,0,,,,,
Jerick McKinnon,RB,KC,2,BAL,0,0,0,0,0,0,0,0,1,14,0,1,0,0,0,0,0,0,0,0,0,0,,,,,
Jimmy Garoppolo,QB,SF,2,PHI,189,1,30,22,0,20,1,11,0,0,0,0,0,0,0,0,0,0,0,0,0,0,,,,,
Joe Burrow,QB,CIN,2,CHI,207,2,30,19,3,0,0,0,0,0,0,0,0,0,0,0,0,0,0,0,0,0,,,,,
Joe Mixon,RB,CIN,2,CHI,0,0,0,0,0,69,0,20,1,2,0,2,0,0,0,0,0,0,0,0,0,0,,,,,
Joey Slye,K,HOU,2,CLE,0,0,0,0,0,0,0,0,0,0,0,0,0,0,0,0,0,0,0,0,0,3,,,,,
Jonathan Taylor,RB,IND,2,LA,0,0,0,0,0,51,0,15,1,2,0,1,0,0,0,0,0,0,0,0,0,0,,,,,
Jonnu Smith,TE,NE,2,NYJ,0,0,0,0,0,0,0,0,4,28,0,5,0,0,0,0,0,0,0,0,0,0,,,,,
Jordan Akins,TE,HOU,2,CLE,0,0,0,0,0,0,0,0,1,17,0,2,0,0,0,0,0,0,0,0,0,0,,,,,
Jordan Love,QB,GB,2,DET,0,0,0,0,0,-3,0,3,0,0,0,0,0,0,0,0,0,0,0,0,0,0,,,,,
Joseph Fortson,TE,KC,2,BAL,0,0,0,0,0,0,0,0,1,11,0,1,0,0,0,0,0,0,0,0,0,0,,,,,
Josh Allen,QB,BUF,2,MIA,179,2,33,17,1,35,0,5,0,0,0,0,0,0,0,0,0,0,0,0,0,0,,,,,
Josh Lambo,K,JAX,2,DEN,0,0,0,0,0,0,0,0,0,0,0,0,0,0,0,0,0,0,0,0,0,1,,,,,
Josh Oliver,TE,BAL,2,KC,0,0,0,0,0,0,0,0,1,9,0,1,0,0,0,0,0,0,0,0,0,0,,,,,
Josh Palmer,WR,LAC,2,DAL,0,0,0,0,0,0,0,0,2,21,0,2,0,0,0,0,0,0,0,0,0,0,,,,,
Josh Reynolds,WR,TEN,2,SEA,0,0,0,0,0,0,0,0,0,0,0,0,0,0,0,0,0,0,0,0,0,0,,,,,
Josh Rosen,QB,ATL,2,TB,0,0,2,0,0,0,0,0,0,0,0,0,0,0,0,0,0,0,0,0,0,0,,,,,
JuJu Smith-Schuster,WR,PIT,2,LV,0,0,0,0,0,3,1,1,6,41,0,7,0,0,0,0,0,0,0,0,0,0,,,,,
Julio Jones,WR,TEN,2,SEA,0,0,0,0,0,0,0,0,6,128,0,8,0,0,0,0,0,0,0,0,0,0,,,,,
Justin Fields,QB,CHI,2,CIN,60,0,13,6,1,31,0,10,0,0,0,0,0,0,0,0,0,0,0,0,0,0,,,,,
Justin Herbert,QB,LAC,2,DAL,338,1,41,31,2,12,0,4,0,0,0,0,0,0,0,0,0,0,0,0,0,0,,,,,
Justin Jackson,RB,LAC,2,DAL,0,0,0,0,0,21,0,4,1,8,0,1,0,0,0,0,0,0,0,0,0,0,,,,,
Justin Jefferson,WR,MIN,2,ARI,0,0,0,0,0,0,0,0,6,65,1,10,0,0,0,0,0,0,0,0,0,0,,,,,
Justin Tucker,K,BAL,2,KC,0,0,0,0,0,0,0,0,0,0,0,0,0,0,0,0,0,0,1,0,0,3,,,,,
Juwan Johnson,TE,NO,2,CAR,0,0,0,0,0,0,0,0,1,23,0,3,0,0,0,0,0,0,0,0,0,0,,,,,
K.J. Hill,WR,LAC,2,DAL,0,0,0,0,0,0,0,0,0,0,0,0,0,0,0,0,0,0,0,0,0,0,,,,,
K.J. Osborn,WR,MIN,2,ARI,0,0,0,0,0,0,0,0,5,91,1,6,0,0,0,0,0,0,0,0,0,0,,,,,
KC,DEF,KC,2,BAL,,,,,,,,,,,,,,,,,,,,,,,1,0,0,0,36.0
KJ Hamler,WR,DEN,2,JAX,0,0,0,0,0,0,0,0,1,5,0,3,0,0,0,0,0,0,0,0,0,0,,,,,
Kaden Smith,TE,NYG,2,WAS,0,0,0,0,0,0,0,0,2,24,0,2,0,0,0,0,0,0,0,0,0,0,,,,,
Kalif Raymond,WR,DET,2,GB,0,0,0,0,0,0,0,0,2,18,0,2,0,0,0,0,0,0,0,0,0,0,,,,,
Kareem Hunt,RB,CLE,2,HOU,0,0,0,0,0,51,0,13,1,2,0,1,0,0,0,0,0,0,0,0,0,0,,,,,
Keenan Allen,WR,LAC,2,DAL,0,0,0,0,0,0,0,0,4,108,0,8,0,0,0,0,0,0,0,0,0,0,,,,,
Kendall Hinton,WR,DEN,2,JAX,0,0,0,0,0,0,0,0,1,15,0,1,0,0,0,0,0,0,0,0,0,0,,,,,
Kendrick Bourne,WR,NE,2,NYJ,0,0,0,0,0,16,0,1,2,10,0,3,0,0,0,0,0,0,0,0,0,0,,,,,
Kenny Gainwell,RB,PHI,2,SF,0,0,0,0,0,14,0,6,2,18,0,3,0,0,1,0,0,0,0,0,0,0,,,,,
Kenny Golladay,WR,NYG,2,WAS,0,0,0,0,0,0,0,0,3,38,0,8,0,0,0,0,0,0,0,0,0,0,,,,,
Kenyan Drake,RB,LV,2,PIT,0,0,0,0,0,9,0,7,5,46,0,6,0,0,0,0,0,0,0,0,0,0,,,,,
Kirk Cousins,QB,MIN,2,ARI,244,3,32,22,0,35,0,2,0,0,0,0,0,0,0,0,0,0,0,0,0,0,,,,,
Kyle Juszczyk,RB,SF,2,PHI,0,0,0,0,0,2,0,1,2,15,0,3,0,0,0,0,0,0,0,0,0,0,,,,,
Kyle Pitts,TE,ATL,2,TB,0,0,0,0,0,0,0,0,5,73,0,6,0,0,0,0,0,0,0,0,0,0,,,,,
Kyle Rudolph,TE,NYG,2,WAS,0,0,0,0,0,0,0,0,2,25,0,2,0,0,0,0,0,0,0,0,0,0,,,,,
Kyler Murray,QB,ARI,2,MIN,400,3,36,29,2,31,1,5,0,0,0,0,0,0,0,0,0,0,0,0,0,0,,,,,
Kylin Hill,RB,GB,2,DET,0,0,0,0,0,8,0,2,0,0,0,0,0,0,0,0,0,0,0,0,0,0,,,,,
LA,DEF,LA,2,IND,,,,,,,,,,,,,,,,,,,,,,,0,0,0,0,24.0
LAC,DEF,LAC,2,DAL,,,,,,,,,,,,,,,,,,,,,,,0,0,0,0,20.0
LV,DEF,LV,2,PIT,,,,,,,,,,,,,,,,,,,,,,,0,0,0,0,17.0
Lamar Jackson,QB,BAL,2,KC,239,1,26,18,2,107,2,16,0,0,0,0,0,0,0,0,0,0,0,0,0,0,,,,,
Laquon Treadwell,WR,JAX,2,DEN,0,0,0,0,0,0,0,0,0,0,0,1,0,0,0,0,0,0,0,0,0,0,,,,,
Larry Rountree III,RB,LAC,2,DAL,0,0,0,0,0,-1,0,1,1,-1,0,1,0,0,0,0,0,0,0,0,0,0,,,,,
Latavius Murray,RB,BAL,2,KC,0,0,0,0,0,36,1,9,0,0,0,0,0,0,0,0,0,0,0,0,0,0,,,,,
Laviska Shenault Jr.,WR,JAX,2,DEN,0,0,0,0,0,0,0,1,2,-3,0,7,0,0,0,0,0,0,0,0,0,0,,,,,
Lee Smith,TE,ATL,2,TB,0,0,0,0,0,0,0,0,1,9,0,1,0,0,0,0,0,0,0,0,0,0,,,,,
Leonard Fournette,RB,TB,2,ATL,0,0,0,0,0,52,0,11,4,24,0,4,0,0,0,0,0,0,0,0,0,0,,,,,
Lil'Jordan Humphrey,WR,NO,2,CAR,0,0,0,0,0,0,0,0,1,27,0,2,0,0,0,0,0,0,0,0,0,0,,,,,
Logan Thomas,TE,WAS,2,NYG,0,0,0,0,0,0,0,0,5,45,0,7,0,0,0,0,0,0,0,0,0,0,,,,,
Luke Farrell,TE,JAX,2,DEN,0,0,0,0,0,0,0,0,1,6,0,2,0,0,0,0,0,0,0,0,0,0,,,,,
MIA,DEF,MIA,2,BUF,,,,,,,,,,,,,,,,,,,,,,,0,0,0,0,35.0
MIN,DEF,MIN,2,ARI,,,,,,,,,,,,,,,,,,,,,,,1,0,0,0,34.0
Mac Jones,QB,NE,2,NYJ,186,0,30,22,0,0,0,0,0,0,0,0,0,0,0,0,0,0,0,0,0,0,,,,,
Mack Hollins,WR,MIA,2,BUF,0,0,0,0,0,0,0,0,0,0,0,0,0,0,0,0,0,0,0,0,0,0,,,,,
Malcolm Brown,RB,MIA,2,BUF,0,0,0,0,0,21,0,5,0,0,0,0,0,0,0,0,0,0,0,0,0,0,,,,,
Mark Andrews,TE,BAL,2,KC,0,0,0,0,0,0,0,0,5,57,0,5,0,0,0,0,0,0,0,0,0,0,,,,,
Mark Ingram,RB,HOU,2,CLE,0,0,0,0,0,41,0,14,1,-1,0,2,0,0,0,0,0,0,0,0,0,0,,,,,
Marlon Mack,RB,IND,2,LA,0,0,0,0,0,16,0,5,0,0,0,1,0,0,0,0,0,0,0,0,0,0,,,,,
Marquez Callaway,WR,NO,2,CAR,0,0,0,0,0,0,0,0,2,8,0,4,0,0,0,0,0,0,0,0,0,0,,,,,
Marquez Valdes-Scantling,WR,GB,2,DET,0,0,0,0,0,0,0,0,0,0,0,4,0,0,0,0,0,0,0,0,0,0,,,,,
Marquise Brown,WR,BAL,2,KC,0,0,0,0,0,0,0,0,6,113,1,10,0,0,0,0,0,0,0,0,0,0,,,,,
Marquise Goodwin,WR,CHI,2,CIN,0,0,0,0,0,0,0,0,1,10,0,3,0,0,0,0,0,0,0,0,0,0,,,,,
Marvin Jones,WR,JAX,2,DEN,0,0,0,0,0,0,0,0,6,55,1,11,0,0,0,0,0,0,0,0,0,0,,,,,
Mason Crosby,K,GB,2,DET,0,0,0,0,0,0,0,0,0,0,0,0,0,0,0,0,0,0,0,0,0,5,,,,,
Matt Ammendola,K,NYJ,2,NE,0,0,0,0,0,0,0,0,0,0,0,0,0,0,0,0,1,1,0,0,0,0,,,,,
Matt Gay,K,LA,2,IND,0,0,0,0,0,0,0,0,0,0,0,0,0,0,0,0,0,2,0,0,0,3,,,,,
Matt Prater,K,ARI,2,MIN,0,0,0,0,0,0,0,0,0,0,0,0,0,0,0,0,1,0,0,0,1,4,,,,,
Matt Ryan,QB,ATL,2,TB,300,2,46,35,3,3,0,2,0,0,0,0,0,0,1,0,0,0,0,0,0,0,,,,,
Matthew Slater,WR,NE,2,NYJ,0,0,0,0,0,0,0,0,0,0,0,0,0,0,0,0,0,0,0,0,0,0,,,,,
Matthew Stafford,QB,LA,2,IND,278,2,30,19,1,1,0,2,0,0,0,0,0,0,0,0,0,0,0,0,0,0,,,,,
Maxx Williams,TE,ARI,2,MIN,0,0,0,0,0,0,0,0,7,94,0,7,0,0,0,0,0,0,0,0,0,0,,,,,
Mecole Hardman,WR,KC,2,BAL,0,0,0,0,0,0,0,0,5,55,0,8,0,0,0,0,0,0,0,0,0,0,,,,,
Melvin Gordon,RB,DEN,2,JAX,0,0,0,0,0,31,0,13,2,38,0,2,0,0,0,0,0,0,0,0,0,0,,,,,
Michael Carter,RB,NYJ,2,NE,0,0,0,0,0,59,0,11,2,29,0,3,0,0,0,0,0,0,0,0,0,0,,,,,
Michael Pittman,WR,IND,2,LA,0,0,0,0,0,0,0,0,8,123,0,12,0,0,0,0,0,0,0,0,0,0,,,,,
Mike Davis,RB,ATL,2,TB,0,0,0,0,0,38,0,9,7,25,0,7,0,0,0,0,0,0,0,0,0,0,,,,,
Mike Evans,WR,TB,2,ATL,0,0,0,0,0,0,0,0,5,75,2,9,0,0,0,0,0,0,0,0,0,0,,,,,
Mike Gesicki,TE,MIA,2,BUF,0,0,0,0,0,0,0,0,3,41,0,6,0,0,0,0,0,0,0,0,0,0,,,,,
Mike Strachan,WR,IND,2,LA,0,0,0,0,0,0,0,0,0,0,0,1,0,0,0,0,0,0,0,0,0,0,,,,,
Mike Williams,WR,LAC,2,DAL,0,0,0,0,0,0,0,0,7,91,1,10,0,0,0,0,0,0,0,0,0,0,,,,,
Miles Sanders,RB,PHI,2,SF,0,0,0,0,0,55,0,13,1,4,0,2,0,0,0,0,0,0,0,0,0,0,,,,,
Mitchell Trubisky,QB,BUF,2,MIA,0,0,0,0,0,-2,0,2,0,0,0,0,0,0,0,0,0,0,0,0,0,0,,,,,
Mo Alie-Cox,TE,IND,2,LA,0,0,0,0,0,0,0,0,1,18,0,2,0,0,0,0,0,0,0,0,0,0,,,,,
Mohamed Sanu,WR,SF,2,PHI,0,0,0,0,0,0,0,0,0,0,0,1,0,0,0,0,0,0,0,0,0,0,,,,,
MyCole Pruitt,TE,TEN,2,SEA,0,0,0,0,0,0,0,0,3,43,0,3,0,0,0,0,0,0,0,0,0,0,,,,,
Myles Gaskin,RB,MIA,2,BUF,0,0,0,0,0,25,0,5,4,21,0,5,0,0,0,0,0,0,0,0,0,0,,,,,
NE,DEF,NE,2,NYJ,,,,,,,,,,,,,,,,,,,,,,,0,0,0,0,6.0
NO,DEF,NO,2,CAR,,,,,,,,,,,,,,,,,,,,,,,0,0,0,0,26.0
NYG,DEF,NYG,2,WAS,,,,,,,,,,,,,,,,,,,,,,,0,0,0,0,30.0
NYJ,DEF,NYJ,2,NE,,,,,,,,,,,,,,,,,,,,,,,0,0,0,0,25.0
Najee Harris,RB,PIT,2,LV,0,0,0,0,0,38,0,10,5,43,1,5,0,0,0,0,0,0,0,0,0,0,,,,,
Nelson Agholor,WR,NE,2,NYJ,0,0,0,0,0,0,0,0,3,21,0,3,0,0,0,0,0,0,0,0,0,0,,,,,
Nick Chubb,RB,CLE,2,HOU,0,0,0,0,0,95,1,11,1,3,0,1,0,0,0,0,0,0,0,0,0,0,,,,,
Nick Folk,K,NE,2,NYJ,0,0,0,0,0,0,0,0,0,0,0,0,0,0,0,0,1,1,2,0,0,1,,,,,
Nick Westbrook-Ikhine,WR,TEN,2,SEA,0,0,0,0,0,0,0,0,1,6,0,1,0,0,0,0,0,0,0,0,0,0,,,,,
Nico Collins,WR,HOU,2,CLE,0,0,0,0,0,0,0,0,1,32,0,1,0,0,0,0,0,0,0,0,0,0,,,,,
Noah Fant,TE,DEN,2,JAX,0,0,0,0,0,0,0,0,4,33,1,6,0,0,0,0,0,0,0,0,0,0,,,,,
Nsimba Webster,WR,CHI,2,CIN,0,0,0,0,0,0,0,0,0,0,0,0,0,0,0,0,0,0,0,0,0,0,,,,,
Nyheim Hines,RB,IND,2,LA,0,0,0,0,0,5,0,1,1,17,0,2,0,0,0,0,0,0,0,0,0,0,,,,,
O.J. Howard,TE,TB,2,ATL,0,0,0,0,0,0,0,0,1,21,0,1,0,0,0,0,0,0,0,0,0,0,,,,,
Olamide Zaccheaus,WR,ATL,2,TB,0,0,0,0,0,0,0,0,2,22,0,4,0,0,0,0,0,0,0,0,0,0,,,,,
PHI,DEF,PHI,2,SF,,,,,,,,,,,,,,,,,,,,,,,0,0,0,0,17.0
PIT,DEF,PIT,2,LV,,,,,,,,,,,,,,,,,,,,,,,0,0,0,0,26.0
Parker Hesse,TE,ATL,2,TB,0,0,0,0,0,0,0,0,0,0,0,1,0,0,0,0,0,0,0,0,0,0,,,,,
Pat Freiermuth,TE,PIT,2,LV,0,0,0,0,0,0,0,0,4,36,0,4,0,0,0,0,0,0,0,0,0,0,,,,,
Patrick Mahomes,QB,KC,2,BAL,343,3,31,24,1,3,0,1,0,0,0,0,0,0,0,0,0,0,0,0,0,0,,,,,
Patrick Ricard,RB,BAL,2,KC,0,0,0,0,0,2,0,1,0,0,0,0,0,0,0,0,0,0,0,0,0,0,,,,,
Peyton Barber,RB,LV,2,PIT,0,0,0,0,0,32,0,13,0,0,0,0,0,0,0,0,0,0,0,0,0,0,,,,,
Pharaoh Brown,TE,HOU,2,CLE,0,0,0,0,0,0,0,0,0,0,0,1,0,0,0,0,0,0,0,0,0,0,,,,,
Phillip Lindsay,RB,HOU,2,CLE,0,0,0,0,0,2,0,5,1,22,1,1,0,0,0,0,0,0,0,0,0,0,,,,,
Preston Williams,WR,MIA,2,BUF,0,0,0,0,0,0,0,0,1,2,0,3,0,0,0,0,0,0,0,0,0,0,,,,,
Quez Watkins,WR,PHI,2,SF,0,0,0,0,0,0,0,0,2,117,0,2,0,0,0,0,0,0,0,0,0,0,,,,,
Quintez Cephus,WR,DET,2,GB,0,0,0,0,0,0,0,0,4,63,1,7,0,0,0,0,0,0,0,0,0,0,,,,,
Racey McMath,WR,TEN,2,SEA,0,0,0,0,0,0,0,0,0,0,0,0,0,0,0,0,0,0,0,0,0,0,,,,,
Randall Cobb,WR,GB,2,DET,0,0,0,0,0,0,0,0,3,26,0,3,0,0,0,0,0,0,0,0,0,0,,,,,
Randy Bullock,K,TEN,2,SEA,0,0,0,0,0,0,0,0,0,0,0,0,0,0,0,0,1,3,0,0,0,3,,,,,
Rashard Higgins,WR,CLE,2,HOU,0,0,0,0,0,0,0,0,2,27,0,2,0,0,0,0,0,0,0,0,0,0,,,,,
Ray-Ray McCloud,WR,PIT,2,LV,0,0,0,0,0,0,0,0,0,0,0,0,0,0,0,0,0,0,0,0,0,0,,,,,
Reggie Gilliam,RB,BUF,2,MIA,0,0,0,0,0,2,0,2,0,0,0,0,0,0,0,0,0,0,0,0,0,0,,,,,
Ricky Seals-Jones,TE,WAS,2,NYG,0,0,0,0,0,0,0,0,1,19,1,1,0,0,0,0,0,0,0,0,0,0,,,,,
Rob Gronkowski,TE,TB,2,ATL,0,0,0,0,0,0,0,0,4,39,2,5,0,0,0,0,0,0,0,0,0,0,,,,,
Robbie Chosen,WR,CAR,2,NO,0,0,0,0,0,0,0,0,3,38,0,6,0,0,0,0,0,0,0,0,0,0,,,,,
Robbie Gould,K,SF,2,PHI,0,0,0,0,0,0,0,0,0,0,0,0,0,0,0,0,0,0,1,0,0,2,,,,,
Robert Tonyan,TE,GB,2,DET,0,0,0,0,0,0,0,0,3,52,1,3,0,0,0,0,0,0,0,0,0,0,,,,,
Robert Woods,WR,LA,2,IND,0,0,0,0,0,6,0,2,5,64,0,9,0,0,0,0,0,0,0,0,0,0,,,,,
Rodrigo Blankenship,K,IND,2,LA,0,0,0,0,0,0,0,0,0,0,0,0,0,0,0,0,0,1,2,0,0,1,,,,,
Ronald Jones,RB,TB,2,ATL,0,0,0,0,0,27,0,6,1,9,0,3,0,0,0,0,0,0,0,0,0,0,,,,,
Rondale Moore,WR,ARI,2,MIN,0,0,0,0,0,0,0,0,7,114,1,8,0,0,0,0,0,0,0,0,0,0,,,,,
Russell Gage,WR,ATL,2,TB,0,0,0,0,0,0,0,0,5,28,0,7,0,0,0,0,0,0,0,0,0,0,,,,,
Russell Wilson,QB,SEA,2,TEN,343,2,31,22,0,16,0,3,0,0,0,0,0,0,0,0,0,0,0,0,0,0,,,,,
Ryan Griffin,TE,NYJ,2,NE,0,0,0,0,0,0,0,0,2,10,0,2,0,0,0,0,0,0,0,0,0,0,,,,,
Ryan Succop,K,TB,2,ATL,0,0,0,0,0,0,0,0,0,0,0,0,0,0,0,0,0,0,0,0,0,6,,,,,
Ryan Tannehill,QB,TEN,2,SEA,347,0,40,27,0,27,0,4,0,0,0,0,0,0,0,0,0,0,0,0,0,0,,,,,
SEA,DEF,SEA,2,TEN,,,,,,,,,,,,,,,,,,,,,,,0,0,0,0,33.0
SF,DEF,SF,2,PHI,,,,,,,,,,,,,,,,,,,,,,,0,0,0,0,11.0
Salvon Ahmed,RB,MIA,2,BUF,0,0,0,0,0,17,0,6,0,0,0,3,0,0,0,0,0,0,0,0,0,0,,,,,
Sam Darnold,QB,CAR,2,NO,305,2,38,26,1,7,0,1,0,0,0,0,0,0,0,0,0,0,0,0,0,0,,,,,
Samaje Perine,RB,CIN,2,CHI,0,0,0,0,0,0,0,0,0,0,0,1,0,0,0,0,0,0,0,0,0,0,,,,,
Sammy Watkins,WR,BAL,2,KC,0,0,0,0,0,0,0,0,4,44,0,7,0,0,0,0,0,0,0,0,0,0,,,,,
Saquon Barkley,RB,NYG,2,WAS,0,0,0,0,0,57,0,13,2,12,0,3,0,0,0,0,0,0,0,0,0,0,,,,,
Scott Miller,WR,TB,2,ATL,0,0,0,0,0,0,0,0,0,0,0,0,0,0,0,0,0,0,0,0,0,0,,,,,
Sony Michel,RB,LA,2,IND,0,0,0,0,0,46,0,10,0,0,0,0,0,0,0,0,0,0,0,0,0,0,,,,,
Stanley Morgan,WR,CIN,2,CHI,0,0,0,0,0,0,0,0,0,0,0,0,0,0,0,0,0,0,0,0,0,0,,,,,
Stefon Diggs,WR,BUF,2,MIA,0,0,0,0,0,0,0,0,4,60,1,8,0,0,0,0,0,0,0,0,0,0,,,,,
Stephen Anderson,TE,LAC,2,DAL,0,0,0,0,0,0,0,0,2,9,0,2,0,0,0,0,0,0,0,0,0,0,,,,,
Sterling Shepard,WR,NYG,2,WAS,0,0,0,0,0,-9,0,1,9,94,0,10,0,0,0,0,0,0,0,0,0,0,,,,,
T.J. Hockenson,TE,DET,2,GB,0,0,0,0,0,0,0,0,8,66,1,9,0,0,0,0,0,0,0,0,0,0,,,,,
TB,DEF,TB,2,ATL,,,,,,,,,,,,,,,,,,,,,,,2,0,0,0,25.0
TEN,DEF,TEN,2,SEA,,,,,,,,,,,,,,,,,,,,,,,0,0,0,0,30.0
Taiwan Jones,RB,BUF,2,MIA,0,0,0,0,0,0,0,0,0,0,0,0,0,0,0,0,0,0,0,0,0,0,,,,,
Tajae Sharpe,WR,ATL,2,TB,0,0,0,0,0,0,0,0,1,8,0,2,0,0,0,0,0,0,0,0,0,0,,,,,
Taylor Heinicke,QB,WAS,2,NYG,336,2,46,34,1,6,0,4,0,0,0,0,0,0,0,0,0,0,0,0,0,0,,,,,
Taysom Hill,TE,NO,2,CAR,0,0,0,0,0,16,0,2,0,0,0,0,0,0,0,0,0,0,0,0,0,0,,,,,
Teddy Bridgewater,QB,DEN,2,JAX,328,2,34,26,0,1,0,4,0,0,0,0,0,0,0,0,0,0,0,0,0,0,,,,,
Tee Higgins,WR,CIN,2,CHI,0,0,0,0,0,0,0,0,6,60,1,10,0,0,0,0,0,0,0,0,0,0,,,,,
Terrace Marshall Jr.,WR,CAR,2,NO,0,0,0,0,0,0,0,0,3,17,0,3,0,0,0,0,0,0,0,0,0,0,,,,,
Terry McLaurin,WR,WAS,2,NYG,0,0,0,0,0,0,0,0,11,107,1,14,0,0,0,0,0,0,0,0,0,0,,,,,
Tevin Coleman,RB,NYJ,2,NE,0,0,0,0,0,24,0,5,0,0,0,0,0,0,0,0,0,0,0,0,0,0,,,,,
Tim Patrick,WR,DEN,2,JAX,0,0,0,0,0,0,0,0,3,37,1,4,0,0,0,0,0,0,0,0,0,0,,,,,
Tom Brady,QB,TB,2,ATL,276,5,36,24,0,6,0,1,0,0,0,0,0,0,0,0,0,0,0,0,0,0,,,,,
Tommy Hudson,TE,TEN,2,SEA,0,0,0,0,0,0,0,0,1,14,0,2,0,0,0,0,0,0,0,0,0,0,,,,,
Tony Jones,RB,NO,2,CAR,0,0,0,0,0,7,0,3,0,0,0,0,0,0,0,0,0,0,0,0,0,0,,,,,
Tony Pollard,RB,DAL,2,LAC,0,0,0,0,0,109,1,13,3,31,0,3,0,0,0,0,0,0,0,0,0,0,,,,,
Travis Homer,RB,SEA,2,TEN,0,0,0,0,0,0,0,0,2,14,0,2,0,0,0,0,0,0,0,0,0,0,,,,,
Travis Kelce,TE,KC,2,BAL,0,0,0,0,0,0,0,0,7,109,1,8,0,0,0,0,0,0,0,0,0,0,,,,,
Trent Sherfield,WR,SF,2,PHI,0,0,0,0,0,0,0,0,1,9,0,3,0,0,0,0,0,0,0,0,0,0,,,,,
Trenton Cannon,RB,SF,2,PHI,0,0,0,0,0,-1,0,1,0,0,0,0,0,0,0,0,0,0,0,0,0,0,,,,,
Trevor Lawrence,QB,JAX,2,DEN,118,1,33,14,2,21,0,2,0,0,0,0,0,0,0,0,0,0,0,0,0,0,,,,,
Trey Sermon,RB,SF,2,PHI,0,0,0,0,0,8,0,1,0,0,0,0,0,0,0,0,0,0,0,0,0,0,,,,,
Trinity Benson,WR,DET,2,GB,0,0,0,0,0,0,0,0,1,24,0,3,0,0,0,0,0,0,0,0,0,0,,,,,
Tristan Vizcaino,K,LAC,2,DAL,0,0,0,0,0,0,0,0,0,0,0,0,0,0,0,0,1,1,1,0,0,0,,,,,
Tua Tagovailoa,QB,MIA,2,BUF,13,0,4,1,0,0,0,0,0,0,0,0,0,0,0,0,0,0,0,0,0,0,,,,,
Tutu Atwell,WR,LA,2,IND,0,0,0,0,0,0,0,0,0,0,0,0,0,0,0,0,0,0,0,0,0,0,,,,,
Ty Johnson,RB,NYJ,2,NE,0,0,0,0,0,50,0,12,0,0,0,0,0,0,0,0,0,0,0,0,0,0,,,,,
Ty Montgomery,WR,NO,2,CAR,0,0,0,0,0,0,0,0,1,3,0,1,0,0,0,0,0,0,0,0,0,0,,,,,
Ty'Son Williams,RB,BAL,2,KC,0,0,0,0,0,77,0,13,2,16,0,2,0,0,0,0,0,0,0,0,0,0,,,,,
Tyler Bass,K,BUF,2,MIA,0,0,0,0,0,0,0,0,0,0,0,0,0,0,0,0,0,0,0,0,0,5,,,,,
Tyler Boyd,WR,CIN,2,CHI,0,0,0,0,0,0,0,0,7,73,0,9,0,0,0,0,0,0,0,0,0,0,,,,,
Tyler Conklin,TE,MIN,2,ARI,0,0,0,0,0,0,0,0,2,15,0,4,0,0,0,0,0,0,0,0,0,0,,,,,
Tyler Higbee,TE,LA,2,IND,0,0,0,0,0,0,0,0,1,8,0,1,0,0,0,0,0,0,0,0,0,0,,,,,
Tyler Johnson,WR,TB,2,ATL,0,0,0,0,0,0,0,0,1,5,0,2,0,0,0,0,0,0,0,0,0,0,,,,,
Tyler Kroft,TE,NYJ,2,NE,0,0,0,0,0,0,0,0,1,8,0,2,0,0,0,0,0,0,0,0,0,0,,,,,
Tyler Lockett,WR,SEA,2,TEN,0,0,0,0,0,0,0,0,8,178,1,11,0,0,0,0,0,0,0,0,0,0,,,,,
Tyreek Hill,WR,KC,2,BAL,0,0,0,0,0,15,0,1,3,14,0,4,0,0,0,0,0,0,0,0,0,0,,,,,
Tyrod Taylor,QB,HOU,2,CLE,125,1,11,10,0,15,1,1,0,0,0,0,0,0,0,0,0,0,0,0,0,0,,,,,
Tyron Johnson,WR,JAX,2,DEN,0,0,0,0,0,0,0,0,0,0,0,1,0,0,0,0,0,0,0,0,0,0,,,,,
Van Jefferson,WR,LA,2,IND,0,0,0,0,0,0,0,0,1,14,0,3,0,0,0,0,0,0,0,0,0,0,,,,,
WAS,DEF,WAS,2,NYG,,,,,,,,,,,,,,,,,,,,,,,0,0,0,0,29.0
Willie Snead,WR,LV,2,PIT,0,0,0,0,0,0,0,0,1,14,0,1,0,0,0,0,0,0,0,0,0,0,,,,,
Younghoe Koo,K,ATL,2,TB,0,0,0,0,0,0,0,0,0,0,0,0,0,0,0,0,0,1,0,0,0,2,,,,,
Zach Ertz,TE,PHI,2,SF,0,0,0,0,0,0,0,0,1,6,0,2,0,0,0,0,0,0,0,0,0,0,,,,,
Zach Pascal,WR,IND,2,LA,0,0,0,0,0,0,0,0,5,38,1,6,0,0,0,0,0,0,0,0,0,0,,,,,
Zach Wilson,QB,NYJ,2,NE,210,0,33,19,4,19,0,3,0,0,0,0,0,0,0,0,0,0,0,0,0,0,,,,,
Zack Moss,RB,BUF,2,MIA,0,0,0,0,0,26,2,8,2,8,0,2,0,0,0,0,0,0,0,0,0,0,,,,,
Zane Gonzalez,K,CAR,2,NO,0,0,0,0,0,0,0,0,0,0,0,0,0,0,0,0,1,0,1,0,0,2,,,,,
A.J. Brown,WR,TEN,3,IND,0,0,0,0,0,3,0,1,0,0,0,2,0,0,0,0,0,0,0,0,0,0,,,,,
A.J. Green,WR,ARI,3,JAX,0,0,0,0,0,0,0,0,5,112,0,6,0,0,0,0,0,0,0,0,0,0,,,,,
AJ Dillon,RB,GB,3,SF,0,0,0,0,0,18,0,6,2,8,0,2,0,0,0,0,0,0,0,0,0,0,,,,,
ARI,DEF,ARI,3,JAX,,,,,,,,,,,,,,,,,,,,,,,1,0,0,0,19.0
ATL,DEF,ATL,3,NYG,,,,,,,,,,,,,,,,,,,,,,,0,0,0,0,14.0
Aaron Jones,RB,GB,3,SF,0,0,0,0,0,82,1,19,2,14,0,2,0,0,0,0,0,0,0,0,0,0,,,,,
Aaron Rodgers,QB,GB,3,SF,261,2,33,23,0,0,0,0,1,-4,0,1,0,0,0,0,0,0,0,0,0,0,,,,,
Adam Humphries,WR,WAS,3,BUF,0,0,0,0,0,0,0,0,1,7,0,4,0,0,0,0,0,0,0,0,0,0,,,,,
Adam Thielen,WR,MIN,3,SEA,0,0,0,0,0,0,0,0,6,50,1,9,0,0,0,0,0,0,0,0,0,0,,,,,
Adam Trautman,TE,NO,3,NE,0,0,0,0,0,0,0,0,0,0,0,1,0,0,0,0,0,0,0,0,0,0,,,,,
Albert Okwuegbunam,TE,DEN,3,NYJ,0,0,0,0,0,0,0,0,1,6,0,1,0,0,0,0,0,0,0,0,0,0,,,,,
Aldrick Rosas,K,NO,3,NE,0,0,0,0,0,0,0,0,0,0,0,0,0,0,0,0,0,0,0,0,0,4,,,,,
Alex Armah,RB,NO,3,NE,0,0,0,0,0,5,0,1,0,0,0,0,0,0,0,0,0,0,0,0,0,0,,,,,
Alex Collins,RB,SEA,3,MIN,0,0,0,0,0,8,0,2,0,0,0,0,0,0,0,0,0,0,0,0,0,0,,,,,
Alex Erickson,WR,CAR,3,HOU,0,0,0,0,0,0,0,0,1,25,0,1,0,0,0,0,0,0,0,0,0,0,,,,,
Alexander Mattison,RB,MIN,3,SEA,0,0,0,0,0,112,0,26,6,59,0,8,0,0,0,0,0,0,0,0,0,0,,,,,
Allen Lazard,WR,GB,3,SF,0,0,0,0,0,0,0,0,1,42,0,1,0,0,0,0,0,0,0,0,0,0,,,,,
Allen Robinson,WR,CHI,3,CLE,0,0,0,0,0,0,0,0,2,27,0,6,0,0,0,0,0,0,0,0,0,0,,,,,
Alvin Kamara,RB,NO,3,NE,0,0,0,0,0,89,0,24,3,29,1,4,0,0,0,0,0,0,0,0,0,0,,,,,
Amari Cooper,WR,DAL,3,PHI,0,0,0,0,0,0,0,0,3,26,0,4,0,0,0,0,0,0,0,0,0,0,,,,,
Amari Rodgers,WR,GB,3,SF,0,0,0,0,0,0,0,0,0,0,0,0,0,0,0,0,0,0,0,0,0,0,,,,,
Ameer Abdullah,RB,MIN,3,SEA,0,0,0,0,0,24,0,5,0,0,0,0,0,0,0,0,0,0,0,0,0,0,,,,,
Amon-Ra St. Brown,WR,DET,3,BAL,0,0,0,0,0,0,0,0,1,2,0,1,0,0,0,0,0,0,0,0,0,0,,,,,
Andre Roberts,WR,HOU,3,CAR,0,0,0,0,0,0,0,0,0,0,0,0,0,0,0,0,0,0,0,0,0,0,,,,,
Anthony Miller,WR,HOU,3,CAR,0,0,0,0,0,0,0,0,4,20,1,6,0,0,0,0,0,0,0,0,0,0,,,,,
Anthony Schwartz,WR,CLE,3,CHI,0,0,0,0,0,0,0,0,0,0,0,1,0,0,0,0,0,0,0,0,0,0,,,,,
Antonio Gibson,RB,WAS,3,BUF,0,0,0,0,0,31,0,12,1,73,1,2,0,0,0,0,0,0,0,0,0,0,,,,,
Ashton Dulin,WR,IND,3,TEN,0,0,0,0,0,-7,0,1,0,0,0,0,0,0,0,0,0,0,0,0,0,0,,,,,
Auden Tate,WR,CIN,3,PIT,0,0,0,0,0,0,0,0,1,14,0,1,0,0,0,0,0,0,0,0,0,0,,,,,
Austin Ekeler,RB,LAC,3,KC,0,0,0,0,0,55,0,11,6,52,1,6,0,0,0,0,0,0,0,0,0,0,,,,,
Austin Hooper,TE,CLE,3,CHI,0,0,0,0,0,0,0,0,2,19,1,3,0,0,0,0,0,0,0,0,0,0,,,,,
Avery Williams,RB,ATL,3,NYG,0,0,0,0,0,0,0,0,0,0,0,0,0,0,0,0,0,0,0,0,0,0,,,,,
BAL,DEF,BAL,3,DET,,,,,,,,,,,,,,,,,,,,,,,0,0,0,0,17.0
BUF,DEF,BUF,3,WAS,,,,,,,,,,,,,,,,,,,,,,,0,0,0,0,21.0
Baker Mayfield,QB,CLE,3,CHI,246,1,31,19,0,31,0,4,0,0,0,0,0,0,0,0,0,0,0,0,0,0,,,,,
Ben Roethlisberger,QB,PIT,3,CIN,318,1,58,38,2,5,0,1,0,0,0,0,0,0,0,0,0,0,0,0,0,0,,,,,
Ben Skowronek,WR,LA,3,TB,0,0,0,0,0,0,0,0,0,0,0,0,0,0,0,0,0,0,0,0,0,0,,,,,
Blake Bell,TE,KC,3,LAC,0,0,0,0,0,0,0,0,1,6,0,1,0,0,0,0,0,0,0,0,0,0,,,,,
Blake Jarwin,TE,DAL,3,PHI,0,0,0,0,0,0,0,0,2,14,0,2,0,0,0,0,0,0,0,0,0,0,,,,,
Boston Scott,RB,PHI,3,DAL,0,0,0,0,0,0,0,0,2,5,0,2,0,0,0,0,0,0,0,0,0,0,,,,,
Brandin Cooks,WR,HOU,3,CAR,0,0,0,0,0,5,0,1,9,112,0,11,0,0,0,0,0,0,0,0,0,0,,,,,
Brandon Aiyuk,WR,SF,3,GB,0,0,0,0,0,8,0,1,4,37,1,6,0,0,0,0,0,0,0,0,0,0,,,,,
Brandon Bolden,RB,NE,3,NO,0,0,0,0,0,-1,0,3,3,23,0,4,0,0,0,0,0,0,0,0,0,0,,,,,
Brandon McManus,K,DEN,3,NYJ,0,0,0,0,0,0,0,0,0,0,0,0,0,0,0,0,1,1,2,0,0,2,,,,,
Brandon Zylstra,WR,CAR,3,HOU,0,0,0,0,0,0,0,0,0,0,0,0,0,0,0,0,0,0,0,0,0,0,,,,,
Braxton Berrios,WR,NYJ,3,DEN,0,0,0,0,0,0,0,0,2,26,0,3,0,0,0,0,0,0,0,0,0,0,,,,,
Bryan Edwards,WR,LV,3,MIA,0,0,0,0,0,0,0,0,3,89,0,5,0,0,0,0,0,0,0,0,0,0,,,,,
Byron Pringle,WR,KC,3,LAC,0,0,0,0,0,0,0,0,2,12,0,6,0,0,0,0,0,0,0,0,0,0,,,,,
C.J. Board,WR,NYG,3,ATL,0,0,0,0,0,0,0,0,1,38,0,2,0,0,0,0,0,0,0,0,0,0,,,,,
C.J. Uzomah,TE,CIN,3,PIT,0,0,0,0,0,0,0,0,0,0,0,1,0,0,0,0,0,0,0,0,0,0,,,,,
CAR,DEF,CAR,3,HOU,,,,,,,,,,,,,,,,,,,,,,,0,0,0,0,9.0
CHI,DEF,CHI,3,CLE,,,,,,,,,,,,,,,,,,,,,,,0,0,0,0,26.0
CIN,DEF,CIN,3,PIT,,,,,,,,,,,,,,,,,,,,,,,0,0,0,0,10.0
CLE,DEF,CLE,3,CHI,,,,,,,,,,,,,,,,,,,,,,,0,0,0,0,6.0
Cairo Santos,K,CHI,3,CLE,0,0,0,0,0,0,0,0,0,0,0,0,0,0,0,0,1,0,1,0,0,0,,,,,
Calvin Ridley,WR,ATL,3,NYG,0,0,0,0,0,0,0,0,8,61,0,11,0,0,0,0,0,0,0,0,0,0,,,,,
Cam Sims,WR,WAS,3,BUF,0,0,0,0,0,7,0,1,1,15,0,2,0,0,0,0,0,0,0,0,0,0,,,,,
Cameron Batson,WR,TEN,3,IND,0,0,0,0,0,0,0,0,1,13,0,1,0,0,0,0,0,0,0,0,0,0,,,,,
Cameron Brate,TE,TB,3,LA,0,0,0,0,0,0,0,0,4,35,0,5,0,0,0,0,0,0,0,0,0,0,,,,,
Carlos Hyde,RB,JAX,3,ARI,0,0,0,0,0,44,0,8,0,0,0,0,0,0,0,0,0,0,0,0,0,0,,,,,
Carson Wentz,QB,IND,3,TEN,194,0,37,19,0,0,0,0,0,0,0,0,0,0,0,0,0,0,0,0,0,0,,,,,
Case Keenum,QB,CLE,3,CHI,0,0,0,0,0,0,0,3,0,0,0,0,0,0,0,0,0,0,0,0,0,0,,,,,
Cedrick Wilson Jr.,WR,DAL,3,PHI,0,0,0,0,0,0,0,0,2,17,1,4,0,0,0,0,0,0,0,0,0,0,,,,,
CeeDee Lamb,WR,DAL,3,PHI,0,0,0,0,0,-1,0,1,3,66,0,3,0,0,0,0,0,0,0,0,0,0,,,,,
Chase Claypool,WR,PIT,3,CIN,0,0,0,0,0,0,0,0,9,96,0,15,0,0,0,0,0,0,0,0,0,0,,,,,
Chase Edmonds,RB,ARI,3,JAX,0,0,0,0,0,26,0,11,7,49,0,8,0,0,0,0,0,0,0,0,0,0,,,,,
Chase McLaughlin,K,CLE,3,CHI,0,0,0,0,0,0,0,0,0,0,0,0,0,0,0,0,1,0,1,2,0,2,,,,,
Chester Rogers,WR,TEN,3,IND,0,0,0,0,0,0,0,0,1,6,1,2,0,0,0,0,0,0,0,0,0,0,,,,,
Chris Boswell,K,PIT,3,CIN,0,0,0,0,0,0,0,0,0,0,0,0,0,0,0,0,1,0,0,0,0,1,,,,,
Chris Carson,RB,SEA,3,MIN,0,0,0,0,0,80,1,12,2,2,0,2,0,0,0,0,0,0,0,0,0,0,,,,,
Chris Conley,WR,HOU,3,CAR,0,0,0,0,0,0,0,0,0,0,0,1,0,0,0,0,0,0,0,0,0,0,,,,,
Chris Evans,RB,CIN,3,PIT,0,0,0,0,0,0,0,0,2,26,0,2,0,0,0,0,0,0,0,0,0,0,,,,,
Chris Godwin Jr.,WR,TB,3,LA,0,0,0,0,0,2,1,1,6,74,0,7,0,0,0,0,0,0,0,0,0,0,,,,,
Chris Hogan,WR,NO,3,NE,0,0,0,0,0,0,0,0,0,0,0,1,0,0,0,0,0,0,0,0,0,0,,,,,
Chris Manhertz,TE,JAX,3,ARI,0,0,0,0,0,0,0,0,0,0,0,0,0,0,0,0,0,0,0,0,0,0,,,,,
Chris Moore,WR,HOU,3,CAR,0,0,0,0,0,0,0,0,0,0,0,0,0,0,0,0,0,0,0,0,0,0,,,,,
Christian Blake,WR,ATL,3,NYG,0,0,0,0,0,0,0,0,0,0,0,0,0,0,0,0,0,0,0,0,0,0,,,,,
Christian Kirk,WR,ARI,3,JAX,0,0,0,0,0,0,0,0,7,104,0,8,0,0,0,0,0,0,0,0,0,0,,,,,
Christian McCaffrey,RB,CAR,3,HOU,0,0,0,0,0,31,0,7,2,9,0,2,0,0,0,0,0,0,0,0,0,0,,,,,
Chuba Hubbard,RB,CAR,3,HOU,0,0,0,0,0,52,0,11,3,27,0,5,0,0,0,0,0,0,0,0,0,0,,,,,
Clyde Edwards-Helaire,RB,KC,3,LAC,0,0,0,0,0,100,0,17,2,9,1,2,0,0,0,0,0,0,0,0,0,0,,,,,
Cody White,WR,PIT,3,CIN,0,0,0,0,0,0,0,0,2,17,0,2,0,0,0,0,0,0,0,0,0,0,,,,,
Cole Beasley,WR,BUF,3,WAS,0,0,0,0,0,0,0,0,11,98,0,13,0,0,0,0,0,0,0,0,0,0,,,,,
Cole Kmet,TE,CHI,3,CLE,0,0,0,0,0,0,0,0,1,11,0,4,0,0,0,0,0,0,0,0,0,0,,,,,
Collin Johnson,WR,NYG,3,ATL,0,0,0,0,0,0,0,0,5,51,0,7,0,0,0,0,0,0,0,0,0,0,,,,,
Cooper Kupp,WR,LA,3,TB,0,0,0,0,0,0,0,0,9,96,2,12,0,0,0,0,0,0,0,0,0,0,,,,,
Cordarrelle Patterson,RB,ATL,3,NYG,0,0,0,0,0,20,0,7,6,82,0,7,0,0,0,0,0,0,0,0,0,0,,,,,
Corey Clement,RB,DAL,3,PHI,0,0,0,0,0,0,0,3,0,0,0,0,0,0,0,0,0,0,0,0,0,0,,,,,
Corey Davis,WR,NYJ,3,DEN,0,0,0,0,0,0,0,0,5,41,0,10,0,0,0,0,0,0,0,0,0,0,,,,,
Courtland Sutton,WR,DEN,3,NYJ,0,0,0,0,0,0,0,0,5,37,0,5,0,0,0,0,0,0,0,0,0,0,,,,,
Cullen Gillaspia,RB,NYG,3,ATL,0,0,0,0,0,0,0,0,0,0,0,0,0,0,0,0,0,0,0,0,0,0,,,,,
D'Andre Swift,RB,DET,3,BAL,0,0,1,0,0,47,1,14,7,60,0,7,0,0,0,0,0,0,0,0,0,0,,,,,
D'Ernest Johnson,RB,CLE,3,CHI,0,0,0,0,0,9,0,2,0,0,0,0,0,0,0,0,0,0,0,0,0,0,,,,,
DAL,DEF,DAL,3,PHI,,,,,,,,,,,,,,,,,,,,,,,1,0,0,0,21.0
DEN,DEF,DEN,3,NYJ,,,,,,,,,,,,,,,,,,,,,,,0,0,0,0,0.0
DET,DEF,DET,3,BAL,,,,,,,,,,,,,,,,,,,,,,,0,0,0,0,19.0
DJ Chark,WR,JAX,3,ARI,0,0,0,0,0,0,0,0,3,49,1,6,0,0,0,0,0,0,0,0,0,0,,,,,
DJ Moore,WR,CAR,3,HOU,0,0,0,0,0,-1,0,1,8,126,0,12,0,0,0,0,0,0,0,0,0,0,,,,,
DK Metcalf,WR,SEA,3,MIN,0,0,0,0,0,0,0,0,6,107,1,9,0,0,0,0,0,0,0,0,0,0,,,,,
Dak Prescott,QB,DAL,3,PHI,238,3,26,21,0,6,0,9,0,0,0,0,0,0,0,0,0,0,0,0,0,0,,,,,
Dallas Goedert,TE,PHI,3,DAL,0,0,0,0,0,0,0,0,2,66,0,4,0,0,0,0,0,0,0,0,0,0,,,,,
Dalton Schultz,TE,DAL,3,PHI,0,0,0,0,0,0,0,0,6,80,2,7,0,0,0,0,0,0,0,0,0,0,,,,,
Damarea Crockett,RB,DEN,3,NYJ,0,0,0,0,0,7,0,3,0,0,0,0,0,0,0,0,0,0,0,0,0,0,,,,,
Damien Harris,RB,NE,3,NO,0,0,0,0,0,14,0,6,2,-3,0,2,0,0,0,0,0,0,0,0,0,0,,,,,
Damien Williams,RB,CHI,3,CLE,0,0,0,0,0,0,0,0,0,0,0,0,0,0,0,0,0,0,0,0,0,0,,,,,
Dan Arnold,TE,CAR,3,HOU,0,0,0,0,0,0,0,0,2,23,0,4,0,0,0,0,0,0,0,0,0,0,,,,,
Daniel Carlson,K,LV,3,MIA,0,0,0,0,0,0,0,0,0,0,0,0,0,0,0,0,1,1,0,1,0,2,,,,,
Daniel Jones,QB,NYG,3,ATL,266,0,35,24,0,39,0,8,0,0,0,0,0,0,1,0,0,0,0,0,0,0,,,,,
Darius Slayton,WR,NYG,3,ATL,0,0,0,0,0,0,0,0,1,8,0,1,0,0,0,0,0,0,0,0,0,0,,,,,
Darnell Mooney,WR,CHI,3,CLE,0,0,0,0,0,0,0,0,1,9,0,4,0,0,0,0,0,0,0,0,0,0,,,,,
Darrel Williams,RB,KC,3,LAC,0,0,0,0,0,28,0,7,2,11,0,3,0,0,0,0,0,0,0,0,0,0,,,,,
Darrell Daniels,TE,ARI,3,JAX,0,0,0,0,0,0,0,0,0,0,0,0,0,0,0,0,0,0,0,0,0,0,,,,,
Darren Fells,TE,DET,3,BAL,0,0,0,0,0,0,0,0,2,35,0,3,0,0,0,0,0,0,0,0,0,0,,,,,
Darren Waller,TE,LV,3,MIA,0,0,0,0,0,0,0,0,5,54,0,7,0,0,0,0,0,0,0,0,0,0,,,,,
Davante Adams,WR,GB,3,SF,0,0,0,0,0,0,0,0,12,132,1,18,0,0,0,0,0,0,0,0,0,0,,,,,
David Johnson,RB,HOU,3,CAR,0,0,0,0,0,11,0,2,0,0,0,0,0,0,0,0,0,0,0,0,0,0,,,,,
David Montgomery,RB,CHI,3,CLE,0,0,0,0,0,34,0,10,2,21,0,4,0,0,0,0,0,0,0,0,0,0,,,,,
Davis Mills,QB,HOU,3,CAR,168,1,28,19,0,0,0,1,0,0,0,0,0,0,0,0,0,0,0,0,0,0,,,,,
Dawson Knox,TE,BUF,3,WAS,0,0,0,0,0,0,0,0,4,49,1,5,0,0,0,0,0,0,0,0,0,0,,,,,
DeAndre Carter,WR,WAS,3,BUF,0,0,0,0,0,0,0,0,0,0,0,0,0,0,0,0,0,0,0,0,0,0,,,,,
DeAndre Hopkins,WR,ARI,3,JAX,0,0,0,0,0,0,0,0,3,21,0,6,0,0,0,0,0,0,0,0,0,0,,,,,
DeSean Jackson,WR,LA,3,TB,0,0,0,0,0,0,0,0,3,120,1,5,0,0,0,0,0,0,0,0,0,0,,,,,
DeVante Parker,WR,MIA,3,LV,0,0,0,0,0,0,0,0,4,42,0,7,0,0,0,0,0,0,0,0,0,0,,,,,
DeVonta Smith,WR,PHI,3,DAL,0,0,0,0,0,0,0,0,3,28,0,6,0,0,0,0,0,0,0,0,0,0,,,,,
Dede Westbrook,WR,MIN,3,SEA,0,0,0,0,0,0,0,0,0,0,0,0,0,0,0,0,0,0,0,0,0,0,,,,,
DeeJay Dallas,RB,SEA,3,MIN,0,0,0,0,0,0,0,0,0,0,0,0,0,0,0,0,0,0,0,0,0,0,,,,,
Deebo Samuel Sr.,WR,SF,3,GB,0,0,0,0,0,0,0,2,5,52,0,10,0,0,0,0,0,0,0,0,0,0,,,,,
Demarcus Robinson,WR,KC,3,LAC,0,0,0,0,0,0,0,0,2,17,0,2,0,0,0,0,0,0,0,0,0,0,,,,,
Demetric Felton,RB,CLE,3,CHI,0,0,0,0,0,0,0,0,2,13,0,3,0,0,0,0,0,0,0,0,0,0,,,,,
Demetrius Harris,TE,ARI,3,JAX,0,0,0,0,0,0,0,0,0,0,0,0,0,0,0,0,0,0,0,0,0,0,,,,,
Deonte Harty,WR,NO,3,NE,0,0,0,0,0,0,0,0,3,31,0,3,0,0,0,0,0,0,0,0,0,0,,,,,
Derek Carr,QB,LV,3,MIA,386,2,43,26,1,-2,0,2,0,0,0,0,0,0,0,0,0,0,0,0,0,0,,,,,
Derrick Henry,RB,TEN,3,IND,0,0,0,0,0,113,0,28,3,31,0,3,0,0,1,0,0,0,0,0,0,0,,,,,
Devin Duvernay,WR,BAL,3,DET,0,0,0,0,0,0,0,0,2,22,1,3,0,0,0,0,0,0,0,0,0,0,,,,,
Devin Singletary,RB,BUF,3,WAS,0,0,0,0,0,26,0,11,1,0,0,2,0,0,0,0,0,0,0,0,0,0,,,,,
Devonta Freeman,RB,BAL,3,DET,0,0,0,0,0,8,0,3,0,0,0,0,0,0,0,0,0,0,0,0,0,0,,,,,
Diontae Spencer,WR,DEN,3,NYJ,0,0,0,0,0,0,0,0,1,-3,0,1,0,0,0,0,0,0,0,0,0,0,,,,,
Donald Parham,TE,LAC,3,KC,0,0,0,0,0,0,0,0,1,19,0,1,0,0,0,0,0,0,0,0,0,0,,,,,
Donovan Peoples-Jones,WR,CLE,3,CHI,0,0,0,0,0,0,0,0,2,39,0,2,0,0,0,0,0,0,0,0,0,0,,,,,
Drew Sample,TE,CIN,3,PIT,0,0,0,0,0,0,0,0,0,0,0,0,0,0,0,0,0,0,0,0,0,0,,,,,
Durham Smythe,TE,MIA,3,LV,0,0,0,0,0,0,0,0,0,0,0,1,0,0,0,0,0,0,0,0,0,0,,,,,
Dustin Hopkins,K,WAS,3,BUF,0,0,0,0,0,0,0,0,0,0,0,0,0,0,0,0,0,0,0,0,0,3,,,,,
Dyami Brown,WR,WAS,3,BUF,0,0,0,0,0,-4,0,1,0,0,0,2,0,0,0,0,0,0,0,0,0,0,,,,,
Elijah Moore,WR,NYJ,3,DEN,0,0,0,0,0,0,0,0,3,22,0,6,0,0,0,0,0,0,0,0,0,0,,,,,
Emmanuel Sanders,WR,BUF,3,WAS,0,0,0,0,0,0,0,0,5,94,2,6,0,0,0,0,0,0,0,0,0,0,,,,,
Eric Ebron,TE,PIT,3,CIN,0,0,0,0,0,0,0,0,0,0,0,3,0,0,0,0,0,0,0,0,0,0,,,,,
Eric Saubert,TE,DEN,3,NYJ,0,0,0,0,0,0,0,0,0,0,0,0,0,0,0,0,0,0,0,0,0,0,,,,,
Evan Engram,TE,NYG,3,ATL,0,0,0,0,0,0,0,0,2,21,0,6,0,0,0,0,0,0,0,0,0,0,,,,,
Evan McPherson,K,CIN,3,PIT,0,0,0,0,0,0,0,0,0,0,0,0,0,0,0,0,0,0,1,0,0,3,,,,,
Ezekiel Elliott,RB,DAL,3,PHI,0,0,0,0,0,95,2,17,3,21,0,3,0,0,0,0,0,0,0,0,0,0,,,,,
Foster Moreau,TE,LV,3,MIA,0,0,0,0,0,0,0,0,1,8,0,2,0,0,0,0,0,0,0,0,0,0,,,,,
Freddie Swain,WR,SEA,3,MIN,0,0,0,0,0,11,0,1,1,10,0,2,0,0,0,0,0,0,0,0,0,0,,,,,
GB,DEF,GB,3,SF,,,,,,,,,,,,,,,,,,,,,,,0,0,0,0,28.0
Gabe Davis,WR,BUF,3,WAS,0,0,0,0,0,0,0,0,1,23,0,1,0,0,0,0,0,0,0,0,0,0,,,,,
Gary Brightwell,RB,NYG,3,ATL,0,0,0,0,0,4,0,1,0,0,0,0,0,0,0,0,0,0,0,0,0,0,,,,,
Geoff Swaim,TE,TEN,3,IND,0,0,0,0,0,0,0,0,3,27,0,4,0,0,0,0,0,0,0,0,0,0,,,,,
George Kittle,TE,SF,3,GB,0,0,0,0,0,9,0,1,7,92,0,9,0,0,0,0,0,0,0,0,0,0,,,,,
Gerald Everett,TE,SEA,3,MIN,0,0,0,0,0,0,0,0,5,54,0,5,0,0,0,0,0,0,0,0,0,0,,,,,
Giovani Bernard,RB,TB,3,LA,0,0,0,0,0,0,0,0,9,51,1,10,0,0,0,0,0,0,0,0,0,0,,,,,
Graham Gano,K,NYG,3,ATL,0,0,0,0,0,0,0,0,0,0,0,0,0,0,0,0,1,1,0,0,0,0,,,,,
Greg Joseph,K,MIN,3,SEA,0,0,0,0,0,0,0,0,0,0,0,0,0,0,0,0,1,1,1,0,0,3,,,,,
Greg Ward,WR,PHI,3,DAL,0,0,0,0,0,0,0,0,1,15,1,1,0,0,0,0,0,0,0,0,0,0,,,,,
Greg Zuerlein,K,DAL,3,PHI,0,0,0,0,0,0,0,0,0,0,0,0,0,0,0,0,0,0,0,0,0,5,,,,,
Gunner Olszewski,WR,NE,3,NO,0,0,0,0,0,0,0,0,0,0,0,0,0,0,0,0,0,0,0,0,0,0,,,,,
HOU,DEF,HOU,3,CAR,,,,,,,,,,,,,,,,,,,,,,,0,0,0,0,24.0
Harrison Bryant,TE,CLE,3,CHI,0,0,0,0,0,0,0,0,0,0,0,2,0,0,0,0,0,0,0,0,0,0,,,,,
Harrison Butker,K,KC,3,LAC,0,0,0,0,0,0,0,0,0,0,0,0,0,0,0,0,0,1,0,0,0,3,,,,,
Hayden Hurst,TE,ATL,3,NYG,0,0,0,0,0,0,0,0,0,0,0,1,0,0,0,0,0,0,0,0,0,0,,,,,
Henry Ruggs III,WR,LV,3,MIA,0,0,0,0,0,7,0,1,4,78,0,7,0,0,0,0,0,0,0,0,0,0,,,,,
Hunter Henry,TE,NE,3,NO,0,0,0,0,0,0,0,0,5,36,0,6,0,0,0,0,0,0,0,0,0,0,,,,,
Hunter Renfrow,WR,LV,3,MIA,0,0,0,0,0,0,0,0,5,77,1,6,0,0,0,0,0,0,0,0,0,0,,,,,
IND,DEF,IND,3,TEN,,,,,,,,,,,,,,,,,,,,,,,0,0,0,0,25.0
Ihmir Smith-Marsette,WR,MIN,3,SEA,0,0,0,0,0,0,0,0,0,0,0,0,0,0,0,0,0,0,0,0,0,0,,,,,
Isaiah McKenzie,WR,BUF,3,WAS,0,0,0,0,0,8,0,1,0,0,0,0,0,0,0,0,0,0,0,0,0,0,,,,,
J.D. McKissic,RB,WAS,3,BUF,0,0,0,0,0,23,0,3,2,15,0,2,0,0,0,0,0,0,0,0,0,0,,,,,
J.J. Taylor,RB,NE,3,NO,0,0,0,0,0,2,0,1,2,3,0,2,0,0,0,0,0,0,0,0,0,0,,,,,
JAX,DEF,JAX,3,ARI,,,,,,,,,,,,,,,,,,,,,,,0,0,0,0,31.0
Ja'Marr Chase,WR,CIN,3,PIT,0,0,0,0,0,0,0,0,4,65,2,5,0,0,0,0,0,0,0,0,0,0,,,,,
Jack Doyle,TE,IND,3,TEN,0,0,0,0,0,0,0,0,1,10,0,2,0,0,0,0,0,0,0,0,0,0,,,,,
Jacob Hollister,TE,JAX,3,ARI,0,0,0,0,0,0,0,0,2,15,0,6,0,0,0,0,0,0,0,0,0,0,,,,,
Jacoby Brissett,QB,MIA,3,LV,215,0,49,32,0,37,1,7,0,0,0,0,0,0,1,0,0,0,0,0,0,0,,,,,
Jaelon Darden,WR,TB,3,LA,0,0,0,0,0,0,0,0,1,0,0,1,0,0,0,0,0,0,0,0,0,0,,,,,
Jake Elliott,K,PHI,3,DAL,0,0,0,0,0,0,0,0,0,0,0,0,0,0,0,0,0,0,0,0,0,3,,,,,
Jake Funk,RB,LA,3,TB,0,0,0,0,0,6,0,1,0,0,0,0,0,0,0,0,0,0,0,0,0,0,,,,,
Jakeem Grant,WR,MIA,3,LV,0,0,0,0,0,0,0,0,0,0,0,0,0,0,0,0,0,0,0,0,0,0,,,,,
Jakobi Meyers,WR,NE,3,NO,0,0,0,0,0,0,0,0,9,94,0,14,0,0,0,0,0,0,0,0,0,0,,,,,
Jalen Guyton,WR,LAC,3,KC,0,0,0,0,0,3,0,1,0,0,0,1,0,0,0,0,0,0,0,0,0,0,,,,,
Jalen Hurts,QB,PHI,3,DAL,326,2,39,25,2,35,0,9,0,0,0,0,0,0,0,0,0,0,0,0,0,0,,,,,
Jalen Reagor,WR,PHI,3,DAL,0,0,0,0,0,0,0,0,5,53,0,8,0,0,0,0,0,0,0,0,0,0,,,,,
Jamaal Williams,RB,DET,3,BAL,0,0,0,0,0,42,1,12,2,25,0,2,0,0,0,0,0,0,0,0,0,0,,,,,
Jamal Agnew,WR,JAX,3,ARI,0,0,0,0,0,0,0,0,0,0,0,0,1,0,0,0,0,0,0,0,0,0,,,,,
Jameis Winston,QB,NO,3,NE,128,2,21,13,0,4,0,5,0,0,0,0,0,0,0,0,0,0,0,0,0,0,,,,,
James Conner,RB,ARI,3,JAX,0,0,0,0,0,43,2,11,1,10,0,1,0,0,0,0,0,0,0,0,0,0,,,,,
James Proche,WR,BAL,3,DET,0,0,0,0,0,0,0,0,1,29,0,1,0,0,0,0,0,0,0,0,0,0,,,,,
James Robinson,RB,JAX,3,ARI,0,0,0,0,0,88,1,15,6,46,0,6,0,0,0,0,0,0,0,0,0,0,,,,,
James Washington,WR,PIT,3,CIN,0,0,0,0,0,0,0,0,3,20,0,5,0,0,0,0,0,0,0,0,0,0,,,,,
James White,RB,NE,3,NO,0,0,0,0,0,6,0,1,0,0,0,1,0,0,0,0,0,0,0,0,0,0,,,,,
Jared Cook,TE,LAC,3,KC,0,0,0,0,0,0,0,0,2,27,0,3,0,0,0,0,0,0,0,0,0,0,,,,,
Jared Goff,QB,DET,3,BAL,217,0,30,22,0,4,0,1,0,0,0,0,0,0,0,0,0,0,0,0,0,0,,,,,
Jason Myers,K,SEA,3,MIN,0,0,0,0,0,0,0,0,0,0,0,0,0,0,0,0,0,0,0,1,0,2,,,,,
Jason Sanders,K,MIA,3,LV,0,0,0,0,0,0,0,0,0,0,0,0,0,0,0,0,0,0,1,1,0,2,,,,,
Javonte Williams,RB,DEN,3,NYJ,0,0,0,0,0,29,1,12,3,33,0,4,0,0,0,0,0,0,0,0,0,0,,,,,
Jaylen Waddle,WR,MIA,3,LV,0,0,0,0,0,0,0,0,12,58,0,13,0,0,0,0,0,0,0,0,0,0,,,,,
Jeff Smith,WR,NYJ,3,DEN,0,0,0,0,0,0,0,0,1,13,0,1,0,0,0,0,0,0,0,0,0,0,,,,,
Jeremy McNichols,RB,TEN,3,IND,0,0,0,0,0,6,0,2,1,10,1,2,0,0,0,0,0,0,0,0,0,0,,,,,
Jesse James,TE,CHI,3,CLE,0,0,0,0,0,0,0,0,0,0,0,0,0,0,0,0,0,0,0,0,0,0,,,,,
Jimmy Garoppolo,QB,SF,3,GB,257,2,40,25,1,4,0,1,0,0,0,0,0,0,0,0,0,0,0,0,0,0,,,,,
Jimmy Graham,TE,CHI,3,CLE,0,0,0,0,0,0,0,0,0,0,0,1,0,0,0,0,0,0,0,0,0,0,,,,,
Joe Burrow,QB,CIN,3,PIT,172,3,18,14,1,7,0,5,0,0,0,0,0,0,0,0,0,0,0,0,0,0,,,,,
Joe Mixon,RB,CIN,3,PIT,0,0,0,0,0,90,0,18,1,4,0,1,0,0,0,0,0,0,0,0,0,0,,,,,
Joey Slye,K,HOU,3,CAR,0,0,0,0,0,0,0,0,0,0,0,0,0,0,0,0,0,0,0,1,0,0,,,,,
John Bates,TE,WAS,3,BUF,0,0,0,0,0,0,0,0,0,0,0,0,0,0,0,0,0,0,0,0,0,0,,,,,
Johnny Mundt,TE,LA,3,TB,0,0,0,0,0,0,0,0,0,0,0,0,0,0,0,0,0,0,0,0,0,0,,,,,
Jonathan Taylor,RB,IND,3,TEN,0,0,0,0,0,64,0,10,1,8,0,1,0,0,0,0,0,0,0,0,0,0,,,,,
Jonnu Smith,TE,NE,3,NO,0,0,0,0,0,0,0,0,1,4,0,6,0,0,0,0,0,0,0,0,0,0,,,,,
Jordan Akins,TE,HOU,3,CAR,0,0,0,0,0,0,0,0,4,32,0,5,0,0,0,0,0,0,0,0,0,0,,,,,
Jordan Wilkins,RB,IND,3,TEN,0,0,0,0,0,0,0,0,0,0,0,0,0,0,0,0,0,0,0,0,0,0,,,,,
Joseph Fortson,TE,KC,3,LAC,0,0,0,0,0,0,0,0,2,7,1,2,0,0,0,0,0,0,0,0,0,0,,,,,
Josh Allen,QB,BUF,3,WAS,358,4,43,32,0,9,1,4,0,0,0,0,0,0,0,0,0,0,0,0,0,0,,,,,
Josh Lambo,K,JAX,3,ARI,0,0,0,0,0,0,0,0,0,0,0,0,0,0,0,0,0,0,0,0,0,1,,,,,
Josh Oliver,TE,BAL,3,DET,0,0,0,0,0,0,0,0,1,6,0,1,0,0,0,0,0,0,0,0,0,0,,,,,
Josiah Deguara,TE,GB,3,SF,0,0,0,0,0,0,0,0,1,4,0,1,0,0,0,0,0,0,0,0,0,0,,,,,
JuJu Smith-Schuster,WR,PIT,3,CIN,0,0,0,0,0,0,0,0,3,25,0,4,0,0,0,0,0,0,0,0,0,0,,,,,
Julio Jones,WR,TEN,3,IND,0,0,0,0,0,0,0,0,3,47,0,4,0,0,0,0,0,0,0,0,0,0,,,,,
Justin Fields,QB,CHI,3,CLE,68,0,20,6,0,12,0,3,0,0,0,0,0,0,0,0,0,0,0,0,0,0,,,,,
Justin Herbert,QB,LAC,3,KC,281,4,38,26,0,16,0,4,0,0,0,0,0,0,1,0,0,0,0,0,0,0,,,,,
Justin Jackson,RB,LAC,3,KC,0,0,0,0,0,0,0,2,0,0,0,0,0,0,0,0,0,0,0,0,0,0,,,,,
Justin Jefferson,WR,MIN,3,SEA,0,0,0,0,0,0,0,0,9,118,1,11,0,0,0,0,0,0,0,0,0,0,,,,,
Justin Tucker,K,BAL,3,DET,0,0,0,0,0,0,0,0,0,0,0,0,0,0,0,0,0,2,0,1,1,1,,,,,
Juwan Johnson,TE,NO,3,NE,0,0,0,0,0,0,0,0,0,0,0,1,0,0,0,0,0,0,0,0,0,0,,,,,
K.J. Hill,WR,LAC,3,KC,0,0,0,0,0,0,0,0,0,0,0,0,0,0,0,0,0,0,0,0,0,0,,,,,
K.J. Osborn,WR,MIN,3,SEA,0,0,0,0,0,0,0,0,2,26,0,2,0,0,0,0,0,0,0,0,0,0,,,,,
KC,DEF,KC,3,LAC,,,,,,,,,,,,,,,,,,,,,,,0,0,0,0,30.0
KJ Hamler,WR,DEN,3,NYJ,0,0,0,0,0,0,0,0,1,28,0,3,0,0,0,0,0,0,0,0,0,0,,,,,
Kadarius Toney,WR,NYG,3,ATL,0,0,0,0,0,0,0,0,2,16,0,3,0,0,0,0,0,0,0,0,0,0,,,,,
Kaden Smith,TE,NYG,3,ATL,0,0,0,0,0,0,0,0,1,9,0,1,0,0,0,0,0,0,0,0,0,0,,,,,
Kalif Raymond,WR,DET,3,BAL,0,0,0,0,0,0,0,0,6,68,0,10,0,0,0,0,0,0,0,0,0,0,,,,,
Kareem Hunt,RB,CLE,3,CHI,0,0,0,0,0,81,1,10,6,74,0,7,0,0,0,0,0,0,0,0,0,0,,,,,
Keelan Cole,WR,NYJ,3,DEN,0,0,0,0,0,0,0,0,2,30,0,2,0,0,0,0,0,0,0,0,0,0,,,,,
Keenan Allen,WR,LAC,3,KC,0,0,0,0,0,0,0,0,8,50,1,12,0,0,0,0,0,0,0,0,0,0,,,,,
Kendrick Bourne,WR,NE,3,NO,0,0,0,0,0,0,0,0,6,96,1,8,0,0,0,0,0,0,0,0,0,0,,,,,
Kenny Gainwell,RB,PHI,3,DAL,0,0,0,0,0,2,0,1,3,32,0,4,0,0,0,0,0,0,0,0,0,0,,,,,
Kenny Golladay,WR,NYG,3,ATL,0,0,0,0,0,0,0,0,4,64,0,5,0,0,0,0,0,0,0,0,0,0,,,,,
Kenny Stills,WR,NO,3,NE,0,0,0,0,0,0,0,0,1,17,0,3,0,0,0,0,0,0,0,0,0,0,,,,,
Kenyan Drake,RB,LV,3,MIA,0,0,0,0,0,24,0,8,3,33,0,6,0,0,0,0,0,0,0,0,0,0,,,,,
KhaDarel Hodge,WR,DET,3,BAL,0,0,0,0,0,0,0,0,1,9,0,1,0,0,0,0,0,0,0,0,0,0,,,,,
Khalil Herbert,RB,CHI,3,CLE,0,0,0,0,0,0,0,0,0,0,0,0,0,0,0,0,0,0,0,0,0,0,,,,,
Kirk Cousins,QB,MIN,3,SEA,323,3,38,30,0,2,0,1,0,0,0,0,0,0,0,0,0,0,0,0,0,0,,,,,
Kyle Juszczyk,RB,SF,3,GB,0,0,0,0,0,14,0,5,4,37,1,4,0,0,0,0,0,0,0,0,0,0,,,,,
Kyle Pitts,TE,ATL,3,NYG,0,0,0,0,0,0,0,0,2,35,0,3,0,0,0,0,0,0,0,0,0,0,,,,,
Kyler Murray,QB,ARI,3,JAX,316,0,34,28,1,19,1,7,0,0,0,0,0,0,0,0,0,0,0,0,0,0,,,,,
Kylin Hill,RB,GB,3,SF,0,0,0,0,0,0,0,0,0,0,0,0,0,0,0,0,0,0,0,0,0,0,,,,,
LA,DEF,LA,3,TB,,,,,,,,,,,,,,,,,,,,,,,0,0,0,0,24.0
LAC,DEF,LAC,3,KC,,,,,,,,,,,,,,,,,,,,,,,0,0,0,0,24.0
LV,DEF,LV,3,MIA,,,,,,,,,,,,,,,,,,,,,,,0,1,0,0,28.0
Lamar Jackson,QB,BAL,3,DET,287,1,31,16,1,58,0,7,0,0,0,0,0,0,0,0,0,0,0,0,0,0,,,,,
Larry Rountree III,RB,LAC,3,KC,0,0,0,0,0,3,0,4,0,0,0,1,0,0,0,0,0,0,0,0,0,0,,,,,
Latavius Murray,RB,BAL,3,DET,0,0,0,0,0,28,0,7,0,0,0,0,0,0,0,0,0,0,0,0,0,0,,,,,
Laviska Shenault Jr.,WR,JAX,3,ARI,0,0,0,0,0,0,0,0,4,48,0,4,0,0,0,0,0,0,0,0,0,0,,,,,
Lee Smith,TE,ATL,3,NYG,0,0,0,0,0,0,0,0,3,7,1,3,0,0,0,0,0,0,0,0,0,0,,,,,
Leonard Fournette,RB,TB,3,LA,0,0,0,0,0,8,0,4,3,26,0,3,0,0,0,0,0,0,0,0,0,0,,,,,
Logan Thomas,TE,WAS,3,BUF,0,0,0,0,0,0,0,0,4,42,1,4,0,0,0,0,0,0,0,0,0,0,,,,,
Luke Farrell,TE,JAX,3,ARI,0,0,0,0,0,0,0,0,1,-1,0,1,0,0,0,0,0,0,0,0,0,0,,,,,
MIA,DEF,MIA,3,LV,,,,,,,,,,,,,,,,,,,,,,,1,0,0,0,31.0
MIN,DEF,MIN,3,SEA,,,,,,,,,,,,,,,,,,,,,,,0,0,0,0,17.0
Mac Jones,QB,NE,3,NO,270,1,51,30,3,28,0,6,0,0,0,0,0,0,0,0,0,0,0,0,0,0,,,,,
Malcolm Brown,RB,MIA,3,LV,0,0,0,0,0,31,1,7,0,0,0,2,0,0,0,0,0,0,0,0,0,0,,,,,
Marcus Kemp,WR,KC,3,LAC,0,0,0,0,0,0,0,0,0,0,0,1,0,0,0,0,0,0,0,0,0,0,,,,,
Mark Andrews,TE,BAL,3,DET,0,0,0,0,0,0,0,0,5,109,0,7,0,0,0,0,0,0,0,0,0,0,,,,,
Mark Ingram,RB,HOU,3,CAR,0,0,0,0,0,21,0,6,1,-1,0,1,0,0,0,0,0,0,0,0,0,0,,,,,
Marquez Callaway,WR,NO,3,NE,0,0,0,0,0,0,0,0,4,41,1,5,0,0,0,0,0,0,0,0,0,0,,,,,
Marquez Valdes-Scantling,WR,GB,3,SF,0,0,0,0,0,0,0,0,3,59,1,4,0,0,0,0,0,0,0,0,0,0,,,,,
Marquise Brown,WR,BAL,3,DET,0,0,0,0,0,0,0,0,3,53,0,7,0,0,0,0,0,0,0,0,0,0,,,,,
Marquise Goodwin,WR,CHI,3,CLE,0,0,0,0,0,0,0,0,0,0,0,1,0,0,0,0,0,0,0,0,0,0,,,,,
Marvin Jones,WR,JAX,3,ARI,0,0,0,0,0,0,0,0,6,62,0,8,0,0,0,0,0,0,0,0,0,0,,,,,
Mason Crosby,K,GB,3,SF,0,0,0,0,0,0,0,0,0,0,0,0,0,0,0,0,0,1,0,2,0,3,,,,,
Matt Ammendola,K,NYJ,3,DEN,0,0,0,0,0,0,0,0,0,0,0,0,0,0,0,0,0,0,0,0,0,0,,,,,
Matt Gay,K,LA,3,TB,0,0,0,0,0,0,0,0,0,0,0,0,0,0,0,0,1,0,1,0,0,4,,,,,
Matt Prater,K,ARI,3,JAX,0,0,0,0,0,0,0,0,0,0,0,0,0,0,0,0,0,1,0,0,0,4,,,,,
Matt Ryan,QB,ATL,3,NYG,243,2,36,27,0,-1,0,1,0,0,0,0,0,0,0,0,0,0,0,0,0,0,,,,,
Matthew Stafford,QB,LA,3,TB,343,4,38,27,0,-2,0,2,0,0,0,0,0,0,0,0,0,0,0,0,0,0,,,,,
Maxx Williams,TE,ARI,3,JAX,0,0,0,0,0,0,0,0,3,19,0,3,0,0,0,0,0,0,0,0,0,0,,,,,
Mecole Hardman,WR,KC,3,LAC,0,0,0,0,0,2,0,1,3,33,1,4,0,0,0,0,0,0,0,0,0,0,,,,,
Mekhi Sargent,RB,TEN,3,IND,0,0,0,0,0,2,0,1,0,0,0,0,0,0,0,0,0,0,0,0,0,0,,,,,
Melvin Gordon,RB,DEN,3,NYJ,0,0,0,0,0,60,1,18,1,21,0,2,0,0,0,0,0,0,0,0,0,0,,,,,
Michael Carter,RB,NYJ,3,DEN,0,0,0,0,0,24,0,9,2,5,0,3,0,0,0,0,0,0,0,0,0,0,,,,,
Michael Pittman,WR,IND,3,TEN,0,0,0,0,0,5,0,1,6,68,0,12,0,0,0,0,0,0,0,0,0,0,,,,,
Mike Davis,RB,ATL,3,NYG,0,0,0,0,0,50,0,12,4,20,0,4,0,0,0,0,0,0,0,0,0,0,,,,,
Mike Evans,WR,TB,3,LA,0,0,0,0,0,0,0,0,8,106,0,10,0,0,0,0,0,0,0,0,0,0,,,,,
Mike Gesicki,TE,MIA,3,LV,0,0,0,0,0,0,0,0,10,86,0,12,0,0,0,0,0,0,0,0,0,0,,,,,
Mike Thomas,WR,CIN,3,PIT,0,0,0,0,0,0,0,0,1,19,0,1,0,0,0,0,0,0,0,0,0,0,,,,,
Mike Williams,WR,LAC,3,KC,0,0,0,0,0,0,0,0,7,122,2,9,0,0,1,0,0,0,0,0,0,0,,,,,
Miles Sanders,RB,PHI,3,DAL,0,0,0,0,0,27,0,2,3,28,0,4,0,0,0,0,0,0,0,0,0,0,,,,,
Mitchell Trubisky,QB,BUF,3,WAS,1,0,1,1,0,19,0,4,0,0,0,0,0,0,0,0,0,0,0,0,0,0,,,,,
Mo Alie-Cox,TE,IND,3,TEN,0,0,0,0,0,0,0,0,2,14,0,2,0,0,0,0,0,0,0,0,0,0,,,,,
Mohamed Sanu,WR,SF,3,GB,0,0,0,0,0,0,0,0,3,36,0,6,0,0,0,0,0,0,0,0,0,0,,,,,
MyCole Pruitt,TE,TEN,3,IND,0,0,0,0,0,0,0,0,1,7,0,1,0,0,0,0,0,0,0,0,0,0,,,,,
Myles Gaskin,RB,MIA,3,LV,0,0,0,0,0,65,0,13,3,9,0,6,0,0,0,0,0,0,0,0,0,0,,,,,
NE,DEF,NE,3,NO,,,,,,,,,,,,,,,,,,,,,,,0,0,0,0,28.0
NO,DEF,NO,3,NE,,,,,,,,,,,,,,,,,,,,,,,1,0,0,0,13.0
NYG,DEF,NYG,3,ATL,,,,,,,,,,,,,,,,,,,,,,,0,0,0,0,17.0
NYJ,DEF,NYJ,3,DEN,,,,,,,,,,,,,,,,,,,,,,,0,0,0,0,26.0
Najee Harris,RB,PIT,3,CIN,0,0,0,0,0,40,0,14,14,102,0,19,0,0,0,0,0,0,0,0,0,0,,,,,
Nelson Agholor,WR,NE,3,NO,0,0,0,0,0,0,0,0,2,17,0,8,0,0,0,0,0,0,0,0,0,0,,,,,
Nick Chubb,RB,CLE,3,CHI,0,0,0,0,0,84,0,22,0,0,0,0,0,0,0,0,0,0,0,0,0,0,,,,,
Nick Folk,K,NE,3,NO,0,0,0,0,0,0,0,0,0,0,0,0,0,0,0,0,1,0,1,0,0,1,,,,,
Nick Westbrook-Ikhine,WR,TEN,3,IND,0,0,0,0,0,0,0,0,4,53,1,4,0,0,0,0,0,0,0,0,0,0,,,,,
Noah Brown,WR,DAL,3,PHI,0,0,0,0,0,0,0,0,1,9,0,1,0,0,0,0,0,0,0,0,0,0,,,,,
Noah Fant,TE,DEN,3,NYJ,0,0,0,0,0,0,0,0,2,15,0,3,0,0,0,0,0,0,0,0,0,0,,,,,
Noah Gray,TE,KC,3,LAC,0,0,0,0,0,0,0,0,1,5,0,1,0,0,0,0,0,0,0,0,0,0,,,,,
Nsimba Webster,WR,CHI,3,CLE,0,0,0,0,0,0,0,0,0,0,0,0,0,0,0,0,0,0,0,0,0,0,,,,,
Nyheim Hines,RB,IND,3,TEN,0,0,0,0,0,25,1,6,5,54,0,6,0,0,0,0,0,0,0,0,0,0,,,,,
O.J. Howard,TE,TB,3,LA,0,0,0,0,0,0,0,0,1,11,0,1,0,0,0,0,0,0,0,0,0,0,,,,,
Odell Beckham Jr.,WR,CLE,3,CHI,0,0,0,0,0,10,0,1,5,77,0,9,0,0,0,0,0,0,0,0,0,0,,,,,
Olamide Zaccheaus,WR,ATL,3,NYG,0,0,0,0,0,0,0,0,3,32,1,6,0,0,0,0,0,0,0,0,0,0,,,,,
PHI,DEF,PHI,3,DAL,,,,,,,,,,,,,,,,,,,,,,,0,0,0,0,41.0
PIT,DEF,PIT,3,CIN,,,,,,,,,,,,,,,,,,,,,,,0,0,0,0,24.0
Parris Campbell,WR,IND,3,TEN,0,0,0,0,0,0,0,0,2,9,0,4,0,0,0,0,0,0,0,0,0,0,,,,,
Pat Freiermuth,TE,PIT,3,CIN,0,0,0,0,0,0,0,0,3,22,1,5,0,0,0,0,0,0,0,0,0,0,,,,,
Patrick Mahomes,QB,KC,3,LAC,260,3,44,27,2,45,0,4,0,0,0,0,0,0,0,0,0,0,0,0,0,0,,,,,
Patrick Ricard,RB,BAL,3,DET,0,0,0,0,0,0,0,0,0,0,0,0,0,0,0,0,0,0,0,0,0,0,,,,,
Penny Hart,WR,SEA,3,MIN,0,0,0,0,0,0,0,0,1,7,0,2,0,0,0,0,0,0,0,0,0,0,,,,,
Peyton Barber,RB,LV,3,MIA,0,0,0,0,0,111,1,23,3,31,0,5,0,0,0,0,0,0,0,0,0,0,,,,,
Pharaoh Brown,TE,HOU,3,CAR,0,0,0,0,0,0,0,0,0,0,0,0,0,0,0,0,0,0,0,0,0,0,,,,,
Phillip Dorsett,WR,JAX,3,ARI,0,0,0,0,0,0,0,0,0,0,0,1,0,0,0,0,0,0,0,0,0,0,,,,,
Phillip Lindsay,RB,HOU,3,CAR,0,0,0,0,0,5,0,7,0,0,0,0,0,0,0,0,0,0,0,0,0,0,,,,,
Quez Watkins,WR,PHI,3,DAL,0,0,0,0,0,0,0,0,2,46,0,2,0,0,0,0,0,0,0,0,0,0,,,,,
Quintez Cephus,WR,DET,3,BAL,0,0,0,0,0,0,0,0,1,8,0,1,0,0,0,0,0,0,0,0,0,0,,,,,
Racey McMath,WR,TEN,3,IND,0,0,0,0,0,0,0,0,0,0,0,1,0,0,0,0,0,0,0,0,0,0,,,,,
Randall Cobb,WR,GB,3,SF,0,0,0,0,0,0,0,0,0,0,0,1,0,0,0,0,0,0,0,0,0,0,,,,,
Randy Bullock,K,TEN,3,IND,0,0,0,0,0,0,0,0,0,0,0,0,0,0,0,0,0,1,0,0,0,2,,,,,
Rashard Higgins,WR,CLE,3,CHI,0,0,0,0,0,0,0,0,2,24,0,2,0,0,0,0,0,0,0,0,0,0,,,,,
Ray-Ray McCloud,WR,PIT,3,CIN,0,0,0,0,0,0,0,0,3,33,0,4,0,0,0,0,0,0,0,0,0,0,,,,,
Reggie Gilliam,RB,BUF,3,WAS,0,0,0,0,0,0,0,0,0,0,0,1,0,0,0,0,0,0,0,0,0,0,,,,,
Rex Burkhead,RB,HOU,3,CAR,0,0,0,0,0,0,0,0,1,5,0,1,0,0,0,0,0,0,0,0,0,0,,,,,
Rob Gronkowski,TE,TB,3,LA,0,0,0,0,0,0,0,0,4,55,0,8,0,0,0,0,0,0,0,0,0,0,,,,,
Robbie Chosen,WR,CAR,3,HOU,0,0,0,0,0,0,0,0,1,8,0,2,0,0,0,0,0,0,0,0,0,0,,,,,
Robbie Gould,K,SF,3,GB,0,0,0,0,0,0,0,0,0,0,0,0,0,0,0,0,0,0,0,0,0,4,,,,,
Robert Tonyan,TE,GB,3,SF,0,0,0,0,0,0,0,0,1,6,0,1,0,0,0,0,0,0,0,0,0,0,,,,,
Robert Woods,WR,LA,3,TB,0,0,0,0,0,5,0,1,3,33,0,6,0,0,0,0,0,0,0,0,0,0,,,,,
Rodrigo Blankenship,K,IND,3,TEN,0,0,0,0,0,0,0,0,0,0,0,0,0,0,0,0,2,0,1,0,0,1,,,,,
Ronald Jones,RB,TB,3,LA,0,0,0,0,0,11,0,5,0,0,0,0,0,0,0,0,0,0,0,0,0,0,,,,,
Rondale Moore,WR,ARI,3,JAX,0,0,0,0,0,3,0,1,2,1,0,2,0,0,0,0,0,0,0,0,0,0,,,,,
Royce Freeman,RB,CAR,3,HOU,0,0,0,0,0,17,0,5,1,8,0,1,0,0,0,0,0,0,0,0,0,0,,,,,
Russell Wilson,QB,SEA,3,MIN,298,1,32,23,0,7,0,3,0,0,0,0,0,0,0,0,0,0,0,0,0,0,,,,,
Ryan Griffin,TE,NYJ,3,DEN,0,0,0,0,0,0,0,0,1,5,0,1,0,0,0,0,0,0,0,0,0,0,,,,,
Ryan Santoso,K,DET,3,BAL,0,0,0,0,0,0,0,0,0,0,0,0,0,0,0,0,0,1,0,0,0,2,,,,,
Ryan Succop,K,TB,3,LA,0,0,0,0,0,0,0,0,0,0,0,0,0,0,0,0,1,0,0,0,0,3,,,,,
Ryan Tannehill,QB,TEN,3,IND,197,3,27,18,2,56,0,5,0,0,0,0,0,0,0,0,0,0,0,0,0,0,,,,,
SEA,DEF,SEA,3,MIN,,,,,,,,,,,,,,,,,,,,,,,0,0,0,0,30.0
SF,DEF,SF,3,GB,,,,,,,,,,,,,,,,,,,,,,,0,0,0,0,30.0
Sam Darnold,QB,CAR,3,HOU,304,0,34,23,0,11,2,8,0,0,0,0,0,0,0,0,0,0,0,0,0,0,,,,,
Samaje Perine,RB,CIN,3,PIT,0,0,0,0,0,-1,0,1,1,8,0,1,0,0,0,0,0,0,0,0,0,0,,,,,
Sammy Watkins,WR,BAL,3,DET,0,0,0,0,0,0,0,0,4,68,0,7,0,0,0,0,0,0,0,0,0,0,,,,,
Saquon Barkley,RB,NYG,3,ATL,0,0,0,0,0,51,1,16,6,43,0,7,0,0,0,0,0,0,0,0,0,0,,,,,
Scott Miller,WR,TB,3,LA,0,0,0,0,0,0,0,0,2,11,0,3,0,0,0,0,0,0,0,0,0,0,,,,,
Sony Michel,RB,LA,3,TB,0,0,0,0,0,67,0,20,3,12,0,4,0,0,0,0,0,0,0,0,0,0,,,,,
Stefon Diggs,WR,BUF,3,WAS,0,0,0,0,0,0,0,0,6,62,0,10,0,0,0,0,0,0,0,0,0,0,,,,,
Sterling Shepard,WR,NYG,3,ATL,0,0,0,0,0,0,0,0,2,16,0,3,0,0,0,0,0,0,0,0,0,0,,,,,
T.J. Hockenson,TE,DET,3,BAL,0,0,0,0,0,0,0,0,2,10,0,2,0,0,0,0,0,0,0,0,0,0,,,,,
TB,DEF,TB,3,LA,,,,,,,,,,,,,,,,,,,,,,,0,0,0,0,34.0
TEN,DEF,TEN,3,IND,,,,,,,,,,,,,,,,,,,,,,,0,0,0,0,16.0
Tajae Sharpe,WR,ATL,3,NYG,0,0,0,0,0,0,0,0,1,6,0,1,0,0,0,0,0,0,0,0,0,0,,,,,
Taylor Heinicke,QB,WAS,3,BUF,212,2,24,14,2,21,1,8,1,-2,0,1,0,0,0,0,0,0,0,0,0,0,,,,,
Taysom Hill,TE,NO,3,NE,0,0,0,0,0,32,1,6,0,0,0,0,0,0,0,0,0,0,0,0,0,0,,,,,
Teddy Bridgewater,QB,DEN,3,NYJ,235,0,25,19,0,24,0,4,0,0,0,0,0,0,0,0,0,0,0,0,0,0,,,,,
Terrace Marshall Jr.,WR,CAR,3,HOU,0,0,0,0,0,0,0,0,4,48,0,5,0,0,0,0,0,0,0,0,0,0,,,,,
Terry McLaurin,WR,WAS,3,BUF,0,0,0,0,0,0,0,0,4,62,0,7,0,0,0,0,0,0,0,0,0,0,,,,,
Tim Patrick,WR,DEN,3,NYJ,0,0,0,0,0,0,0,0,5,98,0,5,0,0,0,0,0,0,0,0,0,0,,,,,
Tom Brady,QB,TB,3,LA,432,1,55,41,0,14,1,3,0,0,0,0,0,0,0,0,0,0,0,0,0,0,,,,,
Tommy Hudson,TE,TEN,3,IND,0,0,0,0,0,0,0,0,1,3,0,2,0,0,0,0,0,0,0,0,0,0,,,,,
Tommy Sweeney,TE,BUF,3,WAS,0,0,0,0,0,0,0,0,2,2,0,2,0,0,0,0,0,0,0,0,0,0,,,,,
Tommy Tremble,TE,CAR,3,HOU,0,0,0,0,0,7,1,1,1,30,0,1,0,0,0,0,0,0,0,0,0,0,,,,,
Tony Jones,RB,NO,3,NE,0,0,0,0,0,12,0,2,2,10,0,2,0,0,0,0,0,0,0,0,0,0,,,,,
Tony Pollard,RB,DAL,3,PHI,0,0,0,0,0,60,0,11,1,5,0,1,0,0,0,0,0,0,0,0,0,0,,,,,
Travis Homer,RB,SEA,3,MIN,0,0,0,0,0,0,0,0,3,48,0,3,0,0,0,0,0,0,0,0,0,0,,,,,
Travis Kelce,TE,KC,3,LAC,0,0,0,0,0,0,0,0,7,104,0,11,0,0,0,0,0,0,0,0,0,0,,,,,
Trenton Cannon,RB,SF,3,GB,0,0,0,0,0,0,0,0,0,0,0,0,0,0,0,0,0,0,0,0,0,0,,,,,
Trevor Lawrence,QB,JAX,3,ARI,219,1,34,22,2,27,0,6,0,0,0,0,0,0,0,0,0,0,0,0,0,0,,,,,
Trey Lance,QB,SF,3,GB,0,0,0,0,0,1,1,1,0,0,0,0,0,0,0,0,0,0,0,0,0,0,,,,,
Trey Sermon,RB,SF,3,GB,0,0,0,0,0,31,1,10,2,3,0,3,0,0,0,0,0,0,0,0,0,0,,,,,
Trinity Benson,WR,DET,3,BAL,0,0,0,0,0,0,0,0,0,0,0,1,0,0,0,0,0,0,0,0,0,0,,,,,
Tristan Vizcaino,K,LAC,3,KC,0,0,0,0,0,0,0,0,0,0,0,0,0,0,0,0,1,0,0,0,0,1,,,,,
Tutu Atwell,WR,LA,3,TB,0,0,0,0,0,0,0,0,0,0,0,0,0,0,0,0,0,0,0,0,0,0,,,,,
Ty Johnson,RB,NYJ,3,DEN,0,0,0,0,0,17,0,3,1,6,0,5,0,0,0,0,0,0,0,0,0,0,,,,,
Ty Montgomery,WR,NO,3,NE,0,0,0,0,0,0,0,0,0,0,0,0,0,0,0,0,0,0,0,0,0,0,,,,,
Ty'Son Williams,RB,BAL,3,DET,0,0,0,0,0,22,0,5,0,0,0,1,0,0,0,0,0,0,0,0,0,0,,,,,
Tyler Bass,K,BUF,3,WAS,0,0,0,0,0,0,0,0,0,0,0,0,0,0,0,0,2,0,1,0,0,4,,,,,
Tyler Boyd,WR,CIN,3,PIT,0,0,0,0,0,0,0,0,4,36,1,6,0,0,0,0,0,0,0,0,0,0,,,,,
Tyler Conklin,TE,MIN,3,SEA,0,0,0,0,0,0,0,0,7,70,1,8,0,0,0,0,0,0,0,0,0,0,,,,,
Tyler Higbee,TE,LA,3,TB,0,0,0,0,0,0,0,0,5,40,1,5,0,0,0,0,0,0,0,0,0,0,,,,,
Tyler Johnson,WR,TB,3,LA,0,0,0,0,0,0,0,0,3,63,0,6,0,0,0,0,0,0,0,0,0,0,,,,,
Tyler Kroft,TE,NYJ,3,DEN,0,0,0,0,0,0,0,0,2,12,0,2,0,0,0,0,0,0,0,0,0,0,,,,,
Tyler Lockett,WR,SEA,3,MIN,0,0,0,0,0,0,0,0,4,31,0,4,0,0,0,0,0,0,0,0,0,0,,,,,
Tyreek Hill,WR,KC,3,LAC,0,0,0,0,0,11,0,1,5,56,0,7,0,0,0,0,0,0,0,0,0,0,,,,,
Van Jefferson,WR,LA,3,TB,0,0,0,0,0,0,0,0,4,42,0,6,0,0,0,0,0,0,0,0,0,0,,,,,
WAS,DEF,WAS,3,BUF,,,,,,,,,,,,,,,,,,,,,,,0,0,0,0,43.0
Will Dissly,TE,SEA,3,MIN,0,0,0,0,0,0,0,0,1,39,0,1,0,0,0,0,0,0,0,0,0,0,,,,,
Will Fuller,WR,MIA,3,LV,0,0,0,0,0,0,0,0,3,20,0,6,0,0,1,0,0,0,0,0,0,0,,,,,
Younghoe Koo,K,ATL,3,NYG,0,0,0,0,0,0,0,0,0,0,0,0,0,0,0,0,0,0,1,0,0,2,,,,,
Zach Ertz,TE,PHI,3,DAL,0,0,0,0,0,0,0,0,4,53,1,7,0,0,0,0,0,0,0,0,0,0,,,,,
Zach Pascal,WR,IND,3,TEN,0,0,0,0,0,0,0,0,2,31,0,7,0,0,0,0,0,0,0,0,0,0,,,,,
Zach Wilson,QB,NYJ,3,DEN,160,0,35,19,2,2,0,1,0,0,0,0,0,0,0,0,0,0,0,0,0,0,,,,,
Zack Moss,RB,BUF,3,WAS,0,0,0,0,0,60,0,13,3,31,1,3,0,0,0,0,0,0,0,0,0,0,,,,,
Zane Gonzalez,K,CAR,3,HOU,0,0,0,0,0,0,0,0,0,0,0,0,0,0,0,0,1,0,0,0,0,3,,,,,
Zay Jones,WR,LV,3,MIA,0,0,0,0,0,0,0,0,1,15,0,1,0,0,0,0,0,0,0,0,0,0,,,,,
A.J. Green,WR,ARI,4,LA,0,0,0,0,0,0,0,0,5,67,1,6,0,0,0,0,0,0,0,0,0,0,,,,,
AJ Dillon,RB,GB,4,PIT,0,0,0,0,0,81,0,15,1,16,0,1,0,0,0,0,0,0,0,0,0,0,,,,,
ARI,DEF,ARI,4,LA,,,,,,,,,,,,,,,,,,,,,,,0,0,0,0,20.0
ATL,DEF,ATL,4,WAS,,,,,,,,,,,,,,,,,,,,,,,0,0,0,0,34.0
Aaron Jones,RB,GB,4,PIT,0,0,0,0,0,48,0,15,3,51,0,4,0,0,0,0,0,0,0,0,0,0,,,,,
Aaron Rodgers,QB,GB,4,PIT,248,2,36,20,0,2,1,3,0,0,0,0,0,0,0,0,0,0,0,0,0,0,,,,,
Adam Humphries,WR,WAS,4,ATL,0,0,0,0,0,0,0,0,1,19,0,1,0,0,0,0,0,0,0,0,0,0,,,,,
Adam Shaheen,TE,MIA,4,IND,0,0,0,0,0,0,0,0,0,0,0,1,0,0,0,0,0,0,0,0,0,0,,,,,
Adam Thielen,WR,MIN,4,CLE,0,0,0,0,0,0,0,0,3,46,0,8,0,0,0,0,0,0,0,0,0,0,,,,,
Adam Trautman,TE,NO,4,NYG,0,0,0,0,0,0,0,0,1,3,0,1,0,0,0,0,0,0,0,0,0,0,,,,,
Albert Okwuegbunam,TE,DEN,4,BAL,0,0,0,0,0,0,0,0,1,11,0,2,0,0,0,0,0,0,0,0,0,0,,,,,
Albert Wilson,WR,MIA,4,IND,0,0,0,0,0,0,0,0,1,11,0,2,0,0,0,0,0,0,0,0,0,0,,,,,
Aldrick Rosas,K,NO,4,NYG,0,0,0,0,0,0,0,0,0,0,0,0,0,0,0,0,0,0,0,0,0,3,,,,,
Alex Armah,RB,NO,4,NYG,0,0,0,0,0,2,0,1,0,0,0,0,0,0,0,0,0,0,0,0,0,0,,,,,
Alex Collins,RB,SEA,4,SF,0,0,0,0,0,44,1,10,2,34,0,2,0,0,0,0,0,0,0,0,0,0,,,,,
Alex Erickson,WR,CAR,4,DAL,0,0,0,0,0,0,0,0,0,0,0,0,0,0,0,0,0,0,0,0,0,0,,,,,
Alexander Mattison,RB,MIN,4,CLE,0,0,0,0,0,20,0,10,0,0,0,0,0,0,0,0,0,0,0,0,0,0,,,,,
Allen Lazard,WR,GB,4,PIT,0,0,0,0,0,0,0,0,2,33,0,3,0,0,0,0,0,0,0,0,0,0,,,,,
Allen Robinson,WR,CHI,4,DET,0,0,0,0,0,0,0,0,3,63,0,3,0,0,0,0,0,0,0,0,0,0,,,,,
Alvin Kamara,RB,NO,4,NYG,0,0,0,0,0,120,0,26,0,0,0,0,0,0,0,0,0,0,0,0,0,0,,,,,
Amari Cooper,WR,DAL,4,CAR,0,0,0,0,0,0,0,0,3,69,1,3,0,0,0,0,0,0,0,0,0,0,,,,,
Amari Rodgers,WR,GB,4,PIT,0,0,0,0,0,0,0,0,0,0,0,0,0,0,0,0,0,0,0,0,0,0,,,,,
Ameer Abdullah,RB,MIN,4,CLE,0,0,0,0,0,0,0,0,1,2,0,1,0,0,0,0,0,0,0,0,0,0,,,,,
Amon-Ra St. Brown,WR,DET,4,CHI,0,0,0,0,0,0,0,0,6,70,0,8,0,0,0,0,0,0,0,0,0,0,,,,,
Andre Roberts,WR,HOU,4,BUF,0,0,0,0,0,0,0,0,0,0,0,0,0,0,0,0,0,0,0,0,0,0,,,,,
Anthony Firkser,TE,TEN,4,NYJ,0,0,0,0,0,0,0,0,3,23,0,5,0,0,0,0,0,0,0,0,0,0,,,,,
Anthony Miller,WR,HOU,4,BUF,0,0,0,0,0,0,0,0,1,3,0,5,0,0,0,0,0,0,0,0,0,0,,,,,
Anthony Schwartz,WR,CLE,4,MIN,0,0,0,0,0,0,0,0,0,0,0,1,0,0,0,0,0,0,0,0,0,0,,,,,
Antonio Brown,WR,TB,4,NE,0,0,0,0,0,0,0,0,7,63,0,11,0,0,0,0,0,0,0,0,0,0,,,,,
Antonio Gibson,RB,WAS,4,ATL,0,0,0,0,0,63,1,14,2,12,0,2,0,0,0,0,0,0,0,0,0,0,,,,,
Ashton Dulin,WR,IND,4,MIA,0,0,0,0,0,0,0,0,1,17,0,1,0,0,0,0,0,0,0,0,0,0,,,,,
Auden Tate,WR,CIN,4,JAX,0,0,0,0,0,0,0,0,1,18,0,1,0,0,0,0,0,0,0,0,0,0,,,,,
Austin Ekeler,RB,LAC,4,LV,0,0,0,0,0,117,1,15,3,28,1,5,0,0,0,0,0,0,0,0,0,0,,,,,
Austin Hooper,TE,CLE,4,MIN,0,0,0,0,0,0,0,0,1,11,0,5,0,0,0,0,0,0,0,0,0,0,,,,,
Avery Williams,RB,ATL,4,WAS,0,0,0,0,0,0,0,0,0,0,0,0,0,0,0,0,0,0,0,0,0,0,,,,,
BAL,DEF,BAL,4,DEN,,,,,,,,,,,,,,,,,,,,,,,0,0,0,0,7.0
BUF,DEF,BUF,4,HOU,,,,,,,,,,,,,,,,,,,,,,,0,0,0,0,0.0
Baker Mayfield,QB,CLE,4,MIN,155,0,33,15,0,11,0,2,0,0,0,0,0,0,1,0,0,0,0,0,0,0,,,,,
Ben Roethlisberger,QB,PIT,4,GB,232,1,40,26,1,0,0,0,0,0,0,0,0,0,0,0,0,0,0,0,0,0,,,,,
Benny Snell,RB,PIT,4,GB,0,0,0,0,0,0,0,1,0,0,0,1,0,0,0,0,0,0,0,0,0,0,,,,,
Blake Jarwin,TE,DAL,4,CAR,0,0,0,0,0,0,0,0,1,18,1,3,0,0,0,0,0,0,0,0,0,0,,,,,
Brandin Cooks,WR,HOU,4,BUF,0,0,0,0,0,0,0,0,5,47,0,7,0,0,0,0,0,0,0,0,0,0,,,,,
Brandon Aiyuk,WR,SF,4,SEA,0,0,0,0,0,0,0,0,1,15,0,3,0,0,0,0,0,0,0,0,0,0,,,,,
Brandon Bolden,RB,NE,4,TB,0,0,0,0,0,0,0,1,6,51,0,6,0,0,0,0,0,0,0,0,0,0,,,,,
Brandon McManus,K,DEN,4,BAL,0,0,0,0,0,0,0,0,0,0,0,0,0,0,0,0,0,0,0,0,0,1,,,,,
Brandon Zylstra,WR,CAR,4,DAL,0,0,0,0,0,0,0,0,2,63,0,2,0,0,0,0,0,0,0,0,0,0,,,,,
Braxton Berrios,WR,NYJ,4,TEN,0,0,0,0,0,15,0,2,1,0,0,1,0,0,0,0,0,0,0,0,0,0,,,,,
Bryan Edwards,WR,LV,4,LAC,0,0,0,0,0,0,0,0,1,4,0,4,0,0,0,0,0,0,0,0,0,0,,,,,
Buddy Howell,RB,LA,4,ARI,0,0,0,0,0,0,0,0,0,0,0,0,0,0,0,0,0,0,0,0,0,0,,,,,
Byron Pringle,WR,KC,4,PHI,0,0,0,0,0,0,0,0,2,23,0,2,0,0,0,0,0,0,0,0,0,0,,,,,
C.J. Board,WR,NYG,4,NO,0,0,0,0,0,0,0,0,0,0,0,0,0,0,0,0,0,0,0,0,0,0,,,,,
C.J. Uzomah,TE,CIN,4,JAX,0,0,0,0,0,0,0,0,5,95,2,6,0,0,0,0,0,0,0,0,0,0,,,,,
CAR,DEF,CAR,4,DAL,,,,,,,,,,,,,,,,,,,,,,,0,0,0,0,36.0
CHI,DEF,CHI,4,DET,,,,,,,,,,,,,,,,,,,,,,,0,0,0,0,14.0
CIN,DEF,CIN,4,JAX,,,,,,,,,,,,,,,,,,,,,,,0,0,0,0,21.0
CLE,DEF,CLE,4,MIN,,,,,,,,,,,,,,,,,,,,,,,0,0,0,0,7.0
Cairo Santos,K,CHI,4,DET,0,0,0,0,0,0,0,0,0,0,0,0,0,0,0,0,0,1,0,0,0,3,,,,,
Calvin Ridley,WR,ATL,4,WAS,0,0,0,0,0,0,0,0,7,80,0,13,0,0,0,0,0,0,0,0,0,0,,,,,
Cam Sims,WR,WAS,4,ATL,0,0,0,0,0,0,0,0,0,0,0,0,0,0,0,0,0,0,0,0,0,0,,,,,
Cameron Batson,WR,TEN,4,NYJ,0,0,0,0,0,0,0,0,1,2,1,4,0,0,0,0,0,0,0,0,0,0,,,,,
Cameron Brate,TE,TB,4,NE,0,0,0,0,0,0,0,0,2,29,0,6,0,0,0,0,0,0,0,0,0,0,,,,,
Carson Wentz,QB,IND,4,MIA,228,2,32,24,0,8,0,5,0,0,0,0,0,0,0,0,0,0,0,0,0,0,,,,,
Cedrick Wilson Jr.,WR,DAL,4,CAR,0,0,0,0,0,0,0,0,2,30,1,2,0,0,0,0,0,0,0,0,0,0,,,,,
CeeDee Lamb,WR,DAL,4,CAR,0,0,0,0,0,0,0,0,2,13,0,5,0,0,0,0,0,0,0,0,0,0,,,,,
Cethan Carter,TE,MIA,4,IND,0,0,0,0,0,0,0,0,0,0,0,0,0,0,0,0,0,0,0,0,0,0,,,,,
Chase Edmonds,RB,ARI,4,LA,0,0,0,0,0,120,0,12,4,19,0,5,0,0,0,0,0,0,0,0,0,0,,,,,
Chase McLaughlin,K,CLE,4,MIN,0,0,0,0,0,0,0,0,0,0,0,0,0,0,0,0,0,0,1,1,0,0,,,,,
Chester Rogers,WR,TEN,4,NYJ,0,0,0,0,0,0,0,0,5,63,0,6,0,0,0,0,0,0,0,0,0,0,,,,,
Chris Boswell,K,PIT,4,GB,0,0,0,0,0,0,0,0,0,0,0,0,0,0,0,0,0,0,0,1,0,2,,,,,
Chris Carson,RB,SEA,4,SF,0,0,0,0,0,30,0,13,1,1,0,1,0,0,0,0,0,0,0,0,0,0,,,,,
Chris Conley,WR,HOU,4,BUF,0,0,0,0,0,0,0,0,0,0,0,1,0,0,0,0,0,0,0,0,0,0,,,,,
Chris Godwin Jr.,WR,TB,4,NE,0,0,0,0,0,0,0,0,3,55,0,5,0,0,0,0,0,0,0,0,0,0,,,,,
Chris Hogan,WR,NO,4,NYG,0,0,0,0,0,0,0,0,2,15,0,2,0,0,0,0,0,0,0,0,0,0,,,,,
Chris Manhertz,TE,JAX,4,CIN,0,0,0,0,0,0,0,0,1,7,0,1,0,0,0,0,0,0,0,0,0,0,,,,,
Christian Blake,WR,ATL,4,WAS,0,0,0,0,0,0,0,0,0,0,0,0,0,0,0,0,0,0,0,0,0,0,,,,,
Christian Kirk,WR,ARI,4,LA,0,0,0,0,0,0,0,0,1,5,0,1,0,0,0,0,0,0,0,0,0,0,,,,,
Chuba Hubbard,RB,CAR,4,DAL,0,0,0,0,0,57,0,13,2,14,0,2,0,0,0,0,0,0,0,0,0,0,,,,,
Clyde Edwards-Helaire,RB,KC,4,PHI,0,0,0,0,0,102,0,14,2,12,1,3,0,0,0,0,0,0,0,0,0,0,,,,,
Codey McElroy,TE,TB,4,NE,0,0,0,0,0,0,0,0,0,0,0,1,0,0,0,0,0,0,0,0,0,0,,,,,
Cole Beasley,WR,BUF,4,HOU,0,0,0,0,0,0,0,0,2,16,0,2,0,0,0,0,0,0,0,0,0,0,,,,,
Cole Kmet,TE,CHI,4,DET,0,0,0,0,0,0,0,0,1,6,0,3,0,0,0,0,0,0,0,0,0,0,,,,,
Colin Thompson,TE,CAR,4,DAL,0,0,0,0,0,0,0,0,0,0,0,0,0,0,0,0,0,0,0,0,0,0,,,,,
Collin Johnson,WR,NYG,4,NO,0,0,0,0,0,0,0,0,0,0,0,0,0,0,0,0,0,0,0,0,0,0,,,,,
Colt McCoy,QB,ARI,4,LA,0,0,0,0,0,-2,0,2,0,0,0,0,0,0,0,0,0,0,0,0,0,0,,,,,
Cooper Kupp,WR,LA,4,ARI,0,0,0,0,0,0,0,0,5,64,0,13,0,0,0,0,0,0,0,0,0,0,,,,,
Cordarrelle Patterson,RB,ATL,4,WAS,0,0,0,0,0,34,0,6,5,82,3,6,0,0,0,0,0,0,0,0,0,0,,,,,
Corey Davis,WR,NYJ,4,TEN,0,0,0,0,0,0,0,0,4,111,1,7,0,0,0,0,0,0,0,0,0,0,,,,,
Courtland Sutton,WR,DEN,4,BAL,0,0,0,0,0,0,0,0,3,47,0,8,0,0,0,0,0,0,0,0,0,0,,,,,
Curtis Samuel,WR,WAS,4,ATL,0,0,0,0,0,0,0,0,4,19,0,4,0,0,0,0,0,0,0,0,0,0,,,,,
D'Andre Swift,RB,DET,4,CHI,0,0,0,0,0,16,0,8,4,33,0,6,0,0,0,0,0,0,0,0,0,0,,,,,
D'Ernest Johnson,RB,CLE,4,MIN,0,0,0,0,0,0,0,0,0,0,0,0,0,0,0,0,0,0,0,0,0,0,,,,,
DAL,DEF,DAL,4,CAR,,,,,,,,,,,,,,,,,,,,,,,0,0,0,0,28.0
DEN,DEF,DEN,4,BAL,,,,,,,,,,,,,,,,,,,,,,,0,0,0,0,23.0
DET,DEF,DET,4,CHI,,,,,,,,,,,,,,,,,,,,,,,0,0,0,0,24.0
DJ Moore,WR,CAR,4,DAL,0,0,0,0,0,6,0,1,8,113,2,12,0,0,0,0,0,0,0,0,0,0,,,,,
DK Metcalf,WR,SEA,4,SF,0,0,0,0,0,0,0,0,4,65,1,8,0,0,0,0,0,0,0,0,0,0,,,,,
Dak Prescott,QB,DAL,4,CAR,188,4,22,14,0,35,0,4,0,0,0,0,0,0,0,0,0,0,0,0,0,0,,,,,
Dallas Goedert,TE,PHI,4,KC,0,0,0,0,0,0,0,0,5,56,1,5,0,0,0,0,0,0,0,0,0,0,,,,,
Dalton Schultz,TE,DAL,4,CAR,0,0,0,0,0,0,0,0,6,58,1,8,0,0,0,0,0,0,0,0,0,0,,,,,
Dalvin Cook,RB,MIN,4,CLE,0,0,0,0,0,34,0,9,2,10,0,6,0,0,0,0,0,0,0,0,0,0,,,,,
Damien Harris,RB,NE,4,TB,0,0,0,0,0,-4,0,4,2,30,0,2,0,0,0,0,0,0,0,0,0,0,,,,,
Damien Williams,RB,CHI,4,DET,0,0,0,0,0,55,1,8,2,15,0,2,0,0,0,0,0,0,0,0,0,0,,,,,
Dan Arnold,TE,JAX,4,CIN,0,0,0,0,0,0,0,0,2,29,0,2,0,0,0,0,0,0,0,0,0,0,,,,,
Daniel Carlson,K,LV,4,LAC,0,0,0,0,0,0,0,0,0,0,0,0,0,0,0,0,0,0,0,0,0,2,,,,,
Daniel Jones,QB,NYG,4,NO,402,2,40,28,1,27,0,4,0,0,0,0,0,0,1,0,0,0,0,0,0,0,,,,,
Dare Ogunbowale,RB,JAX,4,CIN,0,0,0,0,0,3,0,2,0,0,0,0,0,0,0,0,0,0,0,0,0,0,,,,,
Darnell Mooney,WR,CHI,4,DET,0,0,0,0,0,10,0,1,5,125,0,7,0,0,0,0,0,0,0,0,0,0,,,,,
Darrel Williams,RB,KC,4,PHI,0,0,0,0,0,42,1,10,2,16,0,2,0,0,0,0,0,0,0,0,0,0,,,,,
Darrell Henderson,RB,LA,4,ARI,0,0,0,0,0,89,0,14,5,27,0,6,0,0,0,0,0,0,0,0,0,0,,,,,
Darren Waller,TE,LV,4,LAC,0,0,0,0,0,0,0,0,4,50,1,7,0,0,0,0,0,0,0,0,0,0,,,,,
Davante Adams,WR,GB,4,PIT,0,0,0,0,0,0,0,0,6,64,0,11,0,0,0,0,0,0,0,0,0,0,,,,,
David Johnson,RB,HOU,4,BUF,0,0,0,0,0,21,0,5,3,27,0,4,0,0,0,0,0,0,0,0,0,0,,,,,
David Montgomery,RB,CHI,4,DET,0,0,0,0,0,106,2,23,0,0,0,0,0,0,0,0,0,0,0,0,0,0,,,,,
David Njoku,TE,CLE,4,MIN,0,0,0,0,0,0,0,0,2,17,0,2,0,0,0,0,0,0,0,0,0,0,,,,,
Davis Mills,QB,HOU,4,BUF,87,0,21,11,4,2,0,1,0,0,0,0,0,0,0,0,0,0,0,0,0,0,,,,,
Dawson Knox,TE,BUF,4,HOU,0,0,0,0,0,0,0,0,5,37,2,8,0,0,0,0,0,0,0,0,0,0,,,,,
DeAndre Carter,WR,WAS,4,ATL,0,0,0,0,0,0,0,0,1,24,0,1,1,0,0,0,0,0,0,0,0,0,,,,,
DeAndre Hopkins,WR,ARI,4,LA,0,0,0,0,0,0,0,0,4,67,0,7,0,0,0,0,0,0,0,0,0,0,,,,,
DeSean Jackson,WR,LA,4,ARI,0,0,0,0,0,0,0,0,1,6,0,3,0,0,0,0,0,0,0,0,0,0,,,,,
DeVante Parker,WR,MIA,4,IND,0,0,0,0,0,0,0,0,4,77,1,9,0,0,0,0,0,0,0,0,0,0,,,,,
DeVonta Smith,WR,PHI,4,KC,0,0,0,0,0,0,0,0,7,122,0,10,0,0,0,0,0,0,0,0,0,0,,,,,
Dede Westbrook,WR,MIN,4,CLE,0,0,0,0,0,0,0,0,1,17,0,1,0,0,0,0,0,0,0,0,0,0,,,,,
DeeJay Dallas,RB,SEA,4,SF,0,0,0,0,0,0,0,0,0,0,0,0,0,0,0,0,0,0,0,0,0,0,,,,,
Deebo Samuel Sr.,WR,SF,4,SEA,0,0,0,0,0,1,0,1,8,156,2,13,0,0,0,0,0,0,0,0,0,0,,,,,
Demetric Felton,RB,CLE,4,MIN,0,0,0,0,0,0,0,0,2,12,0,2,0,0,0,0,0,0,0,0,0,0,,,,,
Demetrius Harris,TE,ARI,4,LA,0,0,0,0,0,0,0,0,0,0,0,0,0,0,0,0,0,0,0,0,0,0,,,,,
Deonte Harty,WR,NO,4,NYG,0,0,0,0,0,0,0,0,5,52,0,8,0,0,0,0,0,0,0,0,0,0,,,,,
Derek Carr,QB,LV,4,LAC,196,2,34,21,1,6,0,3,0,0,0,0,0,0,0,0,0,0,0,0,0,0,,,,,
Derrick Henry,RB,TEN,4,NYJ,0,0,0,0,0,157,1,33,2,20,0,2,0,0,0,0,0,0,0,0,0,0,,,,,
Devin Duvernay,WR,BAL,4,DEN,0,0,0,0,0,0,0,0,3,31,0,6,0,0,0,0,0,0,0,0,0,0,,,,,
Devin Singletary,RB,BUF,4,HOU,0,0,0,0,0,79,0,14,1,7,0,1,0,0,0,0,0,0,0,0,0,0,,,,,
Devonta Freeman,RB,BAL,4,DEN,0,0,0,0,0,4,0,1,0,0,0,0,0,0,0,0,0,0,0,0,0,0,,,,,
Devontae Booker,RB,NYG,4,NO,0,0,0,0,0,6,0,1,1,6,0,1,0,0,0,0,0,0,0,0,0,0,,,,,
Diontae Johnson,WR,PIT,4,GB,0,0,0,0,0,0,0,0,9,92,1,13,0,0,0,0,0,0,0,0,0,0,,,,,
Diontae Spencer,WR,DEN,4,BAL,0,0,0,0,0,0,0,0,0,0,0,1,0,0,0,0,0,0,0,0,0,0,,,,,
Donald Parham,TE,LAC,4,LV,0,0,0,0,0,0,0,0,2,17,1,3,0,0,0,0,0,0,0,0,0,0,,,,,
Drew Lock,QB,DEN,4,BAL,113,0,21,12,1,0,0,0,0,0,0,0,0,0,0,0,0,0,0,0,0,0,,,,,
Durham Smythe,TE,MIA,4,IND,0,0,0,0,0,0,0,0,2,6,0,2,0,0,0,0,0,0,0,0,0,0,,,,,
Dustin Hopkins,K,WAS,4,ATL,0,0,0,0,0,0,0,0,0,0,0,0,0,0,0,0,1,0,0,0,0,1,,,,,
Dwayne Washington,RB,NO,4,NYG,0,0,0,0,0,5,0,1,1,6,0,1,0,0,0,0,0,0,0,0,0,0,,,,,
Dyami Brown,WR,WAS,4,ATL,0,0,0,0,0,0,0,0,1,19,0,2,0,0,0,0,0,0,0,0,0,0,,,,,
Emmanuel Sanders,WR,BUF,4,HOU,0,0,0,0,0,7,0,1,5,74,0,6,0,0,0,0,0,0,0,0,0,0,,,,,
Equanimeous St. Brown,WR,GB,4,PIT,0,0,0,0,0,0,0,0,0,0,0,1,0,0,0,0,0,0,0,0,0,0,,,,,
Eric Ebron,TE,PIT,4,GB,0,0,0,0,0,0,0,0,2,8,0,2,0,0,0,0,0,0,0,0,0,0,,,,,
Eric Saubert,TE,DEN,4,BAL,0,0,0,0,0,0,0,0,0,0,0,0,0,0,0,0,0,0,0,0,0,0,,,,,
Evan Engram,TE,NYG,4,NO,0,0,0,0,0,-3,0,1,5,27,0,6,0,0,0,0,0,0,0,0,0,0,,,,,
Evan McPherson,K,CIN,4,JAX,0,0,0,0,0,0,0,0,0,0,0,0,0,0,0,0,0,1,0,0,0,3,,,,,
Ezekiel Elliott,RB,DAL,4,CAR,0,0,0,0,0,143,1,20,0,0,0,1,0,0,0,0,0,0,0,0,0,0,,,,,
Feleipe Franks,TE,ATL,4,WAS,0,0,0,0,0,3,0,1,0,0,0,0,0,0,0,0,0,0,0,0,0,0,,,,,
Freddie Swain,WR,SEA,4,SF,0,0,0,0,0,0,0,0,3,20,1,4,0,0,0,0,0,0,0,0,0,0,,,,,
GB,DEF,GB,4,PIT,,,,,,,,,,,,,,,,,,,,,,,0,0,0,0,17.0
Gabe Davis,WR,BUF,4,HOU,0,0,0,0,0,0,0,0,0,0,0,1,0,0,0,0,0,0,0,0,0,0,,,,,
Garrett Griffin,TE,NO,4,NYG,0,0,0,0,0,0,0,0,0,0,0,0,0,0,0,0,0,0,0,0,0,0,,,,,
Gary Brightwell,RB,NYG,4,NO,0,0,0,0,0,0,0,0,0,0,0,0,0,0,0,0,0,0,0,0,0,0,,,,,
Geoff Swaim,TE,TEN,4,NYJ,0,0,0,0,0,0,0,0,0,0,0,1,0,0,0,0,0,0,0,0,0,0,,,,,
George Kittle,TE,SF,4,SEA,0,0,0,0,0,0,0,0,4,40,0,10,0,0,0,0,0,0,0,0,0,0,,,,,
Graham Gano,K,NYG,4,NO,0,0,0,0,0,0,0,0,0,0,0,0,0,0,0,0,1,0,1,0,0,1,,,,,
Greg Joseph,K,MIN,4,CLE,0,0,0,0,0,0,0,0,0,0,0,0,0,0,0,0,0,0,0,0,0,1,,,,,
Greg Ward,WR,PHI,4,KC,0,0,0,0,0,0,0,0,1,15,1,2,0,0,0,0,0,0,0,0,0,0,,,,,
Greg Zuerlein,K,DAL,4,CAR,0,0,0,0,0,0,0,0,0,0,0,0,0,0,0,0,0,1,0,0,0,3,,,,,
Gunner Olszewski,WR,NE,4,TB,0,0,0,0,0,0,0,0,0,0,0,0,0,0,0,0,0,0,0,0,0,0,,,,,
HOU,DEF,HOU,4,BUF,,,,,,,,,,,,,,,,,,,,,,,0,0,0,0,40.0
Harrison Bryant,TE,CLE,4,MIN,0,0,0,0,0,0,0,0,1,3,0,2,0,0,0,0,0,0,0,0,0,0,,,,,
Harrison Butker,K,KC,4,PHI,0,0,0,0,0,0,0,0,0,0,0,0,0,0,0,0,0,0,0,0,0,6,,,,,
Hayden Hurst,TE,ATL,4,WAS,0,0,0,0,0,0,0,0,4,29,0,4,0,0,0,0,0,0,0,0,0,0,,,,,
Henry Ruggs III,WR,LV,4,LAC,0,0,0,0,0,0,0,0,3,60,0,6,0,0,0,0,0,0,0,0,0,0,,,,,
Hunter Henry,TE,NE,4,TB,0,0,0,0,0,0,0,0,4,32,1,5,0,0,0,0,0,0,0,0,0,0,,,,,
Hunter Renfrow,WR,LV,4,LAC,0,0,0,0,0,0,0,0,6,45,1,8,0,0,0,0,0,0,0,0,0,0,,,,,
IND,DEF,IND,4,MIA,,,,,,,,,,,,,,,,,,,,,,,0,0,0,0,17.0
Ian Thomas,TE,CAR,4,DAL,0,0,0,0,0,0,0,0,3,15,0,3,0,0,0,0,0,0,0,0,0,0,,,,,
Isaiah McKenzie,WR,BUF,4,HOU,0,0,0,0,0,0,0,0,0,0,0,0,0,0,0,0,0,0,0,0,0,0,,,,,
J.D. McKissic,RB,WAS,4,ATL,0,0,0,0,0,15,0,7,5,44,1,5,0,0,0,0,0,0,0,0,0,0,,,,,
J.J. Arcega-Whiteside,WR,PHI,4,KC,0,0,0,0,0,0,0,0,0,0,0,0,0,0,0,0,0,0,0,0,0,0,,,,,
J.J. Taylor,RB,NE,4,TB,0,0,0,0,0,0,0,1,1,0,0,1,0,0,0,0,0,0,0,0,0,0,,,,,
J.P. Holtz,TE,CHI,4,DET,0,0,0,0,0,0,0,0,0,0,0,0,0,0,0,0,0,0,0,0,0,0,,,,,
JAX,DEF,JAX,4,CIN,,,,,,,,,,,,,,,,,,,,,,,0,0,0,0,24.0
Ja'Marr Chase,WR,CIN,4,JAX,0,0,0,0,0,0,0,0,6,77,0,9,0,0,0,0,0,0,0,0,0,0,,,,,
Jack Doyle,TE,IND,4,MIA,0,0,0,0,0,0,0,0,1,24,0,1,0,0,0,0,0,0,0,0,0,0,,,,,
Jacob Hollister,TE,JAX,4,CIN,0,0,0,0,0,0,0,0,1,5,0,1,0,0,0,0,0,0,0,0,0,0,,,,,
Jacoby Brissett,QB,MIA,4,IND,199,2,30,20,0,8,0,3,0,0,0,0,0,0,0,0,0,0,0,0,0,0,,,,,
Jacques Patrick,RB,SF,4,SEA,0,0,0,0,0,12,0,2,0,0,0,0,0,0,0,0,0,0,0,0,0,0,,,,,
Jake Elliott,K,PHI,4,KC,0,0,0,0,0,0,0,0,0,0,0,0,0,0,0,0,2,1,0,0,0,3,,,,,
Jake Kumerow,WR,BUF,4,HOU,0,0,0,0,0,0,0,0,0,0,0,0,0,0,0,0,0,0,0,0,0,0,,,,,
Jakeem Grant,WR,MIA,4,IND,0,0,0,0,0,0,0,0,1,-7,0,1,0,0,0,0,0,0,0,0,0,0,,,,,
Jakobi Meyers,WR,NE,4,TB,45,0,2,2,0,0,0,0,8,70,0,12,0,0,0,0,0,0,0,0,0,0,,,,,
Jalen Guyton,WR,LAC,4,LV,0,0,0,0,0,20,0,2,1,9,0,2,0,0,0,0,0,0,0,0,0,0,,,,,
Jalen Hurts,QB,PHI,4,KC,387,2,48,32,0,47,0,8,0,0,0,0,0,0,0,0,0,0,0,0,0,0,,,,,
Jalen Reagor,WR,PHI,4,KC,0,0,0,0,0,12,0,1,1,9,0,1,0,0,0,0,0,0,0,0,0,0,,,,,
Jamaal Williams,RB,DET,4,CHI,0,0,0,0,0,66,0,14,0,0,0,0,0,0,0,0,0,0,0,0,0,0,,,,,
Jamal Agnew,WR,JAX,4,CIN,0,0,0,0,0,11,0,1,1,27,0,1,0,0,0,0,0,0,0,0,0,0,,,,,
Jameis Winston,QB,NO,4,NYG,226,1,23,17,0,0,0,0,0,0,0,0,0,0,0,0,0,0,0,0,0,0,,,,,
James Conner,RB,ARI,4,LA,0,0,0,0,0,50,2,18,2,16,0,2,0,0,0,0,0,0,0,0,0,0,,,,,
James Proche,WR,BAL,4,DEN,0,0,0,0,0,0,0,0,5,74,0,6,0,0,0,0,0,0,0,0,0,0,,,,,
James Robinson,RB,JAX,4,CIN,0,0,0,0,0,78,2,18,1,-2,0,2,0,0,0,0,0,0,0,0,0,0,,,,,
James Washington,WR,PIT,4,GB,0,0,0,0,0,0,0,0,4,69,0,5,0,0,0,0,0,0,0,0,0,0,,,,,
Jamison Crowder,WR,NYJ,4,TEN,0,0,0,0,0,0,0,0,7,61,1,9,0,0,0,0,0,0,0,0,0,0,,,,,
Jared Cook,TE,LAC,4,LV,0,0,0,0,0,0,0,0,6,70,1,7,0,0,0,0,0,0,0,0,0,0,,,,,
Jared Goff,QB,DET,4,CHI,299,2,38,24,0,8,0,3,0,0,0,0,0,0,0,0,0,0,0,0,0,0,,,,,
Jaret Patterson,RB,WAS,4,ATL,0,0,0,0,0,1,0,2,1,11,0,1,0,0,0,0,0,0,0,0,0,0,,,,,
Jason Myers,K,SEA,4,SF,0,0,0,0,0,0,0,0,0,0,0,0,0,0,0,0,0,0,0,0,0,4,,,,,
Jason Sanders,K,MIA,4,IND,0,0,0,0,0,0,0,0,0,0,0,0,0,0,0,0,0,1,0,0,0,2,,,,,
Jauan Jennings,WR,SF,4,SEA,0,0,0,0,0,0,0,0,1,14,0,1,0,0,0,0,0,0,0,0,0,0,,,,,
Javonte Williams,RB,DEN,4,BAL,0,0,0,0,0,48,0,7,3,11,0,3,0,0,0,0,0,0,0,0,0,0,,,,,
Jaydon Mickens,WR,TB,4,NE,0,0,0,0,0,0,0,0,0,0,0,0,0,0,0,0,0,0,0,0,0,0,,,,,
Jaylen Waddle,WR,MIA,4,IND,0,0,0,0,0,0,0,0,3,33,0,4,0,0,0,0,0,0,0,0,0,0,,,,,
Jeremy McNichols,RB,TEN,4,NYJ,0,0,0,0,0,11,0,1,8,74,0,12,0,0,0,0,0,0,0,0,0,0,,,,,
Jeremy Sprinkle,TE,DAL,4,CAR,0,0,0,0,0,0,0,0,0,0,0,0,0,0,0,0,0,0,0,0,0,0,,,,,
Jerick McKinnon,RB,KC,4,PHI,0,0,0,0,0,0,0,0,0,0,0,0,0,0,0,0,0,0,0,0,0,0,,,,,
Jimmy Garoppolo,QB,SF,4,SEA,165,1,23,14,1,0,0,0,0,0,0,0,0,0,0,0,0,0,0,0,0,0,,,,,
Joe Burrow,QB,CIN,4,JAX,348,2,32,25,0,4,0,3,0,0,0,0,0,0,0,0,0,0,0,0,0,0,,,,,
Joe Mixon,RB,CIN,4,JAX,0,0,0,0,0,67,1,16,1,0,0,2,0,0,0,0,0,0,0,0,0,0,,,,,
John Ross,WR,NYG,4,NO,0,0,0,0,0,0,0,0,3,77,1,4,0,0,0,0,0,0,0,0,0,0,,,,,
Johnny Mundt,TE,LA,4,ARI,0,0,0,0,0,0,0,0,1,9,0,1,0,0,0,0,0,0,0,0,0,0,,,,,
Jonathan Taylor,RB,IND,4,MIA,0,0,0,0,0,103,1,16,3,11,0,3,0,0,0,0,0,0,0,0,0,0,,,,,
Jonnu Smith,TE,NE,4,TB,0,0,0,0,0,0,0,0,3,14,1,5,0,0,0,0,0,0,0,0,0,0,,,,,
Jordan Akins,TE,HOU,4,BUF,0,0,0,0,0,3,0,1,1,4,0,1,0,0,0,0,0,0,0,0,0,0,,,,,
Joseph Fortson,TE,KC,4,PHI,0,0,0,0,0,0,0,0,1,2,1,1,0,0,0,0,0,0,0,0,0,0,,,,,
Josh Allen,QB,BUF,4,HOU,248,2,30,20,1,41,0,6,0,0,0,0,0,0,0,0,0,0,0,0,0,0,,,,,
Josh Jacobs,RB,LV,4,LAC,0,0,0,0,0,40,0,13,5,17,0,5,0,0,0,0,0,0,0,0,0,0,,,,,
Josh Oliver,TE,BAL,4,DEN,0,0,0,0,0,0,0,0,0,0,0,1,0,0,0,0,0,0,0,0,0,0,,,,,
Josh Reynolds,WR,TEN,4,NYJ,0,0,0,0,0,0,0,0,6,59,0,9,0,0,0,0,0,0,0,0,0,0,,,,,
Josiah Deguara,TE,GB,4,PIT,0,0,0,0,0,0,0,0,0,0,0,0,0,0,0,0,0,0,0,0,0,0,,,,,
JuJu Smith-Schuster,WR,PIT,4,GB,0,0,0,0,0,0,0,0,2,11,0,8,0,0,0,0,0,0,0,0,0,0,,,,,
Justin Fields,QB,CHI,4,DET,209,0,17,11,1,9,0,3,0,0,0,0,0,0,0,0,0,0,0,0,0,0,,,,,
Justin Herbert,QB,LAC,4,LV,222,3,38,25,0,4,0,3,0,0,0,0,0,0,0,0,0,0,0,0,0,0,,,,,
Justin Jackson,RB,LAC,4,LV,0,0,0,0,0,-4,0,3,4,17,0,4,0,0,0,0,0,0,0,0,0,0,,,,,
Justin Jefferson,WR,MIN,4,CLE,0,0,0,0,0,0,0,0,6,84,1,7,0,0,0,0,0,0,0,0,0,0,,,,,
Justin Tucker,K,BAL,4,DEN,0,0,0,0,0,0,0,0,0,0,0,0,0,0,0,0,1,0,2,0,0,2,,,,,
Juwan Johnson,TE,NO,4,NYG,0,0,0,0,0,0,0,0,2,20,1,3,0,0,0,0,0,0,0,0,0,0,,,,,
K.J. Hill,WR,LAC,4,LV,0,0,0,0,0,0,0,0,0,0,0,0,0,0,0,0,0,0,0,0,0,0,,,,,
K.J. Osborn,WR,MIN,4,CLE,0,0,0,0,0,10,0,1,3,26,0,7,0,0,0,0,0,0,0,0,0,0,,,,,
KC,DEF,KC,4,PHI,,,,,,,,,,,,,,,,,,,,,,,0,0,0,0,30.0
Ka'imi Fairbairn,K,HOU,4,BUF,0,0,0,0,0,0,0,0,0,0,0,0,0,0,0,0,0,0,0,0,0,0,,,,,
Kadarius Toney,WR,NYG,4,NO,0,0,0,0,0,1,0,1,6,78,0,9,0,0,0,0,0,0,0,0,0,0,,,,,
Kalif Raymond,WR,DET,4,CHI,0,0,0,0,0,0,0,0,3,46,2,6,0,0,0,0,0,0,0,0,0,0,,,,,
Kareem Hunt,RB,CLE,4,MIN,0,0,0,0,0,69,1,14,2,17,0,4,0,0,0,0,0,0,0,0,0,0,,,,,
Keelan Cole,WR,NYJ,4,TEN,0,0,0,0,0,0,0,0,3,92,0,4,0,0,0,0,0,0,0,0,0,0,,,,,
Keenan Allen,WR,LAC,4,LV,0,0,0,0,0,0,0,0,7,36,0,11,0,0,0,0,0,0,0,0,0,0,,,,,
Kendall Hinton,WR,DEN,4,BAL,0,0,0,0,0,0,0,0,1,13,0,3,0,0,0,0,0,0,0,0,0,0,,,,,
Kendrick Bourne,WR,NE,4,TB,0,0,0,0,0,0,0,0,5,58,0,5,0,0,0,0,0,0,0,0,0,0,,,,,
Kenny Gainwell,RB,PHI,4,KC,0,0,0,0,0,31,1,3,6,58,0,8,0,0,0,0,0,0,0,0,0,0,,,,,
Kenny Golladay,WR,NYG,4,NO,0,0,0,0,0,0,0,0,6,116,0,7,0,0,0,0,0,0,0,0,0,0,,,,,
Kenny Stills,WR,NO,4,NYG,0,0,0,0,0,0,0,0,0,0,0,1,0,0,0,0,0,0,0,0,0,0,,,,,
Kenyan Drake,RB,LV,4,LAC,0,0,0,0,0,2,0,1,0,0,0,0,0,0,0,0,0,0,0,0,0,0,,,,,
KhaDarel Hodge,WR,DET,4,CHI,0,0,0,0,0,0,0,0,1,13,0,1,0,0,0,0,0,0,0,0,0,0,,,,,
Khalil Herbert,RB,CHI,4,DET,0,0,0,0,0,7,0,3,0,0,0,0,0,0,0,0,0,0,0,0,0,0,,,,,
Kirk Cousins,QB,MIN,4,CLE,203,1,38,20,1,0,0,2,0,0,0,0,0,0,0,0,0,0,0,0,0,0,,,,,
Kyle Juszczyk,RB,SF,4,SEA,0,0,0,0,0,0,0,0,4,41,0,4,0,0,0,0,0,0,0,0,0,0,,,,,
Kyle Pitts,TE,ATL,4,WAS,0,0,0,0,0,0,0,0,4,50,0,9,0,0,0,0,0,0,0,0,0,0,,,,,
Kyle Rudolph,TE,NYG,4,NO,0,0,0,0,0,0,0,0,2,24,0,3,0,0,0,0,0,0,0,0,0,0,,,,,
Kylen Granson,TE,IND,4,MIA,0,0,0,0,0,0,0,0,1,3,0,2,0,0,0,0,0,0,0,0,0,0,,,,,
Kyler Murray,QB,ARI,4,LA,268,2,32,24,0,39,0,6,0,0,0,0,0,0,0,0,0,0,0,0,0,0,,,,,
Kylin Hill,RB,GB,4,PIT,0,0,0,0,0,0,0,0,0,0,0,0,0,0,0,0,0,0,0,0,0,0,,,,,
LA,DEF,LA,4,ARI,,,,,,,,,,,,,,,,,,,,,,,0,0,0,0,37.0
LAC,DEF,LAC,4,LV,,,,,,,,,,,,,,,,,,,,,,,0,0,0,0,14.0
LV,DEF,LV,4,LAC,,,,,,,,,,,,,,,,,,,,,,,0,0,0,0,28.0
Lamar Jackson,QB,BAL,4,DEN,316,1,37,22,0,28,0,7,0,0,0,0,0,0,0,0,0,0,0,0,0,0,,,,,
Larry Rountree III,RB,LAC,4,LV,0,0,0,0,0,31,0,11,0,0,0,0,0,0,0,0,0,0,0,0,0,0,,,,,
Latavius Murray,RB,BAL,4,DEN,0,0,0,0,0,59,1,18,0,0,0,0,0,0,0,0,0,0,0,0,0,0,,,,,
Laviska Shenault Jr.,WR,JAX,4,CIN,0,0,0,0,0,11,0,1,6,99,0,7,0,0,0,0,0,0,0,0,0,0,,,,,
Le'Veon Bell,RB,BAL,4,DEN,0,0,0,0,0,11,0,4,0,0,0,1,0,0,0,0,0,0,0,0,0,0,,,,,
Leonard Fournette,RB,TB,4,NE,0,0,0,0,0,92,0,20,3,47,0,5,0,0,0,0,0,0,0,0,0,0,,,,,
Luke Farrell,TE,JAX,4,CIN,0,0,0,0,0,0,0,0,1,7,0,1,0,0,0,0,0,0,0,0,0,0,,,,,
MIA,DEF,MIA,4,IND,,,,,,,,,,,,,,,,,,,,,,,0,0,0,0,27.0
MIN,DEF,MIN,4,CLE,,,,,,,,,,,,,,,,,,,,,,,0,0,0,0,14.0
Mac Jones,QB,NE,4,TB,275,2,40,31,1,-1,0,1,0,0,0,0,0,0,0,0,0,0,0,0,0,0,,,,,
Malcolm Brown,RB,MIA,4,IND,0,0,0,0,0,23,0,8,1,4,0,1,0,0,0,0,0,0,0,0,0,0,,,,,
Marcedes Lewis,TE,GB,4,PIT,0,0,0,0,0,0,0,0,1,7,0,2,0,0,0,0,0,0,0,0,0,0,,,,,
Marcus Kemp,WR,KC,4,PHI,0,0,0,0,0,0,0,0,0,0,0,0,0,0,0,0,0,0,0,0,0,0,,,,,
Mark Andrews,TE,BAL,4,DEN,0,0,0,0,0,0,0,0,5,67,0,8,0,0,0,0,0,0,0,0,0,0,,,,,
Mark Ingram,RB,HOU,4,BUF,0,0,0,0,0,24,0,6,0,0,0,0,0,0,0,0,0,0,0,0,0,0,,,,,
Marlon Mack,RB,IND,4,MIA,0,0,0,0,0,22,0,10,1,1,0,2,0,0,0,0,0,0,0,0,0,0,,,,,
Marquez Callaway,WR,NO,4,NYG,0,0,0,0,0,0,0,0,2,74,0,2,0,0,0,0,0,0,0,0,0,0,,,,,
Marquise Brown,WR,BAL,4,DEN,0,0,0,0,0,0,0,0,4,91,1,5,0,0,0,0,0,0,0,0,0,0,,,,,
Marquise Goodwin,WR,CHI,4,DET,0,0,0,0,0,1,0,1,0,0,0,2,0,0,0,0,0,0,0,0,0,0,,,,,
Marvin Jones,WR,JAX,4,CIN,0,0,0,0,0,0,0,0,3,24,0,3,0,0,0,0,0,0,0,0,0,0,,,,,
Mason Crosby,K,GB,4,PIT,0,0,0,0,0,0,0,0,0,0,0,0,0,0,0,0,2,0,0,0,0,3,,,,,
Matt Ammendola,K,NYJ,4,TEN,0,0,0,0,0,0,0,0,0,0,0,0,0,0,0,0,2,0,0,0,0,3,,,,,
Matt Gay,K,LA,4,ARI,0,0,0,0,0,0,0,0,0,0,0,0,0,0,0,0,1,0,1,0,0,2,,,,,
Matt Prater,K,ARI,4,LA,0,0,0,0,0,0,0,0,0,0,0,0,0,0,0,0,2,0,0,1,0,4,,,,,
Matt Ryan,QB,ATL,4,WAS,283,4,42,25,0,17,0,1,0,0,0,0,0,0,0,0,0,0,0,0,0,0,,,,,
Matthew Slater,WR,NE,4,TB,0,0,0,0,0,0,0,0,0,0,0,0,0,0,0,0,0,0,0,0,0,0,,,,,
Matthew Stafford,QB,LA,4,ARI,280,2,41,26,1,21,0,6,0,0,0,0,0,0,0,0,0,0,0,0,0,0,,,,,
Matthew Wright,K,JAX,4,CIN,0,0,0,0,0,0,0,0,0,0,0,0,0,0,0,0,0,0,0,0,0,3,,,,,
Maxx Williams,TE,ARI,4,LA,0,0,0,0,0,0,0,0,5,66,1,5,0,0,0,0,0,0,0,0,0,0,,,,,
Mecole Hardman,WR,KC,4,PHI,0,0,0,0,0,25,0,2,2,16,0,3,0,0,0,0,0,0,0,0,0,0,,,,,
Melvin Gordon,RB,DEN,4,BAL,0,0,0,0,0,56,0,9,2,11,0,4,0,0,0,0,0,0,0,0,0,0,,,,,
Michael Carter,RB,NYJ,4,TEN,0,0,0,0,0,38,1,13,1,-4,0,3,0,0,0,0,0,0,0,0,0,0,,,,,
Michael Pittman,WR,IND,4,MIA,0,0,0,0,0,0,0,0,6,59,0,8,0,0,0,0,0,0,0,0,0,0,,,,,
Mike Davis,RB,ATL,4,WAS,0,0,0,0,0,14,0,13,2,12,1,2,0,0,0,0,0,0,0,0,0,0,,,,,
Mike Evans,WR,TB,4,NE,0,0,0,0,0,0,0,0,7,75,0,12,0,0,0,0,0,0,0,0,0,0,,,,,
Mike Gesicki,TE,MIA,4,IND,0,0,0,0,0,0,0,0,5,57,1,6,0,0,0,0,0,0,0,0,0,0,,,,,
Mike Thomas,WR,CIN,4,JAX,0,0,0,0,0,0,0,0,1,0,0,1,0,0,0,0,0,0,0,0,0,0,,,,,
Mike Williams,WR,LAC,4,LV,0,0,0,0,0,0,0,0,1,11,0,4,0,0,0,0,0,0,0,0,0,0,,,,,
Miles Sanders,RB,PHI,4,KC,0,0,0,0,0,13,0,7,3,34,0,3,0,0,0,0,0,0,0,0,0,0,,,,,
Mitchell Trubisky,QB,BUF,4,HOU,8,0,1,1,0,10,1,4,0,0,0,0,0,0,0,0,0,0,0,0,0,0,,,,,
Mo Alie-Cox,TE,IND,4,MIA,0,0,0,0,0,0,0,0,3,42,2,5,0,0,0,0,0,0,0,0,0,0,,,,,
Mohamed Sanu,WR,SF,4,SEA,0,0,0,0,0,0,0,0,4,35,0,5,0,0,0,0,0,0,0,0,0,0,,,,,
MyCole Pruitt,TE,TEN,4,NYJ,0,0,0,0,0,0,0,0,1,14,0,1,0,0,1,0,0,0,0,0,0,0,,,,,
Myles Gaskin,RB,MIA,4,IND,0,0,0,0,0,3,0,2,0,0,0,0,0,0,0,0,0,0,0,0,0,0,,,,,
N'Keal Harry,TE,NE,4,TB,0,0,0,0,0,0,0,0,1,10,0,1,0,0,0,0,0,0,0,0,0,0,,,,,
NE,DEF,NE,4,TB,,,,,,,,,,,,,,,,,,,,,,,0,0,0,0,19.0
NO,DEF,NO,4,NYG,,,,,,,,,,,,,,,,,,,,,,,0,0,0,0,27.0
NYG,DEF,NYG,4,NO,,,,,,,,,,,,,,,,,,,,,,,0,0,0,0,21.0
NYJ,DEF,NYJ,4,TEN,,,,,,,,,,,,,,,,,,,,,,,0,0,0,0,24.0
Najee Harris,RB,PIT,4,GB,0,0,0,0,0,62,1,15,6,29,0,7,0,0,0,0,0,0,0,0,0,0,,,,,
Nelson Agholor,WR,NE,4,TB,0,0,0,0,0,4,0,1,3,55,0,5,0,0,0,0,0,0,0,0,0,0,,,,,
Nick Chubb,RB,CLE,4,MIN,0,0,0,0,0,100,0,21,1,5,0,1,0,0,0,0,0,0,0,0,0,0,,,,,
Nick Folk,K,NE,4,TB,0,0,0,0,0,0,0,0,0,0,0,0,0,0,0,0,1,0,0,0,0,2,,,,,
Nick Westbrook-Ikhine,WR,TEN,4,NYJ,0,0,0,0,0,0,0,0,3,29,0,8,0,0,0,0,0,0,0,0,0,0,,,,,
Noah Fant,TE,DEN,4,BAL,0,0,0,0,0,0,0,0,6,46,1,10,0,0,0,0,0,0,0,0,0,0,,,,,
Noah Gray,TE,KC,4,PHI,0,0,0,0,0,0,0,0,0,0,0,1,0,0,0,0,0,0,0,0,0,0,,,,,
Nsimba Webster,WR,CHI,4,DET,0,0,0,0,0,0,0,0,0,0,0,0,0,0,0,0,0,0,0,0,0,0,,,,,
Nyheim Hines,RB,IND,4,MIA,0,0,0,0,0,6,0,2,2,5,0,2,0,0,0,0,0,0,0,0,0,0,,,,,
O.J. Howard,TE,TB,4,NE,0,0,0,0,0,0,0,0,0,0,0,1,0,0,0,0,0,0,0,0,0,0,,,,,
Odell Beckham Jr.,WR,CLE,4,MIN,0,0,0,0,0,4,0,1,2,27,0,7,0,0,0,0,0,0,0,0,0,0,,,,,
Olamide Zaccheaus,WR,ATL,4,WAS,0,0,0,0,0,0,0,0,1,15,0,3,0,0,0,0,0,0,0,0,0,0,,,,,
PHI,DEF,PHI,4,KC,,,,,,,,,,,,,,,,,,,,,,,0,0,0,0,42.0
PIT,DEF,PIT,4,GB,,,,,,,,,,,,,,,,,,,,,,,0,0,0,0,27.0
Parris Campbell,WR,IND,4,MIA,0,0,0,0,0,0,0,0,2,22,0,3,0,0,0,0,0,0,0,0,0,0,,,,,
Pat Freiermuth,TE,PIT,4,GB,0,0,0,0,0,0,0,0,1,11,0,1,0,0,0,0,0,0,0,0,0,0,,,,,
Patrick Mahomes,QB,KC,4,PHI,278,5,30,24,1,26,0,5,0,0,0,0,0,0,0,0,0,0,0,0,0,0,,,,,
Patrick Ricard,RB,BAL,4,DEN,0,0,0,0,0,0,0,0,1,4,0,1,0,0,0,0,0,0,0,0,0,0,,,,,
Peyton Barber,RB,LV,4,LAC,0,0,0,0,0,0,0,1,0,0,0,0,0,0,0,0,0,0,0,0,0,0,,,,,
Pharaoh Brown,TE,HOU,4,BUF,0,0,0,0,0,0,0,0,1,6,0,2,0,0,0,0,0,0,0,0,0,0,,,,,
Phillip Lindsay,RB,HOU,4,BUF,0,0,0,0,0,-1,0,4,0,0,0,0,0,0,0,0,0,0,0,0,0,0,,,,,
Quez Watkins,WR,PHI,4,KC,0,0,0,0,0,0,0,0,3,33,0,7,0,0,0,0,0,0,0,0,0,0,,,,,
Quintez Cephus,WR,DET,4,CHI,0,0,0,0,0,0,0,0,4,83,0,5,0,0,0,0,0,0,0,0,0,0,,,,,
Randall Cobb,WR,GB,4,PIT,0,0,0,0,0,0,0,0,5,69,2,6,0,0,0,0,0,0,0,0,0,0,,,,,
Randy Bullock,K,TEN,4,NYJ,0,0,0,0,0,0,0,0,0,0,0,0,0,0,0,0,0,1,2,0,0,1,,,,,
Rashard Higgins,WR,CLE,4,MIN,0,0,0,0,0,0,0,0,4,63,0,7,0,0,0,0,0,0,0,0,0,0,,,,,
Ray-Ray McCloud,WR,PIT,4,GB,0,0,0,0,0,0,0,0,1,2,0,1,0,0,0,0,0,0,0,0,0,0,,,,,
Reggie Gilliam,RB,BUF,4,HOU,0,0,0,0,0,1,0,1,1,8,0,1,0,0,0,0,0,0,0,0,0,0,,,,,
Rex Burkhead,RB,HOU,4,BUF,0,0,0,0,0,-1,0,1,0,0,0,0,0,0,0,0,0,0,0,0,0,0,,,,,
Ricky Seals-Jones,TE,WAS,4,ATL,0,0,0,0,0,0,0,0,2,19,0,4,0,0,0,0,0,0,0,0,0,0,,,,,
Robbie Chosen,WR,CAR,4,DAL,0,0,0,0,0,3,0,1,5,46,0,11,0,0,0,0,0,0,0,0,0,0,,,,,
Robert Tonyan,TE,GB,4,PIT,0,0,0,0,0,0,0,0,2,8,0,7,0,0,0,0,0,0,0,0,0,0,,,,,
Robert Woods,WR,LA,4,ARI,0,0,0,0,0,0,0,0,4,48,1,6,0,0,0,0,0,0,0,0,0,0,,,,,
Rodney Smith,RB,CAR,4,DAL,0,0,0,0,0,0,0,0,5,48,0,5,0,0,0,0,0,0,0,0,0,0,,,,,
Rodrigo Blankenship,K,IND,4,MIA,0,0,0,0,0,0,0,0,0,0,0,0,0,0,0,0,0,1,1,0,0,3,,,,,
Ronald Jones,RB,TB,4,NE,0,0,0,0,0,25,1,6,0,0,0,0,0,0,0,0,0,0,0,0,0,0,,,,,
Rondale Moore,WR,ARI,4,LA,0,0,0,0,0,9,0,2,3,28,0,3,0,0,0,0,0,0,0,0,0,0,,,,,
Ross Dwelley,TE,SF,4,SEA,0,0,0,0,0,0,0,0,1,21,1,1,0,0,0,0,0,0,0,0,0,0,,,,,
Royce Freeman,RB,CAR,4,DAL,0,0,0,0,0,12,0,3,0,0,0,0,0,0,0,0,0,0,0,0,0,0,,,,,
Russell Wilson,QB,SEA,4,SF,149,2,23,16,0,26,1,4,0,0,0,0,0,0,0,0,0,0,0,0,0,0,,,,,
Ryan Griffin,TE,NYJ,4,TEN,0,0,0,0,0,0,0,0,1,8,0,4,0,0,0,0,0,0,0,0,0,0,,,,,
Ryan Santoso,K,DET,4,CHI,0,0,0,0,0,0,0,0,0,0,0,0,0,0,0,0,0,0,0,0,0,2,,,,,
Ryan Succop,K,TB,4,NE,0,0,0,0,0,0,0,0,0,0,0,0,0,0,0,0,2,0,2,0,0,1,,,,,
Ryan Tannehill,QB,TEN,4,NYJ,298,1,49,30,0,9,0,3,0,0,0,0,0,0,1,0,0,0,0,0,0,0,,,,,
SEA,DEF,SEA,4,SF,,,,,,,,,,,,,,,,,,,,,,,0,0,0,0,21.0
SF,DEF,SF,4,SEA,,,,,,,,,,,,,,,,,,,,,,,0,0,0,0,28.0
Salvon Ahmed,RB,MIA,4,IND,0,0,0,0,0,1,0,3,2,12,0,2,0,0,0,0,0,0,0,0,0,0,,,,,
Sam Darnold,QB,CAR,4,DAL,301,2,39,26,2,35,2,6,0,0,0,0,0,0,0,0,0,0,0,0,0,0,,,,,
Samaje Perine,RB,CIN,4,JAX,0,0,0,0,0,7,0,3,1,15,0,1,0,0,0,0,0,0,0,0,0,0,,,,,
Sammy Watkins,WR,BAL,4,DEN,0,0,0,0,0,0,0,0,4,49,0,7,0,0,0,0,0,0,0,0,0,0,,,,,
Saquon Barkley,RB,NYG,4,NO,0,0,0,0,0,52,1,13,5,74,1,6,0,0,0,0,0,0,0,0,0,0,,,,,
Sony Michel,RB,LA,4,ARI,0,0,0,0,0,11,0,3,0,0,0,0,0,0,0,0,0,0,0,0,0,0,,,,,
Stefon Diggs,WR,BUF,4,HOU,0,0,0,0,0,0,0,0,7,114,0,11,0,0,0,0,0,0,0,0,0,0,,,,,
Stephen Anderson,TE,LAC,4,LV,0,0,0,0,0,0,0,0,1,34,0,1,0,0,0,0,0,0,0,0,0,0,,,,,
T.J. Hockenson,TE,DET,4,CHI,0,0,0,0,0,0,0,0,4,42,0,8,0,0,0,0,0,0,0,0,0,0,,,,,
TB,DEF,TB,4,NE,,,,,,,,,,,,,,,,,,,,,,,0,0,0,0,17.0
TEN,DEF,TEN,4,NYJ,,,,,,,,,,,,,,,,,,,,,,,0,0,0,0,27.0
Tajae Sharpe,WR,ATL,4,WAS,0,0,0,0,0,0,0,0,2,15,0,2,0,0,0,0,0,0,0,0,0,0,,,,,
Tavon Austin,WR,JAX,4,CIN,0,0,0,0,0,0,0,0,1,8,0,3,0,0,0,0,0,0,0,0,0,0,,,,,
Taylor Heinicke,QB,WAS,4,ATL,290,3,33,23,0,43,0,5,0,0,0,0,0,0,0,0,0,0,0,0,0,0,,,,,
Taysom Hill,TE,NO,4,NYG,9,0,3,2,1,28,2,6,2,26,0,2,0,0,0,0,0,0,0,0,0,0,,,,,
Teddy Bridgewater,QB,DEN,4,BAL,65,1,16,7,0,2,0,1,0,0,0,0,0,0,0,0,0,0,0,0,0,0,,,,,
Terrace Marshall Jr.,WR,CAR,4,DAL,0,0,0,0,0,0,0,0,1,2,0,3,0,0,0,0,0,0,0,0,0,0,,,,,
Terry McLaurin,WR,WAS,4,ATL,0,0,0,0,0,0,0,0,6,123,2,13,0,0,0,0,0,0,0,0,0,0,,,,,
Tevin Coleman,RB,NYJ,4,TEN,0,0,0,0,0,14,0,4,2,17,0,2,0,0,0,0,0,0,0,0,0,0,,,,,
Tim Patrick,WR,DEN,4,BAL,0,0,0,0,0,0,0,0,3,39,0,6,0,0,0,0,0,0,0,0,0,0,,,,,
Tom Brady,QB,TB,4,NE,269,0,43,22,0,3,0,4,0,0,0,0,0,0,0,0,0,0,0,0,0,0,,,,,
Tommy Hudson,TE,TEN,4,NYJ,0,0,0,0,0,0,0,0,1,14,0,1,0,0,0,0,0,0,0,0,0,0,,,,,
Tommy Tremble,TE,CAR,4,DAL,0,0,0,0,0,0,0,0,0,0,0,1,0,0,0,0,0,0,0,0,0,0,,,,,
Tony Jones,RB,NO,4,NYG,0,0,0,0,0,8,0,3,1,-3,0,3,0,0,0,0,0,0,0,0,0,0,,,,,
Tony Pollard,RB,DAL,4,CAR,0,0,0,0,0,67,0,10,0,0,0,0,0,0,0,0,0,0,0,0,0,0,,,,,
Travis Homer,RB,SEA,4,SF,0,0,0,0,0,5,0,1,0,0,0,0,0,0,0,0,0,0,0,0,0,0,,,,,
Travis Kelce,TE,KC,4,PHI,0,0,0,0,0,0,0,0,4,23,0,6,0,0,0,0,0,0,0,0,0,0,,,,,
Trent Sherfield,WR,SF,4,SEA,0,0,0,0,0,0,0,0,0,0,0,2,0,0,0,0,0,0,0,0,0,0,,,,,
Trenton Cannon,RB,SF,4,SEA,0,0,0,0,0,0,0,0,0,0,0,0,0,0,0,0,0,0,0,0,0,0,,,,,
Trenton Irwin,WR,CIN,4,JAX,0,0,0,0,0,0,0,0,1,25,0,1,0,0,0,0,0,0,0,0,0,0,,,,,
Trevon Wesco,TE,NYJ,4,TEN,0,0,0,0,0,0,0,0,0,0,0,1,0,0,0,0,0,0,0,0,0,0,,,,,
Trevor Lawrence,QB,JAX,4,CIN,204,0,24,17,0,36,1,8,0,0,0,0,0,0,0,0,0,0,0,0,0,0,,,,,
Trey Lance,QB,SF,4,SEA,157,2,18,9,0,41,0,7,0,0,0,0,0,0,1,0,0,0,0,0,0,0,,,,,
Trey Sermon,RB,SF,4,SEA,0,0,0,0,0,89,0,19,0,0,0,0,0,0,0,0,0,0,0,0,0,0,,,,,
Trinity Benson,WR,DET,4,CHI,0,0,0,0,0,0,0,0,2,12,0,3,0,0,0,0,0,0,0,0,0,0,,,,,
Tristan Vizcaino,K,LAC,4,LV,0,0,0,0,0,0,0,0,0,0,0,0,0,0,0,0,0,0,0,0,0,4,,,,,
Tutu Atwell,WR,LA,4,ARI,0,0,0,0,0,0,0,0,0,0,0,0,0,0,0,0,0,0,0,0,0,0,,,,,
Ty Johnson,RB,NYJ,4,TEN,0,0,0,0,0,1,0,3,2,12,0,2,0,0,0,0,0,0,0,0,0,0,,,,,
Ty Montgomery,WR,NO,4,NYG,0,0,0,0,0,7,0,2,3,42,0,3,0,0,0,0,0,0,0,0,0,0,,,,,
Tylan Wallace,WR,BAL,4,DEN,0,0,0,0,0,0,0,0,0,0,0,0,0,0,0,0,0,0,0,0,0,0,,,,,
Tyler Bass,K,BUF,4,HOU,0,0,0,0,0,0,0,0,0,0,0,0,0,0,0,0,3,1,0,0,0,4,,,,,
Tyler Boyd,WR,CIN,4,JAX,0,0,0,0,0,0,0,0,9,118,0,11,0,0,0,0,0,0,0,0,0,0,,,,,
Tyler Conklin,TE,MIN,4,CLE,0,0,0,0,0,0,0,0,4,18,0,6,0,0,0,0,0,0,0,0,0,0,,,,,
Tyler Higbee,TE,LA,4,ARI,0,0,0,0,0,0,0,0,4,36,0,6,0,0,0,0,0,0,0,0,0,0,,,,,
Tyler Johnson,WR,TB,4,NE,0,0,0,0,0,0,0,0,0,0,0,2,0,0,0,0,0,0,0,0,0,0,,,,,
Tyler Kroft,TE,NYJ,4,TEN,0,0,0,0,0,0,0,0,0,0,0,1,0,0,0,0,0,0,0,0,0,0,,,,,
Tyler Lockett,WR,SEA,4,SF,0,0,0,0,0,0,0,0,4,24,0,5,0,0,0,0,0,0,0,0,0,0,,,,,
Tyreek Hill,WR,KC,4,PHI,0,0,0,0,0,0,0,0,11,186,3,12,0,0,0,0,0,0,0,0,0,0,,,,,
Tyron Johnson,WR,JAX,4,CIN,0,0,0,0,0,0,0,0,0,0,0,1,0,0,0,0,0,0,0,0,0,0,,,,,
Van Jefferson,WR,LA,4,ARI,0,0,0,0,0,0,0,0,6,90,1,6,0,0,0,0,0,0,0,0,0,0,,,,,
WAS,DEF,WAS,4,ATL,,,,,,,,,,,,,,,,,,,,,,,0,0,0,0,30.0
Wayne Gallman,RB,ATL,4,WAS,0,0,0,0,0,29,0,6,0,0,0,1,0,0,0,0,0,0,0,0,0,0,,,,,
Will Dissly,TE,SEA,4,SF,0,0,0,0,0,0,0,0,2,5,0,2,0,0,0,0,0,0,0,0,0,0,,,,,
Will Fuller,WR,MIA,4,IND,0,0,0,0,0,0,0,0,1,6,0,2,0,0,0,0,0,0,0,0,0,0,,,,,
Willie Snead,WR,LV,4,LAC,0,0,0,0,0,0,0,0,1,15,0,1,0,0,0,0,0,0,0,0,0,0,,,,,
Younghoe Koo,K,ATL,4,WAS,0,0,0,0,0,0,0,0,0,0,0,0,0,0,0,0,1,0,0,0,0,3,,,,,
Zach Ertz,TE,PHI,4,KC,0,0,0,0,0,0,0,0,6,60,0,8,0,0,0,0,0,0,0,0,0,0,,,,,
Zach Gentry,TE,PIT,4,GB,0,0,0,0,0,0,0,0,1,10,0,1,0,0,0,0,0,0,0,0,0,0,,,,,
Zach Pascal,WR,IND,4,MIA,0,0,0,0,0,0,0,0,4,44,0,5,0,0,0,0,0,0,0,0,0,0,,,,,
Zach Wilson,QB,NYJ,4,TEN,297,2,34,21,1,-2,0,3,0,0,0,0,0,0,0,0,0,0,0,0,0,0,,,,,
Zack Moss,RB,BUF,4,HOU,0,0,0,0,0,61,1,14,0,0,0,1,0,0,0,0,0,0,0,0,0,0,,,,,
Zane Gonzalez,K,CAR,4,DAL,0,0,0,0,0,0,0,0,0,0,0,0,0,0,0,0,0,0,0,0,0,4,,,,,
Zay Jones,WR,LV,4,LAC,0,0,0,0,0,0,0,0,1,5,0,1,0,0,0,0,0,0,0,0,0,0,,,,,
A.J. Brown,WR,TEN,5,JAX,0,0,0,0,0,0,0,0,3,38,0,6,0,0,0,0,0,0,0,0,0,0,,,,,
A.J. Green,WR,ARI,5,SF,0,0,0,0,0,0,0,0,1,13,0,2,0,0,0,0,0,0,0,0,0,0,,,,,
AJ Dillon,RB,GB,5,CIN,0,0,0,0,0,30,0,8,4,49,1,4,0,0,0,0,0,0,0,0,0,0,,,,,
ARI,DEF,ARI,5,SF,,,,,,,,,,,,,,,,,,,,,,,0,0,0,0,10.0
ATL,DEF,ATL,5,NYJ,,,,,,,,,,,,,,,,,,,,,,,0,0,0,0,20.0
Aaron Jones,RB,GB,5,CIN,0,0,0,0,0,103,0,14,4,6,0,5,0,0,0,0,0,0,0,0,0,0,,,,,
Aaron Rodgers,QB,GB,5,CIN,344,2,39,27,1,0,0,0,0,0,0,0,0,0,0,0,0,0,0,0,0,0,,,,,
Adam Humphries,WR,WAS,5,NO,0,0,0,0,0,0,0,0,3,73,0,5,0,0,0,0,0,0,0,0,0,0,,,,,
Adam Shaheen,TE,MIA,5,TB,0,0,0,0,0,0,0,0,2,15,0,2,0,0,0,0,0,0,0,0,0,0,,,,,
Adam Thielen,WR,MIN,5,DET,0,0,0,0,0,0,0,0,2,40,0,3,0,0,0,0,0,0,0,0,0,0,,,,,
Adam Trautman,TE,NO,5,WAS,0,0,0,0,0,0,0,0,2,43,0,2,0,0,0,0,0,0,0,0,0,0,,,,,
Alex Collins,RB,SEA,5,LA,0,0,0,0,0,47,0,15,2,25,0,3,0,0,0,0,0,0,0,0,0,0,,,,,
Alex Erickson,WR,CAR,5,PHI,0,0,0,0,0,0,0,0,0,0,0,0,0,0,0,0,0,0,0,0,0,0,,,,,
Alexander Mattison,RB,MIN,5,DET,0,0,0,0,0,113,0,25,7,40,1,7,0,0,0,0,0,0,0,0,0,0,,,,,
Allen Lazard,WR,GB,5,CIN,0,0,0,0,0,0,0,0,2,6,0,2,0,0,0,0,0,0,0,0,0,0,,,,,
Allen Robinson,WR,CHI,5,LV,0,0,0,0,0,0,0,0,4,32,0,5,0,0,0,0,0,0,0,0,0,0,,,,,
Alvin Kamara,RB,NO,5,WAS,0,0,0,0,0,71,1,16,5,51,1,8,0,0,0,0,0,0,0,0,0,0,,,,,
Amari Cooper,WR,DAL,5,NYG,0,0,0,0,0,0,0,0,3,60,1,6,0,0,0,0,0,0,0,0,0,0,,,,,
Amari Rodgers,WR,GB,5,CIN,0,0,0,0,0,0,0,0,0,0,0,0,0,0,0,0,0,0,0,0,0,0,,,,,
Ameer Abdullah,RB,MIN,5,DET,0,0,0,0,0,2,0,1,0,0,0,0,0,0,0,0,0,0,0,0,0,0,,,,,
Amon-Ra St. Brown,WR,DET,5,MIN,0,0,0,0,0,0,0,0,7,65,0,8,0,0,0,0,0,0,0,0,0,0,,,,,
Andre Roberts,WR,HOU,5,NE,0,0,0,0,0,0,0,0,0,0,0,0,0,0,0,0,0,0,0,0,0,0,,,,,
Andy Dalton,QB,CHI,5,LV,8,0,1,1,0,0,0,0,0,0,0,0,0,0,0,0,0,0,0,0,0,0,,,,,
Anthony Firkser,TE,TEN,5,JAX,0,0,0,0,0,0,0,0,3,33,0,4,0,0,0,0,0,0,0,0,0,0,,,,,
Anthony Schwartz,WR,CLE,5,LAC,0,0,0,0,0,0,0,0,0,0,0,1,0,0,0,0,0,0,0,0,0,0,,,,,
Antonio Brown,WR,TB,5,MIA,0,0,0,0,0,0,0,0,7,124,2,8,0,0,0,0,0,0,0,0,0,0,,,,,
Antonio Gibson,RB,WAS,5,NO,0,0,0,0,0,60,2,20,2,12,0,2,0,0,0,0,0,0,0,0,0,0,,,,,
Antony Auclair,TE,HOU,5,NE,0,0,0,0,0,0,0,0,1,11,1,1,0,0,0,0,0,0,0,0,0,0,,,,,
Ashton Dulin,WR,IND,5,BAL,0,0,0,0,0,0,0,0,2,13,0,2,0,0,0,0,0,0,0,0,0,0,,,,,
Auden Tate,WR,CIN,5,GB,0,0,0,0,0,0,0,0,0,0,0,1,0,0,0,0,0,0,0,0,0,0,,,,,
Austin Ekeler,RB,LAC,5,CLE,0,0,0,0,0,66,2,17,5,53,1,5,0,0,0,0,0,0,0,0,0,0,,,,,
Austin Hooper,TE,CLE,5,LAC,0,0,0,0,0,0,0,0,0,0,0,0,0,0,1,0,0,0,0,0,0,0,,,,,
Austin Seibert,K,DET,5,MIN,0,0,0,0,0,0,0,0,0,0,0,0,0,0,0,0,0,1,1,1,0,0,,,,,
BAL,DEF,BAL,5,IND,,,,,,,,,,,,,,,,,,,,,,,0,0,0,0,25.0
BUF,DEF,BUF,5,KC,,,,,,,,,,,,,,,,,,,,,,,1,0,0,0,20.0
Baker Mayfield,QB,CLE,5,LAC,305,2,32,23,0,8,0,2,0,0,0,0,0,0,1,0,0,0,0,0,0,0,,,,,
Ben Ellefson,TE,MIN,5,DET,0,0,0,0,0,0,0,0,0,0,0,1,0,0,0,0,0,0,0,0,0,0,,,,,
Ben Roethlisberger,QB,PIT,5,DEN,253,2,25,15,0,-1,0,1,0,0,0,0,0,0,0,0,0,0,0,0,0,0,,,,,
Ben Skowronek,WR,LA,5,SEA,0,0,0,0,0,0,0,0,0,0,0,0,0,0,0,0,0,0,0,0,0,0,,,,,
Benny Snell,RB,PIT,5,DEN,0,0,0,0,0,20,0,5,0,0,0,1,0,0,0,0,0,0,0,0,0,0,,,,,
Blaine Gabbert,QB,TB,5,MIA,41,0,3,3,0,-1,0,3,0,0,0,0,0,0,0,0,0,0,0,0,0,0,,,,,
Blake Bell,TE,KC,5,BUF,0,0,0,0,0,0,0,0,1,4,0,1,0,0,0,0,0,0,0,0,0,0,,,,,
Blake Jarwin,TE,DAL,5,NYG,0,0,0,0,0,0,0,0,0,0,0,0,0,0,0,0,0,0,0,0,0,0,,,,,
Brandin Cooks,WR,HOU,5,NE,0,0,0,0,0,0,0,0,3,23,0,5,0,0,0,0,0,0,0,0,0,0,,,,,
Brandon Aiyuk,WR,SF,5,ARI,0,0,0,0,0,0,0,0,2,32,0,4,0,0,0,0,0,0,0,0,0,0,,,,,
Brandon Bolden,RB,NE,5,HOU,0,0,0,0,0,25,0,2,4,6,0,4,0,0,0,0,0,0,0,0,0,0,,,,,
Brandon McManus,K,DEN,5,PIT,0,0,0,0,0,0,0,0,0,0,0,0,0,0,0,0,1,1,0,0,0,1,,,,,
Brandon Zylstra,WR,CAR,5,PHI,0,0,0,0,0,0,0,0,0,0,0,0,0,0,0,0,0,0,0,0,0,0,,,,,
Braxton Berrios,WR,NYJ,5,ATL,0,0,0,0,0,0,0,0,1,6,0,1,0,0,0,0,0,0,0,0,0,0,,,,,
Bryan Edwards,WR,LV,5,CHI,0,0,0,0,0,0,0,0,2,22,0,6,0,0,0,0,0,0,0,0,0,0,,,,,
Byron Pringle,WR,KC,5,BUF,0,0,0,0,0,0,0,0,2,11,1,2,0,0,0,0,0,0,0,0,0,0,,,,,
C.J. Board,WR,NYG,5,DAL,0,0,0,0,0,0,0,0,2,7,0,3,0,0,0,0,0,0,0,0,0,0,,,,,
C.J. Uzomah,TE,CIN,5,GB,0,0,0,0,0,0,0,0,2,16,0,2,0,0,0,0,0,0,0,0,0,0,,,,,
CAR,DEF,CAR,5,PHI,,,,,,,,,,,,,,,,,,,,,,,0,1,0,0,21.0
CHI,DEF,CHI,5,LV,,,,,,,,,,,,,,,,,,,,,,,0,0,0,0,9.0
CIN,DEF,CIN,5,GB,,,,,,,,,,,,,,,,,,,,,,,0,0,0,0,25.0
CLE,DEF,CLE,5,LAC,,,,,,,,,,,,,,,,,,,,,,,0,0,0,0,47.0
Cairo Santos,K,CHI,5,LV,0,0,0,0,0,0,0,0,0,0,0,0,0,0,0,0,0,0,2,0,0,2,,,,,
Cameron Batson,WR,TEN,5,JAX,0,0,0,0,0,15,0,2,0,0,0,0,0,0,0,0,0,0,0,0,0,0,,,,,
Cameron Brate,TE,TB,5,MIA,0,0,0,0,0,0,0,0,1,12,0,1,0,0,0,0,0,0,0,0,0,0,,,,,
Carlos Hyde,RB,JAX,5,TEN,0,0,0,0,0,13,0,5,0,0,0,0,0,0,0,0,0,0,0,0,0,0,,,,,
Carson Wentz,QB,IND,5,BAL,402,2,35,25,0,5,0,2,0,0,0,0,0,0,0,0,0,0,0,0,0,0,,,,,
Cedrick Wilson Jr.,WR,DAL,5,NYG,22,0,1,1,0,6,0,1,1,35,0,1,0,0,0,0,0,0,0,0,0,0,,,,,
CeeDee Lamb,WR,DAL,5,NYG,0,0,0,0,0,4,0,1,4,84,1,6,0,0,0,0,0,0,0,0,0,0,,,,,
Charlie Woerner,TE,SF,5,ARI,0,0,0,0,0,0,0,0,1,4,0,1,0,0,0,0,0,0,0,0,0,0,,,,,
Chase Claypool,WR,PIT,5,DEN,0,0,0,0,0,0,0,0,5,130,1,6,0,0,0,0,0,0,0,0,0,0,,,,,
Chase Edmonds,RB,ARI,5,SF,0,0,0,0,0,15,0,6,3,19,0,4,0,0,0,0,0,0,0,0,0,0,,,,,
Chase McLaughlin,K,CLE,5,LAC,0,0,0,0,0,0,0,0,0,0,0,0,0,0,0,0,0,2,0,0,0,4,,,,,
Chester Rogers,WR,TEN,5,JAX,0,0,0,0,0,9,0,1,1,26,0,1,0,0,0,0,0,0,0,0,0,0,,,,,
Chris Boswell,K,PIT,5,DEN,0,0,0,0,0,0,0,0,0,0,0,0,0,0,0,0,0,0,2,0,0,3,,,,,
Chris Conley,WR,HOU,5,NE,0,0,0,0,0,0,0,0,3,84,1,4,0,0,0,0,0,0,0,0,0,0,,,,,
Chris Evans,RB,CIN,5,GB,0,0,0,0,0,0,0,0,2,15,0,2,0,0,0,0,0,0,0,0,0,0,,,,,
Chris Godwin Jr.,WR,TB,5,MIA,0,0,0,0,0,0,0,0,7,70,0,11,0,0,0,0,0,0,0,0,0,0,,,,,
Chris Herndon,TE,MIN,5,DET,0,0,0,0,0,0,0,0,0,0,0,0,0,0,0,0,0,0,0,0,0,0,,,,,
Chris Hogan,WR,NO,5,WAS,0,0,0,0,0,0,0,0,0,0,0,1,0,0,0,0,0,0,0,0,0,0,,,,,
Chris Moore,WR,HOU,5,NE,0,0,0,0,0,0,0,0,5,109,1,5,0,0,0,0,0,0,0,0,0,0,,,,,
Christian Blake,WR,ATL,5,NYJ,0,0,0,0,0,0,0,0,2,12,0,4,0,0,0,0,0,0,0,0,0,0,,,,,
Christian Kirk,WR,ARI,5,SF,0,0,0,0,0,11,0,1,5,39,0,5,0,0,0,0,0,0,0,0,0,0,,,,,
Chuba Hubbard,RB,CAR,5,PHI,0,0,0,0,0,101,0,24,5,33,0,6,0,0,0,0,0,0,0,0,0,0,,,,,
Clyde Edwards-Helaire,RB,KC,5,BUF,0,0,0,0,0,13,0,7,1,11,0,2,0,0,0,0,0,0,0,0,0,0,,,,,
Cody Parkey,K,NO,5,WAS,0,0,0,0,0,0,0,0,0,0,0,0,0,0,0,0,0,0,0,0,0,3,,,,,
Cody White,WR,PIT,5,DEN,0,0,0,0,0,0,0,0,0,0,0,1,0,0,0,0,0,0,0,0,0,0,,,,,
Colby Parkinson,TE,SEA,5,LA,0,0,0,0,0,0,0,0,1,1,0,2,0,0,0,0,0,0,0,0,0,0,,,,,
Cole Beasley,WR,BUF,5,KC,0,0,0,0,0,0,0,0,1,5,0,2,0,0,0,0,0,0,0,0,0,0,,,,,
Cole Kmet,TE,CHI,5,LV,0,0,0,0,0,0,0,0,2,22,0,4,0,0,0,0,0,0,0,0,0,0,,,,,
Collin Johnson,WR,NYG,5,DAL,0,0,0,0,0,0,0,0,0,0,0,3,0,0,0,0,0,0,0,0,0,0,,,,,
Cooper Kupp,WR,LA,5,SEA,0,0,0,0,0,0,0,0,7,92,0,10,0,0,0,0,0,0,0,0,0,0,,,,,
Cordarrelle Patterson,RB,ATL,5,NYJ,0,0,1,0,0,54,0,14,7,60,0,9,0,0,0,0,0,0,0,0,0,0,,,,,
Corey Davis,WR,NYJ,5,ATL,0,0,0,0,0,0,0,0,4,45,0,7,0,0,0,0,0,0,0,0,0,0,,,,,
Courtland Sutton,WR,DEN,5,PIT,0,0,0,0,0,0,0,0,7,120,1,11,0,0,0,0,0,0,0,0,0,0,,,,,
Curtis Samuel,WR,WAS,5,NO,0,0,0,0,0,8,0,1,0,0,0,1,0,0,0,0,0,0,0,0,0,0,,,,,
D'Andre Swift,RB,DET,5,MIN,0,0,0,0,0,51,1,11,6,53,0,6,0,0,0,0,0,0,0,0,0,0,,,,,
DAL,DEF,DAL,5,NYG,,,,,,,,,,,,,,,,,,,,,,,1,0,0,0,20.0
DEN,DEF,DEN,5,PIT,,,,,,,,,,,,,,,,,,,,,,,0,0,0,0,27.0
DET,DEF,DET,5,MIN,,,,,,,,,,,,,,,,,,,,,,,0,0,0,0,19.0
DJ Moore,WR,CAR,5,PHI,0,0,0,0,0,-4,0,1,5,42,0,7,0,0,0,0,0,0,0,0,0,0,,,,,
DK Metcalf,WR,SEA,5,LA,0,0,0,0,0,0,0,0,5,98,2,5,0,0,0,0,0,0,0,0,0,0,,,,,
Dak Prescott,QB,DAL,5,NYG,302,3,32,22,1,6,0,2,0,0,0,0,0,0,0,0,0,0,0,0,0,0,,,,,
Dallas Goedert,TE,PHI,5,CAR,0,0,0,0,0,0,0,0,2,28,0,3,0,0,0,0,0,0,0,0,0,0,,,,,
Dalton Schultz,TE,DAL,5,NYG,0,0,0,0,0,0,0,0,6,79,0,8,0,0,0,0,0,0,0,0,0,0,,,,,
Damien Harris,RB,NE,5,HOU,0,0,0,0,0,58,1,14,0,0,0,0,0,0,0,0,0,0,0,0,0,0,,,,,
Damien Williams,RB,CHI,5,LV,0,0,0,0,0,64,1,16,2,20,0,3,0,0,0,0,0,0,0,0,0,0,,,,,
Dan Arnold,TE,JAX,5,TEN,0,0,0,0,0,0,0,0,6,64,0,8,0,0,0,0,0,0,0,0,0,0,,,,,
Daniel Carlson,K,LV,5,CHI,0,0,0,0,0,0,0,0,0,0,0,0,0,0,0,0,0,1,0,0,0,0,,,,,
Daniel Jones,QB,NYG,5,DAL,98,0,13,5,0,9,0,3,0,0,0,0,0,0,0,0,0,0,0,0,0,0,,,,,
Dare Ogunbowale,RB,JAX,5,TEN,0,0,0,0,0,0,0,0,1,19,0,1,0,0,0,0,0,0,0,0,0,0,,,,,
Darnell Mooney,WR,CHI,5,LV,0,0,0,0,0,0,0,0,3,35,0,5,0,0,0,0,0,0,0,0,0,0,,,,,
Darrel Williams,RB,KC,5,BUF,0,0,0,0,0,27,0,5,3,18,0,5,0,0,0,0,0,0,0,0,0,0,,,,,
Darrell Henderson,RB,LA,5,SEA,0,0,0,0,0,82,1,17,1,17,0,1,0,0,0,0,0,0,0,0,0,0,,,,,
Darren Waller,TE,LV,5,CHI,0,0,0,0,0,0,0,0,4,45,0,8,0,0,0,0,0,0,0,0,0,0,,,,,
Davante Adams,WR,GB,5,CIN,0,0,0,0,0,0,0,0,11,206,1,16,0,0,0,0,0,0,0,0,0,0,,,,,
David Johnson,RB,HOU,5,NE,0,0,0,0,0,5,0,2,5,46,0,6,0,0,0,0,0,0,0,0,0,0,,,,,
David Moore,WR,DEN,5,PIT,0,0,0,0,0,0,0,0,0,0,0,2,0,0,0,0,0,0,0,0,0,0,,,,,
David Njoku,TE,CLE,5,LAC,0,0,0,0,0,0,0,0,7,149,1,7,0,0,0,0,0,0,0,0,0,0,,,,,
Davis Mills,QB,HOU,5,NE,312,3,29,21,0,2,0,1,0,0,0,0,0,0,0,0,0,0,0,0,0,0,,,,,
Dawson Knox,TE,BUF,5,KC,0,0,0,0,0,0,0,0,3,117,1,4,0,0,0,0,0,0,0,0,0,0,,,,,
Dax Milne,WR,WAS,5,NO,0,0,0,0,0,0,0,0,1,6,0,1,0,0,0,0,0,0,0,0,0,0,,,,,
DeAndre Carter,WR,WAS,5,NO,0,0,0,0,0,11,0,1,4,62,0,8,0,0,0,0,0,0,0,0,0,0,,,,,
DeAndre Hopkins,WR,ARI,5,SF,0,0,0,0,0,0,0,0,6,87,1,9,0,0,0,0,0,0,0,0,0,0,,,,,
DeSean Jackson,WR,LA,5,SEA,0,0,0,0,0,0,0,0,1,68,0,3,0,0,0,0,0,0,0,0,0,0,,,,,
DeVonta Smith,WR,PHI,5,CAR,0,0,0,0,0,0,0,0,7,77,0,9,0,0,1,0,0,0,0,0,0,0,,,,,
Dede Westbrook,WR,MIN,5,DET,0,0,0,0,0,0,0,0,3,18,0,4,0,0,0,0,0,0,0,0,0,0,,,,,
DeeJay Dallas,RB,SEA,5,LA,0,0,0,0,0,7,0,4,2,32,0,2,0,0,0,0,0,0,0,0,0,0,,,,,
Deebo Samuel Sr.,WR,SF,5,ARI,0,0,0,0,0,13,1,1,3,58,0,9,0,0,0,0,0,0,0,0,0,0,,,,,
Demarcus Robinson,WR,KC,5,BUF,0,0,0,0,0,0,0,0,1,8,0,2,0,0,0,0,0,0,0,0,0,0,,,,,
Demetric Felton,RB,CLE,5,LAC,0,0,0,0,0,0,0,0,0,0,0,0,0,0,0,0,0,0,0,0,0,0,,,,,
Denzel Mims,WR,NYJ,5,ATL,0,0,0,0,0,0,0,0,2,33,0,3,0,0,0,0,0,0,0,0,0,0,,,,,
Deonte Harty,WR,NO,5,WAS,0,0,0,0,0,0,0,0,1,72,1,1,0,0,0,0,0,0,0,0,0,0,,,,,
Derek Carr,QB,LV,5,CHI,206,0,35,22,1,10,0,3,0,0,0,0,0,0,0,0,0,0,0,0,0,0,,,,,
Derrick Henry,RB,TEN,5,JAX,0,0,0,0,0,130,3,29,0,0,0,0,0,0,0,0,0,0,0,0,0,0,,,,,
Devin Duvernay,WR,BAL,5,IND,0,0,0,0,0,0,0,0,4,45,0,4,0,0,0,0,0,0,0,0,0,0,,,,,
Devin Singletary,RB,BUF,5,KC,0,0,0,0,0,25,0,6,1,-2,0,2,0,0,0,0,0,0,0,0,0,0,,,,,
Devonta Freeman,RB,BAL,5,IND,0,0,0,0,0,1,0,1,3,34,0,4,0,0,0,0,0,0,0,0,0,0,,,,,
Devontae Booker,RB,NYG,5,DAL,0,0,0,0,0,42,1,16,3,16,1,4,0,0,0,0,0,0,0,0,0,0,,,,,
Diontae Johnson,WR,PIT,5,DEN,0,0,0,0,0,0,0,0,2,72,1,2,0,0,0,0,0,0,0,0,0,0,,,,,
Diontae Spencer,WR,DEN,5,PIT,0,0,0,0,0,0,0,0,0,0,0,1,0,0,0,0,0,0,0,0,0,0,,,,,
Donald Parham,TE,LAC,5,CLE,0,0,0,0,0,0,0,0,2,29,1,2,0,0,1,0,0,0,0,0,0,0,,,,,
Donovan Peoples-Jones,WR,CLE,5,LAC,0,0,0,0,0,0,0,0,5,70,0,6,0,0,0,0,0,0,0,0,0,0,,,,,
Drew Sample,TE,CIN,5,GB,0,0,0,0,0,0,0,0,2,9,0,4,0,0,0,0,0,0,0,0,0,0,,,,,
Durham Smythe,TE,MIA,5,TB,0,0,0,0,0,0,0,0,2,23,0,3,0,0,0,0,0,0,0,0,0,0,,,,,
Dustin Hopkins,K,WAS,5,NO,0,0,0,0,0,0,0,0,0,0,0,0,0,0,0,0,2,0,1,0,0,1,,,,,
Elijah Mitchell,RB,SF,5,ARI,0,0,0,0,0,43,0,9,2,19,0,2,0,0,0,0,0,0,0,0,0,0,,,,,
Elijah Moore,WR,NYJ,5,ATL,0,0,0,0,0,0,0,0,0,0,0,2,0,0,0,0,0,0,0,0,0,0,,,,,
Emmanuel Sanders,WR,BUF,5,KC,0,0,0,0,0,0,0,0,3,54,2,5,0,0,0,0,0,0,0,0,0,0,,,,,
Eno Benjamin,RB,ARI,5,SF,0,0,0,0,0,0,0,0,0,0,0,0,0,0,0,0,0,0,0,0,0,0,,,,,
Equanimeous St. Brown,WR,GB,5,CIN,0,0,0,0,0,0,0,0,0,0,0,0,0,0,0,0,0,0,0,0,0,0,,,,,
Eric Ebron,TE,PIT,5,DEN,0,0,0,0,0,0,0,0,2,10,0,2,0,0,0,0,0,0,0,0,0,0,,,,,
Evan Engram,TE,NYG,5,DAL,0,0,0,0,0,0,0,0,4,55,0,4,0,0,0,0,0,0,0,0,0,0,,,,,
Evan McPherson,K,CIN,5,GB,0,0,0,0,0,0,0,0,0,0,0,0,0,0,0,0,0,0,0,0,0,2,,,,,
Ezekiel Elliott,RB,DAL,5,NYG,0,0,0,0,0,110,1,21,2,2,1,3,0,0,0,0,0,0,0,0,0,0,,,,,
Foster Moreau,TE,LV,5,CHI,0,0,0,0,0,0,0,0,0,0,0,0,0,0,0,0,0,0,0,0,0,0,,,,,
Freddie Swain,WR,SEA,5,LA,0,0,0,0,0,0,0,0,1,9,0,3,0,0,0,0,0,0,0,0,0,0,,,,,
GB,DEF,GB,5,CIN,,,,,,,,,,,,,,,,,,,,,,,0,0,0,0,22.0
Gabe Davis,WR,BUF,5,KC,0,0,0,0,0,0,0,0,1,16,0,1,0,0,0,0,0,0,0,0,0,0,,,,,
Garrett Griffin,TE,NO,5,WAS,0,0,0,0,0,0,0,0,0,0,0,0,0,0,0,0,0,0,0,0,0,0,,,,,
Geno Smith,QB,SEA,5,LA,131,1,17,10,1,23,0,3,0,0,0,0,0,0,0,0,0,0,0,0,0,0,,,,,
Geoff Swaim,TE,TEN,5,JAX,0,0,0,0,0,0,0,0,0,0,0,1,0,0,0,0,0,0,0,0,0,0,,,,,
Giovani Bernard,RB,TB,5,MIA,0,0,0,0,0,21,0,4,2,14,1,2,0,0,0,0,0,0,0,0,0,0,,,,,
Godwin Igwebuike,RB,DET,5,MIN,0,0,0,0,0,0,0,0,0,0,0,0,0,0,0,0,0,0,0,0,0,0,,,,,
Graham Gano,K,NYG,5,DAL,0,0,0,0,0,0,0,0,0,0,0,0,0,0,0,0,0,0,0,2,0,2,,,,,
Greg Joseph,K,MIN,5,DET,0,0,0,0,0,0,0,0,0,0,0,0,0,0,0,0,0,2,0,2,0,1,,,,,
Greg Ward,WR,PHI,5,CAR,0,0,0,0,0,0,0,0,0,0,0,0,0,0,0,0,0,0,0,0,0,0,,,,,
Greg Zuerlein,K,DAL,5,NYG,0,0,0,0,0,0,0,0,0,0,0,0,0,0,0,0,0,3,0,0,0,5,,,,,
Gunner Olszewski,WR,NE,5,HOU,0,0,0,0,0,0,0,0,0,0,0,0,0,0,0,0,0,0,0,0,0,0,,,,,
HOU,DEF,HOU,5,NE,,,,,,,,,,,,,,,,,,,,,,,0,0,0,0,25.0
Harrison Bryant,TE,CLE,5,LAC,0,0,0,0,0,0,0,0,0,0,0,0,0,0,0,0,0,0,0,0,0,0,,,,,
Harrison Butker,K,KC,5,BUF,0,0,0,0,0,0,0,0,0,0,0,0,0,0,0,0,0,1,0,1,0,2,,,,,
Hayden Hurst,TE,ATL,5,NYJ,0,0,0,0,0,0,0,0,4,40,1,5,0,0,0,0,0,0,0,0,0,0,,,,,
Henry Ruggs III,WR,LV,5,CHI,0,0,0,0,0,0,0,0,3,51,0,3,0,0,0,0,0,0,0,0,0,0,,,,,
Hunter Henry,TE,NE,5,HOU,0,0,0,0,0,0,0,0,6,75,1,8,0,0,0,0,0,0,0,0,0,0,,,,,
Hunter Renfrow,WR,LV,5,CHI,0,0,0,0,0,0,0,0,6,56,0,8,0,0,0,0,0,0,0,0,0,0,,,,,
IND,DEF,IND,5,BAL,,,,,,,,,,,,,,,,,,,,,,,0,0,0,0,31.0
Ian Thomas,TE,CAR,5,PHI,0,0,0,0,0,0,0,0,4,40,0,5,0,0,0,0,0,0,0,0,0,0,,,,,
Isaiah Ford,WR,MIA,5,TB,0,0,0,0,0,0,0,0,1,3,0,1,0,0,0,0,0,0,0,0,0,0,,,,,
Isaiah McKenzie,WR,BUF,5,KC,0,0,0,0,0,0,0,0,0,0,0,0,0,0,0,0,0,0,0,0,0,0,,,,,
J.D. McKissic,RB,WAS,5,NO,0,0,0,0,0,-1,0,2,1,8,0,4,0,0,0,0,0,0,0,0,0,0,,,,,
JAX,DEF,JAX,5,TEN,,,,,,,,,,,,,,,,,,,,,,,0,0,0,0,37.0
Ja'Marr Chase,WR,CIN,5,GB,0,0,0,0,0,0,0,0,6,159,1,10,0,0,0,0,0,0,0,0,0,0,,,,,
Jack Doyle,TE,IND,5,BAL,0,0,0,0,0,0,0,0,1,4,0,1,0,0,0,0,0,0,0,0,0,0,,,,,
Jacob Hollister,TE,JAX,5,TEN,0,0,0,0,0,0,0,0,1,1,1,1,0,0,0,0,0,0,0,0,0,0,,,,,
Jacoby Brissett,QB,MIA,5,TB,275,2,39,27,1,0,0,0,0,0,0,0,0,0,0,0,0,0,0,0,0,0,,,,,
Jake Elliott,K,PHI,5,CAR,0,0,0,0,0,0,0,0,0,0,0,0,0,0,0,0,0,1,0,1,0,1,,,,,
Jakeem Grant,WR,CHI,5,LV,0,0,0,0,0,0,0,0,0,0,0,0,0,0,0,0,0,0,0,0,0,0,,,,,
Jakobi Meyers,WR,NE,5,HOU,0,0,0,0,0,0,0,0,4,56,0,5,0,0,0,0,0,0,0,0,0,0,,,,,
Jalen Guyton,WR,LAC,5,CLE,0,0,0,0,0,0,0,0,2,35,0,3,0,0,0,0,0,0,0,0,0,0,,,,,
Jalen Hurts,QB,PHI,5,CAR,198,0,37,22,1,30,2,9,0,0,0,0,0,0,1,0,0,0,0,0,0,0,,,,,
Jalen Reagor,WR,PHI,5,CAR,0,0,0,0,0,0,0,0,3,24,0,5,0,0,0,0,0,0,0,0,0,0,,,,,
Jalen Richard,RB,LV,5,CHI,0,0,0,0,0,0,0,0,1,4,0,1,0,0,0,0,0,0,0,0,0,0,,,,,
Jamaal Williams,RB,DET,5,MIN,0,0,0,0,0,57,0,13,2,8,0,2,0,0,0,0,0,0,0,0,0,0,,,,,
Jamal Agnew,WR,JAX,5,TEN,0,0,0,0,0,8,0,1,6,41,0,7,0,0,0,0,0,0,0,0,0,0,,,,,
Jameis Winston,QB,NO,5,WAS,279,4,30,15,1,26,0,6,0,0,0,0,0,0,0,0,0,0,0,0,0,0,,,,,
James Conner,RB,ARI,5,SF,0,0,0,0,0,29,1,10,1,8,0,1,0,0,0,0,0,0,0,0,0,0,,,,,
James Proche,WR,BAL,5,IND,0,0,0,0,0,0,0,0,2,15,0,2,0,0,0,0,0,0,0,0,0,0,,,,,
James Robinson,RB,JAX,5,TEN,0,0,0,0,0,149,1,18,1,-2,0,1,0,0,0,0,0,0,0,0,0,0,,,,,
Jamison Crowder,WR,NYJ,5,ATL,0,0,0,0,0,0,0,0,4,24,0,6,0,0,1,0,0,0,0,0,0,0,,,,,
Jared Cook,TE,LAC,5,CLE,0,0,0,0,0,0,0,0,1,29,0,3,0,0,0,0,0,0,0,0,0,0,,,,,
Jared Goff,QB,DET,5,MIN,203,0,35,21,1,0,0,0,0,0,0,0,0,0,1,0,0,0,0,0,0,0,,,,,
Jaret Patterson,RB,WAS,5,NO,0,0,0,0,0,13,0,4,0,0,0,0,0,0,0,0,0,0,0,0,0,0,,,,,
Jason Myers,K,SEA,5,LA,0,0,0,0,0,0,0,0,0,0,0,0,0,0,0,0,0,1,0,0,0,2,,,,,
Jason Sanders,K,MIA,5,TB,0,0,0,0,0,0,0,0,0,0,0,0,0,0,0,0,1,0,0,0,0,2,,,,,
Javonte Williams,RB,DEN,5,PIT,0,0,0,0,0,61,0,8,3,25,0,3,0,0,0,0,0,0,0,0,0,0,,,,,
Jaydon Mickens,WR,TB,5,MIA,0,0,0,0,0,0,0,0,0,0,0,0,0,0,0,0,0,0,0,0,0,0,,,,,
Jaylen Waddle,WR,MIA,5,TB,0,0,0,0,0,2,0,1,2,31,0,6,0,0,0,0,0,0,0,0,0,0,,,,,
Jeremy McNichols,RB,TEN,5,JAX,0,0,0,0,0,9,0,1,2,26,0,2,0,0,0,0,0,0,0,0,0,0,,,,,
Jerick McKinnon,RB,KC,5,BUF,0,0,0,0,0,2,0,1,2,13,0,2,0,0,0,0,0,0,0,0,0,0,,,,,
Jesper Horsted,TE,CHI,5,LV,0,0,0,0,0,0,0,0,1,2,1,1,0,0,0,0,0,0,0,0,0,0,,,,,
Joe Burrow,QB,CIN,5,GB,281,2,38,26,2,11,0,3,0,0,0,0,0,0,1,0,0,0,0,0,0,0,,,,,
Joe Mixon,RB,CIN,5,GB,0,0,0,0,0,33,1,10,1,2,0,1,0,0,0,0,0,0,0,0,0,0,,,,,
Joey Slye,K,SF,5,ARI,0,0,0,0,0,0,0,0,0,0,0,0,0,0,0,0,0,0,1,0,0,1,,,,,
John Ross,WR,NYG,5,DAL,0,0,0,0,0,0,0,0,1,13,0,5,0,0,0,0,0,0,0,0,0,0,,,,,
Jonathan Taylor,RB,IND,5,BAL,0,0,0,0,0,53,1,15,3,116,1,4,0,0,0,0,0,0,0,0,0,0,,,,,
Jonathan Ward,RB,ARI,5,SF,0,0,0,0,0,0,0,0,0,0,0,0,0,0,0,0,0,0,0,0,0,0,,,,,
Jonnu Smith,TE,NE,5,HOU,0,0,0,0,0,5,0,1,2,27,0,2,0,0,0,0,0,0,0,0,0,0,,,,,
Jordan Akins,TE,HOU,5,NE,0,0,0,0,0,0,0,0,2,17,0,2,0,0,0,0,0,0,0,0,0,0,,,,,
Josh Allen,QB,BUF,5,KC,315,3,26,15,0,59,1,11,0,0,0,0,0,0,0,0,0,0,0,0,0,0,,,,,
Josh Gordon,WR,KC,5,BUF,0,0,0,0,0,0,0,0,1,11,0,1,0,0,0,0,0,0,0,0,0,0,,,,,
Josh Jacobs,RB,LV,5,CHI,0,0,0,0,0,48,1,15,4,19,0,5,0,0,0,0,0,0,0,0,0,0,,,,,
Josh Oliver,TE,BAL,5,IND,0,0,0,0,0,0,0,0,2,13,0,2,0,0,0,0,0,0,0,0,0,0,,,,,
Josh Palmer,WR,LAC,5,CLE,0,0,0,0,0,0,0,0,2,12,0,3,0,0,0,0,0,0,0,0,0,0,,,,,
Josh Reynolds,WR,TEN,5,JAX,0,0,0,0,0,0,0,0,1,8,0,1,0,0,0,0,0,0,0,0,0,0,,,,,
Joshua Kelley,RB,LAC,5,CLE,0,0,0,0,0,17,0,2,0,0,0,0,0,0,0,0,0,0,0,0,0,0,,,,,
JuJu Smith-Schuster,WR,PIT,5,DEN,0,0,0,0,0,6,0,2,0,0,0,1,0,0,0,0,0,0,0,0,0,0,,,,,
Justin Fields,QB,CHI,5,LV,111,1,20,12,0,4,0,3,0,0,0,0,0,0,0,0,0,0,0,0,0,0,,,,,
Justin Herbert,QB,LAC,5,CLE,398,4,43,26,0,29,1,4,0,0,0,0,0,0,1,0,0,0,0,0,0,0,,,,,
Justin Jefferson,WR,MIN,5,DET,0,0,0,0,0,0,0,0,7,124,0,8,0,0,0,0,0,0,0,0,0,0,,,,,
Justin Tucker,K,BAL,5,IND,0,0,0,0,0,0,0,0,0,0,0,0,0,0,0,0,1,0,0,0,0,0,,,,,
Juwan Johnson,TE,NO,5,WAS,0,0,0,0,0,0,0,0,0,0,0,1,0,0,0,0,0,0,0,0,0,0,,,,,
K.J. Hill,WR,LAC,5,CLE,0,0,0,0,0,0,0,0,0,0,0,0,0,0,0,0,0,0,0,0,0,0,,,,,
K.J. Osborn,WR,MIN,5,DET,0,0,0,0,0,0,0,0,3,14,0,4,0,0,0,0,0,0,0,0,0,0,,,,,
KC,DEF,KC,5,BUF,,,,,,,,,,,,,,,,,,,,,,,0,0,0,0,38.0
Ka'imi Fairbairn,K,HOU,5,NE,0,0,0,0,0,0,0,0,0,0,0,0,0,0,0,0,0,1,0,0,0,1,,,,,
Kadarius Toney,WR,NYG,5,DAL,0,0,1,0,0,7,0,1,10,189,0,13,0,0,0,0,0,0,0,0,0,0,,,,,
Kaden Smith,TE,NYG,5,DAL,0,0,0,0,0,0,0,0,0,0,0,0,0,0,0,0,0,0,0,0,0,0,,,,,
Kalen Ballage,RB,PIT,5,DEN,0,0,0,0,0,0,0,4,0,0,0,1,0,0,0,0,0,0,0,0,0,0,,,,,
Kalif Raymond,WR,DET,5,MIN,0,0,0,0,0,0,0,0,0,0,0,2,0,0,0,0,0,0,0,0,0,0,,,,,
Kareem Hunt,RB,CLE,5,LAC,0,0,0,0,0,61,2,12,5,28,0,6,0,0,0,0,0,0,0,0,0,0,,,,,
Keelan Cole,WR,NYJ,5,ATL,0,0,0,0,0,0,0,0,2,38,0,3,0,0,0,0,0,0,0,0,0,0,,,,,
Keenan Allen,WR,LAC,5,CLE,0,0,0,0,0,0,0,0,6,75,0,9,0,0,0,0,0,0,0,0,0,0,,,,,
Kendall Hinton,WR,DEN,5,PIT,0,0,0,0,0,0,0,0,2,25,1,3,0,0,0,0,0,0,0,0,0,0,,,,,
Kendrick Bourne,WR,NE,5,HOU,0,0,0,0,0,12,0,1,3,26,0,3,0,0,0,0,0,0,0,0,0,0,,,,,
Kenny Gainwell,RB,PHI,5,CAR,0,0,0,0,0,16,0,2,1,8,0,3,0,0,0,0,0,0,0,0,0,0,,,,,
Kenny Golladay,WR,NYG,5,DAL,0,0,0,0,0,0,0,0,0,0,0,3,0,0,0,0,0,0,0,0,0,0,,,,,
Kenny Stills,WR,NO,5,WAS,0,0,0,0,0,1,0,1,2,17,0,5,0,0,0,0,0,0,0,0,0,0,,,,,
Kenyan Drake,RB,LV,5,CHI,0,0,0,0,0,11,0,2,0,0,0,1,0,0,0,0,0,0,0,0,0,0,,,,,
KhaDarel Hodge,WR,DET,5,MIN,0,0,0,0,0,0,0,0,1,17,0,5,0,0,1,0,0,0,0,0,0,0,,,,,
Khalil Herbert,RB,CHI,5,LV,0,0,0,0,0,75,0,18,0,0,0,0,0,0,0,0,0,0,0,0,0,0,,,,,
Kirk Cousins,QB,MIN,5,DET,275,1,34,25,1,4,0,1,0,0,0,0,0,0,0,0,0,0,0,0,0,0,,,,,
Kyle Juszczyk,RB,SF,5,ARI,0,0,0,0,0,0,0,1,3,35,0,4,0,0,0,0,0,0,0,0,0,0,,,,,
Kyle Pitts,TE,ATL,5,NYJ,0,0,0,0,0,0,0,0,9,119,1,10,0,0,0,0,0,0,0,0,0,0,,,,,
Kyle Rudolph,TE,NYG,5,DAL,0,0,0,0,0,0,0,0,1,14,0,1,0,0,0,0,0,0,0,0,0,0,,,,,
Kylen Granson,TE,IND,5,BAL,0,0,0,0,0,0,0,0,2,19,0,2,0,0,0,0,0,0,0,0,0,0,,,,,
Kyler Murray,QB,ARI,5,SF,239,1,31,22,0,1,0,7,0,0,0,0,0,0,0,0,0,0,0,0,0,0,,,,,
Kylin Hill,RB,GB,5,CIN,0,0,0,0,0,0,0,0,1,5,0,1,0,0,0,0,0,0,0,0,0,0,,,,,
LA,DEF,LA,5,SEA,,,,,,,,,,,,,,,,,,,,,,,0,0,0,0,17.0
LAC,DEF,LAC,5,CLE,,,,,,,,,,,,,,,,,,,,,,,0,0,0,0,42.0
LV,DEF,LV,5,CHI,,,,,,,,,,,,,,,,,,,,,,,0,0,0,0,20.0
Lamar Jackson,QB,BAL,5,IND,442,4,43,37,0,62,0,14,0,0,0,0,0,0,2,0,0,0,0,0,0,0,,,,,
Larry Rountree III,RB,LAC,5,CLE,0,0,0,0,0,0,0,0,0,0,0,0,0,0,0,0,0,0,0,0,0,0,,,,,
Latavius Murray,RB,BAL,5,IND,0,0,0,0,0,17,0,6,2,13,0,3,0,0,0,0,0,0,0,0,0,0,,,,,
Laviska Shenault Jr.,WR,JAX,5,TEN,0,0,0,0,0,0,0,0,1,58,0,3,0,0,0,0,0,0,0,0,0,0,,,,,
Lee Smith,TE,ATL,5,NYJ,0,0,0,0,0,0,0,0,3,30,0,3,0,0,0,0,0,0,0,0,0,0,,,,,
Leonard Fournette,RB,TB,5,MIA,0,0,0,0,0,67,1,12,4,43,0,5,0,0,0,0,0,0,0,0,0,0,,,,,
Luke Farrell,TE,JAX,5,TEN,0,0,0,0,0,0,0,0,1,13,0,1,0,0,0,0,0,0,0,0,0,0,,,,,
MIA,DEF,MIA,5,TB,,,,,,,,,,,,,,,,,,,,,,,0,0,0,0,45.0
MIN,DEF,MIN,5,DET,,,,,,,,,,,,,,,,,,,,,,,0,0,0,0,17.0
Mac Jones,QB,NE,5,HOU,231,1,30,23,1,3,0,1,0,0,0,0,0,0,0,0,0,0,0,0,0,0,,,,,
Mack Hollins,WR,MIA,5,TB,0,0,0,0,0,0,0,0,1,10,0,2,0,0,0,0,0,0,0,0,0,0,,,,,
Malik Taylor,WR,GB,5,CIN,0,0,0,0,0,0,0,0,0,0,0,0,0,0,0,0,0,0,0,0,0,0,,,,,
Marcedes Lewis,TE,GB,5,CIN,0,0,0,0,0,0,0,0,2,34,0,2,0,0,0,0,0,0,0,0,0,0,,,,,
Marcus Johnson,WR,TEN,5,JAX,0,0,0,0,0,0,0,0,3,52,0,5,0,0,0,0,0,0,0,0,0,0,,,,,
Marcus Kemp,WR,KC,5,BUF,0,0,0,0,0,0,0,0,0,0,0,0,0,0,0,0,0,0,0,0,0,0,,,,,
Mark Andrews,TE,BAL,5,IND,0,0,0,0,0,0,0,0,11,147,2,13,0,0,2,0,0,0,0,0,0,0,,,,,
Mark Ingram,RB,HOU,5,NE,0,0,0,0,0,41,0,16,0,0,0,0,0,0,0,0,0,0,0,0,0,0,,,,,
Marlon Mack,RB,IND,5,BAL,0,0,0,0,0,47,0,5,1,7,0,2,0,0,0,0,0,0,0,0,0,0,,,,,
Marquez Callaway,WR,NO,5,WAS,0,0,0,0,0,0,0,0,4,85,2,8,0,0,0,0,0,0,0,0,0,0,,,,,
Marquise Brown,WR,BAL,5,IND,0,0,0,0,0,0,0,0,9,125,2,10,0,0,0,0,0,0,0,0,0,0,,,,,
Marquise Goodwin,WR,CHI,5,LV,0,0,0,0,0,0,0,0,1,8,0,2,0,0,0,0,0,0,0,0,0,0,,,,,
Marvin Jones,WR,JAX,5,TEN,0,0,0,0,0,0,0,0,1,25,0,6,0,0,0,0,0,0,0,0,0,0,,,,,
Mason Crosby,K,GB,5,CIN,0,0,0,0,0,0,0,0,0,0,0,0,0,0,0,0,1,0,3,0,0,1,,,,,
Matt Ammendola,K,NYJ,5,ATL,0,0,0,0,0,0,0,0,0,0,0,0,0,0,0,0,0,1,1,0,0,0,,,,,
Matt Gay,K,LA,5,SEA,0,0,0,0,0,0,0,0,0,0,0,0,0,0,0,0,0,1,1,0,0,2,,,,,
Matt Prater,K,ARI,5,SF,0,0,0,0,0,0,0,0,0,0,0,0,0,0,0,0,1,0,0,0,0,2,,,,,
Matt Ryan,QB,ATL,5,NYJ,342,2,45,33,0,-1,0,1,0,0,0,0,0,0,0,0,0,0,0,0,0,0,,,,,
Matthew Slater,WR,NE,5,HOU,0,0,0,0,0,0,0,0,0,0,0,0,0,0,0,0,0,0,0,0,0,0,,,,,
Matthew Stafford,QB,LA,5,SEA,365,1,37,25,1,-1,0,1,0,0,0,0,0,0,0,0,0,0,0,0,0,0,,,,,
Matthew Wright,K,JAX,5,TEN,0,0,0,0,0,0,0,0,0,0,0,0,0,0,0,0,0,0,0,0,0,1,,,,,
Maxx Williams,TE,ARI,5,SF,0,0,0,0,0,0,0,0,1,14,0,1,0,0,0,0,0,0,0,0,0,0,,,,,
Mecole Hardman,WR,KC,5,BUF,0,0,0,0,0,0,0,0,9,76,0,12,0,0,0,0,0,0,0,0,0,0,,,,,
Melvin Gordon,RB,DEN,5,PIT,0,0,0,0,0,34,0,9,2,9,0,2,0,0,0,0,0,0,0,0,0,0,,,,,
Michael Carter,RB,NYJ,5,ATL,0,0,0,0,0,38,1,10,3,20,0,3,0,0,0,0,0,0,0,0,0,0,,,,,
Michael Pittman,WR,IND,5,BAL,0,0,0,0,0,0,0,0,6,89,1,7,0,0,0,0,0,0,0,0,0,0,,,,,
Mike Davis,RB,ATL,5,NYJ,0,0,0,0,0,53,1,13,2,8,0,5,0,0,0,0,0,0,0,0,0,0,,,,,
Mike Evans,WR,TB,5,MIA,0,0,0,0,0,0,0,0,6,113,2,8,0,0,0,0,0,0,0,0,0,0,,,,,
Mike Gesicki,TE,MIA,5,TB,0,0,0,0,0,0,0,0,4,43,0,7,0,0,0,0,0,0,0,0,0,0,,,,,
Mike Glennon,QB,NYG,5,DAL,196,1,25,16,2,2,0,2,0,0,0,0,0,0,0,0,0,0,0,0,0,0,,,,,
Mike Williams,WR,LAC,5,CLE,0,0,0,0,0,0,0,0,8,165,2,16,0,0,0,0,0,0,0,0,0,0,,,,,
Miles Sanders,RB,PHI,5,CAR,0,0,0,0,0,45,0,11,5,6,0,5,0,0,0,0,0,0,0,0,0,0,,,,,
Mo Alie-Cox,TE,IND,5,BAL,0,0,0,0,0,0,0,0,3,50,0,4,0,0,0,0,0,0,0,0,0,0,,,,,
Mohamed Sanu,WR,SF,5,ARI,0,0,0,0,0,0,0,0,2,19,0,3,0,0,0,0,0,0,0,0,0,0,,,,,
MyCole Pruitt,TE,TEN,5,JAX,0,0,0,0,0,0,0,0,1,14,1,1,0,0,0,0,0,0,0,0,0,0,,,,,
Myles Gaskin,RB,MIA,5,TB,0,0,0,0,0,25,0,5,10,74,2,10,0,0,0,0,0,0,0,0,0,0,,,,,
N'Keal Harry,TE,NE,5,HOU,0,0,0,0,0,0,0,0,1,9,0,2,0,0,0,0,0,0,0,0,0,0,,,,,
NE,DEF,NE,5,HOU,,,,,,,,,,,,,,,,,,,,,,,0,0,0,0,22.0
NO,DEF,NO,5,WAS,,,,,,,,,,,,,,,,,,,,,,,0,0,0,0,22.0
NYG,DEF,NYG,5,DAL,,,,,,,,,,,,,,,,,,,,,,,0,0,0,0,44.0
NYJ,DEF,NYJ,5,ATL,,,,,,,,,,,,,,,,,,,,,,,0,0,0,0,27.0
Najee Harris,RB,PIT,5,DEN,0,0,0,0,0,122,1,23,2,20,0,5,0,0,0,0,0,0,0,0,0,0,,,,,
Nathan Peterman,QB,LV,5,CHI,0,0,0,0,0,2,0,2,0,0,0,0,0,0,0,0,0,0,0,0,0,0,,,,,
Nelson Agholor,WR,NE,5,HOU,0,0,0,0,0,0,0,0,3,32,0,4,0,0,0,0,0,0,0,0,0,0,,,,,
Nick Chubb,RB,CLE,5,LAC,0,0,0,0,0,161,1,21,1,9,0,1,0,0,0,0,0,0,0,0,0,0,,,,,
Nick Folk,K,NE,5,HOU,0,0,0,0,0,0,0,0,0,0,0,0,0,0,0,0,1,1,0,2,0,1,,,,,
Noah Brown,WR,DAL,5,NYG,0,0,0,0,0,0,0,0,3,36,0,4,0,0,0,0,0,0,0,0,0,0,,,,,
Noah Fant,TE,DEN,5,PIT,0,0,0,0,0,0,0,0,3,20,0,4,0,0,0,0,0,0,0,0,0,0,,,,,
Nyheim Hines,RB,IND,5,BAL,0,0,0,0,0,18,0,4,0,0,0,1,0,0,0,0,0,0,0,0,0,0,,,,,
O.J. Howard,TE,TB,5,MIA,0,0,0,0,0,0,0,0,2,19,0,3,0,0,0,0,0,0,0,0,0,0,,,,,
Odell Beckham Jr.,WR,CLE,5,LAC,0,0,0,0,0,0,0,0,2,20,0,3,0,0,0,0,0,0,0,0,0,0,,,,,
Olamide Zaccheaus,WR,ATL,5,NYJ,0,0,0,0,0,0,0,0,2,20,0,4,0,0,0,0,0,0,0,0,0,0,,,,,
PHI,DEF,PHI,5,CAR,,,,,,,,,,,,,,,,,,,,,,,0,0,0,0,18.0
PIT,DEF,PIT,5,DEN,,,,,,,,,,,,,,,,,,,,,,,0,0,0,0,19.0
Parris Campbell,WR,IND,5,BAL,0,0,0,0,0,0,0,0,4,56,0,6,0,0,0,0,0,0,0,0,0,0,,,,,
Pat Freiermuth,TE,PIT,5,DEN,0,0,0,0,0,0,0,0,2,7,0,2,0,0,0,0,0,0,0,0,0,0,,,,,
Patrick Mahomes,QB,KC,5,BUF,272,2,54,33,2,61,0,8,0,0,0,0,0,0,0,0,0,0,0,0,0,0,,,,,
Penny Hart,WR,SEA,5,LA,0,0,0,0,0,0,0,0,2,19,0,2,0,0,0,0,0,0,0,0,0,0,,,,,
Pharaoh Brown,TE,HOU,5,NE,0,0,0,0,0,0,0,0,2,22,0,4,0,0,0,0,0,0,0,0,0,0,,,,,
Phillip Lindsay,RB,HOU,5,NE,0,0,0,0,0,19,0,5,0,0,0,0,0,0,0,0,0,0,0,0,0,0,,,,,
Preston Williams,WR,MIA,5,TB,0,0,0,0,0,7,0,1,3,60,0,5,0,0,0,0,0,0,0,0,0,0,,,,,
Quez Watkins,WR,PHI,5,CAR,0,0,0,0,0,0,0,0,3,48,0,3,0,0,0,0,0,0,0,0,0,0,,,,,
Quintez Cephus,WR,DET,5,MIN,0,0,0,0,0,0,0,0,3,38,0,3,0,0,0,0,0,0,0,0,0,0,,,,,
Randall Cobb,WR,GB,5,CIN,0,0,0,0,0,0,0,0,2,30,0,3,0,0,0,0,0,0,0,0,0,0,,,,,
Randy Bullock,K,TEN,5,JAX,0,0,0,0,0,0,0,0,0,0,0,0,0,0,0,0,0,1,0,0,0,4,,,,,
Rashard Higgins,WR,CLE,5,LAC,0,0,0,0,0,0,0,0,3,29,1,5,0,0,0,0,0,0,0,0,0,0,,,,,
Ray-Ray McCloud,WR,PIT,5,DEN,0,0,0,0,0,0,0,0,1,1,0,2,0,0,0,0,0,0,0,0,0,0,,,,,
Rhamondre Stevenson,RB,NE,5,HOU,0,0,0,0,0,23,0,11,0,0,0,0,0,0,0,0,0,0,0,0,0,0,,,,,
Ricky Seals-Jones,TE,WAS,5,NO,0,0,0,0,0,0,0,0,5,41,0,9,0,0,0,0,0,0,0,0,0,0,,,,,
Robbie Chosen,WR,CAR,5,PHI,0,0,0,0,0,0,0,0,2,30,0,7,0,0,0,0,0,0,0,0,0,0,,,,,
Robert Tonyan,TE,GB,5,CIN,0,0,0,0,0,0,0,0,1,8,0,2,0,0,0,0,0,0,0,0,0,0,,,,,
Robert Woods,WR,LA,5,SEA,0,0,0,0,0,0,0,0,12,150,0,14,0,0,0,0,0,0,0,0,0,0,,,,,
Rodrigo Blankenship,K,IND,5,BAL,0,0,0,0,0,0,0,0,0,0,0,0,0,0,0,0,0,1,1,0,0,1,,,,,
Ronald Jones,RB,TB,5,MIA,0,0,0,0,0,21,0,5,1,15,0,1,0,0,0,0,0,0,0,0,0,0,,,,,
Rondale Moore,WR,ARI,5,SF,0,0,0,0,0,38,0,3,5,59,0,6,0,0,0,0,0,0,0,0,0,0,,,,,
Ross Dwelley,TE,SF,5,ARI,0,0,0,0,0,0,0,0,2,25,0,2,0,0,0,0,0,0,0,0,0,0,,,,,
Royce Freeman,RB,CAR,5,PHI,0,0,0,0,0,2,0,3,1,6,0,2,0,0,0,0,0,0,0,0,0,0,,,,,
Russell Wilson,QB,SEA,5,LA,152,1,16,11,1,10,0,2,0,0,0,0,0,0,0,0,0,0,0,0,0,0,,,,,
Ryan Griffin,TE,NYJ,5,ATL,0,0,0,0,0,0,0,0,1,4,0,2,0,0,0,0,0,0,0,0,0,0,,,,,
Ryan Succop,K,TB,5,MIA,0,0,0,0,0,0,0,0,0,0,0,0,0,0,0,0,0,0,1,0,0,6,,,,,
Ryan Tannehill,QB,TEN,5,JAX,197,1,22,14,0,21,0,3,0,0,0,0,0,0,0,0,0,0,0,0,0,0,,,,,
SEA,DEF,SEA,5,LA,,,,,,,,,,,,,,,,,,,,,,,0,0,0,0,26.0
SF,DEF,SF,5,ARI,,,,,,,,,,,,,,,,,,,,,,,0,0,0,0,17.0
Salvon Ahmed,RB,MIA,5,TB,0,0,0,0,0,5,0,2,2,16,0,3,0,0,0,0,0,0,0,0,0,0,,,,,
Sam Darnold,QB,CAR,5,PHI,177,1,37,21,3,10,0,2,0,0,0,0,0,0,0,0,0,0,0,0,0,0,,,,,
Samaje Perine,RB,CIN,5,GB,0,0,0,0,0,59,0,11,4,24,1,5,0,0,0,0,0,0,0,0,0,0,,,,,
Sammy Watkins,WR,BAL,5,IND,0,0,0,0,0,0,0,0,2,35,0,3,0,0,0,0,0,0,0,0,0,0,,,,,
Saquon Barkley,RB,NYG,5,DAL,0,0,0,0,0,9,0,2,0,0,0,1,0,0,0,0,0,0,0,0,0,0,,,,,
Sony Michel,RB,LA,5,SEA,0,0,0,0,0,37,1,11,1,8,0,1,0,0,0,0,0,0,0,0,0,0,,,,,
Stanley Morgan,WR,CIN,5,GB,0,0,0,0,0,0,0,0,0,0,0,0,0,0,0,0,0,0,0,0,0,0,,,,,
Stefon Diggs,WR,BUF,5,KC,0,0,0,0,0,0,0,0,2,69,0,5,0,0,0,0,0,0,0,0,0,0,,,,,
Stephen Anderson,TE,LAC,5,CLE,0,0,0,0,0,0,0,0,0,0,0,1,0,0,0,0,0,0,0,0,0,0,,,,,
T.J. Hockenson,TE,DET,5,MIN,0,0,0,0,0,0,0,0,2,22,0,3,0,0,0,0,0,0,0,0,0,0,,,,,
TB,DEF,TB,5,MIA,,,,,,,,,,,,,,,,,,,,,,,0,0,0,0,17.0
TEN,DEF,TEN,5,JAX,,,,,,,,,,,,,,,,,,,,,,,0,0,0,0,19.0
Tajae Sharpe,WR,ATL,5,NYJ,0,0,0,0,0,0,0,0,4,53,0,5,0,0,0,0,0,0,0,0,0,0,,,,,
Tavon Austin,WR,JAX,5,TEN,0,0,0,0,0,0,0,0,5,54,0,5,0,0,0,0,0,0,0,0,0,0,,,,,
Taylor Heinicke,QB,WAS,5,NO,248,0,41,20,2,40,0,5,0,0,0,0,0,0,0,0,0,0,0,0,0,0,,,,,
Taysom Hill,TE,NO,5,WAS,0,0,0,0,0,0,0,0,1,11,0,2,0,0,0,0,0,0,0,0,0,0,,,,,
Teddy Bridgewater,QB,DEN,5,PIT,288,2,38,24,1,11,0,1,0,0,0,0,0,0,0,0,0,0,0,0,0,0,,,,,
Tee Higgins,WR,CIN,5,GB,0,0,0,0,0,0,0,0,5,32,0,7,0,0,1,0,0,0,0,0,0,0,,,,,
Terrace Marshall Jr.,WR,CAR,5,PHI,0,0,0,0,0,0,0,0,2,14,0,3,0,0,0,0,0,0,0,0,0,0,,,,,
Terry McLaurin,WR,WAS,5,NO,0,0,0,0,0,0,0,0,4,46,0,11,0,0,0,0,0,0,0,0,0,0,,,,,
Tevin Coleman,RB,NYJ,5,ATL,0,0,0,0,0,11,0,3,0,0,0,1,0,0,0,0,0,0,0,0,0,0,,,,,
Tim Patrick,WR,DEN,5,PIT,0,0,0,0,0,0,0,0,7,89,0,9,0,0,0,0,0,0,0,0,0,0,,,,,
Tom Brady,QB,TB,5,MIA,411,5,41,30,0,13,0,1,0,0,0,0,0,0,0,0,0,0,0,0,0,0,,,,,
Tommy Sweeney,TE,BUF,5,KC,0,0,0,0,0,0,0,0,1,1,0,1,0,0,0,0,0,0,0,0,0,0,,,,,
Tommy Tremble,TE,CAR,5,PHI,0,0,0,0,0,0,0,0,2,12,1,4,0,0,0,0,0,0,0,0,0,0,,,,,
Tony Pollard,RB,DAL,5,NYG,0,0,0,0,0,75,0,14,4,28,0,4,0,0,0,0,0,0,0,0,0,0,,,,,
Travis Benjamin,WR,SF,5,ARI,0,0,0,0,0,0,0,0,0,0,0,3,0,0,0,0,0,0,0,0,0,0,,,,,
Travis Homer,RB,SEA,5,LA,0,0,0,0,0,5,0,1,1,13,0,1,0,0,0,0,0,0,0,0,0,0,,,,,
Travis Kelce,TE,KC,5,BUF,0,0,0,0,0,0,0,0,6,57,1,10,0,0,0,0,0,0,0,0,0,0,,,,,
Trenton Cannon,RB,SF,5,ARI,0,0,0,0,0,0,0,0,0,0,0,0,0,0,0,0,0,0,0,0,0,0,,,,,
Trevon Wesco,TE,NYJ,5,ATL,0,0,0,0,0,0,0,0,0,0,0,0,0,0,0,0,0,0,0,0,0,0,,,,,
Trevor Lawrence,QB,JAX,5,TEN,273,1,33,23,1,28,1,7,0,0,0,0,0,0,0,0,0,0,0,0,0,0,,,,,
Trey Lance,QB,SF,5,ARI,192,0,29,15,1,89,0,16,0,0,0,0,0,0,0,0,0,0,0,0,0,0,,,,,
Trey Sermon,RB,SF,5,ARI,0,0,0,0,0,7,0,1,0,0,0,0,0,0,0,0,0,0,0,0,0,0,,,,,
Trinity Benson,WR,DET,5,MIN,0,0,0,0,0,0,0,0,0,0,0,2,0,0,0,0,0,0,0,0,0,0,,,,,
Tristan Vizcaino,K,LAC,5,CLE,0,0,0,0,0,0,0,0,0,0,0,0,0,0,0,0,0,0,0,0,0,3,,,,,
Tutu Atwell,WR,LA,5,SEA,0,0,0,0,0,0,0,0,0,0,0,0,0,0,0,0,0,0,0,0,0,0,,,,,
Ty Johnson,RB,NYJ,5,ATL,0,0,0,0,0,12,1,4,2,22,0,3,0,0,0,0,0,0,0,0,0,0,,,,,
Ty Montgomery,WR,NO,5,WAS,0,0,0,0,0,0,0,0,0,0,0,0,0,0,0,0,0,0,0,0,0,0,,,,,
Ty'Son Williams,RB,BAL,5,IND,0,0,0,0,0,6,0,4,2,15,0,2,0,0,0,0,0,0,0,0,0,0,,,,,
Tylan Wallace,WR,BAL,5,IND,0,0,0,0,0,0,0,0,0,0,0,0,0,0,0,0,0,0,0,0,0,0,,,,,
Tyler Bass,K,BUF,5,KC,0,0,0,0,0,0,0,0,0,0,0,0,0,0,0,0,0,1,0,0,0,5,,,,,
Tyler Boyd,WR,CIN,5,GB,0,0,0,0,0,0,0,0,4,24,0,5,0,0,0,0,0,0,0,0,0,0,,,,,
Tyler Conklin,TE,MIN,5,DET,0,0,0,0,0,0,0,0,2,25,0,3,0,0,0,0,0,0,0,0,0,0,,,,,
Tyler Davis,TE,GB,5,CIN,0,0,0,0,0,0,0,0,0,0,0,0,0,0,0,0,0,0,0,0,0,0,,,,,
Tyler Higbee,TE,LA,5,SEA,0,0,0,0,0,0,0,0,2,14,1,2,0,0,0,0,0,0,0,0,0,0,,,,,
Tyler Johnson,WR,TB,5,MIA,0,0,0,0,0,0,0,0,3,42,0,3,0,0,0,0,0,0,0,0,0,0,,,,,
Tyler Lockett,WR,SEA,5,LA,0,0,0,0,0,0,0,0,5,57,0,10,0,0,0,0,0,0,0,0,0,0,,,,,
Tyreek Hill,WR,KC,5,BUF,0,0,0,0,0,15,0,1,7,63,0,13,0,0,0,0,0,0,0,0,0,0,,,,,
Tyrie Cleveland,WR,DEN,5,PIT,0,0,0,0,0,0,0,0,0,0,0,0,0,0,0,0,0,0,0,0,0,0,,,,,
Van Jefferson,WR,LA,5,SEA,0,0,0,0,0,0,0,0,1,16,0,4,0,0,0,0,0,0,0,0,0,0,,,,,
WAS,DEF,WAS,5,NO,,,,,,,,,,,,,,,,,,,,,,,0,0,0,0,33.0
Wayne Gallman,RB,ATL,5,NYJ,0,0,0,0,0,2,0,1,0,0,0,0,0,0,0,0,0,0,0,0,0,0,,,,,
Will Dissly,TE,SEA,5,LA,0,0,0,0,0,0,0,0,2,29,0,4,0,0,0,0,0,0,0,0,0,0,,,,,
Willie Snead,WR,LV,5,CHI,0,0,0,0,0,0,0,0,1,3,0,1,0,0,0,0,0,0,0,0,0,0,,,,,
Younghoe Koo,K,ATL,5,NYJ,0,0,0,0,0,0,0,0,0,0,0,0,0,0,0,0,0,1,0,1,0,3,,,,,
Zach Ertz,TE,PHI,5,CAR,0,0,0,0,0,0,0,0,1,7,0,6,0,0,0,0,0,0,0,0,0,0,,,,,
Zach Gentry,TE,PIT,5,DEN,0,0,0,0,0,0,0,0,1,13,0,2,0,0,0,0,0,0,0,0,0,0,,,,,
Zach Pascal,WR,IND,5,BAL,0,0,0,0,0,0,0,0,3,48,0,5,0,0,0,0,0,0,0,0,0,0,,,,,
Zach Wilson,QB,NYJ,5,ATL,192,0,32,19,1,3,0,1,0,0,0,0,0,0,1,0,0,0,0,0,0,0,,,,,
Zack Moss,RB,BUF,5,KC,0,0,0,0,0,37,0,11,3,55,0,4,0,0,0,0,0,0,0,0,0,0,,,,,
Zane Gonzalez,K,CAR,5,PHI,0,0,0,0,0,0,0,0,0,0,0,0,0,0,0,0,0,0,2,1,0,1,,,,,
Zay Jones,WR,LV,5,CHI,0,0,0,0,0,0,0,0,1,6,0,2,0,0,0,0,0,0,0,0,0,0,,,,,
A.J. Brown,WR,TEN,6,BUF,0,0,0,0,0,0,0,0,7,91,0,9,0,0,0,0,0,0,0,0,0,0,,,,,
A.J. Green,WR,ARI,6,CLE,0,0,0,0,0,0,0,0,5,79,1,6,0,0,0,0,0,0,0,0,0,0,,,,,
AJ Dillon,RB,GB,6,CHI,0,0,0,0,0,59,0,11,0,0,0,0,0,0,0,0,0,0,0,0,0,0,,,,,
ARI,DEF,ARI,6,CLE,,,,,,,,,,,,,,,,,,,,,,,0,0,0,0,14.0
Aaron Jones,RB,GB,6,CHI,0,0,0,0,0,76,0,13,4,34,1,4,0,0,0,0,0,0,0,0,0,0,,,,,
Aaron Rodgers,QB,GB,6,CHI,195,2,23,17,0,19,1,7,0,0,0,0,0,0,0,0,0,0,0,0,0,0,,,,,
Adam Humphries,WR,WAS,6,KC,0,0,0,0,0,0,0,0,1,-4,0,2,0,0,0,0,0,0,0,0,0,0,,,,,
Adam Thielen,WR,MIN,6,CAR,0,0,0,0,0,2,0,1,11,126,1,13,0,0,0,0,0,0,0,0,0,0,,,,,
Albert Wilson,WR,MIA,6,JAX,0,0,0,0,0,0,0,0,2,14,0,2,0,0,0,0,0,0,0,0,0,0,,,,,
Alex Collins,RB,SEA,6,PIT,0,0,0,0,0,101,1,20,1,-3,0,1,0,0,0,0,0,0,0,0,0,0,,,,,
Alex Erickson,WR,CAR,6,MIN,0,0,0,0,0,0,0,0,1,17,0,1,0,0,0,0,0,0,0,0,0,0,,,,,
Alexander Mattison,RB,MIN,6,CAR,0,0,0,0,0,10,0,3,0,0,0,0,0,0,0,0,0,0,0,0,0,0,,,,,
Allen Lazard,WR,GB,6,CHI,0,0,0,0,0,0,0,0,3,27,1,5,0,0,0,0,0,0,0,0,0,0,,,,,
Allen Robinson,WR,CHI,6,GB,0,0,0,0,0,0,0,0,4,53,0,7,0,0,0,0,0,0,0,0,0,0,,,,,
Amari Cooper,WR,DAL,6,NE,0,0,0,0,0,0,0,0,5,55,0,8,0,0,0,0,0,0,0,0,0,0,,,,,
Amari Rodgers,WR,GB,6,CHI,0,0,0,0,0,0,0,0,1,14,0,1,0,0,0,0,0,0,0,0,0,0,,,,,
Ameer Abdullah,RB,MIN,6,CAR,0,0,0,0,0,0,0,0,0,0,0,0,0,0,0,0,0,0,0,0,0,0,,,,,
Amon-Ra St. Brown,WR,DET,6,CIN,0,0,0,0,0,0,0,0,5,26,0,7,0,0,1,0,0,0,0,0,0,0,,,,,
Andre Roberts,WR,HOU,6,IND,0,0,0,0,0,0,0,0,0,0,0,0,0,0,0,0,0,0,0,0,0,0,,,,,
Anthony Firkser,TE,TEN,6,BUF,0,0,0,0,0,0,0,0,1,11,0,1,0,0,0,0,0,0,0,0,0,0,,,,,
Anthony Schwartz,WR,CLE,6,ARI,0,0,0,0,0,-3,0,1,2,11,0,3,0,0,0,0,0,0,0,0,0,0,,,,,
Antonio Brown,WR,TB,6,PHI,0,0,0,0,0,0,0,0,9,93,1,13,0,0,0,0,0,0,0,0,0,0,,,,,
Antonio Gibson,RB,WAS,6,KC,0,0,0,0,0,44,0,10,2,0,0,3,0,0,0,0,0,0,0,0,0,0,,,,,
Artavis Pierce,RB,CHI,6,GB,0,0,0,0,0,0,0,0,0,0,0,0,0,0,0,0,0,0,0,0,0,0,,,,,
Ashton Dulin,WR,IND,6,HOU,0,0,0,0,0,0,0,0,1,7,0,1,0,0,0,0,0,0,0,0,0,0,,,,,
Auden Tate,WR,CIN,6,DET,0,0,0,0,0,0,0,0,1,7,1,1,0,0,0,0,0,0,0,0,0,0,,,,,
Austin Ekeler,RB,LAC,6,BAL,0,0,0,0,0,7,0,6,4,48,0,7,0,0,0,0,0,0,0,0,0,0,,,,,
Austin Hooper,TE,CLE,6,ARI,0,0,0,0,0,0,0,0,1,4,0,3,0,0,0,0,0,0,0,0,0,0,,,,,
Austin Seibert,K,DET,6,CIN,0,0,0,0,0,0,0,0,0,0,0,0,0,0,0,0,0,1,0,0,0,0,,,,,
BAL,DEF,BAL,6,LAC,,,,,,,,,,,,,,,,,,,,,,,0,0,0,0,6.0
BUF,DEF,BUF,6,TEN,,,,,,,,,,,,,,,,,,,,,,,0,0,0,0,34.0
Baker Mayfield,QB,CLE,6,ARI,234,2,28,19,1,8,0,3,0,0,0,0,0,0,0,0,0,0,0,0,0,0,,,,,
Ben Roethlisberger,QB,PIT,6,SEA,229,1,40,29,0,-3,0,2,0,0,0,0,0,0,0,0,0,0,0,0,0,0,,,,,
Ben Skowronek,WR,LA,6,NYG,0,0,0,0,0,0,0,0,0,0,0,0,0,0,0,0,0,0,0,0,0,0,,,,,
Benny Snell,RB,PIT,6,SEA,0,0,0,0,0,0,0,0,0,0,0,0,0,0,0,0,0,0,0,0,0,0,,,,,
Blake Jarwin,TE,DAL,6,NE,0,0,0,0,0,0,0,0,1,1,1,2,0,0,0,0,0,0,0,0,0,0,,,,,
Brandin Cooks,WR,HOU,6,IND,0,0,0,0,0,0,0,0,9,89,0,13,0,0,0,0,0,0,0,0,0,0,,,,,
Brandon Allen,QB,CIN,6,DET,7,1,1,1,0,-3,0,3,0,0,0,0,0,0,0,0,0,0,0,0,0,0,,,,,
Brandon Bolden,RB,NE,6,DAL,0,0,0,0,0,-1,0,1,1,3,0,1,0,0,0,0,0,0,0,0,0,0,,,,,
Brandon McManus,K,DEN,6,LV,0,0,0,0,0,0,0,0,0,0,0,0,0,0,0,0,0,1,0,0,0,3,,,,,
Brandon Zylstra,WR,CAR,6,MIN,0,0,0,0,0,0,0,0,3,32,0,3,0,0,0,0,0,0,0,0,0,0,,,,,
Bryan Edwards,WR,LV,6,DEN,0,0,0,0,0,0,0,0,2,67,0,4,0,0,0,0,0,0,0,0,0,0,,,,,
Byron Pringle,WR,KC,6,WAS,0,0,0,0,0,0,0,0,3,55,0,3,0,0,0,0,0,0,0,0,0,0,,,,,
C.J. Board,WR,NYG,6,LA,0,0,0,0,0,0,0,0,0,0,0,0,0,0,0,0,0,0,0,0,0,0,,,,,
C.J. Uzomah,TE,CIN,6,DET,0,0,0,0,0,0,0,0,3,15,1,3,0,0,0,0,0,0,0,0,0,0,,,,,
CAR,DEF,CAR,6,MIN,,,,,,,,,,,,,,,,,,,,,,,0,0,0,0,34.0
CHI,DEF,CHI,6,GB,,,,,,,,,,,,,,,,,,,,,,,0,0,0,0,24.0
CIN,DEF,CIN,6,DET,,,,,,,,,,,,,,,,,,,,,,,0,0,0,0,11.0
CLE,DEF,CLE,6,ARI,,,,,,,,,,,,,,,,,,,,,,,0,0,0,0,37.0
Cairo Santos,K,CHI,6,GB,0,0,0,0,0,0,0,0,0,0,0,0,0,0,0,0,0,0,0,0,0,2,,,,,
Cameron Batson,WR,TEN,6,BUF,0,0,0,0,0,0,0,0,0,0,0,0,0,0,0,0,0,0,0,0,0,0,,,,,
Cameron Brate,TE,TB,6,PHI,0,0,0,0,0,0,0,0,3,26,0,4,0,0,0,0,0,0,0,0,0,0,,,,,
Carson Wentz,QB,IND,6,HOU,223,2,20,11,0,1,0,2,0,0,0,0,0,0,0,0,0,0,0,0,0,0,,,,,
Case Keenum,QB,CLE,6,ARI,6,0,3,1,0,0,0,0,0,0,0,0,0,0,0,0,0,0,0,0,0,0,,,,,
Cedrick Wilson Jr.,WR,DAL,6,NE,0,0,0,0,0,0,0,0,4,42,0,7,0,0,0,0,0,0,0,0,0,0,,,,,
CeeDee Lamb,WR,DAL,6,NE,0,0,0,0,0,2,0,1,9,149,2,11,0,0,0,0,0,0,0,0,0,0,,,,,
Cethan Carter,TE,MIA,6,JAX,0,0,0,0,0,0,0,0,1,8,0,1,0,0,0,0,0,0,0,0,0,0,,,,,
Chase Claypool,WR,PIT,6,SEA,0,0,0,0,0,0,0,0,2,17,0,7,0,0,0,0,0,0,0,0,0,0,,,,,
Chase Edmonds,RB,ARI,6,CLE,0,0,0,0,0,46,0,4,3,4,0,4,0,0,0,0,0,0,0,0,0,0,,,,,
Chase McLaughlin,K,CLE,6,ARI,0,0,0,0,0,0,0,0,0,0,0,0,0,0,0,0,0,0,0,0,0,2,,,,,
Chester Rogers,WR,TEN,6,BUF,0,0,0,0,0,0,0,0,1,7,0,1,0,0,0,0,0,0,0,0,0,0,,,,,
Chris Boswell,K,PIT,6,SEA,0,0,0,0,0,0,0,0,0,0,0,0,0,0,0,0,1,1,0,1,0,2,,,,,
Chris Conley,WR,HOU,6,IND,0,0,0,0,0,0,0,0,1,10,0,2,0,0,0,0,0,0,0,0,0,0,,,,,
Chris Evans,RB,CIN,6,DET,0,0,0,0,0,18,0,4,3,49,1,3,0,0,0,0,0,0,0,0,0,0,,,,,
Chris Godwin Jr.,WR,TB,6,PHI,0,0,0,0,0,0,0,0,5,43,0,5,0,0,0,0,0,0,0,0,0,0,,,,,
Chris Herndon,TE,MIN,6,CAR,0,0,0,0,0,0,0,0,1,2,1,1,0,0,0,0,0,0,0,0,0,0,,,,,
Chris Manhertz,TE,JAX,6,MIA,0,0,0,0,0,0,0,0,1,11,0,1,0,0,0,0,0,0,0,0,0,0,,,,,
Chris Moore,WR,HOU,6,IND,0,0,0,0,0,0,0,0,4,14,0,5,0,0,0,0,0,0,0,0,0,0,,,,,
Christian Kirk,WR,ARI,6,CLE,0,0,0,0,0,0,0,0,5,75,1,8,0,0,0,0,0,0,0,0,0,0,,,,,
Chuba Hubbard,RB,CAR,6,MIN,0,0,0,0,0,61,1,16,1,4,0,3,0,0,0,0,0,0,0,0,0,0,,,,,
Cole Beasley,WR,BUF,6,TEN,0,0,0,0,0,0,0,0,7,88,1,9,0,0,0,0,0,0,0,0,0,0,,,,,
Cole Kmet,TE,CHI,6,GB,0,0,0,0,0,0,0,1,4,49,0,5,0,0,0,0,0,0,0,0,0,0,,,,,
Collin Johnson,WR,NYG,6,LA,0,0,0,0,0,0,0,0,2,21,0,5,0,0,0,0,0,0,0,0,0,0,,,,,
Colt McCoy,QB,ARI,6,CLE,0,0,0,0,0,-3,0,3,0,0,0,0,0,0,0,0,0,0,0,0,0,0,,,,,
Cooper Kupp,WR,LA,6,NYG,0,0,0,0,0,0,0,0,9,130,2,12,0,0,0,0,0,0,0,0,0,0,,,,,
Courtland Sutton,WR,DEN,6,LV,0,0,0,0,0,0,0,0,8,94,1,14,0,0,0,0,0,0,0,0,0,0,,,,,
Cullen Gillaspia,RB,NYG,6,LA,0,0,0,0,0,0,0,0,0,0,0,0,0,0,0,0,0,0,0,0,0,0,,,,,
D'Andre Swift,RB,DET,6,CIN,0,0,0,0,0,24,1,13,5,43,0,7,0,0,0,0,0,0,0,0,0,0,,,,,
D'Ernest Johnson,RB,CLE,6,ARI,0,0,0,0,0,2,0,1,1,7,0,1,0,0,0,0,0,0,0,0,0,0,,,,,
DAL,DEF,DAL,6,NE,,,,,,,,,,,,,,,,,,,,,,,1,0,0,0,29.0
DEN,DEF,DEN,6,LV,,,,,,,,,,,,,,,,,,,,,,,0,0,0,0,34.0
DET,DEF,DET,6,CIN,,,,,,,,,,,,,,,,,,,,,,,0,0,0,0,34.0
DJ Moore,WR,CAR,6,MIN,0,0,0,0,0,6,0,1,5,73,0,13,0,0,0,0,0,0,0,0,0,0,,,,,
DK Metcalf,WR,SEA,6,PIT,0,0,0,0,0,0,0,0,6,58,0,7,0,0,0,0,0,0,0,0,0,0,,,,,
Dak Prescott,QB,DAL,6,NE,445,3,51,36,1,10,0,3,0,0,0,0,0,0,0,0,0,0,0,0,0,0,,,,,
Dalton Schultz,TE,DAL,6,NE,0,0,0,0,0,0,0,0,5,79,0,6,0,0,0,0,0,0,0,0,0,0,,,,,
Dalvin Cook,RB,MIN,6,CAR,0,0,0,0,0,140,1,29,2,3,0,2,0,0,0,0,0,0,0,0,0,0,,,,,
Damien Harris,RB,NE,6,DAL,0,0,0,0,0,101,1,18,1,7,0,1,0,0,0,0,0,0,0,0,0,0,,,,,
Damiere Byrd,WR,CHI,6,GB,0,0,0,0,0,0,0,0,0,0,0,1,0,0,0,0,0,0,0,0,0,0,,,,,
Dan Arnold,TE,JAX,6,MIA,0,0,0,0,0,0,0,0,2,27,0,5,0,0,0,0,0,0,0,0,0,0,,,,,
Daniel Carlson,K,LV,6,DEN,0,0,0,0,0,0,0,0,0,0,0,0,0,0,0,0,0,1,0,1,0,4,,,,,
Daniel Jones,QB,NYG,6,LA,242,0,51,29,3,4,0,3,0,0,0,0,0,0,1,0,0,0,0,0,0,0,,,,,
Dante Pettis,WR,NYG,6,LA,0,0,0,0,0,0,0,0,5,48,0,11,0,0,0,0,0,0,0,0,0,0,,,,,
Dare Ogunbowale,RB,JAX,6,MIA,0,0,0,0,0,0,0,0,0,0,0,0,0,0,0,0,0,0,0,0,0,0,,,,,
Darnell Mooney,WR,CHI,6,GB,0,0,0,0,0,0,0,0,5,45,1,8,0,0,0,0,0,0,0,0,0,0,,,,,
Darrel Williams,RB,KC,6,WAS,0,0,0,0,0,62,2,21,3,27,0,4,0,0,0,0,0,0,0,0,0,0,,,,,
Darrell Daniels,TE,ARI,6,CLE,0,0,0,0,0,0,0,0,0,0,0,1,0,0,0,0,0,0,0,0,0,0,,,,,
Darrell Henderson,RB,LA,6,NYG,0,0,0,0,0,78,1,21,2,29,1,3,0,0,0,0,0,0,0,0,0,0,,,,,
Darren Waller,TE,LV,6,DEN,0,0,0,0,0,0,0,0,5,59,0,5,0,0,0,0,0,0,0,0,0,0,,,,,
Davante Adams,WR,GB,6,CHI,0,0,0,0,0,0,0,0,4,89,0,5,0,0,0,0,0,0,0,0,0,0,,,,,
David Johnson,RB,HOU,6,IND,0,0,0,0,0,7,0,2,1,14,0,2,0,0,0,0,0,0,0,0,0,0,,,,,
David Njoku,TE,CLE,6,ARI,0,0,0,0,0,0,0,0,1,6,0,2,0,0,0,0,0,0,0,0,0,0,,,,,
Davis Mills,QB,HOU,6,IND,243,0,43,29,2,5,0,2,0,0,0,0,0,0,0,0,0,0,0,0,0,0,,,,,
Dawson Knox,TE,BUF,6,TEN,0,0,0,0,0,0,0,0,3,25,0,3,0,0,1,0,0,0,0,0,0,0,,,,,
Dax Milne,WR,WAS,6,KC,0,0,0,0,0,0,0,0,0,0,0,1,0,0,0,0,0,0,0,0,0,0,,,,,
DeAndre Carter,WR,WAS,6,KC,0,0,0,0,0,0,0,0,0,0,0,1,0,0,0,0,0,0,0,0,0,0,,,,,
DeAndre Hopkins,WR,ARI,6,CLE,0,0,0,0,0,0,0,0,3,55,2,4,0,0,0,0,0,0,0,0,0,0,,,,,
DeSean Jackson,WR,LA,6,NYG,0,0,0,0,0,0,0,0,1,6,0,1,0,0,0,0,0,0,0,0,0,0,,,,,
DeVonta Smith,WR,PHI,6,TB,0,0,0,0,0,0,0,0,2,31,0,4,0,0,0,0,0,0,0,0,0,0,,,,,
Dede Westbrook,WR,MIN,6,CAR,0,0,0,0,0,0,0,0,2,13,0,3,0,0,0,0,0,0,0,0,0,0,,,,,
DeeJay Dallas,RB,SEA,6,PIT,0,0,0,0,0,17,0,4,5,33,0,5,0,0,0,0,0,0,0,0,0,0,,,,,
Demarcus Robinson,WR,KC,6,WAS,0,0,0,0,0,0,0,0,3,46,1,6,0,0,0,0,0,0,0,0,0,0,,,,,
Demetric Felton,RB,CLE,6,ARI,0,0,0,0,0,0,0,0,2,14,0,2,0,0,0,0,0,0,0,0,0,0,,,,,
Demetrius Harris,TE,ARI,6,CLE,0,0,0,0,0,0,0,0,0,0,0,0,0,0,0,0,0,0,0,0,0,0,,,,,
Derek Carr,QB,LV,6,DEN,341,2,27,18,0,-1,0,2,0,0,0,0,0,0,0,0,0,0,0,0,0,0,,,,,
Derrick Henry,RB,TEN,6,BUF,0,0,0,0,0,143,3,20,2,13,0,3,0,0,0,0,0,0,0,0,0,0,,,,,
Devin Duvernay,WR,BAL,6,LAC,0,0,0,0,0,11,0,1,2,15,0,3,0,0,0,0,0,0,0,0,0,0,,,,,
Devin Singletary,RB,BUF,6,TEN,0,0,0,0,0,27,0,5,5,16,0,5,0,0,0,0,0,0,0,0,0,0,,,,,
Devonta Freeman,RB,BAL,6,LAC,0,0,0,0,0,53,1,9,0,0,0,2,0,0,0,0,0,0,0,0,0,0,,,,,
Devontae Booker,RB,NYG,6,LA,0,0,0,0,0,41,0,12,4,28,0,4,0,0,0,0,0,0,0,0,0,0,,,,,
Diontae Johnson,WR,PIT,6,SEA,0,0,0,0,0,25,0,1,9,71,0,13,0,0,0,0,0,0,0,0,0,0,,,,,
Diontae Spencer,WR,DEN,6,LV,0,0,0,0,0,0,0,0,0,0,0,0,0,0,0,0,0,0,0,0,0,0,,,,,
Donald Parham,TE,LAC,6,BAL,0,0,0,0,0,0,0,0,2,10,0,2,0,0,0,0,0,0,0,0,0,0,,,,,
Donovan Peoples-Jones,WR,CLE,6,ARI,0,0,0,0,0,0,0,0,4,101,2,5,0,0,0,0,0,0,0,0,0,0,,,,,
Drew Sample,TE,CIN,6,DET,0,0,0,0,0,0,0,0,0,0,0,1,0,0,0,0,0,0,0,0,0,0,,,,,
Durham Smythe,TE,MIA,6,JAX,0,0,0,0,0,0,0,0,5,59,0,6,0,0,0,0,0,0,0,0,0,0,,,,,
Dustin Hopkins,K,WAS,6,KC,0,0,0,0,0,0,0,0,0,0,0,0,0,0,0,0,0,0,1,1,0,1,,,,,
Dyami Brown,WR,WAS,6,KC,0,0,0,0,0,0,0,0,3,30,0,6,0,0,0,0,0,0,0,0,0,0,,,,,
Emmanuel Sanders,WR,BUF,6,TEN,0,0,0,0,0,0,0,0,5,91,0,8,0,0,0,0,0,0,0,0,0,0,,,,,
Equanimeous St. Brown,WR,GB,6,CHI,0,0,0,0,0,0,0,0,0,0,0,0,0,0,0,0,0,0,0,0,0,0,,,,,
Eric Ebron,TE,PIT,6,SEA,0,0,0,0,0,1,1,1,2,10,0,2,0,0,0,0,0,0,0,0,0,0,,,,,
Eric Saubert,TE,DEN,6,LV,0,0,0,0,0,0,0,0,3,23,0,5,0,0,0,0,0,0,0,0,0,0,,,,,
Evan Engram,TE,NYG,6,LA,0,0,0,0,0,0,0,0,3,24,0,5,0,0,0,0,0,0,0,0,0,0,,,,,
Evan McPherson,K,CIN,6,DET,0,0,0,0,0,0,0,0,0,0,0,0,0,0,0,0,0,1,1,0,0,4,,,,,
Ezekiel Elliott,RB,DAL,6,NE,0,0,0,0,0,69,0,17,7,50,0,9,0,0,0,0,0,0,0,0,0,0,,,,,
Foster Moreau,TE,LV,6,DEN,0,0,0,0,0,0,0,0,1,11,0,1,0,0,0,0,0,0,0,0,0,0,,,,,
Freddie Swain,WR,SEA,6,PIT,0,0,0,0,0,0,0,0,2,-4,0,3,0,0,0,0,0,0,0,0,0,0,,,,,
GB,DEF,GB,6,CHI,,,,,,,,,,,,,,,,,,,,,,,0,0,0,0,14.0
Gabe Davis,WR,BUF,6,TEN,0,0,0,0,0,0,0,0,2,25,0,2,0,0,0,0,0,0,0,0,0,0,,,,,
Gary Brightwell,RB,NYG,6,LA,0,0,0,0,0,0,0,0,0,0,0,0,0,0,0,0,0,0,0,0,0,0,,,,,
Geno Smith,QB,SEA,6,PIT,209,1,32,23,0,-1,0,1,0,0,0,0,0,0,0,0,0,0,0,0,0,0,,,,,
Geoff Swaim,TE,TEN,6,BUF,0,0,0,0,0,0,0,0,1,8,0,2,0,0,0,0,0,0,0,0,0,0,,,,,
Gerald Everett,TE,SEA,6,PIT,0,0,0,0,0,0,0,0,2,40,0,3,0,0,0,0,0,0,0,0,0,0,,,,,
Giovani Bernard,RB,TB,6,PHI,0,0,0,0,0,0,0,0,2,4,0,2,0,0,0,0,0,0,0,0,0,0,,,,,
Godwin Igwebuike,RB,DET,6,CIN,0,0,0,0,0,0,0,0,0,0,0,0,0,0,0,0,0,0,0,0,0,0,,,,,
Graham Gano,K,NYG,6,LA,0,0,0,0,0,0,0,0,0,0,0,0,0,0,0,0,1,0,0,0,0,0,,,,,
Greg Joseph,K,MIN,6,CAR,0,0,0,0,0,0,0,0,0,0,0,0,0,0,0,0,2,1,0,0,0,1,,,,,
Greg Zuerlein,K,DAL,6,NE,0,0,0,0,0,0,0,0,0,0,0,0,0,0,0,0,0,1,2,0,0,2,,,,,
Gunner Olszewski,WR,NE,6,DAL,0,0,0,0,0,0,0,0,0,0,0,0,0,0,0,0,0,0,0,0,0,0,,,,,
HOU,DEF,HOU,6,IND,,,,,,,,,,,,,,,,,,,,,,,0,0,0,0,31.0
Harrison Butker,K,KC,6,WAS,0,0,0,0,0,0,0,0,0,0,0,0,0,0,0,0,0,0,0,1,0,4,,,,,
Henry Ruggs III,WR,LV,6,DEN,0,0,0,0,0,0,0,0,3,97,1,4,0,0,0,0,0,0,0,0,0,0,,,,,
Hunter Henry,TE,NE,6,DAL,0,0,0,0,0,0,0,0,2,25,1,2,0,0,0,0,0,0,0,0,0,0,,,,,
Hunter Long,TE,MIA,6,JAX,0,0,0,0,0,0,0,0,0,0,0,1,0,0,0,0,0,0,0,0,0,0,,,,,
Hunter Renfrow,WR,LV,6,DEN,0,0,0,0,0,0,0,0,3,36,0,5,0,0,0,0,0,0,0,0,0,0,,,,,
IND,DEF,IND,6,HOU,,,,,,,,,,,,,,,,,,,,,,,0,0,0,0,3.0
Ian Thomas,TE,CAR,6,MIN,0,0,0,0,0,0,0,0,1,41,0,2,0,0,0,0,0,0,0,0,0,0,,,,,
Isaiah Ford,WR,MIA,6,JAX,0,0,0,0,0,0,0,0,0,0,0,1,0,0,0,0,0,0,0,0,0,0,,,,,
Isaiah McKenzie,WR,BUF,6,TEN,0,0,0,0,0,5,0,1,1,3,0,1,0,0,0,0,0,0,0,0,0,0,,,,,
J.D. McKissic,RB,WAS,6,KC,0,0,0,0,0,45,0,8,8,65,0,10,0,0,0,0,0,0,0,0,0,0,,,,,
JAX,DEF,JAX,6,MIA,,,,,,,,,,,,,,,,,,,,,,,0,0,0,0,20.0
Ja'Marr Chase,WR,CIN,6,DET,0,0,0,0,0,0,0,0,4,97,0,6,0,0,0,0,0,0,0,0,0,0,,,,,
Jack Doyle,TE,IND,6,HOU,0,0,0,0,0,0,0,0,0,0,0,1,0,0,0,0,0,0,0,0,0,0,,,,,
Jacob Hollister,TE,JAX,6,MIA,0,0,0,0,0,0,0,0,0,0,0,1,0,0,0,0,0,0,0,0,0,0,,,,,
Jacoby Brissett,QB,MIA,6,JAX,25,0,1,1,0,0,0,0,0,0,0,0,0,0,0,0,0,0,0,0,0,0,,,,,
Jake Elliott,K,PHI,6,TB,0,0,0,0,0,0,0,0,0,0,0,0,0,0,0,0,0,0,0,0,0,2,,,,,
Jake Funk,RB,LA,6,NYG,0,0,0,0,0,0,0,0,0,0,0,0,0,0,0,0,0,0,0,0,0,0,,,,,
Jake Kumerow,WR,BUF,6,TEN,0,0,0,0,0,0,0,0,0,0,0,1,0,0,0,0,0,0,0,0,0,0,,,,,
Jakeem Grant,WR,CHI,6,GB,0,0,0,0,0,0,0,0,0,0,0,0,0,0,0,0,0,0,0,0,0,0,,,,,
Jakobi Meyers,WR,NE,6,DAL,0,0,0,0,0,0,0,0,5,44,0,6,0,0,1,0,0,0,0,0,0,0,,,,,
Jalen Guyton,WR,LAC,6,BAL,0,0,0,0,0,0,0,0,1,15,0,5,0,0,0,0,0,0,0,0,0,0,,,,,
Jalen Hurts,QB,PHI,6,TB,115,1,26,12,1,44,2,10,0,0,0,0,0,0,1,0,0,0,0,0,0,0,,,,,
Jalen Reagor,WR,PHI,6,TB,0,0,0,0,0,0,0,0,0,0,0,3,0,0,0,0,0,0,0,0,0,0,,,,,
Jalen Richard,RB,LV,6,DEN,0,0,0,0,0,0,0,1,1,3,0,1,0,0,0,0,0,0,0,0,0,0,,,,,
Jamaal Williams,RB,DET,6,CIN,0,0,0,0,0,11,0,4,1,-2,0,2,0,0,0,0,0,0,0,0,0,0,,,,,
Jamal Agnew,WR,JAX,6,MIA,0,0,0,0,0,0,0,0,5,78,0,6,0,0,0,0,0,0,0,0,0,0,,,,,
James Conner,RB,ARI,6,CLE,0,0,0,0,0,71,0,16,1,0,0,1,0,0,0,0,0,0,0,0,0,0,,,,,
James Proche,WR,BAL,6,LAC,0,0,0,0,0,0,0,0,0,0,0,1,0,0,0,0,0,0,0,0,0,0,,,,,
James Robinson,RB,JAX,6,MIA,0,0,0,0,0,73,1,17,3,28,0,4,0,0,0,0,0,0,0,0,0,0,,,,,
James Washington,WR,PIT,6,SEA,0,0,0,0,0,0,0,0,1,9,0,1,0,0,0,0,0,0,0,0,0,0,,,,,
Jared Cook,TE,LAC,6,BAL,0,0,0,0,0,0,0,0,4,25,1,7,0,0,0,0,0,0,0,0,0,0,,,,,
Jared Goff,QB,DET,6,CIN,202,0,42,28,1,1,0,1,0,0,0,0,0,0,1,0,0,0,0,0,0,0,,,,,
Jaret Patterson,RB,WAS,6,KC,0,0,0,0,0,5,0,1,1,-2,0,1,0,0,0,0,0,0,0,0,0,0,,,,,
Jason Myers,K,SEA,6,PIT,0,0,0,0,0,0,0,0,0,0,0,0,0,0,0,0,0,0,2,0,0,2,,,,,
Jason Sanders,K,MIA,6,JAX,0,0,0,0,0,0,0,0,0,0,0,0,0,0,0,0,1,1,0,0,0,2,,,,,
Javonte Williams,RB,DEN,6,LV,0,0,0,0,0,53,0,11,3,15,0,3,0,0,0,0,0,0,0,0,0,0,,,,,
Jaydon Mickens,WR,TB,6,PHI,0,0,0,0,0,0,0,0,0,0,0,0,0,0,0,0,0,0,0,0,0,0,,,,,
Jaylen Waddle,WR,MIA,6,JAX,0,0,0,0,0,0,0,0,10,70,2,13,0,0,0,0,0,0,0,0,0,0,,,,,
Jeremy Sprinkle,TE,DAL,6,NE,0,0,0,0,0,0,0,0,0,0,0,0,0,0,0,0,0,0,0,0,0,0,,,,,
Jerick McKinnon,RB,KC,6,WAS,0,0,0,0,0,10,0,3,1,5,0,4,0,0,0,0,0,0,0,0,0,0,,,,,
Jesper Horsted,TE,CHI,6,GB,0,0,0,0,0,0,0,0,0,0,0,0,0,0,0,0,0,0,0,0,0,0,,,,,
Joe Burrow,QB,CIN,6,DET,271,3,29,19,1,20,0,5,0,0,0,0,0,0,0,0,0,0,0,0,0,0,,,,,
Joe Mixon,RB,CIN,6,DET,0,0,0,0,0,94,0,18,5,59,1,6,0,0,0,0,0,0,0,0,0,0,,,,,
John Bates,TE,WAS,6,KC,0,0,0,0,0,0,0,0,1,7,0,1,0,0,0,0,0,0,0,0,0,0,,,,,
John Ross,WR,NYG,6,LA,0,0,0,0,0,0,0,0,0,0,0,2,0,0,0,0,0,0,0,0,0,0,,,,,
John Wolford,QB,LA,6,NYG,0,0,2,0,1,-1,0,2,0,0,0,0,0,0,0,0,0,0,0,0,0,0,,,,,
Johnny Stanton,RB,CLE,6,ARI,0,0,0,0,0,0,0,0,1,6,0,1,0,0,0,0,0,0,0,0,0,0,,,,,
Jonathan Taylor,RB,IND,6,HOU,0,0,0,0,0,145,2,14,1,13,0,2,0,0,0,0,0,0,0,0,0,0,,,,,
Jonathan Ward,RB,ARI,6,CLE,0,0,0,0,0,14,0,4,0,0,0,0,0,0,0,0,0,0,0,0,0,0,,,,,
Jonnu Smith,TE,NE,6,DAL,0,0,0,0,0,0,0,0,1,9,0,2,0,0,0,0,0,0,0,0,0,0,,,,,
Jordan Akins,TE,HOU,6,IND,0,0,0,0,0,0,0,0,4,41,0,6,0,0,0,0,0,0,0,0,0,0,,,,,
Joseph Fortson,TE,KC,6,WAS,0,0,0,0,0,0,0,0,1,27,0,1,0,0,0,0,0,0,0,0,0,0,,,,,
Josh Allen,QB,BUF,6,TEN,353,3,47,35,1,26,0,9,0,0,0,0,0,0,1,0,0,0,0,0,0,0,,,,,
Josh Jacobs,RB,LV,6,DEN,0,0,0,0,0,53,1,16,1,29,0,1,0,0,0,0,0,0,0,0,0,0,,,,,
Josh Oliver,TE,BAL,6,LAC,0,0,0,0,0,0,0,0,1,2,0,1,0,0,0,0,0,0,0,0,0,0,,,,,
Josh Palmer,WR,LAC,6,BAL,0,0,0,0,0,0,0,0,1,8,0,4,0,0,0,0,0,0,0,0,0,0,,,,,
Joshua Kelley,RB,LAC,6,BAL,0,0,0,0,0,7,0,4,0,0,0,0,0,0,0,0,0,0,0,0,0,0,,,,,
Josiah Deguara,TE,GB,6,CHI,0,0,0,0,0,0,0,0,1,4,0,1,0,0,0,0,0,0,0,0,0,0,,,,,
Julio Jones,WR,TEN,6,BUF,0,0,0,0,0,0,0,0,3,59,0,5,0,0,0,0,0,0,0,0,0,0,,,,,
Justin Fields,QB,CHI,6,GB,174,1,27,16,1,43,0,6,0,0,0,0,0,0,0,0,0,0,0,0,0,0,,,,,
Justin Herbert,QB,LAC,6,BAL,195,1,39,22,1,12,0,2,0,0,0,0,0,0,0,0,0,0,0,0,0,0,,,,,
Justin Jackson,RB,LAC,6,BAL,0,0,0,0,0,0,0,0,1,7,0,1,0,0,0,0,0,0,0,0,0,0,,,,,
Justin Jefferson,WR,MIN,6,CAR,0,0,0,0,0,0,0,0,8,80,0,14,0,0,0,0,0,0,0,0,0,0,,,,,
Justin Tucker,K,BAL,6,LAC,0,0,0,0,0,0,0,0,0,0,0,0,0,0,0,0,0,1,0,1,0,4,,,,,
K.J. Hill,WR,LAC,6,BAL,0,0,0,0,0,0,0,0,0,0,0,0,0,0,0,0,0,0,0,0,0,0,,,,,
K.J. Osborn,WR,MIN,6,CAR,0,0,0,0,0,0,0,0,6,78,1,7,0,0,0,0,0,0,0,0,0,0,,,,,
KC,DEF,KC,6,WAS,,,,,,,,,,,,,,,,,,,,,,,0,0,0,0,13.0
Ka'imi Fairbairn,K,HOU,6,IND,0,0,0,0,0,0,0,0,0,0,0,0,0,0,0,0,0,1,0,0,0,0,,,,,
Kadarius Toney,WR,NYG,6,LA,0,0,0,0,0,0,0,0,3,36,0,3,0,0,0,0,0,0,0,0,0,0,,,,,
Kalen Ballage,RB,PIT,6,SEA,0,0,0,0,0,15,0,2,0,0,0,0,0,0,0,0,0,0,0,0,0,0,,,,,
Kalif Raymond,WR,DET,6,CIN,0,0,0,0,0,0,0,0,6,37,0,7,0,0,0,0,0,0,0,0,0,0,,,,,
Kareem Hunt,RB,CLE,6,ARI,0,0,0,0,0,66,0,14,3,12,0,3,0,0,0,0,0,0,0,0,0,0,,,,,
Keenan Allen,WR,LAC,6,BAL,0,0,0,0,0,0,0,0,5,50,0,5,0,0,0,0,0,0,0,0,0,0,,,,,
Kendall Hinton,WR,DEN,6,LV,0,0,0,0,0,0,0,0,5,37,0,5,0,0,0,0,0,0,0,0,0,0,,,,,
Kendrick Bourne,WR,NE,6,DAL,0,0,0,0,0,0,0,0,1,75,1,2,0,0,0,0,0,0,0,0,0,0,,,,,
Kenny Gainwell,RB,PHI,6,TB,0,0,0,0,0,0,0,0,1,1,0,2,0,0,0,0,0,0,0,0,0,0,,,,,
Kenyan Drake,RB,LV,6,DEN,0,0,0,0,0,34,1,4,2,39,1,2,0,0,0,0,0,0,0,0,0,0,,,,,
KhaDarel Hodge,WR,DET,6,CIN,0,0,0,0,0,0,0,0,2,9,0,4,0,0,0,0,0,0,0,0,0,0,,,,,
Khalil Herbert,RB,CHI,6,GB,0,0,0,0,0,97,1,19,2,15,0,3,0,0,0,0,0,0,0,0,0,0,,,,,
Kirk Cousins,QB,MIN,6,CAR,373,3,48,33,0,16,0,2,0,0,0,0,0,0,0,0,0,0,0,0,0,0,,,,,
Kyle Rudolph,TE,NYG,6,LA,0,0,0,0,0,0,0,0,1,8,0,2,0,0,1,0,0,0,0,0,0,0,,,,,
Kyler Murray,QB,ARI,6,CLE,229,4,30,20,0,6,0,7,0,0,0,0,0,0,0,0,0,0,0,0,0,0,,,,,
Kylin Hill,RB,GB,6,CHI,0,0,0,0,0,0,0,0,0,0,0,0,0,0,0,0,0,0,0,0,0,0,,,,,
LA,DEF,LA,6,NYG,,,,,,,,,,,,,,,,,,,,,,,0,0,0,0,11.0
LAC,DEF,LAC,6,BAL,,,,,,,,,,,,,,,,,,,,,,,0,0,0,0,34.0
LV,DEF,LV,6,DEN,,,,,,,,,,,,,,,,,,,,,,,0,0,0,0,24.0
Lamar Jackson,QB,BAL,6,LAC,167,1,27,19,2,51,0,8,0,0,0,0,0,0,0,0,0,0,0,0,0,0,,,,,
Laquon Treadwell,WR,JAX,6,MIA,0,0,0,0,0,0,0,0,0,0,0,1,0,0,0,0,0,0,0,0,0,0,,,,,
Latavius Murray,RB,BAL,6,LAC,0,0,0,0,0,44,1,9,2,12,0,2,0,0,0,0,0,0,0,0,0,0,,,,,
Laviska Shenault Jr.,WR,JAX,6,MIA,0,0,0,0,0,0,0,0,6,54,0,10,0,0,0,0,0,0,0,0,0,0,,,,,
Le'Veon Bell,RB,BAL,6,LAC,0,0,0,0,0,18,1,8,0,0,0,0,0,0,0,0,0,0,0,0,0,0,,,,,
Leonard Fournette,RB,TB,6,PHI,0,0,0,0,0,81,2,22,6,46,0,6,0,0,0,0,0,0,0,0,0,0,,,,,
Luke Farrell,TE,JAX,6,MIA,0,0,0,0,0,0,0,0,1,21,0,1,0,0,0,0,0,0,0,0,0,0,,,,,
MIA,DEF,MIA,6,JAX,,,,,,,,,,,,,,,,,,,,,,,0,0,0,0,23.0
MIN,DEF,MIN,6,CAR,,,,,,,,,,,,,,,,,,,,,,,0,0,0,0,28.0
Mac Jones,QB,NE,6,DAL,229,2,21,15,1,-4,0,2,0,0,0,0,0,0,1,0,0,0,0,0,0,0,,,,,
Mack Hollins,WR,MIA,6,JAX,0,0,0,0,0,0,0,0,4,61,0,5,0,0,0,0,0,0,0,0,0,0,,,,,
Malcolm Brown,RB,MIA,6,JAX,0,0,0,0,0,24,0,5,1,7,0,1,0,0,0,0,0,0,0,0,0,0,,,,,
Malik Turner,WR,DAL,6,NE,0,0,0,0,0,0,0,0,0,0,0,1,0,0,0,0,0,0,0,0,0,0,,,,,
Marcedes Lewis,TE,GB,6,CHI,0,0,0,0,0,0,0,0,2,17,0,2,0,0,0,0,0,0,0,0,0,0,,,,,
Marcus Johnson,WR,TEN,6,BUF,0,0,0,0,0,0,0,0,0,0,0,1,0,0,0,0,0,0,0,0,0,0,,,,,
Marcus Kemp,WR,KC,6,WAS,0,0,0,0,0,0,0,0,0,0,0,0,0,0,0,0,0,0,0,0,0,0,,,,,
Mark Andrews,TE,BAL,6,LAC,0,0,0,0,0,0,0,0,5,68,1,6,0,0,0,0,0,0,0,0,0,0,,,,,
Mark Ingram,RB,HOU,6,IND,0,0,0,0,0,73,0,18,2,8,0,2,0,0,0,0,0,0,0,0,0,0,,,,,
Marlon Mack,RB,IND,6,HOU,0,0,0,0,0,12,0,5,0,0,0,0,0,0,0,0,0,0,0,0,0,0,,,,,
Marquise Brown,WR,BAL,6,LAC,0,0,0,0,0,0,0,0,4,35,0,5,0,0,0,0,0,0,0,0,0,0,,,,,
Marquise Goodwin,WR,CHI,6,GB,0,0,0,0,0,0,0,0,1,12,0,1,0,0,0,0,0,0,0,0,0,0,,,,,
Marvin Jones,WR,JAX,6,MIA,0,0,0,0,0,0,0,0,7,100,1,10,0,0,0,0,0,0,0,0,0,0,,,,,
Mason Crosby,K,GB,6,CHI,0,0,0,0,0,0,0,0,0,0,0,0,0,0,0,0,0,1,0,0,0,3,,,,,
Matt Gay,K,LA,6,NYG,0,0,0,0,0,0,0,0,0,0,0,0,0,0,0,0,0,1,0,0,0,5,,,,,
Matt Prater,K,ARI,6,CLE,0,0,0,0,0,0,0,0,0,0,0,0,0,0,0,0,0,2,0,1,0,4,,,,,
Matthew Stafford,QB,LA,6,NYG,251,4,28,22,1,12,0,2,0,0,0,0,0,0,0,0,0,0,0,0,0,0,,,,,
Matthew Wright,K,JAX,6,MIA,0,0,0,0,0,0,0,0,0,0,0,0,0,0,0,0,0,0,1,2,0,2,,,,,
Mecole Hardman,WR,KC,6,WAS,0,0,0,0,0,6,0,1,4,62,0,5,0,0,0,0,0,0,0,0,0,0,,,,,
Melvin Gordon,RB,DEN,6,LV,0,0,0,0,0,50,0,10,3,23,0,3,0,0,0,0,0,0,0,0,0,0,,,,,
Michael Pittman,WR,IND,6,HOU,0,0,0,0,0,3,0,1,2,35,0,3,0,0,0,0,0,0,0,0,0,0,,,,,
Mike Badgley,K,IND,6,HOU,0,0,0,0,0,0,0,0,0,0,0,0,0,0,0,0,0,0,1,0,0,4,,,,,
Mike Boone,RB,DEN,6,LV,0,0,0,0,0,0,0,0,1,3,0,1,0,0,0,0,0,0,0,0,0,0,,,,,
Mike Evans,WR,TB,6,PHI,0,0,0,0,0,0,0,0,2,27,0,4,0,0,0,0,0,0,0,0,0,0,,,,,
Mike Gesicki,TE,MIA,6,JAX,0,0,0,0,0,0,0,0,8,115,0,9,0,0,0,0,0,0,0,0,0,0,,,,,
Mike Williams,WR,LAC,6,BAL,0,0,0,0,0,0,0,0,2,27,0,5,0,0,0,0,0,0,0,0,0,0,,,,,
Miles Boykin,WR,BAL,6,LAC,0,0,0,0,0,0,0,0,1,6,0,1,0,0,0,0,0,0,0,0,0,0,,,,,
Miles Sanders,RB,PHI,6,TB,0,0,0,0,0,56,0,9,2,10,0,4,0,0,0,0,0,0,0,0,0,0,,,,,
Mo Alie-Cox,TE,IND,6,HOU,0,0,0,0,0,0,0,0,1,28,1,3,0,0,0,0,0,0,0,0,0,0,,,,,
Myles Gaskin,RB,MIA,6,JAX,0,0,0,0,0,9,0,5,2,5,0,6,0,0,0,0,0,0,0,0,0,0,,,,,
NE,DEF,NE,6,DAL,,,,,,,,,,,,,,,,,,,,,,,0,0,0,0,35.0
NYG,DEF,NYG,6,LA,,,,,,,,,,,,,,,,,,,,,,,0,0,0,0,38.0
Najee Harris,RB,PIT,6,SEA,0,0,0,0,0,81,0,24,6,46,1,7,0,0,0,0,0,0,0,0,0,0,,,,,
Nelson Agholor,WR,NE,6,DAL,0,0,0,0,0,1,0,1,1,27,0,4,0,0,0,0,0,0,0,0,0,0,,,,,
Nick Folk,K,NE,6,DAL,0,0,0,0,0,0,0,0,0,0,0,0,0,0,0,0,0,0,0,0,0,3,,,,,
Nick Westbrook-Ikhine,WR,TEN,6,BUF,0,0,0,0,0,0,0,0,3,27,0,3,0,0,0,0,0,0,0,0,0,0,,,,,
Nico Collins,WR,HOU,6,IND,0,0,0,0,0,0,0,0,4,44,0,6,0,0,0,0,0,0,0,0,0,0,,,,,
Noah Brown,WR,DAL,6,NE,0,0,0,0,0,0,0,0,2,47,0,2,0,0,0,0,0,0,0,0,0,0,,,,,
Noah Fant,TE,DEN,6,LV,0,0,0,0,0,0,0,0,9,97,1,11,0,0,0,0,0,0,0,0,0,0,,,,,
Nyheim Hines,RB,IND,6,HOU,0,0,0,0,0,13,0,4,1,9,0,2,0,0,0,0,0,0,0,0,0,0,,,,,
O.J. Howard,TE,TB,6,PHI,0,0,0,0,0,0,0,0,6,49,1,7,0,0,0,0,0,0,0,0,0,0,,,,,
Odell Beckham Jr.,WR,CLE,6,ARI,0,0,0,0,0,0,0,0,5,79,0,8,0,0,0,0,0,0,0,0,0,0,,,,,
PHI,DEF,PHI,6,TB,,,,,,,,,,,,,,,,,,,,,,,0,0,0,0,28.0
PIT,DEF,PIT,6,SEA,,,,,,,,,,,,,,,,,,,,,,,0,0,0,0,20.0
Parris Campbell,WR,IND,6,HOU,0,0,0,0,0,0,0,0,1,51,1,1,0,0,0,0,0,0,0,0,0,0,,,,,
Pat Freiermuth,TE,PIT,6,SEA,0,0,0,0,0,0,0,0,7,58,0,7,0,0,0,0,0,0,0,0,0,0,,,,,
Patrick Mahomes,QB,KC,6,WAS,397,2,47,32,2,31,0,3,0,0,0,0,0,0,0,0,0,0,0,0,0,0,,,,,
Penny Hart,WR,SEA,6,PIT,0,0,0,0,0,0,0,0,1,12,0,1,0,0,0,0,0,0,0,0,0,0,,,,,
Pharaoh Brown,TE,HOU,6,IND,0,0,0,0,0,0,0,0,2,8,0,3,0,0,0,0,0,0,0,0,0,0,,,,,
Phillip Dorsett,WR,SEA,6,PIT,0,0,0,0,0,0,0,0,1,3,0,1,0,0,0,0,0,0,0,0,0,0,,,,,
Phillip Lindsay,RB,HOU,6,IND,0,0,0,0,0,39,0,7,2,15,0,2,0,0,0,0,0,0,0,0,0,0,,,,,
Quez Watkins,WR,PHI,6,TB,0,0,0,0,0,0,0,0,3,44,0,5,0,0,1,0,0,0,0,0,0,0,,,,,
Randy Bullock,K,TEN,6,BUF,0,0,0,0,0,0,0,0,0,0,0,0,0,0,0,0,0,1,1,0,0,4,,,,,
Rashard Higgins,WR,CLE,6,ARI,0,0,0,0,0,0,0,0,0,0,0,3,0,0,0,0,0,0,0,0,0,0,,,,,
Rashod Bateman,WR,BAL,6,LAC,0,0,0,0,0,0,0,0,4,29,0,6,0,0,0,0,0,0,0,0,0,0,,,,,
Ray-Ray McCloud,WR,PIT,6,SEA,0,0,0,0,0,0,0,0,2,18,0,2,0,0,0,0,0,0,0,0,0,0,,,,,
Reggie Gilliam,RB,BUF,6,TEN,0,0,0,0,0,0,0,0,0,0,0,0,0,0,0,0,0,0,0,0,0,0,,,,,
Rex Burkhead,RB,HOU,6,IND,0,0,0,0,0,0,0,0,0,0,0,1,0,0,0,0,0,0,0,0,0,0,,,,,
Rhamondre Stevenson,RB,NE,6,DAL,0,0,0,0,0,23,1,5,3,39,0,3,0,0,0,0,0,0,0,0,0,0,,,,,
Ricky Seals-Jones,TE,WAS,6,KC,0,0,0,0,0,0,0,0,4,58,1,6,0,0,0,0,0,0,0,0,0,0,,,,,
Robbie Chosen,WR,CAR,6,MIN,0,0,0,0,0,0,0,0,3,11,1,11,0,0,0,0,0,0,0,0,0,0,,,,,
Robert Tonyan,TE,GB,6,CHI,0,0,0,0,0,0,0,0,2,10,0,3,0,0,0,0,0,0,0,0,0,0,,,,,
Robert Woods,WR,LA,6,NYG,0,0,0,0,0,0,0,0,2,31,1,5,0,0,0,0,0,0,0,0,0,0,,,,,
Ronald Jones,RB,TB,6,PHI,0,0,0,0,0,20,0,5,1,9,0,1,0,0,0,0,0,0,0,0,0,0,,,,,
Rondale Moore,WR,ARI,6,CLE,0,0,0,0,0,10,0,3,3,16,0,4,0,0,0,0,0,0,0,0,0,0,,,,,
Royce Freeman,RB,CAR,6,MIN,0,0,0,0,0,3,0,1,0,0,0,0,0,0,0,0,0,0,0,0,0,0,,,,,
Ryan Succop,K,TB,6,PHI,0,0,0,0,0,0,0,0,0,0,0,0,0,0,0,0,0,0,0,0,0,4,,,,,
Ryan Tannehill,QB,TEN,6,BUF,216,0,29,18,1,3,1,2,0,0,0,0,0,0,0,0,0,0,0,0,0,0,,,,,
SEA,DEF,SEA,6,PIT,,,,,,,,,,,,,,,,,,,,,,,0,0,0,0,23.0
Salvon Ahmed,RB,MIA,6,JAX,0,0,0,0,0,22,0,7,1,15,0,2,0,0,0,0,0,0,0,0,0,0,,,,,
Sam Darnold,QB,CAR,6,MIN,207,1,41,17,1,48,0,4,0,0,0,0,0,0,1,0,0,0,0,0,0,0,,,,,
Shi Smith,WR,CAR,6,MIN,0,0,0,0,0,0,0,0,2,20,0,2,0,0,0,0,0,0,0,0,0,0,,,,,
Sony Michel,RB,LA,6,NYG,0,0,0,0,0,42,0,9,0,0,0,0,0,0,0,0,0,0,0,0,0,0,,,,,
Stanley Morgan,WR,CIN,6,DET,0,0,0,0,0,0,0,0,0,0,0,0,0,0,0,0,0,0,0,0,0,0,,,,,
Stefon Diggs,WR,BUF,6,TEN,0,0,0,0,0,0,0,0,9,89,1,11,0,0,0,0,0,0,0,0,0,0,,,,,
Stephen Anderson,TE,LAC,6,BAL,0,0,0,0,0,0,0,0,1,-1,0,2,0,0,0,0,0,0,0,0,0,0,,,,,
Sterling Shepard,WR,NYG,6,LA,0,0,0,0,0,0,0,0,10,76,0,14,0,0,0,0,0,0,0,0,0,0,,,,,
T.J. Hockenson,TE,DET,6,CIN,0,0,0,0,0,0,0,0,8,74,0,11,0,0,0,0,0,0,0,0,0,0,,,,,
T.Y. Hilton,WR,IND,6,HOU,0,0,0,0,0,0,0,0,4,80,0,4,0,0,0,0,0,0,0,0,0,0,,,,,
TB,DEF,TB,6,PHI,,,,,,,,,,,,,,,,,,,,,,,0,0,0,0,22.0
TEN,DEF,TEN,6,BUF,,,,,,,,,,,,,,,,,,,,,,,0,0,0,0,31.0
Tavon Austin,WR,JAX,6,MIA,0,0,0,0,0,0,0,0,0,0,0,1,0,0,0,0,0,0,0,0,0,0,,,,,
Taylor Heinicke,QB,WAS,6,KC,182,1,39,24,1,0,0,0,0,0,0,0,0,0,0,0,0,0,0,0,0,0,,,,,
Teddy Bridgewater,QB,DEN,6,LV,334,3,49,35,3,9,0,2,0,0,0,0,0,0,0,0,0,0,0,0,0,0,,,,,
Tee Higgins,WR,CIN,6,DET,0,0,0,0,0,0,0,0,3,44,0,6,0,0,0,0,0,0,0,0,0,0,,,,,
Terrace Marshall Jr.,WR,CAR,6,MIN,0,0,0,0,0,0,0,0,1,9,0,2,0,0,0,0,0,0,0,0,0,0,,,,,
Terry McLaurin,WR,WAS,6,KC,0,0,0,0,0,0,0,0,4,28,0,8,0,0,0,0,0,0,0,0,0,0,,,,,
Tim Patrick,WR,DEN,6,LV,0,0,0,0,0,0,0,0,3,42,1,6,0,0,0,0,0,0,0,0,0,0,,,,,
Tom Brady,QB,TB,6,PHI,297,2,42,34,1,1,0,4,0,0,0,0,0,0,0,0,0,0,0,0,0,0,,,,,
Tom Kennedy,WR,DET,6,CIN,0,0,0,0,0,0,0,0,1,15,0,1,0,0,0,0,0,0,0,0,0,0,,,,,
Tommy Sweeney,TE,BUF,6,TEN,0,0,0,0,0,0,0,0,1,1,1,1,0,0,0,0,0,0,0,0,0,0,,,,,
Tommy Tremble,TE,CAR,6,MIN,0,0,0,0,0,0,0,1,0,0,0,2,0,0,1,0,0,0,0,0,0,0,,,,,
Tony Pollard,RB,DAL,6,NE,0,0,0,0,0,41,0,10,3,22,0,3,0,0,0,0,0,0,0,0,0,0,,,,,
Travis Homer,RB,SEA,6,PIT,0,0,0,0,0,27,0,2,1,27,0,1,0,0,0,0,0,0,0,0,0,0,,,,,
Travis Kelce,TE,KC,6,WAS,0,0,0,0,0,0,0,0,8,99,0,11,0,0,0,0,0,0,0,0,0,0,,,,,
Trayveon Williams,RB,CIN,6,DET,0,0,0,0,0,13,0,6,0,0,0,0,0,0,0,0,0,0,0,0,0,0,,,,,
Trenton Irwin,WR,CIN,6,DET,0,0,0,0,0,0,0,0,0,0,0,0,0,0,0,0,0,0,0,0,0,0,,,,,
Trevor Lawrence,QB,JAX,6,MIA,319,1,41,25,0,11,0,2,0,0,0,0,0,0,0,0,0,0,0,0,0,0,,,,,
Tristan Vizcaino,K,LAC,6,BAL,0,0,0,0,0,0,0,0,0,0,0,0,0,0,0,0,0,0,0,0,0,0,,,,,
Tua Tagovailoa,QB,MIA,6,JAX,329,2,47,33,1,22,0,3,0,0,0,0,0,0,0,0,0,0,0,0,0,0,,,,,
Tutu Atwell,WR,LA,6,NYG,0,0,0,0,0,0,0,0,0,0,0,0,0,0,0,0,0,0,0,0,0,0,,,,,
Tylan Wallace,WR,BAL,6,LAC,0,0,0,0,0,0,0,0,0,0,0,0,0,0,0,0,0,0,0,0,0,0,,,,,
Tyler Bass,K,BUF,6,TEN,0,0,0,0,0,0,0,0,0,0,0,0,0,0,0,0,2,0,0,1,0,2,,,,,
Tyler Boyd,WR,CIN,6,DET,0,0,0,0,0,0,0,0,1,7,0,3,0,0,0,0,0,0,0,0,0,0,,,,,
Tyler Conklin,TE,MIN,6,CAR,0,0,0,0,0,0,0,0,3,71,0,5,0,0,0,0,0,0,0,0,0,0,,,,,
Tyler Davis,TE,GB,6,CHI,0,0,0,0,0,0,0,0,0,0,0,0,0,0,0,0,0,0,0,0,0,0,,,,,
Tyler Higbee,TE,LA,6,NYG,0,0,0,0,0,0,0,0,5,36,0,5,0,0,0,0,0,0,0,0,0,0,,,,,
Tyler Huntley,QB,BAL,6,LAC,0,0,0,0,0,10,0,3,0,0,0,0,0,0,0,0,0,0,0,0,0,0,,,,,
Tyler Lockett,WR,SEA,6,PIT,0,0,0,0,0,0,0,0,2,35,0,7,0,0,0,0,0,0,0,0,0,0,,,,,
Tyreek Hill,WR,KC,6,WAS,0,0,0,0,0,0,0,0,9,76,1,12,0,0,0,0,0,0,0,0,0,0,,,,,
Tyrie Cleveland,WR,DEN,6,LV,0,0,0,0,0,0,0,0,0,0,0,0,0,0,0,0,0,0,0,0,0,0,,,,,
Van Jefferson,WR,LA,6,NYG,0,0,0,0,0,0,0,0,3,19,0,4,0,0,0,0,0,0,0,0,0,0,,,,,
WAS,DEF,WAS,6,KC,,,,,,,,,,,,,,,,,,,,,,,0,0,0,0,31.0
Will Dissly,TE,SEA,6,PIT,0,0,0,0,0,0,0,0,2,8,1,2,0,0,0,0,0,0,0,0,0,0,,,,,
Willie Snead,WR,LV,6,DEN,0,0,0,0,0,0,0,0,0,0,0,1,0,0,0,0,0,0,0,0,0,0,,,,,
Zach Ertz,TE,PHI,6,TB,0,0,0,0,0,0,0,0,4,29,1,6,0,0,0,0,0,0,0,0,0,0,,,,,
Zach Pascal,WR,IND,6,HOU,0,0,0,0,0,0,0,0,0,0,0,1,0,0,0,0,0,0,0,0,0,0,,,,,
Zack Moss,RB,BUF,6,TEN,0,0,0,0,0,24,0,8,2,15,0,4,0,0,0,0,0,0,0,0,0,0,,,,,
Zane Gonzalez,K,CAR,6,MIN,0,0,0,0,0,0,0,0,0,0,0,0,0,0,0,0,1,0,1,0,0,2,,,,,
A.J. Brown,WR,TEN,7,KC,0,0,0,0,0,0,0,0,8,133,1,9,0,0,0,0,0,0,0,0,0,0,,,,,
A.J. Green,WR,ARI,7,HOU,0,0,0,0,0,0,0,0,3,66,0,3,0,0,0,0,0,0,0,0,0,0,,,,,
AJ Dillon,RB,GB,7,WAS,0,0,0,0,0,6,0,3,1,2,0,2,0,0,0,0,0,0,0,0,0,0,,,,,
ARI,DEF,ARI,7,HOU,,,,,,,,,,,,,,,,,,,,,,,0,0,0,0,5.0
ATL,DEF,ATL,7,MIA,,,,,,,,,,,,,,,,,,,,,,,0,0,0,0,28.0
Aaron Jones,RB,GB,7,WAS,0,0,0,0,0,19,0,6,5,20,0,5,0,0,0,0,0,0,0,0,0,0,,,,,
Aaron Rodgers,QB,GB,7,WAS,274,3,35,27,0,17,0,2,0,0,0,0,0,0,0,0,0,0,0,0,0,0,,,,,
Adam Humphries,WR,WAS,7,GB,0,0,0,0,0,0,0,0,3,36,0,4,0,0,0,0,0,0,0,0,0,0,,,,,
Adam Shaheen,TE,MIA,7,ATL,0,0,0,0,0,0,0,0,4,23,0,5,0,0,0,0,0,0,0,0,0,0,,,,,
Adam Trautman,TE,NO,7,SEA,0,0,0,0,0,0,0,0,3,36,0,3,0,0,0,0,0,0,0,0,0,0,,,,,
Alex Armah,RB,NO,7,SEA,0,0,0,0,0,2,0,1,0,0,0,0,0,0,0,0,0,0,0,0,0,0,,,,,
Alex Collins,RB,SEA,7,NO,0,0,0,0,0,35,0,16,1,9,0,1,0,0,0,0,0,0,0,0,0,0,,,,,
Alex Erickson,WR,CAR,7,NYG,0,0,0,0,0,0,0,0,0,0,0,0,0,0,0,0,0,0,0,0,0,0,,,,,
Allen Lazard,WR,GB,7,WAS,0,0,0,0,0,0,0,0,5,60,1,6,0,0,0,0,0,0,0,0,0,0,,,,,
Allen Robinson,WR,CHI,7,TB,0,0,0,0,0,0,0,0,2,16,0,4,0,0,0,0,0,0,0,0,0,0,,,,,
Alvin Kamara,RB,NO,7,SEA,0,0,0,0,0,51,0,20,10,128,1,11,0,0,0,0,0,0,0,0,0,0,,,,,
Amari Rodgers,WR,GB,7,WAS,0,0,0,0,0,0,0,0,0,0,0,0,0,0,0,0,0,0,0,0,0,0,,,,,
Ameer Abdullah,RB,CAR,7,NYG,0,0,0,0,0,0,0,0,0,0,0,0,0,0,0,0,0,0,0,0,0,0,,,,,
Anthony Firkser,TE,TEN,7,KC,0,0,0,0,0,0,0,0,1,9,0,1,0,0,0,0,0,0,0,0,0,0,,,,,
Anthony Schwartz,WR,CLE,7,DEN,0,0,0,0,0,-2,0,1,2,22,0,3,0,0,0,0,0,0,0,0,0,0,,,,,
Antonio Gandy-Golden,WR,WAS,7,GB,0,0,0,0,0,0,0,0,0,0,0,0,0,0,0,0,0,0,0,0,0,0,,,,,
Antonio Gibson,RB,WAS,7,GB,0,0,0,0,0,51,0,14,2,5,0,2,0,0,0,0,0,0,0,0,0,0,,,,,
Ashton Dulin,WR,IND,7,SF,0,0,0,0,0,0,0,0,2,0,0,4,0,0,0,0,0,0,0,0,0,0,,,,,
Austin Hooper,TE,CLE,7,DEN,0,0,0,0,0,0,0,0,2,42,0,3,0,0,0,0,0,0,0,0,0,0,,,,,
Austin Seibert,K,DET,7,LA,0,0,0,0,0,0,0,0,0,0,0,0,0,0,0,0,0,2,2,0,0,1,,,,,
BAL,DEF,BAL,7,CIN,,,,,,,,,,,,,,,,,,,,,,,0,0,0,0,41.0
Ben Skowronek,WR,LA,7,DET,0,0,0,0,0,0,0,0,0,0,0,0,0,0,0,0,0,0,0,0,0,0,,,,,
Blaine Gabbert,QB,TB,7,CHI,15,0,3,2,0,0,0,0,0,0,0,0,0,0,0,0,0,0,0,0,0,0,,,,,
Boston Scott,RB,PHI,7,LV,0,0,0,0,0,24,1,7,1,5,0,2,0,0,0,0,0,0,0,0,0,0,,,,,
Brandin Cooks,WR,HOU,7,ARI,0,0,0,0,0,0,0,0,5,21,0,7,0,0,0,0,0,0,0,0,0,0,,,,,
Brandon Aiyuk,WR,SF,7,IND,0,0,0,0,0,3,0,1,1,6,0,1,0,0,0,0,0,0,0,0,0,0,,,,,
Brandon Bolden,RB,NE,7,NYJ,0,0,0,0,0,0,0,2,6,79,1,7,0,0,0,0,0,0,0,0,0,0,,,,,
Brandon McManus,K,DEN,7,CLE,0,0,0,0,0,0,0,0,0,0,0,0,0,0,0,0,0,0,0,0,0,2,,,,,
Braxton Berrios,WR,NYJ,7,NE,0,0,0,0,0,0,0,0,0,0,0,0,0,0,0,0,0,0,0,0,0,0,,,,,
Brian Hoyer,QB,NE,7,NYJ,79,0,4,3,0,-3,0,3,0,0,0,0,0,0,0,0,0,0,0,0,0,0,,,,,
Brian Johnson,K,NO,7,SEA,0,0,0,0,0,0,0,0,0,0,0,0,0,0,0,0,1,1,0,0,0,1,,,,,
Brock Wright,TE,DET,7,LA,0,0,0,0,0,0,0,0,0,0,0,0,0,0,0,0,0,0,0,0,0,0,,,,,
Bryan Edwards,WR,LV,7,PHI,0,0,0,0,0,0,0,0,3,43,1,4,0,0,0,0,0,0,0,0,0,0,,,,,
Buddy Howell,RB,LA,7,DET,0,0,0,0,0,0,0,0,0,0,0,0,0,0,0,0,0,0,0,0,0,0,,,,,
Byron Pringle,WR,KC,7,TEN,0,0,0,0,0,0,0,0,5,73,0,6,0,0,0,0,0,0,0,0,0,0,,,,,
C.J. Uzomah,TE,CIN,7,BAL,0,0,0,0,0,0,0,0,3,91,2,3,0,0,0,0,0,0,0,0,0,0,,,,,
CAR,DEF,CAR,7,NYG,,,,,,,,,,,,,,,,,,,,,,,0,0,0,0,25.0
CHI,DEF,CHI,7,TB,,,,,,,,,,,,,,,,,,,,,,,0,0,0,0,38.0
CIN,DEF,CIN,7,BAL,,,,,,,,,,,,,,,,,,,,,,,0,0,0,0,17.0
CLE,DEF,CLE,7,DEN,,,,,,,,,,,,,,,,,,,,,,,0,0,0,0,14.0
Cairo Santos,K,CHI,7,TB,0,0,0,0,0,0,0,0,0,0,0,0,0,0,0,0,1,0,0,0,0,0,,,,,
Calvin Ridley,WR,ATL,7,MIA,0,0,0,0,0,0,0,0,4,26,1,10,0,0,0,0,0,0,0,0,0,0,,,,,
Cameron Brate,TE,TB,7,CHI,0,0,0,0,0,0,0,0,0,0,0,4,0,0,0,0,0,0,0,0,0,0,,,,,
Carson Wentz,QB,IND,7,SF,150,2,26,17,0,23,1,4,0,0,0,0,0,0,0,0,0,0,0,0,0,0,,,,,
Case Keenum,QB,CLE,7,DEN,199,1,33,21,0,7,0,4,0,0,0,0,0,0,0,0,0,0,0,0,0,0,,,,,
Cethan Carter,TE,MIA,7,ATL,0,0,0,0,0,0,0,0,0,0,0,0,0,0,0,0,0,0,0,0,0,0,,,,,
Chad Henne,QB,KC,7,TEN,82,0,16,11,0,4,0,1,0,0,0,0,0,0,0,0,0,0,0,0,0,0,,,,,
Charlie Woerner,TE,SF,7,IND,0,0,0,0,0,0,0,0,2,30,0,2,0,0,0,0,0,0,0,0,0,0,,,,,
Chase Edmonds,RB,ARI,7,HOU,0,0,0,0,0,81,0,15,1,9,0,3,0,0,0,0,0,0,0,0,0,0,,,,,
Chase McLaughlin,K,CLE,7,DEN,0,0,0,0,0,0,0,0,0,0,0,0,0,0,0,0,0,0,0,1,0,2,,,,,
Chris Blewitt,K,WAS,7,GB,0,0,0,0,0,0,0,0,0,0,0,0,0,0,0,0,0,0,1,0,0,1,,,,,
Chris Godwin Jr.,WR,TB,7,CHI,0,0,0,0,0,0,0,0,8,111,1,11,0,0,0,0,0,0,0,0,0,0,,,,,
Christian Kirk,WR,ARI,7,HOU,0,0,0,0,0,0,0,0,4,50,1,5,0,0,0,0,0,0,0,0,0,0,,,,,
Chuba Hubbard,RB,CAR,7,NYG,0,0,0,0,0,28,0,12,4,28,0,5,0,0,0,0,0,0,0,0,0,0,,,,,
Cole Kmet,TE,CHI,7,TB,0,0,0,0,0,0,0,0,5,43,0,6,0,0,0,0,0,0,0,0,0,0,,,,,
Colin Thompson,TE,CAR,7,NYG,0,0,0,0,0,0,0,0,0,0,0,1,0,0,0,0,0,0,0,0,0,0,,,,,
Collin Johnson,WR,NYG,7,CAR,0,0,0,0,0,0,0,0,1,7,0,2,0,0,0,0,0,0,0,0,0,0,,,,,
Colt McCoy,QB,ARI,7,HOU,0,0,0,0,0,-1,0,2,0,0,0,0,0,0,0,0,0,0,0,0,0,0,,,,,
Cooper Kupp,WR,LA,7,DET,0,0,0,0,0,0,0,0,10,156,2,13,0,0,0,0,0,0,0,0,0,0,,,,,
Cordarrelle Patterson,RB,ATL,7,MIA,0,0,0,0,0,60,1,14,2,1,0,5,0,0,0,0,0,0,0,0,0,0,,,,,
Corey Davis,WR,NYJ,7,NE,0,0,0,0,0,0,0,0,4,47,1,6,0,0,0,0,0,0,0,0,0,0,,,,,
Courtland Sutton,WR,DEN,7,CLE,0,0,0,0,0,0,0,0,5,68,0,5,0,0,0,0,0,0,0,0,0,0,,,,,
Cullen Gillaspia,RB,NYG,7,CAR,0,0,0,0,0,0,0,0,0,0,0,0,0,0,0,0,0,0,0,0,0,0,,,,,
D'Andre Swift,RB,DET,7,LA,0,0,0,0,0,48,0,13,8,96,1,10,0,0,0,0,0,0,0,0,0,0,,,,,
D'Ernest Johnson,RB,CLE,7,DEN,0,0,0,0,0,146,1,22,2,22,0,2,0,0,0,0,0,0,0,0,0,0,,,,,
DEN,DEF,DEN,7,CLE,,,,,,,,,,,,,,,,,,,,,,,0,0,0,0,17.0
DET,DEF,DET,7,LA,,,,,,,,,,,,,,,,,,,,,,,0,0,0,0,28.0
DJ Moore,WR,CAR,7,NYG,0,0,0,0,0,0,0,0,6,73,0,10,0,0,0,0,0,0,0,0,0,0,,,,,
DK Metcalf,WR,SEA,7,NO,0,0,0,0,0,0,0,0,2,96,1,5,0,0,0,0,0,0,0,0,0,0,,,,,
Dallas Goedert,TE,PHI,7,LV,0,0,0,0,0,0,0,0,3,70,0,5,0,0,1,0,0,0,0,0,0,0,,,,,
Damien Harris,RB,NE,7,NYJ,0,0,0,0,0,106,2,14,2,7,0,2,0,0,0,0,0,0,0,0,0,0,,,,,
Damien Williams,RB,CHI,7,TB,0,0,0,0,0,5,0,3,1,3,0,1,0,0,0,0,0,0,0,0,0,0,,,,,
Damiere Byrd,WR,CHI,7,TB,0,0,0,0,0,0,0,0,1,10,0,1,0,0,0,0,0,0,0,0,0,0,,,,,
Daniel Carlson,K,LV,7,PHI,0,0,0,0,0,0,0,0,0,0,0,0,0,0,0,0,1,1,0,0,0,3,,,,,
Daniel Jones,QB,NYG,7,CAR,203,1,33,23,0,28,0,8,1,16,0,1,0,0,0,0,0,0,0,0,0,0,,,,,
Danny Amendola,WR,HOU,7,ARI,0,0,0,0,0,0,0,0,3,17,0,5,0,0,0,0,0,0,0,0,0,0,,,,,
Dante Pettis,WR,NYG,7,CAR,16,0,1,1,0,0,0,0,5,39,1,5,0,0,0,0,0,0,0,0,0,0,,,,,
Darius Slayton,WR,NYG,7,CAR,0,0,0,0,0,0,0,0,5,63,0,9,0,0,0,0,0,0,0,0,0,0,,,,,
Darnell Mooney,WR,CHI,7,TB,0,0,0,0,0,0,0,0,2,39,0,5,0,0,0,0,0,0,0,0,0,0,,,,,
Darrel Williams,RB,KC,7,TEN,0,0,0,0,0,20,0,5,3,30,0,4,0,0,0,0,0,0,0,0,0,0,,,,,
Darrell Henderson,RB,LA,7,DET,0,0,0,0,0,45,0,15,3,19,0,6,0,0,0,0,0,0,0,0,0,0,,,,,
Darren Fells,TE,DET,7,LA,0,0,0,0,0,0,0,0,1,6,0,1,0,0,0,0,0,0,0,0,0,0,,,,,
Darrynton Evans,RB,TEN,7,KC,0,0,0,0,0,7,0,2,2,11,0,2,0,0,0,0,0,0,0,0,0,0,,,,,
Davante Adams,WR,GB,7,WAS,0,0,0,0,0,0,0,0,6,76,1,7,0,0,0,0,0,0,0,0,0,0,,,,,
David Johnson,RB,HOU,7,ARI,0,0,0,0,0,25,0,7,5,27,0,6,0,0,0,0,0,0,0,0,0,0,,,,,
David Njoku,TE,CLE,7,DEN,0,0,0,0,0,0,0,0,2,18,0,2,0,0,0,0,0,0,0,0,0,0,,,,,
David Sills,WR,NYG,7,CAR,0,0,0,0,0,0,0,0,0,0,0,1,0,0,0,0,0,0,0,0,0,0,,,,,
Davis Mills,QB,HOU,7,ARI,135,0,32,23,0,0,0,0,0,0,0,0,0,0,0,0,0,0,0,0,0,0,,,,,
Dax Milne,WR,WAS,7,GB,0,0,0,0,0,0,0,0,2,16,0,4,0,0,0,0,0,0,0,0,0,0,,,,,
DeAndre Carter,WR,WAS,7,GB,0,0,0,0,0,27,0,1,1,4,0,1,0,0,0,0,0,0,0,0,0,0,,,,,
DeAndre Hopkins,WR,ARI,7,HOU,0,0,0,0,0,0,0,0,7,53,1,9,0,0,0,0,0,0,0,0,0,0,,,,,
DeSean Jackson,WR,LA,7,DET,0,0,0,0,0,0,0,0,0,0,0,1,0,0,0,0,0,0,0,0,0,0,,,,,
DeVonta Smith,WR,PHI,7,LV,0,0,0,0,0,0,0,0,5,61,0,9,0,0,0,0,0,0,0,0,0,0,,,,,
DeeJay Dallas,RB,SEA,7,NO,0,0,0,0,0,0,0,0,0,0,0,0,0,0,0,0,0,0,0,0,0,0,,,,,
Deebo Samuel Sr.,WR,SF,7,IND,0,0,0,0,0,0,0,0,7,100,1,11,0,0,0,0,0,0,0,0,0,0,,,,,
Demarcus Robinson,WR,KC,7,TEN,0,0,0,0,0,0,0,0,1,7,0,4,0,0,0,0,0,0,0,0,0,0,,,,,
Demetric Felton,RB,CLE,7,DEN,0,0,0,0,0,13,0,2,3,21,0,3,0,0,0,0,0,0,0,0,0,0,,,,,
Demetrius Harris,TE,ARI,7,HOU,0,0,0,0,0,0,0,0,0,0,0,0,0,0,0,0,0,0,0,0,0,0,,,,,
Denzel Mims,WR,NYJ,7,NE,0,0,0,0,0,0,0,0,1,6,0,2,0,0,0,0,0,0,0,0,0,0,,,,,
Deon Yelder,TE,TB,7,CHI,0,0,0,0,0,0,0,0,1,0,0,1,0,0,0,0,0,0,0,0,0,0,,,,,
Derek Carr,QB,LV,7,PHI,323,2,34,31,1,1,0,2,0,0,0,0,0,0,0,0,0,0,0,0,0,0,,,,,
Derrick Gore,RB,KC,7,TEN,0,0,0,0,0,0,0,0,1,7,0,1,0,0,0,0,0,0,0,0,0,0,,,,,
Derrick Henry,RB,TEN,7,KC,5,1,1,1,0,86,0,29,2,16,0,2,0,0,0,0,0,0,0,0,0,0,,,,,
Devin Duvernay,WR,BAL,7,CIN,0,0,0,0,0,-2,0,1,1,11,0,1,0,0,0,0,0,0,0,0,0,0,,,,,
Devine Ozigbo,RB,NO,7,SEA,0,0,0,0,0,-3,0,1,1,7,0,1,0,0,0,0,0,0,0,0,0,0,,,,,
Devonta Freeman,RB,BAL,7,CIN,0,0,0,0,0,14,1,4,3,25,0,3,0,0,0,0,0,0,0,0,0,0,,,,,
Devontae Booker,RB,NYG,7,CAR,0,0,0,0,0,51,1,14,2,15,0,3,0,0,0,0,0,0,0,0,0,0,,,,,
Diontae Spencer,WR,DEN,7,CLE,0,0,0,0,0,0,0,0,0,0,0,0,0,0,0,0,0,0,0,0,0,0,,,,,
Durham Smythe,TE,MIA,7,ATL,0,0,0,0,0,0,0,0,3,37,0,4,0,0,0,0,0,0,0,0,0,0,,,,,
Elijah Mitchell,RB,SF,7,IND,0,0,0,0,0,107,1,18,0,0,0,0,0,0,0,0,0,0,0,0,0,0,,,,,
Elijah Moore,WR,NYJ,7,NE,0,0,0,0,0,19,1,1,1,13,0,6,0,0,0,0,0,0,0,0,0,0,,,,,
Eno Benjamin,RB,ARI,7,HOU,0,0,0,0,0,7,0,2,0,0,0,0,0,0,0,0,0,0,0,0,0,0,,,,,
Equanimeous St. Brown,WR,GB,7,WAS,0,0,0,0,0,13,0,1,0,0,0,1,0,0,0,0,0,0,0,0,0,0,,,,,
Eric Saubert,TE,DEN,7,CLE,0,0,0,0,0,0,0,0,1,3,0,1,0,0,0,0,0,0,0,0,0,0,,,,,
Evan Engram,TE,NYG,7,CAR,0,0,0,0,0,0,0,0,6,44,0,8,0,0,0,0,0,0,0,0,0,0,,,,,
Evan McPherson,K,CIN,7,BAL,0,0,0,0,0,0,0,0,0,0,0,0,0,0,0,0,0,1,0,1,0,5,,,,,
Foster Moreau,TE,LV,7,PHI,0,0,0,0,0,0,0,0,6,60,1,6,0,0,0,0,0,0,0,0,0,0,,,,,
Freddie Swain,WR,SEA,7,NO,0,0,0,0,0,8,0,1,4,39,0,6,0,0,0,0,0,0,0,0,0,0,,,,,
GB,DEF,GB,7,WAS,,,,,,,,,,,,,,,,,,,,,,,0,0,0,0,10.0
Geno Smith,QB,SEA,7,NO,167,1,22,12,0,12,0,3,0,0,0,0,0,0,0,0,0,0,0,0,0,0,,,,,
Geoff Swaim,TE,TEN,7,KC,0,0,0,0,0,0,0,0,1,8,0,1,0,0,0,0,0,0,0,0,0,0,,,,,
Gerald Everett,TE,SEA,7,NO,0,0,0,0,0,12,0,1,3,11,0,3,0,0,0,0,0,0,0,0,0,0,,,,,
Geronimo Allison,WR,DET,7,LA,0,0,0,0,0,0,0,0,0,0,0,2,0,0,0,0,0,0,0,0,0,0,,,,,
Giovani Bernard,RB,TB,7,CHI,0,0,0,0,0,0,0,0,2,5,0,3,0,0,0,0,0,0,0,0,0,0,,,,,
Godwin Igwebuike,RB,DET,7,LA,0,0,0,0,0,0,0,0,0,0,0,0,0,0,0,0,0,0,0,0,0,0,,,,,
Graham Gano,K,NYG,7,CAR,0,0,0,0,0,0,0,0,0,0,0,0,0,0,0,0,0,0,2,1,0,2,,,,,
Gunner Olszewski,WR,NE,7,NYJ,0,0,0,0,0,0,0,0,1,22,0,1,0,0,0,0,0,0,0,0,0,0,,,,,
HOU,DEF,HOU,7,ARI,,,,,,,,,,,,,,,,,,,,,,,0,1,0,0,31.0
Harrison Bryant,TE,CLE,7,DEN,0,0,0,0,0,0,0,0,1,15,0,2,0,0,0,0,0,0,0,0,0,0,,,,,
Harrison Butker,K,KC,7,TEN,0,0,0,0,0,0,0,0,0,0,0,0,0,0,0,0,0,0,1,0,0,0,,,,,
Hayden Hurst,TE,ATL,7,MIA,0,0,0,0,0,0,0,0,3,35,0,4,0,0,0,0,0,0,0,0,0,0,,,,,
Henry Ruggs III,WR,LV,7,PHI,0,0,0,0,0,7,0,1,4,24,0,4,0,0,0,0,0,0,0,0,0,0,,,,,
Hunter Henry,TE,NE,7,NYJ,0,0,0,0,0,0,0,0,2,23,1,4,0,0,0,0,0,0,0,0,0,0,,,,,
Hunter Renfrow,WR,LV,7,PHI,0,0,0,0,0,0,0,0,7,58,0,8,0,0,0,0,0,0,0,0,0,0,,,,,
IND,DEF,IND,7,SF,,,,,,,,,,,,,,,,,,,,,,,0,0,0,0,18.0
Ian Thomas,TE,CAR,7,NYG,0,0,0,0,0,0,0,0,0,0,0,2,0,0,0,0,0,0,0,0,0,0,,,,,
Isaiah Ford,WR,MIA,7,ATL,0,0,0,0,0,0,0,0,1,10,1,1,0,0,0,0,0,0,0,0,0,0,,,,,
J.D. McKissic,RB,WAS,7,GB,0,0,0,0,0,22,0,4,4,34,0,6,0,0,0,0,0,0,0,0,0,0,,,,,
J.J. Arcega-Whiteside,WR,PHI,7,LV,0,0,0,0,0,0,0,0,0,0,0,0,0,0,0,0,0,0,0,0,0,0,,,,,
J.J. Taylor,RB,NE,7,NYJ,0,0,0,0,0,21,2,9,1,5,0,1,0,0,0,0,0,0,0,0,0,0,,,,,
Ja'Marr Chase,WR,CIN,7,BAL,0,0,0,0,0,0,0,0,8,201,1,10,0,0,0,0,0,0,0,0,0,0,,,,,
JaMycal Hasty,RB,SF,7,IND,0,0,0,0,0,1,0,3,3,15,0,6,0,0,0,0,0,0,0,0,0,0,,,,,
Jack Doyle,TE,IND,7,SF,0,0,0,0,0,0,0,0,0,0,0,1,0,0,0,0,0,0,0,0,0,0,,,,,
Jacob Harris,WR,LA,7,DET,0,0,0,0,0,0,0,0,0,0,0,0,0,0,0,0,0,0,0,0,0,0,,,,,
Jaelon Darden,WR,TB,7,CHI,0,0,0,0,0,11,0,1,0,0,0,1,0,0,0,0,0,0,0,0,0,0,,,,,
Jake Elliott,K,PHI,7,LV,0,0,0,0,0,0,0,0,0,0,0,0,0,0,0,0,0,0,0,0,0,2,,,,,
Jakeem Grant,WR,CHI,7,TB,0,0,0,0,0,0,0,0,0,0,0,0,0,0,0,0,0,0,0,0,0,0,,,,,
Jakob Johnson,RB,NE,7,NYJ,0,0,0,0,0,0,0,0,2,32,0,2,0,0,0,0,0,0,0,0,0,0,,,,,
Jakobi Meyers,WR,NE,7,NYJ,0,0,0,0,0,0,0,0,5,44,0,7,0,0,0,0,0,0,0,0,0,0,,,,,
Jalen Hurts,QB,PHI,7,LV,236,2,34,18,0,61,0,13,0,0,0,0,0,0,1,0,0,0,0,0,0,0,,,,,
Jalen Reagor,WR,PHI,7,LV,0,0,0,0,0,0,0,1,2,25,1,2,0,0,0,0,0,0,0,0,0,0,,,,,
Jalen Richard,RB,LV,7,PHI,0,0,0,0,0,8,0,4,3,17,0,4,0,0,0,0,0,0,0,0,0,0,,,,,
Jamaal Williams,RB,DET,7,LA,0,0,0,0,0,57,0,12,0,0,0,0,0,0,0,0,0,0,0,0,0,0,,,,,
Jameis Winston,QB,NO,7,SEA,222,1,35,19,0,40,0,8,0,0,0,0,0,0,0,0,0,0,0,0,0,0,,,,,
James Conner,RB,ARI,7,HOU,0,0,0,0,0,64,1,10,0,0,0,0,0,0,0,0,0,0,0,0,0,0,,,,,
James Proche,WR,BAL,7,CIN,0,0,0,0,0,0,0,0,0,0,0,1,0,0,0,0,0,0,0,0,0,0,,,,,
Jamison Crowder,WR,NYJ,7,NE,0,0,0,0,0,0,0,0,4,34,0,6,0,0,0,0,0,0,0,0,0,0,,,,,
Jared Goff,QB,DET,7,LA,268,1,36,22,2,3,0,1,0,0,0,0,0,0,0,0,0,0,0,0,0,0,,,,,
Jarvis Landry,WR,CLE,7,DEN,0,0,0,0,0,0,0,0,5,37,0,8,0,0,0,0,0,0,0,0,0,0,,,,,
Jason Myers,K,SEA,7,NO,0,0,0,0,0,0,0,0,0,0,0,0,0,0,0,0,0,0,0,1,0,1,,,,,
Jason Sanders,K,MIA,7,ATL,0,0,0,0,0,0,0,0,0,0,0,0,0,0,0,0,0,0,0,0,0,4,,,,,
Jauan Jennings,WR,SF,7,IND,0,0,0,0,0,0,0,0,0,0,0,2,0,0,0,0,0,0,0,0,0,0,,,,,
Javonte Williams,RB,DEN,7,CLE,0,0,0,0,0,20,0,4,6,32,1,7,0,0,0,0,0,0,0,0,0,0,,,,,
Jaylen Waddle,WR,MIA,7,ATL,0,0,0,0,0,0,0,0,7,83,0,8,0,0,0,0,0,0,0,0,0,0,,,,,
Jeremy McNichols,RB,TEN,7,KC,0,0,0,0,0,0,0,0,1,10,0,1,0,0,0,0,0,0,0,0,0,0,,,,,
Jerick McKinnon,RB,KC,7,TEN,0,0,0,0,0,0,0,0,2,17,0,4,0,0,0,0,0,0,0,0,0,0,,,,,
Jesper Horsted,TE,CHI,7,TB,0,0,0,0,0,0,0,0,0,0,0,1,0,0,0,0,0,0,0,0,0,0,,,,,
Jesse James,TE,CHI,7,TB,0,0,0,0,0,0,0,0,3,20,0,3,0,0,0,0,0,0,0,0,0,0,,,,,
Jimmy Garoppolo,QB,SF,7,IND,181,1,27,16,2,0,0,2,0,0,0,0,0,0,0,0,0,0,0,0,0,0,,,,,
Joe Burrow,QB,CIN,7,BAL,416,3,38,23,1,0,0,1,0,0,0,0,0,0,0,0,0,0,0,0,0,0,,,,,
Joe Mixon,RB,CIN,7,BAL,0,0,0,0,0,59,1,12,0,0,0,0,0,0,0,0,0,0,0,0,0,0,,,,,
Joey Slye,K,SF,7,IND,0,0,0,0,0,0,0,0,0,0,0,0,0,0,0,0,0,1,0,1,0,0,,,,,
John Brown,WR,DEN,7,CLE,0,0,0,0,0,0,0,0,0,0,0,1,0,0,0,0,0,0,0,0,0,0,,,,,
John Kelly,RB,CLE,7,DEN,0,0,0,0,0,13,0,2,0,0,0,0,0,0,0,0,0,0,0,0,0,0,,,,,
John Ross,WR,NYG,7,CAR,0,0,0,0,0,0,0,0,2,27,0,2,0,0,0,0,0,0,0,0,0,0,,,,,
Johnny Stanton,RB,CLE,7,DEN,0,0,0,0,0,5,0,2,1,1,1,1,0,0,0,0,0,0,0,0,0,0,,,,,
Jonathan Taylor,RB,IND,7,SF,0,0,0,0,0,107,1,18,3,3,0,3,0,0,0,0,0,0,0,0,0,0,,,,,
Jonathan Ward,RB,ARI,7,HOU,0,0,0,0,0,7,0,1,0,0,0,0,0,0,0,0,0,0,0,0,0,0,,,,,
Jonnu Smith,TE,NE,7,NYJ,0,0,0,0,0,5,0,1,2,52,0,5,0,0,0,0,0,0,0,0,0,0,,,,,
Jordan Akins,TE,HOU,7,ARI,0,0,0,0,0,0,0,0,2,13,0,2,0,0,0,0,0,0,0,0,0,0,,,,,
Josh Gordon,WR,KC,7,TEN,0,0,0,0,0,0,0,0,0,0,0,1,0,0,0,0,0,0,0,0,0,0,,,,,
Josh Jacobs,RB,LV,7,PHI,0,0,0,0,0,29,1,6,3,39,0,3,0,0,0,0,0,0,0,0,0,0,,,,,
Josh Oliver,TE,BAL,7,CIN,0,0,0,0,0,0,0,0,2,29,0,5,0,0,0,0,0,0,0,0,0,0,,,,,
Josh Reynolds,WR,TEN,7,KC,0,0,0,0,0,0,0,0,3,23,0,3,0,0,0,0,0,0,0,0,0,0,,,,,
Josiah Deguara,TE,GB,7,WAS,0,0,0,0,0,0,0,0,0,0,0,0,0,0,0,0,0,0,0,0,0,0,,,,,
Julio Jones,WR,TEN,7,KC,0,0,0,0,0,0,0,0,2,38,0,4,0,0,0,0,0,0,0,0,0,0,,,,,
Justin Fields,QB,CHI,7,TB,184,0,32,22,3,38,0,8,0,0,0,0,0,0,0,0,0,0,0,0,0,0,,,,,
Justin Tucker,K,BAL,7,CIN,0,0,0,0,0,0,0,0,0,0,0,0,0,0,0,0,0,0,1,0,0,2,,,,,
Juwan Johnson,TE,NO,7,SEA,0,0,0,0,0,0,0,0,1,8,0,1,0,0,0,0,0,0,0,0,0,0,,,,,
KC,DEF,KC,7,TEN,,,,,,,,,,,,,,,,,,,,,,,0,0,0,0,27.0
Ka'imi Fairbairn,K,HOU,7,ARI,0,0,0,0,0,0,0,0,0,0,0,0,0,0,0,0,0,0,0,1,0,0,,,,,
Kalif Raymond,WR,DET,7,LA,0,0,0,0,0,1,0,1,6,115,0,8,0,0,0,0,0,0,0,0,0,0,,,,,
Ke'Shawn Vaughn,RB,TB,7,CHI,0,0,0,0,0,27,0,5,0,0,0,0,0,0,0,0,0,0,0,0,0,0,,,,,
Keelan Cole,WR,NYJ,7,NE,0,0,0,0,0,0,0,0,1,6,0,2,0,0,0,0,0,0,0,0,0,0,,,,,
Keith Kirkwood,WR,CAR,7,NYG,0,0,0,0,0,0,0,0,3,17,0,5,0,0,0,0,0,0,0,0,0,0,,,,,
Keke Coutee,WR,IND,7,SF,0,0,0,0,0,0,0,0,1,5,0,1,0,0,0,0,0,0,0,0,0,0,,,,,
Kendall Hinton,WR,DEN,7,CLE,0,0,0,0,0,0,0,0,2,15,0,2,0,0,0,0,0,0,0,0,0,0,,,,,
Kendrick Bourne,WR,NE,7,NYJ,25,1,1,1,0,0,0,0,4,68,0,4,0,0,0,0,0,0,0,0,0,0,,,,,
Kenny Gainwell,RB,PHI,7,LV,0,0,0,0,0,20,0,5,4,41,1,8,0,0,0,0,0,0,0,0,0,0,,,,,
Kenny Stills,WR,NO,7,SEA,0,0,0,0,0,0,0,0,0,0,0,3,0,0,0,0,0,0,0,0,0,0,,,,,
Kenyan Drake,RB,LV,7,PHI,0,0,0,0,0,69,1,14,3,10,0,3,0,0,0,0,0,0,0,0,0,0,,,,,
Kevin White,WR,NO,7,SEA,0,0,0,0,0,0,0,0,0,0,0,2,0,0,0,0,0,0,0,0,0,0,,,,,
KhaDarel Hodge,WR,DET,7,LA,0,0,0,0,0,0,0,0,1,3,0,1,0,0,0,0,0,0,0,0,0,0,,,,,
Khalil Herbert,RB,CHI,7,TB,0,0,0,0,0,100,0,18,5,33,0,5,0,0,0,0,0,0,0,0,0,0,,,,,
Kyle Pitts,TE,ATL,7,MIA,0,0,0,0,0,0,0,0,7,163,0,8,0,0,0,0,0,0,0,0,0,0,,,,,
Kyle Rudolph,TE,NYG,7,CAR,0,0,0,0,0,0,0,0,2,8,0,2,0,0,0,0,0,0,0,0,0,0,,,,,
Kylen Granson,TE,IND,7,SF,0,0,0,0,0,0,0,0,0,0,0,1,0,0,0,0,0,0,0,0,0,0,,,,,
Kyler Murray,QB,ARI,7,HOU,261,3,28,20,1,10,0,6,0,0,0,0,0,0,0,0,0,0,0,0,0,0,,,,,
Kylin Hill,RB,GB,7,WAS,0,0,0,0,0,2,0,3,0,0,0,1,0,0,0,0,0,0,0,0,0,0,,,,,
LA,DEF,LA,7,DET,,,,,,,,,,,,,,,,,,,,,,,0,0,0,0,19.0
LV,DEF,LV,7,PHI,,,,,,,,,,,,,,,,,,,,,,,0,0,0,0,22.0
Lamar Jackson,QB,BAL,7,CIN,257,1,31,15,0,88,0,12,0,0,0,0,0,0,0,0,0,0,0,0,0,0,,,,,
Le'Veon Bell,RB,BAL,7,CIN,0,0,0,0,0,5,0,5,1,-1,0,2,0,0,0,0,0,0,0,0,0,0,,,,,
Lee Smith,TE,ATL,7,MIA,0,0,0,0,0,0,0,0,1,7,0,2,0,0,0,0,0,0,0,0,0,0,,,,,
Leonard Fournette,RB,TB,7,CHI,0,0,0,0,0,81,1,15,2,9,0,4,0,0,0,0,0,0,0,0,0,0,,,,,
Lil'Jordan Humphrey,WR,NO,7,SEA,0,0,0,0,0,0,0,0,0,0,0,0,0,0,0,0,0,0,0,0,0,0,,,,,
Logan Woodside,QB,TEN,7,KC,0,0,0,0,0,-1,0,1,0,0,0,0,0,0,0,0,0,0,0,0,0,0,,,,,
MIA,DEF,MIA,7,ATL,,,,,,,,,,,,,,,,,,,,,,,0,0,0,0,30.0
Mac Jones,QB,NE,7,NYJ,307,2,36,24,0,19,0,3,0,0,0,0,0,0,0,0,0,0,0,0,0,0,,,,,
Mack Hollins,WR,MIA,7,ATL,0,0,0,0,0,0,0,0,2,13,1,3,0,0,0,0,0,0,0,0,0,0,,,,,
Malcolm Brown,RB,MIA,7,ATL,0,0,0,0,0,10,0,3,1,-1,0,1,0,0,0,0,0,0,0,0,0,0,,,,,
Marcedes Lewis,TE,GB,7,WAS,0,0,0,0,0,0,0,0,3,31,0,3,0,0,0,0,0,0,0,0,0,0,,,,,
Marcus Johnson,WR,TEN,7,KC,0,0,0,0,0,5,0,1,0,0,0,1,0,0,0,0,0,0,0,0,0,0,,,,,
Marcus Kemp,WR,KC,7,TEN,0,0,0,0,0,0,0,0,1,8,0,1,0,0,0,0,0,0,0,0,0,0,,,,,
Marcus Mariota,QB,LV,7,PHI,0,0,0,0,0,4,0,1,0,0,0,0,0,0,0,0,0,0,0,0,0,0,,,,,
Mark Andrews,TE,BAL,7,CIN,0,0,0,0,0,0,0,0,3,48,0,7,0,0,0,0,0,0,0,0,0,0,,,,,
Mark Ingram,RB,HOU,7,ARI,0,0,0,0,0,9,0,6,3,18,0,3,0,0,0,0,0,0,0,0,0,0,,,,,
Marlon Mack,RB,IND,7,SF,0,0,0,0,0,4,0,3,0,0,0,0,0,0,0,0,0,0,0,0,0,0,,,,,
Marquez Callaway,WR,NO,7,SEA,0,0,0,0,0,0,0,0,3,32,0,7,0,0,0,0,0,0,0,0,0,0,,,,,
Marquise Brown,WR,BAL,7,CIN,0,0,0,0,0,0,0,0,5,80,1,14,0,0,0,0,0,0,0,0,0,0,,,,,
Marquise Goodwin,WR,CHI,7,TB,0,0,0,0,0,0,0,0,2,16,0,4,0,0,0,0,0,0,0,0,0,0,,,,,
Mason Crosby,K,GB,7,WAS,0,0,0,0,0,0,0,0,0,0,0,0,0,0,0,0,0,1,0,0,0,3,,,,,
Mason Kinsey,WR,TEN,7,KC,0,0,0,0,0,0,0,0,0,0,0,0,0,0,0,0,0,0,0,0,0,0,,,,,
Matt Ammendola,K,NYJ,7,NE,0,0,0,0,0,0,0,0,0,0,0,0,0,0,0,0,0,0,0,0,0,1,,,,,
Matt Gay,K,LA,7,DET,0,0,0,0,0,0,0,0,0,0,0,0,0,0,0,0,0,1,1,0,0,2,,,,,
Matt Prater,K,ARI,7,HOU,0,0,0,0,0,0,0,0,0,0,0,0,0,0,0,0,0,1,0,0,0,4,,,,,
Matt Ryan,QB,ATL,7,MIA,336,2,40,25,1,0,0,3,0,0,0,0,0,0,0,0,0,0,0,0,0,0,,,,,
Matthew Stafford,QB,LA,7,DET,334,3,41,28,0,-2,0,2,0,0,0,0,0,0,1,0,0,0,0,0,0,0,,,,,
Mecole Hardman,WR,KC,7,TEN,0,0,0,0,0,0,0,0,4,28,0,5,0,0,0,0,0,0,0,0,0,0,,,,,
Melvin Gordon,RB,DEN,7,CLE,0,0,0,0,0,18,0,8,2,14,1,3,0,0,0,0,0,0,0,0,0,0,,,,,
Michael Carter,RB,NYJ,7,NE,0,0,0,0,0,37,0,11,8,67,0,9,0,0,0,0,0,0,0,0,0,0,,,,,
Michael Pittman,WR,IND,7,SF,0,0,0,0,0,0,0,0,4,105,1,4,0,0,0,0,0,0,0,0,0,0,,,,,
Mike Badgley,K,IND,7,SF,0,0,0,0,0,0,0,0,0,0,0,0,0,0,0,0,0,0,1,0,0,3,,,,,
Mike Davis,RB,ATL,7,MIA,0,0,0,0,0,10,0,4,0,0,0,0,0,0,0,0,0,0,0,0,0,0,,,,,
Mike Evans,WR,TB,7,CHI,0,0,0,0,0,0,0,0,6,76,3,10,0,0,0,0,0,0,0,0,0,0,,,,,
Mike Gesicki,TE,MIA,7,ATL,0,0,0,0,0,0,0,0,7,85,1,8,0,0,0,0,0,0,0,0,0,0,,,,,
Mike White,QB,NYJ,7,NE,202,1,32,20,2,0,0,0,0,0,0,0,0,0,0,0,0,0,0,0,0,0,,,,,
Miles Sanders,RB,PHI,7,LV,0,0,0,0,0,30,0,6,1,-3,0,1,0,0,0,0,0,0,0,0,0,0,,,,,
Mo Alie-Cox,TE,IND,7,SF,0,0,0,0,0,0,0,0,3,25,1,3,0,0,0,0,0,0,0,0,0,0,,,,,
Mohamed Sanu,WR,SF,7,IND,0,0,0,0,0,0,0,0,1,16,0,1,0,0,0,0,0,0,0,0,0,0,,,,,
MyCole Pruitt,TE,TEN,7,KC,0,0,0,0,0,0,0,0,2,27,1,3,0,0,0,0,0,0,0,0,0,0,,,,,
Myles Gaskin,RB,MIA,7,ATL,0,0,0,0,0,67,0,15,4,10,1,4,0,0,0,0,0,0,0,0,0,0,,,,,
N'Keal Harry,TE,NE,7,NYJ,0,0,0,0,0,0,0,0,1,28,0,2,0,0,0,0,0,0,0,0,0,0,,,,,
NE,DEF,NE,7,NYJ,,,,,,,,,,,,,,,,,,,,,,,0,0,0,0,13.0
NO,DEF,NO,7,SEA,,,,,,,,,,,,,,,,,,,,,,,0,0,0,0,10.0
NYG,DEF,NYG,7,CAR,,,,,,,,,,,,,,,,,,,,,,,0,1,0,0,3.0
NYJ,DEF,NYJ,7,NE,,,,,,,,,,,,,,,,,,,,,,,0,0,0,0,54.0
Nelson Agholor,WR,NE,7,NYJ,0,0,0,0,0,0,0,0,2,51,1,5,0,0,0,0,0,0,0,0,0,0,,,,,
Nick Folk,K,NE,7,NYJ,0,0,0,0,0,0,0,0,0,0,0,0,0,0,0,0,0,1,0,1,0,6,,,,,
Nico Collins,WR,HOU,7,ARI,0,0,0,0,0,0,0,0,2,28,0,5,0,0,0,0,0,0,0,0,0,0,,,,,
Noah Fant,TE,DEN,7,CLE,0,0,0,0,0,0,0,0,5,39,0,7,0,0,0,0,0,0,0,0,0,0,,,,,
Noah Gray,TE,KC,7,TEN,0,0,0,0,0,0,0,0,1,4,0,1,0,0,0,0,0,0,0,0,0,0,,,,,
Nyheim Hines,RB,IND,7,SF,0,0,0,0,0,14,0,8,1,-2,0,3,0,0,0,0,0,0,0,0,0,0,,,,,
O.J. Howard,TE,TB,7,CHI,0,0,0,0,0,0,0,0,1,9,0,3,0,0,0,0,0,0,0,0,0,0,,,,,
Odell Beckham Jr.,WR,CLE,7,DEN,0,0,0,0,0,0,0,0,2,23,0,6,0,0,0,0,0,0,0,0,0,0,,,,,
Olamide Zaccheaus,WR,ATL,7,MIA,0,0,0,0,0,0,0,0,1,13,0,1,0,0,0,0,0,0,0,0,0,0,,,,,
PHI,DEF,PHI,7,LV,,,,,,,,,,,,,,,,,,,,,,,0,0,0,0,33.0
PJ Walker,QB,CAR,7,NYG,33,0,14,3,0,13,0,1,0,0,0,0,0,0,0,0,0,0,0,0,0,0,,,,,
Patrick Mahomes,QB,KC,7,TEN,206,0,35,20,1,35,0,6,0,0,0,0,0,0,0,0,0,0,0,0,0,0,,,,,
Penny Hart,WR,SEA,7,NO,0,0,0,0,0,0,0,0,0,0,0,1,0,0,0,0,0,0,0,0,0,0,,,,,
Pharaoh Brown,TE,HOU,7,ARI,0,0,0,0,0,0,0,0,3,11,0,3,0,0,0,0,0,0,0,0,0,0,,,,,
Phillip Lindsay,RB,HOU,7,ARI,0,0,0,0,0,8,0,2,0,0,0,0,0,0,0,0,0,0,0,0,0,0,,,,,
Preston Williams,WR,MIA,7,ATL,0,0,0,0,0,0,0,0,1,5,0,4,0,0,0,0,0,0,0,0,0,0,,,,,
Quez Watkins,WR,PHI,7,LV,0,0,0,0,0,0,0,0,2,37,0,4,0,0,0,0,0,0,0,0,0,0,,,,,
Randall Cobb,WR,GB,7,WAS,0,0,0,0,0,0,0,0,3,22,0,4,0,0,0,0,0,0,0,0,0,0,,,,,
Randy Bullock,K,TEN,7,KC,0,0,0,0,0,0,0,0,0,0,0,0,0,0,0,0,0,1,0,1,0,3,,,,,
Rashaad Penny,RB,SEA,7,NO,0,0,0,0,0,9,0,6,0,0,0,0,0,0,0,0,0,0,0,0,0,0,,,,,
Rashard Higgins,WR,CLE,7,DEN,0,0,0,0,0,0,0,0,1,-2,0,2,0,0,0,0,0,0,0,0,0,0,,,,,
Rashod Bateman,WR,BAL,7,CIN,0,0,0,0,0,0,0,0,3,80,0,6,0,0,0,0,0,0,0,0,0,0,,,,,
Rex Burkhead,RB,HOU,7,ARI,0,0,0,0,0,0,0,0,0,0,0,0,0,0,0,0,0,0,0,0,0,0,,,,,
Ricky Seals-Jones,TE,WAS,7,GB,0,0,0,0,0,0,0,0,6,51,0,7,0,0,0,0,0,0,0,0,0,0,,,,,
Robbie Chosen,WR,CAR,7,NYG,0,0,0,0,0,0,0,0,3,14,0,9,0,0,0,0,0,0,0,0,0,0,,,,,
Robert Tonyan,TE,GB,7,WAS,0,0,0,0,0,0,0,0,4,63,1,5,0,0,0,0,0,0,0,0,0,0,,,,,
Robert Woods,WR,LA,7,DET,0,0,0,0,0,0,0,0,6,70,0,6,0,0,1,0,0,0,0,0,0,0,,,,,
Ronald Jones,RB,TB,7,CHI,0,0,0,0,0,63,0,10,0,0,0,0,0,0,0,0,0,0,0,0,0,0,,,,,
Rondale Moore,WR,ARI,7,HOU,0,0,0,0,0,0,0,0,2,17,0,3,0,0,0,0,0,0,0,0,0,0,,,,,
Ross Dwelley,TE,SF,7,IND,0,0,0,0,0,0,0,0,1,5,0,2,0,0,0,0,0,0,0,0,0,0,,,,,
Royce Freeman,RB,CAR,7,NYG,0,0,0,0,0,18,0,3,1,1,0,2,0,0,0,0,0,0,0,0,0,0,,,,,
Russell Gage,WR,ATL,7,MIA,0,0,0,0,0,0,0,0,4,67,1,6,0,0,0,0,0,0,0,0,0,0,,,,,
Ryan Griffin,TE,NYJ,7,NE,0,0,0,0,0,0,0,0,1,15,0,2,0,0,0,0,0,0,0,0,0,0,,,,,
Ryan Nall,RB,CHI,7,TB,0,0,0,0,0,0,0,0,1,4,0,1,0,0,0,0,0,0,0,0,0,0,,,,,
Ryan Succop,K,TB,7,CHI,0,0,0,0,0,0,0,0,0,0,0,0,0,0,0,0,1,0,0,0,0,5,,,,,
Ryan Tannehill,QB,TEN,7,KC,270,1,27,21,1,6,1,2,0,0,0,0,0,0,0,0,0,0,0,0,0,0,,,,,
SEA,DEF,SEA,7,NO,,,,,,,,,,,,,,,,,,,,,,,0,0,0,0,13.0
SF,DEF,SF,7,IND,,,,,,,,,,,,,,,,,,,,,,,0,0,0,0,30.0
Salvon Ahmed,RB,MIA,7,ATL,0,0,0,0,0,26,0,7,2,26,0,2,0,0,0,0,0,0,0,0,0,0,,,,,
Sam Darnold,QB,CAR,7,NYG,112,0,25,16,1,0,0,0,0,0,0,0,0,0,0,0,0,0,0,0,0,0,,,,,
Samaje Perine,RB,CIN,7,BAL,0,0,0,0,0,52,1,11,1,23,0,1,0,0,0,0,0,0,0,0,0,0,,,,,
Shi Smith,WR,CAR,7,NYG,0,0,0,0,0,-3,0,1,0,0,0,2,0,0,0,0,0,0,0,0,0,0,,,,,
Sony Michel,RB,LA,7,DET,0,0,0,0,0,4,0,2,0,0,0,0,0,0,0,0,0,0,0,0,0,0,,,,,
T.J. Hockenson,TE,DET,7,LA,0,0,0,0,0,0,0,0,6,48,0,9,0,0,0,0,0,0,0,0,0,0,,,,,
TB,DEF,TB,7,CHI,,,,,,,,,,,,,,,,,,,,,,,0,0,0,0,3.0
TEN,DEF,TEN,7,KC,,,,,,,,,,,,,,,,,,,,,,,0,0,0,0,3.0
Tajae Sharpe,WR,ATL,7,MIA,0,0,0,0,0,0,0,0,2,18,0,2,0,0,0,0,0,0,0,0,0,0,,,,,
Taylor Heinicke,QB,WAS,7,GB,268,1,37,25,1,95,0,10,0,0,0,0,0,0,0,0,0,0,0,0,0,0,,,,,
Teddy Bridgewater,QB,DEN,7,CLE,187,2,33,23,1,3,0,2,0,0,0,0,0,0,0,0,0,0,0,0,0,0,,,,,
Tee Higgins,WR,CIN,7,BAL,0,0,0,0,0,0,0,0,7,62,0,15,0,0,0,0,0,0,0,0,0,0,,,,,
Terry McLaurin,WR,WAS,7,GB,0,0,0,0,0,0,0,0,7,122,1,12,0,0,0,0,0,0,0,0,0,0,,,,,
Tim Patrick,WR,DEN,7,CLE,0,0,0,0,0,0,0,0,2,16,0,5,0,0,0,0,0,0,0,0,0,0,,,,,
Tom Brady,QB,TB,7,CHI,211,4,36,20,0,0,0,0,0,0,0,0,0,0,0,0,0,0,0,0,0,0,,,,,
Tommy Tremble,TE,CAR,7,NYG,0,0,0,0,0,0,0,0,2,12,0,2,0,0,0,0,0,0,0,0,0,0,,,,,
Travis Homer,RB,SEA,7,NO,0,0,0,0,0,14,0,1,0,0,0,0,0,0,0,0,0,0,0,0,0,0,,,,,
Travis Kelce,TE,KC,7,TEN,0,0,0,0,0,0,0,0,7,65,0,12,0,0,0,0,0,0,0,0,0,0,,,,,
Tre'Quan Smith,WR,NO,7,SEA,0,0,0,0,0,0,0,0,1,11,0,3,0,0,0,0,0,0,0,0,0,0,,,,,
Trent Sherfield,WR,SF,7,IND,0,0,0,0,0,0,0,0,1,9,0,2,0,0,0,0,0,0,0,0,0,0,,,,,
Trenton Cannon,RB,SF,7,IND,0,0,0,0,0,0,0,0,0,0,0,0,0,0,0,0,0,0,0,0,0,0,,,,,
Trenton Irwin,WR,CIN,7,BAL,0,0,0,0,0,0,0,0,0,0,0,0,0,0,0,0,0,0,0,0,0,0,,,,,
Trevon Wesco,TE,NYJ,7,NE,0,0,0,0,0,0,0,0,0,0,0,1,0,0,0,0,0,0,0,0,0,0,,,,,
Tua Tagovailoa,QB,MIA,7,ATL,291,4,40,32,2,29,0,4,0,0,0,0,0,0,0,0,0,0,0,0,0,0,,,,,
Ty Johnson,RB,NYJ,7,NE,0,0,0,0,0,6,0,5,6,65,0,7,0,0,0,0,0,0,0,0,0,0,,,,,
Ty Montgomery,WR,NO,7,SEA,0,0,0,0,0,4,0,1,0,0,0,1,0,0,0,0,0,0,0,0,0,0,,,,,
Ty'Son Williams,RB,BAL,7,CIN,0,0,0,0,0,10,0,2,2,24,0,2,0,0,0,0,0,0,0,0,0,0,,,,,
Tylan Wallace,WR,BAL,7,CIN,0,0,0,0,0,0,0,0,0,0,0,0,0,0,0,0,0,0,0,0,0,0,,,,,
Tyler Boyd,WR,CIN,7,BAL,0,0,0,0,0,0,0,0,4,39,0,7,0,0,0,0,0,0,0,0,0,0,,,,,
Tyler Davis,TE,GB,7,WAS,0,0,0,0,0,0,0,0,0,0,0,0,0,0,0,0,0,0,0,0,0,0,,,,,
Tyler Higbee,TE,LA,7,DET,0,0,0,0,0,0,0,0,5,46,0,8,0,0,0,0,0,0,0,0,0,0,,,,,
Tyler Huntley,QB,BAL,7,CIN,39,0,11,5,0,0,0,0,0,0,0,0,0,0,0,0,0,0,0,0,0,0,,,,,
Tyler Johnson,WR,TB,7,CHI,0,0,0,0,0,0,0,0,2,16,0,2,0,0,0,0,0,0,0,0,0,0,,,,,
Tyler Lockett,WR,SEA,7,NO,0,0,0,0,0,0,0,0,2,12,0,3,0,0,0,0,0,0,0,0,0,0,,,,,
Tyreek Hill,WR,KC,7,TEN,0,0,0,0,0,18,0,1,6,49,0,9,0,0,0,0,0,0,0,0,0,0,,,,,
Tyrie Cleveland,WR,DEN,7,CLE,0,0,0,0,0,0,0,0,0,0,0,1,0,0,0,0,0,0,0,0,0,0,,,,,
Van Jefferson,WR,LA,7,DET,0,0,0,0,0,0,0,0,4,43,1,7,0,0,0,0,0,0,0,0,0,0,,,,,
WAS,DEF,WAS,7,GB,,,,,,,,,,,,,,,,,,,,,,,0,0,0,0,24.0
Wayne Gallman,RB,ATL,7,MIA,0,0,0,0,0,2,0,1,0,0,0,0,0,0,0,0,0,0,0,0,0,0,,,,,
Younghoe Koo,K,ATL,7,MIA,0,0,0,0,0,0,0,0,0,0,0,0,0,0,0,0,0,3,0,0,0,3,,,,,
Zach Ertz,TE,ARI,7,HOU,0,0,0,0,0,4,0,1,3,66,1,5,0,0,0,0,0,0,0,0,0,0,,,,,
Zach Pascal,WR,IND,7,SF,0,0,0,0,0,0,0,0,3,14,0,6,0,0,0,0,0,0,0,0,0,0,,,,,
Zach Wilson,QB,NYJ,7,NE,51,0,10,6,0,0,0,0,0,0,0,0,0,0,0,0,0,0,0,0,0,0,,,,,
Zane Gonzalez,K,CAR,7,NYG,0,0,0,0,0,0,0,0,0,0,0,0,0,0,0,0,0,0,1,0,0,0,,,,,
Zay Jones,WR,LV,7,PHI,0,0,0,0,0,0,0,0,1,43,0,1,0,0,0,0,0,0,0,0,0,0,,,,,
A.J. Brown,WR,TEN,8,IND,0,0,1,0,0,0,0,0,10,155,1,11,0,0,0,0,0,0,0,0,0,0,,,,,
A.J. Green,WR,ARI,8,GB,0,0,0,0,0,0,0,0,5,50,0,8,0,0,0,0,0,0,0,0,0,0,,,,,
AJ Dillon,RB,GB,8,ARI,0,0,0,0,0,78,0,16,0,0,0,0,0,0,0,0,0,0,0,0,0,0,,,,,
ARI,DEF,ARI,8,GB,,,,,,,,,,,,,,,,,,,,,,,0,0,0,0,24.0
ATL,DEF,ATL,8,CAR,,,,,,,,,,,,,,,,,,,,,,,0,0,0,0,19.0
Aaron Jones,RB,GB,8,ARI,0,0,0,0,0,59,1,15,7,51,0,11,0,0,0,0,0,0,0,0,0,0,,,,,
Aaron Rodgers,QB,GB,8,ARI,184,2,37,22,0,3,0,2,0,0,0,0,0,0,0,0,0,0,0,0,0,0,,,,,
Adam Humphries,WR,WAS,8,DEN,0,0,0,0,0,0,0,0,2,35,0,3,0,0,0,0,0,0,0,0,0,0,,,,,
Adam Shaheen,TE,MIA,8,BUF,0,0,0,0,0,0,0,0,1,8,0,1,0,0,0,0,0,0,0,0,0,0,,,,,
Adam Thielen,WR,MIN,8,DAL,0,0,0,0,0,0,0,0,6,78,1,9,0,0,0,0,0,0,0,0,0,0,,,,,
Adam Trautman,TE,NO,8,TB,0,0,0,0,0,0,0,0,2,4,0,6,0,0,0,0,0,0,0,0,0,0,,,,,
Albert Okwuegbunam,TE,DEN,8,WAS,0,0,0,0,0,0,0,0,3,34,0,3,0,0,0,0,0,0,0,0,0,0,,,,,
Alex Armah,RB,NO,8,TB,0,0,0,0,0,0,0,0,1,1,1,1,0,0,0,0,0,0,0,0,0,0,,,,,
Alex Collins,RB,SEA,8,JAX,0,0,0,0,0,44,0,10,0,0,0,0,0,0,0,0,0,0,0,0,0,0,,,,,
Alex Erickson,WR,CAR,8,ATL,0,0,0,0,0,0,0,0,0,0,0,0,0,0,0,0,0,0,0,0,0,0,,,,,
Alexander Mattison,RB,MIN,8,DAL,0,0,0,0,0,5,0,2,2,-5,0,2,0,0,0,0,0,0,0,0,0,0,,,,,
Allen Robinson,WR,CHI,8,SF,0,0,0,0,0,0,0,0,3,21,0,4,0,0,0,0,0,0,0,0,0,0,,,,,
Alvin Kamara,RB,NO,8,TB,0,0,0,0,0,61,1,19,3,15,0,4,0,0,0,0,0,0,0,0,0,0,,,,,
Amari Cooper,WR,DAL,8,MIN,0,0,0,0,0,0,0,0,8,122,1,13,0,0,0,0,0,0,0,0,0,0,,,,,
Amari Rodgers,WR,GB,8,ARI,0,0,0,0,0,11,0,1,1,7,0,3,0,0,0,0,0,0,0,0,0,0,,,,,
Ameer Abdullah,RB,CAR,8,ATL,0,0,0,0,0,31,0,8,3,35,0,5,0,0,0,0,0,0,0,0,0,0,,,,,
Amon-Ra St. Brown,WR,DET,8,PHI,0,0,0,0,0,0,0,0,3,46,0,5,0,0,0,0,0,0,0,0,0,0,,,,,
Andre Roberts,WR,LAC,8,NE,0,0,0,0,0,0,0,0,0,0,0,0,0,0,0,0,0,0,0,0,0,0,,,,,
Anthony Firkser,TE,TEN,8,IND,0,0,0,0,0,0,0,0,1,8,0,2,0,0,0,0,0,0,0,0,0,0,,,,,
Anthony McFarland,RB,PIT,8,CLE,0,0,0,0,0,1,0,1,0,0,0,0,0,0,0,0,0,0,0,0,0,0,,,,,
Anthony Schwartz,WR,CLE,8,PIT,0,0,0,0,0,0,0,0,0,0,0,0,0,0,0,0,0,0,0,0,0,0,,,,,
Antoine Wesley,WR,ARI,8,GB,0,0,0,0,0,0,0,0,1,7,0,3,0,0,0,0,0,0,0,0,0,0,,,,,
Antonio Gibson,RB,WAS,8,DEN,0,0,0,0,0,34,0,8,3,20,0,3,0,0,0,0,0,0,0,0,0,0,,,,,
Ashton Dulin,WR,IND,8,TEN,0,0,0,0,0,0,0,0,0,0,0,4,0,0,0,0,0,0,0,0,0,0,,,,,
Austin Ekeler,RB,LAC,8,NE,0,0,0,0,0,64,1,11,6,60,0,10,0,0,0,0,0,0,0,0,0,0,,,,,
Austin Hooper,TE,CLE,8,PIT,0,0,0,0,0,0,0,0,4,26,0,6,0,0,0,0,0,0,0,0,0,0,,,,,
Austin Seibert,K,DET,8,PHI,0,0,0,0,0,0,0,0,0,0,0,0,0,0,0,0,0,0,0,0,0,0,,,,,
Avery Williams,RB,ATL,8,CAR,0,0,0,0,0,0,0,0,0,0,0,0,0,0,0,0,0,0,0,0,0,0,,,,,
BUF,DEF,BUF,8,MIA,,,,,,,,,,,,,,,,,,,,,,,0,0,0,0,11.0
Baker Mayfield,QB,CLE,8,PIT,225,0,31,20,0,5,0,1,0,0,0,0,0,0,0,0,0,0,0,0,0,0,,,,,
Ben Roethlisberger,QB,PIT,8,CLE,266,1,34,22,0,0,0,1,0,0,0,0,0,0,0,0,0,0,0,0,0,0,,,,,
Ben Skowronek,WR,LA,8,HOU,0,0,0,0,0,0,0,0,3,30,0,3,0,0,0,0,0,0,0,0,0,0,,,,,
Benny Snell,RB,PIT,8,CLE,0,0,0,0,0,0,0,0,1,7,0,1,0,0,0,0,0,0,0,0,0,0,,,,,
Blake Bell,TE,KC,8,NYG,0,0,0,0,0,0,0,0,0,0,0,2,0,0,0,0,0,0,0,0,0,0,,,,,
Blake Jarwin,TE,DAL,8,MIN,0,0,0,0,0,0,0,0,0,0,0,1,0,0,0,0,0,0,0,0,0,0,,,,,
Boston Scott,RB,PHI,8,DET,0,0,0,0,0,60,2,12,0,0,0,1,0,0,0,0,0,0,0,0,0,0,,,,,
Brandin Cooks,WR,HOU,8,LA,0,0,0,0,0,0,0,0,6,83,1,6,0,0,0,0,0,0,0,0,0,0,,,,,
Brandon Aiyuk,WR,SF,8,CHI,0,0,0,0,0,0,0,0,4,45,0,7,0,0,1,0,0,0,0,0,0,0,,,,,
Brandon Bolden,RB,NE,8,LAC,0,0,0,0,0,26,0,4,0,0,0,0,0,0,0,0,0,0,0,0,0,0,,,,,
Brandon McManus,K,DEN,8,WAS,0,0,0,0,0,0,0,0,0,0,0,0,0,0,0,0,0,0,1,0,0,2,,,,,
Braxton Berrios,WR,NYJ,8,CIN,0,0,0,0,0,0,0,0,2,13,1,2,0,0,0,0,0,0,0,0,0,0,,,,,
Brevin Jordan,TE,HOU,8,LA,0,0,0,0,0,0,0,0,3,41,1,4,0,0,0,0,0,0,0,0,0,0,,,,,
Brian Johnson,K,NO,8,TB,0,0,0,0,0,0,0,0,0,0,0,0,0,0,0,0,2,1,0,0,0,3,,,,,
Buddy Howell,RB,LA,8,HOU,0,0,0,0,0,11,0,5,0,0,0,0,0,0,0,0,0,0,0,0,0,0,,,,,
Byron Pringle,WR,KC,8,NYG,0,0,0,0,0,0,0,0,1,12,0,2,0,0,0,0,0,0,0,0,0,0,,,,,
C.J. Uzomah,TE,CIN,8,NYJ,0,0,0,0,0,0,0,0,4,33,0,4,0,0,0,0,0,0,0,0,0,0,,,,,
CAR,DEF,CAR,8,ATL,,,,,,,,,,,,,,,,,,,,,,,0,0,0,0,13.0
CHI,DEF,CHI,8,SF,,,,,,,,,,,,,,,,,,,,,,,0,0,0,0,33.0
CIN,DEF,CIN,8,NYJ,,,,,,,,,,,,,,,,,,,,,,,0,0,0,0,34.0
CLE,DEF,CLE,8,PIT,,,,,,,,,,,,,,,,,,,,,,,0,0,0,0,15.0
Cairo Santos,K,CHI,8,SF,0,0,0,0,0,0,0,0,0,0,0,0,0,0,0,0,1,1,1,0,0,1,,,,,
Cam Sims,WR,WAS,8,DEN,0,0,0,0,0,0,0,0,1,20,0,2,0,0,0,0,0,0,0,0,0,0,,,,,
Cameron Brate,TE,TB,8,NO,0,0,0,0,0,0,0,0,2,15,0,4,0,0,0,0,0,0,0,0,0,0,,,,,
Carlos Hyde,RB,JAX,8,SEA,0,0,0,0,0,32,0,9,6,40,0,8,0,0,0,0,0,0,0,0,0,0,,,,,
Carson Wentz,QB,IND,8,TEN,231,3,51,27,2,11,0,3,0,0,0,0,0,0,0,0,0,0,0,0,0,0,,,,,
Cedrick Wilson Jr.,WR,DAL,8,MIN,35,0,1,1,0,0,0,0,3,84,1,3,0,0,0,0,0,0,0,0,0,0,,,,,
CeeDee Lamb,WR,DAL,8,MIN,0,0,0,0,0,0,0,0,6,112,0,8,0,0,0,0,0,0,0,0,0,0,,,,,
Cethan Carter,TE,MIA,8,BUF,0,0,0,0,0,0,0,0,0,0,0,0,0,0,0,0,0,0,0,0,0,0,,,,,
Charlie Woerner,TE,SF,8,CHI,0,0,0,0,0,0,0,0,1,7,0,2,0,0,0,0,0,0,0,0,0,0,,,,,
Chase Claypool,WR,PIT,8,CLE,0,0,0,0,0,16,0,2,4,45,0,5,0,0,0,0,0,0,0,0,0,0,,,,,
Chase Edmonds,RB,ARI,8,GB,0,0,0,0,0,30,1,7,3,39,0,4,0,0,0,0,0,0,0,0,0,0,,,,,
Chase McLaughlin,K,CLE,8,PIT,0,0,0,0,0,0,0,0,0,0,0,0,0,0,0,0,0,1,0,0,0,1,,,,,
Chester Rogers,WR,TEN,8,IND,0,0,0,0,0,0,0,0,0,0,0,1,0,0,0,0,0,0,0,0,0,0,,,,,
Chris Blewitt,K,WAS,8,DEN,0,0,0,0,0,0,0,0,0,0,0,0,0,0,0,0,0,0,0,1,0,1,,,,,
Chris Boswell,K,PIT,8,CLE,0,0,1,0,0,0,0,0,0,0,0,0,0,0,0,0,0,1,0,0,0,0,,,,,
Chris Conley,WR,HOU,8,LA,0,0,0,0,0,0,0,0,1,24,0,2,0,0,0,0,0,0,0,0,0,0,,,,,
Chris Godwin Jr.,WR,TB,8,NO,0,0,0,0,0,0,0,0,8,140,1,12,0,0,0,0,0,0,0,0,0,0,,,,,
Chris Herndon,TE,MIN,8,DAL,0,0,0,0,0,0,0,0,1,7,0,1,0,0,0,0,0,0,0,0,0,0,,,,,
Chris Moore,WR,HOU,8,LA,0,0,0,0,0,0,0,0,2,16,0,2,0,0,0,0,0,0,0,0,0,0,,,,,
Christian Kirk,WR,ARI,8,GB,0,0,0,0,0,0,0,0,4,46,0,6,0,0,0,0,0,0,0,0,0,0,,,,,
Chuba Hubbard,RB,CAR,8,ATL,0,0,0,0,0,82,1,24,1,9,0,2,0,0,0,0,0,0,0,0,0,0,,,,,
Cole Beasley,WR,BUF,8,MIA,0,0,1,0,0,0,0,0,10,110,0,13,0,0,0,0,0,0,0,0,0,0,,,,,
Cole Kmet,TE,CHI,8,SF,0,0,0,0,0,0,0,0,3,24,0,6,0,0,0,0,0,0,0,0,0,0,,,,,
Collin Johnson,WR,NYG,8,KC,0,0,0,0,0,0,0,0,2,10,0,2,0,0,0,0,0,0,0,0,0,0,,,,,
Cooper Kupp,WR,LA,8,HOU,0,0,0,0,0,0,0,0,7,115,1,9,0,0,0,0,0,0,0,0,0,0,,,,,
Cooper Rush,QB,DAL,8,MIN,325,2,40,24,1,2,0,1,0,0,0,0,0,0,0,0,0,0,0,0,0,0,,,,,
Cordarrelle Patterson,RB,ATL,8,CAR,0,0,0,0,0,35,0,9,5,37,1,5,0,0,0,0,0,0,0,0,0,0,,,,,
Courtland Sutton,WR,DEN,8,WAS,0,0,0,0,0,0,0,0,2,40,0,4,0,0,0,0,0,0,0,0,0,0,,,,,
Cyril Grayson,WR,TB,8,NO,0,0,0,0,0,0,0,0,1,50,1,1,0,0,0,0,0,0,0,0,0,0,,,,,
D'Andre Swift,RB,DET,8,PHI,0,0,0,0,0,27,0,12,5,24,0,5,0,0,0,0,0,0,0,0,0,0,,,,,
D'Ernest Johnson,RB,CLE,8,PIT,0,0,0,0,0,22,1,4,1,7,0,3,0,0,0,0,0,0,0,0,0,0,,,,,
DAL,DEF,DAL,8,MIN,,,,,,,,,,,,,,,,,,,,,,,0,0,0,0,16.0
DEN,DEF,DEN,8,WAS,,,,,,,,,,,,,,,,,,,,,,,0,0,0,0,10.0
DET,DEF,DET,8,PHI,,,,,,,,,,,,,,,,,,,,,,,0,0,0,0,44.0
DJ Moore,WR,CAR,8,ATL,0,0,0,0,0,0,0,0,4,59,0,8,0,0,0,0,0,0,0,0,0,0,,,,,
DK Metcalf,WR,SEA,8,JAX,0,0,0,0,0,0,0,0,6,43,2,6,0,0,0,0,0,0,0,0,0,0,,,,,
Dallas Goedert,TE,PHI,8,DET,0,0,0,0,0,0,0,0,6,72,0,7,0,0,0,0,0,0,0,0,0,0,,,,,
Dalton Schultz,TE,DAL,8,MIN,0,0,0,0,0,0,0,0,2,11,0,7,0,0,0,0,0,0,0,0,0,0,,,,,
Dalvin Cook,RB,MIN,8,DAL,0,0,0,0,0,78,0,18,0,0,0,2,0,0,0,0,0,0,0,0,0,0,,,,,
Damien Harris,RB,NE,8,LAC,0,0,0,0,0,80,1,23,0,0,0,1,0,0,0,0,0,0,0,0,0,0,,,,,
Damien Williams,RB,CHI,8,SF,0,0,0,0,0,-3,0,2,0,0,0,0,0,0,0,0,0,0,0,0,0,0,,,,,
Dan Arnold,TE,JAX,8,SEA,0,0,0,0,0,0,0,0,8,68,0,10,0,0,0,0,0,0,0,0,0,0,,,,,
Daniel Jones,QB,NYG,8,KC,222,2,32,22,1,12,0,5,0,0,0,0,0,0,0,0,0,0,0,0,0,0,,,,,
Danny Amendola,WR,HOU,8,LA,0,0,0,0,0,0,0,0,2,3,0,5,0,0,0,0,0,0,0,0,0,0,,,,,
Dante Pettis,WR,NYG,8,KC,0,0,0,0,0,0,0,0,0,0,0,0,0,0,0,0,0,0,0,0,0,0,,,,,
Dare Ogunbowale,RB,JAX,8,SEA,0,0,0,0,0,9,0,2,1,9,0,1,0,0,0,0,0,0,0,0,0,0,,,,,
Darius Slayton,WR,NYG,8,KC,0,0,0,0,0,0,0,0,0,0,0,2,0,0,0,0,0,0,0,0,0,0,,,,,
Darnell Mooney,WR,CHI,8,SF,0,0,0,0,0,0,0,0,6,64,0,9,0,0,0,0,0,0,0,0,0,0,,,,,
Darrel Williams,RB,KC,8,NYG,0,0,0,0,0,49,0,13,6,61,0,6,0,0,0,0,0,0,0,0,0,0,,,,,
Darrell Daniels,TE,ARI,8,GB,0,0,0,0,0,0,0,0,0,0,0,0,0,0,0,0,0,0,0,0,0,0,,,,,
Darrell Henderson,RB,LA,8,HOU,0,0,0,0,0,90,1,14,1,3,1,2,0,0,0,0,0,0,0,0,0,0,,,,,
David Blough,QB,DET,8,PHI,0,0,0,0,0,6,0,1,0,0,0,0,0,0,0,0,0,0,0,0,0,0,,,,,
David Johnson,RB,HOU,8,LA,0,0,0,0,0,4,0,2,1,-1,0,1,0,0,0,0,0,0,0,0,0,0,,,,,
David Njoku,TE,CLE,8,PIT,0,0,0,0,0,0,0,0,3,39,0,3,0,0,0,0,0,0,0,0,0,0,,,,,
Davis Mills,QB,HOU,8,LA,310,2,38,29,1,0,0,0,0,0,0,0,0,0,1,0,0,0,0,0,0,0,,,,,
Dax Milne,WR,WAS,8,DEN,0,0,0,0,0,0,0,0,1,22,0,2,0,0,0,0,0,0,0,0,0,0,,,,,
DeAndre Carter,WR,WAS,8,DEN,0,0,0,0,0,0,0,0,3,51,1,6,0,0,0,0,0,0,0,0,0,0,,,,,
DeAndre Hopkins,WR,ARI,8,GB,0,0,0,0,0,0,0,0,2,66,0,2,0,0,0,0,0,0,0,0,0,0,,,,,
DeVante Parker,WR,MIA,8,BUF,0,0,0,0,0,0,0,0,8,85,0,11,0,0,0,0,0,0,0,0,0,0,,,,,
DeVonta Smith,WR,PHI,8,DET,0,0,0,0,0,0,0,0,1,15,0,3,0,0,0,0,0,0,0,0,0,0,,,,,
DeeJay Dallas,RB,SEA,8,JAX,0,0,0,0,0,6,0,1,0,0,0,0,0,0,0,0,0,0,0,0,0,0,,,,,
Deebo Samuel Sr.,WR,SF,8,CHI,0,0,0,0,0,0,0,0,6,171,0,9,0,0,0,0,0,0,0,0,0,0,,,,,
Demarcus Robinson,WR,KC,8,NYG,0,0,0,0,0,0,0,0,1,18,0,1,0,0,0,0,0,0,0,0,0,0,,,,,
Demetric Felton,RB,CLE,8,PIT,0,0,0,0,0,3,0,1,1,14,0,1,0,0,0,0,0,0,0,0,0,0,,,,,
Demetrius Harris,TE,ARI,8,GB,0,0,0,0,0,0,0,0,0,0,0,0,0,0,0,0,0,0,0,0,0,0,,,,,
Denzel Mims,WR,NYJ,8,CIN,0,0,0,0,0,0,0,0,2,30,0,3,0,0,0,0,0,0,0,0,0,0,,,,,
Deonte Harty,WR,NO,8,TB,0,0,0,0,0,22,0,1,3,35,0,7,0,0,0,0,0,0,0,0,0,0,,,,,
Derrick Gore,RB,KC,8,NYG,0,0,0,0,0,48,1,11,0,0,0,0,0,0,0,0,0,0,0,0,0,0,,,,,
Derrick Henry,RB,TEN,8,IND,0,0,0,0,0,68,0,28,0,0,0,0,0,0,0,0,0,0,0,0,0,0,,,,,
Devin Singletary,RB,BUF,8,MIA,0,0,0,0,0,28,0,7,1,1,0,1,0,0,0,0,0,0,0,0,0,0,,,,,
Devontae Booker,RB,NYG,8,KC,0,0,0,0,0,60,0,15,5,65,0,6,0,0,0,0,0,0,0,0,0,0,,,,,
Diontae Johnson,WR,PIT,8,CLE,0,0,0,0,0,0,0,0,6,98,0,13,0,0,0,0,0,0,0,0,0,0,,,,,
Donald Parham,TE,LAC,8,NE,0,0,0,0,0,0,0,0,0,0,0,0,0,0,0,0,0,0,0,0,0,0,,,,,
Dontrell Hilliard,RB,TEN,8,IND,0,0,0,0,0,0,0,0,0,0,0,0,0,0,0,0,0,0,0,0,0,0,,,,,
Dustin Hopkins,K,LAC,8,NE,0,0,0,0,0,0,0,0,0,0,0,0,0,0,0,0,0,0,1,0,0,3,,,,,
Elijah Mitchell,RB,SF,8,CHI,0,0,0,0,0,137,1,18,0,0,0,0,0,0,0,0,0,0,0,0,0,0,,,,,
Elijah Moore,WR,NYJ,8,CIN,0,0,0,0,0,4,0,1,6,67,0,6,0,0,0,0,0,0,0,0,0,0,,,,,
Emmanuel Sanders,WR,BUF,8,MIA,0,0,0,0,0,0,0,0,0,0,0,4,0,0,0,0,0,0,0,0,0,0,,,,,
Equanimeous St. Brown,WR,GB,8,ARI,0,0,0,0,0,0,0,0,2,12,0,3,0,0,0,0,0,0,0,0,0,0,,,,,
Evan Engram,TE,NYG,8,KC,0,0,0,0,0,0,0,0,3,15,1,4,0,0,0,0,0,0,0,0,0,0,,,,,
Evan McPherson,K,CIN,8,NYJ,0,0,0,0,0,0,0,0,0,0,0,0,0,0,0,0,1,0,0,0,0,4,,,,,
Ezekiel Elliott,RB,DAL,8,MIN,0,0,0,0,0,50,0,16,4,23,0,6,0,0,0,0,0,0,0,0,0,0,,,,,
Freddie Swain,WR,SEA,8,JAX,0,0,0,0,0,0,0,0,0,0,0,0,0,0,0,0,0,0,0,0,0,0,,,,,
GB,DEF,GB,8,ARI,,,,,,,,,,,,,,,,,,,,,,,0,0,0,0,21.0
Gabe Davis,WR,BUF,8,MIA,0,0,0,0,0,0,0,0,4,29,1,5,0,0,0,0,0,0,0,0,0,0,,,,,
Gardner Minshew,QB,PHI,8,DET,11,0,2,2,0,0,0,0,0,0,0,0,0,0,0,0,0,0,0,0,0,0,,,,,
Garrett Griffin,TE,NO,8,TB,0,0,0,0,0,0,0,0,3,30,0,3,0,0,0,0,0,0,0,0,0,0,,,,,
Geno Smith,QB,SEA,8,JAX,195,2,24,20,0,8,1,2,0,0,0,0,0,0,0,0,0,0,0,0,0,0,,,,,
Geoff Swaim,TE,TEN,8,IND,0,0,0,0,0,0,0,0,4,23,1,5,0,0,0,0,0,0,0,0,0,0,,,,,
Gerald Everett,TE,SEA,8,JAX,0,0,0,0,0,-5,0,1,1,7,0,2,0,0,0,0,0,0,0,0,0,0,,,,,
Giovani Bernard,RB,TB,8,NO,0,0,0,0,0,30,0,2,1,7,1,1,0,0,0,0,0,0,0,0,0,0,,,,,
Giovanni Ricci,TE,CAR,8,ATL,0,0,0,0,0,0,0,0,0,0,0,0,0,0,0,0,0,0,0,0,0,0,,,,,
Godwin Igwebuike,RB,DET,8,PHI,0,0,0,0,0,18,0,3,3,40,0,3,0,0,0,0,0,0,0,0,0,0,,,,,
Graham Gano,K,NYG,8,KC,0,0,0,0,0,0,0,0,0,0,0,0,0,0,0,0,1,0,0,0,0,2,,,,,
Greg Joseph,K,MIN,8,DAL,0,0,0,0,0,0,0,0,0,0,0,0,0,0,0,0,1,0,2,0,0,1,,,,,
Greg Ward,WR,PHI,8,DET,0,0,0,0,0,0,0,0,0,0,0,0,0,0,0,0,0,0,0,0,0,0,,,,,
Greg Zuerlein,K,DAL,8,MIN,0,0,0,0,0,0,0,0,0,0,0,0,0,0,0,0,0,2,0,0,0,2,,,,,
Gunner Olszewski,WR,NE,8,LAC,0,0,0,0,0,0,0,0,0,0,0,0,0,0,0,0,0,0,0,0,0,0,,,,,
HOU,DEF,HOU,8,LA,,,,,,,,,,,,,,,,,,,,,,,0,0,0,0,38.0
Harrison Bryant,TE,CLE,8,PIT,0,0,0,0,0,0,0,0,2,33,0,2,0,0,0,0,0,0,0,0,0,0,,,,,
Harrison Butker,K,KC,8,NYG,0,0,0,0,0,0,0,0,0,0,0,0,0,0,0,0,0,2,0,0,0,2,,,,,
Hayden Hurst,TE,ATL,8,CAR,0,0,0,0,0,0,0,0,2,4,0,3,0,0,0,0,0,0,0,0,0,0,,,,,
Hunter Henry,TE,NE,8,LAC,0,0,0,0,0,0,0,0,1,33,0,3,0,0,0,0,0,0,0,0,0,0,,,,,
IND,DEF,IND,8,TEN,,,,,,,,,,,,,,,,,,,,,,,0,0,0,0,34.0
Ian Thomas,TE,CAR,8,ATL,0,0,0,0,0,0,0,0,1,10,0,1,0,0,0,0,0,0,0,0,0,0,,,,,
Ihmir Smith-Marsette,WR,MIN,8,DAL,0,0,0,0,0,0,0,0,1,6,0,1,0,0,0,0,0,0,0,0,0,0,,,,,
Isaiah Ford,WR,MIA,8,BUF,0,0,0,0,0,0,0,0,0,0,0,1,0,0,0,0,0,0,0,0,0,0,,,,,
Isaiah McKenzie,WR,BUF,8,MIA,0,0,0,0,0,0,0,0,0,0,0,0,0,0,0,0,0,0,0,0,0,0,,,,,
J.D. McKissic,RB,WAS,8,DEN,0,0,0,0,0,10,0,3,8,83,0,8,0,0,0,0,0,0,0,0,0,0,,,,,
J.P. Holtz,TE,CHI,8,SF,0,0,0,0,0,0,0,0,0,0,0,0,0,0,0,0,0,0,0,0,0,0,,,,,
JAX,DEF,JAX,8,SEA,,,,,,,,,,,,,,,,,,,,,,,0,0,0,0,31.0
Ja'Marr Chase,WR,CIN,8,NYJ,0,0,0,0,0,9,0,1,3,32,1,9,0,0,0,0,0,0,0,0,0,0,,,,,
JaMycal Hasty,RB,SF,8,CHI,0,0,0,0,0,4,0,3,2,29,0,2,0,0,0,0,0,0,0,0,0,0,,,,,
Jack Doyle,TE,IND,8,TEN,0,0,0,0,0,0,0,0,2,12,1,2,0,0,0,0,0,0,0,0,0,0,,,,,
Jack Stoll,TE,PHI,8,DET,0,0,0,0,0,0,0,0,1,9,0,1,0,0,0,0,0,0,0,0,0,0,,,,,
Jacob Harris,WR,LA,8,HOU,0,0,0,0,0,0,0,0,0,0,0,0,0,0,0,0,0,0,0,0,0,0,,,,,
Jaelon Darden,WR,TB,8,NO,0,0,0,0,0,0,0,0,3,11,0,3,0,0,0,0,0,0,0,0,0,0,,,,,
Jake Elliott,K,PHI,8,DET,0,0,0,0,0,0,0,0,0,0,0,0,0,0,0,0,1,0,2,0,0,5,,,,,
Jakeem Grant,WR,CHI,8,SF,0,0,0,0,0,0,0,0,0,0,0,0,0,0,0,0,0,0,0,0,0,0,,,,,
Jakob Johnson,RB,NE,8,LAC,0,0,0,0,0,0,0,0,1,2,0,2,0,0,0,0,0,0,0,0,0,0,,,,,
Jakobi Meyers,WR,NE,8,LAC,0,0,0,0,0,0,0,0,4,36,0,9,0,0,1,0,0,0,0,0,0,0,,,,,
Jalen Guyton,WR,LAC,8,NE,0,0,0,0,0,0,0,0,1,18,0,2,0,0,0,0,0,0,0,0,0,0,,,,,
Jalen Hurts,QB,PHI,8,DET,103,0,14,9,0,71,0,7,0,0,0,0,0,0,0,0,0,0,0,0,0,0,,,,,
Jalen Reagor,WR,PHI,8,DET,0,0,0,0,0,21,0,2,1,0,0,2,0,0,0,0,0,0,0,0,0,0,,,,,
Jamal Agnew,WR,JAX,8,SEA,0,0,0,0,0,0,0,0,6,38,1,12,0,0,0,0,0,0,0,0,0,0,,,,,
Jameis Winston,QB,NO,8,TB,56,1,10,6,0,40,0,4,0,0,0,0,0,0,0,0,0,0,0,0,0,0,,,,,
James Conner,RB,ARI,8,GB,0,0,0,0,0,22,2,5,0,0,0,0,0,0,0,0,0,0,0,0,0,0,,,,,
James Robinson,RB,JAX,8,SEA,0,0,0,0,0,22,0,4,1,17,0,2,0,0,0,0,0,0,0,0,0,0,,,,,
James Washington,WR,PIT,8,CLE,0,0,0,0,0,0,0,0,1,4,0,1,0,0,0,0,0,0,0,0,0,0,,,,,
Jamison Crowder,WR,NYJ,8,CIN,0,0,0,0,0,0,0,0,8,84,0,9,0,0,1,0,0,0,0,0,0,0,,,,,
Jared Cook,TE,LAC,8,NE,0,0,0,0,0,0,0,0,2,25,0,5,0,0,0,0,0,0,0,0,0,0,,,,,
Jared Goff,QB,DET,8,PHI,222,0,34,25,0,0,0,0,0,0,0,0,0,0,0,0,0,0,0,0,0,0,,,,,
Jaret Patterson,RB,WAS,8,DEN,0,0,0,0,0,46,0,11,0,0,0,1,0,0,0,0,0,0,0,0,0,0,,,,,
Jarvis Landry,WR,CLE,8,PIT,0,0,0,0,0,5,0,1,5,65,0,10,0,0,0,0,0,0,0,0,0,0,,,,,
Jason Myers,K,SEA,8,JAX,0,0,0,0,0,0,0,0,0,0,0,0,0,0,0,0,0,1,0,0,0,4,,,,,
Jason Sanders,K,MIA,8,BUF,0,0,0,0,0,0,0,0,0,0,0,0,0,0,0,0,0,0,0,1,0,0,,,,,
Jauan Jennings,WR,SF,8,CHI,0,0,0,0,0,0,0,0,0,0,0,1,0,0,0,0,0,0,0,0,0,0,,,,,
Javonte Williams,RB,DEN,8,WAS,0,0,0,0,0,35,0,9,2,13,0,4,0,0,0,0,0,0,0,0,0,0,,,,,
Jaylen Waddle,WR,MIA,8,BUF,0,0,0,0,0,0,0,0,4,29,0,11,0,0,0,0,0,0,0,0,0,0,,,,,
Jeff Smith,WR,NYJ,8,CIN,0,0,0,0,0,-1,0,1,1,10,0,1,0,0,0,0,0,0,0,0,0,0,,,,,
Jeremy McNichols,RB,TEN,8,IND,0,0,0,0,0,0,0,0,3,33,0,3,0,0,0,0,0,0,0,0,0,0,,,,,
Jermar Jefferson,RB,DET,8,PHI,0,0,0,0,0,6,1,2,4,23,0,4,0,0,0,0,0,0,0,0,0,0,,,,,
Jerry Jeudy,WR,DEN,8,WAS,0,0,0,0,0,0,0,1,4,39,0,4,0,0,0,0,0,0,0,0,0,0,,,,,
Jesse James,TE,CHI,8,SF,0,0,0,0,0,0,0,0,3,38,1,3,0,0,0,0,0,0,0,0,0,0,,,,,
Jimmy Garoppolo,QB,SF,8,CHI,322,0,28,17,0,4,2,5,0,0,0,0,0,0,1,0,0,0,0,0,0,0,,,,,
Joe Burrow,QB,CIN,8,NYJ,259,3,34,21,1,-1,0,1,0,0,0,0,0,0,0,0,0,0,0,0,0,0,,,,,
Joe Mixon,RB,CIN,8,NYJ,0,0,0,0,0,33,1,14,4,58,1,5,0,0,0,0,0,0,0,0,0,0,,,,,
Joey Slye,K,SF,8,CHI,0,0,0,0,0,0,0,0,0,0,0,0,0,0,0,0,1,1,1,1,0,1,,,,,
John Bates,TE,WAS,8,DEN,0,0,0,0,0,0,0,0,1,4,0,1,0,0,0,0,0,0,0,0,0,0,,,,,
John Ross,WR,NYG,8,KC,0,0,0,0,0,0,0,0,2,72,0,3,0,0,0,0,0,0,0,0,0,0,,,,,
John Wolford,QB,LA,8,HOU,5,0,2,1,0,0,0,0,0,0,0,0,0,0,0,0,0,0,0,0,0,0,,,,,
Jonathan Taylor,RB,IND,8,TEN,0,0,0,0,0,70,1,16,3,52,0,4,0,0,0,0,0,0,0,0,0,0,,,,,
Jonathan Ward,RB,ARI,8,GB,0,0,0,0,0,0,0,0,0,0,0,0,0,0,0,0,0,0,0,0,0,0,,,,,
Jonnu Smith,TE,NE,8,LAC,0,0,0,0,0,0,0,0,2,13,0,2,0,0,0,0,0,0,0,0,0,0,,,,,
Jordan Akins,TE,HOU,8,LA,0,0,0,0,0,0,0,0,5,53,0,5,0,0,0,0,0,0,0,0,0,0,,,,,
Jordan Howard,RB,PHI,8,DET,0,0,0,0,0,57,2,12,0,0,0,0,0,0,0,0,0,0,0,0,0,0,,,,,
Josh Allen,QB,BUF,8,MIA,249,2,42,29,0,55,1,8,0,0,0,0,0,0,0,0,0,0,0,0,0,0,,,,,
Josh Gordon,WR,KC,8,NYG,0,0,0,0,0,0,0,0,0,0,0,1,0,0,0,0,0,0,0,0,0,0,,,,,
Josh Johnson,QB,NYJ,8,CIN,17,0,4,2,0,0,0,0,0,0,0,0,0,0,0,0,0,0,0,0,0,0,,,,,
Josh Palmer,WR,LAC,8,NE,0,0,0,0,0,0,0,0,1,24,1,1,0,0,0,0,0,0,0,0,0,0,,,,,
Josiah Deguara,TE,GB,8,ARI,0,0,0,0,0,0,0,0,2,20,0,2,0,0,0,0,0,0,0,0,0,0,,,,,
Justin Fields,QB,CHI,8,SF,175,1,27,19,1,103,1,10,0,0,0,0,0,0,0,0,0,0,0,0,0,0,,,,,
Justin Herbert,QB,LAC,8,NE,223,2,35,18,2,9,0,2,0,0,0,0,0,0,0,0,0,0,0,0,0,0,,,,,
Justin Jackson,RB,LAC,8,NE,0,0,0,0,0,79,0,3,0,0,0,0,0,0,0,0,0,0,0,0,0,0,,,,,
Justin Jefferson,WR,MIN,8,DAL,0,0,1,0,0,0,0,0,2,21,0,4,0,0,0,0,0,0,0,0,0,0,,,,,
Juwan Johnson,TE,NO,8,TB,0,0,0,0,0,0,0,0,0,0,0,1,0,0,0,0,0,0,0,0,0,0,,,,,
Juwann Winfree,WR,GB,8,ARI,0,0,0,0,0,0,0,0,4,30,0,6,0,0,0,0,0,0,0,0,0,0,,,,,
K.J. Osborn,WR,MIN,8,DAL,0,0,0,0,0,0,0,0,2,10,0,3,0,0,0,0,0,0,0,0,0,0,,,,,
KC,DEF,KC,8,NYG,,,,,,,,,,,,,,,,,,,,,,,0,0,0,0,17.0
Ka'imi Fairbairn,K,HOU,8,LA,0,0,0,0,0,0,0,0,0,0,0,0,0,0,0,0,0,0,0,0,0,2,,,,,
Kadarius Toney,WR,NYG,8,KC,19,0,1,1,0,0,0,0,4,26,0,5,0,0,0,0,0,0,0,0,0,0,,,,,
Kalen Ballage,RB,PIT,8,CLE,0,0,0,0,0,-3,0,1,0,0,0,0,0,0,0,0,0,0,0,0,0,0,,,,,
Kalif Raymond,WR,DET,8,PHI,0,0,0,0,0,0,0,0,0,0,0,1,0,0,0,0,0,0,0,0,0,0,,,,,
Keelan Cole,WR,NYJ,8,CIN,0,0,0,0,0,0,0,0,3,25,0,5,0,0,0,0,0,0,0,0,0,0,,,,,
Keenan Allen,WR,LAC,8,NE,0,0,0,0,0,0,0,0,6,77,1,11,0,0,0,0,0,0,0,0,0,0,,,,,
Keith Kirkwood,WR,CAR,8,ATL,0,0,0,0,0,0,0,0,0,0,0,1,0,0,0,0,0,0,0,0,0,0,,,,,
Kendall Hinton,WR,DEN,8,WAS,0,0,0,0,0,0,0,0,0,0,0,0,0,0,0,0,0,0,0,0,0,0,,,,,
Kendrick Bourne,WR,NE,8,LAC,0,0,0,0,0,0,0,0,4,38,0,7,0,0,0,0,0,0,0,0,0,0,,,,,
Kenny Gainwell,RB,PHI,8,DET,0,0,0,0,0,27,0,13,0,0,0,0,0,0,0,0,0,0,0,0,0,0,,,,,
Kevin White,WR,NO,8,TB,0,0,0,0,0,0,0,0,1,38,0,1,0,0,0,0,0,0,0,0,0,0,,,,,
KhaDarel Hodge,WR,DET,8,PHI,0,0,0,0,0,0,0,0,0,0,0,2,0,0,0,0,0,0,0,0,0,0,,,,,
Khalil Herbert,RB,CHI,8,SF,0,0,0,0,0,72,0,23,2,-4,0,2,0,0,0,0,0,0,0,0,0,0,,,,,
Kirk Cousins,QB,MIN,8,DAL,184,1,35,23,0,18,0,3,0,0,0,0,0,0,0,0,0,0,0,0,0,0,,,,,
Kyle Juszczyk,RB,SF,8,CHI,0,0,0,0,0,0,0,0,1,11,0,2,0,0,0,0,0,0,0,0,0,0,,,,,
Kyle Pitts,TE,ATL,8,CAR,0,0,0,0,0,0,0,0,2,13,0,6,0,0,0,0,0,0,0,0,0,0,,,,,
Kyle Rudolph,TE,NYG,8,KC,0,0,0,0,0,0,0,0,2,12,1,3,0,0,0,0,0,0,0,0,0,0,,,,,
Kylen Granson,TE,IND,8,TEN,0,0,0,0,0,0,0,0,1,0,0,1,0,0,0,0,0,0,0,0,0,0,,,,,
Kyler Murray,QB,ARI,8,GB,274,0,33,22,2,21,0,6,0,0,0,0,0,0,0,0,0,0,0,0,0,0,,,,,
Kylin Hill,RB,GB,8,ARI,0,0,0,0,0,0,0,0,0,0,0,0,0,0,0,0,0,0,0,0,0,0,,,,,
LA,DEF,LA,8,HOU,,,,,,,,,,,,,,,,,,,,,,,0,0,0,0,22.0
LAC,DEF,LAC,8,NE,,,,,,,,,,,,,,,,,,,,,,,0,0,0,0,27.0
La'Mical Perine,RB,NYJ,8,CIN,0,0,0,0,0,3,0,1,0,0,0,0,0,0,0,0,0,0,0,0,0,0,,,,,
Larry Rountree III,RB,LAC,8,NE,0,0,0,0,0,11,0,4,0,0,0,0,0,0,0,0,0,0,0,0,0,0,,,,,
Laviska Shenault Jr.,WR,JAX,8,SEA,0,0,0,0,0,8,0,1,2,13,0,4,0,0,0,0,0,0,0,0,0,0,,,,,
Lee Smith,TE,ATL,8,CAR,0,0,0,0,0,0,0,0,0,0,0,0,0,0,0,0,0,0,0,0,0,0,,,,,
Leonard Fournette,RB,TB,8,NO,0,0,1,0,0,26,0,8,3,17,0,5,0,0,0,0,0,0,0,0,0,0,,,,,
Logan Woodside,QB,TEN,8,IND,0,0,0,0,0,-1,0,1,0,0,0,0,0,0,0,0,0,0,0,0,0,0,,,,,
Luke Farrell,TE,JAX,8,SEA,0,0,0,0,0,0,0,0,1,3,0,2,0,0,0,0,0,0,0,0,0,0,,,,,
Luke Stocker,TE,MIN,8,DAL,0,0,0,0,0,0,0,0,1,7,0,1,0,0,0,0,0,0,0,0,0,0,,,,,
MIA,DEF,MIA,8,BUF,,,,,,,,,,,,,,,,,,,,,,,0,0,0,0,26.0
MIN,DEF,MIN,8,DAL,,,,,,,,,,,,,,,,,,,,,,,0,0,0,0,20.0
Mac Jones,QB,NE,8,LAC,217,0,35,18,0,10,0,4,0,0,0,0,0,0,1,0,0,0,0,0,0,0,,,,,
Mack Hollins,WR,MIA,8,BUF,0,0,0,0,0,0,0,0,0,0,0,1,0,0,0,0,0,0,0,0,0,0,,,,,
Malik Taylor,WR,GB,8,ARI,0,0,0,0,0,0,0,0,0,0,0,0,0,0,0,0,0,0,0,0,0,0,,,,,
Marcedes Lewis,TE,GB,8,ARI,0,0,0,0,0,0,0,0,0,0,0,1,0,0,0,0,0,0,0,0,0,0,,,,,
Marcus Johnson,WR,TEN,8,IND,0,0,0,0,0,0,0,0,1,8,0,5,0,0,0,0,0,0,0,0,0,0,,,,,
Marcus Kemp,WR,KC,8,NYG,0,0,0,0,0,0,0,0,0,0,0,0,0,0,0,0,0,0,0,0,0,0,,,,,
Mark Ingram,RB,NO,8,TB,0,0,0,0,0,27,0,6,2,25,0,2,0,0,0,0,0,0,0,0,0,0,,,,,
Marquez Callaway,WR,NO,8,TB,0,0,0,0,0,0,0,0,3,30,0,5,0,0,0,0,0,0,0,0,0,0,,,,,
Marquise Goodwin,WR,CHI,8,SF,0,0,0,0,0,0,0,0,2,32,0,3,0,0,0,0,0,0,0,0,0,0,,,,,
Marvin Jones,WR,JAX,8,SEA,0,0,0,0,0,0,0,0,5,35,0,8,0,0,0,0,0,0,0,0,0,0,,,,,
Mason Crosby,K,GB,8,ARI,0,0,0,0,0,0,0,0,0,0,0,0,0,0,0,0,1,0,0,0,0,3,,,,,
Matt Ammendola,K,NYJ,8,CIN,0,0,0,0,0,0,0,0,0,0,0,0,0,0,0,0,2,0,0,0,0,2,,,,,
Matt Gay,K,LA,8,HOU,0,0,0,0,0,0,0,0,0,0,0,0,0,0,0,0,1,0,0,0,0,5,,,,,
Matt Prater,K,ARI,8,GB,0,0,0,0,0,0,0,0,0,0,0,0,0,0,0,0,0,0,0,0,0,3,,,,,
Matt Ryan,QB,ATL,8,CAR,146,1,27,20,2,3,0,2,0,0,0,0,0,0,0,0,0,0,0,0,0,0,,,,,
Matthew Slater,WR,NE,8,LAC,0,0,0,0,0,0,0,0,0,0,0,0,0,0,0,0,0,0,0,0,0,0,,,,,
Matthew Stafford,QB,LA,8,HOU,305,3,32,21,0,0,0,0,0,0,0,0,0,0,0,0,0,0,0,0,0,0,,,,,
Matthew Wright,K,JAX,8,SEA,0,0,0,0,0,0,0,0,0,0,0,0,0,0,0,0,0,0,0,0,0,1,,,,,
Mecole Hardman,WR,KC,8,NYG,0,0,0,0,0,0,0,0,5,63,0,7,0,0,0,0,0,0,0,0,0,0,,,,,
Melvin Gordon,RB,DEN,8,WAS,0,0,0,0,0,47,1,10,3,15,1,3,0,0,0,0,0,0,0,0,0,0,,,,,
Michael Carter,RB,NYJ,8,CIN,0,0,0,0,0,77,1,15,9,95,0,14,0,0,0,0,0,0,0,0,0,0,,,,,
Michael Pittman,WR,IND,8,TEN,0,0,0,0,0,0,0,0,10,86,2,15,0,0,0,0,0,0,0,0,0,0,,,,,
Mike Badgley,K,IND,8,TEN,0,0,0,0,0,0,0,0,0,0,0,0,0,0,0,0,0,1,0,0,0,4,,,,,
Mike Davis,RB,ATL,8,CAR,0,0,0,0,0,44,0,9,5,22,0,6,0,0,0,0,0,0,0,0,0,0,,,,,
Mike Evans,WR,TB,8,NO,0,0,0,0,0,0,0,0,2,48,1,4,0,0,0,0,0,0,0,0,0,0,,,,,
Mike Gesicki,TE,MIA,8,BUF,0,0,0,0,0,0,0,0,3,48,0,4,0,0,1,0,0,0,0,0,0,0,,,,,
Mike White,QB,NYJ,8,CIN,405,3,45,37,2,-1,0,5,0,0,0,0,0,0,1,0,0,0,0,0,0,0,,,,,
Mike Williams,WR,LAC,8,NE,0,0,0,0,0,0,0,0,2,19,0,5,0,0,0,0,0,0,0,0,0,0,,,,,
Mo Alie-Cox,TE,IND,8,TEN,0,0,0,0,0,0,0,0,0,0,0,4,0,0,0,0,0,0,0,0,0,0,,,,,
Mohamed Sanu,WR,SF,8,CHI,0,0,0,0,0,0,0,0,3,59,0,4,0,0,0,0,0,0,0,0,0,0,,,,,
MyCole Pruitt,TE,TEN,8,IND,0,0,0,0,0,0,0,0,2,22,0,2,0,0,0,0,0,0,0,0,0,0,,,,,
Myles Gaskin,RB,MIA,8,BUF,0,0,0,0,0,36,0,12,3,19,0,4,0,0,0,0,0,0,0,0,0,0,,,,,
N'Keal Harry,TE,NE,8,LAC,0,0,0,0,0,0,0,0,2,30,0,2,0,0,0,0,0,0,0,0,0,0,,,,,
NE,DEF,NE,8,LAC,,,,,,,,,,,,,,,,,,,,,,,1,0,0,0,24.0
NO,DEF,NO,8,TB,,,,,,,,,,,,,,,,,,,,,,,1,0,0,0,27.0
NYG,DEF,NYG,8,KC,,,,,,,,,,,,,,,,,,,,,,,0,0,0,0,20.0
NYJ,DEF,NYJ,8,CIN,,,,,,,,,,,,,,,,,,,,,,,0,0,0,0,31.0
Najee Harris,RB,PIT,8,CLE,0,0,0,0,0,91,1,26,3,29,0,3,0,0,0,0,0,0,0,0,0,0,,,,,
Nelson Agholor,WR,NE,8,LAC,0,0,0,0,0,0,0,0,3,60,0,6,0,0,0,0,0,0,0,0,0,0,,,,,
Nick Chubb,RB,CLE,8,PIT,0,0,0,0,0,61,0,16,1,8,0,1,0,0,0,0,0,0,0,0,0,0,,,,,
Nick Folk,K,NE,8,LAC,0,0,0,0,0,0,0,0,0,0,0,0,0,0,0,0,1,1,2,0,0,1,,,,,
Nick Westbrook-Ikhine,WR,TEN,8,IND,0,0,0,0,0,0,0,0,2,16,1,3,0,0,0,0,0,0,0,0,0,0,,,,,
Nico Collins,WR,HOU,8,LA,0,0,0,0,0,0,0,0,4,55,0,4,0,0,0,0,0,0,0,0,0,0,,,,,
Noah Brown,WR,DAL,8,MIN,0,0,0,0,0,0,0,0,1,7,0,2,0,0,0,0,0,0,0,0,0,0,,,,,
Noah Fant,TE,DEN,8,WAS,0,0,0,0,0,0,0,0,2,8,0,4,0,0,0,0,0,0,0,0,0,0,,,,,
Nyheim Hines,RB,IND,8,TEN,0,0,0,0,0,2,0,1,4,22,0,5,0,0,0,0,0,0,0,0,0,0,,,,,
O.J. Howard,TE,TB,8,NO,0,0,0,0,0,0,0,0,2,16,0,3,0,0,0,0,0,0,0,0,0,0,,,,,
Odell Beckham Jr.,WR,CLE,8,PIT,0,0,0,0,0,0,0,0,1,6,0,1,0,0,0,0,0,0,0,0,0,0,,,,,
Olamide Zaccheaus,WR,ATL,8,CAR,0,0,0,0,0,0,0,0,1,12,0,1,0,0,0,0,0,0,0,0,0,0,,,,,
PHI,DEF,PHI,8,DET,,,,,,,,,,,,,,,,,,,,,,,0,0,0,0,6.0
PIT,DEF,PIT,8,CLE,,,,,,,,,,,,,,,,,,,,,,,0,0,0,0,10.0
PJ Walker,QB,CAR,8,ATL,0,0,1,0,0,-1,0,1,0,0,0,0,0,0,0,0,0,0,0,0,0,0,,,,,
Pat Freiermuth,TE,PIT,8,CLE,0,0,0,0,0,0,0,0,4,44,1,7,0,0,0,0,0,0,0,0,0,0,,,,,
Patrick Laird,RB,MIA,8,BUF,0,0,0,0,0,0,0,0,1,10,0,1,0,0,0,0,0,0,0,0,0,0,,,,,
Patrick Mahomes,QB,KC,8,NYG,275,1,48,29,1,10,0,3,0,0,0,0,0,0,0,0,0,0,0,0,0,0,,,,,
Phillip Lindsay,RB,HOU,8,LA,0,0,0,0,0,8,0,3,0,0,0,0,0,0,0,0,0,0,0,0,0,0,,,,,
Quez Watkins,WR,PHI,8,DET,0,0,0,0,0,0,0,0,2,18,0,2,0,0,0,0,0,0,0,0,0,0,,,,,
Randall Cobb,WR,GB,8,ARI,0,0,0,0,0,0,0,0,3,15,2,5,0,0,0,0,0,0,0,0,0,0,,,,,
Randy Bullock,K,TEN,8,IND,0,0,0,0,0,0,0,0,0,0,0,0,0,0,0,0,0,0,2,0,0,4,,,,,
Rashaad Penny,RB,SEA,8,JAX,0,0,0,0,0,7,0,7,0,0,0,0,0,0,0,0,0,0,0,0,0,0,,,,,
Rashard Higgins,WR,CLE,8,PIT,0,0,0,0,0,0,0,0,2,27,0,4,0,0,0,0,0,0,0,0,0,0,,,,,
Ray-Ray McCloud,WR,PIT,8,CLE,0,0,0,0,0,10,0,1,0,0,0,0,0,0,0,0,0,0,0,0,0,0,,,,,
Rex Burkhead,RB,HOU,8,LA,0,0,1,0,0,21,1,4,3,27,0,4,0,0,0,0,0,0,0,0,0,0,,,,,
Rhamondre Stevenson,RB,NE,8,LAC,0,0,0,0,0,26,0,8,1,5,0,2,0,0,0,0,0,0,0,0,0,0,,,,,
Ricky Seals-Jones,TE,WAS,8,DEN,0,0,0,0,0,0,0,0,2,12,0,4,0,0,0,0,0,0,0,0,0,0,,,,,
Rob Gronkowski,TE,TB,8,NO,0,0,0,0,0,0,0,0,0,0,0,1,0,0,0,0,0,0,0,0,0,0,,,,,
Robbie Chosen,WR,CAR,8,ATL,0,0,0,0,0,0,0,0,0,0,0,1,0,0,0,0,0,0,0,0,0,0,,,,,
Robert Tonyan,TE,GB,8,ARI,0,0,0,0,0,0,0,0,3,49,0,4,0,0,0,0,0,0,0,0,0,0,,,,,
Robert Woods,WR,LA,8,HOU,0,0,0,0,0,22,1,3,3,35,1,9,0,0,0,0,0,0,0,0,0,0,,,,,
Ronald Jones,RB,TB,8,NO,0,0,0,0,0,13,0,3,1,6,0,1,0,0,0,0,0,0,0,0,0,0,,,,,
Rondale Moore,WR,ARI,8,GB,0,0,0,0,0,1,0,2,3,24,0,4,0,0,0,0,0,0,0,0,0,0,,,,,
Royce Freeman,RB,CAR,8,ATL,0,0,0,0,0,25,0,6,0,0,0,1,0,0,0,0,0,0,0,0,0,0,,,,,
Ryan Griffin,TE,NYJ,8,CIN,0,0,0,0,0,0,0,0,1,7,0,1,0,0,0,0,0,0,0,0,0,0,,,,,
Ryan Nall,RB,CHI,8,SF,0,0,0,0,0,4,0,1,0,0,0,0,0,0,0,0,0,0,0,0,0,0,,,,,
Ryan Succop,K,TB,8,NO,0,0,0,0,0,0,0,0,0,0,0,0,0,0,0,0,0,0,0,0,0,3,,,,,
Ryan Tannehill,QB,TEN,8,IND,265,3,33,23,2,26,0,2,0,0,0,0,0,0,0,0,0,0,0,0,0,0,,,,,
SEA,DEF,SEA,8,JAX,,,,,,,,,,,,,,,,,,,,,,,0,0,0,0,7.0
SF,DEF,SF,8,CHI,,,,,,,,,,,,,,,,,,,,,,,0,0,0,0,22.0
Salvon Ahmed,RB,MIA,8,BUF,0,0,0,0,0,22,0,7,1,6,0,2,0,0,0,0,0,0,0,0,0,0,,,,,
Sam Darnold,QB,CAR,8,ATL,129,0,24,13,0,66,0,8,0,0,0,0,0,0,0,0,0,0,0,0,0,0,,,,,
Samaje Perine,RB,CIN,8,NYJ,0,0,0,0,0,0,0,0,2,16,0,2,0,0,0,0,0,0,0,0,0,0,,,,,
Scottie Phillips,RB,HOU,8,LA,0,0,0,0,0,11,0,5,2,9,0,3,0,0,0,0,0,0,0,0,0,0,,,,,
Shi Smith,WR,CAR,8,ATL,0,0,0,0,0,0,0,0,1,-2,0,1,0,0,0,0,0,0,0,0,0,0,,,,,
Sony Michel,RB,LA,8,HOU,0,0,0,0,0,42,0,9,2,14,0,2,0,0,0,0,0,0,0,0,0,0,,,,,
Stefon Diggs,WR,BUF,8,MIA,0,0,0,0,0,0,0,0,5,40,1,7,0,0,0,0,0,0,0,0,0,0,,,,,
Stephen Anderson,TE,LAC,8,NE,0,0,0,0,0,0,0,0,0,0,0,0,0,0,0,0,0,0,0,0,0,0,,,,,
Sterling Shepard,WR,NYG,8,KC,0,0,0,0,0,0,0,0,4,25,0,7,0,0,0,0,0,0,0,0,0,0,,,,,
T.J. Hockenson,TE,DET,8,PHI,0,0,0,0,0,0,0,0,10,89,0,11,0,0,0,0,0,0,0,0,0,0,,,,,
T.Y. Hilton,WR,IND,8,TEN,0,0,0,0,0,0,0,0,2,16,0,5,0,0,0,0,0,0,0,0,0,0,,,,,
TB,DEF,TB,8,NO,,,,,,,,,,,,,,,,,,,,,,,0,0,0,0,36.0
TEN,DEF,TEN,8,IND,,,,,,,,,,,,,,,,,,,,,,,1,0,0,0,31.0
Taiwan Jones,RB,BUF,8,MIA,0,0,0,0,0,0,0,0,0,0,0,0,0,0,0,0,0,0,0,0,0,0,,,,,
Tajae Sharpe,WR,ATL,8,CAR,0,0,0,0,0,0,0,0,5,58,0,6,0,0,0,0,0,0,0,0,0,0,,,,,
Tavon Austin,WR,JAX,8,SEA,0,0,0,0,0,0,0,0,1,5,0,3,0,0,0,0,0,0,0,0,0,0,,,,,
Taylor Heinicke,QB,WAS,8,DEN,270,1,39,24,2,10,0,1,0,0,0,0,0,0,0,0,0,0,0,0,0,0,,,,,
Teddy Bridgewater,QB,DEN,8,WAS,213,1,26,19,0,1,0,1,0,0,0,0,0,0,0,0,0,0,0,0,0,0,,,,,
Tee Higgins,WR,CIN,8,NYJ,0,0,0,0,0,0,0,0,4,97,0,6,0,0,0,0,0,0,0,0,0,0,,,,,
Terry McLaurin,WR,WAS,8,DEN,0,0,0,0,0,12,0,1,3,23,0,7,0,0,0,0,0,0,0,0,0,0,,,,,
Tim Patrick,WR,DEN,8,WAS,0,0,0,0,0,0,0,0,3,64,0,3,0,0,0,0,0,0,0,0,0,0,,,,,
Tom Brady,QB,TB,8,NO,375,4,40,28,2,2,0,1,0,0,0,0,0,0,0,0,0,0,0,0,0,0,,,,,
Tom Kennedy,WR,DET,8,PHI,0,0,0,0,0,0,0,0,0,0,0,1,0,0,0,0,0,0,0,0,0,0,,,,,
Tommy Sweeney,TE,BUF,8,MIA,0,0,0,0,0,0,0,0,3,30,0,4,0,0,0,0,0,0,0,0,0,0,,,,,
Tommy Tremble,TE,CAR,8,ATL,0,0,0,0,0,0,0,0,3,18,0,4,0,0,0,0,0,0,0,0,0,0,,,,,
Tony Pollard,RB,DAL,8,MIN,0,0,0,0,0,26,0,7,1,1,0,1,0,0,0,0,0,0,0,0,0,0,,,,,
Travis Homer,RB,SEA,8,JAX,0,0,0,0,0,9,0,4,1,3,0,1,1,0,0,0,0,0,0,0,0,0,,,,,
Travis Kelce,TE,KC,8,NYG,0,0,0,0,0,0,0,0,4,27,0,6,0,0,0,0,0,0,0,0,0,0,,,,,
Tre'Quan Smith,WR,NO,8,TB,0,0,0,0,0,0,0,0,3,33,1,3,0,0,0,0,0,0,0,0,0,0,,,,,
Trenton Cannon,RB,SF,8,CHI,0,0,0,0,0,0,0,0,0,0,0,0,0,0,0,0,0,0,0,0,0,0,,,,,
Trevor Lawrence,QB,JAX,8,SEA,238,1,54,32,1,11,0,3,0,0,0,0,0,0,0,0,0,0,0,0,0,0,,,,,
Trevor Siemian,QB,NO,8,TB,159,1,29,16,0,2,0,2,0,0,0,0,0,0,0,0,0,0,0,0,0,0,,,,,
Tua Tagovailoa,QB,MIA,8,BUF,205,0,39,21,1,10,1,4,0,0,0,0,0,0,1,0,0,0,0,0,0,0,,,,,
Tutu Atwell,WR,LA,8,HOU,0,0,0,0,0,0,0,0,0,0,0,0,0,0,0,0,0,0,0,0,0,0,,,,,
Ty Johnson,RB,NYJ,8,CIN,0,0,0,0,0,15,0,4,5,71,1,6,0,0,0,0,0,0,0,0,0,0,,,,,
Ty Montgomery,WR,NO,8,TB,0,0,0,0,0,0,0,0,1,4,0,2,0,0,0,0,0,0,0,0,0,0,,,,,
Tyler Bass,K,BUF,8,MIA,0,0,0,0,0,0,0,0,0,0,0,0,0,0,0,0,0,1,0,1,0,2,,,,,
Tyler Boyd,WR,CIN,8,NYJ,46,0,1,1,0,0,0,0,5,69,1,8,0,0,0,0,0,0,0,0,0,0,,,,,
Tyler Conklin,TE,MIN,8,DAL,0,0,0,0,0,0,0,0,5,57,0,7,0,0,0,0,0,0,0,0,0,0,,,,,
Tyler Higbee,TE,LA,8,HOU,0,0,0,0,0,0,0,0,3,25,0,3,0,0,0,0,0,0,0,0,0,0,,,,,
Tyler Johnson,WR,TB,8,NO,0,0,0,0,0,0,0,0,5,65,0,6,0,0,0,0,0,0,0,0,0,0,,,,,
Tyler Kroft,TE,NYJ,8,CIN,0,0,0,0,0,0,0,0,2,20,1,2,0,0,0,0,0,0,0,0,0,0,,,,,
Tyler Lockett,WR,SEA,8,JAX,0,0,0,0,0,0,0,0,12,142,0,13,0,0,0,0,0,0,0,0,0,0,,,,,
Tyreek Hill,WR,KC,8,NYG,0,0,0,0,0,0,0,0,12,94,1,18,0,0,0,0,0,0,0,0,0,0,,,,,
Tyrie Cleveland,WR,DEN,8,WAS,0,0,0,0,0,0,0,0,0,0,0,0,0,0,0,0,0,0,0,0,0,0,,,,,
Tyron Johnson,WR,JAX,8,SEA,0,0,0,0,0,0,0,0,1,10,0,2,0,0,0,0,0,0,0,0,0,0,,,,,
Van Jefferson,WR,LA,8,HOU,0,0,0,0,0,0,0,0,3,88,0,6,0,0,0,0,0,0,0,0,0,0,,,,,
WAS,DEF,WAS,8,DEN,,,,,,,,,,,,,,,,,,,,,,,0,0,0,0,17.0
Will Dissly,TE,SEA,8,JAX,0,0,0,0,0,0,0,0,0,0,0,0,0,0,0,0,0,0,0,0,0,0,,,,,
Younghoe Koo,K,ATL,8,CAR,0,0,0,0,0,0,0,0,0,0,0,0,0,0,0,0,0,0,1,1,0,1,,,,,
Zach Ertz,TE,ARI,8,GB,0,0,0,0,0,0,0,0,4,42,0,4,0,0,0,0,0,0,0,0,0,0,,,,,
Zach Gentry,TE,PIT,8,CLE,0,0,0,0,0,0,0,0,3,39,0,5,0,0,0,0,0,0,0,0,0,0,,,,,
Zach Pascal,WR,IND,8,TEN,0,0,0,0,0,0,0,0,5,43,0,8,0,0,0,0,0,0,0,0,0,0,,,,,
Zack Moss,RB,BUF,8,MIA,0,0,0,0,0,19,0,8,6,39,0,7,0,0,0,0,0,0,0,0,0,0,,,,,
Zane Gonzalez,K,CAR,8,ATL,0,0,0,0,0,0,0,0,0,0,0,0,0,0,0,0,2,0,0,2,0,1,,,,,
A.J. Brown,WR,TEN,9,LA,0,0,0,0,0,0,0,0,5,42,0,11,0,0,0,0,0,0,0,0,0,0,,,,,
AJ Dillon,RB,GB,9,KC,0,0,0,0,0,46,0,8,4,44,0,4,0,0,0,0,0,0,0,0,0,0,,,,,
ARI,DEF,ARI,9,SF,,,,,,,,,,,,,,,,,,,,,,,0,0,0,0,17.0
ATL,DEF,ATL,9,NO,,,,,,,,,,,,,,,,,,,,,,,0,0,0,0,25.0
Aaron Jones,RB,GB,9,KC,0,0,0,0,0,53,0,12,0,0,0,2,0,0,0,0,0,0,0,0,0,0,,,,,
Adam Shaheen,TE,MIA,9,HOU,0,0,0,0,0,0,0,0,1,11,0,2,0,0,0,0,0,0,0,0,0,0,,,,,
Adam Thielen,WR,MIN,9,BAL,0,0,0,0,0,0,0,0,2,6,1,7,0,0,0,0,0,0,0,0,0,0,,,,,
Adam Trautman,TE,NO,9,ATL,0,0,0,0,0,0,0,0,4,47,0,7,0,0,0,0,0,0,0,0,0,0,,,,,
Adrian Peterson,RB,TEN,9,LA,0,0,0,0,0,21,1,10,1,5,0,1,0,0,0,0,0,0,0,0,0,0,,,,,
Albert Okwuegbunam,TE,DEN,9,DAL,0,0,0,0,0,0,0,0,4,25,0,5,0,0,0,0,0,0,0,0,0,0,,,,,
Albert Wilson,WR,MIA,9,HOU,0,0,0,0,0,0,0,0,1,11,0,2,0,0,0,0,0,0,0,0,0,0,,,,,
Alex Armah,RB,NO,9,ATL,0,0,0,0,0,12,0,2,0,0,0,0,0,0,0,0,0,0,0,0,0,0,,,,,
Alex Erickson,WR,CAR,9,NE,0,0,0,0,0,0,0,0,0,0,0,0,0,0,0,0,0,0,0,0,0,0,,,,,
Alexander Mattison,RB,MIN,9,BAL,0,0,0,0,0,0,0,4,1,3,0,1,0,0,0,0,0,0,0,0,0,0,,,,,
Allen Lazard,WR,GB,9,KC,0,0,0,0,0,0,0,0,1,20,1,1,0,0,0,0,0,0,0,0,0,0,,,,,
Allen Robinson,WR,CHI,9,PIT,0,0,0,0,0,0,0,0,4,68,0,6,0,0,0,0,0,0,0,0,0,0,,,,,
Alvin Kamara,RB,NO,9,ATL,0,0,0,0,0,50,1,13,4,54,0,7,0,0,0,0,0,0,0,0,0,0,,,,,
Amari Cooper,WR,DAL,9,DEN,0,0,0,0,0,0,0,0,2,37,0,5,0,0,0,0,0,0,0,0,0,0,,,,,
Amari Rodgers,WR,GB,9,KC,0,0,0,0,0,0,0,0,0,0,0,0,0,0,0,0,0,0,0,0,0,0,,,,,
Ameer Abdullah,RB,CAR,9,NE,0,0,0,0,0,0,0,1,4,30,0,5,0,0,0,0,0,0,0,0,0,0,,,,,
Andre Roberts,WR,LAC,9,PHI,0,0,0,0,0,9,0,1,0,0,0,0,0,0,0,0,0,0,0,0,0,0,,,,,
Andy Isabella,WR,ARI,9,SF,0,0,0,0,0,0,0,0,0,0,0,0,0,0,0,0,0,0,0,0,0,0,,,,,
Anthony Firkser,TE,TEN,9,LA,0,0,0,0,0,0,0,0,1,7,0,1,0,0,0,0,0,0,0,0,0,0,,,,,
Anthony Schwartz,WR,CLE,9,CIN,0,0,0,0,0,0,0,0,1,15,0,1,0,0,0,0,0,0,0,0,0,0,,,,,
Antoine Wesley,WR,ARI,9,SF,0,0,0,0,0,0,0,0,3,62,0,3,0,0,0,0,0,0,0,0,0,0,,,,,
Antony Auclair,TE,HOU,9,MIA,0,0,0,0,0,0,0,0,2,23,0,2,0,0,0,0,0,0,0,0,0,0,,,,,
Ashton Dulin,WR,IND,9,NYJ,0,0,0,0,0,0,0,0,2,23,0,2,0,0,0,0,0,0,0,0,0,0,,,,,
Austin Ekeler,RB,LAC,9,PHI,0,0,0,0,0,59,0,17,3,23,0,3,0,0,0,0,0,0,0,0,0,0,,,,,
Austin Hooper,TE,CLE,9,CIN,0,0,0,0,0,0,0,0,2,14,0,2,0,0,0,0,0,0,0,0,0,0,,,,,
Avery Williams,RB,ATL,9,NO,0,0,0,0,0,0,0,0,0,0,0,0,0,0,0,0,0,0,0,0,0,0,,,,,
BAL,DEF,BAL,9,MIN,,,,,,,,,,,,,,,,,,,,,,,0,0,0,0,31.0
BUF,DEF,BUF,9,JAX,,,,,,,,,,,,,,,,,,,,,,,0,0,0,0,9.0
Baker Mayfield,QB,CLE,9,CIN,218,2,21,14,0,0,0,0,0,0,0,0,0,0,0,0,0,0,0,0,0,0,,,,,
Ben Roethlisberger,QB,PIT,9,CHI,205,2,30,21,0,0,0,2,0,0,0,0,0,0,0,0,0,0,0,0,0,0,,,,,
Benny Snell,RB,PIT,9,CHI,0,0,0,0,0,6,0,2,0,0,0,0,0,0,0,0,0,0,0,0,0,0,,,,,
Blake Bell,TE,KC,9,GB,0,0,0,0,0,0,0,0,0,0,0,1,0,0,0,0,0,0,0,0,0,0,,,,,
Boston Scott,RB,PHI,9,LAC,0,0,0,0,0,40,0,10,0,0,0,0,0,0,0,0,0,0,0,0,0,0,,,,,
Brandin Cooks,WR,HOU,9,MIA,0,0,0,0,0,0,0,0,6,56,0,14,0,0,0,0,0,0,0,0,0,0,,,,,
Brandon Aiyuk,WR,SF,9,ARI,0,0,0,0,0,-2,0,1,6,89,1,8,0,0,0,0,0,0,0,0,0,0,,,,,
Brandon Allen,QB,CIN,9,CLE,6,0,2,1,0,0,0,1,0,0,0,0,0,0,0,0,0,0,0,0,0,0,,,,,
Brandon Bolden,RB,NE,9,CAR,0,0,0,0,0,54,0,8,2,27,0,2,0,0,0,0,0,0,0,0,0,0,,,,,
Brandon McManus,K,DEN,9,DAL,0,0,0,0,0,0,0,0,0,0,0,0,0,0,0,0,1,0,1,1,0,1,,,,,
Braxton Berrios,WR,NYJ,9,IND,0,0,0,0,0,0,0,0,2,5,0,3,0,0,0,0,0,0,0,0,0,0,,,,,
Brevin Jordan,TE,HOU,9,MIA,0,0,0,0,0,0,0,0,2,9,0,2,0,0,0,0,0,0,0,0,0,0,,,,,
Brian Hoyer,QB,NE,9,CAR,0,0,0,0,0,-3,0,3,0,0,0,0,0,0,0,0,0,0,0,0,0,0,,,,,
Brian Johnson,K,NO,9,ATL,0,0,0,0,0,0,0,0,0,0,0,0,0,0,0,0,0,1,0,1,0,1,,,,,
Bryan Edwards,WR,LV,9,NYG,0,0,0,0,0,0,0,0,0,0,0,4,0,0,0,0,0,0,0,0,0,0,,,,,
Buddy Howell,RB,LA,9,TEN,0,0,0,0,0,0,0,0,0,0,0,0,0,0,0,0,0,0,0,0,0,0,,,,,
C.J. Beathard,QB,JAX,9,BUF,33,0,2,2,0,0,0,0,0,0,0,0,0,0,0,0,0,0,0,0,0,0,,,,,
C.J. Uzomah,TE,CIN,9,CLE,0,0,0,0,0,0,0,0,4,24,0,5,0,0,0,0,0,0,0,0,0,0,,,,,
CAR,DEF,CAR,9,NE,,,,,,,,,,,,,,,,,,,,,,,0,0,0,0,24.0
CHI,DEF,CHI,9,PIT,,,,,,,,,,,,,,,,,,,,,,,0,0,0,0,29.0
CIN,DEF,CIN,9,CLE,,,,,,,,,,,,,,,,,,,,,,,0,0,0,0,41.0
CLE,DEF,CLE,9,CIN,,,,,,,,,,,,,,,,,,,,,,,1,0,0,0,16.0
Cairo Santos,K,CHI,9,PIT,0,0,0,0,0,0,0,0,0,0,0,0,0,0,0,0,1,1,0,0,0,3,,,,,
Carlos Hyde,RB,JAX,9,BUF,0,0,0,0,0,67,0,21,1,6,0,2,0,0,0,0,0,0,0,0,0,0,,,,,
Carson Wentz,QB,IND,9,NYJ,272,3,30,22,0,13,0,4,0,0,0,0,0,0,0,0,0,0,0,0,0,0,,,,,
Cedrick Wilson Jr.,WR,DAL,9,DEN,0,0,0,0,0,0,0,0,2,28,0,5,0,0,0,0,0,0,0,0,0,0,,,,,
CeeDee Lamb,WR,DAL,9,DEN,0,0,0,0,0,0,0,0,2,23,0,9,0,0,0,0,0,0,0,0,0,0,,,,,
Cethan Carter,TE,MIA,9,HOU,0,0,0,0,0,0,0,0,0,0,0,0,0,0,0,0,0,0,0,0,0,0,,,,,
Chase Claypool,WR,PIT,9,CHI,0,0,0,0,0,13,0,2,3,30,0,5,0,0,0,0,0,0,0,0,0,0,,,,,
Chase Edmonds,RB,ARI,9,SF,0,0,0,0,0,3,0,1,0,0,0,0,0,0,0,0,0,0,0,0,0,0,,,,,
Chase McLaughlin,K,CLE,9,CIN,0,0,0,0,0,0,0,0,0,0,0,0,0,0,0,0,2,0,0,0,0,5,,,,,
Chester Rogers,WR,TEN,9,LA,0,0,0,0,0,0,0,0,0,0,0,1,0,0,0,0,0,0,0,0,0,0,,,,,
Chris Boswell,K,PIT,9,CHI,0,0,0,0,0,0,0,0,0,0,0,0,0,0,0,0,0,0,1,2,0,2,,,,,
Chris Conley,WR,HOU,9,MIA,0,0,0,0,0,0,0,0,2,38,0,3,0,0,0,0,0,0,0,0,0,0,,,,,
Chris Evans,RB,CIN,9,CLE,0,0,0,0,0,0,0,0,1,11,0,1,0,0,0,0,0,0,0,0,0,0,,,,,
Chris Manhertz,TE,JAX,9,BUF,0,0,0,0,0,0,0,0,1,9,0,1,0,0,0,0,0,0,0,0,0,0,,,,,
Chris Moore,WR,HOU,9,MIA,0,0,0,0,0,0,0,0,1,4,0,1,0,0,0,0,0,0,0,0,0,0,,,,,
Chris Streveler,QB,ARI,9,SF,0,0,0,0,0,2,0,1,0,0,0,0,0,0,0,0,0,0,0,0,0,0,,,,,
Christian Blake,WR,ATL,9,NO,0,0,0,0,0,0,0,0,0,0,0,0,0,0,0,0,0,0,0,0,0,0,,,,,
Christian Kirk,WR,ARI,9,SF,33,0,1,1,0,0,0,0,6,91,0,6,0,0,0,0,0,0,0,0,0,0,,,,,
Christian McCaffrey,RB,CAR,9,NE,0,0,0,0,0,52,0,14,4,54,0,5,0,0,0,0,0,0,0,0,0,0,,,,,
Chuba Hubbard,RB,CAR,9,NE,0,0,0,0,0,3,0,3,1,33,0,2,0,0,0,0,0,0,0,0,0,0,,,,,
Cody White,WR,PIT,9,CHI,0,0,0,0,0,0,0,0,0,0,0,0,0,0,0,0,0,0,0,0,0,0,,,,,
Cole Beasley,WR,BUF,9,JAX,0,0,0,0,0,0,0,0,8,33,0,11,0,0,0,0,0,0,0,0,0,0,,,,,
Cole Kmet,TE,CHI,9,PIT,0,0,0,0,0,0,0,0,6,87,0,8,0,0,0,0,0,0,0,0,0,0,,,,,
Colin Thompson,TE,CAR,9,NE,0,0,0,0,0,0,0,0,0,0,0,0,0,0,0,0,0,0,0,0,0,0,,,,,
Colt McCoy,QB,ARI,9,SF,249,1,26,22,0,23,0,7,0,0,0,0,0,0,0,0,0,0,0,0,0,0,,,,,
Cooper Kupp,WR,LA,9,TEN,0,0,0,0,0,0,0,0,11,95,0,13,0,0,0,0,0,0,0,0,0,0,,,,,
Cordarrelle Patterson,RB,ATL,9,NO,0,0,0,0,0,10,0,9,6,126,0,6,0,0,0,0,0,0,0,0,0,0,,,,,
Corey Clement,RB,DAL,9,DEN,0,0,0,0,0,0,0,0,0,0,0,0,0,0,0,0,0,0,0,0,0,0,,,,,
Courtland Sutton,WR,DEN,9,DAL,0,0,0,0,0,0,0,0,1,9,0,2,0,0,1,0,0,0,0,0,0,0,,,,,
D'Ernest Johnson,RB,CLE,9,CIN,0,0,0,0,0,16,0,8,0,0,0,0,0,0,0,0,0,0,0,0,0,0,,,,,
D'Onta Foreman,RB,TEN,9,LA,0,0,0,0,0,29,0,5,0,0,0,0,0,0,0,0,0,0,0,0,0,0,,,,,
DAL,DEF,DAL,9,DEN,,,,,,,,,,,,,,,,,,,,,,,0,0,0,0,30.0
DEN,DEF,DEN,9,DAL,,,,,,,,,,,,,,,,,,,,,,,0,0,0,0,16.0
DJ Moore,WR,CAR,9,NE,0,0,0,0,0,14,0,2,3,32,0,7,0,0,0,0,0,0,0,0,0,0,,,,,
Dak Prescott,QB,DAL,9,DEN,232,2,39,19,1,16,0,2,0,0,0,0,0,0,1,0,0,0,0,0,0,0,,,,,
Dallas Goedert,TE,PHI,9,LAC,0,0,0,0,0,0,0,0,3,43,0,6,0,0,0,0,0,0,0,0,0,0,,,,,
Dalton Schultz,TE,DAL,9,DEN,0,0,0,0,0,0,0,0,4,54,0,5,0,0,0,0,0,0,0,0,0,0,,,,,
Dalvin Cook,RB,MIN,9,BAL,0,0,0,0,0,110,0,17,3,12,0,3,0,0,0,0,0,0,0,0,0,0,,,,,
Damien Harris,RB,NE,9,CAR,0,0,0,0,0,30,1,15,1,3,0,1,0,0,0,0,0,0,0,0,0,0,,,,,
Dan Arnold,TE,JAX,9,BUF,0,0,0,0,0,0,0,0,4,60,0,7,0,0,0,0,0,0,0,0,0,0,,,,,
Daniel Carlson,K,LV,9,NYG,0,0,0,0,0,0,0,0,0,0,0,0,0,0,0,0,2,1,0,0,0,1,,,,,
Daniel Jones,QB,NYG,9,LV,110,1,20,15,0,17,0,4,0,0,0,0,0,0,0,0,0,0,0,0,0,0,,,,,
Danny Amendola,WR,HOU,9,MIA,0,0,1,0,0,0,0,0,3,49,0,7,0,0,0,0,0,0,0,0,0,0,,,,,
Dare Ogunbowale,RB,JAX,9,BUF,0,0,0,0,0,1,0,1,1,4,0,1,0,0,0,0,0,0,0,0,0,0,,,,,
Darius Slayton,WR,NYG,9,LV,0,0,0,0,0,0,0,0,0,0,0,1,0,0,0,0,0,0,0,0,0,0,,,,,
Darnell Mooney,WR,CHI,9,PIT,0,0,0,0,0,15,1,1,3,41,1,6,0,0,0,0,0,0,0,0,0,0,,,,,
Darrel Williams,RB,KC,9,GB,0,0,0,0,0,70,0,19,3,7,0,4,0,0,0,0,0,0,0,0,0,0,,,,,
Darrell Daniels,TE,ARI,9,SF,0,0,0,0,0,0,0,0,1,0,0,2,0,0,0,0,0,0,0,0,0,0,,,,,
Darrell Henderson,RB,LA,9,TEN,0,0,0,0,0,55,0,11,3,3,0,4,0,0,0,0,0,0,0,0,0,0,,,,,
Darren Waller,TE,LV,9,NYG,0,0,0,0,0,0,0,0,7,92,0,11,0,0,0,0,0,0,0,0,0,0,,,,,
Davante Adams,WR,GB,9,KC,0,0,0,0,0,0,0,0,6,42,0,14,0,0,0,0,0,0,0,0,0,0,,,,,
David Johnson,RB,HOU,9,MIA,0,0,0,0,0,11,0,4,3,29,0,5,0,0,0,0,0,0,0,0,0,0,,,,,
David Montgomery,RB,CHI,9,PIT,0,0,0,0,0,63,0,13,2,17,0,2,0,0,0,0,0,0,0,0,0,0,,,,,
David Njoku,TE,CLE,9,CIN,0,0,0,0,0,0,0,0,1,18,1,3,0,0,0,0,0,0,0,0,0,0,,,,,
DeVonta Smith,WR,PHI,9,LAC,0,0,0,0,0,0,0,0,5,116,1,6,0,0,0,0,0,0,0,0,0,0,,,,,
Dede Westbrook,WR,MIN,9,BAL,0,0,0,0,0,0,0,0,0,0,0,1,0,0,0,0,0,0,0,0,0,0,,,,,
Deebo Samuel Sr.,WR,SF,9,ARI,0,0,0,0,0,0,0,0,5,63,0,9,0,0,0,0,0,0,0,0,0,0,,,,,
Demarcus Robinson,WR,KC,9,GB,0,0,0,0,0,0,0,0,1,2,0,1,0,0,0,0,0,0,0,0,0,0,,,,,
Demetric Felton,RB,CLE,9,CIN,0,0,0,0,0,0,0,0,1,22,0,1,0,0,0,0,0,0,0,0,0,0,,,,,
Denzel Mims,WR,NYJ,9,IND,0,0,0,0,0,0,0,0,1,20,0,5,0,0,0,0,0,0,0,0,0,0,,,,,
Deonte Harty,WR,NO,9,ATL,0,0,0,0,0,0,0,0,6,52,0,8,0,0,0,0,0,0,0,0,0,0,,,,,
Derek Carr,QB,LV,9,NYG,296,1,46,30,2,5,0,2,0,0,0,0,0,0,0,0,0,0,0,0,0,0,,,,,
Derrick Gore,RB,KC,9,GB,0,0,0,0,0,13,0,3,1,6,0,1,0,0,0,0,0,0,0,0,0,0,,,,,
Devin Duvernay,WR,BAL,9,MIN,0,0,0,0,0,0,0,0,2,8,1,2,0,0,0,0,0,0,0,0,0,0,,,,,
Devin Singletary,RB,BUF,9,JAX,0,0,0,0,0,16,0,6,7,43,0,8,0,0,0,0,0,0,0,0,0,0,,,,,
Devonta Freeman,RB,BAL,9,MIN,0,0,0,0,0,79,0,13,2,4,1,3,0,0,0,0,0,0,0,0,0,0,,,,,
Devontae Booker,RB,NYG,9,LV,0,0,0,0,0,99,0,21,3,23,0,3,0,0,0,0,0,0,0,0,0,0,,,,,
Dezmon Patmon,WR,IND,9,NYJ,0,0,0,0,0,0,0,0,1,7,0,1,0,0,0,0,0,0,0,0,0,0,,,,,
Dillon Stoner,WR,LV,9,NYG,0,0,0,0,0,0,0,0,0,0,0,0,0,0,0,0,0,0,0,0,0,0,,,,,
Diontae Johnson,WR,PIT,9,CHI,0,0,0,0,0,11,0,2,5,56,0,6,0,0,0,0,0,0,0,0,0,0,,,,,
Diontae Spencer,WR,DEN,9,DAL,0,0,0,0,0,0,0,0,0,0,0,0,0,0,0,0,0,0,0,0,0,0,,,,,
Dominique Dafney,TE,GB,9,KC,0,0,0,0,0,0,0,0,0,0,0,1,0,0,0,0,0,0,0,0,0,0,,,,,
Donald Parham,TE,LAC,9,PHI,0,0,0,0,0,0,0,0,3,39,1,3,0,0,0,0,0,0,0,0,0,0,,,,,
Donovan Peoples-Jones,WR,CLE,9,CIN,0,0,0,0,0,0,0,0,2,86,1,3,0,0,0,0,0,0,0,0,0,0,,,,,
Drew Sample,TE,CIN,9,CLE,0,0,0,0,0,0,0,0,3,36,0,3,0,0,0,0,0,0,0,0,0,0,,,,,
Durham Smythe,TE,MIA,9,HOU,0,0,0,0,0,0,0,0,2,27,0,2,0,0,0,0,0,0,0,0,0,0,,,,,
Dustin Hopkins,K,LAC,9,PHI,0,0,0,0,0,0,0,0,0,0,0,0,0,0,0,0,1,1,0,0,0,1,,,,,
Dwayne Washington,RB,NO,9,ATL,0,0,0,0,0,0,0,0,0,0,0,0,0,0,0,0,0,0,0,0,0,0,,,,,
Elijah Mitchell,RB,SF,9,ARI,0,0,0,0,0,36,0,8,5,43,0,5,0,0,0,0,0,0,0,0,0,0,,,,,
Elijah Moore,WR,NYJ,9,IND,0,0,0,0,0,0,0,0,7,84,2,8,0,0,0,0,0,0,0,0,0,0,,,,,
Emmanuel Sanders,WR,BUF,9,JAX,0,0,0,0,0,0,0,0,4,65,0,8,0,0,0,0,0,0,0,0,0,0,,,,,
Eno Benjamin,RB,ARI,9,SF,0,0,0,0,0,39,1,9,0,0,0,0,0,0,0,0,0,0,0,0,0,0,,,,,
Eric Saubert,TE,DEN,9,DAL,0,0,0,0,0,0,0,0,1,6,0,1,0,0,0,0,0,0,0,0,0,0,,,,,
Eric Tomlinson,TE,BAL,9,MIN,0,0,0,0,0,0,0,0,1,7,0,1,0,0,0,0,0,0,0,0,0,0,,,,,
Evan Engram,TE,NYG,9,LV,0,0,0,0,0,0,0,0,3,38,1,3,0,0,0,0,0,0,0,0,0,0,,,,,
Evan McPherson,K,CIN,9,CLE,0,0,0,0,0,0,0,0,0,0,0,0,0,0,0,0,1,0,0,0,0,1,,,,,
Ezekiel Elliott,RB,DAL,9,DEN,0,0,0,0,0,51,0,10,3,25,0,3,0,0,1,0,0,0,0,0,0,0,,,,,
Feleipe Franks,TE,ATL,9,NO,0,0,0,0,0,3,0,2,0,0,0,0,0,0,0,0,0,0,0,0,0,0,,,,,
Foster Moreau,TE,LV,9,NYG,0,0,0,0,0,0,0,0,0,0,0,0,0,0,0,0,0,0,0,0,0,0,,,,,
GB,DEF,GB,9,KC,,,,,,,,,,,,,,,,,,,,,,,0,0,0,0,13.0
Gabe Davis,WR,BUF,9,JAX,0,0,0,0,0,0,0,0,0,0,0,2,0,0,0,0,0,0,0,0,0,0,,,,,
Geoff Swaim,TE,TEN,9,LA,0,0,0,0,0,0,0,0,4,29,1,4,0,0,0,0,0,0,0,0,0,0,,,,,
George Kittle,TE,SF,9,ARI,0,0,0,0,0,0,0,0,6,101,1,8,0,0,0,0,0,0,0,0,0,0,,,,,
Graham Gano,K,NYG,9,LV,0,0,0,0,0,0,0,0,0,0,0,0,0,0,0,0,0,3,0,0,0,2,,,,,
Greg Dortch,WR,ARI,9,SF,0,0,0,0,0,0,0,0,0,0,0,0,0,0,0,0,0,0,0,0,0,0,,,,,
Greg Joseph,K,MIN,9,BAL,0,0,0,0,0,0,0,0,0,0,0,0,0,0,0,0,0,1,0,0,0,4,,,,,
Greg Ward,WR,PHI,9,LAC,0,0,0,0,0,0,0,0,0,0,0,0,0,0,0,0,0,0,0,0,0,0,,,,,
Greg Zuerlein,K,DAL,9,DEN,0,0,0,0,0,0,0,0,0,0,0,0,0,0,0,0,0,0,0,0,0,0,,,,,
Gunner Olszewski,WR,NE,9,CAR,0,0,0,0,0,0,0,0,0,0,0,0,0,0,0,0,0,0,0,0,0,0,,,,,
HOU,DEF,HOU,9,MIA,,,,,,,,,,,,,,,,,,,,,,,0,0,0,0,17.0
Harrison Bryant,TE,CLE,9,CIN,0,0,0,0,0,0,0,0,2,26,0,2,0,0,0,0,0,0,0,0,0,0,,,,,
Harrison Butker,K,KC,9,GB,0,0,0,0,0,0,0,0,0,0,0,0,0,0,0,0,1,0,0,1,0,1,,,,,
Hayden Hurst,TE,ATL,9,NO,0,0,0,0,0,0,0,0,2,16,0,3,0,0,0,0,0,0,0,0,0,0,,,,,
Hunter Henry,TE,NE,9,CAR,0,0,0,0,0,0,0,0,2,19,1,3,0,0,0,0,0,0,0,0,0,0,,,,,
Hunter Renfrow,WR,LV,9,NYG,0,0,0,0,0,0,0,0,7,49,1,9,0,0,0,0,0,0,0,0,0,0,,,,,
IND,DEF,IND,9,NYJ,,,,,,,,,,,,,,,,,,,,,,,0,0,0,0,30.0
Ian Thomas,TE,CAR,9,NE,0,0,0,0,0,0,0,0,1,9,0,2,0,0,0,0,0,0,0,0,0,0,,,,,
Isaiah Ford,WR,MIA,9,HOU,0,0,0,0,0,0,0,0,0,0,0,1,0,0,0,0,0,0,0,0,0,0,,,,,
Isaiah McKenzie,WR,BUF,9,JAX,0,0,0,0,0,0,0,0,2,10,0,2,0,0,0,0,0,0,0,0,0,0,,,,,
J.J. Koski,WR,LA,9,TEN,0,0,0,0,0,0,0,0,0,0,0,0,0,0,0,0,0,0,0,0,0,0,,,,,
JAX,DEF,JAX,9,BUF,,,,,,,,,,,,,,,,,,,,,,,0,0,0,0,6.0
Ja'Marr Chase,WR,CIN,9,CLE,0,0,0,0,0,0,0,2,6,49,0,13,0,0,0,0,0,0,0,0,0,0,,,,,
JaMycal Hasty,RB,SF,9,ARI,0,0,0,0,0,2,0,1,3,11,0,4,0,0,0,0,0,0,0,0,0,0,,,,,
Jack Doyle,TE,IND,9,NYJ,0,0,0,0,0,0,0,0,1,1,1,2,0,0,0,0,0,0,0,0,0,0,,,,,
Jacoby Brissett,QB,MIA,9,HOU,244,1,43,26,2,7,0,1,0,0,0,0,0,0,0,0,0,0,0,0,0,0,,,,,
Jake Elliott,K,PHI,9,LAC,0,0,0,0,0,0,0,0,0,0,0,0,0,0,0,0,1,0,0,0,0,3,,,,,
Jakeem Grant,WR,CHI,9,PIT,0,0,0,0,0,0,0,0,0,0,0,0,0,0,0,0,0,0,0,0,0,0,,,,,
Jakobi Meyers,WR,NE,9,CAR,0,0,0,0,0,0,0,0,1,8,0,4,0,0,0,0,0,0,0,0,0,0,,,,,
Jalen Guyton,WR,LAC,9,PHI,0,0,0,0,0,0,0,0,1,19,0,2,0,0,0,0,0,0,0,0,0,0,,,,,
Jalen Hurts,QB,PHI,9,LAC,162,1,17,11,0,62,0,10,0,0,0,0,0,0,0,0,0,0,0,0,0,0,,,,,
Jalen Reagor,WR,PHI,9,LAC,0,0,0,0,0,0,0,0,1,-6,0,1,0,0,0,0,0,0,0,0,0,0,,,,,
Jalen Richard,RB,LV,9,NYG,0,0,0,0,0,0,0,0,2,18,0,3,0,0,0,0,0,0,0,0,0,0,,,,,
Jamal Agnew,WR,JAX,9,BUF,0,0,0,0,0,11,0,1,3,27,0,5,0,0,0,0,0,0,0,0,0,0,,,,,
James Conner,RB,ARI,9,SF,0,0,0,0,0,96,2,21,5,77,1,5,0,0,0,0,0,0,0,0,0,0,,,,,
James Washington,WR,PIT,9,CHI,0,0,0,0,0,13,0,2,1,42,0,3,0,0,0,0,0,0,0,0,0,0,,,,,
Jamison Crowder,WR,NYJ,9,IND,0,0,0,0,0,0,0,0,5,38,0,7,0,0,0,0,0,0,0,0,0,0,,,,,
Jared Cook,TE,LAC,9,PHI,0,0,0,0,0,0,0,0,4,48,0,4,0,0,1,0,0,0,0,0,0,0,,,,,
Jarvis Landry,WR,CLE,9,CIN,0,0,0,0,0,0,0,1,3,11,0,5,0,0,0,0,0,0,0,0,0,0,,,,,
Jason Sanders,K,MIA,9,HOU,0,0,0,0,0,0,0,0,0,0,0,0,0,0,0,0,0,0,1,0,0,2,,,,,
Javonte Williams,RB,DEN,9,DAL,0,0,0,0,0,111,0,17,0,0,0,0,0,0,0,0,0,0,0,0,0,0,,,,,
Jaylen Waddle,WR,MIA,9,HOU,0,0,0,0,0,0,0,0,8,83,0,10,0,0,0,0,0,0,0,0,0,0,,,,,
Jeff Smith,WR,NYJ,9,IND,0,0,0,0,0,0,0,0,3,40,0,4,0,0,0,0,0,0,0,0,0,0,,,,,
Jeremy McNichols,RB,TEN,9,LA,0,0,0,0,0,24,0,7,3,11,0,3,0,0,0,0,0,0,0,0,0,0,,,,,
Jerick McKinnon,RB,KC,9,GB,0,0,0,0,0,0,0,0,3,26,0,3,0,0,0,0,0,0,0,0,0,0,,,,,
Jerry Jeudy,WR,DEN,9,DAL,0,0,0,0,0,0,0,0,6,69,0,8,0,0,0,0,0,0,0,0,0,0,,,,,
Jimmy Garoppolo,QB,SF,9,ARI,326,2,40,28,1,3,0,1,0,0,0,0,0,0,0,0,0,0,0,0,0,0,,,,,
Jimmy Graham,TE,CHI,9,PIT,0,0,0,0,0,0,0,0,1,28,0,3,0,0,0,0,0,0,0,0,0,0,,,,,
Joe Burrow,QB,CIN,9,CLE,282,0,40,28,2,1,0,2,0,0,0,0,0,0,0,0,0,0,0,0,0,0,,,,,
Joe Mixon,RB,CIN,9,CLE,0,0,0,0,0,64,2,13,5,46,0,5,0,0,0,0,0,0,0,0,0,0,,,,,
John Hightower,WR,PHI,9,LAC,0,0,0,0,0,0,0,0,0,0,0,0,0,0,0,0,0,0,0,0,0,0,,,,,
Jonathan Taylor,RB,IND,9,NYJ,0,0,0,0,0,172,2,19,2,28,0,2,0,0,0,0,0,0,0,0,0,0,,,,,
Jonnu Smith,TE,NE,9,CAR,0,0,0,0,0,4,0,1,1,4,0,2,0,0,0,0,0,0,0,0,0,0,,,,,
Jordan Akins,TE,HOU,9,MIA,0,0,0,0,0,0,0,0,2,7,0,3,0,0,0,0,0,0,0,0,0,0,,,,,
Jordan Howard,RB,PHI,9,LAC,0,0,0,0,0,71,1,17,0,0,0,0,0,0,0,0,0,0,0,0,0,0,,,,,
Jordan Love,QB,GB,9,KC,190,1,34,19,1,23,0,5,0,0,0,0,0,0,0,0,0,0,0,0,0,0,,,,,
Josh Allen,QB,BUF,9,JAX,264,0,47,31,2,50,0,5,0,0,0,0,0,0,0,0,0,0,0,0,0,0,,,,,
Josh Gordon,WR,KC,9,GB,0,0,0,0,0,0,0,0,0,0,0,1,0,0,0,0,0,0,0,0,0,0,,,,,
Josh Jacobs,RB,LV,9,NYG,0,0,0,0,0,76,0,13,4,19,0,4,0,0,0,0,0,0,0,0,0,0,,,,,
Josh Johnson,QB,NYJ,9,IND,317,3,41,27,1,18,0,4,0,0,0,0,0,0,0,0,0,0,0,0,0,0,,,,,
Josh Palmer,WR,LAC,9,PHI,0,0,0,0,0,0,0,0,2,22,0,2,0,0,0,0,0,0,0,0,0,0,,,,,
Joshua Kelley,RB,LAC,9,PHI,0,0,0,0,0,6,0,3,1,4,0,1,0,0,0,0,0,0,0,0,0,0,,,,,
Josiah Deguara,TE,GB,9,KC,0,0,0,0,0,0,0,0,2,16,0,2,0,0,0,0,0,0,0,0,0,0,,,,,
Julio Jones,WR,TEN,9,LA,0,0,0,0,0,0,0,0,4,35,0,4,0,0,0,0,0,0,0,0,0,0,,,,,
Justin Fields,QB,CHI,9,PIT,291,1,29,17,1,45,0,8,0,0,0,0,0,0,0,0,0,0,0,0,0,0,,,,,
Justin Herbert,QB,LAC,9,PHI,356,2,38,32,0,14,1,5,0,0,0,0,0,0,1,0,0,0,0,0,0,0,,,,,
Justin Jefferson,WR,MIN,9,BAL,0,0,0,0,0,11,0,1,3,69,1,5,0,0,0,0,0,0,0,0,0,0,,,,,
Justin Tucker,K,BAL,9,MIN,0,0,0,0,0,0,0,0,0,0,0,0,0,0,0,0,0,2,0,0,0,4,,,,,
K.J. Osborn,WR,MIN,9,BAL,0,0,0,0,0,0,0,0,1,20,0,2,0,0,0,0,0,0,0,0,0,0,,,,,
KC,DEF,KC,9,GB,,,,,,,,,,,,,,,,,,,,,,,0,0,0,0,7.0
Ka'imi Fairbairn,K,HOU,9,MIA,0,0,0,0,0,0,0,0,0,0,0,0,0,0,0,0,1,1,1,0,0,0,,,,,
Kadarius Toney,WR,NYG,9,LV,0,0,0,0,0,-2,0,1,1,9,0,1,0,0,0,0,0,0,0,0,0,0,,,,,
Kalen Ballage,RB,PIT,9,CHI,0,0,0,0,0,0,0,0,1,2,0,1,0,0,0,0,0,0,0,0,0,0,,,,,
Keelan Cole,WR,NYJ,9,IND,0,0,0,0,0,0,0,0,5,66,0,8,0,0,0,0,0,0,0,0,0,0,,,,,
Keenan Allen,WR,LAC,9,PHI,0,0,0,0,0,0,0,0,12,104,0,13,0,0,0,0,0,0,0,0,0,0,,,,,
Kendall Hinton,WR,DEN,9,DAL,0,0,0,0,0,0,0,0,1,40,0,1,0,0,0,0,0,0,0,0,0,0,,,,,
Kendrick Bourne,WR,NE,9,CAR,0,0,0,0,0,0,0,0,3,34,0,4,0,0,0,0,0,0,0,0,0,0,,,,,
Kene Nwangwu,RB,MIN,9,BAL,0,0,0,0,0,9,0,1,0,0,0,0,1,0,0,0,0,0,0,0,0,0,,,,,
Kenny Gainwell,RB,PHI,9,LAC,0,0,0,0,0,3,1,2,0,0,0,0,0,0,0,0,0,0,0,0,0,0,,,,,
Kenny Golladay,WR,NYG,9,LV,0,0,0,0,0,0,0,0,2,28,0,3,0,0,0,0,0,0,0,0,0,0,,,,,
Kenny Stills,WR,NO,9,ATL,0,0,0,0,0,0,0,0,2,30,1,5,0,0,0,0,0,0,0,0,0,0,,,,,
Kenyan Drake,RB,LV,9,NYG,0,0,0,0,0,30,0,4,6,70,0,8,0,0,0,0,0,0,0,0,0,0,,,,,
Kevin Rader,TE,PIT,9,CHI,0,0,0,0,0,0,0,0,1,1,0,1,0,0,0,0,0,0,0,0,0,0,,,,,
Kevin White,WR,NO,9,ATL,0,0,0,0,0,0,0,0,0,0,0,0,0,0,0,0,0,0,0,0,0,0,,,,,
Khalil Herbert,RB,CHI,9,PIT,0,0,0,0,0,13,0,4,0,0,0,0,0,0,0,0,0,0,0,0,0,0,,,,,
Kirk Cousins,QB,MIN,9,BAL,187,2,28,17,0,1,1,1,0,0,0,0,0,0,0,0,0,0,0,0,0,0,,,,,
Kirk Merritt,WR,MIA,9,HOU,0,0,0,0,0,0,0,0,1,13,0,3,0,0,0,0,0,0,0,0,0,0,,,,,
Kyle Juszczyk,RB,SF,9,ARI,0,0,0,0,0,0,0,0,2,14,0,2,0,0,0,0,0,0,0,0,0,0,,,,,
Kyle Pitts,TE,ATL,9,NO,0,0,0,0,0,0,0,0,3,62,0,7,0,0,0,0,0,0,0,0,0,0,,,,,
Kyle Rudolph,TE,NYG,9,LV,0,0,0,0,0,0,0,0,4,20,0,5,0,0,0,0,0,0,0,0,0,0,,,,,
Kylen Granson,TE,IND,9,NYJ,0,0,0,0,0,0,0,0,1,27,0,1,0,0,0,0,0,0,0,0,0,0,,,,,
LA,DEF,LA,9,TEN,,,,,,,,,,,,,,,,,,,,,,,0,0,0,0,28.0
LAC,DEF,LAC,9,PHI,,,,,,,,,,,,,,,,,,,,,,,0,0,0,0,24.0
LV,DEF,LV,9,NYG,,,,,,,,,,,,,,,,,,,,,,,0,0,0,0,23.0
Lamar Jackson,QB,BAL,9,MIN,266,3,41,27,2,120,0,21,0,0,0,0,0,0,0,0,0,0,0,0,0,0,,,,,
Laquon Treadwell,WR,JAX,9,BUF,0,0,0,0,0,0,0,0,0,0,0,1,0,0,0,0,0,0,0,0,0,0,,,,,
Larry Rountree III,RB,LAC,9,PHI,0,0,0,0,0,1,0,1,0,0,0,0,0,0,0,0,0,0,0,0,0,0,,,,,
Laviska Shenault Jr.,WR,JAX,9,BUF,0,0,0,0,0,-4,0,1,4,24,0,4,0,0,0,0,0,0,0,0,0,0,,,,,
Le'Veon Bell,RB,BAL,9,MIN,0,0,0,0,0,48,1,11,0,0,0,0,0,0,0,0,0,0,0,0,0,0,,,,,
Logan Woodside,QB,TEN,9,LA,0,0,0,0,0,-1,0,1,0,0,0,0,0,0,0,0,0,0,0,0,0,0,,,,,
Luke Farrell,TE,JAX,9,BUF,0,0,0,0,0,0,0,0,0,0,0,1,0,0,0,0,0,0,0,0,0,0,,,,,
Luke Stocker,TE,MIN,9,BAL,0,0,0,0,0,0,0,0,1,5,0,1,0,0,0,0,0,0,0,0,0,0,,,,,
MIA,DEF,MIA,9,HOU,,,,,,,,,,,,,,,,,,,,,,,0,0,0,0,9.0
MIN,DEF,MIN,9,BAL,,,,,,,,,,,,,,,,,,,,,,,0,0,0,0,34.0
Mac Jones,QB,NE,9,CAR,139,1,18,12,1,4,0,2,0,0,0,0,0,0,0,0,0,0,0,0,0,0,,,,,
Mack Hollins,WR,MIA,9,HOU,0,0,0,0,0,0,0,0,3,22,1,6,0,0,0,0,0,0,0,0,0,0,,,,,
Malik Taylor,WR,GB,9,KC,0,0,0,0,0,0,0,0,0,0,0,0,0,0,0,0,0,0,0,0,0,0,,,,,
Malik Turner,WR,DAL,9,DEN,0,0,0,0,0,0,0,0,5,33,2,7,0,0,0,0,0,0,0,0,0,0,,,,,
Marcedes Lewis,TE,GB,9,KC,0,0,0,0,0,0,0,0,1,-1,0,1,0,0,0,0,0,0,0,0,0,0,,,,,
Marcus Johnson,WR,TEN,9,LA,0,0,0,0,0,-7,0,1,0,0,0,0,0,0,0,0,0,0,0,0,0,0,,,,,
Marcus Mariota,QB,LV,9,NYG,0,0,0,0,0,6,0,1,0,0,0,0,0,0,0,0,0,0,0,0,0,0,,,,,
Mark Andrews,TE,BAL,9,MIN,0,0,0,0,0,0,0,0,5,44,0,10,0,0,0,0,0,0,0,0,0,0,,,,,
Mark Ingram,RB,NO,9,ATL,0,0,0,0,0,43,0,9,5,21,0,5,0,0,0,0,0,0,0,0,0,0,,,,,
Marquez Callaway,WR,NO,9,ATL,0,0,0,0,0,0,0,0,3,25,1,6,0,0,0,0,0,0,0,0,0,0,,,,,
Marquez Valdes-Scantling,WR,GB,9,KC,0,0,0,0,0,0,0,0,2,19,0,2,0,0,0,0,0,0,0,0,0,0,,,,,
Marquise Brown,WR,BAL,9,MIN,0,0,0,0,0,0,0,0,9,116,0,12,0,0,0,0,0,0,0,0,0,0,,,,,
Marquise Goodwin,WR,CHI,9,PIT,0,0,0,0,0,0,0,0,1,50,0,4,0,0,0,0,0,0,0,0,0,0,,,,,
Marvin Jones,WR,JAX,9,BUF,0,0,0,0,0,0,0,0,3,21,0,5,0,0,0,0,0,0,0,0,0,0,,,,,
Mason Crosby,K,GB,9,KC,0,0,0,0,0,0,0,0,0,0,0,0,0,0,0,0,0,0,0,0,0,1,,,,,
Matt Ammendola,K,NYJ,9,IND,0,0,0,0,0,0,0,0,0,0,0,0,0,0,0,0,0,1,0,0,0,3,,,,,
Matt Gay,K,LA,9,TEN,0,0,0,0,0,0,0,0,0,0,0,0,0,0,0,0,1,1,0,1,0,1,,,,,
Matt Prater,K,ARI,9,SF,0,0,0,0,0,0,0,0,0,0,0,0,0,0,0,0,1,0,0,0,0,4,,,,,
Matt Ryan,QB,ATL,9,NO,343,2,30,23,0,8,1,5,0,0,0,0,0,0,0,0,0,0,0,0,0,0,,,,,
Matthew Slater,WR,NE,9,CAR,0,0,0,0,0,0,0,0,0,0,0,0,0,0,0,0,0,0,0,0,0,0,,,,,
Matthew Stafford,QB,LA,9,TEN,294,1,48,31,2,13,0,2,0,0,0,0,0,0,0,0,0,0,0,0,0,0,,,,,
Matthew Wright,K,JAX,9,BUF,0,0,0,0,0,0,0,0,0,0,0,0,0,0,0,0,1,1,0,1,0,0,,,,,
Mecole Hardman,WR,KC,9,GB,0,0,0,0,0,0,0,0,3,20,0,6,0,0,0,0,0,0,0,0,0,0,,,,,
Melvin Gordon,RB,DEN,9,DAL,0,0,0,0,0,80,1,21,2,15,0,2,0,0,0,0,0,0,0,0,0,0,,,,,
Michael Carter,RB,NYJ,9,IND,0,0,0,0,0,49,0,13,1,37,0,2,0,0,0,0,0,0,0,0,0,0,,,,,
Michael Pittman,WR,IND,9,NYJ,0,0,0,0,0,0,0,0,5,64,1,6,0,0,0,0,0,0,0,0,0,0,,,,,
Mike Badgley,K,IND,9,NYJ,0,0,0,0,0,0,0,0,0,0,0,0,0,0,0,0,0,1,0,0,0,6,,,,,
Mike Boone,RB,DEN,9,DAL,0,0,0,0,0,0,0,0,0,0,0,0,0,0,0,0,0,0,0,0,0,0,,,,,
Mike Davis,RB,ATL,9,NO,0,0,0,0,0,13,0,9,1,5,0,2,0,0,0,0,0,0,0,0,0,0,,,,,
Mike Gesicki,TE,MIA,9,HOU,0,0,0,0,0,0,0,0,4,54,0,8,0,0,0,0,0,0,0,0,0,0,,,,,
Mike Thomas,WR,CIN,9,CLE,0,0,0,0,0,0,0,0,1,16,0,1,0,0,0,0,0,0,0,0,0,0,,,,,
Mike White,QB,NYJ,9,IND,95,1,11,7,0,0,0,0,0,0,0,0,0,0,0,0,0,0,0,0,0,0,,,,,
Mike Williams,WR,LAC,9,PHI,0,0,0,0,0,0,0,0,2,58,0,5,0,0,0,0,0,0,0,0,0,0,,,,,
Mo Alie-Cox,TE,IND,9,NYJ,0,0,0,0,0,0,0,0,1,28,0,1,0,0,0,0,0,0,0,0,0,0,,,,,
Mohamed Sanu,WR,SF,9,ARI,0,0,0,0,0,0,0,0,1,5,0,3,0,0,0,0,0,0,0,0,0,0,,,,,
Myles Gaskin,RB,MIA,9,HOU,0,0,0,0,0,34,1,20,6,23,0,6,0,0,0,0,0,0,0,0,0,0,,,,,
NE,DEF,NE,9,CAR,,,,,,,,,,,,,,,,,,,,,,,1,0,0,0,6.0
NO,DEF,NO,9,ATL,,,,,,,,,,,,,,,,,,,,,,,0,0,0,0,27.0
NYG,DEF,NYG,9,LV,,,,,,,,,,,,,,,,,,,,,,,1,0,0,0,16.0
NYJ,DEF,NYJ,9,IND,,,,,,,,,,,,,,,,,,,,,,,0,0,0,0,45.0
Najee Harris,RB,PIT,9,CHI,0,0,0,0,0,62,1,22,3,16,0,3,0,0,0,0,0,0,0,0,0,0,,,,,
Nick Chubb,RB,CLE,9,CIN,0,0,0,0,0,137,2,14,2,26,0,2,0,0,0,0,0,0,0,0,0,0,,,,,
Nick Folk,K,NE,9,CAR,0,0,0,0,0,0,0,0,0,0,0,0,0,0,0,0,0,1,0,0,0,3,,,,,
Nick Westbrook-Ikhine,WR,TEN,9,LA,0,0,0,0,0,0,0,0,1,14,0,1,0,0,0,0,0,0,0,0,0,0,,,,,
Nico Collins,WR,HOU,9,MIA,0,0,0,0,0,0,0,0,3,25,0,3,0,0,0,0,0,0,0,0,0,0,,,,,
Noah Brown,WR,DAL,9,DEN,0,0,0,0,0,0,0,0,0,0,0,1,0,0,0,0,0,0,0,0,0,0,,,,,
Nyheim Hines,RB,IND,9,NYJ,0,0,0,0,0,74,1,6,4,34,0,6,0,0,0,0,0,0,0,0,0,0,,,,,
Olamide Zaccheaus,WR,ATL,9,NO,0,0,0,0,0,0,0,0,3,58,2,3,0,0,0,0,0,0,0,0,0,0,,,,,
PHI,DEF,PHI,9,LAC,,,,,,,,,,,,,,,,,,,,,,,0,0,0,0,27.0
PIT,DEF,PIT,9,CHI,,,,,,,,,,,,,,,,,,,,,,,0,0,0,0,27.0
Pat Freiermuth,TE,PIT,9,CHI,0,0,0,0,0,0,0,0,5,43,2,6,0,0,0,0,0,0,0,0,0,0,,,,,
Patrick Mahomes,QB,KC,9,GB,166,1,37,20,0,-2,0,2,0,0,0,0,0,0,0,0,0,0,0,0,0,0,,,,,
Patrick Ricard,RB,BAL,9,MIN,0,0,0,0,0,0,0,0,3,35,1,5,0,0,0,0,0,0,0,0,0,0,,,,,
Pharoh Cooper,WR,NYG,9,LV,0,0,0,0,0,0,0,0,0,0,0,0,0,0,0,0,0,0,0,0,0,0,,,,,
Phillip Lindsay,RB,HOU,9,MIA,0,0,0,0,0,28,0,8,0,0,0,0,0,0,0,0,0,0,0,0,0,0,,,,,
Quez Watkins,WR,PHI,9,LAC,0,0,0,0,0,0,0,0,2,9,0,3,0,0,0,0,0,0,0,0,0,0,,,,,
Randall Cobb,WR,GB,9,KC,0,0,0,0,0,0,0,0,3,50,0,5,0,0,0,0,0,0,0,0,0,0,,,,,
Randy Bullock,K,TEN,9,LA,0,0,0,0,0,0,0,0,0,0,0,0,0,0,0,0,0,0,0,0,0,4,,,,,
Rashod Bateman,WR,BAL,9,MIN,0,0,0,0,0,0,0,0,5,52,0,8,0,0,0,0,0,0,0,0,0,0,,,,,
Ray-Ray McCloud,WR,PIT,9,CHI,0,0,0,0,0,0,0,0,1,12,0,1,0,0,0,0,0,0,0,0,0,0,,,,,
Rex Burkhead,RB,HOU,9,MIA,0,0,0,0,0,9,0,2,0,0,0,0,0,0,0,0,0,0,0,0,0,0,,,,,
Rhamondre Stevenson,RB,NE,9,CAR,0,0,0,0,0,62,0,10,2,44,0,2,0,0,0,0,0,0,0,0,0,0,,,,,
Robbie Chosen,WR,CAR,9,NE,0,0,0,0,0,0,0,0,1,2,0,3,0,0,0,0,0,0,0,0,0,0,,,,,
Robbie Gould,K,SF,9,ARI,0,0,0,0,0,0,0,0,0,0,0,0,0,0,0,0,1,0,0,0,0,2,,,,,
Robert Woods,WR,LA,9,TEN,0,0,0,0,0,6,0,1,7,98,0,10,0,0,0,0,0,0,0,0,0,0,,,,,
Rondale Moore,WR,ARI,9,SF,0,0,0,0,0,0,0,0,5,25,0,5,0,0,0,0,0,0,0,0,0,0,,,,,
Russell Gage,WR,ATL,9,NO,0,0,0,0,0,0,0,0,7,64,0,8,0,0,0,0,0,0,0,0,0,0,,,,,
Ryan Griffin,TE,NYJ,9,IND,0,0,0,0,0,0,0,0,4,28,1,7,0,0,0,0,0,0,0,0,0,0,,,,,
Ryan Nall,RB,CHI,9,PIT,0,0,0,0,0,0,0,0,0,0,0,0,0,0,0,0,0,0,0,0,0,0,,,,,
Ryan Tannehill,QB,TEN,9,LA,143,1,27,19,1,3,1,2,0,0,0,0,0,0,0,0,0,0,0,0,0,0,,,,,
SF,DEF,SF,9,ARI,,,,,,,,,,,,,,,,,,,,,,,0,0,0,0,31.0
Salvon Ahmed,RB,MIA,9,HOU,0,0,0,0,0,6,0,4,0,0,0,0,0,0,0,0,0,0,0,0,0,0,,,,,
Sam Darnold,QB,CAR,9,NE,172,0,33,16,3,9,0,3,0,0,0,0,0,0,0,0,0,0,0,0,0,0,,,,,
Sam Ehlinger,QB,IND,9,NYJ,0,0,0,0,0,1,0,1,0,0,0,0,0,0,0,0,0,0,0,0,0,0,,,,,
Samaje Perine,RB,CIN,9,CLE,0,0,0,0,0,20,0,5,2,17,0,3,0,0,0,0,0,0,0,0,0,0,,,,,
Scottie Phillips,RB,HOU,9,MIA,0,0,0,0,0,2,0,1,0,0,0,0,0,0,0,0,0,0,0,0,0,0,,,,,
Sean McKeon,TE,DAL,9,DEN,0,0,0,0,0,0,0,0,0,0,0,2,0,0,0,0,0,0,0,0,0,0,,,,,
Sony Michel,RB,LA,9,TEN,0,0,0,0,0,20,0,7,2,6,1,3,0,0,0,0,0,0,0,0,0,0,,,,,
Stanley Morgan,WR,CIN,9,CLE,0,0,0,0,0,0,0,0,0,0,0,0,0,0,0,0,0,0,0,0,0,0,,,,,
Stefon Diggs,WR,BUF,9,JAX,0,0,0,0,0,0,0,0,6,85,0,8,0,0,0,0,0,0,0,0,0,0,,,,,
Stephen Anderson,TE,LAC,9,PHI,0,0,0,0,0,0,0,0,4,39,1,4,0,0,0,0,0,0,0,0,0,0,,,,,
TEN,DEF,TEN,9,LA,,,,,,,,,,,,,,,,,,,,,,,1,0,0,0,16.0
Taiwan Jones,RB,BUF,9,JAX,0,0,0,0,0,0,0,0,0,0,0,0,0,0,0,0,0,0,0,0,0,0,,,,,
Tajae Sharpe,WR,ATL,9,NO,0,0,0,0,0,0,0,0,1,12,0,1,0,0,0,0,0,0,0,0,0,0,,,,,
Taysom Hill,TE,NO,9,ATL,33,0,2,2,0,4,0,1,0,0,0,0,0,0,0,0,0,0,0,0,0,0,,,,,
Teddy Bridgewater,QB,DEN,9,DAL,249,1,28,19,0,-1,1,3,0,0,0,0,0,0,1,0,0,0,0,0,0,0,,,,,
Tee Higgins,WR,CIN,9,CLE,0,0,0,0,0,0,0,0,6,78,0,8,0,0,0,0,0,0,0,0,0,0,,,,,
Terrace Marshall Jr.,WR,CAR,9,NE,0,0,0,0,0,0,0,0,0,0,0,1,0,0,0,0,0,0,0,0,0,0,,,,,
Tim Patrick,WR,DEN,9,DAL,0,0,0,0,0,0,0,0,4,85,1,5,0,0,0,0,0,0,0,0,0,0,,,,,
Tommy Sweeney,TE,BUF,9,JAX,0,0,0,0,0,0,0,0,2,10,0,2,0,0,0,0,0,0,0,0,0,0,,,,,
Tommy Tremble,TE,CAR,9,NE,0,0,0,0,0,0,0,0,1,6,0,2,0,0,0,0,0,0,0,0,0,0,,,,,
Tony Pollard,RB,DAL,9,DEN,0,0,0,0,0,11,0,4,1,32,0,2,0,0,0,0,0,0,0,0,0,0,,,,,
Travis Kelce,TE,KC,9,GB,0,0,0,0,0,0,0,0,5,68,1,8,0,0,0,0,0,0,0,0,0,0,,,,,
Tre'Quan Smith,WR,NO,9,ATL,0,0,0,0,0,0,0,0,3,53,0,4,0,0,0,0,0,0,0,0,0,0,,,,,
Trenton Cannon,RB,SF,9,ARI,0,0,0,0,0,0,0,0,0,0,0,0,0,0,0,0,0,0,0,0,0,0,,,,,
Trevon Wesco,TE,NYJ,9,IND,0,0,0,0,0,0,0,0,2,16,0,2,0,0,0,0,0,0,0,0,0,0,,,,,
Trevor Lawrence,QB,JAX,9,BUF,118,0,26,15,0,4,0,3,0,0,0,0,0,0,0,0,0,0,0,0,0,0,,,,,
Trevor Siemian,QB,NO,9,ATL,249,2,41,25,0,0,0,0,0,0,0,0,0,0,0,0,0,0,0,0,0,0,,,,,
Ty Johnson,RB,NYJ,9,IND,0,0,0,0,0,21,0,4,2,40,1,3,0,0,0,0,0,0,0,0,0,0,,,,,
Tyler Bass,K,BUF,9,JAX,0,0,0,0,0,0,0,0,0,0,0,0,0,0,0,0,1,0,1,0,0,0,,,,,
Tyler Boyd,WR,CIN,9,CLE,0,0,0,0,0,0,0,0,1,11,0,2,0,0,0,0,0,0,0,0,0,0,,,,,
Tyler Conklin,TE,MIN,9,BAL,0,0,0,0,0,0,0,0,5,45,0,7,0,0,0,0,0,0,0,0,0,0,,,,,
Tyler Higbee,TE,LA,9,TEN,0,0,0,0,0,0,0,0,5,51,0,10,0,0,0,0,0,0,0,0,0,0,,,,,
Tyler Kroft,TE,NYJ,9,IND,0,0,0,0,0,0,0,0,2,38,0,3,0,0,0,0,0,0,0,0,0,0,,,,,
Tyreek Hill,WR,KC,9,GB,0,0,0,0,0,-4,0,1,4,37,0,11,0,0,0,0,0,0,0,0,0,0,,,,,
Tyrod Taylor,QB,HOU,9,MIA,240,0,43,24,3,23,0,3,0,0,0,0,0,0,0,0,0,0,0,0,0,0,,,,,
Van Jefferson,WR,LA,9,TEN,0,0,0,0,0,0,0,0,3,41,0,7,0,0,0,0,0,0,0,0,0,0,,,,,
Willie Snead,WR,CAR,9,NE,0,0,0,0,0,0,0,0,1,6,0,2,0,0,0,0,0,0,0,0,0,0,,,,,
Younghoe Koo,K,ATL,9,NO,0,0,0,0,0,0,0,0,0,0,0,0,0,0,0,0,1,1,0,0,0,3,,,,,
Zach Ertz,TE,ARI,9,SF,0,0,0,0,0,0,0,0,3,27,0,5,0,0,0,0,0,0,0,0,0,0,,,,,
Zach Pascal,WR,IND,9,NYJ,0,0,0,0,0,0,0,0,4,58,0,7,0,0,0,0,0,0,0,0,0,0,,,,,
Zack Moss,RB,BUF,9,JAX,0,0,0,0,0,6,0,3,2,18,0,4,0,0,0,0,0,0,0,0,0,0,,,,,
Zane Gonzalez,K,CAR,9,NE,0,0,0,0,0,0,0,0,0,0,0,0,0,0,0,0,0,1,1,0,0,0,,,,,
Zay Jones,WR,LV,9,NYG,0,0,0,0,0,0,0,0,1,20,0,4,0,0,0,0,0,0,0,0,0,0,,,,,
A.J. Brown,WR,TEN,10,NO,0,0,0,0,0,7,0,1,1,16,0,4,0,0,0,0,0,0,0,0,0,0,,,,,
A.J. Green,WR,ARI,10,CAR,0,0,0,0,0,0,0,0,1,4,0,5,0,0,0,0,0,0,0,0,0,0,,,,,
AJ Dillon,RB,GB,10,SEA,0,0,0,0,0,66,2,21,2,62,0,2,0,0,0,0,0,0,0,0,0,0,,,,,
ARI,DEF,ARI,10,CAR,,,,,,,,,,,,,,,,,,,,,,,0,0,0,0,34.0
ATL,DEF,ATL,10,DAL,,,,,,,,,,,,,,,,,,,,,,,0,0,0,0,43.0
Aaron Jones,RB,GB,10,SEA,0,0,0,0,0,25,0,7,4,61,0,6,0,0,0,0,0,0,0,0,0,0,,,,,
Aaron Rodgers,QB,GB,10,SEA,292,0,37,23,1,8,0,2,0,0,0,0,0,0,0,0,0,0,0,0,0,0,,,,,
Adam Humphries,WR,WAS,10,TB,0,0,0,0,0,0,0,0,1,5,0,1,0,0,0,0,0,0,0,0,0,0,,,,,
Adam Shaheen,TE,MIA,10,BAL,0,0,0,0,0,0,0,0,3,34,0,4,0,0,0,0,0,0,0,0,0,0,,,,,
Adam Thielen,WR,MIN,10,LAC,0,0,0,0,0,0,0,0,5,65,0,7,0,0,0,0,0,0,0,0,0,0,,,,,
Adam Trautman,TE,NO,10,TEN,0,0,0,0,0,0,0,0,5,32,0,6,0,0,0,0,0,0,0,0,0,0,,,,,
Adrian Peterson,RB,TEN,10,NO,0,0,0,0,0,21,0,8,1,-1,0,1,0,0,0,0,0,0,0,0,0,0,,,,,
Albert Okwuegbunam,TE,DEN,10,PHI,0,0,0,0,0,0,0,0,3,77,0,3,0,0,0,0,0,0,0,0,0,0,,,,,
Albert Wilson,WR,MIA,10,BAL,0,0,0,0,0,19,0,2,4,87,0,5,0,0,0,0,0,0,0,0,0,0,,,,,
Alex Collins,RB,SEA,10,GB,0,0,0,0,0,41,0,10,1,8,0,1,0,0,0,0,0,0,0,0,0,0,,,,,
Alex Erickson,WR,CAR,10,ARI,0,0,0,0,0,0,0,0,0,0,0,0,0,0,0,0,0,0,0,0,0,0,,,,,
Alexander Mattison,RB,MIN,10,LAC,0,0,0,0,0,16,0,4,1,24,0,1,0,0,0,0,0,0,0,0,0,0,,,,,
Allen Lazard,WR,GB,10,SEA,0,0,0,0,0,0,0,0,1,6,0,4,0,0,0,0,0,0,0,0,0,0,,,,,
Amari Cooper,WR,DAL,10,ATL,0,0,0,0,0,0,0,0,4,51,0,4,0,0,0,0,0,0,0,0,0,0,,,,,
Amari Rodgers,WR,GB,10,SEA,0,0,0,0,0,0,0,0,0,0,0,0,0,0,0,0,0,0,0,0,0,0,,,,,
Ameer Abdullah,RB,CAR,10,ARI,0,0,0,0,0,24,0,9,4,27,0,4,0,0,0,0,0,0,0,0,0,0,,,,,
Amon-Ra St. Brown,WR,DET,10,PIT,0,0,0,0,0,0,0,0,4,61,0,6,0,0,0,0,0,0,0,0,0,0,,,,,
Andre Roberts,WR,LAC,10,MIN,0,0,0,0,0,0,0,0,0,0,0,0,0,0,0,0,0,0,0,0,0,0,,,,,
Anthony Firkser,TE,TEN,10,NO,0,0,0,0,0,0,0,0,1,2,0,2,0,0,0,0,0,0,0,0,0,0,,,,,
Anthony Schwartz,WR,CLE,10,NE,0,0,0,0,0,0,0,0,0,0,0,1,0,0,0,0,0,0,0,0,0,0,,,,,
Antoine Wesley,WR,ARI,10,CAR,0,0,0,0,0,0,0,0,0,0,0,1,0,0,0,0,0,0,0,0,0,0,,,,,
Antonio Gibson,RB,WAS,10,TB,0,0,0,0,0,64,2,24,2,14,0,2,0,0,0,0,0,0,0,0,0,0,,,,,
Ashton Dulin,WR,IND,10,JAX,0,0,0,0,0,0,0,0,1,16,0,1,0,0,0,0,0,0,0,0,0,0,,,,,
Austin Ekeler,RB,LAC,10,MIN,0,0,0,0,0,44,0,11,3,15,1,6,0,0,0,0,0,0,0,0,0,0,,,,,
Austin Hooper,TE,CLE,10,NE,0,0,0,0,0,0,0,0,4,25,1,5,0,0,0,0,0,0,0,0,0,0,,,,,
Avery Williams,RB,ATL,10,DAL,0,0,0,0,0,0,0,0,0,0,0,0,0,0,0,0,0,0,0,0,0,0,,,,,
BAL,DEF,BAL,10,MIA,,,,,,,,,,,,,,,,,,,,,,,0,0,0,0,22.0
BUF,DEF,BUF,10,NYJ,,,,,,,,,,,,,,,,,,,,,,,0,0,0,0,17.0
Baker Mayfield,QB,CLE,10,NE,73,1,21,11,1,0,0,0,0,0,0,0,0,0,0,0,0,0,0,0,0,0,,,,,
Ben Skowronek,WR,LA,10,SF,0,0,0,0,0,0,0,0,1,8,0,5,0,0,0,0,0,0,0,0,0,0,,,,,
Benny Snell,RB,PIT,10,DET,0,0,0,0,0,4,0,1,0,0,0,0,0,0,0,0,0,0,0,0,0,0,,,,,
Blake Bell,TE,KC,10,LV,0,0,0,0,0,3,0,1,0,0,0,0,0,0,0,0,0,0,0,0,0,0,,,,,
Boston Scott,RB,PHI,10,DEN,0,0,0,0,0,81,0,11,2,24,0,2,0,0,0,0,0,0,0,0,0,0,,,,,
Brandon Aiyuk,WR,SF,10,LA,0,0,0,0,0,0,0,0,3,26,0,4,0,0,0,0,0,0,0,0,0,0,,,,,
Brandon Bolden,RB,NE,10,CLE,0,0,0,0,0,32,0,3,3,38,0,3,0,0,0,0,0,0,0,0,0,0,,,,,
Brandon McManus,K,DEN,10,PHI,0,0,0,0,0,0,0,0,0,0,0,0,0,0,0,0,2,0,0,0,0,1,,,,,
Brandon Zylstra,WR,CAR,10,ARI,0,0,0,0,0,0,0,0,2,18,0,2,0,0,0,0,0,0,0,0,0,0,,,,,
Braxton Berrios,WR,NYJ,10,BUF,0,0,0,0,0,0,0,0,3,19,0,3,0,0,0,0,0,0,0,0,0,0,,,,,
Brian Hoyer,QB,NE,10,CLE,85,1,3,3,0,-2,0,2,0,0,0,0,0,0,0,0,0,0,0,0,0,0,,,,,
Brian Johnson,K,NO,10,TEN,0,0,0,0,0,0,0,0,0,0,0,0,0,0,0,0,1,0,0,0,0,0,,,,,
Brock Wright,TE,DET,10,PIT,0,0,0,0,0,0,0,0,1,2,0,2,0,0,0,0,0,0,0,0,0,0,,,,,
Bryan Edwards,WR,LV,10,KC,0,0,0,0,0,0,0,0,3,88,1,4,0,0,0,0,0,0,0,0,0,0,,,,,
Byron Pringle,WR,KC,10,LV,0,0,0,0,0,0,0,0,4,46,1,5,0,0,0,0,0,0,0,0,0,0,,,,,
CAR,DEF,CAR,10,ARI,,,,,,,,,,,,,,,,,,,,,,,0,0,0,0,10.0
CLE,DEF,CLE,10,NE,,,,,,,,,,,,,,,,,,,,,,,0,0,0,0,45.0
Cam Newton,QB,CAR,10,ARI,8,1,4,3,0,14,1,3,0,0,0,0,0,0,0,0,0,0,0,0,0,0,,,,,
Cam Sims,WR,WAS,10,TB,0,0,0,0,0,0,0,0,2,10,0,2,0,0,0,0,0,0,0,0,0,0,,,,,
Cameron Brate,TE,TB,10,WAS,0,0,0,0,0,0,0,0,1,6,1,3,0,0,0,0,0,0,0,0,0,0,,,,,
Carlos Hyde,RB,JAX,10,IND,0,0,0,0,0,4,0,2,1,0,0,2,0,0,0,0,0,0,0,0,0,0,,,,,
Carson Wentz,QB,IND,10,JAX,180,0,34,22,0,-1,0,4,0,0,0,0,0,0,0,0,0,0,0,0,0,0,,,,,
Case Keenum,QB,CLE,10,NE,81,0,12,8,0,0,0,0,0,0,0,0,0,0,0,0,0,0,0,0,0,0,,,,,
CeeDee Lamb,WR,DAL,10,ATL,0,0,0,0,0,12,0,1,6,94,2,7,0,0,0,0,0,0,0,0,0,0,,,,,
Chad Henne,QB,KC,10,LV,0,0,0,0,0,-2,0,2,0,0,0,0,0,0,0,0,0,0,0,0,0,0,,,,,
Chase McLaughlin,K,CLE,10,NE,0,0,0,0,0,0,0,0,0,0,0,0,0,0,0,0,0,0,0,0,0,1,,,,,
Chester Rogers,WR,TEN,10,NO,0,0,0,0,0,0,0,0,1,9,0,1,0,0,0,0,0,0,0,0,0,0,,,,,
Chris Boswell,K,PIT,10,DET,0,0,0,0,0,0,0,0,0,0,0,0,0,0,0,0,2,0,0,1,0,1,,,,,
Chris Godwin Jr.,WR,TB,10,WAS,0,0,0,0,0,0,0,0,7,57,0,8,0,0,0,0,0,0,0,0,0,0,,,,,
Chris Herndon,TE,MIN,10,LAC,0,0,0,0,0,0,0,0,1,14,0,2,0,0,0,0,0,0,0,0,0,0,,,,,
Chris Manhertz,TE,JAX,10,IND,0,0,0,0,0,0,0,0,0,0,0,0,0,0,0,0,0,0,0,0,0,0,,,,,
Chris Streveler,QB,ARI,10,CAR,36,0,9,6,0,4,0,2,0,0,0,0,0,0,0,0,0,0,0,0,0,0,,,,,
Christian Blake,WR,ATL,10,DAL,0,0,0,0,0,0,0,0,0,0,0,1,0,0,0,0,0,0,0,0,0,0,,,,,
Christian Kirk,WR,ARI,10,CAR,0,0,0,0,0,0,0,0,7,58,0,8,0,0,0,0,0,0,0,0,0,0,,,,,
Christian McCaffrey,RB,CAR,10,ARI,0,0,0,0,0,95,0,13,10,66,0,10,0,0,0,0,0,0,0,0,0,0,,,,,
Chuba Hubbard,RB,CAR,10,ARI,0,0,0,0,0,27,1,9,0,0,0,0,0,0,0,0,0,0,0,0,0,0,,,,,
Cody White,WR,PIT,10,DET,0,0,0,0,0,0,0,0,0,0,0,0,0,0,0,0,0,0,0,0,0,0,,,,,
Cole Beasley,WR,BUF,10,NYJ,0,0,0,0,0,0,0,0,2,15,0,2,0,0,0,0,0,0,0,0,0,0,,,,,
Colt McCoy,QB,ARI,10,CAR,107,0,20,11,1,-1,0,1,0,0,0,0,0,0,0,0,0,0,0,0,0,0,,,,,
Cooper Kupp,WR,LA,10,SF,0,0,0,0,0,0,0,0,11,122,0,13,0,0,0,0,0,0,0,0,0,0,,,,,
Cooper Rush,QB,DAL,10,ATL,17,0,3,3,0,-6,0,3,0,0,0,0,0,0,0,0,0,0,0,0,0,0,,,,,
Cordarrelle Patterson,RB,ATL,10,DAL,0,0,0,0,0,25,0,4,1,14,0,2,0,0,0,0,0,0,0,0,0,0,,,,,
Corey Clement,RB,DAL,10,ATL,0,0,0,0,0,20,0,6,1,5,0,1,0,0,0,0,0,0,0,0,0,0,,,,,
Corey Davis,WR,NYJ,10,BUF,0,0,0,0,0,0,0,0,5,93,0,7,0,0,0,0,0,0,0,0,0,0,,,,,
Courtland Sutton,WR,DEN,10,PHI,0,0,0,0,0,0,0,0,2,29,0,3,0,0,0,0,0,0,0,0,0,0,,,,,
D'Andre Swift,RB,DET,10,PIT,0,0,0,0,0,130,0,33,3,5,0,6,0,0,0,0,0,0,0,0,0,0,,,,,
D'Ernest Johnson,RB,CLE,10,NE,0,0,0,0,0,99,0,19,7,58,0,8,0,0,0,0,0,0,0,0,0,0,,,,,
D'Onta Foreman,RB,TEN,10,NO,0,0,0,0,0,30,0,11,2,48,0,2,0,0,0,0,0,0,0,0,0,0,,,,,
DAL,DEF,DAL,10,ATL,,,,,,,,,,,,,,,,,,,,,,,0,0,0,0,3.0
DEN,DEF,DEN,10,PHI,,,,,,,,,,,,,,,,,,,,,,,0,0,0,0,30.0
DET,DEF,DET,10,PIT,,,,,,,,,,,,,,,,,,,,,,,0,0,0,0,16.0
DJ Moore,WR,CAR,10,ARI,0,0,0,0,0,0,0,0,4,24,0,7,0,0,0,0,0,0,0,0,0,0,,,,,
DK Metcalf,WR,SEA,10,GB,0,0,0,0,0,0,0,0,3,26,0,8,0,0,0,0,0,0,0,0,0,0,,,,,
Dak Prescott,QB,DAL,10,ATL,296,2,31,24,0,5,1,2,0,0,0,0,0,0,0,0,0,0,0,0,0,0,,,,,
Dallas Goedert,TE,PHI,10,DEN,0,0,0,0,0,0,0,0,2,28,0,2,0,0,0,0,0,0,0,0,0,0,,,,,
Dalton Schultz,TE,DAL,10,ATL,0,0,0,0,0,0,0,0,1,14,0,2,0,0,0,0,0,0,0,0,0,0,,,,,
Dalvin Cook,RB,MIN,10,LAC,0,0,0,0,0,94,1,24,3,24,0,5,0,0,0,0,0,0,0,0,0,0,,,,,
Dan Arnold,TE,JAX,10,IND,0,0,0,0,0,0,0,0,5,67,0,8,0,0,1,0,0,0,0,0,0,0,,,,,
Dan Chisena,WR,MIN,10,LAC,0,0,0,0,0,0,0,0,0,0,0,0,0,0,0,0,0,0,0,0,0,0,,,,,
Daniel Carlson,K,LV,10,KC,0,0,0,0,0,0,0,0,0,0,0,0,0,0,0,0,0,0,0,0,0,2,,,,,
Daniel Helm,TE,LV,10,KC,0,0,0,0,0,0,0,0,0,0,0,0,0,0,0,0,0,0,0,0,0,0,,,,,
Darrel Williams,RB,KC,10,LV,0,0,0,0,0,43,0,11,9,101,1,9,0,0,0,0,0,0,0,0,0,0,,,,,
Darrell Daniels,TE,ARI,10,CAR,0,0,0,0,0,0,0,0,0,0,0,0,0,0,0,0,0,0,0,0,0,0,,,,,
Darrell Henderson,RB,LA,10,SF,0,0,0,0,0,31,0,5,4,10,0,6,0,0,0,0,0,0,0,0,0,0,,,,,
Darren Waller,TE,LV,10,KC,0,0,0,0,0,0,0,0,4,24,0,7,0,0,0,0,0,0,0,0,0,0,,,,,
Davante Adams,WR,GB,10,SEA,0,0,0,0,0,0,0,0,7,78,0,11,0,0,0,0,0,0,0,0,0,0,,,,,
David Njoku,TE,CLE,10,NE,0,0,0,0,0,0,0,0,1,11,0,4,0,0,0,0,0,0,0,0,0,0,,,,,
Davis Webb,QB,BUF,10,NYJ,0,0,0,0,0,-3,0,2,0,0,0,0,0,0,0,0,0,0,0,0,0,0,,,,,
Dawson Knox,TE,BUF,10,NYJ,0,0,0,0,0,0,0,0,1,17,0,1,0,0,0,0,0,0,0,0,0,0,,,,,
Dax Milne,WR,WAS,10,TB,0,0,0,0,0,0,0,0,2,22,0,2,0,0,0,0,0,0,0,0,0,0,,,,,
DeAndre Carter,WR,WAS,10,TB,0,0,0,0,0,4,0,1,3,56,1,6,0,0,0,0,0,0,0,0,0,0,,,,,
DeSean Jackson,WR,LV,10,KC,0,0,0,0,0,0,0,0,1,38,0,1,0,0,0,0,0,0,0,0,0,0,,,,,
DeVonta Smith,WR,PHI,10,DEN,0,0,0,0,0,0,0,0,4,66,2,6,0,0,0,0,0,0,0,0,0,0,,,,,
Dede Westbrook,WR,MIN,10,LAC,0,0,0,0,0,0,0,0,0,0,0,0,0,0,0,0,0,0,0,0,0,0,,,,,
Dee Eskridge,WR,SEA,10,GB,0,0,0,0,0,0,0,0,1,-4,0,2,0,0,0,0,0,0,0,0,0,0,,,,,
DeeJay Dallas,RB,SEA,10,GB,0,0,0,0,0,0,0,0,0,0,0,0,0,0,0,0,0,0,0,0,0,0,,,,,
Deebo Samuel Sr.,WR,SF,10,LA,0,0,0,0,0,36,1,5,5,97,1,5,0,0,0,0,0,0,0,0,0,0,,,,,
Demarcus Robinson,WR,KC,10,LV,0,0,0,0,0,0,0,0,3,23,0,4,0,0,0,0,0,0,0,0,0,0,,,,,
Deonte Harty,WR,NO,10,TEN,0,0,0,0,0,6,0,1,3,84,0,4,0,0,0,0,0,0,0,0,0,0,,,,,
Derek Carr,QB,LV,10,KC,261,2,35,25,1,18,0,3,0,0,0,0,0,0,0,0,0,0,0,0,0,0,,,,,
Derrick Gore,RB,KC,10,LV,0,0,0,0,0,19,0,6,0,0,0,0,0,0,0,0,0,0,0,0,0,0,,,,,
Devin Duvernay,WR,BAL,10,MIA,0,0,0,0,0,19,0,1,4,28,0,4,0,0,0,0,0,0,0,0,0,0,,,,,
Devin Singletary,RB,BUF,10,NYJ,0,0,0,0,0,43,1,7,1,6,0,1,0,0,0,0,0,0,0,0,0,0,,,,,
Devonta Freeman,RB,BAL,10,MIA,0,0,0,0,0,35,0,10,3,23,0,4,0,0,0,0,0,0,0,0,0,0,,,,,
Dez Fitzpatrick,WR,TEN,10,NO,0,0,0,0,0,0,0,0,1,0,0,1,0,0,0,0,0,0,0,0,0,0,,,,,
Dillon Stoner,WR,LV,10,KC,0,0,0,0,0,0,0,0,0,0,0,0,0,0,0,0,0,0,0,0,0,0,,,,,
Diontae Johnson,WR,PIT,10,DET,0,0,0,0,0,0,0,0,7,83,0,13,0,0,0,0,0,0,0,0,0,0,,,,,
Diontae Spencer,WR,DEN,10,PHI,0,0,0,0,0,0,0,0,0,0,0,0,0,0,0,0,0,0,0,0,0,0,,,,,
Donald Parham,TE,LAC,10,MIN,0,0,0,0,0,0,0,0,1,17,0,2,0,0,0,0,0,0,0,0,0,0,,,,,
Donovan Peoples-Jones,WR,CLE,10,NE,0,0,0,0,0,0,0,0,1,16,0,5,0,0,0,0,0,0,0,0,0,0,,,,,
Durham Smythe,TE,MIA,10,BAL,0,0,0,0,0,0,0,0,1,23,0,1,0,0,0,0,0,0,0,0,0,0,,,,,
Dustin Hopkins,K,LAC,10,MIN,0,0,0,0,0,0,0,0,0,0,0,0,0,0,0,0,1,0,1,0,0,2,,,,,
Dwayne Washington,RB,NO,10,TEN,0,0,0,0,0,8,0,2,0,0,0,0,0,0,0,0,0,0,0,0,0,0,,,,,
Elijah Mitchell,RB,SF,10,LA,0,0,0,0,0,91,0,27,0,0,0,0,0,0,0,0,0,0,0,0,0,0,,,,,
Elijah Moore,WR,NYJ,10,BUF,0,0,0,0,0,0,0,0,3,44,1,6,0,0,0,0,0,0,0,0,0,0,,,,,
Emmanuel Sanders,WR,BUF,10,NYJ,0,0,0,0,0,24,0,1,2,27,0,2,0,0,0,0,0,0,0,0,0,0,,,,,
Eno Benjamin,RB,ARI,10,CAR,0,0,0,0,0,22,0,6,0,0,0,1,0,0,0,0,0,0,0,0,0,0,,,,,
Eric Ebron,TE,PIT,10,DET,0,0,0,0,0,0,0,0,2,13,0,2,0,0,0,0,0,0,0,0,0,0,,,,,
Eric Saubert,TE,DEN,10,PHI,0,0,0,0,0,0,0,0,0,0,0,0,0,0,0,0,0,0,0,0,0,0,,,,,
Ezekiel Elliott,RB,DAL,10,ATL,4,0,1,1,0,41,2,14,3,15,0,3,0,0,1,0,0,0,0,0,0,0,,,,,
Feleipe Franks,TE,ATL,10,DAL,0,0,0,0,0,0,0,0,0,0,0,0,0,0,0,0,0,0,0,0,0,0,,,,,
Foster Moreau,TE,LV,10,KC,0,0,0,0,0,0,0,0,0,0,0,0,0,0,0,0,0,0,0,0,0,0,,,,,
Frank Darby,WR,ATL,10,DAL,0,0,0,0,0,0,0,0,1,14,0,3,0,0,0,0,0,0,0,0,0,0,,,,,
Freddie Swain,WR,SEA,10,GB,0,0,0,0,0,0,0,0,0,0,0,3,0,0,0,0,0,0,0,0,0,0,,,,,
GB,DEF,GB,10,SEA,,,,,,,,,,,,,,,,,,,,,,,0,0,0,0,0.0
Gabe Davis,WR,BUF,10,NYJ,0,0,0,0,0,0,0,0,3,105,0,3,0,0,0,0,0,0,0,0,0,0,,,,,
Geoff Swaim,TE,TEN,10,NO,0,0,0,0,0,0,0,0,4,26,0,5,0,0,0,0,0,0,0,0,0,0,,,,,
George Kittle,TE,SF,10,LA,0,0,0,0,0,0,0,0,5,50,1,7,0,0,0,0,0,0,0,0,0,0,,,,,
Gerald Everett,TE,SEA,10,GB,0,0,0,0,0,0,0,0,8,63,0,8,0,0,0,0,0,0,0,0,0,0,,,,,
Giovani Bernard,RB,TB,10,WAS,0,0,0,0,0,4,0,1,1,4,0,3,0,0,0,0,0,0,0,0,0,0,,,,,
Giovanni Ricci,TE,CAR,10,ARI,0,0,0,0,0,0,0,0,0,0,0,0,0,0,0,0,0,0,0,0,0,0,,,,,
Godwin Igwebuike,RB,DET,10,PIT,0,0,0,0,0,56,1,2,0,0,0,0,0,0,0,0,0,0,0,0,0,0,,,,,
Greg Dortch,WR,ARI,10,CAR,0,0,0,0,0,0,0,0,0,0,0,0,0,0,0,0,0,0,0,0,0,0,,,,,
Greg Joseph,K,MIN,10,LAC,0,0,0,0,0,0,0,0,0,0,0,0,0,0,0,0,0,1,1,0,0,3,,,,,
Harrison Bryant,TE,CLE,10,NE,0,0,0,0,0,0,0,0,2,18,0,2,0,0,0,0,0,0,0,0,0,0,,,,,
Harrison Butker,K,KC,10,LV,0,0,0,0,0,0,0,0,0,0,0,0,0,0,0,0,0,1,1,0,0,5,,,,,
Hunter Henry,TE,NE,10,CLE,0,0,0,0,0,0,0,0,4,37,2,4,0,0,0,0,0,0,0,0,0,0,,,,,
Hunter Renfrow,WR,LV,10,KC,0,0,0,0,0,0,0,0,7,46,1,9,0,0,0,0,0,0,0,0,0,0,,,,,
IND,DEF,IND,10,JAX,,,,,,,,,,,,,,,,,,,,,,,0,0,0,0,17.0
Isaiah Ford,WR,MIA,10,BAL,0,0,0,0,0,0,0,0,4,84,0,4,0,0,0,0,0,0,0,0,0,0,,,,,
Isaiah McKenzie,WR,BUF,10,NYJ,0,0,0,0,0,17,1,2,1,12,0,3,0,0,0,0,0,0,0,0,0,0,,,,,
J.D. McKissic,RB,WAS,10,TB,0,0,0,0,0,4,0,2,4,35,0,4,0,0,0,0,0,0,0,0,0,0,,,,,
J.J. Koski,WR,LA,10,SF,0,0,0,0,0,0,0,0,0,0,0,0,0,0,0,0,0,0,0,0,0,0,,,,,
J.J. Taylor,RB,NE,10,CLE,0,0,0,0,0,11,0,6,0,0,0,0,0,0,0,0,0,0,0,0,0,0,,,,,
JAX,DEF,JAX,10,IND,,,,,,,,,,,,,,,,,,,,,,,0,0,0,0,23.0
Jack Doyle,TE,IND,10,JAX,0,0,0,0,0,0,0,0,3,31,0,5,0,0,0,0,0,0,0,0,0,0,,,,,
Jack Stoll,TE,PHI,10,DEN,0,0,0,0,0,0,0,0,2,6,0,3,0,0,0,0,0,0,0,0,0,0,,,,,
Jacoby Brissett,QB,MIA,10,BAL,156,0,23,11,0,4,0,1,0,0,0,0,0,0,0,0,0,0,0,0,0,0,,,,,
Jaelon Darden,WR,TB,10,WAS,0,0,0,0,0,0,0,0,1,29,0,2,0,0,0,0,0,0,0,0,0,0,,,,,
Jake Elliott,K,PHI,10,DEN,0,0,0,0,0,0,0,0,0,0,0,0,0,0,0,0,1,1,0,1,0,3,,,,,
Jakobi Meyers,WR,NE,10,CLE,0,0,0,0,0,0,0,0,4,49,1,4,0,0,0,0,0,0,0,0,0,0,,,,,
Jalen Guyton,WR,LAC,10,MIN,0,0,0,0,0,0,0,0,0,0,0,1,0,0,0,0,0,0,0,0,0,0,,,,,
Jalen Hurts,QB,PHI,10,DEN,178,2,23,16,1,55,0,13,0,0,0,0,0,0,0,0,0,0,0,0,0,0,,,,,
Jalen Reagor,WR,PHI,10,DEN,0,0,0,0,0,-8,0,1,1,12,0,2,0,0,0,0,0,0,0,0,0,0,,,,,
Jalen Richard,RB,LV,10,KC,0,0,0,0,0,0,0,0,1,3,0,1,0,0,0,0,0,0,0,0,0,0,,,,,
Jamal Agnew,WR,JAX,10,IND,0,0,0,0,0,79,1,3,0,0,0,5,0,0,0,0,0,0,0,0,0,0,,,,,
James Conner,RB,ARI,10,CAR,0,0,0,0,0,39,1,10,3,25,0,4,0,0,0,0,0,0,0,0,0,0,,,,,
James Robinson,RB,JAX,10,IND,0,0,0,0,0,57,1,12,4,27,0,5,0,0,0,0,0,0,0,0,0,0,,,,,
James Washington,WR,PIT,10,DET,0,0,0,0,0,0,0,0,2,15,1,6,0,0,0,0,0,0,0,0,0,0,,,,,
Jamison Crowder,WR,NYJ,10,BUF,0,0,0,0,0,0,0,0,3,20,0,5,0,0,0,0,0,0,0,0,0,0,,,,,
Jared Cook,TE,LAC,10,MIN,0,0,0,0,0,0,0,0,1,10,0,3,0,0,0,0,0,0,0,0,0,0,,,,,
Jared Goff,QB,DET,10,PIT,114,0,25,14,0,0,0,0,0,0,0,0,0,0,0,0,0,0,0,0,0,0,,,,,
Jaret Patterson,RB,WAS,10,TB,0,0,0,0,0,7,0,4,0,0,0,0,0,0,0,0,0,0,0,0,0,0,,,,,
Jarvis Landry,WR,CLE,10,NE,0,0,0,0,0,0,0,0,4,26,0,5,0,0,0,0,0,0,0,0,0,0,,,,,
Jason Myers,K,SEA,10,GB,0,0,0,0,0,0,0,0,0,0,0,0,0,0,0,0,0,0,0,0,0,0,,,,,
Jason Sanders,K,MIA,10,BAL,0,0,0,0,0,0,0,0,0,0,0,0,0,0,0,0,2,1,0,0,0,1,,,,,
Jauan Jennings,WR,SF,10,LA,0,0,0,0,0,0,0,0,1,3,0,2,0,0,0,0,0,0,0,0,0,0,,,,,
Javonte Williams,RB,DEN,10,PHI,0,0,0,0,0,48,0,8,2,1,0,3,0,0,0,0,0,0,0,0,0,0,,,,,
Jaylen Waddle,WR,MIA,10,BAL,0,0,0,0,0,0,0,0,4,61,0,6,0,0,0,0,0,0,0,0,0,0,,,,,
Jeff Wilson,RB,SF,10,LA,0,0,0,0,0,28,0,10,0,0,0,0,0,0,0,0,0,0,0,0,0,0,,,,,
Jeremy McNichols,RB,TEN,10,NO,0,0,0,0,0,7,0,4,1,1,0,3,0,0,0,0,0,0,0,0,0,0,,,,,
Jerick McKinnon,RB,KC,10,LV,0,0,0,0,0,26,0,3,1,6,0,3,0,0,0,0,0,0,0,0,0,0,,,,,
Jermar Jefferson,RB,DET,10,PIT,0,0,0,0,0,41,1,3,0,0,0,0,0,0,0,0,0,0,0,0,0,0,,,,,
Jerry Jeudy,WR,DEN,10,PHI,0,0,0,0,0,3,0,1,6,48,0,9,0,0,0,0,0,0,0,0,0,0,,,,,
Jimmy Garoppolo,QB,SF,10,LA,182,2,19,15,0,1,0,2,0,0,0,0,0,0,0,0,0,0,0,0,0,0,,,,,
JoJo Natson,WR,CLE,10,NE,0,0,0,0,0,0,0,0,0,0,0,0,0,0,0,0,0,0,0,0,0,0,,,,,
Joe Flacco,QB,NYJ,10,BUF,47,1,3,3,0,0,0,0,0,0,0,0,0,0,0,0,0,0,0,0,0,0,,,,,
Joey Slye,K,WAS,10,TB,0,0,0,0,0,0,0,0,0,0,0,0,0,0,0,0,2,0,1,0,0,2,,,,,
John Bates,TE,WAS,10,TB,0,0,0,0,0,0,0,0,3,25,0,3,0,0,0,0,0,0,0,0,0,0,,,,,
Johnny Stanton,RB,CLE,10,NE,0,0,0,0,0,0,0,1,0,0,0,0,0,0,0,0,0,0,0,0,0,0,,,,,
Jonathan Taylor,RB,IND,10,JAX,0,0,0,0,0,116,1,21,6,10,0,8,0,0,0,0,0,0,0,0,0,0,,,,,
Jordan Howard,RB,PHI,10,DEN,0,0,0,0,0,83,0,12,0,0,0,0,0,0,0,0,0,0,0,0,0,0,,,,,
Josh Allen,QB,BUF,10,NYJ,366,2,28,21,1,3,0,2,0,0,0,0,0,0,0,0,0,0,0,0,0,0,,,,,
Josh Jacobs,RB,LV,10,KC,0,0,0,0,0,16,0,7,5,20,0,5,0,0,0,0,0,0,0,0,0,0,,,,,
Josh Oliver,TE,BAL,10,MIA,0,0,0,0,0,0,0,0,0,0,0,1,0,0,0,0,0,0,0,0,0,0,,,,,
Josh Palmer,WR,LAC,10,MIN,0,0,0,0,0,0,0,0,3,22,0,4,0,0,0,0,0,0,0,0,0,0,,,,,
Josh Rosen,QB,ATL,10,DAL,14,0,6,1,1,0,0,0,0,0,0,0,0,0,0,0,0,0,0,0,0,0,,,,,
Joshua Kelley,RB,LAC,10,MIN,0,0,0,0,0,6,0,1,0,0,0,0,0,0,0,0,0,0,0,0,0,0,,,,,
Josiah Deguara,TE,GB,10,SEA,0,0,0,0,0,0,0,0,2,9,0,3,0,0,0,0,0,0,0,0,0,0,,,,,
Justin Herbert,QB,LAC,10,MIN,195,1,34,20,1,22,0,2,0,0,0,0,0,0,0,0,0,0,0,0,0,0,,,,,
Justin Jefferson,WR,MIN,10,LAC,0,0,0,0,0,-4,0,1,9,143,0,11,0,0,0,0,0,0,0,0,0,0,,,,,
Justin Tucker,K,BAL,10,MIA,0,0,0,0,0,0,0,0,0,0,0,0,0,0,0,0,0,0,1,0,0,1,,,,,
Juwan Johnson,TE,NO,10,TEN,0,0,0,0,0,0,0,0,2,36,0,3,0,0,0,0,0,0,0,0,0,0,,,,,
K.J. Osborn,WR,MIN,10,LAC,0,0,0,0,0,0,0,0,0,0,0,1,0,0,0,0,0,0,0,0,0,0,,,,,
KC,DEF,KC,10,LV,,,,,,,,,,,,,,,,,,,,,,,0,0,0,0,14.0
Kalen Ballage,RB,PIT,10,DET,0,0,0,0,0,0,0,0,0,0,0,2,0,0,0,0,0,0,0,0,0,0,,,,,
Kalif Raymond,WR,DET,10,PIT,0,0,0,0,0,0,0,0,4,29,0,6,0,0,0,0,0,0,0,0,0,0,,,,,
Keelan Cole,WR,NYJ,10,BUF,0,0,0,0,0,0,0,0,1,18,0,6,0,0,0,0,0,0,0,0,0,0,,,,,
Keenan Allen,WR,LAC,10,MIN,0,0,0,0,0,0,0,0,8,98,0,11,0,0,0,0,0,0,0,0,0,0,,,,,
Kendall Blanton,TE,LA,10,SF,0,0,0,0,0,0,0,0,1,2,0,1,0,0,0,0,0,0,0,0,0,0,,,,,
Kendrick Bourne,WR,NE,10,CLE,0,0,0,0,0,43,0,3,4,98,1,4,0,0,0,0,0,0,0,0,0,0,,,,,
Kene Nwangwu,RB,MIN,10,LAC,0,0,0,0,0,0,0,0,0,0,0,0,0,0,0,0,0,0,0,0,0,0,,,,,
Kenny Gainwell,RB,PHI,10,DEN,0,0,0,0,0,5,0,2,1,9,0,1,0,0,0,0,0,0,0,0,0,0,,,,,
Kenny Yeboah,TE,NYJ,10,BUF,0,0,0,0,0,0,0,0,0,0,0,0,0,0,0,0,0,0,0,0,0,0,,,,,
Kenyan Drake,RB,LV,10,KC,0,0,0,0,0,16,0,4,2,15,0,3,0,0,0,0,0,0,0,0,0,0,,,,,
Kevin White,WR,NO,10,TEN,0,0,0,0,0,0,0,0,0,0,0,2,0,0,0,0,0,0,0,0,0,0,,,,,
KhaDarel Hodge,WR,DET,10,PIT,0,0,0,0,0,0,0,0,0,0,0,0,0,0,0,0,0,0,0,0,0,0,,,,,
Kirk Cousins,QB,MIN,10,LAC,294,2,37,25,0,-3,0,4,0,0,0,0,0,0,0,0,0,0,0,0,0,0,,,,,
Kyle Juszczyk,RB,SF,10,LA,0,0,0,0,0,0,0,0,1,6,0,1,0,0,0,0,0,0,0,0,0,0,,,,,
Kyle Pitts,TE,ATL,10,DAL,0,0,0,0,0,0,0,0,4,60,0,7,0,0,0,0,0,0,0,0,0,0,,,,,
Kylen Granson,TE,IND,10,JAX,0,0,0,0,0,0,0,0,1,15,0,1,0,0,0,0,0,0,0,0,0,0,,,,,
LA,DEF,LA,10,SF,,,,,,,,,,,,,,,,,,,,,,,0,0,0,0,31.0
LAC,DEF,LAC,10,MIN,,,,,,,,,,,,,,,,,,,,,,,0,0,0,0,27.0
LV,DEF,LV,10,KC,,,,,,,,,,,,,,,,,,,,,,,0,0,0,0,41.0
Lamar Jackson,QB,BAL,10,MIA,238,1,43,26,1,39,0,9,0,0,0,0,0,0,0,0,0,0,0,0,0,0,,,,,
Laquon Treadwell,WR,JAX,10,IND,0,0,0,0,0,0,0,0,1,18,0,1,0,0,0,0,0,0,0,0,0,0,,,,,
Larry Rountree III,RB,LAC,10,MIN,0,0,0,0,0,10,1,5,0,0,0,0,0,0,0,0,0,0,0,0,0,0,,,,,
Laviska Shenault Jr.,WR,JAX,10,IND,0,0,0,0,0,6,0,2,3,15,0,8,0,0,0,0,0,0,0,0,0,0,,,,,
Le'Veon Bell,RB,BAL,10,MIA,0,0,0,0,0,1,0,3,0,0,0,0,0,0,0,0,0,0,0,0,0,0,,,,,
Leonard Fournette,RB,TB,10,WAS,0,0,0,0,0,47,0,11,8,45,0,9,0,0,0,0,0,0,0,0,0,0,,,,,
Lirim Hajrullahu,K,DAL,10,ATL,0,0,0,0,0,0,0,0,0,0,0,0,0,0,0,0,0,0,0,0,0,5,,,,,
Luke Stocker,TE,MIN,10,LAC,0,0,0,0,0,0,0,0,0,0,0,0,0,0,0,0,0,0,0,0,0,0,,,,,
MIA,DEF,MIA,10,BAL,,,,,,,,,,,,,,,,,,,,,,,0,0,0,0,10.0
MIN,DEF,MIN,10,LAC,,,,,,,,,,,,,,,,,,,,,,,0,0,0,0,20.0
Mac Jones,QB,NE,10,CLE,198,3,23,19,0,0,0,0,0,0,0,0,0,0,0,0,0,0,0,0,0,0,,,,,
Mack Hollins,WR,MIA,10,BAL,0,0,0,0,0,0,0,0,0,0,0,1,0,0,0,0,0,0,0,0,0,0,,,,,
Malik Taylor,WR,GB,10,SEA,0,0,0,0,0,0,0,0,0,0,0,0,0,0,0,0,0,0,0,0,0,0,,,,,
Malik Turner,WR,DAL,10,ATL,0,0,0,0,0,0,0,0,1,7,0,1,0,0,0,0,0,0,0,0,0,0,,,,,
Marcedes Lewis,TE,GB,10,SEA,0,0,0,0,0,0,0,0,2,10,0,2,0,0,0,0,0,0,0,0,0,0,,,,,
Marcus Johnson,WR,TEN,10,NO,0,0,0,0,0,0,0,0,5,100,0,6,0,0,0,0,0,0,0,0,0,0,,,,,
Marcus Kemp,WR,KC,10,LV,0,0,0,0,0,0,0,0,1,16,0,1,0,0,0,0,0,0,0,0,0,0,,,,,
Mark Andrews,TE,BAL,10,MIA,0,0,0,0,0,0,0,0,6,63,1,8,0,0,0,0,0,0,0,0,0,0,,,,,
Mark Ingram,RB,NO,10,TEN,0,0,0,0,0,47,1,14,4,61,0,7,0,0,0,0,0,0,0,0,0,0,,,,,
Marquez Callaway,WR,NO,10,TEN,0,0,0,0,0,0,0,0,2,37,1,4,0,0,0,0,0,0,0,0,0,0,,,,,
Marquez Valdes-Scantling,WR,GB,10,SEA,0,0,0,0,0,0,0,0,1,41,0,2,0,0,0,0,0,0,0,0,0,0,,,,,
Marquise Brown,WR,BAL,10,MIA,0,0,0,0,0,0,0,0,6,37,0,13,0,0,0,0,0,0,0,0,0,0,,,,,
Marvin Jones,WR,JAX,10,IND,0,0,0,0,0,0,0,0,2,35,0,6,0,0,0,0,0,0,0,0,0,0,,,,,
Mason Crosby,K,GB,10,SEA,0,0,0,0,0,0,0,0,0,0,0,0,0,0,0,0,1,0,0,0,0,2,,,,,
Mason Rudolph,QB,PIT,10,DET,242,1,50,30,1,36,0,4,0,0,0,0,0,0,0,0,0,0,0,0,0,0,,,,,
Matt Ammendola,K,NYJ,10,BUF,0,0,0,0,0,0,0,0,0,0,0,0,0,0,0,0,0,0,1,0,0,2,,,,,
Matt Breida,RB,BUF,10,NYJ,0,0,0,0,0,28,1,3,3,22,1,3,0,0,0,0,0,0,0,0,0,0,,,,,
Matt Gay,K,LA,10,SF,0,0,0,0,0,0,0,0,0,0,0,0,0,0,0,0,0,1,0,0,0,1,,,,,
Matt Prater,K,ARI,10,CAR,0,0,0,0,0,0,0,0,0,0,0,0,0,0,0,0,0,0,1,0,0,1,,,,,
Matt Ryan,QB,ATL,10,DAL,117,0,21,9,2,0,0,0,0,0,0,0,0,0,0,0,0,0,0,0,0,0,,,,,
Matthew Slater,WR,NE,10,CLE,0,0,0,0,0,0,0,0,0,0,0,0,0,0,0,0,0,0,0,0,0,0,,,,,
Matthew Stafford,QB,LA,10,SF,243,1,41,26,2,1,0,1,0,0,0,0,0,0,0,0,0,0,0,0,0,0,,,,,
Matthew Wright,K,JAX,10,IND,0,0,0,0,0,0,0,0,0,0,0,0,0,0,0,0,0,0,0,1,0,0,,,,,
Maurice Ffrench,WR,LAC,10,MIN,0,0,0,0,0,0,0,0,0,0,0,0,0,0,0,0,0,0,0,0,0,0,,,,,
Mecole Hardman,WR,KC,10,LV,0,0,0,0,0,3,0,1,2,27,0,3,0,0,0,0,0,0,0,0,0,0,,,,,
Melvin Gordon,RB,DEN,10,PHI,0,0,0,0,0,45,1,9,1,-2,0,4,0,0,0,0,0,0,0,0,0,0,,,,,
Michael Carter,RB,NYJ,10,BUF,0,0,0,0,0,39,1,16,4,43,0,6,0,0,0,0,0,0,0,0,0,0,,,,,
Michael Gallup,WR,DAL,10,ATL,0,0,0,0,0,0,0,0,3,42,0,5,0,0,0,0,0,0,0,0,0,0,,,,,
Michael Pittman,WR,IND,10,JAX,0,0,0,0,0,0,0,0,5,71,0,5,0,0,0,0,0,0,0,0,0,0,,,,,
Mike Badgley,K,IND,10,JAX,0,0,0,0,0,0,0,0,0,0,0,0,0,0,0,0,2,1,0,0,0,2,,,,,
Mike Davis,RB,ATL,10,DAL,0,0,0,0,0,18,0,4,0,0,0,1,0,0,0,0,0,0,0,0,0,0,,,,,
Mike Evans,WR,TB,10,WAS,0,0,0,0,0,0,0,0,2,62,1,3,0,0,0,0,0,0,0,0,0,0,,,,,
Mike Gesicki,TE,MIA,10,BAL,0,0,0,0,0,0,0,0,0,0,0,7,0,0,0,0,0,0,0,0,0,0,,,,,
Mike White,QB,NYJ,10,BUF,251,0,44,24,4,0,0,0,0,0,0,0,0,0,0,0,0,0,0,0,0,0,,,,,
Mike Williams,WR,LAC,10,MIN,0,0,0,0,0,0,0,0,4,33,0,6,0,0,0,0,0,0,0,0,0,0,,,,,
Mo Alie-Cox,TE,IND,10,JAX,0,0,0,0,0,0,0,0,1,6,0,2,0,0,0,0,0,0,0,0,0,0,,,,,
MyCole Pruitt,TE,TEN,10,NO,0,0,0,0,0,0,0,0,1,2,1,1,0,0,0,0,0,0,0,0,0,0,,,,,
Myles Gaskin,RB,MIA,10,BAL,0,0,0,0,0,31,0,14,1,14,0,2,0,0,0,0,0,0,0,0,0,0,,,,,
N'Keal Harry,TE,NE,10,CLE,0,0,0,0,0,0,0,0,1,26,0,1,0,0,0,0,0,0,0,0,0,0,,,,,
NE,DEF,NE,10,CLE,,,,,,,,,,,,,,,,,,,,,,,0,0,0,0,7.0
NO,DEF,NO,10,TEN,,,,,,,,,,,,,,,,,,,,,,,0,0,0,0,23.0
NYJ,DEF,NYJ,10,BUF,,,,,,,,,,,,,,,,,,,,,,,0,0,0,0,45.0
Najee Harris,RB,PIT,10,DET,0,0,0,0,0,105,0,26,4,28,0,4,0,0,0,0,0,0,0,0,0,0,,,,,
Nelson Agholor,WR,NE,10,CLE,0,0,0,0,0,0,0,0,2,21,0,4,0,0,0,0,0,0,0,0,0,0,,,,,
Nick Folk,K,NE,10,CLE,0,0,0,0,0,0,0,0,0,0,0,0,0,0,0,0,0,1,0,0,0,6,,,,,
Nick Westbrook-Ikhine,WR,TEN,10,NO,0,0,0,0,0,0,0,0,1,10,0,1,0,0,0,0,0,0,0,0,0,0,,,,,
Noah Brown,WR,DAL,10,ATL,0,0,0,0,0,0,0,0,1,18,0,1,0,0,0,0,0,0,0,0,0,0,,,,,
Noah Fant,TE,DEN,10,PHI,0,0,0,0,0,0,0,0,5,59,0,6,0,0,0,0,0,0,0,0,0,0,,,,,
Noah Gray,TE,KC,10,LV,0,0,0,0,0,0,0,0,1,1,1,3,0,0,0,0,0,0,0,0,0,0,,,,,
Nyheim Hines,RB,IND,10,JAX,0,0,0,0,0,12,0,2,2,17,0,4,0,0,0,0,0,0,0,0,0,0,,,,,
O.J. Howard,TE,TB,10,WAS,0,0,0,0,0,0,0,0,0,0,0,0,0,0,0,0,0,0,0,0,0,0,,,,,
Odell Beckham Jr.,WR,LA,10,SF,0,0,0,0,0,0,0,0,2,18,0,3,0,0,0,0,0,0,0,0,0,0,,,,,
Olamide Zaccheaus,WR,ATL,10,DAL,0,0,0,0,0,0,0,0,2,22,0,7,0,0,0,0,0,0,0,0,0,0,,,,,
PHI,DEF,PHI,10,DEN,,,,,,,,,,,,,,,,,,,,,,,0,0,0,0,13.0
PIT,DEF,PIT,10,DET,,,,,,,,,,,,,,,,,,,,,,,0,0,0,0,16.0
PJ Walker,QB,CAR,10,ARI,167,0,29,22,1,6,0,3,0,0,0,0,0,0,1,0,0,0,0,0,0,0,,,,,
Pat Freiermuth,TE,PIT,10,DET,0,0,0,0,0,0,0,0,5,31,0,9,0,0,0,0,0,0,0,0,0,0,,,,,
Patrick Laird,RB,MIA,10,BAL,0,0,0,0,0,0,0,0,1,2,0,1,0,0,0,0,0,0,0,0,0,0,,,,,
Patrick Mahomes,QB,KC,10,LV,406,5,50,35,0,0,0,0,0,0,0,0,0,0,0,0,0,0,0,0,0,0,,,,,
Patrick Taylor,RB,GB,10,SEA,0,0,0,0,0,7,0,2,0,0,0,0,0,0,0,0,0,0,0,0,0,0,,,,,
Penny Hart,WR,SEA,10,GB,0,0,0,0,0,0,0,0,0,0,0,2,0,0,0,0,0,0,0,0,0,0,,,,,
Preston Williams,WR,MIA,10,BAL,0,0,0,0,0,0,0,0,0,0,0,2,0,0,0,0,0,0,0,0,0,0,,,,,
Quez Watkins,WR,PHI,10,DEN,0,0,0,0,0,0,0,0,4,33,0,6,0,0,0,0,0,0,0,0,0,0,,,,,
Randall Cobb,WR,GB,10,SEA,0,0,0,0,0,0,0,0,3,21,0,4,0,0,0,0,0,0,0,0,0,0,,,,,
Randy Bullock,K,TEN,10,NO,0,0,0,0,0,0,0,0,0,0,0,0,0,0,0,0,1,2,0,0,0,2,,,,,
Rashard Higgins,WR,CLE,10,NE,0,0,0,0,0,0,0,0,0,0,0,1,0,0,0,0,0,0,0,0,0,0,,,,,
Rashod Bateman,WR,BAL,10,MIA,0,0,0,0,0,0,0,0,6,80,0,8,0,0,0,0,0,0,0,0,0,0,,,,,
Ray-Ray McCloud,WR,PIT,10,DET,0,0,0,0,0,0,0,0,9,63,0,12,0,0,0,0,0,0,0,0,0,0,,,,,
Reggie Gilliam,RB,BUF,10,NYJ,0,0,0,0,0,0,0,0,0,0,0,0,0,0,0,0,0,0,0,0,0,0,,,,,
Rhamondre Stevenson,RB,NE,10,CLE,0,0,0,0,0,100,2,20,4,14,0,5,0,0,0,0,0,0,0,0,0,0,,,,,
Ricky Seals-Jones,TE,WAS,10,TB,0,0,0,0,0,0,0,0,3,30,0,4,0,0,0,0,0,0,0,0,0,0,,,,,
Robbie Chosen,WR,CAR,10,ARI,0,0,0,0,0,0,0,0,4,37,1,6,0,0,0,0,0,0,0,0,0,0,,,,,
Robbie Gould,K,SF,10,LA,0,0,0,0,0,0,0,0,0,0,0,0,0,0,0,0,0,0,0,1,0,4,,,,,
Rondale Moore,WR,ARI,10,CAR,0,0,0,0,0,1,0,1,2,10,0,4,0,0,0,0,0,0,0,0,0,0,,,,,
Ross Dwelley,TE,SF,10,LA,0,0,0,0,0,0,0,0,0,0,0,0,0,0,0,0,0,0,0,0,0,0,,,,,
Russell Gage,WR,ATL,10,DAL,0,0,0,0,0,0,0,0,0,0,0,3,0,0,0,0,0,0,0,0,0,0,,,,,
Russell Wilson,QB,SEA,10,GB,161,0,40,20,2,32,0,5,0,0,0,0,0,0,0,0,0,0,0,0,0,0,,,,,
Ryan Griffin,TE,NYJ,10,BUF,0,0,0,0,0,0,0,0,1,21,0,2,0,0,0,0,0,0,0,0,0,0,,,,,
Ryan Santoso,K,DET,10,PIT,0,0,0,0,0,0,0,0,0,0,0,0,0,0,0,0,1,0,0,0,0,1,,,,,
Ryan Succop,K,TB,10,WAS,0,0,0,0,0,0,0,0,0,0,0,0,0,0,0,0,1,1,0,0,0,1,,,,,
Ryan Tannehill,QB,TEN,10,NO,213,1,27,19,0,1,1,5,0,0,0,0,0,0,0,0,0,0,0,0,0,0,,,,,
SEA,DEF,SEA,10,GB,,,,,,,,,,,,,,,,,,,,,,,0,0,0,0,17.0
SF,DEF,SF,10,LA,,,,,,,,,,,,,,,,,,,,,,,1,0,0,0,10.0
Salvon Ahmed,RB,MIA,10,BAL,0,0,0,0,0,6,0,2,1,9,0,1,0,0,0,0,0,0,0,0,0,0,,,,,
Sammy Watkins,WR,BAL,10,MIA,0,0,0,0,0,0,0,0,1,7,0,3,0,0,0,0,0,0,0,0,0,0,,,,,
Sean McKeon,TE,DAL,10,ATL,0,0,0,0,0,0,0,0,2,15,0,2,0,0,0,0,0,0,0,0,0,0,,,,,
Sony Michel,RB,LA,10,SF,0,0,0,0,0,20,0,4,2,11,0,2,0,0,0,0,0,0,0,0,0,0,,,,,
Stefon Diggs,WR,BUF,10,NYJ,0,0,0,0,0,0,0,0,8,162,1,13,0,0,0,0,0,0,0,0,0,0,,,,,
Stephen Anderson,TE,LAC,10,MIN,0,0,0,0,0,0,0,0,0,0,0,0,0,0,0,0,0,0,0,0,0,0,,,,,
T.J. Hockenson,TE,DET,10,PIT,0,0,0,0,0,0,0,0,0,0,0,1,0,0,0,0,0,0,0,0,0,0,,,,,
T.Y. Hilton,WR,IND,10,JAX,0,0,0,0,0,0,0,0,1,5,0,5,0,0,0,0,0,0,0,0,0,0,,,,,
TB,DEF,TB,10,WAS,,,,,,,,,,,,,,,,,,,,,,,0,0,0,0,29.0
TEN,DEF,TEN,10,NO,,,,,,,,,,,,,,,,,,,,,,,0,0,0,0,21.0
Taiwan Jones,RB,BUF,10,NYJ,0,0,0,0,0,0,0,0,0,0,0,0,0,0,0,0,0,0,0,0,0,0,,,,,
Tajae Sharpe,WR,ATL,10,DAL,0,0,0,0,0,0,0,0,1,0,0,1,0,0,0,0,0,0,0,0,0,0,,,,,
Taylor Heinicke,QB,WAS,10,TB,256,1,32,26,0,15,0,3,0,0,0,0,0,0,0,0,0,0,0,0,0,0,,,,,
Taysom Hill,TE,NO,10,TEN,11,0,2,2,0,23,0,3,1,15,0,2,0,0,0,0,0,0,0,0,0,0,,,,,
Teddy Bridgewater,QB,DEN,10,PHI,226,0,36,22,0,0,0,0,0,0,0,0,0,0,0,0,0,0,0,0,0,0,,,,,
Terrace Marshall Jr.,WR,CAR,10,ARI,0,0,0,0,0,0,0,0,0,0,0,2,0,0,1,0,0,0,0,0,0,0,,,,,
Terry McLaurin,WR,WAS,10,TB,0,0,0,0,0,0,0,0,6,59,0,8,0,0,0,0,0,0,0,0,0,0,,,,,
Tevin Coleman,RB,NYJ,10,BUF,0,0,0,0,0,29,0,4,2,4,0,3,0,0,0,0,0,0,0,0,0,0,,,,,
Tim Patrick,WR,DEN,10,PHI,0,0,0,0,0,0,0,0,3,14,0,6,0,0,0,0,0,0,0,0,0,0,,,,,
Tom Brady,QB,TB,10,WAS,220,2,34,23,2,2,0,1,0,0,0,0,0,0,0,0,0,0,0,0,0,0,,,,,
Tommy Tremble,TE,CAR,10,ARI,0,0,0,0,0,0,0,0,1,3,0,1,0,0,0,0,0,0,0,0,0,0,,,,,
Tony Pollard,RB,DAL,10,ATL,0,0,0,0,0,42,0,11,6,56,0,7,0,0,0,0,0,0,0,0,0,0,,,,,
Travis Homer,RB,SEA,10,GB,0,0,0,0,0,2,0,1,3,23,0,4,0,0,0,0,0,0,0,0,0,0,,,,,
Travis Kelce,TE,KC,10,LV,0,0,0,0,0,0,0,0,8,119,0,10,0,0,0,0,0,0,0,0,0,0,,,,,
Tre'Quan Smith,WR,NO,10,TEN,0,0,0,0,0,0,0,0,4,44,1,7,0,0,0,0,0,0,0,0,0,0,,,,,
Trenton Cannon,RB,SF,10,LA,0,0,0,0,0,0,0,0,0,0,0,0,0,0,0,0,0,0,0,0,0,0,,,,,
Trevon Wesco,TE,NYJ,10,BUF,0,0,0,0,0,0,0,0,0,0,0,0,0,0,0,0,0,0,0,0,0,0,,,,,
Trevor Lawrence,QB,JAX,10,IND,162,0,35,16,0,33,0,5,0,0,0,0,0,0,1,0,0,0,0,0,0,0,,,,,
Trevor Siemian,QB,NO,10,TEN,298,2,34,19,0,0,0,0,0,0,0,0,0,0,0,0,0,0,0,0,0,0,,,,,
Trey Sermon,RB,SF,10,LA,0,0,0,0,0,0,0,0,0,0,0,0,0,0,0,0,0,0,0,0,0,0,,,,,
Trinity Benson,WR,DET,10,PIT,0,0,0,0,0,0,0,0,2,17,0,3,0,0,0,0,0,0,0,0,0,0,,,,,
Tua Tagovailoa,QB,MIA,10,BAL,158,0,13,8,0,0,1,3,0,0,0,0,0,0,0,0,0,0,0,0,0,0,,,,,
Ty Johnson,RB,NYJ,10,BUF,0,0,0,0,0,2,0,2,5,36,0,8,0,0,0,0,0,0,0,0,0,0,,,,,
Ty Montgomery,WR,NO,10,TEN,0,0,0,0,0,2,0,1,0,0,0,0,0,0,0,0,0,0,0,0,0,0,,,,,
Tyler Bass,K,BUF,10,NYJ,0,0,0,0,0,0,0,0,0,0,0,0,0,0,0,0,1,0,0,0,0,6,,,,,
Tyler Conklin,TE,MIN,10,LAC,0,0,0,0,0,0,0,0,3,11,2,5,0,0,0,0,0,0,0,0,0,0,,,,,
Tyler Davis,TE,GB,10,SEA,0,0,0,0,0,0,0,0,1,4,0,1,0,0,0,0,0,0,0,0,0,0,,,,,
Tyler Higbee,TE,LA,10,SF,0,0,0,0,0,0,0,0,3,20,1,5,0,0,0,0,0,0,0,0,0,0,,,,,
Tyler Johnson,WR,TB,10,WAS,0,0,0,0,0,0,0,0,3,17,0,5,0,0,0,0,0,0,0,0,0,0,,,,,
Tyler Lockett,WR,SEA,10,GB,0,0,0,0,0,0,0,0,2,23,0,8,0,0,0,0,0,0,0,0,0,0,,,,,
Tyreek Hill,WR,KC,10,LV,0,0,0,0,0,2,0,1,7,83,2,10,0,0,0,0,0,0,0,0,0,0,,,,,
Van Jefferson,WR,LA,10,SF,0,0,0,0,0,0,0,0,3,54,0,7,0,0,0,0,0,0,0,0,0,0,,,,,
WAS,DEF,WAS,10,TB,,,,,,,,,,,,,,,,,,,,,,,0,0,0,0,19.0
Wayne Gallman,RB,ATL,10,DAL,0,0,0,0,0,55,0,15,1,21,0,2,0,0,0,0,0,0,0,0,0,0,,,,,
Will Dissly,TE,SEA,10,GB,0,0,0,0,0,0,0,0,2,22,0,2,0,0,0,0,0,0,0,0,0,0,,,,,
Younghoe Koo,K,ATL,10,DAL,0,0,0,0,0,0,0,0,0,0,0,0,0,0,0,0,0,1,0,0,0,0,,,,,
Zach Ertz,TE,ARI,10,CAR,0,0,0,0,0,0,0,0,4,46,0,6,0,0,0,0,0,0,0,0,0,0,,,,,
Zach Pascal,WR,IND,10,JAX,0,0,0,0,0,0,0,0,2,9,0,2,0,0,0,0,0,0,0,0,0,0,,,,,
Zack Moss,RB,BUF,10,NYJ,0,0,0,0,0,27,1,7,0,0,0,0,0,0,0,0,0,0,0,0,0,0,,,,,
Zane Gonzalez,K,CAR,10,ARI,0,0,0,0,0,0,0,0,0,0,0,0,0,0,0,0,1,0,3,0,0,2,,,,,
Zay Jones,WR,LV,10,KC,0,0,0,0,0,0,0,0,1,22,0,3,0,0,0,0,0,0,0,0,0,0,,,,,
A.J. Brown,WR,TEN,11,HOU,0,0,0,0,0,0,0,0,5,48,0,9,0,0,0,0,0,0,0,0,0,0,,,,,
A.J. Green,WR,ARI,11,SEA,0,0,0,0,0,0,0,0,4,78,0,7,0,0,0,0,0,0,0,0,0,0,,,,,
AJ Dillon,RB,GB,11,MIN,0,0,0,0,0,53,0,11,6,44,0,6,0,0,0,0,0,0,0,0,0,0,,,,,
ARI,DEF,ARI,11,SEA,,,,,,,,,,,,,,,,,,,,,,,0,0,0,0,13.0
ATL,DEF,ATL,11,NE,,,,,,,,,,,,,,,,,,,,,,,0,0,0,0,25.0
Aaron Rodgers,QB,GB,11,MIN,385,4,33,23,0,21,0,2,0,0,0,0,0,0,0,0,0,0,0,0,0,0,,,,,
Adam Humphries,WR,WAS,11,CAR,0,0,0,0,0,0,0,0,2,30,0,2,0,0,0,0,0,0,0,0,0,0,,,,,
Adam Shaheen,TE,MIA,11,NYJ,0,0,0,0,0,0,0,0,1,19,0,1,0,0,0,0,0,0,0,0,0,0,,,,,
Adam Thielen,WR,MIN,11,GB,0,0,0,0,0,0,0,0,8,82,1,10,0,0,0,0,0,0,0,0,0,0,,,,,
Adam Trautman,TE,NO,11,PHI,0,0,0,0,0,0,0,0,5,58,1,8,0,0,0,0,0,0,0,0,0,0,,,,,
Adrian Peterson,RB,TEN,11,HOU,0,0,0,0,0,40,0,9,2,4,0,2,0,0,0,0,0,0,0,0,0,0,,,,,
Albert Wilson,WR,MIA,11,NYJ,0,0,1,0,0,-3,0,1,3,18,0,4,0,0,0,0,0,0,0,0,0,0,,,,,
Aldrick Rosas,K,DET,11,CLE,0,0,0,0,0,0,0,0,0,0,0,0,0,0,0,0,0,0,1,0,0,1,,,,,
Alex Armah,RB,NO,11,PHI,0,0,0,0,0,0,0,0,0,0,0,0,0,0,0,0,0,0,0,0,0,0,,,,,
Alex Collins,RB,SEA,11,ARI,0,0,0,0,0,36,0,10,0,0,0,0,0,0,0,0,0,0,0,0,0,0,,,,,
Alex Erickson,WR,CAR,11,WAS,0,0,0,0,0,0,0,0,0,0,0,0,0,0,0,0,0,0,0,0,0,0,,,,,
Alexander Mattison,RB,MIN,11,GB,0,0,0,0,0,5,0,3,0,0,0,1,0,0,0,0,0,0,0,0,0,0,,,,,
Amari Rodgers,WR,GB,11,MIN,0,0,0,0,0,0,0,0,0,0,0,0,0,0,0,0,0,0,0,0,0,0,,,,,
Ameer Abdullah,RB,CAR,11,WAS,0,0,0,0,0,6,0,1,0,0,0,0,0,0,0,0,0,0,0,0,0,0,,,,,
Amon-Ra St. Brown,WR,DET,11,CLE,0,0,0,0,0,0,0,0,4,18,0,4,0,0,0,0,0,0,0,0,0,0,,,,,
Andre Roberts,WR,LAC,11,PIT,0,0,0,0,0,4,0,1,0,0,0,0,0,0,0,0,0,0,0,0,0,0,,,,,
Andy Dalton,QB,CHI,11,BAL,201,2,23,11,0,0,0,0,0,0,0,0,0,0,0,0,0,0,0,0,0,0,,,,,
Anthony Firkser,TE,TEN,11,HOU,0,0,0,0,0,0,0,0,5,26,0,7,0,1,0,0,0,0,0,0,0,0,,,,,
Antoine Wesley,WR,ARI,11,SEA,0,0,0,0,0,0,0,0,4,44,0,4,0,0,0,0,0,0,0,0,0,0,,,,,
Antonio Gibson,RB,WAS,11,CAR,0,0,0,0,0,95,0,19,0,0,0,0,0,0,0,0,0,0,0,0,0,0,,,,,
Ashton Dulin,WR,IND,11,BUF,0,0,0,0,0,0,0,0,0,0,0,0,0,0,0,0,0,0,0,0,0,0,,,,,
Austin Ekeler,RB,LAC,11,PIT,0,0,0,0,0,50,2,11,6,65,2,7,0,0,0,0,0,0,0,0,0,0,,,,,
Austin Hooper,TE,CLE,11,DET,0,0,0,0,0,0,0,0,4,53,0,7,0,0,0,0,0,0,0,0,0,0,,,,,
Avery Williams,RB,ATL,11,NE,0,0,0,0,0,0,0,0,0,0,0,0,0,0,0,0,0,0,0,0,0,0,,,,,
BAL,DEF,BAL,11,CHI,,,,,,,,,,,,,,,,,,,,,,,0,0,0,0,13.0
BUF,DEF,BUF,11,IND,,,,,,,,,,,,,,,,,,,,,,,0,0,0,0,41.0
Baker Mayfield,QB,CLE,11,DET,176,1,29,15,2,9,0,4,0,0,0,0,0,0,0,0,0,0,0,0,0,0,,,,,
Ben Roethlisberger,QB,PIT,11,LAC,273,3,44,28,0,0,0,0,0,0,0,0,0,0,0,0,0,0,0,0,0,0,,,,,
Benny Snell,RB,PIT,11,LAC,0,0,0,0,0,7,0,2,0,0,0,0,0,0,0,0,0,0,0,0,0,0,,,,,
Blaine Gabbert,QB,TB,11,NYG,11,0,2,2,0,-2,0,2,0,0,0,0,0,0,0,0,0,0,0,0,0,0,,,,,
Blake Bell,TE,KC,11,DAL,0,0,0,0,0,0,0,0,1,8,0,1,0,0,0,0,0,0,0,0,0,0,,,,,
Boston Scott,RB,PHI,11,NO,0,0,0,0,0,16,0,6,2,2,0,2,0,0,0,0,0,0,0,0,0,0,,,,,
Brandin Cooks,WR,HOU,11,TEN,0,0,0,0,0,0,0,0,2,18,0,3,0,0,0,0,0,0,0,0,0,0,,,,,
Brandon Aiyuk,WR,SF,11,JAX,0,0,0,0,0,0,0,0,7,85,1,7,0,0,0,0,0,0,0,0,0,0,,,,,
Brandon Bolden,RB,NE,11,ATL,0,0,0,0,0,1,0,1,2,15,0,2,0,0,0,0,0,0,0,0,0,0,,,,,
Brandon Zylstra,WR,CAR,11,WAS,0,0,0,0,0,0,0,0,1,7,0,2,0,0,0,0,0,0,0,0,0,0,,,,,
Braxton Berrios,WR,NYJ,11,MIA,0,0,0,0,0,0,0,0,0,0,0,1,0,0,0,0,0,0,0,0,0,0,,,,,
Breshad Perriman,WR,TB,11,NYG,0,0,0,0,0,-3,0,1,2,19,0,4,0,0,0,0,0,0,0,0,0,0,,,,,
Brett Maher,K,NO,11,PHI,0,0,0,0,0,0,0,0,0,0,0,0,0,0,0,0,1,0,0,0,0,2,,,,,
Brevin Jordan,TE,HOU,11,TEN,0,0,0,0,0,0,0,0,1,7,0,3,0,0,0,0,0,0,0,0,0,0,,,,,
Brock Wright,TE,DET,11,CLE,0,0,0,0,0,0,0,0,1,12,0,1,0,0,0,0,0,0,0,0,0,0,,,,,
Bryan Edwards,WR,LV,11,CIN,0,0,0,0,0,0,0,1,0,0,0,0,0,0,0,0,0,0,0,0,0,0,,,,,
Byron Pringle,WR,KC,11,DAL,0,0,0,0,0,0,0,0,1,37,0,2,0,0,0,0,0,0,0,0,0,0,,,,,
C.J. Uzomah,TE,CIN,11,LV,0,0,0,0,0,0,0,0,2,9,0,3,0,0,0,0,0,0,0,0,0,0,,,,,
CAR,DEF,CAR,11,WAS,,,,,,,,,,,,,,,,,,,,,,,0,0,0,0,27.0
CHI,DEF,CHI,11,BAL,,,,,,,,,,,,,,,,,,,,,,,0,0,0,0,16.0
CIN,DEF,CIN,11,LV,,,,,,,,,,,,,,,,,,,,,,,0,0,0,0,13.0
CLE,DEF,CLE,11,DET,,,,,,,,,,,,,,,,,,,,,,,0,0,0,0,10.0
Cairo Santos,K,CHI,11,BAL,0,0,0,0,0,0,0,0,0,0,0,0,0,0,0,0,0,0,0,0,0,1,,,,,
Cam Newton,QB,CAR,11,WAS,189,2,27,21,0,46,1,10,0,0,0,0,0,0,0,0,0,0,0,0,0,0,,,,,
Cam Sims,WR,WAS,11,CAR,0,0,0,0,0,0,0,0,2,19,1,2,0,0,0,0,0,0,0,0,0,0,,,,,
Cameron Brate,TE,TB,11,NYG,0,0,0,0,0,0,0,0,2,27,0,6,0,0,0,0,0,0,0,0,0,0,,,,,
Carlos Hyde,RB,JAX,11,SF,0,0,0,0,0,0,0,0,0,0,0,1,0,0,0,0,0,0,0,0,0,0,,,,,
Carson Wentz,QB,IND,11,BUF,106,1,20,11,0,18,0,2,0,0,0,0,0,0,0,0,0,0,0,0,0,0,,,,,
Cedrick Wilson Jr.,WR,DAL,11,KC,0,0,0,0,0,0,0,0,4,36,0,7,0,0,0,0,0,0,0,0,0,0,,,,,
CeeDee Lamb,WR,DAL,11,KC,0,0,0,0,0,0,0,0,3,14,0,4,0,0,0,0,0,0,0,0,0,0,,,,,
Cethan Carter,TE,MIA,11,NYJ,0,0,0,0,0,0,0,0,0,0,0,0,0,0,0,0,0,0,0,0,0,0,,,,,
Chase Claypool,WR,PIT,11,LAC,0,0,0,0,0,1,0,2,5,93,0,9,0,0,0,0,0,0,0,0,0,0,,,,,
Chase McLaughlin,K,CLE,11,DET,0,0,0,0,0,0,0,0,0,0,0,0,0,0,0,0,0,0,0,0,0,1,,,,,
Chester Rogers,WR,TEN,11,HOU,0,0,0,0,0,0,0,0,4,41,0,6,0,0,0,0,0,0,0,0,0,0,,,,,
Chris Boswell,K,PIT,11,LAC,0,0,0,0,0,0,0,0,0,0,0,0,0,0,0,0,0,2,1,0,0,4,,,,,
Chris Conley,WR,HOU,11,TEN,0,0,0,0,0,0,0,0,4,37,0,5,0,0,0,0,0,0,0,0,0,0,,,,,
Chris Evans,RB,CIN,11,LV,0,0,0,0,0,0,0,0,1,7,0,1,0,0,0,0,0,0,0,0,0,0,,,,,
Chris Godwin Jr.,WR,TB,11,NYG,0,0,0,0,0,7,0,1,6,65,1,6,0,0,0,0,0,0,0,0,0,0,,,,,
Chris Moore,WR,HOU,11,TEN,0,0,0,0,0,0,0,0,1,10,0,1,0,0,0,0,0,0,0,0,0,0,,,,,
Chris Myarick,TE,NYG,11,TB,0,0,0,0,0,0,0,0,0,0,0,1,0,0,0,0,0,0,0,0,0,0,,,,,
Christian Kirk,WR,ARI,11,SEA,0,0,0,0,0,0,0,0,2,25,0,5,0,0,0,0,0,0,0,0,0,0,,,,,
Christian McCaffrey,RB,CAR,11,WAS,0,0,0,0,0,59,0,10,7,60,1,8,0,0,0,0,0,0,0,0,0,0,,,,,
Clyde Edwards-Helaire,RB,KC,11,DAL,0,0,0,0,0,63,1,12,2,13,0,2,0,0,0,0,0,0,0,0,0,0,,,,,
Colby Parkinson,TE,SEA,11,ARI,0,0,0,0,0,0,0,0,1,6,0,1,0,0,0,0,0,0,0,0,0,0,,,,,
Cole Beasley,WR,BUF,11,IND,0,0,0,0,0,0,0,0,4,23,0,5,0,0,0,0,0,0,0,0,0,0,,,,,
Cole Kmet,TE,CHI,11,BAL,0,0,0,0,0,0,0,0,1,12,0,2,0,0,0,0,0,0,0,0,0,0,,,,,
Collin Johnson,WR,NYG,11,TB,0,0,0,0,0,0,0,0,0,0,0,1,0,0,0,0,0,0,0,0,0,0,,,,,
Colt McCoy,QB,ARI,11,SEA,328,2,44,35,0,18,0,6,0,0,0,0,0,0,0,0,0,0,0,0,0,0,,,,,
Corey Clement,RB,DAL,11,KC,0,0,0,0,0,0,0,0,0,0,0,0,0,0,0,0,0,0,0,0,0,0,,,,,
Corey Davis,WR,NYJ,11,MIA,0,0,0,0,0,0,0,0,3,35,0,7,0,0,0,0,0,0,0,0,0,0,,,,,
D'Andre Swift,RB,DET,11,CLE,0,0,0,0,0,136,1,14,3,0,0,4,0,0,0,0,0,0,0,0,0,0,,,,,
D'Ernest Johnson,RB,CLE,11,DET,0,0,0,0,0,26,0,5,0,0,0,0,0,0,0,0,0,0,0,0,0,0,,,,,
D'Onta Foreman,RB,TEN,11,HOU,0,0,0,0,0,25,0,7,1,15,0,1,0,0,0,0,0,0,0,0,0,0,,,,,
DAL,DEF,DAL,11,KC,,,,,,,,,,,,,,,,,,,,,,,0,0,0,0,19.0
DET,DEF,DET,11,CLE,,,,,,,,,,,,,,,,,,,,,,,0,0,0,0,13.0
DJ Moore,WR,CAR,11,WAS,0,0,0,0,0,0,0,0,5,50,1,7,0,0,0,0,0,0,0,0,0,0,,,,,
DK Metcalf,WR,SEA,11,ARI,0,0,0,0,0,0,0,0,4,31,0,8,0,0,0,0,0,0,0,0,0,0,,,,,
Dak Prescott,QB,DAL,11,KC,216,0,43,28,2,0,0,0,0,0,0,0,0,0,0,0,0,0,0,0,0,0,,,,,
Dallas Goedert,TE,PHI,11,NO,0,0,0,0,0,0,0,0,5,62,0,8,0,0,0,0,0,0,0,0,0,0,,,,,
Dalton Schultz,TE,DAL,11,KC,0,0,0,0,0,0,0,0,6,53,0,8,0,0,0,0,0,0,0,0,0,0,,,,,
Dalvin Cook,RB,MIN,11,GB,0,0,0,0,0,86,1,22,3,29,0,4,0,0,1,0,0,0,0,0,0,0,,,,,
Damien Harris,RB,NE,11,ATL,0,0,0,0,0,56,0,10,1,9,0,1,0,0,0,0,0,0,0,0,0,0,,,,,
Damiere Byrd,WR,CHI,11,BAL,0,0,0,0,0,0,0,0,1,3,0,2,0,0,0,0,0,0,0,0,0,0,,,,,
Dan Arnold,TE,JAX,11,SF,0,0,0,0,0,0,0,0,0,0,0,0,0,0,0,0,0,0,0,0,0,0,,,,,
Daniel Carlson,K,LV,11,CIN,0,0,0,0,0,0,0,0,0,0,0,0,0,0,0,0,1,0,1,0,0,1,,,,,
Daniel Jones,QB,NYG,11,TB,167,1,38,23,2,10,0,3,0,0,0,0,0,0,0,0,0,0,0,0,0,0,,,,,
Danny Amendola,WR,HOU,11,TEN,0,0,0,0,0,0,0,0,0,0,0,1,0,0,0,0,0,0,0,0,0,0,,,,,
Darius Slayton,WR,NYG,11,TB,0,0,0,0,0,0,0,0,4,37,0,7,0,0,0,0,0,0,0,0,0,0,,,,,
Darnell Mooney,WR,CHI,11,BAL,0,0,0,0,0,0,0,0,5,121,1,16,0,0,0,0,0,0,0,0,0,0,,,,,
Darrel Williams,RB,KC,11,DAL,0,0,0,0,0,15,0,5,1,11,0,3,0,0,0,0,0,0,0,0,0,0,,,,,
Darrell Daniels,TE,ARI,11,SEA,0,0,0,0,0,0,0,0,0,0,0,1,0,0,0,0,0,0,0,0,0,0,,,,,
Darren Waller,TE,LV,11,CIN,0,0,0,0,0,0,0,0,7,116,0,8,0,0,0,0,0,0,0,0,0,0,,,,,
Daurice Fountain,WR,KC,11,DAL,0,0,0,0,0,0,0,0,0,0,0,0,0,0,0,0,0,0,0,0,0,0,,,,,
Davante Adams,WR,GB,11,MIN,0,0,0,0,0,0,0,0,7,115,2,8,0,0,0,0,0,0,0,0,0,0,,,,,
David Johnson,RB,HOU,11,TEN,0,0,0,0,0,18,0,13,3,16,0,4,0,0,0,0,0,0,0,0,0,0,,,,,
David Montgomery,RB,CHI,11,BAL,0,0,0,0,0,58,0,14,1,9,0,1,0,0,0,0,0,0,0,0,0,0,,,,,
David Njoku,TE,CLE,11,DET,0,0,0,0,0,1,0,1,2,20,0,4,0,0,0,0,0,0,0,0,0,0,,,,,
Dawson Knox,TE,BUF,11,IND,0,0,0,0,0,0,0,0,6,80,0,10,0,0,0,0,0,0,0,0,0,0,,,,,
Dax Milne,WR,WAS,11,CAR,0,0,0,0,0,0,0,0,1,5,0,1,0,0,0,0,0,0,0,0,0,0,,,,,
DeAndre Carter,WR,WAS,11,CAR,0,0,0,0,0,-3,0,1,2,22,1,3,0,0,0,0,0,0,0,0,0,0,,,,,
DeSean Jackson,WR,LV,11,CIN,0,0,0,0,0,4,0,1,0,0,0,0,0,0,0,0,0,0,0,0,0,0,,,,,
DeVonta Smith,WR,PHI,11,NO,0,0,0,0,0,0,0,0,4,61,0,6,0,0,0,0,0,0,0,0,0,0,,,,,
Dede Westbrook,WR,MIN,11,GB,0,0,0,0,0,0,0,0,1,7,0,2,0,0,0,0,0,0,0,0,0,0,,,,,
DeeJay Dallas,RB,SEA,11,ARI,0,0,0,0,0,25,1,4,1,2,0,2,0,0,0,0,0,0,0,0,0,0,,,,,
Deebo Samuel Sr.,WR,SF,11,JAX,0,0,0,0,0,79,1,8,1,15,0,2,0,0,0,0,0,0,0,0,0,0,,,,,
Demetric Felton,RB,CLE,11,DET,0,0,0,0,0,2,0,3,0,0,0,0,0,0,0,0,0,0,0,0,0,0,,,,,
Deon Jackson,RB,IND,11,BUF,0,0,0,0,0,12,0,6,0,0,0,0,0,0,0,0,0,0,0,0,0,0,,,,,
Deonte Harty,WR,NO,11,PHI,0,0,0,0,0,0,0,0,2,11,0,5,0,0,0,0,0,0,0,0,0,0,,,,,
Derek Carr,QB,LV,11,CIN,215,1,27,19,1,0,0,0,0,0,0,0,0,0,0,0,0,0,0,0,0,0,,,,,
Devin Duvernay,WR,BAL,11,CHI,0,0,0,0,0,0,0,0,4,37,0,6,0,0,0,0,0,0,0,0,0,0,,,,,
Devin Singletary,RB,BUF,11,IND,0,0,0,0,0,17,0,3,3,26,0,4,0,0,0,0,0,0,0,0,0,0,,,,,
Devonta Freeman,RB,BAL,11,CHI,0,0,0,0,0,49,1,16,6,31,0,6,0,0,0,0,0,0,0,0,0,0,,,,,
Devontae Booker,RB,NYG,11,TB,0,0,0,0,0,15,0,3,1,5,0,1,0,0,0,0,0,0,0,0,0,0,,,,,
Dez Fitzpatrick,WR,TEN,11,HOU,0,0,0,0,0,0,0,0,3,35,1,6,0,0,0,0,0,0,0,0,0,0,,,,,
Dezmon Patmon,WR,IND,11,BUF,0,0,0,0,0,0,0,0,0,0,0,1,0,0,0,0,0,0,0,0,0,0,,,,,
Diontae Johnson,WR,PIT,11,LAC,0,0,0,0,0,0,0,0,7,101,1,13,0,0,0,0,0,0,0,0,0,0,,,,,
Dominique Dafney,TE,GB,11,MIN,0,0,0,0,0,0,0,0,1,8,0,1,0,0,0,0,0,0,0,0,0,0,,,,,
Donald Parham,TE,LAC,11,PIT,0,0,0,0,0,0,0,0,4,38,0,5,0,0,0,0,0,0,0,0,0,0,,,,,
Dontrell Hilliard,RB,TEN,11,HOU,0,0,0,0,0,35,0,7,8,47,0,10,0,0,0,0,0,0,0,0,0,0,,,,,
Drew Sample,TE,CIN,11,LV,0,0,0,0,0,0,0,0,1,3,0,2,0,0,0,0,0,0,0,0,0,0,,,,,
Duke Johnson,RB,MIA,11,NYJ,0,0,0,0,0,18,0,4,0,0,0,0,0,0,0,0,0,0,0,0,0,0,,,,,
Durham Smythe,TE,MIA,11,NYJ,0,0,0,0,0,0,0,0,4,37,0,5,0,0,0,0,0,0,0,0,0,0,,,,,
Dustin Hopkins,K,LAC,11,PIT,0,0,0,0,0,0,0,0,0,0,0,0,0,0,0,0,0,1,1,0,0,5,,,,,
Dwayne Washington,RB,NO,11,PHI,0,0,0,0,0,3,0,1,1,6,0,1,0,0,0,0,0,0,0,0,0,0,,,,,
Elijah Moore,WR,NYJ,11,MIA,0,0,0,0,0,15,0,1,8,141,1,11,0,0,0,0,0,0,0,0,0,0,,,,,
Emmanuel Sanders,WR,BUF,11,IND,0,0,0,0,0,0,0,0,3,26,0,5,0,0,0,0,0,0,0,0,0,0,,,,,
Eno Benjamin,RB,ARI,11,SEA,0,0,0,0,0,15,0,6,1,5,0,1,0,0,0,0,0,0,0,0,0,0,,,,,
Equanimeous St. Brown,WR,GB,11,MIN,0,0,0,0,0,11,0,1,2,43,0,2,0,0,0,0,0,0,0,0,0,0,,,,,
Eric Ebron,TE,PIT,11,LAC,0,0,0,0,0,0,0,0,3,24,1,3,0,0,0,0,0,0,0,0,0,0,,,,,
Eric Tomlinson,TE,BAL,11,CHI,0,0,0,0,0,0,0,0,0,0,0,0,0,0,0,0,0,0,0,0,0,0,,,,,
Evan Engram,TE,NYG,11,TB,0,0,0,0,0,0,0,0,2,12,0,5,0,0,0,0,0,0,0,0,0,0,,,,,
Evan McPherson,K,CIN,11,LV,0,0,0,0,0,0,0,0,0,0,0,0,0,0,0,0,0,0,1,3,0,2,,,,,
Ezekiel Elliott,RB,DAL,11,KC,0,0,0,0,0,32,0,9,6,36,0,6,0,0,0,0,0,0,0,0,0,0,,,,,
Feleipe Franks,TE,ATL,11,NE,0,0,1,0,1,0,0,0,0,0,0,0,0,0,0,0,0,0,0,0,0,0,,,,,
Foster Moreau,TE,LV,11,CIN,0,0,0,0,0,0,0,0,1,19,1,2,0,0,0,0,0,0,0,0,0,0,,,,,
Freddie Swain,WR,SEA,11,ARI,0,0,0,0,0,0,0,0,0,0,0,1,0,0,0,0,0,0,0,0,0,0,,,,,
GB,DEF,GB,11,MIN,,,,,,,,,,,,,,,,,,,,,,,0,0,0,0,34.0
Gabe Davis,WR,BUF,11,IND,0,0,0,0,0,0,0,0,2,27,0,4,0,0,0,0,0,0,0,0,0,0,,,,,
Garrett Griffin,TE,NO,11,PHI,0,0,0,0,0,0,0,0,0,0,0,0,0,0,0,0,0,0,0,0,0,0,,,,,
Gary Brightwell,RB,NYG,11,TB,0,0,0,0,0,0,0,0,0,0,0,0,0,0,0,0,0,0,0,0,0,0,,,,,
George Kittle,TE,SF,11,JAX,0,0,0,0,0,0,0,0,4,34,1,4,0,0,0,0,0,0,0,0,0,0,,,,,
Gerald Everett,TE,SEA,11,ARI,0,0,0,0,0,0,0,0,3,37,0,4,0,0,0,0,0,0,0,0,0,0,,,,,
Giovani Bernard,RB,TB,11,NYG,0,0,0,0,0,0,0,0,1,3,0,1,0,0,0,0,0,0,0,0,0,0,,,,,
Godwin Igwebuike,RB,DET,11,CLE,0,0,0,0,0,0,0,0,1,-4,0,1,0,0,0,0,0,0,0,0,0,0,,,,,
Graham Gano,K,NYG,11,TB,0,0,0,0,0,0,0,0,0,0,0,0,0,0,0,0,0,1,0,0,0,1,,,,,
Greg Joseph,K,MIN,11,GB,0,0,0,0,0,0,0,0,0,0,0,0,0,0,0,0,1,0,0,1,0,2,,,,,
Greg Zuerlein,K,DAL,11,KC,0,0,0,0,0,0,0,0,0,0,0,0,0,0,0,0,0,2,1,0,0,0,,,,,
Gunner Olszewski,WR,NE,11,ATL,0,0,0,0,0,0,0,0,0,0,0,0,0,0,0,0,0,0,0,0,0,0,,,,,
HOU,DEF,HOU,11,TEN,,,,,,,,,,,,,,,,,,,,,,,0,0,0,0,13.0
Harrison Bryant,TE,CLE,11,DET,0,0,0,0,0,0,0,0,0,0,0,0,0,0,0,0,0,0,0,0,0,0,,,,,
Harrison Butker,K,KC,11,DAL,0,0,0,0,0,0,0,0,0,0,0,0,0,0,0,0,0,1,0,1,0,1,,,,,
Hunter Henry,TE,NE,11,ATL,0,0,0,0,0,0,0,0,2,25,0,3,0,0,0,0,0,0,0,0,0,0,,,,,
Hunter Renfrow,WR,LV,11,CIN,0,0,0,0,0,5,0,1,4,30,0,4,0,0,0,0,0,0,0,0,0,0,,,,,
IND,DEF,IND,11,BUF,,,,,,,,,,,,,,,,,,,,,,,0,0,0,0,15.0
Ian Thomas,TE,CAR,11,WAS,0,0,0,0,0,0,0,0,1,7,0,1,0,0,0,0,0,0,0,0,0,0,,,,,
Isaiah McKenzie,WR,BUF,11,IND,0,0,0,0,0,0,0,0,0,0,0,0,0,0,0,0,0,0,0,0,0,0,,,,,
J.D. McKissic,RB,WAS,11,CAR,0,0,0,0,0,46,0,7,1,4,0,2,0,0,0,0,0,0,0,0,0,0,,,,,
J.J. Arcega-Whiteside,WR,PHI,11,NO,0,0,0,0,0,0,0,0,1,23,0,1,0,0,0,0,0,0,0,0,0,0,,,,,
JAX,DEF,JAX,11,SF,,,,,,,,,,,,,,,,,,,,,,,0,0,0,0,30.0
Ja'Marcus Bradley,WR,CLE,11,DET,0,0,0,0,0,0,0,0,2,46,0,2,0,0,0,0,0,0,0,0,0,0,,,,,
Ja'Marr Chase,WR,CIN,11,LV,0,0,0,0,0,8,0,2,3,32,1,6,0,0,0,0,0,0,0,0,0,0,,,,,
Jack Doyle,TE,IND,11,BUF,0,0,0,0,0,0,0,0,3,30,0,5,0,0,0,0,0,0,0,0,0,0,,,,,
Jack Stoll,TE,PHI,11,NO,0,0,0,0,0,0,0,0,0,0,0,0,0,0,0,0,0,0,0,0,0,0,,,,,
Jaelon Darden,WR,TB,11,NYG,0,0,0,0,0,0,0,0,1,3,0,1,0,0,0,0,0,0,0,0,0,0,,,,,
Jake Elliott,K,PHI,11,NO,0,0,0,0,0,0,0,0,0,0,0,0,0,0,0,0,0,2,1,1,0,4,,,,,
Jakeem Grant,WR,CHI,11,BAL,0,0,0,0,0,11,0,1,1,6,0,1,0,0,0,0,0,0,0,0,0,0,,,,,
Jakob Johnson,RB,NE,11,ATL,0,0,0,0,0,0,0,0,0,0,0,0,0,0,0,0,0,0,0,0,0,0,,,,,
Jakobi Meyers,WR,NE,11,ATL,0,0,0,0,0,0,0,0,4,39,0,6,0,0,0,0,0,0,0,0,0,0,,,,,
Jalen Guyton,WR,LAC,11,PIT,0,0,0,0,0,2,0,1,1,18,0,2,0,0,0,0,0,0,0,0,0,0,,,,,
Jalen Hurts,QB,PHI,11,NO,147,0,24,13,0,69,3,18,0,0,0,0,0,0,0,0,0,0,0,0,0,0,,,,,
Jalen Reagor,WR,PHI,11,NO,0,0,0,0,0,0,0,0,1,-1,0,3,0,0,0,0,0,0,0,0,0,0,,,,,
Jamaal Williams,RB,DET,11,CLE,0,0,0,0,0,11,0,7,0,0,0,0,0,0,0,0,0,0,0,0,0,0,,,,,
Jamal Agnew,WR,JAX,11,SF,0,0,0,0,0,2,0,1,3,18,0,3,0,0,0,0,0,0,0,0,0,0,,,,,
James Conner,RB,ARI,11,SEA,0,0,0,0,0,62,1,21,5,37,0,6,0,0,0,0,0,0,0,0,0,0,,,,,
James Robinson,RB,JAX,11,SF,0,0,0,0,0,29,1,12,2,9,0,3,0,0,0,0,0,0,0,0,0,0,,,,,
James Washington,WR,PIT,11,LAC,0,0,0,0,0,0,0,0,2,12,0,3,0,0,0,0,0,0,0,0,0,0,,,,,
Jamison Crowder,WR,NYJ,11,MIA,0,0,0,0,0,0,0,0,6,44,1,7,0,0,0,0,0,0,0,0,0,0,,,,,
Jared Cook,TE,LAC,11,PIT,0,0,0,0,0,0,0,0,3,28,0,5,0,0,0,0,0,0,0,0,0,0,,,,,
Jaret Patterson,RB,WAS,11,CAR,0,0,0,0,0,23,0,7,0,0,0,0,0,0,0,0,0,0,0,0,0,0,,,,,
Jarvis Landry,WR,CLE,11,DET,0,0,0,0,0,16,1,1,4,26,0,8,0,0,0,0,0,0,0,0,0,0,,,,,
Jason Myers,K,SEA,11,ARI,0,0,0,0,0,0,0,0,0,0,0,0,0,0,0,0,2,0,0,0,0,1,,,,,
Jason Sanders,K,MIA,11,NYJ,0,0,0,0,0,0,0,0,0,0,0,0,0,0,0,0,1,0,0,0,0,3,,,,,
Jauan Jennings,WR,SF,11,JAX,0,0,0,0,0,0,0,0,1,4,0,1,0,0,0,0,0,0,0,0,0,0,,,,,
Jaylen Waddle,WR,MIA,11,NYJ,0,0,0,0,0,1,1,1,8,65,0,9,0,0,0,0,0,0,0,0,0,0,,,,,
Jeff Wilson,RB,SF,11,JAX,0,0,0,0,0,50,0,19,1,8,0,2,0,0,0,0,0,0,0,0,0,0,,,,,
Jeremy Sprinkle,TE,DAL,11,KC,0,0,0,0,0,0,0,0,0,0,0,0,0,0,0,0,0,0,0,0,0,0,,,,,
Jerick McKinnon,RB,KC,11,DAL,0,0,0,0,0,0,0,0,0,0,0,0,0,0,0,0,0,0,0,0,0,0,,,,,
Jimmy Garoppolo,QB,SF,11,JAX,176,2,22,16,0,6,0,2,0,0,0,0,0,0,0,0,0,0,0,0,0,0,,,,,
Jimmy Graham,TE,CHI,11,BAL,0,0,0,0,0,0,0,0,2,25,0,3,0,0,0,0,0,0,0,0,0,0,,,,,
Joe Burrow,QB,CIN,11,LV,148,1,29,20,0,11,0,3,0,0,0,0,0,0,0,0,0,0,0,0,0,0,,,,,
Joe Flacco,QB,NYJ,11,MIA,291,2,39,24,0,3,0,2,0,0,0,0,0,0,0,0,0,0,0,0,0,0,,,,,
Joe Mixon,RB,CIN,11,LV,0,0,0,0,0,123,2,30,0,0,0,0,0,0,0,0,0,0,0,0,0,0,,,,,
Joey Slye,K,WAS,11,CAR,0,0,0,0,0,0,0,0,0,0,0,0,0,0,0,0,1,1,0,0,0,3,,,,,
John Bates,TE,WAS,11,CAR,0,0,0,0,0,0,0,0,3,23,0,3,0,0,0,0,0,0,0,0,0,0,,,,,
John Brown,WR,JAX,11,SF,0,0,0,0,0,0,0,0,0,0,0,1,0,0,0,0,0,0,0,0,0,0,,,,,
John Ross,WR,NYG,11,TB,0,0,0,0,0,16,0,1,0,0,0,0,0,0,0,0,0,0,0,0,0,0,,,,,
Jonathan Taylor,RB,IND,11,BUF,0,0,0,0,0,185,4,32,3,19,1,3,0,0,0,0,0,0,0,0,0,0,,,,,
Jonnu Smith,TE,NE,11,ATL,0,0,0,0,0,0,0,0,1,17,0,2,0,0,0,0,0,0,0,0,0,0,,,,,
Jordan Howard,RB,PHI,11,NO,0,0,0,0,0,63,0,10,0,0,0,0,0,0,0,0,0,0,0,0,0,0,,,,,
Jordan Love,QB,GB,11,MIN,0,0,0,0,0,-1,0,1,0,0,0,0,0,0,0,0,0,0,0,0,0,0,,,,,
Josh Allen,QB,BUF,11,IND,209,2,35,21,2,18,0,2,0,0,0,0,0,0,1,0,0,0,0,0,0,0,,,,,
Josh Gordon,WR,KC,11,DAL,0,0,0,0,0,0,0,0,1,7,0,2,0,0,0,0,0,0,0,0,0,0,,,,,
Josh Jacobs,RB,LV,11,CIN,0,0,0,0,0,37,0,9,5,24,0,7,0,0,0,0,0,0,0,0,0,0,,,,,
Josh Palmer,WR,LAC,11,PIT,0,0,0,0,0,6,0,1,1,17,0,1,0,0,0,0,0,0,0,0,0,0,,,,,
Josh Reynolds,WR,DET,11,CLE,0,0,0,0,0,0,0,0,0,0,0,3,0,0,0,0,0,0,0,0,0,0,,,,,
Josh Rosen,QB,ATL,11,NE,5,0,3,1,1,0,0,0,0,0,0,0,0,0,0,0,0,0,0,0,0,0,,,,,
Josiah Deguara,TE,GB,11,MIN,0,0,0,0,0,0,0,0,2,37,1,2,0,0,0,0,0,0,0,0,0,0,,,,,
Justin Fields,QB,CHI,11,BAL,79,0,11,4,0,23,0,4,0,0,0,0,0,0,0,0,0,0,0,0,0,0,,,,,
Justin Herbert,QB,LAC,11,PIT,382,3,41,30,1,90,0,9,0,0,0,0,0,0,0,0,0,0,0,0,0,0,,,,,
Justin Jackson,RB,LAC,11,PIT,0,0,0,0,0,2,0,1,0,0,0,1,0,0,0,0,0,0,0,0,0,0,,,,,
Justin Jefferson,WR,MIN,11,GB,0,0,0,0,0,3,0,1,8,169,2,10,0,0,0,0,0,0,0,0,0,0,,,,,
Justin Tucker,K,BAL,11,CHI,0,0,0,0,0,0,0,0,0,0,0,0,0,0,0,0,1,1,1,0,0,1,,,,,
K.J. Osborn,WR,MIN,11,GB,0,0,0,0,0,0,0,0,1,19,0,4,0,0,0,0,0,0,0,0,0,0,,,,,
KC,DEF,KC,11,DAL,,,,,,,,,,,,,,,,,,,,,,,0,0,0,0,9.0
Ka'imi Fairbairn,K,HOU,11,TEN,0,0,0,0,0,0,0,0,0,0,0,0,0,0,0,0,1,1,1,0,0,1,,,,,
Kadarius Toney,WR,NYG,11,TB,0,0,1,0,0,0,0,0,7,40,0,12,0,0,0,0,0,0,0,0,0,0,,,,,
Kalen Ballage,RB,PIT,11,LAC,0,0,0,0,0,3,0,1,0,0,0,1,0,0,0,0,0,0,0,0,0,0,,,,,
Kalif Raymond,WR,DET,11,CLE,0,0,0,0,0,0,0,0,0,0,0,1,0,0,0,0,0,0,0,0,0,0,,,,,
Ke'Shawn Vaughn,RB,TB,11,NYG,0,0,0,0,0,4,0,3,0,0,0,0,0,0,0,0,0,0,0,0,0,0,,,,,
Keelan Cole,WR,NYJ,11,MIA,0,0,0,0,0,0,0,0,0,0,0,1,0,0,0,0,0,0,0,0,0,0,,,,,
Keenan Allen,WR,LAC,11,PIT,0,0,0,0,0,0,0,0,9,112,0,13,0,0,0,0,0,0,0,0,0,0,,,,,
Kendrick Bourne,WR,NE,11,ATL,0,0,0,0,0,7,0,1,4,42,0,4,0,0,0,0,0,0,0,0,0,0,,,,,
Kene Nwangwu,RB,MIN,11,GB,0,0,0,0,0,0,0,0,0,0,0,0,0,0,0,0,0,0,0,0,0,0,,,,,
Kenny Golladay,WR,NYG,11,TB,0,0,0,0,0,0,0,0,1,12,0,2,0,0,0,0,0,0,0,0,0,0,,,,,
Kenyan Drake,RB,LV,11,CIN,0,0,0,0,0,23,0,5,1,6,0,2,0,0,0,0,0,0,0,0,0,0,,,,,
Khalil Herbert,RB,CHI,11,BAL,0,0,0,0,0,0,0,1,0,0,0,0,0,0,0,0,0,0,0,0,0,0,,,,,
Kirk Cousins,QB,MIN,11,GB,341,3,35,24,0,-4,0,2,0,0,0,0,0,0,0,0,0,0,0,0,0,0,,,,,
Kyle Juszczyk,RB,SF,11,JAX,0,0,0,0,0,0,0,0,1,7,0,2,0,0,0,0,0,0,0,0,0,0,,,,,
Kyle Pitts,TE,ATL,11,NE,0,0,0,0,0,0,0,0,3,29,0,5,0,0,0,0,0,0,0,0,0,0,,,,,
Kyle Rudolph,TE,NYG,11,TB,0,0,0,0,0,0,0,0,1,28,0,1,0,0,0,0,0,0,0,0,0,0,,,,,
Kylen Granson,TE,IND,11,BUF,0,0,0,0,0,0,0,0,1,8,0,2,0,0,0,0,0,0,0,0,0,0,,,,,
LAC,DEF,LAC,11,PIT,,,,,,,,,,,,,,,,,,,,,,,0,0,0,0,37.0
LV,DEF,LV,11,CIN,,,,,,,,,,,,,,,,,,,,,,,0,0,0,0,32.0
Laquon Treadwell,WR,JAX,11,SF,0,0,0,0,0,0,0,0,1,11,0,3,0,0,0,0,0,0,0,0,0,0,,,,,
Larry Rountree III,RB,LAC,11,PIT,0,0,0,0,0,5,0,2,0,0,0,0,0,0,0,0,0,0,0,0,0,0,,,,,
Latavius Murray,RB,BAL,11,CHI,0,0,0,0,0,32,0,10,2,1,0,2,0,0,0,0,0,0,0,0,0,0,,,,,
Laviska Shenault Jr.,WR,JAX,11,SF,0,0,0,0,0,0,0,0,5,50,0,5,0,0,0,0,0,0,0,0,0,0,,,,,
Lee Smith,TE,ATL,11,NE,0,0,0,0,0,0,0,0,0,0,0,0,0,0,0,0,0,0,0,0,0,0,,,,,
Leonard Fournette,RB,TB,11,NYG,0,0,0,0,0,35,0,10,6,39,0,6,0,0,0,0,0,0,0,0,0,0,,,,,
Lil'Jordan Humphrey,WR,NO,11,PHI,0,0,0,0,0,0,0,0,1,4,1,1,0,0,0,0,0,0,0,0,0,0,,,,,
MIA,DEF,MIA,11,NYJ,,,,,,,,,,,,,,,,,,,,,,,0,0,0,0,17.0
MIN,DEF,MIN,11,GB,,,,,,,,,,,,,,,,,,,,,,,0,0,0,0,31.0
Mac Jones,QB,NE,11,ATL,207,1,26,22,1,1,0,6,0,0,0,0,0,0,0,0,0,0,0,0,0,0,,,,,
Mack Hollins,WR,MIA,11,NYJ,0,0,0,0,0,0,0,0,2,72,1,3,0,0,0,0,0,0,0,0,0,0,,,,,
Malik Turner,WR,DAL,11,KC,0,0,0,0,0,0,0,0,1,11,0,2,0,0,0,0,0,0,0,0,0,0,,,,,
Marcus Johnson,WR,TEN,11,HOU,0,0,0,0,0,0,0,0,0,0,0,1,0,0,0,0,0,0,0,0,0,0,,,,,
Mark Andrews,TE,BAL,11,CHI,0,0,0,0,0,0,0,0,8,73,0,10,0,0,0,0,0,0,0,0,0,0,,,,,
Mark Ingram,RB,NO,11,PHI,0,0,0,0,0,88,0,16,6,25,0,8,0,0,0,0,0,0,0,0,0,0,,,,,
Marquez Callaway,WR,NO,11,PHI,0,0,0,0,0,0,0,0,1,26,1,4,0,0,0,0,0,0,0,0,0,0,,,,,
Marquez Valdes-Scantling,WR,GB,11,MIN,0,0,0,0,0,0,0,0,4,123,1,10,0,0,0,0,0,0,0,0,0,0,,,,,
Marquise Goodwin,WR,CHI,11,BAL,0,0,0,0,0,0,0,0,4,104,1,8,0,0,0,0,0,0,0,0,0,0,,,,,
Marvin Jones,WR,JAX,11,SF,0,0,0,0,0,0,0,0,4,52,0,6,0,0,0,0,0,0,0,0,0,0,,,,,
Mason Crosby,K,GB,11,MIN,0,0,0,0,0,0,0,0,0,0,0,0,0,0,0,0,0,0,0,1,0,4,,,,,
Matt Ammendola,K,NYJ,11,MIA,0,0,0,0,0,0,0,0,0,0,0,0,0,0,0,0,0,1,0,0,0,2,,,,,
Matt Breida,RB,BUF,11,IND,0,0,0,0,0,51,0,5,1,16,0,2,0,0,0,0,0,0,0,0,0,0,,,,,
Matt Prater,K,ARI,11,SEA,0,0,0,0,0,0,0,0,0,0,0,0,0,0,0,0,0,0,0,1,0,2,,,,,
Matt Ryan,QB,ATL,11,NE,153,0,28,19,2,0,0,0,0,0,0,0,0,0,0,0,0,0,0,0,0,0,,,,,
Matthew Slater,WR,NE,11,ATL,0,0,0,0,0,0,0,0,0,0,0,0,0,0,0,0,0,0,0,0,0,0,,,,,
Matthew Wright,K,JAX,11,SF,0,0,0,0,0,0,0,0,0,0,0,0,0,0,0,0,0,1,0,0,0,1,,,,,
Mecole Hardman,WR,KC,11,DAL,0,0,0,0,0,0,0,0,2,25,0,3,0,0,0,0,0,0,0,0,0,0,,,,,
Michael Carter,RB,NYJ,11,MIA,0,0,0,0,0,63,0,9,1,2,0,1,0,0,0,0,0,0,0,0,0,0,,,,,
Michael Gallup,WR,DAL,11,KC,0,0,0,0,0,0,0,0,5,44,0,10,0,0,0,0,0,0,0,0,0,0,,,,,
Michael Pittman,WR,IND,11,BUF,0,0,0,0,0,0,0,0,2,23,0,5,0,0,0,0,0,0,0,0,0,0,,,,,
Mike Badgley,K,IND,11,BUF,0,0,0,0,0,0,0,0,0,0,0,0,0,0,0,0,0,2,0,0,0,5,,,,,
Mike Davis,RB,ATL,11,NE,0,0,0,0,0,1,0,3,3,20,0,4,0,0,0,0,0,0,0,0,0,0,,,,,
Mike Evans,WR,TB,11,NYG,0,0,0,0,0,10,0,1,6,73,1,11,0,0,0,0,0,0,0,0,0,0,,,,,
Mike Gesicki,TE,MIA,11,NYJ,0,0,0,0,0,0,0,0,5,50,0,6,0,0,0,0,0,0,0,0,0,0,,,,,
Mike Thomas,WR,CIN,11,LV,0,0,0,0,0,0,0,0,1,12,0,1,0,0,0,0,0,0,0,0,0,0,,,,,
Mike Williams,WR,LAC,11,PIT,0,0,0,0,0,0,0,0,5,97,1,6,0,0,0,0,0,0,0,0,0,0,,,,,
Miles Sanders,RB,PHI,11,NO,0,0,0,0,0,94,0,16,0,0,0,1,0,0,0,0,0,0,0,0,0,0,,,,,
Mitchell Trubisky,QB,BUF,11,IND,19,0,5,3,1,0,0,0,0,0,0,0,0,0,0,0,0,0,0,0,0,0,,,,,
Mo Alie-Cox,TE,IND,11,BUF,0,0,0,0,0,0,0,0,0,0,0,1,0,0,0,0,0,0,0,0,0,0,,,,,
Myles Gaskin,RB,MIA,11,NYJ,0,0,0,0,0,89,0,23,3,7,1,4,0,0,0,0,0,0,0,0,0,0,,,,,
N'Keal Harry,TE,NE,11,ATL,0,0,0,0,0,0,0,0,2,14,0,2,0,0,0,0,0,0,0,0,0,0,,,,,
NE,DEF,NE,11,ATL,,,,,,,,,,,,,,,,,,,,,,,1,0,0,0,0.0
NO,DEF,NO,11,PHI,,,,,,,,,,,,,,,,,,,,,,,0,0,0,0,40.0
NYG,DEF,NYG,11,TB,,,,,,,,,,,,,,,,,,,,,,,0,0,0,0,30.0
NYJ,DEF,NYJ,11,MIA,,,,,,,,,,,,,,,,,,,,,,,0,0,0,0,24.0
Najee Harris,RB,PIT,11,LAC,0,0,0,0,0,39,1,12,5,20,0,6,0,0,0,0,0,0,0,0,0,0,,,,,
Nelson Agholor,WR,NE,11,ATL,0,0,0,0,0,0,0,0,5,40,1,5,0,0,0,0,0,0,0,0,0,0,,,,,
Nick Bawden,RB,NYJ,11,MIA,0,0,0,0,0,0,0,0,1,20,0,1,0,0,0,0,0,0,0,0,0,0,,,,,
Nick Boyle,TE,BAL,11,CHI,0,0,0,0,0,0,0,0,0,0,0,1,0,0,0,0,0,0,0,0,0,0,,,,,
Nick Chubb,RB,CLE,11,DET,0,0,0,0,0,130,0,22,2,14,1,2,0,0,0,0,0,0,0,0,0,0,,,,,
Nick Folk,K,NE,11,ATL,0,0,0,0,0,0,0,0,0,0,0,0,0,0,0,0,0,2,1,1,0,1,,,,,
Nick Vannett,TE,NO,11,PHI,0,0,0,0,0,0,0,0,1,20,0,1,0,0,0,0,0,0,0,0,0,0,,,,,
Nick Westbrook-Ikhine,WR,TEN,11,HOU,0,0,0,0,0,0,0,0,7,107,0,8,0,0,0,0,0,0,0,0,0,0,,,,,
Nico Collins,WR,HOU,11,TEN,0,0,0,0,0,0,0,0,1,9,0,2,0,0,0,0,0,0,0,0,0,0,,,,,
Noah Brown,WR,DAL,11,KC,0,0,0,0,0,0,0,0,0,0,0,2,0,0,0,0,0,0,0,0,0,0,,,,,
Noah Gray,TE,KC,11,DAL,0,0,0,0,0,0,0,0,1,8,0,1,0,0,0,0,0,0,0,0,0,0,,,,,
Nyheim Hines,RB,IND,11,BUF,0,0,0,0,0,31,0,4,0,0,0,0,0,0,0,0,0,0,0,0,0,0,,,,,
O.J. Howard,TE,TB,11,NYG,0,0,0,0,0,0,0,0,1,10,0,1,0,0,0,0,0,0,0,0,0,0,,,,,
Olamide Zaccheaus,WR,ATL,11,NE,0,0,0,0,0,0,0,0,3,23,0,5,0,0,0,0,0,0,0,0,0,0,,,,,
PHI,DEF,PHI,11,NO,,,,,,,,,,,,,,,,,,,,,,,1,0,0,0,29.0
PIT,DEF,PIT,11,LAC,,,,,,,,,,,,,,,,,,,,,,,0,0,0,0,41.0
Parker Hesse,TE,ATL,11,NE,0,0,0,0,0,0,0,0,1,5,0,1,0,0,0,0,0,0,0,0,0,0,,,,,
Pat Freiermuth,TE,PIT,11,LAC,0,0,0,0,0,0,0,0,4,11,1,7,0,0,0,0,0,0,0,0,0,0,,,,,
Patrick Laird,RB,MIA,11,NYJ,0,0,0,0,0,4,0,1,1,5,0,1,0,0,0,0,0,0,0,0,0,0,,,,,
Patrick Mahomes,QB,KC,11,DAL,260,0,37,23,1,11,0,7,0,0,0,0,0,0,0,0,0,0,0,0,0,0,,,,,
Patrick Ricard,RB,BAL,11,CHI,0,0,0,0,0,2,0,1,0,0,0,1,0,0,0,0,0,0,0,0,0,0,,,,,
Patrick Taylor,RB,GB,11,MIN,0,0,0,0,0,11,0,4,0,0,0,0,0,0,0,0,0,0,0,0,0,0,,,,,
Penny Hart,WR,SEA,11,ARI,0,0,0,0,0,0,0,0,0,0,0,1,0,0,0,0,0,0,0,0,0,0,,,,,
Peyton Barber,RB,LV,11,CIN,0,0,0,0,0,3,0,1,0,0,0,0,0,0,0,0,0,0,0,0,0,0,,,,,
Pharaoh Brown,TE,HOU,11,TEN,0,0,0,0,0,0,0,0,2,10,0,4,0,0,0,0,0,0,0,0,0,0,,,,,
Pharoh Cooper,WR,NYG,11,TB,0,0,0,0,0,0,0,0,0,0,0,0,0,0,0,0,0,0,0,0,0,0,,,,,
Phillip Lindsay,RB,HOU,11,TEN,0,0,0,0,0,-3,0,1,0,0,0,0,0,0,0,0,0,0,0,0,0,0,,,,,
Preston Williams,WR,MIA,11,NYJ,0,0,0,0,0,0,0,0,0,0,0,1,0,0,0,0,0,0,0,0,0,0,,,,,
Qadree Ollison,RB,ATL,11,NE,0,0,0,0,0,34,0,9,2,0,0,3,0,0,0,0,0,0,0,0,0,0,,,,,
Quez Watkins,WR,PHI,11,NO,0,0,0,0,0,0,0,0,0,0,0,1,0,0,0,0,0,0,0,0,0,0,,,,,
Randall Cobb,WR,GB,11,MIN,0,0,0,0,0,0,0,0,1,15,0,2,0,0,0,0,0,0,0,0,0,0,,,,,
Randy Bullock,K,TEN,11,HOU,0,0,0,0,0,0,0,0,0,0,0,0,0,0,0,0,0,0,0,0,0,1,,,,,
Rashaad Penny,RB,SEA,11,ARI,0,0,0,0,0,19,0,2,0,0,0,0,0,0,0,0,0,0,0,0,0,0,,,,,
Rashard Higgins,WR,CLE,11,DET,0,0,0,0,0,0,0,0,1,17,0,5,0,0,0,0,0,0,0,0,0,0,,,,,
Rashod Bateman,WR,BAL,11,CHI,0,0,0,0,0,0,0,0,3,29,0,6,0,0,0,0,0,0,0,0,0,0,,,,,
Ray-Ray McCloud,WR,PIT,11,LAC,0,0,0,0,0,5,0,1,2,12,0,2,0,0,0,0,0,0,0,0,0,0,,,,,
Reggie Gilliam,RB,BUF,11,IND,0,0,0,0,0,0,0,0,1,7,0,1,0,0,0,0,0,0,0,0,0,0,,,,,
Rex Burkhead,RB,HOU,11,TEN,0,0,0,0,0,40,0,18,0,0,0,0,0,0,0,0,0,0,0,0,0,0,,,,,
Rhamondre Stevenson,RB,NE,11,ATL,0,0,0,0,0,69,0,12,1,6,0,1,0,0,0,0,0,0,0,0,0,0,,,,,
Rob Gronkowski,TE,TB,11,NYG,0,0,0,0,0,0,0,0,6,71,0,8,0,0,0,0,0,0,0,0,0,0,,,,,
Robbie Chosen,WR,CAR,11,WAS,0,0,0,0,0,0,0,0,5,30,0,6,0,0,0,0,0,0,0,0,0,0,,,,,
Robbie Gould,K,SF,11,JAX,0,0,0,0,0,0,0,0,0,0,0,0,0,0,0,0,1,0,2,0,0,3,,,,,
Ronald Jones,RB,TB,11,NYG,0,0,0,0,0,33,1,8,0,0,0,0,0,0,0,0,0,0,0,0,0,0,,,,,
Rondale Moore,WR,ARI,11,SEA,0,0,0,0,0,0,0,0,11,51,0,11,0,0,0,0,0,0,0,0,0,0,,,,,
Russell Gage,WR,ATL,11,NE,0,0,0,0,0,0,0,0,5,49,0,8,0,0,0,0,0,0,0,0,0,0,,,,,
Russell Wilson,QB,SEA,11,ARI,207,0,26,14,0,2,0,2,0,0,0,0,0,0,0,0,0,0,0,0,0,0,,,,,
Ryan Griffin,TE,NYJ,11,MIA,0,0,0,0,0,0,0,0,3,39,0,4,0,0,0,0,0,0,0,0,0,0,,,,,
Ryan Nall,RB,CHI,11,BAL,0,0,0,0,0,0,0,0,0,0,0,0,0,0,0,0,0,0,0,0,0,0,,,,,
Ryan Succop,K,TB,11,NYG,0,0,0,0,0,0,0,0,0,0,0,0,0,0,0,0,1,1,1,0,0,3,,,,,
Ryan Tannehill,QB,TEN,11,HOU,323,1,52,35,4,3,0,2,0,0,0,0,0,0,0,0,0,0,0,0,0,0,,,,,
SEA,DEF,SEA,11,ARI,,,,,,,,,,,,,,,,,,,,,,,0,0,0,0,23.0
SF,DEF,SF,11,JAX,,,,,,,,,,,,,,,,,,,,,,,0,0,0,0,10.0
Sam Ehlinger,QB,IND,11,BUF,0,0,0,0,0,9,0,1,0,0,0,0,0,0,0,0,0,0,0,0,0,0,,,,,
Samaje Perine,RB,CIN,11,LV,0,0,0,0,0,3,0,2,3,18,0,3,0,0,0,0,0,0,0,0,0,0,,,,,
Sammy Watkins,WR,BAL,11,CHI,0,0,0,0,0,0,0,0,3,48,0,4,0,0,0,0,0,0,0,0,0,0,,,,,
Saquon Barkley,RB,NYG,11,TB,0,0,0,0,0,25,0,6,6,31,0,6,0,0,0,0,0,0,0,0,0,0,,,,,
Sean McKeon,TE,DAL,11,KC,0,0,0,0,0,0,0,0,1,2,0,1,0,0,0,0,0,0,0,0,0,0,,,,,
Stanley Morgan,WR,CIN,11,LV,0,0,0,0,0,0,0,0,1,3,0,1,0,0,0,0,0,0,0,0,0,0,,,,,
Stefon Diggs,WR,BUF,11,IND,0,0,0,0,0,0,0,0,4,23,2,6,0,0,0,0,0,0,0,0,0,0,,,,,
T.J. Hockenson,TE,DET,11,CLE,0,0,0,0,0,0,0,0,6,51,0,8,0,0,0,0,0,0,0,0,0,0,,,,,
T.Y. Hilton,WR,IND,11,BUF,0,0,0,0,0,0,0,0,2,26,0,2,0,0,0,0,0,0,0,0,0,0,,,,,
TB,DEF,TB,11,NYG,,,,,,,,,,,,,,,,,,,,,,,0,0,0,0,10.0
TEN,DEF,TEN,11,HOU,,,,,,,,,,,,,,,,,,,,,,,0,0,0,0,22.0
Tajae Sharpe,WR,ATL,11,NE,0,0,0,0,0,0,0,0,2,21,0,4,0,0,0,0,0,0,0,0,0,0,,,,,
Tavon Austin,WR,JAX,11,SF,0,0,0,0,0,0,0,0,1,18,0,2,0,0,0,0,0,0,0,0,0,0,,,,,
Taylor Heinicke,QB,WAS,11,CAR,206,3,22,16,0,29,0,6,0,0,0,0,0,0,0,0,0,0,0,0,0,0,,,,,
Tee Higgins,WR,CIN,11,LV,0,0,0,0,0,0,0,0,2,15,0,3,0,0,0,0,0,0,0,0,0,0,,,,,
Terrace Marshall Jr.,WR,CAR,11,WAS,0,0,0,0,0,0,0,0,0,0,0,1,0,0,0,0,0,0,0,0,0,0,,,,,
Terry McLaurin,WR,WAS,11,CAR,0,0,0,0,0,0,0,0,5,103,1,7,0,0,0,0,0,0,0,0,0,0,,,,,
Tevin Coleman,RB,NYJ,11,MIA,0,0,0,0,0,16,0,5,1,2,0,1,0,0,0,0,0,0,0,0,0,0,,,,,
Tim Boyle,QB,DET,11,CLE,77,0,23,15,2,0,0,0,0,0,0,0,0,0,0,0,0,0,0,0,0,0,,,,,
Tom Brady,QB,TB,11,NYG,307,2,46,30,1,10,0,1,0,0,0,0,0,0,0,0,0,0,0,0,0,0,,,,,
Tommy Hudson,TE,TEN,11,HOU,0,0,0,0,0,0,0,0,0,0,0,1,0,0,0,0,0,0,0,0,0,0,,,,,
Tommy Sweeney,TE,BUF,11,IND,0,0,0,0,0,0,0,0,0,0,0,1,0,0,0,0,0,0,0,0,0,0,,,,,
Tommy Tremble,TE,CAR,11,WAS,0,0,0,0,0,0,0,0,2,35,0,2,0,0,0,0,0,0,0,0,0,0,,,,,
Tony Jones,RB,NO,11,PHI,0,0,0,0,0,2,0,3,0,0,0,0,0,0,0,0,0,0,0,0,0,0,,,,,
Tony Pollard,RB,DAL,11,KC,0,0,0,0,0,50,0,7,2,20,0,2,0,0,0,0,0,0,0,0,0,0,,,,,
Travis Homer,RB,SEA,11,ARI,0,0,0,0,0,4,0,1,0,0,0,0,0,0,0,0,0,0,0,0,0,0,,,,,
Travis Kelce,TE,KC,11,DAL,0,0,0,0,0,4,1,1,5,74,0,8,0,0,0,0,0,0,0,0,0,0,,,,,
Tre' McKitty,TE,LAC,11,PIT,0,0,0,0,0,0,0,0,1,7,0,1,0,0,0,0,0,0,0,0,0,0,,,,,
Tre'Quan Smith,WR,NO,11,PHI,0,0,0,0,0,0,0,0,5,64,0,8,0,0,0,0,0,0,0,0,0,0,,,,,
Trent Sherfield,WR,SF,11,JAX,0,0,0,0,0,0,0,0,0,0,0,0,0,0,0,0,0,0,0,0,0,0,,,,,
Trenton Cannon,RB,SF,11,JAX,0,0,0,0,0,0,0,0,0,0,0,0,0,0,0,0,0,0,0,0,0,0,,,,,
Trevor Lawrence,QB,JAX,11,SF,158,0,25,16,0,23,0,3,0,0,0,0,0,0,0,0,0,0,0,0,0,0,,,,,
Trevor Siemian,QB,NO,11,PHI,214,3,40,22,2,16,1,2,0,0,0,0,0,0,0,0,0,0,0,0,0,0,,,,,
Trey Lance,QB,SF,11,JAX,0,0,0,0,0,4,0,3,0,0,0,0,0,0,0,0,0,0,0,0,0,0,,,,,
Trey Sermon,RB,SF,11,JAX,0,0,0,0,0,32,0,10,1,23,0,1,0,0,0,0,0,0,0,0,0,0,,,,,
Tua Tagovailoa,QB,MIA,11,NYJ,273,2,33,27,1,6,0,3,0,0,0,0,0,0,0,0,0,0,0,0,0,0,,,,,
Ty Johnson,RB,NYJ,11,MIA,0,0,0,0,0,5,0,1,1,8,0,1,0,0,0,0,0,0,0,0,0,0,,,,,
Tyler Bass,K,BUF,11,IND,0,0,0,0,0,0,0,0,0,0,0,0,0,0,0,0,0,0,0,0,0,1,,,,,
Tyler Boyd,WR,CIN,11,LV,0,0,0,0,0,14,0,1,6,49,0,8,0,0,0,0,0,0,0,0,0,0,,,,,
Tyler Conklin,TE,MIN,11,GB,0,0,0,0,0,0,0,0,3,35,0,3,0,0,0,0,0,0,0,0,0,0,,,,,
Tyler Huntley,QB,BAL,11,CHI,219,0,36,26,1,40,0,7,0,0,0,0,0,0,0,0,0,0,0,0,0,0,,,,,
Tyler Johnson,WR,TB,11,NYG,0,0,0,0,0,0,0,0,1,8,0,3,0,0,0,0,0,0,0,0,0,0,,,,,
Tyler Lockett,WR,SEA,11,ARI,0,0,0,0,0,0,0,0,4,115,0,5,0,0,0,0,0,0,0,0,0,0,,,,,
Tyree Jackson,TE,PHI,11,NO,0,0,0,0,0,0,0,0,0,0,0,1,0,0,0,0,0,0,0,0,0,0,,,,,
Tyreek Hill,WR,KC,11,DAL,0,0,0,0,0,33,0,1,9,77,0,11,0,0,0,0,0,0,0,0,0,0,,,,,
Tyrod Taylor,QB,HOU,11,TEN,107,0,24,14,0,28,2,6,0,0,0,0,0,0,0,0,0,0,0,0,0,0,,,,,
WAS,DEF,WAS,11,CAR,,,,,,,,,,,,,,,,,,,,,,,0,0,0,0,21.0
Wayne Gallman,RB,ATL,11,NE,0,0,0,0,0,-3,0,1,0,0,0,0,0,0,0,0,0,0,0,0,0,0,,,,,
Will Dissly,TE,SEA,11,ARI,0,0,0,0,0,0,0,0,1,16,0,3,0,0,0,0,0,0,0,0,0,0,,,,,
Younghoe Koo,K,ATL,11,NE,0,0,0,0,0,0,0,0,0,0,0,0,0,0,0,0,0,0,0,0,0,0,,,,,
Zach Ertz,TE,ARI,11,SEA,0,0,0,0,0,0,0,0,8,88,2,9,0,0,0,0,0,0,0,0,0,0,,,,,
Zach Pascal,WR,IND,11,BUF,0,0,0,0,0,9,0,1,0,0,0,1,0,0,0,0,0,0,0,0,0,0,,,,,
Zack Moss,RB,BUF,11,IND,0,0,0,0,0,5,0,3,0,0,0,1,0,0,0,0,0,0,0,0,0,0,,,,,
Zane Gonzalez,K,CAR,11,WAS,0,0,0,0,0,0,0,0,0,0,0,0,0,0,0,0,0,0,0,0,0,3,,,,,
Zay Jones,WR,LV,11,CIN,0,0,0,0,0,0,0,0,1,20,0,2,0,0,0,0,0,0,0,0,0,0,,,,,
AJ Dillon,RB,GB,12,LA,0,0,0,0,0,69,0,20,5,21,1,5,0,0,0,0,0,0,0,0,0,0,,,,,
ATL,DEF,ATL,12,JAX,,,,,,,,,,,,,,,,,,,,,,,0,0,0,0,14.0
Aaron Jones,RB,GB,12,LA,0,0,0,0,0,23,0,10,0,0,0,1,0,0,0,0,0,0,0,0,0,0,,,,,
Aaron Rodgers,QB,GB,12,LA,307,2,45,28,0,0,1,2,0,0,0,0,0,0,0,0,0,0,0,0,0,0,,,,,
Adam Humphries,WR,WAS,12,SEA,0,0,0,0,0,0,0,0,2,14,0,2,0,0,0,0,0,0,0,0,0,0,,,,,
Adam Thielen,WR,MIN,12,SF,0,0,0,0,0,0,0,0,5,62,2,7,0,0,0,0,0,0,0,0,0,0,,,,,
Albert Okwuegbunam,TE,DEN,12,LAC,0,0,0,0,0,0,0,0,1,12,0,2,0,0,0,0,0,0,0,0,0,0,,,,,
Albert Wilson,WR,MIA,12,CAR,0,0,0,0,0,0,0,0,5,17,0,6,0,0,0,0,0,0,0,0,0,0,,,,,
Alex Collins,RB,SEA,12,WAS,0,0,0,0,0,14,0,7,1,13,0,1,0,0,0,0,0,0,0,0,0,0,,,,,
Alex Erickson,WR,CAR,12,MIA,0,0,0,0,0,0,0,0,1,13,0,1,0,0,0,0,0,0,0,0,0,0,,,,,
Alexander Mattison,RB,MIN,12,SF,0,0,0,0,0,21,1,7,2,7,0,3,0,0,0,0,0,0,0,0,0,0,,,,,
Allen Lazard,WR,GB,12,LA,0,0,0,0,0,0,0,0,2,13,0,6,0,0,0,0,0,0,0,0,0,0,,,,,
Amari Rodgers,WR,GB,12,LA,0,0,0,0,0,0,0,0,0,0,0,0,0,0,0,0,0,0,0,0,0,0,,,,,
Ameer Abdullah,RB,CAR,12,MIA,0,0,0,0,0,4,0,2,2,20,0,6,0,0,0,0,0,0,0,0,0,0,,,,,
Amon-Ra St. Brown,WR,DET,12,CHI,0,0,0,0,0,0,0,0,4,23,0,4,0,0,0,0,0,0,0,0,0,0,,,,,
Andre Roberts,WR,LAC,12,DEN,0,0,0,0,0,0,0,0,0,0,0,0,0,0,0,0,0,0,0,0,0,0,,,,,
Andy Dalton,QB,CHI,12,DET,317,1,39,24,1,11,0,6,0,0,0,0,0,0,0,0,0,0,0,0,0,0,,,,,
Anthony Firkser,TE,TEN,12,NE,0,0,0,0,0,0,0,0,1,7,0,1,0,0,0,0,0,0,0,0,0,0,,,,,
Anthony McFarland,RB,PIT,12,CIN,0,0,0,0,0,2,0,2,1,11,0,1,0,0,0,0,0,0,0,0,0,0,,,,,
Anthony Miller,WR,PIT,12,CIN,0,0,0,0,0,0,0,0,1,2,0,1,0,0,0,0,0,0,0,0,0,0,,,,,
Antonio Gibson,RB,WAS,12,SEA,0,0,0,0,0,111,0,29,7,35,0,7,0,0,1,0,0,0,0,0,0,0,,,,,
Ashton Dulin,WR,IND,12,TB,0,0,0,0,0,0,0,0,1,62,1,1,0,0,0,0,0,0,0,0,0,0,,,,,
Austin Ekeler,RB,LAC,12,DEN,0,0,0,0,0,31,0,12,6,68,1,8,0,0,0,0,0,0,0,0,0,0,,,,,
Austin Hooper,TE,CLE,12,BAL,0,0,0,0,0,0,0,0,0,0,0,3,0,0,0,0,0,0,0,0,0,0,,,,,
Austin Walter,RB,NYJ,12,HOU,0,0,0,0,0,38,1,9,0,0,0,1,0,0,0,0,0,0,0,0,0,0,,,,,
Avery Williams,RB,ATL,12,JAX,0,0,0,0,0,0,0,0,0,0,0,0,0,0,0,0,0,0,0,0,0,0,,,,,
BAL,DEF,BAL,12,CLE,,,,,,,,,,,,,,,,,,,,,,,0,0,0,0,10.0
BUF,DEF,BUF,12,NO,,,,,,,,,,,,,,,,,,,,,,,0,0,0,0,6.0
Baker Mayfield,QB,CLE,12,BAL,247,1,37,18,0,4,0,2,0,0,0,0,0,0,0,0,0,0,0,0,0,0,,,,,
Ben Roethlisberger,QB,PIT,12,CIN,263,1,41,24,2,0,0,0,0,0,0,0,0,0,0,0,0,0,0,0,0,0,,,,,
Benny Snell,RB,PIT,12,CIN,0,0,0,0,0,5,0,2,0,0,0,0,0,0,0,0,0,0,0,0,0,0,,,,,
Boston Scott,RB,PHI,12,NYG,0,0,0,0,0,64,1,15,2,8,0,3,0,0,0,0,0,0,0,0,0,0,,,,,
Brandin Cooks,WR,HOU,12,NYJ,0,0,0,0,0,0,0,0,3,45,1,5,0,0,0,0,0,0,0,0,0,0,,,,,
Brandon Aiyuk,WR,SF,12,MIN,0,0,0,0,0,4,0,1,3,91,0,6,0,0,0,0,0,0,0,0,0,0,,,,,
Brandon Allen,QB,CIN,12,PIT,0,0,1,0,0,-1,0,1,0,0,0,0,0,0,0,0,0,0,0,0,0,0,,,,,
Brandon Bolden,RB,NE,12,TEN,0,0,0,0,0,0,0,0,4,54,0,4,0,0,0,0,0,0,0,0,0,0,,,,,
Brandon McManus,K,DEN,12,LAC,0,0,0,0,0,0,0,0,0,0,0,0,0,0,0,0,0,0,0,0,0,4,,,,,
Brandon Zylstra,WR,CAR,12,MIA,0,0,0,0,0,0,0,0,1,24,0,2,0,0,0,0,0,0,0,0,0,0,,,,,
Braxton Berrios,WR,NYJ,12,HOU,0,0,0,0,0,0,0,0,2,47,0,3,0,0,0,0,0,0,0,0,0,0,,,,,
Brett Maher,K,NO,12,BUF,0,0,0,0,0,0,0,0,0,0,0,0,0,0,0,0,0,0,0,0,0,0,,,,,
Brevin Jordan,TE,HOU,12,NYJ,0,0,0,0,0,0,0,0,3,23,1,3,0,0,0,0,0,0,0,0,0,0,,,,,
Brian Hoyer,QB,NE,12,TEN,0,0,0,0,0,-1,0,1,0,0,0,0,0,0,0,0,0,0,0,0,0,0,,,,,
Bryan Edwards,WR,LV,12,DAL,0,0,0,0,0,0,0,0,1,12,0,1,0,0,0,0,0,0,0,0,0,0,,,,,
Buddy Howell,RB,LA,12,GB,0,0,0,0,0,0,0,0,0,0,0,0,0,0,0,0,0,0,0,0,0,0,,,,,
C.J. Uzomah,TE,CIN,12,PIT,0,0,0,0,0,0,0,0,3,9,0,3,0,0,0,0,0,0,0,0,0,0,,,,,
CAR,DEF,CAR,12,MIA,,,,,,,,,,,,,,,,,,,,,,,0,0,0,0,33.0
CHI,DEF,CHI,12,DET,,,,,,,,,,,,,,,,,,,,,,,0,0,0,0,14.0
CIN,DEF,CIN,12,PIT,,,,,,,,,,,,,,,,,,,,,,,1,0,0,0,10.0
CLE,DEF,CLE,12,BAL,,,,,,,,,,,,,,,,,,,,,,,0,0,0,0,16.0
Cairo Santos,K,CHI,12,DET,0,0,0,0,0,0,0,0,0,0,0,0,0,0,0,0,2,0,1,0,0,1,,,,,
Cam Newton,QB,CAR,12,MIA,92,0,21,5,2,5,1,3,0,0,0,0,0,0,0,0,0,0,0,0,0,0,,,,,
Cam Sims,WR,WAS,12,SEA,0,0,0,0,0,0,0,0,0,0,0,0,0,0,0,0,0,0,0,0,0,0,,,,,
Cameron Brate,TE,TB,12,IND,0,0,0,0,0,0,0,0,3,23,0,4,0,0,0,0,0,0,0,0,0,0,,,,,
Carlos Hyde,RB,JAX,12,ATL,0,0,0,0,0,16,0,6,0,0,0,1,0,0,0,0,0,0,0,0,0,0,,,,,
Carson Wentz,QB,IND,12,TB,306,3,44,27,2,21,0,3,0,0,0,0,0,0,0,0,0,0,0,0,0,0,,,,,
Cedrick Wilson Jr.,WR,DAL,12,LV,0,0,0,0,0,0,0,0,7,104,0,10,0,0,0,0,0,0,0,0,0,0,,,,,
Charlie Woerner,TE,SF,12,MIN,0,0,0,0,0,0,0,0,1,11,0,1,0,0,0,0,0,0,0,0,0,0,,,,,
Chase Claypool,WR,PIT,12,CIN,0,0,0,0,0,0,0,0,3,82,0,8,0,0,0,0,0,0,0,0,0,0,,,,,
Chase McLaughlin,K,CLE,12,BAL,0,0,0,0,0,0,0,0,0,0,0,0,0,0,0,0,0,0,1,0,0,1,,,,,
Chester Rogers,WR,TEN,12,NE,0,0,0,0,0,0,0,0,1,2,0,3,0,0,0,0,0,0,0,0,0,0,,,,,
Chris Boswell,K,PIT,12,CIN,0,0,0,0,0,0,0,0,0,0,0,0,0,0,0,0,0,0,1,0,0,1,,,,,
Chris Evans,RB,CIN,12,PIT,0,0,0,0,0,23,0,5,1,5,0,1,0,0,0,0,0,0,0,0,0,0,,,,,
Chris Godwin Jr.,WR,TB,12,IND,0,0,0,0,0,3,0,1,4,24,0,5,0,0,0,0,0,0,0,0,0,0,,,,,
Chris Manhertz,TE,JAX,12,ATL,0,0,0,0,0,0,0,0,1,11,0,2,0,0,0,0,0,0,0,0,0,0,,,,,
Chris Moore,WR,HOU,12,NYJ,0,0,0,0,0,0,0,0,1,-4,0,1,0,0,0,0,0,0,0,0,0,0,,,,,
Chris Myarick,TE,NYG,12,PHI,0,0,0,0,0,0,0,0,2,11,1,2,0,0,0,0,0,0,0,0,0,0,,,,,
Christian McCaffrey,RB,CAR,12,MIA,0,0,0,0,0,35,0,10,0,0,0,1,0,0,0,0,0,0,0,0,0,0,,,,,
Chuba Hubbard,RB,CAR,12,MIA,0,0,0,0,0,6,0,2,0,0,0,1,0,0,0,0,0,0,0,0,0,0,,,,,
Cody Hollister,WR,TEN,12,NE,0,0,0,0,0,0,0,0,2,22,0,4,0,0,0,0,0,0,0,0,0,0,,,,,
Cole Beasley,WR,BUF,12,NO,0,0,0,0,0,0,0,0,5,46,0,5,0,0,0,0,0,0,0,0,0,0,,,,,
Cole Kmet,TE,CHI,12,DET,0,0,0,0,0,0,0,0,8,65,0,11,0,0,0,0,0,0,0,0,0,0,,,,,
Cooper Kupp,WR,LA,12,GB,0,0,1,0,0,0,0,0,7,96,0,10,0,0,1,0,0,0,0,0,0,0,,,,,
Cordarrelle Patterson,RB,ATL,12,JAX,0,0,0,0,0,108,2,16,2,27,0,3,0,0,0,0,0,0,0,0,0,0,,,,,
Courtland Sutton,WR,DEN,12,LAC,0,0,0,0,0,0,0,0,2,17,0,3,0,0,0,0,0,0,0,0,0,0,,,,,
Curtis Samuel,WR,WAS,12,SEA,0,0,0,0,0,4,0,1,1,9,0,1,0,0,0,0,0,0,0,0,0,0,,,,,
D'Andre Swift,RB,DET,12,CHI,0,0,0,0,0,0,0,3,3,9,0,3,0,0,0,0,0,0,0,0,0,0,,,,,
D'Onta Foreman,RB,TEN,12,NE,0,0,0,0,0,109,0,19,1,3,0,1,0,0,0,0,0,0,0,0,0,0,,,,,
DAL,DEF,DAL,12,LV,,,,,,,,,,,,,,,,,,,,,,,0,0,0,0,36.0
DEN,DEF,DEN,12,LAC,,,,,,,,,,,,,,,,,,,,,,,1,0,0,0,13.0
DET,DEF,DET,12,CHI,,,,,,,,,,,,,,,,,,,,,,,0,0,0,0,16.0
DJ Moore,WR,CAR,12,MIA,0,0,0,0,0,0,0,0,4,103,0,10,0,0,0,0,0,0,0,0,0,0,,,,,
DK Metcalf,WR,SEA,12,WAS,0,0,0,0,0,0,0,0,1,13,0,4,0,0,0,0,0,0,0,0,0,0,,,,,
Dak Prescott,QB,DAL,12,LV,375,2,47,32,0,3,0,1,0,0,0,0,0,0,1,0,0,0,0,0,0,0,,,,,
Dallas Goedert,TE,PHI,12,NYG,0,0,0,0,0,0,0,0,1,0,0,3,0,0,0,0,0,0,0,0,0,0,,,,,
Dalton Schultz,TE,DAL,12,LV,0,0,0,0,0,0,0,0,3,46,1,7,0,0,1,0,0,0,0,0,0,0,,,,,
Dalvin Cook,RB,MIN,12,SF,0,0,0,0,0,39,0,10,6,64,0,7,0,0,0,0,0,0,0,0,0,0,,,,,
Damien Harris,RB,NE,12,TEN,0,0,0,0,0,40,1,11,1,12,0,1,0,0,0,0,0,0,0,0,0,0,,,,,
Damiere Byrd,WR,CHI,12,DET,0,0,0,0,0,0,0,0,4,42,0,5,0,0,0,0,0,0,0,0,0,0,,,,,
Dan Arnold,TE,JAX,12,ATL,0,0,0,0,0,0,0,0,1,9,0,1,0,0,0,0,0,0,0,0,0,0,,,,,
Daniel Carlson,K,LV,12,DAL,0,0,0,0,0,0,0,0,0,0,0,0,0,0,0,0,2,1,1,1,0,3,,,,,
Daniel Helm,TE,LV,12,DAL,0,0,0,0,0,0,0,0,0,0,0,1,0,0,0,0,0,0,0,0,0,0,,,,,
Daniel Jones,QB,NYG,12,PHI,202,1,30,19,0,30,0,9,0,0,0,0,0,0,0,0,0,0,0,0,0,0,,,,,
Danny Amendola,WR,HOU,12,NYJ,0,0,0,0,0,0,0,0,3,23,0,5,0,0,0,0,0,0,0,0,0,0,,,,,
Dare Ogunbowale,RB,JAX,12,ATL,0,0,0,0,0,0,0,0,0,0,0,1,0,0,0,0,0,0,0,0,0,0,,,,,
Darius Bradwell,RB,LAC,12,DEN,0,0,0,0,0,0,0,0,0,0,0,1,0,0,0,0,0,0,0,0,0,0,,,,,
Darius Slayton,WR,NYG,12,PHI,0,0,0,0,0,-13,0,1,3,40,0,4,0,0,0,0,0,0,0,0,0,0,,,,,
Darnell Mooney,WR,CHI,12,DET,0,0,0,0,0,2,0,1,5,123,0,8,0,0,0,0,0,0,0,0,0,0,,,,,
Darrell Henderson,RB,LA,12,GB,0,0,0,0,0,55,0,16,4,18,1,4,0,0,0,0,0,0,0,0,0,0,,,,,
Darren Waller,TE,LV,12,DAL,0,0,0,0,0,0,0,0,2,33,0,5,0,0,0,0,0,0,0,0,0,0,,,,,
Davante Adams,WR,GB,12,LA,0,0,0,0,0,0,0,0,8,104,0,9,0,0,0,0,0,0,0,0,0,0,,,,,
David Johnson,RB,HOU,12,NYJ,0,0,0,0,0,39,0,10,2,16,0,3,0,0,0,0,0,0,0,0,0,0,,,,,
David Montgomery,RB,CHI,12,DET,0,0,0,0,0,46,0,17,3,28,0,3,0,0,0,0,0,0,0,0,0,0,,,,,
David Njoku,TE,CLE,12,BAL,0,0,0,0,0,0,0,0,3,35,1,5,0,0,0,0,0,0,0,0,0,0,,,,,
Dawson Knox,TE,BUF,12,NO,0,0,0,0,0,0,0,0,3,32,2,3,0,0,0,0,0,0,0,0,0,0,,,,,
DeAndre Carter,WR,WAS,12,SEA,0,0,0,0,0,4,0,1,4,42,0,5,0,0,0,0,0,0,0,0,0,0,,,,,
DeSean Jackson,WR,LV,12,DAL,0,0,0,0,0,0,0,0,3,102,1,4,0,0,0,0,0,0,0,0,0,0,,,,,
DeVonta Smith,WR,PHI,12,NYG,0,0,0,0,0,0,0,0,2,22,0,4,0,0,0,0,0,0,0,0,0,0,,,,,
Dede Westbrook,WR,MIN,12,SF,0,0,0,0,0,0,0,0,0,0,0,0,0,0,0,0,0,0,0,0,0,0,,,,,
Dee Eskridge,WR,SEA,12,WAS,0,0,0,0,0,0,0,0,2,10,0,3,0,0,0,0,0,0,0,0,0,0,,,,,
DeeJay Dallas,RB,SEA,12,WAS,0,0,0,0,0,4,0,3,5,27,0,5,0,0,0,0,0,0,0,0,0,0,,,,,
Deebo Samuel Sr.,WR,SF,12,MIN,0,0,0,0,0,66,2,6,1,12,0,4,0,0,0,0,0,0,0,0,0,0,,,,,
Demetric Felton,RB,CLE,12,BAL,0,0,0,0,0,0,0,0,0,0,0,1,0,0,0,0,0,0,0,0,0,0,,,,,
Deonte Harty,WR,NO,12,BUF,0,0,0,0,0,0,0,0,1,9,0,5,0,0,0,0,0,0,0,0,0,0,,,,,
Derek Carr,QB,LV,12,DAL,373,1,39,24,0,21,0,2,0,0,0,0,0,0,0,0,0,0,0,0,0,0,,,,,
Devin Duvernay,WR,BAL,12,CLE,0,0,0,0,0,13,0,1,1,2,0,2,0,0,0,0,0,0,0,0,0,0,,,,,
Devin Singletary,RB,BUF,12,NO,0,0,0,0,0,44,0,15,1,4,0,1,0,0,0,0,0,0,0,0,0,0,,,,,
Devonta Freeman,RB,BAL,12,CLE,0,0,0,0,0,52,0,16,1,8,0,1,0,0,0,0,0,0,0,0,0,0,,,,,
Devontae Booker,RB,NYG,12,PHI,0,0,0,0,0,10,0,3,1,17,0,1,0,0,0,0,0,0,0,0,0,0,,,,,
Dez Fitzpatrick,WR,TEN,12,NE,0,0,0,0,0,0,0,0,1,14,0,1,0,0,0,0,0,0,0,0,0,0,,,,,
Diontae Johnson,WR,PIT,12,CIN,0,0,0,0,0,0,0,0,9,95,0,14,0,0,0,0,0,0,0,0,0,0,,,,,
Diontae Spencer,WR,DEN,12,LAC,0,0,0,0,0,0,0,0,0,0,0,0,0,0,0,0,0,0,0,0,0,0,,,,,
Dominique Dafney,TE,GB,12,LA,0,0,0,0,0,0,0,0,0,0,0,0,0,0,0,0,0,0,0,0,0,0,,,,,
Donald Parham,TE,LAC,12,DEN,0,0,0,0,0,0,0,0,1,5,0,1,0,0,0,0,0,0,0,0,0,0,,,,,
Donovan Peoples-Jones,WR,CLE,12,BAL,0,0,0,0,0,0,0,0,2,10,0,5,0,0,0,0,0,0,0,0,0,0,,,,,
Dontrell Hilliard,RB,TEN,12,NE,0,0,0,0,0,131,1,12,1,2,0,2,0,0,0,0,0,0,0,0,0,0,,,,,
Drew Lock,QB,DEN,12,LAC,26,0,7,4,1,0,0,0,0,0,0,0,0,0,0,0,0,0,0,0,0,0,,,,,
Durham Smythe,TE,MIA,12,CAR,0,0,0,0,0,3,0,2,5,32,0,5,0,0,0,0,0,0,0,0,0,0,,,,,
Dustin Hopkins,K,LAC,12,DEN,0,0,0,0,0,0,0,0,0,0,0,0,0,0,0,0,0,0,0,0,0,1,,,,,
Dwayne Washington,RB,NO,12,BUF,0,0,0,0,0,0,0,0,0,0,0,0,0,0,0,0,0,0,0,0,0,0,,,,,
Elijah Mitchell,RB,SF,12,MIN,0,0,0,0,0,133,1,27,5,35,0,6,0,0,0,0,0,0,0,0,0,0,,,,,
Elijah Moore,WR,NYJ,12,HOU,0,0,0,0,0,7,0,1,4,46,0,8,0,0,0,0,0,0,0,0,0,0,,,,,
Emmanuel Sanders,WR,BUF,12,NO,0,0,0,0,0,0,0,0,3,28,0,3,0,0,0,0,0,0,0,0,0,0,,,,,
Equanimeous St. Brown,WR,GB,12,LA,0,0,0,0,0,0,0,0,1,7,0,2,0,0,0,0,0,0,0,0,0,0,,,,,
Eric Saubert,TE,DEN,12,LAC,0,0,0,0,0,0,0,0,1,1,1,1,0,0,0,0,0,0,0,0,0,0,,,,,
Eric Tomlinson,TE,BAL,12,CLE,0,0,0,0,0,0,0,0,0,0,0,0,0,0,0,0,0,0,0,0,0,0,,,,,
Evan Engram,TE,NYG,12,PHI,0,0,0,0,0,0,0,0,3,37,0,6,0,0,0,0,0,0,0,0,0,0,,,,,
Evan McPherson,K,CIN,12,PIT,0,0,0,0,0,0,0,0,0,0,0,0,0,0,0,0,0,1,0,1,0,5,,,,,
Ezekiel Elliott,RB,DAL,12,LV,0,0,0,0,0,25,1,9,6,24,0,8,0,0,0,0,0,0,0,0,0,0,,,,,
Foster Moreau,TE,LV,12,DAL,0,0,0,0,0,0,0,0,1,3,0,5,0,0,0,0,0,0,0,0,0,0,,,,,
Frank Darby,WR,ATL,12,JAX,0,0,0,0,0,0,0,0,0,0,0,0,0,0,0,0,0,0,0,0,0,0,,,,,
Freddie Swain,WR,SEA,12,WAS,0,0,0,0,0,0,0,0,1,32,1,2,0,0,0,0,0,0,0,0,0,0,,,,,
GB,DEF,GB,12,LA,,,,,,,,,,,,,,,,,,,,,,,1,0,0,0,28.0
Gabe Davis,WR,BUF,12,NO,0,0,0,0,0,0,0,0,2,47,0,3,0,0,0,0,0,0,0,0,0,0,,,,,
Gary Brightwell,RB,NYG,12,PHI,0,0,0,0,0,0,0,0,0,0,0,0,0,0,0,0,0,0,0,0,0,0,,,,,
Geoff Swaim,TE,TEN,12,NE,0,0,0,0,0,0,0,0,1,8,0,1,0,0,0,0,0,0,0,0,0,0,,,,,
George Kittle,TE,SF,12,MIN,0,0,0,0,0,0,0,0,1,13,0,2,0,0,0,0,0,0,0,0,0,0,,,,,
Gerald Everett,TE,SEA,12,WAS,0,0,0,0,0,0,0,0,5,37,1,9,0,0,0,0,0,0,0,0,0,0,,,,,
Giovanni Ricci,TE,CAR,12,MIA,0,0,0,0,0,0,0,0,0,0,0,0,0,0,0,0,0,0,0,0,0,0,,,,,
Godwin Igwebuike,RB,DET,12,CHI,0,0,0,0,0,11,0,1,0,0,0,1,0,0,0,0,0,0,0,0,0,0,,,,,
Graham Gano,K,NYG,12,PHI,0,0,0,0,0,0,0,0,0,0,0,0,0,0,0,0,0,2,0,0,0,1,,,,,
Greg Joseph,K,MIN,12,SF,0,0,0,0,0,0,0,0,0,0,0,0,0,0,0,0,0,0,0,0,0,2,,,,,
Greg Ward,WR,PHI,12,NYG,0,0,0,0,0,0,0,0,0,0,0,1,0,0,0,0,0,0,0,0,0,0,,,,,
Greg Zuerlein,K,DAL,12,LV,0,0,0,0,0,0,0,0,0,0,0,0,0,0,0,0,1,0,1,0,0,1,,,,,
Gunner Olszewski,WR,NE,12,TEN,0,0,0,0,0,0,0,0,0,0,0,0,0,0,0,0,0,0,0,0,0,0,,,,,
HOU,DEF,HOU,12,NYJ,,,,,,,,,,,,,,,,,,,,,,,0,0,0,0,21.0
Harrison Bryant,TE,CLE,12,BAL,0,0,0,0,0,0,0,0,3,50,0,3,0,0,0,0,0,0,0,0,0,0,,,,,
Hunter Henry,TE,NE,12,TEN,0,0,0,0,0,0,0,0,2,16,0,5,0,0,0,0,0,0,0,0,0,0,,,,,
Hunter Renfrow,WR,LV,12,DAL,0,0,0,0,0,2,0,1,8,134,0,9,0,0,0,0,0,0,0,0,0,0,,,,,
IND,DEF,IND,12,TB,,,,,,,,,,,,,,,,,,,,,,,0,0,0,0,38.0
Ian Thomas,TE,CAR,12,MIA,0,0,0,0,0,0,0,0,0,0,0,3,0,0,0,0,0,0,0,0,0,0,,,,,
Isaiah Coulter,WR,CHI,12,DET,0,0,0,0,0,0,0,0,0,0,0,1,0,0,0,0,0,0,0,0,0,0,,,,,
Isaiah Ford,WR,MIA,12,CAR,0,0,0,0,0,0,0,0,1,11,0,2,0,0,0,0,0,0,0,0,0,0,,,,,
J.D. McKissic,RB,WAS,12,SEA,0,0,0,0,0,30,1,7,5,26,1,5,0,0,0,0,0,0,0,0,0,0,,,,,
J.J. Arcega-Whiteside,WR,PHI,12,NYG,0,0,0,0,0,0,0,0,1,13,0,1,0,0,0,0,0,0,0,0,0,0,,,,,
J.J. Koski,WR,LA,12,GB,0,0,0,0,0,0,0,0,0,0,0,0,0,0,0,0,0,0,0,0,0,0,,,,,
J.P. Holtz,TE,CHI,12,DET,0,0,0,0,0,0,0,0,0,0,0,0,0,0,0,0,0,0,0,0,0,0,,,,,
JAX,DEF,JAX,12,ATL,,,,,,,,,,,,,,,,,,,,,,,0,0,0,0,21.0
Ja'Marcus Bradley,WR,CLE,12,BAL,0,0,0,0,0,0,0,0,2,18,0,2,0,0,0,0,0,0,0,0,0,0,,,,,
Ja'Marr Chase,WR,CIN,12,PIT,0,0,0,0,0,0,0,0,3,39,0,3,0,0,0,0,0,0,0,0,0,0,,,,,
Jack Doyle,TE,IND,12,TB,0,0,0,0,0,0,0,0,6,81,1,7,0,0,0,0,0,0,0,0,0,0,,,,,
Jaelon Darden,WR,TB,12,IND,0,0,0,0,0,0,0,0,0,0,0,0,0,0,0,0,0,0,0,0,0,0,,,,,
Jake Elliott,K,PHI,12,NYG,0,0,0,0,0,0,0,0,0,0,0,0,0,0,0,0,0,0,0,0,0,1,,,,,
Jakeem Grant,WR,CHI,12,DET,0,0,0,0,0,0,0,1,2,25,0,4,0,0,0,0,0,0,0,0,0,0,,,,,
Jakobi Meyers,WR,NE,12,TEN,0,0,0,0,0,0,0,0,5,98,0,8,0,0,0,0,0,0,0,0,0,0,,,,,
Jalen Guyton,WR,LAC,12,DEN,0,0,0,0,0,0,0,0,2,23,0,3,0,0,0,0,0,0,0,0,0,0,,,,,
Jalen Hurts,QB,PHI,12,NYG,129,0,31,14,3,77,0,8,0,0,0,0,0,0,0,0,0,0,0,0,0,0,,,,,
Jalen Reagor,WR,PHI,12,NYG,0,0,0,0,0,0,0,0,2,31,0,7,0,0,0,0,0,0,0,0,0,0,,,,,
Jamaal Williams,RB,DET,12,CHI,0,0,0,0,0,65,0,15,5,18,0,5,0,0,0,0,0,0,0,0,0,0,,,,,
James O'Shaughnessy,TE,JAX,12,ATL,0,0,0,0,0,0,0,0,3,29,0,5,0,0,1,0,0,0,0,0,0,0,,,,,
James Robinson,RB,JAX,12,ATL,0,0,0,0,0,86,0,17,3,29,0,4,0,0,0,0,0,0,0,0,0,0,,,,,
James Washington,WR,PIT,12,CIN,0,0,0,0,0,0,0,0,1,3,0,2,0,0,0,0,0,0,0,0,0,0,,,,,
Jamison Crowder,WR,NYJ,12,HOU,0,0,0,0,0,0,0,0,1,5,0,1,0,0,0,0,0,0,0,0,0,0,,,,,
Jared Cook,TE,LAC,12,DEN,0,0,0,0,0,0,0,0,2,25,1,5,0,0,0,0,0,0,0,0,0,0,,,,,
Jared Goff,QB,DET,12,CHI,171,2,25,21,0,0,0,0,0,0,0,0,0,0,0,0,0,0,0,0,0,0,,,,,
Jaret Patterson,RB,WAS,12,SEA,0,0,0,0,0,0,0,1,0,0,0,0,0,0,0,0,0,0,0,0,0,0,,,,,
Jarvis Landry,WR,CLE,12,BAL,0,0,0,0,0,0,0,0,6,111,0,10,0,0,0,0,0,0,0,0,0,0,,,,,
Jason Myers,K,SEA,12,WAS,0,0,0,0,0,0,0,0,0,0,0,0,0,0,0,0,0,0,0,0,0,1,,,,,
Jason Sanders,K,MIA,12,CAR,0,0,0,0,0,0,0,0,0,0,0,0,0,0,0,0,0,1,1,0,0,3,,,,,
Jauan Jennings,WR,SF,12,MIN,0,0,0,0,0,0,0,0,2,24,1,3,0,0,0,0,0,0,0,0,0,0,,,,,
Javonte Williams,RB,DEN,12,LAC,0,0,0,0,0,54,1,14,3,57,0,4,0,0,0,0,0,0,0,0,0,0,,,,,
Jaydon Mickens,WR,JAX,12,ATL,0,0,0,0,0,0,0,0,0,0,0,0,0,0,0,0,0,0,0,0,0,0,,,,,
Jaylen Waddle,WR,MIA,12,CAR,0,0,0,0,0,0,0,0,9,137,1,10,0,0,0,0,0,0,0,0,0,0,,,,,
Jeff Wilson,RB,SF,12,MIN,0,0,0,0,0,5,0,2,1,2,0,1,0,0,0,0,0,0,0,0,0,0,,,,,
Jerry Jeudy,WR,DEN,12,LAC,0,0,0,0,0,0,0,0,2,25,0,3,0,0,0,0,0,0,0,0,0,0,,,,,
Jesse James,TE,CHI,12,DET,0,0,0,0,0,0,0,0,0,0,0,1,0,0,0,0,0,0,0,0,0,0,,,,,
Jimmy Garoppolo,QB,SF,12,MIN,230,1,26,17,1,0,0,3,0,0,0,0,0,0,0,0,0,0,0,0,0,0,,,,,
Jimmy Graham,TE,CHI,12,DET,0,0,0,0,0,0,0,0,2,34,1,3,0,0,0,0,0,0,0,0,0,0,,,,,
JoJo Natson,WR,CLE,12,BAL,0,0,0,0,0,0,0,0,0,0,0,0,0,0,0,0,0,0,0,0,0,0,,,,,
Joe Burrow,QB,CIN,12,PIT,190,1,24,20,1,8,1,1,0,0,0,0,0,0,0,0,0,0,0,0,0,0,,,,,
Joe Mixon,RB,CIN,12,PIT,0,0,0,0,0,165,2,28,4,-2,0,4,0,0,0,0,0,0,0,0,0,0,,,,,
Joey Slye,K,WAS,12,SEA,0,0,0,0,0,0,0,0,0,0,0,0,0,0,0,0,1,0,0,0,0,0,,,,,
John Bates,TE,WAS,12,SEA,0,0,0,0,0,0,0,0,1,15,0,1,0,0,0,0,0,0,0,0,0,0,,,,,
John Brown,WR,JAX,12,ATL,0,0,0,0,0,0,0,0,0,0,0,1,0,0,0,0,0,0,0,0,0,0,,,,,
John Ross,WR,NYG,12,PHI,0,0,0,0,0,0,0,0,2,28,0,2,0,0,0,0,0,0,0,0,0,0,,,,,
Jonathan Taylor,RB,IND,12,TB,0,0,0,0,0,83,1,16,4,14,0,5,0,0,0,0,0,0,0,0,0,0,,,,,
Jonnu Smith,TE,NE,12,TEN,0,0,0,0,0,9,0,1,3,49,0,4,0,0,0,0,0,0,0,0,0,0,,,,,
Josh Allen,QB,BUF,12,NO,260,4,28,23,2,43,0,8,0,0,0,0,0,0,0,0,0,0,0,0,0,0,,,,,
Josh Jacobs,RB,LV,12,DAL,0,0,0,0,0,87,1,22,2,25,0,4,0,0,0,0,0,0,0,0,0,0,,,,,
Josh Johnson,QB,NYJ,12,HOU,0,0,0,0,0,0,0,0,0,0,0,0,0,0,1,0,0,0,0,0,0,0,,,,,
Josh Palmer,WR,LAC,12,DEN,0,0,0,0,0,0,0,0,2,25,0,2,0,0,0,0,0,0,0,0,0,0,,,,,
Josh Reynolds,WR,DET,12,CHI,0,0,0,0,0,0,0,0,3,70,1,5,0,0,0,0,0,0,0,0,0,0,,,,,
Joshua Kelley,RB,LAC,12,DEN,0,0,0,0,0,5,0,1,2,15,0,3,0,0,0,0,0,0,0,0,0,0,,,,,
Josiah Deguara,TE,GB,12,LA,0,0,0,0,0,0,0,0,2,13,0,4,0,0,0,0,0,0,0,0,0,0,,,,,
Justin Herbert,QB,LAC,12,DEN,303,2,44,28,2,36,0,4,0,0,0,0,0,0,0,0,0,0,0,0,0,0,,,,,
Justin Jackson,RB,LAC,12,DEN,0,0,0,0,0,0,0,0,0,0,0,0,0,0,0,0,0,0,0,0,0,0,,,,,
Justin Jefferson,WR,MIN,12,SF,24,0,1,1,0,0,0,0,4,83,0,9,0,0,0,0,0,0,0,0,0,0,,,,,
Justin Tucker,K,BAL,12,CLE,0,0,0,0,0,0,0,0,0,0,0,0,0,0,0,0,1,0,1,1,0,1,,,,,
K.J. Osborn,WR,MIN,12,SF,0,0,0,0,0,0,0,0,1,5,0,2,0,0,0,0,0,0,0,0,0,0,,,,,
Ka'imi Fairbairn,K,HOU,12,NYJ,0,0,0,0,0,0,0,0,0,0,0,0,0,0,0,0,0,0,0,0,0,2,,,,,
Kalen Ballage,RB,PIT,12,CIN,0,0,0,0,0,21,0,3,1,6,0,2,0,0,0,0,0,0,0,0,0,0,,,,,
Kalif Raymond,WR,DET,12,CHI,0,0,0,0,0,0,0,0,3,16,0,4,0,0,0,0,0,0,0,0,0,0,,,,,
Kareem Hunt,RB,CLE,12,BAL,0,0,0,0,0,20,0,7,0,0,0,1,0,0,0,0,0,0,0,0,0,0,,,,,
Keelan Cole,WR,NYJ,12,HOU,0,0,0,0,0,0,0,0,2,24,0,2,0,0,0,0,0,0,0,0,0,0,,,,,
Keenan Allen,WR,LAC,12,DEN,0,0,0,0,0,0,0,0,7,85,0,10,0,0,0,0,0,0,0,0,0,0,,,,,
Kendall Hinton,WR,DEN,12,LAC,0,0,0,0,0,0,0,0,0,0,0,1,0,0,0,0,0,0,0,0,0,0,,,,,
Kendrick Bourne,WR,NE,12,TEN,0,0,0,0,0,0,0,0,5,61,2,6,0,0,0,0,0,0,0,0,0,0,,,,,
Kene Nwangwu,RB,MIN,12,SF,0,0,0,0,0,7,0,1,0,0,0,0,1,0,0,0,0,0,0,0,0,0,,,,,
Kenny Gainwell,RB,PHI,12,NYG,0,0,0,0,0,0,0,0,3,32,0,4,0,0,0,0,0,0,0,0,0,0,,,,,
Kenny Golladay,WR,NYG,12,PHI,0,0,0,0,0,0,0,0,3,50,0,7,0,0,0,0,0,0,0,0,0,0,,,,,
Kenyan Drake,RB,LV,12,DAL,0,0,0,0,0,25,0,7,2,5,0,2,0,0,0,0,0,0,0,0,0,0,,,,,
KhaDarel Hodge,WR,DET,12,CHI,0,0,0,0,0,0,0,0,0,0,0,0,0,0,0,0,0,0,0,0,0,0,,,,,
Khalil Herbert,RB,CHI,12,DET,0,0,0,0,0,9,0,4,0,0,0,0,0,0,0,0,0,0,0,0,0,0,,,,,
Kirk Cousins,QB,MIN,12,SF,238,2,32,20,1,0,0,0,0,0,0,0,0,0,0,0,0,0,0,0,0,0,,,,,
Kyle Juszczyk,RB,SF,12,MIN,0,0,0,0,0,0,0,0,2,37,0,2,0,0,0,0,0,0,0,0,0,0,,,,,
Kyle Pitts,TE,ATL,12,JAX,0,0,0,0,0,0,0,0,2,26,0,6,0,0,0,0,0,0,0,0,0,0,,,,,
Kylen Granson,TE,IND,12,TB,0,0,0,0,0,0,0,0,2,22,0,2,0,0,0,0,0,0,0,0,0,0,,,,,
LA,DEF,LA,12,GB,,,,,,,,,,,,,,,,,,,,,,,0,0,0,0,36.0
LAC,DEF,LAC,12,DEN,,,,,,,,,,,,,,,,,,,,,,,0,0,0,0,28.0
LV,DEF,LV,12,DAL,,,,,,,,,,,,,,,,,,,,,,,0,0,0,0,33.0
Lamar Jackson,QB,BAL,12,CLE,165,1,32,20,4,68,0,17,0,0,0,0,0,0,0,0,0,0,0,0,0,0,,,,,
Laquon Treadwell,WR,JAX,12,ATL,0,0,0,0,0,0,0,0,4,53,0,8,0,0,0,0,0,0,0,0,0,0,,,,,
Latavius Murray,RB,BAL,12,CLE,0,0,0,0,0,14,0,8,0,0,0,0,0,0,0,0,0,0,0,0,0,0,,,,,
Laviska Shenault Jr.,WR,JAX,12,ATL,0,0,0,0,0,0,0,0,5,33,0,9,0,0,0,0,0,0,0,0,0,0,,,,,
Lee Smith,TE,ATL,12,JAX,0,0,0,0,0,0,0,0,0,0,0,0,0,0,0,0,0,0,0,0,0,0,,,,,
Leonard Fournette,RB,TB,12,IND,0,0,0,0,0,100,3,17,7,31,1,8,0,0,0,0,0,0,0,0,0,0,,,,,
Lil'Jordan Humphrey,WR,NO,12,BUF,0,0,0,0,0,0,0,0,3,47,0,5,0,0,0,0,0,0,0,0,0,0,,,,,
Logan Thomas,TE,WAS,12,SEA,0,0,0,0,0,0,0,0,3,31,0,6,0,0,0,0,0,0,0,0,0,0,,,,,
MIA,DEF,MIA,12,CAR,,,,,,,,,,,,,,,,,,,,,,,0,0,0,0,10.0
MIN,DEF,MIN,12,SF,,,,,,,,,,,,,,,,,,,,,,,0,0,0,0,34.0
Mac Jones,QB,NE,12,TEN,310,2,32,23,0,11,0,2,0,0,0,0,0,0,0,0,0,0,0,0,0,0,,,,,
Mack Hollins,WR,MIA,12,CAR,0,0,0,0,0,0,0,0,0,0,0,1,0,0,0,0,0,0,0,0,0,0,,,,,
Marcedes Lewis,TE,GB,12,LA,0,0,0,0,0,0,0,0,2,4,0,3,0,0,0,0,0,0,0,0,0,0,,,,,
Marcus Mariota,QB,LV,12,DAL,0,0,0,0,0,4,1,2,0,0,0,0,0,0,0,0,0,0,0,0,0,0,,,,,
Mark Andrews,TE,BAL,12,CLE,0,0,0,0,0,0,0,0,4,65,1,10,0,0,0,0,0,0,0,0,0,0,,,,,
Marquez Callaway,WR,NO,12,BUF,0,0,0,0,0,0,0,0,2,24,0,4,0,0,0,0,0,0,0,0,0,0,,,,,
Marquez Stevenson,WR,BUF,12,NO,0,0,0,0,0,0,0,0,0,0,0,0,0,0,0,0,0,0,0,0,0,0,,,,,
Marquez Valdes-Scantling,WR,GB,12,LA,0,0,0,0,0,0,0,0,4,50,0,9,0,0,0,0,0,0,0,0,0,0,,,,,
Marquise Brown,WR,BAL,12,CLE,0,0,0,0,0,0,0,0,8,51,0,10,0,0,0,0,0,0,0,0,0,0,,,,,
Marquise Goodwin,WR,CHI,12,DET,0,0,0,0,0,0,0,0,0,0,0,1,0,0,0,0,0,0,0,0,0,0,,,,,
Marvin Jones,WR,JAX,12,ATL,0,0,0,0,0,0,0,0,4,43,0,7,0,0,0,0,0,0,0,0,0,0,,,,,
Mason Crosby,K,GB,12,LA,0,0,0,0,0,0,0,0,0,0,0,0,0,0,0,0,2,0,1,0,0,3,,,,,
Matt Ammendola,K,NYJ,12,HOU,0,0,0,0,0,0,0,0,0,0,0,0,0,0,0,0,0,2,0,0,0,1,,,,,
Matt Breida,RB,BUF,12,NO,0,0,0,0,0,26,0,9,2,29,1,2,0,0,0,0,0,0,0,0,0,0,,,,,
Matt Cole,WR,CAR,12,MIA,0,0,0,0,0,0,0,0,0,0,0,0,0,0,0,0,0,0,0,0,0,0,,,,,
Matt Gay,K,LA,12,GB,0,0,0,0,0,0,0,0,0,0,0,0,0,0,0,0,0,2,0,0,0,2,,,,,
Matt Ryan,QB,ATL,12,JAX,190,1,29,19,1,6,0,4,0,0,0,0,0,0,0,0,0,0,0,0,0,0,,,,,
Matthew Stafford,QB,LA,12,GB,302,3,38,21,1,-1,0,1,0,0,0,0,0,0,1,0,0,0,0,0,0,0,,,,,
Matthew Wright,K,JAX,12,ATL,0,0,0,0,0,0,0,0,0,0,0,0,0,0,0,0,1,1,0,0,0,0,,,,,
Melvin Gordon,RB,DEN,12,LAC,0,0,0,0,0,83,0,17,1,5,0,2,0,0,0,0,0,0,0,0,0,0,,,,,
Michael Gallup,WR,DAL,12,LV,0,0,0,0,0,0,0,0,5,106,0,8,0,0,0,0,0,0,0,0,0,0,,,,,
Michael Pittman,WR,IND,12,TB,0,0,0,0,0,0,0,0,4,53,0,10,0,0,0,0,0,0,0,0,0,0,,,,,
Mike Badgley,K,IND,12,TB,0,0,0,0,0,0,0,0,0,0,0,0,0,0,0,0,0,0,1,0,0,4,,,,,
Mike Davis,RB,ATL,12,JAX,0,0,0,0,0,16,0,5,3,25,0,4,0,0,0,0,0,0,0,0,0,0,,,,,
Mike Evans,WR,TB,12,IND,0,0,0,0,0,0,0,0,3,16,0,6,0,0,0,0,0,0,0,0,0,0,,,,,
Mike Gesicki,TE,MIA,12,CAR,0,0,0,0,0,0,0,0,3,17,0,3,0,0,0,0,0,0,0,0,0,0,,,,,
Mike Thomas,WR,CIN,12,PIT,0,0,0,0,0,0,0,0,0,0,0,1,0,0,0,0,0,0,0,0,0,0,,,,,
Mike Williams,WR,LAC,12,DEN,0,0,0,0,0,0,0,0,4,39,0,8,0,0,0,0,0,0,0,0,0,0,,,,,
Miles Sanders,RB,PHI,12,NYG,0,0,0,0,0,64,0,9,1,0,0,1,0,0,0,0,0,0,0,0,0,0,,,,,
Mo Alie-Cox,TE,IND,12,TB,0,0,0,0,0,0,0,0,1,8,0,2,0,0,0,0,0,0,0,0,0,0,,,,,
MyCole Pruitt,TE,TEN,12,NE,0,0,0,0,0,0,0,0,1,10,0,2,0,0,0,0,0,0,0,0,0,0,,,,,
Myles Gaskin,RB,MIA,12,CAR,0,0,0,0,0,49,2,16,2,3,0,2,0,0,0,0,0,0,0,0,0,0,,,,,
NE,DEF,NE,12,TEN,,,,,,,,,,,,,,,,,,,,,,,0,0,0,0,13.0
NO,DEF,NO,12,BUF,,,,,,,,,,,,,,,,,,,,,,,0,0,0,0,31.0
NYG,DEF,NYG,12,PHI,,,,,,,,,,,,,,,,,,,,,,,0,0,0,0,7.0
NYJ,DEF,NYJ,12,HOU,,,,,,,,,,,,,,,,,,,,,,,0,0,0,0,14.0
Najee Harris,RB,PIT,12,CIN,0,0,0,0,0,23,0,8,3,14,0,5,0,0,0,0,0,0,0,0,0,0,,,,,
Nelson Agholor,WR,NE,12,TEN,0,0,0,0,0,0,0,0,3,20,0,3,0,0,0,0,0,0,0,0,0,0,,,,,
Nick Chubb,RB,CLE,12,BAL,0,0,0,0,0,16,0,8,2,23,0,4,0,0,0,0,0,0,0,0,0,0,,,,,
Nick Folk,K,NE,12,TEN,0,0,0,0,0,0,0,0,0,0,0,0,0,0,0,0,2,1,1,1,0,3,,,,,
Nick Vannett,TE,NO,12,BUF,0,0,0,0,0,0,0,0,1,11,1,1,0,0,0,0,0,0,0,0,0,0,,,,,
Nick Westbrook-Ikhine,WR,TEN,12,NE,0,0,0,0,0,0,0,0,2,25,1,6,0,0,0,0,0,0,0,0,0,0,,,,,
Nico Collins,WR,HOU,12,NYJ,0,0,0,0,0,0,0,0,2,28,0,5,0,0,0,0,0,0,0,0,0,0,,,,,
Noah Brown,WR,DAL,12,LV,0,0,0,0,0,0,0,0,6,53,0,9,0,0,0,0,0,0,0,0,0,0,,,,,
Noah Fant,TE,DEN,12,LAC,0,0,0,0,0,0,0,0,3,12,0,4,0,0,0,0,0,0,0,0,0,0,,,,,
Nyheim Hines,RB,IND,12,TB,0,0,0,0,0,3,0,1,3,26,0,4,0,0,0,0,0,0,0,0,0,0,,,,,
Odell Beckham Jr.,WR,LA,12,GB,0,0,0,0,0,0,0,0,5,81,1,10,0,0,0,0,0,0,0,0,0,0,,,,,
Olamide Zaccheaus,WR,ATL,12,JAX,0,0,0,0,0,0,0,0,1,5,0,2,0,0,0,0,0,0,0,0,0,0,,,,,
PHI,DEF,PHI,12,NYG,,,,,,,,,,,,,,,,,,,,,,,0,0,0,0,13.0
PIT,DEF,PIT,12,CIN,,,,,,,,,,,,,,,,,,,,,,,0,0,0,0,41.0
PJ Walker,QB,CAR,12,MIA,87,0,10,5,1,0,0,0,0,0,0,0,0,0,0,0,0,0,0,0,0,0,,,,,
Parker Hesse,TE,ATL,12,JAX,0,0,0,0,0,0,0,0,1,7,0,1,0,0,0,0,0,0,0,0,0,0,,,,,
Pat Freiermuth,TE,PIT,12,CIN,0,0,0,0,0,0,0,0,4,40,1,4,0,0,0,0,0,0,0,0,0,0,,,,,
Patrick Ricard,RB,BAL,12,CLE,0,0,0,0,0,0,0,0,1,0,0,2,0,0,0,0,0,0,0,0,0,0,,,,,
Pharaoh Brown,TE,HOU,12,NYJ,0,0,0,0,0,0,0,0,0,0,0,1,0,0,0,0,0,0,0,0,0,0,,,,,
Pharoh Cooper,WR,NYG,12,PHI,0,0,0,0,0,3,0,1,1,6,0,2,0,0,0,0,0,0,0,0,0,0,,,,,
Phillip Lindsay,RB,MIA,12,CAR,0,0,0,0,0,42,0,12,0,0,0,0,0,0,0,0,0,0,0,0,0,0,,,,,
Preston Williams,WR,MIA,12,CAR,0,0,0,0,0,0,0,0,1,4,0,1,0,0,0,0,0,0,0,0,0,0,,,,,
Quez Watkins,WR,PHI,12,NYG,0,0,0,0,0,3,0,1,2,23,0,5,0,0,0,0,0,0,0,0,0,0,,,,,
Randall Cobb,WR,GB,12,LA,0,0,0,0,0,0,0,0,4,95,1,5,0,0,0,0,0,0,0,0,0,0,,,,,
Randy Bullock,K,TEN,12,NE,0,0,0,0,0,0,0,0,0,0,0,0,0,0,0,0,0,0,0,0,0,1,,,,,
Rashod Bateman,WR,BAL,12,CLE,0,0,0,0,0,0,0,0,4,31,0,4,0,0,0,0,0,0,0,0,0,0,,,,,
Rex Burkhead,RB,HOU,12,NYJ,0,0,0,0,0,27,0,12,3,27,0,3,0,0,0,0,0,0,0,0,0,0,,,,,
Rhamondre Stevenson,RB,NE,12,TEN,0,0,0,0,0,46,0,9,0,0,0,1,0,0,0,0,0,0,0,0,0,0,,,,,
Riley Patterson,K,DET,12,CHI,0,0,0,0,0,0,0,0,0,0,0,0,0,0,0,0,0,0,0,0,0,2,,,,,
Rob Gronkowski,TE,TB,12,IND,0,0,0,0,0,0,0,0,7,123,0,9,0,0,0,0,0,0,0,0,0,0,,,,,
Robbie Chosen,WR,CAR,12,MIA,0,0,0,0,0,0,0,0,1,15,0,4,0,0,0,0,0,0,0,0,0,0,,,,,
Robbie Gould,K,SF,12,MIN,0,0,0,0,0,0,0,0,0,0,0,0,0,0,0,0,1,0,1,0,0,4,,,,,
Ronald Jones,RB,TB,12,IND,0,0,0,0,0,37,1,7,0,0,0,0,0,0,0,0,0,0,0,0,0,0,,,,,
Russell Gage,WR,ATL,12,JAX,0,0,0,0,0,0,0,0,6,62,1,7,0,0,0,0,0,0,0,0,0,0,,,,,
Russell Wilson,QB,SEA,12,WAS,247,2,31,20,0,16,0,2,0,0,0,0,0,0,0,0,0,0,0,0,0,0,,,,,
Ryan Griffin,TE,NYJ,12,HOU,0,0,0,0,0,0,0,0,3,20,0,4,0,0,0,0,0,0,0,0,0,0,,,,,
Ryan Succop,K,TB,12,IND,0,0,0,0,0,0,0,0,0,0,0,0,0,0,0,0,1,0,0,0,0,5,,,,,
Ryan Tannehill,QB,TEN,12,NE,93,1,21,11,1,24,0,5,0,0,0,0,0,0,0,0,0,0,0,0,0,0,,,,,
SEA,DEF,SEA,12,WAS,,,,,,,,,,,,,,,,,,,,,,,0,0,0,0,17.0
SF,DEF,SF,12,MIN,,,,,,,,,,,,,,,,,,,,,,,0,0,0,0,26.0
Salvon Ahmed,RB,MIA,12,CAR,0,0,0,0,0,17,0,5,1,9,0,1,0,0,0,0,0,0,0,0,0,0,,,,,
Samaje Perine,RB,CIN,12,PIT,0,0,0,0,0,3,0,3,1,12,0,1,0,0,0,0,0,0,0,0,0,0,,,,,
Sammy Watkins,WR,BAL,12,CLE,0,0,0,0,0,0,0,0,1,8,0,1,0,0,0,0,0,0,0,0,0,0,,,,,
Saquon Barkley,RB,NYG,12,PHI,0,0,0,0,0,40,0,13,4,13,0,5,0,0,0,0,0,0,0,0,0,0,,,,,
Scott Miller,WR,TB,12,IND,0,0,0,0,0,0,0,0,0,0,0,1,0,0,0,0,0,0,0,0,0,0,,,,,
Sean McKeon,TE,DAL,12,LV,0,0,0,0,0,0,0,0,1,10,1,1,0,0,0,0,0,0,0,0,0,0,,,,,
Sony Michel,RB,LA,12,GB,0,0,0,0,0,14,0,3,1,11,0,1,0,0,0,0,0,0,0,0,0,0,,,,,
Stanley Morgan,WR,CIN,12,PIT,0,0,0,0,0,0,0,0,0,0,0,1,0,0,0,0,0,0,0,0,0,0,,,,,
Stefon Diggs,WR,BUF,12,NO,0,0,0,0,0,0,0,0,7,74,1,9,0,0,0,0,0,0,0,0,0,0,,,,,
Stephen Anderson,TE,LAC,12,DEN,0,0,0,0,0,0,0,0,2,18,0,2,0,0,0,0,0,0,0,0,0,0,,,,,
T.J. Hockenson,TE,DET,12,CHI,0,0,0,0,0,0,0,0,3,35,1,3,0,0,0,0,0,0,0,0,0,0,,,,,
T.Y. Hilton,WR,IND,12,TB,0,0,0,0,0,0,0,0,4,28,1,5,0,0,0,0,0,0,0,0,0,0,,,,,
TB,DEF,TB,12,IND,,,,,,,,,,,,,,,,,,,,,,,0,0,0,0,31.0
TEN,DEF,TEN,12,NE,,,,,,,,,,,,,,,,,,,,,,,0,0,0,0,36.0
Taiwan Jones,RB,BUF,12,NO,0,0,0,0,0,0,0,0,0,0,0,0,0,0,0,0,0,0,0,0,0,0,,,,,
Tajae Sharpe,WR,ATL,12,JAX,0,0,0,0,0,0,0,0,2,22,0,3,0,0,0,0,0,0,0,0,0,0,,,,,
Tavon Austin,WR,JAX,12,ATL,0,0,0,0,0,0,0,0,2,21,1,2,0,0,0,0,0,0,0,0,0,0,,,,,
Taylor Heinicke,QB,WAS,12,SEA,223,1,35,27,1,3,0,4,0,0,0,0,0,0,0,0,0,0,0,0,0,0,,,,,
Teddy Bridgewater,QB,DEN,12,LAC,129,1,18,11,0,10,1,2,0,0,0,0,0,0,0,0,0,0,0,0,0,0,,,,,
Tee Higgins,WR,CIN,12,PIT,0,0,0,0,0,0,0,0,6,114,1,8,0,0,0,0,0,0,0,0,0,0,,,,,
Terry McLaurin,WR,WAS,12,SEA,0,0,0,0,0,0,0,0,4,51,0,7,0,0,0,0,0,0,0,0,0,0,,,,,
Tevin Coleman,RB,NYJ,12,HOU,0,0,0,0,0,67,0,16,2,3,0,3,0,0,0,0,0,0,0,0,0,0,,,,,
Tim Patrick,WR,DEN,12,LAC,0,0,0,0,0,0,0,0,2,26,0,3,0,0,0,0,0,0,0,0,0,0,,,,,
Tom Brady,QB,TB,12,IND,226,1,34,25,1,2,0,2,0,0,0,0,0,0,0,0,0,0,0,0,0,0,,,,,
Tommy Tremble,TE,CAR,12,MIA,0,0,0,0,0,0,0,0,1,4,0,3,0,0,0,0,0,0,0,0,0,0,,,,,
Tony Jones,RB,NO,12,BUF,0,0,0,0,0,27,0,16,0,0,0,0,0,0,0,0,0,0,0,0,0,0,,,,,
Tony Pollard,RB,DAL,12,LV,0,0,0,0,0,36,0,10,4,32,0,4,1,0,0,0,0,0,0,0,0,0,,,,,
Tre' McKitty,TE,LAC,12,DEN,0,0,0,0,0,0,0,0,0,0,0,1,0,0,0,0,0,0,0,0,0,0,,,,,
Tre'Quan Smith,WR,NO,12,BUF,0,0,0,0,0,0,0,0,4,31,0,5,0,0,0,0,0,0,0,0,0,0,,,,,
Trent Sherfield,WR,SF,12,MIN,0,0,0,0,0,0,0,0,1,5,0,1,0,0,0,0,0,0,0,0,0,0,,,,,
Trevon Wesco,TE,NYJ,12,HOU,0,0,0,0,0,0,0,0,0,0,0,0,0,0,0,0,0,0,0,0,0,0,,,,,
Trevor Lawrence,QB,JAX,12,ATL,228,1,42,23,1,39,0,5,0,0,0,0,0,0,1,0,0,0,0,0,0,0,,,,,
Trevor Siemian,QB,NO,12,BUF,163,1,29,17,1,3,0,3,0,0,0,0,0,0,0,0,0,0,0,0,0,0,,,,,
Tua Tagovailoa,QB,MIA,12,CAR,230,1,31,27,0,0,0,4,0,0,0,0,0,0,0,0,0,0,0,0,0,0,,,,,
Ty Johnson,RB,NYJ,12,HOU,0,0,0,0,0,42,0,6,0,0,0,1,0,0,0,0,0,0,0,0,0,0,,,,,
Ty Montgomery,WR,NO,12,BUF,0,0,0,0,0,14,0,6,5,31,0,7,0,0,0,0,0,0,0,0,0,0,,,,,
Ty'Son Williams,RB,BAL,12,CLE,0,0,0,0,0,1,0,1,0,0,0,1,0,0,0,0,0,0,0,0,0,0,,,,,
Tylan Wallace,WR,BAL,12,CLE,0,0,0,0,0,0,0,0,0,0,0,1,0,0,0,0,0,0,0,0,0,0,,,,,
Tyler Bass,K,BUF,12,NO,0,0,0,0,0,0,0,0,0,0,0,0,0,0,0,0,0,1,0,0,0,4,,,,,
Tyler Boyd,WR,CIN,12,PIT,0,0,0,0,0,0,0,0,2,13,0,2,0,0,0,0,0,0,0,0,0,0,,,,,
Tyler Conklin,TE,MIN,12,SF,0,0,0,0,0,0,0,0,2,25,0,3,0,0,0,0,0,0,0,0,0,0,,,,,
Tyler Higbee,TE,LA,12,GB,0,0,0,0,0,0,0,0,1,3,0,5,0,0,0,0,0,0,0,0,0,0,,,,,
Tyler Johnson,WR,TB,12,IND,0,0,0,0,0,0,0,0,1,9,0,1,0,0,0,0,0,0,0,0,0,0,,,,,
Tyler Lockett,WR,SEA,12,WAS,0,0,0,0,0,0,0,0,3,96,0,5,0,0,0,0,0,0,0,0,0,0,,,,,
Tyrod Taylor,QB,HOU,12,NYJ,158,2,26,17,1,30,0,2,0,0,0,0,0,0,0,0,0,0,0,0,0,0,,,,,
Van Jefferson,WR,LA,12,GB,0,0,0,0,0,0,0,0,3,93,1,9,0,0,0,0,0,0,0,0,0,0,,,,,
WAS,DEF,WAS,12,SEA,,,,,,,,,,,,,,,,,,,,,,,0,0,0,0,15.0
Wayne Gallman,RB,ATL,12,JAX,0,0,0,0,0,19,0,4,0,0,0,0,0,0,0,0,0,0,0,0,0,0,,,,,
Will Dissly,TE,SEA,12,WAS,0,0,0,0,0,0,0,0,2,19,0,2,0,0,0,0,0,0,0,0,0,0,,,,,
Younghoe Koo,K,ATL,12,JAX,0,0,0,0,0,0,0,0,0,0,0,0,0,0,0,0,0,0,0,0,0,3,,,,,
Zach Gentry,TE,PIT,12,CIN,0,0,0,0,0,0,0,0,1,10,0,2,0,0,0,0,0,0,0,0,0,0,,,,,
Zach Pascal,WR,IND,12,TB,0,0,0,0,0,0,0,0,2,12,0,7,0,0,0,0,0,0,0,0,0,0,,,,,
Zach Wilson,QB,NYJ,12,HOU,145,0,24,14,1,3,1,2,0,0,0,0,0,0,0,0,0,0,0,0,0,0,,,,,
Zane Gonzalez,K,CAR,12,MIA,0,0,0,0,0,0,0,0,0,0,0,0,0,0,0,0,0,0,1,0,0,1,,,,,
Zay Jones,WR,LV,12,DAL,0,0,0,0,0,4,0,1,5,59,0,7,0,0,0,0,0,0,0,0,0,0,,,,,
A.J. Green,WR,ARI,13,CHI,0,0,0,0,0,0,0,0,1,14,0,1,0,0,0,0,0,0,0,0,0,0,,,,,
ARI,DEF,ARI,13,CHI,,,,,,,,,,,,,,,,,,,,,,,0,0,0,0,22.0
ATL,DEF,ATL,13,TB,,,,,,,,,,,,,,,,,,,,,,,1,0,0,0,30.0
Adam Humphries,WR,WAS,13,LV,0,0,0,0,0,0,0,0,4,38,0,5,0,0,0,0,0,0,0,0,0,0,,,,,
Adam Thielen,WR,MIN,13,DET,0,0,0,0,0,0,0,0,1,0,0,2,0,0,0,0,0,0,0,0,0,0,,,,,
Adrian Peterson,RB,SEA,13,SF,0,0,0,0,0,16,1,11,0,0,0,0,0,0,0,0,0,0,0,0,0,0,,,,,
Albert Okwuegbunam,TE,DEN,13,KC,0,0,0,0,0,0,0,0,3,21,0,4,0,0,0,0,0,0,0,0,0,0,,,,,
Albert Wilson,WR,MIA,13,NYG,0,0,0,0,0,0,0,0,4,26,0,8,0,0,0,0,0,0,0,0,0,0,,,,,
Alex Kessman,K,NYJ,13,PHI,0,0,0,0,0,0,0,0,0,0,0,0,0,0,0,0,0,0,0,0,0,0,,,,,
Alexander Mattison,RB,MIN,13,DET,0,0,0,0,0,90,1,22,3,34,0,3,0,0,0,0,0,0,0,0,0,0,,,,,
Amari Cooper,WR,DAL,13,NO,0,0,0,0,0,0,0,0,2,41,0,2,0,0,0,0,0,0,0,0,0,0,,,,,
Amon-Ra St. Brown,WR,DET,13,MIN,0,0,0,0,0,2,0,1,10,86,1,12,0,0,0,0,0,0,0,0,0,0,,,,,
Andre Roberts,WR,LAC,13,CIN,0,0,0,0,0,0,0,0,0,0,0,0,0,0,0,0,0,0,0,0,0,0,,,,,
Andy Dalton,QB,CHI,13,ARI,229,2,41,26,4,6,0,2,0,0,0,0,0,0,1,0,0,0,0,0,0,0,,,,,
Antonio Gibson,RB,WAS,13,LV,0,0,0,0,0,88,0,23,5,23,1,6,0,0,0,0,0,0,0,0,0,0,,,,,
Ashton Dulin,WR,IND,13,HOU,0,0,0,0,0,0,0,0,1,2,1,1,0,0,0,0,0,0,0,0,0,0,,,,,
Austin Ekeler,RB,LAC,13,CIN,0,0,0,0,0,59,1,14,5,45,0,5,0,0,0,0,0,0,0,0,0,0,,,,,
Austin Walter,RB,NYJ,13,PHI,0,0,0,0,0,2,0,1,2,9,0,2,0,0,0,0,0,0,0,0,0,0,,,,,
Avery Williams,RB,ATL,13,TB,0,0,0,0,0,0,0,0,0,0,0,0,0,0,0,0,0,0,0,0,0,0,,,,,
BAL,DEF,BAL,13,PIT,,,,,,,,,,,,,,,,,,,,,,,0,0,0,0,20.0
BUF,DEF,BUF,13,NE,,,,,,,,,,,,,,,,,,,,,,,0,0,0,0,14.0
Ben Roethlisberger,QB,PIT,13,BAL,236,2,31,21,0,-1,0,1,0,0,0,0,0,0,1,0,0,0,0,0,0,0,,,,,
Ben Skowronek,WR,LA,13,JAX,0,0,0,0,0,0,0,0,1,35,0,2,0,0,0,0,0,0,0,0,0,0,,,,,
Benny Snell,RB,PIT,13,BAL,0,0,0,0,0,13,0,2,0,0,0,0,0,0,0,0,0,0,0,0,0,0,,,,,
Boston Scott,RB,PHI,13,NYJ,0,0,0,0,0,0,0,0,0,0,0,0,0,0,0,0,0,0,0,0,0,0,,,,,
Brandin Cooks,WR,HOU,13,IND,0,0,0,0,0,16,0,1,3,38,0,6,0,0,0,0,0,0,0,0,0,0,,,,,
Brandon Aiyuk,WR,SF,13,SEA,0,0,0,0,0,0,0,0,3,55,0,6,0,0,0,0,0,0,0,0,0,0,,,,,
Brandon Bolden,RB,NE,13,BUF,0,0,0,0,0,28,0,4,1,7,0,1,0,0,1,0,0,0,0,0,0,0,,,,,
Brandon McManus,K,DEN,13,KC,0,0,0,0,0,0,0,0,0,0,0,0,0,0,0,0,0,0,1,0,0,0,,,,,
Brandon Powell,WR,LA,13,JAX,0,0,0,0,0,0,0,0,0,0,0,0,0,0,0,0,0,0,0,0,0,0,,,,,
Braxton Berrios,WR,NYJ,13,PHI,0,0,0,0,0,0,0,0,1,11,0,1,0,0,0,0,0,0,0,0,0,0,,,,,
Breshad Perriman,WR,TB,13,ATL,0,0,0,0,0,0,0,0,1,5,0,3,0,0,0,0,0,0,0,0,0,0,,,,,
Brett Maher,K,NO,13,DAL,0,0,0,0,0,0,0,0,0,0,0,0,0,0,0,0,0,0,1,0,0,2,,,,,
Brevin Jordan,TE,HOU,13,IND,0,0,0,0,0,0,0,0,2,7,0,4,0,0,0,0,0,0,0,0,0,0,,,,,
Brian Johnson,K,WAS,13,LV,0,0,0,0,0,0,0,0,0,0,0,0,0,0,0,0,0,0,1,0,0,2,,,,,
Brock Wright,TE,DET,13,MIN,0,0,0,0,0,0,0,0,2,28,1,3,0,0,0,0,0,0,0,0,0,0,,,,,
Bryan Edwards,WR,LV,13,WAS,0,0,0,0,0,0,0,0,3,30,0,5,0,0,0,0,0,0,0,0,0,0,,,,,
Byron Pringle,WR,KC,13,DEN,0,0,0,0,0,0,0,0,1,14,0,4,0,0,0,0,0,0,0,0,0,0,,,,,
C.J. Beathard,QB,JAX,13,LA,0,0,0,0,0,2,0,1,0,0,0,0,0,0,0,0,0,0,0,0,0,0,,,,,
C.J. Uzomah,TE,CIN,13,LAC,0,0,0,0,0,0,0,0,3,20,0,6,0,0,0,0,0,0,0,0,0,0,,,,,
CHI,DEF,CHI,13,ARI,,,,,,,,,,,,,,,,,,,,,,,0,0,0,0,33.0
CIN,DEF,CIN,13,LAC,,,,,,,,,,,,,,,,,,,,,,,0,0,0,0,41.0
Cairo Santos,K,CHI,13,ARI,0,0,0,0,0,0,0,0,0,0,0,0,0,0,0,0,0,0,0,0,0,2,,,,,
Cameron Brate,TE,TB,13,ATL,0,0,0,0,0,0,0,0,1,3,1,1,0,0,0,0,0,0,0,0,0,0,,,,,
Carlos Hyde,RB,JAX,13,LA,0,0,0,0,0,24,1,9,1,-1,0,1,0,0,0,0,0,0,0,0,0,0,,,,,
Carson Wentz,QB,IND,13,HOU,158,1,22,16,0,8,0,3,0,0,0,0,0,0,0,0,0,0,0,0,0,0,,,,,
CeeDee Lamb,WR,DAL,13,NO,0,0,0,0,0,33,0,1,7,89,0,13,0,0,0,0,0,0,0,0,0,0,,,,,
Charlie Woerner,TE,SF,13,SEA,0,0,0,0,0,0,0,0,0,0,0,0,0,0,0,0,0,0,0,0,0,0,,,,,
Chase Claypool,WR,PIT,13,BAL,0,0,0,0,0,2,0,1,2,52,0,3,0,0,0,0,0,0,0,0,0,0,,,,,
Chris Boswell,K,PIT,13,BAL,0,0,0,0,0,0,0,0,0,0,0,0,0,0,0,0,0,0,1,1,0,0,,,,,
Chris Conley,WR,HOU,13,IND,0,0,0,0,0,0,0,0,0,0,0,4,0,0,0,0,0,0,0,0,0,0,,,,,
Chris Godwin Jr.,WR,TB,13,ATL,0,0,0,0,0,9,0,1,15,143,0,17,0,0,0,0,0,0,0,0,0,0,,,,,
Christian Kirk,WR,ARI,13,CHI,0,0,0,0,0,0,0,0,1,4,0,3,0,0,0,0,0,0,0,0,0,0,,,,,
Clyde Edwards-Helaire,RB,KC,13,DEN,0,0,0,0,0,54,0,14,3,28,0,3,0,0,0,0,0,0,0,0,0,0,,,,,
Cody White,WR,PIT,13,BAL,0,0,0,0,0,0,0,0,0,0,0,0,0,0,0,0,0,0,0,0,0,0,,,,,
Cole Beasley,WR,BUF,13,NE,0,0,0,0,0,0,0,0,1,11,0,3,0,0,0,0,0,0,0,0,0,0,,,,,
Cole Kmet,TE,CHI,13,ARI,0,0,0,0,0,0,0,0,3,41,0,7,0,0,0,0,0,0,0,0,0,0,,,,,
Cooper Kupp,WR,LA,13,JAX,0,0,0,0,0,0,0,0,8,129,1,10,0,0,0,0,0,0,0,0,0,0,,,,,
Cordarrelle Patterson,RB,ATL,13,TB,0,0,0,0,0,78,0,13,3,18,0,5,0,0,0,0,0,0,0,0,0,0,,,,,
Corey Clement,RB,DAL,13,NO,0,0,0,0,0,0,0,0,0,0,0,0,0,0,0,0,0,0,0,0,0,0,,,,,
Corey Davis,WR,NYJ,13,PHI,0,0,0,0,0,0,0,0,2,15,0,3,0,0,0,0,0,0,0,0,0,0,,,,,
Courtland Sutton,WR,DEN,13,KC,0,0,0,0,0,0,0,0,2,15,0,6,0,0,0,0,0,0,0,0,0,0,,,,,
Curtis Samuel,WR,WAS,13,LV,0,0,0,0,0,-1,0,2,1,-1,0,1,0,0,0,0,0,0,0,0,0,0,,,,,
DAL,DEF,DAL,13,NO,,,,,,,,,,,,,,,,,,,,,,,1,0,0,0,17.0
DEN,DEF,DEN,13,KC,,,,,,,,,,,,,,,,,,,,,,,0,0,0,0,22.0
DET,DEF,DET,13,MIN,,,,,,,,,,,,,,,,,,,,,,,0,0,0,0,27.0
DK Metcalf,WR,SEA,13,SF,0,0,0,0,0,0,0,0,5,60,0,8,0,0,0,0,0,0,0,0,0,0,,,,,
Dak Prescott,QB,DAL,13,NO,238,1,40,26,1,-3,0,3,0,0,0,0,0,0,0,0,0,0,0,0,0,0,,,,,
Dallas Goedert,TE,PHI,13,NYJ,0,0,0,0,0,0,0,0,6,105,2,6,0,0,0,0,0,0,0,0,0,0,,,,,
Dalton Schultz,TE,DAL,13,NO,0,0,0,0,0,0,0,0,5,43,0,5,0,0,0,0,0,0,0,0,0,0,,,,,
Damien Harris,RB,NE,13,BUF,0,0,0,0,0,111,1,10,0,0,0,0,0,0,0,0,0,0,0,0,0,0,,,,,
Damiere Byrd,WR,CHI,13,ARI,0,0,0,0,0,0,0,0,3,36,0,7,0,0,0,0,0,0,0,0,0,0,,,,,
Dan Chisena,WR,MIN,13,DET,0,0,0,0,0,0,0,0,0,0,0,0,0,0,0,0,0,0,0,0,0,0,,,,,
Daniel Carlson,K,LV,13,WAS,0,0,0,0,0,0,0,0,0,0,0,0,0,0,0,0,0,2,0,1,0,0,,,,,
Dare Ogunbowale,RB,JAX,13,LA,0,0,0,0,0,0,0,0,0,0,0,0,0,0,0,0,0,0,0,0,0,0,,,,,
Darius Slayton,WR,NYG,13,MIA,0,0,0,0,0,0,0,0,2,13,0,7,0,0,0,0,0,0,0,0,0,0,,,,,
Darnell Mooney,WR,CHI,13,ARI,0,0,0,0,0,0,0,0,5,27,0,7,0,0,0,0,0,0,0,0,0,0,,,,,
Darrel Williams,RB,KC,13,DEN,0,0,0,0,0,20,0,5,3,60,0,3,0,0,0,0,0,0,0,0,0,0,,,,,
David Montgomery,RB,CHI,13,ARI,0,0,0,0,0,90,1,21,8,51,0,9,0,0,0,0,0,0,0,0,0,0,,,,,
Davion Davis,WR,HOU,13,IND,0,0,0,0,0,0,0,0,0,0,0,2,0,0,0,0,0,0,0,0,0,0,,,,,
Davis Mills,QB,HOU,13,IND,49,0,14,6,0,11,0,2,0,0,0,0,0,0,0,0,0,0,0,0,0,0,,,,,
Dawson Knox,TE,BUF,13,NE,0,0,0,0,0,0,0,0,2,14,0,6,0,0,0,0,0,0,0,0,0,0,,,,,
DeAndre Carter,WR,WAS,13,LV,0,0,0,0,0,0,0,0,1,6,0,1,0,0,0,0,0,0,0,0,0,0,,,,,
DeAndre Hopkins,WR,ARI,13,CHI,0,0,0,0,0,0,0,0,2,32,1,2,0,0,0,0,0,0,0,0,0,0,,,,,
DeSean Jackson,WR,LV,13,WAS,0,0,0,0,0,0,0,0,1,14,0,1,0,0,0,0,0,0,0,0,0,0,,,,,
DeVante Parker,WR,MIA,13,NYG,0,0,0,0,0,0,0,0,5,62,0,5,0,0,0,0,0,0,0,0,0,0,,,,,
DeVonta Smith,WR,PHI,13,NYJ,0,0,0,0,0,0,0,0,2,15,0,4,0,0,0,0,0,0,0,0,0,0,,,,,
Dede Westbrook,WR,MIN,13,DET,0,0,0,0,0,0,0,0,1,-2,0,2,0,0,0,0,0,0,0,0,0,0,,,,,
Dee Eskridge,WR,SEA,13,SF,0,0,0,0,0,0,0,0,3,35,1,3,0,0,0,0,0,0,0,0,0,0,,,,,
DeeJay Dallas,RB,SEA,13,SF,0,0,0,0,0,0,0,0,0,0,0,0,0,0,0,0,0,0,0,0,0,0,,,,,
Demarcus Robinson,WR,KC,13,DEN,0,0,0,0,0,0,0,0,2,21,0,2,0,0,0,0,0,0,0,0,0,0,,,,,
Demetrius Harris,TE,ARI,13,CHI,0,0,0,0,0,0,0,0,2,7,0,2,0,0,0,0,0,0,0,0,0,0,,,,,
Denzel Mims,WR,NYJ,13,PHI,0,0,0,0,0,0,0,0,1,4,0,1,0,0,0,0,0,0,0,0,0,0,,,,,
Deon Jackson,RB,IND,13,HOU,0,0,0,0,0,19,1,6,0,0,0,0,0,0,0,0,0,0,0,0,0,0,,,,,
Deonte Harty,WR,NO,13,DAL,0,0,0,0,0,3,0,1,4,96,1,8,0,0,0,0,0,0,0,0,0,0,,,,,
Derek Carr,QB,LV,13,WAS,249,0,38,28,0,24,0,2,0,0,0,0,0,0,0,0,0,0,0,0,0,0,,,,,
Devin Duvernay,WR,BAL,13,PIT,0,0,0,0,0,0,0,0,2,21,0,3,0,0,0,0,0,0,0,0,0,0,,,,,
Devin Singletary,RB,BUF,13,NE,0,0,0,0,0,36,0,10,0,0,0,0,0,0,0,0,0,0,0,0,0,0,,,,,
Devonta Freeman,RB,BAL,13,PIT,0,0,0,0,0,52,1,14,5,45,0,8,0,0,0,0,0,0,0,0,0,0,,,,,
Devontae Booker,RB,NYG,13,MIA,0,0,0,0,0,36,0,6,4,18,0,4,0,0,0,0,0,0,0,0,0,0,,,,,
Diontae Johnson,WR,PIT,13,BAL,0,0,0,0,0,0,0,0,8,105,2,11,0,0,0,0,0,0,0,0,0,0,,,,,
Diontae Spencer,WR,DEN,13,KC,0,0,0,0,0,0,0,0,0,0,0,0,0,0,0,0,0,0,0,0,0,0,,,,,
Donald Parham,TE,LAC,13,CIN,0,0,0,0,0,0,0,0,2,3,0,4,0,0,0,0,0,0,0,0,0,0,,,,,
Durham Smythe,TE,MIA,13,NYG,0,0,0,0,0,0,0,0,0,0,0,1,0,0,0,0,0,0,0,0,0,0,,,,,
Dustin Hopkins,K,LAC,13,CIN,0,0,0,0,0,0,0,0,0,0,0,0,0,0,0,0,0,0,2,0,0,3,,,,,
Dwayne Washington,RB,NO,13,DAL,0,0,0,0,0,0,0,0,0,0,0,0,0,0,0,0,0,0,0,0,0,0,,,,,
Dyami Brown,WR,WAS,13,LV,0,0,0,0,0,0,0,0,1,6,0,1,0,0,0,0,0,0,0,0,0,0,,,,,
Elijah Mitchell,RB,SF,13,SEA,0,0,0,0,0,66,1,22,3,18,0,3,0,0,0,0,0,0,0,0,0,0,,,,,
Elijah Moore,WR,NYJ,13,PHI,0,0,0,0,0,9,0,1,6,77,1,12,0,0,0,0,0,0,0,0,0,0,,,,,
Emmanuel Sanders,WR,BUF,13,NE,0,0,0,0,0,0,0,0,3,22,0,6,0,0,0,0,0,0,0,0,0,0,,,,,
Eno Benjamin,RB,ARI,13,CHI,0,0,0,0,0,1,0,2,1,12,0,1,0,0,0,0,0,0,0,0,0,0,,,,,
Eric Tomlinson,TE,BAL,13,PIT,0,0,0,0,0,0,0,0,0,0,0,0,0,0,0,0,0,0,0,0,0,0,,,,,
Evan Engram,TE,NYG,13,MIA,0,0,0,0,0,0,0,0,4,61,0,5,0,0,0,0,0,0,0,0,0,0,,,,,
Evan McPherson,K,CIN,13,LAC,0,0,0,0,0,0,0,0,0,0,0,0,0,0,0,0,0,0,1,0,0,1,,,,,
Ezekiel Elliott,RB,DAL,13,NO,0,0,0,0,0,45,0,13,2,2,0,3,0,0,0,0,0,0,0,0,0,0,,,,,
Foster Moreau,TE,LV,13,WAS,0,0,0,0,0,0,0,0,1,34,0,3,0,0,0,0,0,0,0,0,0,0,,,,,
Freddie Swain,WR,SEA,13,SF,0,0,0,0,0,0,0,0,3,18,0,3,0,0,0,0,0,0,0,0,0,0,,,,,
Gabe Davis,WR,BUF,13,NE,0,0,0,0,0,0,0,0,2,30,1,4,0,0,0,0,0,0,0,0,0,0,,,,,
Gardner Minshew,QB,PHI,13,NYJ,242,2,25,20,0,11,0,4,0,0,0,0,0,0,0,0,0,0,0,0,0,0,,,,,
Garrett Griffin,TE,NO,13,DAL,0,0,0,0,0,0,0,0,1,9,0,1,0,0,0,0,0,0,0,0,0,0,,,,,
George Kittle,TE,SF,13,SEA,0,0,0,0,0,5,0,1,9,181,2,12,0,0,0,0,0,0,0,0,0,0,,,,,
Gerald Everett,TE,SEA,13,SF,0,0,0,0,0,0,0,0,4,7,0,6,0,0,0,0,0,0,0,0,0,0,,,,,
Giovani Bernard,RB,TB,13,ATL,0,0,0,0,0,3,0,1,1,7,0,2,0,0,0,0,0,0,0,0,0,0,,,,,
Godwin Igwebuike,RB,DET,13,MIN,0,0,0,0,0,8,0,2,1,13,0,2,0,0,0,0,0,0,0,0,0,0,,,,,
Graham Gano,K,NYG,13,MIA,0,0,0,0,0,0,0,0,0,0,0,0,0,0,0,0,0,2,0,1,0,0,,,,,
Greg Joseph,K,MIN,13,DET,0,0,0,0,0,0,0,0,0,0,0,0,0,0,0,0,0,2,1,0,0,0,,,,,
Greg Zuerlein,K,DAL,13,NO,0,0,0,0,0,0,0,0,0,0,0,0,0,0,0,0,0,1,0,1,0,3,,,,,
Gunner Olszewski,WR,NE,13,BUF,0,0,0,0,0,0,0,0,0,0,0,0,0,0,0,0,0,0,0,0,0,0,,,,,
HOU,DEF,HOU,13,IND,,,,,,,,,,,,,,,,,,,,,,,0,0,0,0,31.0
Harrison Butker,K,KC,13,DEN,0,0,0,0,0,0,0,0,0,0,0,0,0,0,0,0,1,0,1,1,0,1,,,,,
Hunter Long,TE,MIA,13,NYG,0,0,0,0,0,0,0,0,1,8,0,1,0,0,0,0,0,0,0,0,0,0,,,,,
Hunter Renfrow,WR,LV,13,WAS,0,0,0,0,0,0,0,0,9,102,0,10,0,0,0,0,0,0,0,0,0,0,,,,,
IND,DEF,IND,13,HOU,,,,,,,,,,,,,,,,,,,,,,,0,0,0,0,0.0
Isaiah Ford,WR,MIA,13,NYG,0,0,0,0,0,0,0,0,1,2,1,1,0,0,0,0,0,0,0,0,0,0,,,,,
JAX,DEF,JAX,13,LA,,,,,,,,,,,,,,,,,,,,,,,0,0,0,0,37.0
Ja'Marr Chase,WR,CIN,13,LAC,0,0,0,0,0,0,0,0,5,52,0,8,0,0,0,0,0,0,0,0,0,0,,,,,
JaMycal Hasty,RB,SF,13,SEA,0,0,0,0,0,0,0,0,0,0,0,0,0,0,0,0,0,0,0,0,0,0,,,,,
Jack Doyle,TE,IND,13,HOU,0,0,0,0,0,0,0,0,1,13,0,1,0,0,0,0,0,0,0,0,0,0,,,,,
Jake Elliott,K,PHI,13,NYJ,0,0,0,0,0,0,0,0,0,0,0,0,0,0,0,0,0,2,2,0,0,3,,,,,
Jakeem Grant,WR,CHI,13,ARI,0,0,0,0,0,0,0,0,5,62,1,7,0,0,0,0,0,0,0,0,0,0,,,,,
Jalen Guyton,WR,LAC,13,CIN,0,0,0,0,0,-1,0,1,4,90,1,4,0,0,0,0,0,0,0,0,0,0,,,,,
Jalen Reagor,WR,PHI,13,NYJ,0,0,0,0,0,0,0,1,1,7,0,1,0,0,0,0,0,0,0,0,0,0,,,,,
Jamaal Williams,RB,DET,13,MIN,0,0,0,0,0,71,0,17,1,9,0,1,0,0,0,0,0,0,0,0,0,0,,,,,
James Conner,RB,ARI,13,CHI,0,0,0,0,0,75,0,20,2,36,1,2,0,0,0,0,0,0,0,0,0,0,,,,,
James O'Shaughnessy,TE,JAX,13,LA,0,0,0,0,0,0,0,0,2,13,0,6,0,0,0,0,0,0,0,0,0,0,,,,,
James Robinson,RB,JAX,13,LA,0,0,0,0,0,24,0,8,1,11,0,4,0,0,0,0,0,0,0,0,0,0,,,,,
James Washington,WR,PIT,13,BAL,0,0,0,0,0,0,0,0,0,0,0,1,0,0,0,0,0,0,0,0,0,0,,,,,
Jamison Crowder,WR,NYJ,13,PHI,0,0,0,0,0,0,0,0,4,62,0,6,0,0,0,0,0,0,0,0,0,0,,,,,
Jared Cook,TE,LAC,13,CIN,0,0,0,0,0,0,0,0,3,29,0,4,0,0,0,0,0,0,0,0,0,0,,,,,
Jared Goff,QB,DET,13,MIN,296,3,41,25,1,1,0,2,0,0,0,0,0,0,0,0,0,0,0,0,0,0,,,,,
Jaret Patterson,RB,WAS,13,LV,0,0,0,0,0,2,0,1,0,0,0,0,0,0,0,0,0,0,0,0,0,0,,,,,
Jason Myers,K,SEA,13,SF,0,0,0,0,0,0,0,0,0,0,0,0,0,0,0,0,0,0,0,0,0,4,,,,,
Jason Sanders,K,MIA,13,NYG,0,0,0,0,0,0,0,0,0,0,0,0,0,0,0,0,0,0,2,0,0,2,,,,,
Jauan Jennings,WR,SF,13,SEA,0,0,0,0,0,0,0,0,1,8,0,1,0,0,0,0,0,0,0,0,0,0,,,,,
Javonte Williams,RB,DEN,13,KC,0,0,0,0,0,102,0,23,6,76,1,9,0,0,0,0,0,0,0,0,0,0,,,,,
Jaydon Mickens,WR,JAX,13,LA,0,0,0,0,0,0,0,0,2,10,0,2,0,0,0,0,0,0,0,0,0,0,,,,,
Jaylen Samuels,RB,HOU,13,IND,0,0,0,0,0,2,0,2,0,0,0,1,0,0,0,0,0,0,0,0,0,0,,,,,
Jaylen Waddle,WR,MIA,13,NYG,0,0,0,0,0,0,0,0,9,90,0,11,0,0,0,0,0,0,0,0,0,0,,,,,
Jeff Smith,WR,NYJ,13,PHI,0,0,0,0,0,0,0,0,0,0,0,0,0,0,0,0,0,0,0,0,0,0,,,,,
Jermar Jefferson,RB,DET,13,MIN,0,0,0,0,0,18,0,5,0,0,0,1,0,0,0,0,0,0,0,0,0,0,,,,,
Jerry Jeudy,WR,DEN,13,KC,0,0,0,0,0,0,0,0,4,77,0,6,0,0,0,0,0,0,0,0,0,0,,,,,
Jimmy Garoppolo,QB,SF,13,SEA,299,2,30,20,2,0,0,2,0,0,0,0,0,0,0,0,0,0,0,0,0,0,,,,,
Jimmy Graham,TE,CHI,13,ARI,0,0,0,0,0,0,0,0,1,1,1,1,0,0,1,0,0,0,0,0,0,0,,,,,
Joe Burrow,QB,CIN,13,LAC,300,1,40,24,2,6,1,1,0,0,0,0,0,0,0,0,0,0,0,0,0,0,,,,,
Joe Mixon,RB,CIN,13,LAC,0,0,0,0,0,54,1,19,0,0,0,1,0,0,0,0,0,0,0,0,0,0,,,,,
John Bates,TE,WAS,13,LV,0,0,0,0,0,0,0,0,3,42,0,4,0,0,0,0,0,0,0,0,0,0,,,,,
John Ross,WR,NYG,13,MIA,0,0,0,0,0,0,0,0,0,0,0,1,0,0,0,0,0,0,0,0,0,0,,,,,
Jonathan Taylor,RB,IND,13,HOU,0,0,0,0,0,143,2,32,0,0,0,0,0,0,0,0,0,0,0,0,0,0,,,,,
Jonnu Smith,TE,NE,13,BUF,0,0,0,0,0,-1,0,1,1,12,0,1,0,0,0,0,0,0,0,0,0,0,,,,,
Josh Allen,QB,BUF,13,NE,145,1,30,15,0,39,0,6,0,0,0,0,0,0,0,0,0,0,0,0,0,0,,,,,
Josh Jacobs,RB,LV,13,WAS,0,0,0,0,0,52,1,13,9,38,0,9,0,0,0,0,0,0,0,0,0,0,,,,,
Josh Oliver,TE,BAL,13,PIT,0,0,0,0,0,0,0,0,0,0,0,0,0,0,0,0,0,0,0,0,0,0,,,,,
Josh Palmer,WR,LAC,13,CIN,0,0,0,0,0,0,0,0,0,0,0,1,0,0,0,0,0,0,0,0,0,0,,,,,
Josh Reynolds,WR,DET,13,MIN,0,0,0,0,0,0,0,0,4,69,0,7,0,0,0,0,0,0,0,0,0,0,,,,,
Justin Herbert,QB,LAC,13,CIN,317,3,35,26,1,6,0,1,0,0,0,0,0,0,1,0,0,0,0,0,0,0,,,,,
Justin Jackson,RB,LAC,13,CIN,0,0,0,0,0,15,0,6,2,6,0,2,0,0,0,0,0,0,0,0,0,0,,,,,
Justin Jefferson,WR,MIN,13,DET,0,0,1,0,0,4,0,1,11,182,1,14,0,0,0,0,0,0,0,0,0,0,,,,,
Justin Tucker,K,BAL,13,PIT,0,0,0,0,0,0,0,0,0,0,0,0,0,0,0,0,1,1,0,0,0,1,,,,,
Juwan Johnson,TE,NO,13,DAL,0,0,0,0,0,0,0,0,1,27,0,1,0,0,0,0,0,0,0,0,0,0,,,,,
K.J. Osborn,WR,MIN,13,DET,0,0,0,0,0,0,0,0,4,47,1,7,0,0,0,0,0,0,0,0,0,0,,,,,
KC,DEF,KC,13,DEN,,,,,,,,,,,,,,,,,,,,,,,1,0,0,0,9.0
Ka'imi Fairbairn,K,HOU,13,IND,0,0,0,0,0,0,0,0,0,0,0,0,0,0,0,0,0,0,0,0,0,0,,,,,
Kalif Raymond,WR,DET,13,MIN,0,0,0,0,0,0,0,0,2,33,0,2,0,0,0,0,0,0,0,0,0,0,,,,,
Keenan Allen,WR,LAC,13,CIN,0,0,0,0,0,0,0,0,5,34,2,8,0,0,1,0,0,0,0,0,0,0,,,,,
Kendall Blanton,TE,LA,13,JAX,0,0,0,0,0,0,0,0,1,6,0,2,0,0,0,0,0,0,0,0,0,0,,,,,
Kendall Hinton,WR,DEN,13,KC,0,0,0,0,0,0,0,0,1,7,0,1,0,0,0,0,0,0,0,0,0,0,,,,,
Kendrick Bourne,WR,NE,13,BUF,0,0,0,0,0,3,0,1,0,0,0,0,0,0,0,0,0,0,0,0,0,0,,,,,
Kene Nwangwu,RB,MIN,13,DET,0,0,0,0,0,0,0,2,2,4,0,3,0,0,0,0,0,0,0,0,0,0,,,,,
Kenny Gainwell,RB,PHI,13,NYJ,0,0,0,0,0,54,1,12,5,33,0,5,0,0,0,0,0,0,0,0,0,0,,,,,
Kenny Golladay,WR,NYG,13,MIA,0,0,0,0,0,0,0,0,3,37,0,5,0,0,0,0,0,0,0,0,0,0,,,,,
Kenny Stills,WR,NO,13,DAL,0,0,0,0,0,0,0,0,0,0,0,5,0,0,0,0,0,0,0,0,0,0,,,,,
Kenny Yeboah,TE,NYJ,13,PHI,0,0,0,0,0,0,0,0,0,0,0,1,0,0,0,0,0,0,0,0,0,0,,,,,
Kenyan Drake,RB,LV,13,WAS,0,0,0,0,0,0,0,1,1,8,0,2,0,0,0,0,0,0,0,0,0,0,,,,,
KhaDarel Hodge,WR,DET,13,MIN,0,0,0,0,0,0,0,0,1,9,0,1,0,0,0,0,0,0,0,0,0,0,,,,,
Khalil Herbert,RB,CHI,13,ARI,0,0,0,0,0,16,0,4,1,11,0,1,0,0,0,0,0,0,0,0,0,0,,,,,
Kirk Cousins,QB,MIN,13,DET,340,2,40,30,0,6,0,2,0,0,0,0,0,0,0,0,0,0,0,0,0,0,,,,,
Kyle Juszczyk,RB,SF,13,SEA,0,0,0,0,0,0,0,0,2,21,0,3,0,0,0,0,0,0,0,0,0,0,,,,,
Kyle Pitts,TE,ATL,13,TB,0,0,0,0,0,0,0,0,4,48,0,7,0,0,0,0,0,0,0,0,0,0,,,,,
Kyle Rudolph,TE,NYG,13,MIA,0,0,0,0,0,0,0,0,2,18,0,4,0,0,0,0,0,0,0,0,0,0,,,,,
Kylen Granson,TE,IND,13,HOU,0,0,0,0,0,0,0,0,1,6,0,2,0,0,0,0,0,0,0,0,0,0,,,,,
Kyler Murray,QB,ARI,13,CHI,123,2,15,11,0,59,2,10,0,0,0,0,0,0,0,0,0,0,0,0,0,0,,,,,
LA,DEF,LA,13,JAX,,,,,,,,,,,,,,,,,,,,,,,0,0,0,0,7.0
LAC,DEF,LAC,13,CIN,,,,,,,,,,,,,,,,,,,,,,,0,0,0,0,22.0
LV,DEF,LV,13,WAS,,,,,,,,,,,,,,,,,,,,,,,0,0,0,0,17.0
Lamar Jackson,QB,BAL,13,PIT,253,1,37,23,1,55,0,8,0,0,0,0,0,0,0,0,0,0,0,0,0,0,,,,,
Laquon Treadwell,WR,JAX,13,LA,0,0,0,0,0,0,0,0,4,62,0,5,0,0,0,0,0,0,0,0,0,0,,,,,
Latavius Murray,RB,BAL,13,PIT,0,0,0,0,0,1,0,2,2,34,0,2,0,0,0,0,0,0,0,0,0,0,,,,,
Laviska Shenault Jr.,WR,JAX,13,LA,0,0,0,0,0,1,0,3,3,30,0,5,0,0,0,0,0,0,0,0,0,0,,,,,
Lee Smith,TE,ATL,13,TB,0,0,0,0,0,0,0,0,0,0,0,0,0,0,0,0,0,0,0,0,0,0,,,,,
Leonard Fournette,RB,TB,13,ATL,0,0,0,0,0,44,0,13,7,48,1,8,0,0,0,0,0,0,0,0,0,0,,,,,
Lil'Jordan Humphrey,WR,NO,13,DAL,0,0,0,0,0,0,0,0,2,49,1,2,0,0,0,0,0,0,0,0,0,0,,,,,
Logan Thomas,TE,WAS,13,LV,0,0,0,0,0,0,0,0,3,48,1,5,0,0,0,0,0,0,0,0,0,0,,,,,
Luke Stocker,TE,MIN,13,DET,0,0,0,0,0,0,0,0,0,0,0,0,0,0,0,0,0,0,0,0,0,0,,,,,
MIA,DEF,MIA,13,NYG,,,,,,,,,,,,,,,,,,,,,,,0,0,0,0,9.0
MIN,DEF,MIN,13,DET,,,,,,,,,,,,,,,,,,,,,,,0,0,0,0,29.0
Mac Jones,QB,NE,13,BUF,19,0,3,2,0,-3,0,5,0,0,0,0,0,0,0,0,0,0,0,0,0,0,,,,,
Mack Hollins,WR,MIA,13,NYG,0,0,0,0,0,0,0,0,1,5,1,1,0,0,0,0,0,0,0,0,0,0,,,,,
Malik Turner,WR,DAL,13,NO,0,0,0,0,0,0,0,0,1,10,0,1,0,0,0,0,0,0,0,0,0,0,,,,,
Marcus Kemp,WR,KC,13,DEN,0,0,0,0,0,0,0,0,0,0,0,1,0,0,0,0,0,0,0,0,0,0,,,,,
Mark Andrews,TE,BAL,13,PIT,0,0,0,0,0,0,0,0,4,50,0,9,0,0,0,0,0,0,0,0,0,0,,,,,
Mark Ingram,RB,NO,13,DAL,0,0,0,0,0,28,0,10,1,-2,0,2,0,0,0,0,0,0,0,0,0,0,,,,,
Marquez Callaway,WR,NO,13,DAL,0,0,0,0,0,0,0,0,1,13,0,4,0,0,0,0,0,0,0,0,0,0,,,,,
Marquise Brown,WR,BAL,13,PIT,0,0,0,0,0,0,0,0,5,55,0,7,0,0,0,0,0,0,0,0,0,0,,,,,
Marvin Jones,WR,JAX,13,LA,0,0,0,0,0,0,0,0,2,11,0,3,0,0,0,0,0,0,0,0,0,0,,,,,
Matt Breida,RB,BUF,13,NE,0,0,0,0,0,3,0,1,1,5,0,1,0,0,0,0,0,0,0,0,0,0,,,,,
Matt Gay,K,LA,13,JAX,0,0,0,0,0,0,0,0,0,0,0,0,0,0,0,0,0,1,2,0,0,4,,,,,
Matt Prater,K,ARI,13,CHI,0,0,0,0,0,0,0,0,0,0,0,0,0,0,0,0,1,1,0,0,0,3,,,,,
Matt Ryan,QB,ATL,13,TB,297,0,41,30,0,2,0,3,0,0,0,0,0,0,0,0,0,0,0,0,0,0,,,,,
Matthew Slater,WR,NE,13,BUF,0,0,0,0,0,0,0,0,0,0,0,0,0,0,0,0,0,0,0,0,0,0,,,,,
Matthew Stafford,QB,LA,13,JAX,295,3,38,26,0,2,0,1,0,0,0,0,0,0,0,0,0,0,0,0,0,0,,,,,
Matthew Wright,K,JAX,13,LA,0,0,0,0,0,0,0,0,0,0,0,0,0,0,0,0,0,0,0,0,0,1,,,,,
Mecole Hardman,WR,KC,13,DEN,0,0,0,0,0,0,0,0,1,12,0,1,0,0,0,0,0,0,0,0,0,0,,,,,
Mekhi Sargent,RB,LA,13,JAX,0,0,0,0,0,5,0,2,0,0,0,0,0,0,0,0,0,0,0,0,0,0,,,,,
Michael Gallup,WR,DAL,13,NO,0,0,0,0,0,0,0,0,5,36,1,9,0,0,0,0,0,0,0,0,0,0,,,,,
Michael Pittman,WR,IND,13,HOU,0,0,0,0,0,33,0,2,6,77,0,8,0,0,0,0,0,0,0,0,0,0,,,,,
Mike Badgley,K,IND,13,HOU,0,0,0,0,0,0,0,0,0,0,0,0,0,0,0,0,1,0,0,0,0,4,,,,,
Mike Boone,RB,DEN,13,KC,0,0,0,0,0,35,0,4,1,19,0,1,0,0,0,0,0,0,0,0,0,0,,,,,
Mike Davis,RB,ATL,13,TB,0,0,0,0,0,32,1,4,4,37,0,4,0,0,0,0,0,0,0,0,0,0,,,,,
Mike Evans,WR,TB,13,ATL,0,0,0,0,0,0,0,0,7,99,0,10,0,0,0,0,0,0,0,0,0,0,,,,,
Mike Gesicki,TE,MIA,13,NYG,0,0,0,0,0,0,0,0,7,46,0,11,0,0,0,0,0,0,0,0,0,0,,,,,
Mike Glennon,QB,NYG,13,MIA,187,0,44,23,1,0,0,0,0,0,0,0,0,0,0,0,0,0,0,0,0,0,,,,,
Mike Williams,WR,LAC,13,CIN,0,0,0,0,0,0,0,0,5,110,0,7,0,0,0,0,0,0,0,0,0,0,,,,,
Miles Sanders,RB,PHI,13,NYJ,0,0,0,0,0,120,0,24,3,22,0,3,0,0,0,0,0,0,0,0,0,0,,,,,
Mo Alie-Cox,TE,IND,13,HOU,0,0,0,0,0,0,0,0,1,0,0,1,0,0,0,0,0,0,0,0,0,0,,,,,
Myles Gaskin,RB,MIA,13,NYG,0,0,0,0,0,44,0,15,2,5,0,2,0,0,0,0,0,0,0,0,0,0,,,,,
N'Keal Harry,TE,NE,13,BUF,0,0,0,0,0,0,0,0,0,0,0,0,0,0,0,0,0,0,0,0,0,0,,,,,
NE,DEF,NE,13,BUF,,,,,,,,,,,,,,,,,,,,,,,0,0,0,0,10.0
NO,DEF,NO,13,DAL,,,,,,,,,,,,,,,,,,,,,,,0,0,0,0,27.0
NYG,DEF,NYG,13,MIA,,,,,,,,,,,,,,,,,,,,,,,0,0,0,0,20.0
NYJ,DEF,NYJ,13,PHI,,,,,,,,,,,,,,,,,,,,,,,0,0,0,0,33.0
Najee Harris,RB,PIT,13,BAL,0,0,0,0,0,71,0,21,5,36,0,5,0,0,0,0,0,0,0,0,0,0,,,,,
Nate McCrary,RB,BAL,13,PIT,0,0,0,0,0,-1,0,1,0,0,0,0,0,0,0,0,0,0,0,0,0,0,,,,,
Nelson Agholor,WR,NE,13,BUF,0,0,0,0,0,6,0,1,0,0,0,1,0,0,0,0,0,0,0,0,0,0,,,,,
Nick Folk,K,NE,13,BUF,0,0,0,0,0,0,0,0,0,0,0,0,0,0,0,0,0,1,1,0,0,0,,,,,
Nick Vannett,TE,NO,13,DAL,0,0,0,0,0,0,0,0,3,48,0,4,0,0,0,0,0,0,0,0,0,0,,,,,
Nico Collins,WR,HOU,13,IND,0,0,0,0,0,0,0,0,0,0,0,1,0,0,0,0,0,0,0,0,0,0,,,,,
Noah Brown,WR,DAL,13,NO,0,0,0,0,0,0,0,0,2,14,0,3,0,0,0,0,0,0,0,0,0,0,,,,,
Noah Fant,TE,DEN,13,KC,0,0,0,0,0,0,0,0,4,33,0,4,0,0,0,0,0,0,0,0,0,0,,,,,
Nyheim Hines,RB,IND,13,HOU,0,0,0,0,0,24,0,3,3,32,0,4,0,0,0,0,0,0,0,0,0,0,,,,,
Odell Beckham Jr.,WR,LA,13,JAX,0,0,0,0,0,0,0,0,2,28,1,5,0,0,0,0,0,0,0,0,0,0,,,,,
Olamide Zaccheaus,WR,ATL,13,TB,0,0,0,0,0,2,0,1,3,44,0,5,0,0,0,0,0,0,0,0,0,0,,,,,
PHI,DEF,PHI,13,NYJ,,,,,,,,,,,,,,,,,,,,,,,0,0,0,0,18.0
PIT,DEF,PIT,13,BAL,,,,,,,,,,,,,,,,,,,,,,,0,0,0,0,19.0
Pat Freiermuth,TE,PIT,13,BAL,0,0,0,0,0,0,0,0,3,26,0,4,0,0,1,0,0,0,0,0,0,0,,,,,
Patrick Mahomes,QB,KC,13,DEN,184,0,29,15,1,12,1,4,0,0,0,0,0,0,0,0,0,0,0,0,0,0,,,,,
Patrick Ricard,RB,BAL,13,PIT,0,0,0,0,0,0,0,0,1,9,0,1,0,0,0,0,0,0,0,0,0,0,,,,,
Penny Hart,WR,SEA,13,SF,0,0,0,0,0,0,0,0,1,-1,0,1,0,0,0,0,0,0,0,0,0,0,,,,,
Peyton Barber,RB,LV,13,WAS,0,0,0,0,0,0,0,0,1,2,0,1,0,0,0,0,0,0,0,0,0,0,,,,,
Pharaoh Brown,TE,HOU,13,IND,0,0,0,0,0,0,0,0,4,23,0,5,0,0,0,0,0,0,0,0,0,0,,,,,
Pharoh Cooper,WR,NYG,13,MIA,0,0,0,0,0,0,0,0,2,21,0,3,0,0,0,0,0,0,0,0,0,0,,,,,
Pooka Williams Jr.,RB,CIN,13,LAC,0,0,0,0,0,0,0,0,0,0,0,0,0,0,0,0,0,0,0,0,0,0,,,,,
Qadree Ollison,RB,ATL,13,TB,0,0,0,0,0,7,0,2,1,8,0,1,0,0,0,0,0,0,0,0,0,0,,,,,
Quez Watkins,WR,PHI,13,NYJ,0,0,0,0,0,0,0,0,3,60,0,3,0,0,0,0,0,0,0,0,0,0,,,,,
Rashaad Penny,RB,SEA,13,SF,0,0,0,0,0,35,0,10,1,27,0,1,0,0,0,0,0,0,0,0,0,0,,,,,
Rashod Bateman,WR,BAL,13,PIT,0,0,0,0,0,0,0,0,0,0,0,1,0,0,0,0,0,0,0,0,0,0,,,,,
Ray-Ray McCloud,WR,PIT,13,BAL,0,0,0,0,0,0,0,0,1,7,0,4,0,0,0,0,0,0,0,0,0,0,,,,,
Rex Burkhead,RB,HOU,13,IND,0,0,0,0,0,30,0,8,1,15,0,2,0,0,0,0,0,0,0,0,0,0,,,,,
Rhamondre Stevenson,RB,NE,13,BUF,0,0,0,0,0,78,0,24,0,0,0,0,0,0,0,0,0,0,0,0,0,0,,,,,
Riley Patterson,K,DET,13,MIN,0,0,0,0,0,0,0,0,0,0,0,0,0,0,0,0,0,1,2,0,0,2,,,,,
Rob Gronkowski,TE,TB,13,ATL,0,0,0,0,0,0,0,0,4,58,2,8,0,0,0,0,0,0,0,0,0,0,,,,,
Robbie Gould,K,SF,13,SEA,0,0,0,0,0,0,0,0,0,0,0,0,0,0,0,0,0,0,0,1,0,2,,,,,
Rodney Adams,WR,CHI,13,ARI,0,0,0,0,0,0,0,0,0,0,0,1,0,0,0,0,0,0,0,0,0,0,,,,,
Ronald Jones,RB,TB,13,ATL,0,0,0,0,0,2,0,1,1,0,0,1,0,0,0,0,0,0,0,0,0,0,,,,,
Rondale Moore,WR,ARI,13,CHI,0,0,0,0,0,2,0,3,1,8,0,2,0,0,0,0,0,0,0,0,0,0,,,,,
Royce Freeman,RB,HOU,13,IND,0,0,0,0,0,10,0,3,1,11,0,1,0,0,0,0,0,0,0,0,0,0,,,,,
Russell Gage,WR,ATL,13,TB,0,0,0,0,0,0,0,0,11,130,0,12,0,0,0,0,0,0,0,0,0,0,,,,,
Russell Wilson,QB,SEA,13,SF,231,2,37,30,1,15,0,3,0,0,0,0,0,0,0,0,0,0,0,0,0,0,,,,,
Ryan Griffin,TE,NYJ,13,PHI,0,0,0,0,0,0,0,0,2,15,1,2,0,0,0,0,0,0,0,0,0,0,,,,,
Ryan Succop,K,TB,13,ATL,0,0,0,0,0,0,0,0,0,0,0,0,0,0,0,0,0,1,0,0,0,3,,,,,
SEA,DEF,SEA,13,SF,,,,,,,,,,,,,,,,,,,,,,,0,1,0,0,23.0
SF,DEF,SF,13,SEA,,,,,,,,,,,,,,,,,,,,,,,0,0,0,0,30.0
Salvon Ahmed,RB,MIA,13,NYG,0,0,0,0,0,23,0,8,0,0,0,0,0,0,0,0,0,0,0,0,0,0,,,,,
Sam Ehlinger,QB,IND,13,HOU,0,0,0,0,0,-1,0,1,0,0,0,0,0,0,0,0,0,0,0,0,0,0,,,,,
Samaje Perine,RB,CIN,13,LAC,0,0,0,0,0,36,0,5,2,5,0,2,0,0,0,0,0,0,0,0,0,0,,,,,
Sammis Reyes,TE,WAS,13,LV,0,0,0,0,0,0,0,0,0,0,0,0,0,0,0,0,0,0,0,0,0,0,,,,,
Sammy Watkins,WR,BAL,13,PIT,0,0,0,0,0,0,0,0,4,39,1,6,0,0,0,0,0,0,0,0,0,0,,,,,
Saquon Barkley,RB,NYG,13,MIA,0,0,0,0,0,55,0,11,6,19,0,9,0,0,0,0,0,0,0,0,0,0,,,,,
Sony Michel,RB,LA,13,JAX,0,0,0,0,0,121,1,24,3,8,0,4,0,0,0,0,0,0,0,0,0,0,,,,,
Stanley Morgan,WR,CIN,13,LAC,0,0,0,0,0,0,0,0,0,0,0,0,0,0,0,0,0,0,0,0,0,0,,,,,
Stefon Diggs,WR,BUF,13,NE,0,0,0,0,0,0,0,0,4,51,0,7,0,0,0,0,0,0,0,0,0,0,,,,,
Stephen Anderson,TE,LAC,13,CIN,0,0,0,0,0,0,0,0,0,0,0,0,0,0,0,0,0,0,0,0,0,0,,,,,
T.J. Hockenson,TE,DET,13,MIN,0,0,0,0,0,0,0,0,4,49,1,8,0,0,0,0,0,0,0,0,0,0,,,,,
T.Y. Hilton,WR,IND,13,HOU,0,0,0,0,0,0,0,0,2,22,0,2,0,0,0,0,0,0,0,0,0,0,,,,,
TB,DEF,TB,13,ATL,,,,,,,,,,,,,,,,,,,,,,,0,0,0,0,17.0
Tajae Sharpe,WR,ATL,13,TB,0,0,0,0,0,0,0,0,3,10,0,5,0,0,0,0,0,0,0,0,0,0,,,,,
Tavon Austin,WR,JAX,13,LA,0,0,0,0,0,0,0,0,1,9,0,2,0,0,0,0,0,0,0,0,0,0,,,,,
Taylor Heinicke,QB,WAS,13,LV,196,2,30,23,1,10,0,3,0,0,0,0,0,0,0,0,0,0,0,0,0,0,,,,,
Taysom Hill,TE,NO,13,DAL,264,2,41,19,4,101,0,11,0,0,0,0,0,0,0,0,0,0,0,0,0,0,,,,,
Teddy Bridgewater,QB,DEN,13,KC,257,1,40,22,2,17,0,4,0,0,0,0,0,0,0,0,0,0,0,0,0,0,,,,,
Tee Higgins,WR,CIN,13,LAC,0,0,0,0,0,0,0,0,9,138,1,14,0,0,0,0,0,0,0,0,0,0,,,,,
Terry McLaurin,WR,WAS,13,LV,0,0,0,0,0,0,0,0,3,22,0,5,0,0,0,0,0,0,0,0,0,0,,,,,
Tevin Coleman,RB,NYJ,13,PHI,0,0,0,0,0,58,0,11,3,19,0,4,0,0,0,0,0,0,0,0,0,0,,,,,
Tim Patrick,WR,DEN,13,KC,0,0,0,0,0,0,0,0,1,9,0,5,0,0,0,0,0,0,0,0,0,0,,,,,
Tom Brady,QB,TB,13,ATL,368,4,51,38,1,-1,0,1,0,0,0,0,0,0,0,0,0,0,0,0,0,0,,,,,
Tony Pollard,RB,DAL,13,NO,0,0,0,0,0,71,1,7,2,3,0,4,0,0,0,0,0,0,0,0,0,0,,,,,
Travis Benjamin,WR,SF,13,SEA,0,0,0,0,0,0,0,0,0,0,0,0,0,0,0,0,0,0,0,0,0,0,,,,,
Travis Homer,RB,SEA,13,SF,0,0,0,0,0,80,1,3,4,10,0,5,0,0,0,0,0,0,0,0,0,0,,,,,
Travis Kelce,TE,KC,13,DEN,0,0,0,0,0,0,0,0,3,27,0,8,0,0,0,0,0,0,0,0,0,0,,,,,
Trayveon Williams,RB,CIN,13,LAC,0,0,0,0,0,0,0,0,0,0,0,0,0,0,0,0,0,0,0,0,0,0,,,,,
Tre'Quan Smith,WR,NO,13,DAL,0,0,0,0,0,0,0,0,2,15,0,7,0,0,0,0,0,0,0,0,0,0,,,,,
Trent Sherfield,WR,SF,13,SEA,0,0,0,0,0,0,0,0,2,16,0,5,0,0,0,0,0,0,0,0,0,0,,,,,
Trenton Irwin,WR,CIN,13,LAC,0,0,0,0,0,0,0,0,0,0,0,0,0,0,0,0,0,0,0,0,0,0,,,,,
Trevor Lawrence,QB,JAX,13,LA,145,0,28,16,0,10,0,4,0,0,0,0,0,0,0,0,0,0,0,0,0,0,,,,,
Tua Tagovailoa,QB,MIA,13,NYG,244,2,41,30,0,1,0,2,0,0,0,0,0,0,0,0,0,0,0,0,0,0,,,,,
Ty Johnson,RB,NYJ,13,PHI,0,0,0,0,0,1,0,1,2,14,0,4,0,0,0,0,0,0,0,0,0,0,,,,,
Ty Montgomery,WR,NO,13,DAL,0,0,0,0,0,21,0,4,4,9,0,7,0,0,0,0,0,0,0,0,0,0,,,,,
Tylan Wallace,WR,BAL,13,PIT,0,0,0,0,0,0,0,0,0,0,0,0,0,0,0,0,0,0,0,0,0,0,,,,,
Tyler Bass,K,BUF,13,NE,0,0,0,0,0,0,0,0,0,0,0,0,0,0,0,0,0,1,0,0,0,1,,,,,
Tyler Boyd,WR,CIN,13,LAC,0,0,0,0,0,0,0,0,5,85,0,7,0,0,0,0,0,0,0,0,0,0,,,,,
Tyler Conklin,TE,MIN,13,DET,0,0,0,0,0,0,0,0,7,56,0,9,0,0,0,0,0,0,0,0,0,0,,,,,
Tyler Higbee,TE,LA,13,JAX,0,0,0,0,0,0,0,0,5,48,0,6,0,0,0,0,0,0,0,0,0,0,,,,,
Tyler Johnson,WR,TB,13,ATL,0,0,0,0,0,0,0,0,1,5,0,1,0,0,0,0,0,0,0,0,0,0,,,,,
Tyler Lockett,WR,SEA,13,SF,0,0,0,0,0,0,0,0,7,68,1,8,0,0,0,0,0,0,0,0,0,0,,,,,
Tyreek Hill,WR,KC,13,DEN,0,0,0,0,0,0,0,0,2,22,0,5,0,0,0,0,0,0,0,0,0,0,,,,,
Tyrod Taylor,QB,HOU,13,IND,45,0,13,5,1,15,0,3,0,0,0,0,0,0,0,0,0,0,0,0,0,0,,,,,
Van Jefferson,WR,LA,13,JAX,0,0,0,0,0,0,0,0,6,41,1,8,0,0,0,0,0,0,0,0,0,0,,,,,
WAS,DEF,WAS,13,LV,,,,,,,,,,,,,,,,,,,,,,,0,0,0,0,15.0
Wendell Smallwood,RB,WAS,13,LV,0,0,0,0,0,13,0,1,2,12,0,2,0,0,0,0,0,0,0,0,0,0,,,,,
Will Dissly,TE,SEA,13,SF,0,0,0,0,0,0,0,0,2,7,0,2,0,0,0,0,0,0,0,0,0,0,,,,,
Younghoe Koo,K,ATL,13,TB,0,0,0,0,0,0,0,0,0,0,0,0,0,0,0,0,1,0,0,0,0,2,,,,,
Zach Ertz,TE,ARI,13,CHI,0,0,0,0,0,0,0,0,1,10,0,2,0,0,0,0,0,0,0,0,0,0,,,,,
Zach Gentry,TE,PIT,13,BAL,0,0,0,0,0,0,0,0,2,10,0,2,0,0,0,0,0,0,0,0,0,0,,,,,
Zach Pascal,WR,IND,13,HOU,0,0,0,0,0,12,0,1,1,6,0,3,0,0,0,0,0,0,0,0,0,0,,,,,
Zach Wilson,QB,NYJ,13,PHI,226,2,38,23,1,0,1,3,0,0,0,0,0,0,0,0,0,0,0,0,0,0,,,,,
Zack Moss,RB,BUF,13,NE,0,0,0,0,0,21,0,8,2,12,0,3,0,0,0,0,0,0,0,0,0,0,,,,,
Zay Jones,WR,LV,13,WAS,0,0,0,0,0,0,0,0,3,21,0,5,0,0,0,0,0,0,0,0,0,0,,,,,
A.J. Green,WR,ARI,14,LA,0,0,0,0,0,0,0,0,7,102,0,10,0,0,0,0,0,0,0,0,0,0,,,,,
AJ Dillon,RB,GB,14,CHI,0,0,0,0,0,71,0,15,0,0,0,0,0,0,0,0,0,0,0,0,0,0,,,,,
ARI,DEF,ARI,14,LA,,,,,,,,,,,,,,,,,,,,,,,0,0,0,0,30.0
ATL,DEF,ATL,14,CAR,,,,,,,,,,,,,,,,,,,,,,,1,0,0,0,21.0
Aaron Jones,RB,GB,14,CHI,0,0,0,0,0,35,1,5,3,30,1,3,0,0,0,0,0,0,0,0,0,0,,,,,
Aaron Rodgers,QB,GB,14,CHI,341,4,37,29,0,0,0,1,0,0,0,0,0,0,0,0,0,0,0,0,0,0,,,,,
Adam Humphries,WR,WAS,14,DAL,0,0,0,0,0,0,0,0,4,34,0,7,0,0,0,0,0,0,0,0,0,0,,,,,
Albert Okwuegbunam,TE,DEN,14,DET,0,0,0,0,0,0,0,0,5,41,1,5,0,0,0,0,0,0,0,0,0,0,,,,,
Alex Collins,RB,SEA,14,HOU,0,0,0,0,0,16,0,7,1,1,0,1,0,0,0,0,0,0,0,0,0,0,,,,,
Alex Erickson,WR,CAR,14,ATL,0,0,0,0,0,0,0,0,0,0,0,0,0,0,0,0,0,0,0,0,0,0,,,,,
Alexander Mattison,RB,MIN,14,PIT,0,0,0,0,0,27,0,6,0,0,0,1,0,0,0,0,0,0,0,0,0,0,,,,,
Allen Lazard,WR,GB,14,CHI,0,0,0,0,0,14,0,1,6,75,1,7,0,0,0,0,0,0,0,0,0,0,,,,,
Allen Robinson,WR,CHI,14,GB,0,0,0,0,0,0,0,0,2,14,0,6,0,0,0,0,0,0,0,0,0,0,,,,,
Alvin Kamara,RB,NO,14,NYJ,0,0,0,0,0,120,1,27,4,25,0,5,0,0,0,0,0,0,0,0,0,0,,,,,
Amari Cooper,WR,DAL,14,WAS,0,0,0,0,0,0,0,0,5,51,1,7,0,0,0,0,0,0,0,0,0,0,,,,,
Amari Rodgers,WR,GB,14,CHI,0,0,0,0,0,0,0,0,0,0,0,0,0,0,0,0,0,0,0,0,0,0,,,,,
Ameer Abdullah,RB,CAR,14,ATL,0,0,0,0,0,16,0,4,2,17,0,4,0,0,0,0,0,0,0,0,0,0,,,,,
Amon-Ra St. Brown,WR,DET,14,DEN,0,0,0,0,0,0,0,0,8,73,0,12,0,0,0,0,0,0,0,0,0,0,,,,,
Andre Roberts,WR,LAC,14,NYG,0,0,0,0,0,0,0,0,0,0,0,0,0,0,0,0,0,0,0,0,0,0,,,,,
Anthony Firkser,TE,TEN,14,JAX,0,0,0,0,0,0,0,0,4,34,0,5,0,0,0,0,0,0,0,0,0,0,,,,,
Antonio Gibson,RB,WAS,14,DAL,0,0,0,0,0,36,0,10,2,5,0,2,0,0,0,0,0,0,0,0,0,0,,,,,
Antony Auclair,TE,HOU,14,SEA,0,0,0,0,0,0,0,0,1,6,0,1,0,0,0,0,0,0,0,0,0,0,,,,,
Austin Ekeler,RB,LAC,14,NYG,0,0,0,0,0,67,1,12,2,17,0,4,0,0,0,0,0,0,0,0,0,0,,,,,
Austin Hooper,TE,CLE,14,BAL,0,0,0,0,0,0,0,0,5,30,1,6,0,0,0,0,0,0,0,0,0,0,,,,,
Avery Williams,RB,ATL,14,CAR,0,0,0,0,0,0,0,0,0,0,0,0,0,0,0,0,0,0,0,0,0,0,,,,,
BAL,DEF,BAL,14,CLE,,,,,,,,,,,,,,,,,,,,,,,0,0,0,0,24.0
BUF,DEF,BUF,14,TB,,,,,,,,,,,,,,,,,,,,,,,0,0,0,0,33.0
Baker Mayfield,QB,CLE,14,BAL,190,2,32,22,1,14,0,6,0,0,0,0,0,0,0,0,0,0,0,0,0,0,,,,,
Ben Roethlisberger,QB,PIT,14,MIN,308,3,40,28,1,5,0,1,0,0,0,0,0,0,1,0,0,0,0,0,0,0,,,,,
Ben Skowronek,WR,LA,14,ARI,0,0,0,0,0,0,0,0,0,0,0,1,0,0,0,0,0,0,0,0,0,0,,,,,
Benny Snell,RB,PIT,14,MIN,0,0,0,0,0,-2,0,1,0,0,0,0,0,0,0,0,0,0,0,0,0,0,,,,,
Brandin Cooks,WR,HOU,14,SEA,0,0,0,0,0,0,0,0,8,101,0,11,0,0,0,0,0,0,0,0,0,0,,,,,
Brandon Aiyuk,WR,SF,14,CIN,0,0,0,0,0,4,0,1,6,62,1,10,0,0,0,0,0,0,0,0,0,0,,,,,
Brandon McManus,K,DEN,14,DET,0,0,0,0,0,0,0,0,0,0,0,0,0,0,0,0,0,0,0,1,0,5,,,,,
Brandon Powell,WR,LA,14,ARI,0,0,0,0,0,0,0,0,0,0,0,0,0,0,0,0,0,0,0,0,0,0,,,,,
Brandon Zylstra,WR,CAR,14,ATL,0,0,0,0,0,0,0,0,4,45,0,5,0,0,0,0,0,0,0,0,0,0,,,,,
Braxton Berrios,WR,NYJ,14,NO,0,0,0,0,0,0,0,0,6,52,0,10,0,0,0,0,0,0,0,0,0,0,,,,,
Breshad Perriman,WR,TB,14,BUF,0,0,0,0,0,0,0,0,1,58,1,2,0,0,0,0,0,0,0,0,0,0,,,,,
Brett Maher,K,NO,14,NYJ,0,0,0,0,0,0,0,0,0,0,0,0,0,0,0,0,1,2,0,0,0,3,,,,,
Brevin Jordan,TE,HOU,14,SEA,0,0,0,0,0,0,0,0,4,26,1,7,0,0,0,0,0,0,0,0,0,0,,,,,
Brian Johnson,K,WAS,14,DAL,0,0,0,0,0,0,0,0,0,0,0,0,0,0,0,0,0,0,0,0,0,0,,,,,
Brock Wright,TE,DET,14,DEN,0,0,0,0,0,0,0,0,3,20,0,5,0,0,0,0,0,0,0,0,0,0,,,,,
Bryan Edwards,WR,LV,14,KC,0,0,0,0,0,0,0,0,2,24,0,3,0,0,0,0,0,0,0,0,0,0,,,,,
Byron Pringle,WR,KC,14,LV,0,0,0,0,0,0,0,0,1,28,0,1,0,0,0,0,0,0,0,0,0,0,,,,,
C.J. Uzomah,TE,CIN,14,SF,0,0,0,0,0,0,0,0,4,56,0,6,0,0,0,0,0,0,0,0,0,0,,,,,
CAR,DEF,CAR,14,ATL,,,,,,,,,,,,,,,,,,,,,,,0,0,0,0,29.0
CHI,DEF,CHI,14,GB,,,,,,,,,,,,,,,,,,,,,,,0,0,0,0,45.0
CIN,DEF,CIN,14,SF,,,,,,,,,,,,,,,,,,,,,,,0,0,0,0,26.0
CLE,DEF,CLE,14,BAL,,,,,,,,,,,,,,,,,,,,,,,0,0,0,0,22.0
Cairo Santos,K,CHI,14,GB,0,0,0,0,0,0,0,0,0,0,0,0,0,0,0,0,1,0,2,0,0,3,,,,,
Cam Newton,QB,CAR,14,ATL,178,0,23,15,1,47,1,10,0,0,0,0,0,0,0,0,0,0,0,0,0,0,,,,,
Cam Sims,WR,WAS,14,DAL,0,0,0,0,0,0,0,0,3,69,1,4,0,0,0,0,0,0,0,0,0,0,,,,,
Cameron Brate,TE,TB,14,BUF,0,0,0,0,0,0,0,0,2,11,0,4,0,0,0,0,0,0,0,0,0,0,,,,,
Carlos Hyde,RB,JAX,14,TEN,0,0,0,0,0,2,0,1,1,6,0,2,0,0,0,0,0,0,0,0,0,0,,,,,
Cedrick Wilson Jr.,WR,DAL,14,WAS,0,0,0,0,0,0,0,0,2,18,0,2,0,0,0,0,0,0,0,0,0,0,,,,,
CeeDee Lamb,WR,DAL,14,WAS,0,0,0,0,0,15,0,2,7,61,0,10,0,0,0,0,0,0,0,0,0,0,,,,,
Chad Henne,QB,KC,14,LV,0,0,0,0,0,-2,0,3,0,0,0,0,0,0,0,0,0,0,0,0,0,0,,,,,
Charlie Woerner,TE,SF,14,CIN,0,0,0,0,0,0,0,0,0,0,0,0,0,0,0,0,0,0,0,0,0,0,,,,,
Chase Claypool,WR,PIT,14,MIN,0,0,0,0,0,2,0,1,8,93,0,9,0,0,0,0,0,0,0,0,0,0,,,,,
Chase Daniel,QB,LAC,14,NYG,0,0,0,0,0,-2,0,2,0,0,0,0,0,0,0,0,0,0,0,0,0,0,,,,,
Chase McLaughlin,K,CLE,14,BAL,0,0,0,0,0,0,0,0,0,0,0,0,0,0,0,0,0,0,1,0,0,3,,,,,
Chester Rogers,WR,TEN,14,JAX,0,0,0,0,0,0,0,0,1,13,0,1,0,0,0,0,0,0,0,0,0,0,,,,,
Chris Boswell,K,PIT,14,MIN,0,0,0,0,0,0,0,0,0,0,0,0,0,0,0,0,0,0,0,0,0,2,,,,,
Chris Conley,WR,HOU,14,SEA,0,0,0,0,0,0,0,0,2,20,0,2,0,0,0,0,0,0,0,0,0,0,,,,,
Chris Godwin Jr.,WR,TB,14,BUF,0,0,0,0,0,0,0,0,10,105,0,15,0,0,0,0,0,0,0,0,0,0,,,,,
Chris Herndon,TE,MIN,14,PIT,0,0,0,0,0,0,0,0,1,17,0,1,0,0,0,0,0,0,0,0,0,0,,,,,
Chris Myarick,TE,NYG,14,LAC,0,0,0,0,0,0,0,0,0,0,0,1,0,0,0,0,0,0,0,0,0,0,,,,,
Christian Kirk,WR,ARI,14,LA,0,0,0,0,0,0,0,0,3,86,0,6,0,0,0,0,0,0,0,0,0,0,,,,,
Chuba Hubbard,RB,CAR,14,ATL,0,0,0,0,0,33,1,10,0,0,0,0,0,0,0,0,0,0,0,0,0,0,,,,,
Clyde Edwards-Helaire,RB,KC,14,LV,0,0,0,0,0,37,2,10,3,5,0,3,0,0,0,0,0,0,0,0,0,0,,,,,
Cody Hollister,WR,TEN,14,JAX,0,0,0,0,0,0,0,0,1,6,0,1,0,0,0,0,0,0,0,0,0,0,,,,,
Cole Beasley,WR,BUF,14,TB,0,0,0,0,0,0,0,0,9,64,0,11,0,0,0,0,0,0,0,0,0,0,,,,,
Cole Kmet,TE,CHI,14,GB,0,0,0,0,0,0,0,0,3,17,0,5,0,0,0,0,0,0,0,0,0,0,,,,,
Cooper Kupp,WR,LA,14,ARI,0,0,0,0,0,0,0,0,13,123,1,15,0,0,0,0,0,0,0,0,0,0,,,,,
Cordarrelle Patterson,RB,ATL,14,CAR,0,0,0,0,0,58,1,16,2,1,0,5,0,0,0,0,0,0,0,0,0,0,,,,,
Corey Clement,RB,DAL,14,WAS,0,0,0,0,0,44,0,13,1,2,0,2,0,0,0,0,0,0,0,0,0,0,,,,,
Courtland Sutton,WR,DEN,14,DET,0,0,0,0,0,0,0,0,1,9,0,2,0,0,0,0,0,0,0,0,0,0,,,,,
Craig Reynolds,RB,DET,14,DEN,0,0,0,0,0,83,0,11,2,16,0,2,0,0,0,0,0,0,0,0,0,0,,,,,
Curtis Samuel,WR,WAS,14,DAL,0,0,0,0,0,0,0,0,0,0,0,2,0,0,0,0,0,0,0,0,0,0,,,,,
D'Ernest Johnson,RB,CLE,14,BAL,0,0,0,0,0,22,0,4,1,7,0,1,0,0,0,0,0,0,0,0,0,0,,,,,
D'Onta Foreman,RB,TEN,14,JAX,0,0,0,0,0,47,1,13,2,15,0,2,0,0,0,0,0,0,0,0,0,0,,,,,
D.J. Montgomery,WR,NYJ,14,NO,0,0,0,0,0,0,0,0,3,36,0,6,0,0,0,0,0,0,0,0,0,0,,,,,
DAL,DEF,DAL,14,WAS,,,,,,,,,,,,,,,,,,,,,,,0,0,0,0,20.0
DEN,DEF,DEN,14,DET,,,,,,,,,,,,,,,,,,,,,,,0,0,0,0,10.0
DET,DEF,DET,14,DEN,,,,,,,,,,,,,,,,,,,,,,,0,0,0,0,38.0
DJ Moore,WR,CAR,14,ATL,0,0,0,0,0,0,0,0,6,84,0,10,0,0,0,0,0,0,0,0,0,0,,,,,
DK Metcalf,WR,SEA,14,HOU,0,0,0,0,0,0,0,0,4,43,0,8,0,0,0,0,0,0,0,0,0,0,,,,,
Dak Prescott,QB,DAL,14,WAS,211,1,39,22,2,15,0,7,0,0,0,0,0,0,0,0,0,0,0,0,0,0,,,,,
Dalton Schultz,TE,DAL,14,WAS,0,0,0,0,0,0,0,0,1,4,0,3,0,0,0,0,0,0,0,0,0,0,,,,,
Dalvin Cook,RB,MIN,14,PIT,0,0,0,0,0,205,2,27,1,17,0,3,0,0,0,0,0,0,0,0,0,0,,,,,
Damien Williams,RB,CHI,14,GB,0,0,0,0,0,13,0,2,1,4,0,1,0,0,0,0,0,0,0,0,0,0,,,,,
Damiere Byrd,WR,CHI,14,GB,0,0,0,0,0,0,0,0,2,76,1,2,0,0,0,0,0,0,0,0,0,0,,,,,
Daniel Brown,TE,NYJ,14,NO,0,0,0,0,0,0,0,0,0,0,0,0,0,0,0,0,0,0,0,0,0,0,,,,,
Daniel Carlson,K,LV,14,KC,0,0,0,0,0,0,0,0,0,0,0,0,0,0,0,0,1,0,0,0,0,0,,,,,
Dare Ogunbowale,RB,JAX,14,TEN,0,0,0,0,0,0,0,0,2,5,0,3,0,0,0,0,0,0,0,0,0,0,,,,,
Darius Slayton,WR,NYG,14,LAC,0,0,0,0,0,0,0,0,0,0,0,3,0,0,0,0,0,0,0,0,0,0,,,,,
Darnell Mooney,WR,CHI,14,GB,0,0,0,0,0,0,0,0,1,19,0,5,0,0,0,0,0,0,0,0,0,0,,,,,
Darrel Williams,RB,KC,14,LV,0,0,0,0,0,8,0,2,3,31,1,3,0,0,0,0,0,0,0,0,0,0,,,,,
Davante Adams,WR,GB,14,CHI,0,0,0,0,0,0,0,0,10,121,2,13,0,0,0,0,0,0,0,0,0,0,,,,,
David Montgomery,RB,CHI,14,GB,0,0,0,0,0,42,0,10,6,39,0,7,0,0,0,0,0,0,0,0,0,0,,,,,
Davion Davis,WR,HOU,14,SEA,0,0,0,0,0,0,0,0,1,17,0,1,0,0,0,0,0,0,0,0,0,0,,,,,
Davis Mills,QB,HOU,14,SEA,331,1,49,33,0,8,0,2,0,0,0,0,0,0,0,0,0,0,0,0,0,0,,,,,
Dawson Knox,TE,BUF,14,TB,0,0,0,0,0,0,0,0,7,60,1,9,0,0,0,0,0,0,0,0,0,0,,,,,
DeAndre Carter,WR,WAS,14,DAL,0,0,0,0,0,0,0,0,2,12,0,6,0,0,0,0,0,0,0,0,0,0,,,,,
DeAndre Hopkins,WR,ARI,14,LA,0,0,0,0,0,0,0,0,5,54,0,13,0,0,0,0,0,0,0,0,0,0,,,,,
DeSean Jackson,WR,LV,14,KC,0,0,0,0,0,0,0,0,1,19,0,2,0,0,0,0,0,0,0,0,0,0,,,,,
Dede Westbrook,WR,MIN,14,PIT,0,0,0,0,0,0,0,0,0,0,0,0,0,0,0,0,0,0,0,0,0,0,,,,,
Dee Eskridge,WR,SEA,14,HOU,0,0,0,0,0,0,0,0,0,0,0,1,0,0,0,0,0,0,0,0,0,0,,,,,
DeeJay Dallas,RB,SEA,14,HOU,0,0,0,0,0,16,0,2,0,0,0,0,0,0,0,0,0,0,0,0,0,0,,,,,
Deebo Samuel Sr.,WR,SF,14,CIN,0,0,0,0,0,37,1,8,1,22,0,1,0,0,0,0,0,0,0,0,0,0,,,,,
Demetric Felton,RB,CLE,14,BAL,0,0,0,0,0,0,0,0,0,0,0,0,0,0,0,0,0,0,0,0,0,0,,,,,
Denzel Mims,WR,NYJ,14,NO,0,0,0,0,0,0,0,0,0,0,0,1,0,0,0,0,0,0,0,0,0,0,,,,,
Derek Carr,QB,LV,14,KC,263,1,45,33,1,0,0,0,0,0,0,0,0,0,0,0,0,0,0,0,0,0,,,,,
Derrick Gore,RB,KC,14,LV,0,0,0,0,0,66,1,9,2,23,0,2,0,0,0,0,0,0,0,0,0,0,,,,,
Devin Duvernay,WR,BAL,14,CLE,0,0,0,0,0,3,0,1,2,14,0,5,0,0,0,0,0,0,0,0,0,0,,,,,
Devin Singletary,RB,BUF,14,TB,0,0,0,0,0,52,0,4,6,37,0,7,0,0,0,0,0,0,0,0,0,0,,,,,
Devonta Freeman,RB,BAL,14,CLE,0,0,0,0,0,64,0,13,5,8,0,5,0,0,0,0,0,0,0,0,0,0,,,,,
Devontae Booker,RB,NYG,14,LAC,0,0,0,0,0,56,0,8,4,28,0,5,0,0,0,0,0,0,0,0,0,0,,,,,
Diontae Johnson,WR,PIT,14,MIN,0,0,0,0,0,7,0,1,5,76,0,10,0,0,1,0,0,0,0,0,0,0,,,,,
Diontae Spencer,WR,DEN,14,DET,0,0,0,0,0,0,0,0,0,0,0,1,0,0,0,0,0,0,0,0,0,0,,,,,
Donald Parham,TE,LAC,14,NYG,0,0,0,0,0,0,0,0,2,13,0,2,0,0,0,0,0,0,0,0,0,0,,,,,
Donovan Peoples-Jones,WR,CLE,14,BAL,0,0,0,0,0,0,0,0,5,90,0,7,0,0,0,0,0,0,0,0,0,0,,,,,
Dontrell Hilliard,RB,TEN,14,JAX,0,0,0,0,0,13,0,6,0,0,0,2,0,0,0,0,0,0,0,0,0,0,,,,,
Drew Sample,TE,CIN,14,SF,0,0,0,0,0,0,0,0,1,14,0,1,0,0,0,0,0,0,0,0,0,0,,,,,
Dustin Hopkins,K,LAC,14,NYG,0,0,0,0,0,0,0,0,0,0,0,0,0,0,0,0,2,1,0,0,0,4,,,,,
Dwayne Washington,RB,NO,14,NYJ,0,0,0,0,0,0,0,0,0,0,0,0,0,0,0,0,0,0,0,0,0,0,,,,,
Dyami Brown,WR,WAS,14,DAL,0,0,0,0,0,0,0,0,0,0,0,1,0,0,0,0,0,0,0,0,0,0,,,,,
Easop Winston,WR,NO,14,NYJ,0,0,0,0,0,0,0,0,1,5,0,1,0,0,0,0,0,0,0,0,0,0,,,,,
Eddy Pineiro,K,NYJ,14,NO,0,0,0,0,0,0,0,0,0,0,0,0,0,0,0,0,0,2,1,0,0,0,,,,,
Emmanuel Sanders,WR,BUF,14,TB,0,0,0,0,0,0,0,0,1,25,0,1,0,0,0,0,0,0,0,0,0,0,,,,,
Equanimeous St. Brown,WR,GB,14,CHI,0,0,0,0,0,0,0,0,0,0,0,0,0,0,0,0,0,0,0,0,0,0,,,,,
Evan Engram,TE,NYG,14,LAC,0,0,0,0,0,0,0,0,1,8,0,4,0,0,0,0,0,0,0,0,0,0,,,,,
Evan McPherson,K,CIN,14,SF,0,0,0,0,0,0,0,0,0,0,0,0,0,0,0,0,1,1,1,0,0,2,,,,,
Ezekiel Elliott,RB,DAL,14,WAS,0,0,0,0,0,45,0,12,1,15,0,6,0,0,1,0,0,0,0,0,0,0,,,,,
Foster Moreau,TE,LV,14,KC,0,0,0,0,0,0,0,0,3,13,0,6,0,0,0,0,0,0,0,0,0,0,,,,,
Frank Darby,WR,ATL,14,CAR,0,0,0,0,0,0,0,0,0,0,0,0,0,0,0,0,0,0,0,0,0,0,,,,,
Freddie Swain,WR,SEA,14,HOU,0,0,0,0,0,3,0,1,0,0,0,1,0,0,0,0,0,0,0,0,0,0,,,,,
GB,DEF,GB,14,CHI,,,,,,,,,,,,,,,,,,,,,,,1,0,0,0,30.0
Gabe Davis,WR,BUF,14,TB,0,0,0,0,0,0,0,0,5,43,1,8,0,0,0,0,0,0,0,0,0,0,,,,,
Geoff Swaim,TE,TEN,14,JAX,0,0,0,0,0,0,0,0,3,45,0,4,0,0,0,0,0,0,0,0,0,0,,,,,
George Kittle,TE,SF,14,CIN,0,0,0,0,0,0,0,0,13,151,1,15,0,0,0,0,0,0,0,0,0,0,,,,,
Gerald Everett,TE,SEA,14,HOU,0,0,0,0,0,13,0,1,2,15,1,2,0,0,0,0,0,0,0,0,0,0,,,,,
Godwin Igwebuike,RB,DET,14,DEN,0,0,0,0,0,25,0,8,0,0,0,0,0,0,0,0,0,0,0,0,0,0,,,,,
Graham Gano,K,NYG,14,LAC,0,0,0,0,0,0,0,0,0,0,0,0,0,0,0,0,0,0,0,0,0,1,,,,,
Greg Joseph,K,MIN,14,PIT,0,0,0,0,0,0,0,0,0,0,0,0,0,0,0,0,1,1,1,0,0,3,,,,,
Greg Zuerlein,K,DAL,14,WAS,0,0,0,0,0,0,0,0,0,0,0,0,0,0,0,0,1,3,0,0,0,1,,,,,
HOU,DEF,HOU,14,SEA,,,,,,,,,,,,,,,,,,,,,,,0,0,0,0,33.0
Harrison Butker,K,KC,14,LV,0,0,0,0,0,0,0,0,0,0,0,0,0,0,0,0,0,1,0,1,0,6,,,,,
Hayden Hurst,TE,ATL,14,CAR,0,0,0,0,0,0,0,0,1,3,1,1,0,0,0,0,0,0,0,0,0,0,,,,,
Hunter Renfrow,WR,LV,14,KC,0,0,0,0,0,0,0,0,13,117,1,14,0,0,0,0,0,0,0,0,0,0,,,,,
Ian Thomas,TE,CAR,14,ATL,0,0,0,0,0,0,0,0,0,0,0,2,0,0,0,0,0,0,0,0,0,0,,,,,
Isaiah McKenzie,WR,BUF,14,TB,0,0,0,0,0,0,0,0,1,5,0,1,0,0,0,0,0,0,0,0,0,0,,,,,
J.P. Holtz,TE,CHI,14,GB,0,0,0,0,0,0,0,0,0,0,0,0,0,0,0,0,0,0,0,0,0,0,,,,,
JAX,DEF,JAX,14,TEN,,,,,,,,,,,,,,,,,,,,,,,0,0,0,0,20.0
Ja'Marr Chase,WR,CIN,14,SF,0,0,0,0,0,6,0,1,5,77,2,8,0,0,0,0,0,0,0,0,0,0,,,,,
JaMycal Hasty,RB,SF,14,CIN,0,0,0,0,0,0,0,0,3,10,0,3,0,0,0,0,0,0,0,0,0,0,,,,,
JaQuan Hardy,RB,DAL,14,WAS,0,0,0,0,0,3,0,1,0,0,0,0,0,0,0,0,0,0,0,0,0,0,,,,,
Jaelon Darden,WR,TB,14,BUF,0,0,0,0,0,0,0,0,0,0,0,0,0,0,0,0,0,0,0,0,0,0,,,,,
Jake Kumerow,WR,BUF,14,TB,0,0,0,0,0,0,0,0,0,0,0,0,0,0,0,0,0,0,0,0,0,0,,,,,
Jakeem Grant,WR,CHI,14,GB,0,0,0,0,0,5,0,1,1,46,1,3,1,0,0,0,0,0,0,0,0,0,,,,,
Jalen Guyton,WR,LAC,14,NYG,0,0,0,0,0,0,0,0,3,87,1,3,0,0,0,0,0,0,0,0,0,0,,,,,
James Conner,RB,ARI,14,LA,0,0,0,0,0,31,2,13,9,94,0,9,0,0,0,0,0,0,0,0,0,0,,,,,
James O'Shaughnessy,TE,JAX,14,TEN,0,0,0,0,0,0,0,0,4,21,0,6,0,0,0,0,0,0,0,0,0,0,,,,,
James Robinson,RB,JAX,14,TEN,0,0,0,0,0,4,0,6,0,0,0,0,0,0,0,0,0,0,0,0,0,0,,,,,
James Washington,WR,PIT,14,MIN,0,0,0,0,0,0,0,0,4,65,1,6,0,0,0,0,0,0,0,0,0,0,,,,,
Jamison Crowder,WR,NYJ,14,NO,0,0,0,0,0,0,0,0,3,19,0,6,0,0,0,0,0,0,0,0,0,0,,,,,
Jared Cook,TE,LAC,14,NYG,0,0,0,0,0,0,0,0,2,8,1,5,0,0,0,0,0,0,0,0,0,0,,,,,
Jared Goff,QB,DET,14,DEN,215,1,39,24,1,10,0,2,0,0,0,0,0,0,0,0,0,0,0,0,0,0,,,,,
Jaret Patterson,RB,WAS,14,DAL,0,0,0,0,0,29,0,4,1,9,0,1,0,0,0,0,0,0,0,0,0,0,,,,,
Jarvis Landry,WR,CLE,14,BAL,0,0,0,0,0,0,0,0,5,41,1,10,0,0,0,0,0,0,0,0,0,0,,,,,
Jason Myers,K,SEA,14,HOU,0,0,0,0,0,0,0,0,0,0,0,0,0,0,0,0,0,2,0,0,0,1,,,,,
Jauan Jennings,WR,SF,14,CIN,0,0,0,0,0,0,0,0,3,46,0,5,0,0,0,0,0,0,0,0,0,0,,,,,
Javonte Williams,RB,DEN,14,DET,0,0,0,0,0,73,1,15,1,10,1,2,0,0,0,0,0,0,0,0,0,0,,,,,
Jaydon Mickens,WR,JAX,14,TEN,0,0,0,0,0,0,0,0,0,0,0,1,0,0,0,0,0,0,0,0,0,0,,,,,
Jeff Wilson,RB,SF,14,CIN,0,0,0,0,0,56,0,13,0,0,0,0,0,0,0,0,0,0,0,0,0,0,,,,,
Jeremy McNichols,RB,TEN,14,JAX,0,0,0,0,0,16,0,8,0,0,0,1,0,0,0,0,0,0,0,0,0,0,,,,,
Jerry Jeudy,WR,DEN,14,DET,0,0,0,0,0,0,0,0,5,47,0,6,0,0,0,0,0,0,0,0,0,0,,,,,
Jimmy Garoppolo,QB,SF,14,CIN,296,2,41,27,0,3,0,1,0,0,0,0,0,0,0,0,0,0,0,0,0,0,,,,,
Jimmy Graham,TE,CHI,14,GB,0,0,0,0,0,0,0,0,2,9,0,3,0,0,0,0,0,0,0,0,0,0,,,,,
JoJo Natson,WR,CLE,14,BAL,0,0,0,0,0,0,0,0,0,0,0,0,0,0,0,0,0,0,0,0,0,0,,,,,
Joe Burrow,QB,CIN,14,SF,348,2,34,25,0,3,0,2,0,0,0,0,0,0,0,0,0,0,0,0,0,0,,,,,
Joe Mixon,RB,CIN,14,SF,0,0,0,0,0,58,0,18,2,10,0,2,0,0,0,0,0,0,0,0,0,0,,,,,
John Bates,TE,WAS,14,DAL,0,0,0,0,0,0,0,0,1,19,0,2,0,0,0,0,0,0,0,0,0,0,,,,,
John Ross,WR,NYG,14,LAC,0,0,0,0,0,0,0,0,1,7,0,1,0,0,0,0,0,0,0,0,0,0,,,,,
Jonathan Williams,RB,WAS,14,DAL,0,0,0,0,0,16,1,4,1,19,0,1,0,0,0,0,0,0,0,0,0,0,,,,,
Jordan Akins,TE,HOU,14,SEA,0,0,0,0,0,0,0,0,1,6,0,1,0,0,0,0,0,0,0,0,0,0,,,,,
Josh Allen,QB,BUF,14,TB,308,2,54,36,1,109,1,12,0,0,0,0,0,0,0,0,0,0,0,0,0,0,,,,,
Josh Gordon,WR,KC,14,LV,0,0,0,0,0,0,0,0,2,9,1,3,0,0,0,0,0,0,0,0,0,0,,,,,
Josh Jacobs,RB,LV,14,KC,0,0,0,0,0,24,0,9,5,46,0,6,0,0,0,0,0,0,0,0,0,0,,,,,
Josh Oliver,TE,BAL,14,CLE,0,0,0,0,0,0,0,0,1,6,0,1,0,0,0,0,0,0,0,0,0,0,,,,,
Josh Palmer,WR,LAC,14,NYG,0,0,0,0,0,0,0,0,5,66,1,7,0,0,0,0,0,0,0,0,0,0,,,,,
Josh Reynolds,WR,DET,14,DEN,0,0,0,0,0,0,0,0,3,52,0,5,0,0,0,0,0,0,0,0,0,0,,,,,
Joshua Kelley,RB,LAC,14,NYG,0,0,0,0,0,33,0,10,1,5,0,1,0,0,0,0,0,0,0,0,0,0,,,,,
Josiah Deguara,TE,GB,14,CHI,0,0,0,0,0,0,0,0,3,44,0,3,0,0,0,0,0,0,0,0,0,0,,,,,
Julio Jones,WR,TEN,14,JAX,0,0,0,0,0,0,0,0,4,33,0,6,0,0,0,0,0,0,0,0,0,0,,,,,
Justin Fields,QB,CHI,14,GB,224,2,33,18,2,74,0,9,0,0,0,0,0,0,0,0,0,0,0,0,0,0,,,,,
Justin Herbert,QB,LAC,14,NYG,275,3,31,23,0,19,0,4,0,0,0,0,0,0,0,0,0,0,0,0,0,0,,,,,
Justin Jackson,RB,LAC,14,NYG,0,0,0,0,0,35,0,9,1,7,0,1,0,0,0,0,0,0,0,0,0,0,,,,,
Justin Jefferson,WR,MIN,14,PIT,0,0,0,0,0,-4,0,1,7,79,1,15,0,0,0,0,0,0,0,0,0,0,,,,,
Justin Tucker,K,BAL,14,CLE,0,0,0,0,0,0,0,0,0,0,0,0,0,0,0,0,0,0,1,2,0,1,,,,,
Juwan Johnson,TE,NO,14,NYJ,0,0,0,0,0,0,0,0,1,15,0,1,0,0,0,0,0,0,0,0,0,0,,,,,
K.J. Osborn,WR,MIN,14,PIT,0,0,0,0,0,0,0,0,3,83,1,9,0,0,0,0,0,0,0,0,0,0,,,,,
KC,DEF,KC,14,LV,,,,,,,,,,,,,,,,,,,,,,,0,0,0,0,9.0
Ka'imi Fairbairn,K,HOU,14,SEA,0,0,0,0,0,0,0,0,0,0,0,0,0,0,0,0,1,0,0,0,1,1,,,,,
Kalif Raymond,WR,DET,14,DEN,0,0,0,0,0,0,0,0,4,31,1,5,0,0,0,0,0,0,0,0,0,0,,,,,
Kareem Hunt,RB,CLE,14,BAL,0,0,0,0,0,5,0,2,2,13,0,2,0,0,0,0,0,0,0,0,0,0,,,,,
Keelan Cole,WR,NYJ,14,NO,0,0,0,0,0,0,0,0,1,27,0,6,0,0,0,0,0,0,0,0,0,0,,,,,
Kendall Blanton,TE,LA,14,ARI,0,0,0,0,0,0,0,0,2,29,0,3,0,0,0,0,0,0,0,0,0,0,,,,,
Kenny Golladay,WR,NYG,14,LAC,0,0,0,0,0,0,0,0,2,15,0,8,0,0,0,0,0,0,0,0,0,0,,,,,
KhaDarel Hodge,WR,DET,14,DEN,0,0,0,0,0,0,0,0,0,0,0,1,0,0,0,0,0,0,0,0,0,0,,,,,
Khalil Herbert,RB,CHI,14,GB,0,0,0,0,0,3,0,1,0,0,0,0,0,0,0,0,0,0,0,0,0,0,,,,,
Kirk Cousins,QB,MIN,14,PIT,216,2,31,14,2,14,0,2,0,0,0,0,0,0,0,0,0,0,0,0,0,0,,,,,
Kurt Benkert,QB,GB,14,CHI,0,0,0,0,0,-1,0,2,0,0,0,0,0,0,0,0,0,0,0,0,0,0,,,,,
Kyle Allen,QB,WAS,14,DAL,53,0,9,4,0,11,0,2,0,0,0,0,0,0,0,0,0,0,0,0,0,0,,,,,
Kyle Juszczyk,RB,SF,14,CIN,0,0,0,0,0,0,0,0,1,5,0,2,0,0,0,0,0,0,0,0,0,0,,,,,
Kyle Pitts,TE,ATL,14,CAR,0,0,0,0,0,0,0,0,5,61,0,6,0,0,0,0,0,0,0,0,0,0,,,,,
Kyle Rudolph,TE,NYG,14,LAC,0,0,0,0,0,0,0,0,2,66,0,2,0,0,0,0,0,0,0,0,0,0,,,,,
Kyler Murray,QB,ARI,14,LA,383,0,49,32,2,61,0,7,0,0,0,0,0,0,0,0,0,0,0,0,0,0,,,,,
LA,DEF,LA,14,ARI,,,,,,,,,,,,,,,,,,,,,,,0,0,0,0,23.0
LAC,DEF,LAC,14,NYG,,,,,,,,,,,,,,,,,,,,,,,0,0,0,0,21.0
LV,DEF,LV,14,KC,,,,,,,,,,,,,,,,,,,,,,,0,0,0,0,48.0
La'Mical Perine,RB,NYJ,14,NO,0,0,0,0,0,28,0,7,0,0,0,0,0,0,0,0,0,0,0,0,0,0,,,,,
Lamar Jackson,QB,BAL,14,CLE,17,0,4,4,0,5,0,2,0,0,0,0,0,0,0,0,0,0,0,0,0,0,,,,,
Laquon Treadwell,WR,JAX,14,TEN,0,0,0,0,0,0,0,0,4,68,0,6,0,0,0,0,0,0,0,0,0,0,,,,,
Latavius Murray,RB,BAL,14,CLE,0,0,0,0,0,1,1,1,0,0,0,0,0,0,0,0,0,0,0,0,0,0,,,,,
Laviska Shenault Jr.,WR,JAX,14,TEN,0,0,0,0,0,0,0,0,4,34,0,7,0,0,0,0,0,0,0,0,0,0,,,,,
Lee Smith,TE,ATL,14,CAR,0,0,0,0,0,0,0,0,1,12,0,1,0,0,0,0,0,0,0,0,0,0,,,,,
Leonard Fournette,RB,TB,14,BUF,0,0,0,0,0,113,1,19,4,19,0,7,0,0,0,0,0,0,0,0,0,0,,,,,
Logan Woodside,QB,TEN,14,JAX,0,0,0,0,0,-3,0,3,0,0,0,0,0,0,0,0,0,0,0,0,0,0,,,,,
MIN,DEF,MIN,14,PIT,,,,,,,,,,,,,,,,,,,,,,,0,0,0,0,28.0
Malik Taylor,WR,GB,14,CHI,0,0,0,0,0,0,0,0,0,0,0,0,0,0,0,0,0,0,0,0,0,0,,,,,
Marcedes Lewis,TE,GB,14,CHI,0,0,0,0,0,0,0,0,4,51,0,4,0,0,0,0,0,0,0,0,0,0,,,,,
Marcus Kemp,WR,KC,14,LV,0,0,0,0,0,0,0,0,0,0,0,0,0,0,0,0,0,0,0,0,0,0,,,,,
Mark Andrews,TE,BAL,14,CLE,0,0,0,0,0,0,0,0,11,115,1,11,0,0,0,0,0,0,0,0,0,0,,,,,
Marquez Callaway,WR,NO,14,NYJ,0,0,0,0,0,0,0,0,2,34,0,4,0,0,0,0,0,0,0,0,0,0,,,,,
Marquez Stevenson,WR,BUF,14,TB,0,0,0,0,0,0,0,0,0,0,0,0,0,0,0,0,0,0,0,0,0,0,,,,,
Marquez Valdes-Scantling,WR,GB,14,CHI,0,0,0,0,0,0,0,0,3,20,0,5,0,0,0,0,0,0,0,0,0,0,,,,,
Marquise Brown,WR,BAL,14,CLE,0,0,0,0,0,0,0,0,5,41,0,8,0,0,0,0,0,0,0,0,0,0,,,,,
Marvin Jones,WR,JAX,14,TEN,0,0,0,0,0,0,0,0,6,70,0,7,0,0,0,0,0,0,0,0,0,0,,,,,
Mason Crosby,K,GB,14,CHI,0,0,0,0,0,0,0,0,0,0,0,0,0,0,0,0,1,0,0,0,0,6,,,,,
Matt Breida,RB,BUF,14,TB,0,0,0,0,0,12,0,3,0,0,0,1,0,0,0,0,0,0,0,0,0,0,,,,,
Matt Gay,K,LA,14,ARI,0,0,0,0,0,0,0,0,0,0,0,0,0,0,0,0,0,2,0,1,0,3,,,,,
Matt Prater,K,ARI,14,LA,0,0,0,0,0,0,0,0,0,0,0,0,0,0,0,0,0,0,1,2,0,2,,,,,
Matt Ryan,QB,ATL,14,CAR,190,1,28,19,0,3,0,4,0,0,0,0,0,0,0,0,0,0,0,0,0,0,,,,,
Matthew Stafford,QB,LA,14,ARI,287,3,30,23,0,0,0,0,0,0,0,0,0,0,0,0,0,0,0,0,0,0,,,,,
Matthew Wright,K,JAX,14,TEN,0,0,0,0,0,0,0,0,0,0,0,0,0,0,0,0,0,0,0,0,0,0,,,,,
Mecole Hardman,WR,KC,14,LV,0,0,0,0,0,0,0,1,2,59,0,2,0,0,0,0,0,0,0,0,0,0,,,,,
Melvin Gordon,RB,DEN,14,DET,0,0,0,0,0,111,2,24,0,0,0,0,0,0,0,0,0,0,0,0,0,0,,,,,
Michael Gallup,WR,DAL,14,WAS,0,0,0,0,0,0,0,0,5,60,0,9,0,0,0,0,0,0,0,0,0,0,,,,,
Mike Davis,RB,ATL,14,CAR,0,0,0,0,0,44,0,11,5,42,0,6,0,0,0,0,0,0,0,0,0,0,,,,,
Mike Evans,WR,TB,14,BUF,0,0,0,0,0,0,0,0,6,91,1,6,0,0,0,0,0,0,0,0,0,0,,,,,
Mike Glennon,QB,NYG,14,LAC,191,2,36,17,1,7,1,1,0,0,0,0,0,0,0,0,0,0,0,0,0,0,,,,,
Mike Williams,WR,LAC,14,NYG,0,0,0,0,0,0,0,0,6,61,0,6,0,0,0,0,0,0,0,0,0,0,,,,,
Mitchell Wilcox,TE,CIN,14,SF,0,0,0,0,0,0,0,0,0,0,0,0,0,0,0,0,0,0,0,0,0,0,,,,,
MyCole Pruitt,TE,TEN,14,JAX,0,0,0,0,0,0,0,0,1,5,0,3,0,0,0,0,0,0,0,0,0,0,,,,,
NO,DEF,NO,14,NYJ,,,,,,,,,,,,,,,,,,,,,,,0,0,0,0,9.0
NYG,DEF,NYG,14,LAC,,,,,,,,,,,,,,,,,,,,,,,0,0,0,0,37.0
NYJ,DEF,NYJ,14,NO,,,,,,,,,,,,,,,,,,,,,,,0,0,0,0,30.0
Najee Harris,RB,PIT,14,MIN,0,0,0,0,0,94,1,20,3,10,1,3,0,0,0,0,0,0,0,0,0,0,,,,,
Nick Chubb,RB,CLE,14,BAL,0,0,0,0,0,59,0,17,3,6,0,4,0,0,0,0,0,0,0,0,0,0,,,,,
Nick Vannett,TE,NO,14,NYJ,0,0,0,0,0,0,0,0,3,44,0,6,0,0,0,0,0,0,0,0,0,0,,,,,
Nick Westbrook-Ikhine,WR,TEN,14,JAX,0,0,0,0,0,0,0,0,3,31,0,3,0,0,0,0,0,0,0,0,0,0,,,,,
Nico Collins,WR,HOU,14,SEA,0,0,0,0,0,0,0,0,5,69,0,10,0,0,0,0,0,0,0,0,0,0,,,,,
Noah Fant,TE,DEN,14,DET,0,0,0,0,0,0,0,0,4,51,0,4,0,0,0,0,0,0,0,0,0,0,,,,,
Odell Beckham Jr.,WR,LA,14,ARI,0,0,0,0,0,0,0,0,6,77,1,7,0,0,0,0,0,0,0,0,0,0,,,,,
PIT,DEF,PIT,14,MIN,,,,,,,,,,,,,,,,,,,,,,,0,0,0,0,36.0
PJ Walker,QB,CAR,14,ATL,75,1,12,6,1,-5,0,2,0,0,0,0,0,0,0,0,0,0,0,0,0,0,,,,,
Pat Freiermuth,TE,PIT,14,MIN,0,0,0,0,0,0,0,0,2,32,1,3,0,0,0,0,0,0,0,0,0,0,,,,,
Patrick Mahomes,QB,KC,14,LV,258,2,24,20,0,20,0,4,0,0,0,0,0,0,0,0,0,0,0,0,0,0,,,,,
Penny Hart,WR,SEA,14,HOU,0,0,0,0,0,0,0,0,1,16,0,1,0,0,0,0,0,0,0,0,0,0,,,,,
Peyton Barber,RB,LV,14,KC,0,0,0,0,0,7,0,1,2,13,0,3,0,0,0,0,0,0,0,0,0,0,,,,,
Pharoh Cooper,WR,NYG,14,LAC,0,0,0,0,0,0,0,0,1,6,0,1,0,0,0,0,0,0,0,0,0,0,,,,,
Phillip Dorsett,WR,HOU,14,SEA,0,0,0,0,0,0,0,1,1,9,0,3,0,0,0,0,0,0,0,0,0,0,,,,,
Qadree Ollison,RB,ATL,14,CAR,0,0,0,0,0,23,0,5,0,0,0,0,0,0,0,0,0,0,0,0,0,0,,,,,
Racey McMath,WR,TEN,14,JAX,0,0,0,0,0,0,0,0,1,9,0,2,0,0,0,0,0,0,0,0,0,0,,,,,
Randy Bullock,K,TEN,14,JAX,0,0,0,0,0,0,0,0,0,0,0,0,0,0,0,0,1,0,1,0,0,2,,,,,
Rashaad Penny,RB,SEA,14,HOU,0,0,0,0,0,137,2,16,1,1,0,1,0,0,0,0,0,0,0,0,0,0,,,,,
Rashod Bateman,WR,BAL,14,CLE,0,0,0,0,0,0,0,0,7,103,0,8,0,0,0,0,0,0,0,0,0,0,,,,,
Ray-Ray McCloud,WR,PIT,14,MIN,0,0,0,0,0,0,0,0,6,32,0,8,0,0,0,0,0,0,0,0,0,0,,,,,
Rex Burkhead,RB,HOU,14,SEA,0,0,0,0,0,40,0,11,4,26,0,4,0,0,0,0,0,0,0,0,0,0,,,,,
Ricky Seals-Jones,TE,WAS,14,DAL,0,0,0,0,0,0,0,0,1,8,0,4,0,0,0,0,0,0,0,0,0,0,,,,,
Riley Patterson,K,DET,14,DEN,0,0,0,0,0,0,0,0,0,0,0,0,0,0,0,0,0,1,0,0,0,1,,,,,
River Cracraft,WR,SF,14,CIN,0,0,0,0,0,0,0,0,0,0,0,0,0,0,0,0,0,0,0,0,0,0,,,,,
Rob Gronkowski,TE,TB,14,BUF,0,0,0,0,0,0,0,0,5,62,0,9,0,0,0,0,0,0,0,0,0,0,,,,,
Robbie Chosen,WR,CAR,14,ATL,0,0,0,0,0,0,0,0,7,84,1,12,0,0,0,0,0,0,0,0,0,0,,,,,
Robbie Gould,K,SF,14,CIN,0,0,0,0,0,0,0,0,0,0,0,0,0,0,0,0,1,1,0,0,0,2,,,,,
Ronald Jones,RB,TB,14,BUF,0,0,0,0,0,8,0,3,0,0,0,0,0,0,0,0,0,0,0,0,0,0,,,,,
Rondale Moore,WR,ARI,14,LA,0,0,0,0,0,11,0,2,3,5,0,4,0,0,0,0,0,0,0,0,0,0,,,,,
Royce Freeman,RB,HOU,14,SEA,0,0,0,0,0,15,0,11,6,51,0,8,0,0,0,0,0,0,0,0,0,0,,,,,
Russell Gage,WR,ATL,14,CAR,0,0,0,0,0,0,0,0,4,64,0,6,0,0,0,0,0,0,0,0,0,0,,,,,
Russell Wilson,QB,SEA,14,HOU,260,2,28,17,0,8,0,2,0,0,0,0,0,0,1,0,0,0,0,0,0,0,,,,,
Ryan Griffin,TE,NYJ,14,NO,0,0,0,0,0,0,0,0,2,28,0,3,0,0,0,0,0,0,0,0,0,0,,,,,
Ryan Succop,K,TB,14,BUF,0,0,0,0,0,0,0,0,0,0,0,0,0,0,0,0,2,0,0,0,0,3,,,,,
Ryan Tannehill,QB,TEN,14,JAX,191,0,31,20,0,29,1,4,0,0,0,0,0,0,0,0,0,0,0,0,0,0,,,,,
SEA,DEF,SEA,14,HOU,,,,,,,,,,,,,,,,,,,,,,,0,0,0,0,13.0
SF,DEF,SF,14,CIN,,,,,,,,,,,,,,,,,,,,,,,0,0,0,0,23.0
Samaje Perine,RB,CIN,14,SF,0,0,0,0,0,11,0,4,4,22,0,5,0,0,0,0,0,0,0,0,0,0,,,,,
Sammy Watkins,WR,BAL,14,CLE,0,0,0,0,0,0,0,0,0,0,0,2,0,0,0,0,0,0,0,0,0,0,,,,,
Saquon Barkley,RB,NYG,14,LAC,0,0,0,0,0,64,0,16,3,31,1,3,0,0,0,0,0,0,0,0,0,0,,,,,
Shane Zylstra,TE,DET,14,DEN,0,0,0,0,0,0,0,0,2,18,0,6,0,0,0,0,0,0,0,0,0,0,,,,,
Sony Michel,RB,LA,14,ARI,0,0,0,0,0,79,0,20,0,0,0,1,0,0,0,0,0,0,0,0,0,0,,,,,
Stanley Morgan,WR,CIN,14,SF,0,0,0,0,0,0,0,0,0,0,0,0,0,0,0,0,0,0,0,0,0,0,,,,,
Stefon Diggs,WR,BUF,14,TB,0,0,0,0,0,0,0,0,7,74,0,13,0,0,0,0,0,0,0,0,0,0,,,,,
Stephen Anderson,TE,LAC,14,NYG,0,0,0,0,0,0,0,0,1,11,0,1,0,0,0,0,0,0,0,0,0,0,,,,,
Sterling Shepard,WR,NYG,14,LAC,0,0,0,0,0,0,0,0,2,27,0,4,0,0,0,0,0,0,0,0,0,0,,,,,
TB,DEF,TB,14,BUF,,,,,,,,,,,,,,,,,,,,,,,0,0,0,0,27.0
TEN,DEF,TEN,14,JAX,,,,,,,,,,,,,,,,,,,,,,,0,0,0,0,0.0
Tajae Sharpe,WR,ATL,14,CAR,0,0,0,0,0,0,0,0,1,7,0,2,0,0,0,0,0,0,0,0,0,0,,,,,
Tavon Austin,WR,JAX,14,TEN,0,0,0,0,0,0,0,0,3,17,0,5,0,0,0,0,0,0,0,0,0,0,,,,,
Taylor Heinicke,QB,WAS,14,DAL,122,1,25,11,1,8,0,3,0,0,0,0,0,0,1,0,0,0,0,0,0,0,,,,,
Taysom Hill,TE,NO,14,NYJ,175,0,21,15,0,73,2,11,0,0,0,0,0,0,0,0,0,0,0,0,0,0,,,,,
Teddy Bridgewater,QB,DEN,14,DET,179,2,25,18,0,0,0,0,0,0,0,0,0,0,0,0,0,0,0,0,0,0,,,,,
Tee Higgins,WR,CIN,14,SF,0,0,0,0,0,0,0,0,5,114,0,7,0,0,0,0,0,0,0,0,0,0,,,,,
Terry McLaurin,WR,WAS,14,DAL,0,0,0,0,0,0,0,0,0,0,0,3,0,0,0,0,0,0,0,0,0,0,,,,,
Tim Patrick,WR,DEN,14,DET,0,0,0,0,0,0,0,0,2,21,0,5,0,0,0,0,0,0,0,0,0,0,,,,,
Tom Brady,QB,TB,14,BUF,363,2,46,31,0,16,1,7,0,0,0,0,0,0,0,0,0,0,0,0,0,0,,,,,
Tom Kennedy,WR,DET,14,DEN,0,0,0,0,0,0,0,0,1,7,0,1,0,0,0,0,0,0,0,0,0,0,,,,,
Tommy Tremble,TE,CAR,14,ATL,0,0,0,0,0,0,0,0,2,23,0,2,0,0,0,0,0,0,0,0,0,0,,,,,
Tony Jones,RB,NO,14,NYJ,0,0,0,0,0,10,0,6,1,19,0,1,0,0,0,0,0,0,0,0,0,0,,,,,
Travis Benjamin,WR,SF,14,CIN,0,0,0,0,0,0,0,0,0,0,0,1,0,0,0,0,0,0,0,0,0,0,,,,,
Travis Kelce,TE,KC,14,LV,0,0,0,0,0,0,0,0,3,27,0,4,0,0,0,0,0,0,0,0,0,0,,,,,
Trayveon Williams,RB,CIN,14,SF,0,0,0,0,0,0,0,0,0,0,0,0,0,0,0,0,0,0,0,0,0,0,,,,,
Tre'Quan Smith,WR,NO,14,NYJ,0,0,0,0,0,0,0,0,3,33,0,3,0,0,0,0,0,0,0,0,0,0,,,,,
Trent Sherfield,WR,SF,14,CIN,0,0,0,0,0,0,0,0,0,0,0,0,0,0,0,0,0,0,0,0,0,0,,,,,
Trevor Lawrence,QB,JAX,14,TEN,221,0,40,24,4,2,0,1,0,0,0,0,0,0,0,0,0,0,0,0,0,0,,,,,
Trey Ragas,RB,LV,14,KC,0,0,0,0,0,9,0,1,2,6,0,2,0,0,0,0,0,0,0,0,0,0,,,,,
Ty Johnson,RB,NYJ,14,NO,0,0,0,0,0,17,0,6,4,40,0,7,0,0,0,0,0,0,0,0,0,0,,,,,
Tylan Wallace,WR,BAL,14,CLE,0,0,0,0,0,0,0,0,0,0,0,0,0,0,0,0,0,0,0,0,0,0,,,,,
Tyler Bass,K,BUF,14,TB,0,0,0,0,0,0,0,0,0,0,0,0,0,0,0,0,2,0,0,0,0,3,,,,,
Tyler Boyd,WR,CIN,14,SF,0,0,0,0,0,8,0,1,4,55,0,5,0,0,0,0,0,0,0,0,0,0,,,,,
Tyler Conklin,TE,MIN,14,PIT,0,0,0,0,0,0,0,0,2,20,0,2,0,0,0,0,0,0,0,0,0,0,,,,,
Tyler Davis,TE,GB,14,CHI,0,0,0,0,0,0,0,0,0,0,0,0,0,0,0,0,0,0,0,0,0,0,,,,,
Tyler Huntley,QB,BAL,14,CLE,270,1,38,27,0,45,0,6,0,0,0,0,0,0,0,0,0,0,0,0,0,0,,,,,
Tyler Johnson,WR,TB,14,BUF,0,0,0,0,0,0,0,0,3,17,0,3,0,0,0,0,0,0,0,0,0,0,,,,,
Tyler Lockett,WR,SEA,14,HOU,0,0,0,0,0,0,0,0,5,142,1,9,0,0,1,0,0,0,0,0,0,0,,,,,
Tyreek Hill,WR,KC,14,LV,0,0,0,0,0,0,0,0,4,76,0,4,0,0,0,0,0,0,0,0,0,0,,,,,
Tyron Johnson,WR,LV,14,KC,0,0,0,0,0,0,0,0,0,0,0,0,0,0,0,0,0,0,0,0,0,0,,,,,
Van Jefferson,WR,LA,14,ARI,0,0,0,0,0,10,0,1,2,58,1,3,0,0,0,0,0,0,0,0,0,0,,,,,
Vyncint Smith,WR,NYJ,14,NO,0,0,0,0,0,0,0,0,0,0,0,1,0,0,0,0,0,0,0,0,0,0,,,,,
WAS,DEF,WAS,14,DAL,,,,,,,,,,,,,,,,,,,,,,,1,0,0,0,27.0
Will Dissly,TE,SEA,14,HOU,0,0,0,0,0,0,0,0,2,38,0,3,0,0,0,0,0,0,0,0,0,0,,,,,
Younghoe Koo,K,ATL,14,CAR,0,0,0,0,0,0,0,0,0,0,0,0,0,0,0,0,0,2,1,0,0,2,,,,,
Zach Ertz,TE,ARI,14,LA,0,0,0,0,0,0,0,0,5,42,0,7,0,0,0,0,0,0,0,0,0,0,,,,,
Zach Wilson,QB,NYJ,14,NO,202,0,42,19,0,33,0,4,0,0,0,0,0,0,0,0,0,0,0,0,0,0,,,,,
Zane Gonzalez,K,CAR,14,ATL,0,0,0,0,0,0,0,0,0,0,0,0,0,0,0,0,0,0,0,0,0,3,,,,,
Zay Jones,WR,LV,14,KC,0,0,0,0,0,0,0,0,5,25,0,7,0,0,0,0,0,0,0,0,0,0,,,,,
A.J. Green,WR,ARI,15,DET,0,0,0,0,0,0,0,0,4,64,0,8,0,0,0,0,0,0,0,0,0,0,,,,,
AJ Dillon,RB,GB,15,BAL,0,0,0,0,0,22,1,7,1,13,0,1,0,0,0,0,0,0,0,0,0,0,,,,,
ARI,DEF,ARI,15,DET,,,,,,,,,,,,,,,,,,,,,,,0,0,0,0,30.0
ATL,DEF,ATL,15,SF,,,,,,,,,,,,,,,,,,,,,,,0,0,0,0,31.0
Aaron Jones,RB,GB,15,BAL,0,0,0,0,0,58,0,13,2,12,1,2,0,0,0,0,0,0,0,0,0,0,,,,,
Aaron Rodgers,QB,GB,15,BAL,268,3,31,23,0,11,0,4,0,0,0,0,0,0,0,0,0,0,0,0,0,0,,,,,
Adam Humphries,WR,WAS,15,PHI,0,0,0,0,0,0,0,0,3,23,0,6,0,0,0,0,0,0,0,0,0,0,,,,,
Adam Trautman,TE,NO,15,TB,0,0,0,0,0,0,0,0,1,4,0,2,0,0,0,0,0,0,0,0,0,0,,,,,
Albert Okwuegbunam,TE,DEN,15,CIN,0,0,0,0,0,0,0,0,3,58,0,4,0,0,0,0,0,0,0,0,0,0,,,,,
Albert Wilson,WR,MIA,15,NYJ,0,0,0,0,0,1,0,1,1,9,0,2,0,0,0,0,0,0,0,0,0,0,,,,,
Alex Armah,RB,WAS,15,PHI,0,0,0,0,0,0,0,0,0,0,0,0,0,0,0,0,0,0,0,0,0,0,,,,,
Alex Bachman,WR,NYG,15,DAL,0,0,0,0,0,0,0,0,0,0,0,0,0,0,0,0,0,0,0,0,0,0,,,,,
Alex Erickson,WR,CAR,15,BUF,0,0,0,0,0,0,0,0,0,0,0,0,0,0,0,0,0,0,0,0,0,0,,,,,
Allen Lazard,WR,GB,15,BAL,0,0,0,0,0,5,0,1,2,23,0,4,0,0,0,0,0,0,0,0,0,0,,,,,
Alvin Kamara,RB,NO,15,TB,0,0,0,0,0,18,0,11,2,13,0,6,0,0,0,0,0,0,0,0,0,0,,,,,
Amari Cooper,WR,DAL,15,NYG,0,0,0,0,0,0,0,0,2,8,0,5,0,0,0,0,0,0,0,0,0,0,,,,,
Amari Rodgers,WR,GB,15,BAL,0,0,0,0,0,0,0,0,0,0,0,0,0,0,0,0,0,0,0,0,0,0,,,,,
Ameer Abdullah,RB,CAR,15,BUF,0,0,0,0,0,7,0,4,4,48,1,4,0,0,0,0,0,0,0,0,0,0,,,,,
Amon-Ra St. Brown,WR,DET,15,ARI,0,0,0,0,0,5,0,1,8,90,1,11,0,0,0,0,0,0,0,0,0,0,,,,,
Andre Roberts,WR,LAC,15,KC,0,0,0,0,0,6,0,1,0,0,0,0,0,0,0,0,0,0,0,0,0,0,,,,,
Andy Isabella,WR,ARI,15,DET,0,0,0,0,0,0,0,0,1,13,0,1,0,0,0,0,0,0,0,0,0,0,,,,,
Anthony Firkser,TE,TEN,15,PIT,0,0,0,0,0,0,0,0,2,19,0,2,0,0,0,0,0,0,0,0,0,0,,,,,
Antoine Wesley,WR,ARI,15,DET,0,0,0,0,0,0,0,0,3,19,0,8,0,0,0,0,0,0,0,0,0,0,,,,,
Antonio Gibson,RB,WAS,15,PHI,0,0,0,0,0,26,1,15,6,39,0,7,0,0,0,0,0,0,0,0,0,0,,,,,
Ashton Dulin,WR,IND,15,NE,0,0,0,0,0,39,0,2,0,0,0,0,0,0,0,0,0,0,0,0,0,0,,,,,
Austin Ekeler,RB,LAC,15,KC,0,0,0,0,0,59,1,12,4,23,0,4,0,0,0,0,0,0,0,0,0,0,,,,,
Austin Walter,RB,NYJ,15,MIA,0,0,0,0,0,12,0,2,0,0,0,0,0,0,0,0,0,0,0,0,0,0,,,,,
Avery Williams,RB,ATL,15,SF,0,0,0,0,0,0,0,0,0,0,0,0,0,0,0,0,0,0,0,0,0,0,,,,,
BAL,DEF,BAL,15,GB,,,,,,,,,,,,,,,,,,,,,,,0,0,0,0,31.0
BUF,DEF,BUF,15,CAR,,,,,,,,,,,,,,,,,,,,,,,0,0,0,0,14.0
Ben Roethlisberger,QB,PIT,15,TEN,148,0,25,16,0,0,1,3,0,0,0,0,0,0,0,0,0,0,0,0,0,0,,,,,
Ben Skowronek,WR,LA,15,SEA,0,0,0,0,0,0,0,0,4,42,0,5,0,0,0,0,0,0,0,0,0,0,,,,,
Benny Snell,RB,PIT,15,TEN,0,0,0,0,0,0,0,0,0,0,0,0,0,0,0,0,0,0,0,0,0,0,,,,,
Blake Bell,TE,KC,15,LAC,0,0,0,0,0,3,0,1,0,0,0,1,0,0,0,0,0,0,0,0,0,0,,,,,
Brandin Cooks,WR,HOU,15,JAX,0,0,0,0,0,0,0,0,7,102,2,10,0,0,0,0,0,0,0,0,0,0,,,,,
Brandon Aiyuk,WR,SF,15,ATL,0,0,0,0,0,0,0,0,1,36,0,2,0,0,0,0,0,0,0,0,0,0,,,,,
Brandon Bolden,RB,NE,15,IND,0,0,0,0,0,3,0,4,3,41,0,5,0,0,0,0,0,0,0,0,0,0,,,,,
Brandon McManus,K,DEN,15,CIN,0,0,0,0,0,0,0,0,0,0,0,0,0,0,0,0,0,0,0,1,0,1,,,,,
Brandon Powell,WR,LA,15,SEA,0,0,0,0,0,0,0,0,0,0,0,0,0,0,0,0,0,0,0,0,0,0,,,,,
Brandon Zylstra,WR,CAR,15,BUF,0,0,0,0,0,0,0,0,2,17,0,4,0,0,0,0,0,0,0,0,0,0,,,,,
Braxton Berrios,WR,NYJ,15,MIA,0,0,0,0,0,10,1,2,1,26,0,1,0,0,0,0,0,0,0,0,0,0,,,,,
Brett Maher,K,NO,15,TB,0,0,0,0,0,0,0,0,0,0,0,0,0,0,0,0,0,2,1,0,0,0,,,,,
Brian Hill,RB,SF,15,ATL,0,0,0,0,0,0,0,0,0,0,0,0,0,0,0,0,0,0,0,0,0,0,,,,,
Brian Johnson,K,WAS,15,PHI,0,0,0,0,0,0,0,0,0,0,0,0,0,0,0,0,1,0,0,0,0,2,,,,,
Brock Wright,TE,DET,15,ARI,0,0,0,0,0,0,0,0,0,0,0,1,0,0,0,0,0,0,0,0,0,0,,,,,
Bryan Edwards,WR,LV,15,CLE,0,0,0,0,0,0,0,0,3,8,1,4,0,0,0,0,0,0,0,0,0,0,,,,,
Brycen Hopkins,TE,LA,15,SEA,0,0,0,0,0,0,0,0,1,9,0,1,0,0,0,0,0,0,0,0,0,0,,,,,
Byron Pringle,WR,KC,15,LAC,0,0,0,0,0,0,0,0,3,22,0,4,0,0,0,0,0,0,0,0,0,0,,,,,
C.J. Uzomah,TE,CIN,15,DEN,0,0,0,0,0,0,0,0,3,18,0,4,0,0,0,0,0,0,0,0,0,0,,,,,
CAR,DEF,CAR,15,BUF,,,,,,,,,,,,,,,,,,,,,,,0,0,0,0,31.0
CHI,DEF,CHI,15,MIN,,,,,,,,,,,,,,,,,,,,,,,0,0,0,0,17.0
CIN,DEF,CIN,15,DEN,,,,,,,,,,,,,,,,,,,,,,,0,0,0,0,10.0
CLE,DEF,CLE,15,LV,,,,,,,,,,,,,,,,,,,,,,,0,0,0,0,16.0
Cairo Santos,K,CHI,15,MIN,0,0,0,0,0,0,0,0,0,0,0,0,0,0,0,0,0,1,0,0,0,0,,,,,
Cam Newton,QB,CAR,15,BUF,156,1,38,18,1,71,1,15,0,0,0,0,0,0,1,0,0,0,0,0,0,0,,,,,
Cam Sims,WR,WAS,15,PHI,0,0,0,0,0,0,0,0,1,13,0,1,0,0,0,0,0,0,0,0,0,0,,,,,
Cameron Brate,TE,TB,15,NO,0,0,0,0,0,0,0,0,2,22,0,4,0,0,0,0,0,0,0,0,0,0,,,,,
Carson Wentz,QB,IND,15,NE,57,1,12,5,1,17,0,8,0,0,0,0,0,0,0,0,0,0,0,0,0,0,,,,,
CeeDee Lamb,WR,DAL,15,NYG,0,0,0,0,0,0,0,0,6,50,0,9,0,0,0,0,0,0,0,0,0,0,,,,,
Charlie Woerner,TE,SF,15,ATL,0,0,0,0,0,0,0,0,0,0,0,0,0,0,0,0,0,0,0,0,0,0,,,,,
Chase Claypool,WR,PIT,15,TEN,0,0,0,0,0,7,0,1,0,12,0,2,0,0,0,0,0,0,0,0,0,0,,,,,
Chase Edmonds,RB,ARI,15,DET,0,0,0,0,0,53,0,6,0,0,0,1,0,0,0,0,0,0,0,0,0,0,,,,,
Chase McLaughlin,K,CLE,15,LV,0,0,0,0,0,0,0,0,0,0,0,0,0,0,0,0,0,0,0,0,0,2,,,,,
Chester Rogers,WR,TEN,15,PIT,0,0,0,0,0,0,0,0,4,30,0,4,0,0,0,0,0,0,0,0,0,0,,,,,
Chris Boswell,K,PIT,15,TEN,0,0,0,0,0,0,0,0,0,0,0,0,0,0,0,0,1,1,2,0,0,1,,,,,
Chris Conley,WR,HOU,15,JAX,0,0,0,0,0,0,0,0,2,12,0,4,0,0,0,0,0,0,0,0,0,0,,,,,
Chris Godwin Jr.,WR,TB,15,NO,0,0,0,0,0,0,0,0,6,49,0,7,0,0,0,0,0,0,0,0,0,0,,,,,
Chris Manhertz,TE,JAX,15,HOU,0,0,0,0,0,0,0,0,1,11,0,1,0,0,0,0,0,0,0,0,0,0,,,,,
Chris Moore,WR,HOU,15,JAX,0,0,0,0,0,0,0,0,0,0,0,0,0,0,0,0,0,0,0,0,0,0,,,,,
Christian Blake,WR,ATL,15,SF,0,0,0,0,0,0,0,0,0,0,0,1,0,0,0,0,0,0,0,0,0,0,,,,,
Christian Kirk,WR,ARI,15,DET,0,0,0,0,0,0,0,0,9,94,1,12,0,0,0,0,0,0,0,0,0,0,,,,,
Chuba Hubbard,RB,CAR,15,BUF,0,0,0,0,0,40,0,8,1,1,0,1,0,0,0,0,0,0,0,0,0,0,,,,,
Clyde Edwards-Helaire,RB,KC,15,LAC,0,0,0,0,0,32,0,9,2,18,0,4,0,0,1,0,0,0,0,0,0,0,,,,,
Cody Hollister,WR,TEN,15,PIT,0,0,0,0,0,0,0,0,1,5,0,2,0,0,0,0,0,0,0,0,0,0,,,,,
Cody Thompson,WR,SEA,15,LA,0,0,0,0,0,0,0,0,0,0,0,0,0,0,0,0,0,0,0,0,0,0,,,,,
Cole Beasley,WR,BUF,15,CAR,0,0,0,0,0,0,0,0,4,35,0,8,0,0,0,0,0,0,0,0,0,0,,,,,
Cole Kmet,TE,CHI,15,MIN,0,0,0,0,0,0,0,0,6,71,0,9,0,0,0,0,0,0,0,0,0,0,,,,,
Collin Johnson,WR,NYG,15,DAL,0,0,0,0,0,0,0,0,1,16,0,1,0,0,0,0,0,0,0,0,0,0,,,,,
Colt McCoy,QB,ARI,15,DET,56,0,9,6,0,3,0,1,0,0,0,0,0,0,0,0,0,0,0,0,0,0,,,,,
Cooper Kupp,WR,LA,15,SEA,0,0,0,0,0,1,0,1,9,136,2,13,0,0,0,0,0,0,0,0,0,0,,,,,
Cordarrelle Patterson,RB,ATL,15,SF,0,0,0,0,0,18,0,11,2,5,0,2,0,0,0,0,0,0,0,0,0,0,,,,,
Corey Clement,RB,DAL,15,NYG,0,0,0,0,0,0,0,0,0,0,0,0,0,0,0,0,0,0,0,0,0,0,,,,,
Courtland Sutton,WR,DEN,15,CIN,0,0,0,0,0,0,0,0,2,12,0,7,0,0,0,0,0,0,0,0,0,0,,,,,
Craig Reynolds,RB,DET,15,ARI,0,0,0,0,0,112,0,26,1,5,0,1,0,0,0,0,0,0,0,0,0,0,,,,,
D'Ernest Johnson,RB,CLE,15,LV,0,0,0,0,0,-2,0,1,4,17,0,4,0,0,0,0,0,0,0,0,0,0,,,,,
D'Onta Foreman,RB,TEN,15,PIT,0,0,0,0,0,108,0,22,2,27,0,3,0,0,0,0,0,0,0,0,0,0,,,,,
DAL,DEF,DAL,15,NYG,,,,,,,,,,,,,,,,,,,,,,,0,0,0,0,6.0
DEN,DEF,DEN,15,CIN,,,,,,,,,,,,,,,,,,,,,,,0,0,0,0,15.0
DET,DEF,DET,15,ARI,,,,,,,,,,,,,,,,,,,,,,,0,0,0,0,12.0
DJ Moore,WR,CAR,15,BUF,0,0,0,0,0,0,0,0,6,48,0,11,0,0,1,0,0,0,0,0,0,0,,,,,
DK Metcalf,WR,SEA,15,LA,0,0,0,0,0,0,0,0,6,52,0,12,0,0,0,0,0,0,0,0,0,0,,,,,
Dak Prescott,QB,DAL,15,NYG,217,1,37,28,0,-1,0,2,0,0,0,0,0,0,0,0,0,0,0,0,0,0,,,,,
Dallas Goedert,TE,PHI,15,WAS,0,0,0,0,0,0,0,0,7,135,0,9,0,0,0,0,0,0,0,0,0,0,,,,,
Dalton Schultz,TE,DAL,15,NYG,0,0,0,0,0,0,0,0,8,67,1,8,0,0,0,0,0,0,0,0,0,0,,,,,
Dalvin Cook,RB,MIN,15,CHI,0,0,0,0,0,89,0,28,2,2,0,3,0,0,0,0,0,0,0,0,0,0,,,,,
Damien Williams,RB,CHI,15,MIN,0,0,0,0,0,0,0,0,0,0,0,0,0,0,0,0,0,0,0,0,0,0,,,,,
Damiere Byrd,WR,CHI,15,MIN,0,0,0,0,0,0,0,0,5,62,0,6,0,0,0,0,0,0,0,0,0,0,,,,,
Daniel Carlson,K,LV,15,CLE,0,0,0,0,0,0,0,0,0,0,0,0,0,0,0,0,1,0,2,0,0,1,,,,,
Daniel Helm,TE,LV,15,CLE,0,0,0,0,0,0,0,0,1,-1,0,1,0,0,0,0,0,0,0,0,0,0,,,,,
Dare Ogunbowale,RB,JAX,15,HOU,0,0,0,0,0,1,0,1,1,5,0,2,0,0,0,0,0,0,0,0,0,0,,,,,
Darius Slayton,WR,NYG,15,DAL,0,0,0,0,0,0,0,0,2,23,0,3,0,0,0,0,0,0,0,0,0,0,,,,,
Darnell Mooney,WR,CHI,15,MIN,0,0,0,0,0,3,0,1,5,63,0,7,0,0,0,0,0,0,0,0,0,0,,,,,
Darrel Williams,RB,KC,15,LAC,0,0,0,0,0,12,0,5,0,0,0,1,0,0,0,0,0,0,0,0,0,0,,,,,
Darrell Henderson,RB,LA,15,SEA,0,0,0,0,0,23,0,6,2,4,0,2,0,0,0,0,0,0,0,0,0,0,,,,,
Davante Adams,WR,GB,15,BAL,0,0,0,0,0,0,0,0,6,44,1,7,0,0,0,0,0,0,0,0,0,0,,,,,
David Johnson,RB,HOU,15,JAX,0,0,0,0,0,24,0,6,1,3,0,1,0,0,0,0,0,0,0,0,0,0,,,,,
David Montgomery,RB,CHI,15,MIN,0,0,0,0,0,60,0,18,5,23,0,6,0,0,0,0,0,0,0,0,0,0,,,,,
David Njoku,TE,CLE,15,LV,0,0,0,0,0,0,0,0,3,29,0,5,0,0,0,0,0,0,0,0,0,0,,,,,
Davis Mills,QB,HOU,15,JAX,209,2,30,19,1,2,0,1,0,0,0,0,0,0,0,0,0,0,0,0,0,0,,,,,
Dawson Knox,TE,BUF,15,CAR,0,0,0,0,0,0,0,0,4,38,0,5,0,0,0,0,0,0,0,0,0,0,,,,,
Dax Milne,WR,WAS,15,PHI,0,0,0,0,0,0,0,0,1,-2,0,1,0,0,0,0,0,0,0,0,0,0,,,,,
Dazz Newsome,WR,CHI,15,MIN,0,0,0,0,0,0,0,0,0,0,0,1,0,0,0,0,0,0,0,0,0,0,,,,,
DeAndre Carter,WR,WAS,15,PHI,0,0,0,0,0,12,0,1,2,12,0,3,0,0,0,0,0,0,0,0,0,0,,,,,
DeSean Jackson,WR,LV,15,CLE,0,0,0,0,0,0,0,0,1,11,0,3,0,0,0,0,0,0,0,0,0,0,,,,,
DeVante Parker,WR,MIA,15,NYJ,0,0,0,0,0,0,0,0,4,68,1,8,0,0,0,0,0,0,0,0,0,0,,,,,
DeVonta Smith,WR,PHI,15,WAS,0,0,0,0,0,0,0,0,3,40,0,5,0,0,0,0,0,0,0,0,0,0,,,,,
Dee Eskridge,WR,SEA,15,LA,0,0,0,0,0,0,0,0,0,0,0,4,0,0,0,0,0,0,0,0,0,0,,,,,
DeeJay Dallas,RB,SEA,15,LA,0,0,0,0,0,41,1,8,3,11,0,4,0,0,0,0,0,0,0,0,0,0,,,,,
Deebo Samuel Sr.,WR,SF,15,ATL,0,0,1,0,0,29,1,6,4,60,0,5,0,0,0,0,0,0,0,0,0,0,,,,,
Demarcus Robinson,WR,KC,15,LAC,0,0,0,0,0,0,0,0,0,0,0,3,0,0,0,0,0,0,0,0,0,0,,,,,
Demetric Felton,RB,CLE,15,LV,0,0,0,0,0,0,0,0,3,16,0,4,0,0,0,0,0,0,0,0,0,0,,,,,
Demetrius Harris,TE,ARI,15,DET,0,0,0,0,0,0,0,0,0,0,0,0,0,0,0,0,0,0,0,0,0,0,,,,,
Denzel Mims,WR,NYJ,15,MIA,0,0,0,0,0,0,0,0,0,0,0,3,0,0,0,0,0,0,0,0,0,0,,,,,
Derek Carr,QB,LV,15,CLE,236,1,38,25,1,7,0,3,0,0,0,0,0,0,0,0,0,0,0,0,0,0,,,,,
Devin Duvernay,WR,BAL,15,GB,0,0,0,0,0,0,0,0,3,13,0,3,0,0,0,0,0,0,0,0,0,0,,,,,
Devin Singletary,RB,BUF,15,CAR,0,0,0,0,0,86,1,22,1,10,0,1,0,0,0,0,0,0,0,0,0,0,,,,,
Devonta Freeman,RB,BAL,15,GB,0,0,0,0,0,22,0,6,1,2,0,1,0,0,0,0,0,0,0,0,0,0,,,,,
Devontae Booker,RB,NYG,15,DAL,0,0,0,0,0,74,0,8,2,8,0,2,0,0,0,0,0,0,0,0,0,0,,,,,
Diontae Johnson,WR,PIT,15,TEN,0,0,0,0,0,10,0,1,5,38,0,5,0,0,0,0,0,0,0,0,0,0,,,,,
Diontae Spencer,WR,DEN,15,CIN,0,0,0,0,0,0,0,0,0,0,0,0,0,0,0,0,0,0,0,0,0,0,,,,,
Donald Parham,TE,LAC,15,KC,0,0,0,0,0,0,0,0,0,0,0,1,0,0,0,0,0,0,0,0,0,0,,,,,
Donovan Peoples-Jones,WR,CLE,15,LV,0,0,0,0,0,0,0,0,4,48,0,8,0,0,0,0,0,0,0,0,0,0,,,,,
Dontrell Hilliard,RB,TEN,15,PIT,0,0,0,0,0,49,0,9,4,10,0,6,0,0,0,0,0,0,0,0,0,0,,,,,
Drew Lock,QB,DEN,15,CIN,88,1,12,6,0,-2,0,1,0,0,0,0,0,0,0,0,0,0,0,0,0,0,,,,,
Drew Sample,TE,CIN,15,DEN,0,0,0,0,0,0,0,0,1,2,0,1,0,0,0,0,0,0,0,0,0,0,,,,,
Duke Johnson,RB,MIA,15,NYJ,0,0,0,0,0,107,2,22,1,20,0,1,0,0,0,0,0,0,0,0,0,0,,,,,
Durham Smythe,TE,MIA,15,NYJ,0,0,0,0,0,0,0,0,1,4,0,1,0,0,0,0,0,0,0,0,0,0,,,,,
Dustin Hopkins,K,LAC,15,KC,0,0,0,0,0,0,0,0,0,0,0,0,0,0,0,0,0,0,0,0,0,4,,,,,
Dyami Brown,WR,WAS,15,PHI,0,0,0,0,0,0,0,0,0,0,0,0,0,0,0,0,0,0,0,0,0,0,,,,,
Easop Winston,WR,NO,15,TB,0,0,0,0,0,0,0,0,0,0,0,0,0,0,0,0,0,0,0,0,0,0,,,,,
Eddy Pineiro,K,NYJ,15,MIA,0,0,0,0,0,0,0,0,0,0,0,0,0,0,0,0,1,0,0,0,0,3,,,,,
Evan Engram,TE,NYG,15,DAL,0,0,0,0,0,0,0,0,4,33,0,5,0,0,0,0,0,0,0,0,0,0,,,,,
Evan McPherson,K,CIN,15,DEN,0,0,0,0,0,0,0,0,0,0,0,0,0,0,0,0,1,0,0,2,0,0,,,,,
Ezekiel Elliott,RB,DAL,15,NYG,0,0,0,0,0,52,1,16,3,20,0,4,0,0,0,0,0,0,0,0,0,0,,,,,
Foster Moreau,TE,LV,15,CLE,0,0,0,0,0,0,0,0,7,65,0,9,0,0,0,0,0,0,0,0,0,0,,,,,
Freddie Swain,WR,SEA,15,LA,0,0,0,0,0,0,0,0,1,25,0,1,0,0,0,0,0,0,0,0,0,0,,,,,
GB,DEF,GB,15,BAL,,,,,,,,,,,,,,,,,,,,,,,0,0,0,0,30.0
Gabe Davis,WR,BUF,15,CAR,0,0,0,0,0,0,0,0,5,85,2,7,0,0,0,0,0,0,0,0,0,0,,,,,
Garrett Gilbert,QB,WAS,15,PHI,194,0,31,20,0,0,0,0,0,0,0,0,0,0,0,0,0,0,0,0,0,0,,,,,
Geoff Swaim,TE,TEN,15,PIT,0,0,0,0,0,0,0,0,1,5,0,2,0,0,0,0,0,0,0,0,0,0,,,,,
George Kittle,TE,SF,15,ATL,0,0,0,0,0,0,0,0,6,93,0,6,0,0,0,0,0,0,0,0,0,0,,,,,
Gerald Everett,TE,SEA,15,LA,0,0,0,0,0,0,0,0,4,60,0,4,0,0,0,0,0,0,0,0,0,0,,,,,
Giovanni Ricci,TE,CAR,15,BUF,0,0,0,0,0,0,0,0,0,0,0,1,0,0,0,0,0,0,0,0,0,0,,,,,
Godwin Igwebuike,RB,DET,15,ARI,0,0,0,0,0,0,0,2,2,11,0,2,0,0,0,0,0,0,0,0,0,0,,,,,
Graham Gano,K,NYG,15,DAL,0,0,0,0,0,0,0,0,0,0,0,0,0,0,0,0,0,1,1,0,0,0,,,,,
Greg Joseph,K,MIN,15,CHI,0,0,0,0,0,0,0,0,0,0,0,0,0,0,0,0,0,1,0,0,0,2,,,,,
Greg Ward,WR,PHI,15,WAS,0,0,0,0,0,0,0,0,2,28,1,3,0,0,0,0,0,0,0,0,0,0,,,,,
Greg Zuerlein,K,DAL,15,NYG,0,0,0,0,0,0,0,0,0,0,0,0,0,0,0,0,2,0,1,0,0,0,,,,,
Gunner Olszewski,WR,NE,15,IND,0,0,0,0,0,0,0,0,0,0,0,1,0,0,0,0,0,0,0,0,0,0,,,,,
HOU,DEF,HOU,15,JAX,,,,,,,,,,,,,,,,,,,,,,,0,0,0,0,16.0
Harrison Bryant,TE,CLE,15,LV,0,0,0,0,0,0,0,0,2,11,1,2,0,0,0,0,0,0,0,0,0,0,,,,,
Harrison Butker,K,KC,15,LAC,0,0,0,0,0,0,0,0,0,0,0,0,0,0,0,0,0,2,0,0,0,2,,,,,
Hayden Hurst,TE,ATL,15,SF,0,0,0,0,0,0,0,0,2,6,0,2,0,0,0,0,0,0,0,0,0,0,,,,,
Hunter Henry,TE,NE,15,IND,0,0,0,0,0,0,0,0,6,77,2,8,0,0,0,0,0,0,0,0,0,0,,,,,
Hunter Long,TE,MIA,15,NYJ,0,0,0,0,0,0,0,0,0,0,0,1,0,0,0,0,0,0,0,0,0,0,,,,,
Hunter Renfrow,WR,LV,15,CLE,0,0,0,0,0,0,0,0,3,32,0,5,0,0,0,0,0,0,0,0,0,0,,,,,
IND,DEF,IND,15,NE,,,,,,,,,,,,,,,,,,,,,,,0,0,0,0,17.0
Ian Thomas,TE,CAR,15,BUF,0,0,0,0,0,0,0,0,1,5,0,1,0,0,0,0,0,0,0,0,0,0,,,,,
Ihmir Smith-Marsette,WR,MIN,15,CHI,0,0,0,0,0,0,0,0,1,7,1,2,0,0,0,0,0,0,0,0,0,0,,,,,
Isaiah Ford,WR,MIA,15,NYJ,0,0,0,0,0,0,0,0,3,51,0,3,0,0,0,0,0,0,0,0,0,0,,,,,
Isaiah McKenzie,WR,BUF,15,CAR,0,0,0,0,0,8,0,1,1,7,0,2,0,0,0,0,0,0,0,0,0,0,,,,,
JAX,DEF,JAX,15,HOU,,,,,,,,,,,,,,,,,,,,,,,0,0,0,0,30.0
Ja'Marr Chase,WR,CIN,15,DEN,0,0,0,0,0,0,0,0,1,3,0,4,0,0,0,0,0,0,0,0,0,0,,,,,
JaMycal Hasty,RB,SF,15,ATL,0,0,0,0,0,13,0,1,1,3,0,1,0,0,0,0,0,0,0,0,0,0,,,,,
Jack Doyle,TE,IND,15,NE,0,0,0,0,0,0,0,0,1,0,0,1,0,0,0,0,0,0,0,0,0,0,,,,,
Jack Stoll,TE,PHI,15,WAS,0,0,0,0,0,0,0,0,1,7,0,1,0,0,0,0,0,0,0,0,0,0,,,,,
Jacob Hollister,TE,JAX,15,HOU,0,0,0,0,0,0,0,0,0,0,0,0,0,0,0,0,0,0,0,0,0,0,,,,,
Jacoby Brissett,QB,MIA,15,NYJ,0,0,0,0,0,2,0,1,0,0,0,0,0,0,0,0,0,0,0,0,0,0,,,,,
Jaelon Darden,WR,TB,15,NO,0,0,0,0,0,0,0,0,0,0,0,3,0,0,0,0,0,0,0,0,0,0,,,,,
Jake Elliott,K,PHI,15,WAS,0,0,0,0,0,0,0,0,0,0,0,0,0,0,0,0,1,1,0,0,0,3,,,,,
Jake Fromm,QB,NYG,15,DAL,82,0,12,6,0,0,0,0,0,0,0,0,0,0,0,0,0,0,0,0,0,0,,,,,
Jakeem Grant,WR,CHI,15,MIN,0,0,0,0,0,17,0,2,0,0,0,0,0,0,0,0,0,0,0,0,0,0,,,,,
Jakob Johnson,RB,NE,15,IND,0,0,0,0,0,0,0,0,0,0,0,0,0,0,0,0,0,0,0,0,0,0,,,,,
Jakobi Meyers,WR,NE,15,IND,0,0,0,0,0,9,0,1,6,44,0,12,0,0,0,0,0,0,0,0,0,0,,,,,
Jalen Guyton,WR,LAC,15,KC,0,0,0,0,0,0,0,0,2,10,1,2,0,0,0,0,0,0,0,0,0,0,,,,,
Jalen Hurts,QB,PHI,15,WAS,296,1,26,20,1,38,2,8,0,0,0,0,0,0,0,0,0,0,0,0,0,0,,,,,
Jalen Reagor,WR,PHI,15,WAS,0,0,0,0,0,0,0,0,3,57,0,3,0,0,0,0,0,0,0,0,0,0,,,,,
Jalen Richard,RB,LV,15,CLE,0,0,0,0,0,0,0,0,0,0,0,0,0,0,0,0,0,0,0,0,0,0,,,,,
James Conner,RB,ARI,15,DET,0,0,0,0,0,39,0,8,2,31,0,2,0,0,0,0,0,0,0,0,0,0,,,,,
James O'Shaughnessy,TE,JAX,15,HOU,0,0,0,0,0,0,0,0,4,60,0,4,0,0,0,0,0,0,0,0,0,0,,,,,
James Proche,WR,BAL,15,GB,0,0,0,0,0,0,0,0,1,8,0,1,0,0,0,0,0,0,0,0,0,0,,,,,
James Robinson,RB,JAX,15,HOU,0,0,0,0,0,75,1,18,3,13,0,6,0,0,0,0,0,0,0,0,0,0,,,,,
James Washington,WR,PIT,15,TEN,0,0,0,0,0,0,0,0,3,36,0,5,0,0,0,0,0,0,0,0,0,0,,,,,
Jamison Crowder,WR,NYJ,15,MIA,0,0,0,0,0,0,0,0,5,40,0,8,0,0,0,0,0,0,0,0,0,0,,,,,
Jared Cook,TE,LAC,15,KC,0,0,0,0,0,0,0,0,3,32,0,7,0,0,0,0,0,0,0,0,0,0,,,,,
Jared Goff,QB,DET,15,ARI,216,3,26,21,0,0,0,0,0,0,0,0,0,0,0,0,0,0,0,0,0,0,,,,,
Jaret Patterson,RB,WAS,15,PHI,0,0,0,0,0,20,1,4,0,0,0,0,0,0,0,0,0,0,0,0,0,0,,,,,
Jason Myers,K,SEA,15,LA,0,0,0,0,0,0,0,0,0,0,0,0,0,0,0,0,0,1,0,0,0,1,,,,,
Jason Sanders,K,MIA,15,NYJ,0,0,0,0,0,0,0,0,0,0,0,0,0,0,0,0,1,0,0,0,0,4,,,,,
Jauan Jennings,WR,SF,15,ATL,0,0,0,0,0,0,0,0,3,28,1,6,0,0,0,0,0,0,0,0,0,0,,,,,
Javonte Williams,RB,DEN,15,CIN,0,0,0,0,0,72,0,15,4,9,0,4,0,0,0,0,0,0,0,0,0,0,,,,,
Jaydon Mickens,WR,JAX,15,HOU,0,0,0,0,0,0,0,0,0,0,0,0,0,0,0,0,0,0,0,0,0,0,,,,,
Jeff Wilson,RB,SF,15,ATL,0,0,0,0,0,110,1,21,2,9,0,2,0,0,0,0,0,0,0,0,0,0,,,,,
Jeremy McNichols,RB,TEN,15,PIT,0,0,0,0,0,26,0,6,3,25,0,3,0,0,0,0,0,0,0,0,0,0,,,,,
Jeremy Sprinkle,TE,DAL,15,NYG,0,0,0,0,0,0,0,0,2,21,0,2,0,0,0,0,0,0,0,0,0,0,,,,,
Jermar Jefferson,RB,DET,15,ARI,0,0,0,0,0,9,0,5,0,0,0,0,0,0,0,0,0,0,0,0,0,0,,,,,
Jerry Jeudy,WR,DEN,15,CIN,0,0,0,0,0,0,0,0,0,0,0,4,0,0,0,0,0,0,0,0,0,0,,,,,
Jesper Horsted,TE,CHI,15,MIN,0,0,0,0,0,0,0,0,1,19,1,1,0,0,0,0,0,0,0,0,0,0,,,,,
Jimmy Garoppolo,QB,SF,15,ATL,235,1,23,18,0,4,0,3,0,0,0,0,0,0,0,0,0,0,0,0,0,0,,,,,
Jimmy Graham,TE,CHI,15,MIN,0,0,0,0,0,0,0,0,1,13,0,2,0,0,0,0,0,0,0,0,0,0,,,,,
Joe Burrow,QB,CIN,15,DEN,157,1,22,15,0,25,0,5,0,0,0,0,0,0,0,0,0,0,0,0,0,0,,,,,
Joe Mixon,RB,CIN,15,DEN,0,0,0,0,0,58,0,17,1,2,0,1,0,0,0,0,0,0,0,0,0,0,,,,,
John Bates,TE,WAS,15,PHI,0,0,0,0,0,0,0,0,1,29,0,1,0,0,0,0,0,0,0,0,0,0,,,,,
Jonathan Taylor,RB,IND,15,NE,0,0,0,0,0,170,1,29,0,0,0,0,0,0,0,0,0,0,0,0,0,0,,,,,
Jonathan Ward,RB,ARI,15,DET,0,0,0,0,0,6,0,1,1,9,0,2,0,0,0,0,0,0,0,0,0,0,,,,,
Jonathan Williams,RB,WAS,15,PHI,0,0,0,0,0,5,0,1,0,0,0,0,0,0,0,0,0,0,0,0,0,0,,,,,
Jonnu Smith,TE,NE,15,IND,0,0,0,0,0,2,0,1,1,3,0,3,0,0,0,0,0,0,0,0,0,0,,,,,
Jordan Akins,TE,HOU,15,JAX,0,0,0,0,0,0,0,0,2,24,0,3,0,0,0,0,0,0,0,0,0,0,,,,,
Jordan Howard,RB,PHI,15,WAS,0,0,0,0,0,69,0,15,0,0,0,0,0,0,0,0,0,0,0,0,0,0,,,,,
Josh Allen,QB,BUF,15,CAR,210,3,34,19,1,24,0,3,0,0,0,0,0,0,0,0,0,0,0,0,0,0,,,,,
Josh Jacobs,RB,LV,15,CLE,0,0,0,0,0,52,0,15,3,42,0,4,0,0,0,0,0,0,0,0,0,0,,,,,
Josh Palmer,WR,LAC,15,KC,0,0,0,0,0,0,0,0,1,15,0,1,0,0,0,0,0,0,0,0,0,0,,,,,
Josh Reynolds,WR,DET,15,ARI,0,0,0,0,0,0,0,0,6,68,1,6,0,0,0,0,0,0,0,0,0,0,,,,,
Joshua Kelley,RB,LAC,15,KC,0,0,0,0,0,21,0,7,0,0,0,0,0,0,0,0,0,0,0,0,0,0,,,,,
Josiah Deguara,TE,GB,15,BAL,0,0,0,0,0,0,0,0,3,16,0,5,0,0,0,0,0,0,0,0,0,0,,,,,
Julio Jones,WR,TEN,15,PIT,0,0,0,0,0,0,0,0,0,0,0,1,0,0,0,0,0,0,0,0,0,0,,,,,
Justin Fields,QB,CHI,15,MIN,285,1,39,26,0,35,0,7,0,0,0,0,0,0,0,0,0,0,0,0,0,0,,,,,
Justin Herbert,QB,LAC,15,KC,236,2,38,22,1,16,1,5,0,0,0,0,0,0,0,0,0,0,0,0,0,0,,,,,
Justin Jackson,RB,LAC,15,KC,0,0,0,0,0,86,0,13,1,13,0,1,0,0,0,0,0,0,0,0,0,0,,,,,
Justin Jefferson,WR,MIN,15,CHI,0,0,0,0,0,0,0,0,4,47,1,10,0,0,0,0,0,0,0,0,0,0,,,,,
Justin Tucker,K,BAL,15,GB,0,0,0,0,0,0,0,0,0,0,0,0,0,0,0,0,0,1,0,0,0,3,,,,,
Juwan Johnson,TE,NO,15,TB,0,0,0,0,0,0,0,0,0,0,0,0,0,0,0,0,0,0,0,0,0,0,,,,,
Juwann Winfree,WR,GB,15,BAL,0,0,0,0,0,0,0,0,0,0,0,1,0,0,0,0,0,0,0,0,0,0,,,,,
K.J. Osborn,WR,MIN,15,CHI,0,0,0,0,0,0,0,0,3,21,0,3,0,0,0,0,0,0,0,0,0,0,,,,,
KC,DEF,KC,15,LAC,,,,,,,,,,,,,,,,,,,,,,,0,0,0,0,28.0
Ka'imi Fairbairn,K,HOU,15,JAX,0,0,0,0,0,0,0,0,0,0,0,0,0,0,0,0,1,0,0,2,0,3,,,,,
Kalif Raymond,WR,DET,15,ARI,0,0,0,0,0,0,0,0,2,20,0,3,0,0,0,0,0,0,0,0,0,0,,,,,
Ke'Shawn Vaughn,RB,TB,15,NO,0,0,0,0,0,19,0,3,0,0,0,2,0,0,0,0,0,0,0,0,0,0,,,,,
Keelan Cole,WR,NYJ,15,MIA,0,0,1,0,0,0,0,0,1,9,0,2,0,0,0,0,0,0,0,0,0,0,,,,,
Keenan Allen,WR,LAC,15,KC,0,0,1,0,0,0,0,0,6,78,1,10,0,0,0,0,0,0,0,0,0,0,,,,,
Kendall Blanton,TE,LA,15,SEA,0,0,0,0,0,0,0,0,0,0,0,1,0,0,0,0,0,0,0,0,0,0,,,,,
Kendall Hinton,WR,DEN,15,CIN,0,0,0,0,0,0,0,0,0,0,0,1,0,0,0,0,0,0,0,0,0,0,,,,,
Kendrick Bourne,WR,NE,15,IND,0,0,0,0,0,19,0,2,3,44,0,3,0,0,0,0,0,0,0,0,0,0,,,,,
Kene Nwangwu,RB,MIN,15,CHI,0,0,0,0,0,33,0,3,0,0,0,0,0,0,0,0,0,0,0,0,0,0,,,,,
Kenny Gainwell,RB,PHI,15,WAS,0,0,0,0,0,0,0,0,0,0,0,1,0,0,0,0,0,0,0,0,0,0,,,,,
Kenny Golladay,WR,NYG,15,DAL,0,0,0,0,0,0,0,0,3,53,0,8,0,0,0,0,0,0,0,0,0,0,,,,,
Khalil Herbert,RB,CHI,15,MIN,0,0,0,0,0,0,0,0,3,34,0,4,0,0,0,0,0,0,0,0,0,0,,,,,
Kirk Cousins,QB,MIN,15,CHI,87,2,24,12,1,10,0,2,0,0,0,0,0,0,0,0,0,0,0,0,0,0,,,,,
Kyle Juszczyk,RB,SF,15,ATL,0,0,0,0,0,6,1,1,1,6,0,1,0,0,0,0,0,0,0,0,0,0,,,,,
Kyle Pitts,TE,ATL,15,SF,0,0,0,0,0,0,0,0,4,77,0,7,0,0,0,0,0,0,0,0,0,0,,,,,
Kyle Rudolph,TE,NYG,15,DAL,0,0,0,0,0,0,0,0,1,9,0,1,0,0,0,0,0,0,0,0,0,0,,,,,
Kyler Murray,QB,ARI,15,DET,257,1,41,23,1,3,0,4,0,0,0,0,0,0,0,0,0,0,0,0,0,0,,,,,
LA,DEF,LA,15,SEA,,,,,,,,,,,,,,,,,,,,,,,0,0,0,0,10.0
LAC,DEF,LAC,15,KC,,,,,,,,,,,,,,,,,,,,,,,0,0,0,0,34.0
LV,DEF,LV,15,CLE,,,,,,,,,,,,,,,,,,,,,,,0,0,0,0,14.0
Landen Akers,WR,LA,15,SEA,0,0,0,0,0,0,0,0,0,0,0,0,0,0,0,0,0,0,0,0,0,0,,,,,
Laquon Treadwell,WR,JAX,15,HOU,0,0,0,0,0,0,0,0,6,57,0,9,0,0,0,0,0,0,0,0,0,0,,,,,
Latavius Murray,RB,BAL,15,GB,0,0,0,0,0,48,0,7,1,3,0,3,0,0,0,0,0,0,0,0,0,0,,,,,
Laviska Shenault Jr.,WR,JAX,15,HOU,0,0,0,0,0,10,0,1,4,39,0,7,0,0,0,0,0,0,0,0,0,0,,,,,
Lee Smith,TE,ATL,15,SF,0,0,0,0,0,0,0,0,0,0,0,1,0,0,0,0,0,0,0,0,0,0,,,,,
Leonard Fournette,RB,TB,15,NO,0,0,0,0,0,34,0,9,7,33,0,7,0,0,0,0,0,0,0,0,0,0,,,,,
Luke Stocker,TE,MIN,15,CHI,0,0,0,0,0,0,0,0,0,0,0,0,0,0,0,0,0,0,0,0,0,0,,,,,
MIA,DEF,MIA,15,NYJ,,,,,,,,,,,,,,,,,,,,,,,0,0,0,0,24.0
MIN,DEF,MIN,15,CHI,,,,,,,,,,,,,,,,,,,,,,,0,0,0,0,9.0
Mac Jones,QB,NE,15,IND,299,2,45,26,2,12,0,1,0,0,0,0,0,0,0,0,0,0,0,0,0,0,,,,,
Mack Hollins,WR,MIA,15,NYJ,0,0,0,0,0,0,0,0,0,0,0,1,0,0,0,0,0,0,0,0,0,0,,,,,
Malik Taylor,WR,GB,15,BAL,0,0,0,0,0,0,0,0,0,0,0,0,0,0,0,0,0,0,0,0,0,0,,,,,
Malik Turner,WR,DAL,15,NYG,0,0,0,0,0,0,0,0,1,6,0,1,0,0,0,0,0,0,0,0,0,0,,,,,
Marcedes Lewis,TE,GB,15,BAL,0,0,0,0,0,0,0,0,3,40,0,3,0,0,0,0,0,0,0,0,0,0,,,,,
Marcus Mariota,QB,LV,15,CLE,0,0,0,0,0,3,0,1,0,0,0,0,0,0,0,0,0,0,0,0,0,0,,,,,
Mark Andrews,TE,BAL,15,GB,0,0,0,0,0,0,0,0,10,136,2,13,0,0,0,0,0,0,0,0,0,0,,,,,
Mark Ingram,RB,NO,15,TB,0,0,0,0,0,10,0,9,2,8,0,2,0,0,0,0,0,0,0,0,0,0,,,,,
Marquez Callaway,WR,NO,15,TB,0,0,0,0,0,0,0,0,6,112,0,9,0,0,0,0,0,0,0,0,0,0,,,,,
Marquez Stevenson,WR,BUF,15,CAR,0,0,0,0,0,0,0,0,0,0,0,0,0,0,0,0,0,0,0,0,0,0,,,,,
Marquez Valdes-Scantling,WR,GB,15,BAL,0,0,0,0,0,0,0,0,5,98,1,7,0,0,0,0,0,0,0,0,0,0,,,,,
Marquise Brown,WR,BAL,15,GB,0,0,0,0,0,0,0,0,10,43,0,14,0,0,0,0,0,0,0,0,0,0,,,,,
Marvin Jones,WR,JAX,15,HOU,0,0,0,0,0,0,0,0,2,14,0,4,0,0,0,0,0,0,0,0,0,0,,,,,
Mason Crosby,K,GB,15,BAL,0,0,0,0,0,0,0,0,0,0,0,0,0,0,0,0,1,0,0,0,0,4,,,,,
Matt Breida,RB,BUF,15,CAR,0,0,0,0,0,1,0,1,0,0,0,0,0,0,0,0,0,0,0,0,0,0,,,,,
Matt Gay,K,LA,15,SEA,0,0,0,0,0,0,0,0,0,0,0,0,0,0,0,0,0,1,0,1,0,2,,,,,
Matt Prater,K,ARI,15,DET,0,0,0,0,0,0,0,0,0,0,0,0,0,0,0,0,2,0,0,0,0,0,,,,,
Matt Ryan,QB,ATL,15,SF,236,1,32,19,0,20,0,5,0,0,0,0,0,0,0,0,0,0,0,0,0,0,,,,,
Matthew Stafford,QB,LA,15,SEA,244,2,29,21,1,-3,0,3,0,0,0,0,0,0,0,0,0,0,0,0,0,0,,,,,
Matthew Wright,K,JAX,15,HOU,0,0,0,0,0,0,0,0,0,0,0,0,0,0,0,0,1,2,0,0,0,1,,,,,
Mecole Hardman,WR,KC,15,LAC,0,0,0,0,0,0,0,1,2,11,0,4,0,0,0,0,0,0,0,0,0,0,,,,,
Melvin Gordon,RB,DEN,15,CIN,0,0,0,0,0,53,0,15,1,8,0,1,0,0,0,0,0,0,0,0,0,0,,,,,
Michael Carter,RB,NYJ,15,MIA,0,0,0,0,0,18,0,8,1,2,0,2,0,0,0,0,0,0,0,0,0,0,,,,,
Michael Gallup,WR,DAL,15,NYG,0,0,0,0,0,0,0,0,3,32,0,5,0,0,0,0,0,0,0,0,0,0,,,,,
Michael Pittman,WR,IND,15,NE,0,0,0,0,0,0,0,0,1,7,0,5,0,0,0,0,0,0,0,0,0,0,,,,,
Mike Badgley,K,IND,15,NE,0,0,0,0,0,0,0,0,0,0,0,0,0,0,0,0,1,0,1,0,0,3,,,,,
Mike Davis,RB,ATL,15,SF,0,0,0,0,0,21,0,6,0,0,0,1,0,0,0,0,0,0,0,0,0,0,,,,,
Mike Evans,WR,TB,15,NO,0,0,0,0,0,0,0,0,1,14,0,1,0,0,0,0,0,0,0,0,0,0,,,,,
Mike Gesicki,TE,MIA,15,NYJ,0,0,0,0,0,0,0,0,5,43,0,8,0,0,0,0,0,0,0,0,0,0,,,,,
Mike Glennon,QB,NYG,15,DAL,99,0,24,13,3,0,0,1,0,0,0,0,0,0,0,0,0,0,0,0,0,0,,,,,
Mike Williams,WR,LAC,15,KC,0,0,0,0,0,0,0,0,3,49,0,9,0,0,0,0,0,0,0,0,0,0,,,,,
Miles Sanders,RB,PHI,15,WAS,0,0,0,0,0,131,0,18,2,15,0,2,0,0,0,0,0,0,0,0,0,0,,,,,
Miller Forristall,TE,CLE,15,LV,0,0,0,0,0,0,0,0,0,0,0,0,0,0,0,0,0,0,0,0,0,0,,,,,
Mitchell Wilcox,TE,CIN,15,DEN,0,0,0,0,0,0,0,0,0,0,0,0,0,0,0,0,0,0,0,0,0,0,,,,,
Mo Alie-Cox,TE,IND,15,NE,0,0,0,0,0,0,0,0,0,0,0,1,0,0,0,0,0,0,0,0,0,0,,,,,
MyCole Pruitt,TE,TEN,15,PIT,0,0,0,0,0,0,0,0,1,1,0,1,0,0,0,0,0,0,0,0,0,0,,,,,
Myles Gaskin,RB,MIA,15,NYJ,0,0,0,0,0,54,0,10,0,0,0,0,0,0,0,0,0,0,0,0,0,0,,,,,
N'Keal Harry,TE,NE,15,IND,0,0,0,0,0,0,0,0,2,52,0,5,0,0,0,0,0,0,0,0,0,0,,,,,
NE,DEF,NE,15,IND,,,,,,,,,,,,,,,,,,,,,,,0,0,0,0,27.0
NO,DEF,NO,15,TB,,,,,,,,,,,,,,,,,,,,,,,0,0,0,0,0.0
NYG,DEF,NYG,15,DAL,,,,,,,,,,,,,,,,,,,,,,,0,0,0,0,21.0
NYJ,DEF,NYJ,15,MIA,,,,,,,,,,,,,,,,,,,,,,,1,0,0,0,31.0
Najee Harris,RB,PIT,15,TEN,0,0,0,0,0,18,0,12,2,8,0,5,0,0,0,0,0,0,0,0,0,0,,,,,
Nelson Agholor,WR,NE,15,IND,0,0,0,0,0,0,0,0,4,34,0,6,0,0,0,0,0,0,0,0,0,0,,,,,
Nick Chubb,RB,CLE,15,LV,0,0,0,0,0,91,1,23,1,2,0,1,0,0,0,0,0,0,0,0,0,0,,,,,
Nick Folk,K,NE,15,IND,0,0,0,0,0,0,0,0,0,0,0,0,0,0,0,0,1,0,0,0,0,2,,,,,
Nick Mullens,QB,CLE,15,LV,147,1,30,20,0,0,0,0,0,0,0,0,0,0,0,0,0,0,0,0,0,0,,,,,
Nick Vannett,TE,NO,15,TB,0,0,0,0,0,0,0,0,0,0,0,1,0,0,0,0,0,0,0,0,0,0,,,,,
Nick Westbrook-Ikhine,WR,TEN,15,PIT,0,0,0,0,0,0,0,0,4,32,0,7,0,0,0,0,0,0,0,0,0,0,,,,,
Nico Collins,WR,HOU,15,JAX,0,0,0,0,0,0,0,0,2,14,0,4,0,0,0,0,0,0,0,0,0,0,,,,,
Noah Fant,TE,DEN,15,CIN,0,0,0,0,0,0,0,0,5,57,0,6,0,0,0,0,0,0,0,0,0,0,,,,,
Nsimba Webster,WR,CHI,15,MIN,0,0,0,0,0,0,0,0,0,0,0,0,0,0,0,0,0,0,0,0,0,0,,,,,
Nyheim Hines,RB,IND,15,NE,0,0,0,0,0,0,0,0,1,8,1,2,0,0,0,0,0,0,0,0,0,0,,,,,
O.J. Howard,TE,TB,15,NO,0,0,0,0,0,0,0,0,0,0,0,1,0,0,0,0,0,0,0,0,0,0,,,,,
Odell Beckham Jr.,WR,LA,15,SEA,0,0,0,0,0,0,0,0,1,7,0,3,0,0,0,0,0,0,0,0,0,0,,,,,
Olamide Zaccheaus,WR,ATL,15,SF,0,0,0,0,0,0,0,0,2,53,0,2,0,0,0,0,0,0,0,0,0,0,,,,,
PHI,DEF,PHI,15,WAS,,,,,,,,,,,,,,,,,,,,,,,0,0,0,0,17.0
PIT,DEF,PIT,15,TEN,,,,,,,,,,,,,,,,,,,,,,,0,0,0,0,13.0
Pat Freiermuth,TE,PIT,15,TEN,0,0,0,0,0,0,0,0,4,37,0,4,0,0,0,0,0,0,0,0,0,0,,,,,
Patrick Mahomes,QB,KC,15,LAC,410,3,47,31,1,32,0,3,0,0,0,0,0,0,1,0,0,0,0,0,0,0,,,,,
Peyton Barber,RB,LV,15,CLE,0,0,0,0,0,34,0,5,1,12,0,1,0,0,0,0,0,0,0,0,0,0,,,,,
Pharaoh Brown,TE,HOU,15,JAX,0,0,0,0,0,0,0,0,2,5,0,2,0,0,0,0,0,0,0,0,0,0,,,,,
Pharoh Cooper,WR,NYG,15,DAL,0,0,0,0,0,0,0,0,0,0,0,2,0,0,0,0,0,0,0,0,0,0,,,,,
Phillip Dorsett,WR,HOU,15,JAX,0,0,0,0,0,0,0,0,2,43,0,3,0,0,0,0,0,0,0,0,0,0,,,,,
Qadree Ollison,RB,ATL,15,SF,0,0,0,0,0,3,0,1,1,4,0,1,0,0,0,0,0,0,0,0,0,0,,,,,
Quez Watkins,WR,PHI,15,WAS,0,0,0,0,0,0,0,0,2,14,0,2,0,0,0,0,0,0,0,0,0,0,,,,,
Racey McMath,WR,TEN,15,PIT,0,0,0,0,0,0,0,0,1,-1,0,1,0,0,0,0,0,0,0,0,0,0,,,,,
Randy Bullock,K,TEN,15,PIT,0,0,0,0,0,0,0,0,0,0,0,0,0,0,0,0,1,1,0,0,0,1,,,,,
Rashaad Penny,RB,SEA,15,LA,0,0,0,0,0,39,0,11,2,5,0,2,0,0,0,0,0,0,0,0,0,0,,,,,
Rashard Higgins,WR,CLE,15,LV,0,0,0,0,0,0,0,0,3,24,0,5,0,0,0,0,0,0,0,0,0,0,,,,,
Rashod Bateman,WR,BAL,15,GB,0,0,0,0,0,0,0,0,1,5,0,2,0,0,0,0,0,0,0,0,0,0,,,,,
Ray-Ray McCloud,WR,PIT,15,TEN,0,0,0,0,0,0,0,0,1,0,0,3,0,0,0,0,0,0,0,0,0,0,,,,,
Rex Burkhead,RB,HOU,15,JAX,0,0,0,0,0,41,0,16,1,6,0,3,0,0,0,0,0,0,0,0,0,0,,,,,
Rhamondre Stevenson,RB,NE,15,IND,0,0,0,0,0,36,0,10,1,4,0,1,0,0,0,0,0,0,0,0,0,0,,,,,
Ricky Seals-Jones,TE,WAS,15,PHI,0,0,0,0,0,0,0,0,4,29,0,7,0,0,0,0,0,0,0,0,0,0,,,,,
Riley Patterson,K,DET,15,ARI,0,0,0,0,0,0,0,0,0,0,0,0,0,0,0,0,0,1,2,0,0,3,,,,,
River Cracraft,WR,SF,15,ATL,0,0,0,0,0,0,0,0,0,0,0,0,0,0,0,0,0,0,0,0,0,0,,,,,
Rob Gronkowski,TE,TB,15,NO,0,0,0,0,0,0,0,0,2,29,0,11,0,0,0,0,0,0,0,0,0,0,,,,,
Robbie Chosen,WR,CAR,15,BUF,0,0,0,0,0,33,0,2,3,29,0,8,0,0,0,0,0,0,0,0,0,0,,,,,
Robbie Gould,K,SF,15,ATL,0,0,0,0,0,0,0,0,0,0,0,0,0,0,0,0,0,1,0,0,0,4,,,,,
Ronald Jones,RB,TB,15,NO,0,0,0,0,0,63,0,8,2,8,0,2,0,0,0,0,0,0,0,0,0,0,,,,,
Rondale Moore,WR,ARI,15,DET,0,0,0,0,0,1,0,1,3,9,0,3,0,0,0,0,0,0,0,0,0,0,,,,,
Royce Freeman,RB,HOU,15,JAX,0,0,0,0,0,8,0,3,0,0,0,0,0,0,0,0,0,0,0,0,0,0,,,,,
Russell Gage,WR,ATL,15,SF,0,0,0,0,0,0,0,0,8,91,1,12,0,0,0,0,0,0,0,0,0,0,,,,,
Russell Wilson,QB,SEA,15,LA,156,0,31,17,1,0,0,0,0,0,0,0,0,0,0,0,0,0,0,0,0,0,,,,,
Ryan Griffin,TE,NYJ,15,MIA,0,0,0,0,0,0,0,0,2,39,0,2,0,0,0,0,0,0,0,0,0,0,,,,,
Ryan Succop,K,TB,15,NO,0,0,0,0,0,0,0,0,0,0,0,0,0,0,0,0,0,0,0,0,0,0,,,,,
Ryan Tannehill,QB,TEN,15,PIT,153,0,32,23,1,18,1,5,0,0,0,0,0,0,0,0,0,0,0,0,0,0,,,,,
SEA,DEF,SEA,15,LA,,,,,,,,,,,,,,,,,,,,,,,0,0,0,0,20.0
SF,DEF,SF,15,ATL,,,,,,,,,,,,,,,,,,,,,,,0,0,0,0,13.0
Samaje Perine,RB,CIN,15,DEN,0,0,0,0,0,30,0,4,2,13,0,2,0,0,0,0,0,0,0,0,0,0,,,,,
Saquon Barkley,RB,NYG,15,DAL,0,0,0,0,0,50,0,15,4,24,0,8,0,0,0,0,0,0,0,0,0,0,,,,,
Scott Miller,WR,TB,15,NO,0,0,0,0,0,0,0,0,2,18,0,3,0,0,0,0,0,0,0,0,0,0,,,,,
Shane Zylstra,TE,DET,15,ARI,0,0,0,0,0,0,0,0,1,16,0,1,0,0,0,0,0,0,0,0,0,0,,,,,
Sony Michel,RB,LA,15,SEA,0,0,0,0,0,92,0,18,2,23,0,2,0,0,0,0,0,0,0,0,0,0,,,,,
Stefon Diggs,WR,BUF,15,CAR,0,0,0,0,0,0,0,0,4,35,1,7,0,0,0,0,0,0,0,0,0,0,,,,,
Stephen Anderson,TE,LAC,15,KC,0,0,0,0,0,0,0,0,1,12,0,1,0,0,0,0,0,0,0,0,0,0,,,,,
Sterling Shepard,WR,NYG,15,DAL,0,0,0,0,0,0,0,0,2,15,0,6,0,0,0,0,0,0,0,0,0,0,,,,,
Sutton Smith,RB,LV,15,CLE,0,0,0,0,0,0,0,0,0,0,0,0,0,0,0,0,0,0,0,0,0,0,,,,,
T.Y. Hilton,WR,IND,15,NE,0,0,0,0,0,0,0,0,1,19,0,1,0,0,0,0,0,0,0,0,0,0,,,,,
TB,DEF,TB,15,NO,,,,,,,,,,,,,,,,,,,,,,,0,0,0,0,9.0
TEN,DEF,TEN,15,PIT,,,,,,,,,,,,,,,,,,,,,,,0,0,0,0,19.0
Tajae Sharpe,WR,ATL,15,SF,0,0,0,0,0,0,0,0,0,0,0,1,0,0,0,0,0,0,0,0,0,0,,,,,
Tavon Austin,WR,JAX,15,HOU,0,0,0,0,0,0,0,0,1,11,0,3,0,0,0,0,0,0,0,0,0,0,,,,,
Taysom Hill,TE,NO,15,TB,154,0,27,13,0,33,0,11,0,0,0,0,0,0,0,0,0,0,0,0,0,0,,,,,
Teddy Bridgewater,QB,DEN,15,CIN,98,0,22,12,0,10,0,3,0,0,0,0,0,0,0,0,0,0,0,0,0,0,,,,,
Tee Higgins,WR,CIN,15,DEN,0,0,0,0,0,0,0,0,2,23,0,3,0,0,0,0,0,0,0,0,0,0,,,,,
Terrace Marshall Jr.,WR,CAR,15,BUF,0,0,0,0,0,0,0,0,0,0,0,1,0,0,0,0,0,0,0,0,0,0,,,,,
Terry McLaurin,WR,WAS,15,PHI,0,0,0,0,0,0,0,0,2,51,0,4,0,0,0,0,0,0,0,0,0,0,,,,,
Tevin Coleman,RB,NYJ,15,MIA,0,0,0,0,0,50,0,8,0,0,0,0,0,0,0,0,0,0,0,0,0,0,,,,,
Tim Patrick,WR,DEN,15,CIN,0,0,0,0,0,0,0,0,3,42,1,5,0,0,0,0,0,0,0,0,0,0,,,,,
Tom Brady,QB,TB,15,NO,214,0,48,26,1,2,0,1,0,0,0,0,0,0,0,0,0,0,0,0,0,0,,,,,
Tommy Sweeney,TE,BUF,15,CAR,0,0,0,0,0,0,0,0,0,0,0,1,0,0,0,0,0,0,0,0,0,0,,,,,
Tommy Tremble,TE,CAR,15,BUF,0,0,0,0,0,0,0,0,1,8,0,4,0,0,0,0,0,0,0,0,0,0,,,,,
Tommylee Lewis,WR,MIA,15,NYJ,0,0,0,0,0,0,0,0,0,0,0,0,0,0,0,0,0,0,0,0,0,0,,,,,
Tony Pollard,RB,DAL,15,NYG,0,0,0,0,0,74,0,12,3,13,0,3,0,0,0,0,0,0,0,0,0,0,,,,,
Travis Kelce,TE,KC,15,LAC,0,0,0,0,0,0,0,0,10,191,2,13,0,0,0,0,0,0,0,0,0,0,,,,,
Tre' McKitty,TE,LAC,15,KC,0,0,0,0,0,0,0,0,1,4,0,1,0,0,0,0,0,0,0,0,0,0,,,,,
Tre'Quan Smith,WR,NO,15,TB,0,0,0,0,0,0,0,0,2,17,0,3,0,0,0,0,0,0,0,0,0,0,,,,,
Trent Sherfield,WR,SF,15,ATL,0,0,0,0,0,0,0,0,0,0,0,1,0,0,0,0,0,0,0,0,0,0,,,,,
Trent Taylor,WR,CIN,15,DEN,0,0,0,0,0,0,0,0,0,0,0,0,0,0,0,0,0,0,0,0,0,0,,,,,
Trevon Wesco,TE,NYJ,15,MIA,0,0,0,0,0,0,0,0,1,19,0,1,0,0,0,0,0,0,0,0,0,0,,,,,
Trevor Lawrence,QB,JAX,15,HOU,210,0,38,22,0,21,0,5,0,0,0,0,0,0,0,0,0,0,0,0,0,0,,,,,
Tua Tagovailoa,QB,MIA,15,NYJ,196,2,27,16,2,19,0,7,0,0,0,0,0,0,0,0,0,0,0,0,0,0,,,,,
Ty Montgomery,WR,NO,15,TB,0,0,0,0,0,0,0,0,0,0,0,2,0,0,0,0,0,0,0,0,0,0,,,,,
Tylan Wallace,WR,BAL,15,GB,0,0,0,0,0,0,0,0,1,5,0,2,0,0,0,0,0,0,0,0,0,0,,,,,
Tyler Bass,K,BUF,15,CAR,0,0,0,0,0,0,0,0,0,0,0,0,0,0,0,0,1,0,0,0,0,4,,,,,
Tyler Boyd,WR,CIN,15,DEN,0,0,0,0,0,0,0,0,5,96,1,6,0,0,0,0,0,0,0,0,0,0,,,,,
Tyler Conklin,TE,MIN,15,CHI,0,0,0,0,0,0,0,0,1,7,0,3,0,0,0,0,0,0,0,0,0,0,,,,,
Tyler Davis,TE,GB,15,BAL,0,0,0,0,0,0,0,0,1,22,0,1,0,0,0,0,0,0,0,0,0,0,,,,,
Tyler Huntley,QB,BAL,15,GB,215,2,40,28,0,73,2,13,0,0,0,0,0,0,0,0,0,0,0,0,0,0,,,,,
Tyler Johnson,WR,TB,15,NO,0,0,0,0,0,0,0,0,4,41,0,7,0,0,0,0,0,0,0,0,0,0,,,,,
Tyler Kroft,TE,NYJ,15,MIA,0,0,0,0,0,0,0,0,2,35,0,2,0,0,0,0,0,0,0,0,0,0,,,,,
Tyreek Hill,WR,KC,15,LAC,0,0,0,0,0,0,0,0,12,148,1,13,0,0,0,0,0,0,0,0,0,0,,,,,
Van Jefferson,WR,LA,15,SEA,0,0,0,0,0,10,0,1,2,23,0,2,0,0,0,0,0,0,0,0,0,0,,,,,
WAS,DEF,WAS,15,PHI,,,,,,,,,,,,,,,,,,,,,,,0,0,0,0,27.0
Will Dissly,TE,SEA,15,LA,0,0,0,0,0,0,0,0,1,3,0,1,0,0,0,0,0,0,0,0,0,0,,,,,
Willie Snead,WR,CAR,15,BUF,0,0,0,0,0,0,0,0,0,0,0,1,0,0,0,0,0,0,0,0,0,0,,,,,
Younghoe Koo,K,ATL,15,SF,0,0,0,0,0,0,0,0,0,0,0,0,0,0,0,0,1,0,1,0,0,1,,,,,
Zach Ertz,TE,ARI,15,DET,0,0,0,0,0,0,0,0,6,74,0,11,0,0,0,0,0,0,0,0,0,0,,,,,
Zach Gentry,TE,PIT,15,TEN,0,0,0,0,0,0,0,0,1,17,0,1,0,0,0,0,0,0,0,0,0,0,,,,,
Zach Pascal,WR,IND,15,NE,0,0,0,0,0,0,0,0,1,23,0,2,0,0,0,0,0,0,0,0,0,0,,,,,
Zach Wilson,QB,NYJ,15,MIA,170,0,23,13,0,12,1,4,0,0,0,1,0,0,0,0,0,0,0,0,0,0,,,,,
Zay Jones,WR,LV,15,CLE,0,0,0,0,0,0,0,0,6,67,0,9,0,0,0,0,0,0,0,0,0,0,,,,,
A.J. Brown,WR,TEN,16,SF,0,0,1,0,0,0,0,0,11,145,1,16,0,0,0,0,0,0,0,0,0,0,,,,,
A.J. Green,WR,ARI,16,IND,0,0,0,0,0,0,0,0,1,33,0,3,0,0,0,0,0,0,0,0,0,0,,,,,
AJ Dillon,RB,GB,16,CLE,0,0,0,0,0,41,0,9,3,15,0,3,0,0,0,0,0,0,0,0,0,0,,,,,
ARI,DEF,ARI,16,IND,,,,,,,,,,,,,,,,,,,,,,,0,0,0,0,22.0
ATL,DEF,ATL,16,DET,,,,,,,,,,,,,,,,,,,,,,,0,0,0,0,16.0
Aaron Jones,RB,GB,16,CLE,0,0,0,0,0,66,0,12,5,21,0,6,0,0,0,0,0,0,0,0,0,0,,,,,
Aaron Rodgers,QB,GB,16,CLE,202,3,34,24,0,-1,0,1,0,0,0,0,0,0,0,0,0,0,0,0,0,0,,,,,
Adam Humphries,WR,WAS,16,DAL,0,0,0,0,0,0,0,0,2,4,0,6,0,0,0,0,0,0,0,0,0,0,,,,,
Adam Thielen,WR,MIN,16,LA,0,0,0,0,0,0,0,0,3,40,0,3,0,0,0,0,0,0,0,0,0,0,,,,,
Albert Okwuegbunam,TE,DEN,16,LV,0,0,0,0,0,0,0,0,0,0,0,2,0,0,0,0,0,0,0,0,0,0,,,,,
Alex Erickson,WR,CAR,16,TB,0,0,0,0,0,0,0,0,0,0,0,1,0,0,0,0,0,0,0,0,0,0,,,,,
Alexander Mattison,RB,MIN,16,LA,0,0,0,0,0,41,1,13,3,29,0,4,0,0,0,0,0,0,0,0,0,0,,,,,
Allen Lazard,WR,GB,16,CLE,0,0,0,0,0,13,0,1,2,45,1,5,0,0,0,0,0,0,0,0,0,0,,,,,
Alvin Kamara,RB,NO,16,MIA,0,0,0,0,0,52,0,13,2,7,0,4,0,0,0,0,0,0,0,0,0,0,,,,,
Amari Cooper,WR,DAL,16,WAS,0,0,0,0,0,0,0,0,7,85,1,11,0,0,0,0,0,0,0,0,0,0,,,,,
Amari Rodgers,WR,GB,16,CLE,0,0,0,0,0,0,0,0,0,0,0,0,0,0,0,0,0,0,0,0,0,0,,,,,
Ameer Abdullah,RB,CAR,16,TB,0,0,0,0,0,1,0,2,3,8,0,6,0,0,0,0,0,0,0,0,0,0,,,,,
Amon-Ra St. Brown,WR,DET,16,ATL,0,0,0,0,0,19,0,2,9,91,1,11,0,0,0,0,0,0,0,0,0,0,,,,,
Anthony Firkser,TE,TEN,16,SF,0,0,0,0,0,0,0,0,1,13,0,1,0,0,0,0,0,0,0,0,0,0,,,,,
Anthony Schwartz,WR,CLE,16,GB,0,0,0,0,0,24,0,2,1,5,1,1,0,0,0,0,0,0,0,0,0,0,,,,,
Antoine Wesley,WR,ARI,16,IND,0,0,0,0,0,0,0,0,2,29,1,4,0,0,0,0,0,0,0,0,0,0,,,,,
Antonio Brown,WR,TB,16,CAR,0,0,0,0,0,0,0,0,10,101,0,15,0,0,0,0,0,0,0,0,0,0,,,,,
Antonio Gibson,RB,WAS,16,DAL,0,0,0,0,0,29,0,6,2,29,1,4,0,0,0,0,0,0,0,0,0,0,,,,,
Ashton Dulin,WR,IND,16,ARI,0,0,0,0,0,0,0,0,1,23,0,2,0,0,0,0,0,0,0,0,0,0,,,,,
Austin Hooper,TE,CLE,16,GB,0,0,0,0,0,0,0,0,3,26,0,5,0,0,0,0,0,0,0,0,0,0,,,,,
Avery Williams,RB,ATL,16,DET,0,0,0,0,0,0,0,0,0,0,0,0,0,0,0,0,0,0,0,0,0,0,,,,,
BAL,DEF,BAL,16,CIN,,,,,,,,,,,,,,,,,,,,,,,0,0,0,0,41.0
BUF,DEF,BUF,16,NE,,,,,,,,,,,,,,,,,,,,,,,0,0,0,0,21.0
Baker Mayfield,QB,CLE,16,GB,222,2,36,21,4,11,0,2,0,0,0,0,0,0,0,0,0,0,0,0,0,0,,,,,
Ben Roethlisberger,QB,PIT,16,KC,159,1,35,23,1,0,0,0,0,0,0,0,0,0,0,0,0,0,0,0,0,0,,,,,
Ben Skowronek,WR,LA,16,MIN,0,0,0,0,0,0,0,0,0,0,0,0,0,0,0,0,0,0,0,0,0,0,,,,,
Benny Snell,RB,PIT,16,KC,0,0,0,0,0,20,0,5,1,6,0,1,0,0,0,0,0,0,0,0,0,0,,,,,
Blaine Gabbert,QB,TB,16,CAR,0,0,1,0,0,0,0,0,0,0,0,0,0,0,0,0,0,0,0,0,0,0,,,,,
Blake Bell,TE,KC,16,PIT,0,0,0,0,0,0,0,0,1,11,0,1,0,0,0,0,0,0,0,0,0,0,,,,,
Boston Scott,RB,PHI,16,NYG,0,0,0,0,0,41,1,12,0,0,0,0,0,0,0,0,0,0,0,0,0,0,,,,,
Brandon Aiyuk,WR,SF,16,TEN,0,0,0,0,0,0,0,0,4,40,1,5,0,0,0,0,0,0,0,0,0,0,,,,,
Brandon Bolden,RB,NE,16,BUF,0,0,0,0,0,4,0,2,2,20,0,5,0,0,0,0,0,0,0,0,0,0,,,,,
Brandon McManus,K,DEN,16,LV,0,0,0,0,0,0,0,0,0,0,0,0,0,0,0,0,0,0,1,1,0,1,,,,,
Brandon Powell,WR,LA,16,MIN,0,0,0,0,0,0,0,0,0,0,0,0,1,0,0,0,0,0,0,0,0,0,,,,,
Braxton Berrios,WR,NYJ,16,JAX,0,0,0,0,0,3,0,1,5,37,0,6,1,0,0,0,0,0,0,0,0,0,,,,,
Brett Maher,K,NO,16,MIA,0,0,0,0,0,0,0,0,0,0,0,0,0,0,0,0,0,1,0,0,0,0,,,,,
Brevin Jordan,TE,HOU,16,LAC,0,0,0,0,0,0,0,0,4,56,0,4,0,0,0,0,0,0,0,0,0,0,,,,,
Brock Wright,TE,DET,16,ATL,0,0,0,0,0,0,0,0,3,4,0,3,0,0,0,0,0,0,0,0,0,0,,,,,
Byron Pringle,WR,KC,16,PIT,0,0,0,0,0,0,0,0,6,75,2,7,0,0,0,0,0,0,0,0,0,0,,,,,
C.J. Uzomah,TE,CIN,16,BAL,0,0,0,0,0,0,0,0,5,36,0,7,0,0,0,0,0,0,0,0,0,0,,,,,
CAR,DEF,CAR,16,TB,,,,,,,,,,,,,,,,,,,,,,,0,0,0,0,32.0
CHI,DEF,CHI,16,SEA,,,,,,,,,,,,,,,,,,,,,,,0,0,0,0,24.0
CIN,DEF,CIN,16,BAL,,,,,,,,,,,,,,,,,,,,,,,0,0,0,0,21.0
CLE,DEF,CLE,16,GB,,,,,,,,,,,,,,,,,,,,,,,0,0,0,0,24.0
Cairo Santos,K,CHI,16,SEA,0,0,0,0,0,0,0,0,0,0,0,0,0,0,0,0,0,1,0,0,0,2,,,,,
Cam Newton,QB,CAR,16,TB,61,0,13,7,1,42,0,5,0,0,0,0,0,0,0,0,0,0,0,0,0,0,,,,,
Cam Sims,WR,WAS,16,DAL,0,0,0,0,0,0,0,0,0,0,0,3,0,0,0,0,0,0,0,0,0,0,,,,,
Cameron Brate,TE,TB,16,CAR,0,0,0,0,0,0,0,0,2,11,1,4,0,0,0,0,0,0,0,0,0,0,,,,,
Carson Wentz,QB,IND,16,ARI,225,2,28,18,0,4,0,2,0,0,0,0,0,0,0,0,0,0,0,0,0,0,,,,,
Cedrick Wilson Jr.,WR,DAL,16,WAS,0,0,0,0,0,0,0,0,2,10,0,3,0,0,0,0,0,0,0,0,0,0,,,,,
CeeDee Lamb,WR,DAL,16,WAS,0,0,0,0,0,-2,0,1,4,66,0,5,0,0,0,0,0,0,0,0,0,0,,,,,
Chad Henne,QB,KC,16,PIT,0,0,0,0,0,0,0,2,0,0,0,0,0,0,0,0,0,0,0,0,0,0,,,,,
Chase Claypool,WR,PIT,16,KC,0,0,0,0,0,0,0,0,4,41,0,6,0,0,0,0,0,0,0,0,0,0,,,,,
Chase Edmonds,RB,ARI,16,IND,0,0,0,0,0,56,1,16,8,71,0,9,0,0,0,0,0,0,0,0,0,0,,,,,
Chester Rogers,WR,TEN,16,SF,0,0,0,0,0,0,0,0,1,3,0,1,0,0,0,0,0,0,0,0,0,0,,,,,
Chris Boswell,K,PIT,16,KC,0,0,0,0,0,0,0,0,0,0,0,0,0,0,0,0,0,1,0,0,0,1,,,,,
Chris Conley,WR,HOU,16,LAC,0,0,0,0,0,0,0,0,3,60,1,3,0,0,0,0,0,0,0,0,0,0,,,,,
Chris Evans,RB,CIN,16,BAL,0,0,0,0,0,1,0,1,0,0,0,1,0,0,0,0,0,0,0,0,0,0,,,,,
Chris Moore,WR,HOU,16,LAC,0,0,0,0,0,0,0,0,4,40,0,4,0,0,0,0,0,0,0,0,0,0,,,,,
Chris Myarick,TE,NYG,16,PHI,0,0,0,0,0,0,0,0,1,6,0,2,0,0,0,0,0,0,0,0,0,0,,,,,
Chris Naggar,K,CLE,16,GB,0,0,0,0,0,0,0,0,0,0,0,0,0,0,0,0,0,1,0,0,0,1,,,,,
Christian Blake,WR,ATL,16,DET,0,0,0,0,0,0,0,0,1,5,0,1,0,0,0,0,0,0,0,0,0,0,,,,,
Christian Kirk,WR,ARI,16,IND,0,0,0,0,0,0,0,0,7,48,0,9,0,0,0,0,0,0,0,0,0,0,,,,,
Chuba Hubbard,RB,CAR,16,TB,0,0,0,0,0,9,0,6,0,0,0,1,0,0,0,0,0,0,0,0,0,0,,,,,
Clyde Edwards-Helaire,RB,KC,16,PIT,0,0,0,0,0,27,1,9,1,4,0,1,0,0,0,0,0,0,0,0,0,0,,,,,
Cody White,WR,PIT,16,KC,0,0,0,0,0,0,0,0,3,16,0,3,0,0,0,0,0,0,0,0,0,0,,,,,
Colby Parkinson,TE,SEA,16,CHI,0,0,0,0,0,0,0,0,0,0,0,1,0,0,0,0,0,0,0,0,0,0,,,,,
Cole Kmet,TE,CHI,16,SEA,0,0,0,0,0,0,0,0,4,49,0,5,0,0,0,0,0,0,0,0,0,0,,,,,
Cooper Kupp,WR,LA,16,MIN,0,0,0,0,0,4,0,1,10,109,0,13,0,0,0,0,0,0,0,0,0,0,,,,,
Cooper Rush,QB,DAL,16,WAS,70,1,3,2,0,0,0,2,0,0,0,0,0,0,0,0,0,0,0,0,0,0,,,,,
Cordarrelle Patterson,RB,ATL,16,DET,0,0,0,0,0,14,1,7,1,-1,0,2,0,0,0,0,0,0,0,0,0,0,,,,,
Corey Clement,RB,DAL,16,WAS,0,0,0,0,0,18,0,4,0,0,0,0,0,0,0,0,0,0,0,0,0,0,,,,,
Courtland Sutton,WR,DEN,16,LV,0,0,0,0,0,0,0,0,4,33,0,5,0,0,0,0,0,0,0,0,0,0,,,,,
Craig Reynolds,RB,DET,16,ATL,0,0,0,0,0,29,0,11,3,22,0,4,0,0,0,0,0,0,0,0,0,0,,,,,
Cyril Grayson,WR,TB,16,CAR,0,0,0,0,0,14,0,1,3,81,0,3,0,0,0,0,0,0,0,0,0,0,,,,,
D'Ernest Johnson,RB,CLE,16,GB,0,0,0,0,0,58,0,4,1,8,0,2,0,0,0,0,0,0,0,0,0,0,,,,,
D'Onta Foreman,RB,TEN,16,SF,0,0,0,0,0,17,1,9,0,0,0,0,0,0,0,0,0,0,0,0,0,0,,,,,
D.J. Montgomery,WR,NYJ,16,JAX,0,0,0,0,0,0,0,0,0,0,0,0,0,0,0,0,0,0,0,0,0,0,,,,,
DAL,DEF,DAL,16,WAS,,,,,,,,,,,,,,,,,,,,,,,1,0,0,0,14.0
DEN,DEF,DEN,16,LV,,,,,,,,,,,,,,,,,,,,,,,0,0,0,0,17.0
DET,DEF,DET,16,ATL,,,,,,,,,,,,,,,,,,,,,,,0,0,0,0,20.0
DJ Moore,WR,CAR,16,TB,0,0,0,0,0,0,0,0,5,55,0,12,0,0,0,0,0,0,0,0,0,0,,,,,
DK Metcalf,WR,SEA,16,CHI,0,0,0,0,0,0,0,0,2,41,1,5,0,0,0,0,0,0,0,0,0,0,,,,,
Dak Prescott,QB,DAL,16,WAS,330,4,39,28,0,21,0,4,0,0,0,0,0,0,0,0,0,0,0,0,0,0,,,,,
Dallas Goedert,TE,PHI,16,NYG,0,0,0,0,0,0,0,0,2,28,0,4,0,0,0,0,0,0,0,0,0,0,,,,,
Dalton Schultz,TE,DAL,16,WAS,0,0,0,0,0,0,0,0,8,82,1,9,0,0,0,0,0,0,0,0,0,0,,,,,
Damien Harris,RB,NE,16,BUF,0,0,0,0,0,103,3,18,0,0,0,1,0,0,0,0,0,0,0,0,0,0,,,,,
Damien Williams,RB,CHI,16,SEA,0,0,0,0,0,12,0,1,1,2,0,2,0,0,0,0,0,0,0,0,0,0,,,,,
Damiere Byrd,WR,CHI,16,SEA,0,0,0,0,0,0,0,0,1,11,0,3,0,0,1,0,0,0,0,0,0,0,,,,,
Daniel Carlson,K,LV,16,DEN,0,0,0,0,0,0,0,0,0,0,0,0,0,0,0,0,0,0,1,0,0,2,,,,,
Dare Ogunbowale,RB,JAX,16,NYJ,0,0,0,0,0,57,1,17,2,15,0,4,0,0,0,0,0,0,0,0,0,0,,,,,
Darius Slayton,WR,NYG,16,PHI,0,0,0,0,0,0,0,0,1,7,0,5,0,0,0,0,0,0,0,0,0,0,,,,,
Darnell Mooney,WR,CHI,16,SEA,0,0,0,0,0,2,0,2,5,57,0,9,0,0,0,0,0,0,0,0,0,0,,,,,
Darrel Williams,RB,KC,16,PIT,0,0,0,0,0,55,0,11,3,30,0,3,0,0,0,0,0,0,0,0,0,0,,,,,
Darrell Henderson,RB,LA,16,MIN,0,0,0,0,0,17,0,1,0,0,0,0,0,0,0,0,0,0,0,0,0,0,,,,,
Davante Adams,WR,GB,16,CLE,0,0,0,0,0,0,0,0,10,114,2,13,0,0,0,0,0,0,0,0,0,0,,,,,
David Montgomery,RB,CHI,16,SEA,0,0,0,0,0,45,1,21,7,61,0,9,0,0,0,0,0,0,0,0,0,0,,,,,
David Njoku,TE,CLE,16,GB,0,0,0,0,0,0,0,0,0,0,0,2,0,0,0,0,0,0,0,0,0,0,,,,,
David Sills,WR,NYG,16,PHI,0,0,0,0,0,0,0,0,1,5,0,1,0,0,0,0,0,0,0,0,0,0,,,,,
Davis Mills,QB,HOU,16,LAC,254,2,27,21,0,-1,0,1,0,0,0,0,0,0,0,0,0,0,0,0,0,0,,,,,
Dawson Knox,TE,BUF,16,NE,0,0,0,0,0,0,0,0,2,11,1,3,0,0,0,0,0,0,0,0,0,0,,,,,
Dax Milne,WR,WAS,16,DAL,0,0,0,0,0,0,0,0,1,14,0,1,0,0,0,0,0,0,0,0,0,0,,,,,
Dazz Newsome,WR,CHI,16,SEA,0,0,0,0,0,0,0,0,1,10,0,2,0,0,0,0,0,0,0,0,0,0,,,,,
DeAndre Carter,WR,WAS,16,DAL,0,0,0,0,0,15,0,1,1,5,0,2,0,0,0,0,0,0,0,0,0,0,,,,,
DeSean Jackson,WR,LV,16,DEN,0,0,0,0,0,0,0,0,4,44,0,5,0,0,0,0,0,0,0,0,0,0,,,,,
DeVonta Smith,WR,PHI,16,NYG,0,0,0,0,0,0,0,0,5,80,1,7,0,0,0,0,0,0,0,0,0,0,,,,,
Dede Westbrook,WR,MIN,16,LA,0,0,0,0,0,0,0,0,0,0,0,0,0,0,0,0,0,0,0,0,0,0,,,,,
Dee Eskridge,WR,SEA,16,CHI,0,0,0,0,0,7,0,1,2,10,0,3,0,0,0,0,0,0,0,0,0,0,,,,,
DeeJay Dallas,RB,SEA,16,CHI,0,0,0,0,0,15,0,4,4,23,0,4,0,0,0,0,0,0,0,0,0,0,,,,,
Deebo Samuel Sr.,WR,SF,16,TEN,0,0,0,0,0,32,0,5,9,159,0,11,0,0,0,0,0,0,0,0,0,0,,,,,
Demarcus Robinson,WR,KC,16,PIT,0,0,0,0,0,0,0,0,2,15,0,2,0,0,0,0,0,0,0,0,0,0,,,,,
Demetric Felton,RB,CLE,16,GB,0,0,0,0,0,0,0,0,0,0,0,0,0,0,0,0,0,0,0,0,0,0,,,,,
Demetrius Harris,TE,ARI,16,IND,0,0,0,0,0,0,0,0,1,3,0,1,0,0,0,0,0,0,0,0,0,0,,,,,
Denzel Mims,WR,NYJ,16,JAX,0,0,0,0,0,0,0,0,0,0,0,2,0,0,0,0,0,0,0,0,0,0,,,,,
Derek Carr,QB,LV,16,DEN,201,1,25,20,1,5,0,7,0,0,0,0,0,0,0,0,0,0,0,0,0,0,,,,,
Derrick Gore,RB,KC,16,PIT,0,0,0,0,0,43,0,12,3,61,0,3,0,0,0,0,0,0,0,0,0,0,,,,,
Devin Singletary,RB,BUF,16,NE,0,0,0,0,0,39,1,12,5,39,0,6,0,0,0,0,0,0,0,0,0,0,,,,,
Devonta Freeman,RB,BAL,16,CIN,0,0,0,0,0,17,1,6,2,3,0,2,0,0,0,0,0,0,0,0,0,0,,,,,
Devontae Booker,RB,NYG,16,PHI,0,0,0,0,0,27,0,6,4,19,0,4,0,0,0,0,0,0,0,0,0,0,,,,,
Dezmon Patmon,WR,IND,16,ARI,0,0,0,0,0,0,0,0,1,14,1,1,0,0,0,0,0,0,0,0,0,0,,,,,
Diontae Johnson,WR,PIT,16,KC,0,0,0,0,0,0,0,0,6,51,1,9,0,0,0,0,0,0,0,0,0,0,,,,,
Diontae Spencer,WR,DEN,16,LV,0,0,0,0,0,0,0,0,0,0,0,0,0,0,0,0,0,0,0,0,0,0,,,,,
Dominik Eberle,K,HOU,16,LAC,0,0,0,0,0,0,0,0,0,0,0,0,0,0,0,0,1,0,0,1,0,5,,,,,
Donovan Peoples-Jones,WR,CLE,16,GB,0,0,0,0,0,0,0,0,1,5,0,6,0,0,0,0,0,0,0,0,0,0,,,,,
Dontrell Hilliard,RB,TEN,16,SF,0,0,0,0,0,20,0,5,2,-6,0,2,0,0,0,0,0,0,0,0,0,0,,,,,
Drew Lock,QB,DEN,16,LV,153,0,22,15,0,10,0,2,0,0,0,0,0,0,0,0,0,0,0,0,0,0,,,,,
Drew Sample,TE,CIN,16,BAL,0,0,0,0,0,0,0,0,2,9,0,2,0,0,0,0,0,0,0,0,0,0,,,,,
Duke Johnson,RB,MIA,16,NO,0,0,0,0,0,39,0,13,0,0,0,0,0,0,0,0,0,0,0,0,0,0,,,,,
Durham Smythe,TE,MIA,16,NO,0,0,0,0,0,0,0,0,3,31,0,3,0,0,0,0,0,0,0,0,0,0,,,,,
Dustin Hopkins,K,LAC,16,HOU,0,0,0,0,0,0,0,0,0,0,0,0,0,0,0,0,0,1,1,1,0,0,,,,,
Dyami Brown,WR,WAS,16,DAL,0,0,0,0,0,0,0,0,2,53,0,2,0,0,0,0,0,0,0,0,0,0,,,,,
Easop Winston,WR,NO,16,MIA,0,0,0,0,0,0,0,0,0,0,0,0,0,0,0,0,0,0,0,0,0,0,,,,,
Eddy Pineiro,K,NYJ,16,JAX,0,0,0,0,0,0,0,0,0,0,0,0,0,0,0,0,1,0,1,0,0,2,,,,,
Elliott Fry,K,KC,16,PIT,0,0,0,0,0,0,0,0,0,0,0,0,0,0,0,0,0,2,1,0,0,3,,,,,
Emmanuel Sanders,WR,BUF,16,NE,0,0,0,0,0,0,0,0,2,20,0,4,0,0,0,0,0,0,0,0,0,0,,,,,
Equanimeous St. Brown,WR,GB,16,CLE,0,0,0,0,0,-10,0,1,0,0,0,0,0,0,0,0,0,0,0,0,0,0,,,,,
Eric Tomlinson,TE,BAL,16,CIN,0,0,0,0,0,0,0,0,0,0,0,0,0,0,0,0,0,0,0,0,0,0,,,,,
Ethan Wolf,TE,NO,16,MIA,0,0,0,0,0,0,0,0,2,8,0,2,0,0,0,0,0,0,0,0,0,0,,,,,
Evan Engram,TE,NYG,16,PHI,0,0,0,0,0,0,0,0,4,17,1,5,0,0,0,0,0,0,0,0,0,0,,,,,
Evan McPherson,K,CIN,16,BAL,0,0,0,0,0,0,0,0,0,0,0,0,0,0,0,0,0,2,0,0,0,5,,,,,
Ezekiel Elliott,RB,DAL,16,WAS,0,0,0,0,0,37,1,9,1,5,1,1,0,0,0,0,0,0,0,0,0,0,,,,,
Foster Moreau,TE,LV,16,DEN,0,0,0,0,0,0,0,0,4,67,0,4,0,0,0,0,0,0,0,0,0,0,,,,,
Freddie Swain,WR,SEA,16,CHI,0,0,0,0,0,0,0,0,1,9,0,2,0,0,0,0,0,0,0,0,0,0,,,,,
GB,DEF,GB,16,CLE,,,,,,,,,,,,,,,,,,,,,,,0,0,0,0,22.0
Geoff Swaim,TE,TEN,16,SF,0,0,0,0,0,0,0,0,3,10,0,3,0,0,0,0,0,0,0,0,0,0,,,,,
George Kittle,TE,SF,16,TEN,0,0,0,0,0,0,0,0,2,21,0,3,0,0,0,0,0,0,0,0,0,0,,,,,
Gerald Everett,TE,SEA,16,CHI,0,0,0,0,0,0,0,0,4,68,1,5,0,0,0,0,0,0,0,0,0,0,,,,,
Giovanni Ricci,TE,CAR,16,TB,0,0,0,0,0,0,0,0,0,0,0,1,0,0,0,0,0,0,0,0,0,0,,,,,
Godwin Igwebuike,RB,DET,16,ATL,0,0,0,0,0,0,0,0,0,0,0,0,0,0,0,0,0,0,0,0,0,0,,,,,
Graham Gano,K,NYG,16,PHI,0,0,0,0,0,0,0,0,0,0,0,0,0,0,0,0,0,0,0,1,0,1,,,,,
Greg Dortch,WR,ARI,16,IND,0,0,0,0,0,0,0,0,0,0,0,0,0,0,0,0,0,0,0,0,0,0,,,,,
Greg Joseph,K,MIN,16,LA,0,0,0,0,0,0,0,0,0,0,0,0,0,0,0,0,2,0,1,0,0,2,,,,,
Greg Zuerlein,K,DAL,16,WAS,0,0,0,0,0,0,0,0,0,0,0,0,0,0,0,0,0,0,0,0,0,8,,,,,
Gunner Olszewski,WR,NE,16,BUF,0,0,0,0,0,9,0,1,0,0,0,0,0,0,0,0,0,0,0,0,0,0,,,,,
HOU,DEF,HOU,16,LAC,,,,,,,,,,,,,,,,,,,,,,,1,0,0,0,29.0
Harrison Bryant,TE,CLE,16,GB,0,0,0,0,0,0,0,0,1,1,1,1,0,0,0,0,0,0,0,0,0,0,,,,,
Hayden Hurst,TE,ATL,16,DET,0,0,0,0,0,0,0,0,2,21,1,2,0,0,0,0,0,0,0,0,0,0,,,,,
Hunter Henry,TE,NE,16,BUF,0,0,0,0,0,0,0,0,1,9,0,6,0,0,0,0,0,0,0,0,0,0,,,,,
Hunter Renfrow,WR,LV,16,DEN,0,0,0,0,0,0,0,0,3,40,1,3,0,0,0,0,0,0,0,0,0,0,,,,,
IND,DEF,IND,16,ARI,,,,,,,,,,,,,,,,,,,,,,,0,1,0,0,16.0
Ian Book,QB,NO,16,MIA,135,0,20,12,2,6,0,3,0,0,0,0,0,0,0,0,0,0,0,0,0,0,,,,,
Ian Thomas,TE,CAR,16,TB,0,0,0,0,0,0,0,0,1,4,0,1,0,0,0,0,0,0,0,0,0,0,,,,,
Isaiah McKenzie,WR,BUF,16,NE,0,0,0,0,0,-1,0,1,11,125,1,12,0,0,0,0,0,0,0,0,0,0,,,,,
J.J. Arcega-Whiteside,WR,PHI,16,NYG,0,0,0,0,0,0,0,0,0,0,0,0,0,0,0,0,0,0,0,0,0,0,,,,,
J.P. Holtz,TE,CHI,16,SEA,0,0,0,0,0,0,0,0,0,0,0,0,0,0,0,0,0,0,0,0,0,0,,,,,
JAX,DEF,JAX,16,NYJ,,,,,,,,,,,,,,,,,,,,,,,0,0,0,0,26.0
Ja'Marr Chase,WR,CIN,16,BAL,0,0,0,0,0,0,0,0,7,125,0,10,0,0,0,0,0,0,0,0,0,0,,,,,
JaMycal Hasty,RB,SF,16,TEN,0,0,0,0,0,3,0,1,3,26,0,3,0,0,0,0,0,0,0,0,0,0,,,,,
Jack Stoll,TE,PHI,16,NYG,0,0,0,0,0,0,0,0,0,0,0,0,0,0,0,0,0,0,0,0,0,0,,,,,
Jacob Hollister,TE,JAX,16,NYJ,0,0,0,0,0,0,0,0,2,20,0,2,0,0,0,0,0,0,0,0,0,0,,,,,
Jacoby Brissett,QB,MIA,16,NO,0,0,0,0,0,0,0,0,0,0,0,0,0,0,0,0,0,0,0,0,0,0,,,,,
Jake Elliott,K,PHI,16,NYG,0,0,0,0,0,0,0,0,0,0,0,0,0,0,0,0,1,1,0,0,0,4,,,,,
Jake Fromm,QB,NYG,16,PHI,25,0,17,6,1,12,0,3,0,0,0,0,0,0,0,0,0,0,0,0,0,0,,,,,
Jake Funk,RB,LA,16,MIN,0,0,0,0,0,-1,0,1,0,0,0,0,0,0,0,0,0,0,0,0,0,0,,,,,
Jake Kumerow,WR,BUF,16,NE,0,0,0,0,0,0,0,0,1,13,0,3,0,0,0,0,0,0,0,0,0,0,,,,,
Jakob Johnson,RB,NE,16,BUF,0,0,0,0,0,0,0,0,1,9,0,1,0,0,0,0,0,0,0,0,0,0,,,,,
Jakobi Meyers,WR,NE,16,BUF,0,0,0,0,0,0,0,0,6,59,0,8,0,0,0,0,0,0,0,0,0,0,,,,,
Jalen Camp,WR,HOU,16,LAC,0,0,0,0,0,0,0,0,0,0,0,0,0,0,0,0,0,0,0,0,0,0,,,,,
Jalen Hurts,QB,PHI,16,NYG,199,2,29,17,0,7,0,2,0,0,0,0,0,0,0,0,0,0,0,0,0,0,,,,,
Jalen Reagor,WR,PHI,16,NYG,0,0,0,0,0,0,0,0,2,15,0,4,0,0,0,0,0,0,0,0,0,0,,,,,
Jalen Richard,RB,LV,16,DEN,0,0,0,0,0,4,0,1,1,5,0,1,0,0,0,0,0,0,0,0,0,0,,,,,
Jamaal Williams,RB,DET,16,ATL,0,0,0,0,0,77,0,19,0,0,0,0,0,0,0,0,0,0,0,0,0,0,,,,,
James O'Shaughnessy,TE,JAX,16,NYJ,0,0,0,0,0,0,0,0,4,49,0,4,0,0,0,0,0,0,0,0,0,0,,,,,
James Proche,WR,BAL,16,CIN,0,0,0,0,0,0,0,0,7,76,0,8,0,0,0,0,0,0,0,0,0,0,,,,,
James Robinson,RB,JAX,16,NYJ,0,0,0,0,0,10,0,3,0,0,0,0,0,0,0,0,0,0,0,0,0,0,,,,,
James Washington,WR,PIT,16,KC,0,0,0,0,0,0,0,0,0,0,0,2,0,0,0,0,0,0,0,0,0,0,,,,,
Jared Cook,TE,LAC,16,HOU,0,0,0,0,0,0,0,0,3,44,0,5,0,0,1,0,0,0,0,0,0,0,,,,,
Jaret Patterson,RB,WAS,16,DAL,0,0,0,0,0,33,0,9,0,0,0,0,0,0,0,0,0,0,0,0,0,0,,,,,
Jarvis Landry,WR,CLE,16,GB,0,0,0,0,0,0,0,0,4,55,0,7,0,0,0,0,0,0,0,0,0,0,,,,,
Jason Moore,WR,LAC,16,HOU,0,0,0,0,0,0,0,0,3,56,0,4,0,0,0,0,0,0,0,0,0,0,,,,,
Jason Myers,K,SEA,16,CHI,0,0,0,0,0,0,0,0,0,0,0,0,0,0,0,0,0,1,0,0,0,3,,,,,
Jason Sanders,K,MIA,16,NO,0,0,0,0,0,0,0,0,0,0,0,0,0,0,0,0,0,1,1,0,0,2,,,,,
Jauan Jennings,WR,SF,16,TEN,0,0,0,0,0,0,0,0,2,19,0,5,0,0,0,0,0,0,0,0,0,0,,,,,
Javonte Williams,RB,DEN,16,LV,0,0,0,0,0,12,1,7,2,8,0,2,0,0,0,0,0,0,0,0,0,0,,,,,
Jaydon Mickens,WR,JAX,16,NYJ,0,0,0,0,0,0,0,0,0,0,0,0,0,0,0,0,0,0,0,0,0,0,,,,,
Jaylen Samuels,RB,HOU,16,LAC,0,0,0,0,0,0,0,0,0,0,0,0,0,0,0,0,0,0,0,0,0,0,,,,,
Jaylen Waddle,WR,MIA,16,NO,0,0,0,0,0,0,0,0,10,92,1,12,0,0,0,0,0,0,0,0,0,0,,,,,
Jeff Smith,WR,NYJ,16,JAX,0,0,0,0,0,0,0,0,0,0,0,1,0,0,0,0,0,0,0,0,0,0,,,,,
Jeff Wilson,RB,SF,16,TEN,0,0,0,0,0,45,1,14,3,12,0,3,0,0,0,0,0,0,0,0,0,0,,,,,
Jeremy McNichols,RB,TEN,16,SF,0,0,0,0,0,31,0,7,0,0,0,1,0,0,0,0,0,0,0,0,0,0,,,,,
Jeremy Sprinkle,TE,DAL,16,WAS,0,0,0,0,0,0,0,0,0,0,0,0,0,0,0,0,0,0,0,0,0,0,,,,,
Jerry Jeudy,WR,DEN,16,LV,0,0,0,0,0,0,0,0,3,60,0,4,0,0,0,0,0,0,0,0,0,0,,,,,
Jimmy Garoppolo,QB,SF,16,TEN,322,1,35,26,2,3,0,1,0,0,0,0,0,0,0,0,0,0,0,0,0,0,,,,,
Jimmy Graham,TE,CHI,16,SEA,0,0,0,0,0,0,0,0,2,30,1,2,0,0,0,0,0,0,0,0,0,0,,,,,
Joe Burrow,QB,CIN,16,BAL,525,4,46,37,0,11,0,2,0,0,0,0,0,0,0,0,0,0,0,0,0,0,,,,,
Joe Mixon,RB,CIN,16,BAL,0,0,0,0,0,65,1,18,6,70,1,6,0,0,0,0,0,0,0,0,0,0,,,,,
Joey Slye,K,WAS,16,DAL,0,0,0,0,0,0,0,0,0,0,0,0,0,0,0,0,0,0,0,0,0,2,,,,,
John Bates,TE,WAS,16,DAL,0,0,0,0,0,0,0,0,2,45,1,3,0,0,0,0,0,0,0,0,0,0,,,,,
Jonathan Taylor,RB,IND,16,ARI,0,0,0,0,0,108,0,27,0,0,0,2,0,0,0,0,0,0,0,0,0,0,,,,,
Jonathan Ward,RB,ARI,16,IND,0,0,0,0,0,3,0,1,0,0,0,0,0,0,0,0,0,0,0,0,0,0,,,,,
Jonathan Williams,RB,WAS,16,DAL,0,0,0,0,0,9,0,3,1,2,0,2,0,0,0,0,0,0,0,0,0,0,,,,,
Jonnu Smith,TE,NE,16,BUF,0,0,0,0,0,0,0,0,0,0,0,0,0,0,0,0,0,0,0,0,0,0,,,,,
Jordan Akins,TE,HOU,16,LAC,0,0,0,0,0,0,0,0,0,0,0,1,0,0,0,0,0,0,0,0,0,0,,,,,
Jordan Howard,RB,PHI,16,NYG,0,0,0,0,0,37,0,9,2,19,0,4,0,0,0,0,0,0,0,0,0,0,,,,,
Josh Allen,QB,BUF,16,NE,314,3,47,30,0,64,0,12,0,0,0,0,0,0,0,0,0,0,0,0,0,0,,,,,
Josh Gordon,WR,KC,16,PIT,0,0,0,0,0,0,0,0,0,0,0,3,0,0,0,0,0,0,0,0,0,0,,,,,
Josh Jacobs,RB,LV,16,DEN,0,0,0,0,0,129,0,27,1,-5,0,3,0,0,0,0,0,0,0,0,0,0,,,,,
Josh Johnson,QB,BAL,16,CIN,304,2,40,28,1,10,0,5,0,0,0,0,0,0,0,0,0,0,0,0,0,0,,,,,
Josh Palmer,WR,LAC,16,HOU,0,0,0,0,0,0,0,0,5,43,1,6,0,0,0,0,0,0,0,0,0,0,,,,,
Josh Reynolds,WR,DET,16,ATL,0,0,0,0,0,0,0,0,2,36,0,7,0,0,0,0,0,0,0,0,0,0,,,,,
Joshua Kelley,RB,LAC,16,HOU,0,0,0,0,0,7,0,5,1,14,0,1,0,0,0,0,0,0,0,0,0,0,,,,,
Josiah Deguara,TE,GB,16,CLE,0,0,0,0,0,0,0,0,2,5,0,3,0,0,0,0,0,0,0,0,0,0,,,,,
Julio Jones,WR,TEN,16,SF,0,0,0,0,0,0,0,0,1,7,0,1,0,0,0,0,0,0,0,0,0,0,,,,,
Justin Herbert,QB,LAC,16,HOU,336,1,35,27,2,15,0,4,0,0,0,0,0,0,1,0,0,0,0,0,0,0,,,,,
Justin Jackson,RB,LAC,16,HOU,0,0,0,0,0,64,2,11,8,98,0,9,0,0,0,0,0,0,0,0,0,0,,,,,
Justin Jefferson,WR,MIN,16,LA,0,0,0,0,0,0,0,0,8,116,0,12,0,0,0,0,0,0,0,0,0,0,,,,,
Justin Tucker,K,BAL,16,CIN,0,0,0,0,0,0,0,0,0,0,0,0,0,0,0,0,0,0,0,0,0,3,,,,,
Juwann Winfree,WR,GB,16,CLE,0,0,0,0,0,0,0,0,0,0,0,1,0,0,0,0,0,0,0,0,0,0,,,,,
K.J. Osborn,WR,MIN,16,LA,0,0,0,0,0,0,0,0,5,68,1,7,0,0,0,0,0,0,0,0,0,0,,,,,
KC,DEF,KC,16,PIT,,,,,,,,,,,,,,,,,,,,,,,0,0,0,0,10.0
Kadarius Toney,WR,NYG,16,PHI,0,0,0,0,0,0,0,0,4,28,0,9,0,0,0,0,0,0,0,0,0,0,,,,,
Kalif Raymond,WR,DET,16,ATL,0,0,0,0,0,5,0,1,3,12,0,5,0,0,0,0,0,0,0,0,0,0,,,,,
Kawaan Baker,WR,NO,16,MIA,0,0,0,0,0,0,0,0,0,0,0,0,0,0,0,0,0,0,0,0,0,0,,,,,
Ke'Shawn Vaughn,RB,TB,16,CAR,0,0,0,0,0,70,1,7,0,0,0,1,0,0,0,0,0,0,0,0,0,0,,,,,
Keelan Cole,WR,NYJ,16,JAX,0,0,0,0,0,0,0,0,2,25,0,2,0,0,0,0,0,0,0,0,0,0,,,,,
Keenan Allen,WR,LAC,16,HOU,0,0,0,0,0,0,0,0,4,35,0,6,0,0,0,0,0,0,0,0,0,0,,,,,
Kendrick Bourne,WR,NE,16,BUF,0,0,0,0,0,0,0,0,2,33,0,4,0,0,0,0,0,0,0,0,0,0,,,,,
Kene Nwangwu,RB,MIN,16,LA,0,0,0,0,0,8,0,5,2,5,0,2,0,0,0,0,0,0,0,0,0,0,,,,,
Kenjon Barner,RB,TB,16,CAR,0,0,0,0,0,0,0,0,0,0,0,0,0,0,0,0,0,0,0,0,0,0,,,,,
Kenny Gainwell,RB,PHI,16,NYG,0,0,0,0,0,0,0,0,1,6,0,1,0,0,0,0,0,0,0,0,0,0,,,,,
Kenny Golladay,WR,NYG,16,PHI,0,0,0,0,0,0,0,0,3,22,0,8,0,0,0,0,0,0,0,0,0,0,,,,,
Kenny Stills,WR,NO,16,MIA,0,0,0,0,0,0,0,0,1,4,0,1,0,0,0,0,0,0,0,0,0,0,,,,,
Kevin Rader,TE,PIT,16,KC,0,0,0,0,0,0,0,0,1,7,0,2,0,0,0,0,0,0,0,0,0,0,,,,,
KhaDarel Hodge,WR,DET,16,ATL,0,0,0,0,0,0,0,0,1,21,0,1,0,0,0,0,0,0,0,0,0,0,,,,,
Khalil Herbert,RB,CHI,16,SEA,0,0,0,0,0,21,1,2,1,7,0,1,0,0,0,0,0,0,0,0,0,0,,,,,
Kirk Cousins,QB,MIN,16,LA,315,1,38,27,1,17,0,4,0,0,0,0,0,0,0,0,0,0,0,0,0,0,,,,,
Kyle Allen,QB,WAS,16,DAL,67,1,10,8,0,0,0,0,0,0,0,0,0,0,0,0,0,0,0,0,0,0,,,,,
Kyle Juszczyk,RB,SF,16,TEN,0,0,0,0,0,0,0,0,3,45,0,5,0,0,0,0,0,0,0,0,0,0,,,,,
Kyle Pitts,TE,ATL,16,DET,0,0,0,0,0,0,0,0,6,102,0,6,0,0,0,0,0,0,0,0,0,0,,,,,
Kyle Rudolph,TE,NYG,16,PHI,0,0,0,0,0,0,0,0,0,0,0,1,0,0,0,0,0,0,0,0,0,0,,,,,
Kylen Granson,TE,IND,16,ARI,0,0,0,0,0,0,0,0,1,6,0,1,0,0,0,0,0,0,0,0,0,0,,,,,
Kyler Murray,QB,ARI,16,IND,245,1,43,27,0,74,0,4,0,7,0,0,0,0,0,0,0,0,0,0,0,0,,,,,
LA,DEF,LA,16,MIN,,,,,,,,,,,,,,,,,,,,,,,0,0,0,0,23.0
LAC,DEF,LAC,16,HOU,,,,,,,,,,,,,,,,,,,,,,,0,0,0,0,41.0
LV,DEF,LV,16,DEN,,,,,,,,,,,,,,,,,,,,,,,0,0,0,0,13.0
Laquon Treadwell,WR,JAX,16,NYJ,0,0,0,0,0,0,0,0,4,54,0,5,0,0,0,0,0,0,0,0,0,0,,,,,
Latavius Murray,RB,BAL,16,CIN,0,0,0,0,0,12,0,5,1,12,0,1,0,0,0,0,0,0,0,0,0,0,,,,,
Le'Veon Bell,RB,TB,16,CAR,0,0,0,0,0,-1,0,2,0,0,0,0,0,0,0,0,0,0,0,0,0,0,,,,,
Lil'Jordan Humphrey,WR,NO,16,MIA,0,0,0,0,0,0,0,0,3,70,0,5,0,0,0,0,0,0,0,0,0,0,,,,,
Lirim Hajrullahu,K,CAR,16,TB,0,0,0,0,0,0,0,0,0,0,0,0,0,0,0,0,2,0,0,0,0,0,,,,,
MIA,DEF,MIA,16,NO,,,,,,,,,,,,,,,,,,,,,,,1,0,0,0,3.0
MIN,DEF,MIN,16,LA,,,,,,,,,,,,,,,,,,,,,,,0,0,0,0,30.0
Mac Jones,QB,NE,16,BUF,145,0,32,14,2,33,0,6,0,0,0,0,0,0,0,0,0,0,0,0,0,0,,,,,
Mack Hollins,WR,MIA,16,NO,0,0,0,0,0,0,0,0,1,40,0,2,0,0,0,0,0,0,0,0,0,0,,,,,
Malik Turner,WR,DAL,16,WAS,0,0,0,0,0,0,0,0,3,82,1,3,0,0,0,0,0,0,0,0,0,0,,,,,
Marcedes Lewis,TE,GB,16,CLE,0,0,0,0,0,0,0,0,2,2,0,3,0,0,0,0,0,0,0,0,0,0,,,,,
Marcus Kemp,WR,KC,16,PIT,0,0,0,0,0,0,0,0,0,0,0,0,0,0,0,0,0,0,0,0,0,0,,,,,
Mark Andrews,TE,BAL,16,CIN,0,0,0,0,0,0,0,0,8,125,1,10,0,0,0,0,0,0,0,0,0,0,,,,,
Mark Ingram,RB,NO,16,MIA,0,0,0,0,0,17,0,4,0,0,0,0,0,0,0,0,0,0,0,0,0,0,,,,,
Marquez Callaway,WR,NO,16,MIA,0,0,0,0,0,0,0,0,4,46,0,5,0,0,0,0,0,0,0,0,0,0,,,,,
Marquez Stevenson,WR,BUF,16,NE,0,0,0,0,0,0,0,0,0,0,0,0,0,0,0,0,0,0,0,0,0,0,,,,,
Marquise Brown,WR,BAL,16,CIN,0,0,0,0,0,0,0,0,5,44,0,9,0,0,0,0,0,0,0,0,0,0,,,,,
Marquise Goodwin,WR,CHI,16,SEA,0,0,0,0,0,0,0,0,2,23,0,2,0,0,0,0,0,0,0,0,0,0,,,,,
Marvin Hall,WR,ATL,16,DET,0,0,0,0,0,0,0,0,1,10,0,1,0,0,0,0,0,0,0,0,0,0,,,,,
Marvin Jones,WR,JAX,16,NYJ,0,0,0,0,0,0,0,0,8,74,0,13,0,0,0,0,0,0,0,0,0,0,,,,,
Mason Crosby,K,GB,16,CLE,0,0,0,0,0,0,0,0,0,0,0,0,0,0,0,0,0,1,0,0,0,3,,,,,
Mason Rudolph,QB,PIT,16,KC,35,0,8,5,0,17,0,1,0,0,0,0,0,0,0,0,0,0,0,0,0,0,,,,,
Matt Gay,K,LA,16,MIN,0,0,0,0,0,0,0,0,0,0,0,0,0,0,0,0,1,2,0,0,0,3,,,,,
Matt Prater,K,ARI,16,IND,0,0,0,0,0,0,0,0,0,0,0,0,0,0,0,0,1,0,0,0,0,1,,,,,
Matt Ryan,QB,ATL,16,DET,215,1,24,18,0,5,0,4,0,0,0,0,0,0,0,0,0,0,0,0,0,0,,,,,
Matthew Stafford,QB,LA,16,MIN,197,1,37,21,3,8,0,3,0,0,0,0,0,0,0,0,0,0,0,0,0,0,,,,,
Matthew Wright,K,JAX,16,NYJ,0,0,0,0,0,0,0,0,0,0,0,0,0,0,0,0,1,0,2,0,0,0,,,,,
Maurice Ffrench,WR,LAC,16,HOU,0,0,0,0,0,3,0,1,0,0,0,0,0,0,0,0,0,0,0,0,0,0,,,,,
Mecole Hardman,WR,KC,16,PIT,0,0,0,0,0,0,0,0,3,31,1,5,0,0,0,0,0,0,0,0,0,0,,,,,
Melvin Gordon,RB,DEN,16,LV,0,0,0,0,0,-4,0,7,1,4,0,1,0,0,0,0,0,0,0,0,0,0,,,,,
Michael Bandy,WR,LAC,16,HOU,0,0,0,0,0,0,0,0,0,0,0,0,0,0,0,0,0,0,0,0,0,0,,,,,
Michael Carter,RB,NYJ,16,JAX,0,0,0,0,0,118,0,16,2,6,0,3,0,0,0,0,0,0,0,0,0,0,,,,,
Michael Gallup,WR,DAL,16,WAS,0,0,0,0,0,0,0,0,2,53,0,5,0,0,0,0,0,0,0,0,0,0,,,,,
Michael Pittman,WR,IND,16,ARI,0,0,0,0,0,3,0,1,8,82,0,12,0,0,0,0,0,0,0,0,0,0,,,,,
Mike Badgley,K,IND,16,ARI,0,0,0,0,0,0,0,0,0,0,0,0,0,0,0,0,0,1,1,0,0,2,,,,,
Mike Davis,RB,ATL,16,DET,0,0,0,0,0,28,0,7,1,7,0,1,0,0,0,0,0,0,0,0,0,0,,,,,
Mike Gesicki,TE,MIA,16,NO,0,0,0,0,0,0,0,0,3,22,0,4,0,0,0,0,0,0,0,0,0,0,,,,,
Mike Glennon,QB,NYG,16,PHI,93,1,27,17,1,11,0,2,0,0,0,0,0,0,0,0,0,0,0,0,0,0,,,,,
Miles Sanders,RB,PHI,16,NYG,0,0,0,0,0,45,0,7,1,3,0,3,0,0,0,0,0,0,0,0,0,0,,,,,
Mitchell Wilcox,TE,CIN,16,BAL,0,0,0,0,0,0,0,0,0,0,0,0,0,0,0,0,0,0,0,0,0,0,,,,,
Mo Alie-Cox,TE,IND,16,ARI,0,0,0,0,0,0,0,0,2,42,0,4,0,0,0,0,0,0,0,0,0,0,,,,,
Myles Gaskin,RB,MIA,16,NO,0,0,0,0,0,10,0,3,1,6,0,3,0,0,0,0,0,0,0,0,0,0,,,,,
N'Keal Harry,TE,NE,16,BUF,0,0,0,0,0,0,0,0,2,15,0,6,0,0,0,0,0,0,0,0,0,0,,,,,
NE,DEF,NE,16,BUF,,,,,,,,,,,,,,,,,,,,,,,0,0,0,0,33.0
NO,DEF,NO,16,MIA,,,,,,,,,,,,,,,,,,,,,,,0,0,0,0,20.0
NYG,DEF,NYG,16,PHI,,,,,,,,,,,,,,,,,,,,,,,0,0,0,0,34.0
NYJ,DEF,NYJ,16,JAX,,,,,,,,,,,,,,,,,,,,,,,0,0,0,0,21.0
Najee Harris,RB,PIT,16,KC,0,0,0,0,0,93,0,19,5,17,0,7,0,0,0,0,0,0,0,0,0,0,,,,,
Nathan Cottrell,RB,JAX,16,NYJ,0,0,0,0,0,3,0,1,0,0,0,0,0,0,0,0,0,0,0,0,0,0,,,,,
Nick Chubb,RB,CLE,16,GB,0,0,0,0,0,126,1,17,3,58,0,4,0,0,0,0,0,0,0,0,0,0,,,,,
Nick Foles,QB,CHI,16,SEA,250,1,35,24,0,8,0,4,0,0,0,0,0,0,1,0,0,0,0,0,0,0,,,,,
Nick Folk,K,NE,16,BUF,0,0,0,0,0,0,0,0,0,0,0,0,0,0,0,0,0,0,0,0,0,3,,,,,
Nick Vannett,TE,NO,16,MIA,0,0,0,0,0,0,0,0,0,0,0,1,0,0,0,0,0,0,0,0,0,0,,,,,
Nick Westbrook-Ikhine,WR,TEN,16,SF,0,0,0,0,0,0,0,0,2,38,0,3,0,0,0,0,0,0,0,0,0,0,,,,,
Nico Collins,WR,HOU,16,LAC,0,0,0,0,0,0,0,0,3,33,1,4,0,0,0,0,0,0,0,0,0,0,,,,,
Noah Fant,TE,DEN,16,LV,0,0,0,0,0,0,0,0,3,30,0,4,0,0,0,0,0,0,0,0,0,0,,,,,
Noah Gray,TE,KC,16,PIT,0,0,0,0,0,0,0,0,2,12,0,2,0,0,0,0,0,0,0,0,0,0,,,,,
Nsimba Webster,WR,CHI,16,SEA,0,0,0,0,0,0,0,0,0,0,0,0,0,0,0,0,0,0,0,0,0,0,,,,,
Nyheim Hines,RB,IND,16,ARI,0,0,0,0,0,11,0,3,1,7,0,1,0,0,0,0,0,0,0,0,0,0,,,,,
Odell Beckham Jr.,WR,LA,16,MIN,0,0,0,0,0,0,0,0,4,37,1,8,0,0,0,0,0,0,0,0,0,0,,,,,
Olamide Zaccheaus,WR,ATL,16,DET,0,0,0,0,0,0,0,0,2,32,0,4,0,0,0,0,0,0,0,0,0,0,,,,,
PHI,DEF,PHI,16,NYG,,,,,,,,,,,,,,,,,,,,,,,1,0,0,0,10.0
PIT,DEF,PIT,16,KC,,,,,,,,,,,,,,,,,,,,,,,0,0,0,0,36.0
Patrick Mahomes,QB,KC,16,PIT,258,3,30,23,0,0,0,0,0,0,0,0,0,0,0,0,0,0,0,0,0,0,,,,,
Patrick Taylor,RB,GB,16,CLE,0,0,0,0,0,0,0,0,0,0,0,0,0,0,0,0,0,0,0,0,0,0,,,,,
Penny Hart,WR,SEA,16,CHI,0,0,0,0,0,0,0,0,0,0,0,0,0,0,0,0,0,0,0,0,0,0,,,,,
Peyton Barber,RB,LV,16,DEN,0,0,0,0,0,22,1,5,1,0,0,1,0,0,0,0,0,0,0,0,0,0,,,,,
Pharaoh Brown,TE,HOU,16,LAC,0,0,0,0,0,0,0,0,2,10,0,3,0,0,0,0,0,0,0,0,0,0,,,,,
Pharoh Cooper,WR,NYG,16,PHI,0,0,0,0,0,0,0,0,0,0,0,1,0,0,0,0,0,0,0,0,0,0,,,,,
Phillip Dorsett,WR,HOU,16,LAC,0,0,0,0,0,0,0,0,3,55,0,6,0,0,0,0,0,0,0,0,0,0,,,,,
Phillip Lindsay,RB,MIA,16,NO,0,0,0,0,0,36,0,13,0,0,0,0,0,0,0,0,0,0,0,0,0,0,,,,,
Quez Watkins,WR,PHI,16,NYG,0,0,0,0,0,0,0,0,3,43,0,3,0,0,0,0,0,0,0,0,0,0,,,,,
Racey McMath,WR,TEN,16,SF,0,0,0,0,0,0,0,0,0,0,0,1,0,0,0,0,0,0,0,0,0,0,,,,,
Randy Bullock,K,TEN,16,SF,0,0,0,0,0,0,0,0,0,0,0,0,0,0,0,0,0,1,1,0,0,2,,,,,
Rashaad Penny,RB,SEA,16,CHI,0,0,0,0,0,135,1,17,0,0,0,1,0,0,0,0,0,0,0,0,0,0,,,,,
Rashard Higgins,WR,CLE,16,GB,0,0,0,0,0,0,0,0,5,58,0,6,0,0,0,0,0,0,0,0,0,0,,,,,
Rashod Bateman,WR,BAL,16,CIN,0,0,0,0,0,0,0,0,4,26,1,5,0,0,0,0,0,0,0,0,0,0,,,,,
Ray-Ray McCloud,WR,PIT,16,KC,0,0,0,0,0,0,0,0,4,25,0,8,0,0,0,0,0,0,0,0,0,0,,,,,
Reggie Bonnafon,RB,CAR,16,TB,0,0,0,0,0,4,0,1,2,12,0,2,0,0,0,0,0,0,0,0,0,0,,,,,
Reggie Gilliam,RB,BUF,16,NE,0,0,0,0,0,0,0,0,1,8,0,1,0,0,0,0,0,0,0,0,0,0,,,,,
Rex Burkhead,RB,HOU,16,LAC,0,0,0,0,0,149,2,22,2,0,0,2,0,0,0,0,0,0,0,0,0,0,,,,,
Ricky Seals-Jones,TE,WAS,16,DAL,0,0,0,0,0,0,0,0,1,-4,0,1,0,0,0,0,0,0,0,0,0,0,,,,,
Riley Patterson,K,DET,16,ATL,0,0,0,0,0,0,0,0,0,0,0,0,0,0,0,0,2,1,0,0,0,1,,,,,
Rob Gronkowski,TE,TB,16,CAR,0,0,0,0,0,0,0,0,1,23,0,2,0,0,0,0,0,0,0,0,0,0,,,,,
Robbie Chosen,WR,CAR,16,TB,0,0,0,0,0,0,0,0,5,58,0,10,0,0,0,0,0,0,0,0,0,0,,,,,
Robbie Gould,K,SF,16,TEN,0,0,0,0,0,0,0,0,0,0,0,0,0,0,0,0,0,0,1,0,0,2,,,,,
Ronald Jones,RB,TB,16,CAR,0,0,0,0,0,65,1,20,2,16,0,3,0,0,0,0,0,0,0,0,0,0,,,,,
Royce Freeman,RB,HOU,16,LAC,0,0,0,0,0,34,0,12,0,0,0,0,0,0,0,0,0,0,0,0,0,0,,,,,
Russell Gage,WR,ATL,16,DET,0,0,0,0,0,0,0,0,4,39,0,5,0,0,0,0,0,0,0,0,0,0,,,,,
Russell Wilson,QB,SEA,16,CHI,181,2,27,16,0,13,0,2,0,0,0,0,0,0,0,0,0,0,0,0,0,0,,,,,
Ryan Succop,K,TB,16,CAR,0,0,0,0,0,0,0,0,0,0,0,0,0,0,0,0,1,1,2,0,0,2,,,,,
Ryan Tannehill,QB,TEN,16,SF,209,1,29,22,0,22,0,3,0,0,0,0,0,0,0,0,0,0,0,0,0,0,,,,,
SEA,DEF,SEA,16,CHI,,,,,,,,,,,,,,,,,,,,,,,0,0,0,0,25.0
SF,DEF,SF,16,TEN,,,,,,,,,,,,,,,,,,,,,,,0,0,0,0,20.0
Sam Darnold,QB,CAR,16,TB,190,0,32,15,0,11,0,1,0,0,0,0,0,0,0,0,0,0,0,0,0,0,,,,,
Samaje Perine,RB,CIN,16,BAL,0,0,0,0,0,0,0,0,2,6,0,2,0,0,0,0,0,0,0,0,0,0,,,,,
Sammis Reyes,TE,WAS,16,DAL,0,0,0,0,0,0,0,0,0,0,0,0,0,0,0,0,0,0,0,0,0,0,,,,,
Saquon Barkley,RB,NYG,16,PHI,0,0,0,0,0,32,0,15,1,-4,0,1,0,0,0,0,0,0,0,0,0,0,,,,,
Scott Miller,WR,TB,16,CAR,0,0,0,0,0,0,0,0,0,0,0,1,0,0,0,0,0,0,0,0,0,0,,,,,
Sean McKeon,TE,DAL,16,WAS,0,0,0,0,0,0,0,0,0,0,0,0,0,0,0,0,0,0,0,0,0,0,,,,,
Shane Zylstra,TE,DET,16,ATL,0,0,0,0,0,0,0,0,0,0,0,0,0,0,0,0,0,0,0,0,0,0,,,,,
Shi Smith,WR,CAR,16,TB,0,0,0,0,0,0,0,0,3,86,0,5,0,0,0,0,0,0,0,0,0,0,,,,,
Sony Michel,RB,LA,16,MIN,0,0,0,0,0,131,1,27,1,4,0,4,0,0,0,0,0,0,0,0,0,0,,,,,
Stanley Morgan,WR,CIN,16,BAL,0,0,0,0,0,0,0,0,0,0,0,0,0,0,0,0,0,0,0,0,0,0,,,,,
Stefon Diggs,WR,BUF,16,NE,0,0,0,0,0,0,0,0,7,85,1,13,0,0,0,0,0,0,0,0,0,0,,,,,
Stephen Anderson,TE,LAC,16,HOU,0,0,0,0,0,0,0,0,2,34,0,2,0,0,0,0,0,0,0,0,0,0,,,,,
Stephen Sullivan,TE,CAR,16,TB,0,0,0,0,0,0,0,0,0,0,0,1,0,0,0,0,0,0,0,0,0,0,,,,,
T.Y. Hilton,WR,IND,16,ARI,0,0,0,0,0,0,0,0,4,51,1,5,0,0,0,0,0,0,0,0,0,0,,,,,
TB,DEF,TB,16,CAR,,,,,,,,,,,,,,,,,,,,,,,0,0,0,0,6.0
TEN,DEF,TEN,16,SF,,,,,,,,,,,,,,,,,,,,,,,0,0,0,0,17.0
Tavon Austin,WR,JAX,16,NYJ,0,0,0,0,0,21,0,3,6,68,0,7,0,0,0,0,0,0,0,0,0,0,,,,,
Taylor Heinicke,QB,WAS,16,DAL,121,1,22,7,2,-1,0,1,0,0,0,0,0,0,0,0,0,0,0,0,0,0,,,,,
Tee Higgins,WR,CIN,16,BAL,0,0,0,0,0,0,0,0,12,194,2,13,0,0,0,0,0,0,0,0,0,0,,,,,
Terrace Marshall Jr.,WR,CAR,16,TB,0,0,0,0,0,0,0,0,1,6,0,1,0,0,0,0,0,0,0,0,0,0,,,,,
Terry McLaurin,WR,WAS,16,DAL,0,0,0,0,0,0,0,0,3,40,0,6,0,0,0,0,0,0,0,0,0,0,,,,,
Tevin Coleman,RB,NYJ,16,JAX,0,0,0,0,0,57,0,14,1,4,0,1,0,0,0,0,0,0,0,0,0,0,,,,,
Tim Boyle,QB,DET,16,ATL,187,1,34,24,1,0,0,0,0,0,0,0,0,0,0,0,0,0,0,0,0,0,,,,,
Tim Patrick,WR,DEN,16,LV,0,0,0,0,0,0,0,0,2,18,0,4,0,0,0,0,0,0,0,0,0,0,,,,,
Tom Brady,QB,TB,16,CAR,232,1,30,18,0,11,0,1,0,0,0,0,0,0,0,0,0,0,0,0,0,0,,,,,
Tom Kennedy,WR,DET,16,ATL,0,0,0,0,0,0,0,0,2,16,0,2,0,0,0,0,0,0,0,0,0,0,,,,,
Tommy Tremble,TE,CAR,16,TB,0,0,0,0,0,0,0,0,2,22,0,2,0,0,0,0,0,0,0,0,0,0,,,,,
Tommylee Lewis,WR,MIA,16,NO,0,0,0,0,0,0,0,0,1,7,0,2,0,0,0,0,0,0,0,0,0,0,,,,,
Tony Jones,RB,NO,16,MIA,0,0,0,0,0,6,0,2,0,0,0,0,0,0,0,0,0,0,0,0,0,0,,,,,
Tony Pollard,RB,DAL,16,WAS,0,0,0,0,0,34,0,8,2,16,0,3,0,0,0,0,0,0,0,0,0,0,,,,,
Travis Homer,RB,SEA,16,CHI,0,0,0,0,0,0,0,0,0,0,0,0,0,0,0,0,0,0,0,0,0,0,,,,,
Tre' McKitty,TE,LAC,16,HOU,0,0,0,0,0,0,0,0,1,12,0,1,0,0,0,0,0,0,0,0,0,0,,,,,
Trent Sherfield,WR,SF,16,TEN,0,0,0,0,0,0,0,0,0,0,0,0,0,0,0,0,0,0,0,0,0,0,,,,,
Trent Taylor,WR,CIN,16,BAL,0,0,0,0,0,0,0,0,0,0,0,0,0,0,0,0,0,0,0,0,0,0,,,,,
Trevon Wesco,TE,NYJ,16,JAX,0,0,0,0,0,0,0,0,0,0,0,0,0,0,0,0,0,0,0,0,0,0,,,,,
Trevor Lawrence,QB,JAX,16,NYJ,280,0,39,26,0,37,0,6,0,0,0,0,0,0,0,0,0,0,0,0,0,0,,,,,
Tua Tagovailoa,QB,MIA,16,NO,198,1,26,19,1,1,0,1,0,0,0,0,0,0,0,0,0,0,0,0,0,0,,,,,
Ty Montgomery,WR,NO,16,MIA,0,0,0,0,0,0,0,0,0,0,0,0,0,0,0,0,0,0,0,0,0,0,,,,,
Tylan Wallace,WR,BAL,16,CIN,0,0,0,0,0,0,0,0,1,18,0,2,0,0,0,0,0,0,0,0,0,0,,,,,
Tyler Bass,K,BUF,16,NE,0,0,0,0,0,0,0,0,0,0,0,0,0,0,0,0,1,1,0,0,0,3,,,,,
Tyler Boyd,WR,CIN,16,BAL,0,0,0,0,0,0,0,0,3,85,1,5,0,0,0,0,0,0,0,0,0,0,,,,,
Tyler Conklin,TE,MIN,16,LA,0,0,0,0,0,0,0,0,4,44,0,5,0,0,0,0,0,0,0,0,0,0,,,,,
Tyler Higbee,TE,LA,16,MIN,0,0,0,0,0,0,0,0,5,41,0,6,0,0,0,0,0,0,0,0,0,0,,,,,
Tyler Johnson,WR,TB,16,CAR,0,0,0,0,0,0,0,0,0,0,0,0,0,0,0,0,0,0,0,0,0,0,,,,,
Tyler Kroft,TE,NYJ,16,JAX,0,0,0,0,0,0,0,0,3,29,0,5,0,0,0,0,0,0,0,0,0,0,,,,,
Tyler Lockett,WR,SEA,16,CHI,0,0,0,0,0,0,0,0,3,30,0,6,0,0,0,0,0,0,0,0,0,0,,,,,
Tyree Jackson,TE,PHI,16,NYG,0,0,0,0,0,0,0,0,0,0,0,1,0,0,0,0,0,0,0,0,0,0,,,,,
Tyreek Hill,WR,KC,16,PIT,0,0,0,0,0,0,0,0,2,19,0,2,0,0,0,0,0,0,0,0,0,0,,,,,
Van Jefferson,WR,LA,16,MIN,0,0,0,0,0,0,0,0,1,6,0,6,0,0,0,0,0,0,0,0,0,0,,,,,
WAS,DEF,WAS,16,DAL,,,,,,,,,,,,,,,,,,,,,,,0,0,0,0,56.0
Wayne Gallman,RB,MIN,16,LA,0,0,0,0,0,0,0,0,0,0,0,0,0,0,0,0,0,0,0,0,0,0,,,,,
Younghoe Koo,K,ATL,16,DET,0,0,0,0,0,0,0,0,0,0,0,0,0,0,0,0,0,0,1,1,0,2,,,,,
Zach Ertz,TE,ARI,16,IND,0,0,0,0,0,0,0,0,8,54,0,13,0,0,0,0,0,0,0,0,0,0,,,,,
Zach Gentry,TE,PIT,16,KC,0,0,0,0,0,0,0,0,4,31,0,4,0,0,0,0,0,0,0,0,0,0,,,,,
Zach Wilson,QB,NYJ,16,JAX,102,1,22,14,0,91,1,4,0,0,0,0,0,0,0,0,0,0,0,0,0,0,,,,,
Zack Moss,RB,BUF,16,NE,0,0,0,0,0,12,0,3,1,13,0,1,0,0,0,0,0,0,0,0,0,0,,,,,
Zay Jones,WR,LV,16,DEN,0,0,0,0,0,0,0,0,6,50,0,8,0,0,0,0,0,0,0,0,0,0,,,,,
A.J. Brown,WR,TEN,17,MIA,0,0,0,0,0,0,0,0,2,41,0,5,0,0,0,0,0,0,0,0,0,0,,,,,
A.J. Green,WR,ARI,17,DAL,0,0,0,0,0,0,0,0,3,74,0,6,0,0,0,0,0,0,0,0,0,0,,,,,
AJ Dillon,RB,GB,17,MIN,0,0,0,0,0,63,2,14,2,20,0,3,0,0,0,0,0,0,0,0,0,0,,,,,
ARI,DEF,ARI,17,DAL,,,,,,,,,,,,,,,,,,,,,,,0,0,0,0,22.0
ATL,DEF,ATL,17,BUF,,,,,,,,,,,,,,,,,,,,,,,0,1,0,0,29.0
Aaron Jones,RB,GB,17,MIN,0,0,0,0,0,76,0,8,5,30,0,6,0,0,0,0,0,0,0,0,0,0,,,,,
Aaron Rodgers,QB,GB,17,MIN,288,2,38,29,0,8,0,2,0,0,0,0,0,0,0,0,0,0,0,0,0,0,,,,,
Adam Humphries,WR,WAS,17,PHI,0,0,0,0,0,0,0,0,2,12,0,2,0,0,0,0,0,0,0,0,0,0,,,,,
Albert Okwuegbunam,TE,DEN,17,LAC,0,0,0,0,0,0,0,0,2,5,0,2,0,0,0,0,0,0,0,0,0,0,,,,,
Alex Erickson,WR,CAR,17,NO,0,0,0,0,0,0,0,0,0,0,0,0,0,0,0,0,0,0,0,0,0,0,,,,,
Alexander Mattison,RB,MIN,17,GB,0,0,0,0,0,0,0,0,4,13,0,5,0,0,0,0,0,0,0,0,0,0,,,,,
Allen Lazard,WR,GB,17,MIN,0,0,0,0,0,0,0,0,6,72,1,6,0,0,0,0,0,0,0,0,0,0,,,,,
Allen Robinson,WR,CHI,17,NYG,0,0,0,0,0,0,0,0,4,35,0,6,0,0,0,0,0,0,0,0,0,0,,,,,
Alvin Kamara,RB,NO,17,CAR,0,0,0,0,0,32,0,13,5,68,1,6,0,0,0,0,0,0,0,0,0,0,,,,,
Amari Cooper,WR,DAL,17,ARI,0,0,0,0,0,0,0,0,3,18,1,7,0,0,0,0,0,0,0,0,0,0,,,,,
Ameer Abdullah,RB,CAR,17,NO,0,0,0,0,0,21,0,6,4,31,0,4,0,0,0,0,0,0,0,0,0,0,,,,,
Amon-Ra St. Brown,WR,DET,17,SEA,0,0,0,0,0,23,1,2,8,111,1,11,0,0,1,0,0,0,0,0,0,0,,,,,
Andre Roberts,WR,LAC,17,DEN,0,0,0,0,0,0,0,0,0,0,0,0,1,0,0,0,0,0,0,0,0,0,,,,,
Andy Dalton,QB,CHI,17,NYG,173,1,35,18,1,14,0,3,0,0,0,0,0,0,0,0,0,0,0,0,0,0,,,,,
Anthony Firkser,TE,TEN,17,MIA,0,0,0,0,0,0,0,0,3,24,1,3,0,0,0,0,0,0,0,0,0,0,,,,,
Anthony Schwartz,WR,CLE,17,PIT,0,0,0,0,0,0,0,0,0,0,0,2,0,0,0,0,0,0,0,0,0,0,,,,,
Antoine Wesley,WR,ARI,17,DAL,0,0,0,0,0,0,0,0,4,30,2,5,0,0,0,0,0,0,0,0,0,0,,,,,
Antonio Brown,WR,TB,17,NYJ,0,0,0,0,0,0,0,0,3,26,0,5,0,0,0,0,0,0,0,0,0,0,,,,,
Ashton Dulin,WR,IND,17,LV,0,0,0,0,0,0,0,0,0,0,0,1,0,0,0,0,0,0,0,0,0,0,,,,,
Austin Ekeler,RB,LAC,17,DEN,0,0,0,0,0,58,1,17,3,54,0,3,0,0,0,0,0,0,0,0,0,0,,,,,
Austin Hooper,TE,CLE,17,PIT,0,0,0,0,0,0,0,0,2,28,0,5,0,0,0,0,0,0,0,0,0,0,,,,,
Austin Walter,RB,NYJ,17,TB,0,0,0,0,0,49,0,14,0,0,0,0,0,0,0,0,0,0,0,0,0,0,,,,,
Avery Williams,RB,ATL,17,BUF,0,0,0,0,0,0,0,0,0,0,0,0,0,0,0,0,0,0,0,0,0,0,,,,,
BAL,DEF,BAL,17,LA,,,,,,,,,,,,,,,,,,,,,,,1,0,0,0,20.0
BUF,DEF,BUF,17,ATL,,,,,,,,,,,,,,,,,,,,,,,0,0,0,0,15.0
Baker Mayfield,QB,CLE,17,PIT,185,2,38,16,2,16,0,2,0,0,0,0,0,0,0,0,0,0,0,0,0,0,,,,,
Ben Roethlisberger,QB,PIT,17,CLE,123,1,46,24,1,-1,0,1,0,0,0,0,0,0,0,0,0,0,0,0,0,0,,,,,
Ben Skowronek,WR,LA,17,BAL,0,0,0,0,0,0,0,0,2,18,0,2,0,0,0,0,0,0,0,0,0,0,,,,,
Benny Snell,RB,PIT,17,CLE,0,0,0,0,0,2,0,1,0,0,0,0,0,0,0,0,0,0,0,0,0,0,,,,,
Blake Bell,TE,KC,17,CIN,0,0,0,0,0,2,0,1,3,35,0,3,0,0,0,0,0,0,0,0,0,0,,,,,
Boston Scott,RB,PHI,17,WAS,0,0,0,0,0,47,2,14,4,39,0,4,0,0,0,0,0,0,0,0,0,0,,,,,
Brandin Cooks,WR,HOU,17,SF,0,0,0,0,0,0,0,0,7,66,1,11,0,0,0,0,0,0,0,0,0,0,,,,,
Brandon Aiyuk,WR,SF,17,HOU,0,0,0,0,0,0,0,0,4,94,0,6,0,0,0,0,0,0,0,0,0,0,,,,,
Brandon Allen,QB,CIN,17,KC,0,0,1,0,0,0,0,1,0,0,0,0,0,0,0,0,0,0,0,0,0,0,,,,,
Brandon Bolden,RB,NE,17,JAX,0,0,0,0,0,4,0,1,2,21,0,3,0,0,0,0,0,0,0,0,0,0,,,,,
Brandon McManus,K,DEN,17,LAC,0,0,0,0,0,0,0,0,0,0,0,0,0,0,0,0,1,0,0,0,1,1,,,,,
Brandon Powell,WR,LA,17,BAL,0,0,0,0,0,0,0,0,0,0,0,0,0,0,0,0,0,0,0,0,0,0,,,,,
Brandon Zylstra,WR,CAR,17,NO,0,0,0,0,0,0,0,0,0,0,0,0,0,0,0,0,0,0,0,0,0,0,,,,,
Braxton Berrios,WR,NYJ,17,TB,0,0,0,0,0,12,1,2,8,65,1,12,0,0,0,0,0,0,0,0,0,0,,,,,
Breshad Perriman,WR,TB,17,NYJ,0,0,0,0,0,0,0,0,2,41,0,3,0,0,0,0,0,0,0,0,0,0,,,,,
Brett Maher,K,NO,17,CAR,0,0,0,0,0,0,0,0,0,0,0,0,0,0,0,0,1,1,2,0,0,0,,,,,
Brett Rypien,QB,DEN,17,LAC,0,0,2,0,0,0,0,0,0,0,0,0,0,0,0,0,0,0,0,0,0,0,,,,,
Brevin Jordan,TE,HOU,17,SF,0,0,0,0,0,0,0,0,1,9,0,1,0,0,0,0,0,0,0,0,0,0,,,,,
Brian Hoyer,QB,NE,17,JAX,63,0,4,3,0,1,0,2,0,0,0,0,0,0,0,0,0,0,0,0,0,0,,,,,
Bryan Edwards,WR,LV,17,IND,0,0,0,0,0,0,0,0,0,0,0,2,0,0,0,0,0,0,0,0,0,0,,,,,
Byron Pringle,WR,KC,17,CIN,0,0,0,0,0,0,0,0,3,35,0,4,0,0,0,0,0,0,0,0,0,0,,,,,
C.J. Uzomah,TE,CIN,17,KC,0,0,0,0,0,0,0,0,4,32,0,6,0,0,0,0,0,0,0,0,0,0,,,,,
CAR,DEF,CAR,17,NO,,,,,,,,,,,,,,,,,,,,,,,0,0,0,0,18.0
CHI,DEF,CHI,17,NYG,,,,,,,,,,,,,,,,,,,,,,,0,1,0,0,3.0
CIN,DEF,CIN,17,KC,,,,,,,,,,,,,,,,,,,,,,,0,0,0,0,31.0
CLE,DEF,CLE,17,PIT,,,,,,,,,,,,,,,,,,,,,,,0,0,0,0,26.0
Cairo Santos,K,CHI,17,NYG,0,0,0,0,0,0,0,0,0,0,0,0,0,0,0,0,1,0,1,0,0,3,,,,,
Cam Newton,QB,CAR,17,NO,0,0,0,0,0,5,0,1,0,0,0,0,0,0,0,0,0,0,0,0,0,0,,,,,
Cam Sims,WR,WAS,17,PHI,0,0,0,0,0,0,0,0,4,48,0,5,0,0,0,0,0,0,0,0,0,0,,,,,
Cameron Brate,TE,TB,17,NYJ,0,0,0,0,0,0,0,0,2,5,1,3,0,0,0,0,0,0,0,0,0,0,,,,,
Carson Wentz,QB,IND,17,LV,148,1,27,16,0,10,0,3,0,0,0,0,0,0,0,0,0,0,0,0,0,0,,,,,
Cedrick Wilson Jr.,WR,DAL,17,ARI,31,0,1,1,0,0,0,0,6,35,1,6,0,0,1,0,0,0,0,0,0,0,,,,,
CeeDee Lamb,WR,DAL,17,ARI,0,0,0,0,0,0,0,0,3,51,0,4,0,0,0,0,0,0,0,0,0,0,,,,,
Charlie Woerner,TE,SF,17,HOU,0,0,0,0,0,0,0,0,0,0,0,0,0,0,0,0,0,0,0,0,0,0,,,,,
Chase Claypool,WR,PIT,17,CLE,0,0,0,0,0,0,0,0,3,17,0,9,0,0,0,0,0,0,0,0,0,0,,,,,
Chase Edmonds,RB,ARI,17,DAL,0,0,0,0,0,53,0,18,5,29,0,6,0,0,0,0,0,0,0,0,0,0,,,,,
Chase McLaughlin,K,CLE,17,PIT,0,0,0,0,0,0,0,0,0,0,0,0,0,0,0,0,0,0,0,0,0,2,,,,,
Chester Rogers,WR,TEN,17,MIA,0,0,0,0,0,0,0,0,2,13,0,2,0,0,0,0,0,0,0,0,0,0,,,,,
Chris Boswell,K,PIT,17,CLE,0,0,0,0,0,0,0,0,0,0,0,0,0,0,0,0,1,1,1,1,0,2,,,,,
Chris Conley,WR,HOU,17,SF,0,0,0,0,0,3,0,1,1,-2,0,2,0,0,0,0,0,0,0,0,0,0,,,,,
Chris Manhertz,TE,JAX,17,NE,0,0,0,0,0,0,0,0,0,0,0,1,0,0,0,0,0,0,0,0,0,0,,,,,
Christian Kirk,WR,ARI,17,DAL,0,0,0,0,0,0,0,0,6,79,0,9,0,0,0,0,0,0,0,0,0,0,,,,,
Chuba Hubbard,RB,CAR,17,NO,0,0,0,0,0,55,1,17,3,13,0,4,0,0,0,0,0,0,0,0,0,0,,,,,
Colby Parkinson,TE,SEA,17,DET,0,0,0,0,0,0,0,0,1,12,0,1,0,0,0,0,0,0,0,0,0,0,,,,,
Cole Beasley,WR,BUF,17,ATL,0,0,0,0,0,0,0,0,2,22,0,6,0,0,1,0,0,0,0,0,0,0,,,,,
Cole Kmet,TE,CHI,17,NYG,0,0,0,0,0,0,0,0,3,25,0,5,0,0,0,0,0,0,0,0,0,0,,,,,
Cooper Kupp,WR,LA,17,BAL,0,0,0,0,0,0,0,0,6,95,1,7,0,0,0,0,0,0,0,0,0,0,,,,,
Cordarrelle Patterson,RB,ATL,17,BUF,0,0,0,0,0,28,0,9,2,24,0,2,0,0,0,0,0,0,0,0,0,0,,,,,
Corey Clement,RB,DAL,17,ARI,0,0,0,0,0,0,0,0,0,0,0,0,0,0,0,0,0,0,0,0,0,0,,,,,
Courtland Sutton,WR,DEN,17,LAC,0,0,0,0,0,0,0,0,3,60,0,5,0,0,0,0,0,0,0,0,0,0,,,,,
Craig Reynolds,RB,DET,17,SEA,0,0,0,0,0,4,0,4,1,9,0,1,0,0,0,0,0,0,0,0,0,0,,,,,
Cyril Grayson,WR,TB,17,NYJ,0,0,0,0,0,0,0,0,6,81,1,8,0,0,0,0,0,0,0,0,0,0,,,,,
D'Andre Swift,RB,DET,17,SEA,0,0,0,0,0,32,0,4,2,7,0,3,0,0,0,0,0,0,0,0,0,0,,,,,
D'Ernest Johnson,RB,CLE,17,PIT,0,0,0,0,0,13,0,5,1,1,0,3,0,0,0,0,0,0,0,0,0,0,,,,,
D'Onta Foreman,RB,TEN,17,MIA,0,0,0,0,0,132,1,26,0,0,0,0,0,0,0,0,0,0,0,0,0,0,,,,,
DAL,DEF,DAL,17,ARI,,,,,,,,,,,,,,,,,,,,,,,0,0,0,0,25.0
DEN,DEF,DEN,17,LAC,,,,,,,,,,,,,,,,,,,,,,,0,0,0,0,34.0
DET,DEF,DET,17,SEA,,,,,,,,,,,,,,,,,,,,,,,0,0,0,0,51.0
DJ Moore,WR,CAR,17,NO,0,0,0,0,0,0,0,0,3,29,0,8,0,0,0,0,0,0,0,0,0,0,,,,,
DK Metcalf,WR,SEA,17,DET,0,0,0,0,0,6,0,1,6,63,3,9,0,0,0,0,0,0,0,0,0,0,,,,,
Dak Prescott,QB,DAL,17,ARI,226,3,38,24,0,20,0,5,0,0,0,0,0,0,1,0,0,0,0,0,0,0,,,,,
Dallas Goedert,TE,PHI,17,WAS,0,0,0,0,0,0,0,0,6,71,0,7,0,0,0,0,0,0,0,0,0,0,,,,,
Dalton Schultz,TE,DAL,17,ARI,0,0,0,0,0,0,0,0,6,54,0,10,0,0,0,0,0,0,0,0,0,0,,,,,
Dalvin Cook,RB,MIN,17,GB,0,0,0,0,0,13,0,9,3,0,0,3,0,0,0,0,0,0,0,0,0,0,,,,,
Damien Harris,RB,NE,17,JAX,0,0,0,0,0,35,2,9,1,12,0,1,0,0,0,0,0,0,0,0,0,0,,,,,
Damien Williams,RB,CHI,17,NYG,0,0,0,0,0,0,0,0,0,0,0,1,0,0,0,0,0,0,0,0,0,0,,,,,
Damiere Byrd,WR,CHI,17,NYG,0,0,0,0,0,0,0,0,1,23,0,2,0,0,0,0,0,0,0,0,0,0,,,,,
Daniel Brown,TE,NYJ,17,TB,0,0,0,0,0,0,0,0,2,29,0,2,0,0,0,0,0,0,0,0,0,0,,,,,
Daniel Carlson,K,LV,17,IND,0,0,0,0,0,0,0,0,0,0,0,0,0,0,0,0,0,1,2,0,0,2,,,,,
Dare Ogunbowale,RB,JAX,17,NE,0,0,0,0,0,36,0,9,2,32,1,2,0,0,0,0,0,0,0,0,0,0,,,,,
Darnell Mooney,WR,CHI,17,NYG,0,0,0,0,0,0,0,0,7,69,1,13,0,0,0,0,0,0,0,0,0,0,,,,,
Darrel Williams,RB,KC,17,CIN,0,0,0,0,0,88,2,14,3,19,0,3,0,0,0,0,0,0,0,0,0,0,,,,,
Darrell Daniels,TE,ARI,17,DAL,0,0,0,0,0,0,0,0,0,0,0,0,0,0,0,0,0,0,0,0,0,0,,,,,
Davante Adams,WR,GB,17,MIN,0,0,0,0,0,0,0,0,11,136,1,14,0,0,0,0,0,0,0,0,0,0,,,,,
David Montgomery,RB,CHI,17,NYG,0,0,1,0,1,64,2,22,2,17,0,2,0,0,0,0,0,0,0,0,0,0,,,,,
David Moore,WR,GB,17,MIN,0,0,0,0,0,0,0,0,0,0,0,0,0,0,0,0,0,0,0,0,0,0,,,,,
David Njoku,TE,CLE,17,PIT,0,0,0,0,0,0,0,0,4,28,1,4,0,0,0,0,0,0,0,0,0,0,,,,,
David Sills,WR,NYG,17,CHI,0,0,0,0,0,0,0,0,1,12,0,1,0,0,0,0,0,0,0,0,0,0,,,,,
Davis Mills,QB,HOU,17,SF,163,1,32,21,1,4,0,1,0,0,0,0,0,0,0,0,0,0,0,0,0,0,,,,,
Dawson Knox,TE,BUF,17,ATL,0,0,0,0,0,0,0,0,0,0,0,2,0,0,0,0,0,0,0,0,0,0,,,,,
Dax Milne,WR,WAS,17,PHI,0,0,0,0,0,1,0,1,0,0,0,1,0,0,0,0,0,0,0,0,0,0,,,,,
DeAndre Carter,WR,WAS,17,PHI,0,0,0,0,0,6,0,1,0,0,0,0,0,0,0,0,0,0,0,0,0,0,,,,,
DeSean Jackson,WR,LV,17,IND,0,0,0,0,0,0,0,0,1,5,0,3,0,0,0,0,0,0,0,0,0,0,,,,,
DeVante Parker,WR,MIA,17,TEN,0,0,0,0,0,0,0,0,4,46,0,13,0,0,0,0,0,0,0,0,0,0,,,,,
DeVonta Smith,WR,PHI,17,WAS,0,0,0,0,0,0,0,0,3,54,0,6,0,0,0,0,0,0,0,0,0,0,,,,,
Dede Westbrook,WR,MIN,17,GB,0,0,0,0,0,0,0,0,1,4,0,1,0,0,0,0,0,0,0,0,0,0,,,,,
Dee Eskridge,WR,SEA,17,DET,0,0,0,0,0,30,0,1,1,7,0,3,0,0,0,0,0,0,0,0,0,0,,,,,
DeeJay Dallas,RB,SEA,17,DET,0,0,0,0,0,1,0,1,0,0,0,0,0,0,0,0,0,0,0,0,0,0,,,,,
Deebo Samuel Sr.,WR,SF,17,HOU,0,0,0,0,0,19,0,7,3,63,1,6,0,0,0,0,0,0,0,0,0,0,,,,,
Demarcus Robinson,WR,KC,17,CIN,0,0,0,0,0,0,0,0,2,33,1,2,0,0,0,0,0,0,0,0,0,0,,,,,
Deon Jackson,RB,IND,17,LV,0,0,0,0,0,0,0,1,0,0,0,0,0,0,0,0,0,0,0,0,0,0,,,,,
Deonte Harty,WR,NO,17,CAR,0,0,0,0,0,0,0,0,2,23,0,2,0,0,0,0,0,0,0,0,0,0,,,,,
Derek Carr,QB,LV,17,IND,255,1,31,24,2,0,0,0,0,0,0,0,0,0,0,0,0,0,0,0,0,0,,,,,
Derrick Gore,RB,KC,17,CIN,0,0,0,0,0,37,0,3,1,8,0,1,0,0,0,0,0,0,0,0,0,0,,,,,
Devin Duvernay,WR,BAL,17,LA,0,0,0,0,0,4,0,1,2,19,0,3,0,0,0,0,0,0,0,0,0,0,,,,,
Devin Singletary,RB,BUF,17,ATL,0,0,0,0,0,110,2,23,0,0,0,1,0,0,0,0,0,0,0,0,0,0,,,,,
Devonta Freeman,RB,BAL,17,LA,0,0,0,0,0,76,0,14,1,1,0,1,0,0,0,0,0,0,0,0,0,0,,,,,
Devontae Booker,RB,NYG,17,CHI,0,0,0,0,0,46,0,18,2,0,0,3,0,0,0,0,0,0,0,0,0,0,,,,,
Dezmon Patmon,WR,IND,17,LV,0,0,0,0,0,0,0,0,0,0,0,1,0,0,0,0,0,0,0,0,0,0,,,,,
Diontae Johnson,WR,PIT,17,CLE,0,0,0,0,0,0,0,0,8,31,1,15,0,0,0,0,0,0,0,0,0,0,,,,,
Diontae Spencer,WR,DEN,17,LAC,0,0,0,0,0,0,0,0,0,0,0,0,0,0,0,0,0,0,0,0,0,0,,,,,
Dominique Dafney,TE,GB,17,MIN,0,0,0,0,0,0,0,0,0,0,0,1,0,0,0,0,0,0,0,0,0,0,,,,,
Donovan Peoples-Jones,WR,CLE,17,PIT,0,0,0,0,0,0,0,0,3,76,0,5,0,0,0,0,0,0,0,0,0,0,,,,,
Dontrell Hilliard,RB,TEN,17,MIA,0,0,0,0,0,45,1,8,3,33,0,3,0,0,0,0,0,0,0,0,0,0,,,,,
Drew Lock,QB,DEN,17,LAC,245,1,25,18,0,10,0,3,1,1,0,1,0,0,0,0,0,0,0,0,0,0,,,,,
Drew Sample,TE,CIN,17,KC,0,0,0,0,0,0,0,0,0,0,0,0,0,0,0,0,0,0,0,0,0,0,,,,,
Duke Johnson,RB,MIA,17,TEN,0,0,0,0,0,49,0,7,2,16,0,3,0,0,0,0,0,0,0,0,0,0,,,,,
Durham Smythe,TE,MIA,17,TEN,0,0,0,0,0,0,0,0,3,37,0,3,0,0,0,0,0,0,0,0,0,0,,,,,
Dustin Hopkins,K,LAC,17,DEN,0,0,0,0,0,0,0,0,0,0,0,0,0,0,0,1,1,0,0,0,0,4,,,,,
Dyami Brown,WR,WAS,17,PHI,0,0,0,0,0,0,0,0,1,25,0,1,0,0,0,0,0,0,0,0,0,0,,,,,
Eddy Pineiro,K,NYJ,17,TB,0,0,0,0,0,0,0,0,0,0,0,0,0,0,0,0,0,0,0,1,0,3,,,,,
Elijah Mitchell,RB,SF,17,HOU,0,0,0,0,0,119,0,21,2,11,1,2,0,0,0,0,0,0,0,0,0,0,,,,,
Eno Benjamin,RB,ARI,17,DAL,0,0,0,0,0,3,0,2,0,0,0,0,0,0,0,0,0,0,0,0,0,0,,,,,
Equanimeous St. Brown,WR,GB,17,MIN,0,0,0,0,0,0,0,0,1,14,0,2,0,0,0,0,0,0,0,0,0,0,,,,,
Eric Saubert,TE,DEN,17,LAC,0,0,0,0,0,0,0,0,0,0,0,1,0,0,0,0,0,0,0,0,0,0,,,,,
Evan Engram,TE,NYG,17,CHI,0,0,0,0,0,0,0,0,1,12,0,2,0,0,0,0,0,0,0,0,0,0,,,,,
Evan McPherson,K,CIN,17,KC,0,0,0,0,0,0,0,0,0,0,0,0,0,0,0,0,1,0,1,0,0,4,,,,,
Ezekiel Elliott,RB,DAL,17,ARI,0,0,0,0,0,16,0,9,1,14,0,2,0,0,0,0,0,0,0,0,0,0,,,,,
Foster Moreau,TE,LV,17,IND,0,0,0,0,0,0,0,0,1,9,0,1,0,0,0,0,0,0,0,0,0,0,,,,,
Frank Darby,WR,ATL,17,BUF,0,0,0,0,0,0,0,0,0,0,0,1,0,0,0,0,0,0,0,0,0,0,,,,,
Freddie Swain,WR,SEA,17,DET,0,0,0,0,0,0,0,0,2,65,0,2,0,0,0,0,0,0,0,0,0,0,,,,,
GB,DEF,GB,17,MIN,,,,,,,,,,,,,,,,,,,,,,,0,0,0,0,10.0
Gabe Davis,WR,BUF,17,ATL,0,0,0,0,0,0,0,0,3,40,0,3,0,0,0,0,0,0,0,0,0,0,,,,,
Geoff Swaim,TE,TEN,17,MIA,0,0,0,0,0,0,0,0,3,9,1,3,0,0,0,0,0,0,0,0,0,0,,,,,
George Kittle,TE,SF,17,HOU,0,0,0,0,0,6,0,1,1,29,0,2,0,0,0,0,0,0,0,0,0,0,,,,,
Gerald Everett,TE,SEA,17,DET,0,0,0,0,0,0,0,0,3,36,0,5,0,0,0,0,0,0,0,0,0,0,,,,,
Giovanni Ricci,TE,CAR,17,NO,0,0,0,0,0,0,0,0,0,0,0,0,0,0,0,0,0,0,0,0,0,0,,,,,
Godwin Igwebuike,RB,DET,17,SEA,0,0,0,0,0,0,0,0,0,0,0,0,0,0,0,0,0,0,0,0,0,0,,,,,
Graham Gano,K,NYG,17,CHI,0,0,0,0,0,0,0,0,0,0,0,0,0,0,0,0,0,1,0,0,0,0,,,,,
Greg Dortch,WR,ARI,17,DAL,0,0,0,0,0,24,0,1,1,10,0,1,0,0,0,0,0,0,0,0,0,0,,,,,
Greg Joseph,K,MIN,17,GB,0,0,0,0,0,0,0,0,0,0,0,0,0,0,0,0,0,0,0,1,0,1,,,,,
Greg Ward,WR,PHI,17,WAS,0,0,0,0,0,0,0,0,2,35,0,2,0,0,0,0,0,0,0,0,0,0,,,,,
Greg Zuerlein,K,DAL,17,ARI,0,0,0,0,0,0,0,0,0,0,0,0,0,0,0,0,0,0,0,0,0,2,,,,,
Gunner Olszewski,WR,NE,17,JAX,0,0,0,0,0,0,0,0,1,9,0,1,0,0,0,0,0,0,0,0,0,0,,,,,
HOU,DEF,HOU,17,SF,,,,,,,,,,,,,,,,,,,,,,,0,0,0,0,23.0
Harrison Bryant,TE,CLE,17,PIT,0,0,0,0,0,0,0,0,1,1,1,1,0,0,0,0,0,0,0,0,0,0,,,,,
Harrison Butker,K,KC,17,CIN,0,0,0,0,0,0,0,0,0,0,0,0,0,0,0,0,0,1,0,0,0,4,,,,,
Hunter Henry,TE,NE,17,JAX,0,0,0,0,0,0,0,0,3,37,0,5,0,0,0,0,0,0,0,0,0,0,,,,,
Hunter Renfrow,WR,LV,17,IND,0,0,0,0,0,0,0,0,7,76,1,9,0,0,0,0,0,0,0,0,0,0,,,,,
IND,DEF,IND,17,LV,,,,,,,,,,,,,,,,,,,,,,,0,0,0,0,23.0
Ian Thomas,TE,CAR,17,NO,0,0,0,0,0,0,0,0,3,33,0,3,0,0,0,0,0,0,0,0,0,0,,,,,
Isaiah Ford,WR,MIA,17,TEN,0,0,0,0,0,0,0,0,1,0,0,2,0,0,0,0,0,0,0,0,0,0,,,,,
Isaiah McKenzie,WR,BUF,17,ATL,0,0,0,0,0,3,0,1,1,6,0,2,0,0,0,0,0,0,0,0,0,0,,,,,
JAX,DEF,JAX,17,NE,,,,,,,,,,,,,,,,,,,,,,,0,0,0,0,50.0
Ja'Marcus Bradley,WR,CLE,17,PIT,0,0,0,0,0,0,0,0,0,0,0,0,0,0,0,0,0,0,0,0,0,0,,,,,
Ja'Marr Chase,WR,CIN,17,KC,0,0,0,0,0,0,0,0,11,266,3,12,0,0,0,0,0,0,0,0,0,0,,,,,
JaMycal Hasty,RB,SF,17,HOU,0,0,0,0,0,0,0,0,1,6,0,1,0,0,0,0,0,0,0,0,0,0,,,,,
Jake Elliott,K,PHI,17,WAS,0,0,0,0,0,0,0,0,0,0,0,0,0,0,0,0,0,0,2,0,0,2,,,,,
Jake Kumerow,WR,BUF,17,ATL,0,0,0,0,0,0,0,0,0,0,0,0,0,0,0,0,0,0,0,0,0,0,,,,,
Jakeem Grant,WR,CHI,17,NYG,0,0,0,0,0,0,0,0,0,0,0,0,0,0,0,0,0,0,0,0,0,0,,,,,
Jakob Johnson,RB,NE,17,JAX,0,0,0,0,0,0,0,0,0,0,0,0,0,0,0,0,0,0,0,0,0,0,,,,,
Jakobi Meyers,WR,NE,17,JAX,0,0,0,0,0,0,0,0,8,73,1,8,0,0,0,0,0,0,0,0,0,0,,,,,
Jalen Guyton,WR,LAC,17,DEN,0,0,0,0,0,1,0,1,2,10,0,2,0,0,0,0,0,0,0,0,0,0,,,,,
Jalen Hurts,QB,PHI,17,WAS,214,0,26,17,0,44,0,7,0,0,0,0,0,0,0,0,0,0,0,0,0,0,,,,,
Jalen Reagor,WR,PHI,17,WAS,0,0,0,0,0,-3,0,1,0,0,0,1,0,0,0,0,0,0,0,0,0,0,,,,,
Jalen Richard,RB,LV,17,IND,0,0,0,0,0,4,0,1,1,19,0,1,0,0,0,0,0,0,0,0,0,0,,,,,
Jamaal Williams,RB,DET,17,SEA,0,0,0,0,0,22,1,11,3,22,0,3,0,0,0,0,0,0,0,0,0,0,,,,,
James Washington,WR,PIT,17,CLE,0,0,0,0,0,0,0,0,0,0,0,1,0,0,0,0,0,0,0,0,0,0,,,,,
Jaret Patterson,RB,WAS,17,PHI,0,0,0,0,0,57,1,12,5,41,0,5,0,0,0,0,0,0,0,0,0,0,,,,,
Jarvis Landry,WR,CLE,17,PIT,0,0,0,0,0,6,0,1,4,43,0,10,0,0,0,0,0,0,0,0,0,0,,,,,
Jason Myers,K,SEA,17,DET,0,0,0,0,0,0,0,0,0,0,0,0,0,0,0,0,0,1,1,1,0,6,,,,,
Jason Sanders,K,MIA,17,TEN,0,0,0,0,0,0,0,0,0,0,0,0,0,0,0,0,0,1,0,0,0,0,,,,,
Jauan Jennings,WR,SF,17,HOU,0,0,0,0,0,0,0,0,2,25,0,2,0,0,0,0,0,0,0,0,0,0,,,,,
Javonte Williams,RB,DEN,17,LAC,0,0,0,0,0,30,0,14,1,2,0,1,0,0,0,0,0,0,0,0,0,0,,,,,
Jaylen Samuels,RB,HOU,17,SF,0,0,0,0,0,7,0,3,3,14,0,3,0,0,0,0,0,0,0,0,0,0,,,,,
Jaylen Waddle,WR,MIA,17,TEN,0,0,0,0,0,0,0,0,3,47,0,7,0,0,0,0,0,0,0,0,0,0,,,,,
Jeff Smith,WR,NYJ,17,TB,0,0,0,0,0,0,0,0,1,13,0,4,0,0,0,0,0,0,0,0,0,0,,,,,
Jeff Wilson,RB,SF,17,HOU,0,0,0,0,0,0,0,0,0,0,0,0,0,0,0,0,0,0,0,0,0,0,,,,,
Jeremy McNichols,RB,TEN,17,MIA,0,0,0,0,0,14,0,2,0,0,0,0,0,0,0,0,0,0,0,0,0,0,,,,,
Jesse James,TE,CHI,17,NYG,0,0,0,0,0,0,0,0,1,4,0,1,0,0,0,0,0,0,0,0,0,0,,,,,
Jimmy Graham,TE,CHI,17,NYG,0,0,0,0,0,0,0,0,0,0,0,1,0,0,0,0,0,0,0,0,0,0,,,,,
Joe Burrow,QB,CIN,17,KC,446,4,39,30,0,10,0,5,0,0,0,0,0,0,0,0,0,0,0,0,0,0,,,,,
Joe Mixon,RB,CIN,17,KC,0,0,0,0,0,46,0,12,7,40,0,8,0,0,0,0,0,0,0,0,0,0,,,,,
Joey Slye,K,WAS,17,PHI,0,0,0,0,0,0,0,0,0,0,0,0,0,0,0,0,0,2,0,1,0,1,,,,,
John Bates,TE,WAS,17,PHI,0,0,0,0,0,0,0,0,3,35,0,4,0,0,0,0,0,0,0,0,0,0,,,,,
Jonathan Taylor,RB,IND,17,LV,0,0,0,0,0,108,1,20,1,6,0,2,0,0,0,0,0,0,0,0,0,0,,,,,
Jonathan Ward,RB,ARI,17,DAL,0,0,0,0,0,3,0,2,1,23,0,1,0,0,0,0,0,0,0,0,0,0,,,,,
Jonathan Williams,RB,WAS,17,PHI,0,0,0,0,0,4,0,2,2,7,0,3,0,0,0,0,0,0,0,0,0,0,,,,,
Jonnu Smith,TE,NE,17,JAX,0,0,0,0,0,5,0,1,1,20,0,1,0,0,0,0,0,0,0,0,0,0,,,,,
Jordan Howard,RB,PHI,17,WAS,0,0,0,0,0,26,0,11,0,0,0,1,0,0,0,0,0,0,0,0,0,0,,,,,
Jordan Love,QB,GB,17,MIN,19,0,4,2,0,9,0,2,0,0,0,0,0,0,0,0,0,0,0,0,0,0,,,,,
Jordan Veasy,WR,HOU,17,SF,0,0,0,0,0,0,0,0,0,0,0,0,0,0,0,0,0,0,0,0,0,0,,,,,
Josh Allen,QB,BUF,17,ATL,120,0,26,11,3,81,2,15,0,0,0,0,0,0,1,0,0,0,0,0,0,0,,,,,
Josh Gordon,WR,KC,17,CIN,0,0,0,0,0,0,0,0,1,5,0,1,0,0,0,0,0,0,0,0,0,0,,,,,
Josh Jacobs,RB,LV,17,IND,0,0,0,0,0,63,1,16,4,17,0,4,0,0,0,0,0,0,0,0,0,0,,,,,
Josh Palmer,WR,LAC,17,DEN,0,0,0,0,0,0,0,0,3,16,0,5,0,0,0,0,0,0,0,0,0,0,,,,,
Josiah Deguara,TE,GB,17,MIN,0,0,0,0,0,0,0,0,2,11,0,3,0,0,0,0,0,0,0,0,0,0,,,,,
Justin Herbert,QB,LAC,17,DEN,237,2,31,22,0,2,0,4,0,0,0,0,0,0,0,0,0,0,0,0,0,0,,,,,
Justin Jackson,RB,LAC,17,DEN,0,0,0,0,0,41,0,12,3,20,0,3,0,0,0,0,0,0,0,0,0,0,,,,,
Justin Jefferson,WR,MIN,17,GB,0,0,0,0,0,0,0,0,6,58,0,11,0,0,0,0,0,0,0,0,0,0,,,,,
Justin Tucker,K,BAL,17,LA,0,0,0,0,0,0,0,0,0,0,0,0,0,0,0,0,1,1,2,0,0,1,,,,,
Juwan Johnson,TE,NO,17,CAR,0,0,0,0,0,0,0,0,1,4,0,2,0,0,0,0,0,0,0,0,0,0,,,,,
Juwann Winfree,WR,GB,17,MIN,0,0,0,0,0,0,0,0,1,12,0,2,0,0,0,0,0,0,0,0,0,0,,,,,
K.J. Osborn,WR,MIN,17,GB,0,0,0,0,0,0,0,0,3,50,1,5,0,0,0,0,0,0,0,0,0,0,,,,,
KC,DEF,KC,17,CIN,,,,,,,,,,,,,,,,,,,,,,,0,0,0,0,34.0
Ka'imi Fairbairn,K,HOU,17,SF,0,0,0,0,0,0,0,0,0,0,0,0,0,0,0,0,0,0,0,0,0,1,,,,,
Ke'Shawn Vaughn,RB,TB,17,NYJ,0,0,0,0,0,31,0,8,2,14,0,3,0,0,0,0,0,0,0,0,0,0,,,,,
Keelan Cole,WR,NYJ,17,TB,0,0,0,0,0,0,0,0,2,35,0,5,0,0,0,0,0,0,0,0,0,0,,,,,
Keenan Allen,WR,LAC,17,DEN,0,0,0,0,0,0,0,0,4,44,1,9,0,0,0,0,0,0,0,0,0,0,,,,,
Kellen Mond,QB,MIN,17,GB,5,0,3,2,0,0,0,0,0,0,0,0,0,0,0,0,0,0,0,0,0,0,,,,,
Kendall Hinton,WR,DEN,17,LAC,1,0,1,1,0,0,0,0,2,23,0,5,0,0,0,0,0,0,0,0,0,0,,,,,
Kendrick Bourne,WR,NE,17,JAX,0,0,0,0,0,17,0,2,5,76,0,6,0,0,0,0,0,0,0,0,0,0,,,,,
Kene Nwangwu,RB,MIN,17,GB,0,0,0,0,0,0,0,0,0,0,0,0,0,0,0,0,0,0,0,0,0,0,,,,,
Kenjon Barner,RB,TB,17,NYJ,0,0,0,0,0,0,0,0,0,0,0,0,0,0,0,0,0,0,0,0,0,0,,,,,
Kenny Gainwell,RB,PHI,17,WAS,0,0,0,0,0,4,0,1,0,0,0,0,0,0,0,0,0,0,0,0,0,0,,,,,
Kenny Golladay,WR,NYG,17,CHI,0,0,0,0,0,0,0,0,0,0,0,1,0,0,0,0,0,0,0,0,0,0,,,,,
Kenny Yeboah,TE,NYJ,17,TB,0,0,0,0,0,0,0,0,2,36,0,2,0,0,0,0,0,0,0,0,0,0,,,,,
Kevin Rader,TE,PIT,17,CLE,0,0,0,0,0,0,0,0,0,0,0,0,0,0,0,0,0,0,0,0,0,0,,,,,
KhaDarel Hodge,WR,DET,17,SEA,0,0,0,0,0,0,0,0,5,76,0,10,0,0,0,0,0,0,0,0,0,0,,,,,
Khalil Herbert,RB,CHI,17,NYG,0,0,0,0,0,9,0,2,0,0,0,0,0,0,0,0,0,0,0,0,0,0,,,,,
Kristian Wilkerson,WR,NE,17,JAX,0,0,0,0,0,0,0,0,4,42,2,8,0,0,0,0,0,0,0,0,0,0,,,,,
Kyle Juszczyk,RB,SF,17,HOU,0,0,0,0,0,0,0,0,2,9,0,2,0,0,0,0,0,0,0,0,0,0,,,,,
Kyle Pitts,TE,ATL,17,BUF,0,0,0,0,0,0,0,0,2,69,0,4,0,0,0,0,0,0,0,0,0,0,,,,,
Kyle Rudolph,TE,NYG,17,CHI,0,0,0,0,0,0,0,0,0,0,0,1,0,0,0,0,0,0,0,0,0,0,,,,,
Kyler Murray,QB,ARI,17,DAL,263,2,38,26,0,44,0,9,0,0,0,0,0,0,0,0,0,0,0,0,0,0,,,,,
LA,DEF,LA,17,BAL,,,,,,,,,,,,,,,,,,,,,,,0,0,0,0,19.0
LAC,DEF,LAC,17,DEN,,,,,,,,,,,,,,,,,,,,,,,0,0,0,0,13.0
LV,DEF,LV,17,IND,,,,,,,,,,,,,,,,,,,,,,,0,0,0,0,20.0
Laquon Treadwell,WR,JAX,17,NE,0,0,0,0,0,0,0,0,6,87,0,6,0,0,0,0,0,0,0,0,0,0,,,,,
Latavius Murray,RB,BAL,17,LA,0,0,0,0,0,31,0,11,0,0,0,0,0,0,0,0,0,0,0,0,0,0,,,,,
Laviska Shenault Jr.,WR,JAX,17,NE,0,0,0,0,0,0,0,0,2,13,0,3,0,0,0,0,0,0,0,0,0,0,,,,,
Le'Veon Bell,RB,TB,17,NYJ,0,0,0,0,0,5,0,3,3,30,0,3,0,0,1,0,0,0,0,0,0,0,,,,,
Lil'Jordan Humphrey,WR,NO,17,CAR,0,0,0,0,0,0,0,0,2,26,0,2,0,0,0,0,0,0,0,0,0,0,,,,,
Lirim Hajrullahu,K,CAR,17,NO,0,0,0,0,0,0,0,0,0,0,0,0,0,0,0,0,0,1,0,0,0,1,,,,,
Luke Farrell,TE,JAX,17,NE,0,0,0,0,0,0,0,0,1,7,0,2,0,0,0,0,0,0,0,0,0,0,,,,,
MIA,DEF,MIA,17,TEN,,,,,,,,,,,,,,,,,,,,,,,0,0,0,0,34.0
MIN,DEF,MIN,17,GB,,,,,,,,,,,,,,,,,,,,,,,0,0,0,0,37.0
Mac Jones,QB,NE,17,JAX,227,3,30,22,0,12,0,2,0,0,0,0,0,0,0,0,0,0,0,0,0,0,,,,,
Mack Hollins,WR,MIA,17,TEN,0,0,0,0,0,0,0,0,0,0,0,1,0,0,0,0,0,0,0,0,0,0,,,,,
Marcus Kemp,WR,KC,17,CIN,0,0,0,0,0,0,0,0,0,0,0,1,0,0,0,0,0,0,0,0,0,0,,,,,
Marcus Mariota,QB,LV,17,IND,0,0,1,0,0,16,0,3,0,0,0,0,0,0,0,0,0,0,0,0,0,0,,,,,
Mark Andrews,TE,BAL,17,LA,0,0,0,0,0,0,0,0,6,89,0,6,0,0,0,0,0,0,0,0,0,0,,,,,
Marquez Callaway,WR,NO,17,CAR,0,0,0,0,0,0,0,0,6,97,0,10,0,0,0,0,0,0,0,0,0,0,,,,,
Marquez Stevenson,WR,BUF,17,ATL,0,0,0,0,0,0,0,0,0,0,0,0,0,0,0,0,0,0,0,0,0,0,,,,,
Marquez Valdes-Scantling,WR,GB,17,MIN,0,0,0,0,0,0,0,0,1,3,0,3,0,0,0,0,0,0,0,0,0,0,,,,,
Marquise Brown,WR,BAL,17,LA,0,0,0,0,0,0,0,0,3,28,0,8,0,0,0,0,0,0,0,0,0,0,,,,,
Marquise Goodwin,WR,CHI,17,NYG,0,0,0,0,0,0,0,0,0,0,0,2,0,0,0,0,0,0,0,0,0,0,,,,,
Marvin Jones,WR,JAX,17,NE,0,0,0,0,0,0,0,0,2,46,0,6,0,0,0,0,0,0,0,0,0,0,,,,,
Mason Crosby,K,GB,17,MIN,0,0,0,0,0,0,0,0,0,0,0,0,0,0,0,0,0,3,0,0,0,4,,,,,
Matt Gay,K,LA,17,BAL,0,0,0,0,0,0,0,0,0,0,0,0,0,0,0,0,0,0,0,0,0,2,,,,,
Matt Prater,K,ARI,17,DAL,0,0,0,0,0,0,0,0,0,0,0,0,0,0,0,0,2,1,0,1,0,1,,,,,
Matt Ryan,QB,ATL,17,BUF,197,0,23,13,0,7,0,2,0,0,0,0,0,0,0,0,0,0,0,0,0,0,,,,,
Matthew Slater,WR,NE,17,JAX,0,0,0,0,0,0,0,0,0,0,0,0,0,0,0,0,0,0,0,0,0,0,,,,,
Matthew Stafford,QB,LA,17,BAL,309,2,35,26,2,-1,0,1,0,0,0,0,0,0,0,0,0,0,0,0,0,0,,,,,
Matthew Wright,K,JAX,17,NE,0,0,0,0,0,0,0,0,0,0,0,0,0,0,0,0,1,0,0,0,0,1,,,,,
Mecole Hardman,WR,KC,17,CIN,0,0,0,0,0,0,0,0,1,53,0,1,0,0,0,0,0,0,0,0,0,0,,,,,
Melvin Gordon,RB,DEN,17,LAC,0,0,0,0,0,43,0,10,3,29,0,4,0,0,0,0,0,0,0,0,0,0,,,,,
Michael Carter,RB,NYJ,17,TB,0,0,0,0,0,54,0,3,1,9,0,1,0,0,0,0,0,0,0,0,0,0,,,,,
Michael Gallup,WR,DAL,17,ARI,0,0,0,0,0,0,0,0,3,36,1,4,0,0,0,0,0,0,0,0,0,0,,,,,
Michael Pittman,WR,IND,17,LV,0,0,0,0,0,0,0,0,6,47,0,6,0,0,0,0,0,0,0,0,0,0,,,,,
Mike Badgley,K,IND,17,LV,0,0,0,0,0,0,0,0,0,0,0,0,0,0,0,0,0,0,2,0,0,2,,,,,
Mike Davis,RB,ATL,17,BUF,0,0,0,0,0,42,1,8,1,15,0,2,0,0,0,0,0,0,0,0,0,0,,,,,
Mike Evans,WR,TB,17,NYJ,0,0,0,0,0,0,0,0,4,47,1,7,0,0,0,0,0,0,0,0,0,0,,,,,
Mike Gesicki,TE,MIA,17,TEN,0,0,1,0,0,0,0,0,4,51,0,7,0,0,0,0,0,0,0,0,0,0,,,,,
Mike Glennon,QB,NYG,17,CHI,24,0,11,4,2,13,0,1,0,0,0,0,0,0,0,0,0,0,0,0,0,0,,,,,
Mike Williams,WR,LAC,17,DEN,0,0,0,0,0,0,0,0,3,63,1,4,0,0,0,0,0,0,0,0,0,0,,,,,
Mo Alie-Cox,TE,IND,17,LV,0,0,0,0,0,0,0,0,3,28,0,5,0,0,0,0,0,0,0,0,0,0,,,,,
Myles Gaskin,RB,MIA,17,TEN,0,0,0,0,0,23,0,5,0,0,0,1,0,0,0,0,0,0,0,0,0,0,,,,,
NE,DEF,NE,17,JAX,,,,,,,,,,,,,,,,,,,,,,,0,0,0,0,10.0
NO,DEF,NO,17,CAR,,,,,,,,,,,,,,,,,,,,,,,0,0,0,0,10.0
NYG,DEF,NYG,17,CHI,,,,,,,,,,,,,,,,,,,,,,,0,0,0,0,29.0
NYJ,DEF,NYJ,17,TB,,,,,,,,,,,,,,,,,,,,,,,0,0,0,0,28.0
Najee Harris,RB,PIT,17,CLE,0,0,0,0,0,188,1,28,3,18,0,3,0,0,0,0,0,0,0,0,0,0,,,,,
Nathan Cottrell,RB,JAX,17,NE,0,0,0,0,0,0,0,0,0,0,0,0,0,0,0,0,0,0,0,0,0,0,,,,,
Nick Boyle,TE,BAL,17,LA,0,0,0,0,0,0,0,0,1,2,0,1,0,0,0,0,0,0,0,0,0,0,,,,,
Nick Chubb,RB,CLE,17,PIT,0,0,0,0,0,58,0,12,0,0,0,1,0,0,0,0,0,0,0,0,0,0,,,,,
Nick Folk,K,NE,17,JAX,0,0,0,0,0,0,0,0,0,0,0,0,0,0,0,0,0,0,1,0,0,5,,,,,
Nick Westbrook-Ikhine,WR,TEN,17,MIA,0,0,0,0,0,0,0,0,0,0,0,2,0,0,0,0,0,0,0,0,0,0,,,,,
Nico Collins,WR,HOU,17,SF,0,0,0,0,0,0,0,0,2,35,0,5,0,0,0,0,0,0,0,0,0,0,,,,,
Noah Fant,TE,DEN,17,LAC,0,0,0,0,0,0,0,0,6,92,1,7,0,0,0,0,0,0,0,0,0,0,,,,,
Noah Gray,TE,KC,17,CIN,0,0,0,0,0,0,0,0,1,6,0,1,0,0,0,0,0,0,0,0,0,0,,,,,
Nyheim Hines,RB,IND,17,LV,0,0,0,0,0,4,0,2,4,14,0,4,0,0,0,0,0,0,0,0,0,0,,,,,
Odell Beckham Jr.,WR,LA,17,BAL,0,0,0,0,0,0,0,0,5,39,1,7,0,0,0,0,0,0,0,0,0,0,,,,,
Olamide Zaccheaus,WR,ATL,17,BUF,0,0,0,0,0,0,0,0,2,8,0,3,0,0,0,0,0,0,0,0,0,0,,,,,
PHI,DEF,PHI,17,WAS,,,,,,,,,,,,,,,,,,,,,,,0,0,0,0,16.0
PIT,DEF,PIT,17,CLE,,,,,,,,,,,,,,,,,,,,,,,0,0,0,0,14.0
Parker Hesse,TE,ATL,17,BUF,0,0,0,0,0,0,0,0,3,31,0,3,0,0,0,0,0,0,0,0,0,0,,,,,
Pat Freiermuth,TE,PIT,17,CLE,0,0,0,0,0,0,0,0,5,22,0,6,0,0,0,0,0,0,0,0,0,0,,,,,
Patrick Mahomes,QB,KC,17,CIN,259,2,35,26,0,25,0,2,0,0,0,0,0,0,0,0,0,0,0,0,0,0,,,,,
Patrick Taylor,RB,GB,17,MIN,0,0,0,0,0,18,0,6,0,0,0,0,0,0,0,0,0,0,0,0,0,0,,,,,
Penny Hart,WR,SEA,17,DET,0,0,0,0,0,0,0,0,1,6,0,1,0,0,0,0,0,0,0,0,0,0,,,,,
Peyton Barber,RB,LV,17,IND,0,0,0,0,0,3,0,6,2,9,0,2,0,0,0,0,0,0,0,0,0,0,,,,,
Pharaoh Brown,TE,HOU,17,SF,0,0,0,0,0,0,0,0,1,9,0,1,0,0,0,0,0,0,0,0,0,0,,,,,
Pharoh Cooper,WR,NYG,17,CHI,0,0,0,0,0,0,0,0,0,0,0,2,0,0,0,0,0,0,0,0,0,0,,,,,
Phillip Lindsay,RB,MIA,17,TEN,0,0,0,0,0,1,0,2,1,8,0,1,0,0,0,0,0,0,0,0,0,0,,,,,
Qadree Ollison,RB,ATL,17,BUF,0,0,0,0,0,19,0,3,0,0,0,0,0,0,0,0,0,0,0,0,0,0,,,,,
Quez Watkins,WR,PHI,17,WAS,0,0,0,0,0,0,0,0,2,15,0,4,0,0,0,0,0,0,0,0,0,0,,,,,
Randy Bullock,K,TEN,17,MIA,0,0,0,0,0,0,0,0,0,0,0,0,0,0,0,0,1,0,1,0,0,4,,,,,
Rashaad Penny,RB,SEA,17,DET,0,0,0,0,0,170,2,25,2,15,0,3,0,0,0,0,0,0,0,0,0,0,,,,,
Rashard Higgins,WR,CLE,17,PIT,0,0,0,0,0,0,0,0,1,8,0,5,0,0,0,0,0,0,0,0,0,0,,,,,
Rashod Bateman,WR,BAL,17,LA,0,0,0,0,0,0,0,0,7,58,0,10,0,0,0,0,0,0,0,0,0,0,,,,,
Ray-Ray McCloud,WR,PIT,17,CLE,0,0,0,0,0,0,0,0,4,35,0,10,0,0,0,0,0,0,0,0,0,0,,,,,
Rex Burkhead,RB,HOU,17,SF,0,0,0,0,0,47,0,16,6,32,0,6,0,0,0,0,0,0,0,0,0,0,,,,,
Rhamondre Stevenson,RB,NE,17,JAX,0,0,0,0,0,107,2,19,0,0,0,0,0,0,0,0,0,0,0,0,0,0,,,,,
Ricky Seals-Jones,TE,WAS,17,PHI,0,0,0,0,0,0,0,0,1,8,0,2,0,0,0,0,0,0,0,0,0,0,,,,,
Riley Patterson,K,DET,17,SEA,0,0,0,0,0,0,0,0,0,0,0,0,0,0,0,0,0,0,0,0,0,3,,,,,
River Cracraft,WR,SF,17,HOU,0,0,0,0,0,0,0,0,0,0,0,0,0,0,0,0,0,0,0,0,0,0,,,,,
Rob Gronkowski,TE,TB,17,NYJ,0,0,0,0,0,0,0,0,7,115,0,10,0,0,0,0,0,0,0,0,0,0,,,,,
Robbie Chosen,WR,CAR,17,NO,0,0,0,0,0,0,0,0,2,10,0,2,0,0,0,0,0,0,0,0,0,0,,,,,
Robbie Gould,K,SF,17,HOU,0,0,0,0,0,0,0,0,0,0,0,0,0,0,0,0,1,2,0,0,0,2,,,,,
Ronald Jones,RB,TB,17,NYJ,0,0,0,0,0,26,0,10,1,1,0,1,0,0,0,0,0,0,0,0,0,0,,,,,
Royce Freeman,RB,HOU,17,SF,0,0,0,0,0,25,0,6,0,0,0,1,0,0,0,0,0,0,0,0,0,0,,,,,
Russell Gage,WR,ATL,17,BUF,0,0,0,0,0,0,0,0,3,50,0,5,0,0,0,0,0,0,0,0,0,0,,,,,
Russell Wilson,QB,SEA,17,DET,236,4,29,20,0,24,0,6,0,0,0,0,0,0,0,0,0,0,0,0,0,0,,,,,
Ryan Nall,RB,CHI,17,NYG,0,0,0,0,0,0,0,0,0,0,0,0,0,0,0,0,0,0,0,0,0,0,,,,,
Ryan Succop,K,TB,17,NYJ,0,0,0,0,0,0,0,0,0,0,0,0,0,0,0,0,1,1,0,0,0,2,,,,,
Ryan Tannehill,QB,TEN,17,MIA,120,2,18,13,0,7,0,4,0,0,0,0,0,0,0,0,0,0,0,0,0,0,,,,,
Ryquell Armstead,RB,JAX,17,NE,0,0,0,0,0,28,0,6,1,6,0,2,0,0,0,0,0,0,0,0,0,0,,,,,
SEA,DEF,SEA,17,DET,,,,,,,,,,,,,,,,,,,,,,,0,0,0,0,29.0
SF,DEF,SF,17,HOU,,,,,,,,,,,,,,,,,,,,,,,0,0,0,0,7.0
Sam Darnold,QB,CAR,17,NO,132,0,26,17,1,7,0,2,0,0,0,0,0,0,0,0,0,0,0,0,0,0,,,,,
Samaje Perine,RB,CIN,17,KC,0,0,0,0,0,4,0,1,1,10,0,1,0,0,0,0,0,0,0,0,0,0,,,,,
Saquon Barkley,RB,NYG,17,CHI,0,0,0,0,0,102,0,21,0,0,0,1,0,0,0,0,0,0,0,0,0,0,,,,,
Sean Mannion,QB,MIN,17,GB,189,1,36,22,0,14,0,2,0,0,0,0,0,0,0,0,0,0,0,0,0,0,,,,,
Seth Williams,WR,DEN,17,LAC,0,0,0,0,0,0,0,0,1,34,0,1,0,0,0,0,0,0,0,0,0,0,,,,,
Shi Smith,WR,CAR,17,NO,0,0,0,0,0,0,0,0,0,0,0,1,0,0,0,0,0,0,0,0,0,0,,,,,
Sony Michel,RB,LA,17,BAL,0,0,0,0,0,74,1,19,3,25,0,5,0,0,0,0,0,0,0,0,0,0,,,,,
Stanley Morgan,WR,CIN,17,KC,0,0,0,0,0,0,0,0,0,0,0,0,0,0,0,0,0,0,0,0,0,0,,,,,
Stefon Diggs,WR,BUF,17,ATL,0,0,0,0,0,0,0,0,5,52,0,9,0,0,0,0,0,0,0,0,0,0,,,,,
Stephen Anderson,TE,LAC,17,DEN,0,0,0,0,0,0,0,0,1,8,0,1,0,0,0,0,0,0,0,0,0,0,,,,,
T.Y. Hilton,WR,IND,17,LV,0,0,0,0,0,0,0,0,1,45,1,3,0,0,0,0,0,0,0,0,0,0,,,,,
TB,DEF,TB,17,NYJ,,,,,,,,,,,,,,,,,,,,,,,0,0,0,0,24.0
TEN,DEF,TEN,17,MIA,,,,,,,,,,,,,,,,,,,,,,,0,0,0,0,3.0
Taiwan Jones,RB,BUF,17,ATL,0,0,0,0,0,0,0,0,0,0,0,0,0,0,0,0,0,0,0,0,0,0,,,,,
Tavon Austin,WR,JAX,17,NE,0,0,0,0,0,0,0,0,3,2,0,4,0,0,0,0,0,0,0,0,0,0,,,,,
Taylor Heinicke,QB,WAS,17,PHI,247,0,36,27,1,14,0,2,0,0,0,0,0,0,0,0,0,0,0,0,0,0,,,,,
Taysom Hill,TE,NO,17,CAR,222,1,28,17,0,45,0,12,0,0,0,0,0,0,0,0,0,0,0,0,0,0,,,,,
Tee Higgins,WR,CIN,17,KC,0,0,0,0,0,0,0,0,3,62,0,5,0,0,0,0,0,0,0,0,0,0,,,,,
Terrace Marshall Jr.,WR,CAR,17,NO,0,0,0,0,0,0,0,0,2,16,0,2,0,0,0,0,0,0,0,0,0,0,,,,,
Terry McLaurin,WR,WAS,17,PHI,0,0,0,0,0,0,0,0,7,61,0,8,0,0,0,0,0,0,0,0,0,0,,,,,
Tim Boyle,QB,DET,17,SEA,262,2,37,22,3,14,0,1,0,0,0,0,0,0,1,0,0,0,0,0,0,0,,,,,
Tom Brady,QB,TB,17,NYJ,410,3,50,34,1,0,0,0,0,0,0,0,0,0,0,0,0,0,0,0,0,0,,,,,
Tom Kennedy,WR,DET,17,SEA,0,0,0,0,0,0,0,0,0,0,0,3,0,0,0,0,0,0,0,0,0,0,,,,,
Tony Jones,RB,NO,17,CAR,0,0,0,0,0,-2,0,1,0,0,0,0,0,0,0,0,0,0,0,0,0,0,,,,,
Tony Pollard,RB,DAL,17,ARI,0,0,0,0,0,9,0,3,3,49,0,5,0,0,0,0,0,0,0,0,0,0,,,,,
Travis Benjamin,WR,SF,17,HOU,0,0,0,0,0,0,0,0,0,0,0,0,0,0,0,0,0,0,0,0,0,0,,,,,
Travis Homer,RB,SEA,17,DET,0,0,0,0,0,27,0,6,0,0,0,0,0,0,0,0,0,0,0,0,0,0,,,,,
Travis Kelce,TE,KC,17,CIN,0,0,0,0,0,-1,0,1,5,25,1,7,0,0,0,0,0,0,0,0,0,0,,,,,
Tre' McKitty,TE,LAC,17,DEN,0,0,0,0,0,0,0,0,3,22,0,3,0,0,0,0,0,0,0,0,0,0,,,,,
Trent Sherfield,WR,SF,17,HOU,0,0,0,0,0,0,0,0,1,12,0,2,0,0,0,0,0,0,0,0,0,0,,,,,
Trent Taylor,WR,CIN,17,KC,0,0,0,0,0,0,0,0,0,0,0,0,0,0,0,0,0,0,0,0,0,0,,,,,
Trevor Lawrence,QB,JAX,17,NE,193,1,27,17,3,16,0,2,0,0,0,0,0,0,0,0,0,0,0,0,0,0,,,,,
Trey Lance,QB,SF,17,HOU,249,2,23,16,1,31,0,8,0,0,0,0,0,0,0,0,0,0,0,0,0,0,,,,,
Trinity Benson,WR,DET,17,SEA,0,0,0,0,0,0,0,0,2,31,0,4,0,0,0,0,0,0,0,0,0,0,,,,,
Tua Tagovailoa,QB,MIA,17,TEN,205,0,38,18,1,1,0,2,0,0,0,0,0,0,0,0,0,0,0,0,0,0,,,,,
Ty Johnson,RB,NYJ,17,TB,0,0,0,0,0,35,1,5,3,47,0,4,0,0,0,0,0,0,0,0,0,0,,,,,
Ty Montgomery,WR,NO,17,CAR,0,0,0,0,0,-4,0,1,0,0,0,0,0,0,0,0,0,0,0,0,0,0,,,,,
Tyler Bass,K,BUF,17,ATL,0,0,0,0,0,0,0,0,0,0,0,0,0,0,0,0,0,0,0,0,0,3,,,,,
Tyler Boyd,WR,CIN,17,KC,0,0,0,0,0,0,0,0,4,36,1,6,0,0,0,0,0,0,0,0,0,0,,,,,
Tyler Conklin,TE,MIN,17,GB,0,0,0,0,0,0,0,0,5,47,0,9,0,0,0,0,0,0,0,0,0,0,,,,,
Tyler Davis,TE,GB,17,MIN,0,0,0,0,0,0,0,0,2,9,0,2,0,0,0,0,0,0,0,0,0,0,,,,,
Tyler Higbee,TE,LA,17,BAL,0,0,0,0,0,0,0,0,6,69,0,9,0,0,0,0,0,0,0,0,0,0,,,,,
Tyler Huntley,QB,BAL,17,LA,197,0,32,20,1,54,0,6,0,0,0,0,0,0,0,0,0,0,0,0,0,0,,,,,
Tyler Johnson,WR,TB,17,NYJ,0,0,0,0,0,0,0,0,4,50,0,6,0,0,0,0,0,0,0,0,0,0,,,,,
Tyler Lockett,WR,SEA,17,DET,0,0,0,0,0,7,0,1,3,24,1,3,0,0,0,0,0,0,0,0,0,0,,,,,
Tyreek Hill,WR,KC,17,CIN,0,0,0,0,0,2,0,1,6,40,0,10,0,0,0,0,0,0,0,0,0,0,,,,,
Tyron Johnson,WR,LV,17,IND,0,0,0,0,0,0,0,0,0,0,0,0,0,0,0,0,0,0,0,0,0,0,,,,,
Van Jefferson,WR,LA,17,BAL,0,0,0,0,0,0,0,0,4,63,0,5,0,0,0,0,0,0,0,0,0,0,,,,,
WAS,DEF,WAS,17,PHI,,,,,,,,,,,,,,,,,,,,,,,0,0,0,0,20.0
Wendell Smallwood,RB,WAS,17,PHI,0,0,0,0,0,12,0,4,2,10,0,3,0,0,0,0,0,0,0,0,0,0,,,,,
Will Dissly,TE,SEA,17,DET,0,0,0,0,0,0,0,0,1,8,0,1,0,0,0,0,0,0,0,0,0,0,,,,,
Younghoe Koo,K,ATL,17,BUF,0,0,0,0,0,0,0,0,0,0,0,0,0,0,0,0,2,0,0,0,0,1,,,,,
Zach Ertz,TE,ARI,17,DAL,0,0,0,0,0,0,0,0,7,41,0,9,0,0,0,0,0,0,0,0,0,0,,,,,
Zach Gentry,TE,PIT,17,CLE,0,0,0,0,0,0,0,0,1,0,0,2,0,0,0,0,0,0,0,0,0,0,,,,,
Zach Pascal,WR,IND,17,LV,0,0,0,0,0,0,0,0,1,8,0,2,0,0,0,0,0,0,0,0,0,0,,,,,
Zach Wilson,QB,NYJ,17,TB,234,1,33,19,0,0,0,2,0,0,0,0,0,0,0,0,0,0,0,0,0,0,,,,,
Zack Moss,RB,BUF,17,ATL,0,0,0,0,0,39,0,5,0,0,0,0,0,0,0,0,0,0,0,0,0,0,,,,,
Zay Jones,WR,LV,17,IND,0,0,0,0,0,-1,0,1,8,120,0,10,0,0,0,0,0,0,0,0,0,0,,,,,
A.J. Brown,WR,TEN,18,HOU,0,0,0,0,0,0,0,0,4,68,1,6,0,0,0,0,0,0,0,0,0,0,,,,,
A.J. Green,WR,ARI,18,SEA,0,0,0,0,0,0,0,0,4,23,0,9,0,0,0,0,0,0,0,0,0,0,,,,,
AJ Dillon,RB,GB,18,DET,0,0,0,0,0,63,0,14,1,4,0,1,0,0,0,0,0,0,0,0,0,0,,,,,
ARI,DEF,ARI,18,SEA,,,,,,,,,,,,,,,,,,,,,,,0,0,0,0,38.0
ATL,DEF,ATL,18,NO,,,,,,,,,,,,,,,,,,,,,,,0,0,0,0,30.0
Aaron Rodgers,QB,GB,18,DET,138,2,18,14,0,7,0,1,0,0,0,0,0,0,0,0,0,0,0,0,0,0,,,,,
Adam Humphries,WR,WAS,18,NYG,0,0,0,0,0,0,0,0,1,3,0,2,0,0,0,0,0,0,0,0,0,0,,,,,
Adam Trautman,TE,NO,18,ATL,0,0,0,0,0,0,0,0,1,18,1,1,0,0,0,0,0,0,0,0,0,0,,,,,
Albert Okwuegbunam,TE,DEN,18,KC,0,0,0,0,0,0,0,0,0,0,0,0,0,0,0,0,0,0,0,0,0,0,,,,,
Alex Armah,RB,WAS,18,NYG,0,0,0,0,0,0,0,0,0,0,0,0,0,0,0,0,0,0,0,0,0,0,,,,,
Alex Bachman,WR,NYG,18,WAS,0,0,0,0,0,-3,0,1,0,0,0,0,0,0,0,0,0,0,0,0,0,0,,,,,
Alex Erickson,WR,CAR,18,TB,0,0,0,0,0,0,0,0,0,0,0,0,0,0,0,0,0,0,0,0,0,0,,,,,
Alexander Mattison,RB,MIN,18,CHI,0,0,0,0,0,18,0,5,1,3,0,1,0,0,0,0,0,0,0,0,0,0,,,,,
Allen Lazard,WR,GB,18,DET,0,0,0,0,0,0,0,0,5,75,2,6,0,0,0,0,0,0,0,0,0,0,,,,,
Allen Robinson,WR,CHI,18,MIN,0,0,0,0,0,0,0,0,2,22,0,4,0,0,1,0,0,0,0,0,0,0,,,,,
Alvin Kamara,RB,NO,18,ATL,0,0,0,0,0,146,0,30,2,16,0,2,0,0,0,0,0,0,0,0,0,0,,,,,
Amari Cooper,WR,DAL,18,PHI,0,0,0,0,0,0,0,0,5,79,0,7,0,0,0,0,0,0,0,0,0,0,,,,,
Amari Rodgers,WR,GB,18,DET,0,0,0,0,0,0,0,0,1,5,0,3,0,0,0,0,0,0,0,0,0,0,,,,,
Ameer Abdullah,RB,CAR,18,TB,0,0,0,0,0,26,0,7,9,56,0,11,0,0,0,0,0,0,0,0,0,0,,,,,
Amon-Ra St. Brown,WR,DET,18,GB,0,0,0,0,0,12,0,1,8,109,1,10,0,0,0,0,0,0,0,0,0,0,,,,,
Andre Roberts,WR,LAC,18,LV,0,0,0,0,0,0,0,0,0,0,0,0,0,0,0,0,0,0,0,0,0,0,,,,,
Andy Dalton,QB,CHI,18,MIN,325,1,48,33,2,7,0,1,0,0,0,0,0,0,1,0,0,0,0,0,0,0,,,,,
Anthony Firkser,TE,TEN,18,HOU,0,0,0,0,0,0,0,0,4,56,1,4,0,0,0,0,0,0,0,0,0,0,,,,,
Anthony Schwartz,WR,CLE,18,CIN,0,0,0,0,0,3,0,1,1,13,0,3,0,0,0,0,0,0,0,0,0,0,,,,,
Antoine Wesley,WR,ARI,18,SEA,0,0,0,0,0,0,0,0,2,17,0,4,0,0,0,0,0,0,0,0,0,0,,,,,
Antonio Gibson,RB,WAS,18,NYG,0,0,0,0,0,146,1,21,1,5,0,3,0,0,0,0,0,0,0,0,0,0,,,,,
Antony Auclair,TE,HOU,18,TEN,0,0,0,0,0,0,0,0,1,7,0,1,0,0,0,0,0,0,0,0,0,0,,,,,
Austin Ekeler,RB,LAC,18,LV,0,0,0,0,0,64,1,16,5,35,1,12,0,0,1,0,0,0,0,0,0,0,,,,,
Avery Williams,RB,ATL,18,NO,0,0,0,0,0,0,0,0,0,0,0,0,0,0,0,0,0,0,0,0,0,0,,,,,
BAL,DEF,BAL,18,PIT,,,,,,,,,,,,,,,,,,,,,,,0,0,0,0,16.0
BUF,DEF,BUF,18,NYJ,,,,,,,,,,,,,,,,,,,,,,,0,0,0,0,10.0
Ben Ellefson,TE,MIN,18,CHI,0,0,0,0,0,0,0,0,0,0,0,0,0,0,0,0,0,0,0,0,0,0,,,,,
Ben Roethlisberger,QB,PIT,18,BAL,244,1,44,30,1,-4,0,3,0,0,0,0,0,0,0,0,0,0,0,0,0,0,,,,,
Ben Skowronek,WR,LA,18,SF,0,0,0,0,0,0,0,0,0,0,0,2,0,0,0,0,0,0,0,0,0,0,,,,,
Benny Snell,RB,PIT,18,BAL,0,0,0,0,0,22,0,12,0,0,0,0,0,0,0,0,0,0,0,0,0,0,,,,,
Blaine Gabbert,QB,TB,18,CAR,0,0,2,0,0,-1,0,1,0,0,0,0,0,0,0,0,0,0,0,0,0,0,,,,,
Blake Jarwin,TE,DAL,18,PHI,0,0,0,0,0,0,0,0,1,6,0,2,0,0,0,0,0,0,0,0,0,0,,,,,
Brandin Cooks,WR,HOU,18,TEN,0,0,0,0,0,0,0,0,3,26,0,4,0,0,0,0,0,0,0,0,0,0,,,,,
Brandon Aiyuk,WR,SF,18,LA,0,0,0,0,0,0,0,0,6,107,0,7,0,0,0,0,0,0,0,0,0,0,,,,,
Brandon Allen,QB,CIN,18,CLE,136,1,29,15,0,3,0,1,0,0,0,0,0,0,0,0,0,0,0,0,0,0,,,,,
Brandon Bolden,RB,NE,18,MIA,0,0,0,0,0,46,1,7,2,20,1,2,0,0,0,0,0,0,0,0,0,0,,,,,
Brandon McManus,K,DEN,18,KC,0,0,0,0,0,0,0,0,0,0,0,0,0,0,0,0,0,1,0,0,0,3,,,,,
Brandon Powell,WR,LA,18,SF,0,0,0,0,0,0,0,0,0,0,0,0,0,0,0,0,0,0,0,0,0,0,,,,,
Brandon Zylstra,WR,CAR,18,TB,0,0,1,0,0,0,0,0,0,0,0,2,0,0,0,0,0,0,0,0,0,0,,,,,
Breshad Perriman,WR,TB,18,CAR,0,0,0,0,0,0,0,0,5,44,0,6,0,0,0,0,0,0,0,0,0,0,,,,,
Brett Maher,K,NO,18,ATL,0,0,0,0,0,0,0,0,0,0,0,0,0,0,0,0,1,2,0,0,0,3,,,,,
Brock Wright,TE,DET,18,GB,0,0,0,0,0,0,0,0,2,51,1,2,0,0,0,0,0,0,0,0,0,0,,,,,
Bryan Edwards,WR,LV,18,LAC,0,0,0,0,0,0,0,0,4,63,0,5,0,0,0,0,0,0,0,0,0,0,,,,,
Byron Pringle,WR,KC,18,DEN,0,0,0,0,0,0,0,0,5,56,0,8,0,0,0,0,0,0,0,0,0,0,,,,,
C.J. Saunders,WR,CAR,18,TB,0,0,0,0,0,0,0,0,2,11,0,2,0,0,0,0,0,0,0,0,0,0,,,,,
CAR,DEF,CAR,18,TB,,,,,,,,,,,,,,,,,,,,,,,0,0,0,0,41.0
CHI,DEF,CHI,18,MIN,,,,,,,,,,,,,,,,,,,,,,,0,0,0,0,31.0
CIN,DEF,CIN,18,CLE,,,,,,,,,,,,,,,,,,,,,,,0,0,0,0,21.0
CLE,DEF,CLE,18,CIN,,,,,,,,,,,,,,,,,,,,,,,0,0,0,0,16.0
Cairo Santos,K,CHI,18,MIN,0,0,0,0,0,0,0,0,0,0,0,0,0,0,0,0,0,0,3,0,0,0,,,,,
Cam Akers,RB,LA,18,SF,0,0,0,0,0,3,0,5,3,10,0,3,0,0,0,0,0,0,0,0,0,0,,,,,
Cam Sims,WR,WAS,18,NYG,0,0,0,0,0,0,0,0,0,0,0,1,0,0,0,0,0,0,0,0,0,0,,,,,
Cameron Brate,TE,TB,18,CAR,0,0,0,0,0,0,0,0,2,12,0,3,0,0,0,0,0,0,0,0,0,0,,,,,
Carson Wentz,QB,IND,18,JAX,185,1,29,17,1,17,0,3,0,0,0,0,0,0,1,0,0,0,0,0,0,0,,,,,
Case Keenum,QB,CLE,18,CIN,176,2,24,17,1,15,0,5,0,0,0,0,0,0,0,0,0,0,0,0,0,0,,,,,
Cedrick Wilson Jr.,WR,DAL,18,PHI,0,0,0,0,0,0,0,0,5,119,2,6,0,0,0,0,0,0,0,0,0,0,,,,,
CeeDee Lamb,WR,DAL,18,PHI,0,0,0,0,0,0,0,0,2,45,0,2,0,0,0,0,0,0,0,0,0,0,,,,,
Cethan Carter,TE,MIA,18,NE,0,0,0,0,0,0,0,0,0,0,0,0,0,0,0,0,0,0,0,0,0,0,,,,,
Chase Claypool,WR,PIT,18,BAL,0,0,0,0,0,33,0,3,5,37,1,7,0,0,0,0,0,0,0,0,0,0,,,,,
Chase McLaughlin,K,CLE,18,CIN,0,0,0,0,0,0,0,0,0,0,0,0,0,0,0,0,0,0,0,0,0,3,,,,,
Chester Rogers,WR,TEN,18,HOU,0,0,0,0,0,0,0,0,2,4,0,2,0,0,0,0,0,0,0,0,0,0,,,,,
Chris Boswell,K,PIT,18,BAL,0,0,0,0,0,0,0,0,0,0,0,0,0,0,0,0,1,1,1,0,0,1,,,,,
Chris Evans,RB,CIN,18,CLE,0,0,0,0,0,35,0,7,4,24,1,5,0,0,0,0,0,0,0,0,0,0,,,,,
Chris Moore,WR,HOU,18,TEN,0,0,0,0,0,0,0,0,3,38,1,3,0,0,0,0,0,0,0,0,0,0,,,,,
Christian Blake,WR,ATL,18,NO,0,0,0,0,0,0,0,0,0,0,0,1,0,0,0,0,0,0,0,0,0,0,,,,,
Christian Kirk,WR,ARI,18,SEA,0,0,0,0,0,0,0,0,2,43,0,3,0,0,0,0,0,0,0,0,0,0,,,,,
Chuba Hubbard,RB,CAR,18,TB,0,0,0,0,0,48,0,9,2,8,1,2,0,0,0,0,0,0,0,0,0,0,,,,,
Cody Thompson,WR,SEA,18,ARI,0,0,0,0,0,0,0,0,0,0,0,0,0,0,0,0,0,0,0,0,0,0,,,,,
Colby Parkinson,TE,SEA,18,ARI,0,0,0,0,0,0,0,0,2,14,0,3,0,0,0,0,0,0,0,0,0,0,,,,,
Cole Beasley,WR,BUF,18,NYJ,0,0,0,0,0,0,0,0,4,31,0,5,0,0,0,0,0,0,0,0,0,0,,,,,
Cole Kmet,TE,CHI,18,MIN,0,0,0,0,0,0,0,0,4,48,0,5,0,0,0,0,0,0,0,0,0,0,,,,,
Cooper Kupp,WR,LA,18,SF,0,0,0,0,0,18,0,1,7,118,1,7,0,0,0,0,0,0,0,0,0,0,,,,,
Cooper Rush,QB,DAL,18,PHI,10,0,1,1,0,-4,0,3,0,0,0,0,0,0,0,0,0,0,0,0,0,0,,,,,
Cordarrelle Patterson,RB,ATL,18,NO,0,0,0,0,0,11,0,4,1,1,0,1,0,0,0,0,0,0,0,0,0,0,,,,,
Corey Clement,RB,DAL,18,PHI,0,0,0,0,0,58,0,7,4,22,1,4,0,0,0,0,0,0,0,0,0,0,,,,,
Courtland Sutton,WR,DEN,18,KC,16,0,1,1,0,0,0,0,1,13,0,3,0,0,0,0,0,0,0,0,0,0,,,,,
Craig Reynolds,RB,DET,18,GB,0,0,0,0,0,2,0,3,0,0,0,0,0,0,0,0,0,0,0,0,0,0,,,,,
Cullen Gillaspia,RB,NYG,18,WAS,0,0,0,0,0,0,0,0,0,0,0,0,0,0,0,0,0,0,0,0,0,0,,,,,
D'Andre Swift,RB,DET,18,GB,0,0,0,0,0,30,1,7,4,16,0,5,0,0,0,0,0,0,0,0,0,0,,,,,
D'Ernest Johnson,RB,CLE,18,CIN,0,0,0,0,0,123,1,25,1,10,0,1,0,0,0,0,0,0,0,0,0,0,,,,,
D'Onta Foreman,RB,TEN,18,HOU,0,0,0,0,0,69,0,21,1,15,0,2,0,0,0,0,0,0,0,0,0,0,,,,,
DAL,DEF,DAL,18,PHI,,,,,,,,,,,,,,,,,,,,,,,0,0,0,0,26.0
DEN,DEF,DEN,18,KC,,,,,,,,,,,,,,,,,,,,,,,0,0,0,0,28.0
DET,DEF,DET,18,GB,,,,,,,,,,,,,,,,,,,,,,,0,0,0,0,30.0
DJ Moore,WR,CAR,18,TB,0,0,0,0,0,13,0,1,7,87,0,10,0,0,0,0,0,0,0,0,0,0,,,,,
DK Metcalf,WR,SEA,18,ARI,0,0,0,0,0,0,0,0,5,58,0,11,0,0,0,0,0,0,0,0,0,0,,,,,
Dak Prescott,QB,DAL,18,PHI,295,5,27,21,0,0,0,0,0,0,0,0,0,0,0,0,0,0,0,0,0,0,,,,,
Dalton Schultz,TE,DAL,18,PHI,0,0,0,0,0,0,0,0,3,21,2,3,0,0,0,0,0,0,0,0,0,0,,,,,
Dalvin Cook,RB,MIN,18,CHI,0,0,0,0,0,79,0,14,1,3,0,1,0,0,0,0,0,0,0,0,0,0,,,,,
Damien Harris,RB,NE,18,MIA,0,0,0,0,0,37,1,11,4,36,0,4,0,0,0,0,0,0,0,0,0,0,,,,,
Damien Williams,RB,CHI,18,MIN,0,0,0,0,0,0,0,0,3,33,1,5,0,0,0,0,0,0,0,0,0,0,,,,,
Damiere Byrd,WR,CHI,18,MIN,0,0,0,0,0,0,0,0,5,47,0,6,0,0,0,0,0,0,0,0,0,0,,,,,
Daniel Carlson,K,LV,18,LAC,0,0,0,0,0,0,0,0,0,0,0,0,0,0,0,0,1,1,2,1,0,2,,,,,
Danny Amendola,WR,HOU,18,TEN,0,0,0,0,0,0,0,0,7,113,2,9,0,0,1,0,0,0,0,0,0,0,,,,,
Dare Ogunbowale,RB,JAX,18,IND,0,0,0,0,0,30,0,11,3,25,0,6,0,0,0,0,0,0,0,0,0,0,,,,,
Darius Slayton,WR,NYG,18,WAS,0,0,0,0,0,0,0,0,2,29,1,3,0,0,0,0,0,0,0,0,0,0,,,,,
Darnell Mooney,WR,CHI,18,MIN,0,0,0,0,0,0,0,0,12,126,0,16,0,0,0,0,0,0,0,0,0,0,,,,,
Darrel Williams,RB,KC,18,DEN,0,0,0,0,0,17,0,7,3,30,0,4,0,0,0,0,0,0,0,0,0,0,,,,,
Darrell Daniels,TE,ARI,18,SEA,0,0,0,0,0,0,0,0,0,0,0,0,0,0,0,0,0,0,0,0,0,0,,,,,
Darren Waller,TE,LV,18,LAC,0,0,0,0,0,0,0,0,2,22,0,9,0,0,0,0,0,0,0,0,0,0,,,,,
Davante Adams,WR,GB,18,DET,0,0,0,0,0,0,0,0,6,55,0,7,0,0,0,0,0,0,0,0,0,0,,,,,
David Johnson,RB,HOU,18,TEN,0,0,0,0,0,28,0,5,3,8,0,4,0,0,0,0,0,0,0,0,0,0,,,,,
David Montgomery,RB,CHI,18,MIN,0,0,0,0,0,72,0,20,2,7,0,3,0,0,0,0,0,0,0,0,0,0,,,,,
David Njoku,TE,CLE,18,CIN,0,0,0,0,0,0,0,0,2,11,0,2,0,0,0,0,0,0,0,0,0,0,,,,,
David Sills,WR,NYG,18,WAS,0,0,0,0,0,0,0,0,0,0,0,3,0,0,0,0,0,0,0,0,0,0,,,,,
Davis Mills,QB,HOU,18,TEN,301,3,33,23,0,12,0,4,0,0,0,0,0,0,1,0,0,0,0,0,0,0,,,,,
Dawson Knox,TE,BUF,18,NYJ,0,0,0,0,0,4,0,0,3,49,0,5,0,0,0,0,0,0,0,0,0,0,,,,,
Dazz Newsome,WR,CHI,18,MIN,0,0,0,0,0,0,0,0,1,13,0,2,0,0,0,0,0,0,0,0,0,0,,,,,
DeAndre Carter,WR,WAS,18,NYG,0,0,0,0,0,11,0,1,0,0,0,1,0,0,0,0,0,0,0,0,0,0,,,,,
DeVante Parker,WR,MIA,18,NE,0,0,0,0,0,0,0,0,2,12,0,4,0,0,0,0,0,0,0,0,0,0,,,,,
DeVonta Smith,WR,PHI,18,DAL,0,0,0,0,0,0,0,0,3,41,0,4,0,0,0,0,0,0,0,0,0,0,,,,,
Dede Westbrook,WR,MIN,18,CHI,0,0,0,0,0,0,0,0,0,0,0,0,0,0,0,0,0,0,0,0,0,0,,,,,
DeeJay Dallas,RB,SEA,18,ARI,0,0,0,0,0,1,0,1,0,0,0,0,0,0,0,0,0,0,0,0,0,0,,,,,
Deebo Samuel Sr.,WR,SF,18,LA,24,1,1,1,0,45,1,8,4,95,0,6,0,0,0,0,0,0,0,0,0,0,,,,,
Demarcus Robinson,WR,KC,18,DEN,0,0,0,0,0,0,0,0,3,19,0,6,0,0,0,0,0,0,0,0,0,0,,,,,
Demetric Felton,RB,CLE,18,CIN,0,0,0,0,0,6,0,1,2,18,1,2,0,0,0,0,0,0,0,0,0,0,,,,,
Denzel Mims,WR,NYJ,18,BUF,0,0,0,0,0,0,0,0,0,0,0,2,0,0,0,0,0,0,0,0,0,0,,,,,
Deonte Harty,WR,NO,18,ATL,0,0,0,0,0,9,0,1,3,24,0,4,0,0,0,0,0,0,0,0,0,0,,,,,
Derek Carr,QB,LV,18,LAC,186,2,36,20,0,-1,0,1,0,0,0,0,0,0,0,0,0,0,0,0,0,0,,,,,
Derek Carrier,TE,LV,18,LAC,0,0,0,0,0,0,0,0,0,0,0,0,0,0,0,0,0,0,0,0,0,0,,,,,
Derrick Gore,RB,KC,18,DEN,0,0,0,0,0,30,0,7,0,0,0,1,0,0,0,0,0,0,0,0,0,0,,,,,
Devin Duvernay,WR,BAL,18,PIT,0,0,0,0,0,2,0,1,0,0,0,0,0,0,0,0,0,0,0,0,0,0,,,,,
Devin Singletary,RB,BUF,18,NYJ,0,0,0,0,0,88,1,19,2,24,1,2,0,0,0,0,0,0,0,0,0,0,,,,,
Devonta Freeman,RB,BAL,18,PIT,0,0,0,0,0,21,0,5,2,6,0,2,0,0,0,0,0,0,0,0,0,0,,,,,
Devontae Booker,RB,NYG,18,WAS,0,0,0,0,0,14,0,8,2,12,0,2,0,0,0,0,0,0,0,0,0,0,,,,,
Diontae Johnson,WR,PIT,18,BAL,0,0,0,0,0,0,0,0,7,51,0,10,0,0,0,0,0,0,0,0,0,0,,,,,
Dominique Dafney,TE,GB,18,DET,0,0,0,0,0,0,0,0,1,26,0,1,0,0,0,0,0,0,0,0,0,0,,,,,
Donovan Peoples-Jones,WR,CLE,18,CIN,0,0,0,0,0,0,0,0,3,38,0,4,0,0,0,0,0,0,0,0,0,0,,,,,
Dontrell Hilliard,RB,TEN,18,HOU,0,0,0,0,0,57,0,9,1,1,0,1,0,0,0,0,0,0,0,0,0,0,,,,,
Drew Lock,QB,DEN,18,KC,162,0,24,12,0,35,2,4,0,0,0,0,0,0,0,0,0,0,0,0,0,0,,,,,
Drew Sample,TE,CIN,18,CLE,0,0,0,0,0,0,0,0,1,8,0,1,0,0,0,0,0,0,0,0,0,0,,,,,
Duke Johnson,RB,MIA,18,NE,0,0,0,0,0,117,1,25,1,5,0,1,0,0,0,0,0,0,0,0,0,0,,,,,
Durham Smythe,TE,MIA,18,NE,0,0,0,0,0,0,0,0,2,32,0,2,0,0,0,0,0,0,0,0,0,0,,,,,
Dustin Hopkins,K,LAC,18,LV,0,0,0,0,0,0,0,0,0,0,0,0,0,0,0,0,0,0,1,0,0,3,,,,,
Eddy Pineiro,K,NYJ,18,BUF,0,0,0,0,0,0,0,0,0,0,0,0,0,0,0,0,0,0,1,0,0,1,,,,,
Elijah Mitchell,RB,SF,18,LA,0,0,0,0,0,85,0,21,0,0,0,0,0,0,0,0,0,0,0,0,0,0,,,,,
Elliott Fry,K,CIN,18,CLE,0,0,0,0,0,0,0,0,0,0,0,0,0,0,0,0,0,1,0,0,0,1,,,,,
Eno Benjamin,RB,ARI,18,SEA,0,0,0,0,0,31,0,7,4,25,0,4,0,0,0,0,0,0,0,0,0,0,,,,,
Equanimeous St. Brown,WR,GB,18,DET,0,0,0,0,0,0,0,0,2,22,0,5,0,0,0,0,0,0,0,0,0,0,,,,,
Eric Tomlinson,TE,BAL,18,PIT,0,0,0,0,0,0,0,0,0,0,0,0,0,0,0,0,0,0,0,0,0,0,,,,,
Evan Engram,TE,NYG,18,WAS,0,0,0,0,0,0,0,0,1,4,0,5,0,0,0,0,0,0,0,0,0,0,,,,,
Ezekiel Elliott,RB,DAL,18,PHI,0,0,0,0,0,87,0,18,1,3,0,3,0,0,0,0,0,0,0,0,0,0,,,,,
Foster Moreau,TE,LV,18,LAC,0,0,0,0,0,0,0,0,2,50,0,2,0,0,0,0,0,0,0,0,0,0,,,,,
Freddie Swain,WR,SEA,18,ARI,0,0,0,0,0,0,0,0,1,25,1,1,0,0,0,0,0,0,0,0,0,0,,,,,
GB,DEF,GB,18,DET,,,,,,,,,,,,,,,,,,,,,,,0,0,0,0,37.0
Gabe Davis,WR,BUF,18,NYJ,0,0,0,0,0,0,0,0,3,39,0,14,0,0,0,0,0,0,0,0,0,0,,,,,
Gardner Minshew,QB,PHI,18,DAL,186,2,33,19,1,10,0,5,0,0,0,0,0,0,0,0,0,0,0,0,0,0,,,,,
Geoff Swaim,TE,TEN,18,HOU,0,0,0,0,0,0,0,0,1,2,0,1,0,0,0,0,0,0,0,0,0,0,,,,,
George Kittle,TE,SF,18,LA,0,0,0,0,0,0,0,0,5,10,0,7,0,0,0,0,0,0,0,0,0,0,,,,,
Gerald Everett,TE,SEA,18,ARI,0,0,0,0,0,0,0,0,1,20,0,3,0,0,0,0,0,0,0,0,0,0,,,,,
Giovanni Ricci,TE,CAR,18,TB,0,0,0,0,0,0,0,0,0,0,0,0,0,0,0,0,0,0,0,0,0,0,,,,,
Godwin Igwebuike,RB,DET,18,GB,0,0,0,0,0,0,0,0,0,0,0,1,0,0,0,0,0,0,0,0,0,0,,,,,
Graham Gano,K,NYG,18,WAS,0,0,0,0,0,0,0,0,0,0,0,0,0,0,0,0,0,0,0,0,0,1,,,,,
Greg Dortch,WR,ARI,18,SEA,0,0,0,0,0,0,0,0,2,5,0,2,0,0,0,0,0,0,0,0,0,0,,,,,
Greg Joseph,K,MIN,18,CHI,0,0,0,0,0,0,0,0,0,0,0,0,0,0,0,0,0,1,0,0,0,4,,,,,
Greg Ward,WR,PHI,18,DAL,2,0,1,1,0,0,0,0,1,2,0,2,0,0,0,0,0,0,0,0,0,0,,,,,
Greg Zuerlein,K,DAL,18,PHI,0,0,0,0,0,0,0,0,0,0,0,0,0,0,0,0,0,0,1,0,0,6,,,,,
Gunner Olszewski,WR,NE,18,MIA,0,0,0,0,0,0,0,0,0,0,0,0,0,0,0,0,0,0,0,0,0,0,,,,,
HOU,DEF,HOU,18,TEN,,,,,,,,,,,,,,,,,,,,,,,0,0,0,0,28.0
Harrison Bryant,TE,CLE,18,CIN,0,0,0,0,0,0,0,0,1,9,0,3,0,0,0,0,0,0,0,0,0,0,,,,,
Harrison Butker,K,KC,18,DEN,0,0,0,0,0,0,0,0,0,0,0,0,0,0,0,0,0,1,0,1,0,2,,,,,
Hayden Hurst,TE,ATL,18,NO,0,0,0,0,0,0,0,0,1,33,0,1,0,0,0,0,0,0,0,0,0,0,,,,,
Hunter Henry,TE,NE,18,MIA,0,0,0,0,0,0,0,0,5,86,0,6,0,0,0,0,0,0,0,0,0,0,,,,,
Hunter Renfrow,WR,LV,18,LAC,0,0,0,0,0,-4,0,1,4,13,2,5,0,0,0,0,0,0,0,0,0,0,,,,,
IND,DEF,IND,18,JAX,,,,,,,,,,,,,,,,,,,,,,,0,0,0,0,26.0
Ihmir Smith-Marsette,WR,MIN,18,CHI,0,0,0,0,0,0,0,0,3,103,1,3,0,0,0,0,0,0,0,0,0,0,,,,,
Isaiah McKenzie,WR,BUF,18,NYJ,0,0,0,0,0,10,0,1,1,9,0,1,0,0,0,0,0,0,0,0,0,0,,,,,
Ito Smith,RB,DAL,18,PHI,0,0,0,0,0,4,1,1,0,0,0,0,0,0,0,0,0,0,0,0,0,0,,,,,
J.J. Arcega-Whiteside,WR,PHI,18,DAL,0,0,0,0,0,0,0,0,0,0,0,3,0,0,0,0,0,0,0,0,0,0,,,,,
JAX,DEF,JAX,18,IND,,,,,,,,,,,,,,,,,,,,,,,0,0,0,0,11.0
Ja'Marcus Bradley,WR,CLE,18,CIN,0,0,0,0,0,0,0,0,0,0,0,0,0,0,0,0,0,0,0,0,0,0,,,,,
Ja'Marr Chase,WR,CIN,18,CLE,0,0,0,0,0,0,0,0,2,26,0,4,0,0,0,0,0,0,0,0,0,0,,,,,
JaMycal Hasty,RB,SF,18,LA,0,0,0,0,0,4,0,1,2,21,0,3,0,0,0,0,0,0,0,0,0,0,,,,,
JaQuan Hardy,RB,DAL,18,PHI,0,0,0,0,0,26,1,3,0,0,0,0,0,0,0,0,0,0,0,0,0,0,,,,,
Jack Doyle,TE,IND,18,JAX,0,0,0,0,0,0,0,0,1,11,0,2,0,0,0,0,0,0,0,0,0,0,,,,,
Jacob Hollister,TE,JAX,18,IND,0,0,0,0,0,0,0,0,3,14,0,3,0,0,0,0,0,0,0,0,0,0,,,,,
Jaelon Darden,WR,TB,18,CAR,0,0,0,0,0,0,0,0,0,0,0,1,0,0,0,0,0,0,0,0,0,0,,,,,
Jake Elliott,K,PHI,18,DAL,0,0,0,0,0,0,0,0,0,0,0,0,0,0,0,0,0,1,1,0,0,2,,,,,
Jake Fromm,QB,NYG,18,WAS,103,1,31,15,2,53,0,5,0,0,0,0,0,0,0,0,0,0,0,0,0,0,,,,,
Jake Kumerow,WR,BUF,18,NYJ,0,0,0,0,0,0,0,0,1,15,0,1,0,0,0,0,0,0,0,0,0,0,,,,,
Jakobi Meyers,WR,NE,18,MIA,0,0,0,0,0,0,0,0,4,70,0,8,0,0,0,0,0,0,0,0,0,0,,,,,
Jalen Guyton,WR,LAC,18,LV,0,0,0,0,0,0,0,0,6,52,0,9,0,0,0,0,0,0,0,0,0,0,,,,,
Jalen Reagor,WR,PHI,18,DAL,0,0,0,0,0,10,0,3,2,19,0,3,0,0,0,0,0,0,0,0,0,0,,,,,
Jalen Richard,RB,LV,18,LAC,0,0,0,0,0,24,0,2,2,3,0,2,0,0,0,0,0,0,0,0,0,0,,,,,
Jamaal Williams,RB,DET,18,GB,0,0,0,0,0,43,0,13,1,9,0,1,0,0,0,0,0,0,0,0,0,0,,,,,
James Conner,RB,ARI,18,SEA,0,0,0,0,0,52,1,15,6,41,1,6,0,0,0,0,0,0,0,0,0,0,,,,,
Jamison Crowder,WR,NYJ,18,BUF,0,0,0,0,0,0,0,0,1,16,0,1,0,0,0,0,0,0,0,0,0,0,,,,,
Jared Cook,TE,LAC,18,LV,0,0,0,0,0,0,0,0,4,80,0,7,0,0,0,0,0,0,0,0,0,0,,,,,
Jared Goff,QB,DET,18,GB,238,2,30,21,0,0,0,0,0,0,0,0,0,0,0,0,0,0,0,0,0,0,,,,,
Jaret Patterson,RB,WAS,18,NYG,0,0,0,0,0,21,0,6,2,14,0,2,0,0,0,0,0,0,0,0,0,0,,,,,
Jarvis Landry,WR,CLE,18,CIN,0,0,0,0,0,0,0,0,6,75,1,8,0,0,0,0,0,0,0,0,0,0,,,,,
Jason Huntley,RB,PHI,18,DAL,0,0,0,0,0,51,0,13,0,0,0,1,0,0,0,0,0,0,0,0,0,0,,,,,
Jason Myers,K,SEA,18,ARI,0,0,0,0,0,0,0,0,0,0,0,0,0,0,0,0,0,1,0,0,0,5,,,,,
Jason Sanders,K,MIA,18,NE,0,0,0,0,0,0,0,0,0,0,0,0,0,0,0,0,0,1,1,0,0,3,,,,,
Jauan Jennings,WR,SF,18,LA,0,0,0,0,0,0,0,0,6,94,2,7,0,0,0,0,0,0,0,0,0,0,,,,,
Javonte Williams,RB,DEN,18,KC,0,0,0,0,0,46,0,12,2,18,0,2,0,0,0,0,0,0,0,0,0,0,,,,,
Jaydon Mickens,WR,JAX,18,IND,0,0,0,0,0,0,0,0,0,0,0,0,0,0,0,0,0,0,0,0,0,0,,,,,
Jaylen Waddle,WR,MIA,18,NE,0,0,0,0,0,0,0,0,5,27,1,7,0,0,0,0,0,0,0,0,0,0,,,,,
Jeff Smith,WR,NYJ,18,BUF,0,0,0,0,0,0,0,0,1,2,0,3,0,0,0,0,0,0,0,0,0,0,,,,,
Jeff Wilson,RB,SF,18,LA,0,0,0,0,0,0,0,0,0,0,0,0,0,0,0,0,0,0,0,0,0,0,,,,,
Jeremy Sprinkle,TE,DAL,18,PHI,0,0,0,0,0,0,0,0,1,10,0,1,0,0,0,0,0,0,0,0,0,0,,,,,
Jerick McKinnon,RB,KC,18,DEN,0,0,0,0,0,24,0,5,3,26,1,3,0,0,0,0,0,0,0,0,0,0,,,,,
Jerry Jeudy,WR,DEN,18,KC,0,0,0,0,0,0,0,0,2,30,0,5,0,0,0,0,0,0,0,0,0,0,,,,,
Jimmy Garoppolo,QB,SF,18,LA,316,1,32,23,2,1,0,1,0,0,0,0,0,0,0,0,0,0,0,0,0,0,,,,,
Jimmy Graham,TE,CHI,18,MIN,0,0,0,0,0,0,0,0,2,16,0,2,0,0,0,0,0,0,0,0,0,0,,,,,
Joey Slye,K,WAS,18,NYG,0,0,0,0,0,0,0,0,0,0,0,0,0,0,0,0,2,0,1,0,0,1,,,,,
John Bates,TE,WAS,18,NYG,0,0,0,0,0,0,0,0,1,5,0,2,0,0,0,0,0,0,0,0,0,0,,,,,
Jonathan Taylor,RB,IND,18,JAX,0,0,0,0,0,77,0,15,3,18,0,4,0,0,0,0,0,0,0,0,0,0,,,,,
Jonathan Ward,RB,ARI,18,SEA,0,0,0,0,0,0,0,0,1,2,0,1,0,0,0,0,0,0,0,0,0,0,,,,,
Jonathan Williams,RB,WAS,18,NYG,0,0,0,0,0,45,0,7,0,0,0,0,0,0,0,0,0,0,0,0,0,0,,,,,
Jonnu Smith,TE,NE,18,MIA,0,0,0,0,0,5,0,1,0,0,0,0,0,0,0,0,0,0,0,0,0,0,,,,,
Jordan Love,QB,GB,18,DET,134,1,17,10,2,-1,0,1,0,0,0,0,0,0,1,0,0,0,0,0,0,0,,,,,
Jordan Wilkins,RB,TEN,18,HOU,0,0,0,0,0,0,0,0,0,0,0,0,0,0,0,0,0,0,0,0,0,0,,,,,
Josh Allen,QB,BUF,18,NYJ,239,2,45,24,0,63,0,5,0,0,0,0,0,0,0,0,0,0,0,0,0,0,,,,,
Josh Gordon,WR,KC,18,DEN,0,0,0,0,0,0,0,0,0,0,0,1,0,0,0,0,0,0,0,0,0,0,,,,,
Josh Jacobs,RB,LV,18,LAC,0,0,0,0,0,132,1,26,2,12,0,2,0,0,0,0,0,0,0,0,0,0,,,,,
Josh Johnson,RB,SEA,18,ARI,0,0,0,0,0,0,0,0,0,0,0,0,0,0,0,0,0,0,0,0,0,0,,,,,
Josh Oliver,TE,BAL,18,PIT,0,0,0,0,0,0,0,0,1,1,0,1,0,0,0,0,0,0,0,0,0,0,,,,,
Josh Palmer,WR,LAC,18,LV,0,0,0,0,0,0,0,0,4,45,1,9,0,0,0,0,0,0,0,0,0,0,,,,,
Josh Reynolds,WR,DET,18,GB,0,0,0,0,0,0,0,0,1,11,0,3,0,0,0,0,0,0,0,0,0,0,,,,,
Josiah Deguara,TE,GB,18,DET,0,0,0,0,0,0,0,0,3,66,1,4,0,0,0,0,0,0,0,0,0,0,,,,,
Julio Jones,WR,TEN,18,HOU,0,0,0,0,0,0,0,0,5,58,1,9,0,0,0,0,0,0,0,0,0,0,,,,,
Justin Herbert,QB,LAC,18,LV,383,3,64,34,1,1,0,2,0,0,0,0,0,0,1,0,0,0,0,0,0,0,,,,,
Justin Jackson,RB,LAC,18,LV,0,0,0,0,0,20,0,3,0,0,0,1,0,0,0,0,0,0,0,0,0,0,,,,,
Justin Jefferson,WR,MIN,18,CHI,0,0,0,0,0,4,0,1,5,107,1,7,0,0,0,0,0,0,0,0,0,0,,,,,
Justin Tucker,K,BAL,18,PIT,0,0,0,0,0,0,0,0,0,0,0,0,0,0,0,0,1,0,1,0,0,1,,,,,
Juwan Johnson,TE,NO,18,ATL,0,0,0,0,0,0,0,0,1,5,1,2,0,0,0,0,0,0,0,0,0,0,,,,,
Juwann Winfree,WR,GB,18,DET,0,0,0,0,0,0,0,0,3,16,0,3,0,0,0,0,0,0,0,0,0,0,,,,,
K.J. Osborn,WR,MIN,18,CHI,0,0,0,0,0,0,0,0,1,21,1,4,0,0,0,0,0,0,0,0,0,0,,,,,
KC,DEF,KC,18,DEN,,,,,,,,,,,,,,,,,,,,,,,0,0,0,0,24.0
Ka'imi Fairbairn,K,HOU,18,TEN,0,0,0,0,0,0,0,0,0,0,0,0,0,0,0,0,0,1,0,0,0,2,,,,,
Kalen Ballage,RB,PIT,18,BAL,0,0,0,0,0,0,0,1,0,0,0,0,0,0,0,0,0,0,0,0,0,0,,,,,
Kalif Raymond,WR,DET,18,GB,0,0,0,0,0,13,0,1,4,101,1,5,0,0,0,0,0,0,0,0,0,0,,,,,
Ke'Shawn Vaughn,RB,TB,18,CAR,0,0,0,0,0,29,1,10,2,12,0,2,0,0,0,0,0,0,0,0,0,0,,,,,
Keelan Cole,WR,NYJ,18,BUF,0,0,0,0,0,0,0,0,3,54,1,3,0,0,0,0,0,0,0,0,0,0,,,,,
Keenan Allen,WR,LAC,18,LV,0,0,0,0,0,0,0,0,6,52,0,8,0,0,0,0,0,0,0,0,0,0,,,,,
Keith Kirkwood,WR,CAR,18,TB,0,0,0,0,0,0,0,0,0,0,0,1,0,0,0,0,0,0,0,0,0,0,,,,,
Kendrick Bourne,WR,NE,18,MIA,0,0,0,0,0,8,0,1,3,24,0,4,0,0,0,0,0,0,0,0,0,0,,,,,
Kene Nwangwu,RB,MIN,18,CHI,0,0,0,0,0,4,0,1,0,0,0,0,0,0,0,0,0,0,0,0,0,0,,,,,
Kenjon Barner,RB,TB,18,CAR,0,0,0,0,0,0,0,4,0,0,0,0,0,0,0,0,0,0,0,0,0,0,,,,,
Kenny Gainwell,RB,PHI,18,DAL,0,0,0,0,0,78,1,12,4,9,0,7,0,0,0,0,0,0,0,0,0,0,,,,,
Kenny Golladay,WR,NYG,18,WAS,0,0,0,0,0,0,0,0,3,22,0,5,0,0,0,0,0,0,0,0,0,0,,,,,
Khalil Herbert,RB,CHI,18,MIN,0,0,0,0,0,11,0,4,0,0,0,0,0,0,0,0,0,0,0,0,0,0,,,,,
Kirk Cousins,QB,MIN,18,CHI,250,3,22,14,0,-1,0,1,0,0,0,0,0,0,0,0,0,0,0,0,0,0,,,,,
Kyle Pitts,TE,ATL,18,NO,0,0,0,0,0,0,0,0,2,8,0,5,0,0,0,0,0,0,0,0,0,0,,,,,
Kyle Rudolph,TE,NYG,18,WAS,0,0,0,0,0,0,0,0,4,17,0,6,0,0,0,0,0,0,0,0,0,0,,,,,
Kyler Murray,QB,ARI,18,SEA,240,1,39,28,0,35,0,5,0,0,0,0,0,0,0,0,0,0,0,0,0,0,,,,,
LA,DEF,LA,18,SF,,,,,,,,,,,,,,,,,,,,,,,0,0,0,0,27.0
LAC,DEF,LAC,18,LV,,,,,,,,,,,,,,,,,,,,,,,0,0,0,0,35.0
LV,DEF,LV,18,LAC,,,,,,,,,,,,,,,,,,,,,,,0,0,0,0,32.0
Laquon Treadwell,WR,JAX,18,IND,0,0,0,0,0,0,0,0,3,24,1,5,0,0,0,0,0,0,0,0,0,0,,,,,
Latavius Murray,RB,BAL,18,PIT,0,0,0,0,0,150,1,16,0,0,0,0,0,0,0,0,0,0,0,0,0,0,,,,,
Laviska Shenault Jr.,WR,JAX,18,IND,0,0,0,0,0,0,0,0,5,62,0,7,0,0,0,0,0,0,0,0,0,0,,,,,
Le'Veon Bell,RB,TB,18,CAR,0,0,0,0,0,14,0,3,1,1,1,1,0,0,0,0,0,0,0,0,0,0,,,,,
Lil'Jordan Humphrey,WR,NO,18,ATL,0,0,0,0,0,0,0,0,1,26,0,1,0,0,0,0,0,0,0,0,0,0,,,,,
Lirim Hajrullahu,K,CAR,18,TB,0,0,0,0,0,0,0,0,0,0,0,0,0,0,0,0,0,1,0,0,0,2,,,,,
Luke Stocker,TE,MIN,18,CHI,0,0,0,0,0,0,0,0,0,0,0,0,0,0,0,0,0,0,0,0,0,0,,,,,
MIA,DEF,MIA,18,NE,,,,,,,,,,,,,,,,,,,,,,,1,0,0,0,24.0
MIN,DEF,MIN,18,CHI,,,,,,,,,,,,,,,,,,,,,,,1,0,0,0,17.0
Mac Jones,QB,NE,18,MIA,261,1,30,20,1,4,0,3,0,0,0,0,0,0,0,0,0,0,0,0,0,0,,,,,
Mack Hollins,WR,MIA,18,NE,0,0,0,0,0,0,0,0,0,0,0,1,0,0,0,0,0,0,0,0,0,0,,,,,
Marcedes Lewis,TE,GB,18,DET,0,0,0,0,0,0,0,0,0,0,0,1,0,0,0,0,0,0,0,0,0,0,,,,,
Marcus Mariota,QB,LV,18,LAC,4,0,1,1,0,23,0,4,0,0,0,0,0,0,0,0,0,0,0,0,0,0,,,,,
Mark Andrews,TE,BAL,18,PIT,0,0,0,0,0,0,0,1,8,85,0,15,0,0,0,0,0,0,0,0,0,0,,,,,
Marquez Callaway,WR,NO,18,ATL,0,0,0,0,0,0,0,0,0,0,0,1,0,0,0,0,0,0,0,0,0,0,,,,,
Marquez Valdes-Scantling,WR,GB,18,DET,0,0,0,0,0,0,0,0,0,0,0,1,0,0,0,0,0,0,0,0,0,0,,,,,
Marquise Brown,WR,BAL,18,PIT,0,0,0,0,0,0,0,0,3,27,0,8,0,0,0,0,0,0,0,0,0,0,,,,,
Marquise Goodwin,WR,CHI,18,MIN,0,0,0,0,0,0,0,0,2,13,0,3,0,0,0,0,0,0,0,0,0,0,,,,,
Marvin Jones,WR,JAX,18,IND,0,0,0,0,0,0,0,0,7,88,1,8,0,0,0,0,0,0,0,0,0,0,,,,,
Mason Crosby,K,GB,18,DET,0,0,0,0,0,0,0,0,0,0,0,0,0,0,0,0,0,1,0,0,0,1,,,,,
Matt Gay,K,LA,18,SF,0,0,0,0,0,0,0,0,0,0,0,0,0,0,0,0,0,0,1,0,0,3,,,,,
Matt Prater,K,ARI,18,SEA,0,0,0,0,0,0,0,0,0,0,0,0,0,0,0,0,0,2,1,0,0,3,,,,,
Matt Ryan,QB,ATL,18,NO,216,1,33,20,1,2,0,1,0,0,0,0,0,0,0,0,0,0,0,0,0,0,,,,,
Matthew Slater,WR,NE,18,MIA,0,0,0,0,0,0,0,0,0,0,0,0,0,0,0,0,0,0,0,0,0,0,,,,,
Matthew Stafford,QB,LA,18,SF,238,3,32,21,2,0,0,0,0,0,0,0,0,0,0,0,0,0,0,0,0,0,,,,,
Matthew Wright,K,JAX,18,IND,0,0,0,0,0,0,0,0,0,0,0,0,0,0,0,0,2,2,0,0,0,2,,,,,
Mecole Hardman,WR,KC,18,DEN,0,0,0,0,0,10,0,1,8,103,0,11,0,0,0,0,0,0,0,0,0,0,,,,,
Mekhi Sargent,RB,JAX,18,IND,0,0,0,0,0,2,0,1,0,0,0,1,0,0,0,0,0,0,0,0,0,0,,,,,
Melvin Gordon,RB,DEN,18,KC,0,0,0,0,0,110,1,12,1,6,0,2,0,0,0,0,0,0,0,0,0,0,,,,,
Michael Carter,RB,NYJ,18,BUF,0,0,0,0,0,19,0,9,0,0,0,3,0,0,0,0,0,0,0,0,0,0,,,,,
Michael Pittman,WR,IND,18,JAX,0,0,0,0,0,0,0,0,6,64,1,7,0,0,1,0,0,0,0,0,0,0,,,,,
Mike Badgley,K,IND,18,JAX,0,0,0,0,0,0,0,0,0,0,0,0,0,0,0,0,0,0,1,0,0,0,,,,,
Mike Davis,RB,ATL,18,NO,0,0,0,0,0,30,0,6,3,-2,0,3,0,0,0,0,0,0,0,0,0,0,,,,,
Mike Evans,WR,TB,18,CAR,0,0,0,0,0,0,0,0,6,89,2,7,0,0,0,0,0,0,0,0,0,0,,,,,
Mike Gesicki,TE,MIA,18,NE,0,0,0,0,0,0,0,0,2,22,0,3,0,0,0,0,0,0,0,0,0,0,,,,,
Mike Thomas,WR,CIN,18,CLE,0,0,0,0,0,0,0,0,0,0,0,3,0,0,0,0,0,0,0,0,0,0,,,,,
Mike Williams,WR,LAC,18,LV,0,0,0,0,0,0,0,0,9,119,1,17,0,0,0,0,0,0,0,0,0,0,,,,,
Mitchell Trubisky,QB,BUF,18,NYJ,15,0,1,1,0,-3,0,3,0,0,0,0,0,0,0,0,0,0,0,0,0,0,,,,,
Mitchell Wilcox,TE,CIN,18,CLE,0,0,0,0,0,0,0,0,3,16,0,5,0,0,0,0,0,0,0,0,0,0,,,,,
Mo Alie-Cox,TE,IND,18,JAX,0,0,0,0,0,0,0,0,2,27,0,3,0,0,0,0,0,0,0,0,0,0,,,,,
Myles Gaskin,RB,MIA,18,NE,0,0,0,0,0,-1,0,1,3,11,0,3,0,0,0,0,0,0,0,0,0,0,,,,,
N'Keal Harry,TE,NE,18,MIA,0,0,0,0,0,0,0,0,0,0,0,1,0,0,0,0,0,0,0,0,0,0,,,,,
NE,DEF,NE,18,MIA,,,,,,,,,,,,,,,,,,,,,,,0,0,0,0,33.0
NO,DEF,NO,18,ATL,,,,,,,,,,,,,,,,,,,,,,,0,0,0,0,20.0
NYG,DEF,NYG,18,WAS,,,,,,,,,,,,,,,,,,,,,,,0,0,0,0,22.0
NYJ,DEF,NYJ,18,BUF,,,,,,,,,,,,,,,,,,,,,,,0,0,0,0,27.0
Najee Harris,RB,PIT,18,BAL,0,0,0,0,0,28,0,11,4,27,0,4,0,0,0,0,0,0,0,0,0,0,,,,,
Nathan Cottrell,RB,JAX,18,IND,0,0,0,0,0,0,0,0,0,0,0,0,0,0,0,0,0,0,0,0,0,0,,,,,
Nelson Agholor,WR,NE,18,MIA,0,0,0,0,0,0,0,0,1,23,0,3,0,0,0,0,0,0,0,0,0,0,,,,,
Nick Chubb,RB,CLE,18,CIN,0,0,0,0,0,58,0,9,1,2,0,1,0,0,0,0,0,0,0,0,0,0,,,,,
Nick Folk,K,NE,18,MIA,0,0,0,0,0,0,0,0,0,0,0,0,0,0,0,0,0,0,1,0,0,3,,,,,
Nick Vannett,TE,NO,18,ATL,0,0,0,0,0,0,0,0,1,10,0,1,0,0,0,0,0,0,0,0,0,0,,,,,
Nick Westbrook-Ikhine,WR,TEN,18,HOU,0,0,0,0,0,0,0,0,4,78,1,5,0,0,0,0,0,0,0,0,0,0,,,,,
Nico Collins,WR,HOU,18,TEN,0,0,0,0,0,0,0,0,3,67,0,7,0,0,0,0,0,0,0,0,0,0,,,,,
Noah Fant,TE,DEN,18,KC,0,0,0,0,0,0,0,0,1,16,0,2,0,0,0,0,0,0,0,0,0,0,,,,,
Noah Togiai,TE,PHI,18,DAL,0,0,0,0,0,0,0,0,0,0,0,0,0,0,0,0,0,0,0,0,0,0,,,,,
Nyheim Hines,RB,IND,18,JAX,0,0,0,0,0,0,0,0,2,19,0,3,0,0,0,0,0,0,0,0,0,0,,,,,
Odell Beckham Jr.,WR,LA,18,SF,0,0,0,0,0,0,0,0,2,18,0,5,0,0,0,0,0,0,0,0,0,0,,,,,
Olamide Zaccheaus,WR,ATL,18,NO,0,0,0,0,0,0,0,0,3,47,0,3,0,0,0,0,0,0,0,0,0,0,,,,,
PHI,DEF,PHI,18,DAL,,,,,,,,,,,,,,,,,,,,,,,0,0,0,0,51.0
PIT,DEF,PIT,18,BAL,,,,,,,,,,,,,,,,,,,,,,,0,0,0,0,13.0
Parris Campbell,WR,IND,18,JAX,0,0,0,0,0,0,0,0,0,0,0,3,0,0,0,0,0,0,0,0,0,0,,,,,
Pat Freiermuth,TE,PIT,18,BAL,0,0,0,0,0,0,0,0,6,53,0,9,0,0,0,0,0,0,0,0,0,0,,,,,
Patrick Mahomes,QB,KC,18,DEN,270,2,44,27,0,54,0,9,0,0,0,0,0,0,1,0,0,0,0,0,0,0,,,,,
Patrick Taylor,RB,GB,18,DET,0,0,0,0,0,53,1,11,2,3,0,2,0,0,0,0,0,0,0,0,0,0,,,,,
Phillip Lindsay,RB,MIA,18,NE,0,0,0,0,0,40,0,11,0,0,0,0,0,0,0,0,0,0,0,0,0,0,,,,,
Qadree Ollison,RB,ATL,18,NO,0,0,0,0,0,19,1,1,0,0,0,1,0,0,0,0,0,0,0,0,0,0,,,,,
Quez Watkins,WR,PHI,18,DAL,0,0,0,0,0,0,0,0,5,84,1,7,0,0,0,0,0,0,0,0,0,0,,,,,
Racey McMath,WR,TEN,18,HOU,0,0,0,0,0,0,0,0,0,0,0,1,0,0,0,0,0,0,0,0,0,0,,,,,
Randy Bullock,K,TEN,18,HOU,0,0,0,0,0,0,0,0,0,0,0,0,0,0,0,0,0,0,0,0,0,4,,,,,
Rashaad Penny,RB,SEA,18,ARI,0,0,0,0,0,190,1,23,0,0,0,0,0,0,0,0,0,0,0,0,0,0,,,,,
Rashod Bateman,WR,BAL,18,PIT,0,0,0,0,0,0,0,0,2,22,0,4,0,0,0,0,0,0,0,0,0,0,,,,,
Ray-Ray McCloud,WR,PIT,18,BAL,0,0,0,0,0,0,0,0,4,37,0,9,0,0,0,0,0,0,0,0,0,0,,,,,
Reggie Gilliam,RB,BUF,18,NYJ,0,0,0,0,0,0,0,0,0,0,0,1,0,0,0,0,0,0,0,0,0,0,,,,,
Rex Burkhead,RB,HOU,18,TEN,0,0,0,0,0,24,0,12,3,42,0,4,0,0,0,0,0,0,0,0,0,0,,,,,
Rhamondre Stevenson,RB,NE,18,MIA,0,0,0,0,0,34,0,4,1,2,0,2,0,0,0,0,0,0,0,0,0,0,,,,,
Richard Rodgers,TE,PHI,18,DAL,0,0,0,0,0,0,0,0,2,11,0,2,0,0,0,0,0,0,0,0,0,0,,,,,
Riley Patterson,K,DET,18,GB,0,0,0,0,0,0,0,0,0,0,0,0,0,0,0,0,1,2,0,0,0,4,,,,,
Rob Gronkowski,TE,TB,18,CAR,0,0,0,0,0,0,0,0,7,137,0,10,0,0,0,0,0,0,0,0,0,0,,,,,
Robbie Chosen,WR,CAR,18,TB,0,0,0,0,0,0,0,0,7,50,1,9,0,0,0,0,0,0,0,0,0,0,,,,,
Robbie Gould,K,SF,18,LA,0,0,0,0,0,0,0,0,0,0,0,0,0,0,0,0,1,0,1,0,0,3,,,,,
Royce Freeman,RB,HOU,18,TEN,0,0,0,0,0,0,0,0,0,0,0,0,0,0,0,0,0,0,0,0,0,0,,,,,
Russell Gage,WR,ATL,18,NO,0,0,0,0,0,0,0,0,9,126,1,13,0,0,0,0,0,0,0,0,0,0,,,,,
Russell Wilson,QB,SEA,18,ARI,238,3,26,15,1,5,1,4,0,0,0,0,0,0,0,0,0,0,0,0,0,0,,,,,
Ryan Succop,K,TB,18,CAR,0,0,0,0,0,0,0,0,0,0,0,0,0,0,0,0,0,1,1,0,0,5,,,,,
Ryan Tannehill,QB,TEN,18,HOU,287,4,32,23,0,-2,0,2,0,0,0,0,0,0,0,0,0,0,0,0,0,0,,,,,
Ryquell Armstead,RB,JAX,18,IND,0,0,0,0,0,52,0,9,2,10,0,2,0,0,0,0,0,0,0,0,0,0,,,,,
SEA,DEF,SEA,18,ARI,,,,,,,,,,,,,,,,,,,,,,,0,0,0,0,30.0
SF,DEF,SF,18,LA,,,,,,,,,,,,,,,,,,,,,,,0,0,0,0,24.0
Sam Darnold,QB,CAR,18,TB,219,2,42,29,1,19,0,8,0,0,0,0,0,0,0,0,0,0,0,0,0,0,,,,,
Sammy Watkins,WR,BAL,18,PIT,0,0,0,0,0,0,0,0,0,0,0,1,0,0,0,0,0,0,0,0,0,0,,,,,
Saquon Barkley,RB,NYG,18,WAS,0,0,0,0,0,30,0,11,3,19,0,4,0,0,0,0,0,0,0,0,0,0,,,,,
Scott Miller,WR,TB,18,CAR,0,0,0,0,0,43,1,2,1,9,0,1,0,0,0,0,0,0,0,0,0,0,,,,,
Sony Michel,RB,LA,18,SF,0,0,0,0,0,43,0,21,1,6,0,4,0,0,0,0,0,0,0,0,0,0,,,,,
Stanley Morgan,WR,CIN,18,CLE,0,0,0,0,0,3,0,1,1,8,0,2,0,0,0,0,0,0,0,0,0,0,,,,,
Stefon Diggs,WR,BUF,18,NYJ,0,0,0,0,0,0,0,0,9,81,1,14,0,0,0,0,0,0,0,0,0,0,,,,,
T.Y. Hilton,WR,IND,18,JAX,0,0,0,0,0,0,0,0,2,39,0,5,0,0,0,0,0,0,0,0,0,0,,,,,
TB,DEF,TB,18,CAR,,,,,,,,,,,,,,,,,,,,,,,0,0,0,0,17.0
TEN,DEF,TEN,18,HOU,,,,,,,,,,,,,,,,,,,,,,,0,0,0,0,25.0
Taiwan Jones,RB,BUF,18,NYJ,0,0,0,0,0,0,0,0,0,0,0,0,0,0,0,0,0,0,0,0,0,0,,,,,
Tajae Sharpe,WR,ATL,18,NO,0,0,0,0,0,0,0,0,0,0,0,2,0,0,0,0,0,0,0,0,0,0,,,,,
Tarik Black,WR,NYJ,18,BUF,0,0,0,0,0,0,0,0,1,10,0,2,0,0,0,0,0,0,0,0,0,0,,,,,
Taylor Heinicke,QB,WAS,18,NYG,120,0,18,9,0,3,0,2,0,0,0,0,0,0,0,0,0,0,0,0,0,0,,,,,
Taysom Hill,TE,NO,18,ATL,107,1,9,7,0,18,0,5,0,0,0,0,0,0,0,0,0,0,0,0,0,0,,,,,
Terry McLaurin,WR,WAS,18,NYG,0,0,0,0,0,0,0,0,4,93,0,6,0,0,0,0,0,0,0,0,0,0,,,,,
Tevin Coleman,RB,NYJ,18,BUF,0,0,0,0,0,6,0,5,0,0,0,1,0,0,0,0,0,0,0,0,0,0,,,,,
Tim Boyle,QB,DET,18,GB,0,0,0,0,0,-1,0,1,0,0,0,0,0,0,0,0,0,0,0,0,0,0,,,,,
Tim Patrick,WR,DEN,18,KC,0,0,0,0,0,0,0,0,6,95,0,10,0,0,0,0,0,0,0,0,0,0,,,,,
Tom Brady,QB,TB,18,CAR,326,3,37,29,0,0,0,0,0,0,0,0,0,0,0,0,0,0,0,0,0,0,,,,,
Tom Kennedy,WR,DET,18,GB,75,1,1,1,0,0,0,0,2,16,0,2,0,0,0,0,0,0,0,0,0,0,,,,,
Tommy Tremble,TE,CAR,18,TB,0,0,0,0,0,4,0,1,2,7,0,5,0,0,0,0,0,0,0,0,0,0,,,,,
Tony Jones,RB,NO,18,ATL,0,0,0,0,0,22,0,7,0,0,0,1,0,0,0,0,0,0,0,0,0,0,,,,,
Travis Benjamin,WR,SF,18,LA,0,0,0,0,0,0,0,0,0,0,0,1,0,0,0,0,0,0,0,0,0,0,,,,,
Travis Homer,RB,SEA,18,ARI,0,0,0,0,0,4,0,1,1,23,0,3,0,0,0,0,0,0,0,0,0,0,,,,,
Travis Kelce,TE,KC,18,DEN,0,0,0,0,0,0,0,0,4,34,1,5,0,0,0,0,0,0,0,0,0,0,,,,,
Trayveon Williams,RB,CIN,18,CLE,0,0,0,0,0,38,0,9,1,4,0,2,0,0,0,0,0,0,0,0,0,0,,,,,
Tre' McKitty,TE,LAC,18,LV,0,0,0,0,0,0,0,0,0,0,0,1,0,0,0,0,0,0,0,0,0,0,,,,,
Tre'Quan Smith,WR,NO,18,ATL,0,0,0,0,0,0,0,0,5,76,1,7,0,0,0,0,0,0,0,0,0,0,,,,,
Trent Sherfield,WR,SF,18,LA,0,0,0,0,0,0,0,0,1,13,0,1,0,0,0,0,0,0,0,0,0,0,,,,,
Trent Taylor,WR,CIN,18,CLE,0,0,0,0,0,0,0,0,2,41,0,3,0,0,0,0,0,0,0,0,0,0,,,,,
Trenton Irwin,WR,CIN,18,CLE,0,0,0,0,0,0,0,0,1,9,0,4,0,0,0,0,0,0,0,0,0,0,,,,,
Trevor Lawrence,QB,JAX,18,IND,223,2,32,23,0,17,0,10,0,0,0,0,0,0,0,0,0,0,0,0,0,0,,,,,
Trevor Siemian,QB,NO,18,ATL,71,2,15,9,0,-1,0,2,0,0,0,0,0,0,0,0,0,0,0,0,0,0,,,,,
Tua Tagovailoa,QB,MIA,18,NE,109,1,22,15,0,38,0,5,0,0,0,0,0,0,0,0,0,0,0,0,0,0,,,,,
Ty Johnson,RB,NYJ,18,BUF,0,0,0,0,0,-1,0,1,0,0,0,1,0,0,0,0,0,0,0,0,0,0,,,,,
Ty Montgomery,WR,NO,18,ATL,0,0,0,0,0,0,0,0,1,1,0,2,0,0,0,0,0,0,0,0,0,0,,,,,
Ty'Son Williams,RB,BAL,18,PIT,0,0,0,0,0,4,0,1,0,0,0,0,0,0,0,0,0,0,0,0,0,0,,,,,
Tylan Wallace,WR,BAL,18,PIT,0,0,0,0,0,0,0,0,0,0,0,1,0,0,0,0,0,0,0,0,0,0,,,,,
Tyler Bass,K,BUF,18,NYJ,0,0,0,0,0,0,0,0,0,0,0,0,0,0,0,0,1,0,1,0,0,3,,,,,
Tyler Conklin,TE,MIN,18,CHI,0,0,0,0,0,0,0,0,2,6,0,4,0,0,0,0,0,0,0,0,0,0,,,,,
Tyler Davis,TE,GB,18,DET,0,0,0,0,0,0,0,0,0,0,0,1,0,0,0,0,0,0,0,0,0,0,,,,,
Tyler Higbee,TE,LA,18,SF,0,0,0,0,0,0,0,0,6,55,2,8,0,0,0,0,0,0,0,0,0,0,,,,,
Tyler Huntley,QB,BAL,18,PIT,141,0,31,16,2,72,0,12,0,0,0,0,0,0,0,0,0,0,0,0,0,0,,,,,
Tyler Johnson,WR,TB,18,CAR,0,0,0,0,0,0,0,0,5,22,0,7,0,0,0,0,0,0,0,0,0,0,,,,,
Tyler Kroft,TE,NYJ,18,BUF,0,0,0,0,0,0,0,0,1,5,0,3,0,0,0,0,0,0,0,0,0,0,,,,,
Tyler Lockett,WR,SEA,18,ARI,0,0,0,0,0,2,0,1,5,98,2,5,0,0,0,0,0,0,0,0,0,0,,,,,
Tyree Jackson,TE,PHI,18,DAL,0,0,0,0,0,0,0,0,3,22,1,5,0,0,0,0,0,0,0,0,0,0,,,,,
Tyreek Hill,WR,KC,18,DEN,0,0,0,0,0,0,0,0,1,2,0,3,0,0,0,0,0,0,0,0,0,0,,,,,
Tyron Johnson,WR,LV,18,LAC,0,0,0,0,0,0,0,0,0,0,0,0,0,0,0,0,0,0,0,0,0,0,,,,,
Van Jefferson,WR,LA,18,SF,0,0,0,0,0,0,0,0,2,31,0,3,0,0,0,0,0,0,0,0,0,0,,,,,
WAS,DEF,WAS,18,NYG,,,,,,,,,,,,,,,,,,,,,,,1,0,0,0,7.0
Younghoe Koo,K,ATL,18,NO,0,0,0,0,0,0,0,0,0,0,0,0,0,0,0,0,0,0,1,1,0,2,,,,,
Zach Ertz,TE,ARI,18,SEA,0,0,0,0,0,0,0,0,7,84,0,10,0,0,0,0,0,0,0,0,0,0,,,,,
Zach Gentry,TE,PIT,18,BAL,0,0,0,0,0,0,0,0,4,39,0,5,0,0,0,0,0,0,0,0,0,0,,,,,
Zach Pascal,WR,IND,18,JAX,0,0,0,0,0,0,0,0,1,7,0,2,0,0,0,0,0,0,0,0,0,0,,,,,
Zach Wilson,QB,NYJ,18,BUF,87,1,20,7,0,24,0,2,0,0,0,0,0,0,0,0,0,0,0,0,0,0,,,,,
Zack Moss,RB,BUF,18,NYJ,0,0,0,0,0,8,0,5,2,6,0,2,0,0,0,0,0,0,0,0,0,0,,,,,
Zay Jones,WR,LV,18,LAC,0,0,0,0,0,0,0,0,5,27,0,8,0,0,0,0,0,0,0,0,0,0,,,,,
A.J. Green,WR,ARI,19,LA,0,0,0,0,0,0,0,0,0,0,0,3,0,0,0,0,0,0,0,0,0,0,,,,,
ARI,DEF,ARI,19,LA,,,,,,,,,,,,,,,,,,,,,,,0,0,0,0,34.0
Amari Cooper,WR,DAL,19,SF,0,0,0,0,0,0,0,0,6,64,1,10,0,0,0,0,0,0,0,0,0,0,,,,,
Antoine Wesley,WR,ARI,19,LA,0,0,0,0,0,0,0,0,0,0,0,2,0,0,1,0,0,0,0,0,0,0,,,,,
BUF,DEF,BUF,19,NE,,,,,,,,,,,,,,,,,,,,,,,0,0,0,0,17.0
Ben Roethlisberger,QB,PIT,19,KC,215,2,44,29,0,-1,0,2,0,0,0,0,0,0,0,0,0,0,0,0,0,0,,,,,
Benny Snell,RB,PIT,19,KC,0,0,0,0,0,15,0,2,2,16,0,2,0,0,0,0,0,0,0,0,0,0,,,,,
Blake Bell,TE,KC,19,PIT,0,0,0,0,0,0,0,0,1,3,0,1,0,0,0,0,0,0,0,0,0,0,,,,,
Blake Jarwin,TE,DAL,19,SF,0,0,0,0,0,0,0,0,0,0,0,1,0,0,0,0,0,0,0,0,0,0,,,,,
Boston Scott,RB,PHI,19,TB,0,0,0,0,0,34,1,1,1,1,0,1,0,0,0,0,0,0,0,0,0,0,,,,,
Brandon Aiyuk,WR,SF,19,DAL,0,0,0,0,0,0,0,0,5,66,0,6,0,0,0,0,0,0,0,0,0,0,,,,,
Brandon Bolden,RB,NE,19,BUF,0,0,0,0,0,0,0,0,4,27,0,6,0,0,0,0,0,0,0,0,0,0,,,,,
Brandon Powell,WR,LA,19,ARI,0,0,0,0,0,0,0,0,0,0,0,0,0,0,0,0,0,0,0,0,0,0,,,,,
Breshad Perriman,WR,TB,19,PHI,0,0,0,0,0,0,0,0,1,5,0,3,0,0,0,0,0,0,0,0,0,0,,,,,
Bryan Edwards,WR,LV,19,CIN,0,0,0,0,0,0,0,0,3,41,0,6,0,0,0,0,0,0,0,0,0,0,,,,,
Byron Pringle,WR,KC,19,PIT,0,0,0,0,0,0,0,0,5,37,2,7,0,0,0,0,0,0,0,0,0,0,,,,,
C.J. Uzomah,TE,CIN,19,LV,0,0,0,0,0,0,0,0,6,64,1,6,0,0,0,0,0,0,0,0,0,0,,,,,
CIN,DEF,CIN,19,LV,,,,,,,,,,,,,,,,,,,,,,,0,0,0,0,19.0
Cam Akers,RB,LA,19,ARI,0,0,0,0,0,55,0,17,1,40,0,2,0,0,0,0,0,0,0,0,0,0,,,,,
Cameron Brate,TE,TB,19,PHI,0,0,0,0,0,0,0,0,3,29,0,3,0,0,0,0,0,0,0,0,0,0,,,,,
Cedrick Wilson Jr.,WR,DAL,19,SF,0,0,0,0,0,0,0,0,5,62,0,10,0,0,0,0,0,0,0,0,0,0,,,,,
CeeDee Lamb,WR,DAL,19,SF,0,0,0,0,0,5,0,1,1,21,0,5,0,0,0,0,0,0,0,0,0,0,,,,,
Chase Claypool,WR,PIT,19,KC,0,0,0,0,0,0,0,0,3,25,0,7,0,0,0,0,0,0,0,0,0,0,,,,,
Chase Edmonds,RB,ARI,19,LA,0,0,0,0,0,28,0,8,0,0,0,1,0,0,0,0,0,0,0,0,0,0,,,,,
Chris Boswell,K,PIT,19,KC,0,0,0,0,0,0,0,0,0,0,0,0,0,0,0,0,0,0,0,0,0,3,,,,,
Chris Evans,RB,CIN,19,LV,0,0,0,0,0,9,0,1,0,0,0,0,0,0,0,0,0,0,0,0,0,0,,,,,
Christian Kirk,WR,ARI,19,LA,0,0,0,0,0,0,0,0,6,51,0,11,0,0,0,0,0,0,0,0,0,0,,,,,
Cole Beasley,WR,BUF,19,NE,0,0,0,0,0,0,0,0,1,19,0,1,0,0,0,0,0,0,0,0,0,0,,,,,
Cooper Kupp,WR,LA,19,ARI,0,0,0,0,0,0,0,0,5,61,1,7,0,0,0,0,0,0,0,0,0,0,,,,,
DAL,DEF,DAL,19,SF,,,,,,,,,,,,,,,,,,,,,,,0,0,0,0,23.0
Dak Prescott,QB,DAL,19,SF,254,1,43,23,1,27,1,4,0,0,0,0,0,0,0,0,0,0,0,0,0,0,,,,,
Dallas Goedert,TE,PHI,19,TB,0,0,0,0,0,0,0,0,6,92,0,12,0,0,0,0,0,0,0,0,0,0,,,,,
Dalton Schultz,TE,DAL,19,SF,0,0,0,0,0,0,0,0,7,89,0,8,0,0,0,0,0,0,0,0,0,0,,,,,
Damien Harris,RB,NE,19,BUF,0,0,0,0,0,30,0,9,1,7,0,1,0,0,0,0,0,0,0,0,0,0,,,,,
Daniel Carlson,K,LV,19,CIN,0,0,0,0,0,0,0,0,0,0,0,0,0,0,0,0,2,1,1,0,0,1,,,,,
Darrel Williams,RB,KC,19,PIT,0,0,0,0,0,4,0,1,0,0,0,0,0,0,0,0,0,0,0,0,0,0,,,,,
Darrell Daniels,TE,ARI,19,LA,0,0,0,0,0,0,0,0,2,2,0,3,0,0,0,0,0,0,0,0,0,0,,,,,
Darren Waller,TE,LV,19,CIN,0,0,0,0,0,0,0,0,7,76,0,12,0,0,0,0,0,0,0,0,0,0,,,,,
Dawson Knox,TE,BUF,19,NE,0,0,0,0,0,0,0,0,5,89,2,5,0,0,0,0,0,0,0,0,0,0,,,,,
DeSean Jackson,WR,LV,19,CIN,0,0,0,0,0,0,0,0,1,26,0,2,0,0,0,0,0,0,0,0,0,0,,,,,
DeVonta Smith,WR,PHI,19,TB,0,0,0,0,0,0,0,0,4,60,0,11,0,0,1,0,0,0,0,0,0,0,,,,,
Deebo Samuel Sr.,WR,SF,19,DAL,0,0,0,0,0,72,1,10,3,38,0,3,0,0,0,0,0,0,0,0,0,0,,,,,
Demarcus Robinson,WR,KC,19,PIT,0,0,0,0,0,0,0,0,4,76,0,5,0,0,0,0,0,0,0,0,0,0,,,,,
Derek Carr,QB,LV,19,CIN,310,1,54,29,1,20,0,1,0,0,0,0,0,0,0,0,0,0,0,0,0,0,,,,,
Derrick Gore,RB,KC,19,PIT,0,0,0,0,0,3,0,3,0,0,0,0,0,0,0,0,0,0,0,0,0,0,,,,,
Devin Singletary,RB,BUF,19,NE,0,0,0,0,0,81,2,16,3,13,0,4,0,0,0,0,0,0,0,0,0,0,,,,,
Diontae Johnson,WR,PIT,19,KC,0,0,0,0,0,0,0,0,5,34,1,10,0,0,0,0,0,0,0,0,0,0,,,,,
Elijah Mitchell,RB,SF,19,DAL,0,0,0,0,0,96,1,27,1,-11,0,2,0,0,0,0,0,0,0,0,0,0,,,,,
Emmanuel Sanders,WR,BUF,19,NE,0,0,0,0,0,0,0,0,2,36,1,3,0,0,0,0,0,0,0,0,0,0,,,,,
Eno Benjamin,RB,ARI,19,LA,0,0,0,0,0,8,0,4,2,26,0,2,0,0,0,0,0,0,0,0,0,0,,,,,
Evan McPherson,K,CIN,19,LV,0,0,0,0,0,0,0,0,0,0,0,0,0,0,0,0,1,2,1,0,0,2,,,,,
Ezekiel Elliott,RB,DAL,19,SF,0,0,0,0,0,31,0,12,1,0,0,4,0,0,0,0,0,0,0,0,0,0,,,,,
Foster Moreau,TE,LV,19,CIN,0,0,0,0,0,0,0,0,0,0,0,3,0,0,0,0,0,0,0,0,0,0,,,,,
Gabe Davis,WR,BUF,19,NE,0,0,0,0,0,0,0,0,2,41,1,3,0,0,0,0,0,0,0,0,0,0,,,,,
George Kittle,TE,SF,19,DAL,0,0,0,0,0,0,0,0,1,18,0,3,0,0,0,0,0,0,0,0,0,0,,,,,
Giovani Bernard,RB,TB,19,PHI,0,0,0,0,0,44,1,13,5,39,0,7,0,0,0,0,0,0,0,0,0,0,,,,,
Greg Zuerlein,K,DAL,19,SF,0,0,0,0,0,0,0,0,0,0,0,0,0,0,0,0,0,0,0,1,0,2,,,,,
Gunner Olszewski,WR,NE,19,BUF,0,0,0,0,0,0,0,0,0,0,0,0,0,0,0,0,0,0,0,0,0,0,,,,,
Harrison Butker,K,KC,19,PIT,0,0,0,0,0,0,0,0,0,0,0,0,0,0,0,0,0,0,0,0,0,6,,,,,
Hunter Henry,TE,NE,19,BUF,0,0,0,0,0,0,0,0,1,30,0,4,0,0,0,0,0,0,0,0,0,0,,,,,
Hunter Renfrow,WR,LV,19,CIN,0,0,0,0,0,0,0,0,8,58,0,11,0,0,0,0,0,0,0,0,0,0,,,,,
Isaiah McKenzie,WR,BUF,19,NE,0,0,0,0,0,29,0,3,3,45,0,3,0,0,0,0,0,0,0,0,0,0,,,,,
Ja'Marr Chase,WR,CIN,19,LV,0,0,0,0,0,23,0,3,9,116,0,12,0,0,0,0,0,0,0,0,0,0,,,,,
JaMycal Hasty,RB,SF,19,DAL,0,0,0,0,0,0,0,0,0,0,0,0,0,0,0,0,0,0,0,0,0,0,,,,,
Jack Stoll,TE,PHI,19,TB,0,0,0,0,0,0,0,0,0,0,0,0,0,0,0,0,0,0,0,0,0,0,,,,,
Jaelon Darden,WR,TB,19,PHI,0,0,0,0,0,0,0,0,0,0,0,0,0,0,0,0,0,0,0,0,0,0,,,,,
Jake Elliott,K,PHI,19,TB,0,0,0,0,0,0,0,0,0,0,0,0,0,0,0,0,0,0,0,0,0,1,,,,,
Jake Funk,RB,LA,19,ARI,0,0,0,0,0,5,0,2,0,0,0,0,0,0,0,0,0,0,0,0,0,0,,,,,
Jake Kumerow,WR,BUF,19,NE,0,0,0,0,0,0,0,0,0,0,0,0,0,0,0,0,0,0,0,0,0,0,,,,,
Jakob Johnson,RB,NE,19,BUF,0,0,0,0,0,0,0,0,0,0,0,1,0,0,0,0,0,0,0,0,0,0,,,,,
Jakobi Meyers,WR,NE,19,BUF,0,0,0,0,0,0,0,0,6,40,0,9,0,0,0,0,0,0,0,0,0,0,,,,,
Jalen Hurts,QB,PHI,19,TB,258,1,43,23,2,39,0,8,0,0,0,0,0,0,1,0,0,0,0,0,0,0,,,,,
Jalen Reagor,WR,PHI,19,TB,0,0,0,0,0,0,0,0,1,2,0,3,0,0,0,0,0,0,0,0,0,0,,,,,
Jalen Richard,RB,LV,19,CIN,0,0,0,0,0,0,0,0,1,4,0,2,0,0,0,0,0,0,0,0,0,0,,,,,
James Conner,RB,ARI,19,LA,0,0,0,0,0,19,1,4,1,5,0,2,0,0,0,0,0,0,0,0,0,0,,,,,
James Washington,WR,PIT,19,KC,0,0,0,0,0,0,0,0,2,37,1,3,0,0,0,0,0,0,0,0,0,0,,,,,
Jauan Jennings,WR,SF,19,DAL,0,0,0,0,0,0,0,0,3,29,0,5,0,0,0,0,0,0,0,0,0,0,,,,,
Jerick McKinnon,RB,KC,19,PIT,0,0,0,0,0,61,0,12,6,81,1,6,0,0,0,0,0,0,0,0,0,0,,,,,
Jimmy Garoppolo,QB,SF,19,DAL,172,0,25,16,1,1,0,1,0,0,0,0,0,0,0,0,0,0,0,0,0,0,,,,,
Joe Burrow,QB,CIN,19,LV,244,2,34,24,0,-2,0,2,0,0,0,0,0,0,0,0,0,0,0,0,0,0,,,,,
Joe Mixon,RB,CIN,19,LV,0,0,0,0,0,48,0,17,4,28,0,5,0,0,0,0,0,0,0,0,0,0,,,,,
Jordan Howard,RB,PHI,19,TB,0,0,0,0,0,0,0,0,1,7,0,1,0,0,0,0,0,0,0,0,0,0,,,,,
Josh Allen,QB,BUF,19,NE,308,5,25,21,0,66,0,6,0,0,0,0,0,0,0,0,0,0,0,0,0,0,,,,,
Josh Jacobs,RB,LV,19,CIN,0,0,0,0,0,83,0,13,4,44,0,5,0,0,0,0,0,0,0,0,0,0,,,,,
JuJu Smith-Schuster,WR,PIT,19,KC,0,0,0,0,0,0,0,0,5,26,0,8,0,0,0,0,0,0,0,0,0,0,,,,,
KC,DEF,KC,19,PIT,,,,,,,,,,,,,,,,,,,,,,,0,0,0,0,21.0
Kalen Ballage,RB,PIT,19,KC,0,0,0,0,0,13,0,4,0,0,0,0,0,0,0,0,0,0,0,0,0,0,,,,,
Ke'Shawn Vaughn,RB,TB,19,PHI,0,0,0,0,0,53,1,17,2,9,0,2,0,0,0,0,0,0,0,0,0,0,,,,,
Kendrick Bourne,WR,NE,19,BUF,0,0,0,0,0,14,0,1,7,77,2,8,0,0,0,0,0,0,0,0,0,0,,,,,
Kenny Gainwell,RB,PHI,19,TB,0,0,0,0,0,6,0,1,5,49,1,5,0,0,0,0,0,0,0,0,0,0,,,,,
Kyle Juszczyk,RB,SF,19,DAL,0,0,0,0,0,0,0,0,2,15,0,3,0,0,0,0,0,0,0,0,0,0,,,,,
Kyler Murray,QB,ARI,19,LA,137,0,34,19,2,6,0,2,0,0,0,0,0,0,1,0,0,0,0,0,0,0,,,,,
LA,DEF,LA,19,ARI,,,,,,,,,,,,,,,,,,,,,,,1,0,0,0,11.0
LV,DEF,LV,19,CIN,,,,,,,,,,,,,,,,,,,,,,,0,0,0,0,26.0
Mac Jones,QB,NE,19,BUF,232,2,38,24,2,18,0,2,0,0,0,0,0,0,0,0,0,0,0,0,0,0,,,,,
Malik Turner,WR,DAL,19,SF,0,0,0,0,0,0,0,0,1,6,0,1,0,0,0,0,0,0,0,0,0,0,,,,,
Marcus Kemp,WR,KC,19,PIT,0,0,0,0,0,0,0,0,0,0,0,0,0,0,0,0,0,0,0,0,0,0,,,,,
Matt Gay,K,LA,19,ARI,0,0,0,0,0,0,0,0,0,0,0,0,0,0,0,0,0,1,1,0,0,4,,,,,
Matt Prater,K,ARI,19,LA,0,0,0,0,0,0,0,0,0,0,0,0,0,0,0,0,0,0,0,1,0,0,,,,,
Matthew Slater,WR,NE,19,BUF,0,0,0,0,0,0,0,0,0,0,0,0,0,0,0,0,0,0,0,0,0,0,,,,,
Matthew Stafford,QB,LA,19,ARI,202,2,17,13,0,22,1,6,0,0,0,0,0,0,0,0,0,0,0,0,0,0,,,,,
Mecole Hardman,WR,KC,19,PIT,0,0,0,0,0,6,0,2,4,43,0,4,0,0,0,0,0,0,0,0,0,0,,,,,
Mike Evans,WR,TB,19,PHI,0,0,0,0,0,0,0,0,9,117,1,10,0,0,0,0,0,0,0,0,0,0,,,,,
Mike Thomas,WR,CIN,19,LV,0,0,0,0,0,0,0,0,0,0,0,0,0,0,0,0,0,0,0,0,0,0,,,,,
Miles Sanders,RB,PHI,19,TB,0,0,0,0,0,16,0,7,3,12,0,3,0,0,0,0,0,0,0,0,0,0,,,,,
Mitchell Trubisky,QB,BUF,19,NE,0,0,0,0,0,-2,0,3,0,0,0,0,0,0,0,0,0,0,0,0,0,0,,,,,
NE,DEF,NE,19,BUF,,,,,,,,,,,,,,,,,,,,,,,0,0,0,0,47.0
Najee Harris,RB,PIT,19,KC,0,0,0,0,0,29,0,12,2,-1,0,2,0,0,0,0,0,0,0,0,0,0,,,,,
Nelson Agholor,WR,NE,19,BUF,0,0,0,0,0,0,0,0,1,18,0,2,0,0,0,0,0,0,0,0,0,0,,,,,
Nick Folk,K,NE,19,BUF,0,0,0,0,0,0,0,0,0,0,0,0,0,0,0,0,0,0,1,0,0,2,,,,,
Noah Gray,TE,KC,19,PIT,0,0,0,0,0,0,0,0,0,0,0,2,0,0,0,0,0,0,0,0,0,0,,,,,
O.J. Howard,TE,TB,19,PHI,0,0,0,0,0,0,0,0,1,3,0,1,0,0,0,0,0,0,0,0,0,0,,,,,
Odell Beckham Jr.,WR,LA,19,ARI,40,0,1,1,0,0,0,0,4,54,1,4,0,0,0,0,0,0,0,0,0,0,,,,,
PHI,DEF,PHI,19,TB,,,,,,,,,,,,,,,,,,,,,,,0,0,0,0,31.0
PIT,DEF,PIT,19,KC,,,,,,,,,,,,,,,,,,,,,,,0,0,0,0,42.0
Pat Freiermuth,TE,PIT,19,KC,0,0,0,0,0,0,0,0,4,25,0,5,0,0,0,0,0,0,0,0,0,0,,,,,
Patrick Mahomes,QB,KC,19,PIT,404,5,39,30,1,29,0,3,0,0,0,0,0,0,0,0,0,0,0,0,0,0,,,,,
Peyton Barber,RB,LV,19,CIN,0,0,0,0,0,0,0,0,0,0,0,0,0,0,0,0,0,0,0,0,0,0,,,,,
Quez Watkins,WR,PHI,19,TB,0,0,0,0,0,0,0,0,2,35,0,7,0,0,0,0,0,0,0,0,0,0,,,,,
Ray-Ray McCloud,WR,PIT,19,KC,0,0,0,0,0,0,0,0,2,20,0,2,0,0,0,0,0,0,0,0,0,0,,,,,
Reggie Gilliam,RB,BUF,19,NE,0,0,0,0,0,0,0,0,1,4,0,1,0,0,0,0,0,0,0,0,0,0,,,,,
Rhamondre Stevenson,RB,NE,19,BUF,0,0,0,0,0,27,0,8,4,33,0,4,0,0,0,0,0,0,0,0,0,0,,,,,
Rob Gronkowski,TE,TB,19,PHI,0,0,0,0,0,0,0,0,5,31,1,6,0,0,0,0,0,0,0,0,0,0,,,,,
Robbie Gould,K,SF,19,DAL,0,0,0,0,0,0,0,0,0,0,0,0,0,0,0,0,0,0,1,2,0,2,,,,,
Rondale Moore,WR,ARI,19,LA,0,0,0,0,0,0,0,0,5,32,0,6,0,0,0,0,0,0,0,0,0,0,,,,,
Ryan Succop,K,TB,19,PHI,0,0,0,0,0,0,0,0,0,0,0,0,0,0,0,0,0,1,0,0,0,4,,,,,
SF,DEF,SF,19,DAL,,,,,,,,,,,,,,,,,,,,,,,0,0,0,0,17.0
Samaje Perine,RB,CIN,19,LV,0,0,0,0,0,2,0,1,0,0,0,0,0,0,0,0,0,0,0,0,0,0,,,,,
Scott Miller,WR,TB,19,PHI,0,0,0,0,0,9,0,1,1,8,0,1,0,0,0,0,0,0,0,0,0,0,,,,,
Sony Michel,RB,LA,19,ARI,0,0,0,0,0,58,0,13,0,0,0,0,0,0,0,0,0,0,0,0,0,0,,,,,
Stefon Diggs,WR,BUF,19,NE,0,0,0,0,0,0,0,0,3,60,0,4,0,0,0,0,0,0,0,0,0,0,,,,,
TB,DEF,TB,19,PHI,,,,,,,,,,,,,,,,,,,,,,,0,0,0,0,15.0
Taiwan Jones,RB,BUF,19,NE,0,0,0,0,0,0,0,0,0,0,0,0,0,0,0,0,0,0,0,0,0,0,,,,,
Tee Higgins,WR,CIN,19,LV,0,0,0,0,0,0,0,0,1,10,0,4,0,0,0,0,0,0,0,0,0,0,,,,,
Tom Brady,QB,TB,19,PHI,271,2,37,29,0,0,0,0,0,0,0,0,0,0,0,0,0,0,0,0,0,0,,,,,
Tony Pollard,RB,DAL,19,SF,0,0,0,0,0,14,0,4,2,12,0,2,0,0,0,0,0,0,0,0,0,0,,,,,
Travis Benjamin,WR,SF,19,DAL,0,0,0,0,0,0,0,0,1,17,0,1,0,0,0,0,0,0,0,0,0,0,,,,,
Travis Kelce,TE,KC,19,PIT,2,1,1,1,0,0,0,0,5,108,1,7,0,0,0,0,0,0,0,0,0,0,,,,,
Trent Sherfield,WR,SF,19,DAL,0,0,0,0,0,0,0,0,0,0,0,2,0,0,0,0,0,0,0,0,0,0,,,,,
Trent Taylor,WR,CIN,19,LV,0,0,0,0,0,0,0,0,0,0,0,0,0,0,0,0,0,0,0,0,0,0,,,,,
Tyler Bass,K,BUF,19,NE,0,0,0,0,0,0,0,0,0,0,0,0,0,0,0,0,0,0,0,0,0,5,,,,,
Tyler Boyd,WR,CIN,19,LV,0,0,0,0,0,3,0,1,4,26,1,5,0,0,0,0,0,0,0,0,0,0,,,,,
Tyler Higbee,TE,LA,19,ARI,0,0,0,0,0,0,0,0,3,46,0,4,0,0,0,0,0,0,0,0,0,0,,,,,
Tyler Johnson,WR,TB,19,PHI,0,0,0,0,0,0,0,0,2,30,0,3,0,0,0,0,0,0,0,0,0,0,,,,,
Tyreek Hill,WR,KC,19,PIT,0,0,0,0,0,0,0,0,5,57,1,5,0,0,0,0,0,0,0,0,0,0,,,,,
Tyron Johnson,WR,LV,19,CIN,0,0,0,0,0,0,0,0,0,0,0,0,0,0,0,0,0,0,0,0,0,0,,,,,
Van Jefferson,WR,LA,19,ARI,0,0,0,0,0,0,0,0,1,41,0,1,0,0,0,0,0,0,0,0,0,0,,,,,
Zach Ertz,TE,ARI,19,LA,0,0,0,0,0,0,0,0,3,21,0,4,0,0,0,0,0,0,0,0,0,0,,,,,
Zach Gentry,TE,PIT,19,KC,0,0,0,0,0,0,0,0,4,33,0,4,0,0,0,0,0,0,0,0,0,0,,,,,
Zack Moss,RB,BUF,19,NE,0,0,0,0,0,0,0,1,0,0,0,0,0,0,0,0,0,0,0,0,0,0,,,,,
Zay Jones,WR,LV,19,CIN,0,0,0,0,0,0,0,0,5,61,1,8,0,0,0,0,0,0,0,0,0,0,,,,,
A.J. Brown,WR,TEN,20,CIN,0,0,0,0,0,0,0,0,5,142,1,9,0,0,0,0,0,0,0,0,0,0,,,,,
AJ Dillon,RB,GB,20,SF,0,0,0,0,0,25,1,7,0,0,0,0,0,0,0,0,0,0,0,0,0,0,,,,,
Aaron Jones,RB,GB,20,SF,0,0,0,0,0,41,0,12,9,129,0,10,0,0,0,0,0,0,0,0,0,0,,,,,
Aaron Rodgers,QB,GB,20,SF,225,0,29,20,0,0,0,0,0,0,0,0,0,0,0,0,0,0,0,0,0,0,,,,,
Allen Lazard,WR,GB,20,SF,0,0,0,0,0,0,0,0,1,6,0,1,0,0,0,0,0,0,0,0,0,0,,,,,
Amari Rodgers,WR,GB,20,SF,0,0,0,0,0,0,0,0,0,0,0,0,0,0,0,0,0,0,0,0,0,0,,,,,
Anthony Firkser,TE,TEN,20,CIN,0,0,0,0,0,0,0,0,0,0,0,1,0,0,0,0,0,0,0,0,0,0,,,,,
BUF,DEF,BUF,20,KC,,,,,,,,,,,,,,,,,,,,,,,0,0,0,0,42.0
Ben Skowronek,WR,LA,20,TB,0,0,0,0,0,0,0,0,0,0,0,0,0,0,0,0,0,0,0,0,0,0,,,,,
Brandon Aiyuk,WR,SF,20,GB,0,0,0,0,0,0,0,0,0,0,0,1,0,0,0,0,0,0,0,0,0,0,,,,,
Brandon Powell,WR,LA,20,TB,0,0,0,0,0,0,0,0,0,0,0,0,0,0,0,0,0,0,0,0,0,0,,,,,
Byron Pringle,WR,KC,20,BUF,0,0,0,0,0,0,0,0,5,29,1,7,0,0,0,0,0,0,0,0,0,0,,,,,
C.J. Uzomah,TE,CIN,20,TEN,0,0,0,0,0,0,0,0,7,71,0,8,0,0,0,0,0,0,0,0,0,0,,,,,
CIN,DEF,CIN,20,TEN,,,,,,,,,,,,,,,,,,,,,,,0,0,0,0,16.0
Cam Akers,RB,LA,20,TB,0,0,0,0,0,48,0,24,3,20,0,3,0,0,0,0,0,0,0,0,0,0,,,,,
Cameron Brate,TE,TB,20,LA,0,0,0,0,0,0,0,0,1,9,0,3,0,0,0,0,0,0,0,0,0,0,,,,,
Charlie Woerner,TE,SF,20,GB,0,0,0,0,0,0,0,0,0,0,0,1,0,0,0,0,0,0,0,0,0,0,,,,,
Chester Rogers,WR,TEN,20,CIN,0,0,0,0,0,0,0,0,1,3,0,2,0,0,0,0,0,0,0,0,0,0,,,,,
Chris Evans,RB,CIN,20,TEN,0,0,0,0,0,4,0,1,0,0,0,0,0,0,0,0,0,0,0,0,0,0,,,,,
Clyde Edwards-Helaire,RB,KC,20,BUF,0,0,0,0,0,60,0,7,1,9,0,2,0,0,0,0,0,0,0,0,0,0,,,,,
Cole Beasley,WR,BUF,20,KC,0,0,0,0,0,0,0,0,6,60,0,8,0,0,0,0,0,0,0,0,0,0,,,,,
Cooper Kupp,WR,LA,20,TB,0,0,0,0,0,0,0,0,9,183,1,11,0,0,0,0,0,0,0,0,0,0,,,,,
D'Onta Foreman,RB,TEN,20,CIN,0,0,0,0,0,66,0,4,0,0,0,0,0,0,0,0,0,0,0,0,0,0,,,,,
Daurice Fountain,WR,KC,20,BUF,0,0,0,0,0,0,0,0,0,0,0,0,0,0,0,0,0,0,0,0,0,0,,,,,
Davante Adams,WR,GB,20,SF,0,0,0,0,0,0,0,0,9,90,0,11,0,0,0,0,0,0,0,0,0,0,,,,,
Dawson Knox,TE,BUF,20,KC,0,0,0,0,0,0,0,0,2,9,0,4,0,0,0,0,0,0,0,0,0,0,,,,,
Deebo Samuel Sr.,WR,SF,20,GB,0,0,0,0,0,39,0,10,3,44,0,4,0,0,0,0,0,0,0,0,0,0,,,,,
Demarcus Robinson,WR,KC,20,BUF,0,0,0,0,0,0,0,0,0,0,0,1,0,0,0,0,0,0,0,0,0,0,,,,,
Derrick Henry,RB,TEN,20,CIN,0,0,0,0,0,62,1,20,0,0,0,0,0,0,0,0,0,0,0,0,0,0,,,,,
Devin Singletary,RB,BUF,20,KC,0,0,0,0,0,26,1,10,4,25,0,5,0,0,0,0,0,0,0,0,0,0,,,,,
Dominique Dafney,TE,GB,20,SF,0,0,0,0,0,0,0,0,0,0,0,2,0,0,0,0,0,0,0,0,0,0,,,,,
Dontrell Hilliard,RB,TEN,20,CIN,0,0,0,0,0,0,0,0,3,13,0,3,0,0,0,0,0,0,0,0,0,0,,,,,
Elijah Mitchell,RB,SF,20,GB,0,0,0,0,0,53,0,17,3,18,0,4,0,0,0,0,0,0,0,0,0,0,,,,,
Emmanuel Sanders,WR,BUF,20,KC,0,0,0,0,0,0,0,0,1,16,0,1,0,0,0,0,0,0,0,0,0,0,,,,,
Equanimeous St. Brown,WR,GB,20,SF,0,0,0,0,0,1,0,1,0,0,0,0,0,0,0,0,0,0,0,0,0,0,,,,,
Evan McPherson,K,CIN,20,TEN,0,0,0,0,0,0,0,0,0,0,0,0,0,0,0,0,0,1,1,2,0,1,,,,,
GB,DEF,GB,20,SF,,,,,,,,,,,,,,,,,,,,,,,0,0,0,0,13.0
Gabe Davis,WR,BUF,20,KC,0,0,0,0,0,0,0,0,8,201,4,10,0,0,0,0,0,0,0,0,0,0,,,,,
George Kittle,TE,SF,20,GB,0,0,0,0,0,0,0,0,4,63,0,6,0,0,0,0,0,0,0,0,0,0,,,,,
Giovani Bernard,RB,TB,20,LA,0,0,0,0,0,0,0,0,0,0,0,1,0,0,0,0,0,0,0,0,0,0,,,,,
Harrison Butker,K,KC,20,BUF,0,0,0,0,0,0,0,0,0,0,0,0,0,0,0,0,1,1,1,0,0,3,,,,,
Isaiah McKenzie,WR,BUF,20,KC,0,0,0,0,0,15,0,3,1,3,0,1,0,0,0,0,0,0,0,0,0,0,,,,,
Ja'Marr Chase,WR,CIN,20,TEN,0,0,0,0,0,2,0,1,5,109,0,6,0,0,0,0,0,0,0,0,0,0,,,,,
JaMycal Hasty,RB,SF,20,GB,0,0,0,0,0,0,0,0,0,0,0,0,0,0,0,0,0,0,0,0,0,0,,,,,
Jaelon Darden,WR,TB,20,LA,0,0,0,0,0,0,0,0,0,0,0,0,0,0,0,0,0,0,0,0,0,0,,,,,
Jake Kumerow,WR,BUF,20,KC,0,0,0,0,0,0,0,0,0,0,0,0,0,0,0,0,0,0,0,0,0,0,,,,,
Jauan Jennings,WR,SF,20,GB,0,0,0,0,0,0,0,0,1,6,0,2,0,0,0,0,0,0,0,0,0,0,,,,,
Jerick McKinnon,RB,KC,20,BUF,0,0,0,0,0,24,0,10,5,54,0,7,0,0,0,0,0,0,0,0,0,0,,,,,
Jimmy Garoppolo,QB,SF,20,GB,131,0,19,11,1,0,0,0,0,0,0,0,0,0,0,0,0,0,0,0,0,0,,,,,
Joe Burrow,QB,CIN,20,TEN,348,0,37,28,1,5,0,2,0,0,0,0,0,0,0,0,0,0,0,0,0,0,,,,,
Joe Mixon,RB,CIN,20,TEN,0,0,0,0,0,54,1,14,6,51,0,7,0,0,0,0,0,0,0,0,0,0,,,,,
Josh Allen,QB,BUF,20,KC,329,4,37,27,0,68,0,11,0,0,0,0,0,0,1,0,0,0,0,0,0,0,,,,,
Josiah Deguara,TE,GB,20,SF,0,0,0,0,0,0,0,0,0,0,0,1,0,0,0,0,0,0,0,0,0,0,,,,,
Julio Jones,WR,TEN,20,CIN,0,0,0,0,0,0,0,0,6,62,0,7,0,0,0,0,0,0,0,0,0,0,,,,,
KC,DEF,KC,20,BUF,,,,,,,,,,,,,,,,,,,,,,,0,0,0,0,36.0
Kendall Blanton,TE,LA,20,TB,0,0,0,0,0,0,0,0,2,18,1,2,0,0,0,0,0,0,0,0,0,0,,,,,
Kyle Juszczyk,RB,SF,20,GB,0,0,0,0,0,14,0,2,0,0,0,0,0,0,0,0,0,0,0,0,0,0,,,,,
LA,DEF,LA,20,TB,,,,,,,,,,,,,,,,,,,,,,,0,0,0,0,27.0
Leonard Fournette,RB,TB,20,LA,0,0,0,0,0,51,2,13,9,56,0,9,0,0,0,0,0,0,0,0,0,0,,,,,
Marcedes Lewis,TE,GB,20,SF,0,0,0,0,0,0,0,0,1,0,0,1,0,0,0,0,0,0,0,0,0,0,,,,,
Marcus Kemp,WR,KC,20,BUF,0,0,0,0,0,0,0,0,0,0,0,0,0,0,0,0,0,0,0,0,0,0,,,,,
Mason Crosby,K,GB,20,SF,0,0,0,0,0,0,0,0,0,0,0,0,0,0,0,0,0,1,0,0,0,1,,,,,
Matt Gay,K,LA,20,TB,0,0,0,0,0,0,0,0,0,0,0,0,0,0,0,0,1,1,1,0,0,3,,,,,
Matthew Stafford,QB,LA,20,TB,366,2,38,28,0,6,1,4,0,0,0,0,0,0,0,0,0,0,0,0,0,0,,,,,
Mecole Hardman,WR,KC,20,BUF,0,0,0,0,0,31,1,2,1,26,0,1,0,0,0,0,0,0,0,0,0,0,,,,,
Mike Evans,WR,TB,20,LA,0,0,0,0,0,0,0,0,8,119,1,16,0,0,0,0,0,0,0,0,0,0,,,,,
Nick Westbrook-Ikhine,WR,TEN,20,CIN,0,0,0,0,0,0,0,0,0,0,0,1,0,0,0,0,0,0,0,0,0,0,,,,,
Noah Gray,TE,KC,20,BUF,0,0,0,0,0,0,0,0,2,14,0,2,0,0,0,0,0,0,0,0,0,0,,,,,
O.J. Howard,TE,TB,20,LA,0,0,0,0,0,0,0,0,1,7,0,1,0,0,0,0,0,0,0,0,0,0,,,,,
Odell Beckham Jr.,WR,LA,20,TB,0,0,0,0,0,0,0,0,6,69,0,8,0,0,0,0,0,0,0,0,0,0,,,,,
Patrick Mahomes,QB,KC,20,BUF,378,3,44,33,0,69,1,7,0,0,0,0,0,0,0,0,0,0,0,0,0,0,,,,,
Racey McMath,WR,TEN,20,CIN,0,0,0,0,0,0,0,0,0,0,0,0,0,0,0,0,0,0,0,0,0,0,,,,,
Randall Cobb,WR,GB,20,SF,0,0,0,0,0,0,0,0,0,0,0,1,0,0,0,0,0,0,0,0,0,0,,,,,
Randy Bullock,K,TEN,20,CIN,0,0,0,0,0,0,0,0,0,0,0,0,0,0,0,0,0,1,0,0,0,1,,,,,
Reggie Gilliam,RB,BUF,20,KC,0,0,0,0,0,0,0,0,2,8,0,2,0,0,0,0,0,0,0,0,0,0,,,,,
Rob Gronkowski,TE,TB,20,LA,0,0,0,0,0,0,0,0,4,85,0,11,0,0,0,0,0,0,0,0,0,0,,,,,
Robbie Gould,K,SF,20,GB,0,0,0,0,0,0,0,0,0,0,0,0,0,0,0,0,1,0,1,0,0,1,,,,,
Ryan Succop,K,TB,20,LA,0,0,0,0,0,0,0,0,0,0,0,0,0,0,0,0,0,1,1,0,0,3,,,,,
Ryan Tannehill,QB,TEN,20,CIN,220,1,24,15,3,12,0,3,0,0,0,0,0,0,0,0,0,0,0,0,0,0,,,,,
SF,DEF,SF,20,GB,,,,,,,,,,,,,,,,,,,,,,,0,0,0,0,10.0
Samaje Perine,RB,CIN,20,TEN,0,0,0,0,0,0,0,0,1,4,0,2,0,0,0,0,0,0,0,0,0,0,,,,,
Scott Miller,WR,TB,20,LA,0,0,0,0,0,0,0,0,4,38,0,6,0,0,0,0,0,0,0,0,0,0,,,,,
Sony Michel,RB,LA,20,TB,0,0,0,0,0,4,0,1,2,-4,0,2,0,0,0,0,0,0,0,0,0,0,,,,,
Stefon Diggs,WR,BUF,20,KC,0,0,0,0,0,0,0,0,3,7,0,6,0,0,1,0,0,0,0,0,0,0,,,,,
TB,DEF,TB,20,LA,,,,,,,,,,,,,,,,,,,,,,,0,0,0,0,30.0
TEN,DEF,TEN,20,CIN,,,,,,,,,,,,,,,,,,,,,,,0,0,0,0,19.0
Taiwan Jones,RB,BUF,20,KC,0,0,0,0,0,0,0,0,0,0,0,0,0,0,0,0,0,0,0,0,0,0,,,,,
Tee Higgins,WR,CIN,20,TEN,0,0,0,0,0,0,0,0,7,96,0,9,0,0,0,0,0,0,0,0,0,0,,,,,
Tom Brady,QB,TB,20,LA,329,1,54,30,1,0,0,1,0,0,0,0,0,0,0,0,0,0,0,0,0,0,,,,,
Travis Benjamin,WR,SF,20,GB,0,0,0,0,0,0,0,0,0,0,0,0,0,0,0,0,0,0,0,0,0,0,,,,,
Travis Kelce,TE,KC,20,BUF,0,0,0,0,0,0,0,0,8,96,1,9,0,0,0,0,0,0,0,0,0,0,,,,,
Trent Sherfield,WR,SF,20,GB,0,0,0,0,0,0,0,0,0,0,0,0,0,0,0,0,0,0,0,0,0,0,,,,,
Trent Taylor,WR,CIN,20,TEN,0,0,0,0,0,0,0,0,0,0,0,0,0,0,0,0,0,0,0,0,0,0,,,,,
Tyler Bass,K,BUF,20,KC,0,0,0,0,0,0,0,0,0,0,0,0,0,0,0,0,0,0,0,0,0,4,,,,,
Tyler Boyd,WR,CIN,20,TEN,0,0,0,0,0,0,0,0,2,17,0,3,0,0,0,0,0,0,0,0,0,0,,,,,
Tyler Higbee,TE,LA,20,TB,0,0,0,0,0,0,0,0,4,51,0,7,0,0,0,0,0,0,0,0,0,0,,,,,
Tyler Johnson,WR,TB,20,LA,0,0,0,0,0,0,0,0,3,15,0,6,0,0,0,0,0,0,0,0,0,0,,,,,
Tyreek Hill,WR,KC,20,BUF,0,0,0,0,0,-2,0,1,11,150,1,13,0,0,0,0,0,0,0,0,0,0,,,,,
Van Jefferson,WR,LA,20,TB,0,0,0,0,0,15,0,1,2,29,0,3,0,0,0,0,0,0,0,0,0,0,,,,,
Ben Skowronek,WR,LA,21,SF,0,0,0,0,0,0,0,0,0,0,0,1,0,0,0,0,0,0,0,0,0,0,,,,,
Brandon Aiyuk,WR,SF,21,LA,0,0,0,0,0,0,0,0,4,69,0,8,0,0,0,0,0,0,0,0,0,0,,,,,
Brandon Powell,WR,LA,21,SF,0,0,0,0,0,0,0,0,0,0,0,0,0,0,0,0,0,0,0,0,0,0,,,,,
Buddy Howell,RB,LA,21,SF,0,0,0,0,0,0,0,0,0,0,0,0,0,0,0,0,0,0,0,0,0,0,,,,,
Byron Pringle,WR,KC,21,CIN,0,0,0,0,0,0,0,0,2,16,0,3,0,0,0,0,0,0,0,0,0,0,,,,,
C.J. Uzomah,TE,CIN,21,KC,0,0,0,0,0,0,0,0,0,0,0,2,0,0,0,0,0,0,0,0,0,0,,,,,
CIN,DEF,CIN,21,KC,,,,,,,,,,,,,,,,,,,,,,,0,0,0,0,24.0
Cam Akers,RB,LA,21,SF,0,0,0,0,0,48,0,13,1,2,0,1,0,0,0,0,0,0,0,0,0,0,,,,,
Chris Evans,RB,CIN,21,KC,0,0,0,0,0,0,0,0,0,0,0,0,0,0,0,0,0,0,0,0,0,0,,,,,
Clyde Edwards-Helaire,RB,KC,21,CIN,0,0,0,0,0,36,0,6,1,4,0,2,0,0,0,0,0,0,0,0,0,0,,,,,
Cooper Kupp,WR,LA,21,SF,0,0,0,0,0,-2,0,1,11,142,2,14,0,0,0,0,0,0,0,0,0,0,,,,,
Deebo Samuel Sr.,WR,SF,21,LA,0,0,0,0,0,26,0,7,4,72,1,7,0,0,0,0,0,0,0,0,0,0,,,,,
Demarcus Robinson,WR,KC,21,CIN,0,0,0,0,0,0,0,0,0,0,0,3,0,0,0,0,0,0,0,0,0,0,,,,,
Drew Sample,TE,CIN,21,KC,0,0,0,0,0,0,0,0,1,4,0,2,0,0,0,0,0,0,0,0,0,0,,,,,
Elijah Mitchell,RB,SF,21,LA,0,0,0,0,0,20,0,11,3,50,0,3,0,0,0,0,0,0,0,0,0,0,,,,,
Evan McPherson,K,CIN,21,KC,0,0,0,0,0,0,0,0,0,0,0,0,0,0,0,0,0,3,0,1,0,1,,,,,
George Kittle,TE,SF,21,LA,0,0,0,0,0,0,0,0,2,27,1,5,0,0,0,0,0,0,0,0,0,0,,,,,
Harrison Butker,K,KC,21,CIN,0,0,0,0,0,0,0,0,0,0,0,0,0,0,0,0,0,0,1,0,0,3,,,,,
Ja'Marr Chase,WR,CIN,21,KC,0,0,0,0,0,3,0,1,6,54,1,9,0,0,0,0,0,0,0,0,0,0,,,,,
JaMycal Hasty,RB,SF,21,LA,0,0,0,0,0,0,0,0,1,6,0,3,0,0,0,0,0,0,0,0,0,0,,,,,
Jauan Jennings,WR,SF,21,LA,0,0,0,0,0,0,0,0,2,8,0,2,0,0,0,0,0,0,0,0,0,0,,,,,
Jerick McKinnon,RB,KC,21,CIN,0,0,0,0,0,65,0,12,3,30,0,4,0,0,0,0,0,0,0,0,0,0,,,,,
Jimmy Garoppolo,QB,SF,21,LA,232,2,30,16,1,4,0,1,0,0,0,0,0,0,0,0,0,0,0,0,0,0,,,,,
Joe Burrow,QB,CIN,21,KC,250,2,38,23,1,25,0,5,0,0,0,0,0,0,1,0,0,0,0,0,0,0,,,,,
Joe Mixon,RB,CIN,21,KC,0,0,0,0,0,88,0,21,3,27,0,3,0,0,0,0,0,0,0,0,0,0,,,,,
KC,DEF,KC,21,CIN,,,,,,,,,,,,,,,,,,,,,,,0,0,0,0,27.0
Kendall Blanton,TE,LA,21,SF,0,0,0,0,0,0,0,0,5,57,0,5,0,0,0,0,0,0,0,0,0,0,,,,,
Kyle Juszczyk,RB,SF,21,LA,0,0,0,0,0,0,0,1,0,0,0,0,0,0,0,0,0,0,0,0,0,0,,,,,
LA,DEF,LA,21,SF,,,,,,,,,,,,,,,,,,,,,,,0,0,0,0,17.0
Matt Gay,K,LA,21,SF,0,0,0,0,0,0,0,0,0,0,0,0,0,0,0,0,0,1,1,0,0,2,,,,,
Matthew Stafford,QB,LA,21,SF,337,2,45,31,1,8,0,5,0,0,0,0,0,0,0,0,0,0,0,0,0,0,,,,,
Mecole Hardman,WR,KC,21,CIN,0,0,0,0,0,18,0,2,3,52,1,4,0,0,0,0,0,0,0,0,0,0,,,,,
Odell Beckham Jr.,WR,LA,21,SF,0,0,0,0,0,0,0,0,9,113,0,11,0,0,0,0,0,0,0,0,0,0,,,,,
Patrick Mahomes,QB,KC,21,CIN,275,3,39,26,2,19,0,3,0,0,0,0,0,0,0,0,0,0,0,0,0,0,,,,,
Robbie Gould,K,SF,21,LA,0,0,0,0,0,0,0,0,0,0,0,0,0,0,0,0,0,1,0,0,0,2,,,,,
SF,DEF,SF,21,LA,,,,,,,,,,,,,,,,,,,,,,,0,0,0,0,20.0
Samaje Perine,RB,CIN,21,KC,0,0,0,0,0,0,0,0,3,43,1,4,0,0,0,0,0,0,0,0,0,0,,,,,
Sony Michel,RB,LA,21,SF,0,0,0,0,0,16,0,10,1,-4,0,2,0,0,0,0,0,0,0,0,0,0,,,,,
Tee Higgins,WR,CIN,21,KC,0,0,0,0,0,0,0,0,6,103,0,10,0,0,0,0,0,0,0,0,0,0,,,,,
Travis Benjamin,WR,SF,21,LA,0,0,0,0,0,0,0,0,0,0,0,1,0,0,0,0,0,0,0,0,0,0,,,,,
Travis Kelce,TE,KC,21,CIN,0,0,0,0,0,0,0,0,10,95,1,11,0,0,0,0,0,0,0,0,0,0,,,,,
Trent Taylor,WR,CIN,21,KC,0,0,0,0,0,0,0,0,0,0,0,0,0,0,1,0,0,0,0,0,0,0,,,,,
Trey Sermon,RB,SF,21,LA,0,0,0,0,0,0,0,0,0,0,0,0,0,0,0,0,0,0,0,0,0,0,,,,,
Tyler Boyd,WR,CIN,21,KC,0,0,0,0,0,0,0,0,4,19,0,6,0,0,0,0,0,0,0,0,0,0,,,,,
Tyler Higbee,TE,LA,21,SF,0,0,0,0,0,0,0,0,2,18,0,3,0,0,0,0,0,0,0,0,0,0,,,,,
Tyreek Hill,WR,KC,21,CIN,0,0,0,0,0,0,0,0,7,78,1,10,0,0,0,0,0,0,0,0,0,0,,,,,
Van Jefferson,WR,LA,21,SF,0,0,0,0,0,0,0,0,2,9,0,5,0,0,0,0,0,0,0,0,0,0,,,,,
Ben Skowronek,WR,LA,22,CIN,0,0,0,0,0,0,0,0,2,12,0,5,0,0,0,0,0,0,0,0,0,0,,,,,
Brandon Powell,WR,LA,22,CIN,0,0,0,0,0,0,0,0,0,0,0,0,0,0,0,0,0,0,0,0,0,0,,,,,
Brycen Hopkins,TE,LA,22,CIN,0,0,0,0,0,0,0,0,4,47,0,4,0,0,0,0,0,0,0,0,0,0,,,,,
Buddy Howell,RB,LA,22,CIN,0,0,0,0,0,0,0,0,0,0,0,0,0,0,0,0,0,0,0,0,0,0,,,,,
C.J. Uzomah,TE,CIN,22,LA,0,0,0,0,0,0,0,0,2,11,0,2,0,0,0,0,0,0,0,0,0,0,,,,,
CIN,DEF,CIN,22,LA,,,,,,,,,,,,,,,,,,,,,,,0,0,0,0,23.0
Cam Akers,RB,LA,22,CIN,0,0,0,0,0,21,0,13,3,14,0,4,0,0,0,0,0,0,0,0,0,0,,,,,
Chris Evans,RB,CIN,22,LA,0,0,0,0,0,0,0,0,1,3,0,2,0,0,0,0,0,0,0,0,0,0,,,,,
Cooper Kupp,WR,LA,22,CIN,0,0,1,0,0,7,0,1,8,92,2,10,0,0,0,0,0,0,0,0,0,0,,,,,
Darrell Henderson,RB,LA,22,CIN,0,0,0,0,0,7,0,4,3,43,0,5,0,0,0,0,0,0,0,0,0,0,,,,,
Evan McPherson,K,CIN,22,LA,0,0,0,0,0,0,0,0,0,0,0,0,0,0,0,0,1,1,0,0,0,2,,,,,
Ja'Marr Chase,WR,CIN,22,LA,0,0,0,0,0,4,0,1,5,89,0,8,0,0,0,0,0,0,0,0,0,0,,,,,
Joe Burrow,QB,CIN,22,LA,263,1,33,22,0,3,0,2,0,0,0,0,0,0,0,0,0,0,0,0,0,0,,,,,
Joe Mixon,RB,CIN,22,LA,6,1,1,1,0,72,0,15,5,1,0,6,0,0,0,0,0,0,0,0,0,0,,,,,
Kendall Blanton,TE,LA,22,CIN,0,0,0,0,0,0,0,0,0,0,0,0,0,0,0,0,0,0,0,0,0,0,,,,,
LA,DEF,LA,22,CIN,,,,,,,,,,,,,,,,,,,,,,,0,0,0,0,20.0
Matt Gay,K,LA,22,CIN,0,0,0,0,0,0,0,0,0,0,0,0,0,0,0,0,0,0,1,0,0,2,,,,,
Matthew Stafford,QB,LA,22,CIN,283,3,40,26,2,6,0,3,0,0,0,1,0,0,0,0,0,0,0,0,0,0,,,,,
Mike Thomas,WR,CIN,22,LA,0,0,0,0,0,0,0,0,1,17,0,1,0,0,0,0,0,0,0,0,0,0,,,,,
Odell Beckham Jr.,WR,LA,22,CIN,0,0,0,0,0,0,0,0,2,52,1,3,0,0,0,0,0,0,0,0,0,0,,,,,
Samaje Perine,RB,CIN,22,LA,0,0,0,0,0,0,0,2,0,0,0,1,0,0,0,0,0,0,0,0,0,0,,,,,
Sony Michel,RB,LA,22,CIN,0,0,0,0,0,2,0,2,0,0,0,0,0,0,0,0,0,0,0,0,0,0,,,,,
Tee Higgins,WR,CIN,22,LA,0,0,0,0,0,0,0,0,4,100,2,7,0,0,0,0,0,0,0,0,0,0,,,,,
Trent Taylor,WR,CIN,22,LA,0,0,0,0,0,0,0,0,0,0,0,0,0,0,0,0,0,0,0,0,0,0,,,,,
Tyler Boyd,WR,CIN,22,LA,0,0,0,0,0,0,0,0,5,48,0,6,0,0,0,0,0,0,0,0,0,0,,,,,
Van Jefferson,WR,LA,22,CIN,0,0,0,0,0,0,0,0,4,23,0,8,0,0,0,0,0,0,0,0,0,0,,,,,
