name,position,team,week,opponent_team,pass_yds,pass_td,pass_att,pass_cmp,pass_int,rush_yds,rush_td,carries,rec,rec_yds,rec_td,targets,return_td,off_fumble_return_td,two_pt,fg_0_19,fg_20_29,fg_30_39,fg_40_49,fg_50_plus,fg_60_plus,pat_made,def_td,def_safety,def_return_td,def_xp_returned,def_points_allowed
A.J. Brown,WR,PHI,1,NE,0,0,0,0,0,0,0,0,7,79,0,10,0,0,0,0,0,0,0,0,0,0,,,,,
AJ Dillon,RB,GB,1,CHI,0,0,0,0,0,19,0,13,2,17,0,3,0,0,0,0,0,0,0,0,0,0,,,,,
ARI,DEF,ARI,1,WAS,,,,,,,,,,,,,,,,,,,,,,,0,0,0,0,20.0
ATL,DEF,ATL,1,CAR,,,,,,,,,,,,,,,,,,,,,,,0,0,0,0,10.0
Aaron Jones,RB,GB,1,CHI,0,0,0,0,0,41,1,9,2,86,1,4,0,0,0,0,0,0,0,0,0,0,,,,,
Aaron Rodgers,QB,NYJ,1,BUF,0,0,1,0,0,0,0,0,0,0,0,0,0,0,0,0,0,0,0,0,0,0,,,,,
Adam Thielen,WR,CAR,1,ATL,0,0,0,0,0,0,0,0,2,12,0,2,0,0,0,0,0,0,0,0,0,0,,,,,
Adam Trautman,TE,DEN,1,LV,0,0,0,0,0,0,0,0,5,34,0,5,0,0,0,0,0,0,0,0,0,0,,,,,
Alec Pierce,WR,IND,1,JAX,0,0,0,0,0,0,0,0,1,5,0,3,0,0,0,0,0,0,0,0,0,0,,,,,
Alexander Mattison,RB,MIN,1,TB,0,0,0,0,0,34,0,11,3,10,1,4,0,0,0,0,0,0,0,0,0,0,,,,,
Allen Lazard,WR,NYJ,1,BUF,0,0,0,0,0,0,0,0,2,46,0,4,0,0,0,0,0,0,0,0,0,0,,,,,
Allen Robinson,WR,PIT,1,SF,0,0,0,0,0,0,0,0,5,64,0,8,0,0,0,0,0,0,0,0,0,0,,,,,
Amari Cooper,WR,CLE,1,CIN,0,0,0,0,0,0,0,0,3,37,0,7,0,0,0,0,0,0,0,0,0,0,,,,,
Ameer Abdullah,RB,LV,1,DEN,0,0,0,0,0,0,0,0,0,0,0,1,0,0,0,0,0,0,0,0,0,0,,,,,
Amon-Ra St. Brown,WR,DET,1,KC,0,0,0,0,0,0,0,0,6,71,1,9,0,0,0,0,0,0,0,0,0,0,,,,,
Anders Carlson,K,GB,1,CHI,0,0,0,0,0,0,0,0,0,0,0,0,0,0,0,0,0,0,0,1,0,5,,,,,
Andrew Ogletree,TE,IND,1,JAX,0,0,0,0,0,0,0,0,1,20,0,2,0,0,0,0,0,0,0,0,0,0,,,,,
Anthony McFarland,RB,PIT,1,SF,0,0,0,0,0,0,0,0,2,11,0,2,0,0,0,0,0,0,0,0,0,0,,,,,
Anthony Richardson,QB,IND,1,JAX,223,1,37,24,1,40,1,10,0,0,0,0,0,0,0,0,0,0,0,0,0,0,,,,,
Antonio Gibson,RB,WAS,1,ARI,0,0,0,0,0,9,0,3,1,10,0,1,0,0,0,0,0,0,0,0,0,0,,,,,
Austin Ekeler,RB,LAC,1,MIA,0,0,0,0,0,117,1,16,4,47,0,5,0,0,0,0,0,0,0,0,0,0,,,,,
Austin Hooper,TE,LV,1,DEN,0,0,0,0,0,0,0,0,1,20,0,1,0,0,0,0,0,0,0,0,0,0,,,,,
BAL,DEF,BAL,1,HOU,,,,,,,,,,,,,,,,,,,,,,,0,0,0,0,9.0
BUF,DEF,BUF,1,NYJ,,,,,,,,,,,,,,,,,,,,,,,0,0,0,0,22.0
Baker Mayfield,QB,TB,1,MIN,173,2,34,21,0,11,0,8,0,0,0,0,0,0,0,0,0,0,0,0,0,0,,,,,
Ben Skowronek,WR,LA,1,SEA,0,0,0,0,0,0,0,0,0,0,0,2,0,0,0,0,0,0,0,0,0,0,,,,,
Bijan Robinson,RB,ATL,1,CAR,0,0,0,0,0,56,0,10,6,27,1,6,0,0,0,0,0,0,0,0,0,0,,,,,
Blake Bell,TE,KC,1,DET,0,0,0,0,0,0,0,0,2,12,1,3,0,0,0,0,0,0,0,0,0,0,,,,,
Blake Grupe,K,NO,1,TEN,0,0,0,0,0,0,0,0,0,0,0,0,0,0,0,0,1,1,0,1,0,1,,,,,
Boston Scott,RB,PHI,1,NE,0,0,0,0,0,3,0,1,1,7,0,1,0,0,0,0,0,0,0,0,0,0,,,,,
Brandin Cooks,WR,DAL,1,NYG,0,0,0,0,0,0,0,0,2,22,0,4,0,0,0,0,0,0,0,0,0,0,,,,,
Brandon Aiyuk,WR,SF,1,PIT,0,0,0,0,0,0,0,0,8,129,2,8,0,0,0,0,0,0,0,0,0,0,,,,,
Brandon Aubrey,K,DAL,1,NYG,0,0,0,0,0,0,0,0,0,0,0,0,0,0,0,0,1,1,0,0,0,4,,,,,
Brandon Bolden,RB,LV,1,DEN,0,0,0,0,0,0,0,0,0,0,0,0,0,0,0,0,0,0,0,0,0,0,,,,,
Brandon Johnson,WR,DEN,1,LV,0,0,0,0,0,0,0,0,2,31,0,3,0,0,0,0,0,0,0,0,0,0,,,,,
Brandon McManus,K,JAX,1,IND,0,0,0,0,0,0,0,0,0,0,0,0,0,0,0,0,0,0,1,0,0,4,,,,,
Brandon Powell,WR,MIN,1,TB,0,0,0,0,0,0,0,0,0,0,0,0,0,0,0,0,0,0,0,0,0,0,,,,,
Braxton Berrios,WR,MIA,1,LAC,0,0,0,0,0,0,0,0,3,42,0,5,0,0,0,0,0,0,0,0,0,0,,,,,
Breece Hall,RB,NYJ,1,BUF,0,0,0,0,0,127,0,10,1,20,0,2,0,0,0,0,0,0,0,0,0,0,,,,,
Brett Maher,K,LA,1,SEA,0,0,0,0,0,0,0,0,0,0,0,0,0,0,0,0,0,1,1,1,0,3,,,,,
Brian Robinson,RB,WAS,1,ARI,0,0,0,0,0,59,0,19,1,7,1,2,0,0,0,0,0,0,0,0,0,0,,,,,
Britain Covey,WR,PHI,1,NE,0,0,0,0,0,0,0,0,0,0,0,0,0,0,0,0,0,0,0,0,0,0,,,,,
Brock Purdy,QB,SF,1,PIT,220,2,29,19,0,20,0,3,0,0,0,0,0,0,0,0,0,0,0,0,0,0,,,,,
Brock Wright,TE,DET,1,KC,0,0,0,0,0,0,0,0,2,17,0,2,0,0,0,0,0,0,0,0,0,0,,,,,
Bryce Young,QB,CAR,1,ATL,146,1,38,20,2,17,0,3,0,0,0,0,0,0,0,0,0,0,0,0,0,0,,,,,
Brycen Hopkins,TE,LA,1,SEA,0,0,0,0,0,0,0,0,1,21,0,2,0,0,0,0,0,0,0,0,0,0,,,,,
C.J. Stroud,QB,HOU,1,BAL,242,0,44,28,0,20,0,4,1,0,0,1,0,0,0,0,0,0,0,0,0,0,,,,,
CAR,DEF,CAR,1,ATL,,,,,,,,,,,,,,,,,,,,,,,0,0,0,0,24.0
CHI,DEF,CHI,1,GB,,,,,,,,,,,,,,,,,,,,,,,0,0,0,0,38.0
CIN,DEF,CIN,1,CLE,,,,,,,,,,,,,,,,,,,,,,,0,0,0,0,24.0
CLE,DEF,CLE,1,CIN,,,,,,,,,,,,,,,,,,,,,,,0,0,0,0,3.0
Cade Otton,TE,TB,1,MIN,0,0,0,0,0,0,0,0,2,19,0,3,0,0,0,0,0,0,0,0,0,0,,,,,
Cairo Santos,K,CHI,1,GB,0,0,0,0,0,0,0,0,0,0,0,0,0,0,0,0,1,0,1,0,0,0,,,,,
Calvin Austin III,WR,PIT,1,SF,0,0,0,0,0,0,0,0,6,37,0,6,0,0,0,0,0,0,0,0,0,0,,,,,
Calvin Ridley,WR,JAX,1,IND,0,0,0,0,0,0,0,0,8,101,1,11,0,0,0,0,0,0,0,0,0,0,,,,,
Cam Akers,RB,LA,1,SEA,0,0,0,0,0,29,1,22,0,0,0,0,0,0,0,0,0,0,0,0,0,0,,,,,
Cameron Dicker,K,LAC,1,MIA,0,0,0,0,0,0,0,0,0,0,0,0,0,0,0,0,1,0,0,1,0,4,,,,,
CeeDee Lamb,WR,DAL,1,NYG,0,0,0,0,0,0,0,0,4,77,0,4,0,0,0,0,0,0,0,0,0,0,,,,,
Chad Ryland,K,NE,1,PHI,0,0,0,0,0,0,0,0,0,0,0,0,0,0,0,0,0,0,0,0,0,2,,,,,
Charlie Jones,WR,CIN,1,CLE,0,0,0,0,0,0,0,0,0,0,0,0,0,0,0,0,0,0,0,0,0,0,,,,,
Charlie Kolar,TE,BAL,1,HOU,0,0,0,0,0,0,0,0,0,0,0,1,0,0,0,0,0,0,0,0,0,0,,,,,
Charlie Woerner,TE,SF,1,PIT,0,0,0,0,0,0,0,0,0,0,0,0,0,0,0,0,0,0,0,0,0,0,,,,,
Chase Claypool,WR,CHI,1,GB,0,0,0,0,0,0,0,0,0,0,0,2,0,0,0,0,0,0,0,0,0,0,,,,,
Chase Edmonds,RB,TB,1,MIN,0,0,0,0,0,8,0,2,0,0,0,0,0,0,0,0,0,0,0,0,0,0,,,,,
Chase McLaughlin,K,TB,1,MIN,0,0,0,0,0,0,0,0,0,0,0,0,0,0,0,0,0,1,0,1,0,2,,,,,
Chig Okonkwo,TE,TEN,1,NO,0,0,0,0,0,0,0,0,0,0,0,2,0,0,0,0,0,0,0,0,0,0,,,,,
Chris Boswell,K,PIT,1,SF,0,0,0,0,0,0,0,0,0,0,0,0,0,0,0,0,0,0,0,0,0,1,,,,,
Chris Evans,RB,CIN,1,CLE,0,0,0,0,0,12,0,2,1,-1,0,1,0,0,0,0,0,0,0,0,0,0,,,,,
Chris Godwin Jr.,WR,TB,1,MIN,0,0,0,0,0,0,0,0,5,51,0,6,0,0,0,0,0,0,0,0,0,0,,,,,
Chris Manhertz,TE,DEN,1,LV,0,0,0,0,0,0,0,0,0,0,0,0,0,0,0,0,0,0,0,0,0,0,,,,,
Chris Moore,WR,TEN,1,NO,0,0,0,0,0,0,0,0,0,0,0,1,0,0,0,0,0,0,0,0,0,0,,,,,
Chris Olave,WR,NO,1,TEN,0,0,0,0,0,0,0,0,8,112,0,10,0,0,0,0,0,0,0,0,0,0,,,,,
Chris Rodriguez Jr.,RB,WAS,1,ARI,0,0,0,0,0,7,0,3,0,0,0,0,0,0,0,0,0,0,0,0,0,0,,,,,
Christian Kirk,WR,JAX,1,IND,0,0,0,0,0,0,0,0,1,9,0,3,0,0,0,0,0,0,0,0,0,0,,,,,
Christian McCaffrey,RB,SF,1,PIT,0,0,0,0,0,152,1,22,3,17,0,5,0,0,0,0,0,0,0,0,0,0,,,,,
Chuba Hubbard,RB,CAR,1,ATL,0,0,0,0,0,60,0,9,2,9,0,2,0,0,0,0,0,0,0,0,0,0,,,,,
Clyde Edwards-Helaire,RB,KC,1,DET,0,0,0,0,0,22,0,6,1,7,0,1,0,0,0,0,0,0,0,0,0,0,,,,,
Colby Parkinson,TE,SEA,1,LA,0,0,0,0,0,0,0,0,1,8,0,2,0,0,0,0,0,0,0,0,0,0,,,,,
Cole Kmet,TE,CHI,1,GB,0,0,0,0,0,0,0,1,5,44,0,7,0,0,0,0,0,0,0,0,0,0,,,,,
Cole Turner,TE,WAS,1,ARI,0,0,0,0,0,0,0,0,1,17,0,2,0,0,0,0,0,0,0,0,0,0,,,,,
Cooper Rush,QB,DAL,1,NYG,0,0,1,0,0,0,0,0,0,0,0,0,0,0,0,0,0,0,0,0,0,0,,,,,
Courtland Sutton,WR,DEN,1,LV,0,0,0,0,0,0,0,0,4,32,1,5,0,0,0,0,0,0,0,0,0,0,,,,,
Curtis Samuel,WR,WAS,1,ARI,0,0,0,0,0,6,0,1,5,54,0,5,0,0,0,0,0,0,0,0,0,0,,,,,
D'Andre Swift,RB,PHI,1,NE,0,0,0,0,0,3,0,1,1,0,0,2,0,0,0,0,0,0,0,0,0,0,,,,,
D'Ernest Johnson,RB,JAX,1,IND,0,0,0,0,0,-4,0,1,0,0,0,0,0,0,0,0,0,0,0,0,0,0,,,,,
D'Onta Foreman,RB,CHI,1,GB,0,0,0,0,0,16,0,5,2,8,0,3,0,0,0,0,0,0,0,0,0,0,,,,,
DAL,DEF,DAL,1,NYG,,,,,,,,,,,,,,,,,,,,,,,1,0,0,0,0.0
DEN,DEF,DEN,1,LV,,,,,,,,,,,,,,,,,,,,,,,0,0,0,0,17.0
DET,DEF,DET,1,KC,,,,,,,,,,,,,,,,,,,,,,,1,0,0,0,20.0
DJ Moore,WR,CHI,1,GB,0,0,0,0,0,0,0,0,2,25,0,2,0,0,0,0,0,0,0,0,0,0,,,,,
DK Metcalf,WR,SEA,1,LA,0,0,0,0,0,0,0,0,3,47,1,5,0,0,0,0,0,0,0,0,0,0,,,,,
Dak Prescott,QB,DAL,1,NYG,143,0,24,13,0,6,0,1,0,0,0,0,0,0,0,0,0,0,0,0,0,0,,,,,
Dallas Goedert,TE,PHI,1,NE,0,0,0,0,0,0,0,0,0,0,0,1,0,0,0,0,0,0,0,0,0,0,,,,,
Dalton Kincaid,TE,BUF,1,NYJ,0,0,0,0,0,0,0,0,4,26,0,4,0,0,0,0,0,0,0,0,0,0,,,,,
Dalton Schultz,TE,HOU,1,BAL,0,0,0,0,0,0,0,0,2,4,0,4,0,0,0,0,0,0,0,0,0,0,,,,,
Dalvin Cook,RB,NYJ,1,BUF,0,0,0,0,0,33,0,13,3,26,0,3,0,0,0,0,0,0,0,0,0,0,,,,,
Dameon Pierce,RB,HOU,1,BAL,0,0,0,0,0,38,0,11,2,9,0,3,0,0,0,0,0,0,0,0,0,0,,,,,
Damien Harris,RB,BUF,1,NYJ,0,0,0,0,0,3,0,1,2,16,0,2,0,0,0,0,0,0,0,0,0,0,,,,,
Daniel Bellinger,TE,NYG,1,DAL,0,0,0,0,0,0,0,0,1,1,0,1,0,0,0,0,0,0,0,0,0,0,,,,,
Daniel Carlson,K,LV,1,DEN,0,0,0,0,0,0,0,0,0,0,0,0,0,0,0,0,1,0,0,0,0,2,,,,,
Daniel Jones,QB,NYG,1,DAL,104,0,28,15,2,43,0,13,0,0,0,0,0,0,0,0,0,0,0,0,0,0,,,,,
Darius Slayton,WR,NYG,1,DAL,0,0,0,0,0,0,0,0,3,15,0,5,0,0,0,0,0,0,0,0,0,0,,,,,
Darnell Mooney,WR,CHI,1,GB,0,0,0,0,0,0,0,0,4,53,1,7,0,0,0,0,0,0,0,0,0,0,,,,,
Darren Waller,TE,NYG,1,DAL,0,0,0,0,0,0,0,0,3,36,0,5,0,0,0,0,0,0,0,0,0,0,,,,,
Davante Adams,WR,LV,1,DEN,0,0,0,0,0,0,0,0,6,66,0,9,0,0,0,0,0,0,0,0,0,0,,,,,
David Bell,WR,CLE,1,CIN,0,0,0,0,0,0,0,0,0,0,0,1,0,0,0,0,0,0,0,0,0,0,,,,,
David Montgomery,RB,DET,1,KC,0,0,0,0,0,74,1,21,0,0,0,0,0,0,0,0,0,0,0,0,0,0,,,,,
David Njoku,TE,CLE,1,CIN,0,0,0,0,0,0,0,0,2,24,0,3,0,0,0,0,0,0,0,0,0,0,,,,,
Dawson Knox,TE,BUF,1,NYJ,0,0,0,0,0,0,0,0,3,25,0,4,0,0,0,0,0,0,0,0,0,0,,,,,
DeAndre Carter,WR,LV,1,DEN,0,0,0,0,0,0,0,0,1,5,0,1,0,0,0,0,0,0,0,0,0,0,,,,,
DeAndre Hopkins,WR,TEN,1,NO,0,0,0,0,0,0,0,0,7,65,0,13,0,0,0,0,0,0,0,0,0,0,,,,,
DeMario Douglas,WR,NE,1,PHI,0,0,0,0,0,0,0,0,4,40,0,7,0,0,0,0,0,0,0,0,0,0,,,,,
DeVonta Smith,WR,PHI,1,NE,0,0,0,0,0,0,0,0,7,47,1,10,0,0,0,0,0,0,0,0,0,0,,,,,
DeeJay Dallas,RB,SEA,1,LA,0,0,0,0,0,4,0,2,1,14,0,1,0,0,0,0,0,0,0,0,0,0,,,,,
Deebo Samuel Sr.,WR,SF,1,PIT,0,0,0,0,0,8,0,2,5,55,0,7,0,0,0,0,0,0,0,0,0,0,,,,,
Deon Jackson,RB,IND,1,JAX,0,0,0,0,0,14,0,13,5,14,0,6,0,0,0,0,0,0,0,0,0,0,,,,,
Deonte Harty,WR,BUF,1,NYJ,0,0,0,0,0,4,0,1,3,9,0,4,0,0,0,0,0,0,0,0,0,0,,,,,
Derek Carr,QB,NO,1,TEN,305,1,33,23,1,4,0,3,0,0,0,0,0,0,0,0,0,0,0,0,0,0,,,,,
Derius Davis,WR,LAC,1,MIA,0,0,0,0,0,0,0,0,1,5,0,1,0,0,0,0,0,0,0,0,0,0,,,,,
Derrick Henry,RB,TEN,1,NO,0,0,0,0,0,63,0,15,2,56,0,3,0,0,0,0,0,0,0,0,0,0,,,,,
Deshaun Watson,QB,CLE,1,CIN,154,1,29,16,1,45,1,5,0,0,0,0,0,0,1,0,0,0,0,0,0,0,,,,,
Desmond Ridder,QB,ATL,1,CAR,115,1,18,15,0,-1,0,1,1,-6,0,1,0,0,0,0,0,0,0,0,0,0,,,,,
Deuce Vaughn,RB,DAL,1,NYG,0,0,0,0,0,8,0,6,0,0,0,0,0,0,0,0,0,0,0,0,0,0,,,,,
Deven Thompkins,WR,TB,1,MIN,0,0,0,0,0,0,0,0,2,10,0,3,0,0,0,0,0,0,0,0,0,0,,,,,
Devin Duvernay,WR,BAL,1,HOU,0,0,0,0,0,0,0,0,0,0,0,0,0,0,0,0,0,0,0,0,0,0,,,,,
Devin Singletary,RB,HOU,1,BAL,0,0,0,0,0,15,0,7,0,0,0,0,0,0,0,0,0,0,0,0,0,0,,,,,
Diontae Johnson,WR,PIT,1,SF,0,0,0,0,0,0,0,0,3,48,0,6,0,0,0,0,0,0,0,0,0,0,,,,,
Donald Parham,TE,LAC,1,MIA,0,0,0,0,0,0,0,0,3,22,1,3,0,0,0,0,0,0,0,0,0,0,,,,,
Donovan Peoples-Jones,WR,CLE,1,CIN,0,0,0,0,0,0,0,0,1,12,0,2,0,0,0,0,0,0,0,0,0,0,,,,,
Dontayvion Wicks,WR,GB,1,CHI,0,0,0,0,0,0,0,0,0,0,0,2,0,0,0,0,0,0,0,0,0,0,,,,,
Drake London,WR,ATL,1,CAR,0,0,0,0,0,0,0,0,0,0,0,1,0,0,0,0,0,0,0,0,0,0,,,,,
Durham Smythe,TE,MIA,1,LAC,0,0,0,0,0,0,0,0,3,44,0,7,0,0,0,0,0,0,0,0,0,0,,,,,
Dustin Hopkins,K,CLE,1,CIN,0,0,0,0,0,0,0,0,0,0,0,0,0,0,0,0,0,1,2,0,0,1,,,,,
Dyami Brown,WR,WAS,1,ARI,0,0,0,0,0,0,0,0,0,0,0,0,0,0,0,0,0,0,0,0,0,0,,,,,
Eddy Pineiro,K,CAR,1,ATL,0,0,0,0,0,0,0,0,0,0,0,0,0,0,0,0,0,0,1,0,0,1,,,,,
Elijah Mitchell,RB,SF,1,PIT,0,0,0,0,0,10,0,5,0,0,0,1,0,0,0,0,0,0,0,0,0,0,,,,,
Elijah Moore,WR,CLE,1,CIN,0,0,0,0,0,19,0,2,3,43,0,7,0,0,0,0,0,0,0,0,0,0,,,,,
Eric Gray,RB,NYG,1,DAL,0,0,0,0,0,0,0,0,0,0,0,0,0,0,0,0,0,0,0,0,0,0,,,,,
Erik Ezukanma,WR,MIA,1,LAC,0,0,0,0,0,17,0,2,0,0,0,0,0,0,0,0,0,0,0,0,0,0,,,,,
Evan Engram,TE,JAX,1,IND,0,0,0,0,0,0,0,0,5,49,0,5,0,0,0,0,0,0,0,0,0,0,,,,,
Evan Hull,RB,IND,1,JAX,0,0,0,0,0,1,0,1,1,6,0,1,0,0,0,0,0,0,0,0,0,0,,,,,
Evan McPherson,K,CIN,1,CLE,0,0,0,0,0,0,0,0,0,0,0,0,0,0,0,0,0,0,1,0,0,0,,,,,
Ezekiel Elliott,RB,NE,1,PHI,0,0,0,0,0,29,0,7,5,14,0,7,0,0,0,0,0,0,0,0,0,0,,,,,
GB,DEF,GB,1,CHI,,,,,,,,,,,,,,,,,,,,,,,1,0,0,0,20.0
Gabe Davis,WR,BUF,1,NYJ,0,0,0,0,0,0,0,0,2,32,0,4,0,0,0,0,0,0,0,0,0,0,,,,,
Gardner Minshew,QB,IND,1,JAX,0,0,2,0,0,0,0,0,0,0,0,0,0,0,0,0,0,0,0,0,0,0,,,,,
Garrett Wilson,WR,NYJ,1,BUF,0,0,0,0,0,0,0,0,5,34,1,5,0,0,0,0,0,0,0,0,0,0,,,,,
Gary Brightwell,RB,NYG,1,DAL,0,0,0,0,0,5,0,1,2,6,0,2,0,0,0,0,0,0,0,0,0,0,,,,,
Geno Smith,QB,SEA,1,LA,112,1,26,16,0,6,0,1,0,0,0,0,0,0,0,0,0,0,0,0,0,0,,,,,
George Kittle,TE,SF,1,PIT,0,0,0,0,0,0,0,0,3,19,0,6,0,0,0,0,0,0,0,0,0,0,,,,,
George Pickens,WR,PIT,1,SF,0,0,0,0,0,0,0,0,5,36,0,7,0,0,0,0,0,0,0,0,0,0,,,,,
Gerald Everett,TE,LAC,1,MIA,0,0,0,0,0,2,0,1,2,21,0,3,0,0,0,0,0,0,0,0,0,0,,,,,
Giovanni Ricci,TE,CAR,1,ATL,0,0,0,0,0,0,0,0,1,2,0,1,0,0,0,0,0,0,0,0,0,0,,,,,
Graham Gano,K,NYG,1,DAL,0,0,0,0,0,0,0,0,0,0,0,0,0,0,0,0,0,0,0,0,0,0,,,,,
Greg Dortch,WR,ARI,1,WAS,0,0,0,0,0,0,0,0,0,0,0,0,0,0,0,0,0,0,0,0,0,0,,,,,
Greg Dulcich,TE,DEN,1,LV,0,0,0,0,0,0,0,0,2,22,0,2,0,0,0,0,0,0,0,0,0,0,,,,,
Greg Joseph,K,MIN,1,TB,0,0,0,0,0,0,0,0,0,0,0,0,0,0,0,0,1,0,0,0,0,2,,,,,
Greg Zuerlein,K,NYJ,1,BUF,0,0,0,0,0,0,0,0,0,0,0,0,0,0,0,0,1,1,1,0,0,1,,,,,
Gus Edwards,RB,BAL,1,HOU,0,0,0,0,0,32,0,8,0,0,0,0,0,0,1,0,0,0,0,0,0,0,,,,,
HOU,DEF,HOU,1,BAL,,,,,,,,,,,,,,,,,,,,,,,0,0,0,0,25.0
Harrison Bryant,TE,CLE,1,CIN,0,0,0,0,0,0,0,0,2,5,1,2,0,0,0,0,0,0,0,0,0,0,,,,,
Harrison Butker,K,KC,1,DET,0,0,0,0,0,0,0,0,0,0,0,0,0,0,0,0,0,2,0,0,0,2,,,,,
Hayden Hurst,TE,CAR,1,ATL,0,0,0,0,0,0,0,0,5,41,1,7,0,0,0,0,0,0,0,0,0,0,,,,,
Hunter Henry,TE,NE,1,PHI,0,0,0,0,0,0,0,0,5,56,1,6,0,0,0,0,0,0,0,0,0,0,,,,,
IND,DEF,IND,1,JAX,,,,,,,,,,,,,,,,,,,,,,,0,0,0,0,31.0
Ian Thomas,TE,CAR,1,ATL,0,0,0,0,0,0,0,0,0,0,0,0,0,0,0,0,0,0,0,0,0,0,,,,,
Ihmir Smith-Marsette,WR,CAR,1,ATL,0,0,0,0,0,0,0,0,0,0,0,0,0,0,0,0,0,0,0,0,0,0,,,,,
Irv Smith,TE,CIN,1,CLE,0,0,0,0,0,0,0,0,3,17,0,5,0,0,0,0,0,0,0,0,0,0,,,,,
Isaiah Hodgins,WR,NYG,1,DAL,0,0,0,0,0,0,0,0,1,24,0,3,0,0,0,0,0,0,0,0,0,0,,,,,
Isaiah Likely,TE,BAL,1,HOU,0,0,0,0,0,0,0,0,1,4,0,1,0,0,0,0,0,0,0,0,0,0,,,,,
Isaiah McKenzie,WR,IND,1,JAX,0,0,0,0,0,0,0,0,0,0,0,0,0,0,0,0,0,0,0,0,0,0,,,,,
Isiah Pacheco,RB,KC,1,DET,0,0,0,0,0,23,0,8,4,31,0,4,0,0,0,0,0,0,0,0,0,0,,,,,
J.K. Dobbins,RB,BAL,1,HOU,0,0,0,0,0,22,1,8,2,15,0,3,0,0,0,0,0,0,0,0,0,0,,,,,
JAX,DEF,JAX,1,IND,,,,,,,,,,,,,,,,,,,,,,,0,0,0,0,21.0
Ja'Marr Chase,WR,CIN,1,CLE,0,0,0,0,0,2,0,1,5,39,0,9,0,0,0,0,0,0,0,0,0,0,,,,,
Jack Stoll,TE,PHI,1,NE,0,0,0,0,0,0,0,0,0,0,0,0,0,0,0,0,0,0,0,0,0,0,,,,,
Jahan Dotson,WR,WAS,1,ARI,0,0,0,0,0,0,0,0,5,40,0,7,0,0,0,0,0,0,0,0,0,0,,,,,
Jahmyr Gibbs,RB,DET,1,KC,0,0,0,0,0,42,0,7,2,18,0,2,0,0,0,0,0,0,0,0,0,0,,,,,
Jake Browning,QB,CIN,1,CLE,0,0,1,0,0,-1,0,1,0,0,0,0,0,0,0,0,0,0,0,0,0,0,,,,,
Jake Elliott,K,PHI,1,NE,0,0,0,0,0,0,0,0,0,0,0,0,0,0,0,0,0,1,1,2,0,1,,,,,
Jake Ferguson,TE,DAL,1,NYG,0,0,0,0,0,0,0,0,2,11,0,7,0,0,0,0,0,0,0,0,0,0,,,,,
Jake Funk,RB,IND,1,JAX,0,0,0,0,0,10,0,2,1,12,0,1,0,0,0,0,0,0,0,0,0,0,,,,,
Jake Moody,K,SF,1,PIT,0,0,0,0,0,0,0,0,0,0,0,0,0,0,0,0,0,1,2,0,0,3,,,,,
Jakobi Meyers,WR,LV,1,DEN,0,0,0,0,0,0,0,0,9,81,2,10,0,0,0,0,0,0,0,0,0,0,,,,,
Jaleel McLaughlin,RB,DEN,1,LV,0,0,0,0,0,0,0,0,1,-7,0,1,0,0,0,0,0,0,0,0,0,0,,,,,
Jalen Hurts,QB,PHI,1,NE,170,1,33,22,0,37,0,9,0,0,0,0,0,0,0,0,0,0,0,0,0,0,,,,,
Jalen Nailor,WR,MIN,1,TB,0,0,0,0,0,0,0,0,0,0,0,0,0,0,0,0,0,0,0,0,0,0,,,,,
Jalen Tolbert,WR,DAL,1,NYG,0,0,0,0,0,0,0,0,0,0,0,1,0,0,0,0,0,0,0,0,0,0,,,,,
Jalin Hyatt,WR,NYG,1,DAL,0,0,0,0,0,0,0,0,0,0,0,1,0,0,0,0,0,0,0,0,0,0,,,,,
Jamaal Williams,RB,NO,1,TEN,0,0,0,0,0,45,0,18,2,7,0,2,0,0,0,0,0,0,0,0,0,0,,,,,
Jamal Agnew,WR,JAX,1,IND,0,0,0,0,0,-2,0,2,0,0,0,0,0,0,0,0,0,0,0,0,0,0,,,,,
James Conner,RB,ARI,1,WAS,0,0,0,0,0,62,0,14,5,8,0,5,0,0,0,0,0,0,0,0,0,0,,,,,
James Cook,RB,BUF,1,NYJ,0,0,0,0,0,46,0,12,4,17,0,6,0,0,0,0,0,0,0,0,0,0,,,,,
Jamison Crowder,WR,WAS,1,ARI,0,0,0,0,0,0,0,0,0,0,0,0,0,0,0,0,0,0,0,0,0,0,,,,,
Jared Goff,QB,DET,1,KC,253,1,35,22,0,-1,0,5,0,0,0,0,0,0,0,0,0,0,0,0,0,0,,,,,
Jason Myers,K,SEA,1,LA,0,0,0,0,0,0,0,0,0,0,0,0,0,0,0,0,0,1,1,0,0,1,,,,,
Jason Sanders,K,MIA,1,LAC,0,0,0,0,0,0,0,0,0,0,0,0,0,0,0,0,1,0,2,0,0,3,,,,,
Jauan Jennings,WR,SF,1,PIT,0,0,0,0,0,0,0,0,0,0,0,1,0,0,0,0,0,0,0,0,0,0,,,,,
Javonte Williams,RB,DEN,1,LV,0,0,0,0,0,52,0,13,4,5,0,6,0,0,0,0,0,0,0,0,0,0,,,,,
Jaxon Smith-Njigba,WR,SEA,1,LA,0,0,0,0,0,0,0,0,3,13,0,5,0,0,0,0,0,0,0,0,0,0,,,,,
Jayden Reed,WR,GB,1,CHI,0,0,0,0,0,-2,0,1,2,48,0,5,0,0,0,0,0,0,0,0,0,0,,,,,
Jaylen Waddle,WR,MIA,1,LAC,0,0,0,0,0,0,0,0,4,78,0,5,0,0,0,0,0,0,0,0,0,0,,,,,
Jaylen Warren,RB,PIT,1,SF,0,0,0,0,0,6,0,3,5,12,0,6,0,0,0,0,0,0,0,0,0,0,,,,,
Jerick McKinnon,RB,KC,1,DET,0,0,0,0,0,0,0,0,1,10,0,2,0,0,0,0,0,0,0,0,0,0,,,,,
Jerome Ford,RB,CLE,1,CIN,0,0,0,0,0,36,0,15,0,0,0,0,0,0,0,0,0,0,0,0,0,0,,,,,
Jesper Horsted,TE,LV,1,DEN,0,0,0,0,0,0,0,0,0,0,0,0,0,0,0,0,0,0,0,0,0,0,,,,,
Jimmy Garoppolo,QB,LV,1,DEN,200,2,26,20,1,11,0,9,0,0,0,0,0,0,0,0,0,0,0,0,0,0,,,,,
Joe Burrow,QB,CIN,1,CLE,82,0,31,14,0,-1,0,1,0,0,0,0,0,0,0,0,0,0,0,0,0,0,,,,,
Joe Mixon,RB,CIN,1,CLE,0,0,0,0,0,56,0,13,3,17,0,5,0,0,0,0,0,0,0,0,0,0,,,,,
Joey Slye,K,WAS,1,ARI,0,0,0,0,0,0,0,0,0,0,0,0,0,0,0,0,0,2,0,0,0,2,,,,,
John Bates,TE,WAS,1,ARI,0,0,0,0,0,0,0,0,0,0,0,0,0,0,0,0,0,0,0,0,0,0,,,,,
Jonathan Mingo,WR,CAR,1,ATL,0,0,0,0,0,0,0,0,2,17,0,5,0,0,0,0,0,0,0,0,0,0,,,,,
Jonnu Smith,TE,ATL,1,CAR,0,0,0,0,0,0,0,0,0,0,0,0,0,0,0,0,0,0,0,0,0,0,,,,,
Jordan Addison,WR,MIN,1,TB,0,0,0,0,0,0,0,0,4,61,1,6,0,0,0,0,0,0,0,0,0,0,,,,,
Jordan Akins,TE,CLE,1,CIN,0,0,0,0,0,0,0,0,1,12,0,1,0,0,0,0,0,0,0,0,0,0,,,,,
Jordan Love,QB,GB,1,CHI,245,3,27,15,0,12,0,3,0,0,0,0,0,0,0,0,0,0,0,0,0,0,,,,,
Josh Allen,QB,BUF,1,NYJ,236,1,41,29,3,36,0,6,0,0,0,0,0,0,0,0,0,0,0,0,0,0,,,,,
Josh Downs,WR,IND,1,JAX,0,0,0,0,0,0,0,0,3,30,0,7,0,0,0,0,0,0,0,0,0,0,,,,,
Josh Jacobs,RB,LV,1,DEN,0,0,0,0,0,48,0,19,2,23,0,3,0,0,0,0,0,0,0,0,0,0,,,,,
Josh Oliver,TE,MIN,1,TB,0,0,0,0,0,0,0,0,3,32,0,3,0,0,0,0,0,0,0,0,0,0,,,,,
Josh Palmer,WR,LAC,1,MIA,0,0,0,0,0,0,0,0,1,4,0,1,0,0,0,0,0,0,0,0,0,0,,,,,
Josh Reynolds,WR,DET,1,KC,0,0,0,0,0,0,0,0,4,80,0,7,0,0,0,0,0,0,0,0,0,0,,,,,
Joshua Dobbs,QB,ARI,1,WAS,132,0,30,21,0,-3,0,3,0,0,0,0,0,0,0,0,0,0,0,0,0,0,,,,,
Joshua Kelley,RB,LAC,1,MIA,0,0,0,0,0,91,1,16,0,0,0,1,0,0,0,0,0,0,0,0,0,0,,,,,
Josiah Deguara,TE,GB,1,CHI,0,0,0,0,0,0,0,0,0,0,0,0,0,0,0,0,0,0,0,0,0,0,,,,,
JuJu Smith-Schuster,WR,NE,1,PHI,0,0,0,0,0,0,0,0,4,33,0,7,0,0,0,0,0,0,0,0,0,0,,,,,
Justice Hill,RB,BAL,1,HOU,0,0,0,0,0,9,2,8,0,0,0,0,0,0,0,0,0,0,0,0,0,0,,,,,
Justin Fields,QB,CHI,1,GB,216,1,37,24,1,59,0,9,0,0,0,0,0,0,0,0,0,0,0,0,0,0,,,,,
Justin Herbert,QB,LAC,1,MIA,229,1,33,23,0,17,1,5,0,0,0,0,0,0,0,0,0,0,0,0,0,0,,,,,
Justin Jefferson,WR,MIN,1,TB,0,0,0,0,0,0,0,0,9,150,0,12,0,0,0,0,0,0,0,0,0,0,,,,,
Justin Tucker,K,BAL,1,HOU,0,0,0,0,0,0,0,0,0,0,0,0,0,0,0,0,0,1,0,0,0,2,,,,,
Justin Watson,WR,KC,1,DET,0,0,0,0,0,0,0,0,2,45,0,4,0,0,0,0,0,0,0,0,0,0,,,,,
Justyn Ross,WR,KC,1,DET,0,0,0,0,0,0,0,0,1,6,0,1,0,0,0,0,0,0,0,0,0,0,,,,,
Juwan Johnson,TE,NO,1,TEN,0,0,0,0,0,0,0,0,3,36,0,5,0,0,0,0,0,0,0,0,0,0,,,,,
K.J. Osborn,WR,MIN,1,TB,0,0,0,0,0,0,0,0,3,31,0,6,0,0,0,0,0,0,0,0,0,0,,,,,
KC,DEF,KC,1,DET,,,,,,,,,,,,,,,,,,,,,,,0,0,0,0,21.0
Ka'imi Fairbairn,K,HOU,1,BAL,0,0,0,0,0,0,0,0,0,0,0,0,0,0,0,0,0,3,0,0,0,0,,,,,
KaVontae Turpin,WR,DAL,1,NYG,0,0,0,0,0,14,1,3,2,11,0,3,0,0,0,0,0,0,0,0,0,0,,,,,
Kadarius Toney,WR,KC,1,DET,0,0,0,0,0,-1,0,1,1,1,0,5,0,0,0,0,0,0,0,0,0,0,,,,,
Kalif Raymond,WR,DET,1,KC,0,0,0,0,0,0,0,0,1,20,0,1,0,0,0,0,0,0,0,0,0,0,,,,,
Kayshon Boutte,WR,NE,1,PHI,0,0,0,0,0,0,0,0,0,0,0,4,0,0,0,0,0,0,0,0,0,0,,,,,
Keaontay Ingram,RB,ARI,1,WAS,0,0,0,0,0,-4,0,5,0,0,0,0,0,0,0,0,0,0,0,0,0,0,,,,,
Kearis Jackson,WR,TEN,1,NO,0,0,0,0,0,0,0,0,0,0,0,0,0,0,0,0,0,0,0,0,0,0,,,,,
Keenan Allen,WR,LAC,1,MIA,0,0,0,0,0,6,0,2,6,76,0,9,0,0,0,0,0,0,0,0,0,0,,,,,
Keith Kirkwood,WR,NO,1,TEN,0,0,0,0,0,0,0,0,0,0,0,1,0,0,0,0,0,0,0,0,0,0,,,,,
Kendrick Bourne,WR,NE,1,PHI,0,0,0,0,0,0,0,0,6,64,2,11,0,0,0,0,0,0,0,0,0,0,,,,,
Kenneth Walker III,RB,SEA,1,LA,0,0,0,0,0,64,0,12,4,3,0,5,0,0,0,0,0,0,0,0,0,0,,,,,
Kenny Gainwell,RB,PHI,1,NE,0,0,0,0,0,54,0,14,4,20,0,4,0,0,0,0,0,0,0,0,0,0,,,,,
Kenny Pickett,QB,PIT,1,SF,232,1,46,31,2,4,0,1,0,0,0,0,0,0,0,0,0,0,0,0,0,0,,,,,
Khalil Herbert,RB,CHI,1,GB,0,0,0,0,0,27,0,9,3,37,0,5,0,0,1,0,0,0,0,0,0,0,,,,,
Kirk Cousins,QB,MIN,1,TB,344,2,44,33,1,7,0,3,0,0,0,0,0,0,0,0,0,0,0,0,0,0,,,,,
Ko Kieft,TE,TB,1,MIN,0,0,0,0,0,0,0,0,0,0,0,3,0,0,0,0,0,0,0,0,0,0,,,,,
Kyle Pitts,TE,ATL,1,CAR,0,0,0,0,0,0,0,0,2,44,0,3,0,0,0,0,0,0,0,0,0,0,,,,,
Kylen Granson,TE,IND,1,JAX,0,0,0,0,0,0,0,0,4,39,0,6,0,0,0,0,0,0,0,0,0,0,,,,,
Kyren Williams,RB,LA,1,SEA,0,0,0,0,0,52,2,15,0,2,0,2,0,0,0,0,0,0,0,0,0,0,,,,,
LA,DEF,LA,1,SEA,,,,,,,,,,,,,,,,,,,,,,,0,0,0,0,13.0
LAC,DEF,LAC,1,MIA,,,,,,,,,,,,,,,,,,,,,,,0,0,0,0,36.0
LV,DEF,LV,1,DEN,,,,,,,,,,,,,,,,,,,,,,,0,0,0,0,16.0
Lamar Jackson,QB,BAL,1,HOU,169,0,22,17,1,38,0,6,0,0,0,0,0,0,0,0,0,0,0,0,0,0,,,,,
Latavius Murray,RB,BUF,1,NYJ,0,0,0,0,0,8,0,2,1,9,0,2,0,0,0,0,0,0,0,0,0,0,,,,,
Laviska Shenault Jr.,WR,CAR,1,ATL,0,0,0,0,0,5,0,2,2,16,0,2,0,0,0,0,0,0,0,0,0,0,,,,,
Lawrence Cager,TE,NYG,1,DAL,0,0,0,0,0,0,0,0,2,17,0,2,0,0,0,0,0,0,0,0,0,0,,,,,
Lil'Jordan Humphrey,WR,DEN,1,LV,0,0,0,0,0,0,0,0,2,11,1,2,0,0,0,0,0,0,0,0,0,0,,,,,
Logan Thomas,TE,WAS,1,ARI,0,0,0,0,0,0,0,0,4,43,0,8,0,0,0,0,0,0,0,0,0,0,,,,,
Luke Musgrave,TE,GB,1,CHI,0,0,0,0,0,0,0,0,3,50,0,4,0,0,0,0,0,0,0,0,0,0,,,,,
MIA,DEF,MIA,1,LAC,,,,,,,,,,,,,,,,,,,,,,,0,0,0,0,34.0
MIN,DEF,MIN,1,TB,,,,,,,,,,,,,,,,,,,,,,,0,0,0,0,20.0
Mac Jones,QB,NE,1,PHI,316,3,54,35,1,15,0,2,0,0,0,0,0,0,0,0,0,0,0,0,0,0,,,,,
Mack Hollins,WR,ATL,1,CAR,0,0,0,0,0,0,0,0,3,31,0,4,0,0,0,0,0,0,0,0,0,0,,,,,
Malik Heath,WR,GB,1,CHI,0,0,0,0,0,0,0,0,0,0,0,1,0,0,0,0,0,0,0,0,0,0,,,,,
Marquez Valdes-Scantling,WR,KC,1,DET,0,0,0,0,0,0,0,0,2,48,0,2,0,0,0,0,0,0,0,0,0,0,,,,,
Marquise Brown,WR,ARI,1,WAS,0,0,0,0,0,29,0,1,3,28,0,5,0,0,0,0,0,0,0,0,0,0,,,,,
Marquise Goodwin,WR,CLE,1,CIN,0,0,0,0,0,0,0,0,0,0,0,2,0,0,0,0,0,0,0,0,0,0,,,,,
Marvin Jones,WR,DET,1,KC,0,0,0,0,0,0,0,0,2,8,0,6,0,0,0,0,0,0,0,0,0,0,,,,,
Marvin Mims Jr.,WR,DEN,1,LV,0,0,0,0,0,0,0,0,2,9,0,2,0,0,0,0,0,0,0,0,0,0,,,,,
Matt Breida,RB,NYG,1,DAL,0,0,0,0,0,9,0,2,1,-3,0,1,0,0,0,0,0,0,0,0,0,0,,,,,
Matt Gay,K,IND,1,JAX,0,0,0,0,0,0,0,0,0,0,0,0,0,0,0,0,0,0,0,0,0,3,,,,,
Matt Prater,K,ARI,1,WAS,0,0,0,0,0,0,0,0,0,0,0,0,0,0,0,0,1,1,0,1,0,1,,,,,
Matthew Stafford,QB,LA,1,SEA,334,0,38,24,0,11,0,3,0,0,0,0,0,0,0,0,0,0,0,0,0,0,,,,,
Michael Carter,RB,NYJ,1,BUF,0,0,0,0,0,6,0,1,2,12,0,2,0,0,0,0,0,0,0,0,0,0,,,,,
Michael Gallup,WR,DAL,1,NYG,0,0,0,0,0,0,0,0,1,10,0,2,0,0,0,0,0,0,0,0,0,0,,,,,
Michael Mayer,TE,LV,1,DEN,0,0,0,0,0,0,0,0,0,0,0,0,0,0,0,0,0,0,0,0,0,0,,,,,
Michael Pittman,WR,IND,1,JAX,0,0,0,0,0,0,0,0,8,97,1,11,0,0,0,0,0,0,0,0,0,0,,,,,
Michael Thomas,WR,NO,1,TEN,0,0,0,0,0,0,0,0,5,61,0,8,0,0,0,0,0,0,0,0,0,0,,,,,
Michael Wilson,WR,ARI,1,WAS,0,0,0,0,0,0,0,0,2,19,0,4,0,0,0,0,0,0,0,0,0,0,,,,,
Mike Boone,RB,HOU,1,BAL,0,0,0,0,0,0,0,0,3,18,0,4,0,0,0,0,0,0,0,0,0,0,,,,,
Mike Evans,WR,TB,1,MIN,0,0,0,0,0,0,0,0,6,66,1,10,0,0,0,0,0,0,0,0,0,0,,,,,
Mike Gesicki,TE,NE,1,PHI,0,0,0,0,0,0,0,0,3,36,0,3,0,0,0,0,0,0,0,0,0,0,,,,,
Mike Williams,WR,LAC,1,MIA,0,0,0,0,0,0,0,0,4,45,0,5,0,0,0,0,0,0,0,0,0,0,,,,,
Miles Sanders,RB,CAR,1,ATL,0,0,0,0,0,72,0,18,4,26,0,6,0,0,0,0,0,0,0,0,0,0,,,,,
Mitchell Wilcox,TE,CIN,1,CLE,0,0,0,0,0,0,0,0,0,0,0,0,0,0,0,0,0,0,0,0,0,0,,,,,
Mo Alie-Cox,TE,IND,1,JAX,0,0,0,0,0,0,0,0,0,0,0,2,0,0,0,0,0,0,0,0,0,0,,,,,
NE,DEF,NE,1,PHI,,,,,,,,,,,,,,,,,,,,,,,0,0,0,0,25.0
NO,DEF,NO,1,TEN,,,,,,,,,,,,,,,,,,,,,,,0,0,0,0,15.0
NYG,DEF,NYG,1,DAL,,,,,,,,,,,,,,,,,,,,,,,0,0,0,0,40.0
NYJ,DEF,NYJ,1,BUF,,,,,,,,,,,,,,,,,,,,,,,0,0,0,0,16.0
Najee Harris,RB,PIT,1,SF,0,0,0,0,0,31,0,6,2,2,0,2,0,0,0,0,0,0,0,0,0,0,,,,,
Nick Chubb,RB,CLE,1,CIN,0,0,0,0,0,106,0,18,4,21,0,4,0,0,0,0,0,0,0,0,0,0,,,,,
Nick Folk,K,TEN,1,NO,0,0,0,0,0,0,0,0,0,0,0,0,0,0,0,0,2,1,1,1,0,0,,,,,
Nick Westbrook-Ikhine,WR,TEN,1,NO,0,0,0,0,0,0,0,0,4,58,0,7,0,0,0,0,0,0,0,0,0,0,,,,,
Nico Collins,WR,HOU,1,BAL,0,0,0,0,0,0,0,0,6,80,0,11,0,0,0,0,0,0,0,0,0,0,,,,,
Noah Brown,WR,HOU,1,BAL,0,0,0,0,0,-1,0,1,3,20,0,4,0,0,0,0,0,0,0,0,0,0,,,,,
Noah Gray,TE,KC,1,DET,0,0,0,0,0,0,0,0,3,31,0,5,0,0,0,0,0,0,0,0,0,0,,,,,
Odell Beckham Jr.,WR,BAL,1,HOU,0,0,0,0,0,0,0,0,2,37,0,3,0,0,0,0,0,0,0,0,0,0,,,,,
PHI,DEF,PHI,1,NE,,,,,,,,,,,,,,,,,,,,,,,1,0,0,0,20.0
PIT,DEF,PIT,1,SF,,,,,,,,,,,,,,,,,,,,,,,0,0,0,0,30.0
Parker Hesse,TE,ATL,1,CAR,0,0,0,0,0,0,0,0,0,0,0,0,0,0,0,0,0,0,0,0,0,0,,,,,
Parris Campbell,WR,NYG,1,DAL,0,0,0,0,0,0,0,0,1,2,0,4,0,0,0,0,0,0,0,0,0,0,,,,,
Pat Freiermuth,TE,PIT,1,SF,0,0,0,0,0,0,0,0,1,3,1,4,0,0,0,0,0,0,0,0,0,0,,,,,
Patrick Mahomes,QB,KC,1,DET,226,2,39,21,1,45,0,6,0,0,0,0,0,0,0,0,0,0,0,0,0,0,,,,,
Patrick Taylor,RB,GB,1,CHI,0,0,0,0,0,22,0,5,0,0,0,0,0,0,0,0,0,0,0,0,0,0,,,,,
Peyton Hendershot,TE,DAL,1,NYG,0,0,0,0,0,0,0,0,0,0,0,1,0,0,0,0,0,0,0,0,0,0,,,,,
Phillip Dorsett,WR,DEN,1,LV,0,0,0,0,0,0,0,0,0,0,0,1,0,0,0,0,0,0,0,0,0,0,,,,,
Pierre Strong,RB,CLE,1,CIN,0,0,0,0,0,0,0,0,0,0,0,0,0,0,0,0,0,0,0,0,0,0,,,,,
Puka Nacua,WR,LA,1,SEA,0,0,0,0,0,0,0,0,10,119,0,15,0,0,0,0,0,0,0,0,0,0,,,,,
Quentin Johnston,WR,LAC,1,MIA,0,0,0,0,0,0,0,0,2,9,0,3,0,0,0,0,0,0,0,0,0,0,,,,,
Quez Watkins,WR,PHI,1,NE,0,0,0,0,0,0,0,0,2,17,0,2,0,0,0,0,0,0,0,0,0,0,,,,,
Rachaad White,RB,TB,1,MIN,0,0,0,0,0,39,0,17,2,10,0,2,0,0,0,0,0,0,0,0,0,0,,,,,
Raheem Mostert,RB,MIA,1,LAC,0,0,0,0,0,37,1,10,2,13,0,2,0,0,0,0,0,0,0,0,0,0,,,,,
Rakim Jarrett,WR,TB,1,MIN,0,0,0,0,0,0,0,1,0,0,0,0,0,0,0,0,0,0,0,0,0,0,,,,,
Randall Cobb,WR,NYJ,1,BUF,0,0,0,0,0,0,0,0,0,0,0,1,0,0,0,0,0,0,0,0,0,0,,,,,
Rashee Rice,WR,KC,1,DET,0,0,0,0,0,-3,0,1,3,29,1,5,0,0,0,0,0,0,0,0,0,0,,,,,
Rashid Shaheed,WR,NO,1,TEN,0,0,0,0,0,11,0,2,5,89,1,6,0,0,0,0,0,0,0,0,0,0,,,,,
Rashod Bateman,WR,BAL,1,HOU,0,0,0,0,0,0,0,0,3,35,0,3,0,0,0,0,0,0,0,0,0,0,,,,,
Ray-Ray McCloud,WR,SF,1,PIT,0,0,0,0,0,0,0,0,0,0,0,0,0,0,0,0,0,0,0,0,0,0,,,,,
Rhamondre Stevenson,RB,NE,1,PHI,0,0,0,0,0,25,0,12,6,64,0,6,0,0,0,0,0,0,0,0,0,0,,,,,
Richie James,WR,KC,1,DET,0,0,0,0,0,0,0,0,1,6,0,2,0,0,0,0,0,0,0,0,0,0,,,,,
Rico Dowdle,RB,DAL,1,NYG,0,0,0,0,0,24,0,6,0,0,0,0,0,0,0,0,0,0,0,0,0,0,,,,,
Riley Patterson,K,DET,1,KC,0,0,0,0,0,0,0,0,0,0,0,0,0,0,0,0,0,0,0,0,0,3,,,,,
River Cracraft,WR,MIA,1,LAC,0,0,0,0,0,0,0,0,3,40,1,5,0,0,0,0,0,0,0,0,0,0,,,,,
Robert Tonyan,TE,CHI,1,GB,0,0,0,0,0,0,0,0,0,0,0,0,0,0,0,0,0,0,0,0,0,0,,,,,
Robert Woods,WR,HOU,1,BAL,0,0,0,0,0,0,0,0,6,57,0,10,0,0,0,0,0,0,0,0,0,0,,,,,
Romeo Doubs,WR,GB,1,CHI,0,0,0,0,0,0,0,0,4,26,2,5,0,0,0,0,0,0,0,0,0,0,,,,,
Rondale Moore,WR,ARI,1,WAS,0,0,0,0,0,12,0,2,3,33,0,3,0,0,0,0,0,0,0,0,0,0,,,,,
Ronnie Rivers,RB,LA,1,SEA,0,0,0,0,0,0,0,0,0,0,0,0,0,0,0,0,0,0,0,0,0,0,,,,,
Roschon Johnson,RB,CHI,1,GB,0,0,0,0,0,20,1,5,6,35,0,7,0,0,0,0,0,0,0,0,0,0,,,,,
Russell Wilson,QB,DEN,1,LV,177,2,34,27,0,1,0,1,0,0,0,0,0,0,0,0,0,0,0,0,0,0,,,,,
Ryan Tannehill,QB,TEN,1,NO,198,0,34,16,3,5,0,3,0,0,0,0,0,0,0,0,0,0,0,0,0,0,,,,,
SEA,DEF,SEA,1,LA,,,,,,,,,,,,,,,,,,,,,,,0,0,0,0,30.0
SF,DEF,SF,1,PIT,,,,,,,,,,,,,,,,,,,,,,,0,0,0,0,7.0
Salvon Ahmed,RB,MIA,1,LAC,0,0,0,0,0,11,0,3,0,0,0,3,0,0,0,0,0,0,0,0,0,0,,,,,
Sam Darnold,QB,SF,1,PIT,0,0,0,0,0,-2,0,2,0,0,0,0,0,0,0,0,0,0,0,0,0,0,,,,,
Sam Howell,QB,WAS,1,ARI,202,1,31,19,1,11,1,2,0,0,0,0,0,0,0,0,0,0,0,0,0,0,,,,,
Sam LaPorta,TE,DET,1,KC,0,0,0,0,0,0,0,0,5,39,0,5,0,0,0,0,0,0,0,0,0,0,,,,,
Samaje Perine,RB,DEN,1,LV,0,0,0,0,0,41,0,8,4,37,0,4,0,0,0,0,0,0,0,0,0,0,,,,,
Samori Toure,WR,GB,1,CHI,0,0,0,0,0,0,0,0,2,18,0,3,0,0,0,0,0,0,0,0,0,0,,,,,
Saquon Barkley,RB,NYG,1,DAL,0,0,0,0,0,51,0,12,3,12,0,4,0,0,0,0,0,0,0,0,0,0,,,,,
Scott Miller,WR,ATL,1,CAR,0,0,0,0,0,0,0,0,0,0,0,0,0,0,0,0,0,0,0,0,0,0,,,,,
Sean Clifford,QB,GB,1,CHI,0,0,0,0,0,0,0,1,0,0,0,0,0,0,0,0,0,0,0,0,0,0,,,,,
Sean Tucker,RB,TB,1,MIN,0,0,0,0,0,15,0,5,2,9,0,2,0,0,0,0,0,0,0,0,0,0,,,,,
Skyy Moore,WR,KC,1,DET,0,0,0,0,0,4,0,1,0,0,0,3,0,0,0,0,0,0,0,0,0,0,,,,,
Stefon Diggs,WR,BUF,1,NYJ,0,0,0,0,0,0,0,0,10,102,1,13,0,0,0,0,0,0,0,0,0,0,,,,,
Sterling Shepard,WR,NYG,1,DAL,0,0,0,0,0,0,0,0,0,0,0,1,0,0,0,0,0,0,0,0,0,0,,,,,
T.J. Hockenson,TE,MIN,1,TB,0,0,0,0,0,0,0,0,8,35,0,9,0,0,0,0,0,0,0,0,0,0,,,,,
TB,DEF,TB,1,MIN,,,,,,,,,,,,,,,,,,,,,,,0,0,0,0,17.0
TEN,DEF,TEN,1,NO,,,,,,,,,,,,,,,,,,,,,,,0,0,0,0,16.0
Tank Bigsby,RB,JAX,1,IND,0,0,0,0,0,13,1,7,0,0,0,1,0,0,0,0,0,0,0,0,0,0,,,,,
Tank Dell,WR,HOU,1,BAL,0,0,0,0,0,0,0,0,3,34,0,4,0,0,0,0,0,0,0,0,0,0,,,,,
Taysom Hill,TE,NO,1,TEN,0,0,0,0,0,4,0,3,0,0,0,1,0,0,0,0,0,0,0,0,0,0,,,,,
Teagan Quitoriano,TE,HOU,1,BAL,0,0,0,0,0,0,0,0,1,11,0,1,0,0,0,0,0,0,0,0,0,0,,,,,
Tee Higgins,WR,CIN,1,CLE,0,0,0,0,0,0,0,0,0,0,0,8,0,0,0,0,0,0,0,0,0,0,,,,,
Terrace Marshall Jr.,WR,CAR,1,ATL,0,0,0,0,0,0,0,0,2,23,0,6,0,0,0,0,0,0,0,0,0,0,,,,,
Terry McLaurin,WR,WAS,1,ARI,0,0,0,0,0,0,0,0,2,31,0,4,0,0,0,0,0,0,0,0,0,0,,,,,
Tommy Tremble,TE,CAR,1,ATL,0,0,0,0,0,0,0,0,0,0,0,0,0,0,0,0,0,0,0,0,0,0,,,,,
Tony Jones,RB,NO,1,TEN,0,0,0,0,0,5,0,1,0,0,0,0,0,0,0,0,0,0,0,0,0,0,,,,,
Tony Pollard,RB,DAL,1,NYG,0,0,0,0,0,70,2,14,2,12,0,3,0,0,0,0,0,0,0,0,0,0,,,,,
Travis Etienne,RB,JAX,1,IND,0,0,0,0,0,77,1,18,5,27,0,5,0,0,0,0,0,0,0,0,0,0,,,,,
Travis Homer,RB,CHI,1,GB,0,0,0,0,0,0,0,0,0,0,0,0,0,0,0,0,0,0,0,0,0,0,,,,,
Trayveon Williams,RB,CIN,1,CLE,0,0,0,0,0,7,0,2,0,0,0,0,0,0,0,0,0,0,0,0,0,0,,,,,
Trent Taylor,WR,CHI,1,GB,0,0,0,0,0,0,0,0,0,0,0,0,0,0,0,0,0,0,0,0,0,0,,,,,
Trevon Wesco,TE,TEN,1,NO,0,0,0,0,0,0,0,0,0,0,0,0,0,0,0,0,0,0,0,0,0,0,,,,,
Trevor Lawrence,QB,JAX,1,IND,241,2,32,24,1,21,0,7,0,0,0,0,0,0,0,0,0,0,0,0,0,0,,,,,
Trey McBride,TE,ARI,1,WAS,0,0,0,0,0,0,0,0,2,23,0,2,0,0,0,0,0,0,0,0,0,0,,,,,
Trey Palmer,WR,TB,1,MIN,0,0,0,0,0,0,0,0,2,8,1,3,0,0,0,0,0,0,0,0,0,0,,,,,
Treylon Burks,WR,TEN,1,NO,0,0,0,0,0,9,0,1,2,18,0,3,0,0,0,0,0,0,0,0,0,0,,,,,
Tua Tagovailoa,QB,MIA,1,LAC,466,3,45,28,1,5,0,5,0,0,0,0,0,0,0,0,0,0,0,0,0,0,,,,,
Tutu Atwell,WR,LA,1,SEA,0,0,0,0,0,0,0,0,6,119,0,8,0,0,0,0,0,0,0,0,0,0,,,,,
Ty Chandler,RB,MIN,1,TB,0,0,0,0,0,0,0,3,1,18,0,1,0,0,0,0,0,0,0,0,0,0,,,,,
Ty Montgomery,WR,NE,1,PHI,0,0,0,0,0,7,0,1,2,9,0,3,0,0,0,0,0,0,0,0,0,0,,,,,
Tyjae Spears,RB,TEN,1,NO,0,0,0,0,0,27,0,3,1,1,0,4,0,0,0,0,0,0,0,0,0,0,,,,,
Tyler Allgeier,RB,ATL,1,CAR,0,0,0,0,0,75,2,15,3,19,0,3,0,0,0,0,0,0,0,0,0,0,,,,,
Tyler Bass,K,BUF,1,NYJ,0,0,0,0,0,0,0,0,0,0,0,0,0,0,0,0,0,1,1,1,0,1,,,,,
Tyler Boyd,WR,CIN,1,CLE,0,0,0,0,0,0,0,0,2,10,0,3,0,0,0,0,0,0,0,0,0,0,,,,,
Tyler Conklin,TE,NYJ,1,BUF,0,0,0,0,0,0,0,0,1,2,0,1,0,0,0,0,0,0,0,0,0,0,,,,,
Tyler Higbee,TE,LA,1,SEA,0,0,0,0,0,0,0,0,3,49,0,3,0,0,0,0,0,0,0,0,0,0,,,,,
Tyler Lockett,WR,SEA,1,LA,0,0,0,0,0,0,0,0,2,10,0,4,0,0,0,0,0,0,0,0,0,0,,,,,
Tyler Scott,WR,CHI,1,GB,0,0,0,0,0,0,0,0,2,14,0,2,0,0,0,0,0,0,0,0,0,0,,,,,
Tyreek Hill,WR,MIA,1,LAC,0,0,0,0,0,0,0,0,11,215,2,15,0,0,0,0,0,0,0,0,0,0,,,,,
Tyrod Taylor,QB,NYG,1,DAL,6,0,2,2,0,0,0,0,0,0,0,0,0,0,0,0,0,0,0,0,0,0,,,,,
Van Jefferson,WR,LA,1,SEA,0,0,0,0,0,0,0,0,4,24,0,5,0,0,0,0,0,0,0,0,0,0,,,,,
WAS,DEF,WAS,1,ARI,,,,,,,,,,,,,,,,,,,,,,,0,0,0,0,16.0
Wil Lutz,K,DEN,1,LV,0,0,0,0,0,0,0,0,0,0,0,0,0,0,0,0,1,0,0,0,0,1,,,,,
Will Dissly,TE,SEA,1,LA,0,0,0,0,0,0,0,0,2,17,0,2,0,0,0,0,0,0,0,0,0,0,,,,,
Xavier Gipson,WR,NYJ,1,BUF,0,0,0,0,0,0,0,0,0,0,0,0,1,0,0,0,0,0,0,0,0,0,,,,,
Xavier Hutchinson,WR,HOU,1,BAL,0,0,0,0,0,0,0,0,1,9,0,1,0,0,0,0,0,0,0,0,0,0,,,,,
Younghoe Koo,K,ATL,1,CAR,0,0,0,0,0,0,0,0,0,0,0,0,0,0,0,0,0,0,1,0,0,3,,,,,
Zach Charbonnet,RB,SEA,1,LA,0,0,0,0,0,11,0,3,0,0,0,0,0,0,0,0,0,0,0,0,0,0,,,,,
Zach Ertz,TE,ARI,1,WAS,0,0,0,0,0,0,0,0,6,21,0,10,0,0,0,0,0,0,0,0,0,0,,,,,
Zach Pascal,WR,ARI,1,WAS,0,0,0,0,0,0,0,0,0,0,0,1,0,0,0,0,0,0,0,0,0,0,,,,,
Zach Wilson,QB,NYJ,1,BUF,140,1,21,14,1,6,0,4,0,0,0,0,0,0,0,0,0,0,0,0,0,0,,,,,
Zamir White,RB,LV,1,DEN,0,0,0,0,0,2,0,1,1,5,0,1,0,0,0,0,0,0,0,0,0,0,,,,,
Zay Flowers,WR,BAL,1,HOU,0,0,0,0,0,9,0,2,9,78,0,10,0,0,0,0,0,0,0,0,0,0,,,,,
Zay Jones,WR,JAX,1,IND,0,0,0,0,0,0,0,0,5,55,1,7,0,0,0,0,0,0,0,0,0,0,,,,,
A.J. Brown,WR,PHI,2,MIN,0,0,0,0,0,0,0,0,4,29,0,6,0,0,0,0,0,0,0,0,0,0,,,,,
AJ Dillon,RB,GB,2,ATL,0,0,0,0,0,55,0,15,1,8,0,1,0,0,0,0,0,0,0,0,0,0,,,,,
ARI,DEF,ARI,2,NYG,,,,,,,,,,,,,,,,,,,,,,,0,0,0,0,31.0
ATL,DEF,ATL,2,GB,,,,,,,,,,,,,,,,,,,,,,,0,0,0,0,24.0
Adam Thielen,WR,CAR,2,NO,0,0,0,0,0,0,0,0,7,54,1,9,0,0,1,0,0,0,0,0,0,0,,,,,
Adam Trautman,TE,DEN,2,WAS,0,0,0,0,0,0,0,0,0,0,0,1,0,0,0,0,0,0,0,0,0,0,,,,,
Alec Pierce,WR,IND,2,HOU,0,0,0,0,0,0,0,0,2,28,0,2,0,0,0,0,0,0,0,0,0,0,,,,,
Alexander Mattison,RB,MIN,2,PHI,0,0,0,0,0,28,0,8,3,11,0,6,0,0,0,0,0,0,0,0,0,0,,,,,
Allen Lazard,WR,NYJ,2,DAL,0,0,0,0,0,0,0,0,2,23,0,4,0,0,0,0,0,0,0,0,0,0,,,,,
Allen Robinson,WR,PIT,2,CLE,0,0,0,0,0,0,0,0,2,12,0,3,0,0,0,0,0,0,0,0,0,0,,,,,
Amari Cooper,WR,CLE,2,PIT,0,0,0,0,0,0,0,0,7,90,0,10,0,0,0,0,0,0,0,0,0,0,,,,,
Ameer Abdullah,RB,LV,2,BUF,0,0,0,0,0,0,0,0,1,5,0,3,0,0,0,0,0,0,0,0,0,0,,,,,
Amon-Ra St. Brown,WR,DET,2,SEA,0,0,0,0,0,0,0,0,6,102,0,7,0,0,0,0,0,0,0,0,0,0,,,,,
Anders Carlson,K,GB,2,ATL,0,0,0,0,0,0,0,0,0,0,0,0,0,0,0,0,0,1,0,0,0,3,,,,,
Anthony Richardson,QB,IND,2,HOU,56,0,10,6,0,35,2,3,0,0,0,0,0,0,0,0,0,0,0,0,0,0,,,,,
Antoine Green,WR,DET,2,SEA,0,0,0,0,0,0,0,0,1,2,0,1,0,0,0,0,0,0,0,0,0,0,,,,,
Antonio Gibson,RB,WAS,2,DEN,0,0,0,0,0,9,0,2,3,44,0,3,0,0,0,0,0,0,0,0,0,0,,,,,
Austin Hooper,TE,LV,2,BUF,0,0,0,0,0,0,0,0,2,20,0,2,0,0,0,0,0,0,0,0,0,0,,,,,
Austin Seibert,K,NYJ,2,DAL,0,0,0,0,0,0,0,0,0,0,0,0,0,0,0,0,0,1,0,0,0,1,,,,,
Austin Trammell,WR,LA,2,SF,0,0,0,0,0,0,0,0,0,0,0,0,0,0,0,0,0,0,0,0,0,0,,,,,
BAL,DEF,BAL,2,CIN,,,,,,,,,,,,,,,,,,,,,,,0,0,0,0,24.0
BUF,DEF,BUF,2,LV,,,,,,,,,,,,,,,,,,,,,,,0,0,0,0,10.0
Baker Mayfield,QB,TB,2,CHI,317,1,34,26,0,17,0,6,0,0,0,0,0,0,0,0,0,0,0,0,0,0,,,,,
Ben Skowronek,WR,LA,2,SF,0,0,0,0,0,11,0,1,1,10,0,1,0,0,0,0,0,0,0,0,0,0,,,,,
Bijan Robinson,RB,ATL,2,GB,0,0,0,0,0,124,0,19,4,48,0,5,0,0,0,0,0,0,0,0,0,0,,,,,
Blake Grupe,K,NO,2,CAR,0,0,0,0,0,0,0,0,0,0,0,0,0,0,0,0,2,0,0,0,0,2,,,,,
Boston Scott,RB,PHI,2,MIN,0,0,0,0,0,40,0,5,0,0,0,0,0,0,0,0,0,0,0,0,0,0,,,,,
Brandon Aiyuk,WR,SF,2,LA,0,0,0,0,0,0,0,0,3,43,0,6,0,0,0,0,0,0,0,0,0,0,,,,,
Brandon Aubrey,K,DAL,2,NYJ,0,0,0,0,0,0,0,0,0,0,0,0,0,0,0,0,2,2,0,1,0,1,,,,,
Brandon Johnson,WR,DEN,2,WAS,0,0,0,0,0,0,0,0,2,66,2,3,0,0,0,0,0,0,0,0,0,0,,,,,
Brandon McManus,K,JAX,2,KC,0,0,0,0,0,0,0,0,0,0,0,0,0,0,0,0,1,1,1,0,0,0,,,,,
Brandon Powell,WR,MIN,2,PHI,0,0,0,0,0,0,0,0,0,0,0,0,0,0,0,0,0,0,0,0,0,0,,,,,
Braxton Berrios,WR,MIA,2,NE,0,0,0,0,0,0,0,0,2,28,0,3,0,0,0,0,0,0,0,0,0,0,,,,,
Breece Hall,RB,NYJ,2,DAL,0,0,0,0,0,9,0,4,0,0,0,2,0,0,0,0,0,0,0,0,0,0,,,,,
Brett Maher,K,LA,2,SF,0,0,0,0,0,0,0,0,0,0,0,0,0,0,0,0,0,1,2,0,0,2,,,,,
Brevin Jordan,TE,HOU,2,IND,0,0,0,0,0,0,0,0,2,27,0,2,0,0,0,0,0,0,0,0,0,0,,,,,
Brian Robinson,RB,WAS,2,DEN,0,0,0,0,0,87,2,18,2,42,0,3,0,0,1,0,0,0,0,0,0,0,,,,,
Britain Covey,WR,PHI,2,MIN,0,0,0,0,0,0,0,0,0,0,0,0,0,0,0,0,0,0,0,0,0,0,,,,,
Brock Purdy,QB,SF,2,LA,206,0,25,17,0,5,1,3,0,0,0,0,0,0,0,0,0,0,0,0,0,0,,,,,
Bryce Young,QB,CAR,2,NO,153,1,33,22,0,34,0,2,0,0,0,0,0,0,1,0,0,0,0,0,0,0,,,,,
Brycen Hopkins,TE,LA,2,SF,0,0,0,0,0,0,0,0,0,0,0,0,0,0,0,0,0,0,0,0,0,0,,,,,
Byron Pringle,WR,WAS,2,DEN,0,0,0,0,0,0,0,0,1,4,0,1,0,0,0,0,0,0,0,0,0,0,,,,,
C.J. Stroud,QB,HOU,2,IND,384,2,47,30,0,1,0,3,0,0,0,0,0,0,0,0,0,0,0,0,0,0,,,,,
CAR,DEF,CAR,2,NO,,,,,,,,,,,,,,,,,,,,,,,0,0,0,0,20.0
CHI,DEF,CHI,2,TB,,,,,,,,,,,,,,,,,,,,,,,0,0,0,0,27.0
CIN,DEF,CIN,2,BAL,,,,,,,,,,,,,,,,,,,,,,,0,0,0,0,27.0
CLE,DEF,CLE,2,PIT,,,,,,,,,,,,,,,,,,,,,,,0,0,0,0,26.0
Cade Otton,TE,TB,2,CHI,0,0,0,0,0,0,0,0,6,41,0,6,0,0,0,0,0,0,0,0,0,0,,,,,
Cairo Santos,K,CHI,2,TB,0,0,0,0,0,0,0,0,0,0,0,0,0,0,0,0,0,0,0,1,0,2,,,,,
Calvin Austin III,WR,PIT,2,CLE,0,0,0,0,0,-2,0,1,1,10,0,4,0,0,0,0,0,0,0,0,0,0,,,,,
Calvin Ridley,WR,JAX,2,KC,0,0,0,0,0,0,0,0,2,32,0,8,0,0,0,0,0,0,0,0,0,0,,,,,
Cameron Dicker,K,LAC,2,TEN,0,0,0,0,0,0,0,0,0,0,0,0,0,0,0,0,1,2,0,0,0,1,,,,,
CeeDee Lamb,WR,DAL,2,NYJ,0,0,0,0,0,0,0,0,11,143,0,13,0,0,0,0,0,0,0,0,0,0,,,,,
Chad Ryland,K,NE,2,MIA,0,0,0,0,0,0,0,0,0,0,0,0,0,0,0,0,0,0,1,0,0,2,,,,,
Charlie Jones,WR,CIN,2,BAL,0,0,0,0,0,0,0,0,0,0,0,0,1,0,0,0,0,0,0,0,0,0,,,,,
Charlie Woerner,TE,SF,2,LA,0,0,0,0,0,0,0,0,0,0,0,0,0,0,0,0,0,0,0,0,0,0,,,,,
Chase Brown,RB,CIN,2,BAL,0,0,0,0,0,2,0,1,0,0,0,0,0,0,0,0,0,0,0,0,0,0,,,,,
Chase Claypool,WR,CHI,2,TB,0,0,0,0,0,0,0,0,3,36,1,8,0,0,0,0,0,0,0,0,0,0,,,,,
Chase Edmonds,RB,TB,2,CHI,0,0,0,0,0,12,0,2,0,0,0,0,0,0,0,0,0,0,0,0,0,0,,,,,
Chase McLaughlin,K,TB,2,CHI,0,0,0,0,0,0,0,0,0,0,0,0,0,0,0,0,2,0,0,0,0,3,,,,,
Chig Okonkwo,TE,TEN,2,LAC,0,0,0,0,0,0,0,0,4,35,0,4,0,0,0,0,0,0,0,0,0,0,,,,,
Chris Boswell,K,PIT,2,CLE,0,0,0,0,0,0,0,0,0,0,0,0,0,0,0,0,0,0,0,2,0,2,,,,,
Chris Godwin Jr.,WR,TB,2,CHI,0,0,0,0,0,0,0,0,5,58,0,8,0,0,0,0,0,0,0,0,0,0,,,,,
Chris Moore,WR,TEN,2,LAC,0,0,0,0,0,0,0,0,1,49,0,1,0,0,0,0,0,0,0,0,0,0,,,,,
Chris Olave,WR,NO,2,CAR,0,0,0,0,0,0,0,0,6,86,0,11,0,0,0,0,0,0,0,0,0,0,,,,,
Christian Kirk,WR,JAX,2,KC,-1,0,1,1,0,0,0,0,11,110,0,14,0,0,0,0,0,0,0,0,0,0,,,,,
Christian McCaffrey,RB,SF,2,LA,0,0,0,0,0,116,1,20,3,19,0,3,0,0,0,0,0,0,0,0,0,0,,,,,
Chuba Hubbard,RB,CAR,2,NO,0,0,0,0,0,16,0,2,5,34,0,5,0,0,0,0,0,0,0,0,0,0,,,,,
Clyde Edwards-Helaire,RB,KC,2,JAX,0,0,0,0,0,0,0,1,2,17,0,2,0,0,0,0,0,0,0,0,0,0,,,,,
Colby Parkinson,TE,SEA,2,DET,0,0,0,0,0,0,0,0,2,41,0,3,0,0,0,0,0,0,0,0,0,0,,,,,
Cole Kmet,TE,CHI,2,TB,0,0,0,0,0,0,0,0,4,38,0,6,0,0,0,0,0,0,0,0,0,0,,,,,
Cole Turner,TE,WAS,2,DEN,0,0,0,0,0,0,0,0,2,21,0,2,0,0,0,0,0,0,0,0,0,0,,,,,
Courtland Sutton,WR,DEN,2,WAS,0,0,0,0,0,0,0,0,5,66,0,7,0,0,0,0,0,0,0,0,0,0,,,,,
Craig Reynolds,RB,DET,2,SEA,0,0,0,0,0,7,0,3,1,-2,0,1,0,0,0,0,0,0,0,0,0,0,,,,,
Curtis Samuel,WR,WAS,2,DEN,0,0,0,0,0,13,0,1,3,19,0,3,0,0,0,0,0,0,0,0,0,0,,,,,
D'Andre Swift,RB,PHI,2,MIN,0,0,0,0,0,175,1,28,3,6,0,3,0,0,0,0,0,0,0,0,0,0,,,,,
D'Ernest Johnson,RB,JAX,2,KC,0,0,0,0,0,8,0,1,1,9,0,1,0,0,0,0,0,0,0,0,0,0,,,,,
DAL,DEF,DAL,2,NYJ,,,,,,,,,,,,,,,,,,,,,,,0,0,0,0,10.0
DEN,DEF,DEN,2,WAS,,,,,,,,,,,,,,,,,,,,,,,0,0,0,0,35.0
DET,DEF,DET,2,SEA,,,,,,,,,,,,,,,,,,,,,,,0,0,0,0,37.0
DJ Chark,WR,CAR,2,NO,0,0,0,0,0,0,0,0,1,15,0,1,0,0,0,0,0,0,0,0,0,0,,,,,
DJ Moore,WR,CHI,2,TB,0,0,0,0,0,0,0,0,6,104,0,7,0,0,0,0,0,0,0,0,0,0,,,,,
DK Metcalf,WR,SEA,2,DET,0,0,0,0,0,0,0,0,6,75,0,6,0,0,0,0,0,0,0,0,0,0,,,,,
Dak Prescott,QB,DAL,2,NYJ,255,2,38,31,0,14,0,6,0,0,0,0,0,0,0,0,0,0,0,0,0,0,,,,,
Dallas Goedert,TE,PHI,2,MIN,0,0,0,0,0,0,0,0,6,22,0,7,0,0,0,0,0,0,0,0,0,0,,,,,
Dalton Kincaid,TE,BUF,2,LV,0,0,0,0,0,0,0,0,5,43,0,6,0,0,0,0,0,0,0,0,0,0,,,,,
Dalton Schultz,TE,HOU,2,IND,0,0,0,0,0,0,0,0,4,34,0,7,0,0,0,0,0,0,0,0,0,0,,,,,
Dalvin Cook,RB,NYJ,2,DAL,0,0,0,0,0,7,0,4,1,5,0,1,0,0,0,0,0,0,0,0,0,0,,,,,
Dameon Pierce,RB,HOU,2,IND,0,0,0,0,0,31,0,15,2,4,0,3,0,0,0,0,0,0,0,0,0,0,,,,,
Damien Harris,RB,BUF,2,LV,0,0,0,0,0,33,1,7,0,0,0,0,0,0,0,0,0,0,0,0,0,0,,,,,
Daniel Bellinger,TE,NYG,2,ARI,0,0,0,0,0,0,0,0,0,0,0,0,0,0,0,0,0,0,0,0,0,0,,,,,
Daniel Carlson,K,LV,2,BUF,0,0,0,0,0,0,0,0,0,0,0,0,0,0,0,0,0,0,1,0,0,1,,,,,
Daniel Jones,QB,NYG,2,ARI,321,2,37,26,1,59,1,9,0,0,0,0,0,0,0,0,0,0,0,0,0,0,,,,,
Dare Ogunbowale,RB,HOU,2,IND,0,0,0,0,0,4,0,2,0,0,0,0,0,0,0,0,0,0,0,0,0,0,,,,,
Darius Slayton,WR,NYG,2,ARI,0,0,0,0,0,0,0,0,3,62,0,6,0,0,0,0,0,0,0,0,0,0,,,,,
Darren Waller,TE,NYG,2,ARI,0,0,0,0,0,0,0,0,6,76,0,8,0,0,0,0,0,0,0,0,0,0,,,,,
Davante Adams,WR,LV,2,BUF,0,0,0,0,0,0,0,0,6,84,1,8,0,0,0,0,0,0,0,0,0,0,,,,,
David Bell,WR,CLE,2,PIT,0,0,0,0,0,0,0,0,3,27,0,3,0,0,0,0,0,0,0,0,0,0,,,,,
David Montgomery,RB,DET,2,SEA,0,0,0,0,0,67,1,16,1,7,0,1,0,0,0,0,0,0,0,0,0,0,,,,,
David Njoku,TE,CLE,2,PIT,0,0,0,0,0,0,0,0,4,48,0,4,0,0,0,0,0,0,0,0,0,0,,,,,
David Wells,TE,TB,2,CHI,0,0,0,0,0,0,0,0,2,-10,0,2,0,0,0,0,0,0,0,0,0,0,,,,,
Dawson Knox,TE,BUF,2,LV,0,0,0,0,0,0,0,0,3,10,1,5,0,0,0,0,0,0,0,0,0,0,,,,,
De'Von Achane,RB,MIA,2,NE,0,0,0,0,0,5,0,1,1,4,0,1,0,0,0,0,0,0,0,0,0,0,,,,,
DeAndre Carter,WR,LV,2,BUF,0,0,0,0,0,0,0,0,0,0,0,1,0,0,0,0,0,0,0,0,0,0,,,,,
DeAndre Hopkins,WR,TEN,2,LAC,0,0,0,0,0,0,0,0,4,40,0,5,0,0,0,0,0,0,0,0,0,0,,,,,
DeMario Douglas,WR,NE,2,MIA,0,0,0,0,0,0,0,0,2,19,0,2,0,0,0,0,0,0,0,0,0,0,,,,,
DeVante Parker,WR,NE,2,MIA,0,0,0,0,0,0,0,0,6,57,0,8,0,0,0,0,0,0,0,0,0,0,,,,,
DeVonta Smith,WR,PHI,2,MIN,0,0,0,0,0,0,0,0,4,131,1,5,0,0,0,0,0,0,0,0,0,0,,,,,
DeeJay Dallas,RB,SEA,2,DET,0,0,0,0,0,3,0,1,0,0,0,0,0,0,0,0,0,0,0,0,0,0,,,,,
Deebo Samuel Sr.,WR,SF,2,LA,0,0,0,0,0,38,1,5,6,63,0,9,0,0,0,0,0,0,0,0,0,0,,,,,
Deonte Harty,WR,BUF,2,LV,0,0,0,0,0,0,0,0,2,4,0,3,0,0,0,0,0,0,0,0,0,0,,,,,
Derek Carr,QB,NO,2,CAR,228,0,36,21,1,-4,0,3,0,0,0,0,0,0,0,0,0,0,0,0,0,0,,,,,
Derius Davis,WR,LAC,2,TEN,0,0,0,0,0,10,0,1,0,0,0,0,0,0,0,0,0,0,0,0,0,0,,,,,
Derrick Henry,RB,TEN,2,LAC,0,0,0,0,0,80,1,25,3,15,0,4,0,0,0,0,0,0,0,0,0,0,,,,,
Deshaun Watson,QB,CLE,2,PIT,235,1,40,22,1,22,0,6,0,0,0,0,0,0,1,0,0,0,0,0,0,0,,,,,
Desmond Ridder,QB,ATL,2,GB,237,1,32,19,1,39,1,10,0,0,0,0,0,0,0,0,0,0,0,0,0,0,,,,,
Deuce Vaughn,RB,DAL,2,NYJ,0,0,0,0,0,16,0,3,3,16,0,3,0,0,0,0,0,0,0,0,0,0,,,,,
Deven Thompkins,WR,TB,2,CHI,0,0,0,0,0,11,0,1,0,0,0,0,0,0,0,0,0,0,0,0,0,0,,,,,
Devin Duvernay,WR,BAL,2,CIN,0,0,0,0,0,15,0,3,0,0,0,3,0,0,0,0,0,0,0,0,0,0,,,,,
Devin Singletary,RB,HOU,2,IND,0,0,0,0,0,14,0,4,1,10,0,1,0,0,0,0,0,0,0,0,0,0,,,,,
Donald Parham,TE,LAC,2,TEN,0,0,0,0,0,0,0,0,1,7,0,2,0,0,0,0,0,0,0,0,0,0,,,,,
Donovan Peoples-Jones,WR,CLE,2,PIT,0,0,0,0,0,0,0,0,1,7,0,4,0,0,0,0,0,0,0,0,0,0,,,,,
Dontayvion Wicks,WR,GB,2,ATL,0,0,0,0,0,0,0,0,2,40,1,4,0,0,0,0,0,0,0,0,0,0,,,,,
Drake London,WR,ATL,2,GB,0,0,0,0,0,0,0,0,6,67,1,8,0,0,0,0,0,0,0,0,0,0,,,,,
Durham Smythe,TE,MIA,2,NE,0,0,0,0,0,0,0,0,3,23,0,3,0,0,0,0,0,0,0,0,0,0,,,,,
Dustin Hopkins,K,CLE,2,PIT,0,0,0,0,0,0,0,0,0,0,0,0,0,0,0,0,0,0,1,1,0,0,,,,,
Dyami Brown,WR,WAS,2,DEN,0,0,0,0,0,0,0,0,3,25,0,3,0,0,0,0,0,0,0,0,0,0,,,,,
Eddy Pineiro,K,CAR,2,NO,0,0,0,0,0,0,0,0,0,0,0,0,0,0,0,0,0,1,0,2,0,0,,,,,
Elijah Dotson,RB,LAC,2,TEN,0,0,0,0,0,6,0,4,2,13,0,2,0,0,0,0,0,0,0,0,0,0,,,,,
Elijah Moore,WR,CLE,2,PIT,0,0,0,0,0,5,0,1,3,36,0,9,0,0,0,0,0,0,0,0,0,0,,,,,
Emanuel Wilson,RB,GB,2,ATL,0,0,0,0,0,5,0,3,0,0,0,0,0,0,0,0,0,0,0,0,0,0,,,,,
Emari Demercado,RB,ARI,2,NYG,0,0,0,0,0,-2,0,1,2,7,0,2,0,0,0,0,0,0,0,0,0,0,,,,,
Eric Gray,RB,NYG,2,ARI,0,0,0,0,0,0,0,0,0,0,0,0,0,0,0,0,0,0,0,0,0,0,,,,,
Erik Ezukanma,WR,MIA,2,NE,0,0,0,0,0,5,0,3,0,0,0,1,0,0,0,0,0,0,0,0,0,0,,,,,
Evan Engram,TE,JAX,2,KC,0,0,0,0,0,0,0,0,6,57,0,8,0,0,0,0,0,0,0,0,0,0,,,,,
Evan McPherson,K,CIN,2,BAL,0,0,0,0,0,0,0,0,0,0,0,0,0,0,0,0,1,0,0,0,0,3,,,,,
Ezekiel Elliott,RB,NE,2,MIA,0,0,0,0,0,13,0,5,0,0,0,0,0,0,0,0,0,0,0,0,0,0,,,,,
Foster Moreau,TE,NO,2,CAR,0,0,0,0,0,0,0,0,2,20,0,2,0,0,0,0,0,0,0,0,0,0,,,,,
GB,DEF,GB,2,ATL,,,,,,,,,,,,,,,,,,,,,,,0,0,0,0,25.0
Gabe Davis,WR,BUF,2,LV,0,0,0,0,0,0,0,0,6,92,1,7,0,0,0,0,0,0,0,0,0,0,,,,,
Gardner Minshew,QB,IND,2,HOU,171,1,23,19,0,3,0,2,0,0,0,0,0,0,0,0,0,0,0,0,0,0,,,,,
Garrett Wilson,WR,NYJ,2,DAL,0,0,0,0,0,0,0,0,2,83,1,8,0,0,0,0,0,0,0,0,0,0,,,,,
Gary Brightwell,RB,NYG,2,ARI,0,0,0,0,0,0,0,0,0,0,0,0,0,0,0,0,0,0,0,0,0,0,,,,,
Geno Smith,QB,SEA,2,DET,328,2,41,32,0,20,0,3,0,0,0,0,0,0,0,0,0,0,0,0,0,0,,,,,
George Kittle,TE,SF,2,LA,0,0,0,0,0,0,0,0,3,30,0,3,0,0,0,0,0,0,0,0,0,0,,,,,
George Pickens,WR,PIT,2,CLE,0,0,0,0,0,0,0,0,4,127,1,10,0,0,0,0,0,0,0,0,0,0,,,,,
Gerald Everett,TE,LAC,2,TEN,0,0,0,0,0,0,0,0,3,47,0,3,0,0,0,0,0,0,0,0,0,0,,,,,
Graham Gano,K,NYG,2,ARI,0,0,0,0,0,0,0,0,0,0,0,0,0,0,0,0,0,1,0,0,0,4,,,,,
Greg Dortch,WR,ARI,2,NYG,0,0,0,0,0,0,0,0,0,0,0,0,0,0,0,0,0,0,0,0,0,0,,,,,
Greg Joseph,K,MIN,2,PHI,0,0,0,0,0,0,0,0,0,0,0,0,0,0,0,0,0,0,0,0,0,4,,,,,
Gunner Olszewski,WR,PIT,2,CLE,0,0,0,0,0,0,0,0,1,0,0,1,0,0,0,0,0,0,0,0,0,0,,,,,
Gus Edwards,RB,BAL,2,CIN,0,0,0,0,0,62,1,10,0,0,0,0,0,0,0,0,0,0,0,0,0,0,,,,,
HOU,DEF,HOU,2,IND,,,,,,,,,,,,,,,,,,,,,,,0,0,0,0,31.0
Harrison Bryant,TE,CLE,2,PIT,0,0,0,0,0,0,0,0,0,0,0,2,0,0,0,0,0,0,0,0,0,0,,,,,
Harrison Butker,K,KC,2,JAX,0,0,0,0,0,0,0,0,0,0,0,0,0,0,0,0,0,1,0,0,0,2,,,,,
Hayden Hurst,TE,CAR,2,NO,0,0,0,0,0,0,0,0,3,20,0,3,0,0,0,0,0,0,0,0,0,0,,,,,
Hunter Henry,TE,NE,2,MIA,0,0,0,0,0,0,0,0,6,52,1,7,0,0,0,0,0,0,0,0,0,0,,,,,
Hunter Luepke,RB,DAL,2,NYJ,0,0,0,0,0,0,0,0,0,0,0,0,0,0,0,0,0,0,0,0,0,0,,,,,
Hunter Renfrow,WR,LV,2,BUF,0,0,0,0,0,0,0,0,1,23,0,1,0,0,0,0,0,0,0,0,0,0,,,,,
IND,DEF,IND,2,HOU,,,,,,,,,,,,,,,,,,,,,,,0,0,0,0,20.0
Ihmir Smith-Marsette,WR,CAR,2,NO,0,0,0,0,0,0,0,0,0,0,0,0,0,0,0,0,0,0,0,0,0,0,,,,,
Irv Smith,TE,CIN,2,BAL,0,0,0,0,0,0,0,0,2,10,0,4,0,0,0,0,0,0,0,0,0,0,,,,,
Isaiah Hodgins,WR,NYG,2,ARI,0,0,0,0,0,0,0,0,4,40,1,5,0,0,0,0,0,0,0,0,0,0,,,,,
Isaiah Likely,TE,BAL,2,CIN,0,0,0,0,0,0,0,0,1,8,0,1,0,0,0,0,0,0,0,0,0,0,,,,,
Isaiah McKenzie,WR,IND,2,HOU,0,0,0,0,0,0,0,0,1,7,0,1,0,0,0,0,0,0,0,0,0,0,,,,,
Isaiah Spiller,RB,LAC,2,TEN,0,0,0,0,0,3,0,1,0,0,0,0,0,0,0,0,0,0,0,0,0,0,,,,,
Isiah Pacheco,RB,KC,2,JAX,0,0,0,0,0,70,0,12,1,0,0,2,0,0,0,0,0,0,0,0,0,0,,,,,
JAX,DEF,JAX,2,KC,,,,,,,,,,,,,,,,,,,,,,,0,0,0,0,17.0
Ja'Marr Chase,WR,CIN,2,BAL,0,0,0,0,0,0,0,0,5,31,0,8,0,0,0,0,0,0,0,0,0,0,,,,,
Jahan Dotson,WR,WAS,2,DEN,0,0,0,0,0,0,0,0,3,22,0,5,0,0,0,0,0,0,0,0,0,0,,,,,
Jahmyr Gibbs,RB,DET,2,SEA,0,0,0,0,0,17,0,7,7,39,0,9,0,0,0,0,0,0,0,0,0,0,,,,,
Jake Bobo,WR,SEA,2,DET,0,0,0,0,0,0,0,0,1,3,0,1,0,0,0,0,0,0,0,0,0,0,,,,,
Jake Elliott,K,PHI,2,MIN,0,0,0,0,0,0,0,0,0,0,0,0,0,0,0,0,1,0,0,0,1,4,,,,,
Jake Ferguson,TE,DAL,2,NYJ,0,0,0,0,0,0,0,0,3,11,1,4,0,0,0,0,0,0,0,0,0,0,,,,,
Jake Moody,K,SF,2,LA,0,0,0,0,0,0,0,0,0,0,0,0,0,0,0,0,2,0,0,1,0,3,,,,,
Jaleel McLaughlin,RB,DEN,2,WAS,0,0,0,0,0,5,1,1,0,0,0,0,0,0,0,0,0,0,0,0,0,0,,,,,
Jalen Hurts,QB,PHI,2,MIN,193,1,23,18,1,35,2,12,0,0,0,0,0,0,0,0,0,0,0,0,0,0,,,,,
Jalen Tolbert,WR,DAL,2,NYJ,0,0,0,0,0,0,0,0,3,18,0,4,0,0,0,0,0,0,0,0,0,0,,,,,
Jalin Hyatt,WR,NYG,2,ARI,0,0,0,0,0,0,0,0,2,89,0,2,0,0,0,0,0,0,0,0,0,0,,,,,
Jamaal Williams,RB,NO,2,CAR,0,0,0,0,0,29,0,9,0,0,0,0,0,0,0,0,0,0,0,0,0,0,,,,,
Jamal Agnew,WR,JAX,2,KC,0,0,0,0,0,0,0,0,1,5,0,1,0,0,0,0,0,0,0,0,0,0,,,,,
James Conner,RB,ARI,2,NYG,0,0,0,0,0,106,1,23,0,0,0,1,0,0,0,0,0,0,0,0,0,0,,,,,
James Cook,RB,BUF,2,LV,0,0,0,0,0,123,0,17,4,36,0,4,0,0,0,0,0,0,0,0,0,0,,,,,
Jamison Crowder,WR,WAS,2,DEN,0,0,0,0,0,0,0,0,0,0,0,0,0,0,0,0,0,0,0,0,0,0,,,,,
Jared Goff,QB,DET,2,SEA,323,3,35,28,1,0,0,0,0,0,0,0,0,0,0,0,0,0,0,0,0,0,,,,,
Jason Myers,K,SEA,2,DET,0,0,0,0,0,0,0,0,0,0,0,0,0,0,0,0,1,0,0,0,0,4,,,,,
Jason Sanders,K,MIA,2,NE,0,0,0,0,0,0,0,0,0,0,0,0,0,0,0,0,1,0,0,0,0,3,,,,,
Jauan Jennings,WR,SF,2,LA,0,0,0,0,0,0,0,0,2,51,0,3,0,0,0,0,0,0,0,0,0,0,,,,,
Javonte Williams,RB,DEN,2,WAS,0,0,0,0,0,44,0,12,2,14,0,3,0,0,0,0,0,0,0,0,0,0,,,,,
Jaxon Smith-Njigba,WR,SEA,2,DET,0,0,0,0,0,0,0,0,5,34,0,6,0,0,0,0,0,0,0,0,0,0,,,,,
Jayden Reed,WR,GB,2,ATL,0,0,0,0,0,0,0,0,4,37,2,8,0,0,0,0,0,0,0,0,0,0,,,,,
Jaylen Waddle,WR,MIA,2,NE,0,0,0,0,0,-2,0,1,4,86,0,6,0,0,0,0,0,0,0,0,0,0,,,,,
Jaylen Warren,RB,PIT,2,CLE,0,0,0,0,0,20,0,6,4,66,0,6,0,0,0,0,0,0,0,0,0,0,,,,,
Jerick McKinnon,RB,KC,2,JAX,0,0,0,0,0,-2,0,1,3,24,0,3,0,0,0,0,0,0,0,0,0,0,,,,,
Jerome Ford,RB,CLE,2,PIT,0,0,0,0,0,106,0,16,3,25,1,4,0,0,1,0,0,0,0,0,0,0,,,,,
Jerry Jeudy,WR,DEN,2,WAS,0,0,0,0,0,0,0,0,3,25,0,5,0,0,0,0,0,0,0,0,0,0,,,,,
Jimmy Garoppolo,QB,LV,2,BUF,185,1,24,16,2,1,0,1,0,0,0,0,0,0,0,0,0,0,0,0,0,0,,,,,
Jimmy Graham,TE,NO,2,CAR,0,0,0,0,0,0,0,0,0,0,0,0,0,0,0,0,0,0,0,0,0,0,,,,,
Joe Burrow,QB,CIN,2,BAL,222,2,41,27,1,5,0,1,0,0,0,0,0,0,0,0,0,0,0,0,0,0,,,,,
Joe Mixon,RB,CIN,2,BAL,0,0,0,0,0,59,0,13,4,36,0,5,0,0,0,0,0,0,0,0,0,0,,,,,
Joey Slye,K,WAS,2,DEN,0,0,0,0,0,0,0,0,0,0,0,0,0,0,0,0,0,0,2,0,0,3,,,,,
John Bates,TE,WAS,2,DEN,0,0,0,0,0,0,0,0,3,46,0,5,0,0,0,0,0,0,0,0,0,0,,,,,
John Metchie III,WR,HOU,2,IND,0,0,0,0,0,0,0,0,1,17,0,1,0,0,0,0,0,0,0,0,0,0,,,,,
Jonathan Mingo,WR,CAR,2,NO,0,0,0,0,0,0,0,0,3,26,0,8,0,0,0,0,0,0,0,0,0,0,,,,,
Jonnu Smith,TE,ATL,2,GB,0,0,0,0,0,0,0,0,4,47,0,6,0,0,0,0,0,0,0,0,0,0,,,,,
Jordan Addison,WR,MIN,2,PHI,0,0,0,0,0,0,0,0,3,72,1,5,0,0,0,0,0,0,0,0,0,0,,,,,
Jordan Akins,TE,CLE,2,PIT,0,0,0,0,0,0,0,0,1,2,0,1,0,0,0,0,0,0,0,0,0,0,,,,,
Jordan Love,QB,GB,2,ATL,151,3,25,14,0,23,0,2,0,0,0,0,0,0,0,0,0,0,0,0,0,0,,,,,
Jordan Mason,RB,SF,2,LA,0,0,0,0,0,0,0,0,0,0,0,0,0,0,0,0,0,0,0,0,0,0,,,,,
Josh Allen,QB,BUF,2,LV,274,3,37,31,0,7,0,3,0,0,0,0,0,0,0,0,0,0,0,0,0,0,,,,,
Josh Downs,WR,IND,2,HOU,0,0,0,0,0,0,0,0,4,37,0,5,0,0,0,0,0,0,0,0,0,0,,,,,
Josh Jacobs,RB,LV,2,BUF,0,0,0,0,0,-2,0,9,5,51,0,6,0,0,0,0,0,0,0,0,0,0,,,,,
Josh Oliver,TE,MIN,2,PHI,0,0,0,0,0,0,0,0,2,13,0,3,0,0,0,0,0,0,0,0,0,0,,,,,
Josh Palmer,WR,LAC,2,TEN,0,0,0,0,0,0,0,0,3,13,0,5,0,0,0,0,0,0,0,0,0,0,,,,,
Josh Reynolds,WR,DET,2,SEA,0,0,0,0,0,0,0,0,5,66,2,6,0,0,0,0,0,0,0,0,0,0,,,,,
Josh Whyle,TE,TEN,2,LAC,0,0,0,0,0,0,0,0,0,0,0,0,0,0,0,0,0,0,0,0,0,0,,,,,
Joshua Dobbs,QB,ARI,2,NYG,228,1,31,21,0,41,1,3,0,0,0,0,0,0,1,0,0,0,0,0,0,0,,,,,
Joshua Kelley,RB,LAC,2,TEN,0,0,0,0,0,39,0,13,0,0,0,1,0,0,0,0,0,0,0,0,0,0,,,,,
Josiah Deguara,TE,GB,2,ATL,0,0,0,0,0,0,0,0,2,5,0,2,0,0,0,0,0,0,0,0,0,0,,,,,
JuJu Smith-Schuster,WR,NE,2,MIA,0,0,0,0,0,0,0,0,5,28,0,6,0,0,0,0,0,0,0,0,0,0,,,,,
Julius Chestnut,RB,TEN,2,LAC,0,0,0,0,0,0,0,0,0,0,0,0,0,0,0,0,0,0,0,0,0,0,,,,,
Justice Hill,RB,BAL,2,CIN,0,0,0,0,0,41,0,11,3,12,0,3,0,0,0,0,0,0,0,0,0,0,,,,,
Justin Fields,QB,CHI,2,TB,211,1,29,16,2,3,1,4,0,0,0,0,0,0,0,0,0,0,0,0,0,0,,,,,
Justin Herbert,QB,LAC,2,TEN,305,2,41,27,0,0,0,1,0,0,0,0,0,0,1,0,0,0,0,0,0,0,,,,,
Justin Jefferson,WR,MIN,2,PHI,0,0,0,0,0,0,0,0,11,159,0,13,0,0,0,0,0,0,0,0,0,0,,,,,
Justin Tucker,K,BAL,2,CIN,0,0,0,0,0,0,0,0,0,0,0,0,0,0,0,0,0,0,2,0,0,3,,,,,
Justin Watson,WR,KC,2,JAX,0,0,0,0,0,0,0,0,3,62,0,5,0,0,0,0,0,0,0,0,0,0,,,,,
Juwan Johnson,TE,NO,2,CAR,0,0,0,0,0,0,0,0,2,13,0,3,0,0,0,0,0,0,0,0,0,0,,,,,
K.J. Osborn,WR,MIN,2,PHI,0,0,0,0,0,0,0,0,3,34,1,6,0,0,0,0,0,0,0,0,0,0,,,,,
KC,DEF,KC,2,JAX,,,,,,,,,,,,,,,,,,,,,,,0,0,0,0,9.0
Ka'imi Fairbairn,K,HOU,2,IND,0,0,0,0,0,0,0,0,0,0,0,0,0,0,0,0,1,1,0,0,0,2,,,,,
KaVontae Turpin,WR,DAL,2,NYJ,0,0,0,0,0,6,0,2,1,9,0,1,0,0,0,0,0,0,0,0,0,0,,,,,
Kadarius Toney,WR,KC,2,JAX,0,0,0,0,0,3,0,1,5,35,0,5,0,0,0,0,0,0,0,0,0,0,,,,,
Kalif Raymond,WR,DET,2,SEA,0,0,0,0,0,11,0,1,2,46,1,3,0,0,0,0,0,0,0,0,0,0,,,,,
Keaontay Ingram,RB,ARI,2,NYG,0,0,0,0,0,6,0,2,0,0,0,0,0,0,0,0,0,0,0,0,0,0,,,,,
Kearis Jackson,WR,TEN,2,LAC,0,0,0,0,0,0,0,0,0,0,0,0,0,0,0,0,0,0,0,0,0,0,,,,,
Keenan Allen,WR,LAC,2,TEN,0,0,0,0,0,0,0,0,8,111,2,10,0,0,0,0,0,0,0,0,0,0,,,,,
Keith Kirkwood,WR,NO,2,CAR,0,0,0,0,0,0,0,0,0,0,0,1,0,0,0,0,0,0,0,0,0,0,,,,,
Kendrick Bourne,WR,NE,2,MIA,0,0,0,0,0,0,0,0,4,29,0,9,0,0,0,0,0,0,0,0,0,0,,,,,
Kenneth Walker III,RB,SEA,2,DET,0,0,0,0,0,43,2,17,1,11,0,2,0,0,0,0,0,0,0,0,0,0,,,,,
Kenny Pickett,QB,PIT,2,CLE,222,1,30,15,1,-6,0,4,0,0,0,0,0,0,0,0,0,0,0,0,0,0,,,,,
Khalil Herbert,RB,CHI,2,TB,0,0,0,0,0,35,0,7,1,23,0,3,0,0,0,0,0,0,0,0,0,0,,,,,
Khalil Shakir,WR,BUF,2,LV,0,0,0,0,0,0,0,0,1,11,1,1,0,0,0,0,0,0,0,0,0,0,,,,,
Kirk Cousins,QB,MIN,2,PHI,364,4,44,31,0,0,0,0,0,0,0,0,0,0,0,0,0,0,0,0,0,0,,,,,
Kyle Allen,QB,BUF,2,LV,0,0,0,0,0,-2,0,2,0,0,0,0,0,0,0,0,0,0,0,0,0,0,,,,,
Kyle Pitts,TE,ATL,2,GB,0,0,0,0,0,0,0,0,2,15,0,5,0,0,0,0,0,0,0,0,0,0,,,,,
Kylen Granson,TE,IND,2,HOU,0,0,0,0,0,0,0,0,3,16,1,4,0,0,0,0,0,0,0,0,0,0,,,,,
Kyren Williams,RB,LA,2,SF,0,0,0,0,0,52,1,14,6,48,1,10,0,0,0,0,0,0,0,0,0,0,,,,,
LA,DEF,LA,2,SF,,,,,,,,,,,,,,,,,,,,,,,0,0,0,0,30.0
LAC,DEF,LAC,2,TEN,,,,,,,,,,,,,,,,,,,,,,,0,0,0,0,27.0
LV,DEF,LV,2,BUF,,,,,,,,,,,,,,,,,,,,,,,0,0,0,0,38.0
Lamar Jackson,QB,BAL,2,CIN,237,2,33,24,0,54,0,12,0,0,0,0,0,0,0,0,0,0,0,0,0,0,,,,,
Latavius Murray,RB,BUF,2,LV,0,0,0,0,0,22,1,6,2,9,0,2,0,0,0,0,0,0,0,0,0,0,,,,,
Laviska Shenault Jr.,WR,CAR,2,NO,0,0,0,0,0,7,0,1,0,0,0,0,0,0,0,0,0,0,0,0,0,0,,,,,
Lil'Jordan Humphrey,WR,DEN,2,WAS,0,0,0,0,0,0,0,0,1,4,0,2,0,0,0,0,0,0,0,0,0,0,,,,,
Logan Thomas,TE,WAS,2,DEN,0,0,0,0,0,0,0,0,2,22,1,3,0,0,0,0,0,0,0,0,0,0,,,,,
Luke Musgrave,TE,GB,2,ATL,0,0,0,0,0,0,0,0,2,25,0,3,0,0,0,0,0,0,0,0,0,0,,,,,
Luke Schoonmaker,TE,DAL,2,NYJ,0,0,0,0,0,0,0,0,1,1,1,1,0,0,0,0,0,0,0,0,0,0,,,,,
MIA,DEF,MIA,2,NE,,,,,,,,,,,,,,,,,,,,,,,0,0,0,0,17.0
MIN,DEF,MIN,2,PHI,,,,,,,,,,,,,,,,,,,,,,,0,0,0,0,34.0
Mac Jones,QB,NE,2,MIA,231,1,42,31,1,25,0,5,0,0,0,0,0,0,0,0,0,0,0,0,0,0,,,,,
Mack Hollins,WR,ATL,2,GB,0,0,0,0,0,0,0,0,3,60,0,6,0,0,0,0,0,0,0,0,0,0,,,,,
Malik Heath,WR,GB,2,ATL,0,0,0,0,0,0,0,0,0,0,0,1,0,0,0,0,0,0,0,0,0,0,,,,,
Mark Andrews,TE,BAL,2,CIN,0,0,0,0,0,0,0,0,5,45,1,8,0,0,0,0,0,0,0,0,0,0,,,,,
Marquez Valdes-Scantling,WR,KC,2,JAX,0,0,0,0,0,0,0,0,2,13,0,3,0,0,0,0,0,0,0,0,0,0,,,,,
Marquise Brown,WR,ARI,2,NYG,0,0,0,0,0,0,0,0,6,54,1,10,0,0,0,0,0,0,0,0,0,0,,,,,
Marquise Goodwin,WR,CLE,2,PIT,0,0,0,0,0,0,0,0,0,0,0,2,0,0,0,0,0,0,0,0,0,0,,,,,
Marvin Mims Jr.,WR,DEN,2,WAS,0,0,0,0,0,10,0,2,2,113,1,2,0,0,0,0,0,0,0,0,0,0,,,,,
Matt Breida,RB,NYG,2,ARI,0,0,0,0,0,5,0,1,0,0,0,0,0,0,0,0,0,0,0,0,0,0,,,,,
Matt Gay,K,IND,2,HOU,0,0,0,0,0,0,0,0,0,0,0,0,0,0,0,0,0,0,1,0,0,4,,,,,
Matt Prater,K,ARI,2,NYG,0,0,0,0,0,0,0,0,0,0,0,0,0,0,0,0,0,1,1,0,0,2,,,,,
Matthew Stafford,QB,LA,2,SF,307,1,55,34,2,17,0,4,0,0,0,0,0,0,0,0,0,0,0,0,0,0,,,,,
Mecole Hardman,WR,NYJ,2,DAL,0,0,0,0,0,0,0,0,1,6,0,1,0,0,0,0,0,0,0,0,0,0,,,,,
Michael Carter,RB,NYJ,2,DAL,0,0,0,0,0,8,0,2,1,3,0,2,0,0,0,0,0,0,0,0,0,0,,,,,
Michael Gallup,WR,DAL,2,NYJ,0,0,0,0,0,0,0,0,1,3,0,2,0,0,0,0,0,0,0,0,0,0,,,,,
Michael Mayer,TE,LV,2,BUF,0,0,0,0,0,0,0,0,1,2,0,1,0,0,0,0,0,0,0,0,0,0,,,,,
Michael Pittman,WR,IND,2,HOU,0,0,0,0,0,0,0,0,8,56,0,12,0,0,0,0,0,0,0,0,0,0,,,,,
Michael Thomas,WR,NO,2,CAR,0,0,0,0,0,0,0,0,7,55,0,9,0,0,0,0,0,0,0,0,0,0,,,,,
Michael Wilson,WR,ARI,2,NYG,0,0,0,0,0,0,0,0,3,56,0,3,0,0,0,0,0,0,0,0,0,0,,,,,
Mike Evans,WR,TB,2,CHI,0,0,0,0,0,0,0,0,6,171,1,8,0,0,0,0,0,0,0,0,0,0,,,,,
Mike Gesicki,TE,NE,2,MIA,0,0,0,0,0,0,0,0,5,33,0,6,0,0,0,0,0,0,0,0,0,0,,,,,
Mike Williams,WR,LAC,2,TEN,0,0,0,0,0,3,0,1,8,83,0,13,0,0,0,0,0,0,0,0,0,0,,,,,
Miles Boykin,WR,PIT,2,CLE,0,0,0,0,0,0,0,0,1,5,0,1,0,0,0,0,0,0,0,0,0,0,,,,,
Miles Sanders,RB,CAR,2,NO,0,0,0,0,0,43,0,14,3,4,0,5,0,0,0,0,0,0,0,0,0,0,,,,,
Mo Alie-Cox,TE,IND,2,HOU,0,0,0,0,0,0,0,0,1,15,0,1,0,0,0,0,0,0,0,0,0,0,,,,,
NE,DEF,NE,2,MIA,,,,,,,,,,,,,,,,,,,,,,,0,0,0,0,24.0
NO,DEF,NO,2,CAR,,,,,,,,,,,,,,,,,,,,,,,0,0,0,0,17.0
NYG,DEF,NYG,2,ARI,,,,,,,,,,,,,,,,,,,,,,,0,0,0,0,28.0
NYJ,DEF,NYJ,2,DAL,,,,,,,,,,,,,,,,,,,,,,,0,0,0,0,30.0
Najee Harris,RB,PIT,2,CLE,0,0,0,0,0,43,0,10,1,0,0,3,0,0,0,0,0,0,0,0,0,0,,,,,
Nelson Agholor,WR,BAL,2,CIN,0,0,0,0,0,0,0,0,5,63,1,6,0,0,0,0,0,0,0,0,0,0,,,,,
Nick Chubb,RB,CLE,2,PIT,0,0,0,0,0,64,0,10,0,0,0,0,0,0,0,0,0,0,0,0,0,0,,,,,
Nick Folk,K,TEN,2,LAC,0,0,0,0,0,0,0,0,0,0,0,0,0,0,0,0,0,1,1,0,0,3,,,,,
Nick Westbrook-Ikhine,WR,TEN,2,LAC,0,0,0,0,0,0,0,0,3,25,1,3,0,0,0,0,0,0,0,0,0,0,,,,,
Nico Collins,WR,HOU,2,IND,0,0,0,0,0,0,0,0,7,146,1,9,0,0,0,0,0,0,0,0,0,0,,,,,
Noah Fant,TE,SEA,2,DET,0,0,0,0,0,0,0,0,4,56,0,4,0,0,0,0,0,0,0,0,0,0,,,,,
Noah Gray,TE,KC,2,JAX,0,0,0,0,0,0,0,0,3,38,0,3,0,0,0,0,0,0,0,0,0,0,,,,,
Odell Beckham Jr.,WR,BAL,2,CIN,0,0,0,0,0,0,0,0,3,29,0,4,0,0,0,0,0,0,0,0,0,0,,,,,
PHI,DEF,PHI,2,MIN,,,,,,,,,,,,,,,,,,,,,,,0,0,0,0,28.0
PIT,DEF,PIT,2,CLE,,,,,,,,,,,,,,,,,,,,,,,1,0,0,0,22.0
Parris Campbell,WR,NYG,2,ARI,0,0,0,0,0,0,0,0,4,21,0,6,0,0,0,0,0,0,0,0,0,0,,,,,
Pat Freiermuth,TE,PIT,2,CLE,0,0,0,0,0,0,0,0,1,2,0,1,0,0,0,0,0,0,0,0,0,0,,,,,
Patrick Mahomes,QB,KC,2,JAX,305,2,41,29,1,30,0,7,0,0,0,0,0,0,0,0,0,0,0,0,0,0,,,,,
Patrick Taylor,RB,GB,2,ATL,0,0,0,0,0,1,0,1,0,0,0,1,0,0,0,0,0,0,0,0,0,0,,,,,
Peyton Hendershot,TE,DAL,2,NYJ,0,0,0,0,0,0,0,1,0,0,0,0,0,0,0,0,0,0,0,0,0,0,,,,,
Pierre Strong,RB,CLE,2,PIT,0,0,0,0,0,1,1,2,0,0,0,1,0,0,0,0,0,0,0,0,0,0,,,,,
Puka Nacua,WR,LA,2,SF,0,0,0,0,0,4,0,2,15,147,0,20,0,0,0,0,0,0,0,0,0,0,,,,,
Quentin Johnston,WR,LAC,2,TEN,0,0,0,0,0,0,0,0,1,7,0,2,0,0,0,0,0,0,0,0,0,0,,,,,
Rachaad White,RB,TB,2,CHI,0,0,0,0,0,73,1,17,5,30,0,5,0,0,0,0,0,0,0,0,0,0,,,,,
Raheem Mostert,RB,MIA,2,NE,0,0,0,0,0,121,2,18,1,6,0,1,0,0,0,0,0,0,0,0,0,0,,,,,
Rakim Jarrett,WR,TB,2,CHI,0,0,0,0,0,0,0,0,1,7,0,1,0,0,0,0,0,0,0,0,0,0,,,,,
Randall Cobb,WR,NYJ,2,DAL,0,0,0,0,0,0,0,0,0,0,0,1,0,0,0,0,0,0,0,0,0,0,,,,,
Rashaad Penny,RB,PHI,2,MIN,0,0,0,0,0,9,0,3,1,5,0,1,0,0,0,0,0,0,0,0,0,0,,,,,
Rashee Rice,WR,KC,2,JAX,0,0,0,0,0,0,0,0,2,20,0,2,0,0,0,0,0,0,0,0,0,0,,,,,
Rashid Shaheed,WR,NO,2,CAR,0,0,0,0,0,0,0,0,4,63,0,4,0,0,0,0,0,0,0,0,0,0,,,,,
Rashod Bateman,WR,BAL,2,CIN,0,0,0,0,0,0,0,0,3,18,0,3,0,0,0,0,0,0,0,0,0,0,,,,,
Ray-Ray McCloud,WR,SF,2,LA,0,0,0,0,0,0,0,0,0,0,0,0,0,0,0,0,0,0,0,0,0,0,,,,,
Reggie Gilliam,RB,BUF,2,LV,0,0,0,0,0,0,0,0,1,3,0,1,0,0,0,0,0,0,0,0,0,0,,,,,
Rhamondre Stevenson,RB,NE,2,MIA,0,0,0,0,0,50,1,15,3,10,0,3,0,0,0,0,0,0,0,0,0,0,,,,,
Richie James,WR,KC,2,JAX,0,0,0,0,0,0,0,0,0,0,0,1,0,0,0,0,0,0,0,0,0,0,,,,,
Rico Dowdle,RB,DAL,2,NYJ,0,0,0,0,0,26,0,7,1,17,0,1,0,0,0,0,0,0,0,0,0,0,,,,,
Riley Patterson,K,DET,2,SEA,0,0,0,0,0,0,0,0,0,0,0,0,0,0,0,0,0,1,0,0,0,4,,,,,
River Cracraft,WR,MIA,2,NE,0,0,0,0,0,0,0,0,2,34,0,2,0,0,0,0,0,0,0,0,0,0,,,,,
Robert Tonyan,TE,CHI,2,TB,0,0,0,0,0,0,0,0,0,0,0,2,0,0,0,0,0,0,0,0,0,0,,,,,
Robert Woods,WR,HOU,2,IND,0,0,0,0,0,0,0,0,6,74,0,9,0,0,0,0,0,0,0,0,0,0,,,,,
Romeo Doubs,WR,GB,2,ATL,0,0,0,0,0,0,0,0,2,30,0,3,0,0,0,0,0,0,0,0,0,0,,,,,
Rondale Moore,WR,ARI,2,NYG,0,0,0,0,0,0,0,0,1,14,0,1,0,0,0,0,0,0,0,0,0,0,,,,,
Ronnie Bell,WR,SF,2,LA,0,0,0,0,0,0,0,0,0,0,0,0,0,0,0,0,0,0,0,0,0,0,,,,,
Ronnie Rivers,RB,LA,2,SF,0,0,0,0,0,0,0,0,1,4,0,1,0,0,0,0,0,0,0,0,0,0,,,,,
Roschon Johnson,RB,CHI,2,TB,0,0,0,0,0,32,0,4,2,10,0,2,0,0,0,0,0,0,0,0,0,0,,,,,
Russell Wilson,QB,DEN,2,WAS,308,3,32,18,1,56,0,6,0,0,0,0,0,0,0,0,0,0,0,0,0,0,,,,,
Ryan Tannehill,QB,TEN,2,LAC,246,1,24,20,0,12,1,1,0,0,0,0,0,0,0,0,0,0,0,0,0,0,,,,,
SEA,DEF,SEA,2,DET,,,,,,,,,,,,,,,,,,,,,,,1,0,0,0,31.0
SF,DEF,SF,2,LA,,,,,,,,,,,,,,,,,,,,,,,0,0,0,0,23.0
Salvon Ahmed,RB,MIA,2,NE,0,0,0,0,0,13,0,3,3,28,0,3,0,0,0,0,0,0,0,0,0,0,,,,,
Sam Howell,QB,WAS,2,DEN,299,2,39,27,0,13,0,2,0,0,0,0,0,0,0,0,0,0,0,0,0,0,,,,,
Sam LaPorta,TE,DET,2,SEA,0,0,0,0,0,0,0,0,5,63,0,6,0,0,0,0,0,0,0,0,0,0,,,,,
Samaje Perine,RB,DEN,2,WAS,0,0,0,0,0,4,0,1,3,20,0,4,0,0,0,0,0,0,0,0,0,0,,,,,
Samori Toure,WR,GB,2,ATL,0,0,0,0,0,0,0,0,1,6,0,2,0,0,0,0,0,0,0,0,0,0,,,,,
Saquon Barkley,RB,NYG,2,ARI,0,0,0,0,0,63,1,17,6,29,1,7,0,0,0,0,0,0,0,0,0,0,,,,,
Sean Tucker,RB,TB,2,CHI,0,0,0,0,0,7,0,8,0,0,0,0,0,0,0,0,0,0,0,0,0,0,,,,,
Skyy Moore,WR,KC,2,JAX,0,0,0,0,0,0,0,0,3,70,1,4,0,0,0,0,0,0,0,0,0,0,,,,,
Stefon Diggs,WR,BUF,2,LV,0,0,0,0,0,0,0,0,7,66,0,7,0,0,0,0,0,0,0,0,0,0,,,,,
Sterling Shepard,WR,NYG,2,ARI,0,0,0,0,0,0,0,0,1,4,0,1,0,0,0,0,0,0,0,0,0,0,,,,,
Stone Smartt,TE,LAC,2,TEN,0,0,0,0,0,0,0,0,1,24,0,1,0,0,0,0,0,0,0,0,0,0,,,,,
T.J. Hockenson,TE,MIN,2,PHI,0,0,0,0,0,0,0,0,7,66,2,8,0,0,0,0,0,0,0,0,0,0,,,,,
TB,DEF,TB,2,CHI,,,,,,,,,,,,,,,,,,,,,,,1,0,0,0,17.0
TEN,DEF,TEN,2,LAC,,,,,,,,,,,,,,,,,,,,,,,0,0,0,0,24.0
Tank Dell,WR,HOU,2,IND,0,0,0,0,0,0,0,0,7,72,1,10,0,0,0,0,0,0,0,0,0,0,,,,,
Taysom Hill,TE,NO,2,CAR,8,0,1,1,0,75,0,9,1,-1,0,2,0,0,0,0,0,0,0,0,0,0,,,,,
Tee Higgins,WR,CIN,2,BAL,0,0,0,0,0,0,0,0,8,89,2,12,0,0,0,0,0,0,0,0,0,0,,,,,
Terry McLaurin,WR,WAS,2,DEN,0,0,0,0,0,0,0,0,5,54,1,6,0,0,0,0,0,0,0,0,0,0,,,,,
Tim Jones,WR,JAX,2,KC,0,0,0,0,0,0,0,0,0,0,0,0,0,0,0,0,0,0,0,0,0,0,,,,,
Tommy Tremble,TE,CAR,2,NO,0,0,0,0,0,0,0,0,0,0,0,0,0,0,0,0,0,0,0,0,0,0,,,,,
Tony Jones,RB,NO,2,CAR,0,0,0,0,0,34,2,12,0,0,0,2,0,0,0,0,0,0,0,0,0,0,,,,,
Tony Pollard,RB,DAL,2,NYJ,0,0,0,0,0,72,0,25,7,37,0,8,0,0,1,0,0,0,0,0,0,0,,,,,
Travis Etienne,RB,JAX,2,KC,0,0,0,0,0,40,0,12,2,2,0,3,0,0,0,0,0,0,0,0,0,0,,,,,
Travis Kelce,TE,KC,2,JAX,0,0,0,0,0,0,0,0,4,26,1,9,0,0,0,0,0,0,0,0,0,0,,,,,
Trayveon Williams,RB,CIN,2,BAL,0,0,0,0,0,0,0,0,2,4,0,2,0,0,0,0,0,0,0,0,0,0,,,,,
Tre Tucker,WR,LV,2,BUF,0,0,0,0,0,34,0,1,0,0,0,1,0,0,0,0,0,0,0,0,0,0,,,,,
Trent Taylor,WR,CHI,2,TB,0,0,0,0,0,0,0,0,0,0,0,0,0,0,0,0,0,0,0,0,0,0,,,,,
Trevon Wesco,TE,TEN,2,LAC,0,0,0,0,0,0,0,0,0,0,0,1,0,0,0,0,0,0,0,0,0,0,,,,,
Trevor Lawrence,QB,JAX,2,KC,216,0,41,22,0,26,0,5,0,0,0,0,0,0,0,0,0,0,0,0,0,0,,,,,
Trey McBride,TE,ARI,2,NYG,0,0,0,0,0,0,0,0,2,32,0,3,0,0,0,0,0,0,0,0,0,0,,,,,
Trey Palmer,WR,TB,2,CHI,0,0,0,0,0,0,0,0,1,20,0,2,0,0,0,0,0,0,0,0,0,0,,,,,
Treylon Burks,WR,TEN,2,LAC,0,0,0,0,0,0,0,0,3,76,0,4,0,0,0,0,0,0,0,0,0,0,,,,,
Tua Tagovailoa,QB,MIA,2,NE,249,1,30,21,1,3,0,4,0,0,0,0,0,0,0,0,0,0,0,0,0,0,,,,,
Tutu Atwell,WR,LA,2,SF,0,0,0,0,0,5,0,1,7,77,0,9,0,0,0,0,0,0,0,0,0,0,,,,,
Ty Chandler,RB,MIN,2,PHI,0,0,0,0,0,0,0,1,2,9,0,2,0,0,0,0,0,0,0,0,0,0,,,,,
Ty Montgomery,WR,NE,2,MIA,0,0,0,0,0,0,0,0,0,0,0,1,0,0,0,0,0,0,0,0,0,0,,,,,
Tyjae Spears,RB,TEN,2,LAC,0,0,0,0,0,49,0,8,2,6,0,2,0,0,0,0,0,0,0,0,0,0,,,,,
Tyler Allgeier,RB,ATL,2,GB,0,0,0,0,0,48,0,16,0,0,0,0,0,0,0,0,0,0,0,0,0,0,,,,,
Tyler Bass,K,BUF,2,LV,0,0,0,0,0,0,0,0,0,0,0,0,0,0,0,0,1,0,0,0,0,5,,,,,
Tyler Boyd,WR,CIN,2,BAL,0,0,0,0,0,0,0,0,6,52,0,8,0,0,0,0,0,0,0,0,0,0,,,,,
Tyler Conklin,TE,NYJ,2,DAL,0,0,0,0,0,0,0,0,5,50,0,6,0,0,0,0,0,0,0,0,0,0,,,,,
Tyler Higbee,TE,LA,2,SF,0,0,0,0,0,0,0,0,3,12,0,7,0,0,0,0,0,0,0,0,0,0,,,,,
Tyler Lockett,WR,SEA,2,DET,0,0,0,0,0,0,0,0,8,59,2,10,0,0,0,0,0,0,0,0,0,0,,,,,
Tyreek Hill,WR,MIA,2,NE,0,0,0,0,0,0,0,0,5,40,1,9,0,0,0,0,0,0,0,0,0,0,,,,,
Van Jefferson,WR,LA,2,SF,0,0,0,0,0,0,0,0,1,9,0,4,0,0,0,0,0,0,0,0,0,0,,,,,
Velus Jones Jr.,WR,CHI,2,TB,0,0,0,0,0,-3,0,1,0,0,0,0,0,0,0,0,0,0,0,0,0,0,,,,,
WAS,DEF,WAS,2,DEN,,,,,,,,,,,,,,,,,,,,,,,0,0,0,0,33.0
Wil Lutz,K,DEN,2,WAS,0,0,0,0,0,0,0,0,0,0,0,0,0,0,0,0,0,2,0,0,0,3,,,,,
Will Dissly,TE,SEA,2,DET,0,0,0,0,0,0,0,0,3,35,0,3,0,0,0,0,0,0,0,0,0,0,,,,,
Will Mallory,TE,IND,2,HOU,0,0,0,0,0,0,0,0,2,49,0,2,0,0,0,0,0,0,0,0,0,0,,,,,
Xavier Gipson,WR,NYJ,2,DAL,0,0,0,0,0,0,0,0,0,0,0,0,0,0,0,0,0,0,0,0,0,0,,,,,
Xavier Hutchinson,WR,HOU,2,IND,0,0,0,0,0,0,0,0,0,0,0,1,0,0,0,0,0,0,0,0,0,0,,,,,
Younghoe Koo,K,ATL,2,GB,0,0,0,0,0,0,0,0,0,0,0,0,0,0,0,0,2,2,0,0,0,1,,,,,
Zach Charbonnet,RB,SEA,2,DET,0,0,0,0,0,16,0,4,2,14,0,2,0,0,0,0,0,0,0,0,0,0,,,,,
Zach Ertz,TE,ARI,2,NYG,0,0,0,0,0,0,0,0,6,56,0,8,0,0,0,0,0,0,0,0,0,0,,,,,
Zach Pascal,WR,ARI,2,NYG,0,0,0,0,0,0,0,0,1,9,0,1,0,0,0,0,0,0,0,0,0,0,,,,,
Zach Wilson,QB,NYJ,2,DAL,170,1,27,12,3,36,0,5,0,0,0,0,0,0,0,0,0,0,0,0,0,0,,,,,
Zack Moss,RB,IND,2,HOU,0,0,0,0,0,88,1,18,4,19,0,4,0,0,0,0,0,0,0,0,0,0,,,,,
Zamir White,RB,LV,2,BUF,0,0,0,0,0,22,0,4,0,0,0,0,0,0,0,0,0,0,0,0,0,0,,,,,
Zay Flowers,WR,BAL,2,CIN,0,0,0,0,0,6,0,1,4,62,0,5,0,0,0,0,0,0,0,0,0,0,,,,,
Zay Jones,WR,JAX,2,KC,0,0,0,0,0,0,0,0,0,0,0,6,0,0,0,0,0,0,0,0,0,0,,,,,
A.J. Brown,WR,PHI,3,TB,0,0,0,0,0,0,0,0,9,131,0,14,0,0,0,0,0,0,0,0,0,0,,,,,
AJ Dillon,RB,GB,3,NO,0,0,0,0,0,33,0,11,0,0,0,0,0,0,0,0,0,0,0,0,0,0,,,,,
ARI,DEF,ARI,3,DAL,,,,,,,,,,,,,,,,,,,,,,,0,0,0,0,16.0
ATL,DEF,ATL,3,DET,,,,,,,,,,,,,,,,,,,,,,,0,0,0,0,20.0
Adam Thielen,WR,CAR,3,SEA,0,0,0,0,0,0,0,0,11,145,1,14,0,0,0,0,0,0,0,0,0,0,,,,,
Adam Trautman,TE,DEN,3,MIA,0,0,0,0,0,0,0,0,0,0,0,2,0,0,0,0,0,0,0,0,0,0,,,,,
Alec Pierce,WR,IND,3,BAL,0,0,0,0,0,0,0,0,3,43,0,7,0,0,0,0,0,0,0,0,0,0,,,,,
Alexander Mattison,RB,MIN,3,LAC,0,0,0,0,0,93,0,20,5,32,0,7,0,0,0,0,0,0,0,0,0,0,,,,,
Allen Lazard,WR,NYJ,3,NE,0,0,0,0,0,0,0,0,3,39,0,5,0,0,0,0,0,0,0,0,0,0,,,,,
Allen Robinson,WR,PIT,3,LV,0,0,0,0,0,0,0,0,4,24,0,4,0,0,0,0,0,0,0,0,0,0,,,,,
Amari Cooper,WR,CLE,3,TEN,0,0,0,0,0,0,0,0,7,116,1,8,0,0,0,0,0,0,0,0,0,0,,,,,
Ameer Abdullah,RB,LV,3,PIT,0,0,0,0,0,0,0,0,2,16,0,3,0,0,0,0,0,0,0,0,0,0,,,,,
Amon-Ra St. Brown,WR,DET,3,ATL,0,0,0,0,0,4,0,1,9,102,0,12,0,0,0,0,0,0,0,0,0,0,,,,,
Anders Carlson,K,GB,3,NO,0,0,0,0,0,0,0,0,0,0,0,0,0,0,0,0,0,1,0,0,0,1,,,,,
Andrew Ogletree,TE,IND,3,BAL,0,0,0,0,0,0,0,0,1,11,0,2,0,0,0,0,0,0,0,0,0,0,,,,,
Andy Dalton,QB,CAR,3,SEA,361,2,58,34,0,11,0,2,0,0,0,0,0,0,0,0,0,0,0,0,0,0,,,,,
Antonio Gibson,RB,WAS,3,BUF,0,0,0,0,0,17,0,2,3,7,0,5,0,0,0,0,0,0,0,0,0,0,,,,,
BAL,DEF,BAL,3,IND,,,,,,,,,,,,,,,,,,,,,,,0,1,0,0,22.0
BUF,DEF,BUF,3,WAS,,,,,,,,,,,,,,,,,,,,,,,1,0,0,0,3.0
Baker Mayfield,QB,TB,3,PHI,146,1,25,15,1,2,0,1,0,0,0,0,0,0,1,0,0,0,0,0,0,0,,,,,
Bam Knight,RB,DET,3,ATL,0,0,0,0,0,13,0,3,0,0,0,0,0,0,0,0,0,0,0,0,0,0,,,,,
Ben Skowronek,WR,LA,3,CIN,0,0,0,0,0,0,0,0,1,3,0,1,0,0,0,0,0,0,0,0,0,0,,,,,
Bijan Robinson,RB,ATL,3,DET,0,0,0,0,0,33,0,10,4,27,0,6,0,0,0,0,0,0,0,0,0,0,,,,,
Blaine Gabbert,QB,KC,3,CHI,31,0,5,3,2,-1,0,2,0,0,0,0,0,0,0,0,0,0,0,0,0,0,,,,,
Blake Grupe,K,NO,3,GB,0,0,0,0,0,0,0,0,0,0,0,0,0,0,0,0,1,0,0,0,0,2,,,,,
Brady Russell,RB,SEA,3,CAR,0,0,0,0,0,0,0,0,0,0,0,0,0,0,0,0,0,0,0,0,0,0,,,,,
Brandin Cooks,WR,DAL,3,ARI,0,0,0,0,0,0,0,0,2,17,0,7,0,0,0,0,0,0,0,0,0,0,,,,,
Brandon Aubrey,K,DAL,3,ARI,0,0,0,0,0,0,0,0,0,0,0,0,0,0,0,0,2,0,1,0,0,1,,,,,
Brandon Johnson,WR,DEN,3,MIA,0,0,0,0,0,0,0,0,2,12,0,3,0,0,0,0,0,0,0,0,0,0,,,,,
Brandon McManus,K,JAX,3,HOU,0,0,0,0,0,0,0,0,0,0,0,0,0,0,0,0,0,1,0,0,0,2,,,,,
Brandon Powell,WR,MIN,3,LAC,0,0,0,0,0,0,0,0,1,5,0,1,0,0,0,0,0,0,0,0,0,0,,,,,
Braxton Berrios,WR,MIA,3,DEN,0,0,0,0,0,0,0,0,2,33,0,2,0,0,0,0,0,0,0,0,0,0,,,,,
Breece Hall,RB,NYJ,3,NE,0,0,0,0,0,18,0,12,1,9,0,2,0,0,0,0,0,0,0,0,0,0,,,,,
Brenton Strange,TE,JAX,3,HOU,0,0,0,0,0,0,0,0,2,7,0,2,0,0,0,0,0,0,0,0,0,0,,,,,
Brett Maher,K,LA,3,CIN,0,0,0,0,0,0,0,0,0,0,0,0,0,0,0,0,1,1,1,0,0,1,,,,,
Brevin Jordan,TE,HOU,3,JAX,0,0,0,0,0,0,0,0,2,13,1,2,0,0,0,0,0,0,0,0,0,0,,,,,
Brian Robinson,RB,WAS,3,BUF,0,0,0,0,0,70,0,10,0,0,0,0,0,0,0,0,0,0,0,0,0,0,,,,,
Britain Covey,WR,PHI,3,TB,0,0,0,0,0,0,0,0,0,0,0,0,0,0,0,0,0,0,0,0,0,0,,,,,
Brock Purdy,QB,SF,3,NYG,310,2,37,25,0,-1,0,4,0,0,0,0,0,0,0,0,0,0,0,0,0,0,,,,,
C.J. Beathard,QB,JAX,3,HOU,9,0,2,2,0,0,0,0,0,0,0,0,0,0,0,0,0,0,0,0,0,0,,,,,
C.J. Stroud,QB,HOU,3,JAX,280,2,30,20,0,14,0,3,0,0,0,0,0,0,0,0,0,0,0,0,0,0,,,,,
C.J. Uzomah,TE,NYJ,3,NE,0,0,0,0,0,0,0,0,1,9,0,1,0,0,0,0,0,0,0,0,0,0,,,,,
CAR,DEF,CAR,3,SEA,,,,,,,,,,,,,,,,,,,,,,,0,0,0,0,37.0
CHI,DEF,CHI,3,KC,,,,,,,,,,,,,,,,,,,,,,,0,0,0,0,41.0
CIN,DEF,CIN,3,LA,,,,,,,,,,,,,,,,,,,,,,,0,0,0,0,16.0
CLE,DEF,CLE,3,TEN,,,,,,,,,,,,,,,,,,,,,,,0,0,0,0,3.0
Cade Otton,TE,TB,3,PHI,0,0,0,0,0,0,0,0,1,16,0,2,0,0,0,0,0,0,0,0,0,0,,,,,
Cairo Santos,K,CHI,3,KC,0,0,0,0,0,0,0,0,0,0,0,0,0,0,0,0,1,0,0,0,0,1,,,,,
Calvin Austin III,WR,PIT,3,LV,0,0,0,0,0,0,0,0,2,72,1,6,0,0,0,0,0,0,0,0,0,0,,,,,
Calvin Ridley,WR,JAX,3,HOU,0,0,0,0,0,0,0,0,3,40,0,7,0,0,0,0,0,0,0,0,0,0,,,,,
Cameron Dicker,K,LAC,3,MIN,0,0,0,0,0,0,0,0,0,0,0,0,0,0,0,0,0,0,0,0,0,4,,,,,
CeeDee Lamb,WR,DAL,3,ARI,0,0,0,0,0,9,0,2,4,53,0,7,0,0,0,0,0,0,0,0,0,0,,,,,
Chad Ryland,K,NE,3,NYJ,0,0,0,0,0,0,0,0,0,0,0,0,0,0,0,0,0,0,1,1,0,1,,,,,
Charlie Jones,WR,CIN,3,LA,0,0,0,0,0,0,0,0,1,6,0,2,0,0,0,0,0,0,0,0,0,0,,,,,
Chase Brown,RB,CIN,3,LA,0,0,0,0,0,0,0,0,0,0,0,0,0,0,0,0,0,0,0,0,0,0,,,,,
Chase Claypool,WR,CHI,3,KC,0,0,0,0,0,0,0,0,1,15,0,4,0,0,0,0,0,0,0,0,0,0,,,,,
Chase McLaughlin,K,TB,3,PHI,0,0,0,0,0,0,0,0,0,0,0,0,0,0,0,0,0,1,0,0,0,0,,,,,
Chig Okonkwo,TE,TEN,3,CLE,0,0,0,0,0,0,0,0,3,7,0,4,0,0,0,0,0,0,0,0,0,0,,,,,
Chris Boswell,K,PIT,3,LV,0,0,0,0,0,0,0,0,0,0,0,0,0,0,0,0,0,0,2,1,0,2,,,,,
Chris Brooks,RB,MIA,3,DEN,0,0,0,0,0,66,0,9,0,0,0,0,0,0,0,0,0,0,0,0,0,0,,,,,
Chris Godwin Jr.,WR,TB,3,PHI,0,0,0,0,0,0,0,0,3,32,0,5,0,0,1,0,0,0,0,0,0,0,,,,,
Chris Manhertz,TE,DEN,3,MIA,0,0,0,0,0,0,0,0,0,0,0,1,0,0,0,0,0,0,0,0,0,0,,,,,
Chris Moore,WR,TEN,3,CLE,0,0,0,0,0,0,0,0,2,41,0,3,0,0,0,0,0,0,0,0,0,0,,,,,
Chris Olave,WR,NO,3,GB,0,0,0,0,0,0,0,0,8,104,0,11,0,0,0,0,0,0,0,0,0,0,,,,,
Christian Kirk,WR,JAX,3,HOU,0,0,0,0,0,0,0,0,4,54,1,6,0,0,0,0,0,0,0,0,0,0,,,,,
Christian McCaffrey,RB,SF,3,NYG,0,0,0,0,0,85,1,18,5,34,0,5,0,0,0,0,0,0,0,0,0,0,,,,,
Chuba Hubbard,RB,CAR,3,SEA,0,0,0,0,0,2,0,1,2,2,0,3,0,0,0,0,0,0,0,0,0,0,,,,,
Clyde Edwards-Helaire,RB,KC,3,CHI,0,0,0,0,0,55,1,15,1,2,0,1,0,0,0,0,0,0,0,0,0,0,,,,,
Colby Parkinson,TE,SEA,3,CAR,0,0,0,0,0,0,0,0,3,38,0,4,0,0,0,0,0,0,0,0,0,0,,,,,
Cole Kmet,TE,CHI,3,KC,0,0,0,0,0,0,0,0,2,22,0,2,0,0,0,0,0,0,0,0,0,0,,,,,
Cole Turner,TE,WAS,3,BUF,0,0,0,0,0,0,0,0,4,35,0,7,0,0,0,0,0,0,0,0,0,0,,,,,
Courtland Sutton,WR,DEN,3,MIA,0,0,0,0,0,0,0,0,8,91,1,11,0,0,0,0,0,0,0,0,0,0,,,,,
Craig Reynolds,RB,DET,3,ATL,0,0,0,0,0,15,0,4,0,0,0,0,0,0,0,0,0,0,0,0,0,0,,,,,
Curtis Samuel,WR,WAS,3,BUF,0,0,0,0,0,0,0,0,2,54,0,4,0,0,0,0,0,0,0,0,0,0,,,,,
D'Andre Swift,RB,PHI,3,TB,0,0,0,0,0,130,0,16,1,8,0,2,0,0,0,0,0,0,0,0,0,0,,,,,
D'Ernest Johnson,RB,JAX,3,HOU,0,0,0,0,0,6,0,3,2,6,0,2,0,0,0,0,0,0,0,0,0,0,,,,,
DAL,DEF,DAL,3,ARI,,,,,,,,,,,,,,,,,,,,,,,0,0,0,0,28.0
DEN,DEF,DEN,3,MIA,,,,,,,,,,,,,,,,,,,,,,,0,0,0,0,70.0
DET,DEF,DET,3,ATL,,,,,,,,,,,,,,,,,,,,,,,0,0,0,0,6.0
DJ Chark,WR,CAR,3,SEA,0,0,0,0,0,0,0,0,4,86,1,11,0,0,0,0,0,0,0,0,0,0,,,,,
DJ Moore,WR,CHI,3,KC,0,0,0,0,0,0,0,0,3,41,1,6,0,0,0,0,0,0,0,0,0,0,,,,,
DK Metcalf,WR,SEA,3,CAR,0,0,0,0,0,0,0,0,6,112,0,8,0,0,0,0,0,0,0,0,0,0,,,,,
Dak Prescott,QB,DAL,3,ARI,249,1,40,25,1,24,0,3,0,0,0,0,0,0,0,0,0,0,0,0,0,0,,,,,
Dallas Goedert,TE,PHI,3,TB,0,0,0,0,0,0,0,0,5,41,0,7,0,0,0,0,0,0,0,0,0,0,,,,,
Dalton Kincaid,TE,BUF,3,WAS,0,0,0,0,0,0,0,0,2,3,0,2,0,0,0,0,0,0,0,0,0,0,,,,,
Dalton Schultz,TE,HOU,3,JAX,0,0,0,0,0,0,0,0,1,9,0,3,0,0,0,0,0,0,0,0,0,0,,,,,
Dalvin Cook,RB,NYJ,3,NE,0,0,0,0,0,18,0,8,3,11,0,3,0,0,0,0,0,0,0,0,0,0,,,,,
Dameon Pierce,RB,HOU,3,JAX,0,0,0,0,0,31,1,14,3,28,0,3,0,0,0,0,0,0,0,0,0,0,,,,,
Damien Harris,RB,BUF,3,WAS,0,0,0,0,0,15,0,5,0,0,0,0,0,0,0,0,0,0,0,0,0,0,,,,,
Daniel Bellinger,TE,NYG,3,SF,0,0,0,0,0,0,0,0,1,8,0,1,0,0,0,0,0,0,0,0,0,0,,,,,
Daniel Carlson,K,LV,3,PIT,0,0,0,0,0,0,0,0,0,0,0,0,0,0,0,0,1,0,0,0,0,1,,,,,
Daniel Jones,QB,NYG,3,SF,137,0,32,22,1,5,0,2,0,0,0,0,0,0,0,0,0,0,0,0,0,0,,,,,
Darius Slayton,WR,NYG,3,SF,0,0,0,0,0,0,0,0,3,32,0,6,0,0,0,0,0,0,0,0,0,0,,,,,
Darnell Mooney,WR,CHI,3,KC,0,0,0,0,0,0,0,0,0,0,0,1,0,0,0,0,0,0,0,0,0,0,,,,,
Darren Waller,TE,NYG,3,SF,0,0,0,0,0,0,0,0,3,20,0,7,0,0,0,0,0,0,0,0,0,0,,,,,
Davante Adams,WR,LV,3,PIT,0,0,0,0,0,0,0,0,13,172,2,20,0,0,0,0,0,0,0,0,0,0,,,,,
David Njoku,TE,CLE,3,TEN,0,0,0,0,0,0,0,0,4,20,0,4,0,0,0,0,0,0,0,0,0,0,,,,,
Dawson Knox,TE,BUF,3,WAS,0,0,0,0,0,0,0,0,1,11,0,3,0,0,0,0,0,0,0,0,0,0,,,,,
De'Von Achane,RB,MIA,3,DEN,0,0,0,0,0,203,2,18,4,30,2,4,0,0,0,0,0,0,0,0,0,0,,,,,
DeAndre Carter,WR,LV,3,PIT,0,0,0,0,0,0,0,0,1,16,0,1,0,0,0,0,0,0,0,0,0,0,,,,,
DeAndre Hopkins,WR,TEN,3,CLE,0,0,0,0,0,0,0,0,3,48,0,7,0,0,0,0,0,0,0,0,0,0,,,,,
DeMario Douglas,WR,NE,3,NYJ,0,0,0,0,0,5,0,1,1,15,0,3,0,0,0,0,0,0,0,0,0,0,,,,,
DeVante Parker,WR,NE,3,NYJ,0,0,0,0,0,0,0,0,2,19,0,3,0,0,0,0,0,0,0,0,0,0,,,,,
DeVonta Smith,WR,PHI,3,TB,0,0,0,0,0,0,0,0,4,28,0,5,0,0,0,0,0,0,0,0,0,0,,,,,
DeeJay Dallas,RB,SEA,3,CAR,0,0,0,0,0,7,0,2,1,-2,0,1,0,0,0,0,0,0,0,0,0,0,,,,,
Deebo Samuel Sr.,WR,SF,3,NYG,0,0,0,0,0,2,0,1,6,129,1,12,0,0,0,0,0,0,0,0,0,0,,,,,
Deonte Harty,WR,BUF,3,WAS,0,0,0,0,0,-2,0,2,2,15,0,3,0,0,0,0,0,0,0,0,0,0,,,,,
Derek Carr,QB,NO,3,GB,103,1,18,13,0,0,0,0,0,0,0,0,0,0,0,0,0,0,0,0,0,0,,,,,
Derius Davis,WR,LAC,3,MIN,0,0,0,0,0,0,0,0,1,3,0,1,0,0,0,0,0,0,0,0,0,0,,,,,
Derrick Henry,RB,TEN,3,CLE,0,0,0,0,0,20,0,11,0,0,0,0,0,0,0,0,0,0,0,0,0,0,,,,,
Deshaun Watson,QB,CLE,3,TEN,289,2,33,27,0,16,0,4,0,0,0,0,0,0,0,0,0,0,0,0,0,0,,,,,
Desmond Ridder,QB,ATL,3,DET,201,0,38,21,0,3,0,2,0,0,0,0,0,0,0,0,0,0,0,0,0,0,,,,,
Deven Thompkins,WR,TB,3,PHI,0,0,0,0,0,0,0,0,2,6,0,4,0,0,0,0,0,0,0,0,0,0,,,,,
Devin Duvernay,WR,BAL,3,IND,0,0,0,0,0,0,0,0,0,0,0,1,0,0,0,0,0,0,0,0,0,0,,,,,
Devin Singletary,RB,HOU,3,JAX,0,0,0,0,0,41,0,9,2,4,0,2,0,0,0,0,0,0,0,0,0,0,,,,,
Devon Allen,WR,PHI,3,TB,0,0,0,0,0,0,0,0,0,0,0,0,0,0,0,0,0,0,0,0,0,0,,,,,
Donald Parham,TE,LAC,3,MIN,0,0,0,0,0,0,0,0,2,4,2,2,0,0,0,0,0,0,0,0,0,0,,,,,
Donovan Peoples-Jones,WR,CLE,3,TEN,0,0,0,0,0,0,0,0,3,49,0,4,0,0,0,0,0,0,0,0,0,0,,,,,
Dontayvion Wicks,WR,GB,3,NO,0,0,0,0,0,0,0,0,4,45,0,6,0,0,0,0,0,0,0,0,0,0,,,,,
Drake London,WR,ATL,3,DET,0,0,0,0,0,0,0,0,2,31,0,6,0,0,0,0,0,0,0,0,0,0,,,,,
Drew Sample,TE,CIN,3,LA,0,0,0,0,0,0,0,0,1,7,0,1,0,0,0,0,0,0,0,0,0,0,,,,,
Durham Smythe,TE,MIA,3,DEN,0,0,0,0,0,0,0,0,1,15,0,1,0,0,0,0,0,0,0,0,0,0,,,,,
Dustin Hopkins,K,CLE,3,TEN,0,0,0,0,0,0,0,0,0,0,0,0,0,0,0,0,0,0,1,1,0,3,,,,,
Dyami Brown,WR,WAS,3,BUF,0,0,0,0,0,0,0,0,0,0,0,1,0,0,0,0,0,0,0,0,0,0,,,,,
Eddy Pineiro,K,CAR,3,SEA,0,0,0,0,0,0,0,0,0,0,0,0,0,0,0,0,0,0,2,0,0,3,,,,,
Elijah Mitchell,RB,SF,3,NYG,0,0,0,0,0,42,0,11,3,2,0,3,0,0,0,0,0,0,0,0,0,0,,,,,
Elijah Moore,WR,CLE,3,TEN,0,0,0,0,0,-1,0,3,9,49,0,9,0,0,0,0,0,0,0,0,0,0,,,,,
Emanuel Wilson,RB,GB,3,NO,0,0,0,0,0,6,0,2,1,6,0,1,0,0,0,0,0,0,0,0,0,0,,,,,
Emari Demercado,RB,ARI,3,DAL,0,0,0,0,0,2,0,2,0,0,0,0,0,0,0,0,0,0,0,0,0,0,,,,,
Eric Gray,RB,NYG,3,SF,0,0,0,0,0,0,0,0,0,0,0,0,0,0,0,0,0,0,0,0,0,0,,,,,
Evan Engram,TE,JAX,3,HOU,0,0,0,0,0,0,0,0,7,67,0,8,0,0,0,0,0,0,0,0,0,0,,,,,
Evan McPherson,K,CIN,3,LA,0,0,0,0,0,0,0,0,0,0,0,0,0,0,0,0,0,0,2,2,0,1,,,,,
Ezekiel Elliott,RB,NE,3,NYJ,0,0,0,0,0,80,0,16,1,7,0,1,0,0,0,0,0,0,0,0,0,0,,,,,
GB,DEF,GB,3,NO,,,,,,,,,,,,,,,,,,,,,,,0,0,0,0,17.0
Gabe Davis,WR,BUF,3,WAS,0,0,0,0,0,-2,0,1,1,35,1,4,0,0,0,0,0,0,0,0,0,0,,,,,
Gardner Minshew,QB,IND,3,BAL,227,1,44,27,0,0,0,0,0,0,0,0,0,0,0,0,0,0,0,0,0,0,,,,,
Garrett Wilson,WR,NYJ,3,NE,0,0,0,0,0,0,0,0,5,48,0,9,0,0,0,0,0,0,0,0,0,0,,,,,
Gary Brightwell,RB,NYG,3,SF,0,0,0,0,0,5,0,4,2,31,0,3,0,0,0,0,0,0,0,0,0,0,,,,,
Geno Smith,QB,SEA,3,CAR,296,1,36,23,1,-4,0,4,0,0,0,0,0,0,1,0,0,0,0,0,0,0,,,,,
George Kittle,TE,SF,3,NYG,0,0,0,0,0,0,0,0,7,90,0,9,0,0,0,0,0,0,0,0,0,0,,,,,
George Pickens,WR,PIT,3,LV,0,0,0,0,0,0,0,0,4,75,0,6,0,0,0,0,0,0,0,0,0,0,,,,,
Gerald Everett,TE,LAC,3,MIN,0,0,0,0,0,0,0,0,6,30,0,6,0,0,0,0,0,0,0,0,0,0,,,,,
Graham Gano,K,NYG,3,SF,0,0,0,0,0,0,0,0,0,0,0,0,0,0,0,0,0,0,1,1,0,0,,,,,
Greg Dortch,WR,ARI,3,DAL,0,0,0,0,0,0,0,0,0,0,0,0,0,0,0,0,0,0,0,0,0,0,,,,,
Greg Joseph,K,MIN,3,LAC,0,0,0,0,0,0,0,0,0,0,0,0,0,0,0,0,1,0,0,0,0,3,,,,,
Greg Zuerlein,K,NYJ,3,NE,0,0,0,0,0,0,0,0,0,0,0,0,0,0,0,0,0,0,0,1,0,1,,,,,
Gus Edwards,RB,BAL,3,IND,0,0,0,0,0,51,0,11,0,0,0,0,0,0,0,0,0,0,0,0,0,0,,,,,
HOU,DEF,HOU,3,JAX,,,,,,,,,,,,,,,,,,,,,,,0,0,0,0,17.0
Harrison Bryant,TE,CLE,3,TEN,0,0,0,0,0,4,0,2,0,0,0,0,0,0,0,0,0,0,0,0,0,0,,,,,
Harrison Butker,K,KC,3,CHI,0,0,0,0,0,0,0,0,0,0,0,0,0,0,0,0,0,1,1,0,0,5,,,,,
Hayden Hurst,TE,CAR,3,SEA,0,0,0,0,0,0,0,0,1,11,0,3,0,0,0,0,0,0,0,0,0,0,,,,,
Hunter Henry,TE,NE,3,NYJ,0,0,0,0,0,0,0,0,2,17,0,5,0,0,0,0,0,0,0,0,0,0,,,,,
Hunter Luepke,RB,DAL,3,ARI,0,0,0,0,0,9,0,1,1,12,0,1,0,0,0,0,0,0,0,0,0,0,,,,,
Hunter Renfrow,WR,LV,3,PIT,0,0,0,0,0,0,0,0,2,17,0,2,0,0,0,0,0,0,0,0,0,0,,,,,
IND,DEF,IND,3,BAL,,,,,,,,,,,,,,,,,,,,,,,0,0,0,0,19.0
Ian Thomas,TE,CAR,3,SEA,0,0,0,0,0,0,0,0,1,8,0,1,0,0,0,0,0,0,0,0,0,0,,,,,
Ihmir Smith-Marsette,WR,CAR,3,SEA,0,0,0,0,0,0,0,0,0,0,0,0,0,0,0,0,0,0,0,0,0,0,,,,,
Isaiah Hodgins,WR,NYG,3,SF,0,0,0,0,0,0,0,0,0,0,0,1,0,0,0,0,0,0,0,0,0,0,,,,,
Isaiah Likely,TE,BAL,3,IND,0,0,0,0,0,0,0,0,1,20,0,2,0,0,0,0,0,0,0,0,0,0,,,,,
Isaiah McKenzie,WR,IND,3,BAL,0,0,0,0,0,0,0,0,1,3,0,1,0,0,0,0,0,0,0,0,0,0,,,,,
Isaiah Spiller,RB,LAC,3,MIN,0,0,0,0,0,7,0,2,0,0,0,0,0,0,0,0,0,0,0,0,0,0,,,,,
Isiah Pacheco,RB,KC,3,CHI,0,0,0,0,0,62,1,15,2,16,0,3,0,0,0,0,0,0,0,0,0,0,,,,,
JAX,DEF,JAX,3,HOU,,,,,,,,,,,,,,,,,,,,,,,0,0,0,0,37.0
Ja'Marr Chase,WR,CIN,3,LA,0,0,0,0,0,0,0,0,12,141,0,15,0,0,0,0,0,0,0,0,0,0,,,,,
Jack Stoll,TE,PHI,3,TB,0,0,0,0,0,0,0,0,1,6,0,2,0,0,0,0,0,0,0,0,0,0,,,,,
Jahan Dotson,WR,WAS,3,BUF,0,0,0,0,0,0,0,0,2,21,0,4,0,0,0,0,0,0,0,0,0,0,,,,,
Jahmyr Gibbs,RB,DET,3,ATL,0,0,0,0,0,80,0,17,1,2,0,2,0,0,0,0,0,0,0,0,0,0,,,,,
Jake Bobo,WR,SEA,3,CAR,0,0,0,0,0,0,0,0,1,5,1,2,0,0,0,0,0,0,0,0,0,0,,,,,
Jake Elliott,K,PHI,3,TB,0,0,0,0,0,0,0,0,0,0,0,0,0,0,0,0,1,2,0,0,0,2,,,,,
Jake Ferguson,TE,DAL,3,ARI,0,0,0,0,0,0,0,0,5,48,0,7,0,0,0,0,0,0,0,0,0,0,,,,,
Jake Moody,K,SF,3,NYG,0,0,0,0,0,0,0,0,0,0,0,0,0,0,0,0,2,1,0,0,0,3,,,,,
Jakob Johnson,RB,LV,3,PIT,0,0,0,0,0,0,0,0,0,0,0,0,0,0,0,0,0,0,0,0,0,0,,,,,
Jakobi Meyers,WR,LV,3,PIT,0,0,0,0,0,0,0,0,7,85,0,12,0,0,0,0,0,0,0,0,0,0,,,,,
Jaleel McLaughlin,RB,DEN,3,MIA,0,0,0,0,0,15,0,5,0,0,0,0,0,0,0,0,0,0,0,0,0,0,,,,,
Jalen Hurts,QB,PHI,3,TB,277,1,37,23,2,28,1,10,0,0,0,0,0,0,0,0,0,0,0,0,0,0,,,,,
Jamal Agnew,WR,JAX,3,HOU,0,0,0,0,0,0,0,0,4,49,0,5,0,0,0,0,0,0,0,0,0,0,,,,,
Jameis Winston,QB,NO,3,GB,101,0,16,10,0,0,0,0,0,0,0,0,0,0,0,0,0,0,0,0,0,0,,,,,
James Conner,RB,ARI,3,DAL,0,0,0,0,0,98,1,14,2,18,0,2,0,0,0,0,0,0,0,0,0,0,,,,,
James Cook,RB,BUF,3,WAS,0,0,0,0,0,98,0,15,2,14,0,3,0,0,0,0,0,0,0,0,0,0,,,,,
Jared Goff,QB,DET,3,ATL,243,1,33,22,1,3,1,5,0,0,0,0,0,0,0,0,0,0,0,0,0,0,,,,,
Jason Myers,K,SEA,3,CAR,0,0,0,0,0,0,0,0,0,0,0,0,0,0,0,0,0,4,1,0,0,2,,,,,
Jason Sanders,K,MIA,3,DEN,0,0,0,0,0,0,0,0,0,0,0,0,0,0,0,0,0,0,0,0,0,10,,,,,
Jauan Jennings,WR,SF,3,NYG,0,0,0,0,0,0,0,0,2,31,0,3,0,0,0,0,0,0,0,0,0,0,,,,,
Javonte Williams,RB,DEN,3,MIA,0,0,0,0,0,42,0,11,2,23,0,3,0,0,0,0,0,0,0,0,0,0,,,,,
Jaxon Smith-Njigba,WR,SEA,3,CAR,0,0,0,0,0,0,0,0,1,10,0,3,0,0,0,0,0,0,0,0,0,0,,,,,
Jayden Reed,WR,GB,3,NO,0,0,0,0,0,0,0,0,3,63,0,7,0,0,0,0,0,0,0,0,0,0,,,,,
Jaylen Warren,RB,PIT,3,LV,0,0,0,0,0,29,0,8,3,23,0,4,0,0,0,0,0,0,0,0,0,0,,,,,
Jerick McKinnon,RB,KC,3,CHI,0,0,0,0,0,9,0,2,3,19,2,3,0,0,0,0,0,0,0,0,0,0,,,,,
Jerome Ford,RB,CLE,3,TEN,0,0,0,0,0,18,1,10,2,33,1,3,0,0,0,0,0,0,0,0,0,0,,,,,
Jerry Jeudy,WR,DEN,3,MIA,0,0,0,0,0,0,0,0,5,81,0,7,0,0,0,0,0,0,0,0,0,0,,,,,
Jimmy Garoppolo,QB,LV,3,PIT,324,2,44,28,3,7,0,2,0,0,0,0,0,0,1,0,0,0,0,0,0,0,,,,,
Jimmy Graham,TE,NO,3,GB,0,0,0,0,0,0,0,0,1,8,1,1,0,0,0,0,0,0,0,0,0,0,,,,,
Joe Burrow,QB,CIN,3,LA,259,0,49,26,1,-2,0,3,0,0,0,0,0,0,0,0,0,0,0,0,0,0,,,,,
Joe Mixon,RB,CIN,3,LA,0,0,0,0,0,65,1,19,1,5,0,2,0,0,0,0,0,0,0,0,0,0,,,,,
Joey Slye,K,WAS,3,BUF,0,0,0,0,0,0,0,0,0,0,0,0,0,0,0,0,0,0,0,1,0,0,,,,,
John Bates,TE,WAS,3,BUF,0,0,0,0,0,0,0,0,2,12,0,2,0,0,0,0,0,0,0,0,0,0,,,,,
John FitzPatrick,TE,ATL,3,DET,0,0,0,0,0,0,0,0,0,0,0,0,0,0,0,0,0,0,0,0,0,0,,,,,
John Metchie III,WR,HOU,3,JAX,0,0,0,0,0,0,0,0,2,13,0,2,0,0,0,0,0,0,0,0,0,0,,,,,
Jonathan Mingo,WR,CAR,3,SEA,0,0,0,0,0,0,0,0,3,21,0,6,0,0,0,0,0,0,0,0,0,0,,,,,
Jonnu Smith,TE,ATL,3,DET,0,0,0,0,0,0,0,0,5,37,0,8,0,0,0,0,0,0,0,0,0,0,,,,,
Jordan Addison,WR,MIN,3,LAC,0,0,0,0,0,0,0,0,6,52,0,8,0,0,0,0,0,0,0,0,0,0,,,,,
Jordan Love,QB,GB,3,NO,259,1,44,22,1,39,1,9,0,0,0,0,0,0,1,0,0,0,0,0,0,0,,,,,
Jordan Mason,RB,SF,3,NYG,0,0,0,0,0,11,0,3,0,0,0,0,0,0,0,0,0,0,0,0,0,0,,,,,
Josh Allen,QB,BUF,3,WAS,218,1,32,20,1,46,1,3,0,0,0,0,0,0,0,0,0,0,0,0,0,0,,,,,
Josh Downs,WR,IND,3,BAL,0,0,0,0,0,0,0,0,8,57,0,12,0,0,0,0,0,0,0,0,0,0,,,,,
Josh Jacobs,RB,LV,3,PIT,0,0,0,0,0,62,0,17,3,18,0,5,0,0,0,0,0,0,0,0,0,0,,,,,
Josh Oliver,TE,MIN,3,LAC,0,0,0,0,0,0,0,0,2,4,1,2,0,0,0,0,0,0,0,0,0,0,,,,,
Josh Palmer,WR,LAC,3,MIN,0,0,0,0,0,0,0,0,4,66,1,7,0,0,0,0,0,0,0,0,0,0,,,,,
Joshua Dobbs,QB,ARI,3,DAL,189,1,21,17,0,55,0,6,0,0,0,0,0,0,0,0,0,0,0,0,0,0,,,,,
Joshua Kelley,RB,LAC,3,MIN,0,0,0,0,0,12,0,11,1,5,0,1,0,0,0,0,0,0,0,0,0,0,,,,,
Josiah Deguara,TE,GB,3,NO,0,0,0,0,0,0,0,0,0,0,0,0,0,0,0,0,0,0,0,0,0,0,,,,,
JuJu Smith-Schuster,WR,NE,3,NYJ,0,0,0,0,0,0,0,0,1,5,0,3,0,0,0,0,0,0,0,0,0,0,,,,,
Julian Hill,TE,MIA,3,DEN,0,0,0,0,0,0,0,0,0,0,0,1,0,0,0,0,0,0,0,0,0,0,,,,,
Justin Fields,QB,CHI,3,KC,99,1,22,11,1,47,0,11,0,0,0,0,0,0,0,0,0,0,0,0,0,0,,,,,
Justin Herbert,QB,LAC,3,MIN,405,3,47,40,0,11,0,2,0,0,0,0,0,0,0,0,0,0,0,0,0,0,,,,,
Justin Jefferson,WR,MIN,3,LAC,0,0,0,0,0,0,0,0,7,149,1,13,0,0,0,0,0,0,0,0,0,0,,,,,
Justin Tucker,K,BAL,3,IND,0,0,0,0,0,0,0,0,0,0,0,0,0,0,0,0,0,0,0,1,0,2,,,,,
Justin Watson,WR,KC,3,CHI,0,0,0,0,0,0,0,0,2,51,0,3,0,0,0,0,0,0,0,0,0,0,,,,,
Justyn Ross,WR,KC,3,CHI,0,0,0,0,0,0,0,0,0,0,0,1,0,0,0,0,0,0,0,0,0,0,,,,,
Juwan Johnson,TE,NO,3,GB,0,0,0,0,0,0,0,0,2,12,0,4,0,0,0,0,0,0,0,0,0,0,,,,,
K.J. Osborn,WR,MIN,3,LAC,0,0,0,0,0,0,0,0,1,36,1,3,0,0,0,0,0,0,0,0,0,0,,,,,
KC,DEF,KC,3,CHI,,,,,,,,,,,,,,,,,,,,,,,0,0,0,0,10.0
Ka'imi Fairbairn,K,HOU,3,JAX,0,0,0,0,0,0,0,0,0,0,0,0,0,0,0,0,2,1,0,0,0,4,,,,,
KaVontae Turpin,WR,DAL,3,ARI,0,0,0,0,0,0,0,0,0,0,0,0,0,0,0,0,0,0,0,0,0,0,,,,,
Kadarius Toney,WR,KC,3,CHI,0,0,0,0,0,0,0,0,1,-1,0,1,0,0,0,0,0,0,0,0,0,0,,,,,
Kalif Raymond,WR,DET,3,ATL,0,0,0,0,0,0,0,0,4,55,0,6,0,0,0,0,0,0,0,0,0,0,,,,,
Kareem Hunt,RB,CLE,3,TEN,0,0,0,0,0,13,0,5,2,22,0,3,0,0,0,0,0,0,0,0,0,0,,,,,
Keaontay Ingram,RB,ARI,3,DAL,0,0,0,0,0,13,0,5,1,8,0,1,0,0,0,0,0,0,0,0,0,0,,,,,
Keenan Allen,WR,LAC,3,MIN,49,1,1,1,0,0,0,0,18,215,0,20,0,0,0,0,0,0,0,0,0,0,,,,,
Keith Kirkwood,WR,NO,3,GB,0,0,0,0,0,0,0,0,0,0,0,1,0,0,0,0,0,0,0,0,0,0,,,,,
Kendre Miller,RB,NO,3,GB,0,0,0,0,0,34,0,9,1,0,0,1,0,0,0,0,0,0,0,0,0,0,,,,,
Kendrick Bourne,WR,NE,3,NYJ,0,0,0,0,0,0,0,0,4,46,0,5,0,0,0,0,0,0,0,0,0,0,,,,,
Kenneth Walker III,RB,SEA,3,CAR,0,0,0,0,0,97,2,18,3,59,0,3,0,0,0,0,0,0,0,0,0,0,,,,,
Kenny Gainwell,RB,PHI,3,TB,0,0,0,0,0,43,0,14,1,5,0,2,0,0,0,0,0,0,0,0,0,0,,,,,
Kenny Pickett,QB,PIT,3,LV,235,2,28,16,0,11,0,3,0,0,0,0,0,0,0,0,0,0,0,0,0,0,,,,,
Kenyan Drake,RB,BAL,3,IND,0,0,0,0,0,0,0,1,2,31,0,3,0,0,0,0,0,0,0,0,0,0,,,,,
KhaDarel Hodge,WR,ATL,3,DET,0,0,0,0,0,0,0,0,1,15,0,1,0,0,0,0,0,0,0,0,0,0,,,,,
Khalil Herbert,RB,CHI,3,KC,0,0,0,0,0,31,0,7,2,4,0,2,0,0,0,0,0,0,0,0,0,0,,,,,
Khalil Shakir,WR,BUF,3,WAS,0,0,0,0,0,0,0,0,1,5,0,1,0,0,0,0,0,0,0,0,0,0,,,,,
Kirk Cousins,QB,MIN,3,LAC,367,3,50,32,1,10,0,1,0,0,0,0,0,0,0,0,0,0,0,0,0,0,,,,,
Kyle Allen,QB,BUF,3,WAS,0,0,0,0,0,-2,0,2,0,0,0,0,0,0,0,0,0,0,0,0,0,0,,,,,
Kyle Juszczyk,RB,SF,3,NYG,0,0,0,0,0,3,0,1,0,0,0,0,0,0,0,0,0,0,0,0,0,0,,,,,
Kyle Pitts,TE,ATL,3,DET,0,0,0,0,0,-4,0,1,5,41,0,9,0,0,0,0,0,0,0,0,0,0,,,,,
Kylen Granson,TE,IND,3,BAL,0,0,0,0,0,0,0,0,2,9,0,4,0,0,0,0,0,0,0,0,0,0,,,,,
Kyren Williams,RB,LA,3,CIN,0,0,0,0,0,38,0,10,2,27,0,7,0,0,0,0,0,0,0,0,0,0,,,,,
LA,DEF,LA,3,CIN,,,,,,,,,,,,,,,,,,,,,,,0,0,0,0,19.0
LAC,DEF,LAC,3,MIN,,,,,,,,,,,,,,,,,,,,,,,0,0,0,0,24.0
LV,DEF,LV,3,PIT,,,,,,,,,,,,,,,,,,,,,,,0,0,0,0,23.0
Lamar Jackson,QB,BAL,3,IND,202,0,31,22,0,101,2,14,0,0,0,0,0,0,0,0,0,0,0,0,0,0,,,,,
Latavius Murray,RB,BUF,3,WAS,0,0,0,0,0,15,1,5,1,6,0,1,0,0,0,0,0,0,0,0,0,0,,,,,
Laviska Shenault Jr.,WR,CAR,3,SEA,0,0,0,0,0,7,0,2,1,0,0,1,0,0,0,0,0,0,0,0,0,0,,,,,
Luke Farrell,TE,JAX,3,HOU,0,0,0,0,0,0,0,0,1,4,0,1,0,0,0,0,0,0,0,0,0,0,,,,,
Luke Musgrave,TE,GB,3,NO,0,0,0,0,0,0,0,0,6,49,0,8,0,0,0,0,0,0,0,0,0,0,,,,,
Luke Schoonmaker,TE,DAL,3,ARI,0,0,0,0,0,0,0,0,0,0,0,1,0,0,0,0,0,0,0,0,0,0,,,,,
MIA,DEF,MIA,3,DEN,,,,,,,,,,,,,,,,,,,,,,,0,0,0,0,20.0
MIN,DEF,MIN,3,LAC,,,,,,,,,,,,,,,,,,,,,,,0,0,0,0,28.0
Mac Jones,QB,NE,3,NYJ,201,1,29,15,0,13,0,4,0,0,0,0,0,0,0,0,0,0,0,0,0,0,,,,,
Mack Hollins,WR,ATL,3,DET,0,0,0,0,0,0,0,0,1,23,0,4,0,0,0,0,0,0,0,0,0,0,,,,,
Malik Heath,WR,GB,3,NO,0,0,0,0,0,0,0,0,0,0,0,2,0,0,0,0,0,0,0,0,0,0,,,,,
Mark Andrews,TE,BAL,3,IND,0,0,0,0,0,0,0,0,4,35,0,5,0,0,0,0,0,0,0,0,0,0,,,,,
Marquez Valdes-Scantling,WR,KC,3,CHI,0,0,0,0,0,0,0,0,1,37,0,2,0,0,0,0,0,0,0,0,0,0,,,,,
Marquise Brown,WR,ARI,3,DAL,0,0,0,0,0,0,0,0,5,61,1,7,0,0,0,0,0,0,0,0,0,0,,,,,
Marquise Goodwin,WR,CLE,3,TEN,0,0,0,0,0,1,0,1,0,0,0,0,0,0,0,0,0,0,0,0,0,0,,,,,
Marvin Mims Jr.,WR,DEN,3,MIA,0,0,0,0,0,3,0,1,3,73,0,5,1,0,0,0,0,0,0,0,0,0,,,,,
Mason Kinsey,WR,TEN,3,CLE,0,0,0,0,0,0,0,0,0,0,0,0,0,0,0,0,0,0,0,0,0,0,,,,,
Matt Breida,RB,NYG,3,SF,0,0,0,0,0,17,1,4,3,1,0,3,0,0,0,0,0,0,0,0,0,0,,,,,
Matt Gay,K,IND,3,BAL,0,0,0,0,0,0,0,0,0,0,0,0,0,0,0,0,0,1,0,4,0,1,,,,,
Matt Prater,K,ARI,3,DAL,0,0,0,0,0,0,0,0,0,0,0,0,0,0,0,0,0,1,1,0,1,1,,,,,
Matthew Stafford,QB,LA,3,CIN,269,1,33,18,2,7,0,1,0,0,0,0,0,0,0,0,0,0,0,0,0,0,,,,,
Melvin Gordon,RB,BAL,3,IND,0,0,0,0,0,32,0,10,2,23,0,2,0,0,0,0,0,0,0,0,0,0,,,,,
Michael Carter,RB,NYJ,3,NE,0,0,0,0,0,0,0,0,1,3,0,1,0,0,0,0,0,0,0,0,0,0,,,,,
Michael Gallup,WR,DAL,3,ARI,0,0,0,0,0,0,0,0,6,92,0,7,0,0,0,0,0,0,0,0,0,0,,,,,
Michael Mayer,TE,LV,3,PIT,0,0,0,0,0,0,0,0,0,0,0,1,0,0,1,0,0,0,0,0,0,0,,,,,
Michael Pittman,WR,IND,3,BAL,0,0,0,0,0,0,0,0,9,77,0,11,0,0,0,0,0,0,0,0,0,0,,,,,
Michael Thomas,WR,NO,3,GB,0,0,0,0,0,0,0,0,6,50,0,9,0,0,0,0,0,0,0,0,0,0,,,,,
Michael Wilson,WR,ARI,3,DAL,0,0,0,0,0,0,0,0,2,86,0,2,0,0,0,0,0,0,0,0,0,0,,,,,
Mike Boone,RB,HOU,3,JAX,0,0,0,0,0,0,0,0,0,0,0,0,0,0,0,0,0,0,0,0,0,0,,,,,
Mike Evans,WR,TB,3,PHI,0,0,0,0,0,0,0,0,5,60,1,10,0,0,0,0,0,0,0,0,0,0,,,,,
Mike Gesicki,TE,NE,3,NYJ,0,0,0,0,0,0,0,0,1,18,0,1,0,0,0,0,0,0,0,0,0,0,,,,,
Mike White,QB,MIA,3,DEN,67,1,2,2,0,-1,0,1,0,0,0,0,0,0,0,0,0,0,0,0,0,0,,,,,
Mike Williams,WR,LAC,3,MIN,0,0,0,0,0,0,0,0,7,121,1,8,0,0,0,0,0,0,0,0,0,0,,,,,
Miles Sanders,RB,CAR,3,SEA,0,0,0,0,0,24,1,9,5,38,0,9,0,0,0,0,0,0,0,0,0,0,,,,,
Mitchell Wilcox,TE,CIN,3,LA,0,0,0,0,0,0,0,0,2,10,0,3,0,0,0,0,0,0,0,0,0,0,,,,,
Montrell Washington,WR,KC,3,CHI,0,0,0,0,0,0,0,0,0,0,0,0,0,0,0,0,0,0,0,0,0,0,,,,,
MyCole Pruitt,TE,ATL,3,DET,0,0,0,0,0,0,0,0,1,10,0,1,0,0,0,0,0,0,0,0,0,0,,,,,
NE,DEF,NE,3,NYJ,,,,,,,,,,,,,,,,,,,,,,,0,1,0,0,10.0
NO,DEF,NO,3,GB,,,,,,,,,,,,,,,,,,,,,,,0,0,0,0,18.0
NYG,DEF,NYG,3,SF,,,,,,,,,,,,,,,,,,,,,,,0,0,0,0,30.0
NYJ,DEF,NYJ,3,NE,,,,,,,,,,,,,,,,,,,,,,,0,0,0,0,15.0
Najee Harris,RB,PIT,3,LV,0,0,0,0,0,65,0,19,0,0,0,1,0,0,0,0,0,0,0,0,0,0,,,,,
Nate Adkins,TE,DEN,3,MIA,0,0,0,0,0,0,0,0,1,11,0,1,0,0,0,0,0,0,0,0,0,0,,,,,
Nelson Agholor,WR,BAL,3,IND,0,0,0,0,0,0,0,0,4,39,0,4,0,0,0,0,0,0,0,0,0,0,,,,,
Nick Bawden,RB,NYJ,3,NE,0,0,0,0,0,1,1,1,0,0,0,0,0,0,0,0,0,0,0,0,0,0,,,,,
Nick Folk,K,TEN,3,CLE,0,0,0,0,0,0,0,0,0,0,0,0,0,0,0,0,0,0,1,0,0,0,,,,,
Nico Collins,WR,HOU,3,JAX,0,0,0,0,0,0,0,0,2,34,0,3,0,0,0,0,0,0,0,0,0,0,,,,,
Noah Fant,TE,SEA,3,CAR,0,0,0,0,0,0,0,0,4,41,0,5,0,0,0,0,0,0,0,0,0,0,,,,,
Noah Gray,TE,KC,3,CHI,0,0,0,0,0,0,0,0,1,9,0,2,0,0,0,0,0,0,0,0,0,0,,,,,
Olamide Zaccheaus,WR,PHI,3,TB,0,0,0,0,0,0,0,0,2,58,1,3,0,0,0,0,0,0,0,0,0,0,,,,,
PHI,DEF,PHI,3,TB,,,,,,,,,,,,,,,,,,,,,,,0,1,0,0,11.0
PIT,DEF,PIT,3,LV,,,,,,,,,,,,,,,,,,,,,,,0,0,0,0,18.0
Parris Campbell,WR,NYG,3,SF,0,0,0,0,0,0,0,0,6,24,0,6,0,0,0,0,0,0,0,0,0,0,,,,,
Pat Freiermuth,TE,PIT,3,LV,0,0,0,0,0,0,0,0,3,41,1,4,0,0,0,0,0,0,0,0,0,0,,,,,
Patrick Mahomes,QB,KC,3,CHI,272,3,33,24,0,28,0,3,0,0,0,0,0,0,0,0,0,0,0,0,0,0,,,,,
Patrick Taylor,RB,GB,3,NO,0,0,0,0,0,6,0,3,3,23,0,4,0,0,0,0,0,0,0,0,0,0,,,,,
Peyton Hendershot,TE,DAL,3,ARI,0,0,0,0,0,0,0,0,1,3,0,1,0,0,0,0,0,0,0,0,0,0,,,,,
Pharaoh Brown,TE,NE,3,NYJ,0,0,0,0,0,0,0,0,2,71,1,2,0,0,0,0,0,0,0,0,0,0,,,,,
Pierre Strong,RB,CLE,3,TEN,0,0,0,0,0,27,0,6,0,0,0,0,0,0,0,0,0,0,0,0,0,0,,,,,
Puka Nacua,WR,LA,3,CIN,0,0,0,0,0,0,0,0,5,72,0,7,0,0,0,0,0,0,0,0,0,0,,,,,
Quentin Johnston,WR,LAC,3,MIN,0,0,0,0,0,0,0,0,2,10,0,3,0,0,0,0,0,0,0,0,0,0,,,,,
Rachaad White,RB,TB,3,PHI,0,0,0,0,0,38,0,14,3,24,0,3,0,0,0,0,0,0,0,0,0,0,,,,,
Raheem Mostert,RB,MIA,3,DEN,0,0,0,0,0,82,3,13,7,60,1,7,0,0,0,0,0,0,0,0,0,0,,,,,
Randall Cobb,WR,NYJ,3,NE,0,0,0,0,0,0,0,0,1,12,0,2,0,0,0,0,0,0,0,0,0,0,,,,,
Rashee Rice,WR,KC,3,CHI,0,0,0,0,0,0,0,0,5,59,0,7,0,0,0,0,0,0,0,0,0,0,,,,,
Rashid Shaheed,WR,NO,3,GB,0,0,0,0,0,0,0,1,0,0,0,2,1,0,0,0,0,0,0,0,0,0,,,,,
Rashod Bateman,WR,BAL,3,IND,0,0,0,0,0,0,0,0,1,6,0,3,0,0,0,0,0,0,0,0,0,0,,,,,
Ray-Ray McCloud,WR,SF,3,NYG,0,0,0,0,0,0,0,0,0,0,0,0,0,0,0,0,0,0,0,0,0,0,,,,,
Reggie Gilliam,RB,BUF,3,WAS,0,0,0,0,0,0,0,0,0,0,0,0,0,0,0,0,0,0,0,0,0,0,,,,,
Rhamondre Stevenson,RB,NE,3,NYJ,0,0,0,0,0,59,0,19,1,3,0,4,0,0,0,0,0,0,0,0,0,0,,,,,
Rico Dowdle,RB,DAL,3,ARI,0,0,0,0,0,21,0,4,3,25,1,3,0,0,0,0,0,0,0,0,0,0,,,,,
Riley Patterson,K,DET,3,ATL,0,0,0,0,0,0,0,0,0,0,0,0,0,0,0,0,1,1,0,0,0,2,,,,,
River Cracraft,WR,MIA,3,DEN,0,0,0,0,0,0,0,0,1,13,0,1,0,0,0,0,0,0,0,0,0,0,,,,,
Robbie Chosen,WR,MIA,3,DEN,0,0,0,0,0,0,0,0,1,68,1,1,0,0,0,0,0,0,0,0,0,0,,,,,
Robert Woods,WR,HOU,3,JAX,0,0,0,0,0,0,0,0,3,34,0,6,0,0,0,0,0,0,0,0,0,0,,,,,
Romeo Doubs,WR,GB,3,NO,0,0,0,0,0,0,0,0,5,73,1,12,0,0,0,0,0,0,0,0,0,0,,,,,
Rondale Moore,WR,ARI,3,DAL,0,0,0,0,0,54,1,3,4,8,0,6,0,0,0,0,0,0,0,0,0,0,,,,,
Ronnie Bell,WR,SF,3,NYG,0,0,0,0,0,0,0,0,2,24,1,2,0,0,0,0,0,0,0,0,0,0,,,,,
Ronnie Rivers,RB,LA,3,CIN,0,0,0,0,0,0,0,0,0,0,0,0,0,0,0,0,0,0,0,0,0,0,,,,,
Roschon Johnson,RB,CHI,3,KC,0,0,0,0,0,38,0,8,2,11,0,2,0,0,0,0,0,0,0,0,0,0,,,,,
Royce Freeman,RB,LA,3,CIN,0,0,0,0,0,0,0,0,0,0,0,0,0,0,0,0,0,0,0,0,0,0,,,,,
Russell Wilson,QB,DEN,3,MIA,306,1,38,23,1,0,0,0,0,0,0,0,0,0,0,0,0,0,0,0,0,0,,,,,
Ryan Tannehill,QB,TEN,3,CLE,104,0,25,13,0,0,0,0,0,0,0,0,0,0,0,0,0,0,0,0,0,0,,,,,
SEA,DEF,SEA,3,CAR,,,,,,,,,,,,,,,,,,,,,,,0,0,0,0,27.0
SF,DEF,SF,3,NYG,,,,,,,,,,,,,,,,,,,,,,,0,0,0,0,12.0
Sam Darnold,QB,SF,3,NYG,0,0,0,0,0,-1,0,1,0,0,0,0,0,0,0,0,0,0,0,0,0,0,,,,,
Sam Howell,QB,WAS,3,BUF,170,0,29,19,4,18,0,1,0,0,0,0,0,0,0,0,0,0,0,0,0,0,,,,,
Sam LaPorta,TE,DET,3,ATL,0,0,0,0,0,0,0,0,8,84,1,11,0,0,0,0,0,0,0,0,0,0,,,,,
Samaje Perine,RB,DEN,3,MIA,0,0,0,0,0,9,0,3,2,15,0,3,0,0,0,0,0,0,0,0,0,0,,,,,
Samori Toure,WR,GB,3,NO,0,0,0,0,0,0,0,0,0,0,0,3,0,0,1,0,0,0,0,0,0,0,,,,,
Sean Tucker,RB,TB,3,PHI,0,0,0,0,0,1,0,2,0,0,0,0,0,0,0,0,0,0,0,0,0,0,,,,,
Skyy Moore,WR,KC,3,CHI,0,0,0,0,0,0,0,0,4,42,0,6,0,0,0,0,0,0,0,0,0,0,,,,,
Stefon Diggs,WR,BUF,3,WAS,0,0,0,0,0,0,0,0,8,111,0,12,0,0,0,0,0,0,0,0,0,0,,,,,
T.J. Hockenson,TE,MIN,3,LAC,0,0,0,0,0,0,0,0,8,78,0,11,0,0,0,0,0,0,0,0,0,0,,,,,
TB,DEF,TB,3,PHI,,,,,,,,,,,,,,,,,,,,,,,0,0,0,0,25.0
TEN,DEF,TEN,3,CLE,,,,,,,,,,,,,,,,,,,,,,,0,0,0,0,27.0
Tank Bigsby,RB,JAX,3,HOU,0,0,0,0,0,10,1,2,0,0,0,1,0,0,0,0,0,0,0,0,0,0,,,,,
Tank Dell,WR,HOU,3,JAX,0,0,0,0,0,0,0,0,5,145,1,7,0,0,0,0,0,0,0,0,0,0,,,,,
Tanner Hudson,TE,CIN,3,LA,0,0,0,0,0,0,0,0,2,30,0,4,0,0,0,0,0,0,0,0,0,0,,,,,
Taysom Hill,TE,NO,3,GB,0,0,0,0,0,12,0,4,1,9,0,1,0,0,0,0,0,0,0,0,0,0,,,,,
Teagan Quitoriano,TE,HOU,3,JAX,0,0,0,0,0,0,0,0,0,0,0,1,0,0,0,0,0,0,0,0,0,0,,,,,
Tee Higgins,WR,CIN,3,LA,0,0,0,0,0,0,0,0,2,21,0,8,0,0,0,0,0,0,0,0,0,0,,,,,
Terrace Marshall Jr.,WR,CAR,3,SEA,0,0,0,0,0,0,0,0,5,35,0,8,0,0,0,0,0,0,0,0,0,0,,,,,
Terry McLaurin,WR,WAS,3,BUF,0,0,0,0,0,0,0,0,6,41,0,6,0,0,0,0,0,0,0,0,0,0,,,,,
Tim Jones,WR,JAX,3,HOU,0,0,0,0,0,0,0,0,2,11,0,3,0,0,0,0,0,0,0,0,0,0,,,,,
Tommy Tremble,TE,CAR,3,SEA,0,0,0,0,0,0,0,0,1,15,0,1,0,0,0,0,0,0,0,0,0,0,,,,,
Tony Jones,RB,NO,3,GB,0,0,0,0,0,31,0,8,4,21,0,4,0,0,0,0,0,0,0,0,0,0,,,,,
Tony Pollard,RB,DAL,3,ARI,0,0,0,0,0,122,0,23,3,-1,0,3,0,0,0,0,0,0,0,0,0,0,,,,,
Travis Etienne,RB,JAX,3,HOU,0,0,0,0,0,88,0,19,4,50,0,5,0,0,0,0,0,0,0,0,0,0,,,,,
Travis Kelce,TE,KC,3,CHI,0,0,0,0,0,0,0,0,7,69,1,8,0,0,0,0,0,0,0,0,0,0,,,,,
Trayveon Williams,RB,CIN,3,LA,0,0,0,0,0,4,0,1,0,0,0,2,0,0,0,0,0,0,0,0,0,0,,,,,
Tre' McKitty,TE,LAC,3,MIN,0,0,0,0,0,0,0,0,0,0,0,0,0,0,0,0,0,0,0,0,0,0,,,,,
Trent Sherfield,WR,BUF,3,WAS,0,0,0,0,0,0,0,0,2,18,0,3,0,0,0,0,0,0,0,0,0,0,,,,,
Trevor Lawrence,QB,JAX,3,HOU,279,1,40,27,1,12,0,3,0,0,0,0,0,0,0,0,0,0,0,0,0,0,,,,,
Trey McBride,TE,ARI,3,DAL,0,0,0,0,0,0,0,0,1,2,0,1,0,0,0,0,0,0,0,0,0,0,,,,,
Trey Palmer,WR,TB,3,PHI,0,0,0,0,0,0,0,0,1,8,0,1,0,0,0,0,0,0,0,0,0,0,,,,,
Trey Sermon,RB,IND,3,BAL,0,0,0,0,0,17,0,5,1,4,0,2,0,0,0,0,0,0,0,0,0,0,,,,,
Treylon Burks,WR,TEN,3,CLE,0,0,0,0,0,0,0,0,1,5,0,6,0,0,0,0,0,0,0,0,0,0,,,,,
Tua Tagovailoa,QB,MIA,3,DEN,309,4,26,23,0,0,0,0,0,0,0,0,0,0,0,0,0,0,0,0,0,0,,,,,
Tutu Atwell,WR,LA,3,CIN,0,0,0,0,0,22,0,1,4,50,1,9,0,0,0,0,0,0,0,0,0,0,,,,,
Ty Chandler,RB,MIN,3,LAC,0,0,0,0,0,27,0,3,1,4,0,2,0,0,0,0,0,0,0,0,0,0,,,,,
Ty Montgomery,WR,NE,3,NYJ,0,0,0,0,0,0,0,0,0,0,0,0,0,0,0,0,0,0,0,0,0,0,,,,,
Tyjae Spears,RB,TEN,3,CLE,0,0,0,0,0,6,0,4,4,3,0,4,0,0,0,0,0,0,0,0,0,0,,,,,
Tyler Allgeier,RB,ATL,3,DET,0,0,0,0,0,12,0,7,2,17,0,3,0,0,0,0,0,0,0,0,0,0,,,,,
Tyler Bass,K,BUF,3,WAS,0,0,0,0,0,0,0,0,0,0,0,0,0,0,0,0,0,2,0,1,0,4,,,,,
Tyler Boyd,WR,CIN,3,LA,0,0,0,0,0,0,0,0,5,39,0,9,0,0,0,0,0,0,0,0,0,0,,,,,
Tyler Conklin,TE,NYJ,3,NE,0,0,0,0,0,0,0,0,3,26,0,5,0,0,0,0,0,0,0,0,0,0,,,,,
Tyler Higbee,TE,LA,3,CIN,0,0,0,0,0,0,0,0,5,71,0,5,0,0,0,0,0,0,0,0,0,0,,,,,
Tyler Lockett,WR,SEA,3,CAR,0,0,0,0,0,0,0,0,3,34,0,7,0,0,1,0,0,0,0,0,0,0,,,,,
Tyler Scott,WR,CHI,3,KC,0,0,0,0,0,0,0,0,1,6,0,3,0,0,0,0,0,0,0,0,0,0,,,,,
Tyreek Hill,WR,MIA,3,DEN,0,0,0,0,0,0,0,0,9,157,1,11,0,0,0,0,0,0,0,0,0,0,,,,,
Tyrod Taylor,QB,NYG,3,SF,0,0,1,0,0,2,0,1,0,0,0,0,0,0,0,0,0,0,0,0,0,0,,,,,
Van Jefferson,WR,LA,3,CIN,0,0,0,0,0,4,0,1,1,46,0,3,0,0,0,0,0,0,0,0,0,0,,,,,
Velus Jones Jr.,WR,CHI,3,KC,0,0,0,0,0,0,0,0,0,0,0,0,0,0,0,0,0,0,0,0,0,0,,,,,
WAS,DEF,WAS,3,BUF,,,,,,,,,,,,,,,,,,,,,,,0,0,0,0,37.0
Wan'Dale Robinson,WR,NYG,3,SF,0,0,0,0,0,0,0,0,4,21,0,5,0,0,0,0,0,0,0,0,0,0,,,,,
Wil Lutz,K,DEN,3,MIA,0,0,0,0,0,0,0,0,0,0,0,0,0,0,0,0,1,1,0,0,0,2,,,,,
Xavier Gipson,WR,NYJ,3,NE,0,0,0,0,0,0,0,0,0,0,0,0,0,0,0,0,0,0,0,0,0,0,,,,,
Younghoe Koo,K,ATL,3,DET,0,0,0,0,0,0,0,0,0,0,0,0,0,0,0,0,1,0,1,0,0,0,,,,,
Zach Charbonnet,RB,SEA,3,CAR,0,0,0,0,0,46,0,9,1,-1,0,2,0,0,0,0,0,0,0,0,0,0,,,,,
Zach Ertz,TE,ARI,3,DAL,0,0,0,0,0,0,0,0,2,6,0,2,0,0,0,0,0,0,0,0,0,0,,,,,
Zach Pascal,WR,ARI,3,DAL,0,0,0,0,0,0,0,0,0,0,0,0,0,0,0,0,0,0,0,0,0,0,,,,,
Zach Wilson,QB,NYJ,3,NE,157,0,36,18,0,1,0,1,0,0,0,0,0,0,0,0,0,0,0,0,0,0,,,,,
Zack Moss,RB,IND,3,BAL,0,0,0,0,0,122,0,30,2,23,1,3,0,0,0,0,0,0,0,0,0,0,,,,,
Zay Flowers,WR,BAL,3,IND,0,0,0,0,0,2,0,1,8,48,0,10,0,0,0,0,0,0,0,0,0,0,,,,,
A.J. Brown,WR,PHI,4,WAS,0,0,0,0,0,0,0,0,9,175,2,13,0,0,0,0,0,0,0,0,0,0,,,,,
AJ Dillon,RB,GB,4,DET,0,0,0,0,0,11,0,5,0,0,0,1,0,0,0,0,0,0,0,0,0,0,,,,,
ARI,DEF,ARI,4,SF,,,,,,,,,,,,,,,,,,,,,,,0,0,0,0,35.0
ATL,DEF,ATL,4,JAX,,,,,,,,,,,,,,,,,,,,,,,0,0,0,0,23.0
Aaron Jones,RB,GB,4,DET,0,0,0,0,0,18,0,5,1,-4,0,2,0,0,0,0,0,0,0,0,0,0,,,,,
Adam Thielen,WR,CAR,4,MIN,0,0,0,0,0,6,0,1,7,76,0,8,0,0,0,0,0,0,0,0,0,0,,,,,
Adam Trautman,TE,DEN,4,CHI,0,0,0,0,0,0,0,0,0,0,0,1,0,0,0,0,0,0,0,0,0,0,,,,,
Aidan O'Connell,QB,LV,4,LAC,238,0,39,24,1,3,1,3,0,0,0,0,0,0,0,0,0,0,0,0,0,0,,,,,
Alec Pierce,WR,IND,4,LA,0,0,0,0,0,0,0,0,1,38,0,2,0,0,0,0,0,0,0,0,0,0,,,,,
Alexander Mattison,RB,MIN,4,CAR,0,0,0,0,0,95,0,17,1,3,0,1,0,0,0,0,0,0,0,0,0,0,,,,,
Allen Lazard,WR,NYJ,4,KC,0,0,0,0,0,0,0,0,3,61,1,3,0,0,0,0,0,0,0,0,0,0,,,,,
Allen Robinson,WR,PIT,4,HOU,0,0,0,0,0,0,0,0,1,8,0,2,0,0,0,0,0,0,0,0,0,0,,,,,
Alvin Kamara,RB,NO,4,TB,0,0,0,0,0,51,0,11,13,33,0,14,0,0,0,0,0,0,0,0,0,0,,,,,
Amari Cooper,WR,CLE,4,BAL,0,0,0,0,0,0,0,0,1,16,0,6,0,0,0,0,0,0,0,0,0,0,,,,,
Ameer Abdullah,RB,LV,4,LAC,0,0,0,0,0,0,0,0,2,14,0,2,0,0,0,0,0,0,0,0,0,0,,,,,
Amon-Ra St. Brown,WR,DET,4,GB,0,0,0,0,0,0,0,0,5,56,1,7,0,0,0,0,0,0,0,0,0,0,,,,,
Anders Carlson,K,GB,4,DET,0,0,0,0,0,0,0,0,0,0,0,0,0,0,0,0,0,1,0,1,0,0,,,,,
Andrei Iosivas,WR,CIN,4,TEN,0,0,0,0,0,0,0,0,0,0,0,0,0,0,0,0,0,0,0,0,0,0,,,,,
Andrew Ogletree,TE,IND,4,LA,0,0,0,0,0,0,0,0,3,48,1,4,0,0,0,0,0,0,0,0,0,0,,,,,
Anthony Richardson,QB,IND,4,LA,200,2,25,11,0,56,1,10,0,0,0,0,0,0,2,0,0,0,0,0,0,0,,,,,
Antonio Gibson,RB,WAS,4,PHI,0,0,0,0,0,19,0,6,1,7,0,1,0,0,0,0,0,0,0,0,0,0,,,,,
Austin Hooper,TE,LV,4,LAC,0,0,0,0,0,0,0,0,1,11,0,2,0,0,0,0,0,0,0,0,0,0,,,,,
Austin Trammell,WR,LA,4,IND,0,0,0,0,0,0,0,0,0,0,0,0,0,0,0,0,0,0,0,0,0,0,,,,,
BAL,DEF,BAL,4,CLE,,,,,,,,,,,,,,,,,,,,,,,0,0,0,0,3.0
BUF,DEF,BUF,4,MIA,,,,,,,,,,,,,,,,,,,,,,,0,0,0,0,20.0
Bailey Zappe,QB,NE,4,DAL,57,0,9,4,0,0,0,0,0,0,0,0,0,0,0,0,0,0,0,0,0,0,,,,,
Baker Mayfield,QB,TB,4,NO,246,3,32,25,1,31,0,8,0,0,0,0,0,0,0,0,0,0,0,0,0,0,,,,,
Bijan Robinson,RB,ATL,4,JAX,0,0,0,0,0,105,0,14,5,32,0,5,0,0,0,0,0,0,0,0,0,0,,,,,
Blake Grupe,K,NO,4,TB,0,0,0,0,0,0,0,0,0,0,0,0,0,0,0,0,0,2,1,0,0,0,,,,,
Brandin Cooks,WR,DAL,4,NE,0,0,0,0,0,0,0,0,4,27,0,4,0,0,0,0,0,0,0,0,0,0,,,,,
Brandon Aiyuk,WR,SF,4,ARI,0,0,0,0,0,0,0,0,6,148,0,6,0,0,0,0,0,0,0,0,0,0,,,,,
Brandon Aubrey,K,DAL,4,NE,0,0,0,0,0,0,0,0,0,0,0,0,0,0,0,0,2,1,0,0,0,3,,,,,
Brandon Johnson,WR,DEN,4,CHI,0,0,0,0,0,0,0,0,1,4,1,1,0,0,0,0,0,0,0,0,0,0,,,,,
Brandon McManus,K,JAX,4,ATL,0,0,0,0,0,0,0,0,0,0,0,0,0,0,0,0,0,1,1,1,0,2,,,,,
Brandon Powell,WR,MIN,4,CAR,0,0,0,0,0,0,0,0,0,0,0,0,0,0,0,0,0,0,0,0,0,0,,,,,
Braxton Berrios,WR,MIA,4,BUF,0,0,0,0,0,11,0,1,6,43,1,6,0,0,0,0,0,0,0,0,0,0,,,,,
Brayden Willis,TE,SF,4,ARI,0,0,0,0,0,0,0,0,0,0,0,0,0,0,0,0,0,0,0,0,0,0,,,,,
Breece Hall,RB,NYJ,4,KC,0,0,0,0,0,56,0,6,3,13,0,4,0,0,0,0,0,0,0,0,0,0,,,,,
Brenton Strange,TE,JAX,4,ATL,0,0,0,0,0,0,0,0,0,0,0,0,0,0,0,0,0,0,0,0,0,0,,,,,
Brett Maher,K,LA,4,IND,0,0,0,0,0,0,0,0,0,0,0,0,0,0,0,0,0,0,1,2,0,2,,,,,
Brevin Jordan,TE,HOU,4,PIT,0,0,0,0,0,0,0,0,0,0,0,0,0,0,0,0,0,0,0,0,0,0,,,,,
Brian Robinson,RB,WAS,4,PHI,0,0,0,0,0,45,1,14,2,6,0,2,0,0,0,0,0,0,0,0,0,0,,,,,
Britain Covey,WR,PHI,4,WAS,0,0,0,0,0,0,0,0,0,0,0,0,0,0,0,0,0,0,0,0,0,0,,,,,
Brock Purdy,QB,SF,4,ARI,283,1,21,20,0,0,1,2,0,0,0,0,0,0,0,0,0,0,0,0,0,0,,,,,
Bryce Young,QB,CAR,4,MIN,204,0,32,25,0,10,0,2,0,0,0,0,0,0,0,0,0,0,0,0,0,0,,,,,
Brycen Hopkins,TE,LA,4,IND,0,0,0,0,0,0,0,0,1,5,0,1,0,0,0,0,0,0,0,0,0,0,,,,,
Byron Pringle,WR,WAS,4,PHI,0,0,0,0,0,0,0,0,1,15,0,2,0,0,0,0,0,0,0,0,0,0,,,,,
C.J. Stroud,QB,HOU,4,PIT,306,2,30,16,0,16,0,4,0,0,0,0,0,0,0,0,0,0,0,0,0,0,,,,,
C.J. Uzomah,TE,NYJ,4,KC,0,0,0,0,0,0,0,0,1,1,1,1,0,0,0,0,0,0,0,0,0,0,,,,,
CAR,DEF,CAR,4,MIN,,,,,,,,,,,,,,,,,,,,,,,1,0,0,0,21.0
CHI,DEF,CHI,4,DEN,,,,,,,,,,,,,,,,,,,,,,,0,0,0,0,31.0
CIN,DEF,CIN,4,TEN,,,,,,,,,,,,,,,,,,,,,,,0,0,0,0,27.0
CLE,DEF,CLE,4,BAL,,,,,,,,,,,,,,,,,,,,,,,0,0,0,0,28.0
Cade Otton,TE,TB,4,NO,0,0,0,0,0,0,0,0,3,13,1,4,0,0,0,0,0,0,0,0,0,0,,,,,
Cairo Santos,K,CHI,4,DEN,0,0,0,0,0,0,0,0,0,0,0,0,0,0,0,0,0,0,0,0,0,4,,,,,
Calvin Austin III,WR,PIT,4,HOU,0,0,0,0,0,5,0,1,3,24,0,5,0,0,0,0,0,0,0,0,0,0,,,,,
Calvin Ridley,WR,JAX,4,ATL,0,0,0,0,0,0,0,0,2,38,1,2,0,0,0,0,0,0,0,0,0,0,,,,,
Cam Akers,RB,MIN,4,CAR,0,0,0,0,0,40,0,5,2,11,0,2,0,0,0,0,0,0,0,0,0,0,,,,,
Cameron Dicker,K,LAC,4,LV,0,0,0,0,0,0,0,0,0,0,0,0,0,0,0,0,0,1,0,0,0,3,,,,,
Cedric Tillman,WR,CLE,4,BAL,0,0,0,0,0,0,0,0,1,5,0,3,0,0,0,0,0,0,0,0,0,0,,,,,
Cedrick Wilson Jr.,WR,MIA,4,BUF,0,0,0,0,0,0,0,0,1,16,0,2,0,0,0,0,0,0,0,0,0,0,,,,,
CeeDee Lamb,WR,DAL,4,NE,0,0,0,0,0,12,0,1,4,36,1,6,0,0,0,0,0,0,0,0,0,0,,,,,
Chad Ryland,K,NE,4,DAL,0,0,0,0,0,0,0,0,0,0,0,0,0,0,0,0,1,0,0,0,0,0,,,,,
Chase Brown,RB,CIN,4,TEN,0,0,0,0,0,0,0,0,1,-3,0,1,0,0,0,0,0,0,0,0,0,0,,,,,
Chase McLaughlin,K,TB,4,NO,0,0,0,0,0,0,0,0,0,0,0,0,0,0,0,0,1,0,0,1,0,2,,,,,
Chig Okonkwo,TE,TEN,4,CIN,0,0,0,0,0,0,0,0,3,29,0,3,0,0,0,0,0,0,0,0,0,0,,,,,
Chris Boswell,K,PIT,4,HOU,0,0,0,0,0,0,0,0,0,0,0,0,0,0,0,0,1,1,0,0,0,0,,,,,
Chris Godwin Jr.,WR,TB,4,NO,0,0,1,0,0,0,0,0,8,114,0,11,0,0,0,0,0,0,0,0,0,0,,,,,
Chris Manhertz,TE,DEN,4,CHI,0,0,0,0,0,0,0,0,1,10,0,1,0,0,0,0,0,0,0,0,0,0,,,,,
Chris Moore,WR,TEN,4,CIN,0,0,0,0,0,0,0,0,1,44,0,3,0,0,0,0,0,0,0,0,0,0,,,,,
Chris Olave,WR,NO,4,TB,0,0,0,0,0,0,0,0,1,4,0,6,0,0,0,0,0,0,0,0,0,0,,,,,
Christian Kirk,WR,JAX,4,ATL,0,0,0,0,0,0,0,0,8,84,0,12,0,0,0,0,0,0,0,0,0,0,,,,,
Christian McCaffrey,RB,SF,4,ARI,0,0,0,0,0,106,3,20,7,71,1,8,0,0,0,0,0,0,0,0,0,0,,,,,
Christian Watson,WR,GB,4,DET,0,0,0,0,0,0,0,0,2,25,1,4,0,0,0,0,0,0,0,0,0,0,,,,,
Chuba Hubbard,RB,CAR,4,MIN,0,0,0,0,0,41,0,14,2,12,0,2,0,0,0,0,0,0,0,0,0,0,,,,,
Clyde Edwards-Helaire,RB,KC,4,NYJ,0,0,0,0,0,12,0,3,1,1,0,1,0,0,0,0,0,0,0,0,0,0,,,,,
Cody Thompson,WR,SEA,4,NYG,0,0,0,0,0,0,0,0,1,10,0,1,0,0,0,0,0,0,0,0,0,0,,,,,
Colby Parkinson,TE,SEA,4,NYG,0,0,0,0,0,0,0,0,0,0,0,1,0,0,0,0,0,0,0,0,0,0,,,,,
Cole Kmet,TE,CHI,4,DEN,0,0,0,0,0,1,0,1,7,85,2,9,0,0,0,0,0,0,0,0,0,0,,,,,
Cole Turner,TE,WAS,4,PHI,0,0,0,0,0,0,0,0,0,0,0,0,0,0,0,0,0,0,0,0,0,0,,,,,
Colton Dowell,WR,TEN,4,CIN,0,0,0,0,0,0,0,0,0,0,0,1,0,0,0,0,0,0,0,0,0,0,,,,,
Cooper Rush,QB,DAL,4,NE,20,0,2,2,0,-2,0,3,0,0,0,0,0,0,0,0,0,0,0,0,0,0,,,,,
Courtland Sutton,WR,DEN,4,CHI,0,0,0,0,0,0,0,0,3,27,1,5,0,0,0,0,0,0,0,0,0,0,,,,,
Craig Reynolds,RB,DET,4,GB,0,0,0,0,0,0,0,0,0,0,0,0,0,0,0,0,0,0,0,0,0,0,,,,,
Curtis Samuel,WR,WAS,4,PHI,0,0,0,0,0,1,1,1,7,51,0,8,0,0,0,0,0,0,0,0,0,0,,,,,
D'Andre Swift,RB,PHI,4,WAS,0,0,0,0,0,56,1,14,4,23,0,4,0,0,0,0,0,0,0,0,0,0,,,,,
D'Ernest Johnson,RB,JAX,4,ATL,0,0,0,0,0,-2,0,1,0,0,0,0,0,0,0,0,0,0,0,0,0,0,,,,,
DAL,DEF,DAL,4,NE,,,,,,,,,,,,,,,,,,,,,,,1,0,0,0,3.0
DEN,DEF,DEN,4,CHI,,,,,,,,,,,,,,,,,,,,,,,0,0,0,0,28.0
DET,DEF,DET,4,GB,,,,,,,,,,,,,,,,,,,,,,,0,0,0,0,20.0
DJ Chark,WR,CAR,4,MIN,0,0,0,0,0,0,0,0,2,28,0,3,0,0,0,0,0,0,0,0,0,0,,,,,
DJ Moore,WR,CHI,4,DEN,0,0,0,0,0,0,0,0,8,131,1,9,0,0,0,0,0,0,0,0,0,0,,,,,
DK Metcalf,WR,SEA,4,NYG,0,0,0,0,0,0,0,0,3,34,1,4,0,0,0,0,0,0,0,0,0,0,,,,,
Dak Prescott,QB,DAL,4,NE,261,1,34,28,0,-1,0,1,0,0,0,0,0,0,0,0,0,0,0,0,0,0,,,,,
Dallas Goedert,TE,PHI,4,WAS,0,0,0,0,0,0,0,0,2,25,0,4,0,0,0,0,0,0,0,0,0,0,,,,,
Dalton Kincaid,TE,BUF,4,MIA,0,0,0,0,0,0,0,0,4,27,0,5,0,0,0,0,0,0,0,0,0,0,,,,,
Dalton Schultz,TE,HOU,4,PIT,0,0,0,0,0,0,0,0,3,42,1,3,0,0,0,0,0,0,0,0,0,0,,,,,
Dalvin Cook,RB,NYJ,4,KC,0,0,0,0,0,16,0,5,1,2,0,1,0,0,0,0,0,0,0,0,0,0,,,,,
Dameon Pierce,RB,HOU,4,PIT,0,0,0,0,0,81,0,24,1,27,0,2,0,0,0,0,0,0,0,0,0,0,,,,,
Damien Harris,RB,BUF,4,MIA,0,0,0,0,0,29,0,6,0,0,0,0,0,0,0,0,0,0,0,0,0,0,,,,,
Daniel Bellinger,TE,NYG,4,SEA,0,0,0,0,0,0,0,0,1,6,0,1,0,0,0,0,0,0,0,0,0,0,,,,,
Daniel Carlson,K,LV,4,LAC,0,0,0,0,0,0,0,0,0,0,0,0,0,0,0,0,1,0,0,0,0,2,,,,,
Daniel Jones,QB,NYG,4,SEA,203,0,34,27,2,66,0,10,0,0,0,0,0,0,0,0,0,0,0,0,0,0,,,,,
Darius Slayton,WR,NYG,4,SEA,0,0,0,0,0,0,0,0,2,23,0,3,0,0,0,0,0,0,0,0,0,0,,,,,
Darnell Mooney,WR,CHI,4,DEN,0,0,0,0,0,0,0,0,4,51,0,4,0,0,0,0,0,0,0,0,0,0,,,,,
Darnell Washington,TE,PIT,4,HOU,0,0,0,0,0,0,0,0,1,10,0,1,0,0,0,0,0,0,0,0,0,0,,,,,
Darren Waller,TE,NYG,4,SEA,0,0,0,0,0,0,0,0,3,21,0,3,0,0,0,0,0,0,0,0,0,0,,,,,
Davante Adams,WR,LV,4,LAC,0,0,0,0,0,0,0,0,8,75,0,13,0,0,0,0,0,0,0,0,0,0,,,,,
David Montgomery,RB,DET,4,GB,0,0,0,0,0,121,3,32,2,20,0,2,0,0,0,0,0,0,0,0,0,0,,,,,
David Njoku,TE,CLE,4,BAL,0,0,0,0,0,0,0,0,6,46,0,7,0,0,0,0,0,0,0,0,0,0,,,,,
Dawson Knox,TE,BUF,4,MIA,0,0,0,0,0,0,0,0,1,12,0,1,0,0,0,0,0,0,0,0,0,0,,,,,
De'Von Achane,RB,MIA,4,BUF,0,0,0,0,0,101,2,8,3,19,0,5,0,0,0,0,0,0,0,0,0,0,,,,,
DeAndre Carter,WR,LV,4,LAC,0,0,0,0,0,0,0,0,0,0,0,0,0,0,0,0,0,0,0,0,0,0,,,,,
DeAndre Hopkins,WR,TEN,4,CIN,0,0,0,0,0,0,0,0,4,63,0,6,0,0,0,0,0,0,0,0,0,0,,,,,
DeMario Douglas,WR,NE,4,DAL,0,0,0,0,0,0,0,0,2,45,0,3,0,0,0,0,0,0,0,0,0,0,,,,,
DeVante Parker,WR,NE,4,DAL,0,0,0,0,0,0,0,0,2,33,0,4,0,0,0,0,0,0,0,0,0,0,,,,,
DeVonta Smith,WR,PHI,4,WAS,0,0,0,0,0,0,0,0,7,78,0,9,0,0,0,0,0,0,0,0,0,0,,,,,
DeeJay Dallas,RB,SEA,4,NYG,0,0,0,0,0,0,0,0,0,0,0,1,0,0,0,0,0,0,0,0,0,0,,,,,
Deebo Samuel Sr.,WR,SF,4,ARI,0,0,0,0,0,6,0,3,0,0,0,0,0,0,0,0,0,0,0,0,0,0,,,,,
Deonte Harty,WR,BUF,4,MIA,0,0,0,0,0,0,0,0,2,10,0,2,0,0,0,0,0,0,0,0,0,0,,,,,
Derek Carr,QB,NO,4,TB,127,0,37,23,0,1,0,2,0,0,0,0,0,0,0,0,0,0,0,0,0,0,,,,,
Derius Davis,WR,LAC,4,LV,0,0,0,0,0,51,0,3,2,16,0,2,0,0,0,0,0,0,0,0,0,0,,,,,
Derrick Gore,RB,WAS,4,PHI,0,0,0,0,0,0,0,0,0,0,0,0,0,0,0,0,0,0,0,0,0,0,,,,,
Derrick Henry,RB,TEN,4,CIN,2,1,1,1,0,122,1,22,1,11,0,1,0,0,0,0,0,0,0,0,0,0,,,,,
Desmond Ridder,QB,ATL,4,JAX,191,1,31,19,2,6,0,1,0,0,0,0,0,0,0,0,0,0,0,0,0,0,,,,,
Deuce Vaughn,RB,DAL,4,NE,0,0,0,0,0,9,0,8,1,2,0,1,0,0,0,0,0,0,0,0,0,0,,,,,
Deven Thompkins,WR,TB,4,NO,0,0,0,0,0,11,0,1,4,45,1,4,0,0,0,0,0,0,0,0,0,0,,,,,
Devin Duvernay,WR,BAL,4,CLE,0,0,0,0,0,0,0,0,2,8,0,2,0,0,0,0,0,0,0,0,0,0,,,,,
Devin Singletary,RB,HOU,4,PIT,6,1,1,1,0,25,0,7,1,11,0,1,0,0,0,0,0,0,0,0,0,0,,,,,
Donald Parham,TE,LAC,4,LV,0,0,0,0,0,0,0,0,0,0,0,1,0,0,0,0,0,0,0,0,0,0,,,,,
Donovan Peoples-Jones,WR,CLE,4,BAL,0,0,0,0,0,0,0,0,1,7,0,4,0,0,0,0,0,0,0,0,0,0,,,,,
Dontayvion Wicks,WR,GB,4,DET,0,0,0,0,0,0,0,0,0,0,0,1,0,0,0,0,0,0,0,0,0,0,,,,,
Dorian Thompson-Robinson,QB,CLE,4,BAL,121,0,36,19,3,24,0,4,0,0,0,0,0,0,0,0,0,0,0,0,0,0,,,,,
Drake London,WR,ATL,4,JAX,0,0,0,0,0,0,0,0,3,28,1,7,0,0,0,0,0,0,0,0,0,0,,,,,
Drew Lock,QB,SEA,4,NYG,63,0,6,2,0,11,0,1,0,0,0,0,0,0,0,0,0,0,0,0,0,0,,,,,
Drew Sample,TE,CIN,4,TEN,0,0,0,0,0,0,0,0,1,-1,0,1,0,0,0,0,0,0,0,0,0,0,,,,,
Durham Smythe,TE,MIA,4,BUF,0,0,0,0,0,0,0,0,4,41,0,4,0,0,0,0,0,0,0,0,0,0,,,,,
Dustin Hopkins,K,CLE,4,BAL,0,0,0,0,0,0,0,0,0,0,0,0,0,0,0,0,0,0,0,1,0,0,,,,,
Dyami Brown,WR,WAS,4,PHI,0,0,0,0,0,0,0,0,2,51,0,3,0,0,0,0,0,0,0,0,0,0,,,,,
Eddy Pineiro,K,CAR,4,MIN,0,0,0,0,0,0,0,0,0,0,0,0,0,0,0,0,1,0,0,1,0,1,,,,,
Elijah Moore,WR,CLE,4,BAL,0,0,0,0,0,-20,0,1,2,20,0,4,0,0,0,0,0,0,0,0,0,0,,,,,
Emari Demercado,RB,ARI,4,SF,0,0,0,0,0,3,0,1,3,21,0,4,0,0,0,0,0,0,0,0,0,0,,,,,
Equanimeous St. Brown,WR,CHI,4,DEN,0,0,0,0,0,0,0,0,1,21,0,1,0,0,0,0,0,0,0,0,0,0,,,,,
Eric Gray,RB,NYG,4,SEA,0,0,0,0,0,0,0,0,0,0,0,0,0,0,0,0,0,0,0,0,0,0,,,,,
Evan Engram,TE,JAX,4,ATL,0,0,0,0,0,0,0,0,7,59,0,8,0,0,0,0,0,0,0,0,0,0,,,,,
Evan McPherson,K,CIN,4,TEN,0,0,0,0,0,0,0,0,0,0,0,0,0,0,0,0,1,0,0,0,0,0,,,,,
Ezekiel Elliott,RB,NE,4,DAL,0,0,0,0,0,16,0,6,2,6,0,3,0,0,0,0,0,0,0,0,0,0,,,,,
GB,DEF,GB,4,DET,,,,,,,,,,,,,,,,,,,,,,,0,0,0,0,34.0
Gabe Davis,WR,BUF,4,MIA,0,0,0,0,0,0,0,0,3,61,1,3,0,0,0,0,0,0,0,0,0,0,,,,,
Garrett Wilson,WR,NYJ,4,KC,0,0,0,0,0,0,0,0,9,60,0,14,0,0,0,0,0,0,0,0,0,0,,,,,
Gary Brightwell,RB,NYG,4,SEA,0,0,0,0,0,9,0,4,1,10,0,2,0,0,0,0,0,0,0,0,0,0,,,,,
Geno Smith,QB,SEA,4,NYG,110,1,20,13,0,0,0,0,1,-2,0,1,0,0,0,0,0,0,0,0,0,0,,,,,
Geoff Swaim,TE,ARI,4,SF,0,0,0,0,0,0,0,0,0,0,0,1,0,0,0,0,0,0,0,0,0,0,,,,,
George Kittle,TE,SF,4,ARI,0,0,0,0,0,0,0,0,1,9,0,1,0,0,0,0,0,0,0,0,0,0,,,,,
George Pickens,WR,PIT,4,HOU,0,0,0,0,0,0,0,0,3,25,0,7,0,0,0,0,0,0,0,0,0,0,,,,,
Gerald Everett,TE,LAC,4,LV,0,0,0,0,0,0,0,0,2,9,0,2,0,0,0,0,0,0,0,0,0,0,,,,,
Giovanni Ricci,TE,CAR,4,MIN,0,0,0,0,0,0,0,0,0,0,0,0,0,0,0,0,0,0,0,0,0,0,,,,,
Graham Gano,K,NYG,4,SEA,0,0,0,0,0,0,0,0,0,0,0,0,0,0,0,0,0,0,0,1,0,0,,,,,
Greg Dortch,WR,ARI,4,SF,0,0,0,0,0,0,0,0,0,0,0,0,0,0,0,0,0,0,0,0,0,0,,,,,
Greg Joseph,K,MIN,4,CAR,0,0,0,0,0,0,0,0,0,0,0,0,0,0,0,0,0,0,0,0,0,3,,,,,
Greg Zuerlein,K,NYJ,4,KC,0,0,0,0,0,0,0,0,0,0,0,0,0,0,0,0,0,1,0,0,0,1,,,,,
Gus Edwards,RB,BAL,4,CLE,0,0,0,0,0,48,0,15,2,1,0,3,0,0,0,0,0,0,0,0,0,0,,,,,
HOU,DEF,HOU,4,PIT,,,,,,,,,,,,,,,,,,,,,,,0,0,0,0,6.0
Harrison Bryant,TE,CLE,4,BAL,0,0,0,0,0,2,0,1,1,2,0,1,0,0,0,0,0,0,0,0,0,0,,,,,
Harrison Butker,K,KC,4,NYJ,0,0,0,0,0,0,0,0,0,0,0,0,0,0,0,0,1,2,0,0,0,2,,,,,
Hayden Hurst,TE,CAR,4,MIN,0,0,0,0,0,0,0,0,1,7,0,3,0,0,0,0,0,0,0,0,0,0,,,,,
Hunter Henry,TE,NE,4,DAL,0,0,0,0,0,0,0,0,4,51,0,5,0,0,0,0,0,0,0,0,0,0,,,,,
Hunter Luepke,RB,DAL,4,NE,0,0,0,0,0,4,1,2,0,0,0,0,0,0,0,0,0,0,0,0,0,0,,,,,
Hunter Renfrow,WR,LV,4,LAC,0,0,0,0,0,0,0,0,2,12,0,4,0,0,0,0,0,0,0,0,0,0,,,,,
IND,DEF,IND,4,LA,,,,,,,,,,,,,,,,,,,,,,,0,0,0,0,29.0
Ian Thomas,TE,CAR,4,MIN,0,0,0,0,0,0,0,0,0,0,0,1,0,0,0,0,0,0,0,0,0,0,,,,,
Ihmir Smith-Marsette,WR,CAR,4,MIN,0,0,0,0,0,0,0,0,0,0,0,0,0,0,0,0,0,0,0,0,0,0,,,,,
Isaiah Hodgins,WR,NYG,4,SEA,0,0,0,0,0,0,0,0,3,24,0,3,0,0,0,0,0,0,0,0,0,0,,,,,
Isaiah Likely,TE,BAL,4,CLE,0,0,0,0,0,0,0,0,0,0,0,0,0,0,0,0,0,0,0,0,0,0,,,,,
Isaiah McKenzie,WR,IND,4,LA,0,0,0,0,0,0,0,0,1,6,0,3,0,0,0,0,0,0,0,0,0,0,,,,,
Isaiah Spiller,RB,LAC,4,LV,0,0,0,0,0,12,0,5,2,15,0,2,0,0,0,0,0,0,0,0,0,0,,,,,
Isiah Pacheco,RB,KC,4,NYJ,0,0,0,0,0,115,1,20,3,43,0,3,0,0,0,0,0,0,0,0,0,0,,,,,
JAX,DEF,JAX,4,ATL,,,,,,,,,,,,,,,,,,,,,,,1,0,0,0,7.0
Ja'Marr Chase,WR,CIN,4,TEN,0,0,0,0,0,0,0,0,7,73,0,9,0,0,0,0,0,0,0,0,0,0,,,,,
JaMycal Hasty,RB,JAX,4,ATL,0,0,0,0,0,0,0,0,0,0,0,2,0,0,0,0,0,0,0,0,0,0,,,,,
Jahan Dotson,WR,WAS,4,PHI,0,0,0,0,0,0,0,0,4,27,1,9,0,0,0,0,0,0,0,0,0,0,,,,,
Jahmyr Gibbs,RB,DET,4,GB,0,0,0,0,0,40,0,8,4,11,0,5,0,0,0,0,0,0,0,0,0,0,,,,,
Jake Bobo,WR,SEA,4,NYG,0,0,0,0,0,0,0,0,0,0,0,1,0,0,0,0,0,0,0,0,0,0,,,,,
Jake Elliott,K,PHI,4,WAS,0,0,0,0,0,0,0,0,0,0,0,0,0,0,0,0,0,1,2,1,0,2,,,,,
Jake Ferguson,TE,DAL,4,NE,0,0,0,0,0,0,0,0,7,77,0,7,0,0,0,0,0,0,0,0,0,0,,,,,
Jake Moody,K,SF,4,ARI,0,0,0,0,0,0,0,0,0,0,0,0,0,0,0,0,0,0,0,0,0,5,,,,,
Jakob Johnson,RB,LV,4,LAC,0,0,0,0,0,0,0,0,1,12,0,2,0,0,0,0,0,0,0,0,0,0,,,,,
Jakobi Meyers,WR,LV,4,LAC,0,0,0,0,0,0,0,0,2,33,0,4,0,0,0,0,0,0,0,0,0,0,,,,,
Jaleel McLaughlin,RB,DEN,4,CHI,0,0,0,0,0,72,0,7,3,32,1,3,0,0,0,0,0,0,0,0,0,0,,,,,
Jalen Hurts,QB,PHI,4,WAS,319,2,37,25,0,34,0,9,0,0,0,0,0,0,0,0,0,0,0,0,0,0,,,,,
Jalen Tolbert,WR,DAL,4,NE,0,0,0,0,0,0,0,0,4,53,0,4,0,0,0,0,0,0,0,0,0,0,,,,,
Jalin Hyatt,WR,NYG,4,SEA,0,0,0,0,0,0,0,0,2,10,0,2,0,0,0,0,0,0,0,0,0,0,,,,,
Jameis Winston,QB,NO,4,TB,0,0,1,0,1,0,0,0,0,0,0,0,0,0,0,0,0,0,0,0,0,0,,,,,
James Conner,RB,ARI,4,SF,0,0,0,0,0,52,0,11,1,4,0,2,0,0,0,0,0,0,0,0,0,0,,,,,
James Cook,RB,BUF,4,MIA,0,0,0,0,0,29,1,12,1,48,0,1,0,0,0,0,0,0,0,0,0,0,,,,,
Jamison Crowder,WR,WAS,4,PHI,0,0,0,0,0,0,0,0,0,0,0,0,0,0,0,0,0,0,0,0,0,0,,,,,
Jared Goff,QB,DET,4,GB,210,1,28,19,1,10,0,2,0,0,0,0,0,0,0,0,0,0,0,0,0,0,,,,,
Jason Myers,K,SEA,4,NYG,0,0,0,0,0,0,0,0,0,0,0,0,0,0,0,0,0,1,0,0,0,3,,,,,
Jason Sanders,K,MIA,4,BUF,0,0,0,0,0,0,0,0,0,0,0,0,0,0,0,0,0,0,0,0,0,2,,,,,
Javonte Williams,RB,DEN,4,CHI,0,0,0,0,0,0,0,2,3,9,0,3,0,0,0,0,0,0,0,0,0,0,,,,,
Jaxon Smith-Njigba,WR,SEA,4,NYG,0,0,0,0,0,0,0,0,3,5,0,6,0,0,0,0,0,0,0,0,0,0,,,,,
Jayden Reed,WR,GB,4,DET,0,0,0,0,0,0,0,0,3,55,0,5,0,0,1,0,0,0,0,0,0,0,,,,,
Jaylen Waddle,WR,MIA,4,BUF,0,0,0,0,0,0,0,0,4,46,0,5,0,0,0,0,0,0,0,0,0,0,,,,,
Jaylen Warren,RB,PIT,4,HOU,0,0,0,0,0,29,0,8,6,26,0,6,0,0,0,0,0,0,0,0,0,0,,,,,
Jeremy Ruckert,TE,NYJ,4,KC,0,0,0,0,0,0,0,0,2,26,0,2,0,0,0,0,0,0,0,0,0,0,,,,,
Jerick McKinnon,RB,KC,4,NYJ,0,0,0,0,0,7,0,3,0,0,0,1,0,0,0,0,0,0,0,0,0,0,,,,,
Jerome Ford,RB,CLE,4,BAL,0,0,0,0,0,26,0,9,5,19,0,6,0,0,0,0,0,0,0,0,0,0,,,,,
Jerry Jeudy,WR,DEN,4,CHI,0,0,0,0,0,0,0,0,3,52,0,5,0,0,0,0,0,0,0,0,0,0,,,,,
Joe Burrow,QB,CIN,4,TEN,165,0,30,20,0,1,0,3,0,0,0,0,0,0,0,0,0,0,0,0,0,0,,,,,
Joe Mixon,RB,CIN,4,TEN,0,0,0,0,0,67,0,14,1,9,0,1,0,0,0,0,0,0,0,0,0,0,,,,,
Joey Slye,K,WAS,4,PHI,0,0,0,0,0,0,0,0,0,0,0,0,0,0,0,0,1,0,0,0,0,4,,,,,
John Bates,TE,WAS,4,PHI,0,0,0,0,0,0,0,0,1,6,0,1,0,0,0,0,0,0,0,0,0,0,,,,,
John Metchie III,WR,HOU,4,PIT,0,0,0,0,0,0,0,0,1,22,0,2,0,0,0,0,0,0,0,0,0,0,,,,,
Jonnu Smith,TE,ATL,4,JAX,0,0,0,0,0,0,0,0,6,95,0,6,0,0,0,0,0,0,0,0,0,0,,,,,
Jordan Addison,WR,MIN,4,CAR,0,0,0,0,0,0,0,0,0,0,0,1,0,0,0,0,0,0,0,0,0,0,,,,,
Jordan Akins,TE,CLE,4,BAL,0,0,0,0,0,0,0,0,1,6,0,2,0,0,0,0,0,0,0,0,0,0,,,,,
Jordan Love,QB,GB,4,DET,246,1,36,23,2,-2,1,2,0,0,0,0,0,0,1,0,0,0,0,0,0,0,,,,,
Jordan Mason,RB,SF,4,ARI,0,0,0,0,0,10,0,3,1,13,0,1,0,0,0,0,0,0,0,0,0,0,,,,,
Josh Allen,QB,BUF,4,MIA,320,4,25,21,0,17,1,4,0,0,0,0,0,0,0,0,0,0,0,0,0,0,,,,,
Josh Downs,WR,IND,4,LA,0,0,0,0,0,0,0,0,2,34,0,3,0,0,0,0,0,0,0,0,0,0,,,,,
Josh Jacobs,RB,LV,4,LAC,0,0,0,0,0,58,1,17,8,81,0,11,0,0,0,0,0,0,0,0,0,0,,,,,
Josh Oliver,TE,MIN,4,CAR,0,0,0,0,0,0,0,0,0,0,0,0,0,0,0,0,0,0,0,0,0,0,,,,,
Josh Palmer,WR,LAC,4,LV,0,0,0,0,0,0,0,0,3,77,0,8,0,0,0,0,0,0,0,0,0,0,,,,,
Josh Reynolds,WR,DET,4,GB,0,0,0,0,0,0,0,0,3,69,0,6,0,0,0,0,0,0,0,0,0,0,,,,,
Josh Whyle,TE,TEN,4,CIN,0,0,0,0,0,0,0,0,2,26,1,2,0,0,0,0,0,0,0,0,0,0,,,,,
Joshua Dobbs,QB,ARI,4,SF,265,2,41,28,0,48,0,12,0,0,0,0,0,0,0,0,0,0,0,0,0,0,,,,,
Joshua Kelley,RB,LAC,4,LV,0,0,0,0,0,65,0,17,0,0,0,0,0,0,0,0,0,0,0,0,0,0,,,,,
Josiah Deguara,TE,GB,4,DET,0,0,0,0,0,0,0,0,4,34,0,4,0,0,0,0,0,0,0,0,0,0,,,,,
JuJu Smith-Schuster,WR,NE,4,DAL,0,0,0,0,0,0,0,0,1,14,0,5,0,0,0,0,0,0,0,0,0,0,,,,,
Julian Hill,TE,MIA,4,BUF,0,0,0,0,0,0,0,0,0,0,0,0,0,0,0,0,0,0,0,0,0,0,,,,,
Justice Hill,RB,BAL,4,CLE,0,0,0,0,0,33,0,3,0,0,0,0,0,0,0,0,0,0,0,0,0,0,,,,,
Justin Fields,QB,CHI,4,DEN,335,4,35,28,1,25,0,4,0,0,0,0,0,0,0,0,0,0,0,0,0,0,,,,,
Justin Herbert,QB,LAC,4,LV,167,1,24,13,1,27,2,12,0,0,0,0,0,0,0,0,0,0,0,0,0,0,,,,,
Justin Jefferson,WR,MIN,4,CAR,0,0,0,0,0,0,0,0,6,85,2,9,0,0,0,0,0,0,0,0,0,0,,,,,
Justin Tucker,K,BAL,4,CLE,0,0,0,0,0,0,0,0,0,0,0,0,0,0,0,0,0,0,0,0,0,4,,,,,
Justin Watson,WR,KC,4,NYJ,0,0,0,0,0,0,0,0,1,5,0,1,0,0,0,0,0,0,0,0,0,0,,,,,
K.J. Osborn,WR,MIN,4,CAR,0,0,0,0,0,0,0,0,1,16,0,2,0,0,0,0,0,0,0,0,0,0,,,,,
KC,DEF,KC,4,NYJ,,,,,,,,,,,,,,,,,,,,,,,0,0,0,0,20.0
Ka'imi Fairbairn,K,HOU,4,PIT,0,0,0,0,0,0,0,0,0,0,0,0,0,0,0,0,0,3,0,0,0,3,,,,,
KaVontae Turpin,WR,DAL,4,NE,0,0,0,0,0,46,0,1,1,5,0,1,0,0,0,0,0,0,0,0,0,0,,,,,
Kadarius Toney,WR,KC,4,NYJ,0,0,0,0,0,0,0,0,2,22,0,2,0,0,0,0,0,0,0,0,0,0,,,,,
Kalif Raymond,WR,DET,4,GB,0,0,0,0,0,40,0,1,1,-2,0,1,0,0,0,0,0,0,0,0,0,0,,,,,
Kareem Hunt,RB,CLE,4,BAL,0,0,0,0,0,12,0,5,0,0,0,0,0,0,0,0,0,0,0,0,0,0,,,,,
Ke'Shawn Vaughn,RB,TB,4,NO,0,0,0,0,0,16,0,9,1,3,0,1,0,0,0,0,0,0,0,0,0,0,,,,,
Keenan Allen,WR,LAC,4,LV,0,0,0,0,0,0,0,0,3,32,1,5,0,0,0,0,0,0,0,0,0,0,,,,,
Kendre Miller,RB,NO,4,TB,0,0,0,0,0,3,0,1,1,5,0,1,0,0,0,0,0,0,0,0,0,0,,,,,
Kendrick Bourne,WR,NE,4,DAL,0,0,0,0,0,0,0,0,2,36,0,3,0,0,0,0,0,0,0,0,0,0,,,,,
Kenneth Walker III,RB,SEA,4,NYG,0,0,0,0,0,79,1,17,0,0,0,0,0,0,0,0,0,0,0,0,0,0,,,,,
Kenny Gainwell,RB,PHI,4,WAS,0,0,0,0,0,14,0,4,2,7,0,2,0,0,1,0,0,0,0,0,0,0,,,,,
Kenny Pickett,QB,PIT,4,HOU,114,0,23,15,1,9,0,2,0,0,0,0,0,0,0,0,0,0,0,0,0,0,,,,,
KhaDarel Hodge,WR,ATL,4,JAX,0,0,0,0,0,0,0,0,2,19,0,2,0,0,0,0,0,0,0,0,0,0,,,,,
Khalil Herbert,RB,CHI,4,DEN,0,0,0,0,0,103,0,18,4,19,1,5,0,0,0,0,0,0,0,0,0,0,,,,,
Khalil Shakir,WR,BUF,4,MIA,0,0,0,0,0,0,0,0,0,0,0,1,0,0,0,0,0,0,0,0,0,0,,,,,
Kirk Cousins,QB,MIN,4,CAR,139,2,19,12,2,0,0,1,0,0,0,0,0,0,0,0,0,0,0,0,0,0,,,,,
Ko Kieft,TE,TB,4,NO,0,0,0,0,0,0,0,0,0,0,0,0,0,0,0,0,0,0,0,0,0,0,,,,,
Kyle Allen,QB,BUF,4,MIA,0,0,0,0,0,-3,0,3,0,0,0,0,0,0,0,0,0,0,0,0,0,0,,,,,
Kyle Juszczyk,RB,SF,4,ARI,0,0,0,0,0,3,0,2,1,4,0,1,0,0,0,0,0,0,0,0,0,0,,,,,
Kyle Pitts,TE,ATL,4,JAX,0,0,0,0,0,0,0,0,2,21,0,4,0,0,0,0,0,0,0,0,0,0,,,,,
Kylen Granson,TE,IND,4,LA,0,0,0,0,0,0,0,0,2,24,0,5,0,0,0,0,0,0,0,0,0,0,,,,,
Kyren Williams,RB,LA,4,IND,0,0,0,0,0,103,2,25,3,24,0,3,0,0,0,0,0,0,0,0,0,0,,,,,
LA,DEF,LA,4,IND,,,,,,,,,,,,,,,,,,,,,,,0,0,0,0,23.0
LAC,DEF,LAC,4,LV,,,,,,,,,,,,,,,,,,,,,,,0,0,0,0,17.0
LV,DEF,LV,4,LAC,,,,,,,,,,,,,,,,,,,,,,,0,0,0,0,24.0
Lamar Jackson,QB,BAL,4,CLE,186,2,19,15,0,27,2,9,0,0,0,0,0,0,0,0,0,0,0,0,0,0,,,,,
Laquon Treadwell,WR,BAL,4,CLE,0,0,0,0,0,0,0,0,0,0,0,0,0,0,0,0,0,0,0,0,0,0,,,,,
Latavius Murray,RB,BUF,4,MIA,0,0,0,0,0,32,0,4,2,24,0,2,0,0,0,0,0,0,0,0,0,0,,,,,
Laviska Shenault Jr.,WR,CAR,4,MIN,0,0,0,0,0,7,0,1,1,12,0,1,0,0,0,0,0,0,0,0,0,0,,,,,
Lil'Jordan Humphrey,WR,DEN,4,CHI,0,0,0,0,0,0,0,0,1,11,0,1,0,0,0,0,0,0,0,0,0,0,,,,,
Logan Thomas,TE,WAS,4,PHI,0,0,0,0,0,2,0,1,3,41,0,3,0,0,0,0,0,0,0,0,0,0,,,,,
Luke Farrell,TE,JAX,4,ATL,0,0,0,0,0,0,0,0,2,10,0,2,0,0,0,0,0,0,0,0,0,0,,,,,
Luke Musgrave,TE,GB,4,DET,0,0,0,0,0,0,0,0,1,1,0,1,0,0,0,0,0,0,0,0,0,0,,,,,
Luke Schoonmaker,TE,DAL,4,NE,0,0,0,0,0,0,0,0,0,0,0,3,0,0,0,0,0,0,0,0,0,0,,,,,
Lynn Bowden,WR,NO,4,TB,0,0,0,0,0,0,0,0,0,0,0,1,0,0,0,0,0,0,0,0,0,0,,,,,
MIA,DEF,MIA,4,BUF,,,,,,,,,,,,,,,,,,,,,,,0,0,0,0,48.0
MIN,DEF,MIN,4,CAR,,,,,,,,,,,,,,,,,,,,,,,0,0,0,0,13.0
Mac Jones,QB,NE,4,DAL,150,0,21,12,2,7,0,3,0,0,0,0,0,0,0,0,0,0,0,0,0,0,,,,,
Mack Hollins,WR,ATL,4,JAX,0,0,0,0,0,0,0,0,0,0,0,3,0,0,0,0,0,0,0,0,0,0,,,,,
Marcedes Lewis,TE,CHI,4,DEN,0,0,0,0,0,0,0,0,1,8,0,1,0,0,0,0,0,0,0,0,0,0,,,,,
Mark Andrews,TE,BAL,4,CLE,0,0,0,0,0,0,0,0,5,80,2,5,0,0,0,0,0,0,0,0,0,0,,,,,
Marquez Valdes-Scantling,WR,KC,4,NYJ,0,0,0,0,0,0,0,0,1,6,0,2,0,0,0,0,0,0,0,0,0,0,,,,,
Marquise Brown,WR,ARI,4,SF,0,0,0,0,0,0,0,0,7,96,0,10,0,0,0,0,0,0,0,0,0,0,,,,,
Marquise Goodwin,WR,CLE,4,BAL,0,0,0,0,0,0,0,0,1,0,0,1,0,0,0,0,0,0,0,0,0,0,,,,,
Marvin Jones,WR,DET,4,GB,0,0,0,0,0,0,0,0,0,0,0,1,0,0,0,0,0,0,0,0,0,0,,,,,
Marvin Mims Jr.,WR,DEN,4,CHI,0,0,0,0,0,0,0,0,2,47,0,2,0,0,0,0,0,0,0,0,0,0,,,,,
Mason Kinsey,WR,TEN,4,CIN,0,0,0,0,0,0,0,0,0,0,0,0,0,0,0,0,0,0,0,0,0,0,,,,,
Matt Breida,RB,NYG,4,SEA,0,0,0,0,0,30,0,14,5,48,0,5,0,0,0,0,0,0,0,0,0,0,,,,,
Matt Gay,K,IND,4,LA,0,0,0,0,0,0,0,0,0,0,0,0,0,0,0,0,0,0,0,0,0,1,,,,,
Matt Prater,K,ARI,4,SF,0,0,0,0,0,0,0,0,0,0,0,0,0,0,0,0,0,1,0,0,0,1,,,,,
Matthew Slater,WR,NE,4,DAL,0,0,0,0,0,0,0,0,0,0,0,0,0,0,0,0,0,0,0,0,0,0,,,,,
Matthew Stafford,QB,LA,4,IND,319,1,40,27,1,14,0,2,0,0,0,0,0,0,0,0,0,0,0,0,0,0,,,,,
Melvin Gordon,RB,BAL,4,CLE,0,0,0,0,0,21,0,3,1,23,0,1,0,0,0,0,0,0,0,0,0,0,,,,,
Michael Carter,RB,NYJ,4,KC,0,0,0,0,0,9,0,1,2,12,0,3,0,0,0,0,0,0,0,0,0,0,,,,,
Michael Gallup,WR,DAL,4,NE,0,0,0,0,0,0,0,0,5,60,0,6,0,0,0,0,0,0,0,0,0,0,,,,,
Michael Pittman,WR,IND,4,LA,0,0,0,0,0,0,0,0,1,15,0,5,0,0,1,0,0,0,0,0,0,0,,,,,
Michael Thomas,WR,NO,4,TB,0,0,0,0,0,0,0,0,4,53,0,6,0,0,0,0,0,0,0,0,0,0,,,,,
Michael Wilson,WR,ARI,4,SF,0,0,0,0,0,0,0,0,7,76,2,7,0,0,0,0,0,0,0,0,0,0,,,,,
Mike Boone,RB,HOU,4,PIT,0,0,0,0,0,4,0,1,0,0,0,0,0,0,0,0,0,0,0,0,0,0,,,,,
Mike Evans,WR,TB,4,NO,0,0,0,0,0,0,0,0,3,40,0,3,0,0,0,0,0,0,0,0,0,0,,,,,
Mike Gesicki,TE,NE,4,DAL,0,0,0,0,0,0,0,0,1,12,0,3,0,0,0,0,0,0,0,0,0,0,,,,,
Miles Sanders,RB,CAR,4,MIN,0,0,0,0,0,19,0,13,3,13,0,3,0,0,0,0,0,0,0,0,0,0,,,,,
Mitchell Trubisky,QB,PIT,4,HOU,18,0,5,3,0,0,0,0,0,0,0,0,0,0,0,0,0,0,0,0,0,0,,,,,
Mitchell Wilcox,TE,CIN,4,TEN,0,0,0,0,0,0,0,0,1,7,0,1,0,0,0,0,0,0,0,0,0,0,,,,,
Mo Alie-Cox,TE,IND,4,LA,0,0,0,0,0,0,0,0,1,35,1,1,0,0,0,0,0,0,0,0,0,0,,,,,
Montrell Washington,WR,KC,4,NYJ,0,0,0,0,0,0,0,0,0,0,0,0,0,0,0,0,0,0,0,0,0,0,,,,,
MyCole Pruitt,TE,ATL,4,JAX,0,0,0,0,0,0,0,0,0,0,0,1,0,0,0,0,0,0,0,0,0,0,,,,,
NE,DEF,NE,4,DAL,,,,,,,,,,,,,,,,,,,,,,,0,0,0,0,38.0
NO,DEF,NO,4,TB,,,,,,,,,,,,,,,,,,,,,,,0,0,0,0,26.0
NYG,DEF,NYG,4,SEA,,,,,,,,,,,,,,,,,,,,,,,0,0,0,0,24.0
NYJ,DEF,NYJ,4,KC,,,,,,,,,,,,,,,,,,,,,,,0,1,0,0,23.0
Najee Harris,RB,PIT,4,HOU,0,0,0,0,0,71,0,14,1,32,0,2,0,0,0,0,0,0,0,0,0,0,,,,,
Nate Adkins,TE,DEN,4,CHI,0,0,0,0,0,0,0,0,2,8,0,2,0,0,0,0,0,0,0,0,0,0,,,,,
Nelson Agholor,WR,BAL,4,CLE,0,0,0,0,0,0,0,0,1,4,0,2,0,0,0,0,0,0,0,0,0,0,,,,,
Nick Folk,K,TEN,4,CIN,0,0,0,0,0,0,0,0,0,0,0,0,0,0,0,0,0,1,0,1,0,3,,,,,
Nick Westbrook-Ikhine,WR,TEN,4,CIN,0,0,0,0,0,0,0,0,5,51,1,6,0,0,0,0,0,0,0,0,0,0,,,,,
Nico Collins,WR,HOU,4,PIT,0,0,0,0,0,0,0,0,7,168,2,9,0,0,0,0,0,0,0,0,0,0,,,,,
Noah Fant,TE,SEA,4,NYG,0,0,0,0,0,0,0,0,2,63,0,2,0,0,0,0,0,0,0,0,0,0,,,,,
Noah Gray,TE,KC,4,NYJ,0,0,0,0,0,0,0,0,1,34,1,3,0,0,0,0,0,0,0,0,0,0,,,,,
Olamide Zaccheaus,WR,PHI,4,WAS,0,0,0,0,0,0,0,0,1,11,0,2,0,0,0,0,0,0,0,0,0,0,,,,,
PHI,DEF,PHI,4,WAS,,,,,,,,,,,,,,,,,,,,,,,0,0,0,0,31.0
PIT,DEF,PIT,4,HOU,,,,,,,,,,,,,,,,,,,,,,,0,0,0,0,30.0
Parker Washington,WR,JAX,4,ATL,0,0,0,0,0,0,0,0,0,0,0,0,0,0,0,0,0,0,0,0,0,0,,,,,
Parris Campbell,WR,NYG,4,SEA,0,0,0,0,0,0,0,0,3,15,0,5,0,0,0,0,0,0,0,0,0,0,,,,,
Pat Freiermuth,TE,PIT,4,HOU,0,0,0,0,0,0,0,0,3,7,0,4,0,0,0,0,0,0,0,0,0,0,,,,,
Patrick Mahomes,QB,KC,4,NYJ,203,1,30,18,2,51,0,7,0,0,0,0,0,0,0,0,0,0,0,0,0,0,,,,,
Patrick Ricard,RB,BAL,4,CLE,0,0,0,0,0,0,0,0,1,14,0,1,0,0,0,0,0,0,0,0,0,0,,,,,
Pierre Strong,RB,CLE,4,BAL,0,0,0,0,0,49,0,5,0,0,0,0,0,0,0,0,0,0,0,0,0,0,,,,,
Puka Nacua,WR,LA,4,IND,0,0,0,0,0,0,0,0,9,163,1,10,0,0,0,0,0,0,0,0,0,0,,,,,
Quentin Johnston,WR,LAC,4,LV,0,0,0,0,0,0,0,0,1,18,0,3,0,0,0,0,0,0,0,0,0,0,,,,,
Rachaad White,RB,TB,4,NO,0,0,0,0,0,56,0,15,3,22,0,3,0,0,0,0,0,0,0,0,0,0,,,,,
Raheem Mostert,RB,MIA,4,BUF,0,0,0,0,0,9,0,7,3,36,0,5,0,0,0,0,0,0,0,0,0,0,,,,,
Rakim Jarrett,WR,TB,4,NO,0,0,0,0,0,0,0,0,1,3,0,1,0,0,0,0,0,0,0,0,0,0,,,,,
Randall Cobb,WR,NYJ,4,KC,0,0,0,0,0,0,0,0,2,8,0,4,0,0,0,0,0,0,0,0,0,0,,,,,
Rashee Rice,WR,KC,4,NYJ,0,0,0,0,0,0,0,0,3,32,0,5,0,0,0,0,0,0,0,0,0,0,,,,,
Rashid Shaheed,WR,NO,4,TB,0,0,0,0,0,0,0,0,3,33,0,7,0,0,0,0,0,0,0,0,0,0,,,,,
Ray-Ray McCloud,WR,SF,4,ARI,0,0,0,0,0,0,0,0,2,22,0,2,0,0,0,0,0,0,0,0,0,0,,,,,
Rhamondre Stevenson,RB,NE,4,DAL,0,0,0,0,0,30,0,14,2,10,0,3,0,0,0,0,0,0,0,0,0,0,,,,,
Rico Dowdle,RB,DAL,4,NE,0,0,0,0,0,9,0,3,1,8,0,1,0,0,0,0,0,0,0,0,0,0,,,,,
Riley Patterson,K,DET,4,GB,0,0,0,0,0,0,0,0,0,0,0,0,0,0,0,0,0,2,0,0,0,4,,,,,
Robbie Chosen,WR,MIA,4,BUF,0,0,0,0,0,0,0,0,0,0,0,1,0,0,0,0,0,0,0,0,0,0,,,,,
Robert Tonyan,TE,CHI,4,DEN,0,0,0,0,0,0,0,0,2,18,0,2,0,0,0,0,0,0,0,0,0,0,,,,,
Robert Woods,WR,HOU,4,PIT,0,0,0,0,0,0,0,0,3,26,0,6,0,0,0,0,0,0,0,0,0,0,,,,,
Romeo Doubs,WR,GB,4,DET,0,0,0,0,0,0,0,0,9,95,0,13,0,0,0,0,0,0,0,0,0,0,,,,,
Rondale Moore,WR,ARI,4,SF,0,0,0,0,0,0,0,0,0,0,0,2,0,0,0,0,0,0,0,0,0,0,,,,,
Ronnie Bell,WR,SF,4,ARI,0,0,0,0,0,0,0,0,1,7,0,1,0,0,0,0,0,0,0,0,0,0,,,,,
Ronnie Rivers,RB,LA,4,IND,0,0,0,0,0,47,0,9,2,10,0,2,0,0,0,0,0,0,0,0,0,0,,,,,
Roschon Johnson,RB,CHI,4,DEN,0,0,0,0,0,13,0,5,1,2,0,1,0,0,0,0,0,0,0,0,0,0,,,,,
Royce Freeman,RB,LA,4,IND,0,0,0,0,0,0,0,0,0,0,0,0,0,0,0,0,0,0,0,0,0,0,,,,,
Russell Wilson,QB,DEN,4,CHI,223,3,28,21,0,13,0,4,0,0,0,0,0,0,0,0,0,0,0,0,0,0,,,,,
Ryan Tannehill,QB,TEN,4,CIN,240,1,25,18,1,11,0,6,0,0,0,0,0,0,0,0,0,0,0,0,0,0,,,,,
SEA,DEF,SEA,4,NYG,,,,,,,,,,,,,,,,,,,,,,,1,0,0,0,3.0
SF,DEF,SF,4,ARI,,,,,,,,,,,,,,,,,,,,,,,0,0,0,0,16.0
Sam Darnold,QB,SF,4,ARI,0,0,0,0,0,-1,0,1,0,0,0,0,0,0,0,0,0,0,0,0,0,0,,,,,
Sam Howell,QB,WAS,4,PHI,290,1,41,29,0,40,0,6,0,0,0,0,0,0,0,0,0,0,0,0,0,0,,,,,
Sam LaPorta,TE,DET,4,GB,0,0,0,0,0,0,0,0,4,56,0,5,0,0,0,0,0,0,0,0,0,0,,,,,
Samaje Perine,RB,DEN,4,CHI,0,0,0,0,0,12,0,6,2,23,0,2,0,0,0,0,0,0,0,0,0,0,,,,,
Samori Toure,WR,GB,4,DET,0,0,0,0,0,0,0,0,1,35,0,1,0,0,0,0,0,0,0,0,0,0,,,,,
Sean McKeon,TE,DAL,4,NE,0,0,0,0,0,0,0,0,0,0,0,0,0,0,0,0,0,0,0,0,0,0,,,,,
Simi Fehoko,WR,LAC,4,LV,0,0,0,0,0,0,0,0,0,0,0,0,0,0,0,0,0,0,0,0,0,0,,,,,
Skyy Moore,WR,KC,4,NYJ,0,0,0,0,0,19,0,2,0,0,0,2,0,0,0,0,0,0,0,0,0,0,,,,,
Stefon Diggs,WR,BUF,4,MIA,0,0,0,0,0,0,0,0,6,120,3,7,0,0,0,0,0,0,0,0,0,0,,,,,
Sterling Shepard,WR,NYG,4,SEA,0,0,0,0,0,0,0,0,1,6,0,1,0,0,0,0,0,0,0,0,0,0,,,,,
Stone Smartt,TE,LAC,4,LV,0,0,0,0,0,0,0,0,0,0,0,1,0,0,0,0,0,0,0,0,0,0,,,,,
T.J. Hockenson,TE,MIN,4,CAR,0,0,0,0,0,0,0,0,2,24,0,3,0,0,0,0,0,0,0,0,0,0,,,,,
TB,DEF,TB,4,NO,,,,,,,,,,,,,,,,,,,,,,,0,0,0,0,9.0
TEN,DEF,TEN,4,CIN,,,,,,,,,,,,,,,,,,,,,,,0,0,0,0,3.0
Tank Bigsby,RB,JAX,4,ATL,0,0,0,0,0,10,0,3,0,0,0,0,0,0,0,0,0,0,0,0,0,0,,,,,
Tank Dell,WR,HOU,4,PIT,0,0,0,0,0,13,0,2,1,16,0,3,0,0,0,0,0,0,0,0,0,0,,,,,
Tanner Hudson,TE,CIN,4,TEN,0,0,0,0,0,0,0,0,2,18,0,2,0,0,0,0,0,0,0,0,0,0,,,,,
Taysom Hill,TE,NO,4,TB,13,0,1,1,0,10,0,4,1,7,0,1,0,0,0,0,0,0,0,0,0,0,,,,,
Tee Higgins,WR,CIN,4,TEN,0,0,0,0,0,0,0,0,2,19,0,4,0,0,0,0,0,0,0,0,0,0,,,,,
Terrace Marshall Jr.,WR,CAR,4,MIN,0,0,0,0,0,0,0,0,9,56,0,10,0,0,0,0,0,0,0,0,0,0,,,,,
Terry McLaurin,WR,WAS,4,PHI,0,0,0,0,0,0,0,0,8,86,0,10,0,1,0,0,0,0,0,0,0,0,,,,,
Tim Jones,WR,JAX,4,ATL,0,0,0,0,0,0,0,0,1,-1,0,1,0,0,0,0,0,0,0,0,0,0,,,,,
Tony Pollard,RB,DAL,4,NE,0,0,0,0,0,47,0,11,3,13,0,3,0,0,0,0,0,0,0,0,0,0,,,,,
Travis Etienne,RB,JAX,4,ATL,0,0,0,0,0,55,0,20,3,17,0,3,0,0,0,0,0,0,0,0,0,0,,,,,
Travis Homer,RB,CHI,4,DEN,0,0,0,0,0,0,0,0,0,0,0,0,0,0,0,0,0,0,0,0,0,0,,,,,
Travis Kelce,TE,KC,4,NYJ,0,0,0,0,0,0,0,0,6,60,0,9,0,0,0,0,0,0,0,0,0,0,,,,,
Trayveon Williams,RB,CIN,4,TEN,0,0,0,0,0,4,0,1,0,0,0,0,0,0,0,0,0,0,0,0,0,0,,,,,
Trent Sherfield,WR,BUF,4,MIA,0,0,0,0,0,0,0,0,2,18,0,3,0,0,0,0,0,0,0,0,0,0,,,,,
Trent Taylor,WR,CHI,4,DEN,0,0,0,0,0,0,0,0,0,0,0,0,0,0,0,0,0,0,0,0,0,0,,,,,
Trenton Irwin,WR,CIN,4,TEN,0,0,0,0,0,0,0,0,1,17,0,1,0,0,0,0,0,0,0,0,0,0,,,,,
Trevor Lawrence,QB,JAX,4,ATL,207,1,30,23,0,42,0,8,0,0,0,0,0,0,0,0,0,0,0,0,0,0,,,,,
Trey McBride,TE,ARI,4,SF,0,0,0,0,0,0,0,0,1,5,0,1,0,0,0,0,0,0,0,0,0,0,,,,,
Trey Palmer,WR,TB,4,NO,0,0,0,0,0,0,0,0,2,6,1,3,0,0,0,0,0,0,0,0,0,0,,,,,
Trey Sermon,RB,IND,4,LA,0,0,0,0,0,7,0,3,0,0,0,0,0,0,0,0,0,0,0,0,0,0,,,,,
Tua Tagovailoa,QB,MIA,4,BUF,282,1,35,25,1,7,0,2,0,0,0,0,0,0,0,0,0,0,0,0,0,0,,,,,
Tucker Kraft,TE,GB,4,DET,0,0,0,0,0,0,0,0,2,5,0,2,0,0,0,0,0,0,0,0,0,0,,,,,
Tutu Atwell,WR,LA,4,IND,0,0,0,0,0,0,0,0,5,24,0,9,0,0,0,0,0,0,0,0,0,0,,,,,
Ty Chandler,RB,MIN,4,CAR,0,0,0,0,0,0,0,0,0,0,0,0,0,0,0,0,0,0,0,0,0,0,,,,,
Tyjae Spears,RB,TEN,4,CIN,0,0,0,0,0,40,0,5,3,18,0,4,0,0,0,0,0,0,0,0,0,0,,,,,
Tyler Allgeier,RB,ATL,4,JAX,0,0,0,0,0,16,0,7,1,-4,0,2,0,0,0,0,0,0,0,0,0,0,,,,,
Tyler Bass,K,BUF,4,MIA,0,0,0,0,0,0,0,0,0,0,0,0,0,0,0,0,0,1,0,1,0,6,,,,,
Tyler Boyd,WR,CIN,4,TEN,0,0,0,0,0,0,0,0,4,26,0,7,0,0,0,0,0,0,0,0,0,0,,,,,
Tyler Conklin,TE,NYJ,4,KC,0,0,0,0,0,0,0,0,4,58,0,6,0,0,0,0,0,0,0,0,0,0,,,,,
Tyler Higbee,TE,LA,4,IND,0,0,0,0,0,0,0,0,5,64,0,11,0,0,0,0,0,0,0,0,0,0,,,,,
Tyler Huntley,QB,BAL,4,CLE,0,0,0,0,0,8,0,2,0,0,0,0,0,0,0,0,0,0,0,0,0,0,,,,,
Tyler Lockett,WR,SEA,4,NYG,0,0,0,0,0,0,0,0,4,54,0,6,0,0,0,0,0,0,0,0,0,0,,,,,
Tyler Scott,WR,CHI,4,DEN,0,0,0,0,0,19,0,2,0,0,0,0,0,0,0,0,0,0,0,0,0,0,,,,,
Tyreek Hill,WR,MIA,4,BUF,0,0,0,0,0,14,0,1,3,58,0,5,0,0,0,0,0,0,0,0,0,0,,,,,
Van Jefferson,WR,LA,4,IND,0,0,0,0,0,0,0,0,2,29,0,3,0,0,0,0,0,0,0,0,0,0,,,,,
Velus Jones Jr.,WR,CHI,4,DEN,0,0,0,0,0,10,0,1,0,0,0,0,0,0,0,0,0,0,0,0,0,0,,,,,
WAS,DEF,WAS,4,PHI,,,,,,,,,,,,,,,,,,,,,,,0,0,0,0,34.0
Wan'Dale Robinson,WR,NYG,4,SEA,0,0,0,0,0,7,0,1,5,40,0,6,0,0,0,0,0,0,0,0,0,0,,,,,
Wil Lutz,K,DEN,4,CHI,0,0,0,0,0,0,0,0,0,0,0,0,0,0,0,0,0,0,0,1,0,4,,,,,
Willie Snead,WR,SF,4,ARI,0,0,0,0,0,0,0,0,1,9,0,1,0,0,0,0,0,0,0,0,0,0,,,,,
Xavier Gipson,WR,NYJ,4,KC,0,0,0,0,0,13,0,2,1,4,0,1,0,0,0,0,0,0,0,0,0,0,,,,,
Xavier Hutchinson,WR,HOU,4,PIT,0,0,0,0,0,0,0,0,0,0,0,0,0,0,0,0,0,0,0,0,0,0,,,,,
Younghoe Koo,K,ATL,4,JAX,0,0,0,0,0,0,0,0,0,0,0,0,0,0,0,0,0,0,0,0,0,1,,,,,
Zach Charbonnet,RB,SEA,4,NYG,0,0,0,0,0,31,0,5,1,9,0,3,0,0,0,0,0,0,0,0,0,0,,,,,
Zach Ertz,TE,ARI,4,SF,0,0,0,0,0,0,0,0,6,53,0,10,0,0,0,0,0,0,0,0,0,0,,,,,
Zach Pascal,WR,ARI,4,SF,0,0,0,0,0,0,0,0,3,10,0,4,0,0,0,0,0,0,0,0,0,0,,,,,
Zach Wilson,QB,NYJ,4,KC,245,2,39,28,0,14,0,2,0,0,0,0,0,0,1,0,0,0,0,0,0,0,,,,,
Zack Moss,RB,IND,4,LA,0,0,0,0,0,70,0,18,0,0,0,1,0,0,1,0,0,0,0,0,0,0,,,,,
Zamir White,RB,LV,4,LAC,0,0,0,0,0,15,0,3,0,0,0,0,0,0,0,0,0,0,0,0,0,0,,,,,
Zay Flowers,WR,BAL,4,CLE,0,0,0,0,0,-6,0,1,3,56,0,4,0,0,0,0,0,0,0,0,0,0,,,,,
A.J. Brown,WR,PHI,5,LA,0,0,0,0,0,0,0,0,6,127,0,8,0,0,0,0,0,0,0,0,0,0,,,,,
AJ Dillon,RB,GB,5,LV,0,0,0,0,0,76,1,20,0,0,0,1,0,0,0,0,0,0,0,0,0,0,,,,,
ARI,DEF,ARI,5,CIN,,,,,,,,,,,,,,,,,,,,,,,0,0,0,0,34.0
ATL,DEF,ATL,5,HOU,,,,,,,,,,,,,,,,,,,,,,,0,0,0,0,19.0
Adam Thielen,WR,CAR,5,DET,0,0,0,0,0,0,0,0,11,107,1,13,0,0,0,0,0,0,0,0,0,0,,,,,
Adam Trautman,TE,DEN,5,NYJ,0,0,0,0,0,0,0,0,4,26,1,5,0,0,0,0,0,0,0,0,0,0,,,,,
Alec Pierce,WR,IND,5,TEN,0,0,0,0,0,0,0,0,1,10,0,2,0,0,0,0,0,0,0,0,0,0,,,,,
Alexander Mattison,RB,MIN,5,KC,0,0,0,0,0,26,0,8,2,20,1,3,0,0,0,0,0,0,0,0,0,0,,,,,
Allen Lazard,WR,NYJ,5,DEN,0,0,0,0,0,0,0,0,3,33,0,4,0,0,0,0,0,0,0,0,0,0,,,,,
Allen Robinson,WR,PIT,5,BAL,0,0,0,0,0,0,0,0,5,29,0,9,0,0,0,0,0,0,0,0,0,0,,,,,
Alvin Kamara,RB,NO,5,NE,0,0,0,0,0,80,1,22,3,17,0,3,0,0,0,0,0,0,0,0,0,0,,,,,
Ameer Abdullah,RB,LV,5,GB,0,0,0,0,0,4,0,1,1,11,0,1,0,0,0,0,0,0,0,0,0,0,,,,,
Anders Carlson,K,GB,5,LV,0,0,0,0,0,0,0,0,0,0,0,0,0,0,0,0,1,1,0,0,0,1,,,,,
Andrei Iosivas,WR,CIN,5,ARI,0,0,0,0,0,0,0,0,1,9,0,2,0,0,0,0,0,0,0,0,0,0,,,,,
Andrew Ogletree,TE,IND,5,TEN,0,0,0,0,0,0,0,0,2,16,0,2,0,0,0,0,0,0,0,0,0,0,,,,,
Andy Dalton,QB,CAR,5,DET,0,0,0,0,0,1,0,1,0,0,0,0,0,0,0,0,0,0,0,0,0,0,,,,,
Anthony Richardson,QB,IND,5,TEN,98,0,12,9,0,5,0,2,0,0,0,0,0,0,0,0,0,0,0,0,0,0,,,,,
Antonio Gibson,RB,WAS,5,CHI,0,0,0,0,0,0,0,0,4,64,0,6,0,0,0,0,0,0,0,0,0,0,,,,,
Austin Hooper,TE,LV,5,GB,0,0,0,0,0,0,0,0,2,11,0,2,0,0,0,0,0,0,0,0,0,0,,,,,
Austin Trammell,WR,LA,5,PHI,0,0,0,0,0,0,0,0,0,0,0,0,0,0,0,0,0,0,0,0,0,0,,,,,
BAL,DEF,BAL,5,PIT,,,,,,,,,,,,,,,,,,,,,,,0,0,0,0,17.0
BUF,DEF,BUF,5,JAX,,,,,,,,,,,,,,,,,,,,,,,0,0,0,0,25.0
Bailey Zappe,QB,NE,5,NO,22,0,9,3,0,0,0,0,0,0,0,0,0,0,0,0,0,0,0,0,0,0,,,,,
Bam Knight,RB,DET,5,CAR,0,0,0,0,0,0,0,0,1,8,0,1,0,0,0,0,0,0,0,0,0,0,,,,,
Ben Sims,TE,GB,5,LV,0,0,0,0,0,0,0,0,1,12,0,1,0,0,0,0,0,0,0,0,0,0,,,,,
Ben Skowronek,WR,LA,5,PHI,0,0,0,0,0,0,0,0,0,0,0,1,0,0,0,0,0,0,0,0,0,0,,,,,
Bijan Robinson,RB,ATL,5,HOU,0,0,0,0,0,46,0,14,2,12,1,2,0,0,0,0,0,0,0,0,0,0,,,,,
Blake Grupe,K,NO,5,NE,0,0,0,0,0,0,0,0,0,0,0,0,0,0,0,0,0,0,0,2,0,4,,,,,
Brandin Cooks,WR,DAL,5,SF,0,0,0,0,0,6,0,1,1,7,0,4,0,0,0,0,0,0,0,0,0,0,,,,,
Brandon Aiyuk,WR,SF,5,DAL,0,0,0,0,0,0,0,0,4,58,0,7,0,0,0,0,0,0,0,0,0,0,,,,,
Brandon Aubrey,K,DAL,5,SF,0,0,0,0,0,0,0,0,0,0,0,0,0,0,0,0,0,0,0,1,0,1,,,,,
Brandon Johnson,WR,DEN,5,NYJ,0,0,0,0,0,0,0,0,1,9,0,1,0,0,0,0,0,0,0,0,0,0,,,,,
Brandon McManus,K,JAX,5,BUF,0,0,0,0,0,0,0,0,0,0,0,0,0,0,0,0,0,0,1,0,0,2,,,,,
Brandon Powell,WR,MIN,5,KC,0,0,0,0,0,9,0,1,4,43,0,6,0,0,0,0,0,0,0,0,0,0,,,,,
Braxton Berrios,WR,MIA,5,NYG,0,0,0,0,0,0,0,0,2,13,0,2,0,0,0,0,0,0,0,0,0,0,,,,,
Breece Hall,RB,NYJ,5,DEN,0,0,0,0,0,177,1,22,3,17,0,3,0,0,0,0,0,0,0,0,0,0,,,,,
Brenton Strange,TE,JAX,5,BUF,0,0,0,0,0,0,0,0,0,0,0,1,0,0,0,0,0,0,0,0,0,0,,,,,
Brett Maher,K,LA,5,PHI,0,0,0,0,0,0,0,0,0,0,0,0,0,0,0,0,0,0,0,0,0,2,,,,,
Brian Robinson,RB,WAS,5,CHI,0,0,0,0,0,10,0,6,4,33,0,4,0,0,0,0,0,0,0,0,0,0,,,,,
Britain Covey,WR,PHI,5,LA,0,0,0,0,0,0,0,0,0,0,0,0,0,0,0,0,0,0,0,0,0,0,,,,,
Brock Purdy,QB,SF,5,DAL,252,4,24,17,0,0,0,0,0,0,0,0,0,0,0,0,0,0,0,0,0,0,,,,,
Brock Wright,TE,DET,5,CAR,0,0,0,0,0,0,0,0,3,16,0,3,0,0,0,0,0,0,0,0,0,0,,,,,
Bryce Young,QB,CAR,5,DET,247,3,41,25,2,4,0,1,0,0,0,0,0,0,0,0,0,0,0,0,0,0,,,,,
Byron Pringle,WR,WAS,5,CHI,0,0,0,0,0,0,0,0,1,10,0,2,0,0,0,0,0,0,0,0,0,0,,,,,
C.J. Stroud,QB,HOU,5,ATL,249,1,35,20,0,2,0,1,0,0,0,0,0,0,0,0,0,0,0,0,0,0,,,,,
C.J. Uzomah,TE,NYJ,5,DEN,0,0,0,0,0,0,0,0,2,12,0,2,0,0,0,0,0,0,0,0,0,0,,,,,
CAR,DEF,CAR,5,DET,,,,,,,,,,,,,,,,,,,,,,,0,0,0,0,42.0
CHI,DEF,CHI,5,WAS,,,,,,,,,,,,,,,,,,,,,,,0,0,0,0,20.0
CIN,DEF,CIN,5,ARI,,,,,,,,,,,,,,,,,,,,,,,1,0,0,0,20.0
Cairo Santos,K,CHI,5,WAS,0,0,0,0,0,0,0,0,0,0,0,0,0,0,0,0,1,2,1,0,0,4,,,,,
Calvin Austin III,WR,PIT,5,BAL,0,0,0,0,0,0,0,0,0,0,0,1,0,0,0,0,0,0,0,0,0,0,,,,,
Calvin Ridley,WR,JAX,5,BUF,0,0,0,0,0,14,0,2,7,122,0,8,0,0,0,0,0,0,0,0,0,0,,,,,
Cam Akers,RB,MIN,5,KC,0,0,0,0,0,15,0,5,2,3,0,2,0,0,0,0,0,0,0,0,0,0,,,,,
Cedrick Wilson Jr.,WR,MIA,5,NYG,0,0,0,0,0,0,0,0,4,52,0,4,0,0,0,0,0,0,0,0,0,0,,,,,
CeeDee Lamb,WR,DAL,5,SF,0,0,0,0,0,0,0,0,4,49,0,5,0,0,0,0,0,0,0,0,0,0,,,,,
Chad Ryland,K,NE,5,NO,0,0,0,0,0,0,0,0,0,0,0,0,0,0,0,0,0,0,0,0,0,0,,,,,
Chase Brown,RB,CIN,5,ARI,0,0,0,0,0,0,0,0,1,2,0,1,0,0,0,0,0,0,0,0,0,0,,,,,
Chig Okonkwo,TE,TEN,5,IND,0,0,0,0,0,0,0,0,5,33,0,9,0,0,0,0,0,0,0,0,0,0,,,,,
Chris Boswell,K,PIT,5,BAL,0,0,0,0,0,0,0,0,0,0,0,0,0,0,0,0,1,0,2,0,0,0,,,,,
Chris Olave,WR,NO,5,NE,0,0,0,0,0,0,0,0,2,12,1,5,0,0,0,0,0,0,0,0,0,0,,,,,
Christian Kirk,WR,JAX,5,BUF,0,0,0,0,0,6,0,1,6,78,0,8,0,0,0,0,0,0,0,0,0,0,,,,,
Christian McCaffrey,RB,SF,5,DAL,0,0,0,0,0,51,1,19,2,27,0,3,0,0,0,0,0,0,0,0,0,0,,,,,
Christian Watson,WR,GB,5,LV,0,0,0,0,0,-5,0,1,3,91,0,7,0,0,0,0,0,0,0,0,0,0,,,,,
Chuba Hubbard,RB,CAR,5,DET,0,0,0,0,0,35,0,9,1,0,0,2,0,0,0,0,0,0,0,0,0,0,,,,,
Clyde Edwards-Helaire,RB,KC,5,MIN,0,0,0,0,0,4,0,3,0,0,0,0,0,0,0,0,0,0,0,0,0,0,,,,,
Cole Kmet,TE,CHI,5,WAS,0,0,0,0,0,0,0,0,5,42,1,5,0,0,0,0,0,0,0,0,0,0,,,,,
Cole Turner,TE,WAS,5,CHI,0,0,0,0,0,0,0,0,1,9,0,1,0,0,0,0,0,0,0,0,0,0,,,,,
Cooper Kupp,WR,LA,5,PHI,0,0,0,0,0,0,0,0,8,118,0,12,0,0,0,0,0,0,0,0,0,0,,,,,
Cooper Rush,QB,DAL,5,SF,8,0,2,2,0,-2,0,1,0,0,0,0,0,0,0,0,0,0,0,0,0,0,,,,,
Cordarrelle Patterson,RB,ATL,5,HOU,0,0,0,0,0,0,0,0,1,7,0,1,0,0,0,0,0,0,0,0,0,0,,,,,
Courtland Sutton,WR,DEN,5,NYJ,0,0,0,0,0,0,0,0,1,13,0,3,0,0,0,0,0,0,0,0,0,0,,,,,
Craig Reynolds,RB,DET,5,CAR,0,0,0,0,0,52,1,7,0,0,0,0,0,0,0,0,0,0,0,0,0,0,,,,,
Curtis Samuel,WR,WAS,5,CHI,0,0,0,0,0,0,0,0,6,65,1,7,0,0,0,0,0,0,0,0,0,0,,,,,
D'Andre Swift,RB,PHI,5,LA,0,0,0,0,0,70,0,17,6,38,0,6,0,0,0,0,0,0,0,0,0,0,,,,,
D'Ernest Johnson,RB,JAX,5,BUF,0,0,0,0,0,0,0,0,0,0,0,0,0,0,0,0,0,0,0,0,0,0,,,,,
DAL,DEF,DAL,5,SF,,,,,,,,,,,,,,,,,,,,,,,0,0,0,0,42.0
DEN,DEF,DEN,5,NYJ,,,,,,,,,,,,,,,,,,,,,,,0,0,0,0,31.0
DET,DEF,DET,5,CAR,,,,,,,,,,,,,,,,,,,,,,,0,0,0,0,24.0
DJ Chark,WR,CAR,5,DET,0,0,0,0,0,0,0,0,3,42,1,6,0,0,0,0,0,0,0,0,0,0,,,,,
DJ Moore,WR,CHI,5,WAS,0,0,0,0,0,0,0,0,8,230,3,10,0,0,0,0,0,0,0,0,0,0,,,,,
Dak Prescott,QB,DAL,5,SF,153,1,24,14,3,2,0,1,0,0,0,0,0,0,0,0,0,0,0,0,0,0,,,,,
Dallas Goedert,TE,PHI,5,LA,0,0,0,0,0,0,0,0,8,117,1,9,0,0,0,0,0,0,0,0,0,0,,,,,
Dalton Kincaid,TE,BUF,5,JAX,0,0,0,0,0,0,0,0,2,19,0,2,0,0,0,0,0,0,0,0,0,0,,,,,
Dalton Schultz,TE,HOU,5,ATL,0,0,0,0,0,0,0,0,7,65,1,10,0,0,0,0,0,0,0,0,0,0,,,,,
Dalvin Cook,RB,NYJ,5,DEN,0,0,0,0,0,23,0,6,0,0,0,0,0,0,0,0,0,0,0,0,0,0,,,,,
Dameon Pierce,RB,HOU,5,ATL,0,0,0,0,0,66,0,20,1,16,0,1,0,0,0,0,0,0,0,0,0,0,,,,,
Damien Harris,RB,BUF,5,JAX,0,0,0,0,0,13,0,3,0,0,0,0,0,0,0,0,0,0,0,0,0,0,,,,,
Daniel Bellinger,TE,NYG,5,MIA,0,0,0,0,0,0,0,0,1,7,0,1,0,0,0,0,0,0,0,0,0,0,,,,,
Daniel Carlson,K,LV,5,GB,0,0,0,0,0,0,0,0,0,0,0,0,0,0,0,0,1,0,0,0,0,2,,,,,
Daniel Jones,QB,NYG,5,MIA,119,0,20,14,0,24,0,4,0,0,0,0,0,0,0,0,0,0,0,0,0,0,,,,,
Darius Slayton,WR,NYG,5,MIA,0,0,0,0,0,0,0,0,2,35,0,4,0,0,0,0,0,0,0,0,0,0,,,,,
Darnell Mooney,WR,CHI,5,WAS,0,0,0,0,0,0,0,0,0,0,0,4,0,0,0,0,0,0,0,0,0,0,,,,,
Darnell Washington,TE,PIT,5,BAL,0,0,0,0,0,0,0,0,0,0,0,2,0,0,0,0,0,0,0,0,0,0,,,,,
Darrell Daniels,TE,DET,5,CAR,0,0,0,0,0,0,0,0,0,0,0,0,0,0,0,0,0,0,0,0,0,0,,,,,
Darren Waller,TE,NYG,5,MIA,0,0,0,0,0,0,0,0,8,86,0,11,0,0,0,0,0,0,0,0,0,0,,,,,
Davante Adams,WR,LV,5,GB,0,0,0,0,0,0,0,0,4,45,0,4,0,0,0,0,0,0,0,0,0,0,,,,,
David Montgomery,RB,DET,5,CAR,0,0,0,0,0,109,1,19,2,20,0,6,0,0,0,0,0,0,0,0,0,0,,,,,
Dawson Knox,TE,BUF,5,JAX,0,0,0,0,0,0,0,0,3,17,0,6,0,0,0,0,0,0,0,0,0,0,,,,,
De'Von Achane,RB,MIA,5,NYG,0,0,0,0,0,151,1,11,1,14,0,1,0,0,0,0,0,0,0,0,0,0,,,,,
DeAndre Carter,WR,LV,5,GB,0,0,0,0,0,3,0,2,0,0,0,1,0,0,0,0,0,0,0,0,0,0,,,,,
DeAndre Hopkins,WR,TEN,5,IND,0,0,0,0,0,0,0,0,8,140,0,11,0,0,0,0,0,0,0,0,0,0,,,,,
DeMario Douglas,WR,NE,5,NO,0,0,0,0,0,0,0,0,1,24,0,2,0,0,0,0,0,0,0,0,0,0,,,,,
DeVante Parker,WR,NE,5,NO,0,0,0,0,0,0,0,0,2,20,0,4,0,0,0,0,0,0,0,0,0,0,,,,,
DeVonta Smith,WR,PHI,5,LA,0,0,0,0,0,0,0,0,1,6,0,5,0,0,0,0,0,0,0,0,0,0,,,,,
Deebo Samuel Sr.,WR,SF,5,DAL,0,0,0,0,0,30,0,5,3,55,0,3,0,0,0,0,0,0,0,0,0,0,,,,,
Deonte Harty,WR,BUF,5,JAX,0,0,0,0,0,0,0,0,2,62,0,2,0,0,0,0,0,0,0,0,0,0,,,,,
Derek Carr,QB,NO,5,NE,183,2,26,18,0,4,0,2,0,0,0,0,0,0,0,0,0,0,0,0,0,0,,,,,
Derrick Henry,RB,TEN,5,IND,0,0,1,0,0,43,0,13,3,19,0,3,0,0,0,0,0,0,0,0,0,0,,,,,
Desmond Ridder,QB,ATL,5,HOU,329,1,37,28,0,10,1,4,0,0,0,0,0,0,1,0,0,0,0,0,0,0,,,,,
Deuce Vaughn,RB,DAL,5,SF,0,0,0,0,0,7,0,3,1,1,0,1,0,0,0,0,0,0,0,0,0,0,,,,,
Devin Duvernay,WR,BAL,5,PIT,0,0,0,0,0,0,0,0,0,0,0,1,0,0,0,0,0,0,0,0,0,0,,,,,
Devin Singletary,RB,HOU,5,ATL,0,0,0,0,0,0,0,0,0,0,0,1,0,0,0,0,0,0,0,0,0,0,,,,,
Dontayvion Wicks,WR,GB,5,LV,0,0,0,0,0,0,0,0,1,10,0,1,0,0,0,0,0,0,0,0,0,0,,,,,
Drake London,WR,ATL,5,HOU,22,0,1,1,0,0,0,0,6,78,0,9,0,0,0,0,0,0,0,0,0,0,,,,,
Dyami Brown,WR,WAS,5,CHI,0,0,0,0,0,0,0,0,1,11,0,3,0,0,0,0,0,0,0,0,0,0,,,,,
Eddy Pineiro,K,CAR,5,DET,0,0,0,0,0,0,0,0,0,0,0,0,0,0,0,0,0,1,0,0,0,3,,,,,
Emari Demercado,RB,ARI,5,CIN,0,0,0,0,0,45,1,10,1,12,0,3,0,0,0,0,0,0,0,0,0,0,,,,,
Equanimeous St. Brown,WR,CHI,5,WAS,0,0,0,0,0,0,0,0,0,0,0,1,0,0,0,0,0,0,0,0,0,0,,,,,
Eric Gray,RB,NYG,5,MIA,0,0,0,0,0,25,0,12,1,1,0,1,0,0,0,0,0,0,0,0,0,0,,,,,
Evan Engram,TE,JAX,5,BUF,0,0,0,0,0,0,0,0,4,28,0,8,0,0,0,0,0,0,0,0,0,0,,,,,
Evan McPherson,K,CIN,5,ARI,0,0,0,0,0,0,0,0,0,0,0,0,0,0,0,0,0,0,2,0,0,4,,,,,
Ezekiel Elliott,RB,NE,5,NO,0,0,0,0,0,21,0,8,4,17,0,4,0,0,0,0,0,0,0,0,0,0,,,,,
Foster Moreau,TE,NO,5,NE,0,0,0,0,0,0,0,0,1,6,1,1,0,0,0,0,0,0,0,0,0,0,,,,,
GB,DEF,GB,5,LV,,,,,,,,,,,,,,,,,,,,,,,0,0,0,0,17.0
Gabe Davis,WR,BUF,5,JAX,0,0,0,0,0,0,0,0,6,100,1,8,0,0,0,0,0,0,0,0,0,0,,,,,
Gardner Minshew,QB,IND,5,TEN,155,0,14,11,0,1,0,2,0,0,0,0,0,0,0,0,0,0,0,0,0,0,,,,,
Garrett Wilson,WR,NYJ,5,DEN,0,0,0,0,0,0,0,0,3,54,0,7,0,0,0,0,0,0,0,0,0,0,,,,,
Geoff Swaim,TE,ARI,5,CIN,0,0,0,0,0,0,0,0,2,22,0,2,0,0,0,0,0,0,0,0,0,0,,,,,
George Kittle,TE,SF,5,DAL,0,0,0,0,0,0,0,0,3,67,3,4,0,0,0,0,0,0,0,0,0,0,,,,,
George Pickens,WR,PIT,5,BAL,0,0,0,0,0,16,0,1,6,130,1,10,0,0,0,0,0,0,0,0,0,0,,,,,
Graham Gano,K,NYG,5,MIA,0,0,0,0,0,0,0,0,0,0,0,0,0,0,0,0,0,1,1,1,0,1,,,,,
Greg Dortch,WR,ARI,5,CIN,0,0,0,0,0,0,0,0,0,0,0,0,0,0,0,0,0,0,0,0,0,0,,,,,
Greg Joseph,K,MIN,5,KC,0,0,0,0,0,0,0,0,0,0,0,0,0,0,0,0,1,0,1,0,0,2,,,,,
Greg Zuerlein,K,NYJ,5,DEN,0,0,0,0,0,0,0,0,0,0,0,0,0,0,0,0,3,1,1,0,0,2,,,,,
Gunner Olszewski,WR,PIT,5,BAL,0,0,0,0,0,0,0,0,0,0,0,0,0,0,0,0,0,0,0,0,0,0,,,,,
Gus Edwards,RB,BAL,5,PIT,0,0,0,0,0,48,0,12,0,0,0,0,0,0,0,0,0,0,0,0,0,0,,,,,
HOU,DEF,HOU,5,ATL,,,,,,,,,,,,,,,,,,,,,,,0,0,0,0,21.0
Harrison Butker,K,KC,5,MIN,0,0,0,0,0,0,0,0,0,0,0,0,0,0,0,0,0,1,1,0,0,3,,,,,
Hayden Hurst,TE,CAR,5,DET,0,0,0,0,0,0,0,0,3,21,0,3,0,0,0,0,0,0,0,0,0,0,,,,,
Hunter Henry,TE,NE,5,NO,0,0,0,0,0,0,0,0,0,0,0,2,0,0,0,0,0,0,0,0,0,0,,,,,
Hunter Luepke,RB,DAL,5,SF,0,0,0,0,0,0,0,0,0,0,0,0,0,0,0,0,0,0,0,0,0,0,,,,,
Hunter Renfrow,WR,LV,5,GB,0,0,0,0,0,0,0,0,1,7,0,2,0,0,0,0,0,0,0,0,0,0,,,,,
IND,DEF,IND,5,TEN,,,,,,,,,,,,,,,,,,,,,,,0,0,0,0,16.0
Ian Thomas,TE,CAR,5,DET,0,0,0,0,0,0,0,0,1,28,0,2,0,0,0,0,0,0,0,0,0,0,,,,,
Ihmir Smith-Marsette,WR,CAR,5,DET,0,0,0,0,0,0,0,0,0,0,0,0,0,0,0,0,0,0,0,0,0,0,,,,,
Isaiah Hodgins,WR,NYG,5,MIA,0,0,0,0,0,0,0,0,2,19,0,2,0,0,0,0,0,0,0,0,0,0,,,,,
Isaiah McKenzie,WR,IND,5,TEN,0,0,0,0,0,4,0,1,0,0,0,0,0,0,0,0,0,0,0,0,0,0,,,,,
Isiah Pacheco,RB,KC,5,MIN,0,0,0,0,0,55,1,16,1,9,0,1,0,0,0,0,0,0,0,0,0,0,,,,,
JAX,DEF,JAX,5,BUF,,,,,,,,,,,,,,,,,,,,,,,0,0,0,0,20.0
Ja'Marr Chase,WR,CIN,5,ARI,0,0,0,0,0,0,0,0,15,192,3,19,0,0,0,0,0,0,0,0,0,0,,,,,
Jack Stoll,TE,PHI,5,LA,0,0,0,0,0,0,0,0,1,4,0,1,0,0,0,0,0,0,0,0,0,0,,,,,
Jahan Dotson,WR,WAS,5,CHI,0,0,0,0,0,0,0,0,3,30,0,5,0,0,0,0,0,0,0,0,0,0,,,,,
Jake Elliott,K,PHI,5,LA,0,0,0,0,0,0,0,0,0,0,0,0,0,0,0,0,2,1,0,0,0,2,,,,,
Jake Ferguson,TE,DAL,5,SF,0,0,0,0,0,0,0,0,3,28,0,3,0,0,0,0,0,0,0,0,0,0,,,,,
Jake Moody,K,SF,5,DAL,0,0,0,0,0,0,0,0,0,0,0,0,0,0,0,0,0,0,0,0,0,6,,,,,
Jakobi Meyers,WR,LV,5,GB,0,0,0,0,0,0,0,1,7,75,1,10,0,0,0,0,0,0,0,0,0,0,,,,,
Jaleel McLaughlin,RB,DEN,5,NYJ,0,0,0,0,0,68,0,9,3,21,1,4,0,0,0,0,0,0,0,0,0,0,,,,,
Jalen Hurts,QB,PHI,5,LA,303,1,38,25,1,72,1,15,0,0,0,0,0,0,0,0,0,0,0,0,0,0,,,,,
Jamal Agnew,WR,JAX,5,BUF,0,0,0,0,0,1,0,1,0,0,0,0,0,0,0,0,0,0,0,0,0,0,,,,,
Jameis Winston,QB,NO,5,NE,0,0,0,0,0,-4,0,3,0,0,0,0,0,0,0,0,0,0,0,0,0,0,,,,,
James Conner,RB,ARI,5,CIN,0,0,0,0,0,46,0,6,0,0,0,0,0,0,0,0,0,0,0,0,0,0,,,,,
James Cook,RB,BUF,5,JAX,0,0,0,0,0,-4,0,5,3,25,0,4,0,0,0,0,0,0,0,0,0,0,,,,,
Jameson Williams,WR,DET,5,CAR,0,0,0,0,0,0,0,0,2,2,0,3,0,0,0,0,0,0,0,0,0,0,,,,,
Jamison Crowder,WR,WAS,5,CHI,0,0,0,0,0,0,0,0,2,21,0,2,0,0,0,0,0,0,0,0,0,0,,,,,
Jared Goff,QB,DET,5,CAR,236,3,28,20,0,0,1,2,0,0,0,0,0,0,0,0,0,0,0,0,0,0,,,,,
Jason Sanders,K,MIA,5,NYG,0,0,0,0,0,0,0,0,0,0,0,0,0,0,0,0,0,0,1,0,0,4,,,,,
Jauan Jennings,WR,SF,5,DAL,0,0,0,0,0,0,0,0,1,19,0,1,0,0,0,0,0,0,0,0,0,0,,,,,
Jayden Reed,WR,GB,5,LV,0,0,0,0,0,0,0,0,1,7,0,2,0,0,0,0,0,0,0,0,0,0,,,,,
Jaylen Waddle,WR,MIA,5,NYG,0,0,0,0,0,0,0,0,5,35,1,10,0,0,0,0,0,0,0,0,0,0,,,,,
Jaylen Warren,RB,PIT,5,BAL,0,0,0,0,0,40,0,9,3,39,0,3,0,0,0,0,0,0,0,0,0,0,,,,,
Jeremy Ruckert,TE,NYJ,5,DEN,0,0,0,0,0,0,0,0,1,2,0,1,0,0,0,0,0,0,0,0,0,0,,,,,
Jerick McKinnon,RB,KC,5,MIN,0,0,0,0,0,7,0,1,2,18,0,3,0,0,0,0,0,0,0,0,0,0,,,,,
Jerry Jeudy,WR,DEN,5,NYJ,0,0,0,0,0,0,0,0,6,50,0,7,0,0,0,0,0,0,0,0,0,0,,,,,
Jimmy Garoppolo,QB,LV,5,GB,208,1,31,22,1,4,0,4,0,0,0,0,0,0,0,0,0,0,0,0,0,0,,,,,
Jimmy Graham,TE,NO,5,NE,0,0,0,0,0,0,0,0,0,0,0,1,0,0,0,0,0,0,0,0,0,0,,,,,
Joe Burrow,QB,CIN,5,ARI,317,3,46,36,1,7,0,4,0,0,0,0,0,0,0,0,0,0,0,0,0,0,,,,,
Joe Mixon,RB,CIN,5,ARI,0,0,0,0,0,81,0,25,4,13,0,4,0,0,0,0,0,0,0,0,0,0,,,,,
Joey Slye,K,WAS,5,CHI,0,0,0,0,0,0,0,0,0,0,0,0,0,0,0,0,0,1,0,1,0,0,,,,,
John Bates,TE,WAS,5,CHI,0,0,0,0,0,0,0,0,2,19,0,2,0,0,0,0,0,0,0,0,0,0,,,,,
John Metchie III,WR,HOU,5,ATL,0,0,0,0,0,0,0,0,2,20,0,2,0,0,0,0,0,0,0,0,0,0,,,,,
Johnny Mundt,TE,MIN,5,KC,0,0,0,0,0,0,0,0,1,11,0,1,0,0,0,0,0,0,0,0,0,0,,,,,
Jonathan Mingo,WR,CAR,5,DET,0,0,0,0,0,0,0,0,5,48,0,7,0,0,0,0,0,0,0,0,0,0,,,,,
Jonathan Taylor,RB,IND,5,TEN,0,0,0,0,0,18,0,6,1,16,0,1,0,0,0,0,0,0,0,0,0,0,,,,,
Jonnu Smith,TE,ATL,5,HOU,0,0,0,0,0,0,0,0,6,67,0,7,0,0,0,0,0,0,0,0,0,0,,,,,
Jordan Addison,WR,MIN,5,KC,0,0,0,0,0,0,0,0,6,64,1,9,0,0,0,0,0,0,0,0,0,0,,,,,
Jordan Love,QB,GB,5,LV,182,0,30,16,3,37,0,2,0,0,0,0,0,0,0,0,0,0,0,0,0,0,,,,,
Jordan Mason,RB,SF,5,DAL,0,0,0,0,0,69,1,10,0,0,0,1,0,0,0,0,0,0,0,0,0,0,,,,,
Josh Allen,QB,BUF,5,JAX,359,2,40,27,1,14,1,4,0,0,0,0,0,0,0,0,0,0,0,0,0,0,,,,,
Josh Downs,WR,IND,5,TEN,0,0,0,0,0,0,0,0,6,97,0,6,0,0,0,0,0,0,0,0,0,0,,,,,
Josh Jacobs,RB,LV,5,GB,0,0,0,0,0,69,1,20,5,20,0,5,0,0,0,0,0,0,0,0,0,0,,,,,
Josh Oliver,TE,MIN,5,KC,0,0,0,0,0,0,0,0,1,15,0,2,0,0,0,0,0,0,0,0,0,0,,,,,
Josh Reynolds,WR,DET,5,CAR,0,0,0,0,0,0,0,0,4,76,1,5,0,0,0,0,0,0,0,0,0,0,,,,,
Josh Whyle,TE,TEN,5,IND,0,0,0,0,0,0,0,0,1,7,0,1,0,0,0,0,0,0,0,0,0,0,,,,,
Joshua Dobbs,QB,ARI,5,CIN,166,2,32,15,2,1,0,3,0,0,0,0,0,0,0,0,0,0,0,0,0,0,,,,,
Josiah Deguara,TE,GB,5,LV,0,0,0,0,0,0,0,0,1,19,0,1,0,0,0,0,0,0,0,0,0,0,,,,,
JuJu Smith-Schuster,WR,NE,5,NO,0,0,0,0,0,0,0,0,3,6,0,4,0,0,0,0,0,0,0,0,0,0,,,,,
Justice Hill,RB,BAL,5,PIT,0,0,0,0,0,32,1,7,4,13,0,4,0,0,0,0,0,0,0,0,0,0,,,,,
Justin Fields,QB,CHI,5,WAS,282,4,29,15,0,57,0,11,0,0,0,0,0,0,0,0,0,0,0,0,0,0,,,,,
Justin Jefferson,WR,MIN,5,KC,0,0,0,0,0,0,0,0,3,28,0,6,0,0,0,0,0,0,0,0,0,0,,,,,
Justin Tucker,K,BAL,5,PIT,0,0,0,0,0,0,0,0,0,0,0,0,0,0,0,0,1,0,0,0,0,1,,,,,
Justin Watson,WR,KC,5,MIN,0,0,0,0,0,0,0,0,2,56,0,3,0,0,0,0,0,0,0,0,0,0,,,,,
Justyn Ross,WR,KC,5,MIN,0,0,0,0,0,0,0,0,2,28,0,4,0,0,0,0,0,0,0,0,0,0,,,,,
K.J. Osborn,WR,MIN,5,KC,0,0,0,0,0,0,0,0,5,49,0,9,0,0,0,0,0,0,0,0,0,0,,,,,
KC,DEF,KC,5,MIN,,,,,,,,,,,,,,,,,,,,,,,0,0,0,0,20.0
Ka'imi Fairbairn,K,HOU,5,ATL,0,0,0,0,0,0,0,0,0,0,0,0,0,0,0,0,1,1,2,0,0,1,,,,,
KaVontae Turpin,WR,DAL,5,SF,0,0,0,0,0,0,0,0,1,26,1,1,0,0,0,0,0,0,0,0,0,0,,,,,
Kadarius Toney,WR,KC,5,MIN,0,0,0,0,0,1,0,1,5,26,0,6,0,0,0,0,0,0,0,0,0,0,,,,,
Kalif Raymond,WR,DET,5,CAR,0,0,0,0,0,0,0,0,3,45,0,3,0,0,0,0,0,0,0,0,0,0,,,,,
Keith Kirkwood,WR,NO,5,NE,0,0,0,0,0,0,0,0,1,1,0,1,0,0,0,0,0,0,0,0,0,0,,,,,
Kendre Miller,RB,NO,5,NE,0,0,0,0,0,37,0,12,4,53,0,4,0,0,0,0,0,0,0,0,0,0,,,,,
Kendrick Bourne,WR,NE,5,NO,0,0,0,0,0,0,0,0,2,43,0,5,0,0,0,0,0,0,0,0,0,0,,,,,
Kenny Gainwell,RB,PHI,5,LA,0,0,0,0,0,17,0,7,1,7,0,2,0,0,0,0,0,0,0,0,0,0,,,,,
Kenny Pickett,QB,PIT,5,BAL,224,1,32,18,0,-6,0,6,0,0,0,0,0,0,0,0,0,0,0,0,0,0,,,,,
Kevin Rader,TE,TEN,5,IND,0,0,0,0,0,0,0,0,0,0,0,0,0,0,0,0,0,0,0,0,0,0,,,,,
KhaDarel Hodge,WR,ATL,5,HOU,0,0,0,0,0,0,0,1,1,11,0,1,0,0,0,0,0,0,0,0,0,0,,,,,
Khalil Herbert,RB,CHI,5,WAS,0,0,0,0,0,76,0,10,0,0,0,3,0,0,0,0,0,0,0,0,0,0,,,,,
Khalil Shakir,WR,BUF,5,JAX,0,0,0,0,0,0,0,0,1,11,0,1,0,0,0,0,0,0,0,0,0,0,,,,,
Kirk Cousins,QB,MIN,5,KC,284,2,47,29,0,5,0,3,0,0,0,0,0,0,0,0,0,0,0,0,0,0,,,,,
Kwamie Lassiter II,WR,CIN,5,ARI,0,0,0,0,0,0,0,0,1,2,0,1,0,0,0,0,0,0,0,0,0,0,,,,,
Kyle Juszczyk,RB,SF,5,DAL,0,0,0,0,0,0,0,0,4,26,1,4,0,0,0,0,0,0,0,0,0,0,,,,,
Kyle Philips,WR,TEN,5,IND,0,0,0,0,0,0,0,0,0,0,0,1,0,0,0,0,0,0,0,0,0,0,,,,,
Kyle Pitts,TE,ATL,5,HOU,0,0,0,0,0,0,0,0,7,87,0,11,0,0,0,0,0,0,0,0,0,0,,,,,
Kylen Granson,TE,IND,5,TEN,0,0,0,0,0,0,0,0,2,15,0,3,0,0,0,0,0,0,0,0,0,0,,,,,
Kyren Williams,RB,LA,5,PHI,0,0,0,0,0,53,0,13,2,4,0,2,0,0,0,0,0,0,0,0,0,0,,,,,
LA,DEF,LA,5,PHI,,,,,,,,,,,,,,,,,,,,,,,0,0,0,0,23.0
LV,DEF,LV,5,GB,,,,,,,,,,,,,,,,,,,,,,,0,0,0,0,13.0
Lamar Jackson,QB,BAL,5,PIT,236,0,38,22,1,45,0,6,0,0,0,0,0,0,0,0,0,0,0,0,0,0,,,,,
Laquon Treadwell,WR,BAL,5,PIT,0,0,0,0,0,0,0,0,0,0,0,0,0,0,0,0,0,0,0,0,0,0,,,,,
Latavius Murray,RB,BUF,5,JAX,0,0,0,0,0,6,0,2,1,1,0,1,0,0,0,0,0,0,0,0,0,0,,,,,
Laviska Shenault Jr.,WR,CAR,5,DET,0,0,0,0,0,27,0,5,0,0,0,0,0,0,0,0,0,0,0,0,0,0,,,,,
Logan Thomas,TE,WAS,5,CHI,0,0,0,0,0,0,0,0,9,77,1,11,0,0,0,0,0,0,0,0,0,0,,,,,
Luke Farrell,TE,JAX,5,BUF,0,0,0,0,0,0,0,0,1,16,0,1,0,0,0,0,0,0,0,0,0,0,,,,,
Luke Musgrave,TE,GB,5,LV,0,0,0,0,0,0,0,0,6,34,0,7,0,0,0,0,0,0,0,0,0,0,,,,,
Luke Schoonmaker,TE,DAL,5,SF,0,0,0,0,0,0,0,0,0,0,0,1,0,0,0,0,0,0,0,0,0,0,,,,,
MIA,DEF,MIA,5,NYG,,,,,,,,,,,,,,,,,,,,,,,0,0,0,0,16.0
MIN,DEF,MIN,5,KC,,,,,,,,,,,,,,,,,,,,,,,0,0,0,0,27.0
Mac Jones,QB,NE,5,NO,110,0,22,12,2,0,0,1,0,0,0,0,0,0,0,0,0,0,0,0,0,0,,,,,
Mack Hollins,WR,ATL,5,HOU,0,0,0,0,0,0,0,0,2,29,0,2,0,0,0,0,0,0,0,0,0,0,,,,,
Mark Andrews,TE,BAL,5,PIT,0,0,0,0,0,0,0,0,6,65,0,10,0,0,0,0,0,0,0,0,0,0,,,,,
Marquez Valdes-Scantling,WR,KC,5,MIN,0,0,0,0,0,0,0,0,1,12,0,2,0,0,0,0,0,0,0,0,0,0,,,,,
Marquise Brown,WR,ARI,5,CIN,0,0,0,0,0,0,0,0,4,61,1,10,0,0,0,0,0,0,0,0,0,0,,,,,
Marvin Jones,WR,DET,5,CAR,0,0,0,0,0,0,0,0,2,22,0,2,0,0,0,0,0,0,0,0,0,0,,,,,
Marvin Mims Jr.,WR,DEN,5,NYJ,0,0,0,0,0,0,0,0,1,4,0,1,0,0,0,0,0,0,0,0,0,0,,,,,
Matt Breida,RB,NYG,5,MIA,0,0,0,0,0,21,0,9,1,3,0,1,0,0,0,0,0,0,0,0,0,0,,,,,
Matt Gay,K,IND,5,TEN,0,0,0,0,0,0,0,0,0,0,0,0,0,0,0,0,1,1,1,0,0,2,,,,,
Matt Prater,K,ARI,5,CIN,0,0,0,0,0,0,0,0,0,0,0,0,0,0,0,0,0,0,0,0,0,2,,,,,
Matthew Slater,WR,NE,5,NO,0,0,0,0,0,0,0,0,0,0,0,0,0,0,0,0,0,0,0,0,0,0,,,,,
Matthew Stafford,QB,LA,5,PHI,222,2,37,21,0,0,0,0,0,0,0,0,0,0,0,0,0,0,0,0,0,0,,,,,
Michael Carter,RB,NYJ,5,DEN,0,0,0,0,0,8,0,1,3,14,0,3,0,0,0,0,0,0,0,0,0,0,,,,,
Michael Gallup,WR,DAL,5,SF,0,0,0,0,0,0,0,0,2,15,0,5,0,0,0,0,0,0,0,0,0,0,,,,,
Michael Mayer,TE,LV,5,GB,0,0,0,0,0,0,0,0,2,39,0,3,0,0,0,0,0,0,0,0,0,0,,,,,
Michael Pittman,WR,IND,5,TEN,0,0,0,0,0,0,0,0,5,52,0,7,0,0,0,0,0,0,0,0,0,0,,,,,
Michael Thomas,WR,NO,5,NE,0,0,0,0,0,0,0,0,4,65,0,7,0,0,0,0,0,0,0,0,0,0,,,,,
Michael Wilson,WR,ARI,5,CIN,0,0,0,0,0,0,0,0,1,18,0,2,0,0,0,0,0,0,0,0,0,0,,,,,
Mike Boone,RB,HOU,5,ATL,0,0,0,0,0,0,0,0,0,0,0,0,0,0,0,0,0,0,0,0,0,0,,,,,
Mike Gesicki,TE,NE,5,NO,0,0,0,0,0,0,0,0,2,17,0,4,0,0,0,0,0,0,0,0,0,0,,,,,
Miles Boykin,WR,PIT,5,BAL,0,0,0,0,0,0,0,0,0,0,0,1,0,0,0,0,0,0,0,0,0,0,,,,,
Miles Sanders,RB,CAR,5,DET,0,0,0,0,0,32,0,7,0,0,0,1,0,0,0,0,0,0,0,0,0,0,,,,,
Mo Alie-Cox,TE,IND,5,TEN,0,0,0,0,0,0,0,0,1,17,0,1,0,0,0,0,0,0,0,0,0,0,,,,,
Montrell Washington,WR,KC,5,MIN,0,0,0,0,0,0,0,0,0,0,0,0,0,0,0,0,0,0,0,0,0,0,,,,,
MyCole Pruitt,TE,ATL,5,HOU,0,0,0,0,0,0,0,0,1,22,0,1,0,0,0,0,0,0,0,0,0,0,,,,,
NE,DEF,NE,5,NO,,,,,,,,,,,,,,,,,,,,,,,0,0,0,0,34.0
NO,DEF,NO,5,NE,,,,,,,,,,,,,,,,,,,,,,,1,0,0,0,0.0
NYG,DEF,NYG,5,MIA,,,,,,,,,,,,,,,,,,,,,,,1,0,0,0,31.0
NYJ,DEF,NYJ,5,DEN,,,,,,,,,,,,,,,,,,,,,,,0,1,0,0,21.0
Najee Harris,RB,PIT,5,BAL,0,0,0,0,0,37,0,14,1,3,0,1,0,0,0,0,0,0,0,0,0,0,,,,,
Nate Adkins,TE,DEN,5,NYJ,0,0,0,0,0,0,0,0,0,0,0,1,0,0,0,0,0,0,0,0,0,0,,,,,
Nelson Agholor,WR,BAL,5,PIT,0,0,0,0,0,0,0,0,4,64,0,5,0,0,0,0,0,0,0,0,0,0,,,,,
Nick Bawden,RB,NYJ,5,DEN,0,0,0,0,0,0,0,0,0,0,0,0,0,0,0,0,0,0,0,0,0,0,,,,,
Nick Folk,K,TEN,5,IND,0,0,0,0,0,0,0,0,0,0,0,0,0,0,0,0,1,1,0,1,0,1,,,,,
Nick Westbrook-Ikhine,WR,TEN,5,IND,0,0,0,0,0,0,0,0,1,9,0,3,0,0,0,0,0,0,0,0,0,0,,,,,
Nico Collins,WR,HOU,5,ATL,0,0,0,0,0,0,0,0,3,39,0,4,0,0,0,0,0,0,0,0,0,0,,,,,
Noah Gray,TE,KC,5,MIN,0,0,0,0,0,0,0,0,2,21,0,2,0,0,0,0,0,0,0,0,0,0,,,,,
Odell Beckham Jr.,WR,BAL,5,PIT,0,0,0,0,0,0,0,0,2,13,0,4,0,0,0,0,0,0,0,0,0,0,,,,,
PHI,DEF,PHI,5,LA,,,,,,,,,,,,,,,,,,,,,,,0,0,0,0,14.0
PIT,DEF,PIT,5,BAL,,,,,,,,,,,,,,,,,,,,,,,0,1,0,0,10.0
Parris Campbell,WR,NYG,5,MIA,0,0,0,0,0,0,0,0,2,23,0,2,0,0,0,0,0,0,0,0,0,0,,,,,
Patrick Mahomes,QB,KC,5,MIN,281,2,41,31,0,0,0,0,0,0,0,0,0,0,0,0,0,0,0,0,0,0,,,,,
Patrick Ricard,RB,BAL,5,PIT,0,0,0,0,0,0,0,0,0,0,0,0,0,0,0,0,0,0,0,0,0,0,,,,,
Patrick Taylor,RB,GB,5,LV,0,0,0,0,0,2,0,2,2,5,0,5,0,0,0,0,0,0,0,0,0,0,,,,,
Puka Nacua,WR,LA,5,PHI,0,0,0,0,0,0,0,0,7,71,1,11,0,0,0,0,0,0,0,0,0,0,,,,,
Quez Watkins,WR,PHI,5,LA,0,0,0,0,0,0,0,0,2,4,0,3,0,0,0,0,0,0,0,0,0,0,,,,,
Raheem Mostert,RB,MIA,5,NYG,0,0,0,0,0,65,1,10,2,13,0,2,0,0,0,0,0,0,0,0,0,0,,,,,
Randall Cobb,WR,NYJ,5,DEN,0,0,0,0,0,0,0,0,0,0,0,1,0,0,0,0,0,0,0,0,0,0,,,,,
Rashee Rice,WR,KC,5,MIN,0,0,0,0,0,0,0,0,4,33,1,5,0,0,0,0,0,0,0,0,0,0,,,,,
Rashid Shaheed,WR,NO,5,NE,0,0,0,0,0,0,0,0,2,28,0,2,0,0,0,0,0,0,0,0,0,0,,,,,
Rashod Bateman,WR,BAL,5,PIT,0,0,0,0,0,0,0,0,1,8,0,3,0,0,0,0,0,0,0,0,0,0,,,,,
Ray-Ray McCloud,WR,SF,5,DAL,0,0,0,0,0,0,0,0,1,1,0,1,0,0,0,0,0,0,0,0,0,0,,,,,
Rhamondre Stevenson,RB,NE,5,NO,0,0,0,0,0,24,0,8,0,0,0,2,0,0,0,0,0,0,0,0,0,0,,,,,
Rico Dowdle,RB,DAL,5,SF,0,0,0,0,0,15,0,5,0,0,0,1,0,0,0,0,0,0,0,0,0,0,,,,,
Riley Patterson,K,DET,5,CAR,0,0,0,0,0,0,0,0,0,0,0,0,0,0,0,0,0,0,0,0,0,6,,,,,
Robert Tonyan,TE,CHI,5,WAS,0,0,0,0,0,0,0,0,2,10,0,2,0,0,0,0,0,0,0,0,0,0,,,,,
Robert Woods,WR,HOU,5,ATL,0,0,0,0,0,0,0,0,3,30,0,9,0,0,0,0,0,0,0,0,0,0,,,,,
Romeo Doubs,WR,GB,5,LV,0,0,0,0,0,0,0,0,1,4,0,4,0,0,0,0,0,0,0,0,0,0,,,,,
Rondale Moore,WR,ARI,5,CIN,0,0,0,0,0,50,0,3,3,26,0,5,0,0,0,0,0,0,0,0,0,0,,,,,
Ronnie Bell,WR,SF,5,DAL,0,0,0,0,0,0,0,0,0,0,0,1,0,0,0,0,0,0,0,0,0,0,,,,,
Ronnie Rivers,RB,LA,5,PHI,0,0,0,0,0,1,0,1,0,0,0,0,0,0,0,0,0,0,0,0,0,0,,,,,
Roschon Johnson,RB,CHI,5,WAS,0,0,0,0,0,19,0,3,0,0,0,0,0,0,0,0,0,0,0,0,0,0,,,,,
Russell Wilson,QB,DEN,5,NYJ,196,2,31,20,0,49,0,7,0,0,0,0,0,0,0,0,0,0,0,0,0,0,,,,,
Ryan Tannehill,QB,TEN,5,IND,264,0,34,23,1,12,0,2,0,0,0,0,0,0,0,0,0,0,0,0,0,0,,,,,
SF,DEF,SF,5,DAL,,,,,,,,,,,,,,,,,,,,,,,0,0,0,0,10.0
Sam Darnold,QB,SF,5,DAL,1,0,1,1,0,-1,0,1,0,0,0,0,0,0,0,0,0,0,0,0,0,0,,,,,
Sam Howell,QB,WAS,5,CHI,388,2,51,37,1,19,0,4,0,0,0,0,0,0,1,0,0,0,0,0,0,0,,,,,
Sam LaPorta,TE,DET,5,CAR,0,0,0,0,0,0,0,0,3,47,2,4,0,0,0,0,0,0,0,0,0,0,,,,,
Samaje Perine,RB,DEN,5,NYJ,0,0,0,0,0,22,0,6,4,73,0,5,0,0,0,0,0,0,0,0,0,0,,,,,
Scott Miller,WR,ATL,5,HOU,0,0,0,0,0,0,0,0,2,10,0,2,0,0,0,0,0,0,0,0,0,0,,,,,
Sean McKeon,TE,DAL,5,SF,0,0,0,0,0,0,0,0,0,0,0,0,0,0,0,0,0,0,0,0,0,0,,,,,
Skyy Moore,WR,KC,5,MIN,0,0,0,0,0,0,0,0,2,11,0,2,0,0,0,0,0,0,0,0,0,0,,,,,
Stefon Diggs,WR,BUF,5,JAX,0,0,0,0,0,0,0,0,8,121,1,11,0,0,0,0,0,0,0,0,0,0,,,,,
Sterling Shepard,WR,NYG,5,MIA,0,0,0,0,0,0,0,0,1,13,0,2,0,0,0,0,0,0,0,0,0,0,,,,,
T.J. Hockenson,TE,MIN,5,KC,0,0,0,0,0,0,0,0,5,51,0,8,0,0,0,0,0,0,0,0,0,0,,,,,
TEN,DEF,TEN,5,IND,,,,,,,,,,,,,,,,,,,,,,,0,0,0,0,23.0
Tank Bigsby,RB,JAX,5,BUF,0,0,0,0,0,8,0,3,0,0,0,0,0,0,0,0,0,0,0,0,0,0,,,,,
Tank Dell,WR,HOU,5,ATL,0,0,0,0,0,-4,0,2,3,57,0,4,0,0,0,0,0,0,0,0,0,0,,,,,
Taysom Hill,TE,NO,5,NE,0,0,0,0,0,19,0,3,1,1,0,1,0,0,0,0,0,0,0,0,0,0,,,,,
Teagan Quitoriano,TE,HOU,5,ATL,0,0,0,0,0,0,0,0,1,22,0,1,0,0,0,0,0,0,0,0,0,0,,,,,
Teddy Bridgewater,QB,DET,5,CAR,0,0,0,0,0,-2,0,2,0,0,0,0,0,0,0,0,0,0,0,0,0,0,,,,,
Terry McLaurin,WR,WAS,5,CHI,0,0,0,0,0,0,0,0,4,49,0,5,0,0,0,0,0,0,0,0,0,0,,,,,
Tim Jones,WR,JAX,5,BUF,0,0,0,0,0,0,0,0,0,0,0,1,0,0,0,0,0,0,0,0,0,0,,,,,
Tommy Tremble,TE,CAR,5,DET,0,0,0,0,0,0,0,0,1,1,1,1,0,0,0,0,0,0,0,0,0,0,,,,,
Tony Pollard,RB,DAL,5,SF,0,0,0,0,0,29,0,8,4,35,0,5,0,0,0,0,0,0,0,0,0,0,,,,,
Travis Etienne,RB,JAX,5,BUF,0,0,0,0,0,136,2,26,4,48,0,5,0,0,1,0,0,0,0,0,0,0,,,,,
Travis Kelce,TE,KC,5,MIN,0,0,0,0,0,0,0,0,10,67,1,11,0,0,0,0,0,0,0,0,0,0,,,,,
Trayveon Williams,RB,CIN,5,ARI,0,0,0,0,0,5,0,1,0,0,0,0,0,0,0,0,0,0,0,0,0,0,,,,,
Tre Tucker,WR,LV,5,GB,0,0,0,0,0,16,0,1,0,0,0,1,0,0,0,0,0,0,0,0,0,0,,,,,
Trent Sherfield,WR,BUF,5,JAX,0,0,0,0,0,0,0,0,1,3,0,1,0,0,0,0,0,0,0,0,0,0,,,,,
Trent Taylor,WR,CHI,5,WAS,0,0,0,0,0,0,0,0,0,0,0,0,0,0,0,0,0,0,0,0,0,0,,,,,
Trenton Irwin,WR,CIN,5,ARI,0,0,0,0,0,0,0,0,8,60,0,10,0,0,0,0,0,0,0,0,0,0,,,,,
Trevon Wesco,TE,TEN,5,IND,0,0,0,0,0,0,0,0,1,21,0,1,0,0,0,0,0,0,0,0,0,0,,,,,
Trevor Lawrence,QB,JAX,5,BUF,315,1,37,25,0,31,0,7,0,0,0,0,0,0,0,0,0,0,0,0,0,0,,,,,
Trey McBride,TE,ARI,5,CIN,0,0,0,0,0,0,0,0,2,17,0,3,0,0,0,0,0,0,0,0,0,0,,,,,
Tua Tagovailoa,QB,MIA,5,NYG,308,2,30,22,2,6,0,2,0,0,0,0,0,0,0,0,0,0,0,0,0,0,,,,,
Tucker Kraft,TE,GB,5,LV,0,0,0,0,0,0,0,0,0,0,0,0,0,0,0,0,0,0,0,0,0,0,,,,,
Tutu Atwell,WR,LA,5,PHI,0,0,0,0,0,0,0,0,2,9,1,5,0,0,0,0,0,0,0,0,0,0,,,,,
Ty Chandler,RB,MIN,5,KC,0,0,0,0,0,15,0,1,0,0,0,0,0,0,0,0,0,0,0,0,0,0,,,,,
Ty Montgomery,WR,NE,5,NO,0,0,0,0,0,0,0,1,1,5,0,4,0,0,0,0,0,0,0,0,0,0,,,,,
Tyjae Spears,RB,TEN,5,IND,0,0,0,0,0,34,1,7,4,35,0,5,0,0,0,0,0,0,0,0,0,0,,,,,
Tyler Allgeier,RB,ATL,5,HOU,0,0,0,0,0,40,0,17,0,0,0,1,0,0,1,0,0,0,0,0,0,0,,,,,
Tyler Bass,K,BUF,5,JAX,0,0,0,0,0,0,0,0,0,0,0,0,0,0,0,0,0,0,0,0,0,2,,,,,
Tyler Boyd,WR,CIN,5,ARI,0,0,0,0,0,0,0,0,6,39,0,7,0,0,0,0,0,0,0,0,0,0,,,,,
Tyler Conklin,TE,NYJ,5,DEN,0,0,0,0,0,0,0,0,4,67,0,5,0,0,0,0,0,0,0,0,0,0,,,,,
Tyler Higbee,TE,LA,5,PHI,0,0,0,0,0,0,0,0,2,20,0,3,0,0,0,0,0,0,0,0,0,0,,,,,
Tyreek Hill,WR,MIA,5,NYG,0,0,0,0,0,0,0,0,8,181,1,9,0,0,0,0,0,0,0,0,0,0,,,,,
Tyrion Davis-Price,RB,SF,5,DAL,0,0,0,0,0,21,0,6,0,0,0,0,0,0,0,0,0,0,0,0,0,0,,,,,
Tyrod Taylor,QB,NYG,5,MIA,86,0,12,9,0,14,0,3,0,0,0,0,0,0,0,0,0,0,0,0,0,0,,,,,
WAS,DEF,WAS,5,CHI,,,,,,,,,,,,,,,,,,,,,,,0,0,0,0,40.0
Wan'Dale Robinson,WR,NYG,5,MIA,0,0,0,0,0,1,0,1,5,18,0,6,0,0,0,0,0,0,0,0,0,0,,,,,
Wil Lutz,K,DEN,5,NYJ,0,0,0,0,0,0,0,0,0,0,0,0,0,0,0,0,2,0,0,0,0,1,,,,,
Xavier Gipson,WR,NYJ,5,DEN,0,0,0,0,0,0,0,0,0,0,0,0,0,0,0,0,0,0,0,0,0,0,,,,,
Younghoe Koo,K,ATL,5,HOU,0,0,0,0,0,0,0,0,0,0,0,0,0,0,0,0,0,2,0,0,0,1,,,,,
Zach Ertz,TE,ARI,5,CIN,0,0,0,0,0,0,0,0,2,10,1,4,0,0,0,0,0,0,0,0,0,0,,,,,
Zach Pascal,WR,ARI,5,CIN,0,0,0,0,0,0,0,0,0,0,0,1,0,0,0,0,0,0,0,0,0,0,,,,,
Zach Wilson,QB,NYJ,5,DEN,199,0,26,19,1,26,0,3,0,0,0,0,0,0,0,0,0,0,0,0,0,0,,,,,
Zack Moss,RB,IND,5,TEN,0,0,0,0,0,165,2,23,2,30,0,2,0,0,0,0,0,0,0,0,0,0,,,,,
Zay Flowers,WR,BAL,5,PIT,0,0,0,0,0,0,0,0,5,73,0,11,0,0,0,0,0,0,0,0,0,0,,,,,
Zay Jones,WR,JAX,5,BUF,0,0,0,0,0,0,0,0,3,23,1,5,0,0,0,0,0,0,0,0,0,0,,,,,
A.J. Brown,WR,PHI,6,NYJ,0,0,0,0,0,0,0,0,7,131,0,9,0,0,0,0,0,0,0,0,0,0,,,,,
ARI,DEF,ARI,6,LA,,,,,,,,,,,,,,,,,,,,,,,0,0,0,0,26.0
ATL,DEF,ATL,6,WAS,,,,,,,,,,,,,,,,,,,,,,,0,0,0,0,24.0
Adam Thielen,WR,CAR,6,MIA,0,0,0,0,0,0,0,0,11,115,1,13,0,0,0,0,0,0,0,0,0,0,,,,,
Adam Trautman,TE,DEN,6,KC,0,0,0,0,0,0,0,0,1,4,0,2,0,0,0,0,0,0,0,0,0,0,,,,,
Alec Pierce,WR,IND,6,JAX,0,0,0,0,0,0,0,0,3,25,0,6,0,0,0,0,0,0,0,0,0,0,,,,,
Alexander Mattison,RB,MIN,6,CHI,0,0,0,0,0,44,0,18,4,28,0,7,0,0,0,0,0,0,0,0,0,0,,,,,
Allen Lazard,WR,NYJ,6,PHI,0,0,0,0,0,0,0,0,1,8,0,3,0,0,0,0,0,0,0,0,0,0,,,,,
Alvin Kamara,RB,NO,6,HOU,0,0,0,0,0,68,0,19,7,36,0,8,0,0,0,0,0,0,0,0,0,0,,,,,
Amari Cooper,WR,CLE,6,SF,0,0,0,0,0,0,0,0,4,108,0,8,0,0,0,0,0,0,0,0,0,0,,,,,
Amari Rodgers,WR,IND,6,JAX,0,0,0,0,0,0,0,0,0,0,0,2,0,0,0,0,0,0,0,0,0,0,,,,,
Ameer Abdullah,RB,LV,6,NE,0,0,0,0,0,0,0,0,0,0,0,1,0,0,0,0,0,0,0,0,0,0,,,,,
Amon-Ra St. Brown,WR,DET,6,TB,0,0,0,0,0,0,0,0,12,124,1,15,0,0,0,0,0,0,0,0,0,0,,,,,
Andrei Iosivas,WR,CIN,6,SEA,0,0,0,0,0,0,0,0,1,3,1,1,0,0,0,0,0,0,0,0,0,0,,,,,
Andrew Ogletree,TE,IND,6,JAX,0,0,0,0,0,0,0,0,0,0,0,1,0,0,0,0,0,0,0,0,0,0,,,,,
Antonio Gibson,RB,WAS,6,ATL,0,0,0,0,0,15,0,3,1,1,1,1,0,0,0,0,0,0,0,0,0,0,,,,,
Austin Ekeler,RB,LAC,6,DAL,0,0,0,0,0,27,0,14,4,35,0,6,0,0,0,0,0,0,0,0,0,0,,,,,
Austin Hooper,TE,LV,6,NE,0,0,0,0,0,0,0,0,2,19,0,2,0,0,0,0,0,0,0,0,0,0,,,,,
Austin Trammell,WR,LA,6,ARI,0,0,0,0,0,0,0,0,0,0,0,0,0,0,0,0,0,0,0,0,0,0,,,,,
BAL,DEF,BAL,6,TEN,,,,,,,,,,,,,,,,,,,,,,,0,0,0,0,16.0
BUF,DEF,BUF,6,NYG,,,,,,,,,,,,,,,,,,,,,,,0,0,0,0,9.0
Baker Mayfield,QB,TB,6,DET,206,0,37,19,1,6,0,2,0,0,0,0,0,0,0,0,0,0,0,0,0,0,,,,,
Bijan Robinson,RB,ATL,6,WAS,0,0,0,0,0,37,0,13,5,43,0,8,0,0,0,0,0,0,0,0,0,0,,,,,
Blake Grupe,K,NO,6,HOU,0,0,0,0,0,0,0,0,0,0,0,0,0,0,0,0,0,0,2,0,0,1,,,,,
Boston Scott,RB,PHI,6,NYJ,0,0,0,0,0,2,0,2,1,14,0,1,0,0,0,0,0,0,0,0,0,0,,,,,
Brandin Cooks,WR,DAL,6,LAC,0,0,0,0,0,14,0,1,4,36,1,4,0,0,0,0,0,0,0,0,0,0,,,,,
Brandon Aiyuk,WR,SF,6,CLE,0,0,0,0,0,0,0,0,4,76,0,10,0,0,0,0,0,0,0,0,0,0,,,,,
Brandon Aubrey,K,DAL,6,LAC,0,0,0,0,0,0,0,0,0,0,0,0,0,0,0,0,0,2,0,0,0,2,,,,,
Brandon Johnson,WR,DEN,6,KC,0,0,0,0,0,0,0,0,0,0,0,2,0,0,0,0,0,0,0,0,0,0,,,,,
Brandon McManus,K,JAX,6,IND,0,0,0,0,0,0,0,0,0,0,0,0,0,0,0,0,0,0,2,1,0,4,,,,,
Brandon Powell,WR,MIN,6,CHI,0,0,0,0,0,-1,0,1,3,20,0,4,0,0,0,0,0,0,0,0,0,0,,,,,
Braxton Berrios,WR,MIA,6,CAR,0,0,0,0,0,0,0,0,2,20,0,2,0,0,0,0,0,0,0,0,0,0,,,,,
Breece Hall,RB,NYJ,6,PHI,0,0,0,0,0,39,1,12,5,54,0,5,0,0,0,0,0,0,0,0,0,0,,,,,
Brenton Strange,TE,JAX,6,IND,0,0,0,0,0,0,0,0,2,27,1,3,0,0,0,0,0,0,0,0,0,0,,,,,
Brett Maher,K,LA,6,ARI,0,0,0,0,0,0,0,0,0,0,0,0,0,0,0,0,2,1,1,0,0,2,,,,,
Brevin Jordan,TE,HOU,6,NO,0,0,0,0,0,0,0,0,1,11,0,1,0,0,0,0,0,0,0,0,0,0,,,,,
Brian Hoyer,QB,LV,6,NE,102,0,10,6,0,-3,0,3,0,0,0,0,0,0,0,0,0,0,0,0,0,0,,,,,
Brian Robinson,RB,WAS,6,ATL,0,0,0,0,0,31,0,10,2,25,1,2,0,0,0,0,0,0,0,0,0,0,,,,,
Britain Covey,WR,PHI,6,NYJ,0,0,0,0,0,0,0,0,0,0,0,0,0,0,0,0,0,0,0,0,0,0,,,,,
Brock Purdy,QB,SF,6,CLE,125,1,27,12,1,7,0,3,0,0,0,0,0,0,0,0,0,0,0,0,0,0,,,,,
Brock Wright,TE,DET,6,TB,0,0,0,0,0,0,0,0,1,7,0,1,0,0,0,0,0,0,0,0,0,0,,,,,
Bryce Young,QB,CAR,6,MIA,217,1,38,23,0,0,0,0,0,0,0,0,0,0,0,0,0,0,0,0,0,0,,,,,
C.J. Beathard,QB,JAX,6,IND,0,0,0,0,0,-2,0,3,0,0,0,0,0,0,0,0,0,0,0,0,0,0,,,,,
C.J. Stroud,QB,HOU,6,NO,199,2,27,13,1,2,0,3,0,0,0,0,0,0,0,0,0,0,0,0,0,0,,,,,
C.J. Uzomah,TE,NYJ,6,PHI,0,0,0,0,0,0,0,0,0,0,0,1,0,0,0,0,0,0,0,0,0,0,,,,,
CAR,DEF,CAR,6,MIA,,,,,,,,,,,,,,,,,,,,,,,1,0,0,0,42.0
CHI,DEF,CHI,6,MIN,,,,,,,,,,,,,,,,,,,,,,,0,0,0,0,19.0
CIN,DEF,CIN,6,SEA,,,,,,,,,,,,,,,,,,,,,,,0,0,0,0,13.0
CLE,DEF,CLE,6,SF,,,,,,,,,,,,,,,,,,,,,,,0,0,0,0,17.0
Cade Otton,TE,TB,6,DET,0,0,0,0,0,0,0,0,1,15,0,2,0,0,0,0,0,0,0,0,0,0,,,,,
Cairo Santos,K,CHI,6,MIN,0,0,0,0,0,0,0,0,0,0,0,0,0,0,0,0,1,0,0,1,0,1,,,,,
Calvin Ridley,WR,JAX,6,IND,0,0,0,0,0,-4,0,1,4,30,0,8,0,0,0,0,0,0,0,0,0,0,,,,,
Cam Akers,RB,MIN,6,CHI,0,0,0,0,0,8,0,1,1,7,0,1,0,0,0,0,0,0,0,0,0,0,,,,,
Cameron Dicker,K,LAC,6,DAL,0,0,0,0,0,0,0,0,0,0,0,0,0,0,0,0,1,0,0,0,0,2,,,,,
CeeDee Lamb,WR,DAL,6,LAC,0,0,0,0,0,0,0,0,7,117,0,7,0,0,0,0,0,0,0,0,0,0,,,,,
Chad Ryland,K,NE,6,LV,0,0,0,0,0,0,0,0,0,0,0,0,0,0,0,0,0,0,1,0,0,2,,,,,
Charlie Woerner,TE,SF,6,CLE,0,0,0,0,0,0,0,0,0,0,0,0,0,0,0,0,0,0,0,0,0,0,,,,,
Chase Brown,RB,CIN,6,SEA,0,0,0,0,0,4,0,1,1,8,0,1,0,0,0,0,0,0,0,0,0,0,,,,,
Chase McLaughlin,K,TB,6,DET,0,0,0,0,0,0,0,0,0,0,0,0,0,0,0,0,0,2,0,0,0,0,,,,,
Chig Okonkwo,TE,TEN,6,BAL,0,0,0,0,0,0,0,0,2,18,0,4,0,0,0,0,0,0,0,0,0,0,,,,,
Chris Brooks,RB,MIA,6,CAR,0,0,0,0,0,28,0,6,0,0,0,0,0,0,0,0,0,0,0,0,0,0,,,,,
Chris Godwin Jr.,WR,TB,6,DET,0,0,0,0,0,0,0,0,6,77,0,7,0,0,0,0,0,0,0,0,0,0,,,,,
Chris Manhertz,TE,DEN,6,KC,0,0,0,0,0,0,0,0,0,0,0,1,0,0,0,0,0,0,0,0,0,0,,,,,
Chris Moore,WR,TEN,6,BAL,0,0,0,0,0,0,0,0,1,6,0,1,0,0,0,0,0,0,0,0,0,0,,,,,
Chris Olave,WR,NO,6,HOU,0,0,0,0,0,0,0,0,7,96,0,10,0,0,0,0,0,0,0,0,0,0,,,,,
Chris Rodriguez Jr.,RB,WAS,6,ATL,0,0,0,0,0,23,0,4,0,0,0,0,0,0,0,0,0,0,0,0,0,0,,,,,
Christian Kirk,WR,JAX,6,IND,0,0,0,0,0,0,0,0,3,49,1,6,0,0,0,0,0,0,0,0,0,0,,,,,
Christian McCaffrey,RB,SF,6,CLE,0,0,0,0,0,43,0,11,3,9,1,3,0,0,0,0,0,0,0,0,0,0,,,,,
Chuba Hubbard,RB,CAR,6,MIA,0,0,0,0,0,88,1,19,1,2,0,1,0,0,0,0,0,0,0,0,0,0,,,,,
Clyde Edwards-Helaire,RB,KC,6,DEN,0,0,0,0,0,7,0,2,1,9,0,1,0,0,0,0,0,0,0,0,0,0,,,,,
Colby Parkinson,TE,SEA,6,CIN,0,0,0,0,0,0,0,0,3,19,0,5,0,0,0,0,0,0,0,0,0,0,,,,,
Cole Kmet,TE,CHI,6,MIN,0,0,0,0,0,0,0,0,2,9,0,3,0,0,0,0,0,0,0,0,0,0,,,,,
Cooper Kupp,WR,LA,6,ARI,0,0,0,0,0,0,0,0,7,148,1,9,0,0,0,0,0,0,0,0,0,0,,,,,
Cordarrelle Patterson,RB,ATL,6,WAS,0,0,0,0,0,0,0,1,1,6,0,1,0,0,0,0,0,0,0,0,0,0,,,,,
Courtland Sutton,WR,DEN,6,KC,0,0,0,0,0,0,0,0,4,46,1,6,0,0,0,0,0,0,0,0,0,0,,,,,
Craig Reynolds,RB,DET,6,TB,0,0,0,0,0,15,0,10,2,28,0,2,0,0,0,0,0,0,0,0,0,0,,,,,
Curtis Samuel,WR,WAS,6,ATL,0,0,0,0,0,0,0,1,4,42,1,4,0,0,0,0,0,0,0,0,0,0,,,,,
D'Andre Swift,RB,PHI,6,NYJ,0,0,0,0,0,18,0,10,8,40,1,10,0,0,0,0,0,0,0,0,0,0,,,,,
D'Ernest Johnson,RB,JAX,6,IND,0,0,0,0,0,19,0,1,0,0,0,0,0,0,0,0,0,0,0,0,0,0,,,,,
D'Onta Foreman,RB,CHI,6,MIN,0,0,0,0,0,65,0,15,1,2,0,1,0,0,0,0,0,0,0,0,0,0,,,,,
DAL,DEF,DAL,6,LAC,,,,,,,,,,,,,,,,,,,,,,,0,0,0,0,17.0
DEN,DEF,DEN,6,KC,,,,,,,,,,,,,,,,,,,,,,,0,0,0,0,19.0
DET,DEF,DET,6,TB,,,,,,,,,,,,,,,,,,,,,,,0,0,0,0,6.0
DJ Chark,WR,CAR,6,MIA,0,0,0,0,0,0,0,0,3,26,0,6,0,0,0,0,0,0,0,0,0,0,,,,,
DJ Moore,WR,CHI,6,MIN,0,0,0,0,0,0,0,0,5,51,0,8,0,0,0,0,0,0,0,0,0,0,,,,,
DK Metcalf,WR,SEA,6,CIN,0,0,0,0,0,0,0,0,4,69,0,9,0,0,0,0,0,0,0,0,0,0,,,,,
Dak Prescott,QB,DAL,6,LAC,272,1,30,21,0,40,1,7,0,0,0,0,0,0,0,0,0,0,0,0,0,0,,,,,
Dallas Goedert,TE,PHI,6,NYJ,0,0,0,0,0,0,0,0,5,42,0,8,0,0,0,0,0,0,0,0,0,0,,,,,
Dalton Schultz,TE,HOU,6,NO,0,0,0,0,0,0,0,0,4,61,1,7,0,0,0,0,0,0,0,0,0,0,,,,,
Dalvin Cook,RB,NYJ,6,PHI,0,0,0,0,0,12,0,3,1,2,0,1,0,0,0,0,0,0,0,0,0,0,,,,,
Dameon Pierce,RB,HOU,6,NO,0,0,0,0,0,34,0,13,0,0,0,0,0,0,0,0,0,0,0,0,0,0,,,,,
Damien Harris,RB,BUF,6,NYG,0,0,0,0,0,1,0,1,0,0,0,0,0,0,0,0,0,0,0,0,0,0,,,,,
Damien Williams,RB,ARI,6,LA,0,0,0,0,0,36,0,8,1,8,0,1,0,0,0,0,0,0,0,0,0,0,,,,,
Daniel Carlson,K,LV,6,NE,0,0,0,0,0,0,0,0,0,0,0,0,0,0,0,0,2,2,0,0,0,1,,,,,
Darius Slayton,WR,NYG,6,BUF,0,0,0,0,0,0,0,0,4,69,0,6,0,0,0,0,0,0,0,0,0,0,,,,,
Darnell Mooney,WR,CHI,6,MIN,0,0,0,0,0,0,0,0,2,48,0,3,0,0,0,0,0,0,0,0,0,0,,,,,
Darren Waller,TE,NYG,6,BUF,0,0,0,0,0,0,0,0,5,43,0,7,0,0,0,0,0,0,0,0,0,0,,,,,
Darrynton Evans,RB,CHI,6,MIN,0,0,0,0,0,32,0,9,1,2,0,1,0,0,0,0,0,0,0,0,0,0,,,,,
Davante Adams,WR,LV,6,NE,0,0,0,0,0,0,0,0,2,29,0,5,0,0,0,0,0,0,0,0,0,0,,,,,
David Bell,WR,CLE,6,SF,0,0,0,0,0,0,0,0,1,6,0,3,0,0,0,0,0,0,0,0,0,0,,,,,
David Montgomery,RB,DET,6,TB,0,0,0,0,0,14,0,6,1,19,0,1,0,0,0,0,0,0,0,0,0,0,,,,,
David Njoku,TE,CLE,6,SF,0,0,0,0,0,0,0,0,3,24,0,4,0,0,0,0,0,0,0,0,0,0,,,,,
Dawson Knox,TE,BUF,6,NYG,0,0,0,0,0,0,0,0,3,17,0,6,0,0,0,0,0,0,0,0,0,0,,,,,
DeAndre Carter,WR,LV,6,NE,0,0,0,0,0,0,0,0,0,0,0,1,0,0,0,0,0,0,0,0,0,0,,,,,
DeAndre Hopkins,WR,TEN,6,BAL,0,0,0,0,0,0,0,0,1,20,0,5,0,0,0,0,0,0,0,0,0,0,,,,,
DeVante Parker,WR,NE,6,LV,0,0,0,0,0,0,0,0,1,7,0,3,0,0,0,0,0,0,0,0,0,0,,,,,
DeVonta Smith,WR,PHI,6,NYJ,0,0,0,0,0,0,0,0,5,44,0,11,0,0,0,0,0,0,0,0,0,0,,,,,
DeeJay Dallas,RB,SEA,6,CIN,0,0,0,0,0,0,0,0,1,-1,0,1,0,0,0,0,0,0,0,0,0,0,,,,,
Deebo Samuel Sr.,WR,SF,6,CLE,0,0,0,0,0,11,0,2,0,0,0,1,0,0,0,0,0,0,0,0,0,0,,,,,
Deonte Harty,WR,BUF,6,NYG,0,0,0,0,0,0,0,0,1,3,1,1,0,0,0,0,0,0,0,0,0,0,,,,,
Derek Carr,QB,NO,6,HOU,353,1,50,32,1,2,0,1,0,0,0,0,0,0,0,0,0,0,0,0,0,0,,,,,
Derius Davis,WR,LAC,6,DAL,0,0,0,0,0,0,0,0,0,0,0,0,0,0,0,0,0,0,0,0,0,0,,,,,
Derrick Henry,RB,TEN,6,BAL,0,0,0,0,0,97,1,12,2,16,0,2,0,0,0,0,0,0,0,0,0,0,,,,,
Desmond Ridder,QB,ATL,6,WAS,307,2,47,28,3,18,0,2,0,0,0,0,0,0,0,0,0,0,0,0,0,0,,,,,
Deven Thompkins,WR,TB,6,DET,0,0,0,0,0,5,0,1,2,-2,0,4,0,0,0,0,0,0,0,0,0,0,,,,,
Devin Duvernay,WR,BAL,6,TEN,0,0,0,0,0,0,0,0,0,0,0,0,0,0,0,0,0,0,0,0,0,0,,,,,
Devin Singletary,RB,HOU,6,NO,0,0,0,0,0,58,0,12,1,4,0,2,0,0,0,0,0,0,0,0,0,0,,,,,
Devine Ozigbo,RB,DET,6,TB,0,0,0,0,0,5,0,3,1,8,0,1,0,0,0,0,0,0,0,0,0,0,,,,,
Donald Parham,TE,LAC,6,DAL,0,0,0,0,0,0,0,0,2,19,0,3,0,0,0,0,0,0,0,0,0,0,,,,,
Donovan Peoples-Jones,WR,CLE,6,SF,0,0,0,0,0,0,0,0,0,0,0,1,0,0,0,0,0,0,0,0,0,0,,,,,
Drake London,WR,ATL,6,WAS,0,0,0,0,0,0,0,0,9,125,0,12,0,0,0,0,0,0,0,0,0,0,,,,,
Drew Sample,TE,CIN,6,SEA,0,0,0,0,0,0,0,0,1,4,0,1,0,0,0,0,0,0,0,0,0,0,,,,,
Durham Smythe,TE,MIA,6,CAR,0,0,0,0,0,0,0,0,0,0,0,1,0,0,0,0,0,0,0,0,0,0,,,,,
Dustin Hopkins,K,CLE,6,SF,0,0,0,0,0,0,0,0,0,0,0,0,0,0,0,0,1,0,2,1,0,1,,,,,
Dyami Brown,WR,WAS,6,ATL,0,0,0,0,0,0,0,0,0,0,0,1,0,0,0,0,0,0,0,0,0,0,,,,,
Eddy Pineiro,K,CAR,6,MIA,0,0,0,0,0,0,0,0,0,0,0,0,0,0,0,0,0,0,0,0,0,3,,,,,
Elijah Mitchell,RB,SF,6,CLE,0,0,0,0,0,-3,0,2,0,0,0,0,0,0,0,0,0,0,0,0,0,0,,,,,
Elijah Moore,WR,CLE,6,SF,0,0,0,0,0,8,0,1,4,19,0,7,0,0,0,0,0,0,0,0,0,0,,,,,
Emari Demercado,RB,ARI,6,LA,0,0,0,0,0,11,0,2,1,6,0,1,0,0,0,0,0,0,0,0,0,0,,,,,
Eric Gray,RB,NYG,6,BUF,0,0,0,0,0,2,0,1,0,0,0,0,0,0,0,0,0,0,0,0,0,0,,,,,
Evan Engram,TE,JAX,6,IND,0,0,0,0,0,0,0,0,7,41,0,7,0,0,0,0,0,0,0,0,0,0,,,,,
Evan McPherson,K,CIN,6,SEA,0,0,0,0,0,0,0,0,0,0,0,0,0,0,0,0,0,0,0,1,0,2,,,,,
Ezekiel Elliott,RB,NE,6,LV,0,0,0,0,0,34,1,7,1,15,0,1,0,0,0,0,0,0,0,0,0,0,,,,,
Foster Moreau,TE,NO,6,HOU,0,0,0,0,0,0,0,0,4,33,0,4,0,0,0,0,0,0,0,0,0,0,,,,,
Gabe Davis,WR,BUF,6,NYG,0,0,0,0,0,0,0,0,3,21,0,4,0,0,0,0,0,0,0,0,0,0,,,,,
Gardner Minshew,QB,IND,6,JAX,329,1,55,33,3,4,0,2,0,0,0,0,0,0,0,0,0,0,0,0,0,0,,,,,
Garrett Wilson,WR,NYJ,6,PHI,0,0,0,0,0,0,0,0,8,90,0,12,0,0,0,0,0,0,0,0,0,0,,,,,
Geno Smith,QB,SEA,6,CIN,326,0,41,27,2,20,0,4,0,0,0,0,0,0,0,0,0,0,0,0,0,0,,,,,
George Kittle,TE,SF,6,CLE,0,0,0,0,0,0,0,0,1,1,0,2,0,0,0,0,0,0,0,0,0,0,,,,,
Gerald Everett,TE,LAC,6,DAL,0,0,0,0,0,2,0,1,3,16,1,5,0,0,0,0,0,0,0,0,0,0,,,,,
Graham Gano,K,NYG,6,BUF,0,0,0,0,0,0,0,0,0,0,0,0,0,0,0,0,2,0,1,0,0,0,,,,,
Greg Dortch,WR,ARI,6,LA,0,0,0,0,0,0,0,0,0,0,0,1,0,0,0,0,0,0,0,0,0,0,,,,,
Greg Dulcich,TE,DEN,6,KC,0,0,0,0,0,0,0,0,1,3,0,2,0,0,0,0,0,0,0,0,0,0,,,,,
Greg Joseph,K,MIN,6,CHI,0,0,0,0,0,0,0,0,0,0,0,0,0,0,0,0,0,0,0,2,0,1,,,,,
Greg Zuerlein,K,NYJ,6,PHI,0,0,0,0,0,0,0,0,0,0,0,0,0,0,0,0,0,2,2,0,0,0,,,,,
Gus Edwards,RB,BAL,6,TEN,0,0,0,0,0,41,0,16,1,12,0,1,0,0,0,0,0,0,0,0,0,0,,,,,
HOU,DEF,HOU,6,NO,,,,,,,,,,,,,,,,,,,,,,,0,0,0,0,13.0
Harrison Bryant,TE,CLE,6,SF,0,0,0,0,0,0,0,0,0,0,0,1,0,0,0,0,0,0,0,0,0,0,,,,,
Harrison Butker,K,KC,6,DEN,0,0,0,0,0,0,0,0,0,0,0,0,0,0,0,0,1,1,0,1,1,1,,,,,
Hayden Hurst,TE,CAR,6,MIA,0,0,0,0,0,0,0,0,1,16,0,3,0,0,0,0,0,0,0,0,0,0,,,,,
Hunter Henry,TE,NE,6,LV,0,0,0,0,0,0,0,0,1,7,0,3,0,0,0,0,0,0,0,0,0,0,,,,,
Hunter Renfrow,WR,LV,6,NE,0,0,0,0,0,0,0,0,0,0,0,0,0,0,0,0,0,0,0,0,0,0,,,,,
IND,DEF,IND,6,JAX,,,,,,,,,,,,,,,,,,,,,,,0,0,0,0,37.0
Ihmir Smith-Marsette,WR,CAR,6,MIA,0,0,0,0,0,0,0,0,0,0,0,0,0,0,0,0,0,0,0,0,0,0,,,,,
Irv Smith,TE,CIN,6,SEA,0,0,0,0,0,0,0,0,1,5,0,2,0,0,0,0,0,0,0,0,0,0,,,,,
Irvin Charles,WR,NYJ,6,PHI,0,0,0,0,0,0,0,0,0,0,0,0,0,0,0,0,0,0,0,0,0,0,,,,,
Isaiah McKenzie,WR,IND,6,JAX,0,0,0,0,0,0,0,0,2,23,0,2,0,0,0,0,0,0,0,0,0,0,,,,,
Isaiah Spiller,RB,LAC,6,DAL,0,0,0,0,0,2,0,1,0,0,0,0,0,0,0,0,0,0,0,0,0,0,,,,,
Isiah Pacheco,RB,KC,6,DEN,0,0,0,0,0,62,0,16,6,36,0,6,0,0,0,0,0,0,0,0,0,0,,,,,
JAX,DEF,JAX,6,IND,,,,,,,,,,,,,,,,,,,,,,,0,0,0,0,20.0
Ja'Marr Chase,WR,CIN,6,SEA,0,0,0,0,0,0,0,0,6,80,0,13,0,0,0,0,0,0,0,0,0,0,,,,,
Jaelon Darden,WR,CLE,6,SF,0,0,0,0,0,0,0,0,0,0,0,0,0,0,0,0,0,0,0,0,0,0,,,,,
Jahan Dotson,WR,WAS,6,ATL,0,0,0,0,0,0,0,0,0,0,0,1,0,0,0,0,0,0,0,0,0,0,,,,,
Jake Bobo,WR,SEA,6,CIN,0,0,0,0,0,0,0,0,2,43,0,2,0,0,0,0,0,0,0,0,0,0,,,,,
Jake Elliott,K,PHI,6,NYJ,0,0,0,0,0,0,0,0,0,0,0,0,0,0,0,0,0,0,0,0,0,2,,,,,
Jake Ferguson,TE,DAL,6,LAC,0,0,0,0,0,0,0,0,1,15,0,1,0,0,0,0,0,0,0,0,0,0,,,,,
Jake Moody,K,SF,6,CLE,0,0,0,0,0,0,0,0,0,0,0,0,0,0,0,0,1,0,0,0,0,2,,,,,
Jakobi Meyers,WR,LV,6,NE,0,0,0,0,0,0,0,0,5,61,1,7,0,0,0,0,0,0,0,0,0,0,,,,,
Jaleel McLaughlin,RB,DEN,6,KC,0,0,0,0,0,30,0,7,2,12,0,2,0,0,0,0,0,0,0,0,0,0,,,,,
Jalen Hurts,QB,PHI,6,NYJ,280,1,45,28,3,47,1,8,0,0,0,0,0,0,0,0,0,0,0,0,0,0,,,,,
Jalen Tolbert,WR,DAL,6,LAC,0,0,0,0,0,0,0,0,0,0,0,0,0,0,0,0,0,0,0,0,0,0,,,,,
Jalin Hyatt,WR,NYG,6,BUF,0,0,0,0,0,0,0,0,3,21,0,4,0,0,0,0,0,0,0,0,0,0,,,,,
Jamal Agnew,WR,JAX,6,IND,0,0,0,0,0,0,0,0,0,0,0,0,0,0,0,0,0,0,0,0,0,0,,,,,
James Cook,RB,BUF,6,NYG,0,0,0,0,0,71,0,14,0,0,0,0,0,0,0,0,0,0,0,0,0,0,,,,,
Jameson Williams,WR,DET,6,TB,0,0,0,0,0,0,0,0,2,53,1,3,0,0,0,0,0,0,0,0,0,0,,,,,
Jamison Crowder,WR,WAS,6,ATL,0,0,0,0,0,0,0,0,0,0,0,0,0,0,0,0,0,0,0,0,0,0,,,,,
Jared Goff,QB,DET,6,TB,353,2,44,30,0,3,0,2,0,0,0,0,0,0,0,0,0,0,0,0,0,0,,,,,
Jason Myers,K,SEA,6,CIN,0,0,0,0,0,0,0,0,0,0,0,0,0,0,0,0,1,0,0,1,0,1,,,,,
Jason Sanders,K,MIA,6,CAR,0,0,0,0,0,0,0,0,0,0,0,0,0,0,0,0,0,0,0,0,0,6,,,,,
Jauan Jennings,WR,SF,6,CLE,0,0,0,0,0,0,0,0,2,26,0,4,0,0,0,0,0,0,0,0,0,0,,,,,
Javonte Williams,RB,DEN,6,KC,0,0,0,0,0,52,0,10,0,0,0,0,0,0,1,0,0,0,0,0,0,0,,,,,
Jaxon Smith-Njigba,WR,SEA,6,CIN,0,0,0,0,0,0,0,0,4,48,0,5,0,0,0,0,0,0,0,0,0,0,,,,,
Jaylen Waddle,WR,MIA,6,CAR,0,0,0,0,0,0,0,0,7,51,1,9,0,0,0,0,0,0,0,0,0,0,,,,,
Jeremy Ruckert,TE,NYJ,6,PHI,0,0,0,0,0,0,0,0,1,8,0,1,0,0,0,0,0,0,0,0,0,0,,,,,
Jerick McKinnon,RB,KC,6,DEN,0,0,0,0,0,0,0,0,3,20,0,5,0,0,0,0,0,0,0,0,0,0,,,,,
Jerome Ford,RB,CLE,6,SF,0,0,0,0,0,84,0,17,2,7,0,2,0,0,0,0,0,0,0,0,0,0,,,,,
Jerry Jeudy,WR,DEN,6,KC,0,0,0,0,0,0,0,0,3,14,0,5,0,0,0,0,0,0,0,0,0,0,,,,,
Jimmy Garoppolo,QB,LV,6,NE,162,1,22,14,1,4,0,2,0,0,0,0,0,0,0,0,0,0,0,0,0,0,,,,,
Joe Burrow,QB,CIN,6,SEA,185,2,35,24,1,4,0,2,0,0,0,0,0,0,0,0,0,0,0,0,0,0,,,,,
Joe Mixon,RB,CIN,6,SEA,0,0,0,0,0,38,0,12,3,24,0,4,0,0,0,0,0,0,0,0,0,0,,,,,
Joey Slye,K,WAS,6,ATL,0,0,0,0,0,0,0,0,0,0,0,0,0,0,0,0,0,1,0,0,0,3,,,,,
Jonathan Mingo,WR,CAR,6,MIA,0,0,0,0,0,0,0,0,2,21,0,3,0,0,0,0,0,0,0,0,0,0,,,,,
Jonathan Taylor,RB,IND,6,JAX,0,0,0,0,0,19,0,8,5,46,0,6,0,0,0,0,0,0,0,0,0,0,,,,,
Jonnu Smith,TE,ATL,6,WAS,0,0,0,0,0,0,0,0,4,36,1,5,0,0,0,0,0,0,0,0,0,0,,,,,
Jordan Addison,WR,MIN,6,CHI,0,0,0,0,0,0,0,0,3,28,1,5,0,0,0,0,0,0,0,0,0,0,,,,,
Jordan Akins,TE,CLE,6,SF,0,0,0,0,0,0,0,0,0,0,0,2,0,0,0,0,0,0,0,0,0,0,,,,,
Jordan Mason,RB,SF,6,CLE,0,0,0,0,0,27,1,5,0,0,0,0,0,0,0,0,0,0,0,0,0,0,,,,,
Jordan Mims,RB,NO,6,HOU,0,0,0,0,0,0,0,0,0,0,0,0,0,0,0,0,0,0,0,0,0,0,,,,,
Josh Allen,QB,BUF,6,NYG,169,2,30,19,1,11,0,2,0,0,0,0,0,0,0,0,0,0,0,0,0,0,,,,,
Josh Downs,WR,IND,6,JAX,0,0,0,0,0,0,0,0,5,21,1,8,0,0,0,0,0,0,0,0,0,0,,,,,
Josh Jacobs,RB,LV,6,NE,0,0,0,0,0,77,0,25,2,16,0,5,0,0,0,0,0,0,0,0,0,0,,,,,
Josh Palmer,WR,LAC,6,DAL,0,0,0,0,0,0,0,0,4,60,0,7,0,0,0,0,0,0,0,0,0,0,,,,,
Josh Reynolds,WR,DET,6,TB,0,0,0,0,0,0,0,0,3,50,0,3,0,0,0,0,0,0,0,0,0,0,,,,,
Josh Whyle,TE,TEN,6,BAL,0,0,0,0,0,0,0,0,1,11,0,1,0,0,0,0,0,0,0,0,0,0,,,,,
Joshua Dobbs,QB,ARI,6,LA,235,0,41,21,1,47,0,7,0,0,0,0,0,0,0,0,0,0,0,0,0,0,,,,,
Joshua Kelley,RB,LAC,6,DAL,0,0,0,0,0,2,0,1,1,2,0,2,0,0,0,0,0,0,0,0,0,0,,,,,
Justice Hill,RB,BAL,6,TEN,0,0,0,0,0,35,0,8,3,0,0,3,0,0,0,0,0,0,0,0,0,0,,,,,
Justin Fields,QB,CHI,6,MIN,58,0,10,6,1,46,0,8,0,0,0,0,0,0,0,0,0,0,0,0,0,0,,,,,
Justin Herbert,QB,LAC,6,DAL,227,2,37,22,1,20,0,6,1,10,0,1,0,0,0,0,0,0,0,0,0,0,,,,,
Justin Tucker,K,BAL,6,TEN,0,0,0,0,0,0,0,0,0,0,0,0,0,0,0,0,4,1,1,0,0,0,,,,,
Justin Watson,WR,KC,6,DEN,0,0,0,0,0,0,0,0,0,0,0,1,0,0,0,0,0,0,0,0,0,0,,,,,
K.J. Osborn,WR,MIN,6,CHI,0,0,0,0,0,0,0,0,4,48,0,5,0,0,0,0,0,0,0,0,0,0,,,,,
KC,DEF,KC,6,DEN,,,,,,,,,,,,,,,,,,,,,,,0,0,0,0,8.0
Ka'imi Fairbairn,K,HOU,6,NO,0,0,0,0,0,0,0,0,0,0,0,0,0,0,0,0,2,0,0,0,0,2,,,,,
KaVontae Turpin,WR,DAL,6,LAC,0,0,0,0,0,0,0,0,0,0,0,0,0,0,0,0,0,0,0,0,0,0,,,,,
Kadarius Toney,WR,KC,6,DEN,0,0,1,0,0,-5,0,2,3,9,1,6,0,0,0,0,0,0,0,0,0,0,,,,,
Kalif Raymond,WR,DET,6,TB,0,0,0,0,0,3,0,1,3,23,0,3,0,0,0,0,0,0,0,0,0,0,,,,,
Kareem Hunt,RB,CLE,6,SF,0,0,0,0,0,47,1,12,3,24,0,3,0,0,0,0,0,0,0,0,0,0,,,,,
Ke'Shawn Vaughn,RB,TB,6,DET,0,0,0,0,0,9,0,6,0,0,0,2,0,0,0,0,0,0,0,0,0,0,,,,,
Keaontay Ingram,RB,ARI,6,LA,0,0,0,0,0,40,0,10,2,11,0,2,0,0,0,0,0,0,0,0,0,0,,,,,
Keenan Allen,WR,LAC,6,DAL,0,0,0,0,0,0,0,0,7,85,1,11,0,0,0,0,0,0,0,0,0,0,,,,,
Kendre Miller,RB,NO,6,HOU,0,0,0,0,0,-1,0,2,1,13,0,2,0,0,0,0,0,0,0,0,0,0,,,,,
Kendrick Bourne,WR,NE,6,LV,0,0,0,0,0,4,0,1,10,89,0,11,0,0,0,0,0,0,0,0,0,0,,,,,
Kenneth Walker III,RB,SEA,6,CIN,0,0,0,0,0,62,1,19,3,27,0,3,0,0,0,0,0,0,0,0,0,0,,,,,
Kenny Gainwell,RB,PHI,6,NYJ,0,0,0,0,0,13,0,2,1,4,0,2,0,0,0,0,0,0,0,0,0,0,,,,,
Kevin Rader,TE,TEN,6,BAL,0,0,0,0,0,0,0,0,0,0,0,0,0,0,0,0,0,0,0,0,0,0,,,,,
KhaDarel Hodge,WR,ATL,6,WAS,0,0,0,0,0,0,0,0,0,0,0,1,0,0,0,0,0,0,0,0,0,0,,,,,
Khalil Shakir,WR,BUF,6,NYG,0,0,0,0,0,0,0,0,1,13,0,1,0,0,0,0,0,0,0,0,0,0,,,,,
Kirk Cousins,QB,MIN,6,CHI,181,1,31,21,0,-5,0,2,0,0,0,0,0,0,0,0,0,0,0,0,0,0,,,,,
Kyle Juszczyk,RB,SF,6,CLE,0,0,0,0,0,0,0,0,1,9,0,1,0,0,0,0,0,0,0,0,0,0,,,,,
Kyle Philips,WR,TEN,6,BAL,0,0,0,0,0,0,0,0,1,6,0,2,0,0,0,0,0,0,0,0,0,0,,,,,
Kyle Pitts,TE,ATL,6,WAS,0,0,0,0,0,0,0,0,4,43,1,6,0,0,0,0,0,0,0,0,0,0,,,,,
Kylen Granson,TE,IND,6,JAX,0,0,0,0,0,0,0,0,3,67,0,4,0,0,0,0,0,0,0,0,0,0,,,,,
Kyren Williams,RB,LA,6,ARI,0,0,0,0,0,158,1,20,0,0,0,0,0,0,0,0,0,0,0,0,0,0,,,,,
LA,DEF,LA,6,ARI,,,,,,,,,,,,,,,,,,,,,,,0,0,0,0,9.0
LAC,DEF,LAC,6,DAL,,,,,,,,,,,,,,,,,,,,,,,0,0,0,0,20.0
LV,DEF,LV,6,NE,,,,,,,,,,,,,,,,,,,,,,,0,1,0,0,17.0
Lamar Jackson,QB,BAL,6,TEN,223,1,30,21,1,62,0,13,0,0,0,0,0,0,0,0,0,0,0,0,0,0,,,,,
Latavius Murray,RB,BUF,6,NYG,0,0,0,0,0,45,0,12,0,0,0,0,0,0,0,0,0,0,0,0,0,0,,,,,
Laviska Shenault Jr.,WR,CAR,6,MIA,0,0,0,0,0,2,0,1,3,15,0,3,0,0,0,0,0,0,0,0,0,0,,,,,
Logan Thomas,TE,WAS,6,ATL,0,0,0,0,0,0,0,0,1,2,0,1,0,0,0,0,0,0,0,0,0,0,,,,,
MIA,DEF,MIA,6,CAR,,,,,,,,,,,,,,,,,,,,,,,0,0,0,0,21.0
MIN,DEF,MIN,6,CHI,,,,,,,,,,,,,,,,,,,,,,,0,0,0,0,13.0
Mac Jones,QB,NE,6,LV,200,0,33,24,1,-1,0,1,0,0,0,0,0,0,0,0,0,0,0,0,0,0,,,,,
Mack Hollins,WR,ATL,6,WAS,0,0,0,0,0,0,0,0,3,41,0,4,0,0,0,0,0,0,0,0,0,0,,,,,
Malik Cunningham,WR,NE,6,LV,0,0,0,0,0,0,0,0,0,0,0,0,0,0,0,0,0,0,0,0,0,0,,,,,
Malik Willis,QB,TEN,6,BAL,74,0,5,4,0,17,0,3,0,0,0,0,0,0,0,0,0,0,0,0,0,0,,,,,
Mark Andrews,TE,BAL,6,TEN,0,0,0,0,0,0,0,1,4,69,0,6,0,0,0,0,0,0,0,0,0,0,,,,,
Marquez Valdes-Scantling,WR,KC,6,DEN,0,0,0,0,0,0,0,0,0,0,0,1,0,0,0,0,0,0,0,0,0,0,,,,,
Marquise Brown,WR,ARI,6,LA,0,0,0,0,0,0,0,0,4,34,0,11,0,0,0,0,0,0,0,0,0,0,,,,,
Marquise Goodwin,WR,CLE,6,SF,0,0,0,0,0,20,0,1,1,4,0,2,0,0,0,0,0,0,0,0,0,0,,,,,
Marvin Jones,WR,DET,6,TB,0,0,0,0,0,0,0,0,1,5,0,1,0,0,0,0,0,0,0,0,0,0,,,,,
Marvin Mims Jr.,WR,DEN,6,KC,0,0,0,0,0,0,0,0,0,0,0,0,0,0,0,0,0,0,0,0,0,0,,,,,
Matt Breida,RB,NYG,6,BUF,0,0,0,0,0,13,0,4,0,0,0,1,0,0,0,0,0,0,0,0,0,0,,,,,
Matt Gay,K,IND,6,JAX,0,0,0,0,0,0,0,0,0,0,0,0,0,0,0,0,1,0,0,1,0,2,,,,,
Matt Prater,K,ARI,6,LA,0,0,0,0,0,0,0,0,0,0,0,0,0,0,0,0,1,1,0,1,0,0,,,,,
Matthew Stafford,QB,LA,6,ARI,226,1,24,15,0,2,0,1,0,0,0,0,0,0,0,0,0,0,0,0,0,0,,,,,
Mecole Hardman,WR,NYJ,6,PHI,0,0,0,0,0,0,0,0,0,0,0,2,0,0,0,0,0,0,0,0,0,0,,,,,
Michael Carter,RB,NYJ,6,PHI,0,0,0,0,0,5,0,1,0,0,0,1,0,0,0,0,0,0,0,0,0,0,,,,,
Michael Gallup,WR,DAL,6,LAC,0,0,0,0,0,0,0,0,3,24,0,10,0,0,0,0,0,0,0,0,0,0,,,,,
Michael Mayer,TE,LV,6,NE,0,0,0,0,0,0,0,0,5,75,0,6,0,0,0,0,0,0,0,0,0,0,,,,,
Michael Pittman,WR,IND,6,JAX,0,0,0,0,0,0,0,0,9,109,0,14,0,0,0,0,0,0,0,0,0,0,,,,,
Michael Thomas,WR,NO,6,HOU,0,0,0,0,0,0,0,0,5,45,0,8,0,0,0,0,0,0,0,0,0,0,,,,,
Michael Wilson,WR,ARI,6,LA,0,0,0,0,0,0,0,0,3,62,0,4,0,0,0,0,0,0,0,0,0,0,,,,,
Mike Boone,RB,HOU,6,NO,0,0,0,0,0,11,0,1,0,0,0,0,0,0,0,0,0,0,0,0,0,0,,,,,
Mike Evans,WR,TB,6,DET,0,0,0,0,0,0,0,0,4,49,0,10,0,0,0,0,0,0,0,0,0,0,,,,,
Mike Gesicki,TE,NE,6,LV,0,0,0,0,0,0,0,0,3,28,0,3,0,0,0,0,0,0,0,0,0,0,,,,,
Mike White,QB,MIA,6,CAR,0,0,1,0,1,-4,0,3,0,0,0,0,0,0,0,0,0,0,0,0,0,0,,,,,
Mitchell Wilcox,TE,CIN,6,SEA,0,0,0,0,0,0,0,0,0,0,0,0,0,0,0,0,0,0,0,0,0,0,,,,,
Montrell Washington,WR,KC,6,DEN,0,0,0,0,0,0,0,0,0,0,0,0,0,0,0,0,0,0,0,0,0,0,,,,,
MyCole Pruitt,TE,ATL,6,WAS,0,0,0,0,0,0,0,0,1,9,0,2,0,0,0,0,0,0,0,0,0,0,,,,,
NE,DEF,NE,6,LV,,,,,,,,,,,,,,,,,,,,,,,0,0,0,0,21.0
NO,DEF,NO,6,HOU,,,,,,,,,,,,,,,,,,,,,,,0,0,0,0,20.0
NYG,DEF,NYG,6,BUF,,,,,,,,,,,,,,,,,,,,,,,0,0,0,0,14.0
NYJ,DEF,NYJ,6,PHI,,,,,,,,,,,,,,,,,,,,,,,0,0,0,0,14.0
Nelson Agholor,WR,BAL,6,TEN,0,0,0,0,0,0,0,0,2,40,0,3,0,0,0,0,0,0,0,0,0,0,,,,,
Nick Folk,K,TEN,6,BAL,0,0,0,0,0,0,0,0,0,0,0,0,0,0,0,0,2,1,0,0,0,1,,,,,
Nick Westbrook-Ikhine,WR,TEN,6,BAL,0,0,0,0,0,0,0,0,3,25,0,4,0,0,0,0,0,0,0,0,0,0,,,,,
Nico Collins,WR,HOU,6,NO,0,0,0,0,0,0,0,0,4,80,0,6,0,0,0,0,0,0,0,0,0,0,,,,,
Noah Brown,WR,HOU,6,NO,0,0,0,0,0,0,0,0,2,37,0,5,0,0,0,0,0,0,0,0,0,0,,,,,
Noah Fant,TE,SEA,6,CIN,0,0,0,0,0,0,0,0,1,9,0,1,0,0,0,0,0,0,0,0,0,0,,,,,
Noah Gray,TE,KC,6,DEN,0,0,0,0,0,1,0,1,2,14,0,2,0,0,0,0,0,0,0,0,0,0,,,,,
Odell Beckham Jr.,WR,BAL,6,TEN,0,0,0,0,0,0,0,0,2,34,0,4,0,0,0,0,0,0,0,0,0,0,,,,,
Olamide Zaccheaus,WR,PHI,6,NYJ,0,0,0,0,0,0,0,0,1,5,0,2,0,0,0,0,0,0,0,0,0,0,,,,,
PHI,DEF,PHI,6,NYJ,,,,,,,,,,,,,,,,,,,,,,,0,0,0,0,20.0
PJ Walker,QB,CLE,6,SF,192,0,34,18,2,1,0,3,0,0,0,0,0,0,0,0,0,0,0,0,0,0,,,,,
Parris Campbell,WR,NYG,6,BUF,0,0,0,0,0,0,0,0,0,0,0,0,0,0,0,0,0,0,0,0,0,0,,,,,
Patrick Mahomes,QB,KC,6,DEN,306,1,40,30,1,31,0,6,0,0,0,0,0,0,0,0,0,0,0,0,0,0,,,,,
Patrick Ricard,RB,BAL,6,TEN,0,0,0,0,0,0,0,0,1,3,0,1,0,0,0,0,0,0,0,0,0,0,,,,,
Payne Durham,TE,TB,6,DET,0,0,0,0,0,0,0,0,1,8,0,1,0,0,0,0,0,0,0,0,0,0,,,,,
Pharaoh Brown,TE,NE,6,LV,0,0,0,0,0,0,0,0,1,15,0,1,0,0,0,0,0,0,0,0,0,0,,,,,
Pierre Strong,RB,CLE,6,SF,0,0,0,0,0,0,0,0,0,0,0,0,0,0,0,0,0,0,0,0,0,0,,,,,
Puka Nacua,WR,LA,6,ARI,0,0,0,0,0,0,0,0,4,26,0,7,0,0,0,0,0,0,0,0,0,0,,,,,
Quentin Johnston,WR,LAC,6,DAL,0,0,0,0,0,0,0,0,0,0,0,2,0,0,0,0,0,0,0,0,0,0,,,,,
Quintin Morris,TE,BUF,6,NYG,0,0,0,0,0,0,0,0,1,15,1,1,0,0,0,0,0,0,0,0,0,0,,,,,
Rachaad White,RB,TB,6,DET,0,0,0,0,0,26,0,7,3,12,0,4,0,0,0,0,0,0,0,0,0,0,,,,,
Raheem Blackshear,RB,CAR,6,MIA,0,0,0,0,0,18,0,5,1,4,0,1,0,0,0,0,0,0,0,0,0,0,,,,,
Raheem Mostert,RB,MIA,6,CAR,0,0,0,0,0,115,2,17,3,17,1,3,0,0,0,0,0,0,0,0,0,0,,,,,
Randall Cobb,WR,NYJ,6,PHI,0,0,0,0,0,0,0,0,0,0,0,3,0,0,1,0,0,0,0,0,0,0,,,,,
Rashee Rice,WR,KC,6,DEN,0,0,0,0,0,0,0,0,4,72,0,4,0,0,0,0,0,0,0,0,0,0,,,,,
Rashid Shaheed,WR,NO,6,HOU,0,0,0,0,0,18,0,2,2,85,1,6,0,0,0,0,0,0,0,0,0,0,,,,,
Rashod Bateman,WR,BAL,6,TEN,0,0,0,0,0,0,0,0,2,15,0,3,0,0,0,0,0,0,0,0,0,0,,,,,
Ray-Ray McCloud,WR,SF,6,CLE,0,0,0,0,0,23,0,2,1,4,0,2,0,0,0,0,0,0,0,0,0,0,,,,,
Rhamondre Stevenson,RB,NE,6,LV,0,0,0,0,0,46,1,10,5,24,0,6,0,0,0,0,0,0,0,0,0,0,,,,,
Rico Dowdle,RB,DAL,6,LAC,0,0,0,0,0,12,0,3,0,0,0,0,0,0,0,0,0,0,0,0,0,0,,,,,
Riley Patterson,K,DET,6,TB,0,0,0,0,0,0,0,0,0,0,0,0,0,0,0,0,0,2,0,0,0,2,,,,,
Robert Tonyan,TE,CHI,6,MIN,0,0,0,0,0,0,0,0,1,11,0,1,0,0,0,0,0,0,0,0,0,0,,,,,
Robert Woods,WR,HOU,6,NO,0,0,0,0,0,0,0,0,1,6,1,3,0,0,0,0,0,0,0,0,0,0,,,,,
Rondale Moore,WR,ARI,6,LA,0,0,0,0,0,-4,0,3,4,30,0,7,0,0,0,0,0,0,0,0,0,0,,,,,
Ronnie Bell,WR,SF,6,CLE,0,0,0,0,0,0,0,0,0,0,0,0,0,0,0,0,0,0,0,0,0,0,,,,,
Ronnie Rivers,RB,LA,6,ARI,0,0,0,0,0,9,0,3,1,4,0,1,0,0,0,0,0,0,0,0,0,0,,,,,
Ross Dwelley,TE,SF,6,CLE,0,0,0,0,0,0,0,0,0,0,0,1,0,0,0,0,0,0,0,0,0,0,,,,,
Russell Wilson,QB,DEN,6,KC,95,1,22,13,2,31,0,4,0,0,0,0,0,0,0,0,0,0,0,0,0,0,,,,,
Ryan Tannehill,QB,TEN,6,BAL,76,0,16,8,1,0,0,0,0,0,0,0,0,0,0,0,0,0,0,0,0,0,,,,,
SEA,DEF,SEA,6,CIN,,,,,,,,,,,,,,,,,,,,,,,0,0,0,0,17.0
SF,DEF,SF,6,CLE,,,,,,,,,,,,,,,,,,,,,,,0,0,0,0,19.0
Salvon Ahmed,RB,MIA,6,CAR,0,0,0,0,0,23,1,6,3,11,0,5,0,0,0,0,0,0,0,0,0,0,,,,,
Sam Howell,QB,WAS,6,ATL,151,3,23,14,0,3,0,4,0,0,0,0,0,0,0,0,0,0,0,0,0,0,,,,,
Sam LaPorta,TE,DET,6,TB,0,0,0,0,0,0,0,0,4,36,0,11,0,0,0,0,0,0,0,0,0,0,,,,,
Samaje Perine,RB,DEN,6,KC,0,0,0,0,0,0,0,0,2,16,0,2,0,0,0,0,0,0,0,0,0,0,,,,,
Saquon Barkley,RB,NYG,6,BUF,0,0,0,0,0,93,0,24,4,5,0,5,0,0,0,0,0,0,0,0,0,0,,,,,
Scott Miller,WR,ATL,6,WAS,0,0,0,0,0,0,0,0,1,4,0,2,0,0,0,0,0,0,0,0,0,0,,,,,
Sean McKeon,TE,DAL,6,LAC,0,0,0,0,0,0,0,0,0,0,0,1,0,0,0,0,0,0,0,0,0,0,,,,,
Skyy Moore,WR,KC,6,DEN,0,0,0,0,0,0,0,0,2,22,0,4,0,0,0,0,0,0,0,0,0,0,,,,,
Stefon Diggs,WR,BUF,6,NYG,0,0,0,0,0,0,0,0,10,100,0,16,0,0,0,0,0,0,0,0,0,0,,,,,
T.J. Hockenson,TE,MIN,6,CHI,0,0,0,0,0,0,0,0,6,50,0,8,0,0,0,0,0,0,0,0,0,0,,,,,
TB,DEF,TB,6,DET,,,,,,,,,,,,,,,,,,,,,,,0,0,0,0,20.0
TEN,DEF,TEN,6,BAL,,,,,,,,,,,,,,,,,,,,,,,0,0,0,0,24.0
Tank Bigsby,RB,JAX,6,IND,0,0,0,0,0,2,0,3,1,6,0,1,0,0,0,0,0,0,0,0,0,0,,,,,
Taysom Hill,TE,NO,6,HOU,4,0,1,1,0,2,0,1,7,49,0,8,0,0,0,0,0,0,0,0,0,0,,,,,
Tee Higgins,WR,CIN,6,SEA,0,0,0,0,0,0,0,0,2,20,0,4,0,0,0,0,0,0,0,0,0,0,,,,,
Terrace Marshall Jr.,WR,CAR,6,MIA,0,0,0,0,0,0,0,0,0,0,0,3,0,0,0,0,0,0,0,0,0,0,,,,,
Terry McLaurin,WR,WAS,6,ATL,0,0,0,0,0,0,0,0,6,81,0,11,0,0,0,0,0,0,0,0,0,0,,,,,
Tommy Tremble,TE,CAR,6,MIA,0,0,0,0,0,0,0,0,2,25,0,2,0,0,0,0,0,0,0,0,0,0,,,,,
Tony Pollard,RB,DAL,6,LAC,0,0,0,0,0,30,0,15,6,80,0,7,0,0,0,0,0,0,0,0,0,0,,,,,
Travis Etienne,RB,JAX,6,IND,0,0,0,0,0,55,2,18,3,28,0,3,0,0,0,0,0,0,0,0,0,0,,,,,
Travis Kelce,TE,KC,6,DEN,0,0,0,0,0,0,0,0,9,124,0,9,0,0,0,0,0,0,0,0,0,0,,,,,
Trayveon Williams,RB,CIN,6,SEA,0,0,0,0,0,0,0,0,2,3,0,2,0,0,0,0,0,0,0,0,0,0,,,,,
Tre Tucker,WR,LV,6,NE,0,0,0,0,0,4,0,1,2,57,0,2,0,0,0,0,0,0,0,0,0,0,,,,,
Trent Sherfield,WR,BUF,6,NYG,0,0,0,0,0,0,0,0,0,0,0,0,0,0,0,0,0,0,0,0,0,0,,,,,
Trent Taylor,WR,CHI,6,MIN,0,0,0,0,0,0,0,0,0,0,0,1,0,0,0,0,0,0,0,0,0,0,,,,,
Trenton Irwin,WR,CIN,6,SEA,0,0,0,0,0,0,0,0,0,0,0,0,0,0,0,0,0,0,0,0,0,0,,,,,
Trevor Lawrence,QB,JAX,6,IND,181,2,30,20,1,15,0,3,0,0,0,0,0,0,0,0,0,0,0,0,0,0,,,,,
Trey McBride,TE,ARI,6,LA,0,0,0,0,0,0,0,0,4,62,0,5,0,0,0,0,0,0,0,0,0,0,,,,,
Trey Palmer,WR,TB,6,DET,0,0,0,0,0,0,0,0,2,47,0,7,0,0,0,0,0,0,0,0,0,0,,,,,
Trey Sermon,RB,IND,6,JAX,0,0,0,0,0,0,0,0,0,0,0,1,0,0,0,0,0,0,0,0,0,0,,,,,
Tua Tagovailoa,QB,MIA,6,CAR,262,3,31,21,0,0,0,1,0,0,0,0,0,0,0,0,0,0,0,0,0,0,,,,,
Tutu Atwell,WR,LA,6,ARI,0,0,0,0,0,0,0,0,1,30,0,1,0,0,0,0,0,0,0,0,0,0,,,,,
Ty Chandler,RB,MIN,6,CHI,0,0,0,0,0,0,0,0,0,0,0,0,0,0,0,0,0,0,0,0,0,0,,,,,
Ty Montgomery,WR,NE,6,LV,0,0,0,0,0,0,0,0,1,9,0,1,0,0,0,0,0,0,0,0,0,0,,,,,
Tyjae Spears,RB,TEN,6,BAL,0,0,0,0,0,15,0,4,1,48,0,1,0,0,0,0,0,0,0,0,0,0,,,,,
Tyler Allgeier,RB,ATL,6,WAS,0,0,0,0,0,51,0,13,0,0,0,1,0,0,0,0,0,0,0,0,0,0,,,,,
Tyler Bass,K,BUF,6,NYG,0,0,0,0,0,0,0,0,0,0,0,0,0,0,0,0,0,0,0,0,0,2,,,,,
Tyler Boyd,WR,CIN,6,SEA,0,0,0,0,0,0,0,0,7,38,1,7,0,0,0,0,0,0,0,0,0,0,,,,,
Tyler Conklin,TE,NYJ,6,PHI,0,0,0,0,0,0,0,0,3,24,0,4,0,0,0,0,0,0,0,0,0,0,,,,,
Tyler Higbee,TE,LA,6,ARI,0,0,0,0,0,0,0,0,2,18,0,3,0,0,0,0,0,0,0,0,0,0,,,,,
Tyler Lockett,WR,SEA,6,CIN,0,0,0,0,0,0,0,0,6,94,0,8,0,0,0,0,0,0,0,0,0,0,,,,,
Tyler Scott,WR,CHI,6,MIN,0,0,0,0,0,0,0,0,2,12,0,4,0,0,0,0,0,0,0,0,0,0,,,,,
Tyquan Thornton,WR,NE,6,LV,0,0,0,0,0,0,0,0,1,6,0,2,0,0,0,0,0,0,0,0,0,0,,,,,
Tyreek Hill,WR,MIA,6,CAR,0,0,0,0,0,0,0,0,6,163,1,10,0,0,0,0,0,0,0,0,0,0,,,,,
Tyrod Taylor,QB,NYG,6,BUF,200,0,36,24,0,24,0,5,0,0,0,0,0,0,0,0,0,0,0,0,0,0,,,,,
Tyson Bagent,QB,CHI,6,MIN,83,0,14,10,1,4,1,2,0,0,0,0,0,0,0,0,0,0,0,0,0,0,,,,,
Van Jefferson,WR,ATL,6,WAS,0,0,0,0,0,0,0,0,0,0,0,2,0,0,0,0,0,0,0,0,0,0,,,,,
Velus Jones Jr.,WR,CHI,6,MIN,0,0,0,0,0,15,0,2,1,5,0,1,0,0,0,0,0,0,0,0,0,0,,,,,
WAS,DEF,WAS,6,ATL,,,,,,,,,,,,,,,,,,,,,,,0,0,0,0,16.0
Wan'Dale Robinson,WR,NYG,6,BUF,0,0,0,0,0,0,0,0,8,62,0,8,0,0,0,0,0,0,0,0,0,0,,,,,
Wil Lutz,K,DEN,6,KC,0,0,0,0,0,0,0,0,0,0,0,0,0,0,0,0,0,0,0,0,0,0,,,,,
Will Dissly,TE,SEA,6,CIN,0,0,0,0,0,0,0,0,1,4,0,1,0,0,0,0,0,0,0,0,0,0,,,,,
Will Mallory,TE,IND,6,JAX,0,0,0,0,0,0,0,0,0,0,0,1,0,0,0,0,0,0,0,0,0,0,,,,,
Xavier Gipson,WR,NYJ,6,PHI,0,0,0,0,0,18,0,1,0,0,0,0,0,0,0,0,0,0,0,0,0,0,,,,,
Xavier Hutchinson,WR,HOU,6,NO,0,0,0,0,0,15,0,2,0,0,0,0,0,0,0,0,0,0,0,0,0,0,,,,,
Younghoe Koo,K,ATL,6,WAS,0,0,0,0,0,0,0,0,0,0,0,0,0,0,0,0,0,0,1,0,0,1,,,,,
Zach Charbonnet,RB,SEA,6,CIN,0,0,0,0,0,5,0,2,2,14,0,2,0,0,0,0,0,0,0,0,0,0,,,,,
Zach Ertz,TE,ARI,6,LA,0,0,0,0,0,0,0,0,2,22,0,5,0,0,0,0,0,0,0,0,0,0,,,,,
Zach Evans,RB,LA,6,ARI,0,0,0,0,0,10,0,4,0,0,0,0,0,0,0,0,0,0,0,0,0,0,,,,,
Zach Pascal,WR,ARI,6,LA,0,0,0,0,0,0,0,0,0,0,0,1,0,0,0,0,0,0,0,0,0,0,,,,,
Zach Wilson,QB,NYJ,6,PHI,186,0,33,19,0,15,0,4,0,0,0,0,0,0,1,0,0,0,0,0,0,0,,,,,
Zack Moss,RB,IND,6,JAX,0,0,0,0,0,21,1,7,6,38,0,7,0,0,0,0,0,0,0,0,0,0,,,,,
Zamir White,RB,LV,6,NE,0,0,0,0,0,2,0,2,2,7,0,2,0,0,0,0,0,0,0,0,0,0,,,,,
Zay Flowers,WR,BAL,6,TEN,0,0,0,0,0,1,0,1,6,50,1,8,0,0,0,0,0,0,0,0,0,0,,,,,
A.J. Brown,WR,PHI,7,MIA,0,0,0,0,0,0,0,0,10,137,1,15,0,0,0,0,0,0,0,0,0,0,,,,,
AJ Dillon,RB,GB,7,DEN,0,0,0,0,0,61,0,15,2,34,0,2,0,0,0,0,0,0,0,0,0,0,,,,,
ARI,DEF,ARI,7,SEA,,,,,,,,,,,,,,,,,,,,,,,0,0,0,0,20.0
ATL,DEF,ATL,7,TB,,,,,,,,,,,,,,,,,,,,,,,0,0,0,0,13.0
Aaron Jones,RB,GB,7,DEN,0,0,0,0,0,35,0,8,3,22,0,5,0,0,0,0,0,0,0,0,0,0,,,,,
Adam Trautman,TE,DEN,7,GB,0,0,0,0,0,0,0,0,1,5,0,2,0,0,0,0,0,0,0,0,0,0,,,,,
Aidan O'Connell,QB,LV,7,CHI,75,1,13,10,1,0,0,0,0,0,0,0,0,0,0,0,0,0,0,0,0,0,,,,,
Alec Pierce,WR,IND,7,CLE,0,0,0,0,0,0,0,0,3,53,0,3,0,0,0,0,0,0,0,0,0,0,,,,,
Alexander Mattison,RB,MIN,7,SF,0,0,0,0,0,39,0,8,2,3,0,3,0,0,0,0,0,0,0,0,0,0,,,,,
Allen Robinson,WR,PIT,7,LA,0,0,0,0,0,0,0,0,1,7,0,1,0,0,0,0,0,0,0,0,0,0,,,,,
Alvin Kamara,RB,NO,7,JAX,0,0,0,0,0,62,0,17,12,91,0,14,0,0,1,0,0,0,0,0,0,0,,,,,
Amari Cooper,WR,CLE,7,IND,0,0,0,0,0,0,0,0,2,22,0,8,0,0,0,0,0,0,0,0,0,0,,,,,
Amon-Ra St. Brown,WR,DET,7,BAL,0,0,0,0,0,0,0,0,13,102,0,19,0,0,0,0,0,0,0,0,0,0,,,,,
Anders Carlson,K,GB,7,DEN,0,0,0,0,0,0,0,0,0,0,0,0,0,0,0,0,1,0,0,0,0,2,,,,,
Andrew Ogletree,TE,IND,7,CLE,0,0,0,0,0,0,0,0,0,0,0,0,0,0,0,0,0,0,0,0,0,0,,,,,
Antoine Green,WR,DET,7,BAL,0,0,0,0,0,0,0,0,0,0,0,1,0,0,0,0,0,0,0,0,0,0,,,,,
Antonio Gibson,RB,WAS,7,NYG,0,0,0,0,0,7,0,2,2,24,0,2,0,0,0,0,0,0,0,0,0,0,,,,,
Austin Ekeler,RB,LAC,7,KC,0,0,0,0,0,45,0,14,1,1,0,2,0,0,0,0,0,0,0,0,0,0,,,,,
Austin Hooper,TE,LV,7,CHI,0,0,0,0,0,0,0,0,2,18,0,2,0,0,0,0,0,0,0,0,0,0,,,,,
Austin Trammell,WR,LA,7,PIT,0,0,0,0,0,0,0,0,0,0,0,0,0,0,0,0,0,0,0,0,0,0,,,,,
BAL,DEF,BAL,7,DET,,,,,,,,,,,,,,,,,,,,,,,0,0,0,0,6.0
BUF,DEF,BUF,7,NE,,,,,,,,,,,,,,,,,,,,,,,0,0,0,0,29.0
Baker Mayfield,QB,TB,7,ATL,275,1,42,27,1,32,0,3,0,0,0,0,0,0,0,0,0,0,0,0,0,0,,,,,
Ben Sims,TE,GB,7,DEN,0,0,0,0,0,0,0,0,1,2,0,1,0,0,0,0,0,0,0,0,0,0,,,,,
Bijan Robinson,RB,ATL,7,TB,0,0,0,0,0,3,0,1,0,0,0,0,0,0,0,0,0,0,0,0,0,0,,,,,
Blake Bell,TE,KC,7,LAC,0,0,0,0,0,0,0,0,1,7,0,1,0,0,0,0,0,0,0,0,0,0,,,,,
Blake Grupe,K,NO,7,JAX,0,0,0,0,0,0,0,0,0,0,0,0,0,0,0,0,1,1,1,0,0,1,,,,,
Boston Scott,RB,PHI,7,MIA,0,0,0,0,0,0,0,0,0,0,0,0,0,0,0,0,0,0,0,0,0,0,,,,,
Brandon Aiyuk,WR,SF,7,MIN,0,0,0,0,0,0,0,0,5,57,0,6,0,0,0,0,0,0,0,0,0,0,,,,,
Brandon McManus,K,JAX,7,NO,0,0,0,0,0,0,0,0,0,0,0,0,0,0,0,0,0,0,1,0,0,4,,,,,
Brandon Powell,WR,MIN,7,SF,0,0,0,0,0,5,0,1,4,64,0,5,0,0,0,0,0,0,0,0,0,0,,,,,
Braxton Berrios,WR,MIA,7,PHI,0,0,0,0,0,0,0,0,1,7,0,2,0,0,0,0,0,0,0,0,0,0,,,,,
Brett Maher,K,LA,7,PIT,0,0,0,0,0,0,0,0,0,0,0,0,0,0,0,0,0,0,1,0,0,0,,,,,
Brian Hoyer,QB,LV,7,CHI,129,0,32,17,2,0,0,0,0,0,0,0,0,0,0,0,0,0,0,0,0,0,,,,,
Brian Robinson,RB,WAS,7,NYG,0,0,0,0,0,23,1,8,0,0,0,1,0,0,0,0,0,0,0,0,0,0,,,,,
Brock Purdy,QB,SF,7,MIN,272,1,30,21,2,19,0,5,0,0,0,0,0,0,0,0,0,0,0,0,0,0,,,,,
Brycen Hopkins,TE,LA,7,PIT,0,0,0,0,0,0,0,0,1,5,0,1,0,0,0,0,0,0,0,0,0,0,,,,,
Byron Pringle,WR,WAS,7,NYG,0,0,0,0,0,0,0,0,1,16,0,1,0,0,0,0,0,0,0,0,0,0,,,,,
CHI,DEF,CHI,7,LV,,,,,,,,,,,,,,,,,,,,,,,1,0,0,0,12.0
CLE,DEF,CLE,7,IND,,,,,,,,,,,,,,,,,,,,,,,0,0,0,0,38.0
Cade Otton,TE,TB,7,ATL,0,0,0,0,0,0,0,0,5,43,0,6,0,0,0,0,0,0,0,0,0,0,,,,,
Cairo Santos,K,CHI,7,LV,0,0,0,0,0,0,0,0,0,0,0,0,0,0,0,0,0,0,0,1,0,3,,,,,
Calvin Austin III,WR,PIT,7,LA,0,0,0,0,0,1,0,1,0,0,0,0,0,0,0,0,0,0,0,0,0,0,,,,,
Calvin Ridley,WR,JAX,7,NO,0,0,0,0,0,0,0,1,1,5,0,4,0,0,0,0,0,0,0,0,0,0,,,,,
Cam Akers,RB,MIN,7,SF,0,0,0,0,0,31,0,10,2,30,0,3,0,0,0,0,0,0,0,0,0,0,,,,,
Cameron Dicker,K,LAC,7,KC,0,0,0,0,0,0,0,0,0,0,0,0,0,0,0,0,0,0,0,1,0,2,,,,,
Cedrick Wilson Jr.,WR,MIA,7,PHI,0,0,0,0,0,0,0,0,2,48,0,3,0,0,0,0,0,0,0,0,0,0,,,,,
Chad Ryland,K,NE,7,BUF,0,0,0,0,0,0,0,0,0,0,0,0,0,0,0,0,1,1,1,0,0,2,,,,,
Charlie Kolar,TE,BAL,7,DET,0,0,0,0,0,0,0,0,0,0,0,0,0,0,0,0,0,0,0,0,0,0,,,,,
Charlie Woerner,TE,SF,7,MIN,0,0,0,0,0,0,0,0,0,0,0,0,0,0,0,0,0,0,0,0,0,0,,,,,
Chase Claypool,WR,MIA,7,PHI,0,0,0,0,0,0,0,0,0,0,0,0,0,0,0,0,0,0,0,0,0,0,,,,,
Chase McLaughlin,K,TB,7,ATL,0,0,0,0,0,0,0,0,0,0,0,0,0,0,0,0,1,1,0,0,0,1,,,,,
Chris Boswell,K,PIT,7,LA,0,0,0,0,0,0,0,0,0,0,0,0,0,0,0,0,0,0,0,1,0,3,,,,,
Chris Godwin Jr.,WR,TB,7,ATL,0,0,0,0,0,0,0,0,6,66,0,12,0,0,0,0,0,0,0,0,0,0,,,,,
Chris Olave,WR,NO,7,JAX,0,0,0,0,0,0,0,0,7,57,0,15,0,0,0,0,0,0,0,0,0,0,,,,,
Chris Rodriguez Jr.,RB,WAS,7,NYG,0,0,0,0,0,31,0,7,0,0,0,0,0,0,0,0,0,0,0,0,0,0,,,,,
Christian Kirk,WR,JAX,7,NO,0,0,0,0,0,0,0,0,6,90,1,6,0,0,0,0,0,0,0,0,0,0,,,,,
Christian McCaffrey,RB,SF,7,MIN,0,0,0,0,0,45,1,15,3,51,1,3,0,0,0,0,0,0,0,0,0,0,,,,,
Christian Watson,WR,GB,7,DEN,0,0,0,0,0,0,0,0,3,27,0,5,0,0,0,0,0,0,0,0,0,0,,,,,
Clayton Tune,QB,ARI,7,SEA,4,0,1,1,0,0,0,0,0,0,0,0,0,0,0,0,0,0,0,0,0,0,,,,,
Clyde Edwards-Helaire,RB,KC,7,LAC,0,0,0,0,0,5,0,2,0,0,0,1,0,0,0,0,0,0,0,0,0,0,,,,,
Cody Thompson,WR,SEA,7,ARI,0,0,0,0,0,0,0,0,0,0,0,0,0,0,0,0,0,0,0,0,0,0,,,,,
Colby Parkinson,TE,SEA,7,ARI,0,0,0,0,0,0,0,0,2,26,0,2,0,0,0,0,0,0,0,0,0,0,,,,,
Cole Kmet,TE,CHI,7,LV,0,0,0,0,0,0,0,0,0,0,0,0,0,0,0,0,0,0,0,0,0,0,,,,,
Cooper Kupp,WR,LA,7,PIT,0,0,0,0,0,0,0,0,2,29,0,7,0,0,1,0,0,0,0,0,0,0,,,,,
Cordarrelle Patterson,RB,ATL,7,TB,0,0,0,0,0,56,0,10,0,0,0,0,0,0,0,0,0,0,0,0,0,0,,,,,
Courtland Sutton,WR,DEN,7,GB,0,0,0,0,0,0,0,0,6,76,1,6,0,0,0,0,0,0,0,0,0,0,,,,,
Craig Reynolds,RB,DET,7,BAL,0,0,0,0,0,16,0,3,1,9,0,1,0,0,0,0,0,0,0,0,0,0,,,,,
Curtis Samuel,WR,WAS,7,NYG,0,0,0,0,0,0,0,0,4,25,0,8,0,0,0,0,0,0,0,0,0,0,,,,,
D'Andre Swift,RB,PHI,7,MIA,0,0,0,0,0,62,0,15,3,13,0,3,0,0,0,0,0,0,0,0,0,0,,,,,
D'Onta Foreman,RB,CHI,7,LV,0,0,0,0,0,89,2,16,3,31,1,5,0,0,0,0,0,0,0,0,0,0,,,,,
DEN,DEF,DEN,7,GB,,,,,,,,,,,,,,,,,,,,,,,0,0,0,0,17.0
DET,DEF,DET,7,BAL,,,,,,,,,,,,,,,,,,,,,,,0,0,0,0,38.0
DJ Moore,WR,CHI,7,LV,0,0,0,0,0,0,0,0,8,54,0,9,0,0,0,0,0,0,0,0,0,0,,,,,
Dallas Goedert,TE,PHI,7,MIA,0,0,0,0,0,0,0,0,5,77,1,5,0,0,0,0,0,0,0,0,0,0,,,,,
Dalton Kincaid,TE,BUF,7,NE,0,0,0,0,0,0,0,0,8,75,0,8,0,0,0,0,0,0,0,0,0,0,,,,,
Damien Williams,RB,ARI,7,SEA,0,0,0,0,0,2,0,1,0,0,0,0,0,0,0,0,0,0,0,0,0,0,,,,,
Daniel Carlson,K,LV,7,CHI,0,0,0,0,0,0,0,0,0,0,0,0,0,0,0,0,1,0,1,0,0,0,,,,,
Darius Slayton,WR,NYG,7,WAS,0,0,0,0,0,0,0,0,1,22,0,2,0,0,0,0,0,0,0,0,0,0,,,,,
Darnell Mooney,WR,CHI,7,LV,0,0,0,0,0,2,0,1,4,32,0,5,0,0,0,0,0,0,0,0,0,0,,,,,
Darrell Henderson,RB,LA,7,PIT,0,0,0,0,0,61,1,18,1,5,0,2,0,0,0,0,0,0,0,0,0,0,,,,,
Darren Waller,TE,NYG,7,WAS,0,0,0,0,0,0,0,0,7,98,1,8,0,0,0,0,0,0,0,0,0,0,,,,,
Darrynton Evans,RB,CHI,7,LV,0,0,0,0,0,48,0,14,1,6,0,3,0,0,0,0,0,0,0,0,0,0,,,,,
Davante Adams,WR,LV,7,CHI,0,0,0,0,0,0,0,0,7,57,0,12,0,0,0,0,0,0,0,0,0,0,,,,,
David Njoku,TE,CLE,7,IND,0,0,0,0,0,0,0,0,5,54,0,9,0,0,0,0,0,0,0,0,0,0,,,,,
Dawson Knox,TE,BUF,7,NE,0,0,0,0,0,0,0,0,1,10,0,3,0,0,1,0,0,0,0,0,0,0,,,,,
DeAndre Carter,WR,LV,7,CHI,0,0,0,0,0,0,0,0,0,0,0,0,0,0,0,0,0,0,0,0,0,0,,,,,
DeMario Douglas,WR,NE,7,BUF,0,0,0,0,0,20,0,1,4,54,0,6,0,0,0,0,0,0,0,0,0,0,,,,,
DeVante Parker,WR,NE,7,BUF,0,0,0,0,0,0,0,0,1,8,0,1,0,0,0,0,0,0,0,0,0,0,,,,,
DeVonta Smith,WR,PHI,7,MIA,0,0,0,0,0,0,0,0,4,49,0,5,0,0,0,0,0,0,0,0,0,0,,,,,
DeeJay Dallas,RB,SEA,7,ARI,0,0,0,0,0,0,0,0,1,0,0,1,0,0,0,0,0,0,0,0,0,0,,,,,
Deonte Harty,WR,BUF,7,NE,0,0,0,0,0,0,0,0,1,10,0,1,0,0,0,0,0,0,0,0,0,0,,,,,
Derek Carr,QB,NO,7,JAX,301,1,55,33,1,14,0,3,0,0,0,0,0,0,1,0,0,0,0,0,0,0,,,,,
Derius Davis,WR,LAC,7,KC,0,0,0,0,0,14,0,3,1,10,0,2,0,0,0,0,0,0,0,0,0,0,,,,,
Deshaun Watson,QB,CLE,7,IND,5,0,5,1,1,0,0,0,0,0,0,0,0,0,0,0,0,0,0,0,0,0,,,,,
Desmond Ridder,QB,ATL,7,TB,250,0,25,19,0,38,1,6,0,0,0,0,0,0,0,0,0,0,0,0,0,0,,,,,
Deven Thompkins,WR,TB,7,ATL,0,0,0,0,0,0,0,0,3,14,0,3,0,0,0,0,0,0,0,0,0,0,,,,,
Devin Duvernay,WR,BAL,7,DET,0,0,0,0,0,0,0,0,0,0,0,0,0,0,0,0,0,0,0,0,0,0,,,,,
Diontae Johnson,WR,PIT,7,LA,0,0,0,0,0,0,0,0,5,79,0,6,0,0,0,0,0,0,0,0,0,0,,,,,
Donald Parham,TE,LAC,7,KC,0,0,0,0,0,0,0,0,1,9,0,3,0,0,0,0,0,0,0,0,0,0,,,,,
Donovan Peoples-Jones,WR,CLE,7,IND,0,0,0,0,0,0,0,0,2,22,0,3,0,0,0,0,0,0,0,0,0,0,,,,,
Dontayvion Wicks,WR,GB,7,DEN,14,0,1,1,0,1,0,1,1,17,0,1,0,0,0,0,0,0,0,0,0,0,,,,,
Drake London,WR,ATL,7,TB,0,0,0,0,0,0,0,0,6,54,0,7,0,0,0,0,0,0,0,0,0,0,,,,,
Dustin Hopkins,K,CLE,7,IND,0,0,0,0,0,0,0,0,0,0,0,0,0,0,0,0,0,0,1,3,0,3,,,,,
Dwayne Washington,RB,DEN,7,GB,0,0,0,0,0,0,0,0,0,0,0,0,0,0,0,0,0,0,0,0,0,0,,,,,
Dyami Brown,WR,WAS,7,NYG,0,0,0,0,0,0,0,0,0,0,0,0,0,0,0,0,0,0,0,0,0,0,,,,,
Elijah Higgins,TE,ARI,7,SEA,0,0,0,0,0,0,0,0,1,0,0,1,0,0,0,0,0,0,0,0,0,0,,,,,
Elijah Mitchell,RB,SF,7,MIN,0,0,0,0,0,-1,0,1,0,0,0,0,0,0,0,0,0,0,0,0,0,0,,,,,
Elijah Moore,WR,CLE,7,IND,0,0,0,0,0,0,0,0,4,59,0,7,0,0,0,0,0,0,0,0,0,0,,,,,
Emanuel Wilson,RB,GB,7,DEN,0,0,0,0,0,19,0,2,2,8,0,2,0,0,0,0,0,0,0,0,0,0,,,,,
Emari Demercado,RB,ARI,7,SEA,0,0,0,0,0,58,0,13,4,17,0,5,0,0,0,0,0,0,0,0,0,0,,,,,
Eric Gray,RB,NYG,7,WAS,0,0,0,0,0,0,0,0,0,0,0,0,0,0,0,0,0,0,0,0,0,0,,,,,
Evan Engram,TE,JAX,7,NO,0,0,0,0,0,0,0,0,5,45,0,7,0,0,0,0,0,0,0,0,0,0,,,,,
Ezekiel Elliott,RB,NE,7,BUF,0,0,0,0,0,31,1,11,0,0,0,1,0,0,0,0,0,0,0,0,0,0,,,,,
Foster Moreau,TE,NO,7,JAX,0,0,0,0,0,0,0,0,3,33,0,4,0,0,0,0,0,0,0,0,0,0,,,,,
GB,DEF,GB,7,DEN,,,,,,,,,,,,,,,,,,,,,,,0,0,0,0,19.0
Gabe Davis,WR,BUF,7,NE,0,0,0,0,0,0,0,0,1,6,0,5,0,0,0,0,0,0,0,0,0,0,,,,,
Gardner Minshew,QB,IND,7,CLE,305,2,23,15,1,29,2,3,0,0,0,0,0,0,0,0,0,0,0,0,0,0,,,,,
Geno Smith,QB,SEA,7,ARI,219,2,24,18,1,10,0,6,0,0,0,0,0,0,0,0,0,0,0,0,0,0,,,,,
Geoff Swaim,TE,ARI,7,SEA,0,0,0,0,0,0,0,0,1,8,0,1,0,0,0,0,0,0,0,0,0,0,,,,,
George Kittle,TE,SF,7,MIN,0,0,0,0,0,2,0,1,5,78,0,7,0,0,0,0,0,0,0,0,0,0,,,,,
George Pickens,WR,PIT,7,LA,0,0,0,0,0,0,0,0,5,107,0,8,0,0,0,0,0,0,0,0,0,0,,,,,
Gerald Everett,TE,LAC,7,KC,0,0,0,0,0,0,0,0,3,26,1,4,0,0,0,0,0,0,0,0,0,0,,,,,
Godwin Igwebuike,RB,PIT,7,LA,0,0,0,0,0,0,0,0,0,0,0,0,0,0,0,0,0,0,0,0,0,0,,,,,
Graham Gano,K,NYG,7,WAS,0,0,0,0,0,0,0,0,0,0,0,0,0,0,0,0,0,0,0,0,0,2,,,,,
Greg Dortch,WR,ARI,7,SEA,0,0,0,0,0,0,0,0,0,0,0,0,0,0,0,0,0,0,0,0,0,0,,,,,
Greg Joseph,K,MIN,7,SF,0,0,0,0,0,0,0,0,0,0,0,0,0,0,0,0,2,0,0,1,0,1,,,,,
Gus Edwards,RB,BAL,7,DET,0,0,0,0,0,64,1,14,1,80,0,1,0,0,0,0,0,0,0,0,0,0,,,,,
Harrison Bryant,TE,CLE,7,IND,0,0,0,0,0,0,0,0,0,0,0,1,0,0,0,0,0,0,0,0,0,0,,,,,
Harrison Butker,K,KC,7,LAC,0,0,0,0,0,0,0,0,0,0,0,0,0,0,0,0,0,1,0,0,0,4,,,,,
Hunter Henry,TE,NE,7,BUF,0,0,0,0,0,0,0,0,2,27,0,3,0,0,0,0,0,0,0,0,0,0,,,,,
Hunter Renfrow,WR,LV,7,CHI,0,0,0,0,0,0,0,0,2,14,0,3,0,0,0,0,0,0,0,0,0,0,,,,,
IND,DEF,IND,7,CLE,,,,,,,,,,,,,,,,,,,,,,,0,0,0,0,39.0
Isaiah Hodgins,WR,NYG,7,WAS,0,0,0,0,0,0,0,0,2,13,0,4,0,0,0,0,0,0,0,0,0,0,,,,,
Isaiah McKenzie,WR,IND,7,CLE,0,0,0,0,0,7,0,1,0,0,0,0,0,0,0,0,0,0,0,0,0,0,,,,,
Isiah Pacheco,RB,KC,7,LAC,0,0,0,0,0,32,0,13,4,28,1,4,0,0,0,0,0,0,0,0,0,0,,,,,
JAX,DEF,JAX,7,NO,,,,,,,,,,,,,,,,,,,,,,,1,0,0,0,24.0
Jahan Dotson,WR,WAS,7,NYG,0,0,0,0,0,0,0,0,5,43,0,8,0,0,0,0,0,0,0,0,0,0,,,,,
Jahmyr Gibbs,RB,DET,7,BAL,0,0,0,0,0,68,1,11,9,58,0,10,0,0,0,0,0,0,0,0,0,0,,,,,
Jake Bobo,WR,SEA,7,ARI,0,0,0,0,0,0,0,0,4,61,1,5,0,0,0,0,0,0,0,0,0,0,,,,,
Jake Elliott,K,PHI,7,MIA,0,0,0,0,0,0,0,0,0,0,0,0,0,0,0,0,1,0,0,0,0,4,,,,,
Jake Moody,K,SF,7,MIN,0,0,0,0,0,0,0,0,0,0,0,0,0,0,0,0,0,0,0,1,0,2,,,,,
Jakob Johnson,RB,LV,7,CHI,0,0,0,0,0,0,0,0,0,0,0,0,0,0,0,0,0,0,0,0,0,0,,,,,
Jakobi Meyers,WR,LV,7,CHI,0,0,0,0,0,0,0,0,7,50,1,13,0,0,0,0,0,0,0,0,0,0,,,,,
Jaleel McLaughlin,RB,DEN,7,GB,0,0,0,0,0,45,0,5,1,1,0,2,0,0,0,0,0,0,0,0,0,0,,,,,
Jalen Hurts,QB,PHI,7,MIA,279,2,31,23,1,21,1,11,0,0,0,0,0,0,0,0,0,0,0,0,0,0,,,,,
Jalen Reagor,WR,NE,7,BUF,0,0,0,0,0,0,0,0,1,11,0,1,0,0,0,0,0,0,0,0,0,0,,,,,
Jalin Hyatt,WR,NYG,7,WAS,0,0,0,0,0,0,0,0,2,75,0,5,0,0,0,0,0,0,0,0,0,0,,,,,
Jamaal Williams,RB,NO,7,JAX,0,0,0,0,0,14,0,5,0,0,0,0,0,0,0,0,0,0,0,0,0,0,,,,,
Jamal Agnew,WR,JAX,7,NO,0,0,0,0,0,-1,0,1,4,36,0,6,0,0,0,0,0,0,0,0,0,0,,,,,
James Cook,RB,BUF,7,NE,0,0,0,0,0,56,0,13,3,46,1,3,0,0,0,0,0,0,0,0,0,0,,,,,
Jameson Williams,WR,DET,7,BAL,0,0,0,0,0,0,0,0,0,0,0,6,0,0,0,0,0,0,0,0,0,0,,,,,
Jamison Crowder,WR,WAS,7,NYG,0,0,0,0,0,0,0,0,0,0,0,0,0,0,0,0,0,0,0,0,0,0,,,,,
Jared Goff,QB,DET,7,BAL,284,0,53,33,1,0,0,0,0,0,0,0,0,0,0,0,0,0,0,0,0,0,,,,,
Jason Myers,K,SEA,7,ARI,0,0,0,0,0,0,0,0,0,0,0,0,0,0,0,0,1,0,1,0,0,2,,,,,
Jason Sanders,K,MIA,7,PHI,0,0,0,0,0,0,0,0,0,0,0,0,0,0,0,0,0,0,1,0,0,2,,,,,
Jauan Jennings,WR,SF,7,MIN,0,0,0,0,0,0,0,0,5,54,0,9,0,0,0,0,0,0,0,0,0,0,,,,,
Javonte Williams,RB,DEN,7,GB,0,0,0,0,0,82,0,15,3,14,0,4,0,0,0,0,0,0,0,0,0,0,,,,,
Jaxon Smith-Njigba,WR,SEA,7,ARI,0,0,0,0,0,0,0,0,4,63,1,7,0,0,0,0,0,0,0,0,0,0,,,,,
Jayden Reed,WR,GB,7,DEN,0,0,0,0,0,0,0,0,3,21,1,4,0,0,0,0,0,0,0,0,0,0,,,,,
Jaylen Waddle,WR,MIA,7,PHI,0,0,0,0,0,0,0,0,6,63,0,6,0,0,0,0,0,0,0,0,0,0,,,,,
Jaylen Warren,RB,PIT,7,LA,0,0,0,0,0,32,1,6,1,-1,0,2,0,0,0,0,0,0,0,0,0,0,,,,,
Jeff Wilson,RB,MIA,7,PHI,0,0,0,0,0,0,0,0,1,4,0,1,0,0,0,0,0,0,0,0,0,0,,,,,
Jerick McKinnon,RB,KC,7,LAC,0,0,0,0,0,2,0,2,2,24,0,2,0,0,0,0,0,0,0,0,0,0,,,,,
Jerome Ford,RB,CLE,7,IND,0,0,0,0,0,74,1,11,2,20,0,4,0,0,0,0,0,0,0,0,0,0,,,,,
Jerry Jeudy,WR,DEN,7,GB,0,0,0,0,0,0,0,0,5,64,0,5,0,0,0,0,0,0,0,0,0,0,,,,,
Jesper Horsted,TE,LV,7,CHI,0,0,0,0,0,0,0,0,1,4,0,1,0,0,0,0,0,0,0,0,0,0,,,,,
Joey Slye,K,WAS,7,NYG,0,0,0,0,0,0,0,0,0,0,0,0,0,0,0,0,0,0,0,0,0,1,,,,,
John Bates,TE,WAS,7,NYG,0,0,0,0,0,0,0,0,0,0,0,1,0,0,0,0,0,0,0,0,0,0,,,,,
Johnny Mundt,TE,MIN,7,SF,0,0,0,0,0,0,0,0,0,0,0,0,0,0,0,0,0,0,0,0,0,0,,,,,
Jonathan Taylor,RB,IND,7,CLE,0,0,0,0,0,75,1,18,3,45,0,4,0,0,0,0,0,0,0,0,0,0,,,,,
Jonnu Smith,TE,ATL,7,TB,0,0,0,0,0,0,0,0,3,27,0,3,0,0,0,0,0,0,0,0,0,0,,,,,
Jordan Addison,WR,MIN,7,SF,0,0,0,0,0,0,0,0,7,123,2,10,0,0,0,0,0,0,0,0,0,0,,,,,
Jordan Love,QB,GB,7,DEN,180,2,31,21,1,21,0,3,0,0,0,0,0,0,0,0,0,0,0,0,0,0,,,,,
Jordan Mason,RB,SF,7,MIN,0,0,0,0,0,0,0,0,0,0,0,0,0,0,0,0,0,0,0,0,0,0,,,,,
Josh Allen,QB,BUF,7,NE,265,2,41,27,1,17,1,7,0,0,0,0,0,0,1,0,0,0,0,0,0,0,,,,,
Josh Downs,WR,IND,7,CLE,0,0,0,0,0,0,0,0,5,125,1,6,0,0,0,0,0,0,0,0,0,0,,,,,
Josh Jacobs,RB,LV,7,CHI,0,0,0,0,0,35,0,11,1,6,0,4,0,0,0,0,0,0,0,0,0,0,,,,,
Josh Oliver,TE,MIN,7,SF,0,0,0,0,0,0,0,0,2,6,0,2,0,0,0,0,0,0,0,0,0,0,,,,,
Josh Palmer,WR,LAC,7,KC,0,0,0,0,0,0,0,0,5,133,0,7,0,0,0,0,0,0,0,0,0,0,,,,,
Josh Reynolds,WR,DET,7,BAL,0,0,0,0,0,0,0,0,2,43,0,3,0,0,0,0,0,0,0,0,0,0,,,,,
Joshua Dobbs,QB,ARI,7,SEA,146,0,33,19,0,43,1,7,0,0,0,0,0,0,0,0,0,0,0,0,0,0,,,,,
Joshua Kelley,RB,LAC,7,KC,0,0,0,0,0,75,1,7,0,0,0,0,0,0,0,0,0,0,0,0,0,0,,,,,
Josiah Deguara,TE,GB,7,DEN,0,0,0,0,0,0,0,0,0,0,0,0,0,0,0,0,0,0,0,0,0,0,,,,,
Julian Hill,TE,MIA,7,PHI,0,0,0,0,0,0,0,0,0,0,0,0,0,0,0,0,0,0,0,0,0,0,,,,,
Julio Jones,WR,PHI,7,MIA,0,0,0,0,0,0,0,0,1,3,0,1,0,0,0,0,0,0,0,0,0,0,,,,,
Justice Hill,RB,BAL,7,DET,0,0,0,0,0,46,0,4,1,2,0,1,0,0,0,0,0,0,0,0,0,0,,,,,
Justin Herbert,QB,LAC,7,KC,259,1,30,17,2,5,0,2,0,0,0,0,0,0,0,0,0,0,0,0,0,0,,,,,
Justin Tucker,K,BAL,7,DET,0,0,0,0,0,0,0,0,0,0,0,0,0,0,0,0,0,1,0,0,0,5,,,,,
Justyn Ross,WR,KC,7,LAC,0,0,0,0,0,0,0,0,0,0,0,0,0,0,0,0,0,0,0,0,0,0,,,,,
K.J. Osborn,WR,MIN,7,SF,0,0,0,0,0,0,0,0,5,47,0,6,0,0,0,0,0,0,0,0,0,0,,,,,
KC,DEF,KC,7,LAC,,,,,,,,,,,,,,,,,,,,,,,0,0,0,0,17.0
Kadarius Toney,WR,KC,7,LAC,0,0,0,0,0,0,0,0,1,13,0,1,0,0,0,0,0,0,0,0,0,0,,,,,
Kalif Raymond,WR,DET,7,BAL,0,0,0,0,0,0,0,0,2,20,0,2,0,0,0,0,0,0,0,0,0,0,,,,,
Kareem Hunt,RB,CLE,7,IND,0,0,0,0,0,31,2,10,0,0,0,1,0,0,0,0,0,0,0,0,0,0,,,,,
Ke'Shawn Vaughn,RB,TB,7,ATL,0,0,0,0,0,7,0,4,0,0,0,1,0,0,0,0,0,0,0,0,0,0,,,,,
Keaton Mitchell,RB,BAL,7,DET,0,0,0,0,0,0,0,0,1,9,0,1,0,0,0,0,0,0,0,0,0,0,,,,,
Keenan Allen,WR,LAC,7,KC,0,0,0,0,0,0,0,0,4,55,0,9,0,0,0,0,0,0,0,0,0,0,,,,,
Kendrick Bourne,WR,NE,7,BUF,0,0,0,0,0,0,0,0,6,63,1,7,0,0,0,0,0,0,0,0,0,0,,,,,
Kene Nwangwu,RB,MIN,7,SF,0,0,0,0,0,0,0,0,0,0,0,0,0,0,0,0,0,0,0,0,0,0,,,,,
Kenneth Walker III,RB,SEA,7,ARI,0,0,0,0,0,105,0,26,2,6,0,3,0,0,0,0,0,0,0,0,0,0,,,,,
Kenny Gainwell,RB,PHI,7,MIA,0,0,0,0,0,16,1,8,0,0,0,0,0,0,0,0,0,0,0,0,0,0,,,,,
Kenny Pickett,QB,PIT,7,LA,230,0,25,17,0,0,1,8,0,0,0,0,0,0,0,0,0,0,0,0,0,0,,,,,
KhaDarel Hodge,WR,ATL,7,TB,0,0,0,0,0,0,0,0,1,19,0,1,0,0,0,0,0,0,0,0,0,0,,,,,
Khalil Shakir,WR,BUF,7,NE,0,0,0,0,0,0,0,0,4,35,0,4,0,0,0,0,0,0,0,0,0,0,,,,,
Kirk Cousins,QB,MIN,7,SF,378,2,45,35,1,-1,0,2,0,0,0,0,0,0,0,0,0,0,0,0,0,0,,,,,
Ko Kieft,TE,TB,7,ATL,0,0,0,0,0,0,0,0,0,0,0,0,0,0,0,0,0,0,0,0,0,0,,,,,
Kyle Pitts,TE,ATL,7,TB,0,0,0,0,0,0,0,0,3,47,0,5,0,0,0,0,0,0,0,0,0,0,,,,,
LA,DEF,LA,7,PIT,,,,,,,,,,,,,,,,,,,,,,,0,0,0,0,24.0
LAC,DEF,LAC,7,KC,,,,,,,,,,,,,,,,,,,,,,,0,0,0,0,31.0
LV,DEF,LV,7,CHI,,,,,,,,,,,,,,,,,,,,,,,0,0,0,0,30.0
Lamar Jackson,QB,BAL,7,DET,357,3,27,21,0,36,1,9,0,0,0,0,0,0,0,0,0,0,0,0,0,0,,,,,
Latavius Murray,RB,BUF,7,NE,0,0,0,0,0,8,0,4,2,20,0,2,0,0,0,0,0,0,0,0,0,0,,,,,
Logan Thomas,TE,WAS,7,NYG,0,0,0,0,0,0,0,0,4,51,0,6,0,0,0,0,0,0,0,0,0,0,,,,,
Luke Musgrave,TE,GB,7,DEN,0,0,0,0,0,0,0,0,4,30,0,5,0,0,0,0,0,0,0,0,0,0,,,,,
MIA,DEF,MIA,7,PHI,,,,,,,,,,,,,,,,,,,,,,,1,0,0,0,31.0
MIN,DEF,MIN,7,SF,,,,,,,,,,,,,,,,,,,,,,,0,0,0,0,17.0
Mac Jones,QB,NE,7,BUF,272,2,30,25,0,11,0,3,0,0,0,0,0,0,0,0,0,0,0,0,0,0,,,,,
Mack Hollins,WR,ATL,7,TB,0,0,0,0,0,0,0,0,0,0,0,0,0,0,0,0,0,0,0,0,0,0,,,,,
Marcedes Lewis,TE,CHI,7,LV,0,0,0,0,0,0,0,0,1,16,0,1,0,0,0,0,0,0,0,0,0,0,,,,,
Mark Andrews,TE,BAL,7,DET,0,0,0,0,0,0,0,0,4,63,2,6,0,0,0,0,0,0,0,0,0,0,,,,,
Marquez Valdes-Scantling,WR,KC,7,LAC,0,0,0,0,0,0,0,0,3,84,1,5,0,0,0,0,0,0,0,0,0,0,,,,,
Marquise Brown,WR,ARI,7,SEA,0,0,0,0,0,0,0,0,3,49,0,7,0,0,0,0,0,0,0,0,0,0,,,,,
Marquise Goodwin,WR,CLE,7,IND,0,0,0,0,0,17,0,1,1,6,0,2,0,0,0,0,0,0,0,0,0,0,,,,,
Marvin Mims Jr.,WR,DEN,7,GB,0,0,0,0,0,-11,0,1,0,0,0,1,0,0,0,0,0,0,0,0,0,0,,,,,
Matt Breida,RB,NYG,7,WAS,0,0,0,0,0,4,0,3,1,5,0,1,0,0,0,0,0,0,0,0,0,0,,,,,
Matt Gay,K,IND,7,CLE,0,0,0,0,0,0,0,0,0,0,0,0,0,0,0,0,1,0,0,0,0,5,,,,,
Matt Prater,K,ARI,7,SEA,0,0,0,0,0,0,0,0,0,0,0,0,0,0,0,0,0,0,1,0,0,1,,,,,
Matthew Stafford,QB,LA,7,PIT,231,1,29,14,1,8,0,1,0,0,0,0,0,0,1,0,0,0,0,0,0,0,,,,,
Mecole Hardman,WR,KC,7,LAC,0,0,0,0,0,0,0,0,1,6,0,3,0,0,0,0,0,0,0,0,0,0,,,,,
Michael Mayer,TE,LV,7,CHI,0,0,0,0,0,0,0,0,2,13,0,4,0,0,0,0,0,0,0,0,0,0,,,,,
Michael Pittman,WR,IND,7,CLE,0,0,0,0,0,0,0,0,2,83,1,5,0,0,0,0,0,0,0,0,0,0,,,,,
Michael Thomas,WR,NO,7,JAX,0,0,0,0,0,0,0,0,3,42,1,7,0,0,0,0,0,0,0,0,0,0,,,,,
Michael Wilson,WR,ARI,7,SEA,0,0,0,0,0,0,0,0,3,26,0,5,0,0,0,0,0,0,0,0,0,0,,,,,
Mike Evans,WR,TB,7,ATL,0,0,0,0,0,0,0,0,6,82,1,8,0,0,0,0,0,0,0,0,0,0,,,,,
Mike Gesicki,TE,NE,7,BUF,0,0,0,0,0,0,0,0,2,5,1,2,0,0,0,0,0,0,0,0,0,0,,,,,
Mo Alie-Cox,TE,IND,7,CLE,0,0,0,0,0,0,0,0,1,-6,0,1,0,0,0,0,0,0,0,0,0,0,,,,,
Mohamed Ibrahim,RB,DET,7,BAL,0,0,0,0,0,0,0,0,0,0,0,0,0,0,0,0,0,0,0,0,0,0,,,,,
NE,DEF,NE,7,BUF,,,,,,,,,,,,,,,,,,,,,,,0,0,0,0,25.0
NO,DEF,NO,7,JAX,,,,,,,,,,,,,,,,,,,,,,,0,0,0,0,31.0
NYG,DEF,NYG,7,WAS,,,,,,,,,,,,,,,,,,,,,,,0,0,0,0,7.0
Najee Harris,RB,PIT,7,LA,0,0,0,0,0,53,1,14,3,15,0,3,0,0,0,0,0,0,0,0,0,0,,,,,
Nate Adkins,TE,DEN,7,GB,0,0,0,0,0,0,0,0,1,3,0,1,0,0,0,0,0,0,0,0,0,0,,,,,
Nathan Peterman,QB,CHI,7,LV,0,0,0,0,0,-4,0,2,0,0,0,0,0,0,0,0,0,0,0,0,0,0,,,,,
Nelson Agholor,WR,BAL,7,DET,0,0,0,0,0,0,0,0,1,12,1,1,0,0,0,0,0,0,0,0,0,0,,,,,
Noah Fant,TE,SEA,7,ARI,0,0,0,0,0,0,0,0,1,25,0,1,0,0,0,0,0,0,0,0,0,0,,,,,
Noah Gray,TE,KC,7,LAC,0,0,0,0,0,0,0,0,1,8,0,1,0,0,0,0,0,0,0,0,0,0,,,,,
Odell Beckham Jr.,WR,BAL,7,DET,0,0,0,0,0,0,0,0,5,49,0,7,0,0,0,0,0,0,0,0,0,0,,,,,
Olamide Zaccheaus,WR,PHI,7,MIA,0,0,0,0,0,0,0,0,0,0,0,1,0,0,0,0,0,0,0,0,0,0,,,,,
PHI,DEF,PHI,7,MIA,,,,,,,,,,,,,,,,,,,,,,,0,0,0,0,17.0
PIT,DEF,PIT,7,LA,,,,,,,,,,,,,,,,,,,,,,,0,0,0,0,17.0
PJ Walker,QB,CLE,7,IND,178,0,32,15,1,3,0,3,0,0,0,0,0,0,0,0,0,0,0,0,0,0,,,,,
Patrick Mahomes,QB,KC,7,LAC,424,4,42,32,1,29,0,4,0,0,0,0,0,0,0,0,0,0,0,0,0,0,,,,,
Patrick Ricard,RB,BAL,7,DET,0,0,0,0,0,0,0,0,2,31,0,2,0,0,0,0,0,0,0,0,0,0,,,,,
Payne Durham,TE,TB,7,ATL,0,0,0,0,0,0,0,0,0,0,0,1,0,0,0,0,0,0,0,0,0,0,,,,,
Pharaoh Brown,TE,NE,7,BUF,0,0,0,0,0,0,0,0,2,51,0,2,0,0,0,0,0,0,0,0,0,0,,,,,
Pierre Strong,RB,CLE,7,IND,0,0,0,0,0,25,0,8,0,0,0,0,0,0,0,0,0,0,0,0,0,0,,,,,
Puka Nacua,WR,LA,7,PIT,0,0,0,0,0,0,0,0,8,154,0,12,0,0,0,0,0,0,0,0,0,0,,,,,
Quentin Johnston,WR,LAC,7,KC,0,0,0,0,0,0,0,0,1,20,0,2,0,0,0,0,0,0,0,0,0,0,,,,,
Rachaad White,RB,TB,7,ATL,0,0,0,0,0,34,0,13,6,65,0,6,0,0,0,0,0,0,0,0,0,0,,,,,
Raheem Mostert,RB,MIA,7,PHI,0,0,0,0,0,45,0,9,1,6,0,3,0,0,0,0,0,0,0,0,0,0,,,,,
Rakim Jarrett,WR,TB,7,ATL,0,0,0,0,0,0,0,0,0,0,0,2,0,0,0,0,0,0,0,0,0,0,,,,,
Rashee Rice,WR,KC,7,LAC,0,0,0,0,0,0,0,0,5,60,1,6,0,0,0,0,0,0,0,0,0,0,,,,,
Rashid Shaheed,WR,NO,7,JAX,0,0,0,0,0,4,0,1,4,28,0,8,0,0,0,0,0,0,0,0,0,0,,,,,
Rashod Bateman,WR,BAL,7,DET,0,0,0,0,0,0,0,0,2,36,0,3,0,0,0,0,0,0,0,0,0,0,,,,,
Ray-Ray McCloud,WR,SF,7,MIN,0,0,0,0,0,0,0,0,2,20,0,3,0,0,0,0,0,0,0,0,0,0,,,,,
Rhamondre Stevenson,RB,NE,7,BUF,0,0,0,0,0,34,0,9,6,51,0,6,0,0,0,0,0,0,0,0,0,0,,,,,
Riley Patterson,K,DET,7,BAL,0,0,0,0,0,0,0,0,0,0,0,0,0,0,0,0,0,0,0,0,0,0,,,,,
Romeo Doubs,WR,GB,7,DEN,0,0,0,0,0,0,0,0,2,30,1,5,0,0,0,0,0,0,0,0,0,0,,,,,
Rondale Moore,WR,ARI,7,SEA,0,0,0,0,0,24,0,4,2,2,0,4,0,0,0,0,0,0,0,0,0,0,,,,,
Ross Dwelley,TE,SF,7,MIN,0,0,0,0,0,0,0,0,1,12,0,1,0,0,0,0,0,0,0,0,0,0,,,,,
Royce Freeman,RB,LA,7,PIT,0,0,0,0,0,66,0,12,0,0,0,0,0,0,0,0,0,0,0,0,0,0,,,,,
Russell Wilson,QB,DEN,7,GB,194,1,29,20,0,21,0,1,0,0,0,0,0,0,0,0,0,0,0,0,0,0,,,,,
SEA,DEF,SEA,7,ARI,,,,,,,,,,,,,,,,,,,,,,,0,0,0,0,10.0
SF,DEF,SF,7,MIN,,,,,,,,,,,,,,,,,,,,,,,0,0,0,0,22.0
Salvon Ahmed,RB,MIA,7,PHI,0,0,0,0,0,3,0,2,1,0,0,2,0,0,0,0,0,0,0,0,0,0,,,,,
Sam Howell,QB,WAS,7,NYG,249,0,42,22,1,15,0,2,0,0,0,0,0,0,0,0,0,0,0,0,0,0,,,,,
Sam LaPorta,TE,DET,7,BAL,0,0,0,0,0,0,0,0,6,52,0,7,0,0,0,0,0,0,0,0,0,0,,,,,
Samaje Perine,RB,DEN,7,GB,0,0,0,0,0,10,0,2,3,31,0,3,0,0,0,0,0,0,0,0,0,0,,,,,
Samori Toure,WR,GB,7,DEN,0,0,0,0,0,0,0,0,1,3,0,2,0,0,0,0,0,0,0,0,0,0,,,,,
Saquon Barkley,RB,NYG,7,WAS,0,0,0,0,0,77,0,21,3,41,1,4,0,0,0,0,0,0,0,0,0,0,,,,,
Scott Miller,WR,ATL,7,TB,0,0,0,0,0,0,0,0,1,46,0,1,0,0,0,0,0,0,0,0,0,0,,,,,
Skyy Moore,WR,KC,7,LAC,0,0,0,0,0,0,0,0,2,15,0,3,0,0,0,0,0,0,0,0,0,0,,,,,
Stefon Diggs,WR,BUF,7,NE,0,0,0,0,0,0,0,0,6,58,1,12,0,0,0,0,0,0,0,0,0,0,,,,,
Sterling Shepard,WR,NYG,7,WAS,0,0,0,0,0,0,0,0,1,3,0,1,0,0,0,0,0,0,0,0,0,0,,,,,
Stone Smartt,TE,LAC,7,KC,0,0,0,0,0,0,0,0,1,5,0,1,0,0,0,0,0,0,0,0,0,0,,,,,
T.J. Hockenson,TE,MIN,7,SF,0,0,0,0,0,0,0,0,11,86,0,12,0,0,0,0,0,0,0,0,0,0,,,,,
TB,DEF,TB,7,ATL,,,,,,,,,,,,,,,,,,,,,,,0,0,0,0,16.0
Tank Bigsby,RB,JAX,7,NO,0,0,0,0,0,2,0,2,0,0,0,0,0,0,0,0,0,0,0,0,0,0,,,,,
Taysom Hill,TE,NO,7,JAX,0,0,0,0,0,18,1,5,4,50,0,5,0,0,0,0,0,0,0,0,0,0,,,,,
Terry McLaurin,WR,WAS,7,NYG,0,0,0,0,0,0,0,0,6,90,0,9,0,0,0,0,0,0,0,0,0,0,,,,,
Tim Jones,WR,JAX,7,NO,0,0,0,0,0,0,0,0,2,17,0,2,0,0,0,0,0,0,0,0,0,0,,,,,
Travis Etienne,RB,JAX,7,NO,0,0,0,0,0,53,2,14,3,24,0,5,0,0,0,0,0,0,0,0,0,0,,,,,
Travis Homer,RB,CHI,7,LV,0,0,0,0,0,0,0,0,0,0,0,1,0,0,0,0,0,0,0,0,0,0,,,,,
Travis Kelce,TE,KC,7,LAC,0,0,0,0,0,0,0,0,12,179,1,13,0,0,0,0,0,0,0,0,0,0,,,,,
Tre Tucker,WR,LV,7,CHI,0,0,0,0,0,2,0,1,2,16,0,3,0,0,0,0,0,0,0,0,0,0,,,,,
Trent Sherfield,WR,BUF,7,NE,0,0,0,0,0,0,0,0,1,5,0,1,0,0,0,0,0,0,0,0,0,0,,,,,
Trent Taylor,WR,CHI,7,LV,0,0,0,0,0,0,0,0,0,0,0,0,0,0,0,0,0,0,0,0,0,0,,,,,
Trevor Lawrence,QB,JAX,7,NO,204,1,29,20,0,59,0,8,0,0,0,0,0,0,0,0,0,0,0,0,0,0,,,,,
Trey McBride,TE,ARI,7,SEA,0,0,0,0,0,0,0,0,3,29,0,6,0,0,0,0,0,0,0,0,0,0,,,,,
Trey Palmer,WR,TB,7,ATL,0,0,0,0,0,0,0,0,1,5,0,2,0,0,0,0,0,0,0,0,0,0,,,,,
Trishton Jackson,WR,MIN,7,SF,0,0,0,0,0,0,0,0,1,7,0,1,0,0,0,0,0,0,0,0,0,0,,,,,
Tua Tagovailoa,QB,MIA,7,PHI,216,1,32,23,1,-3,0,1,0,0,0,0,0,0,0,0,0,0,0,0,0,0,,,,,
Tucker Kraft,TE,GB,7,DEN,0,0,0,0,0,0,0,0,0,0,0,0,0,0,0,0,0,0,0,0,0,0,,,,,
Tutu Atwell,WR,LA,7,PIT,0,0,0,0,0,0,0,0,1,31,1,2,0,0,0,0,0,0,0,0,0,0,,,,,
Ty Chandler,RB,MIN,7,SF,0,0,0,0,0,0,0,0,1,12,0,1,0,0,0,0,0,0,0,0,0,0,,,,,
Ty Johnson,RB,BUF,7,NE,0,0,0,0,0,0,0,0,0,0,0,0,0,0,0,0,0,0,0,0,0,0,,,,,
Tyler Allgeier,RB,ATL,7,TB,0,0,0,0,0,59,0,21,3,53,0,3,0,0,0,0,0,0,0,0,0,0,,,,,
Tyler Bass,K,BUF,7,NE,0,0,0,0,0,0,0,0,0,0,0,0,0,0,0,0,0,1,0,0,0,2,,,,,
Tyler Higbee,TE,LA,7,PIT,0,0,0,0,0,0,0,0,1,7,0,3,0,0,0,0,0,0,0,0,0,0,,,,,
Tyler Huntley,QB,BAL,7,DET,0,0,1,0,0,0,0,0,0,0,0,0,0,0,0,0,0,0,0,0,0,0,,,,,
Tyler Lockett,WR,SEA,7,ARI,0,0,0,0,0,0,0,0,4,38,0,5,0,0,0,0,0,0,0,0,0,0,,,,,
Tyler Scott,WR,CHI,7,LV,0,0,0,0,0,14,0,2,2,19,0,3,0,0,0,0,0,0,0,0,0,0,,,,,
Tyquan Thornton,WR,NE,7,BUF,0,0,0,0,0,0,0,0,1,2,0,1,0,0,0,0,0,0,0,0,0,0,,,,,
Tyreek Hill,WR,MIA,7,PHI,0,0,0,0,0,0,0,0,11,88,1,15,0,0,0,0,0,0,0,0,0,0,,,,,
Tyrod Taylor,QB,NYG,7,WAS,279,2,29,18,0,25,0,8,0,0,0,0,0,0,0,0,0,0,0,0,0,0,,,,,
Tyson Bagent,QB,CHI,7,LV,162,1,29,21,0,24,0,3,0,0,0,0,0,0,0,0,0,0,0,0,0,0,,,,,
Van Jefferson,WR,ATL,7,TB,0,0,0,0,0,0,0,0,1,5,0,2,0,0,0,0,0,0,0,0,0,0,,,,,
Velus Jones Jr.,WR,CHI,7,LV,0,0,0,0,0,0,0,0,1,0,0,1,0,0,0,0,0,0,0,0,0,0,,,,,
WAS,DEF,WAS,7,NYG,,,,,,,,,,,,,,,,,,,,,,,0,0,0,0,14.0
Wan'Dale Robinson,WR,NYG,7,WAS,0,0,0,0,0,0,0,0,1,22,0,2,0,0,0,0,0,0,0,0,0,0,,,,,
Wil Lutz,K,DEN,7,GB,0,0,0,0,0,0,0,0,0,0,0,0,0,0,0,0,1,2,0,1,0,1,,,,,
Will Mallory,TE,IND,7,CLE,0,0,0,0,0,0,0,0,0,0,0,1,0,0,0,0,0,0,0,0,0,0,,,,,
Younghoe Koo,K,ATL,7,TB,0,0,0,0,0,0,0,0,0,0,0,0,0,0,0,0,1,0,1,1,0,1,,,,,
Zach Ertz,TE,ARI,7,SEA,0,0,0,0,0,0,0,0,3,19,0,4,0,0,0,0,0,0,0,0,0,0,,,,,
Zack Moss,RB,IND,7,CLE,0,0,0,0,0,57,0,18,1,5,0,2,0,0,0,0,0,0,0,0,0,0,,,,,
Zamir White,RB,LV,7,CHI,0,0,0,0,0,2,0,2,3,26,0,3,0,0,0,0,0,0,0,0,0,0,,,,,
Zay Flowers,WR,BAL,7,DET,0,0,0,0,0,0,0,0,4,75,0,6,0,0,0,0,0,0,0,0,0,0,,,,,
A.J. Brown,WR,PHI,8,WAS,0,0,0,0,0,0,0,0,8,130,2,8,0,0,0,0,0,0,0,0,0,0,,,,,
AJ Dillon,RB,GB,8,MIN,0,0,0,0,0,11,0,6,5,41,0,5,0,0,0,0,0,0,0,0,0,0,,,,,
ARI,DEF,ARI,8,BAL,,,,,,,,,,,,,,,,,,,,,,,0,0,0,0,31.0
ATL,DEF,ATL,8,TEN,,,,,,,,,,,,,,,,,,,,,,,0,0,0,0,28.0
Aaron Jones,RB,GB,8,MIN,0,0,0,0,0,29,0,7,4,17,0,5,0,0,0,0,0,0,0,0,0,0,,,,,
Adam Thielen,WR,CAR,8,HOU,0,0,0,0,0,0,0,0,8,72,0,11,0,0,0,0,0,0,0,0,0,0,,,,,
Alec Pierce,WR,IND,8,NO,0,0,0,0,0,0,0,0,3,41,0,5,0,0,0,0,0,0,0,0,0,0,,,,,
Alex Armah,RB,WAS,8,PHI,0,0,0,0,0,0,0,0,1,0,0,1,0,0,0,0,0,0,0,0,0,0,,,,,
Alexander Mattison,RB,MIN,8,GB,0,0,0,0,0,31,0,16,1,2,0,1,0,0,0,0,0,0,0,0,0,0,,,,,
Allen Lazard,WR,NYJ,8,NYG,0,0,0,0,0,0,0,0,3,45,0,6,0,0,0,0,0,0,0,0,0,0,,,,,
Allen Robinson,WR,PIT,8,JAX,0,0,0,0,0,0,0,0,0,0,0,1,0,0,0,0,0,0,0,0,0,0,,,,,
Alvin Kamara,RB,NO,8,IND,0,0,0,0,0,59,1,17,4,51,1,5,0,0,0,0,0,0,0,0,0,0,,,,,
Amari Cooper,WR,CLE,8,SEA,0,0,0,0,0,0,0,0,6,89,0,11,0,0,0,0,0,0,0,0,0,0,,,,,
Ameer Abdullah,RB,LV,8,DET,0,0,0,0,0,7,0,1,1,12,0,1,0,0,0,0,0,0,0,0,0,0,,,,,
Amon-Ra St. Brown,WR,DET,8,LV,0,0,0,0,0,0,0,0,6,108,0,9,0,0,0,0,0,0,0,0,0,0,,,,,
Anders Carlson,K,GB,8,MIN,0,0,0,0,0,0,0,0,0,0,0,0,0,0,0,0,0,1,0,0,0,1,,,,,
Andre Baccellia,WR,ARI,8,BAL,0,0,0,0,0,0,0,0,0,0,0,0,0,0,0,0,0,0,0,0,0,0,,,,,
Andrei Iosivas,WR,CIN,8,SF,0,0,0,0,0,0,0,0,1,2,1,1,0,0,0,0,0,0,0,0,0,0,,,,,
Andrew Ogletree,TE,IND,8,NO,0,0,0,0,0,0,0,0,1,33,1,3,0,0,0,0,0,0,0,0,0,0,,,,,
Antonio Gibson,RB,WAS,8,PHI,0,0,0,0,0,14,0,2,5,28,0,5,0,0,0,0,0,0,0,0,0,0,,,,,
Austin Ekeler,RB,LAC,8,CHI,0,0,0,0,0,29,0,15,7,94,1,8,0,0,0,0,0,0,0,0,0,0,,,,,
Austin Hooper,TE,LV,8,DET,0,0,0,0,0,0,0,0,2,19,0,2,0,0,0,0,0,0,0,0,0,0,,,,,
Austin Trammell,WR,LA,8,DAL,0,0,0,0,0,0,0,0,0,0,0,0,0,0,0,0,0,0,0,0,0,0,,,,,
BAL,DEF,BAL,8,ARI,,,,,,,,,,,,,,,,,,,,,,,0,0,0,0,24.0
BUF,DEF,BUF,8,TB,,,,,,,,,,,,,,,,,,,,,,,0,0,0,0,18.0
Baker Mayfield,QB,TB,8,BUF,237,2,42,25,0,19,0,3,0,0,0,0,0,0,1,0,0,0,0,0,0,0,,,,,
Ben Skowronek,WR,LA,8,DAL,0,0,0,0,0,0,0,0,1,20,1,1,0,0,0,0,0,0,0,0,0,0,,,,,
Bijan Robinson,RB,ATL,8,TEN,0,0,0,0,0,62,1,11,0,0,0,5,0,0,0,0,0,0,0,0,0,0,,,,,
Blake Bell,TE,KC,8,DEN,0,0,0,0,0,0,0,0,0,0,0,1,0,0,0,0,0,0,0,0,0,0,,,,,
Blake Grupe,K,NO,8,IND,0,0,0,0,0,0,0,0,0,0,0,0,0,0,0,0,1,0,0,0,0,5,,,,,
Boston Scott,RB,PHI,8,WAS,0,0,0,0,0,0,0,0,1,4,0,1,0,0,0,0,0,0,0,0,0,0,,,,,
Brady Russell,RB,SEA,8,CLE,0,0,0,0,0,0,0,0,0,0,0,0,0,0,0,0,0,0,0,0,0,0,,,,,
Brandin Cooks,WR,DAL,8,LA,0,0,0,0,0,3,0,1,3,49,1,4,0,0,0,0,0,0,0,0,0,0,,,,,
Brandon Aiyuk,WR,SF,8,CIN,0,0,0,0,0,0,0,0,5,109,0,9,0,0,0,0,0,0,0,0,0,0,,,,,
Brandon Aubrey,K,DAL,8,LA,0,0,0,0,0,0,0,0,0,0,0,0,0,0,0,0,1,0,0,1,0,5,,,,,
Brandon McManus,K,JAX,8,PIT,0,0,0,0,0,0,0,0,0,0,0,0,0,0,0,0,0,2,0,2,0,0,,,,,
Brandon Powell,WR,MIN,8,GB,0,0,0,0,0,2,0,1,1,10,0,3,0,0,0,0,0,0,0,0,0,0,,,,,
Braxton Berrios,WR,MIA,8,NE,0,0,0,0,0,0,0,0,2,8,0,3,0,0,0,0,0,0,0,0,0,0,,,,,
Breece Hall,RB,NYJ,8,NYG,0,0,0,0,0,17,0,12,6,76,1,9,0,0,0,0,0,0,0,0,0,0,,,,,
Brett Rypien,QB,LA,8,DAL,42,0,10,5,0,0,0,0,0,0,0,0,0,0,0,0,0,0,0,0,0,0,,,,,
Brian Robinson,RB,WAS,8,PHI,0,0,0,0,0,59,0,10,2,20,0,2,0,0,0,0,0,0,0,0,0,0,,,,,
Britain Covey,WR,PHI,8,WAS,0,0,0,0,0,0,0,0,0,0,0,0,0,0,0,0,0,0,0,0,0,0,,,,,
Brock Purdy,QB,SF,8,CIN,365,1,31,22,2,57,0,6,0,0,0,0,0,0,0,0,0,0,0,0,0,0,,,,,
Brock Wright,TE,DET,8,LV,0,0,0,0,0,0,0,0,1,5,0,1,0,0,0,0,0,0,0,0,0,0,,,,,
Bryce Young,QB,CAR,8,HOU,235,1,31,22,0,11,0,4,0,0,0,0,0,0,0,0,0,0,0,0,0,0,,,,,
Byron Pringle,WR,WAS,8,PHI,0,0,0,0,0,0,0,0,0,0,0,1,0,0,0,0,0,0,0,0,0,0,,,,,
C.J. Stroud,QB,HOU,8,CAR,140,0,24,16,0,13,1,2,0,0,0,0,0,0,0,0,0,0,0,0,0,0,,,,,
C.J. Uzomah,TE,NYJ,8,NYG,0,0,0,0,0,0,0,0,1,19,0,1,0,0,0,0,0,0,0,0,0,0,,,,,
CAR,DEF,CAR,8,HOU,,,,,,,,,,,,,,,,,,,,,,,0,0,0,0,13.0
CHI,DEF,CHI,8,LAC,,,,,,,,,,,,,,,,,,,,,,,0,0,0,0,30.0
CIN,DEF,CIN,8,SF,,,,,,,,,,,,,,,,,,,,,,,0,0,0,0,17.0
CLE,DEF,CLE,8,SEA,,,,,,,,,,,,,,,,,,,,,,,0,0,0,0,24.0
Cade Otton,TE,TB,8,BUF,0,0,0,0,0,0,0,0,4,27,0,6,0,0,1,0,0,0,0,0,0,0,,,,,
Cairo Santos,K,CHI,8,LAC,0,0,0,0,0,0,0,0,0,0,0,0,0,0,0,0,0,0,0,0,0,1,,,,,
Calvin Austin III,WR,PIT,8,JAX,0,0,0,0,0,10,0,2,2,19,0,2,0,0,0,0,0,0,0,0,0,0,,,,,
Calvin Ridley,WR,JAX,8,PIT,0,0,0,0,0,0,0,0,6,83,0,10,0,0,0,0,0,0,0,0,0,0,,,,,
Cam Akers,RB,MIN,8,GB,0,0,0,0,0,19,1,9,1,6,0,1,0,0,0,0,0,0,0,0,0,0,,,,,
Cameron Dicker,K,LAC,8,CHI,0,0,0,0,0,0,0,0,0,0,0,0,0,0,0,0,0,0,2,1,0,3,,,,,
Cedrick Wilson Jr.,WR,MIA,8,NE,0,0,0,0,0,0,0,0,1,1,1,1,0,0,0,0,0,0,0,0,0,0,,,,,
CeeDee Lamb,WR,DAL,8,LA,0,0,0,0,0,12,0,1,12,158,2,14,0,0,0,0,0,0,0,0,0,0,,,,,
Chad Ryland,K,NE,8,MIA,0,0,0,0,0,0,0,0,0,0,0,0,0,0,0,0,0,1,0,0,0,2,,,,,
Charlie Woerner,TE,SF,8,CIN,0,0,0,0,0,0,0,0,0,0,0,0,0,0,0,0,0,0,0,0,0,0,,,,,
Chase Claypool,WR,MIA,8,NE,0,0,0,0,0,0,0,0,1,15,0,2,0,0,0,0,0,0,0,0,0,0,,,,,
Chase Edmonds,RB,TB,8,BUF,0,0,0,0,0,5,0,3,2,16,0,3,0,0,0,0,0,0,0,0,0,0,,,,,
Chase McLaughlin,K,TB,8,BUF,0,0,0,0,0,0,0,0,0,0,0,0,0,0,0,0,0,0,0,1,0,1,,,,,
Chig Okonkwo,TE,TEN,8,ATL,0,0,0,0,0,4,0,1,4,23,0,5,0,0,0,0,0,0,0,0,0,0,,,,,
Chris Boswell,K,PIT,8,JAX,0,0,0,0,0,0,0,0,0,0,0,0,0,0,0,0,1,0,0,0,0,1,,,,,
Chris Godwin Jr.,WR,TB,8,BUF,0,0,0,0,0,14,0,1,5,54,1,7,0,0,0,0,0,0,0,0,0,0,,,,,
Chris Olave,WR,NO,8,IND,0,0,0,0,0,0,0,0,5,46,0,9,0,0,0,0,0,0,0,0,0,0,,,,,
Christian Kirk,WR,JAX,8,PIT,0,0,0,0,0,0,0,0,4,46,0,5,0,0,0,0,0,0,0,0,0,0,,,,,
Christian McCaffrey,RB,SF,8,CIN,0,0,0,0,0,54,1,12,6,64,1,7,0,0,0,0,0,0,0,0,0,0,,,,,
Christian Watson,WR,GB,8,MIN,0,0,0,0,0,0,0,0,3,33,0,8,0,0,0,0,0,0,0,0,0,0,,,,,
Chuba Hubbard,RB,CAR,8,HOU,0,0,0,0,0,28,0,15,2,26,0,2,0,0,0,0,0,0,0,0,0,0,,,,,
Clyde Edwards-Helaire,RB,KC,8,DEN,0,0,0,0,0,4,0,1,0,0,0,0,0,0,0,0,0,0,0,0,0,0,,,,,
Cole Kmet,TE,CHI,8,LAC,0,0,0,0,0,0,0,0,10,79,0,10,0,0,0,0,0,0,0,0,0,0,,,,,
Cooper Kupp,WR,LA,8,DAL,0,0,0,0,0,0,0,0,4,21,0,10,0,0,0,0,0,0,0,0,0,0,,,,,
Cooper Rush,QB,DAL,8,LA,3,0,3,2,0,-3,0,3,0,0,0,0,0,0,0,0,0,0,0,0,0,0,,,,,
Cordarrelle Patterson,RB,ATL,8,TEN,0,0,0,0,0,7,0,2,0,0,0,0,0,0,0,0,0,0,0,0,0,0,,,,,
Courtland Sutton,WR,DEN,8,KC,0,0,0,0,0,0,0,0,2,29,1,3,0,0,0,0,0,0,0,0,0,0,,,,,
Craig Reynolds,RB,DET,8,LV,0,0,0,0,0,74,0,14,1,12,0,1,0,0,0,0,0,0,0,0,0,0,,,,,
Curtis Samuel,WR,WAS,8,PHI,0,0,0,0,0,0,0,0,4,22,0,4,0,0,0,0,0,0,0,0,0,0,,,,,
D'Andre Swift,RB,PHI,8,WAS,0,0,0,0,0,57,1,16,2,7,0,3,0,0,0,0,0,0,0,0,0,0,,,,,
D'Ernest Johnson,RB,JAX,8,PIT,0,0,0,0,0,8,0,2,0,0,0,0,0,0,0,0,0,0,0,0,0,0,,,,,
D'Onta Foreman,RB,CHI,8,LAC,0,0,0,0,0,34,0,9,1,2,0,2,0,0,0,0,0,0,0,0,0,0,,,,,
DAL,DEF,DAL,8,LA,,,,,,,,,,,,,,,,,,,,,,,1,1,0,0,20.0
DEN,DEF,DEN,8,KC,,,,,,,,,,,,,,,,,,,,,,,0,0,0,0,9.0
DET,DEF,DET,8,LV,,,,,,,,,,,,,,,,,,,,,,,0,0,0,0,14.0
DJ Chark,WR,CAR,8,HOU,0,0,0,0,0,0,0,0,2,23,0,4,0,0,0,0,0,0,0,0,0,0,,,,,
DJ Moore,WR,CHI,8,LAC,0,0,0,0,0,0,0,0,4,55,0,6,0,0,0,0,0,0,0,0,0,0,,,,,
DJ Turner,WR,LV,8,DET,0,0,0,0,0,0,0,0,0,0,0,0,0,0,0,0,0,0,0,0,0,0,,,,,
DK Metcalf,WR,SEA,8,CLE,0,0,0,0,0,0,0,0,5,67,0,14,0,0,0,0,0,0,0,0,0,0,,,,,
Dak Prescott,QB,DAL,8,LA,304,4,31,25,1,19,0,4,0,0,0,0,0,0,0,0,0,0,0,0,0,0,,,,,
Dallas Goedert,TE,PHI,8,WAS,0,0,0,0,0,0,0,0,4,36,0,7,0,0,0,0,0,0,0,0,0,0,,,,,
Dalton Kincaid,TE,BUF,8,TB,0,0,0,0,0,0,0,0,5,65,1,7,0,0,0,0,0,0,0,0,0,0,,,,,
Dalton Schultz,TE,HOU,8,CAR,0,0,0,0,0,0,0,0,2,5,0,5,0,0,0,0,0,0,0,0,0,0,,,,,
Dalvin Cook,RB,NYJ,8,NYG,0,0,0,0,0,5,0,2,0,0,0,0,0,0,0,0,0,0,0,0,0,0,,,,,
Dameon Pierce,RB,HOU,8,CAR,0,0,0,0,0,46,0,12,0,0,0,0,0,0,0,0,0,0,0,0,0,0,,,,,
Damien Williams,RB,ARI,8,BAL,0,0,0,0,0,5,0,2,1,4,0,1,0,0,0,0,0,0,0,0,0,0,,,,,
Daniel Bellinger,TE,NYG,8,NYJ,0,0,0,0,0,0,0,0,0,0,0,1,0,0,0,0,0,0,0,0,0,0,,,,,
Daniel Carlson,K,LV,8,DET,0,0,0,0,0,0,0,0,0,0,0,0,0,0,0,0,0,0,0,0,0,2,,,,,
Darius Slayton,WR,NYG,8,NYJ,0,0,0,0,0,0,0,0,1,-1,0,2,0,0,0,0,0,0,0,0,0,0,,,,,
Darnell Mooney,WR,CHI,8,LAC,0,0,0,0,0,3,0,1,1,41,0,4,0,0,0,0,0,0,0,0,0,0,,,,,
Darrell Henderson,RB,LA,8,DAL,0,0,0,0,0,31,0,12,3,54,0,3,0,0,0,0,0,0,0,0,0,0,,,,,
Darren Waller,TE,NYG,8,NYJ,0,0,0,0,0,0,0,0,1,4,0,2,0,0,0,0,0,0,0,0,0,0,,,,,
Darrynton Evans,RB,CHI,8,LAC,0,0,0,0,0,18,1,4,3,22,0,4,0,0,0,0,0,0,0,0,0,0,,,,,
Davante Adams,WR,LV,8,DET,0,0,0,0,0,0,0,0,1,11,0,7,0,0,0,0,0,0,0,0,0,0,,,,,
David Njoku,TE,CLE,8,SEA,0,0,0,0,0,0,0,0,4,77,1,8,0,0,0,0,0,0,0,0,0,0,,,,,
DeAndre Carter,WR,LV,8,DET,0,0,0,0,0,0,0,0,0,0,0,0,0,0,0,0,0,0,0,0,0,0,,,,,
DeAndre Hopkins,WR,TEN,8,ATL,0,0,0,0,0,0,0,0,4,128,3,6,0,0,0,0,0,0,0,0,0,0,,,,,
DeMario Douglas,WR,NE,8,MIA,0,0,0,0,0,4,0,1,5,25,0,7,0,0,0,0,0,0,0,0,0,0,,,,,
DeVante Parker,WR,NE,8,MIA,0,0,0,0,0,0,0,0,1,14,0,2,0,0,0,0,0,0,0,0,0,0,,,,,
DeVonta Smith,WR,PHI,8,WAS,0,0,0,0,0,0,0,0,7,99,1,7,0,0,0,0,0,0,0,0,0,0,,,,,
Dee Eskridge,WR,SEA,8,CLE,0,0,0,0,0,-5,0,1,0,0,0,0,0,0,0,0,0,0,0,0,0,0,,,,,
DeeJay Dallas,RB,SEA,8,CLE,0,0,0,0,0,0,0,0,0,0,0,0,0,0,0,0,0,0,0,0,0,0,,,,,
Deonte Harty,WR,BUF,8,TB,0,0,0,0,0,0,0,0,0,0,0,0,0,0,0,0,0,0,0,0,0,0,,,,,
Derek Carr,QB,NO,8,IND,310,2,27,19,0,-1,0,1,0,0,0,0,0,0,0,0,0,0,0,0,0,0,,,,,
Derius Davis,WR,LAC,8,CHI,0,0,0,0,0,0,0,0,2,4,0,2,0,0,0,0,0,0,0,0,0,0,,,,,
Derrick Henry,RB,TEN,8,ATL,0,0,0,0,0,101,0,22,4,21,0,4,0,0,0,0,0,0,0,0,0,0,,,,,
Desmond Ridder,QB,ATL,8,TEN,71,0,12,8,0,26,0,3,0,0,0,0,0,0,0,0,0,0,0,0,0,0,,,,,
Deven Thompkins,WR,TB,8,BUF,0,0,0,0,0,0,0,0,0,0,0,0,0,0,0,0,0,0,0,0,0,0,,,,,
Devin Duvernay,WR,BAL,8,ARI,0,0,0,0,0,0,0,0,0,0,0,0,0,0,0,0,0,0,0,0,0,0,,,,,
Devin Singletary,RB,HOU,8,CAR,0,0,0,0,0,30,0,10,2,13,0,2,0,0,0,0,0,0,0,0,0,0,,,,,
Diontae Johnson,WR,PIT,8,JAX,0,0,0,0,0,0,0,0,8,85,0,14,0,0,0,0,0,0,0,0,0,0,,,,,
Donald Parham,TE,LAC,8,CHI,0,0,0,0,0,0,0,0,4,43,1,5,0,0,0,0,0,0,0,0,0,0,,,,,
Donovan Peoples-Jones,WR,CLE,8,SEA,0,0,0,0,0,0,0,0,0,0,0,0,0,0,0,0,0,0,0,0,0,0,,,,,
Dontayvion Wicks,WR,GB,8,MIN,0,0,0,0,0,0,0,0,2,28,0,4,0,0,0,0,0,0,0,0,0,0,,,,,
Dorian Thompson-Robinson,QB,CLE,8,SEA,9,0,1,1,0,0,0,0,0,0,0,0,0,0,0,0,0,0,0,0,0,0,,,,,
Drake London,WR,ATL,8,TEN,0,0,0,0,0,0,0,0,5,55,0,7,0,0,0,0,0,0,0,0,0,0,,,,,
Drew Sample,TE,CIN,8,SF,0,0,0,0,0,0,0,0,0,0,0,1,0,0,0,0,0,0,0,0,0,0,,,,,
Durham Smythe,TE,MIA,8,NE,0,0,0,0,0,0,0,0,3,28,0,3,0,0,0,0,0,0,0,0,0,0,,,,,
Dustin Hopkins,K,CLE,8,SEA,0,0,0,0,0,0,0,0,0,0,0,0,0,0,0,0,2,0,0,0,0,2,,,,,
Dyami Brown,WR,WAS,8,PHI,0,0,0,0,0,0,0,1,0,0,0,0,0,0,0,0,0,0,0,0,0,0,,,,,
Eddy Pineiro,K,CAR,8,HOU,0,0,0,0,0,0,0,0,0,0,0,0,0,0,0,0,1,1,1,0,0,0,,,,,
Elijah Higgins,TE,ARI,8,BAL,0,0,0,0,0,0,0,0,0,0,0,0,0,0,0,0,0,0,0,0,0,0,,,,,
Elijah Mitchell,RB,SF,8,CIN,0,0,0,0,0,2,0,3,0,0,0,1,0,0,0,0,0,0,0,0,0,0,,,,,
Elijah Moore,WR,CLE,8,SEA,0,0,0,0,0,0,0,0,2,30,0,5,0,0,0,0,0,0,0,0,0,0,,,,,
Emari Demercado,RB,ARI,8,BAL,0,0,0,0,0,78,0,20,1,1,0,1,0,0,0,0,0,0,0,0,0,0,,,,,
Evan Engram,TE,JAX,8,PIT,0,0,0,0,0,0,0,0,10,88,0,10,0,0,0,0,0,0,0,0,0,0,,,,,
Evan McPherson,K,CIN,8,SF,0,0,0,0,0,0,0,0,0,0,0,0,0,0,0,0,0,0,0,1,0,4,,,,,
Ezekiel Elliott,RB,NE,8,MIA,0,0,0,0,0,36,0,7,0,0,0,0,0,0,0,0,0,0,0,0,0,0,,,,,
GB,DEF,GB,8,MIN,,,,,,,,,,,,,,,,,,,,,,,0,0,0,0,24.0
Gabe Davis,WR,BUF,8,TB,0,0,0,0,0,0,0,0,9,87,1,12,0,0,0,0,0,0,0,0,0,0,,,,,
Gardner Minshew,QB,IND,8,NO,213,2,41,23,1,3,0,1,0,0,0,0,0,0,0,0,0,0,0,0,0,0,,,,,
Garrett Wilson,WR,NYJ,8,NYG,0,0,0,0,0,6,0,1,7,100,0,13,0,0,0,0,0,0,0,0,0,0,,,,,
Geno Smith,QB,SEA,8,CLE,254,2,37,23,2,-3,0,2,0,0,0,0,0,0,0,0,0,0,0,0,0,0,,,,,
George Kittle,TE,SF,8,CIN,0,0,0,0,0,0,0,0,9,149,0,11,0,0,0,0,0,0,0,0,0,0,,,,,
George Pickens,WR,PIT,8,JAX,0,0,0,0,0,0,0,0,1,22,1,5,0,0,0,0,0,0,0,0,0,0,,,,,
Godwin Igwebuike,RB,PIT,8,JAX,0,0,0,0,0,0,0,0,0,0,0,0,0,0,0,0,0,0,0,0,0,0,,,,,
Graham Gano,K,NYG,8,NYJ,0,0,0,0,0,0,0,0,0,0,0,0,0,0,0,0,0,1,0,0,0,1,,,,,
Grant Calcaterra,TE,PHI,8,WAS,0,0,0,0,0,0,0,0,0,0,0,0,0,0,0,0,0,0,0,0,0,0,,,,,
Greg Joseph,K,MIN,8,GB,0,0,0,0,0,0,0,0,0,0,0,0,0,0,0,0,1,0,0,0,0,3,,,,,
Greg Zuerlein,K,NYJ,8,NYG,0,0,0,0,0,0,0,0,0,0,0,0,0,0,0,0,0,2,0,0,0,1,,,,,
Gunner Olszewski,WR,NYG,8,NYJ,0,0,0,0,0,0,0,0,0,0,0,0,0,0,0,0,0,0,0,0,0,0,,,,,
Gus Edwards,RB,BAL,8,ARI,0,0,0,0,0,80,3,19,2,14,0,2,0,0,0,0,0,0,0,0,0,0,,,,,
HOU,DEF,HOU,8,CAR,,,,,,,,,,,,,,,,,,,,,,,0,0,0,0,15.0
Harrison Bryant,TE,CLE,8,SEA,0,0,0,0,0,0,0,0,0,0,0,1,0,0,0,0,0,0,0,0,0,0,,,,,
Harrison Butker,K,KC,8,DEN,0,0,0,0,0,0,0,0,0,0,0,0,0,0,0,0,1,1,0,1,0,0,,,,,
Hayden Hurst,TE,CAR,8,HOU,0,0,0,0,0,0,0,0,0,0,0,2,0,0,0,0,0,0,0,0,0,0,,,,,
Hunter Henry,TE,NE,8,MIA,0,0,0,0,0,0,0,0,3,28,0,3,0,0,0,0,0,0,0,0,0,0,,,,,
Hunter Luepke,RB,DAL,8,LA,0,0,0,0,0,0,0,0,1,-2,0,1,0,0,0,0,0,0,0,0,0,0,,,,,
Hunter Renfrow,WR,LV,8,DET,0,0,0,0,0,0,0,0,2,19,0,4,0,0,0,0,0,0,0,0,0,0,,,,,
IND,DEF,IND,8,NO,,,,,,,,,,,,,,,,,,,,,,,0,0,0,0,38.0
Ihmir Smith-Marsette,WR,CAR,8,HOU,0,0,0,0,0,0,0,0,0,0,0,0,0,0,0,0,0,0,0,0,0,0,,,,,
Irv Smith,TE,CIN,8,SF,0,0,0,0,0,0,0,0,4,25,0,4,0,0,0,0,0,0,0,0,0,0,,,,,
Isaiah Likely,TE,BAL,8,ARI,0,0,0,0,0,0,0,0,1,10,0,1,0,0,0,0,0,0,0,0,0,0,,,,,
Isaiah McKenzie,WR,IND,8,NO,0,0,0,0,0,0,0,0,0,0,0,0,0,0,0,0,0,0,0,0,0,0,,,,,
Isaiah Spiller,RB,LAC,8,CHI,0,0,0,0,0,3,0,3,1,5,0,1,0,0,0,0,0,0,0,0,0,0,,,,,
Isiah Pacheco,RB,KC,8,DEN,0,0,0,0,0,40,0,8,3,-3,0,4,0,0,0,0,0,0,0,0,0,0,,,,,
JAX,DEF,JAX,8,PIT,,,,,,,,,,,,,,,,,,,,,,,0,0,0,0,10.0
Ja'Marr Chase,WR,CIN,8,SF,0,0,0,0,0,-8,0,2,10,100,1,12,0,0,0,0,0,0,0,0,0,0,,,,,
Jahan Dotson,WR,WAS,8,PHI,0,0,0,0,0,0,0,0,8,108,1,10,0,0,0,0,0,0,0,0,0,0,,,,,
Jahmyr Gibbs,RB,DET,8,LV,0,0,0,0,0,152,1,26,5,37,0,5,0,0,0,0,0,0,0,0,0,0,,,,,
Jake Bobo,WR,SEA,8,CLE,0,0,0,0,0,3,1,1,2,23,0,2,0,0,0,0,0,0,0,0,0,0,,,,,
Jake Elliott,K,PHI,8,WAS,0,0,0,0,0,0,0,0,0,0,0,0,0,0,0,0,0,0,0,1,0,5,,,,,
Jake Ferguson,TE,DAL,8,LA,0,0,0,0,0,0,0,0,4,47,1,4,0,0,0,0,0,0,0,0,0,0,,,,,
Jake Moody,K,SF,8,CIN,0,0,0,0,0,0,0,0,0,0,0,0,0,0,0,0,0,1,0,0,0,2,,,,,
Jakob Johnson,RB,LV,8,DET,0,0,0,0,0,0,0,0,0,0,0,0,0,0,0,0,0,0,0,0,0,0,,,,,
Jakobi Meyers,WR,LV,8,DET,0,0,0,0,0,0,0,0,1,19,0,1,0,0,0,0,0,0,0,0,0,0,,,,,
Jaleel McLaughlin,RB,DEN,8,KC,0,0,0,0,0,33,0,4,2,6,0,2,0,0,0,0,0,0,0,0,0,0,,,,,
Jalen Hurts,QB,PHI,8,WAS,319,4,38,29,0,6,0,4,0,0,0,0,0,0,0,0,0,0,0,0,0,0,,,,,
Jalen Reagor,WR,NE,8,MIA,0,0,0,0,0,0,0,0,0,0,0,2,0,0,0,0,0,0,0,0,0,0,,,,,
Jalen Tolbert,WR,DAL,8,LA,0,0,0,0,0,0,0,0,0,0,0,1,0,0,0,0,0,0,0,0,0,0,,,,,
Jamaal Williams,RB,NO,8,IND,0,0,0,0,0,30,0,6,1,8,0,1,0,0,0,0,0,0,0,0,0,0,,,,,
Jamal Agnew,WR,JAX,8,PIT,0,0,0,0,0,0,0,0,0,0,0,0,0,0,0,0,0,0,0,0,0,0,,,,,
James Cook,RB,BUF,8,TB,0,0,0,0,0,67,0,14,1,6,0,1,0,0,0,0,0,0,0,0,0,0,,,,,
Jameson Williams,WR,DET,8,LV,0,0,0,0,0,0,0,0,2,16,0,3,0,0,0,0,0,0,0,0,0,0,,,,,
Jamison Crowder,WR,WAS,8,PHI,0,0,0,0,0,0,0,0,7,95,1,7,0,0,0,0,0,0,0,0,0,0,,,,,
Jared Goff,QB,DET,8,LV,272,1,37,26,1,-2,0,2,0,0,0,0,0,0,0,0,0,0,0,0,0,0,,,,,
Jaren Hall,QB,MIN,8,GB,23,0,4,3,0,-1,0,2,0,0,0,0,0,0,0,0,0,0,0,0,0,0,,,,,
Jashaun Corbin,RB,NYG,8,NYJ,0,0,0,0,0,0,0,0,0,0,0,0,0,0,0,0,0,0,0,0,0,0,,,,,
Jason Myers,K,SEA,8,CLE,0,0,0,0,0,0,0,0,0,0,0,0,0,0,0,0,0,1,0,0,0,3,,,,,
Jason Sanders,K,MIA,8,NE,0,0,0,0,0,0,0,0,0,0,0,0,0,0,0,0,0,1,0,0,0,4,,,,,
Jauan Jennings,WR,SF,8,CIN,0,0,0,0,0,0,0,0,0,0,0,0,0,0,0,0,0,0,0,0,0,0,,,,,
Javonte Williams,RB,DEN,8,KC,0,0,0,0,0,85,0,27,3,13,1,3,0,0,0,0,0,0,0,0,0,0,,,,,
Jaxon Smith-Njigba,WR,SEA,8,CLE,0,0,0,0,0,0,0,0,3,36,1,4,0,0,0,0,0,0,0,0,0,0,,,,,
Jayden Reed,WR,GB,8,MIN,0,0,0,0,0,0,0,0,4,83,0,6,0,0,0,0,0,0,0,0,0,0,,,,,
Jaylen Waddle,WR,MIA,8,NE,0,0,0,0,0,0,0,0,7,121,1,12,0,0,0,0,0,0,0,0,0,0,,,,,
Jaylen Warren,RB,PIT,8,JAX,0,0,0,0,0,19,0,5,4,19,0,5,0,0,0,0,0,0,0,0,0,0,,,,,
Jeff Wilson,RB,MIA,8,NE,0,0,0,0,0,23,0,5,2,14,0,2,0,0,0,0,0,0,0,0,0,0,,,,,
Jeremy Ruckert,TE,NYJ,8,NYG,0,0,0,0,0,0,0,0,0,0,0,1,0,0,0,0,0,0,0,0,0,0,,,,,
Jerick McKinnon,RB,KC,8,DEN,0,0,0,0,0,-2,0,2,1,10,0,2,0,0,0,0,0,0,0,0,0,0,,,,,
Jerome Ford,RB,CLE,8,SEA,0,0,0,0,0,37,0,9,1,2,0,2,0,0,0,0,0,0,0,0,0,0,,,,,
Jerry Jeudy,WR,DEN,8,KC,0,0,0,0,0,0,0,0,2,50,1,6,0,0,0,0,0,0,0,0,0,0,,,,,
Jimmy Garoppolo,QB,LV,8,DET,126,0,21,10,1,12,0,2,0,0,0,0,0,0,0,0,0,0,0,0,0,0,,,,,
Joe Burrow,QB,CIN,8,SF,283,3,32,28,0,43,0,6,0,0,0,0,0,0,0,0,0,0,0,0,0,0,,,,,
Joe Mixon,RB,CIN,8,SF,0,0,0,0,0,87,1,16,3,23,0,3,0,0,0,0,0,0,0,0,0,0,,,,,
Joey Slye,K,WAS,8,PHI,0,0,0,0,0,0,0,0,0,0,0,0,0,0,0,0,0,0,0,0,1,4,,,,,
John Bates,TE,WAS,8,PHI,0,0,0,0,0,0,0,0,1,17,0,1,0,0,0,0,0,0,0,0,0,0,,,,,
John FitzPatrick,TE,ATL,8,TEN,0,0,0,0,0,0,0,0,0,0,0,0,0,0,0,0,0,0,0,0,0,0,,,,,
Johnny Mundt,TE,MIN,8,GB,0,0,0,0,0,0,0,0,1,8,0,1,0,0,0,0,0,0,0,0,0,0,,,,,
Jonathan Mingo,WR,CAR,8,HOU,0,0,0,0,0,0,0,0,4,62,0,5,0,0,0,0,0,0,0,0,0,0,,,,,
Jonathan Taylor,RB,IND,8,NO,0,0,0,0,0,95,0,12,1,2,0,2,0,0,0,0,0,0,0,0,0,0,,,,,
Jonnu Smith,TE,ATL,8,TEN,0,0,1,0,0,0,0,0,1,13,0,1,0,0,0,0,0,0,0,0,0,0,,,,,
Jordan Addison,WR,MIN,8,GB,0,0,0,0,0,2,0,1,7,82,1,8,0,0,0,0,0,0,0,0,0,0,,,,,
Jordan Akins,TE,CLE,8,SEA,0,0,0,0,0,0,0,0,1,6,0,1,0,0,0,0,0,0,0,0,0,0,,,,,
Jordan Love,QB,GB,8,MIN,229,1,41,24,1,34,0,4,0,0,0,0,0,0,0,0,0,0,0,0,0,0,,,,,
Jordan Mason,RB,SF,8,CIN,0,0,0,0,0,0,0,0,0,0,0,0,0,0,0,0,0,0,0,0,0,0,,,,,
Josh Allen,QB,BUF,8,TB,324,2,40,31,1,41,1,7,0,0,0,0,0,0,0,0,0,0,0,0,0,0,,,,,
Josh Downs,WR,IND,8,NO,0,0,0,0,0,0,0,0,7,72,0,9,0,0,0,0,0,0,0,0,0,0,,,,,
Josh Jacobs,RB,LV,8,DET,0,0,0,0,0,61,1,15,2,27,0,4,0,0,0,0,0,0,0,0,0,0,,,,,
Josh Palmer,WR,LAC,8,CHI,0,0,0,0,0,0,0,0,3,24,0,4,0,0,0,0,0,0,0,0,0,0,,,,,
Josh Reynolds,WR,DET,8,LV,0,0,0,0,0,0,0,0,1,13,0,1,0,0,0,0,0,0,0,0,0,0,,,,,
Joshua Dobbs,QB,ARI,8,BAL,208,2,37,25,2,26,1,6,0,0,0,0,0,0,1,0,0,0,0,0,0,0,,,,,
Joshua Kelley,RB,LAC,8,CHI,0,0,0,0,0,21,0,6,0,0,0,0,0,0,0,0,0,0,0,0,0,0,,,,,
JuJu Smith-Schuster,WR,NE,8,MIA,0,0,0,0,0,0,0,0,1,3,1,1,0,0,0,0,0,0,0,0,0,0,,,,,
Julian Hill,TE,MIA,8,NE,0,0,0,0,0,0,0,0,1,4,0,2,0,0,0,0,0,0,0,0,0,0,,,,,
Julio Jones,WR,PHI,8,WAS,0,0,0,0,0,0,0,0,1,8,1,2,0,0,0,0,0,0,0,0,0,0,,,,,
Justice Hill,RB,BAL,8,ARI,0,0,0,0,0,15,0,4,4,40,0,4,0,0,0,0,0,0,0,0,0,0,,,,,
Justin Herbert,QB,LAC,8,CHI,298,3,40,31,0,1,0,1,0,0,0,0,0,0,0,0,0,0,0,0,0,0,,,,,
Justin Tucker,K,BAL,8,ARI,0,0,0,0,0,0,0,0,0,0,0,0,0,0,0,0,0,0,1,0,0,4,,,,,
Justin Watson,WR,KC,8,DEN,0,0,0,0,0,0,0,0,2,42,0,3,0,0,0,0,0,0,0,0,0,0,,,,,
Juwan Johnson,TE,NO,8,IND,0,0,0,0,0,0,0,0,1,5,0,2,0,0,0,0,0,0,0,0,0,0,,,,,
Juwann Winfree,WR,IND,8,NO,0,0,0,0,0,0,0,0,0,0,0,1,0,0,0,0,0,0,0,0,0,0,,,,,
K.J. Osborn,WR,MIN,8,GB,0,0,0,0,0,0,0,0,8,99,0,10,0,0,0,0,0,0,0,0,0,0,,,,,
KC,DEF,KC,8,DEN,,,,,,,,,,,,,,,,,,,,,,,0,0,0,0,24.0
Ka'imi Fairbairn,K,HOU,8,CAR,0,0,0,0,0,0,0,0,0,0,0,0,0,0,0,0,0,0,0,0,0,1,,,,,
KaVontae Turpin,WR,DAL,8,LA,0,0,0,0,0,0,0,0,1,13,0,2,0,0,0,0,0,0,0,0,0,0,,,,,
Kadarius Toney,WR,KC,8,DEN,0,0,0,0,0,-3,0,1,1,4,0,1,0,0,0,0,0,0,0,0,0,0,,,,,
Kalif Raymond,WR,DET,8,LV,0,0,0,0,0,-2,0,1,2,24,0,4,0,0,0,0,0,0,0,0,0,0,,,,,
Kareem Hunt,RB,CLE,8,SEA,0,0,0,0,0,55,1,14,1,12,0,1,0,0,0,0,0,0,0,0,0,0,,,,,
Ke'Shawn Vaughn,RB,TB,8,BUF,0,0,0,0,0,1,0,1,0,0,0,0,0,0,0,0,0,0,0,0,0,0,,,,,
Keaontay Ingram,RB,ARI,8,BAL,0,0,0,0,0,9,0,2,1,7,0,1,0,0,0,0,0,0,0,0,0,0,,,,,
Keenan Allen,WR,LAC,8,CHI,0,0,0,0,0,0,0,0,8,69,0,10,0,0,0,0,0,0,0,0,0,0,,,,,
Kendre Miller,RB,NO,8,IND,0,0,0,0,0,10,0,3,1,9,0,1,0,0,0,0,0,0,0,0,0,0,,,,,
Kendrick Bourne,WR,NE,8,MIA,0,0,0,0,0,0,0,0,3,36,1,4,0,0,0,0,0,0,0,0,0,0,,,,,
Kenneth Walker III,RB,SEA,8,CLE,0,0,0,0,0,66,0,8,1,4,0,2,0,0,0,0,0,0,0,0,0,0,,,,,
Kenny Gainwell,RB,PHI,8,WAS,0,0,0,0,0,-4,0,2,5,30,0,5,0,0,0,0,0,0,0,0,0,0,,,,,
Kenny Pickett,QB,PIT,8,JAX,73,0,16,10,0,10,0,1,0,0,0,0,0,0,0,0,0,0,0,0,0,0,,,,,
Kevin Rader,TE,TEN,8,ATL,0,0,0,0,0,0,0,0,0,0,0,0,0,0,0,0,0,0,0,0,0,0,,,,,
KhaDarel Hodge,WR,ATL,8,TEN,0,0,0,0,0,0,0,0,3,75,0,3,0,0,0,0,0,0,0,0,0,0,,,,,
Khalil Shakir,WR,BUF,8,TB,0,0,0,0,0,0,0,0,6,92,0,6,0,0,0,0,0,0,0,0,0,0,,,,,
Kirk Cousins,QB,MIN,8,GB,274,2,31,23,0,9,0,2,0,0,0,0,0,0,0,0,0,0,0,0,0,0,,,,,
Ko Kieft,TE,TB,8,BUF,0,0,0,0,0,0,0,0,0,0,0,0,0,0,0,0,0,0,0,0,0,0,,,,,
Kyle Juszczyk,RB,SF,8,CIN,0,0,0,0,0,0,0,2,0,0,0,0,0,0,0,0,0,0,0,0,0,0,,,,,
Kyle Philips,WR,TEN,8,ATL,0,0,0,0,0,0,0,0,3,24,0,3,0,0,0,0,0,0,0,0,0,0,,,,,
Kyle Pitts,TE,ATL,8,TEN,0,0,0,0,0,0,0,0,3,35,0,5,0,0,0,0,0,0,0,0,0,0,,,,,
LA,DEF,LA,8,DAL,,,,,,,,,,,,,,,,,,,,,,,0,0,0,0,43.0
LAC,DEF,LAC,8,CHI,,,,,,,,,,,,,,,,,,,,,,,0,0,0,0,13.0
LV,DEF,LV,8,DET,,,,,,,,,,,,,,,,,,,,,,,1,0,0,0,26.0
Lamar Jackson,QB,BAL,8,ARI,157,1,27,18,0,17,0,5,0,0,0,0,0,0,0,0,0,0,0,0,0,0,,,,,
Latavius Murray,RB,BUF,8,TB,0,0,0,0,0,7,0,5,1,4,0,1,0,0,0,0,0,0,0,0,0,0,,,,,
Logan Thomas,TE,WAS,8,PHI,0,0,0,0,0,0,0,0,6,44,1,8,0,0,0,0,0,0,0,0,0,0,,,,,
Lucas Havrisik,K,LA,8,DAL,0,0,0,0,0,0,0,0,0,0,0,0,0,0,0,0,0,1,1,0,0,0,,,,,
Luke Farrell,TE,JAX,8,PIT,0,0,0,0,0,0,0,0,1,5,0,1,0,0,0,0,0,0,0,0,0,0,,,,,
Luke Musgrave,TE,GB,8,MIN,0,0,0,0,0,0,0,0,2,9,0,3,0,0,0,0,0,0,0,0,0,0,,,,,
Luke Schoonmaker,TE,DAL,8,LA,0,0,0,0,0,0,0,0,1,13,0,1,0,0,0,0,0,0,0,0,0,0,,,,,
MIA,DEF,MIA,8,NE,,,,,,,,,,,,,,,,,,,,,,,0,0,0,0,17.0
MIN,DEF,MIN,8,GB,,,,,,,,,,,,,,,,,,,,,,,0,0,0,0,10.0
Mac Jones,QB,NE,8,MIA,161,2,29,19,1,-2,0,1,0,0,0,0,0,0,0,0,0,0,0,0,0,0,,,,,
Mack Hollins,WR,ATL,8,TEN,0,0,0,0,0,0,0,0,2,27,0,3,0,0,0,0,0,0,0,0,0,0,,,,,
Malik Willis,QB,TEN,8,ATL,0,0,0,0,0,4,0,2,0,0,0,0,0,0,0,0,0,0,0,0,0,0,,,,,
Marcedes Lewis,TE,CHI,8,LAC,0,0,0,0,0,0,0,0,0,0,0,0,0,0,0,0,0,0,0,0,0,0,,,,,
Mark Andrews,TE,BAL,8,ARI,0,0,0,0,0,0,0,0,4,40,1,5,0,0,0,0,0,0,0,0,0,0,,,,,
Marquez Valdes-Scantling,WR,KC,8,DEN,0,0,0,0,0,0,0,0,2,27,0,4,0,0,0,0,0,0,0,0,0,0,,,,,
Marquise Brown,WR,ARI,8,BAL,0,0,0,0,0,0,0,0,6,33,1,9,0,0,0,0,0,0,0,0,0,0,,,,,
Marquise Goodwin,WR,CLE,8,SEA,0,0,0,0,0,-5,0,1,0,0,0,0,0,0,0,0,0,0,0,0,0,0,,,,,
Marvin Mims Jr.,WR,DEN,8,KC,0,0,0,0,0,0,0,0,1,0,0,1,0,0,0,0,0,0,0,0,0,0,,,,,
Matt Breida,RB,NYG,8,NYJ,0,0,0,0,0,13,0,5,1,4,0,1,0,0,0,0,0,0,0,0,0,0,,,,,
Matt Gay,K,IND,8,NO,0,0,0,0,0,0,0,0,0,0,0,0,0,0,0,0,1,0,1,0,0,3,,,,,
Matt Prater,K,ARI,8,BAL,0,0,0,0,0,0,0,0,0,0,0,0,0,0,0,0,0,0,1,0,0,1,,,,,
Matthew Stafford,QB,LA,8,DAL,162,1,22,13,1,9,0,1,0,0,0,0,0,0,1,0,0,0,0,0,0,0,,,,,
Mecole Hardman,WR,KC,8,DEN,0,0,0,0,0,3,0,1,2,13,0,2,0,0,0,0,0,0,0,0,0,0,,,,,
Michael Carter,RB,NYJ,8,NYG,0,0,0,0,0,2,0,2,0,0,0,1,0,0,0,0,0,0,0,0,0,0,,,,,
Michael Gallup,WR,DAL,8,LA,0,0,0,0,0,0,0,0,2,20,0,3,0,0,0,0,0,0,0,0,0,0,,,,,
Michael Mayer,TE,LV,8,DET,0,0,0,0,0,0,0,0,1,19,0,2,0,0,0,0,0,0,0,0,0,0,,,,,
Michael Pittman,WR,IND,8,NO,0,0,0,0,0,0,0,0,8,40,1,13,0,0,0,0,0,0,0,0,0,0,,,,,
Michael Thomas,WR,NO,8,IND,0,0,0,0,0,0,0,0,4,68,0,7,0,0,0,0,0,0,0,0,0,0,,,,,
Michael Wilson,WR,ARI,8,BAL,0,0,0,0,0,0,0,0,4,58,0,6,0,0,0,0,0,0,0,0,0,0,,,,,
Mike Boone,RB,HOU,8,CAR,0,0,0,0,0,5,0,1,1,11,0,1,0,0,0,0,0,0,0,0,0,0,,,,,
Mike Evans,WR,TB,8,BUF,0,0,0,0,0,0,0,0,3,39,1,6,0,0,0,0,0,0,0,0,0,0,,,,,
Mike Gesicki,TE,NE,8,MIA,0,0,0,0,0,0,0,0,2,11,0,3,0,0,0,0,0,0,0,0,0,0,,,,,
Miles Boykin,WR,PIT,8,JAX,0,0,0,0,0,0,0,0,0,0,0,0,0,0,0,0,0,0,0,0,0,0,,,,,
Miles Sanders,RB,CAR,8,HOU,0,0,0,0,0,0,0,2,0,0,0,0,0,0,0,0,0,0,0,0,0,0,,,,,
Mitchell Trubisky,QB,PIT,8,JAX,138,1,27,15,2,18,0,3,0,0,0,0,0,0,0,0,0,0,0,0,0,0,,,,,
Mo Alie-Cox,TE,IND,8,NO,0,0,0,0,0,0,0,0,1,11,0,2,0,0,0,0,0,0,0,0,0,0,,,,,
MyCole Pruitt,TE,ATL,8,TEN,0,0,0,0,0,0,0,0,1,3,0,2,0,0,0,0,0,0,0,0,0,0,,,,,
NE,DEF,NE,8,MIA,,,,,,,,,,,,,,,,,,,,,,,0,0,0,0,31.0
NO,DEF,NO,8,IND,,,,,,,,,,,,,,,,,,,,,,,0,0,0,0,27.0
NYG,DEF,NYG,8,NYJ,,,,,,,,,,,,,,,,,,,,,,,0,0,0,0,13.0
NYJ,DEF,NYJ,8,NYG,,,,,,,,,,,,,,,,,,,,,,,0,0,0,0,10.0
Najee Harris,RB,PIT,8,JAX,0,0,0,0,0,13,0,7,5,42,0,5,0,0,0,0,0,0,0,0,0,0,,,,,
Nelson Agholor,WR,BAL,8,ARI,0,0,0,0,0,0,0,0,0,0,0,1,0,0,0,0,0,0,0,0,0,0,,,,,
Nick Folk,K,TEN,8,ATL,0,0,0,0,0,0,0,0,0,0,0,0,0,0,0,0,0,0,0,0,0,4,,,,,
Nick Westbrook-Ikhine,WR,TEN,8,ATL,0,0,0,0,0,0,0,0,1,33,1,2,0,0,0,0,0,0,0,0,0,0,,,,,
Nico Collins,WR,HOU,8,CAR,0,0,0,0,0,0,0,0,4,30,0,6,0,0,0,0,0,0,0,0,0,0,,,,,
Noah Brown,WR,HOU,8,CAR,0,0,0,0,0,0,0,0,3,57,0,5,0,0,0,0,0,0,0,0,0,0,,,,,
Noah Fant,TE,SEA,8,CLE,0,0,0,0,0,0,0,0,2,32,0,3,0,0,0,0,0,0,0,0,0,0,,,,,
Noah Gray,TE,KC,8,DEN,0,0,0,0,0,0,0,0,2,25,0,3,0,0,0,0,0,0,0,0,0,0,,,,,
Odell Beckham Jr.,WR,BAL,8,ARI,0,0,0,0,0,0,0,0,0,0,0,4,0,0,0,0,0,0,0,0,0,0,,,,,
Olamide Zaccheaus,WR,PHI,8,WAS,0,0,0,0,0,0,0,0,1,5,0,2,0,0,0,0,0,0,0,0,0,0,,,,,
PHI,DEF,PHI,8,WAS,,,,,,,,,,,,,,,,,,,,,,,0,0,0,0,31.0
PIT,DEF,PIT,8,JAX,,,,,,,,,,,,,,,,,,,,,,,0,0,0,0,20.0
PJ Walker,QB,CLE,8,SEA,248,1,31,15,2,27,0,6,0,0,0,0,0,0,0,0,0,0,0,0,0,0,,,,,
Parris Campbell,WR,NYG,8,NYJ,0,0,0,0,0,0,0,0,0,0,0,0,0,0,0,0,0,0,0,0,0,0,,,,,
Patrick Mahomes,QB,KC,8,DEN,240,0,38,24,2,20,0,3,0,0,0,0,0,0,0,0,0,0,0,0,0,0,,,,,
Payne Durham,TE,TB,8,BUF,0,0,0,0,0,0,0,0,0,0,0,1,0,0,0,0,0,0,0,0,0,0,,,,,
Pharaoh Brown,TE,NE,8,MIA,0,0,0,0,0,0,0,0,2,33,0,2,0,0,0,0,0,0,0,0,0,0,,,,,
Pierre Strong,RB,CLE,8,SEA,0,0,0,0,0,41,0,10,1,41,0,1,0,0,0,0,0,0,0,0,0,0,,,,,
Puka Nacua,WR,LA,8,DAL,0,0,0,0,0,0,0,0,3,43,0,7,0,0,0,0,0,0,0,0,0,0,,,,,
Quentin Johnston,WR,LAC,8,CHI,0,0,0,0,0,0,0,0,5,50,0,6,0,0,0,0,0,0,0,0,0,0,,,,,
Rachaad White,RB,TB,8,BUF,0,0,0,0,0,39,0,9,7,70,0,7,0,0,0,0,0,0,0,0,0,0,,,,,
Raheem Blackshear,RB,CAR,8,HOU,0,0,0,0,0,5,0,3,2,26,0,2,0,0,0,0,0,0,0,0,0,0,,,,,
Raheem Mostert,RB,MIA,8,NE,0,0,0,0,0,46,1,13,0,0,0,0,0,0,0,0,0,0,0,0,0,0,,,,,
Rakim Jarrett,WR,TB,8,BUF,0,0,0,0,0,0,0,0,1,9,0,3,0,0,0,0,0,0,0,0,0,0,,,,,
Rashee Rice,WR,KC,8,DEN,0,0,0,0,0,0,0,0,4,56,0,5,0,0,0,0,0,0,0,0,0,0,,,,,
Rashid Shaheed,WR,NO,8,IND,0,0,0,0,0,0,0,0,3,153,1,3,0,0,0,0,0,0,0,0,0,0,,,,,
Rashod Bateman,WR,BAL,8,ARI,0,0,0,0,0,18,0,1,2,34,0,2,0,0,0,0,0,0,0,0,0,0,,,,,
Ray-Ray McCloud,WR,SF,8,CIN,0,0,0,0,0,0,0,0,2,43,0,2,0,0,0,0,0,0,0,0,0,0,,,,,
Rhamondre Stevenson,RB,NE,8,MIA,0,0,0,0,0,39,0,10,2,11,0,4,0,0,0,0,0,0,0,0,0,0,,,,,
Rico Dowdle,RB,DAL,8,LA,0,0,0,0,0,18,0,5,2,7,0,2,0,0,0,0,0,0,0,0,0,0,,,,,
Riley Patterson,K,DET,8,LV,0,0,0,0,0,0,0,0,0,0,0,0,0,0,0,0,0,2,1,1,0,2,,,,,
Robert Tonyan,TE,CHI,8,LAC,0,0,0,0,0,0,0,0,1,8,0,1,0,0,0,0,0,0,0,0,0,0,,,,,
Rod Williams,TE,PIT,8,JAX,0,0,0,0,0,0,0,0,0,0,0,2,0,0,0,0,0,0,0,0,0,0,,,,,
Romeo Doubs,WR,GB,8,MIN,0,0,0,0,0,0,0,0,4,18,1,9,0,0,0,0,0,0,0,0,0,0,,,,,
Rondale Moore,WR,ARI,8,BAL,0,0,0,0,0,11,0,2,2,10,0,3,0,0,0,0,0,0,0,0,0,0,,,,,
Roschon Johnson,RB,CHI,8,LAC,0,0,0,0,0,21,0,6,3,10,0,4,0,0,0,0,0,0,0,0,0,0,,,,,
Royce Freeman,RB,LA,8,DAL,0,0,0,0,0,44,1,9,0,0,0,0,0,0,0,0,0,0,0,0,0,0,,,,,
Russell Wilson,QB,DEN,8,KC,114,3,19,12,0,30,0,8,0,0,0,0,0,0,0,0,0,0,0,0,0,0,,,,,
SEA,DEF,SEA,8,CLE,,,,,,,,,,,,,,,,,,,,,,,0,0,0,0,20.0
SF,DEF,SF,8,CIN,,,,,,,,,,,,,,,,,,,,,,,0,0,0,0,31.0
Salvon Ahmed,RB,MIA,8,NE,0,0,0,0,0,1,0,2,4,16,0,4,0,0,0,0,0,0,0,0,0,0,,,,,
Sam Howell,QB,WAS,8,PHI,397,4,52,39,1,11,0,3,0,0,0,0,0,0,0,0,0,0,0,0,0,0,,,,,
Sam LaPorta,TE,DET,8,LV,0,0,0,0,0,0,0,0,8,57,1,10,0,0,0,0,0,0,0,0,0,0,,,,,
Samaje Perine,RB,DEN,8,KC,0,0,0,0,0,5,0,1,2,16,0,3,0,0,0,0,0,0,0,0,0,0,,,,,
Saquon Barkley,RB,NYG,8,NYJ,0,0,0,0,0,128,0,36,3,0,0,5,0,0,0,0,0,0,0,0,0,0,,,,,
Scott Miller,WR,ATL,8,TEN,0,0,0,0,0,0,0,0,2,14,1,2,0,0,0,0,0,0,0,0,0,0,,,,,
Sean McKeon,TE,DAL,8,LA,0,0,0,0,0,0,0,0,0,0,0,1,0,0,0,0,0,0,0,0,0,0,,,,,
Simi Fehoko,WR,LAC,8,CHI,0,0,0,0,0,0,0,0,1,9,1,2,0,0,0,0,0,0,0,0,0,0,,,,,
Skyy Moore,WR,KC,8,DEN,0,0,0,0,0,0,0,0,1,8,0,3,0,0,0,0,0,0,0,0,0,0,,,,,
Stefon Diggs,WR,BUF,8,TB,0,0,0,0,0,0,0,0,9,70,0,12,0,0,0,0,0,0,0,0,0,0,,,,,
Stephen Sullivan,TE,CAR,8,HOU,0,0,0,0,0,0,0,0,1,13,0,1,0,0,0,0,0,0,0,0,0,0,,,,,
T.J. Hockenson,TE,MIN,8,GB,0,0,0,0,0,0,0,0,6,88,1,9,0,0,0,0,0,0,0,0,0,0,,,,,
TB,DEF,TB,8,BUF,,,,,,,,,,,,,,,,,,,,,,,0,0,0,0,24.0
TEN,DEF,TEN,8,ATL,,,,,,,,,,,,,,,,,,,,,,,0,0,0,0,23.0
Tank Bigsby,RB,JAX,8,PIT,0,0,0,0,0,9,0,3,0,0,0,0,0,0,0,0,0,0,0,0,0,0,,,,,
Tank Dell,WR,HOU,8,CAR,0,0,0,0,0,15,0,3,3,16,0,4,0,0,0,0,0,0,0,0,0,0,,,,,
Taylor Heinicke,QB,ATL,8,TEN,175,1,21,12,0,14,0,2,0,0,0,0,0,0,0,0,0,0,0,0,0,0,,,,,
Taysom Hill,TE,NO,8,IND,44,0,2,1,0,63,2,9,1,14,0,1,0,0,0,0,0,0,0,0,0,0,,,,,
Tee Higgins,WR,CIN,8,SF,0,0,0,0,0,0,0,0,5,69,0,6,0,0,0,0,0,0,0,0,0,0,,,,,
Terrace Marshall Jr.,WR,CAR,8,HOU,0,0,0,0,0,0,0,0,1,9,0,1,0,0,0,0,0,0,0,0,0,0,,,,,
Terry McLaurin,WR,WAS,8,PHI,0,0,0,0,0,0,0,0,5,63,1,12,0,0,0,0,0,0,0,0,0,0,,,,,
Tommy DeVito,QB,NYG,8,NYJ,-1,0,7,2,0,12,1,4,0,0,0,0,0,0,0,0,0,0,0,0,0,0,,,,,
Tommy Tremble,TE,CAR,8,HOU,0,0,0,0,0,0,0,0,2,4,1,3,0,0,0,0,0,0,0,0,0,0,,,,,
Tony Pollard,RB,DAL,8,LA,0,0,0,0,0,53,0,12,1,2,0,1,0,0,0,0,0,0,0,0,0,0,,,,,
Travis Etienne,RB,JAX,8,PIT,0,0,0,0,0,79,0,24,3,70,1,6,0,0,1,0,0,0,0,0,0,0,,,,,
Travis Kelce,TE,KC,8,DEN,0,0,0,0,0,0,0,0,6,58,0,9,0,0,0,0,0,0,0,0,0,0,,,,,
Trayveon Williams,RB,CIN,8,SF,0,0,0,0,0,6,0,2,0,0,0,0,0,0,0,0,0,0,0,0,0,0,,,,,
Trent Sherfield,WR,BUF,8,TB,0,0,0,0,0,0,0,0,0,0,0,0,0,0,0,0,0,0,0,0,0,0,,,,,
Trent Taylor,WR,CHI,8,LAC,0,0,0,0,0,-2,0,1,0,0,0,0,0,0,0,0,0,0,0,0,0,0,,,,,
Trenton Irwin,WR,CIN,8,SF,0,0,0,0,0,0,0,0,2,24,0,2,0,0,0,0,0,0,0,0,0,0,,,,,
Trevor Lawrence,QB,JAX,8,PIT,292,1,32,24,1,10,0,1,0,0,0,0,0,0,0,0,0,0,0,0,0,0,,,,,
Trey McBride,TE,ARI,8,BAL,0,0,0,0,0,0,0,0,10,95,1,14,0,0,0,0,0,0,0,0,0,0,,,,,
Trey Palmer,WR,TB,8,BUF,0,0,0,0,0,0,0,0,3,22,0,6,0,0,0,0,0,0,0,0,0,0,,,,,
Treylon Burks,WR,TEN,8,ATL,0,0,0,0,0,0,0,0,0,0,0,2,0,0,0,0,0,0,0,0,0,0,,,,,
Tua Tagovailoa,QB,MIA,8,NE,324,3,45,30,1,8,0,6,0,0,0,0,0,0,0,0,0,0,0,0,0,0,,,,,
Tucker Kraft,TE,GB,8,MIN,0,0,0,0,0,0,0,0,0,0,0,0,0,0,0,0,0,0,0,0,0,0,,,,,
Tutu Atwell,WR,LA,8,DAL,0,0,0,0,0,8,0,2,2,21,0,4,0,0,1,0,0,0,0,0,0,0,,,,,
Ty Chandler,RB,MIN,8,GB,0,0,0,0,0,0,0,0,0,0,0,0,0,0,0,0,0,0,0,0,0,0,,,,,
Ty Montgomery,WR,NE,8,MIA,0,0,0,0,0,0,0,0,0,0,0,0,0,0,0,0,0,0,0,0,0,0,,,,,
Tyjae Spears,RB,TEN,8,ATL,0,0,0,0,0,27,0,3,3,9,0,4,0,0,0,0,0,0,0,0,0,0,,,,,
Tyler Allgeier,RB,ATL,8,TEN,0,0,0,0,0,31,0,8,0,0,0,0,0,0,0,0,0,0,0,0,0,0,,,,,
Tyler Bass,K,BUF,8,TB,0,0,0,0,0,0,0,0,0,0,0,0,0,0,0,0,0,1,0,0,0,3,,,,,
Tyler Boyd,WR,CIN,8,SF,0,0,0,0,0,6,0,1,3,40,1,3,0,0,0,0,0,0,0,0,0,0,,,,,
Tyler Conklin,TE,NYJ,8,NYG,0,0,0,0,0,0,0,0,0,0,0,2,0,0,0,0,0,0,0,0,0,0,,,,,
Tyler Higbee,TE,LA,8,DAL,0,0,0,0,0,0,0,0,5,45,0,7,0,0,0,0,0,0,0,0,0,0,,,,,
Tyler Lockett,WR,SEA,8,CLE,0,0,0,0,0,0,0,0,8,81,1,9,0,0,0,0,0,0,0,0,0,0,,,,,
Tyler Scott,WR,CHI,8,LAC,0,0,0,0,0,0,0,0,1,11,0,3,0,0,0,0,0,0,0,0,0,0,,,,,
Tyreek Hill,WR,MIA,8,NE,0,0,0,0,0,0,0,0,8,112,1,13,0,0,0,0,0,0,0,0,0,0,,,,,
Tyrod Taylor,QB,NYG,8,NYJ,8,0,7,4,0,33,0,5,0,0,0,0,0,0,0,0,0,0,0,0,0,0,,,,,
Tyson Bagent,QB,CHI,8,LAC,232,0,37,25,2,-1,1,4,0,0,0,0,0,0,0,0,0,0,0,0,0,0,,,,,
Van Jefferson,WR,ATL,8,TEN,0,0,0,0,0,0,0,0,3,24,0,5,0,0,0,0,0,0,0,0,0,0,,,,,
Velus Jones Jr.,WR,CHI,8,LAC,0,0,0,0,0,0,0,0,1,4,0,2,0,0,0,0,0,0,0,0,0,0,,,,,
WAS,DEF,WAS,8,PHI,,,,,,,,,,,,,,,,,,,,,,,0,0,0,0,38.0
Wan'Dale Robinson,WR,NYG,8,NYJ,0,0,0,0,0,17,0,2,0,0,0,1,0,0,0,0,0,0,0,0,0,0,,,,,
Wil Lutz,K,DEN,8,KC,0,0,0,0,0,0,0,0,0,0,0,0,0,0,0,0,1,0,0,0,0,3,,,,,
Will Dissly,TE,SEA,8,CLE,0,0,0,0,0,0,0,0,0,0,0,0,0,0,0,0,0,0,0,0,0,0,,,,,
Will Levis,QB,TEN,8,ATL,238,4,29,19,0,11,0,7,0,0,0,0,0,0,0,0,0,0,0,0,0,0,,,,,
Will Mallory,TE,IND,8,NO,0,0,0,0,0,0,0,0,1,6,0,2,0,0,0,0,0,0,0,0,0,0,,,,,
Xavier Gipson,WR,NYJ,8,NYG,0,0,0,0,0,3,0,1,0,0,0,1,0,0,0,0,0,0,0,0,0,0,,,,,
Younghoe Koo,K,ATL,8,TEN,0,0,0,0,0,0,0,0,0,0,0,0,0,0,0,0,1,1,1,0,0,2,,,,,
Zach Charbonnet,RB,SEA,8,CLE,0,0,0,0,0,53,0,5,2,11,0,2,0,0,0,0,0,0,0,0,0,0,,,,,
Zach Pascal,WR,ARI,8,BAL,0,0,0,0,0,0,0,0,0,0,0,1,0,0,0,0,0,0,0,0,0,0,,,,,
Zach Wilson,QB,NYJ,8,NYG,240,1,36,17,0,25,0,4,0,0,0,0,0,0,0,0,0,0,0,0,0,0,,,,,
Zack Moss,RB,IND,8,NO,0,0,0,0,0,66,1,11,1,8,0,1,0,0,0,0,0,0,0,0,0,0,,,,,
Zay Flowers,WR,BAL,8,ARI,0,0,0,0,0,0,0,0,5,19,0,7,0,0,0,0,0,0,0,0,0,0,,,,,
A.J. Brown,WR,PHI,9,DAL,0,0,0,0,0,0,0,0,7,66,1,9,0,0,0,0,0,0,0,0,0,0,,,,,
AJ Dillon,RB,GB,9,LA,0,0,0,0,0,40,0,9,1,3,0,1,0,0,0,0,0,0,0,0,0,0,,,,,
ARI,DEF,ARI,9,CLE,,,,,,,,,,,,,,,,,,,,,,,0,0,0,0,27.0
ATL,DEF,ATL,9,MIN,,,,,,,,,,,,,,,,,,,,,,,0,1,0,0,31.0
Aaron Jones,RB,GB,9,LA,0,0,0,0,0,73,1,20,4,26,0,6,0,0,0,0,0,0,0,0,0,0,,,,,
Adam Thielen,WR,CAR,9,IND,0,0,0,0,0,0,0,0,5,29,0,6,0,0,0,0,0,0,0,0,0,0,,,,,
Aidan O'Connell,QB,LV,9,NYG,209,0,25,16,0,0,0,0,0,0,0,0,0,0,0,0,0,0,0,0,0,0,,,,,
Alec Pierce,WR,IND,9,CAR,0,0,0,0,0,0,0,0,0,0,0,2,0,0,0,0,0,0,0,0,0,0,,,,,
Alex Armah,RB,WAS,9,NE,0,0,0,0,0,0,0,0,0,0,0,0,0,0,0,0,0,0,0,0,0,0,,,,,
Alexander Mattison,RB,MIN,9,ATL,0,0,0,0,0,44,0,16,2,49,1,2,0,0,0,0,0,0,0,0,0,0,,,,,
Allen Lazard,WR,NYJ,9,LAC,0,0,0,0,0,0,0,0,2,18,0,6,0,0,0,0,0,0,0,0,0,0,,,,,
Allen Robinson,WR,PIT,9,TEN,0,0,0,0,0,0,0,0,1,10,0,2,0,0,0,0,0,0,0,0,0,0,,,,,
Alvin Kamara,RB,NO,9,CHI,0,0,0,0,0,26,0,9,4,44,0,5,0,0,0,0,0,0,0,0,0,0,,,,,
Amari Cooper,WR,CLE,9,ARI,0,0,0,0,0,0,0,0,5,139,1,5,0,0,0,0,0,0,0,0,0,0,,,,,
Ameer Abdullah,RB,LV,9,NYG,0,0,0,0,0,8,0,2,2,17,0,2,0,0,0,0,0,0,0,0,0,0,,,,,
Anders Carlson,K,GB,9,LA,0,0,0,0,0,0,0,0,0,0,0,0,0,0,0,0,1,1,0,0,0,2,,,,,
Andrei Iosivas,WR,CIN,9,BUF,0,0,0,0,0,0,0,0,1,9,0,1,0,0,0,0,0,0,0,0,0,0,,,,,
Andrew Ogletree,TE,IND,9,CAR,0,0,0,0,0,0,0,0,1,19,0,3,0,0,0,0,0,0,0,0,0,0,,,,,
Antonio Gibson,RB,WAS,9,NE,0,0,0,0,0,34,0,6,5,42,0,5,0,0,0,0,0,0,0,0,0,0,,,,,
Austin Ekeler,RB,LAC,9,NYJ,0,0,0,0,0,47,2,14,2,23,0,7,0,0,0,0,0,0,0,0,0,0,,,,,
Austin Hooper,TE,LV,9,NYG,0,0,0,0,0,0,0,0,1,10,0,1,0,0,0,0,0,0,0,0,0,0,,,,,
Austin Trammell,WR,LA,9,GB,0,0,0,0,0,0,0,0,1,6,0,1,0,0,0,0,0,0,0,0,0,0,,,,,
BAL,DEF,BAL,9,SEA,,,,,,,,,,,,,,,,,,,,,,,0,0,0,0,3.0
BUF,DEF,BUF,9,CIN,,,,,,,,,,,,,,,,,,,,,,,0,0,0,0,24.0
Baker Mayfield,QB,TB,9,HOU,265,2,30,21,0,4,0,4,0,0,0,0,0,0,0,0,0,0,0,0,0,0,,,,,
Ben Skowronek,WR,LA,9,GB,0,0,0,0,0,-2,0,1,0,0,0,0,0,0,0,0,0,0,0,0,0,0,,,,,
Bijan Robinson,RB,ATL,9,MIN,0,0,0,0,0,51,0,11,2,8,0,4,0,0,0,0,0,0,0,0,0,0,,,,,
Blake Grupe,K,NO,9,CHI,0,0,0,0,0,0,0,0,0,0,0,0,0,0,0,0,0,0,0,1,0,3,,,,,
Brandin Cooks,WR,DAL,9,PHI,0,0,0,0,0,0,0,0,1,7,0,2,0,0,0,0,0,0,0,0,0,0,,,,,
Brandon Aubrey,K,DAL,9,PHI,0,0,0,0,0,0,0,0,0,0,0,0,0,0,0,0,0,0,0,1,0,2,,,,,
Brandon Powell,WR,MIN,9,ATL,0,0,0,0,0,0,0,0,2,15,1,3,0,0,0,0,0,0,0,0,0,0,,,,,
Braxton Berrios,WR,MIA,9,KC,0,0,0,0,0,0,0,0,0,0,0,0,0,0,0,0,0,0,0,0,0,0,,,,,
Breece Hall,RB,NYJ,9,LAC,0,0,0,0,0,50,0,16,4,10,0,4,0,0,0,0,0,0,0,0,0,0,,,,,
Brett Rypien,QB,LA,9,GB,130,0,28,13,1,19,0,3,0,0,0,0,0,0,0,0,0,0,0,0,0,0,,,,,
Brian Robinson,RB,WAS,9,NE,0,0,0,0,0,63,1,18,1,4,0,2,0,0,0,0,0,0,0,0,0,0,,,,,
Britain Covey,WR,PHI,9,DAL,0,0,0,0,0,0,0,0,0,0,0,0,0,0,0,0,0,0,0,0,0,0,,,,,
Bryce Young,QB,CAR,9,IND,173,1,39,24,3,41,0,5,0,0,0,0,0,0,0,0,0,0,0,0,0,0,,,,,
Byron Pringle,WR,WAS,9,NE,0,0,0,0,0,0,0,0,3,55,0,4,0,0,0,0,0,0,0,0,0,0,,,,,
C.J. Stroud,QB,HOU,9,TB,470,5,42,30,0,10,0,0,0,0,0,0,0,0,1,0,0,0,0,0,0,0,,,,,
C.J. Uzomah,TE,NYJ,9,LAC,0,0,0,0,0,0,0,0,2,11,0,5,0,0,0,0,0,0,0,0,0,0,,,,,
CAR,DEF,CAR,9,IND,,,,,,,,,,,,,,,,,,,,,,,0,0,0,0,27.0
CHI,DEF,CHI,9,NO,,,,,,,,,,,,,,,,,,,,,,,0,0,0,0,24.0
CIN,DEF,CIN,9,BUF,,,,,,,,,,,,,,,,,,,,,,,0,0,0,0,18.0
CLE,DEF,CLE,9,ARI,,,,,,,,,,,,,,,,,,,,,,,0,0,0,0,0.0
Cade Otton,TE,TB,9,HOU,0,0,0,0,0,0,0,0,6,70,2,9,0,0,0,0,0,0,0,0,0,0,,,,,
Cairo Santos,K,CHI,9,NO,0,0,0,0,0,0,0,0,0,0,0,0,0,0,0,0,0,1,0,0,0,2,,,,,
Calvin Austin III,WR,PIT,9,TEN,0,0,0,0,0,10,0,2,0,0,0,1,0,0,0,0,0,0,0,0,0,0,,,,,
Cam Akers,RB,MIN,9,ATL,0,0,0,0,0,25,0,8,3,13,0,3,0,0,0,0,0,0,0,0,0,0,,,,,
Cameron Dicker,K,LAC,9,NYJ,0,0,0,0,0,0,0,0,0,0,0,0,0,0,0,0,0,1,0,1,0,3,,,,,
Cedric Tillman,WR,CLE,9,ARI,0,0,0,0,0,0,0,0,1,3,0,1,0,0,0,0,0,0,0,0,0,0,,,,,
Cedrick Wilson Jr.,WR,MIA,9,KC,0,0,0,0,0,0,0,0,1,31,1,5,0,0,0,0,0,0,0,0,0,0,,,,,
CeeDee Lamb,WR,DAL,9,PHI,0,0,0,0,0,0,0,0,11,191,0,16,0,0,0,0,0,0,0,0,0,0,,,,,
Chad Ryland,K,NE,9,WAS,0,0,0,0,0,0,0,0,0,0,0,0,0,0,0,0,0,0,1,0,0,2,,,,,
Charlie Kolar,TE,BAL,9,SEA,0,0,0,0,0,0,0,0,0,0,0,0,0,0,0,0,0,0,0,0,0,0,,,,,
Chase Claypool,WR,MIA,9,KC,0,0,0,0,0,0,0,0,0,0,0,0,0,0,0,0,0,0,0,0,0,0,,,,,
Chase Edmonds,RB,TB,9,HOU,0,0,0,0,0,-5,0,3,1,-1,0,1,0,0,0,0,0,0,0,0,0,0,,,,,
Chase McLaughlin,K,TB,9,HOU,0,0,0,0,0,0,0,0,0,0,0,0,0,0,0,0,0,1,1,1,0,4,,,,,
Chig Okonkwo,TE,TEN,9,PIT,0,0,0,0,0,0,0,0,3,28,0,4,0,0,0,0,0,0,0,0,0,0,,,,,
Chris Boswell,K,PIT,9,TEN,0,0,0,0,0,0,0,0,0,0,0,0,0,0,0,0,1,1,0,0,0,2,,,,,
Chris Evans,RB,CIN,9,BUF,0,0,0,0,0,0,0,0,0,0,0,0,0,0,0,0,0,0,0,0,0,0,,,,,
Chris Godwin Jr.,WR,TB,9,HOU,0,0,0,0,0,0,0,0,2,16,0,6,0,0,0,0,0,0,0,0,0,0,,,,,
Chris Moore,WR,TEN,9,PIT,0,0,0,0,0,0,0,0,1,29,0,2,0,0,0,0,0,0,0,0,0,0,,,,,
Chris Olave,WR,NO,9,CHI,0,0,0,0,0,0,0,0,6,46,1,8,0,0,0,0,0,0,0,0,0,0,,,,,
Chris Rodriguez Jr.,RB,WAS,9,NE,0,0,0,0,0,0,0,0,0,0,0,0,0,0,0,0,0,0,0,0,0,0,,,,,
Christian Watson,WR,GB,9,LA,0,0,0,0,0,0,0,0,1,37,0,2,0,0,0,0,0,0,0,0,0,0,,,,,
Chuba Hubbard,RB,CAR,9,IND,0,0,0,0,0,58,0,16,4,9,0,6,0,0,0,0,0,0,0,0,0,0,,,,,
Clayton Tune,QB,ARI,9,CLE,58,0,20,11,2,28,0,5,0,0,0,0,0,0,0,0,0,0,0,0,0,0,,,,,
Colby Parkinson,TE,SEA,9,BAL,0,0,0,0,0,0,0,0,1,6,0,1,0,0,0,0,0,0,0,0,0,0,,,,,
Cole Kmet,TE,CHI,9,NO,0,0,0,0,0,0,0,0,6,55,2,8,0,0,0,0,0,0,0,0,0,0,,,,,
Cooper Kupp,WR,LA,9,GB,0,0,0,0,0,0,0,0,2,48,0,7,0,0,0,0,0,0,0,0,0,0,,,,,
Cordarrelle Patterson,RB,ATL,9,MIN,0,0,0,0,0,0,0,1,1,3,0,1,0,0,0,0,0,0,0,0,0,0,,,,,
D'Andre Swift,RB,PHI,9,DAL,0,0,0,0,0,43,0,18,2,31,0,2,0,0,0,0,0,0,0,0,0,0,,,,,
D'Onta Foreman,RB,CHI,9,NO,0,0,0,0,0,83,0,20,0,0,0,0,0,0,0,0,0,0,0,0,0,0,,,,,
DAL,DEF,DAL,9,PHI,,,,,,,,,,,,,,,,,,,,,,,0,0,0,0,28.0
DJ Chark,WR,CAR,9,IND,0,0,0,0,0,0,0,0,2,9,1,3,0,0,0,0,0,0,0,0,0,0,,,,,
DJ Moore,WR,CHI,9,NO,0,0,0,0,0,0,0,0,3,44,0,5,0,0,0,0,0,0,0,0,0,0,,,,,
DJ Turner,WR,LV,9,NYG,0,0,0,0,0,0,0,0,0,0,0,0,0,0,0,0,0,0,0,0,0,0,,,,,
DK Metcalf,WR,SEA,9,BAL,0,0,0,0,0,0,0,0,1,50,0,4,0,0,0,0,0,0,0,0,0,0,,,,,
Dak Prescott,QB,DAL,9,PHI,374,3,44,29,0,14,0,6,0,0,0,0,0,0,0,0,0,0,0,0,0,0,,,,,
Dallas Goedert,TE,PHI,9,DAL,0,0,0,0,0,0,0,0,3,50,0,4,0,0,0,0,0,0,0,0,0,0,,,,,
Dalton Kincaid,TE,BUF,9,CIN,0,0,0,0,0,0,0,0,10,81,0,11,0,0,0,0,0,0,0,0,0,0,,,,,
Dalton Schultz,TE,HOU,9,TB,0,0,0,0,0,0,0,0,10,130,1,11,0,0,0,0,0,0,0,0,0,0,,,,,
Dalvin Cook,RB,NYJ,9,LAC,0,0,0,0,0,7,0,2,1,1,0,2,0,0,0,0,0,0,0,0,0,0,,,,,
Damiere Byrd,WR,ATL,9,MIN,0,0,0,0,0,0,0,0,0,0,0,2,0,0,0,0,0,0,0,0,0,0,,,,,
Daniel Bellinger,TE,NYG,9,LV,0,0,0,0,0,0,0,0,3,43,0,3,0,0,0,0,0,0,0,0,0,0,,,,,
Daniel Carlson,K,LV,9,NYG,0,0,0,0,0,0,0,0,0,0,0,0,0,0,0,0,1,0,2,0,0,3,,,,,
Daniel Jones,QB,NYG,9,LV,25,0,9,4,0,9,0,2,0,0,0,0,0,0,0,0,0,0,0,0,0,0,,,,,
Dare Ogunbowale,RB,HOU,9,TB,0,0,0,0,0,0,0,0,0,0,0,0,0,0,0,0,1,0,0,0,0,0,,,,,
Darius Slayton,WR,NYG,9,LV,0,0,0,0,0,0,0,0,4,59,0,7,0,0,0,0,0,0,0,0,0,0,,,,,
Darnell Mooney,WR,CHI,9,NO,0,0,0,0,0,0,0,0,5,82,0,6,0,0,0,0,0,0,0,0,0,0,,,,,
Darnell Washington,TE,PIT,9,TEN,0,0,0,0,0,0,0,0,1,7,0,1,0,0,0,0,0,0,0,0,0,0,,,,,
Darrell Henderson,RB,LA,9,GB,0,0,0,0,0,19,0,10,2,16,0,2,0,0,0,0,0,0,0,0,0,0,,,,,
Darrynton Evans,RB,CHI,9,NO,0,0,0,0,0,2,0,1,2,19,0,2,0,0,0,0,0,0,0,0,0,0,,,,,
Davante Adams,WR,LV,9,NYG,0,0,0,0,0,0,0,0,4,34,0,7,0,0,0,0,0,0,0,0,0,0,,,,,
David Njoku,TE,CLE,9,ARI,0,0,0,0,0,0,0,0,4,26,1,6,0,0,0,0,0,0,0,0,0,0,,,,,
Davis Allen,TE,LA,9,GB,0,0,0,0,0,0,0,0,0,0,0,0,0,0,0,0,0,0,0,0,0,0,,,,,
DeAndre Carter,WR,LV,9,NYG,0,0,0,0,0,0,0,0,1,15,0,1,0,0,0,0,0,0,0,0,0,0,,,,,
DeAndre Hopkins,WR,TEN,9,PIT,0,0,0,0,0,5,0,1,4,60,0,11,0,0,0,0,0,0,0,0,0,0,,,,,
DeMario Douglas,WR,NE,9,WAS,0,0,0,0,0,0,0,1,5,55,0,7,0,0,0,0,0,0,0,0,0,0,,,,,
DeVonta Smith,WR,PHI,9,DAL,0,0,0,0,0,0,0,0,3,51,1,3,0,0,0,0,0,0,0,0,0,0,,,,,
Dee Eskridge,WR,SEA,9,BAL,0,0,0,0,0,0,0,0,0,0,0,0,0,0,0,0,0,0,0,0,0,0,,,,,
DeeJay Dallas,RB,SEA,9,BAL,0,0,0,0,0,0,0,0,0,0,0,0,0,0,0,0,0,0,0,0,0,0,,,,,
Demarcus Robinson,WR,LA,9,GB,0,0,0,0,0,0,0,0,1,15,0,1,0,0,0,0,0,0,0,0,0,0,,,,,
Deon Jackson,RB,NYG,9,LV,0,0,0,0,0,2,0,1,0,0,0,0,0,0,0,0,0,0,0,0,0,0,,,,,
Deonte Harty,WR,BUF,9,CIN,0,0,0,0,0,0,0,0,0,0,0,1,0,0,0,0,0,0,0,0,0,0,,,,,
Derek Carr,QB,NO,9,CHI,211,2,34,25,0,3,0,3,0,0,0,0,0,0,0,0,0,0,0,0,0,0,,,,,
Derius Davis,WR,LAC,9,NYJ,0,0,0,0,0,0,0,0,1,0,0,1,1,0,0,0,0,0,0,0,0,0,,,,,
Derrick Henry,RB,TEN,9,PIT,0,0,0,0,0,75,1,17,3,27,0,4,0,0,0,0,0,0,0,0,0,0,,,,,
Deshaun Watson,QB,CLE,9,ARI,219,2,30,19,0,22,0,3,0,0,0,0,0,0,0,0,0,0,0,0,0,0,,,,,
Deven Thompkins,WR,TB,9,HOU,0,0,0,0,0,0,0,0,0,0,0,0,0,0,0,0,0,0,0,0,0,0,,,,,
Devin Duvernay,WR,BAL,9,SEA,0,0,0,0,0,0,0,0,2,10,0,2,0,0,0,0,0,0,0,0,0,0,,,,,
Devin Singletary,RB,HOU,9,TB,0,0,0,0,0,26,0,13,2,0,0,2,0,0,0,0,0,0,0,0,0,0,,,,,
Diontae Johnson,WR,PIT,9,TEN,0,0,0,0,0,0,0,0,7,90,1,9,0,0,0,0,0,0,0,0,0,0,,,,,
Donald Parham,TE,LAC,9,NYJ,0,0,0,0,0,0,0,0,0,0,0,2,0,0,0,0,0,0,0,0,0,0,,,,,
Dontayvion Wicks,WR,GB,9,LA,0,0,0,0,0,0,0,0,4,49,0,4,0,0,0,0,0,0,0,0,0,0,,,,,
Drew Sample,TE,CIN,9,BUF,0,0,0,0,0,0,0,0,3,30,1,4,0,0,0,0,0,0,0,0,0,0,,,,,
Durham Smythe,TE,MIA,9,KC,0,0,0,0,0,0,0,0,3,17,0,3,0,0,0,0,0,0,0,0,0,0,,,,,
Dustin Hopkins,K,CLE,9,ARI,0,0,0,0,0,0,0,0,0,0,0,0,0,0,0,0,0,1,1,0,0,3,,,,,
Dyami Brown,WR,WAS,9,NE,0,0,0,0,0,0,0,0,2,33,0,4,0,0,0,0,0,0,0,0,0,0,,,,,
Eddy Pineiro,K,CAR,9,IND,0,0,0,0,0,0,0,0,0,0,0,0,0,0,0,0,0,1,1,0,0,1,,,,,
Elijah Higgins,TE,ARI,9,CLE,0,0,0,0,0,0,0,0,0,0,0,0,0,0,0,0,0,0,0,0,0,0,,,,,
Elijah Moore,WR,CLE,9,ARI,0,0,0,0,0,0,0,0,2,14,0,2,0,0,0,0,0,0,0,0,0,0,,,,,
Emanuel Wilson,RB,GB,9,LA,0,0,0,0,0,43,0,4,0,0,0,0,0,0,0,0,0,0,0,0,0,0,,,,,
Evan McPherson,K,CIN,9,BUF,0,0,0,0,0,0,0,0,0,0,0,0,0,0,0,0,1,0,0,0,0,3,,,,,
Ezekiel Elliott,RB,NE,9,WAS,0,0,0,0,0,17,0,6,3,15,0,5,0,0,0,0,0,0,0,0,0,0,,,,,
Foster Moreau,TE,NO,9,CHI,0,0,0,0,0,0,0,0,1,23,0,1,0,0,0,0,0,0,0,0,0,0,,,,,
GB,DEF,GB,9,LA,,,,,,,,,,,,,,,,,,,,,,,0,0,0,0,3.0
Gabe Davis,WR,BUF,9,CIN,0,0,0,0,0,0,0,0,0,0,0,2,0,0,0,0,0,0,0,0,0,0,,,,,
Gardner Minshew,QB,IND,9,CAR,127,1,26,17,0,5,0,5,0,0,0,0,0,0,0,0,0,0,0,0,0,0,,,,,
Garrett Wilson,WR,NYJ,9,LAC,0,0,0,0,0,0,0,0,7,80,0,13,0,0,0,0,0,0,0,0,0,0,,,,,
Geno Smith,QB,SEA,9,BAL,157,0,28,13,1,4,0,2,0,0,0,0,0,0,0,0,0,0,0,0,0,0,,,,,
George Pickens,WR,PIT,9,TEN,0,0,0,0,0,0,0,0,2,-1,0,5,0,0,0,0,0,0,0,0,0,0,,,,,
Gerald Everett,TE,LAC,9,NYJ,0,0,0,0,0,0,0,0,2,18,0,2,0,0,0,0,0,0,0,0,0,0,,,,,
Godwin Igwebuike,RB,PIT,9,TEN,0,0,0,0,0,0,0,0,0,0,0,0,0,0,0,0,0,0,0,0,0,0,,,,,
Greg Dortch,WR,ARI,9,CLE,0,0,0,0,0,0,0,0,1,2,0,1,0,0,0,0,0,0,0,0,0,0,,,,,
Greg Joseph,K,MIN,9,ATL,0,0,0,0,0,0,0,0,0,0,0,0,0,0,0,1,0,2,0,0,0,2,,,,,
Greg Zuerlein,K,NYJ,9,LAC,0,0,0,0,0,0,0,0,0,0,0,0,0,0,0,0,0,0,2,0,0,0,,,,,
Gunner Olszewski,WR,NYG,9,LV,0,0,0,0,0,0,0,0,0,0,0,0,0,0,0,0,0,0,0,0,0,0,,,,,
Gus Edwards,RB,BAL,9,SEA,0,0,0,0,0,52,2,5,0,0,0,0,0,0,0,0,0,0,0,0,0,0,,,,,
HOU,DEF,HOU,9,TB,,,,,,,,,,,,,,,,,,,,,,,0,0,0,0,37.0
Harrison Bryant,TE,CLE,9,ARI,0,0,0,0,0,0,0,0,0,0,0,0,0,0,0,0,0,0,0,0,0,0,,,,,
Harrison Butker,K,KC,9,MIA,0,0,0,0,0,0,0,0,0,0,0,0,0,0,0,0,0,0,0,0,0,3,,,,,
Hayden Hurst,TE,CAR,9,IND,0,0,0,0,0,0,0,0,2,54,0,4,0,0,0,0,0,0,0,0,0,0,,,,,
Hunter Henry,TE,NE,9,WAS,0,0,0,0,0,0,0,0,4,39,1,6,0,0,0,0,0,0,0,0,0,0,,,,,
Hunter Luepke,RB,DAL,9,PHI,0,0,0,0,0,0,0,0,0,0,0,1,0,0,0,0,0,0,0,0,0,0,,,,,
Hunter Renfrow,WR,LV,9,NYG,0,0,0,0,0,0,0,0,2,32,0,3,0,0,0,0,0,0,0,0,0,0,,,,,
IND,DEF,IND,9,CAR,,,,,,,,,,,,,,,,,,,,,,,2,0,0,0,13.0
Ihmir Smith-Marsette,WR,CAR,9,IND,0,0,0,0,0,0,0,0,0,0,0,0,0,0,0,0,0,0,0,0,0,0,,,,,
Irv Smith,TE,CIN,9,BUF,0,0,0,0,0,0,0,0,3,26,1,4,0,0,0,0,0,0,0,0,0,0,,,,,
Isaiah Hodgins,WR,NYG,9,LV,0,0,0,0,0,0,0,0,0,0,0,1,0,0,0,0,0,0,0,0,0,0,,,,,
Isaiah Likely,TE,BAL,9,SEA,0,0,0,0,0,0,0,0,4,42,0,4,0,0,0,0,0,0,0,0,0,0,,,,,
Isaiah McKenzie,WR,IND,9,CAR,0,0,0,0,0,0,0,0,2,12,0,3,0,0,0,0,0,0,0,0,0,0,,,,,
Isiah Pacheco,RB,KC,9,MIA,0,0,0,0,0,66,0,16,0,0,0,1,0,0,0,0,0,0,0,0,0,0,,,,,
Ja'Marr Chase,WR,CIN,9,BUF,0,0,0,0,0,0,0,0,4,41,0,8,0,0,0,0,0,0,0,0,0,0,,,,,
Jahan Dotson,WR,WAS,9,NE,0,0,0,0,0,0,0,0,4,69,1,8,0,0,0,0,0,0,0,0,0,0,,,,,
Jake Elliott,K,PHI,9,DAL,0,0,0,0,0,0,0,0,0,0,0,0,0,0,0,0,0,0,0,0,0,4,,,,,
Jake Ferguson,TE,DAL,9,PHI,0,0,0,0,0,0,0,0,7,91,1,10,0,0,0,0,0,0,0,0,0,0,,,,,
Jakobi Meyers,WR,LV,9,NYG,0,0,0,0,0,17,1,1,2,38,0,5,0,0,0,0,0,0,0,0,0,0,,,,,
Jalen Guyton,WR,LAC,9,NYJ,0,0,0,0,0,0,0,0,0,0,0,2,0,0,0,0,0,0,0,0,0,0,,,,,
Jalen Hurts,QB,PHI,9,DAL,207,2,23,17,0,36,1,10,0,0,0,0,0,0,0,0,0,0,0,0,0,0,,,,,
Jalen Reagor,WR,NE,9,WAS,0,0,0,0,0,0,0,0,1,11,0,6,0,0,0,0,0,0,0,0,0,0,,,,,
Jalen Tolbert,WR,DAL,9,PHI,0,0,0,0,0,0,0,0,3,49,1,5,0,0,0,0,0,0,0,0,0,0,,,,,
Jalin Hyatt,WR,NYG,9,LV,0,0,0,0,0,0,0,0,2,19,0,5,0,0,0,0,0,0,0,0,0,0,,,,,
Jamaal Williams,RB,NO,9,CHI,0,0,0,0,0,6,0,3,2,6,0,3,0,0,0,0,0,0,0,0,0,0,,,,,
James Cook,RB,BUF,9,CIN,0,0,0,0,0,20,0,6,4,19,0,4,0,0,0,0,0,0,0,0,0,0,,,,,
James Proche,WR,CLE,9,ARI,0,0,0,0,0,0,0,0,0,0,0,0,0,0,0,0,0,0,0,0,0,0,,,,,
Jamison Crowder,WR,WAS,9,NE,0,0,0,0,0,0,0,0,4,23,0,6,0,0,0,0,0,0,0,0,0,0,,,,,
Jaren Hall,QB,MIN,9,ATL,78,0,6,5,0,11,0,2,0,0,0,0,0,0,0,0,0,0,0,0,0,0,,,,,
Jason Myers,K,SEA,9,BAL,0,0,0,0,0,0,0,0,0,0,0,0,0,0,0,0,0,1,0,0,0,0,,,,,
Jason Sanders,K,MIA,9,KC,0,0,0,0,0,0,0,0,0,0,0,0,0,0,0,0,0,0,0,0,0,2,,,,,
Jaxon Smith-Njigba,WR,SEA,9,BAL,0,0,0,0,0,0,0,0,6,63,0,7,0,0,0,0,0,0,0,0,0,0,,,,,
Jayden Reed,WR,GB,9,LA,0,0,0,0,0,21,0,1,3,19,0,3,0,0,0,0,0,0,0,0,0,0,,,,,
Jaylen Waddle,WR,MIA,9,KC,0,0,0,0,0,12,0,1,3,42,0,6,0,0,0,0,0,0,0,0,0,0,,,,,
Jaylen Warren,RB,PIT,9,TEN,0,0,0,0,0,88,0,11,3,25,0,3,0,0,0,0,0,0,0,0,0,0,,,,,
Jeff Wilson,RB,MIA,9,KC,0,0,0,0,0,6,0,2,3,32,0,4,0,0,0,0,0,0,0,0,0,0,,,,,
Jeremy Ruckert,TE,NYJ,9,LAC,0,0,0,0,0,0,0,0,1,7,0,1,0,0,0,0,0,0,0,0,0,0,,,,,
Jerick McKinnon,RB,KC,9,MIA,0,0,0,0,0,2,0,1,2,22,1,2,0,0,0,0,0,0,0,0,0,0,,,,,
Jerome Ford,RB,CLE,9,ARI,0,0,0,0,0,44,0,20,5,33,0,7,0,0,0,0,0,0,0,0,0,0,,,,,
Jesper Horsted,TE,LV,9,NYG,0,0,0,0,0,0,0,0,0,0,0,0,0,0,0,0,0,0,0,0,0,0,,,,,
Joe Burrow,QB,CIN,9,BUF,348,2,44,31,0,4,0,5,0,0,0,0,0,0,0,0,0,0,0,0,0,0,,,,,
Joe Mixon,RB,CIN,9,BUF,0,0,0,0,0,37,1,14,5,31,0,6,0,0,0,0,0,0,0,0,0,0,,,,,
Joey Slye,K,WAS,9,NE,0,0,0,0,0,0,0,0,0,0,0,0,0,0,0,0,0,2,0,0,0,2,,,,,
John Bates,TE,WAS,9,NE,0,0,0,0,0,0,0,0,1,-5,0,2,0,0,0,0,0,0,0,0,0,0,,,,,
John Metchie III,WR,HOU,9,TB,0,0,0,0,0,0,0,0,1,14,0,1,0,0,0,0,0,0,0,0,0,0,,,,,
Johnny Mundt,TE,MIN,9,ATL,0,0,0,0,0,0,0,0,1,18,0,1,0,0,0,0,0,0,0,0,0,0,,,,,
Jonathan Mingo,WR,CAR,9,IND,0,0,0,0,0,0,0,0,1,5,0,4,0,0,0,0,0,0,0,0,0,0,,,,,
Jonathan Taylor,RB,IND,9,CAR,0,0,0,0,0,47,0,18,5,22,1,5,0,0,0,0,0,0,0,0,0,0,,,,,
Jonnu Smith,TE,ATL,9,MIN,0,0,0,0,0,0,0,1,5,100,1,6,0,0,0,0,0,0,0,0,0,0,,,,,
Jordan Addison,WR,MIN,9,ATL,0,0,0,0,0,0,0,0,5,52,0,7,0,0,0,0,0,0,0,0,0,0,,,,,
Jordan Akins,TE,CLE,9,ARI,0,0,0,0,0,0,0,0,1,11,0,3,0,0,0,0,0,0,0,0,0,0,,,,,
Jordan Love,QB,GB,9,LA,228,1,26,20,0,7,0,4,0,0,0,0,0,0,0,0,0,0,0,0,0,0,,,,,
Josh Allen,QB,BUF,9,CIN,258,1,38,26,1,44,1,8,0,0,0,0,0,0,1,0,0,0,0,0,0,0,,,,,
Josh Downs,WR,IND,9,CAR,0,0,0,0,0,0,0,0,1,10,0,1,0,0,0,0,0,0,0,0,0,0,,,,,
Josh Jacobs,RB,LV,9,NYG,0,0,0,0,0,98,2,26,0,0,0,0,0,0,0,0,0,0,0,0,0,0,,,,,
Josh Oliver,TE,MIN,9,ATL,0,0,0,0,0,0,0,0,2,1,0,2,0,0,0,0,0,0,0,0,0,0,,,,,
Josh Whyle,TE,TEN,9,PIT,0,0,0,0,0,0,0,0,0,0,0,1,0,0,0,0,0,0,0,0,0,0,,,,,
Joshua Dobbs,QB,MIN,9,ATL,158,2,30,20,0,66,1,7,0,0,0,0,0,0,1,0,0,0,0,0,0,0,,,,,
Joshua Kelley,RB,LAC,9,NYJ,0,0,0,0,0,18,0,3,1,4,0,1,0,0,0,0,0,0,0,0,0,0,,,,,
Josiah Deguara,TE,GB,9,LA,0,0,0,0,0,0,0,0,1,7,0,1,0,0,0,0,0,0,0,0,0,0,,,,,
JuJu Smith-Schuster,WR,NE,9,WAS,0,0,0,0,0,0,0,0,6,51,0,7,0,0,0,0,0,0,0,0,0,0,,,,,
Justice Hill,RB,BAL,9,SEA,0,0,0,0,0,40,0,13,0,0,0,1,0,0,0,0,0,0,0,0,0,0,,,,,
Justin Herbert,QB,LAC,9,NYJ,136,0,30,16,0,17,0,3,0,0,0,0,0,0,0,0,0,0,0,0,0,0,,,,,
Justin Tucker,K,BAL,9,SEA,0,0,0,0,0,0,0,0,0,0,0,0,0,0,0,0,0,2,1,0,0,4,,,,,
Justin Watson,WR,KC,9,MIA,0,0,0,0,0,0,0,0,2,15,0,5,0,0,0,0,0,0,0,0,0,0,,,,,
Juwan Johnson,TE,NO,9,CHI,0,0,0,0,0,0,0,0,5,29,1,5,0,0,0,0,0,0,0,0,0,0,,,,,
K.J. Osborn,WR,MIN,9,ATL,0,0,0,0,0,0,0,0,2,17,0,2,0,0,0,0,0,0,0,0,0,0,,,,,
KC,DEF,KC,9,MIA,,,,,,,,,,,,,,,,,,,,,,,0,0,0,0,14.0
Ka'imi Fairbairn,K,HOU,9,TB,0,0,0,0,0,0,0,0,0,0,0,0,0,0,0,0,0,0,0,1,0,1,,,,,
KaVontae Turpin,WR,DAL,9,PHI,0,0,0,0,0,0,0,1,1,5,1,1,0,0,0,0,0,0,0,0,0,0,,,,,
Kadarius Toney,WR,KC,9,MIA,0,0,0,0,0,0,0,0,1,18,0,1,0,0,0,0,0,0,0,0,0,0,,,,,
Kareem Hunt,RB,CLE,9,ARI,0,0,0,0,0,38,1,14,0,0,0,1,0,0,0,0,0,0,0,0,0,0,,,,,
Ke'Shawn Vaughn,RB,TB,9,HOU,0,0,0,0,0,9,0,4,1,-1,0,1,0,0,0,0,0,0,0,0,0,0,,,,,
Keaontay Ingram,RB,ARI,9,CLE,0,0,0,0,0,8,0,9,0,0,0,0,0,0,0,0,0,0,0,0,0,0,,,,,
Keaton Mitchell,RB,BAL,9,SEA,0,0,0,0,0,138,1,9,1,-4,0,1,0,0,0,0,0,0,0,0,0,0,,,,,
Keenan Allen,WR,LAC,9,NYJ,0,0,0,0,0,0,0,0,8,77,0,9,0,0,0,0,0,0,0,0,0,0,,,,,
Kendre Miller,RB,NO,9,CHI,0,0,0,0,0,0,0,1,1,31,0,1,0,0,0,0,0,0,0,0,0,0,,,,,
Kenneth Walker III,RB,SEA,9,BAL,0,0,0,0,0,16,0,9,1,1,0,2,0,0,0,0,0,0,0,0,0,0,,,,,
Kenny Gainwell,RB,PHI,9,DAL,0,0,0,0,0,22,1,3,1,1,0,1,0,0,0,0,0,0,0,0,0,0,,,,,
Kenny Pickett,QB,PIT,9,TEN,160,1,30,19,0,-1,0,1,0,0,0,0,0,0,0,0,0,0,0,0,0,0,,,,,
Kevin Rader,TE,TEN,9,PIT,0,0,0,0,0,0,0,0,0,0,0,0,0,0,0,0,0,0,0,0,0,0,,,,,
KhaDarel Hodge,WR,ATL,9,MIN,0,0,0,0,0,0,0,0,3,60,0,6,0,0,0,0,0,0,0,0,0,0,,,,,
Khalil Shakir,WR,BUF,9,CIN,0,0,0,0,0,0,0,0,4,57,0,4,0,0,0,0,0,0,0,0,0,0,,,,,
Kyle Philips,WR,TEN,9,PIT,0,0,0,0,0,0,0,0,4,68,0,5,0,0,0,0,0,0,0,0,0,0,,,,,
Kyle Pitts,TE,ATL,9,MIN,0,0,0,0,0,0,0,0,4,56,0,5,0,0,0,0,0,0,0,0,0,0,,,,,
Kylen Granson,TE,IND,9,CAR,0,0,0,0,0,0,0,0,0,0,0,2,0,0,0,0,0,0,0,0,0,0,,,,,
LA,DEF,LA,9,GB,,,,,,,,,,,,,,,,,,,,,,,0,0,0,0,20.0
LAC,DEF,LAC,9,NYJ,,,,,,,,,,,,,,,,,,,,,,,0,0,0,0,6.0
LV,DEF,LV,9,NYG,,,,,,,,,,,,,,,,,,,,,,,0,0,0,0,6.0
La'Mical Perine,RB,KC,9,MIA,0,0,0,0,0,1,0,1,0,0,0,1,0,0,0,0,0,0,0,0,0,0,,,,,
Lamar Jackson,QB,BAL,9,SEA,187,0,26,21,0,60,0,10,0,0,0,0,0,0,0,0,0,0,0,0,0,0,,,,,
Latavius Murray,RB,BUF,9,CIN,0,0,0,0,0,4,0,2,1,6,0,1,0,0,0,0,0,0,0,0,0,0,,,,,
Lawrence Cager,TE,NYG,9,LV,0,0,0,0,0,0,0,0,0,0,0,0,0,0,0,0,0,0,0,0,0,0,,,,,
Logan Thomas,TE,WAS,9,NE,0,0,0,0,0,0,0,0,4,31,0,5,0,0,0,0,0,0,0,0,0,0,,,,,
Lucas Havrisik,K,LA,9,GB,0,0,0,0,0,0,0,0,0,0,0,0,0,0,0,0,0,0,0,1,0,0,,,,,
Luke Musgrave,TE,GB,9,LA,0,0,0,0,0,0,0,0,3,51,1,4,0,0,0,0,0,0,0,0,0,0,,,,,
Luke Schoonmaker,TE,DAL,9,PHI,0,0,0,0,0,0,0,0,1,0,0,1,0,0,0,0,0,0,0,0,0,0,,,,,
MIA,DEF,MIA,9,KC,,,,,,,,,,,,,,,,,,,,,,,0,0,0,0,21.0
MIN,DEF,MIN,9,ATL,,,,,,,,,,,,,,,,,,,,,,,0,0,0,0,28.0
Mac Jones,QB,NE,9,WAS,220,1,44,24,1,3,0,3,0,0,0,0,0,0,0,0,0,0,0,0,0,0,,,,,
Mack Hollins,WR,ATL,9,MIN,0,0,0,0,0,0,0,0,3,36,0,3,0,0,0,0,0,0,0,0,0,0,,,,,
Malik Heath,WR,GB,9,LA,0,0,0,0,0,0,0,0,0,0,0,1,0,0,0,0,0,0,0,0,0,0,,,,,
Malik Taylor,WR,NYJ,9,LAC,0,0,0,0,0,0,0,0,1,7,0,2,0,0,0,0,0,0,0,0,0,0,,,,,
Mark Andrews,TE,BAL,9,SEA,0,0,0,0,0,0,0,0,9,80,0,10,0,0,0,0,0,0,0,0,0,0,,,,,
Marquez Valdes-Scantling,WR,KC,9,MIA,0,0,0,0,0,0,0,0,2,22,0,3,0,0,0,0,0,0,0,0,0,0,,,,,
Marquise Brown,WR,ARI,9,CLE,0,0,0,0,0,0,0,0,4,24,0,8,0,0,0,0,0,0,0,0,0,0,,,,,
Marquise Goodwin,WR,CLE,9,ARI,0,0,0,0,0,0,0,0,0,0,0,2,0,0,0,0,0,0,0,0,0,0,,,,,
Matt Breida,RB,NYG,9,LV,0,0,0,0,0,5,0,2,1,6,0,2,0,0,0,0,0,0,0,0,0,0,,,,,
Matt Gay,K,IND,9,CAR,0,0,0,0,0,0,0,0,0,0,0,0,0,0,0,0,1,0,0,1,0,3,,,,,
Matt Prater,K,ARI,9,CLE,0,0,0,0,0,0,0,0,0,0,0,0,0,0,0,0,0,0,0,0,0,0,,,,,
Mecole Hardman,WR,KC,9,MIA,0,0,0,0,0,0,0,0,3,10,0,3,0,0,0,0,0,0,0,0,0,0,,,,,
Michael Carter,RB,NYJ,9,LAC,0,0,0,0,0,0,0,0,6,24,0,6,0,0,0,0,0,0,0,0,0,0,,,,,
Michael Gallup,WR,DAL,9,PHI,0,0,0,0,0,0,0,0,2,19,0,3,0,0,0,0,0,0,0,0,0,0,,,,,
Michael Mayer,TE,LV,9,NYG,0,0,0,0,0,0,0,0,2,11,0,2,0,0,0,0,0,0,0,0,0,0,,,,,
Michael Pittman,WR,IND,9,CAR,0,0,0,0,0,0,0,0,8,64,0,8,0,0,0,0,0,0,0,0,0,0,,,,,
Michael Thomas,WR,NO,9,CHI,0,0,0,0,0,0,0,0,0,0,0,1,0,0,0,0,0,0,0,0,0,0,,,,,
Mike Boone,RB,HOU,9,TB,0,0,0,0,0,3,0,1,0,0,0,0,0,0,0,0,0,0,0,0,0,0,,,,,
Mike Evans,WR,TB,9,HOU,0,0,0,0,0,0,0,0,4,87,0,5,0,0,0,0,0,0,0,0,0,0,,,,,
Mike Gesicki,TE,NE,9,WAS,0,0,0,0,0,0,0,0,0,0,0,2,0,0,0,0,0,0,0,0,0,0,,,,,
Miles Boykin,WR,PIT,9,TEN,0,0,0,0,0,0,0,0,1,6,0,1,0,0,0,0,0,0,0,0,0,0,,,,,
Miles Sanders,RB,CAR,9,IND,0,0,0,0,0,39,0,6,3,22,0,5,0,0,0,0,0,0,0,0,0,0,,,,,
Mo Alie-Cox,TE,IND,9,CAR,0,0,0,0,0,0,0,0,0,0,0,0,0,0,0,0,0,0,0,0,0,0,,,,,
NE,DEF,NE,9,WAS,,,,,,,,,,,,,,,,,,,,,,,0,0,0,0,20.0
NO,DEF,NO,9,CHI,,,,,,,,,,,,,,,,,,,,,,,0,0,0,0,17.0
NYG,DEF,NYG,9,LV,,,,,,,,,,,,,,,,,,,,,,,0,0,0,0,30.0
NYJ,DEF,NYJ,9,LAC,,,,,,,,,,,,,,,,,,,,,,,0,0,0,0,27.0
Najee Harris,RB,PIT,9,TEN,0,0,0,0,0,69,1,16,2,7,0,4,0,0,0,0,0,0,0,0,0,0,,,,,
Nelson Agholor,WR,BAL,9,SEA,0,0,0,0,0,0,0,0,1,2,0,1,0,0,0,0,0,0,0,0,0,0,,,,,
Nick Bawden,RB,NYJ,9,LAC,0,0,0,0,0,0,0,0,1,7,0,1,0,0,0,0,0,0,0,0,0,0,,,,,
Nick Folk,K,TEN,9,PIT,0,0,0,0,0,0,0,0,0,0,0,0,0,0,0,0,0,2,1,0,0,1,,,,,
Nick Westbrook-Ikhine,WR,TEN,9,PIT,0,0,0,0,0,0,0,0,1,23,0,1,0,0,0,0,0,0,0,0,0,0,,,,,
Nico Collins,WR,HOU,9,TB,0,0,0,0,0,0,0,0,3,54,1,5,0,0,0,0,0,0,0,0,0,0,,,,,
Noah Brown,WR,HOU,9,TB,0,0,0,0,0,0,0,0,6,153,1,6,0,0,0,0,0,0,0,0,0,0,,,,,
Noah Fant,TE,SEA,9,BAL,0,0,0,0,0,0,0,0,0,0,0,1,0,0,0,0,0,0,0,0,0,0,,,,,
Noah Gray,TE,KC,9,MIA,0,0,0,0,0,0,0,0,3,34,0,3,0,0,0,0,0,0,0,0,0,0,,,,,
Odell Beckham Jr.,WR,BAL,9,SEA,0,0,0,0,0,0,0,0,5,56,1,7,0,0,0,0,0,0,0,0,0,0,,,,,
Olamide Zaccheaus,WR,PHI,9,DAL,0,0,0,0,0,0,0,0,1,8,0,2,0,0,0,0,0,0,0,0,0,0,,,,,
PHI,DEF,PHI,9,DAL,,,,,,,,,,,,,,,,,,,,,,,0,0,0,0,23.0
PIT,DEF,PIT,9,TEN,,,,,,,,,,,,,,,,,,,,,,,0,0,0,0,16.0
Parris Campbell,WR,NYG,9,LV,0,0,0,0,0,0,0,0,2,15,0,2,0,0,0,0,0,0,0,0,0,0,,,,,
Patrick Mahomes,QB,KC,9,MIA,185,2,30,20,0,24,0,6,0,0,0,0,0,0,0,0,0,0,0,0,0,0,,,,,
Pharaoh Brown,TE,NE,9,WAS,0,0,0,0,0,0,0,0,0,0,0,0,0,0,0,0,0,0,0,0,0,0,,,,,
Pierre Strong,RB,CLE,9,ARI,0,0,0,0,0,9,0,3,1,-7,0,1,0,0,0,0,0,0,0,0,0,0,,,,,
Puka Nacua,WR,LA,9,GB,0,0,0,0,0,0,0,0,3,32,0,7,0,0,0,0,0,0,0,0,0,0,,,,,
Quentin Johnston,WR,LAC,9,NYJ,0,0,0,0,0,2,0,1,2,14,0,3,0,0,0,0,0,0,0,0,0,0,,,,,
Rachaad White,RB,TB,9,HOU,0,0,0,0,0,73,2,20,4,46,0,4,0,0,0,0,0,0,0,0,0,0,,,,,
Raheem Blackshear,RB,CAR,9,IND,0,0,0,0,0,0,0,1,1,5,0,1,0,0,0,0,0,0,0,0,0,0,,,,,
Raheem Mostert,RB,MIA,9,KC,0,0,0,0,0,85,1,12,0,0,0,1,0,0,0,0,0,0,0,0,0,0,,,,,
Rakim Jarrett,WR,TB,9,HOU,0,0,0,0,0,0,0,0,0,0,0,0,0,0,0,0,0,0,0,0,0,0,,,,,
Randy Bullock,K,NYG,9,LV,0,0,0,0,0,0,0,0,0,0,0,0,0,0,0,0,0,0,0,0,0,0,,,,,
Rashaad Penny,RB,PHI,9,DAL,0,0,0,0,0,8,0,2,0,0,0,0,0,0,0,0,0,0,0,0,0,0,,,,,
Rashee Rice,WR,KC,9,MIA,0,0,0,0,0,0,0,0,2,17,1,2,0,0,0,0,0,0,0,0,0,0,,,,,
Rashid Shaheed,WR,NO,9,CHI,0,0,0,0,0,0,0,0,3,22,0,3,0,0,0,0,0,0,0,0,0,0,,,,,
Rashod Bateman,WR,BAL,9,SEA,0,0,0,0,0,0,0,0,3,28,0,5,0,0,0,0,0,0,0,0,0,0,,,,,
Rhamondre Stevenson,RB,NE,9,WAS,0,0,0,0,0,87,1,9,4,42,0,6,0,0,0,0,0,0,0,0,0,0,,,,,
Rico Dowdle,RB,DAL,9,PHI,0,0,0,0,0,8,0,2,0,0,0,0,0,0,0,0,0,0,0,0,0,0,,,,,
Robert Tonyan,TE,CHI,9,NO,0,0,0,0,0,0,0,0,1,11,0,1,0,0,0,0,0,0,0,0,0,0,,,,,
Romeo Doubs,WR,GB,9,LA,0,0,0,0,0,0,0,0,3,36,0,3,0,0,0,0,0,0,0,0,0,0,,,,,
Rondale Moore,WR,ARI,9,CLE,0,0,0,0,0,3,0,4,1,5,0,2,0,0,0,0,0,0,0,0,0,0,,,,,
Roschon Johnson,RB,CHI,9,NO,0,0,0,0,0,6,0,2,1,9,0,1,0,0,0,0,0,0,0,0,0,0,,,,,
Royce Freeman,RB,LA,9,GB,0,0,0,0,0,32,0,12,0,0,0,1,0,0,0,0,0,0,0,0,0,0,,,,,
SEA,DEF,SEA,9,BAL,,,,,,,,,,,,,,,,,,,,,,,0,0,0,0,37.0
Salvon Ahmed,RB,MIA,9,KC,0,0,0,0,0,4,0,3,2,8,0,3,0,0,0,0,0,0,0,0,0,0,,,,,
Sam Howell,QB,WAS,9,NE,325,1,45,29,1,27,0,5,0,0,0,0,0,0,0,0,0,0,0,0,0,0,,,,,
Saquon Barkley,RB,NYG,9,LV,0,0,0,0,0,90,0,16,3,23,0,4,0,0,0,0,0,0,0,0,0,0,,,,,
Sean McKeon,TE,DAL,9,PHI,0,0,0,0,0,0,0,0,0,0,0,0,0,0,0,0,0,0,0,0,0,0,,,,,
Skyy Moore,WR,KC,9,MIA,0,0,0,0,0,0,0,0,2,33,0,3,0,0,0,0,0,0,0,0,0,0,,,,,
Stanley Morgan,WR,CIN,9,BUF,0,0,0,0,0,0,0,0,0,0,0,0,0,0,0,0,0,0,0,0,0,0,,,,,
Stefon Diggs,WR,BUF,9,CIN,0,0,0,0,0,0,0,0,6,86,1,7,0,0,1,0,0,0,0,0,0,0,,,,,
Stephen Sullivan,TE,CAR,9,IND,0,0,0,0,0,0,0,0,4,28,0,5,0,0,0,0,0,0,0,0,0,0,,,,,
Stone Smartt,TE,LAC,9,NYJ,0,0,0,0,0,0,0,0,0,0,0,1,0,0,0,0,0,0,0,0,0,0,,,,,
T.J. Hockenson,TE,MIN,9,ATL,0,0,0,0,0,0,0,0,7,69,0,12,0,0,0,0,0,0,0,0,0,0,,,,,
TB,DEF,TB,9,HOU,,,,,,,,,,,,,,,,,,,,,,,0,0,0,0,39.0
TEN,DEF,TEN,9,PIT,,,,,,,,,,,,,,,,,,,,,,,0,0,0,0,20.0
Tank Dell,WR,HOU,9,TB,0,0,0,0,0,2,0,2,6,114,2,11,0,0,0,0,0,0,0,0,0,0,,,,,
Tanner Hudson,TE,CIN,9,BUF,0,0,0,0,0,0,0,0,4,45,0,5,0,0,0,0,0,0,0,0,0,0,,,,,
Taylor Heinicke,QB,ATL,9,MIN,268,1,38,21,1,20,0,3,0,0,0,0,0,0,0,0,0,0,0,0,0,0,,,,,
Taysom Hill,TE,NO,9,CHI,3,1,1,1,0,52,0,11,4,13,1,5,0,0,0,0,0,0,0,0,0,0,,,,,
Tee Higgins,WR,CIN,9,BUF,0,0,0,0,0,0,0,0,8,110,0,9,0,0,0,0,0,0,0,0,0,0,,,,,
Terrace Marshall Jr.,WR,CAR,9,IND,0,0,0,0,0,0,0,0,0,0,0,1,0,0,0,0,0,0,0,0,0,0,,,,,
Terry McLaurin,WR,WAS,9,NE,0,0,0,0,0,0,0,0,5,73,0,8,0,0,0,0,0,0,0,0,0,0,,,,,
Tommy DeVito,QB,NYG,9,LV,175,1,20,15,2,17,0,4,0,0,0,0,0,0,0,0,0,0,0,0,0,0,,,,,
Tommy Tremble,TE,CAR,9,IND,0,0,0,0,0,0,0,0,2,12,0,2,0,0,0,0,0,0,0,0,0,0,,,,,
Tony Jones,RB,ARI,9,CLE,0,0,0,0,0,2,0,3,2,5,0,3,0,0,0,0,0,0,0,0,0,0,,,,,
Tony Pollard,RB,DAL,9,PHI,0,0,0,0,0,51,0,12,3,12,0,5,0,0,0,0,0,0,0,0,0,0,,,,,
Travis Kelce,TE,KC,9,MIA,0,0,0,0,0,0,0,0,3,14,0,4,0,0,0,0,0,0,0,0,0,0,,,,,
Trayveon Williams,RB,CIN,9,BUF,0,0,0,0,0,13,0,3,0,0,0,0,0,0,0,0,0,0,0,0,0,0,,,,,
Tre Tucker,WR,LV,9,NYG,0,0,0,0,0,4,0,1,2,52,0,3,0,0,0,0,0,0,0,0,0,0,,,,,
Trent Sherfield,WR,BUF,9,CIN,0,0,0,0,0,0,0,0,1,9,0,2,0,0,0,0,0,0,0,0,0,0,,,,,
Trent Taylor,WR,CHI,9,NO,0,0,0,0,0,0,0,0,0,0,0,0,0,0,0,0,0,0,0,0,0,0,,,,,
Trenton Irwin,WR,CIN,9,BUF,0,0,0,0,0,0,0,0,0,0,0,0,0,0,0,0,0,0,0,0,0,0,,,,,
Trevon Wesco,TE,TEN,9,PIT,0,0,0,0,0,0,0,0,0,0,0,0,0,0,0,0,0,0,0,0,0,0,,,,,
Trey McBride,TE,ARI,9,CLE,0,0,0,0,0,0,0,0,3,22,0,5,0,0,0,0,0,0,0,0,0,0,,,,,
Trey Palmer,WR,TB,9,HOU,0,0,0,0,0,0,0,0,3,51,0,4,0,0,0,0,0,0,0,0,0,0,,,,,
Treylon Burks,WR,TEN,9,PIT,0,0,0,0,0,5,0,1,2,23,0,3,0,0,0,0,0,0,0,0,0,0,,,,,
Trishton Jackson,WR,MIN,9,ATL,0,0,0,0,0,0,0,0,1,2,0,3,0,0,1,0,0,0,0,0,0,0,,,,,
Tua Tagovailoa,QB,MIA,9,KC,193,1,34,21,0,7,0,2,0,0,0,0,0,0,0,0,0,0,0,0,0,0,,,,,
Tucker Kraft,TE,GB,9,LA,0,0,0,0,0,0,0,0,0,0,0,0,0,0,0,0,0,0,0,0,0,0,,,,,
Tutu Atwell,WR,LA,9,GB,0,0,0,0,0,0,0,0,4,13,0,7,0,0,0,0,0,0,0,0,0,0,,,,,
Ty Johnson,RB,BUF,9,CIN,0,0,0,0,0,0,0,0,0,0,0,0,0,0,0,0,0,0,0,0,0,0,,,,,
Ty Montgomery,WR,NE,9,WAS,0,0,0,0,0,0,0,0,0,0,0,0,0,0,0,0,0,0,0,0,0,0,,,,,
Tyjae Spears,RB,TEN,9,PIT,0,0,0,0,0,18,0,5,4,4,0,6,0,0,0,0,0,0,0,0,0,0,,,,,
Tylan Wallace,WR,BAL,9,SEA,0,0,0,0,0,0,0,0,0,0,0,0,0,0,0,0,0,0,0,0,0,0,,,,,
Tyler Allgeier,RB,ATL,9,MIN,0,0,0,0,0,39,1,12,2,-9,0,3,0,0,0,0,0,0,0,0,0,0,,,,,
Tyler Bass,K,BUF,9,CIN,0,0,0,0,0,0,0,0,0,0,0,0,0,0,0,0,0,1,0,0,0,1,,,,,
Tyler Boyd,WR,CIN,9,BUF,0,0,0,0,0,0,0,0,3,56,0,5,0,0,0,0,0,0,0,0,0,0,,,,,
Tyler Conklin,TE,NYJ,9,LAC,0,0,0,0,0,0,0,0,6,66,0,6,0,0,0,0,0,0,0,0,0,0,,,,,
Tyler Higbee,TE,LA,9,GB,0,0,0,0,0,0,0,0,0,0,0,1,0,0,0,0,0,0,0,0,0,0,,,,,
Tyler Huntley,QB,BAL,9,SEA,38,1,7,5,0,8,0,4,0,0,0,0,0,0,0,0,0,0,0,0,0,0,,,,,
Tyler Lockett,WR,SEA,9,BAL,0,0,0,0,0,0,0,0,3,32,0,8,0,0,0,0,0,0,0,0,0,0,,,,,
Tyler Scott,WR,CHI,9,NO,0,0,0,0,0,-5,0,1,0,0,0,2,0,0,0,0,0,0,0,0,0,0,,,,,
Tyquan Thornton,WR,NE,9,WAS,0,0,0,0,0,0,0,0,1,7,0,4,0,0,0,0,0,0,0,0,0,0,,,,,
Tyreek Hill,WR,MIA,9,KC,0,0,0,0,0,3,0,1,8,62,0,10,0,0,0,0,0,0,0,0,0,0,,,,,
Tyson Bagent,QB,CHI,9,NO,220,2,30,18,3,70,0,8,0,0,0,0,0,0,0,0,0,0,0,0,0,0,,,,,
Van Jefferson,WR,ATL,9,MIN,0,0,0,0,0,0,0,0,1,14,0,4,0,0,0,0,0,0,0,0,0,0,,,,,
Velus Jones Jr.,WR,CHI,9,NO,0,0,0,0,0,0,0,0,0,0,0,1,0,0,0,0,0,0,0,0,0,0,,,,,
WAS,DEF,WAS,9,NE,,,,,,,,,,,,,,,,,,,,,,,0,0,0,0,17.0
Wan'Dale Robinson,WR,NYG,9,LV,0,0,0,0,0,0,0,0,4,35,1,5,0,0,0,0,0,0,0,0,0,0,,,,,
Will Dissly,TE,SEA,9,BAL,0,0,0,0,0,0,0,0,0,0,0,1,0,0,0,0,0,0,0,0,0,0,,,,,
Will Levis,QB,TEN,9,PIT,262,0,39,22,1,2,0,1,0,0,0,0,0,0,0,0,0,0,0,0,0,0,,,,,
Xavier Gipson,WR,NYJ,9,LAC,0,0,0,0,0,0,0,0,2,32,0,2,0,0,0,0,0,0,0,0,0,0,,,,,
Xavier Hutchinson,WR,HOU,9,TB,0,0,0,0,0,12,0,1,0,0,0,0,0,0,0,0,0,0,0,0,0,0,,,,,
Younghoe Koo,K,ATL,9,MIN,0,0,0,0,0,0,0,0,0,0,0,0,0,0,0,0,1,0,1,2,0,2,,,,,
Zach Charbonnet,RB,SEA,9,BAL,0,0,0,0,0,8,0,4,1,5,0,1,0,0,0,0,0,0,0,0,0,0,,,,,
Zach Pascal,WR,ARI,9,CLE,0,0,0,0,0,0,0,0,0,0,0,1,0,0,0,0,0,0,0,0,0,0,,,,,
Zach Wilson,QB,NYJ,9,LAC,263,0,49,33,0,7,0,2,0,0,0,0,0,0,0,0,0,0,0,0,0,0,,,,,
Zack Moss,RB,IND,9,CAR,0,0,0,0,0,26,0,7,0,0,0,0,0,0,0,0,0,0,0,0,0,0,,,,,
Zamir White,RB,LV,9,NYG,0,0,0,0,0,-2,0,4,0,0,0,0,0,0,0,0,0,0,0,0,0,0,,,,,
Zay Flowers,WR,BAL,9,SEA,0,0,0,0,0,0,0,0,1,11,0,1,0,0,0,0,0,0,0,0,0,0,,,,,
A.T. Perry,WR,NO,10,MIN,0,0,0,0,0,0,0,0,2,38,1,4,0,0,0,0,0,0,0,0,0,0,,,,,
AJ Dillon,RB,GB,10,PIT,0,0,0,0,0,70,0,9,1,11,0,3,0,0,0,0,0,0,0,0,0,0,,,,,
ARI,DEF,ARI,10,ATL,,,,,,,,,,,,,,,,,,,,,,,0,0,0,0,23.0
ATL,DEF,ATL,10,ARI,,,,,,,,,,,,,,,,,,,,,,,0,0,0,0,25.0
Aaron Jones,RB,GB,10,PIT,0,0,0,0,0,35,0,13,4,19,0,6,0,0,0,0,0,0,0,0,0,0,,,,,
Adam Thielen,WR,CAR,10,CHI,0,0,0,0,0,0,0,0,6,42,0,10,0,0,0,0,0,0,0,0,0,0,,,,,
Adam Trautman,TE,DEN,10,BUF,0,0,0,0,0,0,0,0,2,15,0,2,0,0,0,0,0,0,0,0,0,0,,,,,
Aidan O'Connell,QB,LV,10,NYJ,153,1,27,16,1,3,0,2,0,0,0,0,0,0,0,0,0,0,0,0,0,0,,,,,
Alec Pierce,WR,IND,10,NE,0,0,0,0,0,0,0,0,1,21,0,1,0,0,0,0,0,0,0,0,0,0,,,,,
Alex Armah,RB,WAS,10,SEA,0,0,0,0,0,0,0,0,1,3,0,1,0,0,0,0,0,0,0,0,0,0,,,,,
Alexander Mattison,RB,MIN,10,NO,0,0,0,0,0,27,0,8,1,6,0,2,0,0,0,0,0,0,0,0,0,0,,,,,
Allen Lazard,WR,NYJ,10,LV,0,0,0,0,0,0,0,0,1,17,0,5,0,0,0,0,0,0,0,0,0,0,,,,,
Alvin Kamara,RB,NO,10,MIN,0,0,0,0,0,42,0,9,7,33,0,7,0,0,2,0,0,0,0,0,0,0,,,,,
Amari Cooper,WR,CLE,10,BAL,0,0,0,0,0,0,0,0,6,98,0,9,0,0,0,0,0,0,0,0,0,0,,,,,
Ameer Abdullah,RB,LV,10,NYJ,0,0,0,0,0,0,0,0,1,4,0,1,0,0,0,0,0,0,0,0,0,0,,,,,
Amon-Ra St. Brown,WR,DET,10,LAC,0,0,0,0,0,9,0,2,8,156,1,9,0,0,0,0,0,0,0,0,0,0,,,,,
Anders Carlson,K,GB,10,PIT,0,0,0,0,0,0,0,0,0,0,0,0,0,0,0,0,1,1,0,0,0,1,,,,,
Andrei Iosivas,WR,CIN,10,HOU,0,0,0,0,0,0,0,0,0,0,0,1,0,0,0,0,0,0,0,0,0,0,,,,,
Anthony McFarland,RB,PIT,10,GB,0,0,0,0,0,0,0,0,0,0,0,0,0,0,0,0,0,0,0,0,0,0,,,,,
Antonio Gibson,RB,WAS,10,SEA,0,0,0,0,0,13,0,4,5,42,1,6,0,0,0,0,0,0,0,0,0,0,,,,,
Austin Ekeler,RB,LAC,10,DET,0,0,0,0,0,67,1,19,4,48,0,7,0,0,0,0,0,0,0,0,0,0,,,,,
Austin Hooper,TE,LV,10,NYJ,0,0,0,0,0,0,0,0,1,7,0,1,0,0,0,0,0,0,0,0,0,0,,,,,
BAL,DEF,BAL,10,CLE,,,,,,,,,,,,,,,,,,,,,,,1,0,0,0,33.0
BUF,DEF,BUF,10,DEN,,,,,,,,,,,,,,,,,,,,,,,0,0,0,0,24.0
Bailey Zappe,QB,NE,10,IND,25,0,7,3,1,0,0,0,0,0,0,0,0,0,0,0,0,0,0,0,0,0,,,,,
Baker Mayfield,QB,TB,10,TEN,278,2,29,18,1,12,0,3,0,0,0,0,0,0,0,0,0,0,0,0,0,0,,,,,
Bijan Robinson,RB,ATL,10,ARI,0,0,0,0,0,95,1,22,1,11,0,2,0,0,0,0,0,0,0,0,0,0,,,,,
Blake Grupe,K,NO,10,MIN,0,0,0,0,0,0,0,0,0,0,0,0,0,0,0,0,0,0,1,0,0,0,,,,,
Brady Russell,RB,SEA,10,WAS,0,0,0,0,0,0,0,0,0,0,0,0,0,0,0,0,0,0,0,0,0,0,,,,,
Brandin Cooks,WR,DAL,10,NYG,0,0,0,0,0,0,0,0,9,173,1,10,0,0,0,0,0,0,0,0,0,0,,,,,
Brandon Aiyuk,WR,SF,10,JAX,0,0,0,0,0,0,0,0,3,55,1,3,0,0,0,0,0,0,0,0,0,0,,,,,
Brandon Aubrey,K,DAL,10,NYG,0,0,0,0,0,0,0,0,0,0,0,0,0,0,0,0,0,0,0,0,0,7,,,,,
Brandon McManus,K,JAX,10,SF,0,0,0,0,0,0,0,0,0,0,0,0,0,0,0,0,0,1,0,0,0,0,,,,,
Brandon Powell,WR,MIN,10,NO,0,0,0,0,0,0,0,0,4,35,0,5,0,0,0,0,0,0,0,0,0,0,,,,,
Breece Hall,RB,NYJ,10,LV,0,0,0,0,0,28,0,13,3,47,0,3,0,0,0,0,0,0,0,0,0,0,,,,,
Brenton Strange,TE,JAX,10,SF,0,0,0,0,0,0,0,0,0,0,0,1,0,0,0,0,0,0,0,0,0,0,,,,,
Brian Robinson,RB,WAS,10,SEA,0,0,0,0,0,38,0,8,6,119,1,6,0,0,0,0,0,0,0,0,0,0,,,,,
Brock Purdy,QB,SF,10,JAX,296,3,26,19,0,0,0,0,0,0,0,0,0,0,0,0,0,0,0,0,0,0,,,,,
Brock Wright,TE,DET,10,LAC,0,0,0,0,0,0,0,0,2,23,1,3,0,0,0,0,0,0,0,0,0,0,,,,,
Bryce Young,QB,CAR,10,CHI,185,0,38,21,0,18,0,3,0,0,0,0,0,0,0,0,0,0,0,0,0,0,,,,,
Byron Pringle,WR,WAS,10,SEA,0,0,0,0,0,0,0,0,1,7,0,2,0,0,0,0,0,0,0,0,0,0,,,,,
C.J. Beathard,QB,JAX,10,SF,5,0,2,1,0,0,0,0,0,0,0,0,0,0,0,0,0,0,0,0,0,0,,,,,
C.J. Stroud,QB,HOU,10,CIN,356,1,39,23,1,8,1,2,0,0,0,0,0,0,0,0,0,0,0,0,0,0,,,,,
C.J. Uzomah,TE,NYJ,10,LV,0,0,0,0,0,0,0,0,1,6,0,1,0,0,0,0,0,0,0,0,0,0,,,,,
CAR,DEF,CAR,10,CHI,,,,,,,,,,,,,,,,,,,,,,,0,0,0,0,16.0
CHI,DEF,CHI,10,CAR,,,,,,,,,,,,,,,,,,,,,,,0,0,0,0,13.0
CIN,DEF,CIN,10,HOU,,,,,,,,,,,,,,,,,,,,,,,0,0,0,0,30.0
CLE,DEF,CLE,10,BAL,,,,,,,,,,,,,,,,,,,,,,,1,0,0,0,31.0
Cade Otton,TE,TB,10,TEN,0,0,0,0,0,0,0,0,2,10,0,3,0,0,0,0,0,0,0,0,0,0,,,,,
Cairo Santos,K,CHI,10,CAR,0,0,0,0,0,0,0,0,0,0,0,0,0,0,0,0,0,2,0,1,0,1,,,,,
Calvin Austin III,WR,PIT,10,GB,0,0,0,0,0,6,0,1,1,3,0,1,0,0,0,0,0,0,0,0,0,0,,,,,
Calvin Ridley,WR,JAX,10,SF,0,0,0,0,0,0,0,0,2,20,0,3,0,0,0,0,0,0,0,0,0,0,,,,,
Cameron Dicker,K,LAC,10,DET,0,0,0,0,0,0,0,0,0,0,0,0,0,0,0,0,0,0,1,0,0,5,,,,,
Cedric Tillman,WR,CLE,10,BAL,0,0,0,0,0,0,0,0,0,0,0,3,0,0,0,0,0,0,0,0,0,0,,,,,
CeeDee Lamb,WR,DAL,10,NYG,0,0,0,0,0,14,1,1,11,151,1,14,0,0,0,0,0,0,0,0,0,0,,,,,
Chad Ryland,K,NE,10,IND,0,0,0,0,0,0,0,0,0,0,0,0,0,0,0,0,1,1,0,0,0,0,,,,,
Chase Edmonds,RB,TB,10,TEN,0,0,0,0,0,9,0,4,1,-2,0,1,0,0,0,0,0,0,0,0,0,0,,,,,
Chase McLaughlin,K,TB,10,TEN,0,0,0,0,0,0,0,0,0,0,0,0,0,0,0,0,1,1,0,0,0,2,,,,,
Chig Okonkwo,TE,TEN,10,TB,0,0,0,0,0,0,0,0,3,27,0,6,0,0,0,0,0,0,0,0,0,0,,,,,
Chris Boswell,K,PIT,10,GB,0,0,0,0,0,0,0,0,0,0,0,0,0,0,0,0,0,1,2,0,0,2,,,,,
Chris Evans,RB,CIN,10,HOU,0,0,0,0,0,0,0,0,0,0,0,0,0,0,0,0,0,0,0,0,0,0,,,,,
Chris Godwin Jr.,WR,TB,10,TEN,0,0,0,0,0,0,0,0,4,54,0,6,0,0,0,0,0,0,0,0,0,0,,,,,
Chris Manhertz,TE,DEN,10,BUF,0,0,0,0,0,0,0,0,1,6,0,1,0,0,0,0,0,0,0,0,0,0,,,,,
Chris Moore,WR,TEN,10,TB,0,0,0,0,0,0,0,0,2,21,0,4,0,0,0,0,0,0,0,0,0,0,,,,,
Chris Olave,WR,NO,10,MIN,0,0,0,0,0,0,0,0,6,94,1,9,0,0,0,0,0,0,0,0,0,0,,,,,
Christian Kirk,WR,JAX,10,SF,0,0,1,0,0,0,0,0,6,104,0,11,0,0,0,0,0,0,0,0,0,0,,,,,
Christian McCaffrey,RB,SF,10,JAX,0,0,0,0,0,95,0,16,6,47,0,10,0,0,0,0,0,0,0,0,0,0,,,,,
Christian Watson,WR,GB,10,PIT,0,0,0,0,0,0,0,0,2,23,0,7,0,0,0,0,0,0,0,0,0,0,,,,,
Chuba Hubbard,RB,CAR,10,CHI,0,0,0,0,0,23,0,9,2,16,0,2,0,0,0,0,0,0,0,0,0,0,,,,,
Clayton Tune,QB,ARI,10,ATL,0,0,0,0,0,1,1,1,0,0,0,0,0,0,0,0,0,0,0,0,0,0,,,,,
Colby Parkinson,TE,SEA,10,WAS,0,0,0,0,0,0,0,0,1,3,0,1,0,0,0,0,0,0,0,0,0,0,,,,,
Cole Kmet,TE,CHI,10,CAR,0,0,0,0,0,1,0,1,5,45,0,7,0,0,0,0,0,0,0,0,0,0,,,,,
Cooper Rush,QB,DAL,10,NYG,68,0,9,7,1,5,0,2,0,0,0,0,0,0,0,0,0,0,0,0,0,0,,,,,
Cordarrelle Patterson,RB,ATL,10,ARI,0,0,0,0,0,13,0,3,2,7,0,2,0,0,0,0,0,0,0,0,0,0,,,,,
Courtland Sutton,WR,DEN,10,BUF,0,0,0,0,0,0,0,0,8,53,1,11,0,0,0,0,0,0,0,0,0,0,,,,,
Curtis Samuel,WR,WAS,10,SEA,0,0,0,0,0,0,0,0,2,6,0,6,0,0,0,0,0,0,0,0,0,0,,,,,
D'Ernest Johnson,RB,JAX,10,SF,0,0,0,0,0,12,0,3,2,28,0,2,0,0,0,0,0,0,0,0,0,0,,,,,
D'Onta Foreman,RB,CHI,10,CAR,0,0,0,0,0,80,1,21,2,12,0,2,0,0,0,0,0,0,0,0,0,0,,,,,
DAL,DEF,DAL,10,NYG,,,,,,,,,,,,,,,,,,,,,,,0,0,0,0,17.0
DEN,DEF,DEN,10,BUF,,,,,,,,,,,,,,,,,,,,,,,0,0,0,0,22.0
DET,DEF,DET,10,LAC,,,,,,,,,,,,,,,,,,,,,,,0,0,0,0,38.0
DJ Moore,WR,CHI,10,CAR,0,0,0,0,0,1,0,1,5,58,0,9,0,0,0,0,0,0,0,0,0,0,,,,,
DK Metcalf,WR,SEA,10,WAS,0,0,0,0,0,0,0,0,7,98,0,12,0,0,0,0,0,0,0,0,0,0,,,,,
Dak Prescott,QB,DAL,10,NYG,404,4,35,26,1,17,1,2,0,0,0,0,0,0,0,0,0,0,0,0,0,0,,,,,
Dalton Kincaid,TE,BUF,10,DEN,0,0,0,0,0,0,0,0,5,51,1,6,0,0,0,0,0,0,0,0,0,0,,,,,
Dalton Schultz,TE,HOU,10,CIN,0,0,0,0,0,0,0,0,4,71,0,6,0,0,0,0,0,0,0,0,0,0,,,,,
Dalvin Cook,RB,NYJ,10,LV,0,0,0,0,0,26,0,4,0,0,0,1,0,0,0,0,0,0,0,0,0,0,,,,,
Daniel Bellinger,TE,NYG,10,DAL,0,0,0,0,0,0,0,0,2,34,0,3,0,0,0,0,0,0,0,0,0,0,,,,,
Daniel Carlson,K,LV,10,NYJ,0,0,0,0,0,0,0,0,0,0,0,0,0,0,0,0,0,0,2,1,0,1,,,,,
Dare Ogunbowale,RB,HOU,10,CIN,0,0,0,0,0,0,0,0,0,0,0,0,0,0,0,0,0,0,0,0,0,0,,,,,
Darius Slayton,WR,NYG,10,DAL,0,0,0,0,0,0,0,0,3,21,0,4,0,0,0,0,0,0,0,0,0,0,,,,,
Darnell Mooney,WR,CHI,10,CAR,0,0,0,0,0,0,0,0,2,14,0,4,0,0,0,0,0,0,0,0,0,0,,,,,
Darnell Washington,TE,PIT,10,GB,0,0,0,0,0,0,0,0,1,6,0,1,0,0,0,0,0,0,0,0,0,0,,,,,
Darrynton Evans,RB,CHI,10,CAR,0,0,0,0,0,5,0,2,0,0,0,2,0,0,0,0,0,0,0,0,0,0,,,,,
Davante Adams,WR,LV,10,NYJ,0,0,0,0,0,0,0,0,6,86,0,13,0,0,0,0,0,0,0,0,0,0,,,,,
David Montgomery,RB,DET,10,LAC,0,0,0,0,0,116,1,12,0,0,0,0,0,0,0,0,0,0,0,0,0,0,,,,,
David Njoku,TE,CLE,10,BAL,0,0,0,0,0,0,0,0,6,58,0,9,0,0,0,0,0,0,0,0,0,0,,,,,
DeAndre Carter,WR,LV,10,NYJ,0,0,0,0,0,15,0,1,0,0,0,0,0,0,0,0,0,0,0,0,0,0,,,,,
DeAndre Hopkins,WR,TEN,10,TB,0,0,0,0,0,0,0,0,3,27,0,9,0,0,0,0,0,0,0,0,0,0,,,,,
DeMario Douglas,WR,NE,10,IND,0,0,0,0,0,0,0,0,6,84,0,9,0,0,0,0,0,0,0,0,0,0,,,,,
DeeJay Dallas,RB,SEA,10,WAS,0,0,0,0,0,0,0,0,0,0,0,0,0,0,0,0,0,0,0,0,0,0,,,,,
Deebo Samuel Sr.,WR,SF,10,JAX,0,0,0,0,0,29,1,3,4,30,0,4,0,0,0,0,0,0,0,0,0,0,,,,,
Deonte Harty,WR,BUF,10,DEN,0,0,0,0,0,0,0,0,0,0,0,1,0,0,0,0,0,0,0,0,0,0,,,,,
Derek Carr,QB,NO,10,MIN,110,0,18,13,0,10,0,1,0,0,0,0,0,0,0,0,0,0,0,0,0,0,,,,,
Derius Davis,WR,LAC,10,DET,0,0,0,0,0,0,0,0,2,7,0,2,0,0,0,0,0,0,0,0,0,0,,,,,
Derrick Henry,RB,TEN,10,TB,0,0,0,0,0,24,0,11,1,-4,0,1,0,0,0,0,0,0,0,0,0,0,,,,,
Deshaun Watson,QB,CLE,10,BAL,213,1,34,20,1,37,0,8,0,0,0,0,0,0,1,0,0,0,0,0,0,0,,,,,
Desmond Ridder,QB,ATL,10,ARI,39,0,6,4,0,11,1,3,0,0,0,0,0,0,0,0,0,0,0,0,0,0,,,,,
Deuce Vaughn,RB,DAL,10,NYG,0,0,0,0,0,-2,0,1,1,11,0,1,0,0,0,0,0,0,0,0,0,0,,,,,
Deven Thompkins,WR,TB,10,TEN,0,0,0,0,0,6,0,1,1,5,0,2,0,0,0,0,0,0,0,0,0,0,,,,,
Devin Duvernay,WR,BAL,10,CLE,0,0,0,0,0,0,0,0,0,0,0,0,0,0,0,0,0,0,0,0,0,0,,,,,
Devin Singletary,RB,HOU,10,CIN,0,0,0,0,0,150,1,30,1,11,0,2,0,0,0,0,0,0,0,0,0,0,,,,,
Diontae Johnson,WR,PIT,10,GB,0,0,0,0,0,0,0,0,1,17,0,4,0,0,0,0,0,0,0,0,0,0,,,,,
Donald Parham,TE,LAC,10,DET,0,0,0,0,0,0,0,0,2,18,0,2,0,0,0,0,0,0,0,0,0,0,,,,,
Dontayvion Wicks,WR,GB,10,PIT,0,0,0,0,0,0,0,0,3,51,0,4,0,0,0,0,0,0,0,0,0,0,,,,,
Drake London,WR,ATL,10,ARI,0,0,0,0,0,0,0,0,3,36,0,4,0,0,0,0,0,0,0,0,0,0,,,,,
Drew Sample,TE,CIN,10,HOU,0,0,0,0,0,0,0,0,2,12,0,3,0,0,0,0,0,0,0,0,0,0,,,,,
Dustin Hopkins,K,CLE,10,BAL,0,0,0,0,0,0,0,0,0,0,0,0,0,0,0,0,2,1,1,0,0,1,,,,,
Dwayne Washington,RB,DEN,10,BUF,0,0,0,0,0,0,0,0,0,0,0,0,0,0,0,0,0,0,0,0,0,0,,,,,
Dyami Brown,WR,WAS,10,SEA,0,0,0,0,0,0,0,0,2,41,1,2,0,0,0,0,0,0,0,0,0,0,,,,,
Eddy Pineiro,K,CAR,10,CHI,0,0,0,0,0,0,0,0,0,0,0,0,0,0,0,0,0,2,0,0,0,1,,,,,
Elijah Higgins,TE,ARI,10,ATL,0,0,0,0,0,0,0,0,0,0,0,1,0,0,0,0,0,0,0,0,0,0,,,,,
Elijah Mitchell,RB,SF,10,JAX,0,0,0,0,0,23,0,8,0,0,0,0,0,0,0,0,0,0,0,0,0,0,,,,,
Elijah Moore,WR,CLE,10,BAL,0,0,0,0,0,0,0,0,5,44,1,7,0,0,0,0,0,0,0,0,0,0,,,,,
Equanimeous St. Brown,WR,CHI,10,CAR,0,0,0,0,0,0,0,0,1,4,0,1,0,0,0,0,0,0,0,0,0,0,,,,,
Evan Engram,TE,JAX,10,SF,0,0,0,0,0,0,0,0,4,12,0,7,0,0,0,0,0,0,0,0,0,0,,,,,
Evan McPherson,K,CIN,10,HOU,0,0,0,0,0,0,0,0,0,0,0,0,0,0,0,0,0,1,0,1,0,3,,,,,
Ezekiel Elliott,RB,NE,10,IND,0,0,0,0,0,54,0,13,2,34,0,2,0,0,0,0,0,0,0,0,0,0,,,,,
Foster Moreau,TE,NO,10,MIN,0,0,0,0,0,0,0,0,0,0,0,0,0,0,0,0,0,0,0,0,0,0,,,,,
GB,DEF,GB,10,PIT,,,,,,,,,,,,,,,,,,,,,,,0,0,0,0,23.0
Gabe Davis,WR,BUF,10,DEN,0,0,0,0,0,0,0,0,2,56,0,6,0,0,1,0,0,0,0,0,0,0,,,,,
Gardner Minshew,QB,IND,10,NE,194,0,28,18,1,-1,0,2,0,0,0,0,0,0,0,0,0,0,0,0,0,0,,,,,
Garrett Wilson,WR,NYJ,10,LV,0,0,1,0,0,0,0,0,9,93,0,14,0,0,0,0,0,0,0,0,0,0,,,,,
Geno Smith,QB,SEA,10,WAS,369,2,47,31,0,13,0,1,0,0,0,0,0,0,0,0,0,0,0,0,0,0,,,,,
Geoff Swaim,TE,ARI,10,ATL,0,0,0,0,0,0,0,0,2,13,0,2,0,0,0,0,0,0,0,0,0,0,,,,,
George Kittle,TE,SF,10,JAX,0,0,0,0,0,0,0,0,3,116,1,4,0,0,0,0,0,0,0,0,0,0,,,,,
George Pickens,WR,PIT,10,GB,0,0,0,0,0,0,0,0,3,45,0,4,0,0,0,0,0,0,0,0,0,0,,,,,
Gerald Everett,TE,LAC,10,DET,0,0,0,0,0,0,0,0,0,0,0,2,0,0,0,0,0,0,0,0,0,0,,,,,
Greg Dortch,WR,ARI,10,ATL,0,0,0,0,0,0,0,0,0,0,0,0,0,0,0,0,0,0,0,0,0,0,,,,,
Greg Joseph,K,MIN,10,NO,0,0,0,0,0,0,0,0,0,0,0,0,0,0,0,0,0,1,1,0,0,3,,,,,
Greg Zuerlein,K,NYJ,10,LV,0,0,0,0,0,0,0,0,0,0,0,0,0,0,0,0,0,1,2,1,0,0,,,,,
Gunner Olszewski,WR,NYG,10,DAL,0,0,0,0,0,0,0,0,0,0,0,0,0,0,0,0,0,0,0,0,0,0,,,,,
Gus Edwards,RB,BAL,10,CLE,0,0,0,0,0,24,1,11,1,4,0,1,0,0,0,0,0,0,0,0,0,0,,,,,
HOU,DEF,HOU,10,CIN,,,,,,,,,,,,,,,,,,,,,,,0,0,0,0,27.0
Harrison Bryant,TE,CLE,10,BAL,0,0,0,0,0,2,0,1,1,3,0,1,0,0,0,0,0,0,0,0,0,0,,,,,
Hayden Hurst,TE,CAR,10,CHI,0,0,0,0,0,0,0,0,2,14,0,4,0,0,0,0,0,0,0,0,0,0,,,,,
Hunter Henry,TE,NE,10,IND,0,0,0,0,0,0,0,0,3,21,0,5,0,0,0,0,0,0,0,0,0,0,,,,,
Hunter Renfrow,WR,LV,10,NYJ,0,0,0,0,0,0,0,0,1,5,0,1,0,0,0,0,0,0,0,0,0,0,,,,,
IND,DEF,IND,10,NE,,,,,,,,,,,,,,,,,,,,,,,0,0,0,0,6.0
Ihmir Smith-Marsette,WR,CAR,10,CHI,0,0,0,0,0,0,0,0,0,0,0,0,1,0,0,0,0,0,0,0,0,0,,,,,
Irv Smith,TE,CIN,10,HOU,0,0,0,0,0,0,0,0,1,6,0,1,0,0,0,0,0,0,0,0,0,0,,,,,
Isaiah Hodgins,WR,NYG,10,DAL,0,0,0,0,0,0,0,0,0,0,0,2,0,0,0,0,0,0,0,0,0,0,,,,,
Isaiah Likely,TE,BAL,10,CLE,0,0,0,0,0,0,0,0,1,5,0,1,0,0,0,0,0,0,0,0,0,0,,,,,
Isaiah McKenzie,WR,IND,10,NE,0,0,0,0,0,0,0,0,4,31,0,4,0,0,0,0,0,0,0,0,0,0,,,,,
JAX,DEF,JAX,10,SF,,,,,,,,,,,,,,,,,,,,,,,0,0,0,0,34.0
Ja'Marr Chase,WR,CIN,10,HOU,0,0,0,0,0,0,0,0,5,124,1,6,0,0,0,0,0,0,0,0,0,0,,,,,
Jahan Dotson,WR,WAS,10,SEA,0,0,0,0,0,0,0,0,0,0,0,2,0,0,0,0,0,0,0,0,0,0,,,,,
Jahmyr Gibbs,RB,DET,10,LAC,0,0,0,0,0,77,2,14,3,35,0,5,0,0,0,0,0,0,0,0,0,0,,,,,
Jake Bobo,WR,SEA,10,WAS,0,0,0,0,0,0,0,0,2,13,0,2,0,0,0,0,0,0,0,0,0,0,,,,,
Jake Ferguson,TE,DAL,10,NYG,0,0,0,0,0,0,0,0,4,26,1,7,0,0,0,0,0,0,0,0,0,0,,,,,
Jake Moody,K,SF,10,JAX,0,0,0,0,0,0,0,0,0,0,0,0,0,0,0,0,0,2,0,0,0,4,,,,,
Jakobi Meyers,WR,LV,10,NYJ,0,0,0,0,0,0,0,0,2,21,0,2,0,0,0,0,0,0,0,0,0,0,,,,,
Jaleel McLaughlin,RB,DEN,10,BUF,0,0,0,0,0,8,0,6,2,4,0,2,0,0,0,0,0,0,0,0,0,0,,,,,
Jalen Brooks,WR,DAL,10,NYG,0,0,0,0,0,0,0,0,4,39,0,4,0,0,0,0,0,0,0,0,0,0,,,,,
Jalen Guyton,WR,LAC,10,DET,0,0,0,0,0,0,0,0,4,41,1,6,0,0,0,0,0,0,0,0,0,0,,,,,
Jalen Nailor,WR,MIN,10,NO,0,0,0,0,0,0,0,0,1,16,0,1,0,0,0,0,0,0,0,0,0,0,,,,,
Jalen Tolbert,WR,DAL,10,NYG,0,0,0,0,0,0,0,0,2,2,0,5,0,0,0,0,0,0,0,0,0,0,,,,,
Jalin Hyatt,WR,NYG,10,DAL,0,0,0,0,0,0,0,0,0,0,0,1,0,0,0,0,0,0,0,0,0,0,,,,,
Jamaal Williams,RB,NO,10,MIN,0,0,0,0,0,7,0,4,1,3,0,1,0,0,0,0,0,0,0,0,0,0,,,,,
Jamal Agnew,WR,JAX,10,SF,0,0,0,0,0,0,0,0,0,0,0,0,0,0,0,0,0,0,0,0,0,0,,,,,
Jameis Winston,QB,NO,10,MIN,122,2,25,13,2,0,0,0,0,0,0,0,0,0,0,0,0,0,0,0,0,0,,,,,
James Conner,RB,ARI,10,ATL,0,0,0,0,0,73,0,16,0,0,0,0,0,0,0,0,0,0,0,0,0,0,,,,,
James Cook,RB,BUF,10,DEN,0,0,0,0,0,109,0,12,2,11,0,2,0,0,0,0,0,0,0,0,0,0,,,,,
James Proche,WR,CLE,10,BAL,0,0,0,0,0,0,0,0,0,0,0,1,0,0,0,0,0,0,0,0,0,0,,,,,
Jameson Williams,WR,DET,10,LAC,0,0,0,0,0,0,0,0,2,18,0,2,0,0,0,0,0,0,0,0,0,0,,,,,
Jamison Crowder,WR,WAS,10,SEA,0,0,0,0,0,0,0,0,0,0,0,1,0,0,0,0,0,0,0,0,0,0,,,,,
Jared Goff,QB,DET,10,LAC,333,2,33,23,0,-2,0,3,0,0,0,0,0,0,0,0,0,0,0,0,0,0,,,,,
Jashaun Corbin,RB,NYG,10,DAL,0,0,0,0,0,1,0,1,3,12,0,3,0,0,0,0,0,0,0,0,0,0,,,,,
Jason Myers,K,SEA,10,WAS,0,0,0,0,0,0,0,0,0,0,0,0,0,0,0,0,0,1,4,0,0,2,,,,,
Jauan Jennings,WR,SF,10,JAX,0,0,0,0,0,0,0,0,1,8,0,2,0,0,0,0,0,0,0,0,0,0,,,,,
Javonte Williams,RB,DEN,10,BUF,0,0,0,0,0,79,0,21,4,31,1,4,0,0,0,0,0,0,0,0,0,0,,,,,
Jaxon Smith-Njigba,WR,SEA,10,WAS,0,0,0,0,0,0,0,0,4,53,0,5,0,0,0,0,0,0,0,0,0,0,,,,,
Jayden Reed,WR,GB,10,PIT,0,0,0,0,0,0,0,0,5,84,1,5,0,0,0,0,0,0,0,0,0,0,,,,,
Jaylen Warren,RB,PIT,10,GB,0,0,0,0,0,101,1,15,2,9,0,4,0,0,0,0,0,0,0,0,0,0,,,,,
Jerome Ford,RB,CLE,10,BAL,0,0,0,0,0,107,0,17,1,2,0,1,0,0,0,0,0,0,0,0,0,0,,,,,
Jerry Jeudy,WR,DEN,10,BUF,0,0,0,0,0,0,0,0,3,35,0,3,0,0,0,0,0,0,0,0,0,0,,,,,
Joe Burrow,QB,CIN,10,HOU,347,2,40,27,2,20,0,5,0,0,0,0,0,0,0,0,0,0,0,0,0,0,,,,,
Joe Mixon,RB,CIN,10,HOU,0,0,0,0,0,46,1,11,2,-1,0,3,0,0,0,0,0,0,0,0,0,0,,,,,
Joey Slye,K,WAS,10,SEA,0,0,0,0,0,0,0,0,0,0,0,0,0,0,0,0,0,0,2,0,0,2,,,,,
John Bates,TE,WAS,10,SEA,0,0,0,0,0,0,0,0,3,21,0,3,0,0,0,0,0,0,0,0,0,0,,,,,
John Metchie III,WR,HOU,10,CIN,0,0,0,0,0,0,0,0,2,25,0,2,0,0,0,0,0,0,0,0,0,0,,,,,
Johnny Mundt,TE,MIN,10,NO,0,0,0,0,0,0,0,0,2,8,0,2,0,0,0,0,0,0,0,0,0,0,,,,,
Jonathan Mingo,WR,CAR,10,CHI,0,0,0,0,0,0,0,0,3,20,0,7,0,0,0,0,0,0,0,0,0,0,,,,,
Jonathan Taylor,RB,IND,10,NE,0,0,0,0,0,69,1,23,1,6,0,1,0,0,0,0,0,0,0,0,0,0,,,,,
Jonnu Smith,TE,ATL,10,ARI,0,0,0,0,0,0,0,0,1,1,0,3,0,0,0,0,0,0,0,0,0,0,,,,,
Jordan Addison,WR,MIN,10,NO,0,0,0,0,0,0,0,0,4,69,0,7,0,0,0,0,0,0,0,0,0,0,,,,,
Jordan Akins,TE,CLE,10,BAL,0,0,0,0,0,0,0,0,1,8,0,1,0,0,0,0,0,0,0,0,0,0,,,,,
Jordan Love,QB,GB,10,PIT,289,2,40,21,2,11,0,2,0,0,0,0,0,0,0,0,0,0,0,0,0,0,,,,,
Jordan Mason,RB,SF,10,JAX,0,0,0,0,0,0,0,0,0,0,0,0,0,0,0,0,0,0,0,0,0,0,,,,,
Josh Allen,QB,BUF,10,DEN,177,1,26,15,2,13,1,4,0,0,0,0,0,0,1,0,0,0,0,0,0,0,,,,,
Josh Downs,WR,IND,10,NE,0,0,0,0,0,0,0,0,2,40,0,3,0,0,0,0,0,0,0,0,0,0,,,,,
Josh Jacobs,RB,LV,10,NYJ,0,0,0,0,0,116,0,27,2,11,0,2,0,0,0,0,0,0,0,0,0,0,,,,,
Josh Reynolds,WR,DET,10,LAC,0,0,0,0,0,0,0,0,2,15,0,4,0,0,0,0,0,0,0,0,0,0,,,,,
Josh Whyle,TE,TEN,10,TB,0,0,0,0,0,0,0,0,2,16,0,5,0,0,0,0,0,0,0,0,0,0,,,,,
Joshua Dobbs,QB,MIN,10,NO,268,1,34,23,0,44,1,8,0,0,0,0,0,0,0,0,0,0,0,0,0,0,,,,,
Joshua Kelley,RB,LAC,10,DET,0,0,0,0,0,16,0,5,0,0,0,0,0,0,0,0,0,0,0,0,0,0,,,,,
Josiah Deguara,TE,GB,10,PIT,0,0,0,0,0,0,0,0,0,0,0,0,0,0,0,0,0,0,0,0,0,0,,,,,
JuJu Smith-Schuster,WR,NE,10,IND,0,0,0,0,0,0,0,0,1,9,0,1,0,0,0,0,0,0,0,0,0,0,,,,,
Justice Hill,RB,BAL,10,CLE,0,0,0,0,0,7,0,2,0,0,0,0,0,0,0,0,0,0,0,0,0,0,,,,,
Justin Herbert,QB,LAC,10,DET,323,4,40,27,1,15,0,4,0,0,0,0,0,0,0,0,0,0,0,0,0,0,,,,,
Justin Tucker,K,BAL,10,CLE,0,0,0,0,0,0,0,0,0,0,0,0,0,0,0,0,0,1,0,0,0,4,,,,,
Juwan Johnson,TE,NO,10,MIN,0,0,0,0,0,0,0,0,1,2,0,3,0,0,0,0,0,0,0,0,0,0,,,,,
Kalif Raymond,WR,DET,10,LAC,0,0,0,0,0,0,0,0,2,46,0,4,0,0,0,0,0,0,0,0,0,0,,,,,
Kareem Hunt,RB,CLE,10,BAL,0,0,0,0,0,32,1,10,0,0,0,0,0,0,0,0,0,0,0,0,0,0,,,,,
Kayshon Boutte,WR,NE,10,IND,0,0,0,0,0,0,0,0,1,11,0,1,0,0,0,0,0,0,0,0,0,0,,,,,
Keaontay Ingram,RB,ARI,10,ATL,0,0,0,0,0,2,0,2,0,0,0,0,0,0,0,0,0,0,0,0,0,0,,,,,
Keaton Mitchell,RB,BAL,10,CLE,0,0,0,0,0,34,1,3,1,32,0,2,0,0,0,0,0,0,0,0,0,0,,,,,
Keenan Allen,WR,LAC,10,DET,0,0,0,0,0,0,0,0,11,175,2,14,0,0,0,0,0,0,0,0,0,0,,,,,
Kene Nwangwu,RB,MIN,10,NO,0,0,0,0,0,9,0,2,0,0,0,0,0,0,0,0,0,0,0,0,0,0,,,,,
Kenneth Walker III,RB,SEA,10,WAS,0,0,0,0,0,63,0,19,1,64,1,2,0,0,0,0,0,0,0,0,0,0,,,,,
Kenny Pickett,QB,PIT,10,GB,126,0,23,14,0,16,0,4,0,0,0,0,0,0,0,0,0,0,0,0,0,0,,,,,
Khalil Shakir,WR,BUF,10,DEN,0,0,0,0,0,0,0,0,1,24,0,2,0,0,0,0,0,0,0,0,0,0,,,,,
Ko Kieft,TE,TB,10,TEN,0,0,0,0,0,0,0,0,0,0,0,0,0,0,0,0,0,0,0,0,0,0,,,,,
Kyle Juszczyk,RB,SF,10,JAX,0,0,0,0,0,0,0,0,2,26,1,3,0,0,0,0,0,0,0,0,0,0,,,,,
Kyle Philips,WR,TEN,10,TB,0,0,0,0,0,0,0,0,3,61,0,5,0,0,0,0,0,0,0,0,0,0,,,,,
Kyle Pitts,TE,ATL,10,ARI,0,0,0,0,0,0,0,0,3,30,0,5,0,0,0,0,0,0,0,0,0,0,,,,,
Kyle Trask,QB,TB,10,TEN,0,0,0,0,0,-1,0,1,0,0,0,0,0,0,0,0,0,0,0,0,0,0,,,,,
Kylen Granson,TE,IND,10,NE,0,0,0,0,0,0,0,0,1,5,0,2,0,0,0,0,0,0,0,0,0,0,,,,,
Kyler Murray,QB,ARI,10,ATL,249,0,32,19,1,33,1,6,0,0,0,0,0,0,0,0,0,0,0,0,0,0,,,,,
LAC,DEF,LAC,10,DET,,,,,,,,,,,,,,,,,,,,,,,0,0,0,0,41.0
LV,DEF,LV,10,NYJ,,,,,,,,,,,,,,,,,,,,,,,0,0,0,0,12.0
Lamar Jackson,QB,BAL,10,CLE,223,1,23,13,2,41,0,8,0,0,0,0,0,0,0,0,0,0,0,0,0,0,,,,,
Latavius Murray,RB,BUF,10,DEN,0,0,0,0,0,68,1,9,2,1,0,3,0,0,0,0,0,0,0,0,0,0,,,,,
Lawrence Cager,TE,NYG,10,DAL,0,0,0,0,0,0,0,0,1,10,1,2,0,0,0,0,0,0,0,0,0,0,,,,,
Lil'Jordan Humphrey,WR,DEN,10,BUF,0,0,0,0,0,0,0,0,1,14,0,1,0,0,0,0,0,0,0,0,0,0,,,,,
Logan Thomas,TE,WAS,10,SEA,0,0,0,0,0,0,0,0,5,40,0,5,0,0,0,0,0,0,0,0,0,0,,,,,
Lucas Krull,TE,DEN,10,BUF,0,0,0,0,0,0,0,0,0,0,0,1,0,0,0,0,0,0,0,0,0,0,,,,,
Luke Musgrave,TE,GB,10,PIT,0,0,0,0,0,0,0,0,2,64,0,4,0,0,0,0,0,0,0,0,0,0,,,,,
Luke Schoonmaker,TE,DAL,10,NYG,0,0,0,0,0,0,0,0,0,0,0,1,0,0,0,0,0,0,0,0,0,0,,,,,
Lynn Bowden,WR,NO,10,MIN,0,0,0,0,0,0,0,0,1,12,0,1,0,0,0,0,0,0,0,0,0,0,,,,,
MIN,DEF,MIN,10,NO,,,,,,,,,,,,,,,,,,,,,,,0,0,0,0,19.0
Mac Jones,QB,NE,10,IND,170,0,20,15,1,25,0,3,0,0,0,0,0,0,0,0,0,0,0,0,0,0,,,,,
Malik Taylor,WR,NYJ,10,LV,0,0,0,0,0,0,0,0,1,6,0,2,0,0,0,0,0,0,0,0,0,0,,,,,
Mark Andrews,TE,BAL,10,CLE,0,0,0,0,0,0,0,0,2,44,0,4,0,0,0,0,0,0,0,0,0,0,,,,,
Marquise Brown,WR,ARI,10,ATL,0,0,0,0,0,0,0,0,1,28,0,4,0,0,0,0,0,0,0,0,0,0,,,,,
Marvin Mims Jr.,WR,DEN,10,BUF,0,0,0,0,0,-3,0,1,0,0,0,1,0,0,0,0,0,0,0,0,0,0,,,,,
Matt Ammendola,K,HOU,10,CIN,0,0,0,0,0,0,0,0,0,0,0,0,0,0,0,0,1,1,1,0,0,3,,,,,
Matt Breida,RB,NYG,10,DAL,0,0,0,0,0,3,0,1,0,0,0,0,0,0,0,0,0,0,0,0,0,0,,,,,
Matt Gay,K,IND,10,NE,0,0,0,0,0,0,0,0,0,0,0,0,0,0,0,0,0,0,0,1,0,1,,,,,
Matt Prater,K,ARI,10,ATL,0,0,0,0,0,0,0,0,0,0,0,0,0,0,0,0,1,0,1,2,0,1,,,,,
Michael Carter,RB,NYJ,10,LV,0,0,0,0,0,0,0,0,0,0,0,1,0,0,0,0,0,0,0,0,0,0,,,,,
Michael Gallup,WR,DAL,10,NYG,0,0,0,0,0,0,0,0,2,70,1,2,0,0,0,0,0,0,0,0,0,0,,,,,
Michael Mayer,TE,LV,10,NYJ,0,0,0,0,0,0,0,0,3,19,1,5,0,0,0,0,0,0,0,0,0,0,,,,,
Michael Pittman,WR,IND,10,NE,0,0,0,0,0,0,0,0,8,84,0,12,0,0,0,0,0,0,0,0,0,0,,,,,
Michael Thomas,WR,NO,10,MIN,0,0,0,0,0,0,0,0,1,9,0,2,0,0,0,0,0,0,0,0,0,0,,,,,
Michael Wilson,WR,ARI,10,ATL,0,0,0,0,0,0,0,0,3,34,0,6,0,0,0,0,0,0,0,0,0,0,,,,,
Mike Boone,RB,HOU,10,CIN,0,0,0,0,0,0,0,0,2,6,0,3,0,0,0,0,0,0,0,0,0,0,,,,,
Mike Evans,WR,TB,10,TEN,0,0,0,0,0,0,0,0,6,143,1,10,0,0,0,0,0,0,0,0,0,0,,,,,
Mike Gesicki,TE,NE,10,IND,0,0,0,0,0,0,0,0,2,22,0,3,0,0,0,0,0,0,0,0,0,0,,,,,
Mike Strachan,WR,CAR,10,CHI,0,0,0,0,0,0,0,0,1,45,0,2,0,0,0,0,0,0,0,0,0,0,,,,,
Miles Boykin,WR,PIT,10,GB,0,0,0,0,0,0,0,0,0,0,0,0,0,0,0,0,0,0,0,0,0,0,,,,,
Miles Sanders,RB,CAR,10,CHI,0,0,0,0,0,-5,0,2,2,15,0,2,0,0,0,0,0,0,0,0,0,0,,,,,
Mitchell Wilcox,TE,CIN,10,HOU,0,0,0,0,0,0,0,0,0,0,0,1,0,0,0,0,0,0,0,0,0,0,,,,,
Mo Alie-Cox,TE,IND,10,NE,0,0,0,0,0,0,0,0,0,0,0,1,0,0,0,0,0,0,0,0,0,0,,,,,
MyCole Pruitt,TE,ATL,10,ARI,0,0,0,0,0,0,0,0,0,0,0,0,0,0,0,0,0,0,0,0,0,0,,,,,
NE,DEF,NE,10,IND,,,,,,,,,,,,,,,,,,,,,,,0,0,0,0,10.0
NO,DEF,NO,10,MIN,,,,,,,,,,,,,,,,,,,,,,,0,0,0,0,27.0
NYG,DEF,NYG,10,DAL,,,,,,,,,,,,,,,,,,,,,,,0,0,0,0,49.0
NYJ,DEF,NYJ,10,LV,,,,,,,,,,,,,,,,,,,,,,,0,0,0,0,16.0
Najee Harris,RB,PIT,10,GB,0,0,0,0,0,82,1,16,3,14,0,4,0,0,0,0,0,0,0,0,0,0,,,,,
Nelson Agholor,WR,BAL,10,CLE,0,0,0,0,0,0,0,0,0,0,0,2,0,0,0,0,0,0,0,0,0,0,,,,,
Nick Folk,K,TEN,10,TB,0,0,0,0,0,0,0,0,0,0,0,0,0,0,0,0,1,1,0,0,0,0,,,,,
Nick Westbrook-Ikhine,WR,TEN,10,TB,0,0,0,0,0,0,0,0,1,9,0,4,0,0,0,0,0,0,0,0,0,0,,,,,
Noah Brown,WR,HOU,10,CIN,0,0,0,0,0,0,0,0,7,172,0,8,0,0,0,0,0,0,0,0,0,0,,,,,
Noah Fant,TE,SEA,10,WAS,0,0,0,0,0,0,0,0,2,6,0,3,0,0,0,0,0,0,0,0,0,0,,,,,
Odell Beckham Jr.,WR,BAL,10,CLE,0,0,0,0,0,0,0,0,1,40,1,2,0,0,0,0,0,0,0,0,0,0,,,,,
PIT,DEF,PIT,10,GB,,,,,,,,,,,,,,,,,,,,,,,0,0,0,0,19.0
PJ Walker,QB,CLE,10,BAL,0,0,1,0,0,0,0,0,0,0,0,0,0,0,0,0,0,0,0,0,0,0,,,,,
Parris Campbell,WR,NYG,10,DAL,0,0,0,0,0,0,0,0,1,6,0,1,0,0,0,0,0,0,0,0,0,0,,,,,
Patrick Ricard,RB,BAL,10,CLE,0,0,0,0,0,0,0,0,0,0,0,1,0,0,0,0,0,0,0,0,0,0,,,,,
Pharaoh Brown,TE,NE,10,IND,0,0,0,0,0,0,0,0,0,0,0,0,0,0,0,0,0,0,0,0,0,0,,,,,
Pierre Strong,RB,CLE,10,BAL,0,0,0,0,0,0,0,0,0,0,0,0,0,0,0,0,0,0,0,0,0,0,,,,,
Quentin Johnston,WR,LAC,10,DET,0,0,0,0,0,0,0,0,4,34,1,4,0,0,0,0,0,0,0,0,0,0,,,,,
Rachaad White,RB,TB,10,TEN,0,0,0,0,0,51,0,20,2,47,1,3,0,0,0,0,0,0,0,0,0,0,,,,,
Raheem Blackshear,RB,CAR,10,CHI,0,0,0,0,0,7,0,2,1,6,0,1,0,0,0,0,0,0,0,0,0,0,,,,,
Randy Bullock,K,NYG,10,DAL,0,0,0,0,0,0,0,0,0,0,0,0,0,0,0,0,0,0,1,0,0,2,,,,,
Rashid Shaheed,WR,NO,10,MIN,0,0,0,0,0,0,0,0,5,24,0,9,0,0,0,0,0,0,0,0,0,0,,,,,
Rashod Bateman,WR,BAL,10,CLE,0,0,0,0,0,0,0,0,2,25,0,4,0,0,0,0,0,0,0,0,0,0,,,,,
Ray-Ray McCloud,WR,SF,10,JAX,0,0,0,0,0,0,0,0,0,0,0,0,0,0,0,0,0,0,0,0,0,0,,,,,
Rhamondre Stevenson,RB,NE,10,IND,0,0,0,0,0,88,0,20,3,14,0,5,0,0,0,0,0,0,0,0,0,0,,,,,
Rico Dowdle,RB,DAL,10,NYG,0,0,0,0,0,79,1,12,0,0,0,0,0,0,0,0,0,0,0,0,0,0,,,,,
Riley Patterson,K,DET,10,LAC,0,0,0,0,0,0,0,0,0,0,0,0,0,0,0,0,0,1,1,0,0,5,,,,,
Robert Woods,WR,HOU,10,CIN,0,0,0,0,0,0,0,0,1,15,0,3,0,0,0,0,0,0,0,0,0,0,,,,,
Rod Williams,TE,PIT,10,GB,0,0,0,0,0,0,0,0,0,0,0,0,0,0,0,0,0,0,0,0,0,0,,,,,
Romeo Doubs,WR,GB,10,PIT,0,0,0,0,0,0,0,0,3,31,1,5,0,0,0,0,0,0,0,0,0,0,,,,,
Rondale Moore,WR,ARI,10,ATL,0,0,0,0,0,0,0,0,5,43,0,8,0,0,0,0,0,0,0,0,0,0,,,,,
Ronnie Bell,WR,SF,10,JAX,0,0,0,0,0,0,0,0,1,20,0,1,0,0,0,0,0,0,0,0,0,0,,,,,
Roschon Johnson,RB,CHI,10,CAR,0,0,0,0,0,18,0,5,4,14,0,6,0,0,0,0,0,0,0,0,0,0,,,,,
Russell Wilson,QB,DEN,10,BUF,193,2,29,24,0,30,0,9,0,0,0,0,0,0,0,0,0,0,0,0,0,0,,,,,
SEA,DEF,SEA,10,WAS,,,,,,,,,,,,,,,,,,,,,,,0,0,0,0,26.0
SF,DEF,SF,10,JAX,,,,,,,,,,,,,,,,,,,,,,,0,0,0,0,3.0
Sam Darnold,QB,SF,10,JAX,6,0,2,1,0,-3,0,3,0,0,0,0,0,0,0,0,0,0,0,0,0,0,,,,,
Sam Howell,QB,WAS,10,SEA,312,3,44,29,0,17,0,2,0,0,0,0,0,0,0,0,0,0,0,0,0,0,,,,,
Sam LaPorta,TE,DET,10,LAC,0,0,0,0,0,0,0,0,4,40,0,5,0,0,0,0,0,0,0,0,0,0,,,,,
Samaje Perine,RB,DEN,10,BUF,0,0,0,0,0,8,0,1,3,35,0,3,0,0,0,0,0,0,0,0,0,0,,,,,
Saquon Barkley,RB,NYG,10,DAL,0,0,0,0,0,66,0,13,1,-5,0,3,0,0,0,0,0,0,0,0,0,0,,,,,
Scott Miller,WR,ATL,10,ARI,0,0,0,0,0,0,0,0,1,2,1,1,0,0,0,0,0,0,0,0,0,0,,,,,
Sean McKeon,TE,DAL,10,NYG,0,0,0,0,0,0,0,0,0,0,0,0,0,0,0,0,0,0,0,0,0,0,,,,,
Shedrick Jackson,WR,CIN,10,HOU,0,0,0,0,0,0,0,0,0,0,0,0,0,0,0,0,0,0,0,0,0,0,,,,,
Stefon Diggs,WR,BUF,10,DEN,0,0,0,0,0,0,0,0,3,34,0,5,0,0,0,0,0,0,0,0,0,0,,,,,
Sterling Shepard,WR,NYG,10,DAL,0,0,0,0,0,0,0,0,1,2,1,4,0,0,0,0,0,0,0,0,0,0,,,,,
Stone Smartt,TE,LAC,10,DET,0,0,0,0,0,0,0,0,0,0,0,3,0,0,0,0,0,0,0,0,0,0,,,,,
T.J. Hockenson,TE,MIN,10,NO,0,0,0,0,0,0,0,0,11,134,1,15,0,0,0,0,0,0,0,0,0,0,,,,,
TB,DEF,TB,10,TEN,,,,,,,,,,,,,,,,,,,,,,,0,0,0,0,6.0
TEN,DEF,TEN,10,TB,,,,,,,,,,,,,,,,,,,,,,,0,0,0,0,20.0
Tank Bigsby,RB,JAX,10,SF,0,0,0,0,0,5,0,3,0,0,0,1,0,0,0,0,0,0,0,0,0,0,,,,,
Tank Dell,WR,HOU,10,CIN,0,0,0,0,0,13,0,1,6,56,1,14,0,0,0,0,0,0,0,0,0,0,,,,,
Tanner Hudson,TE,CIN,10,HOU,0,0,0,0,0,0,0,0,6,33,0,7,0,0,0,0,0,0,0,0,0,0,,,,,
Taylor Heinicke,QB,ATL,10,ARI,55,1,15,8,0,34,0,4,0,0,0,0,0,0,0,0,0,0,0,0,0,0,,,,,
Taysom Hill,TE,NO,10,MIN,0,0,0,0,0,6,0,1,2,17,0,4,0,0,0,0,0,0,0,0,0,0,,,,,
Terrace Marshall Jr.,WR,CAR,10,CHI,0,0,0,0,0,0,0,0,1,11,0,3,0,0,0,0,0,0,0,0,0,0,,,,,
Terry McLaurin,WR,WAS,10,SEA,0,0,0,0,0,0,0,0,4,33,0,8,0,0,0,0,0,0,0,0,0,0,,,,,
Tim Jones,WR,JAX,10,SF,0,0,0,0,0,0,0,0,2,17,0,2,0,0,0,0,0,0,0,0,0,0,,,,,
Tommy DeVito,QB,NYG,10,DAL,86,2,27,14,1,41,0,7,0,0,0,0,0,0,0,0,0,0,0,0,0,0,,,,,
Tommy Tremble,TE,CAR,10,CHI,0,0,0,0,0,0,0,0,3,16,0,3,0,0,0,0,0,0,0,0,0,0,,,,,
Tony Jones,RB,ARI,10,ATL,0,0,0,0,0,13,0,1,0,0,0,0,0,0,0,0,0,0,0,0,0,0,,,,,
Tony Pollard,RB,DAL,10,NYG,0,0,0,0,0,55,0,15,0,0,0,0,0,0,0,0,0,0,0,0,0,0,,,,,
Travis Etienne,RB,JAX,10,SF,0,0,0,0,0,35,0,9,2,9,0,4,0,0,0,0,0,0,0,0,0,0,,,,,
Trayveon Williams,RB,CIN,10,HOU,0,0,0,0,0,0,0,0,1,2,0,1,0,0,0,0,0,0,0,0,0,0,,,,,
Tre Tucker,WR,LV,10,NYJ,0,0,0,0,0,9,0,1,0,0,0,0,0,0,0,0,0,0,0,0,0,0,,,,,
Trent Taylor,WR,CHI,10,CAR,0,0,0,0,0,0,0,0,0,0,0,0,0,0,0,0,0,0,0,0,0,0,,,,,
Trenton Irwin,WR,CIN,10,HOU,0,0,0,0,0,0,0,0,2,54,1,4,0,0,0,0,0,0,0,0,0,0,,,,,
Trevor Lawrence,QB,JAX,10,SF,185,0,29,17,2,7,0,2,0,0,0,0,0,0,0,0,0,0,0,0,0,0,,,,,
Trey McBride,TE,ARI,10,ATL,0,0,0,0,0,0,0,0,8,131,0,9,0,0,0,0,0,0,0,0,0,0,,,,,
Trey Palmer,WR,TB,10,TEN,0,0,0,0,0,0,0,0,2,21,0,4,0,0,0,0,0,0,0,0,0,0,,,,,
Tucker Kraft,TE,GB,10,PIT,0,0,0,0,0,0,0,0,1,6,0,3,0,0,0,0,0,0,0,0,0,0,,,,,
Ty Chandler,RB,MIN,10,NO,0,0,0,0,0,45,1,15,0,0,0,0,0,0,0,0,0,0,0,0,0,0,,,,,
Ty Johnson,RB,BUF,10,DEN,0,0,0,0,0,2,0,1,0,0,0,0,0,0,0,0,0,0,0,0,0,0,,,,,
Ty Montgomery,WR,NE,10,IND,0,0,0,0,0,0,0,0,0,0,0,0,0,0,0,0,0,0,0,0,0,0,,,,,
Tyjae Spears,RB,TEN,10,TB,0,0,0,0,0,18,0,5,4,42,0,5,0,0,0,0,0,0,0,0,0,0,,,,,
Tyler Allgeier,RB,ATL,10,ARI,0,0,0,0,0,31,0,9,1,7,0,1,0,0,0,0,0,0,0,0,0,0,,,,,
Tyler Bass,K,BUF,10,DEN,0,0,0,0,0,0,0,0,0,0,0,0,0,0,0,0,0,0,0,0,0,2,,,,,
Tyler Boyd,WR,CIN,10,HOU,0,0,0,0,0,0,0,0,8,117,0,12,0,0,0,0,0,0,0,0,0,0,,,,,
Tyler Conklin,TE,NYJ,10,LV,0,0,0,0,0,0,0,0,7,70,0,7,0,0,0,0,0,0,0,0,0,0,,,,,
Tyler Lockett,WR,SEA,10,WAS,0,0,0,0,0,0,0,0,8,92,1,10,0,0,0,0,0,0,0,0,0,0,,,,,
Tyler Scott,WR,CHI,10,CAR,0,0,0,0,0,16,0,1,1,15,0,1,0,0,0,0,0,0,0,0,0,0,,,,,
Tyson Bagent,QB,CHI,10,CAR,162,0,33,20,0,12,0,6,0,0,0,0,0,0,0,0,0,0,0,0,0,0,,,,,
Van Jefferson,WR,ATL,10,ARI,0,0,0,0,0,0,0,0,0,0,0,1,0,0,0,0,0,0,0,0,0,0,,,,,
WAS,DEF,WAS,10,SEA,,,,,,,,,,,,,,,,,,,,,,,0,0,0,0,29.0
Wan'Dale Robinson,WR,NYG,10,DAL,0,0,0,0,0,0,0,1,2,6,0,3,0,0,0,0,0,0,0,0,0,0,,,,,
Wil Lutz,K,DEN,10,BUF,0,0,0,0,0,0,0,0,0,0,0,0,0,0,0,0,0,1,3,0,0,0,,,,,
Will Dissly,TE,SEA,10,WAS,0,0,0,0,0,0,0,0,2,22,0,2,0,0,0,0,0,0,0,0,0,0,,,,,
Will Levis,QB,TEN,10,TB,199,0,39,19,1,0,0,0,0,0,0,0,0,0,0,0,0,0,0,0,0,0,,,,,
Will Mallory,TE,IND,10,NE,0,0,0,0,0,0,0,0,1,7,0,2,0,0,0,0,0,0,0,0,0,0,,,,,
Xavier Gipson,WR,NYJ,10,LV,0,0,0,0,0,0,0,0,1,24,0,3,0,0,0,0,0,0,0,0,0,0,,,,,
Xavier Hutchinson,WR,HOU,10,CIN,0,0,0,0,0,17,0,1,0,0,0,1,0,0,0,0,0,0,0,0,0,0,,,,,
Younghoe Koo,K,ATL,10,ARI,0,0,0,0,0,0,0,0,0,0,0,0,0,0,0,0,0,1,0,0,0,2,,,,,
Zach Charbonnet,RB,SEA,10,WAS,0,0,0,0,0,44,0,6,4,18,0,5,0,0,0,0,0,0,0,0,0,0,,,,,
Zach Pascal,WR,ARI,10,ATL,0,0,0,0,0,0,0,0,0,0,0,1,0,0,0,0,0,0,0,0,0,0,,,,,
Zach Wilson,QB,NYJ,10,LV,263,0,39,23,1,54,0,4,0,0,0,0,0,0,0,0,0,0,0,0,0,0,,,,,
Zack Moss,RB,IND,10,NE,0,0,0,0,0,2,0,1,0,0,0,0,0,0,0,0,0,0,0,0,0,0,,,,,
Zamir White,RB,LV,10,NYJ,0,0,0,0,0,5,0,1,0,0,0,0,0,0,0,0,0,0,0,0,0,0,,,,,
Zay Flowers,WR,BAL,10,CLE,0,0,0,0,0,0,0,0,5,73,0,6,0,0,0,0,0,0,0,0,0,0,,,,,
A.J. Brown,WR,PHI,11,KC,0,0,0,0,0,0,0,0,1,8,0,4,0,0,0,0,0,0,0,0,0,0,,,,,
AJ Dillon,RB,GB,11,LAC,0,0,0,0,0,29,0,14,4,32,0,4,0,0,0,0,0,0,0,0,0,0,,,,,
ARI,DEF,ARI,11,HOU,,,,,,,,,,,,,,,,,,,,,,,0,0,0,0,21.0
Aaron Jones,RB,GB,11,LAC,0,0,0,0,0,14,0,4,1,3,0,2,0,0,0,0,0,0,0,0,0,0,,,,,
Adam Thielen,WR,CAR,11,DAL,0,0,0,0,0,0,0,0,8,74,0,11,0,0,0,0,0,0,0,0,0,0,,,,,
Adam Trautman,TE,DEN,11,MIN,0,0,0,0,0,0,0,0,2,33,0,2,0,0,0,0,0,0,0,0,0,0,,,,,
Aidan O'Connell,QB,LV,11,MIA,271,1,41,24,3,3,0,1,0,0,0,0,0,0,0,0,0,0,0,0,0,0,,,,,
Alex Erickson,WR,LAC,11,GB,0,0,0,0,0,0,0,0,1,12,0,1,0,0,0,0,0,0,0,0,0,0,,,,,
Alexander Mattison,RB,MIN,11,DEN,0,0,0,0,0,81,0,18,1,-1,0,2,0,0,0,0,0,0,0,0,0,0,,,,,
Allen Lazard,WR,NYJ,11,BUF,0,0,0,0,0,0,0,0,0,0,0,1,0,0,0,0,0,0,0,0,0,0,,,,,
Allen Robinson,WR,PIT,11,CLE,0,0,0,0,0,0,0,0,3,20,0,4,0,0,0,0,0,0,0,0,0,0,,,,,
Amari Cooper,WR,CLE,11,PIT,0,0,0,0,0,0,0,0,4,34,0,8,0,0,0,0,0,0,0,0,0,0,,,,,
Ameer Abdullah,RB,LV,11,MIA,0,0,0,0,0,0,0,0,1,4,0,1,0,0,0,0,0,0,0,0,0,0,,,,,
Amon-Ra St. Brown,WR,DET,11,CHI,0,0,0,0,0,0,0,0,8,77,1,11,0,0,0,0,0,0,0,0,0,0,,,,,
Anders Carlson,K,GB,11,LAC,0,0,0,0,0,0,0,0,0,0,0,0,0,0,0,0,1,0,0,0,0,2,,,,,
Anthony McFarland,RB,PIT,11,CLE,0,0,0,0,0,0,0,0,0,0,0,0,0,0,0,0,0,0,0,0,0,0,,,,,
Austin Ekeler,RB,LAC,11,GB,0,0,0,0,0,64,0,10,2,6,0,3,0,0,0,0,0,0,0,0,0,0,,,,,
Austin Hooper,TE,LV,11,MIA,0,0,0,0,0,0,0,0,0,0,0,1,0,0,0,0,0,0,0,0,0,0,,,,,
Austin Trammell,WR,LA,11,SEA,0,0,0,0,0,0,0,0,3,23,0,6,0,0,0,0,0,0,0,0,0,0,,,,,
BAL,DEF,BAL,11,CIN,,,,,,,,,,,,,,,,,,,,,,,0,0,0,0,20.0
BUF,DEF,BUF,11,NYJ,,,,,,,,,,,,,,,,,,,,,,,0,0,0,0,6.0
Baker Mayfield,QB,TB,11,SF,246,1,45,29,1,5,0,3,0,0,0,0,0,0,0,0,0,0,0,0,0,0,,,,,
Ben Skowronek,WR,LA,11,SEA,0,0,0,0,0,0,0,0,0,0,0,0,0,0,0,0,0,0,0,0,0,0,,,,,
Ben VanSumeren,RB,PHI,11,KC,0,0,0,0,0,0,0,0,0,0,0,0,0,0,0,0,0,0,0,0,0,0,,,,,
Boston Scott,RB,PHI,11,KC,0,0,0,0,0,8,0,2,0,0,0,0,0,0,0,0,0,0,0,0,0,0,,,,,
Brandin Cooks,WR,DAL,11,CAR,0,0,0,0,0,0,0,0,3,42,0,4,0,0,0,0,0,0,0,0,0,0,,,,,
Brandon Aiyuk,WR,SF,11,TB,0,0,0,0,0,0,0,0,5,156,1,6,0,0,0,0,0,0,0,0,0,0,,,,,
Brandon Aubrey,K,DAL,11,CAR,0,0,0,0,0,0,0,0,0,0,0,0,0,0,0,0,1,1,0,0,0,3,,,,,
Brandon McManus,K,JAX,11,TEN,0,0,0,0,0,0,0,0,0,0,0,0,0,0,0,0,1,1,0,0,0,4,,,,,
Brandon Powell,WR,MIN,11,DEN,0,0,0,0,0,0,0,0,3,32,0,4,0,0,0,0,0,0,0,0,0,0,,,,,
Breece Hall,RB,NYJ,11,BUF,0,0,0,0,0,23,0,10,5,50,1,6,0,0,0,0,0,0,0,0,0,0,,,,,
Brian Robinson,RB,WAS,11,NYG,0,0,0,0,0,73,0,17,7,59,0,9,0,0,0,0,0,0,0,0,0,0,,,,,
Britain Covey,WR,PHI,11,KC,0,0,0,0,0,0,0,0,0,0,0,0,0,0,0,0,0,0,0,0,0,0,,,,,
Brock Purdy,QB,SF,11,TB,333,3,25,21,0,14,0,4,0,0,0,0,0,0,0,0,0,0,0,0,0,0,,,,,
Brock Wright,TE,DET,11,CHI,0,0,0,0,0,0,0,0,0,0,0,0,0,0,0,0,0,0,0,0,0,0,,,,,
Bryce Young,QB,CAR,11,DAL,123,1,29,16,1,3,0,2,0,0,0,0,0,0,0,0,0,0,0,0,0,0,,,,,
Byron Pringle,WR,WAS,11,NYG,0,0,0,0,0,0,0,0,3,22,0,3,0,0,0,0,0,0,0,0,0,0,,,,,
C.J. Stroud,QB,HOU,11,ARI,336,2,37,27,3,-1,0,1,0,0,0,0,0,0,0,0,0,0,0,0,0,0,,,,,
C.J. Uzomah,TE,NYJ,11,BUF,0,0,0,0,0,0,0,0,0,0,0,0,0,0,0,0,0,0,0,0,0,0,,,,,
CAR,DEF,CAR,11,DAL,,,,,,,,,,,,,,,,,,,,,,,0,0,0,0,33.0
CHI,DEF,CHI,11,DET,,,,,,,,,,,,,,,,,,,,,,,0,0,0,0,31.0
CIN,DEF,CIN,11,BAL,,,,,,,,,,,,,,,,,,,,,,,0,0,0,0,34.0
CLE,DEF,CLE,11,PIT,,,,,,,,,,,,,,,,,,,,,,,0,0,0,0,10.0
Cade Otton,TE,TB,11,SF,0,0,0,0,0,0,0,0,4,49,0,5,0,0,0,0,0,0,0,0,0,0,,,,,
Cairo Santos,K,CHI,11,DET,0,0,0,0,0,0,0,0,0,0,0,0,0,0,0,0,0,2,1,1,0,2,,,,,
Calvin Austin III,WR,PIT,11,CLE,0,0,0,0,0,0,0,0,0,0,0,0,0,0,0,0,0,0,0,0,0,0,,,,,
Calvin Ridley,WR,JAX,11,TEN,0,0,0,0,0,18,0,1,7,103,2,9,0,0,0,0,0,0,0,0,0,0,,,,,
Cameron Dicker,K,LAC,11,GB,0,0,0,0,0,0,0,0,0,0,0,0,0,0,0,0,2,0,0,0,0,2,,,,,
Cedric Tillman,WR,CLE,11,PIT,0,0,0,0,0,8,0,1,1,2,0,2,0,0,0,0,0,0,0,0,0,0,,,,,
Cedrick Wilson Jr.,WR,MIA,11,LV,0,0,0,0,0,0,0,0,3,23,0,4,0,0,0,0,0,0,0,0,0,0,,,,,
CeeDee Lamb,WR,DAL,11,CAR,0,0,0,0,0,7,0,1,6,38,1,9,0,0,0,0,0,0,0,0,0,0,,,,,
Charlie Jones,WR,CIN,11,BAL,0,0,0,0,0,0,0,0,0,0,0,0,0,0,0,0,0,0,0,0,0,0,,,,,
Charlie Kolar,TE,BAL,11,CIN,0,0,0,0,0,0,0,0,1,13,0,1,0,0,0,0,0,0,0,0,0,0,,,,,
Charlie Woerner,TE,SF,11,TB,0,0,0,0,0,0,0,0,0,0,0,0,0,0,0,0,0,0,0,0,0,0,,,,,
Chase Edmonds,RB,TB,11,SF,0,0,0,0,0,8,0,4,1,11,0,1,0,0,0,0,0,0,0,0,0,0,,,,,
Chase McLaughlin,K,TB,11,SF,0,0,0,0,0,0,0,0,0,0,0,0,0,0,0,0,0,0,0,0,0,2,,,,,
Chig Okonkwo,TE,TEN,11,JAX,0,0,0,0,0,0,0,0,1,6,0,2,0,0,0,0,0,0,0,0,0,0,,,,,
Chris Boswell,K,PIT,11,CLE,0,0,0,0,0,0,0,0,0,0,0,0,0,0,0,0,1,0,0,0,0,1,,,,,
Chris Godwin Jr.,WR,TB,11,SF,0,0,0,0,0,0,0,0,6,39,0,7,0,0,0,0,0,0,0,0,0,0,,,,,
Chris Moore,WR,TEN,11,JAX,0,0,0,0,0,38,0,1,1,49,0,1,0,0,0,0,0,0,0,0,0,0,,,,,
Chris Rodriguez Jr.,RB,WAS,11,NYG,0,0,0,0,0,43,0,6,1,5,0,1,0,0,0,0,0,0,0,0,0,0,,,,,
Christian Kirk,WR,JAX,11,TEN,0,0,0,0,0,0,0,0,3,48,0,6,0,0,0,0,0,0,0,0,0,0,,,,,
Christian McCaffrey,RB,SF,11,TB,0,0,0,0,0,78,0,21,5,25,1,5,0,0,0,0,0,0,0,0,0,0,,,,,
Christian Watson,WR,GB,11,LAC,0,0,0,0,0,1,0,1,2,21,1,4,0,0,0,0,0,0,0,0,0,0,,,,,
Chuba Hubbard,RB,CAR,11,DAL,0,0,0,0,0,57,0,10,2,8,0,2,0,0,0,0,0,0,0,0,0,0,,,,,
Clyde Edwards-Helaire,RB,KC,11,PHI,0,0,0,0,0,20,0,2,0,0,0,0,0,0,0,0,0,0,0,0,0,0,,,,,
Colby Parkinson,TE,SEA,11,LA,0,0,0,0,0,0,0,0,0,0,0,0,0,0,0,0,0,0,0,0,0,0,,,,,
Cole Kmet,TE,CHI,11,DET,0,0,0,0,0,0,0,0,3,20,0,4,0,0,0,0,0,0,0,0,0,0,,,,,
Cole Turner,TE,WAS,11,NYG,0,0,0,0,0,0,0,0,1,7,0,1,0,0,0,0,0,0,0,0,0,0,,,,,
Cooper Kupp,WR,LA,11,SEA,0,0,0,0,0,0,0,0,1,11,0,1,0,0,0,0,0,0,0,0,0,0,,,,,
Cooper Rush,QB,DAL,11,CAR,15,0,3,2,0,-3,0,3,0,0,0,0,0,0,0,0,0,0,0,0,0,0,,,,,
Courtland Sutton,WR,DEN,11,MIN,0,0,0,0,0,0,0,0,4,66,1,5,0,0,0,0,0,0,0,0,0,0,,,,,
Craig Reynolds,RB,DET,11,CHI,0,0,0,0,0,0,0,0,0,0,0,0,0,0,0,0,0,0,0,0,0,0,,,,,
Curtis Samuel,WR,WAS,11,NYG,0,0,0,0,0,0,0,0,1,5,0,2,0,0,0,0,0,0,0,0,0,0,,,,,
D'Andre Swift,RB,PHI,11,KC,0,0,0,0,0,76,1,12,3,31,0,3,0,0,0,0,0,0,0,0,0,0,,,,,
D'Ernest Johnson,RB,JAX,11,TEN,0,0,0,0,0,20,0,7,1,34,0,1,0,0,0,0,0,0,0,0,0,0,,,,,
D'Onta Foreman,RB,CHI,11,DET,0,0,0,0,0,14,1,6,0,0,0,0,0,0,0,0,0,0,0,0,0,0,,,,,
DAL,DEF,DAL,11,CAR,,,,,,,,,,,,,,,,,,,,,,,1,0,0,0,10.0
DEN,DEF,DEN,11,MIN,,,,,,,,,,,,,,,,,,,,,,,0,0,0,0,20.0
DET,DEF,DET,11,CHI,,,,,,,,,,,,,,,,,,,,,,,0,1,0,0,26.0
DJ Moore,WR,CHI,11,DET,0,0,0,0,0,0,0,0,7,96,1,9,0,0,0,0,0,0,0,0,0,0,,,,,
DJ Turner,WR,LV,11,MIA,0,0,0,0,0,0,0,0,0,0,0,0,0,0,0,0,0,0,0,0,0,0,,,,,
DK Metcalf,WR,SEA,11,LA,0,0,0,0,0,0,0,0,5,94,1,9,0,0,0,0,0,0,0,0,0,0,,,,,
Dak Prescott,QB,DAL,11,CAR,189,2,38,25,0,6,0,2,0,0,0,0,0,0,0,0,0,0,0,0,0,0,,,,,
Dalton Kincaid,TE,BUF,11,NYJ,0,0,0,0,0,0,0,0,6,46,0,7,0,0,0,0,0,0,0,0,0,0,,,,,
Dalton Schultz,TE,HOU,11,ARI,0,0,0,0,0,0,0,0,2,32,1,3,0,0,0,0,0,0,0,0,0,0,,,,,
Dalvin Cook,RB,NYJ,11,BUF,0,0,0,0,0,13,0,2,0,0,0,1,0,0,0,0,0,0,0,0,0,0,,,,,
Daniel Bellinger,TE,NYG,11,WAS,0,0,0,0,0,0,0,0,3,38,0,3,0,0,0,0,0,0,0,0,0,0,,,,,
Daniel Carlson,K,LV,11,MIA,0,0,0,0,0,0,0,0,0,0,0,0,0,0,0,0,0,1,1,0,0,1,,,,,
Darius Slayton,WR,NYG,11,WAS,0,0,0,0,0,0,0,0,4,82,1,5,0,0,0,0,0,0,0,0,0,0,,,,,
Darnell Mooney,WR,CHI,11,DET,0,0,0,0,0,0,0,0,1,24,0,1,0,0,0,0,0,0,0,0,0,0,,,,,
Darnell Washington,TE,PIT,11,CLE,0,0,0,0,0,0,0,0,1,8,0,1,0,0,0,0,0,0,0,0,0,0,,,,,
Darrell Henderson,RB,LA,11,SEA,0,0,0,0,0,1,1,6,4,28,0,7,0,0,0,0,0,0,0,0,0,0,,,,,
Davante Adams,WR,LV,11,MIA,0,0,0,0,0,0,0,0,7,82,1,13,0,0,0,0,0,0,0,0,0,0,,,,,
David Montgomery,RB,DET,11,CHI,0,0,0,0,0,76,1,12,2,22,0,2,0,0,0,0,0,0,0,0,0,0,,,,,
David Njoku,TE,CLE,11,PIT,0,0,0,0,0,0,0,0,7,56,0,15,0,0,0,0,0,0,0,0,0,0,,,,,
Davis Mills,QB,HOU,11,ARI,2,0,1,1,0,0,0,0,0,0,0,0,0,0,0,0,0,0,0,0,0,0,,,,,
De'Von Achane,RB,MIA,11,LV,0,0,0,0,0,1,0,1,1,4,0,1,0,0,0,0,0,0,0,0,0,0,,,,,
DeAndre Carter,WR,LV,11,MIA,0,0,0,0,0,0,0,0,0,0,0,0,0,0,0,0,0,0,0,0,0,0,,,,,
DeAndre Hopkins,WR,TEN,11,JAX,0,0,0,0,0,0,0,0,4,59,1,5,0,0,0,0,0,0,0,0,0,0,,,,,
DeVonta Smith,WR,PHI,11,KC,0,0,0,0,0,0,0,0,6,99,0,8,0,0,0,0,0,0,0,0,0,0,,,,,
Dee Eskridge,WR,SEA,11,LA,0,0,0,0,0,0,0,0,0,0,0,1,0,0,0,0,0,0,0,0,0,0,,,,,
DeeJay Dallas,RB,SEA,11,LA,0,0,0,0,0,4,0,1,1,10,0,1,0,0,0,0,0,0,0,0,0,0,,,,,
Deebo Samuel Sr.,WR,SF,11,TB,0,0,0,0,0,-1,0,1,3,63,0,4,0,0,0,0,0,0,0,0,0,0,,,,,
Demarcus Robinson,WR,LA,11,SEA,0,0,0,0,0,0,0,0,2,24,0,2,0,0,0,0,0,0,0,0,0,0,,,,,
Deonte Harty,WR,BUF,11,NYJ,0,0,0,0,0,-2,0,1,0,0,0,1,0,0,0,0,0,0,0,0,0,0,,,,,
Derius Davis,WR,LAC,11,GB,0,0,0,0,0,0,0,0,1,-3,0,1,0,0,0,0,0,0,0,0,0,0,,,,,
Derrick Gore,RB,WAS,11,NYG,0,0,0,0,0,23,0,2,0,0,0,0,0,0,0,0,0,0,0,0,0,0,,,,,
Derrick Henry,RB,TEN,11,JAX,0,0,0,0,0,38,0,10,1,6,0,2,0,0,0,0,0,0,0,0,0,0,,,,,
Deven Thompkins,WR,TB,11,SF,0,0,0,0,0,17,0,1,0,0,0,1,0,0,0,0,0,0,0,0,0,0,,,,,
Devin Duvernay,WR,BAL,11,CIN,0,0,0,0,0,0,0,0,0,0,0,0,0,0,0,0,0,0,0,0,0,0,,,,,
Devin Singletary,RB,HOU,11,ARI,0,0,0,0,0,112,1,22,2,6,0,2,0,0,0,0,0,0,0,0,0,0,,,,,
Diontae Johnson,WR,PIT,11,CLE,0,0,0,0,0,0,0,0,2,16,0,8,0,0,0,0,0,0,0,0,0,0,,,,,
Donald Parham,TE,LAC,11,GB,0,0,0,0,0,0,0,0,4,57,0,6,0,0,0,0,0,0,0,0,0,0,,,,,
Donovan Peoples-Jones,WR,DET,11,CHI,0,0,0,0,0,0,0,0,0,0,0,1,0,0,0,0,0,0,0,0,0,0,,,,,
Dontayvion Wicks,WR,GB,11,LAC,0,0,0,0,0,0,0,0,3,91,0,5,0,0,0,0,0,0,0,0,0,0,,,,,
Dorian Thompson-Robinson,QB,CLE,11,PIT,165,0,43,24,1,20,0,3,0,0,0,0,0,0,0,0,0,0,0,0,0,0,,,,,
Drew Lock,QB,SEA,11,LA,3,0,6,2,1,0,0,0,0,0,0,0,0,0,0,0,0,0,0,0,0,0,,,,,
Drew Sample,TE,CIN,11,BAL,0,0,0,0,0,0,0,0,2,19,0,2,0,0,0,0,0,0,0,0,0,0,,,,,
Dustin Hopkins,K,CLE,11,PIT,0,0,0,0,0,0,0,0,0,0,0,0,0,0,0,0,1,1,0,0,0,1,,,,,
Dyami Brown,WR,WAS,11,NYG,0,0,0,0,0,0,0,0,1,7,0,3,0,0,0,0,0,0,0,0,0,0,,,,,
Eddy Pineiro,K,CAR,11,DAL,0,0,0,0,0,0,0,0,0,0,0,0,0,0,0,0,0,0,1,0,0,1,,,,,
Elijah Higgins,TE,ARI,11,HOU,0,0,0,0,0,0,0,0,1,2,0,2,0,0,0,0,0,0,0,0,0,0,,,,,
Elijah Mitchell,RB,SF,11,TB,0,0,0,0,0,24,0,4,0,0,0,0,0,0,0,0,0,0,0,0,0,0,,,,,
Elijah Moore,WR,CLE,11,PIT,0,0,0,0,0,0,0,0,6,60,0,7,0,0,0,0,0,0,0,0,0,0,,,,,
Emanuel Wilson,RB,GB,11,LAC,0,0,0,0,0,12,0,3,1,9,0,2,0,0,0,0,0,0,0,0,0,0,,,,,
Equanimeous St. Brown,WR,CHI,11,DET,0,0,0,0,0,0,0,0,2,19,0,2,0,0,0,0,0,0,0,0,0,0,,,,,
Evan Engram,TE,JAX,11,TEN,0,0,0,0,0,0,0,0,4,29,0,6,0,0,0,0,0,0,0,0,0,0,,,,,
Evan McPherson,K,CIN,11,BAL,0,0,0,0,0,0,0,0,0,0,0,0,0,0,0,0,1,0,0,1,0,2,,,,,
GB,DEF,GB,11,LAC,,,,,,,,,,,,,,,,,,,,,,,0,0,0,0,20.0
Garrett Wilson,WR,NYJ,11,BUF,0,0,0,0,0,0,0,0,2,9,0,8,0,0,0,0,0,0,0,0,0,0,,,,,
Geno Smith,QB,SEA,11,LA,233,1,34,22,0,-1,0,1,0,0,0,0,0,0,0,0,0,0,0,0,0,0,,,,,
Geoff Swaim,TE,ARI,11,HOU,0,0,0,0,0,0,0,0,2,15,0,2,0,0,0,0,0,0,0,0,0,0,,,,,
George Kittle,TE,SF,11,TB,0,0,0,0,0,0,0,0,8,89,1,9,0,0,0,0,0,0,0,0,0,0,,,,,
George Pickens,WR,PIT,11,CLE,0,0,0,0,0,-1,0,1,4,38,0,6,0,0,0,0,0,0,0,0,0,0,,,,,
Greg Dortch,WR,ARI,11,HOU,0,0,0,0,0,0,0,0,6,76,0,8,0,0,0,0,0,0,0,0,0,0,,,,,
Greg Joseph,K,MIN,11,DEN,0,0,0,0,0,0,0,0,0,0,0,0,0,0,0,0,0,2,0,0,0,2,,,,,
Greg Zuerlein,K,NYJ,11,BUF,0,0,0,0,0,0,0,0,0,0,0,0,0,0,0,0,0,0,0,0,0,0,,,,,
Gunner Olszewski,WR,NYG,11,WAS,0,0,0,0,0,0,0,0,0,0,0,0,0,0,0,0,0,0,0,0,0,0,,,,,
Gus Edwards,RB,BAL,11,CIN,0,0,0,0,0,62,2,12,2,8,0,2,0,0,0,0,0,0,0,0,0,0,,,,,
HOU,DEF,HOU,11,ARI,,,,,,,,,,,,,,,,,,,,,,,0,0,0,0,16.0
Harrison Butker,K,KC,11,PHI,0,0,0,0,0,0,0,0,0,0,0,0,0,0,0,0,0,0,1,0,0,2,,,,,
Hunter Luepke,RB,DAL,11,CAR,0,0,0,0,0,0,0,0,0,0,0,0,0,0,0,0,0,0,0,0,0,0,,,,,
Hunter Renfrow,WR,LV,11,MIA,0,0,0,0,0,0,0,0,5,42,0,5,0,0,0,0,0,0,0,0,0,0,,,,,
Ihmir Smith-Marsette,WR,CAR,11,DAL,0,0,0,0,0,0,0,0,0,0,0,0,0,0,0,0,0,0,0,0,0,0,,,,,
Irv Smith,TE,CIN,11,BAL,0,0,0,0,0,0,0,0,0,0,0,1,0,0,0,0,0,0,0,0,0,0,,,,,
Irvin Charles,WR,NYJ,11,BUF,0,0,0,0,0,0,0,0,0,0,0,0,0,0,0,0,0,0,0,0,0,0,,,,,
Isaiah Hodgins,WR,NYG,11,WAS,0,0,0,0,0,0,0,0,2,22,0,3,0,0,0,0,0,0,0,0,0,0,,,,,
Isaiah Likely,TE,BAL,11,CIN,0,0,0,0,0,0,0,0,0,0,0,2,0,0,0,0,0,0,0,0,0,0,,,,,
Isiah Pacheco,RB,KC,11,PHI,0,0,0,0,0,89,0,19,1,2,0,1,0,0,0,0,0,0,0,0,0,0,,,,,
Israel Abanikanda,RB,NYJ,11,BUF,0,0,0,0,0,11,0,1,1,5,0,2,0,0,0,0,0,0,0,0,0,0,,,,,
JAX,DEF,JAX,11,TEN,,,,,,,,,,,,,,,,,,,,,,,0,0,0,0,14.0
Ja'Marr Chase,WR,CIN,11,BAL,0,0,0,0,0,0,0,0,2,12,1,7,0,0,0,0,0,0,0,0,0,0,,,,,
Jack Stoll,TE,PHI,11,KC,0,0,0,0,0,0,0,0,1,3,0,2,0,0,0,0,0,0,0,0,0,0,,,,,
Jahan Dotson,WR,WAS,11,NYG,0,0,0,0,0,0,0,0,3,23,1,4,0,0,0,0,0,0,0,0,0,0,,,,,
Jahmyr Gibbs,RB,DET,11,CHI,0,0,0,0,0,36,1,8,6,59,0,6,0,0,0,0,0,0,0,0,0,0,,,,,
Jake Bobo,WR,SEA,11,LA,0,0,0,0,0,0,0,0,1,8,0,2,0,0,0,0,0,0,0,0,0,0,,,,,
Jake Browning,QB,CIN,11,BAL,68,1,14,8,0,40,0,4,0,0,0,0,0,0,0,0,0,0,0,0,0,0,,,,,
Jake Elliott,K,PHI,11,KC,0,0,0,0,0,0,0,0,0,0,0,0,0,0,0,0,0,0,0,0,0,3,,,,,
Jake Ferguson,TE,DAL,11,CAR,0,0,0,0,0,0,0,0,3,32,0,5,0,0,0,0,0,0,0,0,0,0,,,,,
Jake Moody,K,SF,11,TB,0,0,0,0,0,0,0,0,0,0,0,0,0,0,0,0,1,1,0,0,0,3,,,,,
Jakobi Meyers,WR,LV,11,MIA,0,0,0,0,0,0,0,0,4,49,0,5,0,0,0,0,0,0,0,0,0,0,,,,,
Jaleel McLaughlin,RB,DEN,11,MIN,0,0,0,0,0,1,0,1,5,14,0,5,0,0,0,0,0,0,0,0,0,0,,,,,
Jalen Hurts,QB,PHI,11,KC,150,0,22,14,1,29,2,12,0,0,0,0,0,0,0,0,0,0,0,0,0,0,,,,,
Jalen Tolbert,WR,DAL,11,CAR,0,0,0,0,0,0,0,0,2,12,0,5,0,0,0,0,0,0,0,0,0,0,,,,,
Jalin Hyatt,WR,NYG,11,WAS,0,0,0,0,0,0,0,0,1,7,0,2,0,0,0,0,0,0,0,0,0,0,,,,,
James Conner,RB,ARI,11,HOU,0,0,0,0,0,62,0,14,2,1,0,3,0,0,0,0,0,0,0,0,0,0,,,,,
James Cook,RB,BUF,11,NYJ,0,0,0,0,0,73,0,17,3,29,1,4,0,0,0,0,0,0,0,0,0,0,,,,,
James Proche,WR,CLE,11,PIT,0,0,0,0,0,0,0,0,0,0,0,0,0,0,0,0,0,0,0,0,0,0,,,,,
Jameson Williams,WR,DET,11,CHI,0,0,0,0,0,0,0,0,2,44,1,3,0,0,0,0,0,0,0,0,0,0,,,,,
Jamison Crowder,WR,WAS,11,NYG,0,0,0,0,0,0,0,0,2,12,0,2,0,0,0,0,0,0,0,0,0,0,,,,,
Jared Goff,QB,DET,11,CHI,236,2,35,23,3,3,0,2,0,0,0,0,0,0,1,0,0,0,0,0,0,0,,,,,
Jason Myers,K,SEA,11,LA,0,0,0,0,0,0,0,0,0,0,0,0,0,0,0,0,0,0,1,2,0,1,,,,,
Jason Sanders,K,MIA,11,LV,0,0,0,0,0,0,0,0,0,0,0,0,0,0,0,0,0,0,1,1,0,2,,,,,
Jauan Jennings,WR,SF,11,TB,0,0,0,0,0,0,0,0,0,0,0,1,0,0,0,0,0,0,0,0,0,0,,,,,
Javonte Williams,RB,DEN,11,MIN,0,0,0,0,0,37,0,11,2,16,0,2,0,0,0,0,0,0,0,0,0,0,,,,,
Jaxon Smith-Njigba,WR,SEA,11,LA,0,0,0,0,0,0,0,0,3,40,0,6,0,0,0,0,0,0,0,0,0,0,,,,,
Jayden Reed,WR,GB,11,LAC,0,0,0,0,0,46,1,3,4,46,0,6,0,0,0,0,0,0,0,0,0,0,,,,,
Jaylen Waddle,WR,MIA,11,LV,0,0,0,0,0,0,0,0,4,55,0,8,0,0,0,0,0,0,0,0,0,0,,,,,
Jaylen Warren,RB,PIT,11,CLE,0,0,0,0,0,129,1,9,3,16,0,3,0,0,0,0,0,0,0,0,0,0,,,,,
Jeremy Ruckert,TE,NYJ,11,BUF,0,0,0,0,0,0,0,0,3,25,0,4,0,0,0,0,0,0,0,0,0,0,,,,,
Jerick McKinnon,RB,KC,11,PHI,0,0,0,0,0,7,0,1,2,8,0,3,0,0,0,0,0,0,0,0,0,0,,,,,
Jerome Ford,RB,CLE,11,PIT,0,0,0,0,0,31,1,12,2,8,0,5,0,0,0,0,0,0,0,0,0,0,,,,,
Jerry Jeudy,WR,DEN,11,MIN,0,0,0,0,0,0,0,0,5,58,0,7,0,0,0,0,0,0,0,0,0,0,,,,,
Jesper Horsted,TE,LV,11,MIA,0,0,0,0,0,0,0,0,0,0,0,0,0,0,0,0,0,0,0,0,0,0,,,,,
Joe Burrow,QB,CIN,11,BAL,101,1,17,11,0,7,0,1,0,0,0,0,0,0,0,0,0,0,0,0,0,0,,,,,
Joe Mixon,RB,CIN,11,BAL,0,0,0,0,0,69,0,16,5,31,1,5,0,0,0,0,0,0,0,0,0,0,,,,,
Joey Slye,K,WAS,11,NYG,0,0,0,0,0,0,0,0,0,0,0,0,0,0,0,0,1,0,1,0,0,1,,,,,
John Bates,TE,WAS,11,NYG,0,0,0,0,0,0,0,0,2,15,0,2,0,0,0,0,0,0,0,0,0,0,,,,,
John Metchie III,WR,HOU,11,ARI,0,0,0,0,0,0,0,0,1,12,0,1,0,0,0,0,0,0,0,0,0,0,,,,,
Jonathan Mingo,WR,CAR,11,DAL,0,0,0,0,0,0,0,0,1,6,0,6,0,0,0,0,0,0,0,0,0,0,,,,,
Jordan Addison,WR,MIN,11,DEN,0,0,0,0,0,0,0,0,3,44,0,6,0,0,0,0,0,0,0,0,0,0,,,,,
Jordan Love,QB,GB,11,LAC,322,2,40,27,0,0,0,3,0,0,0,0,0,0,0,0,0,0,0,0,0,0,,,,,
Jordan Mason,RB,SF,11,TB,0,0,0,0,0,0,0,0,0,0,0,0,0,0,0,0,0,0,0,0,0,0,,,,,
Josh Allen,QB,BUF,11,NYJ,275,3,32,20,1,15,0,5,0,0,0,0,0,0,0,0,0,0,0,0,0,0,,,,,
Josh Jacobs,RB,LV,11,MIA,0,0,0,0,0,39,0,14,1,12,0,1,0,0,0,0,0,0,0,0,0,0,,,,,
Josh Oliver,TE,MIN,11,DEN,0,0,0,0,0,0,0,0,4,47,1,4,0,0,0,0,0,0,0,0,0,0,,,,,
Josh Reynolds,WR,DET,11,CHI,0,0,0,0,0,0,0,0,1,11,0,2,0,0,0,0,0,0,0,0,0,0,,,,,
Josh Whyle,TE,TEN,11,JAX,0,0,0,0,0,0,0,0,1,7,0,2,0,0,0,0,0,0,0,0,0,0,,,,,
Joshua Dobbs,QB,MIN,11,DEN,221,1,32,20,1,21,1,8,0,0,0,0,0,0,0,0,0,0,0,0,0,0,,,,,
Joshua Kelley,RB,LAC,11,GB,0,0,0,0,0,13,0,6,0,0,0,0,0,0,0,0,0,0,0,0,0,0,,,,,
Julian Hill,TE,MIA,11,LV,0,0,0,0,0,0,0,0,1,10,0,1,0,0,0,0,0,0,0,0,0,0,,,,,
Julio Jones,WR,PHI,11,KC,0,0,0,0,0,0,0,0,2,5,0,2,0,0,0,0,0,0,0,0,0,0,,,,,
Justice Hill,RB,BAL,11,CIN,0,0,0,0,0,1,0,1,1,6,0,1,0,0,0,0,0,0,0,0,0,0,,,,,
Justin Fields,QB,CHI,11,DET,169,1,23,16,0,104,0,18,0,0,0,0,0,0,0,0,0,0,0,0,0,0,,,,,
Justin Herbert,QB,LAC,11,GB,260,2,36,21,0,73,0,8,0,0,0,0,0,0,0,0,0,0,0,0,0,0,,,,,
Justin Tucker,K,BAL,11,CIN,0,0,0,0,0,0,0,0,0,0,0,0,0,0,0,0,1,0,1,0,0,4,,,,,
Justin Watson,WR,KC,11,PHI,0,0,0,0,0,0,0,0,5,53,1,11,0,0,0,0,0,0,0,0,0,0,,,,,
K.J. Osborn,WR,MIN,11,DEN,0,0,0,0,0,0,0,0,1,7,0,2,0,0,0,0,0,0,0,0,0,0,,,,,
KC,DEF,KC,11,PHI,,,,,,,,,,,,,,,,,,,,,,,0,0,0,0,21.0
KaVontae Turpin,WR,DAL,11,CAR,0,0,0,0,0,13,0,1,2,10,0,3,0,0,0,0,0,0,0,0,0,0,,,,,
Kadarius Toney,WR,KC,11,PHI,0,0,0,0,0,14,0,2,2,12,0,2,0,0,0,0,0,0,0,0,0,0,,,,,
Kalif Raymond,WR,DET,11,CHI,0,0,0,0,0,0,0,0,1,5,0,2,0,0,0,0,0,0,0,0,0,0,,,,,
Kareem Hunt,RB,CLE,11,PIT,0,0,0,0,0,36,0,12,3,1,0,3,0,0,0,0,0,0,0,0,0,0,,,,,
Keaton Mitchell,RB,BAL,11,CIN,0,0,0,0,0,33,0,8,1,8,0,1,0,0,0,0,0,0,0,0,0,0,,,,,
Keenan Allen,WR,LAC,11,GB,0,0,0,0,0,0,0,0,10,116,1,16,0,0,0,0,0,0,0,0,0,0,,,,,
Kenneth Walker III,RB,SEA,11,LA,0,0,0,0,0,18,0,4,1,-2,0,1,0,0,0,0,0,0,0,0,0,0,,,,,
Kenny Gainwell,RB,PHI,11,KC,0,0,0,0,0,1,0,1,1,4,0,1,0,0,0,0,0,0,0,0,0,0,,,,,
Kenny Pickett,QB,PIT,11,CLE,106,0,28,15,0,9,0,4,0,0,0,0,0,0,0,0,0,0,0,0,0,0,,,,,
Khalil Herbert,RB,CHI,11,DET,0,0,0,0,0,35,0,16,2,6,0,3,0,0,0,0,0,0,0,0,0,0,,,,,
Khalil Shakir,WR,BUF,11,NYJ,0,0,0,0,0,0,0,0,3,115,1,4,0,0,0,0,0,0,0,0,0,0,,,,,
Kyle Allen,QB,BUF,11,NYJ,0,0,0,0,0,-2,0,2,0,0,0,0,0,0,0,0,0,0,0,0,0,0,,,,,
Kyle Juszczyk,RB,SF,11,TB,0,0,0,0,0,0,0,0,0,0,0,0,0,0,0,0,0,0,0,0,0,0,,,,,
Kyle Philips,WR,TEN,11,JAX,0,0,0,0,0,0,0,0,1,10,0,1,0,0,0,0,0,0,0,0,0,0,,,,,
Kyler Murray,QB,ARI,11,HOU,214,1,30,20,1,51,1,7,0,0,0,0,0,0,0,0,0,0,0,0,0,0,,,,,
LA,DEF,LA,11,SEA,,,,,,,,,,,,,,,,,,,,,,,0,0,0,0,16.0
LAC,DEF,LAC,11,GB,,,,,,,,,,,,,,,,,,,,,,,0,0,0,0,23.0
LV,DEF,LV,11,MIA,,,,,,,,,,,,,,,,,,,,,,,0,0,0,0,20.0
Lamar Jackson,QB,BAL,11,CIN,264,2,26,16,0,54,0,9,0,0,0,0,0,0,0,0,0,0,0,0,0,0,,,,,
Latavius Murray,RB,BUF,11,NYJ,0,0,0,0,0,35,0,10,0,0,0,0,0,0,0,0,0,0,0,0,0,0,,,,,
Laviska Shenault Jr.,WR,CAR,11,DAL,0,0,0,0,0,0,0,0,2,9,0,2,0,0,0,0,0,0,0,0,0,0,,,,,
Lil'Jordan Humphrey,WR,DEN,11,MIN,0,0,0,0,0,0,0,0,0,0,0,1,0,0,0,0,0,0,0,0,0,0,,,,,
Logan Thomas,TE,WAS,11,NYG,0,0,0,0,0,0,0,0,5,58,0,8,0,0,0,0,0,0,0,0,0,0,,,,,
Lucas Havrisik,K,LA,11,SEA,0,0,0,0,0,0,0,0,0,0,0,0,0,0,0,0,1,0,0,0,0,2,,,,,
Luke Farrell,TE,JAX,11,TEN,0,0,0,0,0,0,0,0,2,21,0,2,0,0,0,0,0,0,0,0,0,0,,,,,
Luke Musgrave,TE,GB,11,LAC,0,0,0,0,0,0,0,0,4,28,0,6,0,0,0,0,0,0,0,0,0,0,,,,,
Luke Schoonmaker,TE,DAL,11,CAR,0,0,0,0,0,0,0,0,2,23,1,2,0,0,0,0,0,0,0,0,0,0,,,,,
MIA,DEF,MIA,11,LV,,,,,,,,,,,,,,,,,,,,,,,0,0,0,0,13.0
MIN,DEF,MIN,11,DEN,,,,,,,,,,,,,,,,,,,,,,,0,0,0,0,21.0
Malik Heath,WR,GB,11,LAC,0,0,0,0,0,0,0,0,1,7,0,1,0,0,0,0,0,0,0,0,0,0,,,,,
Marcedes Lewis,TE,CHI,11,DET,0,0,0,0,0,0,0,0,0,0,0,1,0,0,0,0,0,0,0,0,0,0,,,,,
Mark Andrews,TE,BAL,11,CIN,0,0,0,0,0,0,0,0,2,23,0,2,0,0,0,0,0,0,0,0,0,0,,,,,
Marquez Valdes-Scantling,WR,KC,11,PHI,0,0,0,0,0,0,0,0,0,0,0,3,0,0,0,0,0,0,0,0,0,0,,,,,
Marquise Brown,WR,ARI,11,HOU,0,0,0,0,0,-6,0,1,2,18,0,5,0,0,0,0,0,0,0,0,0,0,,,,,
Marvin Mims Jr.,WR,DEN,11,MIN,0,0,0,0,0,0,0,0,2,12,0,3,0,0,0,0,0,0,0,0,0,0,,,,,
Matt Ammendola,K,HOU,11,ARI,0,0,0,0,0,0,0,0,0,0,0,0,0,0,0,0,0,0,0,0,0,3,,,,,
Matt Breida,RB,NYG,11,WAS,0,0,0,0,0,-1,0,3,0,0,0,1,0,0,0,0,0,0,0,0,0,0,,,,,
Matt Prater,K,ARI,11,HOU,0,0,0,0,0,0,0,0,0,0,0,0,0,0,0,0,0,0,0,1,0,1,,,,,
Matthew Stafford,QB,LA,11,SEA,190,1,31,17,1,1,0,2,0,0,0,0,0,0,0,0,0,0,0,0,0,0,,,,,
Mecole Hardman,WR,KC,11,PHI,0,0,0,0,0,0,0,0,2,12,0,2,0,0,0,0,0,0,0,0,0,0,,,,,
Michael Gallup,WR,DAL,11,CAR,0,0,0,0,0,0,0,0,3,31,0,5,0,0,0,0,0,0,0,0,0,0,,,,,
Michael Mayer,TE,LV,11,MIA,0,0,0,0,0,0,0,0,4,46,0,5,0,0,0,0,0,0,0,0,0,0,,,,,
Mike Boone,RB,HOU,11,ARI,0,0,0,0,0,0,0,1,1,5,0,1,0,0,0,0,0,0,0,0,0,0,,,,,
Mike Evans,WR,TB,11,SF,0,0,0,0,0,0,0,0,5,43,1,12,0,0,0,0,0,0,0,0,0,0,,,,,
Miles Sanders,RB,CAR,11,DAL,0,0,0,0,0,50,0,11,1,2,0,1,0,0,0,0,0,0,0,0,0,0,,,,,
NYG,DEF,NYG,11,WAS,,,,,,,,,,,,,,,,,,,,,,,1,0,0,0,19.0
NYJ,DEF,NYJ,11,BUF,,,,,,,,,,,,,,,,,,,,,,,0,0,0,0,32.0
Najee Harris,RB,PIT,11,CLE,0,0,0,0,0,35,0,12,1,1,0,2,0,0,0,0,0,0,0,0,0,0,,,,,
Nate Adkins,TE,DEN,11,MIN,0,0,0,0,0,0,0,0,0,0,0,0,0,0,0,0,0,0,0,0,0,0,,,,,
Nelson Agholor,WR,BAL,11,CIN,0,0,0,0,0,0,0,0,1,37,1,1,0,0,0,0,0,0,0,0,0,0,,,,,
Nick Folk,K,TEN,11,JAX,0,0,0,0,0,0,0,0,0,0,0,0,0,0,0,0,0,0,0,0,0,2,,,,,
Nick Westbrook-Ikhine,WR,TEN,11,JAX,0,0,0,0,0,0,0,0,1,7,0,1,0,0,0,0,0,0,0,0,0,0,,,,,
Nico Collins,WR,HOU,11,ARI,0,0,0,0,0,0,0,0,7,65,0,11,0,0,0,0,0,0,0,0,0,0,,,,,
Noah Fant,TE,SEA,11,LA,0,0,0,0,0,0,0,0,1,4,0,2,0,0,0,0,0,0,0,0,0,0,,,,,
Noah Gray,TE,KC,11,PHI,0,0,0,0,0,0,0,0,0,0,0,1,0,0,0,0,0,0,0,0,0,0,,,,,
Odell Beckham Jr.,WR,BAL,11,CIN,0,0,0,0,0,0,0,0,4,116,0,7,0,0,0,0,0,0,0,0,0,0,,,,,
Olamide Zaccheaus,WR,PHI,11,KC,0,0,0,0,0,0,0,0,0,0,0,1,0,0,0,0,0,0,0,0,0,0,,,,,
PHI,DEF,PHI,11,KC,,,,,,,,,,,,,,,,,,,,,,,0,0,0,0,17.0
PIT,DEF,PIT,11,CLE,,,,,,,,,,,,,,,,,,,,,,,0,0,0,0,13.0
Pat Freiermuth,TE,PIT,11,CLE,0,0,0,0,0,0,0,0,1,7,0,1,0,0,0,0,0,0,0,0,0,0,,,,,
Patrick Mahomes,QB,KC,11,PHI,177,2,43,24,1,38,0,6,0,0,0,0,0,0,0,0,0,0,0,0,0,0,,,,,
Payne Durham,TE,TB,11,SF,0,0,0,0,0,0,0,0,2,13,0,2,0,0,0,0,0,0,0,0,0,0,,,,,
Pierre Strong,RB,CLE,11,PIT,0,0,0,0,0,1,0,1,1,4,0,1,0,0,0,0,0,0,0,0,0,0,,,,,
Puka Nacua,WR,LA,11,SEA,0,0,0,0,0,7,0,1,5,70,1,7,0,0,0,0,0,0,0,0,0,0,,,,,
Quentin Johnston,WR,LAC,11,GB,0,0,0,0,0,0,0,0,2,21,0,6,0,0,0,0,0,0,0,0,0,0,,,,,
Quintin Morris,TE,BUF,11,NYJ,0,0,0,0,0,0,0,0,1,11,0,2,0,0,0,0,0,0,0,0,0,0,,,,,
Rachaad White,RB,TB,11,SF,0,0,0,0,0,30,1,9,6,28,0,7,0,0,0,0,0,0,0,0,0,0,,,,,
Raheem Blackshear,RB,CAR,11,DAL,0,0,0,0,0,0,0,0,0,0,0,0,0,0,0,0,0,0,0,0,0,0,,,,,
Raheem Mostert,RB,MIA,11,LV,0,0,0,0,0,86,0,22,1,7,0,2,0,0,0,0,0,0,0,0,0,0,,,,,
Rakim Jarrett,WR,TB,11,SF,0,0,0,0,0,0,0,0,1,41,0,2,0,0,0,0,0,0,0,0,0,0,,,,,
Randy Bullock,K,NYG,11,WAS,0,0,0,0,0,0,0,0,0,0,0,0,0,0,0,0,0,1,0,0,0,4,,,,,
Rashee Rice,WR,KC,11,PHI,0,0,0,0,0,0,0,0,4,42,0,5,0,0,0,0,0,0,0,0,0,0,,,,,
Rashod Bateman,WR,BAL,11,CIN,0,0,0,0,0,0,0,0,1,10,1,2,0,0,0,0,0,0,0,0,0,0,,,,,
Ray-Ray McCloud,WR,SF,11,TB,0,0,0,0,0,0,0,0,0,0,0,0,0,0,0,0,0,0,0,0,0,0,,,,,
Reggie Gilliam,RB,BUF,11,NYJ,0,0,0,0,0,0,0,0,0,0,0,0,0,0,0,0,0,0,0,0,0,0,,,,,
Rico Dowdle,RB,DAL,11,CAR,0,0,0,0,0,23,0,8,2,-3,0,2,0,0,0,0,0,0,0,0,0,0,,,,,
Riley Patterson,K,DET,11,CHI,0,0,0,0,0,0,0,0,0,0,0,0,0,0,0,0,0,0,0,0,0,3,,,,,
Robbie Chosen,WR,MIA,11,LV,0,0,0,0,0,0,0,0,2,39,0,2,0,0,0,0,0,0,0,0,0,0,,,,,
Robert Woods,WR,HOU,11,ARI,0,0,0,0,0,0,0,0,5,44,0,8,0,0,0,0,0,0,0,0,0,0,,,,,
Rod Williams,TE,PIT,11,CLE,0,0,0,0,0,0,0,0,0,0,0,0,0,0,0,0,0,0,0,0,0,0,,,,,
Romeo Doubs,WR,GB,11,LAC,0,0,0,0,0,0,0,0,5,53,1,6,0,0,0,0,0,0,0,0,0,0,,,,,
Rondale Moore,WR,ARI,11,HOU,0,0,0,0,0,6,0,2,1,48,1,1,0,0,0,0,0,0,0,0,0,0,,,,,
Roschon Johnson,RB,CHI,11,DET,0,0,0,0,0,30,0,6,0,0,0,0,0,0,0,0,0,0,0,0,0,0,,,,,
Royce Freeman,RB,LA,11,SEA,0,0,0,0,0,73,0,17,0,0,0,0,0,0,0,0,0,0,0,0,0,0,,,,,
Russell Wilson,QB,DEN,11,MIN,259,1,35,27,0,1,0,2,0,0,0,0,0,0,0,0,0,0,0,0,0,0,,,,,
SEA,DEF,SEA,11,LA,,,,,,,,,,,,,,,,,,,,,,,0,0,0,0,17.0
SF,DEF,SF,11,TB,,,,,,,,,,,,,,,,,,,,,,,0,0,0,0,14.0
Salvon Ahmed,RB,MIA,11,LV,0,0,0,0,0,6,0,3,3,25,1,3,0,0,0,0,0,0,0,0,0,0,,,,,
Sam Howell,QB,WAS,11,NYG,256,1,45,31,3,35,1,3,0,0,0,0,0,0,0,0,0,0,0,0,0,0,,,,,
Sam LaPorta,TE,DET,11,CHI,0,0,0,0,0,0,0,0,3,18,0,5,0,0,1,0,0,0,0,0,0,0,,,,,
Samaje Perine,RB,DEN,11,MIN,0,0,0,0,0,7,0,1,7,60,0,7,0,0,0,0,0,0,0,0,0,0,,,,,
Saquon Barkley,RB,NYG,11,WAS,0,0,0,0,0,83,0,14,4,57,2,5,0,0,0,0,0,0,0,0,0,0,,,,,
Sean McKeon,TE,DAL,11,CAR,0,0,0,0,0,0,0,0,0,0,0,0,0,0,0,0,0,0,0,0,0,0,,,,,
Shedrick Jackson,WR,CIN,11,BAL,0,0,0,0,0,0,0,0,0,0,0,1,0,0,0,0,0,0,0,0,0,0,,,,,
Skyy Moore,WR,KC,11,PHI,0,0,0,0,0,0,0,0,1,4,0,2,0,0,0,0,0,0,0,0,0,0,,,,,
Stefon Diggs,WR,BUF,11,NYJ,0,0,0,0,0,0,0,0,4,27,0,8,0,0,0,0,0,0,0,0,0,0,,,,,
Stephen Sullivan,TE,CAR,11,DAL,0,0,0,0,0,0,0,0,1,20,0,1,0,0,0,0,0,0,0,0,0,0,,,,,
Sterling Shepard,WR,NYG,11,WAS,0,0,0,0,0,0,0,0,1,5,0,3,0,0,0,0,0,0,0,0,0,0,,,,,
Steven Sims,WR,HOU,11,ARI,0,0,0,0,0,0,0,0,2,25,0,2,0,0,0,0,0,0,0,0,0,0,,,,,
Stone Smartt,TE,LAC,11,GB,0,0,0,0,0,0,0,0,1,51,1,3,0,0,0,0,0,0,0,0,0,0,,,,,
T.J. Hockenson,TE,MIN,11,DEN,0,0,0,0,0,0,0,0,4,55,0,7,0,0,0,0,0,0,0,0,0,0,,,,,
TB,DEF,TB,11,SF,,,,,,,,,,,,,,,,,,,,,,,0,0,0,0,27.0
TEN,DEF,TEN,11,JAX,,,,,,,,,,,,,,,,,,,,,,,0,0,0,0,34.0
Tank Bigsby,RB,JAX,11,TEN,0,0,0,0,0,21,0,9,0,0,0,0,0,0,0,0,0,0,0,0,0,0,,,,,
Tank Dell,WR,HOU,11,ARI,0,0,0,0,0,0,0,0,8,149,1,10,0,0,0,0,0,0,0,0,0,0,,,,,
Tanner Hudson,TE,CIN,11,BAL,0,0,0,0,0,0,0,0,4,49,0,4,0,0,0,0,0,0,0,0,0,0,,,,,
Terry McLaurin,WR,WAS,11,NYG,0,0,0,0,0,0,0,0,5,43,0,7,0,0,0,0,0,0,0,0,0,0,,,,,
Tim Boyle,QB,NYJ,11,BUF,33,0,14,7,1,1,0,1,0,0,0,0,0,0,0,0,0,0,0,0,0,0,,,,,
Tommy DeVito,QB,NYG,11,WAS,246,3,26,18,0,7,0,1,0,0,0,0,0,0,0,0,0,0,0,0,0,0,,,,,
Tommy Tremble,TE,CAR,11,DAL,0,0,0,0,0,0,0,0,1,4,1,3,0,0,0,0,0,0,0,0,0,0,,,,,
Tony Jones,RB,ARI,11,HOU,0,0,0,0,0,10,0,1,1,11,0,1,0,0,0,0,0,0,0,0,0,0,,,,,
Tony Pollard,RB,DAL,11,CAR,0,0,0,0,0,61,1,12,4,19,0,5,0,0,0,0,0,0,0,0,0,0,,,,,
Travis Etienne,RB,JAX,11,TEN,0,0,0,0,0,52,0,14,3,7,0,3,0,0,0,0,0,0,0,0,0,0,,,,,
Travis Kelce,TE,KC,11,PHI,0,0,0,0,0,0,0,0,7,44,1,9,0,0,0,0,0,0,0,0,0,0,,,,,
Trayveon Williams,RB,CIN,11,BAL,0,0,0,0,0,20,0,2,0,0,0,0,0,0,0,0,0,0,0,0,0,0,,,,,
Tre Tucker,WR,LV,11,MIA,0,0,0,0,0,-6,0,1,2,36,0,7,0,0,0,0,0,0,0,0,0,0,,,,,
Trent Taylor,WR,CHI,11,DET,0,0,0,0,0,0,0,0,0,0,0,0,0,0,0,0,0,0,0,0,0,0,,,,,
Trenton Irwin,WR,CIN,11,BAL,0,0,0,0,0,0,0,0,3,36,0,5,0,0,0,0,0,0,0,0,0,0,,,,,
Trevon Wesco,TE,TEN,11,JAX,0,0,0,0,0,0,0,0,0,0,0,0,0,0,0,0,0,0,0,0,0,0,,,,,
Trevor Lawrence,QB,JAX,11,TEN,262,2,32,24,0,17,2,5,0,0,0,0,0,0,0,0,0,0,0,0,0,0,,,,,
Trey McBride,TE,ARI,11,HOU,0,0,0,0,0,0,0,0,5,43,0,7,0,0,0,0,0,0,0,0,0,0,,,,,
Trey Palmer,WR,TB,11,SF,0,0,0,0,0,6,0,1,4,22,0,6,0,0,0,0,0,0,0,0,0,0,,,,,
Tua Tagovailoa,QB,MIA,11,LV,325,2,39,28,1,6,0,2,0,0,0,0,0,0,0,0,0,0,0,0,0,0,,,,,
Tucker Kraft,TE,GB,11,LAC,0,0,0,0,0,0,0,0,2,32,0,2,0,0,0,0,0,0,0,0,0,0,,,,,
Tutu Atwell,WR,LA,11,SEA,0,0,0,0,0,0,0,0,1,17,0,3,0,0,0,0,0,0,0,0,0,0,,,,,
Ty Chandler,RB,MIN,11,DEN,0,0,0,0,0,73,0,10,4,37,0,4,0,0,0,0,0,0,0,0,0,0,,,,,
Ty Johnson,RB,BUF,11,NYJ,0,0,0,0,0,11,0,3,3,47,1,3,0,0,0,0,0,0,0,0,0,0,,,,,
Tyjae Spears,RB,TEN,11,JAX,0,0,0,0,0,14,0,4,2,12,0,2,0,0,0,0,0,0,0,0,0,0,,,,,
Tyler Bass,K,BUF,11,NYJ,0,0,0,0,0,0,0,0,0,0,0,0,0,0,0,0,0,2,1,1,0,2,,,,,
Tyler Boyd,WR,CIN,11,BAL,0,0,0,0,0,0,0,0,3,22,0,6,0,0,0,0,0,0,0,0,0,0,,,,,
Tyler Conklin,TE,NYJ,11,BUF,0,0,0,0,0,0,0,0,2,18,0,3,0,0,0,0,0,0,0,0,0,0,,,,,
Tyler Higbee,TE,LA,11,SEA,0,0,0,0,0,0,0,0,1,17,0,3,0,0,0,0,0,0,0,0,0,0,,,,,
Tyler Lockett,WR,SEA,11,LA,0,0,0,0,0,0,0,0,5,51,0,7,0,0,0,0,0,0,0,0,0,0,,,,,
Tyler Scott,WR,CHI,11,DET,0,0,0,0,0,0,0,0,1,4,0,2,0,0,0,0,0,0,0,0,0,0,,,,,
Tyreek Hill,WR,MIA,11,LV,0,0,0,0,0,0,0,0,10,146,1,11,0,0,0,0,0,0,0,0,0,0,,,,,
WAS,DEF,WAS,11,NYG,,,,,,,,,,,,,,,,,,,,,,,0,0,0,0,31.0
Wan'Dale Robinson,WR,NYG,11,WAS,0,0,0,0,0,2,0,1,3,35,0,4,0,0,0,0,0,0,0,0,0,0,,,,,
Wil Lutz,K,DEN,11,MIN,0,0,0,0,0,0,0,0,0,0,0,0,0,0,0,0,1,3,0,1,0,0,,,,,
Will Dissly,TE,SEA,11,LA,0,0,0,0,0,0,0,0,1,9,0,3,0,0,0,0,0,0,0,0,0,0,,,,,
Will Levis,QB,TEN,11,JAX,158,2,17,13,0,2,0,4,0,0,0,0,0,0,0,0,0,0,0,0,0,0,,,,,
Xavier Gipson,WR,NYJ,11,BUF,0,0,0,0,0,0,0,0,1,7,0,2,0,0,0,0,0,0,0,0,0,0,,,,,
Zach Charbonnet,RB,SEA,11,LA,0,0,0,0,0,47,0,15,6,22,0,6,0,0,0,0,0,0,0,0,0,0,,,,,
Zach Evans,RB,LA,11,SEA,0,0,0,0,0,0,0,1,0,0,0,0,0,0,0,0,0,0,0,0,0,0,,,,,
Zach Wilson,QB,NYJ,11,BUF,81,1,15,7,1,15,0,4,0,0,0,0,0,0,0,0,0,0,0,0,0,0,,,,,
Zay Flowers,WR,BAL,11,CIN,0,0,0,0,0,7,0,1,3,43,0,4,0,0,0,0,0,0,0,0,0,0,,,,,
Zay Jones,WR,JAX,11,TEN,0,0,0,0,0,0,0,0,4,20,0,4,0,0,0,0,0,0,0,0,0,0,,,,,
A.J. Brown,WR,PHI,12,BUF,0,0,0,0,0,0,0,0,5,37,1,9,0,0,0,0,0,0,0,0,0,0,,,,,
A.T. Perry,WR,NO,12,ATL,0,0,0,0,0,0,0,0,1,7,0,2,0,0,0,0,0,0,0,0,0,0,,,,,
AJ Dillon,RB,GB,12,DET,0,0,0,0,0,43,0,14,3,38,0,3,0,0,0,0,0,0,0,0,0,0,,,,,
ARI,DEF,ARI,12,LA,,,,,,,,,,,,,,,,,,,,,,,0,0,0,0,37.0
ATL,DEF,ATL,12,NO,,,,,,,,,,,,,,,,,,,,,,,1,0,0,0,15.0
Adam Thielen,WR,CAR,12,TEN,0,0,0,0,0,0,0,0,1,2,0,3,0,0,0,0,0,0,0,0,0,0,,,,,
Adam Trautman,TE,DEN,12,CLE,0,0,0,0,0,0,0,0,1,8,1,1,0,0,0,0,0,0,0,0,0,0,,,,,
Aidan O'Connell,QB,LV,12,KC,248,1,33,23,0,0,0,0,0,0,0,0,0,0,0,0,0,0,0,0,0,0,,,,,
Alec Pierce,WR,IND,12,TB,0,0,0,0,0,0,0,0,4,27,0,6,0,0,0,0,0,0,0,0,0,0,,,,,
Alex Erickson,WR,LAC,12,BAL,0,0,0,0,0,0,0,0,1,17,0,3,0,0,0,0,0,0,0,0,0,0,,,,,
Alexander Mattison,RB,MIN,12,CHI,0,0,0,0,0,52,0,10,2,11,0,2,0,0,0,0,0,0,0,0,0,0,,,,,
Allen Robinson,WR,PIT,12,CIN,0,0,0,0,0,0,0,0,1,11,0,1,0,0,0,0,0,0,0,0,0,0,,,,,
Alvin Kamara,RB,NO,12,ATL,0,0,0,0,0,69,0,15,4,50,0,5,0,0,0,0,0,0,0,0,0,0,,,,,
Amari Cooper,WR,CLE,12,DEN,0,0,0,0,0,0,0,0,2,16,0,6,0,0,0,0,0,0,0,0,0,0,,,,,
Ameer Abdullah,RB,LV,12,KC,0,0,0,0,0,11,0,1,1,2,0,1,0,0,0,0,0,0,0,0,0,0,,,,,
Amon-Ra St. Brown,WR,DET,12,GB,0,0,0,0,0,0,0,0,9,95,0,11,0,0,0,0,0,0,0,0,0,0,,,,,
Anders Carlson,K,GB,12,DET,0,0,0,0,0,0,0,0,0,0,0,0,0,0,0,0,0,0,1,0,0,2,,,,,
Andrei Iosivas,WR,CIN,12,PIT,0,0,0,0,0,0,0,0,1,16,0,2,0,0,0,0,0,0,0,0,0,0,,,,,
Andy Isabella,WR,BUF,12,PHI,0,0,0,0,0,0,0,0,0,0,0,0,0,0,0,0,0,0,0,0,0,0,,,,,
Antonio Gibson,RB,WAS,12,DAL,0,0,0,0,0,21,0,6,3,16,0,4,0,0,0,0,0,0,0,0,0,0,,,,,
Austin Ekeler,RB,LAC,12,BAL,0,0,0,0,0,32,0,10,5,32,0,6,0,0,0,0,0,0,0,0,0,0,,,,,
Austin Hooper,TE,LV,12,KC,0,0,0,0,0,0,0,0,1,14,0,2,0,0,0,0,0,0,0,0,0,0,,,,,
Austin Trammell,WR,LA,12,ARI,0,0,0,0,0,0,0,0,0,0,0,0,0,0,0,0,0,0,0,0,0,0,,,,,
BAL,DEF,BAL,12,LAC,,,,,,,,,,,,,,,,,,,,,,,0,0,0,0,10.0
BUF,DEF,BUF,12,PHI,,,,,,,,,,,,,,,,,,,,,,,0,0,0,0,37.0
Bailey Zappe,QB,NE,12,NYG,54,0,14,9,1,0,0,0,0,0,0,0,0,0,0,0,0,0,0,0,0,0,,,,,
Baker Mayfield,QB,TB,12,IND,199,2,30,20,1,14,0,3,0,0,0,0,0,0,0,0,0,0,0,0,0,0,,,,,
Ben Sims,TE,GB,12,DET,0,0,0,0,0,0,0,0,0,0,0,1,0,0,0,0,0,0,0,0,0,0,,,,,
Ben Skowronek,WR,LA,12,ARI,0,0,0,0,0,0,0,0,1,-1,0,1,0,0,0,0,0,0,0,0,0,0,,,,,
Bijan Robinson,RB,ATL,12,NO,0,0,0,0,0,91,1,16,3,32,1,6,0,0,0,0,0,0,0,0,0,0,,,,,
Blake Grupe,K,NO,12,ATL,0,0,0,0,0,0,0,0,0,0,0,0,0,0,0,0,1,1,2,1,0,0,,,,,
Boston Scott,RB,PHI,12,BUF,0,0,0,0,0,14,0,2,0,0,0,1,0,0,0,0,0,0,0,0,0,0,,,,,
Brandin Cooks,WR,DAL,12,WAS,0,0,0,0,0,0,0,0,4,72,1,5,0,0,0,0,0,0,0,0,0,0,,,,,
Brandon Aiyuk,WR,SF,12,SEA,0,0,0,0,0,0,0,0,2,50,1,4,0,0,0,0,0,0,0,0,0,0,,,,,
Brandon Aubrey,K,DAL,12,WAS,0,0,0,0,0,0,0,0,0,0,0,0,0,0,0,0,0,0,0,1,0,4,,,,,
Brandon McManus,K,JAX,12,HOU,0,0,0,0,0,0,0,0,0,0,0,0,0,0,0,0,0,0,2,1,0,1,,,,,
Brandon Powell,WR,MIN,12,CHI,0,0,0,0,0,2,0,1,3,45,0,3,0,0,0,0,0,0,0,0,0,0,,,,,
Braxton Berrios,WR,MIA,12,NYJ,0,0,0,0,0,0,0,0,0,0,0,1,0,0,0,0,0,0,0,0,0,0,,,,,
Breece Hall,RB,NYJ,12,MIA,0,0,0,0,0,25,0,7,7,24,0,9,0,0,0,0,0,0,0,0,0,0,,,,,
Brevin Jordan,TE,HOU,12,JAX,0,0,0,0,0,0,0,0,1,9,0,2,0,0,0,0,0,0,0,0,0,0,,,,,
Brian Robinson,RB,WAS,12,DAL,0,0,0,0,0,53,0,15,2,11,0,3,0,0,0,0,0,0,0,0,0,0,,,,,
Britain Covey,WR,PHI,12,BUF,0,0,0,0,0,0,0,0,0,0,0,0,0,0,0,0,0,0,0,0,0,0,,,,,
Brock Purdy,QB,SF,12,SEA,209,1,30,21,1,1,0,3,0,0,0,0,0,0,0,0,0,0,0,0,0,0,,,,,
Brock Wright,TE,DET,12,GB,0,0,0,0,0,0,0,0,1,9,0,1,0,0,0,0,0,0,0,0,0,0,,,,,
Bryce Young,QB,CAR,12,TEN,194,0,31,18,0,23,0,3,0,0,0,0,0,0,0,0,0,0,0,0,0,0,,,,,
Byron Pringle,WR,WAS,12,DAL,0,0,0,0,0,0,0,0,2,27,0,2,0,0,0,0,0,0,0,0,0,0,,,,,
C.J. Stroud,QB,HOU,12,JAX,304,2,36,26,0,47,1,6,0,0,0,0,0,0,0,0,0,0,0,0,0,0,,,,,
CAR,DEF,CAR,12,TEN,,,,,,,,,,,,,,,,,,,,,,,0,0,0,0,17.0
CHI,DEF,CHI,12,MIN,,,,,,,,,,,,,,,,,,,,,,,0,0,0,0,10.0
CIN,DEF,CIN,12,PIT,,,,,,,,,,,,,,,,,,,,,,,0,0,0,0,16.0
CLE,DEF,CLE,12,DEN,,,,,,,,,,,,,,,,,,,,,,,0,0,0,0,29.0
Cade Otton,TE,TB,12,IND,0,0,0,0,0,0,0,0,4,45,0,4,0,0,0,0,0,0,0,0,0,0,,,,,
Cairo Santos,K,CHI,12,MIN,0,0,0,0,0,0,0,0,0,0,0,0,0,0,0,0,1,2,0,1,0,0,,,,,
Calvin Austin III,WR,PIT,12,CIN,0,0,0,0,0,0,0,0,1,5,0,1,0,0,0,0,0,0,0,0,0,0,,,,,
Calvin Ridley,WR,JAX,12,HOU,0,0,0,0,0,0,0,0,5,89,1,6,0,0,1,0,0,0,0,0,0,0,,,,,
Cameron Dicker,K,LAC,12,BAL,0,0,0,0,0,0,0,0,0,0,0,0,0,0,0,0,0,1,0,0,0,1,,,,,
Cedric Tillman,WR,CLE,12,DEN,0,0,0,0,0,0,0,0,4,55,0,5,0,0,0,0,0,0,0,0,0,0,,,,,
CeeDee Lamb,WR,DAL,12,WAS,0,0,0,0,0,0,0,1,4,53,1,9,0,0,1,0,0,0,0,0,0,0,,,,,
Chad Ryland,K,NE,12,NYG,0,0,0,0,0,0,0,0,0,0,0,0,0,0,0,0,0,0,0,0,0,1,,,,,
Charlie Jones,WR,CIN,12,PIT,0,0,0,0,0,0,0,0,0,0,0,0,0,0,0,0,0,0,0,0,0,0,,,,,
Charlie Woerner,TE,SF,12,SEA,0,0,0,0,0,0,0,0,1,9,0,1,0,0,0,0,0,0,0,0,0,0,,,,,
Chase Brown,RB,CIN,12,PIT,0,0,0,0,0,0,0,0,0,0,0,0,0,0,0,0,0,0,0,0,0,0,,,,,
Chase Edmonds,RB,TB,12,IND,0,0,0,0,0,11,0,1,0,0,0,1,0,0,0,0,0,0,0,0,0,0,,,,,
Chase McLaughlin,K,TB,12,IND,0,0,0,0,0,0,0,0,0,0,0,0,0,0,0,0,2,0,0,0,0,2,,,,,
Chig Okonkwo,TE,TEN,12,CAR,0,0,0,0,0,0,0,0,4,45,0,5,0,0,0,0,0,0,0,0,0,0,,,,,
Chris Boswell,K,PIT,12,CIN,0,0,0,0,0,0,0,0,0,0,0,0,0,0,0,0,0,2,1,0,0,1,,,,,
Chris Godwin Jr.,WR,TB,12,IND,0,0,0,0,0,0,0,0,3,45,0,7,0,0,0,0,0,0,0,0,0,0,,,,,
Chris Moore,WR,TEN,12,CAR,0,0,0,0,0,1,0,1,3,41,0,4,0,0,0,0,0,0,0,0,0,0,,,,,
Chris Olave,WR,NO,12,ATL,0,0,0,0,0,0,0,0,7,114,0,9,0,0,0,0,0,0,0,0,0,0,,,,,
Chris Rodriguez Jr.,RB,WAS,12,DAL,0,0,0,0,0,21,0,4,0,0,0,0,0,0,0,0,0,0,0,0,0,0,,,,,
Christian Kirk,WR,JAX,12,HOU,0,0,0,0,0,0,0,0,4,89,0,7,0,0,0,0,0,0,0,0,0,0,,,,,
Christian McCaffrey,RB,SF,12,SEA,0,0,0,0,0,114,2,19,5,25,0,6,0,0,0,0,0,0,0,0,0,0,,,,,
Christian Watson,WR,GB,12,DET,0,0,0,0,0,0,0,0,5,94,1,7,0,0,0,0,0,0,0,0,0,0,,,,,
Chuba Hubbard,RB,CAR,12,TEN,0,0,0,0,0,45,1,14,5,47,0,5,0,0,0,0,0,0,0,0,0,0,,,,,
Clayton Tune,QB,ARI,12,LA,0,0,0,0,0,0,0,0,0,0,0,0,0,0,1,0,0,0,0,0,0,0,,,,,
Clyde Edwards-Helaire,RB,KC,12,LV,0,0,0,0,0,5,0,3,0,0,0,0,0,0,0,0,0,0,0,0,0,0,,,,,
Colby Parkinson,TE,SEA,12,SF,0,0,0,0,0,0,0,0,1,9,0,1,0,0,0,0,0,0,0,0,0,0,,,,,
Cole Kmet,TE,CHI,12,MIN,0,0,0,0,0,0,0,0,7,43,0,7,0,0,0,0,0,0,0,0,0,0,,,,,
Cole Turner,TE,WAS,12,DAL,0,0,0,0,0,0,0,0,1,29,0,1,0,0,0,0,0,0,0,0,0,0,,,,,
Colton Dowell,WR,TEN,12,CAR,0,0,0,0,0,0,0,0,0,0,0,0,0,0,0,0,0,0,0,0,0,0,,,,,
Cooper Kupp,WR,LA,12,ARI,0,0,0,0,0,0,0,0,3,18,0,5,0,0,0,0,0,0,0,0,0,0,,,,,
Cordarrelle Patterson,RB,ATL,12,NO,0,0,0,0,0,43,0,8,0,0,0,0,0,0,0,0,0,0,0,0,0,0,,,,,
Courtland Sutton,WR,DEN,12,CLE,0,0,0,0,0,0,0,0,3,61,0,6,0,0,0,0,0,0,0,0,0,0,,,,,
Curtis Samuel,WR,WAS,12,DAL,0,0,0,0,0,0,0,0,9,100,0,12,0,0,0,0,0,0,0,0,0,0,,,,,
D'Andre Swift,RB,PHI,12,BUF,0,0,0,0,0,80,0,14,1,4,0,1,0,0,0,0,0,0,0,0,0,0,,,,,
D'Ernest Johnson,RB,JAX,12,HOU,0,0,0,0,0,19,0,7,1,42,0,2,0,0,0,0,0,0,0,0,0,0,,,,,
DAL,DEF,DAL,12,WAS,,,,,,,,,,,,,,,,,,,,,,,1,0,0,0,10.0
DEN,DEF,DEN,12,CLE,,,,,,,,,,,,,,,,,,,,,,,0,1,0,0,12.0
DET,DEF,DET,12,GB,,,,,,,,,,,,,,,,,,,,,,,0,0,0,0,29.0
DJ Chark,WR,CAR,12,TEN,0,0,0,0,0,0,0,0,3,34,0,4,0,0,0,0,0,0,0,0,0,0,,,,,
DJ Moore,WR,CHI,12,MIN,0,0,0,0,0,0,0,0,11,114,0,13,0,0,0,0,0,0,0,0,0,0,,,,,
DK Metcalf,WR,SEA,12,SF,0,0,0,0,0,0,0,0,3,32,0,9,0,0,0,0,0,0,0,0,0,0,,,,,
Dak Prescott,QB,DAL,12,WAS,331,4,32,22,0,10,0,1,0,0,0,0,0,0,1,0,0,0,0,0,0,0,,,,,
Dalton Kincaid,TE,BUF,12,PHI,0,0,0,0,0,0,0,0,5,38,0,6,0,0,0,0,0,0,0,0,0,0,,,,,
Dalton Schultz,TE,HOU,12,JAX,0,0,0,0,0,0,0,0,1,2,0,2,0,0,0,0,0,0,0,0,0,0,,,,,
Dalvin Cook,RB,NYJ,12,MIA,0,0,0,0,0,2,0,1,2,19,0,3,0,0,0,0,0,0,0,0,0,0,,,,,
Dameon Pierce,RB,HOU,12,JAX,0,0,0,0,0,14,0,5,1,4,0,1,0,0,0,0,0,0,0,0,0,0,,,,,
Daniel Bellinger,TE,NYG,12,NE,0,0,0,0,0,0,0,0,1,8,0,1,0,0,0,0,0,0,0,0,0,0,,,,,
Daniel Carlson,K,LV,12,KC,0,0,0,0,0,0,0,0,0,0,0,0,0,0,0,0,0,1,0,0,0,2,,,,,
Darius Slayton,WR,NYG,12,NE,0,0,0,0,0,0,0,0,2,16,0,3,0,0,0,0,0,0,0,0,0,0,,,,,
Darnell Mooney,WR,CHI,12,MIN,0,0,0,0,0,0,0,0,2,6,0,3,0,0,0,0,0,0,0,0,0,0,,,,,
Darnell Washington,TE,PIT,12,CIN,0,0,0,0,0,0,0,0,1,10,0,1,0,0,0,0,0,0,0,0,0,0,,,,,
Darrynton Evans,RB,MIA,12,NYJ,0,0,0,0,0,16,0,2,0,0,0,0,0,0,0,0,0,0,0,0,0,0,,,,,
Davante Adams,WR,LV,12,KC,0,0,0,0,0,0,0,0,5,73,0,7,0,0,0,0,0,0,0,0,0,0,,,,,
David Bell,WR,CLE,12,DEN,0,0,0,0,0,0,0,0,0,0,0,2,0,0,0,0,0,0,0,0,0,0,,,,,
David Montgomery,RB,DET,12,GB,0,0,0,0,0,71,1,15,0,0,0,1,0,0,1,0,0,0,0,0,0,0,,,,,
David Moore,WR,TB,12,IND,0,0,0,0,0,0,0,0,0,0,0,1,0,0,0,0,0,0,0,0,0,0,,,,,
David Njoku,TE,CLE,12,DEN,0,0,0,0,0,0,0,0,6,59,0,9,0,0,0,0,0,0,0,0,0,0,,,,,
Davis Allen,TE,LA,12,ARI,0,0,0,0,0,0,0,0,1,6,0,1,0,0,0,0,0,0,0,0,0,0,,,,,
DeAndre Carter,WR,LV,12,KC,0,0,0,0,0,0,0,0,0,0,0,0,0,0,0,0,0,0,0,0,0,0,,,,,
DeAndre Hopkins,WR,TEN,12,CAR,0,0,0,0,0,0,0,0,3,49,0,5,0,0,0,0,0,0,0,0,0,0,,,,,
DeMario Douglas,WR,NE,12,NYG,0,0,0,0,0,0,0,0,6,49,0,9,0,0,0,0,0,0,0,0,0,0,,,,,
DeVante Parker,WR,NE,12,NYG,0,0,0,0,0,0,0,0,3,42,0,5,0,0,0,0,0,0,0,0,0,0,,,,,
DeVonta Smith,WR,PHI,12,BUF,0,0,0,0,0,0,0,0,7,106,1,8,0,0,0,0,0,0,0,0,0,0,,,,,
Dee Eskridge,WR,SEA,12,SF,0,0,0,0,0,10,0,1,0,0,0,0,0,0,0,0,0,0,0,0,0,0,,,,,
DeeJay Dallas,RB,SEA,12,SF,0,0,0,0,0,10,0,2,1,5,0,1,0,0,0,0,0,0,0,0,0,0,,,,,
Deebo Samuel Sr.,WR,SF,12,SEA,0,0,1,0,0,15,1,4,7,79,0,9,0,0,0,0,0,0,0,0,0,0,,,,,
Demarcus Robinson,WR,LA,12,ARI,0,0,0,0,0,0,0,0,2,13,0,2,0,0,0,0,0,0,0,0,0,0,,,,,
Derek Carr,QB,NO,12,ATL,304,0,38,24,1,7,0,2,0,0,0,0,0,0,0,0,0,0,0,0,0,0,,,,,
Derius Davis,WR,LAC,12,BAL,0,0,0,0,0,-1,0,2,1,2,0,1,0,0,0,0,0,0,0,0,0,0,,,,,
Derrick Henry,RB,TEN,12,CAR,0,0,0,0,0,76,2,18,1,0,0,2,0,0,0,0,0,0,0,0,0,0,,,,,
Desmond Ridder,QB,ATL,12,NO,168,1,21,13,2,30,0,7,0,0,0,0,0,0,0,0,0,0,0,0,0,0,,,,,
Deven Thompkins,WR,TB,12,IND,0,0,0,0,0,0,0,0,0,0,0,0,0,0,0,0,0,0,0,0,0,0,,,,,
Devin Duvernay,WR,BAL,12,LAC,0,0,0,0,0,0,0,1,0,0,0,0,0,0,0,0,0,0,0,0,0,0,,,,,
Devin Singletary,RB,HOU,12,JAX,0,0,0,0,0,18,0,6,6,54,0,7,0,0,0,0,0,0,0,0,0,0,,,,,
Diontae Johnson,WR,PIT,12,CIN,0,0,0,0,0,0,0,0,4,50,0,8,0,0,0,0,0,0,0,0,0,0,,,,,
Donald Parham,TE,LAC,12,BAL,0,0,0,0,0,0,0,0,0,0,0,0,0,0,0,0,0,0,0,0,0,0,,,,,
Donovan Peoples-Jones,WR,DET,12,GB,0,0,0,0,0,0,0,0,0,0,0,0,0,0,0,0,0,0,0,0,0,0,,,,,
Dorian Thompson-Robinson,QB,CLE,12,DEN,134,1,29,14,0,21,0,5,0,0,0,0,0,0,0,0,0,0,0,0,0,0,,,,,
Drake London,WR,ATL,12,NO,0,0,0,0,0,0,0,0,5,91,0,7,0,0,0,0,0,0,0,0,0,0,,,,,
Drew Sample,TE,CIN,12,PIT,0,0,0,0,0,0,0,0,1,11,1,1,0,0,0,0,0,0,0,0,0,0,,,,,
Durham Smythe,TE,MIA,12,NYJ,0,0,0,0,0,0,0,0,1,10,0,3,0,0,0,0,0,0,0,0,0,0,,,,,
Dustin Hopkins,K,CLE,12,DEN,0,0,0,0,0,0,0,0,0,0,0,0,0,0,0,0,1,1,0,0,0,0,,,,,
Dyami Brown,WR,WAS,12,DAL,0,0,0,0,0,0,0,0,0,0,0,1,0,0,0,0,0,0,0,0,0,0,,,,,
Eddy Pineiro,K,CAR,12,TEN,0,0,0,0,0,0,0,0,0,0,0,0,0,0,0,0,0,0,0,1,0,1,,,,,
Elijah Higgins,TE,ARI,12,LA,0,0,0,0,0,0,0,0,1,26,0,2,0,0,0,0,0,0,0,0,0,0,,,,,
Elijah Mitchell,RB,SF,12,SEA,0,0,0,0,0,39,0,7,1,-3,0,1,0,0,0,0,0,0,0,0,0,0,,,,,
Elijah Moore,WR,CLE,12,DEN,0,0,0,0,0,0,0,1,3,44,0,9,0,0,0,0,0,0,0,0,0,0,,,,,
Emari Demercado,RB,ARI,12,LA,0,0,0,0,0,15,0,3,0,0,0,0,0,0,0,0,0,0,0,0,0,0,,,,,
Evan Engram,TE,JAX,12,HOU,0,0,0,0,0,0,0,0,5,49,0,8,0,0,0,0,0,0,0,0,0,0,,,,,
Evan McPherson,K,CIN,12,PIT,0,0,0,0,0,0,0,0,0,0,0,0,0,0,0,0,0,0,1,0,0,1,,,,,
Ezekiel Elliott,RB,NE,12,NYG,0,0,0,0,0,46,0,9,2,6,0,2,0,0,0,0,0,0,0,0,0,0,,,,,
Foster Moreau,TE,NO,12,ATL,0,0,0,0,0,0,0,0,0,0,0,0,0,0,0,0,0,0,0,0,0,0,,,,,
GB,DEF,GB,12,DET,,,,,,,,,,,,,,,,,,,,,,,0,0,0,0,22.0
Gabe Davis,WR,BUF,12,PHI,0,0,0,0,0,0,0,0,6,105,1,12,0,0,0,0,0,0,0,0,0,0,,,,,
Gardner Minshew,QB,IND,12,TB,251,0,41,24,1,6,1,3,0,0,0,0,0,0,0,0,0,0,0,0,0,0,,,,,
Garrett Wilson,WR,NYJ,12,MIA,0,0,0,0,0,0,0,0,7,44,1,10,0,0,0,0,0,0,0,0,0,0,,,,,
Geno Smith,QB,SEA,12,SF,180,0,27,18,1,21,0,4,0,0,0,0,0,0,0,0,0,0,0,0,0,0,,,,,
Geoff Swaim,TE,ARI,12,LA,0,0,0,0,0,0,0,0,0,0,0,0,0,0,0,0,0,0,0,0,0,0,,,,,
George Kittle,TE,SF,12,SEA,0,0,0,0,0,0,0,0,3,19,0,5,0,0,0,0,0,0,0,0,0,0,,,,,
George Pickens,WR,PIT,12,CIN,0,0,0,0,0,0,0,0,3,58,0,5,0,0,0,0,0,0,0,0,0,0,,,,,
Gerald Everett,TE,LAC,12,BAL,0,0,0,0,0,0,0,0,4,43,1,4,0,0,0,0,0,0,0,0,0,0,,,,,
Greg Dortch,WR,ARI,12,LA,0,0,0,0,0,0,0,0,3,27,1,9,0,0,0,0,0,0,0,0,0,0,,,,,
Greg Joseph,K,MIN,12,CHI,0,0,0,0,0,0,0,0,0,0,0,0,0,0,0,0,0,1,0,0,0,1,,,,,
Greg Zuerlein,K,NYJ,12,MIA,0,0,0,0,0,0,0,0,0,0,0,0,0,0,0,0,0,0,0,0,0,1,,,,,
Gunner Olszewski,WR,NYG,12,NE,0,0,0,0,0,0,0,0,0,0,0,0,0,0,0,0,0,0,0,0,0,0,,,,,
Gus Edwards,RB,BAL,12,LAC,0,0,0,0,0,26,0,8,1,11,0,1,0,0,0,0,0,0,0,0,0,0,,,,,
HOU,DEF,HOU,12,JAX,,,,,,,,,,,,,,,,,,,,,,,0,0,0,0,24.0
Harrison Bryant,TE,CLE,12,DEN,0,0,0,0,0,0,0,1,1,2,1,1,0,0,0,0,0,0,0,0,0,0,,,,,
Harrison Butker,K,KC,12,LV,0,0,0,0,0,0,0,0,0,0,0,0,0,0,0,0,0,1,0,0,0,4,,,,,
Hunter Renfrow,WR,LV,12,KC,0,0,0,0,0,0,0,0,4,38,0,4,0,0,0,0,0,0,0,0,0,0,,,,,
IND,DEF,IND,12,TB,,,,,,,,,,,,,,,,,,,,,,,0,0,0,0,20.0
Ian Thomas,TE,CAR,12,TEN,0,0,0,0,0,0,0,0,1,9,0,1,0,0,0,0,0,0,0,0,0,0,,,,,
Ihmir Smith-Marsette,WR,CAR,12,TEN,0,0,0,0,0,0,0,0,1,14,0,1,0,0,0,0,0,0,0,0,0,0,,,,,
Irv Smith,TE,CIN,12,PIT,0,0,0,0,0,0,0,0,2,8,0,2,0,0,0,0,0,0,0,0,0,0,,,,,
Irvin Charles,WR,NYJ,12,MIA,0,0,0,0,0,0,0,0,0,0,0,0,0,0,0,0,0,0,0,0,0,0,,,,,
Isaiah Hodgins,WR,NYG,12,NE,0,0,0,0,0,0,0,0,1,12,1,1,0,0,0,0,0,0,0,0,0,0,,,,,
Isaiah Likely,TE,BAL,12,LAC,0,0,0,0,0,0,0,0,4,40,0,6,0,0,0,0,0,0,0,0,0,0,,,,,
Isaiah McKenzie,WR,IND,12,TB,0,0,0,0,0,3,0,1,0,0,0,0,0,0,0,0,0,0,0,0,0,0,,,,,
Isiah Pacheco,RB,KC,12,LV,0,0,0,0,0,55,2,15,5,34,0,5,0,0,0,0,0,0,0,0,0,0,,,,,
JAX,DEF,JAX,12,HOU,,,,,,,,,,,,,,,,,,,,,,,0,0,0,0,21.0
Ja'Marr Chase,WR,CIN,12,PIT,0,0,0,0,0,0,0,0,4,81,0,6,0,0,0,0,0,0,0,0,0,0,,,,,
Jack Stoll,TE,PHI,12,BUF,0,0,0,0,0,0,0,0,1,14,0,2,0,0,0,0,0,0,0,0,0,0,,,,,
Jahan Dotson,WR,WAS,12,DAL,0,0,0,0,0,0,0,0,5,52,0,6,0,0,0,0,0,0,0,0,0,0,,,,,
Jahmyr Gibbs,RB,DET,12,GB,0,0,0,0,0,54,0,11,4,19,0,8,0,0,0,0,0,0,0,0,0,0,,,,,
Jake Bobo,WR,SEA,12,SF,0,0,0,0,0,0,0,0,1,6,0,1,0,0,0,0,0,0,0,0,0,0,,,,,
Jake Browning,QB,CIN,12,PIT,227,1,26,19,1,9,0,3,0,0,0,0,0,0,0,0,0,0,0,0,0,0,,,,,
Jake Elliott,K,PHI,12,BUF,0,0,0,0,0,0,0,0,0,0,0,0,0,0,0,0,0,0,0,1,0,4,,,,,
Jake Ferguson,TE,DAL,12,WAS,0,0,0,0,0,0,0,0,1,35,0,3,0,0,0,0,0,0,0,0,0,0,,,,,
Jake Moody,K,SF,12,SEA,0,0,0,0,0,0,0,0,0,0,0,0,0,0,0,0,0,1,0,0,0,4,,,,,
Jakobi Meyers,WR,LV,12,KC,0,0,1,0,0,2,0,1,6,79,1,7,0,0,0,0,0,0,0,0,0,0,,,,,
Jaleel McLaughlin,RB,DEN,12,CLE,0,0,0,0,0,4,0,2,0,0,0,0,0,0,0,0,0,0,0,0,0,0,,,,,
Jalen Brooks,WR,DAL,12,WAS,0,0,0,0,0,0,0,0,1,24,0,1,0,0,0,0,0,0,0,0,0,0,,,,,
Jalen Guyton,WR,LAC,12,BAL,0,0,0,0,0,0,0,0,1,4,0,5,0,0,0,0,0,0,0,0,0,0,,,,,
Jalen Hurts,QB,PHI,12,BUF,200,3,31,18,1,65,2,14,0,0,0,0,0,0,0,0,0,0,0,0,0,0,,,,,
Jalen Tolbert,WR,DAL,12,WAS,0,0,0,0,0,0,0,0,2,49,0,3,0,0,0,0,0,0,0,0,0,0,,,,,
Jalin Hyatt,WR,NYG,12,NE,0,0,0,0,0,0,0,0,5,109,0,6,0,0,0,0,0,0,0,0,0,0,,,,,
Jamaal Williams,RB,NO,12,ATL,0,0,0,0,0,6,0,2,2,4,0,2,0,0,0,0,0,0,0,0,0,0,,,,,
James Conner,RB,ARI,12,LA,0,0,0,0,0,27,0,6,4,5,0,5,0,0,0,0,0,0,0,0,0,0,,,,,
James Cook,RB,BUF,12,PHI,0,0,0,0,0,43,0,16,6,57,0,7,0,0,0,0,0,0,0,0,0,0,,,,,
James Proche,WR,CLE,12,DEN,0,0,0,0,0,0,0,0,0,0,0,0,0,0,0,0,0,0,0,0,0,0,,,,,
Jameson Williams,WR,DET,12,GB,0,0,0,0,0,0,0,0,2,51,0,3,0,0,0,0,0,0,0,0,0,0,,,,,
Jamison Crowder,WR,WAS,12,DAL,0,0,0,0,0,0,0,0,0,0,0,0,0,0,0,0,0,0,0,0,0,0,,,,,
Jared Goff,QB,DET,12,GB,332,2,44,29,0,9,0,3,0,0,0,0,0,0,1,0,0,0,0,0,0,0,,,,,
Jason Brownlee,WR,NYJ,12,MIA,0,0,0,0,0,0,0,0,2,20,0,2,0,0,0,0,0,0,0,0,0,0,,,,,
Jason Myers,K,SEA,12,SF,0,0,0,0,0,0,0,0,0,0,0,0,0,0,0,0,0,1,0,1,0,1,,,,,
Jason Sanders,K,MIA,12,NYJ,0,0,0,0,0,0,0,0,0,0,0,0,0,0,0,0,0,1,0,1,0,4,,,,,
Jauan Jennings,WR,SF,12,SEA,0,0,0,0,0,0,0,0,1,7,0,2,0,0,0,0,0,0,0,0,0,0,,,,,
Javonte Williams,RB,DEN,12,CLE,0,0,0,0,0,65,0,18,3,6,0,6,0,0,0,0,0,0,0,0,0,0,,,,,
Jaxon Smith-Njigba,WR,SEA,12,SF,0,0,0,0,0,0,0,0,2,41,0,3,0,0,0,0,0,0,0,0,0,0,,,,,
Jayden Reed,WR,GB,12,DET,0,0,0,0,0,16,0,2,4,34,1,8,0,0,0,0,0,0,0,0,0,0,,,,,
Jaylen Waddle,WR,MIA,12,NYJ,0,0,0,0,0,0,0,0,8,114,0,8,0,0,0,0,0,0,0,0,0,0,,,,,
Jaylen Warren,RB,PIT,12,CIN,0,0,0,0,0,49,0,13,3,13,0,3,0,0,0,0,0,0,0,0,0,0,,,,,
Jeff Wilson,RB,MIA,12,NYJ,0,0,0,0,0,56,0,11,3,17,0,3,0,0,0,0,0,0,0,0,0,0,,,,,
Jeremy Ruckert,TE,NYJ,12,MIA,0,0,0,0,0,0,0,0,2,18,0,4,0,0,0,0,0,0,0,0,0,0,,,,,
Jerome Ford,RB,CLE,12,DEN,0,0,0,0,0,65,0,9,4,14,0,7,0,0,0,0,0,0,0,0,0,0,,,,,
Jerry Jeudy,WR,DEN,12,CLE,0,0,0,0,0,0,0,0,2,11,0,3,0,0,0,0,0,0,0,0,0,0,,,,,
Joe Mixon,RB,CIN,12,PIT,0,0,0,0,0,16,0,8,2,44,0,2,0,0,0,0,0,0,0,0,0,0,,,,,
Joey Slye,K,WAS,12,DAL,0,0,0,0,0,0,0,0,0,0,0,0,0,0,0,0,0,0,1,0,0,1,,,,,
John Metchie III,WR,HOU,12,JAX,0,0,0,0,0,0,0,0,1,6,0,2,0,0,0,0,0,0,0,0,0,0,,,,,
Jonathan Mingo,WR,CAR,12,TEN,0,0,0,0,0,0,0,0,4,60,0,6,0,0,0,0,0,0,0,0,0,0,,,,,
Jonathan Taylor,RB,IND,12,TB,0,0,0,0,0,91,2,15,0,0,0,0,0,0,0,0,0,0,0,0,0,0,,,,,
Jonnu Smith,TE,ATL,12,NO,0,0,0,0,0,0,0,0,0,0,0,0,0,0,0,0,0,0,0,0,0,0,,,,,
Jordan Addison,WR,MIN,12,CHI,0,0,0,0,0,0,0,0,6,39,0,10,0,0,0,0,0,0,0,0,0,0,,,,,
Jordan Love,QB,GB,12,DET,268,3,32,22,0,39,0,3,0,0,0,0,0,0,0,0,0,0,0,0,0,0,,,,,
Jordan Mason,RB,SF,12,SEA,0,0,0,0,0,0,0,0,0,0,0,0,0,0,0,0,0,0,0,0,0,0,,,,,
Josh Allen,QB,BUF,12,PHI,339,2,51,29,1,81,2,9,0,0,0,0,0,0,0,0,0,0,0,0,0,0,,,,,
Josh Downs,WR,IND,12,TB,0,0,0,0,0,0,0,0,5,43,0,13,0,0,0,0,0,0,0,0,0,0,,,,,
Josh Jacobs,RB,LV,12,KC,0,0,0,0,0,110,1,20,4,15,0,6,0,0,0,0,0,0,0,0,0,0,,,,,
Josh Reynolds,WR,DET,12,GB,0,0,0,0,0,0,0,0,2,15,1,4,0,0,0,0,0,0,0,0,0,0,,,,,
Josh Whyle,TE,TEN,12,CAR,0,0,0,0,0,0,0,0,1,11,0,1,0,0,0,0,0,0,0,0,0,0,,,,,
Joshua Dobbs,QB,MIN,12,CHI,185,1,32,22,4,11,0,2,0,0,0,0,0,0,0,0,0,0,0,0,0,0,,,,,
Joshua Kelley,RB,LAC,12,BAL,0,0,0,0,0,8,0,3,2,6,0,2,0,0,0,0,0,0,0,0,0,0,,,,,
JuJu Smith-Schuster,WR,NE,12,NYG,0,0,0,0,0,0,0,0,2,10,0,4,0,0,0,0,0,0,0,0,0,0,,,,,
Julian Hill,TE,MIA,12,NYJ,0,0,0,0,0,0,0,0,0,0,0,0,0,0,0,0,0,0,0,0,0,0,,,,,
Julio Jones,WR,PHI,12,BUF,0,0,0,0,0,0,0,0,1,0,0,3,0,0,0,0,0,0,0,0,0,0,,,,,
Justice Hill,RB,BAL,12,LAC,0,0,0,0,0,31,0,5,0,0,0,1,0,0,0,0,0,0,0,0,0,0,,,,,
Justin Fields,QB,CHI,12,MIN,217,0,37,27,0,59,0,12,0,0,0,0,0,0,0,0,0,0,0,0,0,0,,,,,
Justin Herbert,QB,LAC,12,BAL,217,1,44,29,1,47,0,4,0,0,0,0,0,0,0,0,0,0,0,0,0,0,,,,,
Justin Tucker,K,BAL,12,LAC,0,0,0,0,0,0,0,0,0,0,0,0,0,0,0,0,0,0,2,0,0,2,,,,,
Justin Watson,WR,KC,12,LV,0,0,0,0,0,0,0,0,1,3,1,3,0,0,0,0,0,0,0,0,0,0,,,,,
Juwan Johnson,TE,NO,12,ATL,0,0,0,0,0,0,0,0,4,45,0,7,0,0,0,0,0,0,0,0,0,0,,,,,
K.J. Osborn,WR,MIN,12,CHI,0,0,0,0,0,0,0,0,3,34,0,4,0,0,0,0,0,0,0,0,0,0,,,,,
KC,DEF,KC,12,LV,,,,,,,,,,,,,,,,,,,,,,,0,0,0,0,17.0
KaVontae Turpin,WR,DAL,12,WAS,0,0,0,0,0,0,0,0,1,34,1,1,0,0,0,0,0,0,0,0,0,0,,,,,
Kalif Raymond,WR,DET,12,GB,0,0,0,0,0,6,0,1,5,90,0,5,0,0,0,0,0,0,0,0,0,0,,,,,
Kareem Hunt,RB,CLE,12,DEN,0,0,0,0,0,22,0,7,0,0,0,0,0,0,0,0,0,0,0,0,0,0,,,,,
Kayshon Boutte,WR,NE,12,NYG,0,0,0,0,0,0,0,0,1,8,0,2,0,0,0,0,0,0,0,0,0,0,,,,,
Keaton Mitchell,RB,BAL,12,LAC,0,0,0,0,0,64,0,9,2,25,0,2,0,0,0,0,0,0,0,0,0,0,,,,,
Keenan Allen,WR,LAC,12,BAL,0,0,0,0,0,0,0,0,14,106,0,16,0,0,0,0,0,0,0,0,0,0,,,,,
Keith Kirkwood,WR,NO,12,ATL,0,0,0,0,0,0,0,0,2,20,0,3,0,0,0,0,0,0,0,0,0,0,,,,,
Kene Nwangwu,RB,MIN,12,CHI,0,0,0,0,0,0,0,0,0,0,0,0,0,0,0,0,0,0,0,0,0,0,,,,,
Kenny Gainwell,RB,PHI,12,BUF,0,0,0,0,0,26,0,2,2,10,0,3,0,0,0,0,0,0,0,0,0,0,,,,,
Kenny Pickett,QB,PIT,12,CIN,278,0,33,24,0,5,0,5,0,0,0,0,0,0,0,0,0,0,0,0,0,0,,,,,
KhaDarel Hodge,WR,ATL,12,NO,0,0,0,0,0,0,0,0,0,0,0,0,0,0,0,0,0,0,0,0,0,0,,,,,
Khalil Herbert,RB,CHI,12,MIN,0,0,0,0,0,24,0,6,2,14,0,2,0,0,0,0,0,0,0,0,0,0,,,,,
Khalil Shakir,WR,BUF,12,PHI,0,0,0,0,0,0,0,0,3,47,0,5,0,0,0,0,0,0,0,0,0,0,,,,,
Ko Kieft,TE,TB,12,IND,0,0,0,0,0,0,0,0,0,0,0,0,0,0,0,0,0,0,0,0,0,0,,,,,
Kyle Juszczyk,RB,SF,12,SEA,0,0,0,0,0,0,0,0,0,0,0,1,0,0,0,0,0,0,0,0,0,0,,,,,
Kyle Philips,WR,TEN,12,CAR,0,0,0,0,0,0,0,0,1,-3,0,2,0,0,0,0,0,0,0,0,0,0,,,,,
Kyle Pitts,TE,ATL,12,NO,0,0,0,0,0,0,0,0,2,22,0,2,0,0,0,0,0,0,0,0,0,0,,,,,
Kyle Trask,QB,TB,12,IND,0,0,1,0,0,0,0,0,0,0,0,0,0,0,0,0,0,0,0,0,0,0,,,,,
Kylen Granson,TE,IND,12,TB,0,0,0,0,0,0,0,0,0,0,0,1,0,0,0,0,0,0,0,0,0,0,,,,,
Kyler Murray,QB,ARI,12,LA,256,1,45,27,0,2,1,1,0,0,0,0,0,0,0,0,0,0,0,0,0,0,,,,,
Kyren Williams,RB,LA,12,ARI,0,0,0,0,0,143,0,16,6,61,2,6,0,0,0,0,0,0,0,0,0,0,,,,,
LA,DEF,LA,12,ARI,,,,,,,,,,,,,,,,,,,,,,,0,0,0,0,14.0
LAC,DEF,LAC,12,BAL,,,,,,,,,,,,,,,,,,,,,,,0,0,0,0,20.0
LV,DEF,LV,12,KC,,,,,,,,,,,,,,,,,,,,,,,0,0,0,0,31.0
Lamar Jackson,QB,BAL,12,LAC,177,1,32,18,0,39,0,11,0,0,0,0,0,0,0,0,0,0,0,0,0,0,,,,,
Latavius Murray,RB,BUF,12,PHI,0,0,0,0,0,30,0,9,3,18,0,5,0,0,0,0,0,0,0,0,0,0,,,,,
Laviska Shenault Jr.,WR,CAR,12,TEN,0,0,0,0,0,0,0,0,1,8,0,1,0,0,0,0,0,0,0,0,0,0,,,,,
Lil'Jordan Humphrey,WR,DEN,12,CLE,0,0,0,0,0,0,0,0,1,13,0,1,0,0,0,0,0,0,0,0,0,0,,,,,
Logan Thomas,TE,WAS,12,DAL,0,0,0,0,0,0,0,0,2,15,0,4,0,0,0,0,0,0,0,0,0,0,,,,,
Lucas Havrisik,K,LA,12,ARI,0,0,0,0,0,0,0,0,0,0,0,0,0,0,0,0,1,0,0,0,0,4,,,,,
Luke Farrell,TE,JAX,12,HOU,0,0,0,0,0,0,0,0,3,55,0,5,0,0,0,0,0,0,0,0,0,0,,,,,
Luke Schoonmaker,TE,DAL,12,WAS,0,0,0,0,0,0,0,0,1,12,0,2,0,0,0,0,0,0,0,0,0,0,,,,,
Lynn Bowden,WR,NO,12,ATL,0,0,0,0,0,40,0,2,0,0,0,2,0,0,0,0,0,0,0,0,0,0,,,,,
MIA,DEF,MIA,12,NYJ,,,,,,,,,,,,,,,,,,,,,,,1,0,0,0,13.0
MIN,DEF,MIN,12,CHI,,,,,,,,,,,,,,,,,,,,,,,0,0,0,0,12.0
Mac Jones,QB,NE,12,NYG,89,0,21,12,2,0,0,0,0,0,0,0,0,0,0,0,0,0,0,0,0,0,,,,,
Malik Heath,WR,GB,12,DET,0,0,0,0,0,0,0,0,4,46,0,4,0,0,0,0,0,0,0,0,0,0,,,,,
Marquez Valdes-Scantling,WR,KC,12,LV,0,0,0,0,0,0,0,0,1,-1,0,1,0,0,0,0,0,0,0,0,0,0,,,,,
Marquise Brown,WR,ARI,12,LA,0,0,0,0,0,0,0,0,6,88,0,12,0,0,0,0,0,0,0,0,0,0,,,,,
Marvin Mims Jr.,WR,DEN,12,CLE,0,0,0,0,0,11,0,1,2,24,0,3,0,0,0,0,0,0,0,0,0,0,,,,,
Matt Ammendola,K,HOU,12,JAX,0,0,0,0,0,0,0,0,0,0,0,0,0,0,0,0,0,0,0,0,0,3,,,,,
Matt Breida,RB,NYG,12,NE,0,0,0,0,0,6,0,2,1,10,0,1,0,0,0,0,0,0,0,0,0,0,,,,,
Matt Gay,K,IND,12,TB,0,0,0,0,0,0,0,0,0,0,0,0,0,0,0,0,0,1,1,0,0,3,,,,,
Matt Prater,K,ARI,12,LA,0,0,0,0,0,0,0,0,0,0,0,0,0,0,0,0,0,0,0,0,0,0,,,,,
Matthew Stafford,QB,LA,12,ARI,229,4,33,25,1,2,0,1,0,0,0,0,0,0,0,0,0,0,0,0,0,0,,,,,
Michael Carter,RB,ARI,12,LA,0,0,0,0,0,19,0,4,4,15,0,4,0,0,0,0,0,0,0,0,0,0,,,,,
Michael Gallup,WR,DAL,12,WAS,0,0,0,0,0,0,0,0,1,13,0,1,0,0,0,0,0,0,0,0,0,0,,,,,
Michael Mayer,TE,LV,12,KC,0,0,0,0,0,0,0,0,2,27,0,4,0,0,0,0,0,0,0,0,0,0,,,,,
Michael Pittman,WR,IND,12,TB,0,0,0,0,0,0,0,0,10,107,0,13,0,0,0,0,0,0,0,0,0,0,,,,,
Mike Evans,WR,TB,12,IND,0,0,0,0,0,0,0,0,6,70,2,9,0,0,0,0,0,0,0,0,0,0,,,,,
Mike Gesicki,TE,NE,12,NYG,0,0,0,0,0,0,0,0,0,0,0,2,0,0,0,0,0,0,0,0,0,0,,,,,
Mike White,QB,MIA,12,NYJ,0,0,0,0,0,-2,0,1,0,0,0,0,0,0,0,0,0,0,0,0,0,0,,,,,
Miles Boykin,WR,PIT,12,CIN,0,0,0,0,0,0,0,0,0,0,0,0,0,0,0,0,0,0,0,0,0,0,,,,,
Miles Sanders,RB,CAR,12,TEN,0,0,0,0,0,28,0,15,0,0,0,1,0,0,0,0,0,0,0,0,0,0,,,,,
Mitchell Wilcox,TE,CIN,12,PIT,0,0,0,0,0,0,0,0,1,1,0,1,0,0,0,0,0,0,0,0,0,0,,,,,
Mo Alie-Cox,TE,IND,12,TB,0,0,0,0,0,0,0,0,1,30,0,1,0,0,0,0,0,0,0,0,0,0,,,,,
NE,DEF,NE,12,NYG,,,,,,,,,,,,,,,,,,,,,,,0,0,0,0,10.0
NO,DEF,NO,12,ATL,,,,,,,,,,,,,,,,,,,,,,,0,0,0,0,24.0
NYG,DEF,NYG,12,NE,,,,,,,,,,,,,,,,,,,,,,,0,0,0,0,7.0
NYJ,DEF,NYJ,12,MIA,,,,,,,,,,,,,,,,,,,,,,,1,0,0,0,34.0
Najee Harris,RB,PIT,12,CIN,0,0,0,0,0,99,1,15,0,0,0,0,0,0,0,0,0,0,0,0,0,0,,,,,
Nelson Agholor,WR,BAL,12,LAC,0,0,0,0,0,0,0,0,1,21,0,2,0,0,0,0,0,0,0,0,0,0,,,,,
Nick Bawden,RB,NYJ,12,MIA,0,0,0,0,0,0,0,0,1,6,0,1,0,0,0,0,0,0,0,0,0,0,,,,,
Nick Folk,K,TEN,12,CAR,0,0,0,0,0,0,0,0,0,0,0,0,0,0,0,0,0,0,0,1,0,2,,,,,
Nick Westbrook-Ikhine,WR,TEN,12,CAR,0,0,0,0,0,0,0,0,4,41,0,5,0,0,0,0,0,0,0,0,0,0,,,,,
Nico Collins,WR,HOU,12,JAX,0,0,0,0,0,0,0,0,7,104,1,9,0,0,0,0,0,0,0,0,0,0,,,,,
Noah Fant,TE,SEA,12,SF,0,0,0,0,0,0,0,0,2,25,0,2,0,0,0,0,0,0,0,0,0,0,,,,,
Noah Gray,TE,KC,12,LV,0,0,0,0,0,0,0,0,3,30,0,3,0,0,0,0,0,0,0,0,0,0,,,,,
Odell Beckham Jr.,WR,BAL,12,LAC,0,0,0,0,0,0,0,0,3,34,0,5,0,0,0,0,0,0,0,0,0,0,,,,,
Olamide Zaccheaus,WR,PHI,12,BUF,0,0,0,0,0,0,0,0,1,29,1,1,0,0,0,0,0,0,0,0,0,0,,,,,
PHI,DEF,PHI,12,BUF,,,,,,,,,,,,,,,,,,,,,,,0,0,0,0,34.0
PIT,DEF,PIT,12,CIN,,,,,,,,,,,,,,,,,,,,,,,0,0,0,0,10.0
PJ Walker,QB,CLE,12,DEN,56,0,13,6,0,-1,0,1,0,0,0,0,0,0,0,0,0,0,0,0,0,0,,,,,
Parker Washington,WR,JAX,12,HOU,0,0,0,0,0,0,0,0,0,0,0,0,0,0,0,0,0,0,0,0,0,0,,,,,
Parris Campbell,WR,NYG,12,NE,0,0,0,0,0,0,0,0,1,-2,0,1,0,0,0,0,0,0,0,0,0,0,,,,,
Pat Freiermuth,TE,PIT,12,CIN,0,0,0,0,0,0,0,0,9,120,0,11,0,0,0,0,0,0,0,0,0,0,,,,,
Patrick Mahomes,QB,KC,12,LV,298,2,34,27,0,9,0,5,0,0,0,0,0,0,0,0,0,0,0,0,0,0,,,,,
Patrick Taylor,RB,GB,12,DET,0,0,0,0,0,11,0,3,1,4,0,1,0,0,0,0,0,0,0,0,0,0,,,,,
Payne Durham,TE,TB,12,IND,0,0,0,0,0,0,0,0,1,12,0,1,0,0,0,0,0,0,0,0,0,0,,,,,
Puka Nacua,WR,LA,12,ARI,0,0,0,0,0,0,0,0,4,27,0,8,0,0,0,0,0,0,0,0,0,0,,,,,
Quentin Johnston,WR,LAC,12,BAL,0,0,0,0,0,0,0,0,1,7,0,3,0,0,0,0,0,0,0,0,0,0,,,,,
Rachaad White,RB,TB,12,IND,0,0,0,0,0,100,0,15,2,10,0,2,0,0,0,0,0,0,0,0,0,0,,,,,
Raheem Mostert,RB,MIA,12,NYJ,0,0,0,0,0,94,2,20,0,0,0,1,0,0,0,0,0,0,0,0,0,0,,,,,
Randy Bullock,K,NYG,12,NE,0,0,0,0,0,0,0,0,0,0,0,0,0,0,0,0,0,0,1,0,0,1,,,,,
Rashee Rice,WR,KC,12,LV,0,0,0,0,0,0,0,0,8,107,1,10,0,0,0,0,0,0,0,0,0,0,,,,,
Rashid Shaheed,WR,NO,12,ATL,0,0,0,0,0,0,0,0,2,9,0,5,0,0,0,0,0,0,0,0,0,0,,,,,
Rashod Bateman,WR,BAL,12,LAC,0,0,0,0,0,0,0,0,2,21,0,5,0,0,0,0,0,0,0,0,0,0,,,,,
Ray-Ray McCloud,WR,SF,12,SEA,0,0,0,0,0,0,0,0,1,23,0,1,0,0,0,0,0,0,0,0,0,0,,,,,
Rhamondre Stevenson,RB,NE,12,NYG,0,0,0,0,0,98,1,21,5,9,0,5,0,0,0,0,0,0,0,0,0,0,,,,,
Richie James,WR,KC,12,LV,0,0,0,0,0,0,0,0,0,0,0,0,0,0,0,0,0,0,0,0,0,0,,,,,
Rico Dowdle,RB,DAL,12,WAS,0,0,0,0,0,11,0,3,1,15,1,1,0,0,0,0,0,0,0,0,0,0,,,,,
Riley Patterson,K,DET,12,GB,0,0,0,0,0,0,0,0,0,0,0,0,0,0,0,0,0,0,0,0,0,0,,,,,
Robert Tonyan,TE,CHI,12,MIN,0,0,0,0,0,0,0,0,0,0,0,1,0,0,0,0,0,0,0,0,0,0,,,,,
Robert Woods,WR,HOU,12,JAX,0,0,0,0,0,0,0,0,2,40,0,3,0,0,0,0,0,0,0,0,0,0,,,,,
Romeo Doubs,WR,GB,12,DET,0,0,0,0,0,0,0,0,3,37,0,4,0,0,0,0,0,0,0,0,0,0,,,,,
Rondale Moore,WR,ARI,12,LA,0,0,0,0,0,0,0,0,2,35,0,3,0,0,0,0,0,0,0,0,0,0,,,,,
Ronnie Bell,WR,SF,12,SEA,0,0,0,0,0,0,0,0,0,0,0,0,0,0,0,0,0,0,0,0,0,0,,,,,
Roschon Johnson,RB,CHI,12,MIN,0,0,0,0,0,35,0,10,5,40,0,5,0,0,0,0,0,0,0,0,0,0,,,,,
Royce Freeman,RB,LA,12,ARI,0,0,0,0,0,77,1,13,0,0,0,0,0,0,0,0,0,0,0,0,0,0,,,,,
Russell Wilson,QB,DEN,12,CLE,134,1,22,13,0,34,1,11,0,0,0,0,0,0,0,0,0,0,0,0,0,0,,,,,
SEA,DEF,SEA,12,SF,,,,,,,,,,,,,,,,,,,,,,,1,0,0,0,31.0
SF,DEF,SF,12,SEA,,,,,,,,,,,,,,,,,,,,,,,0,0,0,0,13.0
Sam Howell,QB,WAS,12,DAL,300,0,44,28,1,13,1,2,0,0,0,0,0,0,0,0,0,0,0,0,0,0,,,,,
Sam LaPorta,TE,DET,12,GB,0,0,0,0,0,0,0,0,5,47,1,8,0,0,1,0,0,0,0,0,0,0,,,,,
Samaje Perine,RB,DEN,12,CLE,0,0,0,0,0,55,1,7,1,11,0,1,0,0,0,0,0,0,0,0,0,0,,,,,
Saquon Barkley,RB,NYG,12,NE,0,0,0,0,0,46,0,12,1,6,0,3,0,0,0,0,0,0,0,0,0,0,,,,,
Scott Miller,WR,ATL,12,NO,0,0,0,0,0,0,0,0,1,4,0,2,0,0,0,0,0,0,0,0,0,0,,,,,
Sean McKeon,TE,DAL,12,WAS,0,0,0,0,0,0,0,0,0,0,0,0,0,0,0,0,0,0,0,0,0,0,,,,,
Skyy Moore,WR,KC,12,LV,0,0,0,0,0,0,0,0,3,34,0,3,0,0,0,0,0,0,0,0,0,0,,,,,
Stefon Diggs,WR,BUF,12,PHI,0,0,0,0,0,0,0,0,6,74,1,11,0,0,0,0,0,0,0,0,0,0,,,,,
Stephen Sullivan,TE,CAR,12,TEN,0,0,0,0,0,0,0,0,1,13,0,1,0,0,0,0,0,0,0,0,0,0,,,,,
Sterling Shepard,WR,NYG,12,NE,0,0,0,0,0,0,0,0,1,6,0,3,0,0,0,0,0,0,0,0,0,0,,,,,
Steven Sims,WR,HOU,12,JAX,0,0,0,0,0,0,0,0,0,0,0,0,0,0,0,0,0,0,0,0,0,0,,,,,
Stone Smartt,TE,LAC,12,BAL,0,0,0,0,0,0,0,0,0,0,0,1,0,0,0,0,0,0,0,0,0,0,,,,,
T.J. Hockenson,TE,MIN,12,CHI,0,0,0,0,0,0,0,0,5,50,1,6,0,0,0,0,0,0,0,0,0,0,,,,,
TB,DEF,TB,12,IND,,,,,,,,,,,,,,,,,,,,,,,0,0,0,0,27.0
TEN,DEF,TEN,12,CAR,,,,,,,,,,,,,,,,,,,,,,,0,0,0,0,10.0
Tank Bigsby,RB,JAX,12,HOU,0,0,0,0,0,6,0,1,0,0,0,0,0,0,0,0,0,0,0,0,0,0,,,,,
Tank Dell,WR,HOU,12,JAX,0,0,0,0,0,12,0,1,5,50,1,8,0,0,0,0,0,0,0,0,0,0,,,,,
Tanner Hudson,TE,CIN,12,PIT,0,0,0,0,0,0,0,0,4,18,0,5,0,0,0,0,0,0,0,0,0,0,,,,,
Taysom Hill,TE,NO,12,ATL,0,0,0,0,0,26,0,7,2,55,0,2,0,0,0,0,0,0,0,0,0,0,,,,,
Terry McLaurin,WR,WAS,12,DAL,0,0,0,0,0,0,0,0,4,50,0,11,0,0,0,0,0,0,0,0,0,0,,,,,
Tim Boyle,QB,NYJ,12,MIA,179,1,38,27,2,2,0,2,0,0,0,0,0,0,0,0,0,0,0,0,0,0,,,,,
Tommy DeVito,QB,NYG,12,NE,191,1,25,17,0,6,0,5,0,0,0,0,0,0,0,0,0,0,0,0,0,0,,,,,
Tommy Tremble,TE,CAR,12,TEN,0,0,0,0,0,0,0,0,1,7,0,1,0,0,0,0,0,0,0,0,0,0,,,,,
Tony Pollard,RB,DAL,12,WAS,0,0,0,0,0,79,1,13,6,24,0,6,0,0,0,0,0,0,0,0,0,0,,,,,
Travis Etienne,RB,JAX,12,HOU,0,0,0,0,0,56,0,20,4,30,0,6,0,0,0,0,0,0,0,0,0,0,,,,,
Travis Homer,RB,CHI,12,MIN,0,0,0,0,0,0,0,0,0,0,0,0,0,0,0,0,0,0,0,0,0,0,,,,,
Travis Kelce,TE,KC,12,LV,0,0,0,0,0,0,0,0,6,91,0,7,0,0,0,0,0,0,0,0,0,0,,,,,
Trayveon Williams,RB,CIN,12,PIT,0,0,0,0,0,0,0,0,0,0,0,0,0,0,0,0,0,0,0,0,0,0,,,,,
Tre Tucker,WR,LV,12,KC,0,0,0,0,0,0,0,0,0,0,0,1,0,0,0,0,0,0,0,0,0,0,,,,,
Trent Sherfield,WR,BUF,12,PHI,0,0,0,0,0,0,0,0,0,0,0,3,0,0,0,0,0,0,0,0,0,0,,,,,
Trent Taylor,WR,CHI,12,MIN,0,0,0,0,0,0,0,0,0,0,0,1,0,0,0,0,0,0,0,0,0,0,,,,,
Trenton Irwin,WR,CIN,12,PIT,0,0,0,0,0,0,0,0,1,25,0,1,0,0,0,0,0,0,0,0,0,0,,,,,
Trevor Lawrence,QB,JAX,12,HOU,364,1,38,23,1,0,1,2,0,0,0,0,0,0,1,0,0,0,0,0,0,0,,,,,
Trey McBride,TE,ARI,12,LA,0,0,0,0,0,0,0,0,7,60,0,9,0,0,0,0,0,0,0,0,0,0,,,,,
Trey Palmer,WR,TB,12,IND,0,0,0,0,0,0,0,0,4,17,0,5,0,0,0,0,0,0,0,0,0,0,,,,,
Tua Tagovailoa,QB,MIA,12,NYJ,243,1,30,21,2,1,0,2,0,0,0,0,0,0,0,0,0,0,0,0,0,0,,,,,
Tucker Kraft,TE,GB,12,DET,0,0,0,0,0,0,0,0,2,15,1,2,0,0,0,0,0,0,0,0,0,0,,,,,
Tutu Atwell,WR,LA,12,ARI,0,0,0,0,0,0,0,0,3,76,0,3,0,0,0,0,0,0,0,0,0,0,,,,,
Ty Chandler,RB,MIN,12,CHI,0,0,0,0,0,8,0,4,1,3,0,2,0,0,0,0,0,0,0,0,0,0,,,,,
Ty Johnson,RB,BUF,12,PHI,0,0,0,0,0,19,0,6,0,0,0,0,0,0,0,0,0,0,0,0,0,0,,,,,
Ty Montgomery,WR,NE,12,NYG,0,0,0,0,0,0,0,0,0,0,0,1,0,0,0,0,0,0,0,0,0,0,,,,,
Tyjae Spears,RB,TEN,12,CAR,0,0,0,0,0,6,0,2,1,1,0,3,0,0,0,0,0,0,0,0,0,0,,,,,
Tyler Allgeier,RB,ATL,12,NO,0,0,0,0,0,64,0,10,0,0,0,0,0,0,0,0,0,0,0,0,0,0,,,,,
Tyler Bass,K,BUF,12,PHI,0,0,0,0,0,0,0,0,0,0,0,0,0,0,0,0,0,0,2,0,0,4,,,,,
Tyler Boyd,WR,CIN,12,PIT,0,0,0,0,0,0,0,0,3,23,0,5,0,0,0,0,0,0,0,0,0,0,,,,,
Tyler Conklin,TE,NYJ,12,MIA,0,0,0,0,0,0,0,0,4,33,0,5,0,0,0,0,0,0,0,0,0,0,,,,,
Tyler Higbee,TE,LA,12,ARI,0,0,0,0,0,0,0,0,5,29,2,5,0,0,0,0,0,0,0,0,0,0,,,,,
Tyler Lockett,WR,SEA,12,SF,0,0,0,0,0,0,0,0,3,30,0,5,0,0,0,0,0,0,0,0,0,0,,,,,
Tyquan Thornton,WR,NE,12,NYG,0,0,0,0,0,3,0,1,2,19,0,5,0,0,0,0,0,0,0,0,0,0,,,,,
Tyreek Hill,WR,MIA,12,NYJ,0,0,0,0,0,2,0,1,9,102,1,12,0,0,0,0,0,0,0,0,0,0,,,,,
Van Jefferson,WR,ATL,12,NO,0,0,0,0,0,0,0,0,1,13,0,2,0,0,0,0,0,0,0,0,0,0,,,,,
Velus Jones Jr.,WR,CHI,12,MIN,0,0,0,0,0,0,0,0,0,0,0,0,0,0,0,0,0,0,0,0,0,0,,,,,
WAS,DEF,WAS,12,DAL,,,,,,,,,,,,,,,,,,,,,,,0,0,0,0,45.0
Wan'Dale Robinson,WR,NYG,12,NE,0,0,0,0,0,0,0,0,4,26,0,5,0,0,0,0,0,0,0,0,0,0,,,,,
Wil Lutz,K,DEN,12,CLE,0,0,0,0,0,0,0,0,0,0,0,0,0,0,0,0,1,1,0,0,0,3,,,,,
Will Dissly,TE,SEA,12,SF,0,0,0,0,0,0,0,0,1,21,0,1,0,0,0,0,0,0,0,0,0,0,,,,,
Will Levis,QB,TEN,12,CAR,185,0,28,18,0,-3,0,3,0,0,0,0,0,0,0,0,0,0,0,0,0,0,,,,,
Will Mallory,TE,IND,12,TB,0,0,0,0,0,0,0,0,2,29,0,3,0,0,0,0,0,0,0,0,0,0,,,,,
Xavier Gipson,WR,NYJ,12,MIA,0,0,0,0,0,0,0,0,2,15,0,2,0,0,0,0,0,0,0,0,0,0,,,,,
Xavier Hutchinson,WR,HOU,12,JAX,0,0,0,0,0,0,0,0,1,34,0,1,0,0,0,0,0,0,0,0,0,0,,,,,
Younghoe Koo,K,ATL,12,NO,0,0,0,0,0,0,0,0,0,0,0,0,0,0,0,0,0,1,0,0,0,3,,,,,
Zach Charbonnet,RB,SEA,12,SF,0,0,0,0,0,47,0,14,4,11,0,4,0,0,0,0,0,0,0,0,0,0,,,,,
Zach Evans,RB,LA,12,ARI,0,0,0,0,0,6,0,3,0,0,0,0,0,0,0,0,0,0,0,0,0,0,,,,,
Zack Moss,RB,IND,12,TB,0,0,0,0,0,55,0,8,2,15,0,3,0,0,0,0,0,0,0,0,0,0,,,,,
Zamir White,RB,LV,12,KC,0,0,0,0,0,0,0,1,0,0,0,0,0,0,0,0,0,0,0,0,0,0,,,,,
Zay Flowers,WR,BAL,12,LAC,0,0,0,0,0,37,1,1,5,25,1,8,0,0,0,0,0,0,0,0,0,0,,,,,
Zay Jones,WR,JAX,12,HOU,0,0,0,0,0,0,0,0,1,10,0,3,0,0,0,0,0,0,0,0,0,0,,,,,
A.J. Brown,WR,PHI,13,SF,0,0,0,0,0,0,0,0,8,114,0,13,0,0,0,0,0,0,0,0,0,0,,,,,
A.T. Perry,WR,NO,13,DET,0,0,0,0,0,0,0,0,1,30,0,3,0,0,0,0,0,0,0,0,0,0,,,,,
AJ Dillon,RB,GB,13,KC,0,0,0,0,0,73,0,18,1,14,0,1,0,0,0,0,0,0,0,0,0,0,,,,,
ARI,DEF,ARI,13,PIT,,,,,,,,,,,,,,,,,,,,,,,0,0,0,0,10.0
ATL,DEF,ATL,13,NYJ,,,,,,,,,,,,,,,,,,,,,,,0,0,0,0,8.0
Adam Thielen,WR,CAR,13,TB,0,0,0,0,0,0,0,0,3,25,0,6,0,0,0,0,0,0,0,0,0,0,,,,,
Adam Trautman,TE,DEN,13,HOU,0,0,0,0,0,0,0,0,1,6,0,2,0,0,0,0,0,0,0,0,0,0,,,,,
Albert Okwuegbunam,TE,PHI,13,SF,0,0,0,0,0,0,0,0,0,0,0,1,0,0,0,0,0,0,0,0,0,0,,,,,
Alec Pierce,WR,IND,13,TEN,0,0,0,0,0,0,0,0,3,100,1,6,0,0,0,0,0,0,0,0,0,0,,,,,
Alex Erickson,WR,LAC,13,NE,0,0,0,0,0,0,0,0,1,23,0,1,0,0,0,0,0,0,0,0,0,0,,,,,
Allen Lazard,WR,NYJ,13,ATL,0,0,0,0,0,0,0,0,0,0,0,1,0,0,0,0,0,0,0,0,0,0,,,,,
Allen Robinson,WR,PIT,13,ARI,0,0,0,0,0,0,0,0,3,19,0,3,0,0,0,0,0,0,0,0,0,0,,,,,
Alvin Kamara,RB,NO,13,DET,0,0,0,0,0,51,2,14,6,58,0,8,0,0,0,0,0,0,0,0,0,0,,,,,
Amari Cooper,WR,CLE,13,LA,0,0,0,0,0,0,0,0,3,34,0,5,0,0,0,0,0,0,0,0,0,0,,,,,
Amon-Ra St. Brown,WR,DET,13,NO,0,0,0,0,0,0,0,0,2,49,1,6,0,0,0,0,0,0,0,0,0,0,,,,,
Anders Carlson,K,GB,13,KC,0,0,0,0,0,0,0,0,0,0,0,0,0,0,0,0,0,0,2,0,0,3,,,,,
Andrei Iosivas,WR,CIN,13,JAX,0,0,0,0,0,0,0,0,0,0,0,0,0,0,0,0,0,0,0,0,0,0,,,,,
Andrew Ogletree,TE,IND,13,TEN,0,0,0,0,0,0,0,0,0,0,0,1,0,0,0,0,0,0,0,0,0,0,,,,,
Antonio Gibson,RB,WAS,13,MIA,0,0,0,0,0,35,0,10,4,37,0,5,0,0,0,0,0,0,0,0,0,0,,,,,
Austin Ekeler,RB,LAC,13,NE,0,0,0,0,0,18,0,14,2,9,0,3,0,0,0,0,0,0,0,0,0,0,,,,,
Austin Trammell,WR,LA,13,CLE,0,0,0,0,0,0,0,0,0,0,0,0,0,0,0,0,0,0,0,0,0,0,,,,,
Bailey Zappe,QB,NE,13,LAC,141,0,25,13,0,16,0,4,0,0,0,0,0,0,0,0,0,0,0,0,0,0,,,,,
Baker Mayfield,QB,TB,13,CAR,202,1,29,14,1,-2,0,2,0,0,0,0,0,0,0,0,0,0,0,0,0,0,,,,,
Ben Sims,TE,GB,13,KC,0,0,0,0,0,0,0,0,1,1,1,1,0,0,0,0,0,0,0,0,0,0,,,,,
Ben Skowronek,WR,LA,13,CLE,0,0,0,0,0,0,0,0,2,12,0,3,0,0,0,0,0,0,0,0,0,0,,,,,
Ben VanSumeren,RB,PHI,13,SF,0,0,0,0,0,0,0,0,0,0,0,0,0,0,0,0,0,0,0,0,0,0,,,,,
Bijan Robinson,RB,ATL,13,NYJ,0,0,0,0,0,53,0,18,3,26,0,5,0,0,0,0,0,0,0,0,0,0,,,,,
Blake Bell,TE,KC,13,GB,0,0,0,0,0,0,0,0,0,0,0,0,0,0,0,0,0,0,0,0,0,0,,,,,
Blake Grupe,K,NO,13,DET,0,0,0,0,0,0,0,0,0,0,0,0,0,0,0,0,0,0,0,0,0,4,,,,,
Boston Scott,RB,PHI,13,SF,0,0,0,0,0,2,0,1,1,27,0,1,0,0,0,0,0,0,0,0,0,0,,,,,
Brady Russell,RB,SEA,13,DAL,0,0,0,0,0,0,0,0,0,0,0,0,0,0,0,0,0,0,0,0,0,0,,,,,
Brandin Cooks,WR,DAL,13,SEA,0,0,0,0,0,0,0,0,4,45,1,4,0,0,1,0,0,0,0,0,0,0,,,,,
Brandon Aiyuk,WR,SF,13,PHI,0,0,0,0,0,0,0,0,5,46,1,7,0,0,0,0,0,0,0,0,0,0,,,,,
Brandon Aubrey,K,DAL,13,SEA,0,0,0,0,0,0,0,0,0,0,0,0,0,0,0,0,0,4,0,0,0,3,,,,,
Brandon McManus,K,JAX,13,CIN,0,0,0,0,0,0,0,0,0,0,0,0,0,0,0,0,0,0,1,0,0,4,,,,,
Braxton Berrios,WR,MIA,13,WAS,0,0,0,0,0,0,0,0,0,0,0,0,0,0,0,0,0,0,0,0,0,0,,,,,
Breece Hall,RB,NYJ,13,ATL,0,0,0,0,0,16,0,13,6,29,0,8,0,0,0,0,0,0,0,0,0,0,,,,,
Brevin Jordan,TE,HOU,13,DEN,0,0,0,0,0,0,0,0,3,64,0,5,0,0,0,0,0,0,0,0,0,0,,,,,
Brian Robinson,RB,WAS,13,MIA,0,0,0,0,0,53,0,7,0,0,0,0,0,0,0,0,0,0,0,0,0,0,,,,,
Britain Covey,WR,PHI,13,SF,0,0,0,0,0,0,0,0,0,0,0,0,0,0,0,0,0,0,0,0,0,0,,,,,
Brock Purdy,QB,SF,13,PHI,314,4,27,19,0,9,0,2,0,0,0,0,0,0,0,0,0,0,0,0,0,0,,,,,
Brock Wright,TE,DET,13,NO,0,0,0,0,0,0,0,0,1,8,0,1,0,0,0,0,0,0,0,0,0,0,,,,,
Bryce Young,QB,CAR,13,TB,178,0,31,15,1,0,0,0,0,0,0,0,0,0,1,0,0,0,0,0,0,0,,,,,
C.J. Beathard,QB,JAX,13,CIN,63,0,10,9,0,7,0,1,0,0,0,0,0,0,0,0,0,0,0,0,0,0,,,,,
C.J. Stroud,QB,HOU,13,DEN,274,1,27,16,0,11,0,6,0,0,0,0,0,0,0,0,0,0,0,0,0,0,,,,,
CAR,DEF,CAR,13,TB,,,,,,,,,,,,,,,,,,,,,,,0,0,0,0,21.0
CIN,DEF,CIN,13,JAX,,,,,,,,,,,,,,,,,,,,,,,0,0,0,0,31.0
CLE,DEF,CLE,13,LA,,,,,,,,,,,,,,,,,,,,,,,0,0,0,0,36.0
Cade Otton,TE,TB,13,CAR,0,0,0,0,0,0,0,0,0,0,0,0,0,0,0,0,0,0,0,0,0,0,,,,,
Calvin Austin III,WR,PIT,13,ARI,0,0,0,0,0,0,0,0,1,10,0,1,0,0,0,0,0,0,0,0,0,0,,,,,
Calvin Ridley,WR,JAX,13,CIN,0,0,0,0,0,7,0,3,4,26,0,8,0,0,0,0,0,0,0,0,0,0,,,,,
Cameron Dicker,K,LAC,13,NE,0,0,0,0,0,0,0,0,0,0,0,0,0,0,0,0,0,2,0,0,0,0,,,,,
Cedric Tillman,WR,CLE,13,LA,0,0,0,0,0,0,0,0,2,20,0,6,0,0,0,0,0,0,0,0,0,0,,,,,
CeeDee Lamb,WR,DAL,13,SEA,0,0,0,0,0,30,0,2,12,116,1,17,0,0,0,0,0,0,0,0,0,0,,,,,
Chad Ryland,K,NE,13,LAC,0,0,0,0,0,0,0,0,0,0,0,0,0,0,0,0,0,0,0,0,0,0,,,,,
Charlie Jones,WR,CIN,13,JAX,0,0,0,0,0,0,0,0,0,0,0,0,0,0,0,0,0,0,0,0,0,0,,,,,
Charlie Woerner,TE,SF,13,PHI,0,0,0,0,0,0,0,0,0,0,0,0,0,0,0,0,0,0,0,0,0,0,,,,,
Chase Brown,RB,CIN,13,JAX,0,0,0,0,0,61,0,9,0,0,0,0,0,0,0,0,0,0,0,0,0,0,,,,,
Chase Edmonds,RB,TB,13,CAR,0,0,0,0,0,7,0,2,1,2,0,1,0,0,0,0,0,0,0,0,0,0,,,,,
Chase McLaughlin,K,TB,13,CAR,0,0,0,0,0,0,0,0,0,0,0,0,0,0,0,0,0,0,0,0,0,3,,,,,
Chig Okonkwo,TE,TEN,13,IND,0,0,0,0,0,2,0,1,3,62,0,6,0,0,0,0,0,0,0,0,0,0,,,,,
Chris Boswell,K,PIT,13,ARI,0,0,0,0,0,0,0,0,0,0,0,0,0,0,0,0,1,0,0,0,0,1,,,,,
Chris Godwin Jr.,WR,TB,13,CAR,0,0,0,0,0,19,1,1,0,0,0,3,0,0,0,0,0,0,0,0,0,0,,,,,
Chris Manhertz,TE,DEN,13,HOU,0,0,0,0,0,0,0,0,0,0,0,0,0,0,0,0,0,0,0,0,0,0,,,,,
Chris Moore,WR,TEN,13,IND,0,0,0,0,0,0,0,0,1,12,0,1,0,0,0,0,0,0,0,0,0,0,,,,,
Chris Olave,WR,NO,13,DET,0,0,0,0,0,0,0,0,5,119,0,8,0,0,0,0,0,0,0,0,0,0,,,,,
Chris Rodriguez Jr.,RB,WAS,13,MIA,0,0,0,0,0,29,0,7,0,0,0,0,0,0,0,0,0,0,0,0,0,0,,,,,
Christian Kirk,WR,JAX,13,CIN,0,0,0,0,0,0,0,0,1,26,0,1,0,0,0,0,0,0,0,0,0,0,,,,,
Christian McCaffrey,RB,SF,13,PHI,0,0,0,0,0,93,1,17,3,40,0,4,0,0,0,0,0,0,0,0,0,0,,,,,
Christian Watson,WR,GB,13,KC,0,0,0,0,0,15,0,2,7,71,2,9,0,0,0,0,0,0,0,0,0,0,,,,,
Chuba Hubbard,RB,CAR,13,TB,0,0,0,0,0,104,2,25,0,0,0,0,0,0,0,0,0,0,0,0,0,0,,,,,
Clyde Edwards-Helaire,RB,KC,13,GB,0,0,0,0,0,6,0,2,1,8,0,2,0,0,0,0,0,0,0,0,0,0,,,,,
Cole Turner,TE,WAS,13,MIA,0,0,0,0,0,0,0,0,1,2,0,1,0,0,0,0,0,0,0,0,0,0,,,,,
Colton Dowell,WR,TEN,13,IND,0,0,0,0,0,0,0,0,0,0,0,0,0,0,0,0,0,0,0,0,0,0,,,,,
Cooper Kupp,WR,LA,13,CLE,0,0,0,0,0,0,0,0,6,39,1,8,0,0,0,0,0,0,0,0,0,0,,,,,
Cordarrelle Patterson,RB,ATL,13,NYJ,0,0,0,0,0,11,0,5,1,6,0,2,0,0,0,0,0,0,0,0,0,0,,,,,
Courtland Sutton,WR,DEN,13,HOU,0,0,0,0,0,0,0,0,2,77,1,7,0,0,0,0,0,0,0,0,0,0,,,,,
Craig Reynolds,RB,DET,13,NO,0,0,0,0,0,0,0,0,0,0,0,0,0,0,0,0,0,0,0,0,0,0,,,,,
Curtis Samuel,WR,WAS,13,MIA,0,0,0,0,0,0,0,0,4,65,0,5,0,0,0,0,0,0,0,0,0,0,,,,,
D'Andre Swift,RB,PHI,13,SF,0,0,0,0,0,13,0,6,2,7,0,6,0,0,0,0,0,0,0,0,0,0,,,,,
D'Ernest Johnson,RB,JAX,13,CIN,0,0,0,0,0,4,0,5,1,5,0,1,0,0,0,0,0,0,0,0,0,0,,,,,
DAL,DEF,DAL,13,SEA,,,,,,,,,,,,,,,,,,,,,,,0,0,0,0,35.0
DEN,DEF,DEN,13,HOU,,,,,,,,,,,,,,,,,,,,,,,0,0,0,0,22.0
DET,DEF,DET,13,NO,,,,,,,,,,,,,,,,,,,,,,,0,0,0,0,28.0
DJ Chark,WR,CAR,13,TB,0,0,0,0,0,0,0,0,3,56,0,4,0,0,0,0,0,0,0,0,0,0,,,,,
DK Metcalf,WR,SEA,13,DAL,0,0,0,0,0,0,0,0,6,134,3,8,0,0,0,0,0,0,0,0,0,0,,,,,
Dak Prescott,QB,DAL,13,SEA,299,3,41,29,0,23,0,7,0,0,0,0,0,0,1,0,0,0,0,0,0,0,,,,,
Dalvin Cook,RB,NYJ,13,ATL,0,0,0,0,0,35,0,9,1,11,0,2,0,0,0,0,0,0,0,0,0,0,,,,,
Dameon Pierce,RB,HOU,13,DEN,0,0,0,0,0,41,1,15,0,0,0,0,0,0,0,0,0,0,0,0,0,0,,,,,
Dare Ogunbowale,RB,HOU,13,DEN,0,0,0,0,0,1,0,1,1,14,0,1,0,0,0,0,0,0,0,0,0,0,,,,,
David Bell,WR,CLE,13,LA,0,0,0,0,0,0,0,0,2,12,0,2,0,0,0,0,0,0,0,0,0,0,,,,,
David Montgomery,RB,DET,13,NO,0,0,0,0,0,56,1,18,1,-1,0,2,0,0,0,0,0,0,0,0,0,0,,,,,
David Njoku,TE,CLE,13,LA,0,0,0,0,0,0,0,0,2,17,0,6,0,0,0,0,0,0,0,0,0,0,,,,,
Davis Mills,QB,HOU,13,DEN,18,0,1,1,0,0,0,0,0,0,0,0,0,0,0,0,0,0,0,0,0,0,,,,,
De'Von Achane,RB,MIA,13,WAS,0,0,0,0,0,73,2,17,3,30,0,4,0,0,0,0,0,0,0,0,0,0,,,,,
DeAndre Hopkins,WR,TEN,13,IND,0,0,0,0,0,4,0,1,5,75,1,12,0,0,0,0,0,0,0,0,0,0,,,,,
DeVante Parker,WR,NE,13,LAC,0,0,0,0,0,0,0,0,4,64,0,9,0,0,0,0,0,0,0,0,0,0,,,,,
DeVonta Smith,WR,PHI,13,SF,0,0,0,0,0,0,0,0,9,96,1,11,0,0,0,0,0,0,0,0,0,0,,,,,
DeeJay Dallas,RB,SEA,13,DAL,0,0,0,0,0,6,0,1,0,0,0,2,0,0,0,0,0,0,0,0,0,0,,,,,
Deebo Samuel Sr.,WR,SF,13,PHI,0,0,0,0,0,22,1,3,4,116,2,4,0,0,0,0,0,0,0,0,0,0,,,,,
Demarcus Robinson,WR,LA,13,CLE,0,0,0,0,0,0,0,0,4,55,1,5,0,0,0,0,0,0,0,0,0,0,,,,,
Derek Carr,QB,NO,13,DET,226,1,22,17,1,-1,0,2,0,0,0,0,0,0,0,0,0,0,0,0,0,0,,,,,
Derius Davis,WR,LAC,13,NE,0,0,0,0,0,0,0,0,0,0,0,0,0,0,0,0,0,0,0,0,0,0,,,,,
Derrick Henry,RB,TEN,13,IND,0,0,0,0,0,102,2,21,1,18,0,2,0,0,0,0,0,0,0,0,0,0,,,,,
Desmond Ridder,QB,ATL,13,NYJ,121,1,27,12,0,0,0,3,0,0,0,0,0,0,0,0,0,0,0,0,0,0,,,,,
Deven Thompkins,WR,TB,13,CAR,0,0,0,0,0,7,0,2,1,4,0,1,0,0,0,0,0,0,0,0,0,0,,,,,
Devin Singletary,RB,HOU,13,DEN,0,0,0,0,0,36,0,8,1,4,0,1,0,0,0,0,0,0,0,0,0,0,,,,,
Diontae Johnson,WR,PIT,13,ARI,0,0,0,0,0,0,0,0,4,33,1,5,0,0,0,0,0,0,0,0,0,0,,,,,
Donald Parham,TE,LAC,13,NE,0,0,0,0,0,0,0,0,2,12,0,4,0,0,0,0,0,0,0,0,0,0,,,,,
Donovan Peoples-Jones,WR,DET,13,NO,0,0,0,0,0,0,0,0,0,0,0,1,0,0,0,0,0,0,0,0,0,0,,,,,
Dontayvion Wicks,WR,GB,13,KC,0,0,0,0,0,0,0,0,3,43,0,4,0,0,0,0,0,0,0,0,0,0,,,,,
Drake London,WR,ATL,13,NYJ,0,0,0,0,0,0,0,0,1,8,0,5,0,0,0,0,0,0,0,0,0,0,,,,,
Drew Sample,TE,CIN,13,JAX,0,0,0,0,0,0,0,0,1,11,0,1,0,0,0,0,0,0,0,0,0,0,,,,,
Dustin Hopkins,K,CLE,13,LA,0,0,0,0,0,0,0,0,0,0,0,0,0,0,0,0,1,0,1,0,0,1,,,,,
Dwayne Washington,RB,DEN,13,HOU,0,0,0,0,0,0,0,0,0,0,0,0,0,0,0,0,0,0,0,0,0,0,,,,,
Dyami Brown,WR,WAS,13,MIA,0,0,0,0,0,0,0,0,1,0,0,1,0,0,0,0,0,0,0,0,0,0,,,,,
Eddy Pineiro,K,CAR,13,TB,0,0,0,0,0,0,0,0,0,0,0,0,0,0,0,0,1,0,0,0,0,1,,,,,
Elijah Higgins,TE,ARI,13,PIT,0,0,0,0,0,0,0,0,1,21,0,2,0,0,0,0,0,0,0,0,0,0,,,,,
Elijah Mitchell,RB,SF,13,PHI,0,0,0,0,0,13,0,3,0,0,0,0,0,0,0,0,0,0,0,0,0,0,,,,,
Elijah Moore,WR,CLE,13,LA,0,0,0,0,0,0,0,0,4,83,0,12,0,0,0,0,0,0,0,0,0,0,,,,,
Eric Saubert,TE,HOU,13,DEN,0,0,0,0,0,0,0,0,1,5,0,1,0,0,0,0,0,0,0,0,0,0,,,,,
Evan Engram,TE,JAX,13,CIN,0,0,0,0,0,0,0,0,9,82,1,9,0,0,0,0,0,0,0,0,0,0,,,,,
Evan McPherson,K,CIN,13,JAX,0,0,0,0,0,0,0,0,0,0,0,0,0,0,0,0,0,0,1,1,0,4,,,,,
Ezekiel Elliott,RB,NE,13,LAC,0,0,0,0,0,52,0,17,4,40,0,5,0,0,0,0,0,0,0,0,0,0,,,,,
Foster Moreau,TE,NO,13,DET,0,0,0,0,0,0,0,0,2,28,0,2,0,0,0,0,0,0,0,0,0,0,,,,,
GB,DEF,GB,13,KC,,,,,,,,,,,,,,,,,,,,,,,0,0,0,0,19.0
Gardner Minshew,QB,IND,13,TEN,312,2,42,26,0,2,0,3,0,0,0,0,0,0,0,0,0,0,0,0,0,0,,,,,
Garrett Wilson,WR,NYJ,13,ATL,0,0,0,0,0,0,0,0,3,50,0,7,0,0,0,0,0,0,0,0,0,0,,,,,
Geno Smith,QB,SEA,13,DAL,334,3,41,23,1,6,1,2,0,0,0,0,0,0,0,0,0,0,0,0,0,0,,,,,
Geoff Swaim,TE,ARI,13,PIT,0,0,0,0,0,0,0,0,2,10,0,2,0,0,0,0,0,0,0,0,0,0,,,,,
George Kittle,TE,SF,13,PHI,0,0,0,0,0,0,0,0,4,68,0,6,0,0,0,0,0,0,0,0,0,0,,,,,
George Pickens,WR,PIT,13,ARI,0,0,0,0,0,0,0,0,4,86,0,5,0,0,0,0,0,0,0,0,0,0,,,,,
Gerald Everett,TE,LAC,13,NE,0,0,0,0,0,0,0,0,4,44,0,5,0,0,0,0,0,0,0,0,0,0,,,,,
Godwin Igwebuike,RB,PIT,13,ARI,0,0,0,0,0,0,0,0,0,0,0,0,0,0,0,0,0,0,0,0,0,0,,,,,
Greg Dortch,WR,ARI,13,PIT,0,0,0,0,0,0,0,0,1,19,0,3,0,0,0,0,0,0,0,0,0,0,,,,,
Greg Zuerlein,K,NYJ,13,ATL,0,0,0,0,0,0,0,0,0,0,0,0,0,0,0,0,1,0,1,0,0,0,,,,,
HOU,DEF,HOU,13,DEN,,,,,,,,,,,,,,,,,,,,,,,0,0,0,0,17.0
Harrison Bryant,TE,CLE,13,LA,0,0,0,0,0,0,0,0,5,49,1,5,0,0,0,0,0,0,0,0,0,0,,,,,
Harrison Butker,K,KC,13,GB,0,0,0,0,0,0,0,0,0,0,0,0,0,0,0,0,0,2,0,0,0,1,,,,,
Henry Pearson,TE,GB,13,KC,0,0,0,0,0,0,0,0,0,0,0,0,0,0,0,0,0,0,0,0,0,0,,,,,
Hunter Henry,TE,NE,13,LAC,0,0,0,0,0,0,0,0,2,15,0,4,0,0,0,0,0,0,0,0,0,0,,,,,
Hunter Long,TE,LA,13,CLE,0,0,0,0,0,0,0,0,0,0,0,0,0,0,0,0,0,0,0,0,0,0,,,,,
Hunter Luepke,RB,DAL,13,SEA,0,0,0,0,0,0,0,0,0,0,0,0,0,0,0,0,0,0,0,0,0,0,,,,,
IND,DEF,IND,13,TEN,,,,,,,,,,,,,,,,,,,,,,,0,0,0,0,28.0
Ian Thomas,TE,CAR,13,TB,0,0,0,0,0,0,0,0,1,6,0,1,0,0,0,0,0,0,0,0,0,0,,,,,
Ihmir Smith-Marsette,WR,CAR,13,TB,0,0,0,0,0,0,0,0,0,0,0,0,0,0,0,0,0,0,0,0,0,0,,,,,
Irv Smith,TE,CIN,13,JAX,0,0,0,0,0,0,0,0,0,0,0,0,0,0,0,0,0,0,0,0,0,0,,,,,
Isaiah McKenzie,WR,IND,13,TEN,0,0,0,0,0,0,0,0,0,0,0,0,0,0,0,0,0,0,0,0,0,0,,,,,
Isiah Pacheco,RB,KC,13,GB,0,0,0,0,0,110,1,18,3,13,0,4,0,0,0,0,0,0,0,0,0,0,,,,,
JAX,DEF,JAX,13,CIN,,,,,,,,,,,,,,,,,,,,,,,0,0,0,0,34.0
Ja'Marr Chase,WR,CIN,13,JAX,-7,0,1,1,0,0,0,0,11,149,1,12,0,0,0,0,0,0,0,0,0,0,,,,,
Jahan Dotson,WR,WAS,13,MIA,0,0,0,0,0,0,0,0,2,23,0,5,0,0,0,0,0,0,0,0,0,0,,,,,
Jahmyr Gibbs,RB,DET,13,NO,0,0,0,0,0,60,0,8,1,-6,0,2,0,0,0,0,0,0,0,0,0,0,,,,,
Jake Bobo,WR,SEA,13,DAL,0,0,0,0,0,0,0,0,1,9,0,1,0,0,0,0,0,0,0,0,0,0,,,,,
Jake Browning,QB,CIN,13,JAX,354,1,37,32,0,22,1,2,1,-7,0,1,0,0,0,0,0,0,0,0,0,0,,,,,
Jake Elliott,K,PHI,13,SF,0,0,0,0,0,0,0,0,0,0,0,0,0,0,0,0,1,1,0,0,0,1,,,,,
Jake Ferguson,TE,DAL,13,SEA,0,0,0,0,0,0,0,0,6,77,1,8,0,0,0,0,0,0,0,0,0,0,,,,,
Jake Moody,K,SF,13,PHI,0,0,0,0,0,0,0,0,0,0,0,0,0,0,0,0,0,0,0,0,0,6,,,,,
Jaleel McLaughlin,RB,DEN,13,HOU,0,0,0,0,0,15,0,4,2,6,0,2,0,0,0,0,0,0,0,0,0,0,,,,,
Jalen Guyton,WR,LAC,13,NE,0,0,0,0,0,0,0,0,1,5,0,3,0,0,0,0,0,0,0,0,0,0,,,,,
Jalen Hurts,QB,PHI,13,SF,298,1,45,26,0,20,1,7,0,0,0,0,0,0,0,0,0,0,0,0,0,0,,,,,
Jalen Reagor,WR,NE,13,LAC,0,0,0,0,0,0,0,0,1,11,0,1,0,0,0,0,0,0,0,0,0,0,,,,,
Jalen Tolbert,WR,DAL,13,SEA,0,0,0,0,0,0,0,0,1,17,0,1,0,0,0,0,0,0,0,0,0,0,,,,,
Jamaal Williams,RB,NO,13,DET,0,0,0,0,0,10,0,5,1,6,0,1,0,0,0,0,0,0,0,0,0,0,,,,,
Jameis Winston,QB,NO,13,DET,41,0,5,2,0,0,0,0,0,0,0,0,0,0,0,0,0,0,0,0,0,0,,,,,
James Conner,RB,ARI,13,PIT,0,0,0,0,0,105,2,25,0,0,0,2,0,0,0,0,0,0,0,0,0,0,,,,,
James Proche,WR,CLE,13,LA,0,0,0,0,0,0,0,0,0,0,0,0,0,0,0,0,0,0,0,0,0,0,,,,,
James Robinson,RB,GB,13,KC,0,0,0,0,0,2,0,1,1,-2,0,1,0,0,0,0,0,0,0,0,0,0,,,,,
Jameson Williams,WR,DET,13,NO,0,0,0,0,0,19,1,1,1,11,0,1,0,0,0,0,0,0,0,0,0,0,,,,,
Jamison Crowder,WR,WAS,13,MIA,0,0,0,0,0,0,0,0,0,0,0,0,0,0,0,0,0,0,0,0,0,0,,,,,
Jared Goff,QB,DET,13,NO,213,2,25,16,0,-2,0,2,0,0,0,0,0,0,0,0,0,0,0,0,0,0,,,,,
Jason Myers,K,SEA,13,DAL,0,0,0,0,0,0,0,0,0,0,0,0,0,0,0,0,0,0,0,0,0,5,,,,,
Jason Sanders,K,MIA,13,WAS,0,0,0,0,0,0,0,0,0,0,0,0,0,0,0,0,0,0,1,0,0,6,,,,,
Jauan Jennings,WR,SF,13,PHI,0,0,0,0,0,0,0,0,3,44,1,4,0,0,0,0,0,0,0,0,0,0,,,,,
Javonte Williams,RB,DEN,13,HOU,0,0,0,0,0,46,0,13,3,24,0,3,0,0,0,0,0,0,0,0,0,0,,,,,
Jaxon Smith-Njigba,WR,SEA,13,DAL,0,0,0,0,0,0,0,0,7,62,0,11,0,0,0,0,0,0,0,0,0,0,,,,,
Jayden Reed,WR,GB,13,KC,0,0,0,0,0,0,0,0,4,16,0,5,0,0,0,0,0,0,0,0,0,0,,,,,
Jaylen Waddle,WR,MIA,13,WAS,0,0,0,0,0,0,0,0,5,52,0,8,0,0,0,0,0,0,0,0,0,0,,,,,
Jaylen Warren,RB,PIT,13,ARI,0,0,0,0,0,59,0,9,1,-4,0,3,0,0,0,0,0,0,0,0,0,0,,,,,
Jeff Wilson,RB,MIA,13,WAS,0,0,0,0,0,11,0,4,0,0,0,0,0,0,0,0,0,0,0,0,0,0,,,,,
Jeremy Ruckert,TE,NYJ,13,ATL,0,0,0,0,0,0,0,0,1,12,0,3,0,0,0,0,0,0,0,0,0,0,,,,,
Jerome Ford,RB,CLE,13,LA,0,0,0,0,0,19,0,9,3,33,1,3,0,0,0,0,0,0,0,0,0,0,,,,,
Jerry Jeudy,WR,DEN,13,HOU,0,0,0,0,0,0,0,0,3,51,0,4,0,0,0,0,0,0,0,0,0,0,,,,,
Jimmy Graham,TE,NO,13,DET,0,0,0,0,0,0,0,0,1,6,1,1,0,0,0,0,0,0,0,0,0,0,,,,,
Joe Flacco,QB,CLE,13,LA,254,2,44,23,1,0,0,0,0,0,0,0,0,0,0,0,0,0,0,0,0,0,,,,,
Joe Mixon,RB,CIN,13,JAX,0,0,0,0,0,68,2,19,6,49,0,7,0,0,0,0,0,0,0,0,0,0,,,,,
Joey Slye,K,WAS,13,MIA,0,0,0,0,0,0,0,0,0,0,0,0,0,0,0,0,0,0,0,0,0,1,,,,,
John Bates,TE,WAS,13,MIA,0,0,0,0,0,0,0,0,0,0,0,1,0,0,0,0,0,0,0,0,0,0,,,,,
John Metchie III,WR,HOU,13,DEN,0,0,0,0,0,0,0,0,1,9,0,3,0,0,0,0,0,0,0,0,0,0,,,,,
Jonathan Mingo,WR,CAR,13,TB,0,0,0,0,0,0,0,0,6,69,0,10,0,0,0,0,0,0,0,0,0,0,,,,,
Jonnu Smith,TE,ATL,13,NYJ,0,0,0,0,0,0,0,0,2,10,0,3,0,0,0,0,0,0,0,0,0,0,,,,,
Jordan Akins,TE,CLE,13,LA,0,0,0,0,0,0,0,0,1,6,0,1,0,0,0,0,0,0,0,0,0,0,,,,,
Jordan Love,QB,GB,13,KC,267,3,36,25,0,10,0,2,0,0,0,0,0,0,0,0,0,0,0,0,0,0,,,,,
Jordan Mason,RB,SF,13,PHI,0,0,0,0,0,10,0,2,0,0,0,0,0,0,0,0,0,0,0,0,0,0,,,,,
Josh Downs,WR,IND,13,TEN,0,0,0,0,0,0,0,0,3,14,0,5,0,0,0,0,0,0,0,0,0,0,,,,,
Josh Reynolds,WR,DET,13,NO,0,0,0,0,0,0,0,0,1,12,0,3,0,0,0,0,0,0,0,0,0,0,,,,,
Josh Whyle,TE,TEN,13,IND,0,0,0,0,0,0,0,0,1,16,0,2,0,0,0,0,0,0,0,0,0,0,,,,,
Joshua Kelley,RB,LAC,13,NE,0,0,0,0,0,16,0,6,2,9,0,3,0,0,0,0,0,0,0,0,0,0,,,,,
JuJu Smith-Schuster,WR,NE,13,LAC,0,0,0,0,0,0,0,0,1,11,0,3,0,0,0,0,0,0,0,0,0,0,,,,,
Julian Hill,TE,MIA,13,WAS,0,0,0,0,0,0,0,0,2,23,0,2,0,0,0,0,0,0,0,0,0,0,,,,,
Justin Herbert,QB,LAC,13,NE,212,0,37,22,0,-5,0,4,0,0,0,0,0,0,0,0,0,0,0,0,0,0,,,,,
Juwan Johnson,TE,NO,13,DET,0,0,0,0,0,0,0,0,0,0,0,3,0,0,0,0,0,0,0,0,0,0,,,,,
KC,DEF,KC,13,GB,,,,,,,,,,,,,,,,,,,,,,,0,0,0,0,27.0
KaVontae Turpin,WR,DAL,13,SEA,0,0,0,0,0,0,0,0,1,10,0,3,0,0,0,0,0,0,0,0,0,0,,,,,
Kadarius Toney,WR,KC,13,GB,0,0,0,0,0,6,0,1,0,0,0,0,0,0,0,0,0,0,0,0,0,0,,,,,
Kalif Raymond,WR,DET,13,NO,0,0,0,0,0,9,0,1,0,0,0,0,0,0,0,0,0,0,0,0,0,0,,,,,
Kareem Hunt,RB,CLE,13,LA,0,0,0,0,0,48,0,12,1,0,0,1,0,0,0,0,0,0,0,0,0,0,,,,,
Keenan Allen,WR,LAC,13,NE,0,0,0,0,0,0,0,0,5,58,0,9,0,0,0,0,0,0,0,0,0,0,,,,,
Kenny Gainwell,RB,PHI,13,SF,0,0,0,0,0,5,0,2,5,42,0,6,0,0,0,0,0,0,0,0,0,0,,,,,
Kenny Pickett,QB,PIT,13,ARI,70,0,10,7,0,3,0,3,0,0,0,0,0,0,0,0,0,0,0,0,0,0,,,,,
Kevin Rader,TE,TEN,13,IND,0,0,0,0,0,0,0,0,0,0,0,0,0,0,0,0,0,0,0,0,0,0,,,,,
KhaDarel Hodge,WR,ATL,13,NYJ,0,0,0,0,0,0,0,0,0,0,0,1,0,0,0,0,0,0,0,0,0,0,,,,,
Ko Kieft,TE,TB,13,CAR,0,0,0,0,0,0,0,0,0,0,0,0,0,0,0,0,0,0,0,0,0,0,,,,,
Kyle Pitts,TE,ATL,13,NYJ,0,0,0,0,0,0,0,0,4,51,0,8,0,0,0,0,0,0,0,0,0,0,,,,,
Kylen Granson,TE,IND,13,TEN,0,0,0,0,0,2,0,1,3,72,0,3,0,0,0,0,0,0,0,0,0,0,,,,,
Kyler Murray,QB,ARI,13,PIT,145,1,23,13,0,20,0,9,0,0,0,0,0,0,0,0,0,0,0,0,0,0,,,,,
Kyren Williams,RB,LA,13,CLE,0,0,0,0,0,88,1,21,3,24,0,5,0,0,0,0,0,0,0,0,0,0,,,,,
LA,DEF,LA,13,CLE,,,,,,,,,,,,,,,,,,,,,,,0,1,0,0,19.0
LAC,DEF,LAC,13,NE,,,,,,,,,,,,,,,,,,,,,,,0,0,0,0,0.0
Lil'Jordan Humphrey,WR,DEN,13,HOU,0,0,0,0,0,0,0,0,1,12,0,1,0,0,0,0,0,0,0,0,0,0,,,,,
Logan Thomas,TE,WAS,13,MIA,0,0,0,0,0,0,0,0,0,0,0,1,0,0,1,0,0,0,0,0,0,0,,,,,
Lucas Havrisik,K,LA,13,CLE,0,0,0,0,0,0,0,0,0,0,0,0,0,0,0,0,1,0,1,0,0,4,,,,,
Lucas Krull,TE,DEN,13,HOU,0,0,0,0,0,0,0,0,0,0,0,1,0,0,0,0,0,0,0,0,0,0,,,,,
Luke Farrell,TE,JAX,13,CIN,0,0,0,0,0,0,0,0,1,9,0,1,0,0,0,0,0,0,0,0,0,0,,,,,
Luke Schoonmaker,TE,DAL,13,SEA,0,0,0,0,0,0,0,0,1,12,0,1,0,0,0,0,0,0,0,0,0,0,,,,,
Lynn Bowden,WR,NO,13,DET,0,0,0,0,0,-6,0,2,1,5,0,1,0,0,0,0,0,0,0,0,0,0,,,,,
MIA,DEF,MIA,13,WAS,,,,,,,,,,,,,,,,,,,,,,,1,0,0,0,15.0
Malik Heath,WR,GB,13,KC,0,0,0,0,0,0,0,0,1,15,0,2,0,0,0,0,0,0,0,0,0,0,,,,,
Marcus Mariota,QB,PHI,13,SF,16,0,3,2,0,6,0,2,0,0,0,0,0,0,0,0,0,0,0,0,0,0,,,,,
Marquez Valdes-Scantling,WR,KC,13,GB,0,0,0,0,0,0,0,0,2,25,0,5,0,0,0,0,0,0,0,0,0,0,,,,,
Marquise Brown,WR,ARI,13,PIT,0,0,0,0,0,0,0,0,0,0,0,3,0,0,0,0,0,0,0,0,0,0,,,,,
Marvin Mims Jr.,WR,DEN,13,HOU,0,0,0,0,0,8,0,1,1,5,0,2,0,0,0,0,0,0,0,0,0,0,,,,,
Matt Ammendola,K,HOU,13,DEN,0,0,0,0,0,0,0,0,0,0,0,0,0,0,0,0,1,2,0,0,0,1,,,,,
Matt Gay,K,IND,13,TEN,0,0,0,0,0,0,0,0,0,0,0,0,0,0,0,0,3,0,1,0,0,1,,,,,
Matt Prater,K,ARI,13,PIT,0,0,0,0,0,0,0,0,0,0,0,0,0,0,0,0,0,0,0,1,0,3,,,,,
Matthew Stafford,QB,LA,13,CLE,279,3,37,22,0,-2,0,1,0,0,0,0,0,0,0,0,0,0,0,0,0,0,,,,,
Michael Carter,RB,ARI,13,PIT,0,0,0,0,0,25,0,4,0,0,0,0,0,0,0,0,0,0,0,0,0,0,,,,,
Michael Gallup,WR,DAL,13,SEA,0,0,0,0,0,0,0,0,0,0,0,1,0,0,0,0,0,0,0,0,0,0,,,,,
Michael Pittman,WR,IND,13,TEN,0,0,0,0,0,0,0,0,11,105,1,16,0,0,0,0,0,0,0,0,0,0,,,,,
Mike Evans,WR,TB,13,CAR,0,0,0,0,0,0,0,0,7,162,1,12,0,0,0,0,0,0,0,0,0,0,,,,,
Mike Strachan,WR,CAR,13,TB,0,0,0,0,0,0,0,0,0,0,0,1,0,0,0,0,0,0,0,0,0,0,,,,,
Mike White,QB,MIA,13,WAS,3,0,1,1,0,0,0,0,0,0,0,0,0,0,0,0,0,0,0,0,0,0,,,,,
Miles Sanders,RB,CAR,13,TB,0,0,0,0,0,23,0,8,1,6,0,2,0,0,0,0,0,0,0,0,0,0,,,,,
Mitchell Trubisky,QB,PIT,13,ARI,117,1,17,11,0,5,0,3,0,0,0,0,0,0,0,0,0,0,0,0,0,0,,,,,
Mitchell Wilcox,TE,CIN,13,JAX,0,0,0,0,0,0,0,0,1,12,0,1,0,0,0,0,0,0,0,0,0,0,,,,,
MyCole Pruitt,TE,ATL,13,NYJ,0,0,0,0,0,0,0,0,1,20,1,1,0,0,0,0,0,0,0,0,0,0,,,,,
NE,DEF,NE,13,LAC,,,,,,,,,,,,,,,,,,,,,,,0,0,0,0,6.0
NO,DEF,NO,13,DET,,,,,,,,,,,,,,,,,,,,,,,0,0,0,0,33.0
NYJ,DEF,NYJ,13,ATL,,,,,,,,,,,,,,,,,,,,,,,0,1,0,0,13.0
Najee Harris,RB,PIT,13,ARI,0,0,0,0,0,63,0,16,2,14,0,3,0,0,0,0,0,0,0,0,0,0,,,,,
Nick Folk,K,TEN,13,IND,0,0,0,0,0,0,0,0,0,0,0,0,0,0,0,0,1,0,1,0,0,2,,,,,
Nick Westbrook-Ikhine,WR,TEN,13,IND,0,0,0,0,0,0,0,0,1,28,0,3,0,0,0,0,0,0,0,0,0,0,,,,,
Nico Collins,WR,HOU,13,DEN,0,0,0,0,0,0,0,0,9,191,1,12,0,0,0,0,0,0,0,0,0,0,,,,,
Noah Brown,WR,HOU,13,DEN,0,0,0,0,0,0,0,0,0,0,0,2,0,0,0,0,0,0,0,0,0,0,,,,,
Noah Fant,TE,SEA,13,DAL,0,0,0,0,0,0,0,0,3,43,0,4,0,0,0,0,0,0,0,0,0,0,,,,,
Noah Gray,TE,KC,13,GB,0,0,0,0,0,0,0,0,1,2,1,1,0,0,0,0,0,0,0,0,0,0,,,,,
PHI,DEF,PHI,13,SF,,,,,,,,,,,,,,,,,,,,,,,0,0,0,0,42.0
PIT,DEF,PIT,13,ARI,,,,,,,,,,,,,,,,,,,,,,,0,0,0,0,24.0
Parker Washington,WR,JAX,13,CIN,0,0,0,0,0,0,0,0,6,61,1,6,0,0,0,0,0,0,0,0,0,0,,,,,
Pat Freiermuth,TE,PIT,13,ARI,0,0,0,0,0,0,0,0,3,29,0,5,0,0,0,0,0,0,0,0,0,0,,,,,
Patrick Mahomes,QB,KC,13,GB,210,1,33,21,1,26,0,4,0,0,0,0,0,0,0,0,0,0,0,0,0,0,,,,,
Patrick Taylor,RB,GB,13,KC,0,0,0,0,0,29,0,2,0,0,0,1,0,0,0,0,0,0,0,0,0,0,,,,,
Pierre Strong,RB,CLE,13,LA,0,0,0,0,0,20,0,2,0,0,0,0,0,0,0,0,0,0,0,0,0,0,,,,,
Puka Nacua,WR,LA,13,CLE,0,0,0,0,0,34,0,2,4,105,1,7,0,0,0,0,0,0,0,0,0,0,,,,,
Quentin Johnston,WR,LAC,13,NE,0,0,0,0,0,0,0,0,5,52,0,7,0,0,0,0,0,0,0,0,0,0,,,,,
Quez Watkins,WR,PHI,13,SF,0,0,0,0,0,0,0,0,3,28,0,4,0,0,0,0,0,0,0,0,0,0,,,,,
Rachaad White,RB,TB,13,CAR,0,0,0,0,0,84,1,20,3,22,0,5,0,0,0,0,0,0,0,0,0,0,,,,,
Raheem Blackshear,RB,CAR,13,TB,0,0,0,0,0,6,0,1,0,0,0,0,0,0,0,0,0,0,0,0,0,0,,,,,
Raheem Mostert,RB,MIA,13,WAS,0,0,0,0,0,43,1,11,1,8,0,1,0,0,0,0,0,0,0,0,0,0,,,,,
Rashee Rice,WR,KC,13,GB,0,0,0,0,0,0,0,0,8,64,0,9,0,0,0,0,0,0,0,0,0,0,,,,,
Rhamondre Stevenson,RB,NE,13,LAC,0,0,0,0,0,39,0,9,1,0,0,1,0,0,0,0,0,0,0,0,0,0,,,,,
Richie James,WR,KC,13,GB,0,0,0,0,0,0,0,0,1,12,0,2,0,0,0,0,0,0,0,0,0,0,,,,,
Rico Dowdle,RB,DAL,13,SEA,0,0,0,0,0,15,0,5,1,7,0,1,0,0,0,0,0,0,0,0,0,0,,,,,
Riley Patterson,K,DET,13,NO,0,0,0,0,0,0,0,0,0,0,0,0,0,0,0,0,1,1,0,0,0,3,,,,,
River Cracraft,WR,MIA,13,WAS,0,0,0,0,0,0,0,0,2,16,0,2,0,0,0,0,0,0,0,0,0,0,,,,,
Robert Woods,WR,HOU,13,DEN,0,0,0,0,0,0,0,0,0,0,0,0,0,0,0,0,0,0,0,0,0,0,,,,,
Rod Williams,TE,PIT,13,ARI,0,0,0,0,0,0,0,0,0,0,0,0,0,0,0,0,0,0,0,0,0,0,,,,,
Romeo Doubs,WR,GB,13,KC,0,0,0,0,0,0,0,0,4,72,0,5,0,0,0,0,0,0,0,0,0,0,,,,,
Rondale Moore,WR,ARI,13,PIT,0,0,0,0,0,0,0,0,1,6,0,2,0,0,0,0,0,0,0,0,0,0,,,,,
Ronnie Bell,WR,SF,13,PHI,0,0,0,0,0,0,0,0,0,0,0,0,0,0,0,0,0,0,0,0,0,0,,,,,
Royce Freeman,RB,LA,13,CLE,0,0,0,0,0,0,0,1,0,0,0,0,0,0,0,0,0,0,0,0,0,0,,,,,
Russell Wilson,QB,DEN,13,HOU,186,1,26,15,3,44,1,10,0,0,0,0,0,0,0,0,0,0,0,0,0,0,,,,,
SEA,DEF,SEA,13,DAL,,,,,,,,,,,,,,,,,,,,,,,0,0,0,0,41.0
SF,DEF,SF,13,PHI,,,,,,,,,,,,,,,,,,,,,,,0,0,0,0,19.0
Sam Darnold,QB,SF,13,PHI,0,0,0,0,0,-1,0,1,0,0,0,0,0,0,0,0,0,0,0,0,0,0,,,,,
Sam Howell,QB,WAS,13,MIA,127,0,23,12,1,21,2,4,0,0,0,0,0,0,1,0,0,0,0,0,0,0,,,,,
Sam LaPorta,TE,DET,13,NO,0,0,0,0,0,0,0,0,9,140,1,9,0,0,0,0,0,0,0,0,0,0,,,,,
Samaje Perine,RB,DEN,13,HOU,0,0,0,0,0,1,0,1,2,5,0,2,0,0,0,0,0,0,0,0,0,0,,,,,
Skyy Moore,WR,KC,13,GB,0,0,0,0,0,0,0,0,1,5,0,2,0,0,0,0,0,0,0,0,0,0,,,,,
Stephen Sullivan,TE,CAR,13,TB,0,0,0,0,0,0,0,0,1,16,0,2,0,0,0,0,0,0,0,0,0,0,,,,,
Stone Smartt,TE,LAC,13,NE,0,0,0,0,0,0,0,0,0,0,0,1,0,0,0,0,0,0,0,0,0,0,,,,,
TB,DEF,TB,13,CAR,,,,,,,,,,,,,,,,,,,,,,,0,0,0,0,18.0
TEN,DEF,TEN,13,IND,,,,,,,,,,,,,,,,,,,,,,,0,0,0,0,31.0
Tanner Hudson,TE,CIN,13,JAX,0,0,0,0,0,0,0,0,4,35,0,4,0,0,0,0,0,0,0,0,0,0,,,,,
Taysom Hill,TE,NO,13,DET,0,0,2,0,0,59,1,13,2,15,0,2,0,0,0,0,0,0,0,0,0,0,,,,,
Tee Higgins,WR,CIN,13,JAX,0,0,0,0,0,0,0,0,3,36,0,3,0,0,0,0,0,0,0,0,0,0,,,,,
Terry McLaurin,WR,WAS,13,MIA,0,0,0,0,0,0,0,0,0,0,0,3,0,0,0,0,0,0,0,0,0,0,,,,,
Tim Boyle,QB,NYJ,13,ATL,148,0,25,14,1,2,0,1,0,0,0,0,0,0,0,0,0,0,0,0,0,0,,,,,
Tim Jones,WR,JAX,13,CIN,0,0,0,0,0,0,0,0,0,0,0,1,0,0,0,0,0,0,0,0,0,0,,,,,
Tony Pollard,RB,DAL,13,SEA,0,0,0,0,0,68,1,20,3,15,0,4,0,0,0,0,0,0,0,0,0,0,,,,,
Travis Etienne,RB,JAX,13,CIN,0,0,0,0,0,45,1,11,4,34,0,4,0,0,0,0,0,0,0,0,0,0,,,,,
Travis Kelce,TE,KC,13,GB,0,0,0,0,0,0,0,0,4,81,0,5,0,0,0,0,0,0,0,0,0,0,,,,,
Trayveon Williams,RB,CIN,13,JAX,0,0,0,0,0,0,0,0,0,0,0,0,0,0,0,0,0,0,0,0,0,0,,,,,
Trenton Irwin,WR,CIN,13,JAX,0,0,0,0,0,0,0,0,1,25,0,1,0,0,0,0,0,0,0,0,0,0,,,,,
Trevon Wesco,TE,TEN,13,IND,0,0,0,0,0,0,0,0,0,0,0,1,0,0,0,0,0,0,0,0,0,0,,,,,
Trevor Lawrence,QB,JAX,13,CIN,258,2,29,22,0,8,1,5,0,0,0,0,0,0,0,0,0,0,0,0,0,0,,,,,
Trevor Siemian,QB,NYJ,13,ATL,66,0,13,5,0,8,0,1,0,0,0,0,0,0,0,0,0,0,0,0,0,0,,,,,
Trey McBride,TE,ARI,13,PIT,0,0,0,0,0,0,0,0,8,89,1,9,0,0,0,0,0,0,0,0,0,0,,,,,
Trey Palmer,WR,TB,13,CAR,0,0,0,0,0,13,0,1,2,12,0,5,0,0,0,0,0,0,0,0,0,0,,,,,
Trey Sermon,RB,IND,13,TEN,0,0,0,0,0,0,0,0,0,0,0,1,0,0,0,0,0,0,0,0,0,0,,,,,
Tua Tagovailoa,QB,MIA,13,WAS,280,2,24,18,0,0,0,0,0,0,0,0,0,0,0,0,0,0,0,0,0,0,,,,,
Tucker Kraft,TE,GB,13,KC,0,0,0,0,0,0,0,0,3,37,0,6,0,0,0,0,0,0,0,0,0,0,,,,,
Tutu Atwell,WR,LA,13,CLE,0,0,0,0,0,0,0,0,1,9,0,2,0,0,0,0,0,0,0,0,0,0,,,,,
Ty Montgomery,WR,NE,13,LAC,0,0,0,0,0,2,0,1,0,0,0,0,0,0,0,0,0,0,0,0,0,0,,,,,
Tyjae Spears,RB,TEN,13,IND,0,0,0,0,0,75,0,16,4,13,0,6,0,0,0,0,0,0,0,0,0,0,,,,,
Tyler Allgeier,RB,ATL,13,NYJ,0,0,0,0,0,26,0,8,0,0,0,0,0,0,0,0,0,0,0,0,0,0,,,,,
Tyler Boyd,WR,CIN,13,JAX,0,0,1,0,1,5,0,1,5,37,0,7,0,0,0,0,0,0,0,0,0,0,,,,,
Tyler Conklin,TE,NYJ,13,ATL,0,0,0,0,0,0,0,0,3,35,0,9,0,0,0,0,0,0,0,0,0,0,,,,,
Tyler Goodson,RB,IND,13,TEN,0,0,0,0,0,0,0,0,2,11,0,2,0,0,0,0,0,0,0,0,0,0,,,,,
Tyler Higbee,TE,LA,13,CLE,0,0,0,0,0,0,0,0,2,35,0,4,0,0,0,0,0,0,0,0,0,0,,,,,
Tyler Lockett,WR,SEA,13,DAL,0,0,0,0,0,0,0,0,5,47,0,8,0,0,0,0,0,0,0,0,0,0,,,,,
Tyquan Thornton,WR,NE,13,LAC,0,0,0,0,0,39,0,1,0,0,0,1,0,0,0,0,0,0,0,0,0,0,,,,,
Tyreek Hill,WR,MIA,13,WAS,0,0,0,0,0,-4,0,2,5,157,2,7,0,0,0,0,0,0,0,0,0,0,,,,,
WAS,DEF,WAS,13,MIA,,,,,,,,,,,,,,,,,,,,,,,0,0,0,0,45.0
Wil Lutz,K,DEN,13,HOU,0,0,0,0,0,0,0,0,0,0,0,0,0,0,0,0,0,1,0,0,0,2,,,,,
Will Dissly,TE,SEA,13,DAL,0,0,0,0,0,0,0,0,0,0,0,2,0,0,0,0,0,0,0,0,0,0,,,,,
Will Levis,QB,TEN,13,IND,224,1,33,16,0,5,0,2,0,0,0,0,0,0,0,0,0,0,0,0,0,0,,,,,
Will Mallory,TE,IND,13,TEN,0,0,0,0,0,0,0,0,2,4,0,4,0,0,0,0,0,0,0,0,0,0,,,,,
Xavier Gipson,WR,NYJ,13,ATL,0,0,0,0,0,1,0,1,5,77,0,6,0,0,0,0,0,0,0,0,0,0,,,,,
Younghoe Koo,K,ATL,13,NYJ,0,0,0,0,0,0,0,0,0,0,0,0,0,0,0,0,1,0,1,0,0,1,,,,,
Zach Charbonnet,RB,SEA,13,DAL,0,0,0,0,0,60,1,19,1,39,0,2,0,0,0,0,0,0,0,0,0,0,,,,,
Zack Moss,RB,IND,13,TEN,0,0,0,0,0,51,0,19,2,6,0,3,0,0,0,0,0,0,0,0,0,0,,,,,
Zay Jones,WR,JAX,13,CIN,0,0,0,0,0,0,0,0,5,78,0,8,0,0,0,0,0,0,0,0,0,0,,,,,
A.J. Brown,WR,PHI,14,DAL,0,0,0,0,0,0,0,0,9,94,0,13,0,0,0,0,0,0,0,0,0,0,,,,,
A.T. Perry,WR,NO,14,CAR,0,0,0,0,0,0,0,0,1,44,0,1,0,0,0,0,0,0,0,0,0,0,,,,,
AJ Dillon,RB,GB,14,NYG,0,0,0,0,0,53,0,15,2,25,0,3,0,0,0,0,0,0,0,0,0,0,,,,,
AJ McCarron,QB,CIN,14,IND,-1,0,1,1,0,0,0,0,0,0,0,0,0,0,0,0,0,0,0,0,0,0,,,,,
ATL,DEF,ATL,14,TB,,,,,,,,,,,,,,,,,,,,,,,0,0,0,0,29.0
Adam Thielen,WR,CAR,14,NO,0,0,0,0,0,0,0,0,5,74,0,7,0,0,0,0,0,0,0,0,0,0,,,,,
Adam Trautman,TE,DEN,14,LAC,0,0,0,0,0,0,0,0,2,19,1,3,0,0,0,0,0,0,0,0,0,0,,,,,
Aidan O'Connell,QB,LV,14,MIN,171,0,32,21,1,2,0,1,0,0,0,0,0,0,0,0,0,0,0,0,0,0,,,,,
Alec Pierce,WR,IND,14,CIN,0,0,0,0,0,0,0,0,2,22,0,3,0,0,0,0,0,0,0,0,0,0,,,,,
Alex Erickson,WR,LAC,14,DEN,0,0,0,0,0,0,0,0,1,9,0,7,0,0,0,0,0,0,0,0,0,0,,,,,
Alexander Mattison,RB,MIN,14,LV,0,0,0,0,0,66,0,10,0,0,0,1,0,0,0,0,0,0,0,0,0,0,,,,,
Allen Lazard,WR,NYJ,14,HOU,0,0,0,0,0,0,0,0,0,0,0,0,0,0,0,0,0,0,0,0,0,0,,,,,
Allen Robinson,WR,PIT,14,NE,0,0,0,0,0,0,0,0,1,21,0,3,0,0,0,0,0,0,0,0,0,0,,,,,
Alvin Kamara,RB,NO,14,CAR,0,0,0,0,0,56,1,12,3,-11,0,4,0,0,0,0,0,0,0,0,0,0,,,,,
Amari Cooper,WR,CLE,14,JAX,0,0,0,0,0,0,0,0,7,77,0,14,0,0,0,0,0,0,0,0,0,0,,,,,
Ameer Abdullah,RB,LV,14,MIN,0,0,0,0,0,12,0,1,2,7,0,2,0,0,0,0,0,0,0,0,0,0,,,,,
Amon-Ra St. Brown,WR,DET,14,CHI,0,0,0,0,0,0,0,0,3,21,0,8,0,0,0,0,0,0,0,0,0,0,,,,,
Anders Carlson,K,GB,14,NYG,0,0,0,0,0,0,0,0,0,0,0,0,0,0,0,0,0,2,1,0,0,1,,,,,
Andrew Ogletree,TE,IND,14,CIN,0,0,0,0,0,0,0,0,0,0,0,2,0,0,0,0,0,0,0,0,0,0,,,,,
Austin Ekeler,RB,LAC,14,DEN,0,0,0,0,0,51,1,10,5,49,0,7,0,0,0,0,0,0,0,0,0,0,,,,,
Austin Hooper,TE,LV,14,MIN,0,0,0,0,0,0,0,0,1,5,0,1,0,0,0,0,0,0,0,0,0,0,,,,,
Austin Trammell,WR,LA,14,BAL,0,0,0,0,0,0,0,0,0,0,0,0,0,0,0,0,0,0,0,0,0,0,,,,,
BAL,DEF,BAL,14,LA,,,,,,,,,,,,,,,,,,,,,,,0,0,0,0,31.0
BUF,DEF,BUF,14,KC,,,,,,,,,,,,,,,,,,,,,,,0,0,0,0,17.0
Bailey Zappe,QB,NE,14,PIT,240,3,28,19,1,13,0,3,0,0,0,0,0,0,0,0,0,0,0,0,0,0,,,,,
Baker Mayfield,QB,TB,14,ATL,144,2,29,14,0,3,1,3,0,0,0,0,0,0,0,0,0,0,0,0,0,0,,,,,
Ben Skowronek,WR,LA,14,BAL,0,0,0,0,0,0,0,0,0,0,0,0,0,0,0,0,0,0,0,0,0,0,,,,,
Bijan Robinson,RB,ATL,14,TB,0,0,0,0,0,34,1,10,5,54,0,7,0,0,0,0,0,0,0,0,0,0,,,,,
Blake Grupe,K,NO,14,CAR,0,0,0,0,0,0,0,0,0,0,0,0,0,0,0,0,0,0,0,0,0,4,,,,,
Boston Scott,RB,PHI,14,DAL,0,0,0,0,0,9,0,3,0,0,0,0,0,0,0,0,0,0,0,0,0,0,,,,,
Brady Russell,RB,SEA,14,SF,0,0,0,0,0,0,0,0,0,0,0,0,0,0,0,0,0,0,0,0,0,0,,,,,
Brandin Cooks,WR,DAL,14,PHI,0,0,0,0,0,0,0,0,2,37,0,5,0,0,0,0,0,0,0,0,0,0,,,,,
Brandon Aiyuk,WR,SF,14,SEA,0,0,0,0,0,0,0,0,6,126,0,9,0,0,0,0,0,0,0,0,0,0,,,,,
Brandon Aubrey,K,DAL,14,PHI,0,0,0,0,0,0,0,0,0,0,0,0,0,0,0,0,0,0,1,2,1,3,,,,,
Brandon Bolden,RB,LV,14,MIN,0,0,0,0,0,0,0,0,0,0,0,0,0,0,0,0,0,0,0,0,0,0,,,,,
Brandon McManus,K,JAX,14,CLE,0,0,0,0,0,0,0,0,0,0,0,0,0,0,0,0,0,0,0,0,0,3,,,,,
Brandon Powell,WR,MIN,14,LV,0,0,0,0,0,0,0,0,0,0,0,1,0,0,0,0,0,0,0,0,0,0,,,,,
Braxton Berrios,WR,MIA,14,TEN,0,0,0,0,0,0,0,0,2,13,0,2,0,0,0,0,0,0,0,0,0,0,,,,,
Breece Hall,RB,NYJ,14,HOU,0,0,0,0,0,40,0,10,8,86,1,9,0,0,0,0,0,0,0,0,0,0,,,,,
Brevin Jordan,TE,HOU,14,NYJ,0,0,0,0,0,0,0,0,3,35,0,3,0,0,0,0,0,0,0,0,0,0,,,,,
Britain Covey,WR,PHI,14,DAL,0,0,0,0,0,0,0,0,0,0,0,0,0,0,0,0,0,0,0,0,0,0,,,,,
Brock Purdy,QB,SF,14,SEA,368,2,27,19,1,7,0,2,0,0,0,0,0,0,0,0,0,0,0,0,0,0,,,,,
Brock Wright,TE,DET,14,CHI,0,0,0,0,0,0,0,0,2,6,0,2,0,0,0,0,0,0,0,0,0,0,,,,,
Bryce Young,QB,CAR,14,NO,137,0,36,13,0,40,0,3,0,0,0,0,0,0,0,0,0,0,0,0,0,0,,,,,
C.J. Stroud,QB,HOU,14,NYJ,91,0,23,10,0,0,0,0,0,0,0,0,0,0,0,0,0,0,0,0,0,0,,,,,
CAR,DEF,CAR,14,NO,,,,,,,,,,,,,,,,,,,,,,,0,0,0,0,28.0
CHI,DEF,CHI,14,DET,,,,,,,,,,,,,,,,,,,,,,,0,0,0,0,13.0
CIN,DEF,CIN,14,IND,,,,,,,,,,,,,,,,,,,,,,,0,0,0,0,14.0
CLE,DEF,CLE,14,JAX,,,,,,,,,,,,,,,,,,,,,,,0,0,0,0,27.0
Cade Otton,TE,TB,14,ATL,0,0,0,0,0,0,0,0,2,16,1,5,0,0,0,0,0,0,0,0,0,0,,,,,
Cairo Santos,K,CHI,14,DET,0,0,0,0,0,0,0,0,0,0,0,0,0,0,0,0,2,0,1,0,0,1,,,,,
Calvin Austin III,WR,PIT,14,NE,0,0,0,0,0,12,0,1,0,0,0,0,0,0,0,0,0,0,0,0,0,0,,,,,
Calvin Ridley,WR,JAX,14,CLE,0,0,0,0,0,0,0,0,4,53,0,13,0,0,0,0,0,0,0,0,0,0,,,,,
Cameron Dicker,K,LAC,14,DEN,0,0,0,0,0,0,0,0,0,0,0,0,0,0,0,0,0,0,0,0,0,1,,,,,
Cedric Tillman,WR,CLE,14,JAX,0,0,0,0,0,0,0,0,2,23,0,4,0,0,0,0,0,0,0,0,0,0,,,,,
Cedrick Wilson Jr.,WR,MIA,14,TEN,0,0,0,0,0,0,0,0,2,30,0,4,0,0,0,0,0,0,0,0,0,0,,,,,
CeeDee Lamb,WR,DAL,14,PHI,0,0,0,0,0,0,0,0,6,71,1,10,0,0,0,0,0,0,0,0,0,0,,,,,
Chad Ryland,K,NE,14,PIT,0,0,0,0,0,0,0,0,0,0,0,0,0,0,0,0,0,0,0,0,0,3,,,,,
Charlie Jones,WR,CIN,14,IND,0,0,0,0,0,0,0,0,0,0,0,0,0,0,0,0,0,0,0,0,0,0,,,,,
Charlie Kolar,TE,BAL,14,LA,0,0,0,0,0,0,0,0,0,0,0,0,0,0,0,0,0,0,0,0,0,0,,,,,
Charlie Woerner,TE,SF,14,SEA,0,0,0,0,0,0,0,0,1,3,0,1,0,0,0,0,0,0,0,0,0,0,,,,,
Chase Brown,RB,CIN,14,IND,0,0,0,0,0,25,0,8,3,80,1,3,0,0,0,0,0,0,0,0,0,0,,,,,
Chase Claypool,WR,MIA,14,TEN,0,0,0,0,0,0,0,0,0,0,0,0,0,0,0,0,0,0,0,0,0,0,,,,,
Chase Edmonds,RB,TB,14,ATL,0,0,0,0,0,40,0,8,2,18,0,2,0,0,0,0,0,0,0,0,0,0,,,,,
Chase McLaughlin,K,TB,14,ATL,0,0,0,0,0,0,0,0,0,0,0,0,0,0,0,0,0,1,0,1,0,3,,,,,
Chig Okonkwo,TE,TEN,14,MIA,0,0,0,0,0,0,0,0,5,46,0,6,0,0,0,0,0,0,0,0,0,0,,,,,
Chris Boswell,K,PIT,14,NE,0,0,0,0,0,0,0,0,0,0,0,0,0,0,0,0,0,0,0,1,0,1,,,,,
Chris Godwin Jr.,WR,TB,14,ATL,0,0,0,0,0,0,0,0,5,53,0,11,0,0,0,0,0,0,0,0,0,0,,,,,
Chris Moore,WR,TEN,14,MIA,0,0,0,0,0,0,0,0,1,22,0,1,0,0,0,0,0,0,0,0,0,0,,,,,
Chris Olave,WR,NO,14,CAR,0,0,0,0,0,0,0,0,4,28,1,5,0,0,0,0,0,0,0,0,0,0,,,,,
Christian McCaffrey,RB,SF,14,SEA,0,0,0,0,0,145,0,16,1,8,0,1,0,0,0,0,0,0,0,0,0,0,,,,,
Chuba Hubbard,RB,CAR,14,NO,0,0,0,0,0,87,0,23,2,9,0,2,0,0,0,0,0,0,0,0,0,0,,,,,
Clyde Edwards-Helaire,RB,KC,14,BUF,0,0,0,0,0,39,0,11,2,29,0,4,0,0,0,0,0,0,0,0,0,0,,,,,
Colby Parkinson,TE,SEA,14,SF,0,0,0,0,0,0,0,0,2,28,1,2,0,0,0,0,0,0,0,0,0,0,,,,,
Cole Kmet,TE,CHI,14,DET,0,0,0,0,0,0,0,0,5,66,0,6,0,0,0,0,0,0,0,0,0,0,,,,,
Cooper Kupp,WR,LA,14,BAL,0,0,0,0,0,0,0,0,8,115,1,10,0,0,0,0,0,0,0,0,0,0,,,,,
Cordarrelle Patterson,RB,ATL,14,TB,0,0,0,0,0,7,0,3,0,0,0,0,0,0,0,0,0,0,0,0,0,0,,,,,
Courtland Sutton,WR,DEN,14,LAC,0,0,0,0,0,0,0,0,3,62,1,4,0,0,0,0,0,0,0,0,0,0,,,,,
Craig Reynolds,RB,DET,14,CHI,0,0,0,0,0,0,0,0,0,0,0,0,0,0,0,0,0,0,0,0,0,0,,,,,
D'Andre Swift,RB,PHI,14,DAL,0,0,0,0,0,39,0,11,0,0,0,0,0,0,0,0,0,0,0,0,0,0,,,,,
D'Ernest Johnson,RB,JAX,14,CLE,0,0,0,0,0,12,0,3,2,16,0,3,0,0,0,0,0,0,0,0,0,0,,,,,
D'Onta Foreman,RB,CHI,14,DET,0,0,0,0,0,50,0,11,2,22,0,3,0,0,0,0,0,0,0,0,0,0,,,,,
DAL,DEF,DAL,14,PHI,,,,,,,,,,,,,,,,,,,,,,,0,0,0,0,13.0
DEN,DEF,DEN,14,LAC,,,,,,,,,,,,,,,,,,,,,,,0,0,0,0,7.0
DET,DEF,DET,14,CHI,,,,,,,,,,,,,,,,,,,,,,,0,0,0,0,28.0
DJ Chark,WR,CAR,14,NO,0,0,0,0,0,0,0,0,2,26,0,4,0,0,0,0,0,0,0,0,0,0,,,,,
DJ Moore,WR,CHI,14,DET,0,0,0,0,0,20,1,3,6,68,1,10,0,0,0,0,0,0,0,0,0,0,,,,,
DJ Turner,WR,LV,14,MIN,0,0,0,0,0,0,0,0,0,0,0,0,0,0,0,0,0,0,0,0,0,0,,,,,
DK Metcalf,WR,SEA,14,SF,0,0,0,0,0,0,0,0,2,52,1,5,0,0,0,0,0,0,0,0,0,0,,,,,
Dak Prescott,QB,DAL,14,PHI,271,2,39,24,0,11,0,3,0,0,0,0,0,0,0,0,0,0,0,0,0,0,,,,,
Dallas Goedert,TE,PHI,14,DAL,0,0,0,0,0,0,0,0,4,30,0,4,0,0,0,0,0,0,0,0,0,0,,,,,
Dalton Kincaid,TE,BUF,14,KC,0,0,0,0,0,0,0,0,5,21,0,8,0,0,0,0,0,0,0,0,0,0,,,,,
Dalvin Cook,RB,NYJ,14,HOU,0,0,0,0,0,13,0,7,1,-5,0,1,0,0,0,0,0,0,0,0,0,0,,,,,
Dameon Pierce,RB,HOU,14,NYJ,0,0,0,0,0,9,0,4,1,-2,0,1,0,0,0,0,0,0,0,0,0,0,,,,,
Daniel Bellinger,TE,NYG,14,GB,0,0,0,0,0,0,0,0,2,15,0,2,0,0,0,0,0,0,0,0,0,0,,,,,
Daniel Carlson,K,LV,14,MIN,0,0,0,0,0,0,0,0,0,0,0,0,0,0,0,0,0,0,0,0,0,0,,,,,
Dare Ogunbowale,RB,HOU,14,NYJ,0,0,0,0,0,7,0,2,1,4,0,2,0,0,0,0,0,0,0,0,0,0,,,,,
Darius Slayton,WR,NYG,14,GB,0,0,0,0,0,0,0,0,2,14,0,2,0,0,0,0,0,0,0,0,0,0,,,,,
Darnell Mooney,WR,CHI,14,DET,0,0,0,0,0,0,0,0,2,44,0,7,0,0,0,0,0,0,0,0,0,0,,,,,
Darnell Washington,TE,PIT,14,NE,0,0,0,0,0,0,0,0,1,12,0,2,0,0,0,0,0,0,0,0,0,0,,,,,
Davante Adams,WR,LV,14,MIN,0,0,0,0,0,0,0,0,7,53,0,10,0,0,0,0,0,0,0,0,0,0,,,,,
David Bell,WR,CLE,14,JAX,0,0,0,0,0,0,0,0,1,41,1,3,0,0,0,0,0,0,0,0,0,0,,,,,
David Montgomery,RB,DET,14,CHI,0,0,0,0,0,66,0,10,3,19,0,3,0,0,0,0,0,0,0,0,0,0,,,,,
David Moore,WR,TB,14,ATL,0,0,0,0,0,0,0,0,1,11,0,1,0,0,0,0,0,0,0,0,0,0,,,,,
David Njoku,TE,CLE,14,JAX,0,0,0,0,0,0,0,0,6,91,2,8,0,0,0,0,0,0,0,0,0,0,,,,,
Davis Allen,TE,LA,14,BAL,0,0,0,0,0,0,0,0,4,50,1,5,0,0,0,0,0,0,0,0,0,0,,,,,
Davis Mills,QB,HOU,14,NYJ,4,0,5,1,0,0,0,0,0,0,0,0,0,0,0,0,0,0,0,0,0,0,,,,,
Dawson Knox,TE,BUF,14,KC,0,0,0,0,0,0,0,0,3,36,0,3,0,0,0,0,0,0,0,0,0,0,,,,,
De'Von Achane,RB,MIA,14,TEN,0,0,0,0,0,47,0,7,5,24,0,9,0,0,0,0,0,0,0,0,0,0,,,,,
DeAndre Carter,WR,LV,14,MIN,0,0,0,0,0,0,0,0,0,0,0,0,0,0,0,0,0,0,0,0,0,0,,,,,
DeAndre Hopkins,WR,TEN,14,MIA,0,0,0,0,0,0,0,0,7,124,1,12,0,0,0,0,0,0,0,0,0,0,,,,,
DeVonta Smith,WR,PHI,14,DAL,0,0,0,0,0,0,0,0,5,73,0,10,0,0,0,0,0,0,0,0,0,0,,,,,
DeeJay Dallas,RB,SEA,14,SF,0,0,0,0,0,0,0,0,0,0,0,0,0,0,0,0,0,0,0,0,0,0,,,,,
Deebo Samuel Sr.,WR,SF,14,SEA,0,0,0,0,0,1,1,1,7,149,1,9,0,0,0,0,0,0,0,0,0,0,,,,,
Demarcus Robinson,WR,LA,14,BAL,0,0,0,0,0,0,0,0,3,46,1,10,0,0,0,0,0,0,0,0,0,0,,,,,
Deonte Harty,WR,BUF,14,KC,0,0,0,0,0,0,0,0,1,25,0,1,0,0,0,0,0,0,0,0,0,0,,,,,
Derek Carr,QB,NO,14,CAR,119,2,26,18,1,0,0,0,0,0,0,0,0,0,0,0,0,0,0,0,0,0,,,,,
Derius Davis,WR,LAC,14,DEN,0,0,0,0,0,0,0,0,0,0,0,0,0,0,0,0,0,0,0,0,0,0,,,,,
Derrick Henry,RB,TEN,14,MIA,0,0,0,0,0,34,2,17,1,17,0,2,0,0,0,0,0,0,0,0,0,0,,,,,
Desmond Ridder,QB,ATL,14,TB,347,1,40,26,1,15,1,4,0,0,0,0,0,0,1,0,0,0,0,0,0,0,,,,,
Deven Thompkins,WR,TB,14,ATL,0,0,0,0,0,0,0,0,0,0,0,0,0,0,0,0,0,0,0,0,0,0,,,,,
Devin Duvernay,WR,BAL,14,LA,0,0,0,0,0,0,0,0,0,0,0,0,0,0,0,0,0,0,0,0,0,0,,,,,
Devin Singletary,RB,HOU,14,NYJ,0,0,0,0,0,65,1,13,0,0,0,3,0,0,0,0,0,0,0,0,0,0,,,,,
Diontae Johnson,WR,PIT,14,NE,0,0,0,0,0,0,0,0,3,57,1,7,0,0,0,0,0,0,0,0,0,0,,,,,
Donald Parham,TE,LAC,14,DEN,0,0,0,0,0,0,0,0,1,11,0,2,0,0,0,0,0,0,0,0,0,0,,,,,
Donovan Peoples-Jones,WR,DET,14,CHI,0,0,0,0,0,0,0,0,1,17,0,1,0,0,0,0,0,0,0,0,0,0,,,,,
Dontayvion Wicks,WR,GB,14,NYG,0,0,0,0,0,0,0,0,2,20,0,6,0,0,0,0,0,0,0,0,0,0,,,,,
Dorian Thompson-Robinson,QB,CLE,14,JAX,0,0,0,0,0,5,0,1,0,0,0,0,0,0,0,0,0,0,0,0,0,0,,,,,
Drake London,WR,ATL,14,TB,0,0,0,0,0,0,0,0,10,172,0,11,0,0,1,0,0,0,0,0,0,0,,,,,
Drew Lock,QB,SEA,14,SF,269,2,31,22,2,5,0,3,0,0,0,0,0,0,0,0,0,0,0,0,0,0,,,,,
Drew Sample,TE,CIN,14,IND,0,0,0,0,0,0,0,0,2,4,0,2,0,0,0,0,0,0,0,0,0,0,,,,,
Durham Smythe,TE,MIA,14,TEN,0,0,0,0,0,0,0,0,2,16,0,3,0,0,0,0,0,0,0,0,0,0,,,,,
Dustin Hopkins,K,CLE,14,JAX,0,0,0,0,0,0,0,0,0,0,0,0,0,0,0,0,0,0,0,1,0,4,,,,,
Easton Stick,QB,LAC,14,DEN,179,0,24,13,0,0,0,0,0,0,0,0,0,0,0,0,0,0,0,0,0,0,,,,,
Eddy Pineiro,K,CAR,14,NO,0,0,0,0,0,0,0,0,0,0,0,0,0,0,0,0,1,0,1,0,0,0,,,,,
Elijah Cooks,WR,JAX,14,CLE,0,0,0,0,0,0,0,0,0,0,0,0,0,0,0,0,0,0,0,0,0,0,,,,,
Elijah Moore,WR,CLE,14,JAX,0,0,0,0,0,0,0,0,3,42,0,6,0,0,0,0,0,0,0,0,0,0,,,,,
Evan Engram,TE,JAX,14,CLE,0,0,0,0,0,0,0,0,11,95,2,12,0,0,0,0,0,0,0,0,0,0,,,,,
Evan McPherson,K,CIN,14,IND,0,0,0,0,0,0,0,0,0,0,0,0,0,0,0,0,0,2,0,0,0,4,,,,,
Ezekiel Elliott,RB,NE,14,PIT,0,0,0,0,0,68,0,22,7,72,1,8,0,0,0,0,0,0,0,0,0,0,,,,,
Foster Moreau,TE,NO,14,CAR,0,0,0,0,0,0,0,0,2,8,0,2,0,0,0,0,0,0,0,0,0,0,,,,,
GB,DEF,GB,14,NYG,,,,,,,,,,,,,,,,,,,,,,,0,0,0,0,24.0
Gabe Davis,WR,BUF,14,KC,0,0,0,0,0,0,0,0,0,0,0,2,0,0,0,0,0,0,0,0,0,0,,,,,
Gardner Minshew,QB,IND,14,CIN,240,1,39,26,1,5,0,2,0,0,0,0,0,0,1,0,0,0,0,0,0,0,,,,,
Garrett Wilson,WR,NYJ,14,HOU,0,0,0,0,0,3,0,1,9,108,0,14,0,0,0,0,0,0,0,0,0,0,,,,,
George Kittle,TE,SF,14,SEA,0,0,0,0,0,0,0,0,3,76,1,5,0,0,0,0,0,0,0,0,0,0,,,,,
George Pickens,WR,PIT,14,NE,0,0,0,0,0,0,0,0,5,19,0,6,0,0,0,0,0,0,0,0,0,0,,,,,
Gerald Everett,TE,LAC,14,DEN,0,0,0,0,0,0,0,0,5,39,0,8,0,0,0,0,0,0,0,0,0,0,,,,,
Godwin Igwebuike,RB,PIT,14,NE,0,0,0,0,0,0,0,0,0,0,0,0,0,0,0,0,0,0,0,0,0,0,,,,,
Greg Joseph,K,MIN,14,LV,0,0,0,0,0,0,0,0,0,0,0,0,0,0,0,0,0,1,0,0,0,0,,,,,
Greg Zuerlein,K,NYJ,14,HOU,0,0,0,0,0,0,0,0,0,0,0,0,0,0,0,0,0,0,1,2,0,3,,,,,
Gunner Olszewski,WR,NYG,14,GB,0,0,0,0,0,0,0,0,0,0,0,0,0,0,0,0,0,0,0,0,0,0,,,,,
Gus Edwards,RB,BAL,14,LA,0,0,0,0,0,15,0,6,0,0,0,0,0,0,0,0,0,0,0,0,0,0,,,,,
HOU,DEF,HOU,14,NYJ,,,,,,,,,,,,,,,,,,,,,,,0,0,0,0,30.0
Harrison Butker,K,KC,14,BUF,0,0,0,0,0,0,0,0,0,0,0,0,0,0,0,0,1,0,0,0,0,2,,,,,
Hunter Henry,TE,NE,14,PIT,0,0,0,0,0,0,0,0,3,40,2,3,0,0,0,0,0,0,0,0,0,0,,,,,
Hunter Renfrow,WR,LV,14,MIN,0,0,0,0,0,0,0,0,3,46,0,5,0,0,0,0,0,0,0,0,0,0,,,,,
IND,DEF,IND,14,CIN,,,,,,,,,,,,,,,,,,,,,,,1,0,0,0,34.0
Ihmir Smith-Marsette,WR,CAR,14,NO,0,0,0,0,0,10,0,1,0,0,0,1,0,0,0,0,0,0,0,0,0,0,,,,,
Isaiah Hodgins,WR,NYG,14,GB,0,0,0,0,0,0,0,0,2,22,1,2,0,0,0,0,0,0,0,0,0,0,,,,,
Isaiah Likely,TE,BAL,14,LA,0,0,0,0,0,0,0,0,5,83,1,7,0,0,0,0,0,0,0,0,0,0,,,,,
Isaiah McKenzie,WR,IND,14,CIN,0,0,0,0,0,0,0,0,0,0,0,0,0,0,0,0,0,0,0,0,0,0,,,,,
Isaiah Spiller,RB,LAC,14,DEN,0,0,0,0,0,19,0,6,0,0,0,0,0,0,0,0,0,0,0,0,0,0,,,,,
Israel Abanikanda,RB,NYJ,14,HOU,0,0,0,0,0,-1,0,3,0,0,0,0,0,0,0,0,0,0,0,0,0,0,,,,,
JAX,DEF,JAX,14,CLE,,,,,,,,,,,,,,,,,,,,,,,0,0,0,0,31.0
Ja'Marr Chase,WR,CIN,14,IND,0,0,0,0,0,0,0,0,3,29,0,4,0,0,0,0,0,0,0,0,0,0,,,,,
Jahmyr Gibbs,RB,DET,14,CHI,0,0,0,0,0,66,1,11,3,16,0,4,0,0,0,0,0,0,0,0,0,0,,,,,
Jake Browning,QB,CIN,14,IND,275,2,24,18,1,7,1,3,0,0,0,0,0,0,0,0,0,0,0,0,0,0,,,,,
Jake Elliott,K,PHI,14,DAL,0,0,0,0,0,0,0,0,0,0,0,0,0,0,0,0,0,0,1,1,0,1,,,,,
Jake Ferguson,TE,DAL,14,PHI,0,0,0,0,0,0,0,0,5,72,0,8,0,0,0,0,0,0,0,0,0,0,,,,,
Jake Moody,K,SF,14,SEA,0,0,0,0,0,0,0,0,0,0,0,0,0,0,0,0,0,0,0,0,0,4,,,,,
Jakob Johnson,RB,LV,14,MIN,0,0,0,0,0,0,0,0,0,0,0,0,0,0,0,0,0,0,0,0,0,0,,,,,
Jakobi Meyers,WR,LV,14,MIN,0,0,0,0,0,0,0,0,5,25,0,6,0,0,0,0,0,0,0,0,0,0,,,,,
Jaleel McLaughlin,RB,DEN,14,LAC,0,0,0,0,0,25,0,5,1,7,0,2,0,0,0,0,0,0,0,0,0,0,,,,,
Jalen Guyton,WR,LAC,14,DEN,0,0,0,0,0,0,0,0,1,8,0,1,0,0,0,0,0,0,0,0,0,0,,,,,
Jalen Hurts,QB,PHI,14,DAL,197,0,27,18,0,30,0,5,0,0,0,0,0,0,0,0,0,0,0,0,0,0,,,,,
Jalen Nailor,WR,MIN,14,LV,0,0,0,0,0,0,0,0,2,13,0,5,0,0,0,0,0,0,0,0,0,0,,,,,
Jalen Reagor,WR,NE,14,PIT,0,0,0,0,0,0,0,0,0,0,0,1,0,0,0,0,0,0,0,0,0,0,,,,,
Jalen Tolbert,WR,DAL,14,PHI,0,0,0,0,0,0,0,0,0,0,0,1,0,0,0,0,0,0,0,0,0,0,,,,,
Jalin Hyatt,WR,NYG,14,GB,0,0,0,0,0,0,0,0,2,13,0,3,0,0,0,0,0,0,0,0,0,0,,,,,
Jamaal Williams,RB,NO,14,CAR,0,0,0,0,0,43,0,11,0,0,0,1,0,0,0,0,0,0,0,0,0,0,,,,,
Jameis Winston,QB,NO,14,CAR,0,0,0,0,0,-2,0,2,0,0,0,0,0,0,0,0,0,0,0,0,0,0,,,,,
James Cook,RB,BUF,14,KC,0,0,0,0,0,58,0,10,5,83,1,5,0,0,0,0,0,0,0,0,0,0,,,,,
James Proche,WR,CLE,14,JAX,0,0,0,0,0,0,0,0,0,0,0,0,0,0,0,0,0,0,0,0,0,0,,,,,
Jameson Williams,WR,DET,14,CHI,0,0,0,0,0,4,0,1,0,0,0,2,0,0,0,0,0,0,0,0,0,0,,,,,
Jared Goff,QB,DET,14,CHI,161,1,35,20,2,0,0,1,0,0,0,0,0,0,0,0,0,0,0,0,0,0,,,,,
Jason Myers,K,SEA,14,SF,0,0,0,0,0,0,0,0,0,0,0,0,0,0,0,0,0,0,1,0,0,1,,,,,
Jason Sanders,K,MIA,14,TEN,0,0,0,0,0,0,0,0,0,0,0,0,0,0,0,0,1,1,0,0,0,3,,,,,
Jauan Jennings,WR,SF,14,SEA,0,0,0,0,0,0,0,0,0,0,0,1,0,0,0,0,0,0,0,0,0,0,,,,,
Javonte Williams,RB,DEN,14,LAC,0,0,0,0,0,66,1,17,3,25,0,4,0,0,0,0,0,0,0,0,0,0,,,,,
Jaxon Smith-Njigba,WR,SEA,14,SF,0,0,0,0,0,0,0,0,4,25,0,7,0,0,0,0,0,0,0,0,0,0,,,,,
Jayden Reed,WR,GB,14,NYG,0,0,0,0,0,38,1,4,8,27,0,10,0,0,0,0,0,0,0,0,0,0,,,,,
Jaylen Waddle,WR,MIA,14,TEN,0,0,0,0,0,0,0,0,6,79,0,8,0,0,0,0,0,0,0,0,0,0,,,,,
Jaylen Warren,RB,PIT,14,NE,0,0,0,0,0,11,0,7,4,29,0,5,0,0,0,0,0,0,0,0,0,0,,,,,
Jeremy Ruckert,TE,NYJ,14,HOU,0,0,0,0,0,0,0,0,3,37,0,3,0,0,0,0,0,0,0,0,0,0,,,,,
Jerick McKinnon,RB,KC,14,BUF,0,0,0,0,0,19,1,4,3,18,0,3,0,0,0,0,0,0,0,0,0,0,,,,,
Jerome Ford,RB,CLE,14,JAX,0,0,0,0,0,51,0,12,5,31,0,6,0,0,0,0,0,0,0,0,0,0,,,,,
Jerry Jeudy,WR,DEN,14,LAC,0,0,0,0,0,0,0,0,2,16,0,6,0,0,0,0,0,0,0,0,0,0,,,,,
Jimmy Graham,TE,NO,14,CAR,0,0,0,0,0,0,0,0,2,16,1,2,0,0,0,0,0,0,0,0,0,0,,,,,
Joe Flacco,QB,CLE,14,JAX,311,3,45,26,1,-1,0,4,0,0,0,0,0,0,0,0,0,0,0,0,0,0,,,,,
Joe Mixon,RB,CIN,14,IND,0,0,0,0,0,79,1,21,3,46,0,4,0,0,0,0,0,0,0,0,0,0,,,,,
John Metchie III,WR,HOU,14,NYJ,0,0,0,0,0,0,0,0,1,6,0,5,0,0,0,0,0,0,0,0,0,0,,,,,
Johnny Mundt,TE,MIN,14,LV,0,0,0,0,0,0,0,0,1,4,0,1,0,0,0,0,0,0,0,0,0,0,,,,,
Jonathan Mingo,WR,CAR,14,NO,0,0,0,0,0,0,0,0,2,22,0,9,0,0,0,0,0,0,0,0,0,0,,,,,
Jonnu Smith,TE,ATL,14,TB,0,0,0,0,0,0,0,0,4,27,0,7,0,0,0,0,0,0,0,0,0,0,,,,,
Jordan Addison,WR,MIN,14,LV,0,0,0,0,0,0,0,0,2,27,0,3,0,0,0,0,0,0,0,0,0,0,,,,,
Jordan Akins,TE,CLE,14,JAX,0,0,0,0,0,0,0,0,1,3,0,1,0,0,0,0,0,0,0,0,0,0,,,,,
Jordan Love,QB,GB,14,NYG,218,1,39,25,1,2,0,2,0,0,0,0,0,0,0,0,0,0,0,0,0,0,,,,,
Jordan Mason,RB,SF,14,SEA,0,0,0,0,0,20,1,4,1,6,0,1,0,0,0,0,0,0,0,0,0,0,,,,,
Josh Allen,QB,BUF,14,KC,233,1,42,23,1,32,1,10,0,0,0,0,0,0,0,0,0,0,0,0,0,0,,,,,
Josh Downs,WR,IND,14,CIN,0,0,0,0,0,0,0,0,3,32,0,3,0,0,0,0,0,0,0,0,0,0,,,,,
Josh Jacobs,RB,LV,14,MIN,0,0,0,0,0,34,0,13,2,16,0,2,0,0,0,0,0,0,0,0,0,0,,,,,
Josh Oliver,TE,MIN,14,LV,0,0,0,0,0,0,0,0,0,0,0,1,0,0,0,0,0,0,0,0,0,0,,,,,
Josh Reynolds,WR,DET,14,CHI,0,0,0,0,0,0,0,0,3,44,1,4,0,0,0,0,0,0,0,0,0,0,,,,,
Joshua Dobbs,QB,MIN,14,LV,63,0,23,10,0,21,0,5,0,0,0,0,0,0,0,0,0,0,0,0,0,0,,,,,
Joshua Kelley,RB,LAC,14,DEN,0,0,0,0,0,6,0,3,0,0,0,0,0,0,0,0,0,0,0,0,0,0,,,,,
JuJu Smith-Schuster,WR,NE,14,PIT,0,0,0,0,0,0,0,0,4,90,0,6,0,0,0,0,0,0,0,0,0,0,,,,,
Justice Hill,RB,BAL,14,LA,0,0,0,0,0,0,0,0,1,12,0,2,0,0,0,0,0,0,0,0,0,0,,,,,
Justin Fields,QB,CHI,14,DET,223,1,33,19,0,58,1,12,0,0,0,0,0,0,0,0,0,0,0,0,0,0,,,,,
Justin Herbert,QB,LAC,14,DEN,96,0,17,9,1,0,0,0,0,0,0,0,0,0,0,0,0,0,0,0,0,0,,,,,
Justin Jefferson,WR,MIN,14,LV,0,0,0,0,0,0,0,0,2,27,0,3,0,0,0,0,0,0,0,0,0,0,,,,,
Justin Tucker,K,BAL,14,LA,0,0,0,0,0,0,0,0,0,0,0,0,0,0,0,0,0,2,1,0,0,2,,,,,
Justin Watson,WR,KC,14,BUF,0,0,0,0,0,0,0,0,1,18,0,1,0,0,0,0,0,0,0,0,0,0,,,,,
Juwan Johnson,TE,NO,14,CAR,0,0,0,0,0,0,0,0,2,10,0,3,0,0,0,0,0,0,0,0,0,0,,,,,
K.J. Osborn,WR,MIN,14,LV,0,0,0,0,0,0,0,0,4,15,0,7,0,0,0,0,0,0,0,0,0,0,,,,,
KC,DEF,KC,14,BUF,,,,,,,,,,,,,,,,,,,,,,,0,0,0,0,20.0
KaVontae Turpin,WR,DAL,14,PHI,0,0,0,0,0,22,0,1,0,0,0,1,0,0,0,0,0,0,0,0,0,0,,,,,
Kadarius Toney,WR,KC,14,BUF,0,0,0,0,0,16,0,2,3,25,0,4,0,0,0,0,0,0,0,0,0,0,,,,,
Kalif Raymond,WR,DET,14,CHI,0,0,0,0,0,0,0,0,3,15,0,4,0,0,0,0,0,0,0,0,0,0,,,,,
Kareem Hunt,RB,CLE,14,JAX,0,0,0,0,0,27,1,10,1,3,0,1,0,0,0,0,0,0,0,0,0,0,,,,,
Keaton Mitchell,RB,BAL,14,LA,0,0,0,0,0,54,0,9,1,8,0,2,0,0,0,0,0,0,0,0,0,0,,,,,
Keenan Allen,WR,LAC,14,DEN,0,0,1,0,0,0,0,0,6,68,0,12,0,0,0,0,0,0,0,0,0,0,,,,,
Kene Nwangwu,RB,MIN,14,LV,0,0,0,0,0,3,0,2,0,0,0,0,0,0,0,0,0,0,0,0,0,0,,,,,
Kenneth Walker III,RB,SEA,14,SF,0,0,0,0,0,21,0,8,4,33,0,5,0,0,0,0,0,0,0,0,0,0,,,,,
Kenny Gainwell,RB,PHI,14,DAL,0,0,0,0,0,28,0,4,0,0,0,0,0,0,0,0,0,0,0,0,0,0,,,,,
KhaDarel Hodge,WR,ATL,14,TB,0,0,0,0,0,0,0,0,1,18,0,2,0,0,0,0,0,0,0,0,0,0,,,,,
Khalil Herbert,RB,CHI,14,DET,0,0,0,0,0,8,0,3,0,0,0,0,0,0,0,0,0,0,0,0,0,0,,,,,
Khalil Shakir,WR,BUF,14,KC,0,0,0,0,0,0,0,0,1,12,0,1,0,0,0,0,0,0,0,0,0,0,,,,,
Ko Kieft,TE,TB,14,ATL,0,0,0,0,0,0,0,0,0,0,0,1,0,0,0,0,0,0,0,0,0,0,,,,,
Kyle Pitts,TE,ATL,14,TB,0,0,0,0,0,0,0,0,3,57,1,6,0,0,0,0,0,0,0,0,0,0,,,,,
Kylen Granson,TE,IND,14,CIN,0,0,0,0,0,0,0,0,2,17,0,4,0,0,0,0,0,0,0,0,0,0,,,,,
Kyren Williams,RB,LA,14,BAL,0,0,0,0,0,114,0,25,3,-1,0,4,0,0,0,0,0,0,0,0,0,0,,,,,
LA,DEF,LA,14,BAL,,,,,,,,,,,,,,,,,,,,,,,0,1,0,0,37.0
LAC,DEF,LAC,14,DEN,,,,,,,,,,,,,,,,,,,,,,,0,0,0,0,24.0
LV,DEF,LV,14,MIN,,,,,,,,,,,,,,,,,,,,,,,0,0,0,0,3.0
Lamar Jackson,QB,BAL,14,LA,316,3,43,24,1,70,0,11,0,0,0,0,0,0,1,0,0,0,0,0,0,0,,,,,
Latavius Murray,RB,BUF,14,KC,0,0,0,0,0,9,0,3,1,21,0,1,0,0,0,0,0,0,0,0,0,0,,,,,
Lawrence Cager,TE,NYG,14,GB,0,0,0,0,0,0,0,0,0,0,0,0,0,0,0,0,0,0,0,0,0,0,,,,,
Lil'Jordan Humphrey,WR,DEN,14,LAC,0,0,0,0,0,0,0,0,1,12,0,1,0,0,0,0,0,0,0,0,0,0,,,,,
Lucas Havrisik,K,LA,14,BAL,0,0,0,0,0,0,0,0,0,0,0,0,0,0,0,0,1,1,0,1,0,2,,,,,
Lucas Krull,TE,DEN,14,LAC,0,0,0,0,0,0,0,0,1,35,0,1,0,0,0,0,0,0,0,0,0,0,,,,,
Luke Schoonmaker,TE,DAL,14,PHI,0,0,0,0,0,0,0,0,0,0,0,0,0,0,0,0,0,0,0,0,0,0,,,,,
Lynn Bowden,WR,NO,14,CAR,0,0,0,0,0,0,0,0,4,24,0,4,0,0,0,0,0,0,0,0,0,0,,,,,
MIA,DEF,MIA,14,TEN,,,,,,,,,,,,,,,,,,,,,,,1,0,0,0,28.0
MIN,DEF,MIN,14,LV,,,,,,,,,,,,,,,,,,,,,,,0,0,0,0,0.0
Mack Hollins,WR,ATL,14,TB,0,0,0,0,0,0,0,0,1,4,0,1,0,0,0,0,0,0,0,0,0,0,,,,,
Malik Heath,WR,GB,14,NYG,0,0,0,0,0,0,0,0,1,6,1,2,0,0,0,0,0,0,0,0,0,0,,,,,
Marcedes Lewis,TE,CHI,14,DET,0,0,0,0,0,0,0,0,1,4,0,1,0,0,0,0,0,0,0,0,0,0,,,,,
Marquez Valdes-Scantling,WR,KC,14,BUF,0,0,0,0,0,0,0,0,2,22,0,4,0,0,0,0,0,0,0,0,0,0,,,,,
Marvin Mims Jr.,WR,DEN,14,LAC,0,0,0,0,0,0,0,0,2,11,0,3,0,0,0,0,0,0,0,0,0,0,,,,,
Matt Ammendola,K,HOU,14,NYJ,0,0,0,0,0,0,0,0,0,0,0,0,0,0,0,0,0,0,0,0,0,0,,,,,
Matt Breida,RB,NYG,14,GB,0,0,0,0,0,16,0,2,0,0,0,0,0,0,0,0,0,0,0,0,0,0,,,,,
Matt Gay,K,IND,14,CIN,0,0,0,0,0,0,0,0,0,0,0,0,0,0,0,0,0,0,0,0,0,0,,,,,
Matthew Slater,WR,NE,14,PIT,0,0,0,0,0,0,0,0,0,0,0,0,0,0,0,0,0,0,0,0,0,0,,,,,
Matthew Stafford,QB,LA,14,BAL,294,3,41,23,0,-1,0,1,0,0,0,0,0,0,0,0,0,0,0,0,0,0,,,,,
Michael Gallup,WR,DAL,14,PHI,0,0,0,0,0,0,0,0,3,48,1,5,0,0,0,0,0,0,0,0,0,0,,,,,
Michael Mayer,TE,LV,14,MIN,0,0,0,0,0,0,0,0,1,14,0,2,0,0,0,0,0,0,0,0,0,0,,,,,
Michael Pittman,WR,IND,14,CIN,0,0,0,0,0,0,0,0,8,95,0,11,0,0,1,0,0,0,0,0,0,0,,,,,
Mike Evans,WR,TB,14,ATL,0,0,0,0,0,0,0,0,1,8,0,6,0,0,0,0,0,0,0,0,0,0,,,,,
Miles Sanders,RB,CAR,14,NO,0,0,0,0,0,74,0,10,0,0,0,0,0,0,0,0,0,0,0,0,0,0,,,,,
Mitchell Trubisky,QB,PIT,14,NE,190,1,35,22,1,30,1,8,0,0,0,0,0,0,1,0,0,0,0,0,0,0,,,,,
Mitchell Wilcox,TE,CIN,14,IND,0,0,0,0,0,0,0,0,1,0,0,1,0,0,0,0,0,0,0,0,0,0,,,,,
Mo Alie-Cox,TE,IND,14,CIN,0,0,0,0,0,0,0,0,1,2,1,1,0,0,0,0,0,0,0,0,0,0,,,,,
MyCole Pruitt,TE,ATL,14,TB,0,0,0,0,0,0,0,0,2,15,0,2,0,0,0,0,0,0,0,0,0,0,,,,,
NE,DEF,NE,14,PIT,,,,,,,,,,,,,,,,,,,,,,,0,0,0,0,18.0
NO,DEF,NO,14,CAR,,,,,,,,,,,,,,,,,,,,,,,0,0,0,0,6.0
NYG,DEF,NYG,14,GB,,,,,,,,,,,,,,,,,,,,,,,0,0,0,0,22.0
NYJ,DEF,NYJ,14,HOU,,,,,,,,,,,,,,,,,,,,,,,0,0,0,0,6.0
Najee Harris,RB,PIT,14,NE,0,0,0,0,0,29,0,12,3,19,0,3,0,0,0,0,0,0,0,0,0,0,,,,,
Nelson Agholor,WR,BAL,14,LA,0,0,0,0,0,0,0,0,5,32,0,5,0,0,0,0,0,0,0,0,0,0,,,,,
Nick Bawden,RB,NYJ,14,HOU,0,0,0,0,0,3,0,1,0,0,0,0,0,0,0,0,0,0,0,0,0,0,,,,,
Nick Folk,K,TEN,14,MIA,0,0,0,0,0,0,0,0,0,0,0,0,0,0,0,0,2,0,0,0,0,2,,,,,
Nick Mullens,QB,MIN,14,LV,83,0,13,9,0,0,0,0,0,0,0,0,0,0,0,0,0,0,0,0,0,0,,,,,
Nick Westbrook-Ikhine,WR,TEN,14,MIA,0,0,0,0,0,0,0,0,2,28,0,4,0,0,1,0,0,0,0,0,0,0,,,,,
Nico Collins,WR,HOU,14,NYJ,0,0,0,0,0,0,0,0,1,13,0,1,0,0,0,0,0,0,0,0,0,0,,,,,
Noah Brown,WR,HOU,14,NYJ,0,0,0,0,0,0,0,0,0,0,0,5,0,0,0,0,0,0,0,0,0,0,,,,,
Noah Fant,TE,SEA,14,SF,0,0,0,0,0,0,0,0,2,35,0,4,0,0,0,0,0,0,0,0,0,0,,,,,
Odell Beckham Jr.,WR,BAL,14,LA,0,0,0,0,0,0,0,0,4,97,1,10,0,0,0,0,0,0,0,0,0,0,,,,,
Olamide Zaccheaus,WR,PHI,14,DAL,0,0,0,0,0,0,0,0,1,28,0,1,0,0,0,0,0,0,0,0,0,0,,,,,
PHI,DEF,PHI,14,DAL,,,,,,,,,,,,,,,,,,,,,,,0,0,0,0,33.0
PIT,DEF,PIT,14,NE,,,,,,,,,,,,,,,,,,,,,,,0,0,0,0,21.0
Parker Washington,WR,JAX,14,CLE,0,0,0,0,0,0,0,0,2,27,1,3,0,0,0,0,0,0,0,0,0,0,,,,,
Pat Freiermuth,TE,PIT,14,NE,0,0,0,0,0,0,0,0,3,18,0,7,0,0,1,0,0,0,0,0,0,0,,,,,
Patrick Mahomes,QB,KC,14,BUF,271,1,43,25,1,8,0,1,0,0,0,0,0,0,0,0,0,0,0,0,0,0,,,,,
Patrick Taylor,RB,GB,14,NYG,0,0,0,0,0,30,0,4,2,22,0,2,0,0,0,0,0,0,0,0,0,0,,,,,
Peyton Hendershot,TE,DAL,14,PHI,0,0,0,0,0,0,0,0,0,0,0,0,0,0,0,0,0,0,0,0,0,0,,,,,
Pharaoh Brown,TE,NE,14,PIT,0,0,0,0,0,0,0,0,1,4,0,1,0,0,0,0,0,0,0,0,0,0,,,,,
Pierre Strong,RB,CLE,14,JAX,0,0,0,0,0,0,0,1,0,0,0,0,0,0,0,0,0,0,0,0,0,0,,,,,
Puka Nacua,WR,LA,14,BAL,0,0,0,0,0,6,0,1,5,84,0,9,0,0,0,0,0,0,0,0,0,0,,,,,
Quentin Johnston,WR,LAC,14,DEN,0,0,0,0,0,0,0,0,3,91,0,4,0,0,0,0,0,0,0,0,0,0,,,,,
Rachaad White,RB,TB,14,ATL,0,0,0,0,0,102,0,25,2,33,1,2,0,0,0,0,0,0,0,0,0,0,,,,,
Raheem Blackshear,RB,CAR,14,NO,0,0,0,0,0,4,0,1,1,4,0,2,0,0,0,0,0,0,0,0,0,0,,,,,
Raheem Mostert,RB,MIA,14,TEN,0,0,0,0,0,96,2,21,1,4,0,1,0,0,0,0,0,0,0,0,0,0,,,,,
Randall Cobb,WR,NYJ,14,HOU,0,0,0,0,0,0,0,0,1,15,1,1,0,0,0,0,0,0,0,0,0,0,,,,,
Randy Bullock,K,NYG,14,GB,0,0,0,0,0,0,0,0,0,0,0,0,0,0,0,0,0,1,0,0,0,3,,,,,
Rashee Rice,WR,KC,14,BUF,0,0,0,0,0,0,0,0,7,72,1,10,0,0,0,0,0,0,0,0,0,0,,,,,
Rashod Bateman,WR,BAL,14,LA,0,0,0,0,0,0,0,0,2,24,0,4,0,0,0,0,0,0,0,0,0,0,,,,,
Richie James,WR,KC,14,BUF,0,0,0,0,0,0,0,0,1,4,0,2,0,0,0,0,0,0,0,0,0,0,,,,,
Rico Dowdle,RB,DAL,14,PHI,0,0,0,0,0,46,1,12,1,6,0,1,0,0,0,0,0,0,0,0,0,0,,,,,
Riley Patterson,K,DET,14,CHI,0,0,0,0,0,0,0,0,0,0,0,0,0,0,0,0,0,0,0,0,0,1,,,,,
Robert Woods,WR,HOU,14,NYJ,0,0,0,0,0,0,0,0,1,-2,0,3,0,0,0,0,0,0,0,0,0,0,,,,,
Romeo Doubs,WR,GB,14,NYG,0,0,0,0,0,0,0,0,4,32,0,7,0,0,0,0,0,0,0,0,0,0,,,,,
Ronnie Bell,WR,SF,14,SEA,0,0,0,0,0,0,0,0,0,0,0,0,0,0,0,0,0,0,0,0,0,0,,,,,
Roschon Johnson,RB,CHI,14,DET,0,0,0,0,0,6,0,1,0,0,0,0,0,0,0,0,0,0,0,0,0,0,,,,,
Royce Freeman,RB,LA,14,BAL,0,0,0,0,0,9,0,3,0,0,0,0,0,0,0,0,0,0,0,0,0,0,,,,,
Russell Wilson,QB,DEN,14,LAC,224,2,33,21,1,5,0,6,0,0,0,0,0,0,0,0,0,0,0,0,0,0,,,,,
SEA,DEF,SEA,14,SF,,,,,,,,,,,,,,,,,,,,,,,0,0,0,0,28.0
SF,DEF,SF,14,SEA,,,,,,,,,,,,,,,,,,,,,,,0,0,0,0,16.0
Sam LaPorta,TE,DET,14,CHI,0,0,0,0,0,4,0,1,2,23,0,6,0,0,0,0,0,0,0,0,0,0,,,,,
Samaje Perine,RB,DEN,14,LAC,0,0,0,0,0,8,0,2,5,36,0,5,0,0,0,0,0,0,0,0,0,0,,,,,
Samori Toure,WR,GB,14,NYG,0,0,0,0,0,0,0,0,2,22,0,4,0,0,0,0,0,0,0,0,0,0,,,,,
Saquon Barkley,RB,NYG,14,GB,0,0,0,0,0,86,2,20,3,15,0,4,0,0,0,0,0,0,0,0,0,0,,,,,
Scott Miller,WR,ATL,14,TB,0,0,0,0,0,0,0,0,0,0,0,3,0,0,0,0,0,0,0,0,0,0,,,,,
Skyy Moore,WR,KC,14,BUF,0,0,0,0,0,0,0,0,0,0,0,1,0,0,0,0,0,0,0,0,0,0,,,,,
Stefon Diggs,WR,BUF,14,KC,0,0,0,0,0,0,0,0,4,24,0,11,0,0,0,0,0,0,0,0,0,0,,,,,
Stephen Sullivan,TE,CAR,14,NO,0,0,0,0,0,0,0,0,0,0,0,4,0,0,0,0,0,0,0,0,0,0,,,,,
T.J. Hockenson,TE,MIN,14,LV,0,0,0,0,0,0,0,0,5,53,0,8,0,0,0,0,0,0,0,0,0,0,,,,,
TB,DEF,TB,14,ATL,,,,,,,,,,,,,,,,,,,,,,,0,1,0,0,25.0
TEN,DEF,TEN,14,MIA,,,,,,,,,,,,,,,,,,,,,,,0,0,0,0,27.0
Tanner Hudson,TE,CIN,14,IND,0,0,0,0,0,0,0,0,2,21,1,3,0,0,0,0,0,0,0,0,0,0,,,,,
Tee Higgins,WR,CIN,14,IND,0,0,0,0,0,0,0,0,2,72,0,4,0,0,0,0,0,0,0,0,0,0,,,,,
Tommy DeVito,QB,NYG,14,GB,158,1,21,17,0,71,0,10,0,0,0,0,0,0,0,0,0,0,0,0,0,0,,,,,
Tommy Tremble,TE,CAR,14,NO,0,0,0,0,0,0,0,0,1,2,0,3,0,0,0,0,0,0,0,0,0,0,,,,,
Tony Pollard,RB,DAL,14,PHI,0,0,0,0,0,59,0,16,7,37,0,8,0,0,0,0,0,0,0,0,0,0,,,,,
Travis Etienne,RB,JAX,14,CLE,0,0,0,0,0,35,1,14,4,37,0,4,0,0,0,0,0,0,0,0,0,0,,,,,
Travis Homer,RB,CHI,14,DET,0,0,0,0,0,0,0,0,0,0,0,0,0,0,0,0,0,0,0,0,0,0,,,,,
Travis Kelce,TE,KC,14,BUF,0,0,0,0,0,0,0,0,6,83,0,10,0,0,0,0,0,0,0,0,0,0,,,,,
Trayveon Williams,RB,CIN,14,IND,0,0,0,0,0,0,0,0,1,-1,0,1,0,0,0,0,0,0,0,0,0,0,,,,,
Tre Tucker,WR,LV,14,MIN,0,0,0,0,0,0,0,0,0,0,0,1,0,0,0,0,0,0,0,0,0,0,,,,,
Trent Sherfield,WR,BUF,14,KC,0,0,0,0,0,0,0,0,1,9,0,2,0,0,0,0,0,0,0,0,0,0,,,,,
Trent Taylor,WR,CHI,14,DET,0,0,0,0,0,0,0,0,0,0,0,0,0,0,0,0,0,0,0,0,0,0,,,,,
Trevor Lawrence,QB,JAX,14,CLE,257,3,50,28,3,11,0,3,0,0,0,0,0,0,0,0,0,0,0,0,0,0,,,,,
Trey Palmer,WR,TB,14,ATL,0,0,0,0,0,3,0,1,1,5,0,1,0,0,0,0,0,0,0,0,0,0,,,,,
Trey Sermon,RB,IND,14,CIN,0,0,0,0,0,13,0,3,0,0,0,0,0,0,0,0,0,0,0,0,0,0,,,,,
Treylon Burks,WR,TEN,14,MIA,0,0,0,0,0,5,0,1,1,1,0,3,0,0,0,0,0,0,0,0,0,0,,,,,
Tua Tagovailoa,QB,MIA,14,TEN,240,0,33,23,0,15,0,3,0,0,0,0,0,0,0,0,0,0,0,0,0,0,,,,,
Tucker Kraft,TE,GB,14,NYG,0,0,0,0,0,0,0,0,4,64,0,4,0,0,0,0,0,0,0,0,0,0,,,,,
Tutu Atwell,WR,LA,14,BAL,0,0,0,0,0,0,0,0,0,0,0,1,0,0,0,0,0,0,0,0,0,0,,,,,
Ty Chandler,RB,MIN,14,LV,0,0,0,0,0,35,0,12,3,7,0,3,0,0,0,0,0,0,0,0,0,0,,,,,
Ty Johnson,RB,BUF,14,KC,0,0,0,0,0,19,0,5,2,2,0,2,0,0,0,0,0,0,0,0,0,0,,,,,
Ty Montgomery,WR,NE,14,PIT,0,0,0,0,0,0,0,0,1,17,0,2,0,0,0,0,0,0,0,0,0,0,,,,,
Tyjae Spears,RB,TEN,14,MIA,0,0,0,0,0,29,0,7,6,89,0,8,0,0,0,0,0,0,0,0,0,0,,,,,
Tylan Wallace,WR,BAL,14,LA,0,0,0,0,0,0,0,0,0,0,0,0,1,0,0,0,0,0,0,0,0,0,,,,,
Tyler Allgeier,RB,ATL,14,TB,0,0,0,0,0,40,0,9,0,0,0,0,0,0,0,0,0,0,0,0,0,0,,,,,
Tyler Bass,K,BUF,14,KC,0,0,0,0,0,0,0,0,0,0,0,0,0,0,0,0,0,2,0,0,0,2,,,,,
Tyler Boyd,WR,CIN,14,IND,0,0,0,0,0,0,0,0,2,23,0,3,0,0,0,0,0,0,0,0,0,0,,,,,
Tyler Conklin,TE,NYJ,14,HOU,0,0,0,0,0,0,0,0,4,57,0,6,0,0,0,0,0,0,0,0,0,0,,,,,
Tyler Goodson,RB,IND,14,CIN,0,0,0,0,0,0,0,0,1,-2,0,1,0,0,0,0,0,0,0,0,0,0,,,,,
Tyler Lockett,WR,SEA,14,SF,0,0,0,0,0,0,0,0,6,89,0,6,0,0,0,0,0,0,0,0,0,0,,,,,
Tyler Scott,WR,CHI,14,DET,0,0,0,0,0,0,0,0,1,11,0,1,0,0,0,0,0,0,0,0,0,0,,,,,
Tyquan Thornton,WR,NE,14,PIT,0,0,0,0,0,0,0,0,3,17,0,5,0,0,0,0,0,0,0,0,0,0,,,,,
Tyreek Hill,WR,MIA,14,TEN,0,0,0,0,0,0,0,0,4,61,0,5,0,0,0,0,0,0,0,0,0,0,,,,,
Velus Jones Jr.,WR,CHI,14,DET,0,0,0,0,0,0,0,0,1,11,0,1,0,0,0,0,0,0,0,0,0,0,,,,,
Wan'Dale Robinson,WR,NYG,14,GB,0,0,0,0,0,36,0,2,6,79,0,7,0,0,0,0,0,0,0,0,0,0,,,,,
Wil Lutz,K,DEN,14,LAC,0,0,0,0,0,0,0,0,0,0,0,0,0,0,0,0,1,0,0,0,0,3,,,,,
Will Dissly,TE,SEA,14,SF,0,0,0,0,0,0,0,0,1,3,0,1,0,0,0,0,0,0,0,0,0,0,,,,,
Will Levis,QB,TEN,14,MIA,327,1,38,23,1,15,0,4,0,0,0,0,0,0,1,0,0,0,0,0,0,0,,,,,
Will Mallory,TE,IND,14,CIN,0,0,0,0,0,0,0,0,5,46,0,5,0,0,0,0,0,0,0,0,0,0,,,,,
Xavier Gipson,WR,NYJ,14,HOU,0,0,0,0,0,9,1,1,1,3,0,1,0,0,0,0,0,0,0,0,0,0,,,,,
Xavier Hutchinson,WR,HOU,14,NYJ,0,0,0,0,0,0,0,0,2,15,0,3,0,0,0,0,0,0,0,0,0,0,,,,,
Younghoe Koo,K,ATL,14,TB,0,0,0,0,0,0,0,0,0,0,0,0,0,0,0,0,1,0,0,0,0,2,,,,,
Zach Charbonnet,RB,SEA,14,SF,0,0,0,0,0,44,0,9,1,4,0,1,0,0,0,0,0,0,0,0,0,0,,,,,
Zach Wilson,QB,NYJ,14,HOU,301,2,36,27,0,12,0,3,0,0,0,0,0,0,0,0,0,0,0,0,0,0,,,,,
Zack Moss,RB,IND,14,CIN,0,0,0,0,0,28,0,13,4,28,0,8,0,0,0,0,0,0,0,0,0,0,,,,,
Zamir White,RB,LV,14,MIN,0,0,0,0,0,8,0,2,0,0,0,0,0,0,0,0,0,0,0,0,0,0,,,,,
Zay Flowers,WR,BAL,14,LA,0,0,0,0,0,0,0,0,6,60,1,10,0,0,1,0,0,0,0,0,0,0,,,,,
Zay Jones,WR,JAX,14,CLE,0,0,0,0,0,0,0,0,5,29,0,14,0,0,0,0,0,0,0,0,0,0,,,,,
A.J. Brown,WR,PHI,15,SEA,0,0,0,0,0,0,0,0,5,56,0,10,0,0,0,0,0,0,0,0,0,0,,,,,
A.T. Perry,WR,NO,15,NYG,0,0,0,0,0,0,0,0,2,34,0,2,0,0,0,0,0,0,0,0,0,0,,,,,
ARI,DEF,ARI,15,SF,,,,,,,,,,,,,,,,,,,,,,,0,0,0,0,45.0
ATL,DEF,ATL,15,CAR,,,,,,,,,,,,,,,,,,,,,,,0,0,0,0,9.0
Aaron Jones,RB,GB,15,TB,0,0,0,0,0,53,0,13,4,16,0,4,0,0,0,0,0,0,0,0,0,0,,,,,
Adam Thielen,WR,CAR,15,ATL,0,0,0,0,0,0,0,0,4,43,0,7,0,0,0,0,0,0,0,0,0,0,,,,,
Adam Trautman,TE,DEN,15,DET,0,0,0,0,0,0,0,0,1,24,0,3,0,0,0,0,0,0,0,0,0,0,,,,,
Aidan O'Connell,QB,LV,15,LAC,248,4,34,20,0,0,0,0,0,0,0,0,0,0,0,0,0,0,0,0,0,0,,,,,
Alec Pierce,WR,IND,15,PIT,0,0,0,0,0,0,0,0,1,13,0,5,0,0,0,0,0,0,0,0,0,0,,,,,
Alex Erickson,WR,LAC,15,LV,0,0,0,0,0,0,0,0,1,13,1,2,0,0,0,0,0,0,0,0,0,0,,,,,
Allen Lazard,WR,NYJ,15,MIA,0,0,0,0,0,0,0,0,3,21,0,6,0,0,0,0,0,0,0,0,0,0,,,,,
Allen Robinson,WR,PIT,15,IND,0,0,0,0,0,0,0,0,3,19,0,3,0,0,0,0,0,0,0,0,0,0,,,,,
Alvin Kamara,RB,NO,15,NYG,0,0,0,0,0,66,0,16,5,44,0,5,0,0,0,0,0,0,0,0,0,0,,,,,
Amari Cooper,WR,CLE,15,CHI,0,0,0,0,0,0,0,0,4,109,1,8,0,0,0,0,0,0,0,0,0,0,,,,,
Ameer Abdullah,RB,LV,15,LAC,0,0,0,0,0,32,0,6,2,13,0,2,0,0,0,0,0,0,0,0,0,0,,,,,
Amon-Ra St. Brown,WR,DET,15,DEN,0,0,0,0,0,0,0,0,7,112,1,9,0,0,0,0,0,0,0,0,0,0,,,,,
Anders Carlson,K,GB,15,TB,0,0,0,0,0,0,0,0,0,0,0,0,0,0,0,0,0,2,0,0,0,2,,,,,
Andrei Iosivas,WR,CIN,15,MIN,0,0,0,0,0,0,0,0,1,5,0,2,0,0,0,0,0,0,0,0,0,0,,,,,
Andrew Ogletree,TE,IND,15,PIT,0,0,0,0,0,0,0,0,0,0,0,1,0,0,0,0,0,0,0,0,0,0,,,,,
Antonio Gibson,RB,WAS,15,LA,0,0,0,0,0,15,0,4,5,20,0,5,0,0,0,0,0,0,0,0,0,0,,,,,
Austin Ekeler,RB,LAC,15,LV,0,0,0,0,0,9,0,5,4,29,0,6,0,0,0,0,0,0,0,0,0,0,,,,,
Austin Hooper,TE,LV,15,LAC,0,0,0,0,0,0,0,0,0,0,0,1,0,0,0,0,0,0,0,0,0,0,,,,,
Austin Trammell,WR,LA,15,WAS,0,0,0,0,0,0,0,0,0,0,0,0,0,0,0,0,0,0,0,0,0,0,,,,,
BAL,DEF,BAL,15,JAX,,,,,,,,,,,,,,,,,,,,,,,0,0,0,0,7.0
BUF,DEF,BUF,15,DAL,,,,,,,,,,,,,,,,,,,,,,,0,0,0,0,10.0
Bailey Zappe,QB,NE,15,KC,180,1,31,23,1,2,0,1,0,0,0,0,0,0,0,0,0,0,0,0,0,0,,,,,
Baker Mayfield,QB,TB,15,GB,381,4,28,22,0,-2,0,2,0,0,0,0,0,0,0,0,0,0,0,0,0,0,,,,,
Ben Sims,TE,GB,15,TB,0,0,0,0,0,0,0,0,0,0,0,1,0,0,0,0,0,0,0,0,0,0,,,,,
Ben Skowronek,WR,LA,15,WAS,0,0,0,0,0,0,0,0,0,0,0,0,0,0,0,0,0,0,0,0,0,0,,,,,
Bijan Robinson,RB,ATL,15,CAR,0,0,0,0,0,11,0,7,1,3,0,3,0,0,0,0,0,0,0,0,0,0,,,,,
Blake Bell,TE,KC,15,NE,0,0,0,0,0,0,0,0,0,0,0,1,0,0,0,0,0,0,0,0,0,0,,,,,
Blake Grupe,K,NO,15,NYG,0,0,0,0,0,0,0,0,0,0,0,0,0,0,0,0,0,0,0,1,0,3,,,,,
Boston Scott,RB,PHI,15,SEA,0,0,0,0,0,0,0,0,0,0,0,0,0,0,0,0,0,0,0,0,0,0,,,,,
Brandin Cooks,WR,DAL,15,BUF,0,0,0,0,0,0,0,0,2,10,0,6,0,0,0,0,0,0,0,0,0,0,,,,,
Brandon Aiyuk,WR,SF,15,ARI,0,0,0,0,0,0,0,0,3,37,0,5,0,0,0,0,0,0,0,0,0,0,,,,,
Brandon Aubrey,K,DAL,15,BUF,0,0,0,0,0,0,0,0,0,0,0,0,0,0,0,0,0,1,0,0,0,1,,,,,
Brandon Bolden,RB,LV,15,LAC,0,0,0,0,0,25,1,2,0,0,0,0,0,0,0,0,0,0,0,0,0,0,,,,,
Brandon Johnson,WR,DEN,15,DET,0,0,0,0,0,0,0,0,0,0,0,1,0,0,0,0,0,0,0,0,0,0,,,,,
Brandon McManus,K,JAX,15,BAL,0,0,0,0,0,0,0,0,0,0,0,0,0,0,0,0,0,0,0,0,0,1,,,,,
Brandon Powell,WR,MIN,15,CIN,0,0,0,0,0,0,0,0,0,0,0,0,0,0,0,0,0,0,0,0,0,0,,,,,
Braxton Berrios,WR,MIA,15,NYJ,0,0,0,0,0,0,0,0,1,12,0,1,0,0,0,0,0,0,0,0,0,0,,,,,
Breece Hall,RB,NYJ,15,MIA,0,0,0,0,0,12,0,6,1,6,0,2,0,0,0,0,0,0,0,0,0,0,,,,,
Brevin Jordan,TE,HOU,15,TEN,0,0,0,0,0,0,0,0,1,14,0,1,0,0,0,0,0,0,0,0,0,0,,,,,
Britain Covey,WR,PHI,15,SEA,0,0,0,0,0,0,0,0,0,0,0,0,0,0,0,0,0,0,0,0,0,0,,,,,
Brock Purdy,QB,SF,15,ARI,242,4,25,16,0,0,0,0,0,0,0,0,0,0,0,0,0,0,0,0,0,0,,,,,
Bryce Young,QB,CAR,15,ATL,167,0,24,18,0,9,0,4,0,0,0,0,0,0,0,0,0,0,0,0,0,0,,,,,
Byron Pringle,WR,WAS,15,LA,0,0,0,0,0,0,0,0,1,5,0,1,0,0,0,0,0,0,0,0,0,0,,,,,
CAR,DEF,CAR,15,ATL,,,,,,,,,,,,,,,,,,,,,,,0,0,0,0,7.0
CHI,DEF,CHI,15,CLE,,,,,,,,,,,,,,,,,,,,,,,1,0,0,0,20.0
CIN,DEF,CIN,15,MIN,,,,,,,,,,,,,,,,,,,,,,,0,0,0,0,24.0
CLE,DEF,CLE,15,CHI,,,,,,,,,,,,,,,,,,,,,,,0,0,0,0,17.0
Cade Otton,TE,TB,15,GB,0,0,0,0,0,0,0,0,2,44,0,2,0,0,0,0,0,0,0,0,0,0,,,,,
Cairo Santos,K,CHI,15,CLE,0,0,0,0,0,0,0,0,0,0,0,0,0,0,0,0,0,0,1,0,0,2,,,,,
Calvin Ridley,WR,JAX,15,BAL,0,0,0,0,0,0,0,0,5,39,0,12,0,0,0,0,0,0,0,0,0,0,,,,,
Cameron Dicker,K,LAC,15,LV,0,0,0,0,0,0,0,0,0,0,0,0,0,0,0,0,0,0,0,0,0,3,,,,,
Case Keenum,QB,HOU,15,TEN,229,1,36,23,1,1,0,2,0,0,0,0,0,0,0,0,0,0,0,0,0,0,,,,,
Cedric Tillman,WR,CLE,15,CHI,0,0,0,0,0,0,0,0,4,52,0,8,0,0,0,0,0,0,0,0,0,0,,,,,
Cedrick Wilson Jr.,WR,MIA,15,NYJ,0,0,0,0,0,0,0,0,2,2,0,3,0,0,0,0,0,0,0,0,0,0,,,,,
CeeDee Lamb,WR,DAL,15,BUF,0,0,0,0,0,3,1,1,7,53,0,10,0,0,0,0,0,0,0,0,0,0,,,,,
Chad Ryland,K,NE,15,KC,0,0,0,0,0,0,0,0,0,0,0,0,0,0,0,0,1,0,0,0,0,2,,,,,
Charlie Jones,WR,CIN,15,MIN,0,0,0,0,0,0,0,0,2,10,0,3,0,0,0,0,0,0,0,0,0,0,,,,,
Charlie Kolar,TE,BAL,15,JAX,0,0,0,0,0,0,0,0,1,15,0,1,0,0,0,0,0,0,0,0,0,0,,,,,
Chase Brown,RB,CIN,15,MIN,0,0,0,0,0,23,0,7,3,28,0,3,0,0,0,0,0,0,0,0,0,0,,,,,
Chase Claypool,WR,MIA,15,NYJ,0,0,0,0,0,0,0,0,2,8,0,2,0,0,0,0,0,0,0,0,0,0,,,,,
Chase Edmonds,RB,TB,15,GB,0,0,0,0,0,13,0,3,0,0,0,0,0,0,0,0,0,0,0,0,0,0,,,,,
Chase McLaughlin,K,TB,15,GB,0,0,0,0,0,0,0,0,0,0,0,0,0,0,0,0,0,1,1,0,0,4,,,,,
Chig Okonkwo,TE,TEN,15,HOU,0,0,0,0,0,0,0,0,3,36,0,3,0,0,0,0,0,0,0,0,0,0,,,,,
Chris Boswell,K,PIT,15,IND,0,0,0,0,0,0,0,0,0,0,0,0,0,0,0,0,0,0,0,0,0,1,,,,,
Chris Godwin Jr.,WR,TB,15,GB,0,0,0,0,0,0,0,0,10,155,0,12,0,0,0,0,0,0,0,0,0,0,,,,,
Chris Moore,WR,TEN,15,HOU,0,0,0,0,0,0,0,0,3,39,0,4,0,0,0,0,0,0,0,0,0,0,,,,,
Chris Rodriguez Jr.,RB,WAS,15,LA,0,0,0,0,0,35,0,10,0,0,0,0,0,0,0,0,0,0,0,0,0,0,,,,,
Christian McCaffrey,RB,SF,15,ARI,0,0,0,0,0,115,1,18,5,72,2,5,0,0,0,0,0,0,0,0,0,0,,,,,
Chuba Hubbard,RB,CAR,15,ATL,0,0,0,0,0,87,0,22,2,16,0,2,0,0,0,0,0,0,0,0,0,0,,,,,
Clayton Tune,QB,ARI,15,SF,0,0,0,0,0,0,0,1,0,0,0,0,0,0,0,0,0,0,0,0,0,0,,,,,
Clyde Edwards-Helaire,RB,KC,15,NE,0,0,0,0,0,37,0,13,4,64,1,4,0,0,0,0,0,0,0,0,0,0,,,,,
Colby Parkinson,TE,SEA,15,PHI,0,0,0,0,0,0,0,0,1,6,0,1,0,0,0,0,0,0,0,0,0,0,,,,,
Cole Kmet,TE,CHI,15,CLE,0,0,0,0,0,0,0,0,5,23,1,7,0,0,0,0,0,0,0,0,0,0,,,,,
Cooper Kupp,WR,LA,15,WAS,0,0,0,0,0,0,0,0,8,111,1,8,0,0,0,0,0,0,0,0,0,0,,,,,
Cordarrelle Patterson,RB,ATL,15,CAR,0,0,0,0,0,-2,0,5,1,2,1,3,0,0,0,0,0,0,0,0,0,0,,,,,
Courtland Sutton,WR,DEN,15,DET,0,0,0,0,0,0,0,0,5,71,0,6,0,0,0,0,0,0,0,0,0,0,,,,,
Craig Reynolds,RB,DET,15,DEN,0,0,0,0,0,0,0,0,0,0,0,0,0,0,0,0,0,0,0,0,0,0,,,,,
Curtis Samuel,WR,WAS,15,LA,0,0,0,0,0,0,0,0,5,41,2,9,0,0,0,0,0,0,0,0,0,0,,,,,
D'Andre Swift,RB,PHI,15,SEA,0,0,0,0,0,74,0,18,2,1,0,3,0,0,0,0,0,0,0,0,0,0,,,,,
D'Ernest Johnson,RB,JAX,15,BAL,0,0,0,0,0,5,0,2,0,0,0,0,0,0,0,0,0,0,0,0,0,0,,,,,
D'Onta Foreman,RB,CHI,15,CLE,0,0,0,0,0,-6,0,6,0,0,0,0,0,0,0,0,0,0,0,0,0,0,,,,,
D.J. Montgomery,WR,IND,15,PIT,0,0,0,0,0,0,0,0,2,48,1,4,0,0,0,0,0,0,0,0,0,0,,,,,
DAL,DEF,DAL,15,BUF,,,,,,,,,,,,,,,,,,,,,,,0,0,0,0,31.0
DEN,DEF,DEN,15,DET,,,,,,,,,,,,,,,,,,,,,,,0,0,0,0,42.0
DET,DEF,DET,15,DEN,,,,,,,,,,,,,,,,,,,,,,,0,0,0,0,17.0
DJ Chark,WR,CAR,15,ATL,0,0,0,0,0,0,0,0,1,18,0,2,0,0,0,0,0,0,0,0,0,0,,,,,
DJ Moore,WR,CHI,15,CLE,0,0,0,0,0,0,0,0,4,52,0,8,0,0,0,0,0,0,0,0,0,0,,,,,
DJ Turner,WR,LV,15,LAC,0,0,0,0,0,0,0,0,0,0,0,0,0,0,0,0,0,0,0,0,0,0,,,,,
DK Metcalf,WR,SEA,15,PHI,0,0,0,0,0,0,0,0,5,78,0,6,0,0,0,0,0,0,0,0,0,0,,,,,
Dak Prescott,QB,DAL,15,BUF,134,0,34,21,1,27,0,4,0,0,0,0,0,0,0,0,0,0,0,0,0,0,,,,,
Dallas Goedert,TE,PHI,15,SEA,0,0,0,0,0,1,0,1,4,30,0,9,0,0,0,0,0,0,0,0,0,0,,,,,
Dalton Kincaid,TE,BUF,15,DAL,0,0,0,0,0,0,0,0,0,0,0,2,0,0,0,0,0,0,0,0,0,0,,,,,
Dalton Schultz,TE,HOU,15,TEN,0,0,0,0,0,0,0,0,4,58,0,5,0,0,0,0,0,0,0,0,0,0,,,,,
Dalvin Cook,RB,NYJ,15,MIA,0,0,0,0,0,4,0,1,1,6,0,1,0,0,0,0,0,0,0,0,0,0,,,,,
Dameon Pierce,RB,HOU,15,TEN,0,0,0,0,0,3,0,1,0,0,0,0,0,0,0,0,0,0,0,0,0,0,,,,,
Daniel Bellinger,TE,NYG,15,NO,0,0,0,0,0,0,0,0,2,13,0,2,0,0,0,0,0,0,0,0,0,0,,,,,
Daniel Carlson,K,LV,15,LAC,0,0,0,0,0,0,0,0,0,0,0,0,0,0,0,0,0,0,0,0,0,9,,,,,
Dare Ogunbowale,RB,HOU,15,TEN,0,0,0,0,0,17,0,1,0,0,0,1,0,0,0,0,0,0,0,0,0,0,,,,,
Darius Slayton,WR,NYG,15,NO,0,0,0,0,0,0,0,0,4,63,0,8,0,0,0,0,0,0,0,0,0,0,,,,,
Darnell Mooney,WR,CHI,15,CLE,0,0,0,0,0,0,0,0,2,14,0,8,0,0,0,0,0,0,0,0,0,0,,,,,
Darren Waller,TE,NYG,15,NO,0,0,0,0,0,0,0,0,4,40,0,6,0,0,0,0,0,0,0,0,0,0,,,,,
Davante Adams,WR,LV,15,LAC,0,0,0,0,0,0,0,0,8,101,1,12,0,0,0,0,0,0,0,0,0,0,,,,,
David Montgomery,RB,DET,15,DEN,0,0,0,0,0,85,0,17,2,-3,0,3,0,0,0,0,0,0,0,0,0,0,,,,,
David Moore,WR,TB,15,GB,0,0,0,0,0,0,0,0,2,68,1,2,0,0,0,0,0,0,0,0,0,0,,,,,
David Njoku,TE,CLE,15,CHI,0,0,0,0,0,0,0,0,10,104,1,14,0,0,0,0,0,0,0,0,0,0,,,,,
Davis Allen,TE,LA,15,WAS,0,0,0,0,0,0,0,0,1,14,0,1,0,0,0,0,0,0,0,0,0,0,,,,,
Davis Mills,QB,HOU,15,TEN,0,0,0,0,0,0,0,0,0,0,0,0,0,0,0,0,0,0,0,0,0,0,,,,,
De'Von Achane,RB,MIA,15,NYJ,0,0,0,0,0,32,0,9,3,30,0,3,0,0,0,0,0,0,0,0,0,0,,,,,
DeAndre Carter,WR,LV,15,LAC,0,0,0,0,0,0,0,0,0,0,0,0,0,0,0,0,0,0,0,0,0,0,,,,,
DeAndre Hopkins,WR,TEN,15,HOU,0,0,0,0,0,0,0,0,2,21,0,9,0,0,0,0,0,0,0,0,0,0,,,,,
DeMario Douglas,WR,NE,15,KC,0,0,0,0,0,0,0,0,3,33,0,5,0,0,0,0,0,0,0,0,0,0,,,,,
DeVante Parker,WR,NE,15,KC,0,0,0,0,0,0,0,0,5,44,0,5,0,0,0,0,0,0,0,0,0,0,,,,,
DeVonta Smith,WR,PHI,15,SEA,0,0,0,0,0,0,0,0,5,50,0,5,0,0,0,0,0,0,0,0,0,0,,,,,
DeeJay Dallas,RB,SEA,15,PHI,0,0,0,0,0,0,0,0,0,0,0,0,0,0,0,0,0,0,0,0,0,0,,,,,
Deebo Samuel Sr.,WR,SF,15,ARI,0,0,0,0,0,11,0,1,4,48,2,7,0,0,0,0,0,0,0,0,0,0,,,,,
Demarcus Robinson,WR,LA,15,WAS,0,0,0,0,0,23,0,1,2,44,1,3,0,0,0,0,0,0,0,0,0,0,,,,,
Deonte Harty,WR,BUF,15,DAL,0,0,0,0,0,0,0,0,0,0,0,0,0,0,0,0,0,0,0,0,0,0,,,,,
Derek Carr,QB,NO,15,NYG,218,3,28,23,0,-4,0,3,0,0,0,0,0,0,0,0,0,0,0,0,0,0,,,,,
Derius Davis,WR,LAC,15,LV,0,0,0,0,0,0,0,0,1,-2,0,2,0,0,0,0,0,0,0,0,0,0,,,,,
Derrick Henry,RB,TEN,15,HOU,0,0,0,0,0,9,0,16,4,1,0,4,0,0,0,0,0,0,0,0,0,0,,,,,
Desmond Ridder,QB,ATL,15,CAR,152,1,20,12,1,-2,0,5,0,0,0,0,0,0,0,0,0,0,0,0,0,0,,,,,
Deven Thompkins,WR,TB,15,GB,0,0,0,0,0,-1,0,1,0,0,0,0,0,0,0,0,0,0,0,0,0,0,,,,,
Devin Singletary,RB,HOU,15,TEN,0,0,0,0,0,121,0,26,4,49,0,5,0,0,0,0,0,0,0,0,0,0,,,,,
Diontae Johnson,WR,PIT,15,IND,0,0,0,0,0,0,0,0,4,62,1,6,0,0,0,0,0,0,0,0,0,0,,,,,
Donovan Peoples-Jones,WR,DET,15,DEN,0,0,0,0,0,0,0,0,1,5,0,1,0,0,0,0,0,0,0,0,0,0,,,,,
Dontayvion Wicks,WR,GB,15,TB,0,0,0,0,0,0,0,0,6,97,0,7,0,0,0,0,0,0,0,0,0,0,,,,,
Dorian Thompson-Robinson,QB,CLE,15,CHI,5,0,1,1,0,0,0,0,0,0,0,0,0,0,0,0,0,0,0,0,0,0,,,,,
Drake London,WR,ATL,15,CAR,0,0,0,0,0,0,0,0,2,24,0,3,0,0,0,0,0,0,0,0,0,0,,,,,
Drew Lock,QB,SEA,15,PHI,208,1,33,22,0,-2,0,1,0,0,0,0,0,0,0,0,0,0,0,0,0,0,,,,,
Drew Sample,TE,CIN,15,MIN,0,0,0,0,0,0,0,0,0,0,0,1,0,0,0,0,0,0,0,0,0,0,,,,,
Durham Smythe,TE,MIA,15,NYJ,0,0,0,0,0,0,0,0,4,32,0,4,0,0,0,0,0,0,0,0,0,0,,,,,
Dustin Hopkins,K,CLE,15,CHI,0,0,0,0,0,0,0,0,0,0,0,0,0,0,0,0,0,2,0,0,0,2,,,,,
Dyami Brown,WR,WAS,15,LA,0,0,0,0,0,0,0,0,0,0,0,1,0,0,0,0,0,0,0,0,0,0,,,,,
Easton Stick,QB,LAC,15,LV,257,3,32,23,1,11,0,2,0,0,0,0,0,0,0,0,0,0,0,0,0,0,,,,,
Eddy Pineiro,K,CAR,15,ATL,0,0,0,0,0,0,0,0,0,0,0,0,0,0,0,0,2,1,0,0,0,0,,,,,
Elijah Cooks,WR,JAX,15,BAL,0,0,0,0,0,0,0,0,0,0,0,1,0,0,0,0,0,0,0,0,0,0,,,,,
Elijah Higgins,TE,ARI,15,SF,0,0,0,0,0,0,0,0,4,44,1,4,0,0,0,0,0,0,0,0,0,0,,,,,
Elijah Moore,WR,CLE,15,CHI,0,0,0,0,0,0,0,0,2,17,0,3,0,0,0,0,0,0,0,0,0,0,,,,,
Emari Demercado,RB,ARI,15,SF,0,0,0,0,0,64,1,4,1,6,0,3,0,0,0,0,0,0,0,0,0,0,,,,,
Eric Gray,RB,NYG,15,NO,0,0,0,0,0,0,0,0,3,6,0,4,0,0,0,0,0,0,0,0,0,0,,,,,
Evan Engram,TE,JAX,15,BAL,0,0,0,0,0,0,0,0,4,28,0,6,0,0,0,0,0,0,0,0,0,0,,,,,
Evan McPherson,K,CIN,15,MIN,0,0,0,0,0,0,0,0,0,0,0,0,0,0,0,0,1,1,0,0,0,3,,,,,
Ezekiel Elliott,RB,NE,15,KC,0,0,0,0,0,25,0,11,5,21,0,6,0,0,0,0,0,0,0,0,0,0,,,,,
Foster Moreau,TE,NO,15,NYG,0,0,0,0,0,0,0,0,3,13,0,5,0,0,0,0,0,0,0,0,0,0,,,,,
GB,DEF,GB,15,TB,,,,,,,,,,,,,,,,,,,,,,,0,0,0,0,34.0
Gabe Davis,WR,BUF,15,DAL,0,0,0,0,0,0,0,0,0,0,0,1,0,0,0,0,0,0,0,0,0,0,,,,,
Gardner Minshew,QB,IND,15,PIT,215,3,28,18,0,0,0,2,0,0,0,0,0,0,0,0,0,0,0,0,0,0,,,,,
Garrett Wilson,WR,NYJ,15,MIA,0,0,0,0,0,0,0,0,3,29,0,4,0,0,0,0,0,0,0,0,0,0,,,,,
Geoff Swaim,TE,ARI,15,SF,0,0,0,0,0,0,0,0,1,26,0,1,0,0,0,0,0,0,0,0,0,0,,,,,
George Kittle,TE,SF,15,ARI,0,0,0,0,0,0,0,0,2,54,0,4,0,0,0,0,0,0,0,0,0,0,,,,,
George Pickens,WR,PIT,15,IND,0,0,0,0,0,0,0,0,3,47,0,7,0,0,0,0,0,0,0,0,0,0,,,,,
Gerald Everett,TE,LAC,15,LV,0,0,0,0,0,0,0,0,5,41,0,8,0,0,0,0,0,0,0,0,0,0,,,,,
Godwin Igwebuike,RB,PIT,15,IND,0,0,0,0,0,0,0,0,0,0,0,0,0,0,0,0,0,0,0,0,0,0,,,,,
Greg Dortch,WR,ARI,15,SF,0,0,0,0,0,5,0,1,2,15,0,3,0,0,0,0,0,0,0,0,0,0,,,,,
Greg Joseph,K,MIN,15,CIN,0,0,0,0,0,0,0,0,0,0,0,0,0,0,0,0,0,1,0,0,0,3,,,,,
Greg Zuerlein,K,NYJ,15,MIA,0,0,0,0,0,0,0,0,0,0,0,0,0,0,0,0,0,0,0,0,0,0,,,,,
Gunner Olszewski,WR,NYG,15,NO,0,0,0,0,0,0,0,0,0,0,0,0,0,0,0,0,0,0,0,0,0,0,,,,,
Gus Edwards,RB,BAL,15,JAX,0,0,0,0,0,58,1,16,1,11,0,1,0,0,0,0,0,0,0,0,0,0,,,,,
HOU,DEF,HOU,15,TEN,,,,,,,,,,,,,,,,,,,,,,,0,0,0,0,16.0
Harrison Bryant,TE,CLE,15,CHI,0,0,0,0,0,0,0,0,0,0,0,1,0,0,0,0,0,0,0,0,0,0,,,,,
Harrison Butker,K,KC,15,NE,0,0,0,0,0,0,0,0,0,0,0,0,0,0,0,0,1,0,0,1,0,3,,,,,
Hunter Henry,TE,NE,15,KC,0,0,0,0,0,0,0,0,7,66,1,9,0,0,0,0,0,0,0,0,0,0,,,,,
Hunter Luepke,RB,DAL,15,BUF,0,0,0,0,0,3,0,1,0,0,0,0,0,0,0,0,0,0,0,0,0,0,,,,,
Hunter Renfrow,WR,LV,15,LAC,0,0,0,0,0,0,0,0,0,0,0,2,0,0,0,0,0,0,0,0,0,0,,,,,
IND,DEF,IND,15,PIT,,,,,,,,,,,,,,,,,,,,,,,0,0,0,0,13.0
Ihmir Smith-Marsette,WR,CAR,15,ATL,0,0,0,0,0,31,0,4,2,1,0,2,0,0,0,0,0,0,0,0,0,0,,,,,
Irv Smith,TE,CIN,15,MIN,0,0,0,0,0,0,0,0,2,18,0,3,0,0,0,0,0,0,0,0,0,0,,,,,
Isaiah Hodgins,WR,NYG,15,NO,0,0,0,0,0,0,0,0,0,0,0,1,0,0,0,0,0,0,0,0,0,0,,,,,
Isaiah Likely,TE,BAL,15,JAX,0,0,0,0,0,0,0,0,5,70,1,6,0,0,0,0,0,0,0,0,0,0,,,,,
Isaiah Spiller,RB,LAC,15,LV,0,0,0,0,0,50,0,16,0,0,0,0,0,0,0,0,0,0,0,0,0,0,,,,,
Israel Abanikanda,RB,NYJ,15,MIA,0,0,0,0,0,8,0,4,2,11,0,2,0,0,0,0,0,0,0,0,0,0,,,,,
JAX,DEF,JAX,15,BAL,,,,,,,,,,,,,,,,,,,,,,,0,0,0,0,23.0
Ja'Marr Chase,WR,CIN,15,MIN,0,0,0,0,0,0,0,0,4,64,0,4,0,0,0,0,0,0,0,0,0,0,,,,,
Jacoby Brissett,QB,WAS,15,LA,124,2,10,8,0,9,0,2,0,0,0,0,0,0,0,0,0,0,0,0,0,0,,,,,
Jahan Dotson,WR,WAS,15,LA,0,0,0,0,0,0,0,0,1,12,0,1,0,0,0,0,0,0,0,0,0,0,,,,,
Jahmyr Gibbs,RB,DET,15,DEN,0,0,0,0,0,100,1,11,2,8,1,2,0,0,0,0,0,0,0,0,0,0,,,,,
Jake Bobo,WR,SEA,15,PHI,0,0,0,0,0,0,0,0,1,4,0,1,0,0,0,0,0,0,0,0,0,0,,,,,
Jake Browning,QB,CIN,15,MIN,324,2,42,29,1,0,0,4,0,0,0,0,0,0,0,0,0,0,0,0,0,0,,,,,
Jake Elliott,K,PHI,15,SEA,0,0,0,0,0,0,0,0,0,0,0,0,0,0,0,0,1,0,0,0,0,2,,,,,
Jake Ferguson,TE,DAL,15,BUF,0,0,0,0,0,0,0,0,6,44,0,8,0,0,0,0,0,0,0,0,0,0,,,,,
Jake Moody,K,SF,15,ARI,0,0,0,0,0,0,0,0,0,0,0,0,0,0,0,0,0,0,1,0,0,6,,,,,
Jakob Johnson,RB,LV,15,LAC,0,0,0,0,0,0,0,0,0,0,0,0,0,0,0,0,0,0,0,0,0,0,,,,,
Jakobi Meyers,WR,LV,15,LAC,12,1,2,2,0,0,0,0,2,32,1,4,0,0,0,0,0,0,0,0,0,0,,,,,
Jaleel McLaughlin,RB,DEN,15,DET,0,0,0,0,0,2,0,2,2,16,0,3,0,0,0,0,0,0,0,0,0,0,,,,,
Jalen Guyton,WR,LAC,15,LV,0,0,0,0,0,0,0,0,2,19,0,2,0,0,0,0,0,0,0,0,0,0,,,,,
Jalen Hurts,QB,PHI,15,SEA,143,0,31,17,2,82,2,13,0,0,0,0,0,0,0,0,0,0,0,0,0,0,,,,,
Jalen Reagor,WR,NE,15,KC,0,0,0,0,0,0,0,0,0,0,0,2,0,0,0,0,0,0,0,0,0,0,,,,,
Jalin Hyatt,WR,NYG,15,NO,0,0,0,0,0,0,0,0,0,0,0,3,0,0,0,0,0,0,0,0,0,0,,,,,
Jamaal Williams,RB,NO,15,NYG,0,0,0,0,0,24,0,8,1,2,0,1,0,0,0,0,0,0,0,0,0,0,,,,,
Jamal Agnew,WR,JAX,15,BAL,0,0,0,0,0,0,0,0,2,70,1,2,0,0,0,0,0,0,0,0,0,0,,,,,
James Conner,RB,ARI,15,SF,0,0,0,0,0,86,1,14,3,3,0,3,0,0,0,0,0,0,0,0,0,0,,,,,
James Cook,RB,BUF,15,DAL,0,0,0,0,0,179,1,25,2,42,1,3,0,0,0,0,0,0,0,0,0,0,,,,,
James Proche,WR,CLE,15,CHI,0,0,0,0,0,0,0,0,0,0,0,0,0,0,0,0,0,0,0,0,0,0,,,,,
Jameson Williams,WR,DET,15,DEN,0,0,0,0,0,0,0,0,4,47,0,7,0,0,0,0,0,0,0,0,0,0,,,,,
Jamison Crowder,WR,WAS,15,LA,0,0,0,0,0,0,0,0,0,0,0,0,0,0,0,0,0,0,0,0,0,0,,,,,
Jared Goff,QB,DET,15,DEN,278,5,34,24,0,0,0,0,0,0,0,0,0,0,0,0,0,0,0,0,0,0,,,,,
Jason Myers,K,SEA,15,PHI,0,0,0,0,0,0,0,0,0,0,0,0,0,0,0,0,1,0,1,0,0,2,,,,,
Jason Sanders,K,MIA,15,NYJ,0,0,0,0,0,0,0,0,0,0,0,0,0,0,0,0,1,2,0,0,0,3,,,,,
Jauan Jennings,WR,SF,15,ARI,0,0,0,0,0,0,0,0,2,25,0,2,0,0,0,0,0,0,0,0,0,0,,,,,
Javonte Williams,RB,DEN,15,DET,0,0,0,0,0,27,0,12,2,-7,0,2,0,0,0,0,0,0,0,0,0,0,,,,,
Jaxon Smith-Njigba,WR,SEA,15,PHI,0,0,0,0,0,0,0,0,4,48,1,4,0,0,0,0,0,0,0,0,0,0,,,,,
Jayden Reed,WR,GB,15,TB,0,0,0,0,0,0,0,0,6,52,1,8,0,0,0,0,0,0,0,0,0,0,,,,,
Jaylen Waddle,WR,MIA,15,NYJ,0,0,0,0,0,0,0,0,8,142,1,9,0,0,0,0,0,0,0,0,0,0,,,,,
Jaylen Warren,RB,PIT,15,IND,0,0,0,0,0,40,0,10,5,28,0,6,0,0,0,0,0,0,0,0,0,0,,,,,
Jeff Wilson,RB,MIA,15,NYJ,0,0,0,0,0,5,0,2,1,1,0,2,0,0,0,0,0,0,0,0,0,0,,,,,
Jeremy Ruckert,TE,NYJ,15,MIA,0,0,0,0,0,0,0,0,2,16,0,2,0,0,0,0,0,0,0,0,0,0,,,,,
Jerick McKinnon,RB,KC,15,NE,4,1,1,1,0,11,0,4,3,19,1,3,0,0,0,0,0,0,0,0,0,0,,,,,
Jerome Ford,RB,CLE,15,CHI,0,0,0,0,0,20,0,8,4,11,0,5,0,0,0,0,0,0,0,0,0,0,,,,,
Jerry Jeudy,WR,DEN,15,DET,0,0,0,0,0,0,0,0,3,74,0,7,0,0,0,0,0,0,0,0,0,0,,,,,
Jesper Horsted,TE,LV,15,LAC,0,0,0,0,0,0,0,0,0,0,0,0,0,0,0,0,0,0,0,0,0,0,,,,,
Jimmy Graham,TE,NO,15,NYG,0,0,0,0,0,0,0,0,2,9,1,2,0,0,0,0,0,0,0,0,0,0,,,,,
Joe Flacco,QB,CLE,15,CHI,374,2,44,28,3,-1,0,1,0,0,0,0,0,0,0,0,0,0,0,0,0,0,,,,,
Joe Mixon,RB,CIN,15,MIN,0,0,0,0,0,47,1,10,3,14,0,3,0,0,0,0,0,0,0,0,0,0,,,,,
Joey Slye,K,WAS,15,LA,0,0,0,0,0,0,0,0,0,0,0,0,0,0,0,0,0,0,0,0,0,2,,,,,
John Bates,TE,WAS,15,LA,0,0,0,0,0,0,0,0,0,0,0,1,0,0,0,0,0,0,0,0,0,0,,,,,
John Metchie III,WR,HOU,15,TEN,0,0,0,0,0,0,0,0,1,1,0,1,0,0,0,0,0,0,0,0,0,0,,,,,
Johnny Mundt,TE,MIN,15,CIN,0,0,0,0,0,0,0,0,1,3,0,1,0,0,0,0,0,0,0,0,0,0,,,,,
Jonathan Mingo,WR,CAR,15,ATL,0,0,0,0,0,0,0,0,4,32,0,5,0,0,0,0,0,0,0,0,0,0,,,,,
Jonathan Williams,RB,WAS,15,LA,0,0,0,0,0,-2,0,1,0,0,0,1,0,0,0,0,0,0,0,0,0,0,,,,,
Jonnu Smith,TE,ATL,15,CAR,0,0,0,0,0,0,0,0,2,61,0,2,0,0,0,0,0,0,0,0,0,0,,,,,
Jordan Addison,WR,MIN,15,CIN,0,0,0,0,0,0,0,0,6,111,2,6,0,0,0,0,0,0,0,0,0,0,,,,,
Jordan Akins,TE,CLE,15,CHI,0,0,0,0,0,0,0,0,1,8,0,1,0,0,0,0,0,0,0,0,0,0,,,,,
Jordan Love,QB,GB,15,TB,284,2,39,29,0,1,0,2,0,0,0,0,0,0,0,0,0,0,0,0,0,0,,,,,
Jordan Mason,RB,SF,15,ARI,0,0,0,0,0,20,0,5,0,0,0,0,0,0,0,0,0,0,0,0,0,0,,,,,
Josh Allen,QB,BUF,15,DAL,94,1,15,7,0,24,1,8,0,0,0,0,0,0,0,0,0,0,0,0,0,0,,,,,
Josh Downs,WR,IND,15,PIT,0,0,0,0,0,0,0,0,3,19,0,3,0,0,0,0,0,0,0,0,0,0,,,,,
Josh Oliver,TE,MIN,15,CIN,0,0,0,0,0,0,0,0,2,14,0,2,0,0,0,0,0,0,0,0,0,0,,,,,
Josh Palmer,WR,LAC,15,LV,0,0,0,0,0,0,0,0,4,113,1,4,0,0,0,0,0,0,0,0,0,0,,,,,
Josh Reynolds,WR,DET,15,DEN,0,0,0,0,0,0,0,0,2,41,0,3,0,0,0,0,0,0,0,0,0,0,,,,,
Joshua Kelley,RB,LAC,15,LV,0,0,0,0,0,22,0,5,1,6,0,1,0,0,0,0,0,0,0,0,0,0,,,,,
Julian Hill,TE,MIA,15,NYJ,0,0,0,0,0,0,0,0,0,0,0,0,0,0,0,0,0,0,0,0,0,0,,,,,
Julio Jones,WR,PHI,15,SEA,0,0,0,0,0,0,0,0,1,6,0,1,0,0,0,0,0,0,0,0,0,0,,,,,
Justice Hill,RB,BAL,15,JAX,0,0,0,0,0,23,0,5,0,0,0,1,0,0,0,0,0,0,0,0,0,0,,,,,
Justin Fields,QB,CHI,15,CLE,166,1,40,19,2,30,0,7,0,0,0,0,0,0,0,0,0,0,0,0,0,0,,,,,
Justin Jefferson,WR,MIN,15,CIN,0,0,1,0,0,0,0,0,7,84,0,10,0,0,0,0,0,0,0,0,0,0,,,,,
Justin Tucker,K,BAL,15,JAX,0,0,0,0,0,0,0,0,0,0,0,0,0,0,0,0,1,1,1,0,0,2,,,,,
Justin Watson,WR,KC,15,NE,0,0,0,0,0,0,0,0,1,31,0,3,0,0,0,0,0,0,0,0,0,0,,,,,
Juwan Johnson,TE,NO,15,NYG,0,0,0,0,0,0,0,0,2,38,1,2,0,0,0,0,0,0,0,0,0,0,,,,,
K.J. Osborn,WR,MIN,15,CIN,0,0,0,0,0,0,0,0,1,3,0,2,0,0,0,0,0,0,0,0,0,0,,,,,
KC,DEF,KC,15,NE,,,,,,,,,,,,,,,,,,,,,,,0,0,0,0,17.0
Ka'imi Fairbairn,K,HOU,15,TEN,0,0,0,0,0,0,0,0,0,0,0,0,0,0,0,0,2,0,0,2,0,1,,,,,
KaVontae Turpin,WR,DAL,15,BUF,0,0,0,0,0,0,0,0,0,0,0,0,0,0,0,0,0,0,0,0,0,0,,,,,
Kadarius Toney,WR,KC,15,NE,0,0,0,0,0,0,0,0,2,5,0,4,0,0,0,0,0,0,0,0,0,0,,,,,
Kalif Raymond,WR,DET,15,DEN,0,0,0,0,0,0,0,0,1,12,0,1,0,0,0,0,0,0,0,0,0,0,,,,,
Kareem Hunt,RB,CLE,15,CHI,0,0,0,0,0,8,0,7,1,12,0,1,0,0,0,0,0,0,0,0,0,0,,,,,
Keaton Mitchell,RB,BAL,15,JAX,0,0,0,0,0,73,0,9,2,15,0,2,0,0,0,0,0,0,0,0,0,0,,,,,
Keith Kirkwood,WR,NO,15,NYG,0,0,0,0,0,0,0,0,1,7,1,1,0,0,0,0,0,0,0,0,0,0,,,,,
Kene Nwangwu,RB,MIN,15,CIN,0,0,0,0,0,1,0,1,0,0,0,0,0,0,0,0,0,0,0,0,0,0,,,,,
Kenneth Walker III,RB,SEA,15,PHI,0,0,0,0,0,86,1,19,3,26,0,3,0,0,0,0,0,0,0,0,0,0,,,,,
Kenny Gainwell,RB,PHI,15,SEA,0,0,0,0,0,21,0,6,0,0,0,1,0,0,0,0,0,0,0,0,0,0,,,,,
Kenny Yeboah,TE,NYJ,15,MIA,0,0,0,0,0,0,0,0,0,0,0,0,0,0,0,0,0,0,0,0,0,0,,,,,
Kenyan Drake,RB,GB,15,TB,0,0,0,0,0,0,0,1,0,0,0,0,0,0,0,0,0,0,0,0,0,0,,,,,
Kevin Harris,RB,NE,15,KC,0,0,0,0,0,25,1,4,0,0,0,0,0,0,0,0,0,0,0,0,0,0,,,,,
KhaDarel Hodge,WR,ATL,15,CAR,0,0,0,0,0,0,0,0,1,10,0,1,0,0,0,0,0,0,0,0,0,0,,,,,
Khalil Herbert,RB,CHI,15,CLE,0,0,0,0,0,8,0,6,1,4,0,1,0,0,0,0,0,0,0,0,0,0,,,,,
Khalil Shakir,WR,BUF,15,DAL,0,0,0,0,0,0,0,0,0,0,0,1,0,0,0,0,0,0,0,0,0,0,,,,,
Ko Kieft,TE,TB,15,GB,0,0,0,0,0,0,0,0,1,2,1,1,0,0,0,0,0,0,0,0,0,0,,,,,
Kyle Allen,QB,BUF,15,DAL,0,0,0,0,0,-2,0,2,0,0,0,0,0,0,0,0,0,0,0,0,0,0,,,,,
Kyle Juszczyk,RB,SF,15,ARI,0,0,0,0,0,0,0,0,2,26,0,2,0,0,0,0,0,0,0,0,0,0,,,,,
Kyle Pitts,TE,ATL,15,CAR,0,0,0,0,0,0,0,0,3,37,0,4,0,0,0,0,0,0,0,0,0,0,,,,,
Kylen Granson,TE,IND,15,PIT,0,0,0,0,0,0,0,0,1,6,0,1,0,0,0,0,0,0,0,0,0,0,,,,,
Kyler Murray,QB,ARI,15,SF,211,1,39,26,2,49,0,6,0,0,0,0,0,0,0,0,0,0,0,0,0,0,,,,,
Kyren Williams,RB,LA,15,WAS,0,0,0,0,0,152,1,27,5,3,0,7,0,0,1,0,0,0,0,0,0,0,,,,,
LA,DEF,LA,15,WAS,,,,,,,,,,,,,,,,,,,,,,,0,0,0,0,20.0
LAC,DEF,LAC,15,LV,,,,,,,,,,,,,,,,,,,,,,,0,0,0,0,63.0
LV,DEF,LV,15,LAC,,,,,,,,,,,,,,,,,,,,,,,1,0,0,0,21.0
Lamar Jackson,QB,BAL,15,JAX,171,1,24,14,1,97,0,12,0,0,0,0,0,0,0,0,0,0,0,0,0,0,,,,,
Latavius Murray,RB,BUF,15,DAL,0,0,0,0,0,11,1,5,0,0,0,0,0,0,0,0,0,0,0,0,0,0,,,,,
Lawrence Cager,TE,NYG,15,NO,0,0,0,0,0,0,0,0,1,9,0,1,0,0,0,0,0,0,0,0,0,0,,,,,
Lil'Jordan Humphrey,WR,DEN,15,DET,0,0,0,0,0,0,0,0,3,16,1,4,0,0,0,0,0,0,0,0,0,0,,,,,
Logan Thomas,TE,WAS,15,LA,0,0,0,0,0,0,0,0,1,7,0,3,0,0,0,0,0,0,0,0,0,0,,,,,
Lucas Havrisik,K,LA,15,WAS,0,0,0,0,0,0,0,0,0,0,0,0,0,0,0,0,2,0,0,0,0,2,,,,,
Lucas Krull,TE,DEN,15,DET,0,0,0,0,0,0,0,0,1,18,0,3,0,0,0,0,0,0,0,0,0,0,,,,,
Luke Farrell,TE,JAX,15,BAL,0,0,0,0,0,0,0,0,1,28,0,1,0,0,0,0,0,0,0,0,0,0,,,,,
Lynn Bowden,WR,NO,15,NYG,0,0,0,0,0,0,0,0,3,31,0,5,0,0,0,0,0,0,0,0,0,0,,,,,
MIA,DEF,MIA,15,NYJ,,,,,,,,,,,,,,,,,,,,,,,0,0,0,0,0.0
MIN,DEF,MIN,15,CIN,,,,,,,,,,,,,,,,,,,,,,,0,0,0,0,27.0
Malik Davis,RB,DAL,15,BUF,0,0,0,0,0,0,0,0,0,0,0,0,0,0,0,0,0,0,0,0,0,0,,,,,
Malik Heath,WR,GB,15,TB,0,0,0,0,0,0,0,0,3,29,0,3,0,0,0,0,0,0,0,0,0,0,,,,,
Marquez Valdes-Scantling,WR,KC,15,NE,0,0,0,0,0,0,0,0,1,17,0,1,0,0,0,0,0,0,0,0,0,0,,,,,
Marquise Goodwin,WR,CLE,15,CHI,0,0,0,0,0,0,0,0,1,57,0,1,0,0,0,0,0,0,0,0,0,0,,,,,
Marvin Mims Jr.,WR,DEN,15,DET,0,0,0,0,0,11,0,1,0,0,0,2,0,0,0,0,0,0,0,0,0,0,,,,,
Mason Kinsey,WR,TEN,15,HOU,0,0,0,0,0,0,0,0,0,0,0,0,0,0,0,0,0,0,0,0,0,0,,,,,
Mason Rudolph,QB,PIT,15,IND,3,0,3,2,0,0,0,0,0,0,0,0,0,0,0,0,0,0,0,0,0,0,,,,,
Matt Breida,RB,NYG,15,NO,0,0,0,0,0,10,0,3,2,11,0,3,0,0,0,0,0,0,0,0,0,0,,,,,
Matt Gay,K,IND,15,PIT,0,0,0,0,0,0,0,0,0,0,0,0,0,0,0,0,1,1,1,0,0,3,,,,,
Matt Prater,K,ARI,15,SF,0,0,0,0,0,0,0,0,0,0,0,0,0,0,0,0,1,0,1,1,0,2,,,,,
Matthew Stafford,QB,LA,15,WAS,258,2,33,25,0,2,0,1,0,0,0,0,0,0,0,0,0,0,0,0,0,0,,,,,
Michael Carter,RB,ARI,15,SF,0,0,0,0,0,27,0,3,3,10,0,3,0,0,0,0,0,0,0,0,0,0,,,,,
Michael Gallup,WR,DAL,15,BUF,0,0,0,0,0,0,0,0,1,9,0,1,0,0,0,0,0,0,0,0,0,0,,,,,
Michael Mayer,TE,LV,15,LAC,0,0,0,0,0,0,0,0,4,39,1,5,0,0,0,0,0,0,0,0,0,0,,,,,
Michael Pittman,WR,IND,15,PIT,0,0,0,0,0,0,0,0,4,78,0,5,0,0,0,0,0,0,0,0,0,0,,,,,
Michael Wilson,WR,ARI,15,SF,0,0,0,0,0,0,0,0,0,0,0,3,0,0,0,0,0,0,0,0,0,0,,,,,
Mike Badgley,K,DET,15,DEN,0,0,0,0,0,0,0,0,0,0,0,0,0,0,0,0,0,0,0,0,0,6,,,,,
Mike Evans,WR,TB,15,GB,0,0,0,0,0,0,0,0,4,57,1,6,0,0,0,0,0,0,0,0,0,0,,,,,
Mike Gesicki,TE,NE,15,KC,0,0,0,0,0,0,0,0,1,7,0,2,0,0,0,0,0,0,0,0,0,0,,,,,
Mike White,QB,MIA,15,NYJ,4,0,2,2,0,-2,0,2,0,0,0,0,0,0,0,0,0,0,0,0,0,0,,,,,
Miles Boykin,WR,PIT,15,IND,0,0,0,0,0,0,0,0,0,0,0,0,0,0,0,0,0,0,0,0,0,0,,,,,
Miles Sanders,RB,CAR,15,ATL,0,0,0,0,0,2,0,6,2,11,0,2,0,0,0,0,0,0,0,0,0,0,,,,,
Mitchell Trubisky,QB,PIT,15,IND,169,1,23,16,2,1,1,2,0,0,0,0,0,0,0,0,0,0,0,0,0,0,,,,,
Mitchell Wilcox,TE,CIN,15,MIN,0,0,0,0,0,0,0,0,2,20,0,2,0,0,0,0,0,0,0,0,0,0,,,,,
Mo Alie-Cox,TE,IND,15,PIT,0,0,0,0,0,0,0,0,2,21,1,3,0,0,0,0,0,0,0,0,0,0,,,,,
NE,DEF,NE,15,KC,,,,,,,,,,,,,,,,,,,,,,,0,0,0,0,27.0
NO,DEF,NO,15,NYG,,,,,,,,,,,,,,,,,,,,,,,0,0,0,0,6.0
NYG,DEF,NYG,15,NO,,,,,,,,,,,,,,,,,,,,,,,0,0,0,0,24.0
NYJ,DEF,NYJ,15,MIA,,,,,,,,,,,,,,,,,,,,,,,0,0,0,0,30.0
Najee Harris,RB,PIT,15,IND,0,0,0,0,0,33,0,12,0,0,0,0,0,0,0,0,0,0,0,0,0,0,,,,,
Nelson Agholor,WR,BAL,15,JAX,0,0,0,0,0,0,0,0,0,0,0,1,0,0,0,0,0,0,0,0,0,0,,,,,
Nick Folk,K,TEN,15,HOU,0,0,0,0,0,0,0,0,0,0,0,0,0,0,0,0,0,0,1,0,0,1,,,,,
Nick Mullens,QB,MIN,15,CIN,303,2,33,26,2,10,0,6,0,0,0,0,0,0,0,0,0,0,0,0,0,0,,,,,
Nick Westbrook-Ikhine,WR,TEN,15,HOU,0,0,0,0,0,0,0,0,1,33,0,2,0,0,0,0,0,0,0,0,0,0,,,,,
Noah Brown,WR,HOU,15,TEN,0,0,0,0,0,0,0,0,8,82,1,11,0,0,0,0,0,0,0,0,0,0,,,,,
Noah Fant,TE,SEA,15,PHI,0,0,0,0,0,0,0,0,3,16,0,5,0,0,0,0,0,0,0,0,0,0,,,,,
Noah Gray,TE,KC,15,NE,0,0,0,0,0,0,0,0,2,37,0,2,0,0,0,0,0,0,0,0,0,0,,,,,
Odell Beckham Jr.,WR,BAL,15,JAX,0,0,0,0,0,0,0,0,1,14,0,3,0,0,0,0,0,0,0,0,0,0,,,,,
PHI,DEF,PHI,15,SEA,,,,,,,,,,,,,,,,,,,,,,,0,0,0,0,20.0
PIT,DEF,PIT,15,IND,,,,,,,,,,,,,,,,,,,,,,,0,0,0,0,30.0
Parker Washington,WR,JAX,15,BAL,0,0,0,0,0,0,0,0,4,12,0,6,0,0,0,0,0,0,0,0,0,0,,,,,
Pat Freiermuth,TE,PIT,15,IND,0,0,0,0,0,0,0,0,3,16,0,4,0,0,0,0,0,0,0,0,0,0,,,,,
Patrick Mahomes,QB,KC,15,NE,305,2,37,27,2,-5,0,3,0,0,0,0,0,0,0,0,0,0,0,0,0,0,,,,,
Patrick Taylor,RB,GB,15,TB,0,0,0,0,0,6,0,1,2,-4,0,2,0,0,0,0,0,0,0,0,0,0,,,,,
Peyton Hendershot,TE,DAL,15,BUF,0,0,0,0,0,0,0,0,1,5,0,1,0,0,0,0,0,0,0,0,0,0,,,,,
Pharaoh Brown,TE,NE,15,KC,0,0,0,0,0,0,0,0,1,4,0,1,0,0,0,0,0,0,0,0,0,0,,,,,
Pierre Strong,RB,CLE,15,CHI,0,0,0,0,0,2,0,2,2,9,0,2,0,0,0,0,0,0,0,0,0,0,,,,,
Puka Nacua,WR,LA,15,WAS,0,0,0,0,0,3,0,2,5,50,0,8,0,0,0,0,0,0,0,0,0,0,,,,,
Quentin Johnston,WR,LAC,15,LV,0,0,0,0,0,0,0,0,2,23,1,3,0,0,0,0,0,0,0,0,0,0,,,,,
Quez Watkins,WR,PHI,15,SEA,0,0,0,0,0,0,0,0,0,0,0,1,0,0,0,0,0,0,0,0,0,0,,,,,
Rachaad White,RB,TB,15,GB,0,0,0,0,0,89,0,21,2,50,1,2,0,0,0,0,0,0,0,0,0,0,,,,,
Raheem Mostert,RB,MIA,15,NYJ,0,0,0,0,0,42,2,15,2,1,0,2,0,0,0,0,0,0,0,0,0,0,,,,,
Randall Cobb,WR,NYJ,15,MIA,0,0,0,0,0,0,0,0,0,0,0,3,0,0,0,0,0,0,0,0,0,0,,,,,
Randy Bullock,K,NYG,15,NO,0,0,0,0,0,0,0,0,0,0,0,0,0,0,0,0,0,0,0,1,0,0,,,,,
Rashee Rice,WR,KC,15,NE,0,0,0,0,0,0,0,0,9,91,1,9,0,0,0,0,0,0,0,0,0,0,,,,,
Rashid Shaheed,WR,NO,15,NYG,0,0,0,0,0,0,0,0,3,36,0,4,0,0,0,0,0,0,0,0,0,0,,,,,
Rashod Bateman,WR,BAL,15,JAX,0,0,0,0,0,0,0,0,3,39,0,6,0,0,0,0,0,0,0,0,0,0,,,,,
Richie James,WR,KC,15,NE,0,0,0,0,0,0,0,0,1,17,0,1,0,0,0,0,0,0,0,0,0,0,,,,,
Rico Dowdle,RB,DAL,15,BUF,0,0,0,0,0,4,0,3,2,8,0,3,0,0,0,0,0,0,0,0,0,0,,,,,
Robbie Chosen,WR,MIA,15,NYJ,0,0,0,0,0,0,0,0,0,0,0,0,0,0,0,0,0,0,0,0,0,0,,,,,
Robert Tonyan,TE,CHI,15,CLE,0,0,0,0,0,0,0,0,0,0,0,1,0,0,0,0,0,0,0,0,0,0,,,,,
Robert Woods,WR,HOU,15,TEN,0,0,0,0,0,0,0,0,3,30,0,5,0,0,0,0,0,0,0,0,0,0,,,,,
Rod Williams,TE,PIT,15,IND,0,0,0,0,0,0,0,0,0,0,0,0,0,0,0,0,0,0,0,0,0,0,,,,,
Romeo Doubs,WR,GB,15,TB,0,0,0,0,0,0,0,0,3,30,0,3,0,0,0,0,0,0,0,0,0,0,,,,,
Rondale Moore,WR,ARI,15,SF,0,0,0,0,0,3,0,1,2,5,0,3,0,0,0,0,0,0,0,0,0,0,,,,,
Ronnie Bell,WR,SF,15,ARI,0,0,0,0,0,0,0,0,0,0,0,1,0,0,0,0,0,0,0,0,0,0,,,,,
Roschon Johnson,RB,CHI,15,CLE,0,0,0,0,0,36,0,5,4,24,0,6,0,0,0,0,0,0,0,0,0,0,,,,,
Royce Freeman,RB,LA,15,WAS,0,0,0,0,0,16,0,6,0,0,0,0,0,0,0,0,0,0,0,0,0,0,,,,,
Russell Wilson,QB,DEN,15,DET,223,1,32,18,0,6,1,7,0,0,0,0,0,0,0,0,0,0,0,0,0,0,,,,,
SEA,DEF,SEA,15,PHI,,,,,,,,,,,,,,,,,,,,,,,0,0,0,0,17.0
SF,DEF,SF,15,ARI,,,,,,,,,,,,,,,,,,,,,,,1,0,0,0,29.0
Sam Darnold,QB,SF,15,ARI,20,0,3,2,0,-2,0,2,0,0,0,0,0,0,0,0,0,0,0,0,0,0,,,,,
Sam Howell,QB,WAS,15,LA,102,1,26,11,1,22,0,3,0,0,0,0,0,0,0,0,0,0,0,0,0,0,,,,,
Sam LaPorta,TE,DET,15,DEN,0,0,0,0,0,0,0,0,5,56,3,6,0,0,0,0,0,0,0,0,0,0,,,,,
Samaje Perine,RB,DEN,15,DET,0,0,0,0,0,37,0,6,1,11,0,1,0,0,0,0,0,0,0,0,0,0,,,,,
Saquon Barkley,RB,NYG,15,NO,0,0,0,0,0,14,0,9,2,23,0,2,0,0,0,0,0,0,0,0,0,0,,,,,
Scott Miller,WR,ATL,15,CAR,0,0,0,0,0,0,0,0,0,0,0,0,0,0,0,0,0,0,0,0,0,0,,,,,
Stefon Diggs,WR,BUF,15,DAL,0,0,0,0,0,0,0,0,4,48,0,5,0,0,0,0,0,0,0,0,0,0,,,,,
Stephen Anderson,TE,LAC,15,LV,0,0,0,0,0,0,0,0,0,0,0,0,0,0,0,0,0,0,0,0,0,0,,,,,
Stephen Sullivan,TE,CAR,15,ATL,0,0,0,0,0,0,0,0,1,14,0,1,0,0,0,0,0,0,0,0,0,0,,,,,
Steven Sims,WR,HOU,15,TEN,0,0,0,0,0,1,0,1,1,0,0,1,0,0,0,0,0,0,0,0,0,0,,,,,
Stone Smartt,TE,LAC,15,LV,0,0,0,0,0,0,0,0,3,15,0,3,0,0,0,0,0,0,0,0,0,0,,,,,
T.J. Hockenson,TE,MIN,15,CIN,0,0,0,0,0,0,0,0,6,63,0,7,0,0,0,0,0,0,0,0,0,0,,,,,
TB,DEF,TB,15,GB,,,,,,,,,,,,,,,,,,,,,,,0,0,0,0,20.0
TEN,DEF,TEN,15,HOU,,,,,,,,,,,,,,,,,,,,,,,1,0,0,0,19.0
Tank Bigsby,RB,JAX,15,BAL,0,0,0,0,0,-2,0,1,0,0,0,0,0,0,0,0,0,0,0,0,0,0,,,,,
Tanner Hudson,TE,CIN,15,MIN,0,0,0,0,0,0,0,0,5,49,0,5,0,0,0,0,0,0,0,0,0,0,,,,,
Taysom Hill,TE,NO,15,NYG,0,0,1,0,0,1,0,1,1,4,0,1,0,0,0,0,0,0,0,0,0,0,,,,,
Tee Higgins,WR,CIN,15,MIN,0,0,0,0,0,0,0,0,4,61,2,8,0,0,0,0,0,0,0,0,0,0,,,,,
Terry McLaurin,WR,WAS,15,LA,0,0,0,0,0,0,0,0,6,141,1,12,0,0,0,0,0,0,0,0,0,0,,,,,
Tommy DeVito,QB,NYG,15,NO,177,0,34,20,0,36,0,4,0,0,0,0,0,0,0,0,0,0,0,0,0,0,,,,,
Tommy Tremble,TE,CAR,15,ATL,0,0,0,0,0,0,0,0,2,32,0,2,0,0,0,0,0,0,0,0,0,0,,,,,
Tony Pollard,RB,DAL,15,BUF,0,0,0,0,0,52,0,11,2,5,0,3,0,0,0,0,0,0,0,0,0,0,,,,,
Travis Etienne,RB,JAX,15,BAL,0,0,0,0,0,31,0,10,4,28,0,6,0,0,0,0,0,0,0,0,0,0,,,,,
Travis Homer,RB,CHI,15,CLE,0,0,0,0,0,0,0,0,0,0,0,0,0,0,0,0,0,0,0,0,0,0,,,,,
Travis Kelce,TE,KC,15,NE,0,0,0,0,0,0,0,0,5,28,0,7,0,0,0,0,0,0,0,0,0,0,,,,,
Trayveon Williams,RB,CIN,15,MIN,0,0,0,0,0,10,0,1,1,2,0,1,0,0,0,0,0,0,0,0,0,0,,,,,
Tre Tucker,WR,LV,15,LAC,0,0,0,0,0,-2,0,1,3,59,2,4,0,0,0,0,0,0,0,0,0,0,,,,,
Trent Taylor,WR,CHI,15,CLE,0,0,0,0,0,0,0,0,0,0,0,0,0,0,0,0,0,0,0,0,0,0,,,,,
Trevor Lawrence,QB,JAX,15,BAL,264,1,43,25,0,41,0,4,0,0,0,0,0,0,0,0,0,0,0,0,0,0,,,,,
Trevor Siemian,QB,NYJ,15,MIA,110,0,26,14,2,0,0,0,0,0,0,0,0,0,0,0,0,0,0,0,0,0,,,,,
Trey McBride,TE,ARI,15,SF,0,0,0,0,0,0,0,0,10,102,0,11,0,0,0,0,0,0,0,0,0,0,,,,,
Trey Palmer,WR,TB,15,GB,0,0,0,0,0,0,0,0,1,5,0,2,0,0,0,0,0,0,0,0,0,0,,,,,
Trey Sermon,RB,IND,15,PIT,0,0,0,0,0,88,0,17,0,0,0,0,0,0,0,0,0,0,0,0,0,0,,,,,
Treylon Burks,WR,TEN,15,HOU,0,0,0,0,0,2,0,1,3,62,0,3,0,0,0,0,0,0,0,0,0,0,,,,,
Tua Tagovailoa,QB,MIA,15,NYJ,224,1,24,21,0,0,0,0,0,0,0,0,0,0,0,0,0,0,0,0,0,0,,,,,
Tucker Fisk,TE,ATL,15,CAR,0,0,0,0,0,0,0,0,1,9,0,1,0,0,0,0,0,0,0,0,0,0,,,,,
Tucker Kraft,TE,GB,15,TB,0,0,0,0,0,0,0,0,4,57,1,6,0,0,0,0,0,0,0,0,0,0,,,,,
Ty Chandler,RB,MIN,15,CIN,0,0,0,0,0,132,1,23,3,25,0,4,0,0,0,0,0,0,0,0,0,0,,,,,
Ty Johnson,RB,BUF,15,DAL,0,0,0,0,0,54,0,9,1,4,0,1,0,0,0,0,0,0,0,0,0,0,,,,,
Tyjae Spears,RB,TEN,15,HOU,0,0,0,0,0,30,0,9,1,7,0,1,0,0,0,0,0,0,0,0,0,0,,,,,
Tylan Wallace,WR,BAL,15,JAX,0,0,0,0,0,0,0,0,0,0,0,0,0,0,0,0,0,0,0,0,0,0,,,,,
Tyler Allgeier,RB,ATL,15,CAR,0,0,0,0,0,45,0,14,1,6,0,1,0,0,0,0,0,0,0,0,0,0,,,,,
Tyler Bass,K,BUF,15,DAL,0,0,0,0,0,0,0,0,0,0,0,0,0,0,0,0,1,0,0,0,0,4,,,,,
Tyler Boyd,WR,CIN,15,MIN,0,0,0,0,0,0,0,0,2,53,0,5,0,0,0,0,0,0,0,0,0,0,,,,,
Tyler Conklin,TE,NYJ,15,MIA,0,0,0,0,0,0,0,0,4,18,0,7,0,0,0,0,0,0,0,0,0,0,,,,,
Tyler Goodson,RB,IND,15,PIT,0,0,0,0,0,69,0,11,2,10,0,2,0,0,0,0,0,0,0,0,0,0,,,,,
Tyler Higbee,TE,LA,15,WAS,0,0,0,0,0,0,0,0,4,36,0,5,0,0,0,0,0,0,0,0,0,0,,,,,
Tyler Kroft,TE,MIA,15,NYJ,0,0,0,0,0,0,0,0,0,0,0,0,0,0,0,0,0,0,0,0,0,0,,,,,
Tyler Lockett,WR,SEA,15,PHI,0,0,0,0,0,0,0,0,3,21,0,9,0,0,0,0,0,0,0,0,0,0,,,,,
Tyler Scott,WR,CHI,15,CLE,0,0,0,0,0,-3,0,1,3,49,0,4,0,0,0,0,0,0,0,0,0,0,,,,,
Tyquan Thornton,WR,NE,15,KC,0,0,0,0,0,0,0,0,1,5,0,1,0,0,0,0,0,0,0,0,0,0,,,,,
Tyrod Taylor,QB,NYG,15,NO,13,0,4,2,0,0,0,0,0,0,0,0,0,0,0,0,0,0,0,0,0,0,,,,,
Van Jefferson,WR,ATL,15,CAR,0,0,0,0,0,0,0,0,0,0,0,1,0,0,0,0,0,0,0,0,0,0,,,,,
Velus Jones Jr.,WR,CHI,15,CLE,0,0,0,0,0,23,0,2,0,0,0,0,0,0,0,0,0,0,0,0,0,0,,,,,
WAS,DEF,WAS,15,LA,,,,,,,,,,,,,,,,,,,,,,,0,0,0,0,28.0
Wan'Dale Robinson,WR,NYG,15,NO,0,0,0,0,0,0,0,0,4,25,0,4,0,0,0,0,0,0,0,0,0,0,,,,,
Wil Lutz,K,DEN,15,DET,0,0,0,0,0,0,0,0,0,0,0,0,0,0,0,0,1,0,0,0,0,2,,,,,
Will Dissly,TE,SEA,15,PHI,0,0,0,0,0,0,0,0,2,9,0,2,0,0,0,0,0,0,0,0,0,0,,,,,
Will Levis,QB,TEN,15,HOU,199,0,26,17,1,25,1,4,0,0,0,0,0,0,0,0,0,0,0,0,0,0,,,,,
Xavier Gipson,WR,NYJ,15,MIA,0,0,0,0,0,0,0,0,2,29,0,6,0,0,0,0,0,0,0,0,0,0,,,,,
Xavier Hutchinson,WR,HOU,15,TEN,0,0,0,0,0,5,0,1,0,0,0,3,0,0,0,0,0,0,0,0,0,0,,,,,
Younghoe Koo,K,ATL,15,CAR,0,0,0,0,0,0,0,0,0,0,0,0,0,0,0,0,0,0,0,0,0,1,,,,,
Zach Charbonnet,RB,SEA,15,PHI,0,0,0,0,0,16,0,4,0,0,0,1,0,0,0,0,0,0,0,0,0,0,,,,,
Zach Pascal,WR,ARI,15,SF,0,0,0,0,0,0,0,0,0,0,0,4,0,0,0,0,0,0,0,0,0,0,,,,,
Zach Wilson,QB,NYJ,15,MIA,26,0,11,4,0,0,0,0,0,0,0,0,0,0,0,0,0,0,0,0,0,0,,,,,
Zack Moss,RB,IND,15,PIT,0,0,0,0,0,13,0,4,3,20,1,3,0,0,0,0,0,0,0,0,0,0,,,,,
Zamir White,RB,LV,15,LAC,0,0,0,0,0,69,1,17,3,16,0,4,0,0,0,0,0,0,0,0,0,0,,,,,
Zay Flowers,WR,BAL,15,JAX,0,0,0,0,0,0,0,0,1,7,0,2,0,0,0,0,0,0,0,0,0,0,,,,,
Zay Jones,WR,JAX,15,BAL,0,0,0,0,0,0,0,0,5,59,0,8,0,0,0,0,0,0,0,0,0,0,,,,,
A.J. Brown,WR,PHI,16,NYG,0,0,0,0,0,0,0,0,6,80,0,11,0,0,0,0,0,0,0,0,0,0,,,,,
A.T. Perry,WR,NO,16,LA,0,0,0,0,0,0,0,0,1,35,1,1,0,0,0,0,0,0,0,0,0,0,,,,,
AJ Dillon,RB,GB,16,CAR,0,0,0,0,0,12,1,7,0,0,0,0,0,0,0,0,0,0,0,0,0,0,,,,,
ARI,DEF,ARI,16,CHI,,,,,,,,,,,,,,,,,,,,,,,0,0,0,0,27.0
ATL,DEF,ATL,16,IND,,,,,,,,,,,,,,,,,,,,,,,0,0,0,0,10.0
Aaron Jones,RB,GB,16,CAR,0,0,0,0,0,127,0,21,1,8,0,3,0,0,0,0,0,0,0,0,0,0,,,,,
Adam Thielen,WR,CAR,16,GB,0,0,0,0,0,0,0,0,6,94,0,8,0,0,0,0,0,0,0,0,0,0,,,,,
Adam Trautman,TE,DEN,16,NE,0,0,0,0,0,0,0,0,0,0,0,1,0,0,0,0,0,0,0,0,0,0,,,,,
Aidan O'Connell,QB,LV,16,KC,62,0,21,9,0,-4,0,4,0,0,0,0,0,0,0,0,0,0,0,0,0,0,,,,,
Alec Pierce,WR,IND,16,ATL,0,0,0,0,0,0,0,0,3,30,0,7,0,0,0,0,0,0,0,0,0,0,,,,,
Alex Erickson,WR,LAC,16,BUF,0,0,0,0,0,0,0,0,2,31,0,2,0,0,0,0,0,0,0,0,0,0,,,,,
Alexander Mattison,RB,MIN,16,DET,0,0,0,0,0,-1,0,2,0,0,0,0,0,0,0,0,0,0,0,0,0,0,,,,,
Allen Lazard,WR,NYJ,16,WAS,0,0,0,0,0,0,0,0,0,0,0,1,0,0,0,0,0,0,0,0,0,0,,,,,
Allen Robinson,WR,PIT,16,CIN,0,0,0,0,0,0,0,0,4,36,0,4,0,0,0,0,0,0,0,0,0,0,,,,,
Alvin Kamara,RB,NO,16,LA,0,0,0,0,0,19,0,9,5,16,0,6,0,0,0,0,0,0,0,0,0,0,,,,,
Amari Cooper,WR,CLE,16,HOU,0,0,0,0,0,0,0,0,11,265,2,15,0,0,1,0,0,0,0,0,0,0,,,,,
Ameer Abdullah,RB,LV,16,KC,0,0,0,0,0,11,0,2,1,1,0,1,0,0,0,0,0,0,0,0,0,0,,,,,
Amon-Ra St. Brown,WR,DET,16,MIN,0,0,0,0,0,0,0,0,12,106,1,14,0,0,0,0,0,0,0,0,0,0,,,,,
Anders Carlson,K,GB,16,CAR,0,0,0,0,0,0,0,0,0,0,0,0,0,0,0,0,0,1,0,1,0,3,,,,,
Andrei Iosivas,WR,CIN,16,PIT,0,0,0,0,0,0,0,0,4,36,0,8,0,0,0,0,0,0,0,0,0,0,,,,,
Antonio Gibson,RB,WAS,16,NYJ,0,0,0,0,0,30,1,9,1,2,0,2,0,0,0,0,0,0,0,0,0,0,,,,,
Austin Ekeler,RB,LAC,16,BUF,0,0,0,0,0,65,0,15,3,21,0,4,0,0,0,0,0,0,0,0,0,0,,,,,
Austin Hooper,TE,LV,16,KC,0,0,0,0,0,0,0,0,2,13,0,3,0,0,0,0,0,0,0,0,0,0,,,,,
Austin Trammell,WR,LA,16,NO,0,0,0,0,0,0,0,0,0,0,0,0,0,0,0,0,0,0,0,0,0,0,,,,,
BAL,DEF,BAL,16,SF,,,,,,,,,,,,,,,,,,,,,,,0,0,0,0,19.0
BUF,DEF,BUF,16,LAC,,,,,,,,,,,,,,,,,,,,,,,0,0,0,0,22.0
Bailey Zappe,QB,NE,16,DEN,256,2,33,25,0,2,0,1,0,0,0,0,0,0,0,0,0,0,0,0,0,0,,,,,
Baker Mayfield,QB,TB,16,JAX,283,2,35,26,0,5,0,5,0,0,0,0,0,0,0,0,0,0,0,0,0,0,,,,,
Ben VanSumeren,RB,PHI,16,NYG,0,0,0,0,0,0,0,0,0,0,0,0,0,0,0,0,0,0,0,0,0,0,,,,,
Bijan Robinson,RB,ATL,16,IND,0,0,0,0,0,72,0,12,7,50,0,10,0,0,0,0,0,0,0,0,0,0,,,,,
Blake Bell,TE,KC,16,LV,0,0,0,0,0,0,0,0,1,4,0,1,0,0,0,0,0,0,0,0,0,0,,,,,
Blake Grupe,K,NO,16,LA,0,0,0,0,0,0,0,0,0,0,0,0,0,0,0,0,0,0,0,0,0,2,,,,,
Boston Scott,RB,PHI,16,NYG,0,0,0,0,0,3,0,1,0,0,0,0,0,0,0,0,0,0,0,0,0,0,,,,,
Brady Russell,RB,SEA,16,TEN,0,0,0,0,0,0,0,0,0,0,0,0,0,0,0,0,0,0,0,0,0,0,,,,,
Brandin Cooks,WR,DAL,16,MIA,0,0,0,0,0,9,0,1,2,14,1,2,0,0,0,0,0,0,0,0,0,0,,,,,
Brandon Aiyuk,WR,SF,16,BAL,0,0,0,0,0,0,0,0,6,113,0,7,0,0,0,0,0,0,0,0,0,0,,,,,
Brandon Aubrey,K,DAL,16,MIA,0,0,0,0,0,0,0,0,0,0,0,0,0,0,0,0,0,1,1,0,0,2,,,,,
Brandon Bolden,RB,LV,16,KC,0,0,0,0,0,0,0,0,0,0,0,0,0,0,1,0,0,0,0,0,0,0,,,,,
Brandon Johnson,WR,DEN,16,NE,0,0,0,0,0,0,0,0,3,47,1,5,0,0,1,0,0,0,0,0,0,0,,,,,
Brandon McManus,K,JAX,16,TB,0,0,0,0,0,0,0,0,0,0,0,0,0,0,0,0,0,0,0,0,0,0,,,,,
Brandon Powell,WR,MIN,16,DET,0,0,0,0,0,0,0,0,3,53,0,4,0,0,0,0,0,0,0,0,0,0,,,,,
Braxton Berrios,WR,MIA,16,DAL,0,0,0,0,0,0,0,0,0,0,0,0,0,0,0,0,0,0,0,0,0,0,,,,,
Breece Hall,RB,NYJ,16,WAS,0,0,0,0,0,95,2,20,12,96,0,16,0,0,0,0,0,0,0,0,0,0,,,,,
Brevin Jordan,TE,HOU,16,CLE,0,0,0,0,0,0,0,0,2,27,0,3,0,0,0,0,0,0,0,0,0,0,,,,,
Britain Covey,WR,PHI,16,NYG,0,0,0,0,0,0,0,0,1,7,0,1,0,0,0,0,0,0,0,0,0,0,,,,,
Brock Purdy,QB,SF,16,BAL,255,0,32,18,4,2,0,1,0,0,0,0,0,0,0,0,0,0,0,0,0,0,,,,,
Bryce Young,QB,CAR,16,GB,312,2,36,23,0,17,0,4,0,0,0,0,0,0,0,0,0,0,0,0,0,0,,,,,
Byron Pringle,WR,WAS,16,NYJ,0,0,0,0,0,0,0,0,0,0,0,2,0,0,0,0,0,0,0,0,0,0,,,,,
C.J. Beathard,QB,JAX,16,TB,94,1,15,11,0,6,0,1,0,0,0,0,0,0,0,0,0,0,0,0,0,0,,,,,
CAR,DEF,CAR,16,GB,,,,,,,,,,,,,,,,,,,,,,,0,0,0,0,33.0
CHI,DEF,CHI,16,ARI,,,,,,,,,,,,,,,,,,,,,,,0,0,0,0,16.0
CIN,DEF,CIN,16,PIT,,,,,,,,,,,,,,,,,,,,,,,0,0,0,0,34.0
CLE,DEF,CLE,16,HOU,,,,,,,,,,,,,,,,,,,,,,,0,0,0,0,22.0
Cade Otton,TE,TB,16,JAX,0,0,0,0,0,0,0,0,1,7,0,1,0,0,0,0,0,0,0,0,0,0,,,,,
Cairo Santos,K,CHI,16,ARI,0,0,0,0,0,0,0,0,0,0,0,0,0,0,0,0,1,0,1,0,0,3,,,,,
Calvin Austin III,WR,PIT,16,CIN,0,0,0,0,0,7,1,1,0,0,0,2,0,0,0,0,0,0,0,0,0,0,,,,,
Calvin Ridley,WR,JAX,16,TB,0,0,0,0,0,-12,0,1,6,90,2,9,0,0,0,0,0,0,0,0,0,0,,,,,
Cameron Dicker,K,LAC,16,BUF,0,0,0,0,0,0,0,0,0,0,0,0,0,0,0,0,1,0,3,1,0,1,,,,,
Case Keenum,QB,HOU,16,CLE,62,0,17,11,2,0,0,0,0,0,0,0,0,0,0,0,0,0,0,0,0,0,,,,,
Cedric Tillman,WR,CLE,16,HOU,0,0,0,0,0,0,0,0,2,13,0,2,0,0,0,0,0,0,0,0,0,0,,,,,
Cedrick Wilson Jr.,WR,MIA,16,DAL,0,0,0,0,0,0,0,0,3,42,0,5,0,0,0,0,0,0,0,0,0,0,,,,,
CeeDee Lamb,WR,DAL,16,MIA,0,0,0,0,0,14,0,2,6,118,1,10,0,0,0,0,0,0,0,0,0,0,,,,,
Chad Ryland,K,NE,16,DEN,0,0,0,0,0,0,0,0,0,0,0,0,0,0,0,0,0,1,0,1,0,2,,,,,
Charlie Jones,WR,CIN,16,PIT,0,0,0,0,0,0,0,0,1,-1,0,1,0,0,0,0,0,0,0,0,0,0,,,,,
Charlie Kolar,TE,BAL,16,SF,0,0,0,0,0,0,0,0,1,17,0,1,0,0,0,0,0,0,0,0,0,0,,,,,
Chase Brown,RB,CIN,16,PIT,0,0,0,0,0,16,0,4,2,8,0,2,0,0,0,0,0,0,0,0,0,0,,,,,
Chase Claypool,WR,MIA,16,DAL,0,0,0,0,0,0,0,0,0,0,0,0,0,0,0,0,0,0,0,0,0,0,,,,,
Chase Edmonds,RB,TB,16,JAX,0,0,0,0,0,25,0,10,0,0,0,0,0,0,0,0,0,0,0,0,0,0,,,,,
Chase McLaughlin,K,TB,16,JAX,0,0,0,0,0,0,0,0,0,0,0,0,0,0,0,0,1,1,0,1,0,3,,,,,
Chig Okonkwo,TE,TEN,16,SEA,0,0,0,0,0,0,0,0,6,63,1,7,0,0,0,0,0,0,0,0,0,0,,,,,
Chris Boswell,K,PIT,16,CIN,0,0,0,0,0,0,0,0,0,0,0,0,0,0,0,0,0,1,0,1,0,4,,,,,
Chris Godwin Jr.,WR,TB,16,JAX,0,0,0,0,0,1,0,1,6,78,0,10,0,0,0,0,0,0,0,0,0,0,,,,,
Chris Manhertz,TE,DEN,16,NE,0,0,0,0,0,0,0,0,0,0,0,0,0,0,0,0,0,0,0,0,0,0,,,,,
Chris Moore,WR,TEN,16,SEA,0,0,0,0,0,0,0,0,1,9,0,2,0,0,0,0,0,0,0,0,0,0,,,,,
Chris Olave,WR,NO,16,LA,0,0,0,0,0,0,0,0,9,123,0,13,0,0,1,0,0,0,0,0,0,0,,,,,
Chris Rodriguez Jr.,RB,WAS,16,NYJ,0,0,0,0,0,58,2,10,1,7,0,1,0,0,0,0,0,0,0,0,0,0,,,,,
Christian McCaffrey,RB,SF,16,BAL,0,0,0,0,0,103,1,14,6,28,0,10,0,0,0,0,0,0,0,0,0,0,,,,,
Chuba Hubbard,RB,CAR,16,GB,0,0,0,0,0,43,1,16,1,8,0,1,0,0,0,0,0,0,0,0,0,0,,,,,
Clyde Edwards-Helaire,RB,KC,16,LV,0,0,0,0,0,6,0,4,3,42,0,3,0,0,0,0,0,0,0,0,0,0,,,,,
Colby Parkinson,TE,SEA,16,TEN,0,0,0,0,0,0,0,0,3,17,1,4,0,0,0,0,0,0,0,0,0,0,,,,,
Cole Fotheringham,TE,LV,16,KC,0,0,0,0,0,0,0,0,1,6,0,1,0,0,0,0,0,0,0,0,0,0,,,,,
Cole Kmet,TE,CHI,16,ARI,0,0,0,0,0,0,0,0,4,107,0,5,0,0,0,0,0,0,0,0,0,0,,,,,
Colton Dowell,WR,TEN,16,SEA,0,0,0,0,0,0,0,0,1,3,0,1,0,0,0,0,0,0,0,0,0,0,,,,,
Cooper Kupp,WR,LA,16,NO,0,0,0,0,0,-3,0,1,6,52,0,12,0,0,0,0,0,0,0,0,0,0,,,,,
Cordarrelle Patterson,RB,ATL,16,IND,0,0,0,0,0,26,0,7,2,7,0,2,0,0,0,0,0,0,0,0,0,0,,,,,
Courtland Sutton,WR,DEN,16,NE,0,0,0,0,0,0,0,0,0,0,0,1,0,0,0,0,0,0,0,0,0,0,,,,,
Curtis Samuel,WR,WAS,16,NYJ,0,0,0,0,0,4,0,2,1,16,0,6,0,0,0,0,0,0,0,0,0,0,,,,,
D'Andre Swift,RB,PHI,16,NYG,0,0,0,0,0,92,1,20,0,0,0,0,0,0,0,0,0,0,0,0,0,0,,,,,
D'Ernest Johnson,RB,JAX,16,TB,0,0,0,0,0,2,0,1,0,0,0,0,0,0,0,0,0,0,0,0,0,0,,,,,
D.J. Montgomery,WR,IND,16,ATL,0,0,0,0,0,0,0,0,1,8,0,4,0,0,0,0,0,0,0,0,0,0,,,,,
DAL,DEF,DAL,16,MIA,,,,,,,,,,,,,,,,,,,,,,,0,0,0,0,22.0
DEN,DEF,DEN,16,NE,,,,,,,,,,,,,,,,,,,,,,,0,0,0,0,26.0
DET,DEF,DET,16,MIN,,,,,,,,,,,,,,,,,,,,,,,0,0,0,0,24.0
DJ Chark,WR,CAR,16,GB,0,0,0,0,0,0,0,0,6,98,2,8,0,0,0,0,0,0,0,0,0,0,,,,,
DJ Moore,WR,CHI,16,ARI,0,0,0,0,0,0,0,0,3,18,0,6,0,0,0,0,0,0,0,0,0,0,,,,,
DJ Turner,WR,LV,16,KC,0,0,0,0,0,0,0,0,0,0,0,0,0,0,0,0,0,0,0,0,0,0,,,,,
DK Metcalf,WR,SEA,16,TEN,0,0,0,0,0,0,0,0,4,56,1,6,0,0,0,0,0,0,0,0,0,0,,,,,
Dak Prescott,QB,DAL,16,MIA,253,2,32,20,0,25,0,5,0,0,0,0,0,0,0,0,0,0,0,0,0,0,,,,,
Dallas Goedert,TE,PHI,16,NYG,0,0,0,0,0,0,0,0,7,71,0,9,0,0,0,0,0,0,0,0,0,0,,,,,
Dalton Kincaid,TE,BUF,16,LAC,0,0,0,0,0,0,0,0,1,7,0,2,0,0,0,0,0,0,0,0,0,0,,,,,
Dalton Schultz,TE,HOU,16,CLE,0,0,0,0,0,0,0,0,8,61,0,11,0,0,0,0,0,0,0,0,0,0,,,,,
Dameon Pierce,RB,HOU,16,CLE,0,0,0,0,0,6,0,3,1,10,0,2,1,0,0,0,0,0,0,0,0,0,,,,,
Dan Chisena,WR,ARI,16,CHI,0,0,0,0,0,0,0,0,0,0,0,0,0,0,0,0,0,0,0,0,0,0,,,,,
Daniel Bellinger,TE,NYG,16,PHI,0,0,0,0,0,0,0,0,4,43,0,5,0,0,0,0,0,0,0,0,0,0,,,,,
Daniel Carlson,K,LV,16,KC,0,0,0,0,0,0,0,0,0,0,0,0,0,0,0,0,1,1,0,0,0,0,,,,,
Dare Ogunbowale,RB,HOU,16,CLE,0,0,0,0,0,6,0,1,0,0,0,3,0,0,0,0,0,0,0,0,0,0,,,,,
Darius Slayton,WR,NYG,16,PHI,0,0,0,0,0,0,0,0,3,90,1,3,0,0,0,0,0,0,0,0,0,0,,,,,
Darnell Mooney,WR,CHI,16,ARI,0,0,0,0,0,0,0,0,2,5,0,4,0,0,0,0,0,0,0,0,0,0,,,,,
Darnell Washington,TE,PIT,16,CIN,0,0,0,0,0,0,0,0,1,8,0,1,0,0,0,0,0,0,0,0,0,0,,,,,
Darren Waller,TE,NYG,16,PHI,0,0,0,0,0,0,0,0,2,32,0,5,0,0,0,0,0,0,0,0,0,0,,,,,
Davante Adams,WR,LV,16,KC,0,0,0,0,0,0,0,0,1,4,0,6,0,0,0,0,0,0,0,0,0,0,,,,,
David Bell,WR,CLE,16,HOU,0,0,0,0,0,0,0,0,1,6,0,2,0,0,0,0,0,0,0,0,0,0,,,,,
David Montgomery,RB,DET,16,MIN,0,0,0,0,0,55,1,17,2,14,0,2,0,0,0,0,0,0,0,0,0,0,,,,,
David Moore,WR,TB,16,JAX,0,0,0,0,0,0,0,0,1,7,0,1,0,0,0,0,0,0,0,0,0,0,,,,,
David Njoku,TE,CLE,16,HOU,0,0,0,0,0,0,0,0,6,44,1,9,0,0,0,0,0,0,0,0,0,0,,,,,
Davis Allen,TE,LA,16,NO,0,0,0,0,0,0,0,0,0,0,0,0,0,0,0,0,0,0,0,0,0,0,,,,,
Davis Mills,QB,HOU,16,CLE,149,2,32,15,0,9,0,2,0,0,0,0,0,0,1,0,0,0,0,0,0,0,,,,,
Dawson Knox,TE,BUF,16,LAC,0,0,0,0,0,0,0,0,2,26,0,2,0,0,0,0,0,0,0,0,0,0,,,,,
De'Von Achane,RB,MIA,16,DAL,0,0,0,0,0,24,0,7,1,7,0,3,0,0,0,0,0,0,0,0,0,0,,,,,
DeAndre Carter,WR,LV,16,KC,0,0,0,0,0,0,0,0,0,0,0,0,0,0,0,0,0,0,0,0,0,0,,,,,
DeAndre Hopkins,WR,TEN,16,SEA,0,0,0,0,0,0,0,0,2,20,0,4,0,0,0,0,0,0,0,0,0,0,,,,,
DeMario Douglas,WR,NE,16,DEN,0,0,0,0,0,0,0,0,5,74,0,8,0,0,0,0,0,0,0,0,0,0,,,,,
DeVante Parker,WR,NE,16,DEN,0,0,0,0,0,0,0,0,4,65,0,5,0,0,0,0,0,0,0,0,0,0,,,,,
DeVonta Smith,WR,PHI,16,NYG,0,0,0,0,0,0,0,0,4,79,1,5,0,0,0,0,0,0,0,0,0,0,,,,,
DeeJay Dallas,RB,SEA,16,TEN,0,0,0,0,0,2,0,1,0,0,0,0,0,0,0,0,0,0,0,0,0,0,,,,,
Deebo Samuel Sr.,WR,SF,16,BAL,0,0,0,0,0,7,0,2,4,47,0,12,0,0,0,0,0,0,0,0,0,0,,,,,
Demarcus Robinson,WR,LA,16,NO,0,0,0,0,0,0,0,0,6,82,1,6,0,0,0,0,0,0,0,0,0,0,,,,,
Deonte Harty,WR,BUF,16,LAC,0,0,0,0,0,0,0,0,0,0,0,0,0,0,0,0,0,0,0,0,0,0,,,,,
Derek Carr,QB,NO,16,LA,319,3,40,27,1,2,0,2,0,0,0,0,0,0,1,0,0,0,0,0,0,0,,,,,
Derius Davis,WR,LAC,16,BUF,0,0,0,0,0,8,0,1,1,6,0,1,0,0,0,0,0,0,0,0,0,0,,,,,
Derrick Henry,RB,TEN,16,SEA,12,1,1,1,0,88,1,19,1,11,0,1,0,0,0,0,0,0,0,0,0,0,,,,,
Deven Thompkins,WR,TB,16,JAX,0,0,0,0,0,0,0,0,0,0,0,0,0,0,0,0,0,0,0,0,0,0,,,,,
Devin Singletary,RB,HOU,16,CLE,0,0,0,0,0,44,0,9,3,19,0,3,0,0,0,0,0,0,0,0,0,0,,,,,
Diontae Johnson,WR,PIT,16,CIN,0,0,0,0,0,0,0,0,2,15,0,5,0,0,0,0,0,0,0,0,0,0,,,,,
Donovan Peoples-Jones,WR,DET,16,MIN,0,0,0,0,0,0,0,0,1,11,0,1,0,0,0,0,0,0,0,0,0,0,,,,,
Dontayvion Wicks,WR,GB,16,CAR,0,0,0,0,0,0,0,0,2,29,1,2,0,0,0,0,0,0,0,0,0,0,,,,,
Dorian Thompson-Robinson,QB,CLE,16,HOU,6,0,2,1,0,-5,0,1,0,0,0,0,0,0,1,0,0,0,0,0,0,0,,,,,
Drake London,WR,ATL,16,IND,0,0,0,0,0,0,0,0,3,39,0,4,0,0,0,0,0,0,0,0,0,0,,,,,
Drew Sample,TE,CIN,16,PIT,0,0,0,0,0,0,0,0,3,38,0,3,0,0,0,0,0,0,0,0,0,0,,,,,
Durham Smythe,TE,MIA,16,DAL,0,0,0,0,0,0,0,0,5,56,0,5,0,0,0,0,0,0,0,0,0,0,,,,,
Dustin Hopkins,K,CLE,16,HOU,0,0,0,0,0,0,0,0,0,0,0,0,0,0,0,0,0,0,0,0,0,2,,,,,
Dyami Brown,WR,WAS,16,NYJ,0,0,0,0,0,0,0,0,0,0,0,0,0,0,0,0,0,0,0,0,0,0,,,,,
Easton Stick,QB,LAC,16,BUF,215,0,33,23,0,25,1,7,0,0,0,0,0,0,0,0,0,0,0,0,0,0,,,,,
Eddy Pineiro,K,CAR,16,GB,0,0,0,0,0,0,0,0,0,0,0,0,0,0,0,0,0,0,0,1,0,1,,,,,
Elijah Cooks,WR,JAX,16,TB,0,0,0,0,0,0,0,0,3,38,0,3,0,0,0,0,0,0,0,0,0,0,,,,,
Elijah Higgins,TE,ARI,16,CHI,0,0,0,0,0,0,0,0,2,17,0,3,0,0,0,0,0,0,0,0,0,0,,,,,
Elijah Moore,WR,CLE,16,HOU,0,0,0,0,0,0,0,0,2,19,0,4,0,0,0,0,0,0,0,0,0,0,,,,,
Emari Demercado,RB,ARI,16,CHI,0,0,0,0,0,10,0,2,7,40,0,8,0,0,0,0,0,0,0,0,0,0,,,,,
Evan Engram,TE,JAX,16,TB,0,0,0,0,0,0,0,0,10,95,0,15,0,0,0,0,0,0,0,0,0,0,,,,,
Evan McPherson,K,CIN,16,PIT,0,0,0,0,0,0,0,0,0,0,0,0,0,0,0,0,0,1,0,0,0,0,,,,,
Ezekiel Elliott,RB,NE,16,DEN,0,0,0,0,0,27,0,12,9,33,1,11,0,0,0,0,0,0,0,0,0,0,,,,,
Foster Moreau,TE,NO,16,LA,0,0,0,0,0,0,0,0,1,13,0,2,0,0,0,0,0,0,0,0,0,0,,,,,
GB,DEF,GB,16,CAR,,,,,,,,,,,,,,,,,,,,,,,0,0,0,0,30.0
Gabe Davis,WR,BUF,16,LAC,0,0,0,0,0,0,0,0,4,130,1,6,0,0,0,0,0,0,0,0,0,0,,,,,
Gardner Minshew,QB,IND,16,ATL,201,0,37,20,1,31,0,4,0,0,0,0,0,0,0,0,0,0,0,0,0,0,,,,,
Garrett Wilson,WR,NYJ,16,WAS,0,0,0,0,0,-8,0,1,9,76,0,15,0,0,0,0,0,0,0,0,0,0,,,,,
Geno Smith,QB,SEA,16,TEN,227,2,36,25,0,2,0,1,0,0,0,0,0,0,0,0,0,0,0,0,0,0,,,,,
George Kittle,TE,SF,16,BAL,0,0,0,0,0,0,0,0,7,126,0,10,0,0,0,0,0,0,0,0,0,0,,,,,
George Pickens,WR,PIT,16,CIN,0,0,0,0,0,0,0,0,4,195,2,6,0,0,0,0,0,0,0,0,0,0,,,,,
Gerald Everett,TE,LAC,16,BUF,0,0,0,0,0,0,0,0,7,42,0,8,0,0,0,0,0,0,0,0,0,0,,,,,
Grant Calcaterra,TE,PHI,16,NYG,0,0,0,0,0,0,0,0,2,21,0,2,0,0,0,0,0,0,0,0,0,0,,,,,
Greg Dortch,WR,ARI,16,CHI,0,0,0,0,0,0,0,0,2,45,1,5,0,0,0,0,0,0,0,0,0,0,,,,,
Greg Joseph,K,MIN,16,DET,0,0,0,0,0,0,0,0,0,0,0,0,0,0,0,0,1,0,0,0,0,3,,,,,
Greg Zuerlein,K,NYJ,16,WAS,0,0,0,0,0,0,0,0,0,0,0,0,0,0,0,0,2,0,0,1,0,3,,,,,
Gunner Olszewski,WR,NYG,16,PHI,0,0,0,0,0,0,0,0,0,0,0,0,0,0,0,0,0,0,0,0,0,0,,,,,
Gus Edwards,RB,BAL,16,SF,0,0,0,0,0,31,1,9,1,39,0,1,0,0,0,0,0,0,0,0,0,0,,,,,
HOU,DEF,HOU,16,CLE,,,,,,,,,,,,,,,,,,,,,,,0,0,0,0,36.0
Harrison Bryant,TE,CLE,16,HOU,0,0,0,0,0,0,0,0,1,6,0,1,0,0,0,0,0,0,0,0,0,0,,,,,
Harrison Butker,K,KC,16,LV,0,0,0,0,0,0,0,0,0,0,0,0,0,0,0,0,0,0,0,0,0,2,,,,,
Hunter Luepke,RB,DAL,16,MIA,0,0,0,0,0,3,0,2,1,8,0,1,0,0,0,0,0,0,0,0,0,0,,,,,
Hunter Renfrow,WR,LV,16,KC,0,0,0,0,0,0,0,0,0,0,0,1,0,0,0,0,0,0,0,0,0,0,,,,,
IND,DEF,IND,16,ATL,,,,,,,,,,,,,,,,,,,,,,,0,0,0,0,29.0
Ihmir Smith-Marsette,WR,CAR,16,GB,0,0,0,0,0,33,1,2,1,18,0,1,0,0,0,0,0,0,0,0,0,0,,,,,
Irvin Charles,WR,NYJ,16,WAS,0,0,0,0,0,0,0,0,0,0,0,0,0,0,0,0,0,0,0,0,0,0,,,,,
Isaiah Likely,TE,BAL,16,SF,0,0,0,0,0,0,0,0,3,56,0,4,0,0,0,0,0,0,0,0,0,0,,,,,
Isaiah Spiller,RB,LAC,16,BUF,0,0,0,0,0,1,0,2,1,4,0,1,0,0,0,0,0,0,0,0,0,0,,,,,
Isiah Pacheco,RB,KC,16,LV,0,0,0,0,0,26,1,11,4,0,0,4,0,0,0,0,0,0,0,0,0,0,,,,,
Israel Abanikanda,RB,NYJ,16,WAS,0,0,0,0,0,43,0,9,0,0,0,0,0,0,0,0,0,0,0,0,0,0,,,,,
JAX,DEF,JAX,16,TB,,,,,,,,,,,,,,,,,,,,,,,0,0,0,0,30.0
Jacoby Brissett,QB,WAS,16,NYJ,100,1,13,10,0,10,0,1,0,0,0,0,0,0,0,0,0,0,0,0,0,0,,,,,
Jahan Dotson,WR,WAS,16,NYJ,0,0,0,0,0,0,0,0,2,31,0,4,0,0,0,0,0,0,0,0,0,0,,,,,
Jahmyr Gibbs,RB,DET,16,MIN,0,0,0,0,0,80,2,15,4,20,0,7,0,0,0,0,0,0,0,0,0,0,,,,,
Jake Bobo,WR,SEA,16,TEN,0,0,0,0,0,0,0,0,1,8,0,3,0,0,0,0,0,0,0,0,0,0,,,,,
Jake Browning,QB,CIN,16,PIT,335,1,42,28,3,0,0,1,0,0,0,0,0,0,1,0,0,0,0,0,0,0,,,,,
Jake Elliott,K,PHI,16,NYG,0,0,0,0,0,0,0,0,0,0,0,0,0,0,0,0,2,0,2,0,0,3,,,,,
Jake Ferguson,TE,DAL,16,MIA,0,0,0,0,0,0,0,0,4,45,0,8,0,0,0,0,0,0,0,0,0,0,,,,,
Jake Moody,K,SF,16,BAL,0,0,0,0,0,0,0,0,0,0,0,0,0,0,0,0,0,0,1,0,0,2,,,,,
Jakobi Meyers,WR,LV,16,KC,0,0,0,0,0,0,0,0,3,42,0,5,0,0,0,0,0,0,0,0,0,0,,,,,
Jaleel McLaughlin,RB,DEN,16,NE,0,0,0,0,0,37,0,6,4,30,0,5,0,0,0,0,0,0,0,0,0,0,,,,,
Jalen Guyton,WR,LAC,16,BUF,0,0,0,0,0,0,0,0,1,12,0,2,0,0,0,0,0,0,0,0,0,0,,,,,
Jalen Hurts,QB,PHI,16,NYG,301,1,38,24,1,34,1,8,0,0,0,0,0,0,0,0,0,0,0,0,0,0,,,,,
Jalen Reagor,WR,NE,16,DEN,0,0,0,0,0,0,0,0,2,33,0,2,0,0,0,0,0,0,0,0,0,0,,,,,
Jalen Tolbert,WR,DAL,16,MIA,0,0,0,0,0,0,0,0,2,51,0,2,0,0,0,0,0,0,0,0,0,0,,,,,
Jamaal Williams,RB,NO,16,LA,0,0,0,0,0,8,0,2,1,5,0,1,0,0,0,0,0,0,0,0,0,0,,,,,
Jamal Agnew,WR,JAX,16,TB,0,0,0,0,0,0,0,0,1,12,0,5,0,0,0,0,0,0,0,0,0,0,,,,,
James Conner,RB,ARI,16,CHI,0,0,0,0,0,45,0,12,5,67,1,5,0,0,0,0,0,0,0,0,0,0,,,,,
James Cook,RB,BUF,16,LAC,0,0,0,0,0,70,0,20,0,0,0,0,0,0,0,0,0,0,0,0,0,0,,,,,
James Proche,WR,CLE,16,HOU,0,0,0,0,0,0,0,0,0,0,0,0,0,0,0,0,0,0,0,0,0,0,,,,,
Jameson Williams,WR,DET,16,MIN,0,0,0,0,0,0,0,0,5,43,0,6,0,0,0,0,0,0,0,0,0,0,,,,,
Jamison Crowder,WR,WAS,16,NYJ,0,0,0,0,0,0,0,0,0,0,0,1,0,0,0,0,0,0,0,0,0,0,,,,,
Jared Goff,QB,DET,16,MIN,257,1,40,30,0,0,0,3,0,0,0,0,0,0,0,0,0,0,0,0,0,0,,,,,
Jason Brownlee,WR,NYJ,16,WAS,0,0,0,0,0,0,0,0,1,8,1,3,0,0,0,0,0,0,0,0,0,0,,,,,
Jason Myers,K,SEA,16,TEN,0,0,0,0,0,0,0,0,0,0,0,0,0,0,0,0,2,0,0,0,0,2,,,,,
Jason Sanders,K,MIA,16,DAL,0,0,0,0,0,0,0,0,0,0,0,0,0,0,0,0,1,1,0,3,0,1,,,,,
Javonte Williams,RB,DEN,16,NE,0,0,0,0,0,24,1,11,3,-5,0,3,0,0,1,0,0,0,0,0,0,0,,,,,
Jaxon Smith-Njigba,WR,SEA,16,TEN,0,0,0,0,0,0,0,0,6,61,0,7,0,0,0,0,0,0,0,0,0,0,,,,,
Jaylen Waddle,WR,MIA,16,DAL,0,0,0,0,0,2,0,1,1,50,0,4,0,0,0,0,0,0,0,0,0,0,,,,,
Jaylen Warren,RB,PIT,16,CIN,0,0,0,0,0,24,0,8,5,30,0,6,0,0,0,0,0,0,0,0,0,0,,,,,
Jeff Wilson,RB,MIA,16,DAL,0,0,0,0,0,21,0,5,1,4,0,1,0,0,0,0,0,0,0,0,0,0,,,,,
Jeremy McNichols,RB,SF,16,BAL,0,0,0,0,0,0,0,0,0,0,0,0,0,0,0,0,0,0,0,0,0,0,,,,,
Jerome Ford,RB,CLE,16,HOU,0,0,0,0,0,25,1,15,1,-2,0,2,0,0,0,0,0,0,0,0,0,0,,,,,
Jerry Jeudy,WR,DEN,16,NE,0,0,0,0,0,0,0,0,3,44,0,5,0,0,0,0,0,0,0,0,0,0,,,,,
Joe Flacco,QB,CLE,16,HOU,368,3,42,27,2,1,0,2,0,0,0,0,0,0,1,0,0,0,0,0,0,0,,,,,
Joe Mixon,RB,CIN,16,PIT,0,0,0,0,0,43,0,11,2,7,0,4,0,0,1,0,0,0,0,0,0,0,,,,,
Joey Slye,K,WAS,16,NYJ,0,0,0,0,0,0,0,0,0,0,0,0,0,0,0,0,0,0,0,0,0,4,,,,,
John Bates,TE,WAS,16,NYJ,0,0,0,0,0,0,0,0,3,14,0,5,0,0,0,0,0,0,0,0,0,0,,,,,
John Metchie III,WR,HOU,16,CLE,0,0,0,0,0,0,0,0,0,0,0,3,0,0,0,0,0,0,0,0,0,0,,,,,
Johnny Mundt,TE,MIN,16,DET,0,0,0,0,0,0,0,0,1,23,0,3,0,0,0,0,0,0,0,0,0,0,,,,,
Jonathan Mingo,WR,CAR,16,GB,0,0,0,0,0,0,0,0,1,9,0,1,0,0,0,0,0,0,0,0,0,0,,,,,
Jonathan Taylor,RB,IND,16,ATL,0,0,0,0,0,43,1,18,0,0,0,1,0,0,0,0,0,0,0,0,0,0,,,,,
Jonathan Ward,RB,TEN,16,SEA,0,0,0,0,0,0,0,0,0,0,0,0,0,0,0,0,0,0,0,0,0,0,,,,,
Jonnu Smith,TE,ATL,16,IND,0,0,0,0,0,0,0,0,4,32,0,6,0,0,0,0,0,0,0,0,0,0,,,,,
Jordan Addison,WR,MIN,16,DET,0,0,0,0,0,0,0,0,1,2,0,4,0,0,0,0,0,0,0,0,0,0,,,,,
Jordan Akins,TE,CLE,16,HOU,0,0,0,0,0,0,0,0,2,18,0,2,0,0,0,0,0,0,0,0,0,0,,,,,
Jordan Love,QB,GB,16,CAR,219,2,28,17,0,12,1,2,0,0,0,0,0,0,0,0,0,0,0,0,0,0,,,,,
Jordan Mason,RB,SF,16,BAL,0,0,0,0,0,0,0,0,0,0,0,0,0,0,0,0,0,0,0,0,0,0,,,,,
Josh Allen,QB,BUF,16,LAC,237,1,21,15,1,15,2,5,0,0,0,0,0,0,0,0,0,0,0,0,0,0,,,,,
Josh Downs,WR,IND,16,ATL,0,0,0,0,0,0,0,0,6,39,0,9,0,0,0,0,0,0,0,0,0,0,,,,,
Josh Oliver,TE,MIN,16,DET,0,0,0,0,0,0,0,0,1,33,0,2,0,0,0,0,0,0,0,0,0,0,,,,,
Josh Palmer,WR,LAC,16,BUF,0,0,0,0,0,0,0,0,5,47,0,8,0,0,0,0,0,0,0,0,0,0,,,,,
Josh Reynolds,WR,DET,16,MIN,0,0,0,0,0,0,0,0,1,16,0,4,0,0,0,0,0,0,0,0,0,0,,,,,
Joshua Kelley,RB,LAC,16,BUF,0,0,0,0,0,-2,0,1,0,0,0,0,0,0,0,0,0,0,0,0,0,0,,,,,
Josiah Deguara,TE,GB,16,CAR,0,0,0,0,0,0,0,0,0,0,0,0,0,0,0,0,0,0,0,0,0,0,,,,,
Julio Jones,WR,PHI,16,NYG,0,0,0,0,0,0,0,0,1,5,0,4,0,0,0,0,0,0,0,0,0,0,,,,,
Justice Hill,RB,BAL,16,SF,0,0,0,0,0,26,0,10,3,31,0,3,0,0,0,0,0,0,0,0,0,0,,,,,
Justin Fields,QB,CHI,16,ARI,170,1,27,15,1,97,1,9,0,0,0,0,0,0,0,0,0,0,0,0,0,0,,,,,
Justin Jefferson,WR,MIN,16,DET,0,0,0,0,0,0,0,0,6,141,1,10,0,0,0,0,0,0,0,0,0,0,,,,,
Justin Tucker,K,BAL,16,SF,0,0,0,0,0,0,0,0,0,0,0,0,0,0,0,0,3,0,1,0,0,3,,,,,
Justin Watson,WR,KC,16,LV,0,0,0,0,0,0,0,0,4,38,1,6,0,0,0,0,0,0,0,0,0,0,,,,,
Justyn Ross,WR,KC,16,LV,0,0,0,0,0,0,0,0,1,2,0,1,0,0,0,0,0,0,0,0,0,0,,,,,
Juwan Johnson,TE,NO,16,LA,0,0,0,0,0,0,0,0,4,48,1,7,0,0,0,0,0,0,0,0,0,0,,,,,
K.J. Osborn,WR,MIN,16,DET,0,0,0,0,0,0,0,0,5,95,1,7,0,0,0,0,0,0,0,0,0,0,,,,,
KC,DEF,KC,16,LV,,,,,,,,,,,,,,,,,,,,,,,0,0,0,0,20.0
Ka'imi Fairbairn,K,HOU,16,CLE,0,0,0,0,0,0,0,0,0,0,0,0,0,0,0,0,0,0,0,0,0,2,,,,,
KaVontae Turpin,WR,DAL,16,MIA,0,0,0,0,0,4,0,1,1,4,0,1,0,0,0,0,0,0,0,0,0,0,,,,,
Kalif Raymond,WR,DET,16,MIN,0,0,0,0,0,8,0,1,2,29,0,2,0,0,0,0,0,0,0,0,0,0,,,,,
Kareem Hunt,RB,CLE,16,HOU,0,0,0,0,0,11,1,7,2,5,0,4,0,0,0,0,0,0,0,0,0,0,,,,,
Keith Kirkwood,WR,NO,16,LA,0,0,0,0,0,0,0,0,1,9,0,1,0,0,0,0,0,0,0,0,0,0,,,,,
Kene Nwangwu,RB,MIN,16,DET,0,0,0,0,0,0,0,0,0,0,0,0,0,0,0,0,0,0,0,0,0,0,,,,,
Kenneth Walker III,RB,SEA,16,TEN,0,0,0,0,0,54,0,16,1,2,0,2,0,0,0,0,0,0,0,0,0,0,,,,,
Kenny Gainwell,RB,PHI,16,NYG,0,0,0,0,0,41,0,6,3,38,0,3,0,0,0,0,0,0,0,0,0,0,,,,,
Kenny Yeboah,TE,NYJ,16,WAS,0,0,0,0,0,0,0,0,0,0,0,1,0,0,0,0,0,0,0,0,0,0,,,,,
Kevin Harris,RB,NE,16,DEN,0,0,0,0,0,21,0,7,0,0,0,0,0,0,0,0,0,0,0,0,0,0,,,,,
KhaDarel Hodge,WR,ATL,16,IND,0,0,0,0,0,0,0,0,1,5,0,1,0,0,0,0,0,0,0,0,0,0,,,,,
Khalil Herbert,RB,CHI,16,ARI,0,0,0,0,0,112,1,20,1,9,0,2,0,0,0,0,0,0,0,0,0,0,,,,,
Khalil Shakir,WR,BUF,16,LAC,0,0,0,0,0,0,0,0,3,45,0,3,0,0,0,0,0,0,0,0,0,0,,,,,
Ko Kieft,TE,TB,16,JAX,0,0,0,0,0,0,0,0,0,0,0,0,0,0,0,0,0,0,0,0,0,0,,,,,
Kyle Juszczyk,RB,SF,16,BAL,0,0,0,0,0,0,0,0,1,5,0,2,0,0,0,0,0,0,0,0,0,0,,,,,
Kyle Pitts,TE,ATL,16,IND,0,0,0,0,0,0,0,0,3,49,1,4,0,0,0,0,0,0,0,0,0,0,,,,,
Kylen Granson,TE,IND,16,ATL,0,0,0,0,0,0,0,0,5,62,0,7,0,0,0,0,0,0,0,0,0,0,,,,,
Kyler Murray,QB,ARI,16,CHI,230,2,38,24,0,32,0,5,0,0,0,0,0,0,0,0,0,0,0,0,0,0,,,,,
Kyren Williams,RB,LA,16,NO,0,0,0,0,0,104,1,22,0,0,0,0,0,0,0,0,0,0,0,0,0,0,,,,,
LA,DEF,LA,16,NO,,,,,,,,,,,,,,,,,,,,,,,0,0,0,0,22.0
LAC,DEF,LAC,16,BUF,,,,,,,,,,,,,,,,,,,,,,,0,0,0,0,24.0
LV,DEF,LV,16,KC,,,,,,,,,,,,,,,,,,,,,,,1,0,0,0,14.0
Lamar Jackson,QB,BAL,16,SF,252,2,35,23,0,45,0,7,0,0,0,0,0,0,0,0,0,0,0,0,0,0,,,,,
Leonard Fournette,RB,BUF,16,LAC,0,0,0,0,0,20,0,5,0,0,0,0,0,0,0,0,0,0,0,0,0,0,,,,,
Logan Thomas,TE,WAS,16,NYJ,0,0,0,0,0,0,0,0,5,36,1,6,0,0,0,0,0,0,0,0,0,0,,,,,
Lucas Havrisik,K,LA,16,NO,0,0,0,0,0,0,0,0,0,0,0,0,0,0,0,0,2,1,0,0,0,3,,,,,
Lucas Krull,TE,DEN,16,NE,0,0,0,0,0,0,0,0,4,28,1,5,0,0,0,0,0,0,0,0,0,0,,,,,
Luke Farrell,TE,JAX,16,TB,0,0,0,0,0,0,0,0,0,0,0,0,0,0,0,0,0,0,0,0,0,0,,,,,
Luke Schoonmaker,TE,DAL,16,MIA,0,0,0,0,0,0,0,0,1,4,0,1,0,0,0,0,0,0,0,0,0,0,,,,,
MIA,DEF,MIA,16,DAL,,,,,,,,,,,,,,,,,,,,,,,0,0,0,0,20.0
MIN,DEF,MIN,16,DET,,,,,,,,,,,,,,,,,,,,,,,0,0,0,0,30.0
Malik Heath,WR,GB,16,CAR,0,0,0,0,0,0,0,0,1,0,0,1,0,0,0,0,0,0,0,0,0,0,,,,,
Marcedes Lewis,TE,CHI,16,ARI,0,0,0,0,0,0,0,0,1,1,1,1,0,0,0,0,0,0,0,0,0,0,,,,,
Marquez Valdes-Scantling,WR,KC,16,LV,0,0,0,0,0,0,0,0,0,0,0,1,0,0,0,0,0,0,0,0,0,0,,,,,
Marquise Goodwin,WR,CLE,16,HOU,0,0,0,0,0,0,0,0,0,0,0,1,0,0,0,0,0,0,0,0,0,0,,,,,
Marvin Mims Jr.,WR,DEN,16,NE,0,0,0,0,0,0,0,0,3,63,0,4,0,0,0,0,0,0,0,0,0,0,,,,,
Mason Crosby,K,NYG,16,PHI,0,0,0,0,0,0,0,0,0,0,0,0,0,0,0,0,0,0,0,1,0,2,,,,,
Mason Kinsey,WR,TEN,16,SEA,0,0,0,0,0,0,0,0,1,6,0,1,0,0,0,0,0,0,0,0,0,0,,,,,
Mason Rudolph,QB,PIT,16,CIN,290,2,27,17,0,4,0,2,0,0,0,0,0,0,0,0,0,0,0,0,0,0,,,,,
Matt Breida,RB,NYG,16,PHI,0,0,0,0,0,0,0,0,1,3,0,1,0,0,0,0,0,0,0,0,0,0,,,,,
Matt Gay,K,IND,16,ATL,0,0,0,0,0,0,0,0,0,0,0,0,0,0,0,0,0,1,0,0,0,1,,,,,
Matt Prater,K,ARI,16,CHI,0,0,0,0,0,0,0,0,0,0,0,0,0,0,0,0,0,0,0,1,0,1,,,,,
Matthew Stafford,QB,LA,16,NO,328,2,34,24,0,-4,0,1,0,0,0,0,0,0,0,0,0,0,0,0,0,0,,,,,
Michael Carter,RB,ARI,16,CHI,0,0,0,0,0,0,0,0,0,0,0,1,0,0,0,0,0,0,0,0,0,0,,,,,
Michael Gallup,WR,DAL,16,MIA,0,0,0,0,0,0,0,0,2,4,0,2,0,0,0,0,0,0,0,0,0,0,,,,,
Michael Wilson,WR,ARI,16,CHI,0,0,0,0,0,0,0,0,0,0,0,4,0,0,0,0,0,0,0,0,0,0,,,,,
Mike Badgley,K,DET,16,MIN,0,0,0,0,0,0,0,0,0,0,0,0,0,0,0,0,0,1,0,0,0,3,,,,,
Mike Evans,WR,TB,16,JAX,0,0,0,0,0,0,0,0,7,86,2,9,0,0,0,0,0,0,0,0,0,0,,,,,
Mike Gesicki,TE,NE,16,DEN,0,0,0,0,0,0,0,0,2,15,1,2,0,0,0,0,0,0,0,0,0,0,,,,,
Miles Boykin,WR,PIT,16,CIN,0,0,0,0,0,0,0,0,1,6,0,1,0,0,0,0,0,0,0,0,0,0,,,,,
Miles Sanders,RB,CAR,16,GB,0,0,0,0,0,3,0,3,1,5,0,2,0,0,0,0,0,0,0,0,0,0,,,,,
Mitchell Wilcox,TE,CIN,16,PIT,0,0,0,0,0,0,0,0,1,6,0,1,0,0,0,0,0,0,0,0,0,0,,,,,
Mo Alie-Cox,TE,IND,16,ATL,0,0,0,0,0,0,0,0,0,0,0,1,0,0,0,0,0,0,0,0,0,0,,,,,
NE,DEF,NE,16,DEN,,,,,,,,,,,,,,,,,,,,,,,0,0,0,0,23.0
NO,DEF,NO,16,LA,,,,,,,,,,,,,,,,,,,,,,,0,0,0,0,30.0
NYG,DEF,NYG,16,PHI,,,,,,,,,,,,,,,,,,,,,,,1,0,0,0,33.0
NYJ,DEF,NYJ,16,WAS,,,,,,,,,,,,,,,,,,,,,,,0,0,0,0,28.0
Najee Harris,RB,PIT,16,CIN,0,0,0,0,0,78,1,19,0,0,0,0,0,0,0,0,0,0,0,0,0,0,,,,,
Nelson Agholor,WR,BAL,16,SF,0,0,0,0,0,0,0,0,3,10,1,4,0,0,0,0,0,0,0,0,0,0,,,,,
Nick Folk,K,TEN,16,SEA,0,0,0,0,0,0,0,0,0,0,0,0,0,0,0,0,0,1,0,0,0,2,,,,,
Nick Mullens,QB,MIN,16,DET,411,2,36,22,4,1,0,1,0,0,0,0,0,0,0,0,0,0,0,0,0,0,,,,,
Nico Collins,WR,HOU,16,CLE,0,0,0,0,0,0,0,0,4,18,1,6,0,0,1,0,0,0,0,0,0,0,,,,,
Noah Brown,WR,HOU,16,CLE,0,0,0,0,0,0,0,0,3,38,0,7,0,0,0,0,0,0,0,0,0,0,,,,,
Noah Fant,TE,SEA,16,TEN,0,0,0,0,0,0,0,0,0,0,0,0,0,0,0,0,0,0,0,0,0,0,,,,,
Noah Gray,TE,KC,16,LV,0,0,0,0,0,0,0,0,1,5,0,3,0,0,0,0,0,0,0,0,0,0,,,,,
Odell Beckham Jr.,WR,BAL,16,SF,0,0,0,0,0,0,0,0,2,13,0,3,0,0,0,0,0,0,0,0,0,0,,,,,
Olamide Zaccheaus,WR,PHI,16,NYG,0,0,0,0,0,0,0,0,0,0,0,1,0,0,0,0,0,0,0,0,0,0,,,,,
PHI,DEF,PHI,16,NYG,,,,,,,,,,,,,,,,,,,,,,,0,0,0,0,25.0
PIT,DEF,PIT,16,CIN,,,,,,,,,,,,,,,,,,,,,,,0,0,0,0,11.0
Parker Washington,WR,JAX,16,TB,0,0,0,0,0,0,0,0,2,19,0,4,0,0,0,0,0,0,0,0,0,0,,,,,
Patrick Mahomes,QB,KC,16,LV,235,1,44,27,1,53,0,10,0,0,0,0,0,0,0,0,0,0,0,0,0,0,,,,,
Patrick Ricard,RB,BAL,16,SF,0,0,0,0,0,0,0,0,0,0,0,1,0,0,0,0,0,0,0,0,0,0,,,,,
Patrick Taylor,RB,GB,16,CAR,0,0,0,0,0,4,0,3,1,-1,0,1,0,0,0,0,0,0,0,0,0,0,,,,,
Payne Durham,TE,TB,16,JAX,0,0,0,0,0,0,0,0,1,25,0,1,0,0,0,0,0,0,0,0,0,0,,,,,
Peyton Hendershot,TE,DAL,16,MIA,0,0,0,0,0,0,0,0,0,0,0,2,0,0,0,0,0,0,0,0,0,0,,,,,
Pharaoh Brown,TE,NE,16,DEN,0,0,0,0,0,0,0,0,2,25,0,2,0,0,0,0,0,0,0,0,0,0,,,,,
Pierre Strong,RB,CLE,16,HOU,0,0,0,0,0,22,0,5,0,0,0,1,0,0,0,0,0,0,0,0,0,0,,,,,
Puka Nacua,WR,LA,16,NO,0,0,0,0,0,16,0,2,9,164,1,11,0,0,0,0,0,0,0,0,0,0,,,,,
Quentin Johnston,WR,LAC,16,BUF,0,0,0,0,0,1,0,1,2,29,0,5,0,0,0,0,0,0,0,0,0,0,,,,,
Rachaad White,RB,TB,16,JAX,0,0,0,0,0,39,1,20,6,38,0,7,0,0,0,0,0,0,0,0,0,0,,,,,
Raheem Blackshear,RB,CAR,16,GB,0,0,0,0,0,0,0,0,0,0,0,0,0,0,1,0,0,0,0,0,0,0,,,,,
Raheem Mostert,RB,MIA,16,DAL,0,0,0,0,0,46,0,11,1,4,1,1,0,0,0,0,0,0,0,0,0,0,,,,,
Rashee Rice,WR,KC,16,LV,0,0,0,0,0,0,0,0,6,57,0,12,0,0,0,0,0,0,0,0,0,0,,,,,
Rashid Shaheed,WR,NO,16,LA,0,0,0,0,0,4,0,1,5,70,1,9,0,0,0,0,0,0,0,0,0,0,,,,,
Rashod Bateman,WR,BAL,16,SF,0,0,0,0,0,0,0,0,1,14,0,4,0,0,0,0,0,0,0,0,0,0,,,,,
Reggie Gilliam,RB,BUF,16,LAC,0,0,0,0,0,0,0,0,0,0,0,0,0,0,0,0,0,0,0,0,0,0,,,,,
Richie James,WR,KC,16,LV,0,0,0,0,0,0,0,0,3,54,0,3,0,0,0,0,0,0,0,0,0,0,,,,,
Rico Dowdle,RB,DAL,16,MIA,0,0,0,0,0,4,0,2,0,0,0,2,0,0,0,0,0,0,0,0,0,0,,,,,
Robbie Chosen,WR,MIA,16,DAL,0,0,0,0,0,0,0,0,1,19,0,1,0,0,0,0,0,0,0,0,0,0,,,,,
Robert Tonyan,TE,CHI,16,ARI,0,0,0,0,0,0,0,0,1,14,0,1,0,0,0,0,0,0,0,0,0,0,,,,,
Robert Woods,WR,HOU,16,CLE,0,0,0,0,0,7,0,1,2,14,0,6,0,0,0,0,0,0,0,0,0,0,,,,,
Romeo Doubs,WR,GB,16,CAR,0,0,0,0,0,0,0,0,4,79,1,5,0,0,0,0,0,0,0,0,0,0,,,,,
Rondale Moore,WR,ARI,16,CHI,0,0,0,0,0,6,0,1,2,30,0,3,0,0,0,0,0,0,0,0,0,0,,,,,
Ronnie Bell,WR,SF,16,BAL,0,0,0,0,0,0,0,0,1,12,1,1,0,0,0,0,0,0,0,0,0,0,,,,,
Ronnie Rivers,RB,LA,16,NO,0,0,0,0,0,20,0,6,0,0,0,0,0,0,0,0,0,0,0,0,0,0,,,,,
Roschon Johnson,RB,CHI,16,ARI,0,0,0,0,0,37,0,9,3,16,0,3,0,0,0,0,0,0,0,0,0,0,,,,,
Russell Wilson,QB,DEN,16,NE,238,2,37,25,0,20,0,4,0,0,0,0,0,0,2,0,0,0,0,0,0,0,,,,,
Ryan Tannehill,QB,TEN,16,SEA,152,0,26,18,0,37,0,2,0,0,0,0,0,0,0,0,0,0,0,0,0,0,,,,,
SEA,DEF,SEA,16,TEN,,,,,,,,,,,,,,,,,,,,,,,0,0,0,0,17.0
SF,DEF,SF,16,BAL,,,,,,,,,,,,,,,,,,,,,,,0,1,0,0,33.0
Sam Darnold,QB,SF,16,BAL,81,1,14,8,1,9,0,1,0,0,0,0,0,0,0,0,0,0,0,0,0,0,,,,,
Sam Howell,QB,WAS,16,NYJ,56,0,22,6,2,0,0,0,0,0,0,0,0,0,0,0,0,0,0,0,0,0,,,,,
Sam LaPorta,TE,DET,16,MIN,0,0,0,0,0,0,0,0,3,18,0,3,0,0,0,0,0,0,0,0,0,0,,,,,
Samaje Perine,RB,DEN,16,NE,0,0,0,0,0,2,0,1,4,27,0,5,0,0,0,0,0,0,0,0,0,0,,,,,
Samori Toure,WR,GB,16,CAR,0,0,0,0,0,0,0,0,0,0,0,2,0,0,0,0,0,0,0,0,0,0,,,,,
Saquon Barkley,RB,NYG,16,PHI,0,0,0,0,0,80,1,23,3,4,0,6,0,0,1,0,0,0,0,0,0,0,,,,,
Scott Miller,WR,ATL,16,IND,0,0,0,0,0,0,0,0,1,15,0,1,0,0,0,0,0,0,0,0,0,0,,,,,
Stefon Diggs,WR,BUF,16,LAC,0,0,0,0,0,0,0,0,5,29,0,8,0,0,0,0,0,0,0,0,0,0,,,,,
Stephen Sullivan,TE,CAR,16,GB,0,0,0,0,0,0,0,0,3,21,0,5,0,0,0,0,0,0,0,0,0,0,,,,,
Stone Smartt,TE,LAC,16,BUF,0,0,0,0,0,0,0,0,1,23,0,1,0,0,0,0,0,0,0,0,0,0,,,,,
T.J. Hockenson,TE,MIN,16,DET,0,0,0,0,0,0,0,0,4,58,0,4,0,0,0,0,0,0,0,0,0,0,,,,,
TB,DEF,TB,16,JAX,,,,,,,,,,,,,,,,,,,,,,,0,0,0,0,12.0
TEN,DEF,TEN,16,SEA,,,,,,,,,,,,,,,,,,,,,,,0,0,0,0,20.0
Tanner Hudson,TE,CIN,16,PIT,0,0,0,0,0,0,0,0,1,5,0,2,0,0,0,0,0,0,0,0,0,0,,,,,
Taylor Heinicke,QB,ATL,16,IND,229,1,33,23,0,10,0,2,0,0,0,0,0,0,0,0,0,0,0,0,0,0,,,,,
Taysom Hill,TE,NO,16,LA,0,0,0,0,0,2,0,2,0,0,0,0,0,0,0,0,0,0,0,0,0,0,,,,,
Tee Higgins,WR,CIN,16,PIT,0,0,0,0,0,0,0,0,5,140,1,8,0,0,0,0,0,0,0,0,0,0,,,,,
Terry McLaurin,WR,WAS,16,NYJ,0,0,0,0,0,0,0,0,3,50,0,5,0,0,0,0,0,0,0,0,0,0,,,,,
Tim Jones,WR,JAX,16,TB,0,0,0,0,0,0,0,0,3,32,0,5,0,0,0,0,0,0,0,0,0,0,,,,,
Tommy DeVito,QB,NYG,16,PHI,55,0,16,9,0,5,0,1,0,0,0,0,0,0,0,0,0,0,0,0,0,0,,,,,
Tommy Tremble,TE,CAR,16,GB,0,0,0,0,0,0,0,0,4,59,0,6,0,0,0,0,0,0,0,0,0,0,,,,,
Tony Pollard,RB,DAL,16,MIA,0,0,0,0,0,38,0,12,1,5,0,1,0,0,0,0,0,0,0,0,0,0,,,,,
Travis Etienne,RB,JAX,16,TB,0,0,0,0,0,12,0,6,3,19,0,3,0,0,0,0,0,0,0,0,0,0,,,,,
Travis Kelce,TE,KC,16,LV,0,0,0,0,0,0,0,0,5,44,0,7,0,0,0,0,0,0,0,0,0,0,,,,,
Tre Tucker,WR,LV,16,KC,0,0,0,0,0,5,0,1,1,-4,0,1,0,0,0,0,0,0,0,0,0,0,,,,,
Trent Taylor,WR,CHI,16,ARI,0,0,0,0,0,0,0,0,0,0,0,0,0,0,0,0,0,0,0,0,0,0,,,,,
Trenton Irwin,WR,CIN,16,PIT,0,0,0,0,0,0,0,0,4,37,0,4,0,0,0,0,0,0,0,0,0,0,,,,,
Trevor Lawrence,QB,JAX,16,TB,211,1,29,17,2,29,0,4,0,0,0,0,0,0,0,0,0,0,0,0,0,0,,,,,
Trevor Siemian,QB,NYJ,16,WAS,217,1,49,27,1,18,0,4,0,0,0,0,0,0,0,0,0,0,0,0,0,0,,,,,
Trey McBride,TE,ARI,16,CHI,0,0,0,0,0,0,0,0,6,31,0,8,0,0,0,0,0,0,0,0,0,0,,,,,
Trey Palmer,WR,TB,16,JAX,0,0,0,0,0,0,0,0,4,42,0,6,0,0,0,0,0,0,0,0,0,0,,,,,
Trey Sermon,RB,IND,16,ATL,0,0,0,0,0,3,0,2,0,0,0,0,0,0,0,0,0,0,0,0,0,0,,,,,
Treylon Burks,WR,TEN,16,SEA,0,0,0,0,0,-3,0,1,2,25,0,3,0,0,0,0,0,0,0,0,0,0,,,,,
Tua Tagovailoa,QB,MIA,16,DAL,293,1,37,24,0,-2,0,2,0,0,0,0,0,0,0,0,0,0,0,0,0,0,,,,,
Tucker Kraft,TE,GB,16,CAR,0,0,0,0,0,0,0,0,4,60,0,6,0,0,0,0,0,0,0,0,0,0,,,,,
Ty Chandler,RB,MIN,16,DET,0,0,0,0,0,17,1,8,0,0,0,0,0,0,0,0,0,0,0,0,0,0,,,,,
Tyjae Spears,RB,TEN,16,SEA,0,0,0,0,0,40,0,9,5,27,0,6,0,0,0,0,0,0,0,0,0,0,,,,,
Tylan Wallace,WR,BAL,16,SF,0,0,0,0,0,0,0,0,0,0,0,0,0,0,0,0,0,0,0,0,0,0,,,,,
Tyler Allgeier,RB,ATL,16,IND,0,0,0,0,0,69,1,9,1,19,0,1,0,0,0,0,0,0,0,0,0,0,,,,,
Tyler Bass,K,BUF,16,LAC,0,0,0,0,0,0,0,0,0,0,0,0,0,0,0,0,1,0,0,0,0,3,,,,,
Tyler Boyd,WR,CIN,16,PIT,0,0,0,0,0,0,0,0,5,59,0,7,0,0,0,0,0,0,0,0,0,0,,,,,
Tyler Conklin,TE,NYJ,16,WAS,0,0,0,0,0,0,0,1,4,36,0,7,0,0,0,0,0,0,0,0,0,0,,,,,
Tyler Goodson,RB,IND,16,ATL,0,0,0,0,0,15,0,1,1,15,0,2,0,0,0,0,0,0,0,0,0,0,,,,,
Tyler Higbee,TE,LA,16,NO,0,0,0,0,0,0,0,0,3,30,0,3,0,0,0,0,0,0,0,0,0,0,,,,,
Tyler Lockett,WR,SEA,16,TEN,0,0,0,0,0,0,0,0,8,81,0,11,0,0,0,0,0,0,0,0,0,0,,,,,
Tyquan Thornton,WR,NE,16,DEN,0,0,0,0,0,9,0,1,1,11,0,1,0,0,0,0,0,0,0,0,0,0,,,,,
Tyreek Hill,WR,MIA,16,DAL,0,0,0,0,0,0,0,0,9,99,0,14,0,0,0,0,0,0,0,0,0,0,,,,,
Tyrod Taylor,QB,NYG,16,PHI,133,1,16,7,1,21,0,2,0,0,0,0,0,0,0,0,0,0,0,0,0,0,,,,,
Van Jefferson,WR,ATL,16,IND,0,0,0,0,0,0,0,0,1,13,0,3,0,0,0,0,0,0,0,0,0,0,,,,,
Velus Jones Jr.,WR,CHI,16,ARI,0,0,0,0,0,4,0,1,0,0,0,1,0,0,0,0,0,0,0,0,0,0,,,,,
WAS,DEF,WAS,16,NYJ,,,,,,,,,,,,,,,,,,,,,,,0,0,0,0,30.0
Wan'Dale Robinson,WR,NYG,16,PHI,0,0,0,0,0,0,0,0,3,16,0,7,0,0,0,0,0,0,0,0,0,0,,,,,
Wil Lutz,K,DEN,16,NE,0,0,0,0,0,0,0,0,0,0,0,0,0,0,0,0,0,0,0,0,0,1,,,,,
Will Dissly,TE,SEA,16,TEN,0,0,0,0,0,0,0,0,1,6,0,1,0,0,0,0,0,0,0,0,0,0,,,,,
Will Mallory,TE,IND,16,ATL,0,0,0,0,0,0,0,0,4,47,0,4,0,0,0,0,0,0,0,0,0,0,,,,,
Willie Snead,WR,SF,16,BAL,0,0,0,0,0,0,0,0,1,5,0,2,0,0,0,0,0,0,0,0,0,0,,,,,
Xavier Gipson,WR,NYJ,16,WAS,0,0,0,0,0,16,0,1,1,1,0,2,0,0,0,0,0,0,0,0,0,0,,,,,
Xavier Hutchinson,WR,HOU,16,CLE,0,0,0,0,0,0,0,0,1,18,0,2,0,0,0,0,0,0,0,0,0,0,,,,,
Younghoe Koo,K,ATL,16,IND,0,0,0,0,0,0,0,0,0,0,0,0,0,0,0,0,2,1,2,0,0,2,,,,,
Zach Charbonnet,RB,SEA,16,TEN,0,0,0,0,0,0,0,2,1,-4,0,2,0,0,0,0,0,0,0,0,0,0,,,,,
Zamir White,RB,LV,16,KC,0,0,0,0,0,145,0,22,0,0,0,1,0,0,0,0,0,0,0,0,0,0,,,,,
Zay Flowers,WR,BAL,16,SF,0,0,0,0,0,0,0,0,9,72,1,13,0,0,0,0,0,0,0,0,0,0,,,,,
A.J. Brown,WR,PHI,17,ARI,0,0,0,0,0,0,0,0,4,53,0,5,0,0,0,0,0,0,0,0,0,0,,,,,
A.T. Perry,WR,NO,17,TB,0,0,0,0,0,0,0,0,1,5,0,2,0,0,0,0,0,0,0,0,0,0,,,,,
AJ Dillon,RB,GB,17,MIN,0,0,0,0,0,27,0,7,0,0,0,0,0,0,0,0,0,0,0,0,0,0,,,,,
ARI,DEF,ARI,17,PHI,,,,,,,,,,,,,,,,,,,,,,,0,0,0,0,31.0
ATL,DEF,ATL,17,CHI,,,,,,,,,,,,,,,,,,,,,,,0,0,0,0,37.0
Aaron Jones,RB,GB,17,MIN,0,0,0,0,0,120,0,20,1,10,0,1,0,0,0,0,0,0,0,0,0,0,,,,,
Adam Thielen,WR,CAR,17,JAX,0,0,0,0,0,0,0,0,6,38,0,6,0,0,0,0,0,0,0,0,0,0,,,,,
Adam Trautman,TE,DEN,17,LAC,0,0,0,0,0,0,0,0,1,9,0,2,0,0,0,0,0,0,0,0,0,0,,,,,
Aidan O'Connell,QB,LV,17,IND,299,2,47,30,0,3,0,2,0,0,0,0,0,0,0,0,0,0,0,0,0,0,,,,,
Alec Pierce,WR,IND,17,LV,0,0,0,0,0,0,0,0,1,58,1,1,0,0,0,0,0,0,0,0,0,0,,,,,
Alex Erickson,WR,LAC,17,DEN,0,0,0,0,0,0,0,0,7,98,0,8,0,0,0,0,0,0,0,0,0,0,,,,,
Alexander Mattison,RB,MIN,17,GB,0,0,0,0,0,17,0,3,2,13,0,2,0,0,0,0,0,0,0,0,0,0,,,,,
Alvin Kamara,RB,NO,17,TB,0,0,0,0,0,45,0,10,2,4,0,2,0,0,0,0,0,0,0,0,0,0,,,,,
Ameer Abdullah,RB,LV,17,IND,0,0,0,0,0,4,0,1,1,18,0,1,0,0,0,0,0,0,0,0,0,0,,,,,
Amon-Ra St. Brown,WR,DET,17,DAL,0,0,0,0,0,11,0,1,6,90,1,8,0,0,0,0,0,0,0,0,0,0,,,,,
Anders Carlson,K,GB,17,MIN,0,0,0,0,0,0,0,0,0,0,0,0,0,0,0,0,0,2,0,0,0,3,,,,,
Antonio Gibson,RB,WAS,17,SF,0,0,0,0,0,19,0,4,2,17,0,4,0,0,0,0,0,0,0,0,0,0,,,,,
Austin Ekeler,RB,LAC,17,DEN,0,0,0,0,0,46,0,13,1,4,0,2,0,0,0,0,0,0,0,0,0,0,,,,,
Austin Hooper,TE,LV,17,IND,0,0,0,0,0,0,0,0,3,28,0,3,0,0,0,0,0,0,0,0,0,0,,,,,
Austin Trammell,WR,LA,17,NYG,0,0,0,0,0,0,0,0,0,0,0,0,0,0,0,0,0,0,0,0,0,0,,,,,
BAL,DEF,BAL,17,MIA,,,,,,,,,,,,,,,,,,,,,,,0,0,0,0,19.0
BUF,DEF,BUF,17,NE,,,,,,,,,,,,,,,,,,,,,,,1,0,0,0,21.0
Bailey Zappe,QB,NE,17,BUF,209,0,26,16,3,37,1,5,0,0,0,0,0,0,0,0,0,0,0,0,0,0,,,,,
Baker Mayfield,QB,TB,17,NO,309,2,33,22,2,-1,0,1,0,0,0,0,0,0,0,0,0,0,0,0,0,0,,,,,
Ben Sims,TE,GB,17,MIN,0,0,0,0,0,0,0,0,1,6,0,1,0,0,0,0,0,0,0,0,0,0,,,,,
Ben Skowronek,WR,LA,17,NYG,0,0,0,0,0,0,0,0,0,0,0,0,0,0,0,0,0,0,0,0,0,0,,,,,
Ben VanSumeren,RB,PHI,17,ARI,0,0,0,0,0,0,0,0,0,0,0,0,0,0,0,0,0,0,0,0,0,0,,,,,
Bijan Robinson,RB,ATL,17,CHI,0,0,0,0,0,75,0,15,3,11,0,4,0,0,0,0,0,0,0,0,0,0,,,,,
Blake Grupe,K,NO,17,TB,0,0,0,0,0,0,0,0,0,0,0,0,0,0,0,0,1,1,1,0,0,2,,,,,
Brandin Cooks,WR,DAL,17,DET,0,0,0,0,0,0,0,0,5,60,1,8,0,0,0,0,0,0,0,0,0,0,,,,,
Brandon Aiyuk,WR,SF,17,WAS,0,0,0,0,0,0,0,0,7,114,1,8,0,0,0,0,0,0,0,0,0,0,,,,,
Brandon Aubrey,K,DAL,17,DET,0,0,0,0,0,0,0,0,0,0,0,0,0,0,0,0,0,0,1,1,0,2,,,,,
Brandon Bolden,RB,LV,17,IND,0,0,0,0,0,6,0,2,0,0,0,0,0,0,0,0,0,0,0,0,0,0,,,,,
Brandon Johnson,WR,DEN,17,LAC,0,0,0,0,0,0,0,0,4,27,0,6,0,0,0,0,0,0,0,0,0,0,,,,,
Brandon McManus,K,JAX,17,CAR,0,0,0,0,0,0,0,0,0,0,0,0,0,0,0,0,2,2,0,0,0,2,,,,,
Brandon Powell,WR,MIN,17,GB,0,0,0,0,0,0,0,0,0,0,0,2,0,0,0,0,0,0,0,0,0,0,,,,,
Braxton Berrios,WR,MIA,17,BAL,0,0,0,0,0,0,0,0,2,10,0,2,0,0,0,0,0,0,0,0,0,0,,,,,
Breece Hall,RB,NYJ,17,CLE,0,0,0,0,0,84,0,13,9,42,1,9,0,0,0,0,0,0,0,0,0,0,,,,,
Brenton Strange,TE,JAX,17,CAR,0,0,0,0,0,0,0,0,1,1,0,2,0,0,0,0,0,0,0,0,0,0,,,,,
Brevin Jordan,TE,HOU,17,TEN,0,0,0,0,0,0,0,0,2,19,1,2,0,0,0,0,0,0,0,0,0,0,,,,,
Brian Robinson,RB,WAS,17,SF,0,0,0,0,0,44,0,9,4,32,0,4,0,0,0,0,0,0,0,0,0,0,,,,,
Brock Purdy,QB,SF,17,WAS,230,2,28,22,0,4,0,1,0,0,0,0,0,0,0,0,0,0,0,0,0,0,,,,,
Bryce Young,QB,CAR,17,JAX,112,0,32,19,1,2,0,1,0,0,0,0,0,0,0,0,0,0,0,0,0,0,,,,,
Byron Pringle,WR,WAS,17,SF,0,0,0,0,0,0,0,0,0,0,0,1,0,0,0,0,0,0,0,0,0,0,,,,,
C.J. Beathard,QB,JAX,17,CAR,178,0,24,17,0,24,0,3,0,0,0,0,0,0,0,0,0,0,0,0,0,0,,,,,
C.J. Stroud,QB,HOU,17,TEN,213,1,32,24,0,4,0,1,0,0,0,0,0,0,0,0,0,0,0,0,0,0,,,,,
CAR,DEF,CAR,17,JAX,,,,,,,,,,,,,,,,,,,,,,,0,0,0,0,26.0
CHI,DEF,CHI,17,ATL,,,,,,,,,,,,,,,,,,,,,,,0,0,0,0,17.0
CIN,DEF,CIN,17,KC,,,,,,,,,,,,,,,,,,,,,,,0,0,0,0,25.0
CLE,DEF,CLE,17,NYJ,,,,,,,,,,,,,,,,,,,,,,,1,0,0,0,20.0
Cade Otton,TE,TB,17,NO,0,0,0,0,0,0,0,0,2,10,0,6,0,0,0,0,0,0,0,0,0,0,,,,,
Cairo Santos,K,CHI,17,ATL,0,0,0,0,0,0,0,0,0,0,0,0,0,0,0,0,1,0,2,0,0,4,,,,,
Calvin Austin III,WR,PIT,17,SEA,0,0,0,0,0,0,0,0,0,0,0,0,0,0,0,0,0,0,0,0,0,0,,,,,
Calvin Ridley,WR,JAX,17,CAR,0,0,0,0,0,0,0,0,4,39,0,8,0,0,0,0,0,0,0,0,0,0,,,,,
Cameron Dicker,K,LAC,17,DEN,0,0,0,0,0,0,0,0,0,0,0,0,0,0,0,0,0,1,0,2,0,0,,,,,
Cedric Tillman,WR,CLE,17,NYJ,0,0,0,0,0,0,0,0,1,8,0,4,0,0,0,0,0,0,0,0,0,0,,,,,
Cedrick Wilson Jr.,WR,MIA,17,BAL,0,0,0,0,0,0,0,0,2,27,1,4,0,0,0,0,0,0,0,0,0,0,,,,,
CeeDee Lamb,WR,DAL,17,DET,0,0,0,0,0,5,0,1,13,227,1,17,0,0,0,0,0,0,0,0,0,0,,,,,
Chad Ryland,K,NE,17,BUF,0,0,0,0,0,0,0,0,0,0,0,0,0,0,0,0,0,0,0,0,0,3,,,,,
Charlie Jones,WR,CIN,17,KC,0,0,0,0,0,0,0,0,0,0,0,0,0,0,0,0,0,0,0,0,0,0,,,,,
Charlie Kolar,TE,BAL,17,MIA,0,0,0,0,0,0,0,0,1,19,1,1,0,0,0,0,0,0,0,0,0,0,,,,,
Chase Brown,RB,CIN,17,KC,0,0,0,0,0,5,0,3,2,23,0,2,0,0,0,0,0,0,0,0,0,0,,,,,
Chase Claypool,WR,MIA,17,BAL,0,0,0,0,0,0,0,0,0,0,0,1,0,0,0,0,0,0,0,0,0,0,,,,,
Chase Edmonds,RB,TB,17,NO,0,0,0,0,0,16,0,3,5,40,0,6,0,0,0,0,0,0,0,0,0,0,,,,,
Chase McLaughlin,K,TB,17,NO,0,0,0,0,0,0,0,0,0,0,0,0,0,0,0,0,0,0,0,0,0,1,,,,,
Chig Okonkwo,TE,TEN,17,HOU,0,0,0,0,0,0,0,0,3,34,0,4,0,0,0,0,0,0,0,0,0,0,,,,,
Chris Boswell,K,PIT,17,SEA,0,0,0,0,0,0,0,0,0,0,0,0,0,0,0,0,2,1,0,0,0,3,,,,,
Chris Brooks,RB,MIA,17,BAL,0,0,0,0,0,12,0,4,0,0,0,0,0,0,0,0,0,0,0,0,0,0,,,,,
Chris Godwin Jr.,WR,TB,17,NO,0,0,0,0,0,0,0,0,3,81,1,5,0,0,0,0,0,0,0,0,0,0,,,,,
Chris Moore,WR,TEN,17,HOU,0,0,0,0,0,0,0,0,1,32,0,3,0,0,0,0,0,0,0,0,0,0,,,,,
Chris Olave,WR,NO,17,TB,0,0,0,0,0,0,0,0,3,26,0,6,0,0,0,0,0,0,0,0,0,0,,,,,
Christian McCaffrey,RB,SF,17,WAS,0,0,0,0,0,64,0,14,4,27,0,5,0,0,0,0,0,0,0,0,0,0,,,,,
Chuba Hubbard,RB,CAR,17,JAX,0,0,0,0,0,45,0,11,4,26,0,5,0,0,0,0,0,0,0,0,0,0,,,,,
Colby Parkinson,TE,SEA,17,PIT,0,0,0,0,0,0,0,0,2,38,0,3,0,0,0,0,0,0,0,0,0,0,,,,,
Collin Johnson,WR,CHI,17,ATL,0,0,0,0,0,0,0,0,1,11,0,1,0,0,0,0,0,0,0,0,0,0,,,,,
Cooper Kupp,WR,LA,17,NYG,0,0,0,0,0,0,0,0,4,27,1,6,0,0,0,0,0,0,0,0,0,0,,,,,
Curtis Samuel,WR,WAS,17,SF,0,0,0,0,0,0,0,0,3,33,0,4,0,0,0,0,0,0,0,0,0,0,,,,,
D'Andre Swift,RB,PHI,17,ARI,0,0,0,0,0,61,0,13,1,5,0,1,0,0,0,0,0,0,0,0,0,0,,,,,
D'Ernest Johnson,RB,JAX,17,CAR,0,0,0,0,0,0,0,3,0,0,0,0,0,0,0,0,0,0,0,0,0,0,,,,,
DAL,DEF,DAL,17,DET,,,,,,,,,,,,,,,,,,,,,,,0,0,0,0,19.0
DEN,DEF,DEN,17,LAC,,,,,,,,,,,,,,,,,,,,,,,0,0,0,0,9.0
DET,DEF,DET,17,DAL,,,,,,,,,,,,,,,,,,,,,,,0,0,0,0,20.0
DJ Chark,WR,CAR,17,JAX,0,0,0,0,0,0,0,0,1,18,0,6,0,0,0,0,0,0,0,0,0,0,,,,,
DJ Moore,WR,CHI,17,ATL,0,0,0,0,0,0,0,0,9,159,1,13,0,0,0,0,0,0,0,0,0,0,,,,,
DK Metcalf,WR,SEA,17,PIT,0,0,0,0,0,0,0,0,5,106,0,8,0,0,0,0,0,0,0,0,0,0,,,,,
Dak Prescott,QB,DAL,17,DET,345,2,38,26,1,5,0,2,0,0,0,0,0,0,0,0,0,0,0,0,0,0,,,,,
Dallas Goedert,TE,PHI,17,ARI,0,0,0,0,0,0,0,0,5,47,1,6,0,0,0,0,0,0,0,0,0,0,,,,,
Dalton Kincaid,TE,BUF,17,NE,0,0,0,0,0,0,0,0,4,87,0,7,0,0,0,0,0,0,0,0,0,0,,,,,
Dalton Schultz,TE,HOU,17,TEN,0,0,0,0,0,0,0,0,2,19,0,4,0,0,0,0,0,0,0,0,0,0,,,,,
Dameon Pierce,RB,HOU,17,TEN,0,0,0,0,0,16,0,8,1,5,0,1,0,0,0,0,0,0,0,0,0,0,,,,,
Daniel Bellinger,TE,NYG,17,LA,0,0,0,0,0,0,0,0,4,39,0,4,0,0,0,0,0,0,0,0,0,0,,,,,
Daniel Carlson,K,LV,17,IND,0,0,0,0,0,0,0,0,0,0,0,0,0,0,0,0,0,1,1,0,0,2,,,,,
Dare Ogunbowale,RB,HOU,17,TEN,0,0,0,0,0,0,0,1,0,0,0,0,0,0,0,0,0,0,0,0,0,0,,,,,
Darius Slayton,WR,NYG,17,LA,0,0,0,0,0,0,0,0,4,106,1,6,0,0,0,0,0,0,0,0,0,0,,,,,
Darren Waller,TE,NYG,17,LA,0,0,0,0,0,0,0,0,5,51,0,6,0,0,0,0,0,0,0,0,0,0,,,,,
Davante Adams,WR,LV,17,IND,0,0,0,0,0,0,0,0,13,126,2,21,0,0,0,0,0,0,0,0,0,0,,,,,
David Bell,WR,CLE,17,NYJ,0,0,0,0,0,0,0,0,2,7,0,3,0,0,0,0,0,0,0,0,0,0,,,,,
David Montgomery,RB,DET,17,DAL,0,0,0,0,0,65,1,14,0,0,0,1,0,0,0,0,0,0,0,0,0,0,,,,,
David Moore,WR,TB,17,NO,0,0,0,0,0,0,0,0,0,0,0,1,0,0,0,0,0,0,0,0,0,0,,,,,
David Njoku,TE,CLE,17,NYJ,0,0,0,0,0,0,0,0,6,134,0,8,0,0,0,0,0,0,0,0,0,0,,,,,
Davis Allen,TE,LA,17,NYG,0,0,0,0,0,0,0,0,0,0,0,0,0,0,0,0,0,0,0,0,0,0,,,,,
De'Von Achane,RB,MIA,17,BAL,0,0,0,0,0,107,0,14,4,30,1,5,0,0,0,0,0,0,0,0,0,0,,,,,
DeAndre Carter,WR,LV,17,IND,0,0,0,0,0,0,0,0,0,0,0,0,0,0,0,0,0,0,0,0,0,0,,,,,
DeAndre Hopkins,WR,TEN,17,HOU,0,0,0,0,0,0,0,0,7,72,0,7,0,0,0,0,0,0,0,0,0,0,,,,,
DeMario Douglas,WR,NE,17,BUF,0,0,0,0,0,12,0,3,3,31,0,5,0,0,0,0,0,0,0,0,0,0,,,,,
DeVante Parker,WR,NE,17,BUF,0,0,0,0,0,0,0,0,1,15,0,2,0,0,0,0,0,0,0,0,0,0,,,,,
DeVonta Smith,WR,PHI,17,ARI,0,0,0,0,0,0,0,0,3,30,0,5,0,0,0,0,0,0,0,0,0,0,,,,,
DeeJay Dallas,RB,SEA,17,PIT,0,0,0,0,0,0,0,0,0,0,0,0,0,0,0,0,0,0,0,0,0,0,,,,,
Deebo Samuel Sr.,WR,SF,17,WAS,0,0,0,0,0,35,0,3,5,37,1,6,0,0,0,0,0,0,0,0,0,0,,,,,
Demarcus Robinson,WR,LA,17,NYG,0,0,0,0,0,0,0,0,6,92,0,10,0,0,0,0,0,0,0,0,0,0,,,,,
Deonte Harty,WR,BUF,17,NE,0,0,0,0,0,0,0,0,0,0,0,0,0,0,0,0,0,0,0,0,0,0,,,,,
Derek Carr,QB,NO,17,TB,197,2,32,24,0,-3,0,3,0,0,0,0,0,0,0,0,0,0,0,0,0,0,,,,,
Derius Davis,WR,LAC,17,DEN,0,0,0,0,0,2,0,1,0,0,0,0,0,0,0,0,0,0,0,0,0,0,,,,,
Derrick Henry,RB,TEN,17,HOU,0,0,0,0,0,42,0,12,0,0,0,1,0,0,0,0,0,0,0,0,0,0,,,,,
Desmond Ridder,QB,ATL,17,CHI,17,0,4,3,1,0,0,0,0,0,0,0,0,0,0,0,0,0,0,0,0,0,,,,,
Deuce Vaughn,RB,DAL,17,DET,0,0,0,0,0,2,0,2,1,10,0,1,0,0,0,0,0,0,0,0,0,0,,,,,
Deven Thompkins,WR,TB,17,NO,0,0,0,0,0,0,0,0,1,0,0,2,0,0,0,0,0,0,0,0,0,0,,,,,
Devin Singletary,RB,HOU,17,TEN,0,0,0,0,0,80,0,16,3,6,0,3,0,0,0,0,0,0,0,0,0,0,,,,,
Diontae Johnson,WR,PIT,17,SEA,0,0,0,0,0,0,0,0,4,76,0,4,0,0,0,0,0,0,0,0,0,0,,,,,
Drake London,WR,ATL,17,CHI,0,0,0,0,0,0,0,0,4,56,0,10,0,0,0,0,0,0,0,0,0,0,,,,,
Drew Sample,TE,CIN,17,KC,0,0,0,0,0,0,0,0,3,21,0,4,0,0,0,0,0,0,0,0,0,0,,,,,
Durham Smythe,TE,MIA,17,BAL,0,0,0,0,0,0,0,0,3,54,0,3,0,0,0,0,0,0,0,0,0,0,,,,,
Easton Stick,QB,LAC,17,DEN,220,0,38,24,0,31,0,5,0,0,0,0,0,0,0,0,0,0,0,0,0,0,,,,,
Elijah Higgins,TE,ARI,17,PHI,0,0,0,0,0,0,0,0,2,21,0,2,0,0,0,0,0,0,0,0,0,0,,,,,
Elijah Mitchell,RB,SF,17,WAS,0,0,0,0,0,80,1,17,0,0,0,0,0,0,0,0,0,0,0,0,0,0,,,,,
Elijah Moore,WR,CLE,17,NYJ,0,0,0,0,0,0,0,0,5,61,1,6,0,0,0,0,0,0,0,0,0,0,,,,,
Emari Demercado,RB,ARI,17,PHI,0,0,0,0,0,0,0,0,1,9,0,3,0,0,0,0,0,0,0,0,0,0,,,,,
Eric Gray,RB,NYG,17,LA,0,0,0,0,0,2,0,1,1,6,0,1,0,0,0,0,0,0,0,0,0,0,,,,,
Eric Saubert,TE,HOU,17,TEN,0,0,0,0,0,0,0,0,1,2,0,1,0,0,0,0,0,0,0,0,0,0,,,,,
Evan Engram,TE,JAX,17,CAR,0,0,0,0,0,0,0,0,6,60,0,6,0,0,0,0,0,0,0,0,0,0,,,,,
Evan McPherson,K,CIN,17,KC,0,0,0,0,0,0,0,0,0,0,0,0,0,0,0,0,0,1,0,0,0,2,,,,,
Ezekiel Elliott,RB,NE,17,BUF,0,0,0,0,0,39,1,14,1,6,0,2,0,0,0,0,0,0,0,0,0,0,,,,,
Foster Moreau,TE,NO,17,TB,0,0,0,0,0,0,0,0,1,13,0,1,0,0,0,0,0,0,0,0,0,0,,,,,
GB,DEF,GB,17,MIN,,,,,,,,,,,,,,,,,,,,,,,0,0,0,0,10.0
Gabe Davis,WR,BUF,17,NE,0,0,0,0,0,0,0,0,2,21,0,3,0,0,0,0,0,0,0,0,0,0,,,,,
Gardner Minshew,QB,IND,17,LV,224,1,23,15,0,3,0,2,0,0,0,0,0,0,0,0,0,0,0,0,0,0,,,,,
Garrett Wilson,WR,NYJ,17,CLE,0,0,0,0,0,-1,0,1,5,50,0,10,0,0,0,0,0,0,0,0,0,0,,,,,
Geno Smith,QB,SEA,17,PIT,290,1,33,23,0,33,0,3,0,0,0,0,0,0,0,0,0,0,0,0,0,0,,,,,
George Kittle,TE,SF,17,WAS,0,0,0,0,0,0,0,0,3,29,0,4,0,0,0,0,0,0,0,0,0,0,,,,,
George Pickens,WR,PIT,17,SEA,0,0,0,0,0,0,0,0,7,131,0,9,0,0,0,0,0,0,0,0,0,0,,,,,
Gerald Everett,TE,LAC,17,DEN,0,0,0,0,0,6,0,1,4,31,0,9,0,0,0,0,0,0,0,0,0,0,,,,,
Godwin Igwebuike,RB,PIT,17,SEA,0,0,0,0,0,0,0,0,0,0,0,0,0,0,0,0,0,0,0,0,0,0,,,,,
Greg Dortch,WR,ARI,17,PHI,0,0,0,0,0,0,0,0,7,82,0,7,0,0,0,0,0,0,0,0,0,0,,,,,
Greg Joseph,K,MIN,17,GB,0,0,0,0,0,0,0,0,0,0,0,0,0,0,0,0,0,0,0,1,0,1,,,,,
Greg Zuerlein,K,NYJ,17,CLE,0,0,0,0,0,0,0,0,0,0,0,0,0,0,0,0,0,0,2,0,0,2,,,,,
Gunner Olszewski,WR,NYG,17,LA,0,0,0,0,0,0,0,0,0,0,0,0,1,0,0,0,0,0,0,0,0,0,,,,,
Gus Edwards,RB,BAL,17,MIA,0,0,0,0,0,68,1,16,0,0,0,0,0,0,0,0,0,0,0,0,0,0,,,,,
HOU,DEF,HOU,17,TEN,,,,,,,,,,,,,,,,,,,,,,,0,0,0,0,3.0
Harrison Bryant,TE,CLE,17,NYJ,0,0,0,0,0,0,0,0,2,14,0,3,0,0,0,0,0,0,0,0,0,0,,,,,
Harrison Butker,K,KC,17,CIN,0,0,0,0,0,0,0,0,0,0,0,0,0,0,0,0,2,0,3,1,0,1,,,,,
IND,DEF,IND,17,LV,,,,,,,,,,,,,,,,,,,,,,,0,0,0,0,20.0
Ian Thomas,TE,CAR,17,JAX,0,0,0,0,0,0,0,0,0,0,0,1,0,0,0,0,0,0,0,0,0,0,,,,,
Ihmir Smith-Marsette,WR,CAR,17,JAX,0,0,0,0,0,0,0,1,3,12,0,3,0,0,0,0,0,0,0,0,0,0,,,,,
Irvin Charles,WR,NYJ,17,CLE,0,0,0,0,0,0,0,0,0,0,0,0,0,0,0,0,0,0,0,0,0,0,,,,,
Isaiah Hodgins,WR,NYG,17,LA,0,0,0,0,0,0,0,0,1,18,0,2,0,0,0,0,0,0,0,0,0,0,,,,,
Isaiah Likely,TE,BAL,17,MIA,0,0,0,0,0,0,0,0,2,42,2,3,0,0,0,0,0,0,0,0,0,0,,,,,
Isaiah Spiller,RB,LAC,17,DEN,0,0,0,0,0,-1,0,1,2,10,0,2,0,0,0,0,0,0,0,0,0,0,,,,,
Isiah Pacheco,RB,KC,17,CIN,0,0,0,0,0,130,0,18,7,35,1,7,0,0,0,0,0,0,0,0,0,0,,,,,
Israel Abanikanda,RB,NYJ,17,CLE,0,0,0,0,0,3,0,2,4,27,0,7,0,0,0,0,0,0,0,0,0,0,,,,,
JAX,DEF,JAX,17,CAR,,,,,,,,,,,,,,,,,,,,,,,0,0,0,0,0.0
Ja'Marr Chase,WR,CIN,17,KC,0,0,0,0,0,0,0,0,3,41,0,7,0,0,0,0,0,0,0,0,0,0,,,,,
Jahan Dotson,WR,WAS,17,SF,0,0,0,0,0,0,0,0,0,0,0,1,0,0,0,0,0,0,0,0,0,0,,,,,
Jahmyr Gibbs,RB,DET,17,DAL,0,0,0,0,0,43,0,15,1,0,0,3,0,0,0,0,0,0,0,0,0,0,,,,,
Jake Bobo,WR,SEA,17,PIT,0,0,0,0,0,0,0,0,1,4,0,1,0,0,0,0,0,0,0,0,0,0,,,,,
Jake Browning,QB,CIN,17,KC,197,1,33,19,0,32,1,7,0,0,0,0,0,0,0,0,0,0,0,0,0,0,,,,,
Jake Elliott,K,PHI,17,ARI,0,0,0,0,0,0,0,0,0,0,0,0,0,0,0,0,0,0,1,0,0,4,,,,,
Jake Ferguson,TE,DAL,17,DET,0,0,0,0,0,0,0,0,4,33,0,6,0,0,0,0,0,0,0,0,0,0,,,,,
Jake Moody,K,SF,17,WAS,0,0,0,0,0,0,0,0,0,0,0,0,0,0,0,0,1,1,0,0,0,3,,,,,
Jakob Johnson,RB,LV,17,IND,0,0,0,0,0,0,0,0,0,0,0,0,0,0,0,0,0,0,0,0,0,0,,,,,
Jakobi Meyers,WR,LV,17,IND,0,0,0,0,0,0,0,0,6,56,0,10,0,0,0,0,0,0,0,0,0,0,,,,,
Jaleel McLaughlin,RB,DEN,17,LAC,0,0,0,0,0,44,0,8,3,18,0,3,0,0,0,0,0,0,0,0,0,0,,,,,
Jalen Hurts,QB,PHI,17,ARI,167,3,23,18,1,25,0,8,0,0,0,0,0,0,0,0,0,0,0,0,0,0,,,,,
Jalen Reagor,WR,NE,17,BUF,0,0,0,0,0,0,0,0,1,39,0,3,1,0,0,0,0,0,0,0,0,0,,,,,
Jalen Tolbert,WR,DAL,17,DET,0,0,0,0,0,0,0,0,1,9,0,1,0,0,0,0,0,0,0,0,0,0,,,,,
Jalin Hyatt,WR,NYG,17,LA,0,0,0,0,0,0,0,0,3,25,0,4,0,0,0,0,0,0,0,0,0,0,,,,,
Jamaal Williams,RB,NO,17,TB,0,0,0,0,0,58,0,19,4,13,0,4,0,0,0,0,0,0,0,0,0,0,,,,,
Jamal Agnew,WR,JAX,17,CAR,0,0,0,0,0,0,0,0,2,53,0,2,0,0,0,0,0,0,0,0,0,0,,,,,
James Conner,RB,ARI,17,PHI,0,0,0,0,0,128,1,26,1,5,1,1,0,0,0,0,0,0,0,0,0,0,,,,,
James Cook,RB,BUF,17,NE,0,0,0,0,0,48,0,16,1,-4,0,3,0,0,0,0,0,0,0,0,0,0,,,,,
James Mitchell,TE,DET,17,DAL,0,0,0,0,0,0,0,0,1,4,0,1,0,0,0,0,0,0,0,0,0,0,,,,,
James Proche,WR,CLE,17,NYJ,0,0,0,0,0,0,0,0,0,0,0,0,0,0,0,0,0,0,0,0,0,0,,,,,
Jameson Williams,WR,DET,17,DAL,0,0,0,0,0,6,0,1,2,69,0,3,0,0,0,0,0,0,0,0,0,0,,,,,
Jamison Crowder,WR,WAS,17,SF,0,0,0,0,0,0,0,0,0,0,0,0,0,0,0,0,0,0,0,0,0,0,,,,,
Jared Goff,QB,DET,17,DAL,271,1,34,19,2,0,0,0,0,0,0,0,0,0,0,0,0,0,0,0,0,0,,,,,
Jaren Hall,QB,MIN,17,GB,67,0,10,5,1,4,0,2,0,0,0,0,0,0,0,0,0,0,0,0,0,0,,,,,
Jarrett Stidham,QB,DEN,17,LAC,224,1,32,20,0,6,0,6,0,0,0,0,0,0,0,0,0,0,0,0,0,0,,,,,
Jason Brownlee,WR,NYJ,17,CLE,0,0,0,0,0,0,0,0,2,28,0,2,0,0,0,0,0,0,0,0,0,0,,,,,
Jason Myers,K,SEA,17,PIT,0,0,0,0,0,0,0,0,0,0,0,0,0,0,0,0,1,0,2,0,0,2,,,,,
Jason Sanders,K,MIA,17,BAL,0,0,0,0,0,0,0,0,0,0,0,0,0,0,0,0,1,1,0,0,0,1,,,,,
Javonte Williams,RB,DEN,17,LAC,0,0,0,0,0,41,0,15,3,17,0,3,0,0,0,0,0,0,0,0,0,0,,,,,
Jaxon Smith-Njigba,WR,SEA,17,PIT,0,0,0,0,0,0,0,0,1,12,1,2,0,0,0,0,0,0,0,0,0,0,,,,,
Jayden Reed,WR,GB,17,MIN,0,0,0,0,0,0,0,0,6,89,2,8,0,0,0,0,0,0,0,0,0,0,,,,,
Jaylen Warren,RB,PIT,17,SEA,0,0,0,0,0,75,1,13,4,23,0,4,0,0,0,0,0,0,0,0,0,0,,,,,
Jeff Wilson,RB,MIA,17,BAL,0,0,0,0,0,21,0,3,3,13,0,4,0,0,0,0,0,0,0,0,0,0,,,,,
Jerome Ford,RB,CLE,17,NYJ,0,0,0,0,0,64,0,12,2,57,2,3,0,0,0,0,0,0,0,0,0,0,,,,,
Jerry Jeudy,WR,DEN,17,LAC,0,0,0,0,0,0,0,0,3,54,0,6,0,0,0,0,0,0,0,0,0,0,,,,,
Joe Flacco,QB,CLE,17,NYJ,309,3,29,19,1,3,0,2,0,0,0,0,0,0,0,0,0,0,0,0,0,0,,,,,
Joe Mixon,RB,CIN,17,KC,0,0,0,0,0,65,0,21,4,22,1,4,0,0,0,0,0,0,0,0,0,0,,,,,
Joey Slye,K,WAS,17,SF,0,0,0,0,0,0,0,0,0,0,0,0,0,0,0,0,0,0,1,0,0,1,,,,,
John Bates,TE,WAS,17,SF,0,0,0,0,0,0,0,0,1,6,0,1,0,0,0,0,0,0,0,0,0,0,,,,,
John Metchie III,WR,HOU,17,TEN,0,0,0,0,0,4,0,1,1,8,0,3,0,0,0,0,0,0,0,0,0,0,,,,,
Johnny Mundt,TE,MIN,17,GB,0,0,0,0,0,0,0,0,4,39,1,7,0,0,0,0,0,0,0,0,0,0,,,,,
Jonathan Mingo,WR,CAR,17,JAX,0,0,0,0,0,0,0,0,2,0,0,3,0,0,0,0,0,0,0,0,0,0,,,,,
Jonathan Taylor,RB,IND,17,LV,0,0,0,0,0,96,1,21,1,8,0,1,0,0,0,0,0,0,0,0,0,0,,,,,
Jonathan Ward,RB,TEN,17,HOU,0,0,0,0,0,11,0,3,0,0,0,0,0,0,0,0,0,0,0,0,0,0,,,,,
Jonnu Smith,TE,ATL,17,CHI,0,0,0,0,0,0,0,0,0,0,0,4,0,0,0,0,0,0,0,0,0,0,,,,,
Jordan Addison,WR,MIN,17,GB,0,0,0,0,0,0,0,0,3,28,0,5,0,0,0,0,0,0,0,0,0,0,,,,,
Jordan Akins,TE,CLE,17,NYJ,0,0,0,0,0,0,0,0,1,28,0,1,0,0,0,0,0,0,0,0,0,0,,,,,
Jordan Love,QB,GB,17,MIN,256,3,33,24,0,2,1,2,0,0,0,0,0,0,0,0,0,0,0,0,0,0,,,,,
Jordan Mason,RB,SF,17,WAS,0,0,0,0,0,3,0,2,0,0,0,0,0,0,0,0,0,0,0,0,0,0,,,,,
Josh Allen,QB,BUF,17,NE,169,0,30,15,1,44,2,11,0,0,0,0,0,0,0,0,0,0,0,0,0,0,,,,,
Josh Downs,WR,IND,17,LV,0,0,0,0,0,0,0,0,2,53,0,2,0,0,0,0,0,0,0,0,0,0,,,,,
Josh Oliver,TE,MIN,17,GB,0,0,0,0,0,0,0,0,1,17,0,2,0,0,0,0,0,0,0,0,0,0,,,,,
Josh Reynolds,WR,DET,17,DAL,0,0,0,0,0,0,0,0,1,13,0,2,0,0,0,0,0,0,0,0,0,0,,,,,
Joshua Kelley,RB,LAC,17,DEN,0,0,0,0,0,2,0,2,0,0,0,0,0,0,0,0,0,0,0,0,0,0,,,,,
Julian Hill,TE,MIA,17,BAL,0,0,0,0,0,0,0,0,1,9,0,1,0,0,0,0,0,0,0,0,0,0,,,,,
Julio Jones,WR,PHI,17,ARI,0,0,0,0,0,0,0,0,2,34,2,2,0,0,0,0,0,0,0,0,0,0,,,,,
Justice Hill,RB,BAL,17,MIA,0,0,0,0,0,48,0,3,5,64,1,5,0,0,0,0,0,0,0,0,0,0,,,,,
Justin Fields,QB,CHI,17,ATL,268,1,32,20,0,45,1,11,0,0,0,0,0,0,0,0,0,0,0,0,0,0,,,,,
Justin Jefferson,WR,MIN,17,GB,0,0,0,0,0,0,0,0,5,59,0,10,0,0,0,0,0,0,0,0,0,0,,,,,
Justin Tucker,K,BAL,17,MIA,0,0,0,0,0,0,0,0,0,0,0,0,0,0,0,0,0,0,0,0,0,8,,,,,
Justin Watson,WR,KC,17,CIN,0,0,0,0,0,0,0,0,1,41,0,3,0,0,0,0,0,0,0,0,0,0,,,,,
Juwan Johnson,TE,NO,17,TB,0,0,0,0,0,0,0,0,8,90,1,12,0,0,0,0,0,0,0,0,0,0,,,,,
KC,DEF,KC,17,CIN,,,,,,,,,,,,,,,,,,,,,,,0,0,0,0,17.0
Ka'imi Fairbairn,K,HOU,17,TEN,0,0,0,0,0,0,0,0,0,0,0,0,0,0,0,0,2,1,0,1,0,2,,,,,
KaVontae Turpin,WR,DAL,17,DET,0,0,0,0,0,0,0,0,0,0,0,0,0,0,0,0,0,0,0,0,0,0,,,,,
Kalif Raymond,WR,DET,17,DAL,0,0,0,0,0,0,0,0,1,11,0,1,0,0,0,0,0,0,0,0,0,0,,,,,
Kareem Hunt,RB,CLE,17,NYJ,0,0,0,0,0,31,1,10,0,0,0,1,0,0,0,0,0,0,0,0,0,0,,,,,
Keelan Doss,WR,LAC,17,DEN,0,0,0,0,0,0,0,0,5,25,0,8,0,0,0,0,0,0,0,0,0,0,,,,,
Kene Nwangwu,RB,MIN,17,GB,0,0,0,0,0,0,0,0,0,0,0,0,0,0,0,0,0,0,0,0,0,0,,,,,
Kenneth Walker III,RB,SEA,17,PIT,0,0,0,0,0,53,1,10,3,22,0,3,0,0,0,0,0,0,0,0,0,0,,,,,
Kenny Gainwell,RB,PHI,17,ARI,17,0,1,1,0,5,0,2,4,15,0,4,0,0,0,0,0,0,0,0,0,0,,,,,
Kenny Yeboah,TE,NYJ,17,CLE,0,0,0,0,0,0,0,0,2,28,0,3,0,0,0,0,0,0,0,0,0,0,,,,,
Kevin Harris,RB,NE,17,BUF,0,0,0,0,0,15,0,2,2,54,0,2,0,0,0,0,0,0,0,0,0,0,,,,,
Kevin Rader,TE,TEN,17,HOU,0,0,0,0,0,0,0,0,1,6,0,1,0,0,0,0,0,0,0,0,0,0,,,,,
KhaDarel Hodge,WR,ATL,17,CHI,0,0,0,0,0,0,0,0,0,0,0,2,0,0,0,0,0,0,0,0,0,0,,,,,
Khalil Herbert,RB,CHI,17,ATL,0,0,0,0,0,124,1,18,2,5,0,3,0,0,0,0,0,0,0,0,0,0,,,,,
Khalil Shakir,WR,BUF,17,NE,0,0,0,0,0,10,0,1,4,39,0,4,0,0,0,0,0,0,0,0,0,0,,,,,
Kyle Allen,QB,BUF,17,NE,0,0,0,0,0,-2,0,2,0,0,0,0,0,0,0,0,0,0,0,0,0,0,,,,,
Kyle Juszczyk,RB,SF,17,WAS,0,0,0,0,0,0,0,0,3,23,0,3,0,0,0,0,0,0,0,0,0,0,,,,,
Kyle Pitts,TE,ATL,17,CHI,0,0,0,0,0,0,0,0,1,5,0,5,0,0,0,0,0,0,0,0,0,0,,,,,
Kylen Granson,TE,IND,17,LV,0,0,0,0,0,0,0,0,1,13,0,3,0,0,0,0,0,0,0,0,0,0,,,,,
Kyler Murray,QB,ARI,17,PHI,232,3,31,25,1,24,0,5,0,0,0,0,0,0,1,0,0,0,0,0,0,0,,,,,
Kyren Williams,RB,LA,17,NYG,0,0,0,0,0,87,3,20,2,14,0,2,0,0,0,0,0,0,0,0,0,0,,,,,
LA,DEF,LA,17,NYG,,,,,,,,,,,,,,,,,,,,,,,0,0,0,0,25.0
LAC,DEF,LAC,17,DEN,,,,,,,,,,,,,,,,,,,,,,,0,0,0,0,16.0
LV,DEF,LV,17,IND,,,,,,,,,,,,,,,,,,,,,,,0,0,0,0,23.0
Lamar Jackson,QB,BAL,17,MIA,321,5,21,18,0,35,0,6,0,0,0,0,0,0,0,0,0,0,0,0,0,0,,,,,
Latavius Murray,RB,BUF,17,NE,0,0,0,0,0,0,0,1,0,0,0,1,0,0,0,0,0,0,0,0,0,0,,,,,
Lil'Jordan Humphrey,WR,DEN,17,LAC,0,0,0,0,0,0,0,0,2,69,1,4,0,0,0,0,0,0,0,0,0,0,,,,,
Logan Thomas,TE,WAS,17,SF,0,0,0,0,0,0,0,0,3,20,0,4,0,0,0,0,0,0,0,0,0,0,,,,,
Lucas Havrisik,K,LA,17,NYG,0,0,0,0,0,0,0,0,0,0,0,0,0,0,0,0,0,0,0,0,0,2,,,,,
Lucas Krull,TE,DEN,17,LAC,0,0,0,0,0,0,0,0,2,14,0,2,0,0,0,0,0,0,0,0,0,0,,,,,
Luke Farrell,TE,JAX,17,CAR,0,0,0,0,0,0,0,0,1,7,0,1,0,0,0,0,0,0,0,0,0,0,,,,,
Lynn Bowden,WR,NO,17,TB,0,0,0,0,0,0,0,0,1,6,0,1,0,0,0,0,0,0,0,0,0,0,,,,,
MIA,DEF,MIA,17,BAL,,,,,,,,,,,,,,,,,,,,,,,0,0,0,0,56.0
MIN,DEF,MIN,17,GB,,,,,,,,,,,,,,,,,,,,,,,0,0,0,0,33.0
Mack Hollins,WR,ATL,17,CHI,0,0,0,0,0,0,0,0,0,0,0,0,0,0,0,0,0,0,0,0,0,0,,,,,
Malik Heath,WR,GB,17,MIN,0,0,0,0,0,0,0,0,1,13,0,2,0,0,0,0,0,0,0,0,0,0,,,,,
Marquez Valdes-Scantling,WR,KC,17,CIN,0,0,0,0,0,0,0,0,1,3,0,3,0,0,0,0,0,0,0,0,0,0,,,,,
Mason Crosby,K,NYG,17,LA,0,0,0,0,0,0,0,0,0,0,0,0,0,0,0,0,0,2,0,0,0,1,,,,,
Mason Kinsey,WR,TEN,17,HOU,0,0,0,0,0,0,0,0,0,0,0,0,0,0,0,0,0,0,0,0,0,0,,,,,
Mason Rudolph,QB,PIT,17,SEA,274,0,24,18,0,5,0,6,0,0,0,0,0,0,0,0,0,0,0,0,0,0,,,,,
Matt Barkley,QB,JAX,17,CAR,0,0,0,0,0,-3,0,3,0,0,0,0,0,0,0,0,0,0,0,0,0,0,,,,,
Matt Gay,K,IND,17,LV,0,0,0,0,0,0,0,0,0,0,0,0,0,0,0,0,0,2,1,0,0,2,,,,,
Matt Prater,K,ARI,17,PHI,0,0,0,0,0,0,0,0,0,0,0,0,0,0,0,0,1,1,0,0,0,3,,,,,
Matthew Slater,WR,NE,17,BUF,0,0,0,0,0,0,0,0,0,0,0,0,0,0,0,0,0,0,0,0,0,0,,,,,
Matthew Stafford,QB,LA,17,NYG,317,1,34,24,2,-1,0,1,0,0,0,0,0,0,0,0,0,0,0,0,0,0,,,,,
Melvin Gordon,RB,BAL,17,MIA,0,0,0,0,0,10,1,6,0,0,0,0,0,0,0,0,0,0,0,0,0,0,,,,,
Michael Bandy,WR,DEN,17,LAC,0,0,0,0,0,0,0,0,0,0,0,0,0,0,0,0,0,0,0,0,0,0,,,,,
Michael Carter,RB,ARI,17,PHI,0,0,0,0,0,61,0,7,1,6,1,1,0,0,0,0,0,0,0,0,0,0,,,,,
Michael Pittman,WR,IND,17,LV,0,0,0,0,0,0,0,0,5,46,0,7,0,0,0,0,0,0,0,0,0,0,,,,,
Michael Wilson,WR,ARI,17,PHI,0,0,0,0,0,0,0,0,4,35,1,6,0,0,1,0,0,0,0,0,0,0,,,,,
Mike Badgley,K,DET,17,DAL,0,0,0,0,0,0,0,0,0,0,0,0,0,0,0,0,0,1,1,0,0,1,,,,,
Mike Evans,WR,TB,17,NO,0,0,0,0,0,0,0,0,3,70,0,4,0,0,0,0,0,0,0,0,0,0,,,,,
Mike Gesicki,TE,NE,17,BUF,0,0,0,0,0,0,0,0,4,35,0,6,0,0,0,0,0,0,0,0,0,0,,,,,
Mike White,QB,MIA,17,BAL,0,0,0,0,0,0,0,1,0,0,0,0,0,0,0,0,0,0,0,0,0,0,,,,,
Miles Sanders,RB,CAR,17,JAX,0,0,0,0,0,10,0,2,2,12,0,2,0,0,0,0,0,0,0,0,0,0,,,,,
Mitchell Wilcox,TE,CIN,17,KC,0,0,0,0,0,0,0,0,0,0,0,1,0,0,0,0,0,0,0,0,0,0,,,,,
Mo Alie-Cox,TE,IND,17,LV,0,0,0,0,0,0,0,0,2,18,0,3,0,0,0,0,0,0,0,0,0,0,,,,,
MyCole Pruitt,TE,ATL,17,CHI,0,0,0,0,0,0,0,0,1,14,0,1,0,0,0,0,0,0,0,0,0,0,,,,,
NE,DEF,NE,17,BUF,,,,,,,,,,,,,,,,,,,,,,,0,0,0,0,27.0
NO,DEF,NO,17,TB,,,,,,,,,,,,,,,,,,,,,,,0,0,0,0,13.0
NYG,DEF,NYG,17,LA,,,,,,,,,,,,,,,,,,,,,,,0,0,0,0,26.0
NYJ,DEF,NYJ,17,CLE,,,,,,,,,,,,,,,,,,,,,,,1,0,0,0,37.0
Najee Harris,RB,PIT,17,SEA,0,0,0,0,0,122,2,27,0,0,0,0,0,0,0,0,0,0,0,0,0,0,,,,,
Nelson Agholor,WR,BAL,17,MIA,0,0,0,0,0,0,0,0,2,18,0,2,0,0,0,0,0,0,0,0,0,0,,,,,
Nick Bawden,RB,NYJ,17,CLE,0,0,0,0,0,0,0,0,1,8,0,1,0,0,0,0,0,0,0,0,0,0,,,,,
Nick Folk,K,TEN,17,HOU,0,0,0,0,0,0,0,0,0,0,0,0,0,0,0,0,0,0,0,1,0,0,,,,,
Nick Mullens,QB,MIN,17,GB,113,1,22,13,0,6,0,1,0,0,0,0,0,0,0,0,0,0,0,0,0,0,,,,,
Nico Collins,WR,HOU,17,TEN,0,0,0,0,0,7,0,1,7,80,0,8,0,0,0,0,0,0,0,0,0,0,,,,,
Noah Brown,WR,HOU,17,TEN,0,0,0,0,0,0,0,0,1,8,0,2,0,0,0,0,0,0,0,0,0,0,,,,,
Noah Fant,TE,SEA,17,PIT,0,0,0,0,0,0,0,0,5,59,0,6,0,0,0,0,0,0,0,0,0,0,,,,,
Noah Gray,TE,KC,17,CIN,0,0,0,0,0,0,0,0,3,17,0,4,0,0,0,0,0,0,0,0,0,0,,,,,
Odell Beckham Jr.,WR,BAL,17,MIA,0,0,0,0,0,0,0,0,1,33,0,1,0,0,0,0,0,0,0,0,0,0,,,,,
PHI,DEF,PHI,17,ARI,,,,,,,,,,,,,,,,,,,,,,,1,0,0,0,35.0
PIT,DEF,PIT,17,SEA,,,,,,,,,,,,,,,,,,,,,,,0,0,0,0,23.0
Parker Washington,WR,JAX,17,CAR,0,0,0,0,0,0,0,0,1,2,0,1,0,0,0,0,0,0,0,0,0,0,,,,,
Pat Freiermuth,TE,PIT,17,SEA,0,0,0,0,0,0,0,0,3,44,0,4,0,0,0,0,0,0,0,0,0,0,,,,,
Patrick Mahomes,QB,KC,17,CIN,245,1,29,21,0,2,0,4,0,0,0,0,0,0,0,0,0,0,0,0,0,0,,,,,
Patrick Ricard,RB,BAL,17,MIA,0,0,0,0,0,0,0,0,1,4,1,1,0,0,0,0,0,0,0,0,0,0,,,,,
Patrick Taylor,RB,GB,17,MIN,0,0,0,0,0,30,0,8,0,0,0,0,0,0,0,0,0,0,0,0,0,0,,,,,
Peyton Hendershot,TE,DAL,17,DET,0,0,0,0,0,0,0,0,1,6,0,1,0,0,0,0,0,0,0,0,0,0,,,,,
Pharaoh Brown,TE,NE,17,BUF,0,0,0,0,0,0,0,0,1,5,0,1,0,0,0,0,0,0,0,0,0,0,,,,,
Phillip Dorsett,WR,DEN,17,LAC,0,0,0,0,0,0,0,0,0,0,0,2,0,0,0,0,0,0,0,0,0,0,,,,,
Pierre Strong,RB,CLE,17,NYJ,0,0,0,0,0,29,0,4,0,0,0,0,0,0,0,0,0,0,0,0,0,0,,,,,
Puka Nacua,WR,LA,17,NYG,0,0,0,0,0,19,0,2,5,118,0,8,0,0,0,0,0,0,0,0,0,0,,,,,
Quentin Johnston,WR,LAC,17,DEN,0,0,0,0,0,0,0,0,3,29,0,6,0,0,0,0,0,0,0,0,0,0,,,,,
Rachaad White,RB,TB,17,NO,0,0,0,0,0,42,0,11,4,24,0,4,0,0,0,0,0,0,0,0,0,0,,,,,
Rashee Rice,WR,KC,17,CIN,0,0,0,0,0,0,0,0,5,127,0,6,0,0,0,0,0,0,0,0,0,0,,,,,
Rashid Shaheed,WR,NO,17,TB,0,0,0,0,0,0,0,0,2,14,0,3,0,0,0,0,0,0,0,0,0,0,,,,,
Rashod Bateman,WR,BAL,17,MIA,0,0,0,0,0,0,0,0,4,54,0,6,0,0,0,0,0,0,0,0,0,0,,,,,
Reggie Gilliam,RB,BUF,17,NE,0,0,0,0,0,0,0,0,0,0,0,0,0,0,0,0,0,0,0,0,0,0,,,,,
Richie James,WR,KC,17,CIN,0,0,0,0,0,0,0,0,1,6,0,1,0,0,0,0,0,0,0,0,0,0,,,,,
Riley Patterson,K,CLE,17,NYJ,0,0,0,0,0,0,0,0,0,0,0,0,0,0,0,0,0,1,0,0,0,4,,,,,
River Cracraft,WR,MIA,17,BAL,0,0,0,0,0,0,0,0,0,0,0,1,0,0,0,0,0,0,0,0,0,0,,,,,
Robbie Chosen,WR,MIA,17,BAL,0,0,0,0,0,0,0,0,0,0,0,1,0,0,0,0,0,0,0,0,0,0,,,,,
Robert Tonyan,TE,CHI,17,ATL,0,0,0,0,0,0,0,0,3,40,0,4,0,0,0,0,0,0,0,0,0,0,,,,,
Robert Woods,WR,HOU,17,TEN,0,0,0,0,0,0,0,0,4,58,0,4,0,0,0,0,0,0,0,0,0,0,,,,,
Rod Williams,TE,PIT,17,SEA,0,0,0,0,0,0,0,0,0,0,0,0,0,0,0,0,0,0,0,0,0,0,,,,,
Romeo Doubs,WR,GB,17,MIN,0,0,0,0,0,0,0,0,3,28,0,6,0,0,0,0,0,0,0,0,0,0,,,,,
Rondale Moore,WR,ARI,17,PHI,0,0,0,0,0,8,0,2,3,26,0,4,0,0,0,0,0,0,0,0,0,0,,,,,
Ronnie Bell,WR,SF,17,WAS,0,0,0,0,0,0,0,0,0,0,0,1,0,0,0,0,0,0,0,0,0,0,,,,,
Ronnie Rivers,RB,LA,17,NYG,0,0,0,0,0,0,0,0,1,4,0,1,0,0,0,0,0,0,0,0,0,0,,,,,
Roschon Johnson,RB,CHI,17,ATL,0,0,0,0,0,21,1,7,3,38,0,3,0,0,0,0,0,0,0,0,0,0,,,,,
Ryan Tannehill,QB,TEN,17,HOU,168,0,20,16,0,0,0,0,0,0,0,0,0,0,0,0,0,0,0,0,0,0,,,,,
SEA,DEF,SEA,17,PIT,,,,,,,,,,,,,,,,,,,,,,,0,0,0,0,30.0
SF,DEF,SF,17,WAS,,,,,,,,,,,,,,,,,,,,,,,0,0,0,0,10.0
Sam Darnold,QB,SF,17,WAS,0,0,0,0,0,-2,0,2,0,0,0,0,0,0,0,0,0,0,0,0,0,0,,,,,
Sam Howell,QB,WAS,17,SF,169,1,28,17,2,-1,0,1,0,0,0,0,0,0,0,0,0,0,0,0,0,0,,,,,
Sam LaPorta,TE,DET,17,DAL,0,0,0,0,0,0,0,0,7,84,0,12,0,0,0,0,0,0,0,0,0,0,,,,,
Samaje Perine,RB,DEN,17,LAC,0,0,0,0,0,10,0,4,2,16,0,2,0,0,0,0,0,0,0,0,0,0,,,,,
Samori Toure,WR,GB,17,MIN,0,0,0,0,0,0,0,0,1,-6,0,1,0,0,0,0,0,0,0,0,0,0,,,,,
Saquon Barkley,RB,NYG,17,LA,0,0,0,0,0,39,0,12,3,19,0,6,0,0,0,0,0,0,0,0,0,0,,,,,
Sean Clifford,QB,GB,17,MIN,37,0,1,1,0,-2,0,2,0,0,0,0,0,0,0,0,0,0,0,0,0,0,,,,,
Stefon Diggs,WR,BUF,17,NE,0,0,0,0,0,5,0,1,4,26,0,7,0,0,0,0,0,0,0,0,0,0,,,,,
Stephen Sullivan,TE,CAR,17,JAX,0,0,0,0,0,0,0,0,0,0,0,2,0,0,0,0,0,0,0,0,0,0,,,,,
Sterling Shepard,WR,NYG,17,LA,0,0,0,0,0,0,0,0,0,0,0,1,0,0,0,0,0,0,0,0,0,0,,,,,
Stone Smartt,TE,LAC,17,DEN,0,0,0,0,0,0,0,0,2,23,0,2,0,0,0,0,0,0,0,0,0,0,,,,,
TB,DEF,TB,17,NO,,,,,,,,,,,,,,,,,,,,,,,0,0,0,0,23.0
TEN,DEF,TEN,17,HOU,,,,,,,,,,,,,,,,,,,,,,,0,0,0,0,26.0
Tank Bigsby,RB,JAX,17,CAR,0,0,0,0,0,32,0,10,0,0,0,0,0,0,0,0,0,0,0,0,0,0,,,,,
Tanner Hudson,TE,CIN,17,KC,0,0,0,0,0,0,0,0,3,38,0,7,0,0,0,0,0,0,0,0,0,0,,,,,
Taylor Heinicke,QB,ATL,17,CHI,163,1,29,10,3,46,1,4,0,0,0,0,0,0,0,0,0,0,0,0,0,0,,,,,
Taysom Hill,TE,NO,17,TB,11,0,2,1,0,1,0,2,2,30,1,2,0,0,0,0,0,0,0,0,0,0,,,,,
Tee Higgins,WR,CIN,17,KC,0,0,0,0,0,0,0,0,1,19,0,2,0,0,0,0,0,0,0,0,0,0,,,,,
Terry McLaurin,WR,WAS,17,SF,0,0,0,0,0,0,0,0,4,61,1,7,0,0,0,0,0,0,0,0,0,0,,,,,
Tim Jones,WR,JAX,17,CAR,0,0,0,0,0,0,0,0,0,0,0,1,0,0,0,0,0,0,0,0,0,0,,,,,
Tommy Tremble,TE,CAR,17,JAX,0,0,0,0,0,0,0,0,1,6,0,3,0,0,0,0,0,0,0,0,0,0,,,,,
Tony Pollard,RB,DAL,17,DET,0,0,0,0,0,49,0,16,1,0,0,3,0,0,0,0,0,0,0,0,0,0,,,,,
Travis Etienne,RB,JAX,17,CAR,0,0,0,0,0,102,2,16,2,16,0,2,0,0,0,0,0,0,0,0,0,0,,,,,
Travis Kelce,TE,KC,17,CIN,0,0,0,0,0,0,0,0,3,16,0,4,0,0,0,0,0,0,0,0,0,0,,,,,
Trayveon Williams,RB,CIN,17,KC,0,0,0,0,0,2,0,1,0,0,0,0,0,0,0,0,0,0,0,0,0,0,,,,,
Tre Tucker,WR,LV,17,IND,0,0,0,0,0,0,0,0,2,36,0,5,0,0,0,0,0,0,0,0,0,0,,,,,
Trent Sherfield,WR,BUF,17,NE,0,0,0,0,0,0,0,0,0,0,0,3,0,0,0,0,0,0,0,0,0,0,,,,,
Trent Taylor,WR,CHI,17,ATL,0,0,0,0,0,0,0,0,0,0,0,0,0,0,0,0,0,0,0,0,0,0,,,,,
Trenton Irwin,WR,CIN,17,KC,0,0,0,0,0,0,0,0,1,4,0,2,0,0,0,0,0,0,0,0,0,0,,,,,
Trevor Siemian,QB,NYJ,17,CLE,261,1,45,32,1,13,0,4,0,0,0,0,0,0,0,0,0,0,0,0,0,0,,,,,
Trey McBride,TE,ARI,17,PHI,0,0,0,0,0,0,0,0,6,48,0,7,0,0,0,0,0,0,0,0,0,0,,,,,
Trey Palmer,WR,TB,17,NO,0,0,0,0,0,0,0,0,4,84,1,5,0,0,0,0,0,0,0,0,0,0,,,,,
Trey Sermon,RB,IND,17,LV,0,0,0,0,0,32,0,5,2,9,0,2,0,0,0,0,0,0,0,0,0,0,,,,,
Treylon Burks,WR,TEN,17,HOU,0,0,0,0,0,0,0,0,2,11,0,3,0,0,0,0,0,0,0,0,0,0,,,,,
Tua Tagovailoa,QB,MIA,17,BAL,237,2,38,22,2,14,0,2,0,0,0,0,0,0,0,0,0,0,0,0,0,0,,,,,
Tucker Fisk,TE,ATL,17,CHI,0,0,0,0,0,0,0,0,0,0,0,0,0,0,0,0,0,0,0,0,0,0,,,,,
Tucker Kraft,TE,GB,17,MIN,0,0,0,0,0,0,0,0,6,48,0,6,0,0,0,0,0,0,0,0,0,0,,,,,
Ty Chandler,RB,MIN,17,GB,0,0,0,0,0,40,0,10,3,24,0,3,0,0,0,0,0,0,0,0,0,0,,,,,
Ty Johnson,RB,BUF,17,NE,0,0,0,0,0,22,0,5,0,0,0,0,0,0,0,0,0,0,0,0,0,0,,,,,
Tyjae Spears,RB,TEN,17,HOU,0,0,0,0,0,0,0,6,4,29,0,6,0,0,0,0,0,0,0,0,0,0,,,,,
Tylan Wallace,WR,BAL,17,MIA,0,0,0,0,0,0,0,0,0,0,0,0,0,0,0,0,0,0,0,0,0,0,,,,,
Tyler Allgeier,RB,ATL,17,CHI,0,0,0,0,0,13,0,5,1,75,1,1,0,0,0,0,0,0,0,0,0,0,,,,,
Tyler Bass,K,BUF,17,NE,0,0,0,0,0,0,0,0,0,0,0,0,0,0,0,0,1,1,0,0,0,3,,,,,
Tyler Boyd,WR,CIN,17,KC,0,0,0,0,0,0,0,0,2,29,0,2,0,0,0,0,0,0,0,0,0,0,,,,,
Tyler Conklin,TE,NYJ,17,CLE,0,0,0,0,0,0,0,0,5,45,0,5,0,0,0,0,0,0,0,0,0,0,,,,,
Tyler Goodson,RB,IND,17,LV,0,0,0,0,0,3,0,1,0,0,0,0,0,0,0,0,0,0,0,0,0,0,,,,,
Tyler Higbee,TE,LA,17,NYG,0,0,0,0,0,0,0,0,6,62,0,7,0,0,0,0,0,0,0,0,0,0,,,,,
Tyler Huntley,QB,BAL,17,MIA,19,1,1,1,0,-1,0,1,0,0,0,0,0,0,0,0,0,0,0,0,0,0,,,,,
Tyler Lockett,WR,SEA,17,PIT,0,0,0,0,0,0,0,0,1,10,0,5,0,0,0,0,0,0,0,0,0,0,,,,,
Tyler Scott,WR,CHI,17,ATL,0,0,0,0,0,0,0,0,2,15,0,5,0,0,0,0,0,0,0,0,0,0,,,,,
Tyquan Thornton,WR,NE,17,BUF,0,0,0,0,0,0,0,0,3,24,0,3,0,0,0,0,0,0,0,0,0,0,,,,,
Tyreek Hill,WR,MIA,17,BAL,0,0,0,0,0,0,0,1,6,76,0,12,0,0,0,0,0,0,0,0,0,0,,,,,
Tyrod Taylor,QB,NYG,17,LA,319,1,41,27,1,40,0,6,0,0,0,0,0,0,0,0,0,0,0,0,0,0,,,,,
Van Jefferson,WR,ATL,17,CHI,0,0,0,0,0,0,0,0,3,19,0,5,0,0,0,0,0,0,0,0,0,0,,,,,
Velus Jones Jr.,WR,CHI,17,ATL,0,0,0,0,0,2,0,1,0,0,0,0,0,0,0,0,0,0,0,0,0,0,,,,,
WAS,DEF,WAS,17,SF,,,,,,,,,,,,,,,,,,,,,,,0,0,0,0,27.0
Wan'Dale Robinson,WR,NYG,17,LA,0,0,0,0,0,24,1,1,6,55,0,9,0,0,0,0,0,0,0,0,0,0,,,,,
Wil Lutz,K,DEN,17,LAC,0,0,0,0,0,0,0,0,0,0,0,0,0,0,0,0,1,1,1,0,0,1,,,,,
Will Levis,QB,TEN,17,HOU,16,0,6,2,0,0,0,0,0,0,0,0,0,0,0,0,0,0,0,0,0,0,,,,,
Will Mallory,TE,IND,17,LV,0,0,0,0,0,0,0,0,1,19,0,1,0,0,0,0,0,0,0,0,0,0,,,,,
Xavier Gipson,WR,NYJ,17,CLE,0,0,0,0,0,8,0,1,4,33,0,7,0,0,0,0,0,0,0,0,0,0,,,,,
Xavier Hutchinson,WR,HOU,17,TEN,0,0,0,0,0,0,0,0,2,8,0,3,0,0,0,0,0,0,0,0,0,0,,,,,
Younghoe Koo,K,ATL,17,CHI,0,0,0,0,0,0,0,0,0,0,0,0,0,0,0,0,0,1,0,0,0,2,,,,,
Zach Charbonnet,RB,SEA,17,PIT,0,0,0,0,0,2,0,2,5,39,0,5,0,0,0,0,0,0,0,0,0,0,,,,,
Zamir White,RB,LV,17,IND,0,0,0,0,0,71,0,20,5,35,0,6,0,0,0,0,0,0,0,0,0,0,,,,,
Zay Flowers,WR,BAL,17,MIA,0,0,0,0,0,0,0,0,3,106,1,3,0,0,0,0,0,0,0,0,0,0,,,,,
A.J. Brown,WR,PHI,18,NYG,0,0,0,0,0,0,0,0,1,9,0,1,0,0,0,0,0,0,0,0,0,0,,,,,
A.T. Perry,WR,NO,18,ATL,0,0,0,0,0,0,0,0,3,53,2,3,0,0,0,0,0,0,0,0,0,0,,,,,
AJ McCarron,QB,CIN,18,CLE,20,0,4,3,0,0,0,0,0,0,0,0,0,0,0,0,0,0,0,0,0,0,,,,,
ARI,DEF,ARI,18,SEA,,,,,,,,,,,,,,,,,,,,,,,0,0,0,0,21.0
ATL,DEF,ATL,18,NO,,,,,,,,,,,,,,,,,,,,,,,0,0,0,0,48.0
Aaron Jones,RB,GB,18,CHI,0,0,0,0,0,111,0,22,5,30,0,5,0,0,0,0,0,0,0,0,0,0,,,,,
Adam Thielen,WR,CAR,18,TB,0,0,0,0,0,0,0,0,2,12,0,3,0,0,0,0,0,0,0,0,0,0,,,,,
Adam Trautman,TE,DEN,18,LV,0,0,0,0,0,0,0,0,1,21,0,1,0,0,0,0,0,0,0,0,0,0,,,,,
Aidan O'Connell,QB,LV,18,DEN,244,2,31,20,0,1,0,4,0,0,0,0,0,0,0,0,0,0,0,0,0,0,,,,,
Alec Pierce,WR,IND,18,HOU,0,0,0,0,0,0,0,0,0,0,0,4,0,0,0,0,0,0,0,0,0,0,,,,,
Alex Armah,RB,WAS,18,DAL,0,0,0,0,0,0,0,0,1,10,0,1,0,0,0,0,0,0,0,0,0,0,,,,,
Alex Erickson,WR,LAC,18,KC,0,0,0,0,0,0,0,0,2,29,0,5,0,0,0,0,0,0,0,0,0,0,,,,,
Alexander Mattison,RB,MIN,18,DET,0,0,0,0,0,24,0,7,1,5,0,1,0,0,0,0,0,0,0,0,0,0,,,,,
Allen Robinson,WR,PIT,18,BAL,0,0,0,0,0,0,0,0,0,0,0,1,0,0,0,0,0,0,0,0,0,0,,,,,
Ameer Abdullah,RB,LV,18,DEN,0,0,0,0,0,0,0,0,1,7,0,1,0,0,0,0,0,0,0,0,0,0,,,,,
Amon-Ra St. Brown,WR,DET,18,MIN,0,0,0,0,0,0,0,0,7,144,1,10,0,0,0,0,0,0,0,0,0,0,,,,,
Anders Carlson,K,GB,18,CHI,0,0,0,0,0,0,0,0,0,0,0,0,0,0,0,0,1,0,0,0,0,2,,,,,
Andrei Iosivas,WR,CIN,18,CLE,0,0,0,0,0,0,0,0,5,36,2,7,0,0,0,0,0,0,0,0,0,0,,,,,
Antonio Gibson,RB,WAS,18,DAL,0,0,0,0,0,8,0,2,3,28,0,4,0,0,0,0,0,0,0,0,0,0,,,,,
Austin Ekeler,RB,LAC,18,KC,0,0,0,0,0,11,0,10,7,38,0,8,0,0,0,0,0,0,0,0,0,0,,,,,
Austin Hooper,TE,LV,18,DEN,0,0,0,0,0,0,0,0,4,39,0,5,0,0,0,0,0,0,0,0,0,0,,,,,
Austin Trammell,WR,LA,18,SF,0,0,0,0,0,0,0,0,0,0,0,0,0,0,0,0,0,0,0,0,0,0,,,,,
BAL,DEF,BAL,18,PIT,,,,,,,,,,,,,,,,,,,,,,,0,0,0,0,17.0
BUF,DEF,BUF,18,MIA,,,,,,,,,,,,,,,,,,,,,,,0,0,0,0,14.0
Bailey Zappe,QB,NE,18,NYJ,88,0,30,12,2,13,0,3,0,0,0,0,0,0,0,0,0,0,0,0,0,0,,,,,
Baker Mayfield,QB,TB,18,CAR,137,0,32,20,0,7,0,5,0,0,0,0,0,0,0,0,0,0,0,0,0,0,,,,,
Ben Skowronek,WR,LA,18,SF,0,0,0,0,0,0,0,0,2,22,0,2,0,0,0,0,0,0,0,0,0,0,,,,,
Ben VanSumeren,RB,PHI,18,NYG,0,0,0,0,0,0,0,0,0,0,0,0,0,0,0,0,0,0,0,0,0,0,,,,,
Bijan Robinson,RB,ATL,18,NO,0,0,0,0,0,28,0,11,7,103,1,8,0,0,0,0,0,0,0,0,0,0,,,,,
Blaine Gabbert,QB,KC,18,LAC,154,0,30,15,1,46,0,5,0,0,0,0,0,0,0,0,0,0,0,0,0,0,,,,,
Blake Bell,TE,KC,18,LAC,0,0,0,0,0,0,0,0,1,3,0,2,0,0,0,0,0,0,0,0,0,0,,,,,
Blake Grupe,K,NO,18,ATL,0,0,0,0,0,0,0,0,0,0,0,0,0,0,0,0,2,0,0,0,0,6,,,,,
Boston Scott,RB,PHI,18,NYG,0,0,0,0,0,5,0,3,0,0,0,1,0,0,0,0,0,0,0,0,0,0,,,,,
Brandin Cooks,WR,DAL,18,WAS,0,0,0,0,0,3,0,1,6,39,1,8,0,0,0,0,0,0,0,0,0,0,,,,,
Brandon Aiyuk,WR,SF,18,LA,0,0,0,0,0,0,0,0,3,25,0,4,0,0,0,0,0,0,0,0,0,0,,,,,
Brandon Aubrey,K,DAL,18,WAS,0,0,0,0,0,0,0,0,0,0,0,0,0,0,0,0,0,0,0,1,0,5,,,,,
Brandon Johnson,WR,DEN,18,LV,0,0,0,0,0,0,0,0,4,88,0,5,0,0,0,0,0,0,0,0,0,0,,,,,
Brandon McManus,K,JAX,18,TEN,0,0,0,0,0,0,0,0,0,0,0,0,0,0,0,0,0,1,1,0,0,2,,,,,
Brandon Powell,WR,MIN,18,DET,0,0,0,0,0,0,0,0,1,2,0,3,0,0,0,0,0,0,0,0,0,0,,,,,
Braxton Berrios,WR,MIA,18,BUF,0,0,0,0,0,0,0,0,2,9,0,2,0,0,0,0,0,0,0,0,0,0,,,,,
Breece Hall,RB,NYJ,18,NE,0,0,0,0,0,178,1,37,2,12,0,2,0,0,1,0,0,0,0,0,0,0,,,,,
Brenton Strange,TE,JAX,18,TEN,0,0,0,0,0,0,0,0,0,0,0,0,0,0,0,0,0,0,0,0,0,0,,,,,
Brett Maher,K,LA,18,SF,0,0,0,0,0,0,0,0,0,0,0,0,0,0,0,0,0,0,0,0,0,1,,,,,
Brian Robinson,RB,WAS,18,DAL,0,0,0,0,0,25,0,9,3,10,1,3,0,0,0,0,0,0,0,0,0,0,,,,,
Britain Covey,WR,PHI,18,NYG,0,0,0,0,0,0,0,0,3,35,0,5,0,0,0,0,0,0,0,0,0,0,,,,,
Bryce Young,QB,CAR,18,TB,94,0,18,11,0,24,0,2,0,0,0,0,0,0,0,0,0,0,0,0,0,0,,,,,
Brycen Hopkins,TE,LA,18,SF,0,0,0,0,0,0,0,0,2,47,0,3,0,0,0,0,0,0,0,0,0,0,,,,,
Byron Pringle,WR,WAS,18,DAL,0,0,0,0,0,0,0,0,0,0,0,0,0,0,0,0,0,0,0,0,0,0,,,,,
C.J. Stroud,QB,HOU,18,IND,264,2,26,20,0,20,0,3,0,0,0,0,0,0,0,0,0,0,0,0,0,0,,,,,
CAR,DEF,CAR,18,TB,,,,,,,,,,,,,,,,,,,,,,,0,0,0,0,9.0
CHI,DEF,CHI,18,GB,,,,,,,,,,,,,,,,,,,,,,,0,0,0,0,17.0
CIN,DEF,CIN,18,CLE,,,,,,,,,,,,,,,,,,,,,,,0,0,0,0,14.0
CLE,DEF,CLE,18,CIN,,,,,,,,,,,,,,,,,,,,,,,0,0,0,0,31.0
Cade Otton,TE,TB,18,CAR,0,0,0,0,0,0,0,0,2,30,0,3,0,0,0,0,0,0,0,0,0,0,,,,,
Cairo Santos,K,CHI,18,GB,0,0,0,0,0,0,0,0,0,0,0,0,0,0,0,0,0,2,0,1,0,0,,,,,
Calvin Austin III,WR,PIT,18,BAL,0,0,0,0,0,8,0,1,0,0,0,0,0,0,0,0,0,0,0,0,0,0,,,,,
Calvin Ridley,WR,JAX,18,TEN,0,0,0,0,0,0,0,0,6,106,1,10,0,0,0,0,0,0,0,0,0,0,,,,,
Cameron Dicker,K,LAC,18,KC,0,0,0,0,0,0,0,0,0,0,0,0,0,0,0,0,1,0,3,0,0,0,,,,,
Carson Wentz,QB,LA,18,SF,163,2,24,17,1,56,1,17,0,0,0,0,0,0,1,0,0,0,0,0,0,0,,,,,
Cedric Tillman,WR,CLE,18,CIN,0,0,0,0,0,0,0,0,3,43,0,6,0,0,0,0,0,0,0,0,0,0,,,,,
Cedrick Wilson Jr.,WR,MIA,18,BUF,0,0,0,0,0,0,0,0,1,24,0,3,0,0,0,0,0,0,0,0,0,0,,,,,
CeeDee Lamb,WR,DAL,18,WAS,0,0,0,0,0,7,0,1,13,98,2,13,0,0,0,0,0,0,0,0,0,0,,,,,
Chad Ryland,K,NE,18,NYJ,0,0,0,0,0,0,0,0,0,0,0,0,0,0,0,0,0,1,0,0,0,0,,,,,
Charlie Jones,WR,CIN,18,CLE,0,0,0,0,0,13,0,2,3,49,0,3,0,0,0,0,0,0,0,0,0,0,,,,,
Charlie Kolar,TE,BAL,18,PIT,0,0,0,0,0,0,0,0,3,23,0,4,0,0,0,0,0,0,0,0,0,0,,,,,
Charlie Woerner,TE,SF,18,LA,0,0,0,0,0,0,0,0,1,20,0,1,0,0,0,0,0,0,0,0,0,0,,,,,
Chase Brown,RB,CIN,18,CLE,0,0,0,0,0,43,0,11,1,10,0,2,0,0,0,0,0,0,0,0,0,0,,,,,
Chase Claypool,WR,MIA,18,BUF,0,0,0,0,0,0,0,0,1,3,0,2,0,0,0,0,0,0,0,0,0,0,,,,,
Chase Edmonds,RB,TB,18,CAR,0,0,0,0,0,27,0,4,1,-3,0,1,0,0,0,0,0,0,0,0,0,0,,,,,
Chase McLaughlin,K,TB,18,CAR,0,0,0,0,0,0,0,0,0,0,0,0,0,0,0,0,0,2,0,1,0,0,,,,,
Chig Okonkwo,TE,TEN,18,JAX,0,0,0,0,0,0,0,0,2,36,0,3,0,0,0,0,0,0,0,0,0,0,,,,,
Chris Boswell,K,PIT,18,BAL,0,0,0,0,0,0,0,0,0,0,0,0,0,0,0,0,1,0,0,0,0,2,,,,,
Chris Conley,WR,SF,18,LA,0,0,0,0,0,0,0,0,3,69,0,6,0,0,0,0,0,0,0,0,0,0,,,,,
Chris Godwin Jr.,WR,TB,18,CAR,0,0,0,0,0,4,0,1,6,51,0,7,0,0,0,0,0,0,0,0,0,0,,,,,
Chris Moore,WR,TEN,18,JAX,0,0,0,0,0,0,0,0,3,30,0,4,0,0,0,0,0,0,0,0,0,0,,,,,
Chris Olave,WR,NO,18,ATL,0,0,0,0,0,0,0,0,3,56,1,3,0,0,0,0,0,0,0,0,0,0,,,,,
Chuba Hubbard,RB,CAR,18,TB,0,0,0,0,0,83,0,23,2,9,0,2,0,0,0,0,0,0,0,0,0,0,,,,,
Clayton Tune,QB,ARI,18,SEA,0,0,0,0,0,1,0,1,0,0,0,0,0,0,0,0,0,0,0,0,0,0,,,,,
Clyde Edwards-Helaire,RB,KC,18,LAC,0,0,0,0,0,1,0,2,1,9,0,2,0,0,0,0,0,0,0,0,0,0,,,,,
Colby Parkinson,TE,SEA,18,ARI,0,0,0,0,0,0,0,0,3,8,0,4,0,0,0,0,0,0,0,0,0,0,,,,,
Cole Kmet,TE,CHI,18,GB,0,0,0,0,0,0,0,0,3,41,0,4,0,0,0,0,0,0,0,0,0,0,,,,,
Cooper Rush,QB,DAL,18,WAS,30,0,4,3,0,0,0,0,0,0,0,0,0,0,0,0,0,0,0,0,0,0,,,,,
Cordarrelle Patterson,RB,ATL,18,NO,0,0,0,0,0,20,0,5,0,0,0,0,0,0,0,0,0,0,0,0,0,0,,,,,
Courtland Sutton,WR,DEN,18,LV,0,0,0,0,0,0,0,0,1,2,0,4,0,0,0,0,0,0,0,0,0,0,,,,,
Craig Reynolds,RB,DET,18,MIN,0,0,0,0,0,0,0,0,0,0,0,0,0,0,0,0,0,0,0,0,0,0,,,,,
Curtis Samuel,WR,WAS,18,DAL,0,0,0,0,0,15,0,1,2,15,0,4,0,0,0,0,0,0,0,0,0,0,,,,,
D'Ernest Johnson,RB,JAX,18,TEN,0,0,0,0,0,-1,0,1,0,0,0,0,0,0,0,0,0,0,0,0,0,0,,,,,
DAL,DEF,DAL,18,WAS,,,,,,,,,,,,,,,,,,,,,,,0,0,0,0,10.0
DEN,DEF,DEN,18,LV,,,,,,,,,,,,,,,,,,,,,,,0,0,0,0,27.0
DET,DEF,DET,18,MIN,,,,,,,,,,,,,,,,,,,,,,,0,0,0,0,20.0
DJ Chark,WR,CAR,18,TB,0,0,0,0,0,0,0,0,2,46,0,4,0,0,0,0,0,0,0,0,0,0,,,,,
DJ Moore,WR,CHI,18,GB,0,0,0,0,0,0,0,0,4,64,0,6,0,0,0,0,0,0,0,0,0,0,,,,,
DJ Turner,WR,LV,18,DEN,0,0,0,0,0,0,0,0,0,0,0,0,0,0,0,0,0,0,0,0,0,0,,,,,
DK Metcalf,WR,SEA,18,ARI,0,0,0,0,0,0,0,0,1,10,0,6,0,0,0,0,0,0,0,0,0,0,,,,,
Dak Prescott,QB,DAL,18,WAS,279,4,36,31,1,0,0,0,0,0,0,0,0,0,0,0,0,0,0,0,0,0,,,,,
Dallas Goedert,TE,PHI,18,NYG,0,0,0,0,0,0,0,0,1,4,0,3,0,0,0,0,0,0,0,0,0,0,,,,,
Dalton Kincaid,TE,BUF,18,MIA,0,0,0,0,0,0,0,0,7,84,0,8,0,0,0,0,0,0,0,0,0,0,,,,,
Dalton Schultz,TE,HOU,18,IND,0,0,0,0,0,0,0,0,5,42,0,7,0,0,0,0,0,0,0,0,0,0,,,,,
Dameon Pierce,RB,HOU,18,IND,0,0,0,0,0,0,0,0,0,0,0,0,0,0,0,0,0,0,0,0,0,0,,,,,
Daniel Carlson,K,LV,18,DEN,0,0,0,0,0,0,0,0,0,0,0,0,0,0,0,0,1,0,1,0,0,3,,,,,
Dare Ogunbowale,RB,HOU,18,IND,0,0,0,0,0,0,0,0,0,0,0,0,0,0,0,0,0,0,0,0,0,0,,,,,
Dareke Young,WR,SEA,18,ARI,0,0,0,0,0,0,0,0,0,0,0,0,0,0,0,0,0,0,0,0,0,0,,,,,
Darius Slayton,WR,NYG,18,PHI,0,0,0,0,0,0,0,0,5,62,1,7,0,0,0,0,0,0,0,0,0,0,,,,,
Darren Waller,TE,NYG,18,PHI,0,0,0,0,0,0,0,0,5,45,0,6,0,0,0,0,0,0,0,0,0,0,,,,,
Davante Adams,WR,LV,18,DEN,0,0,0,0,0,0,0,0,5,46,1,8,0,0,0,0,0,0,0,0,0,0,,,,,
David Bell,WR,CLE,18,CIN,0,0,0,0,0,0,0,0,4,68,2,4,0,0,0,0,0,0,0,0,0,0,,,,,
David Montgomery,RB,DET,18,MIN,0,0,0,0,0,40,1,10,0,0,0,0,0,0,0,0,0,0,0,0,0,0,,,,,
David Moore,WR,TB,18,CAR,0,0,0,0,0,0,0,0,1,8,0,1,0,0,0,0,0,0,0,0,0,0,,,,,
Davis Allen,TE,LA,18,SF,0,0,0,0,0,0,0,0,4,25,0,4,0,0,0,0,0,0,0,0,0,0,,,,,
Dawson Knox,TE,BUF,18,MIA,0,0,0,0,0,0,0,0,2,22,1,3,0,0,0,0,0,0,0,0,0,0,,,,,
De'Von Achane,RB,MIA,18,BUF,0,0,0,0,0,56,1,10,1,5,0,1,0,0,0,0,0,0,0,0,0,0,,,,,
DeAndre Carter,WR,LV,18,DEN,0,0,0,0,0,0,0,0,1,3,0,1,0,0,0,0,0,0,0,0,0,0,,,,,
DeAndre Hopkins,WR,TEN,18,JAX,0,0,1,0,0,0,0,0,7,46,1,10,0,0,0,0,0,0,0,0,0,0,,,,,
DeMario Douglas,WR,NE,18,NYJ,0,0,0,0,0,0,0,1,2,13,0,6,0,0,0,0,0,0,0,0,0,0,,,,,
DeVante Parker,WR,NE,18,NYJ,0,0,0,0,0,0,0,0,1,6,0,4,0,0,0,0,0,0,0,0,0,0,,,,,
DeeJay Dallas,RB,SEA,18,ARI,0,0,0,0,0,0,0,0,0,0,0,0,0,0,0,0,0,0,0,0,0,0,,,,,
Deebo Samuel Sr.,WR,SF,18,LA,0,0,0,0,0,11,0,1,2,21,0,2,0,0,0,0,0,0,0,0,0,0,,,,,
Deonte Harty,WR,BUF,18,MIA,0,0,0,0,0,0,0,0,1,12,0,1,1,0,0,0,0,0,0,0,0,0,,,,,
Derek Carr,QB,NO,18,ATL,264,4,28,22,0,6,0,1,0,0,0,0,0,0,0,0,0,0,0,0,0,0,,,,,
Derius Davis,WR,LAC,18,KC,0,0,0,0,0,17,0,3,1,18,0,1,0,0,0,0,0,0,0,0,0,0,,,,,
Derrick Gore,RB,WAS,18,DAL,0,0,0,0,0,3,0,1,0,0,0,0,0,0,0,0,0,0,0,0,0,0,,,,,
Derrick Henry,RB,TEN,18,JAX,0,0,0,0,0,153,1,19,0,0,0,0,0,0,0,0,0,0,0,0,0,0,,,,,
Desmond Ridder,QB,ATL,18,NO,291,2,30,22,1,0,0,2,0,0,0,0,0,0,0,0,0,0,0,0,0,0,,,,,
Deven Thompkins,WR,TB,18,CAR,0,0,0,0,0,0,0,0,1,1,0,1,0,0,0,0,0,0,0,0,0,0,,,,,
Devin Singletary,RB,HOU,18,IND,0,0,0,0,0,63,1,24,1,2,0,1,0,0,0,0,0,0,0,0,0,0,,,,,
Diontae Johnson,WR,PIT,18,BAL,0,0,0,0,0,0,0,0,4,89,1,5,0,0,0,0,0,0,0,0,0,0,,,,,
Donald Parham,TE,LAC,18,KC,0,0,0,0,0,0,0,0,5,83,0,6,0,0,0,0,0,0,0,0,0,0,,,,,
Donovan Peoples-Jones,WR,DET,18,MIN,0,0,0,0,0,0,0,0,2,25,0,2,0,0,0,0,0,0,0,0,0,0,,,,,
Dontayvion Wicks,WR,GB,18,CHI,0,0,0,0,0,0,0,0,6,61,2,7,0,0,0,0,0,0,0,0,0,0,,,,,
Drake London,WR,ATL,18,NO,0,0,0,0,0,0,0,0,4,41,0,9,0,0,0,0,0,0,0,0,0,0,,,,,
Drew Sample,TE,CIN,18,CLE,0,0,0,0,0,0,0,0,2,7,0,2,0,0,0,0,0,0,0,0,0,0,,,,,
Durham Smythe,TE,MIA,18,BUF,0,0,0,0,0,0,0,0,3,30,0,3,0,0,0,0,0,0,0,0,0,0,,,,,
Dyami Brown,WR,WAS,18,DAL,4,0,1,1,0,0,0,0,0,0,0,0,0,0,0,0,0,0,0,0,0,0,,,,,
Easton Stick,QB,LAC,18,KC,258,0,47,28,0,77,0,13,0,0,0,0,0,0,0,0,0,0,0,0,0,0,,,,,
Elijah Cooks,WR,JAX,18,TEN,0,0,0,0,0,0,0,0,0,0,0,0,0,0,0,0,0,0,0,0,0,0,,,,,
Elijah Higgins,TE,ARI,18,SEA,0,0,0,0,0,0,0,0,2,32,0,2,0,0,0,0,0,0,0,0,0,0,,,,,
Elijah Mitchell,RB,SF,18,LA,0,0,0,0,0,52,1,14,2,15,0,2,0,0,0,0,0,0,0,0,0,0,,,,,
Equanimeous St. Brown,WR,CHI,18,GB,0,0,0,0,0,0,0,0,1,18,0,1,0,0,0,0,0,0,0,0,0,0,,,,,
Eric Gray,RB,NYG,18,PHI,0,0,0,0,0,19,0,3,1,9,0,1,0,0,0,0,0,0,0,0,0,0,,,,,
Eric Saubert,TE,HOU,18,IND,0,0,0,0,0,0,0,0,1,5,0,1,0,0,0,0,0,0,0,0,0,0,,,,,
Evan Engram,TE,JAX,18,TEN,0,0,0,0,0,0,0,0,10,79,1,13,0,0,0,0,0,0,0,0,0,0,,,,,
Evan McPherson,K,CIN,18,CLE,0,0,0,0,0,0,0,0,0,0,0,0,0,0,0,0,0,0,1,0,0,4,,,,,
Ezekiel Elliott,RB,NE,18,NYJ,0,0,0,0,0,54,0,13,5,27,0,7,0,0,0,0,0,0,0,0,0,0,,,,,
Foster Moreau,TE,NO,18,ATL,0,0,0,0,0,0,0,0,1,3,0,1,0,0,0,0,0,0,0,0,0,0,,,,,
GB,DEF,GB,18,CHI,,,,,,,,,,,,,,,,,,,,,,,0,0,0,0,9.0
Gabe Davis,WR,BUF,18,MIA,0,0,0,0,0,0,0,0,0,0,0,2,0,0,0,0,0,0,0,0,0,0,,,,,
Gardner Minshew,QB,IND,18,HOU,141,0,24,13,0,9,0,1,0,0,0,0,0,0,1,0,0,0,0,0,0,0,,,,,
Garrett Wilson,WR,NYJ,18,NE,0,0,0,0,0,0,0,0,2,34,0,5,0,0,0,0,0,0,0,0,0,0,,,,,
Geno Smith,QB,SEA,18,ARI,189,2,28,16,0,28,0,3,0,0,0,0,0,0,1,0,0,0,0,0,0,0,,,,,
George Pickens,WR,PIT,18,BAL,0,0,0,0,0,3,0,1,0,0,0,0,0,0,0,0,0,0,0,0,0,0,,,,,
Gerald Everett,TE,LAC,18,KC,0,0,0,0,0,0,0,0,1,4,0,1,0,0,0,0,0,0,0,0,0,0,,,,,
Grant Calcaterra,TE,PHI,18,NYG,0,0,0,0,0,0,0,0,2,18,0,2,0,0,0,0,0,0,0,0,0,0,,,,,
Greg Dortch,WR,ARI,18,SEA,0,0,0,0,0,0,0,0,2,14,0,4,0,0,0,0,0,0,0,0,0,0,,,,,
Greg Joseph,K,MIN,18,DET,0,0,0,0,0,0,0,0,0,0,0,0,0,0,0,0,0,1,1,0,0,2,,,,,
Greg Zuerlein,K,NYJ,18,NE,0,0,0,0,0,0,0,0,0,0,0,0,0,0,0,0,1,1,1,0,0,0,,,,,
Gunner Olszewski,WR,NYG,18,PHI,0,0,0,0,0,0,0,0,0,0,0,0,0,0,0,0,0,0,0,0,0,0,,,,,
Gus Edwards,RB,BAL,18,PIT,0,0,0,0,0,48,0,10,0,0,0,0,0,0,0,0,0,0,0,0,0,0,,,,,
HOU,DEF,HOU,18,IND,,,,,,,,,,,,,,,,,,,,,,,0,0,0,0,19.0
Harrison Butker,K,KC,18,LAC,0,0,0,0,0,0,0,0,0,0,0,0,0,0,0,0,1,0,1,0,0,1,,,,,
IND,DEF,IND,18,HOU,,,,,,,,,,,,,,,,,,,,,,,0,1,0,0,23.0
Ian Thomas,TE,CAR,18,TB,0,0,0,0,0,0,0,0,1,5,0,2,0,0,0,0,0,0,0,0,0,0,,,,,
Ihmir Smith-Marsette,WR,CAR,18,TB,0,0,0,0,0,0,0,0,1,6,0,2,0,0,0,0,0,0,0,0,0,0,,,,,
Irvin Charles,WR,NYJ,18,NE,0,0,0,0,0,0,0,0,0,0,0,1,0,0,0,0,0,0,0,0,0,0,,,,,
Isaiah Hodgins,WR,NYG,18,PHI,0,0,0,0,0,0,0,0,3,36,0,3,0,0,0,0,0,0,0,0,0,0,,,,,
Isaiah Likely,TE,BAL,18,PIT,0,0,0,0,0,0,0,0,2,31,1,2,0,0,0,0,0,0,0,0,0,0,,,,,
Israel Abanikanda,RB,NYJ,18,NE,0,0,0,0,0,6,0,3,0,0,0,0,0,0,0,0,0,0,0,0,0,0,,,,,
JAX,DEF,JAX,18,TEN,,,,,,,,,,,,,,,,,,,,,,,0,0,0,0,28.0
Ja'Marr Chase,WR,CIN,18,CLE,0,0,0,0,0,0,0,0,4,19,0,6,0,0,0,0,0,0,0,0,0,0,,,,,
Jack Stoll,TE,PHI,18,NYG,0,0,0,0,0,0,0,0,1,11,0,1,0,0,0,0,0,0,0,0,0,0,,,,,
Jahan Dotson,WR,WAS,18,DAL,0,0,0,0,0,0,0,0,2,17,0,3,0,0,0,0,0,0,0,0,0,0,,,,,
Jahmyr Gibbs,RB,DET,18,MIN,0,0,0,0,0,30,1,13,0,0,0,1,0,0,0,0,0,0,0,0,0,0,,,,,
Jake Bobo,WR,SEA,18,ARI,0,0,0,0,0,0,0,0,1,9,0,1,0,0,0,0,0,0,0,0,0,0,,,,,
Jake Browning,QB,CIN,18,CLE,156,3,24,18,1,18,0,2,0,0,0,0,0,0,0,0,0,0,0,0,0,0,,,,,
Jake Elliott,K,PHI,18,NYG,0,0,0,0,0,0,0,0,0,0,0,0,0,0,0,0,0,1,0,0,0,1,,,,,
Jake Ferguson,TE,DAL,18,WAS,0,0,0,0,0,0,0,0,6,69,0,6,0,0,0,0,0,0,0,0,0,0,,,,,
Jake Moody,K,SF,18,LA,0,0,0,0,0,0,0,0,0,0,0,0,0,0,0,0,0,0,0,0,0,2,,,,,
Jakob Johnson,RB,LV,18,DEN,0,0,0,0,0,0,0,0,0,0,0,0,0,0,0,0,0,0,0,0,0,0,,,,,
Jakobi Meyers,WR,LV,18,DEN,0,0,0,0,0,5,1,1,3,61,1,5,0,0,0,0,0,0,0,0,0,0,,,,,
Jaleel McLaughlin,RB,DEN,18,LV,0,0,0,0,0,6,0,4,0,0,0,0,0,0,0,0,0,0,0,0,0,0,,,,,
Jalen Brooks,WR,DAL,18,WAS,0,0,0,0,0,0,0,0,1,1,0,1,0,0,0,0,0,0,0,0,0,0,,,,,
Jalen Hurts,QB,PHI,18,NYG,55,0,16,7,1,4,0,2,0,0,0,0,0,0,0,0,0,0,0,0,0,0,,,,,
Jalen Reagor,WR,NE,18,NYJ,0,0,0,0,0,17,0,1,1,33,0,5,0,0,0,0,0,0,0,0,0,0,,,,,
Jalen Tolbert,WR,DAL,18,WAS,0,0,0,0,0,0,0,0,2,8,1,3,0,0,0,0,0,0,0,0,0,0,,,,,
Jalin Hyatt,WR,NYG,18,PHI,0,0,0,0,0,0,0,0,1,5,0,2,0,0,0,0,0,0,0,0,0,0,,,,,
Jamaal Williams,RB,NO,18,ATL,0,0,0,0,0,26,1,14,3,8,0,3,0,0,0,0,0,0,0,0,0,0,,,,,
James Conner,RB,ARI,18,SEA,0,0,0,0,0,150,1,27,4,54,0,4,0,0,0,0,0,0,0,0,0,0,,,,,
James Cook,RB,BUF,18,MIA,0,0,0,0,0,36,0,13,3,16,0,4,0,0,0,0,0,0,0,0,0,0,,,,,
James Mitchell,TE,DET,18,MIN,0,0,0,0,0,0,0,0,1,24,0,1,0,0,0,0,0,0,0,0,0,0,,,,,
James Proche,WR,CLE,18,CIN,0,0,0,0,0,0,0,0,0,0,0,4,0,0,0,0,0,0,0,0,0,0,,,,,
Jamison Crowder,WR,WAS,18,DAL,0,0,0,0,0,0,0,0,1,8,0,1,0,0,0,0,0,0,0,0,0,0,,,,,
Jared Goff,QB,DET,18,MIN,320,2,32,23,0,0,0,0,0,0,0,0,0,0,0,0,0,0,0,0,0,0,,,,,
Jarrett Stidham,QB,DEN,18,LV,272,1,34,20,1,2,0,3,0,0,0,0,0,0,0,0,0,0,0,0,0,0,,,,,
Jashaun Corbin,RB,NYG,18,PHI,0,0,0,0,0,0,0,0,0,0,0,0,0,0,0,0,0,0,0,0,0,0,,,,,
Jason Brownlee,WR,NYJ,18,NE,0,0,0,0,0,0,0,0,0,0,0,1,0,0,0,0,0,0,0,0,0,0,,,,,
Jason Myers,K,SEA,18,ARI,0,0,0,0,0,0,0,0,0,0,0,0,0,0,0,0,1,1,0,0,0,1,,,,,
Jason Sanders,K,MIA,18,BUF,0,0,0,0,0,0,0,0,0,0,0,0,0,0,0,0,0,0,0,0,0,2,,,,,
Javonte Williams,RB,DEN,18,LV,0,0,0,0,0,32,1,9,7,43,0,9,0,0,0,0,0,0,0,0,0,0,,,,,
Jaxon Smith-Njigba,WR,SEA,18,ARI,0,0,0,0,0,0,0,0,3,14,0,5,0,0,0,0,0,0,0,0,0,0,,,,,
Jayden Reed,WR,GB,18,CHI,0,0,0,0,0,0,0,0,4,112,0,4,0,0,0,0,0,0,0,0,0,0,,,,,
Jaylen Warren,RB,PIT,18,BAL,0,0,0,0,0,33,0,9,5,17,0,5,0,0,0,0,0,0,0,0,0,0,,,,,
Jeff Driskel,QB,CLE,18,CIN,166,2,26,13,2,33,0,7,0,0,0,0,0,0,0,0,0,0,0,0,0,0,,,,,
Jeff Wilson,RB,MIA,18,BUF,0,0,0,0,0,45,0,9,0,0,0,0,0,0,0,0,0,0,0,0,0,0,,,,,
Jeremy McNichols,RB,SF,18,LA,0,0,0,0,0,0,0,0,0,0,0,0,0,0,0,0,0,0,0,0,0,0,,,,,
Jerome Ford,RB,CLE,18,CIN,0,0,0,0,0,6,0,3,2,26,0,3,0,0,0,0,0,0,0,0,0,0,,,,,
Jerry Jeudy,WR,DEN,18,LV,0,0,0,0,0,0,0,0,3,79,1,6,0,0,0,0,0,0,0,0,0,0,,,,,
Jimmy Garoppolo,QB,LV,18,DEN,0,0,1,0,0,0,0,0,0,0,0,0,0,0,0,0,0,0,0,0,0,0,,,,,
Joe Mixon,RB,CIN,18,CLE,0,0,0,0,0,111,1,14,1,6,1,2,0,0,0,0,0,0,0,0,0,0,,,,,
Joey Slye,K,WAS,18,DAL,0,0,0,0,0,0,0,0,0,0,0,0,0,0,0,0,0,1,0,0,0,1,,,,,
John Bates,TE,WAS,18,DAL,0,0,0,0,0,0,0,0,0,0,0,1,0,0,0,0,0,0,0,0,0,0,,,,,
John FitzPatrick,TE,ATL,18,NO,0,0,0,0,0,0,0,0,1,12,0,1,0,0,0,0,0,0,0,0,0,0,,,,,
John Metchie III,WR,HOU,18,IND,0,0,0,0,0,0,0,0,1,5,0,2,0,0,0,0,0,0,0,0,0,0,,,,,
Johnny Mundt,TE,MIN,18,DET,0,0,0,0,0,0,0,0,5,58,0,6,0,0,0,0,0,0,0,0,0,0,,,,,
Jonathan Taylor,RB,IND,18,HOU,0,0,0,0,0,188,1,30,2,8,0,2,0,0,0,0,0,0,0,0,0,0,,,,,
Jonnu Smith,TE,ATL,18,NO,0,0,0,0,0,0,0,0,3,29,1,3,0,0,0,0,0,0,0,0,0,0,,,,,
Jordan Addison,WR,MIN,18,DET,0,0,0,0,0,0,0,0,4,57,1,8,0,0,0,0,0,0,0,0,0,0,,,,,
Jordan Akins,TE,CLE,18,CIN,0,0,0,0,0,0,0,0,3,24,0,6,0,0,0,0,0,0,0,0,0,0,,,,,
Jordan Love,QB,GB,18,CHI,316,2,32,27,0,-1,0,3,0,0,0,0,0,0,0,0,0,0,0,0,0,0,,,,,
Jordan Mason,RB,SF,18,LA,0,0,0,0,0,36,0,6,1,12,0,1,0,0,0,0,0,0,0,0,0,0,,,,,
Jordan Mims,RB,NO,18,ATL,0,0,0,0,0,0,0,0,0,0,0,2,0,0,0,0,0,0,0,0,0,0,,,,,
Josh Allen,QB,BUF,18,MIA,359,2,38,30,2,67,0,15,0,0,0,0,0,0,0,0,0,0,0,0,0,0,,,,,
Josh Downs,WR,IND,18,HOU,0,0,0,0,0,0,0,0,3,48,0,3,0,0,0,0,0,0,0,0,0,0,,,,,
Josh Oliver,TE,MIN,18,DET,0,0,0,0,0,0,0,0,2,31,0,3,0,0,0,0,0,0,0,0,0,0,,,,,
Josh Palmer,WR,LAC,18,KC,0,0,0,0,0,6,0,1,6,44,0,10,0,0,0,0,0,0,0,0,0,0,,,,,
Josh Reynolds,WR,DET,18,MIN,0,0,0,0,0,0,0,0,5,44,0,7,0,0,0,0,0,0,0,0,0,0,,,,,
Joshua Kelley,RB,LAC,18,KC,0,0,0,0,0,1,0,2,0,0,0,0,0,0,0,0,0,0,0,0,0,0,,,,,
Julian Hill,TE,MIA,18,BUF,0,0,0,0,0,0,0,0,1,2,0,2,0,0,0,0,0,0,0,0,0,0,,,,,
Julio Jones,WR,PHI,18,NYG,0,0,0,0,0,0,0,0,2,13,0,4,0,0,0,0,0,0,0,0,0,0,,,,,
Justice Hill,RB,BAL,18,PIT,0,0,0,0,0,0,0,0,3,26,0,10,0,0,0,0,0,0,0,0,0,0,,,,,
Justin Fields,QB,CHI,18,GB,148,0,16,11,0,27,0,8,0,0,0,0,0,0,0,0,0,0,0,0,0,0,,,,,
Justin Jefferson,WR,MIN,18,DET,0,0,0,0,0,-12,0,1,12,192,1,14,0,0,0,0,0,0,0,0,0,0,,,,,
Justin Tucker,K,BAL,18,PIT,0,0,0,0,0,0,0,0,0,0,0,0,0,0,0,0,0,1,0,0,0,1,,,,,
Justin Watson,WR,KC,18,LAC,0,0,0,0,0,0,0,0,0,0,0,1,0,0,0,0,0,0,0,0,0,0,,,,,
Justyn Ross,WR,KC,18,LAC,0,0,0,0,0,0,0,0,2,17,0,4,0,0,0,0,0,0,0,0,0,0,,,,,
Juwan Johnson,TE,NO,18,ATL,0,0,0,0,0,0,0,0,3,40,0,3,0,0,0,0,0,0,0,0,0,0,,,,,
K.J. Osborn,WR,MIN,18,DET,0,0,0,0,0,0,0,0,2,9,0,4,0,0,0,0,0,0,0,0,0,0,,,,,
KC,DEF,KC,18,LAC,,,,,,,,,,,,,,,,,,,,,,,0,0,0,0,12.0
Ka'imi Fairbairn,K,HOU,18,IND,0,0,0,0,0,0,0,0,0,0,0,0,0,0,0,0,0,0,0,1,0,2,,,,,
KaVontae Turpin,WR,DAL,18,WAS,0,0,0,0,0,5,0,1,0,0,0,0,0,0,0,0,0,0,0,0,0,0,,,,,
Kalif Raymond,WR,DET,18,MIN,0,0,0,0,0,0,0,0,2,50,0,2,0,0,0,0,0,0,0,0,0,0,,,,,
Kareem Hunt,RB,CLE,18,CIN,0,0,0,0,0,0,0,0,1,5,0,1,0,0,0,0,0,0,0,0,0,0,,,,,
Keelan Doss,WR,LAC,18,KC,0,0,0,0,0,0,0,0,1,8,0,5,0,0,0,0,0,0,0,0,0,0,,,,,
Kendre Miller,RB,NO,18,ATL,0,0,0,0,0,73,1,13,1,6,0,1,0,0,0,0,0,0,0,0,0,0,,,,,
Kene Nwangwu,RB,MIN,18,DET,0,0,0,0,0,0,0,0,0,0,0,0,0,0,0,0,0,0,0,0,0,0,,,,,
Kenneth Walker III,RB,SEA,18,ARI,0,0,0,0,0,78,0,17,1,3,0,1,0,0,0,0,0,0,0,0,0,0,,,,,
Kenny Gainwell,RB,PHI,18,NYG,0,0,0,0,0,62,0,7,0,0,0,1,0,0,0,0,0,0,0,0,0,0,,,,,
Kevin Harris,RB,NE,18,NYJ,0,0,0,0,0,4,0,3,1,4,0,1,0,0,0,0,0,0,0,0,0,0,,,,,
Kevin Rader,TE,TEN,18,JAX,0,0,0,0,0,0,0,0,0,0,0,2,0,0,0,0,0,0,0,0,0,0,,,,,
KhaDarel Hodge,WR,ATL,18,NO,0,0,0,0,0,0,0,0,0,0,0,1,0,0,0,0,0,0,0,0,0,0,,,,,
Khalil Herbert,RB,CHI,18,GB,0,0,0,0,0,28,0,12,2,13,0,2,0,0,0,0,0,0,0,0,0,0,,,,,
Khalil Shakir,WR,BUF,18,MIA,0,0,0,0,0,0,0,0,6,105,0,6,0,0,0,0,0,0,0,0,0,0,,,,,
Kyle Philips,WR,TEN,18,JAX,0,0,0,0,0,0,0,0,2,15,0,3,0,0,0,0,0,0,0,0,0,0,,,,,
Kyle Pitts,TE,ATL,18,NO,0,0,0,0,0,0,0,0,2,27,0,3,0,0,0,0,0,0,0,0,0,0,,,,,
Kylen Granson,TE,IND,18,HOU,0,0,0,0,0,0,0,0,1,23,0,1,0,0,0,0,0,0,0,0,0,0,,,,,
Kyler Murray,QB,ARI,18,SEA,262,1,30,22,0,33,0,5,0,0,0,0,0,0,0,0,0,0,0,0,0,0,,,,,
LA,DEF,LA,18,SF,,,,,,,,,,,,,,,,,,,,,,,0,0,0,0,20.0
LAC,DEF,LAC,18,KC,,,,,,,,,,,,,,,,,,,,,,,0,0,0,0,13.0
LV,DEF,LV,18,DEN,,,,,,,,,,,,,,,,,,,,,,,0,0,0,0,14.0
La'Mical Perine,RB,KC,18,LAC,0,0,0,0,0,76,0,21,3,33,0,4,0,0,0,0,0,0,0,0,0,0,,,,,
Laquon Treadwell,WR,BAL,18,PIT,0,0,0,0,0,0,0,0,1,16,0,3,0,0,0,0,0,0,0,0,0,0,,,,,
Leonard Fournette,RB,BUF,18,MIA,0,0,0,0,0,20,0,7,0,0,0,0,0,0,0,0,0,0,0,0,0,0,,,,,
Lil'Jordan Humphrey,WR,DEN,18,LV,0,0,0,0,0,0,0,0,0,0,0,1,0,0,0,0,0,0,0,0,0,0,,,,,
Logan Thomas,TE,WAS,18,DAL,0,0,0,0,0,0,0,0,1,9,0,2,0,0,0,0,0,0,0,0,0,0,,,,,
Logan Woodside,QB,ATL,18,NO,27,0,4,3,1,6,0,1,0,0,0,0,0,0,0,0,0,0,0,0,0,0,,,,,
Lucas Krull,TE,DEN,18,LV,0,0,0,0,0,0,0,0,0,0,0,1,0,0,0,0,0,0,0,0,0,0,,,,,
Luke Musgrave,TE,GB,18,CHI,0,0,0,0,0,0,0,0,1,11,0,1,0,0,0,0,0,0,0,0,0,0,,,,,
Lynn Bowden,WR,NO,18,ATL,0,0,0,0,0,-2,0,1,1,5,0,1,0,0,0,0,0,0,0,0,0,0,,,,,
MIA,DEF,MIA,18,BUF,,,,,,,,,,,,,,,,,,,,,,,0,0,0,0,21.0
MIN,DEF,MIN,18,DET,,,,,,,,,,,,,,,,,,,,,,,0,0,0,0,30.0
Mack Hollins,WR,ATL,18,NO,0,0,0,0,0,0,0,0,0,0,0,0,0,0,0,0,0,0,0,0,0,0,,,,,
Malik Heath,WR,GB,18,CHI,0,0,0,0,0,0,0,0,3,9,0,4,0,0,0,0,0,0,0,0,0,0,,,,,
Marcus Mariota,QB,PHI,18,NYG,148,1,20,13,1,46,0,6,0,0,0,0,0,0,0,0,0,0,0,0,0,0,,,,,
Marvin Mims Jr.,WR,DEN,18,LV,0,0,0,0,0,1,0,1,1,16,0,1,0,0,0,0,0,0,0,0,0,0,,,,,
Mason Crosby,K,NYG,18,PHI,0,0,0,0,0,0,0,0,0,0,0,0,0,0,0,0,2,0,0,0,0,3,,,,,
Mason Kinsey,WR,TEN,18,JAX,0,0,0,0,0,0,0,0,0,0,0,0,0,0,0,0,0,0,0,0,0,0,,,,,
Mason Rudolph,QB,PIT,18,BAL,152,1,20,18,0,-1,0,2,0,0,0,0,0,0,0,0,0,0,0,0,0,0,,,,,
Matt Gay,K,IND,18,HOU,0,0,0,0,0,0,0,0,0,0,0,0,0,0,0,0,0,2,0,1,0,0,,,,,
Matt Prater,K,ARI,18,SEA,0,0,0,0,0,0,0,0,0,0,0,0,0,0,0,0,1,1,0,0,0,2,,,,,
Matthew Slater,WR,NE,18,NYJ,0,0,0,0,0,0,0,0,0,0,0,0,0,0,0,0,0,0,0,0,0,0,,,,,
Matthew Wright,K,CAR,18,TB,0,0,0,0,0,0,0,0,0,0,0,0,0,0,0,0,0,0,0,0,0,0,,,,,
Mecole Hardman,WR,KC,18,LAC,0,0,0,0,0,0,0,0,6,77,0,11,0,0,0,0,0,0,0,0,0,0,,,,,
Melvin Gordon,RB,BAL,18,PIT,0,0,0,0,0,18,0,7,0,0,0,0,0,0,0,0,0,0,0,0,0,0,,,,,
Michael Carter,RB,ARI,18,SEA,0,0,0,0,0,17,0,4,1,2,0,2,0,0,0,0,0,0,0,0,0,0,,,,,
Michael Gallup,WR,DAL,18,WAS,0,0,0,0,0,0,0,0,0,0,0,2,0,0,0,0,0,0,0,0,0,0,,,,,
Michael Pittman,WR,IND,18,HOU,0,0,0,0,0,0,0,0,5,44,0,6,0,0,0,0,0,0,0,0,0,0,,,,,
Michael Wilson,WR,ARI,18,SEA,0,0,0,0,0,0,0,0,6,95,0,6,0,0,0,0,0,0,0,0,0,0,,,,,
Mike Badgley,K,DET,18,MIN,0,0,0,0,0,0,0,0,0,0,0,0,0,0,0,0,0,1,0,0,0,3,,,,,
Mike Evans,WR,TB,18,CAR,0,0,0,0,0,0,0,0,3,22,0,8,0,0,0,0,0,0,0,0,0,0,,,,,
Mike Gesicki,TE,NE,18,NYJ,0,0,0,0,0,0,0,0,1,5,0,3,0,0,0,0,0,0,0,0,0,0,,,,,
Miles Sanders,RB,CAR,18,TB,0,0,0,0,0,18,0,3,0,0,0,0,0,0,0,0,0,0,0,0,0,0,,,,,
Mitchell Wilcox,TE,CIN,18,CLE,0,0,0,0,0,0,0,0,0,0,0,0,0,0,0,0,0,0,0,0,0,0,,,,,
Mo Alie-Cox,TE,IND,18,HOU,0,0,0,0,0,0,0,0,2,18,0,4,0,0,1,0,0,0,0,0,0,0,,,,,
MyCole Pruitt,TE,ATL,18,NO,0,0,0,0,0,0,0,0,1,17,0,1,0,0,0,0,0,0,0,0,0,0,,,,,
NE,DEF,NE,18,NYJ,,,,,,,,,,,,,,,,,,,,,,,0,0,0,0,17.0
NO,DEF,NO,18,ATL,,,,,,,,,,,,,,,,,,,,,,,0,0,0,0,17.0
NYG,DEF,NYG,18,PHI,,,,,,,,,,,,,,,,,,,,,,,0,0,0,0,10.0
NYJ,DEF,NYJ,18,NE,,,,,,,,,,,,,,,,,,,,,,,0,0,0,0,3.0
Najee Harris,RB,PIT,18,BAL,0,0,0,0,0,112,1,26,5,21,0,5,0,0,0,0,0,0,0,0,0,0,,,,,
Nelson Agholor,WR,BAL,18,PIT,0,0,0,0,0,0,0,0,5,39,0,5,0,0,0,0,0,0,0,0,0,0,,,,,
Nick Folk,K,TEN,18,JAX,0,0,0,0,0,0,0,0,0,0,0,0,0,0,0,0,0,0,0,0,0,4,,,,,
Nick Mullens,QB,MIN,18,DET,396,2,44,30,2,8,0,2,0,0,0,0,0,0,0,0,0,0,0,0,0,0,,,,,
Nick Muse,TE,MIN,18,DET,0,0,0,0,0,0,0,0,1,22,0,1,0,0,0,0,0,0,0,0,0,0,,,,,
Nick Vannett,TE,LAC,18,KC,0,0,0,0,0,0,0,0,1,3,0,1,0,0,0,0,0,0,0,0,0,0,,,,,
Nico Collins,WR,HOU,18,IND,0,0,0,0,0,0,0,0,9,195,1,9,0,0,0,0,0,0,0,0,0,0,,,,,
Noah Gray,TE,KC,18,LAC,0,0,0,0,0,0,0,0,0,0,0,3,0,0,0,0,0,0,0,0,0,0,,,,,
Olamide Zaccheaus,WR,PHI,18,NYG,0,0,0,0,0,0,0,0,2,20,0,4,0,0,0,0,0,0,0,0,0,0,,,,,
PHI,DEF,PHI,18,NYG,,,,,,,,,,,,,,,,,,,,,,,0,0,0,0,27.0
PIT,DEF,PIT,18,BAL,,,,,,,,,,,,,,,,,,,,,,,0,0,0,0,10.0
Parker Washington,WR,JAX,18,TEN,0,0,0,0,0,0,0,0,1,11,0,1,0,0,0,0,0,0,0,0,0,0,,,,,
Pat Freiermuth,TE,PIT,18,BAL,0,0,0,0,0,0,0,0,2,21,0,2,0,0,0,0,0,0,0,0,0,0,,,,,
Patrick Taylor,RB,GB,18,CHI,0,0,0,0,0,0,0,0,0,0,0,0,0,0,0,0,0,0,0,0,0,0,,,,,
Peyton Hendershot,TE,DAL,18,WAS,0,0,0,0,0,0,0,0,1,24,0,1,0,0,0,0,0,0,0,0,0,0,,,,,
Pharaoh Brown,TE,NE,18,NYJ,0,0,0,0,0,0,0,0,1,0,0,3,0,0,0,0,0,0,0,0,0,0,,,,,
Pierre Strong,RB,CLE,18,CIN,0,0,0,0,0,65,0,14,0,0,0,1,0,0,0,0,0,0,0,0,0,0,,,,,
Puka Nacua,WR,LA,18,SF,0,0,0,0,0,0,0,0,4,41,1,6,0,0,0,0,0,0,0,0,0,0,,,,,
Quentin Johnston,WR,LAC,18,KC,0,0,0,0,0,6,0,1,2,17,0,5,0,0,0,0,0,0,0,0,0,0,,,,,
Quez Watkins,WR,PHI,18,NYG,0,0,0,0,0,0,0,0,8,93,1,11,0,0,0,0,0,0,0,0,0,0,,,,,
Rachaad White,RB,TB,18,CAR,0,0,0,0,0,75,0,19,4,18,0,4,0,0,0,0,0,0,0,0,0,0,,,,,
Raheem Blackshear,RB,CAR,18,TB,0,0,0,0,0,6,0,1,0,0,0,0,0,0,0,0,0,0,0,0,0,0,,,,,
Randall Cobb,WR,NYJ,18,NE,0,0,0,0,0,0,0,0,1,4,0,1,0,0,0,0,0,0,0,0,0,0,,,,,
Rashaad Penny,RB,PHI,18,NYG,0,0,0,0,0,16,0,6,0,0,0,0,0,0,0,0,0,0,0,0,0,0,,,,,
Rashid Shaheed,WR,NO,18,ATL,0,0,0,0,0,0,0,0,3,65,1,4,0,0,0,0,0,0,0,0,0,0,,,,,
Ray-Ray McCloud,WR,SF,18,LA,0,0,0,0,0,7,0,1,3,22,0,4,0,0,0,0,0,0,0,0,0,0,,,,,
Richie James,WR,KC,18,LAC,0,0,0,0,0,0,0,0,2,15,0,2,0,0,0,0,0,0,0,0,0,0,,,,,
Rico Dowdle,RB,DAL,18,WAS,0,0,0,0,0,46,0,9,3,54,0,4,0,0,0,0,0,0,0,0,0,0,,,,,
Riley Patterson,K,CLE,18,CIN,0,0,0,0,0,0,0,0,0,0,0,0,0,0,0,0,0,0,0,0,0,2,,,,,
River Cracraft,WR,MIA,18,BUF,0,0,0,0,0,0,0,0,1,18,0,1,0,0,0,0,0,0,0,0,0,0,,,,,
Robert Tonyan,TE,CHI,18,GB,0,0,0,0,0,0,0,0,0,0,0,1,0,0,0,0,0,0,0,0,0,0,,,,,
Romeo Doubs,WR,GB,18,CHI,0,0,0,0,0,0,0,0,0,0,0,1,0,0,0,0,0,0,0,0,0,0,,,,,
Rondale Moore,WR,ARI,18,SEA,0,0,0,0,0,5,0,1,4,31,0,5,0,0,0,0,0,0,0,0,0,0,,,,,
Ronnie Bell,WR,SF,18,LA,0,0,0,0,0,0,0,0,1,5,1,5,0,0,0,0,0,0,0,0,0,0,,,,,
Ronnie Rivers,RB,LA,18,SF,0,0,0,0,0,52,0,13,0,0,0,0,0,0,0,0,0,0,0,0,0,0,,,,,
Roschon Johnson,RB,CHI,18,GB,0,0,0,0,0,20,0,5,0,0,0,0,0,0,0,0,0,0,0,0,0,0,,,,,
Royce Freeman,RB,LA,18,SF,0,0,0,0,0,2,0,4,1,13,0,1,0,0,0,0,0,0,0,0,0,0,,,,,
Ryan Tannehill,QB,TEN,18,JAX,168,2,26,17,1,-3,0,3,0,0,0,1,0,0,0,0,0,0,0,0,0,0,,,,,
SEA,DEF,SEA,18,ARI,,,,,,,,,,,,,,,,,,,,,,,0,0,0,0,20.0
SF,DEF,SF,18,LA,,,,,,,,,,,,,,,,,,,,,,,0,0,0,0,21.0
Sam Darnold,QB,SF,18,LA,189,1,26,16,0,19,1,7,0,0,0,0,0,0,0,0,0,0,0,0,0,0,,,,,
Sam Howell,QB,WAS,18,DAL,153,1,27,19,2,-1,0,4,1,4,0,1,0,0,0,0,0,0,0,0,0,0,,,,,
Sam LaPorta,TE,DET,18,MIN,0,0,0,0,0,0,0,0,5,29,1,7,0,0,0,0,0,0,0,0,0,0,,,,,
Samaje Perine,RB,DEN,18,LV,0,0,0,0,0,7,0,3,3,23,0,4,0,0,0,0,0,0,0,0,0,0,,,,,
Saquon Barkley,RB,NYG,18,PHI,0,0,0,0,0,46,2,18,2,51,0,2,0,0,0,0,0,0,0,0,0,0,,,,,
Scott Miller,WR,ATL,18,NO,0,0,0,0,0,0,0,0,2,66,0,2,0,0,0,0,0,0,0,0,0,0,,,,,
Stefon Diggs,WR,BUF,18,MIA,0,0,0,0,0,0,0,0,7,87,0,8,0,0,0,0,0,0,0,0,0,0,,,,,
Stephen Sullivan,TE,CAR,18,TB,0,0,0,0,0,0,0,0,0,0,0,2,0,0,0,0,0,0,0,0,0,0,,,,,
Sterling Shepard,WR,NYG,18,PHI,0,0,0,0,0,6,0,1,3,18,0,5,0,0,0,0,0,0,0,0,0,0,,,,,
Stone Smartt,TE,LAC,18,KC,0,0,0,0,0,0,0,0,2,14,0,3,0,0,0,0,0,0,0,0,0,0,,,,,
TB,DEF,TB,18,CAR,,,,,,,,,,,,,,,,,,,,,,,0,0,0,0,0.0
TEN,DEF,TEN,18,JAX,,,,,,,,,,,,,,,,,,,,,,,0,0,0,0,20.0
Tank Bigsby,RB,JAX,18,TEN,0,0,0,0,0,16,0,3,0,0,0,0,0,0,0,0,0,0,0,0,0,0,,,,,
Tanner Hudson,TE,CIN,18,CLE,0,0,0,0,0,0,0,0,2,11,0,2,0,0,0,0,0,0,0,0,0,0,,,,,
Taysom Hill,TE,NO,18,ATL,0,0,0,0,0,51,0,6,4,28,0,4,0,0,0,0,0,0,0,0,0,0,,,,,
Terrace Marshall Jr.,WR,CAR,18,TB,0,0,0,0,0,0,0,0,1,5,0,1,0,0,0,0,0,0,0,0,0,0,,,,,
Terry McLaurin,WR,WAS,18,DAL,0,0,0,0,0,0,0,0,6,56,0,8,0,0,0,0,0,0,0,0,0,0,,,,,
Tim Jones,WR,JAX,18,TEN,0,0,0,0,0,0,0,0,1,7,0,2,0,0,0,0,0,0,0,0,0,0,,,,,
Tommy DeVito,QB,NYG,18,PHI,14,0,2,2,0,0,0,0,0,0,0,0,0,0,0,0,0,0,0,0,0,0,,,,,
Tommy Tremble,TE,CAR,18,TB,0,0,0,0,0,0,0,0,2,11,0,2,0,0,0,0,0,0,0,0,0,0,,,,,
Tony Pollard,RB,DAL,18,WAS,0,0,0,0,0,70,1,17,2,16,0,2,0,0,0,0,0,0,0,0,0,0,,,,,
Travis Etienne,RB,JAX,18,TEN,0,0,0,0,0,57,0,16,5,30,0,6,0,0,0,0,0,0,0,0,0,0,,,,,
Travis Homer,RB,CHI,18,GB,0,0,0,0,0,0,0,0,0,0,0,0,0,0,0,0,0,0,0,0,0,0,,,,,
Trayveon Williams,RB,CIN,18,CLE,0,0,0,0,0,-2,0,1,0,0,0,0,0,0,0,0,0,0,0,0,0,0,,,,,
Tre Tucker,WR,LV,18,DEN,0,0,0,0,0,11,0,1,5,79,0,5,0,0,0,0,0,0,0,0,0,0,,,,,
Trent Sherfield,WR,BUF,18,MIA,0,0,0,0,0,0,0,0,3,24,1,4,0,0,0,0,0,0,0,0,0,0,,,,,
Trenton Irwin,WR,CIN,18,CLE,0,0,0,0,0,0,0,0,2,34,0,2,0,0,0,0,0,0,0,0,0,0,,,,,
Trevor Lawrence,QB,JAX,18,TEN,280,2,43,29,2,10,0,3,0,0,0,0,0,0,0,0,0,0,0,0,0,0,,,,,
Trevor Siemian,QB,NYJ,18,NE,70,0,20,8,0,1,0,2,0,0,0,0,0,0,0,0,0,0,0,0,0,0,,,,,
Trey McBride,TE,ARI,18,SEA,0,0,0,0,0,0,0,0,3,34,1,6,0,0,0,0,0,0,0,0,0,0,,,,,
Trey Palmer,WR,TB,18,CAR,0,0,0,0,0,0,0,0,2,10,0,6,0,0,0,0,0,0,0,0,0,0,,,,,
Tua Tagovailoa,QB,MIA,18,BUF,173,1,27,17,2,7,0,1,0,0,0,0,0,0,0,0,0,0,0,0,0,0,,,,,
Tucker Kraft,TE,GB,18,CHI,0,0,0,0,0,0,0,0,3,31,0,3,0,0,0,0,0,0,0,0,0,0,,,,,
Tutu Atwell,WR,LA,18,SF,0,0,0,0,0,-4,0,1,2,7,0,4,0,0,1,0,0,0,0,0,0,0,,,,,
Ty Chandler,RB,MIN,18,DET,0,0,0,0,0,69,0,12,2,20,0,3,0,0,0,0,0,0,0,0,0,0,,,,,
Ty Johnson,RB,BUF,18,MIA,0,0,0,0,0,5,0,1,1,9,0,1,0,0,0,0,0,0,0,0,0,0,,,,,
Tyjae Spears,RB,TEN,18,JAX,0,0,0,0,0,25,1,3,3,41,1,3,0,0,0,0,0,0,0,0,0,0,,,,,
Tylan Wallace,WR,BAL,18,PIT,0,0,0,0,0,0,0,0,1,11,0,2,0,0,0,0,0,0,0,0,0,0,,,,,
Tyler Allgeier,RB,ATL,18,NO,0,0,0,0,0,24,0,6,3,10,0,3,0,0,0,0,0,0,0,0,0,0,,,,,
Tyler Bass,K,BUF,18,MIA,0,0,0,0,0,0,0,0,0,0,0,0,0,0,0,0,0,0,0,0,0,3,,,,,
Tyler Boyd,WR,CIN,18,CLE,0,0,0,0,0,0,0,0,1,4,0,2,0,0,0,0,0,0,0,0,0,0,,,,,
Tyler Conklin,TE,NYJ,18,NE,0,0,0,0,0,0,0,0,2,16,0,3,0,0,0,0,0,0,0,0,0,0,,,,,
Tyler Goodson,RB,IND,18,HOU,0,0,0,0,0,0,0,0,0,0,0,2,0,0,0,0,0,0,0,0,0,0,,,,,
Tyler Huntley,QB,BAL,18,PIT,146,1,28,15,0,40,0,8,0,0,0,0,0,0,0,0,0,0,0,0,0,0,,,,,
Tyler Johnson,WR,LA,18,SF,0,0,0,0,0,0,0,0,2,8,1,3,0,0,0,0,0,0,0,0,0,0,,,,,
Tyler Lockett,WR,SEA,18,ARI,0,0,0,0,0,0,0,0,2,71,1,4,0,0,1,0,0,0,0,0,0,0,,,,,
Tyler Scott,WR,CHI,18,GB,0,0,0,0,0,0,0,0,1,12,0,2,0,0,0,0,0,0,0,0,0,0,,,,,
Tyreek Hill,WR,MIA,18,BUF,0,0,0,0,0,0,0,0,7,82,1,13,0,0,0,0,0,0,0,0,0,0,,,,,
Tyrod Taylor,QB,NYG,18,PHI,297,1,32,23,1,38,0,8,0,0,0,0,0,0,0,0,0,0,0,0,0,0,,,,,
Van Jefferson,WR,ATL,18,NO,0,0,0,0,0,0,0,0,2,13,0,3,0,0,0,0,0,0,0,0,0,0,,,,,
Velus Jones Jr.,WR,CHI,18,GB,0,0,0,0,0,0,0,0,0,0,0,0,0,0,0,0,0,0,0,0,0,0,,,,,
WAS,DEF,WAS,18,DAL,,,,,,,,,,,,,,,,,,,,,,,0,0,0,0,38.0
Wan'Dale Robinson,WR,NYG,18,PHI,0,0,0,0,0,0,0,0,5,85,0,6,0,0,0,0,0,0,0,0,0,0,,,,,
Wil Lutz,K,DEN,18,LV,0,0,0,0,0,0,0,0,0,0,0,0,0,0,0,0,0,0,0,0,0,2,,,,,
Will Dissly,TE,SEA,18,ARI,0,0,0,0,0,0,0,0,3,46,1,3,0,0,0,0,0,0,0,0,0,0,,,,,
Will Mallory,TE,IND,18,HOU,0,0,0,0,0,0,0,0,0,0,0,1,0,0,0,0,0,0,0,0,0,0,,,,,
Xavier Gipson,WR,NYJ,18,NE,0,0,0,0,0,0,0,0,1,4,0,5,0,0,0,0,0,0,0,0,0,0,,,,,
Xavier Hutchinson,WR,HOU,18,IND,0,0,0,0,0,0,0,0,1,6,0,4,0,0,0,0,0,0,0,0,0,0,,,,,
Younghoe Koo,K,ATL,18,NO,0,0,0,0,0,0,0,0,0,0,0,0,0,0,0,0,0,1,0,0,0,2,,,,,
Zach Charbonnet,RB,SEA,18,ARI,0,0,0,0,0,32,0,5,2,28,0,2,0,0,0,0,0,0,0,0,0,0,,,,,
Zach Evans,RB,LA,18,SF,0,0,0,0,0,3,0,1,0,0,0,0,0,0,0,0,0,0,0,0,0,0,,,,,
Zack Moss,RB,IND,18,HOU,0,0,0,0,0,30,0,6,0,0,0,0,0,0,0,0,0,0,0,0,0,0,,,,,
Zamir White,RB,LV,18,DEN,0,0,0,0,0,112,0,25,1,9,0,2,0,0,0,0,0,0,0,0,0,0,,,,,
Zay Jones,WR,JAX,18,TEN,0,0,0,0,0,0,0,0,6,47,0,9,0,0,0,0,0,0,0,0,0,0,,,,,
Aaron Jones,RB,GB,19,DAL,0,0,0,0,0,118,3,21,1,13,0,1,0,0,0,0,0,0,0,0,0,0,,,,,
Allen Robinson,WR,PIT,19,BUF,0,0,0,0,0,0,0,0,2,12,0,3,0,0,0,0,0,0,0,0,0,0,,,,,
Amari Cooper,WR,CLE,19,HOU,0,0,0,0,0,0,0,0,4,59,0,5,0,0,0,0,0,0,0,0,0,0,,,,,
Amon-Ra St. Brown,WR,DET,19,LA,0,0,0,0,0,0,0,0,7,110,0,9,0,0,0,0,0,0,0,0,0,0,,,,,
Anders Carlson,K,GB,19,DAL,0,0,0,0,0,0,0,0,0,0,0,0,0,0,0,0,0,0,0,0,0,6,,,,,
Andy Isabella,WR,BUF,19,PIT,0,0,0,0,0,0,0,0,0,0,0,1,0,0,0,0,0,0,0,0,0,0,,,,,
Austin Trammell,WR,LA,19,DET,0,0,0,0,0,0,0,0,0,0,0,0,0,0,0,0,0,0,0,0,0,0,,,,,
BUF,DEF,BUF,19,PIT,,,,,,,,,,,,,,,,,,,,,,,0,0,0,0,17.0
Baker Mayfield,QB,TB,19,PHI,337,3,36,22,0,16,0,2,0,0,0,0,0,0,0,0,0,0,0,0,0,0,,,,,
Ben Skowronek,WR,LA,19,DET,0,0,0,0,0,0,0,0,1,5,0,1,0,0,0,0,0,0,0,0,0,0,,,,,
Ben VanSumeren,RB,PHI,19,TB,0,0,0,0,0,0,0,0,0,0,0,0,0,0,0,0,0,0,0,0,0,0,,,,,
Boston Scott,RB,PHI,19,TB,0,0,0,0,0,0,0,0,0,0,0,0,0,0,0,0,0,0,0,0,0,0,,,,,
Brandin Cooks,WR,DAL,19,GB,0,0,0,0,0,6,0,1,6,47,0,8,0,0,0,0,0,0,0,0,0,0,,,,,
Brandon Aubrey,K,DAL,19,GB,0,0,0,0,0,0,0,0,0,0,0,0,0,0,0,0,0,1,0,0,0,1,,,,,
Braxton Berrios,WR,MIA,19,KC,0,0,0,0,0,0,0,0,0,0,0,1,0,0,0,0,0,0,0,0,0,0,,,,,
Brett Maher,K,LA,19,DET,0,0,0,0,0,0,0,0,0,0,0,0,0,0,0,0,3,0,0,0,0,2,,,,,
Brevin Jordan,TE,HOU,19,CLE,0,0,0,0,0,0,0,0,1,76,1,1,0,0,0,0,0,0,0,0,0,0,,,,,
Britain Covey,WR,PHI,19,TB,0,0,0,0,0,0,0,0,0,0,0,0,0,0,0,0,0,0,0,0,0,0,,,,,
Brock Wright,TE,DET,19,LA,0,0,0,0,0,0,0,0,0,0,0,0,0,0,0,0,0,0,0,0,0,0,,,,,
C.J. Stroud,QB,HOU,19,CLE,274,3,21,16,0,1,0,1,0,0,0,0,0,0,0,0,0,0,0,0,0,0,,,,,
CLE,DEF,CLE,19,HOU,,,,,,,,,,,,,,,,,,,,,,,0,0,0,0,45.0
Cade Otton,TE,TB,19,PHI,0,0,0,0,0,0,0,0,8,89,0,11,0,0,0,0,0,0,0,0,0,0,,,,,
Calvin Austin III,WR,PIT,19,BUF,0,0,0,0,0,0,0,0,1,7,1,2,0,0,0,0,0,0,0,0,0,0,,,,,
Cedrick Wilson Jr.,WR,MIA,19,KC,0,0,0,0,0,0,0,0,3,37,0,7,0,0,0,0,0,0,0,0,0,0,,,,,
CeeDee Lamb,WR,DAL,19,GB,0,0,0,0,0,5,0,1,9,110,0,17,0,0,0,0,0,0,0,0,0,0,,,,,
Chase Edmonds,RB,TB,19,PHI,0,0,0,0,0,12,0,7,1,8,0,2,0,0,0,0,0,0,0,0,0,0,,,,,
Chase McLaughlin,K,TB,19,PHI,0,0,0,0,0,0,0,0,0,0,0,0,0,0,0,0,1,0,1,1,0,3,,,,,
Chris Boswell,K,PIT,19,BUF,0,0,0,0,0,0,0,0,0,0,0,0,0,0,0,0,0,0,1,0,0,2,,,,,
Chris Brooks,RB,MIA,19,KC,0,0,0,0,0,0,0,0,0,0,0,0,0,0,0,0,0,0,0,0,0,0,,,,,
Chris Godwin Jr.,WR,TB,19,PHI,0,0,0,0,0,0,0,0,4,45,1,5,0,0,0,0,0,0,0,0,0,0,,,,,
Christian Watson,WR,GB,19,DAL,0,0,0,0,0,0,0,0,1,9,0,1,0,0,0,0,0,0,0,0,0,0,,,,,
Clyde Edwards-Helaire,RB,KC,19,MIA,0,0,0,0,0,21,0,7,1,5,0,1,0,0,0,0,0,0,0,0,0,0,,,,,
Cooper Kupp,WR,LA,19,DET,0,0,0,0,0,0,0,0,5,27,0,9,0,0,0,0,0,0,0,0,0,0,,,,,
D'Andre Swift,RB,PHI,19,TB,0,0,0,0,0,34,0,10,4,32,0,4,0,0,0,0,0,0,0,0,0,0,,,,,
DAL,DEF,DAL,19,GB,,,,,,,,,,,,,,,,,,,,,,,0,0,0,0,48.0
DET,DEF,DET,19,LA,,,,,,,,,,,,,,,,,,,,,,,0,0,0,0,23.0
Dak Prescott,QB,DAL,19,GB,403,3,60,41,2,45,0,6,0,0,0,0,0,0,1,0,0,0,0,0,0,0,,,,,
Dallas Goedert,TE,PHI,19,TB,0,0,0,0,0,0,0,0,4,21,1,6,0,0,0,0,0,0,0,0,0,0,,,,,
Dalton Kincaid,TE,BUF,19,PIT,0,0,0,0,0,0,0,0,3,59,1,6,0,0,0,0,0,0,0,0,0,0,,,,,
Dalton Schultz,TE,HOU,19,CLE,0,0,0,0,0,0,0,0,1,37,1,2,0,0,0,0,0,0,0,0,0,0,,,,,
Dameon Pierce,RB,HOU,19,CLE,0,0,0,0,0,0,0,3,0,0,0,0,0,0,0,0,0,0,0,0,0,0,,,,,
Dare Ogunbowale,RB,HOU,19,CLE,0,0,0,0,0,0,0,0,0,0,0,0,0,0,0,0,0,0,0,0,0,0,,,,,
Darnell Washington,TE,PIT,19,BUF,0,0,0,0,0,0,0,0,0,0,0,1,0,0,0,0,0,0,0,0,0,0,,,,,
David Bell,WR,CLE,19,HOU,0,0,0,0,0,0,0,0,8,54,0,8,0,0,0,0,0,0,0,0,0,0,,,,,
David Montgomery,RB,DET,19,LA,0,0,0,0,0,57,1,14,1,11,0,1,0,0,0,0,0,0,0,0,0,0,,,,,
David Moore,WR,TB,19,PHI,0,0,0,0,0,0,0,0,2,66,1,3,0,0,0,0,0,0,0,0,0,0,,,,,
David Njoku,TE,CLE,19,HOU,0,0,0,0,0,0,0,0,7,93,0,11,0,0,0,0,0,0,0,0,0,0,,,,,
Davis Allen,TE,LA,19,DET,0,0,0,0,0,0,0,0,2,28,0,2,0,0,0,0,0,0,0,0,0,0,,,,,
Davis Mills,QB,HOU,19,CLE,6,0,1,1,0,-4,0,3,0,0,0,0,0,0,0,0,0,0,0,0,0,0,,,,,
Dawson Knox,TE,BUF,19,PIT,0,0,0,0,0,0,0,0,1,9,1,2,0,0,0,0,0,0,0,0,0,0,,,,,
De'Von Achane,RB,MIA,19,KC,0,0,0,0,0,9,0,6,3,21,0,6,0,0,0,0,0,0,0,0,0,0,,,,,
DeVonta Smith,WR,PHI,19,TB,0,0,0,0,0,0,0,0,8,148,0,12,0,0,0,0,0,0,0,0,0,0,,,,,
Demarcus Robinson,WR,LA,19,DET,0,0,0,0,0,0,0,0,3,44,0,6,0,0,0,0,0,0,0,0,0,0,,,,,
Deonte Harty,WR,BUF,19,PIT,0,0,0,0,0,0,0,0,1,34,0,1,0,0,0,0,0,0,0,0,0,0,,,,,
Deven Thompkins,WR,TB,19,PHI,0,0,0,0,0,10,0,1,1,4,0,1,0,0,0,0,0,0,0,0,0,0,,,,,
Devin Singletary,RB,HOU,19,CLE,0,0,0,0,0,66,1,13,3,4,0,3,0,0,0,0,0,0,0,0,0,0,,,,,
Diontae Johnson,WR,PIT,19,BUF,0,0,0,0,0,0,0,0,4,48,1,7,0,0,0,0,0,0,0,0,0,0,,,,,
Donovan Peoples-Jones,WR,DET,19,LA,0,0,0,0,0,0,0,0,0,0,0,0,0,0,0,0,0,0,0,0,0,0,,,,,
Dontayvion Wicks,WR,GB,19,DAL,0,0,0,0,0,0,0,0,2,25,1,2,0,0,0,0,0,0,0,0,0,0,,,,,
Durham Smythe,TE,MIA,19,KC,0,0,0,0,0,0,0,0,3,12,0,4,0,0,0,0,0,0,0,0,0,0,,,,,
Elijah Moore,WR,CLE,19,HOU,0,0,0,0,0,0,0,0,2,12,0,2,0,0,0,0,0,0,0,0,0,0,,,,,
Emanuel Wilson,RB,GB,19,DAL,0,0,0,0,0,20,0,8,0,0,0,0,0,0,0,0,0,0,0,0,0,0,,,,,
GB,DEF,GB,19,DAL,,,,,,,,,,,,,,,,,,,,,,,1,0,0,0,32.0
George Pickens,WR,PIT,19,BUF,0,0,0,0,0,15,0,1,5,50,0,11,0,0,0,0,0,0,0,0,0,0,,,,,
HOU,DEF,HOU,19,CLE,,,,,,,,,,,,,,,,,,,,,,,2,0,0,0,14.0
Harrison Bryant,TE,CLE,19,HOU,0,0,0,0,0,0,0,0,4,65,0,6,0,0,0,0,0,0,0,0,0,0,,,,,
Harrison Butker,K,KC,19,MIA,0,0,0,0,0,0,0,0,0,0,0,0,0,0,0,0,3,1,0,0,0,2,,,,,
Isiah Pacheco,RB,KC,19,MIA,0,0,0,0,0,89,1,24,1,-1,0,1,0,0,0,0,0,0,0,0,0,0,,,,,
Jahmyr Gibbs,RB,DET,19,LA,0,0,0,0,0,25,1,8,4,43,0,4,0,0,0,0,0,0,0,0,0,0,,,,,
Jake Elliott,K,PHI,19,TB,0,0,0,0,0,0,0,0,0,0,0,0,0,0,0,0,0,0,1,0,0,0,,,,,
Jake Ferguson,TE,DAL,19,GB,0,0,0,0,0,0,0,0,10,93,3,12,0,0,0,0,0,0,0,0,0,0,,,,,
Jalen Hurts,QB,PHI,19,TB,250,1,35,25,0,5,0,1,0,0,0,0,0,0,0,0,0,0,0,0,0,0,,,,,
Jalen Tolbert,WR,DAL,19,GB,0,0,0,0,0,0,0,0,0,0,0,2,0,0,0,0,0,0,0,0,0,0,,,,,
James Cook,RB,BUF,19,PIT,0,0,0,0,0,79,0,18,4,5,0,4,0,0,0,0,0,0,0,0,0,0,,,,,
James Proche,WR,CLE,19,HOU,0,0,0,0,0,0,0,0,0,0,0,0,0,0,0,0,0,0,0,0,0,0,,,,,
Jameson Williams,WR,DET,19,LA,0,0,0,0,0,0,0,0,2,19,0,2,0,0,0,0,0,0,0,0,0,0,,,,,
Jared Goff,QB,DET,19,LA,277,1,27,22,0,-3,0,3,0,0,0,0,0,0,0,0,0,0,0,0,0,0,,,,,
Jason Sanders,K,MIA,19,KC,0,0,0,0,0,0,0,0,0,0,0,0,0,0,0,0,0,0,0,0,0,1,,,,,
Jayden Reed,WR,GB,19,DAL,0,0,0,0,0,0,0,0,0,0,0,3,0,0,0,0,0,0,0,0,0,0,,,,,
Jaylen Waddle,WR,MIA,19,KC,0,0,0,0,0,9,0,1,2,31,0,5,0,0,0,0,0,0,0,0,0,0,,,,,
Jaylen Warren,RB,PIT,19,BUF,0,0,0,0,0,38,0,8,2,16,0,2,0,0,0,0,0,0,0,0,0,0,,,,,
Jeff Wilson,RB,MIA,19,KC,0,0,0,0,0,0,0,0,1,6,0,2,0,0,0,0,0,0,0,0,0,0,,,,,
Jerome Ford,RB,CLE,19,HOU,0,0,0,0,0,17,0,9,4,15,0,4,0,0,0,0,0,0,0,0,0,0,,,,,
Joe Flacco,QB,CLE,19,HOU,307,1,46,34,2,13,0,3,0,0,0,0,0,0,0,0,0,0,0,0,0,0,,,,,
John Metchie III,WR,HOU,19,CLE,0,0,0,0,0,9,0,1,3,44,0,3,0,0,0,0,0,0,0,0,0,0,,,,,
Jordan Love,QB,GB,19,DAL,272,3,21,16,0,-1,0,1,0,0,0,0,0,0,0,0,0,0,0,0,0,0,,,,,
Josh Allen,QB,BUF,19,PIT,203,3,30,21,0,74,1,8,0,0,0,0,0,0,0,0,0,0,0,0,0,0,,,,,
Josh Reynolds,WR,DET,19,LA,0,0,0,0,0,0,0,0,5,80,0,7,0,0,0,0,0,0,0,0,0,0,,,,,
Julio Jones,WR,PHI,19,TB,0,0,0,0,0,0,0,0,3,22,0,3,0,0,0,0,0,0,0,0,0,0,,,,,
Justin Watson,WR,KC,19,MIA,0,0,0,0,0,0,0,0,2,20,0,2,0,0,0,0,0,0,0,0,0,0,,,,,
KC,DEF,KC,19,MIA,,,,,,,,,,,,,,,,,,,,,,,0,0,0,0,7.0
Ka'imi Fairbairn,K,HOU,19,CLE,0,0,0,0,0,0,0,0,0,0,0,0,0,0,0,0,1,0,0,0,0,6,,,,,
KaVontae Turpin,WR,DAL,19,GB,0,0,0,0,0,0,0,0,0,0,0,0,0,0,0,0,0,0,0,0,0,0,,,,,
Kareem Hunt,RB,CLE,19,HOU,0,0,0,0,0,26,1,8,5,9,1,6,0,0,0,0,0,0,0,0,0,0,,,,,
Kenny Gainwell,RB,PHI,19,TB,0,0,0,0,0,3,0,4,2,10,0,2,0,0,0,0,0,0,0,0,0,0,,,,,
Khalil Shakir,WR,BUF,19,PIT,0,0,0,0,0,0,0,0,3,31,1,3,0,0,0,0,0,0,0,0,0,0,,,,,
Ko Kieft,TE,TB,19,PHI,0,0,0,0,0,0,0,0,0,0,0,0,0,0,0,0,0,0,0,0,0,0,,,,,
Kyren Williams,RB,LA,19,DET,0,0,0,0,0,61,0,13,1,9,0,1,0,0,0,0,0,0,0,0,0,0,,,,,
LA,DEF,LA,19,DET,,,,,,,,,,,,,,,,,,,,,,,0,0,0,0,24.0
Latavius Murray,RB,BUF,19,PIT,0,0,0,0,0,0,0,0,2,13,0,2,0,0,0,0,0,0,0,0,0,0,,,,,
Luke Musgrave,TE,GB,19,DAL,0,0,0,0,0,0,0,0,3,52,1,3,0,0,0,0,0,0,0,0,0,0,,,,,
Luke Schoonmaker,TE,DAL,19,GB,0,0,0,0,0,0,0,0,1,7,0,1,0,0,0,0,0,0,0,0,0,0,,,,,
MIA,DEF,MIA,19,KC,,,,,,,,,,,,,,,,,,,,,,,0,0,0,0,26.0
Marquez Valdes-Scantling,WR,KC,19,MIA,0,0,0,0,0,0,0,0,1,8,0,2,0,0,0,0,0,0,0,0,0,0,,,,,
Marquise Goodwin,WR,CLE,19,HOU,0,0,0,0,0,0,0,0,0,0,0,1,0,0,0,0,0,0,0,0,0,0,,,,,
Mason Rudolph,QB,PIT,19,BUF,229,2,39,22,1,16,0,2,0,0,0,0,0,0,0,0,0,0,0,0,0,0,,,,,
Matthew Stafford,QB,LA,19,DET,367,2,36,25,0,0,0,0,0,0,0,0,0,0,0,0,0,0,0,0,0,0,,,,,
Mecole Hardman,WR,KC,19,MIA,0,0,0,0,0,-4,0,1,1,3,0,3,0,0,0,0,0,0,0,0,0,0,,,,,
Michael Gallup,WR,DAL,19,GB,0,0,0,0,0,0,0,0,6,103,0,6,0,0,0,0,0,0,0,0,0,0,,,,,
Mike Badgley,K,DET,19,LA,0,0,0,0,0,0,0,0,0,0,0,0,0,0,0,0,0,0,0,1,0,3,,,,,
Mike Evans,WR,TB,19,PHI,0,0,0,0,0,0,0,0,3,48,0,7,0,0,0,0,0,0,0,0,0,0,,,,,
Najee Harris,RB,PIT,19,BUF,0,0,0,0,0,37,0,12,2,15,0,3,0,0,0,0,0,0,0,0,0,0,,,,,
Nico Collins,WR,HOU,19,CLE,0,0,0,0,0,4,0,1,6,96,1,7,0,0,0,0,0,0,0,0,0,0,,,,,
Noah Brown,WR,HOU,19,CLE,0,0,0,0,0,0,0,0,0,0,0,1,0,0,0,0,0,0,0,0,0,0,,,,,
Noah Gray,TE,KC,19,MIA,0,0,0,0,0,0,0,0,1,20,0,1,0,0,0,0,0,0,0,0,0,0,,,,,
Olamide Zaccheaus,WR,PHI,19,TB,0,0,0,0,0,0,0,0,1,5,0,1,0,0,0,0,0,0,0,0,0,0,,,,,
PHI,DEF,PHI,19,TB,,,,,,,,,,,,,,,,,,,,,,,0,0,0,0,32.0
PIT,DEF,PIT,19,BUF,,,,,,,,,,,,,,,,,,,,,,,0,0,0,0,31.0
Pat Freiermuth,TE,PIT,19,BUF,0,0,0,0,0,0,0,0,5,76,0,8,0,0,0,0,0,0,0,0,0,0,,,,,
Patrick Mahomes,QB,KC,19,MIA,262,1,41,23,0,41,0,2,0,0,0,0,0,0,0,0,0,0,0,0,0,0,,,,,
Patrick Taylor,RB,GB,19,DAL,0,0,0,0,0,6,0,3,0,0,0,0,0,0,0,0,0,0,0,0,0,0,,,,,
Payne Durham,TE,TB,19,PHI,0,0,0,0,0,0,0,0,1,18,0,1,0,0,0,0,0,0,0,0,0,0,,,,,
Puka Nacua,WR,LA,19,DET,0,0,0,0,0,-2,0,1,9,181,1,10,0,0,0,0,0,0,0,0,0,0,,,,,
Quez Watkins,WR,PHI,19,TB,0,0,0,0,0,0,0,0,3,12,0,4,0,0,0,0,0,0,0,0,0,0,,,,,
Quintin Morris,TE,BUF,19,PIT,0,0,0,0,0,0,0,0,0,0,0,0,0,0,0,0,0,0,0,0,0,0,,,,,
Rachaad White,RB,TB,19,PHI,0,0,0,0,0,72,0,18,1,3,0,3,0,0,0,0,0,0,0,0,0,0,,,,,
Raheem Mostert,RB,MIA,19,KC,0,0,0,0,0,33,0,8,1,-3,0,2,0,0,0,0,0,0,0,0,0,0,,,,,
Rashee Rice,WR,KC,19,MIA,0,0,0,0,0,0,0,0,8,130,1,12,0,0,0,0,0,0,0,0,0,0,,,,,
Richie James,WR,KC,19,MIA,0,0,0,0,0,0,0,0,1,6,0,2,0,0,0,0,0,0,0,0,0,0,,,,,
Rico Dowdle,RB,DAL,19,GB,0,0,0,0,0,11,0,2,2,14,0,3,0,0,1,0,0,0,0,0,0,0,,,,,
Riley Patterson,K,CLE,19,HOU,0,0,0,0,0,0,0,0,0,0,0,0,0,0,0,0,0,0,0,0,0,2,,,,,
River Cracraft,WR,MIA,19,KC,0,0,0,0,0,0,0,0,2,33,0,3,0,0,0,0,0,0,0,0,0,0,,,,,
Robert Woods,WR,HOU,19,CLE,0,0,0,0,0,0,0,0,1,11,0,2,0,0,0,0,0,0,0,0,0,0,,,,,
Romeo Doubs,WR,GB,19,DAL,0,0,0,0,0,0,0,0,6,151,1,6,0,0,0,0,0,0,0,0,0,0,,,,,
Ronnie Rivers,RB,LA,19,DET,0,0,0,0,0,9,0,3,3,35,0,3,0,0,0,0,0,0,0,0,0,0,,,,,
Sam LaPorta,TE,DET,19,LA,0,0,0,0,0,0,0,0,3,14,1,3,0,0,0,0,0,0,0,0,0,0,,,,,
Stefon Diggs,WR,BUF,19,PIT,0,0,0,0,0,0,0,0,7,52,0,9,0,0,0,0,0,0,0,0,0,0,,,,,
TB,DEF,TB,19,PHI,,,,,,,,,,,,,,,,,,,,,,,0,1,0,0,9.0
Tony Pollard,RB,DAL,19,GB,0,0,0,0,0,56,1,15,7,29,0,9,0,0,0,0,0,0,0,0,0,0,,,,,
Travis Kelce,TE,KC,19,MIA,0,0,0,0,0,0,0,0,7,71,0,10,0,0,0,0,0,0,0,0,0,0,,,,,
Trey Palmer,WR,TB,19,PHI,0,0,0,0,0,9,0,1,1,56,1,2,0,0,0,0,0,0,0,0,0,0,,,,,
Tua Tagovailoa,QB,MIA,19,KC,199,1,39,20,1,25,0,3,0,0,0,0,0,0,0,0,0,0,0,0,0,0,,,,,
Tucker Kraft,TE,GB,19,DAL,0,0,0,0,0,0,0,0,2,15,0,3,0,0,0,0,0,0,0,0,0,0,,,,,
Tutu Atwell,WR,LA,19,DET,0,0,0,0,0,0,0,0,1,38,1,1,0,0,0,0,0,0,0,0,0,0,,,,,
Ty Johnson,RB,BUF,19,PIT,0,0,0,0,0,26,0,8,0,0,0,2,0,0,0,0,0,0,0,0,0,0,,,,,
Tyler Bass,K,BUF,19,PIT,0,0,0,0,0,0,0,0,0,0,0,0,0,0,0,0,0,0,1,0,0,4,,,,,
Tyler Higbee,TE,LA,19,DET,0,0,0,0,0,0,0,0,0,0,0,1,0,0,0,0,0,0,0,0,0,0,,,,,
Tyreek Hill,WR,MIA,19,KC,0,0,0,0,0,0,0,0,5,62,1,8,0,0,0,0,0,0,0,0,0,0,,,,,
Xavier Hutchinson,WR,HOU,19,CLE,0,0,0,0,0,0,0,0,2,12,0,2,0,0,0,0,0,0,0,0,0,0,,,,,
Aaron Jones,RB,GB,20,SF,0,0,0,0,0,108,0,18,3,8,0,6,0,0,1,0,0,0,0,0,0,0,,,,,
Amon-Ra St. Brown,WR,DET,20,TB,0,0,0,0,0,0,0,0,8,77,1,14,0,0,0,0,0,0,0,0,0,0,,,,,
Anders Carlson,K,GB,20,SF,0,0,0,0,0,0,0,0,0,0,0,0,0,0,0,0,2,0,0,0,0,1,,,,,
BAL,DEF,BAL,20,HOU,,,,,,,,,,,,,,,,,,,,,,,0,0,0,0,10.0
BUF,DEF,BUF,20,KC,,,,,,,,,,,,,,,,,,,,,,,0,0,0,0,27.0
Baker Mayfield,QB,TB,20,DET,349,3,41,26,2,15,0,2,0,0,0,0,0,0,0,0,0,0,0,0,0,0,,,,,
Ben Sims,TE,GB,20,SF,0,0,0,0,0,0,0,0,1,4,0,1,0,0,0,0,0,0,0,0,0,0,,,,,
Brandon Aiyuk,WR,SF,20,GB,0,0,0,0,0,0,0,0,3,32,0,6,0,0,0,0,0,0,0,0,0,0,,,,,
Brevin Jordan,TE,HOU,20,BAL,0,0,0,0,0,0,0,0,0,0,0,1,0,0,0,0,0,0,0,0,0,0,,,,,
Brock Purdy,QB,SF,20,GB,252,1,39,23,0,14,0,6,0,0,0,0,0,0,0,0,0,0,0,0,0,0,,,,,
Brock Wright,TE,DET,20,TB,0,0,0,0,0,0,0,0,1,29,0,1,0,0,0,0,0,0,0,0,0,0,,,,,
C.J. Stroud,QB,HOU,20,BAL,175,0,33,19,0,9,0,3,0,0,0,0,0,0,0,0,0,0,0,0,0,0,,,,,
Cade Otton,TE,TB,20,DET,0,0,0,0,0,0,0,0,5,65,1,8,0,0,0,0,0,0,0,0,0,0,,,,,
Charlie Kolar,TE,BAL,20,HOU,0,0,0,0,0,0,0,0,1,4,0,1,0,0,0,0,0,0,0,0,0,0,,,,,
Chase Edmonds,RB,TB,20,DET,0,0,0,0,0,19,0,4,2,18,0,2,0,0,0,0,0,0,0,0,0,0,,,,,
Chase McLaughlin,K,TB,20,DET,0,0,0,0,0,0,0,0,0,0,0,0,0,0,0,0,0,0,1,0,0,2,,,,,
Chris Conley,WR,SF,20,GB,0,0,0,0,0,0,0,0,1,17,0,1,0,0,0,0,0,0,0,0,0,0,,,,,
Chris Godwin Jr.,WR,TB,20,DET,0,0,0,0,0,0,0,0,4,40,0,8,0,0,0,0,0,0,0,0,0,0,,,,,
Christian McCaffrey,RB,SF,20,GB,0,0,0,0,0,98,2,17,7,30,0,12,0,0,0,0,0,0,0,0,0,0,,,,,
Christian Watson,WR,GB,20,SF,0,0,0,0,0,0,0,0,1,11,0,2,0,0,0,0,0,0,0,0,0,0,,,,,
Clyde Edwards-Helaire,RB,KC,20,BUF,0,0,0,0,0,31,0,2,1,-1,0,1,0,0,0,0,0,0,0,0,0,0,,,,,
Craig Reynolds,RB,DET,20,TB,0,0,0,0,0,1,1,1,0,0,0,0,0,0,0,0,0,0,0,0,0,0,,,,,
DET,DEF,DET,20,TB,,,,,,,,,,,,,,,,,,,,,,,0,0,0,0,23.0
Dalton Kincaid,TE,BUF,20,KC,0,0,0,0,0,0,0,0,5,45,0,5,0,0,0,0,0,0,0,0,0,0,,,,,
Dalton Schultz,TE,HOU,20,BAL,0,0,0,0,0,0,0,0,5,43,0,7,0,0,0,0,0,0,0,0,0,0,,,,,
Dalvin Cook,RB,BAL,20,HOU,0,0,0,0,0,23,0,8,0,0,0,0,0,0,0,0,0,0,0,0,0,0,,,,,
Dameon Pierce,RB,HOU,20,BAL,0,0,0,0,0,0,0,0,0,0,0,0,0,0,0,0,0,0,0,0,0,0,,,,,
Dan Chisena,WR,BAL,20,HOU,0,0,0,0,0,0,0,0,0,0,0,0,0,0,0,0,0,0,0,0,0,0,,,,,
Dare Ogunbowale,RB,HOU,20,BAL,0,0,0,0,0,7,0,2,1,13,0,1,0,0,0,0,0,0,0,0,0,0,,,,,
David Montgomery,RB,DET,20,TB,0,0,0,0,0,33,0,10,3,14,0,4,0,0,0,0,0,0,0,0,0,0,,,,,
David Moore,WR,TB,20,DET,0,0,0,0,0,0,0,0,1,11,0,1,0,0,0,0,0,0,0,0,0,0,,,,,
Dawson Knox,TE,BUF,20,KC,0,0,0,0,0,0,0,0,1,4,0,1,0,0,0,0,0,0,0,0,0,0,,,,,
Deebo Samuel Sr.,WR,SF,20,GB,0,0,0,0,0,0,0,0,2,24,0,2,0,0,0,0,0,0,0,0,0,0,,,,,
Deonte Harty,WR,BUF,20,KC,0,0,0,0,0,0,0,0,1,3,0,1,0,0,0,0,0,0,0,0,0,0,,,,,
Deven Thompkins,WR,TB,20,DET,0,0,0,0,0,0,0,0,0,0,0,1,0,0,0,0,0,0,0,0,0,0,,,,,
Devin Duvernay,WR,BAL,20,HOU,0,0,0,0,0,0,0,0,0,0,0,0,0,0,0,0,0,0,0,0,0,0,,,,,
Devin Singletary,RB,HOU,20,BAL,0,0,0,0,0,22,0,9,5,48,0,6,0,0,0,0,0,0,0,0,0,0,,,,,
Donovan Peoples-Jones,WR,DET,20,TB,0,0,0,0,0,0,0,0,0,0,0,0,0,0,0,0,0,0,0,0,0,0,,,,,
Dontayvion Wicks,WR,GB,20,SF,0,0,0,0,0,0,0,0,0,0,0,2,0,0,0,0,0,0,0,0,0,0,,,,,
Emanuel Wilson,RB,GB,20,SF,0,0,0,0,0,16,0,4,1,11,0,1,0,0,0,0,0,0,0,0,0,0,,,,,
GB,DEF,GB,20,SF,,,,,,,,,,,,,,,,,,,,,,,0,0,0,0,24.0
George Kittle,TE,SF,20,GB,0,0,0,0,0,0,0,0,4,81,1,7,0,0,0,0,0,0,0,0,0,0,,,,,
Gus Edwards,RB,BAL,20,HOU,0,0,0,0,0,40,0,10,1,-1,0,2,0,0,0,0,0,0,0,0,0,0,,,,,
HOU,DEF,HOU,20,BAL,,,,,,,,,,,,,,,,,,,,,,,0,0,0,0,34.0
Harrison Butker,K,KC,20,BUF,0,0,0,0,0,0,0,0,0,0,0,0,0,0,0,0,1,0,1,0,0,3,,,,,
Isaiah Likely,TE,BAL,20,HOU,0,0,0,0,0,0,0,0,2,34,1,3,0,0,0,0,0,0,0,0,0,0,,,,,
Isiah Pacheco,RB,KC,20,BUF,0,0,0,0,0,97,1,15,1,14,0,1,0,0,0,0,0,0,0,0,0,0,,,,,
Jahmyr Gibbs,RB,DET,20,TB,0,0,0,0,0,74,1,9,4,40,0,4,0,0,0,0,0,0,0,0,0,0,,,,,
Jake Moody,K,SF,20,GB,0,0,0,0,0,0,0,0,0,0,0,0,0,0,0,0,0,0,0,1,0,3,,,,,
James Cook,RB,BUF,20,KC,0,0,0,0,0,61,0,18,4,21,0,5,0,0,0,0,0,0,0,0,0,0,,,,,
Jameson Williams,WR,DET,20,TB,0,0,0,0,0,0,0,0,2,35,0,4,0,0,0,0,0,0,0,0,0,0,,,,,
Jared Goff,QB,DET,20,TB,287,2,43,30,0,6,0,6,0,0,0,0,0,0,0,0,0,0,0,0,0,0,,,,,
Jauan Jennings,WR,SF,20,GB,0,0,0,0,0,-1,0,1,5,61,0,6,0,0,0,0,0,0,0,0,0,0,,,,,
Jayden Reed,WR,GB,20,SF,0,0,0,0,0,9,0,1,4,35,0,4,0,0,0,0,0,0,0,0,0,0,,,,,
Jordan Love,QB,GB,20,SF,194,2,34,21,2,3,0,5,0,0,0,0,0,0,1,0,0,0,0,0,0,0,,,,,
Josh Allen,QB,BUF,20,KC,186,1,39,26,0,72,2,12,0,0,0,0,0,0,0,0,0,0,0,0,0,0,,,,,
Josh Reynolds,WR,DET,20,TB,0,0,0,0,0,0,0,0,2,27,1,3,0,0,0,0,0,0,0,0,0,0,,,,,
Josiah Deguara,TE,GB,20,SF,0,0,0,0,0,0,0,0,0,0,0,0,0,0,0,0,0,0,0,0,0,0,,,,,
Justice Hill,RB,BAL,20,HOU,0,0,0,0,0,66,0,13,2,11,0,2,0,0,0,0,0,0,0,0,0,0,,,,,
Justin Tucker,K,BAL,20,HOU,0,0,0,0,0,0,0,0,0,0,0,0,0,0,0,0,0,0,1,1,0,4,,,,,
Justin Watson,WR,KC,20,BUF,0,0,0,0,0,0,0,0,0,0,0,1,0,0,0,0,0,0,0,0,0,0,,,,,
KC,DEF,KC,20,BUF,,,,,,,,,,,,,,,,,,,,,,,0,0,0,0,24.0
Ka'imi Fairbairn,K,HOU,20,BAL,0,0,0,0,0,0,0,0,0,0,0,0,0,0,0,0,0,0,0,1,0,1,,,,,
Khalil Shakir,WR,BUF,20,KC,0,0,0,0,0,0,0,0,7,44,1,9,0,0,0,0,0,0,0,0,0,0,,,,,
Lamar Jackson,QB,BAL,20,HOU,152,2,22,16,0,100,2,11,0,0,0,0,0,0,0,0,0,0,0,0,0,0,,,,,
Latavius Murray,RB,BUF,20,KC,0,0,0,0,0,0,0,0,3,27,0,4,0,0,0,0,0,0,0,0,0,0,,,,,
Luke Musgrave,TE,GB,20,SF,0,0,0,0,0,0,0,0,3,14,0,4,0,0,0,0,0,0,0,0,0,0,,,,,
Marquez Valdes-Scantling,WR,KC,20,BUF,0,0,0,0,0,0,0,0,2,62,0,4,0,0,0,0,0,0,0,0,0,0,,,,,
Mecole Hardman,WR,KC,20,BUF,0,0,0,0,0,-1,0,1,1,2,0,1,0,0,0,0,0,0,0,0,0,0,,,,,
Mike Badgley,K,DET,20,TB,0,0,0,0,0,0,0,0,0,0,0,0,0,0,0,0,1,0,0,0,0,4,,,,,
Mike Evans,WR,TB,20,DET,0,0,0,0,0,0,0,0,8,147,1,12,0,0,0,0,0,0,0,0,0,0,,,,,
Nelson Agholor,WR,BAL,20,HOU,0,0,0,0,0,0,0,0,2,12,1,4,0,0,0,0,0,0,0,0,0,0,,,,,
Nico Collins,WR,HOU,20,BAL,0,0,0,0,0,0,0,0,5,68,0,10,0,0,0,0,0,0,0,0,0,0,,,,,
Noah Gray,TE,KC,20,BUF,0,0,0,0,0,0,0,0,3,16,0,3,0,0,0,0,0,0,0,0,0,0,,,,,
Odell Beckham Jr.,WR,BAL,20,HOU,0,0,0,0,0,0,0,0,1,12,0,1,0,0,0,0,0,0,0,0,0,0,,,,,
Patrick Mahomes,QB,KC,20,BUF,215,2,23,17,0,19,0,6,0,0,0,0,0,0,0,0,0,0,0,0,0,0,,,,,
Patrick Taylor,RB,GB,20,SF,0,0,0,0,0,0,0,0,0,0,0,0,0,0,0,0,0,0,0,0,0,0,,,,,
Payne Durham,TE,TB,20,DET,0,0,0,0,0,0,0,0,0,0,0,0,0,0,0,0,0,0,0,0,0,0,,,,,
Rachaad White,RB,TB,20,DET,0,0,0,0,0,55,0,9,4,36,1,5,0,0,0,0,0,0,0,0,0,0,,,,,
Rashee Rice,WR,KC,20,BUF,0,0,0,0,0,0,0,0,4,47,0,4,0,0,0,0,0,0,0,0,0,0,,,,,
Rashod Bateman,WR,BAL,20,HOU,0,0,0,0,0,0,0,0,3,39,0,3,0,0,0,0,0,0,0,0,0,0,,,,,
Ray-Ray McCloud,WR,SF,20,GB,0,0,0,0,0,0,0,0,1,7,0,2,0,0,0,0,0,0,0,0,0,0,,,,,
Richie James,WR,KC,20,BUF,0,0,0,0,0,0,0,0,0,0,0,0,0,0,0,0,0,0,0,0,0,0,,,,,
Robert Woods,WR,HOU,20,BAL,0,0,0,0,0,0,0,0,1,6,0,4,0,0,0,0,0,0,0,0,0,0,,,,,
Romeo Doubs,WR,GB,20,SF,0,0,0,0,0,0,0,0,4,83,0,6,0,0,0,0,0,0,0,0,0,0,,,,,
SF,DEF,SF,20,GB,,,,,,,,,,,,,,,,,,,,,,,0,0,0,0,21.0
Sam LaPorta,TE,DET,20,TB,0,0,0,0,0,0,0,0,9,65,0,11,0,0,0,0,0,0,0,0,0,0,,,,,
Stefon Diggs,WR,BUF,20,KC,0,0,0,0,0,7,0,1,3,21,0,8,0,0,0,0,0,0,0,0,0,0,,,,,
Steven Sims,WR,HOU,20,BAL,0,0,0,0,0,0,0,0,0,0,0,0,1,0,0,0,0,0,0,0,0,0,,,,,
TB,DEF,TB,20,DET,,,,,,,,,,,,,,,,,,,,,,,0,0,0,0,31.0
Travis Kelce,TE,KC,20,BUF,0,0,0,0,0,0,0,0,5,75,2,6,0,0,0,0,0,0,0,0,0,0,,,,,
Trent Sherfield,WR,BUF,20,KC,0,0,0,0,0,0,0,0,1,7,0,3,0,0,0,0,0,0,0,0,0,0,,,,,
Trey Palmer,WR,TB,20,DET,0,0,0,0,0,0,0,0,2,32,0,2,0,0,0,0,0,0,0,0,0,0,,,,,
Tucker Kraft,TE,GB,20,SF,0,0,0,0,0,0,0,0,3,9,1,6,0,0,0,0,0,0,0,0,0,0,,,,,
Ty Johnson,RB,BUF,20,KC,0,0,0,0,0,40,0,7,1,14,0,1,0,0,0,0,0,0,0,0,0,0,,,,,
Tyler Bass,K,BUF,20,KC,0,0,0,0,0,0,0,0,0,0,0,0,0,0,0,0,1,0,0,0,0,3,,,,,
Xavier Hutchinson,WR,HOU,20,BAL,0,0,0,0,0,0,0,0,2,-3,0,2,0,0,0,0,0,0,0,0,0,0,,,,,
Zay Flowers,WR,BAL,20,HOU,0,0,0,0,0,0,0,0,4,41,0,5,0,0,0,0,0,0,0,0,0,0,,,,,
Amon-Ra St. Brown,WR,DET,21,SF,0,0,0,0,0,2,0,1,7,87,0,11,0,0,0,0,0,0,0,0,0,0,,,,,
Anthony Firkser,TE,DET,21,SF,0,0,0,0,0,0,0,0,1,8,0,1,0,0,0,0,0,0,0,0,0,0,,,,,
BAL,DEF,BAL,21,KC,,,,,,,,,,,,,,,,,,,,,,,0,0,0,0,17.0
Brandon Aiyuk,WR,SF,21,DET,0,0,0,0,0,0,0,0,3,68,1,8,0,0,0,0,0,0,0,0,0,0,,,,,
Brock Purdy,QB,SF,21,DET,267,1,31,20,1,48,0,5,0,0,0,0,0,0,0,0,0,0,0,0,0,0,,,,,
Charlie Woerner,TE,SF,21,DET,0,0,0,0,0,0,0,0,0,0,0,0,0,0,0,0,0,0,0,0,0,0,,,,,
Christian McCaffrey,RB,SF,21,DET,0,0,0,0,0,90,2,20,4,42,0,5,0,0,0,0,0,0,0,0,0,0,,,,,
Clyde Edwards-Helaire,RB,KC,21,BAL,0,0,0,0,0,1,0,1,2,3,0,2,0,0,0,0,0,0,0,0,0,0,,,,,
Craig Reynolds,RB,DET,21,SF,0,0,0,0,0,0,0,0,0,0,0,0,0,0,0,0,0,0,0,0,0,0,,,,,
DET,DEF,DET,21,SF,,,,,,,,,,,,,,,,,,,,,,,0,0,0,0,34.0
Dan Chisena,WR,BAL,21,KC,0,0,0,0,0,0,0,0,0,0,0,0,0,0,0,0,0,0,0,0,0,0,,,,,
David Montgomery,RB,DET,21,SF,0,0,0,0,0,93,1,15,2,20,0,2,0,0,0,0,0,0,0,0,0,0,,,,,
Deebo Samuel Sr.,WR,SF,21,DET,0,0,0,0,0,7,0,3,8,89,0,9,0,0,0,0,0,0,0,0,0,0,,,,,
Devin Duvernay,WR,BAL,21,KC,0,0,0,0,0,0,0,0,0,0,0,0,0,0,0,0,0,0,0,0,0,0,,,,,
Donovan Peoples-Jones,WR,DET,21,SF,0,0,0,0,0,0,0,0,0,0,0,0,0,0,0,0,0,0,0,0,0,0,,,,,
Elijah Mitchell,RB,SF,21,DET,0,0,0,0,0,7,1,4,0,0,0,0,0,0,0,0,0,0,0,0,0,0,,,,,
George Kittle,TE,SF,21,DET,0,0,0,0,0,0,0,0,2,27,0,3,0,0,0,0,0,0,0,0,0,0,,,,,
Gus Edwards,RB,BAL,21,KC,0,0,0,0,0,20,0,3,1,16,0,1,0,0,0,0,0,0,0,0,0,0,,,,,
Harrison Butker,K,KC,21,BAL,0,0,0,0,0,0,0,0,0,0,0,0,0,0,0,0,0,0,0,1,0,2,,,,,
Isaiah Likely,TE,BAL,21,KC,0,0,0,0,0,0,0,0,2,16,0,3,0,0,0,0,0,0,0,0,0,0,,,,,
Isiah Pacheco,RB,KC,21,BAL,0,0,0,0,0,68,1,24,4,14,0,4,0,0,0,0,0,0,0,0,0,0,,,,,
Jahmyr Gibbs,RB,DET,21,SF,0,0,0,0,0,45,1,12,3,11,0,6,0,0,0,0,0,0,0,0,0,0,,,,,
Jake Moody,K,SF,21,DET,0,0,0,0,0,0,0,0,0,0,0,0,0,0,0,0,0,1,1,0,0,4,,,,,
Jameson Williams,WR,DET,21,SF,0,0,0,0,0,42,1,1,2,25,1,3,0,0,0,0,0,0,0,0,0,0,,,,,
Jared Goff,QB,DET,21,SF,273,1,41,25,0,0,0,0,0,0,0,0,0,0,0,0,0,0,0,0,0,0,,,,,
Jauan Jennings,WR,SF,21,DET,0,0,0,0,0,0,0,0,1,8,0,2,0,0,0,0,0,0,0,0,0,0,,,,,
Josh Reynolds,WR,DET,21,SF,0,0,0,0,0,0,0,0,1,25,0,4,0,0,0,0,0,0,0,0,0,0,,,,,
Justice Hill,RB,BAL,21,KC,0,0,0,0,0,3,0,3,4,34,0,7,0,0,0,0,0,0,0,0,0,0,,,,,
Justin Tucker,K,BAL,21,KC,0,0,0,0,0,0,0,0,0,0,0,0,0,0,0,0,0,0,1,0,0,1,,,,,
Justin Watson,WR,KC,21,BAL,0,0,0,0,0,0,0,0,1,16,0,2,0,0,0,0,0,0,0,0,0,0,,,,,
KC,DEF,KC,21,BAL,,,,,,,,,,,,,,,,,,,,,,,0,0,0,0,10.0
Kyle Juszczyk,RB,SF,21,DET,0,0,0,0,0,3,0,1,2,33,0,3,0,0,0,0,0,0,0,0,0,0,,,,,
Lamar Jackson,QB,BAL,21,KC,272,1,37,20,1,54,0,8,1,13,0,1,0,0,0,0,0,0,0,0,0,0,,,,,
Mark Andrews,TE,BAL,21,KC,0,0,0,0,0,0,0,0,2,15,0,2,0,0,0,0,0,0,0,0,0,0,,,,,
Marquez Valdes-Scantling,WR,KC,21,BAL,0,0,0,0,0,0,0,0,2,38,0,2,0,0,0,0,0,0,0,0,0,0,,,,,
Mike Badgley,K,DET,21,SF,0,0,0,0,0,0,0,0,0,0,0,0,0,0,0,0,1,0,0,0,0,4,,,,,
Nelson Agholor,WR,BAL,21,KC,0,0,0,0,0,0,0,0,1,39,0,3,0,0,0,0,0,0,0,0,0,0,,,,,
Noah Gray,TE,KC,21,BAL,0,0,0,0,0,0,0,0,2,8,0,5,0,0,0,0,0,0,0,0,0,0,,,,,
Odell Beckham Jr.,WR,BAL,21,KC,0,0,0,0,0,0,0,0,3,22,0,6,0,0,0,0,0,0,0,0,0,0,,,,,
Patrick Mahomes,QB,KC,21,BAL,241,1,39,30,0,15,0,6,0,0,0,0,0,0,0,0,0,0,0,0,0,0,,,,,
Rashee Rice,WR,KC,21,BAL,0,0,0,0,0,0,0,0,8,46,0,9,0,0,0,0,0,0,0,0,0,0,,,,,
Rashod Bateman,WR,BAL,21,KC,0,0,0,0,0,0,0,0,1,2,0,3,0,0,0,0,0,0,0,0,0,0,,,,,
Ray-Ray McCloud,WR,SF,21,DET,0,0,0,0,0,0,0,0,0,0,0,0,0,0,0,0,0,0,0,0,0,0,,,,,
Richie James,WR,KC,21,BAL,0,0,0,0,0,0,0,0,0,0,0,1,0,0,0,0,0,0,0,0,0,0,,,,,
SF,DEF,SF,21,DET,,,,,,,,,,,,,,,,,,,,,,,0,0,0,0,31.0
Sam LaPorta,TE,DET,21,SF,0,0,0,0,0,0,0,0,9,97,0,13,0,0,0,0,0,0,0,0,0,0,,,,,
Travis Kelce,TE,KC,21,BAL,0,0,0,0,0,5,0,1,11,116,1,11,0,0,0,0,0,0,0,0,0,0,,,,,
Zay Flowers,WR,BAL,21,KC,0,0,0,0,0,4,0,2,5,115,1,8,0,0,0,0,0,0,0,0,0,0,,,,,
Brandon Aiyuk,WR,SF,22,KC,0,0,0,0,0,0,0,0,3,49,0,6,0,0,0,0,0,0,0,0,0,0,,,,,
Brayden Willis,TE,SF,22,KC,0,0,0,0,0,0,0,0,0,0,0,0,0,0,0,0,0,0,0,0,0,0,,,,,
Brock Purdy,QB,SF,22,KC,255,1,38,23,0,12,0,3,0,0,0,0,0,0,0,0,0,0,0,0,0,0,,,,,
Charlie Woerner,TE,SF,22,KC,0,0,0,0,0,0,0,0,0,0,0,0,0,0,0,0,0,0,0,0,0,0,,,,,
Chris Conley,WR,SF,22,KC,0,0,0,0,0,0,0,0,1,18,0,1,0,0,0,0,0,0,0,0,0,0,,,,,
Christian McCaffrey,RB,SF,22,KC,0,0,0,0,0,80,0,22,8,80,1,8,0,0,0,0,0,0,0,0,0,0,,,,,
Clyde Edwards-Helaire,RB,KC,22,SF,0,0,0,0,0,0,0,1,0,0,0,0,0,0,0,0,0,0,0,0,0,0,,,,,
Deebo Samuel Sr.,WR,SF,22,KC,0,0,0,0,0,8,0,3,3,33,0,11,0,0,0,0,0,0,0,0,0,0,,,,,
Elijah Mitchell,RB,SF,22,KC,0,0,0,0,0,8,0,2,0,0,0,0,0,0,0,0,0,0,0,0,0,0,,,,,
George Kittle,TE,SF,22,KC,0,0,0,0,0,0,0,0,2,4,0,3,0,0,0,0,0,0,0,0,0,0,,,,,
Harrison Butker,K,KC,22,SF,0,0,0,0,0,0,0,0,0,0,0,0,0,0,0,0,3,0,0,1,0,1,,,,,
Isiah Pacheco,RB,KC,22,SF,0,0,0,0,0,59,0,18,6,33,0,6,0,0,0,0,0,0,0,0,0,0,,,,,
Jake Moody,K,SF,22,KC,0,0,0,0,0,0,0,0,0,0,0,0,0,0,0,0,1,0,0,2,0,1,,,,,
Jauan Jennings,WR,SF,22,KC,21,1,1,1,0,0,0,0,4,42,1,5,0,0,0,0,0,0,0,0,0,0,,,,,
Jerick McKinnon,RB,KC,22,SF,0,0,0,0,0,0,0,0,2,15,0,2,0,0,0,0,0,0,0,0,0,0,,,,,
Justin Watson,WR,KC,22,SF,0,0,0,0,0,0,0,0,3,54,0,5,0,0,0,0,0,0,0,0,0,0,,,,,
KC,DEF,KC,22,SF,,,,,,,,,,,,,,,,,,,,,,,0,0,0,0,22.0
Kyle Juszczyk,RB,SF,22,KC,0,0,0,0,0,2,0,1,2,31,0,2,0,0,0,0,0,0,0,0,0,0,,,,,
Marquez Valdes-Scantling,WR,KC,22,SF,0,0,0,0,0,0,0,0,3,20,1,5,0,0,0,0,0,0,0,0,0,0,,,,,
Mecole Hardman,WR,KC,22,SF,0,0,0,0,0,0,0,0,3,57,1,3,0,0,0,0,0,0,0,0,0,0,,,,,
Noah Gray,TE,KC,22,SF,0,0,0,0,0,0,0,0,2,22,0,2,0,0,0,0,0,0,0,0,0,0,,,,,
Patrick Mahomes,QB,KC,22,SF,333,2,46,34,1,66,0,9,0,0,0,0,0,0,0,0,0,0,0,0,0,0,,,,,
Rashee Rice,WR,KC,22,SF,0,0,0,0,0,5,0,2,6,39,0,8,0,0,0,0,0,0,0,0,0,0,,,,,
Ray-Ray McCloud,WR,SF,22,KC,0,0,0,0,0,0,0,0,1,19,0,1,0,0,0,0,0,0,0,0,0,0,,,,,
Richie James,WR,KC,22,SF,0,0,0,0,0,0,0,0,0,0,0,1,0,0,0,0,0,0,0,0,0,0,,,,,
SF,DEF,SF,22,KC,,,,,,,,,,,,,,,,,,,,,,,0,0,0,0,25.0
Travis Kelce,TE,KC,22,SF,0,0,0,0,0,0,0,0,9,93,0,10,0,0,0,0,0,0,0,0,0,0,,,,,
